place_id,name,href,rating,review_count,price_symbol,primary_type,address_hint,status_hint,raw_card_text,first_seen_lat,first_seen_lng
0x31029612982e4147:0xed79e4ee7d7b35b4,Smile Dental Center สไมล์ เด็นทอล พัทยาใต้,https://www.google.com/maps/place/Smile+Dental+Center+%E0%B8%AA%E0%B9%84%E0%B8%A1%E0%B8%A5%E0%B9%8C+%E0%B9%80%E0%B8%94%E0%B9%87%E0%B8%99%E0%B8%97%E0%B8%AD%E0%B8%A5+%E0%B8%9E%E0%B8%B1%E0%B8%97%E0%B8%A2%E0%B8%B2%E0%B9%83%E0%B8%95%E0%B9%89/data=!4m7!3m6!1s0x31029612982e4147:0xed79e4ee7d7b35b4!8m2!3d12.9242323!4d100.8782935!16s%2Fg%2F11f40071nr!19sChIJR0EumBKWAjERtDV7fe7kee0?authuser=0&hl=en&rclk=1,4.9,0,,Dental clinic,111 76-77 S Pattaya Rd,Closed · Opens 10 am · +66 83 066 9486,"Smile Dental Center สไมล์ เด็นทอล พัทยาใต้
4.9
Dental clinic · 111 76-77 S Pattaya Rd
Closed · Opens 10 am · +66 83 066 9486

Website

Directions",12.927501015332362,100.88018921357568
0x310296129fd65393:0x848d1b22e9ec91a1,Doctor Smile Dental Clinic ทำฟัน จัดฟัน,https://www.google.com/maps/place/Doctor+Smile+Dental+Clinic+%E0%B8%97%E0%B8%B3%E0%B8%9F%E0%B8%B1%E0%B8%99+%E0%B8%88%E0%B8%B1%E0%B8%94%E0%B8%9F%E0%B8%B1%E0%B8%99/data=!4m7!3m6!1s0x310296129fd65393:0x848d1b22e9ec91a1!8m2!3d12.9242081!4d100.8784941!16s%2Fg%2F1tjf7qgm!19sChIJk1PWnxKWAjERoZHs6SIbjYQ?authuser=0&hl=en&rclk=1,4.9,0,,Dental clinic," · 111, 72 S Pattaya Rd",Closed · Opens 10 am · +66 86 326 9908,"Doctor Smile Dental Clinic ทำฟัน จัดฟัน
4.9
Dental clinic ·  · 111, 72 S Pattaya Rd
Closed · Opens 10 am · +66 86 326 9908

Website

Directions",12.927501015332362,100.88018921357568
0x3102973ca6d9ab17:0x13cdd8f0e1c6e148,Miradent Clinic Pattaya คลินิกทันตกรรมมิราเดนท์,https://www.google.com/maps/place/Miradent+Clinic+Pattaya+%E0%B8%84%E0%B8%A5%E0%B8%B4%E0%B8%99%E0%B8%B4%E0%B8%81%E0%B8%97%E0%B8%B1%E0%B8%99%E0%B8%95%E0%B8%81%E0%B8%A3%E0%B8%A3%E0%B8%A1%E0%B8%A1%E0%B8%B4%E0%B8%A3%E0%B8%B2%E0%B9%80%E0%B8%94%E0%B8%99%E0%B8%97%E0%B9%8C/data=!4m7!3m6!1s0x3102973ca6d9ab17:0x13cdd8f0e1c6e148!8m2!3d12.9225625!4d100.8844375!16s%2Fg%2F11ptyrm8kn!19sChIJF6vZpjyXAjERSOHG4fDYzRM?authuser=0&hl=en&rclk=1,4.9,0,,,,Closed · Opens 10 am · +66 63 987 4959,"Miradent Clinic Pattaya คลินิกทันตกรรมมิราเดนท์
4.9
Dental clinic
Closed · Opens 10 am · +66 63 987 4959

Website

Directions",12.927501015332362,100.88018921357568
0x3102959a3abf0f9f:0x16f7991d240ebd94,Pattaya Smile Dental Clinic - คลินิกทันตกรรมพัทยาสไมล์,https://www.google.com/maps/place/Pattaya+Smile+Dental+Clinic+-+%E0%B8%84%E0%B8%A5%E0%B8%B4%E0%B8%99%E0%B8%B4%E0%B8%81%E0%B8%97%E0%B8%B1%E0%B8%99%E0%B8%95%E0%B8%81%E0%B8%A3%E0%B8%A3%E0%B8%A1%E0%B8%9E%E0%B8%B1%E0%B8%97%E0%B8%A2%E0%B8%B2%E0%B8%AA%E0%B9%84%E0%B8%A1%E0%B8%A5%E0%B9%8C/data=!4m7!3m6!1s0x3102959a3abf0f9f:0x16f7991d240ebd94!8m2!3d12.9241482!4d100.8790634!16s%2Fg%2F11g6bggk0b!19sChIJnw-_OpqVAjERlL0OJB2Z9xY?authuser=0&hl=en&rclk=1,4.8,0,,Dental clinic,111/57-58,Closed · Opens 10:30 am · +66 86 334 2004,"Pattaya Smile Dental Clinic - คลินิกทันตกรรมพัทยาสไมล์
4.8
Dental clinic · 111/57-58
Closed · Opens 10:30 am · +66 86 334 2004

Website

Directions",12.927501015332362,100.88018921357568
0x3102959a3abf0f9f:0x3e1f619868a29fa8,Dentist Pattaya คลินิกทำฟันในพัทยา คลินิกจัดฟันทำฟัน 3 สาขาพัทยาใต้ พัทยากลาง จัดฟันพัทยา จัดฟันราคาถูก,https://www.google.com/maps/place/Dentist+Pattaya+%E0%B8%84%E0%B8%A5%E0%B8%B4%E0%B8%99%E0%B8%B4%E0%B8%81%E0%B8%97%E0%B8%B3%E0%B8%9F%E0%B8%B1%E0%B8%99%E0%B9%83%E0%B8%99%E0%B8%9E%E0%B8%B1%E0%B8%97%E0%B8%A2%E0%B8%B2+%E0%B8%84%E0%B8%A5%E0%B8%B4%E0%B8%99%E0%B8%B4%E0%B8%81%E0%B8%88%E0%B8%B1%E0%B8%94%E0%B8%9F%E0%B8%B1%E0%B8%99%E0%B8%97%E0%B8%B3%E0%B8%9F%E0%B8%B1%E0%B8%99+3+%E0%B8%AA%E0%B8%B2%E0%B8%82%E0%B8%B2%E0%B8%9E%E0%B8%B1%E0%B8%97%E0%B8%A2%E0%B8%B2%E0%B9%83%E0%B8%95%E0%B9%89+%E0%B8%9E%E0%B8%B1%E0%B8%97%E0%B8%A2%E0%B8%B2%E0%B8%81%E0%B8%A5%E0%B8%B2%E0%B8%87+%E0%B8%88%E0%B8%B1%E0%B8%94%E0%B8%9F%E0%B8%B1%E0%B8%99%E0%B8%9E%E0%B8%B1%E0%B8%97%E0%B8%A2%E0%B8%B2+%E0%B8%88%E0%B8%B1%E0%B8%94%E0%B8%9F%E0%B8%B1%E0%B8%99%E0%B8%A3%E0%B8%B2%E0%B8%84%E0%B8%B2%E0%B8%96%E0%B8%B9%E0%B8%81/data=!4m7!3m6!1s0x3102959a3abf0f9f:0x3e1f619868a29fa8!8m2!3d12.9236769!4d100.8787118!16s%2Fg%2F11g6bpbrth!19sChIJnw-_OpqVAjERqJ-iaJhhHz4?authuser=0&hl=en&rclk=1,4.8,0,,Dental clinic,"111, 69-70 Moo 10",Closed · Opens 10:30 am · +66 62 289 3256,"Dentist Pattaya คลินิกทำฟันในพัทยา คลินิกจัดฟันทำฟัน 3 สาขาพัทยาใต้ พัทยากลาง จัดฟันพัทยา จัดฟันราคาถูก
4.8
Dental clinic · 111, 69-70 Moo 10
Closed · Opens 10:30 am · +66 62 289 3256

Website

Directions",12.927501015332362,100.88018921357568
0x3102be55ed3ed2bb:0x641326246a1ecab6,Dental Smile Pattaya - 3rd road dentists จัดฟัน พัทยา,https://www.google.com/maps/place/Dental+Smile+Pattaya+-+3rd+road+dentists+%E0%B8%88%E0%B8%B1%E0%B8%94%E0%B8%9F%E0%B8%B1%E0%B8%99+%E0%B8%9E%E0%B8%B1%E0%B8%97%E0%B8%A2%E0%B8%B2/data=!4m7!3m6!1s0x3102be55ed3ed2bb:0x641326246a1ecab6!8m2!3d12.9220061!4d100.8819085!16s%2Fg%2F11gzphjwv!19sChIJu9I-7VW-AjERtsoeaiQmE2Q?authuser=0&hl=en&rclk=1,4.9,0,,Dental clinic," · 313, 5 Pattaya 3rd Rd",Closed · Opens 9:30 am · +66 86 338 8568,"Dental Smile Pattaya - 3rd road dentists จัดฟัน พัทยา
4.9
Dental clinic ·  · 313, 5 Pattaya 3rd Rd
Closed · Opens 9:30 am · +66 86 338 8568

Website

Directions",12.927501015332362,100.88018921357568
0x310296129571bd57:0xcbcf36ef132c8fb4,Pattaya Dentist Clinic,https://www.google.com/maps/place/Pattaya+Dentist+Clinic/data=!4m7!3m6!1s0x310296129571bd57:0xcbcf36ef132c8fb4!8m2!3d12.9241051!4d100.8777275!16s%2Fg%2F1hdznvg5p!19sChIJV71xlRKWAjERtI8sE-82z8s?authuser=0&hl=en&rclk=1,4.6,0,,Dental clinic," · 32, 14 S Pattaya Rd",Closed · Opens 9 am · +66 38 424 222,"Pattaya Dentist Clinic
4.6
Dental clinic ·  · 32, 14 S Pattaya Rd
Closed · Opens 9 am · +66 38 424 222

Directions",12.927501015332362,100.88018921357568
0x310297d58c04af23:0xbb8f82571fa4a50,Hollywood smile dental clinic - คลินิกทันตกรรมฮอลลีวูดสไมล์,https://www.google.com/maps/place/Hollywood+smile+dental+clinic+-+%E0%B8%84%E0%B8%A5%E0%B8%B4%E0%B8%99%E0%B8%B4%E0%B8%81%E0%B8%97%E0%B8%B1%E0%B8%99%E0%B8%95%E0%B8%81%E0%B8%A3%E0%B8%A3%E0%B8%A1%E0%B8%AE%E0%B8%AD%E0%B8%A5%E0%B8%A5%E0%B8%B5%E0%B8%A7%E0%B8%B9%E0%B8%94%E0%B8%AA%E0%B9%84%E0%B8%A1%E0%B8%A5%E0%B9%8C/data=!4m7!3m6!1s0x310297d58c04af23:0xbb8f82571fa4a50!8m2!3d12.9241434!4d100.8788935!16s%2Fg%2F11nxp96k5q!19sChIJI68EjNWXAjERUEr6cSX4uAs?authuser=0&hl=en&rclk=1,4.9,0,,Dental clinic,8 S Pattaya Rd,Closed · Opens 10:30 am · +66 86 324 8990,"Hollywood smile dental clinic - คลินิกทันตกรรมฮอลลีวูดสไมล์
4.9
Dental clinic · 8 S Pattaya Rd
Closed · Opens 10:30 am · +66 86 324 8990

Directions",12.927501015332362,100.88018921357568
0x3102960f14c30639:0xa82ca15c843ad95c,the Dental Design Center -Top Dentists Dental Implant Clinic in Pattaya,https://www.google.com/maps/place/the+Dental+Design+Center+-Top+Dentists+Dental+Implant+Clinic+in+Pattaya/data=!4m7!3m6!1s0x3102960f14c30639:0xa82ca15c843ad95c!8m2!3d12.9323295!4d100.882855!16s%2Fg%2F11j0brzdw_!19sChIJOQbDFA-WAjERXNk6hFyhLKg?authuser=0&hl=en&rclk=1,4.8,0,,Dental clinic, · 365/12-13 ถ พัทยา 2 ซอย 10 Makok-ban Chak Nok Rd,Closed · Opens 9 am · +66 38 111 844,"the Dental Design Center -Top Dentists Dental Implant Clinic in Pattaya
4.8
Dental clinic ·  · 365/12-13 ถ พัทยา 2 ซอย 10 Makok-ban Chak Nok Rd
Closed · Opens 9 am · +66 38 111 844

Website

Directions
 

Book online",12.927501015332362,100.88018921357568
0x310297ed4aa09fab:0x6f103c3ec5166c28,DCA Dental Clinic Pattaya,https://www.google.com/maps/place/DCA+Dental+Clinic+Pattaya/data=!4m7!3m6!1s0x310297ed4aa09fab:0x6f103c3ec5166c28!8m2!3d12.9294964!4d100.8777649!16s%2Fg%2F11v3s06h5n!19sChIJq5-gSu2XAjERKGwWxT48EG8?authuser=0&hl=en&rclk=1,4.9,0,,Dental clinic," · 1st floor, Royal garden plaza, 218 Beach Rd",Closed · Opens 11 am · +66 93 247 9150,"DCA Dental Clinic Pattaya
4.9
Dental clinic ·  · 1st floor, Royal garden plaza, 218 Beach Rd
Closed · Opens 11 am · +66 93 247 9150

Website

Directions",12.927501015332362,100.88018921357568
0x3102960d15485e7b:0x1fc2f03fa7727e44,VDentalClinic,https://www.google.com/maps/place/VDentalClinic/data=!4m7!3m6!1s0x3102960d15485e7b:0x1fc2f03fa7727e44!8m2!3d12.9239951!4d100.8806467!16s%2Fg%2F11c1rsvxz3!19sChIJe15IFQ2WAjERRH5ypz_wwh8?authuser=0&hl=en&rclk=1,4.3,0,,Dental clinic,S Pattaya Rd,Closed · Opens 10 am · +66 62 625 3936,"VDentalClinic
4.3
Dental clinic · S Pattaya Rd
Closed · Opens 10 am · +66 62 625 3936

Website

Directions",12.927501015332362,100.88018921357568
0x3102960b88a71a1f:0x58e069f6b8ed430f,Your Dentist Pattaya Dental clinic,https://www.google.com/maps/place/Your+Dentist+Pattaya+Dental+clinic/data=!4m7!3m6!1s0x3102960b88a71a1f:0x58e069f6b8ed430f!8m2!3d12.9259129!4d100.884917!16s%2Fg%2F11b5yxmqqd!19sChIJHxqniAuWAjERD0PtuPZp4Fg?authuser=0&hl=en&rclk=1,4.0,0,,Dental clinic, · 30 Pattaya 3rd Rd,Closed · Opens 9:30 am · +66 94 095 4290,"Your Dentist Pattaya Dental clinic
4.0
Dental clinic ·  · 30 Pattaya 3rd Rd
Closed · Opens 9:30 am · +66 94 095 4290

Website

Directions",12.927501015332362,100.88018921357568
0x310297bd0830053d:0x34e3a85802da92d3,Daily Smile Dental Clinic,https://www.google.com/maps/place/Daily+Smile+Dental+Clinic/data=!4m7!3m6!1s0x310297bd0830053d:0x34e3a85802da92d3!8m2!3d12.9239003!4d100.8794067!16s%2Fg%2F11mktnwjxn!19sChIJPQUwCL2XAjER05LaAlio4zQ?authuser=0&hl=en&rclk=1,4.7,0,,Dental clinic,456/4-5 S Pattaya Rd,Closed · Opens 10 am · +66 95 987 8247,"Daily Smile Dental Clinic
4.7
Dental clinic · 456/4-5 S Pattaya Rd
Closed · Opens 10 am · +66 95 987 8247

Directions",12.927501015332362,100.88018921357568
0x3102967c006afda3:0xd99b475a54a6d3af,PIDC : Pattaya International Dental Center,https://www.google.com/maps/place/PIDC+:+Pattaya+International+Dental+Center/data=!4m7!3m6!1s0x3102967c006afda3:0xd99b475a54a6d3af!8m2!3d12.9300811!4d100.8857017!16s%2Fg%2F11bxb9vks4!19sChIJo_1qAHyWAjERr9OmVFpHm9k?authuser=0&hl=en&rclk=1,4.5,0,,Dental clinic,210 26 Soi Buakhao,Closed · Opens 9 am · +66 38 412 090,"PIDC : Pattaya International Dental Center
4.5
Dental clinic · 210 26 Soi Buakhao
Closed · Opens 9 am · +66 38 412 090

Website

Directions",12.927501015332362,100.88018921357568
0x310296129f07b6a5:0xf9c0693ff11e517d,Smile Dental Group,https://www.google.com/maps/place/Smile+Dental+Group/data=!4m7!3m6!1s0x310296129f07b6a5:0xf9c0693ff11e517d!8m2!3d12.9241853!4d100.8788311!16s%2Fg%2F11str63djf!19sChIJpbYHnxKWAjERfVEe8T9pwPk?authuser=0&hl=en&rclk=1,5.0,0,,Dental clinic,111/61-62 S Pattaya Rd,,"Smile Dental Group
5.0
Dental clinic · 111/61-62 S Pattaya Rd
+66 38 416 299

Website

Directions",12.927501015332362,100.88018921357568
0x310297f9d75cbd31:0x51ab19da5d499620,คลินิกหมอน้ำ Dental Square,https://www.google.com/maps/place/%E0%B8%84%E0%B8%A5%E0%B8%B4%E0%B8%99%E0%B8%B4%E0%B8%81%E0%B8%AB%E0%B8%A1%E0%B8%AD%E0%B8%99%E0%B9%89%E0%B8%B3+Dental+Square/data=!4m7!3m6!1s0x310297f9d75cbd31:0x51ab19da5d499620!8m2!3d12.9250026!4d100.8832361!16s%2Fg%2F11fn624c6_!19sChIJMb1c1_mXAjERIJZJXdoZq1E?authuser=0&hl=en&rclk=1,4.9,0,,Dental clinic,313 109-110 Pattaya 3rd Rd,Closed · Opens 10 am · +66 38 425 424,"คลินิกหมอน้ำ Dental Square
4.9
Dental clinic · 313 109-110 Pattaya 3rd Rd
Closed · Opens 10 am · +66 38 425 424

Directions",12.927501015332362,100.88018921357568
0x31029612d91c7b21:0x899e32d2f5af3015,GOOD HEALTH DENTAL CLINIC,https://www.google.com/maps/place/GOOD+HEALTH+DENTAL+CLINIC/data=!4m7!3m6!1s0x31029612d91c7b21:0x899e32d2f5af3015!8m2!3d12.9236734!4d100.8763901!16s%2Fg%2F11c5s5gy1g!19sChIJIXsc2RKWAjERFTCv9dIynok?authuser=0&hl=en&rclk=1,4.4,0,,Dental clinic,WVFG+FH6,Closed · Opens 9 am,"GOOD HEALTH DENTAL CLINIC
4.4
Dental clinic · WVFG+FH6
Closed · Opens 9 am

Directions",12.927501015332362,100.88018921357568
0x31029605840bf62f:0x85d06ed1df654374,Dentist @ Beach - Pattaya Dental Clinic,https://www.google.com/maps/place/Dentist+@+Beach+-+Pattaya+Dental+Clinic/data=!4m7!3m6!1s0x31029605840bf62f:0x85d06ed1df654374!8m2!3d12.9346298!4d100.8835465!16s%2Fg%2F1vpppzyc!19sChIJL_YLhAWWAjERdENl39Fu0IU?authuser=0&hl=en&rclk=1,4.8,0,,Dental clinic, · 333 102,Closed · Opens 11 am · +66 38 043 331,"Dentist @ Beach - Pattaya Dental Clinic
4.8
Dental clinic ·  · 333 102
Closed · Opens 11 am · +66 38 043 331

Website

Directions",12.927501015332362,100.88018921357568
0x310297bca6e1c17b:0xe3e1b523876b9ff5,คลินิกทันตกรรมพัทยาใต้ South Pattaya DentalClinic,https://www.google.com/maps/place/%E0%B8%84%E0%B8%A5%E0%B8%B4%E0%B8%99%E0%B8%B4%E0%B8%81%E0%B8%97%E0%B8%B1%E0%B8%99%E0%B8%95%E0%B8%81%E0%B8%A3%E0%B8%A3%E0%B8%A1%E0%B8%9E%E0%B8%B1%E0%B8%97%E0%B8%A2%E0%B8%B2%E0%B9%83%E0%B8%95%E0%B9%89+South+Pattaya+DentalClinic/data=!4m7!3m6!1s0x310297bca6e1c17b:0xe3e1b523876b9ff5!8m2!3d12.9231045!4d100.8837612!16s%2Fg%2F11mz9sb706!19sChIJe8HhpryXAjER9Z9rhyO14eM?authuser=0&hl=en&rclk=1,5.0,0,,Dental clinic,124 52,,"คลินิกทันตกรรมพัทยาใต้ South Pattaya DentalClinic
5.0
Dental clinic · 124 52

Directions",12.927501015332362,100.88018921357568
0x31029608efe57cd3:0x5e989618731bfe12,Dental Art Clinic,https://www.google.com/maps/place/Dental+Art+Clinic/data=!4m7!3m6!1s0x31029608efe57cd3:0x5e989618731bfe12!8m2!3d12.9317331!4d100.8865282!16s%2Fg%2F11hbqrls25!19sChIJ03zl7wiWAjEREv4bcxiWmF4?authuser=0&hl=en&rclk=1,4.2,0,,Dental clinic,"502, 34 Soi Buakhao",Closed · Opens 10 am · +66 38 720 990,"Dental Art Clinic
4.2
Dental clinic · 502, 34 Soi Buakhao
Closed · Opens 10 am · +66 38 720 990

Directions",12.927501015332362,100.88018921357568
0x310297006b92ce95:0x5b375a3887df4d23,"Digital Dental Center Pattaya - Specialized Dental Implant and Cosmetic, the Invisalign Diamond Provider in Pattaya.","https://www.google.com/maps/place/Digital+Dental+Center+Pattaya+-+Specialized+Dental+Implant+and+Cosmetic,+the+Invisalign+Diamond+Provider+in+Pattaya./data=!4m7!3m6!1s0x310297006b92ce95:0x5b375a3887df4d23!8m2!3d12.943338!4d100.88824!16s%2Fg%2F11vmb5997f!19sChIJlc6SawCXAjERI03fhzhaN1s?authuser=0&hl=en&rclk=1",4.8,0,,Dental clinic,212/7-8 ซอย พัทยา 2,Closed · Opens 10 am · 094 679 2939,"Sponsored

Digital Dental Center Pattaya - Specialized Dental Implant and Cosmetic, the Invisalign Diamond Provider in Pattaya.
4.8
Dental clinic · 212/7-8 ซอย พัทยา 2
Closed · Opens 10 am · 094 679 2939

Website

Directions
 
Top Dental Clinic in Pattaya
Leading in Digital Dentistry - Discover the newest technologies in dental implants designed to elevate your dental health
Visit Site",12.927501015332362,100.88018921357568
0x3102960d69e72cfb:0x634d411f239cfdda,DR. CHANIS DENTAL CLINIC,https://www.google.com/maps/place/DR.+CHANIS+DENTAL+CLINIC/data=!4m7!3m6!1s0x3102960d69e72cfb:0x634d411f239cfdda!8m2!3d12.9240676!4d100.8799743!16s%2Fg%2F11ddxxzxx2!19sChIJ-yznaQ2WAjER2v2cIx9BTWM?authuser=0&hl=en&rclk=1,5.0,1,,Dental clinic,WVFH+JXH,Closed · Opens 10 am · +66 38 426 018,"DR. CHANIS DENTAL CLINIC
5.0(1)
Dental clinic · WVFH+JXH
Closed · Opens 10 am · +66 38 426 018

Directions
 
""Disent price
I really surprised why no reviews""",12.927501015332362,100.88018921357568
0x3102961299722359:0x62f343ebdf9974c,Kittipoj Dental Clinic.,https://www.google.com/maps/place/Kittipoj+Dental+Clinic./data=!4m7!3m6!1s0x3102961299722359:0x62f343ebdf9974c!8m2!3d12.924344!4d100.878525!16s%2Fg%2F1pzpw9kgz!19sChIJWSNymRKWAjERTJf5vT40LwY?authuser=0&hl=en&rclk=1,5.0,2,,Dental clinic,"111/79, Pattaya Tai Road, Tambon Nong Prue, Amphoe Bang Lamung, Chon Buri, 20150",,"Kittipoj Dental Clinic.
5.0(2)
Dental clinic · 111/79, Pattaya Tai Road, Tambon Nong Prue, Amphoe Bang Lamung, Chon Buri, 20150
+66 38 723 138

Directions
 
""This dentist focuses on treatment and not on sales.""",12.927501015332362,100.88018921357568
0x3102960c8a60573b:0xd36bbdb7361d6ab6,dental TheDentalRoom,https://www.google.com/maps/place/dental+TheDentalRoom/data=!4m7!3m6!1s0x3102960c8a60573b:0xd36bbdb7361d6ab6!8m2!3d12.925191!4d100.883438!16s%2Fg%2F1tdgxrfm!19sChIJO1dgigyWAjERtmodNre9a9M?authuser=0&hl=en&rclk=1,2.0,1,,Dental clinic,คลินิกตั้งอยู่ปากซอยเฉลิมพระเกียรติ 31 บนถนน พัทยาสายสาม พัทยาสาย 3,,"dental TheDentalRoom
2.0(1)
Dental clinic · คลินิกตั้งอยู่ปากซอยเฉลิมพระเกียรติ 31 บนถนน พัทยาสายสาม พัทยาสาย 3
+66 84 200 8260

Directions",12.927501015332362,100.88018921357568
0x310296123b6e379b:0xd0eb47f7da80fc8b,Chulakorn Dental Clinic คลินิก จุฬากรณ์ ทันตแพทย์,https://www.google.com/maps/place/Chulakorn+Dental+Clinic+%E0%B8%84%E0%B8%A5%E0%B8%B4%E0%B8%99%E0%B8%B4%E0%B8%81+%E0%B8%88%E0%B8%B8%E0%B8%AC%E0%B8%B2%E0%B8%81%E0%B8%A3%E0%B8%93%E0%B9%8C+%E0%B8%97%E0%B8%B1%E0%B8%99%E0%B8%95%E0%B9%81%E0%B8%9E%E0%B8%97%E0%B8%A2%E0%B9%8C/data=!4m7!3m6!1s0x310296123b6e379b:0xd0eb47f7da80fc8b!8m2!3d12.9275271!4d100.8772622!16s%2Fg%2F1tnphg00!19sChIJmzduOxKWAjERi_yA2vdH69A?authuser=0&hl=en&rclk=1,4.6,17,,Orthodontist,Pattaya Sai 2 Rd,Closed · Opens 10 am · +66 38 723 845,"Chulakorn Dental Clinic คลินิก จุฬากรณ์ ทันตแพทย์
4.6(17)
Orthodontist · Pattaya Sai 2 Rd
Closed · Opens 10 am · +66 38 723 845

Website

Directions
 
On-site services",12.927501015332362,100.88018921357568
0x3102960ca99b7aaf:0x775cd28e8868adce,Suwan Wet Dental Clinic.,https://www.google.com/maps/place/Suwan+Wet+Dental+Clinic./data=!4m7!3m6!1s0x3102960ca99b7aaf:0x775cd28e8868adce!8m2!3d12.9227966!4d100.8845115!16s%2Fg%2F1tyzwfxf!19sChIJr3qbqQyWAjERzq1oiI7SXHc?authuser=0&hl=en&rclk=1,,0,,Dental clinic,"31, 8 Pattaya Tai Road",,"Suwan Wet Dental Clinic.
No reviews
Dental clinic · 31, 8 Pattaya Tai Road

Directions",12.927501015332362,100.88018921357568
0x310296129f16cbd1:0x947bb8c43be6659e,Dental for you,https://www.google.com/maps/place/Dental+for+you/data=!4m7!3m6!1s0x310296129f16cbd1:0x947bb8c43be6659e!8m2!3d12.9241652!4d100.8787732!16s%2Fg%2F11f_bzk3g4!19sChIJ0csWnxKWAjERnmXmO8S4e5Q?authuser=0&hl=en&rclk=1,3.5,11,,Dental clinic,WVFH+MG6,Closed · Opens 9 am · +66 38 724 215,"Dental for you
3.5(11)
Dental clinic · WVFH+MG6
Closed · Opens 9 am · +66 38 724 215

Directions
 
""This is good dentistry, I had a dental emergency, got it done quickly!""",12.927501015332362,100.88018921357568
0x3102bdfe6d6f19a5:0x5238b6dfee1aaa93,Central Pattaya Dental Clinic - คลินิกทันตกรรมพัทยากลาง,https://www.google.com/maps/place/Central+Pattaya+Dental+Clinic+-+%E0%B8%84%E0%B8%A5%E0%B8%B4%E0%B8%99%E0%B8%B4%E0%B8%81%E0%B8%97%E0%B8%B1%E0%B8%99%E0%B8%95%E0%B8%81%E0%B8%A3%E0%B8%A3%E0%B8%A1%E0%B8%9E%E0%B8%B1%E0%B8%97%E0%B8%A2%E0%B8%B2%E0%B8%81%E0%B8%A5%E0%B8%B2%E0%B8%87/data=!4m7!3m6!1s0x3102bdfe6d6f19a5:0x5238b6dfee1aaa93!8m2!3d12.934911!4d100.891098!16s%2Fg%2F1pzs_9j91!19sChIJpRlvbf69AjERk6oa7t-2OFI?authuser=0&hl=en&rclk=1,4.9,959,,Dental clinic,418/19-20 Central Pattaya Rd.,Closed · Opens 10:30 am · +66 38 195 654,"Central Pattaya Dental Clinic - คลินิกทันตกรรมพัทยากลาง
4.9(959)
Dental clinic · 418/19-20 Central Pattaya Rd.
Closed · Opens 10:30 am · +66 38 195 654

Website

Directions
 
""Great service and price, my dentist was very fast and efficient.""
 

Book online",12.927501015332362,100.88018921357568
0x3102960b8d033f3f:0x246ccd102c240f2f,Happy dental clinic.,https://www.google.com/maps/place/Happy+dental+clinic./data=!4m7!3m6!1s0x3102960b8d033f3f:0x246ccd102c240f2f!8m2!3d12.9206251!4d100.8784194!16s%2Fg%2F1pzsd9sr_!19sChIJPz8DjQuWAjERLw8kLBDNbCQ?authuser=0&hl=en&rclk=1,4.8,5,,Dental clinic,"216/75, Pattaya Sai 3 Road,",Closed · Opens 10 am · +66 38 723 087,"Happy dental clinic.
4.8(5)
Dental clinic · 216/75, Pattaya Sai 3 Road,
Closed · Opens 10 am · +66 38 723 087

Directions
 
""Best Dental experience in my 49 years of life,...""",12.9236,100.87787842715137
0x31029674b3ae6535:0xe2cd45c6ee2bbeb8,วันชัยทันตแพทย์ คลีนิก,https://www.google.com/maps/place/%E0%B8%A7%E0%B8%B1%E0%B8%99%E0%B8%8A%E0%B8%B1%E0%B8%A2%E0%B8%97%E0%B8%B1%E0%B8%99%E0%B8%95%E0%B9%81%E0%B8%9E%E0%B8%97%E0%B8%A2%E0%B9%8C+%E0%B8%84%E0%B8%A5%E0%B8%B5%E0%B8%99%E0%B8%B4%E0%B8%81/data=!4m7!3m6!1s0x31029674b3ae6535:0xe2cd45c6ee2bbeb8!8m2!3d12.9236315!4d100.8815304!16s%2Fg%2F1hc3jp66p!19sChIJNWWus3SWAjERuL4r7sZFzeI?authuser=0&hl=en&rclk=1,4.2,6,,Dental clinic,S Pattaya Rd,Closed · Opens 10 am · +66 38 426 879,"วันชัยทันตแพทย์ คลีนิก
4.2(6)
Dental clinic · S Pattaya Rd
Closed · Opens 10 am · +66 38 426 879

Directions",12.9236,100.87787842715137
0x310297000e43cb5f:0x263747db6e66e44e,อินโนวาเดนทัลคลินิก สาขาพัทยา,https://www.google.com/maps/place/%E0%B8%AD%E0%B8%B4%E0%B8%99%E0%B9%82%E0%B8%99%E0%B8%A7%E0%B8%B2%E0%B9%80%E0%B8%94%E0%B8%99%E0%B8%97%E0%B8%B1%E0%B8%A5%E0%B8%84%E0%B8%A5%E0%B8%B4%E0%B8%99%E0%B8%B4%E0%B8%81+%E0%B8%AA%E0%B8%B2%E0%B8%82%E0%B8%B2%E0%B8%9E%E0%B8%B1%E0%B8%97%E0%B8%A2%E0%B8%B2/data=!4m7!3m6!1s0x310297000e43cb5f:0x263747db6e66e44e!8m2!3d12.9240443!4d100.8802358!16s%2Fg%2F11w8qjg7gk!19sChIJX8tDDgCXAjERTuRmbttHNyY?authuser=0&hl=en&rclk=1,4.0,1,,Dental clinic,111 22-23 S Pattaya Rd,Closed · Opens 11 am · +66 83 605 9860,"อินโนวาเดนทัลคลินิก สาขาพัทยา
4.0(1)
Dental clinic · 111 22-23 S Pattaya Rd
Closed · Opens 11 am · +66 83 605 9860

Directions
 
On-site services",12.9236,100.87787842715137
0x3102961203e61c45:0x3b51dcf6a5bb60c9,Mueang Pattaya Dental Center,https://www.google.com/maps/place/Mueang+Pattaya+Dental+Center/data=!4m7!3m6!1s0x3102961203e61c45:0x3b51dcf6a5bb60c9!8m2!3d12.928025!4d100.878621!16s%2Fg%2F1vlqmp2y!19sChIJRRzmAxKWAjERyWC7pfbcUTs?authuser=0&hl=en&rclk=1,5.0,1,,Dental clinic,"WVHH+6C9, S Pattaya Rd",,"Mueang Pattaya Dental Center
5.0(1)
Dental clinic · WVHH+6C9, S Pattaya Rd
+66 38 426 253

Directions",12.9236,100.87787842715137
0x31029668fdc3b311:0x10db71fde6a57617,German Dental,https://www.google.com/maps/place/German+Dental/data=!4m7!3m6!1s0x31029668fdc3b311:0x10db71fde6a57617!8m2!3d12.914413!4d100.871024!16s%2Fg%2F1thq79zy!19sChIJEbPD_WiWAjERF3al5v1x2xA?authuser=0&hl=en&rclk=1,4.5,123,,Dental clinic,"162, 197 Moo 10 Thappraya Road",Closed · Opens 9 am Mon · +66 38 251 289,"German Dental
4.5(123)
Dental clinic · 162, 197 Moo 10 Thappraya Road
Closed · Opens 9 am Mon · +66 38 251 289

Website

Directions
 
""My new teeth look fantastic and natural looking.""",12.9236,100.87787842715137
0x310295fd3e695027:0x398aa760356df73c,Dental Paragon Clinic Pattaya ทำฟัน จัดฟัน,https://www.google.com/maps/place/Dental+Paragon+Clinic+Pattaya+%E0%B8%97%E0%B8%B3%E0%B8%9F%E0%B8%B1%E0%B8%99+%E0%B8%88%E0%B8%B1%E0%B8%94%E0%B8%9F%E0%B8%B1%E0%B8%99/data=!4m7!3m6!1s0x310295fd3e695027:0x398aa760356df73c!8m2!3d12.9352716!4d100.8899291!16s%2Fg%2F1hc0t1kfy!19sChIJJ1BpPv2VAjERPPdtNWCnijk?authuser=0&hl=en&rclk=1,4.9,645,,Dental clinic,292/1-2 Pattaya klang Central Pattaya,Closed · Opens 10 am · +66 38 720 919,"Dental Paragon Clinic Pattaya ทำฟัน จัดฟัน
4.9(645)
Dental clinic · 292/1-2 Pattaya klang Central Pattaya
Closed · Opens 10 am · +66 38 720 919

Website

Directions
 
""Highly recommended dental practice very professional and spotlessly clean.""",12.9236,100.87787842715137
0x310295fd4193696d:0xa6759619f0a00194,Modern Smile Dental Clinic,https://www.google.com/maps/place/Modern+Smile+Dental+Clinic/data=!4m7!3m6!1s0x310295fd4193696d:0xa6759619f0a00194!8m2!3d12.9347859!4d100.8914287!16s%2Fg%2F1tfyb0k6!19sChIJbWmTQf2VAjERlAGg8BmWdaY?authuser=0&hl=en&rclk=1,4.7,137,,Dental clinic,418 ทำฟัน จัดฟัน พัทยา Modern Smile Dental Clinic 9 Central Pattaya Rd,Closed · Opens 10 am · +66 85 247 1222,"Modern Smile Dental Clinic
4.7(137)
Dental clinic · 418 ทำฟัน จัดฟัน พัทยา Modern Smile Dental Clinic 9 Central Pattaya Rd
Closed · Opens 10 am · +66 85 247 1222

Website

Directions
 
""The doctor is professional and very informative.""",12.9236,100.87787842715137
0x310296095f107be9:0xbe0ecb7b83db3ab5,Dental Hollywood,https://www.google.com/maps/place/Dental+Hollywood/data=!4m7!3m6!1s0x310296095f107be9:0xbe0ecb7b83db3ab5!8m2!3d12.9281364!4d100.8856966!16s%2Fg%2F11ckxt05xz!19sChIJ6XsQXwmWAjERtTrbg3vLDr4?authuser=0&hl=en&rclk=1,4.0,33,,Dentist,"WVHP+774, Soi Lengkee",Closed · Opens 10 am · +66 38 720 889,"Dental Hollywood
4.0(33)
Dentist · WVHP+774, Soi Lengkee
Closed · Opens 10 am · +66 38 720 889

Website

Directions
 
""Very professional, clean, modern professional service.""",12.9236,100.87787842715137
0x31029605f0204ebf:0xa0ff91dc4d8cb3b7,Pattaya City Dental Center,https://www.google.com/maps/place/Pattaya+City+Dental+Center/data=!4m7!3m6!1s0x31029605f0204ebf:0xa0ff91dc4d8cb3b7!8m2!3d12.9351338!4d100.8905511!16s%2Fg%2F11b6gchg9d!19sChIJv04g8AWWAjERt7OMTdyR_6A?authuser=0&hl=en&rclk=1,4.8,54,,Dental clinic, · 244/38 หมู่ 9,Closed · Opens 9:30 am · +66 81 870 4250,"Pattaya City Dental Center
4.8(54)
Dental clinic ·  · 244/38 หมู่ 9
Closed · Opens 9:30 am · +66 81 870 4250

Website

Directions
 
""Excellent service, very friendly and skilled dentists.""",12.9236,100.87787842715137
0x310295258c84424b:0x2102d2b2f502c5cc,คลินิกทันตกรรมอรุณโรจน์ Arunroj Dental Clinic Top Dentists for Dental Implant and Orthodontic,https://www.google.com/maps/place/%E0%B8%84%E0%B8%A5%E0%B8%B4%E0%B8%99%E0%B8%B4%E0%B8%81%E0%B8%97%E0%B8%B1%E0%B8%99%E0%B8%95%E0%B8%81%E0%B8%A3%E0%B8%A3%E0%B8%A1%E0%B8%AD%E0%B8%A3%E0%B8%B8%E0%B8%93%E0%B9%82%E0%B8%A3%E0%B8%88%E0%B8%99%E0%B9%8C+Arunroj+Dental+Clinic+Top+Dentists+for+Dental+Implant+and+Orthodontic/data=!4m7!3m6!1s0x310295258c84424b:0x2102d2b2f502c5cc!8m2!3d12.9078513!4d100.9045964!16s%2Fg%2F11clljyy9x!19sChIJS0KEjCWVAjERzMUC9bLSAiE?authuser=0&hl=en&rclk=1,5.0,4197,,Dental clinic," · เลขที่ 113/261, 2 Khao Talo",Closed · Opens 9 am · +66 88 350 1989,"คลินิกทันตกรรมอรุณโรจน์ Arunroj Dental Clinic Top Dentists for Dental Implant and Orthodontic
5.0(4,197)
Dental clinic ·  · เลขที่ 113/261, 2 Khao Talo
Closed · Opens 9 am · +66 88 350 1989

Website

Directions
 
""Two different dentists both with excellent English and very helpful.""",12.9236,100.87787842715137
0x31029590ed4d9797:0x31f1b9369b740123,ESTE dental clinic (คลินิกทันตกรรมเอสเต้ พัทยา),https://www.google.com/maps/place/ESTE+dental+clinic+%28%E0%B8%84%E0%B8%A5%E0%B8%B4%E0%B8%99%E0%B8%B4%E0%B8%81%E0%B8%97%E0%B8%B1%E0%B8%99%E0%B8%95%E0%B8%81%E0%B8%A3%E0%B8%A3%E0%B8%A1%E0%B9%80%E0%B8%AD%E0%B8%AA%E0%B9%80%E0%B8%95%E0%B9%89+%E0%B8%9E%E0%B8%B1%E0%B8%97%E0%B8%A2%E0%B8%B2%29/data=!4m7!3m6!1s0x31029590ed4d9797:0x31f1b9369b740123!8m2!3d12.9114915!4d100.89628!16s%2Fg%2F11wpljwg4c!19sChIJl5dN7ZCVAjERIwF0mza58TE?authuser=0&hl=en&rclk=1,4.9,205,,Dental clinic,"147, 46 Sukhumvit Rd",Closed · Opens 10 am · +66 92 469 1155,"ESTE dental clinic (คลินิกทันตกรรมเอสเต้ พัทยา)
4.9(205)
Dental clinic · 147, 46 Sukhumvit Rd
Closed · Opens 10 am · +66 92 469 1155

Website

Directions
 
""The teeth cleaning was thorough and gentle, and my teeth feel amazing.""",12.9236,100.87787842715137
0x31029660242382f7:0xc596a88cff7b60a,Pattaya Dental Clinic,https://www.google.com/maps/place/Pattaya+Dental+Clinic/data=!4m7!3m6!1s0x31029660242382f7:0xc596a88cff7b60a!8m2!3d12.9139647!4d100.8704233!16s%2Fg%2F1td1mb36!19sChIJ94IjJGCWAjERCrb3z4hqWQw?authuser=0&hl=en&rclk=1,3.9,36,,Dental clinic,"308, 79 Thappraya Rd",Closed · Opens 11 am · +66 89 782 5627,"Pattaya Dental Clinic
3.9(36)
Dental clinic · 308, 79 Thappraya Rd
Closed · Opens 11 am · +66 89 782 5627

Directions
 
""The lady dentist was the most gentle dentist I have ever had.""",12.9236,100.87787842715137
0x310296042a2764d9:0x1de67bbd4380b484,Napaporn Dental Clinic,https://www.google.com/maps/place/Napaporn+Dental+Clinic/data=!4m7!3m6!1s0x310296042a2764d9:0x1de67bbd4380b484!8m2!3d12.9369301!4d100.8845605!16s%2Fg%2F11g029k71k!19sChIJ2WQnKgSWAjERhLSAQ7175h0?authuser=0&hl=en&rclk=1,4.9,31,,Dental clinic,"1, 20 Central Pattaya Rd",Closed · Opens 9 am · +66 38 429 357,"Napaporn Dental Clinic
4.9(31)
Dental clinic · 1, 20 Central Pattaya Rd
Closed · Opens 9 am · +66 38 429 357

Directions
 
""The doctor and staffs are all kind and the service is HIGHLY RECOMMENDED!!!""",12.9236,100.87787842715137
0x310295001ce3664f:0xd70d788182ed0951,คลินิกทันตกรรมใกล้ฉัน NEAR ME Dental Clinic Pattaya,https://www.google.com/maps/place/%E0%B8%84%E0%B8%A5%E0%B8%B4%E0%B8%99%E0%B8%B4%E0%B8%81%E0%B8%97%E0%B8%B1%E0%B8%99%E0%B8%95%E0%B8%81%E0%B8%A3%E0%B8%A3%E0%B8%A1%E0%B9%83%E0%B8%81%E0%B8%A5%E0%B9%89%E0%B8%89%E0%B8%B1%E0%B8%99+NEAR+ME+Dental+Clinic+Pattaya/data=!4m7!3m6!1s0x310295001ce3664f:0xd70d788182ed0951!8m2!3d12.9097623!4d100.8975754!16s%2Fg%2F11m5d0_43y!19sChIJT2bjHACVAjERUQntgoF4Ddc?authuser=0&hl=en&rclk=1,5.0,240,,Dental clinic," · 140 WV5X+W24, 125 Khao Talo",Closed · Opens 10 am · +66 85 495 4426,"คลินิกทันตกรรมใกล้ฉัน NEAR ME Dental Clinic Pattaya
5.0(240)
Dental clinic ·  · 140 WV5X+W24, 125 Khao Talo
Closed · Opens 10 am · +66 85 495 4426

Website

Directions
 
""Friendly staff, great dentist, clean clinic, and modern equipment.""",12.9236,100.87787842715137
0x3102968a40c8ce99:0x205d03e135c97cc9,Ocean Dental Center,https://www.google.com/maps/place/Ocean+Dental+Center/data=!4m7!3m6!1s0x3102968a40c8ce99:0x205d03e135c97cc9!8m2!3d12.898493!4d100.871851!16s%2Fg%2F1tmqntvp!19sChIJmc7IQIqWAjERyXzJNeEDXSA?authuser=0&hl=en&rclk=1,4.5,133,,Dentist," · 488/74 Viewtalay Residence III, Opposite Viewtalay Villas, Jomtien 2nd Road, Chomtien soi 5",Closed · Opens 9 am · +66 38 197 617,"Ocean Dental Center
4.5(133)
Dentist ·  · 488/74 Viewtalay Residence III, Opposite Viewtalay Villas, Jomtien 2nd Road, Chomtien soi 5
Closed · Opens 9 am · +66 38 197 617

Website

Directions
 
""Who assessed the tooth and were able to repair and fill straight away.""",12.9236,100.87787842715137
0x310295fd683462cb:0xe649c843be6f5443,Dental Care Center,https://www.google.com/maps/place/Dental+Care+Center/data=!4m7!3m6!1s0x310295fd683462cb:0xe649c843be6f5443!8m2!3d12.9349261!4d100.8911562!16s%2Fg%2F11c20bf0l_!19sChIJy2I0aP2VAjERQ1RvvkPISeY?authuser=0&hl=en&rclk=1,4.8,30,,Dentist," · WVMR+XFC, Central Pattaya Rd",Closed · Opens 9 am Mon · +66 38 720 079,"Dental Care Center
4.8(30)
Dentist ·  · WVMR+XFC, Central Pattaya Rd
Closed · Opens 9 am Mon · +66 38 720 079

Website

Directions
 
""I definitely recommend them for professional service and reasonable prices.""",12.9236,100.87787842715137
0x3102967995aaaa03:0x2d5bfdcc63f6ac2a,SITTHAN DENTAL CLINIC,https://www.google.com/maps/place/SITTHAN+DENTAL+CLINIC/data=!4m7!3m6!1s0x3102967995aaaa03:0x2d5bfdcc63f6ac2a!8m2!3d12.9083488!4d100.8858164!16s%2Fg%2F11d_bv8_fp!19sChIJA6qqlXmWAjERKqz2Y8z9Wy0?authuser=0&hl=en&rclk=1,4.8,40,,Dental clinic,,Closed · Opens 9 am · +66 38 416 611,"SITTHAN DENTAL CLINIC
4.8(40)
Dental clinic · 
Closed · Opens 9 am · +66 38 416 611

Directions
 
""Very good service, professional and nice staff..
Fantastic prices.""",12.9236,100.87787842715137
0x31029500670def7d:0x624d211fa064652a,ทันต์ใจ ThunJai Dental Clinic,https://www.google.com/maps/place/%E0%B8%97%E0%B8%B1%E0%B8%99%E0%B8%95%E0%B9%8C%E0%B9%83%E0%B8%88+ThunJai+Dental+Clinic/data=!4m7!3m6!1s0x31029500670def7d:0x624d211fa064652a!8m2!3d12.9241851!4d100.9079745!16s%2Fg%2F11yvcxckgg!19sChIJfe8NZwCVAjERKmVkoB8hTWI?authuser=0&hl=en&rclk=1,5.0,111,,Dental clinic,89/72-73 ม.5 ซ.วัด Boonsampan,Closed · Opens 9 am · +66 95 115 9991,"ทันต์ใจ ThunJai Dental Clinic
5.0(111)
Dental clinic · 89/72-73 ม.5 ซ.วัด Boonsampan
Closed · Opens 9 am · +66 95 115 9991

Directions
 
""Very good service, reasonable price, and very clean clinic ✨❤️""",12.9236,100.87787842715137
0x31029590f9050637:0xdf33f39a4bbfd774,Metro Dental Pattaya,https://www.google.com/maps/place/Metro+Dental+Pattaya/data=!4m7!3m6!1s0x31029590f9050637:0xdf33f39a4bbfd774!8m2!3d12.9349277!4d100.8918225!16s%2Fg%2F1hf2m53gs!19sChIJNwYF-ZCVAjERdNe_S5rzM98?authuser=0&hl=en&rclk=1,4.8,114,,Orthodontist,460 12 Central Pattaya Rd,Closed · Opens 10 am · +66 82 365 4455,"Metro Dental Pattaya
4.8(114)
Orthodontist · 460 12 Central Pattaya Rd
Closed · Opens 10 am · +66 82 365 4455

Directions
 
""The dentist and dental assistants are professional, skilled, and caring.""",12.9236,100.87787842715137
0x3102950599e0b8b7:0x93803ffd88da1eba,คลินิกทันตกรรมอรุณโรจน์ ไร่วนาสินธุ์ Arunroj Dental Clinic Raiwanasin Top Dentists for Dental Implant and Orthodontic,https://www.google.com/maps/place/%E0%B8%84%E0%B8%A5%E0%B8%B4%E0%B8%99%E0%B8%B4%E0%B8%81%E0%B8%97%E0%B8%B1%E0%B8%99%E0%B8%95%E0%B8%81%E0%B8%A3%E0%B8%A3%E0%B8%A1%E0%B8%AD%E0%B8%A3%E0%B8%B8%E0%B8%93%E0%B9%82%E0%B8%A3%E0%B8%88%E0%B8%99%E0%B9%8C+%E0%B9%84%E0%B8%A3%E0%B9%88%E0%B8%A7%E0%B8%99%E0%B8%B2%E0%B8%AA%E0%B8%B4%E0%B8%99%E0%B8%98%E0%B8%B8%E0%B9%8C+Arunroj+Dental+Clinic+Raiwanasin+Top+Dentists+for+Dental+Implant+and+Orthodontic/data=!4m7!3m6!1s0x3102950599e0b8b7:0x93803ffd88da1eba!8m2!3d12.9408196!4d100.9202295!16s%2Fg%2F11q3qwvxyw!19sChIJt7jgmQWVAjERuh7aiP0_gJM?authuser=0&hl=en&rclk=1,5.0,4195,,Dental clinic, · 19/97,Closed · Opens 9 am · +66 94 145 9899,"คลินิกทันตกรรมอรุณโรจน์ ไร่วนาสินธุ์ Arunroj Dental Clinic Raiwanasin Top Dentists for Dental Implant and Orthodontic
5.0(4,195)
Dental clinic ·  · 19/97
Closed · Opens 9 am · +66 94 145 9899

Website

Directions
 
""I got my 8 teeth done (filling cracks + decay) in 2 sessions, one hour each.""",12.9236,100.87787842715137
0x3102974ace26771f:0x5e479c05031532e8,365 Smile Dental Clinic 🦷 by Perfect Smile Pattaya Thailand,https://www.google.com/maps/place/365+Smile+Dental+Clinic+%F0%9F%A6%B7+by+Perfect+Smile+Pattaya+Thailand/data=!4m7!3m6!1s0x3102974ace26771f:0x5e479c05031532e8!8m2!3d12.9052206!4d100.8723694!16s%2Fg%2F11y3n37hlk!19sChIJH3cmzkqXAjER6DIVAwWcR14?authuser=0&hl=en&rclk=1,4.0,28,,Dental clinic,"315, 59 Thepprasit Rd",Closed · Opens 11 am · +66 84 780 6622,"365 Smile Dental Clinic 🦷 by Perfect Smile Pattaya Thailand
4.0(28)
Dental clinic · 315, 59 Thepprasit Rd
Closed · Opens 11 am · +66 84 780 6622

Website

Directions
 
""She instantly knew what the problem was and recommended a tooth extraction.""",12.9236,100.87787842715137
0x310297ac023199d7:0x2e2adb55961f9861,Siamsmile Pattaya - คลินิกทันตกรรมสยามสไมล์ พัทยา,https://www.google.com/maps/place/Siamsmile+Pattaya+-+%E0%B8%84%E0%B8%A5%E0%B8%B4%E0%B8%99%E0%B8%B4%E0%B8%81%E0%B8%97%E0%B8%B1%E0%B8%99%E0%B8%95%E0%B8%81%E0%B8%A3%E0%B8%A3%E0%B8%A1%E0%B8%AA%E0%B8%A2%E0%B8%B2%E0%B8%A1%E0%B8%AA%E0%B9%84%E0%B8%A1%E0%B8%A5%E0%B9%8C+%E0%B8%9E%E0%B8%B1%E0%B8%97%E0%B8%A2%E0%B8%B2/data=!4m7!3m6!1s0x310297ac023199d7:0x2e2adb55961f9861!8m2!3d12.9364414!4d100.8867277!16s%2Fg%2F11hz_kknb8!19sChIJ15kxAqyXAjERYZgfllXbKi4?authuser=0&hl=en&rclk=1,4.7,38,,Dentist,"312, 4 Central Pattaya Rd",Closed · Opens 10 am · +66 85 944 8381,"Siamsmile Pattaya - คลินิกทันตกรรมสยามสไมล์ พัทยา
4.7(38)
Dentist · 312, 4 Central Pattaya Rd
Closed · Opens 10 am · +66 85 944 8381

Website

Directions
 
""Great doctor and staff and nurses are nice and kind.""",12.9236,100.87787842715137
0x3102953ca934901b:0x385ea8d09a43ec1,Dentajoy Pattaya (เดนต้าจอย สาขาพัทยา) จัดฟันใส Invisalign จัดฟัน Brava วีเนียร์ รากเทียม,https://www.google.com/maps/place/Dentajoy+Pattaya+%28%E0%B9%80%E0%B8%94%E0%B8%99%E0%B8%95%E0%B9%89%E0%B8%B2%E0%B8%88%E0%B8%AD%E0%B8%A2+%E0%B8%AA%E0%B8%B2%E0%B8%82%E0%B8%B2%E0%B8%9E%E0%B8%B1%E0%B8%97%E0%B8%A2%E0%B8%B2%29+%E0%B8%88%E0%B8%B1%E0%B8%94%E0%B8%9F%E0%B8%B1%E0%B8%99%E0%B9%83%E0%B8%AA+Invisalign+%E0%B8%88%E0%B8%B1%E0%B8%94%E0%B8%9F%E0%B8%B1%E0%B8%99+Brava+%E0%B8%A7%E0%B8%B5%E0%B9%80%E0%B8%99%E0%B8%B5%E0%B8%A2%E0%B8%A3%E0%B9%8C+%E0%B8%A3%E0%B8%B2%E0%B8%81%E0%B9%80%E0%B8%97%E0%B8%B5%E0%B8%A2%E0%B8%A1/data=!4m7!3m6!1s0x3102953ca934901b:0x385ea8d09a43ec1!8m2!3d12.9356369!4d100.9041591!16s%2Fg%2F11h000d4v3!19sChIJG5A0qTyVAjERwT6kCY3qhQM?authuser=0&hl=en&rclk=1,4.9,193,,Dental clinic," · Little Walk Pattaya (พัทยา) ชั้น 1 LPLCF 1A-010 เลขที่ 8/111-117, Sukhumvit Rd",Closed · Opens 10 am · +66 64 181 4420,"Dentajoy Pattaya (เดนต้าจอย สาขาพัทยา) จัดฟันใส Invisalign จัดฟัน Brava วีเนียร์ รากเทียม
4.9(193)
Dental clinic ·  · Little Walk Pattaya (พัทยา) ชั้น 1 LPLCF 1A-010 เลขที่ 8/111-117, Sukhumvit Rd
Closed · Opens 10 am · +66 64 181 4420

Website

Directions
 
""Professional, good service, nice and clean.""",12.9236,100.87787842715137
0x310297ff32e9eae7:0x7d668a8ec971fd9a,Deutsche Dental Clinic,https://www.google.com/maps/place/Deutsche+Dental+Clinic/data=!4m7!3m6!1s0x310297ff32e9eae7:0x7d668a8ec971fd9a!8m2!3d12.9063238!4d100.8740277!16s%2Fg%2F11h7dbw4__!19sChIJ5-rpMv-XAjERmv1xyY6KZn0?authuser=0&hl=en&rclk=1,4.6,49,,Dentist," · 315/334,335, Thep Prasit 12 Alley",Closed · Opens 10 am Mon · +66 61 615 5543,"Deutsche Dental Clinic
4.6(49)
Dentist ·  · 315/334,335, Thep Prasit 12 Alley
Closed · Opens 10 am Mon · +66 61 615 5543

Website

Directions
 
""The treatment was quick and virtually painless.""",12.9236,100.87787842715137
0x310295fbc650766d:0xa09aebc7a26757ce,dentalpoint pattaya เด็นทัลพอยท์ คลินิกหมอหลินจัดฟันเหล็ก จัดฟันแบบใส รีเทนเนอร์ ฟันขาว ทำฟัน พัทยา,https://www.google.com/maps/place/dentalpoint+pattaya+%E0%B9%80%E0%B8%94%E0%B9%87%E0%B8%99%E0%B8%97%E0%B8%B1%E0%B8%A5%E0%B8%9E%E0%B8%AD%E0%B8%A2%E0%B8%97%E0%B9%8C+%E0%B8%84%E0%B8%A5%E0%B8%B4%E0%B8%99%E0%B8%B4%E0%B8%81%E0%B8%AB%E0%B8%A1%E0%B8%AD%E0%B8%AB%E0%B8%A5%E0%B8%B4%E0%B8%99%E0%B8%88%E0%B8%B1%E0%B8%94%E0%B8%9F%E0%B8%B1%E0%B8%99%E0%B9%80%E0%B8%AB%E0%B8%A5%E0%B9%87%E0%B8%81+%E0%B8%88%E0%B8%B1%E0%B8%94%E0%B8%9F%E0%B8%B1%E0%B8%99%E0%B9%81%E0%B8%9A%E0%B8%9A%E0%B9%83%E0%B8%AA+%E0%B8%A3%E0%B8%B5%E0%B9%80%E0%B8%97%E0%B8%99%E0%B9%80%E0%B8%99%E0%B8%AD%E0%B8%A3%E0%B9%8C+%E0%B8%9F%E0%B8%B1%E0%B8%99%E0%B8%82%E0%B8%B2%E0%B8%A7+%E0%B8%97%E0%B8%B3%E0%B8%9F%E0%B8%B1%E0%B8%99+%E0%B8%9E%E0%B8%B1%E0%B8%97%E0%B8%A2%E0%B8%B2/data=!4m7!3m6!1s0x310295fbc650766d:0xa09aebc7a26757ce!8m2!3d12.9385493!4d100.8990563!16s%2Fg%2F11ckh1xxtl!19sChIJbXZQxvuVAjERzldnosfrmqA?authuser=0&hl=en&rclk=1,4.7,229,,Dental clinic,153 หมู่9 Paniad Chang 8 Alley,Closed · Opens 10 am · +66 96 305 0765,"dentalpoint pattaya เด็นทัลพอยท์ คลินิกหมอหลินจัดฟันเหล็ก จัดฟันแบบใส รีเทนเนอร์ ฟันขาว ทำฟัน พัทยา
4.7(229)
Dental clinic · 153 หมู่9 Paniad Chang 8 Alley
Closed · Opens 10 am · +66 96 305 0765

Website

Directions
 
""... SUPER SERVICE
RECOMMEND THIS DENTIST AND STAFF""",12.9236,100.87787842715137
0x310295493d4a3bdd:0xc40e663c84d3b3e,The One Dental Clinic,https://www.google.com/maps/place/The+One+Dental+Clinic/data=!4m7!3m6!1s0x310295493d4a3bdd:0xc40e663c84d3b3e!8m2!3d12.9304898!4d100.9122557!16s%2Fg%2F11r3649wg2!19sChIJ3TtKPUmVAjERPjtNyGPmQAw?authuser=0&hl=en&rclk=1,4.9,95,,Dentist,17/1-2 หมู่5 Noen Plubwan Rd,Closed · Opens 9 am · +66 61 614 9396,"The One Dental Clinic
4.9(95)
Dentist · 17/1-2 หมู่5 Noen Plubwan Rd
Closed · Opens 9 am · +66 61 614 9396

Website

Directions
 
""A clean environment and a pretty doctor kindly takes care of the patient.""",12.9236,100.87787842715137
0x31029513a6d38df9:0x76ee4bbda3850903,คลินิกทันตกรรมอรุณโรจน์ ชัยพรวิถี - Arunroj Dental Clinic Chaiyaphonwithi Top Dentists for Dental Implant and Orthodontic,https://www.google.com/maps/place/%E0%B8%84%E0%B8%A5%E0%B8%B4%E0%B8%99%E0%B8%B4%E0%B8%81%E0%B8%97%E0%B8%B1%E0%B8%99%E0%B8%95%E0%B8%81%E0%B8%A3%E0%B8%A3%E0%B8%A1%E0%B8%AD%E0%B8%A3%E0%B8%B8%E0%B8%93%E0%B9%82%E0%B8%A3%E0%B8%88%E0%B8%99%E0%B9%8C+%E0%B8%8A%E0%B8%B1%E0%B8%A2%E0%B8%9E%E0%B8%A3%E0%B8%A7%E0%B8%B4%E0%B8%96%E0%B8%B5+-+Arunroj+Dental+Clinic+Chaiyaphonwithi+Top+Dentists+for+Dental+Implant+and+Orthodontic/data=!4m7!3m6!1s0x31029513a6d38df9:0x76ee4bbda3850903!8m2!3d12.9575496!4d100.9256215!16s%2Fg%2F11ydhl207m!19sChIJ-Y3TphOVAjERAwmFo71L7nY?authuser=0&hl=en&rclk=1,5.0,763,,Dental clinic,77/25-77/26,Closed · Opens 9 am · +66 96 645 2989,"คลินิกทันตกรรมอรุณโรจน์ ชัยพรวิถี - Arunroj Dental Clinic Chaiyaphonwithi Top Dentists for Dental Implant and Orthodontic
5.0(763)
Dental clinic · 77/25-77/26
Closed · Opens 9 am · +66 96 645 2989

Website

Directions
 
""Amazing service, professional work, staff was very helpful and friendly 🙏""",12.9236,100.87787842715137
0x3102bfca9d540e35:0xf5cc512209ded872,Beam dental clinic pattaya | บีม เดนทัล คลีนิค ทำฟัน-จัดฟัน รับประกันสังคม 900/ปี,https://www.google.com/maps/place/Beam+dental+clinic+pattaya+%7C+%E0%B8%9A%E0%B8%B5%E0%B8%A1+%E0%B9%80%E0%B8%94%E0%B8%99%E0%B8%97%E0%B8%B1%E0%B8%A5+%E0%B8%84%E0%B8%A5%E0%B8%B5%E0%B8%99%E0%B8%B4%E0%B8%84+%E0%B8%97%E0%B8%B3%E0%B8%9F%E0%B8%B1%E0%B8%99-%E0%B8%88%E0%B8%B1%E0%B8%94%E0%B8%9F%E0%B8%B1%E0%B8%99+%E0%B8%A3%E0%B8%B1%E0%B8%9A%E0%B8%9B%E0%B8%A3%E0%B8%B0%E0%B8%81%E0%B8%B1%E0%B8%99%E0%B8%AA%E0%B8%B1%E0%B8%87%E0%B8%84%E0%B8%A1+900%2F%E0%B8%9B%E0%B8%B5/data=!4m7!3m6!1s0x3102bfca9d540e35:0xf5cc512209ded872!8m2!3d12.9593456!4d100.8933218!16s%2Fg%2F11twstg5xv!19sChIJNQ5Uncq_AjERctjeCSJRzPU?authuser=0&hl=en&rclk=1,4.8,197,,Dental clinic,Pattaya-Na Kluea Rd,Closed · Opens 10 am · +66 93 214 8236,"Beam dental clinic pattaya | บีม เดนทัล คลีนิค ทำฟัน-จัดฟัน รับประกันสังคม 900/ปี
4.8(197)
Dental clinic · Pattaya-Na Kluea Rd
Closed · Opens 10 am · +66 93 214 8236

Website

Directions
 
""The cleanliness and staffs and to the dental.""",12.9236,100.87787842715137
0x310295d7c3b9707b:0x641697492545a3aa,Dentista dental clinic (Thepprasit),https://www.google.com/maps/place/Dentista+dental+clinic+%28Thepprasit%29/data=!4m7!3m6!1s0x310295d7c3b9707b:0x641697492545a3aa!8m2!3d12.9091047!4d100.8912968!16s%2Fg%2F11c2kdt_cg!19sChIJe3C5w9eVAjERqqNFJUmXFmQ?authuser=0&hl=en&rclk=1,4.3,41,,Dental clinic,195 31-32 หมู่ที่11 Thepprasit Rd,Closed · Opens 10 am · +66 90 121 4829,"Dentista dental clinic (Thepprasit)
4.3(41)
Dental clinic · 195 31-32 หมู่ที่11 Thepprasit Rd
Closed · Opens 10 am · +66 90 121 4829

Website

Directions
 
""Great service dentist was very informative and polite.""",12.9236,100.87787842715137
0x310295fd3e6f99ad:0x56653149f0533bc,Dente Smile Dental Clinic คลินิกทันตกรรม จัดฟัน รีเทนเนอร์ ฟอกฟันขาว พัทยา,https://www.google.com/maps/place/Dente+Smile+Dental+Clinic+%E0%B8%84%E0%B8%A5%E0%B8%B4%E0%B8%99%E0%B8%B4%E0%B8%81%E0%B8%97%E0%B8%B1%E0%B8%99%E0%B8%95%E0%B8%81%E0%B8%A3%E0%B8%A3%E0%B8%A1+%E0%B8%88%E0%B8%B1%E0%B8%94%E0%B8%9F%E0%B8%B1%E0%B8%99+%E0%B8%A3%E0%B8%B5%E0%B9%80%E0%B8%97%E0%B8%99%E0%B9%80%E0%B8%99%E0%B8%AD%E0%B8%A3%E0%B9%8C+%E0%B8%9F%E0%B8%AD%E0%B8%81%E0%B8%9F%E0%B8%B1%E0%B8%99%E0%B8%82%E0%B8%B2%E0%B8%A7+%E0%B8%9E%E0%B8%B1%E0%B8%97%E0%B8%A2%E0%B8%B2/data=!4m7!3m6!1s0x310295fd3e6f99ad:0x56653149f0533bc!8m2!3d12.9349424!4d100.8910075!16s%2Fg%2F11cssk7kss!19sChIJrZlvPv2VAjERvDMFnxRTZgU?authuser=0&hl=en&rclk=1,4.3,18,,Dental clinic,418/17-18 ม.9 ถ.พัทยากลาง ต.หนองปรือ อ.บางละมุง,Closed · Opens 9 am · +66 38 422 639,"Dente Smile Dental Clinic คลินิกทันตกรรม จัดฟัน รีเทนเนอร์ ฟอกฟันขาว พัทยา
4.3(18)
Dental clinic · 418/17-18 ม.9 ถ.พัทยากลาง ต.หนองปรือ อ.บางละมุง
Closed · Opens 9 am · +66 38 422 639

Website

Directions
 
""Patient and flexible.""",12.9236,100.87787842715137
0x310295cf3c24cd05:0x4b423dc3d722a437,PK Dental Clinic - คลีนิคทันตกรรม พีเค,https://www.google.com/maps/place/PK+Dental+Clinic+-+%E0%B8%84%E0%B8%A5%E0%B8%B5%E0%B8%99%E0%B8%B4%E0%B8%84%E0%B8%97%E0%B8%B1%E0%B8%99%E0%B8%95%E0%B8%81%E0%B8%A3%E0%B8%A3%E0%B8%A1+%E0%B8%9E%E0%B8%B5%E0%B9%80%E0%B8%84/data=!4m7!3m6!1s0x310295cf3c24cd05:0x4b423dc3d722a437!8m2!3d12.9338876!4d100.8940646!16s%2Fg%2F11fm74qtpq!19sChIJBc0kPM-VAjERN6Qi18M9Qks?authuser=0&hl=en&rclk=1,4.5,20,,Dental clinic,"116/30-31, M.9, Central Pattaya Rd",Closed · Opens 10 am Sun · +66 33 043 304,"PK Dental Clinic - คลีนิคทันตกรรม พีเค
4.5(20)
Dental clinic · 116/30-31, M.9, Central Pattaya Rd
Closed · Opens 10 am Sun · +66 33 043 304

Directions
 
""I had never had such a gentle and comfortable procedure in my life.""",12.9236,100.87787842715137
0x30e29fec5797c7b9:0xc45d608445d042f5,Dental Select,https://www.google.com/maps/place/Dental+Select/data=!4m7!3m6!1s0x30e29fec5797c7b9:0xc45d608445d042f5!8m2!3d12.9350447!4d100.8924682!16s%2Fg%2F11rjvz5z62!19sChIJuceXV-yf4jAR9ULQRYRgXcQ?authuser=0&hl=en&rclk=1,4.8,71,,Dental clinic,"245, 70-71 พัทยา Pattaya 3rd Rd",Closed · Opens 9 am · +66 80 954 4640,"Dental Select
4.8(71)
Dental clinic · 245, 70-71 พัทยา Pattaya 3rd Rd
Closed · Opens 9 am · +66 80 954 4640

Website

Directions
 
""The clinic is modern, clean, and equipped with the latest technology.""",12.9236,100.87787842715137
0x310295f186ddeec5:0xd66c5c3de9cf0a2b,คลินิกทันตกรรมเขาตาโลเดนทัลแคร์ KHAOTALO DENTAL CARE,https://www.google.com/maps/place/%E0%B8%84%E0%B8%A5%E0%B8%B4%E0%B8%99%E0%B8%B4%E0%B8%81%E0%B8%97%E0%B8%B1%E0%B8%99%E0%B8%95%E0%B8%81%E0%B8%A3%E0%B8%A3%E0%B8%A1%E0%B9%80%E0%B8%82%E0%B8%B2%E0%B8%95%E0%B8%B2%E0%B9%82%E0%B8%A5%E0%B9%80%E0%B8%94%E0%B8%99%E0%B8%97%E0%B8%B1%E0%B8%A5%E0%B9%81%E0%B8%84%E0%B8%A3%E0%B9%8C+KHAOTALO+DENTAL+CARE/data=!4m7!3m6!1s0x310295f186ddeec5:0xd66c5c3de9cf0a2b!8m2!3d12.9093105!4d100.9002644!16s%2Fg%2F11kzx14_hv!19sChIJxe7dhvGVAjERKwrP6T1cbNY?authuser=0&hl=en&rclk=1,4.8,55,,Dental clinic,112 143-144 Khao Talo,Closed · Opens 10 am · +66 88 628 8662,"คลินิกทันตกรรมเขาตาโลเดนทัลแคร์ KHAOTALO DENTAL CARE
4.8(55)
Dental clinic · 112 143-144 Khao Talo
Closed · Opens 10 am · +66 88 628 8662

Directions
 
""They extracted my tooth gently and very quick.""",12.9236,100.87787842715137
0x31029668fdc6eea7:0xc4f1a211f98ef115,Inter Dental Clinic,https://www.google.com/maps/place/Inter+Dental+Clinic/data=!4m7!3m6!1s0x31029668fdc6eea7:0xc4f1a211f98ef115!8m2!3d12.9144439!4d100.8711566!16s%2Fg%2F11dxl8vp5j!19sChIJp-7G_WiWAjERFfGO-RGi8cQ?authuser=0&hl=en&rclk=1,,0,,Doctor,391/154 Thappraya Rd,Closed · Opens 9 am Mon · +66 38 251 289,"Inter Dental Clinic
No reviews
Doctor · 391/154 Thappraya Rd
Closed · Opens 9 am Mon · +66 38 251 289

Website

Directions",12.9236,100.87787842715137
0x310297ab18c09541:0x999af8df4707d4b6,Daytime smile clinic สาขาพัทยา,https://www.google.com/maps/place/Daytime+smile+clinic+%E0%B8%AA%E0%B8%B2%E0%B8%82%E0%B8%B2%E0%B8%9E%E0%B8%B1%E0%B8%97%E0%B8%A2%E0%B8%B2/data=!4m7!3m6!1s0x310297ab18c09541:0x999af8df4707d4b6!8m2!3d12.9338708!4d100.8953256!16s%2Fg%2F11mdq0rgvk!19sChIJQZXAGKuXAjERttQHR9_4mpk?authuser=0&hl=en&rclk=1,4.4,131,,Dental clinic,194/16-17 ม.9,Closed · Opens 11 am · +66 62 649 9294,"Daytime smile clinic สาขาพัทยา
4.4(131)
Dental clinic · 194/16-17 ม.9
Closed · Opens 11 am · +66 62 649 9294

Website

Directions",12.9236,100.87787842715137
0x3102970de9757c83:0xe8cd1447ca66dbfb,Jomtien Dental Clinic จอมเทียนเดนทัลคลีนิค,https://www.google.com/maps/place/Jomtien+Dental+Clinic+%E0%B8%88%E0%B8%AD%E0%B8%A1%E0%B9%80%E0%B8%97%E0%B8%B5%E0%B8%A2%E0%B8%99%E0%B9%80%E0%B8%94%E0%B8%99%E0%B8%97%E0%B8%B1%E0%B8%A5%E0%B8%84%E0%B8%A5%E0%B8%B5%E0%B8%99%E0%B8%B4%E0%B8%84/data=!4m7!3m6!1s0x3102970de9757c83:0xe8cd1447ca66dbfb!8m2!3d12.9001436!4d100.869021!16s%2Fg%2F11kp_2l__r!19sChIJg3x16Q2XAjER-9tmykcUzeg?authuser=0&hl=en&rclk=1,3.4,19,,Dental clinic,WV29+3J7,Closed · Opens 10 am · +66 38 303 121,"Jomtien Dental Clinic จอมเทียนเดนทัลคลีนิค
3.4(19)
Dental clinic · WV29+3J7
Closed · Opens 10 am · +66 38 303 121

Directions
 
""Excellent Doctor and staff, friendly and professional.""",12.9236,100.87787842715137
0x3102bdb2018f4ca7:0x7e0cc0997094a6dd,คลินิกทันตกรรมดิเอชสไมล์พัทยา The H Smile Dental Clinic Pattaya,https://www.google.com/maps/place/%E0%B8%84%E0%B8%A5%E0%B8%B4%E0%B8%99%E0%B8%B4%E0%B8%81%E0%B8%97%E0%B8%B1%E0%B8%99%E0%B8%95%E0%B8%81%E0%B8%A3%E0%B8%A3%E0%B8%A1%E0%B8%94%E0%B8%B4%E0%B9%80%E0%B8%AD%E0%B8%8A%E0%B8%AA%E0%B9%84%E0%B8%A1%E0%B8%A5%E0%B9%8C%E0%B8%9E%E0%B8%B1%E0%B8%97%E0%B8%A2%E0%B8%B2+The+H+Smile+Dental+Clinic+Pattaya/data=!4m7!3m6!1s0x3102bdb2018f4ca7:0x7e0cc0997094a6dd!8m2!3d12.9390837!4d100.8936421!16s%2Fg%2F11h84csdfr!19sChIJp0yPAbK9AjER3aaUcJnADH4?authuser=0&hl=en&rclk=1,4.8,89,,Orthodontist,223/5 Pattaya 3rd Rd,Closed · Opens 10 am · +66 62 038 9777,"คลินิกทันตกรรมดิเอชสไมล์พัทยา The H Smile Dental Clinic Pattaya
4.8(89)
Orthodontist · 223/5 Pattaya 3rd Rd
Closed · Opens 10 am · +66 62 038 9777

Directions
 
""The doctor is well educated and speaks English well, good hands.""",12.9236,100.87787842715137
0x31029520929ffef7:0x6e0842d6b795ec24,Siam Dental Clinic,https://www.google.com/maps/place/Siam+Dental+Clinic/data=!4m7!3m6!1s0x31029520929ffef7:0x6e0842d6b795ec24!8m2!3d12.934372!4d100.9034917!16s%2Fg%2F11n0lvh73y!19sChIJ9_6fkiCVAjERJOyVt9ZCCG4?authuser=0&hl=en&rclk=1,4.8,9,,Dentist,91 หมู่ 9 สยามคันทรีคลับ 8/90 ซอย Pornprapanimit Rd,Closed · Opens 10 am · +66 96 760 7329,"Siam Dental Clinic
4.8(9)
Dentist · 91 หมู่ 9 สยามคันทรีคลับ 8/90 ซอย Pornprapanimit Rd
Closed · Opens 10 am · +66 96 760 7329

Website

Directions",12.9236,100.87787842715137
0x310295d0b697016d:0x518e597984c73e77,Trendy Smile Dental Clinic,https://www.google.com/maps/place/Trendy+Smile+Dental+Clinic/data=!4m7!3m6!1s0x310295d0b697016d:0x518e597984c73e77!8m2!3d12.9093827!4d100.896364!16s%2Fg%2F11qmmk6cyq!19sChIJbQGXttCVAjERdz7HhHlZjlE?authuser=0&hl=en&rclk=1,5.0,31,,,,,"Trendy Smile Dental Clinic
5.0(31)
Dentist

Directions",12.9236,100.87787842715137
0x3102be0756ad160b:0xaf9dbd743c015a0e,OrthoSmile Dental Clinic : Dentist Dental Clinic Pattaya ทำฟัน จัดฟัน จัดฟันแบบใส Invisalign พัทยา,https://www.google.com/maps/place/OrthoSmile+Dental+Clinic+:+Dentist+Dental+Clinic+Pattaya+%E0%B8%97%E0%B8%B3%E0%B8%9F%E0%B8%B1%E0%B8%99+%E0%B8%88%E0%B8%B1%E0%B8%94%E0%B8%9F%E0%B8%B1%E0%B8%99+%E0%B8%88%E0%B8%B1%E0%B8%94%E0%B8%9F%E0%B8%B1%E0%B8%99%E0%B9%81%E0%B8%9A%E0%B8%9A%E0%B9%83%E0%B8%AA+Invisalign+%E0%B8%9E%E0%B8%B1%E0%B8%97%E0%B8%A2%E0%B8%B2/data=!4m7!3m6!1s0x3102be0756ad160b:0xaf9dbd743c015a0e!8m2!3d12.9509152!4d100.8906601!16s%2Fg%2F11f00kq8j_!19sChIJCxatVge-AjERDloBPHS9na8?authuser=0&hl=en&rclk=1,4.8,254,,Dental clinic,212/6-7 ถ. พัทยาเหนือ,Closed · Opens 10 am · +66 38 488 354,"OrthoSmile Dental Clinic : Dentist Dental Clinic Pattaya ทำฟัน จัดฟัน จัดฟันแบบใส Invisalign พัทยา
4.8(254)
Dental clinic · 212/6-7 ถ. พัทยาเหนือ
Closed · Opens 10 am · +66 38 488 354

Website

Directions
 
""Professional staff, comfortable atmosphere, and excellent care.""
 

Book online",12.9236,100.87787842715137
0x310295fd1cb09973:0x7024b3ac3127069f,ดีโอ้ เดนทัล คลินิก พัทยา ทำฟัน จัดฟัน ฟันปลอม รากเทียม รากฟันเทียม วีเนียร์,https://www.google.com/maps/place/%E0%B8%94%E0%B8%B5%E0%B9%82%E0%B8%AD%E0%B9%89+%E0%B9%80%E0%B8%94%E0%B8%99%E0%B8%97%E0%B8%B1%E0%B8%A5+%E0%B8%84%E0%B8%A5%E0%B8%B4%E0%B8%99%E0%B8%B4%E0%B8%81+%E0%B8%9E%E0%B8%B1%E0%B8%97%E0%B8%A2%E0%B8%B2+%E0%B8%97%E0%B8%B3%E0%B8%9F%E0%B8%B1%E0%B8%99+%E0%B8%88%E0%B8%B1%E0%B8%94%E0%B8%9F%E0%B8%B1%E0%B8%99+%E0%B8%9F%E0%B8%B1%E0%B8%99%E0%B8%9B%E0%B8%A5%E0%B8%AD%E0%B8%A1+%E0%B8%A3%E0%B8%B2%E0%B8%81%E0%B9%80%E0%B8%97%E0%B8%B5%E0%B8%A2%E0%B8%A1+%E0%B8%A3%E0%B8%B2%E0%B8%81%E0%B8%9F%E0%B8%B1%E0%B8%99%E0%B9%80%E0%B8%97%E0%B8%B5%E0%B8%A2%E0%B8%A1+%E0%B8%A7%E0%B8%B5%E0%B9%80%E0%B8%99%E0%B8%B5%E0%B8%A2%E0%B8%A3%E0%B9%8C/data=!4m7!3m6!1s0x310295fd1cb09973:0x7024b3ac3127069f!8m2!3d12.9373931!4d100.9026475!16s%2Fg%2F11g9mh7j83!19sChIJc5mwHP2VAjERnwYnMayzJHA?authuser=0&hl=en&rclk=1,4.9,271,,Dental clinic, · หมู่ที่ 6 8/3-4 Sukhumvit Rd,Closed · Opens 11 am · +66 89 127 0089,"ดีโอ้ เดนทัล คลินิก พัทยา ทำฟัน จัดฟัน ฟันปลอม รากเทียม รากฟันเทียม วีเนียร์
4.9(271)
Dental clinic ·  · หมู่ที่ 6 8/3-4 Sukhumvit Rd
Closed · Opens 11 am · +66 89 127 0089

Website

Directions
 
""Good dentist with local prices.""",12.9236,100.87787842715137
0x31029589a90e6a77:0x4e00ce21c733afc2,Pinky dental clinic (สาขาตลาดไร่วนาสินธุ์),https://www.google.com/maps/place/Pinky+dental+clinic+%28%E0%B8%AA%E0%B8%B2%E0%B8%82%E0%B8%B2%E0%B8%95%E0%B8%A5%E0%B8%B2%E0%B8%94%E0%B9%84%E0%B8%A3%E0%B9%88%E0%B8%A7%E0%B8%99%E0%B8%B2%E0%B8%AA%E0%B8%B4%E0%B8%99%E0%B8%98%E0%B8%B8%E0%B9%8C%29/data=!4m7!3m6!1s0x31029589a90e6a77:0x4e00ce21c733afc2!8m2!3d12.9408863!4d100.9210176!16s%2Fg%2F11c52bnn7z!19sChIJd2oOqYmVAjERwq8zxyHOAE4?authuser=0&hl=en&rclk=1,4.6,79,,Dental clinic,19 116-117 หมู่ที่ 6,Closed · Opens 9:30 am · +66 80 569 5353,"Pinky dental clinic (สาขาตลาดไร่วนาสินธุ์)
4.6(79)
Dental clinic · 19 116-117 หมู่ที่ 6
Closed · Opens 9:30 am · +66 80 569 5353

Website

Directions
 
""Quick service from the doctor and friendly staff""",12.9236,100.87787842715137
0x3102be0222f43a79:0xcf27dd984017e8e0,APC Dental Clinic,https://www.google.com/maps/place/APC+Dental+Clinic/data=!4m7!3m6!1s0x3102be0222f43a79:0xcf27dd984017e8e0!8m2!3d12.9460316!4d100.8964299!16s%2Fg%2F1s04bgkq5!19sChIJeTr0IgK-AjER4OgXQJjdJ88?authuser=0&hl=en&rclk=1,4.8,51,,Dental clinic, · เมืองพัทยา 3/307หมู่6ซ.เฉลิมพระเกียรติ2/2 N Pattaya Rd,Closed · Opens 10 am · +66 38 488 677,"APC Dental Clinic
4.8(51)
Dental clinic ·  · เมืองพัทยา 3/307หมู่6ซ.เฉลิมพระเกียรติ2/2 N Pattaya Rd
Closed · Opens 10 am · +66 38 488 677

Directions
 
""The doctor explained the procedures well and was careful.""",12.9236,100.87787842715137
0x310297004b9aa361:0xe1a6869afafcb8ea,Russian Dental (Русская Стоматология),https://www.google.com/maps/place/Russian+Dental+%28%D0%A0%D1%83%D1%81%D1%81%D0%BA%D0%B0%D1%8F+%D0%A1%D1%82%D0%BE%D0%BC%D0%B0%D1%82%D0%BE%D0%BB%D0%BE%D0%B3%D0%B8%D1%8F%29/data=!4m7!3m6!1s0x310297004b9aa361:0xe1a6869afafcb8ea!8m2!3d12.9114276!4d100.8677115!16s%2Fg%2F11lf2d9n2t!19sChIJYaOaSwCXAjER6rj8-pqGpuE?authuser=0&hl=en&rclk=1,1.0,1,,Dental clinic,"WV69+H3G, 2",,"Russian Dental (Русская Стоматология)
1.0(1)
Dental clinic · WV69+H3G, 2

Directions",12.9236,100.87787842715137
0x3102960798827c65:0x1f62a7186f465d32,Smile Design Dental Clinic,https://www.google.com/maps/place/Smile+Design+Dental+Clinic/data=!4m7!3m6!1s0x3102960798827c65:0x1f62a7186f465d32!8m2!3d12.9358796!4d100.8889241!16s%2Fg%2F11fzfbydv3!19sChIJZXyCmAeWAjERMl1GbxinYh8?authuser=0&hl=en&rclk=1,4.4,9,,Dental clinic,85 13 ซอย ประชาเสรื (กลาง),Closed · Opens 9 am Sun · +66 38 416 451,"Smile Design Dental Clinic
4.4(9)
Dental clinic · 85 13 ซอย ประชาเสรื (กลาง)
Closed · Opens 9 am Sun · +66 38 416 451

Directions
 
""The prices are fair and they are never rude.""",12.9236,100.87787842715137
0x31029606f7dad1ad:0x8f6e533974fa9ea6,SEA Smile Dental Clinic,https://www.google.com/maps/place/SEA+Smile+Dental+Clinic/data=!4m7!3m6!1s0x31029606f7dad1ad:0x8f6e533974fa9ea6!8m2!3d12.9359719!4d100.8880837!16s%2Fg%2F11fzrnfb0t!19sChIJrdHa9waWAjERpp76dDlTbo8?authuser=0&hl=en&rclk=1,3.9,10,,Dental clinic, · 341/8 หมู่9 ถนนพัทยากลาง,Closed · Opens 10 am · +66 65 994 9656,"SEA Smile Dental Clinic
3.9(10)
Dental clinic ·  · 341/8 หมู่9 ถนนพัทยากลาง
Closed · Opens 10 am · +66 65 994 9656

Directions
 
""Good Doctor,Dentist explains comprehensively.""",12.9236,100.87787842715137
0x310295bb19acc155:0x6d320cc984ff521c,The extra smile dental clinic,https://www.google.com/maps/place/The+extra+smile+dental+clinic/data=!4m7!3m6!1s0x310295bb19acc155:0x6d320cc984ff521c!8m2!3d12.9339607!4d100.8947119!16s%2Fg%2F11g19r9vml!19sChIJVcGsGbuVAjERHFL_hMkMMm0?authuser=0&hl=en&rclk=1,3.6,5,,Dental clinic,194/1 ม.9 ถนน พัทยากลาง,Closed · Opens 9 am · +66 92 648 9929,"The extra smile dental clinic
3.6(5)
Dental clinic · 194/1 ม.9 ถนน พัทยากลาง
Closed · Opens 9 am · +66 92 648 9929

Directions
 
On-site services",12.9236,100.87787842715137
0x3102be07521ef1cd:0xac1d726a307ffddb,PRO DENT,https://www.google.com/maps/place/PRO+DENT/data=!4m7!3m6!1s0x3102be07521ef1cd:0xac1d726a307ffddb!8m2!3d12.9508327!4d100.8909422!16s%2Fg%2F11b67r80dt!19sChIJzfEeUge-AjER2_1_MGpyHaw?authuser=0&hl=en&rclk=1,4.9,28,,Dental clinic,XV2R+89P,Closed · Opens 10 am · +66 82 255 9950,"PRO DENT
4.9(28)
Dental clinic · XV2R+89P
Closed · Opens 10 am · +66 82 255 9950

Directions
 
""had roots removed, didn't feel injection and dentist was brilliant 5*+ 👏""",12.9236,100.87787842715137
0x3102fbe57201ff39:0xe1e55181d80a5979,K&K Family Dental Clinic,https://www.google.com/maps/place/K%26K+Family+Dental+Clinic/data=!4m7!3m6!1s0x3102fbe57201ff39:0xe1e55181d80a5979!8m2!3d12.8576386!4d100.9108443!16s%2Fg%2F11sjljq586!19sChIJOf8BcuX7AjEReVkK2IFR5eE?authuser=0&hl=en&rclk=1,4.9,336,,Dental clinic,"Najomtien, 55/3",Closed · Opens 10 am · +66 91 859 9292,"K&K Family Dental Clinic
4.9(336)
Dental clinic · Najomtien, 55/3
Closed · Opens 10 am · +66 91 859 9292

Directions
 
""The first time, I had my teeth cleaned, and the job was done very well.""",12.9236,100.87787842715137
0x310295fb7a4cfb73:0xc7690950c2b5c96d,"DENTAL LOFT CLINIC & THE LOFTHOUSE, pattaya, dentist","https://www.google.com/maps/place/DENTAL+LOFT+CLINIC+%26+THE+LOFTHOUSE,+pattaya,+dentist/data=!4m7!3m6!1s0x310295fb7a4cfb73:0xc7690950c2b5c96d!8m2!3d12.9362677!4d100.8971495!16s%2Fg%2F1xg5q3g9!19sChIJc_tMevuVAjERbcm1wlAJacc?authuser=0&hl=en&rclk=1",4.6,18,,Dental clinic, · 333 7 เพนียดช้าง,Closed · Opens 10 am · +66 86 789 7579,"DENTAL LOFT CLINIC & THE LOFTHOUSE, pattaya, dentist
4.6(18)
Dental clinic ·  · 333 7 เพนียดช้าง
Closed · Opens 10 am · +66 86 789 7579

Directions
 
""The receptionist, Kun Bi, was courteous and friendly.""",12.9236,100.87787842715137
0x310295eda26b97fb:0xa8702ace65680ee7,Amon Dental clinic (สาขาเนินพลับหวาน),https://www.google.com/maps/place/Amon+Dental+clinic+%28%E0%B8%AA%E0%B8%B2%E0%B8%82%E0%B8%B2%E0%B9%80%E0%B8%99%E0%B8%B4%E0%B8%99%E0%B8%9E%E0%B8%A5%E0%B8%B1%E0%B8%9A%E0%B8%AB%E0%B8%A7%E0%B8%B2%E0%B8%99%29/data=!4m7!3m6!1s0x310295eda26b97fb:0xa8702ace65680ee7!8m2!3d12.9311844!4d100.9096083!16s%2Fg%2F11g8wtxrfv!19sChIJ-5drou2VAjER5w5oZc4qcKg?authuser=0&hl=en&rclk=1,4.8,120,,Dental clinic,67 54 หมู่5 Noen Plubwan Rd,Closed · Opens 9:30 am · +66 82 468 0345,"Amon Dental clinic (สาขาเนินพลับหวาน)
4.8(120)
Dental clinic · 67 54 หมู่5 Noen Plubwan Rd
Closed · Opens 9:30 am · +66 82 468 0345

Website

Directions
 
""went for teeth cleaning was very happy with results , and good price""",12.9236,100.87787842715137
0x31029664b4d842ab:0x59820ef5b45c9091,Wan Wan Dental Clinic.,https://www.google.com/maps/place/Wan+Wan+Dental+Clinic./data=!4m7!3m6!1s0x31029664b4d842ab:0x59820ef5b45c9091!8m2!3d12.9068368!4d100.8789575!16s%2Fg%2F1pzyvp0wy!19sChIJq0LYtGSWAjERkZBctPUOglk?authuser=0&hl=en&rclk=1,5.0,2,,Dental clinic,"189, 59-60 Thepprasit Rd",,"Wan Wan Dental Clinic.
5.0(2)
Dental clinic · 189, 59-60 Thepprasit Rd
+66 38 301 272

Directions",12.9236,100.87787842715137
0x310295e4d2086d85:0xb6de22766adc102d,Dentalideas Clinic,https://www.google.com/maps/place/Dentalideas+Clinic/data=!4m7!3m6!1s0x310295e4d2086d85:0xb6de22766adc102d!8m2!3d12.9328112!4d100.897886!16s%2Fg%2F11bw47b0d_!19sChIJhW0I0uSVAjERLRDcanYi3rY?authuser=0&hl=en&rclk=1,4.2,9,,,,Closed · Opens 10 am · +66 89 250 5757,"Dentalideas Clinic
4.2(9)
206/8-9, Central Pattaya Rd
Closed · Opens 10 am · +66 89 250 5757

Directions
 
On-site services not available",12.927786695243638,100.89068439905361
0x3102969a5132a507:0xf71a1fbf0176757d,Thai Smile Dental Clinic คลินิกทันตกรรมไทยสไมล์,https://www.google.com/maps/place/Thai+Smile+Dental+Clinic+%E0%B8%84%E0%B8%A5%E0%B8%B4%E0%B8%99%E0%B8%B4%E0%B8%81%E0%B8%97%E0%B8%B1%E0%B8%99%E0%B8%95%E0%B8%81%E0%B8%A3%E0%B8%A3%E0%B8%A1%E0%B9%84%E0%B8%97%E0%B8%A2%E0%B8%AA%E0%B9%84%E0%B8%A1%E0%B8%A5%E0%B9%8C/data=!4m7!3m6!1s0x3102969a5132a507:0xf71a1fbf0176757d!8m2!3d12.9218261!4d100.8975321!16s%2Fg%2F1tjhv32c!19sChIJB6UyUZqWAjERfXV2Ab8fGvc?authuser=0&hl=en&rclk=1,3.8,18,,Dental clinic,151Sukhumvit Rd. Between South - Central Pattaya 151/10 หมู่ 9 ถนน สุขุมวิท S Pattaya Rd,Closed · Opens 1 pm · +66 92 695 9992,"Thai Smile Dental Clinic คลินิกทันตกรรมไทยสไมล์
3.8(18)
Dental clinic · 151Sukhumvit Rd. Between South - Central Pattaya 151/10 หมู่ 9 ถนน สุขุมวิท S Pattaya Rd
Closed · Opens 1 pm · +66 92 695 9992

Directions
 
""My son goes there too and feels the same way.""",12.927786695243638,100.89068439905361
0x310295d8ff0aaaab:0xc9be9dd5afc55fab,Dentist Nancy,https://www.google.com/maps/place/Dentist+Nancy/data=!4m7!3m6!1s0x310295d8ff0aaaab:0xc9be9dd5afc55fab!8m2!3d12.9218895!4d100.8975004!16s%2Fg%2F11pcmhltfm!19sChIJq6oK_9iVAjERq1_Fr9Wdvsk?authuser=0&hl=en&rclk=1,5.0,6,,Dental clinic,"151/10 Moo 9 Sukhumvit Road, near",Closed · Opens 10 am · +66 92 695 9992,"Dentist Nancy
5.0(6)
Dental clinic · 151/10 Moo 9 Sukhumvit Road, near
Closed · Opens 10 am · +66 92 695 9992

Directions
 
""I never have a good experience with dentist before.""",12.927786695243638,100.89068439905361
0x310297cb69d71c91:0xe379f86fba2dda43,Love Smile,https://www.google.com/maps/place/Love+Smile/data=!4m7!3m6!1s0x310297cb69d71c91:0xe379f86fba2dda43!8m2!3d12.9328523!4d100.8870572!16s%2Fg%2F11f660pq91!19sChIJkRzXacuXAjERQ9otum_4eeM?authuser=0&hl=en&rclk=1,,0,,Dental clinic,เลขที่ 350/40 หมู่ที่ 9,,"Love Smile
No reviews
Dental clinic · เลขที่ 350/40 หมู่ที่ 9

Directions",12.927786695243638,100.89068439905361
0x310295fd3e695027:0xd0de9eac0a00365b,Ban Mor Fan Clinic豬雜,https://www.google.com/maps/place/Ban+Mor+Fan+Clinic%E8%B1%AC%E9%9B%9C/data=!4m7!3m6!1s0x310295fd3e695027:0xd0de9eac0a00365b!8m2!3d12.9349174!4d100.8912267!16s%2Fg%2F1hc1z5977!19sChIJJ1BpPv2VAjERWzYACqye3tA?authuser=0&hl=en&rclk=1,4.5,2,,Dental clinic,หมู่ 9 418/13-14 Central Pattaya Rd,Closed · Opens 9 am · +66 38 720 079,"Ban Mor Fan Clinic豬雜
4.5(2)
Dental clinic · หมู่ 9 418/13-14 Central Pattaya Rd
Closed · Opens 9 am · +66 38 720 079

Website

Directions",12.927786695243638,100.89068439905361
0x310295e704761037:0xe055eb254c66b543,P.S Dental Clinic.,https://www.google.com/maps/place/P.S+Dental+Clinic./data=!4m7!3m6!1s0x310295e704761037:0xe055eb254c66b543!8m2!3d12.924289!4d100.898314!16s%2Fg%2F1pzr2vyfq!19sChIJNxB2BOeVAjERQ7VmTCXrVeA?authuser=0&hl=en&rclk=1,,0,,Dental clinic,"112/44, Soi Nuern Plub Warn, Sukhumvit Road, Tambon Nong Prue, Amphoe Bang Lamung, Chon Buri, 20150",,"P.S Dental Clinic.
No reviews
Dental clinic · 112/44, Soi Nuern Plub Warn, Sukhumvit Road, Tambon Nong Prue, Amphoe Bang Lamung, Chon Buri, 20150
+66 38 425 522

Directions",12.927786695243638,100.89068439905361
0x3102950fd9e4115d:0xaf149caadfbfe2d5,Dental Today.,https://www.google.com/maps/place/Dental+Today./data=!4m7!3m6!1s0x3102950fd9e4115d:0xaf149caadfbfe2d5!8m2!3d12.9356234!4d100.8897523!16s%2Fg%2F1pzsd5bk5!19sChIJXRHk2Q-VAjER1eK_36qcFK8?authuser=0&hl=en&rclk=1,5.0,1,,Dental clinic,"181/7 Moo 9, Pattaya Klang Road, Tambon Nong Prue, Amphoe Banglamung, Chonburi, 20260",,"Dental Today.
5.0(1)
Dental clinic · 181/7 Moo 9, Pattaya Klang Road, Tambon Nong Prue, Amphoe Banglamung, Chonburi, 20260
+66 38 425 289

Directions",12.927786695243638,100.89068439905361
0x310295ee16b31133:0x9c92124068c805cd,Amon dental clinic สาขาตลาดเจ้าสัว,https://www.google.com/maps/place/Amon+dental+clinic+%E0%B8%AA%E0%B8%B2%E0%B8%82%E0%B8%B2%E0%B8%95%E0%B8%A5%E0%B8%B2%E0%B8%94%E0%B9%80%E0%B8%88%E0%B9%89%E0%B8%B2%E0%B8%AA%E0%B8%B1%E0%B8%A7/data=!4m7!3m6!1s0x310295ee16b31133:0x9c92124068c805cd!8m2!3d12.9318003!4d100.9061748!16s%2Fg%2F11hczx7wdp!19sChIJMxGzFu6VAjERzQXIaEASkpw?authuser=0&hl=en&rclk=1,5.0,87,,Dental clinic,20,Closed · Opens 9:30 am · +66 95 589 9559,"Amon dental clinic สาขาตลาดเจ้าสัว
5.0(87)
Dental clinic · 20
Closed · Opens 9:30 am · +66 95 589 9559

Website

Directions
 
""Good experience from the first time doctor so kind and sofr hand""",12.927786695243638,100.89068439905361
0x3102966120918ed9:0xa4d44558b8f96290,Smile Dental Clinic by Suppanut Boonperm D.D.S.,https://www.google.com/maps/place/Smile+Dental+Clinic+by+Suppanut+Boonperm+D.D.S./data=!4m7!3m6!1s0x3102966120918ed9:0xa4d44558b8f96290!8m2!3d12.9048549!4d100.8705846!16s%2Fg%2F11c2r5t3ph!19sChIJ2Y6RIGGWAjERkGL5uFhF1KQ?authuser=0&hl=en&rclk=1,3.7,7,,Dental clinic,315/23 Thepprasit Rd,Closed · Opens 2:30 pm Mon · +66 88 195 1002,"Smile Dental Clinic by Suppanut Boonperm D.D.S.
3.7(7)
Dental clinic · 315/23 Thepprasit Rd
Closed · Opens 2:30 pm Mon · +66 88 195 1002

Website

Directions
 
""Great dentist, great prices !!""",12.915176430246078,100.8792223353641
0x31029581c9132433:0xaa677cd410d43157,Pattaya dental care jomtien,https://www.google.com/maps/place/Pattaya+dental+care+jomtien/data=!4m7!3m6!1s0x31029581c9132433:0xaa677cd410d43157!8m2!3d12.8809105!4d100.8977685!16s%2Fg%2F11fqqdqjfq!19sChIJMyQTyYGVAjERVzHUENR8Z6o?authuser=0&hl=en&rclk=1,4.8,22,,Hospital,VVJX+946,Closed · Opens 10 am · +66 86 788 1418,"Pattaya dental care jomtien
4.8(22)
Hospital · VVJX+946
Closed · Opens 10 am · +66 86 788 1418

Website

Directions
 
""Prices are very reasonable for services.""",12.915176430246078,100.8792223353641
0x310295fe2a7cdee7:0xbee17e31cd1887cc,อินโนวาเดนทัลคลินิกทันตกรรม สาขาจอมเทียน,https://www.google.com/maps/place/%E0%B8%AD%E0%B8%B4%E0%B8%99%E0%B9%82%E0%B8%99%E0%B8%A7%E0%B8%B2%E0%B9%80%E0%B8%94%E0%B8%99%E0%B8%97%E0%B8%B1%E0%B8%A5%E0%B8%84%E0%B8%A5%E0%B8%B4%E0%B8%99%E0%B8%B4%E0%B8%81%E0%B8%97%E0%B8%B1%E0%B8%99%E0%B8%95%E0%B8%81%E0%B8%A3%E0%B8%A3%E0%B8%A1+%E0%B8%AA%E0%B8%B2%E0%B8%82%E0%B8%B2%E0%B8%88%E0%B8%AD%E0%B8%A1%E0%B9%80%E0%B8%97%E0%B8%B5%E0%B8%A2%E0%B8%99/data=!4m7!3m6!1s0x310295fe2a7cdee7:0xbee17e31cd1887cc!8m2!3d12.9091864!4d100.8939338!16s%2Fg%2F11qptz2__7!19sChIJ5958Kv6VAjERzIcYzTF-4b4?authuser=0&hl=en&rclk=1,4.9,12,,Dental clinic,189 59-60 หมู่11 Thepprasit Rd,Closed · Opens 11 am · +66 89 141 9209,"อินโนวาเดนทัลคลินิกทันตกรรม สาขาจอมเทียน
4.9(12)
Dental clinic · 189 59-60 หมู่11 Thepprasit Rd
Closed · Opens 11 am · +66 89 141 9209

Website

Directions",12.915176430246078,100.8792223353641
0x31029642726936bf:0xc47f5ab001d7b8d8,Smile Time Dental Clinic.,https://www.google.com/maps/place/Smile+Time+Dental+Clinic./data=!4m7!3m6!1s0x31029642726936bf:0xc47f5ab001d7b8d8!8m2!3d12.900449!4d100.8693809!16s%2Fg%2F1pzrxn9xf!19sChIJvzZpckKWAjER2LjXAbBaf8Q?authuser=0&hl=en&rclk=1,4.5,11,,Dental clinic,"406/335, Thappraya Road, Tambon Nong Prue, Amphoe Bang Lamung",Closed · Opens 9 am · +66 82 207 9691,"Smile Time Dental Clinic.
4.5(11)
Dental clinic · 406/335, Thappraya Road, Tambon Nong Prue, Amphoe Bang Lamung
Closed · Opens 9 am · +66 82 207 9691

Website

Directions
 
""Dr Preecha and the rest of his team cleaned my teeth.""",12.915176430246078,100.8792223353641
0x310297003a633911:0x7e8a3c9ff54fa222,Jomtien Soi 5 Dental Clinic,https://www.google.com/maps/place/Jomtien+Soi+5+Dental+Clinic/data=!4m7!3m6!1s0x310297003a633911:0x7e8a3c9ff54fa222!8m2!3d12.8972864!4d100.8704397!16s%2Fg%2F11ybkkjzx5!19sChIJETljOgCXAjERIqJP9Z88in4?authuser=0&hl=en&rclk=1,5.0,5,,Dentist,75/49 Soi Jomtien 5 Alley,,"Jomtien Soi 5 Dental Clinic
5.0(5)
Dentist · 75/49 Soi Jomtien 5 Alley
+66 38 231 158

Directions
 
""Excellent care.""",12.915176430246078,100.8792223353641
0x3102968b000b2471:0x443e3175b2d236e6,Jomtien Soi 5 Dental Clinic,https://www.google.com/maps/place/Jomtien+Soi+5+Dental+Clinic/data=!4m7!3m6!1s0x3102968b000b2471:0x443e3175b2d236e6!8m2!3d12.8770641!4d100.8854941!16s%2Fg%2F11gdkx6yrf!19sChIJcSQLAIuWAjER5jbSsnUxPkQ?authuser=0&hl=en&rclk=1,4.0,22,,Dentist,75/51 หมู่ 12,Closed · Opens 10 am · +66 89 140 5464,"Jomtien Soi 5 Dental Clinic
4.0(22)
Dentist · 75/51 หมู่ 12
Closed · Opens 10 am · +66 89 140 5464

Directions
 
""My very skilled dentist, great work, and medium priced.""",12.915176430246078,100.8792223353641
0x3102972ec464838b:0xf644564bcbd4d106,Doctor & Dentist,https://www.google.com/maps/place/Doctor+%26+Dentist/data=!4m7!3m6!1s0x3102972ec464838b:0xf644564bcbd4d106!8m2!3d12.9369052!4d100.8844994!16s%2Fg%2F11jx22yn7_!19sChIJi4NkxC6XAjERBtHUy0tWRPY?authuser=0&hl=en&rclk=1,4.7,12,,Dentist,"1, 20 Central Pattaya Rd",Closed · Opens 9 am · +66 38 429 357,"Doctor & Dentist
4.7(12)
Dentist · 1, 20 Central Pattaya Rd
Closed · Opens 9 am · +66 38 429 357

Directions
 
""Very professional and friendly dentist and staff.""",12.936700003593776,100.88590358718629
0x31029607aed6c571:0x379ff107ab54933e,คลินิกลานนาทันตแพทย์,https://www.google.com/maps/place/%E0%B8%84%E0%B8%A5%E0%B8%B4%E0%B8%99%E0%B8%B4%E0%B8%81%E0%B8%A5%E0%B8%B2%E0%B8%99%E0%B8%99%E0%B8%B2%E0%B8%97%E0%B8%B1%E0%B8%99%E0%B8%95%E0%B9%81%E0%B8%9E%E0%B8%97%E0%B8%A2%E0%B9%8C/data=!4m7!3m6!1s0x31029607aed6c571:0x379ff107ab54933e!8m2!3d12.9360002!4d100.8879003!16s%2Fg%2F1tfn05hc!19sChIJccXWrgeWAjERPpNUqwfxnzc?authuser=0&hl=en&rclk=1,5.0,3,,Dental clinic,"336, 19 Central Pattaya Rd",,"คลินิกลานนาทันตแพทย์
5.0(3)
Dental clinic · 336, 19 Central Pattaya Rd
+66 38 428 815

Directions",12.936700003593776,100.88590358718629
0x3102be037ecb5a55:0xeba63e3b9d321f0a,AdenZa Dental,https://www.google.com/maps/place/AdenZa+Dental/data=!4m7!3m6!1s0x3102be037ecb5a55:0xeba63e3b9d321f0a!8m2!3d12.9497991!4d100.8990264!16s%2Fg%2F11c2qr78h_!19sChIJVVrLfgO-AjERCh8ynTs-pus?authuser=0&hl=en&rclk=1,5.0,23,,Dental clinic," · 159/187 Moo 5, North Pattaya Road",Closed · Opens 10 am · +66 33 072 684,"AdenZa Dental
5.0(23)
Dental clinic ·  · 159/187 Moo 5, North Pattaya Road
Closed · Opens 10 am · +66 33 072 684

Website

Directions
 
""I had a tooth pulled to get ready for an implant, went very smoothly.""",12.936700003593776,100.88590358718629
0x3102950fa14d11cf:0x6c4a13a77474cbb2,Smile Art Dental Clinic Pattaya,https://www.google.com/maps/place/Smile+Art+Dental+Clinic+Pattaya/data=!4m7!3m6!1s0x3102950fa14d11cf:0x6c4a13a77474cbb2!8m2!3d12.9409404!4d100.9216999!16s%2Fg%2F11c3kx8q_7!19sChIJzxFNoQ-VAjERsst0dKcTSmw?authuser=0&hl=en&rclk=1,4.5,41,,Dentist,19 104 ม.6 Pornprapanimit Rd,Closed · Opens 10 am · +66 80 533 6633,"Smile Art Dental Clinic Pattaya
4.5(41)
Dentist · 19 104 ม.6 Pornprapanimit Rd
Closed · Opens 10 am · +66 80 533 6633

Directions
 
""all well explained, good work and the most gentle sedation possible.""",12.936700003593776,100.88590358718629
0x310295fd6b08c839:0xbdcfc04e5d6af615,จัดฟันพัทยา,https://www.google.com/maps/place/%E0%B8%88%E0%B8%B1%E0%B8%94%E0%B8%9F%E0%B8%B1%E0%B8%99%E0%B8%9E%E0%B8%B1%E0%B8%97%E0%B8%A2%E0%B8%B2/data=!4m7!3m6!1s0x310295fd6b08c839:0xbdcfc04e5d6af615!8m2!3d12.9383912!4d100.8987864!16s%2Fg%2F11ckr4k24l!19sChIJOcgIa_2VAjERFfZqXU7Az70?authuser=0&hl=en&rclk=1,4.3,6,,Dental clinic,Paniad Chang 8 Alley,Closed · Opens 11 am · +66 38 416 817,"จัดฟันพัทยา
4.3(6)
Dental clinic · Paniad Chang 8 Alley
Closed · Opens 11 am · +66 38 416 817

Website

Directions",12.936700003593776,100.88590358718629
0x3102bfb8bd35fb19:0xc216da1ecfe3bdff,Kindness Dental Clinic,https://www.google.com/maps/place/Kindness+Dental+Clinic/data=!4m7!3m6!1s0x3102bfb8bd35fb19:0xc216da1ecfe3bdff!8m2!3d12.962259!4d100.8957499!16s%2Fg%2F11w919h_tb!19sChIJGfs1vbi_AjER_73jzx7aFsI?authuser=0&hl=en&rclk=1,4.9,53,,Dental clinic,119/79 หมู่ที่ 5,Closed · Opens 10 am · +66 63 692 2828,"Kindness Dental Clinic
4.9(53)
Dental clinic · 119/79 หมู่ที่ 5
Closed · Opens 10 am · +66 63 692 2828

Website

Directions
 
""Very professional Dentist and cute mak mak.""",12.936700003593776,100.88590358718629
0x433b63c630c4024f:0x8ed62b581b6e9d95,Dental Veneer Studio – Veneers & Smile Design Pattaya,https://www.google.com/maps/place/Dental+Veneer+Studio+%E2%80%93+Veneers+%26+Smile+Design+Pattaya/data=!4m7!3m6!1s0x433b63c630c4024f:0x8ed62b581b6e9d95!8m2!3d12.952102!4d100.8884601!16s%2Fg%2F11zj2jqgbz!19sChIJTwLEMMZjO0MRlZ1uG1gr1o4?authuser=0&hl=en&rclk=1,4.6,11,,Dental clinic,"179, 92",Closed · Opens 10 am · +66 64 541 7424,"Dental Veneer Studio – Veneers & Smile Design Pattaya
4.6(11)
Dental clinic · 179, 92
Closed · Opens 10 am · +66 64 541 7424

Website

Directions
 
""The doctor is very gentle, patient, and detail-oriented.""",12.936700003593776,100.88590358718629
0x3102bdfd647581f5:0x9d22fc0f49491163,Dentista dental clinic (Naklua),https://www.google.com/maps/place/Dentista+dental+clinic+%28Naklua%29/data=!4m7!3m6!1s0x3102bdfd647581f5:0x9d22fc0f49491163!8m2!3d12.9543999!4d100.8897646!16s%2Fg%2F1hc4wpw02!19sChIJ9YF1ZP29AjERYxFJSQ_8Ip0?authuser=0&hl=en&rclk=1,4.1,29,,Dental clinic,"157, 73-74 หมู่ 5",Closed · Opens 10 am · +66 38 371 142,"Dentista dental clinic (Naklua)
4.1(29)
Dental clinic · 157, 73-74 หมู่ 5
Closed · Opens 10 am · +66 38 371 142

Directions
 
""Professional service, the doctor is helpful and speaks good English.""",12.936700003593776,100.88590358718629
0x310295925214cc45:0xfa111514d645e61a,VDentalClinic สาขา 2,https://www.google.com/maps/place/VDentalClinic+%E0%B8%AA%E0%B8%B2%E0%B8%82%E0%B8%B2+2/data=!4m7!3m6!1s0x310295925214cc45:0xfa111514d645e61a!8m2!3d12.9298342!4d100.9163242!16s%2Fg%2F11f04d5jth!19sChIJRcwUUpKVAjERGuZF1hQVEfo?authuser=0&hl=en&rclk=1,4.7,34,,,,Closed · Opens 10 am · +66 62 515 9796,"VDentalClinic สาขา 2
4.7(34)
Dental clinic
Closed · Opens 10 am · +66 62 515 9796

Directions
 
""The dentist is very friendly and takes his time to explain everything.""",12.936700003593776,100.88590358718629
0x310295925648ac67:0x429d8cfbf7e0e5af,"คลินิกทันตกรรมศิริ Siri Dental Clinic ทำฟันพัทยา ฟันปลอมพัทยา หมอฟันพัทยา รากเทียมพัทยา , Darkside Pattaya Dentist","https://www.google.com/maps/place/%E0%B8%84%E0%B8%A5%E0%B8%B4%E0%B8%99%E0%B8%B4%E0%B8%81%E0%B8%97%E0%B8%B1%E0%B8%99%E0%B8%95%E0%B8%81%E0%B8%A3%E0%B8%A3%E0%B8%A1%E0%B8%A8%E0%B8%B4%E0%B8%A3%E0%B8%B4+Siri+Dental+Clinic+%E0%B8%97%E0%B8%B3%E0%B8%9F%E0%B8%B1%E0%B8%99%E0%B8%9E%E0%B8%B1%E0%B8%97%E0%B8%A2%E0%B8%B2+%E0%B8%9F%E0%B8%B1%E0%B8%99%E0%B8%9B%E0%B8%A5%E0%B8%AD%E0%B8%A1%E0%B8%9E%E0%B8%B1%E0%B8%97%E0%B8%A2%E0%B8%B2+%E0%B8%AB%E0%B8%A1%E0%B8%AD%E0%B8%9F%E0%B8%B1%E0%B8%99%E0%B8%9E%E0%B8%B1%E0%B8%97%E0%B8%A2%E0%B8%B2+%E0%B8%A3%E0%B8%B2%E0%B8%81%E0%B9%80%E0%B8%97%E0%B8%B5%E0%B8%A2%E0%B8%A1%E0%B8%9E%E0%B8%B1%E0%B8%97%E0%B8%A2%E0%B8%B2+,+Darkside+Pattaya+Dentist/data=!4m7!3m6!1s0x310295925648ac67:0x429d8cfbf7e0e5af!8m2!3d12.9297845!4d100.9179776!16s%2Fg%2F11c0xh5ybw!19sChIJZ6xIVpKVAjERr-Xg9_uMnUI?authuser=0&hl=en&rclk=1",5.0,1299,,Dental clinic, · Noen Plubwan Rd,Closed · Opens 10 am · +66 62 358 1478,"คลินิกทันตกรรมศิริ Siri Dental Clinic ทำฟันพัทยา ฟันปลอมพัทยา หมอฟันพัทยา รากเทียมพัทยา , Darkside Pattaya Dentist
5.0(1,299)
Dental clinic ·  · Noen Plubwan Rd
Closed · Opens 10 am · +66 62 358 1478

Website

Directions
 
""Very good dentist very clean and nice staff and nic doctor""",12.936700003593776,100.88590358718629
0x310295effe28442b:0x1b27bf90516199a0,T & P Dental Clinic,https://www.google.com/maps/place/T+%26+P+Dental+Clinic/data=!4m7!3m6!1s0x310295effe28442b:0x1b27bf90516199a0!8m2!3d12.9314377!4d100.906291!16s%2Fg%2F1pzrz2ggk!19sChIJK0Qo_u-VAjERoJlhUZC_Jxs?authuser=0&hl=en&rclk=1,4.9,7,,Dental clinic,"20, 20/5 Soi Sukhumvit Pattaya, 5 Sukhumvit Rd",Closed · Opens 10 am · +66 81 715 4165,"T & P Dental Clinic
4.9(7)
Dental clinic · 20, 20/5 Soi Sukhumvit Pattaya, 5 Sukhumvit Rd
Closed · Opens 10 am · +66 81 715 4165

Directions
 
""We came on referral and we're taken care of quickly.""",12.936700003593776,100.88590358718629
0x3102bf001548b1a5:0x70b59cf891e64880,Beam dental clinic สาขา2 หนองปรือ,https://www.google.com/maps/place/Beam+dental+clinic+%E0%B8%AA%E0%B8%B2%E0%B8%82%E0%B8%B22+%E0%B8%AB%E0%B8%99%E0%B8%AD%E0%B8%87%E0%B8%9B%E0%B8%A3%E0%B8%B7%E0%B8%AD/data=!4m7!3m6!1s0x3102bf001548b1a5:0x70b59cf891e64880!8m2!3d12.9426133!4d100.9482051!16s%2Fg%2F11yqlvj1pn!19sChIJpbFIFQC_AjERgEjmkfictXA?authuser=0&hl=en&rclk=1,5.0,57,,Dental clinic,"WWVX+27W, Chaiyaphon Withi 27 Alley",Closed · Opens 10 am · +66 99 669 3642,"Beam dental clinic สาขา2 หนองปรือ
5.0(57)
Dental clinic · WWVX+27W, Chaiyaphon Withi 27 Alley
Closed · Opens 10 am · +66 99 669 3642

Directions",12.936700003593776,100.88590358718629
0x3102bf3b66ccd7f9:0x60215cb6299a5666,PP Smile Dental Clinic | Pattaya,https://www.google.com/maps/place/PP+Smile+Dental+Clinic+%7C+Pattaya/data=!4m7!3m6!1s0x3102bf3b66ccd7f9:0x60215cb6299a5666!8m2!3d12.96387!4d100.9198936!16s%2Fg%2F11yz9cs3kd!19sChIJ-dfMZju_AjERZlaaKbZcIWA?authuser=0&hl=en&rclk=1,5.0,1,,Dental clinic,144/214 ม.12,Closed · Opens 10 am · +66 95 662 4951,"PP Smile Dental Clinic | Pattaya
5.0(1)
Dental clinic · 144/214 ม.12
Closed · Opens 10 am · +66 95 662 4951

Website

Directions",12.936700003593776,100.88590358718629
0x310295eaea15a051:0x14b42eeea8e09177,THIRATA DENTAL CLINIC,https://www.google.com/maps/place/THIRATA+DENTAL+CLINIC/data=!4m7!3m6!1s0x310295eaea15a051:0x14b42eeea8e09177!8m2!3d12.9235283!4d100.9071734!16s%2Fg%2F11c2p9bqxj!19sChIJUaAV6uqVAjERd5HgqO4utBQ?authuser=0&hl=en&rclk=1,4.6,9,,Dental clinic, · 15 223-224 หมู่ 5 Boonsampan 2/1 Alley,Closed · Opens 9 am · +66 87 133 9659,"THIRATA DENTAL CLINIC
4.6(9)
Dental clinic ·  · 15 223-224 หมู่ 5 Boonsampan 2/1 Alley
Closed · Opens 9 am · +66 87 133 9659

Directions
 
""She (the Doctor) advised what was wrong and the possible solutions.""",12.936700003593776,100.88590358718629
0x4aa38eb11a737599:0x8150ee9b4bd52d85,Forfriends Dental Clinic คลินิกทันตกรรมฟอร์เฟรนด์,https://www.google.com/maps/place/Forfriends+Dental+Clinic+%E0%B8%84%E0%B8%A5%E0%B8%B4%E0%B8%99%E0%B8%B4%E0%B8%81%E0%B8%97%E0%B8%B1%E0%B8%99%E0%B8%95%E0%B8%81%E0%B8%A3%E0%B8%A3%E0%B8%A1%E0%B8%9F%E0%B8%AD%E0%B8%A3%E0%B9%8C%E0%B9%80%E0%B8%9F%E0%B8%A3%E0%B8%99%E0%B8%94%E0%B9%8C/data=!4m7!3m6!1s0x4aa38eb11a737599:0x8150ee9b4bd52d85!8m2!3d12.9690457!4d100.9012246!16s%2Fg%2F11xcd80g7b!19sChIJmXVzGrGOo0oRhS3VS5vuUIE?authuser=0&hl=en&rclk=1,4.8,57,,Dental clinic,"69, 9",Closed · Opens 10 am · +66 64 669 2641,"Forfriends Dental Clinic คลินิกทันตกรรมฟอร์เฟรนด์
4.8(57)
Dental clinic · 69, 9
Closed · Opens 10 am · +66 64 669 2641

Directions
 
""Very kinds and Good Service""",12.936700003593776,100.88590358718629
0x310295aafa1426e3:0xdabd190c8fbb6d79,Goody Dental Clinic คลินิกทันตกรรมกู๊ดดี้ หนองปรือ พัทยา,https://www.google.com/maps/place/Goody+Dental+Clinic+%E0%B8%84%E0%B8%A5%E0%B8%B4%E0%B8%99%E0%B8%B4%E0%B8%81%E0%B8%97%E0%B8%B1%E0%B8%99%E0%B8%95%E0%B8%81%E0%B8%A3%E0%B8%A3%E0%B8%A1%E0%B8%81%E0%B8%B9%E0%B9%8A%E0%B8%94%E0%B8%94%E0%B8%B5%E0%B9%89+%E0%B8%AB%E0%B8%99%E0%B8%AD%E0%B8%87%E0%B8%9B%E0%B8%A3%E0%B8%B7%E0%B8%AD+%E0%B8%9E%E0%B8%B1%E0%B8%97%E0%B8%A2%E0%B8%B2/data=!4m7!3m6!1s0x310295aafa1426e3:0xdabd190c8fbb6d79!8m2!3d12.9328818!4d100.9387563!16s%2Fg%2F11w7kwcc7l!19sChIJ4yYU-qqVAjEReW27jwwZvdo?authuser=0&hl=en&rclk=1,4.9,74,,Dental clinic,"222, 20 M.7 Pornprapanimit Rd",Closed · Opens 9:30 am · +66 65 165 5495,"Goody Dental Clinic คลินิกทันตกรรมกู๊ดดี้ หนองปรือ พัทยา
4.9(74)
Dental clinic · 222, 20 M.7 Pornprapanimit Rd
Closed · Opens 9:30 am · +66 65 165 5495

Website

Directions
 
""Friendly English speaking staff and Doctors, clean and professional.""",12.936700003593776,100.88590358718629
0x3102bfb91a5ee7a5:0xd591f346dab4fe91,iLike Dental Clinic คลีนิกทันตกรรมไอไลค์ ทำฟัน จัดฟัน รากเทียม พัทยา,https://www.google.com/maps/place/iLike+Dental+Clinic+%E0%B8%84%E0%B8%A5%E0%B8%B5%E0%B8%99%E0%B8%B4%E0%B8%81%E0%B8%97%E0%B8%B1%E0%B8%99%E0%B8%95%E0%B8%81%E0%B8%A3%E0%B8%A3%E0%B8%A1%E0%B9%84%E0%B8%AD%E0%B9%84%E0%B8%A5%E0%B8%84%E0%B9%8C+%E0%B8%97%E0%B8%B3%E0%B8%9F%E0%B8%B1%E0%B8%99+%E0%B8%88%E0%B8%B1%E0%B8%94%E0%B8%9F%E0%B8%B1%E0%B8%99+%E0%B8%A3%E0%B8%B2%E0%B8%81%E0%B9%80%E0%B8%97%E0%B8%B5%E0%B8%A2%E0%B8%A1+%E0%B8%9E%E0%B8%B1%E0%B8%97%E0%B8%A2%E0%B8%B2/data=!4m7!3m6!1s0x3102bfb91a5ee7a5:0xd591f346dab4fe91!8m2!3d12.9928472!4d100.9389754!16s%2Fg%2F11tfxcl2kd!19sChIJpedeGrm_AjERkf602kbzkdU?authuser=0&hl=en&rclk=1,5.0,1438,,Dental clinic, · 98 24,Closed · Opens 10 am · +66 94 229 9156,"iLike Dental Clinic คลีนิกทันตกรรมไอไลค์ ทำฟัน จัดฟัน รากเทียม พัทยา
5.0(1,438)
Dental clinic ·  · 98 24
Closed · Opens 10 am · +66 94 229 9156

Website

Directions
 
""💓💓💓💓

The dentist is professional, gentle, and explains everything clearly.""",12.936700003593776,100.88590358718629
0x31029593f46c9a33:0x10d620e693b9a190,Dental World Pattaya Clinic,https://www.google.com/maps/place/Dental+World+Pattaya+Clinic/data=!4m7!3m6!1s0x31029593f46c9a33:0x10d620e693b9a190!8m2!3d12.9270361!4d100.9174036!16s%2Fg%2F11rd994bn2!19sChIJM5ps9JOVAjERkKG5k-Yg1hA?authuser=0&hl=en&rclk=1,4.7,3,,Dental clinic,159 63 – 4 ถนน พัทยา-นาเกลือ,,"Dental World Pattaya Clinic
4.7(3)
Dental clinic · 159 63 – 4 ถนน พัทยา-นาเกลือ
+66 6638370873

Website

Directions",12.936700003593776,100.88590358718629
0x310295f0634ed81b:0x519e8c96dfd0e214,Ban Fun Pattaya Dental Clinic.,https://www.google.com/maps/place/Ban+Fun+Pattaya+Dental+Clinic./data=!4m7!3m6!1s0x310295f0634ed81b:0x519e8c96dfd0e214!8m2!3d12.9355331!4d100.9023428!16s%2Fg%2F1pzrwf7y5!19sChIJG9hOY_CVAjERFOLQ35aMnlE?authuser=0&hl=en&rclk=1,,0,,Dental clinic,"24/115 Soi Nuern Plub Warn, Sukhumvit Road, Tumbon Nong Prue, Amphoe Bang Lamung, Chon Buri, 20150",,"Ban Fun Pattaya Dental Clinic.
No reviews
Dental clinic · 24/115 Soi Nuern Plub Warn, Sukhumvit Road, Tumbon Nong Prue, Amphoe Bang Lamung, Chon Buri, 20150
+66 38 716 873

Directions",12.936700003593776,100.88590358718629
0x310295c830a470b3:0xa5999f84d2dadcc,ClearSmile Dental Clinic,https://www.google.com/maps/place/ClearSmile+Dental+Clinic/data=!4m7!3m6!1s0x310295c830a470b3:0xa5999f84d2dadcc!8m2!3d12.9077377!4d100.9119052!16s%2Fg%2F11ldq7dy4x!19sChIJs3CkMMiVAjERzK0tTfiZWQo?authuser=0&hl=en&rclk=1,5.0,21,,Dentist,"WW56+3QR, Khao Talo",Closed · Opens 10 am · +66 95 225 3666,"ClearSmile Dental Clinic
5.0(21)
Dentist · WW56+3QR, Khao Talo
Closed · Opens 10 am · +66 95 225 3666

Directions
 
""Dentist is super gentle, with clear advice.""",12.936700003593776,100.88590358718629
0x3102954aad5c3df5:0x22e3eb230ebb22fb,คลินิกทันตกรรมสุกัญญา,https://www.google.com/maps/place/%E0%B8%84%E0%B8%A5%E0%B8%B4%E0%B8%99%E0%B8%B4%E0%B8%81%E0%B8%97%E0%B8%B1%E0%B8%99%E0%B8%95%E0%B8%81%E0%B8%A3%E0%B8%A3%E0%B8%A1%E0%B8%AA%E0%B8%B8%E0%B8%81%E0%B8%B1%E0%B8%8D%E0%B8%8D%E0%B8%B2/data=!4m7!3m6!1s0x3102954aad5c3df5:0x22e3eb230ebb22fb!8m2!3d12.9348577!4d100.9074312!16s%2Fg%2F11jh988slp!19sChIJ9T1crUqVAjER-yK7DiPr4yI?authuser=0&hl=en&rclk=1,4.4,7,,Dental clinic,239/15 หมู่6 ซอยสยามคันทรีคลับ,Closed · Opens 9 am · +66 65 914 9588,"คลินิกทันตกรรมสุกัญญา
4.4(7)
Dental clinic · 239/15 หมู่6 ซอยสยามคันทรีคลับ
Closed · Opens 9 am · +66 65 914 9588

Website

Directions",12.936700003593776,100.88590358718629
0x310295ed3012a9bb:0xf325959a39055334,ทันตกรรมเนินยิ้มหวาน Noenyimwaan dental clinic,https://www.google.com/maps/place/%E0%B8%97%E0%B8%B1%E0%B8%99%E0%B8%95%E0%B8%81%E0%B8%A3%E0%B8%A3%E0%B8%A1%E0%B9%80%E0%B8%99%E0%B8%B4%E0%B8%99%E0%B8%A2%E0%B8%B4%E0%B9%89%E0%B8%A1%E0%B8%AB%E0%B8%A7%E0%B8%B2%E0%B8%99+Noenyimwaan+dental+clinic/data=!4m7!3m6!1s0x310295ed3012a9bb:0xf325959a39055334!8m2!3d12.9304995!4d100.9122313!16s%2Fg%2F11f3x8x662!19sChIJu6kSMO2VAjERNFMFOZqVJfM?authuser=0&hl=en&rclk=1,5.0,2,,Dental clinic,17/1 ม.5 ม.ธัญญวันท์,Closed · Opens 9 am · +66 61 614 9396,"ทันตกรรมเนินยิ้มหวาน Noenyimwaan dental clinic
5.0(2)
Dental clinic · 17/1 ม.5 ม.ธัญญวันท์
Closed · Opens 9 am · +66 61 614 9396

Directions",12.936700003593776,100.88590358718629
0x31029590f90471b1:0xbe378c378f4a043f,BK Dental Clinic.,https://www.google.com/maps/place/BK+Dental+Clinic./data=!4m7!3m6!1s0x31029590f90471b1:0xbe378c378f4a043f!8m2!3d12.9291746!4d100.9217759!16s%2Fg%2F1pzppchrd!19sChIJsXEE-ZCVAjERPwRKjzeMN74?authuser=0&hl=en&rclk=1,5.0,1,,Dental clinic,"210/81, Soi Bua Khaow, Pattaya Klang Road, Tambon Nong Prue, Amphoe Bang Lamung, Chon Buri, 20150",,"BK Dental Clinic.
5.0(1)
Dental clinic · 210/81, Soi Bua Khaow, Pattaya Klang Road, Tambon Nong Prue, Amphoe Bang Lamung, Chon Buri, 20150
+66 38 720 807

Directions",12.936700003593776,100.88590358718629
0x3102959057bcf87d:0xdd5b4860aac76aa3,Sunbeam Dental Clinic.,https://www.google.com/maps/place/Sunbeam+Dental+Clinic./data=!4m7!3m6!1s0x3102959057bcf87d:0xdd5b4860aac76aa3!8m2!3d12.9294504!4d100.9219354!16s%2Fg%2F1pzqhtl5g!19sChIJffi8V5CVAjERo2rHqmBIW90?authuser=0&hl=en&rclk=1,5.0,1,,Dental clinic,"217/18, Tambon Nong Prue, AmphoeBang Lamung, Chon Buri, 20150",,"Sunbeam Dental Clinic.
5.0(1)
Dental clinic · 217/18, Tambon Nong Prue, AmphoeBang Lamung, Chon Buri, 20150
+66 38 362 187

Directions",12.936700003593776,100.88590358718629
0x310295d59efe2cfd:0xe035aa890f5fe96e,คลินิกทันตกรรมพราวเดนทัล - Proud Dental Clinic,https://www.google.com/maps/place/%E0%B8%84%E0%B8%A5%E0%B8%B4%E0%B8%99%E0%B8%B4%E0%B8%81%E0%B8%97%E0%B8%B1%E0%B8%99%E0%B8%95%E0%B8%81%E0%B8%A3%E0%B8%A3%E0%B8%A1%E0%B8%9E%E0%B8%A3%E0%B8%B2%E0%B8%A7%E0%B9%80%E0%B8%94%E0%B8%99%E0%B8%97%E0%B8%B1%E0%B8%A5+-+Proud+Dental+Clinic/data=!4m7!3m6!1s0x310295d59efe2cfd:0xe035aa890f5fe96e!8m2!3d12.8823653!4d100.9053675!16s%2Fg%2F11g10gprg0!19sChIJ_Sz-ntWVAjERbulfD4mqNeA?authuser=0&hl=en&rclk=1,4.3,48,,Dental clinic,"263, 198 หมู่ 12",Closed · Opens 9:30 am · +66 33 124 004,"คลินิกทันตกรรมพราวเดนทัล - Proud Dental Clinic
4.3(48)
Dental clinic · 263, 198 หมู่ 12
Closed · Opens 9:30 am · +66 33 124 004

Directions
 
""The tooth was removed quickly and painlessly.""",12.930031721527529,100.87030634397102
0x3102be6acef74e27:0x902ae4e275856112,We Smile Dental Clinic,https://www.google.com/maps/place/We+Smile+Dental+Clinic/data=!4m7!3m6!1s0x3102be6acef74e27:0x902ae4e275856112!8m2!3d12.9668796!4d100.9111847!16s%2Fg%2F11bxdzw9cd!19sChIJJ073zmq-AjEREmGFdeLkKpA?authuser=0&hl=en&rclk=1,4.7,10,,Doctor, · Chaiyaporn Vidhi Rd,Closed · Opens 10 am · +66 97 051 7154,"We Smile Dental Clinic
4.7(10)
Doctor ·  · Chaiyaporn Vidhi Rd
Closed · Opens 10 am · +66 97 051 7154

Directions
 
""Reasonable price and good service.""",12.939903190134523,100.87462891994637
0x3102be6dbdeaeeeb:0xbaaf4067fb4d5621,DENTAL CLINIC CENTER,https://www.google.com/maps/place/DENTAL+CLINIC+CENTER/data=!4m7!3m6!1s0x3102be6dbdeaeeeb:0xbaaf4067fb4d5621!8m2!3d12.9708358!4d100.9030878!16s%2Fg%2F11c60slcjn!19sChIJ6-7qvW2-AjERIVZN-2dAr7o?authuser=0&hl=en&rclk=1,1.0,1,,Dental clinic,XWC3+86P,Closed · Opens 9 am · +66 38 367 449,"DENTAL CLINIC CENTER
1.0(1)
Dental clinic · XWC3+86P
Closed · Opens 9 am · +66 38 367 449

Directions",12.939903190134523,100.87462891994637
0x310295ea34983d2f:0x603146f496805702,Yimwan Dental Clinic - Pattaya,https://www.google.com/maps/place/Yimwan+Dental+Clinic+-+Pattaya/data=!4m7!3m6!1s0x310295ea34983d2f:0x603146f496805702!8m2!3d12.9241068!4d100.9083999!16s%2Fg%2F1hm47j8gg!19sChIJLz2YNOqVAjERAleAlvRGMWA?authuser=0&hl=en&rclk=1,5.0,2,,Dental clinic,96/1 หมู่ที่ 5,,"Yimwan Dental Clinic - Pattaya
5.0(2)
Dental clinic · 96/1 หมู่ที่ 5
+66 86 314 5561

Directions",12.939903190134523,100.87462891994637
0x310296f537aa05ff:0x5132081608ab9f5,Dental Society Pattaya,https://www.google.com/maps/place/Dental+Society+Pattaya/data=!4m7!3m6!1s0x310296f537aa05ff:0x5132081608ab9f5!8m2!3d12.8994151!4d100.8680202!16s%2Fg%2F11b6yrvpxn!19sChIJ_wWqN_WWAjER9bmKYIEgEwU?authuser=0&hl=en&rclk=1,4.3,30,,Dental clinic,"406, 386 M.12 Thappraya Rd",Closed · Opens 10 am · +66 81 353 6675,"Dental Society Pattaya
4.3(30)
Dental clinic · 406, 386 M.12 Thappraya Rd
Closed · Opens 10 am · +66 81 353 6675

Directions
 
""Good price , good dentist .""",12.939903190134523,100.87462891994637
0x3102be0905d594cb:0x8bda46195c193264,Pattaya Dental Center,https://www.google.com/maps/place/Pattaya+Dental+Center/data=!4m7!3m6!1s0x3102be0905d594cb:0x8bda46195c193264!8m2!3d12.959392!4d100.8932391!16s%2Fg%2F1tghm1dd!19sChIJy5TVBQm-AjERZDIZXBlG2os?authuser=0&hl=en&rclk=1,1.0,5,,Dental clinic,157/53-4 หมู่ 5,Closed · Opens 9 am · +66 38 225 581,"Pattaya Dental Center
1.0(5)
Dental clinic · 157/53-4 หมู่ 5
Closed · Opens 9 am · +66 38 225 581

Directions",12.939903190134523,100.87462891994637
0x310295abcbcab8e3:0x5ca67a95710f51a1,Mabprachan Dental Clinic (มาบประชัน เด็นทัล คลินิกทันตกรรม),https://www.google.com/maps/place/Mabprachan+Dental+Clinic+%28%E0%B8%A1%E0%B8%B2%E0%B8%9A%E0%B8%9B%E0%B8%A3%E0%B8%B0%E0%B8%8A%E0%B8%B1%E0%B8%99+%E0%B9%80%E0%B8%94%E0%B9%87%E0%B8%99%E0%B8%97%E0%B8%B1%E0%B8%A5+%E0%B8%84%E0%B8%A5%E0%B8%B4%E0%B8%99%E0%B8%B4%E0%B8%81%E0%B8%97%E0%B8%B1%E0%B8%99%E0%B8%95%E0%B8%81%E0%B8%A3%E0%B8%A3%E0%B8%A1%29/data=!4m7!3m6!1s0x310295abcbcab8e3:0x5ca67a95710f51a1!8m2!3d12.9479499!4d100.9747184!16s%2Fg%2F11r6mcq04c!19sChIJ47jKy6uVAjERoVEPcZV6plw?authuser=0&hl=en&rclk=1,4.7,12,,Dental clinic," · 106, 1",Closed · Opens 10 am · +66 84 224 2624,"Mabprachan Dental Clinic (มาบประชัน เด็นทัล คลินิกทันตกรรม)
4.7(12)
Dental clinic ·  · 106, 1
Closed · Opens 10 am · +66 84 224 2624

Website

Directions
 
""Very pleasant service and affordable.""",12.939903190134523,100.87462891994637
0x3102be42784e1315:0xdd68d2e66eaeabc0,Toasak Dental Clinic.,https://www.google.com/maps/place/Toasak+Dental+Clinic./data=!4m7!3m6!1s0x3102be42784e1315:0xdd68d2e66eaeabc0!8m2!3d12.9745121!4d100.9130502!16s%2Fg%2F1pzsq23y6!19sChIJFRNOeEK-AjERwKuububSaN0?authuser=0&hl=en&rclk=1,,0,,Dental clinic,"24/100-101, Sukhumvit Road, Tambon Nong Prue, Amphoe Banglamung, Chonburi, 20150",,"Toasak Dental Clinic.
No reviews
Dental clinic · 24/100-101, Sukhumvit Road, Tambon Nong Prue, Amphoe Banglamung, Chonburi, 20150
+66 38 716 664

Directions",12.939903190134523,100.87462891994637
0x3102959057eaef81:0xeda699b0925410e7,Sittants dental clinic.,https://www.google.com/maps/place/Sittants+dental+clinic./data=!4m7!3m6!1s0x3102959057eaef81:0xeda699b0925410e7!8m2!3d12.9294054!4d100.921998!16s%2Fg%2F1pzpxb3dk!19sChIJge_qV5CVAjER5xBUkrCZpu0?authuser=0&hl=en&rclk=1,,0,,Dental clinic,"301/44, Tumbon Nong Prue, Amphoe Banglamung, Chonburi, 20150",,"Sittants dental clinic.
No reviews
Dental clinic · 301/44, Tumbon Nong Prue, Amphoe Banglamung, Chonburi, 20150
+66 38 300 759

Directions",12.939903190134523,100.87462891994637
0x31029664059445c9:0x244d86adeb78b0f9,Dr Olivier Clinic,https://www.google.com/maps/place/Dr+Olivier+Clinic/data=!4m7!3m6!1s0x31029664059445c9:0x244d86adeb78b0f9!8m2!3d12.90631!4d100.8739888!16s%2Fg%2F11bw21f645!19sChIJyUWUBWSWAjER-bB4662GTSQ?authuser=0&hl=en&rclk=1,4.1,142,,Doctor, · 315/336 Thepprasit Rd,Closed · Opens 9 am Mon · +66 62 321 6565,"Dr Olivier Clinic
4.1(142)
Doctor ·  · 315/336 Thepprasit Rd
Closed · Opens 9 am Mon · +66 62 321 6565

Directions
 
""Great Doctor , Fantastic Staff, highly Recommended""",12.907296809865478,100.87462891994637
0x3102969f70f76481:0xf491fb4d18e9843f,Smile Plus Jom Tien Dental Clinic,https://www.google.com/maps/place/Smile+Plus+Jom+Tien+Dental+Clinic/data=!4m7!3m6!1s0x3102969f70f76481:0xf491fb4d18e9843f!8m2!3d12.8777481!4d100.8869619!16s%2Fg%2F11fzf9nycy!19sChIJgWT3cJ-WAjERP4TpGE37kfQ?authuser=0&hl=en&rclk=1,3.5,8,,Dental clinic,"131, 13 Thanon Chaiyaphruek",Closed · Opens 10 am Sun · +66 38 233 812,"Smile Plus Jom Tien Dental Clinic
3.5(8)
Dental clinic · 131, 13 Thanon Chaiyaphruek
Closed · Opens 10 am Sun · +66 38 233 812

Directions
 
""Very efficient and competent dentist.""",12.9059011306175,100.87903601441667
0x31029683183a019f:0x61b1828fa41116ad,Dental Today 2,https://www.google.com/maps/place/Dental+Today+2/data=!4m7!3m6!1s0x31029683183a019f:0x61b1828fa41116ad!8m2!3d12.889626!4d100.8864499!16s%2Fg%2F11n6y82g3y!19sChIJnwE6GIOWAjERrRYRpI-CsWE?authuser=0&hl=en&rclk=1,2.3,3,,Dental clinic,"52, 557 Bun Kanchana Alley",Closed · Opens 10 am Sun,"Dental Today 2
2.3(3)
Dental clinic · 52, 557 Bun Kanchana Alley
Closed · Opens 10 am Sun

Directions",12.9059011306175,100.87903601441667
0x3102953efad36441:0xc1e9305f79e2f703,คลินิกทันตกรรมเพลินดี,https://www.google.com/maps/place/%E0%B8%84%E0%B8%A5%E0%B8%B4%E0%B8%99%E0%B8%B4%E0%B8%81%E0%B8%97%E0%B8%B1%E0%B8%99%E0%B8%95%E0%B8%81%E0%B8%A3%E0%B8%A3%E0%B8%A1%E0%B9%80%E0%B8%9E%E0%B8%A5%E0%B8%B4%E0%B8%99%E0%B8%94%E0%B8%B5/data=!4m7!3m6!1s0x3102953efad36441:0xc1e9305f79e2f703!8m2!3d12.9086011!4d100.9028937!16s%2Fg%2F11j83m_5l4!19sChIJQWTT-j6VAjERA_fieV8w6cE?authuser=0&hl=en&rclk=1,4.7,13,,Dental clinic,"93, 232 Khao Talo",Closed · Opens 9 am · +66 82 083 4888,"คลินิกทันตกรรมเพลินดี
4.7(13)
Dental clinic · 93, 232 Khao Talo
Closed · Opens 9 am · +66 82 083 4888

Website

Directions",12.91491975361979,100.89869966063823
0x3102956d178c6cbf:0xe6514229eba9ad3b,คลินิกทันตกรรม เนินพลับหวาน,https://www.google.com/maps/place/%E0%B8%84%E0%B8%A5%E0%B8%B4%E0%B8%99%E0%B8%B4%E0%B8%81%E0%B8%97%E0%B8%B1%E0%B8%99%E0%B8%95%E0%B8%81%E0%B8%A3%E0%B8%A3%E0%B8%A1+%E0%B9%80%E0%B8%99%E0%B8%B4%E0%B8%99%E0%B8%9E%E0%B8%A5%E0%B8%B1%E0%B8%9A%E0%B8%AB%E0%B8%A7%E0%B8%B2%E0%B8%99/data=!4m7!3m6!1s0x3102956d178c6cbf:0xe6514229eba9ad3b!8m2!3d12.9322428!4d100.9049818!16s%2Fg%2F11lryf9pr9!19sChIJv2yMF22VAjERO62p6ylCUeY?authuser=0&hl=en&rclk=1,2.6,44,,Dental clinic,112 ซอย 8,Closed · Opens 8:30 am · +66 98 551 6490,"คลินิกทันตกรรม เนินพลับหวาน
2.6(44)
Dental clinic · 112 ซอย 8
Closed · Opens 8:30 am · +66 98 551 6490

Directions
 
""Highly recommend.....""",12.928133750452448,100.90513484490454
0x310295ee0b7b9d73:0x723eb43a674d862e,ครอบครัวฟันดี,https://www.google.com/maps/place/%E0%B8%84%E0%B8%A3%E0%B8%AD%E0%B8%9A%E0%B8%84%E0%B8%A3%E0%B8%B1%E0%B8%A7%E0%B8%9F%E0%B8%B1%E0%B8%99%E0%B8%94%E0%B8%B5/data=!4m7!3m6!1s0x310295ee0b7b9d73:0x723eb43a674d862e!8m2!3d12.931525!4d100.906909!16s%2Fg%2F11bwn9f1m2!19sChIJc517C-6VAjERLoZNZzq0PnI?authuser=0&hl=en&rclk=1,4.6,5,,Dental clinic,"WWJ4+JQ3, Sukhumvitpattaya 53/4 Alley",Closed · Opens 9 am · +66 38 731 917,"ครอบครัวฟันดี
4.6(5)
Dental clinic · WWJ4+JQ3, Sukhumvitpattaya 53/4 Alley
Closed · Opens 9 am · +66 38 731 917

Directions
 
""Friendly service, clean, warm welcome dentist and staff.""",12.928133750452448,100.90513484490454
0x31029555c293053d:0xd58c94e42119f50,Torsuk Sanguansermsri,https://www.google.com/maps/place/Torsuk+Sanguansermsri/data=!4m7!3m6!1s0x31029555c293053d:0xd58c94e42119f50!8m2!3d12.9330861!4d100.9013441!16s%2Fg%2F11f5_f7g3m!19sChIJPQWTwlWVAjERUJ8RQk7JWA0?authuser=0&hl=en&rclk=1,5.0,1,,Dental clinic,WWM2+6GQ,,"Torsuk Sanguansermsri
5.0(1)
Dental clinic · WWM2+6GQ

Directions",12.928133750452448,100.90513484490454
0x310295e30c028629:0xafefb44cbea45771,คลินิกทันตกรรมบ้านหมอพีร์ Dr. P Dental | Pattaya,https://www.google.com/maps/place/%E0%B8%84%E0%B8%A5%E0%B8%B4%E0%B8%99%E0%B8%B4%E0%B8%81%E0%B8%97%E0%B8%B1%E0%B8%99%E0%B8%95%E0%B8%81%E0%B8%A3%E0%B8%A3%E0%B8%A1%E0%B8%9A%E0%B9%89%E0%B8%B2%E0%B8%99%E0%B8%AB%E0%B8%A1%E0%B8%AD%E0%B8%9E%E0%B8%B5%E0%B8%A3%E0%B9%8C+Dr.+P+Dental+%7C+Pattaya/data=!4m7!3m6!1s0x310295e30c028629:0xafefb44cbea45771!8m2!3d12.9376113!4d100.9120648!16s%2Fg%2F11nmmj3ggb!19sChIJKYYCDOOVAjERcVekvky0768?authuser=0&hl=en&rclk=1,4.1,13,,,,Closed · Opens 10 am · +66 80 536 6419,"คลินิกทันตกรรมบ้านหมอพีร์ Dr. P Dental | Pattaya
4.1(13)
Dental clinic
Closed · Opens 10 am · +66 80 536 6419

Website

Directions",12.928133750452448,100.90513484490454
0x31029579133fd51d:0x72362a0d523e59f7,Land of smile,https://www.google.com/maps/place/Land+of+smile/data=!4m7!3m6!1s0x31029579133fd51d:0x72362a0d523e59f7!8m2!3d12.9351521!4d100.9396879!16s%2Fg%2F11bwq95rcg!19sChIJHdU_E3mVAjER91k-Ug0qNnI?authuser=0&hl=en&rclk=1,4.7,53,,Dental clinic,Porn Prapa Nimit 17,,"Land of smile
4.7(53)
Dental clinic · Porn Prapa Nimit 17
+66 80 496 9008

Directions
 
""The clinic was clean with very friendly staff.""",12.928133750452448,100.90513484490454
0x3102959057c797c7:0x3b2ea401b89c7f0d,Plub Whan Dental Clinic.,https://www.google.com/maps/place/Plub+Whan+Dental+Clinic./data=!4m7!3m6!1s0x3102959057c797c7:0x3b2ea401b89c7f0d!8m2!3d12.929441!4d100.9219397!16s%2Fg%2F1pzvzzvfm!19sChIJx5fHV5CVAjERDX-cuAGkLjs?authuser=0&hl=en&rclk=1,,0,,Dental clinic,"13/75, Soi Nuern Plub Warn, Tumbon Nong Prue, Amphoe Bang Lamung, Chon Buri, 20150",,"Plub Whan Dental Clinic.
No reviews
Dental clinic · 13/75, Soi Nuern Plub Warn, Tumbon Nong Prue, Amphoe Bang Lamung, Chon Buri, 20150
+66 38 428 130

Directions",12.928133750452448,100.90513484490454
0x3102959057c7aebb:0xd3568aa5546cf2c0,Dental Care Pattaya.,https://www.google.com/maps/place/Dental+Care+Pattaya./data=!4m7!3m6!1s0x3102959057c7aebb:0xd3568aa5546cf2c0!8m2!3d12.9294054!4d100.9219551!16s%2Fg%2F1pztvfp_9!19sChIJu67HV5CVAjERwPJsVKWKVtM?authuser=0&hl=en&rclk=1,,0,,Dental clinic," · 301/63, Thep Prasit Road, Tambon Nong Prue, Amphoe Banglamung, Chonburi, 20150",,"Dental Care Pattaya.
No reviews
Dental clinic ·  · 301/63, Thep Prasit Road, Tambon Nong Prue, Amphoe Banglamung, Chonburi, 20150
+66 38 300 264

Directions",12.928133750452448,100.90513484490454
0x3102bf481f2643c3:0x2c80a3cf26b37270,เดอลารตี สาขาพัทยาเหนือ,https://www.google.com/maps/place/%E0%B9%80%E0%B8%94%E0%B8%AD%E0%B8%A5%E0%B8%B2%E0%B8%A3%E0%B8%95%E0%B8%B5+%E0%B8%AA%E0%B8%B2%E0%B8%82%E0%B8%B2%E0%B8%9E%E0%B8%B1%E0%B8%97%E0%B8%A2%E0%B8%B2%E0%B9%80%E0%B8%AB%E0%B8%99%E0%B8%B7%E0%B8%AD/data=!4m7!3m6!1s0x3102bf481f2643c3:0x2c80a3cf26b37270!8m2!3d12.9460825!4d100.8964284!16s%2Fg%2F11w86x_m89!19sChIJw0MmH0i_AjERcHKzJs-jgCw?authuser=0&hl=en&rclk=1,5.0,8,,Dental clinic,3 307 Chaloem Phrakiat 2 Alley,Closed · Opens 10 am · +66 82 283 5399,"เดอลารตี สาขาพัทยาเหนือ
5.0(8)
Dental clinic · 3 307 Chaloem Phrakiat 2 Alley
Closed · Opens 10 am · +66 82 283 5399

Directions",12.942713609403036,100.89472322854013
0x310296785276375d:0x77ccc3fbb1334d67,Dental Care,https://www.google.com/maps/place/Dental+Care/data=!4m7!3m6!1s0x310296785276375d:0x77ccc3fbb1334d67!8m2!3d12.9087776!4d100.8877208!16s%2Fg%2F11nym6__76!19sChIJXTd2UniWAjERZ00zsfvDzHc?authuser=0&hl=en&rclk=1,,0,,Medical clinic,"WV5Q+G39, Thepprasit Rd",,"Dental Care
No reviews
Medical clinic · WV5Q+G39, Thepprasit Rd

Directions",12.901337199902521,100.8859991725252
0x31029667914a1e8d:0x8b1a9d2b4281b208,บริษัท แอลซี 69 คอร์ปอเรชั่น จำกัด,https://www.google.com/maps/place/%E0%B8%9A%E0%B8%A3%E0%B8%B4%E0%B8%A9%E0%B8%B1%E0%B8%97+%E0%B9%81%E0%B8%AD%E0%B8%A5%E0%B8%8B%E0%B8%B5+69+%E0%B8%84%E0%B8%AD%E0%B8%A3%E0%B9%8C%E0%B8%9B%E0%B8%AD%E0%B9%80%E0%B8%A3%E0%B8%8A%E0%B8%B1%E0%B9%88%E0%B8%99+%E0%B8%88%E0%B8%B3%E0%B8%81%E0%B8%B1%E0%B8%94/data=!4m7!3m6!1s0x31029667914a1e8d:0x8b1a9d2b4281b208!8m2!3d12.9106127!4d100.8689212!16s%2Fg%2F1hc5l865d!19sChIJjR5KkWeWAjERCLKBQiudGos?authuser=0&hl=en&rclk=1,,0,,Dental clinic,หมู่ที่ 10 308/67 Thappraya Rd,,"บริษัท แอลซี 69 คอร์ปอเรชั่น จำกัด
No reviews
Dental clinic · หมู่ที่ 10 308/67 Thappraya Rd
+66 38 351 289

Directions",12.903379177036696,100.87232343173233
0x3102979d80ce6d8b:0xc9f42236c7a7051d,คลินิกทันตกรรมพัทยาบัวขาว Pattaya Buakhao Dental Clinic,https://www.google.com/maps/place/%E0%B8%84%E0%B8%A5%E0%B8%B4%E0%B8%99%E0%B8%B4%E0%B8%81%E0%B8%97%E0%B8%B1%E0%B8%99%E0%B8%95%E0%B8%81%E0%B8%A3%E0%B8%A3%E0%B8%A1%E0%B8%9E%E0%B8%B1%E0%B8%97%E0%B8%A2%E0%B8%B2%E0%B8%9A%E0%B8%B1%E0%B8%A7%E0%B8%82%E0%B8%B2%E0%B8%A7+Pattaya+Buakhao+Dental+Clinic/data=!4m7!3m6!1s0x3102979d80ce6d8b:0xc9f42236c7a7051d!8m2!3d12.9339492!4d100.8879343!16s%2Fg%2F11fpjwjn83!19sChIJi23OgJ2XAjERHQWnxzYi9Mk?authuser=0&hl=en&rclk=1,,0,,,,,"คลินิกทันตกรรมพัทยาบัวขาว Pattaya Buakhao Dental Clinic
No reviews
Doctor

Directions",12.903379177036696,100.87232343173233
0x3102966900f0b683:0x1a133f621e6afd6a,Perfect Smile Pattaya Thailand-Dental Excellence Center,https://www.google.com/maps/place/Perfect+Smile+Pattaya+Thailand-Dental+Excellence+Center/data=!4m7!3m6!1s0x3102966900f0b683:0x1a133f621e6afd6a!8m2!3d12.9086883!4d100.8863417!16s%2Fg%2F1td27sfd!19sChIJg7bwAGmWAjERav1qHmI_Exo?authuser=0&hl=en&rclk=1,4.0,29,,Dentist,"308/60 Thappraya Road, Nongprue",Temporarily closed · +66 84 780 6622,"Perfect Smile Pattaya Thailand-Dental Excellence Center
4.0(29)
Dentist · 308/60 Thappraya Road, Nongprue
Temporarily closed · +66 84 780 6622

Website

Directions",12.903379177036696,100.87232343173233
0x310295fd620e8955:0xf9bbf00a06c2da0d,Rak Fan Dental Clinic,https://www.google.com/maps/place/Rak+Fan+Dental+Clinic/data=!4m7!3m6!1s0x310295fd620e8955:0xf9bbf00a06c2da0d!8m2!3d12.9353888!4d100.8902963!16s%2Fg%2F1td9m_0_!19sChIJVYkOYv2VAjERDdrCBgrwu_k?authuser=0&hl=en&rclk=1,,0,,Dentist,"WVPR+543, Central Pattaya Rd",,"Rak Fan Dental Clinic
No reviews
Dentist · WVPR+543, Central Pattaya Rd

Directions",12.903379177036696,100.87232343173233
0x3102bfc60888e52d:0xd2fe13ad879d74a5,Smilora Dental Clinic Mabprachan branch,https://www.google.com/maps/place/Smilora+Dental+Clinic+Mabprachan+branch/data=!4m7!3m6!1s0x3102bfc60888e52d:0xd2fe13ad879d74a5!8m2!3d12.9432963!4d100.9730612!16s%2Fg%2F11k51swztf!19sChIJLeWICMa_AjERpXSdh60T_tI?authuser=0&hl=en&rclk=1,4.3,7,,Dental clinic,WXVF+84G,Closed · Opens 10 am · +66 99 207 2204,"Smilora Dental Clinic Mabprachan branch
4.3(7)
Dental clinic · WXVF+84G
Closed · Opens 10 am · +66 99 207 2204

Directions",12.914718111371322,100.90373515235608
0x310295ff38f8e2df:0xe3b4fcca821da48b,Fan Suai Yim Sai Dental Clinic,https://www.google.com/maps/place/Fan+Suai+Yim+Sai+Dental+Clinic/data=!4m7!3m6!1s0x310295ff38f8e2df:0xe3b4fcca821da48b!8m2!3d12.9431415!4d100.8950638!16s%2Fg%2F1hf95z38x!19sChIJ3-L4OP-VAjERi6Qdgsr8tOM?authuser=0&hl=en&rclk=1,,0,,Dentist,"WVVW+724, Pattaya 3rd Rd",,"Fan Suai Yim Sai Dental Clinic
No reviews
Dentist · WVVW+724, Pattaya 3rd Rd

Directions",12.914718111371322,100.90373515235608
0x3102bfd7d284465b:0xf980b64d8d8de2ae,Nong Prue Dental Clinic,https://www.google.com/maps/place/Nong+Prue+Dental+Clinic/data=!4m7!3m6!1s0x3102bfd7d284465b:0xf980b64d8d8de2ae!8m2!3d12.9433664!4d100.9432062!16s%2Fg%2F1hf6f49y8!19sChIJW0aE0te_AjERruKNjU22gPk?authuser=0&hl=en&rclk=1,5.0,1,,Dental clinic,85 ชัยพรวิถี 10,,"Nong Prue Dental Clinic
5.0(1)
Dental clinic · 85 ชัยพรวิถี 10
+66 93 869 0755

Directions",12.936463443055056,100.90688731205793
0x3102be1d9cfbd323:0xd73785f9f9dae57,Thailand VIP Services,https://www.google.com/maps/place/Thailand+VIP+Services/data=!4m7!3m6!1s0x3102be1d9cfbd323:0xd73785f9f9dae57!8m2!3d12.9451006!4d100.904637!16s%2Fg%2F12hszw9hz!19sChIJI9P7nB2-AjERV66dn194cw0?authuser=0&hl=en&rclk=1,5.0,2,,Travel agency,Soi Bongkot,Open · Closes 8:30 am · Reopens 9 am · +66 80 645 8458,"Thailand VIP Services
5.0(2)
Travel agency · Soi Bongkot
Open · Closes 8:30 am · Reopens 9 am · +66 80 645 8458

Directions",12.943484430018193,100.9012806367338
0x3102be6c334b2ee1:0xa251a3190e004adf,คลินิกรักยิ้มทันตแพทย์,https://www.google.com/maps/place/%E0%B8%84%E0%B8%A5%E0%B8%B4%E0%B8%99%E0%B8%B4%E0%B8%81%E0%B8%A3%E0%B8%B1%E0%B8%81%E0%B8%A2%E0%B8%B4%E0%B9%89%E0%B8%A1%E0%B8%97%E0%B8%B1%E0%B8%99%E0%B8%95%E0%B9%81%E0%B8%9E%E0%B8%97%E0%B8%A2%E0%B9%8C/data=!4m7!3m6!1s0x3102be6c334b2ee1:0xa251a3190e004adf!8m2!3d12.9716819!4d100.9044989!16s%2Fg%2F1hm417sg0!19sChIJ4S5LM2y-AjER30oADhmjUaI?authuser=0&hl=en&rclk=1,4.1,12,,Dental clinic,62/5 Pattaya-Na Kluea Rd,Closed · Opens 9 am Mon · +66 38 367 527,"คลินิกรักยิ้มทันตแพทย์
4.1(12)
Dental clinic · 62/5 Pattaya-Na Kluea Rd
Closed · Opens 9 am Mon · +66 38 367 527

Directions
 
""Nice female dentist with a lot of experience.""",12.95385428295181,100.87338566725309
0x3102b95c836692e1:0x8c6c119c5c5d3660,Union Dental Clinic เครือสหพัฒน์,https://www.google.com/maps/place/Union+Dental+Clinic+%E0%B9%80%E0%B8%84%E0%B8%A3%E0%B8%B7%E0%B8%AD%E0%B8%AA%E0%B8%AB%E0%B8%9E%E0%B8%B1%E0%B8%92%E0%B8%99%E0%B9%8C/data=!4m7!3m6!1s0x3102b95c836692e1:0x8c6c119c5c5d3660!8m2!3d13.0920054!4d100.9564467!16s%2Fg%2F11wv0sm7m3!19sChIJ4ZJmg1y5AjERYDZdXJwRbIw?authuser=0&hl=en&rclk=1,5.0,111,,Dental clinic,"573, NongKham, 38",Closed · Opens 9 am · +66 61 289 6251,"Union Dental Clinic เครือสหพัฒน์
5.0(111)
Dental clinic · 573, NongKham, 38
Closed · Opens 9 am · +66 61 289 6251

Website

Directions",12.940647232982835,100.85528459859698
0x31029383a402d3e5:0xcaf1c80d98b0addf,Little Tree Dental Clinic,https://www.google.com/maps/place/Little+Tree+Dental+Clinic/data=!4m7!3m6!1s0x31029383a402d3e5:0xcaf1c80d98b0addf!8m2!3d12.8004254!4d100.9171467!16s%2Fg%2F11fmpy7gf4!19sChIJ5dMCpIOTAjER362wmA3I8co?authuser=0&hl=en&rclk=1,4.6,16,,Dentist, · หมู่ที่ 3 289,Closed · Opens 9 am · +66 98 183 8688,"Little Tree Dental Clinic
4.6(16)
Dentist ·  · หมู่ที่ 3 289
Closed · Opens 9 am · +66 98 183 8688

Website

Directions
 
""Latest technology & very knowledgeable.""",12.91050132841886,100.85307248627619
0x310295f1aeb23631:0xd98fdbef42932c36,คลินิกทันตกรรมชัยพฤกษ์,https://www.google.com/maps/place/%E0%B8%84%E0%B8%A5%E0%B8%B4%E0%B8%99%E0%B8%B4%E0%B8%81%E0%B8%97%E0%B8%B1%E0%B8%99%E0%B8%95%E0%B8%81%E0%B8%A3%E0%B8%A3%E0%B8%A1%E0%B8%8A%E0%B8%B1%E0%B8%A2%E0%B8%9E%E0%B8%A4%E0%B8%81%E0%B8%A9%E0%B9%8C/data=!4m7!3m6!1s0x310295f1aeb23631:0xd98fdbef42932c36!8m2!3d12.8819545!4d100.9025094!16s%2Fg%2F11jsf45649!19sChIJMTayrvGVAjERNiyTQu_bj9k?authuser=0&hl=en&rclk=1,3.6,16,,Dental clinic,"VWJ3+Q2H, Chaiyaphruek 2 Rd",Closed · Opens 10 am · +66 82 619 2999,"คลินิกทันตกรรมชัยพฤกษ์
3.6(16)
Dental clinic · VWJ3+Q2H, Chaiyaphruek 2 Rd
Closed · Opens 10 am · +66 82 619 2999

Website

Directions
 
""Good dental clinic, kind-hearted, competent medical staff.""",12.91050132841886,100.85307248627619
0x3102932f5b65a61b:0xe94220a2032a615f,@D-Dent Home,https://www.google.com/maps/place/%27@D-Dent+Home%27/data=!4m7!3m6!1s0x3102932f5b65a61b:0xe94220a2032a615f!8m2!3d12.8208045!4d100.9161451!16s%2Fg%2F11fd7dkjm4!19sChIJG6ZlWy-TAjERX2EqA6IgQuk?authuser=0&hl=en&rclk=1,4.4,49,,Dentist,"RWC8+8FC, Unnamed Road",Closed · Opens 9 am · +66 94 556 5904,"@D-Dent Home
4.4(49)
Dentist · RWC8+8FC, Unnamed Road
Closed · Opens 9 am · +66 94 556 5904

Directions
 
""Needed an extraction and they got me in right away.""",12.91050132841886,100.85307248627619
0x31028fc3adfcbbb5:0xd6003bdb0a47fafc,Craft Dental Clinic (Sattahip),https://www.google.com/maps/place/Craft+Dental+Clinic+%28Sattahip%29/data=!4m7!3m6!1s0x31028fc3adfcbbb5:0xd6003bdb0a47fafc!8m2!3d12.701889!4d100.8898409!16s%2Fg%2F11qzzgmp2k!19sChIJtbv8rcOPAjER_PpHCts7ANY?authuser=0&hl=en&rclk=1,5.0,169,,Dental clinic, · 108/702,Closed · Opens 10 am · +66 62 909 6559,"Craft Dental Clinic (Sattahip)
5.0(169)
Dental clinic ·  · 108/702
Closed · Opens 10 am · +66 62 909 6559

Directions
 
""The lady dentist spoke good English and was very patient and kind.""",12.897073987703521,100.86500972354031
0x310295bfa16a4ec9:0xe45a8b3ba2514643,คลินิคทันตกรรม ต่อศักดิ์2,https://www.google.com/maps/place/%E0%B8%84%E0%B8%A5%E0%B8%B4%E0%B8%99%E0%B8%B4%E0%B8%84%E0%B8%97%E0%B8%B1%E0%B8%99%E0%B8%95%E0%B8%81%E0%B8%A3%E0%B8%A3%E0%B8%A1+%E0%B8%95%E0%B9%88%E0%B8%AD%E0%B8%A8%E0%B8%B1%E0%B8%81%E0%B8%94%E0%B8%B4%E0%B9%8C2/data=!4m7!3m6!1s0x310295bfa16a4ec9:0xe45a8b3ba2514643!8m2!3d12.9186052!4d100.9146501!16s%2Fg%2F11bz0xwhms!19sChIJyU5qob-VAjERQ0ZRojuLWuQ?authuser=0&hl=en&rclk=1,5.0,3,,Dental clinic,"WW97+CVR, Boonsampan",Closed · Opens 8:30 am · +66 38 410 561,"คลินิคทันตกรรม ต่อศักดิ์2
5.0(3)
Dental clinic · WW97+CVR, Boonsampan
Closed · Opens 8:30 am · +66 38 410 561

Directions",12.906552767017166,100.909715401403
0x310295454232a453:0x860a656625f9e446,คลินิกทำฟันกลอสทูธ,https://www.google.com/maps/place/%E0%B8%84%E0%B8%A5%E0%B8%B4%E0%B8%99%E0%B8%B4%E0%B8%81%E0%B8%97%E0%B8%B3%E0%B8%9F%E0%B8%B1%E0%B8%99%E0%B8%81%E0%B8%A5%E0%B8%AD%E0%B8%AA%E0%B8%97%E0%B8%B9%E0%B8%98/data=!4m7!3m6!1s0x310295454232a453:0x860a656625f9e446!8m2!3d12.9290261!4d100.9232419!16s%2Fg%2F11l6yj3dhn!19sChIJU6QyQkWVAjERRuT5JWZlCoY?authuser=0&hl=en&rclk=1,4.8,17,,Dental clinic,"82, 68-69 ม.6 Noen Plubwan Rd",Closed · Opens 9 am · +66 81 092 5971,"คลินิกทำฟันกลอสทูธ
4.8(17)
Dental clinic · 82, 68-69 ม.6 Noen Plubwan Rd
Closed · Opens 9 am · +66 81 092 5971

Directions",12.906552767017166,100.909715401403
0x31029590f9050637:0x227699b10e89b64d,คลินิกทันตกรรมพัทยาเดนทอลคลินิกสาขาพัทยาใต้,https://www.google.com/maps/place/%E0%B8%84%E0%B8%A5%E0%B8%B4%E0%B8%99%E0%B8%B4%E0%B8%81%E0%B8%97%E0%B8%B1%E0%B8%99%E0%B8%95%E0%B8%81%E0%B8%A3%E0%B8%A3%E0%B8%A1%E0%B8%9E%E0%B8%B1%E0%B8%97%E0%B8%A2%E0%B8%B2%E0%B9%80%E0%B8%94%E0%B8%99%E0%B8%97%E0%B8%AD%E0%B8%A5%E0%B8%84%E0%B8%A5%E0%B8%B4%E0%B8%99%E0%B8%B4%E0%B8%81%E0%B8%AA%E0%B8%B2%E0%B8%82%E0%B8%B2%E0%B8%9E%E0%B8%B1%E0%B8%97%E0%B8%A2%E0%B8%B2%E0%B9%83%E0%B8%95%E0%B9%89/data=!4m7!3m6!1s0x31029590f9050637:0x227699b10e89b64d!8m2!3d12.9291169!4d100.9218676!16s%2Fg%2F1hf2xh8gy!19sChIJNwYF-ZCVAjERTbaJDrGZdiI?authuser=0&hl=en&rclk=1,,0,,,,,"คลินิกทันตกรรมพัทยาเดนทอลคลินิกสาขาพัทยาใต้
No reviews
Dental clinic
+66 38 429 206

Directions",12.928116512921237,100.91918104293053
0x3102958c4c69ba81:0xfd9598f8b12b8863,PATTAYADENTAL,https://www.google.com/maps/place/PATTAYADENTAL/data=!4m7!3m6!1s0x3102958c4c69ba81:0xfd9598f8b12b8863!8m2!3d12.9354421!4d100.9166996!16s%2Fg%2F11hzz7dwsm!19sChIJgbppTIyVAjERY4grsfiYlf0?authuser=0&hl=en&rclk=1,5.0,1,,Dental clinic,88 14-16 หมู่ 5 N Pattaya Rd,,"PATTAYADENTAL
5.0(1)
Dental clinic · 88 14-16 หมู่ 5 N Pattaya Rd
+66 38 367 449

Directions",12.928116512921237,100.91918104293053
0x3102958674958895:0x9effdd5c021053fa,สวัสดี​เด็นทอล,https://www.google.com/maps/place/%E0%B8%AA%E0%B8%A7%E0%B8%B1%E0%B8%AA%E0%B8%94%E0%B8%B5%E2%80%8B%E0%B9%80%E0%B8%94%E0%B9%87%E0%B8%99%E0%B8%97%E0%B8%AD%E0%B8%A5/data=!4m7!3m6!1s0x3102958674958895:0x9effdd5c021053fa!8m2!3d12.9379866!4d100.9257409!16s%2Fg%2F1q6jyr5vv!19sChIJlYiVdIaVAjER-lMQAlzd_54?authuser=0&hl=en&rclk=1,,0,,Dental clinic,WWQG+57X,,"สวัสดี​เด็นทอล
No reviews
Dental clinic · WWQG+57X

Directions",12.936865749646294,100.91687623809977
0x3102be1a3be282cb:0x9c45fde86369fa9e,Dr.Poowadon Koson-Ittikul,https://www.google.com/maps/place/Dr.Poowadon+Koson-Ittikul/data=!4m7!3m6!1s0x3102be1a3be282cb:0x9c45fde86369fa9e!8m2!3d12.9536836!4d100.9060946!16s%2Fg%2F1pzpqxb8g!19sChIJy4LiOxq-AjERnvppY-j9RZw?authuser=0&hl=en&rclk=1,,0,,Dental clinic,"301 Moo 6, Bangkok Pattaya Hospital, Sukhumvit Km. 143 Road, Tambon Na Kluea, Amphoe Bang Lamung, Chon Buri, 20150",,"Dr.Poowadon Koson-Ittikul
No reviews
Dental clinic · 301 Moo 6, Bangkok Pattaya Hospital, Sukhumvit Km. 143 Road, Tambon Na Kluea, Amphoe Bang Lamung, Chon Buri, 20150
+66 38 259 999

Directions",12.954026231549623,100.90231090053793
0x3102be1a3be282cb:0x95d78682ce8f0196,Dr.Pakkanan Roongsita,https://www.google.com/maps/place/Dr.Pakkanan+Roongsita/data=!4m7!3m6!1s0x3102be1a3be282cb:0x95d78682ce8f0196!8m2!3d12.9536836!4d100.9060946!16s%2Fg%2F1pzpkq9rv!19sChIJy4LiOxq-AjERlgGPzoKG15U?authuser=0&hl=en&rclk=1,,0,,Dental clinic,"301 Moo 6, Bangkok Pattaya Hospital, Sukhumvit Km. 143 Road, Tambon Na Kluea, Amphoe Bang Lamung, Chon Buri, 20150",,"Dr.Pakkanan Roongsita
No reviews
Dental clinic · 301 Moo 6, Bangkok Pattaya Hospital, Sukhumvit Km. 143 Road, Tambon Na Kluea, Amphoe Bang Lamung, Chon Buri, 20150
+66 38 259 999

Directions",12.954026231549623,100.90231090053793
0x3102be1a3be282cb:0x72df66ab3677aaab,Dr.Donjai na Ponbejra,https://www.google.com/maps/place/Dr.Donjai+na+Ponbejra/data=!4m7!3m6!1s0x3102be1a3be282cb:0x72df66ab3677aaab!8m2!3d12.9536836!4d100.9060946!16s%2Fg%2F1pzt6zgwh!19sChIJy4LiOxq-AjERq6p3Nqtm33I?authuser=0&hl=en&rclk=1,,0,,Dental clinic,"301 Moo 6, Bangkok Pattaya Hospital, Sukhumvit Km. 143 Road, Tambon Na Kluea, Amphoe Bang Lamung, Chon Buri, 20150",,"Dr.Donjai na Ponbejra
No reviews
Dental clinic · 301 Moo 6, Bangkok Pattaya Hospital, Sukhumvit Km. 143 Road, Tambon Na Kluea, Amphoe Bang Lamung, Chon Buri, 20150
+66 38 259 999

Directions",12.954026231549623,100.90231090053793
0x3102be152b37142d:0x81a466188fa77aa6,Bangkok Hospital Pattaya,https://www.google.com/maps/place/Bangkok+Hospital+Pattaya/data=!4m7!3m6!1s0x3102be152b37142d:0x81a466188fa77aa6!8m2!3d12.9538236!4d100.9055511!16s%2Fg%2F120n85d9!19sChIJLRQ3KxW-AjERpnqnjxhmpIE?authuser=0&hl=en&rclk=1,4.3,3258,,Hospital," · 301, Sukhumvit Rd",Open 24 hours · +66 38 259 999,"Bangkok Hospital Pattaya
4.3(3,258)
Hospital ·  · 301, Sukhumvit Rd
Open 24 hours · +66 38 259 999

Website

Directions
 
On-site services
 

Book online",12.954026231549623,100.90231090053793
0x3102bf55be8c6455:0xfd692037e3ec0d12,คลินิกทันตกรรมเดนทิสสาขาพัทยาเหนือ,https://www.google.com/maps/place/%E0%B8%84%E0%B8%A5%E0%B8%B4%E0%B8%99%E0%B8%B4%E0%B8%81%E0%B8%97%E0%B8%B1%E0%B8%99%E0%B8%95%E0%B8%81%E0%B8%A3%E0%B8%A3%E0%B8%A1%E0%B9%80%E0%B8%94%E0%B8%99%E0%B8%97%E0%B8%B4%E0%B8%AA%E0%B8%AA%E0%B8%B2%E0%B8%82%E0%B8%B2%E0%B8%9E%E0%B8%B1%E0%B8%97%E0%B8%A2%E0%B8%B2%E0%B9%80%E0%B8%AB%E0%B8%99%E0%B8%B7%E0%B8%AD/data=!4m7!3m6!1s0x3102bf55be8c6455:0xfd692037e3ec0d12!8m2!3d12.9491639!4d100.9010586!16s%2Fg%2F11s2q2ml7d!19sChIJVWSMvlW_AjEREg3s4zcgaf0?authuser=0&hl=en&rclk=1,4.1,10,,Dentist,33 N Pattaya Rd,Closed · Opens 10 am · +66 90 121 4889,"คลินิกทันตกรรมเดนทิสสาขาพัทยาเหนือ
4.1(10)
Dentist · 33 N Pattaya Rd
Closed · Opens 10 am · +66 90 121 4889

Directions
 
""Impressive, professional work, fast, reliable, and comfortable.""",12.951366242982912,100.90606721123268
0x3102be50d93de879:0xd56d02a6345f3557,คลินิกทันตกรรม ฟันนี่ สไมล์,https://www.google.com/maps/place/%E0%B8%84%E0%B8%A5%E0%B8%B4%E0%B8%99%E0%B8%B4%E0%B8%81%E0%B8%97%E0%B8%B1%E0%B8%99%E0%B8%95%E0%B8%81%E0%B8%A3%E0%B8%A3%E0%B8%A1+%E0%B8%9F%E0%B8%B1%E0%B8%99%E0%B8%99%E0%B8%B5%E0%B9%88+%E0%B8%AA%E0%B9%84%E0%B8%A1%E0%B8%A5%E0%B9%8C/data=!4m7!3m6!1s0x3102be50d93de879:0xd56d02a6345f3557!8m2!3d12.9825803!4d100.9321156!16s%2Fg%2F11bzt5034w!19sChIJeeg92VC-AjERVzVfNKYCbdU?authuser=0&hl=en&rclk=1,5.0,619,,Dental clinic,77 5,Closed · Opens 10 am · +66 95 758 5723,"คลินิกทันตกรรม ฟันนี่ สไมล์
5.0(619)
Dental clinic · 77 5
Closed · Opens 10 am · +66 95 758 5723

Directions
 
""Well organized, everything was very professional and fast .""",12.959564927150568,100.88017847231833
0x310295e57e1dbccb:0x53a122a9eec259d6,คลินิกนาเกลือทันตแพทย์,https://www.google.com/maps/place/%E0%B8%84%E0%B8%A5%E0%B8%B4%E0%B8%99%E0%B8%B4%E0%B8%81%E0%B8%99%E0%B8%B2%E0%B9%80%E0%B8%81%E0%B8%A5%E0%B8%B7%E0%B8%AD%E0%B8%97%E0%B8%B1%E0%B8%99%E0%B8%95%E0%B9%81%E0%B8%9E%E0%B8%97%E0%B8%A2%E0%B9%8C/data=!4m7!3m6!1s0x310295e57e1dbccb:0x53a122a9eec259d6!8m2!3d12.9697912!4d100.9073958!16s%2Fg%2F1hc4dfk_9!19sChIJy7wdfuWVAjER1lnC7qkioVM?authuser=0&hl=en&rclk=1,3.9,19,,Dental clinic,298 55 Sawangfa Rd,Closed · Opens 8:30 am · +66 38 726 470,"คลินิกนาเกลือทันตแพทย์
3.9(19)
Dental clinic · 298 55 Sawangfa Rd
Closed · Opens 8:30 am · +66 38 726 470

Directions
 
""They were fast and friendly and didn't make us wait long for cleanings.""",12.959564927150568,100.88017847231833
0x3102b9e766a40609:0xabf387ad4a6fedff,BEAVER Dental Clinic [คลินิกบีเวอร์ สาขาโรงโป๊ะ],https://www.google.com/maps/place/BEAVER+Dental+Clinic+%5B%E0%B8%84%E0%B8%A5%E0%B8%B4%E0%B8%99%E0%B8%B4%E0%B8%81%E0%B8%9A%E0%B8%B5%E0%B9%80%E0%B8%A7%E0%B8%AD%E0%B8%A3%E0%B9%8C+%E0%B8%AA%E0%B8%B2%E0%B8%82%E0%B8%B2%E0%B9%82%E0%B8%A3%E0%B8%87%E0%B9%82%E0%B8%9B%E0%B9%8A%E0%B8%B0%5D/data=!4m7!3m6!1s0x3102b9e766a40609:0xabf387ad4a6fedff!8m2!3d13.020274!4d100.9352782!16s%2Fg%2F11yjn_hskt!19sChIJCQakZue5AjER_-1vSq2H86s?authuser=0&hl=en&rclk=1,4.8,31,,Dental clinic,78 Banglamung 6/1,Closed · Opens 10 am · +66 95 171 7222,"BEAVER Dental Clinic [คลินิกบีเวอร์ สาขาโรงโป๊ะ]
4.8(31)
Dental clinic · 78 Banglamung 6/1
Closed · Opens 10 am · +66 95 171 7222

Website

Directions",12.959564927150568,100.88017847231833
0x31029590b28597ad:0xc1cac1c0eb223e4b,บมจ. เงินติดล้อ ประกันติดโล่ สาขา ชัยพฤกษ์พัทยา,https://www.google.com/maps/place/%E0%B8%9A%E0%B8%A1%E0%B8%88.+%E0%B9%80%E0%B8%87%E0%B8%B4%E0%B8%99%E0%B8%95%E0%B8%B4%E0%B8%94%E0%B8%A5%E0%B9%89%E0%B8%AD+%E0%B8%9B%E0%B8%A3%E0%B8%B0%E0%B8%81%E0%B8%B1%E0%B8%99%E0%B8%95%E0%B8%B4%E0%B8%94%E0%B9%82%E0%B8%A5%E0%B9%88+%E0%B8%AA%E0%B8%B2%E0%B8%82%E0%B8%B2+%E0%B8%8A%E0%B8%B1%E0%B8%A2%E0%B8%9E%E0%B8%A4%E0%B8%81%E0%B8%A9%E0%B9%8C%E0%B8%9E%E0%B8%B1%E0%B8%97%E0%B8%A2%E0%B8%B2/data=!4m7!3m6!1s0x31029590b28597ad:0xc1cac1c0eb223e4b!8m2!3d12.8818847!4d100.9024441!16s%2Fg%2F11j5hxlkbf!19sChIJrZeFspCVAjERSz4i68DBysE?authuser=0&hl=en&rclk=1,5.0,2,,Financial institution,"263, 101",Closed · Opens 8:30 am · +66 61 385 1250,"บมจ. เงินติดล้อ ประกันติดโล่ สาขา ชัยพฤกษ์พัทยา
5.0(2)
Financial institution · 263, 101
Closed · Opens 8:30 am · +66 61 385 1250

Website

Directions
 
""Good dental clinic, kind-hearted, competent medical staff.""",12.889327693106482,100.87107484359225
0x3102be14779d31a7:0x4f792a648ff1d3f2,ปรีชา ทำฟันปลอม,https://www.google.com/maps/place/%E0%B8%9B%E0%B8%A3%E0%B8%B5%E0%B8%8A%E0%B8%B2+%E0%B8%97%E0%B8%B3%E0%B8%9F%E0%B8%B1%E0%B8%99%E0%B8%9B%E0%B8%A5%E0%B8%AD%E0%B8%A1/data=!4m7!3m6!1s0x3102be14779d31a7:0x4f792a648ff1d3f2!8m2!3d12.9632324!4d100.9073964!16s%2Fg%2F11gr60t931!19sChIJpzGddxS-AjER8tPxj2QqeU8?authuser=0&hl=en&rclk=1,5.0,3,,Dental clinic,"XW74+7XR, Sukhumvit-Phatthaya 22",Closed · Opens 10 am Mon · +66 81 374 5491,"ปรีชา ทำฟันปลอม
5.0(3)
Dental clinic · XW74+7XR, Sukhumvit-Phatthaya 22
Closed · Opens 10 am Mon · +66 81 374 5491

Website

Directions",12.957539181551184,100.90524984681466
0x76d0229774453a5:0x8ed24e2c87cd87b8,Psmile Dental Clinic | Pattaya,https://www.google.com/maps/place/Psmile+Dental+Clinic+%7C+Pattaya/data=!4m7!3m6!1s0x76d0229774453a5:0x8ed24e2c87cd87b8!8m2!3d12.9211702!4d100.8752012!16s%2Fg%2F11mysy_3sg!19sChIJpVNEdykCbQcRuIfNhyxO0o4?authuser=0&hl=en&rclk=1,,0,,,,Closed · Opens 10 am · +66 85 532 2495,"Psmile Dental Clinic | Pattaya
No reviews
Dental clinic
Closed · Opens 10 am · +66 85 532 2495

Website

Directions",12.957539181551184,100.90524984681466
0x3102be6c336c0c51:0x6e533f55bde04be3,Luk Yim Dental Clinic,https://www.google.com/maps/place/Luk+Yim+Dental+Clinic/data=!4m7!3m6!1s0x3102be6c336c0c51:0x6e533f55bde04be3!8m2!3d12.9716575!4d100.9045121!16s%2Fg%2F1hf0x0lpb!19sChIJUQxsM2y-AjER40vgvVU_U24?authuser=0&hl=en&rclk=1,,0,,Dentist,"XWC3+MR6, Pattaya-Na Kluea Rd",,"Luk Yim Dental Clinic
No reviews
Dentist · XWC3+MR6, Pattaya-Na Kluea Rd

Directions",12.957539181551184,100.90524984681466
0x3102bf84182de397:0x89c69834c814b549,"HEAD OFFICE of DENTAL CLINIC MANAGEMENT CO., LTD.","https://www.google.com/maps/place/HEAD+OFFICE+of+DENTAL+CLINIC+MANAGEMENT+CO.,+LTD./data=!4m7!3m6!1s0x3102bf84182de397:0x89c69834c814b549!8m2!3d12.9689631!4d100.9231477!16s%2Fg%2F11krpkzs99!19sChIJl-MtGIS_AjERSbUUyDSYxok?authuser=0&hl=en&rclk=1",,0,,Dental clinic,"XW9F+C4V, Lieb Tang Rodfai Rd",Closed · Opens 8:30 am · +66 83 494 0905,"HEAD OFFICE of DENTAL CLINIC MANAGEMENT CO., LTD.
No reviews
Dental clinic · XW9F+C4V, Lieb Tang Rodfai Rd
Closed · Opens 8:30 am · +66 83 494 0905

Directions",12.957539181551184,100.90524984681466
0x3102bf00305ef913:0x60c0d27f68f88b63,คลินิกทันตกรรมโอเอ,https://www.google.com/maps/place/%E0%B8%84%E0%B8%A5%E0%B8%B4%E0%B8%99%E0%B8%B4%E0%B8%81%E0%B8%97%E0%B8%B1%E0%B8%99%E0%B8%95%E0%B8%81%E0%B8%A3%E0%B8%A3%E0%B8%A1%E0%B9%82%E0%B8%AD%E0%B9%80%E0%B8%AD/data=!4m7!3m6!1s0x3102bf00305ef913:0x60c0d27f68f88b63!8m2!3d12.9567856!4d100.926801!16s%2Fg%2F11ldh9w438!19sChIJE_leMAC_AjERY4v4aH_SwGA?authuser=0&hl=en&rclk=1,4.3,11,,Dental clinic,75 32 3240,Closed · Opens 9 am,"คลินิกทันตกรรมโอเอ
4.3(11)
Dental clinic · 75 32 3240
Closed · Opens 9 am

Directions",12.948974777390253,100.92068522685861
0x310295dc20d9ba0d:0xf651158f040cbd5f,Thonglor Pet Hospital,https://www.google.com/maps/place/Thonglor+Pet+Hospital/data=!4m7!3m6!1s0x310295dc20d9ba0d:0xf651158f040cbd5f!8m2!3d12.9625507!4d100.909104!16s%2Fg%2F1q5bs7v4v!19sChIJDbrZINyVAjERX70MBI8VUfY?authuser=0&hl=en&rclk=1,4.6,629,,Animal hospital, · 148-2 Sukhumvit Rd,Open 24 hours · +66 2 079 9942,"Thonglor Pet Hospital
4.6(629)
Animal hospital ·  · 148-2 Sukhumvit Rd
Open 24 hours · +66 2 079 9942

Website

Directions
 
On-site services",12.958817634345408,100.91131503539665
0x310295ded0a0e309:0x753f57d40bf3bb64,Munich Dental Clinic,https://www.google.com/maps/place/Munich+Dental+Clinic/data=!4m7!3m6!1s0x310295ded0a0e309:0x753f57d40bf3bb64!8m2!3d12.8866953!4d100.9227597!16s%2Fg%2F11bw50rn44!19sChIJCeOg0N6VAjERZLvzC9RXP3U?authuser=0&hl=en&rclk=1,3.5,6,,,,Permanently closed · +66 38 426 809,"Munich Dental Clinic
3.5(6)
Dental clinic
Permanently closed · +66 38 426 809

Website

Directions",12.898225222609748,100.92068522685861
0x3102950053bd26f5:0xa42a9cb5c013df13,ร้านทำฟัน,https://www.google.com/maps/place/%E0%B8%A3%E0%B9%89%E0%B8%B2%E0%B8%99%E0%B8%97%E0%B8%B3%E0%B8%9F%E0%B8%B1%E0%B8%99/data=!4m7!3m6!1s0x3102950053bd26f5:0xa42a9cb5c013df13!8m2!3d12.9350511!4d100.9396657!16s%2Fg%2F11x1tbg1ln!19sChIJ9Sa9UwCVAjERE98TwLWcKqQ?authuser=0&hl=en&rclk=1,,0,,Dental clinic,222 91 ม.7,,"ร้านทำฟัน
No reviews
Dental clinic · 222 91 ม.7

Directions",12.932574226607246,100.93249653887727
0x3102be09428691f7:0xbadb0114eb2ee8ee,Ban for. Fan Clinic,https://www.google.com/maps/place/Ban+for.+Fan+Clinic/data=!4m7!3m6!1s0x3102be09428691f7:0xbadb0114eb2ee8ee!8m2!3d12.9708363!4d100.903082!16s%2Fg%2F1vh_5vcl!19sChIJ95GGQgm-AjER7ugu6xQB27o?authuser=0&hl=en&rclk=1,4.3,28,,Health,88/14-16 หมู่ 5,Closed · Opens 10 am · +66 38 367 449,"Ban for. Fan Clinic
4.3(28)
Health · 88/14-16 หมู่ 5
Closed · Opens 10 am · +66 38 367 449

Directions",12.967594312623541,100.90588846495677
0x310296079196edf9:0x4742d5836b263b43,คลีนิคทันตกรรมเดนทรัลพาราไดซ์,https://www.google.com/maps/place/%E0%B8%84%E0%B8%A5%E0%B8%B5%E0%B8%99%E0%B8%B4%E0%B8%84%E0%B8%97%E0%B8%B1%E0%B8%99%E0%B8%95%E0%B8%81%E0%B8%A3%E0%B8%A3%E0%B8%A1%E0%B9%80%E0%B8%94%E0%B8%99%E0%B8%97%E0%B8%A3%E0%B8%B1%E0%B8%A5%E0%B8%9E%E0%B8%B2%E0%B8%A3%E0%B8%B2%E0%B9%84%E0%B8%94%E0%B8%8B%E0%B9%8C/data=!4m7!3m6!1s0x310296079196edf9:0x4742d5836b263b43!8m2!3d12.9353754!4d100.8894861!16s%2Fg%2F11bwq7hytx!19sChIJ-e2WkQeWAjERQzsma4PVQkc?authuser=0&hl=en&rclk=1,5.0,2,,Dental clinic,"WVPQ+5Q5, Central Pattaya Rd",,"คลีนิคทันตกรรมเดนทรัลพาราไดซ์
5.0(2)
Dental clinic · WVPQ+5Q5, Central Pattaya Rd

Directions",12.919212169335072,100.89561348985201
0x310295fd0386a01f:0x76528ab878120c08,คลินิกทันตกรรมเด็นทัลสตูดิโอ,https://www.google.com/maps/place/%E0%B8%84%E0%B8%A5%E0%B8%B4%E0%B8%99%E0%B8%B4%E0%B8%81%E0%B8%97%E0%B8%B1%E0%B8%99%E0%B8%95%E0%B8%81%E0%B8%A3%E0%B8%A3%E0%B8%A1%E0%B9%80%E0%B8%94%E0%B9%87%E0%B8%99%E0%B8%97%E0%B8%B1%E0%B8%A5%E0%B8%AA%E0%B8%95%E0%B8%B9%E0%B8%94%E0%B8%B4%E0%B9%82%E0%B8%AD/data=!4m7!3m6!1s0x310295fd0386a01f:0x76528ab878120c08!8m2!3d12.9356787!4d100.8928796!16s%2Fg%2F1hm316_j5!19sChIJH6CGA_2VAjERCAwSeLiKUnY?authuser=0&hl=en&rclk=1,5.0,1,,Health,140/94 M.11 ถนน สุขุมวิท,Closed · Opens 9 AM · 038 427 447,"คลินิกทันตกรรมเด็นทัลสตูดิโอ
5.0(1)
Health · 140/94 M.11 ถนน สุขุมวิท
Closed · Opens 9 AM · 038 427 447

Directions",12.935934182088806,100.89597592646396
0x31029667914a1e8d:0x72102910b2c48f6b,คลินิกทันตกรรมเพอร์เฟคสไมล์เดนทอลคลินิกพัทยา,https://www.google.com/maps/place/%E0%B8%84%E0%B8%A5%E0%B8%B4%E0%B8%99%E0%B8%B4%E0%B8%81%E0%B8%97%E0%B8%B1%E0%B8%99%E0%B8%95%E0%B8%81%E0%B8%A3%E0%B8%A3%E0%B8%A1%E0%B9%80%E0%B8%9E%E0%B8%AD%E0%B8%A3%E0%B9%8C%E0%B9%80%E0%B8%9F%E0%B8%84%E0%B8%AA%E0%B9%84%E0%B8%A1%E0%B8%A5%E0%B9%8C%E0%B9%80%E0%B8%94%E0%B8%99%E0%B8%97%E0%B8%AD%E0%B8%A5%E0%B8%84%E0%B8%A5%E0%B8%B4%E0%B8%99%E0%B8%B4%E0%B8%81%E0%B8%9E%E0%B8%B1%E0%B8%97%E0%B8%A2%E0%B8%B2/data=!4m7!3m6!1s0x31029667914a1e8d:0x72102910b2c48f6b!8m2!3d12.9106127!4d100.8689212!16s%2Fg%2F1hf01cygr!19sChIJjR5KkWeWAjERa4_EshApEHI?authuser=0&hl=en&rclk=1,,0,,Dentist,"308/60, ถ.ทัพพระยา, ต.หนองปรือ อ.บางละมุง ชลบุรี, 20150",,"คลินิกทันตกรรมเพอร์เฟคสไมล์เดนทอลคลินิกพัทยา
No reviews
Dentist · 308/60, ถ.ทัพพระยา, ต.หนองปรือ อ.บางละมุง ชลบุรี, 20150
038 364 869

Directions",12.9412988693825,100.87903601441667
0x31029601d57a22d3:0xde52d308fd122d3a,Pattaya International Hospital,https://www.google.com/maps/place/Pattaya+International+Hospital/data=!4m7!3m6!1s0x31029601d57a22d3:0xde52d308fd122d3a!8m2!3d12.9442953!4d100.8880506!16s%2Fg%2F1twywzz6!19sChIJ0yJ61QGWAjEROi0S_QjTUt4?authuser=0&hl=en&rclk=1,3.8,333,,Hospital, · 255 4 Central Pattaya Rd,Open 24 hours · 038 428 374,"Pattaya International Hospital
3.8(333)
Hospital ·  · 255 4 Central Pattaya Rd
Open 24 hours · 038 428 374

Website

Directions",12.944720543516826,100.89052548263366
0x31029674b3ae6535:0xfb762b84b5f59db9,คลินิกทันตกรรมพัทยาเดนทอลแคร์,https://www.google.com/maps/place/%E0%B8%84%E0%B8%A5%E0%B8%B4%E0%B8%99%E0%B8%B4%E0%B8%81%E0%B8%97%E0%B8%B1%E0%B8%99%E0%B8%95%E0%B8%81%E0%B8%A3%E0%B8%A3%E0%B8%A1%E0%B8%9E%E0%B8%B1%E0%B8%97%E0%B8%A2%E0%B8%B2%E0%B9%80%E0%B8%94%E0%B8%99%E0%B8%97%E0%B8%AD%E0%B8%A5%E0%B9%81%E0%B8%84%E0%B8%A3%E0%B9%8C/data=!4m7!3m6!1s0x31029674b3ae6535:0xfb762b84b5f59db9!8m2!3d12.9220591!4d100.8855339!16s%2Fg%2F1hf6s91rn!19sChIJNWWus3SWAjERuZ31tYQrdvs?authuser=0&hl=en&rclk=1,5.0,1,,Medical clinic,"111, 72 S Pattaya Rd",,"คลินิกทันตกรรมพัทยาเดนทอลแคร์
5.0(1)
Medical clinic · 111, 72 S Pattaya Rd
038 723 503

Directions",12.936463443055057,100.85811268794205
0x31029609cdd489dd:0x7c9cf5ffc6c651aa,เด็นทัลสตูดิโอคลินิกทันตกรรม,https://www.google.com/maps/place/%E0%B9%80%E0%B8%94%E0%B9%87%E0%B8%99%E0%B8%97%E0%B8%B1%E0%B8%A5%E0%B8%AA%E0%B8%95%E0%B8%B9%E0%B8%94%E0%B8%B4%E0%B9%82%E0%B8%AD%E0%B8%84%E0%B8%A5%E0%B8%B4%E0%B8%99%E0%B8%B4%E0%B8%81%E0%B8%97%E0%B8%B1%E0%B8%99%E0%B8%95%E0%B8%81%E0%B8%A3%E0%B8%A3%E0%B8%A1/data=!4m7!3m6!1s0x31029609cdd489dd:0x7c9cf5ffc6c651aa!8m2!3d12.9274645!4d100.89925!16s%2Fg%2F1hdzpg8yg!19sChIJ3YnUzQmWAjERqlHGxv_1nHw?authuser=0&hl=en&rclk=1,5.0,1,,Dentist,"245/138-139, ถ.พัทยาสาย 3, ต.หนองปรือ อ.บางละมุง ชลบุรี, 20150",,"เด็นทัลสตูดิโอคลินิกทันตกรรม
5.0(1)
Dentist · 245/138-139, ถ.พัทยาสาย 3, ต.หนองปรือ อ.บางละมุง ชลบุรี, 20150
038 427 447

Directions",12.936463443055057,100.85811268794205
0x3102b786bc0d5b11:0x5e2433a78d95a811,คลินิกทันตกรรมเด็นทอลสไมล์,https://www.google.com/maps/place/%E0%B8%84%E0%B8%A5%E0%B8%B4%E0%B8%99%E0%B8%B4%E0%B8%81%E0%B8%97%E0%B8%B1%E0%B8%99%E0%B8%95%E0%B8%81%E0%B8%A3%E0%B8%A3%E0%B8%A1%E0%B9%80%E0%B8%94%E0%B9%87%E0%B8%99%E0%B8%97%E0%B8%AD%E0%B8%A5%E0%B8%AA%E0%B9%84%E0%B8%A1%E0%B8%A5%E0%B9%8C/data=!4m7!3m6!1s0x3102b786bc0d5b11:0x5e2433a78d95a811!8m2!3d13.1322312!4d100.9410276!16s%2Fg%2F11r8_0k_f!19sChIJEVsNvIa3AjEREaiVjaczJF4?authuser=0&hl=en&rclk=1,4.0,4,,Dentist,"219/62, ถ.เก้ากิโล, ต.สุรศักดิ์ อ.ศรีราชา ชลบุรี, 20000",,"คลินิกทันตกรรมเด็นทอลสไมล์
4.0(4)
Dentist · 219/62, ถ.เก้ากิโล, ต.สุรศักดิ์ อ.ศรีราชา ชลบุรี, 20000
038 325 732

Directions",12.92804850244002,100.85514875628755
0x310293b9b63ddf69:0xf47772a6ae4c4474,Fun for You Dental Clinic,https://www.google.com/maps/place/Fun+for+You+Dental+Clinic/data=!4m7!3m6!1s0x310293b9b63ddf69:0xf47772a6ae4c4474!8m2!3d12.8208303!4d100.9159044!16s%2Fg%2F11f3z9rgrq!19sChIJad89trmTAjERdERMrqZyd_Q?authuser=0&hl=en&rclk=1,4.4,17,,Dental clinic,158 4,Closed · Opens 10 AM · 095 950 8380,"Fun for You Dental Clinic
4.4(17)
Dental clinic · 158 4
Closed · Opens 10 AM · 095 950 8380

Directions",12.92804850244002,100.85514875628755
0x3102b6febb9e0025:0xaf26362097e65aff,331 Dental Clinic.,https://www.google.com/maps/place/331+Dental+Clinic./data=!4m7!3m6!1s0x3102b6febb9e0025:0xaf26362097e65aff!8m2!3d13.1749619!4d100.9307279!16s%2Fg%2F1pzxy0n6f!19sChIJJQCeu_62AjER_1rmlyA2Jq8?authuser=0&hl=en&rclk=1,5.0,1,,Dental clinic,"310/29, Bo Win Road, Tumbon Si Racha, Amphoe Si Racha, Chon Buri, 20110",,"331 Dental Clinic.
5.0(1)
Dental clinic · 310/29, Bo Win Road, Tumbon Si Racha, Amphoe Si Racha, Chon Buri, 20110
083 448 3090

Directions",12.92804850244002,100.85514875628755
0x3102b701170d02e9:0x2866c01b60b12c94,คลินิกทันตกรรมสไมล์แฟคทอรี่ สาขาศรีราชา จัดฟัน รากเทียม,https://www.google.com/maps/place/%E0%B8%84%E0%B8%A5%E0%B8%B4%E0%B8%99%E0%B8%B4%E0%B8%81%E0%B8%97%E0%B8%B1%E0%B8%99%E0%B8%95%E0%B8%81%E0%B8%A3%E0%B8%A3%E0%B8%A1%E0%B8%AA%E0%B9%84%E0%B8%A1%E0%B8%A5%E0%B9%8C%E0%B9%81%E0%B8%9F%E0%B8%84%E0%B8%97%E0%B8%AD%E0%B8%A3%E0%B8%B5%E0%B9%88+%E0%B8%AA%E0%B8%B2%E0%B8%82%E0%B8%B2%E0%B8%A8%E0%B8%A3%E0%B8%B5%E0%B8%A3%E0%B8%B2%E0%B8%8A%E0%B8%B2+%E0%B8%88%E0%B8%B1%E0%B8%94%E0%B8%9F%E0%B8%B1%E0%B8%99+%E0%B8%A3%E0%B8%B2%E0%B8%81%E0%B9%80%E0%B8%97%E0%B8%B5%E0%B8%A2%E0%B8%A1/data=!4m7!3m6!1s0x3102b701170d02e9:0x2866c01b60b12c94!8m2!3d13.1661314!4d100.9321906!16s%2Fg%2F11cndj8s0m!19sChIJ6QINFwG3AjERlCyxYBvAZig?authuser=0&hl=en&rclk=1,4.9,213,,Dentist, · 119 ศรีราชา 4 Assumption Rd,Closed · Opens 10 AM · 084 654 6265,"คลินิกทันตกรรมสไมล์แฟคทอรี่ สาขาศรีราชา จัดฟัน รากเทียม
4.9(213)
Dentist ·  · 119 ศรีราชา 4 Assumption Rd
Closed · Opens 10 AM · 084 654 6265

Website

Directions",12.92804850244002,100.85514875628755
0x3102bedecbeccd21:0xe312239b5ba8ef4b,CDC Dental Clinic,https://www.google.com/maps/place/CDC+Dental+Clinic/data=!4m7!3m6!1s0x3102bedecbeccd21:0xe312239b5ba8ef4b!8m2!3d13.0168652!4d100.9314383!16s%2Fg%2F11c1vrkd36!19sChIJIc3sy96-AjERS--oW5sjEuM?authuser=0&hl=en&rclk=1,4.7,52,,Dental clinic,10 3,Closed · Opens 9 AM · 083 441 8808,"CDC Dental Clinic
4.7(52)
Dental clinic · 10 3
Closed · Opens 9 AM · 083 441 8808

Directions",12.92804850244002,100.85514875628755
0x3102b704b20e36d3:0x7fe6eeed5aba2231,คลินิกทันตกรรมเด็นทอลแคร์,https://www.google.com/maps/place/%E0%B8%84%E0%B8%A5%E0%B8%B4%E0%B8%99%E0%B8%B4%E0%B8%81%E0%B8%97%E0%B8%B1%E0%B8%99%E0%B8%95%E0%B8%81%E0%B8%A3%E0%B8%A3%E0%B8%A1%E0%B9%80%E0%B8%94%E0%B9%87%E0%B8%99%E0%B8%97%E0%B8%AD%E0%B8%A5%E0%B9%81%E0%B8%84%E0%B8%A3%E0%B9%8C/data=!4m7!3m6!1s0x3102b704b20e36d3:0x7fe6eeed5aba2231!8m2!3d13.1643071!4d100.9243031!16s%2Fg%2F1hm4tjf_3!19sChIJ0zYOsgS3AjERMSK6Wu3u5n8?authuser=0&hl=en&rclk=1,5.0,2,,Dental clinic,84 22 Surasak Sanguan Rd,Closed · Opens 10:30 AM · 038 324 408,"คลินิกทันตกรรมเด็นทอลแคร์
5.0(2)
Dental clinic · 84 22 Surasak Sanguan Rd
Closed · Opens 10:30 AM · 038 324 408

Directions",12.92804850244002,100.85514875628755
0x3102b9d3cdc9d539:0x3a860934b42b325d,คลินิกทันตกรรมสนามบิน (เครือสหพัฒน์),https://www.google.com/maps/place/%E0%B8%84%E0%B8%A5%E0%B8%B4%E0%B8%99%E0%B8%B4%E0%B8%81%E0%B8%97%E0%B8%B1%E0%B8%99%E0%B8%95%E0%B8%81%E0%B8%A3%E0%B8%A3%E0%B8%A1%E0%B8%AA%E0%B8%99%E0%B8%B2%E0%B8%A1%E0%B8%9A%E0%B8%B4%E0%B8%99+%28%E0%B9%80%E0%B8%84%E0%B8%A3%E0%B8%B7%E0%B8%AD%E0%B8%AA%E0%B8%AB%E0%B8%9E%E0%B8%B1%E0%B8%92%E0%B8%99%E0%B9%8C%29/data=!4m7!3m6!1s0x3102b9d3cdc9d539:0x3a860934b42b325d!8m2!3d13.0928651!4d100.9745077!16s%2Fg%2F11g1sb18by!19sChIJOdXJzdO5AjERXTIrtDQJhjo?authuser=0&hl=en&rclk=1,4.9,27,,Dental clinic,Unnamed Road,Closed · Opens 8:30 AM · 091 078 4998,"คลินิกทันตกรรมสนามบิน (เครือสหพัฒน์)
4.9(27)
Dental clinic · Unnamed Road
Closed · Opens 8:30 AM · 091 078 4998

Website

Directions",12.92804850244002,100.85514875628755
0x3102bf2794564047:0x3e851c43ad442639,คลินิกทันตกรรมคูลสไมล์ โรงโป๊ะ,https://www.google.com/maps/place/%E0%B8%84%E0%B8%A5%E0%B8%B4%E0%B8%99%E0%B8%B4%E0%B8%81%E0%B8%97%E0%B8%B1%E0%B8%99%E0%B8%95%E0%B8%81%E0%B8%A3%E0%B8%A3%E0%B8%A1%E0%B8%84%E0%B8%B9%E0%B8%A5%E0%B8%AA%E0%B9%84%E0%B8%A1%E0%B8%A5%E0%B9%8C+%E0%B9%82%E0%B8%A3%E0%B8%87%E0%B9%82%E0%B8%9B%E0%B9%8A%E0%B8%B0/data=!4m7!3m6!1s0x3102bf2794564047:0x3e851c43ad442639!8m2!3d13.0207716!4d100.9366221!16s%2Fg%2F11c1q41l66!19sChIJR0BWlCe_AjEROSZErUMchT4?authuser=0&hl=en&rclk=1,3.5,2,,Dental clinic,Bang Lamung 25 Rd,Closed · Opens 9 AM · 033 031 951,"คลินิกทันตกรรมคูลสไมล์ โรงโป๊ะ
3.5(2)
Dental clinic · Bang Lamung 25 Rd
Closed · Opens 9 AM · 033 031 951

Directions",12.92804850244002,100.85514875628755
0x3102b7043c39a723:0x3dbd6397ac5f3336,คลินิกทันตกรรมเดนท์แอทโฮม,https://www.google.com/maps/place/%E0%B8%84%E0%B8%A5%E0%B8%B4%E0%B8%99%E0%B8%B4%E0%B8%81%E0%B8%97%E0%B8%B1%E0%B8%99%E0%B8%95%E0%B8%81%E0%B8%A3%E0%B8%A3%E0%B8%A1%E0%B9%80%E0%B8%94%E0%B8%99%E0%B8%97%E0%B9%8C%E0%B9%81%E0%B8%AD%E0%B8%97%E0%B9%82%E0%B8%AE%E0%B8%A1/data=!4m7!3m6!1s0x3102b7043c39a723:0x3dbd6397ac5f3336!8m2!3d13.167586!4d100.9248281!16s%2Fg%2F1hf69gtzz!19sChIJI6c5PAS3AjERNjNfrJdjvT0?authuser=0&hl=en&rclk=1,5.0,5,,Dental clinic,81/5-6 Surasak 2 Rd,Closed · Opens 10 AM Sun · 061 454 4644,"คลินิกทันตกรรมเดนท์แอทโฮม
5.0(5)
Dental clinic · 81/5-6 Surasak 2 Rd
Closed · Opens 10 AM Sun · 061 454 4644

Directions",12.92804850244002,100.85514875628755
0x3102b4e385ad06ef:0xd45a60b12f2e694f,"My Teeth บางแสน รากฟันเทียม วีเนียร์ All-on-x, FMR","https://www.google.com/maps/place/My+Teeth+%E0%B8%9A%E0%B8%B2%E0%B8%87%E0%B9%81%E0%B8%AA%E0%B8%99+%E0%B8%A3%E0%B8%B2%E0%B8%81%E0%B8%9F%E0%B8%B1%E0%B8%99%E0%B9%80%E0%B8%97%E0%B8%B5%E0%B8%A2%E0%B8%A1+%E0%B8%A7%E0%B8%B5%E0%B9%80%E0%B8%99%E0%B8%B5%E0%B8%A2%E0%B8%A3%E0%B9%8C+All-on-x,+FMR/data=!4m7!3m6!1s0x3102b4e385ad06ef:0xd45a60b12f2e694f!8m2!3d13.276054!4d100.9303398!16s%2Fg%2F11c58ntnk1!19sChIJ7watheO0AjERT2kuL7FgWtQ?authuser=0&hl=en&rclk=1",5.0,9,,Dentist,ซอยเดียวกับ cardio boxing gym bangsaen,,"My Teeth บางแสน รากฟันเทียม วีเนียร์ All-on-x, FMR
5.0(9)
Dentist · ซอยเดียวกับ cardio boxing gym bangsaen
094 634 5189

Website

Directions",12.92804850244002,100.85514875628755
0x3102b814b2015e03:0x8ba2fa96cb541375,คลินิกทันตกรรม สไมล์ แอทโฮม,https://www.google.com/maps/place/%E0%B8%84%E0%B8%A5%E0%B8%B4%E0%B8%99%E0%B8%B4%E0%B8%81%E0%B8%97%E0%B8%B1%E0%B8%99%E0%B8%95%E0%B8%81%E0%B8%A3%E0%B8%A3%E0%B8%A1+%E0%B8%AA%E0%B9%84%E0%B8%A1%E0%B8%A5%E0%B9%8C+%E0%B9%81%E0%B8%AD%E0%B8%97%E0%B9%82%E0%B8%AE%E0%B8%A1/data=!4m7!3m6!1s0x3102b814b2015e03:0x8ba2fa96cb541375!8m2!3d13.1011665!4d100.9630238!16s%2Fg%2F11c1q4yj91!19sChIJA14BshS4AjERdRNUy5b6oos?authuser=0&hl=en&rclk=1,4.5,11,,Dental clinic,214 40 ถ. ไร่หนิ่ง - หนองขาม,Closed · Opens 9 AM · 033 080 494,"คลินิกทันตกรรม สไมล์ แอทโฮม
4.5(11)
Dental clinic · 214 40 ถ. ไร่หนิ่ง - หนองขาม
Closed · Opens 9 AM · 033 080 494

Website

Directions",12.92804850244002,100.85514875628755
0x3102b728b41f8991:0x8d611474b34107ec,9 Smile Dental Care,https://www.google.com/maps/place/9+Smile+Dental+Care/data=!4m7!3m6!1s0x3102b728b41f8991:0x8d611474b34107ec!8m2!3d13.1500547!4d100.9344163!16s%2Fg%2F11f62dxls3!19sChIJkYkftCi3AjER7AdBs3QUYY0?authuser=0&hl=en&rclk=1,3.2,9,,,,Closed · Opens 9 AM · 090 236 1748,"9 Smile Dental Care
3.2(9)
Dental clinic
Closed · Opens 9 AM · 090 236 1748

Directions",12.92804850244002,100.85514875628755
0x310296785211ba35:0x22739704a5b355a5,พัทยา คลินิกทันตกรรม (สาขาเทพประสิทธิ์),https://www.google.com/maps/place/%E0%B8%9E%E0%B8%B1%E0%B8%97%E0%B8%A2%E0%B8%B2+%E0%B8%84%E0%B8%A5%E0%B8%B4%E0%B8%99%E0%B8%B4%E0%B8%81%E0%B8%97%E0%B8%B1%E0%B8%99%E0%B8%95%E0%B8%81%E0%B8%A3%E0%B8%A3%E0%B8%A1+%28%E0%B8%AA%E0%B8%B2%E0%B8%82%E0%B8%B2%E0%B9%80%E0%B8%97%E0%B8%9E%E0%B8%9B%E0%B8%A3%E0%B8%B0%E0%B8%AA%E0%B8%B4%E0%B8%97%E0%B8%98%E0%B8%B4%E0%B9%8C%29/data=!4m7!3m6!1s0x310296785211ba35:0x22739704a5b355a5!8m2!3d12.9090959!4d100.8910006!16s%2Fg%2F1tf9vwgw!19sChIJNboRUniWAjERpVWzpQSXcyI?authuser=0&hl=en&rclk=1,5.0,1,,Dentist,หมู่ 11 เทพประสิทธิ์ สาขาเทพประสิทธิ์ 195/21-2,,"พัทยา คลินิกทันตกรรม (สาขาเทพประสิทธิ์)
5.0(1)
Dentist · หมู่ 11 เทพประสิทธิ์ สาขาเทพประสิทธิ์ 195/21-2
090 121 4829

Directions",12.892389413994746,100.88710402874764
0x310295ccb1581c49:0x27ec61d1c8df7d03,คลินิกทันตกรรมพัทยาเดนทอลคลินิกสาขาพัทยาเหนือ,https://www.google.com/maps/place/%E0%B8%84%E0%B8%A5%E0%B8%B4%E0%B8%99%E0%B8%B4%E0%B8%81%E0%B8%97%E0%B8%B1%E0%B8%99%E0%B8%95%E0%B8%81%E0%B8%A3%E0%B8%A3%E0%B8%A1%E0%B8%9E%E0%B8%B1%E0%B8%97%E0%B8%A2%E0%B8%B2%E0%B9%80%E0%B8%94%E0%B8%99%E0%B8%97%E0%B8%AD%E0%B8%A5%E0%B8%84%E0%B8%A5%E0%B8%B4%E0%B8%99%E0%B8%B4%E0%B8%81%E0%B8%AA%E0%B8%B2%E0%B8%82%E0%B8%B2%E0%B8%9E%E0%B8%B1%E0%B8%97%E0%B8%A2%E0%B8%B2%E0%B9%80%E0%B8%AB%E0%B8%99%E0%B8%B7%E0%B8%AD/data=!4m7!3m6!1s0x310295ccb1581c49:0x27ec61d1c8df7d03!8m2!3d12.9110873!4d100.9085367!16s%2Fg%2F1hf58dsp1!19sChIJSRxYscyVAjERA33fyNFh7Cc?authuser=0&hl=en&rclk=1,4.5,2,,Dentist,"102/4, ต.หนองปรือ อ.บางละมุง ชลบุรี, 20150",,"คลินิกทันตกรรมพัทยาเดนทอลคลินิกสาขาพัทยาเหนือ
4.5(2)
Dentist · 102/4, ต.หนองปรือ อ.บางละมุง ชลบุรี, 20150
038 362 374

Directions",12.944781450533062,100.85258855219774
0x3102bf077d823fa3:0xc082594c6a09bdb,บีม เดนทัลคลีนิค Beam dental clinic,https://www.google.com/maps/place/%E0%B8%9A%E0%B8%B5%E0%B8%A1+%E0%B9%80%E0%B8%94%E0%B8%99%E0%B8%97%E0%B8%B1%E0%B8%A5%E0%B8%84%E0%B8%A5%E0%B8%B5%E0%B8%99%E0%B8%B4%E0%B8%84+Beam+dental+clinic/data=!4m7!3m6!1s0x3102bf077d823fa3:0xc082594c6a09bdb!8m2!3d12.9687532!4d100.890615!16s%2Fg%2F11twss9zcx!19sChIJoz-CfQe_AjER25ugxpQlCAw?authuser=0&hl=en&rclk=1,,0,,Dental clinic,XV9R+G65,Permanently closed,"บีม เดนทัลคลีนิค Beam dental clinic
No reviews
Dental clinic · XV9R+G65
Permanently closed

Directions",12.966961452565316,100.89501708953878
0x3102be0cdeb46287:0x8df552c4132bb51d,VR Dentis Dental Clinic.,https://www.google.com/maps/place/VR+Dentis+Dental+Clinic./data=!4m7!3m6!1s0x3102be0cdeb46287:0x8df552c4132bb51d!8m2!3d12.9662038!4d100.8984466!16s%2Fg%2F1pzxxmnsk!19sChIJh2K03gy-AjERHbUrE8RS9Y0?authuser=0&hl=en&rclk=1,,0,,Dental clinic,"668/16, Pattaya - Naklua Road, Tambon Naklua, Amphoe Banglamung, Chonburi, 20150",Permanently closed · +66 38 410 267,"VR Dentis Dental Clinic.
No reviews
Dental clinic · 668/16, Pattaya - Naklua Road, Tambon Naklua, Amphoe Banglamung, Chonburi, 20150
Permanently closed · +66 38 410 267

Directions",12.966961452565316,100.89501708953878
0x3102bf41c8f42117:0xf14df42e997df04b,คลินิกทันตกรรม เอ สไมล์,https://www.google.com/maps/place/%E0%B8%84%E0%B8%A5%E0%B8%B4%E0%B8%99%E0%B8%B4%E0%B8%81%E0%B8%97%E0%B8%B1%E0%B8%99%E0%B8%95%E0%B8%81%E0%B8%A3%E0%B8%A3%E0%B8%A1+%E0%B9%80%E0%B8%AD+%E0%B8%AA%E0%B9%84%E0%B8%A1%E0%B8%A5%E0%B9%8C/data=!4m7!3m6!1s0x3102bf41c8f42117:0xf14df42e997df04b!8m2!3d12.9460685!4d100.9372819!16s%2Fg%2F11t62tpgh3!19sChIJFyH0yEG_AjERS_B9mS70TfE?authuser=0&hl=en&rclk=1,5.0,0,,Dental clinic,24/26 ม 3240,Closed · Opens 4:30 pm · +66 95 962 4407,"คลินิกทันตกรรม เอ สไมล์
5.0
Dental clinic · 24/26 ม 3240
Closed · Opens 4:30 pm · +66 95 962 4407

Directions",12.941251616340017,100.9300020610652
0x310297000341d901:0x98663c0d62a007a,Dr. Clear Aligners,https://www.google.com/maps/place/Dr.+Clear+Aligners/data=!4m7!3m6!1s0x310297000341d901:0x98663c0d62a007a!8m2!3d12.929627!4d100.8777093!16s%2Fg%2F11x0mvvbl4!19sChIJAdlBAwCXAjERegAq1sBjhgk?authuser=0&hl=en&rclk=1,4.4,7,,Dentist,"Beach, 218 Moo 10",Closed · Opens 11 am · +66 93 247 9150,"Dr. Clear Aligners
4.4(7)
Dentist · Beach, 218 Moo 10
Closed · Opens 11 am · +66 93 247 9150

Website

Directions
 
""Good clinic and good advise.""",12.933542215009096,100.8731096816331
0x3102b54cbd65529d:0xf92d2526f2c60433,Dental Villa,https://www.google.com/maps/place/Dental+Villa/data=!4m7!3m6!1s0x3102b54cbd65529d:0xf92d2526f2c60433!8m2!3d13.2726029!4d100.9310374!16s%2Fg%2F11gygv4gq3!19sChIJnVJlvUy1AjERMwTG8iYlLfk?authuser=0&hl=en&rclk=1,4.9,292,,Dental clinic,36/8 Natedee road,Closed · Opens 10 am · +66 96 880 6805,"Dental Villa
4.9(292)
Dental clinic · 36/8 Natedee road
Closed · Opens 10 am · +66 96 880 6805

Website

Directions
 
""All the dentists are very kind, thoughtful and gentle (I went 5 times!).""",12.933542215009096,100.8731096816331
0x310297d6d04efa2f:0x4ceb3b97b2814db8,"""Sakura Dent clinic""",https://www.google.com/maps/place/%22Sakura+Dent+clinic%22/data=!4m7!3m6!1s0x310297d6d04efa2f:0x4ceb3b97b2814db8!8m2!3d12.8749403!4d100.8890382!16s%2Fg%2F11gpgmvzqj!19sChIJL_pO0NaXAjERuE2Bspc760w?authuser=0&hl=en&rclk=1,5.0,1,,Dental clinic,"VVFQ+XJF, Beach Road",Permanently closed · +66 94 415 5209,"""Sakura Dent clinic""
5.0(1)
Dental clinic · VVFQ+XJF, Beach Road
Permanently closed · +66 94 415 5209

Directions",12.87508682448421,100.89284315464394
0x31029439592d5649:0x69b97b2eca0f6e4c,Makeoverseas,https://www.google.com/maps/place/Makeoverseas/data=!4m7!3m6!1s0x31029439592d5649:0x69b97b2eca0f6e4c!8m2!3d12.8827851!4d100.9074718!16s%2Fg%2F1ptvtrbs5!19sChIJSVYtWTmUAjERTG4Pyi57uWk?authuser=0&hl=en&rclk=1,,0,,Cosmetic dentist,ถนน ชัยพฤกษ์ 2,,"Makeoverseas
No reviews
Cosmetic dentist · ถนน ชัยพฤกษ์ 2
+66 87 519 1603

Website

Directions",12.883515684287772,100.90358410787277
0x3102b9e2fb8e6a2d:0x3004db44eaa48e4c,คลินิกทันตกรรมโอนลี่ยู แหลมฉบัง ชลบุรี | Only U dental clinic,https://www.google.com/maps/place/%E0%B8%84%E0%B8%A5%E0%B8%B4%E0%B8%99%E0%B8%B4%E0%B8%81%E0%B8%97%E0%B8%B1%E0%B8%99%E0%B8%95%E0%B8%81%E0%B8%A3%E0%B8%A3%E0%B8%A1%E0%B9%82%E0%B8%AD%E0%B8%99%E0%B8%A5%E0%B8%B5%E0%B9%88%E0%B8%A2%E0%B8%B9+%E0%B9%81%E0%B8%AB%E0%B8%A5%E0%B8%A1%E0%B8%89%E0%B8%9A%E0%B8%B1%E0%B8%87+%E0%B8%8A%E0%B8%A5%E0%B8%9A%E0%B8%B8%E0%B8%A3%E0%B8%B5+%7C+Only+U+dental+clinic/data=!4m7!3m6!1s0x3102b9e2fb8e6a2d:0x3004db44eaa48e4c!8m2!3d13.0921372!4d100.9175944!16s%2Fg%2F11tm_jjq9t!19sChIJLWqO--K5AjERTI6k6kTbBDA?authuser=0&hl=en&rclk=1,5.0,117,,Dental clinic,198 22-23 หมู่ 9,Closed · Opens 9 am · +66 84 974 7416,"คลินิกทันตกรรมโอนลี่ยู แหลมฉบัง ชลบุรี | Only U dental clinic
5.0(117)
Dental clinic · 198 22-23 หมู่ 9
Closed · Opens 9 am · +66 84 974 7416

Directions
 
""good service ka""",12.981772194445387,100.87560976853489
0x3102bf0a90ae6bc1:0x16e83afc10b6cb3e,คลินิกทันตกรรมบีสไมล์ โป่ง BSmile Dental clinic2,https://www.google.com/maps/place/%E0%B8%84%E0%B8%A5%E0%B8%B4%E0%B8%99%E0%B8%B4%E0%B8%81%E0%B8%97%E0%B8%B1%E0%B8%99%E0%B8%95%E0%B8%81%E0%B8%A3%E0%B8%A3%E0%B8%A1%E0%B8%9A%E0%B8%B5%E0%B8%AA%E0%B9%84%E0%B8%A1%E0%B8%A5%E0%B9%8C+%E0%B9%82%E0%B8%9B%E0%B9%88%E0%B8%87+BSmile+Dental+clinic2/data=!4m7!3m6!1s0x3102bf0a90ae6bc1:0x16e83afc10b6cb3e!8m2!3d12.9551962!4d100.9999703!16s%2Fg%2F11w92lkg02!19sChIJwWuukAq_AjERPsu2EPw66BY?authuser=0&hl=en&rclk=1,4.9,134,,Dental clinic,82 8 9,Closed · Opens 8:30 am · +66 98 549 3838,"คลินิกทันตกรรมบีสไมล์ โป่ง BSmile Dental clinic2
4.9(134)
Dental clinic · 82 8 9
Closed · Opens 8:30 am · +66 98 549 3838

Directions
 
""The clinic is very clean and has very good prices""",12.981772194445387,100.87560976853489
0x3102b931e3798509:0xf30ebd20bb1a1d45,Maple Dental Clinic,https://www.google.com/maps/place/Maple+Dental+Clinic/data=!4m7!3m6!1s0x3102b931e3798509:0xf30ebd20bb1a1d45!8m2!3d13.102885!4d100.9689303!16s%2Fg%2F11vjcndybk!19sChIJCYV54zG5AjERRR0auyC9DvM?authuser=0&hl=en&rclk=1,5.0,90,,Dental clinic,699 76 หมู่ที่ 11 ถ. ไร่หนิ่ง - หนองขาม,Closed · Opens 10 am · +66 90 297 9299,"Maple Dental Clinic
5.0(90)
Dental clinic · 699 76 หมู่ที่ 11 ถ. ไร่หนิ่ง - หนองขาม
Closed · Opens 10 am · +66 90 297 9299

Website

Directions",12.981772194445387,100.87560976853489
0x3102bfd3741b5459:0xb092a2edd2b09a75,Sassy Smile Lake Mabprachan,https://www.google.com/maps/place/Sassy+Smile+Lake+Mabprachan/data=!4m7!3m6!1s0x3102bfd3741b5459:0xb092a2edd2b09a75!8m2!3d12.9434136!4d100.9746575!16s%2Fg%2F11ty6ml9vv!19sChIJWVQbdNO_AjERdZqw0u2ikrA?authuser=0&hl=en&rclk=1,4.3,6,,Dental clinic,"WXVF+9VJ, 58/3-7",Closed · Opens 9 AM · +66 95 373 6739,"Sassy Smile Lake Mabprachan
4.3(6)
Dental clinic · WXVF+9VJ, 58/3-7
Closed · Opens 9 AM · +66 95 373 6739

Directions
 
""The doc doesn’t push you for treatments you don’t need.""",12.879882919455156,100.92247306548792
0x3102c5791b052571:0x1048ce9fe7d7f8df,V dental clinic 3 บ่อวิน,https://www.google.com/maps/place/V+dental+clinic+3+%E0%B8%9A%E0%B9%88%E0%B8%AD%E0%B8%A7%E0%B8%B4%E0%B8%99/data=!4m7!3m6!1s0x3102c5791b052571:0x1048ce9fe7d7f8df!8m2!3d13.0347467!4d101.0934331!16s%2Fg%2F11k4nxz6rc!19sChIJcSUFG3nFAjER3_jX55_OSBA?authuser=0&hl=en&rclk=1,4.9,9,,,,Closed · Opens 10 am · +66 62 625 3539,"V dental clinic 3 บ่อวิน
4.9(9)
Dental clinic
Closed · Opens 10 am · +66 62 625 3539

Directions",12.91910113259104,100.94703716654962
0x3102bf9068b6ac37:0x4a4c046fb1e54ec9,My Home Dental Clinic คลินิกทันตกรรมมายโฮม ตะเคียนเตี้ย โรงโป๊ะ บางละมุง ชลบุรี,https://www.google.com/maps/place/My+Home+Dental+Clinic+%E0%B8%84%E0%B8%A5%E0%B8%B4%E0%B8%99%E0%B8%B4%E0%B8%81%E0%B8%97%E0%B8%B1%E0%B8%99%E0%B8%95%E0%B8%81%E0%B8%A3%E0%B8%A3%E0%B8%A1%E0%B8%A1%E0%B8%B2%E0%B8%A2%E0%B9%82%E0%B8%AE%E0%B8%A1+%E0%B8%95%E0%B8%B0%E0%B9%80%E0%B8%84%E0%B8%B5%E0%B8%A2%E0%B8%99%E0%B9%80%E0%B8%95%E0%B8%B5%E0%B9%89%E0%B8%A2+%E0%B9%82%E0%B8%A3%E0%B8%87%E0%B9%82%E0%B8%9B%E0%B9%8A%E0%B8%B0+%E0%B8%9A%E0%B8%B2%E0%B8%87%E0%B8%A5%E0%B8%B0%E0%B8%A1%E0%B8%B8%E0%B8%87+%E0%B8%8A%E0%B8%A5%E0%B8%9A%E0%B8%B8%E0%B8%A3%E0%B8%B5/data=!4m7!3m6!1s0x3102bf9068b6ac37:0x4a4c046fb1e54ec9!8m2!3d13.0181347!4d100.9643549!16s%2Fg%2F11l22ntln5!19sChIJN6y2aJC_AjERyU7lsW8ETEo?authuser=0&hl=en&rclk=1,4.4,10,,Dental clinic,77 16 ม.3,Closed · Opens 9:30 am · +66 62 649 9979,"My Home Dental Clinic คลินิกทันตกรรมมายโฮม ตะเคียนเตี้ย โรงโป๊ะ บางละมุง ชลบุรี
4.4(10)
Dental clinic · 77 16 ม.3
Closed · Opens 9:30 am · +66 62 649 9979

Directions",12.965474992497315,100.93690511295934
0x3102b788417befb5:0xb0409e51142b5bbc,โคซี่เดนท์ คลินิกทำฟัน-จัดฟัน(ศรีราชา) Cozy dent dental clinic,https://www.google.com/maps/place/%E0%B9%82%E0%B8%84%E0%B8%8B%E0%B8%B5%E0%B9%88%E0%B9%80%E0%B8%94%E0%B8%99%E0%B8%97%E0%B9%8C+%E0%B8%84%E0%B8%A5%E0%B8%B4%E0%B8%99%E0%B8%B4%E0%B8%81%E0%B8%97%E0%B8%B3%E0%B8%9F%E0%B8%B1%E0%B8%99-%E0%B8%88%E0%B8%B1%E0%B8%94%E0%B8%9F%E0%B8%B1%E0%B8%99%28%E0%B8%A8%E0%B8%A3%E0%B8%B5%E0%B8%A3%E0%B8%B2%E0%B8%8A%E0%B8%B2%29+Cozy+dent+dental+clinic/data=!4m7!3m6!1s0x3102b788417befb5:0xb0409e51142b5bbc!8m2!3d13.14718!4d100.9608438!16s%2Fg%2F11tn6hy0jy!19sChIJte97QYi3AjERvFsrFFGeQLA?authuser=0&hl=en&rclk=1,5.0,195,,Dental clinic,คลินิกทันตกรรมโคซี่เดนท์,Closed · Opens 10 am · +66 98 961 9261,"โคซี่เดนท์ คลินิกทำฟัน-จัดฟัน(ศรีราชา) Cozy dent dental clinic
5.0(195)
Dental clinic · คลินิกทันตกรรมโคซี่เดนท์
Closed · Opens 10 am · +66 98 961 9261

Website

Directions
 
""Good experience even I am usually afraid of dental appointments.""",12.988133952513982,100.90303888770498
0x3102b7955e74a565:0x4b5f2570b004e82a,Smile Cente’ Dental Clinic คลินิกทันตกรรม สไมล์เซนเต้,https://www.google.com/maps/place/Smile+Cente%E2%80%99+Dental+Clinic+%E0%B8%84%E0%B8%A5%E0%B8%B4%E0%B8%99%E0%B8%B4%E0%B8%81%E0%B8%97%E0%B8%B1%E0%B8%99%E0%B8%95%E0%B8%81%E0%B8%A3%E0%B8%A3%E0%B8%A1+%E0%B8%AA%E0%B9%84%E0%B8%A1%E0%B8%A5%E0%B9%8C%E0%B9%80%E0%B8%8B%E0%B8%99%E0%B9%80%E0%B8%95%E0%B9%89/data=!4m7!3m6!1s0x3102b7955e74a565:0x4b5f2570b004e82a!8m2!3d13.1463528!4d100.9567688!16s%2Fg%2F11dzsxdnzd!19sChIJZaV0XpW3AjERKugEsHAlX0s?authuser=0&hl=en&rclk=1,4.8,77,,Dental clinic,130/37-38,Closed · Opens 9 am · +66 80 569 6868,"Smile Cente’ Dental Clinic คลินิกทันตกรรม สไมล์เซนเต้
4.8(77)
Dental clinic · 130/37-38
Closed · Opens 9 am · +66 80 569 6868

Website

Directions",12.988133952513982,100.90303888770498
0x3102b7bac148b09f:0x28b017d57bbb8f84,Mola Molar Dental Clinic (Si Racha),https://www.google.com/maps/place/Mola+Molar+Dental+Clinic+%28Si+Racha%29/data=!4m7!3m6!1s0x3102b7bac148b09f:0x28b017d57bbb8f84!8m2!3d13.1615038!4d100.9271565!16s%2Fg%2F11y44xr_n9!19sChIJn7BIwbq3AjERhI-7e9UXsCg?authuser=0&hl=en&rclk=1,5.0,75,,Dental clinic,Sukhumvit Rd,Closed · Opens 10 am · +66 65 983 6915,"Mola Molar Dental Clinic (Si Racha)
5.0(75)
Dental clinic · Sukhumvit Rd
Closed · Opens 10 am · +66 65 983 6915

Website

Directions
 
On-site services not available",12.988133952513982,100.90303888770498
0x3102b7286c1b0223:0xcc369e4e24f9ac43,คลินิกทันตกรรมคิเรอิ Kirei dental clinic,https://www.google.com/maps/place/%E0%B8%84%E0%B8%A5%E0%B8%B4%E0%B8%99%E0%B8%B4%E0%B8%81%E0%B8%97%E0%B8%B1%E0%B8%99%E0%B8%95%E0%B8%81%E0%B8%A3%E0%B8%A3%E0%B8%A1%E0%B8%84%E0%B8%B4%E0%B9%80%E0%B8%A3%E0%B8%AD%E0%B8%B4+Kirei+dental+clinic/data=!4m7!3m6!1s0x3102b7286c1b0223:0xcc369e4e24f9ac43!8m2!3d13.1566133!4d100.9718711!16s%2Fg%2F11vlbgvvm8!19sChIJIwIbbCi3AjERQ6z5JE6eNsw?authuser=0&hl=en&rclk=1,4.9,15,,Dental clinic,253/9,Closed · Opens 10 am · +66 83 912 8008,"คลินิกทันตกรรมคิเรอิ Kirei dental clinic
4.9(15)
Dental clinic · 253/9
Closed · Opens 10 am · +66 83 912 8008

Website

Directions
 
""providing comfort and quality care, affordable braces package.""",12.988133952513982,100.90303888770498
0x3102b79fe38db4bb:0x9f3095976d65783b,HERE Dental Clinic,https://www.google.com/maps/place/HERE+Dental+Clinic/data=!4m7!3m6!1s0x3102b79fe38db4bb:0x9f3095976d65783b!8m2!3d13.1654905!4d100.9347069!16s%2Fg%2F11s98mljqw!19sChIJu7SN45-3AjERO3hlbZeVMJ8?authuser=0&hl=en&rclk=1,5.0,3,,Dental clinic,โรงเรียนอัสสัมชัญ,,"HERE Dental Clinic
5.0(3)
Dental clinic · โรงเรียนอัสสัมชัญ

Directions",12.988133952513982,100.90303888770498
0x3102c7611f4083d7:0xead132f473fca39b,คลินิกทันตกรรมบึง Bueng Dental Clinic,https://www.google.com/maps/place/%E0%B8%84%E0%B8%A5%E0%B8%B4%E0%B8%99%E0%B8%B4%E0%B8%81%E0%B8%97%E0%B8%B1%E0%B8%99%E0%B8%95%E0%B8%81%E0%B8%A3%E0%B8%A3%E0%B8%A1%E0%B8%9A%E0%B8%B6%E0%B8%87+Bueng+Dental+Clinic/data=!4m7!3m6!1s0x3102c7611f4083d7:0xead132f473fca39b!8m2!3d13.075272!4d101.0182576!16s%2Fg%2F11vd36m9j2!19sChIJ14NAH2HHAjERm6P8c_Qy0eo?authuser=0&hl=en&rclk=1,5.0,7,,Dental clinic,"146/25-26 ชบ.1032, ชุมชนหนองหว้า",Closed · Opens 9 am · +66 82 396 6465,"คลินิกทันตกรรมบึง Bueng Dental Clinic
5.0(7)
Dental clinic · 146/25-26 ชบ.1032, ชุมชนหนองหว้า
Closed · Opens 9 am · +66 82 396 6465

Website

Directions",12.988133952513982,100.90303888770498
0x3102b70fe8ba3cd5:0xc04a0bab4a7862c3,คลินิกทันตกรรมซุปเปอร์ทูธ super tooth dental clinic,https://www.google.com/maps/place/%E0%B8%84%E0%B8%A5%E0%B8%B4%E0%B8%99%E0%B8%B4%E0%B8%81%E0%B8%97%E0%B8%B1%E0%B8%99%E0%B8%95%E0%B8%81%E0%B8%A3%E0%B8%A3%E0%B8%A1%E0%B8%8B%E0%B8%B8%E0%B8%9B%E0%B9%80%E0%B8%9B%E0%B8%AD%E0%B8%A3%E0%B9%8C%E0%B8%97%E0%B8%B9%E0%B8%98+super+tooth+dental+clinic/data=!4m7!3m6!1s0x3102b70fe8ba3cd5:0xc04a0bab4a7862c3!8m2!3d13.1474954!4d100.9609745!16s%2Fg%2F11rtlv6f9_!19sChIJ1Ty66A-3AjERw2J4SqsLSsA?authuser=0&hl=en&rclk=1,,0,,Dental clinic,346/4 Si Racha-Nong Yai Bu Rd,Closed · Opens 9 am,"คลินิกทันตกรรมซุปเปอร์ทูธ super tooth dental clinic
No reviews
Dental clinic · 346/4 Si Racha-Nong Yai Bu Rd
Closed · Opens 9 am

Directions",12.990828230749223,100.87556100703988
0x31028df71a23303d:0x182f32905912ca4a,คลินิกทันตกรรมบางเสร่สไมล์ | Bangsaray Smile Dental Clinic (Sattahip Bangsaray Pattaya),https://www.google.com/maps/place/%E0%B8%84%E0%B8%A5%E0%B8%B4%E0%B8%99%E0%B8%B4%E0%B8%81%E0%B8%97%E0%B8%B1%E0%B8%99%E0%B8%95%E0%B8%81%E0%B8%A3%E0%B8%A3%E0%B8%A1%E0%B8%9A%E0%B8%B2%E0%B8%87%E0%B9%80%E0%B8%AA%E0%B8%A3%E0%B9%88%E0%B8%AA%E0%B9%84%E0%B8%A1%E0%B8%A5%E0%B9%8C+%7C+Bangsaray+Smile+Dental+Clinic+%28Sattahip+Bangsaray+Pattaya%29/data=!4m7!3m6!1s0x31028df71a23303d:0x182f32905912ca4a!8m2!3d12.7588434!4d100.9037839!16s%2Fg%2F11dfwy9js5!19sChIJPTAjGveNAjERSsoSWZAyLxg?authuser=0&hl=en&rclk=1,4.9,23,,,,Closed · Opens 10 am · +66 64 554 5396,"คลินิกทันตกรรมบางเสร่สไมล์ | Bangsaray Smile Dental Clinic (Sattahip Bangsaray Pattaya)
4.9(23)
Dental clinic
Closed · Opens 10 am · +66 64 554 5396

Website

Directions
 
""Dentist is very good and very honest in her recommendations.""",12.867134705221213,100.86657979289276
0x31028d007d2dbbd3:0xae36e955db07a39d,D-duo Dental Clinic คลินิกทำฟัน ดีดูโอ้,https://www.google.com/maps/place/D-duo+Dental+Clinic+%E0%B8%84%E0%B8%A5%E0%B8%B4%E0%B8%99%E0%B8%B4%E0%B8%81%E0%B8%97%E0%B8%B3%E0%B8%9F%E0%B8%B1%E0%B8%99+%E0%B8%94%E0%B8%B5%E0%B8%94%E0%B8%B9%E0%B9%82%E0%B8%AD%E0%B9%89/data=!4m7!3m6!1s0x31028d007d2dbbd3:0xae36e955db07a39d!8m2!3d12.6762922!4d100.8949961!16s%2Fg%2F11lcnjjf68!19sChIJ07stfQCNAjERnaMH21XpNq4?authuser=0&hl=en&rclk=1,5.0,97,,Dental clinic,4 52 ม.7,Closed · Opens 10 am · +66 94 194 1466,"D-duo Dental Clinic คลินิกทำฟัน ดีดูโอ้
5.0(97)
Dental clinic · 4 52 ม.7
Closed · Opens 10 am · +66 94 194 1466

Directions
 
""Good service""",12.867134705221213,100.86657979289276
0x31028d5138ad0ea5:0xb42e60d0726f9741,ดร.โอ คลินิกทันตกรรม Doctor O Dental Clinic,https://www.google.com/maps/place/%E0%B8%94%E0%B8%A3.%E0%B9%82%E0%B8%AD+%E0%B8%84%E0%B8%A5%E0%B8%B4%E0%B8%99%E0%B8%B4%E0%B8%81%E0%B8%97%E0%B8%B1%E0%B8%99%E0%B8%95%E0%B8%81%E0%B8%A3%E0%B8%A3%E0%B8%A1+Doctor+O+Dental+Clinic/data=!4m7!3m6!1s0x31028d5138ad0ea5:0xb42e60d0726f9741!8m2!3d12.7070655!4d100.8890431!16s%2Fg%2F11vpnmys_z!19sChIJpQ6tOFGNAjERQZdvctBgLrQ?authuser=0&hl=en&rclk=1,5.0,106,,Dental clinic,35 47 Sukhumvit Rd,Closed · Opens 9:30 am · +66 64 224 6942,"ดร.โอ คลินิกทันตกรรม Doctor O Dental Clinic
5.0(106)
Dental clinic · 35 47 Sukhumvit Rd
Closed · Opens 9:30 am · +66 64 224 6942

Website

Directions
 
""Very good dental clinic with great staff and an excellent dentist.""",12.867134705221213,100.86657979289276
0x31028dd222db9033:0x4709d124c5fb200c,Sassy Smile Bang Saray,https://www.google.com/maps/place/Sassy+Smile+Bang+Saray/data=!4m7!3m6!1s0x31028dd222db9033:0x4709d124c5fb200c!8m2!3d12.7616096!4d100.8979216!16s%2Fg%2F11hz0h0vp_!19sChIJM5DbItKNAjERDCD7xSTRCUc?authuser=0&hl=en&rclk=1,4.3,6,,Dental clinic,119/4 หมู่.1 ต,Closed · Opens 10 am · +66 33 033 441,"Sassy Smile Bang Saray
4.3(6)
Dental clinic · 119/4 หมู่.1 ต
Closed · Opens 10 am · +66 33 033 441

Website

Directions
 
""The dentists do excellent work, superb quality.""",12.867134705221213,100.86657979289276
0x3102dbde938b8fa9:0xc2451bd47c99bd7d,คลินิกทันตกรรมทูธ สตูดิโอ (Tooth Studio dental clinic) - ทำฟัน จัดฟัน รากเทียม,https://www.google.com/maps/place/%E0%B8%84%E0%B8%A5%E0%B8%B4%E0%B8%99%E0%B8%B4%E0%B8%81%E0%B8%97%E0%B8%B1%E0%B8%99%E0%B8%95%E0%B8%81%E0%B8%A3%E0%B8%A3%E0%B8%A1%E0%B8%97%E0%B8%B9%E0%B8%98+%E0%B8%AA%E0%B8%95%E0%B8%B9%E0%B8%94%E0%B8%B4%E0%B9%82%E0%B8%AD+%28Tooth+Studio+dental+clinic%29+-+%E0%B8%97%E0%B8%B3%E0%B8%9F%E0%B8%B1%E0%B8%99+%E0%B8%88%E0%B8%B1%E0%B8%94%E0%B8%9F%E0%B8%B1%E0%B8%99+%E0%B8%A3%E0%B8%B2%E0%B8%81%E0%B9%80%E0%B8%97%E0%B8%B5%E0%B8%A2%E0%B8%A1/data=!4m7!3m6!1s0x3102dbde938b8fa9:0xc2451bd47c99bd7d!8m2!3d13.0704328!4d101.1717599!16s%2Fg%2F11tcfq_4r3!19sChIJqY-Lk97bAjERfb2ZfNQbRcI?authuser=0&hl=en&rclk=1,4.3,22,,Dental clinic, · 887 6,Closed · Opens 10 AM · +66 93 916 1613,"คลินิกทันตกรรมทูธ สตูดิโอ (Tooth Studio dental clinic) - ทำฟัน จัดฟัน รากเทียม
4.3(22)
Dental clinic ·  · 887 6
Closed · Opens 10 AM · +66 93 916 1613

Website

Directions",12.852232799277862,100.89281648483887
0x31029544c5f38f79:0x95606bd9e63e6c8c,Baan Sunset Resort,https://www.google.com/maps/place/Baan+Sunset+Resort/data=!4m10!3m9!1s0x31029544c5f38f79:0x95606bd9e63e6c8c!5m2!4m1!1i2!8m2!3d12.9299497!4d100.965361!16s%2Fg%2F11bvvxtgm6!19sChIJeY_zxUSVAjERjGw-5tlrYJU?authuser=0&hl=en&rclk=1,4.4,108,,,,,"Baan Sunset Resort
4.4(108)
3-star hotel
+66 81 000 7431

Website

Directions
 

Pool

Free parking

Free Wi-Fi

Air-conditioned
 
""Even an excellent dental clinic nearby when i had an emergency situation.""",12.9236,100.96568831127527
0x3102b9c0bbe3ffab:0x7a1dbff20cfcd1d2,คลินิกทันตกรรมมีทูธ สาขาบ่อวิน METOOTH Dental Clinic Bo win,https://www.google.com/maps/place/%E0%B8%84%E0%B8%A5%E0%B8%B4%E0%B8%99%E0%B8%B4%E0%B8%81%E0%B8%97%E0%B8%B1%E0%B8%99%E0%B8%95%E0%B8%81%E0%B8%A3%E0%B8%A3%E0%B8%A1%E0%B8%A1%E0%B8%B5%E0%B8%97%E0%B8%B9%E0%B8%98+%E0%B8%AA%E0%B8%B2%E0%B8%82%E0%B8%B2%E0%B8%9A%E0%B9%88%E0%B8%AD%E0%B8%A7%E0%B8%B4%E0%B8%99+METOOTH+Dental+Clinic+Bo+win/data=!4m7!3m6!1s0x3102b9c0bbe3ffab:0x7a1dbff20cfcd1d2!8m2!3d13.0406794!4d101.080135!16s%2Fg%2F11svdtgvtb!19sChIJq__ju8C5AjER0tH8DPK_HXo?authuser=0&hl=en&rclk=1,3.3,7,,Dental clinic,"299, 40",Closed · Opens 10 AM · +66 92 429 9453,"คลินิกทันตกรรมมีทูธ สาขาบ่อวิน METOOTH Dental Clinic Bo win
3.3(7)
Dental clinic · 299, 40
Closed · Opens 10 AM · +66 92 429 9453

Directions",12.9236,100.96568831127527
0x3102b900314d8865:0x4ed25164b883baad,คลินิคทันตกรรมฮิปโปเฮ้าส์,https://www.google.com/maps/place/%E0%B8%84%E0%B8%A5%E0%B8%B4%E0%B8%99%E0%B8%B4%E0%B8%84%E0%B8%97%E0%B8%B1%E0%B8%99%E0%B8%95%E0%B8%81%E0%B8%A3%E0%B8%A3%E0%B8%A1%E0%B8%AE%E0%B8%B4%E0%B8%9B%E0%B9%82%E0%B8%9B%E0%B9%80%E0%B8%AE%E0%B9%89%E0%B8%B2%E0%B8%AA%E0%B9%8C/data=!4m7!3m6!1s0x3102b900314d8865:0x4ed25164b883baad!8m2!3d13.036699!4d100.9280843!16s%2Fg%2F11yxn3g09s!19sChIJZYhNMQC5AjERrbqDuGRR0k4?authuser=0&hl=en&rclk=1,5.0,5,,Dental clinic,บางละมุง,Closed · Opens 10 am · +66 92 262 6851,"คลินิคทันตกรรมฮิปโปเฮ้าส์
5.0(5)
Dental clinic · บางละมุง
Closed · Opens 10 am · +66 92 262 6851

Website

Directions",13.001250839347756,100.90644072378645
0x3102bfafd0cb71dd:0x4b666195f27ddded,บางละมุงแย้มยิ้มคลินิกทันตกรรม ทำฟัน จัดฟัน ตะเคียนเตี้ย โรงโป๊ะ บางละมุง,https://www.google.com/maps/place/%E0%B8%9A%E0%B8%B2%E0%B8%87%E0%B8%A5%E0%B8%B0%E0%B8%A1%E0%B8%B8%E0%B8%87%E0%B9%81%E0%B8%A2%E0%B9%89%E0%B8%A1%E0%B8%A2%E0%B8%B4%E0%B9%89%E0%B8%A1%E0%B8%84%E0%B8%A5%E0%B8%B4%E0%B8%99%E0%B8%B4%E0%B8%81%E0%B8%97%E0%B8%B1%E0%B8%99%E0%B8%95%E0%B8%81%E0%B8%A3%E0%B8%A3%E0%B8%A1+%E0%B8%97%E0%B8%B3%E0%B8%9F%E0%B8%B1%E0%B8%99+%E0%B8%88%E0%B8%B1%E0%B8%94%E0%B8%9F%E0%B8%B1%E0%B8%99+%E0%B8%95%E0%B8%B0%E0%B9%80%E0%B8%84%E0%B8%B5%E0%B8%A2%E0%B8%99%E0%B9%80%E0%B8%95%E0%B8%B5%E0%B9%89%E0%B8%A2+%E0%B9%82%E0%B8%A3%E0%B8%87%E0%B9%82%E0%B8%9B%E0%B9%8A%E0%B8%B0+%E0%B8%9A%E0%B8%B2%E0%B8%87%E0%B8%A5%E0%B8%B0%E0%B8%A1%E0%B8%B8%E0%B8%87/data=!4m7!3m6!1s0x3102bfafd0cb71dd:0x4b666195f27ddded!8m2!3d13.0201609!4d100.9428095!16s%2Fg%2F11xh66vknf!19sChIJ3XHL0K-_AjER7d198pVhZks?authuser=0&hl=en&rclk=1,5.0,19,,Dental clinic,113 116,Open · Closes 8 pm · +66 97 923 2364,"บางละมุงแย้มยิ้มคลินิกทันตกรรม ทำฟัน จัดฟัน ตะเคียนเตี้ย โรงโป๊ะ บางละมุง
5.0(19)
Dental clinic · 113 116
Open · Closes 8 pm · +66 97 923 2364

Website

Directions
 
""Thank you ka 😁""",13.001250839347756,100.90644072378645
0x3102b9df1633948f:0xf1dbf4b2ff2036,CHARM DENTAL CLINIC SRIRACHA,https://www.google.com/maps/place/CHARM+DENTAL+CLINIC+SRIRACHA/data=!4m7!3m6!1s0x3102b9df1633948f:0xf1dbf4b2ff2036!8m2!3d13.1271514!4d100.9180233!16s%2Fg%2F11gbwyrp30!19sChIJj5QzFt-5AjERNiD_svTb8QA?authuser=0&hl=en&rclk=1,4.7,50,,Dental clinic,คลินิกทันตกรรมฌาร์ม [Charm Dental Clinic 95/2-4,Closed · Opens 10 am · +66 62 889 8926,"CHARM DENTAL CLINIC SRIRACHA
4.7(50)
Dental clinic · คลินิกทันตกรรมฌาร์ม [Charm Dental Clinic 95/2-4
Closed · Opens 10 am · +66 62 889 8926

Website

Directions",13.001250839347756,100.90644072378645
0x3102bf7bc5e7bb3b:0xd5e3962e2a060a04,ทีเจสไมล์ ทันตกรรม,https://www.google.com/maps/place/%E0%B8%97%E0%B8%B5%E0%B9%80%E0%B8%88%E0%B8%AA%E0%B9%84%E0%B8%A1%E0%B8%A5%E0%B9%8C+%E0%B8%97%E0%B8%B1%E0%B8%99%E0%B8%95%E0%B8%81%E0%B8%A3%E0%B8%A3%E0%B8%A1/data=!4m7!3m6!1s0x3102bf7bc5e7bb3b:0xd5e3962e2a060a04!8m2!3d13.0202466!4d100.9351302!16s%2Fg%2F11j8pfdkyw!19sChIJO7vnxXu_AjERBAoGKi6W49U?authuser=0&hl=en&rclk=1,3.4,5,,Dental clinic,เลขที่ 78,Open · Closes 8 pm · +66 33 031 951,"ทีเจสไมล์ ทันตกรรม
3.4(5)
Dental clinic · เลขที่ 78
Open · Closes 8 pm · +66 33 031 951

Directions",13.001250839347756,100.90644072378645
0x3102b993d8cd7357:0x99fac9cc1285f1f6,Ocean Dental Clinic,https://www.google.com/maps/place/Ocean+Dental+Clinic/data=!4m7!3m6!1s0x3102b993d8cd7357:0x99fac9cc1285f1f6!8m2!3d13.0776197!4d100.9341246!16s%2Fg%2F11ghlvr48p!19sChIJV3PN2JO5AjER9vGFEszJ-pk?authuser=0&hl=en&rclk=1,5.0,2,,,,Open · Closes 8 pm · +66 82 550 4430,"Ocean Dental Clinic
5.0(2)
Dental clinic
Open · Closes 8 pm · +66 82 550 4430

Directions",13.001250839347756,100.90644072378645
0x3102b701ecada8b3:0x29a6de0d3be0fa0d,Ismile By Dr.akarin,https://www.google.com/maps/place/Ismile+By+Dr.akarin/data=!4m7!3m6!1s0x3102b701ecada8b3:0x29a6de0d3be0fa0d!8m2!3d13.1689132!4d100.9303953!16s%2Fg%2F11c1n8xx7p!19sChIJs6it7AG3AjERDfrgOw3epik?authuser=0&hl=en&rclk=1,4.2,5,,Dental clinic,คลินิกทันตกรรมไอสไมล์ 26 ถ Si Racha Nakhon 3,Closed · Opens 11 am · +66 85 085 8365,"Ismile By Dr.akarin
4.2(5)
Dental clinic · คลินิกทันตกรรมไอสไมล์ 26 ถ Si Racha Nakhon 3
Closed · Opens 11 am · +66 85 085 8365

Directions
 
On-site services",13.004485314944711,100.8882772880518
0x3102b7b51a6c98ef:0x37f53236797df9e7,คลินิกทันตกรรม สกายพลัส,https://www.google.com/maps/place/%E0%B8%84%E0%B8%A5%E0%B8%B4%E0%B8%99%E0%B8%B4%E0%B8%81%E0%B8%97%E0%B8%B1%E0%B8%99%E0%B8%95%E0%B8%81%E0%B8%A3%E0%B8%A3%E0%B8%A1+%E0%B8%AA%E0%B8%81%E0%B8%B2%E0%B8%A2%E0%B8%9E%E0%B8%A5%E0%B8%B1%E0%B8%AA/data=!4m7!3m6!1s0x3102b7b51a6c98ef:0x37f53236797df9e7!8m2!3d13.1797323!4d100.931401!16s%2Fg%2F11sdd6qr45!19sChIJ75hsGrW3AjER5_l9eTYy9Tc?authuser=0&hl=en&rclk=1,4.9,788,,Dental clinic,เลขที่ 8 ศูนย์การค้าเซ็นทรัลพลาซ่า ศรีราชา ชั้น 2 Sukhumvit Rd,Closed · Opens 11 am · +66 94 625 2891,"คลินิกทันตกรรม สกายพลัส
4.9(788)
Dental clinic · เลขที่ 8 ศูนย์การค้าเซ็นทรัลพลาซ่า ศรีราชา ชั้น 2 Sukhumvit Rd
Closed · Opens 11 am · +66 94 625 2891

Website

Directions
 
""all staffs and doctors are very nice with advising!""",13.002924853297088,100.86527959286789
0x3102b71514f327a1:0x9c28fdc60b488e26,Smile Friend Dental Clinic Si Racha Chonburi,https://www.google.com/maps/place/Smile+Friend+Dental+Clinic+Si+Racha+Chonburi/data=!4m7!3m6!1s0x3102b71514f327a1:0x9c28fdc60b488e26!8m2!3d13.1524647!4d100.9337948!16s%2Fg%2F11svpc0gyr!19sChIJoSfzFBW3AjERJo5IC8b9KJw?authuser=0&hl=en&rclk=1,5.0,100,,Dental clinic,Kao Kilo 16,Open · Closes 8 pm · +66 65 724 7499,"Smile Friend Dental Clinic Si Racha Chonburi
5.0(100)
Dental clinic · Kao Kilo 16
Open · Closes 8 pm · +66 65 724 7499

Website

Directions
 
""Very professional service, friendly staff with good English.""
 

Book online",13.002924853297088,100.86527959286789
0x3102f377e25a9c23:0x6592e904810ae227,Craft Dental Clinic (Banchang),https://www.google.com/maps/place/Craft+Dental+Clinic+%28Banchang%29/data=!4m7!3m6!1s0x3102f377e25a9c23:0x6592e904810ae227!8m2!3d12.7301676!4d101.0653692!16s%2Fg%2F11k3wm3t3m!19sChIJI5xa4nfzAjERJ-IKgQTpkmU?authuser=0&hl=en&rclk=1,5.0,109,,Dental clinic,136/19-20 Sukhumvit Rd,Closed · Opens 10 am · +66 98 985 6559,"Craft Dental Clinic (Banchang)
5.0(109)
Dental clinic · 136/19-20 Sukhumvit Rd
Closed · Opens 10 am · +66 98 985 6559

Website

Directions
 
""Results amazed me, didn't make me handsome but made me smile again.""",12.880803629840818,100.95315641435735
0x3102c3937ae7e309:0xd89a47cedbb66e4a,Dr.sea dental clinic คลินิกทันตกรรมด็อคเตอร์ซีเดนทัล,https://www.google.com/maps/place/Dr.sea+dental+clinic+%E0%B8%84%E0%B8%A5%E0%B8%B4%E0%B8%99%E0%B8%B4%E0%B8%81%E0%B8%97%E0%B8%B1%E0%B8%99%E0%B8%95%E0%B8%81%E0%B8%A3%E0%B8%A3%E0%B8%A1%E0%B8%94%E0%B9%87%E0%B8%AD%E0%B8%84%E0%B9%80%E0%B8%95%E0%B8%AD%E0%B8%A3%E0%B9%8C%E0%B8%8B%E0%B8%B5%E0%B9%80%E0%B8%94%E0%B8%99%E0%B8%97%E0%B8%B1%E0%B8%A5/data=!4m7!3m6!1s0x3102c3937ae7e309:0xd89a47cedbb66e4a!8m2!3d13.0096949!4d101.1241584!16s%2Fg%2F11r365v21n!19sChIJCePnepPDAjERSm62285Hmtg?authuser=0&hl=en&rclk=1,5.0,126,,Dental clinic,"Dr.Sea dental clinic, 3013 road",Closed · Opens 10 am · +66 82 424 4547,"Dr.sea dental clinic คลินิกทันตกรรมด็อคเตอร์ซีเดนทัล
5.0(126)
Dental clinic · Dr.Sea dental clinic, 3013 road
Closed · Opens 10 am · +66 82 424 4547

Directions",12.897048702337965,100.9611015541486
0x310295d3f43ea681:0xd9abb8b1f093422c,Muang Ake Pet Hospital Pattaya 24 Hrs,https://www.google.com/maps/place/Muang+Ake+Pet+Hospital+Pattaya+24+Hrs/data=!4m7!3m6!1s0x310295d3f43ea681:0xd9abb8b1f093422c!8m2!3d12.90375!4d100.896203!16s%2Fg%2F1hm5l74nn!19sChIJgaY-9NOVAjERLEKT8LG4q9k?authuser=0&hl=en&rclk=1,4.2,223,,Animal hospital, · 44 57 หมู่ที่ 11 Sukhumvit Rd,Open 24 hours · +66 38 233 200,"Muang Ake Pet Hospital Pattaya 24 Hrs
4.2(223)
Animal hospital ·  · 44 57 หมู่ที่ 11 Sukhumvit Rd
Open 24 hours · +66 38 233 200

Website

Directions
 
""Really knowledgeable, attentive and friendly staff speaking many languages.""",12.904486390596965,100.89472322854013
0x3102be681e135a0f:0xf23329fdbbb061da,Dental World Clinic.,https://www.google.com/maps/place/Dental+World+Clinic./data=!4m7!3m6!1s0x3102be681e135a0f:0xf23329fdbbb061da!8m2!3d12.9768122!4d100.9128141!16s%2Fg%2F1pzsb57m7!19sChIJD1oTHmi-AjER2mGwu_0pM_I?authuser=0&hl=en&rclk=1,,0,,Dental clinic,"159/63-4 Moo 5, Pattaya - Naklua Road, Tumbol Nong Prue, Amphone Banglamung, Chonburi, 20150",Permanently closed · +66 38 370 873,"Dental World Clinic.
No reviews
Dental clinic · 159/63-4 Moo 5, Pattaya - Naklua Road, Tumbol Nong Prue, Amphone Banglamung, Chonburi, 20150
Permanently closed · +66 38 370 873

Directions",12.976652024592958,100.91748055291936
0x310293006ea83603:0x68b49d62a9242f40,คลินิกทันตกรรมชีจรรย์,https://www.google.com/maps/place/%E0%B8%84%E0%B8%A5%E0%B8%B4%E0%B8%99%E0%B8%B4%E0%B8%81%E0%B8%97%E0%B8%B1%E0%B8%99%E0%B8%95%E0%B8%81%E0%B8%A3%E0%B8%A3%E0%B8%A1%E0%B8%8A%E0%B8%B5%E0%B8%88%E0%B8%A3%E0%B8%A3%E0%B8%A2%E0%B9%8C/data=!4m7!3m6!1s0x310293006ea83603:0x68b49d62a9242f40!8m2!3d12.793991!4d100.939461!16s%2Fg%2F11n4f9h8z_!19sChIJAzaobgCTAjERQC8kqWKdtGg?authuser=0&hl=en&rclk=1,5.0,6,,Dentist,QWVQ+HQ2,,"คลินิกทันตกรรมชีจรรย์
5.0(6)
Dentist · QWVQ+HQ2

Directions",12.852995977819887,100.89734871225154
0x31028fef13174d95:0x4a194b2d541119fb,AT Dental Home สัตหีบ กม1 คลินิกทันตกรรมครบวงจร,https://www.google.com/maps/place/AT+Dental+Home+%E0%B8%AA%E0%B8%B1%E0%B8%95%E0%B8%AB%E0%B8%B5%E0%B8%9A+%E0%B8%81%E0%B8%A11+%E0%B8%84%E0%B8%A5%E0%B8%B4%E0%B8%99%E0%B8%B4%E0%B8%81%E0%B8%97%E0%B8%B1%E0%B8%99%E0%B8%95%E0%B8%81%E0%B8%A3%E0%B8%A3%E0%B8%A1%E0%B8%84%E0%B8%A3%E0%B8%9A%E0%B8%A7%E0%B8%87%E0%B8%88%E0%B8%A3/data=!4m7!3m6!1s0x31028fef13174d95:0x4a194b2d541119fb!8m2!3d12.672404!4d100.9011671!16s%2Fg%2F11w2zqk2mx!19sChIJlU0XE--PAjER-xkRVC1LGUo?authuser=0&hl=en&rclk=1,4.9,40,,Dentist,สัตหีบ 165/4-5 หมู่5 Sukhumvit Rd,Open · Closes 7:30 pm · +66 81 356 1451,"AT Dental Home สัตหีบ กม1 คลินิกทันตกรรมครบวงจร
4.9(40)
Dentist · สัตหีบ 165/4-5 หมู่5 Sukhumvit Rd
Open · Closes 7:30 pm · +66 81 356 1451

Website

Directions",12.852995977819887,100.89734871225154
0x3102947407138263:0x1ae000db5f9013da,ทันตกรรม ยิ้มสบาย,https://www.google.com/maps/place/%E0%B8%97%E0%B8%B1%E0%B8%99%E0%B8%95%E0%B8%81%E0%B8%A3%E0%B8%A3%E0%B8%A1+%E0%B8%A2%E0%B8%B4%E0%B9%89%E0%B8%A1%E0%B8%AA%E0%B8%9A%E0%B8%B2%E0%B8%A2/data=!4m7!3m6!1s0x3102947407138263:0x1ae000db5f9013da!8m2!3d12.8584687!4d100.9181279!16s%2Fg%2F11f08msjqw!19sChIJY4ITB3SUAjER2hOQX9sA4Bo?authuser=0&hl=en&rclk=1,4.5,0,,Doctor,8 Tesabal Road 1 Soi 1,Open · Closes 8 pm · +66 33 002 180,"ทันตกรรม ยิ้มสบาย
4.5
Doctor · 8 Tesabal Road 1 Soi 1
Open · Closes 8 pm · +66 33 002 180

Directions",12.85690735418975,100.91053175479068
0x3102b7f73018bf67:0x9d34e3465b62b528,sriracha ikuta dental office,https://www.google.com/maps/place/sriracha+ikuta+dental+office/data=!4m7!3m6!1s0x3102b7f73018bf67:0x9d34e3465b62b528!8m2!3d13.1682337!4d100.9270573!16s%2Fg%2F11fsmwnrbr!19sChIJZ78YMPe3AjERKLViW0bjNJ0?authuser=0&hl=en&rclk=1,,0,,Dental clinic,"A 222/6 Ataramall Floor 2, Room 207 Srirachanakorn Rd",Open · Closes 8 PM · +66 38 312 564,"sriracha ikuta dental office
No reviews
Dental clinic · A 222/6 Ataramall Floor 2, Room 207 Srirachanakorn Rd
Open · Closes 8 PM · +66 38 312 564

Website

Directions",13.00591841090218,100.85846968455276
0x3102b9003f683585:0xfba7031159590b0a,Mortle Dental Clinic South Laemchabang,https://www.google.com/maps/place/Mortle+Dental+Clinic+South+Laemchabang/data=!4m7!3m6!1s0x3102b9003f683585:0xfba7031159590b0a!8m2!3d13.077585!4d100.9341137!16s%2Fg%2F11js9pb8zp!19sChIJhTVoPwC5AjERCgtZWREDp_s?authuser=0&hl=en&rclk=1,4.5,8,,Dental clinic,93/31 S Laemchabang Rd,Open · Closes 8 pm · +66 82 550 4430,"Mortle Dental Clinic South Laemchabang
4.5(8)
Dental clinic · 93/31 S Laemchabang Rd
Open · Closes 8 pm · +66 82 550 4430

Directions",12.982908107380085,100.81919188820142
0xaa1948f7af0bc87d:0x1952d49b72ace94e,คลินิกทันตกรรม ทีธ ทูธ สัตหีบ ชลบุรี Teeth tooth dental clinic,https://www.google.com/maps/place/%E0%B8%84%E0%B8%A5%E0%B8%B4%E0%B8%99%E0%B8%B4%E0%B8%81%E0%B8%97%E0%B8%B1%E0%B8%99%E0%B8%95%E0%B8%81%E0%B8%A3%E0%B8%A3%E0%B8%A1+%E0%B8%97%E0%B8%B5%E0%B8%98+%E0%B8%97%E0%B8%B9%E0%B8%98+%E0%B8%AA%E0%B8%B1%E0%B8%95%E0%B8%AB%E0%B8%B5%E0%B8%9A+%E0%B8%8A%E0%B8%A5%E0%B8%9A%E0%B8%B8%E0%B8%A3%E0%B8%B5+Teeth+tooth+dental+clinic/data=!4m7!3m6!1s0xaa1948f7af0bc87d:0x1952d49b72ace94e!8m2!3d12.6756114!4d100.8951432!16s%2Fg%2F11l36nw2pg!19sChIJfcgLr_dIGaoRTumscpvUUhk?authuser=0&hl=en&rclk=1,5.0,129,,Dental clinic,3 51 หมู่ 7 Sukhumvit Rd,Open · Closes 8 pm · +66 96 669 6291,"คลินิกทันตกรรม ทีธ ทูธ สัตหีบ ชลบุรี Teeth tooth dental clinic
5.0(129)
Dental clinic · 3 51 หมู่ 7 Sukhumvit Rd
Open · Closes 8 pm · +66 96 669 6291

Website

Directions",12.846986925514658,100.92164023337031
0x40b58211ac5da5b9:0xd8ea6ea7ffa76145,Beam Dental Pattaya,https://www.google.com/maps/place/Beam+Dental+Pattaya/data=!4m7!3m6!1s0x40b58211ac5da5b9:0xd8ea6ea7ffa76145!8m2!3d12.8866953!4d100.9227597!16s%2Fg%2F11y4rg1s_c!19sChIJuaVdrBGCtUARRWGn_6du6tg?authuser=0&hl=en&rclk=1,,0,,,,Open · Closes 8 pm · +66 93 214 8236,"Beam Dental Pattaya
No reviews
Dental clinic
Open · Closes 8 pm · +66 93 214 8236

Directions",12.880481498371958,100.95835167356798
0x3102960f2a56b77f:0x4d1b957a6cf463ce,orthosmile dental health,https://www.google.com/maps/place/orthosmile+dental+health/data=!4m7!3m6!1s0x3102960f2a56b77f:0x4d1b957a6cf463ce!8m2!3d12.9311201!4d100.8845317!16s%2Fg%2F11crzj7f39!19sChIJf7dWKg-WAjERzmP0bHqVG00?authuser=0&hl=en&rclk=1,,0,,Dentist,"WVJM+CRV, Soi Pattayasaisong 10",Open now,"orthosmile dental health
No reviews
Dentist · WVJM+CRV, Soi Pattayasaisong 10
Open now

Directions",12.937067358013604,100.88135506061731
0x31028d904afc0719:0xd55ea219e21a6f03,คลินิกทันตกรรมนูน่าสไมล์,https://www.google.com/maps/place/%E0%B8%84%E0%B8%A5%E0%B8%B4%E0%B8%99%E0%B8%B4%E0%B8%81%E0%B8%97%E0%B8%B1%E0%B8%99%E0%B8%95%E0%B8%81%E0%B8%A3%E0%B8%A3%E0%B8%A1%E0%B8%99%E0%B8%B9%E0%B8%99%E0%B9%88%E0%B8%B2%E0%B8%AA%E0%B9%84%E0%B8%A1%E0%B8%A5%E0%B9%8C/data=!4m7!3m6!1s0x31028d904afc0719:0xd55ea219e21a6f03!8m2!3d12.6755016!4d100.9029775!16s%2Fg%2F11qqbxnvgy!19sChIJGQf8SpCNAjERA28a4hmiXtU?authuser=0&hl=en&rclk=1,4.7,78,,Dental clinic,"MWG3+655, Thetsaban 73 Rd",Open · Closes 7 pm · +66 63 363 5359,"คลินิกทันตกรรมนูน่าสไมล์
4.7(78)
Dental clinic · MWG3+655, Thetsaban 73 Rd
Open · Closes 7 pm · +66 63 363 5359

Directions",12.862310073396328,100.91168071003622
0x3102b5007832369f:0x3bda463ba7042ccf,Dr.Wirin Dental clinic คลินิกทันตกรรมหมอวิริน,https://www.google.com/maps/place/Dr.Wirin+Dental+clinic+%E0%B8%84%E0%B8%A5%E0%B8%B4%E0%B8%99%E0%B8%B4%E0%B8%81%E0%B8%97%E0%B8%B1%E0%B8%99%E0%B8%95%E0%B8%81%E0%B8%A3%E0%B8%A3%E0%B8%A1%E0%B8%AB%E0%B8%A1%E0%B8%AD%E0%B8%A7%E0%B8%B4%E0%B8%A3%E0%B8%B4%E0%B8%99/data=!4m7!3m6!1s0x3102b5007832369f:0x3bda463ba7042ccf!8m2!3d13.2712011!4d100.9306026!16s%2Fg%2F11y359lgc3!19sChIJnzYyeAC1AjERzywEpztG2js?authuser=0&hl=en&rclk=1,5.0,239,,,,Open · Closes 8 pm · +66 94 596 4414,"Dr.Wirin Dental clinic คลินิกทันตกรรมหมอวิริน
5.0(239)
Dental clinic
Open · Closes 8 pm · +66 94 596 4414

Website

Directions
 
""Dentist gives good advices to patients with kind and honest.""",12.856371769250778,100.88943899296011
0x31028d471e566503:0xa20ba9aebed12c92,คลินิกทันตกรรมเดนทัลสตอรี่สัตหีบ ชลบุรี,https://www.google.com/maps/place/%E0%B8%84%E0%B8%A5%E0%B8%B4%E0%B8%99%E0%B8%B4%E0%B8%81%E0%B8%97%E0%B8%B1%E0%B8%99%E0%B8%95%E0%B8%81%E0%B8%A3%E0%B8%A3%E0%B8%A1%E0%B9%80%E0%B8%94%E0%B8%99%E0%B8%97%E0%B8%B1%E0%B8%A5%E0%B8%AA%E0%B8%95%E0%B8%AD%E0%B8%A3%E0%B8%B5%E0%B9%88%E0%B8%AA%E0%B8%B1%E0%B8%95%E0%B8%AB%E0%B8%B5%E0%B8%9A+%E0%B8%8A%E0%B8%A5%E0%B8%9A%E0%B8%B8%E0%B8%A3%E0%B8%B5/data=!4m7!3m6!1s0x31028d471e566503:0xa20ba9aebed12c92!8m2!3d12.6975753!4d100.8906238!16s%2Fg%2F11tf54xw3d!19sChIJA2VWHkeNAjERkizRvq6pC6I?authuser=0&hl=en&rclk=1,4.9,58,,Dental clinic,108 710-711 ม.3 Sukhumvit Rd,Open · Closes 8 pm · +66 98 645 4550,"คลินิกทันตกรรมเดนทัลสตอรี่สัตหีบ ชลบุรี
4.9(58)
Dental clinic · 108 710-711 ม.3 Sukhumvit Rd
Open · Closes 8 pm · +66 98 645 4550

Website

Directions",12.84801969916812,100.89513218128471
0x31028f75225dd975:0xae104801084ec18b,Fundee Dental Clinic,https://www.google.com/maps/place/Fundee+Dental+Clinic/data=!4m7!3m6!1s0x31028f75225dd975:0xae104801084ec18b!8m2!3d12.714476!4d100.8882807!16s%2Fg%2F11h0kg1bzh!19sChIJddldInWPAjERi8FOCAFIEK4?authuser=0&hl=en&rclk=1,4.1,32,,Dental clinic,84 สัตหีบ 6 Sukhumvit Rd,Open · Closes 8 pm · +66 62 945 2662,"Fundee Dental Clinic
4.1(32)
Dental clinic · 84 สัตหีบ 6 Sukhumvit Rd
Open · Closes 8 pm · +66 62 945 2662

Website

Directions
 
""I am impressed by the kindness and responsiveness of the local people.""",12.84801969916812,100.89513218128471
0x31028daeec16e731:0xc505332c45b49628,คลินิกทันตกรรม​รักยิ้ม Luckyim Dental Clinic,https://www.google.com/maps/place/%E0%B8%84%E0%B8%A5%E0%B8%B4%E0%B8%99%E0%B8%B4%E0%B8%81%E0%B8%97%E0%B8%B1%E0%B8%99%E0%B8%95%E0%B8%81%E0%B8%A3%E0%B8%A3%E0%B8%A1%E2%80%8B%E0%B8%A3%E0%B8%B1%E0%B8%81%E0%B8%A2%E0%B8%B4%E0%B9%89%E0%B8%A1+Luckyim+Dental+Clinic/data=!4m7!3m6!1s0x31028daeec16e731:0xc505332c45b49628!8m2!3d12.6731112!4d100.8987499!16s%2Fg%2F11q2kcykzb!19sChIJMecW7K6NAjERKJa0RSwzBcU?authuser=0&hl=en&rclk=1,5.0,29,,Dental clinic,82 123,Open · Closes 7 pm · +66 82 283 2009,"คลินิกทันตกรรม​รักยิ้ม Luckyim Dental Clinic
5.0(29)
Dental clinic · 82 123
Open · Closes 7 pm · +66 82 283 2009

Directions",12.84801969916812,100.89513218128471
0x31028bfa45545ec1:0x17694728c68e60de,คลินิกทันตกรรมสัตหีบ,https://www.google.com/maps/place/%E0%B8%84%E0%B8%A5%E0%B8%B4%E0%B8%99%E0%B8%B4%E0%B8%81%E0%B8%97%E0%B8%B1%E0%B8%99%E0%B8%95%E0%B8%81%E0%B8%A3%E0%B8%A3%E0%B8%A1%E0%B8%AA%E0%B8%B1%E0%B8%95%E0%B8%AB%E0%B8%B5%E0%B8%9A/data=!4m7!3m6!1s0x31028bfa45545ec1:0x17694728c68e60de!8m2!3d12.66457!4d100.8994954!16s%2Fg%2F11dztcnfvy!19sChIJwV5URfqLAjER3mCOxihHaRc?authuser=0&hl=en&rclk=1,5.0,3,,Dental clinic,"437, 6 Thetsaban 7",Open · Closes 6 pm · +66 94 421 9933,"คลินิกทันตกรรมสัตหีบ
5.0(3)
Dental clinic · 437, 6 Thetsaban 7
Open · Closes 6 pm · +66 94 421 9933

Directions
 
On-site services",12.84801969916812,100.89513218128471
0x31028c200f908889:0x23d87b8f99e1ddbd,นาวีสไมล์ Navy Smile Dental Clinic,https://www.google.com/maps/place/%E0%B8%99%E0%B8%B2%E0%B8%A7%E0%B8%B5%E0%B8%AA%E0%B9%84%E0%B8%A1%E0%B8%A5%E0%B9%8C+Navy+Smile+Dental+Clinic/data=!4m7!3m6!1s0x31028c200f908889:0x23d87b8f99e1ddbd!8m2!3d12.6961651!4d100.8908885!16s%2Fg%2F11f3v1hv_9!19sChIJiYiQDyCMAjERvd3hmY972CM?authuser=0&hl=en&rclk=1,5.0,1,,Dental clinic," · 111/91-92 หมู่ที่ 3, 9 Sukhumvit Rd",Closed · Opens 10 am Sun · +66 98 824 7929,"นาวีสไมล์ Navy Smile Dental Clinic
5.0(1)
Dental clinic ·  · 111/91-92 หมู่ที่ 3, 9 Sukhumvit Rd
Closed · Opens 10 am Sun · +66 98 824 7929

Website

Directions",12.84801969916812,100.89513218128471
0x31028c013b765ec5:0x4e171c54d36b9759,EZsmile Dental Clinic,https://www.google.com/maps/place/EZsmile+Dental+Clinic/data=!4m7!3m6!1s0x31028c013b765ec5:0x4e171c54d36b9759!8m2!3d12.6763223!4d100.8950024!16s%2Fg%2F11b6dgd2_d!19sChIJxV52OwGMAjERWZdr01QcF04?authuser=0&hl=en&rclk=1,3.4,5,,Dental clinic,MVGW+G2C,,"EZsmile Dental Clinic
3.4(5)
Dental clinic · MVGW+G2C
+66 99 959 7579

Directions",12.84801969916812,100.89513218128471
0x31028b77a7591895:0xbbd2b75f41490aa0,Sattahip Smile Dental Clinic,https://www.google.com/maps/place/Sattahip+Smile+Dental+Clinic/data=!4m7!3m6!1s0x31028b77a7591895:0xbbd2b75f41490aa0!8m2!3d12.6649787!4d100.897636!16s%2Fg%2F11n8csv5kz!19sChIJlRhZp3eLAjERoApJQV-30rs?authuser=0&hl=en&rclk=1,,0,,Dental clinic,523 15,Open · Closes 8 pm · +66 92 265 1210,"Sattahip Smile Dental Clinic
No reviews
Dental clinic · 523 15
Open · Closes 8 pm · +66 92 265 1210

Website

Directions",12.84801969916812,100.89513218128471
0x31028dd28c004ddf:0x34c145f53c1d4825,AT U DENT HOME ทำฟันกม.10,https://www.google.com/maps/place/AT+U+DENT+HOME+%E0%B8%97%E0%B8%B3%E0%B8%9F%E0%B8%B1%E0%B8%99%E0%B8%81%E0%B8%A1.10/data=!4m7!3m6!1s0x31028dd28c004ddf:0x34c145f53c1d4825!8m2!3d12.6915964!4d100.9775639!16s%2Fg%2F11fscpwn33!19sChIJ300AjNKNAjERJUgdPPVFwTQ?authuser=0&hl=en&rclk=1,4.4,29,,Doctor,MXRH+J2P ทางหลวงยุทธศาสตร์ สัตหีบ - พนมสารคาม,Open · Closes 7:30 pm · +66 64 226 5848,"AT U DENT HOME ทำฟันกม.10
4.4(29)
Doctor · MXRH+J2P ทางหลวงยุทธศาสตร์ สัตหีบ - พนมสารคาม
Open · Closes 7:30 pm · +66 64 226 5848

Directions",12.84801969916812,100.89513218128471
0x3102bfe659b4af69:0x14891c2a191c47eb,คลินิกทันตกรรมซันสไมล์ โรงโป๊ะ บางละมุง จัดฟัน รากเทียม เอกซเรย์3มิติ,https://www.google.com/maps/place/%E0%B8%84%E0%B8%A5%E0%B8%B4%E0%B8%99%E0%B8%B4%E0%B8%81%E0%B8%97%E0%B8%B1%E0%B8%99%E0%B8%95%E0%B8%81%E0%B8%A3%E0%B8%A3%E0%B8%A1%E0%B8%8B%E0%B8%B1%E0%B8%99%E0%B8%AA%E0%B9%84%E0%B8%A1%E0%B8%A5%E0%B9%8C+%E0%B9%82%E0%B8%A3%E0%B8%87%E0%B9%82%E0%B8%9B%E0%B9%8A%E0%B8%B0+%E0%B8%9A%E0%B8%B2%E0%B8%87%E0%B8%A5%E0%B8%B0%E0%B8%A1%E0%B8%B8%E0%B8%87+%E0%B8%88%E0%B8%B1%E0%B8%94%E0%B8%9F%E0%B8%B1%E0%B8%99+%E0%B8%A3%E0%B8%B2%E0%B8%81%E0%B9%80%E0%B8%97%E0%B8%B5%E0%B8%A2%E0%B8%A1+%E0%B9%80%E0%B8%AD%E0%B8%81%E0%B8%8B%E0%B9%80%E0%B8%A3%E0%B8%A2%E0%B9%8C3%E0%B8%A1%E0%B8%B4%E0%B8%95%E0%B8%B4/data=!4m7!3m6!1s0x3102bfe659b4af69:0x14891c2a191c47eb!8m2!3d13.0207697!4d100.951507!16s%2Fg%2F11shswq243!19sChIJaa-0Wea_AjER60ccGSociRQ?authuser=0&hl=en&rclk=1,4.6,34,,Dental clinic,85 9,Open · Closes 7:30 pm · +66 92 826 1952,"คลินิกทันตกรรมซันสไมล์ โรงโป๊ะ บางละมุง จัดฟัน รากเทียม เอกซเรย์3มิติ
4.6(34)
Dental clinic · 85 9
Open · Closes 7:30 pm · +66 92 826 1952

Website

Directions",13.005271469219112,100.90875136355942
0x3102b9d01ee668ad:0x6e515d963245cc2c,Smile Factory Ao-udom สไมล์แฟคทอรี่ อ่าวอุดม,https://www.google.com/maps/place/Smile+Factory+Ao-udom+%E0%B8%AA%E0%B9%84%E0%B8%A1%E0%B8%A5%E0%B9%8C%E0%B9%81%E0%B8%9F%E0%B8%84%E0%B8%97%E0%B8%AD%E0%B8%A3%E0%B8%B5%E0%B9%88+%E0%B8%AD%E0%B9%88%E0%B8%B2%E0%B8%A7%E0%B8%AD%E0%B8%B8%E0%B8%94%E0%B8%A1/data=!4m7!3m6!1s0x3102b9d01ee668ad:0x6e515d963245cc2c!8m2!3d13.1139028!4d100.9255727!16s%2Fg%2F11bc8dsc05!19sChIJrWjmHtC5AjERLMxFMpZdUW4?authuser=0&hl=en&rclk=1,4.8,21,,Dental clinic,"209/100, Thungsukhla alley",Open · Closes 9 pm · +66 96 496 9465,"Smile Factory Ao-udom สไมล์แฟคทอรี่ อ่าวอุดม
4.8(21)
Dental clinic · 209/100, Thungsukhla alley
Open · Closes 9 pm · +66 96 496 9465

Website

Directions",13.005271469219112,100.90875136355942
0x3102966ff383a9a9:0xde1b6dc6a85dddcb,Patthaya Medical Technology Clinics,https://www.google.com/maps/place/Patthaya+Medical+Technology+Clinics/data=!4m7!3m6!1s0x3102966ff383a9a9:0xde1b6dc6a85dddcb!8m2!3d12.911712!4d100.877795!16s%2Fg%2F1pzsbfs8h!19sChIJqamD82-WAjERy91dqMZtG94?authuser=0&hl=en&rclk=1,,0,,Walk-in clinic,"678/1, Pattaya - Naklua Road, Tambon Naklua, Amphoe Banglamung, Chonburi, 20150",,"Patthaya Medical Technology Clinics
No reviews
Walk-in clinic · 678/1, Pattaya - Naklua Road, Tambon Naklua, Amphoe Banglamung, Chonburi, 20150

Directions",12.910132641986397,100.88135506061731
0x3102b909d84a3d49:0xdbba6d235f8e0f6d,คลินิกทันตกรรมฮาร์เบอร์,https://www.google.com/maps/place/%E0%B8%84%E0%B8%A5%E0%B8%B4%E0%B8%99%E0%B8%B4%E0%B8%81%E0%B8%97%E0%B8%B1%E0%B8%99%E0%B8%95%E0%B8%81%E0%B8%A3%E0%B8%A3%E0%B8%A1%E0%B8%AE%E0%B8%B2%E0%B8%A3%E0%B9%8C%E0%B9%80%E0%B8%9A%E0%B8%AD%E0%B8%A3%E0%B9%8C/data=!4m7!3m6!1s0x3102b909d84a3d49:0xdbba6d235f8e0f6d!8m2!3d13.0796043!4d100.9203542!16s%2Fg%2F11csrqnbrf!19sChIJST1K2Am5AjERbQ-OXyNtuts?authuser=0&hl=en&rclk=1,5.0,44,,Dental clinic,3WHC+R4X,Open · Closes 7:30 pm · +66 94 053 0277,"คลินิกทันตกรรมฮาร์เบอร์
5.0(44)
Dental clinic · 3WHC+R4X
Open · Closes 7:30 pm · +66 94 053 0277

Directions",12.99997037918906,100.87673824515801
0x3102b9d5be8c253b:0x16c29d907325b8eb,Cheese dental Clinic,https://www.google.com/maps/place/Cheese+dental+Clinic/data=!4m7!3m6!1s0x3102b9d5be8c253b:0x16c29d907325b8eb!8m2!3d13.0982424!4d100.9222496!16s%2Fg%2F11ry4w1r0_!19sChIJOyWMvtW5AjER67glc5CdwhY?authuser=0&hl=en&rclk=1,4.7,11,,Dental clinic,889 64,Open · Closes 8 pm · +66 97 171 0690,"Cheese dental Clinic
4.7(11)
Dental clinic · 889 64
Open · Closes 8 pm · +66 97 171 0690

Directions",12.999834034855303,100.91083130540193
0x3102b9d005a846bb:0xf049e0db3aa2ade1,KU Smile Dental Clinic สาขาม.เกษตรศรีราชา,https://www.google.com/maps/place/KU+Smile+Dental+Clinic+%E0%B8%AA%E0%B8%B2%E0%B8%82%E0%B8%B2%E0%B8%A1.%E0%B9%80%E0%B8%81%E0%B8%A9%E0%B8%95%E0%B8%A3%E0%B8%A8%E0%B8%A3%E0%B8%B5%E0%B8%A3%E0%B8%B2%E0%B8%8A%E0%B8%B2/data=!4m7!3m6!1s0x3102b9d005a846bb:0xf049e0db3aa2ade1!8m2!3d13.1142892!4d100.9244887!16s%2Fg%2F11bzxt8xtw!19sChIJu0aoBdC5AjER4a2iOtvgSfA?authuser=0&hl=en&rclk=1,4.2,55,,,,Open · Closes 8 pm · +66 92 886 9926,"KU Smile Dental Clinic สาขาม.เกษตรศรีราชา
4.2(55)
Dental clinic
Open · Closes 8 pm · +66 92 886 9926

Website

Directions
 
""They did a good job and were able to communicate with me in English""",13.006507983546001,100.9042925202174
0x3102b95906d62c7b:0xa06295d7d4ce613,Union Dental Clinic,https://www.google.com/maps/place/Union+Dental+Clinic/data=!4m7!3m6!1s0x3102b95906d62c7b:0xa06295d7d4ce613!8m2!3d13.0920118!4d100.9564613!16s%2Fg%2F11g3zhw__q!19sChIJeyzWBlm5AjERE-ZMfV0pBgo?authuser=0&hl=en&rclk=1,4.3,3,,Shipping and mailing service,573/2 หมู่ที่ 11,Open 24 hours,"Union Dental Clinic
4.3(3)
Shipping and mailing service · 573/2 หมู่ที่ 11
Open 24 hours

Directions",13.006507983546001,100.9042925202174
0x3102b942f5ca6ec1:0x51fe53af59be0c90,AT U DENTAL CLINIC - Thaisummit Harness คลินิกทันตกรรม แอท ยู ไทยซัมมิส ฮาร์เนส,https://www.google.com/maps/place/AT+U+DENTAL+CLINIC+-+Thaisummit+Harness+%E0%B8%84%E0%B8%A5%E0%B8%B4%E0%B8%99%E0%B8%B4%E0%B8%81%E0%B8%97%E0%B8%B1%E0%B8%99%E0%B8%95%E0%B8%81%E0%B8%A3%E0%B8%A3%E0%B8%A1+%E0%B9%81%E0%B8%AD%E0%B8%97+%E0%B8%A2%E0%B8%B9+%E0%B9%84%E0%B8%97%E0%B8%A2%E0%B8%8B%E0%B8%B1%E0%B8%A1%E0%B8%A1%E0%B8%B4%E0%B8%AA+%E0%B8%AE%E0%B8%B2%E0%B8%A3%E0%B9%8C%E0%B9%80%E0%B8%99%E0%B8%AA/data=!4m7!3m6!1s0x3102b942f5ca6ec1:0x51fe53af59be0c90!8m2!3d13.0950687!4d100.899287!16s%2Fg%2F11m5jghz4_!19sChIJwW7K9UK5AjERkAy-Wa9T_lE?authuser=0&hl=en&rclk=1,5.0,4,,Dental clinic,ทุ่งสุขลา 202 หมู่ 3 นิคมอุตสาหกรรม,,"AT U DENTAL CLINIC - Thaisummit Harness คลินิกทันตกรรม แอท ยู ไทยซัมมิส ฮาร์เนส
5.0(4)
Dental clinic · ทุ่งสุขลา 202 หมู่ 3 นิคมอุตสาหกรรม
+66 82 425 1797

Website

Directions",13.006507983546001,100.9042925202174
0x3102c5c721b39f13:0x6c961baffd11ce1f,AT U Dental Clinic ชลบุรี,https://www.google.com/maps/place/AT+U+Dental+Clinic+%E0%B8%8A%E0%B8%A5%E0%B8%9A%E0%B8%B8%E0%B8%A3%E0%B8%B5/data=!4m7!3m6!1s0x3102c5c721b39f13:0x6c961baffd11ce1f!8m2!3d13.0354076!4d101.0810216!16s%2Fg%2F11y3ypwprr!19sChIJE5-zIcfFAjERH84R_a8blmw?authuser=0&hl=en&rclk=1,5.0,94,,Dental clinic,15 คลินิกทันตกรรม AT U Dental Clinic ชลบุรี 310,Open · Closes 7 pm · +66 62 650 4798,"AT U Dental Clinic ชลบุรี
5.0(94)
Dental clinic · 15 คลินิกทันตกรรม AT U Dental Clinic ชลบุรี 310
Open · Closes 7 pm · +66 62 650 4798

Website

Directions",12.941451003891839,100.97309877113622
0x3102b9d64c7b3d51:0x64a6fc776fb16475,ฮักยิ้ม5 เครือสหพัฒน์,https://www.google.com/maps/place/%E0%B8%AE%E0%B8%B1%E0%B8%81%E0%B8%A2%E0%B8%B4%E0%B9%89%E0%B8%A15+%E0%B9%80%E0%B8%84%E0%B8%A3%E0%B8%B7%E0%B8%AD%E0%B8%AA%E0%B8%AB%E0%B8%9E%E0%B8%B1%E0%B8%92%E0%B8%99%E0%B9%8C/data=!4m7!3m6!1s0x3102b9d64c7b3d51:0x64a6fc776fb16475!8m2!3d13.1010289!4d100.9617968!16s%2Fg%2F11w4m76vg1!19sChIJUT17TNa5AjERdWSxb3f8pmQ?authuser=0&hl=en&rclk=1,4.9,368,,Dental clinic,"664, 18",Open · Closes 8 pm · +66 61 541 5644,"ฮักยิ้ม5 เครือสหพัฒน์
4.9(368)
Dental clinic · 664, 18
Open · Closes 8 pm · +66 61 541 5644

Directions",13.011431343439805,100.90306793413247
0x3102b95e3b9ceb7d:0x8270c00f3443ec52,คลินิกทันตกรรม Smile Factory สาขาเครือสหพัฒน์,https://www.google.com/maps/place/%E0%B8%84%E0%B8%A5%E0%B8%B4%E0%B8%99%E0%B8%B4%E0%B8%81%E0%B8%97%E0%B8%B1%E0%B8%99%E0%B8%95%E0%B8%81%E0%B8%A3%E0%B8%A3%E0%B8%A1+Smile+Factory+%E0%B8%AA%E0%B8%B2%E0%B8%82%E0%B8%B2%E0%B9%80%E0%B8%84%E0%B8%A3%E0%B8%B7%E0%B8%AD%E0%B8%AA%E0%B8%AB%E0%B8%9E%E0%B8%B1%E0%B8%92%E0%B8%99%E0%B9%8C/data=!4m7!3m6!1s0x3102b95e3b9ceb7d:0x8270c00f3443ec52!8m2!3d13.0997331!4d100.9525789!16s%2Fg%2F11j_7t57kz!19sChIJfeucO165AjERUuxDNA_AcII?authuser=0&hl=en&rclk=1,5.0,112,,Dental clinic,399/47-48,Open · Closes 8 pm · +66 65 286 2565,"คลินิกทันตกรรม Smile Factory สาขาเครือสหพัฒน์
5.0(112)
Dental clinic · 399/47-48
Open · Closes 8 pm · +66 65 286 2565

Website

Directions",13.011431343439805,100.90306793413247
0x3102b9a0a70ca711:0x74e57e422cf46442,SPN Dental Clinic คลินิกเอสพีเอ็น ทำฟัน จัดฟัน ติดเครื่องมือทั้งปากเริ่มต้น 1500 บาท,https://www.google.com/maps/place/SPN+Dental+Clinic+%E0%B8%84%E0%B8%A5%E0%B8%B4%E0%B8%99%E0%B8%B4%E0%B8%81%E0%B9%80%E0%B8%AD%E0%B8%AA%E0%B8%9E%E0%B8%B5%E0%B9%80%E0%B8%AD%E0%B9%87%E0%B8%99+%E0%B8%97%E0%B8%B3%E0%B8%9F%E0%B8%B1%E0%B8%99+%E0%B8%88%E0%B8%B1%E0%B8%94%E0%B8%9F%E0%B8%B1%E0%B8%99+%E0%B8%95%E0%B8%B4%E0%B8%94%E0%B9%80%E0%B8%84%E0%B8%A3%E0%B8%B7%E0%B9%88%E0%B8%AD%E0%B8%87%E0%B8%A1%E0%B8%B7%E0%B8%AD%E0%B8%97%E0%B8%B1%E0%B9%89%E0%B8%87%E0%B8%9B%E0%B8%B2%E0%B8%81%E0%B9%80%E0%B8%A3%E0%B8%B4%E0%B9%88%E0%B8%A1%E0%B8%95%E0%B9%89%E0%B8%99+1500+%E0%B8%9A%E0%B8%B2%E0%B8%97/data=!4m7!3m6!1s0x3102b9a0a70ca711:0x74e57e422cf46442!8m2!3d13.1218922!4d100.9280318!16s%2Fg%2F11vd87s1lc!19sChIJEacMp6C5AjERQmT0LEJ-5XQ?authuser=0&hl=en&rclk=1,4.9,112,,Dental clinic,SPN dental clinic 200/28 หมู่6,Open · Closes 8 pm · +66 85 557 0007,"SPN Dental Clinic คลินิกเอสพีเอ็น ทำฟัน จัดฟัน ติดเครื่องมือทั้งปากเริ่มต้น 1500 บาท
4.9(112)
Dental clinic · SPN dental clinic 200/28 หมู่6
Open · Closes 8 pm · +66 85 557 0007

Website

Directions
 
""The dentist, she was very polite to patient and gave us really good advice !""",13.011431343439805,100.90306793413247
0x3102f3655bf1b87b:0x31c52393f1339dc9,คลินิกสมายล์คราฟท์ บ้านฉาง ทำฟัน จัดฟัน - Smile Craft Dental Clinic,https://www.google.com/maps/place/%E0%B8%84%E0%B8%A5%E0%B8%B4%E0%B8%99%E0%B8%B4%E0%B8%81%E0%B8%AA%E0%B8%A1%E0%B8%B2%E0%B8%A2%E0%B8%A5%E0%B9%8C%E0%B8%84%E0%B8%A3%E0%B8%B2%E0%B8%9F%E0%B8%97%E0%B9%8C+%E0%B8%9A%E0%B9%89%E0%B8%B2%E0%B8%99%E0%B8%89%E0%B8%B2%E0%B8%87+%E0%B8%97%E0%B8%B3%E0%B8%9F%E0%B8%B1%E0%B8%99+%E0%B8%88%E0%B8%B1%E0%B8%94%E0%B8%9F%E0%B8%B1%E0%B8%99+-+Smile+Craft+Dental+Clinic/data=!4m7!3m6!1s0x3102f3655bf1b87b:0x31c52393f1339dc9!8m2!3d12.7120879!4d101.0499193!16s%2Fg%2F11rnn_wxv6!19sChIJe7jxW2XzAjERyZ0z8ZMjxTE?authuser=0&hl=en&rclk=1,4.9,214,,,,Closed · Opens 9:30 am Sun · +66 63 629 5651,"คลินิกสมายล์คราฟท์ บ้านฉาง ทำฟัน จัดฟัน - Smile Craft Dental Clinic
4.9(214)
Dental clinic
Closed · Opens 9:30 am Sun · +66 63 629 5651

Website

Directions
 
""The experience was flawless from start to finish.""",12.820294135975969,100.87444711968334
0x3102c37e21e5a67f:0x128f929637c17369,Tooth Town Dental Clinic,https://www.google.com/maps/place/Tooth+Town+Dental+Clinic/data=!4m7!3m6!1s0x3102c37e21e5a67f:0x128f929637c17369!8m2!3d13.028117!4d101.1037077!16s%2Fg%2F11t40r4b6h!19sChIJf6blIX7DAjERaXPBN5aSjxI?authuser=0&hl=en&rclk=1,5.0,358,,Dental clinic,71/50-51,Closed · Opens 9:30 am Sun · +66 61 956 5146,"Tooth Town Dental Clinic
5.0(358)
Dental clinic · 71/50-51
Closed · Opens 9:30 am Sun · +66 61 956 5146

Website

Directions
 
""Very gooddd🤍""",12.954645654909115,100.98874577534153
0x3102c5e99c32dc2f:0xea190c45887afd11,J-smile dental clinic,https://www.google.com/maps/place/J-smile+dental+clinic/data=!4m7!3m6!1s0x3102c5e99c32dc2f:0xea190c45887afd11!8m2!3d13.040699!4d101.0823254!16s%2Fg%2F11mvts8wwn!19sChIJL9wynOnFAjEREf16iEUMGeo?authuser=0&hl=en&rclk=1,4.8,137,,Doctor,23RJ+7WG ชบ.1032,Closed · Opens 10 am Sun · +66 86 195 4469,"J-smile dental clinic
4.8(137)
Doctor · 23RJ+7WG ชบ.1032
Closed · Opens 10 am Sun · +66 86 195 4469

Directions
 
""Nice services , good advice , clean and quiet""",12.954645654909115,100.98874577534153
0x3102c501c30ad189:0xd59a031c491aa573,Clover Smile Dental Clinic - โคลเวอร์สไมล์ คลินิกทันตกรรม,https://www.google.com/maps/place/Clover+Smile+Dental+Clinic+-+%E0%B9%82%E0%B8%84%E0%B8%A5%E0%B9%80%E0%B8%A7%E0%B8%AD%E0%B8%A3%E0%B9%8C%E0%B8%AA%E0%B9%84%E0%B8%A1%E0%B8%A5%E0%B9%8C+%E0%B8%84%E0%B8%A5%E0%B8%B4%E0%B8%99%E0%B8%B4%E0%B8%81%E0%B8%97%E0%B8%B1%E0%B8%99%E0%B8%95%E0%B8%81%E0%B8%A3%E0%B8%A3%E0%B8%A1/data=!4m7!3m6!1s0x3102c501c30ad189:0xd59a031c491aa573!8m2!3d13.043187!4d101.102433!16s%2Fg%2F11t4zsk7xn!19sChIJidEKwwHFAjERc6UaSRwDmtU?authuser=0&hl=en&rclk=1,5.0,5,,Dentist,848/43,Closed · Opens 10 am Sun · +66 98 863 6676,"Clover Smile Dental Clinic - โคลเวอร์สไมล์ คลินิกทันตกรรม
5.0(5)
Dentist · 848/43
Closed · Opens 10 am Sun · +66 98 863 6676

Directions",12.954645654909115,100.98874577534153
0x3102b917235cee79:0x901cea28a9af5e8a,คลินิกทันตกรรม ยินดี Yindee Dental Clinic,https://www.google.com/maps/place/%E0%B8%84%E0%B8%A5%E0%B8%B4%E0%B8%99%E0%B8%B4%E0%B8%81%E0%B8%97%E0%B8%B1%E0%B8%99%E0%B8%95%E0%B8%81%E0%B8%A3%E0%B8%A3%E0%B8%A1+%E0%B8%A2%E0%B8%B4%E0%B8%99%E0%B8%94%E0%B8%B5+Yindee+Dental+Clinic/data=!4m7!3m6!1s0x3102b917235cee79:0x901cea28a9af5e8a!8m2!3d13.0630172!4d101.0401226!16s%2Fg%2F11t_t5ywcs!19sChIJee5cIxe5AjERil6vqSjqHJA?authuser=0&hl=en&rclk=1,5.0,5,,Dentist,298 1,Closed · Opens 10 am Sun · +66 65 156 2262,"คลินิกทันตกรรม ยินดี Yindee Dental Clinic
5.0(5)
Dentist · 298 1
Closed · Opens 10 am Sun · +66 65 156 2262

Website

Directions",12.954645654909115,100.98874577534153
0x3102c5eb45fbade9:0x671f83403b2a46c7,THAM FUN Dental Clinic,https://www.google.com/maps/place/THAM+FUN+Dental+Clinic/data=!4m7!3m6!1s0x3102c5eb45fbade9:0x671f83403b2a46c7!8m2!3d13.0423693!4d101.0782874!16s%2Fg%2F11ghs8v4yv!19sChIJ6a37RevFAjERx0YqO0CDH2c?authuser=0&hl=en&rclk=1,5.0,9,,Dental clinic,23RH+W8V,Closed · Opens 9 am Sun · +66 86 452 2562,"THAM FUN Dental Clinic
5.0(9)
Dental clinic · 23RH+W8V
Closed · Opens 9 am Sun · +66 86 452 2562

Directions",12.979269080651736,100.97758166932508
0x3102b95962375abf:0x8100bd907f16e9b9,Friendly dental clinic เฟรนด์ลี่คลินิกทันตกรรม,https://www.google.com/maps/place/Friendly+dental+clinic+%E0%B9%80%E0%B8%9F%E0%B8%A3%E0%B8%99%E0%B8%94%E0%B9%8C%E0%B8%A5%E0%B8%B5%E0%B9%88%E0%B8%84%E0%B8%A5%E0%B8%B4%E0%B8%99%E0%B8%B4%E0%B8%81%E0%B8%97%E0%B8%B1%E0%B8%99%E0%B8%95%E0%B8%81%E0%B8%A3%E0%B8%A3%E0%B8%A1/data=!4m7!3m6!1s0x3102b95962375abf:0x8100bd907f16e9b9!8m2!3d13.1214502!4d100.92847!16s%2Fg%2F11l5j78j8n!19sChIJv1o3Ylm5AjERuekWf5C9AIE?authuser=0&hl=en&rclk=1,5.0,104,,Dental clinic,"หมู่บ้านโคโค่ฮิลล์, 200/13",Closed · Opens 10 am Sun · +66 82 888 9891,"Friendly dental clinic เฟรนด์ลี่คลินิกทันตกรรม
5.0(104)
Dental clinic · หมู่บ้านโคโค่ฮิลล์, 200/13
Closed · Opens 10 am Sun · +66 82 888 9891

Website

Directions
 
""The clinic provides excellent service at reasonable prices.""",13.01904205857198,100.93459536675188
0x3102b90a1e8a6fb1:0xb6959b86fca15550,เสาเข็มเจาะชลบุรี,https://www.google.com/maps/place/%E0%B9%80%E0%B8%AA%E0%B8%B2%E0%B9%80%E0%B8%82%E0%B9%87%E0%B8%A1%E0%B9%80%E0%B8%88%E0%B8%B2%E0%B8%B0%E0%B8%8A%E0%B8%A5%E0%B8%9A%E0%B8%B8%E0%B8%A3%E0%B8%B5/data=!4m7!3m6!1s0x3102b90a1e8a6fb1:0xb6959b86fca15550!8m2!3d13.0675184!4d100.9243!16s%2Fg%2F11tsk1v6ys!19sChIJsW-KHgq5AjERUFWh_IablbY?authuser=0&hl=en&rclk=1,5.0,1,,Construction company,3W9F+2P3 ซอย 4/2,,"เสาเข็มเจาะชลบุรี
5.0(1)
Construction company · 3W9F+2P3 ซอย 4/2

Directions
 
""Land of smile dental clinic""",13.01904205857198,100.93459536675188
0x3102b92044a33511:0x3bfa6d5c4b080084,คลินิกทันตกรรมมิราเคิลสไมล์,https://www.google.com/maps/place/%E0%B8%84%E0%B8%A5%E0%B8%B4%E0%B8%99%E0%B8%B4%E0%B8%81%E0%B8%97%E0%B8%B1%E0%B8%99%E0%B8%95%E0%B8%81%E0%B8%A3%E0%B8%A3%E0%B8%A1%E0%B8%A1%E0%B8%B4%E0%B8%A3%E0%B8%B2%E0%B9%80%E0%B8%84%E0%B8%B4%E0%B8%A5%E0%B8%AA%E0%B9%84%E0%B8%A1%E0%B8%A5%E0%B9%8C/data=!4m7!3m6!1s0x3102b92044a33511:0x3bfa6d5c4b080084!8m2!3d13.11447!4d100.9240923!16s%2Fg%2F11h7fw0_kb!19sChIJETWjRCC5AjERhAAIS1xt-js?authuser=0&hl=en&rclk=1,5.0,1,,Dental clinic,4W7F+QJP,,"คลินิกทันตกรรมมิราเคิลสไมล์
5.0(1)
Dental clinic · 4W7F+QJP
+66 61 167 1133

Directions",13.026135345091399,100.91765216255679
0x3102b7c3aafb97b3:0x463e1b5d2973793,สถานีฟันยิ้ม Funyim Station Dental Clinic,https://www.google.com/maps/place/%E0%B8%AA%E0%B8%96%E0%B8%B2%E0%B8%99%E0%B8%B5%E0%B8%9F%E0%B8%B1%E0%B8%99%E0%B8%A2%E0%B8%B4%E0%B9%89%E0%B8%A1+Funyim+Station+Dental+Clinic/data=!4m7!3m6!1s0x3102b7c3aafb97b3:0x463e1b5d2973793!8m2!3d13.1489255!4d100.9664485!16s%2Fg%2F11g9qm40dc!19sChIJs5f7qsO3AjERkzeX0rXhYwQ?authuser=0&hl=en&rclk=1,5.0,31,,Doctor,"4XX8+HHG, Si Racha-Nong Yai Bu Rd",Closed · Opens 10 am Sun · +66 64 101 2914,"สถานีฟันยิ้ม Funyim Station Dental Clinic
5.0(31)
Doctor · 4XX8+HHG, Si Racha-Nong Yai Bu Rd
Closed · Opens 10 am Sun · +66 64 101 2914

Website

Directions
 
""Clean and best services by professional dentist""",13.026135345091399,100.91765216255679
0x3102b9a381f2d4c1:0x4b808dc896527422,แหลมฉบัง คลินิกทันตกรรม,https://www.google.com/maps/place/%E0%B9%81%E0%B8%AB%E0%B8%A5%E0%B8%A1%E0%B8%89%E0%B8%9A%E0%B8%B1%E0%B8%87+%E0%B8%84%E0%B8%A5%E0%B8%B4%E0%B8%99%E0%B8%B4%E0%B8%81%E0%B8%97%E0%B8%B1%E0%B8%99%E0%B8%95%E0%B8%81%E0%B8%A3%E0%B8%A3%E0%B8%A1/data=!4m7!3m6!1s0x3102b9a381f2d4c1:0x4b808dc896527422!8m2!3d13.0885564!4d100.9181775!16s%2Fg%2F11f0_djpxg!19sChIJwdTygaO5AjERInRSlsiNgEs?authuser=0&hl=en&rclk=1,4.8,26,,Dental clinic,53 139 141,Closed · Opens 10 AM Sun · 093 516 6919,"แหลมฉบัง คลินิกทันตกรรม
4.8(26)
Dental clinic · 53 139 141
Closed · Opens 10 AM Sun · 093 516 6919

Directions",13.013226602671379,100.95245314722573
0x3102b9fcc4a6cf23:0x23f6f7846cfc4d9,คลินิกทันตกรรมสไมล์แฟคทอรี่ สาขาแหลมฉบัง,https://www.google.com/maps/place/%E0%B8%84%E0%B8%A5%E0%B8%B4%E0%B8%99%E0%B8%B4%E0%B8%81%E0%B8%97%E0%B8%B1%E0%B8%99%E0%B8%95%E0%B8%81%E0%B8%A3%E0%B8%A3%E0%B8%A1%E0%B8%AA%E0%B9%84%E0%B8%A1%E0%B8%A5%E0%B9%8C%E0%B9%81%E0%B8%9F%E0%B8%84%E0%B8%97%E0%B8%AD%E0%B8%A3%E0%B8%B5%E0%B9%88+%E0%B8%AA%E0%B8%B2%E0%B8%82%E0%B8%B2%E0%B9%81%E0%B8%AB%E0%B8%A5%E0%B8%A1%E0%B8%89%E0%B8%9A%E0%B8%B1%E0%B8%87/data=!4m7!3m6!1s0x3102b9fcc4a6cf23:0x23f6f7846cfc4d9!8m2!3d13.091028!4d100.9179846!16s%2Fg%2F11gk8n9tjb!19sChIJI8-mxPy5AjER2cTPRnhvPwI?authuser=0&hl=en&rclk=1,5.0,459,,Orthodontist,106/99,Closed · Opens 10 AM Sun · 062 994 6965,"คลินิกทันตกรรมสไมล์แฟคทอรี่ สาขาแหลมฉบัง
5.0(459)
Orthodontist · 106/99
Closed · Opens 10 AM Sun · 062 994 6965

Website

Directions",13.013226602671379,100.95245314722573
0x3102b9fe1f210b93:0x5359339a2d7b1155,คลินิกทันตกรรม ซิม เดนทัล คลินิก,https://www.google.com/maps/place/%E0%B8%84%E0%B8%A5%E0%B8%B4%E0%B8%99%E0%B8%B4%E0%B8%81%E0%B8%97%E0%B8%B1%E0%B8%99%E0%B8%95%E0%B8%81%E0%B8%A3%E0%B8%A3%E0%B8%A1+%E0%B8%8B%E0%B8%B4%E0%B8%A1+%E0%B9%80%E0%B8%94%E0%B8%99%E0%B8%97%E0%B8%B1%E0%B8%A5+%E0%B8%84%E0%B8%A5%E0%B8%B4%E0%B8%99%E0%B8%B4%E0%B8%81/data=!4m7!3m6!1s0x3102b9fe1f210b93:0x5359339a2d7b1155!8m2!3d13.1224146!4d100.9285351!16s%2Fg%2F11jgn96lcy!19sChIJkwshH_65AjERVRF7LZozWVM?authuser=0&hl=en&rclk=1,5.0,6,,Dental clinic,คลินิกทันตกรรม ซิม เดนทัล คลินิก 200/51 หมู่ 6 ต,Closed · Opens 9 AM Sun · 065 536 5590,"คลินิกทันตกรรม ซิม เดนทัล คลินิก
5.0(6)
Dental clinic · คลินิกทันตกรรม ซิม เดนทัล คลินิก 200/51 หมู่ 6 ต
Closed · Opens 9 AM Sun · 065 536 5590

Website

Directions",13.013226602671379,100.95245314722573
0x3102b9a04b0a2a05:0x897d20599dffaf77,หมอฟันคู่ใจ สาขาแหลมฉบัง,https://www.google.com/maps/place/%E0%B8%AB%E0%B8%A1%E0%B8%AD%E0%B8%9F%E0%B8%B1%E0%B8%99%E0%B8%84%E0%B8%B9%E0%B9%88%E0%B9%83%E0%B8%88+%E0%B8%AA%E0%B8%B2%E0%B8%82%E0%B8%B2%E0%B9%81%E0%B8%AB%E0%B8%A5%E0%B8%A1%E0%B8%89%E0%B8%9A%E0%B8%B1%E0%B8%87/data=!4m7!3m6!1s0x3102b9a04b0a2a05:0x897d20599dffaf77!8m2!3d13.0784808!4d100.9204381!16s%2Fg%2F11f6l0yzxk!19sChIJBSoKS6C5AjERd6__nVkgfYk?authuser=0&hl=en&rclk=1,4.8,173,,Dental clinic,4,Closed · Opens 10 AM Sun · 064 985 3565,"หมอฟันคู่ใจ สาขาแหลมฉบัง
4.8(173)
Dental clinic · 4
Closed · Opens 10 AM Sun · 064 985 3565

Website

Directions",13.013226602671379,100.95245314722573
0x3102b814d216b869:0x376d204e3c5e8a3c,Love indie clinic,https://www.google.com/maps/place/Love+indie+clinic/data=!4m7!3m6!1s0x3102b814d216b869:0x376d204e3c5e8a3c!8m2!3d13.1011195!4d100.9616007!16s%2Fg%2F11c2lrlg5n!19sChIJabgW0hS4AjERPIpePE4gbTc?authuser=0&hl=en&rclk=1,4.8,44,,Dental clinic, · 664/21-22,Closed · Opens 9:30 AM Sun · 080 589 9400,"Love indie clinic
4.8(44)
Dental clinic ·  · 664/21-22
Closed · Opens 9:30 AM Sun · 080 589 9400

Directions
 
On-site services",13.013226602671379,100.95245314722573
0x3102b813558028a3:0x5ad42f7ba26bf100,คลินิกทันตกรรมบ้านรักฟัน โดยหมอนก หมอชาลี,https://www.google.com/maps/place/%E0%B8%84%E0%B8%A5%E0%B8%B4%E0%B8%99%E0%B8%B4%E0%B8%81%E0%B8%97%E0%B8%B1%E0%B8%99%E0%B8%95%E0%B8%81%E0%B8%A3%E0%B8%A3%E0%B8%A1%E0%B8%9A%E0%B9%89%E0%B8%B2%E0%B8%99%E0%B8%A3%E0%B8%B1%E0%B8%81%E0%B8%9F%E0%B8%B1%E0%B8%99+%E0%B9%82%E0%B8%94%E0%B8%A2%E0%B8%AB%E0%B8%A1%E0%B8%AD%E0%B8%99%E0%B8%81+%E0%B8%AB%E0%B8%A1%E0%B8%AD%E0%B8%8A%E0%B8%B2%E0%B8%A5%E0%B8%B5/data=!4m7!3m6!1s0x3102b813558028a3:0x5ad42f7ba26bf100!8m2!3d13.1009216!4d100.9630172!16s%2Fg%2F11g_ymlcc!19sChIJoyiAVRO4AjERAPFronsv1Fo?authuser=0&hl=en&rclk=1,4.6,101,,Dental clinic, · 664/2-3 Krua Sahapat Rd,Closed · Opens 9 AM Sun · 087 743 3678,"คลินิกทันตกรรมบ้านรักฟัน โดยหมอนก หมอชาลี
4.6(101)
Dental clinic ·  · 664/2-3 Krua Sahapat Rd
Closed · Opens 9 AM Sun · 087 743 3678

Website

Directions
 
On-site services",13.013226602671379,100.95245314722573
0x3102c40c4153e625:0xcc3bb5a288786ac8,คลินิกทันตกรรม สไมล์ดีไซน์เซ็นเตอร์ (โลตัส บ่อวิน) | จัดฟัน รากเทียม วีเนียร์ ฟันปลอม ฟอกสีฟัน,https://www.google.com/maps/place/%E0%B8%84%E0%B8%A5%E0%B8%B4%E0%B8%99%E0%B8%B4%E0%B8%81%E0%B8%97%E0%B8%B1%E0%B8%99%E0%B8%95%E0%B8%81%E0%B8%A3%E0%B8%A3%E0%B8%A1+%E0%B8%AA%E0%B9%84%E0%B8%A1%E0%B8%A5%E0%B9%8C%E0%B8%94%E0%B8%B5%E0%B9%84%E0%B8%8B%E0%B8%99%E0%B9%8C%E0%B9%80%E0%B8%8B%E0%B9%87%E0%B8%99%E0%B9%80%E0%B8%95%E0%B8%AD%E0%B8%A3%E0%B9%8C+%28%E0%B9%82%E0%B8%A5%E0%B8%95%E0%B8%B1%E0%B8%AA+%E0%B8%9A%E0%B9%88%E0%B8%AD%E0%B8%A7%E0%B8%B4%E0%B8%99%29+%7C+%E0%B8%88%E0%B8%B1%E0%B8%94%E0%B8%9F%E0%B8%B1%E0%B8%99+%E0%B8%A3%E0%B8%B2%E0%B8%81%E0%B9%80%E0%B8%97%E0%B8%B5%E0%B8%A2%E0%B8%A1+%E0%B8%A7%E0%B8%B5%E0%B9%80%E0%B8%99%E0%B8%B5%E0%B8%A2%E0%B8%A3%E0%B9%8C+%E0%B8%9F%E0%B8%B1%E0%B8%99%E0%B8%9B%E0%B8%A5%E0%B8%AD%E0%B8%A1+%E0%B8%9F%E0%B8%AD%E0%B8%81%E0%B8%AA%E0%B8%B5%E0%B8%9F%E0%B8%B1%E0%B8%99/data=!4m7!3m6!1s0x3102c40c4153e625:0xcc3bb5a288786ac8!8m2!3d13.0345751!4d101.0898909!16s%2Fg%2F11dxbns8ng!19sChIJJeZTQQzEAjERyGp4iKK1O8w?authuser=0&hl=en&rclk=1,4.9,576,,Dental clinic,3013,Closed · Opens 10 AM Sun · 099 353 0579,"คลินิกทันตกรรม สไมล์ดีไซน์เซ็นเตอร์ (โลตัส บ่อวิน) | จัดฟัน รากเทียม วีเนียร์ ฟันปลอม ฟอกสีฟัน
4.9(576)
Dental clinic · 3013
Closed · Opens 10 AM Sun · 099 353 0579

Website

Directions",13.013226602671379,100.95245314722573
0x3102b81531fef1d5:0x95b4b0e3aa49083d,คลินิกทันตกรรม เด็นทอลโฟกัส เครือสหพัฒน์,https://www.google.com/maps/place/%E0%B8%84%E0%B8%A5%E0%B8%B4%E0%B8%99%E0%B8%B4%E0%B8%81%E0%B8%97%E0%B8%B1%E0%B8%99%E0%B8%95%E0%B8%81%E0%B8%A3%E0%B8%A3%E0%B8%A1+%E0%B9%80%E0%B8%94%E0%B9%87%E0%B8%99%E0%B8%97%E0%B8%AD%E0%B8%A5%E0%B9%82%E0%B8%9F%E0%B8%81%E0%B8%B1%E0%B8%AA+%E0%B9%80%E0%B8%84%E0%B8%A3%E0%B8%B7%E0%B8%AD%E0%B8%AA%E0%B8%AB%E0%B8%9E%E0%B8%B1%E0%B8%92%E0%B8%99%E0%B9%8C/data=!4m7!3m6!1s0x3102b81531fef1d5:0x95b4b0e3aa49083d!8m2!3d13.1011994!4d100.9601987!16s%2Fg%2F11cjkmgv8x!19sChIJ1fH-MRW4AjERPQhJquOwtJU?authuser=0&hl=en&rclk=1,3.2,13,,Dental clinic, · 664/41 หมู่ ที่ 11 ถนน เครือ สห พัฒน์,Closed · Opens 10 AM Sun · 086 826 0808,"คลินิกทันตกรรม เด็นทอลโฟกัส เครือสหพัฒน์
3.2(13)
Dental clinic ·  · 664/41 หมู่ ที่ 11 ถนน เครือ สห พัฒน์
Closed · Opens 10 AM Sun · 086 826 0808

Website

Directions",13.013226602671379,100.95245314722573
0x3102b9a48425ba2d:0xaa86e1407d159669,คลินิกทันตกรรม สไมล์ ดี (แหลมฉบัง),https://www.google.com/maps/place/%E0%B8%84%E0%B8%A5%E0%B8%B4%E0%B8%99%E0%B8%B4%E0%B8%81%E0%B8%97%E0%B8%B1%E0%B8%99%E0%B8%95%E0%B8%81%E0%B8%A3%E0%B8%A3%E0%B8%A1+%E0%B8%AA%E0%B9%84%E0%B8%A1%E0%B8%A5%E0%B9%8C+%E0%B8%94%E0%B8%B5+%28%E0%B9%81%E0%B8%AB%E0%B8%A5%E0%B8%A1%E0%B8%89%E0%B8%9A%E0%B8%B1%E0%B8%87%29/data=!4m7!3m6!1s0x3102b9a48425ba2d:0xaa86e1407d159669!8m2!3d13.0889002!4d100.9187838!16s%2Fg%2F11c1p5fz44!19sChIJLbolhKS5AjERaZYVfUDhhqo?authuser=0&hl=en&rclk=1,4.0,23,,Dental clinic,53/166 หมู่ 9,Closed · Opens 9:30 AM Sun · 038 495 151,"คลินิกทันตกรรม สไมล์ ดี (แหลมฉบัง)
4.0(23)
Dental clinic · 53/166 หมู่ 9
Closed · Opens 9:30 AM Sun · 038 495 151

Directions",13.013226602671379,100.95245314722573
0x3102b7063d5e51b7:0x55a88eb661c1b2a3,Dental Smile Clinic Sriracha คลินิกทันตกรรมเด็นทอลสไมล์ ตรงข้ามเซนต์ปอล ศรีราชา,https://www.google.com/maps/place/Dental+Smile+Clinic+Sriracha+%E0%B8%84%E0%B8%A5%E0%B8%B4%E0%B8%99%E0%B8%B4%E0%B8%81%E0%B8%97%E0%B8%B1%E0%B8%99%E0%B8%95%E0%B8%81%E0%B8%A3%E0%B8%A3%E0%B8%A1%E0%B9%80%E0%B8%94%E0%B9%87%E0%B8%99%E0%B8%97%E0%B8%AD%E0%B8%A5%E0%B8%AA%E0%B9%84%E0%B8%A1%E0%B8%A5%E0%B9%8C+%E0%B8%95%E0%B8%A3%E0%B8%87%E0%B8%82%E0%B9%89%E0%B8%B2%E0%B8%A1%E0%B9%80%E0%B8%8B%E0%B8%99%E0%B8%95%E0%B9%8C%E0%B8%9B%E0%B8%AD%E0%B8%A5+%E0%B8%A8%E0%B8%A3%E0%B8%B5%E0%B8%A3%E0%B8%B2%E0%B8%8A%E0%B8%B2/data=!4m7!3m6!1s0x3102b7063d5e51b7:0x55a88eb661c1b2a3!8m2!3d13.15967!4d100.93121!16s%2Fg%2F1hm3b6sgz!19sChIJt1FePQa3AjERo7LBYbaOqFU?authuser=0&hl=en&rclk=1,4.4,24,,Dental clinic,219 ตรงข้ามร.ร.เซนต์ปอล 61 Kao Kilo,Closed · Opens 9:30 AM Sun · 087 676 8847,"Dental Smile Clinic Sriracha คลินิกทันตกรรมเด็นทอลสไมล์ ตรงข้ามเซนต์ปอล ศรีราชา
4.4(24)
Dental clinic · 219 ตรงข้ามร.ร.เซนต์ปอล 61 Kao Kilo
Closed · Opens 9:30 AM Sun · 087 676 8847

Directions",13.013226602671379,100.95245314722573
0x3102b7da9b5ed9db:0x9b885065d76358b9,Health Dent Dental Clinic.,https://www.google.com/maps/place/Health+Dent+Dental+Clinic./data=!4m7!3m6!1s0x3102b7da9b5ed9db:0x9b885065d76358b9!8m2!3d13.1567693!4d100.9714524!16s%2Fg%2F1pzry7vvx!19sChIJ29lem9q3AjERuVhj12VQiJs?authuser=0&hl=en&rclk=1,,0,,Dental clinic,"253/3, Surasak Road, Tambon Si Racha, Amphoe Si Racha, Chon Buri, 20110",,"Health Dent Dental Clinic.
No reviews
Dental clinic · 253/3, Surasak Road, Tambon Si Racha, Amphoe Si Racha, Chon Buri, 20110
081 807 0690

Directions",13.033736115434644,100.90659735150228
0x3102b7024406f707:0xe72911671a427daf,Modern Smile Dental Clinic (Sriracha),https://www.google.com/maps/place/Modern+Smile+Dental+Clinic+%28Sriracha%29/data=!4m7!3m6!1s0x3102b7024406f707:0xe72911671a427daf!8m2!3d13.167018!4d100.9251265!16s%2Fg%2F1pzyc6xg1!19sChIJB_cGRAK3AjERr31CGmcRKec?authuser=0&hl=en&rclk=1,4.5,194,,Dental clinic, · 1 8-9 ถนน ศรีราชานคร,Closed · Opens 10 AM Sun · 085 247 1333,"Modern Smile Dental Clinic (Sriracha)
4.5(194)
Dental clinic ·  · 1 8-9 ถนน ศรีราชานคร
Closed · Opens 10 AM Sun · 085 247 1333

Website

Directions
 
On-site services",13.033736115434644,100.90659735150228
0x3102b6feeb6d90ad:0x427f3372ec6515a1,Atlantis Dental Clinic.,https://www.google.com/maps/place/Atlantis+Dental+Clinic./data=!4m7!3m6!1s0x3102b6feeb6d90ad:0x427f3372ec6515a1!8m2!3d13.174246!4d100.9313858!16s%2Fg%2F1pzrqvz36!19sChIJrZBt6_62AjERoRVl7HIzf0I?authuser=0&hl=en&rclk=1,,0,,Dental clinic,"137/43-45, Sukhumvit Road, Tumbon Si Racha, Amphoe Si Racha, Chon Buri, 20110",,"Atlantis Dental Clinic.
No reviews
Dental clinic · 137/43-45, Sukhumvit Road, Tumbon Si Racha, Amphoe Si Racha, Chon Buri, 20110
038 773 370

Directions",13.033736115434644,100.90659735150228
0x3102b5d4243eb809:0x8d0ddafcc115cedd,คลินิกทันตกรรมไอเด๊นท์,https://www.google.com/maps/place/%E0%B8%84%E0%B8%A5%E0%B8%B4%E0%B8%99%E0%B8%B4%E0%B8%81%E0%B8%97%E0%B8%B1%E0%B8%99%E0%B8%95%E0%B8%81%E0%B8%A3%E0%B8%A3%E0%B8%A1%E0%B9%84%E0%B8%AD%E0%B9%80%E0%B8%94%E0%B9%8A%E0%B8%99%E0%B8%97%E0%B9%8C/data=!4m7!3m6!1s0x3102b5d4243eb809:0x8d0ddafcc115cedd!8m2!3d13.219115!4d100.9407039!16s%2Fg%2F11dzwcxgp7!19sChIJCbg-JNS1AjER3c4VwfzaDY0?authuser=0&hl=en&rclk=1,4.2,17,,Dentist,239/57 Soi Thetsaban 2/7,Closed · Opens 10 AM Mon · 086 157 2456,"คลินิกทันตกรรมไอเด๊นท์
4.2(17)
Dentist · 239/57 Soi Thetsaban 2/7
Closed · Opens 10 AM Mon · 086 157 2456

Directions",13.033736115434644,100.90659735150228
0x3102c9963bcd12fd:0xfef11c803b5062ae,คลินิกทันตกรรมปิ่นทอง,https://www.google.com/maps/place/%E0%B8%84%E0%B8%A5%E0%B8%B4%E0%B8%99%E0%B8%B4%E0%B8%81%E0%B8%97%E0%B8%B1%E0%B8%99%E0%B8%95%E0%B8%81%E0%B8%A3%E0%B8%A3%E0%B8%A1%E0%B8%9B%E0%B8%B4%E0%B9%88%E0%B8%99%E0%B8%97%E0%B8%AD%E0%B8%87/data=!4m7!3m6!1s0x3102c9963bcd12fd:0xfef11c803b5062ae!8m2!3d13.1239488!4d100.9893184!16s%2Fg%2F11f76z_g0d!19sChIJ_RLNO5bJAjERrmJQO4Ac8f4?authuser=0&hl=en&rclk=1,4.8,62,,Dental clinic,8/20 D Complex ถ.เจ้าพระยาสุรศักดิ์,,"คลินิกทันตกรรมปิ่นทอง
4.8(62)
Dental clinic · 8/20 D Complex ถ.เจ้าพระยาสุรศักดิ์
092 261 5515

Directions",13.036071733397046,100.88827748578971
0x3102b9f913b47871:0xa01b22d30bf8bec3,คลินิกทันตกรรมสไมล์แฟคทอรี่ สาขาอ่าวอุดม,https://www.google.com/maps/place/%E0%B8%84%E0%B8%A5%E0%B8%B4%E0%B8%99%E0%B8%B4%E0%B8%81%E0%B8%97%E0%B8%B1%E0%B8%99%E0%B8%95%E0%B8%81%E0%B8%A3%E0%B8%A3%E0%B8%A1%E0%B8%AA%E0%B9%84%E0%B8%A1%E0%B8%A5%E0%B9%8C%E0%B9%81%E0%B8%9F%E0%B8%84%E0%B8%97%E0%B8%AD%E0%B8%A3%E0%B8%B5%E0%B9%88+%E0%B8%AA%E0%B8%B2%E0%B8%82%E0%B8%B2%E0%B8%AD%E0%B9%88%E0%B8%B2%E0%B8%A7%E0%B8%AD%E0%B8%B8%E0%B8%94%E0%B8%A1/data=!4m7!3m6!1s0x3102b9f913b47871:0xa01b22d30bf8bec3!8m2!3d13.1140772!4d100.9251133!16s%2Fg%2F11h1t07cq7!19sChIJcXi0E_m5AjERw774C9MiG6A?authuser=0&hl=en&rclk=1,5.0,203,,Orthodontist,209 100 Thung Sukhla Alley,Closed · Opens 10 AM Sun · 096 496 9465,"คลินิกทันตกรรมสไมล์แฟคทอรี่ สาขาอ่าวอุดม
5.0(203)
Orthodontist · 209 100 Thung Sukhla Alley
Closed · Opens 10 AM Sun · 096 496 9465

Website

Directions",13.036071733397046,100.88827748578971
0x3102b8129563a581:0x2eef2de1f7e6e97f,คลินิกทันตกรรม เอ เด็นท์,https://www.google.com/maps/place/%E0%B8%84%E0%B8%A5%E0%B8%B4%E0%B8%99%E0%B8%B4%E0%B8%81%E0%B8%97%E0%B8%B1%E0%B8%99%E0%B8%95%E0%B8%81%E0%B8%A3%E0%B8%A3%E0%B8%A1+%E0%B9%80%E0%B8%AD+%E0%B9%80%E0%B8%94%E0%B9%87%E0%B8%99%E0%B8%97%E0%B9%8C/data=!4m7!3m6!1s0x3102b8129563a581:0x2eef2de1f7e6e97f!8m2!3d13.1018125!4d100.9680625!16s%2Fg%2F11h0y_x_k4!19sChIJgaVjlRK4AjERf-nm9-Et7y4?authuser=0&hl=en&rclk=1,5.0,93,,Dental clinic,ถ. ไร่หนิ่ง - หนองขาม,Closed · Opens 10 AM Sun · 092 596 5439,"คลินิกทันตกรรม เอ เด็นท์
5.0(93)
Dental clinic · ถ. ไร่หนิ่ง - หนองขาม
Closed · Opens 10 AM Sun · 092 596 5439

Directions",13.036071733397046,100.88827748578971
0x3102b920b11a6eb1:0xd04885ba6b75354b,คลินิกทันตกรรม ธีภี เด้นท์,https://www.google.com/maps/place/%E0%B8%84%E0%B8%A5%E0%B8%B4%E0%B8%99%E0%B8%B4%E0%B8%81%E0%B8%97%E0%B8%B1%E0%B8%99%E0%B8%95%E0%B8%81%E0%B8%A3%E0%B8%A3%E0%B8%A1+%E0%B8%98%E0%B8%B5%E0%B8%A0%E0%B8%B5+%E0%B9%80%E0%B8%94%E0%B9%89%E0%B8%99%E0%B8%97%E0%B9%8C/data=!4m7!3m6!1s0x3102b920b11a6eb1:0xd04885ba6b75354b!8m2!3d13.090348!4d100.916795!16s%2Fg%2F11ghsb1x2l!19sChIJsW4asSC5AjERSzV1a7qFSNA?authuser=0&hl=en&rclk=1,5.0,10,,Dental clinic,88/13-14 หมู่ 9,Closed · Opens 10 AM Sun · 033 123 144,"คลินิกทันตกรรม ธีภี เด้นท์
5.0(10)
Dental clinic · 88/13-14 หมู่ 9
Closed · Opens 10 AM Sun · 033 123 144

Directions",13.036071733397046,100.88827748578971
0x3102b9a4c3f8568d:0x227a15d8aa87b057,คลินิกทันตกรรมสมายล์แฟมิลี่,https://www.google.com/maps/place/%E0%B8%84%E0%B8%A5%E0%B8%B4%E0%B8%99%E0%B8%B4%E0%B8%81%E0%B8%97%E0%B8%B1%E0%B8%99%E0%B8%95%E0%B8%81%E0%B8%A3%E0%B8%A3%E0%B8%A1%E0%B8%AA%E0%B8%A1%E0%B8%B2%E0%B8%A2%E0%B8%A5%E0%B9%8C%E0%B9%81%E0%B8%9F%E0%B8%A1%E0%B8%B4%E0%B8%A5%E0%B8%B5%E0%B9%88/data=!4m7!3m6!1s0x3102b9a4c3f8568d:0x227a15d8aa87b057!8m2!3d13.090191!4d100.9210257!16s%2Fg%2F11fylprvy5!19sChIJjVb4w6S5AjERV7CHqtgVeiI?authuser=0&hl=en&rclk=1,5.0,2,,Dental clinic,144/9 Laem Thong Rd,Closed · Opens 9 AM Sun · 091 730 9618,"คลินิกทันตกรรมสมายล์แฟมิลี่
5.0(2)
Dental clinic · 144/9 Laem Thong Rd
Closed · Opens 9 AM Sun · 091 730 9618

Directions",13.036071733397046,100.88827748578971
0x3102b85ae493d9c5:0x8ce875beb6200af1,คลินิกทันตกรรมสหพัฒน์,https://www.google.com/maps/place/%E0%B8%84%E0%B8%A5%E0%B8%B4%E0%B8%99%E0%B8%B4%E0%B8%81%E0%B8%97%E0%B8%B1%E0%B8%99%E0%B8%95%E0%B8%81%E0%B8%A3%E0%B8%A3%E0%B8%A1%E0%B8%AA%E0%B8%AB%E0%B8%9E%E0%B8%B1%E0%B8%92%E0%B8%99%E0%B9%8C/data=!4m7!3m6!1s0x3102b85ae493d9c5:0x8ce875beb6200af1!8m2!3d13.1009053!4d100.9638333!16s%2Fg%2F1hdz5q44l!19sChIJxdmT5Fq4AjER8Qogtr516Iw?authuser=0&hl=en&rclk=1,4.5,11,,Medical clinic, · 663 2 Krua Sahapat Rd,Closed · Opens 9:30 AM Sun · 083 855 6705,"คลินิกทันตกรรมสหพัฒน์
4.5(11)
Medical clinic ·  · 663 2 Krua Sahapat Rd
Closed · Opens 9:30 AM Sun · 083 855 6705

Website

Directions
 
On-site services",13.036071733397046,100.88827748578971
0x3102b97ec2e6e8ed:0x503c1c7bb62f2258,คลินิกทันตกรรม,https://www.google.com/maps/place/%E0%B8%84%E0%B8%A5%E0%B8%B4%E0%B8%99%E0%B8%B4%E0%B8%81%E0%B8%97%E0%B8%B1%E0%B8%99%E0%B8%95%E0%B8%81%E0%B8%A3%E0%B8%A3%E0%B8%A1/data=!4m7!3m6!1s0x3102b97ec2e6e8ed:0x503c1c7bb62f2258!8m2!3d13.1017539!4d100.9548794!16s%2Fg%2F11fm2gkf98!19sChIJ7ejmwn65AjERWCIvtnscPFA?authuser=0&hl=en&rclk=1,1.4,47,,Dental clinic,236 44 ถนน ขากค้อ-หนองขาม,Closed · Opens 9:30 AM Sun,"คลินิกทันตกรรม
1.4(47)
Dental clinic · 236 44 ถนน ขากค้อ-หนองขาม
Closed · Opens 9:30 AM Sun

Website

Directions",13.036071733397046,100.88827748578971
0x3102b871383ac445:0xd8a30eacc7820f85,หมอฟันคู่ใจ สาขาตลาดสนามบิน,https://www.google.com/maps/place/%E0%B8%AB%E0%B8%A1%E0%B8%AD%E0%B8%9F%E0%B8%B1%E0%B8%99%E0%B8%84%E0%B8%B9%E0%B9%88%E0%B9%83%E0%B8%88+%E0%B8%AA%E0%B8%B2%E0%B8%82%E0%B8%B2%E0%B8%95%E0%B8%A5%E0%B8%B2%E0%B8%94%E0%B8%AA%E0%B8%99%E0%B8%B2%E0%B8%A1%E0%B8%9A%E0%B8%B4%E0%B8%99/data=!4m7!3m6!1s0x3102b871383ac445:0xd8a30eacc7820f85!8m2!3d13.0929628!4d100.9742674!16s%2Fg%2F11c2l29qwz!19sChIJRcQ6OHG4AjERhQ-Cx6wOo9g?authuser=0&hl=en&rclk=1,4.9,285,,Dental clinic, · 99/167-168,Closed · Opens 10 AM Sun · 087 797 7227,"หมอฟันคู่ใจ สาขาตลาดสนามบิน
4.9(285)
Dental clinic ·  · 99/167-168
Closed · Opens 10 AM Sun · 087 797 7227

Website

Directions",13.036071733397046,100.88827748578971
0x3102c7f33d513dab:0xdbe68adb86133869,Dental White Clinic,https://www.google.com/maps/place/Dental+White+Clinic/data=!4m7!3m6!1s0x3102c7f33d513dab:0xdbe68adb86133869!8m2!3d13.0902709!4d101.0050288!16s%2Fg%2F11jkbht9nw!19sChIJqz1RPfPHAjERaTgThtuK5ts?authuser=0&hl=en&rclk=1,4.0,3,,Dentist,262/11,Closed · Opens 9 AM Sun · 084 264 6199,"Dental White Clinic
4.0(3)
Dentist · 262/11
Closed · Opens 9 AM Sun · 084 264 6199

Directions",13.036071733397046,100.88827748578971
0x31028d9542759aa5:0xf64dc2ec43d21e6b,คลินิกทันตกรรมรักษ์ฟันบางเสร่,https://www.google.com/maps/place/%E0%B8%84%E0%B8%A5%E0%B8%B4%E0%B8%99%E0%B8%B4%E0%B8%81%E0%B8%97%E0%B8%B1%E0%B8%99%E0%B8%95%E0%B8%81%E0%B8%A3%E0%B8%A3%E0%B8%A1%E0%B8%A3%E0%B8%B1%E0%B8%81%E0%B8%A9%E0%B9%8C%E0%B8%9F%E0%B8%B1%E0%B8%99%E0%B8%9A%E0%B8%B2%E0%B8%87%E0%B9%80%E0%B8%AA%E0%B8%A3%E0%B9%88/data=!4m7!3m6!1s0x31028d9542759aa5:0xf64dc2ec43d21e6b!8m2!3d12.7608509!4d100.898546!16s%2Fg%2F11h09p_9h8!19sChIJpZp1QpWNAjERax7SQ-zCTfY?authuser=0&hl=en&rclk=1,4.9,7,,Dental clinic,125 18 ม.1,Closed · Opens 5 PM Mon · 085 136 2936,"คลินิกทันตกรรมรักษ์ฟันบางเสร่
4.9(7)
Dental clinic · 125 18 ม.1
Closed · Opens 5 PM Mon · 085 136 2936

Directions",12.81706980949349,100.91995800659335
0x3102b5001de03bd7:0xe960475531e43004,U connect dental clinic,https://www.google.com/maps/place/U+connect+dental+clinic/data=!4m7!3m6!1s0x3102b5001de03bd7:0xe960475531e43004!8m2!3d13.2811275!4d100.928294!16s%2Fg%2F11xdk5zshg!19sChIJ1zvgHQC1AjERBDDkMVVHYOk?authuser=0&hl=en&rclk=1,5.0,48,,Dental clinic,9 แสนสุข 9 Bangsean 4 South Road Soi 2,Closed · Opens 9 am Sun · +66 64 989 4509,"U connect dental clinic
5.0(48)
Dental clinic · 9 แสนสุข 9 Bangsean 4 South Road Soi 2
Closed · Opens 9 am Sun · +66 64 989 4509

Website

Directions
 
""Great service""",13.011418588258277,100.84642903260739
0x3102c405ae245d17:0x63ba49f417c510d7,Sky Dental บ่อวิน | จัดฟัน รากเทียม วีเนียร์ ฟันปลอม ฟอกสีฟัน,https://www.google.com/maps/place/Sky+Dental+%E0%B8%9A%E0%B9%88%E0%B8%AD%E0%B8%A7%E0%B8%B4%E0%B8%99+%7C+%E0%B8%88%E0%B8%B1%E0%B8%94%E0%B8%9F%E0%B8%B1%E0%B8%99+%E0%B8%A3%E0%B8%B2%E0%B8%81%E0%B9%80%E0%B8%97%E0%B8%B5%E0%B8%A2%E0%B8%A1+%E0%B8%A7%E0%B8%B5%E0%B9%80%E0%B8%99%E0%B8%B5%E0%B8%A2%E0%B8%A3%E0%B9%8C+%E0%B8%9F%E0%B8%B1%E0%B8%99%E0%B8%9B%E0%B8%A5%E0%B8%AD%E0%B8%A1+%E0%B8%9F%E0%B8%AD%E0%B8%81%E0%B8%AA%E0%B8%B5%E0%B8%9F%E0%B8%B1%E0%B8%99/data=!4m7!3m6!1s0x3102c405ae245d17:0x63ba49f417c510d7!8m2!3d13.036531!4d101.0807669!16s%2Fg%2F11bwpygzwn!19sChIJF10krgXEAjER1xDFF_RJumM?authuser=0&hl=en&rclk=1,4.9,587,,Dental clinic,276 11,Closed · Opens 10 am Sun · +66 95 565 6341,"Sky Dental บ่อวิน | จัดฟัน รากเทียม วีเนียร์ ฟันปลอม ฟอกสีฟัน
4.9(587)
Dental clinic · 276 11
Closed · Opens 10 am Sun · +66 95 565 6341

Directions
 
""Very Good, staff service mind,
Dr.Mai , really nice !!""",12.962988009439607,100.98081466706488
0x3102c5e2f091e697:0x72e57a2daa19ab49,แฮปปี้สมาย HappySmile​ ทำฟัน จัดฟัน รากเทียม ในซอย ตรงข้าม​ โรบินสัน​ บ่อ​วิน​เทียม,https://www.google.com/maps/place/%E0%B9%81%E0%B8%AE%E0%B8%9B%E0%B8%9B%E0%B8%B5%E0%B9%89%E0%B8%AA%E0%B8%A1%E0%B8%B2%E0%B8%A2+HappySmile%E2%80%8B+%E0%B8%97%E0%B8%B3%E0%B8%9F%E0%B8%B1%E0%B8%99+%E0%B8%88%E0%B8%B1%E0%B8%94%E0%B8%9F%E0%B8%B1%E0%B8%99+%E0%B8%A3%E0%B8%B2%E0%B8%81%E0%B9%80%E0%B8%97%E0%B8%B5%E0%B8%A2%E0%B8%A1+%E0%B9%83%E0%B8%99%E0%B8%8B%E0%B8%AD%E0%B8%A2+%E0%B8%95%E0%B8%A3%E0%B8%87%E0%B8%82%E0%B9%89%E0%B8%B2%E0%B8%A1%E2%80%8B+%E0%B9%82%E0%B8%A3%E0%B8%9A%E0%B8%B4%E0%B8%99%E0%B8%AA%E0%B8%B1%E0%B8%99%E2%80%8B+%E0%B8%9A%E0%B9%88%E0%B8%AD%E2%80%8B%E0%B8%A7%E0%B8%B4%E0%B8%99%E2%80%8B%E0%B9%80%E0%B8%97%E0%B8%B5%E0%B8%A2%E0%B8%A1/data=!4m7!3m6!1s0x3102c5e2f091e697:0x72e57a2daa19ab49!8m2!3d13.0400013!4d101.0808314!16s%2Fg%2F11jgnhf9dq!19sChIJl-aR8OLFAjERSasZqi165XI?authuser=0&hl=en&rclk=1,4.9,589,,Dental clinic,299/16 หมู่บ้านลัดดาวิน,Closed · Opens 9 am Sun · +66 92 952 9542,"แฮปปี้สมาย HappySmile​ ทำฟัน จัดฟัน รากเทียม ในซอย ตรงข้าม​ โรบินสัน​ บ่อ​วิน​เทียม
4.9(589)
Dental clinic · 299/16 หมู่บ้านลัดดาวิน
Closed · Opens 9 am Sun · +66 92 952 9542

Directions
 
""Better smile, very kind dentist and team""",12.962988009439607,100.98081466706488
0x3102c514b7680fe9:0xe925a71da0ece2cf,New Smile by บ้านยิ้มสวย,https://www.google.com/maps/place/New+Smile+by+%E0%B8%9A%E0%B9%89%E0%B8%B2%E0%B8%99%E0%B8%A2%E0%B8%B4%E0%B9%89%E0%B8%A1%E0%B8%AA%E0%B8%A7%E0%B8%A2/data=!4m7!3m6!1s0x3102c514b7680fe9:0xe925a71da0ece2cf!8m2!3d13.0309123!4d101.0772705!16s%2Fg%2F11h393p6zx!19sChIJ6Q9otxTFAjERz-LsoB2nJek?authuser=0&hl=en&rclk=1,4.9,266,,Dental clinic,คลินิกทันตกรรมนิวสไมล์ เลขที่ 335/7-8 ม.3 บ่อวิน,Closed · Opens 9 am Sun · +66 64 998 7452,"New Smile by บ้านยิ้มสวย
4.9(266)
Dental clinic · คลินิกทันตกรรมนิวสไมล์ เลขที่ 335/7-8 ม.3 บ่อวิน
Closed · Opens 9 am Sun · +66 64 998 7452

Website

Directions
 
""Good choice for taking care your teeths""",12.962988009439607,100.98081466706488
0x3102c99b405bbb03:0xad35e93d6d135a1f,more smiles dental clinic,https://www.google.com/maps/place/more+smiles+dental+clinic/data=!4m7!3m6!1s0x3102c99b405bbb03:0xad35e93d6d135a1f!8m2!3d13.124381!4d101.0027321!16s%2Fg%2F11qq2l59cz!19sChIJA7tbQJvJAjERH1oTbT3pNa0?authuser=0&hl=en&rclk=1,4.9,226,,Dental clinic,155/4,Closed · Opens 10 am Sun · +66 64 646 5969,"more smiles dental clinic
4.9(226)
Dental clinic · 155/4
Closed · Opens 10 am Sun · +66 64 646 5969

Directions",13.00807184332408,100.94404408143268
0x3102f1b75dcceba5:0xe89d26356ec46dba,Sky Family Dental Clinic,https://www.google.com/maps/place/Sky+Family+Dental+Clinic/data=!4m7!3m6!1s0x3102f1b75dcceba5:0xe89d26356ec46dba!8m2!3d12.7393304!4d101.0802427!16s%2Fg%2F11sdd7dc0z!19sChIJpevMXbfxAjERum3EbjUmneg?authuser=0&hl=en&rclk=1,4.9,511,,Dental clinic,"161/8 Building22nd, Infinite Park",Closed · Opens 11 am Sun · +66 88 952 6228,"Sky Family Dental Clinic
4.9(511)
Dental clinic · 161/8 Building22nd, Infinite Park
Closed · Opens 11 am Sun · +66 88 952 6228

Website

Directions
 
""Good dental care""",12.83912815667592,100.94404408143268
0x196c006c98263b9:0x33d510d178a07a74,AT U Dental Clinic ชลบุรี,https://www.google.com/maps/place/AT+U+Dental+Clinic+%E0%B8%8A%E0%B8%A5%E0%B8%9A%E0%B8%B8%E0%B8%A3%E0%B8%B5/data=!4m7!3m6!1s0x196c006c98263b9:0x33d510d178a07a74!8m2!3d13.0525356!4d101.1069757!16s%2Fg%2F11vz0ztnrv!19sChIJuWOCyQbAlgERdHqgeNEQ1TM?authuser=0&hl=en&rclk=1,5.0,1,,,,Closed · Opens 10 am Sun · +66 64 661 4525,"AT U Dental Clinic ชลบุรี
5.0(1)
Dental clinic
Closed · Opens 10 am Sun · +66 64 661 4525

Website

Directions",12.975626476607102,100.98496979862384
0x3102c3f846444913:0x3d393919164bc79d,คลินิกทันตกรรมลัคกี้ Lucky dental clinic มาบยางพร ปลวกแดง,https://www.google.com/maps/place/%E0%B8%84%E0%B8%A5%E0%B8%B4%E0%B8%99%E0%B8%B4%E0%B8%81%E0%B8%97%E0%B8%B1%E0%B8%99%E0%B8%95%E0%B8%81%E0%B8%A3%E0%B8%A3%E0%B8%A1%E0%B8%A5%E0%B8%B1%E0%B8%84%E0%B8%81%E0%B8%B5%E0%B9%89+Lucky+dental+clinic+%E0%B8%A1%E0%B8%B2%E0%B8%9A%E0%B8%A2%E0%B8%B2%E0%B8%87%E0%B8%9E%E0%B8%A3+%E0%B8%9B%E0%B8%A5%E0%B8%A7%E0%B8%81%E0%B9%81%E0%B8%94%E0%B8%87/data=!4m7!3m6!1s0x3102c3f846444913:0x3d393919164bc79d!8m2!3d12.9888755!4d101.1353124!16s%2Fg%2F11s95glkv1!19sChIJE0lERvjDAjERncdLFhk5OT0?authuser=0&hl=en&rclk=1,5.0,79,,Dental clinic,35/246-247,Closed · Opens 10 am · +66 65 658 8585,"คลินิกทันตกรรมลัคกี้ Lucky dental clinic มาบยางพร ปลวกแดง
5.0(79)
Dental clinic · 35/246-247
Closed · Opens 10 am · +66 65 658 8585

Directions",12.888158488109518,100.9921681153581
0x3102c3a85051e7e7:0xe9ae23ecce50f3d4,FK Dental Clinic1 สาขา มาบยางพร คลินิกทันตกรรมเอฟเค : ทำฟัน จัดฟัน ครบวงจร,https://www.google.com/maps/place/FK+Dental+Clinic1+%E0%B8%AA%E0%B8%B2%E0%B8%82%E0%B8%B2+%E0%B8%A1%E0%B8%B2%E0%B8%9A%E0%B8%A2%E0%B8%B2%E0%B8%87%E0%B8%9E%E0%B8%A3+%E0%B8%84%E0%B8%A5%E0%B8%B4%E0%B8%99%E0%B8%B4%E0%B8%81%E0%B8%97%E0%B8%B1%E0%B8%99%E0%B8%95%E0%B8%81%E0%B8%A3%E0%B8%A3%E0%B8%A1%E0%B9%80%E0%B8%AD%E0%B8%9F%E0%B9%80%E0%B8%84+:+%E0%B8%97%E0%B8%B3%E0%B8%9F%E0%B8%B1%E0%B8%99+%E0%B8%88%E0%B8%B1%E0%B8%94%E0%B8%9F%E0%B8%B1%E0%B8%99+%E0%B8%84%E0%B8%A3%E0%B8%9A%E0%B8%A7%E0%B8%87%E0%B8%88%E0%B8%A3/data=!4m7!3m6!1s0x3102c3a85051e7e7:0xe9ae23ecce50f3d4!8m2!3d12.9887836!4d101.1354908!16s%2Fg%2F11tcjdrg0h!19sChIJ5-dRUKjDAjER1PNQzuwjruk?authuser=0&hl=en&rclk=1,4.9,53,,Dental clinic,35 241 ม.6 มาบยางพรซอย,Closed · Opens 10 am · +66 80 649 6564,"FK Dental Clinic1 สาขา มาบยางพร คลินิกทันตกรรมเอฟเค : ทำฟัน จัดฟัน ครบวงจร
4.9(53)
Dental clinic · 35 241 ม.6 มาบยางพรซอย
Closed · Opens 10 am · +66 80 649 6564

Website

Directions",12.888158488109518,100.9921681153581
0x3102f1414a3924db:0x26b14282d7c0182,White Teeth Dental Clinic - Banchang branch,https://www.google.com/maps/place/White+Teeth+Dental+Clinic+-+Banchang+branch/data=!4m7!3m6!1s0x3102f1414a3924db:0x26b14282d7c0182!8m2!3d12.7375383!4d101.0803757!16s%2Fg%2F11qb4tjcbq!19sChIJ2yQ5SkHxAjERggF8LSgUawI?authuser=0&hl=en&rclk=1,4.8,49,,Dental clinic," · 161, 26 หมู่ 6 Sukhumvit Rd",Closed · Opens 10 am · +66 65 242 6580,"White Teeth Dental Clinic - Banchang branch
4.8(49)
Dental clinic ·  · 161, 26 หมู่ 6 Sukhumvit Rd
Closed · Opens 10 am · +66 65 242 6580

Website

Directions
 
""Super friendly Staff, great service, strongly recommend it!""",12.888158488109518,100.9921681153581
0x3102c37b51f6155d:0x3c79cc277711c9c,123 คลินิกทันตกรรมวันทูทรีเดนทัล 123DentalClinic,https://www.google.com/maps/place/123+%E0%B8%84%E0%B8%A5%E0%B8%B4%E0%B8%99%E0%B8%B4%E0%B8%81%E0%B8%97%E0%B8%B1%E0%B8%99%E0%B8%95%E0%B8%81%E0%B8%A3%E0%B8%A3%E0%B8%A1%E0%B8%A7%E0%B8%B1%E0%B8%99%E0%B8%97%E0%B8%B9%E0%B8%97%E0%B8%A3%E0%B8%B5%E0%B9%80%E0%B8%94%E0%B8%99%E0%B8%97%E0%B8%B1%E0%B8%A5+123DentalClinic/data=!4m7!3m6!1s0x3102c37b51f6155d:0x3c79cc277711c9c!8m2!3d13.025745!4d101.1086686!16s%2Fg%2F11rhrhq1k8!19sChIJXRX2UXvDAjERnBxxd8KcxwM?authuser=0&hl=en&rclk=1,5.0,40,,Dental clinic,24G5+8F,Closed · Opens 10:30 am · +66 80 142 9844,"123 คลินิกทันตกรรมวันทูทรีเดนทัล 123DentalClinic
5.0(40)
Dental clinic · 24G5+8F
Closed · Opens 10:30 am · +66 80 142 9844

Website

Directions",12.928113413050939,101.00257163262059
0x3102b7d9f11c1dc3:0xb56dd16ed0eafc7e,THAM FUN Dental Clinic,https://www.google.com/maps/place/THAM+FUN+Dental+Clinic/data=!4m7!3m6!1s0x3102b7d9f11c1dc3:0xb56dd16ed0eafc7e!8m2!3d13.1562532!4d100.9755207!16s%2Fg%2F11clvrg6w4!19sChIJwx0c8dm3AjERfvzq0G7RbbU?authuser=0&hl=en&rclk=1,4.8,19,,Dental clinic,"5X4G+G62, 3241",Closed · Opens 9 am · +66 84 552 6455,"THAM FUN Dental Clinic
4.8(19)
Dental clinic · 5X4G+G62, 3241
Closed · Opens 9 am · +66 84 552 6455

Directions",13.024648097158792,100.94324775393196
0x3102b7e089a95b5b:0xad2940cc804cd017,คลินิกทันตกรรมสไมล์ทูเกตเตอร์ ศรีราชา จัดฟัน ทำฟัน Smile Together Dental Clinic Sriracha,https://www.google.com/maps/place/%E0%B8%84%E0%B8%A5%E0%B8%B4%E0%B8%99%E0%B8%B4%E0%B8%81%E0%B8%97%E0%B8%B1%E0%B8%99%E0%B8%95%E0%B8%81%E0%B8%A3%E0%B8%A3%E0%B8%A1%E0%B8%AA%E0%B9%84%E0%B8%A1%E0%B8%A5%E0%B9%8C%E0%B8%97%E0%B8%B9%E0%B9%80%E0%B8%81%E0%B8%95%E0%B9%80%E0%B8%95%E0%B8%AD%E0%B8%A3%E0%B9%8C+%E0%B8%A8%E0%B8%A3%E0%B8%B5%E0%B8%A3%E0%B8%B2%E0%B8%8A%E0%B8%B2+%E0%B8%88%E0%B8%B1%E0%B8%94%E0%B8%9F%E0%B8%B1%E0%B8%99+%E0%B8%97%E0%B8%B3%E0%B8%9F%E0%B8%B1%E0%B8%99+Smile+Together+Dental+Clinic+Sriracha/data=!4m7!3m6!1s0x3102b7e089a95b5b:0xad2940cc804cd017!8m2!3d13.1461761!4d100.9550985!16s%2Fg%2F11g10n1_x0!19sChIJW1upieC3AjERF9BMgMxAKa0?authuser=0&hl=en&rclk=1,4.8,90,,Dental clinic,291 31 หมู่8 Si Racha-Nong Yai Bu Rd,Closed · Opens 10 am · +66 96 236 2441,"คลินิกทันตกรรมสไมล์ทูเกตเตอร์ ศรีราชา จัดฟัน ทำฟัน Smile Together Dental Clinic Sriracha
4.8(90)
Dental clinic · 291 31 หมู่8 Si Racha-Nong Yai Bu Rd
Closed · Opens 10 am · +66 96 236 2441

Website

Directions
 
On-site services",13.035529761869807,100.9178653501389
0x3102d3ffffffffff:0x9f7aa1de66f97dcf,Laemthong Dental Clinic,https://www.google.com/maps/place/Laemthong+Dental+Clinic/data=!4m7!3m6!1s0x3102d3ffffffffff:0x9f7aa1de66f97dcf!8m2!3d13.1668595!4d100.930291!16s%2Fg%2F1pzt345pw!19sChIJ_______TAjERz335Zt6hep8?authuser=0&hl=en&rclk=1,4.8,11,,Dental clinic,16 Sriracha Nakorn 1 Rd,Closed · Opens 10 am · +66 38 770 169,"Laemthong Dental Clinic
4.8(11)
Dental clinic · 16 Sriracha Nakorn 1 Rd
Closed · Opens 10 am · +66 38 770 169

Directions",13.035529761869807,100.9178653501389
0x3102b71fa293cded:0x9ecd352b04785a67,Star Smiles Dental clinic ทำฟัน ศรีราชา,https://www.google.com/maps/place/Star+Smiles+Dental+clinic+%E0%B8%97%E0%B8%B3%E0%B8%9F%E0%B8%B1%E0%B8%99+%E0%B8%A8%E0%B8%A3%E0%B8%B5%E0%B8%A3%E0%B8%B2%E0%B8%8A%E0%B8%B2/data=!4m7!3m6!1s0x3102b71fa293cded:0x9ecd352b04785a67!8m2!3d13.1568136!4d100.9578844!16s%2Fg%2F11j6g38_9q!19sChIJ7c2Toh-3AjERZ1p4BCs1zZ4?authuser=0&hl=en&rclk=1,4.8,26,,Dental clinic,85 41-42 Si Racha-Nong Kho 23 Alley,Closed · Opens 9 am · +66 96 545 9299,"Star Smiles Dental clinic ทำฟัน ศรีราชา
4.8(26)
Dental clinic · 85 41-42 Si Racha-Nong Kho 23 Alley
Closed · Opens 9 am · +66 96 545 9299

Directions",13.035529761869807,100.9178653501389
0x3102f24818ff9cb1:0xe3f543cb65c7dda2,คลินิกครอบครัวฟันดี สาขาบ้านฉาง ทำฟัน จัดฟัน ระยอง,https://www.google.com/maps/place/%E0%B8%84%E0%B8%A5%E0%B8%B4%E0%B8%99%E0%B8%B4%E0%B8%81%E0%B8%84%E0%B8%A3%E0%B8%AD%E0%B8%9A%E0%B8%84%E0%B8%A3%E0%B8%B1%E0%B8%A7%E0%B8%9F%E0%B8%B1%E0%B8%99%E0%B8%94%E0%B8%B5+%E0%B8%AA%E0%B8%B2%E0%B8%82%E0%B8%B2%E0%B8%9A%E0%B9%89%E0%B8%B2%E0%B8%99%E0%B8%89%E0%B8%B2%E0%B8%87+%E0%B8%97%E0%B8%B3%E0%B8%9F%E0%B8%B1%E0%B8%99+%E0%B8%88%E0%B8%B1%E0%B8%94%E0%B8%9F%E0%B8%B1%E0%B8%99+%E0%B8%A3%E0%B8%B0%E0%B8%A2%E0%B8%AD%E0%B8%87/data=!4m7!3m6!1s0x3102f24818ff9cb1:0xe3f543cb65c7dda2!8m2!3d12.7226919!4d101.0515473!16s%2Fg%2F1hm258v66!19sChIJsZz_GEjyAjERot3HZctD9eM?authuser=0&hl=en&rclk=1,4.7,181,,Dental clinic, · 42/1 หมู่ 5,Closed · Opens 9 am · +66 63 632 2829,"คลินิกครอบครัวฟันดี สาขาบ้านฉาง ทำฟัน จัดฟัน ระยอง
4.7(181)
Dental clinic ·  · 42/1 หมู่ 5
Closed · Opens 9 am · +66 63 632 2829

Website

Directions",12.806749253494706,100.89059960866679
0x3102bf006a17b423:0xbf4be7ae2687462f,ยิ้มฟันสวย​ ทำฟัน​ จัดฟัน,https://www.google.com/maps/place/%E0%B8%A2%E0%B8%B4%E0%B9%89%E0%B8%A1%E0%B8%9F%E0%B8%B1%E0%B8%99%E0%B8%AA%E0%B8%A7%E0%B8%A2%E2%80%8B+%E0%B8%97%E0%B8%B3%E0%B8%9F%E0%B8%B1%E0%B8%99%E2%80%8B+%E0%B8%88%E0%B8%B1%E0%B8%94%E0%B8%9F%E0%B8%B1%E0%B8%99/data=!4m7!3m6!1s0x3102bf006a17b423:0xbf4be7ae2687462f!8m2!3d13.0217293!4d100.9320556!16s%2Fg%2F11xmftl4gx!19sChIJI7QXagC_AjERL0aHJq7nS78?authuser=0&hl=en&rclk=1,5.0,4,,Dental clinic,5 ต วรกิจ5พลาซ่า,Permanently closed · +66 65 589 1524,"ยิ้มฟันสวย​ ทำฟัน​ จัดฟัน
5.0(4)
Dental clinic · 5 ต วรกิจ5พลาซ่า
Permanently closed · +66 65 589 1524

Directions",13.024990517964312,100.93277936734947
0x31028b7ebe29184d:0x9dd8fa52b703ed59,จุฬาทันตแพทย์,https://www.google.com/maps/place/%E0%B8%88%E0%B8%B8%E0%B8%AC%E0%B8%B2%E0%B8%97%E0%B8%B1%E0%B8%99%E0%B8%95%E0%B9%81%E0%B8%9E%E0%B8%97%E0%B8%A2%E0%B9%8C/data=!4m7!3m6!1s0x31028b7ebe29184d:0x9dd8fa52b703ed59!8m2!3d12.6663902!4d100.9399991!16s%2Fg%2F1hm2dxznt!19sChIJTRgpvn6LAjERWe0Dt1L62J0?authuser=0&hl=en&rclk=1,5.0,159,,Dental clinic,98,Closed · Opens 9 am · +66 62 965 9479,"จุฬาทันตแพทย์
5.0(159)
Dental clinic · 98
Closed · Opens 9 am · +66 62 965 9479

Directions
 
""Dentist was wery carefull and gentle !!""",12.813463884565357,100.90659735150228
0x31028bf258a8d123:0xb1632bbb48f1036,คลินิกครอบครัว ฟ.ฟัน สัตหีบ กม.5,https://www.google.com/maps/place/%E0%B8%84%E0%B8%A5%E0%B8%B4%E0%B8%99%E0%B8%B4%E0%B8%81%E0%B8%84%E0%B8%A3%E0%B8%AD%E0%B8%9A%E0%B8%84%E0%B8%A3%E0%B8%B1%E0%B8%A7+%E0%B8%9F.%E0%B8%9F%E0%B8%B1%E0%B8%99+%E0%B8%AA%E0%B8%B1%E0%B8%95%E0%B8%AB%E0%B8%B5%E0%B8%9A+%E0%B8%81%E0%B8%A1.5/data=!4m7!3m6!1s0x31028bf258a8d123:0xb1632bbb48f1036!8m2!3d12.6661925!4d100.9367221!16s%2Fg%2F1tlqmfct!19sChIJI9GoWPKLAjERNhCPtLsyFgs?authuser=0&hl=en&rclk=1,5.0,392,,Dental clinic,208 ก ตรงข้ามสนามกีฬาสัตหีบ 305-6 (ปาก Sukumvit 107,Closed · Opens 9:30 am · +66 86 356 1414,"คลินิกครอบครัว ฟ.ฟัน สัตหีบ กม.5
5.0(392)
Dental clinic · 208 ก ตรงข้ามสนามกีฬาสัตหีบ 305-6 (ปาก Sukumvit 107
Closed · Opens 9:30 am · +66 86 356 1414

Website

Directions
 
""They are very supportive.""",12.813463884565357,100.90659735150228
0x31028c1ff2586d4d:0xdb8a338dec9cb768,คลินิกทันตแพทย์เฉลิมพล,https://www.google.com/maps/place/%E0%B8%84%E0%B8%A5%E0%B8%B4%E0%B8%99%E0%B8%B4%E0%B8%81%E0%B8%97%E0%B8%B1%E0%B8%99%E0%B8%95%E0%B9%81%E0%B8%9E%E0%B8%97%E0%B8%A2%E0%B9%8C%E0%B9%80%E0%B8%89%E0%B8%A5%E0%B8%B4%E0%B8%A1%E0%B8%9E%E0%B8%A5/data=!4m7!3m6!1s0x31028c1ff2586d4d:0xdb8a338dec9cb768!8m2!3d12.6724652!4d100.9025375!16s%2Fg%2F1hd_skz84!19sChIJTW1Y8h-MAjERaLec7I0zits?authuser=0&hl=en&rclk=1,4.5,11,,Dental clinic,99 33 ม.5 Phatthana Bon Kai Alley,Closed · Opens 10 am · +66 81 294 7836,"คลินิกทันตแพทย์เฉลิมพล
4.5(11)
Dental clinic · 99 33 ม.5 Phatthana Bon Kai Alley
Closed · Opens 10 am · +66 81 294 7836

Website

Directions",12.813463884565357,100.90659735150228
0x3102c7f061cf08cd:0x19df300556b1741b,คลินิกทันตกรรมเดนธ์โซน,https://www.google.com/maps/place/%E0%B8%84%E0%B8%A5%E0%B8%B4%E0%B8%99%E0%B8%B4%E0%B8%81%E0%B8%97%E0%B8%B1%E0%B8%99%E0%B8%95%E0%B8%81%E0%B8%A3%E0%B8%A3%E0%B8%A1%E0%B9%80%E0%B8%94%E0%B8%99%E0%B8%98%E0%B9%8C%E0%B9%82%E0%B8%8B%E0%B8%99/data=!4m7!3m6!1s0x3102c7f061cf08cd:0x19df300556b1741b!8m2!3d13.0793103!4d101.0021836!16s%2Fg%2F11sc7g3f7p!19sChIJzQjPYfDHAjERG3SxVgUw3xk?authuser=0&hl=en&rclk=1,4.7,25,,Dental clinic,138/40-41,Closed · Opens 10 AM · +66 62 514 7944,"คลินิกทันตกรรมเดนธ์โซน
4.7(25)
Dental clinic · 138/40-41
Closed · Opens 10 AM · +66 62 514 7944

Directions",13.049645761794576,100.88711873218728
0x3102f3ecba0d00e7:0xcc502435816b65bb,Smile Dental Clinic - คลินิกทันตกรรมสไมล์ บ้านฉาง,https://www.google.com/maps/place/Smile+Dental+Clinic+-+%E0%B8%84%E0%B8%A5%E0%B8%B4%E0%B8%99%E0%B8%B4%E0%B8%81%E0%B8%97%E0%B8%B1%E0%B8%99%E0%B8%95%E0%B8%81%E0%B8%A3%E0%B8%A3%E0%B8%A1%E0%B8%AA%E0%B9%84%E0%B8%A1%E0%B8%A5%E0%B9%8C+%E0%B8%9A%E0%B9%89%E0%B8%B2%E0%B8%99%E0%B8%89%E0%B8%B2%E0%B8%87/data=!4m7!3m6!1s0x3102f3ecba0d00e7:0xcc502435816b65bb!8m2!3d12.7254214!4d101.0493091!16s%2Fg%2F11rttd17h5!19sChIJ5wANuuzzAjERu2VrgTUkUMw?authuser=0&hl=en&rclk=1,5.0,2,,Dental clinic,1 94,Closed · Opens 10 am · +66 84 295 3559,"Smile Dental Clinic - คลินิกทันตกรรมสไมล์ บ้านฉาง
5.0(2)
Dental clinic · 1 94
Closed · Opens 10 am · +66 84 295 3559

Website

Directions",12.81290174906359,100.94451675493319
0x3102c4782c34a263:0xb3682c83a8a9991a,Maytee Dental Clinic.,https://www.google.com/maps/place/Maytee+Dental+Clinic./data=!4m7!3m6!1s0x3102c4782c34a263:0xb3682c83a8a9991a!8m2!3d13.0290308!4d101.1056819!16s%2Fg%2F1pzrdy2xg!19sChIJY6I0LHjEAjERGpmpqIMsaLM?authuser=0&hl=en&rclk=1,,0,,Dental clinic,"125/52, Tumbol Bowin, Amphoe Sriracha, Chonburi, 20230",,"Maytee Dental Clinic.
No reviews
Dental clinic · 125/52, Tumbol Bowin, Amphoe Sriracha, Chonburi, 20230
+66 81 591 6204

Directions",12.959221173991871,101.01144644662863
0x3102b9207e28bb1b:0x1e2386d30c191fcc,ธนัทคลินิกทันตกรรม Tanut Dental Clinic,https://www.google.com/maps/place/%E0%B8%98%E0%B8%99%E0%B8%B1%E0%B8%97%E0%B8%84%E0%B8%A5%E0%B8%B4%E0%B8%99%E0%B8%B4%E0%B8%81%E0%B8%97%E0%B8%B1%E0%B8%99%E0%B8%95%E0%B8%81%E0%B8%A3%E0%B8%A3%E0%B8%A1+Tanut+Dental+Clinic/data=!4m7!3m6!1s0x3102b9207e28bb1b:0x1e2386d30c191fcc!8m2!3d13.064142!4d101.083906!16s%2Fg%2F11s64lvjfb!19sChIJG7sofiC5AjERzB8ZDNOGIx4?authuser=0&hl=en&rclk=1,5.0,9,,Dental clinic, · 146 21,Closed · Opens 10 am · +66 65 536 1221,"ธนัทคลินิกทันตกรรม Tanut Dental Clinic
5.0(9)
Dental clinic ·  · 146 21
Closed · Opens 10 am · +66 65 536 1221

Directions",12.992142478135907,100.99659391878885
0xa0f3a188ce9a1fd1:0x59172a89a5c7ccc4,Ease dental room,https://www.google.com/maps/place/Ease+dental+room/data=!4m7!3m6!1s0xa0f3a188ce9a1fd1:0x59172a89a5c7ccc4!8m2!3d13.1416425!4d101.0460664!16s%2Fg%2F11svpcqg34!19sChIJ0R-azoih86ARxMzHpYkqF1k?authuser=0&hl=en&rclk=1,5.0,1,,,,Permanently closed · +66 65 724 7499,"Ease dental room
5.0(1)
Dental clinic
Permanently closed · +66 65 724 7499

Website

Directions",13.044070116545011,100.93432324709869
0x3102b70061b1b847:0xf03017387d4a85a7,Yotsuba Dental Crinic,https://www.google.com/maps/place/Yotsuba+Dental+Crinic/data=!4m7!3m6!1s0x3102b70061b1b847:0xf03017387d4a85a7!8m2!3d13.1678756!4d100.9341841!16s%2Fg%2F11c1swk4q7!19sChIJR7ixYQC3AjERp4VKfTgXMPA?authuser=0&hl=en&rclk=1,4.2,20,,Dental clinic,165/2 GoldenCity Khao Taeng On- Huay Yai Phom Soi 1,Opens soon · 9 am · +66 62 569 7727,"Yotsuba Dental Crinic
4.2(20)
Dental clinic · 165/2 GoldenCity Khao Taeng On- Huay Yai Phom Soi 1
Opens soon · 9 am · +66 62 569 7727

Website

Directions
 
""Very good and nice dental clinic.""",13.049876245189655,100.91681579589711
