brand_name,place_id,found_name,rating,reviews,lat,lng,maps_url
LRC Fertility Clinic (แอลอาร์ซี เฟอร์ทิลิตี้ คลินิกเฉพาะทางด้านเวชกรรมสูตินรีเวช),0x30e299139d5a1011:0xaaca39279ea9e558,LRC Fertility Clinic,,,13.7202977,100.5300126,"https://www.google.com/maps/place/LRC+Fertility+Clinic/@13.7202977,100.5300126,17z/data=!3m1!4b1!4m6!3m5!1s0x30e299139d5a1011:0xaaca39279ea9e558!8m2!3d13.7202977!4d100.5300126!16s%2Fg%2F11kry8stzr?entry=ttu&g_ep=EgoyMDI2MDUxNy4wIKXMDSoASAFQAw%3D%3D"
Physiary Clinic (คลินิกเฉพาะทางด้านเวชกรรม สาขาเวชศาสตร์ฟื้นฟู ฟีเซียรี),0x311d6300678bc637:0x67a938f0b271b905,ผลลัพธ์,,,13.8407364,100.6393331,"https://www.google.com/maps/place/Physiary+Clinic+%E0%B8%84%E0%B8%A5%E0%B8%B4%E0%B8%99%E0%B8%B4%E0%B8%81%E0%B9%80%E0%B8%89%E0%B8%9E%E0%B8%B2%E0%B8%B0%E0%B8%97%E0%B8%B2%E0%B8%87%E0%B9%80%E0%B8%A7%E0%B8%8A%E0%B8%A8%E0%B8%B2%E0%B8%AA%E0%B8%95%E0%B8%A3%E0%B9%8C%E0%B8%9F%E0%B8%B7%E0%B9%89%E0%B8%99%E0%B8%9F%E0%B8%B9+%E0%B8%9F%E0%B8%B5%E0%B9%80%E0%B8%8B%E0%B8%B5%E0%B8%A2%E0%B8%A3%E0%B8%B5/@13.7659166,100.5718299,12z/data=!4m10!1m2!2m1!1zUGh5c2lhcnkgQ2xpbmljICjguITguKXguLTguJnguLTguIHguYDguInguJ7guLLguLDguJfguLLguIfguJTguYnguLLguJnguYDguKfguIrguIHguKPguKPguKEg4Liq4Liy4LiC4Liy4LmA4Lin4LiK4Lio4Liy4Liq4LiV4Lij4LmM4Lif4Li34LmJ4LiZ4Lif4Li5IOC4n-C4teC5gOC4i-C4teC4ouC4o-C4tSkgQmFuZ2tvaw!3m6!1s0x311d6300678bc637:0x67a938f0b271b905!8m2!3d13.8407364!4d100.6393331!15sCrgBUGh5c2lhcnkgQ2xpbmljICjguITguKXguLTguJnguLTguIHguYDguInguJ7guLLguLDguJfguLLguIfguJTguYnguLLguJnguYDguKfguIrguIHguKPguKPguKEg4Liq4Liy4LiC4Liy4LmA4Lin4LiK4Lio4Liy4Liq4LiV4Lij4LmM4Lif4Li34LmJ4LiZ4Lif4Li5IOC4n-C4teC5gOC4i-C4teC4ouC4o-C4tSkgQmFuZ2tva1rCASK_AXBoeXNpYXJ5IGNsaW5pYyDguITguKXguLTguJnguLTguIEg4LmA4LiJ4Lie4Liy4LiwIOC4l-C4suC4hyDguJTguYnguLLguJkg4LmA4Lin4LiK4LiB4Lij4Lij4LihIOC4quC4suC4guC4siDguYDguKfguIrguKjguLLguKrguJXguKPguYwg4Lif4Li34LmJ4LiZ4Lif4Li5IOC4n-C4tSDguYDguIvguLUg4LiiIOC4o-C4tSBiYW5na29rkgEObWVkaWNhbF9jZW50ZXKaAURDaTlEUVVsUlFVTnZaRU5vZEhsalJqbHZUMnBDUTFkSVZsTmliRUpOVFd0a1dGSkljRVpqTVU0MVpVZFdXVTB5WXhBQuABAPoBBAg4ECo!16s%2Fg%2F11m6gxdq4z?entry=ttu&g_ep=EgoyMDI2MDUxMy4wIKXMDSoASAFQAw%3D%3D"
MENdical Clinic (เมนดีคอล คลินิกเฉพาะทางด้านเวชกรรมศัลยศาสตร์ยูโรวิทยา),0x30e297b6eaed6a0d:0xd005092e2de2936c,ผลลัพธ์,,,13.7556133,100.3986685,"https://www.google.com/maps/place/MENdical+Clinic+%E0%B9%80%E0%B8%A1%E0%B8%99%E0%B8%94%E0%B8%B5%E0%B8%84%E0%B8%AD%E0%B8%A5+%E0%B8%84%E0%B8%A5%E0%B8%B4%E0%B8%99%E0%B8%B4%E0%B8%81%E0%B9%80%E0%B8%89%E0%B8%9E%E0%B8%B2%E0%B8%B0%E0%B8%97%E0%B8%B2%E0%B8%87%E0%B9%80%E0%B8%A7%E0%B8%8A%E0%B8%81%E0%B8%A3%E0%B8%A3%E0%B8%A1%E0%B8%A8%E0%B8%B1%E0%B8%A5%E0%B8%A2%E0%B8%A8%E0%B8%B2%E0%B8%AA%E0%B8%95%E0%B8%A3%E0%B9%8C%E0%B8%A2%E0%B8%B9%E0%B9%82%E0%B8%A3%E0%B8%A7%E0%B8%B4%E0%B8%97%E0%B8%A2%E0%B8%B2/@13.7556133,100.2544729,12z/data=!4m10!1m2!2m1!1zTUVOZGljYWwgQ2xpbmljICjguYDguKHguJnguJTguLXguITguK3guKUg4LiE4Lil4Li04LiZ4Li04LiB4LmA4LiJ4Lie4Liy4Liw4LiX4Liy4LiH4LiU4LmJ4Liy4LiZ4LmA4Lin4LiK4LiB4Lij4Lij4Lih4Lio4Lix4Lil4Lii4Lio4Liy4Liq4LiV4Lij4LmM4Lii4Li54LmC4Lij4Lin4Li04LiX4Lii4LiyKSBCYW5na29r!3m6!1s0x30e297b6eaed6a0d:0xd005092e2de2936c!8m2!3d13.7556133!4d100.3986685!15sCrYBTUVkaWNhbCBDbGluaWMgKOC5gOC4oeC4meC4lOC4teC4hOC4reC4pSDguITguKXguLTguJnguLTguIHguYDguInguJ7guLLguLDguJfguLLguIfguJTguYnguLLguJnguYDguKfguIrguIHguKPguKPguKHguKjguLHguKXguKLguKjguLLguKrguJXguKPguYzguKLguLnguYLguKPguKfguLTguJfguKLguLIpIEJhbmdrb2tawQEivgFtZWRpY2FsIGNsaW5pYyDguYDguKHguJkg4LiU4Li1IOC4hOC4rSDguKUg4LiE4Lil4Li04LiZ4Li04LiBIOC5gOC4ieC4nuC4suC4sCDguJfguLLguIcg4LiU4LmJ4Liy4LiZIOC5gOC4p-C4iuC4geC4o-C4o-C4oSDguKjguLHguKXguKLguKjguLLguKrguJXguKPguYwg4Lii4Li54LmC4LijIOC4p-C4tOC4l-C4ouC4siBiYW5na29rkgEOdXJvbG9neV9jbGluaWOaAURDaTlEUVVsUlFVTnZaRU5vZEhsalJqbHZUMnhWTlZWcWJIQlhSa0V5VlVVNU1GZ3paREZsU0VKSllWZHNTMVZyUlJBQuABAPoBBAgAECg!16s%2Fg%2F11y0zw1c_f?entry=ttu&g_ep=EgoyMDI2MDUxNy4wIKXMDSoASAFQAw%3D%3D"
ปลื้มปิติ คลินิกสูตินรีเวช โดยแพทย์เฉพาะทาง MFM (ปลื้มปิติ สหคลินิก),0x30e291d4a2a79245:0xb64d1642df1c0512,ผลลัพธ์,,,13.8549028,100.4387837,"https://www.google.com/maps/place/%E0%B8%9B%E0%B8%A5%E0%B8%B7%E0%B9%89%E0%B8%A1%E0%B8%9B%E0%B8%B4%E0%B8%95%E0%B8%B4+%E0%B8%AA%E0%B8%AB%E0%B8%84%E0%B8%A5%E0%B8%B4%E0%B8%99%E0%B8%B4%E0%B8%81+(+%E0%B8%AA%E0%B8%B9%E0%B8%95%E0%B8%B4%E0%B8%99%E0%B8%A3%E0%B8%B5%E0%B9%80%E0%B8%A7%E0%B8%8A+%E0%B8%9D%E0%B8%B2%E0%B8%81%E0%B8%84%E0%B8%A3%E0%B8%A3%E0%B8%A0%E0%B9%8C+%E0%B8%9A%E0%B8%B2%E0%B8%87%E0%B9%83%E0%B8%AB%E0%B8%8D%E0%B9%88+%E0%B9%82%E0%B8%94%E0%B8%A2%E0%B9%81%E0%B8%9E%E0%B8%97%E0%B8%A2%E0%B9%8C+MFM+)/@13.8549028,100.4342776,17z/data=!4m10!1m2!2m1!1z4Lib4Lil4Li34LmJ4Lih4Lib4Li04LiV4Li0IOC4hOC4peC4tOC4meC4tOC4geC4quC4ueC4leC4tOC4meC4o-C4teC5gOC4p-C4iiDguYLguJTguKLguYHguJ7guJfguKLguYzguYDguInguJ7guLLguLDguJfguLLguIcgTUZNICjguJvguKXguLfguYnguKHguJvguLTguJXguLQg4Liq4Lir4LiE4Lil4Li04LiZ4Li04LiBKSBCYW5na29r!3m6!1s0x30e291d4a2a79245:0xb64d1642df1c0512!8m2!3d13.8549028!4d100.4387837!15sCsAB4Lib4Lil4Li34LmJ4Lih4Lib4Li04LiV4Li0IOC4hOC4peC4tOC4meC4tOC4geC4quC4ueC4leC4tOC4meC4o-C4teC5gOC4p-C4iiDguYLguJTguKLguYHguJ7guJfguKLguYzguYDguInguJ7guLLguLDguJfguLLguIcgTUZNICjguJvguKXguLfguYnguKHguJvguLTguJXguLQg4Liq4Lir4LiE4Lil4Li04LiZ4Li04LiBKSBCYW5na29rWskBIsYB4Lib4Lil4Li34LmJ4LihIOC4m-C4tOC4leC4tCDguITguKXguLTguJnguLTguIEg4Liq4Li54LiV4Li0IOC4meC4o-C4teC5gOC4p-C4iiDguYLguJTguKIg4LmB4Lie4LiX4Lii4LmMIOC5gOC4ieC4nuC4suC4sCDguJfguLLguIcgbWZtIOC4m-C4peC4t-C5ieC4oSDguJvguLTguJXguLQg4Liq4LirIOC4hOC4peC4tOC4meC4tOC4gSBiYW5na29rkgEMZ3luZWNvbG9naXN0mgFEQ2k5RFFVbFJRVU52WkVOb2RIbGpSamx2VDJ0MFVsRlliRk5TV0dSWldWWkNUVkpHV1hoaVZUbDJVV3BPVEV4WFl4QULgAQD6AQQIABA9!16s%2Fg%2F11vblndfmf?entry=ttu&g_ep=EgoyMDI2MDUxNy4wIKXMDSoASAFQAw%3D%3D"
VAANAA LONGEVITY BANGSAEN (วาณา ลองจีวิตี้ (บางแสน) คลินิกเวชกรรม),0x30e29f443c114587:0xd737bdd1a9e6391,VAANAA Longevity Center,,,13.7044027,100.5448287,"https://www.google.com/maps/place/VAANAA+Longevity+Center/@13.7044027,100.2564376,11z/data=!4m10!1m2!2m1!1zVkFBTkFBIExPTkdFVklUWSBCQU5HU0FFTiAo4Lin4Liy4LiT4LiyIOC4peC4reC4h-C4iOC4teC4p-C4tOC4leC4teC5iSAo4Lia4Liy4LiH4LmB4Liq4LiZKSDguITguKXguLTguJnguLTguIHguYDguKfguIrguIHguKPguKPguKEpIEJhbmdrb2s!3m6!1s0x30e29f443c114587:0xd737bdd1a9e6391!8m2!3d13.7044027!4d100.5448287!15sCowBVkFBTkFBIExPTkdFVklUWSBCQU5HU0FFTiAo4Lin4Liy4LiT4LiyIOC4peC4reC4h-C4iOC4teC4p-C4tOC4leC4teC5iSAo4Lia4Liy4LiH4LmB4Liq4LiZKSDguITguKXguLTguJnguLTguIHguYDguKfguIrguIHguKPguKPguKEpIEJhbmdrb2takQEijgF2YWFuYWEgbG9uZ2V2aXR5IGJhbmdzYWVuIOC4p-C4siDguJPguLIg4Lil4Lit4LiHIOC4iOC4tSDguKfguLQg4LiV4Li14LmJIOC4muC4suC4hyDguYHguKrguJkg4LiE4Lil4Li04LiZ4Li04LiBIOC5gOC4p-C4iuC4geC4o-C4o-C4oSBiYW5na29rkgEObWVkaWNhbF9jbGluaWOaAURDaTlEUVVsUlFVTnZaRU5vZEhsalJqbHZUMnRhUjFKc1NsbGpNbVJSVDFob1psb3hUa3BsUjJONlYyMHhkR0pYWXhBQuABAPoBBAgAEA4!16s%2Fg%2F11f088ytc3?entry=ttu&g_ep=EgoyMDI2MDUxNy4wIKXMDSoASAFQAw%3D%3D"
Emalice Clinic เอมมาลิสคลินิก เฉพาะทางด้านเวชกรรมสูตินรีเวช,0x30e29d94e157ec3d:0xfa694ec7db117b82,ผลลัพธ์,,,13.8698607,100.5590097,"https://www.google.com/maps/place/Emalice+Clinic+%E0%B9%80%E0%B8%AD%E0%B8%A1%E0%B8%A1%E0%B8%B2%E0%B8%A5%E0%B8%B4%E0%B8%AA%E0%B8%84%E0%B8%A5%E0%B8%B4%E0%B8%99%E0%B8%B4%E0%B8%81/@13.8698607,100.4148141,12z/data=!4m10!1m2!2m1!1zRW1hbGljZSBDbGluaWMg4LmA4Lit4Lih4Lih4Liy4Lil4Li04Liq4LiE4Lil4Li04LiZ4Li04LiBIOC5gOC4ieC4nuC4suC4sOC4l-C4suC4h-C4lOC5ieC4suC4meC5gOC4p-C4iuC4geC4o-C4o-C4oeC4quC4ueC4leC4tOC4meC4o-C4teC5gOC4p-C4iiBCYW5na29r!3m6!1s0x30e29d94e157ec3d:0xfa694ec7db117b82!8m2!3d13.8698607!4d100.5590097!15sCpkBRW1hbGljZSBDbGluaWMg4LmA4Lit4Lih4Lih4Liy4Lil4Li04Liq4LiE4Lil4Li04LiZ4Li04LiBIOC5gOC4ieC4nuC4suC4sOC4l-C4suC4h-C4lOC5ieC4suC4meC5gOC4p-C4iuC4geC4o-C4o-C4oeC4quC4ueC4leC4tOC4meC4o-C4teC5gOC4p-C4iiBCYW5na29rWqUBIqIBZW1hbGljZSBjbGluaWMg4LmA4Lit4LihIOC4oeC4siDguKXguLQg4LiqIOC4hOC4peC4tOC4meC4tOC4gSDguYDguInguJ7guLLguLAg4LiX4Liy4LiHIOC4lOC5ieC4suC4mSDguYDguKfguIrguIHguKPguKPguKEg4Liq4Li54LiV4Li0IOC4meC4o-C4teC5gOC4p-C4iiBiYW5na29rkgEMZ3luZWNvbG9naXN0mgEjQ2haRFNVaE5NRzluUzBWSlEwRm5TVVJmY21VMlkyVkJFQUXgAQD6AQQIFBBN!16s%2Fg%2F11y609jcny?entry=ttu&g_ep=EgoyMDI2MDUxMy4wIKXMDSoASAFQAw%3D%3D"
Beyond IVF by Fertility Associates (เมโกะพระราม 2 สหคลินิก),0x30e2a3baa81ab28f:0x8d3dde06cac5f0e1,ศูนย์รักษาผู้มีบุตรยาก Beyond IVF by Fertility Associates (สาขาพระราม2),,,13.6802671,100.4687413,"https://www.google.com/maps/place/%E0%B8%A8%E0%B8%B9%E0%B8%99%E0%B8%A2%E0%B9%8C%E0%B8%A3%E0%B8%B1%E0%B8%81%E0%B8%A9%E0%B8%B2%E0%B8%9C%E0%B8%B9%E0%B9%89%E0%B8%A1%E0%B8%B5%E0%B8%9A%E0%B8%B8%E0%B8%95%E0%B8%A3%E0%B8%A2%E0%B8%B2%E0%B8%81+Beyond+IVF+by+Fertility+Associates+(%E0%B8%AA%E0%B8%B2%E0%B8%82%E0%B8%B2%E0%B8%9E%E0%B8%A3%E0%B8%B0%E0%B8%A3%E0%B8%B2%E0%B8%A12)/@13.6802671,100.4687413,17z/data=!3m1!4b1!4m6!3m5!1s0x30e2a3baa81ab28f:0x8d3dde06cac5f0e1!8m2!3d13.6802671!4d100.4687413!16s%2Fg%2F11h3g3ybbb?entry=ttu&g_ep=EgoyMDI2MDUxNy4wIKXMDSoASAFQAw%3D%3D"
Le Chapel Wellness and Spa (เลอ ชาเปล เวลเนส แอนด์ สปา),0x30e29d78a5bdadeb:0xe732c0e84e0f062e,LE CHAPEL WELLNESS AND SPA - เลอ ชาเปล เวลเนส แอนด์ สปา,,,13.8109688,100.60973,"https://www.google.com/maps/place/LE+CHAPEL+WELLNESS+AND+SPA+-+%E0%B9%80%E0%B8%A5%E0%B8%AD+%E0%B8%8A%E0%B8%B2%E0%B9%80%E0%B8%9B%E0%B8%A5+%E0%B9%80%E0%B8%A7%E0%B8%A5%E0%B9%80%E0%B8%99%E0%B8%AA+%E0%B9%81%E0%B8%AD%E0%B8%99%E0%B8%94%E0%B9%8C+%E0%B8%AA%E0%B8%9B%E0%B8%B2/@13.8109688,100.60973,17z/data=!3m1!4b1!4m6!3m5!1s0x30e29d78a5bdadeb:0xe732c0e84e0f062e!8m2!3d13.8109688!4d100.60973!16s%2Fg%2F11svdgx1fg?entry=ttu&g_ep=EgoyMDI2MDUxNy4wIKXMDSoASAFQAw%3D%3D"
Laliza Clinic (ลลิษาคลินิกเฉพาะทางด้านเวชกรรมสาขาตจวิทยา),0x311d631084afa9d5:0x109a281ed065bf08,ผลลัพธ์,,,13.8264621,100.6766344,"https://www.google.com/maps/place/Laliza+Clinic+The+Promenade+(%E0%B8%84%E0%B8%A5%E0%B8%B4%E0%B8%99%E0%B8%B4%E0%B8%81%E0%B8%9C%E0%B8%B4%E0%B8%A7%E0%B8%AB%E0%B8%99%E0%B8%B1%E0%B8%87%E0%B8%A5%E0%B8%A5%E0%B8%B4%E0%B8%A9%E0%B8%B2+%E0%B8%AA%E0%B8%B2%E0%B8%82%E0%B8%B2%E0%B9%80%E0%B8%94%E0%B8%AD%E0%B8%B0+%E0%B8%9E%E0%B8%A3%E0%B8%AD%E0%B8%A1%E0%B8%B2%E0%B8%99%E0%B8%B2%E0%B8%94)/@13.8295204,100.5440047,11z/data=!4m10!1m2!2m1!1zTGFsaXphIENsaW5pYyAo4Lil4Lil4Li04Lip4Liy4LiE4Lil4Li04LiZ4Li04LiB4LmA4LiJ4Lie4Liy4Liw4LiX4Liy4LiH4LiU4LmJ4Liy4LiZ4LmA4Lin4LiK4LiB4Lij4Lij4Lih4Liq4Liy4LiC4Liy4LiV4LiI4Lin4Li04LiX4Lii4LiyKSBCYW5na29r!3m6!1s0x311d631084afa9d5:0x109a281ed065bf08!8m2!3d13.8264621!4d100.6766344!15sCpMBTGFsaXphIENsaW5pYyAo4Lil4Lil4Li04Lip4Liy4LiE4Lil4Li04LiZ4Li04LiB4LmA4LiJ4Lie4Liy4Liw4LiX4Liy4LiH4LiU4LmJ4Liy4LiZ4LmA4Lin4LiK4LiB4Lij4Lij4Lih4Liq4Liy4LiC4Liy4LiV4LiI4Lin4Li04LiX4Lii4LiyKSBCYW5na29rWp8BIpwBbGFsaXphIGNsaW5pYyDguKUg4Lil4Li0IOC4qeC4siDguITguKXguLTguJnguLTguIEg4LmA4LiJ4Lie4Liy4LiwIOC4l-C4suC4hyDguJTguYnguLLguJkg4LmA4Lin4LiK4LiB4Lij4Lij4LihIOC4quC4suC4guC4siDguJUg4LiIIOC4p-C4tOC4l-C4ouC4siBiYW5na29rkgEQc2tpbl9jYXJlX2NsaW5pY5oBRENpOURRVWxSUVVOdlpFTm9kSGxqUmpsdlQyNWtjRmt6V2xobFIyaFBZbGQ0YW1KVmJFWmtSekZKWXpOYU1WWllZeEFC4AEA-gEFCJ8CEDo!16s%2Fg%2F11y_qmjypx?entry=ttu&g_ep=EgoyMDI2MDUxMy4wIKXMDSoASAFQAw%3D%3D"
โรงพยาบาลเกษมราษฎร์ อินเตอร์เนชั่นแนล รัตนาธิเบศร์,0x30e28fd93c205ebb:0x4e85034bcdc98392,ผลลัพธ์,,,13.8810007,100.4098537,"https://www.google.com/maps/place/%E0%B9%82%E0%B8%A3%E0%B8%87%E0%B8%9E%E0%B8%A2%E0%B8%B2%E0%B8%9A%E0%B8%B2%E0%B8%A5%E0%B9%80%E0%B8%81%E0%B8%A9%E0%B8%A1%E0%B8%A3%E0%B8%B2%E0%B8%A9%E0%B8%8F%E0%B8%A3%E0%B9%8C+%E0%B8%AD%E0%B8%B4%E0%B8%99%E0%B9%80%E0%B8%95%E0%B8%AD%E0%B8%A3%E0%B9%8C%E0%B9%80%E0%B8%99%E0%B8%8A%E0%B8%B1%E0%B9%88%E0%B8%99%E0%B9%81%E0%B8%99%E0%B8%A5+%E0%B8%A3%E0%B8%B1%E0%B8%95%E0%B8%99%E0%B8%B2%E0%B8%98%E0%B8%B4%E0%B9%80%E0%B8%9A%E0%B8%A8%E0%B8%A3%E0%B9%8C/@13.8810007,100.4008415,16z/data=!4m10!1m2!2m1!1z4LmC4Lij4LiH4Lie4Lii4Liy4Lia4Liy4Lil4LmA4LiB4Lip4Lih4Lij4Liy4Lip4LiO4Lij4LmMIOC4reC4tOC4meC5gOC4leC4reC4o-C5jOC5gOC4meC4iuC4seC5iOC4meC5geC4meC4pSDguKPguLHguJXguJnguLLguJjguLTguYDguJrguKjguKPguYwgQmFuZ2tvaw!3m6!1s0x30e28fd93c205ebb:0x4e85034bcdc98392!8m2!3d13.8810007!4d100.4098537!15sCpoB4LmC4Lij4LiH4Lie4Lii4Liy4Lia4Liy4Lil4LmA4LiB4Lip4Lih4Lij4Liy4Lip4LiO4Lij4LmMIOC4reC4tOC4meC5gOC4leC4reC4o-C5jOC5gOC4meC4iuC4seC5iOC4meC5geC4meC4pSDguKPguLHguJXguJnguLLguJjguLTguYDguJrguKjguKPguYwgQmFuZ2tva1qhASKeAeC5guC4o-C4hyDguJ7guKLguLLguJrguLLguKUg4LmA4LiB4Lip4LihIOC4o-C4suC4qeC4juC4o-C5jCDguK3guLTguJnguYDguJXguK3guKPguYwg4LmA4LiZ4LiK4Lix4LmI4LiZ4LmB4LiZ4LilIOC4o-C4seC4leC4meC4suC4mOC4tOC5gOC4muC4qOC4o-C5jCBiYW5na29rkgEQcHJpdmF0ZV9ob3NwaXRhbJoBI0NoWkRTVWhOTUc5blMwVkpRMEZuU1VSa05UVk1UMHRCRUFF4AEA-gEFCP8BEE8!16s%2Fg%2F11dfgt4t5b?entry=ttu&g_ep=EgoyMDI2MDUxNy4wIKXMDSoASAFQAw%3D%3D"
ศูนย์รักษาโรคปวดหลังเรื้อรัง หมอแวร์สมิงสหคลินิก,0x311d60767ab4e743:0x212326bd6fad5be0,ศูนย์รักษาไมเกรนและโรคปวดหลังเรื้อรัง คลินิกหมอแวร์สมิง,,,13.6861735,100.64847,"https://www.google.com/maps/place/%E0%B8%A8%E0%B8%B9%E0%B8%99%E0%B8%A2%E0%B9%8C%E0%B8%A3%E0%B8%B1%E0%B8%81%E0%B8%A9%E0%B8%B2%E0%B9%84%E0%B8%A1%E0%B9%80%E0%B8%81%E0%B8%A3%E0%B8%99%E0%B9%81%E0%B8%A5%E0%B8%B0%E0%B9%82%E0%B8%A3%E0%B8%84%E0%B8%9B%E0%B8%A7%E0%B8%94%E0%B8%AB%E0%B8%A5%E0%B8%B1%E0%B8%87%E0%B9%80%E0%B8%A3%E0%B8%B7%E0%B9%89%E0%B8%AD%E0%B8%A3%E0%B8%B1%E0%B8%87+%E0%B8%84%E0%B8%A5%E0%B8%B4%E0%B8%99%E0%B8%B4%E0%B8%81%E0%B8%AB%E0%B8%A1%E0%B8%AD%E0%B9%81%E0%B8%A7%E0%B8%A3%E0%B9%8C%E0%B8%AA%E0%B8%A1%E0%B8%B4%E0%B8%87/@13.6861735,100.64847,17z/data=!3m1!4b1!4m6!3m5!1s0x311d60767ab4e743:0x212326bd6fad5be0!8m2!3d13.6861735!4d100.64847!16s%2Fg%2F11bzv88pc4?entry=ttu&g_ep=EgoyMDI2MDUxNy4wIKXMDSoASAFQAw%3D%3D"
Oracle Clinic Thailand (โอราเคิลคลินิกเวชกรรม),0x30e29fa7b651b779:0xa16b0ba4ee9c001a,ผลลัพธ์,,,13.728343,100.5810975,"https://www.google.com/maps/place/Oracle+Clinic+Thailand+(%E0%B8%AA%E0%B8%B2%E0%B8%82%E0%B8%B2%E0%B8%A1%E0%B8%B2%E0%B8%A3%E0%B9%8C%E0%B9%80%E0%B8%8A%E0%B9%88+%E0%B8%97%E0%B8%AD%E0%B8%87%E0%B8%AB%E0%B8%A5%E0%B9%88%E0%B8%AD)/@13.7138777,100.5038423,12z/data=!4m10!1m2!2m1!1zT3JhY2xlIENsaW5pYyBUaGFpbGFuZCAo4LmC4Lit4Lij4Liy4LmA4LiE4Li04Lil4LiE4Lil4Li04LiZ4Li04LiB4LmA4Lin4LiK4LiB4Lij4Lij4LihKSBCYW5na29r!3m6!1s0x30e29fa7b651b779:0xa16b0ba4ee9c001a!8m2!3d13.728343!4d100.5810975!15sCmBPcmFjbGUgQ2xpbmljIFRoYWlsYW5kICjguYLguK3guKPguLLguYDguITguLTguKXguITguKXguLTguJnguLTguIHguYDguKfguIrguIHguKPguKPguKEpIEJhbmdrb2taZSJjb3JhY2xlIGNsaW5pYyB0aGFpbGFuZCDguYLguK0g4Lij4LiyIOC5gOC4hOC4tCDguKUg4LiE4Lil4Li04LiZ4Li04LiBIOC5gOC4p-C4iuC4geC4o-C4o-C4oSBiYW5na29rkgEMYmVhdXR5X3NhbG9umgEkQ2hkRFNVaE5NRzluUzBWSlEwRm5TVU55YlRoSFJ6WjNSUkFC4AEA-gEECAAQOg!16s%2Fg%2F11vscwqn05?entry=ttu&g_ep=EgoyMDI2MDUxMy4wIKXMDSoASAFQAw%3D%3D"
DermaPride Clinics (เดอร์มาไพรด์ คลินิกเวชกรรม),0x311d7dddb6e26b35:0x64b201d4323543d,DermaPride Clinics,,,13.8792187,100.6440928,"https://www.google.com/maps/place/DermaPride+Clinics/@13.8792187,100.6440928,17z/data=!3m1!4b1!4m6!3m5!1s0x311d7dddb6e26b35:0x64b201d4323543d!8m2!3d13.8792187!4d100.6440928!16s%2Fg%2F11gk37lx5z?entry=ttu&g_ep=EgoyMDI2MDUxNy4wIKXMDSoASAFQAw%3D%3D"
Dermatige Aesthetics (ดีแมททีจคลินิกเวชกรรม),0x311d63dd222eacf5:0x72276dbf3462c185,ผลลัพธ์,,,13.8121196,100.6197191,"https://www.google.com/maps/place/Dermatige+Aesthetics+%E0%B8%AA%E0%B8%B2%E0%B8%82%E0%B8%B2+%E0%B9%80%E0%B8%94%E0%B8%AD%E0%B8%B0%E0%B8%84%E0%B8%A3%E0%B8%B4%E0%B8%AA%E0%B8%95%E0%B8%B1%E0%B8%A5+%E0%B9%80%E0%B8%AD%E0%B8%81%E0%B8%A1%E0%B8%B1%E0%B8%A2-%E0%B8%A3%E0%B8%B2%E0%B8%A1%E0%B8%AD%E0%B8%B4%E0%B8%99%E0%B8%97%E0%B8%A3%E0%B8%B2/@13.7380648,100.5361569,12z/data=!4m10!1m2!2m1!1zRGVybWF0aWdlIEFlc3RoZXRpY3MgKOC4lOC4teC5geC4oeC4l-C4l-C4teC4iOC4hOC4peC4tOC4meC4tOC4geC5gOC4p-C4iuC4geC4o-C4o-C4oSkgQmFuZ2tvaw!3m6!1s0x311d63dd222eacf5:0x72276dbf3462c185!8m2!3d13.8121196!4d100.6197191!15sCl5EZXJtYXRpZ2UgQWVzdGhldGljcyAo4LiU4Li14LmB4Lih4LiX4LiX4Li14LiI4LiE4Lil4Li04LiZ4Li04LiB4LmA4Lin4LiK4LiB4Lij4Lij4LihKSBCYW5na29rWmQiYmRlcm1hdGlnZSBhZXN0aGV0aWNzIOC4lOC4tSDguYHguKEg4LiXIOC4l-C4tSDguIgg4LiE4Lil4Li04LiZ4Li04LiBIOC5gOC4p-C4iuC4geC4o-C4o-C4oSBiYW5na29rkgEMYmVhdXR5X3NhbG9umgEkQ2hkRFNVaE5NRzluUzBWSlEwRm5UVVJ2TWpZM016Vm5SUkFC4AEA-gEECAAQQQ!16s%2Fg%2F11x1_8x4np?entry=ttu&g_ep=EgoyMDI2MDUxNy4wIKXMDSoASAFQAw%3D%3D"
MRC ศูนย์ฟื้นฟูสุขภาพ และศูนย์ดูแลผู้สูงอายุ,0x311d63d2dbf9cc45:0xac0f4fda495dc5a1,MRC ศูนย์ฟื้นฟูสุขภาพและศูนย์ดูแลผู้สูงอายุ,,,13.7964281,100.6489019,"https://www.google.com/maps/place/MRC+%E0%B8%A8%E0%B8%B9%E0%B8%99%E0%B8%A2%E0%B9%8C%E0%B8%9F%E0%B8%B7%E0%B9%89%E0%B8%99%E0%B8%9F%E0%B8%B9%E0%B8%AA%E0%B8%B8%E0%B8%82%E0%B8%A0%E0%B8%B2%E0%B8%9E%E0%B9%81%E0%B8%A5%E0%B8%B0%E0%B8%A8%E0%B8%B9%E0%B8%99%E0%B8%A2%E0%B9%8C%E0%B8%94%E0%B8%B9%E0%B9%81%E0%B8%A5%E0%B8%9C%E0%B8%B9%E0%B9%89%E0%B8%AA%E0%B8%B9%E0%B8%87%E0%B8%AD%E0%B8%B2%E0%B8%A2%E0%B8%B8/@13.7964281,100.6489019,17z/data=!3m1!4b1!4m6!3m5!1s0x311d63d2dbf9cc45:0xac0f4fda495dc5a1!8m2!3d13.7964281!4d100.6489019!16s%2Fg%2F11q1tbt22t?entry=ttu&g_ep=EgoyMDI2MDUxMy4wIKXMDSoASAFQAw%3D%3D"
Seoa Wellness Clinic (โซอา คลินิกเวชกรรม),0x30e29f00118fd4e1:0x92a6611d5543166c,Seoa wellness clinic(โซอา คลินิก),,,13.7193118,100.5847351,"https://www.google.com/maps/place/Seoa+wellness+clinic(%E0%B9%82%E0%B8%8B%E0%B8%AD%E0%B8%B2+%E0%B8%84%E0%B8%A5%E0%B8%B4%E0%B8%99%E0%B8%B4%E0%B8%81)/@13.7193118,100.5847351,17z/data=!3m1!4b1!4m6!3m5!1s0x30e29f00118fd4e1:0x92a6611d5543166c!8m2!3d13.7193118!4d100.5847351!16s%2Fg%2F11x8g9rnr3?entry=ttu&g_ep=EgoyMDI2MDUxMy4wIKXMDSoASAFQAw%3D%3D"
Nova Medical Clinic (โนว่าคลินิกเวชกรรม),0x30e29b2c382d4aa7:0x4d9279d7ee55eae1,ผลลัพธ์,,,13.8617026,100.5002324,"https://www.google.com/maps/place/Nova+Medical+Clinic+by+Dr.Mai/@13.7975058,100.5636483,12z/data=!4m10!1m2!2m1!1zTm92YSBNZWRpY2FsIENsaW5pYyAo4LmC4LiZ4Lin4LmI4Liy4LiE4Lil4Li04LiZ4Li04LiB4LmA4Lin4LiK4LiB4Lij4Lij4LihKSBCYW5na29r!3m6!1s0x30e29b2c382d4aa7:0x4d9279d7ee55eae1!8m2!3d13.8617026!4d100.5002324!15sClROb3ZhIE1lZGljYWwgQ2xpbmljICjguYLguJnguKfguYjguLLguITguKXguLTguJnguLTguIHguYDguKfguIrguIHguKPguKPguKEpIEJhbmdrb2taVyJVbm92YSBtZWRpY2FsIGNsaW5pYyDguYLguJkg4Lin4LmI4LiyIOC4hOC4peC4tOC4meC4tOC4gSDguYDguKfguIrguIHguKPguKPguKEgYmFuZ2tva5IBFnBsYXN0aWNfc3VyZ2VyeV9jbGluaWOaASRDaGREU1VoTk1HOW5TMFZKUTBGblNVTkVkVFJQUlhkUlJSQULgAQD6AQQIRxBE!16s%2Fg%2F11t7xtjr4z?entry=ttu&g_ep=EgoyMDI2MDUxMy4wIKXMDSoASAFQAw%3D%3D"
โรงพยาบาลวิชัยเวช อินเตอร์เนชั่นแนล หนองแขม,0x30e2bd88ff54119f:0xfc5d9b94244029d6,โรงพยาบาลวิชัยเวช อินเตอร์เนชั่นแนล หนองแขม,,,13.7074691,100.3606769,"https://www.google.com/maps/place/%E0%B9%82%E0%B8%A3%E0%B8%87%E0%B8%9E%E0%B8%A2%E0%B8%B2%E0%B8%9A%E0%B8%B2%E0%B8%A5%E0%B8%A7%E0%B8%B4%E0%B8%8A%E0%B8%B1%E0%B8%A2%E0%B9%80%E0%B8%A7%E0%B8%8A+%E0%B8%AD%E0%B8%B4%E0%B8%99%E0%B9%80%E0%B8%95%E0%B8%AD%E0%B8%A3%E0%B9%8C%E0%B9%80%E0%B8%99%E0%B8%8A%E0%B8%B1%E0%B9%88%E0%B8%99%E0%B9%81%E0%B8%99%E0%B8%A5+%E0%B8%AB%E0%B8%99%E0%B8%AD%E0%B8%87%E0%B9%81%E0%B8%82%E0%B8%A1/@13.7074691,100.3606769,17z/data=!3m1!4b1!4m6!3m5!1s0x30e2bd88ff54119f:0xfc5d9b94244029d6!8m2!3d13.7074691!4d100.3606769!16s%2Fg%2F1tdd7913?entry=ttu&g_ep=EgoyMDI2MDUxNy4wIKXMDSoASAFQAw%3D%3D"
AQUA BKK Aesthetic u0026 Wellness Clinic,0x30e29ff2db2be5b1:0x85d758f391462d46,AQUA BKK Aesthetic & Wellness Clinic,,,13.7334138,100.582211,"https://www.google.com/maps/place/AQUA+BKK+Aesthetic+%26+Wellness+Clinic/@13.7334138,100.582211,17z/data=!3m1!4b1!4m6!3m5!1s0x30e29ff2db2be5b1:0x85d758f391462d46!8m2!3d13.7334138!4d100.582211!16s%2Fg%2F11vpf3b1s8?entry=ttu&g_ep=EgoyMDI2MDUxMy4wIKXMDSoASAFQAw%3D%3D"
The Fit Clinic (เดอะฟิต คลินิกเวชกรรม),0x30e29f6a079feaed:0x4e197b5b659c400,,,,13.7313328,100.5665538,"https://www.google.com/maps/place/The+Fit+Clinic/@13.7313328,100.4223582,12z/data=!4m10!1m2!2m1!1zVGhlIEZpdCBDbGluaWMgKOC5gOC4lOC4reC4sOC4n-C4tOC4lSDguITguKXguLTguJnguLTguIHguYDguKfguIrguIHguKPguKPguKEpIEJhbmdrb2s!3m6!1s0x30e29f6a079feaed:0x4e197b5b659c400!8m2!3d13.7313328!4d100.5665538!15sClZUaGUgRml0IENsaW5pYyAo4LmA4LiU4Lit4Liw4Lif4Li04LiVIOC4hOC4peC4tOC4meC4tOC4geC5gOC4p-C4iuC4geC4o-C4o-C4oSkgQmFuZ2tva1pYIlZ0aGUgZml0IGNsaW5pYyDguYDguJTguK3guLAg4Lif4Li04LiVIOC4hOC4peC4tOC4meC4tOC4gSDguYDguKfguIrguIHguKPguKPguKEgYmFuZ2tva5IBEWd5bmVjb2xvZ2lzdF9vbmx54AEA!16s%2Fg%2F11yc6d2fxj?entry=ttu&g_ep=EgoyMDI2MDUxMy4wIKXMDSoASAFQAw%3D%3D"
Lullalita Clinic (ลัลลลิตาคลินิกเวชกรรม),0x30e29718b39f58fd:0xb7c9688ca327ecaa,ลัลลลิตาคลินิก คลินิกเฉพาะทางผิวหนัง Lullalita clinic,,,13.7361219,100.4340583,"https://www.google.com/maps/place/%E0%B8%A5%E0%B8%B1%E0%B8%A5%E0%B8%A5%E0%B8%A5%E0%B8%B4%E0%B8%95%E0%B8%B2%E0%B8%84%E0%B8%A5%E0%B8%B4%E0%B8%99%E0%B8%B4%E0%B8%81+%E0%B8%84%E0%B8%A5%E0%B8%B4%E0%B8%99%E0%B8%B4%E0%B8%81%E0%B9%80%E0%B8%89%E0%B8%9E%E0%B8%B2%E0%B8%B0%E0%B8%97%E0%B8%B2%E0%B8%87%E0%B8%9C%E0%B8%B4%E0%B8%A7%E0%B8%AB%E0%B8%99%E0%B8%B1%E0%B8%87+Lullalita+clinic/@13.7361219,100.4340583,17z/data=!3m1!4b1!4m6!3m5!1s0x30e29718b39f58fd:0xb7c9688ca327ecaa!8m2!3d13.7361219!4d100.4340583!16s%2Fg%2F11kqycd9wx?entry=ttu&g_ep=EgoyMDI2MDUxNy4wIKXMDSoASAFQAw%3D%3D"
โรงพยาบาลบางปะกอก 9 อินเตอร์เนชั่นแนล,0x30e2a3db3418d1fb:0x75488923f0dc9f06,โรงพยาบาลบางปะกอก 9 อินเตอร์เนชั่นแนล (ฺBPK9),,,13.6818553,100.4746087,"https://www.google.com/maps/place/%E0%B9%82%E0%B8%A3%E0%B8%87%E0%B8%9E%E0%B8%A2%E0%B8%B2%E0%B8%9A%E0%B8%B2%E0%B8%A5%E0%B8%9A%E0%B8%B2%E0%B8%87%E0%B8%9B%E0%B8%B0%E0%B8%81%E0%B8%AD%E0%B8%81+9+%E0%B8%AD%E0%B8%B4%E0%B8%99%E0%B9%80%E0%B8%95%E0%B8%AD%E0%B8%A3%E0%B9%8C%E0%B9%80%E0%B8%99%E0%B8%8A%E0%B8%B1%E0%B9%88%E0%B8%99%E0%B9%81%E0%B8%99%E0%B8%A5+(%E0%B8%BABPK9)/@13.6818553,100.4746087,17z/data=!3m1!4b1!4m6!3m5!1s0x30e2a3db3418d1fb:0x75488923f0dc9f06!8m2!3d13.6818553!4d100.4746087!16s%2Fg%2F1tfhx0sg?entry=ttu&g_ep=EgoyMDI2MDUxNy4wIKXMDSoASAFQAw%3D%3D"
Hathaitip Clinic (หทัยทิพย์ คลินิก),0x30e2993ae897cf93:0x56a2d3c8b59ff61d,Hathaitip Clinic - หทัยทิพย์ คลินิก สาขา พรานนก ศัลยกรรมตกแต่งความงาม,,,13.7524832,100.4500452,"https://www.google.com/maps/place/Hathaitip+Clinic+-+%E0%B8%AB%E0%B8%97%E0%B8%B1%E0%B8%A2%E0%B8%97%E0%B8%B4%E0%B8%9E%E0%B8%A2%E0%B9%8C+%E0%B8%84%E0%B8%A5%E0%B8%B4%E0%B8%99%E0%B8%B4%E0%B8%81+%E0%B8%AA%E0%B8%B2%E0%B8%82%E0%B8%B2+%E0%B8%9E%E0%B8%A3%E0%B8%B2%E0%B8%99%E0%B8%99%E0%B8%81+%E0%B8%A8%E0%B8%B1%E0%B8%A5%E0%B8%A2%E0%B8%81%E0%B8%A3%E0%B8%A3%E0%B8%A1%E0%B8%95%E0%B8%81%E0%B9%81%E0%B8%95%E0%B9%88%E0%B8%87%E0%B8%84%E0%B8%A7%E0%B8%B2%E0%B8%A1%E0%B8%87%E0%B8%B2%E0%B8%A1/@13.7524832,100.4500452,17z/data=!3m1!4b1!4m6!3m5!1s0x30e2993ae897cf93:0x56a2d3c8b59ff61d!8m2!3d13.7524832!4d100.4500452!16s%2Fg%2F11v6t2ccwj?entry=ttu&g_ep=EgoyMDI2MDUxMy4wIKXMDSoASAFQAw%3D%3D"
Perfect Figure Slimming u0026 Spa,0x30e29dcd28ab75a1:0x477cee98c61f05a5,Perfect Figure,,,13.8014665,100.5821946,"https://www.google.com/maps/place/Perfect+Figure/@13.8014665,100.5821946,17z/data=!3m1!4b1!4m6!3m5!1s0x30e29dcd28ab75a1:0x477cee98c61f05a5!8m2!3d13.8014665!4d100.5821946!16s%2Fg%2F11h2brjqlj?entry=ttu&g_ep=EgoyMDI2MDUxMy4wIKXMDSoASAFQAw%3D%3D"
ธรรศสหคลินิก Tutt Medical Clinic,0x30e29db96a017a09:0x829e7c36bf615b65,ธรรศสหคลินิก(เวชกรรมเเละการแพทย์แผนไทย),,,13.8053567,100.5901042,"https://www.google.com/maps/place/%E0%B8%98%E0%B8%A3%E0%B8%A3%E0%B8%A8%E0%B8%AA%E0%B8%AB%E0%B8%84%E0%B8%A5%E0%B8%B4%E0%B8%99%E0%B8%B4%E0%B8%81(%E0%B9%80%E0%B8%A7%E0%B8%8A%E0%B8%81%E0%B8%A3%E0%B8%A3%E0%B8%A1%E0%B9%80%E0%B9%80%E0%B8%A5%E0%B8%B0%E0%B8%81%E0%B8%B2%E0%B8%A3%E0%B9%81%E0%B8%9E%E0%B8%97%E0%B8%A2%E0%B9%8C%E0%B9%81%E0%B8%9C%E0%B8%99%E0%B9%84%E0%B8%97%E0%B8%A2)/@13.8053567,100.5901042,17z/data=!3m1!4b1!4m6!3m5!1s0x30e29db96a017a09:0x829e7c36bf615b65!8m2!3d13.8053567!4d100.5901042!16s%2Fg%2F11c52bybfq?entry=ttu&g_ep=EgoyMDI2MDUxMy4wIKXMDSoASAFQAw%3D%3D"
ศูนย์รักษาไมเกรน หมอแวร์สมิงสหคลินิก,0x311d60767ab4e743:0x212326bd6fad5be0,ศูนย์รักษาไมเกรนและโรคปวดหลังเรื้อรัง คลินิกหมอแวร์สมิง,,,13.6861735,100.64847,"https://www.google.com/maps/place/%E0%B8%A8%E0%B8%B9%E0%B8%99%E0%B8%A2%E0%B9%8C%E0%B8%A3%E0%B8%B1%E0%B8%81%E0%B8%A9%E0%B8%B2%E0%B9%84%E0%B8%A1%E0%B9%80%E0%B8%81%E0%B8%A3%E0%B8%99%E0%B9%81%E0%B8%A5%E0%B8%B0%E0%B9%82%E0%B8%A3%E0%B8%84%E0%B8%9B%E0%B8%A7%E0%B8%94%E0%B8%AB%E0%B8%A5%E0%B8%B1%E0%B8%87%E0%B9%80%E0%B8%A3%E0%B8%B7%E0%B9%89%E0%B8%AD%E0%B8%A3%E0%B8%B1%E0%B8%87+%E0%B8%84%E0%B8%A5%E0%B8%B4%E0%B8%99%E0%B8%B4%E0%B8%81%E0%B8%AB%E0%B8%A1%E0%B8%AD%E0%B9%81%E0%B8%A7%E0%B8%A3%E0%B9%8C%E0%B8%AA%E0%B8%A1%E0%B8%B4%E0%B8%87/@13.6861735,100.64847,17z/data=!3m1!4b1!4m6!3m5!1s0x311d60767ab4e743:0x212326bd6fad5be0!8m2!3d13.6861735!4d100.64847!16s%2Fg%2F11bzv88pc4?entry=ttu&g_ep=EgoyMDI2MDUxNy4wIKXMDSoASAFQAw%3D%3D"
โรงพยาบาลรวมใจรักษ์ @สุขุมวิท 62,0x30e29fd12f3da8cd:0xc937bb7c61880f1f,โรงพยาบาลรวมใจรักษ์ สุขุมวิท 62,,,13.6934917,100.6017318,"https://www.google.com/maps/place/%E0%B9%82%E0%B8%A3%E0%B8%87%E0%B8%9E%E0%B8%A2%E0%B8%B2%E0%B8%9A%E0%B8%B2%E0%B8%A5%E0%B8%A3%E0%B8%A7%E0%B8%A1%E0%B9%83%E0%B8%88%E0%B8%A3%E0%B8%B1%E0%B8%81%E0%B8%A9%E0%B9%8C+%E0%B8%AA%E0%B8%B8%E0%B8%82%E0%B8%B8%E0%B8%A1%E0%B8%A7%E0%B8%B4%E0%B8%97+62/@13.6934917,100.6017318,17z/data=!3m1!4b1!4m6!3m5!1s0x30e29fd12f3da8cd:0xc937bb7c61880f1f!8m2!3d13.6934917!4d100.6017318!16s%2Fg%2F11q8ymwd6z?entry=ttu&g_ep=EgoyMDI2MDUxMy4wIKXMDSoASAFQAw%3D%3D"
โรงพยาบาลจุฬารัตน์ 9 แอร์พอร์ต,0x311d675c44231f8d:0xe91a0c9c82ca8dbe,โรงพยาบาลจุฬารัตน์ 9 แอร์พอร์ต,,,13.677462,100.7225039,"https://www.google.com/maps/place/%E0%B9%82%E0%B8%A3%E0%B8%87%E0%B8%9E%E0%B8%A2%E0%B8%B2%E0%B8%9A%E0%B8%B2%E0%B8%A5%E0%B8%88%E0%B8%B8%E0%B8%AC%E0%B8%B2%E0%B8%A3%E0%B8%B1%E0%B8%95%E0%B8%99%E0%B9%8C+9+%E0%B9%81%E0%B8%AD%E0%B8%A3%E0%B9%8C%E0%B8%9E%E0%B8%AD%E0%B8%A3%E0%B9%8C%E0%B8%95/@13.677462,100.7225039,17z/data=!3m1!4b1!4m6!3m5!1s0x311d675c44231f8d:0xe91a0c9c82ca8dbe!8m2!3d13.677462!4d100.7225039!16s%2Fg%2F11cs1llnzb?entry=ttu&g_ep=EgoyMDI2MDUxMy4wIKXMDSoASAFQAw%3D%3D"
โรงพยาบาลวิมุต-เทพธารินทร์ พระราม 4,0x30e29fa0dcd36b41:0x3dbf1e470699a61c,โรงพยาบาลวิมุต-เทพธารินทร์ พระราม 4,,,13.71458,100.5767172,"https://www.google.com/maps/place/%E0%B9%82%E0%B8%A3%E0%B8%87%E0%B8%9E%E0%B8%A2%E0%B8%B2%E0%B8%9A%E0%B8%B2%E0%B8%A5%E0%B8%A7%E0%B8%B4%E0%B8%A1%E0%B8%B8%E0%B8%95-%E0%B9%80%E0%B8%97%E0%B8%9E%E0%B8%98%E0%B8%B2%E0%B8%A3%E0%B8%B4%E0%B8%99%E0%B8%97%E0%B8%A3%E0%B9%8C+%E0%B8%9E%E0%B8%A3%E0%B8%B0%E0%B8%A3%E0%B8%B2%E0%B8%A1+4/@13.71458,100.5767172,17z/data=!3m1!4b1!4m6!3m5!1s0x30e29fa0dcd36b41:0x3dbf1e470699a61c!8m2!3d13.71458!4d100.5767172!16s%2Fg%2F1tdqq_1p?entry=ttu&g_ep=EgoyMDI2MDUxNy4wIKXMDSoASAFQAw%3D%3D"
Slender Slimming u0026 Skincare,0x311d7d54871edc11:0x7359137962d1d3c2,Slender slimming & skincare,,,13.9004242,100.6370275,"https://www.google.com/maps/place/Slender+slimming+%26+skincare/@13.9004242,100.6370275,17z/data=!3m1!4b1!4m6!3m5!1s0x311d7d54871edc11:0x7359137962d1d3c2!8m2!3d13.9004242!4d100.6370275!16s%2Fg%2F11fwhh9kwq?entry=ttu&g_ep=EgoyMDI2MDUxMy4wIKXMDSoASAFQAw%3D%3D"
Karaboon Wellness (การบูร สหคลินิก),0x30e29d6679bd76e3:0xe07f73fdf2d18b91,การบูร สหคลินิก Karaboon Sahaclinic,,,13.7645644,100.5986941,"https://www.google.com/maps/place/%E0%B8%81%E0%B8%B2%E0%B8%A3%E0%B8%9A%E0%B8%B9%E0%B8%A3+%E0%B8%AA%E0%B8%AB%E0%B8%84%E0%B8%A5%E0%B8%B4%E0%B8%99%E0%B8%B4%E0%B8%81+Karaboon+Sahaclinic/@13.7645644,100.5986941,17z/data=!3m1!4b1!4m6!3m5!1s0x30e29d6679bd76e3:0xe07f73fdf2d18b91!8m2!3d13.7645644!4d100.5986941!16s%2Fg%2F11xh30vzth?entry=ttu&g_ep=EgoyMDI2MDUxNy4wIKXMDSoASAFQAw%3D%3D"
โรงพยาบาลเกษมราษฎร์ ประชาชื่น,0x30e29dc7e1bb556b:0x10a210f32d43c8a3,โรงพยาบาลเกษมราษฎร์ ประชาชื่น,,,13.8318577,100.5388777,"https://www.google.com/maps/place/%E0%B9%82%E0%B8%A3%E0%B8%87%E0%B8%9E%E0%B8%A2%E0%B8%B2%E0%B8%9A%E0%B8%B2%E0%B8%A5%E0%B9%80%E0%B8%81%E0%B8%A9%E0%B8%A1%E0%B8%A3%E0%B8%B2%E0%B8%A9%E0%B8%8E%E0%B8%A3%E0%B9%8C+%E0%B8%9B%E0%B8%A3%E0%B8%B0%E0%B8%8A%E0%B8%B2%E0%B8%8A%E0%B8%B7%E0%B9%88%E0%B8%99/@13.8318577,100.5388777,17z/data=!3m1!4b1!4m6!3m5!1s0x30e29dc7e1bb556b:0x10a210f32d43c8a3!8m2!3d13.8318577!4d100.5388777!16s%2Fg%2F11n60fvyc9?entry=ttu&g_ep=EgoyMDI2MDUxMy4wIKXMDSoASAFQAw%3D%3D"
โรงพยาบาลเกษมราษฎร์ รามคำแหง,0x311d63d7a67a108b:0x5f35861d9631fd08,โรงพยาบาลเกษมราษฎร์ รามคำแหง,,,13.7796526,100.6763046,"https://www.google.com/maps/place/%E0%B9%82%E0%B8%A3%E0%B8%87%E0%B8%9E%E0%B8%A2%E0%B8%B2%E0%B8%9A%E0%B8%B2%E0%B8%A5%E0%B9%80%E0%B8%81%E0%B8%A9%E0%B8%A1%E0%B8%A3%E0%B8%B2%E0%B8%A9%E0%B8%8E%E0%B8%A3%E0%B9%8C+%E0%B8%A3%E0%B8%B2%E0%B8%A1%E0%B8%84%E0%B8%B3%E0%B9%81%E0%B8%AB%E0%B8%87/@13.7796526,100.6763046,17z/data=!3m1!4b1!4m6!3m5!1s0x311d63d7a67a108b:0x5f35861d9631fd08!8m2!3d13.7796526!4d100.6763046!16s%2Fg%2F1w8w7gk5?entry=ttu&g_ep=EgoyMDI2MDUxMy4wIKXMDSoASAFQAw%3D%3D"
Lystra Clinic (ลิสตร้าคลินิก),0x30e29d45246b9ae3:0xdf3fbfaa3633aca,Lystra Clinic ลิสตร้าคลินิก,,,13.8399993,100.5797921,"https://www.google.com/maps/place/Lystra+Clinic+%E0%B8%A5%E0%B8%B4%E0%B8%AA%E0%B8%95%E0%B8%A3%E0%B9%89%E0%B8%B2%E0%B8%84%E0%B8%A5%E0%B8%B4%E0%B8%99%E0%B8%B4%E0%B8%81/@13.8399993,100.5797921,17z/data=!3m1!4b1!4m6!3m5!1s0x30e29d45246b9ae3:0xdf3fbfaa3633aca!8m2!3d13.8399993!4d100.5797921!16s%2Fg%2F11wx8plh18?entry=ttu&g_ep=EgoyMDI2MDUxNy4wIKXMDSoASAFQAw%3D%3D"
เอ็มพีแล็บคลินิกเทคนิคการแพทย์,0x30e29e5ab9bc250b:0x33c57818e1e76b8f,ผลลัพธ์,,,13.7449509,100.5852024,"https://www.google.com/maps/place/%E0%B8%9A%E0%B8%B5+%E0%B9%80%E0%B8%AD%E0%B9%87%E0%B8%A1+%E0%B9%81%E0%B8%AD%E0%B8%A5+%E0%B8%84%E0%B8%A5%E0%B8%B4%E0%B8%99%E0%B8%B4%E0%B8%81%E0%B9%80%E0%B8%97%E0%B8%84%E0%B8%99%E0%B8%B4%E0%B8%84%E0%B8%81%E0%B8%B2%E0%B8%A3%E0%B9%81%E0%B8%9E%E0%B8%97%E0%B8%A2%E0%B9%8C+(%E0%B9%84%E0%B8%A1%E0%B9%88%E0%B9%83%E0%B8%8A%E0%B9%88%E0%B8%84%E0%B8%A5%E0%B8%B4%E0%B8%99%E0%B8%B4%E0%B8%81%E0%B9%80%E0%B8%A7%E0%B8%8A%E0%B8%81%E0%B8%A3%E0%B8%A3%E0%B8%A1)/@13.7449509,95.9709446,7z/data=!4m10!1m2!2m1!1z4LmA4Lit4LmH4Lih4Lie4Li14LmB4Lil4LmH4Lia4LiE4Lil4Li04LiZ4Li04LiB4LmA4LiX4LiE4LiZ4Li04LiE4LiB4Liy4Lij4LmB4Lie4LiX4Lii4LmMIEJhbmdrb2s!3m6!1s0x30e29e5ab9bc250b:0x33c57818e1e76b8f!8m2!3d13.7449509!4d100.5852024!15sCmLguYDguK3guYfguKHguJ7guLXguYHguKXguYfguJrguITguKXguLTguJnguLTguIHguYDguJfguITguJnguLTguITguIHguLLguKPguYHguJ7guJfguKLguYwgQmFuZ2tva1prImnguYDguK3guYcg4LihIOC4nuC4tSDguYHguKXguYfguJog4LiE4Lil4Li04LiZ4Li04LiBIOC5gOC4l-C4hOC4meC4tOC4hCDguIHguLLguKMg4LmB4Lie4LiX4Lii4LmMIGJhbmdrb2uSAQttZWRpY2FsX2xhYuABAA!16s%2Fg%2F1pzq5516r?entry=ttu&g_ep=EgoyMDI2MDUxNy4wIKXMDSoASAFQAw%3D%3D"
Dara Clinic ดาราคลินิกเวชกรรม,0x30e2993a30f7558d:0xbf36bd8065696581,ผลลัพธ์,,,13.7786272,100.4778115,"https://www.google.com/maps/place/%E0%B8%94%E0%B8%B2%E0%B8%A3%E0%B8%B2%E0%B8%84%E0%B8%A5%E0%B8%B4%E0%B8%99%E0%B8%B4%E0%B8%81+%E0%B8%AA%E0%B8%B2%E0%B8%82%E0%B8%B2%E0%B9%80%E0%B8%A1%E0%B9%80%E0%B8%88%E0%B8%AD%E0%B8%A3%E0%B9%8C%E0%B8%9B%E0%B8%B4%E0%B9%88%E0%B8%99%E0%B9%80%E0%B8%81%E0%B8%A5%E0%B9%89%E0%B8%B2/@13.7786272,100.4057137,13z/data=!4m10!1m2!2m1!1zRGFyYSBDbGluaWMg4LiU4Liy4Lij4Liy4LiE4Lil4Li04LiZ4Li04LiB4LmA4Lin4LiK4LiB4Lij4Lij4LihIEJhbmdrb2s!3m6!1s0x30e2993a30f7558d:0xbf36bd8065696581!8m2!3d13.7786272!4d100.4778115!15sCkdEYXJhIENsaW5pYyDguJTguLLguKPguLLguITguKXguLTguJnguLTguIHguYDguKfguIrguIHguKPguKPguKEgQmFuZ2tva1pLIklkYXJhIGNsaW5pYyDguJTguLLguKPguLIg4LiE4Lil4Li04LiZ4Li04LiBIOC5gOC4p-C4iuC4geC4o-C4o-C4oSBiYW5na29rkgEObWVkaWNhbF9jZW50ZXKaASRDaGREU1VoTk1HOW5TMFZKUTBGblNVTnljMloyU2pKUlJSQULgAQD6AQQIABA0!16s%2Fg%2F11fkc9ggk6?entry=ttu&g_ep=EgoyMDI2MDUxNy4wIKXMDSoASAFQAw%3D%3D"
สุขใจ เวลเนส คลินิกเวชกรรม,0x30e29dee7f2e4159:0x6096da58b33dc7f2,สุขใจเวลเนส คลินิก,,,13.8235877,100.5914445,"https://www.google.com/maps/place/%E0%B8%AA%E0%B8%B8%E0%B8%82%E0%B9%83%E0%B8%88%E0%B9%80%E0%B8%A7%E0%B8%A5%E0%B9%80%E0%B8%99%E0%B8%AA+%E0%B8%84%E0%B8%A5%E0%B8%B4%E0%B8%99%E0%B8%B4%E0%B8%81/@13.8235877,100.5914445,17z/data=!3m1!4b1!4m6!3m5!1s0x30e29dee7f2e4159:0x6096da58b33dc7f2!8m2!3d13.8235877!4d100.5914445!16s%2Fg%2F11vb943tv5?entry=ttu&g_ep=EgoyMDI2MDUxMy4wIKXMDSoASAFQAw%3D%3D"
โรงพยาบาลพริ้นซ์ สุวรรณภูมิ,0x311d5f0a5873514b:0x6ddf19c97c0e9e44,โรงพยาบาลพริ้นซ์ สุวรรณภูมิ,,,13.6570523,100.6663095,"https://www.google.com/maps/place/%E0%B9%82%E0%B8%A3%E0%B8%87%E0%B8%9E%E0%B8%A2%E0%B8%B2%E0%B8%9A%E0%B8%B2%E0%B8%A5%E0%B8%9E%E0%B8%A3%E0%B8%B4%E0%B9%89%E0%B8%99%E0%B8%8B%E0%B9%8C+%E0%B8%AA%E0%B8%B8%E0%B8%A7%E0%B8%A3%E0%B8%A3%E0%B8%93%E0%B8%A0%E0%B8%B9%E0%B8%A1%E0%B8%B4/@13.6570523,100.6663095,17z/data=!3m1!4b1!4m6!3m5!1s0x311d5f0a5873514b:0x6ddf19c97c0e9e44!8m2!3d13.6570523!4d100.6663095!16s%2Fg%2F11flbxgfmj?entry=ttu&g_ep=EgoyMDI2MDUxNy4wIKXMDSoASAFQAw%3D%3D"
Lalyn Clinic (ลลิล คลินิก),0x311d634054c43287:0x1daef8305c1551b6,Lalyn Clinic ลลิลคลินิก,,,13.8567876,100.6453564,"https://www.google.com/maps/place/Lalyn+Clinic+%E0%B8%A5%E0%B8%A5%E0%B8%B4%E0%B8%A5%E0%B8%84%E0%B8%A5%E0%B8%B4%E0%B8%99%E0%B8%B4%E0%B8%81/@13.8567876,100.6453564,17z/data=!3m1!4b1!4m6!3m5!1s0x311d634054c43287:0x1daef8305c1551b6!8m2!3d13.8567876!4d100.6453564!16s%2Fg%2F11fsxg_754?entry=ttu&g_ep=EgoyMDI2MDUxMy4wIKXMDSoASAFQAw%3D%3D"
BG Clinic (บีจีคลินิกเวชกรรม),0x30e29dd8f01958bd:0x3819dac5a6979cb2,BG Clinic ศัลยกรรมความงาม,,,13.8347776,100.5728693,"https://www.google.com/maps/place/BG+Clinic+%E0%B8%A8%E0%B8%B1%E0%B8%A5%E0%B8%A2%E0%B8%81%E0%B8%A3%E0%B8%A3%E0%B8%A1%E0%B8%84%E0%B8%A7%E0%B8%B2%E0%B8%A1%E0%B8%87%E0%B8%B2%E0%B8%A1/@13.8347776,100.5728693,17z/data=!3m1!4b1!4m6!3m5!1s0x30e29dd8f01958bd:0x3819dac5a6979cb2!8m2!3d13.8347776!4d100.5728693!16s%2Fg%2F11l6sh8858?entry=ttu&g_ep=EgoyMDI2MDUxNy4wIKXMDSoASAFQAw%3D%3D"
Sabai Clinic (สบาย คลินิก),0x30e29b001a6386d7:0x575a673b643edf5d,Sabai Clinic,,,13.8057933,100.5238777,"https://www.google.com/maps/place/Sabai+Clinic/@13.8057933,100.5238777,17z/data=!3m1!4b1!4m6!3m5!1s0x30e29b001a6386d7:0x575a673b643edf5d!8m2!3d13.8057933!4d100.5238777!16s%2Fg%2F11vwrbd6_b?entry=ttu&g_ep=EgoyMDI2MDUxNy4wIKXMDSoASAFQAw%3D%3D"
คลินิกเวชกรรม พญาไท-เปาโล,0x30e29f000b84fa6b:0x895f8e050c056df4,ผลลัพธ์,,,13.7480702,100.5638185,"https://www.google.com/maps/place/%E0%B8%84%E0%B8%A5%E0%B8%B4%E0%B8%99%E0%B8%B4%E0%B8%81%E0%B9%80%E0%B8%A7%E0%B8%8A%E0%B8%81%E0%B8%A3%E0%B8%A3%E0%B8%A1%E0%B9%80%E0%B8%9B%E0%B8%B2%E0%B9%82%E0%B8%A5+%E0%B8%AA%E0%B8%B2%E0%B8%82%E0%B8%B2+%E0%B8%96%E0%B8%99%E0%B8%99%E0%B9%80%E0%B8%9E%E0%B8%8A%E0%B8%A3%E0%B8%9A%E0%B8%B8%E0%B8%A3%E0%B8%B5/@0,100.5638185,0z/data=!4m10!1m2!2m1!1z4LiE4Lil4Li04LiZ4Li04LiB4LmA4Lin4LiK4LiB4Lij4Lij4LihIOC4nuC4jeC4suC5hOC4ly3guYDguJvguLLguYLguKUgQmFuZ2tvaw!3m6!1s0x30e29f000b84fa6b:0x895f8e050c056df4!8m2!3d13.7480702!4d100.5638185!15sCk_guITguKXguLTguJnguLTguIHguYDguKfguIrguIHguKPguKPguKEg4Lie4LiN4Liy4LmE4LiXLeC5gOC4m-C4suC5guC4pSBCYW5na29rWlIiUOC4hOC4peC4tOC4meC4tOC4gSDguYDguKfguIrguIHguKPguKPguKEg4Lie4LiN4Liy4LmE4LiXIOC5gOC4m-C4suC5guC4pSBiYW5na29rkgEObWVkaWNhbF9jbGluaWOaAURDaTlEUVVsUlFVTnZaRU5vZEhsalJqbHZUMnhvYTFwSVdtcGxWVkl5Wkc1a00xVnFiRkZhU0ZaMlRsVldXRmxzUlJBQuABAPoBBAgAEDg!16s%2Fg%2F11vpw8n3qn?entry=ttu&g_ep=EgoyMDI2MDUxMy4wIKXMDSoASAFQAw%3D%3D"
บางปะกอก-ปิยะเวท สหคลินิก,0x30e2810056d33a7f:0x58262430b3a990d8,บางปะกอก-ปิยะเวท สหคลินิก,,,13.9903598,100.6163223,"https://www.google.com/maps/place/%E0%B8%9A%E0%B8%B2%E0%B8%87%E0%B8%9B%E0%B8%B0%E0%B8%81%E0%B8%AD%E0%B8%81-%E0%B8%9B%E0%B8%B4%E0%B8%A2%E0%B8%B0%E0%B9%80%E0%B8%A7%E0%B8%97+%E0%B8%AA%E0%B8%AB%E0%B8%84%E0%B8%A5%E0%B8%B4%E0%B8%99%E0%B8%B4%E0%B8%81/@13.9903598,100.6163223,17z/data=!3m1!4b1!4m6!3m5!1s0x30e2810056d33a7f:0x58262430b3a990d8!8m2!3d13.9903598!4d100.6163223!16s%2Fg%2F11vjrjf10q?entry=ttu&g_ep=EgoyMDI2MDUxMy4wIKXMDSoASAFQAw%3D%3D"
โรงพยาบาลเกษมราษฎร์ บางแค,0x30e297cc6cc5230f:0xf8930c5af92b83ff,โรงพยาบาลเกษมราษฎร์ บางแค,,,13.710611,100.3986326,"https://www.google.com/maps/place/%E0%B9%82%E0%B8%A3%E0%B8%87%E0%B8%9E%E0%B8%A2%E0%B8%B2%E0%B8%9A%E0%B8%B2%E0%B8%A5%E0%B9%80%E0%B8%81%E0%B8%A9%E0%B8%A1%E0%B8%A3%E0%B8%B2%E0%B8%A9%E0%B8%8E%E0%B8%A3%E0%B9%8C+%E0%B8%9A%E0%B8%B2%E0%B8%87%E0%B9%81%E0%B8%84/@13.710611,100.3986326,17z/data=!3m1!4b1!4m6!3m5!1s0x30e297cc6cc5230f:0xf8930c5af92b83ff!8m2!3d13.710611!4d100.3986326!16s%2Fg%2F1tf84jyr?entry=ttu&g_ep=EgoyMDI2MDUxMy4wIKXMDSoASAFQAw%3D%3D"
คลินิกสูตินรีเวชหมอรัฐวิชญ์,0x30e29d250af8b68d:0xf34b0c1145faa9d3,,,,13.7783036,100.586443,"https://www.google.com/maps/place/%E0%B8%98%E0%B8%99%E0%B8%A7%E0%B8%A3%E0%B8%A3%E0%B8%98%E0%B8%99%E0%B9%8C+%E0%B8%84%E0%B8%A5%E0%B8%B4%E0%B8%99%E0%B8%B4%E0%B8%81+%E0%B8%AA%E0%B8%B2%E0%B8%82%E0%B8%B2%E0%B8%AB%E0%B9%89%E0%B8%A7%E0%B8%A2%E0%B8%82%E0%B8%A7%E0%B8%B2%E0%B8%87-%E0%B8%A3%E0%B8%B1%E0%B8%8A%E0%B8%94%E0%B8%B2+(%E0%B8%A1%E0%B8%B5%E0%B8%AA%E0%B8%B2%E0%B8%82%E0%B8%B2%E0%B8%A8%E0%B8%A3%E0%B8%B5%E0%B8%99%E0%B8%84%E0%B8%A3%E0%B8%B4%E0%B8%99%E0%B8%97%E0%B8%A3%E0%B9%8C%E0%B8%94%E0%B9%89%E0%B8%A7%E0%B8%A2%E0%B8%84%E0%B9%88%E0%B8%B0)/@13.7604092,100.5730023,14z/data=!4m10!1m2!2m1!1z4LiE4Lil4Li04LiZ4Li04LiB4Liq4Li54LiV4Li04LiZ4Lij4Li14LmA4Lin4LiK4Lir4Lih4Lit4Lij4Lix4LiQ4Lin4Li04LiK4LiN4LmMIEJhbmdrb2s!3m6!1s0x30e29d250af8b68d:0xf34b0c1145faa9d3!8m2!3d13.7783036!4d100.586443!15sClnguITguKXguLTguJnguLTguIHguKrguLnguJXguLTguJnguKPguLXguYDguKfguIrguKvguKHguK3guKPguLHguJDguKfguLTguIrguI3guYwgQmFuZ2tva1piImDguITguKXguLTguJnguLTguIEg4Liq4Li54LiV4Li0IOC4meC4o-C4teC5gOC4p-C4iiDguKvguKHguK0g4Lij4Lix4LiQIOC4p-C4tCDguIog4LiN4LmMIGJhbmdrb2uSARxvYnN0ZXRyaWNzX2d5bmVjb2xvZ3lfY2xpbmljmgFEQ2k5RFFVbFJRVU52WkVOb2RIbGpSamx2VDJ0c2FFNTZaRmRWTTFJeFZEQjBWVmRFUmtKa01WcDRWa2N4YmxWSVl4QULgAQD6AQQIABAu!16s%2Fg%2F11gxjx2p_l?entry=ttu&g_ep=EgoyMDI2MDUxNy4wIKXMDSoASAFQAw%3D%3D"
Divine Aesthetic Clinic,0x30e29e7090bd65e1:0x8e0d901f396404c2,ผลลัพธ์,,,13.7720361,100.5866258,"https://www.google.com/maps/place/Divine+clinic+%E0%B9%80%E0%B8%AB%E0%B8%A1%E0%B9%88%E0%B8%87%E0%B8%88%E0%B9%8B%E0%B8%B2%E0%B8%A2/@13.7719953,100.5866206,17z/data=!4m10!1m2!2m1!1sDivine+Aesthetic+Clinic+Bangkok!3m6!1s0x30e29e7090bd65e1:0x8e0d901f396404c2!8m2!3d13.7720361!4d100.5866258!15sCh9EaXZpbmUgQWVzdGhldGljIENsaW5pYyBCYW5na29rWiEiH2RpdmluZSBhZXN0aGV0aWMgY2xpbmljIGJhbmdrb2uSARZwbGFzdGljX3N1cmdlcnlfY2xpbmljmgFEQ2k5RFFVbFJRVU52WkVOb2RIbGpSamx2VDIxNGFXVnFWa1JpYWxwNVpXeEJlVlpFUm5CVWEwb3pZVEZKZUZKV1JSQULgAQD6AQQIORBB!16s%2Fg%2F11g6z18vg1?entry=ttu&g_ep=EgoyMDI2MDUxMy4wIKXMDSoASAFQAw%3D%3D"
Pleased Clinic พลีส คลินิก,0x30e2a1cb1677c435:0x689837f2b3c3ef30,พลีส คลินิก • Pleased clinic คลินิกเสริมความงาม บีทีเอสปุณณวิถี,,,13.6860459,100.6112648,"https://www.google.com/maps/place/%E0%B8%9E%E0%B8%A5%E0%B8%B5%E0%B8%AA+%E0%B8%84%E0%B8%A5%E0%B8%B4%E0%B8%99%E0%B8%B4%E0%B8%81+%E2%80%A2+Pleased+clinic+%E0%B8%84%E0%B8%A5%E0%B8%B4%E0%B8%99%E0%B8%B4%E0%B8%81%E0%B9%80%E0%B8%AA%E0%B8%A3%E0%B8%B4%E0%B8%A1%E0%B8%84%E0%B8%A7%E0%B8%B2%E0%B8%A1%E0%B8%87%E0%B8%B2%E0%B8%A1+%E0%B8%9A%E0%B8%B5%E0%B8%97%E0%B8%B5%E0%B9%80%E0%B8%AD%E0%B8%AA%E0%B8%9B%E0%B8%B8%E0%B8%93%E0%B8%93%E0%B8%A7%E0%B8%B4%E0%B8%96%E0%B8%B5/@13.6860459,100.6112648,17z/data=!3m1!4b1!4m6!3m5!1s0x30e2a1cb1677c435:0x689837f2b3c3ef30!8m2!3d13.6860459!4d100.6112648!16s%2Fg%2F11jt4hlpzm?entry=ttu&g_ep=EgoyMDI2MDUxNy4wIKXMDSoASAFQAw%3D%3D"
โรงพยาบาลกายภาพบำบัดสไมล์,0x30e293f3e152a5eb:0xea70efc2614275f9,โรงพยาบาลกายภาพบำบัดขนาดเล็ก สไมล์,,,13.8719903,100.3434238,"https://www.google.com/maps/place/%E0%B9%82%E0%B8%A3%E0%B8%87%E0%B8%9E%E0%B8%A2%E0%B8%B2%E0%B8%9A%E0%B8%B2%E0%B8%A5%E0%B8%81%E0%B8%B2%E0%B8%A2%E0%B8%A0%E0%B8%B2%E0%B8%9E%E0%B8%9A%E0%B8%B3%E0%B8%9A%E0%B8%B1%E0%B8%94%E0%B8%82%E0%B8%99%E0%B8%B2%E0%B8%94%E0%B9%80%E0%B8%A5%E0%B9%87%E0%B8%81+%E0%B8%AA%E0%B9%84%E0%B8%A1%E0%B8%A5%E0%B9%8C/@13.8719903,100.3434238,17z/data=!3m1!4b1!4m6!3m5!1s0x30e293f3e152a5eb:0xea70efc2614275f9!8m2!3d13.8719903!4d100.3434238!16s%2Fg%2F11jh1d7fjy?entry=ttu&g_ep=EgoyMDI2MDUxNy4wIKXMDSoASAFQAw%3D%3D"
Bangchak Medical Clinic,0x30e29fee4d7663bd:0x530acb71f37bac1b,ผลลัพธ์,,,13.701615,100.6136308,"https://www.google.com/maps/place/%E0%B8%9A%E0%B8%B2%E0%B8%87%E0%B8%88%E0%B8%B2%E0%B8%81%E0%B8%84%E0%B8%A5%E0%B8%B4%E0%B8%99%E0%B8%B4%E0%B8%81%E0%B9%80%E0%B8%A7%E0%B8%8A%E0%B8%81%E0%B8%A3%E0%B8%A3%E0%B8%A1+(%E0%B9%80%E0%B8%AD%E0%B9%87%E0%B8%81%E0%B8%8B%E0%B9%80%E0%B8%A3%E0%B8%A2%E0%B9%8C-%E0%B8%A3%E0%B8%B1%E0%B8%81%E0%B8%A9%E0%B8%B2%E0%B9%82%E0%B8%A3%E0%B8%84-%E0%B8%AA%E0%B8%B0%E0%B8%81%E0%B8%B4%E0%B8%94%E0%B8%99%E0%B8%B4%E0%B9%89%E0%B8%A7%E0%B8%A5%E0%B9%87%E0%B8%AD%E0%B8%84)Bangchak+Medical+Clinic/@13.701615,100.541533,13z/data=!4m10!1m2!2m1!1sBangchak+Medical+Clinic+Bangkok!3m6!1s0x30e29fee4d7663bd:0x530acb71f37bac1b!8m2!3d13.701615!4d100.6136308!15sCh9CYW5nY2hhayBNZWRpY2FsIENsaW5pYyBCYW5na29rWiEiH2JhbmdjaGFrIG1lZGljYWwgY2xpbmljIGJhbmdrb2uSAQ5tZWRpY2FsX2NsaW5pY5oBRENpOURRVWxSUVVOdlpFTm9kSGxqUmpsdlQyeGtWbFZGTlV4UlZVWnFURlY0VUZreU9EUmFWVGxaVFdwR1ZGTXpZeEFC4AEA-gEECEIQLA!16s%2Fg%2F1ptxk35_q?entry=ttu&g_ep=EgoyMDI2MDUxMy4wIKXMDSoASAFQAw%3D%3D"
EW Villa Medica Bangkok,0x30e29faad8c1c88f:0x8c6bfe665bb09416,,,,13.744791,100.5413654,"https://www.google.com/maps/place/EW+Villa+Medica/@13.7451076,100.5414651,17z/data=!4m10!1m2!2m1!1sEW+Villa+Medica+Bangkok+Bangkok!3m6!1s0x30e29faad8c1c88f:0x8c6bfe665bb09416!8m2!3d13.744791!4d100.5413654!15sCh9FVyBWaWxsYSBNZWRpY2EgQmFuZ2tvayBCYW5na29rkgEPd2VsbG5lc3NfY2VudGVy4AEA!16s%2Fg%2F11pm1ng2yc?entry=ttu&g_ep=EgoyMDI2MDUxMy4wIKXMDSoASAFQAw%3D%3D"
Bangmod Aesthetic Hospital,0x30e2a3f11a57500f:0x71cdac3101e8f663,ผลลัพธ์,,,13.6710925,100.4554853,"https://www.google.com/maps/place/Bangmod+Aesthetic+Hospital/@13.6714275,100.4559826,17z/data=!4m10!1m2!2m1!1sBangmod+Aesthetic+Hospital+Bangkok!3m6!1s0x30e2a3f11a57500f:0x71cdac3101e8f663!8m2!3d13.6710925!4d100.4554853!15sCiJCYW5nbW9kIEFlc3RoZXRpYyBIb3NwaXRhbCBCYW5na29rWiQiImJhbmdtb2QgYWVzdGhldGljIGhvc3BpdGFsIGJhbmdrb2uSAQ9zdXJnaWNhbF9jZW50ZXKaASRDaGREU1VoTk1HOW5TMFZKUTBGblRVTnZOM1ZEWlRSQlJSQULgAQD6AQQIGBBO!16s%2Fg%2F11vpz5br66?entry=ttu&g_ep=EgoyMDI2MDUxNy4wIKXMDSoASAFQAw%3D%3D"
Regenelife Vital Center,0x30e29f1751f4e5bf:0x7f7a66e09f432a25,RegeneLife Vital Center ศูนย์ส่งเสริมและฟื้นฟูสุขภาพองค์รวม,,,13.7359396,100.5396992,"https://www.google.com/maps/place/RegeneLife+Vital+Center+%E0%B8%A8%E0%B8%B9%E0%B8%99%E0%B8%A2%E0%B9%8C%E0%B8%AA%E0%B9%88%E0%B8%87%E0%B9%80%E0%B8%AA%E0%B8%A3%E0%B8%B4%E0%B8%A1%E0%B9%81%E0%B8%A5%E0%B8%B0%E0%B8%9F%E0%B8%B7%E0%B9%89%E0%B8%99%E0%B8%9F%E0%B8%B9%E0%B8%AA%E0%B8%B8%E0%B8%82%E0%B8%A0%E0%B8%B2%E0%B8%9E%E0%B8%AD%E0%B8%87%E0%B8%84%E0%B9%8C%E0%B8%A3%E0%B8%A7%E0%B8%A1/@13.7359396,100.5396992,17z/data=!3m1!4b1!4m6!3m5!1s0x30e29f1751f4e5bf:0x7f7a66e09f432a25!8m2!3d13.7359396!4d100.5396992!16s%2Fg%2F11jlv87nff?entry=ttu&g_ep=EgoyMDI2MDUxMy4wIKXMDSoASAFQAw%3D%3D"
Melodent Dental Design,0x30e29d503dd6c947:0x64530a4542f7717,Melodent dental design,,,13.8072181,100.530766,"https://www.google.com/maps/place/Melodent+dental+design/@13.8072181,100.530766,17z/data=!3m1!4b1!4m6!3m5!1s0x30e29d503dd6c947:0x64530a4542f7717!8m2!3d13.8072181!4d100.530766!16s%2Fg%2F11vwyhqfq4?entry=ttu&g_ep=EgoyMDI2MDUxMy4wIKXMDSoASAFQAw%3D%3D"
คลินิกผิวหนังประดิพัทธ์,0x30e29d8f3b9fcedd:0xf7435b9b8dfa9eea,Pradipat Skin Clinic คลินิกผิวหนังประดิพัทธ์,,,13.7899785,100.5469756,"https://www.google.com/maps/place/Pradipat+Skin+Clinic+%E0%B8%84%E0%B8%A5%E0%B8%B4%E0%B8%99%E0%B8%B4%E0%B8%81%E0%B8%9C%E0%B8%B4%E0%B8%A7%E0%B8%AB%E0%B8%99%E0%B8%B1%E0%B8%87%E0%B8%9B%E0%B8%A3%E0%B8%B0%E0%B8%94%E0%B8%B4%E0%B8%9E%E0%B8%B1%E0%B8%97%E0%B8%98%E0%B9%8C/@13.7899785,100.5469756,17z/data=!3m1!4b1!4m6!3m5!1s0x30e29d8f3b9fcedd:0xf7435b9b8dfa9eea!8m2!3d13.7899785!4d100.5469756!16s%2Fg%2F11p64s3tv5?entry=ttu&g_ep=EgoyMDI2MDUxNy4wIKXMDSoASAFQAw%3D%3D"
The Medi Alinda Clinic,0x30e29fa9f8ca4863:0xfdb58ed8fb04d44a,Alinda Clinic,,,13.7271607,100.5747141,"https://www.google.com/maps/place/Alinda+Clinic/@13.7271607,100.5747141,17z/data=!3m1!4b1!4m6!3m5!1s0x30e29fa9f8ca4863:0xfdb58ed8fb04d44a!8m2!3d13.7271607!4d100.5747141!16s%2Fg%2F11cjj6dw9l?entry=ttu&g_ep=EgoyMDI2MDUxMy4wIKXMDSoASAFQAw%3D%3D"
โรงพยาบาลพริ้นซ์ ปากน้ำโพ,0x311d5f0a5873514b:0x6ddf19c97c0e9e44,ผลลัพธ์,,,13.6570523,100.6663095,"https://www.google.com/maps/place/%E0%B9%82%E0%B8%A3%E0%B8%87%E0%B8%9E%E0%B8%A2%E0%B8%B2%E0%B8%9A%E0%B8%B2%E0%B8%A5%E0%B8%9E%E0%B8%A3%E0%B8%B4%E0%B9%89%E0%B8%99%E0%B8%8B%E0%B9%8C+%E0%B8%AA%E0%B8%B8%E0%B8%A7%E0%B8%A3%E0%B8%A3%E0%B8%93%E0%B8%A0%E0%B8%B9%E0%B8%A1%E0%B8%B4/@13.6570523,99.512745,9z/data=!4m10!1m2!2m1!1z4LmC4Lij4LiH4Lie4Lii4Liy4Lia4Liy4Lil4Lie4Lij4Li04LmJ4LiZ4LiL4LmMIOC4m-C4suC4geC4meC5ieC4s-C5guC4niBCYW5na29r!3m6!1s0x311d5f0a5873514b:0x6ddf19c97c0e9e44!8m2!3d13.6570523!4d100.6663095!15sClHguYLguKPguIfguJ7guKLguLLguJrguLLguKXguJ7guKPguLTguYnguJnguIvguYwg4Lib4Liy4LiB4LiZ4LmJ4Liz4LmC4LieIEJhbmdrb2taWCJW4LmC4Lij4LiHIOC4nuC4ouC4suC4muC4suC4pSDguJ4g4Lij4Li04LmJ4LiZIOC4i-C5jCDguJvguLLguIHguJnguYnguLMg4LmC4LieIGJhbmdrb2uSARBwcml2YXRlX2hvc3BpdGFsmgEjQ2haRFNVaE5NRzluUzBWSlEwRm5TVVJTTW1NelRGSjNFQUXgAQD6AQQIABAt!16s%2Fg%2F11flbxgfmj?entry=ttu&g_ep=EgoyMDI2MDUxNy4wIKXMDSoASAFQAw%3D%3D"
V AE RA WELLNESS CENTER,0x311d5f004cb30ad7:0x68bd0c5e3737f798,V AE RA WELLNESS CENTER Official,,,13.6595097,100.6285323,"https://www.google.com/maps/place/V+AE+RA+WELLNESS+CENTER+Official/@13.6595097,100.6285323,17z/data=!3m1!4b1!4m6!3m5!1s0x311d5f004cb30ad7:0x68bd0c5e3737f798!8m2!3d13.6595097!4d100.6285323!16s%2Fg%2F11lcm0125f?entry=ttu&g_ep=EgoyMDI2MDUxNy4wIKXMDSoASAFQAw%3D%3D"
โรงพยาบาลเวิลด์เมดิคอล,0x30e284f39ac07c07:0x24bca74a024ade66,โรงพยาบาลเวิลด์เมดิคอล,,,13.9048739,100.5243268,"https://www.google.com/maps/place/%E0%B9%82%E0%B8%A3%E0%B8%87%E0%B8%9E%E0%B8%A2%E0%B8%B2%E0%B8%9A%E0%B8%B2%E0%B8%A5%E0%B9%80%E0%B8%A7%E0%B8%B4%E0%B8%A5%E0%B8%94%E0%B9%8C%E0%B9%80%E0%B8%A1%E0%B8%94%E0%B8%B4%E0%B8%84%E0%B8%AD%E0%B8%A5/@13.9048739,100.5243268,17z/data=!3m1!4b1!4m6!3m5!1s0x30e284f39ac07c07:0x24bca74a024ade66!8m2!3d13.9048739!4d100.5243268!16s%2Fg%2F1pzxfkrlf?entry=ttu&g_ep=EgoyMDI2MDUxMy4wIKXMDSoASAFQAw%3D%3D"
รามอินทราเฮลท์สหคลินิก,0x311d63e0319b1ecb:0x88febd9e5e66aaac,รามอินทราเฮลท์สหคลินิก,,,13.8143022,100.6868732,"https://www.google.com/maps/place/%E0%B8%A3%E0%B8%B2%E0%B8%A1%E0%B8%AD%E0%B8%B4%E0%B8%99%E0%B8%97%E0%B8%A3%E0%B8%B2%E0%B9%80%E0%B8%AE%E0%B8%A5%E0%B8%97%E0%B9%8C%E0%B8%AA%E0%B8%AB%E0%B8%84%E0%B8%A5%E0%B8%B4%E0%B8%99%E0%B8%B4%E0%B8%81/@13.8143022,100.6868732,17z/data=!3m1!4b1!4m6!3m5!1s0x311d63e0319b1ecb:0x88febd9e5e66aaac!8m2!3d13.8143022!4d100.6868732!16s%2Fg%2F11hk9m5s3m?entry=ttu&g_ep=EgoyMDI2MDUxMy4wIKXMDSoASAFQAw%3D%3D"
Panglyst Clinic (แป้งลิสท์ คลินิกเวชกรรม),0x21012404ee7dc73:0x84b1facf084a4e67,ผลลัพธ์,,,13.6617315,100.6552347,"https://www.google.com/maps/place/Panglyst+Clinic/@13.7863532,100.5702839,12z/data=!4m10!1m2!2m1!1zUGFuZ2x5c3QgQ2xpbmljICjguYHguJvguYnguIfguKXguLTguKrguJfguYwg4LiE4Lil4Li04LiZ4Li04LiB4LmA4Lin4LiK4LiB4Lij4Lij4LihKSBCYW5na29r!3m6!1s0x21012404ee7dc73:0x84b1facf084a4e67!8m2!3d13.6617315!4d100.6552347!15sCl1QYW5nbHlzdCBDbGluaWMgKOC5geC4m-C5ieC4h-C4peC4tOC4quC4l-C5jCDguITguKXguLTguJnguLTguIHguYDguKfguIrguIHguKPguKPguKEpIEJhbmdrb2taXyJdcGFuZ2x5c3QgY2xpbmljIOC5geC4m-C5ieC4hyDguKXguLTguKrguJfguYwg4LiE4Lil4Li04LiZ4Li04LiBIOC5gOC4p-C4iuC4geC4o-C4o-C4oSBiYW5na29rkgERZXN0aGV0aWNzX3NlcnZpY2WaAURDaTlEUVVsUlFVTnZaRU5vZEhsalJqbHZUMjB4VDFWR2IzZFNhbVJMVWpOb1ptSnFiRVZYVjJSM1RYcG9ORlZXUlJBQuABAPoBBQjSAhA0!16s%2Fg%2F11ym0bh_43?entry=ttu&g_ep=EgoyMDI2MDUxNy4wIKXMDSoASAFQAw%3D%3D"
Charmmy Clinic (ชาร์มมี่ คลินิกเวชกรรม),0x311d639c14ba4b41:0x18e9aa6af415fe53,ผลลัพธ์,,,13.8624534,100.6413316,"https://www.google.com/maps/place/Charmmy+Clinic/@13.8624534,100.3529405,11z/data=!4m10!1m2!2m1!1zQ2hhcm1teSBDbGluaWMgKOC4iuC4suC4o-C5jOC4oeC4oeC4teC5iCDguITguKXguLTguJnguLTguIHguYDguKfguIrguIHguKPguKPguKEpIEJhbmdrb2s!3m6!1s0x311d639c14ba4b41:0x18e9aa6af415fe53!8m2!3d13.8624534!4d100.6413316!15sCllDaGFybW15IENsaW5pYyAo4LiK4Liy4Lij4LmM4Lih4Lih4Li14LmIIOC4hOC4peC4tOC4meC4tOC4geC5gOC4p-C4iuC4geC4o-C4o-C4oSkgQmFuZ2tva1pdIltjaGFybW15IGNsaW5pYyDguIrguLIg4Lij4LmMIOC4oSDguKHguLXguYgg4LiE4Lil4Li04LiZ4Li04LiBIOC5gOC4p-C4iuC4geC4o-C4o-C4oSBiYW5na29rkgEQc2tpbl9jYXJlX2NsaW5pY5oBRENpOURRVWxSUVVOdlpFTm9kSGxqUmpsdlQyMXdSazB3YkVwVGJGWjRWMVJzVkdGcVJtWlpiRUpaVm5wc05rNXVZeEFC4AEA-gEECH8QQw!16s%2Fg%2F11x7ssv3yh?entry=ttu&g_ep=EgoyMDI2MDUxNy4wIKXMDSoASAFQAw%3D%3D"
Deep u0026 Harmonicare IVF Center,0x30e29fbe135f6f85:0x30e417a0f5b0307a,"DEEP & HARMONICARE IVF CENTER (THAILAND)​., CO.LTD",,,13.7425523,100.5966,"https://www.google.com/maps/place/DEEP+%26+HARMONICARE+IVF+CENTER+(THAILAND)%E2%80%8B.,+CO.LTD/@13.7425523,100.5966,17z/data=!3m1!4b1!4m6!3m5!1s0x30e29fbe135f6f85:0x30e417a0f5b0307a!8m2!3d13.7425523!4d100.5966!16s%2Fg%2F11hyt9l9pt?entry=ttu&g_ep=EgoyMDI2MDUxNy4wIKXMDSoASAFQAw%3D%3D"
De Balance Massage u0026 Relax,0x30e29fe448006e65:0x3e64a58444555168,ผลลัพธ์,,,13.7584149,100.5662471,"https://www.google.com/maps/place/Relax+Time+Massage+%26+Spa+(Central+Rama+9)/@13.7584149,95.9519893,7z/data=!4m10!1m2!2m1!1sDe+Balance+Massage+u0026+Relax+Bangkok!3m6!1s0x30e29fe448006e65:0x3e64a58444555168!8m2!3d13.7584149!4d100.5662471!15sCiZEZSBCYWxhbmNlIE1hc3NhZ2UgdTAwMjYgUmVsYXggQmFuZ2tva1ooIiZkZSBiYWxhbmNlIG1hc3NhZ2UgdTAwMjYgcmVsYXggYmFuZ2tva5IBC21hc3NhZ2Vfc3BhmgEkQ2hkRFNVaE5NRzluUzBWSlEwRm5TVVEzYmprdGVUVlJSUkFC4AEA-gEFCLsBEDQ!16s%2Fg%2F11tnccvd1d?entry=ttu&g_ep=EgoyMDI2MDUxNy4wIKXMDSoASAFQAw%3D%3D"
LBC Clinic (เลอบิวทิส คลินิก),0x30e29e8fbb798957:0xb768a966564eeeb1,ผลลัพธ์,,,13.7616688,100.5664155,"https://www.google.com/maps/place/LBC+Clinic+%E0%B9%81%E0%B8%AD%E0%B8%A5%E0%B8%9A%E0%B8%B5%E0%B8%8B%E0%B8%B5+%E0%B8%84%E0%B8%A5%E0%B8%B4%E0%B8%99%E0%B8%B4%E0%B8%81+%E0%B8%AA%E0%B8%B2%E0%B8%82%E0%B8%B2+%E0%B8%9E%E0%B8%A3%E0%B8%B0%E0%B8%A3%E0%B8%B2%E0%B8%A1+9+(Rama+9)/@13.7526191,100.5526458,15z/data=!4m10!1m2!2m1!1zTEJDIENsaW5pYyAo4LmA4Lil4Lit4Lia4Li04Lin4LiX4Li04LiqIOC4hOC4peC4tOC4meC4tOC4gSkgQmFuZ2tvaw!3m6!1s0x30e29e8fbb798957:0xb768a966564eeeb1!8m2!3d13.7616688!4d100.5664155!15sCkNMQkMgQ2xpbmljICjguYDguKXguK3guJrguLTguKfguJfguLTguKog4LiE4Lil4Li04LiZ4Li04LiBKSBCYW5na29rWkciRWxiYyBjbGluaWMg4LmA4Lil4LitIOC4muC4tCDguKcg4LiX4Li0IOC4qiDguITguKXguLTguJnguLTguIEgYmFuZ2tva5IBEHNraW5fY2FyZV9jbGluaWOaASNDaFpEU1VoTk1HOW5TMFZKUTBGblNVTTVORFEyU2s5bkVBReABAPoBBAgAEEE!16s%2Fg%2F11hzh2pssz?entry=ttu&g_ep=EgoyMDI2MDUxNy4wIKXMDSoASAFQAw%3D%3D"
Loft Thai Spa u0026 Tea House,0x30e29f2ad10f7ca5:0x5b6f2d8dff152fca,ผลลัพธ์,,,13.7259565,100.6001373,"https://www.google.com/maps/place/Loft+Thai+Spa+%26+Tea+House+-+Sukhumvit+71/@13.7233552,100.5850961,15z/data=!4m10!1m2!2m1!1sLoft+Thai+Spa+u0026+Tea+House+Bangkok!3m6!1s0x30e29f2ad10f7ca5:0x5b6f2d8dff152fca!8m2!3d13.7259565!4d100.6001373!15sCiVMb2Z0IFRoYWkgU3BhIHUwMDI2IFRlYSBIb3VzZSBCYW5na29rWiciJWxvZnQgdGhhaSBzcGEgdTAwMjYgdGVhIGhvdXNlIGJhbmdrb2uSAQdkYXlfc3BhmgEjQ2haRFNVaE5NRzluUzBWSlEwRm5TVVIwWjNZdE5rcDNFQUXgAQD6AQUIzQEQGw!16s%2Fg%2F11j_17pslw?entry=ttu&g_ep=EgoyMDI2MDUxNy4wIKXMDSoASAFQAw%3D%3D"
Prime Wellness at your Home,0x311d61d128261413:0x16fe0d6e1373dc6,ผลลัพธ์,,,13.767797,100.6364227,"https://www.google.com/maps/place/Prime+Wellness+%E0%B8%AA%E0%B8%B8%E0%B8%82%E0%B8%A0%E0%B8%B2%E0%B8%9E%E0%B8%94%E0%B8%B5%E0%B9%84%E0%B8%94%E0%B9%89%E0%B8%97%E0%B8%B5%E0%B9%88%E0%B8%9A%E0%B9%89%E0%B8%B2%E0%B8%99%E0%B8%84%E0%B8%B8%E0%B8%93/@13.767797,100.3480316,11z/data=!4m10!1m2!2m1!1sPrime+Wellness+at+your+Home+Bangkok!3m6!1s0x311d61d128261413:0x16fe0d6e1373dc6!8m2!3d13.767797!4d100.6364227!15sCiNQcmltZSBXZWxsbmVzcyBhdCB5b3VyIEhvbWUgQmFuZ2tva5IBGGhvbWVfaGVhbHRoX2NhcmVfc2VydmljZeABAA!16s%2Fg%2F11shxyvds4?entry=ttu&g_ep=EgoyMDI2MDUxNy4wIKXMDSoASAFQAw%3D%3D"
SRC Clinic (เอสอาร์ซี คลินิก),0x30e29c140df88b27:0x2fdd5d581d4bae62,,,,13.8102793,100.5309413,"https://www.google.com/maps/place/SRC+Clinic/@13.8102793,100.4948924,14z/data=!4m10!1m2!2m1!1zU1JDIENsaW5pYyAo4LmA4Lit4Liq4Lit4Liy4Lij4LmM4LiL4Li1IOC4hOC4peC4tOC4meC4tOC4gSkgQmFuZ2tvaw!3m6!1s0x30e29c140df88b27:0x2fdd5d581d4bae62!8m2!3d13.8102793!4d100.5309413!15sCkNTUkMgQ2xpbmljICjguYDguK3guKrguK3guLLguKPguYzguIvguLUg4LiE4Lil4Li04LiZ4Li04LiBKSBCYW5na29rWkciRXNyYyBjbGluaWMg4LmA4LitIOC4qiDguK3guLIg4Lij4LmMIOC4i-C4tSDguITguKXguLTguJnguLTguIEgYmFuZ2tva5IBDm1lZGljYWxfY2xpbmljmgEkQ2hkRFNVaE5NRzluUzBWSlEwRm5TVVJXTTA1WGVWOUJSUkFC4AEA-gEECAAQPA!16s%2Fg%2F1td6k2l_?entry=ttu&g_ep=EgoyMDI2MDUxNy4wIKXMDSoASAFQAw%3D%3D"
โรงพยาบาลบางปะกอก รังสิต 2,0x311d7ef884e0a015:0xf79cfc5bdbcefe8a,โรงพยาบาลบางปะกอก-รังสิต 2,,,13.9940497,100.6528967,"https://www.google.com/maps/place/%E0%B9%82%E0%B8%A3%E0%B8%87%E0%B8%9E%E0%B8%A2%E0%B8%B2%E0%B8%9A%E0%B8%B2%E0%B8%A5%E0%B8%9A%E0%B8%B2%E0%B8%87%E0%B8%9B%E0%B8%B0%E0%B8%81%E0%B8%AD%E0%B8%81-%E0%B8%A3%E0%B8%B1%E0%B8%87%E0%B8%AA%E0%B8%B4%E0%B8%95+2/@13.9940497,100.6528967,17z/data=!3m1!4b1!4m6!3m5!1s0x311d7ef884e0a015:0xf79cfc5bdbcefe8a!8m2!3d13.9940497!4d100.6528967!16s%2Fg%2F1tf_ks0b?entry=ttu&g_ep=EgoyMDI2MDUxNy4wIKXMDSoASAFQAw%3D%3D"
Tooth Mood Dental Clinic,0x311d5f3f7e482b7b:0xe45def4edc743912,Tooth Mood Dental Clinic | ทำฟัน รากฟันเทียม ฟันปลอม จัดฟัน รักษารากฟัน ฟอกสีฟัน โดยทันตแพทย์เฉพาะทาง,,,13.6698725,100.6263901,"https://www.google.com/maps/place/Tooth+Mood+Dental+Clinic+%7C+%E0%B8%97%E0%B8%B3%E0%B8%9F%E0%B8%B1%E0%B8%99+%E0%B8%A3%E0%B8%B2%E0%B8%81%E0%B8%9F%E0%B8%B1%E0%B8%99%E0%B9%80%E0%B8%97%E0%B8%B5%E0%B8%A2%E0%B8%A1+%E0%B8%9F%E0%B8%B1%E0%B8%99%E0%B8%9B%E0%B8%A5%E0%B8%AD%E0%B8%A1+%E0%B8%88%E0%B8%B1%E0%B8%94%E0%B8%9F%E0%B8%B1%E0%B8%99+%E0%B8%A3%E0%B8%B1%E0%B8%81%E0%B8%A9%E0%B8%B2%E0%B8%A3%E0%B8%B2%E0%B8%81%E0%B8%9F%E0%B8%B1%E0%B8%99+%E0%B8%9F%E0%B8%AD%E0%B8%81%E0%B8%AA%E0%B8%B5%E0%B8%9F%E0%B8%B1%E0%B8%99+%E0%B9%82%E0%B8%94%E0%B8%A2%E0%B8%97%E0%B8%B1%E0%B8%99%E0%B8%95%E0%B9%81%E0%B8%9E%E0%B8%97%E0%B8%A2%E0%B9%8C%E0%B9%80%E0%B8%89%E0%B8%9E%E0%B8%B2%E0%B8%B0%E0%B8%97%E0%B8%B2%E0%B8%87/@13.6698725,100.6263901,17z/data=!3m1!4b1!4m6!3m5!1s0x311d5f3f7e482b7b:0xe45def4edc743912!8m2!3d13.6698725!4d100.6263901!16s%2Fg%2F11wr26t2kz?entry=ttu&g_ep=EgoyMDI2MDUxNy4wIKXMDSoASAFQAw%3D%3D"
Adaline Aesthetic Clinic,0x30e299894fcd874d:0x89b4fb678f24c685,Adaline Aesthetic Clinic,,,13.7066924,100.5217854,"https://www.google.com/maps/place/Adaline+Aesthetic+Clinic/@13.7066924,100.5217854,17z/data=!3m1!4b1!4m6!3m5!1s0x30e299894fcd874d:0x89b4fb678f24c685!8m2!3d13.7066924!4d100.5217854!16s%2Fg%2F11vqpcg524?entry=ttu&g_ep=EgoyMDI2MDUxNy4wIKXMDSoASAFQAw%3D%3D"
โรงพยาบาลเปาโล พระประแดง,0x30e2a147ffa48bc3:0xe82c8739f5f46271,โรงพยาบาลเปาโล พระประแดง,,,13.6084608,100.5514274,"https://www.google.com/maps/place/%E0%B9%82%E0%B8%A3%E0%B8%87%E0%B8%9E%E0%B8%A2%E0%B8%B2%E0%B8%9A%E0%B8%B2%E0%B8%A5%E0%B9%80%E0%B8%9B%E0%B8%B2%E0%B9%82%E0%B8%A5+%E0%B8%9E%E0%B8%A3%E0%B8%B0%E0%B8%9B%E0%B8%A3%E0%B8%B0%E0%B9%81%E0%B8%94%E0%B8%87/@13.6084608,100.5514274,17z/data=!3m1!4b1!4m6!3m5!1s0x30e2a147ffa48bc3:0xe82c8739f5f46271!8m2!3d13.6084608!4d100.5514274!16s%2Fg%2F1tf62ycw?entry=ttu&g_ep=EgoyMDI2MDUxNy4wIKXMDSoASAFQAw%3D%3D"
Life Balance Methodology,0x30e29d1b3619fee3:0x8350eb61c177daa2,,,,13.8360469,100.5822386,"https://www.google.com/maps/place/Life+Balance+Methodology/@13.8360469,100.438043,12z/data=!4m10!1m2!2m1!1sLife+Balance+Methodology+Bangkok!3m6!1s0x30e29d1b3619fee3:0x8350eb61c177daa2!8m2!3d13.8360469!4d100.5822386!15sCiBMaWZlIEJhbGFuY2UgTWV0aG9kb2xvZ3kgQmFuZ2tva1oiIiBsaWZlIGJhbGFuY2UgbWV0aG9kb2xvZ3kgYmFuZ2tva5IBDm1lZGljYWxfY2xpbmljmgEjQ2haRFNVaE5NRzluUzBWSlEwRm5TVU5sZHpaWE1tSjNFQUXgAQD6AQQIdBA9!16s%2Fg%2F11c1nxltqp?entry=ttu&g_ep=EgoyMDI2MDUxNy4wIKXMDSoASAFQAw%3D%3D"
โรงพยาบาลสหวิทยาการมะลิ,0x30e2bd4712137333:0xdf9ab443f0edc285,โรงพยาบาลสหวิทยาการมะลิ,,,13.6729144,100.4242284,"https://www.google.com/maps/place/%E0%B9%82%E0%B8%A3%E0%B8%87%E0%B8%9E%E0%B8%A2%E0%B8%B2%E0%B8%9A%E0%B8%B2%E0%B8%A5%E0%B8%AA%E0%B8%AB%E0%B8%A7%E0%B8%B4%E0%B8%97%E0%B8%A2%E0%B8%B2%E0%B8%81%E0%B8%B2%E0%B8%A3%E0%B8%A1%E0%B8%B0%E0%B8%A5%E0%B8%B4/@13.6729144,100.4242284,17z/data=!3m1!4b1!4m6!3m5!1s0x30e2bd4712137333:0xdf9ab443f0edc285!8m2!3d13.6729144!4d100.4242284!16s%2Fg%2F11b7q5lmjj?entry=ttu&g_ep=EgoyMDI2MDUxNy4wIKXMDSoASAFQAw%3D%3D"
โรงพยาบาลพญาไท นวมินทร์,0x311d62f96902a07b:0x9ad846b54de9c466,โรงพยาบาลพญาไท นวมินทร์,,,13.8252124,100.6575516,"https://www.google.com/maps/place/%E0%B9%82%E0%B8%A3%E0%B8%87%E0%B8%9E%E0%B8%A2%E0%B8%B2%E0%B8%9A%E0%B8%B2%E0%B8%A5%E0%B8%9E%E0%B8%8D%E0%B8%B2%E0%B9%84%E0%B8%97+%E0%B8%99%E0%B8%A7%E0%B8%A1%E0%B8%B4%E0%B8%99%E0%B8%97%E0%B8%A3%E0%B9%8C/@13.8252124,100.6575516,17z/data=!3m1!4b1!4m6!3m5!1s0x311d62f96902a07b:0x9ad846b54de9c466!8m2!3d13.8252124!4d100.6575516!16s%2Fg%2F12hvqqf33?entry=ttu&g_ep=EgoyMDI2MDUxNy4wIKXMDSoASAFQAw%3D%3D"
InterRehab NeuroBridge,0x311d6582b5499ad3:0xe4beb732b47967cf,ผลลัพธ์,,,13.7756797,100.6740179,"https://www.google.com/maps/place/InterRehab+NeuroBridge+Sammakorn+Place+Ramkhamhaeng/@13.7534851,100.6170805,13z/data=!4m10!1m2!2m1!1sInterRehab+NeuroBridge+Bangkok!3m6!1s0x311d6582b5499ad3:0xe4beb732b47967cf!8m2!3d13.7756797!4d100.6740179!15sCh5JbnRlclJlaGFiIE5ldXJvQnJpZGdlIEJhbmdrb2taICIeaW50ZXJyZWhhYiBuZXVyb2JyaWRnZSBiYW5na29rkgEObWVkaWNhbF9jbGluaWOaASNDaFpEU1VoTk1HOW5TMFZKUTBGblNVUm1jVGx1Y0U1bkVBReABAPoBBAgAEBo!16s%2Fg%2F11rklxznnd?entry=ttu&g_ep=EgoyMDI2MDUxNy4wIKXMDSoASAFQAw%3D%3D"
Smile Massage Ekkamai,0x30e29fbaddd8d68b:0x8ada7a42d8e5b2f8,Smile Massage & Spa,,,13.7182994,100.5871741,"https://www.google.com/maps/place/Smile+Massage+%26+Spa/@13.7182994,100.5871741,17z/data=!3m1!4b1!4m6!3m5!1s0x30e29fbaddd8d68b:0x8ada7a42d8e5b2f8!8m2!3d13.7182994!4d100.5871741!16s%2Fg%2F11c6fvd6gw?entry=ttu&g_ep=EgoyMDI2MDUxNy4wIKXMDSoASAFQAw%3D%3D"
Mesmile Dental Clinic,0x30e2834e99853e45:0xa168a09df0122f11,Mesmile dental clinic,,,13.8793945,100.5908349,"https://www.google.com/maps/place/Mesmile+dental+clinic/@13.8793945,100.5908349,17z/data=!3m1!4b1!4m6!3m5!1s0x30e2834e99853e45:0xa168a09df0122f11!8m2!3d13.8793945!4d100.5908349!16s%2Fg%2F11rc6lxnrk?entry=ttu&g_ep=EgoyMDI2MDUxNy4wIKXMDSoASAFQAw%3D%3D"
Max Wellness Clinic,0x30e29fbd010f2f6f:0x37a3dcc9d1f9a901,แมกซ์ เวลเนส คลินิก - Max Wellness Clinic,,,13.7003673,100.6032943,"https://www.google.com/maps/place/%E0%B9%81%E0%B8%A1%E0%B8%81%E0%B8%8B%E0%B9%8C+%E0%B9%80%E0%B8%A7%E0%B8%A5%E0%B9%80%E0%B8%99%E0%B8%AA+%E0%B8%84%E0%B8%A5%E0%B8%B4%E0%B8%99%E0%B8%B4%E0%B8%81+-+Max+Wellness+Clinic/@13.7003673,100.6032943,17z/data=!3m1!4b1!4m6!3m5!1s0x30e29fbd010f2f6f:0x37a3dcc9d1f9a901!8m2!3d13.7003673!4d100.6032943!16s%2Fg%2F11y2kc42c9?entry=ttu&g_ep=EgoyMDI2MDUxNy4wIKXMDSoASAFQAw%3D%3D"
สันติรักษ์ สหคลินิก,0x30e29f5ed557e3c1:0x5111a477a54d579b,สันติรักษ์ คลินิกเวชกรรม,,,13.7695617,100.6186859,"https://www.google.com/maps/place/%E0%B8%AA%E0%B8%B1%E0%B8%99%E0%B8%95%E0%B8%B4%E0%B8%A3%E0%B8%B1%E0%B8%81%E0%B8%A9%E0%B9%8C+%E0%B8%84%E0%B8%A5%E0%B8%B4%E0%B8%99%E0%B8%B4%E0%B8%81%E0%B9%80%E0%B8%A7%E0%B8%8A%E0%B8%81%E0%B8%A3%E0%B8%A3%E0%B8%A1/@13.7695617,100.6186859,17z/data=!3m1!4b1!4m6!3m5!1s0x30e29f5ed557e3c1:0x5111a477a54d579b!8m2!3d13.7695617!4d100.6186859!16s%2Fg%2F11tp9wxgcb?entry=ttu&g_ep=EgoyMDI2MDUxNy4wIKXMDSoASAFQAw%3D%3D"
โรงพยาบาลนวมินทร์ 9,0x311d6464b09cf07b:0x7ad54fd4f297ef1b,โรงพยาบาลนวมินทร์ 9,,,13.8113417,100.7237556,"https://www.google.com/maps/place/%E0%B9%82%E0%B8%A3%E0%B8%87%E0%B8%9E%E0%B8%A2%E0%B8%B2%E0%B8%9A%E0%B8%B2%E0%B8%A5%E0%B8%99%E0%B8%A7%E0%B8%A1%E0%B8%B4%E0%B8%99%E0%B8%97%E0%B8%A3%E0%B9%8C+9/@13.8113417,100.7237556,17z/data=!3m1!4b1!4m6!3m5!1s0x311d6464b09cf07b:0x7ad54fd4f297ef1b!8m2!3d13.8113417!4d100.7237556!16s%2Fg%2F121011x9?entry=ttu&g_ep=EgoyMDI2MDUxNy4wIKXMDSoASAFQAw%3D%3D"
Glow Clinic Thailand,0x311d5f56ffb30853:0x5ac2b75e54e79fc6,,,,13.6779895,100.6265801,"https://www.google.com/maps/place/Glow+Clinic+Sukhumvit103+-+%E0%B9%82%E0%B8%81%E0%B8%A5%E0%B8%A7%E0%B9%8C%E0%B8%84%E0%B8%A5%E0%B8%B4%E0%B8%99%E0%B8%B4%E0%B8%81+%E0%B9%80%E0%B8%A5%E0%B9%80%E0%B8%8B%E0%B8%AD%E0%B8%A3%E0%B9%8C%E0%B8%AB%E0%B8%99%E0%B9%89%E0%B8%B2%E0%B9%83%E0%B8%AA+%E0%B8%A3%E0%B8%B1%E0%B8%81%E0%B8%A9%E0%B8%B2%E0%B8%AA%E0%B8%B4%E0%B8%A7+%E0%B9%84%E0%B8%9D+%E0%B8%9D%E0%B9%89%E0%B8%B2+%E0%B8%81%E0%B8%A3%E0%B8%B0+botox+filler/@13.7248127,100.5876462,13z/data=!4m10!1m2!2m1!1sGlow+Clinic+Thailand+Bangkok!3m6!1s0x311d5f56ffb30853:0x5ac2b75e54e79fc6!8m2!3d13.6779895!4d100.6265801!15sChxHbG93IENsaW5pYyBUaGFpbGFuZCBCYW5na29rkgEQc2tpbl9jYXJlX2NsaW5pY-ABAA!16s%2Fg%2F11fkq8x3jb?entry=ttu&g_ep=EgoyMDI2MDUxNy4wIKXMDSoASAFQAw%3D%3D"
Aichi Dental Clinic,0x311d5faa31105405:0x848b0de86682c347,คลินิกทันตกรรมไอชิ Aichi Dental Clinic,,,13.6570785,100.6776965,"https://www.google.com/maps/place/%E0%B8%84%E0%B8%A5%E0%B8%B4%E0%B8%99%E0%B8%B4%E0%B8%81%E0%B8%97%E0%B8%B1%E0%B8%99%E0%B8%95%E0%B8%81%E0%B8%A3%E0%B8%A3%E0%B8%A1%E0%B9%84%E0%B8%AD%E0%B8%8A%E0%B8%B4+Aichi+Dental+Clinic/@13.6570785,100.6776965,17z/data=!3m1!4b1!4m6!3m5!1s0x311d5faa31105405:0x848b0de86682c347!8m2!3d13.6570785!4d100.6776965!16s%2Fg%2F11vd656gb1?entry=ttu&g_ep=EgoyMDI2MDUxNy4wIKXMDSoASAFQAw%3D%3D"
DGAN Physio Clinic,0x30e29bb7e1237579:0xd71b9c9467a659fd,DGAN Physio Clinic,,,13.8448214,100.4559041,"https://www.google.com/maps/place/DGAN+Physio+Clinic/@13.8448214,100.4559041,17z/data=!3m1!4b1!4m6!3m5!1s0x30e29bb7e1237579:0xd71b9c9467a659fd!8m2!3d13.8448214!4d100.4559041!16s%2Fg%2F11hdz7qgdn?entry=ttu&g_ep=EgoyMDI2MDUxNy4wIKXMDSoASAFQAw%3D%3D"
โรงพยาบาลวิชัยยุทธ,0x30e29c01bf84a57d:0x6f678539a140ccd9,ผลลัพธ์,,,13.7831974,100.5337002,"https://www.google.com/maps/place/%E0%B9%82%E0%B8%A3%E0%B8%87%E0%B8%9E%E0%B8%A2%E0%B8%B2%E0%B8%9A%E0%B8%B2%E0%B8%A5%E0%B8%A7%E0%B8%B4%E0%B8%8A%E0%B8%B1%E0%B8%A2%E0%B8%A2%E0%B8%B8%E0%B8%97%E0%B8%98/@13.783197,100.5314469,18z/data=!4m10!1m2!2m1!1z4LmC4Lij4LiH4Lie4Lii4Liy4Lia4Liy4Lil4Lin4Li04LiK4Lix4Lii4Lii4Li44LiX4LiYIEJhbmdrb2s!3m6!1s0x30e29c01bf84a57d:0x6f678539a140ccd9!8m2!3d13.7831974!4d100.5337002!15sCj7guYLguKPguIfguJ7guKLguLLguJrguLLguKXguKfguLTguIrguLHguKLguKLguLjguJfguJggQmFuZ2tva1pDIkHguYLguKPguIcg4Lie4Lii4Liy4Lia4Liy4LilIOC4p-C4tOC4iuC4seC4oiDguKLguLjguJfguJggYmFuZ2tva5IBEHByaXZhdGVfaG9zcGl0YWyaASNDaFpEU1VoTk1HOW5TMFZKUTBGblNVUjRhamhRVUZoQkVBReABAPoBBAhAEE0!16s%2Fg%2F11h5vv40yt?entry=ttu&g_ep=EgoyMDI2MDUxNy4wIKXMDSoASAFQAw%3D%3D"
PD Wellness Clinic,0x30e29fccff99c03d:0xd9690b8f03c31932,PD wellness clinic,,,13.7274314,100.5874211,"https://www.google.com/maps/place/PD+wellness+clinic/@13.7274314,100.5874211,17z/data=!3m1!4b1!4m6!3m5!1s0x30e29fccff99c03d:0xd9690b8f03c31932!8m2!3d13.7274314!4d100.5874211!16s%2Fg%2F11pvkppdqq?entry=ttu&g_ep=EgoyMDI2MDUxNy4wIKXMDSoASAFQAw%3D%3D"
Billion Care Clinic,0x30e283e10b21a6e1:0x25868d027a183bb3,Billion Care Clinic บิลเลี่ยนแคร์คลินิก,,,13.8901567,100.5878162,"https://www.google.com/maps/place/Billion+Care+Clinic+%E0%B8%9A%E0%B8%B4%E0%B8%A5%E0%B9%80%E0%B8%A5%E0%B8%B5%E0%B9%88%E0%B8%A2%E0%B8%99%E0%B9%81%E0%B8%84%E0%B8%A3%E0%B9%8C%E0%B8%84%E0%B8%A5%E0%B8%B4%E0%B8%99%E0%B8%B4%E0%B8%81/@13.8901567,100.5878162,17z/data=!3m1!4b1!4m6!3m5!1s0x30e283e10b21a6e1:0x25868d027a183bb3!8m2!3d13.8901567!4d100.5878162!16s%2Fg%2F11j1jwwlvs?entry=ttu&g_ep=EgoyMDI2MDUxNy4wIKXMDSoASAFQAw%3D%3D"
คลินิกหมอปรางทิพย์,0x30e29e7a3bd5adc9:0xc2b458d6682d46b1,หมอปรางทิพย์คลินิก (คลินิกรักษาสิว),,,13.771304,100.583957,"https://www.google.com/maps/place/%E0%B8%AB%E0%B8%A1%E0%B8%AD%E0%B8%9B%E0%B8%A3%E0%B8%B2%E0%B8%87%E0%B8%97%E0%B8%B4%E0%B8%9E%E0%B8%A2%E0%B9%8C%E0%B8%84%E0%B8%A5%E0%B8%B4%E0%B8%99%E0%B8%B4%E0%B8%81+(%E0%B8%84%E0%B8%A5%E0%B8%B4%E0%B8%99%E0%B8%B4%E0%B8%81%E0%B8%A3%E0%B8%B1%E0%B8%81%E0%B8%A9%E0%B8%B2%E0%B8%AA%E0%B8%B4%E0%B8%A7)/@13.771304,100.583957,17z/data=!3m1!4b1!4m6!3m5!1s0x30e29e7a3bd5adc9:0xc2b458d6682d46b1!8m2!3d13.771304!4d100.583957!16s%2Fg%2F11by_gxc1b?entry=ttu&g_ep=EgoyMDI2MDUxNy4wIKXMDSoASAFQAw%3D%3D"
Innerheal Wellness,0x30e29f2ecce3904b:0xb8229c952c3dd46d,Innerheal Wellness,,,13.7295809,100.5338355,"https://www.google.com/maps/place/Innerheal+Wellness/@13.7295809,100.5338355,17z/data=!3m1!4b1!4m6!3m5!1s0x30e29f2ecce3904b:0xb8229c952c3dd46d!8m2!3d13.7295809!4d100.5338355!16s%2Fg%2F11t4yvmpcr?entry=ttu&g_ep=EgoyMDI2MDUxNy4wIKXMDSoASAFQAw%3D%3D"
Plearn Skin Clinic,0x30e29d5a5ac478a5:0x773a23ac738f5076,PLEARN SKIN CLINIC (เพลิน สกินคลินิก),,,13.8064624,100.5752346,"https://www.google.com/maps/place/PLEARN+SKIN+CLINIC+(%E0%B9%80%E0%B8%9E%E0%B8%A5%E0%B8%B4%E0%B8%99+%E0%B8%AA%E0%B8%81%E0%B8%B4%E0%B8%99%E0%B8%84%E0%B8%A5%E0%B8%B4%E0%B8%99%E0%B8%B4%E0%B8%81)/@13.8064624,100.5752346,17z/data=!3m1!4b1!4m6!3m5!1s0x30e29d5a5ac478a5:0x773a23ac738f5076!8m2!3d13.8064624!4d100.5752346!16s%2Fg%2F11stx7kqyr?entry=ttu&g_ep=EgoyMDI2MDUxNy4wIKXMDSoASAFQAw%3D%3D"
happybirth Clinic,0x311d61c0bb1367f9:0xbe26cf36f3a0c6c2,ผลลัพธ์,,,13.7591827,100.6313002,"https://www.google.com/maps/place/happybirth+%E0%B8%84%E0%B8%A5%E0%B8%B4%E0%B8%99%E0%B8%B4%E0%B8%81%E0%B8%AA%E0%B8%B9%E0%B8%95%E0%B8%B4%E0%B8%99%E0%B8%A3%E0%B8%B5%E0%B9%80%E0%B8%A7%E0%B8%8A%E0%B9%81%E0%B8%AE%E0%B8%9B%E0%B8%9B%E0%B8%B5%E0%B9%89%E0%B9%80%E0%B8%9A%E0%B8%B4%E0%B8%A3%E0%B9%8C%E0%B8%98+(%E0%B8%A3%E0%B8%B2%E0%B8%A1%E0%B8%84%E0%B8%B3%E0%B9%81%E0%B8%AB%E0%B8%87)/@13.759183,100.4871044,12z/data=!4m10!1m2!2m1!1shappybirth+Clinic+Bangkok!3m6!1s0x311d61c0bb1367f9:0xbe26cf36f3a0c6c2!8m2!3d13.7591827!4d100.6313002!15sChloYXBweWJpcnRoIENsaW5pYyBCYW5na29rWhsiGWhhcHB5YmlydGggY2xpbmljIGJhbmdrb2uSAQxneW5lY29sb2dpc3SaAURDaTlEUVVsUlFVTnZaRU5vZEhsalJqbHZUMnRPVWs1cVZtaE9Sa3BtVXpKa05rMUVSa2xYV0dobVVYcGFlbFpGUlJBQuABAPoBBQimARA9!16s%2Fg%2F11sts_y7h7?entry=ttu&g_ep=EgoyMDI2MDUxNy4wIKXMDSoASAFQAw%3D%3D"
Progression Clinic,0x30e29dfef3841269:0x8204f78dab96afb1,Progression Clinic,,,13.8553782,100.5420269,"https://www.google.com/maps/place/Progression+Clinic/@13.8553782,100.5420269,17z/data=!3m1!4b1!4m6!3m5!1s0x30e29dfef3841269:0x8204f78dab96afb1!8m2!3d13.8553782!4d100.5420269!16s%2Fg%2F11whyp66rk?entry=ttu&g_ep=EgoyMDI2MDUxNy4wIKXMDSoASAFQAw%3D%3D"
MN Medical Clinic,0x30e29d5c2f303be3:0x34b8d089638177b2,MN Medical Clinic,,,13.8028837,100.5743845,"https://www.google.com/maps/place/MN+Medical+Clinic/@13.8028837,100.5743845,17z/data=!3m1!4b1!4m6!3m5!1s0x30e29d5c2f303be3:0x34b8d089638177b2!8m2!3d13.8028837!4d100.5743845!16s%2Fg%2F11s41788jr?entry=ttu&g_ep=EgoyMDI2MDUxNy4wIKXMDSoASAFQAw%3D%3D"
Paz dental Clinic,0x311d61775c3c6093:0xac2d27efe5f24e21,Paz dental clinic คลินิกพาซ,,,13.6869787,100.6474702,"https://www.google.com/maps/place/Paz+dental+clinic+%E0%B8%84%E0%B8%A5%E0%B8%B4%E0%B8%99%E0%B8%B4%E0%B8%81%E0%B8%9E%E0%B8%B2%E0%B8%8B/@13.6869787,100.6474702,17z/data=!3m1!4b1!4m6!3m5!1s0x311d61775c3c6093:0xac2d27efe5f24e21!8m2!3d13.6869787!4d100.6474702!16s%2Fg%2F11vt2bw6_y?entry=ttu&g_ep=EgoyMDI2MDUxNy4wIKXMDSoASAFQAw%3D%3D"
Befriends Clinic,0x311d6339c20c04e5:0x5d180bd63912770d,Befriends Clinic บีเฟรนด์ คลินิก,,,13.7763516,100.6745716,"https://www.google.com/maps/place/Befriends+Clinic+%E0%B8%9A%E0%B8%B5%E0%B9%80%E0%B8%9F%E0%B8%A3%E0%B8%99%E0%B8%94%E0%B9%8C+%E0%B8%84%E0%B8%A5%E0%B8%B4%E0%B8%99%E0%B8%B4%E0%B8%81/@13.7763516,100.6745716,17z/data=!3m1!4b1!4m6!3m5!1s0x311d6339c20c04e5:0x5d180bd63912770d!8m2!3d13.7763516!4d100.6745716!16s%2Fg%2F11txpz4h3x?entry=ttu&g_ep=EgoyMDI2MDUxNy4wIKXMDSoASAFQAw%3D%3D"
โรงพยาบาลพญาไท 3,0x30e2984634badc79:0xd5f0e330080118f4,โรงพยาบาลพญาไท 3,,,13.722973,100.4640754,"https://www.google.com/maps/place/%E0%B9%82%E0%B8%A3%E0%B8%87%E0%B8%9E%E0%B8%A2%E0%B8%B2%E0%B8%9A%E0%B8%B2%E0%B8%A5%E0%B8%9E%E0%B8%8D%E0%B8%B2%E0%B9%84%E0%B8%97+3/@13.722973,100.4640754,17z/data=!3m1!4b1!4m6!3m5!1s0x30e2984634badc79:0xd5f0e330080118f4!8m2!3d13.722973!4d100.4640754!16s%2Fm%2F027n4hq?entry=ttu&g_ep=EgoyMDI2MDUxNy4wIKXMDSoASAFQAw%3D%3D"
Menness Wellness,0x30e2991fc617987f:0x4887b173f99e2317,Menness Clinic (เมนเนส คลินิก),,,13.7216556,100.509555,"https://www.google.com/maps/place/Menness+Clinic+(%E0%B9%80%E0%B8%A1%E0%B8%99%E0%B9%80%E0%B8%99%E0%B8%AA+%E0%B8%84%E0%B8%A5%E0%B8%B4%E0%B8%99%E0%B8%B4%E0%B8%81)/@13.7216556,100.509555,17z/data=!3m1!4b1!4m6!3m5!1s0x30e2991fc617987f:0x4887b173f99e2317!8m2!3d13.7216556!4d100.509555!16s%2Fg%2F11vbzbmvfl?entry=ttu&g_ep=EgoyMDI2MDUxNy4wIKXMDSoASAFQAw%3D%3D"
Miso Care Clinic,0x30e2a105f7336a27:0x687c80d6c661c0ab,MISO CARE CLINIC (มีโซ แคร์ คลินิก),,,13.6112134,100.6191252,"https://www.google.com/maps/place/MISO+CARE+CLINIC+(%E0%B8%A1%E0%B8%B5%E0%B9%82%E0%B8%8B+%E0%B9%81%E0%B8%84%E0%B8%A3%E0%B9%8C+%E0%B8%84%E0%B8%A5%E0%B8%B4%E0%B8%99%E0%B8%B4%E0%B8%81)/@13.6112134,100.6191252,17z/data=!3m1!4b1!4m6!3m5!1s0x30e2a105f7336a27:0x687c80d6c661c0ab!8m2!3d13.6112134!4d100.6191252!16s%2Fg%2F11l700sy0b?entry=ttu&g_ep=EgoyMDI2MDUxNy4wIKXMDSoASAFQAw%3D%3D"
Bellalin Clinic,0x30e29faf8d4df773:0xf94ede818beefcd6,Bellalin Clinic,,,13.7789698,100.5616975,"https://www.google.com/maps/place/Bellalin+Clinic/@13.7789698,100.5616975,17z/data=!3m1!4b1!4m6!3m5!1s0x30e29faf8d4df773:0xf94ede818beefcd6!8m2!3d13.7789698!4d100.5616975!16s%2Fg%2F11fv6v37h2?entry=ttu&g_ep=EgoyMDI2MDUxNy4wIKXMDSoASAFQAw%3D%3D"
Menhance Clinic,0x30e29f4b5aede4bd:0xd06f1bc1d6da7e92,MENHANCE The Clinic for Men,,,13.7357379,100.5768472,"https://www.google.com/maps/place/MENHANCE+The+Clinic+for+Men/@13.7357379,100.5768472,17z/data=!3m1!4b1!4m6!3m5!1s0x30e29f4b5aede4bd:0xd06f1bc1d6da7e92!8m2!3d13.7357379!4d100.5768472!16s%2Fg%2F11ld1dxw9d?entry=ttu&g_ep=EgoyMDI2MDUxNy4wIKXMDSoASAFQAw%3D%3D"
BIKIHADA CLINIC,0x30e29f150f8c7d89:0xba8c5fdd7ce679aa,BIKIHADA CLINIC,,,13.695584,100.6050142,"https://www.google.com/maps/place/BIKIHADA+CLINIC/@13.695584,100.6050142,17z/data=!3m1!4b1!4m6!3m5!1s0x30e29f150f8c7d89:0xba8c5fdd7ce679aa!8m2!3d13.695584!4d100.6050142!16s%2Fg%2F11y3ngrc92?entry=ttu&g_ep=EgoyMDI2MDUxNy4wIKXMDSoASAFQAw%3D%3D"
Kawintra Clinic,0x30e2a14ee9ad771f:0x588df0bb31cea61f,Kawintra Clinic กวินทราคลินิก,,,13.6609785,100.6010646,"https://www.google.com/maps/place/Kawintra+Clinic+%E0%B8%81%E0%B8%A7%E0%B8%B4%E0%B8%99%E0%B8%97%E0%B8%A3%E0%B8%B2%E0%B8%84%E0%B8%A5%E0%B8%B4%E0%B8%99%E0%B8%B4%E0%B8%81/@13.6609785,100.6010646,17z/data=!3m1!4b1!4m6!3m5!1s0x30e2a14ee9ad771f:0x588df0bb31cea61f!8m2!3d13.6609785!4d100.6010646!16s%2Fg%2F11qvfztjts?entry=ttu&g_ep=EgoyMDI2MDUxNy4wIKXMDSoASAFQAw%3D%3D"
Womanista Lash,0x30e29954c587c587:0x23bced8ca19b26fb,ผลลัพธ์,,,13.7652518,100.4436889,"https://www.google.com/maps/place/Womanista+Lash+%E0%B8%95%E0%B9%88%E0%B8%AD%E0%B8%82%E0%B8%99%E0%B8%95%E0%B8%B2+%E0%B8%A5%E0%B8%B4%E0%B8%9F%E0%B8%95%E0%B8%B4%E0%B9%89%E0%B8%87+%E0%B9%81%E0%B8%A7%E0%B9%8A%E0%B8%81%E0%B8%8B%E0%B9%8C/@13.765252,100.1552979,11z/data=!4m10!1m2!2m1!1sWomanista+Lash+Bangkok!3m6!1s0x30e29954c587c587:0x23bced8ca19b26fb!8m2!3d13.7652518!4d100.4436889!15sChZXb21hbmlzdGEgTGFzaCBCYW5na29rWhgiFndvbWFuaXN0YSBsYXNoIGJhbmdrb2uSAQxiZWF1dHlfc2Fsb26aASRDaGREU1VoTk1HOW5TMFZKUTBGblNVUXpielZ5T1RSblJSQULgAQD6AQQIABAr!16s%2Fg%2F11lgrtvsmt?entry=ttu&g_ep=EgoyMDI2MDUxNy4wIKXMDSoASAFQAw%3D%3D"
The Nest Clinic,0x30e2998f043149b7:0xfbeda7243a98ef4a,The Nest Clinic ราชพฤกษ์ คลินิกรักษาสิว รักษาฝ้า กระ เลเซอร์ผิว ยกกระชับหน้า Botox,,,13.7587434,100.4286345,"https://www.google.com/maps/place/The+Nest+Clinic+%E0%B8%A3%E0%B8%B2%E0%B8%8A%E0%B8%9E%E0%B8%A4%E0%B8%81%E0%B8%A9%E0%B9%8C+%E0%B8%84%E0%B8%A5%E0%B8%B4%E0%B8%99%E0%B8%B4%E0%B8%81%E0%B8%A3%E0%B8%B1%E0%B8%81%E0%B8%A9%E0%B8%B2%E0%B8%AA%E0%B8%B4%E0%B8%A7+%E0%B8%A3%E0%B8%B1%E0%B8%81%E0%B8%A9%E0%B8%B2%E0%B8%9D%E0%B9%89%E0%B8%B2+%E0%B8%81%E0%B8%A3%E0%B8%B0+%E0%B9%80%E0%B8%A5%E0%B9%80%E0%B8%8B%E0%B8%AD%E0%B8%A3%E0%B9%8C%E0%B8%9C%E0%B8%B4%E0%B8%A7+%E0%B8%A2%E0%B8%81%E0%B8%81%E0%B8%A3%E0%B8%B0%E0%B8%8A%E0%B8%B1%E0%B8%9A%E0%B8%AB%E0%B8%99%E0%B9%89%E0%B8%B2+Botox/@13.7587434,100.4286345,17z/data=!3m1!4b1!4m6!3m5!1s0x30e2998f043149b7:0xfbeda7243a98ef4a!8m2!3d13.7587434!4d100.4286345!16s%2Fg%2F11kr9jnpn0?entry=ttu&g_ep=EgoyMDI2MDUxNy4wIKXMDSoASAFQAw%3D%3D"
Ceyla Wellness,0x30e29f8a98f38e07:0x43e8930c72a4c4af,CELLFITT Wellness,,,13.7436054,100.5413065,"https://www.google.com/maps/place/CELLFITT+Wellness/@13.7436054,100.5413065,17z/data=!3m1!4b1!4m6!3m5!1s0x30e29f8a98f38e07:0x43e8930c72a4c4af!8m2!3d13.7436054!4d100.5413065!16s%2Fg%2F11vdhpd0xf?entry=ttu&g_ep=EgoyMDI2MDUxNy4wIKXMDSoASAFQAw%3D%3D"
โรงพยาบาลวิมุต,0x30e29d018d198813:0x81291dc46868239,โรงพยาบาลวิมุต,,,13.7888116,100.5481113,"https://www.google.com/maps/place/%E0%B9%82%E0%B8%A3%E0%B8%87%E0%B8%9E%E0%B8%A2%E0%B8%B2%E0%B8%9A%E0%B8%B2%E0%B8%A5%E0%B8%A7%E0%B8%B4%E0%B8%A1%E0%B8%B8%E0%B8%95/@13.7888116,100.5481113,17z/data=!3m1!4b1!4m6!3m5!1s0x30e29d018d198813:0x81291dc46868239!8m2!3d13.7888116!4d100.5481113!16s%2Fg%2F11fk8cvqq8?entry=ttu&g_ep=EgoyMDI2MDUxNy4wIKXMDSoASAFQAw%3D%3D"
Nesther Clinic,0x30e29d07ca333873:0x7735bad4f6bdaf50,เนสเธอร์ คลินิก Nesther Clinic คลินิกความงาม ปรับรูปหน้า เสริมจมูก ปลูกผม,,,13.8696983,100.5752719,"https://www.google.com/maps/place/%E0%B9%80%E0%B8%99%E0%B8%AA%E0%B9%80%E0%B8%98%E0%B8%AD%E0%B8%A3%E0%B9%8C+%E0%B8%84%E0%B8%A5%E0%B8%B4%E0%B8%99%E0%B8%B4%E0%B8%81+Nesther+Clinic+%E0%B8%84%E0%B8%A5%E0%B8%B4%E0%B8%99%E0%B8%B4%E0%B8%81%E0%B8%84%E0%B8%A7%E0%B8%B2%E0%B8%A1%E0%B8%87%E0%B8%B2%E0%B8%A1+%E0%B8%9B%E0%B8%A3%E0%B8%B1%E0%B8%9A%E0%B8%A3%E0%B8%B9%E0%B8%9B%E0%B8%AB%E0%B8%99%E0%B9%89%E0%B8%B2+%E0%B9%80%E0%B8%AA%E0%B8%A3%E0%B8%B4%E0%B8%A1%E0%B8%88%E0%B8%A1%E0%B8%B9%E0%B8%81+%E0%B8%9B%E0%B8%A5%E0%B8%B9%E0%B8%81%E0%B8%9C%E0%B8%A1/@13.8696983,100.5752719,17z/data=!3m1!4b1!4m6!3m5!1s0x30e29d07ca333873:0x7735bad4f6bdaf50!8m2!3d13.8696983!4d100.5752719!16s%2Fg%2F11l32426w3?entry=ttu&g_ep=EgoyMDI2MDUxNy4wIKXMDSoASAFQAw%3D%3D"
Skinity Clinic,0x30e2a190d85a26cb:0x5acf0b1a2e470f7d,Skinity Clinic สกินิตี้คลินิก - รักษาสิว รักษาหลุมสิว รูขุมขนกว้าง โปรแกรมฉีดฟิลเลอร์,,,13.6841559,100.614972,"https://www.google.com/maps/place/Skinity+Clinic+%E0%B8%AA%E0%B8%81%E0%B8%B4%E0%B8%99%E0%B8%B4%E0%B8%95%E0%B8%B5%E0%B9%89%E0%B8%84%E0%B8%A5%E0%B8%B4%E0%B8%99%E0%B8%B4%E0%B8%81+-+%E0%B8%A3%E0%B8%B1%E0%B8%81%E0%B8%A9%E0%B8%B2%E0%B8%AA%E0%B8%B4%E0%B8%A7+%E0%B8%A3%E0%B8%B1%E0%B8%81%E0%B8%A9%E0%B8%B2%E0%B8%AB%E0%B8%A5%E0%B8%B8%E0%B8%A1%E0%B8%AA%E0%B8%B4%E0%B8%A7+%E0%B8%A3%E0%B8%B9%E0%B8%82%E0%B8%B8%E0%B8%A1%E0%B8%82%E0%B8%99%E0%B8%81%E0%B8%A7%E0%B9%89%E0%B8%B2%E0%B8%87+%E0%B9%82%E0%B8%9B%E0%B8%A3%E0%B9%81%E0%B8%81%E0%B8%A3%E0%B8%A1%E0%B8%89%E0%B8%B5%E0%B8%94%E0%B8%9F%E0%B8%B4%E0%B8%A5%E0%B9%80%E0%B8%A5%E0%B8%AD%E0%B8%A3%E0%B9%8C/@13.6841559,100.614972,17z/data=!3m1!4b1!4m6!3m5!1s0x30e2a190d85a26cb:0x5acf0b1a2e470f7d!8m2!3d13.6841559!4d100.614972!16s%2Fg%2F11rvcw7bsk?entry=ttu&g_ep=EgoyMDI2MDUxNy4wIKXMDSoASAFQAw%3D%3D"
โรงพยาบาลยันฮี,0x30e29bea51ef53d5:0xb69b32246c05ef75,โรงพยาบาลยันฮี,,,13.7994935,100.5115718,"https://www.google.com/maps/place/%E0%B9%82%E0%B8%A3%E0%B8%87%E0%B8%9E%E0%B8%A2%E0%B8%B2%E0%B8%9A%E0%B8%B2%E0%B8%A5%E0%B8%A2%E0%B8%B1%E0%B8%99%E0%B8%AE%E0%B8%B5/@13.7994935,100.5115718,17z/data=!3m1!4b1!4m6!3m5!1s0x30e29bea51ef53d5:0xb69b32246c05ef75!8m2!3d13.7994935!4d100.5115718!16s%2Fm%2F0h1gfln?entry=ttu&g_ep=EgoyMDI2MDUxNy4wIKXMDSoASAFQAw%3D%3D"
โรงพยาบาลนครธน,0x30e2bd3227962409:0xa951e02e99e04443,โรงพยาบาลนครธน,,,13.6606769,100.4342075,"https://www.google.com/maps/place/%E0%B9%82%E0%B8%A3%E0%B8%87%E0%B8%9E%E0%B8%A2%E0%B8%B2%E0%B8%9A%E0%B8%B2%E0%B8%A5%E0%B8%99%E0%B8%84%E0%B8%A3%E0%B8%98%E0%B8%99/@13.6606769,100.4342075,17z/data=!3m1!4b1!4m6!3m5!1s0x30e2bd3227962409:0xa951e02e99e04443!8m2!3d13.6606769!4d100.4342075!16s%2Fm%2F06w3_78?entry=ttu&g_ep=EgoyMDI2MDUxNy4wIKXMDSoASAFQAw%3D%3D"
Glamora Clinic,0x311d7d21c8954ba7:0x8488ed5a183a9410,Glamora Clinic,,,13.8700752,100.6783437,"https://www.google.com/maps/place/Glamora+Clinic/@13.8700752,100.6783437,17z/data=!3m1!4b1!4m6!3m5!1s0x311d7d21c8954ba7:0x8488ed5a183a9410!8m2!3d13.8700752!4d100.6783437!16s%2Fg%2F11kr7pzt_p?entry=ttu&g_ep=EgoyMDI2MDUxNy4wIKXMDSoASAFQAw%3D%3D"
Memory Clinic,0x30e29fbecbc499f5:0xd7769668169e0bec,Memory Wellness Clinic ศูนย์การแพทย์ชะลอวัยและป้องกันโรค,,,13.714146,100.593129,"https://www.google.com/maps/place/Memory+Wellness+Clinic+%E0%B8%A8%E0%B8%B9%E0%B8%99%E0%B8%A2%E0%B9%8C%E0%B8%81%E0%B8%B2%E0%B8%A3%E0%B9%81%E0%B8%9E%E0%B8%97%E0%B8%A2%E0%B9%8C%E0%B8%8A%E0%B8%B0%E0%B8%A5%E0%B8%AD%E0%B8%A7%E0%B8%B1%E0%B8%A2%E0%B9%81%E0%B8%A5%E0%B8%B0%E0%B8%9B%E0%B9%89%E0%B8%AD%E0%B8%87%E0%B8%81%E0%B8%B1%E0%B8%99%E0%B9%82%E0%B8%A3%E0%B8%84/@13.714146,100.593129,17z/data=!3m1!4b1!4m6!3m5!1s0x30e29fbecbc499f5:0xd7769668169e0bec!8m2!3d13.714146!4d100.593129!16s%2Fg%2F11ggbr_r9l?entry=ttu&g_ep=EgoyMDI2MDUxNy4wIKXMDSoASAFQAw%3D%3D"
Atitha Clinic,0x30e2999c2d2f0027:0xb69b20697c5c3c16,Atitha clinic อธิฐา คลินิก,,,13.7132982,100.4792322,"https://www.google.com/maps/place/Atitha+clinic+%E0%B8%AD%E0%B8%98%E0%B8%B4%E0%B8%90%E0%B8%B2+%E0%B8%84%E0%B8%A5%E0%B8%B4%E0%B8%99%E0%B8%B4%E0%B8%81/@13.7132982,100.4792322,17z/data=!3m1!4b1!4m6!3m5!1s0x30e2999c2d2f0027:0xb69b20697c5c3c16!8m2!3d13.7132982!4d100.4792322!16s%2Fg%2F11q7_04cfs?entry=ttu&g_ep=EgoyMDI2MDUxNy4wIKXMDSoASAFQAw%3D%3D"
Bellina Clinic,0x311d5f25d2a3276b:0xa6d7a574c610f8f9,Bellina clinic,,,13.678345,100.6148535,"https://www.google.com/maps/place/Bellina+clinic/@13.678345,100.6148535,17z/data=!3m1!4b1!4m6!3m5!1s0x311d5f25d2a3276b:0xa6d7a574c610f8f9!8m2!3d13.678345!4d100.6148535!16s%2Fg%2F11v5l1x9zv?entry=ttu&g_ep=EgoyMDI2MDUxNy4wIKXMDSoASAFQAw%3D%3D"
CHALYN CLINIC,0x30e29fe8d3d0734d:0xa91f39962079fc83,ผลลัพธ์,,,13.7345854,100.5810822,"https://www.google.com/maps/place/Chalyn+Wellness+%E0%B8%AA%E0%B8%B2%E0%B8%82%E0%B8%B2%E0%B8%97%E0%B8%AD%E0%B8%87%E0%B8%AB%E0%B8%A5%E0%B9%88%E0%B8%AD/@13.7345854,100.5089844,13z/data=!4m10!1m2!2m1!1sCHALYN+CLINIC+Bangkok!3m6!1s0x30e29fe8d3d0734d:0xa91f39962079fc83!8m2!3d13.7345854!4d100.5810822!15sChVDSEFMWU4gQ0xJTklDIEJhbmdrb2taFyIVY2hhbHluIGNsaW5pYyBiYW5na29rkgEMYmVhdXR5X3NhbG9umgFEQ2k5RFFVbFJRVU52WkVOb2RIbGpSamx2VDJ0T1IySlZjREZPUm5CSll6TldiMVZWY0c1UFZFMTZUMFUxVTFWSFl4QULgAQD6AQQIABAb!16s%2Fg%2F11xnn5sddh?entry=ttu&g_ep=EgoyMDI2MDUxNy4wIKXMDSoASAFQAw%3D%3D"
Aestiq Clinic,0x30e29f559dc1f5eb:0x8159d812051e0207,AESTIQ CLINIC เอสทิค คลินิก,,,13.7254407,100.5850263,"https://www.google.com/maps/place/AESTIQ+CLINIC+%E0%B9%80%E0%B8%AD%E0%B8%AA%E0%B8%97%E0%B8%B4%E0%B8%84+%E0%B8%84%E0%B8%A5%E0%B8%B4%E0%B8%99%E0%B8%B4%E0%B8%81/@13.7254407,100.5850263,17z/data=!3m1!4b1!4m6!3m5!1s0x30e29f559dc1f5eb:0x8159d812051e0207!8m2!3d13.7254407!4d100.5850263!16s%2Fg%2F11lktm0dg_?entry=ttu&g_ep=EgoyMDI2MDUxNy4wIKXMDSoASAFQAw%3D%3D"
Welida Health,0x30e29f8acd987cc9:0xc33cdca0c1496e64,Welida Health Rama3,,,13.6997166,100.5417915,"https://www.google.com/maps/place/Welida+Health+Rama3/@13.6997166,100.5417915,17z/data=!3m1!4b1!4m6!3m5!1s0x30e29f8acd987cc9:0xc33cdca0c1496e64!8m2!3d13.6997166!4d100.5417915!16s%2Fg%2F11vd6h2v3w?entry=ttu&g_ep=EgoyMDI2MDUxNy4wIKXMDSoASAFQAw%3D%3D"
Monika Clinic,0x30e29b258e795e7f:0x1352a3f6013ddee3,MONIKA CLINIC,,,13.8179892,100.5159228,"https://www.google.com/maps/place/MONIKA+CLINIC/@13.8179892,100.5159228,17z/data=!3m1!4b1!4m6!3m5!1s0x30e29b258e795e7f:0x1352a3f6013ddee3!8m2!3d13.8179892!4d100.5159228!16s%2Fg%2F11kjp1dtzv?entry=ttu&g_ep=EgoyMDI2MDUxNy4wIKXMDSoASAFQAw%3D%3D"
Sirin Clinic,0x311d60d1983881f1:0xbddcacc39437ca37,SIRIN CLINIC สิรินคลินิก,,,13.7181611,100.7028152,"https://www.google.com/maps/place/SIRIN+CLINIC+%E0%B8%AA%E0%B8%B4%E0%B8%A3%E0%B8%B4%E0%B8%99%E0%B8%84%E0%B8%A5%E0%B8%B4%E0%B8%99%E0%B8%B4%E0%B8%81/@13.7181611,100.7028152,17z/data=!3m1!4b1!4m6!3m5!1s0x311d60d1983881f1:0xbddcacc39437ca37!8m2!3d13.7181611!4d100.7028152!16s%2Fg%2F11d_v6ddch?entry=ttu&g_ep=EgoyMDI2MDUxNy4wIKXMDSoASAFQAw%3D%3D"
La Mitra HWC,0x30e285a61a99aa65:0xb17a26a3dd2a484c,La Mitra HWC,,,13.9278932,100.5292504,"https://www.google.com/maps/place/La+Mitra+HWC/@13.9278932,100.5292504,17z/data=!3m1!4b1!4m6!3m5!1s0x30e285a61a99aa65:0xb17a26a3dd2a484c!8m2!3d13.9278932!4d100.5292504!16s%2Fg%2F11jz04v0b7?entry=ttu&g_ep=EgoyMDI2MDUxNy4wIKXMDSoASAFQAw%3D%3D"
Clinic Alynn,0x30e299b4ebc550b3:0xae2ed786526bd8b3,Clinic Alynn,,,13.7035224,100.5156133,"https://www.google.com/maps/place/Clinic+Alynn/@13.7035224,100.5156133,17z/data=!3m1!4b1!4m6!3m5!1s0x30e299b4ebc550b3:0xae2ed786526bd8b3!8m2!3d13.7035224!4d100.5156133!16s%2Fg%2F11rcn8qsgm?entry=ttu&g_ep=EgoyMDI2MDUxNy4wIKXMDSoASAFQAw%3D%3D"
Elixa Clinic,0x30e297e8acb26339:0x13214937f811f1d8,Elixa Clinic - เอลิกซ่าคลินิก,,,13.7100837,100.4130881,"https://www.google.com/maps/place/Elixa+Clinic+-+%E0%B9%80%E0%B8%AD%E0%B8%A5%E0%B8%B4%E0%B8%81%E0%B8%8B%E0%B9%88%E0%B8%B2%E0%B8%84%E0%B8%A5%E0%B8%B4%E0%B8%99%E0%B8%B4%E0%B8%81/@13.7100837,100.4130881,17z/data=!3m1!4b1!4m6!3m5!1s0x30e297e8acb26339:0x13214937f811f1d8!8m2!3d13.7100837!4d100.4130881!16s%2Fg%2F11svtl7s2r?entry=ttu&g_ep=EgoyMDI2MDUxNy4wIKXMDSoASAFQAw%3D%3D"
Merry Clinic,0x30e29b7106d24091:0xc34ddb63e7ebbf56,Merry Clinic,,,13.8059079,100.5252769,"https://www.google.com/maps/place/Merry+Clinic/@13.8059079,100.5252769,17z/data=!3m1!4b1!4m6!3m5!1s0x30e29b7106d24091:0xc34ddb63e7ebbf56!8m2!3d13.8059079!4d100.5252769!16s%2Fg%2F11lrvlr9jk?entry=ttu&g_ep=EgoyMDI2MDUxNy4wIKXMDSoASAFQAw%3D%3D"
Esthe Clinic,0x30e29fe52eb79633:0x58ee2be6d0dafa2b,esthe clinic,,,13.7029562,100.6020409,"https://www.google.com/maps/place/esthe+clinic/@13.7029562,100.6020409,17z/data=!3m1!4b1!4m6!3m5!1s0x30e29fe52eb79633:0x58ee2be6d0dafa2b!8m2!3d13.7029562!4d100.6020409!16s%2Fg%2F11r_wq5p53?entry=ttu&g_ep=EgoyMDI2MDUxNy4wIKXMDSoASAFQAw%3D%3D"
CMC Wellness,0x30e29ce38fa307bf:0x494c3081ee394beb,CMC Wellness Clinic - ซีเอ็มซี เวลเนสคลินิก,,,13.8391647,100.5600162,"https://www.google.com/maps/place/CMC+Wellness+Clinic+-+%E0%B8%8B%E0%B8%B5%E0%B9%80%E0%B8%AD%E0%B9%87%E0%B8%A1%E0%B8%8B%E0%B8%B5+%E0%B9%80%E0%B8%A7%E0%B8%A5%E0%B9%80%E0%B8%99%E0%B8%AA%E0%B8%84%E0%B8%A5%E0%B8%B4%E0%B8%99%E0%B8%B4%E0%B8%81/@13.8391647,100.5600162,17z/data=!3m1!4b1!4m6!3m5!1s0x30e29ce38fa307bf:0x494c3081ee394beb!8m2!3d13.8391647!4d100.5600162!16s%2Fg%2F11c0rvkl2l?entry=ttu&g_ep=EgoyMDI2MDUxNy4wIKXMDSoASAFQAw%3D%3D"
KENN Clinic,0x30e2a10049b18519:0x43f5ddcdf6c620b2,KENN clinic,,,13.6846108,100.6121676,"https://www.google.com/maps/place/KENN+clinic/@13.6846108,100.6121676,17z/data=!3m1!4b1!4m6!3m5!1s0x30e2a10049b18519:0x43f5ddcdf6c620b2!8m2!3d13.6846108!4d100.6121676!16s%2Fg%2F11vkbc8twc?entry=ttu&g_ep=EgoyMDI2MDUxNy4wIKXMDSoASAFQAw%3D%3D"
LINNA Clinic,0x311d62782a7c0fb7:0x55507a95fca4d11f,,,,13.8107784,100.6223084,"https://www.google.com/maps/place/LINNA+Clinic+%E0%B8%A5%E0%B8%B4%E0%B8%99%E0%B8%99%E0%B8%B2%E0%B8%84%E0%B8%A5%E0%B8%B4%E0%B8%99%E0%B8%B4%E0%B8%81+(%E0%B9%80%E0%B8%A5%E0%B8%B5%E0%B8%A2%E0%B8%9A%E0%B8%94%E0%B9%88%E0%B8%A7%E0%B8%99)/@13.7697051,100.5787276,13z/data=!4m10!1m2!2m1!1sLINNA+Clinic+Bangkok!3m6!1s0x311d62782a7c0fb7:0x55507a95fca4d11f!8m2!3d13.8107784!4d100.6223084!15sChRMSU5OQSBDbGluaWMgQmFuZ2tva1oWIhRsaW5uYSBjbGluaWMgYmFuZ2tva5IBD3dlbGxuZXNzX2NlbnRlcuABAA!16s%2Fg%2F11c1r4h3kn?entry=ttu&g_ep=EgoyMDI2MDUxNy4wIKXMDSoASAFQAw%3D%3D"
MICO Clinic,0x30e29d3a94d763cf:0x9009fe894a9a64a,MICO Clinic - ไมโก้ คลินิก,,,13.8629618,100.6140883,"https://www.google.com/maps/place/MICO+Clinic+-+%E0%B9%84%E0%B8%A1%E0%B9%82%E0%B8%81%E0%B9%89+%E0%B8%84%E0%B8%A5%E0%B8%B4%E0%B8%99%E0%B8%B4%E0%B8%81/@13.8629618,100.6140883,17z/data=!3m1!4b1!4m6!3m5!1s0x30e29d3a94d763cf:0x9009fe894a9a64a!8m2!3d13.8629618!4d100.6140883!16s%2Fg%2F11sckb8npr?entry=ttu&g_ep=EgoyMDI2MDUxNy4wIKXMDSoASAFQAw%3D%3D"
S125 Clinic,0x30e29feba746163f:0x9f82d741f053bfda,S125 Clinic,,,13.7307111,100.5820111,"https://www.google.com/maps/place/S125+Clinic/@13.7307111,100.5820111,17z/data=!3m1!4b1!4m6!3m5!1s0x30e29feba746163f:0x9f82d741f053bfda!8m2!3d13.7307111!4d100.5820111!16s%2Fg%2F11ffh5t0y1?entry=ttu&g_ep=EgoyMDI2MDUxNy4wIKXMDSoASAFQAw%3D%3D"
DERMISTIQUE,0x30e299e589eba8b5:0xf25036a88449ad2a,Dermistique Clinic,,,13.7641775,100.4434429,"https://www.google.com/maps/place/Dermistique+Clinic/@13.7641775,100.4434429,17z/data=!3m1!4b1!4m6!3m5!1s0x30e299e589eba8b5:0xf25036a88449ad2a!8m2!3d13.7641775!4d100.4434429!16s%2Fg%2F11h2qmsfrp?entry=ttu&g_ep=EgoyMDI2MDUxNy4wIKXMDSoASAFQAw%3D%3D"
Wink Clinic,0x30e29dea8f081e05:0x232fb52adf83c048,ผลลัพธ์,,,13.812012,100.5622268,"https://www.google.com/maps/place/Wink+Clinic/@13.812012,100.5261779,14z/data=!4m10!1m2!2m1!1sWink+Clinic+Bangkok!3m6!1s0x30e29dea8f081e05:0x232fb52adf83c048!8m2!3d13.812012!4d100.5622268!15sChNXaW5rIENsaW5pYyBCYW5na29rkgENZGVudGFsX2NsaW5pY-ABAA!16s%2Fg%2F11f70_9ct7?entry=ttu&g_ep=EgoyMDI2MDUxNy4wIKXMDSoASAFQAw%3D%3D"
DAC Clinic,0x30e299bc6e928ff7:0xc87e2f4306331c31,ผลลัพธ์,,,13.7553925,100.4695747,"https://www.google.com/maps/place/DAC+Clinic+%E0%B8%84%E0%B8%A5%E0%B8%B4%E0%B8%99%E0%B8%B4%E0%B8%81%E0%B8%A3%E0%B8%B1%E0%B8%81%E0%B8%A9%E0%B8%B2%E0%B8%AA%E0%B8%B4%E0%B8%A7+%E0%B8%9B%E0%B8%A3%E0%B8%B1%E0%B8%9A%E0%B8%A3%E0%B8%B9%E0%B8%9B%E0%B8%AB%E0%B8%99%E0%B9%89%E0%B8%B2+%E0%B8%AA%E0%B8%B2%E0%B8%A1%E0%B9%81%E0%B8%A2%E0%B8%81%E0%B9%84%E0%B8%9F%E0%B8%89%E0%B8%B2%E0%B8%A2/@13.767653,100.5216996,13z/data=!4m10!1m2!2m1!1sDAC+Clinic+Bangkok!3m6!1s0x30e299bc6e928ff7:0xc87e2f4306331c31!8m2!3d13.7553925!4d100.4695747!15sChJEQUMgQ2xpbmljIEJhbmdrb2uSAQZkb2N0b3LgAQA!16s%2Fg%2F11f3r_7kyw?entry=ttu&g_ep=EgoyMDI2MDUxNy4wIKXMDSoASAFQAw%3D%3D"
Geneus DNA,0x311d614f3dd779cd:0x66c039544c87f532,Geneus DNA (Siam Square One),,,13.7446644,100.534015,"https://www.google.com/maps/place/Geneus+DNA+(Siam+Square+One)/@13.7446644,100.534015,17z/data=!3m1!4b1!4m6!3m5!1s0x311d614f3dd779cd:0x66c039544c87f532!8m2!3d13.7446644!4d100.534015!16s%2Fg%2F11hzwybksx?entry=ttu&g_ep=EgoyMDI2MDUxNy4wIKXMDSoASAFQAw%3D%3D"
BP Clinic,0x30e2a36b73bdbb57:0x3c004b433230339c,ผลลัพธ์,,,13.6965129,100.510067,"https://www.google.com/maps/place/%E0%B8%9A%E0%B8%B5%E0%B8%9E%E0%B8%B5+%E0%B8%84%E0%B8%A5%E0%B8%B4%E0%B8%99%E0%B8%B4%E0%B8%81+BP+CLINIC+(Beauty+Possible)/@13.7215607,100.5787981,13z/data=!4m10!1m2!2m1!1sBP+Clinic+Bangkok!3m6!1s0x30e2a36b73bdbb57:0x3c004b433230339c!8m2!3d13.6965129!4d100.510067!15sChFCUCBDbGluaWMgQmFuZ2tva1oTIhFicCBjbGluaWMgYmFuZ2tva5IBDGJlYXV0eV9zYWxvbuABAA!16s%2Fg%2F11np7qjcyl?entry=ttu&g_ep=EgoyMDI2MDUxNy4wIKXMDSoASAFQAw%3D%3D"
Rei Clinic,0x30e29d8f99400183:0xc00dbb76a74db793,Rei clinic,,,13.8372801,100.5174177,"https://www.google.com/maps/place/Rei+clinic/@13.8372801,100.5174177,17z/data=!3m1!4b1!4m6!3m5!1s0x30e29d8f99400183:0xc00dbb76a74db793!8m2!3d13.8372801!4d100.5174177!16s%2Fg%2F11sr8h2_jx?entry=ttu&g_ep=EgoyMDI2MDUxNy4wIKXMDSoASAFQAw%3D%3D"
H8 Clinic,0x311d637e82147fc3:0xfa18acf71fe1562f,H8 Clinic เฮชเอทคลินิก ปวดศีรษะ ไมเกรน กายภาพบำบัด และโรคสมอง โดยคุณหมอนุ่ม,,,13.8204614,100.6684565,"https://www.google.com/maps/place/H8+Clinic+%E0%B9%80%E0%B8%AE%E0%B8%8A%E0%B9%80%E0%B8%AD%E0%B8%97%E0%B8%84%E0%B8%A5%E0%B8%B4%E0%B8%99%E0%B8%B4%E0%B8%81+%E0%B8%9B%E0%B8%A7%E0%B8%94%E0%B8%A8%E0%B8%B5%E0%B8%A3%E0%B8%A9%E0%B8%B0+%E0%B9%84%E0%B8%A1%E0%B9%80%E0%B8%81%E0%B8%A3%E0%B8%99+%E0%B8%81%E0%B8%B2%E0%B8%A2%E0%B8%A0%E0%B8%B2%E0%B8%9E%E0%B8%9A%E0%B8%B3%E0%B8%9A%E0%B8%B1%E0%B8%94+%E0%B9%81%E0%B8%A5%E0%B8%B0%E0%B9%82%E0%B8%A3%E0%B8%84%E0%B8%AA%E0%B8%A1%E0%B8%AD%E0%B8%87+%E0%B9%82%E0%B8%94%E0%B8%A2%E0%B8%84%E0%B8%B8%E0%B8%93%E0%B8%AB%E0%B8%A1%E0%B8%AD%E0%B8%99%E0%B8%B8%E0%B9%88%E0%B8%A1/@13.8204614,100.6684565,17z/data=!3m1!4b1!4m6!3m5!1s0x311d637e82147fc3:0xfa18acf71fe1562f!8m2!3d13.8204614!4d100.6684565!16s%2Fg%2F11mw0nlmc8?entry=ttu&g_ep=EgoyMDI2MDUxNy4wIKXMDSoASAFQAw%3D%3D"
Nnails,0x30e29f55926a97c1:0xeb9512140c7f6ccd,Nnails,,,13.737922,100.5604231,"https://www.google.com/maps/place/Nnails/@13.737922,100.5604231,17z/data=!3m1!4b1!4m6!3m5!1s0x30e29f55926a97c1:0xeb9512140c7f6ccd!8m2!3d13.737922!4d100.5604231!16s%2Fg%2F11g4fx4ppk?entry=ttu&g_ep=EgoyMDI2MDUxNy4wIKXMDSoASAFQAw%3D%3D"
Hormiga,0x30e299732b988a1f:0x61a74173a5d61a7f,Hormiga,,,13.7776054,100.4771352,"https://www.google.com/maps/place/Hormiga/@13.7776054,100.4771352,17z/data=!3m1!4b1!4m6!3m5!1s0x30e299732b988a1f:0x61a74173a5d61a7f!8m2!3d13.7776054!4d100.4771352!16s%2Fg%2F11j1zrh9gh?entry=ttu&g_ep=EgoyMDI2MDUxNy4wIKXMDSoASAFQAw%3D%3D"
Cher Clinic,0x30e29f1ab5f3bd53:0x4b4dff069a342927,ผลลัพธ์,,,13.773945,100.610878,"https://www.google.com/maps/place/Cher+clinic+%E0%B8%AA%E0%B8%B2%E0%B8%82%E0%B8%B2%E0%B9%82%E0%B8%A5%E0%B8%95%E0%B8%B1%E0%B8%AA%E0%B8%97%E0%B8%B2%E0%B8%A7%E0%B8%99%E0%B9%8C%E0%B8%AD%E0%B8%B4%E0%B8%99%E0%B8%97%E0%B8%B2%E0%B8%A7%E0%B8%99%E0%B9%8C/@13.7245995,100.6331108,11z/data=!4m10!1m2!2m1!1sCher+Clinic+Bangkok!3m6!1s0x30e29f1ab5f3bd53:0x4b4dff069a342927!8m2!3d13.773945!4d100.610878!15sChNDaGVyIENsaW5pYyBCYW5na29rWhUiE2NoZXIgY2xpbmljIGJhbmdrb2uSARBza2luX2NhcmVfY2xpbmljmgFEQ2k5RFFVbFJRVU52WkVOb2RIbGpSamx2VDIxT2JrMUdUbkprYTNNeVRrVm9XRll3YXpCalIzUnhWbFYwWVZveVl4QULgAQD6AQQIEBAf!16s%2Fg%2F11jyl8tssq?entry=ttu&g_ep=EgoyMDI2MDUxNy4wIKXMDSoASAFQAw%3D%3D"
Bangkok Eye Hospital,0x30e29909ef5c536b:0x547298e2991aa42e,ผลลัพธ์,,,13.7636899,100.4733865,"https://www.google.com/maps/place/Dr.EYE+Clinic+%26vision+%E0%B8%84%E0%B8%A5%E0%B8%B4%E0%B8%99%E0%B8%B4%E0%B8%81%E0%B8%A3%E0%B8%B1%E0%B8%81%E0%B8%A9%E0%B8%B2%E0%B9%82%E0%B8%A3%E0%B8%84%E0%B8%95%E0%B8%B2-%E0%B8%84%E0%B8%A5%E0%B8%B4%E0%B8%99%E0%B8%B4%E0%B8%81%E0%B9%81%E0%B8%A7%E0%B9%88%E0%B8%99%E0%B8%95%E0%B8%B2+%E0%B9%82%E0%B8%94%E0%B8%A2%E0%B8%88%E0%B8%B1%E0%B8%81%E0%B8%A9%E0%B8%B8%E0%B9%81%E0%B8%9E%E0%B8%97%E0%B8%A2%E0%B9%8C+(%E0%B8%AA%E0%B8%B2%E0%B8%82%E0%B8%B2%E0%B8%88%E0%B8%A3%E0%B8%B1%E0%B8%8D-%E0%B8%A8%E0%B8%B4%E0%B8%A3%E0%B8%B4%E0%B8%A3%E0%B8%B2%E0%B8%8A)/@13.7696564,100.5232541,12z/data=!4m9!1m2!2m1!1sBangkok+Eye+Hospital+Bangkok!3m5!1s0x30e29909ef5c536b:0x547298e2991aa42e!8m2!3d13.7636899!4d100.4733865!16s%2Fg%2F11ltgchl_v?entry=ttu&g_ep=EgoyMDI2MDUxNy4wIKXMDSoASAFQAw%3D%3D"
Newton EM Physiotherapy Clinic (นิวตั้น เอ็ม คลินิกกายภาพบำบัด),0x30e29c4fecfc3f4d:0xed086cbf3c13ffc3,ผลลัพธ์,,,13.8113886,100.5646254,"https://www.google.com/maps/place/NEWTON+EM+Physiotherapy+Bangkok+(%E0%B8%99%E0%B8%B4%E0%B8%A7%E0%B8%95%E0%B8%B1%E0%B8%99+%E0%B9%80%E0%B8%AD%E0%B9%87%E0%B8%A1+%E0%B8%84%E0%B8%A5%E0%B8%B4%E0%B8%99%E0%B8%B4%E0%B8%81%E0%B8%81%E0%B8%B2%E0%B8%A2%E0%B8%A0%E0%B8%B2%E0%B8%9E%E0%B8%9A%E0%B8%B3%E0%B8%9A%E0%B8%B1%E0%B8%94)/@13.8113886,100.4925276,13z/data=!4m10!1m2!2m1!1zTmV3dG9uIEVNIFBoeXNpb3RoZXJhcHkgQ2xpbmljICjguJnguLTguKfguJXguLHguYnguJkg4LmA4Lit4LmH4LihIOC4hOC4peC4tOC4meC4tOC4geC4geC4suC4ouC4oOC4suC4nuC4muC4s-C4muC4seC4lCkgQmFuZ2tvaw!3m6!1s0x30e29c4fecfc3f4d:0xed086cbf3c13ffc3!8m2!3d13.8113886!4d100.5646254!15sCn9OZXd0b24gRU0gUGh5c2lvdGhlcmFweSBDbGluaWMgKOC4meC4tOC4p-C4leC4seC5ieC4mSDguYDguK3guYfguKEg4LiE4Lil4Li04LiZ4Li04LiB4LiB4Liy4Lii4Lig4Liy4Lie4Lia4Liz4Lia4Lix4LiUKSBCYW5na29rkgEUcGh5c2lvdGhlcmFweV9jZW50ZXLgAQA!16s%2Fg%2F11cjnp5s7q?entry=ttu&g_ep=EgoyMDI2MDUxNy4wIKXMDSoASAFQAw%3D%3D"
P-FAR Clinic (พีฟาร์ คลินิกเวชกรรม),0x43b605d34e118021:0xe517cefddb4b2cf5,P-far clinic พุทธบูชา 36,,,13.6459534,100.4794226,"https://www.google.com/maps/place/P-far+clinic+%E0%B8%9E%E0%B8%B8%E0%B8%97%E0%B8%98%E0%B8%9A%E0%B8%B9%E0%B8%8A%E0%B8%B2+36/@13.6459534,100.4794226,17z/data=!3m1!4b1!4m6!3m5!1s0x43b605d34e118021:0xe517cefddb4b2cf5!8m2!3d13.6459534!4d100.4794226!16s%2Fg%2F11m74bt1yg?entry=ttu&g_ep=EgoyMDI2MDUxNy4wIKXMDSoASAFQAw%3D%3D"
บอดี้แอนด์มายด์ คลินิกกายภาพบำบัด,0x30e2990656d2f347:0x2bdf423d13a38ed0,ผลลัพธ์,,,13.7888729,100.4460075,"https://www.google.com/maps/place/PB+Clinic+%E0%B8%AA%E0%B8%B2%E0%B8%82%E0%B8%B2+3+%E0%B8%84%E0%B8%A5%E0%B8%B4%E0%B8%99%E0%B8%B4%E0%B8%81%E0%B8%81%E0%B8%B2%E0%B8%A2%E0%B8%A0%E0%B8%B2%E0%B8%9E%E0%B8%9A%E0%B8%B3%E0%B8%9A%E0%B8%B1%E0%B8%94+%E0%B8%95%E0%B8%A5%E0%B8%B4%E0%B9%88%E0%B8%87%E0%B8%8A%E0%B8%B1%E0%B8%99+%E0%B9%80%E0%B8%A7%E0%B8%AA%E0%B8%A7%E0%B8%B4%E0%B8%A5%E0%B8%A5%E0%B9%8C/@13.788873,100.3739102,13z/data=!4m9!1m2!2m1!1z4Lia4Lit4LiU4Li14LmJ4LmB4Lit4LiZ4LiU4LmM4Lih4Liy4Lii4LiU4LmMIOC4hOC4peC4tOC4meC4tOC4geC4geC4suC4ouC4oOC4suC4nuC4muC4s-C4muC4seC4lCBCYW5na29r!3m5!1s0x30e2990656d2f347:0x2bdf423d13a38ed0!8m2!3d13.7888729!4d100.4460075!16s%2Fg%2F11mw0cr7c9?entry=ttu&g_ep=EgoyMDI2MDUxNy4wIKXMDSoASAFQAw%3D%3D"
Kloss Wellness Clinic,0x30e2a13c75b925a9:0xe7d1d8e9052f5724,ผลลัพธ์,,,13.6820446,100.6107273,"https://www.google.com/maps/place/Kloss+Wellness+Clinic+(%E0%B8%84%E0%B8%A3%E0%B8%AD%E0%B8%AA+%E0%B9%80%E0%B8%A7%E0%B8%A5%E0%B9%80%E0%B8%99%E0%B8%AA+%E0%B8%84%E0%B8%A5%E0%B8%B4%E0%B8%99%E0%B8%B4%E0%B8%81%E0%B9%80%E0%B8%A7%E0%B8%8A%E0%B8%81%E0%B8%A3%E0%B8%A3%E0%B8%A1)+%E0%B8%AA%E0%B8%B2%E0%B8%82%E0%B8%B2+%E0%B8%9A%E0%B8%B2%E0%B8%87%E0%B8%99%E0%B8%B2+(%E0%B8%8B.%E0%B8%AA%E0%B8%B8%E0%B8%82%E0%B8%B8%E0%B8%A1%E0%B8%A7%E0%B8%B4%E0%B8%97+101%2F2)+%E0%B8%A8%E0%B8%B9%E0%B8%99%E0%B8%A2%E0%B9%8C%E0%B8%A3%E0%B8%B1%E0%B8%81%E0%B8%A9%E0%B8%B2%E0%B9%82%E0%B8%A3%E0%B8%84%E0%B9%80%E0%B8%AA%E0%B8%B7%E0%B9%88%E0%B8%AD%E0%B8%A1%E0%B9%81%E0%B8%A5%E0%B8%B0%E0%B8%81%E0%B8%B2%E0%B8%A3%E0%B8%94%E0%B8%B9%E0%B9%81%E0%B8%A5%E0%B8%AA%E0%B8%B8%E0%B8%82%E0%B8%A0%E0%B8%B2%E0%B8%9E%E0%B9%81%E0%B8%9A%E0%B8%9A%E0%B8%AD%E0%B8%87%E0%B8%84%E0%B9%8C%E0%B8%A3%E0%B8%A7%E0%B8%A1/@13.6820446,100.5386295,13z/data=!4m10!1m2!2m1!1sKloss+Wellness+Clinic+Bangkok!3m6!1s0x30e2a13c75b925a9:0xe7d1d8e9052f5724!8m2!3d13.6820446!4d100.6107273!15sCh1LbG9zcyBXZWxsbmVzcyBDbGluaWMgQmFuZ2tva5IBIWFsdGVybmF0aXZlX21lZGljaW5lX3ByYWN0aXRpb25lcuABAA!16s%2Fg%2F11ffszkh4p?entry=ttu&g_ep=EgoyMDI2MDUxNy4wIKXMDSoASAFQAw%3D%3D"
Da La Rose Clinic,0x311d61a4ae64d70b:0xac087af9439969be,ผลลัพธ์,,,13.7656024,100.6419744,"https://www.google.com/maps/place/Da+La+Rose+Clinic+%E0%B8%AA%E0%B8%B2%E0%B8%82%E0%B8%B2+%E0%B9%80%E0%B8%94%E0%B8%AD%E0%B8%B0%E0%B8%A1%E0%B8%AD%E0%B8%A5%E0%B8%A5%E0%B9%8C%E0%B8%9A%E0%B8%B2%E0%B8%87%E0%B8%81%E0%B8%B0%E0%B8%9B%E0%B8%B4/@13.7515678,100.6020519,14z/data=!4m10!1m2!2m1!1sDa+La+Rose+Clinic+Bangkok!3m6!1s0x311d61a4ae64d70b:0xac087af9439969be!8m2!3d13.7656024!4d100.6419744!15sChlEYSBMYSBSb3NlIENsaW5pYyBCYW5na29rWhsiGWRhIGxhIHJvc2UgY2xpbmljIGJhbmdrb2uSAQxiZWF1dHlfc2Fsb26aASNDaFpEU1VoTk1HOW5TMFZKUTBGblRVTkJOWFJIWVZaM0VBReABAPoBBAgAEEA!16s%2Fg%2F11vl407ww8?entry=ttu&g_ep=EgoyMDI2MDUxNy4wIKXMDSoASAFQAw%3D%3D"
โรงพยาบาลเอเซีย,0x30e29b761e1e9211:0xb4acdb4febb6ca1d,โรงพยาบาลเอเซีย | ลดโหนกแก้ม ตัดกราม | เสริมหน้าอก,,,13.8675826,100.4939937,"https://www.google.com/maps/place/%E0%B9%82%E0%B8%A3%E0%B8%87%E0%B8%9E%E0%B8%A2%E0%B8%B2%E0%B8%9A%E0%B8%B2%E0%B8%A5%E0%B9%80%E0%B8%AD%E0%B9%80%E0%B8%8B%E0%B8%B5%E0%B8%A2+%7C+%E0%B8%A5%E0%B8%94%E0%B9%82%E0%B8%AB%E0%B8%99%E0%B8%81%E0%B9%81%E0%B8%81%E0%B9%89%E0%B8%A1+%E0%B8%95%E0%B8%B1%E0%B8%94%E0%B8%81%E0%B8%A3%E0%B8%B2%E0%B8%A1+%7C+%E0%B9%80%E0%B8%AA%E0%B8%A3%E0%B8%B4%E0%B8%A1%E0%B8%AB%E0%B8%99%E0%B9%89%E0%B8%B2%E0%B8%AD%E0%B8%81/@13.8675826,100.4939937,17z/data=!3m1!4b1!4m6!3m5!1s0x30e29b761e1e9211:0xb4acdb4febb6ca1d!8m2!3d13.8675826!4d100.4939937!16s%2Fg%2F11jtvb8rn9?entry=ttu&g_ep=EgoyMDI2MDUxNy4wIKXMDSoASAFQAw%3D%3D"
Natchaya Clinic,0x311d63d759909715:0x749fc8242512da23,Natchaya Clinic ณัฐชญาคลินิก Wellness • Beauty • Surgery,,,13.7903389,100.6786817,"https://www.google.com/maps/place/Natchaya+Clinic+%E0%B8%93%E0%B8%B1%E0%B8%90%E0%B8%8A%E0%B8%8D%E0%B8%B2%E0%B8%84%E0%B8%A5%E0%B8%B4%E0%B8%99%E0%B8%B4%E0%B8%81+Wellness+%E2%80%A2+Beauty+%E2%80%A2+Surgery/@13.7903389,100.6786817,17z/data=!3m1!4b1!4m6!3m5!1s0x311d63d759909715:0x749fc8242512da23!8m2!3d13.7903389!4d100.6786817!16s%2Fg%2F1hc1j7rlp?entry=ttu&g_ep=EgoyMDI2MDUxNy4wIKXMDSoASAFQAw%3D%3D"
เติมเต็มคลินิก,0x30e2958f743eab39:0xc8dee9782326afcf,เติมเต็มคลินิก ปากซอยเพชรเกษม81,,,13.7051915,100.3449673,"https://www.google.com/maps/place/%E0%B9%80%E0%B8%95%E0%B8%B4%E0%B8%A1%E0%B9%80%E0%B8%95%E0%B9%87%E0%B8%A1%E0%B8%84%E0%B8%A5%E0%B8%B4%E0%B8%99%E0%B8%B4%E0%B8%81+%E0%B8%9B%E0%B8%B2%E0%B8%81%E0%B8%8B%E0%B8%AD%E0%B8%A2%E0%B9%80%E0%B8%9E%E0%B8%8A%E0%B8%A3%E0%B9%80%E0%B8%81%E0%B8%A9%E0%B8%A181/@13.7051915,100.3449673,17z/data=!3m1!4b1!4m6!3m5!1s0x30e2958f743eab39:0xc8dee9782326afcf!8m2!3d13.7051915!4d100.3449673!16s%2Fg%2F11q9m0x0mb?entry=ttu&g_ep=EgoyMDI2MDUxNy4wIKXMDSoASAFQAw%3D%3D"
Isaya Clinic,0x496e27b41d78ac2f:0xf700d71d9696fb09,Isaya Clinic,,,13.7942688,100.5943668,"https://www.google.com/maps/place/Isaya+Clinic/@13.7942688,100.5943668,17z/data=!3m1!4b1!4m6!3m5!1s0x496e27b41d78ac2f:0xf700d71d9696fb09!8m2!3d13.7942688!4d100.5943668!16s%2Fg%2F11vj3xvxvp?entry=ttu&g_ep=EgoyMDI2MDUxNy4wIKXMDSoASAFQAw%3D%3D"
Mena Clinic,0x30e29d51637eccdd:0xcf1fb703d2541507,Mena Clinic - มีนาคลินิก,,,13.8219906,100.6423937,"https://www.google.com/maps/place/Mena+Clinic+-+%E0%B8%A1%E0%B8%B5%E0%B8%99%E0%B8%B2%E0%B8%84%E0%B8%A5%E0%B8%B4%E0%B8%99%E0%B8%B4%E0%B8%81/@13.8219906,100.6423937,17z/data=!3m1!4b1!4m6!3m5!1s0x30e29d51637eccdd:0xcf1fb703d2541507!8m2!3d13.8219906!4d100.6423937!16s%2Fg%2F11c717lgt2?entry=ttu&g_ep=EgoyMDI2MDUxNy4wIKXMDSoASAFQAw%3D%3D"
APS Clinic,0x311d5f6e3f3136e9:0xf09d50e47094fb85,APS CIinic ( เอพีเอส คลินิค ศัลยกรรมเสริมความงาม ),,,13.6810028,100.6460785,"https://www.google.com/maps/place/APS+CIinic+(+%E0%B9%80%E0%B8%AD%E0%B8%9E%E0%B8%B5%E0%B9%80%E0%B8%AD%E0%B8%AA+%E0%B8%84%E0%B8%A5%E0%B8%B4%E0%B8%99%E0%B8%B4%E0%B8%84+%E0%B8%A8%E0%B8%B1%E0%B8%A5%E0%B8%A2%E0%B8%81%E0%B8%A3%E0%B8%A3%E0%B8%A1%E0%B9%80%E0%B8%AA%E0%B8%A3%E0%B8%B4%E0%B8%A1%E0%B8%84%E0%B8%A7%E0%B8%B2%E0%B8%A1%E0%B8%87%E0%B8%B2%E0%B8%A1+)/@13.6810028,100.6460785,17z/data=!3m1!4b1!4m6!3m5!1s0x311d5f6e3f3136e9:0xf09d50e47094fb85!8m2!3d13.6810028!4d100.6460785!16s%2Fg%2F11v0bqhmgf?entry=ttu&g_ep=EgoyMDI2MDUxNy4wIKXMDSoASAFQAw%3D%3D"
Chompoodang,0x30e29ee3a00c2da3:0xceb1a6c47aedde83,ผลลัพธ์,,,13.7147161,100.5844545,"https://www.google.com/maps/place/Chompoodang/@13.7507493,100.526474,13z/data=!4m10!1m2!2m1!1sChompoodang+Bangkok!3m6!1s0x30e29ee3a00c2da3:0xceb1a6c47aedde83!8m2!3d13.7147161!4d100.5844545!15sChNDaG9tcG9vZGFuZyBCYW5na29rkgEMYmVhdXR5X3NhbG9u4AEA!16s%2Fg%2F1pzt863v8?entry=ttu&g_ep=EgoyMDI2MDUxNy4wIKXMDSoASAFQAw%3D%3D"
La Bonita,0x30e29fceb5baf20d:0x2334ebd068003b68,La Bonita Slimming & Wellness Sukhumvit 33,,,13.7385151,100.5684284,"https://www.google.com/maps/place/La+Bonita+Slimming+%26+Wellness+Sukhumvit+33/@13.7385151,100.5684284,17z/data=!3m1!4b1!4m6!3m5!1s0x30e29fceb5baf20d:0x2334ebd068003b68!8m2!3d13.7385151!4d100.5684284!16s%2Fg%2F11vrhh9tqx?entry=ttu&g_ep=EgoyMDI2MDUxNy4wIKXMDSoASAFQAw%3D%3D"
BFC Dental,0x311d60734bf0002d:0xbfeb18716f86b4,ผลลัพธ์,,,13.6709783,100.6213336,"https://www.google.com/maps/place/BFC+Dental+Bangna/@13.7016022,100.6047068,14z/data=!4m10!1m2!2m1!1sBFC+Dental+Bangkok!3m6!1s0x311d60734bf0002d:0xbfeb18716f86b4!8m2!3d13.6709783!4d100.6213336!15sChJCRkMgRGVudGFsIEJhbmdrb2uSAQ1kZW50YWxfY2xpbmlj4AEA!16s%2Fg%2F1yh8027cg?entry=ttu&g_ep=EgoyMDI2MDUxNy4wIKXMDSoASAFQAw%3D%3D"
Dental Plus Clinic Bangkok,0x30e29e18b327524b:0xc4501b87cb72a27d,ผลลัพธ์,,,13.7549171,100.6139793,"https://www.google.com/maps/place/PLUS+Dental+Clinic+%E0%B8%AA%E0%B8%B2%E0%B8%82%E0%B8%B2%E0%B8%A3%E0%B8%B2%E0%B8%A1%E0%B8%84%E0%B8%B3%E0%B9%81%E0%B8%AB%E0%B8%87+by+Smile+with+me+%7C+%E0%B8%84%E0%B8%A5%E0%B8%B4%E0%B8%99%E0%B8%B4%E0%B8%81%E0%B8%97%E0%B8%B1%E0%B8%99%E0%B8%95%E0%B8%81%E0%B8%A3%E0%B8%A3%E0%B8%A1+%E0%B8%88%E0%B8%B1%E0%B8%94%E0%B8%9F%E0%B8%B1%E0%B8%99+%E0%B8%82%E0%B8%B9%E0%B8%94%E0%B8%AB%E0%B8%B4%E0%B8%99%E0%B8%9B%E0%B8%B9%E0%B8%99+%E0%B8%A3%E0%B8%B2%E0%B8%81%E0%B8%9F%E0%B8%B1%E0%B8%99%E0%B9%80%E0%B8%97%E0%B8%B5%E0%B8%A2%E0%B8%A1+%E0%B8%9F%E0%B8%B1%E0%B8%99%E0%B8%9B%E0%B8%A5%E0%B8%AD%E0%B8%A1+%E0%B8%9F%E0%B8%AD%E0%B8%81%E0%B8%AA%E0%B8%B5%E0%B8%9F%E0%B8%B1%E0%B8%99/@13.7549171,100.4697837,12z/data=!4m10!1m2!2m1!1sDental+Plus+Clinic+Bangkok+Bangkok!3m6!1s0x30e29e18b327524b:0xc4501b87cb72a27d!8m2!3d13.7549171!4d100.6139793!15sCiJEZW50YWwgUGx1cyBDbGluaWMgQmFuZ2tvayBCYW5na29rkgENZGVudGFsX2NsaW5pY-ABAA!16s%2Fg%2F11c525js_4?entry=ttu&g_ep=EgoyMDI2MDUxNy4wIKXMDSoASAFQAw%3D%3D"
Emma Clinic Bangkok,0x30e29fdc4b147357:0x4ed49a90e62919dd,ผลลัพธ์,,,13.7460273,100.5624935,"https://www.google.com/maps/place/Emma+Clinic+(%E0%B8%AD%E0%B9%82%E0%B8%A8%E0%B8%81)+%E0%B9%80%E0%B8%AA%E0%B8%A3%E0%B8%B4%E0%B8%A1%E0%B8%88%E0%B8%A1%E0%B8%B9%E0%B8%81+%E0%B9%80%E0%B8%AA%E0%B8%A3%E0%B8%B4%E0%B8%A1%E0%B8%84%E0%B8%B2%E0%B8%87+%E0%B8%9B%E0%B8%A3%E0%B8%B1%E0%B8%9A%E0%B8%A3%E0%B8%B9%E0%B8%9B%E0%B8%AB%E0%B8%99%E0%B9%89%E0%B8%B2/@13.7460273,100.4182979,12z/data=!4m10!1m2!2m1!1sEmma+Clinic+Bangkok+Bangkok!3m6!1s0x30e29fdc4b147357:0x4ed49a90e62919dd!8m2!3d13.7460273!4d100.5624935!15sChtFbW1hIENsaW5pYyBCYW5na29rIEJhbmdrb2taHSIbZW1tYSBjbGluaWMgYmFuZ2tvayBiYW5na29rkgEPc3VyZ2ljYWxfY2VudGVymgFEQ2k5RFFVbFJRVU52WkVOb2RIbGpSamx2VDJ0U1ZGcHJlREpSTUhSRFRtNWtjbGRGYUdGWU1teFdWVzAxVUdWRlJSQULgAQD6AQQIABAj!16s%2Fg%2F11fm_mfz2p?entry=ttu&g_ep=EgoyMDI2MDUxNy4wIKXMDSoASAFQAw%3D%3D"
LBC Clinic Lebua,0x30e29e8fbb798957:0xb768a966564eeeb1,LBC Clinic แอลบีซี คลินิก สาขา พระราม 9 (Rama 9),,,13.7616688,100.5664155,"https://www.google.com/maps/place/LBC+Clinic+%E0%B9%81%E0%B8%AD%E0%B8%A5%E0%B8%9A%E0%B8%B5%E0%B8%8B%E0%B8%B5+%E0%B8%84%E0%B8%A5%E0%B8%B4%E0%B8%99%E0%B8%B4%E0%B8%81+%E0%B8%AA%E0%B8%B2%E0%B8%82%E0%B8%B2+%E0%B8%9E%E0%B8%A3%E0%B8%B0%E0%B8%A3%E0%B8%B2%E0%B8%A1+9+(Rama+9)/@13.7415762,100.5416543,14z/data=!4m10!1m2!2m1!1sLBC+Clinic+Lebua+Bangkok!3m6!1s0x30e29e8fbb798957:0xb768a966564eeeb1!8m2!3d13.7616688!4d100.5664155!15sChhMQkMgQ2xpbmljIExlYnVhIEJhbmdrb2siA4gBAZIBEHNraW5fY2FyZV9jbGluaWPgAQA!16s%2Fg%2F11hzh2pssz?entry=ttu&g_ep=EgoyMDI2MDUxNy4wIKXMDSoASAFQAw%3D%3D"
Aura Bangkok Clinic,0x30e29f48683c3145:0x37f05528dae0f875,ผลลัพธ์,,,13.7471365,100.5400538,"https://www.google.com/maps/place/Aura+Bangkok+Clinic+centralwOrld+%E0%B9%80%E0%B8%8B%E0%B9%87%E0%B8%99%E0%B8%97%E0%B8%A3%E0%B8%B1%E0%B8%A5%E0%B9%80%E0%B8%A7%E0%B8%B4%E0%B8%A5%E0%B8%94%E0%B9%8C/@13.7516612,100.5453423,12z/data=!4m10!1m2!2m1!1sAura+Bangkok+Clinic+Bangkok!3m6!1s0x30e29f48683c3145:0x37f05528dae0f875!8m2!3d13.7471365!4d100.5400538!15sChtBdXJhIEJhbmdrb2sgQ2xpbmljIEJhbmdrb2taHSIbYXVyYSBiYW5na29rIGNsaW5pYyBiYW5na29rkgEObWVkaWNhbF9jbGluaWOaAURDaTlEUVVsUlFVTnZaRU5vZEhsalJqbHZUMnMxVW1WclNsbGhia1pUVjJzNU1sWkVUbGxTYTBwRVpFaFdURkV6WXhBQuABAPoBBAgAECQ!16s%2Fg%2F11xr_njqpw?entry=ttu&g_ep=EgoyMDI2MDUxNy4wIKXMDSoASAFQAw%3D%3D"
Sowon Clinic,0x30e29dd5e66d5885:0x20f893b1de9d3a63,ผลลัพธ์,,,13.7755185,100.6323437,"https://www.google.com/maps/place/Sowon+Clinic+%E0%B8%AA%E0%B8%B2%E0%B8%82%E0%B8%B2%E0%B8%A5%E0%B8%B2%E0%B8%94%E0%B8%9E%E0%B8%A3%E0%B9%89%E0%B8%B2%E0%B8%A7+101%2F3+%E0%B8%AA%E0%B8%B3%E0%B8%99%E0%B8%B1%E0%B8%81%E0%B8%87%E0%B8%B2%E0%B8%99%E0%B9%83%E0%B8%AB%E0%B8%8D%E0%B9%88+%E0%B9%80%E0%B8%AA%E0%B8%A3%E0%B8%B4%E0%B8%A1%E0%B8%88%E0%B8%A1%E0%B8%B9%E0%B8%81+%E0%B8%9B%E0%B8%B2%E0%B8%81%E0%B8%81%E0%B8%A3%E0%B8%B0%E0%B8%88%E0%B8%B1%E0%B8%9A+%E0%B8%9B%E0%B8%A3%E0%B8%B1%E0%B8%9A%E0%B8%A3%E0%B8%B9%E0%B8%9B%E0%B8%AB%E0%B8%99%E0%B9%89%E0%B8%B2/@13.7753592,100.554135,13z/data=!4m10!1m2!2m1!1sSowon+Clinic+Bangkok!3m6!1s0x30e29dd5e66d5885:0x20f893b1de9d3a63!8m2!3d13.7755185!4d100.6323437!15sChRTb3dvbiBDbGluaWMgQmFuZ2tva1oWIhRzb3dvbiBjbGluaWMgYmFuZ2tva5IBFnBsYXN0aWNfc3VyZ2VyeV9jbGluaWPgAQA!16s%2Fg%2F11s2hwzrpn?entry=ttu&g_ep=EgoyMDI2MDUxNy4wIKXMDSoASAFQAw%3D%3D"
OHM Clinic,0x311d630611ae3a51:0xef9477e075d61cb6,ผลลัพธ์,,,13.815408,100.6377486,"https://www.google.com/maps/place/OHM+clinic/@13.815408,100.493553,12z/data=!4m10!1m2!2m1!1sOHM+Clinic+Bangkok!3m6!1s0x311d630611ae3a51:0xef9477e075d61cb6!8m2!3d13.815408!4d100.6377486!15sChJPSE0gQ2xpbmljIEJhbmdrb2uSAQZkb2N0b3LgAQA!16s%2Fg%2F11h5lw7qr_?entry=ttu&g_ep=EgoyMDI2MDUxNy4wIKXMDSoASAFQAw%3D%3D"
RWC Roselin Clinic,0x30e29fbd81555923:0xc64786b863fb902f,"ได้รับการสนับสนุน
",,,13.7148282,100.5921408,"https://www.google.com/maps/place/RWC+Clinic/@13.714828,100.5200432,13z/data=!4m10!1m2!2m1!1sRWC+Roselin+Clinic+Bangkok!3m6!1s0x30e29fbd81555923:0xc64786b863fb902f!8m2!3d13.7148282!4d100.5921408!15sChpSV0MgUm9zZWxpbiBDbGluaWMgQmFuZ2tva1ocIhpyd2Mgcm9zZWxpbiBjbGluaWMgYmFuZ2tva5IBFnBsYXN0aWNfc3VyZ2VyeV9jbGluaWOaASRDaGREU1VoTk1HOW5TMFZKUTBGblRVTlpOM0ZZV0c1UlJSQULgAQD6AQQIABBF!16s%2Fg%2F11n77wxfk7?entry=ttu&g_ep=EgoyMDI2MDUxNy4wIKXMDSoASAFQAw%3D%3D"
Jairuk Clinic,0x311d63f950b1e2c7:0xd537686a27dd3f3,ผลลัพธ์,,,13.8154045,100.6379298,"https://www.google.com/maps/place/Jairuk+Clinic+%E0%B9%83%E0%B8%88%E0%B8%A3%E0%B8%B1%E0%B8%81%E0%B8%A9%E0%B9%8C%E0%B8%84%E0%B8%A5%E0%B8%B4%E0%B8%99%E0%B8%B4%E0%B8%81+%E0%B8%AA%E0%B8%B2%E0%B8%82%E0%B8%B2%E0%B9%80%E0%B8%81%E0%B8%A9%E0%B8%95%E0%B8%A3%E0%B8%99%E0%B8%A7%E0%B8%A1%E0%B8%B4%E0%B8%99%E0%B8%97%E0%B8%A3%E0%B9%8C+(nirvana@work)/@13.8042679,100.584792,13z/data=!4m10!1m2!2m1!1sJairuk+Clinic+Bangkok!3m6!1s0x311d63f950b1e2c7:0xd537686a27dd3f3!8m2!3d13.8154045!4d100.6379298!15sChVKYWlydWsgQ2xpbmljIEJhbmdrb2uSAQxiZWF1dHlfc2Fsb27gAQA!16s%2Fg%2F11pq8wlgw5?entry=ttu&g_ep=EgoyMDI2MDUxNy4wIKXMDSoASAFQAw%3D%3D"
Atita Clinic,0x30e29dabaf85b1ad:0x373bb06e016cf7ab,ผลลัพธ์,,,13.8001285,100.5745273,"https://www.google.com/maps/place/Atita+Clinic+%E0%B8%AD%E0%B8%97%E0%B8%B4%E0%B8%95%E0%B8%B2%E0%B8%84%E0%B8%A5%E0%B8%B4%E0%B8%99%E0%B8%B4%E0%B8%81+(%E0%B8%AA%E0%B8%B2%E0%B8%82%E0%B8%B2+%E0%B8%A3%E0%B8%B1%E0%B8%8A%E0%B8%94%E0%B8%B2+-+%E0%B8%AA%E0%B8%B8%E0%B8%97%E0%B8%98%E0%B8%B4%E0%B8%AA%E0%B8%B2%E0%B8%A3)+Filler+Botox+%E0%B8%A3%E0%B9%89%E0%B8%AD%E0%B8%A2%E0%B9%84%E0%B8%AB%E0%B8%A1+%E0%B8%9F%E0%B8%B4%E0%B8%A5%E0%B9%80%E0%B8%A5%E0%B8%AD%E0%B8%A3%E0%B9%8C+%E0%B9%82%E0%B8%9A%E0%B8%97%E0%B9%87%E0%B8%AD%E0%B8%81%E0%B8%8B%E0%B9%8C+%E0%B8%9B%E0%B8%A3%E0%B8%B1%E0%B8%9A%E0%B8%A3%E0%B8%B9%E0%B8%9B%E0%B8%AB%E0%B8%99%E0%B9%89%E0%B8%B2+%E0%B9%80%E0%B8%95%E0%B8%B4%E0%B8%A1%E0%B9%84%E0%B8%82%E0%B8%A1%E0%B8%B1%E0%B8%99+HIFU+Ulthera/@13.8001285,100.5024295,13z/data=!4m10!1m2!2m1!1sAtita+Clinic+Bangkok!3m6!1s0x30e29dabaf85b1ad:0x373bb06e016cf7ab!8m2!3d13.8001285!4d100.5745273!15sChRBdGl0YSBDbGluaWMgQmFuZ2tva1oWIhRhdGl0YSBjbGluaWMgYmFuZ2tva5IBFnBsYXN0aWNfc3VyZ2VyeV9jbGluaWOaASRDaGREU1VoTk1HOW5TMFZKUTBGblRVUm5NMHhZWjE5UlJSQULgAQD6AQQIABBA!16s%2Fg%2F11y2sjp3py?entry=ttu&g_ep=EgoyMDI2MDUxNy4wIKXMDSoASAFQAw%3D%3D"
Charmer Clinic,0x30e2978017a8ec9d:0xbf17cbf71557bfe1,ผลลัพธ์,,,13.7081217,100.3821062,"https://www.google.com/maps/place/Charmer+Clinic+%E2%80%93+Phetkasem+Branch+65+%E0%B8%AA%E0%B8%B2%E0%B8%82%E0%B8%B2%E0%B9%80%E0%B8%9E%E0%B8%8A%E0%B8%A3%E0%B9%80%E0%B8%81%E0%B8%A9%E0%B8%A1+65/@13.708122,100.0937149,11z/data=!4m10!1m2!2m1!1sCharmer+Clinic+Bangkok!3m6!1s0x30e2978017a8ec9d:0xbf17cbf71557bfe1!8m2!3d13.7081217!4d100.3821062!15sChZDaGFybWVyIENsaW5pYyBCYW5na29rkgEObWVkaWNhbF9vZmZpY2XgAQA!16s%2Fg%2F11xgzq8tcr?entry=ttu&g_ep=EgoyMDI2MDUxNy4wIKXMDSoASAFQAw%3D%3D"
Cosmacare Clinic,0x311d628c4ce7cc8f:0x9030df218adf0252,ผลลัพธ์,,,13.829851,100.638476,"https://www.google.com/maps/place/Cosmacare+Clinic+Nuanchan+%E0%B8%84%E0%B8%AD%E0%B8%AA%E0%B8%A1%E0%B8%B2%E0%B9%81%E0%B8%84%E0%B8%A3%E0%B9%8C+%E0%B8%84%E0%B8%A5%E0%B8%B4%E0%B8%99%E0%B8%B4%E0%B8%81+%E0%B8%99%E0%B8%A7%E0%B8%A5%E0%B8%88%E0%B8%B1%E0%B8%99%E0%B8%97%E0%B8%A3%E0%B9%8C/@13.7794018,100.5860773,13z/data=!4m10!1m2!2m1!1sCosmacare+Clinic+Bangkok!3m6!1s0x311d628c4ce7cc8f:0x9030df218adf0252!8m2!3d13.829851!4d100.638476!15sChhDb3NtYWNhcmUgQ2xpbmljIEJhbmdrb2taGiIYY29zbWFjYXJlIGNsaW5pYyBiYW5na29rkgEWcGxhc3RpY19zdXJnZXJ5X2NsaW5pY5oBI0NoWkRTVWhOTUc5blMwVkpRMEZuU1VONGRVOWlNVkJCRUFF4AEA-gEFCN8BEEc!16s%2Fg%2F11c5836gvq?entry=ttu&g_ep=EgoyMDI2MDUxNy4wIKXMDSoASAFQAw%3D%3D"
Daisy Diva Clinic,0x30e29edb3205b95b:0xde48bbd88203c22a,ผลลัพธ์,,,13.7452707,100.544469,"https://www.google.com/maps/place/%E0%B9%80%E0%B8%94%E0%B8%8B%E0%B8%B5%E0%B9%88+%E0%B8%94%E0%B8%B4%E0%B8%A7%E0%B9%88%E0%B8%B2+%E0%B8%84%E0%B8%A5%E0%B8%B4%E0%B8%99%E0%B8%B4%E0%B8%81+%2F+Daisy+Diva+Clinic/@13.7452707,100.4723712,13z/data=!4m10!1m2!2m1!1sDaisy+Diva+Clinic+Bangkok!3m6!1s0x30e29edb3205b95b:0xde48bbd88203c22a!8m2!3d13.7452707!4d100.544469!15sChlEYWlzeSBEaXZhIENsaW5pYyBCYW5na29rkgEQc2tpbl9jYXJlX2NsaW5pY-ABAA!16s%2Fg%2F124sr9zqv?entry=ttu&g_ep=EgoyMDI2MDUxNy4wIKXMDSoASAFQAw%3D%3D"
Metro Bangkok Clinic,0x30e29f30576b9e8d:0x2de4e0823cd1a2b2,Metro Bangkok Clinic,,,13.7212553,100.5847478,"https://www.google.com/maps/place/Metro+Bangkok+Clinic/@13.7212553,100.5847478,17z/data=!3m1!4b1!4m6!3m5!1s0x30e29f30576b9e8d:0x2de4e0823cd1a2b2!8m2!3d13.7212553!4d100.5847478!16s%2Fg%2F11clwky3z8?entry=ttu&g_ep=EgoyMDI2MDUxNy4wIKXMDSoASAFQAw%3D%3D"
ScMc Clinic,0x30e29900043706d9:0x92a99103d89feac4,ผลลัพธ์,,,13.7243058,100.5273113,"https://www.google.com/maps/place/SCMC+(Srisukho+Clinic+of+Mahanakhon+Center)/@13.7243058,100.5228052,17z/data=!4m10!1m2!2m1!1sScMc+Clinic+Bangkok!3m6!1s0x30e29900043706d9:0x92a99103d89feac4!8m2!3d13.7243058!4d100.5273113!15sChNTY01jIENsaW5pYyBCYW5na29rkgEQc2tpbl9jYXJlX2NsaW5pY-ABAA!16s%2Fg%2F11y_nmttc0?entry=ttu&g_ep=EgoyMDI2MDUxNy4wIKXMDSoASAFQAw%3D%3D"
Linna Clinic,0x311d62782a7c0fb7:0x55507a95fca4d11f,LINNA Clinic ลินนาคลินิก (เลียบด่วน),,,13.8107784,100.6223084,"https://www.google.com/maps/place/LINNA+Clinic+%E0%B8%A5%E0%B8%B4%E0%B8%99%E0%B8%99%E0%B8%B2%E0%B8%84%E0%B8%A5%E0%B8%B4%E0%B8%99%E0%B8%B4%E0%B8%81+(%E0%B9%80%E0%B8%A5%E0%B8%B5%E0%B8%A2%E0%B8%9A%E0%B8%94%E0%B9%88%E0%B8%A7%E0%B8%99)/@13.7697051,100.5787276,13z/data=!4m10!1m2!2m1!1sLinna+Clinic+Bangkok!3m6!1s0x311d62782a7c0fb7:0x55507a95fca4d11f!8m2!3d13.8107784!4d100.6223084!15sChRMaW5uYSBDbGluaWMgQmFuZ2tva1oWIhRsaW5uYSBjbGluaWMgYmFuZ2tva5IBD3dlbGxuZXNzX2NlbnRlcpoBI0NoWkRTVWhOTUc5blMwVkpRMEZuU1VSMmVqWTJSVTkzRUFF4AEA-gEECD4QPQ!16s%2Fg%2F11c1r4h3kn?entry=ttu&g_ep=EgoyMDI2MDUxNy4wIKXMDSoASAFQAw%3D%3D"
Hertitude Clinic,0x30e29d87e38893bf:0x40da16323e86699b,ผลลัพธ์,,,13.8112638,100.618524,"https://www.google.com/maps/place/Hertitude/@13.7800382,100.5352858,13z/data=!3m1!5s0x30e29d87e4ff8627:0x881f18446cc00180!4m10!1m2!2m1!1sHertitude+Clinic+Bangkok!3m6!1s0x30e29d87e38893bf:0x40da16323e86699b!8m2!3d13.8112638!4d100.618524!15sChhIZXJ0aXR1ZGUgQ2xpbmljIEJhbmdrb2taGiIYaGVydGl0dWRlIGNsaW5pYyBiYW5na29rkgEObWVkaWNhbF9jbGluaWOaASRDaGREU1VoTk1HOW5TMFZKUTBGblNVTnlhbkZMV25sM1JSQULgAQD6AQQIHBAd!16s%2Fg%2F1pv0qlrbg?entry=ttu&g_ep=EgoyMDI2MDUxNy4wIKXMDSoASAFQAw%3D%3D"
Jarem Clinic,0x30e29e5f2e0f9e03:0x6104de48b8937a98,JAREM CLINIC คลินิกศัลยกรรมเสริมหน้าอกและแก้ไขกล้ามเนื้อตาอ่อนแรง,,,13.766197,100.6058832,"https://www.google.com/maps/place/JAREM+CLINIC+%E0%B8%84%E0%B8%A5%E0%B8%B4%E0%B8%99%E0%B8%B4%E0%B8%81%E0%B8%A8%E0%B8%B1%E0%B8%A5%E0%B8%A2%E0%B8%81%E0%B8%A3%E0%B8%A3%E0%B8%A1%E0%B9%80%E0%B8%AA%E0%B8%A3%E0%B8%B4%E0%B8%A1%E0%B8%AB%E0%B8%99%E0%B9%89%E0%B8%B2%E0%B8%AD%E0%B8%81%E0%B9%81%E0%B8%A5%E0%B8%B0%E0%B9%81%E0%B8%81%E0%B9%89%E0%B9%84%E0%B8%82%E0%B8%81%E0%B8%A5%E0%B9%89%E0%B8%B2%E0%B8%A1%E0%B9%80%E0%B8%99%E0%B8%B7%E0%B9%89%E0%B8%AD%E0%B8%95%E0%B8%B2%E0%B8%AD%E0%B9%88%E0%B8%AD%E0%B8%99%E0%B9%81%E0%B8%A3%E0%B8%87/@13.766197,100.6058832,17z/data=!3m1!4b1!4m6!3m5!1s0x30e29e5f2e0f9e03:0x6104de48b8937a98!8m2!3d13.766197!4d100.6058832!16s%2Fg%2F11b7848w86?entry=ttu&g_ep=EgoyMDI2MDUxNy4wIKXMDSoASAFQAw%3D%3D"
Hair Design Center Bangkok,0x30e29f01d0bce21f:0xbf63dd7bf7459615,ผลลัพธ์,,,13.7323797,100.5713737,"https://www.google.com/maps/place/DEAR+Hair+Design/@13.7442302,100.5053175,12z/data=!4m10!1m2!2m1!1sHair+Design+Center+Bangkok+Bangkok!3m6!1s0x30e29f01d0bce21f:0xbf63dd7bf7459615!8m2!3d13.7323797!4d100.5713737!15sCiJIYWlyIERlc2lnbiBDZW50ZXIgQmFuZ2tvayBCYW5na29rWiQiImhhaXIgZGVzaWduIGNlbnRlciBiYW5na29rIGJhbmdrb2uSARJ1bmlzZXhfaGFpcmRyZXNzZXKaASNDaFpEU1VoTk1HOW5TMFZKUTBGblNVTlNOalZJVFdSM0VBReABAPoBBAgAEEs!16s%2Fg%2F11dzw7bnq_?entry=ttu&g_ep=EgoyMDI2MDUxNy4wIKXMDSoASAFQAw%3D%3D"
Bria Clinic Bangkok,0x30e29dfee5b7f709:0x222845588a9cebcd,ผลลัพธ์,,,13.7805139,100.6162393,"https://www.google.com/maps/place/BRIA+LAB+CLINIC/@13.7805139,100.6117332,17z/data=!4m10!1m2!2m1!1sBria+Clinic+Bangkok+Bangkok!3m6!1s0x30e29dfee5b7f709:0x222845588a9cebcd!8m2!3d13.7805139!4d100.6162393!15sChtCcmlhIENsaW5pYyBCYW5na29rIEJhbmdrb2taHSIbYnJpYSBjbGluaWMgYmFuZ2tvayBiYW5na29rkgELbWVkaWNhbF9sYWKaAURDaTlEUVVsUlFVTnZaRU5vZEhsalJqbHZUMjFrY0ZOc2JHaE5Semt6WlcxV1JWVldiRmRrYkhCd1RraFdjRll4UlJBQuABAPoBBAgAEDw!16s%2Fg%2F12m9jnd4r?entry=ttu&g_ep=EgoyMDI2MDUxNy4wIKXMDSoASAFQAw%3D%3D"
Smart Hair Bangkok,0x30e29f0015fc15a3:0xc7e8092f234e1179,ผลลัพธ์,,,13.7190877,100.5850938,"https://www.google.com/maps/place/Smart+cutz+(Gateway+Ekamai)/@13.4466877,100.7549501,10z/data=!4m10!1m2!2m1!1sSmart+Hair+Bangkok+Bangkok!3m6!1s0x30e29f0015fc15a3:0xc7e8092f234e1179!8m2!3d13.7190877!4d100.5850938!15sChpTbWFydCBIYWlyIEJhbmdrb2sgQmFuZ2tva1ocIhpzbWFydCBoYWlyIGJhbmdrb2sgYmFuZ2tva5IBC2JhcmJlcl9zaG9wmgEkQ2hkRFNVaE5NRzluUzBWSlEwRm5UVVJSTmpWMlgyeG5SUkFC4AEA-gEECAAQRw!16s%2Fg%2F11y8rj92fj?entry=ttu&g_ep=EgoyMDI2MDUxNy4wIKXMDSoASAFQAw%3D%3D"
Dr Boy Hair Center,0x30e29f017bac48db:0xe3ec840fde6577f4,ผลลัพธ์,,,13.7295497,100.5693988,"https://www.google.com/maps/place/J.M+HAIR+STUDIO/@13.72955,100.2810079,11z/data=!4m9!1m2!2m1!1sDr+Boy+Hair+Center+Bangkok!3m5!1s0x30e29f017bac48db:0xe3ec840fde6577f4!8m2!3d13.7295497!4d100.5693988!16s%2Fg%2F11g6mjy070?entry=ttu&g_ep=EgoyMDI2MDUxNy4wIKXMDSoASAFQAw%3D%3D"
Hair Care Plus Bangkok,0x30e29d8c77a2548d:0xddf87b55fd8d4f38,ผลลัพธ์,,,13.8045587,100.6147529,"https://www.google.com/maps/place/The+Hair+Care+Professional+@Central+Festival+Eastville/@13.8045587,100.4705573,12z/data=!4m10!1m2!2m1!1sHair+Care+Plus+Bangkok+Bangkok!3m6!1s0x30e29d8c77a2548d:0xddf87b55fd8d4f38!8m2!3d13.8045587!4d100.6147529!15sCh5IYWlyIENhcmUgUGx1cyBCYW5na29rIEJhbmdrb2taICIeaGFpciBjYXJlIHBsdXMgYmFuZ2tvayBiYW5na29rkgEKaGFpcl9zYWxvbpoBI0NoWkRTVWhOTUc5blMwVkpRMEZuU1VST2VWOTFSVXBCRUFF4AEA-gEECAAQKw!16s%2Fg%2F11df0d4kmf?entry=ttu&g_ep=EgoyMDI2MDUxNy4wIKXMDSoASAFQAw%3D%3D"
Hair Zone Bangkok,0x311d5f001a3ab9d7:0xf604c055661dff6e,ผลลัพธ์,,,13.6780864,100.6382653,"https://www.google.com/maps/place/The+hair+zone+studio/@13.6780864,100.4940697,12z/data=!4m10!1m2!2m1!1sHair+Zone+Bangkok+Bangkok!3m6!1s0x311d5f001a3ab9d7:0xf604c055661dff6e!8m2!3d13.6780864!4d100.6382653!15sChlIYWlyIFpvbmUgQmFuZ2tvayBCYW5na29rWhsiGWhhaXIgem9uZSBiYW5na29rIGJhbmdrb2uSAQpoYWlyX3NhbG9umgFEQ2k5RFFVbFJRVU52WkVOb2RIbGpSamx2VDI1U1dWTnFRWFJWZVRGUVYwYzFTRnBzUms5TlJWWkVWbFZ3ZDFkdFl4QULgAQD6AQQINxAm!16s%2Fg%2F11z9r1svqn?entry=ttu&g_ep=EgoyMDI2MDUxNy4wIKXMDSoASAFQAw%3D%3D"
Gentle Clinic Bangkok,0x30e29dee29dde167:0xa035171fb3cf1cc2,,,,13.7918519,100.6084163,"https://www.google.com/maps/place/Gentle+Clinic+Lat+Phrao+71/@13.7918519,100.5363185,13z/data=!4m10!1m2!2m1!1sGentle+Clinic+Bangkok+Bangkok!3m6!1s0x30e29dee29dde167:0xa035171fb3cf1cc2!8m2!3d13.7918519!4d100.6084163!15sCh1HZW50bGUgQ2xpbmljIEJhbmdrb2sgQmFuZ2tva5IBEHNraW5fY2FyZV9jbGluaWPgAQA!16s%2Fg%2F11dz_xq7kt?entry=ttu&g_ep=EgoyMDI2MDUxNy4wIKXMDSoASAFQAw%3D%3D"
Villa Medica Thailand,0x30e29faad8c1c88f:0x8c6bfe665bb09416,ผลลัพธ์,,,13.744791,100.5413654,"https://www.google.com/maps/place/EW+Villa+Medica/@13.744791,100.523341,15z/data=!4m10!1m2!2m1!1sVilla+Medica+Thailand+Bangkok!3m6!1s0x30e29faad8c1c88f:0x8c6bfe665bb09416!8m2!3d13.744791!4d100.5413654!15sCh1WaWxsYSBNZWRpY2EgVGhhaWxhbmQgQmFuZ2tva5IBD3dlbGxuZXNzX2NlbnRlcuABAA!16s%2Fg%2F11pm1ng2yc?entry=ttu&g_ep=EgoyMDI2MDUxNy4wIKXMDSoASAFQAw%3D%3D"
Crimson Mens Art Clinic,0x30e29dff2ad1c547:0x4c60b1771e42ba56,ผลลัพธ์,,,13.7823914,100.6168964,"https://www.google.com/maps/place/The+Art+Clinic/@13.7823914,100.4727008,12z/data=!4m10!1m2!2m1!1sCrimson+Mens+Art+Clinic+Bangkok!3m6!1s0x30e29dff2ad1c547:0x4c60b1771e42ba56!8m2!3d13.7823914!4d100.6168964!15sCh9Dcmltc29uIE1lbnMgQXJ0IENsaW5pYyBCYW5na29rWiEiH2NyaW1zb24gbWVucyBhcnQgY2xpbmljIGJhbmdrb2uSARZwbGFzdGljX3N1cmdlcnlfY2xpbmljmgFEQ2k5RFFVbFJRVU52WkVOb2RIbGpSamx2VDJzMVVWUXpRWGhqUms1dlpGVktNRkp1VW1sTlZFNVJWbTFhY1ZwdFl4QULgAQD6AQQIABAz!16s%2Fg%2F11c0xrg6gk?entry=ttu&g_ep=EgoyMDI2MDUxNy4wIKXMDSoASAFQAw%3D%3D"
Meko Men Clinic,0x30e29d1c931ecc37:0x96c6b2aa9652b431,ผลลัพธ์,,,13.7989869,100.5603639,"https://www.google.com/maps/place/%E0%B9%82%E0%B8%A3%E0%B8%87%E0%B8%9E%E0%B8%A2%E0%B8%B2%E0%B8%9A%E0%B8%B2%E0%B8%A5+%E0%B9%80%E0%B8%A1%E0%B9%82%E0%B8%81%E0%B8%B0%E0%B8%AD%E0%B8%B4%E0%B8%99%E0%B9%80%E0%B8%95%E0%B8%AD%E0%B8%A3%E0%B9%8C%E0%B9%80%E0%B8%99%E0%B8%8A%E0%B8%B1%E0%B9%88%E0%B8%99%E0%B9%81%E0%B8%99%E0%B8%A5+Meko+International+Hospital/@13.8340545,100.5438002,11z/data=!4m10!1m2!2m1!1sMeko+Men+Clinic+Bangkok!3m6!1s0x30e29d1c931ecc37:0x96c6b2aa9652b431!8m2!3d13.7989869!4d100.5603639!15sChdNZWtvIE1lbiBDbGluaWMgQmFuZ2tva1oZIhdtZWtvIG1lbiBjbGluaWMgYmFuZ2tva5IBFnBsYXN0aWNfc3VyZ2VyeV9jbGluaWOaAURDaTlEUVVsUlFVTnZaRU5vZEhsalJqbHZUMjVqZUZZelFrZE5NSE4zVGpCWk5GZ3dNVTFWYWxZd1kwWmFhMUpzUlJBQuABAPoBBAgaEEc!16s%2Fg%2F11gt_zd4mg?entry=ttu&g_ep=EgoyMDI2MDUxNy4wIKXMDSoASAFQAw%3D%3D"
Vector Men Medical Bangkok,0x30e29f4b5aede4bd:0xd06f1bc1d6da7e92,ผลลัพธ์,,,13.7357379,100.5768472,"https://www.google.com/maps/place/MENHANCE+The+Clinic+for+Men/@13.7222979,100.5119966,13z/data=!4m10!1m2!2m1!1sVector+Men+Medical+Bangkok+Bangkok!3m6!1s0x30e29f4b5aede4bd:0xd06f1bc1d6da7e92!8m2!3d13.7357379!4d100.5768472!15sCiJWZWN0b3IgTWVuIE1lZGljYWwgQmFuZ2tvayBCYW5na29rWiQiInZlY3RvciBtZW4gbWVkaWNhbCBiYW5na29rIGJhbmdrb2uSAQ51cm9sb2d5X2NsaW5pY5oBJENoZERTVWhOTUc5blMwVkpRMEZuU1VSSWFHWmxkMmhCUlJBQuABAPoBBAgAEEQ!16s%2Fg%2F11ld1dxw9d?entry=ttu&g_ep=EgoyMDI2MDUxNy4wIKXMDSoASAFQAw%3D%3D"
Elite Men Center Bangkok,0x30e29f4b5aede4bd:0xd06f1bc1d6da7e92,ผลลัพธ์,,,13.7357379,100.5768472,"https://www.google.com/maps/place/MENHANCE+The+Clinic+for+Men/@13.7357379,100.4326516,12z/data=!4m10!1m2!2m1!1sElite+Men+Center+Bangkok+Bangkok!3m6!1s0x30e29f4b5aede4bd:0xd06f1bc1d6da7e92!8m2!3d13.7357379!4d100.5768472!15sCiBFbGl0ZSBNZW4gQ2VudGVyIEJhbmdrb2sgQmFuZ2tva1oiIiBlbGl0ZSBtZW4gY2VudGVyIGJhbmdrb2sgYmFuZ2tva5IBDnVyb2xvZ3lfY2xpbmljmgEkQ2hkRFNVaE5NRzluUzBWSlEwRm5UVVIzZG5KTVdXdG5SUkFC4AEA-gEFCIADECw!16s%2Fg%2F11ld1dxw9d?entry=ttu&g_ep=EgoyMDI2MDUxNy4wIKXMDSoASAFQAw%3D%3D"
Horizon Men Clinic Bangkok,0x30e29f4b5aede4bd:0xd06f1bc1d6da7e92,ผลลัพธ์,,,13.7357379,100.5768472,"https://www.google.com/maps/place/MENHANCE+The+Clinic+for+Men/@13.7357379,100.2884561,11z/data=!4m10!1m2!2m1!1sHorizon+Men+Clinic+Bangkok+Bangkok!3m6!1s0x30e29f4b5aede4bd:0xd06f1bc1d6da7e92!8m2!3d13.7357379!4d100.5768472!15sCiJIb3Jpem9uIE1lbiBDbGluaWMgQmFuZ2tvayBCYW5na29rWiQiImhvcml6b24gbWVuIGNsaW5pYyBiYW5na29rIGJhbmdrb2uSAQ51cm9sb2d5X2NsaW5pY5oBI0NoWkRTVWhOTUc5blMwVkpRMEZuU1VSSWFHRmxTVU5SRUFF4AEA-gEFCKMBEEo!16s%2Fg%2F11ld1dxw9d?entry=ttu&g_ep=EgoyMDI2MDUxNy4wIKXMDSoASAFQAw%3D%3D"
Prestige Men Clinic Bangkok,0x30e29e549997f48b:0x1f05ab44c01796be,ผลลัพธ์,,,13.7342423,100.5796776,"https://www.google.com/maps/place/Prestige+clinic/@13.7222979,100.5177368,13z/data=!4m10!1m2!2m1!1sPrestige+Men+Clinic+Bangkok+Bangkok!3m6!1s0x30e29e549997f48b:0x1f05ab44c01796be!8m2!3d13.7342423!4d100.5796776!15sCiNQcmVzdGlnZSBNZW4gQ2xpbmljIEJhbmdrb2sgQmFuZ2tva5IBDm1lZGljYWxfY2xpbmlj4AEA!16s%2Fg%2F11gfgkrq4j?entry=ttu&g_ep=EgoyMDI2MDUxNy4wIKXMDSoASAFQAw%3D%3D"
Promjai Dental Clinic,0x30e29f01cf9e1bcd:0xa55825545209bcd,Promjai Dental Clinic Thailand,,,13.732016,100.571175,"https://www.google.com/maps/place/Promjai+Dental+Clinic+Thailand/@13.732016,100.571175,17z/data=!3m1!4b1!4m6!3m5!1s0x30e29f01cf9e1bcd:0xa55825545209bcd!8m2!3d13.732016!4d100.571175!16s%2Fg%2F1hm4krf5m?entry=ttu&g_ep=EgoyMDI2MDUxNy4wIKXMDSoASAFQAw%3D%3D"
One Dental Clinic Promphong,0x30e29f8bd4107e0b:0x45458aed3fae74f7,ผลลัพธ์,,,13.7044138,100.6020248,"https://www.google.com/maps/place/The+One+Dental+Studio+%E0%B8%AA%E0%B8%B2%E0%B8%82%E0%B8%B2%E0%B8%AD%E0%B9%88%E0%B8%AD%E0%B8%99%E0%B8%99%E0%B8%B8%E0%B8%8A/@13.7044138,100.4578292,12z/data=!4m10!1m2!2m1!1sOne+Dental+Clinic+Promphong+Bangkok!3m6!1s0x30e29f8bd4107e0b:0x45458aed3fae74f7!8m2!3d13.7044138!4d100.6020248!15sCiNPbmUgRGVudGFsIENsaW5pYyBQcm9tcGhvbmcgQmFuZ2tva1olIiNvbmUgZGVudGFsIGNsaW5pYyBwcm9tcGhvbmcgYmFuZ2tva5IBDWRlbnRhbF9jbGluaWOaASRDaGREU1VoTk1HOW5TMFZKUTBGblNVUkljSFpoYjJsM1JSQULgAQD6AQUI4QEQNA!16s%2Fg%2F11n0km_3y2?entry=ttu&g_ep=EgoyMDI2MDUxNy4wIKXMDSoASAFQAw%3D%3D"
Dr Mos Dental Clinic,0x311d61fcef3d3e25:0x5925229562cf9e24,ผลลัพธ์,,,13.7523139,100.6169453,"https://www.google.com/maps/place/DR.MOS+DENTAL+CLINIC/@13.7319122,100.5874022,14z/data=!4m10!1m2!2m1!1sDr+Mos+Dental+Clinic+Bangkok!3m6!1s0x311d61fcef3d3e25:0x5925229562cf9e24!8m2!3d13.7523139!4d100.6169453!15sChxEciBNb3MgRGVudGFsIENsaW5pYyBCYW5na29rWh4iHGRyIG1vcyBkZW50YWwgY2xpbmljIGJhbmdrb2uSAQ1kZW50YWxfY2xpbmljmgEjQ2haRFNVaE5NRzluUzBWSlEwRm5TVVJxTXpsSVpHSjNFQUXgAQD6AQQIABAx!16s%2Fg%2F11f123_244?entry=ttu&g_ep=EgoyMDI2MDUxNy4wIKXMDSoASAFQAw%3D%3D"
Dental Planet Bangkok,0x311d5f7ec1ddf9c7:0x2c90833b13c47e95,ผลลัพธ์,,,13.7087283,100.6187479,"https://www.google.com/maps/place/Dental+Planet+Clinic+Onnut+%E0%B8%84%E0%B8%A5%E0%B8%B4%E0%B8%99%E0%B8%B4%E0%B8%81%E0%B8%97%E0%B8%B1%E0%B8%99%E0%B8%95%E0%B8%81%E0%B8%A3%E0%B8%A3%E0%B8%A1+%E0%B9%80%E0%B8%94%E0%B8%99%E0%B8%97%E0%B8%B1%E0%B8%A5+%E0%B9%81%E0%B8%9E%E0%B8%A5%E0%B8%99%E0%B9%80%E0%B8%99%E0%B9%87%E0%B8%95+%E0%B8%AD%E0%B9%88%E0%B8%AD%E0%B8%99%E0%B8%99%E0%B8%B8%E0%B8%8A/@13.7087283,100.4745523,12z/data=!4m10!1m2!2m1!1sDental+Planet+Bangkok+Bangkok!3m6!1s0x311d5f7ec1ddf9c7:0x2c90833b13c47e95!8m2!3d13.7087283!4d100.6187479!15sCh1EZW50YWwgUGxhbmV0IEJhbmdrb2sgQmFuZ2tva1ofIh1kZW50YWwgcGxhbmV0IGJhbmdrb2sgYmFuZ2tva5IBDWRlbnRhbF9jbGluaWPgAQA!16s%2Fg%2F11p3m6s91y?entry=ttu&g_ep=EgoyMDI2MDUxNy4wIKXMDSoASAFQAw%3D%3D"
Tooth Luck Dental Bangkok,0x30e29b550bd562f7:0xb669e98e86e70098,ผลลัพธ์,,,13.8385546,100.5159893,"https://www.google.com/maps/place/Tooth+Luck+Dental+Clinic+BKK+%E0%B8%84%E0%B8%A5%E0%B8%B4%E0%B8%99%E0%B8%B4%E0%B8%81%E0%B8%97%E0%B8%B1%E0%B8%99%E0%B8%95%E0%B8%81%E0%B8%A3%E0%B8%A3%E0%B8%A1%E0%B8%97%E0%B8%B9%E0%B8%98%E0%B8%A5%E0%B8%B1%E0%B8%81%E0%B8%84%E0%B9%8C+%E0%B8%97%E0%B8%B3%E0%B8%9F%E0%B8%B1%E0%B8%99+%E0%B8%88%E0%B8%B1%E0%B8%94%E0%B8%9F%E0%B8%B1%E0%B8%99+%E0%B8%81%E0%B8%A3%E0%B8%B8%E0%B8%87%E0%B9%80%E0%B8%97%E0%B8%9E-%E0%B8%99%E0%B8%99%E0%B8%97%E0%B8%9A%E0%B8%B8%E0%B8%A3%E0%B8%B5/@13.8385546,100.3717937,12z/data=!4m10!1m2!2m1!1sTooth+Luck+Dental+Bangkok+Bangkok!3m6!1s0x30e29b550bd562f7:0xb669e98e86e70098!8m2!3d13.8385546!4d100.5159893!15sCiFUb290aCBMdWNrIERlbnRhbCBCYW5na29rIEJhbmdrb2taIyIhdG9vdGggbHVjayBkZW50YWwgYmFuZ2tvayBiYW5na29rkgENZGVudGFsX2NsaW5pY5oBI0NoWkRTVWhOTUc5blMwVkpRMEZuU1VScWFEbFFUVWRCRUFF4AEA-gEECAAQOQ!16s%2Fg%2F11v3q5s8md?entry=ttu&g_ep=EgoyMDI2MDUxNy4wIKXMDSoASAFQAw%3D%3D"
Dental Corner Clinic Bangkok,0x311d63fd5d204f5f:0x6e20ab55fb8e5c09,,,,13.7773257,100.6297775,"https://www.google.com/maps/place/Corner+Dental+Clinic/@13.7773257,100.3413864,11z/data=!4m10!1m2!2m1!1sDental+Corner+Clinic+Bangkok+Bangkok!3m6!1s0x311d63fd5d204f5f:0x6e20ab55fb8e5c09!8m2!3d13.7773257!4d100.6297775!15sCiREZW50YWwgQ29ybmVyIENsaW5pYyBCYW5na29rIEJhbmdrb2taJiIkZGVudGFsIGNvcm5lciBjbGluaWMgYmFuZ2tvayBiYW5na29rkgENZGVudGFsX2NsaW5pY-ABAA!16s%2Fg%2F11ltkf8bzt?entry=ttu&g_ep=EgoyMDI2MDUxNy4wIKXMDSoASAFQAw%3D%3D"
Crown Dental Clinic Bangkok,0x30e29dabf807e1f7:0x96b7fd22e893bd74,ผลลัพธ์,,,13.8183175,100.5795072,"https://www.google.com/maps/place/Crown+dental/@13.8183175,100.2911161,11z/data=!4m10!1m2!2m1!1sCrown+Dental+Clinic+Bangkok+Bangkok!3m6!1s0x30e29dabf807e1f7:0x96b7fd22e893bd74!8m2!3d13.8183175!4d100.5795072!15sCiNDcm93biBEZW50YWwgQ2xpbmljIEJhbmdrb2sgQmFuZ2tva1olIiNjcm93biBkZW50YWwgY2xpbmljIGJhbmdrb2sgYmFuZ2tva5IBDWRlbnRhbF9jbGluaWOaASRDaGREU1VoTk1HOW5TMFZKUTBGblNVUm9OMkUzT0haUlJSQULgAQD6AQQIABAR!16s%2Fg%2F11c56r0jws?entry=ttu&g_ep=EgoyMDI2MDUxNy4wIKXMDSoASAFQAw%3D%3D"
Smile Space Clinic Bangkok,0x30e29f81c182ac23:0x722a410561402f51,ผลลัพธ์,,,13.7577936,100.615098,"https://www.google.com/maps/place/Bangkok+Smile+Dental+Clinic+%7C+%E0%B8%AA%E0%B8%B2%E0%B8%82%E0%B8%B2%E0%B8%A3%E0%B8%B2%E0%B8%A1%E0%B8%84%E0%B8%B3%E0%B9%81%E0%B8%AB%E0%B8%87+%7C+%E0%B8%84%E0%B8%A5%E0%B8%B4%E0%B8%99%E0%B8%B4%E0%B8%81%E0%B8%97%E0%B8%B1%E0%B8%99%E0%B8%95%E0%B8%81%E0%B8%A3%E0%B8%A3%E0%B8%A1%E0%B8%9A%E0%B8%B2%E0%B8%87%E0%B8%81%E0%B8%AD%E0%B8%81%E0%B8%AA%E0%B9%84%E0%B8%A1%E0%B8%A5%E0%B9%8C/@13.7577936,100.3267069,11z/data=!4m10!1m2!2m1!1sSmile+Space+Clinic+Bangkok+Bangkok!3m6!1s0x30e29f81c182ac23:0x722a410561402f51!8m2!3d13.7577936!4d100.615098!15sCiJTbWlsZSBTcGFjZSBDbGluaWMgQmFuZ2tvayBCYW5na29rWiQiInNtaWxlIHNwYWNlIGNsaW5pYyBiYW5na29rIGJhbmdrb2uSAQ1kZW50YWxfY2xpbmljmgFEQ2k5RFFVbFJRVU52WkVOb2RIbGpSamx2VDIxS2JVNUdaSFZTVmpsVlZrUnNXRnB1Y0VaamVsVTFWVEpvYTFveVl4QULgAQD6AQQIABAi!16s%2Fg%2F11vl933sdj?entry=ttu&g_ep=EgoyMDI2MDUxNy4wIKXMDSoASAFQAw%3D%3D"
Smile Choice Clinic Bangkok,0x30e29d494eec032f:0x781b55409b9edfc7,ผลลัพธ์,,,13.7843238,100.5473609,"https://www.google.com/maps/place/%E0%B8%84%E0%B8%A5%E0%B8%B4%E0%B8%99%E0%B8%B4%E0%B8%81%E0%B8%A3%E0%B8%B1%E0%B8%81%E0%B8%A9%E0%B8%B2%E0%B8%9C%E0%B8%B9%E0%B9%89%E0%B8%A1%E0%B8%B5%E0%B8%9A%E0%B8%B8%E0%B8%95%E0%B8%A3%E0%B8%A2%E0%B8%B2%E0%B8%81+Smile+IVF+Clinic+(Bangkok)+Thailand/@13.7843238,100.4752631,13z/data=!4m10!1m2!2m1!1sSmile+Choice+Clinic+Bangkok+Bangkok!3m6!1s0x30e29d494eec032f:0x781b55409b9edfc7!8m2!3d13.7843238!4d100.5473609!15sCiNTbWlsZSBDaG9pY2UgQ2xpbmljIEJhbmdrb2sgQmFuZ2tva1olIiNzbWlsZSBjaG9pY2UgY2xpbmljIGJhbmdrb2sgYmFuZ2tva5IBEGZlcnRpbGl0eV9jbGluaWOaASNDaFpEU1VoTk1HOW5TMFZKUTBGblNVTjZPVTE2Tm1SM0VBReABAPoBBQj-CxAm!16s%2Fg%2F11gw2plmqs?entry=ttu&g_ep=EgoyMDI2MDUxNy4wIKXMDSoASAFQAw%3D%3D"
Dental Concept Clinic Bangkok,0x30e29fd5d708ac2d:0xbc1ef43882463af1,ผลลัพธ์,,,13.7290705,100.5713615,"https://www.google.com/maps/place/Concept+clinic/@13.7290705,100.4992637,13z/data=!4m10!1m2!2m1!1sDental+Concept+Clinic+Bangkok+Bangkok!3m6!1s0x30e29fd5d708ac2d:0xbc1ef43882463af1!8m2!3d13.7290705!4d100.5713615!15sCiVEZW50YWwgQ29uY2VwdCBDbGluaWMgQmFuZ2tvayBCYW5na29rWiciJWRlbnRhbCBjb25jZXB0IGNsaW5pYyBiYW5na29rIGJhbmdrb2uSARhwZXJtYW5lbnRfbWFrZV91cF9jbGluaWOaASNDaFpEU1VoTk1HOW5TMFZKUTBGblNVUXhhbGxUVVZobkVBReABAPoBBQipARBE!16s%2Fg%2F11h1rwwlct?entry=ttu&g_ep=EgoyMDI2MDUxNy4wIKXMDSoASAFQAw%3D%3D"
Tooth Smith Clinic Bangkok,0x30e29d1b4474f279:0x75b20f6b22a461d3,ผลลัพธ์,,,13.7811238,100.608197,"https://www.google.com/maps/place/Smith+Prive%E2%80%99+Aesthetique+Clinic/@13.7478599,100.5662104,13z/data=!4m10!1m2!2m1!1sTooth+Smith+Clinic+Bangkok+Bangkok!3m6!1s0x30e29d1b4474f279:0x75b20f6b22a461d3!8m2!3d13.7811238!4d100.608197!15sCiJUb290aCBTbWl0aCBDbGluaWMgQmFuZ2tvayBCYW5na29rkgEQc2tpbl9jYXJlX2NsaW5pY-ABAA!16s%2Fg%2F11h320fwwz?entry=ttu&g_ep=EgoyMDI2MDUxNy4wIKXMDSoASAFQAw%3D%3D"
Tooth Story Clinic Bangkok,0x30e29d5c50f67aa1:0x31833cb531535972,ผลลัพธ์,,,13.8421839,100.5707275,"https://www.google.com/maps/place/Tooth+Story+%E0%B8%AA%E0%B8%B2%E0%B8%82%E0%B8%B2+%E0%B9%80%E0%B8%81%E0%B8%A9%E0%B8%95%E0%B8%A3+(%E0%B8%97%E0%B8%B3%E0%B8%9F%E0%B8%B1%E0%B8%99+%E0%B8%88%E0%B8%B1%E0%B8%94%E0%B8%9F%E0%B8%B1%E0%B8%99+%E0%B8%A7%E0%B8%B5%E0%B9%80%E0%B8%99%E0%B8%B5%E0%B8%A2%E0%B8%A3%E0%B9%8C+%E0%B8%A3%E0%B8%B2%E0%B8%81%E0%B9%80%E0%B8%97%E0%B8%B5%E0%B8%A2%E0%B8%A1)/@13.8421839,95.9564697,7z/data=!4m10!1m2!2m1!1sTooth+Story+Clinic+Bangkok+Bangkok!3m6!1s0x30e29d5c50f67aa1:0x31833cb531535972!8m2!3d13.8421839!4d100.5707275!15sCiJUb290aCBTdG9yeSBDbGluaWMgQmFuZ2tvayBCYW5na29rkgENZGVudGFsX2NsaW5pY-ABAA!16s%2Fg%2F11jz84pq0q?entry=ttu&g_ep=EgoyMDI2MDUxNy4wIKXMDSoASAFQAw%3D%3D"
ME HUG - ศูนย์บริการด้านสุขภาพจิตและส่งเสริมพัฒนาการทุกช่วงวัย,0x30e29f51ef7030ed:0x24808575f15d5e7e,,,,13.7348858,100.5509053,"https://www.google.com/maps/place/ME+HUG+HOME+COMING/@13.7348858,100.4788075,13z/data=!4m10!1m2!2m1!1zTUUgSFVHIC0g4Lio4Li54LiZ4Lii4LmM4Lia4Lij4Li04LiB4Liy4Lij4LiU4LmJ4Liy4LiZ4Liq4Li44LiC4Lig4Liy4Lie4LiI4Li04LiV4LmB4Lil4Liw4Liq4LmI4LiH4LmA4Liq4Lij4Li04Lih4Lie4Lix4LiS4LiZ4Liy4LiB4Liy4Lij4LiX4Li44LiB4LiK4LmI4Lin4LiH4Lin4Lix4LiiIEJhbmdrb2s!3m6!1s0x30e29f51ef7030ed:0x24808575f15d5e7e!8m2!3d13.7348858!4d100.5509053!15sCrABTUUgSFVHIC0g4Lio4Li54LiZ4Lii4LmM4Lia4Lij4Li04LiB4Liy4Lij4LiU4LmJ4Liy4LiZ4Liq4Li44LiC4Lig4Liy4Lie4LiI4Li04LiV4LmB4Lil4Liw4Liq4LmI4LiH4LmA4Liq4Lij4Li04Lih4Lie4Lix4LiS4LiZ4Liy4LiB4Liy4Lij4LiX4Li44LiB4LiK4LmI4Lin4LiH4Lin4Lix4LiiIEJhbmdrb2tauwEiuAFtZSBodWcg4Lio4Li54LiZ4Lii4LmMIOC4muC4o-C4tOC4geC4suC4oyDguJTguYnguLLguJkg4Liq4Li44LiC4Lig4Liy4LieIOC4iOC4tOC4lSDguYHguKXguLAg4Liq4LmI4LiH4LmA4Liq4Lij4Li04LihIOC4nuC4seC4kuC4meC4suC4geC4suC4oyDguJfguLjguIEg4LiK4LmI4Lin4LiHIOC4p-C4seC4oiBiYW5na29rkgEVbWVudGFsX2hlYWx0aF9zZXJ2aWNlmgEkQ2hkRFNVaE5NRzluUzBWSlEwRm5TVU5LYkhaNVVtNW5SUkFC4AEA-gEECAAQLA!16s%2Fg%2F11v0y4m7m4?entry=ttu&g_ep=EgoyMDI2MDUxNy4wIKXMDSoASAFQAw%3D%3D",0.2
โรงพยาบาลวิชัยเวช อินเตอร์เนชั่นแนล อ้อมน้อย,0x30e295657b49c389:0xa9b32f12fc572654,โรงพยาบาลวิชัยเวช อินเตอร์เนชั่นแนล อ้อมน้อย,,,13.7106846,100.2915187,"https://www.google.com/maps/place/%E0%B9%82%E0%B8%A3%E0%B8%87%E0%B8%9E%E0%B8%A2%E0%B8%B2%E0%B8%9A%E0%B8%B2%E0%B8%A5%E0%B8%A7%E0%B8%B4%E0%B8%8A%E0%B8%B1%E0%B8%A2%E0%B9%80%E0%B8%A7%E0%B8%8A+%E0%B8%AD%E0%B8%B4%E0%B8%99%E0%B9%80%E0%B8%95%E0%B8%AD%E0%B8%A3%E0%B9%8C%E0%B9%80%E0%B8%99%E0%B8%8A%E0%B8%B1%E0%B9%88%E0%B8%99%E0%B9%81%E0%B8%99%E0%B8%A5+%E0%B8%AD%E0%B9%89%E0%B8%AD%E0%B8%A1%E0%B8%99%E0%B9%89%E0%B8%AD%E0%B8%A2/@13.7106846,100.2915187,17z/data=!3m1!4b1!4m6!3m5!1s0x30e295657b49c389:0xa9b32f12fc572654!8m2!3d13.7106846!4d100.2915187!16s%2Fg%2F1tcz5sv7?entry=ttu&g_ep=EgoyMDI2MDUxNy4wIKXMDSoASAFQAw%3D%3D",0.4
Airmed Clinic (แอร์เมด คลินิกเวชกรรม),0x30e29f3b3d9a4d4b:0x5e8ea7a488126e0e,ผลลัพธ์,,,13.7188597,100.5854345,"https://www.google.com/maps/place/Airmed+Clinic/@13.71886,100.5493851,14z/data=!4m10!1m2!2m1!1zQWlybWVkIENsaW5pYyAo4LmB4Lit4Lij4LmM4LmA4Lih4LiUIOC4hOC4peC4tOC4meC4tOC4geC5gOC4p-C4iuC4geC4o-C4o-C4oSk!3m6!1s0x30e29f3b3d9a4d4b:0x5e8ea7a488126e0e!8m2!3d13.7188597!4d100.5854345!15sCk1BaXJtZWQgQ2xpbmljICjguYHguK3guKPguYzguYDguKHguJQg4LiE4Lil4Li04LiZ4Li04LiB4LmA4Lin4LiK4LiB4Lij4Lij4LihKVpPIk1haXJtZWQgY2xpbmljIOC5geC4reC4o-C5jCDguYDguKHguJQg4LiE4Lil4Li04LiZ4Li04LiBIOC5gOC4p-C4iuC4geC4o-C4o-C4oZIBEnNwZWNpYWxpemVkX2NsaW5pY-ABAA!16s%2Fg%2F11xfk7yzcv?entry=ttu&g_ep=EgoyMDI2MDUxNy4wIKXMDSoASAFQAw%3D%3D",0.0
คลินิกกายภาพบำบัดและจัดกระดูกบูรพา,0x311d61638c219f55:0xe9c317ffb96b7afb,ผลลัพธ์,,,13.7134474,100.6611362,"https://www.google.com/maps/place/%E0%B8%81%E0%B8%B2%E0%B8%A2%E0%B8%A3%E0%B8%B1%E0%B8%81%E0%B8%A9%E0%B8%B2%E0%B8%84%E0%B8%A5%E0%B8%B4%E0%B8%99%E0%B8%B4%E0%B8%81%E0%B8%81%E0%B8%B2%E0%B8%A2%E0%B8%A0%E0%B8%B2%E0%B8%9E%E0%B8%9A%E0%B8%B3%E0%B8%9A%E0%B8%B1%E0%B8%94+%E0%B8%AA%E0%B8%B2%E0%B8%82%E0%B8%B2%E0%B8%9E%E0%B8%B1%E0%B8%92%E0%B8%99%E0%B8%B2%E0%B8%81%E0%B8%B2%E0%B8%A3/@13.713447,100.3727449,11z/data=!4m9!1m2!2m1!1z4LiE4Lil4Li04LiZ4Li04LiB4LiB4Liy4Lii4Lig4Liy4Lie4Lia4Liz4Lia4Lix4LiU4LmB4Lil4Liw4LiI4Lix4LiU4LiB4Lij4Liw4LiU4Li54LiB4Lia4Li54Lij4Lie4LiyIEJhbmdrb2s!3m5!1s0x311d61638c219f55:0xe9c317ffb96b7afb!8m2!3d13.7134474!4d100.6611362!16s%2Fg%2F11sjy_q_km?entry=ttu&g_ep=EgoyMDI2MDUxNy4wIKXMDSoASAFQAw%3D%3D",0.0
โรงพยาบาลจุฬารัตน์ 1 สุวรรณภูมิ,0x311d5c2a9bf8732b:0xdcdbc3ca7be4f322,โรงพยาบาลจุฬารัตน์ 1 สุวรรณภูมิ,,,13.6338387,100.7095629,"https://www.google.com/maps/place/%E0%B9%82%E0%B8%A3%E0%B8%87%E0%B8%9E%E0%B8%A2%E0%B8%B2%E0%B8%9A%E0%B8%B2%E0%B8%A5%E0%B8%88%E0%B8%B8%E0%B8%AC%E0%B8%B2%E0%B8%A3%E0%B8%B1%E0%B8%95%E0%B8%99%E0%B9%8C+1+%E0%B8%AA%E0%B8%B8%E0%B8%A7%E0%B8%A3%E0%B8%A3%E0%B8%93%E0%B8%A0%E0%B8%B9%E0%B8%A1%E0%B8%B4/@13.6338387,100.7095629,17z/data=!3m1!4b1!4m6!3m5!1s0x311d5c2a9bf8732b:0xdcdbc3ca7be4f322!8m2!3d13.6338387!4d100.7095629!16s%2Fg%2F1tkbvpfd?entry=ttu&g_ep=EgoyMDI2MDUxNy4wIKXMDSoASAFQAw%3D%3D",0.4
Maline Clinic (มาลิเน่ คลินิก),0x30e29e08252684d9:0xe24b574900318927,Maline Clinic มาลิเน่คลีนิค,,,13.77639,100.606505,"https://www.google.com/maps/place/Maline+Clinic+%E0%B8%A1%E0%B8%B2%E0%B8%A5%E0%B8%B4%E0%B9%80%E0%B8%99%E0%B9%88%E0%B8%84%E0%B8%A5%E0%B8%B5%E0%B8%99%E0%B8%B4%E0%B8%84/@13.77639,100.606505,17z/data=!3m1!4b1!4m6!3m5!1s0x30e29e08252684d9:0xe24b574900318927!8m2!3d13.77639!4d100.606505!16s%2Fg%2F11f0wn90w6?entry=ttu&g_ep=EgoyMDI2MDUxNy4wIKXMDSoASAFQAw%3D%3D",0.65
โรงพยาบาลจุฬารัตน์ 11 อินเตอร์,0x311d474b771f492d:0x9700be52f60bc44c,ผลลัพธ์,,,13.5425523,100.9628266,"https://www.google.com/maps/place/%E0%B9%82%E0%B8%A3%E0%B8%87%E0%B8%9E%E0%B8%A2%E0%B8%B2%E0%B8%9A%E0%B8%B2%E0%B8%A5%E0%B8%88%E0%B8%B8%E0%B8%AC%E0%B8%B2%E0%B8%A3%E0%B8%B1%E0%B8%95%E0%B8%99%E0%B9%8C+11+%E0%B8%AD%E0%B8%B4%E0%B8%99%E0%B9%80%E0%B8%95%E0%B8%AD%E0%B8%A3%E0%B9%8C/@13.5425523,100.9583205,17z/data=!4m10!1m2!2m1!1z4LmC4Lij4LiH4Lie4Lii4Liy4Lia4Liy4Lil4LiI4Li44Lis4Liy4Lij4Lix4LiV4LiZ4LmMIDExIOC4reC4tOC4meC5gOC4leC4reC4o-C5jCBCYW5na29r!3m6!1s0x311d474b771f492d:0x9700be52f60bc44c!8m2!3d13.5425523!4d100.9628266!15sClrguYLguKPguIfguJ7guKLguLLguJrguLLguKXguIjguLjguKzguLLguKPguLHguJXguJnguYwgMTEg4Lit4Li04LiZ4LmA4LiV4Lit4Lij4LmMIEJhbmdrb2uSARBwcml2YXRlX2hvc3BpdGFs4AEA!16s%2Fg%2F11sz3kblnk?entry=ttu&g_ep=EgoyMDI2MDUxNy4wIKXMDSoASAFQAw%3D%3D",0.0
ศูนย์ฟื้นฟูเฮลท์ตี้แฮบบิแทท,0x311d61bd4a92df09:0x7cd0e45c5d4f29da,ผลลัพธ์,,,13.7503809,100.6220563,"https://www.google.com/maps/place/Seri+Senior+Care+-+%E0%B8%A8%E0%B8%B9%E0%B8%99%E0%B8%A2%E0%B9%8C%E0%B8%94%E0%B8%B9%E0%B9%81%E0%B8%A5%E0%B9%81%E0%B8%A5%E0%B8%B0%E0%B8%9F%E0%B8%B7%E0%B9%89%E0%B8%99%E0%B8%9F%E0%B8%B9%E0%B8%9C%E0%B8%B9%E0%B9%89%E0%B8%AA%E0%B8%B9%E0%B8%87%E0%B8%AD%E0%B8%B2%E0%B8%A2%E0%B8%B8+%E0%B9%80%E0%B8%AA%E0%B8%A3%E0%B8%B5+%E0%B8%8B%E0%B8%B5%E0%B9%80%E0%B8%99%E0%B8%B5%E0%B8%A2%E0%B8%A3%E0%B9%8C+%E0%B9%81%E0%B8%84%E0%B8%A3%E0%B9%8C/@13.750381,100.5499582,13z/data=!4m9!1m2!2m1!1z4Lio4Li54LiZ4Lii4LmM4Lif4Li34LmJ4LiZ4Lif4Li54LmA4Liu4Lil4LiX4LmM4LiV4Li14LmJ4LmB4Liu4Lia4Lia4Li04LmB4LiX4LiX!3m5!1s0x311d61bd4a92df09:0x7cd0e45c5d4f29da!8m2!3d13.7503809!4d100.6220563!16s%2Fg%2F11v9z20rwv?entry=ttu&g_ep=EgoyMDI2MDUxNy4wIKXMDSoASAFQAw%3D%3D",0.0
โรงพยาบาลเปาโล สมุทรปราการ,0x30e2a0abed8b15cb:0x4c8a1588059665af,โรงพยาบาลเปาโล สมุทรปราการ,,,13.5983245,100.6145122,"https://www.google.com/maps/place/%E0%B9%82%E0%B8%A3%E0%B8%87%E0%B8%9E%E0%B8%A2%E0%B8%B2%E0%B8%9A%E0%B8%B2%E0%B8%A5%E0%B9%80%E0%B8%9B%E0%B8%B2%E0%B9%82%E0%B8%A5+%E0%B8%AA%E0%B8%A1%E0%B8%B8%E0%B8%97%E0%B8%A3%E0%B8%9B%E0%B8%A3%E0%B8%B2%E0%B8%81%E0%B8%B2%E0%B8%A3/@13.6033926,100.5829698,14z/data=!4m10!1m2!2m1!1z4LmC4Lij4LiH4Lie4Lii4Liy4Lia4Liy4Lil4LmA4Lib4Liy4LmC4LilIOC4quC4oeC4uOC4l-C4o-C4m-C4o-C4suC4geC4suC4ow!3m6!1s0x30e2a0abed8b15cb:0x4c8a1588059665af!8m2!3d13.5983245!4d100.6145122!15sCkzguYLguKPguIfguJ7guKLguLLguJrguLLguKXguYDguJvguLLguYLguKUg4Liq4Lih4Li44LiX4Lij4Lib4Lij4Liy4LiB4Liy4LijkgEQcHJpdmF0ZV9ob3NwaXRhbOABAA!16s%2Fg%2F1tdpp32y?entry=ttu&g_ep=EgoyMDI2MDUxNy4wIKXMDSoASAFQAw%3D%3D",0.4
