place_id,name,href,rating,review_count,price_symbol,primary_type,address_hint,status_hint,raw_card_text,first_seen_lat,first_seen_lng
0x3054f78f965efe1d:0xeb6fc4d194f12376,Viview Clinic,https://www.google.com/maps/place/Viview+Clinic/data=!4m7!3m6!1s0x3054f78f965efe1d:0xeb6fc4d194f12376!8m2!3d9.4910942!4d99.9502744!16s%2Fg%2F11x0199h8j!19sChIJHf5elo_3VDARdiPxlNHEb-s?authuser=0&hl=en&rclk=1,5.0,0,,Medical office,3/18,Closed · Opens 5 pm · +66 83 636 8695,"Viview Clinic
5.0
Medical office · 3/18
Closed · Opens 5 pm · +66 83 636 8695

Website

Directions",9.5018,99.9602328359037
0x3054f35b985d51b3:0x74c52043bf4338f2,Ocean Medical Clinic Samui (Lamai) – Hotel visits available.,https://www.google.com/maps/place/Ocean+Medical+Clinic+Samui+%28Lamai%29+%E2%80%93+Hotel+visits+available./data=!4m7!3m6!1s0x3054f35b985d51b3:0x74c52043bf4338f2!8m2!3d9.4653761!4d100.0446063!16s%2Fg%2F11y0vprppd!19sChIJs1FdmFvzVDAR8jhDv0MgxXQ?authuser=0&hl=en&rclk=1,4.7,0,,Medical clinic," · 124, 231 Had Lamai Rd",Closed · Opens 9 am · +66 77 960 200,"Ocean Medical Clinic Samui (Lamai) – Hotel visits available.
4.7
Medical clinic ·  · 124, 231 Had Lamai Rd
Closed · Opens 9 am · +66 77 960 200

Website

Directions",9.5018,99.9602328359037
0x3054f06b10873c71:0xea1597997c3114e9,Samui Home Clinic,https://www.google.com/maps/place/Samui+Home+Clinic/data=!4m7!3m6!1s0x3054f06b10873c71:0xea1597997c3114e9!8m2!3d9.5581042!4d100.056236!16s%2Fg%2F11d_78dr6h!19sChIJcTyHEGvwVDAR6RQxfJmXFeo?authuser=0&hl=en&rclk=1,4.7,0,,Medical clinic, · Bangrak beach,Closed · Opens 9 am · +66 80 669 6915,"Samui Home Clinic
4.7
Medical clinic ·  · Bangrak beach
Closed · Opens 9 am · +66 80 669 6915

Website

Directions
 

Book online",9.5018,99.9602328359037
0x3054f79c00aa6733:0xe4088341309f6d5b,HongYok TCM Clinic,https://www.google.com/maps/place/HongYok+TCM+Clinic/data=!4m7!3m6!1s0x3054f79c00aa6733:0xe4088341309f6d5b!8m2!3d9.4854329!4d99.9529072!16s%2Fg%2F11sjjwb11b!19sChIJM2eqAJz3VDARW22fMEGDCOQ?authuser=0&hl=en&rclk=1,5.0,0,,Alternative medicine practitioner,,Closed · Opens 5 pm · +66 62 464 7951,"HongYok TCM Clinic
5.0
Alternative medicine practitioner · 
Closed · Opens 5 pm · +66 62 464 7951

Directions",9.5018,99.9602328359037
0x3054f0f5a4f5e48d:0xbf8c866bf95cf394,Samui Clinic Laboratory,https://www.google.com/maps/place/Samui+Clinic+Laboratory/data=!4m7!3m6!1s0x3054f0f5a4f5e48d:0xbf8c866bf95cf394!8m2!3d9.5507638!4d100.0350847!16s%2Fg%2F11gcj086l8!19sChIJjeT1pPXwVDARlPNc-WuGjL8?authuser=0&hl=en&rclk=1,4.9,0,,Medical clinic, · H22P+824,Closed · Opens 7:30 am · +66 77 966 141,"Samui Clinic Laboratory
4.9
Medical clinic ·  · H22P+824
Closed · Opens 7:30 am · +66 77 966 141

Directions",9.5018,99.9602328359037
0x3054f7d5039d8697:0x7add100abe150734,ลิปะน้อยรักษาสัตว์ Lipanoi Animal Clinic,https://www.google.com/maps/place/%E0%B8%A5%E0%B8%B4%E0%B8%9B%E0%B8%B0%E0%B8%99%E0%B9%89%E0%B8%AD%E0%B8%A2%E0%B8%A3%E0%B8%B1%E0%B8%81%E0%B8%A9%E0%B8%B2%E0%B8%AA%E0%B8%B1%E0%B8%95%E0%B8%A7%E0%B9%8C+Lipanoi+Animal+Clinic/data=!4m7!3m6!1s0x3054f7d5039d8697:0x7add100abe150734!8m2!3d9.4935335!4d99.9492376!16s%2Fg%2F11jcj28_wc!19sChIJl4adA9X3VDARNAcVvgoQ3Xo?authuser=0&hl=en&rclk=1,4.7,0,,Animal hospital,7/22 หมู่ที่ 1,Closed · Opens 9 am · +66 93 586 5888,"ลิปะน้อยรักษาสัตว์ Lipanoi Animal Clinic
4.7
Animal hospital · 7/22 หมู่ที่ 1
Closed · Opens 9 am · +66 93 586 5888

Directions",9.5018,99.9602328359037
0x3054f54f9247a3f5:0xe75a028dab53ee5d,หงส์หยกคลินิกการแพทย์แผนจีน HongYokTCM Clinic 鸿玉中医门诊,https://www.google.com/maps/place/%E0%B8%AB%E0%B8%87%E0%B8%AA%E0%B9%8C%E0%B8%AB%E0%B8%A2%E0%B8%81%E0%B8%84%E0%B8%A5%E0%B8%B4%E0%B8%99%E0%B8%B4%E0%B8%81%E0%B8%81%E0%B8%B2%E0%B8%A3%E0%B9%81%E0%B8%9E%E0%B8%97%E0%B8%A2%E0%B9%8C%E0%B9%81%E0%B8%9C%E0%B8%99%E0%B8%88%E0%B8%B5%E0%B8%99+HongYokTCM+Clinic+%E9%B8%BF%E7%8E%89%E4%B8%AD%E5%8C%BB%E9%97%A8%E8%AF%8A/data=!4m7!3m6!1s0x3054f54f9247a3f5:0xe75a028dab53ee5d!8m2!3d9.4854379!4d99.9528851!16s%2Fg%2F11sjjvd5kp!19sChIJ9aNHkk_1VDARXe5Tq40CWuc?authuser=0&hl=en&rclk=1,5.0,0,,Alternative medicine practitioner,70/11 ถ. ทวีราษฎร์ภักดี,Closed · Opens 5 pm · +66 62 464 7951,"หงส์หยกคลินิกการแพทย์แผนจีน HongYokTCM Clinic 鸿玉中医门诊
5.0
Alternative medicine practitioner · 70/11 ถ. ทวีราษฎร์ภักดี
Closed · Opens 5 pm · +66 62 464 7951

Directions",9.5018,99.9602328359037
0x3054f5029102af83:0xf68e74ff68655e05,Nattamon Medical Clinic,https://www.google.com/maps/place/Nattamon+Medical+Clinic/data=!4m7!3m6!1s0x3054f5029102af83:0xf68e74ff68655e05!8m2!3d9.5162163!4d99.9448075!16s%2Fg%2F11yswhwdp1!19sChIJg68CkQL1VDARBV5laP90jvY?authuser=0&hl=en&rclk=1,,0,,Medical clinic,"45, Angthong, 38",Closed · Opens 10:30 am · +66 77 420 320,"Nattamon Medical Clinic
No reviews
Medical clinic · 45, Angthong, 38
Closed · Opens 10:30 am · +66 77 420 320

Directions",9.5018,99.9602328359037
0x3054f1ab6d82cc2d:0x2b0297d7ccbc0b49,Doctor Samui clinic,https://www.google.com/maps/place/Doctor+Samui+clinic/data=!4m7!3m6!1s0x3054f1ab6d82cc2d:0x2b0297d7ccbc0b49!8m2!3d9.5214601!4d100.0575423!16s%2Fg%2F11vrdvxy2l!19sChIJLcyCbavxVDARSQu8zNeXAis?authuser=0&hl=en&rclk=1,4.7,0,,Medical clinic," · 17, Beach, 58 Chaweng Beach Rd",Open 24 hours · +66 83 150 2520,"Doctor Samui clinic
4.7
Medical clinic ·  · 17, Beach, 58 Chaweng Beach Rd
Open 24 hours · +66 83 150 2520

Website

Directions",9.5018,99.9602328359037
0x3054f16d347b0e53:0x7082244f321eca49,Samui Home Clinic Chaweng,https://www.google.com/maps/place/Samui+Home+Clinic+Chaweng/data=!4m7!3m6!1s0x3054f16d347b0e53:0x7082244f321eca49!8m2!3d9.5305175!4d100.0616976!16s%2Fg%2F11y2mlwvnc!19sChIJUw57NG3xVDARScoeMk8kgnA?authuser=0&hl=en&rclk=1,4.9,0,,Medical clinic,"200, same entrance as Al’s resort, 21",Closed · Opens 9 am · +66 80 669 6915,"Samui Home Clinic Chaweng
4.9
Medical clinic · 200, same entrance as Al’s resort, 21
Closed · Opens 9 am · +66 80 669 6915

Website

Directions
 

Book online",9.5018,99.9602328359037
0x3054f312f786f9d1:0x4fd484c6b86a1dac,Dr.Give Clinic,https://www.google.com/maps/place/Dr.Give+Clinic/data=!4m7!3m6!1s0x3054f312f786f9d1:0x4fd484c6b86a1dac!8m2!3d9.4723664!4d100.0463944!16s%2Fg%2F11tmfwsn0q!19sChIJ0fmG9xLzVDARrB1quMaE1E8?authuser=0&hl=en&rclk=1,4.8,0,,Medical clinic,132,Closed · Opens 5 pm · +66 99 296 5225,"Dr.Give Clinic
4.8
Medical clinic · 132
Closed · Opens 5 pm · +66 99 296 5225

Website

Directions",9.5018,99.9602328359037
0x3054f375568dfb9b:0x6ac29fa1343c6238,Lamai Medical Clinic,https://www.google.com/maps/place/Lamai+Medical+Clinic/data=!4m7!3m6!1s0x3054f375568dfb9b:0x6ac29fa1343c6238!8m2!3d9.4721519!4d100.0467983!16s%2Fg%2F11mkyfjbk2!19sChIJm_uNVnXzVDAROGI8NKGfwmo?authuser=0&hl=en&rclk=1,4.7,0,,Doctor,ถ. ทวีราษฎร์ภักดี,,"Lamai Medical Clinic
4.7
Doctor · ถ. ทวีราษฎร์ภักดี
+66 66 131 0843

Website

Directions",9.5018,99.9602328359037
0x3054f11bc9d69259:0xe55fc05075b6e211,Samui Home Clinic - Rajabhat University Road สมุยโฮมคลินิก (สาขาเส้นราชภัฏ),https://www.google.com/maps/place/Samui+Home+Clinic+-+Rajabhat+University+Road+%E0%B8%AA%E0%B8%A1%E0%B8%B8%E0%B8%A2%E0%B9%82%E0%B8%AE%E0%B8%A1%E0%B8%84%E0%B8%A5%E0%B8%B4%E0%B8%99%E0%B8%B4%E0%B8%81+%28%E0%B8%AA%E0%B8%B2%E0%B8%82%E0%B8%B2%E0%B9%80%E0%B8%AA%E0%B9%89%E0%B8%99%E0%B8%A3%E0%B8%B2%E0%B8%8A%E0%B8%A0%E0%B8%B1%E0%B8%8F%29/data=!4m7!3m6!1s0x3054f11bc9d69259:0xe55fc05075b6e211!8m2!3d9.5361588!4d100.049098!16s%2Fg%2F11yrl7pny7!19sChIJWZLWyRvxVDAREeK2dVDAX-U?authuser=0&hl=en&rclk=1,4.7,0,,Medical clinic, · 127,Closed · Opens 9 am · +66 80 669 6915,"Samui Home Clinic - Rajabhat University Road สมุยโฮมคลินิก (สาขาเส้นราชภัฏ)
4.7
Medical clinic ·  · 127
Closed · Opens 9 am · +66 80 669 6915

Website

Directions",9.5018,99.9602328359037
0x3054f552a2fd34a5:0xa010c17200714917,Mayu Samui Clinic มายูสมุยคลินิก,https://www.google.com/maps/place/Mayu+Samui+Clinic+%E0%B8%A1%E0%B8%B2%E0%B8%A2%E0%B8%B9%E0%B8%AA%E0%B8%A1%E0%B8%B8%E0%B8%A2%E0%B8%84%E0%B8%A5%E0%B8%B4%E0%B8%99%E0%B8%B4%E0%B8%81/data=!4m7!3m6!1s0x3054f552a2fd34a5:0xa010c17200714917!8m2!3d9.4875217!4d99.9504983!16s%2Fg%2F11tmh_18n3!19sChIJpTT9olL1VDARF0lxAHLBEKA?authuser=0&hl=en&rclk=1,4.6,0,,Occupational therapist," · 106, 52 Soi Prades",Closed · Opens 9 am · +66 61 632 6364,"Mayu Samui Clinic มายูสมุยคลินิก
4.6
Occupational therapist ·  · 106, 52 Soi Prades
Closed · Opens 9 am · +66 61 632 6364

Directions",9.5018,99.9602328359037
0x3054f5b3a62dfc25:0x6d7701aa562da043,คลินิกสูตินรีเวช หมอวีระพงศ์,https://www.google.com/maps/place/%E0%B8%84%E0%B8%A5%E0%B8%B4%E0%B8%99%E0%B8%B4%E0%B8%81%E0%B8%AA%E0%B8%B9%E0%B8%95%E0%B8%B4%E0%B8%99%E0%B8%A3%E0%B8%B5%E0%B9%80%E0%B8%A7%E0%B8%8A+%E0%B8%AB%E0%B8%A1%E0%B8%AD%E0%B8%A7%E0%B8%B5%E0%B8%A3%E0%B8%B0%E0%B8%9E%E0%B8%87%E0%B8%A8%E0%B9%8C/data=!4m7!3m6!1s0x3054f5b3a62dfc25:0x6d7701aa562da043!8m2!3d9.4779847!4d99.9571365!16s%2Fg%2F11tfgfhy0t!19sChIJJfwtprP1VDARQ6AtVqoBd20?authuser=0&hl=en&rclk=1,4.6,0,,Medical office, · 205 1,Closed · Opens 4 pm · +66 92 928 6888,"คลินิกสูตินรีเวช หมอวีระพงศ์
4.6
Medical office ·  · 205 1
Closed · Opens 4 pm · +66 92 928 6888

Website

Directions",9.5018,99.9602328359037
0x3054f1fbaf8880ad:0x32edc83202cbfd92,Koh Samui Clinic,https://www.google.com/maps/place/Koh+Samui+Clinic/data=!4m7!3m6!1s0x3054f1fbaf8880ad:0x32edc83202cbfd92!8m2!3d9.5427096!4d100.0400139!16s%2Fg%2F11tjxsyg2t!19sChIJrYCIr_vxVDARkv3LAjLI7TI?authuser=0&hl=en&rclk=1,2.8,0,,Medical clinic,"ถนน.ทวีราษภักดี ทางลง Marco, ข้างๆ, Soi Pratamnak",Closed · Opens 8 am · +66 62 557 0077,"Koh Samui Clinic
2.8
Medical clinic · ถนน.ทวีราษภักดี ทางลง Marco, ข้างๆ, Soi Pratamnak
Closed · Opens 8 am · +66 62 557 0077

Directions",9.5018,99.9602328359037
0x3054f123521b3fb3:0x3d4a7f24bb15787a,Liv Clinic,https://www.google.com/maps/place/Liv+Clinic/data=!4m7!3m6!1s0x3054f123521b3fb3:0x3d4a7f24bb15787a!8m2!3d9.535654!4d100.041478!16s%2Fg%2F11vd40skyg!19sChIJsz8bUiPxVDARengVuyR_Sj0?authuser=0&hl=en&rclk=1,4.9,298,,Plastic surgery clinic,เลขที่ 1/63 LIV CLINIC,Closed · Opens 11 am · +66 65 996 4242,"Liv Clinic
4.9(298)
Plastic surgery clinic · เลขที่ 1/63 LIV CLINIC
Closed · Opens 11 am · +66 65 996 4242

Website

Directions
 
""The clinic itself is clean and modern, creating a relaxing atmosphere.""",9.5018,99.9602328359037
0x3054f15fc980e47b:0xb398c31dd5bd1f6,Dr. Health Clinic Samui,https://www.google.com/maps/place/Dr.+Health+Clinic+Samui/data=!4m7!3m6!1s0x3054f15fc980e47b:0xb398c31dd5bd1f6!8m2!3d9.525762!4d100.059093!16s%2Fg%2F11wqs84x86!19sChIJe-SAyV_xVDAR9tFb3TGMOQs?authuser=0&hl=en&rclk=1,4.8,0,,Medical clinic,3 228 หมู่ที่ 2 ถนน หาดเฉวง,Closed · Opens 9 am · +66 98 130 7718,"Dr. Health Clinic Samui
4.8
Medical clinic · 3 228 หมู่ที่ 2 ถนน หาดเฉวง
Closed · Opens 9 am · +66 98 130 7718

Website

Directions",9.5018,99.9602328359037
0x3054f1294dbb9c89:0x27ab96ade8991250,PULSE CLINIC - Koh Samui (พัลซ์ คลินิก เกาะสมุย),https://www.google.com/maps/place/PULSE+CLINIC+-+Koh+Samui+%28%E0%B8%9E%E0%B8%B1%E0%B8%A5%E0%B8%8B%E0%B9%8C+%E0%B8%84%E0%B8%A5%E0%B8%B4%E0%B8%99%E0%B8%B4%E0%B8%81+%E0%B9%80%E0%B8%81%E0%B8%B2%E0%B8%B0%E0%B8%AA%E0%B8%A1%E0%B8%B8%E0%B8%A2%29/data=!4m7!3m6!1s0x3054f1294dbb9c89:0x27ab96ade8991250!8m2!3d9.5687525!4d100.0620672!16s%2Fg%2F11wqfx5_d1!19sChIJiZy7TSnxVDARUBKZ6K2Wqyc?authuser=0&hl=en&rclk=1,5.0,0,,Medical Center,"14, 51 4171",Closed · Opens 9 am · +66 83 904 2826,"PULSE CLINIC - Koh Samui (พัลซ์ คลินิก เกาะสมุย)
5.0
Medical Center · 14, 51 4171
Closed · Opens 9 am · +66 83 904 2826

Website

Directions",9.497898984667637,99.96251641795185
0x3054f3a8a3e21957:0x589543885e7104c1,Doctor Lamai Clinic (out-call visit also available),https://www.google.com/maps/place/Doctor+Lamai+Clinic+%28out-call+visit+also+available%29/data=!4m7!3m6!1s0x3054f3a8a3e21957:0x589543885e7104c1!8m2!3d9.4617045!4d100.0426471!16s%2Fg%2F11xg__7pbh!19sChIJVxnio6jzVDARwQRxXohDlVg?authuser=0&hl=en&rclk=1,5.0,0,,Medical clinic," · 124, 254 Had Lamai Rd",Closed · Opens 9 am · +66 65 262 9396,"Doctor Lamai Clinic (out-call visit also available)
5.0
Medical clinic ·  · 124, 254 Had Lamai Rd
Closed · Opens 9 am · +66 65 262 9396

Website

Directions",9.497898984667637,99.96251641795185
0x3054f2483cdc8e19:0xcdb7938c726bbaf1,Ekkasit Clinic,https://www.google.com/maps/place/Ekkasit+Clinic/data=!4m7!3m6!1s0x3054f2483cdc8e19:0xcdb7938c726bbaf1!8m2!3d9.4665431!4d100.0454025!16s%2Fg%2F1hf2h_shp!19sChIJGY7cPEjyVDAR8bprcoyTt80?authuser=0&hl=en&rclk=1,5.0,0,,,,Closed · Opens 9 am · +66 77 232 412,"Ekkasit Clinic
5.0
Medical clinic
Closed · Opens 9 am · +66 77 232 412

Directions",9.497898984667637,99.96251641795185
0x3054f6521da4919f:0x63e1b8b1f6f0d43a,Dr.Ning Clinic,https://www.google.com/maps/place/Dr.Ning+Clinic/data=!4m7!3m6!1s0x3054f6521da4919f:0x63e1b8b1f6f0d43a!8m2!3d9.4707374!4d100.040754!16s%2Fg%2F1hfhb0hrd!19sChIJn5GkHVL2VDAROtTw9rG44WM?authuser=0&hl=en&rclk=1,3.7,95,,Doctor,"2, 1",Closed · Opens 9:30 am · +66 77 920 260,"Dr.Ning Clinic
3.7(95)
Doctor · 2, 1
Closed · Opens 9:30 am · +66 77 920 260

Directions",9.497898984667637,99.96251641795185
0x3054f1c99e8994eb:0x11923afba298df39,Samui Bangrak Medical Clinic,https://www.google.com/maps/place/Samui+Bangrak+Medical+Clinic/data=!4m7!3m6!1s0x3054f1c99e8994eb:0x11923afba298df39!8m2!3d9.5651817!4d100.0625377!16s%2Fg%2F11ys4m6hxb!19sChIJ65SJnsnxVDAROd-Yovs6khE?authuser=0&hl=en&rclk=1,5.0,5,,Medical clinic,"86/11 ห้อง 1, อาคารพลาซ่าเดอะกรีนส์ แอท บางรักเบย์",Closed · Opens 9 am · +66 83 150 2520,"Samui Bangrak Medical Clinic
5.0(5)
Medical clinic · 86/11 ห้อง 1, อาคารพลาซ่าเดอะกรีนส์ แอท บางรักเบย์
Closed · Opens 9 am · +66 83 150 2520

Directions",9.497898984667637,99.96251641795185
0x3054f65b515fd31b:0x483a8866aa78da35,Rapheephan Specialty Clinic,https://www.google.com/maps/place/Rapheephan+Specialty+Clinic/data=!4m7!3m6!1s0x3054f65b515fd31b:0x483a8866aa78da35!8m2!3d9.5201676!4d99.9356915!16s%2Fg%2F11clrmtk06!19sChIJG9NfUVv2VDARNdp4qmaIOkg?authuser=0&hl=en&rclk=1,4.5,130,,Doctor," · 111 Moo 1, Nathon",Closed · Opens 12 pm · +66 77 950 757,"Rapheephan Specialty Clinic
4.5(130)
Doctor ·  · 111 Moo 1, Nathon
Closed · Opens 12 pm · +66 77 950 757

Website

Directions",9.497898984667637,99.96251641795185
0x3054f74e79ec1cc3:0x6a5de2e54ab80e5c,KRITSADAPORN CLINIC,https://www.google.com/maps/place/KRITSADAPORN+CLINIC/data=!4m7!3m6!1s0x3054f74e79ec1cc3:0x6a5de2e54ab80e5c!8m2!3d9.5193232!4d99.9356752!16s%2Fg%2F11swmntv5c!19sChIJwxzseU73VDARXA64SuXiXWo?authuser=0&hl=en&rclk=1,5.0,4,,Orthopedic clinic,GW9P+P7,Closed · Opens 9:30 am · +66 77 421 299,"KRITSADAPORN CLINIC
5.0(4)
Orthopedic clinic · GW9P+P7
Closed · Opens 9:30 am · +66 77 421 299

Directions",9.497898984667637,99.96251641795185
0x3054f1f989721f63:0x6ccac5f1b6b57839,Bophut Clinic,https://www.google.com/maps/place/Bophut+Clinic/data=!4m7!3m6!1s0x3054f1f989721f63:0x6ccac5f1b6b57839!8m2!3d9.5429793!4d100.0402571!16s%2Fg%2F11s48w7zft!19sChIJYx9yifnxVDAROXi1tvHFymw?authuser=0&hl=en&rclk=1,2.3,38,,Medical Center,120/10 Thawiraphakdi,Open 24 hours · +66 93 324 4980,"Bophut Clinic
2.3(38)
Medical Center · 120/10 Thawiraphakdi
Open 24 hours · +66 93 324 4980

Directions",9.497898984667637,99.96251641795185
0x3054f1adc4e0dccf:0xa3976fd6923482c,Dr. Wirath Medical Clinic | คลินิกเวชกรรมน.พ.วิรัตน์,https://www.google.com/maps/place/Dr.+Wirath+Medical+Clinic+%7C+%E0%B8%84%E0%B8%A5%E0%B8%B4%E0%B8%99%E0%B8%B4%E0%B8%81%E0%B9%80%E0%B8%A7%E0%B8%8A%E0%B8%81%E0%B8%A3%E0%B8%A3%E0%B8%A1%E0%B8%99.%E0%B8%9E.%E0%B8%A7%E0%B8%B4%E0%B8%A3%E0%B8%B1%E0%B8%95%E0%B8%99%E0%B9%8C/data=!4m7!3m6!1s0x3054f1adc4e0dccf:0xa3976fd6923482c!8m2!3d9.5283273!4d100.0451975!16s%2Fg%2F1ptzmtxcd!19sChIJz9zgxK3xVDARLEgjaf12OQo?authuser=0&hl=en&rclk=1,4.2,82,,Medical clinic,,Closed · Opens 9 am · +66 86 312 1671,"Dr. Wirath Medical Clinic | คลินิกเวชกรรมน.พ.วิรัตน์
4.2(82)
Medical clinic · 
Closed · Opens 9 am · +66 86 312 1671

Directions",9.497898984667637,99.96251641795185
0x3054f1107de70c11:0xe179ac88f77d818,Pitchayanan clinic (ENT clinic),https://www.google.com/maps/place/Pitchayanan+clinic+%28ENT+clinic%29/data=!4m7!3m6!1s0x3054f1107de70c11:0xe179ac88f77d818!8m2!3d9.5688103!4d99.9973734!16s%2Fg%2F11jw4mxhrd!19sChIJEQznfRDxVDARGNh3j8iaFw4?authuser=0&hl=en&rclk=1,4.3,12,,Medical clinic,168/8,Closed · Opens 5 pm · +66 64 782 3179,"Pitchayanan clinic (ENT clinic)
4.3(12)
Medical clinic · 168/8
Closed · Opens 5 pm · +66 64 782 3179

Directions",9.497898984667637,99.96251641795185
0x3054f3a869adff53:0x9d72681be844b88,Cholatda Clinical Medicine,https://www.google.com/maps/place/Cholatda+Clinical+Medicine/data=!4m7!3m6!1s0x3054f3a869adff53:0x9d72681be844b88!8m2!3d9.4706275!4d100.0481223!16s%2Fg%2F1pzq0h3pz!19sChIJU_-taajzVDARiEuEvoEm1wk?authuser=0&hl=en&rclk=1,4.1,9,,Walk-in clinic,136 11 Moo4,Closed · Opens 3 pm · +66 81 728 3735,"Cholatda Clinical Medicine
4.1(9)
Walk-in clinic · 136 11 Moo4
Closed · Opens 3 pm · +66 81 728 3735

Directions",9.497898984667637,99.96251641795185
0x3054f04d79573dad:0x19405aac6eddc5d,Issara Clinic,https://www.google.com/maps/place/Issara+Clinic/data=!4m7!3m6!1s0x3054f04d79573dad:0x19405aac6eddc5d!8m2!3d9.5353239!4d100.0475533!16s%2Fg%2F11b7rnbgbs!19sChIJrT1XeU3wVDARXdztxqoFlAE?authuser=0&hl=en&rclk=1,4.0,22,,Doctor,4/135 M.2 Bophut Suratthani,Closed · Opens 11 am · +66 77 300 242,"Issara Clinic
4.0(22)
Doctor · 4/135 M.2 Bophut Suratthani
Closed · Opens 11 am · +66 77 300 242

Directions",9.497898984667637,99.96251641795185
0x3054f6529acd8035:0xca05ad56b7fe53e4,Somsak Medical Clinic,https://www.google.com/maps/place/Somsak+Medical+Clinic/data=!4m7!3m6!1s0x3054f6529acd8035:0xca05ad56b7fe53e4!8m2!3d9.534065!4d99.9358145!16s%2Fg%2F1w3sx3qb!19sChIJNYDNmlL2VDAR5FP-t1atBco?authuser=0&hl=en&rclk=1,4.1,72,,Medical clinic,GWMP+J8G,Closed · Opens 7 am · +66 77 421 437,"Somsak Medical Clinic
4.1(72)
Medical clinic · GWMP+J8G
Closed · Opens 7 am · +66 77 421 437

Directions",9.497898984667637,99.96708358204815
0x3054f239c5fb5a8d:0xa907fc7cf4dbfca3,ช่อลัดาการแพทย์,https://www.google.com/maps/place/%E0%B8%8A%E0%B9%88%E0%B8%AD%E0%B8%A5%E0%B8%B1%E0%B8%94%E0%B8%B2%E0%B8%81%E0%B8%B2%E0%B8%A3%E0%B9%81%E0%B8%9E%E0%B8%97%E0%B8%A2%E0%B9%8C/data=!4m7!3m6!1s0x3054f239c5fb5a8d:0xa907fc7cf4dbfca3!8m2!3d9.4706231!4d100.0481133!16s%2Fg%2F11c562_0l6!19sChIJjVr7xTnyVDARo_zb9Hz8B6k?authuser=0&hl=en&rclk=1,4.6,28,,Medical clinic,136 11 Had Lamai Rd,Closed · Opens 12:30 pm · +66 81 728 3735,"ช่อลัดาการแพทย์
4.6(28)
Medical clinic · 136 11 Had Lamai Rd
Closed · Opens 12:30 pm · +66 81 728 3735

Directions
 
""The best doctor for our family!!!""",9.497898984667637,99.96708358204815
0x3054f1b1a462b21b:0xa489bb383df2413f,N Health คลินิกเทคนิคการแพทย์ สาขาสมุย,https://www.google.com/maps/place/N+Health+%E0%B8%84%E0%B8%A5%E0%B8%B4%E0%B8%99%E0%B8%B4%E0%B8%81%E0%B9%80%E0%B8%97%E0%B8%84%E0%B8%99%E0%B8%B4%E0%B8%84%E0%B8%81%E0%B8%B2%E0%B8%A3%E0%B9%81%E0%B8%9E%E0%B8%97%E0%B8%A2%E0%B9%8C+%E0%B8%AA%E0%B8%B2%E0%B8%82%E0%B8%B2%E0%B8%AA%E0%B8%A1%E0%B8%B8%E0%B8%A2/data=!4m7!3m6!1s0x3054f1b1a462b21b:0xa489bb383df2413f!8m2!3d9.5365872!4d100.0409485!16s%2Fg%2F11swlfsxt5!19sChIJG7JipLHxVDARP0HyPTi7iaQ?authuser=0&hl=en&rclk=1,4.9,33,,Medical laboratory,Thaweeratpakdee,Closed · Opens 8 am · +66 77 900 939,"N Health คลินิกเทคนิคการแพทย์ สาขาสมุย
4.9(33)
Medical laboratory · Thaweeratpakdee
Closed · Opens 8 am · +66 77 900 939

Website

Directions
 
""Results are pretty fast, prices fair.""
 

Book online",9.497898984667637,99.96708358204815
0x3054f115128f2bab:0xd2e51e50c07f64bb,Liv Now Clinic,https://www.google.com/maps/place/Liv+Now+Clinic/data=!4m7!3m6!1s0x3054f115128f2bab:0xd2e51e50c07f64bb!8m2!3d9.5356445!4d100.0414742!16s%2Fg%2F11y3mb0_6r!19sChIJqyuPEhXxVDARu2R_wFAe5dI?authuser=0&hl=en&rclk=1,5.0,4,,STD clinic,1/63 2nd floor,Closed · Opens 11 am · +66 65 996 4242,"Liv Now Clinic
5.0(4)
STD clinic · 1/63 2nd floor
Closed · Opens 11 am · +66 65 996 4242

Website

Directions
 
""Great service, friendly staff and the clinic is clean, comfortable and well.""",9.497898984667637,99.96708358204815
0x3054f7a1557ce4ad:0x1744b007124534c6,Thongyot Medical Clinic,https://www.google.com/maps/place/Thongyot+Medical+Clinic/data=!4m7!3m6!1s0x3054f7a1557ce4ad:0x1744b007124534c6!8m2!3d9.552678!4d99.940932!16s%2Fg%2F1pzqkvj_v!19sChIJreR8VaH3VDARxjRFEgewRBc?authuser=0&hl=en&rclk=1,,0,,Walk-in clinic,"6/8, Moo 2, Tambon Ang Thong, Amphoe Koh Samui, Surat Thani, 84140",,"Thongyot Medical Clinic
No reviews
Walk-in clinic · 6/8, Moo 2, Tambon Ang Thong, Amphoe Koh Samui, Surat Thani, 84140
+66 81 829 8708

Directions",9.497898984667637,99.96708358204815
0x3054f6520ee9d82d:0x97f858bd4981e98f,Wiwat Clinic,https://www.google.com/maps/place/Wiwat+Clinic/data=!4m7!3m6!1s0x3054f6520ee9d82d:0x97f858bd4981e98f!8m2!3d9.531635!4d99.935769!16s%2Fg%2F1hfgs9h9r!19sChIJLdjpDlL2VDARj-mBSb1Y-Jc?authuser=0&hl=en&rclk=1,4.8,28,,Doctor, · GWJP+M82,Closed · Opens 7:30 am · +66 90 219 0106,"Wiwat Clinic
4.8(28)
Doctor ·  · GWJP+M82
Closed · Opens 7:30 am · +66 90 219 0106

Directions
 
""I was seen within 15mins and examined thoroughly.""",9.510223569753922,99.96156092258305
0x3054f65912a7b903:0x4559352d31e808dd,Dr Phuchong Eye Clinic นพ ภุชงค์ จักษุคลินิก,https://www.google.com/maps/place/Dr+Phuchong+Eye+Clinic+%E0%B8%99%E0%B8%9E+%E0%B8%A0%E0%B8%B8%E0%B8%8A%E0%B8%87%E0%B8%84%E0%B9%8C+%E0%B8%88%E0%B8%B1%E0%B8%81%E0%B8%A9%E0%B8%B8%E0%B8%84%E0%B8%A5%E0%B8%B4%E0%B8%99%E0%B8%B4%E0%B8%81/data=!4m7!3m6!1s0x3054f65912a7b903:0x4559352d31e808dd!8m2!3d9.5216033!4d99.9422082!16s%2Fg%2F11dxq_mpjk!19sChIJA7mnEln2VDAR3QjoMS01WUU?authuser=0&hl=en&rclk=1,4.8,65,,Doctor, · GWCR+JVW,Closed · Opens 9 am · +66 81 273 6940,"Dr Phuchong Eye Clinic นพ ภุชงค์ จักษุคลินิก
4.8(65)
Doctor ·  · GWCR+JVW
Closed · Opens 9 am · +66 81 273 6940

Directions
 
""Very professional, very friendly and reassuring, and reasonably priced.""",9.510223569753922,99.96156092258305
0x3054f64d640e1edf:0xd555c00437ef7b57,Thirasak Clinic,https://www.google.com/maps/place/Thirasak+Clinic/data=!4m7!3m6!1s0x3054f64d640e1edf:0xd555c00437ef7b57!8m2!3d9.5344786!4d99.934974!16s%2Fg%2F1vz8641q!19sChIJ3x4OZE32VDARV3vvNwTAVdU?authuser=0&hl=en&rclk=1,4.5,12,,,,Closed · Opens 7:30 am · +66 98 361 9233,"Thirasak Clinic
4.5(12)
Orthopedic clinic
Closed · Opens 7:30 am · +66 98 361 9233

Directions
 
""Very good doctor as far as I can say that.""",9.510223569753922,99.96156092258305
0x3054f44d1f24e1d1:0x826d0cacf18e70a,Natthanan Clinic,https://www.google.com/maps/place/Natthanan+Clinic/data=!4m7!3m6!1s0x3054f44d1f24e1d1:0x826d0cacf18e70a!8m2!3d9.4614199!4d99.9480873!16s%2Fg%2F1hdyyrxmx!19sChIJ0eEkH030VDARCucYz8rQJgg?authuser=0&hl=en&rclk=1,4.0,7,,Medical clinic,FW6X+H68 เกาะสมุย,,"Natthanan Clinic
4.0(7)
Medical clinic · FW6X+H68 เกาะสมุย

Directions",9.494385730937895,99.96998888983128
0x3054f1ae2f20fb5d:0xbb61e87e589f3792,Beauty smile Dental clinic,https://www.google.com/maps/place/Beauty+smile+Dental+clinic/data=!4m7!3m6!1s0x3054f1ae2f20fb5d:0xbb61e87e589f3792!8m2!3d9.525304!4d100.0467176!16s%2Fg%2F11byxdr8y5!19sChIJXfsgL67xVDARkjefWH7oYbs?authuser=0&hl=en&rclk=1,3.0,10,,Dental clinic,G2GW+4MG ถ. ทวีราษฎร์ภักดี,,"Beauty smile Dental clinic
3.0(10)
Dental clinic · G2GW+4MG ถ. ทวีราษฎร์ภักดี
+66 77 414 386

Directions
 
""They squeezed me in a short notice last minute appointment.""
 

Book online",9.5018,99.9785014922889
0x3054f1b5498e3aa9:0x22f1e832b0cd956d,Aurora Clinic Plastic Surgery & Skin clinic (Samui) ออโรร่าคลินิก หมอเติ้ง ศัลยกรรมตกแต่งเสริมความงาม แพทย์เฉพาะทาง,https://www.google.com/maps/place/Aurora+Clinic+Plastic+Surgery+%26+Skin+clinic+%28Samui%29+%E0%B8%AD%E0%B8%AD%E0%B9%82%E0%B8%A3%E0%B8%A3%E0%B9%88%E0%B8%B2%E0%B8%84%E0%B8%A5%E0%B8%B4%E0%B8%99%E0%B8%B4%E0%B8%81+%E0%B8%AB%E0%B8%A1%E0%B8%AD%E0%B9%80%E0%B8%95%E0%B8%B4%E0%B9%89%E0%B8%87+%E0%B8%A8%E0%B8%B1%E0%B8%A5%E0%B8%A2%E0%B8%81%E0%B8%A3%E0%B8%A3%E0%B8%A1%E0%B8%95%E0%B8%81%E0%B9%81%E0%B8%95%E0%B9%88%E0%B8%87%E0%B9%80%E0%B8%AA%E0%B8%A3%E0%B8%B4%E0%B8%A1%E0%B8%84%E0%B8%A7%E0%B8%B2%E0%B8%A1%E0%B8%87%E0%B8%B2%E0%B8%A1+%E0%B9%81%E0%B8%9E%E0%B8%97%E0%B8%A2%E0%B9%8C%E0%B9%80%E0%B8%89%E0%B8%9E%E0%B8%B2%E0%B8%B0%E0%B8%97%E0%B8%B2%E0%B8%87/data=!4m7!3m6!1s0x3054f1b5498e3aa9:0x22f1e832b0cd956d!8m2!3d9.5653979!4d100.0135404!16s%2Fg%2F11gk8mtc5q!19sChIJqTqOSbXxVDARbZXNsDLo8SI?authuser=0&hl=en&rclk=1,4.9,241,,,,Closed · Opens 10 am · +66 83 629 1446,"Aurora Clinic Plastic Surgery & Skin clinic (Samui) ออโรร่าคลินิก หมอเติ้ง ศัลยกรรมตกแต่งเสริมความงาม แพทย์เฉพาะทาง
4.9(241)
Medical clinic
Closed · Opens 10 am · +66 83 629 1446

Website

Directions
 
""talented surgeon, reasonable prices, great staff!""",9.510100171793104,99.97561240260434
0x3054f65202ea1293:0x738e1f1495297d27,Withun Clinic,https://www.google.com/maps/place/Withun+Clinic/data=!4m7!3m6!1s0x3054f65202ea1293:0x738e1f1495297d27!8m2!3d9.5307806!4d99.9359775!16s%2Fg%2F1hfb12y5x!19sChIJkxLqAlL2VDARJ30plRQfjnM?authuser=0&hl=en&rclk=1,4.7,35,,Medical office,อ่างทอง 242 หมู่ 3 ถ. ทวีราษฎร์ภักดี,Closed · Opens 5 pm Mon · +66 77 420 328,"Withun Clinic
4.7(35)
Medical office · อ่างทอง 242 หมู่ 3 ถ. ทวีราษฎร์ภักดี
Closed · Opens 5 pm Mon · +66 77 420 328

Directions
 
""Minimum price.""",9.51311306051706,99.97229400597094
0x3054f6eaa7e1c777:0x780fd28f782d89ae,Samui Clinic,https://www.google.com/maps/place/Samui+Clinic/data=!4m7!3m6!1s0x3054f6eaa7e1c777:0x780fd28f782d89ae!8m2!3d9.5139946!4d99.9687907!16s%2Fg%2F1pzs6jxp8!19sChIJd8fhp-r2VDARrokteI_SD3g?authuser=0&hl=en&rclk=1,,0,,Walk-in clinic,"Samui Clinic, Tambon Na Mueang, Amphoe Ko Samui, Surat Thani, 84140",Permanently closed · +66 77 485 647,"Samui Clinic
No reviews
Walk-in clinic · Samui Clinic, Tambon Na Mueang, Amphoe Ko Samui, Surat Thani, 84140
Permanently closed · +66 77 485 647

Directions",9.51311306051706,99.97229400597094
0x3054f68123520613:0x8640536634f34544,คลินิกนาตยาการพยาบาลและการผดุงครรภ์,https://www.google.com/maps/place/%E0%B8%84%E0%B8%A5%E0%B8%B4%E0%B8%99%E0%B8%B4%E0%B8%81%E0%B8%99%E0%B8%B2%E0%B8%95%E0%B8%A2%E0%B8%B2%E0%B8%81%E0%B8%B2%E0%B8%A3%E0%B8%9E%E0%B8%A2%E0%B8%B2%E0%B8%9A%E0%B8%B2%E0%B8%A5%E0%B9%81%E0%B8%A5%E0%B8%B0%E0%B8%81%E0%B8%B2%E0%B8%A3%E0%B8%9C%E0%B8%94%E0%B8%B8%E0%B8%87%E0%B8%84%E0%B8%A3%E0%B8%A3%E0%B8%A0%E0%B9%8C/data=!4m7!3m6!1s0x3054f68123520613:0x8640536634f34544!8m2!3d9.496302!4d99.949981!16s%2Fg%2F1pzw6p_4x!19sChIJEwZSI4H2VDARREXzNGZTQIY?authuser=0&hl=en&rclk=1,,0,,Walk-in clinic,"71/4 หมู่ที่ 5, ตำบลลิปะน้อย อำเภอเกาะสมุย จังหวัดสุราษฎร์ธานี, 84140",,"คลินิกนาตยาการพยาบาลและการผดุงครรภ์
No reviews
Walk-in clinic · 71/4 หมู่ที่ 5, ตำบลลิปะน้อย อำเภอเกาะสมุย จังหวัดสุราษฎร์ธานี, 84140
+66 77 415 128

Directions",9.49957574877999,99.95128537820736
0x3054f681b6552e3d:0xc76d357679779475,Lipa Noi Nursing and Midwife Clinic,https://www.google.com/maps/place/Lipa+Noi+Nursing+and+Midwife+Clinic/data=!4m7!3m6!1s0x3054f681b6552e3d:0xc76d357679779475!8m2!3d9.4934228!4d99.9498157!16s%2Fg%2F1pzxfvt1x!19sChIJPS5VtoH2VDARdZR3eXY1bcc?authuser=0&hl=en&rclk=1,,0,,Walk-in clinic,"98/1, Moo 1, Tambon Lipa Noi, Amphoe Koh Samui, Suratthani, 84140",,"Lipa Noi Nursing and Midwife Clinic
No reviews
Walk-in clinic · 98/1, Moo 1, Tambon Lipa Noi, Amphoe Koh Samui, Suratthani, 84140
+66 77 226 126

Directions",9.49957574877999,99.95128537820736
0x3054f6804e32ba15:0x28bcd1fd60ed93cc,Nathtaya Nursing and Midwife Clinic,https://www.google.com/maps/place/Nathtaya+Nursing+and+Midwife+Clinic/data=!4m7!3m6!1s0x3054f6804e32ba15:0x28bcd1fd60ed93cc!8m2!3d9.49393!4d99.948781!16s%2Fg%2F1pzxzqt0w!19sChIJFboyToD2VDARzJPtYP3RvCg?authuser=0&hl=en&rclk=1,,0,,Walk-in clinic,"71/4, Moo 5, Tambon Lipa Noi, Amphoe Koh Samui, Suratthani, 84140",,"Nathtaya Nursing and Midwife Clinic
No reviews
Walk-in clinic · 71/4, Moo 5, Tambon Lipa Noi, Amphoe Koh Samui, Suratthani, 84140
+66 77 415 128

Directions",9.49957574877999,99.95128537820736
0x3054f681a1080113:0x49b8feee5124fba,คลินิกลิปะน้อยการพยาบาลและการผดุงครรภ์,https://www.google.com/maps/place/%E0%B8%84%E0%B8%A5%E0%B8%B4%E0%B8%99%E0%B8%B4%E0%B8%81%E0%B8%A5%E0%B8%B4%E0%B8%9B%E0%B8%B0%E0%B8%99%E0%B9%89%E0%B8%AD%E0%B8%A2%E0%B8%81%E0%B8%B2%E0%B8%A3%E0%B8%9E%E0%B8%A2%E0%B8%B2%E0%B8%9A%E0%B8%B2%E0%B8%A5%E0%B9%81%E0%B8%A5%E0%B8%B0%E0%B8%81%E0%B8%B2%E0%B8%A3%E0%B8%9C%E0%B8%94%E0%B8%B8%E0%B8%87%E0%B8%84%E0%B8%A3%E0%B8%A3%E0%B8%A0%E0%B9%8C/data=!4m7!3m6!1s0x3054f681a1080113:0x49b8feee5124fba!8m2!3d9.4943976!4d99.9505234!16s%2Fg%2F1pzslcwzf!19sChIJEwEIoYH2VDARuk8S5e6PmwQ?authuser=0&hl=en&rclk=1,,0,,Walk-in clinic,"98/1 หมู่ที่ 1, ตำบลลิปะน้อย อำเภอเกาะสมุย จังหวัดสุราษฎร์ธานี, 84140",,"คลินิกลิปะน้อยการพยาบาลและการผดุงครรภ์
No reviews
Walk-in clinic · 98/1 หมู่ที่ 1, ตำบลลิปะน้อย อำเภอเกาะสมุย จังหวัดสุราษฎร์ธานี, 84140
+66 77 226 126

Directions",9.495368278472471,99.95274989717956
0x3054f1006a3f5a33:0xafa3d0692889c10e,TRINITY CLINIC Samui,https://www.google.com/maps/place/TRINITY+CLINIC+Samui/data=!4m7!3m6!1s0x3054f1006a3f5a33:0xafa3d0692889c10e!8m2!3d9.5366219!4d100.0549448!16s%2Fg%2F11x5drh_j3!19sChIJM1o_agDxVDARDsGJKGnQo68?authuser=0&hl=en&rclk=1,5.0,0,,Medical clinic,Khan space 83/87 ตำบล บ่อผุด,Closed · Opens 10 am · +66 63 653 6636,"TRINITY CLINIC Samui
5.0
Medical clinic · Khan space 83/87 ตำบล บ่อผุด
Closed · Opens 10 am · +66 63 653 6636

Website

Directions",9.495368278472471,99.95274989717956
0x3054f123dfbf916b:0xb0f963007bd68bba,Get Health Clinic,https://www.google.com/maps/place/Get+Health+Clinic/data=!4m7!3m6!1s0x3054f123dfbf916b:0xb0f963007bd68bba!8m2!3d9.5294667!4d100.0445981!16s%2Fg%2F11kqn9zqd_!19sChIJa5G_3yPxVDARuovWewBj-bA?authuser=0&hl=en&rclk=1,4.6,28,,Medical office,40 1,Closed · Opens 10 am · +66 91 994 1991,"Get Health Clinic
4.6(28)
Medical office · 40 1
Closed · Opens 10 am · +66 91 994 1991

Website

Directions
 
""The doctor will help you resolve even the most delicate issues, if needed.""",9.488332641986396,99.96366853973478
0x3054f5ac952a2f4f:0x57d345f5248d90c0,คลินิกรุ่งทิวาการพยาบาลและการผดุงครรภ์,https://www.google.com/maps/place/%E0%B8%84%E0%B8%A5%E0%B8%B4%E0%B8%99%E0%B8%B4%E0%B8%81%E0%B8%A3%E0%B8%B8%E0%B9%88%E0%B8%87%E0%B8%97%E0%B8%B4%E0%B8%A7%E0%B8%B2%E0%B8%81%E0%B8%B2%E0%B8%A3%E0%B8%9E%E0%B8%A2%E0%B8%B2%E0%B8%9A%E0%B8%B2%E0%B8%A5%E0%B9%81%E0%B8%A5%E0%B8%B0%E0%B8%81%E0%B8%B2%E0%B8%A3%E0%B8%9C%E0%B8%94%E0%B8%B8%E0%B8%87%E0%B8%84%E0%B8%A3%E0%B8%A3%E0%B8%A0%E0%B9%8C/data=!4m7!3m6!1s0x3054f5ac952a2f4f:0x57d345f5248d90c0!8m2!3d9.4804612!4d99.9440288!16s%2Fg%2F1pzrm3w3c!19sChIJTy8qlaz1VDARwJCNJPVF01c?authuser=0&hl=en&rclk=1,5.0,1,,Walk-in clinic,71 หมู่ที่ 1,,"คลินิกรุ่งทิวาการพยาบาลและการผดุงครรภ์
5.0(1)
Walk-in clinic · 71 หมู่ที่ 1
+66 77 415 612

Directions",9.488332641986396,99.96366853973478
0x3054f1b9b3330ac7:0x1451b3307e124f1c,Wellence Medical Clinic Samui พ.จารุสิทธิ์,https://www.google.com/maps/place/Wellence+Medical+Clinic+Samui+%E0%B8%9E.%E0%B8%88%E0%B8%B2%E0%B8%A3%E0%B8%B8%E0%B8%AA%E0%B8%B4%E0%B8%97%E0%B8%98%E0%B8%B4%E0%B9%8C/data=!4m7!3m6!1s0x3054f1b9b3330ac7:0x1451b3307e124f1c!8m2!3d9.5525566!4d100.0341146!16s%2Fg%2F11wxvp6nc7!19sChIJxwozs7nxVDARHE8SfjCzURQ?authuser=0&hl=en&rclk=1,5.0,52,,Medical centre,"119, 1",Closed · Opens 10 am · +66 80 094 4551,"Wellence Medical Clinic Samui พ.จารุสิทธิ์
5.0(52)
Medical centre · 119, 1
Closed · Opens 10 am · +66 80 094 4551

Website

Directions
 
""The clinic is exceptionally clean and well-maintained.""",9.488332641986396,99.96366853973478
0x3054f3086ec4c37f:0xcaf46dc5cd050de7,Prachak Medical Clinic,https://www.google.com/maps/place/Prachak+Medical+Clinic/data=!4m7!3m6!1s0x3054f3086ec4c37f:0xcaf46dc5cd050de7!8m2!3d9.4439839!4d100.0239452!16s%2Fg%2F11rr_9hp6!19sChIJf8PEbgjzVDAR5w0FzcVt9Mo?authuser=0&hl=en&rclk=1,4.6,13,,Hospital,เกาะสมุย,Closed · Opens 9 am · +66 77 418 228,"Prachak Medical Clinic
4.6(13)
Hospital · เกาะสมุย
Closed · Opens 9 am · +66 77 418 228

Directions
 
""Provide medication and a doctor analysis!""",9.488332641986396,99.96366853973478
0x3054f388c04b4ff3:0x6b6961ef38fdc8ca,Piraluna Clinic,https://www.google.com/maps/place/Piraluna+Clinic/data=!4m7!3m6!1s0x3054f388c04b4ff3:0x6b6961ef38fdc8ca!8m2!3d9.458817!4d100.0392003!16s%2Fg%2F11ypbrq3c6!19sChIJ809LwIjzVDARysj9OO9haWs?authuser=0&hl=en&rclk=1,5.0,47,,Chinese Medicine Clinic,127/80,Closed · Opens 10 am · +66 92 879 4474,"Piraluna Clinic
5.0(47)
Chinese Medicine Clinic · 127/80
Closed · Opens 10 am · +66 92 879 4474

Website

Directions
 
""The acupuncture process was gentle and much more relaxing than I expected.""",9.488332641986396,99.96366853973478
0x3054f14689f0bd6f:0xf41af03d612d5dd0,VAEDANA CLINIC,https://www.google.com/maps/place/VAEDANA+CLINIC/data=!4m7!3m6!1s0x3054f14689f0bd6f:0xf41af03d612d5dd0!8m2!3d9.543398!4d100.0434379!16s%2Fg%2F11sz5b7t8l!19sChIJb73wiUbxVDAR0F0tYT3wGvQ?authuser=0&hl=en&rclk=1,4.8,192,,Skin care clinic,Vaedanaclinic 128/105-6 เวดาน่า คลินิก หมู่ที่ 1 ซอยโรงพยาบาลบ้านดอน,Closed · Opens 10 am · +66 95 038 6363,"VAEDANA CLINIC
4.8(192)
Skin care clinic · Vaedanaclinic 128/105-6 เวดาน่า คลินิก หมู่ที่ 1 ซอยโรงพยาบาลบ้านดอน
Closed · Opens 10 am · +66 95 038 6363

Website

Directions
 
""Great clinic, good equipment, friendly and professional staff.""",9.488332641986396,99.96366853973478
0xa1c5ad4addddf463:0x98ea82ccb03e14d1,Bunya Clinic,https://www.google.com/maps/place/Bunya+Clinic/data=!4m7!3m6!1s0xa1c5ad4addddf463:0x98ea82ccb03e14d1!8m2!3d9.4340471!4d100.0130597!16s%2Fg%2F11wr4nny9q!19sChIJY_Td3UqtxaER0RQ-sMyC6pg?authuser=0&hl=en&rclk=1,5.0,2,,Clinic,"68, 1",Closed · Opens 8 am · +66 80 522 4250,"Bunya Clinic
5.0(2)
Clinic · 68, 1
Closed · Opens 8 am · +66 80 522 4250

Directions",9.488699996406224,99.9681635175091
0x3054f368bebdf489:0xd65066a50c7b0d5a,Samui physio clinic Lamai,https://www.google.com/maps/place/Samui+physio+clinic+Lamai/data=!4m7!3m6!1s0x3054f368bebdf489:0xd65066a50c7b0d5a!8m2!3d9.4733993!4d100.0447449!16s%2Fg%2F11xgf_zyxd!19sChIJifS9vmjzVDARWg17DKVmUNY?authuser=0&hl=en&rclk=1,5.0,59,,Physical Therapy Clinic, · 176/63 หมู่4,Closed · Opens 10 am · +66 80 082 3036,"Samui physio clinic Lamai
5.0(59)
Physical Therapy Clinic ·  · 176/63 หมู่4
Closed · Opens 10 am · +66 80 082 3036

Website

Directions
 
""New facility, modern equipment and very professional staff.""",9.488699996406224,99.9681635175091
0x3054f19437e644f3:0xdd329aba68a19dc9,August S clinic-ออกัส เอส คลินิก เสริมความงาม เกาะสมุย,https://www.google.com/maps/place/August+S+clinic-%E0%B8%AD%E0%B8%AD%E0%B8%81%E0%B8%B1%E0%B8%AA+%E0%B9%80%E0%B8%AD%E0%B8%AA+%E0%B8%84%E0%B8%A5%E0%B8%B4%E0%B8%99%E0%B8%B4%E0%B8%81+%E0%B9%80%E0%B8%AA%E0%B8%A3%E0%B8%B4%E0%B8%A1%E0%B8%84%E0%B8%A7%E0%B8%B2%E0%B8%A1%E0%B8%87%E0%B8%B2%E0%B8%A1+%E0%B9%80%E0%B8%81%E0%B8%B2%E0%B8%B0%E0%B8%AA%E0%B8%A1%E0%B8%B8%E0%B8%A2/data=!4m7!3m6!1s0x3054f19437e644f3:0xdd329aba68a19dc9!8m2!3d9.5364835!4d100.041303!16s%2Fg%2F11yzync6v6!19sChIJ80TmN5TxVDARyZ2haLqaMt0?authuser=0&hl=en&rclk=1,5.0,2,,Esthetics service,"1, 72",Closed · Opens 10:30 am · +66 90 864 4489,"August S clinic-ออกัส เอส คลินิก เสริมความงาม เกาะสมุย
5.0(2)
Esthetics service · 1, 72
Closed · Opens 10:30 am · +66 90 864 4489

Directions",9.488699996406224,99.9681635175091
0x3054f171304c4f31:0x8219183e45a26110,Samui Dental Clinic,https://www.google.com/maps/place/Samui+Dental+Clinic/data=!4m7!3m6!1s0x3054f171304c4f31:0x8219183e45a26110!8m2!3d9.5434446!4d100.0401259!16s%2Fg%2F11h24r5gkq!19sChIJMU9MMHHxVDAREGGiRT4YGYI?authuser=0&hl=en&rclk=1,4.5,35,,,,Closed · Opens 9 am · +66 86 470 4247,"Samui Dental Clinic
4.5(35)
Clinic
Closed · Opens 9 am · +66 86 470 4247

Directions
 
""I had a tooth extracted with no pain.""",9.488699996406224,99.9681635175091
0x3054f3d49519e697:0xc71243bf4a2d9512,AK Greenland Clinic,https://www.google.com/maps/place/AK+Greenland+Clinic/data=!4m7!3m6!1s0x3054f3d49519e697:0xc71243bf4a2d9512!8m2!3d9.466419!4d100.045092!16s%2Fg%2F11sv558ybw!19sChIJl-YZldTzVDAREpUtSr9DEsc?authuser=0&hl=en&rclk=1,4.9,82,,Cannabis shop,"124, 71 หมู่.3 บ้านละไม",Closed · Opens 11 am · +66 95 495 5646,"AK Greenland Clinic
4.9(82)
Cannabis shop · 124, 71 หมู่.3 บ้านละไม
Closed · Opens 11 am · +66 95 495 5646

Website

Directions
 
""Amazing service and super friendly staff!""",9.488699996406224,99.9681635175091
0x3054f1a2bebf570d:0x265acdafb09d2f74,Inspire Physio Clinic อินสไปร์ฟิซิโอคลินิก คลินิกกายภาพบำบัด,https://www.google.com/maps/place/Inspire+Physio+Clinic+%E0%B8%AD%E0%B8%B4%E0%B8%99%E0%B8%AA%E0%B9%84%E0%B8%9B%E0%B8%A3%E0%B9%8C%E0%B8%9F%E0%B8%B4%E0%B8%8B%E0%B8%B4%E0%B9%82%E0%B8%AD%E0%B8%84%E0%B8%A5%E0%B8%B4%E0%B8%99%E0%B8%B4%E0%B8%81+%E0%B8%84%E0%B8%A5%E0%B8%B4%E0%B8%99%E0%B8%B4%E0%B8%81%E0%B8%81%E0%B8%B2%E0%B8%A2%E0%B8%A0%E0%B8%B2%E0%B8%9E%E0%B8%9A%E0%B8%B3%E0%B8%9A%E0%B8%B1%E0%B8%94/data=!4m7!3m6!1s0x3054f1a2bebf570d:0x265acdafb09d2f74!8m2!3d9.5477468!4d100.0369592!16s%2Fg%2F11ytlrkjm_!19sChIJDVe_vqLxVDARdC-dsK_NWiY?authuser=0&hl=en&rclk=1,5.0,24,,Physical Therapy Clinic,"115, 13 Taweeratphakdee Road",Closed · Opens 9 am · +66 87 048 1563,"Inspire Physio Clinic อินสไปร์ฟิซิโอคลินิก คลินิกกายภาพบำบัด
5.0(24)
Physical Therapy Clinic · 115, 13 Taweeratphakdee Road
Closed · Opens 9 am · +66 87 048 1563

Website

Directions
 
""After just two sessions, my back pain was almost completely gone.""",9.488699996406224,99.9681635175091
0x3054f65a041237bb:0x380e8bfea6f2fc67,SUKKASAME CLINIC,https://www.google.com/maps/place/SUKKASAME+CLINIC/data=!4m7!3m6!1s0x3054f65a041237bb:0x380e8bfea6f2fc67!8m2!3d9.524681!4d99.940518!16s%2Fg%2F11bwh5nhrh!19sChIJuzcSBFr2VDARZ_zypv6LDjg?authuser=0&hl=en&rclk=1,4.5,4,,Plastic surgery clinic,"GWFR+V6C, 4169",,"SUKKASAME CLINIC
4.5(4)
Plastic surgery clinic · GWFR+V6C, 4169
+66 81 082 7525

Directions",9.488699996406224,99.9681635175091
0x3054f14f2a96ffff:0x9d9cf426d2f9e63d,BDMS Wellness Clinic,https://www.google.com/maps/place/BDMS+Wellness+Clinic/data=!4m7!3m6!1s0x3054f14f2a96ffff:0x9d9cf426d2f9e63d!8m2!3d9.5645184!4d100.0193361!16s%2Fg%2F11vpclxxvx!19sChIJ__-WKk_xVDARPeb50ib0nJ0?authuser=0&hl=en&rclk=1,5.0,5,,Clinic,175/ 3,Closed · Opens 8 am · +66 81 524 9596,"BDMS Wellness Clinic
5.0(5)
Clinic · 175/ 3
Closed · Opens 8 am · +66 81 524 9596

Website

Directions
 
""Many options for IV treatments and more.""",9.488699996406224,99.9681635175091
0x3054f75f073c1e0f:0x26eeaeb72139a287,Sirima Clinic,https://www.google.com/maps/place/Sirima+Clinic/data=!4m7!3m6!1s0x3054f75f073c1e0f:0x26eeaeb72139a287!8m2!3d9.5710741!4d99.9779092!16s%2Fg%2F11xrn51zfh!19sChIJDx48B1_3VDARh6I5Ibeu7iY?authuser=0&hl=en&rclk=1,5.0,3,,Medical office,G05 58/9 soi 7 MaeNam,Closed · Opens 10 am Sat · +66 64 446 9945,"Sirima Clinic
5.0(3)
Medical office · G05 58/9 soi 7 MaeNam
Closed · Opens 10 am Sat · +66 64 446 9945

Directions",9.488699996406224,99.9681635175091
0x3054f15a3e8a764d:0x815ce037818dc0da,Aweed,https://www.google.com/maps/place/Aweed/data=!4m7!3m6!1s0x3054f15a3e8a764d:0x815ce037818dc0da!8m2!3d9.5658375!4d100.0048095!16s%2Fg%2F11yjhznt02!19sChIJTXaKPlrxVDAR2sCNgTfgXIE?authuser=0&hl=en&rclk=1,5.0,0,,Medical clinic,"maenam, 14 Tambon, 94",Open · Closes 2 am,"Aweed
5.0
Medical clinic · maenam, 14 Tambon, 94
Open · Closes 2 am

Directions",9.490486939482938,99.97229400597094
0x3054f18c39baaabf:0xeb5bf08bdaa3df05,samui medical clinic move to dr ning clinic at lamai,https://www.google.com/maps/place/samui+medical+clinic+move+to+dr+ning+clinic+at+lamai/data=!4m7!3m6!1s0x3054f18c39baaabf:0xeb5bf08bdaa3df05!8m2!3d9.5384758!4d100.040716!16s%2Fg%2F11h4ps6_3h!19sChIJv6q6OYzxVDARBd-j2ovwW-s?authuser=0&hl=en&rclk=1,,0,,Medical clinic,"115, 12 หมู่ที่ 6 ตำบล บ่อผุด",Closed · Opens 10 am · +66 89 727 3399,"samui medical clinic move to dr ning clinic at lamai
No reviews
Medical clinic · 115, 12 หมู่ที่ 6 ตำบล บ่อผุด
Closed · Opens 10 am · +66 89 727 3399

Directions",9.490486939482938,99.97229400597094
0x3054f1a53d01710f:0xd1ffd49d79ee71c0,Zasinar Clinic,https://www.google.com/maps/place/Zasinar+Clinic/data=!4m7!3m6!1s0x3054f1a53d01710f:0xd1ffd49d79ee71c0!8m2!3d9.5350302!4d100.0428846!16s%2Fg%2F11vc256dxl!19sChIJD3EBPaXxVDARwHHueZ3U_9E?authuser=0&hl=en&rclk=1,4.8,26,,Skin care clinic,25/25,Closed · Opens 9 am · +66 82 859 4591,"Zasinar Clinic
4.8(26)
Skin care clinic · 25/25
Closed · Opens 9 am · +66 82 859 4591

Directions
 
""I left feeling more like I came from a spa than a clinic!""",9.490486939482938,99.97229400597094
0x3054f10fdee06f35:0x80892a9fdcff94a9,Sadanan Acupuncture & Wellness Clinic,https://www.google.com/maps/place/Sadanan+Acupuncture+%26+Wellness+Clinic/data=!4m7!3m6!1s0x3054f10fdee06f35:0x80892a9fdcff94a9!8m2!3d9.5579092!4d100.0313496!16s%2Fg%2F11pg93rc1d!19sChIJNW_g3g_xVDARqZT_3J8qiYA?authuser=0&hl=en&rclk=1,5.0,235,,Acupuncture clinic,"35, 3",Closed · Opens 10 am · +66 83 979 2463,"Sadanan Acupuncture & Wellness Clinic
5.0(235)
Acupuncture clinic · 35, 3
Closed · Opens 10 am · +66 83 979 2463

Website

Directions
 
""The clinic is clean, well organized, and highly professional.""",9.490486939482938,99.97229400597094
0x3054f1b3c902cff1:0x7a3c7a479d45ba3f,SFS CLINIC,https://www.google.com/maps/place/SFS+CLINIC/data=!4m7!3m6!1s0x3054f1b3c902cff1:0x7a3c7a479d45ba3f!8m2!3d9.5353489!4d100.0476153!16s%2Fg%2F11g18zl251!19sChIJ8c8CybPxVDARP7pFnUd6PHo?authuser=0&hl=en&rclk=1,4.3,22,,Skin care clinic,4 138 Moo 2,Closed · Opens 10 am · +66 84 450 4506,"SFS CLINIC
4.3(22)
Skin care clinic · 4 138 Moo 2
Closed · Opens 10 am · +66 84 450 4506

Website

Directions
 
""This place is great , two female doctors who give really honest advice.""",9.490486939482938,99.97229400597094
0x3054f1e599cbc1a9:0xdfa5741668e8cbae,Samui physio clinic,https://www.google.com/maps/place/Samui+physio+clinic/data=!4m7!3m6!1s0x3054f1e599cbc1a9:0xdfa5741668e8cbae!8m2!3d9.5578065!4d100.026028!16s%2Fg%2F11vlqbfj0g!19sChIJqcHLmeXxVDARrsvoaBZ0pd8?authuser=0&hl=en&rclk=1,5.0,199,,Physical therapy clinic,"157/41, Samui heritage",Closed · Opens 10 am · +66 80 010 5781,"Samui physio clinic
5.0(199)
Physical therapy clinic · 157/41, Samui heritage
Closed · Opens 10 am · +66 80 010 5781

Website

Directions
 
""The clinic is clean, professional, and the staff is incredibly friendly.""",9.490486939482938,99.97229400597094
0x3054f762f8cb6e59:0xed36c75389df0634,Nisa SkinClinic ฟิวเลอร์ โบท็อก เลเซอร์ โรคผิวหนัง เลเซอร์ สิว ฝ้า กระ เมโสหน้าใส ลดน้ำหนัก,https://www.google.com/maps/place/Nisa+SkinClinic+%E0%B8%9F%E0%B8%B4%E0%B8%A7%E0%B9%80%E0%B8%A5%E0%B8%AD%E0%B8%A3%E0%B9%8C+%E0%B9%82%E0%B8%9A%E0%B8%97%E0%B9%87%E0%B8%AD%E0%B8%81+%E0%B9%80%E0%B8%A5%E0%B9%80%E0%B8%8B%E0%B8%AD%E0%B8%A3%E0%B9%8C+%E0%B9%82%E0%B8%A3%E0%B8%84%E0%B8%9C%E0%B8%B4%E0%B8%A7%E0%B8%AB%E0%B8%99%E0%B8%B1%E0%B8%87+%E0%B9%80%E0%B8%A5%E0%B9%80%E0%B8%8B%E0%B8%AD%E0%B8%A3%E0%B9%8C+%E0%B8%AA%E0%B8%B4%E0%B8%A7+%E0%B8%9D%E0%B9%89%E0%B8%B2+%E0%B8%81%E0%B8%A3%E0%B8%B0+%E0%B9%80%E0%B8%A1%E0%B9%82%E0%B8%AA%E0%B8%AB%E0%B8%99%E0%B9%89%E0%B8%B2%E0%B9%83%E0%B8%AA+%E0%B8%A5%E0%B8%94%E0%B8%99%E0%B9%89%E0%B8%B3%E0%B8%AB%E0%B8%99%E0%B8%B1%E0%B8%81/data=!4m7!3m6!1s0x3054f762f8cb6e59:0xed36c75389df0634!8m2!3d9.533537!4d99.9357657!16s%2Fg%2F11h8bc1gc7!19sChIJWW7L-GL3VDARNAbfiVPHNu0?authuser=0&hl=en&rclk=1,4.5,8,,Doctor,ขวามือ ตรงข้ามแว่นท็อปเจริญ Nisa Clinic 246/5 ตลาด,Closed · Opens 10 am · +66 77 420 544,"Nisa SkinClinic ฟิวเลอร์ โบท็อก เลเซอร์ โรคผิวหนัง เลเซอร์ สิว ฝ้า กระ เมโสหน้าใส ลดน้ำหนัก
4.5(8)
Doctor · ขวามือ ตรงข้ามแว่นท็อปเจริญ Nisa Clinic 246/5 ตลาด
Closed · Opens 10 am · +66 77 420 544

Website

Directions",9.490486939482938,99.97229400597094
0x3054f0ad15070375:0x1d9ebfa1ed7c30cd,Family Dental Care Clinic,https://www.google.com/maps/place/Family+Dental+Care+Clinic/data=!4m7!3m6!1s0x3054f0ad15070375:0x1d9ebfa1ed7c30cd!8m2!3d9.5694918!4d99.9955986!16s%2Fg%2F11bv1mbnkn!19sChIJdQMHFa3wVDARzTB87aG_nh0?authuser=0&hl=en&rclk=1,4.6,45,,Doctor,HX9W+Q6X,Closed · Opens 9 am · +66 84 187 8768,"Family Dental Care Clinic
4.6(45)
Doctor · HX9W+Q6X
Closed · Opens 9 am · +66 84 187 8768

Website

Directions
 
""Every time I received treatment here, it was gentle and carefully done.""",9.490486939482938,99.97229400597094
0x3054f3746dc836d7:0x3451b1929d3f9eeb,Famcare lamai physiotherapy clinic แฟมแคร์ละไม คลินิกกายภาพบำบัด,https://www.google.com/maps/place/Famcare+lamai+physiotherapy+clinic+%E0%B9%81%E0%B8%9F%E0%B8%A1%E0%B9%81%E0%B8%84%E0%B8%A3%E0%B9%8C%E0%B8%A5%E0%B8%B0%E0%B9%84%E0%B8%A1+%E0%B8%84%E0%B8%A5%E0%B8%B4%E0%B8%99%E0%B8%B4%E0%B8%81%E0%B8%81%E0%B8%B2%E0%B8%A2%E0%B8%A0%E0%B8%B2%E0%B8%9E%E0%B8%9A%E0%B8%B3%E0%B8%9A%E0%B8%B1%E0%B8%94/data=!4m7!3m6!1s0x3054f3746dc836d7:0x3451b1929d3f9eeb!8m2!3d9.4712583!4d100.0520723!16s%2Fg%2F11v17zlc6p!19sChIJ1zbIbXTzVDAR654_nZKxUTQ?authuser=0&hl=en&rclk=1,5.0,60,,Physical therapy clinic,"มะเร็ต 13, 127",Closed · Opens 9 am · +66 80 049 0852,"Famcare lamai physiotherapy clinic แฟมแคร์ละไม คลินิกกายภาพบำบัด
5.0(60)
Physical therapy clinic · มะเร็ต 13, 127
Closed · Opens 9 am · +66 80 049 0852

Directions
 
""The therapist performed an examination and applied a great therapy.""",9.490486939482938,99.97229400597094
0x3054f85409dd259b:0x193a13ee255e8a7f,Dental Design Clinic Koh Samui-เด็นทัลดีไซน์คลินิกเกาะสมุย,https://www.google.com/maps/place/Dental+Design+Clinic+Koh+Samui-%E0%B9%80%E0%B8%94%E0%B9%87%E0%B8%99%E0%B8%97%E0%B8%B1%E0%B8%A5%E0%B8%94%E0%B8%B5%E0%B9%84%E0%B8%8B%E0%B8%99%E0%B9%8C%E0%B8%84%E0%B8%A5%E0%B8%B4%E0%B8%99%E0%B8%B4%E0%B8%81%E0%B9%80%E0%B8%81%E0%B8%B2%E0%B8%B0%E0%B8%AA%E0%B8%A1%E0%B8%B8%E0%B8%A2/data=!4m7!3m6!1s0x3054f85409dd259b:0x193a13ee255e8a7f!8m2!3d9.5651453!4d100.0128465!16s%2Fg%2F1pzpq3xlk!19sChIJmyXdCVT4VDARf4peJe4TOhk?authuser=0&hl=en&rclk=1,4.8,77,,Dental clinic,11/7 หมู่1 ตำบล แม่น้ำ,Closed · Opens 9 am · +66 61 249 0228,"Dental Design Clinic Koh Samui-เด็นทัลดีไซน์คลินิกเกาะสมุย
4.8(77)
Dental clinic · 11/7 หมู่1 ตำบล แม่น้ำ
Closed · Opens 9 am · +66 61 249 0228

Directions
 
""Fixed my chipped tooth swiftly and did a brilliant professional clean.""",9.490486939482938,99.97229400597094
0x3054f0a54de63a4b:0x2f7bfd59a24428ce,Baan Luck Fun Dental Clinic (Maenam),https://www.google.com/maps/place/Baan+Luck+Fun+Dental+Clinic+%28Maenam%29/data=!4m7!3m6!1s0x3054f0a54de63a4b:0x2f7bfd59a24428ce!8m2!3d9.5706519!4d99.9920105!16s%2Fg%2F1pzvzb3sl!19sChIJSzrmTaXwVDARzihEoln9ey8?authuser=0&hl=en&rclk=1,4.8,40,,Dental clinic,"12, 85",Closed · Opens 9 am · +66 88 758 2087,"Baan Luck Fun Dental Clinic (Maenam)
4.8(40)
Dental clinic · 12, 85
Closed · Opens 9 am · +66 88 758 2087

Website

Directions
 
""thank you, excellent service they fixed my broken tooth in 30 minutes :)""",9.490486939482938,99.97229400597094
0x3054f3a865f44345:0x49f87ef9b217da9c,Pen Clinic,https://www.google.com/maps/place/Pen+Clinic/data=!4m7!3m6!1s0x3054f3a865f44345:0x49f87ef9b217da9c!8m2!3d9.4747233!4d100.0377495!16s%2Fg%2F1pzvfgcx9!19sChIJRUP0ZajzVDARnNoXsvl--Ek?authuser=0&hl=en&rclk=1,5.0,3,,Walk-in clinic,44 8,Closed · Opens 9 am · +66 84 445 3401,"Pen Clinic
5.0(3)
Walk-in clinic · 44 8
Closed · Opens 9 am · +66 84 445 3401

Directions",9.490486939482938,99.97229400597094
0x3054f1be1649c741:0xcafa6fcb8c85eb68,Beauty Smile Dental Clinic (Chaweng 1),https://www.google.com/maps/place/Beauty+Smile+Dental+Clinic+%28Chaweng+1%29/data=!4m7!3m6!1s0x3054f1be1649c741:0xcafa6fcb8c85eb68!8m2!3d9.511736!4d100.054056!16s%2Fg%2F1pzpng5s4!19sChIJQcdJFr7xVDARaOuFjMtv-so?authuser=0&hl=en&rclk=1,4.2,43,,Walk-in clinic,"121/1 Moo3, Chaweng Beach Road, Tambon Bophut, Amphoe Kohsamui, Suratthani, 84320",Closed · Opens 9 am · +66 77 413 762,"Beauty Smile Dental Clinic (Chaweng 1)
4.2(43)
Walk-in clinic · 121/1 Moo3, Chaweng Beach Road, Tambon Bophut, Amphoe Kohsamui, Suratthani, 84320
Closed · Opens 9 am · +66 77 413 762

Directions
 
""Excellent service, swift, professional and clean would definitely recommend.""
 

Book online",9.490486939482938,99.97229400597094
0x3054f7a3e60613a7:0xf245f5a9605c64b0,Angthong Lab Medical Technology Clinics,https://www.google.com/maps/place/Angthong+Lab+Medical+Technology+Clinics/data=!4m7!3m6!1s0x3054f7a3e60613a7:0xf245f5a9605c64b0!8m2!3d9.5536084!4d99.94026!16s%2Fg%2F1pzwxfttb!19sChIJpxMG5qP3VDARsGRcYKn1RfI?authuser=0&hl=en&rclk=1,,0,,Walk-in clinic,"66/13Moo 1, Tambon Angthong, Amphoe Koh Samui, Suratthani, 84140",,"Angthong Lab Medical Technology Clinics
No reviews
Walk-in clinic · 66/13Moo 1, Tambon Angthong, Amphoe Koh Samui, Suratthani, 84140
+66 77 420 454

Directions",9.490486939482938,99.97229400597094
0x3054f1ae2c744679:0x272c7db5e8dee48b,Samui Animal Clinic,https://www.google.com/maps/place/Samui+Animal+Clinic/data=!4m7!3m6!1s0x3054f1ae2c744679:0x272c7db5e8dee48b!8m2!3d9.5252791!4d100.0467248!16s%2Fg%2F1hf4k8dbk!19sChIJeUZ0LK7xVDARi-Te6LV9LCc?authuser=0&hl=en&rclk=1,4.7,231,,Veterinarian,30 1,Closed · Opens 9:30 am · +66 81 986 7404,"Samui Animal Clinic
4.7(231)
Veterinarian · 30 1
Closed · Opens 9:30 am · +66 81 986 7404

Directions
 
""Superb caring and attentive service ...""",9.490486939482938,99.97229400597094
0x3054f0ae0d2fb617:0x82573b1835ae8611,Coco Smile Dental Clinic,https://www.google.com/maps/place/Coco+Smile+Dental+Clinic/data=!4m7!3m6!1s0x3054f0ae0d2fb617:0x82573b1835ae8611!8m2!3d9.5687615!4d99.9973929!16s%2Fg%2F11f4yzvr7j!19sChIJF7YvDa7wVDAREYauNRg7V4I?authuser=0&hl=en&rclk=1,4.4,15,,,,Closed · Opens 10 am · +66 99 095 5527,"Coco Smile Dental Clinic
4.4(15)
Dental clinic
Closed · Opens 10 am · +66 99 095 5527

Directions
 
""Got a next day appointment.""",9.490486939482938,99.97229400597094
0x3054f37d79ac8ef1:0xe6589642e233d4b6,ทนงศักดิ์คลินิกการพยาบาลและการผดุงครรภ์,https://www.google.com/maps/place/%E0%B8%97%E0%B8%99%E0%B8%87%E0%B8%A8%E0%B8%B1%E0%B8%81%E0%B8%94%E0%B8%B4%E0%B9%8C%E0%B8%84%E0%B8%A5%E0%B8%B4%E0%B8%99%E0%B8%B4%E0%B8%81%E0%B8%81%E0%B8%B2%E0%B8%A3%E0%B8%9E%E0%B8%A2%E0%B8%B2%E0%B8%9A%E0%B8%B2%E0%B8%A5%E0%B9%81%E0%B8%A5%E0%B8%B0%E0%B8%81%E0%B8%B2%E0%B8%A3%E0%B8%9C%E0%B8%94%E0%B8%B8%E0%B8%87%E0%B8%84%E0%B8%A3%E0%B8%A3%E0%B8%A0%E0%B9%8C/data=!4m7!3m6!1s0x3054f37d79ac8ef1:0xe6589642e233d4b6!8m2!3d9.4734369!4d100.0380653!16s%2Fg%2F11wbzhw_5w!19sChIJ8Y6seX3zVDARttQz4kKWWOY?authuser=0&hl=en&rclk=1,5.0,1,,Medical clinic,30 /1,Closed · Opens 5 pm · +66 83 594 8499,"ทนงศักดิ์คลินิกการพยาบาลและการผดุงครรภ์
5.0(1)
Medical clinic · 30 /1
Closed · Opens 5 pm · +66 83 594 8499

Directions",9.490486939482938,99.97229400597094
0x3054f1bdb120567d:0x3471c79c1705496d,S.P. Animal Clinic,https://www.google.com/maps/place/S.P.+Animal+Clinic/data=!4m7!3m6!1s0x3054f1bdb120567d:0x3471c79c1705496d!8m2!3d9.5131846!4d100.0510383!16s%2Fg%2F11c61jbq57!19sChIJfVYgsb3xVDARbUkFF5zHcTQ?authuser=0&hl=en&rclk=1,4.8,92,,Veterinarian, · 84/20,Closed · Opens 9:30 am · +66 77 413 313,"S.P. Animal Clinic
4.8(92)
Veterinarian ·  · 84/20
Closed · Opens 9:30 am · +66 77 413 313

Directions
 
""The veteran and her assistant are very kind and the price is reasonable.""",9.490486939482938,99.97229400597094
0x3054f745e7e451cf:0x8e6015fa752ab766,Meanam Veterinarian Clinic,https://www.google.com/maps/place/Meanam+Veterinarian+Clinic/data=!4m7!3m6!1s0x3054f745e7e451cf:0x8e6015fa752ab766!8m2!3d9.5678598!4d99.9988988!16s%2Fg%2F11g2ryf6tn!19sChIJz1Hk50X3VDARZrcqdfoVYI4?authuser=0&hl=en&rclk=1,4.7,101,,Veterinarian, · 80/8 ม.1 แม่น้ำ,Closed · Opens 9:30 am · +66 89 737 8782,"Meanam Veterinarian Clinic
4.7(101)
Veterinarian ·  · 80/8 ม.1 แม่น้ำ
Closed · Opens 9:30 am · +66 89 737 8782

Directions
 
""Great care and service and fair prices.""",9.490486939482938,99.97229400597094
0x3054f397a489e9b3:0x1a5ff7e11bd974ce,Smile plus dental clinic,https://www.google.com/maps/place/Smile+plus+dental+clinic/data=!4m7!3m6!1s0x3054f397a489e9b3:0x1a5ff7e11bd974ce!8m2!3d9.4643931!4d100.0400712!16s%2Fg%2F11sjlm7nd9!19sChIJs-mJpJfzVDARznTZG-H3Xxo?authuser=0&hl=en&rclk=1,4.2,52,,Dental clinic,39 ถ. ทวีราษฎร์ภักดี,Closed · Opens 10 am · +66 93 574 8274,"Smile plus dental clinic
4.2(52)
Dental clinic · 39 ถ. ทวีราษฎร์ภักดี
Closed · Opens 10 am · +66 93 574 8274

Directions
 
""It’s a clean, modern clinic with reasonable prices.""",9.490486939482938,99.97229400597094
0x3054f100441027a7:0x36a8916a6d6c0241,Dr.surasit clinic,https://www.google.com/maps/place/Dr.surasit+clinic/data=!4m7!3m6!1s0x3054f100441027a7:0x36a8916a6d6c0241!8m2!3d9.5652157!4d100.0097606!16s%2Fg%2F11x0zzt4mz!19sChIJpycQRADxVDARQQJsbWqRqDY?authuser=0&hl=en&rclk=1,5.0,2,,Medical clinic,40 3 ถ. ทวีราษฎร์ภักดี,Closed · Opens 4 pm · +66 81 271 6975,"Dr.surasit clinic
5.0(2)
Medical clinic · 40 3 ถ. ทวีราษฎร์ภักดี
Closed · Opens 4 pm · +66 81 271 6975

Directions
 
""Nice place to get a medical certificate for a driving license""",9.506280898867834,99.98249471295114
0x3054f15b2eca1179:0x71217f5506a41894,คลินิกหู คอ จมูก หมอพิชญนันท์ (Pitchayanan clinic),https://www.google.com/maps/place/%E0%B8%84%E0%B8%A5%E0%B8%B4%E0%B8%99%E0%B8%B4%E0%B8%81%E0%B8%AB%E0%B8%B9+%E0%B8%84%E0%B8%AD+%E0%B8%88%E0%B8%A1%E0%B8%B9%E0%B8%81+%E0%B8%AB%E0%B8%A1%E0%B8%AD%E0%B8%9E%E0%B8%B4%E0%B8%8A%E0%B8%8D%E0%B8%99%E0%B8%B1%E0%B8%99%E0%B8%97%E0%B9%8C+%28Pitchayanan+clinic%29/data=!4m7!3m6!1s0x3054f15b2eca1179:0x71217f5506a41894!8m2!3d9.5687761!4d99.997364!16s%2Fg%2F11jw4r91t2!19sChIJeRHKLlvxVDARlBikBlV_IXE?authuser=0&hl=en&rclk=1,3.8,4,,Otolaryngology clinic,168/8 ตำบล แม่น้ำ,Closed · Opens 5 pm · +66 64 782 3179,"คลินิกหู คอ จมูก หมอพิชญนันท์ (Pitchayanan clinic)
3.8(4)
Otolaryngology clinic · 168/8 ตำบล แม่น้ำ
Closed · Opens 5 pm · +66 64 782 3179

Directions
 
""Reasonable price, Good doctor, Experienced doctor""",9.506280898867834,99.98249471295114
0x3054f054115765cd:0xdcd0f8ffec8ac421,Samui Dental Home Clinic,https://www.google.com/maps/place/Samui+Dental+Home+Clinic/data=!4m7!3m6!1s0x3054f054115765cd:0xdcd0f8ffec8ac421!8m2!3d9.5412952!4d100.0400792!16s%2Fg%2F11ckqtxq3g!19sChIJzWVXEVTwVDARIcSK7P_40Nw?authuser=0&hl=en&rclk=1,4.3,198,,Dental clinic," · 115/42, 41 Bontji Moo 4",Closed · Opens 9 am · +66 86 712 9898,"Samui Dental Home Clinic
4.3(198)
Dental clinic ·  · 115/42, 41 Bontji Moo 4
Closed · Opens 9 am · +66 86 712 9898

Directions
 
""The treatment was surprisingly gentle, professional, and pain-free.""",9.506280898867834,99.98249471295114
0x3054f5744dbe0f85:0x64c47f8e20a788ee,The Proud Massage Clinic,https://www.google.com/maps/place/The+Proud+Massage+Clinic/data=!4m7!3m6!1s0x3054f5744dbe0f85:0x64c47f8e20a788ee!8m2!3d9.5672291!4d100.0008663!16s%2Fg%2F11vc2v310b!19sChIJhQ--TXT1VDAR7oinII5_xGQ?authuser=0&hl=en&rclk=1,5.0,34,,Reflexologist,68 ตลิ่งงาม 4 ตำบล แม่น้ำ,Closed · Opens 9 am · +66 94 969 5000,"The Proud Massage Clinic
5.0(34)
Reflexologist · 68 ตลิ่งงาม 4 ตำบล แม่น้ำ
Closed · Opens 9 am · +66 94 969 5000

Directions
 
""Noo,the owner is a highly skilled therapist..
University Trained.. .""",9.506280898867834,99.98249471295114
0x3054f04659c9d9af:0x1c7e6bdfdd0e1e50,M. A. Vet Clinic (เอ็มเอสัตวแพทย์),https://www.google.com/maps/place/M.+A.+Vet+Clinic+%28%E0%B9%80%E0%B8%AD%E0%B9%87%E0%B8%A1%E0%B9%80%E0%B8%AD%E0%B8%AA%E0%B8%B1%E0%B8%95%E0%B8%A7%E0%B9%81%E0%B8%9E%E0%B8%97%E0%B8%A2%E0%B9%8C%29/data=!4m7!3m6!1s0x3054f04659c9d9af:0x1c7e6bdfdd0e1e50!8m2!3d9.5413361!4d100.0401234!16s%2Fg%2F1q5gjp6by!19sChIJr9nJWUbwVDARUB4O3d9rfhw?authuser=0&hl=en&rclk=1,4.9,163,,Veterinarian,"115/109, หมู่ 6",Closed · Opens 9 am · +66 89 650 9387,"M. A. Vet Clinic (เอ็มเอสัตวแพทย์)
4.9(163)
Veterinarian · 115/109, หมู่ 6
Closed · Opens 9 am · +66 89 650 9387

Directions
 
""The pricing is very fair and never felt like anything was being overcharged.""",9.506280898867834,99.98249471295114
0x3054f11ae8946689:0x65228f68ae21b4d6,Charoensook Clinic,https://www.google.com/maps/place/Charoensook+Clinic/data=!4m7!3m6!1s0x3054f11ae8946689:0x65228f68ae21b4d6!8m2!3d9.5647548!4d100.062741!16s%2Fg%2F11v9w1lp22!19sChIJiWaU6BrxVDAR1rQhrmiPImU?authuser=0&hl=en&rclk=1,4.4,7,,Cannabis store,"Bangrak, 33 Sanam Bin Road",Closed · Opens 10 am,"Charoensook Clinic
4.4(7)
Cannabis store · Bangrak, 33 Sanam Bin Road
Closed · Opens 10 am

Website

Directions
 
""Clinical atmosphere.""",9.506280898867834,99.98249471295114
0x3054f1ae22f92843:0xd02196aad96ca4b3,Ying Clinic,https://www.google.com/maps/place/Ying+Clinic/data=!4m7!3m6!1s0x3054f1ae22f92843:0xd02196aad96ca4b3!8m2!3d9.526012!4d100.046619!16s%2Fg%2F1hf0j960w!19sChIJQyj5Iq7xVDARs6Rs2aqWIdA?authuser=0&hl=en&rclk=1,,0,,,,,"Ying Clinic
No reviews
G2GW+CJ5

Directions",9.506280898867834,99.98249471295114
0xa5a3ba483b63ff0b:0x4ac4045bd7addb09,Samui women and mom clinic คลินิกสูติหมอวิกันดา,https://www.google.com/maps/place/Samui+women+and+mom+clinic+%E0%B8%84%E0%B8%A5%E0%B8%B4%E0%B8%99%E0%B8%B4%E0%B8%81%E0%B8%AA%E0%B8%B9%E0%B8%95%E0%B8%B4%E0%B8%AB%E0%B8%A1%E0%B8%AD%E0%B8%A7%E0%B8%B4%E0%B8%81%E0%B8%B1%E0%B8%99%E0%B8%94%E0%B8%B2/data=!4m7!3m6!1s0xa5a3ba483b63ff0b:0x4ac4045bd7addb09!8m2!3d9.5653828!4d100.0134177!16s%2Fg%2F11t_q3zpsb!19sChIJC_9jO0i6o6URCdut11sExEo?authuser=0&hl=en&rclk=1,4.3,16,,STD clinic,9 175 หมู่1 ตำบล แม่น้ำ,Closed · +66 97 473 0157,"Samui women and mom clinic คลินิกสูติหมอวิกันดา
4.3(16)
STD clinic · 9 175 หมู่1 ตำบล แม่น้ำ
Closed · +66 97 473 0157

Directions
 
""Highly recommend the service and Doctor.""",9.506280898867834,99.98249471295114
0x3054f1ae3d402ee3:0xc21610626de34507,Ban Rak Fan Dental Clinic,https://www.google.com/maps/place/Ban+Rak+Fan+Dental+Clinic/data=!4m7!3m6!1s0x3054f1ae3d402ee3:0xc21610626de34507!8m2!3d9.526055!4d100.046576!16s%2Fg%2F1wy6yyc2!19sChIJ4y5APa7xVDARB0XjbWIQFsI?authuser=0&hl=en&rclk=1,3.0,2,,Medical clinic,G2GW+CJG,,"Ban Rak Fan Dental Clinic
3.0(2)
Medical clinic · G2GW+CJG

Directions",9.506280898867834,99.98249471295114
0x3054f1052fe64571:0x9cd3cdfb4ff4ed16,Dental solutions by Bangkok hospital,https://www.google.com/maps/place/Dental+solutions+by+Bangkok+hospital/data=!4m7!3m6!1s0x3054f1052fe64571:0x9cd3cdfb4ff4ed16!8m2!3d9.5140326!4d100.0501829!16s%2Fg%2F11s1s5z6m7!19sChIJcUXmLwXxVDARFu30T_vN05w?authuser=0&hl=en&rclk=1,2.7,15,,Dental clinic,"57 Moo 3, Taweerat Phadee, Chaweng Beach Rd",Closed · Opens 9 am · +66 81 753 7873,"Dental solutions by Bangkok hospital
2.7(15)
Dental clinic · 57 Moo 3, Taweerat Phadee, Chaweng Beach Rd
Closed · Opens 9 am · +66 81 753 7873

Directions
 
""First of all, I was able to get an appointment at very short notice.""
 

Book online",9.506280898867834,99.98249471295114
0x3054f753719b30df:0xca59c8e6b512882f,Phani Midwifery Clinic,https://www.google.com/maps/place/Phani+Midwifery+Clinic/data=!4m7!3m6!1s0x3054f753719b30df:0xca59c8e6b512882f!8m2!3d9.572146!4d99.988983!16s%2Fg%2F1hd_936zg!19sChIJ3zCbcVP3VDARL4gStebIWco?authuser=0&hl=en&rclk=1,,0,,Medical clinic,HXCQ+VH5,,"Phani Midwifery Clinic
No reviews
Medical clinic · HXCQ+VH5

Directions",9.506280898867834,99.98249471295114
0x3054f0a54da03cef:0xa9eb287edfcfa467,Manusri Nursing and Midwife Clinic,https://www.google.com/maps/place/Manusri+Nursing+and+Midwife+Clinic/data=!4m7!3m6!1s0x3054f0a54da03cef:0xa9eb287edfcfa467!8m2!3d9.567405!4d100.003198!16s%2Fg%2F1pzry7vf5!19sChIJ7zygTaXwVDARZ6TP334o66k?authuser=0&hl=en&rclk=1,,0,,Walk-in clinic,"60, Moo 3, Tambon Maenam, Amphoe Koh Samui, Suratthani, 84330",,"Manusri Nursing and Midwife Clinic
No reviews
Walk-in clinic · 60, Moo 3, Tambon Maenam, Amphoe Koh Samui, Suratthani, 84330
+66 77 425 173

Directions",9.506280898867834,99.98249471295114
0x3054f3daaa9f8c01:0xd3781ceae48a88d2,Lamai Dental Care Dental Clinic.,https://www.google.com/maps/place/Lamai+Dental+Care+Dental+Clinic./data=!4m7!3m6!1s0x3054f3daaa9f8c01:0xd3781ceae48a88d2!8m2!3d9.4723004!4d100.0465358!16s%2Fg%2F1pzpl9vdd!19sChIJAYyfqtrzVDAR0oiK5OoceNM?authuser=0&hl=en&rclk=1,4.4,52,,Dental clinic,"132/3 Moo 4, Tumbon",Closed · Opens 8:30 am · +66 77 961 985,"Lamai Dental Care Dental Clinic.
4.4(52)
Dental clinic · 132/3 Moo 4, Tumbon
Closed · Opens 8:30 am · +66 77 961 985

Directions
 
""Took 10 minutes and was a pain free experience.""",9.506280898867834,99.98249471295114
0x3054f1acc15ba7a1:0x6a22dd2afd7d8525,เด็นทัลจอยคลีนิก (Dental joy clinic),https://www.google.com/maps/place/%E0%B9%80%E0%B8%94%E0%B9%87%E0%B8%99%E0%B8%97%E0%B8%B1%E0%B8%A5%E0%B8%88%E0%B8%AD%E0%B8%A2%E0%B8%84%E0%B8%A5%E0%B8%B5%E0%B8%99%E0%B8%B4%E0%B8%81+%28Dental+joy+clinic%29/data=!4m7!3m6!1s0x3054f1acc15ba7a1:0x6a22dd2afd7d8525!8m2!3d9.5320295!4d100.0432312!16s%2Fg%2F11bw47chv9!19sChIJoadbwazxVDARJYV9_SrdImo?authuser=0&hl=en&rclk=1,5.0,1,,Doctor,"G2JV+R79, 4169",,"เด็นทัลจอยคลีนิก (Dental joy clinic)
5.0(1)
Doctor · G2JV+R79, 4169
+66 77 960 165

Directions",9.506280898867834,99.98249471295114
0x3054f24d9d6c8a61:0x5d4a2a782cfd232a,ละไมสัตวแพทย์ Lamai Pet Clinic,https://www.google.com/maps/place/%E0%B8%A5%E0%B8%B0%E0%B9%84%E0%B8%A1%E0%B8%AA%E0%B8%B1%E0%B8%95%E0%B8%A7%E0%B9%81%E0%B8%9E%E0%B8%97%E0%B8%A2%E0%B9%8C+Lamai+Pet+Clinic/data=!4m7!3m6!1s0x3054f24d9d6c8a61:0x5d4a2a782cfd232a!8m2!3d9.4573116!4d100.0387829!16s%2Fg%2F11bwf8qjzg!19sChIJYYpsnU3yVDARKiP9LHgqSl0?authuser=0&hl=en&rclk=1,4.6,114,,Veterinarian,"127, 122-123 Main Road",Closed · Opens 9 am · +66 77 601 615,"ละไมสัตวแพทย์ Lamai Pet Clinic
4.6(114)
Veterinarian · 127, 122-123 Main Road
Closed · Opens 9 am · +66 77 601 615

Directions
 
""Great doctors and good service, always polite and willing to help.""",9.506280898867834,99.98249471295114
0x3054f0f7218ddb3b:0x3551be1ade278f0f,Sri Phala Clinic,https://www.google.com/maps/place/Sri+Phala+Clinic/data=!4m7!3m6!1s0x3054f0f7218ddb3b:0x3551be1ade278f0f!8m2!3d9.5309594!4d100.0626496!16s%2Fg%2F11cs2x2klk!19sChIJO9uNIffwVDARD48n3hq-UTU?authuser=0&hl=en&rclk=1,5.0,2,,Hospital, · 166 56 ม.1,,"Sri Phala Clinic
5.0(2)
Hospital ·  · 166 56 ม.1

Directions",9.497412169335071,99.97775910764386
0x3054f143df0b7135:0x5b75d8d628bb58e9,มิดไนท์ เฮลท์ คลินิก Midnight Health Clinic Bangrak,https://www.google.com/maps/place/%E0%B8%A1%E0%B8%B4%E0%B8%94%E0%B9%84%E0%B8%99%E0%B8%97%E0%B9%8C+%E0%B9%80%E0%B8%AE%E0%B8%A5%E0%B8%97%E0%B9%8C+%E0%B8%84%E0%B8%A5%E0%B8%B4%E0%B8%99%E0%B8%B4%E0%B8%81+Midnight+Health+Clinic+Bangrak/data=!4m7!3m6!1s0x3054f143df0b7135:0x5b75d8d628bb58e9!8m2!3d9.5544847!4d100.0526517!16s%2Fg%2F11whh28b2d!19sChIJNXEL30PxVDAR6Vi7KNbYdVs?authuser=0&hl=en&rclk=1,5.0,2,,Medical office,11 103,Closed · Opens 8 am · +66 66 142 9529,"มิดไนท์ เฮลท์ คลินิก Midnight Health Clinic Bangrak
5.0(2)
Medical office · 11 103
Closed · Opens 8 am · +66 66 142 9529

Website

Directions
 
On-site services",9.514134182088805,99.97811727736995
0x3054f061ef90aaed:0xd09243a1214ce121,Chahweng Nursing and Midwife Clinic,https://www.google.com/maps/place/Chahweng+Nursing+and+Midwife+Clinic/data=!4m7!3m6!1s0x3054f061ef90aaed:0xd09243a1214ce121!8m2!3d9.559949!4d100.0367305!16s%2Fg%2F1pzpl9vdb!19sChIJ7aqQ72HwVDARIeFMIaFDktA?authuser=0&hl=en&rclk=1,5.0,1,,Walk-in clinic,"59/13, Moo6, Tambon Bo Phut, Amphoe Koh Samui, Suratthani, 84140",,"Chahweng Nursing and Midwife Clinic
5.0(1)
Walk-in clinic · 59/13, Moo6, Tambon Bo Phut, Amphoe Koh Samui, Suratthani, 84140
+66 87 268 6490

Directions",9.514134182088805,99.97811727736995
0x3054f11adb97d81b:0x72cb43ddda033c6e,Get Health Clinic (GP) Stay Healthy Stay Happy,https://www.google.com/maps/place/Get+Health+Clinic+%28GP%29+Stay+Healthy+Stay+Happy/data=!4m7!3m6!1s0x3054f11adb97d81b:0x72cb43ddda033c6e!8m2!3d9.534182!4d100.0629854!16s%2Fg%2F11md4v32r6!19sChIJG9iX2xrxVDARbjwD2t1Dy3I?authuser=0&hl=en&rclk=1,4.4,7,,Oriental medicine clinic,171 19 ตำบล บ่อผุด,Closed · Opens 11 am · +66 91 994 1991,"Get Health Clinic (GP) Stay Healthy Stay Happy
4.4(7)
Oriental medicine clinic · 171 19 ตำบล บ่อผุด
Closed · Opens 11 am · +66 91 994 1991

Website

Directions
 
""Very kind, answered all my questions well and was helpful""",9.514134182088805,99.97811727736995
0x3054f7a1557154bf:0x7961476397e63837,Nanthawan Dental Clinic.,https://www.google.com/maps/place/Nanthawan+Dental+Clinic./data=!4m7!3m6!1s0x3054f7a1557154bf:0x7961476397e63837!8m2!3d9.5526897!4d99.940984!16s%2Fg%2F1pzy3zkvk!19sChIJv1RxVaH3VDARNzjml2NHYXk?authuser=0&hl=en&rclk=1,4.7,3,,Dental clinic,"72/1 Moo 3, Tumbon Ang Thong, Amphoe Ko Samui, Surat Thani, 84140",,"Nanthawan Dental Clinic.
4.7(3)
Dental clinic · 72/1 Moo 3, Tumbon Ang Thong, Amphoe Ko Samui, Surat Thani, 84140
+66 77 421 297

Directions",9.51701311577481,99.97458883559945
0x3054f0647d5717d7:0xc49f7269e48c9a26,Supenchan Nursing and Midwife Clinic,https://www.google.com/maps/place/Supenchan+Nursing+and+Midwife+Clinic/data=!4m7!3m6!1s0x3054f0647d5717d7:0xc49f7269e48c9a26!8m2!3d9.5633346!4d100.0422236!16s%2Fg%2F1pzqr5pl8!19sChIJ1xdXfWTwVDARJpqM5Glyn8Q?authuser=0&hl=en&rclk=1,,0,,Walk-in clinic,"72/1, Moo 5, Tambon Bo Phut, Amphoe Koh Samui, Suratthani, 84140",,"Supenchan Nursing and Midwife Clinic
No reviews
Walk-in clinic · 72/1, Moo 5, Tambon Bo Phut, Amphoe Koh Samui, Suratthani, 84140
+66 77 425 156

Directions",9.51701311577481,99.97458883559945
0x3054f7bc02b94995:0xc5a99e459a3c0468,Veterinarian clinic (Dr.Choet),https://www.google.com/maps/place/Veterinarian+clinic+%28Dr.Choet%29/data=!4m7!3m6!1s0x3054f7bc02b94995:0xc5a99e459a3c0468!8m2!3d9.5534839!4d99.929815!16s%2Fg%2F11gmyvtwtx!19sChIJlUm5Arz3VDARaAQ8mkWeqcU?authuser=0&hl=en&rclk=1,4.3,6,,,,Closed · Opens 4 pm · +66 81 892 5099,"Veterinarian clinic (Dr.Choet)
4.3(6)
Veterinary care
Closed · Opens 4 pm · +66 81 892 5099

Directions",9.51701311577481,99.97458883559945
0x3054f00d8ea2c911:0xc81fde806d9b7e48,บ้านหมาริมเล Baanmharimlay Clinic and Grooming ( Bangruk ),https://www.google.com/maps/place/%E0%B8%9A%E0%B9%89%E0%B8%B2%E0%B8%99%E0%B8%AB%E0%B8%A1%E0%B8%B2%E0%B8%A3%E0%B8%B4%E0%B8%A1%E0%B9%80%E0%B8%A5+Baanmharimlay+Clinic+and+Grooming+%28+Bangruk+%29/data=!4m7!3m6!1s0x3054f00d8ea2c911:0xc81fde806d9b7e48!8m2!3d9.565925!4d100.0621541!16s%2Fg%2F11bx1skn61!19sChIJEcmijg3wVDARSH6bbYDeH8g?authuser=0&hl=en&rclk=1,4.6,124,,,,Closed · Opens 8 am · +66 85 882 2334,"บ้านหมาริมเล Baanmharimlay Clinic and Grooming ( Bangruk )
4.6(124)
Animal hospital
Closed · Opens 8 am · +66 85 882 2334

Directions
 
""The clinic is very clean and well-organized.""",9.51701311577481,99.97458883559945
0x3054f0615c5a52d9:0xbf75e87db6432e4e,Dental Joy Clinic.,https://www.google.com/maps/place/Dental+Joy+Clinic./data=!4m7!3m6!1s0x3054f0615c5a52d9:0xbf75e87db6432e4e!8m2!3d9.560173!4d100.040391!16s%2Fg%2F1pzsd9gk2!19sChIJ2VJaXGHwVDARTi5Dtn3odb8?authuser=0&hl=en&rclk=1,,0,,Dental clinic,"8/15 Moo 6, Tambon Bo Phut, Amphoe Ko Samui, Surat Thani, 84320",,"Dental Joy Clinic.
No reviews
Dental clinic · 8/15 Moo 6, Tambon Bo Phut, Amphoe Ko Samui, Surat Thani, 84320
+66 77 960 165

Directions",9.51701311577481,99.97458883559945
0x45bb9c66bca1328b:0x1481973eb161888,Chanvejsamui Since 1922 จันทร์เวชเกษมสหคลินิก สาขาเกาะสมุย,https://www.google.com/maps/place/Chanvejsamui+Since+1922+%E0%B8%88%E0%B8%B1%E0%B8%99%E0%B8%97%E0%B8%A3%E0%B9%8C%E0%B9%80%E0%B8%A7%E0%B8%8A%E0%B9%80%E0%B8%81%E0%B8%A9%E0%B8%A1%E0%B8%AA%E0%B8%AB%E0%B8%84%E0%B8%A5%E0%B8%B4%E0%B8%99%E0%B8%B4%E0%B8%81+%E0%B8%AA%E0%B8%B2%E0%B8%82%E0%B8%B2%E0%B9%80%E0%B8%81%E0%B8%B2%E0%B8%B0%E0%B8%AA%E0%B8%A1%E0%B8%B8%E0%B8%A2/data=!4m7!3m6!1s0x45bb9c66bca1328b:0x1481973eb161888!8m2!3d9.5174987!4d99.9447682!16s%2Fg%2F11yz9d0_z2!19sChIJizKhvGacu0URiBgW63MZSAE?authuser=0&hl=en&rclk=1,5.0,7,,Chinese Medicine Clinic,"70, 24 หมู่ 2 ถ. ทวีราษฎร์ภักดี",Closed · Opens 9 am · +66 98 985 5280,"Chanvejsamui Since 1922 จันทร์เวชเกษมสหคลินิก สาขาเกาะสมุย
5.0(7)
Chinese Medicine Clinic · 70, 24 หมู่ 2 ถ. ทวีราษฎร์ภักดี
Closed · Opens 9 am · +66 98 985 5280

Website

Directions
 
""I had a headache and came here for treatment twice, and I felt much better.""",9.519498869382499,99.96137679515083
0x3054f10007ca2f2d:0x53ed2d4389f0276a,The Peak Clinique Koh Samui,https://www.google.com/maps/place/The+Peak+Clinique+Koh+Samui/data=!4m7!3m6!1s0x3054f10007ca2f2d:0x53ed2d4389f0276a!8m2!3d9.5431706!4d100.0436681!16s%2Fg%2F11xyg5pqnm!19sChIJLS_KBwDxVDARaifwiUMt7VM?authuser=0&hl=en&rclk=1,5.0,9,,Clinic,"G2VV+6CQ โรงพยาบาลบ้านดอน, ซอย",Closed · Opens 12 pm · +66 62 153 5049,"The Peak Clinique Koh Samui
5.0(9)
Clinic · G2VV+6CQ โรงพยาบาลบ้านดอน, ซอย
Closed · Opens 12 pm · +66 62 153 5049

Website

Directions",9.519782463575284,99.96594709842553
0x30544f56ad1ac27d:0x112c73b551981ad6,คลินิกหมอบุญกุล,https://www.google.com/maps/place/%E0%B8%84%E0%B8%A5%E0%B8%B4%E0%B8%99%E0%B8%B4%E0%B8%81%E0%B8%AB%E0%B8%A1%E0%B8%AD%E0%B8%9A%E0%B8%B8%E0%B8%8D%E0%B8%81%E0%B8%B8%E0%B8%A5/data=!4m7!3m6!1s0x30544f56ad1ac27d:0x112c73b551981ad6!8m2!3d9.5198225!4d99.9372948!16s%2Fg%2F11s1prkcrr!19sChIJfcIarVZPVDAR1hqYUbVzLBE?authuser=0&hl=en&rclk=1,4.2,5,,Mental Health Services, · 38/20 หมู่ที่1 อ่างทอง,Closed · Opens 5 pm · +66 82 495 1793,"คลินิกหมอบุญกุล
4.2(5)
Mental Health Services ·  · 38/20 หมู่ที่1 อ่างทอง
Closed · Opens 5 pm · +66 82 495 1793

Directions",9.515683121491454,99.9531551201596
0x75f50b75c15997:0x644144d871241c6,คลินิกกระดูกและข้อ By หมอกฤษ,https://www.google.com/maps/place/%E0%B8%84%E0%B8%A5%E0%B8%B4%E0%B8%99%E0%B8%B4%E0%B8%81%E0%B8%81%E0%B8%A3%E0%B8%B0%E0%B8%94%E0%B8%B9%E0%B8%81%E0%B9%81%E0%B8%A5%E0%B8%B0%E0%B8%82%E0%B9%89%E0%B8%AD+By+%E0%B8%AB%E0%B8%A1%E0%B8%AD%E0%B8%81%E0%B8%A4%E0%B8%A9/data=!4m7!3m6!1s0x75f50b75c15997:0x644144d871241c6!8m2!3d9.501087!4d100.0014125!16s%2Fg%2F11vdtn2zds!19sChIJl1nBdQv1dQARxkESh00URAY?authuser=0&hl=en&rclk=1,5.0,1,,,,Closed · Opens 9:30 am · +66 83 248 1238,"คลินิกกระดูกและข้อ By หมอกฤษ
5.0(1)
Orthopedic clinic
Closed · Opens 9:30 am · +66 83 248 1238

Directions",9.515683121491454,99.9531551201596
0x3054f1894ab25777:0x3984404bc35feca1,Smile station bophut dental clinic,https://www.google.com/maps/place/Smile+station+bophut+dental+clinic/data=!4m7!3m6!1s0x3054f1894ab25777:0x3984404bc35feca1!8m2!3d9.552461!4d100.0341822!16s%2Fg%2F11h07fvtp5!19sChIJd1eySonxVDARoexfw0tAhDk?authuser=0&hl=en&rclk=1,3.7,43,,Dentist,119/4 ถ. ทวีราษฎร์ภักดี,Closed · Opens 11 am · +66 82 757 0398,"Smile station bophut dental clinic
3.7(43)
Dentist · 119/4 ถ. ทวีราษฎร์ภักดี
Closed · Opens 11 am · +66 82 757 0398

Directions
 
""Absolutely professional service, state-of-the art equipment.""",9.515683121491454,99.9531551201596
0x3054f1c9d6d16fe3:0x3b3819db2375d770,SmileWorks dental clinic,https://www.google.com/maps/place/SmileWorks+dental+clinic/data=!4m7!3m6!1s0x3054f1c9d6d16fe3:0x3b3819db2375d770!8m2!3d9.5353381!4d100.0418699!16s%2Fg%2F1tq_yysq!19sChIJ42_R1snxVDARcNd1I9sZODs?authuser=0&hl=en&rclk=1,4.5,18,,Dental clinic,G2PR+4PQ,Closed · Opens 8:30 am · +66 77 447 519,"SmileWorks dental clinic
4.5(18)
Dental clinic · G2PR+4PQ
Closed · Opens 8:30 am · +66 77 447 519

Directions
 
""They took an X-ray and provided an approximate cost.""",9.515683121491454,99.9531551201596
0x8b123a396406eee1:0x9056b8aeb1fe97c0,Orthopedic surgery clinic,https://www.google.com/maps/place/Orthopedic+surgery+clinic/data=!4m7!3m6!1s0x8b123a396406eee1:0x9056b8aeb1fe97c0!8m2!3d9.5509808!4d99.8703946!16s%2Fg%2F11tssn93z9!19sChIJ4e4GZDk6EosRwJf-sa64VpA?authuser=0&hl=en&rclk=1,,0,,,,Closed · Opens 4 pm · +66 77 421 299,"Orthopedic surgery clinic
No reviews
Surgical center
Closed · Opens 4 pm · +66 77 421 299

Directions",9.515683121491454,99.9531551201596
0x3054f681b413aa1f:0x431c8504a0b199b0,Li PA Noi Sub District Promote Health Hospital,https://www.google.com/maps/place/Li+PA+Noi+Sub+District+Promote+Health+Hospital/data=!4m7!3m6!1s0x3054f681b413aa1f:0x431c8504a0b199b0!8m2!3d9.4934177!4d99.9495424!16s%2Fg%2F11b696hq2l!19sChIJH6oTtIH2VDARsJmxoASFHEM?authuser=0&hl=en&rclk=1,3.7,3,,Hospital," · Lipa Noi, Ko Samui, Surat Thani, 4169 ลิปะน้อย 4169",Closed · Opens 8:30 am · +66 77 423 242,"Li PA Noi Sub District Promote Health Hospital
3.7(3)
Hospital ·  · Lipa Noi, Ko Samui, Surat Thani, 4169 ลิปะน้อย 4169
Closed · Opens 8:30 am · +66 77 423 242

Directions",9.499541743539382,99.94667539742699
0x3054f557387b376f:0x208d6f6bce01195a,Piyapon Optical Samui,https://www.google.com/maps/place/Piyapon+Optical+Samui/data=!4m7!3m6!1s0x3054f557387b376f:0x208d6f6bce01195a!8m2!3d9.4825443!4d99.9541909!16s%2Fg%2F11g3h1k5dk!19sChIJbzd7OFf1VDARWhkBzmtvjSA?authuser=0&hl=en&rclk=1,5.0,126,,Optician,177/11 M.1,Closed · Opens 9 am · +66 89 909 9187,"Piyapon Optical Samui
5.0(126)
Optician · 177/11 M.1
Closed · Opens 9 am · +66 89 909 9187

Website

Directions
 
""Excellent service — a pleasant and knowledgeable professional.""",9.487916878508544,99.9531551201596
0x3054f3f83f6b9b09:0x62a0a41241cd1834,NAPAPAI,https://www.google.com/maps/place/NAPAPAI/data=!4m7!3m6!1s0x3054f3f83f6b9b09:0x62a0a41241cd1834!8m2!3d9.4433415!4d100.0186955!16s%2Fg%2F11gh9f_29g!19sChIJCZtrP_jzVDARNBjNQRKkoGI?authuser=0&hl=en&rclk=1,4.9,31,,Physical Therapy Clinic, · 100,Closed · Opens 10 am · +66 86 456 5462,"NAPAPAI
4.9(31)
Physical Therapy Clinic ·  · 100
Closed · Opens 10 am · +66 86 456 5462

Website

Directions
 
""I had lower back pain and in one session, it was gone.""",9.486586884225188,99.97458883559945
0x3054f30bab201f0f:0x8cf0e61308d22790,Sweet Skin by Sam,https://www.google.com/maps/place/Sweet+Skin+by+Sam/data=!4m7!3m6!1s0x3054f30bab201f0f:0x8cf0e61308d22790!8m2!3d9.4444742!4d100.0242886!16s%2Fg%2F11mlt9vhtt!19sChIJDx8gqwvzVDARkCfSCBPm8Iw?authuser=0&hl=en&rclk=1,5.0,17,,Facial spa,194/1,Closed · Opens 9 am · +66 81 836 2092,"Sweet Skin by Sam
5.0(17)
Facial spa · 194/1
Closed · Opens 9 am · +66 81 836 2092

Website

Directions
 
""From the moment I walked in, Sam made me feel so comfortable and cared for.""",9.486586884225188,99.97458883559945
0x3054f3a6c27b3d5f:0x6b9179dda2df005f,Smile station lamai dental clinic,https://www.google.com/maps/place/Smile+station+lamai+dental+clinic/data=!4m7!3m6!1s0x3054f3a6c27b3d5f:0x6b9179dda2df005f!8m2!3d9.472645!4d100.0447931!16s%2Fg%2F11lcb3pvrh!19sChIJXz17wqbzVDARXwDfot15kWs?authuser=0&hl=en&rclk=1,2.6,9,,Orthotics & prosthetics service,131/6,Closed · Opens 10 am · +66 87 417 8334,"Smile station lamai dental clinic
2.6(9)
Orthotics & prosthetics service · 131/6
Closed · Opens 10 am · +66 87 417 8334

Directions
 
""They did an X-ray, cleaned the canals for a small child.""",9.486586884225188,99.97458883559945
0x3054f308f79f1fe9:0x50b939003c00861e,Suchada Nursing and Midwifery Clinic,https://www.google.com/maps/place/Suchada+Nursing+and+Midwifery+Clinic/data=!4m7!3m6!1s0x3054f308f79f1fe9:0x50b939003c00861e!8m2!3d9.443014!4d100.022758!16s%2Fg%2F1hdz8g9rh!19sChIJ6R-f9wjzVDARHoYAPAA5uVA?authuser=0&hl=en&rclk=1,,0,,,,,"Suchada Nursing and Midwifery Clinic
No reviews
C2VF+642

Directions",9.486586884225188,99.97458883559945
0x3054f1364431f085:0xb99eaa706e4c715e,Fluffy Home Pet Clinic,https://www.google.com/maps/place/Fluffy+Home+Pet+Clinic/data=!4m7!3m6!1s0x3054f1364431f085:0xb99eaa706e4c715e!8m2!3d9.5237561!4d100.0469417!16s%2Fg%2F11xw86mbgr!19sChIJhfAxRDbxVDARXnFMbnCqnrk?authuser=0&hl=en&rclk=1,5.0,4,,Veterinarian,59 152,Closed · Opens 6 pm · +66 98 265 2851,"Fluffy Home Pet Clinic
5.0(4)
Veterinarian · 59 152
Closed · Opens 6 pm · +66 98 265 2851

Directions
 
""Super friendly doctor and so nice :) she cared so good for my dog puppy.""",9.486586884225188,99.97458883559945
0x3054f3e3c50c898b:0xe68cf790aaf6f50a,ทันตกรมศิรินาถเปลี่ยนชื่อเป็นsmile plus dental clinic,https://www.google.com/maps/place/%E0%B8%97%E0%B8%B1%E0%B8%99%E0%B8%95%E0%B8%81%E0%B8%A3%E0%B8%A1%E0%B8%A8%E0%B8%B4%E0%B8%A3%E0%B8%B4%E0%B8%99%E0%B8%B2%E0%B8%96%E0%B9%80%E0%B8%9B%E0%B8%A5%E0%B8%B5%E0%B9%88%E0%B8%A2%E0%B8%99%E0%B8%8A%E0%B8%B7%E0%B9%88%E0%B8%AD%E0%B9%80%E0%B8%9B%E0%B9%87%E0%B8%99smile+plus+dental+clinic/data=!4m7!3m6!1s0x3054f3e3c50c898b:0xe68cf790aaf6f50a!8m2!3d9.4641665!4d100.0400772!16s%2Fg%2F11l5qlvyt_!19sChIJi4kMxePzVDARCvX2qpD3jOY?authuser=0&hl=en&rclk=1,3.7,6,,Dental clinic,83 89ม.3,Closed · Opens 10 am · +66 93 574 8274,"ทันตกรมศิรินาถเปลี่ยนชื่อเป็นsmile plus dental clinic
3.7(6)
Dental clinic · 83 89ม.3
Closed · Opens 10 am · +66 93 574 8274

Directions
 
""Fast, efficient, friendly nurses and doctor.""",9.486586884225188,99.97458883559945
0x3054f0537078d511:0x3848612e18539770,Thai International Hospital,https://www.google.com/maps/place/Thai+International+Hospital/data=!4m7!3m6!1s0x3054f0537078d511:0x3848612e18539770!8m2!3d9.5352025!4d100.0426425!16s%2Fg%2F1tlk3yg1!19sChIJEdV4cFPwVDARcJdTGC5hSDg?authuser=0&hl=en&rclk=1,4.4,563,,Hospital, · 25/25,Open 24 hours · +66 77 332 654,"Thai International Hospital
4.4(563)
Hospital ·  · 25/25
Open 24 hours · +66 77 332 654

Directions
 
""They didn't charge me anything - shows patient care is highest priority.""",9.506333750452447,99.98716836989469
0x3054f7a3e394aba1:0x86ba3a4d078a5cf4,Withun Medical Clinic,https://www.google.com/maps/place/Withun+Medical+Clinic/data=!4m7!3m6!1s0x3054f7a3e394aba1:0x86ba3a4d078a5cf4!8m2!3d9.5534931!4d99.9406368!16s%2Fg%2F1pzxfkrd5!19sChIJoauU46P3VDAR9FyKB006uoY?authuser=0&hl=en&rclk=1,5.0,1,,Walk-in clinic,"240, Moo3, Tambon Ang Thong, Amphoe Koh Samui, Surat Thani, 84140",,"Withun Medical Clinic
5.0(1)
Walk-in clinic · 240, Moo3, Tambon Ang Thong, Amphoe Koh Samui, Surat Thani, 84140
+66 77 420 328

Directions",9.519610264345443,99.9508220576669
0x3054f644cdfc6899:0xbe0ded7f59ad53cf,Ko Samui Hospital,https://www.google.com/maps/place/Ko+Samui+Hospital/data=!4m7!3m6!1s0x3054f644cdfc6899:0xbe0ded7f59ad53cf!8m2!3d9.5218263!4d99.935496!16s%2Fg%2F1tfh6zgx!19sChIJmWj8zUT2VDARz1OtWX_tDb4?authuser=0&hl=en&rclk=1,3.1,237,,Doctor, · 61,Open 24 hours · +66 77 913 200,"Ko Samui Hospital
3.1(237)
Doctor ·  · 61
Open 24 hours · +66 77 913 200

Website

Directions
 
""They saved my son’s life, and for that, I am incredibly grateful.""",9.51273022438133,99.94483357763512
0x3054f7a3f8587701:0x647002d4d154bcb0,Phisanu Clinical Medicine,https://www.google.com/maps/place/Phisanu+Clinical+Medicine/data=!4m7!3m6!1s0x3054f7a3f8587701:0x647002d4d154bcb0!8m2!3d9.552678!4d99.940395!16s%2Fg%2F1pzr5g_xv!19sChIJAXdY-KP3VDARsLxU0dQCcGQ?authuser=0&hl=en&rclk=1,,0,,Walk-in clinic,"152/12, Moo3, Tambon Ang Thong, Amphoe Koh Samui, Surat Thani, 84140",,"Phisanu Clinical Medicine
No reviews
Walk-in clinic · 152/12, Moo3, Tambon Ang Thong, Amphoe Koh Samui, Surat Thani, 84140
+66 77 421 065

Directions",9.516470551412661,99.94747313572131
0x3054f7a3f9c1d949:0x303460dc1f251836,Wiwat Physician clinical,https://www.google.com/maps/place/Wiwat+Physician+clinical/data=!4m7!3m6!1s0x3054f7a3f9c1d949:0x303460dc1f251836!8m2!3d9.552816!4d99.9402935!16s%2Fg%2F1pzs12gf6!19sChIJSdnB-aP3VDARNhglH9xgNDA?authuser=0&hl=en&rclk=1,,0,,Walk-in clinic,"234/2, Moo3, Tambon Ang Thong, Amphoe Koh Samui, Surat Thani, 84140",,"Wiwat Physician clinical
No reviews
Walk-in clinic · 234/2, Moo3, Tambon Ang Thong, Amphoe Koh Samui, Surat Thani, 84140
+66 77 421 086

Directions",9.516470551412661,99.94747313572131
0x3054f3a86ac09ce9:0x1c2287ecb5b51fc8,Prajak Clinical Medicine,https://www.google.com/maps/place/Prajak+Clinical+Medicine/data=!4m7!3m6!1s0x3054f3a86ac09ce9:0x1c2287ecb5b51fc8!8m2!3d9.4439997!4d100.0240005!16s%2Fg%2F1pzs8lq6y!19sChIJ6ZzAaqjzVDARyB-1teyHIhw?authuser=0&hl=en&rclk=1,5.0,6,,Walk-in clinic,209,Closed · Opens 8:30 am,"Prajak Clinical Medicine
5.0(6)
Walk-in clinic · 209
Closed · Opens 8:30 am

Directions
 
""Excellent local clinic, good English communication.""",9.528734716027207,99.96706292053042
0x3054f15964f87b73:0x612ce64efdfd0c6a,คลินิกเวชกรรมหมอรินธาร,https://www.google.com/maps/place/%E0%B8%84%E0%B8%A5%E0%B8%B4%E0%B8%99%E0%B8%B4%E0%B8%81%E0%B9%80%E0%B8%A7%E0%B8%8A%E0%B8%81%E0%B8%A3%E0%B8%A3%E0%B8%A1%E0%B8%AB%E0%B8%A1%E0%B8%AD%E0%B8%A3%E0%B8%B4%E0%B8%99%E0%B8%98%E0%B8%B2%E0%B8%A3/data=!4m7!3m6!1s0x3054f15964f87b73:0x612ce64efdfd0c6a!8m2!3d9.5656263!4d100.0060156!16s%2Fg%2F11v03yg40w!19sChIJc3v4ZFnxVDARagz9_U7mLGE?authuser=0&hl=en&rclk=1,5.0,10,,Internist,20 16 ม.1 ตำบล แม่น้ำ,Closed · Opens 5 pm · +66 65 635 3547,"คลินิกเวชกรรมหมอรินธาร
5.0(10)
Internist · 20 16 ม.1 ตำบล แม่น้ำ
Closed · Opens 5 pm · +66 65 635 3547

Directions",9.518400343586206,99.9431751947913
0x3054f681b7231897:0x4366064a62cf021a,Transport Office Samui,https://www.google.com/maps/place/Transport+Office+Samui/data=!4m7!3m6!1s0x3054f681b7231897:0x4366064a62cf021a!8m2!3d9.490475!4d99.9304658!16s%2Fg%2F1hc61c8yg!19sChIJlxgjt4H2VDARGgLPYkoGZkM?authuser=0&hl=en&rclk=1,3.7,209,,Government office, · หมู่ 5 สำนักงานสาขา 125,Closed · Opens 8:30 am · +66 77 423 309,"Transport Office Samui
3.7(209)
Government office ·  · หมู่ 5 สำนักงานสาขา 125
Closed · Opens 8:30 am · +66 77 423 309

Website

Directions
 
""I was in and out in 90 minutes including the extra medical check.""",9.5018,99.9373970154222
0x3054f65040b0df47:0x9b34f53a11223536,คลินิกทันตแพทย์เผ่าพงษ์,https://www.google.com/maps/place/%E0%B8%84%E0%B8%A5%E0%B8%B4%E0%B8%99%E0%B8%B4%E0%B8%81%E0%B8%97%E0%B8%B1%E0%B8%99%E0%B8%95%E0%B9%81%E0%B8%9E%E0%B8%97%E0%B8%A2%E0%B9%8C%E0%B9%80%E0%B8%9C%E0%B9%88%E0%B8%B2%E0%B8%9E%E0%B8%87%E0%B8%A9%E0%B9%8C/data=!4m7!3m6!1s0x3054f65040b0df47:0x9b34f53a11223536!8m2!3d9.4820918!4d99.9269046!16s%2Fg%2F1hd_6jvg1!19sChIJR9-wQFD2VDARNjUiETr1NJs?authuser=0&hl=en&rclk=1,,0,,Clinic,"245/1, อ่างทอง เกาะสมุย สุราษฎร์ธานี, 84140",,"คลินิกทันตแพทย์เผ่าพงษ์
No reviews
Clinic · 245/1, อ่างทอง เกาะสมุย สุราษฎร์ธานี, 84140
+66 77 230 421

Directions",9.488936556944944,99.94069979435912
0x3054f15a3d7d5409:0x74d5c72f514f2736,คลินิคแพทย์ณรงค์,https://www.google.com/maps/place/%E0%B8%84%E0%B8%A5%E0%B8%B4%E0%B8%99%E0%B8%B4%E0%B8%84%E0%B9%81%E0%B8%9E%E0%B8%97%E0%B8%A2%E0%B9%8C%E0%B8%93%E0%B8%A3%E0%B8%87%E0%B8%84%E0%B9%8C/data=!4m7!3m6!1s0x3054f15a3d7d5409:0x74d5c72f514f2736!8m2!3d9.5430752!4d100.0435969!16s%2Fg%2F11rcl8wygw!19sChIJCVR9PVrxVDARNidPUS_H1XQ?authuser=0&hl=en&rclk=1,,0,,Orthopedic clinic,G2VV+6CQ ซอยโรงพยาบาลบ้านดอน,,"คลินิคแพทย์ณรงค์
No reviews
Orthopedic clinic · G2VV+6CQ ซอยโรงพยาบาลบ้านดอน
+66 95 594 5871

Directions",9.522448761881156,99.98896142625249
0x3054f65273e2f3e1:0x70e8b9bac1d91b80,PopSmile,https://www.google.com/maps/place/PopSmile/data=!4m7!3m6!1s0x3054f65273e2f3e1:0x70e8b9bac1d91b80!8m2!3d9.5361134!4d99.9358382!16s%2Fg%2F11c0r5lbzr!19sChIJ4fPic1L2VDARgBvZwbq56HA?authuser=0&hl=en&rclk=1,4.5,17,,Dentist,43/12 ถ. ทวีราษฎร์ภักดี,Closed · Opens 11 am · +66 93 581 5876,"PopSmile
4.5(17)
Dentist · 43/12 ถ. ทวีราษฎร์ภักดี
Closed · Opens 11 am · +66 93 581 5876

Directions
 
""The clinic is clean and in an easy to travel location.""",9.528326012296478,99.94751563268666
0x3054f18088ed9989:0x834230b59b0baa3a,Floss Dental Office,https://www.google.com/maps/place/Floss+Dental+Office/data=!4m7!3m6!1s0x3054f18088ed9989:0x834230b59b0baa3a!8m2!3d9.5353821!4d100.0434164!16s%2Fg%2F11ry5ddkqx!19sChIJiZntiIDxVDAROqoLm7UwQoM?authuser=0&hl=en&rclk=1,4.8,148,,Dental clinic, · 25 240 ม.6,Closed · Opens 11 am · +66 96 194 9791,"Floss Dental Office
4.8(148)
Dental clinic ·  · 25 240 ม.6
Closed · Opens 11 am · +66 96 194 9791

Directions
 
""The clinic is super clean, first class service and very kind staff.""",9.51076179773567,100.00018942590229
0x3054f04bacc23397:0x4d0d346f08a7e62d,"Chaweng Dental Care Dental Clinic, 2nd branch","https://www.google.com/maps/place/Chaweng+Dental+Care+Dental+Clinic,+2nd+branch/data=!4m7!3m6!1s0x3054f04bacc23397:0x4d0d346f08a7e62d!8m2!3d9.535965!4d100.05547!16s%2Fg%2F11b6cbfs1y!19sChIJlzPCrEvwVDARLeanCG80DU0?authuser=0&hl=en&rclk=1",4.2,84,,Dental clinic, · 84/13 Moo 2,Closed · Opens 10 am · +66 85 889 1234,"Chaweng Dental Care Dental Clinic, 2nd branch
4.2(84)
Dental clinic ·  · 84/13 Moo 2
Closed · Opens 10 am · +66 85 889 1234

Website

Directions
 
""Super clean, super welcoming and excellent advice and treatement.""",9.51076179773567,100.00018942590229
0x3054f132d77a5a97:0x58c4eeeced728726,Smooth Hair Removal,https://www.google.com/maps/place/Smooth+Hair+Removal/data=!4m7!3m6!1s0x3054f132d77a5a97:0x58c4eeeced728726!8m2!3d9.5231589!4d100.048192!16s%2Fg%2F11ycsr1541!19sChIJl1p61zLxVDARJody7ezuxFg?authuser=0&hl=en&rclk=1,5.0,22,,Laser hair removal service,"Palm Residence, 91/20",Closed · Opens 10 am · +66 95 772 3690,"Smooth Hair Removal
5.0(22)
Laser hair removal service · Palm Residence, 91/20
Closed · Opens 10 am · +66 95 772 3690

Directions
 
""The place is aesthetic, spotless, and uses very advanced equipment.""",9.51076179773567,100.00018942590229
0x3054f1bc7e2743b5:0x2f3ef236a7a57f4a,D-smile Dentals Clinic,https://www.google.com/maps/place/D-smile+Dentals+Clinic/data=!4m7!3m6!1s0x3054f1bc7e2743b5:0x2f3ef236a7a57f4a!8m2!3d9.5162623!4d100.0500392!16s%2Fg%2F11fx_4rrck!19sChIJtUMnfrzxVDARSn-lpzbyPi8?authuser=0&hl=en&rclk=1,4.0,19,,Dental clinic, · 26 28 ม.3 ตำบล บ่อผุด,Closed · Opens 9 am · +66 88 762 1590,"D-smile Dentals Clinic
4.0(19)
Dental clinic ·  · 26 28 ม.3 ตำบล บ่อผุด
Closed · Opens 9 am · +66 88 762 1590

Directions
 
""Good doctor, no pain, good atmosphere😊""",9.51076179773567,100.00018942590229
0x3054fcbad23093ad:0xa7fa3097922e41d8,Ocean Medical Clinic,https://www.google.com/maps/place/Ocean+Medical+Clinic/data=!4m7!3m6!1s0x3054fcbad23093ad:0xa7fa3097922e41d8!8m2!3d9.675404!4d100.0670611!16s%2Fg%2F11f1nc_bm1!19sChIJrZMw0rr8VDAR2EEukpcw-qc?authuser=0&hl=en&rclk=1,4.6,175,,Medical clinic, · 202 25,Closed · Opens 9 am · +66 77 374 668,"Ocean Medical Clinic
4.6(175)
Medical clinic ·  · 202 25
Closed · Opens 9 am · +66 77 374 668

Website

Directions
 
""Professional medical service, fair prices and nice staff.""",9.529566242982911,99.98808975968079
0x3054f74405e18325:0xf274f740e7e7a591,Phran Nursing and Midwife Clinic,https://www.google.com/maps/place/Phran+Nursing+and+Midwife+Clinic/data=!4m7!3m6!1s0x3054f74405e18325:0xf274f740e7e7a591!8m2!3d9.563173!4d99.974813!16s%2Fg%2F1pzxzqt0x!19sChIJJYPhBUT3VDARkaXn50D3dPI?authuser=0&hl=en&rclk=1,,0,,Walk-in clinic,"40, Moo 4, Tambon Taling Ngam, Amphoe Koh Samui, Suratthani, 84140",,"Phran Nursing and Midwife Clinic
No reviews
Walk-in clinic · 40, Moo 4, Tambon Taling Ngam, Amphoe Koh Samui, Suratthani, 84140
+66 89 594 5941

Directions",9.534406380269045,99.98035683114706
0x3054f10035221761:0x3767af973907054e,Dental Island clinic,https://www.google.com/maps/place/Dental+Island+clinic/data=!4m7!3m6!1s0x3054f10035221761:0x3767af973907054e!8m2!3d9.524699!4d100.0588812!16s%2Fg%2F11vrcg7clq!19sChIJYRciNQDxVDARTgUHOZevZzc?authuser=0&hl=en&rclk=1,3.8,16,,Prosthodontist,"3, ตําบล, 58",Closed · Opens 10 am · +66 91 038 2983,"Dental Island clinic
3.8(16)
Prosthodontist · 3, ตําบล, 58
Closed · Opens 10 am · +66 91 038 2983

Directions
 
""I have had root canals done and vaneers and they came out perfect.""",9.534406380269045,99.98035683114706
0x3054f1001c66741b:0x4c6de3cc77a3c46c,Baanmharimlay Clinic and Grooming,https://www.google.com/maps/place/Baanmharimlay+Clinic+and+Grooming/data=!4m7!3m6!1s0x3054f1001c66741b:0x4c6de3cc77a3c46c!8m2!3d9.5658934!4d100.0622092!16s%2Fg%2F11lf3w35qf!19sChIJG3RmHADxVDARbMSjd8zjbUw?authuser=0&hl=en&rclk=1,5.0,3,,Tailor,H388+98V,Open 24 hours,"Baanmharimlay Clinic and Grooming
5.0(3)
Tailor · H388+98V
Open 24 hours

Directions
 
""This is the best clinic;""",9.534406380269045,99.98035683114706
0x3054f1d1f47bfd0b:0xa7d24c6c4f70b9d2,Dental Island clinic,https://www.google.com/maps/place/Dental+Island+clinic/data=!4m7!3m6!1s0x3054f1d1f47bfd0b:0xa7d24c6c4f70b9d2!8m2!3d9.5309594!4d100.0626496!16s%2Fg%2F11vk4lqmh9!19sChIJC_179NHxVDAR0rlwT2xM0qc?authuser=0&hl=en&rclk=1,,0,,Dentist,near OZO Chaweng Hotel 28-29 ตำบล บ่อผุด,Closed · Opens 10 am · +66 91 038 2983,"Dental Island clinic
No reviews
Dentist · near OZO Chaweng Hotel 28-29 ตำบล บ่อผุด
Closed · Opens 10 am · +66 91 038 2983

Directions",9.534406380269045,99.98035683114706
0x3054fdba4f0b4fb3:0x37aac91e994f5ca,Bluecross International Clinic Koh Phangan,https://www.google.com/maps/place/Bluecross+International+Clinic+Koh+Phangan/data=!4m7!3m6!1s0x3054fdba4f0b4fb3:0x37aac91e994f5ca!8m2!3d9.706107!4d100.0086049!16s%2Fg%2F11t9crjp0s!19sChIJs08LT7r9VDARyvWU6ZGsegM?authuser=0&hl=en&rclk=1,4.7,103,,Medical clinic, · 115/12-13,Closed · Opens 10 am · +66 80 282 8163,"Bluecross International Clinic Koh Phangan
4.7(103)
Medical clinic ·  · 115/12-13
Closed · Opens 10 am · +66 80 282 8163

Website

Directions
 
""Had a really easy and relaxing time getting my medical problem sorted out.""",9.536072306893518,99.97609065057485
0x3054ffe32f164bb3:0xbb6f182359d660cf,Cleardent dental clinic Koh Phangan คลินิกทันตกรรมเคลียร์เด้นท์ เกาะพะงัน ทำฟัน รากเทียม จัดฟัน Implant Whitening Invisalign,https://www.google.com/maps/place/Cleardent+dental+clinic+Koh+Phangan+%E0%B8%84%E0%B8%A5%E0%B8%B4%E0%B8%99%E0%B8%B4%E0%B8%81%E0%B8%97%E0%B8%B1%E0%B8%99%E0%B8%95%E0%B8%81%E0%B8%A3%E0%B8%A3%E0%B8%A1%E0%B9%80%E0%B8%84%E0%B8%A5%E0%B8%B5%E0%B8%A2%E0%B8%A3%E0%B9%8C%E0%B9%80%E0%B8%94%E0%B9%89%E0%B8%99%E0%B8%97%E0%B9%8C+%E0%B9%80%E0%B8%81%E0%B8%B2%E0%B8%B0%E0%B8%9E%E0%B8%B0%E0%B8%87%E0%B8%B1%E0%B8%99+%E0%B8%97%E0%B8%B3%E0%B8%9F%E0%B8%B1%E0%B8%99+%E0%B8%A3%E0%B8%B2%E0%B8%81%E0%B9%80%E0%B8%97%E0%B8%B5%E0%B8%A2%E0%B8%A1+%E0%B8%88%E0%B8%B1%E0%B8%94%E0%B8%9F%E0%B8%B1%E0%B8%99+Implant+Whitening+Invisalign/data=!4m7!3m6!1s0x3054ffe32f164bb3:0xbb6f182359d660cf!8m2!3d9.712003!4d99.9873576!16s%2Fg%2F11trn6y6dv!19sChIJs0sWL-P_VDARz2DWWSMYb7s?authuser=0&hl=en&rclk=1,4.9,106,,Dental clinic,"44, 20 Thongsala",Closed · Opens 9 am · +66 94 797 9289,"Cleardent dental clinic Koh Phangan คลินิกทันตกรรมเคลียร์เด้นท์ เกาะพะงัน ทำฟัน รากเทียม จัดฟัน Implant Whitening Invisalign
4.9(106)
Dental clinic · 44, 20 Thongsala
Closed · Opens 9 am · +66 94 797 9289

Website

Directions
 
""I walked out feeling like new and completely pain-free.""",9.536072306893518,99.97609065057485
0x3054f7449724a1d3:0x9a78fbf562f46615,คลินิกจัดฟัน เกาะสมุย,https://www.google.com/maps/place/%E0%B8%84%E0%B8%A5%E0%B8%B4%E0%B8%99%E0%B8%B4%E0%B8%81%E0%B8%88%E0%B8%B1%E0%B8%94%E0%B8%9F%E0%B8%B1%E0%B8%99+%E0%B9%80%E0%B8%81%E0%B8%B2%E0%B8%B0%E0%B8%AA%E0%B8%A1%E0%B8%B8%E0%B8%A2/data=!4m7!3m6!1s0x3054f7449724a1d3:0x9a78fbf562f46615!8m2!3d9.5340661!4d99.9358145!16s%2Fg%2F11g0hv0knq!19sChIJ06Ekl0T3VDARFWb0YvX7eJo?authuser=0&hl=en&rclk=1,,0,,Doctor,GWMP+J8G,,"คลินิกจัดฟัน เกาะสมุย
No reviews
Doctor · GWMP+J8G

Directions",9.534406380269045,99.94924316885293
0x3054f7a6aaaaaaab:0xab0b59bac46cb6d5,ใจดีคลินิกฟัน,https://www.google.com/maps/place/%E0%B9%83%E0%B8%88%E0%B8%94%E0%B8%B5%E0%B8%84%E0%B8%A5%E0%B8%B4%E0%B8%99%E0%B8%B4%E0%B8%81%E0%B8%9F%E0%B8%B1%E0%B8%99/data=!4m7!3m6!1s0x3054f7a6aaaaaaab:0xab0b59bac46cb6d5!8m2!3d9.5301223!4d99.9360394!16s%2Fg%2F1w0mf1cl!19sChIJq6qqqqb3VDAR1bZsxLpZC6s?authuser=0&hl=en&rclk=1,3.8,4,,Dentist,"175/2, ต.อ่างทอง อ.เกาะสมุย สุราษฎร์ธานี, 84140",Closed · Opens 8 am · +66 77 420 355,"ใจดีคลินิกฟัน
3.8(4)
Dentist · 175/2, ต.อ่างทอง อ.เกาะสมุย สุราษฎร์ธานี, 84140
Closed · Opens 8 am · +66 77 420 355

Directions",9.532226231549622,99.9452223288011
0x30550300048369d1:0x4811cf9b593cba5e,Thong nai pan clinic,https://www.google.com/maps/place/Thong+nai+pan+clinic/data=!4m7!3m6!1s0x30550300048369d1:0x4811cf9b593cba5e!8m2!3d9.7690892!4d100.0562068!16s%2Fg%2F11ysgzr8dl!19sChIJ0WmDBAADVTARXro8WZvPEUg?authuser=0&hl=en&rclk=1,5.0,4,,Medical clinic,10 3,,"Thong nai pan clinic
5.0(4)
Medical clinic · 10 3

Directions",9.51076179773567,99.9294105740977
0x3054f5a9524b52c1:0x3035483f573b577,ท้องกรูดการพยาบาลและการผดุงครรภ์,https://www.google.com/maps/place/%E0%B8%97%E0%B9%89%E0%B8%AD%E0%B8%87%E0%B8%81%E0%B8%A3%E0%B8%B9%E0%B8%94%E0%B8%81%E0%B8%B2%E0%B8%A3%E0%B8%9E%E0%B8%A2%E0%B8%B2%E0%B8%9A%E0%B8%B2%E0%B8%A5%E0%B9%81%E0%B8%A5%E0%B8%B0%E0%B8%81%E0%B8%B2%E0%B8%A3%E0%B8%9C%E0%B8%94%E0%B8%B8%E0%B8%87%E0%B8%84%E0%B8%A3%E0%B8%A3%E0%B8%A0%E0%B9%8C/data=!4m7!3m6!1s0x3054f5a9524b52c1:0x3035483f573b577!8m2!3d9.4535068!4d99.9403954!16s%2Fg%2F1pztdkty4!19sChIJwVJLUqn1VDARd7Vz9YNUAwM?authuser=0&hl=en&rclk=1,,0,,Walk-in clinic,"82/3 หมู่ที่ 5, ตำบลตลิ่งงาม อำเภอเกาะสมุย จังหวัดสุราษฎร์ธานี, 84140",,"ท้องกรูดการพยาบาลและการผดุงครรภ์
No reviews
Walk-in clinic · 82/3 หมู่ที่ 5, ตำบลตลิ่งงาม อำเภอเกาะสมุย จังหวัดสุราษฎร์ธานี, 84140
+66 77 334 155

Directions",9.469193619730953,99.94924316885293
0x3054f4f00633373f:0x9ce2e90436500a62,TongKhut Nursing and Midwife Clinic,https://www.google.com/maps/place/TongKhut+Nursing+and+Midwife+Clinic/data=!4m7!3m6!1s0x3054f4f00633373f:0x9ce2e90436500a62!8m2!3d9.43742!4d99.9578619!16s%2Fg%2F1pzslcwzd!19sChIJPzczBvD0VDARYgpQNgTp4pw?authuser=0&hl=en&rclk=1,,0,,Walk-in clinic,"82/3, Moo 5, Tambon Taling Ngam, Amphoe Koh Samui, Suratthani, 84140",,"TongKhut Nursing and Midwife Clinic
No reviews
Walk-in clinic · 82/3, Moo 5, Tambon Taling Ngam, Amphoe Koh Samui, Suratthani, 84140
+66 77 334 155

Directions",9.469193619730953,99.94924316885293
0x3054f4f007d7436b:0x4e3c18fac754ce8b,Rungthiwa Nursing and Midwife Clinic,https://www.google.com/maps/place/Rungthiwa+Nursing+and+Midwife+Clinic/data=!4m7!3m6!1s0x3054f4f007d7436b:0x4e3c18fac754ce8b!8m2!3d9.437462!4d99.957819!16s%2Fg%2F1pzxbh2rv!19sChIJa0PXB_D0VDARi85Ux_oYPE4?authuser=0&hl=en&rclk=1,,0,,Walk-in clinic,"71, Moo 1, Tambon Taling Ngam, Amphoe Koh Samui, Suratthani, 84140",,"Rungthiwa Nursing and Midwife Clinic
No reviews
Walk-in clinic · 71, Moo 1, Tambon Taling Ngam, Amphoe Koh Samui, Suratthani, 84140
+66 77 415 612

Directions",9.465835072849432,99.96250580314894
0x3054f37e37e4928f:0xa6916e2770643a20,Soul2tune,https://www.google.com/maps/place/Soul2tune/data=!4m7!3m6!1s0x3054f37e37e4928f:0xa6916e2770643a20!8m2!3d9.4444568!4d100.0240361!16s%2Fg%2F11kq_cxxdj!19sChIJj5LkN37zVDARIDpkcCdukaY?authuser=0&hl=en&rclk=1,5.0,7,,Psychologist,"3rd Floor, 194, The Magic House Samui, 1",Closed · Opens 9 am · +66 63 339 9015,"Soul2tune
5.0(7)
Psychologist · 3rd Floor, 194, The Magic House Samui, 1
Closed · Opens 9 am · +66 63 339 9015

Website

Directions
 
""My art therapy session with Irina Pavlova profoundly transformed my life.""",9.469193619730953,99.98035683114706
0x3054f56cae8b52b5:0xf7b23f7afc4ae02e,Rob's Dogs Foundation,https://www.google.com/maps/place/Rob%27s+Dogs+Foundation/data=!4m7!3m6!1s0x3054f56cae8b52b5:0xf7b23f7afc4ae02e!8m2!3d9.465914!4d99.9697925!16s%2Fg%2F11vbkz7vsd!19sChIJtVKLrmz1VDARLuBK_Ho_svc?authuser=0&hl=en&rclk=1,5.0,23,,Charity,"M3, 248/4",Closed · Opens 9 am · +66 85 572 7222,"Rob's Dogs Foundation
5.0(23)
Charity · M3, 248/4
Closed · Opens 9 am · +66 85 572 7222

Website

Directions
 
""They are an incredible team.""",9.462499989218674,99.97489055252728
0x3054f7a6aaaaaaab:0x169e74b2c0df5bcb,ธีระศักดิ์คลินิกรักษาโรคกระดูกและข้อ,https://www.google.com/maps/place/%E0%B8%98%E0%B8%B5%E0%B8%A3%E0%B8%B0%E0%B8%A8%E0%B8%B1%E0%B8%81%E0%B8%94%E0%B8%B4%E0%B9%8C%E0%B8%84%E0%B8%A5%E0%B8%B4%E0%B8%99%E0%B8%B4%E0%B8%81%E0%B8%A3%E0%B8%B1%E0%B8%81%E0%B8%A9%E0%B8%B2%E0%B9%82%E0%B8%A3%E0%B8%84%E0%B8%81%E0%B8%A3%E0%B8%B0%E0%B8%94%E0%B8%B9%E0%B8%81%E0%B9%81%E0%B8%A5%E0%B8%B0%E0%B8%82%E0%B9%89%E0%B8%AD/data=!4m7!3m6!1s0x3054f7a6aaaaaaab:0x169e74b2c0df5bcb!8m2!3d9.5525416!4d99.9409196!16s%2Fg%2F1hc4_5jxl!19sChIJq6qqqqb3VDARy1vfwLJ0nhY?authuser=0&hl=en&rclk=1,,0,,Doctor,"112/3 หมู่ที่ 3, ต.อ่างทอง อ.เกาะสมุย สุราษฎร์ธานี, 84140",,"ธีระศักดิ์คลินิกรักษาโรคกระดูกและข้อ
No reviews
Doctor · 112/3 หมู่ที่ 3, ต.อ่างทอง อ.เกาะสมุย สุราษฎร์ธานี, 84140
+66 77 206 378

Website

Directions",9.552463891323885,99.94569617112597
0x3054f5ac4345caef:0xac3e161458387dfc,Taling Ngam Health Center,https://www.google.com/maps/place/Taling+Ngam+Health+Center/data=!4m7!3m6!1s0x3054f5ac4345caef:0xac3e161458387dfc!8m2!3d9.4550254!4d99.942923!16s%2Fg%2F11r8cn3f4!19sChIJ78pFQ6z1VDAR_H04WBQWPqw?authuser=0&hl=en&rclk=1,4.0,0,,Health,,Closed · Opens 8:30 am · +66 77 423 483,"Taling Ngam Health Center
4.0
Health · 
Closed · Opens 8:30 am · +66 77 423 483

Website

Directions",9.454987816011652,99.9373970154222
0x3054f5aa874b3b71:0xb893f37164c6bdde,Dog and Cat Rescue Samui Foundation Ban Taling Ngam,https://www.google.com/maps/place/Dog+and+Cat+Rescue+Samui+Foundation+Ban+Taling+Ngam/data=!4m7!3m6!1s0x3054f5aa874b3b71:0xb893f37164c6bdde!8m2!3d9.449465!4d99.9443868!16s%2Fg%2F11bxb9plg7!19sChIJcTtLh6r1VDAR3r3GZHHzk7g?authuser=0&hl=en&rclk=1,4.7,416,,Animal shelter,,Closed · Opens 9 am · +66 81 893 9443,"Dog and Cat Rescue Samui Foundation Ban Taling Ngam
4.7(416)
Animal shelter · 
Closed · Opens 9 am · +66 81 893 9443

Website

Directions
 
""The whole visit left me feeling uplifted and inspired.""",9.452890429596431,99.94146475327939
0x3054f3135a3ee25b:0x59e198fca8f58bc5,Elephant Village Samui,https://www.google.com/maps/place/Elephant+Village+Samui/data=!4m7!3m6!1s0x3054f3135a3ee25b:0x59e198fca8f58bc5!8m2!3d9.448612!4d99.9991247!16s%2Fg%2F11j535hk90!19sChIJW-I-WhPzVDARxYv1qPyY4Vk?authuser=0&hl=en&rclk=1,4.7,111,,Tourist attraction,57 T,Closed · Opens 9 am,"Elephant Village Samui
4.7(111)
Tourist attraction · 57 T
Closed · Opens 9 am

Directions",9.452647970541822,99.99707330857761
0x3054f3b52e4a8e4d:0x2f5df5703a343206,I Love Elephant Samui,https://www.google.com/maps/place/I+Love+Elephant+Samui/data=!4m7!3m6!1s0x3054f3b52e4a8e4d:0x2f5df5703a343206!8m2!3d9.4486783!4d99.9991788!16s%2Fg%2F11hf47v0m5!19sChIJTY5KLrXzVDARBjI0OnD1XS8?authuser=0&hl=en&rclk=1,4.8,619,,Animal protection organization,"57 moo.5 ,T",Closed · Opens 10 am · +66 99 654 6397,"I Love Elephant Samui
4.8(619)
Animal protection organization · 57 moo.5 ,T
Closed · Opens 10 am · +66 99 654 6397

Website

Directions",9.452647970541822,99.99707330857761
0x3054f3a2643b231d:0x2683ea43fb78d141,คลินิกประจักษ์การแพทย์,https://www.google.com/maps/place/%E0%B8%84%E0%B8%A5%E0%B8%B4%E0%B8%99%E0%B8%B4%E0%B8%81%E0%B8%9B%E0%B8%A3%E0%B8%B0%E0%B8%88%E0%B8%B1%E0%B8%81%E0%B8%A9%E0%B9%8C%E0%B8%81%E0%B8%B2%E0%B8%A3%E0%B9%81%E0%B8%9E%E0%B8%97%E0%B8%A2%E0%B9%8C/data=!4m7!3m6!1s0x3054f3a2643b231d:0x2683ea43fb78d141!8m2!3d9.4787677!4d100.0247788!16s%2Fg%2F1hc36rhzm!19sChIJHSM7ZKLzVDARQdF4-0PqgyY?authuser=0&hl=en&rclk=1,5.0,0,,Medical clinic,"209, ต.มะเร็ต อ.เกาะสมุย สุราษฎร์ธานี, 84310",,"คลินิกประจักษ์การแพทย์
5.0
Medical clinic · 209, ต.มะเร็ต อ.เกาะสมุย สุราษฎร์ธานี, 84310
+66 81 540 4252

Directions",9.479909811108422,100.01986872662073
0x3054f1f096baf401:0xaff083bef60d17a1,Poo Tattoo,https://www.google.com/maps/place/Poo+Tattoo/data=!4m7!3m6!1s0x3054f1f096baf401:0xaff083bef60d17a1!8m2!3d9.544635!4d100.0247788!16s%2Fg%2F11mqs7c3_x!19sChIJAfS6lvDxVDARoRcN9r6D8K8?authuser=0&hl=en&rclk=1,,0,,Skin care clinic,3/88,Closes soon · 2 am · Reopens 10 am · +66 94 941 7771,"Poo Tattoo
No reviews
Skin care clinic · 3/88
Closes soon · 2 am · Reopens 10 am · +66 94 941 7771

Directions",9.53959228527549,100.01598684498418
0x3054f0bab3ada255:0x83385fb1315ec7b6,คลินิกเวชกรรมแพทย์สุธี,https://www.google.com/maps/place/%E0%B8%84%E0%B8%A5%E0%B8%B4%E0%B8%99%E0%B8%B4%E0%B8%81%E0%B9%80%E0%B8%A7%E0%B8%8A%E0%B8%81%E0%B8%A3%E0%B8%A3%E0%B8%A1%E0%B9%81%E0%B8%9E%E0%B8%97%E0%B8%A2%E0%B9%8C%E0%B8%AA%E0%B8%B8%E0%B8%98%E0%B8%B5/data=!4m7!3m6!1s0x3054f0bab3ada255:0x83385fb1315ec7b6!8m2!3d9.5670157!4d100.0032951!16s%2Fg%2F1hc94p_n7!19sChIJVaKts7rwVDARtsdeMbFfOIM?authuser=0&hl=en&rclk=1,,0,,Clinic,"55/17 หมู่ที่ 5, ต.แม่น้ำ อ.เกาะสมุย สุราษฎร์ธานี, 84330",,"คลินิกเวชกรรมแพทย์สุธี
No reviews
Clinic · 55/17 หมู่ที่ 5, ต.แม่น้ำ อ.เกาะสมุย สุราษฎร์ธานี, 84330
+66 77 247 077

Directions",9.557149125468205,99.99544332271469
0x3054f1005008caab:0xff1e37a4fdb6662c,Anavana Massage & Spa,https://www.google.com/maps/place/Anavana+Massage+%26+Spa/data=!4m7!3m6!1s0x3054f1005008caab:0xff1e37a4fdb6662c!8m2!3d9.5159733!4d100.0567194!16s%2Fg%2F11xgrzwp8l!19sChIJq8oIUADxVDARLGa2_aQ3Hv8?authuser=0&hl=en&rclk=1,5.0,1,,Mental Health Services,G384+9MG,Closed · Opens 9 am,"Anavana Massage & Spa
5.0(1)
Mental Health Services · G384+9MG
Closed · Opens 9 am

Directions
 
""10/10 Thank you for making me feel brand new.""",9.510805875363092,100.03269620280825
0x3054f0537ccfe603:0x23327dc8e1dcfeb0,SmileWorks Dental Clinik (Dr. Jimmy),https://www.google.com/maps/place/SmileWorks+Dental+Clinik+%28Dr.+Jimmy%29/data=!4m7!3m6!1s0x3054f0537ccfe603:0x23327dc8e1dcfeb0!8m2!3d9.5352596!4d100.0417815!16s%2Fg%2F11bxd80vc6!19sChIJA-bPfFPwVDARsP7c4ch9MiM?authuser=0&hl=en&rclk=1,4.6,14,,Dental clinic,167/1 ตำบล บ่อผุด,Closed · Opens 8:30 am · +66 77 447 519,"SmileWorks Dental Clinik (Dr. Jimmy)
4.6(14)
Dental clinic · 167/1 ตำบล บ่อผุด
Closed · Opens 8:30 am · +66 77 447 519

Directions
 
""First time I go dentist without crying thank you for treatment""",9.510805875363092,100.03269620280825
0x3054f1bc5935ff19:0xda8998bf9feeb5dc,Dr.Savata Na Nagara,https://www.google.com/maps/place/Dr.Savata+Na+Nagara/data=!4m7!3m6!1s0x3054f1bc5935ff19:0xda8998bf9feeb5dc!8m2!3d9.514714!4d100.050214!16s%2Fg%2F1pzw468xw!19sChIJGf81WbzxVDAR3LXun7-Yido?authuser=0&hl=en&rclk=1,,0,,Dental clinic,"57, Moo 3, Bangkok Hospital Samui, Thaweerat Phakdee Road, Tambon Bo Put, Amphoe Ko Samui, Surat Thani, 84320",,"Dr.Savata Na Nagara
No reviews
Dental clinic · 57, Moo 3, Bangkok Hospital Samui, Thaweerat Phakdee Road, Tambon Bo Put, Amphoe Ko Samui, Surat Thani, 84320
+66 77 429 500

Directions",9.510805875363092,100.03269620280825
0x3054ef0063e44467:0x664489a0e2deb699,Vitra Clinic วิทราสหคลินิก,https://www.google.com/maps/place/Vitra+Clinic+%E0%B8%A7%E0%B8%B4%E0%B8%97%E0%B8%A3%E0%B8%B2%E0%B8%AA%E0%B8%AB%E0%B8%84%E0%B8%A5%E0%B8%B4%E0%B8%99%E0%B8%B4%E0%B8%81/data=!4m7!3m6!1s0x3054ef0063e44467:0x664489a0e2deb699!8m2!3d9.5689557!4d100.0828356!16s%2Fg%2F11xlnd_yl5!19sChIJZ0TkYwDvVDARmbbe4qCJRGY?authuser=0&hl=en&rclk=1,5.0,7,,Alternative medicine practitioner,85/7 4171,Closed · Opens 10 am,"Vitra Clinic วิทราสหคลินิก
5.0(7)
Alternative medicine practitioner · 85/7 4171
Closed · Opens 10 am

Directions
 
""The doctor is incredibly knowledgeable and truly cares about your recovery.""",9.510805875363092,100.03269620280825
0x3054f1d2423f1e67:0xbec57246f1667509,Cocktail Clinic • Events & Consultancy,https://www.google.com/maps/place/Cocktail+Clinic+%E2%80%A2+Events+%26+Consultancy/data=!4m7!3m6!1s0x3054f1d2423f1e67:0xbec57246f1667509!8m2!3d9.5862874!4d100.0714464!16s%2Fg%2F11nwc64by2!19sChIJZx4_QtLxVDARCXVm8UZyxb4?authuser=0&hl=en&rclk=1,5.0,9,,Event Planning Service,"8, 16 Plai Laem Soi 7",Closed · Opens 9 am · +66 87 883 8459,"Cocktail Clinic • Events & Consultancy
5.0(9)
Event Planning Service · 8, 16 Plai Laem Soi 7
Closed · Opens 9 am · +66 87 883 8459

Website

Directions
 
""I highly recommend!""",9.510805875363092,100.03269620280825
0x3054effde200f97d:0xcc2c9d70b0e34ce1,Charoen Suk Clinic,https://www.google.com/maps/place/Charoen+Suk+Clinic/data=!4m7!3m6!1s0x3054effde200f97d:0xcc2c9d70b0e34ce1!8m2!3d9.57043!4d100.081767!16s%2Fg%2F11rrznrmg!19sChIJffkA4v3vVDAR4UzjsHCdLMw?authuser=0&hl=en&rclk=1,,0,,,,,"Charoen Suk Clinic
No reviews
H3CJ+5PC

Directions",9.510805875363092,100.03269620280825
0x3054f3d037268025:0x1ff505074f000b5c,Pen Nursing,https://www.google.com/maps/place/Pen+Nursing/data=!4m7!3m6!1s0x3054f3d037268025:0x1ff505074f000b5c!8m2!3d9.4746498!4d100.0377306!16s%2Fg%2F11y2m2jylh!19sChIJJYAmN9DzVDARXAsATwcF9R8?authuser=0&hl=en&rclk=1,,0,,Clinic,"44, 8",Closed · Opens 8 am · +66 84 445 3401,"Pen Nursing
No reviews
Clinic · 44, 8
Closed · Opens 8 am · +66 84 445 3401

Directions",9.475422346272737,100.02787138661535
0x3054f1bcf97a80d9:0x3b38c48e3a59675d,Bangkok Hospital Samui,https://www.google.com/maps/place/Bangkok+Hospital+Samui/data=!4m7!3m6!1s0x3054f1bcf97a80d9:0x3b38c48e3a59675d!8m2!3d9.5143369!4d100.0493662!16s%2Fg%2F1tgv3ywd!19sChIJ2YB6-bzxVDARXWdZOo7EODs?authuser=0&hl=en&rclk=1,3.8,651,,Private hospital, · 57 หมู่ที่ 3 ถ. ทวีราษฎร์ภักดี,Open 24 hours · +66 77 429 500,"Bangkok Hospital Samui
3.8(651)
Private hospital ·  · 57 หมู่ที่ 3 ถ. ทวีราษฎร์ภักดี
Open 24 hours · +66 77 429 500

Website

Directions
 
""They honestly provided a great service, on time, very attentive and caring.""
 

Book online",9.506280694589655,100.03773326977567
0x3054f0ae55c8f413:0x9836bed8c27409ab,New Leaf Wellness Resort,https://www.google.com/maps/place/New+Leaf+Wellness+Resort/data=!4m10!3m9!1s0x3054f0ae55c8f413:0x9836bed8c27409ab!5m2!4m1!1i2!8m2!3d9.56995!4d99.9993383!16s%2Fg%2F1trl85jl!19sChIJE_TIVa7wVDARqwl0wti-Npg?authuser=0&hl=en&rclk=1,4.2,82,,,,,"New Leaf Wellness Resort
4.2(82)
Resort hotel
+66 77 955 156

Website

Directions
 

Pool

Spa

Free parking

Free breakfast",9.566665056004938,99.99665209065914
0x3054f0ae1796ac7f:0xdc359eefb9bf7f19,Mae Nam Subdistrict Health Promoting Hospital,https://www.google.com/maps/place/Mae+Nam+Subdistrict+Health+Promoting+Hospital/data=!4m7!3m6!1s0x3054f0ae1796ac7f:0xdc359eefb9bf7f19!8m2!3d9.5681758!4d99.9979586!16s%2Fg%2F1hdzfjc76!19sChIJf6yWF67wVDARGX-_ue-eNdw?authuser=0&hl=en&rclk=1,4.2,9,,Health, · 95 5 ตำบล แม่น้ำ,Closed · Opens 8:30 am · +66 77 425 054,"Mae Nam Subdistrict Health Promoting Hospital
4.2(9)
Health ·  · 95 5 ตำบล แม่น้ำ
Closed · Opens 8:30 am · +66 77 425 054

Directions",9.566665056004938,99.99665209065914
0x3054f0acd9f5271d:0xc47318c74d18cf4b,คลินิกบ้านรักฟัน,https://www.google.com/maps/place/%E0%B8%84%E0%B8%A5%E0%B8%B4%E0%B8%99%E0%B8%B4%E0%B8%81%E0%B8%9A%E0%B9%89%E0%B8%B2%E0%B8%99%E0%B8%A3%E0%B8%B1%E0%B8%81%E0%B8%9F%E0%B8%B1%E0%B8%99/data=!4m7!3m6!1s0x3054f0acd9f5271d:0xc47318c74d18cf4b!8m2!3d9.5706494!4d99.991652!16s%2Fg%2F11g20vnppt!19sChIJHSf12azwVDARS88YTccYc8Q?authuser=0&hl=en&rclk=1,,0,,Medical clinic,หมู่ที่ 1 12/71 ถ. ทวีราษฎร์ภักดี,,"คลินิกบ้านรักฟัน
No reviews
Medical clinic · หมู่ที่ 1 12/71 ถ. ทวีราษฎร์ภักดี

Directions",9.566665056004938,99.99665209065914
0x3054f7ffe2d924d9:0x6b19ee79452e9362,มูลทองคำ,https://www.google.com/maps/place/%E0%B8%A1%E0%B8%B9%E0%B8%A5%E0%B8%97%E0%B8%AD%E0%B8%87%E0%B8%84%E0%B8%B3/data=!4m7!3m6!1s0x3054f7ffe2d924d9:0x6b19ee79452e9362!8m2!3d9.5737768!4d99.9803586!16s%2Fg%2F11fpjvtkvs!19sChIJ2STZ4v_3VDARYpMuRXnuGWs?authuser=0&hl=en&rclk=1,1.0,0,,Occupational health service,เลขที่ 107/16 หมู่ 4 แม่น้ำ แม่น้ำ,,"มูลทองคำ
1.0
Occupational health service · เลขที่ 107/16 หมู่ 4 แม่น้ำ แม่น้ำ
+66 95 097 9888

Directions",9.57136769039232,99.98389600168437
0x3054f3f49be9a25f:0xcd371a717a1c7ffc,กมลชนก คลินิกการพยาบาลและการผดุงครรภ์,https://www.google.com/maps/place/%E0%B8%81%E0%B8%A1%E0%B8%A5%E0%B8%8A%E0%B8%99%E0%B8%81+%E0%B8%84%E0%B8%A5%E0%B8%B4%E0%B8%99%E0%B8%B4%E0%B8%81%E0%B8%81%E0%B8%B2%E0%B8%A3%E0%B8%9E%E0%B8%A2%E0%B8%B2%E0%B8%9A%E0%B8%B2%E0%B8%A5%E0%B9%81%E0%B8%A5%E0%B8%B0%E0%B8%81%E0%B8%B2%E0%B8%A3%E0%B8%9C%E0%B8%94%E0%B8%B8%E0%B8%87%E0%B8%84%E0%B8%A3%E0%B8%A3%E0%B8%A0%E0%B9%8C/data=!4m7!3m6!1s0x3054f3f49be9a25f:0xcd371a717a1c7ffc!8m2!3d9.4326784!4d100.0116107!16s%2Fg%2F11vf4fqx9p!19sChIJX6Lpm_TzVDAR_H8cenEaN80?authuser=0&hl=en&rclk=1,5.0,1,,Medical clinic,"C2M6+67R, 4170",Closed · Opens 5 pm,"กมลชนก คลินิกการพยาบาลและการผดุงครรภ์
5.0(1)
Medical clinic · C2M6+67R, 4170
Closed · Opens 5 pm

Directions",9.435107354189748,99.99250174315749
0x3054f3a86f7fa479:0xa89ad8e27d9187a4,Bunpen Nursing and Midwife Clinic,https://www.google.com/maps/place/Bunpen+Nursing+and+Midwife+Clinic/data=!4m7!3m6!1s0x3054f3a86f7fa479:0xa89ad8e27d9187a4!8m2!3d9.4478767!4d100.0256596!16s%2Fg%2F1pzt_bz5g!19sChIJeaR_b6jzVDARpIeRfeLYmqg?authuser=0&hl=en&rclk=1,,0,,Walk-in clinic,"124/63, Moo 3, Tambon Maret, Amphoe Koh Samui, Suratthani, 84310",,"Bunpen Nursing and Midwife Clinic
No reviews
Walk-in clinic · 124/63, Moo 3, Tambon Maret, Amphoe Koh Samui, Suratthani, 84310
+66 77 424 237

Directions",9.44666972745408,100.01186812712365
0x3054f36d2d61595b:0xe3361175a37ab0f3,Tanyasamui,https://www.google.com/maps/place/Tanyasamui/data=!4m7!3m6!1s0x3054f36d2d61595b:0xe3361175a37ab0f3!8m2!3d9.4341695!4d100.0137414!16s%2Fg%2F11b88m20_s!19sChIJW1lhLW3zVDAR87B6o3URNuM?authuser=0&hl=en&rclk=1,4.6,243,,Health resort, · 64/1,Closed · Opens 8 am · +66 77 424 265,"Tanyasamui
4.6(243)
Health resort ·  · 64/1
Closed · Opens 8 am · +66 77 424 265

Website

Directions
 
""They are knowledgeable and are great help.""",9.44666972745408,100.01186812712365
0x3054f1618dabc6dd:0xff53ce87bda90528,สมุยคลินิกกายภาพบำบัด,https://www.google.com/maps/place/%E0%B8%AA%E0%B8%A1%E0%B8%B8%E0%B8%A2%E0%B8%84%E0%B8%A5%E0%B8%B4%E0%B8%99%E0%B8%B4%E0%B8%81%E0%B8%81%E0%B8%B2%E0%B8%A2%E0%B8%A0%E0%B8%B2%E0%B8%9E%E0%B8%9A%E0%B8%B3%E0%B8%9A%E0%B8%B1%E0%B8%94/data=!4m7!3m6!1s0x3054f1618dabc6dd:0xff53ce87bda90528!8m2!3d9.534571!4d100.0456133!16s%2Fg%2F11s4ytvnkj!19sChIJ3carjWHxVDARKAWpvYfOU_8?authuser=0&hl=en&rclk=1,5.0,3,,Physical therapy clinic, · 99 200 ตำบล บ่อผุด,Closed · Opens 5:30 pm · +66 63 256 5945,"สมุยคลินิกกายภาพบำบัด
5.0(3)
Physical therapy clinic ·  · 99 200 ตำบล บ่อผุด
Closed · Opens 5:30 pm · +66 63 256 5945

Directions
 
""Expert physiologist
Good price,
Good location""",9.52396176223495,100.0391192082621
0x3054f1a64342caa5:0xd2673113d0fc9855,Tiary Health massage,https://www.google.com/maps/place/Tiary+Health+massage/data=!4m7!3m6!1s0x3054f1a64342caa5:0xd2673113d0fc9855!8m2!3d9.5232909!4d100.0478202!16s%2Fg%2F11ssrgdql_!19sChIJpcpCQ6bxVDARVZj80BMxZ9I?authuser=0&hl=en&rclk=1,4.8,133,,Health spa,Room B105 91 Palm Residence 20 Moo6,Closed · Opens 10 am · +66 80 718 3596,"Tiary Health massage
4.8(133)
Health spa · Room B105 91 Palm Residence 20 Moo6
Closed · Opens 10 am · +66 80 718 3596

Website

Directions
 
""Fixed my back pain of 10 years after a few weekly sessions.""",9.52396176223495,100.0391192082621
0x3054f184076cd82d:0x819ac4eda3d1277e,Lashes Star Beauty Studio,https://www.google.com/maps/place/Lashes+Star+Beauty+Studio/data=!4m7!3m6!1s0x3054f184076cd82d:0x819ac4eda3d1277e!8m2!3d9.5231291!4d100.0477739!16s%2Fg%2F11m_jnmlmr!19sChIJLdhsB4TxVDARfifRo-3EmoE?authuser=0&hl=en&rclk=1,4.8,183,,Eyelash salon,91 20,Closed · Opens 9 am · +66 91 380 8199,"Lashes Star Beauty Studio
4.8(183)
Eyelash salon · 91 20
Closed · Opens 9 am · +66 91 380 8199

Directions
 
""I came without an appointment and was able to do the procedure right away.""",9.52396176223495,100.0391192082621
0x3054f1dbd9e73eb7:0x594ef587531509df,ART IN PARADISE STUDIO KOH SAMUI,https://www.google.com/maps/place/ART+IN+PARADISE+STUDIO+KOH+SAMUI/data=!4m7!3m6!1s0x3054f1dbd9e73eb7:0x594ef587531509df!8m2!3d9.5317943!4d100.042789!16s%2Fg%2F11x256njmw!19sChIJtz7n2dvxVDAR3wkVU4f1Tlk?authuser=0&hl=en&rclk=1,5.0,25,,Art school," · Near Chaweng noi, Bo Phut, Surat Thani 84320 bophut",Closed · Opens 10 am · +66 89 959 6691,"ART IN PARADISE STUDIO KOH SAMUI
5.0(25)
Art school ·  · Near Chaweng noi, Bo Phut, Surat Thani 84320 bophut
Closed · Opens 10 am · +66 89 959 6691

Website

Directions
 
""The staff is attentive and loving and every lesson is so well curated.""",9.52396176223495,100.0391192082621
0x3054f155bff5588f:0xba8f783d8b89553b,เค-วันอพาร์ทเม้นท์,https://www.google.com/maps/place/%E0%B9%80%E0%B8%84-%E0%B8%A7%E0%B8%B1%E0%B8%99%E0%B8%AD%E0%B8%9E%E0%B8%B2%E0%B8%A3%E0%B9%8C%E0%B8%97%E0%B9%80%E0%B8%A1%E0%B9%89%E0%B8%99%E0%B8%97%E0%B9%8C/data=!4m7!3m6!1s0x3054f155bff5588f:0xba8f783d8b89553b!8m2!3d9.5298691!4d100.0432411!16s%2Fg%2F11qz4q4gdb!19sChIJj1j1v1XxVDARO1WJiz14j7o?authuser=0&hl=en&rclk=1,5.0,7,,Apartment complex,25/115 หมู่ที่ 6,,"เค-วันอพาร์ทเม้นท์
5.0(7)
Apartment complex · 25/115 หมู่ที่ 6

Directions
 
""Small friendly clinic, can perform surgery, reasonable price.""",9.52396176223495,100.0391192082621
0x3054f10acd14eeed:0xe02d9bbe7720ab63,Popsmile 2 (Bophut branch),https://www.google.com/maps/place/Popsmile+2+%28Bophut+branch%29/data=!4m7!3m6!1s0x3054f10acd14eeed:0xe02d9bbe7720ab63!8m2!3d9.5462865!4d100.0384936!16s%2Fg%2F11krs2v3kb!19sChIJ7e4UzQrxVDARY6sgd76bLeA?authuser=0&hl=en&rclk=1,4.8,29,,Dental clinic,120/24 หมู่1,Closed · Opens 10 am · +66 63 591 7979,"Popsmile 2 (Bophut branch)
4.8(29)
Dental clinic · 120/24 หมู่1
Closed · Opens 10 am · +66 63 591 7979

Website

Directions
 
""The office is clean and their equipment is sterile, clean and professional.""",9.54041234853893,100.03184898995326
0x3054f1d11d137d4f:0xf970e10e0312a2bc,HIGH FLY CLUB,https://www.google.com/maps/place/HIGH+FLY+CLUB/data=!4m7!3m6!1s0x3054f1d11d137d4f:0xf970e10e0312a2bc!8m2!3d9.5474488!4d100.0374849!16s%2Fg%2F11zjz5x_m8!19sChIJT30THdHxVDARvKISAw7hcPk?authuser=0&hl=en&rclk=1,5.0,38,,Cannabis store," · 159, 6",Closed · Opens 9 am · +66 98 909 4977,"HIGH FLY CLUB
5.0(38)
Cannabis store ·  · 159, 6
Closed · Opens 9 am · +66 98 909 4977

Website

Directions
 
""Wonderful service, with great detail and knowledge.""",9.54041234853893,100.03184898995326
0x3054f05726244629:0xb1b90bb20f8cfdeb,บริษัท ราชเทวี โฮลิสติก คลินิก จำกัด,https://www.google.com/maps/place/%E0%B8%9A%E0%B8%A3%E0%B8%B4%E0%B8%A9%E0%B8%B1%E0%B8%97+%E0%B8%A3%E0%B8%B2%E0%B8%8A%E0%B9%80%E0%B8%97%E0%B8%A7%E0%B8%B5+%E0%B9%82%E0%B8%AE%E0%B8%A5%E0%B8%B4%E0%B8%AA%E0%B8%95%E0%B8%B4%E0%B8%81+%E0%B8%84%E0%B8%A5%E0%B8%B4%E0%B8%99%E0%B8%B4%E0%B8%81+%E0%B8%88%E0%B8%B3%E0%B8%81%E0%B8%B1%E0%B8%94/data=!4m7!3m6!1s0x3054f05726244629:0xb1b90bb20f8cfdeb!8m2!3d9.5416531!4d100.0408329!16s%2Fg%2F1pzsg_ycq!19sChIJKUYkJlfwVDAR6_2MD7ILubE?authuser=0&hl=en&rclk=1,5.0,1,,Walk-in clinic,"108/38-40 หมู่1, ถนนทวีราษฎร์ภักดี, ตำบลบ่อผุด อำเภอเกาะสมุย จังหวัดสุราษฎร์ธานี, 84320",,"บริษัท ราชเทวี โฮลิสติก คลินิก จำกัด
5.0(1)
Walk-in clinic · 108/38-40 หมู่1, ถนนทวีราษฎร์ภักดี, ตำบลบ่อผุด อำเภอเกาะสมุย จังหวัดสุราษฎร์ธานี, 84320
+66 77 430 702

Website

Directions",9.54041234853893,100.03184898995326
0x3054f1a6653b8f69:0x4597741903fcaa47,"J'S Beauty Center Samui ( Hair Removal, Facial Treatment, Guasha,Ear Spa, body whitening)","https://www.google.com/maps/place/J%27S+Beauty+Center+Samui+%28+Hair+Removal,+Facial+Treatment,+Guasha,Ear+Spa,+body+whitening%29/data=!4m7!3m6!1s0x3054f1a6653b8f69:0x4597741903fcaa47!8m2!3d9.5498136!4d100.035781!16s%2Fg%2F11rttr75nr!19sChIJaY87ZabxVDARR6r8Axl0l0U?authuser=0&hl=en&rclk=1",5.0,167,,Skin care clinic,108/28,Closed · Opens 10 am · +66 63 220 1817,"J'S Beauty Center Samui ( Hair Removal, Facial Treatment, Guasha,Ear Spa, body whitening)
5.0(167)
Skin care clinic · 108/28
Closed · Opens 10 am · +66 63 220 1817

Website

Directions
 
""Great service, friendly and very helpful staff that treats you nice.""",9.54041234853893,100.03184898995326
0x3054f7f6b91b2653:0x1df6cc6c26c7cb11,Wattanapat Hospital Samui,https://www.google.com/maps/place/Wattanapat+Hospital+Samui/data=!4m7!3m6!1s0x3054f7f6b91b2653:0x1df6cc6c26c7cb11!8m2!3d9.5489!4d100.035898!16s%2Fg%2F11f658gzlz!19sChIJUyYbufb3VDAREcvHJmzM9h0?authuser=0&hl=en&rclk=1,4.0,475,,Hospital," · 555, 555 หมู่ที่ 1 ถ. ทวีราษฎร์ภักดี",Open 24 hours · +66 77 965 889,"Wattanapat Hospital Samui
4.0(475)
Hospital ·  · 555, 555 หมู่ที่ 1 ถ. ทวีราษฎร์ภักดี
Open 24 hours · +66 77 965 889

Website

Directions
 
""The staff is highly professional, knowledgeable and race very good care.""",9.54041234853893,100.03184898995326
0x3054f15eb88a60a9:0xaa44abf17ca2130,beauty hub samui,https://www.google.com/maps/place/beauty+hub+samui/data=!4m7!3m6!1s0x3054f15eb88a60a9:0xaa44abf17ca2130!8m2!3d9.5355918!4d100.0417697!16s%2Fg%2F11ltkmc1xp!19sChIJqWCKuF7xVDARMCHKF79KpAo?authuser=0&hl=en&rclk=1,4.9,107,,Beauty salon, · 1/65,Closed · Opens 9 am · +66 98 107 1067,"beauty hub samui
4.9(107)
Beauty salon ·  · 1/65
Closed · Opens 9 am · +66 98 107 1067

Website

Directions
 
""They fixed my haircolor and turned out so great!!""
 

Book online",9.54041234853893,100.03184898995326
0x3054f059dec461b1:0x54aac7082cdac5d2,Bandon International Hospital,https://www.google.com/maps/place/Bandon+International+Hospital/data=!4m7!3m6!1s0x3054f059dec461b1:0x54aac7082cdac5d2!8m2!3d9.5444671!4d100.0400578!16s%2Fg%2F1tndmy7r!19sChIJsWHE3lnwVDAR0sXaLAjHqlQ?authuser=0&hl=en&rclk=1,3.9,125,,Private hospital, · 123/1 หมู่ 1,Open 24 hours · +66 77 332 706,"Bandon International Hospital
3.9(125)
Private hospital ·  · 123/1 หมู่ 1
Open 24 hours · +66 77 332 706

Directions
 
""Quite expensive but I was treated well.""",9.54041234853893,100.03184898995326
0x3054f1f37d6964a3:0x31c0e3b170c4bab3,Samui Beauty Club,https://www.google.com/maps/place/Samui+Beauty+Club/data=!4m7!3m6!1s0x3054f1f37d6964a3:0x31c0e3b170c4bab3!8m2!3d9.5514325!4d100.0350388!16s%2Fg%2F11kc44j346!19sChIJo2RpffPxVDARs7rEcLHjwDE?authuser=0&hl=en&rclk=1,4.9,484,,Beauty salon,119 30,Closed · Opens 10 am · +66 91 099 1990,"Samui Beauty Club
4.9(484)
Beauty salon · 119 30
Closed · Opens 10 am · +66 91 099 1990

Website

Directions
 
""All of the ladies are wonderful and the treatment was very thorough.""",9.547894909172156,100.02679986773762
0x3054f1cb6b16d69b:0x33bd581ab5e90d78,Youngnum Pet Hospital,https://www.google.com/maps/place/Youngnum+Pet+Hospital/data=!4m7!3m6!1s0x3054f1cb6b16d69b:0x33bd581ab5e90d78!8m2!3d9.5497451!4d100.0357307!16s%2Fg%2F11ckrjf0xk!19sChIJm9YWa8vxVDAReA3ptRpYvTM?authuser=0&hl=en&rclk=1,4.3,103,,Animal hospital,108/25,Closed · Opens 9 am · +66 77 962 435,"Youngnum Pet Hospital
4.3(103)
Animal hospital · 108/25
Closed · Opens 9 am · +66 77 962 435

Directions
 
""Great staff, thorough examination and treatment.""",9.547894909172156,100.02679986773762
0x3054f13c8ba7f8df:0x3403fc54067f4487,Samui Home Pharmacy,https://www.google.com/maps/place/Samui+Home+Pharmacy/data=!4m7!3m6!1s0x3054f13c8ba7f8df:0x3403fc54067f4487!8m2!3d9.5568312!4d100.0311954!16s%2Fg%2F11y6dt2mlr!19sChIJ3_inizzxVDARh0R_BlT8AzQ?authuser=0&hl=en&rclk=1,4.8,25,,Pharmacy,4171 2/31,Closed · Opens 9 am · +66 93 651 2888,"Samui Home Pharmacy
4.8(25)
Pharmacy · 4171 2/31
Closed · Opens 9 am · +66 93 651 2888

Website

Directions
 
""The clinic also have very fair prices.""",9.547894909172156,100.02679986773762
0x3054f08d8dc6c4c7:0x6f1b23e207329b88,Baan Luck Fun Dental Clinic (Bophut),https://www.google.com/maps/place/Baan+Luck+Fun+Dental+Clinic+%28Bophut%29/data=!4m7!3m6!1s0x3054f08d8dc6c4c7:0x6f1b23e207329b88!8m2!3d9.5612758!4d100.0220461!16s%2Fg%2F1pzyf39l2!19sChIJx8TGjY3wVDARiJsyB-IjG28?authuser=0&hl=en&rclk=1,4.8,32,,Dental clinic,17/11-12,Closed · Opens 9 am · +66 86 470 4248,"Baan Luck Fun Dental Clinic (Bophut)
4.8(32)
Dental clinic · 17/11-12
Closed · Opens 9 am · +66 86 470 4248

Directions
 
""Rapid and effective care and very helpful.""",9.547894909172156,100.02679986773762
0x76dc6c84a62ea87:0x533ce55b761ecf9e,The Beauty Boutique,https://www.google.com/maps/place/The+Beauty+Boutique/data=!4m7!3m6!1s0x76dc6c84a62ea87:0x533ce55b761ecf9e!8m2!3d9.5549194!4d100.0320894!16s%2Fg%2F11w28y9c7t!19sChIJh-piSsjGbQcRns8edlvlPFM?authuser=0&hl=en&rclk=1,4.9,114,,Beauty salon,2 43 ม.1,Closed · Opens 10 am · +66 98 228 7156,"The Beauty Boutique
4.9(114)
Beauty salon · 2 43 ม.1
Closed · Opens 10 am · +66 98 228 7156

Website

Directions
 
""Amazing experience
Amazing treatment
exceptional service""",9.547894909172156,100.02679986773762
0x3054f062fa85ecb1:0x407a516f2b5ebe80,Neng Nursing and Midwife Clinic,https://www.google.com/maps/place/Neng+Nursing+and+Midwife+Clinic/data=!4m7!3m6!1s0x3054f062fa85ecb1:0x407a516f2b5ebe80!8m2!3d9.5640117!4d100.0381037!16s%2Fg%2F1pzvg3zd6!19sChIJseyF-mLwVDARgL5eK29RekA?authuser=0&hl=en&rclk=1,,0,,Walk-in clinic,"68/21, Moo4, Tambon Bo Phut, Amphoe Koh Samui, Suratthani, 84140",,"Neng Nursing and Midwife Clinic
No reviews
Walk-in clinic · 68/21, Moo4, Tambon Bo Phut, Amphoe Koh Samui, Suratthani, 84140
+66 84 241 1103

Directions",9.547894909172156,100.02679986773762
0x3054f18e15c51615:0x9a08f615e9a14434,Koh Samui Island Health Massage,https://www.google.com/maps/place/Koh+Samui+Island+Health+Massage/data=!4m7!3m6!1s0x3054f18e15c51615:0x9a08f615e9a14434!8m2!3d9.5609653!4d100.0221127!16s%2Fg%2F11k53dj0nk!19sChIJFRbFFY7xVDARNESh6RX2CJo?authuser=0&hl=en&rclk=1,4.9,158,,Massage spa,"17, 25 Main Ring Road",Closed · Opens 9:30 am · +66 80 784 2795,"Koh Samui Island Health Massage
4.9(158)
Massage spa · 17, 25 Main Ring Road
Closed · Opens 9:30 am · +66 80 784 2795

Directions
 
""I have migraines and they were able to figure out the root cause.""",9.554742422758098,100.02089657672882
0x3054f1d350fe6f3f:0xcc3bef44f76b534d,Le Karn Spa & Beauty,https://www.google.com/maps/place/Le+Karn+Spa+%26+Beauty/data=!4m7!3m6!1s0x3054f1d350fe6f3f:0xcc3bef44f76b534d!8m2!3d9.5613449!4d100.0220054!16s%2Fg%2F11mysfn0j_!19sChIJP2_-UNPxVDARTVNr90TvO8w?authuser=0&hl=en&rclk=1,4.9,175,,Massage spa,17/9,Closed · Opens 10 am · +66 99 015 2604,"Le Karn Spa & Beauty
4.9(175)
Massage spa · 17/9
Closed · Opens 10 am · +66 99 015 2604

Website

Directions
 
""I came in with an injury and left feeling truly healed and relieved.""",9.554742422758098,100.02089657672882
0x3054f1ab890d93cb:0x93f9f5fec081e78a,Pan Beauty Room,https://www.google.com/maps/place/Pan+Beauty+Room/data=!4m7!3m6!1s0x3054f1ab890d93cb:0x93f9f5fec081e78a!8m2!3d9.5630637!4d100.0217988!16s%2Fg%2F11vbwg769h!19sChIJy5MNiavxVDARiueBwP71-ZM?authuser=0&hl=en&rclk=1,5.0,48,,Facial spa,"180, H27C+HR5, 5",Closed · Opens 10 am · +66 92 842 8639,"Pan Beauty Room
5.0(48)
Facial spa · 180, H27C+HR5, 5
Closed · Opens 10 am · +66 92 842 8639

Website

Directions
 
""I got the deep clean facial and my skin looks and feels incredible!""",9.557898178137709,100.01764960325222
0x3054f1fb4c1dd0a7:0xb1f4be6853bd2727,กดสิวเกาะสมุย samuiacne treatment center,https://www.google.com/maps/place/%E0%B8%81%E0%B8%94%E0%B8%AA%E0%B8%B4%E0%B8%A7%E0%B9%80%E0%B8%81%E0%B8%B2%E0%B8%B0%E0%B8%AA%E0%B8%A1%E0%B8%B8%E0%B8%A2+samuiacne+treatment+center/data=!4m7!3m6!1s0x3054f1fb4c1dd0a7:0xb1f4be6853bd2727!8m2!3d9.5647607!4d100.0127729!16s%2Fg%2F11k9tptrlm!19sChIJp9AdTPvxVDARJye9U2i-9LE?authuser=0&hl=en&rclk=1,5.0,41,,Beauty salon,11 23 ม.1 ตำบล แม่น้ำ,Closed · Opens 9 am · +66 82 498 5621,"กดสิวเกาะสมุย samuiacne treatment center
5.0(41)
Beauty salon · 11 23 ม.1 ตำบล แม่น้ำ
Closed · Opens 9 am · +66 82 498 5621

Directions
 
""Exceptional service, exceptional results!""",9.557898178137709,100.01764960325222
0x3054f08cfaeb8c11:0x944422aaae0ed1fb,V Grace,https://www.google.com/maps/place/V+Grace/data=!4m7!3m6!1s0x3054f08cfaeb8c11:0x944422aaae0ed1fb!8m2!3d9.5577793!4d100.0282102!16s%2Fg%2F11g8ks2sf5!19sChIJEYzr-ozwVDAR-9EOrqoiRJQ?authuser=0&hl=en&rclk=1,4.6,201,,Beauty salon,"100, 29",Closed · Opens 10 am · +66 93 218 6922,"V Grace
4.6(201)
Beauty salon · 100, 29
Closed · Opens 10 am · +66 93 218 6922

Website

Directions
 
""They got into straight to washing my hair- and the cut is perfect.""",9.557898178137709,100.01764960325222
0x3054f0a51568e757:0xf2198af9f54a56cf,คลินิกพลานการพยาบาลและการผดุงครรภ์,https://www.google.com/maps/place/%E0%B8%84%E0%B8%A5%E0%B8%B4%E0%B8%99%E0%B8%B4%E0%B8%81%E0%B8%9E%E0%B8%A5%E0%B8%B2%E0%B8%99%E0%B8%81%E0%B8%B2%E0%B8%A3%E0%B8%9E%E0%B8%A2%E0%B8%B2%E0%B8%9A%E0%B8%B2%E0%B8%A5%E0%B9%81%E0%B8%A5%E0%B8%B0%E0%B8%81%E0%B8%B2%E0%B8%A3%E0%B8%9C%E0%B8%94%E0%B8%B8%E0%B8%87%E0%B8%84%E0%B8%A3%E0%B8%A3%E0%B8%A0%E0%B9%8C/data=!4m7!3m6!1s0x3054f0a51568e757:0xf2198af9f54a56cf!8m2!3d9.5686319!4d100.0039101!16s%2Fg%2F1pzt_wghr!19sChIJV-doFaXwVDARz1ZK9fmKGfI?authuser=0&hl=en&rclk=1,,0,,Walk-in clinic,"40 หมู่ที่ 4, ตำบลแม่น้ำ อำเภอเกาะสมุย จังหวัดสุราษฎร์ธานี, 84140",,"คลินิกพลานการพยาบาลและการผดุงครรภ์
No reviews
Walk-in clinic · 40 หมู่ที่ 4, ตำบลแม่น้ำ อำเภอเกาะสมุย จังหวัดสุราษฎร์ธานี, 84140
+66 89 594 5941

Directions",9.566165006200201,100.00686345297079
0x3054f0a54f0f4213:0x2b2d2ee27e322e8,คลินิกมณูศรีการพยาบาลและการผดุงครรภ์,https://www.google.com/maps/place/%E0%B8%84%E0%B8%A5%E0%B8%B4%E0%B8%99%E0%B8%B4%E0%B8%81%E0%B8%A1%E0%B8%93%E0%B8%B9%E0%B8%A8%E0%B8%A3%E0%B8%B5%E0%B8%81%E0%B8%B2%E0%B8%A3%E0%B8%9E%E0%B8%A2%E0%B8%B2%E0%B8%9A%E0%B8%B2%E0%B8%A5%E0%B9%81%E0%B8%A5%E0%B8%B0%E0%B8%81%E0%B8%B2%E0%B8%A3%E0%B8%9C%E0%B8%94%E0%B8%B8%E0%B8%87%E0%B8%84%E0%B8%A3%E0%B8%A3%E0%B8%A0%E0%B9%8C/data=!4m7!3m6!1s0x3054f0a54f0f4213:0x2b2d2ee27e322e8!8m2!3d9.5677855!4d100.0033092!16s%2Fg%2F1pzrm3kbm!19sChIJE0IPT6XwVDAR6CLjJ-7SsgI?authuser=0&hl=en&rclk=1,,0,,Walk-in clinic,"60 หมู่ที่ 3, ตำบลแม่น้ำ อำเภอเกาะสมุย จังหวัดสุราษฎร์ธานี, 84140",,"คลินิกมณูศรีการพยาบาลและการผดุงครรภ์
No reviews
Walk-in clinic · 60 หมู่ที่ 3, ตำบลแม่น้ำ อำเภอเกาะสมุย จังหวัดสุราษฎร์ธานี, 84140
+66 77 425 173

Directions",9.566165006200201,100.00686345297079
0x3054f1c14fcc3f27:0x2d86cbb4ec9bdeb,Awake - Laser institute,https://www.google.com/maps/place/Awake+-+Laser+institute/data=!4m7!3m6!1s0x3054f1c14fcc3f27:0x2d86cbb4ec9bdeb!8m2!3d9.5690629!4d99.9961654!16s%2Fg%2F11yfcz8yt2!19sChIJJz_MT8HxVDAR673JTrts2AI?authuser=0&hl=en&rclk=1,5.0,15,,Wellness center,"215, 15",Temporarily closed · +66 81 123 1157,"Awake - Laser institute
5.0(15)
Wellness center · 215, 15
Temporarily closed · +66 81 123 1157

Website

Directions
 
""The space is very clean, and the practitioner is both gentle and attentive.""",9.570582707747855,99.99892695380152
0x3054f0afa375b3b3:0xa414b9d7b6f37bec,Miskawaan Beachfront Villas,https://www.google.com/maps/place/Miskawaan+Beachfront+Villas/data=!4m10!3m9!1s0x3054f0afa375b3b3:0xa414b9d7b6f37bec!5m2!4m1!1i2!8m2!3d9.570113!4d100.0003604!16s%2Fg%2F1tkkr8xx!19sChIJs7N1o6_wVDAR7Hvztte5FKQ?authuser=0&hl=en&rclk=1,4.9,118,,Villa,,Closed · Opens 8:30 am · +66 83 390 2992,"Miskawaan Beachfront Villas
4.9(118)
Villa · 
Closed · Opens 8:30 am · +66 83 390 2992

Website

Directions
 

Pool

Spa

Free parking

Free breakfast
 
""There is virtually nothing we could suggest for further improvement.""",9.574052793685803,99.99052028945273
0x3054f7e285100fbd:0x625604a333e43955,Bantai Beautybar,https://www.google.com/maps/place/Bantai+Beautybar/data=!4m7!3m6!1s0x3054f7e285100fbd:0x625604a333e43955!8m2!3d9.5789827!4d99.9692491!16s%2Fg%2F11w4kdlpvg!19sChIJvQ8QheL3VDARVTnkM6MEVmI?authuser=0&hl=en&rclk=1,5.0,155,,Beauty Salon,"29, Maenam, 3",Closed · Opens 10 am · +66 95 548 0200,"Bantai Beautybar
5.0(155)
Beauty Salon · 29, Maenam, 3
Closed · Opens 10 am · +66 95 548 0200

Website

Directions
 
""I always leave feeling pampered and well taken care of.""
 

Book online",9.57738030083188,99.9772834654156
0x3054f762a58a710f:0x9a322a80b5354f2,Luxe Health Massage,https://www.google.com/maps/place/Luxe+Health+Massage/data=!4m7!3m6!1s0x3054f762a58a710f:0x9a322a80b5354f2!8m2!3d9.5790986!4d99.9584161!16s%2Fg%2F11c7hf9358!19sChIJD3GKpWL3VDAR8lRTC6giowk?authuser=0&hl=en&rclk=1,4.7,203,,Massage spa, · 2 6 ถ. ทวีราษฎร์ภักดี,Closed · Opens 10 am · +66 80 520 0559,"Luxe Health Massage
4.7(203)
Massage spa ·  · 2 6 ถ. ทวีราษฎร์ภักดี
Closed · Opens 10 am · +66 80 520 0559

Website

Directions
 
""The staff is kind and the massages are excellent.""",9.57830232418242,99.96821831820954
0x3054f9dae970b071:0x9e7ec11b714c8fcf,Bantai Padel,https://www.google.com/maps/place/Bantai+Padel/data=!4m7!3m6!1s0x3054f9dae970b071:0x9e7ec11b714c8fcf!8m2!3d9.5802607!4d99.9689958!16s%2Fg%2F11vs7k2553!19sChIJcbBw6dr5VDARz49McRvBfp4?authuser=0&hl=en&rclk=1,5.0,48,,Padel club," · 69, 42 Bantai Beach",Closed · Opens 7 am · +66 61 307 8750,"Bantai Padel
5.0(48)
Padel club ·  · 69, 42 Bantai Beach
Closed · Opens 7 am · +66 61 307 8750

Website

Directions
 
""Such a perfect way to recover and reset.""",9.57830232418242,99.96821831820954
0x3054f772727c69d1:0x4c70736a26b8b5,Khoomthong​ ​massage,https://www.google.com/maps/place/Khoomthong%E2%80%8B+%E2%80%8Bmassage/data=!4m7!3m6!1s0x3054f772727c69d1:0x4c70736a26b8b5!8m2!3d9.5786271!4d99.9585147!16s%2Fg%2F11g1mkfdg6!19sChIJ0Wl8cnL3VDARtbgmanNwTAA?authuser=0&hl=en&rclk=1,4.8,153,,Massage spa,Thaweerajpakdee,Closed · Opens 10 am · +66 89 288 5047,"Khoomthong​ ​massage
4.8(153)
Massage spa · Thaweerajpakdee
Closed · Opens 10 am · +66 89 288 5047

Directions
 
""Professional, clean service - lovely people.""",9.57830232418242,99.96821831820954
0x3054fd5fd705d7e9:0x6c247ac4b9a1d788,LIV Clinic Aesthetic+Wellness Koh Phangan,https://www.google.com/maps/place/LIV+Clinic+Aesthetic%2BWellness+Koh+Phangan/data=!4m7!3m6!1s0x3054fd5fd705d7e9:0x6c247ac4b9a1d788!8m2!3d9.7083978!4d99.9970004!16s%2Fg%2F11n9v1t3pd!19sChIJ6dcF11_9VDARiNehucR6JGw?authuser=0&hl=en&rclk=1,5.0,62,,Skin care clinic,"เกาะพะงัน, Liv Clinic, 116/16",Closed · Opens 11 am · +66 93 254 5259,"LIV Clinic Aesthetic+Wellness Koh Phangan
5.0(62)
Skin care clinic · เกาะพะงัน, Liv Clinic, 116/16
Closed · Opens 11 am · +66 93 254 5259

Website

Directions
 
On-site services",9.578170379189059,99.95910607702011
0x3054f7bcf65cd8b9:0xe7157721812b1ad9,Health Oasis Restaurant,https://www.google.com/maps/place/Health+Oasis+Restaurant/data=!4m7!3m6!1s0x3054f7bcf65cd8b9:0xe7157721812b1ad9!8m2!3d9.578039!4d99.9466071!16s%2Fg%2F11h8j1x_kr!19sChIJudhc9rz3VDAR2RorgSF3Fec?authuser=0&hl=en&rclk=1,4.6,9,,Vegetarian, · Health Oasis,Closed · Opens 8 am · +66 77 602 096,"Health Oasis Restaurant
4.6(9)
Vegetarian ·  · Health Oasis
Closed · Opens 8 am · +66 77 602 096

Website

Directions
 
Dine-in
·
Takeaway
·
No delivery",9.576986283650765,99.95007228069676
0x3054f3a156998b51:0x94fb235b8b5c9fd4,Orchid Lodge Samui,https://www.google.com/maps/place/Orchid+Lodge+Samui/data=!4m10!3m9!1s0x3054f3a156998b51:0x94fb235b8b5c9fd4!5m2!4m1!1i2!8m2!3d9.4513051!4d100.0188334!16s%2Fg%2F11cnbmfn2x!19sChIJUYuZVqHzVDAR1J9ci1sj-5Q?authuser=0&hl=en&rclk=1,4.8,131,,,,,"Orchid Lodge Samui
4.8(131)
3-star hotel
+66 92 623 4047

Website

Directions
 

Pool

Spa

Free parking

Free breakfast
 
""The staff are amazing, very friendly, they will take care of everything.""",9.4488575772419,100.02089657672882
0x3054f3442b7426ab:0x44b7b8bff6185620,Animalia Pet Hospital,https://www.google.com/maps/place/Animalia+Pet+Hospital/data=!4m7!3m6!1s0x3054f3442b7426ab:0x44b7b8bff6185620!8m2!3d9.4698379!4d100.0405951!16s%2Fg%2F11fn9rvbc2!19sChIJqyZ0K0TzVDARIFYY9r-4t0Q?authuser=0&hl=en&rclk=1,3.8,131,,Animal hospital,4169,Closed · Opens 9 am · +66 95 257 7015,"Animalia Pet Hospital
3.8(131)
Animal hospital · 4169
Closed · Opens 9 am · +66 95 257 7015

Website

Directions
 
""Very expensive but very professional!""",9.46713516345024,100.0340310127454
0x3054f3a86ac09ce9:0x7a0277c75906de17,คลินิกช่อลัดาการแพทย์,https://www.google.com/maps/place/%E0%B8%84%E0%B8%A5%E0%B8%B4%E0%B8%99%E0%B8%B4%E0%B8%81%E0%B8%8A%E0%B9%88%E0%B8%AD%E0%B8%A5%E0%B8%B1%E0%B8%94%E0%B8%B2%E0%B8%81%E0%B8%B2%E0%B8%A3%E0%B9%81%E0%B8%9E%E0%B8%97%E0%B8%A2%E0%B9%8C/data=!4m7!3m6!1s0x3054f3a86ac09ce9:0x7a0277c75906de17!8m2!3d9.4717404!4d100.0473263!16s%2Fg%2F1hc2_wsqk!19sChIJ6ZzAaqjzVDARF94GWcd3Ano?authuser=0&hl=en&rclk=1,5.0,0,,Medical clinic,136 9,,"คลินิกช่อลัดาการแพทย์
5.0
Medical clinic · 136 9
+66 77 458 503

Directions",9.47120217231222,100.0359743818946
0x3054f4bb0820481b:0x904f2e81a9e1ae43,Samahita,https://www.google.com/maps/place/Samahita/data=!4m10!3m9!1s0x3054f4bb0820481b:0x904f2e81a9e1ae43!5m2!4m1!1i2!8m2!3d9.418192!4d99.976807!16s%2Fg%2F119trn6wx!19sChIJG0ggCLv0VDARQ67hqYEuT5A?authuser=0&hl=en&rclk=1,4.7,167,,,,,"Samahita
4.7(167)
4-star hotel
+66 77 920 090

Website

Directions
 

Pool

Spa

Free parking

Free Wi-Fi
 
""The staff here are all lovely and the massages the best I have had anywhere.""",9.421352629392349,99.9750581618722
0x3054f3e3bc1e57c7:0x3d4ed0d93dab51f2,So Shine Samui,https://www.google.com/maps/place/So+Shine+Samui/data=!4m7!3m6!1s0x3054f3e3bc1e57c7:0x3d4ed0d93dab51f2!8m2!3d9.4556844!4d100.0383121!16s%2Fg%2F11j538rqqn!19sChIJx1cevOPzVDAR8lGrPdnQTj0?authuser=0&hl=en&rclk=1,4.9,68,,Beauty salon,"123, 48",,"So Shine Samui
4.9(68)
Beauty salon · 123, 48
+66 64 478 1873

Website

Directions
 
""Alyia did an amazing job - minimal pain for wax.""",9.459003629840817,100.03462459205896
0x162d60a55fc1f35:0x439713965defa9fd,Hypnosis. Therapy. Mindfulness. Mental Health. Wellness. By Rapid Life Improvement,https://www.google.com/maps/place/Hypnosis.+Therapy.+Mindfulness.+Mental+Health.+Wellness.+By+Rapid+Life+Improvement/data=!4m7!3m6!1s0x162d60a55fc1f35:0x439713965defa9fd!8m2!3d9.5509808!4d99.8703946!16s%2Fg%2F11xm65n_8s!19sChIJNR_8VQrWYgER_anvXZYTl0M?authuser=0&hl=en&rclk=1,,0,,,,Closed · Opens 8 AM · +66 61 253 1385,"Hypnosis. Therapy. Mindfulness. Mental Health. Wellness. By Rapid Life Improvement
No reviews
Hypnotherapy service
Closed · Opens 8 AM · +66 61 253 1385

Website

Directions",9.462897016873013,100.03692816279269
0x3054f239eefe1ef1:0xeadb881c1b486c3,คลินิกทันตกรรมยิ้มสวย,https://www.google.com/maps/place/%E0%B8%84%E0%B8%A5%E0%B8%B4%E0%B8%99%E0%B8%B4%E0%B8%81%E0%B8%97%E0%B8%B1%E0%B8%99%E0%B8%95%E0%B8%81%E0%B8%A3%E0%B8%A3%E0%B8%A1%E0%B8%A2%E0%B8%B4%E0%B9%89%E0%B8%A1%E0%B8%AA%E0%B8%A7%E0%B8%A2/data=!4m7!3m6!1s0x3054f239eefe1ef1:0xeadb881c1b486c3!8m2!3d9.471739!4d100.0480299!16s%2Fg%2F11f7nxr9x4!19sChIJ8R7-7jnyVDARw4a0wYG4rQ4?authuser=0&hl=en&rclk=1,3.7,3,,Dentist,83/25 Had Lamai Rd,,"คลินิกทันตกรรมยิ้มสวย
3.7(3)
Dentist · 83/25 Had Lamai Rd
+66 94 871 0613

Directions
 

Book online",9.475248702337964,100.04247619548126
0x3054f1b75099a53d:0xbd59654140010ecd,Dog and Cat Rescue Samui Foundation,https://www.google.com/maps/place/Dog+and+Cat+Rescue+Samui+Foundation/data=!4m7!3m6!1s0x3054f1b75099a53d:0xbd59654140010ecd!8m2!3d9.5226123!4d100.053523!16s%2Fg%2F11f3zwjsr1!19sChIJPaWZULfxVDARzQ4BQEFlWb0?authuser=0&hl=en&rclk=1,4.7,361,,Animal shelter,"112, 35 Talat Dao",Closed · Opens 9 AM · +66 81 893 9443,"Dog and Cat Rescue Samui Foundation
4.7(361)
Animal shelter · 112, 35 Talat Dao
Closed · Opens 9 AM · +66 81 893 9443

Website

Directions
 
""The staff are super friendly, answer all the questions the best they can.""",9.524132997878658,100.04856968014423
0x3054f1c9c4b21ab7:0x95aa3b3824c0e7e8,Waeo Ta Nursing and Midwifery Clinic,https://www.google.com/maps/place/Waeo+Ta+Nursing+and+Midwifery+Clinic/data=!4m7!3m6!1s0x3054f1c9c4b21ab7:0x95aa3b3824c0e7e8!8m2!3d9.525411!4d100.059064!16s%2Fg%2F11r8h5z7m!19sChIJtxqyxMnxVDAR6OfAJDg7qpU?authuser=0&hl=en&rclk=1,,0,,,,,"Waeo Ta Nursing and Midwifery Clinic
No reviews
G3G5+5J8

Directions",9.524132997878658,100.04856968014423
0x3054f1f8ef0ddeb3:0x93faa7304654b7aa,Honey Beauty Studio – Fisherman’s Village,https://www.google.com/maps/place/Honey+Beauty+Studio+%E2%80%93+Fisherman%E2%80%99s+Village/data=!4m7!3m6!1s0x3054f1f8ef0ddeb3:0x93faa7304654b7aa!8m2!3d9.5606227!4d100.0283357!16s%2Fg%2F11z0v9bdhq!19sChIJs94N7_jxVDARqrdURjCn-pM?authuser=0&hl=en&rclk=1,4.9,124,,Beauty Salon,"24, 36",Closed · Opens 11 am · +66 93 598 3245,"Honey Beauty Studio – Fisherman’s Village
4.9(124)
Beauty Salon · 24, 36
Closed · Opens 11 am · +66 93 598 3245

Website

Directions
 
""Clean, Air-conditioned, with friendly and professional staff.""
 

Book online",9.559458636167948,100.02892832487791
0x3054f17a3666a1fb:0x8bf2f2504181e01c,"Asia Eco Corp Co., Ltd.","https://www.google.com/maps/place/Asia+Eco+Corp+Co.,+Ltd./data=!4m7!3m6!1s0x3054f17a3666a1fb:0x8bf2f2504181e01c!8m2!3d9.5581025!4d100.0311623!16s%2Fg%2F11xntg4cg1!19sChIJ-6FmNnrxVDARHOCBQVDy8os?authuser=0&hl=en&rclk=1",,0,,Manufacturer,"45, T, 19",Closed · Opens 9 AM · +66 80 817 7292,"Asia Eco Corp Co., Ltd.
No reviews
Manufacturer · 45, T, 19
Closed · Opens 9 AM · +66 80 817 7292

Website

Directions
 
On-site services",9.5627162458077,100.02575367296322
0x30540700324c3351:0x5c48eaad7d0cd5e4,TPNAIL STUDIO,https://www.google.com/maps/place/TPNAIL+STUDIO/data=!4m7!3m6!1s0x30540700324c3351:0x5c48eaad7d0cd5e4!8m2!3d9.5597442!4d100.0295591!16s%2Fg%2F11y8ngmync!19sChIJUTNMMgAHVDAR5NUMfa3qSFw?authuser=0&hl=en&rclk=1,5.0,9,,Beauty salon,79 9,Closed · Opens 10 AM · +66 80 905 5591,"TPNAIL STUDIO
5.0(9)
Beauty salon · 79 9
Closed · Opens 10 AM · +66 80 905 5591

Website

Directions
 
""Mook is very skilled and professional.""",9.5627162458077,100.02575367296322
0x3054f3ac8dc52e53:0xe94fb2b6520769c1,Royal Beach Boutique Resort,https://www.google.com/maps/place/Royal+Beach+Boutique+Resort/data=!4m10!3m9!1s0x3054f3ac8dc52e53:0xe94fb2b6520769c1!5m2!4m1!1i2!8m2!3d9.4514292!4d100.0338205!16s%2Fg%2F11bbrkzyvs!19sChIJUy7FjazzVDARwWkHUrayT-k?authuser=0&hl=en&rclk=1,4.6,397,,,,,"Royal Beach Boutique Resort
4.6(397)
4-star hotel
Upscale beachfront hotel with a pool
+66 77 418 080

Website

Directions
 

Pool

Free parking

Free Wi-Fi

Air-conditioned
 
""Can’t stress how nice the staff is really.""",9.44755967843228,100.03192423964931
0x3054f328245d74b9:0xf20f03274c303794,Dtus,https://www.google.com/maps/place/Dtus/data=!4m7!3m6!1s0x3054f328245d74b9:0xf20f03274c303794!8m2!3d9.455654!4d100.041046!16s%2Fg%2F11ks6h5hhd!19sChIJuXRdJCjzVDARlDcwTCcDD_I?authuser=0&hl=en&rclk=1,5.0,101,,Massage therapist,"125, 55",Closed · Opens 9 am · +66 86 237 4655,"Dtus
5.0(101)
Massage therapist · 125, 55
Closed · Opens 9 am · +66 86 237 4655

Directions
 
""After my massages I felt like a completely new person.""",9.454839891331785,100.03734697860085
0x3054f2391350ee7d:0x491c31870936c84d,The Source Herbal Detox Retreat,https://www.google.com/maps/place/The+Source+Herbal+Detox+Retreat/data=!4m7!3m6!1s0x3054f2391350ee7d:0x491c31870936c84d!8m2!3d9.4711096!4d100.0509918!16s%2Fg%2F12cp7f9wd!19sChIJfe5QEznyVDARTcg2CYcxHEk?authuser=0&hl=en&rclk=1,4.8,91,,Health resort," · 179, Beach, Had Lamai Rd",Closed · Opens 10 am · +66 89 067 9856,"The Source Herbal Detox Retreat
4.8(91)
Health resort ·  · 179, Beach, Had Lamai Rd
Closed · Opens 10 am · +66 89 067 9856

Website

Directions
 
""The entire program genuinely helped me to recover my energy levels.""",9.47088292046146,100.04571632005168
0x3054f2393885ac35:0x5eed6d41a7965593,Forever Young,https://www.google.com/maps/place/Forever+Young/data=!4m7!3m6!1s0x3054f2393885ac35:0x5eed6d41a7965593!8m2!3d9.4710897!4d100.0519235!16s%2Fg%2F11g20vm8tf!19sChIJNayFODnyVDARk1WWp0Ft7V4?authuser=0&hl=en&rclk=1,5.0,53,,Beauty salon,หมู่ที่ 4 187/4,Closed · Opens 10 am · +66 81 968 1932,"Forever Young
5.0(53)
Beauty salon · หมู่ที่ 4 187/4
Closed · Opens 10 am · +66 81 968 1932

Website

Directions
 
""Very clean, very professional treatments and an overall great experience.""",9.475137805131826,100.04725791259385
0x3054f1c80e4cfb15:0x5092c2d763212837,ยิ้มสวย คลินิกทันตกรรม,https://www.google.com/maps/place/%E0%B8%A2%E0%B8%B4%E0%B9%89%E0%B8%A1%E0%B8%AA%E0%B8%A7%E0%B8%A2+%E0%B8%84%E0%B8%A5%E0%B8%B4%E0%B8%99%E0%B8%B4%E0%B8%81%E0%B8%97%E0%B8%B1%E0%B8%99%E0%B8%95%E0%B8%81%E0%B8%A3%E0%B8%A3%E0%B8%A1/data=!4m7!3m6!1s0x3054f1c80e4cfb15:0x5092c2d763212837!8m2!3d9.5223075!4d100.0592383!16s%2Fg%2F1hc29b104!19sChIJFftMDsjxVDARNyghY9fCklA?authuser=0&hl=en&rclk=1,4.6,5,,Dental clinic,"121/1 หมู่ 3 ซอยหาดเฉวง 1ตำบลบ่อผุด อำเภอเกาะสมุย สุราษฎร์ธานี, 84320",,"ยิ้มสวย คลินิกทันตกรรม
4.6(5)
Dental clinic · 121/1 หมู่ 3 ซอยหาดเฉวง 1ตำบลบ่อผุด อำเภอเกาะสมุย สุราษฎร์ธานี, 84320
+66 77 413 762

Directions",9.519651003891838,100.05433217189363
0x3054f05ab2dcc963:0x4c0fc660aaf7ada2,Phipat Medical Clinic,https://www.google.com/maps/place/Phipat+Medical+Clinic/data=!4m7!3m6!1s0x3054f05ab2dcc963:0x4c0fc660aaf7ada2!8m2!3d9.544806!4d100.047083!16s%2Fg%2F1pzvgsmby!19sChIJY8ncslrwVDARoq33qmDGD0w?authuser=0&hl=en&rclk=1,,0,,Walk-in clinic,"112/55-56, Moo 6, Tambon Bophut, Amphoe Koh Samui, Surat Thani, 84320",Permanently closed · +66 77 962 558,"Phipat Medical Clinic
No reviews
Walk-in clinic · 112/55-56, Moo 6, Tambon Bophut, Amphoe Koh Samui, Surat Thani, 84320
Permanently closed · +66 77 962 558

Directions",9.540888625145726,100.04709745330733
0x3054f06723352287:0x3efe7f8a85b2b44e,คลินิกสุเพ็ญจันทร์การพยาบาลและการผดุงครรภ์,https://www.google.com/maps/place/%E0%B8%84%E0%B8%A5%E0%B8%B4%E0%B8%99%E0%B8%B4%E0%B8%81%E0%B8%AA%E0%B8%B8%E0%B9%80%E0%B8%9E%E0%B9%87%E0%B8%8D%E0%B8%88%E0%B8%B1%E0%B8%99%E0%B8%97%E0%B8%A3%E0%B9%8C%E0%B8%81%E0%B8%B2%E0%B8%A3%E0%B8%9E%E0%B8%A2%E0%B8%B2%E0%B8%9A%E0%B8%B2%E0%B8%A5%E0%B9%81%E0%B8%A5%E0%B8%B0%E0%B8%81%E0%B8%B2%E0%B8%A3%E0%B8%9C%E0%B8%94%E0%B8%B8%E0%B8%87%E0%B8%84%E0%B8%A3%E0%B8%A3%E0%B8%A0%E0%B9%8C/data=!4m7!3m6!1s0x3054f06723352287:0x3efe7f8a85b2b44e!8m2!3d9.5571634!4d100.0427055!16s%2Fg%2F1pztg7dp_!19sChIJhyI1I2fwVDARTrSyhYp__j4?authuser=0&hl=en&rclk=1,,0,,Walk-in clinic,"72/1 หมู่ที่ 5, ตำบลบ่อผุด อำเภอเกาะสมุย จังหวัดสุราษฎร์ธานี, 84140",,"คลินิกสุเพ็ญจันทร์การพยาบาลและการผดุงครรภ์
No reviews
Walk-in clinic · 72/1 หมู่ที่ 5, ตำบลบ่อผุด อำเภอเกาะสมุย จังหวัดสุราษฎร์ธานี, 84140
+66 77 425 156

Directions",9.552549554780505,100.04027136130051
0x3054f067190b4c5f:0xdadd048f0dbcf236,เฉวงการพยาบาลและการผดุงครรภ์,https://www.google.com/maps/place/%E0%B9%80%E0%B8%89%E0%B8%A7%E0%B8%87%E0%B8%81%E0%B8%B2%E0%B8%A3%E0%B8%9E%E0%B8%A2%E0%B8%B2%E0%B8%9A%E0%B8%B2%E0%B8%A5%E0%B9%81%E0%B8%A5%E0%B8%B0%E0%B8%81%E0%B8%B2%E0%B8%A3%E0%B8%9C%E0%B8%94%E0%B8%B8%E0%B8%87%E0%B8%84%E0%B8%A3%E0%B8%A3%E0%B8%A0%E0%B9%8C/data=!4m7!3m6!1s0x3054f067190b4c5f:0xdadd048f0dbcf236!8m2!3d9.5573327!4d100.0432205!16s%2Fg%2F1pzvrn6w5!19sChIJX0wLGWfwVDARNvK8DY8E3do?authuser=0&hl=en&rclk=1,,0,,Walk-in clinic,"59/13 หมู่ที่ 6, ตำบลบ่อผุด อำเภอเกาะสมุย จังหวัดสุราษฎร์ธานี, 84140",,"เฉวงการพยาบาลและการผดุงครรภ์
No reviews
Walk-in clinic · 59/13 หมู่ที่ 6, ตำบลบ่อผุด อำเภอเกาะสมุย จังหวัดสุราษฎร์ธานี, 84140
+66 87 268 6490

Directions",9.552549554780505,100.04027136130051
0x3054f1c9f9dba8b7:0x370ab5f4fadc1399,คลินิกสไมล์ เวอค,https://www.google.com/maps/place/%E0%B8%84%E0%B8%A5%E0%B8%B4%E0%B8%99%E0%B8%B4%E0%B8%81%E0%B8%AA%E0%B9%84%E0%B8%A1%E0%B8%A5%E0%B9%8C+%E0%B9%80%E0%B8%A7%E0%B8%AD%E0%B8%84/data=!4m7!3m6!1s0x3054f1c9f9dba8b7:0x370ab5f4fadc1399!8m2!3d9.560153!4d100.0403937!16s%2Fg%2F1hc5dmvgf!19sChIJt6jb-cnxVDARmRPc-vS1Cjc?authuser=0&hl=en&rclk=1,,0,,,,,"คลินิกสไมล์ เวอค
No reviews
Medical clinic
+66 77 230 421

Directions",9.556196793723016,100.03761269933962
0x3054f0612cb88591:0xc6c051b40453bef7,คลินิกเพียงใจการพยาบาลและการผดุงครรภ์,https://www.google.com/maps/place/%E0%B8%84%E0%B8%A5%E0%B8%B4%E0%B8%99%E0%B8%B4%E0%B8%81%E0%B9%80%E0%B8%9E%E0%B8%B5%E0%B8%A2%E0%B8%87%E0%B9%83%E0%B8%88%E0%B8%81%E0%B8%B2%E0%B8%A3%E0%B8%9E%E0%B8%A2%E0%B8%B2%E0%B8%9A%E0%B8%B2%E0%B8%A5%E0%B9%81%E0%B8%A5%E0%B8%B0%E0%B8%81%E0%B8%B2%E0%B8%A3%E0%B8%9C%E0%B8%94%E0%B8%B8%E0%B8%87%E0%B8%84%E0%B8%A3%E0%B8%A3%E0%B8%A0%E0%B9%8C/data=!4m7!3m6!1s0x3054f0612cb88591:0xc6c051b40453bef7!8m2!3d9.5583061!4d100.0415039!16s%2Fg%2F1pzq5b6y0!19sChIJkYW4LGHwVDAR975TBLRRwMY?authuser=0&hl=en&rclk=1,,0,,Walk-in clinic,"30/7 หมู่ที่ 4, ตำบลบ่อผุด อำเภอเกาะสมุย จังหวัดสุราษฎร์ธานี, 84140",,"คลินิกเพียงใจการพยาบาลและการผดุงครรภ์
No reviews
Walk-in clinic · 30/7 หมู่ที่ 4, ตำบลบ่อผุด อำเภอเกาะสมุย จังหวัดสุราษฎร์ธานี, 84140
+66 77 245 352

Directions",9.556196793723016,100.03761269933962
0x3054f367b740054d:0x4bbe31efd0b8d758,So White Koh Samui,https://www.google.com/maps/place/So+White+Koh+Samui/data=!4m7!3m6!1s0x3054f367b740054d:0x4bbe31efd0b8d758!8m2!3d9.4644764!4d100.0442336!16s%2Fg%2F11f5prt7xm!19sChIJTQVAt2fzVDARWNe40O8xvks?authuser=0&hl=en&rclk=1,4.9,25,,Teeth whitening service,"80, 19 Had Lamai Rd",Closed · Opens 9 am · +66 64 805 2864,"So White Koh Samui
4.9(25)
Teeth whitening service · 80, 19 Had Lamai Rd
Closed · Opens 9 am · +66 64 805 2864

Directions",9.466805874209486,100.04897066140896
0x3054f32c9fc44ecb:0x9bd42676590fb1c4,Phu's massage,https://www.google.com/maps/place/Phu%27s+massage/data=!4m7!3m6!1s0x3054f32c9fc44ecb:0x9bd42676590fb1c4!8m2!3d9.472075!4d100.052439!16s%2Fg%2F11h555_ygx!19sChIJy07EnyzzVDARxLEPWXYm1Js?authuser=0&hl=en&rclk=1,5.0,60,,Massage therapist,"F3C2+RXP, Unnamed Road",Closed · Opens 9 am · +66 86 951 0092,"Phu's massage
5.0(60)
Massage therapist · F3C2+RXP, Unnamed Road
Closed · Opens 9 am · +66 86 951 0092

Directions",9.470987374475165,100.0506346079842
0x3054f23e77274651:0x6d712daffb0bdab2,คลินิก สมุยเด็นทอลโฮม,https://www.google.com/maps/place/%E0%B8%84%E0%B8%A5%E0%B8%B4%E0%B8%99%E0%B8%B4%E0%B8%81+%E0%B8%AA%E0%B8%A1%E0%B8%B8%E0%B8%A2%E0%B9%80%E0%B8%94%E0%B9%87%E0%B8%99%E0%B8%97%E0%B8%AD%E0%B8%A5%E0%B9%82%E0%B8%AE%E0%B8%A1/data=!4m7!3m6!1s0x3054f23e77274651:0x6d712daffb0bdab2!8m2!3d9.4721451!4d100.0564252!16s%2Fg%2F1hc8ld1pl!19sChIJUUYndz7yVDARstoL-68tcW0?authuser=0&hl=en&rclk=1,,0,,Dental clinic,"1/2 หมู่ 6รอบเกาะ, ตำบลบ่อผุด อำเภอเกาะสมุย สุราษฎร์ธานี, 84320",,"คลินิก สมุยเด็นทอลโฮม
No reviews
Dental clinic · 1/2 หมู่ 6รอบเกาะ, ตำบลบ่อผุด อำเภอเกาะสมุย สุราษฎร์ธานี, 84320
+66 77 245 988

Directions",9.475245479782801,100.05208515619971
0x3054f15ebb9a5e89:0xa41fc01f83e2295f,Bandon International Hospital Chaweng,https://www.google.com/maps/place/Bandon+International+Hospital+Chaweng/data=!4m7!3m6!1s0x3054f15ebb9a5e89:0xa41fc01f83e2295f!8m2!3d9.500109!4d100.0575711!16s%2Fg%2F11frryxvw0!19sChIJiV6au17xVDARXynigx_AH6Q?authuser=0&hl=en&rclk=1,3.0,0,,Military hospital, · G325+22W,Open 24 hours · +66 77 420 032,"Bandon International Hospital Chaweng
3.0
Military hospital ·  · G325+22W
Open 24 hours · +66 77 420 032

Website

Directions",9.5018,100.06071044602227
0x3054f1bfe2ff1749:0x22b8f02f34e1558,Body Tune Up,https://www.google.com/maps/place/Body+Tune+Up/data=!4m7!3m6!1s0x3054f1bfe2ff1749:0x22b8f02f34e1558!8m2!3d9.5479105!4d100.0542401!16s%2Fg%2F11y3bt3yw5!19sChIJSRf_4r_xVDARWBVO8wKPKwI?authuser=0&hl=en&rclk=1,5.0,43,,Sports massage therapist,9 Tambon,Closed · Opens 10 am,"Body Tune Up
5.0(43)
Sports massage therapist · 9 Tambon
Closed · Opens 10 am

Website

Directions
 
""The clinic is super clean, calm, and really professional.""",9.545145752055294,100.05004860432089
0x3054f10046ac3efd:0x78b6547ca95d426c,"SAMUI HAIR Removal ""ที่หนึ่งเรื่องกำจัดขน“",https://www.google.com/maps/place/SAMUI+HAIR+Removal+%22%E0%B8%97%E0%B8%B5%E0%B9%88%E0%B8%AB%E0%B8%99%E0%B8%B6%E0%B9%88%E0%B8%87%E0%B9%80%E0%B8%A3%E0%B8%B7%E0%B9%88%E0%B8%AD%E0%B8%87%E0%B8%81%E0%B8%B3%E0%B8%88%E0%B8%B1%E0%B8%94%E0%B8%82%E0%B8%99%E2%80%9C/data=!4m7!3m6!1s0x3054f10046ac3efd:0x78b6547ca95d426c!8m2!3d9.5342865!4d100.0604514!16s%2Fg%2F11ltql7kx3!19sChIJ_T6sRgDxVDARbEJdqXxUtng?authuser=0&hl=en&rclk=1,5.0,14,,Beauty Salon,"59, 47",Closed · Opens 10 am · +66 64 179 9944,"SAMUI HAIR Removal ""ที่หนึ่งเรื่องกำจัดขน“
5.0(14)
Beauty Salon · 59, 47
Closed · Opens 10 am · +66 64 179 9944

Website

Directions
 
""Great service, excellent results, and a very convenient location.""",9.54109601474342,100.05204321039058
0x3054ef003a93f087:0xa8f4a3e4abacf351,AVEYA Regenerative Medical Centre - Stemcell Koh Samui by VitaXcell,https://www.google.com/maps/place/AVEYA+Regenerative+Medical+Centre+-+Stemcell+Koh+Samui+by+VitaXcell/data=!4m7!3m6!1s0x3054ef003a93f087:0xa8f4a3e4abacf351!8m2!3d9.566216!4d100.0826432!16s%2Fg%2F11ynygqktz!19sChIJh_CTOgDvVDARUfOsq-Sj9Kg?authuser=0&hl=en&rclk=1,5.0,24,,Medical centre," · 37, 59 หมู่ 5 ทางหลวงแผ่นดินหมายเลข 4171",Closed · Opens 9 am · +66 98 585 6000,"AVEYA Regenerative Medical Centre - Stemcell Koh Samui by VitaXcell
5.0(24)
Medical centre ·  · 37, 59 หมู่ 5 ทางหลวงแผ่นดินหมายเลข 4171
Closed · Opens 9 am · +66 98 585 6000

Website

Directions
 
""Pretty instant reduction in pain and improved mobility.""",9.54109601474342,100.05204321039058
0x3054f1dc4881c8bf:0x2a7686aeb370a5ee,ศูนย์บริการสาธารณสุขเฉลิมพระเกียรติ 84 พรรษา (บางรักษ์),https://www.google.com/maps/place/%E0%B8%A8%E0%B8%B9%E0%B8%99%E0%B8%A2%E0%B9%8C%E0%B8%9A%E0%B8%A3%E0%B8%B4%E0%B8%81%E0%B8%B2%E0%B8%A3%E0%B8%AA%E0%B8%B2%E0%B8%98%E0%B8%B2%E0%B8%A3%E0%B8%93%E0%B8%AA%E0%B8%B8%E0%B8%82%E0%B9%80%E0%B8%89%E0%B8%A5%E0%B8%B4%E0%B8%A1%E0%B8%9E%E0%B8%A3%E0%B8%B0%E0%B9%80%E0%B8%81%E0%B8%B5%E0%B8%A2%E0%B8%A3%E0%B8%95%E0%B8%B4+84+%E0%B8%9E%E0%B8%A3%E0%B8%A3%E0%B8%A9%E0%B8%B2+%28%E0%B8%9A%E0%B8%B2%E0%B8%87%E0%B8%A3%E0%B8%B1%E0%B8%81%E0%B8%A9%E0%B9%8C%29/data=!4m7!3m6!1s0x3054f1dc4881c8bf:0x2a7686aeb370a5ee!8m2!3d9.5473418!4d100.0557233!16s%2Fg%2F11jwjn9t88!19sChIJv8iBSNzxVDAR7qVws66Gdio?authuser=0&hl=en&rclk=1,4.1,9,,Hospital, · 8 หมู่ที่ 4 ตําบล ตำบล บ่อผุด,Closed · Opens 8:30 am · +66 77 484 680,"ศูนย์บริการสาธารณสุขเฉลิมพระเกียรติ 84 พรรษา (บางรักษ์)
4.1(9)
Hospital ·  · 8 หมู่ที่ 4 ตําบล ตำบล บ่อผุด
Closed · Opens 8:30 am · +66 77 484 680

Directions
 
""Thanks 🙏🙏🙏
We love 🇹🇭🇹🇭🇹🇭""",9.54109601474342,100.05204321039058
0x3054f13ec4b6df59:0x6e05b167944c28e1,McFIN เกาะสมุย จ.สุราษฎร์ธานี,https://www.google.com/maps/place/McFIN+%E0%B9%80%E0%B8%81%E0%B8%B2%E0%B8%B0%E0%B8%AA%E0%B8%A1%E0%B8%B8%E0%B8%A2+%E0%B8%88.%E0%B8%AA%E0%B8%B8%E0%B8%A3%E0%B8%B2%E0%B8%A9%E0%B8%8E%E0%B8%A3%E0%B9%8C%E0%B8%98%E0%B8%B2%E0%B8%99%E0%B8%B5/data=!4m7!3m6!1s0x3054f13ec4b6df59:0x6e05b167944c28e1!8m2!3d9.5341995!4d100.0635724!16s%2Fg%2F11sjxqwnqh!19sChIJWd-2xD7xVDAR4ShMlGexBW4?authuser=0&hl=en&rclk=1,4.9,64,,Beauty Salon,192 7,Closed · Opens 11 am · +66 99 375 8055,"McFIN เกาะสมุย จ.สุราษฎร์ธานี
4.9(64)
Beauty Salon · 192 7
Closed · Opens 11 am · +66 99 375 8055

Website

Directions
 
""Very nice place, clean and professional with good price.""",9.54109601474342,100.05204321039058
0x3054f1cb1bad7b21:0xddc6ba6bf3294e22,VCare Spa,https://www.google.com/maps/place/VCare+Spa/data=!4m7!3m6!1s0x3054f1cb1bad7b21:0xddc6ba6bf3294e22!8m2!3d9.5307742!4d100.0617014!16s%2Fg%2F11hbh8yjk7!19sChIJIXutG8vxVDARIk4p82u6xt0?authuser=0&hl=en&rclk=1,4.1,227,,Massage spa,,Closed · Opens 10 am,"VCare Spa
4.1(227)
Massage spa · 
Closed · Opens 10 am

Directions
 
""Got really good care, place is clean and quiet, staff is very friendly""",9.54109601474342,100.05204321039058
0x3054f066e677dd0d:0x77b914b42770f00f,คลินิกอรพินท์การพยาบาลและการผดุงครรภ์,https://www.google.com/maps/place/%E0%B8%84%E0%B8%A5%E0%B8%B4%E0%B8%99%E0%B8%B4%E0%B8%81%E0%B8%AD%E0%B8%A3%E0%B8%9E%E0%B8%B4%E0%B8%99%E0%B8%97%E0%B9%8C%E0%B8%81%E0%B8%B2%E0%B8%A3%E0%B8%9E%E0%B8%A2%E0%B8%B2%E0%B8%9A%E0%B8%B2%E0%B8%A5%E0%B9%81%E0%B8%A5%E0%B8%B0%E0%B8%81%E0%B8%B2%E0%B8%A3%E0%B8%9C%E0%B8%94%E0%B8%B8%E0%B8%87%E0%B8%84%E0%B8%A3%E0%B8%A3%E0%B8%A0%E0%B9%8C/data=!4m7!3m6!1s0x3054f066e677dd0d:0x77b914b42770f00f!8m2!3d9.5583907!4d100.0433064!16s%2Fg%2F1pzylt09h!19sChIJDd135mbwVDARD_BwJ7QUuXc?authuser=0&hl=en&rclk=1,,0,,Walk-in clinic,"194/6 หมู่ที่ 2, ตำบลบ่อผุด อำเภอเกาะสมุย จังหวัดสุราษฎร์ธานี, 84140",,"คลินิกอรพินท์การพยาบาลและการผดุงครรภ์
No reviews
Walk-in clinic · 194/6 หมู่ที่ 2, ตำบลบ่อผุด อำเภอเกาะสมุย จังหวัดสุราษฎร์ธานี, 84140
+66 89 871 6112

Directions",9.55667024820268,100.04292634288016
0x3054f06498050fd7:0x743ba8164c99ce31,Orapin Nursing and Midwife Clinic,https://www.google.com/maps/place/Orapin+Nursing+and+Midwife+Clinic/data=!4m7!3m6!1s0x3054f06498050fd7:0x743ba8164c99ce31!8m2!3d9.5646888!4d100.0422236!16s%2Fg%2F1pzqc02b4!19sChIJ1w8FmGTwVDARMc6ZTBaoO3Q?authuser=0&hl=en&rclk=1,,0,,Walk-in clinic,"194/6, Moo2, Tambon Bo Phut, Amphoe Koh Samui, Suratthani, 84140",,"Orapin Nursing and Midwife Clinic
No reviews
Walk-in clinic · 194/6, Moo2, Tambon Bo Phut, Amphoe Koh Samui, Suratthani, 84140
+66 89 871 6112

Directions",9.560274498696543,100.04019070291396
0x3054fd44cd8e46b9:0x46de72e2d96c9c65,Takecare Clinic Beachfront,https://www.google.com/maps/place/Takecare+Clinic+Beachfront/data=!4m7!3m6!1s0x3054fd44cd8e46b9:0x46de72e2d96c9c65!8m2!3d9.6758412!4d100.067685!16s%2Fg%2F11vrfzr0p0!19sChIJuUaOzUT9VDARZZxs2eJy3kY?authuser=0&hl=en&rclk=1,5.0,1,,Doctor,M3G9+839,Temporarily closed · +66 80 575 7779,"Takecare Clinic Beachfront
5.0(1)
Doctor · M3G9+839
Temporarily closed · +66 80 575 7779

Directions
 
""Easy to communicate in english.""",9.567077744329389,100.03421365439615
0x3054fd00145b39e3:0x21c44383b8594572,Dr Yotin veterinary clinic,https://www.google.com/maps/place/Dr+Yotin+veterinary+clinic/data=!4m7!3m6!1s0x3054fd00145b39e3:0x21c44383b8594572!8m2!3d9.708518!4d100.0046946!16s%2Fg%2F11z37cqnkt!19sChIJ4zlbFAD9VDARckVZuINDxCE?authuser=0&hl=en&rclk=1,5.0,1,,Clinic,15,Closed · Opens 8 am · +66 77 961 789,"Dr Yotin veterinary clinic
5.0(1)
Clinic · 15
Closed · Opens 8 am · +66 77 961 789

Directions",9.57615637382702,100.02408790408109
0x3054fd424dc07edb:0x7b4c25137d4cec2f,Clinic of Joy,https://www.google.com/maps/place/Clinic+of+Joy/data=!4m7!3m6!1s0x3054fd424dc07edb:0x7b4c25137d4cec2f!8m2!3d9.7084092!4d100.0026633!16s%2Fg%2F11yb4h0wxy!19sChIJ237ATUL9VDARL-xMfRMlTHs?authuser=0&hl=en&rclk=1,5.0,36,,Physical Therapy Clinic,"100, 55",Closed · Opens 9 am · +66 82 103 9919,"Clinic of Joy
5.0(36)
Physical Therapy Clinic · 100, 55
Closed · Opens 9 am · +66 82 103 9919

Website

Directions
 
""My back pain improved significantly after just a few sessions.""",9.57615637382702,100.02408790408109
0x3054f3006b084543:0x871d93bd29fb204f,PP care service,https://www.google.com/maps/place/PP+care+service/data=!4m7!3m6!1s0x3054f3006b084543:0x871d93bd29fb204f!8m2!3d9.4730943!4d100.0643758!16s%2Fg%2F11y26qt_kq!19sChIJQ0UIawDzVDARTyD7Kb2THYc?authuser=0&hl=en&rclk=1,5.0,2,,Medical clinic,143 soi banyan tree,,"PP care service
5.0(2)
Medical clinic · 143 soi banyan tree
+66 61 949 8169

Directions",9.462503985256578,100.05204321039058
0x3054f300391722fb:0x14e02f3bbf9382b4,Mira Health Massage Lamai,https://www.google.com/maps/place/Mira+Health+Massage+Lamai/data=!4m7!3m6!1s0x3054f300391722fb:0x14e02f3bbf9382b4!8m2!3d9.4720536!4d100.0581291!16s%2Fg%2F11w37jx2q7!19sChIJ-yIXOQDzVDARtIKTvzsv4BQ?authuser=0&hl=en&rclk=1,4.8,117,,Massage spa,171 4,Closed · Opens 10 am · +66 93 574 7726,"Mira Health Massage Lamai
4.8(117)
Massage spa · 171 4
Closed · Opens 10 am · +66 93 574 7726

Website

Directions
 
""Clean, professional and great service offered.""",9.475149623001485,100.0568253990546
0x3054f1d91bb0ec61:0x342296c41b81962d,Center Beauty Salon,https://www.google.com/maps/place/Center+Beauty+Salon/data=!4m7!3m6!1s0x3054f1d91bb0ec61:0x342296c41b81962d!8m2!3d9.526582!4d100.0592736!16s%2Fg%2F11j0ww7wdd!19sChIJYeywG9nxVDARLZaBG8SWIjQ?authuser=0&hl=en&rclk=1,3.0,2,,Beauty salon,12 Chaweng Beach Rd,Closed · Opens 1 pm · +66 93 510 6972,"Center Beauty Salon
3.0(2)
Beauty salon · 12 Chaweng Beach Rd
Closed · Opens 1 pm · +66 93 510 6972

Directions",9.51974845321449,100.0636158814233
0x3054f02e1d18323b:0xcd5e1ed89216c509,Samui International Hospital,https://www.google.com/maps/place/Samui+International+Hospital/data=!4m7!3m6!1s0x3054f02e1d18323b:0xcd5e1ed89216c509!8m2!3d9.5386038!4d100.0696542!16s%2Fg%2F1tdjnky3!19sChIJOzIYHS7wVDARCcUWktgeXs0?authuser=0&hl=en&rclk=1,3.5,105,,Private hospital, · 90/2 หมู่ที่ 2,Open 24 hours · +66 98 013 5479,"Samui International Hospital
3.5(105)
Private hospital ·  · 90/2 หมู่ที่ 2
Open 24 hours · +66 98 013 5479

Website

Directions
 
""Explained fees, and helped explaining how to use insurance if we wish.""",9.532852104935438,100.06021752741921
0x3054f1741f62d7e7:0x367c77c2c197dbb7,Eyelab เซ็นทรัล สมุย,https://www.google.com/maps/place/Eyelab+%E0%B9%80%E0%B8%8B%E0%B9%87%E0%B8%99%E0%B8%97%E0%B8%A3%E0%B8%B1%E0%B8%A5+%E0%B8%AA%E0%B8%A1%E0%B8%B8%E0%B8%A2/data=!4m7!3m6!1s0x3054f1741f62d7e7:0x367c77c2c197dbb7!8m2!3d9.5322372!4d100.0609873!16s%2Fg%2F11v3nr5v73!19sChIJ59diH3TxVDARt9uXwcJ3fDY?authuser=0&hl=en&rclk=1,5.0,6,,Optician,"209, 209/1-2 หมู่ที่ 2 เซ็นทรัล สมุย ชั้น2 ห้อง 207 EYELAB ตำบล บ่อผุด",Closed · Opens 10 am · +66 91 772 7415,"Eyelab เซ็นทรัล สมุย
5.0(6)
Optician · 209, 209/1-2 หมู่ที่ 2 เซ็นทรัล สมุย ชั้น2 ห้อง 207 EYELAB ตำบล บ่อผุด
Closed · Opens 10 am · +66 91 772 7415

Directions
 
""Friendly people and very professional.""",9.532852104935438,100.06021752741921
0x3054f1a4a3eb7957:0x60939760d1a80c21,LEK Tattoo Samui | Best Tattoo Studio in Koh Samui,https://www.google.com/maps/place/LEK+Tattoo+Samui+%7C+Best+Tattoo+Studio+in+Koh+Samui/data=!4m7!3m6!1s0x3054f1a4a3eb7957:0x60939760d1a80c21!8m2!3d9.5285722!4d100.0600541!16s%2Fg%2F11sfh7ln4k!19sChIJV3nro6TxVDARIQyo0WCXk2A?authuser=0&hl=en&rclk=1,5.0,2033,,Tattoo shop,14 50 หมู่ที่ 2 ตำบล บ่อผุด,Closed · Opens 11 am · +66 84 192 8266,"LEK Tattoo Samui | Best Tattoo Studio in Koh Samui
5.0(2,033)
Tattoo shop · 14 50 หมู่ที่ 2 ตำบล บ่อผุด
Closed · Opens 11 am · +66 84 192 8266

Website

Directions
 
""Super clean and professionals really great results!""",9.532852104935438,100.06021752741921
0x3054f1d59d56bfab:0x42d816e7fa0da62,Mayya Beauty Salon and Massage by B B,https://www.google.com/maps/place/Mayya+Beauty+Salon+and+Massage+by+B+B/data=!4m7!3m6!1s0x3054f1d59d56bfab:0x42d816e7fa0da62!8m2!3d9.5564509!4d100.0513141!16s%2Fg%2F11jsp6jzb5!19sChIJq79WndXxVDARYtqgf26BLQQ?authuser=0&hl=en&rclk=1,4.2,5,,Beauty salon,2,Closed · Opens 9 am,"Mayya Beauty Salon and Massage by B B
4.2(5)
Beauty salon · 2
Closed · Opens 9 am

Directions
 
""Hidden gem for Thai massage, cheaper than other massage place.""",9.553290301354862,100.05065001980776
0x3054f0663b241c2d:0x2cd1d2ce60cd7df5,Baan Capo,https://www.google.com/maps/place/Baan+Capo/data=!4m10!3m9!1s0x3054f0663b241c2d:0x2cd1d2ce60cd7df5!5m2!4m1!1i2!8m2!3d9.5585998!4d100.0463997!16s%2Fg%2F11cjnntd3s!19sChIJLRwkO2bwVDAR9X3NYM7S0Sw?authuser=0&hl=en&rclk=1,4.7,11,,,,Open 24 hours · +66 98 290 3273,"Baan Capo
4.7(11)
Villa
Open 24 hours · +66 98 290 3273

Website

Directions
 
""Best service!""",9.55709076153181,100.0481848908126
0x3054ffff5eacb967:0x77b28a53adb7e84a,พะงันฮักสัตว์-Phangan Hug Satt-Hug Animal Clinic,https://www.google.com/maps/place/%E0%B8%9E%E0%B8%B0%E0%B8%87%E0%B8%B1%E0%B8%99%E0%B8%AE%E0%B8%B1%E0%B8%81%E0%B8%AA%E0%B8%B1%E0%B8%95%E0%B8%A7%E0%B9%8C-Phangan+Hug+Satt-Hug+Animal+Clinic/data=!4m7!3m6!1s0x3054ffff5eacb967:0x77b28a53adb7e84a!8m2!3d9.7100529!4d99.9899903!16s%2Fg%2F11n54qt6sq!19sChIJZ7msXv__VDARSui3rVOKsnc?authuser=0&hl=en&rclk=1,5.0,2,,,,,"พะงันฮักสัตว์-Phangan Hug Satt-Hug Animal Clinic
5.0(2)
Veterinarian
+66 99 454 8176

Directions
 
On-site services",9.596590898915249,99.99410388699721
0x3054fd0034bbc30d:0xeae3586449db5d73,Dr. Mai Pet Clinic Veterinary,https://www.google.com/maps/place/Dr.+Mai+Pet+Clinic+Veterinary/data=!4m7!3m6!1s0x3054fd0034bbc30d:0xeae3586449db5d73!8m2!3d9.7174282!4d99.9952282!16s%2Fg%2F11ykmjr0s4!19sChIJDcO7NAD9VDARc13bSWRY4-o?authuser=0&hl=en&rclk=1,4.6,27,,Veterinarian,"ท้องศาลา เกาะพงัน, 171/2",Closed · Opens 9 am · +66 84 254 8629,"Dr. Mai Pet Clinic Veterinary
4.6(27)
Veterinarian · ท้องศาลา เกาะพงัน, 171/2
Closed · Opens 9 am · +66 84 254 8629

Directions
 
""The clinic is clean and offers everything you need.""",9.596590898915249,99.99410388699721
0x3054fdcda06e8ca5:0x3f7dc7cbdef52729,Dr. T. Medical Clinic,https://www.google.com/maps/place/Dr.+T.+Medical+Clinic/data=!4m7!3m6!1s0x3054fdcda06e8ca5:0x3f7dc7cbdef52729!8m2!3d9.7086844!4d99.9993263!16s%2Fg%2F11g21rfs81!19sChIJpYxuoM39VDARKSf13svHfT8?authuser=0&hl=en&rclk=1,4.4,96,,Hospital, · หมู่ที่ 1 112/11,Closed · Opens 9 am · +66 77 270 694,"Dr. T. Medical Clinic
4.4(96)
Hospital ·  · หมู่ที่ 1 112/11
Closed · Opens 9 am · +66 77 270 694

Directions
 
""The staff was very fast and friendly
The doctor I've seen helped me a lot.""",9.60066807622609,99.9716568346036
0x3054f757e950ecbf:0x4b7b573b36aaa0ae,คลินิกบ้านรักฟัน (สาขาแม่น้ำ),https://www.google.com/maps/place/%E0%B8%84%E0%B8%A5%E0%B8%B4%E0%B8%99%E0%B8%B4%E0%B8%81%E0%B8%9A%E0%B9%89%E0%B8%B2%E0%B8%99%E0%B8%A3%E0%B8%B1%E0%B8%81%E0%B8%9F%E0%B8%B1%E0%B8%99+%28%E0%B8%AA%E0%B8%B2%E0%B8%82%E0%B8%B2%E0%B9%81%E0%B8%A1%E0%B9%88%E0%B8%99%E0%B9%89%E0%B8%B3%29/data=!4m7!3m6!1s0x3054f757e950ecbf:0x4b7b573b36aaa0ae!8m2!3d9.6184071!4d99.9418645!16s%2Fg%2F1hdz5dbwl!19sChIJv-xQ6Vf3VDARrqCqNjtXe0s?authuser=0&hl=en&rclk=1,5.0,1,,Medical clinic,"12/85, ต.แม่น้ำ อ.เกาะสมุย สุราษฎร์ธานี, 84140",,"คลินิกบ้านรักฟัน (สาขาแม่น้ำ)
5.0(1)
Medical clinic · 12/85, ต.แม่น้ำ อ.เกาะสมุย สุราษฎร์ธานี, 84140
+66 77 332 088

Directions",9.599643479415047,99.94885595696455
0x3054f34bf13e4c6f:0x356923366257989d,Breathflow Connection,https://www.google.com/maps/place/Breathflow+Connection/data=!4m7!3m6!1s0x3054f34bf13e4c6f:0x356923366257989d!8m2!3d9.471867!4d100.0632965!16s%2Fg%2F11y3n3z49g!19sChIJb0w-8UvzVDARnZhXYjYjaTU?authuser=0&hl=en&rclk=1,5.0,155,,Yoga studio,"Lamai, 174/34C",,"Breathflow Connection
5.0(155)
Yoga studio · Lamai, 174/34C
+66 65 557 1148

Website

Directions
 
""Diego guided us through in a way that made sense and removed the anxiety.""",9.47074789506456,100.06021752741921
0x3054f01408cb2599:0x59c50d8e432d75af,Kanok on Nursing and Midwifery Clinic,https://www.google.com/maps/place/Kanok+on+Nursing+and+Midwifery+Clinic/data=!4m7!3m6!1s0x3054f01408cb2599:0x59c50d8e432d75af!8m2!3d9.559657!4d100.063141!16s%2Fg%2F11rr_gd15!19sChIJmSXLCBTwVDARr3UtQ44NxVk?authuser=0&hl=en&rclk=1,,0,,,,,"Kanok on Nursing and Midwifery Clinic
No reviews
H357+V76

Directions",9.506287978910938,100.06974616892103
0x3054f16b3f34d951:0xd9aaae2ca34a17a6,Chaweng Terrace,https://www.google.com/maps/place/Chaweng+Terrace/data=!4m10!3m9!1s0x3054f16b3f34d951:0xd9aaae2ca34a17a6!5m2!4m1!1i2!8m2!3d9.5343353!4d100.0627465!16s%2Fg%2F11t7wd85sj!19sChIJUdk0P2vxVDARphdKoyyuqtk?authuser=0&hl=en&rclk=1,4.0,187,,,,,"Chaweng Terrace
4.0(187)
2-star hotel
+66 77 310 420

Website

Directions
 

Spa

Free parking

Free Wi-Fi

Air-conditioned
 
""The staff is very nice, helpful and informative.""",9.53274600209139,100.06504929651803
0x3054f069885dfee3:0x40e85597509d3479,Samui Backpacker Hotel,https://www.google.com/maps/place/Samui+Backpacker+Hotel/data=!4m10!3m9!1s0x3054f069885dfee3:0x40e85597509d3479!5m2!4m1!1i2!8m2!3d9.5575784!4d100.0578493!16s%2Fg%2F11b6dpb4by!19sChIJ4_5diGnwVDAReTSdUJdV6EA?authuser=0&hl=en&rclk=1,4.4,221,,,,,"Samui Backpacker Hotel
4.4(221)
1-star hotel
+66 81 396 3547

Directions
 

Pool

Free parking

Free Wi-Fi

Air-conditioned
 
""Thank you so much for your help and amazing service!""",9.560866525924684,100.05110070731862
0x3054f1daac2372e5:0xf6c54d1b6098c720,MonAmi Café,https://www.google.com/maps/place/MonAmi+Caf%C3%A9/data=!4m7!3m6!1s0x3054f1daac2372e5:0xf6c54d1b6098c720!8m2!3d9.5588262!4d100.0574545!16s%2Fg%2F11rn87js2w!19sChIJ5XIjrNrxVDARIMeYYBtNxfY?authuser=0&hl=en&rclk=1,4.8,355,฿,4.8(355),฿200–400,Closed · Opens 7 am · +66 63 216 4470,"MonAmi Café
4.8(355) · ฿200–400
Cafe ·  · 33, Bangrak, 109
Closed · Opens 7 am · +66 63 216 4470

Website

Directions
 
""Very friendly staff, super clean and with attention to details.""
 

Order online",9.560866525924684,100.05110070731862
0x3054fdb5596b1783:0xa1788f067aaef0e1,Doctor Koh Phangan Takecare Medical Clinic,https://www.google.com/maps/place/Doctor+Koh+Phangan+Takecare+Medical+Clinic/data=!4m7!3m6!1s0x3054fdb5596b1783:0xa1788f067aaef0e1!8m2!3d9.675495!4d100.0656523!16s%2Fg%2F11vl3wcjrh!19sChIJgxdrWbX9VDAR4fCuegaPeKE?authuser=0&hl=en&rclk=1,4.8,192,,Doctor, · 156 1 หมู่บ้าน บ้านใต้,Open 24 hours · +66 80 575 7779,"Doctor Koh Phangan Takecare Medical Clinic
4.8(192)
Doctor ·  · 156 1 หมู่บ้าน บ้านใต้
Open 24 hours · +66 80 575 7779

Website

Directions
 
""Excellent treatment and very friendly and professional doctor and staff!""",9.584695880593824,100.03516009504395
0x3054fca4a571d5c3:0x2d6d5978e0346efe,SIAM CLINIC,https://www.google.com/maps/place/SIAM+CLINIC/data=!4m7!3m6!1s0x3054fca4a571d5c3:0x2d6d5978e0346efe!8m2!3d9.6746202!4d100.0645087!16s%2Fg%2F11f7nxsz23!19sChIJw9VxpaT8VDAR_m404HhZbS0?authuser=0&hl=en&rclk=1,1.0,2,,,,,"SIAM CLINIC
1.0(2)
94/33 Sunsets Road

Directions",9.584695880593824,100.03516009504395
0x3054fe7f9b86c7c5:0x455a01bba19d3d36,DR.JUTAMAS BEAUTY CLINIC,https://www.google.com/maps/place/DR.JUTAMAS+BEAUTY+CLINIC/data=!4m7!3m6!1s0x3054fe7f9b86c7c5:0x455a01bba19d3d36!8m2!3d9.7128252!4d99.9903045!16s%2Fg%2F11c311y1gn!19sChIJxceGm3_-VDARNj2dobsBWkU?authuser=0&hl=en&rclk=1,5.0,5,,Medical clinic," · 214/31 Moo1, Koh Phangan",Closed · Opens 10 am · +66 63 326 4598,"DR.JUTAMAS BEAUTY CLINIC
5.0(5)
Medical clinic ·  · 214/31 Moo1, Koh Phangan
Closed · Opens 10 am · +66 63 326 4598

Website

Directions",9.597242058571979,100.01628205955109
0x3054ff0040e98fff:0x9f3aced5e50d7bc2,Tropical touch,https://www.google.com/maps/place/Tropical+touch/data=!4m7!3m6!1s0x3054ff0040e98fff:0x9f3aced5e50d7bc2!8m2!3d9.7165826!4d99.9880165!16s%2Fg%2F11yzcm8_gh!19sChIJ_4_pQAD_VDARwnsN5dXOOp8?authuser=0&hl=en&rclk=1,5.0,23,,Skin care clinic,140/3,Temporarily closed · +66 93 520 8552,"Tropical touch
5.0(23)
Skin care clinic · 140/3
Temporarily closed · +66 93 520 8552

Directions
 
""The procedure was done very carefully and professionally.""",9.609201098097232,99.97731541588152
0x3054fc4e56b5d4ed:0xf19bbc96c1e8e20b,Hatrin Nursing and Midwife Clinic,https://www.google.com/maps/place/Hatrin+Nursing+and+Midwife+Clinic/data=!4m7!3m6!1s0x3054fc4e56b5d4ed:0xf19bbc96c1e8e20b!8m2!3d9.7017738!4d100.0223109!16s%2Fg%2F1pzxkm86k!19sChIJ7dS1Vk78VDARC-LowZa8m_E?authuser=0&hl=en&rclk=1,,0,,Walk-in clinic,"110, 10",,"Hatrin Nursing and Midwife Clinic
No reviews
Walk-in clinic · 110, 10
+66 77 375 279

Directions",9.605025926631718,99.93223198630854
0x3054f120a7e36ac5:0xce348e6eabd320c7,La Belle Studio Samui - Hair Spa & Beauty,https://www.google.com/maps/place/La+Belle+Studio+Samui+-+Hair+Spa+%26+Beauty/data=!4m7!3m6!1s0x3054f120a7e36ac5:0xce348e6eabd320c7!8m2!3d9.5695147!4d100.0775709!16s%2Fg%2F11nb4qjngd!19sChIJxWrjpyDxVDARxyDTq26ONM4?authuser=0&hl=en&rclk=1,4.9,36,,Beauty Salon,"74/143 MOO 5 BOPUT, KOH SAMUI SURATTHANI บ้านเลขที่ 74/143",Closed · Opens 9 am · +66 81 990 6630,"La Belle Studio Samui - Hair Spa & Beauty
4.9(36)
Beauty Salon · 74/143 MOO 5 BOPUT, KOH SAMUI SURATTHANI บ้านเลขที่ 74/143
Closed · Opens 9 am · +66 81 990 6630

Website

Directions
 
""All staff made the experience so relaxing.""",9.57608594406282,100.0506130028728
0x3054fca4a626f709:0x22ffac3957616f4b,Ban Don International Clinic,https://www.google.com/maps/place/Ban+Don+International+Clinic/data=!4m7!3m6!1s0x3054fca4a626f709:0x22ffac3957616f4b!8m2!3d9.6746427!4d100.064191!16s%2Fg%2F1hd_93js8!19sChIJCfcmpqT8VDARS29hVzms_yI?authuser=0&hl=en&rclk=1,4.8,6,,Doctor,M3F7+VM4,Open 24 hours · +66 77 375 471,"Ban Don International Clinic
4.8(6)
Doctor · M3F7+VM4
Open 24 hours · +66 77 375 471

Directions
 
""What if she started with the Tetanus shot.""",9.582615172932657,100.04431610460055
0x3054fcbac9aee107:0xb60b31aaf9cf8e2b,Rim Hat Nursing and Midwifery Clinic,https://www.google.com/maps/place/Rim+Hat+Nursing+and+Midwifery+Clinic/data=!4m7!3m6!1s0x3054fcbac9aee107:0xb60b31aaf9cf8e2b!8m2!3d9.675744!4d100.067991!16s%2Fg%2F1hfcjdxl8!19sChIJB-Guybr8VDARK47P-aoxC7Y?authuser=0&hl=en&rclk=1,4.0,1,,,,,"Rim Hat Nursing and Midwifery Clinic
4.0(1)
M3G9+75X

Directions",9.594082740195205,100.03023844505887
0x3054fc4f2c05943d:0x23506b6d8811cddd,Ban MO Taeng Dental Clinic,https://www.google.com/maps/place/Ban+MO+Taeng+Dental+Clinic/data=!4m7!3m6!1s0x3054fc4f2c05943d:0x23506b6d8811cddd!8m2!3d9.701065!4d100.019496!16s%2Fg%2F1hdz186h9!19sChIJPZQFLE_8VDAR3c0RiG1rUCM?authuser=0&hl=en&rclk=1,4.9,14,,Dentist,P229+CQH,,"Ban MO Taeng Dental Clinic
4.9(14)
Dentist · P229+CQH
+66 83 969 0754

Directions
 
""Doctor súper profesional, she hears you, acts with your consent only.""",9.611936115434643,99.98861365872656
0x3054f15b43013ead:0xbe8e44a8791dec1e,Health Spa & Wellness,https://www.google.com/maps/place/Health+Spa+%26+Wellness/data=!4m7!3m6!1s0x3054f15b43013ead:0xbe8e44a8791dec1e!8m2!3d9.5693345!4d100.0675935!16s%2Fg%2F11x5xshh0n!19sChIJrT4BQ1vxVDARHuwdeahEjr4?authuser=0&hl=en&rclk=1,4.9,74,,Facial spa,"59, 35",Closed · Opens 9 am · +66 97 109 7471,"Health Spa & Wellness
4.9(74)
Facial spa · 59, 35
Closed · Opens 9 am · +66 97 109 7471

Website

Directions
 
""The massage is very relaxing and shows results very quickly!""",9.565807254122998,100.06424332255601
0x3054f100499fe105:0xe5e4e109643313c4,VITAXCELL,https://www.google.com/maps/place/VITAXCELL/data=!4m7!3m6!1s0x3054f100499fe105:0xe5e4e109643313c4!8m2!3d9.5662175!4d100.0828409!16s%2Fg%2F11vm7lztkn!19sChIJBeGfSQDxVDARxBMzZAnh5OU?authuser=0&hl=en&rclk=1,5.0,17,,Medical clinic,37 59,,"VITAXCELL
5.0(17)
Medical clinic · 37 59
+66 63 269 1219

Website

Directions
 
""Very helpful staff and Doctor is very knowledgeable.""",9.532916013491214,100.08400936285464
0x3054f01eeb76ad6f:0x6354d13f0d13d639,Absolute Sanctuary,https://www.google.com/maps/place/Absolute+Sanctuary/data=!4m10!3m9!1s0x3054f01eeb76ad6f:0x6354d13f0d13d639!5m2!4m1!1i2!8m2!3d9.5577884!4d100.0770326!16s%2Fg%2F1v387bwy!19sChIJb6126x7wVDAROdYTDT_RVGM?authuser=0&hl=en&rclk=1,4.5,180,,,,,"Absolute Sanctuary
4.5(180)
4-star hotel
Serene wellness hotel offering a spa
+66 77 601 190

Website

Directions
 

Pool

Spa

Free parking

Free Wi-Fi
 
""The service, staff, knowledge and care is unmatched.""",9.553990344310181,100.07618251083126
0x3054ef00357f128f:0x680984e6ecf16298,Legacy Muscle Universe,https://www.google.com/maps/place/Legacy+Muscle+Universe/data=!4m7!3m6!1s0x3054ef00357f128f:0x680984e6ecf16298!8m2!3d9.5658775!4d100.083513!16s%2Fg%2F11vzg0h6d6!19sChIJjxJ_NQDvVDARmGLx7OaECWg?authuser=0&hl=en&rclk=1,4.9,462,,Gym, · H38M+99H,Open · Closes 11 pm · +66 82 446 2445,"Legacy Muscle Universe
4.9(462)
Gym ·  · H38M+99H
Open · Closes 11 pm · +66 82 446 2445

Website

Directions
 
""Clean, well-equipped and super friendly staff""",9.553990344310181,100.07618251083126
0x3054fd2a1fc0e6a5:0xe818a7f324d8a799,PALM Acupuncture TCM Clinic Phangan หมอปาล์ม ฝังเข็ม เกาะพะงัน,https://www.google.com/maps/place/PALM+Acupuncture+TCM+Clinic+Phangan+%E0%B8%AB%E0%B8%A1%E0%B8%AD%E0%B8%9B%E0%B8%B2%E0%B8%A5%E0%B9%8C%E0%B8%A1+%E0%B8%9D%E0%B8%B1%E0%B8%87%E0%B9%80%E0%B8%82%E0%B9%87%E0%B8%A1+%E0%B9%80%E0%B8%81%E0%B8%B2%E0%B8%B0%E0%B8%9E%E0%B8%B0%E0%B8%87%E0%B8%B1%E0%B8%99/data=!4m7!3m6!1s0x3054fd2a1fc0e6a5:0xe818a7f324d8a799!8m2!3d9.7043306!4d100.0115564!16s%2Fg%2F11q2x0pyn5!19sChIJpebAHyr9VDARmafYJPOnGOg?authuser=0&hl=en&rclk=1,5.0,13,,Chinese medicine clinic,108 2,Closed · Opens 6:30 pm Fri · +66 95 575 7474,"PALM Acupuncture TCM Clinic Phangan หมอปาล์ม ฝังเข็ม เกาะพะงัน
5.0(13)
Chinese medicine clinic · 108 2
Closed · Opens 6:30 pm Fri · +66 95 575 7474

Website

Directions
 
""The doctor is very gentle, kind, and takes time to explain each step calmly.""",9.596081564662164,100.0426984513289
0x3054ff50d2e01db7:0x26d7bcd4804061a0,PEP Acupuncture Cupping Clinic Phangan ฝังเข็ม ครอบแก้ว พะงัน,https://www.google.com/maps/place/PEP+Acupuncture+Cupping+Clinic+Phangan+%E0%B8%9D%E0%B8%B1%E0%B8%87%E0%B9%80%E0%B8%82%E0%B9%87%E0%B8%A1+%E0%B8%84%E0%B8%A3%E0%B8%AD%E0%B8%9A%E0%B9%81%E0%B8%81%E0%B9%89%E0%B8%A7+%E0%B8%9E%E0%B8%B0%E0%B8%87%E0%B8%B1%E0%B8%99/data=!4m7!3m6!1s0x3054ff50d2e01db7:0x26d7bcd4804061a0!8m2!3d9.7109452!4d99.9907655!16s%2Fg%2F11k6dxnvr8!19sChIJtx3g0lD_VDARoGFAgNS81yY?authuser=0&hl=en&rclk=1,4.9,38,,Doctor,212/12,Closed · Opens 11 am · +66 95 884 5855,"PEP Acupuncture Cupping Clinic Phangan ฝังเข็ม ครอบแก้ว พะงัน
4.9(38)
Doctor · 212/12
Closed · Opens 11 am · +66 95 884 5855

Directions
 
""Helped me significantly reduce back pain in a few sessions.""",9.596081564662164,100.0426984513289
0x3054fdc755da626f:0xaf3e48e117aacea1,The teeth clinic คลินิกทำฟัน พงัน,https://www.google.com/maps/place/The+teeth+clinic+%E0%B8%84%E0%B8%A5%E0%B8%B4%E0%B8%99%E0%B8%B4%E0%B8%81%E0%B8%97%E0%B8%B3%E0%B8%9F%E0%B8%B1%E0%B8%99+%E0%B8%9E%E0%B8%87%E0%B8%B1%E0%B8%99/data=!4m7!3m6!1s0x3054fdc755da626f:0xaf3e48e117aacea1!8m2!3d9.709561!4d99.9899522!16s%2Fg%2F11ck5wmjy5!19sChIJb2LaVcf9VDARoc6qF-FIPq8?authuser=0&hl=en&rclk=1,3.8,17,,Doctor,91/12 ม .1 ต เกาะ พ งัน อ เกาะ พ งัน,Closed · Opens 9 am · +66 98 710 6288,"The teeth clinic คลินิกทำฟัน พงัน
3.8(17)
Doctor · 91/12 ม .1 ต เกาะ พ งัน อ เกาะ พ งัน
Closed · Opens 9 am · +66 98 710 6288

Directions
 
""They even helped out with my insurance.""",9.596081564662164,100.0426984513289
0x305501a287f07295:0xc575c09fc9d09e95,Dr.Worawut Clinic คลินิก หมอวรวุฒิ,https://www.google.com/maps/place/Dr.Worawut+Clinic+%E0%B8%84%E0%B8%A5%E0%B8%B4%E0%B8%99%E0%B8%B4%E0%B8%81+%E0%B8%AB%E0%B8%A1%E0%B8%AD%E0%B8%A7%E0%B8%A3%E0%B8%A7%E0%B8%B8%E0%B8%92%E0%B8%B4/data=!4m7!3m6!1s0x305501a287f07295:0xc575c09fc9d09e95!8m2!3d9.756406!4d99.9710323!16s%2Fg%2F11yv86qmy4!19sChIJlXLwh6IBVTARlZ7QyZ_AdcU?authuser=0&hl=en&rclk=1,4.9,0,,Clinic,Thong Sala - Chaloklum Road,Closes soon · 7:50 am · Reopens 12 pm · +66 89 621 3013,"Dr.Worawut Clinic คลินิก หมอวรวุฒิ
4.9
Clinic · Thong Sala - Chaloklum Road
Closes soon · 7:50 am · Reopens 12 pm · +66 89 621 3013

Directions",9.62290280522507,99.95342207205874
0x3054fe7f929817a7:0x612553a885d53bf9,Somchok Clinic Yon,https://www.google.com/maps/place/Somchok+Clinic+Yon/data=!4m7!3m6!1s0x3054fe7f929817a7:0x612553a885d53bf9!8m2!3d9.712007!4d99.990486!16s%2Fg%2F11r9sf6zz!19sChIJpxeYkn_-VDAR-TvVhahTJWE?authuser=0&hl=en&rclk=1,,0,,Clinic,"PX6R+R55, Thong Sai Rd.",,"Somchok Clinic Yon
No reviews
Clinic · PX6R+R55, Thong Sai Rd.

Directions",9.621743334137575,99.94438498357859
0x3054fc339c40c653:0xafa78a60b1b5a9bd,Phangan Veterinary Clinic,https://www.google.com/maps/place/Phangan+Veterinary+Clinic/data=!4m7!3m6!1s0x3054fc339c40c653:0xafa78a60b1b5a9bd!8m2!3d9.707075!4d100.0068489!16s%2Fg%2F11g8kr5750!19sChIJU8ZAnDP8VDARvam1sWCKp68?authuser=0&hl=en&rclk=1,4.5,195,,Veterinarian,"113, 9",Closed · Opens 9 am · +66 84 447 0944,"Phangan Veterinary Clinic
4.5(195)
Veterinarian · 113, 9
Closed · Opens 9 am · +66 84 447 0944

Website

Directions
 
""Very easy to reach, always available for treatment, and prices are fair.""",9.621743334137575,99.94438498357859
0x3054ff166de5257d:0x1744490fdef91ad7,Koh Phangan Dental Clinic คลินิกทันตกรรมเกาะพะงัน คลินิกทำฟัน,https://www.google.com/maps/place/Koh+Phangan+Dental+Clinic+%E0%B8%84%E0%B8%A5%E0%B8%B4%E0%B8%99%E0%B8%B4%E0%B8%81%E0%B8%97%E0%B8%B1%E0%B8%99%E0%B8%95%E0%B8%81%E0%B8%A3%E0%B8%A3%E0%B8%A1%E0%B9%80%E0%B8%81%E0%B8%B2%E0%B8%B0%E0%B8%9E%E0%B8%B0%E0%B8%87%E0%B8%B1%E0%B8%99+%E0%B8%84%E0%B8%A5%E0%B8%B4%E0%B8%99%E0%B8%B4%E0%B8%81%E0%B8%97%E0%B8%B3%E0%B8%9F%E0%B8%B1%E0%B8%99/data=!4m7!3m6!1s0x3054ff166de5257d:0x1744490fdef91ad7!8m2!3d9.7115613!4d99.9893032!16s%2Fg%2F11f66dd4mh!19sChIJfSXlbRb_VDAR1xr53g9JRBc?authuser=0&hl=en&rclk=1,4.2,83,,Dental clinic,214 หมู่ 1,Closed · Opens 10 am · +66 91 459 6353,"Koh Phangan Dental Clinic คลินิกทันตกรรมเกาะพะงัน คลินิกทำฟัน
4.2(83)
Dental clinic · 214 หมู่ 1
Closed · Opens 10 am · +66 91 459 6353

Website

Directions
 
""They fixed my chipped tooth within an hour!""",9.621743334137575,99.94438498357859
0x30546f6584f766d3:0xe608ffe9ff0fadc4,YA DENTIST Dental Clinic คลินิกทันตกรรมหมอยุ้ย หมอเอก,https://www.google.com/maps/place/YA+DENTIST+Dental+Clinic+%E0%B8%84%E0%B8%A5%E0%B8%B4%E0%B8%99%E0%B8%B4%E0%B8%81%E0%B8%97%E0%B8%B1%E0%B8%99%E0%B8%95%E0%B8%81%E0%B8%A3%E0%B8%A3%E0%B8%A1%E0%B8%AB%E0%B8%A1%E0%B8%AD%E0%B8%A2%E0%B8%B8%E0%B9%89%E0%B8%A2+%E0%B8%AB%E0%B8%A1%E0%B8%AD%E0%B9%80%E0%B8%AD%E0%B8%81/data=!4m7!3m6!1s0x30546f6584f766d3:0xe608ffe9ff0fadc4!8m2!3d9.3184448!4d99.688607!16s%2Fg%2F11rsfqblhn!19sChIJ02b3hGVvVDARxK0P_-n_COY?authuser=0&hl=en&rclk=1,4.9,41,,Dental clinic,2/7 หมู่ 5 ถนนประปาเก่า,Closed · Opens 5 pm · +66 63 150 9878,"YA DENTIST Dental Clinic คลินิกทันตกรรมหมอยุ้ย หมอเอก
4.9(41)
Dental clinic · 2/7 หมู่ 5 ถนนประปาเก่า
Closed · Opens 5 pm · +66 63 150 9878

Website

Directions
 
""The dentist is cute and takes good care of his patients.""",9.433611068068663,99.85721999793113
0x3054f1bfb76ffbf7:0xd3ce26497fbcc5e4,Sis Studio Bophut,https://www.google.com/maps/place/Sis+Studio+Bophut/data=!4m7!3m6!1s0x3054f1bfb76ffbf7:0xd3ce26497fbcc5e4!8m2!3d9.5583744!4d100.0270796!16s%2Fg%2F11l5_l8zg9!19sChIJ9_tvt7_xVDAR5MW8f0kmztM?authuser=0&hl=en&rclk=1,5.0,136,,Beauty salon,106/9,Closed · Opens 10:30 am · +66 95 273 9945,"Sis Studio Bophut
5.0(136)
Beauty salon · 106/9
Closed · Opens 10:30 am · +66 95 273 9945

Directions
 
""My facial treatment was relaxing and my skin feels so fresh.""",9.558733111975869,100.02333313312694
