2026-08-25 17:37:30,085 [INFO] 검색 쿼리: 'โรงพยาบาลสัตว์' (tag=th_vet) | checkpoint=discovered_places.th_vet.checkpoint
2026-08-25 17:37:30,087 [INFO] Base 포인트: 1887개 (center 18.7883,98.9853, zones=[(12000, 500)])
2026-08-25 17:37:30,108 [INFO] 기존 발견: 232개 | 처리된 좌표: 1616개
2026-08-25 17:37:30,109 [INFO] 처리 대기: 271개 base point
2026-08-25 17:37:30,109 [INFO] Grid 워커: 1개 (포트 2080~2080)
2026-08-25 17:37:40,111 [INFO] ★ 진행: processed=0 | pending=271 | active=0 | subdivide=0 | 식당=232 | 속도=0.0/분 | ETA 0.0분
2026-08-25 17:37:50,114 [INFO] ★ 진행: processed=0 | pending=270 | active=1 | subdivide=0 | 식당=232 | 속도=0.0/분 | ETA 0.0분
2026-08-25 17:38:00,116 [INFO] ★ 진행: processed=0 | pending=270 | active=1 | subdivide=0 | 식당=232 | 속도=0.0/분 | ETA 0.0분
2026-08-25 17:38:01,031 [INFO]     스크롤 6회로 끝까지 로드
2026-08-25 17:38:01,892 [INFO] [W0] (18.78440,98.98768) step=500m | 결과 28 신규 0 (100%중복) | 누적 232
2026-08-25 17:38:10,118 [INFO] ★ 진행: processed=1 | pending=269 | active=1 | subdivide=0 | 식당=232 | 속도=1.5/분 | ETA 179.4분
2026-08-25 17:38:20,122 [INFO] ★ 진행: processed=1 | pending=269 | active=1 | subdivide=0 | 식당=232 | 속도=1.2/분 | ETA 224.2분
2026-08-25 17:38:30,122 [INFO]   ✓ 체크포인트 저장 (processed=1, 식당 232)
2026-08-25 17:38:30,124 [INFO] ★ 진행: processed=1 | pending=269 | active=1 | subdivide=0 | 식당=232 | 속도=1.0/분 | ETA 269.1분
2026-08-25 17:38:38,019 [INFO]     스크롤 25회로 끝까지 로드
2026-08-25 17:38:40,124 [INFO] ★ 진행: processed=1 | pending=269 | active=1 | subdivide=0 | 식당=232 | 속도=0.9/분 | ETA 313.9분
2026-08-25 17:38:43,303 [INFO] [W0] (18.78830,98.99482) step=500m | 결과 119 신규 0 (100%중복) | 누적 232
2026-08-25 17:38:50,126 [INFO] ★ 진행: processed=2 | pending=268 | active=1 | subdivide=0 | 식당=232 | 속도=1.5/분 | ETA 178.7분
2026-08-25 17:39:00,130 [INFO] ★ 진행: processed=2 | pending=268 | active=1 | subdivide=0 | 식당=232 | 속도=1.3/분 | ETA 201.0분
2026-08-25 17:39:00,133 [INFO]   ✓ 체크포인트 저장 (processed=2, 식당 232)
2026-08-25 17:39:10,132 [INFO] ★ 진행: processed=2 | pending=268 | active=1 | subdivide=0 | 식당=232 | 속도=1.2/분 | ETA 223.4분
2026-08-25 17:39:16,312 [INFO]     스크롤 25회로 끝까지 로드
2026-08-25 17:39:20,134 [INFO] ★ 진행: processed=2 | pending=268 | active=1 | subdivide=0 | 식당=232 | 속도=1.1/분 | ETA 245.7분
2026-08-25 17:39:21,929 [INFO] [W0] (18.79249,98.99373) step=500m | 결과 120 신규 0 (100%중복) | 누적 232
2026-08-25 17:39:30,136 [INFO] ★ 진행: processed=3 | pending=267 | active=1 | subdivide=0 | 식당=232 | 속도=1.5/분 | ETA 178.0분
2026-08-25 17:39:30,141 [INFO]   ✓ 체크포인트 저장 (processed=3, 식당 232)
2026-08-25 17:39:40,137 [INFO] ★ 진행: processed=3 | pending=267 | active=1 | subdivide=0 | 식당=232 | 속도=1.4/분 | ETA 192.9분
2026-08-25 17:39:50,138 [INFO] ★ 진행: processed=3 | pending=267 | active=1 | subdivide=0 | 식당=232 | 속도=1.3/분 | ETA 207.7분
2026-08-25 17:39:56,551 [INFO]     스크롤 26회로 끝까지 로드
2026-08-25 17:40:00,139 [INFO] ★ 진행: processed=3 | pending=267 | active=1 | subdivide=0 | 식당=232 | 속도=1.2/분 | ETA 222.5분
2026-08-25 17:40:01,098 [INFO] [W0] (18.79724,98.98645) step=500m | 결과 120 신규 0 (100%중복) | 누적 232
2026-08-25 17:40:10,140 [INFO] ★ 진행: processed=4 | pending=266 | active=1 | subdivide=0 | 식당=232 | 속도=1.5/분 | ETA 177.4분
2026-08-25 17:40:19,358 [INFO]     스크롤 11회로 끝까지 로드
2026-08-25 17:40:20,142 [INFO] ★ 진행: processed=4 | pending=266 | active=1 | subdivide=0 | 식당=232 | 속도=1.4/분 | ETA 188.5분
2026-08-25 17:40:21,143 [INFO] [W0] (18.79672,98.98193) step=500m | 결과 48 신규 0 (100%중복) | 누적 232
2026-08-25 17:40:30,144 [INFO] ★ 진행: processed=5 | pending=265 | active=1 | subdivide=0 | 식당=232 | 속도=1.7/분 | ETA 159.0분
2026-08-25 17:40:30,150 [INFO]   ✓ 체크포인트 저장 (processed=5, 식당 232)
2026-08-25 17:40:40,146 [INFO] ★ 진행: processed=5 | pending=265 | active=1 | subdivide=0 | 식당=232 | 속도=1.6/분 | ETA 167.9분
2026-08-25 17:40:50,147 [INFO] ★ 진행: processed=5 | pending=265 | active=1 | subdivide=0 | 식당=232 | 속도=1.5/분 | ETA 176.7분
2026-08-25 17:40:55,142 [INFO]     스크롤 26회로 끝까지 로드
2026-08-25 17:41:00,149 [INFO] ★ 진행: processed=5 | pending=265 | active=1 | subdivide=0 | 식당=232 | 속도=1.4/분 | ETA 185.5분
2026-08-25 17:41:00,222 [INFO] [W0] (18.79427,98.97818) step=500m | 결과 120 신규 0 (100%중복) | 누적 232
2026-08-25 17:41:10,151 [INFO] ★ 진행: processed=6 | pending=264 | active=1 | subdivide=0 | 식당=232 | 속도=1.6/분 | ETA 161.4분
2026-08-25 17:41:20,153 [INFO] ★ 진행: processed=6 | pending=264 | active=1 | subdivide=0 | 식당=232 | 속도=1.6/분 | ETA 168.7분
2026-08-25 17:41:29,187 [INFO]     스크롤 21회로 끝까지 로드
2026-08-25 17:41:30,154 [INFO] ★ 진행: processed=6 | pending=264 | active=1 | subdivide=0 | 식당=232 | 속도=1.5/분 | ETA 176.0분
2026-08-25 17:41:30,159 [INFO]   ✓ 체크포인트 저장 (processed=6, 식당 232)
2026-08-25 17:41:32,942 [INFO] [W0] (18.79046,98.97606) step=500m | 결과 88 신규 0 (100%중복) | 누적 232
2026-08-25 17:41:40,156 [INFO] ★ 진행: processed=7 | pending=263 | active=1 | subdivide=0 | 식당=232 | 속도=1.7/분 | ETA 156.6분
2026-08-25 17:41:50,158 [INFO] ★ 진행: processed=7 | pending=263 | active=1 | subdivide=0 | 식당=232 | 속도=1.6/분 | ETA 162.8분
2026-08-25 17:42:00,160 [INFO] ★ 진행: processed=7 | pending=263 | active=1 | subdivide=0 | 식당=232 | 속도=1.6/분 | ETA 169.1분
2026-08-25 17:42:00,165 [INFO]   ✓ 체크포인트 저장 (processed=7, 식당 232)
2026-08-25 17:42:10,161 [INFO] ★ 진행: processed=7 | pending=263 | active=1 | subdivide=0 | 식당=232 | 속도=1.5/분 | ETA 175.4분
2026-08-25 17:42:11,316 [INFO]     스크롤 25회로 끝까지 로드
2026-08-25 17:42:14,315 [INFO] [W0] (18.78614,98.97606) step=500m | 결과 120 신규 0 (100%중복) | 누적 232
2026-08-25 17:42:20,163 [INFO] ★ 진행: processed=8 | pending=262 | active=1 | subdivide=0 | 식당=232 | 속도=1.7/분 | ETA 158.3분
2026-08-25 17:42:30,165 [INFO] ★ 진행: processed=8 | pending=262 | active=1 | subdivide=0 | 식당=232 | 속도=1.6/분 | ETA 163.8분
2026-08-25 17:42:30,174 [INFO]   ✓ 체크포인트 저장 (processed=8, 식당 232)
2026-08-25 17:42:35,210 [INFO]     스크롤 11회로 끝까지 로드
2026-08-25 17:42:36,873 [INFO] [W0] (18.78233,98.97818) step=500m | 결과 48 신규 0 (100%중복) | 누적 232
2026-08-25 17:42:40,167 [INFO] ★ 진행: processed=9 | pending=261 | active=1 | subdivide=0 | 식당=232 | 속도=1.7/분 | ETA 149.9분
2026-08-25 17:42:50,169 [INFO] ★ 진행: processed=9 | pending=261 | active=1 | subdivide=0 | 식당=232 | 속도=1.7/분 | ETA 154.7분
2026-08-25 17:43:00,173 [INFO] ★ 진행: processed=9 | pending=261 | active=1 | subdivide=0 | 식당=232 | 속도=1.6/분 | ETA 159.5분
2026-08-25 17:43:00,181 [INFO]   ✓ 체크포인트 저장 (processed=9, 식당 232)
2026-08-25 17:43:04,517 [INFO]     스크롤 19회로 끝까지 로드
2026-08-25 17:43:07,057 [INFO] [W0] (18.79889,98.96990) step=500m | 결과 90 신규 0 (100%중복) | 누적 232
2026-08-25 17:43:10,174 [INFO] ★ 진행: processed=10 | pending=260 | active=1 | subdivide=0 | 식당=232 | 속도=1.8/분 | ETA 147.4분
2026-08-25 17:43:20,177 [INFO] ★ 진행: processed=10 | pending=260 | active=1 | subdivide=0 | 식당=232 | 속도=1.7/분 | ETA 151.7분
2026-08-25 17:43:30,180 [INFO] ★ 진행: processed=10 | pending=260 | active=1 | subdivide=0 | 식당=232 | 속도=1.7/분 | ETA 156.0분
2026-08-25 17:43:30,188 [INFO]   ✓ 체크포인트 저장 (processed=10, 식당 232)
2026-08-25 17:43:36,662 [INFO]     스크롤 21회로 끝까지 로드
2026-08-25 17:43:40,181 [INFO] ★ 진행: processed=10 | pending=260 | active=1 | subdivide=0 | 식당=232 | 속도=1.6/분 | ETA 160.4분
2026-08-25 17:43:40,278 [INFO] [W0] (18.77771,98.96990) step=500m | 결과 110 신규 0 (100%중복) | 누적 232
2026-08-25 17:43:50,184 [INFO] ★ 진행: processed=11 | pending=259 | active=1 | subdivide=0 | 식당=232 | 속도=1.7/분 | ETA 149.2분
2026-08-25 17:44:00,186 [INFO] ★ 진행: processed=11 | pending=259 | active=1 | subdivide=0 | 식당=232 | 속도=1.7/분 | ETA 153.1분
2026-08-25 17:44:00,194 [INFO]   ✓ 체크포인트 저장 (processed=11, 식당 232)
2026-08-25 17:44:10,188 [INFO] ★ 진행: processed=11 | pending=259 | active=1 | subdivide=0 | 식당=232 | 속도=1.6/분 | ETA 157.0분
2026-08-25 17:44:14,925 [INFO]     스크롤 26회로 끝까지 로드
2026-08-25 17:44:20,108 [INFO] [W0] (18.77442,98.97317) step=500m | 결과 120 신규 0 (100%중복) | 누적 232
2026-08-25 17:44:20,189 [INFO] ★ 진행: processed=12 | pending=258 | active=1 | subdivide=0 | 식당=232 | 속도=1.8/분 | ETA 146.9분
2026-08-25 17:44:30,192 [INFO] ★ 진행: processed=12 | pending=258 | active=1 | subdivide=0 | 식당=232 | 속도=1.7/분 | ETA 150.5분
2026-08-25 17:44:30,204 [INFO]   ✓ 체크포인트 저장 (processed=12, 식당 232)
2026-08-25 17:44:40,193 [INFO] ★ 진행: processed=12 | pending=258 | active=1 | subdivide=0 | 식당=232 | 속도=1.7/분 | ETA 154.1분
2026-08-25 17:44:50,195 [INFO] ★ 진행: processed=12 | pending=258 | active=1 | subdivide=0 | 식당=232 | 속도=1.6/분 | ETA 157.7분
2026-08-25 17:44:57,066 [INFO]     스크롤 26회로 끝까지 로드
2026-08-25 17:45:00,196 [INFO] ★ 진행: processed=12 | pending=258 | active=1 | subdivide=0 | 식당=232 | 속도=1.6/분 | ETA 161.3분
2026-08-25 17:45:01,735 [INFO] [W0] (18.79275,98.95714) step=500m | 결과 120 신규 0 (100%중복) | 누적 232
2026-08-25 17:45:10,197 [INFO] ★ 진행: processed=13 | pending=257 | active=1 | subdivide=0 | 식당=232 | 속도=1.7/분 | ETA 151.6분
2026-08-25 17:45:14,540 [INFO]     스크롤 6회로 끝까지 로드
2026-08-25 17:45:14,936 [INFO] [W0] (18.78385,98.95714) step=500m | 결과 20 신규 0 (100%중복) | 누적 232
2026-08-25 17:45:20,198 [INFO] ★ 진행: processed=14 | pending=256 | active=1 | subdivide=0 | 식당=232 | 속도=1.8/분 | ETA 143.3분
2026-08-25 17:45:24,848 [INFO]     스크롤 4회로 끝까지 로드
2026-08-25 17:45:24,857 [INFO] [W0] (18.77952,98.95830) step=500m | 결과 0 신규 0 (0%중복) | 누적 232
2026-08-25 17:45:30,201 [INFO] ★ 진행: processed=15 | pending=255 | active=1 | subdivide=0 | 식당=232 | 속도=1.9/분 | ETA 136.0분
2026-08-25 17:45:30,209 [INFO]   ✓ 체크포인트 저장 (processed=15, 식당 232)
2026-08-25 17:45:40,204 [INFO] ★ 진행: processed=15 | pending=255 | active=1 | subdivide=0 | 식당=232 | 속도=1.8/분 | ETA 138.9분
2026-08-25 17:45:50,206 [INFO] ★ 진행: processed=15 | pending=255 | active=1 | subdivide=0 | 식당=232 | 속도=1.8/분 | ETA 141.7분
2026-08-25 17:46:00,209 [INFO] ★ 진행: processed=15 | pending=255 | active=1 | subdivide=0 | 식당=232 | 속도=1.8/분 | ETA 144.5분
2026-08-25 17:46:00,800 [INFO]     스크롤 26회로 끝까지 로드
2026-08-25 17:46:05,166 [INFO] [W0] (18.77544,98.96019) step=500m | 결과 120 신규 0 (100%중복) | 누적 232
2026-08-25 17:46:10,211 [INFO] ★ 진행: processed=16 | pending=254 | active=1 | subdivide=0 | 식당=232 | 속도=1.8/분 | ETA 137.6분
2026-08-25 17:46:20,215 [INFO] ★ 진행: processed=16 | pending=254 | active=1 | subdivide=0 | 식당=232 | 속도=1.8/분 | ETA 140.3분
2026-08-25 17:46:30,217 [INFO] ★ 진행: processed=16 | pending=254 | active=1 | subdivide=0 | 식당=232 | 속도=1.8/분 | ETA 142.9분
2026-08-25 17:46:30,217 [INFO]   ✓ 체크포인트 저장 (processed=16, 식당 232)
2026-08-25 17:46:40,204 [INFO]     스크롤 27회로 끝까지 로드
2026-08-25 17:46:40,218 [INFO] ★ 진행: processed=16 | pending=254 | active=1 | subdivide=0 | 식당=232 | 속도=1.7/분 | ETA 145.5분
2026-08-25 17:46:44,736 [INFO] [W0] (18.77503,99.02069) step=500m | 결과 120 신규 0 (100%중복) | 누적 232
2026-08-25 17:46:50,219 [INFO] ★ 진행: processed=17 | pending=253 | active=1 | subdivide=0 | 식당=232 | 속도=1.8/분 | ETA 138.9분
2026-08-25 17:47:00,221 [INFO] ★ 진행: processed=17 | pending=253 | active=1 | subdivide=0 | 식당=232 | 속도=1.8/분 | ETA 141.4분
2026-08-25 17:47:00,233 [INFO]   ✓ 체크포인트 저장 (processed=17, 식당 232)
2026-08-25 17:47:07,292 [INFO]     스크롤 11회로 끝까지 로드
2026-08-25 17:47:08,953 [INFO] [W0] (18.77934,99.02217) step=500m | 결과 48 신규 0 (100%중복) | 누적 232
2026-08-25 17:47:10,224 [INFO] ★ 진행: processed=18 | pending=252 | active=1 | subdivide=0 | 식당=232 | 속도=1.9/분 | ETA 135.4분
2026-08-25 17:47:20,227 [INFO] ★ 진행: processed=18 | pending=252 | active=1 | subdivide=0 | 식당=232 | 속도=1.8/분 | ETA 137.7분
2026-08-25 17:47:30,230 [INFO] ★ 진행: processed=18 | pending=252 | active=1 | subdivide=0 | 식당=232 | 속도=1.8/분 | ETA 140.0분
2026-08-25 17:47:30,245 [INFO]   ✓ 체크포인트 저장 (processed=18, 식당 232)
2026-08-25 17:47:40,234 [INFO] ★ 진행: processed=18 | pending=252 | active=1 | subdivide=0 | 식당=232 | 속도=1.8/분 | ETA 142.4분
2026-08-25 17:47:50,237 [INFO] ★ 진행: processed=18 | pending=252 | active=1 | subdivide=0 | 식당=232 | 속도=1.7/분 | ETA 144.7분
2026-08-25 17:47:50,583 [INFO]     스크롤 27회로 끝까지 로드
2026-08-25 17:47:54,980 [INFO] [W0] (18.78378,99.02306) step=500m | 결과 120 신규 0 (100%중복) | 누적 232
2026-08-25 17:48:00,240 [INFO] ★ 진행: processed=19 | pending=251 | active=1 | subdivide=0 | 식당=232 | 속도=1.8/분 | ETA 138.7분
2026-08-25 17:48:00,251 [INFO]   ✓ 체크포인트 저장 (processed=19, 식당 232)
2026-08-25 17:48:10,243 [INFO] ★ 진행: processed=19 | pending=251 | active=1 | subdivide=0 | 식당=232 | 속도=1.8/분 | ETA 140.9분
2026-08-25 17:48:20,246 [INFO] ★ 진행: processed=19 | pending=251 | active=1 | subdivide=0 | 식당=232 | 속도=1.8/분 | ETA 143.1분
2026-08-25 17:48:30,249 [INFO] ★ 진행: processed=19 | pending=251 | active=1 | subdivide=0 | 식당=232 | 속도=1.7/분 | ETA 145.3분
2026-08-25 17:48:30,552 [INFO]     스크롤 26회로 끝까지 로드
2026-08-25 17:48:34,980 [INFO] [W0] (18.78830,99.02812) step=500m | 결과 120 신규 0 (100%중복) | 누적 232
2026-08-25 17:48:34,981 [INFO] [W0] 20포인트 정기 rotate
2026-08-25 17:48:34,989 [INFO] [W0] VPN rotate 요청 (old=de1449.nordvpn.com (187.40.45.82:443))
2026-08-25 17:48:39,016 [INFO] [W0] VPN rotated → tw237.nordvpn.com (187.15.121.14:443)
2026-08-25 17:48:40,251 [INFO] ★ 진행: processed=20 | pending=250 | active=1 | subdivide=0 | 식당=232 | 속도=1.8/분 | ETA 139.6분
2026-08-25 17:48:50,252 [INFO] ★ 진행: processed=20 | pending=250 | active=1 | subdivide=0 | 식당=232 | 속도=1.8/분 | ETA 141.7분
2026-08-25 17:49:00,255 [INFO] ★ 진행: processed=20 | pending=250 | active=1 | subdivide=0 | 식당=232 | 속도=1.7/분 | ETA 143.8분
2026-08-25 17:49:00,263 [INFO]   ✓ 체크포인트 저장 (processed=20, 식당 232)
2026-08-25 17:49:10,258 [INFO] ★ 진행: processed=20 | pending=250 | active=1 | subdivide=0 | 식당=232 | 속도=1.7/분 | ETA 145.9분
2026-08-25 17:49:15,474 [INFO]     스크롤 27회로 끝까지 로드
2026-08-25 17:49:20,197 [INFO] [W0] (18.77100,99.02403) step=500m | 결과 120 신규 0 (100%중복) | 누적 232
2026-08-25 17:49:20,260 [INFO] ★ 진행: processed=21 | pending=249 | active=1 | subdivide=0 | 식당=232 | 속도=1.8/분 | ETA 140.3분
2026-08-25 17:49:30,261 [INFO] ★ 진행: processed=21 | pending=249 | active=1 | subdivide=0 | 식당=232 | 속도=1.7/분 | ETA 142.3분
2026-08-25 17:49:30,271 [INFO]   ✓ 체크포인트 저장 (processed=21, 식당 232)
2026-08-25 17:49:40,264 [INFO] ★ 진행: processed=21 | pending=249 | active=1 | subdivide=0 | 식당=232 | 속도=1.7/분 | ETA 144.3분
2026-08-25 17:49:50,266 [INFO] ★ 진행: processed=21 | pending=249 | active=1 | subdivide=0 | 식당=232 | 속도=1.7/분 | ETA 146.3분
2026-08-25 17:49:55,789 [INFO]     스크롤 27회로 끝까지 로드
2026-08-25 17:50:00,268 [INFO] ★ 진행: processed=21 | pending=249 | active=1 | subdivide=0 | 식당=232 | 속도=1.7/분 | ETA 148.2분
2026-08-25 17:50:00,941 [INFO] [W0] (18.77514,99.02580) step=500m | 결과 120 신규 0 (100%중복) | 누적 232
2026-08-25 17:50:10,270 [INFO] ★ 진행: processed=22 | pending=248 | active=1 | subdivide=0 | 식당=232 | 속도=1.7/분 | ETA 142.8분
2026-08-25 17:50:20,271 [INFO] ★ 진행: processed=22 | pending=248 | active=1 | subdivide=0 | 식당=232 | 속도=1.7/분 | ETA 144.7분
2026-08-25 17:50:30,272 [INFO] ★ 진행: processed=22 | pending=248 | active=1 | subdivide=0 | 식당=232 | 속도=1.7/분 | ETA 146.6분
2026-08-25 17:50:30,281 [INFO]   ✓ 체크포인트 저장 (processed=22, 식당 232)
2026-08-25 17:50:35,489 [INFO]     스크롤 27회로 끝까지 로드
2026-08-25 17:50:40,321 [INFO] ★ 진행: processed=22 | pending=248 | active=1 | subdivide=0 | 식당=232 | 속도=1.7/분 | ETA 148.5분
2026-08-25 17:50:40,705 [INFO] [W0] (18.80984,99.02709) step=500m | 결과 120 신규 0 (100%중복) | 누적 232
2026-08-25 17:50:50,327 [INFO] ★ 진행: processed=23 | pending=247 | active=1 | subdivide=0 | 식당=232 | 속도=1.7/분 | ETA 143.2분
2026-08-25 17:51:00,291 [INFO]   ✓ 체크포인트 저장 (processed=23, 식당 232)
2026-08-25 17:51:00,328 [INFO] ★ 진행: processed=23 | pending=247 | active=1 | subdivide=0 | 식당=232 | 속도=1.7/분 | ETA 145.0분
2026-08-25 17:51:10,330 [INFO] ★ 진행: processed=23 | pending=247 | active=1 | subdivide=0 | 식당=232 | 속도=1.7/분 | ETA 146.8분
2026-08-25 17:51:12,807 [INFO]     스크롤 25회로 끝까지 로드
2026-08-25 17:51:17,660 [INFO] [W0] (18.74929,98.96151) step=500m | 결과 107 신규 0 (100%중복) | 누적 232
2026-08-25 17:51:20,333 [INFO] ★ 진행: processed=24 | pending=246 | active=1 | subdivide=0 | 식당=232 | 속도=1.7/분 | ETA 141.8분
2026-08-25 17:51:30,299 [INFO]   ✓ 체크포인트 저장 (processed=24, 식당 232)
2026-08-25 17:51:30,334 [INFO] ★ 진행: processed=24 | pending=246 | active=1 | subdivide=0 | 식당=232 | 속도=1.7/분 | ETA 143.5분
2026-08-25 17:51:40,336 [INFO] ★ 진행: processed=24 | pending=246 | active=1 | subdivide=0 | 식당=232 | 속도=1.7/분 | ETA 145.2분
2026-08-25 17:51:50,337 [INFO] ★ 진행: processed=24 | pending=246 | active=1 | subdivide=0 | 식당=232 | 속도=1.7/분 | ETA 147.0분
2026-08-25 17:51:52,410 [INFO]     스크롤 27회로 끝까지 로드
2026-08-25 17:51:57,291 [INFO] [W0] (18.74560,98.97015) step=500m | 결과 119 신규 0 (100%중복) | 누적 232
2026-08-25 17:52:00,310 [INFO]   ✓ 체크포인트 저장 (processed=25, 식당 232)
2026-08-25 17:52:00,339 [INFO] ★ 진행: processed=25 | pending=245 | active=1 | subdivide=0 | 식당=232 | 속도=1.7/분 | ETA 142.1분
2026-08-25 17:52:10,366 [INFO] ★ 진행: processed=25 | pending=245 | active=1 | subdivide=0 | 식당=232 | 속도=1.7/분 | ETA 143.8분
2026-08-25 17:52:14,685 [INFO]     스크롤 11회로 끝까지 로드
2026-08-25 17:52:16,576 [INFO] [W0] (18.76293,99.02461) step=500m | 결과 48 신규 0 (100%중복) | 누적 232
2026-08-25 17:52:20,369 [INFO] ★ 진행: processed=26 | pending=244 | active=1 | subdivide=0 | 식당=232 | 속도=1.8/분 | ETA 139.2분
2026-08-25 17:52:30,318 [INFO]   ✓ 체크포인트 저장 (processed=26, 식당 232)
2026-08-25 17:52:30,371 [INFO] ★ 진행: processed=26 | pending=244 | active=1 | subdivide=0 | 식당=232 | 속도=1.7/분 | ETA 140.8분
2026-08-25 17:52:40,372 [INFO] ★ 진행: processed=26 | pending=244 | active=1 | subdivide=0 | 식당=232 | 속도=1.7/분 | ETA 142.4분
2026-08-25 17:52:50,374 [INFO] ★ 진행: processed=26 | pending=244 | active=1 | subdivide=0 | 식당=232 | 속도=1.7/분 | ETA 143.9분
2026-08-25 17:52:51,225 [INFO]     스크롤 27회로 끝까지 로드
2026-08-25 17:52:55,673 [INFO] [W0] (18.76676,99.02709) step=500m | 결과 120 신규 0 (100%중복) | 누적 232
2026-08-25 17:53:00,326 [INFO]   ✓ 체크포인트 저장 (processed=27, 식당 232)
2026-08-25 17:53:00,376 [INFO] ★ 진행: processed=27 | pending=243 | active=1 | subdivide=0 | 식당=232 | 속도=1.7/분 | ETA 139.5분
2026-08-25 17:53:10,376 [INFO] ★ 진행: processed=27 | pending=243 | active=1 | subdivide=0 | 식당=232 | 속도=1.7/분 | ETA 141.0분
2026-08-25 17:53:20,380 [INFO] ★ 진행: processed=27 | pending=243 | active=1 | subdivide=0 | 식당=232 | 속도=1.7/분 | ETA 142.5분
2026-08-25 17:53:30,381 [INFO] ★ 진행: processed=27 | pending=243 | active=1 | subdivide=0 | 식당=232 | 속도=1.7/분 | ETA 144.0분
2026-08-25 17:53:30,509 [INFO]     스크롤 27회로 끝까지 로드
2026-08-25 17:53:35,399 [INFO] [W0] (18.77080,99.02914) step=500m | 결과 120 신규 0 (100%중복) | 누적 232
2026-08-25 17:53:40,384 [INFO] ★ 진행: processed=28 | pending=242 | active=1 | subdivide=0 | 식당=232 | 속도=1.7/분 | ETA 139.8분
2026-08-25 17:53:50,386 [INFO] ★ 진행: processed=28 | pending=242 | active=1 | subdivide=0 | 식당=232 | 속도=1.7/분 | ETA 141.2분
2026-08-25 17:54:00,340 [INFO]   ✓ 체크포인트 저장 (processed=28, 식당 232)
2026-08-25 17:54:00,388 [INFO] ★ 진행: processed=28 | pending=242 | active=1 | subdivide=0 | 식당=232 | 속도=1.7/분 | ETA 142.6분
2026-08-25 17:54:09,880 [INFO]     스크롤 27회로 끝까지 로드
2026-08-25 17:54:10,389 [INFO] ★ 진행: processed=28 | pending=242 | active=1 | subdivide=0 | 식당=232 | 속도=1.7/분 | ETA 144.1분
2026-08-25 17:54:13,495 [INFO] [W0] (18.77502,99.03077) step=500m | 결과 120 신규 0 (100%중복) | 누적 232
2026-08-25 17:54:20,392 [INFO] ★ 진행: processed=29 | pending=241 | active=1 | subdivide=0 | 식당=232 | 속도=1.7/분 | ETA 139.9분
2026-08-25 17:54:30,350 [INFO]   ✓ 체크포인트 저장 (processed=29, 식당 232)
2026-08-25 17:54:30,393 [INFO] ★ 진행: processed=29 | pending=241 | active=1 | subdivide=0 | 식당=232 | 속도=1.7/분 | ETA 141.3분
2026-08-25 17:54:40,395 [INFO] ★ 진행: processed=29 | pending=241 | active=1 | subdivide=0 | 식당=232 | 속도=1.7/분 | ETA 142.7분
2026-08-25 17:54:47,911 [INFO]     스크롤 27회로 끝까지 로드
2026-08-25 17:54:50,398 [INFO] ★ 진행: processed=29 | pending=241 | active=1 | subdivide=0 | 식당=232 | 속도=1.7/분 | ETA 144.1분
2026-08-25 17:54:51,661 [INFO] [W0] (18.79727,99.03677) step=500m | 결과 120 신규 0 (100%중복) | 누적 232
2026-08-25 17:55:00,357 [INFO]   ✓ 체크포인트 저장 (processed=30, 식당 232)
2026-08-25 17:55:00,399 [INFO] ★ 진행: processed=30 | pending=240 | active=1 | subdivide=0 | 식당=232 | 속도=1.7/분 | ETA 140.0분
2026-08-25 17:55:10,401 [INFO] ★ 진행: processed=30 | pending=240 | active=1 | subdivide=0 | 식당=232 | 속도=1.7/분 | ETA 141.4분
2026-08-25 17:55:20,403 [INFO] ★ 진행: processed=30 | pending=240 | active=1 | subdivide=0 | 식당=232 | 속도=1.7/분 | ETA 142.7분
2026-08-25 17:55:24,724 [INFO]     스크롤 26회로 끝까지 로드
2026-08-25 17:55:28,626 [INFO] [W0] (18.82451,99.02102) step=500m | 결과 119 신규 0 (100%중복) | 누적 232
2026-08-25 17:55:30,364 [INFO]   ✓ 체크포인트 저장 (processed=31, 식당 232)
2026-08-25 17:55:30,404 [INFO] ★ 진행: processed=31 | pending=239 | active=1 | subdivide=0 | 식당=232 | 속도=1.7/분 | ETA 138.8분
2026-08-25 17:55:40,406 [INFO] ★ 진행: processed=31 | pending=239 | active=1 | subdivide=0 | 식당=232 | 속도=1.7/분 | ETA 140.1분
2026-08-25 17:55:50,408 [INFO] ★ 진행: processed=31 | pending=239 | active=1 | subdivide=0 | 식당=232 | 속도=1.7/분 | ETA 141.4분
2026-08-25 17:56:00,409 [INFO] ★ 진행: processed=31 | pending=239 | active=1 | subdivide=0 | 식당=232 | 속도=1.7/분 | ETA 142.7분
2026-08-25 17:56:01,999 [INFO]     스크롤 26회로 끝까지 로드
2026-08-25 17:56:07,034 [INFO] [W0] (18.78604,98.93302) step=500m | 결과 120 신규 0 (100%중복) | 누적 232
2026-08-25 17:56:10,411 [INFO] ★ 진행: processed=32 | pending=238 | active=1 | subdivide=0 | 식당=232 | 속도=1.7/분 | ETA 138.9분
2026-08-25 17:56:20,413 [INFO] ★ 진행: processed=32 | pending=238 | active=1 | subdivide=0 | 식당=232 | 속도=1.7/분 | ETA 140.1분
2026-08-25 17:56:30,378 [INFO]   ✓ 체크포인트 저장 (processed=32, 식당 232)
2026-08-25 17:56:30,414 [INFO] ★ 진행: processed=32 | pending=238 | active=1 | subdivide=0 | 식당=232 | 속도=1.7/분 | ETA 141.4분
2026-08-25 17:56:40,415 [INFO] ★ 진행: processed=32 | pending=238 | active=1 | subdivide=0 | 식당=232 | 속도=1.7/분 | ETA 142.6분
2026-08-25 17:56:41,166 [INFO]     스크롤 27회로 끝까지 로드
2026-08-25 17:56:45,555 [INFO] [W0] (18.77712,98.93431) step=500m | 결과 120 신규 0 (100%중복) | 누적 232
2026-08-25 17:56:50,416 [INFO] ★ 진행: processed=33 | pending=237 | active=1 | subdivide=0 | 식당=232 | 속도=1.7/분 | ETA 138.9분
2026-08-25 17:57:00,383 [INFO]   ✓ 체크포인트 저장 (processed=33, 식당 232)
2026-08-25 17:57:00,417 [INFO] ★ 진행: processed=33 | pending=237 | active=1 | subdivide=0 | 식당=232 | 속도=1.7/분 | ETA 140.1분
2026-08-25 17:57:10,420 [INFO] ★ 진행: processed=33 | pending=237 | active=1 | subdivide=0 | 식당=232 | 속도=1.7/분 | ETA 141.3분
2026-08-25 17:57:20,041 [INFO]     스크롤 27회로 끝까지 로드
2026-08-25 17:57:20,421 [INFO] ★ 진행: processed=33 | pending=237 | active=1 | subdivide=0 | 식당=232 | 속도=1.7/분 | ETA 142.5분
2026-08-25 17:57:24,681 [INFO] [W0] (18.77277,98.93560) step=500m | 결과 120 신규 0 (100%중복) | 누적 232
2026-08-25 17:57:30,390 [INFO]   ✓ 체크포인트 저장 (processed=34, 식당 232)
2026-08-25 17:57:30,422 [INFO] ★ 진행: processed=34 | pending=236 | active=1 | subdivide=0 | 식당=232 | 속도=1.7/분 | ETA 138.9분
2026-08-25 17:57:40,423 [INFO] ★ 진행: processed=34 | pending=236 | active=1 | subdivide=0 | 식당=232 | 속도=1.7/분 | ETA 140.0분
2026-08-25 17:57:50,426 [INFO] ★ 진행: processed=34 | pending=236 | active=1 | subdivide=0 | 식당=232 | 속도=1.7/분 | ETA 141.2분
2026-08-25 17:57:58,970 [INFO]     스크롤 26회로 끝까지 로드
2026-08-25 17:58:00,428 [INFO] ★ 진행: processed=34 | pending=236 | active=1 | subdivide=0 | 식당=232 | 속도=1.7/분 | ETA 142.3분
2026-08-25 17:58:03,245 [INFO] [W0] (18.76856,98.93729) step=500m | 결과 120 신규 0 (100%중복) | 누적 232
2026-08-25 17:58:10,430 [INFO] ★ 진행: processed=35 | pending=235 | active=1 | subdivide=0 | 식당=232 | 속도=1.7/분 | ETA 138.8분
2026-08-25 17:58:20,431 [INFO] ★ 진행: processed=35 | pending=235 | active=1 | subdivide=0 | 식당=232 | 속도=1.7/분 | ETA 139.9분
2026-08-25 17:58:30,402 [INFO]   ✓ 체크포인트 저장 (processed=35, 식당 232)
2026-08-25 17:58:30,434 [INFO] ★ 진행: processed=35 | pending=235 | active=1 | subdivide=0 | 식당=232 | 속도=1.7/분 | ETA 141.0분
2026-08-25 17:58:36,638 [INFO]     스크롤 26회로 끝까지 로드
2026-08-25 17:58:40,435 [INFO] ★ 진행: processed=35 | pending=235 | active=1 | subdivide=0 | 식당=232 | 속도=1.7/분 | ETA 142.2분
2026-08-25 17:58:41,629 [INFO] [W0] (18.76451,98.93939) step=500m | 결과 120 신규 0 (100%중복) | 누적 232
2026-08-25 17:58:50,436 [INFO] ★ 진행: processed=36 | pending=234 | active=1 | subdivide=0 | 식당=232 | 속도=1.7/분 | ETA 138.7분
2026-08-25 17:59:00,408 [INFO]   ✓ 체크포인트 저장 (processed=36, 식당 232)
2026-08-25 17:59:00,439 [INFO] ★ 진행: processed=36 | pending=234 | active=1 | subdivide=0 | 식당=232 | 속도=1.7/분 | ETA 139.8분
2026-08-25 17:59:10,441 [INFO] ★ 진행: processed=36 | pending=234 | active=1 | subdivide=0 | 식당=232 | 속도=1.7/분 | ETA 140.9분
2026-08-25 17:59:17,078 [INFO]     스크롤 27회로 끝까지 로드
2026-08-25 17:59:20,444 [INFO] ★ 진행: processed=36 | pending=234 | active=1 | subdivide=0 | 식당=232 | 속도=1.6/분 | ETA 142.0분
2026-08-25 17:59:21,926 [INFO] [W0] (18.76065,98.94187) step=500m | 결과 120 신규 0 (100%중복) | 누적 232
2026-08-25 17:59:30,414 [INFO]   ✓ 체크포인트 저장 (processed=37, 식당 232)
2026-08-25 17:59:30,445 [INFO] ★ 진행: processed=37 | pending=233 | active=1 | subdivide=0 | 식당=232 | 속도=1.7/분 | ETA 138.6분
2026-08-25 17:59:33,361 [INFO]     스크롤 6회로 끝까지 로드
2026-08-25 17:59:34,009 [INFO] [W0] (18.75703,98.94470) step=500m | 결과 20 신규 0 (100%중복) | 누적 232
2026-08-25 17:59:40,446 [INFO] ★ 진행: processed=38 | pending=232 | active=1 | subdivide=0 | 식당=232 | 속도=1.7/분 | ETA 135.4분
2026-08-25 17:59:50,448 [INFO] ★ 진행: processed=38 | pending=232 | active=1 | subdivide=0 | 식당=232 | 속도=1.7/분 | ETA 136.4분
2026-08-25 18:00:00,428 [INFO]   ✓ 체크포인트 저장 (processed=38, 식당 232)
2026-08-25 18:00:00,450 [INFO] ★ 진행: processed=38 | pending=232 | active=1 | subdivide=0 | 식당=232 | 속도=1.7/분 | ETA 137.4분
2026-08-25 18:00:07,435 [INFO]     스크롤 25회로 끝까지 로드
2026-08-25 18:00:10,451 [INFO] ★ 진행: processed=38 | pending=232 | active=1 | subdivide=0 | 식당=232 | 속도=1.7/분 | ETA 138.4분
2026-08-25 18:00:11,957 [INFO] [W0] (18.75366,98.94787) step=500m | 결과 118 신규 0 (100%중복) | 누적 232
2026-08-25 18:00:20,452 [INFO] ★ 진행: processed=39 | pending=231 | active=1 | subdivide=0 | 식당=232 | 속도=1.7/분 | ETA 135.3분
2026-08-25 18:00:30,436 [INFO]   ✓ 체크포인트 저장 (processed=39, 식당 232)
2026-08-25 18:00:30,453 [INFO] ★ 진행: processed=39 | pending=231 | active=1 | subdivide=0 | 식당=232 | 속도=1.7/분 | ETA 136.3분
2026-08-25 18:00:40,454 [INFO] ★ 진행: processed=39 | pending=231 | active=1 | subdivide=0 | 식당=232 | 속도=1.7/분 | ETA 137.3분
2026-08-25 18:00:47,007 [INFO]     스크롤 27회로 끝까지 로드
2026-08-25 18:00:50,455 [INFO] ★ 진행: processed=39 | pending=231 | active=1 | subdivide=0 | 식당=232 | 속도=1.7/분 | ETA 138.2분
2026-08-25 18:00:51,390 [INFO] [W0] (18.75059,98.95135) step=500m | 결과 119 신규 0 (100%중복) | 누적 232
2026-08-25 18:00:51,390 [INFO] [W0] 20포인트 정기 rotate
2026-08-25 18:00:51,392 [INFO] [W0] VPN rotate 요청 (old=tw237.nordvpn.com (187.15.121.14:443))
2026-08-25 18:01:00,441 [INFO]   ✓ 체크포인트 저장 (processed=40, 식당 232)
2026-08-25 18:01:00,455 [INFO] ★ 진행: processed=40 | pending=230 | active=1 | subdivide=0 | 식당=232 | 속도=1.7/분 | ETA 135.2분
2026-08-25 18:01:10,456 [INFO] ★ 진행: processed=40 | pending=230 | active=1 | subdivide=0 | 식당=232 | 속도=1.7/분 | ETA 136.1분
2026-08-25 18:01:13,422 [INFO] [W0] VPN rotated → tw240.nordvpn.com (187.15.121.20:443)
2026-08-25 18:01:20,458 [INFO] ★ 진행: processed=40 | pending=230 | active=1 | subdivide=0 | 식당=232 | 속도=1.7/분 | ETA 137.1분
2026-08-25 18:01:30,459 [INFO] ★ 진행: processed=40 | pending=230 | active=1 | subdivide=0 | 식당=232 | 속도=1.7/분 | ETA 138.0분
2026-08-25 18:01:40,461 [INFO] ★ 진행: processed=40 | pending=230 | active=1 | subdivide=0 | 식당=232 | 속도=1.7/분 | ETA 139.0분
2026-08-25 18:01:46,929 [INFO]     스크롤 25회로 끝까지 로드
2026-08-25 18:01:50,465 [INFO] ★ 진행: processed=40 | pending=230 | active=1 | subdivide=0 | 식당=232 | 속도=1.6/분 | ETA 140.0분
2026-08-25 18:01:51,280 [INFO] [W0] (18.74782,98.95512) step=500m | 결과 119 신규 0 (100%중복) | 누적 232
2026-08-25 18:02:00,454 [INFO]   ✓ 체크포인트 저장 (processed=41, 식당 232)
2026-08-25 18:02:00,466 [INFO] ★ 진행: processed=41 | pending=229 | active=1 | subdivide=0 | 식당=232 | 속도=1.7/분 | ETA 136.9분
2026-08-25 18:02:10,467 [INFO] ★ 진행: processed=41 | pending=229 | active=1 | subdivide=0 | 식당=232 | 속도=1.7/분 | ETA 137.8분
2026-08-25 18:02:20,469 [INFO] ★ 진행: processed=41 | pending=229 | active=1 | subdivide=0 | 식당=232 | 속도=1.7/분 | ETA 138.7분
2026-08-25 18:02:25,301 [INFO]     스크롤 27회로 끝까지 로드
2026-08-25 18:02:29,300 [INFO] [W0] (18.74539,98.95913) step=500m | 결과 119 신규 0 (100%중복) | 누적 232
2026-08-25 18:02:30,463 [INFO]   ✓ 체크포인트 저장 (processed=42, 식당 232)
2026-08-25 18:02:30,470 [INFO] ★ 진행: processed=42 | pending=228 | active=1 | subdivide=0 | 식당=232 | 속도=1.7/분 | ETA 135.7분
2026-08-25 18:02:40,471 [INFO] ★ 진행: processed=42 | pending=228 | active=1 | subdivide=0 | 식당=232 | 속도=1.7/분 | ETA 136.7분
2026-08-25 18:02:50,473 [INFO] ★ 진행: processed=42 | pending=228 | active=1 | subdivide=0 | 식당=232 | 속도=1.7/분 | ETA 137.6분
2026-08-25 18:03:00,475 [INFO] ★ 진행: processed=42 | pending=228 | active=1 | subdivide=0 | 식당=232 | 속도=1.6/분 | ETA 138.5분
2026-08-25 18:03:01,840 [INFO]     스크롤 25회로 끝까지 로드
2026-08-25 18:03:06,110 [INFO] [W0] (18.74331,98.96336) step=500m | 결과 119 신규 0 (100%중복) | 누적 232
2026-08-25 18:03:10,478 [INFO] ★ 진행: processed=43 | pending=227 | active=1 | subdivide=0 | 식당=232 | 속도=1.7/분 | ETA 135.5분
2026-08-25 18:03:20,481 [INFO] ★ 진행: processed=43 | pending=227 | active=1 | subdivide=0 | 식당=232 | 속도=1.7/분 | ETA 136.4분
2026-08-25 18:03:30,476 [INFO]   ✓ 체크포인트 저장 (processed=43, 식당 232)
2026-08-25 18:03:30,483 [INFO] ★ 진행: processed=43 | pending=227 | active=1 | subdivide=0 | 식당=232 | 속도=1.7/분 | ETA 137.3분
2026-08-25 18:03:39,169 [INFO]     스크롤 26회로 끝까지 로드
2026-08-25 18:03:40,484 [INFO] ★ 진행: processed=43 | pending=227 | active=1 | subdivide=0 | 식당=232 | 속도=1.6/분 | ETA 138.2분
2026-08-25 18:03:43,499 [INFO] [W0] (18.74161,98.96777) step=500m | 결과 119 신규 0 (100%중복) | 누적 232
2026-08-25 18:03:50,486 [INFO] ★ 진행: processed=44 | pending=226 | active=1 | subdivide=0 | 식당=232 | 속도=1.7/분 | ETA 135.3분
2026-08-25 18:04:00,484 [INFO]   ✓ 체크포인트 저장 (processed=44, 식당 232)
2026-08-25 18:04:00,489 [INFO] ★ 진행: processed=44 | pending=226 | active=1 | subdivide=0 | 식당=232 | 속도=1.7/분 | ETA 136.1분
2026-08-25 18:04:00,535 [INFO]     스크롤 11회로 끝까지 로드
2026-08-25 18:04:02,311 [INFO] [W0] (18.74030,98.97233) step=500m | 결과 48 신규 0 (100%중복) | 누적 232
2026-08-25 18:04:10,489 [INFO] ★ 진행: processed=45 | pending=225 | active=1 | subdivide=0 | 식당=232 | 속도=1.7/분 | ETA 133.4분
2026-08-25 18:04:16,446 [INFO]     스크롤 6회로 끝까지 로드
2026-08-25 18:04:17,473 [INFO] [W0] (18.73938,98.97699) step=500m | 결과 28 신규 0 (100%중복) | 누적 232
2026-08-25 18:04:20,491 [INFO] ★ 진행: processed=46 | pending=224 | active=1 | subdivide=0 | 식당=232 | 속도=1.7/분 | ETA 130.7분
2026-08-25 18:04:30,492 [INFO] ★ 진행: processed=46 | pending=224 | active=1 | subdivide=0 | 식당=232 | 속도=1.7/분 | ETA 131.5분
2026-08-25 18:04:30,494 [INFO]   ✓ 체크포인트 저장 (processed=46, 식당 232)
2026-08-25 18:04:40,493 [INFO] ★ 진행: processed=46 | pending=224 | active=1 | subdivide=0 | 식당=232 | 속도=1.7/분 | ETA 132.3분
2026-08-25 18:04:49,441 [INFO]     스크롤 22회로 끝까지 로드
2026-08-25 18:04:50,496 [INFO] ★ 진행: processed=46 | pending=224 | active=1 | subdivide=0 | 식당=232 | 속도=1.7/분 | ETA 133.1분
2026-08-25 18:04:52,821 [INFO] [W0] (18.73887,98.98173) step=500m | 결과 96 신규 0 (100%중복) | 누적 232
2026-08-25 18:05:00,498 [INFO] ★ 진행: processed=47 | pending=223 | active=1 | subdivide=0 | 식당=232 | 속도=1.7/분 | ETA 130.5분
2026-08-25 18:05:00,503 [INFO]   ✓ 체크포인트 저장 (processed=47, 식당 232)
2026-08-25 18:05:10,500 [INFO] ★ 진행: processed=47 | pending=223 | active=1 | subdivide=0 | 식당=232 | 속도=1.7/분 | ETA 131.3분
2026-08-25 18:05:20,501 [INFO] ★ 진행: processed=47 | pending=223 | active=1 | subdivide=0 | 식당=232 | 속도=1.7/분 | ETA 132.1분
2026-08-25 18:05:26,201 [INFO]     스크롤 25회로 끝까지 로드
2026-08-25 18:05:30,502 [INFO] ★ 진행: processed=47 | pending=223 | active=1 | subdivide=0 | 식당=232 | 속도=1.7/분 | ETA 132.9분
2026-08-25 18:05:30,882 [INFO] [W0] (18.73876,98.98649) step=500m | 결과 120 신규 0 (100%중복) | 누적 232
2026-08-25 18:05:40,504 [INFO] ★ 진행: processed=48 | pending=222 | active=1 | subdivide=0 | 식당=232 | 속도=1.7/분 | ETA 130.3분
2026-08-25 18:05:49,824 [INFO]     스크롤 11회로 끝까지 로드
2026-08-25 18:05:50,506 [INFO] ★ 진행: processed=48 | pending=222 | active=1 | subdivide=0 | 식당=232 | 속도=1.7/분 | ETA 131.1분
2026-08-25 18:05:51,999 [INFO] [W0] (18.73907,98.99124) step=500m | 결과 48 신규 0 (100%중복) | 누적 232
2026-08-25 18:06:00,507 [INFO] ★ 진행: processed=49 | pending=221 | active=1 | subdivide=0 | 식당=232 | 속도=1.7/분 | ETA 128.6분
2026-08-25 18:06:00,516 [INFO]   ✓ 체크포인트 저장 (processed=49, 식당 232)
2026-08-25 18:06:10,508 [INFO] ★ 진행: processed=49 | pending=221 | active=1 | subdivide=0 | 식당=232 | 속도=1.7/분 | ETA 129.3분
2026-08-25 18:06:20,509 [INFO] ★ 진행: processed=49 | pending=221 | active=1 | subdivide=0 | 식당=232 | 속도=1.7/분 | ETA 130.1분
2026-08-25 18:06:27,488 [INFO]     스크롤 24회로 끝까지 로드
2026-08-25 18:06:30,338 [INFO] [W0] (18.73979,98.99595) step=500m | 결과 91 신규 0 (100%중복) | 누적 232
2026-08-25 18:06:30,511 [INFO] ★ 진행: processed=50 | pending=220 | active=1 | subdivide=0 | 식당=232 | 속도=1.7/분 | ETA 127.6분
2026-08-25 18:06:30,530 [INFO]   ✓ 체크포인트 저장 (processed=50, 식당 232)
2026-08-25 18:06:40,513 [INFO] ★ 진행: processed=50 | pending=220 | active=1 | subdivide=0 | 식당=232 | 속도=1.7/분 | ETA 128.4분
2026-08-25 18:06:50,516 [INFO] ★ 진행: processed=50 | pending=220 | active=1 | subdivide=0 | 식당=232 | 속도=1.7/분 | ETA 129.1분
2026-08-25 18:07:00,519 [INFO] ★ 진행: processed=50 | pending=220 | active=1 | subdivide=0 | 식당=232 | 속도=1.7/분 | ETA 129.8분
2026-08-25 18:07:05,738 [INFO]     스크롤 27회로 끝까지 로드
2026-08-25 18:07:09,740 [INFO] [W0] (18.74090,99.00056) step=500m | 결과 120 신규 0 (100%중복) | 누적 232
2026-08-25 18:07:10,521 [INFO] ★ 진행: processed=51 | pending=219 | active=1 | subdivide=0 | 식당=232 | 속도=1.7/분 | ETA 127.4분
2026-08-25 18:07:20,523 [INFO] ★ 진행: processed=51 | pending=219 | active=1 | subdivide=0 | 식당=232 | 속도=1.7/분 | ETA 128.1분
2026-08-25 18:07:22,147 [INFO]     스크롤 6회로 끝까지 로드
2026-08-25 18:07:22,591 [INFO] [W0] (18.74431,99.00938) step=500m | 결과 20 신규 0 (100%중복) | 누적 232
2026-08-25 18:07:30,525 [INFO] ★ 진행: processed=52 | pending=218 | active=1 | subdivide=0 | 식당=232 | 속도=1.7/분 | ETA 125.8분
2026-08-25 18:07:30,545 [INFO]   ✓ 체크포인트 저장 (processed=52, 식당 232)
2026-08-25 18:07:40,527 [INFO] ★ 진행: processed=52 | pending=218 | active=1 | subdivide=0 | 식당=232 | 속도=1.7/분 | ETA 126.5분
2026-08-25 18:07:50,528 [INFO] ★ 진행: processed=52 | pending=218 | active=1 | subdivide=0 | 식당=232 | 속도=1.7/분 | ETA 127.2분
2026-08-25 18:07:58,240 [INFO]     스크롤 27회로 끝까지 로드
2026-08-25 18:08:00,532 [INFO] ★ 진행: processed=52 | pending=218 | active=1 | subdivide=0 | 식당=232 | 속도=1.7/분 | ETA 127.9분
2026-08-25 18:08:02,829 [INFO] [W0] (18.74656,99.01351) step=500m | 결과 120 신규 0 (100%중복) | 누적 232
2026-08-25 18:08:10,533 [INFO] ★ 진행: processed=53 | pending=217 | active=1 | subdivide=0 | 식당=232 | 속도=1.7/분 | ETA 125.6분
2026-08-25 18:08:20,536 [INFO] ★ 진행: processed=53 | pending=217 | active=1 | subdivide=0 | 식당=232 | 속도=1.7/분 | ETA 126.3분
2026-08-25 18:08:30,536 [INFO] ★ 진행: processed=53 | pending=217 | active=1 | subdivide=0 | 식당=232 | 속도=1.7/분 | ETA 127.0분
2026-08-25 18:08:30,556 [INFO]   ✓ 체크포인트 저장 (processed=53, 식당 232)
2026-08-25 18:08:38,043 [INFO]     스크롤 27회로 끝까지 로드
2026-08-25 18:08:40,539 [INFO] ★ 진행: processed=53 | pending=217 | active=1 | subdivide=0 | 식당=232 | 속도=1.7/분 | ETA 127.6분
2026-08-25 18:08:42,296 [INFO] [W0] (18.74916,99.01740) step=500m | 결과 120 신규 0 (100%중복) | 누적 232
2026-08-25 18:08:50,540 [INFO] ★ 진행: processed=54 | pending=216 | active=1 | subdivide=0 | 식당=232 | 속도=1.7/분 | ETA 125.4분
2026-08-25 18:09:00,544 [INFO] ★ 진행: processed=54 | pending=216 | active=1 | subdivide=0 | 식당=232 | 속도=1.7/분 | ETA 126.0분
2026-08-25 18:09:00,566 [INFO]   ✓ 체크포인트 저장 (processed=54, 식당 232)
2026-08-25 18:09:10,546 [INFO] ★ 진행: processed=54 | pending=216 | active=1 | subdivide=0 | 식당=232 | 속도=1.7/분 | ETA 126.7분
2026-08-25 18:09:18,218 [INFO]     스크롤 27회로 끝까지 로드
2026-08-25 18:09:20,550 [INFO] ★ 진행: processed=54 | pending=216 | active=1 | subdivide=0 | 식당=232 | 속도=1.7/분 | ETA 127.4분
2026-08-25 18:09:22,538 [INFO] [W0] (18.75209,99.02102) step=500m | 결과 120 신규 0 (100%중복) | 누적 232
2026-08-25 18:09:30,551 [INFO] ★ 진행: processed=55 | pending=215 | active=1 | subdivide=0 | 식당=232 | 속도=1.7/분 | ETA 125.1분
2026-08-25 18:09:30,581 [INFO]   ✓ 체크포인트 저장 (processed=55, 식당 232)
2026-08-25 18:09:40,555 [INFO] ★ 진행: processed=55 | pending=215 | active=1 | subdivide=0 | 식당=232 | 속도=1.7/분 | ETA 125.8분
2026-08-25 18:09:50,557 [INFO] ★ 진행: processed=55 | pending=215 | active=1 | subdivide=0 | 식당=232 | 속도=1.7/분 | ETA 126.4분
2026-08-25 18:09:50,646 [INFO]     스크롤 21회로 끝까지 로드
2026-08-25 18:09:54,467 [INFO] [W0] (18.75531,99.02435) step=500m | 결과 120 신규 0 (100%중복) | 누적 232
2026-08-25 18:10:00,558 [INFO] ★ 진행: processed=56 | pending=214 | active=1 | subdivide=0 | 식당=232 | 속도=1.7/분 | ETA 124.2분
2026-08-25 18:10:00,586 [INFO]   ✓ 체크포인트 저장 (processed=56, 식당 232)
2026-08-25 18:10:10,560 [INFO] ★ 진행: processed=56 | pending=214 | active=1 | subdivide=0 | 식당=232 | 속도=1.7/분 | ETA 124.9분
2026-08-25 18:10:20,561 [INFO] ★ 진행: processed=56 | pending=214 | active=1 | subdivide=0 | 식당=232 | 속도=1.7/분 | ETA 125.5분
2026-08-25 18:10:28,858 [INFO]     스크롤 26회로 끝까지 로드
2026-08-25 18:10:30,562 [INFO] ★ 진행: processed=56 | pending=214 | active=1 | subdivide=0 | 식당=232 | 속도=1.7/분 | ETA 126.1분
2026-08-25 18:10:33,312 [INFO] [W0] (18.75881,99.02736) step=500m | 결과 120 신규 0 (100%중복) | 누적 232
2026-08-25 18:10:40,562 [INFO] ★ 진행: processed=57 | pending=213 | active=1 | subdivide=0 | 식당=232 | 속도=1.7/분 | ETA 124.0분
2026-08-25 18:10:50,592 [INFO] ★ 진행: processed=57 | pending=213 | active=1 | subdivide=0 | 식당=232 | 속도=1.7/분 | ETA 124.6분
2026-08-25 18:11:00,592 [INFO]   ✓ 체크포인트 저장 (processed=57, 식당 232)
2026-08-25 18:11:00,608 [INFO] ★ 진행: processed=57 | pending=213 | active=1 | subdivide=0 | 식당=232 | 속도=1.7/분 | ETA 125.2분
2026-08-25 18:11:09,082 [INFO]     스크롤 27회로 끝까지 로드
2026-08-25 18:11:10,609 [INFO] ★ 진행: processed=57 | pending=213 | active=1 | subdivide=0 | 식당=232 | 속도=1.7/분 | ETA 125.8분
2026-08-25 18:11:13,372 [INFO] [W0] (18.76651,99.03231) step=500m | 결과 120 신규 0 (100%중복) | 누적 232
2026-08-25 18:11:20,610 [INFO] ★ 진행: processed=58 | pending=212 | active=1 | subdivide=0 | 식당=232 | 속도=1.7/분 | ETA 123.7분
2026-08-25 18:11:30,607 [INFO]   ✓ 체크포인트 저장 (processed=58, 식당 232)
2026-08-25 18:11:30,612 [INFO] ★ 진행: processed=58 | pending=212 | active=1 | subdivide=0 | 식당=232 | 속도=1.7/분 | ETA 124.3분
2026-08-25 18:11:40,613 [INFO] ★ 진행: processed=58 | pending=212 | active=1 | subdivide=0 | 식당=232 | 속도=1.7/분 | ETA 124.9분
2026-08-25 18:11:48,786 [INFO]     스크롤 27회로 끝까지 로드
2026-08-25 18:11:50,616 [INFO] ★ 진행: processed=58 | pending=212 | active=1 | subdivide=0 | 식당=232 | 속도=1.7/분 | ETA 125.5분
2026-08-25 18:11:53,156 [INFO] [W0] (18.78830,99.04240) step=500m | 결과 120 신규 0 (100%중복) | 누적 232
2026-08-25 18:12:00,618 [INFO]   ✓ 체크포인트 저장 (processed=59, 식당 232)
2026-08-25 18:12:00,618 [INFO] ★ 진행: processed=59 | pending=211 | active=1 | subdivide=0 | 식당=232 | 속도=1.7/분 | ETA 123.4분
2026-08-25 18:12:10,621 [INFO] ★ 진행: processed=59 | pending=211 | active=1 | subdivide=0 | 식당=232 | 속도=1.7/분 | ETA 124.0분
2026-08-25 18:12:19,826 [INFO]     스크롤 19회로 끝까지 로드
2026-08-25 18:12:20,623 [INFO] ★ 진행: processed=59 | pending=211 | active=1 | subdivide=0 | 식당=232 | 속도=1.7/분 | ETA 124.6분
2026-08-25 18:12:21,874 [INFO] [W0] (18.79282,99.04220) step=500m | 결과 76 신규 0 (100%중복) | 누적 232
2026-08-25 18:12:21,875 [INFO] [W0] 20포인트 정기 rotate
2026-08-25 18:12:21,884 [INFO] [W0] VPN rotate 요청 (old=fr1136.nordvpn.com (187.14.107.9:443))
2026-08-25 18:12:27,908 [INFO] [W0] VPN rotated → nl1062.nordvpn.com (64.238.204.12:443)
2026-08-25 18:12:30,624 [INFO] ★ 진행: processed=60 | pending=210 | active=1 | subdivide=0 | 식당=232 | 속도=1.7/분 | ETA 122.5분
2026-08-25 18:12:30,625 [INFO]   ✓ 체크포인트 저장 (processed=60, 식당 232)
2026-08-25 18:12:40,625 [INFO] ★ 진행: processed=60 | pending=210 | active=1 | subdivide=0 | 식당=232 | 속도=1.7/분 | ETA 123.1분
2026-08-25 18:12:50,626 [INFO] ★ 진행: processed=60 | pending=210 | active=1 | subdivide=0 | 식당=232 | 속도=1.7/분 | ETA 123.7분
2026-08-25 18:13:00,627 [INFO] ★ 진행: processed=60 | pending=210 | active=1 | subdivide=0 | 식당=232 | 속도=1.7/분 | ETA 124.3분
2026-08-25 18:13:05,293 [INFO]     스크롤 27회로 끝까지 로드
2026-08-25 18:13:09,163 [INFO] [W0] (18.79731,99.04160) step=500m | 결과 119 신규 0 (100%중복) | 누적 232
2026-08-25 18:13:10,628 [INFO] ★ 진행: processed=61 | pending=209 | active=1 | subdivide=0 | 식당=232 | 속도=1.7/분 | ETA 122.2분
2026-08-25 18:13:20,629 [INFO] ★ 진행: processed=61 | pending=209 | active=1 | subdivide=0 | 식당=232 | 속도=1.7/분 | ETA 122.8분
2026-08-25 18:13:30,630 [INFO] ★ 진행: processed=61 | pending=209 | active=1 | subdivide=0 | 식당=232 | 속도=1.7/분 | ETA 123.4분
2026-08-25 18:13:30,635 [INFO]   ✓ 체크포인트 저장 (processed=61, 식당 232)
2026-08-25 18:13:31,645 [INFO]     스크롤 15회로 끝까지 로드
2026-08-25 18:13:33,882 [INFO] [W0] (18.83511,98.95675) step=500m | 결과 68 신규 0 (100%중복) | 누적 232
2026-08-25 18:13:40,632 [INFO] ★ 진행: processed=62 | pending=208 | active=1 | subdivide=0 | 식당=232 | 속도=1.7/분 | ETA 121.4분
2026-08-25 18:13:50,633 [INFO] ★ 진행: processed=62 | pending=208 | active=1 | subdivide=0 | 식당=232 | 속도=1.7/분 | ETA 121.9분
2026-08-25 18:14:00,634 [INFO] ★ 진행: processed=62 | pending=208 | active=1 | subdivide=0 | 식당=232 | 속도=1.7/분 | ETA 122.5분
2026-08-25 18:14:00,644 [INFO]   ✓ 체크포인트 저장 (processed=62, 식당 232)
2026-08-25 18:14:07,149 [INFO]     스크롤 25회로 끝까지 로드
2026-08-25 18:14:10,448 [INFO] [W0] (18.83269,98.95271) step=500m | 결과 100 신규 0 (100%중복) | 누적 232
2026-08-25 18:14:10,635 [INFO] ★ 진행: processed=63 | pending=207 | active=1 | subdivide=0 | 식당=232 | 속도=1.7/분 | ETA 120.5분
2026-08-25 18:14:20,635 [INFO] ★ 진행: processed=63 | pending=207 | active=1 | subdivide=0 | 식당=232 | 속도=1.7/분 | ETA 121.1분
2026-08-25 18:14:30,636 [INFO] ★ 진행: processed=63 | pending=207 | active=1 | subdivide=0 | 식당=232 | 속도=1.7/분 | ETA 121.6분
2026-08-25 18:14:30,650 [INFO]   ✓ 체크포인트 저장 (processed=63, 식당 232)
2026-08-25 18:14:40,637 [INFO] ★ 진행: processed=63 | pending=207 | active=1 | subdivide=0 | 식당=232 | 속도=1.7/분 | ETA 122.1분
2026-08-25 18:14:50,638 [INFO] ★ 진행: processed=63 | pending=207 | active=1 | subdivide=0 | 식당=232 | 속도=1.7/분 | ETA 122.7분
2026-08-25 18:14:59,820 [INFO]     스크롤 26회로 끝까지 로드
2026-08-25 18:15:00,638 [INFO] ★ 진행: processed=63 | pending=207 | active=1 | subdivide=0 | 식당=232 | 속도=1.7/분 | ETA 123.2분
2026-08-25 18:15:03,297 [INFO] [W0] (18.82995,98.94891) step=500m | 결과 120 신규 0 (100%중복) | 누적 232
2026-08-25 18:15:10,639 [INFO] ★ 진행: processed=64 | pending=206 | active=1 | subdivide=0 | 식당=232 | 속도=1.7/분 | ETA 121.3분
2026-08-25 18:15:20,640 [INFO] ★ 진행: processed=64 | pending=206 | active=1 | subdivide=0 | 식당=232 | 속도=1.7/분 | ETA 121.8분
2026-08-25 18:15:30,641 [INFO] ★ 진행: processed=64 | pending=206 | active=1 | subdivide=0 | 식당=232 | 속도=1.7/분 | ETA 122.3분
2026-08-25 18:15:30,656 [INFO]   ✓ 체크포인트 저장 (processed=64, 식당 232)
2026-08-25 18:15:37,453 [INFO]     스크롤 26회로 끝까지 로드
2026-08-25 18:15:40,642 [INFO] ★ 진행: processed=64 | pending=206 | active=1 | subdivide=0 | 식당=232 | 속도=1.7/분 | ETA 122.9분
2026-08-25 18:15:40,688 [INFO] [W0] (18.82692,98.94535) step=500m | 결과 120 신규 0 (100%중복) | 누적 232
2026-08-25 18:15:50,643 [INFO] ★ 진행: processed=65 | pending=205 | active=1 | subdivide=0 | 식당=232 | 속도=1.7/분 | ETA 120.9분
2026-08-25 18:16:00,644 [INFO] ★ 진행: processed=65 | pending=205 | active=1 | subdivide=0 | 식당=232 | 속도=1.7/분 | ETA 121.5분
2026-08-25 18:16:00,662 [INFO]   ✓ 체크포인트 저장 (processed=65, 식당 232)
2026-08-25 18:16:10,645 [INFO] ★ 진행: processed=65 | pending=205 | active=1 | subdivide=0 | 식당=232 | 속도=1.7/분 | ETA 122.0분
2026-08-25 18:16:15,983 [INFO]     스크롤 27회로 끝까지 로드
2026-08-25 18:16:19,640 [INFO] [W0] (18.82362,98.94208) step=500m | 결과 118 신규 0 (100%중복) | 누적 232
2026-08-25 18:16:20,645 [INFO] ★ 진행: processed=66 | pending=204 | active=1 | subdivide=0 | 식당=232 | 속도=1.7/분 | ETA 120.1분
2026-08-25 18:16:30,647 [INFO] ★ 진행: processed=66 | pending=204 | active=1 | subdivide=0 | 식당=232 | 속도=1.7/분 | ETA 120.6분
2026-08-25 18:16:30,666 [INFO]   ✓ 체크포인트 저장 (processed=66, 식당 232)
2026-08-25 18:16:32,360 [INFO]     스크롤 6회로 끝까지 로드
2026-08-25 18:16:32,858 [INFO] [W0] (18.82007,98.93911) step=500m | 결과 28 신규 0 (100%중복) | 누적 232
2026-08-25 18:16:40,648 [INFO] ★ 진행: processed=67 | pending=203 | active=1 | subdivide=0 | 식당=232 | 속도=1.7/분 | ETA 118.7분
2026-08-25 18:16:50,649 [INFO] ★ 진행: processed=67 | pending=203 | active=1 | subdivide=0 | 식당=232 | 속도=1.7/분 | ETA 119.2분
2026-08-25 18:17:00,650 [INFO] ★ 진행: processed=67 | pending=203 | active=1 | subdivide=0 | 식당=232 | 속도=1.7/분 | ETA 119.7분
2026-08-25 18:17:00,677 [INFO]   ✓ 체크포인트 저장 (processed=67, 식당 232)
2026-08-25 18:17:10,651 [INFO] ★ 진행: processed=67 | pending=203 | active=1 | subdivide=0 | 식당=232 | 속도=1.7/분 | ETA 120.2분
2026-08-25 18:17:12,531 [INFO]     스크롤 25회로 끝까지 로드
2026-08-25 18:17:16,532 [INFO] [W0] (18.81630,98.93646) step=500m | 결과 117 신규 0 (100%중복) | 누적 232
2026-08-25 18:17:20,652 [INFO] ★ 진행: processed=68 | pending=202 | active=1 | subdivide=0 | 식당=232 | 속도=1.7/분 | ETA 118.4분
2026-08-25 18:17:30,653 [INFO] ★ 진행: processed=68 | pending=202 | active=1 | subdivide=0 | 식당=232 | 속도=1.7/분 | ETA 118.9분
2026-08-25 18:17:30,685 [INFO]   ✓ 체크포인트 저장 (processed=68, 식당 232)
2026-08-25 18:17:40,654 [INFO] ★ 진행: processed=68 | pending=202 | active=1 | subdivide=0 | 식당=232 | 속도=1.7/분 | ETA 119.3분
2026-08-25 18:17:50,537 [INFO]     스크롤 26회로 끝까지 로드
2026-08-25 18:17:50,655 [INFO] ★ 진행: processed=68 | pending=202 | active=1 | subdivide=0 | 식당=232 | 속도=1.7/분 | ETA 119.8분
2026-08-25 18:17:53,810 [INFO] [W0] (18.81233,98.93416) step=500m | 결과 120 신규 0 (100%중복) | 누적 232
2026-08-25 18:18:00,656 [INFO] ★ 진행: processed=69 | pending=201 | active=1 | subdivide=0 | 식당=232 | 속도=1.7/분 | ETA 118.0분
2026-08-25 18:18:00,699 [INFO]   ✓ 체크포인트 저장 (processed=69, 식당 232)
2026-08-25 18:18:10,658 [INFO] ★ 진행: processed=69 | pending=201 | active=1 | subdivide=0 | 식당=232 | 속도=1.7/분 | ETA 118.5분
2026-08-25 18:18:20,659 [INFO] ★ 진행: processed=69 | pending=201 | active=1 | subdivide=0 | 식당=232 | 속도=1.7/분 | ETA 119.0분
2026-08-25 18:18:27,247 [INFO]     스크롤 25회로 끝까지 로드
2026-08-25 18:18:30,659 [INFO] ★ 진행: processed=69 | pending=201 | active=1 | subdivide=0 | 식당=232 | 속도=1.7/분 | ETA 119.5분
2026-08-25 18:18:30,835 [INFO] [W0] (18.80820,98.93221) step=500m | 결과 120 신규 0 (100%중복) | 누적 232
2026-08-25 18:18:40,661 [INFO] ★ 진행: processed=70 | pending=200 | active=1 | subdivide=0 | 식당=232 | 속도=1.7/분 | ETA 117.6분
2026-08-25 18:18:50,662 [INFO] ★ 진행: processed=70 | pending=200 | active=1 | subdivide=0 | 식당=232 | 속도=1.7/분 | ETA 118.1분
2026-08-25 18:19:00,663 [INFO] ★ 진행: processed=70 | pending=200 | active=1 | subdivide=0 | 식당=232 | 속도=1.7/분 | ETA 118.6분
2026-08-25 18:19:00,707 [INFO]   ✓ 체크포인트 저장 (processed=70, 식당 232)
2026-08-25 18:19:05,540 [INFO]     스크롤 26회로 끝까지 로드
2026-08-25 18:19:08,868 [INFO] [W0] (18.80392,98.93064) step=500m | 결과 120 신규 0 (100%중복) | 누적 232
2026-08-25 18:19:10,665 [INFO] ★ 진행: processed=71 | pending=199 | active=1 | subdivide=0 | 식당=232 | 속도=1.7/분 | ETA 116.8분
2026-08-25 18:19:20,665 [INFO] ★ 진행: processed=71 | pending=199 | active=1 | subdivide=0 | 식당=232 | 속도=1.7/분 | ETA 117.3분
2026-08-25 18:19:30,666 [INFO] ★ 진행: processed=71 | pending=199 | active=1 | subdivide=0 | 식당=232 | 속도=1.7/분 | ETA 117.7분
2026-08-25 18:19:30,714 [INFO]   ✓ 체크포인트 저장 (processed=71, 식당 232)
2026-08-25 18:19:40,668 [INFO] ★ 진행: processed=71 | pending=199 | active=1 | subdivide=0 | 식당=232 | 속도=1.7/분 | ETA 118.2분
2026-08-25 18:19:44,041 [INFO]     스크롤 27회로 끝까지 로드
2026-08-25 18:19:47,496 [INFO] [W0] (18.77268,98.93064) step=500m | 결과 120 신규 0 (100%중복) | 누적 232
2026-08-25 18:19:50,668 [INFO] ★ 진행: processed=72 | pending=198 | active=1 | subdivide=0 | 식당=232 | 속도=1.7/분 | ETA 116.4분
2026-08-25 18:20:00,669 [INFO] ★ 진행: processed=72 | pending=198 | active=1 | subdivide=0 | 식당=232 | 속도=1.7/분 | ETA 116.9분
2026-08-25 18:20:00,780 [INFO]   ✓ 체크포인트 저장 (processed=72, 식당 232)
2026-08-25 18:20:10,768 [INFO] ★ 진행: processed=72 | pending=198 | active=1 | subdivide=0 | 식당=232 | 속도=1.7/분 | ETA 117.4분
2026-08-25 18:20:20,770 [INFO] ★ 진행: processed=72 | pending=198 | active=1 | subdivide=0 | 식당=232 | 속도=1.7/분 | ETA 117.8분
2026-08-25 18:20:22,846 [INFO]     스크롤 27회로 끝까지 로드
2026-08-25 18:20:26,721 [INFO] [W0] (18.76427,98.93416) step=500m | 결과 120 신규 0 (100%중복) | 누적 232
2026-08-25 18:20:30,772 [INFO] ★ 진행: processed=73 | pending=197 | active=1 | subdivide=0 | 식당=232 | 속도=1.7/분 | ETA 116.1분
2026-08-25 18:20:30,788 [INFO]   ✓ 체크포인트 저장 (processed=73, 식당 232)
2026-08-25 18:20:40,773 [INFO] ★ 진행: processed=73 | pending=197 | active=1 | subdivide=0 | 식당=232 | 속도=1.7/분 | ETA 116.5분
2026-08-25 18:20:50,774 [INFO] ★ 진행: processed=73 | pending=197 | active=1 | subdivide=0 | 식당=232 | 속도=1.7/분 | ETA 117.0분
2026-08-25 18:21:00,776 [INFO] ★ 진행: processed=73 | pending=197 | active=1 | subdivide=0 | 식당=232 | 속도=1.7/분 | ETA 117.4분
2026-08-25 18:21:00,844 [INFO]     스크롤 26회로 끝까지 로드
2026-08-25 18:21:04,861 [INFO] [W0] (18.75653,98.93911) step=500m | 결과 120 신규 0 (100%중복) | 누적 232
2026-08-25 18:21:10,777 [INFO] ★ 진행: processed=74 | pending=196 | active=1 | subdivide=0 | 식당=232 | 속도=1.7/분 | ETA 115.7분
2026-08-25 18:21:20,778 [INFO] ★ 진행: processed=74 | pending=196 | active=1 | subdivide=0 | 식당=232 | 속도=1.7/분 | ETA 116.1분
2026-08-25 18:21:30,779 [INFO] ★ 진행: processed=74 | pending=196 | active=1 | subdivide=0 | 식당=232 | 속도=1.7/분 | ETA 116.6분
2026-08-25 18:21:30,799 [INFO]   ✓ 체크포인트 저장 (processed=74, 식당 232)
2026-08-25 18:21:35,616 [INFO]     스크롤 22회로 끝까지 로드
2026-08-25 18:21:38,878 [INFO] [W0] (18.75298,98.94208) step=500m | 결과 120 신규 0 (100%중복) | 누적 232
2026-08-25 18:21:40,780 [INFO] ★ 진행: processed=75 | pending=195 | active=1 | subdivide=0 | 식당=232 | 속도=1.7/분 | ETA 114.9분
2026-08-25 18:21:50,781 [INFO] ★ 진행: processed=75 | pending=195 | active=1 | subdivide=0 | 식당=232 | 속도=1.7/분 | ETA 115.3분
2026-08-25 18:22:00,782 [INFO] ★ 진행: processed=75 | pending=195 | active=1 | subdivide=0 | 식당=232 | 속도=1.7/분 | ETA 115.7분
2026-08-25 18:22:00,808 [INFO]   ✓ 체크포인트 저장 (processed=75, 식당 232)
2026-08-25 18:22:10,797 [INFO] ★ 진행: processed=75 | pending=195 | active=1 | subdivide=0 | 식당=232 | 속도=1.7/분 | ETA 116.2분
2026-08-25 18:22:14,894 [INFO]     스크롤 26회로 끝까지 로드
2026-08-25 18:22:19,157 [INFO] [W0] (18.74665,98.94891) step=500m | 결과 120 신규 0 (100%중복) | 누적 232
2026-08-25 18:22:20,798 [INFO] ★ 진행: processed=76 | pending=194 | active=1 | subdivide=0 | 식당=232 | 속도=1.7/분 | ETA 114.5분
2026-08-25 18:22:30,799 [INFO] ★ 진행: processed=76 | pending=194 | active=1 | subdivide=0 | 식당=232 | 속도=1.7/분 | ETA 114.9분
2026-08-25 18:22:30,814 [INFO]   ✓ 체크포인트 저장 (processed=76, 식당 232)
2026-08-25 18:22:40,801 [INFO] ★ 진행: processed=76 | pending=194 | active=1 | subdivide=0 | 식당=232 | 속도=1.7/분 | ETA 115.3분
2026-08-25 18:22:50,802 [INFO] ★ 진행: processed=76 | pending=194 | active=1 | subdivide=0 | 식당=232 | 속도=1.7/분 | ETA 115.7분
2026-08-25 18:22:53,476 [INFO]     스크롤 26회로 끝까지 로드
2026-08-25 18:22:57,486 [INFO] [W0] (18.74391,98.95271) step=500m | 결과 120 신규 0 (100%중복) | 누적 232
2026-08-25 18:23:00,803 [INFO] ★ 진행: processed=77 | pending=193 | active=1 | subdivide=0 | 식당=232 | 속도=1.7/분 | ETA 114.1분
2026-08-25 18:23:00,822 [INFO]   ✓ 체크포인트 저장 (processed=77, 식당 232)
2026-08-25 18:23:10,805 [INFO] ★ 진행: processed=77 | pending=193 | active=1 | subdivide=0 | 식당=232 | 속도=1.7/분 | ETA 114.5분
2026-08-25 18:23:20,806 [INFO] ★ 진행: processed=77 | pending=193 | active=1 | subdivide=0 | 식당=232 | 속도=1.7/분 | ETA 114.9분
2026-08-25 18:23:30,808 [INFO] ★ 진행: processed=77 | pending=193 | active=1 | subdivide=0 | 식당=232 | 속도=1.7/분 | ETA 115.3분
2026-08-25 18:23:32,949 [INFO]     스크롤 27회로 끝까지 로드
2026-08-25 18:23:37,281 [INFO] [W0] (18.74149,98.95675) step=500m | 결과 120 신규 0 (100%중복) | 누적 232
2026-08-25 18:23:40,809 [INFO] ★ 진행: processed=78 | pending=192 | active=1 | subdivide=0 | 식당=232 | 속도=1.7/분 | ETA 113.7분
2026-08-25 18:23:50,810 [INFO] ★ 진행: processed=78 | pending=192 | active=1 | subdivide=0 | 식당=232 | 속도=1.7/분 | ETA 114.1분
2026-08-25 18:24:00,811 [INFO] ★ 진행: processed=78 | pending=192 | active=1 | subdivide=0 | 식당=232 | 속도=1.7/분 | ETA 114.5분
2026-08-25 18:24:00,828 [INFO]   ✓ 체크포인트 저장 (processed=78, 식당 232)
2026-08-25 18:24:06,043 [INFO]     스크롤 22회로 끝까지 로드
2026-08-25 18:24:09,427 [INFO] [W0] (18.73939,98.96099) step=500m | 결과 120 신규 0 (100%중복) | 누적 232
2026-08-25 18:24:10,813 [INFO] ★ 진행: processed=79 | pending=191 | active=1 | subdivide=0 | 식당=232 | 속도=1.7/분 | ETA 112.9분
2026-08-25 18:24:20,814 [INFO] ★ 진행: processed=79 | pending=191 | active=1 | subdivide=0 | 식당=232 | 속도=1.7/분 | ETA 113.3분
2026-08-25 18:24:30,815 [INFO] ★ 진행: processed=79 | pending=191 | active=1 | subdivide=0 | 식당=232 | 속도=1.7/분 | ETA 113.7분
2026-08-25 18:24:30,836 [INFO]   ✓ 체크포인트 저장 (processed=79, 식당 232)
2026-08-25 18:24:40,816 [INFO] ★ 진행: processed=79 | pending=191 | active=1 | subdivide=0 | 식당=232 | 속도=1.7/분 | ETA 114.1분
2026-08-25 18:24:45,183 [INFO]     스크롤 27회로 끝까지 로드
2026-08-25 18:24:49,542 [INFO] [W0] (18.73764,98.96540) step=500m | 결과 120 신규 0 (100%중복) | 누적 232
2026-08-25 18:24:49,543 [INFO] [W0] 20포인트 정기 rotate
2026-08-25 18:24:49,562 [INFO] [W0] VPN rotate 요청 (old=nl1062.nordvpn.com (64.238.204.12:443))
2026-08-25 18:24:50,817 [INFO] ★ 진행: processed=80 | pending=190 | active=1 | subdivide=0 | 식당=232 | 속도=1.7/분 | ETA 112.4분
2026-08-25 18:24:55,587 [INFO] [W0] VPN rotated → fr1310.nordvpn.com (187.15.115.228:443)
2026-08-25 18:25:00,819 [INFO] ★ 진행: processed=80 | pending=190 | active=1 | subdivide=0 | 식당=232 | 속도=1.7/분 | ETA 112.8분
2026-08-25 18:25:00,852 [INFO]   ✓ 체크포인트 저장 (processed=80, 식당 232)
2026-08-25 18:25:10,821 [INFO] ★ 진행: processed=80 | pending=190 | active=1 | subdivide=0 | 식당=232 | 속도=1.7/분 | ETA 113.2분
2026-08-25 18:25:17,799 [INFO]     스크롤 11회로 끝까지 로드
2026-08-25 18:25:19,376 [INFO] [W0] (18.73624,98.96995) step=500m | 결과 40 신규 0 (100%중복) | 누적 232
2026-08-25 18:25:20,823 [INFO] ★ 진행: processed=81 | pending=189 | active=1 | subdivide=0 | 식당=232 | 속도=1.7/분 | ETA 111.6분
2026-08-25 18:25:30,825 [INFO] ★ 진행: processed=81 | pending=189 | active=1 | subdivide=0 | 식당=232 | 속도=1.7/분 | ETA 112.0분
2026-08-25 18:25:30,864 [INFO]   ✓ 체크포인트 저장 (processed=81, 식당 232)
2026-08-25 18:25:33,428 [INFO]     스크롤 6회로 끝까지 로드
2026-08-25 18:25:34,179 [INFO] [W0] (18.82556,99.03302) step=500m | 결과 28 신규 0 (100%중복) | 누적 232
2026-08-25 18:25:40,827 [INFO] ★ 진행: processed=82 | pending=188 | active=1 | subdivide=0 | 식당=232 | 속도=1.7/분 | ETA 110.5분
2026-08-25 18:25:50,829 [INFO] ★ 진행: processed=82 | pending=188 | active=1 | subdivide=0 | 식당=232 | 속도=1.7/분 | ETA 110.8분
2026-08-25 18:25:52,683 [INFO]     스크롤 6회로 끝까지 로드
2026-08-25 18:25:53,420 [INFO] [W0] (18.82891,99.02987) step=500m | 결과 28 신규 0 (100%중복) | 누적 232
2026-08-25 18:26:00,832 [INFO] ★ 진행: processed=83 | pending=187 | active=1 | subdivide=0 | 식당=232 | 속도=1.7/분 | ETA 109.3분
2026-08-25 18:26:00,877 [INFO]   ✓ 체크포인트 저장 (processed=83, 식당 232)
2026-08-25 18:26:10,833 [INFO] ★ 진행: processed=83 | pending=187 | active=1 | subdivide=0 | 식당=232 | 속도=1.7/분 | ETA 109.7분
2026-08-25 18:26:20,835 [INFO] ★ 진행: processed=83 | pending=187 | active=1 | subdivide=0 | 식당=232 | 속도=1.7/분 | ETA 110.0분
2026-08-25 18:26:23,126 [INFO]     스크롤 21회로 끝까지 로드
2026-08-25 18:26:27,160 [INFO] [W0] (18.83202,99.02645) step=500m | 결과 120 신규 0 (100%중복) | 누적 232
2026-08-25 18:26:30,839 [INFO] ★ 진행: processed=84 | pending=186 | active=1 | subdivide=0 | 식당=232 | 속도=1.7/분 | ETA 108.5분
2026-08-25 18:26:30,885 [INFO]   ✓ 체크포인트 저장 (processed=84, 식당 232)
2026-08-25 18:26:40,840 [INFO] ★ 진행: processed=84 | pending=186 | active=1 | subdivide=0 | 식당=232 | 속도=1.7/분 | ETA 108.9분
2026-08-25 18:26:45,416 [INFO]     스크롤 11회로 끝까지 로드
2026-08-25 18:26:46,789 [INFO] [W0] (18.83487,99.02280) step=500m | 결과 48 신규 0 (100%중복) | 누적 232
2026-08-25 18:26:50,844 [INFO] ★ 진행: processed=85 | pending=185 | active=1 | subdivide=0 | 식당=232 | 속도=1.7/분 | ETA 107.4분
2026-08-25 18:27:00,846 [INFO] ★ 진행: processed=85 | pending=185 | active=1 | subdivide=0 | 식당=232 | 속도=1.7/분 | ETA 107.8분
2026-08-25 18:27:00,897 [INFO]   ✓ 체크포인트 저장 (processed=85, 식당 232)
2026-08-25 18:27:10,849 [INFO] ★ 진행: processed=85 | pending=185 | active=1 | subdivide=0 | 식당=232 | 속도=1.7/분 | ETA 108.1분
2026-08-25 18:27:15,886 [INFO]     스크롤 21회로 끝까지 로드
2026-08-25 18:27:20,568 [INFO] [W0] (18.83745,99.01892) step=500m | 결과 120 신규 0 (100%중복) | 누적 232
2026-08-25 18:27:20,850 [INFO] ★ 진행: processed=86 | pending=184 | active=1 | subdivide=0 | 식당=232 | 속도=1.7/분 | ETA 106.6분
2026-08-25 18:27:30,852 [INFO] ★ 진행: processed=86 | pending=184 | active=1 | subdivide=0 | 식당=232 | 속도=1.7/분 | ETA 107.0분
2026-08-25 18:27:30,905 [INFO]   ✓ 체크포인트 저장 (processed=86, 식당 232)
2026-08-25 18:27:38,228 [INFO]     스크롤 10회로 끝까지 로드
2026-08-25 18:27:39,795 [INFO] [W0] (18.84173,99.01060) step=500m | 결과 48 신규 0 (100%중복) | 누적 232
2026-08-25 18:27:40,854 [INFO] ★ 진행: processed=87 | pending=183 | active=1 | subdivide=0 | 식당=232 | 속도=1.7/분 | ETA 105.5분
2026-08-25 18:27:50,857 [INFO] ★ 진행: processed=87 | pending=183 | active=1 | subdivide=0 | 식당=232 | 속도=1.7/분 | ETA 105.9분
2026-08-25 18:28:00,859 [INFO] ★ 진행: processed=87 | pending=183 | active=1 | subdivide=0 | 식당=232 | 속도=1.7/분 | ETA 106.3분
2026-08-25 18:28:00,918 [INFO]   ✓ 체크포인트 저장 (processed=87, 식당 232)
2026-08-25 18:28:10,860 [INFO] ★ 진행: processed=87 | pending=183 | active=1 | subdivide=0 | 식당=232 | 속도=1.7/분 | ETA 106.6분
2026-08-25 18:28:16,477 [INFO]     스크롤 27회로 끝까지 로드
2026-08-25 18:28:20,480 [INFO] [W0] (18.81019,98.92793) step=500m | 결과 120 신규 0 (100%중복) | 누적 232
2026-08-25 18:28:20,862 [INFO] ★ 진행: processed=88 | pending=182 | active=1 | subdivide=0 | 식당=232 | 속도=1.7/분 | ETA 105.2분
2026-08-25 18:28:29,889 [INFO]     스크롤 4회로 끝까지 로드
2026-08-25 18:28:29,897 [INFO] [W0] (18.80597,98.92633) step=500m | 결과 0 신규 0 (0%중복) | 누적 232
2026-08-25 18:28:30,864 [INFO] ★ 진행: processed=89 | pending=181 | active=1 | subdivide=0 | 식당=232 | 속도=1.7/분 | ETA 103.7분
2026-08-25 18:28:30,929 [INFO]   ✓ 체크포인트 저장 (processed=89, 식당 232)
2026-08-25 18:28:40,866 [INFO] ★ 진행: processed=89 | pending=181 | active=1 | subdivide=0 | 식당=232 | 속도=1.7/분 | ETA 104.1분
2026-08-25 18:28:50,868 [INFO] ★ 진행: processed=89 | pending=181 | active=1 | subdivide=0 | 식당=232 | 속도=1.7/분 | ETA 104.4분
2026-08-25 18:29:00,870 [INFO] ★ 진행: processed=89 | pending=181 | active=1 | subdivide=0 | 식당=232 | 속도=1.7/분 | ETA 104.8분
2026-08-25 18:29:07,652 [INFO]     스크롤 26회로 끝까지 로드
2026-08-25 18:29:10,872 [INFO] ★ 진행: processed=89 | pending=181 | active=1 | subdivide=0 | 식당=232 | 속도=1.7/분 | ETA 105.1분
2026-08-25 18:29:12,307 [INFO] [W0] (18.80164,98.92507) step=500m | 결과 120 신규 0 (100%중복) | 누적 232
2026-08-25 18:29:20,873 [INFO] ★ 진행: processed=90 | pending=180 | active=1 | subdivide=0 | 식당=232 | 속도=1.7/분 | ETA 103.7분
2026-08-25 18:29:30,874 [INFO] ★ 진행: processed=90 | pending=180 | active=1 | subdivide=0 | 식당=232 | 속도=1.7/분 | ETA 104.0분
2026-08-25 18:29:30,936 [INFO]   ✓ 체크포인트 저장 (processed=90, 식당 232)
2026-08-25 18:29:31,783 [INFO]     스크롤 11회로 끝까지 로드
2026-08-25 18:29:33,408 [INFO] [W0] (18.77496,99.04553) step=500m | 결과 48 신규 0 (100%중복) | 누적 232
2026-08-25 18:29:40,876 [INFO] ★ 진행: processed=91 | pending=179 | active=1 | subdivide=0 | 식당=232 | 속도=1.7/분 | ETA 102.6분
2026-08-25 18:29:46,863 [INFO]     스크롤 6회로 끝까지 로드
2026-08-25 18:29:47,853 [INFO] [W0] (18.77936,99.04643) step=500m | 결과 28 신규 0 (100%중복) | 누적 232
2026-08-25 18:29:50,878 [INFO] ★ 진행: processed=92 | pending=178 | active=1 | subdivide=0 | 식당=232 | 속도=1.8/분 | ETA 101.3분
2026-08-25 18:30:00,880 [INFO] ★ 진행: processed=92 | pending=178 | active=1 | subdivide=0 | 식당=232 | 속도=1.8/분 | ETA 101.6분
2026-08-25 18:30:00,946 [INFO]   ✓ 체크포인트 저장 (processed=92, 식당 232)
2026-08-25 18:30:10,881 [INFO] ★ 진행: processed=92 | pending=178 | active=1 | subdivide=0 | 식당=232 | 속도=1.7/분 | ETA 101.9분
2026-08-25 18:30:20,884 [INFO] ★ 진행: processed=92 | pending=178 | active=1 | subdivide=0 | 식당=232 | 속도=1.7/분 | ETA 102.2분
2026-08-25 18:30:21,914 [INFO]     스크롤 24회로 끝까지 로드
2026-08-25 18:30:26,933 [INFO] [W0] (18.78382,99.04697) step=500m | 결과 120 신규 0 (100%중복) | 누적 232
2026-08-25 18:30:30,886 [INFO] ★ 진행: processed=93 | pending=177 | active=1 | subdivide=0 | 식당=232 | 속도=1.8/분 | ETA 100.9분
2026-08-25 18:30:30,956 [INFO]   ✓ 체크포인트 저장 (processed=93, 식당 232)
2026-08-25 18:30:40,888 [INFO] ★ 진행: processed=93 | pending=177 | active=1 | subdivide=0 | 식당=232 | 속도=1.7/분 | ETA 101.2분
2026-08-25 18:30:50,891 [INFO] ★ 진행: processed=93 | pending=177 | active=1 | subdivide=0 | 식당=232 | 속도=1.7/분 | ETA 101.5분
2026-08-25 18:30:57,370 [INFO]     스크롤 22회로 끝까지 로드
2026-08-25 18:31:00,892 [INFO] ★ 진행: processed=93 | pending=177 | active=1 | subdivide=0 | 식당=232 | 속도=1.7/분 | ETA 101.8분
2026-08-25 18:31:01,543 [INFO] [W0] (18.78830,99.05191) step=500m | 결과 118 신규 0 (100%중복) | 누적 232
2026-08-25 18:31:10,893 [INFO] ★ 진행: processed=94 | pending=176 | active=1 | subdivide=0 | 식당=232 | 속도=1.8/분 | ETA 100.5분
2026-08-25 18:31:20,895 [INFO] ★ 진행: processed=94 | pending=176 | active=1 | subdivide=0 | 식당=232 | 속도=1.7/분 | ETA 100.8분
2026-08-25 18:31:30,120 [INFO]     스크롤 20회로 끝까지 로드
2026-08-25 18:31:30,897 [INFO] ★ 진행: processed=94 | pending=176 | active=1 | subdivide=0 | 식당=232 | 속도=1.7/분 | ETA 101.1분
2026-08-25 18:31:30,968 [INFO]   ✓ 체크포인트 저장 (processed=94, 식당 232)
2026-08-25 18:31:32,971 [INFO] [W0] (18.79280,99.05174) step=500m | 결과 79 신규 0 (100%중복) | 누적 232
2026-08-25 18:31:40,898 [INFO] ★ 진행: processed=95 | pending=175 | active=1 | subdivide=0 | 식당=232 | 속도=1.8/분 | ETA 99.8분
2026-08-25 18:31:50,901 [INFO] ★ 진행: processed=95 | pending=175 | active=1 | subdivide=0 | 식당=232 | 속도=1.7/분 | ETA 100.1분
2026-08-25 18:32:00,904 [INFO] ★ 진행: processed=95 | pending=175 | active=1 | subdivide=0 | 식당=232 | 속도=1.7/분 | ETA 100.4분
2026-08-25 18:32:00,974 [INFO]   ✓ 체크포인트 저장 (processed=95, 식당 232)
2026-08-25 18:32:10,907 [INFO] ★ 진행: processed=95 | pending=175 | active=1 | subdivide=0 | 식당=232 | 속도=1.7/분 | ETA 100.7분
2026-08-25 18:32:13,570 [INFO]     스크롤 27회로 끝까지 로드
2026-08-25 18:32:17,962 [INFO] [W0] (18.79727,99.05123) step=500m | 결과 118 신규 0 (100%중복) | 누적 232
2026-08-25 18:32:20,907 [INFO] ★ 진행: processed=96 | pending=174 | active=1 | subdivide=0 | 식당=232 | 속도=1.8/분 | ETA 99.4분
2026-08-25 18:32:30,909 [INFO] ★ 진행: processed=96 | pending=174 | active=1 | subdivide=0 | 식당=232 | 속도=1.7/분 | ETA 99.7분
2026-08-25 18:32:30,984 [INFO]   ✓ 체크포인트 저장 (processed=96, 식당 232)
2026-08-25 18:32:40,911 [INFO] ★ 진행: processed=96 | pending=174 | active=1 | subdivide=0 | 식당=232 | 속도=1.7/분 | ETA 100.0분
2026-08-25 18:32:47,477 [INFO]     스크롤 22회로 끝까지 로드
2026-08-25 18:32:50,913 [INFO] ★ 진행: processed=96 | pending=174 | active=1 | subdivide=0 | 식당=232 | 속도=1.7/분 | ETA 100.3분
2026-08-25 18:32:52,041 [INFO] [W0] (18.84566,99.01297) step=500m | 결과 117 신규 0 (100%중복) | 누적 232
2026-08-25 18:33:00,914 [INFO] ★ 진행: processed=97 | pending=173 | active=1 | subdivide=0 | 식당=232 | 속도=1.7/분 | ETA 99.0분
2026-08-25 18:33:00,998 [INFO]   ✓ 체크포인트 저장 (processed=97, 식당 232)
2026-08-25 18:33:10,917 [INFO] ★ 진행: processed=97 | pending=173 | active=1 | subdivide=0 | 식당=232 | 속도=1.7/분 | ETA 99.3분
2026-08-25 18:33:20,918 [INFO] ★ 진행: processed=97 | pending=173 | active=1 | subdivide=0 | 식당=232 | 속도=1.7/분 | ETA 99.6분
2026-08-25 18:33:22,864 [INFO]     스크롤 23회로 끝까지 로드
2026-08-25 18:33:26,983 [INFO] [W0] (18.84739,99.00858) step=500m | 결과 120 신규 0 (100%중복) | 누적 232
2026-08-25 18:33:30,920 [INFO] ★ 진행: processed=98 | pending=172 | active=1 | subdivide=0 | 식당=232 | 속도=1.7/분 | ETA 98.3분
2026-08-25 18:33:31,007 [INFO]   ✓ 체크포인트 저장 (processed=98, 식당 232)
2026-08-25 18:33:40,921 [INFO] ★ 진행: processed=98 | pending=172 | active=1 | subdivide=0 | 식당=232 | 속도=1.7/분 | ETA 98.6분
2026-08-25 18:33:50,922 [INFO] ★ 진행: processed=98 | pending=172 | active=1 | subdivide=0 | 식당=232 | 속도=1.7/분 | ETA 98.9분
2026-08-25 18:34:00,924 [INFO] ★ 진행: processed=98 | pending=172 | active=1 | subdivide=0 | 식당=232 | 속도=1.7/분 | ETA 99.2분
2026-08-25 18:34:01,171 [INFO]     스크롤 25회로 끝까지 로드
2026-08-25 18:34:06,178 [INFO] [W0] (18.84881,99.00407) step=500m | 결과 118 신규 0 (100%중복) | 누적 232
2026-08-25 18:34:10,925 [INFO] ★ 진행: processed=99 | pending=171 | active=1 | subdivide=0 | 식당=232 | 속도=1.7/분 | ETA 97.9분
2026-08-25 18:34:20,926 [INFO] ★ 진행: processed=99 | pending=171 | active=1 | subdivide=0 | 식당=232 | 속도=1.7/분 | ETA 98.2분
2026-08-25 18:34:30,928 [INFO] ★ 진행: processed=99 | pending=171 | active=1 | subdivide=0 | 식당=232 | 속도=1.7/분 | ETA 98.5분
2026-08-25 18:34:31,019 [INFO]   ✓ 체크포인트 저장 (processed=99, 식당 232)
2026-08-25 18:34:38,922 [INFO]     스크롤 24회로 끝까지 로드
2026-08-25 18:34:40,930 [INFO] ★ 진행: processed=99 | pending=171 | active=1 | subdivide=0 | 식당=232 | 속도=1.7/분 | ETA 98.8분
2026-08-25 18:34:42,514 [INFO] [W0] (18.84992,98.99946) step=500m | 결과 96 신규 0 (100%중복) | 누적 232
2026-08-25 18:34:42,514 [INFO] [W0] 20포인트 정기 rotate
2026-08-25 18:34:42,521 [INFO] [W0] VPN rotate 요청 (old=fr1310.nordvpn.com (187.15.115.228:443))
2026-08-25 18:34:50,932 [INFO] ★ 진행: processed=100 | pending=170 | active=1 | subdivide=0 | 식당=232 | 속도=1.7/분 | ETA 97.5분
2026-08-25 18:35:00,934 [INFO] ★ 진행: processed=100 | pending=170 | active=1 | subdivide=0 | 식당=232 | 속도=1.7/분 | ETA 97.8분
2026-08-25 18:35:01,026 [INFO]   ✓ 체크포인트 저장 (processed=100, 식당 232)
2026-08-25 18:35:06,532 [INFO] [W0] VPN rotated → de1420.nordvpn.com (187.40.40.120:443)
2026-08-25 18:35:10,936 [INFO] ★ 진행: processed=100 | pending=170 | active=1 | subdivide=0 | 식당=232 | 속도=1.7/분 | ETA 98.1분
2026-08-25 18:35:20,937 [INFO] ★ 진행: processed=100 | pending=170 | active=1 | subdivide=0 | 식당=232 | 속도=1.7/분 | ETA 98.3분
2026-08-25 18:35:30,939 [INFO] ★ 진행: processed=100 | pending=170 | active=1 | subdivide=0 | 식당=232 | 속도=1.7/분 | ETA 98.6분
2026-08-25 18:35:36,990 [INFO]     스크롤 21회로 끝까지 로드
2026-08-25 18:35:39,551 [INFO] [W0] (18.85072,98.99478) step=500m | 결과 79 신규 0 (100%중복) | 누적 232
2026-08-25 18:35:40,940 [INFO] ★ 진행: processed=101 | pending=169 | active=1 | subdivide=0 | 식당=232 | 속도=1.7/분 | ETA 97.4분
2026-08-25 18:35:50,942 [INFO] ★ 진행: processed=101 | pending=169 | active=1 | subdivide=0 | 식당=232 | 속도=1.7/분 | ETA 97.6분
2026-08-25 18:35:59,630 [WARNING]     goto timeout (try 1)
2026-08-25 18:36:00,943 [INFO] ★ 진행: processed=101 | pending=169 | active=1 | subdivide=0 | 식당=232 | 속도=1.7/분 | ETA 97.9분
2026-08-25 18:36:01,035 [INFO]   ✓ 체크포인트 저장 (processed=101, 식당 232)
2026-08-25 18:36:10,945 [INFO] ★ 진행: processed=101 | pending=169 | active=1 | subdivide=0 | 식당=232 | 속도=1.7/분 | ETA 98.2분
2026-08-25 18:36:20,947 [INFO] ★ 진행: processed=101 | pending=169 | active=1 | subdivide=0 | 식당=232 | 속도=1.7/분 | ETA 98.5분
2026-08-25 18:36:21,708 [WARNING]     goto timeout (try 2)
2026-08-25 18:36:30,949 [INFO] ★ 진행: processed=101 | pending=169 | active=1 | subdivide=0 | 식당=232 | 속도=1.7/분 | ETA 98.7분
2026-08-25 18:36:40,916 [INFO]     스크롤 6회로 끝까지 로드
2026-08-25 18:36:40,950 [INFO] ★ 진행: processed=101 | pending=169 | active=1 | subdivide=0 | 식당=232 | 속도=1.7/분 | ETA 99.0분
2026-08-25 18:36:41,307 [INFO] [W0] (18.85120,98.99005) step=500m | 결과 20 신규 0 (100%중복) | 누적 232
2026-08-25 18:36:50,261 [INFO]     스크롤 4회로 끝까지 로드
2026-08-25 18:36:50,267 [INFO] [W0] (18.85120,98.98055) step=500m | 결과 0 신규 0 (0%중복) | 누적 232
2026-08-25 18:36:50,952 [INFO] ★ 진행: processed=103 | pending=167 | active=1 | subdivide=0 | 식당=232 | 속도=1.7/분 | ETA 96.2분
2026-08-25 18:36:57,415 [INFO]     스크롤 4회로 끝까지 로드
2026-08-25 18:36:57,423 [INFO] [W0] (18.85072,98.97582) step=500m | 결과 0 신규 0 (0%중복) | 누적 232
2026-08-25 18:36:57,423 [WARNING] [W0] 연속 0건 → VPN rotate
2026-08-25 18:36:57,443 [INFO] [W0] VPN rotate 요청 (old=de1420.nordvpn.com (187.40.40.120:443))
2026-08-25 18:37:00,953 [INFO] ★ 진행: processed=104 | pending=167 | active=0 | subdivide=0 | 식당=232 | 속도=1.7/분 | ETA 95.6분
2026-08-25 18:37:01,043 [INFO]   ✓ 체크포인트 저장 (processed=104, 식당 232)
2026-08-25 18:37:10,954 [INFO] ★ 진행: processed=104 | pending=167 | active=0 | subdivide=0 | 식당=232 | 속도=1.7/분 | ETA 95.8분
2026-08-25 18:37:20,955 [INFO] ★ 진행: processed=104 | pending=167 | active=0 | subdivide=0 | 식당=232 | 속도=1.7/분 | ETA 96.1분
2026-08-25 18:37:30,959 [INFO] ★ 진행: processed=104 | pending=167 | active=0 | subdivide=0 | 식당=232 | 속도=1.7/분 | ETA 96.4분
2026-08-25 18:37:40,961 [INFO] ★ 진행: processed=104 | pending=167 | active=0 | subdivide=0 | 식당=232 | 속도=1.7/분 | ETA 96.6분
2026-08-25 18:37:43,487 [WARNING] [W0] VPN rotate 타임아웃
2026-08-25 18:37:45,717 [WARNING] [W0] SOCKS dead → 즉시 rotate: Page.goto: net::ERR_PROXY_CONNECTION_FAILED at https://www.google.com/maps/searc
2026-08-25 18:37:45,718 [INFO] [W0] VPN rotate 요청 (old=tw217.nordvpn.com (187.15.122.106:443))
2026-08-25 18:37:50,965 [INFO] ★ 진행: processed=104 | pending=166 | active=1 | subdivide=0 | 식당=232 | 속도=1.7/분 | ETA 96.3분
2026-08-25 18:38:00,968 [INFO] ★ 진행: processed=104 | pending=166 | active=1 | subdivide=0 | 식당=232 | 속도=1.7/분 | ETA 96.6분
2026-08-25 18:38:10,971 [INFO] ★ 진행: processed=104 | pending=166 | active=1 | subdivide=0 | 식당=232 | 속도=1.7/분 | ETA 96.9분
2026-08-25 18:38:20,974 [INFO] ★ 진행: processed=104 | pending=166 | active=1 | subdivide=0 | 식당=232 | 속도=1.7/분 | ETA 97.1분
2026-08-25 18:38:23,781 [INFO] [W0] VPN rotated → nl1287.nordvpn.com (186.247.76.170:443)
2026-08-25 18:38:30,977 [INFO] ★ 진행: processed=104 | pending=166 | active=1 | subdivide=0 | 식당=232 | 속도=1.7/분 | ETA 97.4분
2026-08-25 18:38:40,978 [INFO] ★ 진행: processed=104 | pending=166 | active=1 | subdivide=0 | 식당=232 | 속도=1.7/분 | ETA 97.7분
2026-08-25 18:38:50,980 [INFO] ★ 진행: processed=104 | pending=166 | active=1 | subdivide=0 | 식당=232 | 속도=1.7/분 | ETA 97.9분
2026-08-25 18:39:00,983 [INFO] ★ 진행: processed=104 | pending=166 | active=1 | subdivide=0 | 식당=232 | 속도=1.7/분 | ETA 98.2분
2026-08-25 18:39:01,000 [INFO]     스크롤 27회로 끝까지 로드
2026-08-25 18:39:05,092 [INFO] [W0] (18.84881,98.96653) step=500m | 결과 119 신규 0 (100%중복) | 누적 232
2026-08-25 18:39:10,985 [INFO] ★ 진행: processed=105 | pending=165 | active=1 | subdivide=0 | 식당=232 | 속도=1.7/분 | ETA 96.9분
2026-08-25 18:39:20,985 [INFO] ★ 진행: processed=105 | pending=165 | active=1 | subdivide=0 | 식당=232 | 속도=1.7/분 | ETA 97.2분
2026-08-25 18:39:30,988 [INFO] ★ 진행: processed=105 | pending=165 | active=1 | subdivide=0 | 식당=232 | 속도=1.7/분 | ETA 97.5분
2026-08-25 18:39:31,060 [INFO]   ✓ 체크포인트 저장 (processed=105, 식당 232)
2026-08-25 18:39:40,537 [INFO]     스크롤 26회로 끝까지 로드
2026-08-25 18:39:40,992 [INFO] ★ 진행: processed=105 | pending=165 | active=1 | subdivide=0 | 식당=232 | 속도=1.7/분 | ETA 97.7분
2026-08-25 18:39:44,698 [INFO] [W0] (18.84739,98.96202) step=500m | 결과 119 신규 0 (100%중복) | 누적 232
2026-08-25 18:39:50,994 [INFO] ★ 진행: processed=106 | pending=164 | active=1 | subdivide=0 | 식당=232 | 속도=1.7/분 | ETA 96.5분
2026-08-25 18:40:00,995 [INFO] ★ 진행: processed=106 | pending=164 | active=1 | subdivide=0 | 식당=232 | 속도=1.7/분 | ETA 96.7분
2026-08-25 18:40:01,104 [INFO]   ✓ 체크포인트 저장 (processed=106, 식당 232)
2026-08-25 18:40:10,997 [INFO] ★ 진행: processed=106 | pending=164 | active=1 | subdivide=0 | 식당=232 | 속도=1.7/분 | ETA 97.0분
2026-08-25 18:40:18,358 [INFO]     스크롤 26회로 끝까지 로드
2026-08-25 18:40:20,999 [INFO] ★ 진행: processed=106 | pending=164 | active=1 | subdivide=0 | 식당=232 | 속도=1.7/분 | ETA 97.2분
2026-08-25 18:40:22,390 [INFO] [W0] (18.84566,98.95763) step=500m | 결과 119 신규 0 (100%중복) | 누적 232
2026-08-25 18:40:30,999 [INFO] ★ 진행: processed=107 | pending=163 | active=1 | subdivide=0 | 식당=232 | 속도=1.7/분 | ETA 96.0분
2026-08-25 18:40:31,115 [INFO]   ✓ 체크포인트 저장 (processed=107, 식당 232)
2026-08-25 18:40:41,001 [INFO] ★ 진행: processed=107 | pending=163 | active=1 | subdivide=0 | 식당=232 | 속도=1.7/분 | ETA 96.2분
2026-08-25 18:40:51,002 [INFO] ★ 진행: processed=107 | pending=163 | active=1 | subdivide=0 | 식당=232 | 속도=1.7/분 | ETA 96.5분
2026-08-25 18:40:56,311 [INFO]     스크롤 26회로 끝까지 로드
2026-08-25 18:41:00,404 [INFO] [W0] (18.84365,98.95338) step=500m | 결과 119 신규 0 (100%중복) | 누적 232
2026-08-25 18:41:01,003 [INFO] ★ 진행: processed=108 | pending=162 | active=1 | subdivide=0 | 식당=232 | 속도=1.7/분 | ETA 95.3분
2026-08-25 18:41:01,127 [INFO]   ✓ 체크포인트 저장 (processed=108, 식당 232)
2026-08-25 18:41:11,005 [INFO] ★ 진행: processed=108 | pending=162 | active=1 | subdivide=0 | 식당=232 | 속도=1.7/분 | ETA 95.5분
2026-08-25 18:41:21,006 [INFO] ★ 진행: processed=108 | pending=162 | active=1 | subdivide=0 | 식당=232 | 속도=1.7/분 | ETA 95.8분
2026-08-25 18:41:31,008 [INFO] ★ 진행: processed=108 | pending=162 | active=1 | subdivide=0 | 식당=232 | 속도=1.7/분 | ETA 96.0분
2026-08-25 18:41:35,468 [INFO]     스크롤 27회로 끝까지 로드
2026-08-25 18:41:38,878 [INFO] [W0] (18.84135,98.94929) step=500m | 결과 120 신규 0 (100%중복) | 누적 232
2026-08-25 18:41:41,009 [INFO] ★ 진행: processed=109 | pending=161 | active=1 | subdivide=0 | 식당=232 | 속도=1.7/분 | ETA 94.8분
2026-08-25 18:41:51,010 [INFO] ★ 진행: processed=109 | pending=161 | active=1 | subdivide=0 | 식당=232 | 속도=1.7/분 | ETA 95.0분
2026-08-25 18:42:01,012 [INFO] ★ 진행: processed=109 | pending=161 | active=1 | subdivide=0 | 식당=232 | 속도=1.7/분 | ETA 95.3분
2026-08-25 18:42:01,142 [INFO]   ✓ 체크포인트 저장 (processed=109, 식당 232)
2026-08-25 18:42:11,014 [INFO] ★ 진행: processed=109 | pending=161 | active=1 | subdivide=0 | 식당=232 | 속도=1.7/분 | ETA 95.5분
2026-08-25 18:42:13,129 [INFO]     스크롤 26회로 끝까지 로드
2026-08-25 18:42:16,858 [INFO] [W0] (18.83878,98.94538) step=500m | 결과 120 신규 0 (100%중복) | 누적 232
2026-08-25 18:42:21,015 [INFO] ★ 진행: processed=110 | pending=160 | active=1 | subdivide=0 | 식당=232 | 속도=1.7/분 | ETA 94.3분
2026-08-25 18:42:31,017 [INFO] ★ 진행: processed=110 | pending=160 | active=1 | subdivide=0 | 식당=232 | 속도=1.7/분 | ETA 94.6분
2026-08-25 18:42:31,153 [INFO]   ✓ 체크포인트 저장 (processed=110, 식당 232)
2026-08-25 18:42:41,019 [INFO] ★ 진행: processed=110 | pending=160 | active=1 | subdivide=0 | 식당=232 | 속도=1.7/분 | ETA 94.8분
2026-08-25 18:42:51,019 [INFO] ★ 진행: processed=110 | pending=160 | active=1 | subdivide=0 | 식당=232 | 속도=1.7/분 | ETA 95.1분
2026-08-25 18:42:51,488 [INFO]     스크롤 26회로 끝까지 로드
2026-08-25 18:42:55,455 [INFO] [W0] (18.83596,98.94168) step=500m | 결과 120 신규 0 (100%중복) | 누적 232
2026-08-25 18:43:01,021 [INFO] ★ 진행: processed=111 | pending=159 | active=1 | subdivide=0 | 식당=232 | 속도=1.7/분 | ETA 93.8분
2026-08-25 18:43:01,159 [INFO]   ✓ 체크포인트 저장 (processed=111, 식당 232)
2026-08-25 18:43:11,023 [INFO] ★ 진행: processed=111 | pending=159 | active=1 | subdivide=0 | 식당=232 | 속도=1.7/분 | ETA 94.1분
2026-08-25 18:43:21,023 [INFO] ★ 진행: processed=111 | pending=159 | active=1 | subdivide=0 | 식당=232 | 속도=1.7/분 | ETA 94.3분
2026-08-25 18:43:29,643 [INFO]     스크롤 26회로 끝까지 로드
2026-08-25 18:43:31,025 [INFO] ★ 진행: processed=111 | pending=159 | active=1 | subdivide=0 | 식당=232 | 속도=1.7/분 | ETA 94.6분
2026-08-25 18:43:33,749 [INFO] [W0] (18.82960,98.93496) step=500m | 결과 120 신규 0 (100%중복) | 누적 232
2026-08-25 18:43:41,026 [INFO] ★ 진행: processed=112 | pending=158 | active=1 | subdivide=0 | 식당=232 | 속도=1.7/분 | ETA 93.4분
2026-08-25 18:43:51,027 [INFO] ★ 진행: processed=112 | pending=158 | active=1 | subdivide=0 | 식당=232 | 속도=1.7/분 | ETA 93.6분
2026-08-25 18:44:01,029 [INFO] ★ 진행: processed=112 | pending=158 | active=1 | subdivide=0 | 식당=232 | 속도=1.7/분 | ETA 93.8분
2026-08-25 18:44:01,169 [INFO]   ✓ 체크포인트 저장 (processed=112, 식당 232)
2026-08-25 18:44:09,700 [INFO]     스크롤 28회로 끝까지 로드
2026-08-25 18:44:11,030 [INFO] ★ 진행: processed=112 | pending=158 | active=1 | subdivide=0 | 식당=232 | 속도=1.7/분 | ETA 94.1분
2026-08-25 18:44:13,464 [INFO] [W0] (18.82609,98.93197) step=500m | 결과 116 신규 0 (100%중복) | 누적 232
2026-08-25 18:44:21,031 [INFO] ★ 진행: processed=113 | pending=157 | active=1 | subdivide=0 | 식당=232 | 속도=1.7/분 | ETA 92.9분
2026-08-25 18:44:31,032 [INFO] ★ 진행: processed=113 | pending=157 | active=1 | subdivide=0 | 식당=232 | 속도=1.7/분 | ETA 93.1분
2026-08-25 18:44:31,174 [INFO]   ✓ 체크포인트 저장 (processed=113, 식당 232)
2026-08-25 18:44:41,033 [INFO] ★ 진행: processed=113 | pending=157 | active=1 | subdivide=0 | 식당=232 | 속도=1.7/분 | ETA 93.3분
2026-08-25 18:44:48,581 [INFO]     스크롤 27회로 끝까지 로드
2026-08-25 18:44:51,034 [INFO] ★ 진행: processed=113 | pending=157 | active=1 | subdivide=0 | 식당=232 | 속도=1.7/분 | ETA 93.6분
2026-08-25 18:44:52,404 [INFO] [W0] (18.82239,98.92926) step=500m | 결과 118 신규 0 (100%중복) | 누적 232
2026-08-25 18:45:01,036 [INFO] ★ 진행: processed=114 | pending=156 | active=1 | subdivide=0 | 식당=232 | 속도=1.7/분 | ETA 92.4분
2026-08-25 18:45:01,181 [INFO]   ✓ 체크포인트 저장 (processed=114, 식당 232)
2026-08-25 18:45:11,037 [INFO] ★ 진행: processed=114 | pending=156 | active=1 | subdivide=0 | 식당=232 | 속도=1.7/분 | ETA 92.6분
2026-08-25 18:45:12,196 [INFO]     스크롤 13회로 끝까지 로드
2026-08-25 18:45:13,833 [INFO] [W0] (18.81852,98.92684) step=500m | 결과 60 신규 0 (100%중복) | 누적 232
2026-08-25 18:45:21,037 [INFO] ★ 진행: processed=115 | pending=155 | active=1 | subdivide=0 | 식당=232 | 속도=1.7/분 | ETA 91.4분
2026-08-25 18:45:31,038 [INFO] ★ 진행: processed=115 | pending=155 | active=1 | subdivide=0 | 식당=232 | 속도=1.7/분 | ETA 91.7분
2026-08-25 18:45:31,192 [INFO]   ✓ 체크포인트 저장 (processed=115, 식당 232)
2026-08-25 18:45:35,342 [INFO]     스크롤 14회로 끝까지 로드
2026-08-25 18:45:36,610 [INFO] [W0] (18.81450,98.92471) step=500m | 결과 56 신규 0 (100%중복) | 누적 232
2026-08-25 18:45:41,039 [INFO] ★ 진행: processed=116 | pending=154 | active=1 | subdivide=0 | 식당=232 | 속도=1.7/분 | ETA 90.5분
2026-08-25 18:45:51,040 [INFO] ★ 진행: processed=116 | pending=154 | active=1 | subdivide=0 | 식당=232 | 속도=1.7/분 | ETA 90.7분
2026-08-25 18:46:01,041 [INFO] ★ 진행: processed=116 | pending=154 | active=1 | subdivide=0 | 식당=232 | 속도=1.7/분 | ETA 91.0분
2026-08-25 18:46:01,200 [INFO]   ✓ 체크포인트 저장 (processed=116, 식당 232)
2026-08-25 18:46:10,117 [INFO]     스크롤 25회로 끝까지 로드
2026-08-25 18:46:11,043 [INFO] ★ 진행: processed=116 | pending=154 | active=1 | subdivide=0 | 식당=232 | 속도=1.7/분 | ETA 91.2분
2026-08-25 18:46:13,869 [INFO] [W0] (18.81034,98.92289) step=500m | 결과 120 신규 0 (100%중복) | 누적 232
2026-08-25 18:46:21,045 [INFO] ★ 진행: processed=117 | pending=153 | active=1 | subdivide=0 | 식당=232 | 속도=1.7/분 | ETA 90.0분
2026-08-25 18:46:31,046 [INFO] ★ 진행: processed=117 | pending=153 | active=1 | subdivide=0 | 식당=232 | 속도=1.7/분 | ETA 90.3분
2026-08-25 18:46:31,206 [INFO]   ✓ 체크포인트 저장 (processed=117, 식당 232)
2026-08-25 18:46:41,048 [INFO] ★ 진행: processed=117 | pending=153 | active=1 | subdivide=0 | 식당=232 | 속도=1.7/분 | ETA 90.5분
2026-08-25 18:46:46,794 [INFO]     스크롤 25회로 끝까지 로드
2026-08-25 18:46:51,011 [INFO] [W0] (18.80607,98.92139) step=500m | 결과 120 신규 0 (100%중복) | 누적 232
2026-08-25 18:46:51,050 [INFO] ★ 진행: processed=118 | pending=152 | active=1 | subdivide=0 | 식당=232 | 속도=1.7/분 | ETA 89.3분
2026-08-25 18:47:01,052 [INFO] ★ 진행: processed=118 | pending=152 | active=1 | subdivide=0 | 식당=232 | 속도=1.7/분 | ETA 89.5분
2026-08-25 18:47:01,217 [INFO]   ✓ 체크포인트 저장 (processed=118, 식당 232)
2026-08-25 18:47:11,055 [INFO] ★ 진행: processed=118 | pending=152 | active=1 | subdivide=0 | 식당=232 | 속도=1.7/분 | ETA 89.8분
2026-08-25 18:47:21,057 [INFO] ★ 진행: processed=118 | pending=152 | active=1 | subdivide=0 | 식당=232 | 속도=1.7/분 | ETA 90.0분
2026-08-25 18:47:25,217 [INFO]     스크롤 26회로 끝까지 로드
2026-08-25 18:47:29,906 [INFO] [W0] (18.77933,98.91937) step=500m | 결과 120 신규 0 (100%중복) | 누적 232
2026-08-25 18:47:31,059 [INFO] ★ 진행: processed=119 | pending=151 | active=1 | subdivide=0 | 식당=232 | 속도=1.7/분 | ETA 88.8분
2026-08-25 18:47:31,227 [INFO]   ✓ 체크포인트 저장 (processed=119, 식당 232)
2026-08-25 18:47:41,060 [INFO] ★ 진행: processed=119 | pending=151 | active=1 | subdivide=0 | 식당=232 | 속도=1.7/분 | ETA 89.1분
2026-08-25 18:47:51,062 [INFO] ★ 진행: processed=119 | pending=151 | active=1 | subdivide=0 | 식당=232 | 속도=1.7/분 | ETA 89.3분
2026-08-25 18:48:01,063 [INFO] ★ 진행: processed=119 | pending=151 | active=1 | subdivide=0 | 식당=232 | 속도=1.7/분 | ETA 89.5분
2026-08-25 18:48:03,900 [INFO]     스크롤 26회로 끝까지 로드
2026-08-25 18:48:08,134 [INFO] [W0] (18.72540,98.99005) step=500m | 결과 120 신규 0 (100%중복) | 누적 232
2026-08-25 18:48:08,137 [INFO] [W0] 20포인트 정기 rotate
2026-08-25 18:48:08,138 [INFO] [W0] VPN rotate 요청 (old=nl1287.nordvpn.com (186.247.76.170:443))
2026-08-25 18:48:11,065 [INFO] ★ 진행: processed=120 | pending=150 | active=1 | subdivide=0 | 식당=232 | 속도=1.7/분 | ETA 88.4분
2026-08-25 18:48:14,160 [INFO] [W0] VPN rotated → nl1154.nordvpn.com (186.247.168.61:443)
2026-08-25 18:48:21,067 [INFO] ★ 진행: processed=120 | pending=150 | active=1 | subdivide=0 | 식당=232 | 속도=1.7/분 | ETA 88.6분
2026-08-25 18:48:31,068 [INFO] ★ 진행: processed=120 | pending=150 | active=1 | subdivide=0 | 식당=232 | 속도=1.7/분 | ETA 88.8분
2026-08-25 18:48:31,236 [INFO]   ✓ 체크포인트 저장 (processed=120, 식당 232)
2026-08-25 18:48:41,070 [INFO] ★ 진행: processed=120 | pending=150 | active=1 | subdivide=0 | 식당=232 | 속도=1.7/분 | ETA 89.0분
2026-08-25 18:48:50,594 [INFO]     스크롤 26회로 끝까지 로드
2026-08-25 18:48:51,072 [INFO] ★ 진행: processed=120 | pending=150 | active=1 | subdivide=0 | 식당=232 | 속도=1.7/분 | ETA 89.2분
2026-08-25 18:48:56,237 [INFO] [W0] (18.72588,98.99478) step=500m | 결과 120 신규 0 (100%중복) | 누적 232
2026-08-25 18:49:01,074 [INFO] ★ 진행: processed=121 | pending=149 | active=1 | subdivide=0 | 식당=232 | 속도=1.7/분 | ETA 88.1분
2026-08-25 18:49:01,252 [INFO]   ✓ 체크포인트 저장 (processed=121, 식당 232)
2026-08-25 18:49:11,077 [INFO] ★ 진행: processed=121 | pending=149 | active=1 | subdivide=0 | 식당=232 | 속도=1.7/분 | ETA 88.3분
2026-08-25 18:49:21,080 [INFO] ★ 진행: processed=121 | pending=149 | active=1 | subdivide=0 | 식당=232 | 속도=1.7/분 | ETA 88.5분
2026-08-25 18:49:29,748 [INFO]     스크롤 25회로 끝까지 로드
2026-08-25 18:49:31,082 [INFO] ★ 진행: processed=121 | pending=149 | active=1 | subdivide=0 | 식당=232 | 속도=1.7/분 | ETA 88.7분
2026-08-25 18:49:34,744 [INFO] [W0] (18.72668,98.99946) step=500m | 결과 119 신규 0 (100%중복) | 누적 232
2026-08-25 18:49:41,084 [INFO] ★ 진행: processed=122 | pending=148 | active=1 | subdivide=0 | 식당=232 | 속도=1.7/분 | ETA 87.6분
2026-08-25 18:49:51,087 [INFO] ★ 진행: processed=122 | pending=148 | active=1 | subdivide=0 | 식당=232 | 속도=1.7/분 | ETA 87.8분
2026-08-25 18:50:01,090 [INFO] ★ 진행: processed=122 | pending=148 | active=1 | subdivide=0 | 식당=232 | 속도=1.7/분 | ETA 88.0분
2026-08-25 18:50:01,266 [INFO]   ✓ 체크포인트 저장 (processed=122, 식당 232)
2026-08-25 18:50:08,928 [INFO]     스크롤 26회로 끝까지 로드
2026-08-25 18:50:11,091 [INFO] ★ 진행: processed=122 | pending=148 | active=1 | subdivide=0 | 식당=232 | 속도=1.7/분 | ETA 88.2분
2026-08-25 18:50:14,180 [INFO] [W0] (18.72779,99.00407) step=500m | 결과 120 신규 0 (100%중복) | 누적 232
2026-08-25 18:50:21,094 [INFO] ★ 진행: processed=123 | pending=147 | active=1 | subdivide=0 | 식당=232 | 속도=1.7/분 | ETA 87.1분
2026-08-25 18:50:31,096 [INFO] ★ 진행: processed=123 | pending=147 | active=1 | subdivide=0 | 식당=232 | 속도=1.7/분 | ETA 87.3분
2026-08-25 18:50:31,274 [INFO]   ✓ 체크포인트 저장 (processed=123, 식당 232)
2026-08-25 18:50:41,098 [INFO] ★ 진행: processed=123 | pending=147 | active=1 | subdivide=0 | 식당=232 | 속도=1.7/분 | ETA 87.5분
2026-08-25 18:50:48,017 [INFO]     스크롤 26회로 끝까지 로드
2026-08-25 18:50:51,099 [INFO] ★ 진행: processed=123 | pending=147 | active=1 | subdivide=0 | 식당=232 | 속도=1.7/분 | ETA 87.7분
2026-08-25 18:50:53,222 [INFO] [W0] (18.72921,99.00858) step=500m | 결과 120 신규 0 (100%중복) | 누적 232
2026-08-25 18:51:01,101 [INFO] ★ 진행: processed=124 | pending=146 | active=1 | subdivide=0 | 식당=232 | 속도=1.7/분 | ETA 86.6분
2026-08-25 18:51:01,284 [INFO]   ✓ 체크포인트 저장 (processed=124, 식당 232)
2026-08-25 18:51:11,102 [INFO] ★ 진행: processed=124 | pending=146 | active=1 | subdivide=0 | 식당=232 | 속도=1.7/분 | ETA 86.8분
2026-08-25 18:51:21,103 [INFO] ★ 진행: processed=124 | pending=146 | active=1 | subdivide=0 | 식당=232 | 속도=1.7/분 | ETA 87.0분
2026-08-25 18:51:28,752 [INFO]     스크롤 26회로 끝까지 로드
2026-08-25 18:51:31,105 [INFO] ★ 진행: processed=124 | pending=146 | active=1 | subdivide=0 | 식당=232 | 속도=1.7/분 | ETA 87.1분
2026-08-25 18:51:32,995 [INFO] [W0] (18.74064,99.02892) step=500m | 결과 120 신규 0 (100%중복) | 누적 232
2026-08-25 18:51:41,107 [INFO] ★ 진행: processed=125 | pending=145 | active=1 | subdivide=0 | 식당=232 | 속도=1.7/분 | ETA 86.1분
2026-08-25 18:51:51,110 [INFO] ★ 진행: processed=125 | pending=145 | active=1 | subdivide=0 | 식당=232 | 속도=1.7/분 | ETA 86.2분
2026-08-25 18:52:01,114 [INFO] ★ 진행: processed=125 | pending=145 | active=1 | subdivide=0 | 식당=232 | 속도=1.7/분 | ETA 86.4분
2026-08-25 18:52:01,291 [INFO]   ✓ 체크포인트 저장 (processed=125, 식당 232)
2026-08-25 18:52:06,979 [INFO]     스크롤 26회로 끝까지 로드
2026-08-25 18:52:11,117 [INFO] ★ 진행: processed=125 | pending=145 | active=1 | subdivide=0 | 식당=232 | 속도=1.7/분 | ETA 86.6분
2026-08-25 18:52:11,509 [INFO] [W0] (18.74371,99.03240) step=500m | 결과 120 신규 0 (100%중복) | 누적 232
2026-08-25 18:52:21,119 [INFO] ★ 진행: processed=126 | pending=144 | active=1 | subdivide=0 | 식당=232 | 속도=1.7/분 | ETA 85.5분
2026-08-25 18:52:28,116 [INFO]     스크롤 10회로 끝까지 로드
2026-08-25 18:52:29,568 [INFO] [W0] (18.74700,99.03564) step=500m | 결과 48 신규 0 (100%중복) | 누적 232
2026-08-25 18:52:31,122 [INFO] ★ 진행: processed=127 | pending=143 | active=1 | subdivide=0 | 식당=232 | 속도=1.7/분 | ETA 84.5분
2026-08-25 18:52:31,306 [INFO]   ✓ 체크포인트 저장 (processed=127, 식당 232)
2026-08-25 18:52:41,125 [INFO] ★ 진행: processed=127 | pending=143 | active=1 | subdivide=0 | 식당=232 | 속도=1.7/분 | ETA 84.7분
2026-08-25 18:52:51,126 [INFO] ★ 진행: processed=127 | pending=143 | active=1 | subdivide=0 | 식당=232 | 속도=1.7/분 | ETA 84.8분
2026-08-25 18:53:01,128 [INFO] ★ 진행: processed=127 | pending=143 | active=1 | subdivide=0 | 식당=232 | 속도=1.7/분 | ETA 85.0분
2026-08-25 18:53:03,083 [INFO]     스크롤 26회로 끝까지 로드
2026-08-25 18:53:07,269 [INFO] [W0] (18.75421,99.04134) step=500m | 결과 120 신규 0 (100%중복) | 누적 232
2026-08-25 18:53:11,130 [INFO] ★ 진행: processed=128 | pending=142 | active=1 | subdivide=0 | 식당=232 | 속도=1.7/분 | ETA 84.0분
2026-08-25 18:53:21,133 [INFO] ★ 진행: processed=128 | pending=142 | active=1 | subdivide=0 | 식당=232 | 속도=1.7/분 | ETA 84.1분
2026-08-25 18:53:23,846 [INFO]     스크롤 10회로 끝까지 로드
2026-08-25 18:53:25,425 [INFO] [W0] (18.81877,99.04900) step=500m | 결과 48 신규 0 (100%중복) | 누적 232
2026-08-25 18:53:31,134 [INFO] ★ 진행: processed=129 | pending=141 | active=1 | subdivide=0 | 식당=232 | 속도=1.7/분 | ETA 83.1분
2026-08-25 18:53:31,315 [INFO]   ✓ 체크포인트 저장 (processed=129, 식당 232)
2026-08-25 18:53:41,136 [INFO] ★ 진행: processed=129 | pending=141 | active=1 | subdivide=0 | 식당=232 | 속도=1.7/분 | ETA 83.3분
2026-08-25 18:53:51,138 [INFO] ★ 진행: processed=129 | pending=141 | active=1 | subdivide=0 | 식당=232 | 속도=1.7/분 | ETA 83.5분
2026-08-25 18:54:00,654 [INFO]     스크롤 27회로 끝까지 로드
2026-08-25 18:54:01,140 [INFO] ★ 진행: processed=129 | pending=141 | active=1 | subdivide=0 | 식당=232 | 속도=1.7/분 | ETA 83.6분
2026-08-25 18:54:05,015 [INFO] [W0] (18.82273,99.04671) step=500m | 결과 120 신규 0 (100%중복) | 누적 232
2026-08-25 18:54:11,141 [INFO] ★ 진행: processed=130 | pending=140 | active=1 | subdivide=0 | 식당=232 | 속도=1.7/분 | ETA 82.6분
2026-08-25 18:54:21,142 [INFO] ★ 진행: processed=130 | pending=140 | active=1 | subdivide=0 | 식당=232 | 속도=1.7/분 | ETA 82.8분
2026-08-25 18:54:31,144 [INFO] ★ 진행: processed=130 | pending=140 | active=1 | subdivide=0 | 식당=232 | 속도=1.7/분 | ETA 82.9분
2026-08-25 18:54:31,329 [INFO]   ✓ 체크포인트 저장 (processed=130, 식당 232)
2026-08-25 18:54:39,459 [INFO]     스크롤 26회로 끝까지 로드
2026-08-25 18:54:41,147 [INFO] ★ 진행: processed=130 | pending=140 | active=1 | subdivide=0 | 식당=232 | 속도=1.7/분 | ETA 83.1분
2026-08-25 18:54:43,561 [INFO] [W0] (18.82654,99.04414) step=500m | 결과 120 신규 0 (100%중복) | 누적 232
2026-08-25 18:54:51,148 [INFO] ★ 진행: processed=131 | pending=139 | active=1 | subdivide=0 | 식당=232 | 속도=1.7/분 | ETA 82.1분
2026-08-25 18:55:01,151 [INFO] ★ 진행: processed=131 | pending=139 | active=1 | subdivide=0 | 식당=232 | 속도=1.7/분 | ETA 82.3분
2026-08-25 18:55:01,344 [INFO]   ✓ 체크포인트 저장 (processed=131, 식당 232)
2026-08-25 18:55:11,155 [INFO] ★ 진행: processed=131 | pending=139 | active=1 | subdivide=0 | 식당=232 | 속도=1.7/분 | ETA 82.4분
2026-08-25 18:55:17,961 [INFO]     스크롤 26회로 끝까지 로드
2026-08-25 18:55:21,157 [INFO] ★ 진행: processed=131 | pending=139 | active=1 | subdivide=0 | 식당=232 | 속도=1.7/분 | ETA 82.6분
2026-08-25 18:55:22,846 [INFO] [W0] (18.83687,99.03492) step=500m | 결과 120 신규 0 (100%중복) | 누적 232
2026-08-25 18:55:31,160 [INFO] ★ 진행: processed=132 | pending=138 | active=1 | subdivide=0 | 식당=232 | 속도=1.7/분 | ETA 81.6분
2026-08-25 18:55:31,351 [INFO]   ✓ 체크포인트 저장 (processed=132, 식당 232)
2026-08-25 18:55:41,163 [INFO] ★ 진행: processed=132 | pending=138 | active=1 | subdivide=0 | 식당=232 | 속도=1.7/분 | ETA 81.7분
2026-08-25 18:55:51,164 [INFO] ★ 진행: processed=132 | pending=138 | active=1 | subdivide=0 | 식당=232 | 속도=1.7/분 | ETA 81.9분
2026-08-25 18:55:56,334 [INFO]     스크롤 26회로 끝까지 로드
2026-08-25 18:56:00,085 [INFO] [W0] (18.83990,99.03138) step=500m | 결과 120 신규 0 (100%중복) | 누적 232
2026-08-25 18:56:01,167 [INFO] ★ 진행: processed=133 | pending=137 | active=1 | subdivide=0 | 식당=232 | 속도=1.7/분 | ETA 80.9분
2026-08-25 18:56:01,356 [INFO]   ✓ 체크포인트 저장 (processed=133, 식당 232)
2026-08-25 18:56:11,170 [INFO] ★ 진행: processed=133 | pending=137 | active=1 | subdivide=0 | 식당=232 | 속도=1.7/분 | ETA 81.1분
2026-08-25 18:56:21,171 [INFO] ★ 진행: processed=133 | pending=137 | active=1 | subdivide=0 | 식당=232 | 속도=1.7/분 | ETA 81.2분
2026-08-25 18:56:31,173 [INFO] ★ 진행: processed=133 | pending=137 | active=1 | subdivide=0 | 식당=232 | 속도=1.7/분 | ETA 81.4분
2026-08-25 18:56:32,854 [INFO]     스크롤 25회로 끝까지 로드
2026-08-25 18:56:36,356 [INFO] [W0] (18.84270,99.02764) step=500m | 결과 120 신규 0 (100%중복) | 누적 232
2026-08-25 18:56:41,176 [INFO] ★ 진행: processed=134 | pending=136 | active=1 | subdivide=0 | 식당=232 | 속도=1.7/분 | ETA 80.4분
2026-08-25 18:56:51,177 [INFO] ★ 진행: processed=134 | pending=136 | active=1 | subdivide=0 | 식당=232 | 속도=1.7/분 | ETA 80.5분
2026-08-25 18:57:01,180 [INFO] ★ 진행: processed=134 | pending=136 | active=1 | subdivide=0 | 식당=232 | 속도=1.7/분 | ETA 80.7분
2026-08-25 18:57:01,363 [INFO]   ✓ 체크포인트 저장 (processed=134, 식당 232)
2026-08-25 18:57:11,182 [INFO] ★ 진행: processed=134 | pending=136 | active=1 | subdivide=0 | 식당=232 | 속도=1.7/분 | ETA 80.9분
2026-08-25 18:57:11,276 [INFO]     스크롤 27회로 끝까지 로드
2026-08-25 18:57:15,437 [INFO] [W0] (18.84525,99.02370) step=500m | 결과 120 신규 0 (100%중복) | 누적 232
2026-08-25 18:57:21,183 [INFO] ★ 진행: processed=135 | pending=135 | active=1 | subdivide=0 | 식당=232 | 속도=1.7/분 | ETA 79.9분
2026-08-25 18:57:31,185 [INFO] ★ 진행: processed=135 | pending=135 | active=1 | subdivide=0 | 식당=232 | 속도=1.7/분 | ETA 80.0분
2026-08-25 18:57:31,375 [INFO]   ✓ 체크포인트 저장 (processed=135, 식당 232)
2026-08-25 18:57:41,186 [INFO] ★ 진행: processed=135 | pending=135 | active=1 | subdivide=0 | 식당=232 | 속도=1.7/분 | ETA 80.2분
2026-08-25 18:57:49,040 [INFO]     스크롤 25회로 끝까지 로드
2026-08-25 18:57:51,187 [INFO] ★ 진행: processed=135 | pending=135 | active=1 | subdivide=0 | 식당=232 | 속도=1.7/분 | ETA 80.4분
2026-08-25 18:57:53,087 [INFO] [W0] (18.85403,99.00185) step=500m | 결과 120 신규 0 (100%중복) | 누적 232
2026-08-25 18:58:01,189 [INFO] ★ 진행: processed=136 | pending=134 | active=1 | subdivide=0 | 식당=232 | 속도=1.7/분 | ETA 79.3분
2026-08-25 18:58:01,382 [INFO]   ✓ 체크포인트 저장 (processed=136, 식당 232)
2026-08-25 18:58:11,190 [INFO] ★ 진행: processed=136 | pending=134 | active=1 | subdivide=0 | 식당=232 | 속도=1.7/분 | ETA 79.5분
2026-08-25 18:58:21,191 [INFO] ★ 진행: processed=136 | pending=134 | active=1 | subdivide=0 | 식당=232 | 속도=1.7/분 | ETA 79.7분
2026-08-25 18:58:27,404 [INFO]     스크롤 26회로 끝까지 로드
2026-08-25 18:58:31,193 [INFO] ★ 진행: processed=136 | pending=134 | active=1 | subdivide=0 | 식당=232 | 속도=1.7/분 | ETA 79.8분
2026-08-25 18:58:31,925 [INFO] [W0] (18.85493,98.99717) step=500m | 결과 120 신규 0 (100%중복) | 누적 232
2026-08-25 18:58:41,196 [INFO] ★ 진행: processed=137 | pending=133 | active=1 | subdivide=0 | 식당=232 | 속도=1.7/분 | ETA 78.8분
2026-08-25 18:58:51,197 [INFO] ★ 진행: processed=137 | pending=133 | active=1 | subdivide=0 | 식당=232 | 속도=1.7/분 | ETA 79.0분
2026-08-25 18:59:01,199 [INFO] ★ 진행: processed=137 | pending=133 | active=1 | subdivide=0 | 식당=232 | 속도=1.7/분 | ETA 79.1분
2026-08-25 18:59:01,395 [INFO]   ✓ 체크포인트 저장 (processed=137, 식당 232)
2026-08-25 18:59:05,753 [INFO]     스크롤 25회로 끝까지 로드
2026-08-25 18:59:10,564 [INFO] [W0] (18.85403,98.96875) step=500m | 결과 119 신규 0 (100%중복) | 누적 232
2026-08-25 18:59:11,201 [INFO] ★ 진행: processed=138 | pending=132 | active=1 | subdivide=0 | 식당=232 | 속도=1.7/분 | ETA 78.1분
2026-08-25 18:59:21,203 [INFO] ★ 진행: processed=138 | pending=132 | active=1 | subdivide=0 | 식당=232 | 속도=1.7/분 | ETA 78.3분
2026-08-25 18:59:31,205 [INFO] ★ 진행: processed=138 | pending=132 | active=1 | subdivide=0 | 식당=232 | 속도=1.7/분 | ETA 78.5분
2026-08-25 18:59:31,405 [INFO]   ✓ 체크포인트 저장 (processed=138, 식당 232)
2026-08-25 18:59:41,208 [INFO] ★ 진행: processed=138 | pending=132 | active=1 | subdivide=0 | 식당=232 | 속도=1.7/분 | ETA 78.6분
2026-08-25 18:59:43,608 [INFO]     스크롤 25회로 끝까지 로드
2026-08-25 18:59:48,879 [INFO] [W0] (18.85283,98.96415) step=500m | 결과 119 신규 0 (100%중복) | 누적 232
2026-08-25 18:59:51,211 [INFO] ★ 진행: processed=139 | pending=131 | active=1 | subdivide=0 | 식당=232 | 속도=1.7/분 | ETA 77.6분
2026-08-25 19:00:01,212 [INFO] ★ 진행: processed=139 | pending=131 | active=1 | subdivide=0 | 식당=232 | 속도=1.7/분 | ETA 77.8분
2026-08-25 19:00:01,420 [INFO]   ✓ 체크포인트 저장 (processed=139, 식당 232)
2026-08-25 19:00:11,214 [INFO] ★ 진행: processed=139 | pending=131 | active=1 | subdivide=0 | 식당=232 | 속도=1.7/분 | ETA 77.9분
2026-08-25 19:00:21,216 [INFO] ★ 진행: processed=139 | pending=131 | active=1 | subdivide=0 | 식당=232 | 속도=1.7/분 | ETA 78.1분
2026-08-25 19:00:23,261 [INFO]     스크롤 26회로 끝까지 로드
2026-08-25 19:00:27,561 [INFO] [W0] (18.85135,98.95965) step=500m | 결과 117 신규 0 (100%중복) | 누적 232
2026-08-25 19:00:27,563 [INFO] [W0] 20포인트 정기 rotate
2026-08-25 19:00:27,563 [INFO] [W0] VPN rotate 요청 (old=nl1154.nordvpn.com (186.247.168.61:443))
2026-08-25 19:00:31,218 [INFO] ★ 진행: processed=140 | pending=130 | active=1 | subdivide=0 | 식당=232 | 속도=1.7/분 | ETA 77.1분
2026-08-25 19:00:31,430 [INFO]   ✓ 체크포인트 저장 (processed=140, 식당 232)
2026-08-25 19:00:33,586 [INFO] [W0] VPN rotated → de1380.nordvpn.com (187.40.45.207:443)
2026-08-25 19:00:41,221 [INFO] ★ 진행: processed=140 | pending=130 | active=1 | subdivide=0 | 식당=232 | 속도=1.7/분 | ETA 77.2분
2026-08-25 19:00:51,223 [INFO] ★ 진행: processed=140 | pending=130 | active=1 | subdivide=0 | 식당=232 | 속도=1.7/분 | ETA 77.4분
2026-08-25 19:00:57,612 [INFO]     스크롤 15회로 끝까지 로드
2026-08-25 19:00:59,759 [INFO] [W0] (18.79731,98.91457) step=500m | 결과 60 신규 0 (100%중복) | 누적 232
2026-08-25 19:01:01,226 [INFO] ★ 진행: processed=141 | pending=129 | active=1 | subdivide=0 | 식당=232 | 속도=1.7/분 | ETA 76.4분
2026-08-25 19:01:01,446 [INFO]   ✓ 체크포인트 저장 (processed=141, 식당 232)
2026-08-25 19:01:11,229 [INFO] ★ 진행: processed=141 | pending=129 | active=1 | subdivide=0 | 식당=232 | 속도=1.7/분 | ETA 76.6분
2026-08-25 19:01:21,230 [INFO] ★ 진행: processed=141 | pending=129 | active=1 | subdivide=0 | 식당=232 | 속도=1.7/분 | ETA 76.7분
2026-08-25 19:01:31,231 [INFO] ★ 진행: processed=141 | pending=129 | active=1 | subdivide=0 | 식당=232 | 속도=1.7/분 | ETA 76.9분
2026-08-25 19:01:35,576 [INFO]     스크롤 27회로 끝까지 로드
2026-08-25 19:01:39,224 [INFO] [W0] (18.79281,98.91409) step=500m | 결과 120 신규 0 (100%중복) | 누적 232
2026-08-25 19:01:41,231 [INFO] ★ 진행: processed=142 | pending=128 | active=1 | subdivide=0 | 식당=232 | 속도=1.7/분 | ETA 75.9분
2026-08-25 19:01:51,232 [INFO] ★ 진행: processed=142 | pending=128 | active=1 | subdivide=0 | 식당=232 | 속도=1.7/분 | ETA 76.0분
2026-08-25 19:02:01,234 [INFO] ★ 진행: processed=142 | pending=128 | active=1 | subdivide=0 | 식당=232 | 속도=1.7/분 | ETA 76.2분
2026-08-25 19:02:01,453 [INFO]   ✓ 체크포인트 저장 (processed=142, 식당 232)
2026-08-25 19:02:11,236 [INFO] ★ 진행: processed=142 | pending=128 | active=1 | subdivide=0 | 식당=232 | 속도=1.7/분 | ETA 76.3분
2026-08-25 19:02:12,536 [INFO]     스크롤 25회로 끝까지 로드
2026-08-25 19:02:16,066 [INFO] [W0] (18.78830,98.91393) step=500m | 결과 120 신규 0 (100%중복) | 누적 232
2026-08-25 19:02:21,238 [INFO] ★ 진행: processed=143 | pending=127 | active=1 | subdivide=0 | 식당=232 | 속도=1.7/분 | ETA 75.4분
2026-08-25 19:02:31,240 [INFO] ★ 진행: processed=143 | pending=127 | active=1 | subdivide=0 | 식당=232 | 속도=1.7/분 | ETA 75.5분
2026-08-25 19:02:31,460 [INFO]   ✓ 체크포인트 저장 (processed=143, 식당 232)
2026-08-25 19:02:41,242 [INFO] ★ 진행: processed=143 | pending=127 | active=1 | subdivide=0 | 식당=232 | 속도=1.7/분 | ETA 75.7분
2026-08-25 19:02:49,159 [INFO]     스크롤 25회로 끝까지 로드
2026-08-25 19:02:51,245 [INFO] ★ 진행: processed=143 | pending=127 | active=1 | subdivide=0 | 식당=232 | 속도=1.7/분 | ETA 75.8분
2026-08-25 19:02:52,821 [INFO] [W0] (18.78379,98.91409) step=500m | 결과 120 신규 0 (100%중복) | 누적 232
2026-08-25 19:03:01,246 [INFO] ★ 진행: processed=144 | pending=126 | active=1 | subdivide=0 | 식당=232 | 속도=1.7/분 | ETA 74.8분
2026-08-25 19:03:01,468 [INFO]   ✓ 체크포인트 저장 (processed=144, 식당 232)
2026-08-25 19:03:11,247 [INFO] ★ 진행: processed=144 | pending=126 | active=1 | subdivide=0 | 식당=232 | 속도=1.7/분 | ETA 75.0분
2026-08-25 19:03:21,249 [INFO] ★ 진행: processed=144 | pending=126 | active=1 | subdivide=0 | 식당=232 | 속도=1.7/분 | ETA 75.1분
2026-08-25 19:03:27,043 [INFO]     스크롤 26회로 끝까지 로드
2026-08-25 19:03:31,079 [INFO] [W0] (18.75194,98.91957) step=500m | 결과 120 신규 0 (100%중복) | 누적 232
2026-08-25 19:03:31,250 [INFO] ★ 진행: processed=145 | pending=125 | active=1 | subdivide=0 | 식당=232 | 속도=1.7/분 | ETA 74.2분
2026-08-25 19:03:31,479 [INFO]   ✓ 체크포인트 저장 (processed=145, 식당 232)
2026-08-25 19:03:41,251 [INFO] ★ 진행: processed=145 | pending=125 | active=1 | subdivide=0 | 식당=232 | 속도=1.7/분 | ETA 74.3분
2026-08-25 19:03:51,253 [INFO] ★ 진행: processed=145 | pending=125 | active=1 | subdivide=0 | 식당=232 | 속도=1.7/분 | ETA 74.4분
2026-08-25 19:04:01,255 [INFO] ★ 진행: processed=145 | pending=125 | active=1 | subdivide=0 | 식당=232 | 속도=1.7/분 | ETA 74.6분
2026-08-25 19:04:05,833 [INFO]     스크롤 26회로 끝까지 로드
2026-08-25 19:04:10,344 [INFO] [W0] (18.74814,98.92208) step=500m | 결과 120 신규 0 (100%중복) | 누적 232
2026-08-25 19:04:11,256 [INFO] ★ 진행: processed=146 | pending=124 | active=1 | subdivide=0 | 식당=232 | 속도=1.7/분 | ETA 73.6분
2026-08-25 19:04:21,257 [INFO] ★ 진행: processed=146 | pending=124 | active=1 | subdivide=0 | 식당=232 | 속도=1.7/분 | ETA 73.8분
2026-08-25 19:04:31,260 [INFO] ★ 진행: processed=146 | pending=124 | active=1 | subdivide=0 | 식당=232 | 속도=1.7/분 | ETA 73.9분
2026-08-25 19:04:31,491 [INFO]   ✓ 체크포인트 저장 (processed=146, 식당 232)
2026-08-25 19:04:41,261 [INFO] ★ 진행: processed=146 | pending=124 | active=1 | subdivide=0 | 식당=232 | 속도=1.7/분 | ETA 74.0분
2026-08-25 19:04:44,803 [INFO]     스크롤 26회로 끝까지 로드
2026-08-25 19:04:49,280 [INFO] [W0] (18.74450,98.92484) step=500m | 결과 120 신규 0 (100%중복) | 누적 232
2026-08-25 19:04:51,262 [INFO] ★ 진행: processed=147 | pending=123 | active=1 | subdivide=0 | 식당=232 | 속도=1.7/분 | ETA 73.1분
2026-08-25 19:05:01,266 [INFO] ★ 진행: processed=147 | pending=123 | active=1 | subdivide=0 | 식당=232 | 속도=1.7/분 | ETA 73.2분
2026-08-25 19:05:01,503 [INFO]   ✓ 체크포인트 저장 (processed=147, 식당 232)
2026-08-25 19:05:11,269 [INFO] ★ 진행: processed=147 | pending=123 | active=1 | subdivide=0 | 식당=232 | 속도=1.7/분 | ETA 73.4분
2026-08-25 19:05:21,272 [INFO] ★ 진행: processed=147 | pending=123 | active=1 | subdivide=0 | 식당=232 | 속도=1.7/분 | ETA 73.5분
2026-08-25 19:05:22,890 [INFO]     스크롤 25회로 끝까지 로드
2026-08-25 19:05:27,569 [INFO] [W0] (18.74103,98.92784) step=500m | 결과 120 신규 0 (100%중복) | 누적 232
2026-08-25 19:05:31,273 [INFO] ★ 진행: processed=148 | pending=122 | active=1 | subdivide=0 | 식당=232 | 속도=1.7/분 | ETA 72.6분
2026-08-25 19:05:31,511 [INFO]   ✓ 체크포인트 저장 (processed=148, 식당 232)
2026-08-25 19:05:41,277 [INFO] ★ 진행: processed=148 | pending=122 | active=1 | subdivide=0 | 식당=232 | 속도=1.7/분 | ETA 72.7분
2026-08-25 19:05:44,777 [INFO]     스크롤 10회로 끝까지 로드
2026-08-25 19:05:46,572 [INFO] [W0] (18.86388,98.99831) step=500m | 결과 40 신규 0 (100%중복) | 누적 232
2026-08-25 19:05:51,278 [INFO] ★ 진행: processed=149 | pending=121 | active=1 | subdivide=0 | 식당=232 | 속도=1.7/분 | ETA 71.7분
2026-08-25 19:06:01,278 [INFO] ★ 진행: processed=149 | pending=121 | active=1 | subdivide=0 | 식당=232 | 속도=1.7/분 | ETA 71.9분
2026-08-25 19:06:01,524 [INFO]   ✓ 체크포인트 저장 (processed=149, 식당 232)
2026-08-25 19:06:08,119 [INFO]     스크롤 14회로 끝까지 로드
2026-08-25 19:06:10,409 [INFO] [W0] (18.86447,98.99360) step=500m | 결과 60 신규 0 (100%중복) | 누적 232
2026-08-25 19:06:11,281 [INFO] ★ 진행: processed=150 | pending=120 | active=1 | subdivide=0 | 식당=232 | 속도=1.7/분 | ETA 70.9분
2026-08-25 19:06:21,283 [INFO] ★ 진행: processed=150 | pending=120 | active=1 | subdivide=0 | 식당=232 | 속도=1.7/분 | ETA 71.1분
2026-08-25 19:06:31,286 [INFO] ★ 진행: processed=150 | pending=120 | active=1 | subdivide=0 | 식당=232 | 속도=1.7/분 | ETA 71.2분
2026-08-25 19:06:31,537 [INFO]   ✓ 체크포인트 저장 (processed=150, 식당 232)
2026-08-25 19:06:38,766 [INFO]     스크롤 21회로 끝까지 로드
2026-08-25 19:06:41,306 [INFO] ★ 진행: processed=150 | pending=120 | active=1 | subdivide=0 | 식당=232 | 속도=1.7/분 | ETA 71.3분
2026-08-25 19:06:43,565 [INFO] [W0] (18.86480,98.98886) step=500m | 결과 119 신규 0 (100%중복) | 누적 232
2026-08-25 19:06:51,311 [INFO] ★ 진행: processed=151 | pending=119 | active=1 | subdivide=0 | 식당=232 | 속도=1.7/분 | ETA 70.4분
2026-08-25 19:07:01,313 [INFO] ★ 진행: processed=151 | pending=119 | active=1 | subdivide=0 | 식당=232 | 속도=1.7/분 | ETA 70.5분
2026-08-25 19:07:01,545 [INFO]   ✓ 체크포인트 저장 (processed=151, 식당 232)
2026-08-25 19:07:03,873 [INFO]     스크롤 11회로 끝까지 로드
2026-08-25 19:07:05,225 [INFO] [W0] (18.86487,98.98411) step=500m | 결과 50 신규 0 (100%중복) | 누적 232
2026-08-25 19:07:11,314 [INFO] ★ 진행: processed=152 | pending=118 | active=1 | subdivide=0 | 식당=232 | 속도=1.7/분 | ETA 69.6분
2026-08-25 19:07:21,316 [INFO] ★ 진행: processed=152 | pending=118 | active=1 | subdivide=0 | 식당=232 | 속도=1.7/분 | ETA 69.8분
2026-08-25 19:07:31,318 [INFO] ★ 진행: processed=152 | pending=118 | active=1 | subdivide=0 | 식당=232 | 속도=1.7/분 | ETA 69.9분
2026-08-25 19:07:31,557 [INFO]   ✓ 체크포인트 저장 (processed=152, 식당 232)
2026-08-25 19:07:34,764 [INFO]     스크롤 22회로 끝까지 로드
2026-08-25 19:07:39,017 [INFO] [W0] (18.84877,98.93567) step=500m | 결과 119 신규 0 (100%중복) | 누적 232
2026-08-25 19:07:41,320 [INFO] ★ 진행: processed=153 | pending=117 | active=1 | subdivide=0 | 식당=232 | 속도=1.7/분 | ETA 69.0분
2026-08-25 19:07:51,322 [INFO] ★ 진행: processed=153 | pending=117 | active=1 | subdivide=0 | 식당=232 | 속도=1.7/분 | ETA 69.1분
2026-08-25 19:08:01,324 [INFO] ★ 진행: processed=153 | pending=117 | active=1 | subdivide=0 | 식당=232 | 속도=1.7/분 | ETA 69.2분
2026-08-25 19:08:01,565 [INFO]   ✓ 체크포인트 저장 (processed=153, 식당 232)
2026-08-25 19:08:09,982 [INFO]     스크롤 23회로 끝까지 로드
2026-08-25 19:08:11,326 [INFO] ★ 진행: processed=153 | pending=117 | active=1 | subdivide=0 | 식당=232 | 속도=1.7/분 | ETA 69.3분
2026-08-25 19:08:13,418 [INFO] [W0] (18.83617,98.92217) step=500m | 결과 96 신규 0 (100%중복) | 누적 232
2026-08-25 19:08:21,329 [INFO] ★ 진행: processed=154 | pending=116 | active=1 | subdivide=0 | 식당=232 | 속도=1.7/분 | ETA 68.4분
2026-08-25 19:08:31,332 [INFO] ★ 진행: processed=154 | pending=116 | active=1 | subdivide=0 | 식당=232 | 속도=1.7/분 | ETA 68.6분
2026-08-25 19:08:31,577 [INFO]   ✓ 체크포인트 저장 (processed=154, 식당 232)
2026-08-25 19:08:41,335 [INFO] ★ 진행: processed=154 | pending=116 | active=1 | subdivide=0 | 식당=232 | 속도=1.7/분 | ETA 68.7분
2026-08-25 19:08:51,338 [INFO] ★ 진행: processed=154 | pending=116 | active=1 | subdivide=0 | 식당=232 | 속도=1.7/분 | ETA 68.8분
2026-08-25 19:08:51,553 [INFO]     스크롤 27회로 끝까지 로드
2026-08-25 19:08:56,198 [INFO] [W0] (18.83258,98.91931) step=500m | 결과 120 신규 0 (100%중복) | 누적 232
2026-08-25 19:09:01,341 [INFO] ★ 진행: processed=155 | pending=115 | active=1 | subdivide=0 | 식당=232 | 속도=1.7/분 | ETA 67.9분
2026-08-25 19:09:01,587 [INFO]   ✓ 체크포인트 저장 (processed=155, 식당 232)
2026-08-25 19:09:11,342 [INFO] ★ 진행: processed=155 | pending=115 | active=1 | subdivide=0 | 식당=232 | 속도=1.7/분 | ETA 68.0분
2026-08-25 19:09:21,343 [INFO] ★ 진행: processed=155 | pending=115 | active=1 | subdivide=0 | 식당=232 | 속도=1.7/분 | ETA 68.1분
2026-08-25 19:09:31,344 [INFO] ★ 진행: processed=155 | pending=115 | active=1 | subdivide=0 | 식당=232 | 속도=1.7/분 | ETA 68.3분
2026-08-25 19:09:31,716 [INFO]     스크롤 25회로 끝까지 로드
2026-08-25 19:09:35,893 [INFO] [W0] (18.82884,98.91668) step=500m | 결과 120 신규 0 (100%중복) | 누적 232
2026-08-25 19:09:41,346 [INFO] ★ 진행: processed=156 | pending=114 | active=1 | subdivide=0 | 식당=232 | 속도=1.7/분 | ETA 67.4분
2026-08-25 19:09:51,347 [INFO] ★ 진행: processed=156 | pending=114 | active=1 | subdivide=0 | 식당=232 | 속도=1.7/분 | ETA 67.5분
2026-08-25 19:10:01,349 [INFO] ★ 진행: processed=156 | pending=114 | active=1 | subdivide=0 | 식당=232 | 속도=1.7/분 | ETA 67.6분
2026-08-25 19:10:01,597 [INFO]   ✓ 체크포인트 저장 (processed=156, 식당 232)
2026-08-25 19:10:06,945 [INFO]     스크롤 21회로 끝까지 로드
2026-08-25 19:10:11,201 [INFO] [W0] (18.80830,98.90722) step=500m | 결과 120 신규 0 (100%중복) | 누적 232
2026-08-25 19:10:11,349 [INFO] ★ 진행: processed=157 | pending=113 | active=1 | subdivide=0 | 식당=232 | 속도=1.7/분 | ETA 66.7분
2026-08-25 19:10:21,351 [INFO] ★ 진행: processed=157 | pending=113 | active=1 | subdivide=0 | 식당=232 | 속도=1.7/분 | ETA 66.8분
2026-08-25 19:10:31,352 [INFO] ★ 진행: processed=157 | pending=113 | active=1 | subdivide=0 | 식당=232 | 속도=1.7/분 | ETA 67.0분
2026-08-25 19:10:31,603 [INFO]   ✓ 체크포인트 저장 (processed=157, 식당 232)
2026-08-25 19:10:38,710 [INFO]     스크롤 20회로 끝까지 로드
2026-08-25 19:10:41,354 [INFO] ★ 진행: processed=157 | pending=113 | active=1 | subdivide=0 | 식당=232 | 속도=1.7/분 | ETA 67.1분
2026-08-25 19:10:43,127 [INFO] [W0] (18.80393,98.90612) step=500m | 결과 120 신규 0 (100%중복) | 누적 232
2026-08-25 19:10:51,357 [INFO] ★ 진행: processed=158 | pending=112 | active=1 | subdivide=0 | 식당=232 | 속도=1.7/분 | ETA 66.2분
2026-08-25 19:11:01,359 [INFO] ★ 진행: processed=158 | pending=112 | active=1 | subdivide=0 | 식당=232 | 속도=1.7/분 | ETA 66.3분
2026-08-25 19:11:01,613 [INFO]   ✓ 체크포인트 저장 (processed=158, 식당 232)
2026-08-25 19:11:11,362 [INFO] ★ 진행: processed=158 | pending=112 | active=1 | subdivide=0 | 식당=232 | 속도=1.7/분 | ETA 66.4분
2026-08-25 19:11:18,085 [INFO]     스크롤 26회로 끝까지 로드
2026-08-25 19:11:21,364 [INFO] ★ 진행: processed=158 | pending=112 | active=1 | subdivide=0 | 식당=232 | 속도=1.7/분 | ETA 66.5분
2026-08-25 19:11:22,016 [INFO] [W0] (18.79950,98.90528) step=500m | 결과 120 신규 0 (100%중복) | 누적 232
2026-08-25 19:11:31,366 [INFO] ★ 진행: processed=159 | pending=111 | active=1 | subdivide=0 | 식당=232 | 속도=1.7/분 | ETA 65.6분
2026-08-25 19:11:31,621 [INFO]   ✓ 체크포인트 저장 (processed=159, 식당 232)
2026-08-25 19:11:39,635 [INFO]     스크롤 10회로 끝까지 로드
2026-08-25 19:11:41,002 [INFO] [W0] (18.79504,98.90473) step=500m | 결과 48 신규 0 (100%중복) | 누적 232
2026-08-25 19:11:41,003 [INFO] [W0] 20포인트 정기 rotate
2026-08-25 19:11:41,016 [INFO] [W0] VPN rotate 요청 (old=fr1137.nordvpn.com (187.14.107.23:443))
2026-08-25 19:11:41,367 [INFO] ★ 진행: processed=160 | pending=110 | active=1 | subdivide=0 | 식당=232 | 속도=1.7/분 | ETA 64.8분
2026-08-25 19:11:51,368 [INFO] ★ 진행: processed=160 | pending=110 | active=1 | subdivide=0 | 식당=232 | 속도=1.7/분 | ETA 64.9분
2026-08-25 19:12:01,370 [INFO] ★ 진행: processed=160 | pending=110 | active=1 | subdivide=0 | 식당=232 | 속도=1.7/분 | ETA 65.0분
2026-08-25 19:12:01,626 [INFO]   ✓ 체크포인트 저장 (processed=160, 식당 232)
2026-08-25 19:12:09,051 [INFO] [W0] VPN rotated → de1384.nordvpn.com (187.40.40.12:443)
2026-08-25 19:12:11,371 [INFO] ★ 진행: processed=160 | pending=110 | active=1 | subdivide=0 | 식당=232 | 속도=1.7/분 | ETA 65.1분
2026-08-25 19:12:21,373 [INFO] ★ 진행: processed=160 | pending=110 | active=1 | subdivide=0 | 식당=232 | 속도=1.7/분 | ETA 65.2분
2026-08-25 19:12:29,402 [WARNING]     goto timeout (try 1)
2026-08-25 19:12:31,375 [INFO] ★ 진행: processed=160 | pending=110 | active=1 | subdivide=0 | 식당=232 | 속도=1.7/분 | ETA 65.3분
2026-08-25 19:12:41,378 [INFO] ★ 진행: processed=160 | pending=110 | active=1 | subdivide=0 | 식당=232 | 속도=1.7/분 | ETA 65.4분
2026-08-25 19:12:51,380 [INFO] ★ 진행: processed=160 | pending=110 | active=1 | subdivide=0 | 식당=232 | 속도=1.7/분 | ETA 65.6분
2026-08-25 19:13:01,382 [INFO] ★ 진행: processed=160 | pending=110 | active=1 | subdivide=0 | 식당=232 | 속도=1.7/분 | ETA 65.7분
2026-08-25 19:13:01,901 [INFO]     스크롤 22회로 끝까지 로드
2026-08-25 19:13:05,269 [INFO] [W0] (18.79055,98.90445) step=500m | 결과 119 신규 0 (100%중복) | 누적 232
2026-08-25 19:13:11,383 [INFO] ★ 진행: processed=161 | pending=109 | active=1 | subdivide=0 | 식당=232 | 속도=1.7/분 | ETA 64.8분
2026-08-25 19:13:21,386 [INFO] ★ 진행: processed=161 | pending=109 | active=1 | subdivide=0 | 식당=232 | 속도=1.7/분 | ETA 64.9분
2026-08-25 19:13:31,388 [INFO] ★ 진행: processed=161 | pending=109 | active=1 | subdivide=0 | 식당=232 | 속도=1.7/분 | ETA 65.0분
2026-08-25 19:13:31,638 [INFO]   ✓ 체크포인트 저장 (processed=161, 식당 232)
2026-08-25 19:13:41,390 [INFO] ★ 진행: processed=161 | pending=109 | active=1 | subdivide=0 | 식당=232 | 속도=1.7/분 | ETA 65.1분
2026-08-25 19:13:42,855 [INFO]     스크롤 27회로 끝까지 로드
2026-08-25 19:13:46,708 [INFO] [W0] (18.78605,98.90445) step=500m | 결과 120 신규 0 (100%중복) | 누적 232
2026-08-25 19:13:51,393 [INFO] ★ 진행: processed=162 | pending=108 | active=1 | subdivide=0 | 식당=232 | 속도=1.7/분 | ETA 64.2분
2026-08-25 19:14:01,396 [INFO] ★ 진행: processed=162 | pending=108 | active=1 | subdivide=0 | 식당=232 | 속도=1.7/분 | ETA 64.3분
2026-08-25 19:14:01,651 [INFO]   ✓ 체크포인트 저장 (processed=162, 식당 232)
2026-08-25 19:14:11,399 [INFO] ★ 진행: processed=162 | pending=108 | active=1 | subdivide=0 | 식당=232 | 속도=1.7/분 | ETA 64.5분
2026-08-25 19:14:14,843 [INFO]     스크롤 20회로 끝까지 로드
2026-08-25 19:14:17,256 [INFO] [W0] (18.78156,98.90473) step=500m | 결과 80 신규 0 (100%중복) | 누적 232
2026-08-25 19:14:21,401 [INFO] ★ 진행: processed=163 | pending=107 | active=1 | subdivide=0 | 식당=232 | 속도=1.7/분 | ETA 63.6분
2026-08-25 19:14:25,991 [INFO]     스크롤 4회로 끝까지 로드
2026-08-25 19:14:25,998 [INFO] [W0] (18.77710,98.90528) step=500m | 결과 0 신규 0 (0%중복) | 누적 232
2026-08-25 19:14:31,405 [INFO] ★ 진행: processed=164 | pending=106 | active=1 | subdivide=0 | 식당=232 | 속도=1.7/분 | ETA 62.7분
2026-08-25 19:14:31,663 [INFO]   ✓ 체크포인트 저장 (processed=164, 식당 232)
2026-08-25 19:14:39,177 [INFO]     스크롤 4회로 끝까지 로드
2026-08-25 19:14:39,184 [INFO] [W0] (18.77267,98.90612) step=500m | 결과 0 신규 0 (0%중복) | 누적 232
2026-08-25 19:14:39,184 [WARNING] [W0] 연속 0건 → VPN rotate
2026-08-25 19:14:39,185 [INFO] [W0] VPN rotate 요청 (old=de1384.nordvpn.com (187.40.40.12:443))
2026-08-25 19:14:41,408 [INFO] ★ 진행: processed=165 | pending=106 | active=0 | subdivide=0 | 식당=232 | 속도=1.7/분 | ETA 62.4분
2026-08-25 19:14:45,209 [INFO] [W0] VPN rotated → de1603.nordvpn.com (187.40.49.16:443)
2026-08-25 19:14:51,409 [INFO] ★ 진행: processed=165 | pending=105 | active=1 | subdivide=0 | 식당=232 | 속도=1.7/분 | ETA 62.0분
2026-08-25 19:15:01,411 [INFO] ★ 진행: processed=165 | pending=105 | active=1 | subdivide=0 | 식당=232 | 속도=1.7/분 | ETA 62.1분
2026-08-25 19:15:01,675 [INFO]   ✓ 체크포인트 저장 (processed=165, 식당 232)
2026-08-25 19:15:11,414 [INFO] ★ 진행: processed=165 | pending=105 | active=1 | subdivide=0 | 식당=232 | 속도=1.7/분 | ETA 62.2분
2026-08-25 19:15:21,415 [INFO] ★ 진행: processed=165 | pending=105 | active=1 | subdivide=0 | 식당=232 | 속도=1.7/분 | ETA 62.3분
2026-08-25 19:15:22,065 [INFO]     스크롤 27회로 끝까지 로드
2026-08-25 19:15:25,770 [INFO] [W0] (18.76830,98.90722) step=500m | 결과 119 신규 0 (100%중복) | 누적 232
2026-08-25 19:15:31,417 [INFO] ★ 진행: processed=166 | pending=104 | active=1 | subdivide=0 | 식당=232 | 속도=1.7/분 | ETA 61.4분
2026-08-25 19:15:31,686 [INFO]   ✓ 체크포인트 저장 (processed=166, 식당 232)
2026-08-25 19:15:41,419 [INFO] ★ 진행: processed=166 | pending=104 | active=1 | subdivide=0 | 식당=232 | 속도=1.7/분 | ETA 61.5분
2026-08-25 19:15:51,419 [INFO] ★ 진행: processed=166 | pending=104 | active=1 | subdivide=0 | 식당=232 | 속도=1.7/분 | ETA 61.6분
2026-08-25 19:16:00,080 [INFO]     스크롤 26회로 끝까지 로드
2026-08-25 19:16:01,420 [INFO] ★ 진행: processed=166 | pending=104 | active=1 | subdivide=0 | 식당=232 | 속도=1.7/분 | ETA 61.7분
2026-08-25 19:16:03,449 [INFO] [W0] (18.76400,98.90860) step=500m | 결과 120 신규 0 (100%중복) | 누적 232
2026-08-25 19:16:11,421 [INFO] ★ 진행: processed=167 | pending=103 | active=1 | subdivide=0 | 식당=232 | 속도=1.7/분 | ETA 60.9분
2026-08-25 19:16:21,423 [INFO] ★ 진행: processed=167 | pending=103 | active=1 | subdivide=0 | 식당=232 | 속도=1.7/분 | ETA 61.0분
2026-08-25 19:16:31,425 [INFO] ★ 진행: processed=167 | pending=103 | active=1 | subdivide=0 | 식당=232 | 속도=1.7/분 | ETA 61.1분
2026-08-25 19:16:31,696 [INFO]   ✓ 체크포인트 저장 (processed=167, 식당 232)
2026-08-25 19:16:37,769 [INFO]     스크롤 26회로 끝까지 로드
2026-08-25 19:16:41,213 [INFO] [W0] (18.75978,98.91023) step=500m | 결과 120 신규 0 (100%중복) | 누적 232
2026-08-25 19:16:41,426 [INFO] ★ 진행: processed=168 | pending=102 | active=1 | subdivide=0 | 식당=232 | 속도=1.7/분 | ETA 60.2분
2026-08-25 19:16:51,428 [INFO] ★ 진행: processed=168 | pending=102 | active=1 | subdivide=0 | 식당=232 | 속도=1.7/분 | ETA 60.3분
2026-08-25 19:17:01,429 [INFO] ★ 진행: processed=168 | pending=102 | active=1 | subdivide=0 | 식당=232 | 속도=1.7/분 | ETA 60.4분
2026-08-25 19:17:01,706 [INFO]   ✓ 체크포인트 저장 (processed=168, 식당 232)
2026-08-25 19:17:10,478 [INFO]     스크롤 22회로 끝까지 로드
2026-08-25 19:17:11,431 [INFO] ★ 진행: processed=168 | pending=102 | active=1 | subdivide=0 | 식당=232 | 속도=1.7/분 | ETA 60.5분
2026-08-25 19:17:14,101 [INFO] [W0] (18.72054,98.94763) step=500m | 결과 120 신규 0 (100%중복) | 누적 232
2026-08-25 19:17:21,433 [INFO] ★ 진행: processed=169 | pending=101 | active=1 | subdivide=0 | 식당=232 | 속도=1.7/분 | ETA 59.7분
2026-08-25 19:17:31,437 [INFO] ★ 진행: processed=169 | pending=101 | active=1 | subdivide=0 | 식당=232 | 속도=1.7/분 | ETA 59.8분
2026-08-25 19:17:31,718 [INFO]   ✓ 체크포인트 저장 (processed=169, 식당 232)
2026-08-25 19:17:41,440 [INFO] ★ 진행: processed=169 | pending=101 | active=1 | subdivide=0 | 식당=232 | 속도=1.7/분 | ETA 59.9분
2026-08-25 19:17:49,609 [INFO]     스크롤 27회로 끝까지 로드
2026-08-25 19:17:51,443 [INFO] ★ 진행: processed=169 | pending=101 | active=1 | subdivide=0 | 식당=232 | 속도=1.7/분 | ETA 60.0분
2026-08-25 19:17:53,712 [INFO] [W0] (18.71856,98.95189) step=500m | 결과 120 신규 0 (100%중복) | 누적 232
2026-08-25 19:18:01,445 [INFO] ★ 진행: processed=170 | pending=100 | active=1 | subdivide=0 | 식당=232 | 속도=1.7/분 | ETA 59.1분
2026-08-25 19:18:01,725 [INFO]   ✓ 체크포인트 저장 (processed=170, 식당 232)
2026-08-25 19:18:06,377 [INFO]     스크롤 6회로 끝까지 로드
2026-08-25 19:18:06,865 [INFO] [W0] (18.71682,98.95628) step=500m | 결과 20 신규 0 (100%중복) | 누적 232
2026-08-25 19:18:11,447 [INFO] ★ 진행: processed=171 | pending=99 | active=1 | subdivide=0 | 식당=232 | 속도=1.7/분 | ETA 58.3분
2026-08-25 19:18:21,450 [INFO] ★ 진행: processed=171 | pending=99 | active=1 | subdivide=0 | 식당=232 | 속도=1.7/분 | ETA 58.4분
2026-08-25 19:18:31,453 [INFO] ★ 진행: processed=171 | pending=99 | active=1 | subdivide=0 | 식당=232 | 속도=1.7/분 | ETA 58.5분
2026-08-25 19:18:31,735 [INFO]   ✓ 체크포인트 저장 (processed=171, 식당 232)
2026-08-25 19:18:41,454 [INFO] ★ 진행: processed=171 | pending=99 | active=1 | subdivide=0 | 식당=232 | 속도=1.7/분 | ETA 58.6분
2026-08-25 19:18:42,176 [INFO]     스크롤 26회로 끝까지 로드
2026-08-25 19:18:46,361 [INFO] [W0] (18.71410,98.96532) step=500m | 결과 120 신규 0 (100%중복) | 누적 232
2026-08-25 19:18:51,455 [INFO] ★ 진행: processed=172 | pending=98 | active=1 | subdivide=0 | 식당=232 | 속도=1.7/분 | ETA 57.7분
2026-08-25 19:19:01,458 [INFO] ★ 진행: processed=172 | pending=98 | active=1 | subdivide=0 | 식당=232 | 속도=1.7/분 | ETA 57.8분
2026-08-25 19:19:01,748 [INFO]   ✓ 체크포인트 저장 (processed=172, 식당 232)
2026-08-25 19:19:11,460 [INFO] ★ 진행: processed=172 | pending=98 | active=1 | subdivide=0 | 식당=232 | 속도=1.7/분 | ETA 57.9분
2026-08-25 19:19:16,010 [INFO]     스크롤 22회로 끝까지 로드
2026-08-25 19:19:19,435 [INFO] [W0] (18.71311,98.96996) step=500m | 결과 120 신규 0 (100%중복) | 누적 232
2026-08-25 19:19:21,464 [INFO] ★ 진행: processed=173 | pending=97 | active=1 | subdivide=0 | 식당=232 | 속도=1.7/분 | ETA 57.1분
2026-08-25 19:19:31,465 [INFO] ★ 진행: processed=173 | pending=97 | active=1 | subdivide=0 | 식당=232 | 속도=1.7/분 | ETA 57.2분
2026-08-25 19:19:31,762 [INFO]   ✓ 체크포인트 저장 (processed=173, 식당 232)
2026-08-25 19:19:41,468 [INFO] ★ 진행: processed=173 | pending=97 | active=1 | subdivide=0 | 식당=232 | 속도=1.7/분 | ETA 57.3분
2026-08-25 19:19:51,471 [INFO] ★ 진행: processed=173 | pending=97 | active=1 | subdivide=0 | 식당=232 | 속도=1.7/분 | ETA 57.4분
2026-08-25 19:19:54,941 [INFO]     스크롤 27회로 끝까지 로드
2026-08-25 19:19:58,978 [INFO] [W0] (18.74969,99.05515) step=500m | 결과 119 신규 0 (100%중복) | 누적 232
2026-08-25 19:20:01,474 [INFO] ★ 진행: processed=174 | pending=96 | active=1 | subdivide=0 | 식당=232 | 속도=1.7/분 | ETA 56.6분
2026-08-25 19:20:01,774 [INFO]   ✓ 체크포인트 저장 (processed=174, 식당 232)
2026-08-25 19:20:11,476 [INFO] ★ 진행: processed=174 | pending=96 | active=1 | subdivide=0 | 식당=232 | 속도=1.7/분 | ETA 56.7분
2026-08-25 19:20:21,478 [INFO] ★ 진행: processed=174 | pending=96 | active=1 | subdivide=0 | 식당=232 | 속도=1.7/분 | ETA 56.7분
2026-08-25 19:20:31,479 [INFO] ★ 진행: processed=174 | pending=96 | active=1 | subdivide=0 | 식당=232 | 속도=1.7/분 | ETA 56.8분
2026-08-25 19:20:33,490 [INFO]     스크롤 26회로 끝까지 로드
2026-08-25 19:20:37,579 [INFO] [W0] (18.79281,99.07081) step=500m | 결과 119 신규 0 (100%중복) | 누적 232
2026-08-25 19:20:41,481 [INFO] ★ 진행: processed=175 | pending=95 | active=1 | subdivide=0 | 식당=232 | 속도=1.7/분 | ETA 56.0분
2026-08-25 19:20:51,484 [INFO] ★ 진행: processed=175 | pending=95 | active=1 | subdivide=0 | 식당=232 | 속도=1.7/분 | ETA 56.1분
2026-08-25 19:21:01,486 [INFO] ★ 진행: processed=175 | pending=95 | active=1 | subdivide=0 | 식당=232 | 속도=1.7/분 | ETA 56.2분
2026-08-25 19:21:01,786 [INFO]   ✓ 체크포인트 저장 (processed=175, 식당 232)
2026-08-25 19:21:11,487 [INFO] ★ 진행: processed=175 | pending=95 | active=1 | subdivide=0 | 식당=232 | 속도=1.7/분 | ETA 56.3분
2026-08-25 19:21:11,841 [INFO]     스크롤 26회로 끝까지 로드
2026-08-25 19:21:15,658 [INFO] [W0] (18.79730,99.07042) step=500m | 결과 118 신규 0 (100%중복) | 누적 232
2026-08-25 19:21:21,490 [INFO] ★ 진행: processed=176 | pending=94 | active=1 | subdivide=0 | 식당=232 | 속도=1.7/분 | ETA 55.5분
2026-08-25 19:21:31,492 [INFO] ★ 진행: processed=176 | pending=94 | active=1 | subdivide=0 | 식당=232 | 속도=1.7/분 | ETA 55.6분
2026-08-25 19:21:31,794 [INFO]   ✓ 체크포인트 저장 (processed=176, 식당 232)
2026-08-25 19:21:41,493 [INFO] ★ 진행: processed=176 | pending=94 | active=1 | subdivide=0 | 식당=232 | 속도=1.7/분 | ETA 55.6분
2026-08-25 19:21:50,104 [INFO]     스크롤 26회로 끝까지 로드
2026-08-25 19:21:51,496 [INFO] ★ 진행: processed=176 | pending=94 | active=1 | subdivide=0 | 식당=232 | 속도=1.7/분 | ETA 55.7분
2026-08-25 19:21:53,865 [INFO] [W0] (18.80176,99.06976) step=500m | 결과 118 신규 0 (100%중복) | 누적 232
2026-08-25 19:22:01,497 [INFO] ★ 진행: processed=177 | pending=93 | active=1 | subdivide=0 | 식당=232 | 속도=1.7/분 | ETA 54.9분
2026-08-25 19:22:01,808 [INFO]   ✓ 체크포인트 저장 (processed=177, 식당 232)
2026-08-25 19:22:11,500 [INFO] ★ 진행: processed=177 | pending=93 | active=1 | subdivide=0 | 식당=232 | 속도=1.7/분 | ETA 55.0분
2026-08-25 19:22:21,502 [INFO] ★ 진행: processed=177 | pending=93 | active=1 | subdivide=0 | 식당=232 | 속도=1.7/분 | ETA 55.1분
2026-08-25 19:22:23,215 [INFO]     스크롤 22회로 끝까지 로드
2026-08-25 19:22:26,721 [INFO] [W0] (18.80619,99.06884) step=500m | 결과 117 신규 0 (100%중복) | 누적 232
2026-08-25 19:22:31,503 [INFO] ★ 진행: processed=178 | pending=92 | active=1 | subdivide=0 | 식당=232 | 속도=1.7/분 | ETA 54.3분
2026-08-25 19:22:31,819 [INFO]   ✓ 체크포인트 저장 (processed=178, 식당 232)
2026-08-25 19:22:41,504 [INFO] ★ 진행: processed=178 | pending=92 | active=1 | subdivide=0 | 식당=232 | 속도=1.7/분 | ETA 54.4분
2026-08-25 19:22:51,505 [INFO] ★ 진행: processed=178 | pending=92 | active=1 | subdivide=0 | 식당=232 | 속도=1.7/분 | ETA 54.5분
2026-08-25 19:23:01,507 [INFO] ★ 진행: processed=178 | pending=92 | active=1 | subdivide=0 | 식당=232 | 속도=1.7/분 | ETA 54.5분
2026-08-25 19:23:01,739 [INFO]     스크롤 27회로 끝까지 로드
2026-08-25 19:23:05,756 [INFO] [W0] (18.82720,99.06044) step=500m | 결과 120 신규 0 (100%중복) | 누적 232
2026-08-25 19:23:11,508 [INFO] ★ 진행: processed=179 | pending=91 | active=1 | subdivide=0 | 식당=232 | 속도=1.7/분 | ETA 53.7분
2026-08-25 19:23:21,510 [INFO] ★ 진행: processed=179 | pending=91 | active=1 | subdivide=0 | 식당=232 | 속도=1.7/분 | ETA 53.8분
2026-08-25 19:23:31,510 [INFO] ★ 진행: processed=179 | pending=91 | active=1 | subdivide=0 | 식당=232 | 속도=1.7/분 | ETA 53.9분
2026-08-25 19:23:31,827 [INFO]   ✓ 체크포인트 저장 (processed=179, 식당 232)
2026-08-25 19:23:38,102 [INFO]     스크롤 25회로 끝까지 로드
2026-08-25 19:23:40,543 [INFO] [W0] (18.83110,99.05804) step=500m | 결과 99 신규 0 (100%중복) | 누적 232
2026-08-25 19:23:40,544 [INFO] [W0] 20포인트 정기 rotate
2026-08-25 19:23:40,545 [INFO] [W0] VPN rotate 요청 (old=de1603.nordvpn.com (187.40.49.16:443))
2026-08-25 19:23:41,511 [INFO] ★ 진행: processed=180 | pending=90 | active=1 | subdivide=0 | 식당=232 | 속도=1.7/분 | ETA 53.1분
2026-08-25 19:23:46,563 [INFO] [W0] VPN rotated → fr1212.nordvpn.com (187.14.106.91:443)
2026-08-25 19:23:51,513 [INFO] ★ 진행: processed=180 | pending=90 | active=1 | subdivide=0 | 식당=232 | 속도=1.7/분 | ETA 53.2분
2026-08-25 19:24:01,513 [INFO] ★ 진행: processed=180 | pending=90 | active=1 | subdivide=0 | 식당=232 | 속도=1.7/분 | ETA 53.3분
2026-08-25 19:24:01,836 [INFO]   ✓ 체크포인트 저장 (processed=180, 식당 232)
2026-08-25 19:24:11,515 [INFO] ★ 진행: processed=180 | pending=90 | active=1 | subdivide=0 | 식당=232 | 속도=1.7/분 | ETA 53.3분
2026-08-25 19:24:21,516 [INFO] ★ 진행: processed=180 | pending=90 | active=1 | subdivide=0 | 식당=232 | 속도=1.7/분 | ETA 53.4분
2026-08-25 19:24:24,427 [INFO]     스크롤 27회로 끝까지 로드
2026-08-25 19:24:27,172 [INFO] [W0] (18.83486,99.05542) step=500m | 결과 120 신규 0 (100%중복) | 누적 232
2026-08-25 19:24:31,517 [INFO] ★ 진행: processed=181 | pending=89 | active=1 | subdivide=0 | 식당=232 | 속도=1.7/분 | ETA 52.6분
2026-08-25 19:24:31,844 [INFO]   ✓ 체크포인트 저장 (processed=181, 식당 232)
2026-08-25 19:24:41,519 [INFO] ★ 진행: processed=181 | pending=89 | active=1 | subdivide=0 | 식당=232 | 속도=1.7/분 | ETA 52.7분
2026-08-25 19:24:51,521 [INFO] ★ 진행: processed=181 | pending=89 | active=1 | subdivide=0 | 식당=232 | 속도=1.7/분 | ETA 52.8분
2026-08-25 19:24:58,593 [INFO]     스크롤 24회로 끝까지 로드
2026-08-25 19:25:01,260 [INFO] [W0] (18.83847,99.05258) step=500m | 결과 120 신규 0 (100%중복) | 누적 232
2026-08-25 19:25:01,522 [INFO] ★ 진행: processed=182 | pending=88 | active=1 | subdivide=0 | 식당=232 | 속도=1.7/분 | ETA 52.0분
2026-08-25 19:25:01,848 [INFO]   ✓ 체크포인트 저장 (processed=182, 식당 232)
2026-08-25 19:25:11,522 [INFO] ★ 진행: processed=182 | pending=88 | active=1 | subdivide=0 | 식당=232 | 속도=1.7/분 | ETA 52.1분
2026-08-25 19:25:21,524 [INFO] ★ 진행: processed=182 | pending=88 | active=1 | subdivide=0 | 식당=232 | 속도=1.7/분 | ETA 52.2분
2026-08-25 19:25:31,525 [INFO] ★ 진행: processed=182 | pending=88 | active=1 | subdivide=0 | 식당=232 | 속도=1.7/분 | ETA 52.2분
2026-08-25 19:25:35,119 [INFO]     스크롤 26회로 끝까지 로드
2026-08-25 19:25:37,823 [INFO] [W0] (18.86527,98.95838) step=500m | 결과 119 신규 0 (100%중복) | 누적 232
2026-08-25 19:25:41,526 [INFO] ★ 진행: processed=183 | pending=87 | active=1 | subdivide=0 | 식당=232 | 속도=1.7/분 | ETA 51.4분
2026-08-25 19:25:51,527 [INFO] ★ 진행: processed=183 | pending=87 | active=1 | subdivide=0 | 식당=232 | 속도=1.7/분 | ETA 51.5분
2026-08-25 19:26:01,529 [INFO] ★ 진행: processed=183 | pending=87 | active=1 | subdivide=0 | 식당=232 | 속도=1.7/분 | ETA 51.6분
2026-08-25 19:26:01,856 [INFO]   ✓ 체크포인트 저장 (processed=183, 식당 232)
2026-08-25 19:26:10,663 [INFO]     스크롤 25회로 끝까지 로드
2026-08-25 19:26:11,529 [INFO] ★ 진행: processed=183 | pending=87 | active=1 | subdivide=0 | 식당=232 | 속도=1.7/분 | ETA 51.7분
2026-08-25 19:26:13,173 [INFO] [W0] (18.84984,98.92954) step=500m | 결과 119 신규 0 (100%중복) | 누적 232
2026-08-25 19:26:21,531 [INFO] ★ 진행: processed=184 | pending=86 | active=1 | subdivide=0 | 식당=232 | 속도=1.7/분 | ETA 50.9분
2026-08-25 19:26:31,533 [INFO] ★ 진행: processed=184 | pending=86 | active=1 | subdivide=0 | 식당=232 | 속도=1.7/분 | ETA 51.0분
2026-08-25 19:26:31,871 [INFO]   ✓ 체크포인트 저장 (processed=184, 식당 232)
2026-08-25 19:26:41,534 [INFO] ★ 진행: processed=184 | pending=86 | active=1 | subdivide=0 | 식당=232 | 속도=1.7/분 | ETA 51.0분
2026-08-25 19:26:45,638 [INFO]     스크롤 25회로 끝까지 로드
2026-08-25 19:26:48,295 [INFO] [W0] (18.70272,98.98411) step=500m | 결과 120 신규 1 (99%중복) | 누적 233
2026-08-25 19:26:51,536 [INFO] ★ 진행: processed=185 | pending=85 | active=1 | subdivide=0 | 식당=233 | 속도=1.7/분 | ETA 50.2분
2026-08-25 19:27:01,539 [INFO] ★ 진행: processed=185 | pending=85 | active=1 | subdivide=0 | 식당=233 | 속도=1.7/분 | ETA 50.3분
2026-08-25 19:27:01,888 [INFO]   ✓ 체크포인트 저장 (processed=185, 식당 233)
2026-08-25 19:27:11,542 [INFO] ★ 진행: processed=185 | pending=85 | active=1 | subdivide=0 | 식당=233 | 속도=1.7/분 | ETA 50.4분
2026-08-25 19:27:21,546 [INFO] ★ 진행: processed=185 | pending=85 | active=1 | subdivide=0 | 식당=233 | 속도=1.7/분 | ETA 50.5분
2026-08-25 19:27:22,807 [INFO]     스크롤 27회로 끝까지 로드
2026-08-25 19:27:25,563 [INFO] [W0] (18.87502,99.01107) step=500m | 결과 119 신규 0 (100%중복) | 누적 233
2026-08-25 19:27:31,548 [INFO] ★ 진행: processed=186 | pending=84 | active=1 | subdivide=0 | 식당=233 | 속도=1.7/분 | ETA 49.7분
2026-08-25 19:27:31,899 [INFO]   ✓ 체크포인트 저장 (processed=186, 식당 233)
2026-08-25 19:27:41,552 [INFO] ★ 진행: processed=186 | pending=84 | active=1 | subdivide=0 | 식당=233 | 속도=1.7/분 | ETA 49.8분
2026-08-25 19:27:51,554 [INFO] ★ 진행: processed=186 | pending=84 | active=1 | subdivide=0 | 식당=233 | 속도=1.7/분 | ETA 49.8분
2026-08-25 19:27:57,837 [INFO]     스크롤 25회로 끝까지 로드
2026-08-25 19:28:00,473 [INFO] [W0] (18.87613,99.00648) step=500m | 결과 119 신규 0 (100%중복) | 누적 233
2026-08-25 19:28:01,556 [INFO] ★ 진행: processed=187 | pending=83 | active=1 | subdivide=0 | 식당=233 | 속도=1.7/분 | ETA 49.1분
2026-08-25 19:28:01,904 [INFO]   ✓ 체크포인트 저장 (processed=187, 식당 233)
2026-08-25 19:28:11,558 [INFO] ★ 진행: processed=187 | pending=83 | active=1 | subdivide=0 | 식당=233 | 속도=1.7/분 | ETA 49.1분
2026-08-25 19:28:21,559 [INFO] ★ 진행: processed=187 | pending=83 | active=1 | subdivide=0 | 식당=233 | 속도=1.7/분 | ETA 49.2분
2026-08-25 19:28:31,562 [INFO] ★ 진행: processed=187 | pending=83 | active=1 | subdivide=0 | 식당=233 | 속도=1.7/분 | ETA 49.3분
2026-08-25 19:28:34,883 [INFO]     스크롤 27회로 끝까지 로드
2026-08-25 19:28:37,477 [INFO] [W0] (18.87702,99.00182) step=500m | 결과 114 신규 0 (100%중복) | 누적 233
2026-08-25 19:28:41,564 [INFO] ★ 진행: processed=188 | pending=82 | active=1 | subdivide=0 | 식당=233 | 속도=1.7/분 | ETA 48.5분
2026-08-25 19:28:51,567 [INFO] ★ 진행: processed=188 | pending=82 | active=1 | subdivide=0 | 식당=233 | 속도=1.7/분 | ETA 48.6분
2026-08-25 19:29:01,569 [INFO] ★ 진행: processed=188 | pending=82 | active=1 | subdivide=0 | 식당=233 | 속도=1.7/분 | ETA 48.6분
2026-08-25 19:29:01,911 [INFO]   ✓ 체크포인트 저장 (processed=188, 식당 233)
2026-08-25 19:29:06,216 [INFO]     스크롤 22회로 끝까지 로드
2026-08-25 19:29:08,560 [INFO] [W0] (18.87769,98.99713) step=500m | 결과 119 신규 0 (100%중복) | 누적 233
2026-08-25 19:29:11,572 [INFO] ★ 진행: processed=189 | pending=81 | active=1 | subdivide=0 | 식당=233 | 속도=1.7/분 | ETA 47.9분
2026-08-25 19:29:21,575 [INFO] ★ 진행: processed=189 | pending=81 | active=1 | subdivide=0 | 식당=233 | 속도=1.7/분 | ETA 47.9분
2026-08-25 19:29:25,683 [INFO]     스크롤 10회로 끝까지 로드
2026-08-25 19:29:26,537 [INFO] [W0] (18.73755,98.90667) step=500m | 결과 48 신규 0 (100%중복) | 누적 233
2026-08-25 19:29:31,577 [INFO] ★ 진행: processed=190 | pending=80 | active=1 | subdivide=0 | 식당=233 | 속도=1.7/분 | ETA 47.2분
2026-08-25 19:29:31,920 [INFO]   ✓ 체크포인트 저장 (processed=190, 식당 233)
2026-08-25 19:29:41,579 [INFO] ★ 진행: processed=190 | pending=80 | active=1 | subdivide=0 | 식당=233 | 속도=1.7/분 | ETA 47.2분
2026-08-25 19:29:51,581 [INFO] ★ 진행: processed=190 | pending=80 | active=1 | subdivide=0 | 식당=233 | 속도=1.7/분 | ETA 47.3분
2026-08-25 19:30:00,634 [INFO]     스크롤 26회로 끝까지 로드
2026-08-25 19:30:01,583 [INFO] ★ 진행: processed=190 | pending=80 | active=1 | subdivide=0 | 식당=233 | 속도=1.7/분 | ETA 47.4분
2026-08-25 19:30:03,182 [INFO] [W0] (18.73390,98.90944) step=500m | 결과 120 신규 0 (100%중복) | 누적 233
2026-08-25 19:30:11,586 [INFO] ★ 진행: processed=191 | pending=79 | active=1 | subdivide=0 | 식당=233 | 속도=1.7/분 | ETA 46.6분
2026-08-25 19:30:21,588 [INFO] ★ 진행: processed=191 | pending=79 | active=1 | subdivide=0 | 식당=233 | 속도=1.7/분 | ETA 46.7분
2026-08-25 19:30:31,589 [INFO] ★ 진행: processed=191 | pending=79 | active=1 | subdivide=0 | 식당=233 | 속도=1.7/분 | ETA 46.7분
2026-08-25 19:30:31,926 [INFO]   ✓ 체크포인트 저장 (processed=191, 식당 233)
2026-08-25 19:30:33,826 [INFO]     스크롤 23회로 끝까지 로드
2026-08-25 19:30:35,793 [INFO] [W0] (18.73039,98.91240) step=500m | 결과 96 신규 0 (100%중복) | 누적 233
2026-08-25 19:30:41,590 [INFO] ★ 진행: processed=192 | pending=78 | active=1 | subdivide=0 | 식당=233 | 속도=1.7/분 | ETA 46.0분
2026-08-25 19:30:51,594 [INFO] ★ 진행: processed=192 | pending=78 | active=1 | subdivide=0 | 식당=233 | 속도=1.7/분 | ETA 46.1분
2026-08-25 19:31:01,595 [INFO] ★ 진행: processed=192 | pending=78 | active=1 | subdivide=0 | 식당=233 | 속도=1.7/분 | ETA 46.1분
2026-08-25 19:31:01,936 [INFO]   ✓ 체크포인트 저장 (processed=192, 식당 233)
2026-08-25 19:31:09,406 [INFO]     스크롤 26회로 끝까지 로드
2026-08-25 19:31:11,597 [INFO] ★ 진행: processed=192 | pending=78 | active=1 | subdivide=0 | 식당=233 | 속도=1.7/분 | ETA 46.2분
2026-08-25 19:31:12,155 [INFO] [W0] (18.72702,98.91554) step=500m | 결과 120 신규 0 (100%중복) | 누적 233
2026-08-25 19:31:21,598 [INFO] ★ 진행: processed=193 | pending=77 | active=1 | subdivide=0 | 식당=233 | 속도=1.7/분 | ETA 45.4분
2026-08-25 19:31:31,600 [INFO] ★ 진행: processed=193 | pending=77 | active=1 | subdivide=0 | 식당=233 | 속도=1.7/분 | ETA 45.5분
2026-08-25 19:31:31,942 [INFO]   ✓ 체크포인트 저장 (processed=193, 식당 233)
2026-08-25 19:31:41,602 [INFO] ★ 진행: processed=193 | pending=77 | active=1 | subdivide=0 | 식당=233 | 속도=1.7/분 | ETA 45.6분
2026-08-25 19:31:45,463 [INFO]     스크롤 26회로 끝까지 로드
2026-08-25 19:31:48,166 [INFO] [W0] (18.72381,98.91886) step=500m | 결과 120 신규 0 (100%중복) | 누적 233
2026-08-25 19:31:51,605 [INFO] ★ 진행: processed=194 | pending=76 | active=1 | subdivide=0 | 식당=233 | 속도=1.7/분 | ETA 44.8분
2026-08-25 19:32:01,606 [INFO] ★ 진행: processed=194 | pending=76 | active=1 | subdivide=0 | 식당=233 | 속도=1.7/분 | ETA 44.9분
2026-08-25 19:32:01,953 [INFO]   ✓ 체크포인트 저장 (processed=194, 식당 233)
2026-08-25 19:32:11,608 [INFO] ★ 진행: processed=194 | pending=76 | active=1 | subdivide=0 | 식당=233 | 속도=1.7/분 | ETA 44.9분
2026-08-25 19:32:19,449 [INFO]     스크롤 24회로 끝까지 로드
2026-08-25 19:32:21,610 [INFO] ★ 진행: processed=194 | pending=76 | active=1 | subdivide=0 | 식당=233 | 속도=1.7/분 | ETA 45.0분
2026-08-25 19:32:21,937 [INFO] [W0] (18.76175,99.07623) step=500m | 결과 107 신규 0 (100%중복) | 누적 233
2026-08-25 19:32:31,612 [INFO] ★ 진행: processed=195 | pending=75 | active=1 | subdivide=0 | 식당=233 | 속도=1.7/분 | ETA 44.2분
2026-08-25 19:32:31,959 [INFO]   ✓ 체크포인트 저장 (processed=195, 식당 233)
2026-08-25 19:32:41,612 [INFO] ★ 진행: processed=195 | pending=75 | active=1 | subdivide=0 | 식당=233 | 속도=1.7/분 | ETA 44.3분
2026-08-25 19:32:51,614 [INFO] ★ 진행: processed=195 | pending=75 | active=1 | subdivide=0 | 식당=233 | 속도=1.7/분 | ETA 44.4분
2026-08-25 19:32:54,677 [INFO]     스크롤 25회로 끝까지 로드
2026-08-25 19:32:57,413 [INFO] [W0] (18.76607,99.07752) step=500m | 결과 119 신규 0 (100%중복) | 누적 233
2026-08-25 19:33:01,616 [INFO] ★ 진행: processed=196 | pending=74 | active=1 | subdivide=0 | 식당=233 | 속도=1.7/분 | ETA 43.6분
2026-08-25 19:33:01,968 [INFO]   ✓ 체크포인트 저장 (processed=196, 식당 233)
2026-08-25 19:33:11,618 [INFO] ★ 진행: processed=196 | pending=74 | active=1 | subdivide=0 | 식당=233 | 속도=1.7/분 | ETA 43.7분
2026-08-25 19:33:21,621 [INFO] ★ 진행: processed=196 | pending=74 | active=1 | subdivide=0 | 식당=233 | 속도=1.7/분 | ETA 43.7분
2026-08-25 19:33:29,675 [INFO]     스크롤 25회로 끝까지 로드
2026-08-25 19:33:31,625 [INFO] ★ 진행: processed=196 | pending=74 | active=1 | subdivide=0 | 식당=233 | 속도=1.7/분 | ETA 43.8분
2026-08-25 19:33:32,298 [INFO] [W0] (18.77045,99.07857) step=500m | 결과 119 신규 0 (100%중복) | 누적 233
2026-08-25 19:33:41,628 [INFO] ★ 진행: processed=197 | pending=73 | active=1 | subdivide=0 | 식당=233 | 속도=1.7/분 | ETA 43.1분
2026-08-25 19:33:51,629 [INFO] ★ 진행: processed=197 | pending=73 | active=1 | subdivide=0 | 식당=233 | 속도=1.7/분 | ETA 43.1분
2026-08-25 19:34:01,631 [INFO] ★ 진행: processed=197 | pending=73 | active=1 | subdivide=0 | 식당=233 | 속도=1.7/분 | ETA 43.2분
2026-08-25 19:34:01,976 [INFO]   ✓ 체크포인트 저장 (processed=197, 식당 233)
2026-08-25 19:34:05,776 [INFO]     스크롤 26회로 끝까지 로드
2026-08-25 19:34:08,348 [INFO] [W0] (18.77487,99.07940) step=500m | 결과 119 신규 0 (100%중복) | 누적 233
2026-08-25 19:34:11,633 [INFO] ★ 진행: processed=198 | pending=72 | active=1 | subdivide=0 | 식당=233 | 속도=1.7/분 | ETA 42.4분
2026-08-25 19:34:21,677 [INFO] ★ 진행: processed=198 | pending=72 | active=1 | subdivide=0 | 식당=233 | 속도=1.7/분 | ETA 42.5분
2026-08-25 19:34:27,458 [INFO]     스크롤 11회로 끝까지 로드
2026-08-25 19:34:28,490 [INFO] [W0] (18.85979,98.91987) step=500m | 결과 40 신규 0 (100%중복) | 누적 233
2026-08-25 20:31:34,791 [INFO] ★ 진행: processed=199 | pending=71 | active=1 | subdivide=0 | 식당=233 | 속도=1.1/분 | ETA 62.1분
2026-08-25 20:31:35,095 [INFO]   ✓ 체크포인트 저장 (processed=199, 식당 233)
2026-08-25 20:31:38,860 [INFO]     스크롤 4회로 끝까지 로드
2026-08-25 20:31:38,941 [INFO] [W0] (18.85676,98.91635) step=500m | 결과 0 신규 0 (0%중복) | 누적 233
2026-08-25 20:31:38,941 [INFO] [W0] 20포인트 정기 rotate
2026-08-25 20:31:38,943 [INFO] [W0] VPN rotate 요청 (old=fr1212.nordvpn.com (187.14.106.91:443))
2026-08-25 20:31:44,793 [INFO] ★ 진행: processed=200 | pending=70 | active=1 | subdivide=0 | 식당=233 | 속도=1.1/분 | ETA 61.0분
2026-08-25 20:31:54,794 [INFO] ★ 진행: processed=200 | pending=70 | active=1 | subdivide=0 | 식당=233 | 속도=1.1/분 | ETA 61.0분
2026-08-25 20:32:04,799 [INFO] ★ 진행: processed=200 | pending=70 | active=1 | subdivide=0 | 식당=233 | 속도=1.1/분 | ETA 61.1분
2026-08-25 20:32:05,113 [INFO]   ✓ 체크포인트 저장 (processed=200, 식당 233)
2026-08-25 20:32:14,800 [INFO] ★ 진행: processed=200 | pending=70 | active=1 | subdivide=0 | 식당=233 | 속도=1.1/분 | ETA 61.2분
2026-08-25 20:32:24,801 [INFO] ★ 진행: processed=200 | pending=70 | active=1 | subdivide=0 | 식당=233 | 속도=1.1/분 | ETA 61.2분
2026-08-25 20:32:24,971 [WARNING] [W0] VPN rotate 타임아웃
2026-08-25 20:32:25,163 [WARNING] [W0] SOCKS dead → 즉시 rotate: Page.goto: net::ERR_SOCKS_CONNECTION_FAILED at https://www.google.com/maps/searc
2026-08-25 20:32:25,165 [INFO] [W0] VPN rotate 요청 (old=fr1212.nordvpn.com (187.14.106.91:443))
2026-08-25 20:32:34,802 [INFO] ★ 진행: processed=200 | pending=70 | active=1 | subdivide=0 | 식당=233 | 속도=1.1/분 | ETA 61.3분
2026-08-25 20:32:44,803 [INFO] ★ 진행: processed=200 | pending=70 | active=1 | subdivide=0 | 식당=233 | 속도=1.1/분 | ETA 61.3분
2026-08-25 20:32:54,804 [INFO] ★ 진행: processed=200 | pending=70 | active=1 | subdivide=0 | 식당=233 | 속도=1.1/분 | ETA 61.4분
2026-08-25 20:33:04,805 [INFO] ★ 진행: processed=200 | pending=70 | active=1 | subdivide=0 | 식당=233 | 속도=1.1/분 | ETA 61.5분
2026-08-25 20:33:11,181 [WARNING] [W0] VPN rotate 타임아웃
2026-08-25 20:33:11,240 [INFO] [W0] 20포인트 정기 rotate
2026-08-25 20:33:11,241 [INFO] [W0] VPN rotate 요청 (old=fr1212.nordvpn.com (187.14.106.91:443))
2026-08-25 20:33:14,806 [INFO] ★ 진행: processed=200 | pending=70 | active=1 | subdivide=0 | 식당=233 | 속도=1.1/분 | ETA 61.5분
2026-08-25 20:33:24,807 [INFO] ★ 진행: processed=200 | pending=70 | active=1 | subdivide=0 | 식당=233 | 속도=1.1/분 | ETA 61.6분
2026-08-25 20:33:34,809 [INFO] ★ 진행: processed=200 | pending=70 | active=1 | subdivide=0 | 식당=233 | 속도=1.1/분 | ETA 61.6분
2026-08-25 20:33:44,810 [INFO] ★ 진행: processed=200 | pending=70 | active=1 | subdivide=0 | 식당=233 | 속도=1.1/분 | ETA 61.7분
2026-08-25 20:33:54,812 [INFO] ★ 진행: processed=200 | pending=70 | active=1 | subdivide=0 | 식당=233 | 속도=1.1/분 | ETA 61.7분
2026-08-25 20:33:57,258 [WARNING] [W0] VPN rotate 타임아웃
2026-08-25 20:33:59,415 [WARNING] [W0] SOCKS dead → 즉시 rotate: Page.goto: net::ERR_PROXY_CONNECTION_FAILED at https://www.google.com/maps/searc
2026-08-25 20:33:59,417 [INFO] [W0] VPN rotate 요청 (old=fr1212.nordvpn.com (187.14.106.91:443))
2026-08-25 20:34:04,813 [INFO] ★ 진행: processed=200 | pending=70 | active=1 | subdivide=0 | 식당=233 | 속도=1.1/분 | ETA 61.8분
2026-08-25 20:34:14,814 [INFO] ★ 진행: processed=200 | pending=70 | active=1 | subdivide=0 | 식당=233 | 속도=1.1/분 | ETA 61.9분
2026-08-25 20:34:24,815 [INFO] ★ 진행: processed=200 | pending=70 | active=1 | subdivide=0 | 식당=233 | 속도=1.1/분 | ETA 61.9분
2026-08-25 20:34:34,817 [INFO] ★ 진행: processed=200 | pending=70 | active=1 | subdivide=0 | 식당=233 | 속도=1.1/분 | ETA 62.0분
2026-08-25 20:34:44,818 [INFO] ★ 진행: processed=200 | pending=70 | active=1 | subdivide=0 | 식당=233 | 속도=1.1/분 | ETA 62.0분
2026-08-25 20:34:45,433 [WARNING] [W0] VPN rotate 타임아웃
2026-08-25 20:34:45,495 [INFO] [W0] 20포인트 정기 rotate
2026-08-25 20:34:45,497 [INFO] [W0] VPN rotate 요청 (old=fr1212.nordvpn.com (187.14.106.91:443))
2026-08-25 20:34:54,819 [INFO] ★ 진행: processed=200 | pending=70 | active=1 | subdivide=0 | 식당=233 | 속도=1.1/분 | ETA 62.1분
2026-08-25 20:35:04,820 [INFO] ★ 진행: processed=200 | pending=70 | active=1 | subdivide=0 | 식당=233 | 속도=1.1/분 | ETA 62.2분
2026-08-25 20:35:14,821 [INFO] ★ 진행: processed=200 | pending=70 | active=1 | subdivide=0 | 식당=233 | 속도=1.1/분 | ETA 62.2분
2026-08-25 20:35:24,822 [INFO] ★ 진행: processed=200 | pending=70 | active=1 | subdivide=0 | 식당=233 | 속도=1.1/분 | ETA 62.3분
2026-08-25 20:35:31,514 [WARNING] [W0] VPN rotate 타임아웃
2026-08-25 20:35:33,703 [WARNING] [W0] SOCKS dead → 즉시 rotate: Page.goto: net::ERR_PROXY_CONNECTION_FAILED at https://www.google.com/maps/searc
2026-08-25 20:35:33,705 [INFO] [W0] VPN rotate 요청 (old=fr1212.nordvpn.com (187.14.106.91:443))
2026-08-25 20:35:34,823 [INFO] ★ 진행: processed=200 | pending=70 | active=1 | subdivide=0 | 식당=233 | 속도=1.1/분 | ETA 62.3분
2026-08-25 20:35:44,824 [INFO] ★ 진행: processed=200 | pending=70 | active=1 | subdivide=0 | 식당=233 | 속도=1.1/분 | ETA 62.4분
2026-08-25 20:35:54,825 [INFO] ★ 진행: processed=200 | pending=70 | active=1 | subdivide=0 | 식당=233 | 속도=1.1/분 | ETA 62.4분
2026-08-25 20:36:04,826 [INFO] ★ 진행: processed=200 | pending=70 | active=1 | subdivide=0 | 식당=233 | 속도=1.1/분 | ETA 62.5분
2026-08-25 20:36:14,827 [INFO] ★ 진행: processed=200 | pending=70 | active=1 | subdivide=0 | 식당=233 | 속도=1.1/분 | ETA 62.6분
2026-08-25 20:36:19,722 [WARNING] [W0] VPN rotate 타임아웃
2026-08-25 20:36:19,791 [INFO] [W0] 20포인트 정기 rotate
2026-08-25 20:36:19,792 [INFO] [W0] VPN rotate 요청 (old=fr1212.nordvpn.com (187.14.106.91:443))
2026-08-25 20:36:24,828 [INFO] ★ 진행: processed=200 | pending=70 | active=1 | subdivide=0 | 식당=233 | 속도=1.1/분 | ETA 62.6분
2026-08-25 20:36:34,830 [INFO] ★ 진행: processed=200 | pending=70 | active=1 | subdivide=0 | 식당=233 | 속도=1.1/분 | ETA 62.7분
2026-08-25 20:36:44,831 [INFO] ★ 진행: processed=200 | pending=70 | active=1 | subdivide=0 | 식당=233 | 속도=1.1/분 | ETA 62.7분
2026-08-25 20:36:55,498 [INFO] ★ 진행: processed=200 | pending=70 | active=1 | subdivide=0 | 식당=233 | 속도=1.1/분 | ETA 62.8분
2026-08-25 20:37:05,499 [INFO] ★ 진행: processed=200 | pending=70 | active=1 | subdivide=0 | 식당=233 | 속도=1.1/분 | ETA 62.9분
2026-08-25 20:37:05,810 [WARNING] [W0] VPN rotate 타임아웃
2026-08-25 20:37:07,977 [WARNING] [W0] SOCKS dead → 즉시 rotate: Page.goto: net::ERR_PROXY_CONNECTION_FAILED at https://www.google.com/maps/searc
2026-08-25 20:37:07,988 [INFO] [W0] VPN rotate 요청 (old=fr1212.nordvpn.com (187.14.106.91:443))
2026-08-25 20:37:15,502 [INFO] ★ 진행: processed=200 | pending=70 | active=1 | subdivide=0 | 식당=233 | 속도=1.1/분 | ETA 62.9분
2026-08-25 20:37:25,502 [INFO] ★ 진행: processed=200 | pending=70 | active=1 | subdivide=0 | 식당=233 | 속도=1.1/분 | ETA 63.0분
2026-08-25 20:37:35,503 [INFO] ★ 진행: processed=200 | pending=70 | active=1 | subdivide=0 | 식당=233 | 속도=1.1/분 | ETA 63.0분
2026-08-25 20:37:45,504 [INFO] ★ 진행: processed=200 | pending=70 | active=1 | subdivide=0 | 식당=233 | 속도=1.1/분 | ETA 63.1분
2026-08-25 20:37:54,005 [WARNING] [W0] VPN rotate 타임아웃
2026-08-25 20:37:54,071 [INFO] [W0] 20포인트 정기 rotate
2026-08-25 20:37:54,073 [INFO] [W0] VPN rotate 요청 (old=fr1112.nordvpn.com (149.88.28.151:443))
2026-08-25 20:37:55,505 [INFO] ★ 진행: processed=200 | pending=70 | active=1 | subdivide=0 | 식당=233 | 속도=1.1/분 | ETA 63.1분
2026-08-25 20:38:05,507 [INFO] ★ 진행: processed=200 | pending=70 | active=1 | subdivide=0 | 식당=233 | 속도=1.1/분 | ETA 63.2분
2026-08-25 20:38:12,079 [INFO] [W0] VPN rotated → fr1280.nordvpn.com (187.13.199.151:443)
2026-08-25 20:38:15,509 [INFO] ★ 진행: processed=200 | pending=70 | active=1 | subdivide=0 | 식당=233 | 속도=1.1/분 | ETA 63.3분
2026-08-25 20:38:25,536 [INFO] ★ 진행: processed=200 | pending=70 | active=1 | subdivide=0 | 식당=233 | 속도=1.1/분 | ETA 63.3분
2026-08-25 20:38:32,209 [WARNING]     goto timeout (try 1)
2026-08-25 20:38:35,537 [INFO] ★ 진행: processed=200 | pending=70 | active=1 | subdivide=0 | 식당=233 | 속도=1.1/분 | ETA 63.4분
2026-08-25 20:38:37,237 [WARNING] [W0] SOCKS dead → 즉시 rotate: Page.goto: net::ERR_SOCKS_CONNECTION_FAILED at https://www.google.com/maps/searc
2026-08-25 20:38:37,237 [INFO] [W0] VPN rotate 요청 (old=fr1280.nordvpn.com (187.13.199.151:443))
2026-08-25 20:38:45,538 [INFO] ★ 진행: processed=200 | pending=70 | active=1 | subdivide=0 | 식당=233 | 속도=1.1/분 | ETA 63.4분
2026-08-25 20:38:55,539 [INFO] ★ 진행: processed=200 | pending=70 | active=1 | subdivide=0 | 식당=233 | 속도=1.1/분 | ETA 63.5분
2026-08-25 20:39:05,540 [INFO] ★ 진행: processed=200 | pending=70 | active=1 | subdivide=0 | 식당=233 | 속도=1.1/분 | ETA 63.6분
2026-08-25 20:39:15,551 [INFO] ★ 진행: processed=200 | pending=70 | active=1 | subdivide=0 | 식당=233 | 속도=1.1/분 | ETA 63.6분
2026-08-25 20:39:23,272 [WARNING] [W0] VPN rotate 타임아웃
2026-08-25 20:39:23,335 [INFO] [W0] 20포인트 정기 rotate
2026-08-25 20:39:23,336 [INFO] [W0] VPN rotate 요청 (old=fr1280.nordvpn.com (187.13.199.151:443))
2026-08-25 20:39:25,551 [INFO] ★ 진행: processed=200 | pending=70 | active=1 | subdivide=0 | 식당=233 | 속도=1.1/분 | ETA 63.7분
2026-08-25 20:39:35,552 [INFO] ★ 진행: processed=200 | pending=70 | active=1 | subdivide=0 | 식당=233 | 속도=1.1/분 | ETA 63.7분
2026-08-25 20:39:45,553 [INFO] ★ 진행: processed=200 | pending=70 | active=1 | subdivide=0 | 식당=233 | 속도=1.1/분 | ETA 63.8분
2026-08-25 20:39:55,564 [INFO] ★ 진행: processed=200 | pending=70 | active=1 | subdivide=0 | 식당=233 | 속도=1.1/분 | ETA 63.8분
2026-08-25 20:40:05,565 [INFO] ★ 진행: processed=200 | pending=70 | active=1 | subdivide=0 | 식당=233 | 속도=1.1/분 | ETA 63.9분
2026-08-25 20:40:09,368 [WARNING] [W0] VPN rotate 타임아웃
2026-08-25 20:40:12,498 [WARNING] [W0] SOCKS dead → 즉시 rotate: Page.goto: net::ERR_SOCKS_CONNECTION_FAILED at https://www.google.com/maps/searc
2026-08-25 20:40:12,500 [INFO] [W0] VPN rotate 요청 (old=fr1280.nordvpn.com (187.13.199.151:443))
2026-08-25 20:40:15,566 [INFO] ★ 진행: processed=200 | pending=70 | active=1 | subdivide=0 | 식당=233 | 속도=1.1/분 | ETA 64.0분
2026-08-25 20:40:25,568 [INFO] ★ 진행: processed=200 | pending=70 | active=1 | subdivide=0 | 식당=233 | 속도=1.1/분 | ETA 64.0분
2026-08-25 20:40:35,569 [INFO] ★ 진행: processed=200 | pending=70 | active=1 | subdivide=0 | 식당=233 | 속도=1.1/분 | ETA 64.1분
2026-08-25 20:40:45,570 [INFO] ★ 진행: processed=200 | pending=70 | active=1 | subdivide=0 | 식당=233 | 속도=1.1/분 | ETA 64.1분
2026-08-25 20:40:55,571 [INFO] ★ 진행: processed=200 | pending=70 | active=1 | subdivide=0 | 식당=233 | 속도=1.1/분 | ETA 64.2분
2026-08-25 20:40:58,518 [WARNING] [W0] VPN rotate 타임아웃
2026-08-25 20:40:58,595 [INFO] [W0] 20포인트 정기 rotate
2026-08-25 20:40:58,596 [INFO] [W0] VPN rotate 요청 (old=fr1280.nordvpn.com (187.13.199.151:443))
2026-08-25 20:41:05,574 [INFO] ★ 진행: processed=200 | pending=70 | active=1 | subdivide=0 | 식당=233 | 속도=1.1/분 | ETA 64.3분
2026-08-25 20:41:15,575 [INFO] ★ 진행: processed=200 | pending=70 | active=1 | subdivide=0 | 식당=233 | 속도=1.1/분 | ETA 64.3분
2026-08-25 20:41:25,576 [INFO] ★ 진행: processed=200 | pending=70 | active=1 | subdivide=0 | 식당=233 | 속도=1.1/분 | ETA 64.4분
2026-08-25 20:41:35,577 [INFO] ★ 진행: processed=200 | pending=70 | active=1 | subdivide=0 | 식당=233 | 속도=1.1/분 | ETA 64.4분
2026-08-25 20:41:44,613 [WARNING] [W0] VPN rotate 타임아웃
2026-08-25 20:41:45,580 [INFO] ★ 진행: processed=200 | pending=70 | active=1 | subdivide=0 | 식당=233 | 속도=1.1/분 | ETA 64.5분
2026-08-25 20:41:46,763 [WARNING] [W0] SOCKS dead → 즉시 rotate: Page.goto: net::ERR_SOCKS_CONNECTION_FAILED at https://www.google.com/maps/searc
2026-08-25 20:41:46,765 [INFO] [W0] VPN rotate 요청 (old=fr1280.nordvpn.com (187.13.199.151:443))
2026-08-25 20:41:55,581 [INFO] ★ 진행: processed=200 | pending=70 | active=1 | subdivide=0 | 식당=233 | 속도=1.1/분 | ETA 64.5분
2026-08-25 20:42:05,593 [INFO] ★ 진행: processed=200 | pending=70 | active=1 | subdivide=0 | 식당=233 | 속도=1.1/분 | ETA 64.6분
2026-08-25 20:42:15,593 [INFO] ★ 진행: processed=200 | pending=70 | active=1 | subdivide=0 | 식당=233 | 속도=1.1/분 | ETA 64.7분
2026-08-25 20:42:25,594 [INFO] ★ 진행: processed=200 | pending=70 | active=1 | subdivide=0 | 식당=233 | 속도=1.1/분 | ETA 64.7분
2026-08-25 20:42:32,782 [WARNING] [W0] VPN rotate 타임아웃
2026-08-25 20:42:32,859 [INFO] [W0] 20포인트 정기 rotate
2026-08-25 20:42:32,860 [INFO] [W0] VPN rotate 요청 (old=fr902.nordvpn.com (185.61.156.20:443))
2026-08-25 20:42:35,596 [INFO] ★ 진행: processed=200 | pending=70 | active=1 | subdivide=0 | 식당=233 | 속도=1.1/분 | ETA 64.8분
2026-08-25 20:42:45,597 [INFO] ★ 진행: processed=200 | pending=70 | active=1 | subdivide=0 | 식당=233 | 속도=1.1/분 | ETA 64.8분
2026-08-25 20:42:55,599 [INFO] ★ 진행: processed=200 | pending=70 | active=1 | subdivide=0 | 식당=233 | 속도=1.1/분 | ETA 64.9분
2026-08-25 20:43:05,600 [INFO] ★ 진행: processed=200 | pending=70 | active=1 | subdivide=0 | 식당=233 | 속도=1.1/분 | ETA 65.0분
2026-08-25 20:43:15,600 [INFO] ★ 진행: processed=200 | pending=70 | active=1 | subdivide=0 | 식당=233 | 속도=1.1/분 | ETA 65.0분
2026-08-25 20:43:18,876 [WARNING] [W0] VPN rotate 타임아웃
2026-08-25 20:43:25,601 [INFO] ★ 진행: processed=200 | pending=70 | active=1 | subdivide=0 | 식당=233 | 속도=1.1/분 | ETA 65.1분
2026-08-25 20:43:26,075 [WARNING] [W0] SOCKS dead → 즉시 rotate: Page.goto: net::ERR_SOCKS_CONNECTION_FAILED at https://www.google.com/maps/searc
2026-08-25 20:43:26,077 [INFO] [W0] VPN rotate 요청 (old=fr902.nordvpn.com (185.61.156.20:443))
2026-08-25 20:43:35,603 [INFO] ★ 진행: processed=200 | pending=70 | active=1 | subdivide=0 | 식당=233 | 속도=1.1/분 | ETA 65.1분
2026-08-25 20:43:45,606 [INFO] ★ 진행: processed=200 | pending=70 | active=1 | subdivide=0 | 식당=233 | 속도=1.1/분 | ETA 65.2분
2026-08-25 20:43:55,619 [INFO] ★ 진행: processed=200 | pending=70 | active=1 | subdivide=0 | 식당=233 | 속도=1.1/분 | ETA 65.2분
2026-08-25 20:44:05,621 [INFO] ★ 진행: processed=200 | pending=70 | active=1 | subdivide=0 | 식당=233 | 속도=1.1/분 | ETA 65.3분
2026-08-25 20:44:12,107 [WARNING] [W0] VPN rotate 타임아웃
2026-08-25 20:44:12,165 [INFO] [W0] 20포인트 정기 rotate
2026-08-25 20:44:12,166 [INFO] [W0] VPN rotate 요청 (old=nl1216.nordvpn.com (186.247.78.206:443))
2026-08-25 20:44:15,623 [INFO] ★ 진행: processed=200 | pending=70 | active=1 | subdivide=0 | 식당=233 | 속도=1.1/분 | ETA 65.4분
2026-08-25 20:44:25,625 [INFO] ★ 진행: processed=200 | pending=70 | active=1 | subdivide=0 | 식당=233 | 속도=1.1/분 | ETA 65.4분
2026-08-25 20:44:35,664 [INFO] ★ 진행: processed=200 | pending=70 | active=1 | subdivide=0 | 식당=233 | 속도=1.1/분 | ETA 65.5분
2026-08-25 20:44:45,666 [INFO] ★ 진행: processed=200 | pending=70 | active=1 | subdivide=0 | 식당=233 | 속도=1.1/분 | ETA 65.5분
2026-08-25 20:44:55,667 [INFO] ★ 진행: processed=200 | pending=70 | active=1 | subdivide=0 | 식당=233 | 속도=1.1/분 | ETA 65.6분
2026-08-25 20:44:58,183 [WARNING] [W0] VPN rotate 타임아웃
2026-08-25 20:45:00,324 [WARNING] [W0] SOCKS dead → 즉시 rotate: Page.goto: net::ERR_PROXY_CONNECTION_FAILED at https://www.google.com/maps/searc
2026-08-25 20:45:00,333 [INFO] [W0] VPN rotate 요청 (old=nl1216.nordvpn.com (186.247.78.206:443))
2026-08-25 20:45:05,668 [INFO] ★ 진행: processed=200 | pending=70 | active=1 | subdivide=0 | 식당=233 | 속도=1.1/분 | ETA 65.7분
2026-08-25 20:45:15,670 [INFO] ★ 진행: processed=200 | pending=70 | active=1 | subdivide=0 | 식당=233 | 속도=1.1/분 | ETA 65.7분
2026-08-25 20:45:25,671 [INFO] ★ 진행: processed=200 | pending=70 | active=1 | subdivide=0 | 식당=233 | 속도=1.1/분 | ETA 65.8분
2026-08-25 20:45:35,673 [INFO] ★ 진행: processed=200 | pending=70 | active=1 | subdivide=0 | 식당=233 | 속도=1.1/분 | ETA 65.8분
2026-08-25 20:45:45,675 [INFO] ★ 진행: processed=200 | pending=70 | active=1 | subdivide=0 | 식당=233 | 속도=1.1/분 | ETA 65.9분
2026-08-25 20:45:46,358 [WARNING] [W0] VPN rotate 타임아웃
2026-08-25 20:45:46,415 [INFO] [W0] 20포인트 정기 rotate
2026-08-25 20:45:46,418 [INFO] [W0] VPN rotate 요청 (old=nl1216.nordvpn.com (186.247.78.206:443))
2026-08-25 20:45:55,677 [INFO] ★ 진행: processed=200 | pending=70 | active=1 | subdivide=0 | 식당=233 | 속도=1.1/분 | ETA 65.9분
2026-08-25 20:46:05,690 [INFO] ★ 진행: processed=200 | pending=70 | active=1 | subdivide=0 | 식당=233 | 속도=1.1/분 | ETA 66.0분
2026-08-25 20:46:15,691 [INFO] ★ 진행: processed=200 | pending=70 | active=1 | subdivide=0 | 식당=233 | 속도=1.1/분 | ETA 66.1분
2026-08-25 20:46:20,479 [INFO] [W0] VPN rotated → tw223.nordvpn.com (187.15.122.120:443)
2026-08-25 20:46:25,693 [INFO] ★ 진행: processed=200 | pending=70 | active=1 | subdivide=0 | 식당=233 | 속도=1.1/분 | ETA 66.1분
2026-08-25 20:46:30,037 [WARNING] [W0] SOCKS dead → 즉시 rotate: Page.goto: net::ERR_CONNECTION_CLOSED at https://www.google.com/maps/search/%E0%
2026-08-25 20:46:30,039 [INFO] [W0] VPN rotate 요청 (old=tw223.nordvpn.com (187.15.122.120:443))
2026-08-25 20:46:35,695 [INFO] ★ 진행: processed=200 | pending=70 | active=1 | subdivide=0 | 식당=233 | 속도=1.1/분 | ETA 66.2분
2026-08-25 20:46:45,696 [INFO] ★ 진행: processed=200 | pending=70 | active=1 | subdivide=0 | 식당=233 | 속도=1.1/분 | ETA 66.2분
2026-08-25 20:46:55,697 [INFO] ★ 진행: processed=200 | pending=70 | active=1 | subdivide=0 | 식당=233 | 속도=1.1/분 | ETA 66.3분
2026-08-25 20:47:05,698 [INFO] ★ 진행: processed=200 | pending=70 | active=1 | subdivide=0 | 식당=233 | 속도=1.1/분 | ETA 66.4분
2026-08-25 20:47:15,701 [INFO] ★ 진행: processed=200 | pending=70 | active=1 | subdivide=0 | 식당=233 | 속도=1.1/분 | ETA 66.4분
2026-08-25 20:47:16,077 [WARNING] [W0] VPN rotate 타임아웃
2026-08-25 20:47:16,131 [INFO] [W0] 20포인트 정기 rotate
2026-08-25 20:47:16,132 [INFO] [W0] VPN rotate 요청 (old=tw223.nordvpn.com (187.15.122.120:443))
2026-08-25 20:47:25,702 [INFO] ★ 진행: processed=200 | pending=70 | active=1 | subdivide=0 | 식당=233 | 속도=1.1/분 | ETA 66.5분
2026-08-25 20:47:35,704 [INFO] ★ 진행: processed=200 | pending=70 | active=1 | subdivide=0 | 식당=233 | 속도=1.1/분 | ETA 66.5분
2026-08-25 20:47:45,722 [INFO] ★ 진행: processed=200 | pending=70 | active=1 | subdivide=0 | 식당=233 | 속도=1.1/분 | ETA 66.6분
2026-08-25 20:47:55,724 [INFO] ★ 진행: processed=200 | pending=70 | active=1 | subdivide=0 | 식당=233 | 속도=1.1/분 | ETA 66.6분
2026-08-25 20:48:02,147 [WARNING] [W0] VPN rotate 타임아웃
2026-08-25 20:48:05,255 [WARNING] [W0] SOCKS dead → 즉시 rotate: Page.goto: net::ERR_SOCKS_CONNECTION_FAILED at https://www.google.com/maps/searc
2026-08-25 20:48:05,256 [INFO] [W0] VPN rotate 요청 (old=tw223.nordvpn.com (187.15.122.120:443))
2026-08-25 20:48:05,726 [INFO] ★ 진행: processed=200 | pending=70 | active=1 | subdivide=0 | 식당=233 | 속도=1.0/분 | ETA 66.7분
2026-08-25 20:48:15,727 [INFO] ★ 진행: processed=200 | pending=70 | active=1 | subdivide=0 | 식당=233 | 속도=1.0/분 | ETA 66.8분
2026-08-25 20:48:25,728 [INFO] ★ 진행: processed=200 | pending=70 | active=1 | subdivide=0 | 식당=233 | 속도=1.0/분 | ETA 66.8분
2026-08-25 20:48:35,731 [INFO] ★ 진행: processed=200 | pending=70 | active=1 | subdivide=0 | 식당=233 | 속도=1.0/분 | ETA 66.9분
2026-08-25 20:48:45,732 [INFO] ★ 진행: processed=200 | pending=70 | active=1 | subdivide=0 | 식당=233 | 속도=1.0/분 | ETA 66.9분
2026-08-25 20:48:51,294 [WARNING] [W0] VPN rotate 타임아웃
2026-08-25 20:48:51,356 [INFO] [W0] 20포인트 정기 rotate
2026-08-25 20:48:51,357 [INFO] [W0] VPN rotate 요청 (old=tw223.nordvpn.com (187.15.122.120:443))
2026-08-25 20:48:55,734 [INFO] ★ 진행: processed=200 | pending=70 | active=1 | subdivide=0 | 식당=233 | 속도=1.0/분 | ETA 67.0분
2026-08-25 20:49:05,736 [INFO] ★ 진행: processed=200 | pending=70 | active=1 | subdivide=0 | 식당=233 | 속도=1.0/분 | ETA 67.1분
2026-08-25 20:49:15,737 [INFO] ★ 진행: processed=200 | pending=70 | active=1 | subdivide=0 | 식당=233 | 속도=1.0/분 | ETA 67.1분
2026-08-25 20:49:25,738 [INFO] ★ 진행: processed=200 | pending=70 | active=1 | subdivide=0 | 식당=233 | 속도=1.0/분 | ETA 67.2분
2026-08-25 20:49:35,740 [INFO] ★ 진행: processed=200 | pending=70 | active=1 | subdivide=0 | 식당=233 | 속도=1.0/분 | ETA 67.2분
2026-08-25 20:49:37,395 [WARNING] [W0] VPN rotate 타임아웃
2026-08-25 20:49:38,590 [WARNING] [W0] SOCKS dead → 즉시 rotate: Page.goto: net::ERR_CONNECTION_RESET at https://www.google.com/maps/search/%E0%B
2026-08-25 20:49:38,592 [INFO] [W0] VPN rotate 요청 (old=tw223.nordvpn.com (187.15.122.120:443))
2026-08-25 20:49:45,741 [INFO] ★ 진행: processed=200 | pending=70 | active=1 | subdivide=0 | 식당=233 | 속도=1.0/분 | ETA 67.3분
2026-08-25 20:49:55,742 [INFO] ★ 진행: processed=200 | pending=70 | active=1 | subdivide=0 | 식당=233 | 속도=1.0/분 | ETA 67.3분
2026-08-25 20:50:05,743 [INFO] ★ 진행: processed=200 | pending=70 | active=1 | subdivide=0 | 식당=233 | 속도=1.0/분 | ETA 67.4분
2026-08-25 20:50:15,744 [INFO] ★ 진행: processed=200 | pending=70 | active=1 | subdivide=0 | 식당=233 | 속도=1.0/분 | ETA 67.5분
2026-08-25 20:50:24,645 [WARNING] [W0] VPN rotate 타임아웃
2026-08-25 20:50:24,701 [INFO] [W0] 20포인트 정기 rotate
2026-08-25 20:50:24,702 [INFO] [W0] VPN rotate 요청 (old=nl1228.nordvpn.com (186.247.78.55:443))
2026-08-25 20:50:25,745 [INFO] ★ 진행: processed=200 | pending=70 | active=1 | subdivide=0 | 식당=233 | 속도=1.0/분 | ETA 67.5분
2026-08-25 20:50:35,746 [INFO] ★ 진행: processed=200 | pending=70 | active=1 | subdivide=0 | 식당=233 | 속도=1.0/분 | ETA 67.6분
2026-08-25 20:50:45,747 [INFO] ★ 진행: processed=200 | pending=70 | active=1 | subdivide=0 | 식당=233 | 속도=1.0/분 | ETA 67.6분
2026-08-25 20:50:55,748 [INFO] ★ 진행: processed=200 | pending=70 | active=1 | subdivide=0 | 식당=233 | 속도=1.0/분 | ETA 67.7분
2026-08-25 20:51:05,749 [INFO] ★ 진행: processed=200 | pending=70 | active=1 | subdivide=0 | 식당=233 | 속도=1.0/분 | ETA 67.8분
2026-08-25 20:51:10,737 [WARNING] [W0] VPN rotate 타임아웃
2026-08-25 20:51:12,901 [WARNING] [W0] SOCKS dead → 즉시 rotate: Page.goto: net::ERR_PROXY_CONNECTION_FAILED at https://www.google.com/maps/searc
2026-08-25 20:51:12,903 [INFO] [W0] VPN rotate 요청 (old=nl1228.nordvpn.com (186.247.78.55:443))
2026-08-25 20:51:15,753 [INFO] ★ 진행: processed=200 | pending=70 | active=1 | subdivide=0 | 식당=233 | 속도=1.0/분 | ETA 67.8분
2026-08-25 20:51:25,754 [INFO] ★ 진행: processed=200 | pending=70 | active=1 | subdivide=0 | 식당=233 | 속도=1.0/분 | ETA 67.9분
2026-08-25 20:51:35,755 [INFO] ★ 진행: processed=200 | pending=70 | active=1 | subdivide=0 | 식당=233 | 속도=1.0/분 | ETA 67.9분
2026-08-25 20:51:45,756 [INFO] ★ 진행: processed=200 | pending=70 | active=1 | subdivide=0 | 식당=233 | 속도=1.0/분 | ETA 68.0분
2026-08-25 20:51:55,757 [INFO] ★ 진행: processed=200 | pending=70 | active=1 | subdivide=0 | 식당=233 | 속도=1.0/분 | ETA 68.0분
2026-08-25 20:51:58,943 [WARNING] [W0] VPN rotate 타임아웃
2026-08-25 20:51:58,997 [INFO] [W0] 20포인트 정기 rotate
2026-08-25 20:51:58,998 [INFO] [W0] VPN rotate 요청 (old=nl1037.nordvpn.com (169.150.218.119:443))
2026-08-25 20:52:05,758 [INFO] ★ 진행: processed=200 | pending=70 | active=1 | subdivide=0 | 식당=233 | 속도=1.0/분 | ETA 68.1분
2026-08-25 20:52:15,759 [INFO] ★ 진행: processed=200 | pending=70 | active=1 | subdivide=0 | 식당=233 | 속도=1.0/분 | ETA 68.2분
2026-08-25 20:52:25,761 [INFO] ★ 진행: processed=200 | pending=70 | active=1 | subdivide=0 | 식당=233 | 속도=1.0/분 | ETA 68.2분
2026-08-25 20:52:35,764 [INFO] ★ 진행: processed=200 | pending=70 | active=1 | subdivide=0 | 식당=233 | 속도=1.0/분 | ETA 68.3분
2026-08-25 20:52:45,037 [WARNING] [W0] VPN rotate 타임아웃
2026-08-25 20:52:45,766 [INFO] ★ 진행: processed=200 | pending=70 | active=1 | subdivide=0 | 식당=233 | 속도=1.0/분 | ETA 68.3분
2026-08-25 20:52:47,188 [WARNING] [W0] SOCKS dead → 즉시 rotate: Page.goto: net::ERR_PROXY_CONNECTION_FAILED at https://www.google.com/maps/searc
2026-08-25 20:52:47,190 [INFO] [W0] VPN rotate 요청 (old=nl1037.nordvpn.com (169.150.218.119:443))
2026-08-25 20:52:55,777 [INFO] ★ 진행: processed=200 | pending=70 | active=1 | subdivide=0 | 식당=233 | 속도=1.0/분 | ETA 68.4분
2026-08-25 20:53:05,778 [INFO] ★ 진행: processed=200 | pending=70 | active=1 | subdivide=0 | 식당=233 | 속도=1.0/분 | ETA 68.5분
2026-08-25 20:53:15,781 [INFO] ★ 진행: processed=200 | pending=70 | active=1 | subdivide=0 | 식당=233 | 속도=1.0/분 | ETA 68.5분
2026-08-25 20:53:17,537 [INFO] [W0] VPN rotated → fr1210.nordvpn.com (187.14.106.63:443)
2026-08-25 20:53:17,597 [INFO] [W0] 20포인트 정기 rotate
2026-08-25 20:53:17,613 [INFO] [W0] VPN rotate 요청 (old=fr1210.nordvpn.com (187.14.106.63:443))
2026-08-25 20:53:25,782 [INFO] ★ 진행: processed=200 | pending=70 | active=1 | subdivide=0 | 식당=233 | 속도=1.0/분 | ETA 68.6분
2026-08-25 20:53:35,782 [INFO] ★ 진행: processed=200 | pending=70 | active=1 | subdivide=0 | 식당=233 | 속도=1.0/분 | ETA 68.6분
2026-08-25 20:53:45,783 [INFO] ★ 진행: processed=200 | pending=70 | active=1 | subdivide=0 | 식당=233 | 속도=1.0/분 | ETA 68.7분
2026-08-25 20:53:55,784 [INFO] ★ 진행: processed=200 | pending=70 | active=1 | subdivide=0 | 식당=233 | 속도=1.0/분 | ETA 68.7분
2026-08-25 20:54:03,631 [WARNING] [W0] VPN rotate 타임아웃
2026-08-25 20:54:05,786 [INFO] ★ 진행: processed=200 | pending=70 | active=1 | subdivide=0 | 식당=233 | 속도=1.0/분 | ETA 68.8분
2026-08-25 20:54:11,358 [WARNING] [W0] SOCKS dead → 즉시 rotate: Page.goto: net::ERR_SOCKS_CONNECTION_FAILED at https://www.google.com/maps/searc
2026-08-25 20:54:11,359 [INFO] [W0] VPN rotate 요청 (old=fr1210.nordvpn.com (187.14.106.63:443))
2026-08-25 20:54:15,789 [INFO] ★ 진행: processed=200 | pending=70 | active=1 | subdivide=0 | 식당=233 | 속도=1.0/분 | ETA 68.9분
2026-08-25 20:54:25,790 [INFO] ★ 진행: processed=200 | pending=70 | active=1 | subdivide=0 | 식당=233 | 속도=1.0/분 | ETA 68.9분
2026-08-25 20:54:35,791 [INFO] ★ 진행: processed=200 | pending=70 | active=1 | subdivide=0 | 식당=233 | 속도=1.0/분 | ETA 69.0분
2026-08-25 20:54:45,794 [INFO] ★ 진행: processed=200 | pending=70 | active=1 | subdivide=0 | 식당=233 | 속도=1.0/분 | ETA 69.0분
2026-08-25 20:54:55,797 [INFO] ★ 진행: processed=200 | pending=70 | active=1 | subdivide=0 | 식당=233 | 속도=1.0/분 | ETA 69.1분
2026-08-25 20:54:57,398 [WARNING] [W0] VPN rotate 타임아웃
2026-08-25 20:54:57,457 [INFO] [W0] 20포인트 정기 rotate
2026-08-25 20:54:57,458 [INFO] [W0] VPN rotate 요청 (old=fr1210.nordvpn.com (187.14.106.63:443))
2026-08-25 20:55:05,798 [INFO] ★ 진행: processed=200 | pending=70 | active=1 | subdivide=0 | 식당=233 | 속도=1.0/분 | ETA 69.2분
2026-08-25 20:55:15,798 [INFO] ★ 진행: processed=200 | pending=70 | active=1 | subdivide=0 | 식당=233 | 속도=1.0/분 | ETA 69.2분
2026-08-25 20:55:25,801 [INFO] ★ 진행: processed=200 | pending=70 | active=1 | subdivide=0 | 식당=233 | 속도=1.0/분 | ETA 69.3분
2026-08-25 20:55:35,802 [INFO] ★ 진행: processed=200 | pending=70 | active=1 | subdivide=0 | 식당=233 | 속도=1.0/분 | ETA 69.3분
2026-08-25 20:55:43,494 [WARNING] [W0] VPN rotate 타임아웃
2026-08-25 20:55:44,389 [WARNING] [W0] SOCKS dead → 즉시 rotate: Page.goto: net::ERR_SOCKS_CONNECTION_FAILED at https://www.google.com/maps/searc
2026-08-25 20:55:44,391 [INFO] [W0] VPN rotate 요청 (old=fr1210.nordvpn.com (187.14.106.63:443))
2026-08-25 20:55:45,803 [INFO] ★ 진행: processed=200 | pending=70 | active=1 | subdivide=0 | 식당=233 | 속도=1.0/분 | ETA 69.4분
2026-08-25 20:55:55,803 [INFO] ★ 진행: processed=200 | pending=70 | active=1 | subdivide=0 | 식당=233 | 속도=1.0/분 | ETA 69.4분
2026-08-25 20:56:05,804 [INFO] ★ 진행: processed=200 | pending=70 | active=1 | subdivide=0 | 식당=233 | 속도=1.0/분 | ETA 69.5분
2026-08-25 20:56:15,819 [INFO] ★ 진행: processed=200 | pending=70 | active=1 | subdivide=0 | 식당=233 | 속도=1.0/분 | ETA 69.6분
2026-08-25 20:56:25,820 [INFO] ★ 진행: processed=200 | pending=70 | active=1 | subdivide=0 | 식당=233 | 속도=1.0/분 | ETA 69.6분
2026-08-25 20:56:30,428 [WARNING] [W0] VPN rotate 타임아웃
2026-08-25 20:56:30,479 [INFO] [W0] 20포인트 정기 rotate
2026-08-25 20:56:30,480 [INFO] [W0] VPN rotate 요청 (old=de1358.nordvpn.com (149.88.102.215:443))
2026-08-25 20:56:35,820 [INFO] ★ 진행: processed=200 | pending=70 | active=1 | subdivide=0 | 식당=233 | 속도=1.0/분 | ETA 69.7분
2026-08-25 20:56:45,821 [INFO] ★ 진행: processed=200 | pending=70 | active=1 | subdivide=0 | 식당=233 | 속도=1.0/분 | ETA 69.7분
2026-08-25 20:56:55,822 [INFO] ★ 진행: processed=200 | pending=70 | active=1 | subdivide=0 | 식당=233 | 속도=1.0/분 | ETA 69.8분
2026-08-25 20:57:05,823 [INFO] ★ 진행: processed=200 | pending=70 | active=1 | subdivide=0 | 식당=233 | 속도=1.0/분 | ETA 69.9분
2026-08-25 20:57:15,824 [INFO] ★ 진행: processed=200 | pending=70 | active=1 | subdivide=0 | 식당=233 | 속도=1.0/분 | ETA 69.9분
2026-08-25 20:57:16,515 [WARNING] [W0] VPN rotate 타임아웃
2026-08-25 20:57:16,627 [WARNING] [W0] SOCKS dead → 즉시 rotate: Page.goto: net::ERR_SOCKS_CONNECTION_FAILED at https://www.google.com/maps/searc
2026-08-25 20:57:16,629 [INFO] [W0] VPN rotate 요청 (old=de1358.nordvpn.com (149.88.102.215:443))
2026-08-25 20:57:25,825 [INFO] ★ 진행: processed=200 | pending=70 | active=1 | subdivide=0 | 식당=233 | 속도=1.0/분 | ETA 70.0분
2026-08-25 20:57:35,825 [INFO] ★ 진행: processed=200 | pending=70 | active=1 | subdivide=0 | 식당=233 | 속도=1.0/분 | ETA 70.0분
2026-08-25 20:57:45,827 [INFO] ★ 진행: processed=200 | pending=70 | active=1 | subdivide=0 | 식당=233 | 속도=1.0/분 | ETA 70.1분
2026-08-25 20:57:55,827 [INFO] ★ 진행: processed=200 | pending=70 | active=1 | subdivide=0 | 식당=233 | 속도=1.0/분 | ETA 70.2분
2026-08-25 20:58:02,645 [WARNING] [W0] VPN rotate 타임아웃
2026-08-25 20:58:02,703 [INFO] [W0] 20포인트 정기 rotate
2026-08-25 20:58:02,705 [INFO] [W0] VPN rotate 요청 (old=de1358.nordvpn.com (149.88.102.215:443))
2026-08-25 20:58:05,828 [INFO] ★ 진행: processed=200 | pending=70 | active=1 | subdivide=0 | 식당=233 | 속도=1.0/분 | ETA 70.2분
2026-08-25 20:58:15,830 [INFO] ★ 진행: processed=200 | pending=70 | active=1 | subdivide=0 | 식당=233 | 속도=1.0/분 | ETA 70.3분
2026-08-25 20:58:25,830 [INFO] ★ 진행: processed=200 | pending=70 | active=1 | subdivide=0 | 식당=233 | 속도=1.0/분 | ETA 70.3분
2026-08-25 20:58:35,832 [INFO] ★ 진행: processed=200 | pending=70 | active=1 | subdivide=0 | 식당=233 | 속도=1.0/분 | ETA 70.4분
2026-08-25 20:58:45,833 [INFO] ★ 진행: processed=200 | pending=70 | active=1 | subdivide=0 | 식당=233 | 속도=1.0/분 | ETA 70.4분
2026-08-25 20:58:48,741 [WARNING] [W0] VPN rotate 타임아웃
2026-08-25 20:58:50,880 [WARNING] [W0] SOCKS dead → 즉시 rotate: Page.goto: net::ERR_PROXY_CONNECTION_FAILED at https://www.google.com/maps/searc
2026-08-25 20:58:50,882 [INFO] [W0] VPN rotate 요청 (old=nl1067.nordvpn.com (64.238.204.22:443))
2026-08-25 20:58:55,834 [INFO] ★ 진행: processed=200 | pending=70 | active=1 | subdivide=0 | 식당=233 | 속도=1.0/분 | ETA 70.5분
2026-08-25 20:59:05,834 [INFO] ★ 진행: processed=200 | pending=70 | active=1 | subdivide=0 | 식당=233 | 속도=1.0/분 | ETA 70.6분
2026-08-25 20:59:15,835 [INFO] ★ 진행: processed=200 | pending=70 | active=1 | subdivide=0 | 식당=233 | 속도=1.0/분 | ETA 70.6분
2026-08-25 20:59:25,836 [INFO] ★ 진행: processed=200 | pending=70 | active=1 | subdivide=0 | 식당=233 | 속도=1.0/분 | ETA 70.7분
2026-08-25 20:59:32,922 [INFO] [W0] VPN rotated → de1167.nordvpn.com (194.88.99.110:443)
2026-08-25 20:59:32,976 [INFO] [W0] 20포인트 정기 rotate
2026-08-25 20:59:32,977 [INFO] [W0] VPN rotate 요청 (old=de1167.nordvpn.com (194.88.99.110:443))
2026-08-25 20:59:35,836 [INFO] ★ 진행: processed=200 | pending=70 | active=1 | subdivide=0 | 식당=233 | 속도=1.0/분 | ETA 70.7분
2026-08-25 20:59:45,837 [INFO] ★ 진행: processed=200 | pending=70 | active=1 | subdivide=0 | 식당=233 | 속도=1.0/분 | ETA 70.8분
2026-08-25 20:59:55,838 [INFO] ★ 진행: processed=200 | pending=70 | active=1 | subdivide=0 | 식당=233 | 속도=1.0/분 | ETA 70.9분
2026-08-25 21:00:05,838 [INFO] ★ 진행: processed=200 | pending=70 | active=1 | subdivide=0 | 식당=233 | 속도=1.0/분 | ETA 70.9분
2026-08-25 21:00:15,839 [INFO] ★ 진행: processed=200 | pending=70 | active=1 | subdivide=0 | 식당=233 | 속도=1.0/분 | ETA 71.0분
2026-08-25 21:00:18,994 [WARNING] [W0] VPN rotate 타임아웃
2026-08-25 21:00:25,840 [INFO] ★ 진행: processed=200 | pending=70 | active=1 | subdivide=0 | 식당=233 | 속도=1.0/분 | ETA 71.0분
2026-08-25 21:00:28,945 [WARNING] [W0] SOCKS dead → 즉시 rotate: Page.goto: net::ERR_SOCKS_CONNECTION_FAILED at https://www.google.com/maps/searc
2026-08-25 21:00:28,952 [INFO] [W0] VPN rotate 요청 (old=de1167.nordvpn.com (194.88.99.110:443))
2026-08-25 21:00:35,841 [INFO] ★ 진행: processed=200 | pending=70 | active=1 | subdivide=0 | 식당=233 | 속도=1.0/분 | ETA 71.1분
2026-08-25 21:00:45,842 [INFO] ★ 진행: processed=200 | pending=70 | active=1 | subdivide=0 | 식당=233 | 속도=1.0/분 | ETA 71.1분
2026-08-25 21:00:55,843 [INFO] ★ 진행: processed=200 | pending=70 | active=1 | subdivide=0 | 식당=233 | 속도=1.0/분 | ETA 71.2분
2026-08-25 21:01:05,843 [INFO] ★ 진행: processed=200 | pending=70 | active=1 | subdivide=0 | 식당=233 | 속도=1.0/분 | ETA 71.3분
2026-08-25 21:01:14,971 [WARNING] [W0] VPN rotate 타임아웃
2026-08-25 21:01:15,021 [INFO] [W0] 20포인트 정기 rotate
2026-08-25 21:01:15,022 [INFO] [W0] VPN rotate 요청 (old=de1167.nordvpn.com (194.88.99.110:443))
2026-08-25 21:01:15,844 [INFO] ★ 진행: processed=200 | pending=70 | active=1 | subdivide=0 | 식당=233 | 속도=1.0/분 | ETA 71.3분
2026-08-25 21:01:25,846 [INFO] ★ 진행: processed=200 | pending=70 | active=1 | subdivide=0 | 식당=233 | 속도=1.0/분 | ETA 71.4분
2026-08-25 21:01:35,847 [INFO] ★ 진행: processed=200 | pending=70 | active=1 | subdivide=0 | 식당=233 | 속도=1.0/분 | ETA 71.4분
2026-08-25 21:01:45,848 [INFO] ★ 진행: processed=200 | pending=70 | active=1 | subdivide=0 | 식당=233 | 속도=1.0/분 | ETA 71.5분
2026-08-25 21:01:55,848 [INFO] ★ 진행: processed=200 | pending=70 | active=1 | subdivide=0 | 식당=233 | 속도=1.0/분 | ETA 71.6분
2026-08-25 21:02:01,064 [WARNING] [W0] VPN rotate 타임아웃
2026-08-25 21:02:03,210 [WARNING] [W0] SOCKS dead → 즉시 rotate: Page.goto: net::ERR_PROXY_CONNECTION_FAILED at https://www.google.com/maps/searc
2026-08-25 21:02:03,211 [INFO] [W0] VPN rotate 요청 (old=kr165.nordvpn.com (84.233.167.201:443))
2026-08-25 21:02:05,849 [INFO] ★ 진행: processed=200 | pending=70 | active=1 | subdivide=0 | 식당=233 | 속도=1.0/분 | ETA 71.6분
2026-08-25 21:02:15,234 [INFO] [W0] VPN rotated → id77.nordvpn.com (187.40.232.107:443)
2026-08-25 21:02:15,287 [INFO] [W0] 20포인트 정기 rotate
2026-08-25 21:02:15,288 [INFO] [W0] VPN rotate 요청 (old=id77.nordvpn.com (187.40.232.107:443))
2026-08-25 21:02:15,850 [INFO] ★ 진행: processed=200 | pending=70 | active=1 | subdivide=0 | 식당=233 | 속도=1.0/분 | ETA 71.7분
2026-08-25 21:02:25,851 [INFO] ★ 진행: processed=200 | pending=70 | active=1 | subdivide=0 | 식당=233 | 속도=1.0/분 | ETA 71.7분
2026-08-25 21:02:35,852 [INFO] ★ 진행: processed=200 | pending=70 | active=1 | subdivide=0 | 식당=233 | 속도=1.0/분 | ETA 71.8분
2026-08-25 21:02:45,853 [INFO] ★ 진행: processed=200 | pending=70 | active=1 | subdivide=0 | 식당=233 | 속도=1.0/분 | ETA 71.8분
2026-08-25 21:02:55,855 [INFO] ★ 진행: processed=200 | pending=70 | active=1 | subdivide=0 | 식당=233 | 속도=1.0/분 | ETA 71.9분
2026-08-25 21:03:01,307 [WARNING] [W0] VPN rotate 타임아웃
2026-08-25 21:03:01,424 [WARNING] [W0] SOCKS dead → 즉시 rotate: Page.goto: net::ERR_SOCKS_CONNECTION_FAILED at https://www.google.com/maps/searc
2026-08-25 21:03:01,425 [INFO] [W0] VPN rotate 요청 (old=id77.nordvpn.com (187.40.232.107:443))
2026-08-25 21:03:05,856 [INFO] ★ 진행: processed=200 | pending=70 | active=1 | subdivide=0 | 식당=233 | 속도=1.0/분 | ETA 72.0분
2026-08-25 21:03:15,857 [INFO] ★ 진행: processed=200 | pending=70 | active=1 | subdivide=0 | 식당=233 | 속도=1.0/분 | ETA 72.0분
2026-08-25 21:03:25,858 [INFO] ★ 진행: processed=200 | pending=70 | active=1 | subdivide=0 | 식당=233 | 속도=1.0/분 | ETA 72.1분
2026-08-25 21:03:35,859 [INFO] ★ 진행: processed=200 | pending=70 | active=1 | subdivide=0 | 식당=233 | 속도=1.0/분 | ETA 72.1분
2026-08-25 21:03:45,860 [INFO] ★ 진행: processed=200 | pending=70 | active=1 | subdivide=0 | 식당=233 | 속도=1.0/분 | ETA 72.2분
2026-08-25 21:03:47,460 [WARNING] [W0] VPN rotate 타임아웃
2026-08-25 21:03:47,516 [INFO] [W0] 20포인트 정기 rotate
2026-08-25 21:03:47,517 [INFO] [W0] VPN rotate 요청 (old=fr1208.nordvpn.com (187.14.106.35:443))
2026-08-25 21:03:55,861 [INFO] ★ 진행: processed=200 | pending=70 | active=1 | subdivide=0 | 식당=233 | 속도=1.0/분 | ETA 72.3분
2026-08-25 21:04:05,862 [INFO] ★ 진행: processed=200 | pending=70 | active=1 | subdivide=0 | 식당=233 | 속도=1.0/분 | ETA 72.3분
2026-08-25 21:04:15,863 [INFO] ★ 진행: processed=200 | pending=70 | active=1 | subdivide=0 | 식당=233 | 속도=1.0/분 | ETA 72.4분
2026-08-25 21:04:25,864 [INFO] ★ 진행: processed=200 | pending=70 | active=1 | subdivide=0 | 식당=233 | 속도=1.0/분 | ETA 72.4분
2026-08-25 21:04:33,570 [WARNING] [W0] VPN rotate 타임아웃
2026-08-25 21:04:33,697 [WARNING] [W0] SOCKS dead → 즉시 rotate: Page.goto: net::ERR_SOCKS_CONNECTION_FAILED at https://www.google.com/maps/searc
2026-08-25 21:04:33,699 [INFO] [W0] VPN rotate 요청 (old=fr1208.nordvpn.com (187.14.106.35:443))
2026-08-25 21:04:35,865 [INFO] ★ 진행: processed=200 | pending=70 | active=1 | subdivide=0 | 식당=233 | 속도=1.0/분 | ETA 72.5분
2026-08-25 21:04:45,865 [INFO] ★ 진행: processed=200 | pending=70 | active=1 | subdivide=0 | 식당=233 | 속도=1.0/분 | ETA 72.5분
2026-08-25 21:04:55,867 [INFO] ★ 진행: processed=200 | pending=70 | active=1 | subdivide=0 | 식당=233 | 속도=1.0/분 | ETA 72.6분
2026-08-25 21:05:05,869 [INFO] ★ 진행: processed=200 | pending=70 | active=1 | subdivide=0 | 식당=233 | 속도=1.0/분 | ETA 72.7분
2026-08-25 21:05:15,912 [INFO] ★ 진행: processed=200 | pending=70 | active=1 | subdivide=0 | 식당=233 | 속도=1.0/분 | ETA 72.7분
2026-08-25 21:05:19,762 [WARNING] [W0] VPN rotate 타임아웃
2026-08-25 21:05:19,826 [INFO] [W0] 20포인트 정기 rotate
2026-08-25 21:05:19,827 [INFO] [W0] VPN rotate 요청 (old=fr1115.nordvpn.com (149.102.245.53:443))
2026-08-25 21:05:25,913 [INFO] ★ 진행: processed=200 | pending=70 | active=1 | subdivide=0 | 식당=233 | 속도=1.0/분 | ETA 72.8분
2026-08-25 21:05:35,914 [INFO] ★ 진행: processed=200 | pending=70 | active=1 | subdivide=0 | 식당=233 | 속도=1.0/분 | ETA 72.8분
2026-08-25 21:05:45,939 [INFO] ★ 진행: processed=200 | pending=70 | active=1 | subdivide=0 | 식당=233 | 속도=1.0/분 | ETA 72.9분
2026-08-25 21:05:55,958 [INFO] ★ 진행: processed=200 | pending=70 | active=1 | subdivide=0 | 식당=233 | 속도=1.0/분 | ETA 73.0분
2026-08-25 21:06:05,855 [WARNING] [W0] VPN rotate 타임아웃
2026-08-25 21:06:05,959 [INFO] ★ 진행: processed=200 | pending=70 | active=1 | subdivide=0 | 식당=233 | 속도=1.0/분 | ETA 73.0분
2026-08-25 21:06:08,036 [WARNING] [W0] SOCKS dead → 즉시 rotate: Page.goto: net::ERR_PROXY_CONNECTION_FAILED at https://www.google.com/maps/searc
2026-08-25 21:06:08,038 [INFO] [W0] VPN rotate 요청 (old=fr1115.nordvpn.com (149.102.245.53:443))
2026-08-25 21:06:15,961 [INFO] ★ 진행: processed=200 | pending=70 | active=1 | subdivide=0 | 식당=233 | 속도=1.0/분 | ETA 73.1분
2026-08-25 21:06:25,980 [INFO] ★ 진행: processed=200 | pending=70 | active=1 | subdivide=0 | 식당=233 | 속도=1.0/분 | ETA 73.1분
2026-08-25 21:06:35,983 [INFO] ★ 진행: processed=200 | pending=70 | active=1 | subdivide=0 | 식당=233 | 속도=1.0/분 | ETA 73.2분
2026-08-25 21:06:45,985 [INFO] ★ 진행: processed=200 | pending=70 | active=1 | subdivide=0 | 식당=233 | 속도=1.0/분 | ETA 73.2분
2026-08-25 21:06:54,067 [WARNING] [W0] VPN rotate 타임아웃
2026-08-25 21:06:54,133 [INFO] [W0] 20포인트 정기 rotate
2026-08-25 21:06:54,134 [INFO] [W0] VPN rotate 요청 (old=fr1115.nordvpn.com (149.102.245.53:443))
2026-08-25 21:06:55,988 [INFO] ★ 진행: processed=200 | pending=70 | active=1 | subdivide=0 | 식당=233 | 속도=1.0/분 | ETA 73.3분
2026-08-25 21:07:06,018 [INFO] ★ 진행: processed=200 | pending=70 | active=1 | subdivide=0 | 식당=233 | 속도=1.0/분 | ETA 73.4분
2026-08-25 21:07:16,020 [INFO] ★ 진행: processed=200 | pending=70 | active=1 | subdivide=0 | 식당=233 | 속도=1.0/분 | ETA 73.4분
2026-08-25 21:07:26,023 [INFO] ★ 진행: processed=200 | pending=70 | active=1 | subdivide=0 | 식당=233 | 속도=1.0/분 | ETA 73.5분
2026-08-25 21:07:36,034 [INFO] ★ 진행: processed=200 | pending=70 | active=1 | subdivide=0 | 식당=233 | 속도=1.0/분 | ETA 73.5분
2026-08-25 21:07:40,180 [WARNING] [W0] VPN rotate 타임아웃
2026-08-25 21:07:42,364 [WARNING] [W0] SOCKS dead → 즉시 rotate: Page.goto: net::ERR_PROXY_CONNECTION_FAILED at https://www.google.com/maps/searc
2026-08-25 21:07:42,366 [INFO] [W0] VPN rotate 요청 (old=fr1180.nordvpn.com (187.13.202.115:443))
2026-08-25 21:07:46,117 [INFO] ★ 진행: processed=200 | pending=70 | active=1 | subdivide=0 | 식당=233 | 속도=1.0/분 | ETA 73.6분
2026-08-25 21:07:56,133 [INFO] ★ 진행: processed=200 | pending=70 | active=1 | subdivide=0 | 식당=233 | 속도=1.0/분 | ETA 73.7분
2026-08-25 21:08:06,142 [INFO] ★ 진행: processed=200 | pending=70 | active=1 | subdivide=0 | 식당=233 | 속도=0.9/분 | ETA 73.7분
2026-08-25 21:08:16,232 [INFO] ★ 진행: processed=200 | pending=70 | active=1 | subdivide=0 | 식당=233 | 속도=0.9/분 | ETA 73.8분
2026-08-25 21:08:26,233 [INFO] ★ 진행: processed=200 | pending=70 | active=1 | subdivide=0 | 식당=233 | 속도=0.9/분 | ETA 73.8분
2026-08-25 21:08:28,395 [WARNING] [W0] VPN rotate 타임아웃
2026-08-25 21:08:28,452 [INFO] [W0] 20포인트 정기 rotate
2026-08-25 21:08:28,453 [INFO] [W0] VPN rotate 요청 (old=fr1180.nordvpn.com (187.13.202.115:443))
2026-08-25 21:08:36,310 [INFO] ★ 진행: processed=200 | pending=70 | active=1 | subdivide=0 | 식당=233 | 속도=0.9/분 | ETA 73.9분
2026-08-25 21:08:46,322 [INFO] ★ 진행: processed=200 | pending=70 | active=1 | subdivide=0 | 식당=233 | 속도=0.9/분 | ETA 73.9분
2026-08-25 21:08:56,324 [INFO] ★ 진행: processed=200 | pending=70 | active=1 | subdivide=0 | 식당=233 | 속도=0.9/분 | ETA 74.0분
2026-08-25 21:09:06,337 [INFO] ★ 진행: processed=200 | pending=70 | active=1 | subdivide=0 | 식당=233 | 속도=0.9/분 | ETA 74.1분
2026-08-25 21:09:14,477 [WARNING] [W0] VPN rotate 타임아웃
2026-08-25 21:09:16,377 [INFO] ★ 진행: processed=200 | pending=70 | active=1 | subdivide=0 | 식당=233 | 속도=0.9/분 | ETA 74.1분
2026-08-25 21:09:16,631 [WARNING] [W0] SOCKS dead → 즉시 rotate: Page.goto: net::ERR_PROXY_CONNECTION_FAILED at https://www.google.com/maps/searc
2026-08-25 21:09:16,633 [INFO] [W0] VPN rotate 요청 (old=fr1180.nordvpn.com (187.13.202.115:443))
2026-08-25 21:09:26,380 [INFO] ★ 진행: processed=200 | pending=70 | active=1 | subdivide=0 | 식당=233 | 속도=0.9/분 | ETA 74.2분
2026-08-25 21:09:36,413 [INFO] ★ 진행: processed=200 | pending=70 | active=1 | subdivide=0 | 식당=233 | 속도=0.9/분 | ETA 74.2분
2026-08-25 21:09:44,672 [INFO] [W0] VPN rotated → nl1070.nordvpn.com (64.238.204.28:443)
2026-08-25 21:09:44,725 [INFO] [W0] 20포인트 정기 rotate
2026-08-25 21:09:44,727 [INFO] [W0] VPN rotate 요청 (old=nl1070.nordvpn.com (64.238.204.28:443))
2026-08-25 21:09:46,468 [INFO] ★ 진행: processed=200 | pending=70 | active=1 | subdivide=0 | 식당=233 | 속도=0.9/분 | ETA 74.3분
2026-08-25 21:09:56,506 [INFO] ★ 진행: processed=200 | pending=70 | active=1 | subdivide=0 | 식당=233 | 속도=0.9/분 | ETA 74.4분
2026-08-25 21:10:06,592 [INFO] ★ 진행: processed=200 | pending=70 | active=1 | subdivide=0 | 식당=233 | 속도=0.9/분 | ETA 74.4분
2026-08-25 21:10:16,594 [INFO] ★ 진행: processed=200 | pending=70 | active=1 | subdivide=0 | 식당=233 | 속도=0.9/분 | ETA 74.5분
2026-08-25 21:10:26,661 [INFO] ★ 진행: processed=200 | pending=70 | active=1 | subdivide=0 | 식당=233 | 속도=0.9/분 | ETA 74.5분
2026-08-25 21:10:30,745 [WARNING] [W0] VPN rotate 타임아웃
2026-08-25 21:10:30,894 [WARNING] [W0] SOCKS dead → 즉시 rotate: Page.goto: net::ERR_SOCKS_CONNECTION_FAILED at https://www.google.com/maps/searc
2026-08-25 21:10:30,897 [INFO] [W0] VPN rotate 요청 (old=nl1070.nordvpn.com (64.238.204.28:443))
2026-08-25 21:10:36,662 [INFO] ★ 진행: processed=200 | pending=70 | active=1 | subdivide=0 | 식당=233 | 속도=0.9/분 | ETA 74.6분
2026-08-25 21:10:46,665 [INFO] ★ 진행: processed=200 | pending=70 | active=1 | subdivide=0 | 식당=233 | 속도=0.9/분 | ETA 74.6분
2026-08-25 21:10:56,674 [INFO] ★ 진행: processed=200 | pending=70 | active=1 | subdivide=0 | 식당=233 | 속도=0.9/분 | ETA 74.7분
2026-08-25 21:11:06,697 [INFO] ★ 진행: processed=200 | pending=70 | active=1 | subdivide=0 | 식당=233 | 속도=0.9/분 | ETA 74.8분
2026-08-25 21:11:16,698 [INFO] ★ 진행: processed=200 | pending=70 | active=1 | subdivide=0 | 식당=233 | 속도=0.9/분 | ETA 74.8분
2026-08-25 21:11:16,947 [WARNING] [W0] VPN rotate 타임아웃
2026-08-25 21:11:17,002 [INFO] [W0] 20포인트 정기 rotate
2026-08-25 21:11:17,002 [INFO] [W0] VPN rotate 요청 (old=nl819.nordvpn.com (178.239.173.235:443))
2026-08-25 21:11:26,730 [INFO] ★ 진행: processed=200 | pending=70 | active=1 | subdivide=0 | 식당=233 | 속도=0.9/분 | ETA 74.9분
2026-08-25 21:11:36,758 [INFO] ★ 진행: processed=200 | pending=70 | active=1 | subdivide=0 | 식당=233 | 속도=0.9/분 | ETA 74.9분
2026-08-25 21:11:46,777 [INFO] ★ 진행: processed=200 | pending=70 | active=1 | subdivide=0 | 식당=233 | 속도=0.9/분 | ETA 75.0분
2026-08-25 21:11:56,779 [INFO] ★ 진행: processed=200 | pending=70 | active=1 | subdivide=0 | 식당=233 | 속도=0.9/분 | ETA 75.1분
2026-08-25 21:12:03,025 [WARNING] [W0] VPN rotate 타임아웃
2026-08-25 21:12:05,182 [WARNING] [W0] SOCKS dead → 즉시 rotate: Page.goto: net::ERR_PROXY_CONNECTION_FAILED at https://www.google.com/maps/searc
2026-08-25 21:12:05,190 [INFO] [W0] VPN rotate 요청 (old=de1408.nordvpn.com (187.40.40.84:443))
2026-08-25 21:12:06,780 [INFO] ★ 진행: processed=200 | pending=70 | active=1 | subdivide=0 | 식당=233 | 속도=0.9/분 | ETA 75.1분
2026-08-25 21:12:16,780 [INFO] ★ 진행: processed=200 | pending=70 | active=1 | subdivide=0 | 식당=233 | 속도=0.9/분 | ETA 75.2분
2026-08-25 21:12:26,781 [INFO] ★ 진행: processed=200 | pending=70 | active=1 | subdivide=0 | 식당=233 | 속도=0.9/분 | ETA 75.2분
2026-08-25 21:12:36,782 [INFO] ★ 진행: processed=200 | pending=70 | active=1 | subdivide=0 | 식당=233 | 속도=0.9/분 | ETA 75.3분
2026-08-25 21:12:46,784 [INFO] ★ 진행: processed=200 | pending=70 | active=1 | subdivide=0 | 식당=233 | 속도=0.9/분 | ETA 75.3분
2026-08-25 21:12:51,210 [WARNING] [W0] VPN rotate 타임아웃
2026-08-25 21:12:51,265 [INFO] [W0] 20포인트 정기 rotate
2026-08-25 21:12:51,266 [INFO] [W0] VPN rotate 요청 (old=de1408.nordvpn.com (187.40.40.84:443))
2026-08-25 21:12:56,784 [INFO] ★ 진행: processed=200 | pending=70 | active=1 | subdivide=0 | 식당=233 | 속도=0.9/분 | ETA 75.4분
2026-08-25 21:13:06,786 [INFO] ★ 진행: processed=200 | pending=70 | active=1 | subdivide=0 | 식당=233 | 속도=0.9/분 | ETA 75.5분
2026-08-25 21:13:16,787 [INFO] ★ 진행: processed=200 | pending=70 | active=1 | subdivide=0 | 식당=233 | 속도=0.9/분 | ETA 75.5분
2026-08-25 21:13:26,787 [INFO] ★ 진행: processed=200 | pending=70 | active=1 | subdivide=0 | 식당=233 | 속도=0.9/분 | ETA 75.6분
2026-08-25 21:13:36,788 [INFO] ★ 진행: processed=200 | pending=70 | active=1 | subdivide=0 | 식당=233 | 속도=0.9/분 | ETA 75.6분
2026-08-25 21:13:37,287 [WARNING] [W0] VPN rotate 타임아웃
2026-08-25 21:13:39,740 [WARNING] [W0] SOCKS dead → 즉시 rotate: Page.goto: net::ERR_CONNECTION_RESET at https://www.google.com/maps/search/%E0%B
2026-08-25 21:13:39,741 [INFO] [W0] VPN rotate 요청 (old=de1408.nordvpn.com (187.40.40.84:443))
2026-08-25 21:13:46,789 [INFO] ★ 진행: processed=200 | pending=70 | active=1 | subdivide=0 | 식당=233 | 속도=0.9/분 | ETA 75.7분
2026-08-25 21:13:56,790 [INFO] ★ 진행: processed=200 | pending=70 | active=1 | subdivide=0 | 식당=233 | 속도=0.9/분 | ETA 75.8분
2026-08-25 21:14:06,791 [INFO] ★ 진행: processed=200 | pending=70 | active=1 | subdivide=0 | 식당=233 | 속도=0.9/분 | ETA 75.8분
2026-08-25 21:14:16,792 [INFO] ★ 진행: processed=200 | pending=70 | active=1 | subdivide=0 | 식당=233 | 속도=0.9/분 | ETA 75.9분
2026-08-25 21:14:25,757 [WARNING] [W0] VPN rotate 타임아웃
2026-08-25 21:14:25,811 [INFO] [W0] 20포인트 정기 rotate
2026-08-25 21:14:25,812 [INFO] [W0] VPN rotate 요청 (old=de1369.nordvpn.com (212.11.62.229:443))
2026-08-25 21:14:26,793 [INFO] ★ 진행: processed=200 | pending=70 | active=1 | subdivide=0 | 식당=233 | 속도=0.9/분 | ETA 75.9분
2026-08-25 21:14:36,794 [INFO] ★ 진행: processed=200 | pending=70 | active=1 | subdivide=0 | 식당=233 | 속도=0.9/분 | ETA 76.0분
2026-08-25 21:14:46,795 [INFO] ★ 진행: processed=200 | pending=70 | active=1 | subdivide=0 | 식당=233 | 속도=0.9/분 | ETA 76.0분
2026-08-25 21:14:56,795 [INFO] ★ 진행: processed=200 | pending=70 | active=1 | subdivide=0 | 식당=233 | 속도=0.9/분 | ETA 76.1분
2026-08-25 21:15:06,796 [INFO] ★ 진행: processed=200 | pending=70 | active=1 | subdivide=0 | 식당=233 | 속도=0.9/분 | ETA 76.2분
2026-08-25 21:15:11,831 [WARNING] [W0] VPN rotate 타임아웃
2026-08-25 21:15:14,001 [WARNING] [W0] SOCKS dead → 즉시 rotate: Page.goto: net::ERR_PROXY_CONNECTION_FAILED at https://www.google.com/maps/searc
2026-08-25 21:15:14,003 [INFO] [W0] VPN rotate 요청 (old=de1369.nordvpn.com (212.11.62.229:443))
2026-08-25 21:15:16,797 [INFO] ★ 진행: processed=200 | pending=70 | active=1 | subdivide=0 | 식당=233 | 속도=0.9/분 | ETA 76.2분
2026-08-25 21:15:26,798 [INFO] ★ 진행: processed=200 | pending=70 | active=1 | subdivide=0 | 식당=233 | 속도=0.9/분 | ETA 76.3분
2026-08-25 21:15:36,799 [INFO] ★ 진행: processed=200 | pending=70 | active=1 | subdivide=0 | 식당=233 | 속도=0.9/분 | ETA 76.3분
2026-08-25 21:15:46,800 [INFO] ★ 진행: processed=200 | pending=70 | active=1 | subdivide=0 | 식당=233 | 속도=0.9/분 | ETA 76.4분
2026-08-25 21:15:56,801 [INFO] ★ 진행: processed=200 | pending=70 | active=1 | subdivide=0 | 식당=233 | 속도=0.9/분 | ETA 76.5분
2026-08-25 21:16:00,021 [WARNING] [W0] VPN rotate 타임아웃
2026-08-25 21:16:00,073 [INFO] [W0] 20포인트 정기 rotate
2026-08-25 21:16:00,073 [INFO] [W0] VPN rotate 요청 (old=de1369.nordvpn.com (212.11.62.229:443))
2026-08-25 21:16:06,802 [INFO] ★ 진행: processed=200 | pending=70 | active=1 | subdivide=0 | 식당=233 | 속도=0.9/분 | ETA 76.5분
2026-08-25 21:16:16,803 [INFO] ★ 진행: processed=200 | pending=70 | active=1 | subdivide=0 | 식당=233 | 속도=0.9/분 | ETA 76.6분
2026-08-25 21:16:26,804 [INFO] ★ 진행: processed=200 | pending=70 | active=1 | subdivide=0 | 식당=233 | 속도=0.9/분 | ETA 76.6분
2026-08-25 21:16:36,805 [INFO] ★ 진행: processed=200 | pending=70 | active=1 | subdivide=0 | 식당=233 | 속도=0.9/분 | ETA 76.7분
2026-08-25 21:16:46,092 [WARNING] [W0] VPN rotate 타임아웃
2026-08-25 21:16:46,806 [INFO] ★ 진행: processed=200 | pending=70 | active=1 | subdivide=0 | 식당=233 | 속도=0.9/분 | ETA 76.7분
2026-08-25 21:16:48,254 [WARNING] [W0] SOCKS dead → 즉시 rotate: Page.goto: net::ERR_PROXY_CONNECTION_FAILED at https://www.google.com/maps/searc
2026-08-25 21:16:48,255 [INFO] [W0] VPN rotate 요청 (old=de1369.nordvpn.com (212.11.62.229:443))
2026-08-25 21:16:56,807 [INFO] ★ 진행: processed=200 | pending=70 | active=1 | subdivide=0 | 식당=233 | 속도=0.9/분 | ETA 76.8분
2026-08-25 21:17:06,808 [INFO] ★ 진행: processed=200 | pending=70 | active=1 | subdivide=0 | 식당=233 | 속도=0.9/분 | ETA 76.9분
2026-08-25 21:17:16,809 [INFO] ★ 진행: processed=200 | pending=70 | active=1 | subdivide=0 | 식당=233 | 속도=0.9/분 | ETA 76.9분
2026-08-25 21:17:26,811 [INFO] ★ 진행: processed=200 | pending=70 | active=1 | subdivide=0 | 식당=233 | 속도=0.9/분 | ETA 77.0분
2026-08-25 21:17:34,272 [WARNING] [W0] VPN rotate 타임아웃
2026-08-25 21:17:34,325 [INFO] [W0] 20포인트 정기 rotate
2026-08-25 21:17:34,326 [INFO] [W0] VPN rotate 요청 (old=de1369.nordvpn.com (212.11.62.229:443))
2026-08-25 21:17:36,811 [INFO] ★ 진행: processed=200 | pending=70 | active=1 | subdivide=0 | 식당=233 | 속도=0.9/분 | ETA 77.0분
2026-08-25 21:17:46,812 [INFO] ★ 진행: processed=200 | pending=70 | active=1 | subdivide=0 | 식당=233 | 속도=0.9/분 | ETA 77.1분
2026-08-25 21:17:56,814 [INFO] ★ 진행: processed=200 | pending=70 | active=1 | subdivide=0 | 식당=233 | 속도=0.9/분 | ETA 77.2분
2026-08-25 21:18:06,815 [INFO] ★ 진행: processed=200 | pending=70 | active=1 | subdivide=0 | 식당=233 | 속도=0.9/분 | ETA 77.2분
2026-08-25 21:18:16,825 [INFO] ★ 진행: processed=200 | pending=70 | active=1 | subdivide=0 | 식당=233 | 속도=0.9/분 | ETA 77.3분
2026-08-25 21:18:20,349 [WARNING] [W0] VPN rotate 타임아웃
2026-08-25 21:18:22,531 [WARNING] [W0] SOCKS dead → 즉시 rotate: Page.goto: net::ERR_PROXY_CONNECTION_FAILED at https://www.google.com/maps/searc
2026-08-25 21:18:22,533 [INFO] [W0] VPN rotate 요청 (old=de1369.nordvpn.com (212.11.62.229:443))
2026-08-25 21:18:26,827 [INFO] ★ 진행: processed=200 | pending=70 | active=1 | subdivide=0 | 식당=233 | 속도=0.9/분 | ETA 77.3분
2026-08-25 21:18:36,827 [INFO] ★ 진행: processed=200 | pending=70 | active=1 | subdivide=0 | 식당=233 | 속도=0.9/분 | ETA 77.4분
2026-08-25 21:18:46,836 [INFO] ★ 진행: processed=200 | pending=70 | active=1 | subdivide=0 | 식당=233 | 속도=0.9/분 | ETA 77.4분
2026-08-25 21:18:56,847 [INFO] ★ 진행: processed=200 | pending=70 | active=1 | subdivide=0 | 식당=233 | 속도=0.9/분 | ETA 77.5분
2026-08-25 21:19:06,895 [INFO] ★ 진행: processed=200 | pending=70 | active=1 | subdivide=0 | 식당=233 | 속도=0.9/분 | ETA 77.6분
2026-08-25 21:19:08,578 [WARNING] [W0] VPN rotate 타임아웃
2026-08-25 21:19:08,654 [INFO] [W0] 20포인트 정기 rotate
2026-08-25 21:19:08,655 [INFO] [W0] VPN rotate 요청 (old=de1369.nordvpn.com (212.11.62.229:443))
2026-08-25 21:19:16,897 [INFO] ★ 진행: processed=200 | pending=70 | active=1 | subdivide=0 | 식당=233 | 속도=0.9/분 | ETA 77.6분
2026-08-25 21:19:26,904 [INFO] ★ 진행: processed=200 | pending=70 | active=1 | subdivide=0 | 식당=233 | 속도=0.9/분 | ETA 77.7분
2026-08-25 21:19:36,905 [INFO] ★ 진행: processed=200 | pending=70 | active=1 | subdivide=0 | 식당=233 | 속도=0.9/분 | ETA 77.7분
2026-08-25 21:19:46,932 [INFO] ★ 진행: processed=200 | pending=70 | active=1 | subdivide=0 | 식당=233 | 속도=0.9/분 | ETA 77.8분
2026-08-25 21:19:54,679 [WARNING] [W0] VPN rotate 타임아웃
2026-08-25 21:19:56,934 [INFO] ★ 진행: processed=200 | pending=70 | active=1 | subdivide=0 | 식당=233 | 속도=0.9/분 | ETA 77.9분
2026-08-25 21:20:06,936 [INFO] ★ 진행: processed=200 | pending=70 | active=1 | subdivide=0 | 식당=233 | 속도=0.9/분 | ETA 77.9분
2026-08-25 21:20:14,824 [WARNING]     goto timeout (try 1)
2026-08-25 21:20:16,938 [INFO] ★ 진행: processed=200 | pending=70 | active=1 | subdivide=0 | 식당=233 | 속도=0.9/분 | ETA 78.0분
2026-08-25 21:20:19,860 [WARNING] [W0] SOCKS dead → 즉시 rotate: Page.goto: net::ERR_SOCKS_CONNECTION_FAILED at https://www.google.com/maps/searc
2026-08-25 21:20:19,861 [INFO] [W0] VPN rotate 요청 (old=de1369.nordvpn.com (212.11.62.229:443))
2026-08-25 21:20:26,950 [INFO] ★ 진행: processed=200 | pending=70 | active=1 | subdivide=0 | 식당=233 | 속도=0.9/분 | ETA 78.0분
2026-08-25 21:20:36,951 [INFO] ★ 진행: processed=200 | pending=70 | active=1 | subdivide=0 | 식당=233 | 속도=0.9/분 | ETA 78.1분
2026-08-25 21:20:46,952 [INFO] ★ 진행: processed=200 | pending=70 | active=1 | subdivide=0 | 식당=233 | 속도=0.9/분 | ETA 78.1분
2026-08-25 21:20:56,953 [INFO] ★ 진행: processed=200 | pending=70 | active=1 | subdivide=0 | 식당=233 | 속도=0.9/분 | ETA 78.2분
2026-08-25 21:21:05,881 [WARNING] [W0] VPN rotate 타임아웃
2026-08-25 21:21:05,960 [INFO] [W0] 20포인트 정기 rotate
2026-08-25 21:21:05,961 [INFO] [W0] VPN rotate 요청 (old=de1369.nordvpn.com (212.11.62.229:443))
2026-08-25 21:21:06,953 [INFO] ★ 진행: processed=200 | pending=70 | active=1 | subdivide=0 | 식당=233 | 속도=0.9/분 | ETA 78.3분
2026-08-25 21:21:16,955 [INFO] ★ 진행: processed=200 | pending=70 | active=1 | subdivide=0 | 식당=233 | 속도=0.9/분 | ETA 78.3분
2026-08-25 21:21:26,957 [INFO] ★ 진행: processed=200 | pending=70 | active=1 | subdivide=0 | 식당=233 | 속도=0.9/분 | ETA 78.4분
2026-08-25 21:21:36,959 [INFO] ★ 진행: processed=200 | pending=70 | active=1 | subdivide=0 | 식당=233 | 속도=0.9/분 | ETA 78.4분
2026-08-25 21:21:46,962 [INFO] ★ 진행: processed=200 | pending=70 | active=1 | subdivide=0 | 식당=233 | 속도=0.9/분 | ETA 78.5분
2026-08-25 21:21:51,982 [WARNING] [W0] VPN rotate 타임아웃
2026-08-25 21:21:56,964 [INFO] ★ 진행: processed=200 | pending=70 | active=1 | subdivide=0 | 식당=233 | 속도=0.9/분 | ETA 78.6분
2026-08-25 21:22:06,967 [INFO] ★ 진행: processed=200 | pending=70 | active=1 | subdivide=0 | 식당=233 | 속도=0.9/분 | ETA 78.6분
2026-08-25 21:22:12,122 [WARNING]     goto timeout (try 1)
2026-08-25 21:22:16,968 [INFO] ★ 진행: processed=200 | pending=70 | active=1 | subdivide=0 | 식당=233 | 속도=0.9/분 | ETA 78.7분
2026-08-25 21:22:26,970 [INFO] ★ 진행: processed=200 | pending=70 | active=1 | subdivide=0 | 식당=233 | 속도=0.9/분 | ETA 78.7분
2026-08-25 21:22:34,207 [WARNING]     goto timeout (try 2)
2026-08-25 21:22:36,972 [INFO] ★ 진행: processed=200 | pending=70 | active=1 | subdivide=0 | 식당=233 | 속도=0.9/분 | ETA 78.8분
2026-08-25 21:22:47,010 [INFO] ★ 진행: processed=200 | pending=70 | active=1 | subdivide=0 | 식당=233 | 속도=0.9/분 | ETA 78.8분
2026-08-25 21:22:56,286 [WARNING]     goto timeout (try 3)
2026-08-25 21:22:57,011 [INFO] ★ 진행: processed=200 | pending=70 | active=1 | subdivide=0 | 식당=233 | 속도=0.9/분 | ETA 78.9분
2026-08-25 21:22:58,293 [INFO] [W0] (18.68020,98.98411) step=500m | 결과 0 신규 0 (0%중복) | 누적 233
2026-08-25 21:22:58,294 [WARNING] [W0] 연속 0건 → VPN rotate
2026-08-25 21:22:58,295 [INFO] [W0] VPN rotate 요청 (old=de1369.nordvpn.com (212.11.62.229:443))
2026-08-25 21:23:05,180 [INFO]   ✓ 체크포인트 저장 (processed=201, 식당 233)
2026-08-25 21:23:07,013 [INFO] ★ 진행: processed=201 | pending=70 | active=0 | subdivide=0 | 식당=233 | 속도=0.9/분 | ETA 78.6분
2026-08-25 21:23:17,014 [INFO] ★ 진행: processed=201 | pending=70 | active=0 | subdivide=0 | 식당=233 | 속도=0.9/분 | ETA 78.6분
2026-08-25 21:23:27,015 [INFO] ★ 진행: processed=201 | pending=70 | active=0 | subdivide=0 | 식당=233 | 속도=0.9/분 | ETA 78.7분
2026-08-25 21:23:37,018 [INFO] ★ 진행: processed=201 | pending=70 | active=0 | subdivide=0 | 식당=233 | 속도=0.9/분 | ETA 78.7분
2026-08-25 21:23:44,318 [WARNING] [W0] VPN rotate 타임아웃
2026-08-25 21:23:47,097 [INFO] ★ 진행: processed=201 | pending=69 | active=1 | subdivide=0 | 식당=233 | 속도=0.9/분 | ETA 77.7분
2026-08-25 21:23:57,111 [INFO] ★ 진행: processed=201 | pending=69 | active=1 | subdivide=0 | 식당=233 | 속도=0.9/분 | ETA 77.7분
2026-08-25 21:24:04,480 [WARNING]     goto timeout (try 1)
2026-08-25 21:24:07,113 [INFO] ★ 진행: processed=201 | pending=69 | active=1 | subdivide=0 | 식당=233 | 속도=0.9/분 | ETA 77.8분
2026-08-25 21:24:17,127 [INFO] ★ 진행: processed=201 | pending=69 | active=1 | subdivide=0 | 식당=233 | 속도=0.9/분 | ETA 77.9분
2026-08-25 21:24:26,553 [WARNING]     goto timeout (try 2)
2026-08-25 21:24:27,146 [INFO] ★ 진행: processed=201 | pending=69 | active=1 | subdivide=0 | 식당=233 | 속도=0.9/분 | ETA 77.9분
2026-08-25 21:24:34,831 [WARNING] [W0] SOCKS dead → 즉시 rotate: Page.goto: net::ERR_SOCKS_CONNECTION_FAILED at https://www.google.com/maps/searc
2026-08-25 21:24:34,833 [INFO] [W0] VPN rotate 요청 (old=de1369.nordvpn.com (212.11.62.229:443))
2026-08-25 21:24:37,148 [INFO] ★ 진행: processed=201 | pending=69 | active=1 | subdivide=0 | 식당=233 | 속도=0.9/분 | ETA 78.0분
2026-08-25 21:24:47,150 [INFO] ★ 진행: processed=201 | pending=69 | active=1 | subdivide=0 | 식당=233 | 속도=0.9/분 | ETA 78.0분
2026-08-25 21:24:52,843 [INFO] [W0] VPN rotated → fr956.nordvpn.com (84.247.0.17:443)
2026-08-25 21:24:52,977 [WARNING] [W0] SOCKS dead → 즉시 rotate: Page.goto: net::ERR_SOCKS_CONNECTION_FAILED at https://www.google.com/maps/searc
2026-08-25 21:24:52,979 [INFO] [W0] VPN rotate 요청 (old=fr956.nordvpn.com (84.247.0.17:443))
2026-08-25 21:24:57,152 [INFO] ★ 진행: processed=201 | pending=69 | active=1 | subdivide=0 | 식당=233 | 속도=0.9/분 | ETA 78.1분
2026-08-25 21:25:04,986 [INFO] [W0] VPN rotated → nl1076.nordvpn.com (64.238.204.40:443)
2026-08-25 21:25:07,155 [INFO] ★ 진행: processed=201 | pending=69 | active=1 | subdivide=0 | 식당=233 | 속도=0.9/분 | ETA 78.1분
2026-08-25 21:25:13,263 [WARNING] [W0] SOCKS dead → 즉시 rotate: Page.goto: net::ERR_CONNECTION_CLOSED at https://www.google.com/maps/search/%E0%
2026-08-25 21:25:13,265 [INFO] [W0] VPN rotate 요청 (old=nl1076.nordvpn.com (64.238.204.40:443))
2026-08-25 21:25:17,157 [INFO] ★ 진행: processed=201 | pending=69 | active=1 | subdivide=0 | 식당=233 | 속도=0.9/분 | ETA 78.2분
2026-08-25 21:25:27,158 [INFO] ★ 진행: processed=201 | pending=69 | active=1 | subdivide=0 | 식당=233 | 속도=0.9/분 | ETA 78.3분
2026-08-25 21:25:37,161 [INFO] ★ 진행: processed=201 | pending=69 | active=1 | subdivide=0 | 식당=233 | 속도=0.9/분 | ETA 78.3분
2026-08-25 21:25:47,163 [INFO] ★ 진행: processed=201 | pending=69 | active=1 | subdivide=0 | 식당=233 | 속도=0.9/분 | ETA 78.4분
2026-08-25 21:25:57,164 [INFO] ★ 진행: processed=201 | pending=69 | active=1 | subdivide=0 | 식당=233 | 속도=0.9/분 | ETA 78.4분
2026-08-25 21:25:59,307 [WARNING] [W0] VPN rotate 타임아웃
2026-08-25 21:26:02,414 [WARNING] [W0] SOCKS dead → 즉시 rotate: Page.goto: net::ERR_SOCKS_CONNECTION_FAILED at https://www.google.com/maps/searc
2026-08-25 21:26:02,415 [INFO] [W0] VPN rotate 요청 (old=nl1076.nordvpn.com (64.238.204.40:443))
2026-08-25 21:26:07,167 [INFO] ★ 진행: processed=201 | pending=69 | active=1 | subdivide=0 | 식당=233 | 속도=0.9/분 | ETA 78.5분
2026-08-25 21:26:17,168 [INFO] ★ 진행: processed=201 | pending=69 | active=1 | subdivide=0 | 식당=233 | 속도=0.9/분 | ETA 78.5분
2026-08-25 21:26:27,169 [INFO] ★ 진행: processed=201 | pending=69 | active=1 | subdivide=0 | 식당=233 | 속도=0.9/분 | ETA 78.6분
2026-08-25 21:26:37,170 [INFO] ★ 진행: processed=201 | pending=69 | active=1 | subdivide=0 | 식당=233 | 속도=0.9/분 | ETA 78.7분
2026-08-25 21:26:47,173 [INFO] ★ 진행: processed=201 | pending=69 | active=1 | subdivide=0 | 식당=233 | 속도=0.9/분 | ETA 78.7분
2026-08-25 21:26:48,443 [WARNING] [W0] VPN rotate 타임아웃
2026-08-25 21:26:51,543 [WARNING] [W0] SOCKS dead → 즉시 rotate: Page.goto: net::ERR_SOCKS_CONNECTION_FAILED at https://www.google.com/maps/searc
2026-08-25 21:26:51,545 [INFO] [W0] VPN rotate 요청 (old=nl1076.nordvpn.com (64.238.204.40:443))
2026-08-25 21:26:57,174 [INFO] ★ 진행: processed=201 | pending=69 | active=1 | subdivide=0 | 식당=233 | 속도=0.9/분 | ETA 78.8분
2026-08-25 21:27:07,176 [INFO] ★ 진행: processed=201 | pending=69 | active=1 | subdivide=0 | 식당=233 | 속도=0.9/분 | ETA 78.8분
2026-08-25 21:27:17,177 [INFO] ★ 진행: processed=201 | pending=69 | active=1 | subdivide=0 | 식당=233 | 속도=0.9/분 | ETA 78.9분
2026-08-25 21:27:27,179 [INFO] ★ 진행: processed=201 | pending=69 | active=1 | subdivide=0 | 식당=233 | 속도=0.9/분 | ETA 78.9분
2026-08-25 21:27:37,180 [INFO] ★ 진행: processed=201 | pending=69 | active=1 | subdivide=0 | 식당=233 | 속도=0.9/분 | ETA 79.0분
2026-08-25 21:27:37,571 [WARNING] [W0] VPN rotate 타임아웃
2026-08-25 21:27:40,653 [WARNING] [W0] SOCKS dead → 즉시 rotate: Page.goto: net::ERR_SOCKS_CONNECTION_FAILED at https://www.google.com/maps/searc
2026-08-25 21:27:40,656 [INFO] [W0] VPN rotate 요청 (old=nl1076.nordvpn.com (64.238.204.40:443))
2026-08-25 21:27:47,183 [INFO] ★ 진행: processed=201 | pending=69 | active=1 | subdivide=0 | 식당=233 | 속도=0.9/분 | ETA 79.1분
2026-08-25 21:27:57,185 [INFO] ★ 진행: processed=201 | pending=69 | active=1 | subdivide=0 | 식당=233 | 속도=0.9/분 | ETA 79.1분
2026-08-25 21:28:07,187 [INFO] ★ 진행: processed=201 | pending=69 | active=1 | subdivide=0 | 식당=233 | 속도=0.9/분 | ETA 79.2분
2026-08-25 21:28:17,189 [INFO] ★ 진행: processed=201 | pending=69 | active=1 | subdivide=0 | 식당=233 | 속도=0.9/분 | ETA 79.2분
2026-08-25 21:28:26,680 [WARNING] [W0] VPN rotate 타임아웃
2026-08-25 21:28:26,807 [WARNING] [W0] SOCKS dead → 즉시 rotate: Page.goto: net::ERR_SOCKS_CONNECTION_FAILED at https://www.google.com/maps/searc
2026-08-25 21:28:26,810 [INFO] [W0] VPN rotate 요청 (old=nl1076.nordvpn.com (64.238.204.40:443))
2026-08-25 21:28:27,190 [INFO] ★ 진행: processed=201 | pending=69 | active=1 | subdivide=0 | 식당=233 | 속도=0.9/분 | ETA 79.3분
2026-08-25 21:28:37,193 [INFO] ★ 진행: processed=201 | pending=69 | active=1 | subdivide=0 | 식당=233 | 속도=0.9/분 | ETA 79.3분
2026-08-25 21:28:47,195 [INFO] ★ 진행: processed=201 | pending=69 | active=1 | subdivide=0 | 식당=233 | 속도=0.9/분 | ETA 79.4분
2026-08-25 21:28:57,198 [INFO] ★ 진행: processed=201 | pending=69 | active=1 | subdivide=0 | 식당=233 | 속도=0.9/분 | ETA 79.5분
2026-08-25 21:29:07,201 [INFO] ★ 진행: processed=201 | pending=69 | active=1 | subdivide=0 | 식당=233 | 속도=0.9/분 | ETA 79.5분
2026-08-25 21:29:12,839 [WARNING] [W0] VPN rotate 타임아웃
2026-08-25 21:29:15,029 [WARNING] [W0] SOCKS dead → 즉시 rotate: Page.goto: net::ERR_PROXY_CONNECTION_FAILED at https://www.google.com/maps/searc
2026-08-25 21:29:15,032 [INFO] [W0] VPN rotate 요청 (old=de1460.nordvpn.com (187.13.10.17:443))
2026-08-25 21:29:17,203 [INFO] ★ 진행: processed=201 | pending=69 | active=1 | subdivide=0 | 식당=233 | 속도=0.9/분 | ETA 79.6분
2026-08-25 21:29:27,204 [INFO] ★ 진행: processed=201 | pending=69 | active=1 | subdivide=0 | 식당=233 | 속도=0.9/분 | ETA 79.6분
2026-08-25 21:29:37,207 [INFO] ★ 진행: processed=201 | pending=69 | active=1 | subdivide=0 | 식당=233 | 속도=0.9/분 | ETA 79.7분
2026-08-25 21:29:47,208 [INFO] ★ 진행: processed=201 | pending=69 | active=1 | subdivide=0 | 식당=233 | 속도=0.9/분 | ETA 79.7분
2026-08-25 21:29:57,210 [INFO] ★ 진행: processed=201 | pending=69 | active=1 | subdivide=0 | 식당=233 | 속도=0.9/분 | ETA 79.8분
2026-08-25 21:30:01,052 [WARNING] [W0] VPN rotate 타임아웃
2026-08-25 21:30:03,244 [WARNING] [W0] SOCKS dead → 즉시 rotate: Page.goto: net::ERR_PROXY_CONNECTION_FAILED at https://www.google.com/maps/searc
2026-08-25 21:30:03,247 [INFO] [W0] VPN rotate 요청 (old=de1460.nordvpn.com (187.13.10.17:443))
2026-08-25 21:30:07,211 [INFO] ★ 진행: processed=201 | pending=69 | active=1 | subdivide=0 | 식당=233 | 속도=0.9/분 | ETA 79.9분
2026-08-25 21:30:17,213 [INFO] ★ 진행: processed=201 | pending=69 | active=1 | subdivide=0 | 식당=233 | 속도=0.9/분 | ETA 79.9분
2026-08-25 21:30:27,214 [INFO] ★ 진행: processed=201 | pending=69 | active=1 | subdivide=0 | 식당=233 | 속도=0.9/분 | ETA 80.0분
2026-08-25 21:30:37,216 [INFO] ★ 진행: processed=201 | pending=69 | active=1 | subdivide=0 | 식당=233 | 속도=0.9/분 | ETA 80.0분
2026-08-25 21:30:47,218 [INFO] ★ 진행: processed=201 | pending=69 | active=1 | subdivide=0 | 식당=233 | 속도=0.9/분 | ETA 80.1분
2026-08-25 21:30:49,273 [WARNING] [W0] VPN rotate 타임아웃
2026-08-25 21:30:49,398 [WARNING] [W0] SOCKS dead → 즉시 rotate: Page.goto: net::ERR_SOCKS_CONNECTION_FAILED at https://www.google.com/maps/searc
2026-08-25 21:30:49,401 [INFO] [W0] VPN rotate 요청 (old=de1460.nordvpn.com (187.13.10.17:443))
2026-08-25 21:30:57,220 [INFO] ★ 진행: processed=201 | pending=69 | active=1 | subdivide=0 | 식당=233 | 속도=0.9/분 | ETA 80.1분
2026-08-25 21:31:07,222 [INFO] ★ 진행: processed=201 | pending=69 | active=1 | subdivide=0 | 식당=233 | 속도=0.9/분 | ETA 80.2분
2026-08-25 21:31:17,225 [INFO] ★ 진행: processed=201 | pending=69 | active=1 | subdivide=0 | 식당=233 | 속도=0.9/분 | ETA 80.3분
2026-08-25 21:31:27,227 [INFO] ★ 진행: processed=201 | pending=69 | active=1 | subdivide=0 | 식당=233 | 속도=0.9/분 | ETA 80.3분
2026-08-25 21:31:35,426 [WARNING] [W0] VPN rotate 타임아웃
2026-08-25 21:31:37,229 [INFO] ★ 진행: processed=201 | pending=69 | active=1 | subdivide=0 | 식당=233 | 속도=0.9/분 | ETA 80.4분
2026-08-25 21:31:37,596 [WARNING] [W0] SOCKS dead → 즉시 rotate: Page.goto: net::ERR_PROXY_CONNECTION_FAILED at https://www.google.com/maps/searc
2026-08-25 21:31:37,598 [INFO] [W0] VPN rotate 요청 (old=nl1253.nordvpn.com (186.247.163.8:443))
2026-08-25 21:31:47,232 [INFO] ★ 진행: processed=201 | pending=69 | active=1 | subdivide=0 | 식당=233 | 속도=0.9/분 | ETA 80.4분
2026-08-25 21:31:57,235 [INFO] ★ 진행: processed=201 | pending=69 | active=1 | subdivide=0 | 식당=233 | 속도=0.9/분 | ETA 80.5분
2026-08-25 21:32:07,238 [INFO] ★ 진행: processed=201 | pending=69 | active=1 | subdivide=0 | 식당=233 | 속도=0.9/분 | ETA 80.5분
2026-08-25 21:32:17,240 [INFO] ★ 진행: processed=201 | pending=69 | active=1 | subdivide=0 | 식당=233 | 속도=0.9/분 | ETA 80.6분
2026-08-25 21:32:23,621 [WARNING] [W0] VPN rotate 타임아웃
2026-08-25 21:32:25,809 [WARNING] [W0] SOCKS dead → 즉시 rotate: Page.goto: net::ERR_PROXY_CONNECTION_FAILED at https://www.google.com/maps/searc
2026-08-25 21:32:25,811 [INFO] [W0] VPN rotate 요청 (old=nl1253.nordvpn.com (186.247.163.8:443))
2026-08-25 21:32:27,242 [INFO] ★ 진행: processed=201 | pending=69 | active=1 | subdivide=0 | 식당=233 | 속도=0.9/분 | ETA 80.7분
2026-08-25 21:32:37,246 [INFO] ★ 진행: processed=201 | pending=69 | active=1 | subdivide=0 | 식당=233 | 속도=0.9/분 | ETA 80.7분
2026-08-25 21:32:47,248 [INFO] ★ 진행: processed=201 | pending=69 | active=1 | subdivide=0 | 식당=233 | 속도=0.9/분 | ETA 80.8분
2026-08-25 21:32:57,250 [INFO] ★ 진행: processed=201 | pending=69 | active=1 | subdivide=0 | 식당=233 | 속도=0.9/분 | ETA 80.8분
2026-08-25 21:33:07,253 [INFO] ★ 진행: processed=201 | pending=69 | active=1 | subdivide=0 | 식당=233 | 속도=0.9/분 | ETA 80.9분
2026-08-25 21:33:11,834 [WARNING] [W0] VPN rotate 타임아웃
2026-08-25 21:33:13,982 [WARNING] [W0] SOCKS dead → 즉시 rotate: Page.goto: net::ERR_PROXY_CONNECTION_FAILED at https://www.google.com/maps/searc
2026-08-25 21:33:13,984 [INFO] [W0] VPN rotate 요청 (old=nl1253.nordvpn.com (186.247.163.8:443))
2026-08-25 21:33:17,256 [INFO] ★ 진행: processed=201 | pending=69 | active=1 | subdivide=0 | 식당=233 | 속도=0.9/분 | ETA 80.9분
2026-08-25 21:33:27,257 [INFO] ★ 진행: processed=201 | pending=69 | active=1 | subdivide=0 | 식당=233 | 속도=0.9/분 | ETA 81.0분
2026-08-25 21:33:37,260 [INFO] ★ 진행: processed=201 | pending=69 | active=1 | subdivide=0 | 식당=233 | 속도=0.9/분 | ETA 81.1분
2026-08-25 21:33:47,262 [INFO] ★ 진행: processed=201 | pending=69 | active=1 | subdivide=0 | 식당=233 | 속도=0.9/분 | ETA 81.1분
2026-08-25 21:33:57,264 [INFO] ★ 진행: processed=201 | pending=69 | active=1 | subdivide=0 | 식당=233 | 속도=0.9/분 | ETA 81.2분
2026-08-25 21:34:00,015 [WARNING] [W0] VPN rotate 타임아웃
2026-08-25 21:34:02,191 [WARNING] [W0] SOCKS dead → 즉시 rotate: Page.goto: net::ERR_PROXY_CONNECTION_FAILED at https://www.google.com/maps/searc
2026-08-25 21:34:02,194 [INFO] [W0] VPN rotate 요청 (old=nl1253.nordvpn.com (186.247.163.8:443))
2026-08-25 21:34:07,267 [INFO] ★ 진행: processed=201 | pending=69 | active=1 | subdivide=0 | 식당=233 | 속도=0.8/분 | ETA 81.2분
2026-08-25 21:34:17,268 [INFO] ★ 진행: processed=201 | pending=69 | active=1 | subdivide=0 | 식당=233 | 속도=0.8/분 | ETA 81.3분
2026-08-25 21:34:27,270 [INFO] ★ 진행: processed=201 | pending=69 | active=1 | subdivide=0 | 식당=233 | 속도=0.8/분 | ETA 81.3분
2026-08-25 21:34:37,273 [INFO] ★ 진행: processed=201 | pending=69 | active=1 | subdivide=0 | 식당=233 | 속도=0.8/분 | ETA 81.4분
2026-08-25 21:34:47,276 [INFO] ★ 진행: processed=201 | pending=69 | active=1 | subdivide=0 | 식당=233 | 속도=0.8/분 | ETA 81.5분
2026-08-25 21:34:48,250 [INFO] [W0] VPN rotated → fr1169.nordvpn.com (187.13.197.31:443)
2026-08-25 21:34:57,279 [INFO] ★ 진행: processed=201 | pending=69 | active=1 | subdivide=0 | 식당=233 | 속도=0.8/분 | ETA 81.5분
2026-08-25 21:35:07,280 [INFO] ★ 진행: processed=201 | pending=69 | active=1 | subdivide=0 | 식당=233 | 속도=0.8/분 | ETA 81.6분
2026-08-25 21:35:08,395 [WARNING]     goto timeout (try 1)
2026-08-25 21:35:17,282 [INFO] ★ 진행: processed=201 | pending=69 | active=1 | subdivide=0 | 식당=233 | 속도=0.8/분 | ETA 81.6분
2026-08-25 21:35:27,286 [INFO] ★ 진행: processed=201 | pending=69 | active=1 | subdivide=0 | 식당=233 | 속도=0.8/분 | ETA 81.7분
2026-08-25 21:35:27,386 [WARNING] [W0] SOCKS dead → 즉시 rotate: Page.goto: net::ERR_SOCKS_CONNECTION_FAILED at https://www.google.com/maps/searc
2026-08-25 21:35:27,396 [INFO] [W0] VPN rotate 요청 (old=fr1169.nordvpn.com (187.13.197.31:443))
2026-08-25 21:35:37,288 [INFO] ★ 진행: processed=201 | pending=69 | active=1 | subdivide=0 | 식당=233 | 속도=0.8/분 | ETA 81.7분
2026-08-25 21:35:47,291 [INFO] ★ 진행: processed=201 | pending=69 | active=1 | subdivide=0 | 식당=233 | 속도=0.8/분 | ETA 81.8분
2026-08-25 21:35:57,292 [INFO] ★ 진행: processed=201 | pending=69 | active=1 | subdivide=0 | 식당=233 | 속도=0.8/분 | ETA 81.9분
2026-08-25 21:36:07,294 [INFO] ★ 진행: processed=201 | pending=69 | active=1 | subdivide=0 | 식당=233 | 속도=0.8/분 | ETA 81.9분
2026-08-25 21:36:13,442 [WARNING] [W0] VPN rotate 타임아웃
2026-08-25 21:36:17,295 [INFO] ★ 진행: processed=201 | pending=69 | active=1 | subdivide=0 | 식당=233 | 속도=0.8/분 | ETA 82.0분
2026-08-25 21:36:27,296 [INFO] ★ 진행: processed=201 | pending=69 | active=1 | subdivide=0 | 식당=233 | 속도=0.8/분 | ETA 82.0분
2026-08-25 21:36:33,576 [WARNING]     goto timeout (try 1)
2026-08-25 21:36:37,297 [INFO] ★ 진행: processed=201 | pending=69 | active=1 | subdivide=0 | 식당=233 | 속도=0.8/분 | ETA 82.1분
2026-08-25 21:36:38,616 [WARNING] [W0] SOCKS dead → 즉시 rotate: Page.goto: net::ERR_SOCKS_CONNECTION_FAILED at https://www.google.com/maps/searc
2026-08-25 21:36:38,623 [INFO] [W0] VPN rotate 요청 (old=fr1169.nordvpn.com (187.13.197.31:443))
2026-08-25 21:36:47,299 [INFO] ★ 진행: processed=201 | pending=69 | active=1 | subdivide=0 | 식당=233 | 속도=0.8/분 | ETA 82.1분
2026-08-25 21:36:57,299 [INFO] ★ 진행: processed=201 | pending=69 | active=1 | subdivide=0 | 식당=233 | 속도=0.8/분 | ETA 82.2분
2026-08-25 21:37:07,300 [INFO] ★ 진행: processed=201 | pending=69 | active=1 | subdivide=0 | 식당=233 | 속도=0.8/분 | ETA 82.3분
2026-08-25 21:37:17,301 [INFO] ★ 진행: processed=201 | pending=69 | active=1 | subdivide=0 | 식당=233 | 속도=0.8/분 | ETA 82.3분
2026-08-25 21:37:24,663 [WARNING] [W0] VPN rotate 타임아웃
2026-08-25 21:37:27,303 [INFO] ★ 진행: processed=201 | pending=69 | active=1 | subdivide=0 | 식당=233 | 속도=0.8/분 | ETA 82.4분
2026-08-25 21:37:37,304 [INFO] ★ 진행: processed=201 | pending=69 | active=1 | subdivide=0 | 식당=233 | 속도=0.8/분 | ETA 82.4분
2026-08-25 21:37:39,749 [INFO]     스크롤 4회로 끝까지 로드
2026-08-25 21:37:39,759 [INFO] [W0] (18.70540,99.05860) step=500m | 결과 0 신규 0 (0%중복) | 누적 233
2026-08-25 21:37:39,834 [WARNING] [W0] SOCKS dead → 즉시 rotate: Page.goto: net::ERR_SOCKS_CONNECTION_FAILED at https://www.google.com/maps/searc
2026-08-25 21:37:39,860 [INFO] [W0] VPN rotate 요청 (old=fr1169.nordvpn.com (187.13.197.31:443))
2026-08-25 21:37:47,305 [INFO] ★ 진행: processed=202 | pending=68 | active=1 | subdivide=0 | 식당=233 | 속도=0.8/분 | ETA 80.9분
2026-08-25 21:37:55,885 [INFO] [W0] VPN rotated → de1196.nordvpn.com (193.124.21.240:443)
2026-08-25 21:37:57,307 [INFO] ★ 진행: processed=202 | pending=68 | active=1 | subdivide=0 | 식당=233 | 속도=0.8/분 | ETA 80.9분
2026-08-25 21:38:05,206 [INFO]   ✓ 체크포인트 저장 (processed=202, 식당 233)
2026-08-25 21:38:07,308 [INFO] ★ 진행: processed=202 | pending=68 | active=1 | subdivide=0 | 식당=233 | 속도=0.8/분 | ETA 81.0분
2026-08-25 21:38:17,329 [INFO] ★ 진행: processed=202 | pending=68 | active=1 | subdivide=0 | 식당=233 | 속도=0.8/분 | ETA 81.1분
2026-08-25 21:38:20,976 [INFO]     스크롤 6회로 끝까지 로드
2026-08-25 21:38:21,415 [INFO] [W0] (18.71146,99.06563) step=500m | 결과 20 신규 0 (100%중복) | 누적 233
2026-08-25 21:38:27,332 [INFO] ★ 진행: processed=203 | pending=67 | active=1 | subdivide=0 | 식당=233 | 속도=0.8/분 | ETA 79.5분
2026-08-25 21:38:35,215 [INFO]   ✓ 체크포인트 저장 (processed=203, 식당 233)
2026-08-25 21:38:37,335 [INFO] ★ 진행: processed=203 | pending=67 | active=1 | subdivide=0 | 식당=233 | 속도=0.8/분 | ETA 79.6분
2026-08-25 21:38:47,337 [INFO] ★ 진행: processed=203 | pending=67 | active=1 | subdivide=0 | 식당=233 | 속도=0.8/분 | ETA 79.6분
2026-08-25 21:38:49,056 [INFO]     스크롤 6회로 끝까지 로드
2026-08-25 21:38:49,451 [INFO] [W0] (18.71469,99.06893) step=500m | 결과 20 신규 0 (100%중복) | 누적 233
2026-08-25 21:38:54,197 [WARNING] [W0] SOCKS dead → 즉시 rotate: Page.goto: net::ERR_SOCKS_CONNECTION_FAILED at https://www.google.com/maps/searc
2026-08-25 21:38:54,220 [INFO] [W0] VPN rotate 요청 (old=de1196.nordvpn.com (193.124.21.240:443))
2026-08-25 21:38:57,339 [INFO] ★ 진행: processed=204 | pending=66 | active=1 | subdivide=0 | 식당=233 | 속도=0.8/분 | ETA 78.1분
2026-08-25 21:39:05,221 [INFO]   ✓ 체크포인트 저장 (processed=204, 식당 233)
2026-08-25 21:39:07,341 [INFO] ★ 진행: processed=204 | pending=66 | active=1 | subdivide=0 | 식당=233 | 속도=0.8/분 | ETA 78.2분
2026-08-25 21:39:17,341 [INFO] ★ 진행: processed=204 | pending=66 | active=1 | subdivide=0 | 식당=233 | 속도=0.8/분 | ETA 78.2분
2026-08-25 21:39:27,344 [INFO] ★ 진행: processed=204 | pending=66 | active=1 | subdivide=0 | 식당=233 | 속도=0.8/분 | ETA 78.3분
2026-08-25 21:39:37,345 [INFO] ★ 진행: processed=204 | pending=66 | active=1 | subdivide=0 | 식당=233 | 속도=0.8/분 | ETA 78.3분
2026-08-25 21:39:40,261 [WARNING] [W0] VPN rotate 타임아웃
2026-08-25 21:39:43,351 [WARNING] [W0] SOCKS dead → 즉시 rotate: Page.goto: net::ERR_SOCKS_CONNECTION_FAILED at https://www.google.com/maps/searc
2026-08-25 21:39:43,353 [INFO] [W0] VPN rotate 요청 (old=de1196.nordvpn.com (193.124.21.240:443))
2026-08-25 21:39:47,346 [INFO] ★ 진행: processed=204 | pending=66 | active=1 | subdivide=0 | 식당=233 | 속도=0.8/분 | ETA 78.4분
2026-08-25 21:39:57,349 [INFO] ★ 진행: processed=204 | pending=66 | active=1 | subdivide=0 | 식당=233 | 속도=0.8/분 | ETA 78.4분
2026-08-25 21:40:07,350 [INFO] ★ 진행: processed=204 | pending=66 | active=1 | subdivide=0 | 식당=233 | 속도=0.8/분 | ETA 78.5분
2026-08-25 21:40:17,351 [INFO] ★ 진행: processed=204 | pending=66 | active=1 | subdivide=0 | 식당=233 | 속도=0.8/분 | ETA 78.5분
2026-08-25 21:40:27,352 [INFO] ★ 진행: processed=204 | pending=66 | active=1 | subdivide=0 | 식당=233 | 속도=0.8/분 | ETA 78.6분
2026-08-25 21:40:29,386 [WARNING] [W0] VPN rotate 타임아웃
2026-08-25 21:40:29,644 [WARNING] [W0] SOCKS dead → 즉시 rotate: Page.goto: net::ERR_SOCKS_CONNECTION_FAILED at https://www.google.com/maps/searc
2026-08-25 21:40:29,646 [INFO] [W0] VPN rotate 요청 (old=de1196.nordvpn.com (193.124.21.240:443))
2026-08-25 21:40:37,611 [INFO] ★ 진행: processed=204 | pending=66 | active=1 | subdivide=0 | 식당=233 | 속도=0.8/분 | ETA 78.7분
2026-08-25 21:40:47,612 [INFO] ★ 진행: processed=204 | pending=66 | active=1 | subdivide=0 | 식당=233 | 속도=0.8/분 | ETA 78.7분
2026-08-25 21:40:57,612 [INFO] ★ 진행: processed=204 | pending=66 | active=1 | subdivide=0 | 식당=233 | 속도=0.8/분 | ETA 78.8분
2026-08-25 21:41:07,614 [INFO] ★ 진행: processed=204 | pending=66 | active=1 | subdivide=0 | 식당=233 | 속도=0.8/분 | ETA 78.8분
2026-08-25 21:41:15,677 [WARNING] [W0] VPN rotate 타임아웃
2026-08-25 21:41:17,618 [INFO] ★ 진행: processed=204 | pending=66 | active=1 | subdivide=0 | 식당=233 | 속도=0.8/분 | ETA 78.9분
2026-08-25 21:41:17,851 [WARNING] [W0] SOCKS dead → 즉시 rotate: Page.goto: net::ERR_PROXY_CONNECTION_FAILED at https://www.google.com/maps/searc
2026-08-25 21:41:17,853 [INFO] [W0] VPN rotate 요청 (old=fr1310.nordvpn.com (187.15.115.228:443))
2026-08-25 21:41:27,632 [INFO] ★ 진행: processed=204 | pending=66 | active=1 | subdivide=0 | 식당=233 | 속도=0.8/분 | ETA 78.9분
2026-08-25 21:41:37,633 [INFO] ★ 진행: processed=204 | pending=66 | active=1 | subdivide=0 | 식당=233 | 속도=0.8/분 | ETA 79.0분
2026-08-25 21:41:47,634 [INFO] ★ 진행: processed=204 | pending=66 | active=1 | subdivide=0 | 식당=233 | 속도=0.8/분 | ETA 79.0분
2026-08-25 21:41:57,649 [INFO] ★ 진행: processed=204 | pending=66 | active=1 | subdivide=0 | 식당=233 | 속도=0.8/분 | ETA 79.1분
2026-08-25 21:42:03,882 [WARNING] [W0] VPN rotate 타임아웃
2026-08-25 21:42:06,040 [WARNING] [W0] SOCKS dead → 즉시 rotate: Page.goto: net::ERR_PROXY_CONNECTION_FAILED at https://www.google.com/maps/searc
2026-08-25 21:42:06,273 [INFO] [W0] VPN rotate 요청 (old=fr1310.nordvpn.com (187.15.115.228:443))
2026-08-25 21:42:07,650 [INFO] ★ 진행: processed=204 | pending=66 | active=1 | subdivide=0 | 식당=233 | 속도=0.8/분 | ETA 79.1분
2026-08-25 21:42:17,651 [INFO] ★ 진행: processed=204 | pending=66 | active=1 | subdivide=0 | 식당=233 | 속도=0.8/분 | ETA 79.2분
2026-08-25 21:42:27,839 [INFO] ★ 진행: processed=204 | pending=66 | active=1 | subdivide=0 | 식당=233 | 속도=0.8/분 | ETA 79.3분
2026-08-25 21:42:37,841 [INFO] ★ 진행: processed=204 | pending=66 | active=1 | subdivide=0 | 식당=233 | 속도=0.8/분 | ETA 79.3분
2026-08-25 21:42:47,850 [INFO] ★ 진행: processed=204 | pending=66 | active=1 | subdivide=0 | 식당=233 | 속도=0.8/분 | ETA 79.4분
2026-08-25 21:42:52,309 [WARNING] [W0] VPN rotate 타임아웃
2026-08-25 21:42:52,451 [WARNING] [W0] SOCKS dead → 즉시 rotate: Page.goto: net::ERR_SOCKS_CONNECTION_FAILED at https://www.google.com/maps/searc
2026-08-25 21:42:52,453 [INFO] [W0] VPN rotate 요청 (old=fr1310.nordvpn.com (187.15.115.228:443))
2026-08-25 21:42:57,853 [INFO] ★ 진행: processed=204 | pending=66 | active=1 | subdivide=0 | 식당=233 | 속도=0.8/분 | ETA 79.4분
2026-08-25 21:43:02,473 [INFO] [W0] VPN rotated → de1065.nordvpn.com (45.141.152.35:443)
2026-08-25 21:43:03,235 [WARNING] [W0] SOCKS dead → 즉시 rotate: Page.goto: net::ERR_CONNECTION_RESET at https://www.google.com/maps/search/%E0%B
2026-08-25 21:43:03,237 [INFO] [W0] VPN rotate 요청 (old=de1065.nordvpn.com (45.141.152.35:443))
2026-08-25 21:43:07,855 [INFO] ★ 진행: processed=204 | pending=66 | active=1 | subdivide=0 | 식당=233 | 속도=0.8/분 | ETA 79.5분
2026-08-25 21:43:17,857 [INFO] ★ 진행: processed=204 | pending=66 | active=1 | subdivide=0 | 식당=233 | 속도=0.8/분 | ETA 79.5분
2026-08-25 21:43:27,859 [INFO] ★ 진행: processed=204 | pending=66 | active=1 | subdivide=0 | 식당=233 | 속도=0.8/분 | ETA 79.6분
2026-08-25 21:43:37,862 [INFO] ★ 진행: processed=204 | pending=66 | active=1 | subdivide=0 | 식당=233 | 속도=0.8/분 | ETA 79.6분
2026-08-25 21:43:47,864 [INFO] ★ 진행: processed=204 | pending=66 | active=1 | subdivide=0 | 식당=233 | 속도=0.8/분 | ETA 79.7분
2026-08-25 21:43:49,268 [WARNING] [W0] VPN rotate 타임아웃
2026-08-25 21:43:49,421 [WARNING] [W0] SOCKS dead → 즉시 rotate: Page.goto: net::ERR_SOCKS_CONNECTION_FAILED at https://www.google.com/maps/searc
2026-08-25 21:43:49,424 [INFO] [W0] VPN rotate 요청 (old=de1065.nordvpn.com (45.141.152.35:443))
2026-08-25 21:43:57,866 [INFO] ★ 진행: processed=204 | pending=66 | active=1 | subdivide=0 | 식당=233 | 속도=0.8/분 | ETA 79.7분
2026-08-25 21:44:07,868 [INFO] ★ 진행: processed=204 | pending=66 | active=1 | subdivide=0 | 식당=233 | 속도=0.8/분 | ETA 79.8분
2026-08-25 21:44:17,869 [INFO] ★ 진행: processed=204 | pending=66 | active=1 | subdivide=0 | 식당=233 | 속도=0.8/분 | ETA 79.8분
2026-08-25 21:44:27,870 [INFO] ★ 진행: processed=204 | pending=66 | active=1 | subdivide=0 | 식당=233 | 속도=0.8/분 | ETA 79.9분
2026-08-25 21:44:35,463 [WARNING] [W0] VPN rotate 타임아웃
2026-08-25 21:44:37,607 [WARNING] [W0] SOCKS dead → 즉시 rotate: Page.goto: net::ERR_PROXY_CONNECTION_FAILED at https://www.google.com/maps/searc
2026-08-25 21:44:37,629 [INFO] [W0] VPN rotate 요청 (old=de699.nordvpn.com (149.88.19.149:443))
2026-08-25 21:44:37,871 [INFO] ★ 진행: processed=204 | pending=66 | active=1 | subdivide=0 | 식당=233 | 속도=0.8/분 | ETA 80.0분
2026-08-25 21:44:47,872 [INFO] ★ 진행: processed=204 | pending=66 | active=1 | subdivide=0 | 식당=233 | 속도=0.8/분 | ETA 80.0분
2026-08-25 21:44:57,873 [INFO] ★ 진행: processed=204 | pending=66 | active=1 | subdivide=0 | 식당=233 | 속도=0.8/분 | ETA 80.1분
2026-08-25 21:45:07,875 [INFO] ★ 진행: processed=204 | pending=66 | active=1 | subdivide=0 | 식당=233 | 속도=0.8/분 | ETA 80.1분
2026-08-25 21:45:17,877 [INFO] ★ 진행: processed=204 | pending=66 | active=1 | subdivide=0 | 식당=233 | 속도=0.8/분 | ETA 80.2분
2026-08-25 21:45:23,645 [WARNING] [W0] VPN rotate 타임아웃
2026-08-25 21:45:27,878 [INFO] ★ 진행: processed=204 | pending=66 | active=1 | subdivide=0 | 식당=233 | 속도=0.8/분 | ETA 80.2분
2026-08-25 21:45:30,224 [WARNING] [W0] SOCKS dead → 즉시 rotate: Page.goto: net::ERR_PROXY_CONNECTION_FAILED at https://www.google.com/maps/searc
2026-08-25 21:45:30,225 [INFO] [W0] VPN rotate 요청 (old=de699.nordvpn.com (149.88.19.149:443))
2026-08-25 21:45:37,879 [INFO] ★ 진행: processed=204 | pending=66 | active=1 | subdivide=0 | 식당=233 | 속도=0.8/분 | ETA 80.3분
2026-08-25 21:45:47,880 [INFO] ★ 진행: processed=204 | pending=66 | active=1 | subdivide=0 | 식당=233 | 속도=0.8/분 | ETA 80.3분
2026-08-25 21:45:57,886 [INFO] ★ 진행: processed=204 | pending=66 | active=1 | subdivide=0 | 식당=233 | 속도=0.8/분 | ETA 80.4분
2026-08-25 21:46:07,887 [INFO] ★ 진행: processed=204 | pending=66 | active=1 | subdivide=0 | 식당=233 | 속도=0.8/분 | ETA 80.4분
2026-08-25 21:46:16,267 [WARNING] [W0] VPN rotate 타임아웃
2026-08-25 21:46:17,888 [INFO] ★ 진행: processed=204 | pending=66 | active=1 | subdivide=0 | 식당=233 | 속도=0.8/분 | ETA 80.5분
2026-08-25 21:46:18,453 [WARNING] [W0] SOCKS dead → 즉시 rotate: Page.goto: net::ERR_PROXY_CONNECTION_FAILED at https://www.google.com/maps/searc
2026-08-25 21:46:18,453 [INFO] [W0] VPN rotate 요청 (old=de1163.nordvpn.com (194.88.99.62:443))
2026-08-25 21:46:27,889 [INFO] ★ 진행: processed=204 | pending=66 | active=1 | subdivide=0 | 식당=233 | 속도=0.8/분 | ETA 80.5분
2026-08-25 21:46:37,890 [INFO] ★ 진행: processed=204 | pending=66 | active=1 | subdivide=0 | 식당=233 | 속도=0.8/분 | ETA 80.6분
2026-08-25 21:46:47,892 [INFO] ★ 진행: processed=204 | pending=66 | active=1 | subdivide=0 | 식당=233 | 속도=0.8/분 | ETA 80.7분
2026-08-25 21:46:57,894 [INFO] ★ 진행: processed=204 | pending=66 | active=1 | subdivide=0 | 식당=233 | 속도=0.8/분 | ETA 80.7분
2026-08-25 21:47:04,482 [WARNING] [W0] VPN rotate 타임아웃
2026-08-25 21:47:06,623 [WARNING] [W0] SOCKS dead → 즉시 rotate: Page.goto: net::ERR_PROXY_CONNECTION_FAILED at https://www.google.com/maps/searc
2026-08-25 21:47:06,625 [INFO] [W0] VPN rotate 요청 (old=de1163.nordvpn.com (194.88.99.62:443))
2026-08-25 21:47:07,895 [INFO] ★ 진행: processed=204 | pending=66 | active=1 | subdivide=0 | 식당=233 | 속도=0.8/분 | ETA 80.8분
2026-08-25 21:47:17,896 [INFO] ★ 진행: processed=204 | pending=66 | active=1 | subdivide=0 | 식당=233 | 속도=0.8/분 | ETA 80.8분
2026-08-25 21:47:27,915 [INFO] ★ 진행: processed=204 | pending=66 | active=1 | subdivide=0 | 식당=233 | 속도=0.8/분 | ETA 80.9분
2026-08-25 21:47:37,958 [INFO] ★ 진행: processed=204 | pending=66 | active=1 | subdivide=0 | 식당=233 | 속도=0.8/분 | ETA 80.9분
2026-08-25 21:47:47,972 [INFO] ★ 진행: processed=204 | pending=66 | active=1 | subdivide=0 | 식당=233 | 속도=0.8/분 | ETA 81.0분
2026-08-25 21:47:52,750 [WARNING] [W0] VPN rotate 타임아웃
2026-08-25 21:47:55,510 [WARNING] [W0] SOCKS dead → 즉시 rotate: Page.goto: net::ERR_PROXY_CONNECTION_FAILED at https://www.google.com/maps/searc
2026-08-25 21:47:55,512 [INFO] [W0] VPN rotate 요청 (old=de1163.nordvpn.com (194.88.99.62:443))
2026-08-25 21:47:58,008 [INFO] ★ 진행: processed=204 | pending=66 | active=1 | subdivide=0 | 식당=233 | 속도=0.8/분 | ETA 81.0분
2026-08-25 21:48:08,009 [INFO] ★ 진행: processed=204 | pending=66 | active=1 | subdivide=0 | 식당=233 | 속도=0.8/분 | ETA 81.1분
2026-08-25 21:48:18,387 [INFO] ★ 진행: processed=204 | pending=66 | active=1 | subdivide=0 | 식당=233 | 속도=0.8/분 | ETA 81.1분
2026-08-25 21:48:28,388 [INFO] ★ 진행: processed=204 | pending=66 | active=1 | subdivide=0 | 식당=233 | 속도=0.8/분 | ETA 81.2분
2026-08-25 21:48:38,389 [INFO] ★ 진행: processed=204 | pending=66 | active=1 | subdivide=0 | 식당=233 | 속도=0.8/분 | ETA 81.3분
2026-08-25 21:48:41,562 [WARNING] [W0] VPN rotate 타임아웃
2026-08-25 21:48:43,758 [WARNING] [W0] SOCKS dead → 즉시 rotate: Page.goto: net::ERR_PROXY_CONNECTION_FAILED at https://www.google.com/maps/searc
2026-08-25 21:48:44,325 [INFO] [W0] VPN rotate 요청 (old=de1163.nordvpn.com (194.88.99.62:443))
2026-08-25 21:48:48,398 [INFO] ★ 진행: processed=204 | pending=66 | active=1 | subdivide=0 | 식당=233 | 속도=0.8/분 | ETA 81.3분
2026-08-25 21:48:58,432 [INFO] ★ 진행: processed=204 | pending=66 | active=1 | subdivide=0 | 식당=233 | 속도=0.8/분 | ETA 81.4분
2026-08-25 21:49:08,443 [INFO] ★ 진행: processed=204 | pending=66 | active=1 | subdivide=0 | 식당=233 | 속도=0.8/분 | ETA 81.4분
2026-08-25 21:49:18,462 [INFO] ★ 진행: processed=204 | pending=66 | active=1 | subdivide=0 | 식당=233 | 속도=0.8/분 | ETA 81.5분
2026-08-25 21:49:28,484 [INFO] ★ 진행: processed=204 | pending=66 | active=1 | subdivide=0 | 식당=233 | 속도=0.8/분 | ETA 81.5분
2026-08-25 21:49:30,375 [WARNING] [W0] VPN rotate 타임아웃
2026-08-25 21:49:32,598 [WARNING] [W0] SOCKS dead → 즉시 rotate: Page.goto: net::ERR_PROXY_CONNECTION_FAILED at https://www.google.com/maps/searc
2026-08-25 21:49:32,602 [INFO] [W0] VPN rotate 요청 (old=de1163.nordvpn.com (194.88.99.62:443))
2026-08-25 21:49:38,504 [INFO] ★ 진행: processed=204 | pending=66 | active=1 | subdivide=0 | 식당=233 | 속도=0.8/분 | ETA 81.6분
2026-08-25 21:49:48,509 [INFO] ★ 진행: processed=204 | pending=66 | active=1 | subdivide=0 | 식당=233 | 속도=0.8/분 | ETA 81.6분
2026-08-25 21:49:58,531 [INFO] ★ 진행: processed=204 | pending=66 | active=1 | subdivide=0 | 식당=233 | 속도=0.8/분 | ETA 81.7분
2026-08-25 21:50:08,532 [INFO] ★ 진행: processed=204 | pending=66 | active=1 | subdivide=0 | 식당=233 | 속도=0.8/분 | ETA 81.7분
2026-08-25 21:50:18,533 [INFO] ★ 진행: processed=204 | pending=66 | active=1 | subdivide=0 | 식당=233 | 속도=0.8/분 | ETA 81.8분
2026-08-25 21:50:18,643 [WARNING] [W0] VPN rotate 타임아웃
2026-08-25 21:50:20,849 [WARNING] [W0] SOCKS dead → 즉시 rotate: Page.goto: net::ERR_PROXY_CONNECTION_FAILED at https://www.google.com/maps/searc
2026-08-25 21:50:20,850 [INFO] [W0] VPN rotate 요청 (old=de1163.nordvpn.com (194.88.99.62:443))
2026-08-25 21:50:28,534 [INFO] ★ 진행: processed=204 | pending=66 | active=1 | subdivide=0 | 식당=233 | 속도=0.8/분 | ETA 81.8분
2026-08-25 21:50:38,535 [INFO] ★ 진행: processed=204 | pending=66 | active=1 | subdivide=0 | 식당=233 | 속도=0.8/분 | ETA 81.9분
2026-08-25 21:50:48,537 [INFO] ★ 진행: processed=204 | pending=66 | active=1 | subdivide=0 | 식당=233 | 속도=0.8/분 | ETA 82.0분
2026-08-25 21:50:52,897 [INFO] [W0] VPN rotated → nl1071.nordvpn.com (64.238.204.30:443)
2026-08-25 21:50:58,539 [INFO] ★ 진행: processed=204 | pending=66 | active=1 | subdivide=0 | 식당=233 | 속도=0.8/분 | ETA 82.0분
2026-08-25 21:51:08,541 [INFO] ★ 진행: processed=204 | pending=66 | active=1 | subdivide=0 | 식당=233 | 속도=0.8/분 | ETA 82.1분
2026-08-25 21:51:13,077 [WARNING]     goto timeout (try 1)
2026-08-25 21:51:18,136 [WARNING] [W0] SOCKS dead → 즉시 rotate: Page.goto: net::ERR_SOCKS_CONNECTION_FAILED at https://www.google.com/maps/searc
2026-08-25 21:51:18,147 [INFO] [W0] VPN rotate 요청 (old=nl1071.nordvpn.com (64.238.204.30:443))
2026-08-25 21:51:18,543 [INFO] ★ 진행: processed=204 | pending=66 | active=1 | subdivide=0 | 식당=233 | 속도=0.8/분 | ETA 82.1분
2026-08-25 21:51:28,544 [INFO] ★ 진행: processed=204 | pending=66 | active=1 | subdivide=0 | 식당=233 | 속도=0.8/분 | ETA 82.2분
2026-08-25 21:51:38,546 [INFO] ★ 진행: processed=204 | pending=66 | active=1 | subdivide=0 | 식당=233 | 속도=0.8/분 | ETA 82.2분
2026-08-25 21:51:48,547 [INFO] ★ 진행: processed=204 | pending=66 | active=1 | subdivide=0 | 식당=233 | 속도=0.8/분 | ETA 82.3분
2026-08-25 21:51:58,548 [INFO] ★ 진행: processed=204 | pending=66 | active=1 | subdivide=0 | 식당=233 | 속도=0.8/분 | ETA 82.3분
2026-08-25 21:52:04,181 [WARNING] [W0] VPN rotate 타임아웃
2026-08-25 21:52:08,549 [INFO] ★ 진행: processed=204 | pending=66 | active=1 | subdivide=0 | 식당=233 | 속도=0.8/분 | ETA 82.4분
2026-08-25 21:52:11,715 [WARNING] [W0] SOCKS dead → 즉시 rotate: Page.goto: net::ERR_SOCKS_CONNECTION_FAILED at https://www.google.com/maps/searc
2026-08-25 21:52:11,717 [INFO] [W0] VPN rotate 요청 (old=nl1071.nordvpn.com (64.238.204.30:443))
2026-08-25 21:52:18,550 [INFO] ★ 진행: processed=204 | pending=66 | active=1 | subdivide=0 | 식당=233 | 속도=0.8/분 | ETA 82.4분
2026-08-25 21:52:28,552 [INFO] ★ 진행: processed=204 | pending=66 | active=1 | subdivide=0 | 식당=233 | 속도=0.8/분 | ETA 82.5분
2026-08-25 21:52:38,554 [INFO] ★ 진행: processed=204 | pending=66 | active=1 | subdivide=0 | 식당=233 | 속도=0.8/분 | ETA 82.5분
2026-08-25 21:52:48,565 [INFO] ★ 진행: processed=204 | pending=66 | active=1 | subdivide=0 | 식당=233 | 속도=0.8/분 | ETA 82.6분
2026-08-25 21:52:57,757 [WARNING] [W0] VPN rotate 타임아웃
2026-08-25 21:52:58,566 [INFO] ★ 진행: processed=204 | pending=66 | active=1 | subdivide=0 | 식당=233 | 속도=0.8/분 | ETA 82.7분
2026-08-25 21:53:00,870 [WARNING] [W0] SOCKS dead → 즉시 rotate: Page.goto: net::ERR_SOCKS_CONNECTION_FAILED at https://www.google.com/maps/searc
2026-08-25 21:53:00,871 [INFO] [W0] VPN rotate 요청 (old=nl1071.nordvpn.com (64.238.204.30:443))
2026-08-25 21:53:08,567 [INFO] ★ 진행: processed=204 | pending=66 | active=1 | subdivide=0 | 식당=233 | 속도=0.8/분 | ETA 82.7분
2026-08-25 21:53:18,568 [INFO] ★ 진행: processed=204 | pending=66 | active=1 | subdivide=0 | 식당=233 | 속도=0.8/분 | ETA 82.8분
2026-08-25 21:53:28,569 [INFO] ★ 진행: processed=204 | pending=66 | active=1 | subdivide=0 | 식당=233 | 속도=0.8/분 | ETA 82.8분
2026-08-25 21:53:32,933 [INFO] [W0] VPN rotated → fr1293.nordvpn.com (187.15.115.66:443)
2026-08-25 21:53:38,570 [INFO] ★ 진행: processed=204 | pending=66 | active=1 | subdivide=0 | 식당=233 | 속도=0.8/분 | ETA 82.9분
2026-08-25 21:53:48,571 [INFO] ★ 진행: processed=204 | pending=66 | active=1 | subdivide=0 | 식당=233 | 속도=0.8/분 | ETA 82.9분
2026-08-25 21:53:58,573 [INFO] ★ 진행: processed=204 | pending=66 | active=1 | subdivide=0 | 식당=233 | 속도=0.8/분 | ETA 83.0분
2026-08-25 21:53:58,593 [INFO]     스크롤 14회로 끝까지 로드
2026-08-25 21:54:00,526 [INFO] [W0] (18.85025,98.90979) step=500m | 결과 59 신규 0 (100%중복) | 누적 233
2026-08-25 21:54:01,290 [WARNING] [W0] SOCKS dead → 즉시 rotate: Page.goto: net::ERR_SOCKS_CONNECTION_FAILED at https://www.google.com/maps/searc
2026-08-25 21:54:01,293 [INFO] [W0] VPN rotate 요청 (old=fr1293.nordvpn.com (187.15.115.66:443))
2026-08-25 21:54:05,248 [INFO]   ✓ 체크포인트 저장 (processed=205, 식당 233)
2026-08-25 21:54:08,578 [INFO] ★ 진행: processed=205 | pending=65 | active=1 | subdivide=0 | 식당=233 | 속도=0.8/분 | ETA 81.4분
2026-08-25 21:54:18,580 [INFO] ★ 진행: processed=205 | pending=65 | active=1 | subdivide=0 | 식당=233 | 속도=0.8/분 | ETA 81.4분
2026-08-25 21:54:28,581 [INFO] ★ 진행: processed=205 | pending=65 | active=1 | subdivide=0 | 식당=233 | 속도=0.8/분 | ETA 81.5분
2026-08-25 21:54:38,596 [INFO] ★ 진행: processed=205 | pending=65 | active=1 | subdivide=0 | 식당=233 | 속도=0.8/분 | ETA 81.5분
2026-08-25 21:54:47,327 [WARNING] [W0] VPN rotate 타임아웃
2026-08-25 21:54:47,474 [WARNING] [W0] SOCKS dead → 즉시 rotate: Page.goto: net::ERR_SOCKS_CONNECTION_FAILED at https://www.google.com/maps/searc
2026-08-25 21:54:47,477 [INFO] [W0] VPN rotate 요청 (old=fr1293.nordvpn.com (187.15.115.66:443))
2026-08-25 21:54:48,606 [INFO] ★ 진행: processed=205 | pending=65 | active=1 | subdivide=0 | 식당=233 | 속도=0.8/분 | ETA 81.6분
2026-08-25 21:54:58,607 [INFO] ★ 진행: processed=205 | pending=65 | active=1 | subdivide=0 | 식당=233 | 속도=0.8/분 | ETA 81.6분
2026-08-25 21:55:08,609 [INFO] ★ 진행: processed=205 | pending=65 | active=1 | subdivide=0 | 식당=233 | 속도=0.8/분 | ETA 81.7분
2026-08-25 21:55:18,619 [INFO] ★ 진행: processed=205 | pending=65 | active=1 | subdivide=0 | 식당=233 | 속도=0.8/분 | ETA 81.7분
2026-08-25 21:55:25,508 [INFO] [W0] VPN rotated → de1601.nordvpn.com (187.40.49.12:443)
2026-08-25 21:55:28,619 [INFO] ★ 진행: processed=205 | pending=65 | active=1 | subdivide=0 | 식당=233 | 속도=0.8/분 | ETA 81.8분
2026-08-25 21:55:38,621 [INFO] ★ 진행: processed=205 | pending=65 | active=1 | subdivide=0 | 식당=233 | 속도=0.8/분 | ETA 81.8분
2026-08-25 21:55:45,651 [WARNING]     goto timeout (try 1)
2026-08-25 21:55:48,622 [INFO] ★ 진행: processed=205 | pending=65 | active=1 | subdivide=0 | 식당=233 | 속도=0.8/분 | ETA 81.9분
2026-08-25 21:55:50,685 [WARNING] [W0] SOCKS dead → 즉시 rotate: Page.goto: net::ERR_SOCKS_CONNECTION_FAILED at https://www.google.com/maps/searc
2026-08-25 21:55:50,687 [INFO] [W0] VPN rotate 요청 (old=de1601.nordvpn.com (187.40.49.12:443))
2026-08-25 21:55:58,623 [INFO] ★ 진행: processed=205 | pending=65 | active=1 | subdivide=0 | 식당=233 | 속도=0.8/분 | ETA 82.0분
2026-08-25 21:56:08,624 [INFO] ★ 진행: processed=205 | pending=65 | active=1 | subdivide=0 | 식당=233 | 속도=0.8/분 | ETA 82.0분
2026-08-25 21:56:18,625 [INFO] ★ 진행: processed=205 | pending=65 | active=1 | subdivide=0 | 식당=233 | 속도=0.8/분 | ETA 82.1분
2026-08-25 21:56:28,627 [INFO] ★ 진행: processed=205 | pending=65 | active=1 | subdivide=0 | 식당=233 | 속도=0.8/분 | ETA 82.1분
2026-08-25 21:56:36,728 [WARNING] [W0] VPN rotate 타임아웃
2026-08-25 21:56:38,628 [INFO] ★ 진행: processed=205 | pending=65 | active=1 | subdivide=0 | 식당=233 | 속도=0.8/분 | ETA 82.2분
2026-08-25 21:56:39,866 [WARNING] [W0] SOCKS dead → 즉시 rotate: Page.goto: net::ERR_SOCKS_CONNECTION_FAILED at https://www.google.com/maps/searc
2026-08-25 21:56:39,869 [INFO] [W0] VPN rotate 요청 (old=de1601.nordvpn.com (187.40.49.12:443))
2026-08-25 21:56:48,629 [INFO] ★ 진행: processed=205 | pending=65 | active=1 | subdivide=0 | 식당=233 | 속도=0.8/분 | ETA 82.2분
2026-08-25 21:56:58,630 [INFO] ★ 진행: processed=205 | pending=65 | active=1 | subdivide=0 | 식당=233 | 속도=0.8/분 | ETA 82.3분
2026-08-25 21:57:08,632 [INFO] ★ 진행: processed=205 | pending=65 | active=1 | subdivide=0 | 식당=233 | 속도=0.8/분 | ETA 82.3분
2026-08-25 21:57:18,633 [INFO] ★ 진행: processed=205 | pending=65 | active=1 | subdivide=0 | 식당=233 | 속도=0.8/분 | ETA 82.4분
2026-08-25 21:57:25,933 [WARNING] [W0] VPN rotate 타임아웃
2026-08-25 21:57:26,095 [WARNING] [W0] SOCKS dead → 즉시 rotate: Page.goto: net::ERR_SOCKS_CONNECTION_FAILED at https://www.google.com/maps/searc
2026-08-25 21:57:26,097 [INFO] [W0] VPN rotate 요청 (old=de1601.nordvpn.com (187.40.49.12:443))
2026-08-25 21:57:28,634 [INFO] ★ 진행: processed=205 | pending=65 | active=1 | subdivide=0 | 식당=233 | 속도=0.8/분 | ETA 82.4분
2026-08-25 21:57:38,636 [INFO] ★ 진행: processed=205 | pending=65 | active=1 | subdivide=0 | 식당=233 | 속도=0.8/분 | ETA 82.5분
2026-08-25 21:57:48,637 [INFO] ★ 진행: processed=205 | pending=65 | active=1 | subdivide=0 | 식당=233 | 속도=0.8/분 | ETA 82.5분
2026-08-25 21:57:58,638 [INFO] ★ 진행: processed=205 | pending=65 | active=1 | subdivide=0 | 식당=233 | 속도=0.8/분 | ETA 82.6분
2026-08-25 21:58:08,639 [INFO] ★ 진행: processed=205 | pending=65 | active=1 | subdivide=0 | 식당=233 | 속도=0.8/분 | ETA 82.6분
2026-08-25 21:58:12,141 [WARNING] [W0] VPN rotate 타임아웃
2026-08-25 21:58:14,290 [WARNING] [W0] SOCKS dead → 즉시 rotate: Page.goto: net::ERR_PROXY_CONNECTION_FAILED at https://www.google.com/maps/searc
2026-08-25 21:58:14,292 [INFO] [W0] VPN rotate 요청 (old=nl1049.nordvpn.com (149.40.59.212:443))
2026-08-25 21:58:18,641 [INFO] ★ 진행: processed=205 | pending=65 | active=1 | subdivide=0 | 식당=233 | 속도=0.8/분 | ETA 82.7분
2026-08-25 21:58:28,642 [INFO] ★ 진행: processed=205 | pending=65 | active=1 | subdivide=0 | 식당=233 | 속도=0.8/분 | ETA 82.7분
2026-08-25 21:58:38,643 [INFO] ★ 진행: processed=205 | pending=65 | active=1 | subdivide=0 | 식당=233 | 속도=0.8/분 | ETA 82.8분
2026-08-25 21:58:48,644 [INFO] ★ 진행: processed=205 | pending=65 | active=1 | subdivide=0 | 식당=233 | 속도=0.8/분 | ETA 82.9분
2026-08-25 21:58:58,645 [INFO] ★ 진행: processed=205 | pending=65 | active=1 | subdivide=0 | 식당=233 | 속도=0.8/분 | ETA 82.9분
2026-08-25 21:59:00,333 [WARNING] [W0] VPN rotate 타임아웃
2026-08-25 21:59:00,471 [WARNING] [W0] SOCKS dead → 즉시 rotate: Page.goto: net::ERR_SOCKS_CONNECTION_FAILED at https://www.google.com/maps/searc
2026-08-25 21:59:00,473 [INFO] [W0] VPN rotate 요청 (old=nl1049.nordvpn.com (149.40.59.212:443))
2026-08-25 21:59:08,646 [INFO] ★ 진행: processed=205 | pending=65 | active=1 | subdivide=0 | 식당=233 | 속도=0.8/분 | ETA 83.0분
2026-08-25 21:59:18,647 [INFO] ★ 진행: processed=205 | pending=65 | active=1 | subdivide=0 | 식당=233 | 속도=0.8/분 | ETA 83.0분
2026-08-25 21:59:22,509 [INFO] [W0] VPN rotated → de1549.nordvpn.com (187.40.53.128:443)
2026-08-25 21:59:24,785 [WARNING] [W0] SOCKS dead → 즉시 rotate: Page.goto: net::ERR_SOCKS_CONNECTION_FAILED at https://www.google.com/maps/searc
2026-08-25 21:59:24,787 [INFO] [W0] VPN rotate 요청 (old=de1549.nordvpn.com (187.40.53.128:443))
2026-08-25 21:59:28,650 [INFO] ★ 진행: processed=205 | pending=65 | active=1 | subdivide=0 | 식당=233 | 속도=0.8/분 | ETA 83.1분
2026-08-25 21:59:38,651 [INFO] ★ 진행: processed=205 | pending=65 | active=1 | subdivide=0 | 식당=233 | 속도=0.8/분 | ETA 83.1분
2026-08-25 21:59:48,652 [INFO] ★ 진행: processed=205 | pending=65 | active=1 | subdivide=0 | 식당=233 | 속도=0.8/분 | ETA 83.2분
2026-08-25 21:59:58,654 [INFO] ★ 진행: processed=205 | pending=65 | active=1 | subdivide=0 | 식당=233 | 속도=0.8/분 | ETA 83.2분
2026-08-25 22:00:08,654 [INFO] ★ 진행: processed=205 | pending=65 | active=1 | subdivide=0 | 식당=233 | 속도=0.8/분 | ETA 83.3분
2026-08-25 22:00:10,809 [WARNING] [W0] VPN rotate 타임아웃
2026-08-25 22:00:10,957 [WARNING] [W0] SOCKS dead → 즉시 rotate: Page.goto: net::ERR_SOCKS_CONNECTION_FAILED at https://www.google.com/maps/searc
2026-08-25 22:00:10,959 [INFO] [W0] VPN rotate 요청 (old=de1549.nordvpn.com (187.40.53.128:443))
2026-08-25 22:00:18,655 [INFO] ★ 진행: processed=205 | pending=65 | active=1 | subdivide=0 | 식당=233 | 속도=0.8/분 | ETA 83.3분
2026-08-25 22:00:28,656 [INFO] ★ 진행: processed=205 | pending=65 | active=1 | subdivide=0 | 식당=233 | 속도=0.8/분 | ETA 83.4분
2026-08-25 22:00:38,657 [INFO] ★ 진행: processed=205 | pending=65 | active=1 | subdivide=0 | 식당=233 | 속도=0.8/분 | ETA 83.4분
2026-08-25 22:00:48,659 [INFO] ★ 진행: processed=205 | pending=65 | active=1 | subdivide=0 | 식당=233 | 속도=0.8/분 | ETA 83.5분
2026-08-25 22:00:57,002 [WARNING] [W0] VPN rotate 타임아웃
2026-08-25 22:00:58,661 [INFO] ★ 진행: processed=205 | pending=65 | active=1 | subdivide=0 | 식당=233 | 속도=0.8/분 | ETA 83.5분
2026-08-25 22:00:59,169 [WARNING] [W0] SOCKS dead → 즉시 rotate: Page.goto: net::ERR_PROXY_CONNECTION_FAILED at https://www.google.com/maps/searc
2026-08-25 22:00:59,171 [INFO] [W0] VPN rotate 요청 (old=tw235.nordvpn.com (187.15.121.10:443))
2026-08-25 22:01:08,663 [INFO] ★ 진행: processed=205 | pending=65 | active=1 | subdivide=0 | 식당=233 | 속도=0.8/분 | ETA 83.6분
2026-08-25 22:01:18,664 [INFO] ★ 진행: processed=205 | pending=65 | active=1 | subdivide=0 | 식당=233 | 속도=0.8/분 | ETA 83.6분
2026-08-25 22:01:28,665 [INFO] ★ 진행: processed=205 | pending=65 | active=1 | subdivide=0 | 식당=233 | 속도=0.8/분 | ETA 83.7분
2026-08-25 22:01:38,666 [INFO] ★ 진행: processed=205 | pending=65 | active=1 | subdivide=0 | 식당=233 | 속도=0.8/분 | ETA 83.8분
2026-08-25 22:01:45,217 [WARNING] [W0] VPN rotate 타임아웃
2026-08-25 22:01:47,385 [WARNING] [W0] SOCKS dead → 즉시 rotate: Page.goto: net::ERR_SOCKS_CONNECTION_FAILED at https://www.google.com/maps/searc
2026-08-25 22:01:47,386 [INFO] [W0] VPN rotate 요청 (old=tw235.nordvpn.com (187.15.121.10:443))
2026-08-25 22:01:48,667 [INFO] ★ 진행: processed=205 | pending=65 | active=1 | subdivide=0 | 식당=233 | 속도=0.8/분 | ETA 83.8분
2026-08-25 22:01:58,668 [INFO] ★ 진행: processed=205 | pending=65 | active=1 | subdivide=0 | 식당=233 | 속도=0.8/분 | ETA 83.9분
2026-08-25 22:02:08,669 [INFO] ★ 진행: processed=205 | pending=65 | active=1 | subdivide=0 | 식당=233 | 속도=0.8/분 | ETA 83.9분
2026-08-25 22:02:18,671 [INFO] ★ 진행: processed=205 | pending=65 | active=1 | subdivide=0 | 식당=233 | 속도=0.8/분 | ETA 84.0분
2026-08-25 22:02:28,672 [INFO] ★ 진행: processed=205 | pending=65 | active=1 | subdivide=0 | 식당=233 | 속도=0.8/분 | ETA 84.0분
2026-08-25 22:02:33,421 [WARNING] [W0] VPN rotate 타임아웃
2026-08-25 22:02:33,571 [WARNING] [W0] SOCKS dead → 즉시 rotate: Page.goto: net::ERR_SOCKS_CONNECTION_FAILED at https://www.google.com/maps/searc
2026-08-25 22:02:33,573 [INFO] [W0] VPN rotate 요청 (old=tw235.nordvpn.com (187.15.121.10:443))
2026-08-25 22:02:38,673 [INFO] ★ 진행: processed=205 | pending=65 | active=1 | subdivide=0 | 식당=233 | 속도=0.8/분 | ETA 84.1분
2026-08-25 22:02:48,673 [INFO] ★ 진행: processed=205 | pending=65 | active=1 | subdivide=0 | 식당=233 | 속도=0.8/분 | ETA 84.1분
2026-08-25 22:02:58,675 [INFO] ★ 진행: processed=205 | pending=65 | active=1 | subdivide=0 | 식당=233 | 속도=0.8/분 | ETA 84.2분
2026-08-25 22:03:08,676 [INFO] ★ 진행: processed=205 | pending=65 | active=1 | subdivide=0 | 식당=233 | 속도=0.8/분 | ETA 84.2분
2026-08-25 22:03:18,676 [INFO] ★ 진행: processed=205 | pending=65 | active=1 | subdivide=0 | 식당=233 | 속도=0.8/분 | ETA 84.3분
2026-08-25 22:03:19,615 [WARNING] [W0] VPN rotate 타임아웃
2026-08-25 22:03:21,816 [WARNING] [W0] SOCKS dead → 즉시 rotate: Page.goto: net::ERR_PROXY_CONNECTION_FAILED at https://www.google.com/maps/searc
2026-08-25 22:03:21,819 [INFO] [W0] VPN rotate 요청 (old=nl834.nordvpn.com (178.239.173.175:443))
2026-08-25 22:03:28,678 [INFO] ★ 진행: processed=205 | pending=65 | active=1 | subdivide=0 | 식당=233 | 속도=0.8/분 | ETA 84.3분
2026-08-25 22:03:38,685 [INFO] ★ 진행: processed=205 | pending=65 | active=1 | subdivide=0 | 식당=233 | 속도=0.8/분 | ETA 84.4분
2026-08-25 22:03:48,688 [INFO] ★ 진행: processed=205 | pending=65 | active=1 | subdivide=0 | 식당=233 | 속도=0.8/분 | ETA 84.4분
2026-08-25 22:03:58,700 [INFO] ★ 진행: processed=205 | pending=65 | active=1 | subdivide=0 | 식당=233 | 속도=0.8/분 | ETA 84.5분
2026-08-25 22:04:07,851 [WARNING] [W0] VPN rotate 타임아웃
2026-08-25 22:04:08,718 [INFO] ★ 진행: processed=205 | pending=65 | active=1 | subdivide=0 | 식당=233 | 속도=0.8/분 | ETA 84.5분
2026-08-25 22:04:10,027 [WARNING] [W0] SOCKS dead → 즉시 rotate: Page.goto: net::ERR_PROXY_CONNECTION_FAILED at https://www.google.com/maps/searc
2026-08-25 22:04:10,040 [INFO] [W0] VPN rotate 요청 (old=nl834.nordvpn.com (178.239.173.175:443))
2026-08-25 22:04:18,756 [INFO] ★ 진행: processed=205 | pending=65 | active=1 | subdivide=0 | 식당=233 | 속도=0.8/분 | ETA 84.6분
2026-08-25 22:04:28,758 [INFO] ★ 진행: processed=205 | pending=65 | active=1 | subdivide=0 | 식당=233 | 속도=0.8/분 | ETA 84.7분
2026-08-25 22:04:38,760 [INFO] ★ 진행: processed=205 | pending=65 | active=1 | subdivide=0 | 식당=233 | 속도=0.8/분 | ETA 84.7분
2026-08-25 22:04:48,763 [INFO] ★ 진행: processed=205 | pending=65 | active=1 | subdivide=0 | 식당=233 | 속도=0.8/분 | ETA 84.8분
2026-08-25 22:04:56,066 [WARNING] [W0] VPN rotate 타임아웃
2026-08-25 22:04:56,231 [WARNING] [W0] SOCKS dead → 즉시 rotate: Page.goto: net::ERR_SOCKS_CONNECTION_FAILED at https://www.google.com/maps/searc
2026-08-25 22:04:56,233 [INFO] [W0] VPN rotate 요청 (old=nl834.nordvpn.com (178.239.173.175:443))
2026-08-25 22:04:58,764 [INFO] ★ 진행: processed=205 | pending=65 | active=1 | subdivide=0 | 식당=233 | 속도=0.8/분 | ETA 84.8분
2026-08-25 22:05:08,767 [INFO] ★ 진행: processed=205 | pending=65 | active=1 | subdivide=0 | 식당=233 | 속도=0.8/분 | ETA 84.9분
2026-08-25 22:05:18,768 [INFO] ★ 진행: processed=205 | pending=65 | active=1 | subdivide=0 | 식당=233 | 속도=0.8/분 | ETA 84.9분
2026-08-25 22:05:28,772 [INFO] ★ 진행: processed=205 | pending=65 | active=1 | subdivide=0 | 식당=233 | 속도=0.8/분 | ETA 85.0분
2026-08-25 22:05:38,773 [INFO] ★ 진행: processed=205 | pending=65 | active=1 | subdivide=0 | 식당=233 | 속도=0.8/분 | ETA 85.0분
2026-08-25 22:05:42,263 [WARNING] [W0] VPN rotate 타임아웃
2026-08-25 22:05:44,442 [WARNING] [W0] SOCKS dead → 즉시 rotate: Page.goto: net::ERR_PROXY_CONNECTION_FAILED at https://www.google.com/maps/searc
2026-08-25 22:05:44,445 [INFO] [W0] VPN rotate 요청 (old=fr1004.nordvpn.com (109.69.110.140:443))
2026-08-25 22:05:48,776 [INFO] ★ 진행: processed=205 | pending=65 | active=1 | subdivide=0 | 식당=233 | 속도=0.8/분 | ETA 85.1분
2026-08-25 22:05:58,780 [INFO] ★ 진행: processed=205 | pending=65 | active=1 | subdivide=0 | 식당=233 | 속도=0.8/분 | ETA 85.1분
2026-08-25 22:06:08,783 [INFO] ★ 진행: processed=205 | pending=65 | active=1 | subdivide=0 | 식당=233 | 속도=0.8/분 | ETA 85.2분
2026-08-25 22:06:18,786 [INFO] ★ 진행: processed=205 | pending=65 | active=1 | subdivide=0 | 식당=233 | 속도=0.8/분 | ETA 85.2분
2026-08-25 22:06:28,788 [INFO] ★ 진행: processed=205 | pending=65 | active=1 | subdivide=0 | 식당=233 | 속도=0.8/분 | ETA 85.3분
2026-08-25 22:06:30,472 [WARNING] [W0] VPN rotate 타임아웃
2026-08-25 22:06:32,630 [WARNING] [W0] SOCKS dead → 즉시 rotate: Page.goto: net::ERR_PROXY_CONNECTION_FAILED at https://www.google.com/maps/searc
2026-08-25 22:06:32,632 [INFO] [W0] VPN rotate 요청 (old=fr1004.nordvpn.com (109.69.110.140:443))
2026-08-25 22:06:38,791 [INFO] ★ 진행: processed=205 | pending=65 | active=1 | subdivide=0 | 식당=233 | 속도=0.8/분 | ETA 85.3분
2026-08-25 22:06:48,793 [INFO] ★ 진행: processed=205 | pending=65 | active=1 | subdivide=0 | 식당=233 | 속도=0.8/분 | ETA 85.4분
2026-08-25 22:06:58,795 [INFO] ★ 진행: processed=205 | pending=65 | active=1 | subdivide=0 | 식당=233 | 속도=0.8/분 | ETA 85.4분
2026-08-25 22:07:08,796 [INFO] ★ 진행: processed=205 | pending=65 | active=1 | subdivide=0 | 식당=233 | 속도=0.8/분 | ETA 85.5분
2026-08-25 22:07:18,661 [WARNING] [W0] VPN rotate 타임아웃
2026-08-25 22:07:18,800 [INFO] ★ 진행: processed=205 | pending=65 | active=1 | subdivide=0 | 식당=233 | 속도=0.8/분 | ETA 85.5분
2026-08-25 22:07:20,830 [WARNING] [W0] SOCKS dead → 즉시 rotate: Page.goto: net::ERR_PROXY_CONNECTION_FAILED at https://www.google.com/maps/searc
2026-08-25 22:07:20,833 [INFO] [W0] VPN rotate 요청 (old=fr1004.nordvpn.com (109.69.110.140:443))
2026-08-25 22:07:28,802 [INFO] ★ 진행: processed=205 | pending=65 | active=1 | subdivide=0 | 식당=233 | 속도=0.8/분 | ETA 85.6분
2026-08-25 22:07:38,804 [INFO] ★ 진행: processed=205 | pending=65 | active=1 | subdivide=0 | 식당=233 | 속도=0.8/분 | ETA 85.7분
2026-08-25 22:07:48,807 [INFO] ★ 진행: processed=205 | pending=65 | active=1 | subdivide=0 | 식당=233 | 속도=0.8/분 | ETA 85.7분
2026-08-25 22:07:58,809 [INFO] ★ 진행: processed=205 | pending=65 | active=1 | subdivide=0 | 식당=233 | 속도=0.8/분 | ETA 85.8분
2026-08-25 22:08:06,866 [WARNING] [W0] VPN rotate 타임아웃
2026-08-25 22:08:07,003 [WARNING] [W0] SOCKS dead → 즉시 rotate: Page.goto: net::ERR_SOCKS_CONNECTION_FAILED at https://www.google.com/maps/searc
2026-08-25 22:08:07,006 [INFO] [W0] VPN rotate 요청 (old=fr1004.nordvpn.com (109.69.110.140:443))
2026-08-25 22:08:08,811 [INFO] ★ 진행: processed=205 | pending=65 | active=1 | subdivide=0 | 식당=233 | 속도=0.8/분 | ETA 85.8분
2026-08-25 22:08:18,814 [INFO] ★ 진행: processed=205 | pending=65 | active=1 | subdivide=0 | 식당=233 | 속도=0.8/분 | ETA 85.9분
2026-08-25 22:08:28,815 [INFO] ★ 진행: processed=205 | pending=65 | active=1 | subdivide=0 | 식당=233 | 속도=0.8/분 | ETA 85.9분
2026-08-25 22:08:38,816 [INFO] ★ 진행: processed=205 | pending=65 | active=1 | subdivide=0 | 식당=233 | 속도=0.8/분 | ETA 86.0분
2026-08-25 22:08:48,822 [INFO] ★ 진행: processed=205 | pending=65 | active=1 | subdivide=0 | 식당=233 | 속도=0.8/분 | ETA 86.0분
2026-08-25 22:08:53,080 [WARNING] [W0] VPN rotate 타임아웃
2026-08-25 22:08:58,178 [WARNING] [W0] SOCKS dead → 즉시 rotate: Page.goto: net::ERR_PROXY_CONNECTION_FAILED at https://www.google.com/maps/searc
2026-08-25 22:08:58,183 [INFO] [W0] VPN rotate 요청 (old=fr944.nordvpn.com (156.146.63.122:443))
2026-08-25 22:08:58,846 [INFO] ★ 진행: processed=205 | pending=65 | active=1 | subdivide=0 | 식당=233 | 속도=0.8/분 | ETA 86.1분
2026-08-25 22:09:08,883 [INFO] ★ 진행: processed=205 | pending=65 | active=1 | subdivide=0 | 식당=233 | 속도=0.8/분 | ETA 86.1분
2026-08-25 22:09:18,890 [INFO] ★ 진행: processed=205 | pending=65 | active=1 | subdivide=0 | 식당=233 | 속도=0.8/분 | ETA 86.2분
2026-08-25 22:09:28,973 [INFO] ★ 진행: processed=205 | pending=65 | active=1 | subdivide=0 | 식당=233 | 속도=0.8/분 | ETA 86.2분
2026-08-25 22:09:38,973 [INFO] ★ 진행: processed=205 | pending=65 | active=1 | subdivide=0 | 식당=233 | 속도=0.8/분 | ETA 86.3분
2026-08-25 22:09:44,713 [WARNING] [W0] VPN rotate 타임아웃
2026-08-25 22:09:46,895 [WARNING] [W0] SOCKS dead → 즉시 rotate: Page.goto: net::ERR_PROXY_CONNECTION_FAILED at https://www.google.com/maps/searc
2026-08-25 22:09:46,899 [INFO] [W0] VPN rotate 요청 (old=fr944.nordvpn.com (156.146.63.122:443))
2026-08-25 22:09:48,974 [INFO] ★ 진행: processed=205 | pending=65 | active=1 | subdivide=0 | 식당=233 | 속도=0.8/분 | ETA 86.3분
2026-08-25 22:09:58,975 [INFO] ★ 진행: processed=205 | pending=65 | active=1 | subdivide=0 | 식당=233 | 속도=0.8/분 | ETA 86.4분
2026-08-25 22:10:08,977 [INFO] ★ 진행: processed=205 | pending=65 | active=1 | subdivide=0 | 식당=233 | 속도=0.8/분 | ETA 86.4분
2026-08-25 22:10:18,979 [INFO] ★ 진행: processed=205 | pending=65 | active=1 | subdivide=0 | 식당=233 | 속도=0.8/분 | ETA 86.5분
2026-08-25 22:10:28,980 [INFO] ★ 진행: processed=205 | pending=65 | active=1 | subdivide=0 | 식당=233 | 속도=0.8/분 | ETA 86.6분
2026-08-25 22:10:32,921 [WARNING] [W0] VPN rotate 타임아웃
2026-08-25 22:10:35,074 [WARNING] [W0] SOCKS dead → 즉시 rotate: Page.goto: net::ERR_PROXY_CONNECTION_FAILED at https://www.google.com/maps/searc
2026-08-25 22:10:35,082 [INFO] [W0] VPN rotate 요청 (old=fr944.nordvpn.com (156.146.63.122:443))
2026-08-25 22:10:38,982 [INFO] ★ 진행: processed=205 | pending=65 | active=1 | subdivide=0 | 식당=233 | 속도=0.8/분 | ETA 86.6분
2026-08-25 22:10:48,983 [INFO] ★ 진행: processed=205 | pending=65 | active=1 | subdivide=0 | 식당=233 | 속도=0.8/분 | ETA 86.7분
2026-08-25 22:10:58,984 [INFO] ★ 진행: processed=205 | pending=65 | active=1 | subdivide=0 | 식당=233 | 속도=0.7/분 | ETA 86.7분
2026-08-25 22:11:08,985 [INFO] ★ 진행: processed=205 | pending=65 | active=1 | subdivide=0 | 식당=233 | 속도=0.7/분 | ETA 86.8분
2026-08-25 22:11:18,987 [INFO] ★ 진행: processed=205 | pending=65 | active=1 | subdivide=0 | 식당=233 | 속도=0.7/분 | ETA 86.8분
2026-08-25 22:11:21,131 [WARNING] [W0] VPN rotate 타임아웃
2026-08-25 22:11:23,321 [WARNING] [W0] SOCKS dead → 즉시 rotate: Page.goto: net::ERR_PROXY_CONNECTION_FAILED at https://www.google.com/maps/searc
2026-08-25 22:11:23,325 [INFO] [W0] VPN rotate 요청 (old=fr944.nordvpn.com (156.146.63.122:443))
2026-08-25 22:11:28,989 [INFO] ★ 진행: processed=205 | pending=65 | active=1 | subdivide=0 | 식당=233 | 속도=0.7/분 | ETA 86.9분
2026-08-25 22:11:38,990 [INFO] ★ 진행: processed=205 | pending=65 | active=1 | subdivide=0 | 식당=233 | 속도=0.7/분 | ETA 86.9분
2026-08-25 22:11:48,993 [INFO] ★ 진행: processed=205 | pending=65 | active=1 | subdivide=0 | 식당=233 | 속도=0.7/분 | ETA 87.0분
2026-08-25 22:11:58,993 [INFO] ★ 진행: processed=205 | pending=65 | active=1 | subdivide=0 | 식당=233 | 속도=0.7/분 | ETA 87.0분
2026-08-25 22:12:08,996 [INFO] ★ 진행: processed=205 | pending=65 | active=1 | subdivide=0 | 식당=233 | 속도=0.7/분 | ETA 87.1분
2026-08-25 22:12:09,352 [WARNING] [W0] VPN rotate 타임아웃
2026-08-25 22:12:11,495 [WARNING] [W0] SOCKS dead → 즉시 rotate: Page.goto: net::ERR_PROXY_CONNECTION_FAILED at https://www.google.com/maps/searc
2026-08-25 22:12:11,506 [INFO] [W0] VPN rotate 요청 (old=fr944.nordvpn.com (156.146.63.122:443))
2026-08-25 22:12:19,001 [INFO] ★ 진행: processed=205 | pending=65 | active=1 | subdivide=0 | 식당=233 | 속도=0.7/분 | ETA 87.1분
2026-08-25 22:12:29,003 [INFO] ★ 진행: processed=205 | pending=65 | active=1 | subdivide=0 | 식당=233 | 속도=0.7/분 | ETA 87.2분
2026-08-25 22:12:39,005 [INFO] ★ 진행: processed=205 | pending=65 | active=1 | subdivide=0 | 식당=233 | 속도=0.7/분 | ETA 87.2분
2026-08-25 22:12:49,006 [INFO] ★ 진행: processed=205 | pending=65 | active=1 | subdivide=0 | 식당=233 | 속도=0.7/분 | ETA 87.3분
2026-08-25 22:12:57,528 [WARNING] [W0] VPN rotate 타임아웃
2026-08-25 22:12:59,008 [INFO] ★ 진행: processed=205 | pending=65 | active=1 | subdivide=0 | 식당=233 | 속도=0.7/분 | ETA 87.3분
2026-08-25 22:12:59,701 [WARNING] [W0] SOCKS dead → 즉시 rotate: Page.goto: net::ERR_PROXY_CONNECTION_FAILED at https://www.google.com/maps/searc
2026-08-25 22:12:59,703 [INFO] [W0] VPN rotate 요청 (old=fr944.nordvpn.com (156.146.63.122:443))
2026-08-25 22:13:09,010 [INFO] ★ 진행: processed=205 | pending=65 | active=1 | subdivide=0 | 식당=233 | 속도=0.7/분 | ETA 87.4분
2026-08-25 22:13:19,012 [INFO] ★ 진행: processed=205 | pending=65 | active=1 | subdivide=0 | 식당=233 | 속도=0.7/분 | ETA 87.5분
2026-08-25 22:13:29,013 [INFO] ★ 진행: processed=205 | pending=65 | active=1 | subdivide=0 | 식당=233 | 속도=0.7/분 | ETA 87.5분
2026-08-25 22:13:39,015 [INFO] ★ 진행: processed=205 | pending=65 | active=1 | subdivide=0 | 식당=233 | 속도=0.7/분 | ETA 87.6분
2026-08-25 22:13:45,751 [WARNING] [W0] VPN rotate 타임아웃
2026-08-25 22:13:45,898 [WARNING] [W0] SOCKS dead → 즉시 rotate: Page.goto: net::ERR_SOCKS_CONNECTION_FAILED at https://www.google.com/maps/searc
2026-08-25 22:13:45,901 [INFO] [W0] VPN rotate 요청 (old=fr944.nordvpn.com (156.146.63.122:443))
2026-08-25 22:13:49,017 [INFO] ★ 진행: processed=205 | pending=65 | active=1 | subdivide=0 | 식당=233 | 속도=0.7/분 | ETA 87.6분
2026-08-25 22:13:59,018 [INFO] ★ 진행: processed=205 | pending=65 | active=1 | subdivide=0 | 식당=233 | 속도=0.7/분 | ETA 87.7분
2026-08-25 22:14:09,019 [INFO] ★ 진행: processed=205 | pending=65 | active=1 | subdivide=0 | 식당=233 | 속도=0.7/분 | ETA 87.7분
2026-08-25 22:14:19,022 [INFO] ★ 진행: processed=205 | pending=65 | active=1 | subdivide=0 | 식당=233 | 속도=0.7/분 | ETA 87.8분
2026-08-25 22:14:29,023 [INFO] ★ 진행: processed=205 | pending=65 | active=1 | subdivide=0 | 식당=233 | 속도=0.7/분 | ETA 87.8분
2026-08-25 22:14:31,953 [WARNING] [W0] VPN rotate 타임아웃
2026-08-25 22:14:34,139 [WARNING] [W0] SOCKS dead → 즉시 rotate: Page.goto: net::ERR_PROXY_CONNECTION_FAILED at https://www.google.com/maps/searc
2026-08-25 22:14:34,143 [INFO] [W0] VPN rotate 요청 (old=de1141.nordvpn.com (212.23.215.2:443))
2026-08-25 22:14:39,025 [INFO] ★ 진행: processed=205 | pending=65 | active=1 | subdivide=0 | 식당=233 | 속도=0.7/분 | ETA 87.9분
2026-08-25 22:14:49,026 [INFO] ★ 진행: processed=205 | pending=65 | active=1 | subdivide=0 | 식당=233 | 속도=0.7/분 | ETA 87.9분
2026-08-25 22:14:59,028 [INFO] ★ 진행: processed=205 | pending=65 | active=1 | subdivide=0 | 식당=233 | 속도=0.7/분 | ETA 88.0분
2026-08-25 22:15:09,030 [INFO] ★ 진행: processed=205 | pending=65 | active=1 | subdivide=0 | 식당=233 | 속도=0.7/분 | ETA 88.0분
2026-08-25 22:15:19,031 [INFO] ★ 진행: processed=205 | pending=65 | active=1 | subdivide=0 | 식당=233 | 속도=0.7/분 | ETA 88.1분
2026-08-25 22:15:20,185 [WARNING] [W0] VPN rotate 타임아웃
2026-08-25 22:15:22,334 [WARNING] [W0] SOCKS dead → 즉시 rotate: Page.goto: net::ERR_PROXY_CONNECTION_FAILED at https://www.google.com/maps/searc
2026-08-25 22:15:22,336 [INFO] [W0] VPN rotate 요청 (old=de1141.nordvpn.com (212.23.215.2:443))
2026-08-25 22:15:29,034 [INFO] ★ 진행: processed=205 | pending=65 | active=1 | subdivide=0 | 식당=233 | 속도=0.7/분 | ETA 88.1분
2026-08-25 22:15:39,036 [INFO] ★ 진행: processed=205 | pending=65 | active=1 | subdivide=0 | 식당=233 | 속도=0.7/분 | ETA 88.2분
2026-08-25 22:15:49,038 [INFO] ★ 진행: processed=205 | pending=65 | active=1 | subdivide=0 | 식당=233 | 속도=0.7/분 | ETA 88.2분
2026-08-25 22:15:59,040 [INFO] ★ 진행: processed=205 | pending=65 | active=1 | subdivide=0 | 식당=233 | 속도=0.7/분 | ETA 88.3분
2026-08-25 22:16:08,382 [WARNING] [W0] VPN rotate 타임아웃
2026-08-25 22:16:09,042 [INFO] ★ 진행: processed=205 | pending=65 | active=1 | subdivide=0 | 식당=233 | 속도=0.7/분 | ETA 88.4분
2026-08-25 22:16:10,569 [WARNING] [W0] SOCKS dead → 즉시 rotate: Page.goto: net::ERR_PROXY_CONNECTION_FAILED at https://www.google.com/maps/searc
2026-08-25 22:16:10,583 [INFO] [W0] VPN rotate 요청 (old=de1141.nordvpn.com (212.23.215.2:443))
2026-08-25 22:16:19,042 [INFO] ★ 진행: processed=205 | pending=65 | active=1 | subdivide=0 | 식당=233 | 속도=0.7/분 | ETA 88.4분
2026-08-25 22:16:29,045 [INFO] ★ 진행: processed=205 | pending=65 | active=1 | subdivide=0 | 식당=233 | 속도=0.7/분 | ETA 88.5분
2026-08-25 22:16:39,047 [INFO] ★ 진행: processed=205 | pending=65 | active=1 | subdivide=0 | 식당=233 | 속도=0.7/분 | ETA 88.5분
2026-08-25 22:16:49,049 [INFO] ★ 진행: processed=205 | pending=65 | active=1 | subdivide=0 | 식당=233 | 속도=0.7/분 | ETA 88.6분
2026-08-25 22:16:56,617 [WARNING] [W0] VPN rotate 타임아웃
2026-08-25 22:16:58,791 [WARNING] [W0] SOCKS dead → 즉시 rotate: Page.goto: net::ERR_PROXY_CONNECTION_FAILED at https://www.google.com/maps/searc
2026-08-25 22:16:58,795 [INFO] [W0] VPN rotate 요청 (old=de1141.nordvpn.com (212.23.215.2:443))
2026-08-25 22:16:59,050 [INFO] ★ 진행: processed=205 | pending=65 | active=1 | subdivide=0 | 식당=233 | 속도=0.7/분 | ETA 88.6분
2026-08-25 22:17:09,053 [INFO] ★ 진행: processed=205 | pending=65 | active=1 | subdivide=0 | 식당=233 | 속도=0.7/분 | ETA 88.7분
2026-08-25 22:17:19,055 [INFO] ★ 진행: processed=205 | pending=65 | active=1 | subdivide=0 | 식당=233 | 속도=0.7/분 | ETA 88.7분
2026-08-25 22:17:29,056 [INFO] ★ 진행: processed=205 | pending=65 | active=1 | subdivide=0 | 식당=233 | 속도=0.7/분 | ETA 88.8분
2026-08-25 22:17:39,058 [INFO] ★ 진행: processed=205 | pending=65 | active=1 | subdivide=0 | 식당=233 | 속도=0.7/분 | ETA 88.8분
2026-08-25 22:17:44,842 [WARNING] [W0] VPN rotate 타임아웃
2026-08-25 22:17:47,030 [WARNING] [W0] SOCKS dead → 즉시 rotate: Page.goto: net::ERR_PROXY_CONNECTION_FAILED at https://www.google.com/maps/searc
2026-08-25 22:17:47,034 [INFO] [W0] VPN rotate 요청 (old=de1141.nordvpn.com (212.23.215.2:443))
2026-08-25 22:17:49,059 [INFO] ★ 진행: processed=205 | pending=65 | active=1 | subdivide=0 | 식당=233 | 속도=0.7/분 | ETA 88.9분
2026-08-25 22:17:59,061 [INFO] ★ 진행: processed=205 | pending=65 | active=1 | subdivide=0 | 식당=233 | 속도=0.7/분 | ETA 88.9분
2026-08-25 22:18:09,063 [INFO] ★ 진행: processed=205 | pending=65 | active=1 | subdivide=0 | 식당=233 | 속도=0.7/분 | ETA 89.0분
2026-08-25 22:18:19,064 [INFO] ★ 진행: processed=205 | pending=65 | active=1 | subdivide=0 | 식당=233 | 속도=0.7/분 | ETA 89.0분
2026-08-25 22:18:29,065 [INFO] ★ 진행: processed=205 | pending=65 | active=1 | subdivide=0 | 식당=233 | 속도=0.7/분 | ETA 89.1분
2026-08-25 22:18:33,062 [WARNING] [W0] VPN rotate 타임아웃
2026-08-25 22:18:35,247 [WARNING] [W0] SOCKS dead → 즉시 rotate: Page.goto: net::ERR_PROXY_CONNECTION_FAILED at https://www.google.com/maps/searc
2026-08-25 22:18:35,250 [INFO] [W0] VPN rotate 요청 (old=de1141.nordvpn.com (212.23.215.2:443))
2026-08-25 22:18:39,067 [INFO] ★ 진행: processed=205 | pending=65 | active=1 | subdivide=0 | 식당=233 | 속도=0.7/분 | ETA 89.1분
2026-08-25 22:18:49,068 [INFO] ★ 진행: processed=205 | pending=65 | active=1 | subdivide=0 | 식당=233 | 속도=0.7/분 | ETA 89.2분
2026-08-25 22:18:59,070 [INFO] ★ 진행: processed=205 | pending=65 | active=1 | subdivide=0 | 식당=233 | 속도=0.7/분 | ETA 89.3분
2026-08-25 22:19:09,071 [INFO] ★ 진행: processed=205 | pending=65 | active=1 | subdivide=0 | 식당=233 | 속도=0.7/분 | ETA 89.3분
2026-08-25 22:19:19,073 [INFO] ★ 진행: processed=205 | pending=65 | active=1 | subdivide=0 | 식당=233 | 속도=0.7/분 | ETA 89.4분
2026-08-25 22:19:21,306 [WARNING] [W0] VPN rotate 타임아웃
2026-08-25 22:19:23,466 [WARNING] [W0] SOCKS dead → 즉시 rotate: Page.goto: net::ERR_PROXY_CONNECTION_FAILED at https://www.google.com/maps/searc
2026-08-25 22:19:23,469 [INFO] [W0] VPN rotate 요청 (old=de1141.nordvpn.com (212.23.215.2:443))
2026-08-25 22:19:29,074 [INFO] ★ 진행: processed=205 | pending=65 | active=1 | subdivide=0 | 식당=233 | 속도=0.7/분 | ETA 89.4분
2026-08-25 22:19:39,076 [INFO] ★ 진행: processed=205 | pending=65 | active=1 | subdivide=0 | 식당=233 | 속도=0.7/분 | ETA 89.5분
2026-08-25 22:19:49,077 [INFO] ★ 진행: processed=205 | pending=65 | active=1 | subdivide=0 | 식당=233 | 속도=0.7/분 | ETA 89.5분
2026-08-25 22:19:59,078 [INFO] ★ 진행: processed=205 | pending=65 | active=1 | subdivide=0 | 식당=233 | 속도=0.7/분 | ETA 89.6분
2026-08-25 22:20:09,080 [INFO] ★ 진행: processed=205 | pending=65 | active=1 | subdivide=0 | 식당=233 | 속도=0.7/분 | ETA 89.6분
2026-08-25 22:20:09,521 [WARNING] [W0] VPN rotate 타임아웃
2026-08-25 22:20:11,675 [WARNING] [W0] SOCKS dead → 즉시 rotate: Page.goto: net::ERR_PROXY_CONNECTION_FAILED at https://www.google.com/maps/searc
2026-08-25 22:20:11,678 [INFO] [W0] VPN rotate 요청 (old=de1141.nordvpn.com (212.23.215.2:443))
2026-08-25 22:20:19,082 [INFO] ★ 진행: processed=205 | pending=65 | active=1 | subdivide=0 | 식당=233 | 속도=0.7/분 | ETA 89.7분
2026-08-25 22:20:29,084 [INFO] ★ 진행: processed=205 | pending=65 | active=1 | subdivide=0 | 식당=233 | 속도=0.7/분 | ETA 89.7분
2026-08-25 22:20:39,085 [INFO] ★ 진행: processed=205 | pending=65 | active=1 | subdivide=0 | 식당=233 | 속도=0.7/분 | ETA 89.8분
2026-08-25 22:20:49,086 [INFO] ★ 진행: processed=205 | pending=65 | active=1 | subdivide=0 | 식당=233 | 속도=0.7/분 | ETA 89.8분
2026-08-25 22:20:57,699 [WARNING] [W0] VPN rotate 타임아웃
2026-08-25 22:20:59,087 [INFO] ★ 진행: processed=205 | pending=65 | active=1 | subdivide=0 | 식당=233 | 속도=0.7/분 | ETA 89.9분
2026-08-25 22:20:59,878 [WARNING] [W0] SOCKS dead → 즉시 rotate: Page.goto: net::ERR_PROXY_CONNECTION_FAILED at https://www.google.com/maps/searc
2026-08-25 22:20:59,880 [INFO] [W0] VPN rotate 요청 (old=de1141.nordvpn.com (212.23.215.2:443))
2026-08-25 22:21:09,088 [INFO] ★ 진행: processed=205 | pending=65 | active=1 | subdivide=0 | 식당=233 | 속도=0.7/분 | ETA 89.9분
2026-08-25 22:21:19,090 [INFO] ★ 진행: processed=205 | pending=65 | active=1 | subdivide=0 | 식당=233 | 속도=0.7/분 | ETA 90.0분
2026-08-25 22:21:29,092 [INFO] ★ 진행: processed=205 | pending=65 | active=1 | subdivide=0 | 식당=233 | 속도=0.7/분 | ETA 90.0분
2026-08-25 22:21:39,093 [INFO] ★ 진행: processed=205 | pending=65 | active=1 | subdivide=0 | 식당=233 | 속도=0.7/분 | ETA 90.1분
2026-08-25 22:21:45,904 [WARNING] [W0] VPN rotate 타임아웃
2026-08-25 22:21:48,075 [WARNING] [W0] SOCKS dead → 즉시 rotate: Page.goto: net::ERR_PROXY_CONNECTION_FAILED at https://www.google.com/maps/searc
2026-08-25 22:21:48,078 [INFO] [W0] VPN rotate 요청 (old=de1141.nordvpn.com (212.23.215.2:443))
2026-08-25 22:21:49,094 [INFO] ★ 진행: processed=205 | pending=65 | active=1 | subdivide=0 | 식당=233 | 속도=0.7/분 | ETA 90.1분
2026-08-25 22:21:59,096 [INFO] ★ 진행: processed=205 | pending=65 | active=1 | subdivide=0 | 식당=233 | 속도=0.7/분 | ETA 90.2분
2026-08-25 22:22:09,099 [INFO] ★ 진행: processed=205 | pending=65 | active=1 | subdivide=0 | 식당=233 | 속도=0.7/분 | ETA 90.3분
2026-08-25 22:22:19,101 [INFO] ★ 진행: processed=205 | pending=65 | active=1 | subdivide=0 | 식당=233 | 속도=0.7/분 | ETA 90.3분
2026-08-25 22:22:29,103 [INFO] ★ 진행: processed=205 | pending=65 | active=1 | subdivide=0 | 식당=233 | 속도=0.7/분 | ETA 90.4분
2026-08-25 22:22:34,109 [WARNING] [W0] VPN rotate 타임아웃
2026-08-25 22:22:34,259 [WARNING] [W0] SOCKS dead → 즉시 rotate: Page.goto: net::ERR_SOCKS_CONNECTION_FAILED at https://www.google.com/maps/searc
2026-08-25 22:22:34,262 [INFO] [W0] VPN rotate 요청 (old=de1141.nordvpn.com (212.23.215.2:443))
2026-08-25 22:22:39,107 [INFO] ★ 진행: processed=205 | pending=65 | active=1 | subdivide=0 | 식당=233 | 속도=0.7/분 | ETA 90.4분
2026-08-25 22:22:49,109 [INFO] ★ 진행: processed=205 | pending=65 | active=1 | subdivide=0 | 식당=233 | 속도=0.7/분 | ETA 90.5분
2026-08-25 22:22:59,112 [INFO] ★ 진행: processed=205 | pending=65 | active=1 | subdivide=0 | 식당=233 | 속도=0.7/분 | ETA 90.5분
2026-08-25 22:23:09,114 [INFO] ★ 진행: processed=205 | pending=65 | active=1 | subdivide=0 | 식당=233 | 속도=0.7/분 | ETA 90.6분
2026-08-25 22:23:19,115 [INFO] ★ 진행: processed=205 | pending=65 | active=1 | subdivide=0 | 식당=233 | 속도=0.7/분 | ETA 90.6분
2026-08-25 22:23:20,311 [WARNING] [W0] VPN rotate 타임아웃
2026-08-25 22:23:22,486 [WARNING] [W0] SOCKS dead → 즉시 rotate: Page.goto: net::ERR_PROXY_CONNECTION_FAILED at https://www.google.com/maps/searc
2026-08-25 22:23:22,488 [INFO] [W0] VPN rotate 요청 (old=fr577.nordvpn.com (84.17.42.118:443))
2026-08-25 22:23:29,118 [INFO] ★ 진행: processed=205 | pending=65 | active=1 | subdivide=0 | 식당=233 | 속도=0.7/분 | ETA 90.7분
2026-08-25 22:23:39,121 [INFO] ★ 진행: processed=205 | pending=65 | active=1 | subdivide=0 | 식당=233 | 속도=0.7/분 | ETA 90.7분
2026-08-25 22:23:49,123 [INFO] ★ 진행: processed=205 | pending=65 | active=1 | subdivide=0 | 식당=233 | 속도=0.7/분 | ETA 90.8분
2026-08-25 22:23:59,126 [INFO] ★ 진행: processed=205 | pending=65 | active=1 | subdivide=0 | 식당=233 | 속도=0.7/분 | ETA 90.8분
2026-08-25 22:24:08,569 [WARNING] [W0] VPN rotate 타임아웃
2026-08-25 22:24:09,128 [INFO] ★ 진행: processed=205 | pending=65 | active=1 | subdivide=0 | 식당=233 | 속도=0.7/분 | ETA 90.9분
2026-08-25 22:24:10,722 [WARNING] [W0] SOCKS dead → 즉시 rotate: Page.goto: net::ERR_PROXY_CONNECTION_FAILED at https://www.google.com/maps/searc
2026-08-25 22:24:10,725 [INFO] [W0] VPN rotate 요청 (old=fr577.nordvpn.com (84.17.42.118:443))
2026-08-25 22:24:19,130 [INFO] ★ 진행: processed=205 | pending=65 | active=1 | subdivide=0 | 식당=233 | 속도=0.7/분 | ETA 90.9분
2026-08-25 22:24:29,132 [INFO] ★ 진행: processed=205 | pending=65 | active=1 | subdivide=0 | 식당=233 | 속도=0.7/분 | ETA 91.0분
2026-08-25 22:24:39,134 [INFO] ★ 진행: processed=205 | pending=65 | active=1 | subdivide=0 | 식당=233 | 속도=0.7/분 | ETA 91.0분
2026-08-25 22:24:49,136 [INFO] ★ 진행: processed=205 | pending=65 | active=1 | subdivide=0 | 식당=233 | 속도=0.7/분 | ETA 91.1분
2026-08-25 22:24:56,751 [WARNING] [W0] VPN rotate 타임아웃
2026-08-25 22:24:58,922 [WARNING] [W0] SOCKS dead → 즉시 rotate: Page.goto: net::ERR_PROXY_CONNECTION_FAILED at https://www.google.com/maps/searc
2026-08-25 22:24:58,926 [INFO] [W0] VPN rotate 요청 (old=fr577.nordvpn.com (84.17.42.118:443))
2026-08-25 22:24:59,138 [INFO] ★ 진행: processed=205 | pending=65 | active=1 | subdivide=0 | 식당=233 | 속도=0.7/분 | ETA 91.2분
2026-08-25 22:25:09,140 [INFO] ★ 진행: processed=205 | pending=65 | active=1 | subdivide=0 | 식당=233 | 속도=0.7/분 | ETA 91.2분
2026-08-25 22:25:19,141 [INFO] ★ 진행: processed=205 | pending=65 | active=1 | subdivide=0 | 식당=233 | 속도=0.7/분 | ETA 91.3분
2026-08-25 22:25:29,145 [INFO] ★ 진행: processed=205 | pending=65 | active=1 | subdivide=0 | 식당=233 | 속도=0.7/분 | ETA 91.3분
2026-08-25 22:25:39,149 [INFO] ★ 진행: processed=205 | pending=65 | active=1 | subdivide=0 | 식당=233 | 속도=0.7/분 | ETA 91.4분
2026-08-25 22:25:44,952 [WARNING] [W0] VPN rotate 타임아웃
2026-08-25 22:25:47,143 [WARNING] [W0] SOCKS dead → 즉시 rotate: Page.goto: net::ERR_PROXY_CONNECTION_FAILED at https://www.google.com/maps/searc
2026-08-25 22:25:47,147 [INFO] [W0] VPN rotate 요청 (old=fr577.nordvpn.com (84.17.42.118:443))
2026-08-25 22:25:49,151 [INFO] ★ 진행: processed=205 | pending=65 | active=1 | subdivide=0 | 식당=233 | 속도=0.7/분 | ETA 91.4분
2026-08-25 22:25:59,154 [INFO] ★ 진행: processed=205 | pending=65 | active=1 | subdivide=0 | 식당=233 | 속도=0.7/분 | ETA 91.5분
2026-08-25 22:26:09,157 [INFO] ★ 진행: processed=205 | pending=65 | active=1 | subdivide=0 | 식당=233 | 속도=0.7/분 | ETA 91.5분
2026-08-25 22:26:19,160 [INFO] ★ 진행: processed=205 | pending=65 | active=1 | subdivide=0 | 식당=233 | 속도=0.7/분 | ETA 91.6분
2026-08-25 22:26:29,161 [INFO] ★ 진행: processed=205 | pending=65 | active=1 | subdivide=0 | 식당=233 | 속도=0.7/분 | ETA 91.6분
2026-08-25 22:26:33,176 [WARNING] [W0] VPN rotate 타임아웃
2026-08-25 22:26:35,346 [WARNING] [W0] SOCKS dead → 즉시 rotate: Page.goto: net::ERR_PROXY_CONNECTION_FAILED at https://www.google.com/maps/searc
2026-08-25 22:26:35,349 [INFO] [W0] VPN rotate 요청 (old=fr577.nordvpn.com (84.17.42.118:443))
2026-08-25 22:26:39,163 [INFO] ★ 진행: processed=205 | pending=65 | active=1 | subdivide=0 | 식당=233 | 속도=0.7/분 | ETA 91.7분
2026-08-25 22:26:49,164 [INFO] ★ 진행: processed=205 | pending=65 | active=1 | subdivide=0 | 식당=233 | 속도=0.7/분 | ETA 91.7분
2026-08-25 22:26:59,167 [INFO] ★ 진행: processed=205 | pending=65 | active=1 | subdivide=0 | 식당=233 | 속도=0.7/분 | ETA 91.8분
2026-08-25 22:27:09,171 [INFO] ★ 진행: processed=205 | pending=65 | active=1 | subdivide=0 | 식당=233 | 속도=0.7/분 | ETA 91.8분
2026-08-25 22:27:19,174 [INFO] ★ 진행: processed=205 | pending=65 | active=1 | subdivide=0 | 식당=233 | 속도=0.7/분 | ETA 91.9분
2026-08-25 22:27:21,376 [WARNING] [W0] VPN rotate 타임아웃
2026-08-25 22:27:23,548 [WARNING] [W0] SOCKS dead → 즉시 rotate: Page.goto: net::ERR_PROXY_CONNECTION_FAILED at https://www.google.com/maps/searc
2026-08-25 22:27:23,552 [INFO] [W0] VPN rotate 요청 (old=fr577.nordvpn.com (84.17.42.118:443))
2026-08-25 22:27:29,176 [INFO] ★ 진행: processed=205 | pending=65 | active=1 | subdivide=0 | 식당=233 | 속도=0.7/분 | ETA 91.9분
2026-08-25 22:27:39,178 [INFO] ★ 진행: processed=205 | pending=65 | active=1 | subdivide=0 | 식당=233 | 속도=0.7/분 | ETA 92.0분
2026-08-25 22:27:49,181 [INFO] ★ 진행: processed=205 | pending=65 | active=1 | subdivide=0 | 식당=233 | 속도=0.7/분 | ETA 92.1분
2026-08-25 22:27:59,185 [INFO] ★ 진행: processed=205 | pending=65 | active=1 | subdivide=0 | 식당=233 | 속도=0.7/분 | ETA 92.1분
2026-08-25 22:28:09,188 [INFO] ★ 진행: processed=205 | pending=65 | active=1 | subdivide=0 | 식당=233 | 속도=0.7/분 | ETA 92.2분
2026-08-25 22:28:09,579 [WARNING] [W0] VPN rotate 타임아웃
2026-08-25 22:28:11,759 [WARNING] [W0] SOCKS dead → 즉시 rotate: Page.goto: net::ERR_PROXY_CONNECTION_FAILED at https://www.google.com/maps/searc
2026-08-25 22:28:11,762 [INFO] [W0] VPN rotate 요청 (old=fr577.nordvpn.com (84.17.42.118:443))
2026-08-25 22:28:19,190 [INFO] ★ 진행: processed=205 | pending=65 | active=1 | subdivide=0 | 식당=233 | 속도=0.7/분 | ETA 92.2분
2026-08-25 22:28:29,193 [INFO] ★ 진행: processed=205 | pending=65 | active=1 | subdivide=0 | 식당=233 | 속도=0.7/분 | ETA 92.3분
2026-08-25 22:28:39,196 [INFO] ★ 진행: processed=205 | pending=65 | active=1 | subdivide=0 | 식당=233 | 속도=0.7/분 | ETA 92.3분
2026-08-25 22:28:49,200 [INFO] ★ 진행: processed=205 | pending=65 | active=1 | subdivide=0 | 식당=233 | 속도=0.7/분 | ETA 92.4분
2026-08-25 22:28:57,823 [WARNING] [W0] VPN rotate 타임아웃
2026-08-25 22:28:59,202 [INFO] ★ 진행: processed=205 | pending=65 | active=1 | subdivide=0 | 식당=233 | 속도=0.7/분 | ETA 92.4분
2026-08-25 22:28:59,971 [WARNING] [W0] SOCKS dead → 즉시 rotate: Page.goto: net::ERR_PROXY_CONNECTION_FAILED at https://www.google.com/maps/searc
2026-08-25 22:28:59,974 [INFO] [W0] VPN rotate 요청 (old=fr577.nordvpn.com (84.17.42.118:443))
2026-08-25 22:29:09,204 [INFO] ★ 진행: processed=205 | pending=65 | active=1 | subdivide=0 | 식당=233 | 속도=0.7/분 | ETA 92.5분
2026-08-25 22:29:19,206 [INFO] ★ 진행: processed=205 | pending=65 | active=1 | subdivide=0 | 식당=233 | 속도=0.7/분 | ETA 92.5분
2026-08-25 22:29:29,207 [INFO] ★ 진행: processed=205 | pending=65 | active=1 | subdivide=0 | 식당=233 | 속도=0.7/분 | ETA 92.6분
2026-08-25 22:29:39,210 [INFO] ★ 진행: processed=205 | pending=65 | active=1 | subdivide=0 | 식당=233 | 속도=0.7/분 | ETA 92.6분
2026-08-25 22:29:46,003 [WARNING] [W0] VPN rotate 타임아웃
2026-08-25 22:29:48,179 [WARNING] [W0] SOCKS dead → 즉시 rotate: Page.goto: net::ERR_PROXY_CONNECTION_FAILED at https://www.google.com/maps/searc
2026-08-25 22:29:48,183 [INFO] [W0] VPN rotate 요청 (old=fr577.nordvpn.com (84.17.42.118:443))
2026-08-25 22:29:49,212 [INFO] ★ 진행: processed=205 | pending=65 | active=1 | subdivide=0 | 식당=233 | 속도=0.7/분 | ETA 92.7분
2026-08-25 22:29:59,216 [INFO] ★ 진행: processed=205 | pending=65 | active=1 | subdivide=0 | 식당=233 | 속도=0.7/분 | ETA 92.7분
2026-08-25 22:30:09,218 [INFO] ★ 진행: processed=205 | pending=65 | active=1 | subdivide=0 | 식당=233 | 속도=0.7/분 | ETA 92.8분
2026-08-25 22:30:19,220 [INFO] ★ 진행: processed=205 | pending=65 | active=1 | subdivide=0 | 식당=233 | 속도=0.7/분 | ETA 92.8분
2026-08-25 22:30:29,222 [INFO] ★ 진행: processed=205 | pending=65 | active=1 | subdivide=0 | 식당=233 | 속도=0.7/분 | ETA 92.9분
2026-08-25 22:30:34,207 [WARNING] [W0] VPN rotate 타임아웃
2026-08-25 22:30:36,374 [WARNING] [W0] SOCKS dead → 즉시 rotate: Page.goto: net::ERR_PROXY_CONNECTION_FAILED at https://www.google.com/maps/searc
2026-08-25 22:30:36,376 [INFO] [W0] VPN rotate 요청 (old=fr577.nordvpn.com (84.17.42.118:443))
2026-08-25 22:30:39,224 [INFO] ★ 진행: processed=205 | pending=65 | active=1 | subdivide=0 | 식당=233 | 속도=0.7/분 | ETA 93.0분
2026-08-25 22:30:49,224 [INFO] ★ 진행: processed=205 | pending=65 | active=1 | subdivide=0 | 식당=233 | 속도=0.7/분 | ETA 93.0분
2026-08-25 22:30:59,226 [INFO] ★ 진행: processed=205 | pending=65 | active=1 | subdivide=0 | 식당=233 | 속도=0.7/분 | ETA 93.1분
2026-08-25 22:31:09,228 [INFO] ★ 진행: processed=205 | pending=65 | active=1 | subdivide=0 | 식당=233 | 속도=0.7/분 | ETA 93.1분
2026-08-25 22:31:19,231 [INFO] ★ 진행: processed=205 | pending=65 | active=1 | subdivide=0 | 식당=233 | 속도=0.7/분 | ETA 93.2분
2026-08-25 22:31:22,406 [WARNING] [W0] VPN rotate 타임아웃
2026-08-25 22:31:24,577 [WARNING] [W0] SOCKS dead → 즉시 rotate: Page.goto: net::ERR_PROXY_CONNECTION_FAILED at https://www.google.com/maps/searc
2026-08-25 22:31:24,580 [INFO] [W0] VPN rotate 요청 (old=fr577.nordvpn.com (84.17.42.118:443))
2026-08-25 22:31:29,234 [INFO] ★ 진행: processed=205 | pending=65 | active=1 | subdivide=0 | 식당=233 | 속도=0.7/분 | ETA 93.2분
2026-08-25 22:31:39,236 [INFO] ★ 진행: processed=205 | pending=65 | active=1 | subdivide=0 | 식당=233 | 속도=0.7/분 | ETA 93.3분
2026-08-25 22:31:49,237 [INFO] ★ 진행: processed=205 | pending=65 | active=1 | subdivide=0 | 식당=233 | 속도=0.7/분 | ETA 93.3분
2026-08-25 22:31:59,240 [INFO] ★ 진행: processed=205 | pending=65 | active=1 | subdivide=0 | 식당=233 | 속도=0.7/분 | ETA 93.4분
2026-08-25 22:32:09,241 [INFO] ★ 진행: processed=205 | pending=65 | active=1 | subdivide=0 | 식당=233 | 속도=0.7/분 | ETA 93.4분
2026-08-25 22:32:10,634 [WARNING] [W0] VPN rotate 타임아웃
2026-08-25 22:32:12,805 [WARNING] [W0] SOCKS dead → 즉시 rotate: Page.goto: net::ERR_PROXY_CONNECTION_FAILED at https://www.google.com/maps/searc
2026-08-25 22:32:12,807 [INFO] [W0] VPN rotate 요청 (old=fr577.nordvpn.com (84.17.42.118:443))
2026-08-25 22:32:19,242 [INFO] ★ 진행: processed=205 | pending=65 | active=1 | subdivide=0 | 식당=233 | 속도=0.7/분 | ETA 93.5분
2026-08-25 22:32:29,243 [INFO] ★ 진행: processed=205 | pending=65 | active=1 | subdivide=0 | 식당=233 | 속도=0.7/분 | ETA 93.5분
2026-08-25 22:32:39,244 [INFO] ★ 진행: processed=205 | pending=65 | active=1 | subdivide=0 | 식당=233 | 속도=0.7/분 | ETA 93.6분
2026-08-25 22:32:49,246 [INFO] ★ 진행: processed=205 | pending=65 | active=1 | subdivide=0 | 식당=233 | 속도=0.7/분 | ETA 93.6분
2026-08-25 22:32:58,827 [WARNING] [W0] VPN rotate 타임아웃
2026-08-25 22:32:59,248 [INFO] ★ 진행: processed=205 | pending=65 | active=1 | subdivide=0 | 식당=233 | 속도=0.7/분 | ETA 93.7분
2026-08-25 22:33:01,010 [WARNING] [W0] SOCKS dead → 즉시 rotate: Page.goto: net::ERR_PROXY_CONNECTION_FAILED at https://www.google.com/maps/searc
2026-08-25 22:33:01,013 [INFO] [W0] VPN rotate 요청 (old=fr577.nordvpn.com (84.17.42.118:443))
2026-08-25 22:33:09,249 [INFO] ★ 진행: processed=205 | pending=65 | active=1 | subdivide=0 | 식당=233 | 속도=0.7/분 | ETA 93.7분
2026-08-25 22:33:19,250 [INFO] ★ 진행: processed=205 | pending=65 | active=1 | subdivide=0 | 식당=233 | 속도=0.7/분 | ETA 93.8분
2026-08-25 22:33:29,252 [INFO] ★ 진행: processed=205 | pending=65 | active=1 | subdivide=0 | 식당=233 | 속도=0.7/분 | ETA 93.8분
2026-08-25 22:33:39,253 [INFO] ★ 진행: processed=205 | pending=65 | active=1 | subdivide=0 | 식당=233 | 속도=0.7/분 | ETA 93.9분
2026-08-25 22:33:47,062 [WARNING] [W0] VPN rotate 타임아웃
2026-08-25 22:33:47,216 [WARNING] [W0] SOCKS dead → 즉시 rotate: Page.goto: net::ERR_SOCKS_CONNECTION_FAILED at https://www.google.com/maps/searc
2026-08-25 22:33:47,219 [INFO] [W0] VPN rotate 요청 (old=fr577.nordvpn.com (84.17.42.118:443))
2026-08-25 22:33:49,255 [INFO] ★ 진행: processed=205 | pending=65 | active=1 | subdivide=0 | 식당=233 | 속도=0.7/분 | ETA 94.0분
2026-08-25 22:33:59,257 [INFO] ★ 진행: processed=205 | pending=65 | active=1 | subdivide=0 | 식당=233 | 속도=0.7/분 | ETA 94.0분
2026-08-25 22:34:09,259 [INFO] ★ 진행: processed=205 | pending=65 | active=1 | subdivide=0 | 식당=233 | 속도=0.7/분 | ETA 94.1분
2026-08-25 22:34:19,261 [INFO] ★ 진행: processed=205 | pending=65 | active=1 | subdivide=0 | 식당=233 | 속도=0.7/분 | ETA 94.1분
2026-08-25 22:34:29,262 [INFO] ★ 진행: processed=205 | pending=65 | active=1 | subdivide=0 | 식당=233 | 속도=0.7/분 | ETA 94.2분
2026-08-25 22:34:33,267 [WARNING] [W0] VPN rotate 타임아웃
2026-08-25 22:34:35,420 [WARNING] [W0] SOCKS dead → 즉시 rotate: Page.goto: net::ERR_PROXY_CONNECTION_FAILED at https://www.google.com/maps/searc
2026-08-25 22:34:35,422 [INFO] [W0] VPN rotate 요청 (old=nl1224.nordvpn.com (186.247.78.105:443))
2026-08-25 22:34:39,264 [INFO] ★ 진행: processed=205 | pending=65 | active=1 | subdivide=0 | 식당=233 | 속도=0.7/분 | ETA 94.2분
2026-08-25 22:34:49,266 [INFO] ★ 진행: processed=205 | pending=65 | active=1 | subdivide=0 | 식당=233 | 속도=0.7/분 | ETA 94.3분
2026-08-25 22:34:59,267 [INFO] ★ 진행: processed=205 | pending=65 | active=1 | subdivide=0 | 식당=233 | 속도=0.7/분 | ETA 94.3분
2026-08-25 22:35:09,268 [INFO] ★ 진행: processed=205 | pending=65 | active=1 | subdivide=0 | 식당=233 | 속도=0.7/분 | ETA 94.4분
2026-08-25 22:35:19,269 [INFO] ★ 진행: processed=205 | pending=65 | active=1 | subdivide=0 | 식당=233 | 속도=0.7/분 | ETA 94.4분
2026-08-25 22:35:21,444 [WARNING] [W0] VPN rotate 타임아웃
2026-08-25 22:35:23,608 [WARNING] [W0] SOCKS dead → 즉시 rotate: Page.goto: net::ERR_PROXY_CONNECTION_FAILED at https://www.google.com/maps/searc
2026-08-25 22:35:23,612 [INFO] [W0] VPN rotate 요청 (old=nl1224.nordvpn.com (186.247.78.105:443))
2026-08-25 22:35:29,270 [INFO] ★ 진행: processed=205 | pending=65 | active=1 | subdivide=0 | 식당=233 | 속도=0.7/분 | ETA 94.5분
2026-08-25 22:35:39,271 [INFO] ★ 진행: processed=205 | pending=65 | active=1 | subdivide=0 | 식당=233 | 속도=0.7/분 | ETA 94.5분
2026-08-25 22:35:49,272 [INFO] ★ 진행: processed=205 | pending=65 | active=1 | subdivide=0 | 식당=233 | 속도=0.7/분 | ETA 94.6분
2026-08-25 22:35:59,273 [INFO] ★ 진행: processed=205 | pending=65 | active=1 | subdivide=0 | 식당=233 | 속도=0.7/분 | ETA 94.6분
2026-08-25 22:36:09,274 [INFO] ★ 진행: processed=205 | pending=65 | active=1 | subdivide=0 | 식당=233 | 속도=0.7/분 | ETA 94.7분
2026-08-25 22:36:09,634 [WARNING] [W0] VPN rotate 타임아웃
2026-08-25 22:36:11,810 [WARNING] [W0] SOCKS dead → 즉시 rotate: Page.goto: net::ERR_PROXY_CONNECTION_FAILED at https://www.google.com/maps/searc
2026-08-25 22:36:11,812 [INFO] [W0] VPN rotate 요청 (old=nl1224.nordvpn.com (186.247.78.105:443))
2026-08-25 22:36:19,275 [INFO] ★ 진행: processed=205 | pending=65 | active=1 | subdivide=0 | 식당=233 | 속도=0.7/분 | ETA 94.7분
2026-08-25 22:36:29,277 [INFO] ★ 진행: processed=205 | pending=65 | active=1 | subdivide=0 | 식당=233 | 속도=0.7/분 | ETA 94.8분
2026-08-25 22:36:39,278 [INFO] ★ 진행: processed=205 | pending=65 | active=1 | subdivide=0 | 식당=233 | 속도=0.7/분 | ETA 94.9분
2026-08-25 22:36:49,279 [INFO] ★ 진행: processed=205 | pending=65 | active=1 | subdivide=0 | 식당=233 | 속도=0.7/분 | ETA 94.9분
2026-08-25 22:36:57,833 [WARNING] [W0] VPN rotate 타임아웃
2026-08-25 22:36:59,280 [INFO] ★ 진행: processed=205 | pending=65 | active=1 | subdivide=0 | 식당=233 | 속도=0.7/분 | ETA 95.0분
2026-08-25 22:36:59,990 [WARNING] [W0] SOCKS dead → 즉시 rotate: Page.goto: net::ERR_PROXY_CONNECTION_FAILED at https://www.google.com/maps/searc
2026-08-25 22:36:59,999 [INFO] [W0] VPN rotate 요청 (old=nl1224.nordvpn.com (186.247.78.105:443))
2026-08-25 22:37:09,281 [INFO] ★ 진행: processed=205 | pending=65 | active=1 | subdivide=0 | 식당=233 | 속도=0.7/분 | ETA 95.0분
2026-08-25 22:37:19,282 [INFO] ★ 진행: processed=205 | pending=65 | active=1 | subdivide=0 | 식당=233 | 속도=0.7/분 | ETA 95.1분
2026-08-25 22:37:29,284 [INFO] ★ 진행: processed=205 | pending=65 | active=1 | subdivide=0 | 식당=233 | 속도=0.7/분 | ETA 95.1분
2026-08-25 22:37:39,286 [INFO] ★ 진행: processed=205 | pending=65 | active=1 | subdivide=0 | 식당=233 | 속도=0.7/분 | ETA 95.2분
2026-08-25 22:37:46,017 [WARNING] [W0] VPN rotate 타임아웃
2026-08-25 22:37:48,197 [WARNING] [W0] SOCKS dead → 즉시 rotate: Page.goto: net::ERR_PROXY_CONNECTION_FAILED at https://www.google.com/maps/searc
2026-08-25 22:37:48,202 [INFO] [W0] VPN rotate 요청 (old=nl1224.nordvpn.com (186.247.78.105:443))
2026-08-25 22:37:49,287 [INFO] ★ 진행: processed=205 | pending=65 | active=1 | subdivide=0 | 식당=233 | 속도=0.7/분 | ETA 95.2분
2026-08-25 22:37:59,290 [INFO] ★ 진행: processed=205 | pending=65 | active=1 | subdivide=0 | 식당=233 | 속도=0.7/분 | ETA 95.3분
2026-08-25 22:38:09,291 [INFO] ★ 진행: processed=205 | pending=65 | active=1 | subdivide=0 | 식당=233 | 속도=0.7/분 | ETA 95.3분
2026-08-25 22:38:19,294 [INFO] ★ 진행: processed=205 | pending=65 | active=1 | subdivide=0 | 식당=233 | 속도=0.7/분 | ETA 95.4분
2026-08-25 22:38:29,296 [INFO] ★ 진행: processed=205 | pending=65 | active=1 | subdivide=0 | 식당=233 | 속도=0.7/분 | ETA 95.4분
2026-08-25 22:38:34,369 [WARNING] [W0] VPN rotate 타임아웃
2026-08-25 22:38:36,597 [WARNING] [W0] SOCKS dead → 즉시 rotate: Page.goto: net::ERR_PROXY_CONNECTION_FAILED at https://www.google.com/maps/searc
2026-08-25 22:38:36,600 [INFO] [W0] VPN rotate 요청 (old=nl1224.nordvpn.com (186.247.78.105:443))
2026-08-25 22:38:39,297 [INFO] ★ 진행: processed=205 | pending=65 | active=1 | subdivide=0 | 식당=233 | 속도=0.7/분 | ETA 95.5분
2026-08-25 22:38:49,298 [INFO] ★ 진행: processed=205 | pending=65 | active=1 | subdivide=0 | 식당=233 | 속도=0.7/분 | ETA 95.5분
2026-08-25 22:38:59,317 [INFO] ★ 진행: processed=205 | pending=65 | active=1 | subdivide=0 | 식당=233 | 속도=0.7/분 | ETA 95.6분
2026-08-25 22:39:09,323 [INFO] ★ 진행: processed=205 | pending=65 | active=1 | subdivide=0 | 식당=233 | 속도=0.7/분 | ETA 95.6분
2026-08-25 22:39:19,328 [INFO] ★ 진행: processed=205 | pending=65 | active=1 | subdivide=0 | 식당=233 | 속도=0.7/분 | ETA 95.7분
2026-08-25 22:39:22,624 [WARNING] [W0] VPN rotate 타임아웃
2026-08-25 22:39:24,862 [WARNING] [W0] SOCKS dead → 즉시 rotate: Page.goto: net::ERR_PROXY_CONNECTION_FAILED at https://www.google.com/maps/searc
2026-08-25 22:39:24,874 [INFO] [W0] VPN rotate 요청 (old=nl1224.nordvpn.com (186.247.78.105:443))
2026-08-25 22:39:29,511 [INFO] ★ 진행: processed=205 | pending=65 | active=1 | subdivide=0 | 식당=233 | 속도=0.7/분 | ETA 95.8분
2026-08-25 22:39:39,531 [INFO] ★ 진행: processed=205 | pending=65 | active=1 | subdivide=0 | 식당=233 | 속도=0.7/분 | ETA 95.8분
2026-08-25 22:39:49,535 [INFO] ★ 진행: processed=205 | pending=65 | active=1 | subdivide=0 | 식당=233 | 속도=0.7/분 | ETA 95.9분
2026-08-25 22:39:59,541 [INFO] ★ 진행: processed=205 | pending=65 | active=1 | subdivide=0 | 식당=233 | 속도=0.7/분 | ETA 95.9분
2026-08-25 22:40:09,542 [INFO] ★ 진행: processed=205 | pending=65 | active=1 | subdivide=0 | 식당=233 | 속도=0.7/분 | ETA 96.0분
2026-08-25 22:40:11,144 [WARNING] [W0] VPN rotate 타임아웃
2026-08-25 22:40:13,378 [WARNING] [W0] SOCKS dead → 즉시 rotate: Page.goto: net::ERR_PROXY_CONNECTION_FAILED at https://www.google.com/maps/searc
2026-08-25 22:40:13,382 [INFO] [W0] VPN rotate 요청 (old=nl1224.nordvpn.com (186.247.78.105:443))
2026-08-25 22:40:19,544 [INFO] ★ 진행: processed=205 | pending=65 | active=1 | subdivide=0 | 식당=233 | 속도=0.7/분 | ETA 96.0분
2026-08-25 22:40:29,568 [INFO] ★ 진행: processed=205 | pending=65 | active=1 | subdivide=0 | 식당=233 | 속도=0.7/분 | ETA 96.1분
2026-08-25 22:40:39,593 [INFO] ★ 진행: processed=205 | pending=65 | active=1 | subdivide=0 | 식당=233 | 속도=0.7/분 | ETA 96.1분
2026-08-25 22:40:49,596 [INFO] ★ 진행: processed=205 | pending=65 | active=1 | subdivide=0 | 식당=233 | 속도=0.7/분 | ETA 96.2분
2026-08-25 22:40:59,620 [INFO] ★ 진행: processed=205 | pending=65 | active=1 | subdivide=0 | 식당=233 | 속도=0.7/분 | ETA 96.2분
2026-08-25 22:41:00,272 [WARNING] [W0] VPN rotate 타임아웃
2026-08-25 22:41:02,868 [WARNING] [W0] SOCKS dead → 즉시 rotate: Page.goto: net::ERR_PROXY_CONNECTION_FAILED at https://www.google.com/maps/searc
2026-08-25 22:41:02,872 [INFO] [W0] VPN rotate 요청 (old=nl1224.nordvpn.com (186.247.78.105:443))
2026-08-25 22:41:09,624 [INFO] ★ 진행: processed=205 | pending=65 | active=1 | subdivide=0 | 식당=233 | 속도=0.7/분 | ETA 96.3분
2026-08-25 22:41:19,625 [INFO] ★ 진행: processed=205 | pending=65 | active=1 | subdivide=0 | 식당=233 | 속도=0.7/분 | ETA 96.3분
2026-08-25 22:41:29,627 [INFO] ★ 진행: processed=205 | pending=65 | active=1 | subdivide=0 | 식당=233 | 속도=0.7/분 | ETA 96.4분
2026-08-25 22:41:39,628 [INFO] ★ 진행: processed=205 | pending=65 | active=1 | subdivide=0 | 식당=233 | 속도=0.7/분 | ETA 96.4분
2026-08-25 22:41:48,929 [WARNING] [W0] VPN rotate 타임아웃
2026-08-25 22:41:49,643 [INFO] ★ 진행: processed=205 | pending=65 | active=1 | subdivide=0 | 식당=233 | 속도=0.7/분 | ETA 96.5분
2026-08-25 22:41:51,131 [WARNING] [W0] SOCKS dead → 즉시 rotate: Page.goto: net::ERR_PROXY_CONNECTION_FAILED at https://www.google.com/maps/searc
2026-08-25 22:41:51,134 [INFO] [W0] VPN rotate 요청 (old=nl1224.nordvpn.com (186.247.78.105:443))
2026-08-25 22:41:59,646 [INFO] ★ 진행: processed=205 | pending=65 | active=1 | subdivide=0 | 식당=233 | 속도=0.7/분 | ETA 96.5분
2026-08-25 22:42:09,648 [INFO] ★ 진행: processed=205 | pending=65 | active=1 | subdivide=0 | 식당=233 | 속도=0.7/분 | ETA 96.6분
2026-08-25 22:42:19,649 [INFO] ★ 진행: processed=205 | pending=65 | active=1 | subdivide=0 | 식당=233 | 속도=0.7/분 | ETA 96.7분
2026-08-25 22:42:29,762 [INFO] ★ 진행: processed=205 | pending=65 | active=1 | subdivide=0 | 식당=233 | 속도=0.7/분 | ETA 96.7분
2026-08-25 22:42:37,160 [WARNING] [W0] VPN rotate 타임아웃
2026-08-25 22:42:39,355 [WARNING] [W0] SOCKS dead → 즉시 rotate: Page.goto: net::ERR_PROXY_CONNECTION_FAILED at https://www.google.com/maps/searc
2026-08-25 22:42:39,359 [INFO] [W0] VPN rotate 요청 (old=nl1224.nordvpn.com (186.247.78.105:443))
2026-08-25 22:42:39,767 [INFO] ★ 진행: processed=205 | pending=65 | active=1 | subdivide=0 | 식당=233 | 속도=0.7/분 | ETA 96.8분
2026-08-25 22:42:49,769 [INFO] ★ 진행: processed=205 | pending=65 | active=1 | subdivide=0 | 식당=233 | 속도=0.7/분 | ETA 96.8분
2026-08-25 22:42:59,770 [INFO] ★ 진행: processed=205 | pending=65 | active=1 | subdivide=0 | 식당=233 | 속도=0.7/분 | ETA 96.9분
2026-08-25 22:43:09,771 [INFO] ★ 진행: processed=205 | pending=65 | active=1 | subdivide=0 | 식당=233 | 속도=0.7/분 | ETA 96.9분
2026-08-25 22:43:19,772 [INFO] ★ 진행: processed=205 | pending=65 | active=1 | subdivide=0 | 식당=233 | 속도=0.7/분 | ETA 97.0분
2026-08-25 22:43:25,384 [WARNING] [W0] VPN rotate 타임아웃
2026-08-25 22:43:27,563 [WARNING] [W0] SOCKS dead → 즉시 rotate: Page.goto: net::ERR_PROXY_CONNECTION_FAILED at https://www.google.com/maps/searc
2026-08-25 22:43:27,571 [INFO] [W0] VPN rotate 요청 (old=nl1224.nordvpn.com (186.247.78.105:443))
2026-08-25 22:43:29,773 [INFO] ★ 진행: processed=205 | pending=65 | active=1 | subdivide=0 | 식당=233 | 속도=0.7/분 | ETA 97.0분
2026-08-25 22:43:39,775 [INFO] ★ 진행: processed=205 | pending=65 | active=1 | subdivide=0 | 식당=233 | 속도=0.7/분 | ETA 97.1분
2026-08-25 22:43:49,776 [INFO] ★ 진행: processed=205 | pending=65 | active=1 | subdivide=0 | 식당=233 | 속도=0.7/분 | ETA 97.1분
2026-08-25 22:43:59,793 [INFO] ★ 진행: processed=205 | pending=65 | active=1 | subdivide=0 | 식당=233 | 속도=0.7/분 | ETA 97.2분
2026-08-25 22:44:09,794 [INFO] ★ 진행: processed=205 | pending=65 | active=1 | subdivide=0 | 식당=233 | 속도=0.7/분 | ETA 97.2분
2026-08-25 22:44:13,596 [WARNING] [W0] VPN rotate 타임아웃
2026-08-25 22:44:15,804 [WARNING] [W0] SOCKS dead → 즉시 rotate: Page.goto: net::ERR_PROXY_CONNECTION_FAILED at https://www.google.com/maps/searc
2026-08-25 22:44:15,809 [INFO] [W0] VPN rotate 요청 (old=nl1224.nordvpn.com (186.247.78.105:443))
2026-08-25 22:44:19,833 [INFO] ★ 진행: processed=205 | pending=65 | active=1 | subdivide=0 | 식당=233 | 속도=0.7/분 | ETA 97.3분
2026-08-25 22:44:29,867 [INFO] ★ 진행: processed=205 | pending=65 | active=1 | subdivide=0 | 식당=233 | 속도=0.7/분 | ETA 97.3분
2026-08-25 22:44:39,902 [INFO] ★ 진행: processed=205 | pending=65 | active=1 | subdivide=0 | 식당=233 | 속도=0.7/분 | ETA 97.4분
2026-08-25 22:44:50,009 [INFO] ★ 진행: processed=205 | pending=65 | active=1 | subdivide=0 | 식당=233 | 속도=0.7/분 | ETA 97.4분
2026-08-25 22:45:00,013 [INFO] ★ 진행: processed=205 | pending=65 | active=1 | subdivide=0 | 식당=233 | 속도=0.7/분 | ETA 97.5분
2026-08-25 22:45:02,785 [WARNING] [W0] VPN rotate 타임아웃
2026-08-25 22:45:02,985 [WARNING] [W0] SOCKS dead → 즉시 rotate: Page.goto: net::ERR_SOCKS_CONNECTION_FAILED at https://www.google.com/maps/searc
2026-08-25 22:45:02,991 [INFO] [W0] VPN rotate 요청 (old=nl1224.nordvpn.com (186.247.78.105:443))
2026-08-25 22:45:05,007 [INFO] [W0] VPN rotated → de1418.nordvpn.com (187.40.40.114:443)
2026-08-25 22:45:06,955 [WARNING] [W0] SOCKS dead → 즉시 rotate: Page.goto: net::ERR_CONNECTION_RESET at https://www.google.com/maps/search/%E0%B
2026-08-25 22:45:06,959 [INFO] [W0] VPN rotate 요청 (old=de1418.nordvpn.com (187.40.40.114:443))
2026-08-25 22:45:10,017 [INFO] ★ 진행: processed=205 | pending=65 | active=1 | subdivide=0 | 식당=233 | 속도=0.7/분 | ETA 97.6분
2026-08-25 22:45:20,018 [INFO] ★ 진행: processed=205 | pending=65 | active=1 | subdivide=0 | 식당=233 | 속도=0.7/분 | ETA 97.6분
2026-08-25 22:45:30,021 [INFO] ★ 진행: processed=205 | pending=65 | active=1 | subdivide=0 | 식당=233 | 속도=0.7/분 | ETA 97.7분
2026-08-25 22:45:31,019 [INFO] [W0] VPN rotated → de1263.nordvpn.com (89.46.10.16:443)
2026-08-25 22:45:32,182 [WARNING] [W0] SOCKS dead → 즉시 rotate: Page.goto: net::ERR_SOCKS_CONNECTION_FAILED at https://www.google.com/maps/searc
2026-08-25 22:45:32,187 [INFO] [W0] VPN rotate 요청 (old=de1263.nordvpn.com (89.46.10.16:443))
2026-08-25 22:45:36,206 [INFO] [W0] VPN rotated → fr1338.nordvpn.com (187.13.12.51:443)
2026-08-25 22:45:40,022 [INFO] ★ 진행: processed=205 | pending=65 | active=1 | subdivide=0 | 식당=233 | 속도=0.7/분 | ETA 97.7분
2026-08-25 22:45:45,738 [INFO]     스크롤 4회로 끝까지 로드
2026-08-25 22:45:45,750 [INFO] [W0] (18.77929,98.88106) step=500m | 결과 0 신규 0 (0%중복) | 누적 233
2026-08-25 22:45:50,024 [INFO] ★ 진행: processed=206 | pending=64 | active=1 | subdivide=0 | 식당=233 | 속도=0.7/분 | ETA 95.8분
2026-08-25 22:46:00,026 [INFO] ★ 진행: processed=206 | pending=64 | active=1 | subdivide=0 | 식당=233 | 속도=0.7/분 | ETA 95.8분
2026-08-25 22:46:05,332 [INFO]   ✓ 체크포인트 저장 (processed=206, 식당 233)
2026-08-25 22:46:07,144 [INFO]     스크롤 11회로 끝까지 로드
2026-08-25 22:46:09,441 [INFO] [W0] (18.70031,98.93714) step=500m | 결과 48 신규 0 (100%중복) | 누적 233
2026-08-25 22:46:10,027 [INFO] ★ 진행: processed=207 | pending=63 | active=1 | subdivide=0 | 식당=233 | 속도=0.7/분 | ETA 93.9분
2026-08-25 22:46:20,029 [INFO] ★ 진행: processed=207 | pending=63 | active=1 | subdivide=0 | 식당=233 | 속도=0.7/분 | ETA 94.0분
2026-08-25 22:46:30,031 [INFO] ★ 진행: processed=207 | pending=63 | active=1 | subdivide=0 | 식당=233 | 속도=0.7/분 | ETA 94.0분
2026-08-25 22:46:35,343 [INFO]   ✓ 체크포인트 저장 (processed=207, 식당 233)
2026-08-25 22:46:40,033 [INFO] ★ 진행: processed=207 | pending=63 | active=1 | subdivide=0 | 식당=233 | 속도=0.7/분 | ETA 94.1분
2026-08-25 22:46:43,195 [INFO]     스크롤 24회로 끝까지 로드
2026-08-25 22:46:48,730 [INFO] [W0] (18.69833,99.02918) step=500m | 결과 120 신규 0 (100%중복) | 누적 233
2026-08-25 22:46:50,036 [INFO] ★ 진행: processed=208 | pending=62 | active=1 | subdivide=0 | 식당=233 | 속도=0.7/분 | ETA 92.2분
2026-08-25 22:47:00,038 [INFO] ★ 진행: processed=208 | pending=62 | active=1 | subdivide=0 | 식당=233 | 속도=0.7/분 | ETA 92.3분
2026-08-25 22:47:05,369 [INFO]   ✓ 체크포인트 저장 (processed=208, 식당 233)
2026-08-25 22:47:10,039 [INFO] ★ 진행: processed=208 | pending=62 | active=1 | subdivide=0 | 식당=233 | 속도=0.7/분 | ETA 92.3분
2026-08-25 22:47:20,044 [INFO] ★ 진행: processed=208 | pending=62 | active=1 | subdivide=0 | 식당=233 | 속도=0.7/분 | ETA 92.4분
2026-08-25 22:47:22,685 [INFO]     스크롤 26회로 끝까지 로드
2026-08-25 22:47:28,724 [INFO] [W0] (18.70248,99.03764) step=500m | 결과 119 신규 0 (100%중복) | 누적 233
2026-08-25 22:47:30,057 [INFO] ★ 진행: processed=209 | pending=61 | active=1 | subdivide=0 | 식당=233 | 속도=0.7/분 | ETA 90.5분
2026-08-25 22:47:35,421 [INFO]   ✓ 체크포인트 저장 (processed=209, 식당 233)
2026-08-25 22:47:40,058 [INFO] ★ 진행: processed=209 | pending=61 | active=1 | subdivide=0 | 식당=233 | 속도=0.7/분 | ETA 90.5분
2026-08-25 22:47:50,059 [INFO] ★ 진행: processed=209 | pending=61 | active=1 | subdivide=0 | 식당=233 | 속도=0.7/분 | ETA 90.6분
2026-08-25 22:48:00,060 [INFO] ★ 진행: processed=209 | pending=61 | active=1 | subdivide=0 | 식당=233 | 속도=0.7/분 | ETA 90.6분
2026-08-25 22:48:02,921 [INFO]     스크롤 26회로 끝까지 로드
2026-08-25 22:48:07,788 [INFO] [W0] (18.70482,99.04171) step=500m | 결과 120 신규 0 (100%중복) | 누적 233
2026-08-25 22:48:10,061 [INFO] ★ 진행: processed=210 | pending=60 | active=1 | subdivide=0 | 식당=233 | 속도=0.7/분 | ETA 88.8분
2026-08-25 22:48:20,063 [INFO] ★ 진행: processed=210 | pending=60 | active=1 | subdivide=0 | 식당=233 | 속도=0.7/분 | ETA 88.8분
2026-08-25 22:48:30,066 [INFO] ★ 진행: processed=210 | pending=60 | active=1 | subdivide=0 | 식당=233 | 속도=0.7/분 | ETA 88.9분
2026-08-25 22:48:35,433 [INFO]   ✓ 체크포인트 저장 (processed=210, 식당 233)
2026-08-25 22:48:40,067 [INFO] ★ 진행: processed=210 | pending=60 | active=1 | subdivide=0 | 식당=233 | 속도=0.7/분 | ETA 88.9분
2026-08-25 22:48:41,993 [INFO]     스크롤 26회로 끝까지 로드
2026-08-25 22:48:47,957 [INFO] [W0] (18.70734,99.04567) step=500m | 결과 120 신규 0 (100%중복) | 누적 233
2026-08-25 22:48:50,067 [INFO] ★ 진행: processed=211 | pending=59 | active=1 | subdivide=0 | 식당=233 | 속도=0.7/분 | ETA 87.1분
2026-08-25 22:49:00,068 [INFO] ★ 진행: processed=211 | pending=59 | active=1 | subdivide=0 | 식당=233 | 속도=0.7/분 | ETA 87.1분
2026-08-25 22:49:05,440 [INFO]   ✓ 체크포인트 저장 (processed=211, 식당 233)
2026-08-25 22:49:10,073 [INFO] ★ 진행: processed=211 | pending=59 | active=1 | subdivide=0 | 식당=233 | 속도=0.7/분 | ETA 87.1분
2026-08-25 22:49:20,076 [INFO] ★ 진행: processed=211 | pending=59 | active=1 | subdivide=0 | 식당=233 | 속도=0.7/분 | ETA 87.2분
2026-08-25 22:49:21,051 [INFO]     스크롤 25회로 끝까지 로드
2026-08-25 22:49:26,469 [INFO] [W0] (18.71002,99.04949) step=500m | 결과 119 신규 0 (100%중복) | 누적 233
2026-08-25 22:49:30,077 [INFO] ★ 진행: processed=212 | pending=58 | active=1 | subdivide=0 | 식당=233 | 속도=0.7/분 | ETA 85.4분
2026-08-25 22:49:35,447 [INFO]   ✓ 체크포인트 저장 (processed=212, 식당 233)
2026-08-25 22:49:40,078 [INFO] ★ 진행: processed=212 | pending=58 | active=1 | subdivide=0 | 식당=233 | 속도=0.7/분 | ETA 85.4분
2026-08-25 22:49:50,079 [INFO] ★ 진행: processed=212 | pending=58 | active=1 | subdivide=0 | 식당=233 | 속도=0.7/분 | ETA 85.4분
2026-08-25 22:50:00,121 [INFO] ★ 진행: processed=212 | pending=58 | active=1 | subdivide=0 | 식당=233 | 속도=0.7/분 | ETA 85.5분
2026-08-25 22:50:00,716 [INFO]     스크롤 26회로 끝까지 로드
2026-08-25 22:50:05,772 [INFO] [W0] (18.74072,99.07712) step=500m | 결과 119 신규 0 (100%중복) | 누적 233
2026-08-25 22:50:10,124 [INFO] ★ 진행: processed=213 | pending=57 | active=1 | subdivide=0 | 식당=233 | 속도=0.7/분 | ETA 83.7분
2026-08-25 22:50:20,126 [INFO] ★ 진행: processed=213 | pending=57 | active=1 | subdivide=0 | 식당=233 | 속도=0.7/분 | ETA 83.7분
2026-08-25 22:50:30,190 [INFO] ★ 진행: processed=213 | pending=57 | active=1 | subdivide=0 | 식당=233 | 속도=0.7/분 | ETA 83.8분
2026-08-25 22:50:35,456 [INFO]   ✓ 체크포인트 저장 (processed=213, 식당 233)
2026-08-25 22:50:39,085 [INFO]     스크롤 25회로 끝까지 로드
2026-08-25 22:50:40,224 [INFO] ★ 진행: processed=213 | pending=57 | active=1 | subdivide=0 | 식당=233 | 속도=0.7/분 | ETA 83.8분
2026-08-25 22:50:44,158 [INFO] [W0] (18.78379,99.08987) step=500m | 결과 119 신규 0 (100%중복) | 누적 233
2026-08-25 22:50:50,226 [INFO] ★ 진행: processed=214 | pending=56 | active=1 | subdivide=0 | 식당=233 | 속도=0.7/분 | ETA 82.0분
2026-08-25 22:51:00,239 [INFO] ★ 진행: processed=214 | pending=56 | active=1 | subdivide=0 | 식당=233 | 속도=0.7/분 | ETA 82.0분
2026-08-25 22:51:05,465 [INFO]   ✓ 체크포인트 저장 (processed=214, 식당 233)
2026-08-25 22:51:10,240 [INFO] ★ 진행: processed=214 | pending=56 | active=1 | subdivide=0 | 식당=233 | 속도=0.7/분 | ETA 82.1분
2026-08-25 22:51:18,843 [INFO]     스크롤 26회로 끝까지 로드
2026-08-25 22:51:20,353 [INFO] ★ 진행: processed=214 | pending=56 | active=1 | subdivide=0 | 식당=233 | 속도=0.7/분 | ETA 82.1분
2026-08-25 22:51:23,405 [INFO] [W0] (18.84362,99.07783) step=500m | 결과 117 신규 0 (100%중복) | 누적 233
2026-08-25 22:51:30,355 [INFO] ★ 진행: processed=215 | pending=55 | active=1 | subdivide=0 | 식당=233 | 속도=0.7/분 | ETA 80.3분
2026-08-25 22:51:35,472 [INFO]   ✓ 체크포인트 저장 (processed=215, 식당 233)
2026-08-25 22:51:40,355 [INFO] ★ 진행: processed=215 | pending=55 | active=1 | subdivide=0 | 식당=233 | 속도=0.7/분 | ETA 80.4분
2026-08-25 22:51:50,358 [INFO] ★ 진행: processed=215 | pending=55 | active=1 | subdivide=0 | 식당=233 | 속도=0.7/분 | ETA 80.4분
2026-08-25 22:51:58,304 [INFO]     스크롤 26회로 끝까지 로드
2026-08-25 22:52:00,360 [INFO] ★ 진행: processed=215 | pending=55 | active=1 | subdivide=0 | 식당=233 | 속도=0.7/분 | ETA 80.5분
2026-08-25 22:52:03,199 [INFO] [W0] (18.84737,99.07521) step=500m | 결과 119 신규 0 (100%중복) | 누적 233
2026-08-25 22:52:05,481 [INFO]   ✓ 체크포인트 저장 (processed=216, 식당 233)
2026-08-25 22:52:10,361 [INFO] ★ 진행: processed=216 | pending=54 | active=1 | subdivide=0 | 식당=233 | 속도=0.7/분 | ETA 78.7분
2026-08-25 22:52:20,375 [INFO] ★ 진행: processed=216 | pending=54 | active=1 | subdivide=0 | 식당=233 | 속도=0.7/분 | ETA 78.7분
2026-08-25 22:52:30,378 [INFO] ★ 진행: processed=216 | pending=54 | active=1 | subdivide=0 | 식당=233 | 속도=0.7/분 | ETA 78.8분
2026-08-25 22:52:36,852 [INFO]     스크롤 25회로 끝까지 로드
2026-08-25 22:52:40,380 [INFO] ★ 진행: processed=216 | pending=54 | active=1 | subdivide=0 | 식당=233 | 속도=0.7/분 | ETA 78.8분
2026-08-25 22:52:41,815 [INFO] [W0] (18.85100,99.07242) step=500m | 결과 119 신규 0 (100%중복) | 누적 233
2026-08-25 22:52:50,410 [INFO] ★ 진행: processed=217 | pending=53 | active=1 | subdivide=0 | 식당=233 | 속도=0.7/분 | ETA 77.0분
2026-08-25 22:53:00,426 [INFO] ★ 진행: processed=217 | pending=53 | active=1 | subdivide=0 | 식당=233 | 속도=0.7/분 | ETA 77.1분
2026-08-25 22:53:05,492 [INFO]   ✓ 체크포인트 저장 (processed=217, 식당 233)
2026-08-25 22:53:10,428 [INFO] ★ 진행: processed=217 | pending=53 | active=1 | subdivide=0 | 식당=233 | 속도=0.7/분 | ETA 77.1분
2026-08-25 22:53:16,354 [INFO]     스크롤 26회로 끝까지 로드
2026-08-25 22:53:20,440 [INFO] ★ 진행: processed=217 | pending=53 | active=1 | subdivide=0 | 식당=233 | 속도=0.7/분 | ETA 77.1분
2026-08-25 22:53:20,476 [INFO] [W0] (18.86726,99.05615) step=500m | 결과 119 신규 0 (100%중복) | 누적 233
2026-08-25 22:53:30,443 [INFO] ★ 진행: processed=218 | pending=52 | active=1 | subdivide=0 | 식당=233 | 속도=0.7/분 | ETA 75.4분
2026-08-25 22:53:35,507 [INFO]   ✓ 체크포인트 저장 (processed=218, 식당 233)
2026-08-25 22:53:40,444 [INFO] ★ 진행: processed=218 | pending=52 | active=1 | subdivide=0 | 식당=233 | 속도=0.7/분 | ETA 75.4분
2026-08-25 22:53:50,447 [INFO] ★ 진행: processed=218 | pending=52 | active=1 | subdivide=0 | 식당=233 | 속도=0.7/분 | ETA 75.5분
2026-08-25 22:53:56,167 [INFO]     스크롤 27회로 끝까지 로드
2026-08-25 22:54:00,448 [INFO] ★ 진행: processed=218 | pending=52 | active=1 | subdivide=0 | 식당=233 | 속도=0.7/분 | ETA 75.5분
2026-08-25 22:54:00,596 [INFO] [W0] (18.87009,99.05247) step=500m | 결과 119 신규 0 (100%중복) | 누적 233
2026-08-25 22:54:05,515 [INFO]   ✓ 체크포인트 저장 (processed=219, 식당 233)
2026-08-25 22:54:10,449 [INFO] ★ 진행: processed=219 | pending=51 | active=1 | subdivide=0 | 식당=233 | 속도=0.7/분 | ETA 73.7분
2026-08-25 22:54:20,452 [INFO] ★ 진행: processed=219 | pending=51 | active=1 | subdivide=0 | 식당=233 | 속도=0.7/분 | ETA 73.8분
2026-08-25 22:54:30,455 [INFO] ★ 진행: processed=219 | pending=51 | active=1 | subdivide=0 | 식당=233 | 속도=0.7/분 | ETA 73.8분
2026-08-25 22:54:35,533 [INFO]     스크롤 27회로 끝까지 로드
2026-08-25 22:54:40,457 [INFO] ★ 진행: processed=219 | pending=51 | active=1 | subdivide=0 | 식당=233 | 속도=0.7/분 | ETA 73.9분
2026-08-25 22:54:40,681 [INFO] [W0] (18.87277,99.04866) step=500m | 결과 119 신규 0 (100%중복) | 누적 233
2026-08-25 22:54:40,682 [INFO] [W0] 20포인트 정기 rotate
2026-08-25 22:54:40,702 [INFO] [W0] VPN rotate 요청 (old=fr1123.nordvpn.com (187.14.105.73:443))
2026-08-25 22:54:50,458 [INFO] ★ 진행: processed=220 | pending=50 | active=1 | subdivide=0 | 식당=233 | 속도=0.7/분 | ETA 72.1분
2026-08-25 22:55:00,460 [INFO] ★ 진행: processed=220 | pending=50 | active=1 | subdivide=0 | 식당=233 | 속도=0.7/분 | ETA 72.2분
2026-08-25 22:55:02,729 [INFO] [W0] VPN rotated → fr1166.nordvpn.com (187.13.197.73:443)
2026-08-25 22:55:05,525 [INFO]   ✓ 체크포인트 저장 (processed=220, 식당 233)
2026-08-25 22:55:10,461 [INFO] ★ 진행: processed=220 | pending=50 | active=1 | subdivide=0 | 식당=233 | 속도=0.7/분 | ETA 72.2분
2026-08-25 22:55:20,472 [INFO] ★ 진행: processed=220 | pending=50 | active=1 | subdivide=0 | 식당=233 | 속도=0.7/분 | ETA 72.2분
2026-08-25 22:55:30,474 [INFO] ★ 진행: processed=220 | pending=50 | active=1 | subdivide=0 | 식당=233 | 속도=0.7/분 | ETA 72.3분
2026-08-25 22:55:37,660 [INFO]     스크롤 26회로 끝까지 로드
2026-08-25 22:55:40,476 [INFO] ★ 진행: processed=220 | pending=50 | active=1 | subdivide=0 | 식당=233 | 속도=0.7/분 | ETA 72.3분
2026-08-25 22:55:41,397 [INFO] [W0] (18.87529,99.04474) step=500m | 결과 119 신규 0 (100%중복) | 누적 233
2026-08-25 22:55:50,477 [INFO] ★ 진행: processed=221 | pending=49 | active=1 | subdivide=0 | 식당=233 | 속도=0.7/분 | ETA 70.6분
2026-08-25 22:56:00,479 [INFO] ★ 진행: processed=221 | pending=49 | active=1 | subdivide=0 | 식당=233 | 속도=0.7/분 | ETA 70.6분
2026-08-25 22:56:05,534 [INFO]   ✓ 체크포인트 저장 (processed=221, 식당 233)
2026-08-25 22:56:10,480 [INFO] ★ 진행: processed=221 | pending=49 | active=1 | subdivide=0 | 식당=233 | 속도=0.7/분 | ETA 70.7분
2026-08-25 22:56:15,445 [INFO]     스크롤 24회로 끝까지 로드
2026-08-25 22:56:20,482 [INFO] ★ 진행: processed=221 | pending=49 | active=1 | subdivide=0 | 식당=233 | 속도=0.7/분 | ETA 70.7분
2026-08-25 22:56:20,784 [INFO] [W0] (18.87765,99.04070) step=500m | 결과 119 신규 0 (100%중복) | 누적 233
2026-08-25 22:56:30,484 [INFO] ★ 진행: processed=222 | pending=48 | active=1 | subdivide=0 | 식당=233 | 속도=0.7/분 | ETA 69.0분
2026-08-25 22:56:35,546 [INFO]   ✓ 체크포인트 저장 (processed=222, 식당 233)
2026-08-25 22:56:40,485 [INFO] ★ 진행: processed=222 | pending=48 | active=1 | subdivide=0 | 식당=233 | 속도=0.7/분 | ETA 69.0분
2026-08-25 22:56:50,487 [INFO] ★ 진행: processed=222 | pending=48 | active=1 | subdivide=0 | 식당=233 | 속도=0.7/분 | ETA 69.0분
2026-08-25 22:56:52,848 [INFO]     스크롤 24회로 끝까지 로드
2026-08-25 22:56:57,730 [INFO] [W0] (18.87984,99.03656) step=500m | 결과 118 신규 0 (100%중복) | 누적 233
2026-08-25 22:57:00,490 [INFO] ★ 진행: processed=223 | pending=47 | active=1 | subdivide=0 | 식당=233 | 속도=0.7/분 | ETA 67.3분
2026-08-25 22:57:05,559 [INFO]   ✓ 체크포인트 저장 (processed=223, 식당 233)
2026-08-25 22:57:10,491 [INFO] ★ 진행: processed=223 | pending=47 | active=1 | subdivide=0 | 식당=233 | 속도=0.7/분 | ETA 67.4분
2026-08-25 22:57:20,494 [INFO] ★ 진행: processed=223 | pending=47 | active=1 | subdivide=0 | 식당=233 | 속도=0.7/분 | ETA 67.4분
2026-08-25 22:57:30,495 [INFO] ★ 진행: processed=223 | pending=47 | active=1 | subdivide=0 | 식당=233 | 속도=0.7/분 | ETA 67.4분
2026-08-25 22:57:31,190 [INFO]     스크롤 25회로 끝까지 로드
2026-08-25 22:57:35,715 [INFO] [W0] (18.88369,99.02800) step=500m | 결과 117 신규 0 (100%중복) | 누적 233
2026-08-25 22:57:40,497 [INFO] ★ 진행: processed=224 | pending=46 | active=1 | subdivide=0 | 식당=233 | 속도=0.7/분 | ETA 65.7분
2026-08-25 22:57:50,499 [INFO] ★ 진행: processed=224 | pending=46 | active=1 | subdivide=0 | 식당=233 | 속도=0.7/분 | ETA 65.8분
2026-08-25 22:58:00,501 [INFO] ★ 진행: processed=224 | pending=46 | active=1 | subdivide=0 | 식당=233 | 속도=0.7/분 | ETA 65.8분
2026-08-25 22:58:05,567 [INFO]   ✓ 체크포인트 저장 (processed=224, 식당 233)
2026-08-25 22:58:08,161 [INFO]     스크롤 24회로 끝까지 로드
2026-08-25 22:58:10,502 [INFO] ★ 진행: processed=224 | pending=46 | active=1 | subdivide=0 | 식당=233 | 속도=0.7/분 | ETA 65.9분
2026-08-25 22:58:12,428 [INFO] [W0] (18.88535,99.02359) step=500m | 결과 115 신규 0 (100%중복) | 누적 233
2026-08-25 22:58:20,503 [INFO] ★ 진행: processed=225 | pending=45 | active=1 | subdivide=0 | 식당=233 | 속도=0.7/분 | ETA 64.2분
2026-08-25 22:58:30,504 [INFO] ★ 진행: processed=225 | pending=45 | active=1 | subdivide=0 | 식당=233 | 속도=0.7/분 | ETA 64.2분
2026-08-25 22:58:35,576 [INFO]   ✓ 체크포인트 저장 (processed=225, 식당 233)
2026-08-25 22:58:40,505 [INFO] ★ 진행: processed=225 | pending=45 | active=1 | subdivide=0 | 식당=233 | 속도=0.7/분 | ETA 64.2분
2026-08-25 22:58:44,675 [INFO]     스크롤 25회로 끝까지 로드
2026-08-25 22:58:48,773 [INFO] [W0] (18.88683,99.01912) step=500m | 결과 118 신규 0 (100%중복) | 누적 233
2026-08-25 22:58:50,506 [INFO] ★ 진행: processed=226 | pending=44 | active=1 | subdivide=0 | 식당=233 | 속도=0.7/분 | ETA 62.6분
2026-08-25 22:59:00,507 [INFO] ★ 진행: processed=226 | pending=44 | active=1 | subdivide=0 | 식당=233 | 속도=0.7/분 | ETA 62.6분
2026-08-25 22:59:05,053 [INFO]     스크롤 10회로 끝까지 로드
2026-08-25 22:59:05,590 [INFO]   ✓ 체크포인트 저장 (processed=226, 식당 233)
2026-08-25 22:59:06,794 [INFO] [W0] (18.88813,99.01458) step=500m | 결과 48 신규 0 (100%중복) | 누적 233
2026-08-25 22:59:10,508 [INFO] ★ 진행: processed=227 | pending=43 | active=1 | subdivide=0 | 식당=233 | 속도=0.7/분 | ETA 60.9분
2026-08-25 22:59:20,509 [INFO] ★ 진행: processed=227 | pending=43 | active=1 | subdivide=0 | 식당=233 | 속도=0.7/분 | ETA 61.0분
2026-08-25 22:59:30,511 [INFO] ★ 진행: processed=227 | pending=43 | active=1 | subdivide=0 | 식당=233 | 속도=0.7/분 | ETA 61.0분
2026-08-25 22:59:35,599 [INFO]   ✓ 체크포인트 저장 (processed=227, 식당 233)
2026-08-25 22:59:39,108 [INFO]     스크롤 25회로 끝까지 로드
2026-08-25 22:59:40,512 [INFO] ★ 진행: processed=227 | pending=43 | active=1 | subdivide=0 | 식당=233 | 속도=0.7/분 | ETA 61.0분
2026-08-25 22:59:42,900 [INFO] [W0] (18.88923,99.00998) step=500m | 결과 118 신규 0 (100%중복) | 누적 233
2026-08-25 22:59:50,513 [INFO] ★ 진행: processed=228 | pending=42 | active=1 | subdivide=0 | 식당=233 | 속도=0.7/분 | ETA 59.4분
2026-08-25 23:00:00,515 [INFO] ★ 진행: processed=228 | pending=42 | active=1 | subdivide=0 | 식당=233 | 속도=0.7/분 | ETA 59.4분
2026-08-25 23:00:05,606 [INFO]   ✓ 체크포인트 저장 (processed=228, 식당 233)
2026-08-25 23:00:10,517 [INFO] ★ 진행: processed=228 | pending=42 | active=1 | subdivide=0 | 식당=233 | 속도=0.7/분 | ETA 59.4분
2026-08-25 23:00:14,287 [INFO]     스크롤 24회로 끝까지 로드
2026-08-25 23:00:18,640 [INFO] [W0] (18.71705,98.90585) step=500m | 결과 120 신규 1 (99%중복) | 누적 234
2026-08-25 23:00:20,518 [INFO] ★ 진행: processed=229 | pending=41 | active=1 | subdivide=0 | 식당=234 | 속도=0.7/분 | ETA 57.8분
2026-08-25 23:00:30,520 [INFO] ★ 진행: processed=229 | pending=41 | active=1 | subdivide=0 | 식당=234 | 속도=0.7/분 | ETA 57.8분
2026-08-25 23:00:35,614 [INFO]   ✓ 체크포인트 저장 (processed=229, 식당 234)
2026-08-25 23:00:40,523 [INFO] ★ 진행: processed=229 | pending=41 | active=1 | subdivide=0 | 식당=234 | 속도=0.7/분 | ETA 57.9분
2026-08-25 23:00:50,524 [INFO] ★ 진행: processed=229 | pending=41 | active=1 | subdivide=0 | 식당=234 | 속도=0.7/분 | ETA 57.9분
2026-08-25 23:00:51,336 [INFO]     스크롤 25회로 끝까지 로드
2026-08-25 23:00:56,484 [INFO] [W0] (18.71386,98.90919) step=500m | 결과 119 신규 0 (100%중복) | 누적 234
2026-08-25 23:01:00,525 [INFO] ★ 진행: processed=230 | pending=40 | active=1 | subdivide=0 | 식당=234 | 속도=0.7/분 | ETA 56.3분
2026-08-25 23:01:05,626 [INFO]   ✓ 체크포인트 저장 (processed=230, 식당 234)
2026-08-25 23:01:10,526 [INFO] ★ 진행: processed=230 | pending=40 | active=1 | subdivide=0 | 식당=234 | 속도=0.7/분 | ETA 56.3분
2026-08-25 23:01:20,528 [INFO] ★ 진행: processed=230 | pending=40 | active=1 | subdivide=0 | 식당=234 | 속도=0.7/분 | ETA 56.3분
2026-08-25 23:01:30,181 [INFO]     스크롤 25회로 끝까지 로드
2026-08-25 23:01:30,529 [INFO] ★ 진행: processed=230 | pending=40 | active=1 | subdivide=0 | 식당=234 | 속도=0.7/분 | ETA 56.3분
2026-08-25 23:01:34,669 [INFO] [W0] (18.68188,98.96521) step=500m | 결과 119 신규 1 (99%중복) | 누적 235
2026-08-25 23:01:35,632 [INFO]   ✓ 체크포인트 저장 (processed=231, 식당 235)
2026-08-25 23:01:40,530 [INFO] ★ 진행: processed=231 | pending=39 | active=1 | subdivide=0 | 식당=235 | 속도=0.7/분 | ETA 54.7분
2026-08-25 23:01:50,531 [INFO] ★ 진행: processed=231 | pending=39 | active=1 | subdivide=0 | 식당=235 | 속도=0.7/분 | ETA 54.8분
2026-08-25 23:02:00,532 [INFO] ★ 진행: processed=231 | pending=39 | active=1 | subdivide=0 | 식당=235 | 속도=0.7/분 | ETA 54.8분
2026-08-25 23:02:06,389 [INFO]     스크롤 24회로 끝까지 로드
2026-08-25 23:02:10,533 [INFO] ★ 진행: processed=231 | pending=39 | active=1 | subdivide=0 | 식당=235 | 속도=0.7/분 | ETA 54.8분
2026-08-25 23:02:11,139 [INFO] [W0] (18.68118,98.96990) step=500m | 결과 119 신규 0 (100%중복) | 누적 235
2026-08-25 23:02:20,534 [INFO] ★ 진행: processed=232 | pending=38 | active=1 | subdivide=0 | 식당=235 | 속도=0.7/분 | ETA 53.2분
2026-08-25 23:02:30,536 [INFO] ★ 진행: processed=232 | pending=38 | active=1 | subdivide=0 | 식당=235 | 속도=0.7/분 | ETA 53.2분
2026-08-25 23:02:35,641 [INFO]   ✓ 체크포인트 저장 (processed=232, 식당 235)
2026-08-25 23:02:40,537 [INFO] ★ 진행: processed=232 | pending=38 | active=1 | subdivide=0 | 식당=235 | 속도=0.7/분 | ETA 53.3분
2026-08-25 23:02:42,654 [INFO]     스크롤 24회로 끝까지 로드
2026-08-25 23:02:46,935 [INFO] [W0] (18.68067,98.97462) step=500m | 결과 119 신규 0 (100%중복) | 누적 235
2026-08-25 23:02:50,538 [INFO] ★ 진행: processed=233 | pending=37 | active=1 | subdivide=0 | 식당=235 | 속도=0.7/분 | ETA 51.7분
2026-08-25 23:03:00,539 [INFO] ★ 진행: processed=233 | pending=37 | active=1 | subdivide=0 | 식당=235 | 속도=0.7/분 | ETA 51.7분
2026-08-25 23:03:05,651 [INFO]   ✓ 체크포인트 저장 (processed=233, 식당 235)
2026-08-25 23:03:10,540 [INFO] ★ 진행: processed=233 | pending=37 | active=1 | subdivide=0 | 식당=235 | 속도=0.7/분 | ETA 51.7분
2026-08-25 23:03:18,677 [INFO]     스크롤 24회로 끝까지 로드
2026-08-25 23:03:20,542 [INFO] ★ 진행: processed=233 | pending=37 | active=1 | subdivide=0 | 식당=235 | 속도=0.7/분 | ETA 51.7분
2026-08-25 23:03:24,102 [INFO] [W0] (18.68034,98.97936) step=500m | 결과 120 신규 0 (100%중복) | 누적 235
2026-08-25 23:03:30,543 [INFO] ★ 진행: processed=234 | pending=36 | active=1 | subdivide=0 | 식당=235 | 속도=0.7/분 | ETA 50.2분
2026-08-25 23:03:35,662 [INFO]   ✓ 체크포인트 저장 (processed=234, 식당 235)
2026-08-25 23:03:40,544 [INFO] ★ 진행: processed=234 | pending=36 | active=1 | subdivide=0 | 식당=235 | 속도=0.7/분 | ETA 50.2분
2026-08-25 23:03:50,545 [INFO] ★ 진행: processed=234 | pending=36 | active=1 | subdivide=0 | 식당=235 | 속도=0.7/분 | ETA 50.2분
2026-08-25 23:03:56,073 [INFO]     스크롤 24회로 끝까지 로드
2026-08-25 23:04:00,546 [INFO] ★ 진행: processed=234 | pending=36 | active=1 | subdivide=0 | 식당=235 | 속도=0.7/분 | ETA 50.2분
2026-08-25 23:04:00,752 [INFO] [W0] (18.68024,98.98886) step=500m | 결과 119 신규 0 (100%중복) | 누적 235
2026-08-25 23:04:05,668 [INFO]   ✓ 체크포인트 저장 (processed=235, 식당 235)
2026-08-25 23:04:10,548 [INFO] ★ 진행: processed=235 | pending=35 | active=1 | subdivide=0 | 식당=235 | 속도=0.7/분 | ETA 48.7분
2026-08-25 23:04:20,549 [INFO] ★ 진행: processed=235 | pending=35 | active=1 | subdivide=0 | 식당=235 | 속도=0.7/분 | ETA 48.7분
2026-08-25 23:04:30,550 [INFO] ★ 진행: processed=235 | pending=35 | active=1 | subdivide=0 | 식당=235 | 속도=0.7/분 | ETA 48.7분
2026-08-25 23:04:33,363 [INFO]     스크롤 25회로 끝까지 로드
2026-08-25 23:04:38,326 [INFO] [W0] (18.68048,98.99361) step=500m | 결과 119 신규 0 (100%중복) | 누적 235
2026-08-25 23:04:40,551 [INFO] ★ 진행: processed=236 | pending=34 | active=1 | subdivide=0 | 식당=235 | 속도=0.7/분 | ETA 47.1분
2026-08-25 23:04:50,552 [INFO] ★ 진행: processed=236 | pending=34 | active=1 | subdivide=0 | 식당=235 | 속도=0.7/분 | ETA 47.2분
2026-08-25 23:05:00,554 [INFO] ★ 진행: processed=236 | pending=34 | active=1 | subdivide=0 | 식당=235 | 속도=0.7/분 | ETA 47.2분
2026-08-25 23:05:05,675 [INFO]   ✓ 체크포인트 저장 (processed=236, 식당 235)
2026-08-25 23:05:10,554 [INFO] ★ 진행: processed=236 | pending=34 | active=1 | subdivide=0 | 식당=235 | 속도=0.7/분 | ETA 47.2분
2026-08-25 23:05:11,328 [INFO]     스크롤 25회로 끝까지 로드
2026-08-25 23:05:15,350 [INFO] [W0] (18.68090,98.99834) step=500m | 결과 120 신규 0 (100%중복) | 누적 235
2026-08-25 23:05:20,556 [INFO] ★ 진행: processed=237 | pending=33 | active=1 | subdivide=0 | 식당=235 | 속도=0.7/분 | ETA 45.6분
2026-08-25 23:05:30,557 [INFO] ★ 진행: processed=237 | pending=33 | active=1 | subdivide=0 | 식당=235 | 속도=0.7/분 | ETA 45.7분
2026-08-25 23:05:35,718 [INFO]   ✓ 체크포인트 저장 (processed=237, 식당 235)
2026-08-25 23:05:40,559 [INFO] ★ 진행: processed=237 | pending=33 | active=1 | subdivide=0 | 식당=235 | 속도=0.7/분 | ETA 45.7분
2026-08-25 23:05:46,498 [INFO]     스크롤 23회로 끝까지 로드
2026-08-25 23:05:50,561 [INFO] ★ 진행: processed=237 | pending=33 | active=1 | subdivide=0 | 식당=235 | 속도=0.7/분 | ETA 45.7분
2026-08-25 23:05:51,141 [INFO] [W0] (18.68151,99.00305) step=500m | 결과 120 신규 0 (100%중복) | 누적 235
2026-08-25 23:06:00,562 [INFO] ★ 진행: processed=238 | pending=32 | active=1 | subdivide=0 | 식당=235 | 속도=0.7/분 | ETA 44.2분
2026-08-25 23:06:05,729 [INFO]   ✓ 체크포인트 저장 (processed=238, 식당 235)
2026-08-25 23:06:10,565 [INFO] ★ 진행: processed=238 | pending=32 | active=1 | subdivide=0 | 식당=235 | 속도=0.7/분 | ETA 44.2분
2026-08-25 23:06:20,567 [INFO] ★ 진행: processed=238 | pending=32 | active=1 | subdivide=0 | 식당=235 | 속도=0.7/분 | ETA 44.2분
2026-08-25 23:06:24,333 [INFO]     스크롤 25회로 끝까지 로드
2026-08-25 23:06:29,888 [INFO] [W0] (18.68230,99.00772) step=500m | 결과 120 신규 0 (100%중복) | 누적 235
2026-08-25 23:06:30,568 [INFO] ★ 진행: processed=239 | pending=31 | active=1 | subdivide=0 | 식당=235 | 속도=0.7/분 | ETA 42.7분
2026-08-25 23:06:35,740 [INFO]   ✓ 체크포인트 저장 (processed=239, 식당 235)
2026-08-25 23:06:40,570 [INFO] ★ 진행: processed=239 | pending=31 | active=1 | subdivide=0 | 식당=235 | 속도=0.7/분 | ETA 42.7분
2026-08-25 23:06:50,572 [INFO] ★ 진행: processed=239 | pending=31 | active=1 | subdivide=0 | 식당=235 | 속도=0.7/분 | ETA 42.7분
2026-08-25 23:06:53,905 [INFO]     스크롤 4회로 끝까지 로드
2026-08-25 23:06:53,915 [INFO] [W0] (18.68327,99.01236) step=500m | 결과 0 신규 0 (0%중복) | 누적 235
2026-08-25 23:06:53,916 [INFO] [W0] 20포인트 정기 rotate
2026-08-25 23:06:53,919 [INFO] [W0] VPN rotate 요청 (old=de1547.nordvpn.com (187.40.53.124:443))
2026-08-25 23:07:00,577 [INFO] ★ 진행: processed=240 | pending=30 | active=1 | subdivide=0 | 식당=235 | 속도=0.7/분 | ETA 41.2분
2026-08-25 23:07:05,749 [INFO]   ✓ 체크포인트 저장 (processed=240, 식당 235)
2026-08-25 23:07:10,579 [INFO] ★ 진행: processed=240 | pending=30 | active=1 | subdivide=0 | 식당=235 | 속도=0.7/분 | ETA 41.2분
2026-08-25 23:07:20,584 [INFO] ★ 진행: processed=240 | pending=30 | active=1 | subdivide=0 | 식당=235 | 속도=0.7/분 | ETA 41.2분
2026-08-25 23:07:30,586 [INFO] ★ 진행: processed=240 | pending=30 | active=1 | subdivide=0 | 식당=235 | 속도=0.7/분 | ETA 41.3분
2026-08-25 23:07:39,947 [WARNING] [W0] VPN rotate 타임아웃
2026-08-25 23:07:40,589 [INFO] ★ 진행: processed=240 | pending=30 | active=1 | subdivide=0 | 식당=235 | 속도=0.7/분 | ETA 41.3분
2026-08-25 23:07:50,590 [INFO] ★ 진행: processed=240 | pending=30 | active=1 | subdivide=0 | 식당=235 | 속도=0.7/분 | ETA 41.3분
2026-08-25 23:08:00,593 [INFO] ★ 진행: processed=240 | pending=30 | active=1 | subdivide=0 | 식당=235 | 속도=0.7/분 | ETA 41.3분
2026-08-25 23:08:10,595 [INFO] ★ 진행: processed=240 | pending=30 | active=1 | subdivide=0 | 식당=235 | 속도=0.7/분 | ETA 41.3분
2026-08-25 23:08:16,483 [INFO]     스크롤 25회로 끝까지 로드
2026-08-25 23:08:20,596 [INFO] ★ 진행: processed=240 | pending=30 | active=1 | subdivide=0 | 식당=235 | 속도=0.7/분 | ETA 41.4분
2026-08-25 23:08:22,675 [INFO] [W0] (18.68443,99.01695) step=500m | 결과 119 신규 0 (100%중복) | 누적 235
2026-08-25 23:08:30,599 [INFO] ★ 진행: processed=241 | pending=29 | active=1 | subdivide=0 | 식당=235 | 속도=0.7/분 | ETA 39.8분
2026-08-25 23:08:34,968 [INFO]     스크롤 6회로 끝까지 로드
2026-08-25 23:08:35,581 [INFO] [W0] (18.68576,99.02149) step=500m | 결과 20 신규 0 (100%중복) | 누적 235
2026-08-25 23:08:35,763 [INFO]   ✓ 체크포인트 저장 (processed=242, 식당 235)
2026-08-25 23:08:40,602 [INFO] ★ 진행: processed=242 | pending=28 | active=1 | subdivide=0 | 식당=235 | 속도=0.7/분 | ETA 38.3분
2026-08-25 23:08:42,721 [INFO]     스크롤 4회로 끝까지 로드
2026-08-25 23:08:42,729 [INFO] [W0] (18.68728,99.02596) step=500m | 결과 0 신규 0 (0%중복) | 누적 235
2026-08-25 23:08:50,603 [INFO] ★ 진행: processed=243 | pending=27 | active=1 | subdivide=0 | 식당=235 | 속도=0.7/분 | ETA 36.8분
2026-08-25 23:08:52,147 [INFO]     스크롤 4회로 끝까지 로드
2026-08-25 23:08:52,155 [INFO] [W0] (18.68897,99.03037) step=500m | 결과 0 신규 0 (0%중복) | 누적 235
2026-08-25 23:08:52,156 [WARNING] [W0] 연속 0건 → VPN rotate
2026-08-25 23:08:52,167 [INFO] [W0] VPN rotate 요청 (old=de1547.nordvpn.com (187.40.53.124:443))
2026-08-25 23:09:00,605 [INFO] ★ 진행: processed=244 | pending=27 | active=0 | subdivide=0 | 식당=235 | 속도=0.7/분 | ETA 36.7분
2026-08-25 23:09:05,772 [INFO]   ✓ 체크포인트 저장 (processed=244, 식당 235)
2026-08-25 23:09:10,607 [INFO] ★ 진행: processed=244 | pending=27 | active=0 | subdivide=0 | 식당=235 | 속도=0.7/분 | ETA 36.7분
2026-08-25 23:09:20,609 [INFO] ★ 진행: processed=244 | pending=27 | active=0 | subdivide=0 | 식당=235 | 속도=0.7/분 | ETA 36.7분
2026-08-25 23:09:30,611 [INFO] ★ 진행: processed=244 | pending=27 | active=0 | subdivide=0 | 식당=235 | 속도=0.7/분 | ETA 36.7분
2026-08-25 23:09:38,208 [WARNING] [W0] VPN rotate 타임아웃
2026-08-25 23:09:40,449 [WARNING] [W0] SOCKS dead → 즉시 rotate: Page.goto: net::ERR_PROXY_CONNECTION_FAILED at https://www.google.com/maps/searc
2026-08-25 23:09:40,450 [INFO] [W0] VPN rotate 요청 (old=fr1351.nordvpn.com (187.13.12.189:443))
2026-08-25 23:09:40,613 [INFO] ★ 진행: processed=244 | pending=26 | active=1 | subdivide=0 | 식당=235 | 속도=0.7/분 | ETA 35.4분
2026-08-25 23:09:50,614 [INFO] ★ 진행: processed=244 | pending=26 | active=1 | subdivide=0 | 식당=235 | 속도=0.7/분 | ETA 35.4분
2026-08-25 23:10:00,614 [INFO] ★ 진행: processed=244 | pending=26 | active=1 | subdivide=0 | 식당=235 | 속도=0.7/분 | ETA 35.4분
2026-08-25 23:10:06,494 [INFO] [W0] VPN rotated → de1454.nordvpn.com (187.40.46.58:443)
2026-08-25 23:10:10,615 [INFO] ★ 진행: processed=244 | pending=26 | active=1 | subdivide=0 | 식당=235 | 속도=0.7/분 | ETA 35.4분
2026-08-25 23:10:20,616 [INFO] ★ 진행: processed=244 | pending=26 | active=1 | subdivide=0 | 식당=235 | 속도=0.7/분 | ETA 35.5분
2026-08-25 23:10:30,618 [INFO] ★ 진행: processed=244 | pending=26 | active=1 | subdivide=0 | 식당=235 | 속도=0.7/분 | ETA 35.5분
2026-08-25 23:10:40,621 [INFO] ★ 진행: processed=244 | pending=26 | active=1 | subdivide=0 | 식당=235 | 속도=0.7/분 | ETA 35.5분
2026-08-25 23:10:42,828 [INFO]     스크롤 26회로 끝까지 로드
2026-08-25 23:10:47,813 [INFO] [W0] (18.69286,99.03893) step=500m | 결과 120 신규 0 (100%중복) | 누적 235
2026-08-25 23:10:50,623 [INFO] ★ 진행: processed=245 | pending=25 | active=1 | subdivide=0 | 식당=235 | 속도=0.7/분 | ETA 34.0분
2026-08-25 23:11:00,624 [INFO] ★ 진행: processed=245 | pending=25 | active=1 | subdivide=0 | 식당=235 | 속도=0.7/분 | ETA 34.0분
2026-08-25 23:11:05,791 [INFO]   ✓ 체크포인트 저장 (processed=245, 식당 235)
2026-08-25 23:11:10,626 [INFO] ★ 진행: processed=245 | pending=25 | active=1 | subdivide=0 | 식당=235 | 속도=0.7/분 | ETA 34.0분
2026-08-25 23:11:20,628 [INFO] ★ 진행: processed=245 | pending=25 | active=1 | subdivide=0 | 식당=235 | 속도=0.7/분 | ETA 34.1분
2026-08-25 23:11:21,889 [INFO]     스크롤 26회로 끝까지 로드
2026-08-25 23:11:26,776 [INFO] [W0] (18.69505,99.04308) step=500m | 결과 120 신규 0 (100%중복) | 누적 235
2026-08-25 23:11:30,629 [INFO] ★ 진행: processed=246 | pending=24 | active=1 | subdivide=0 | 식당=235 | 속도=0.7/분 | ETA 32.6분
2026-08-25 23:11:35,800 [INFO]   ✓ 체크포인트 저장 (processed=246, 식당 235)
2026-08-25 23:11:40,630 [INFO] ★ 진행: processed=246 | pending=24 | active=1 | subdivide=0 | 식당=235 | 속도=0.7/분 | ETA 32.6분
2026-08-25 23:11:50,631 [INFO] ★ 진행: processed=246 | pending=24 | active=1 | subdivide=0 | 식당=235 | 속도=0.7/분 | ETA 32.6분
2026-08-25 23:12:00,633 [INFO] ★ 진행: processed=246 | pending=24 | active=1 | subdivide=0 | 식당=235 | 속도=0.7/분 | ETA 32.6분
2026-08-25 23:12:01,869 [INFO]     스크롤 27회로 끝까지 로드
2026-08-25 23:12:07,027 [INFO] [W0] (18.69741,99.04713) step=500m | 결과 120 신규 0 (100%중복) | 누적 235
2026-08-25 23:12:10,635 [INFO] ★ 진행: processed=247 | pending=23 | active=1 | subdivide=0 | 식당=235 | 속도=0.7/분 | ETA 31.2분
2026-08-25 23:12:20,637 [INFO] ★ 진행: processed=247 | pending=23 | active=1 | subdivide=0 | 식당=235 | 속도=0.7/분 | ETA 31.2분
2026-08-25 23:12:30,640 [INFO] ★ 진행: processed=247 | pending=23 | active=1 | subdivide=0 | 식당=235 | 속도=0.7/분 | ETA 31.2분
2026-08-25 23:12:35,807 [INFO]   ✓ 체크포인트 저장 (processed=247, 식당 235)
2026-08-25 23:12:40,641 [INFO] ★ 진행: processed=247 | pending=23 | active=1 | subdivide=0 | 식당=235 | 속도=0.7/분 | ETA 31.2분
2026-08-25 23:12:41,836 [INFO]     스크롤 26회로 끝까지 로드
2026-08-25 23:12:47,986 [INFO] [W0] (18.69992,99.05107) step=500m | 결과 120 신규 0 (100%중복) | 누적 235
2026-08-25 23:12:50,642 [INFO] ★ 진행: processed=248 | pending=22 | active=1 | subdivide=0 | 식당=235 | 속도=0.7/분 | ETA 29.7분
2026-08-25 23:13:00,643 [INFO] ★ 진행: processed=248 | pending=22 | active=1 | subdivide=0 | 식당=235 | 속도=0.7/분 | ETA 29.8분
2026-08-25 23:13:05,821 [INFO]   ✓ 체크포인트 저장 (processed=248, 식당 235)
2026-08-25 23:13:10,644 [INFO] ★ 진행: processed=248 | pending=22 | active=1 | subdivide=0 | 식당=235 | 속도=0.7/분 | ETA 29.8분
2026-08-25 23:13:20,646 [INFO] ★ 진행: processed=248 | pending=22 | active=1 | subdivide=0 | 식당=235 | 속도=0.7/분 | ETA 29.8분
2026-08-25 23:13:22,059 [INFO]     스크롤 25회로 끝까지 로드
2026-08-25 23:13:27,631 [INFO] [W0] (18.70259,99.05489) step=500m | 결과 120 신규 0 (100%중복) | 누적 235
2026-08-25 23:13:30,648 [INFO] ★ 진행: processed=249 | pending=21 | active=1 | subdivide=0 | 식당=235 | 속도=0.7/분 | ETA 28.3분
2026-08-25 23:13:35,831 [INFO]   ✓ 체크포인트 저장 (processed=249, 식당 235)
2026-08-25 23:13:40,648 [INFO] ★ 진행: processed=249 | pending=21 | active=1 | subdivide=0 | 식당=235 | 속도=0.7/분 | ETA 28.4분
2026-08-25 23:13:50,650 [INFO] ★ 진행: processed=249 | pending=21 | active=1 | subdivide=0 | 식당=235 | 속도=0.7/분 | ETA 28.4분
2026-08-25 23:14:00,651 [INFO] ★ 진행: processed=249 | pending=21 | active=1 | subdivide=0 | 식당=235 | 속도=0.7/분 | ETA 28.4분
2026-08-25 23:14:02,749 [INFO]     스크롤 26회로 끝까지 로드
2026-08-25 23:14:08,124 [INFO] [W0] (18.70836,99.06218) step=500m | 결과 120 신규 0 (100%중복) | 누적 235
2026-08-25 23:14:10,653 [INFO] ★ 진행: processed=250 | pending=20 | active=1 | subdivide=0 | 식당=235 | 속도=0.7/분 | ETA 26.9분
2026-08-25 23:14:20,654 [INFO] ★ 진행: processed=250 | pending=20 | active=1 | subdivide=0 | 식당=235 | 속도=0.7/분 | ETA 26.9분
2026-08-25 23:14:30,656 [INFO] ★ 진행: processed=250 | pending=20 | active=1 | subdivide=0 | 식당=235 | 속도=0.7/분 | ETA 27.0분
2026-08-25 23:14:35,841 [INFO]   ✓ 체크포인트 저장 (processed=250, 식당 235)
2026-08-25 23:14:40,657 [INFO] ★ 진행: processed=250 | pending=20 | active=1 | subdivide=0 | 식당=235 | 속도=0.7/분 | ETA 27.0분
2026-08-25 23:14:42,922 [INFO]     스크롤 27회로 끝까지 로드
2026-08-25 23:14:47,473 [INFO] [W0] (18.71805,99.07209) step=500m | 결과 120 신규 0 (100%중복) | 누적 235
2026-08-25 23:14:50,677 [INFO] ★ 진행: processed=251 | pending=19 | active=1 | subdivide=0 | 식당=235 | 속도=0.7/분 | ETA 25.5분
2026-08-25 23:15:00,197 [INFO]     스크롤 6회로 끝까지 로드
2026-08-25 23:15:00,679 [INFO] ★ 진행: processed=251 | pending=19 | active=1 | subdivide=0 | 식당=235 | 속도=0.7/분 | ETA 25.5분
2026-08-25 23:15:00,944 [INFO] [W0] (18.72153,99.07511) step=500m | 결과 28 신규 0 (100%중복) | 누적 235
2026-08-25 23:15:05,851 [INFO]   ✓ 체크포인트 저장 (processed=252, 식당 235)
2026-08-25 23:15:10,681 [INFO] ★ 진행: processed=252 | pending=18 | active=1 | subdivide=0 | 식당=235 | 속도=0.7/분 | ETA 24.1분
2026-08-25 23:15:20,682 [INFO] ★ 진행: processed=252 | pending=18 | active=1 | subdivide=0 | 식당=235 | 속도=0.7/분 | ETA 24.1분
2026-08-25 23:15:30,684 [INFO] ★ 진행: processed=252 | pending=18 | active=1 | subdivide=0 | 식당=235 | 속도=0.7/분 | ETA 24.1분
2026-08-25 23:15:36,865 [INFO]     스크롤 27회로 끝까지 로드
2026-08-25 23:15:40,686 [INFO] ★ 진행: processed=252 | pending=18 | active=1 | subdivide=0 | 식당=235 | 속도=0.7/분 | ETA 24.2분
2026-08-25 23:15:41,156 [INFO] [W0] (18.72512,99.07796) step=500m | 결과 120 신규 0 (100%중복) | 누적 235
2026-08-25 23:15:50,687 [INFO] ★ 진행: processed=253 | pending=17 | active=1 | subdivide=0 | 식당=235 | 속도=0.7/분 | ETA 22.7분
2026-08-25 23:16:00,688 [INFO] ★ 진행: processed=253 | pending=17 | active=1 | subdivide=0 | 식당=235 | 속도=0.7/분 | ETA 22.7분
2026-08-25 23:16:05,860 [INFO]   ✓ 체크포인트 저장 (processed=253, 식당 235)
2026-08-25 23:16:10,789 [INFO] ★ 진행: processed=253 | pending=17 | active=1 | subdivide=0 | 식당=235 | 속도=0.7/분 | ETA 22.8분
2026-08-25 23:16:18,624 [INFO]     스크롤 29회로 끝까지 로드
2026-08-25 23:16:20,899 [INFO] ★ 진행: processed=253 | pending=17 | active=1 | subdivide=0 | 식당=235 | 속도=0.7/분 | ETA 22.8분
2026-08-25 23:16:22,293 [INFO] [W0] (18.72882,99.08066) step=500m | 결과 116 신규 0 (100%중복) | 누적 235
2026-08-25 23:16:30,901 [INFO] ★ 진행: processed=254 | pending=16 | active=1 | subdivide=0 | 식당=235 | 속도=0.7/분 | ETA 21.4분
2026-08-25 23:16:35,940 [INFO]   ✓ 체크포인트 저장 (processed=254, 식당 235)
2026-08-25 23:16:40,902 [INFO] ★ 진행: processed=254 | pending=16 | active=1 | subdivide=0 | 식당=235 | 속도=0.7/분 | ETA 21.4분
2026-08-25 23:16:50,903 [INFO] ★ 진행: processed=254 | pending=16 | active=1 | subdivide=0 | 식당=235 | 속도=0.7/분 | ETA 21.4분
2026-08-25 23:16:57,339 [INFO]     스크롤 27회로 끝까지 로드
2026-08-25 23:17:00,905 [INFO] ★ 진행: processed=254 | pending=16 | active=1 | subdivide=0 | 식당=235 | 속도=0.7/분 | ETA 21.4분
2026-08-25 23:17:01,504 [INFO] [W0] (18.73263,99.08319) step=500m | 결과 120 신규 0 (100%중복) | 누적 235
2026-08-25 23:17:05,949 [INFO]   ✓ 체크포인트 저장 (processed=255, 식당 235)
2026-08-25 23:17:10,906 [INFO] ★ 진행: processed=255 | pending=15 | active=1 | subdivide=0 | 식당=235 | 속도=0.8/분 | ETA 20.0분
2026-08-25 23:17:20,908 [INFO] ★ 진행: processed=255 | pending=15 | active=1 | subdivide=0 | 식당=235 | 속도=0.8/분 | ETA 20.0분
2026-08-25 23:17:30,911 [INFO] ★ 진행: processed=255 | pending=15 | active=1 | subdivide=0 | 식당=235 | 속도=0.7/분 | ETA 20.0분
2026-08-25 23:17:35,844 [INFO]     스크롤 26회로 끝까지 로드
2026-08-25 23:17:40,137 [INFO] [W0] (18.73653,99.08555) step=500m | 결과 120 신규 0 (100%중복) | 누적 235
2026-08-25 23:17:40,912 [INFO] ★ 진행: processed=256 | pending=14 | active=1 | subdivide=0 | 식당=235 | 속도=0.8/분 | ETA 18.6분
2026-08-25 23:17:50,913 [INFO] ★ 진행: processed=256 | pending=14 | active=1 | subdivide=0 | 식당=235 | 속도=0.8/분 | ETA 18.6분
2026-08-25 23:18:00,914 [INFO] ★ 진행: processed=256 | pending=14 | active=1 | subdivide=0 | 식당=235 | 속도=0.8/분 | ETA 18.6분
2026-08-25 23:18:05,958 [INFO]   ✓ 체크포인트 저장 (processed=256, 식당 235)
2026-08-25 23:18:10,916 [INFO] ★ 진행: processed=256 | pending=14 | active=1 | subdivide=0 | 식당=235 | 속도=0.8/분 | ETA 18.6분
2026-08-25 23:18:14,632 [INFO]     스크롤 26회로 끝까지 로드
2026-08-25 23:18:19,148 [INFO] [W0] (18.74053,99.08774) step=500m | 결과 120 신규 0 (100%중복) | 누적 235
2026-08-25 23:18:20,919 [INFO] ★ 진행: processed=257 | pending=13 | active=1 | subdivide=0 | 식당=235 | 속도=0.8/분 | ETA 17.2분
2026-08-25 23:18:30,922 [INFO] ★ 진행: processed=257 | pending=13 | active=1 | subdivide=0 | 식당=235 | 속도=0.8/분 | ETA 17.2분
2026-08-25 23:18:35,967 [INFO]   ✓ 체크포인트 저장 (processed=257, 식당 235)
2026-08-25 23:18:40,923 [INFO] ★ 진행: processed=257 | pending=13 | active=1 | subdivide=0 | 식당=235 | 속도=0.8/분 | ETA 17.3분
2026-08-25 23:18:50,924 [INFO] ★ 진행: processed=257 | pending=13 | active=1 | subdivide=0 | 식당=235 | 속도=0.8/분 | ETA 17.3분
2026-08-25 23:18:54,380 [INFO]     스크롤 27회로 끝까지 로드
2026-08-25 23:18:58,804 [INFO] [W0] (18.74460,99.08975) step=500m | 결과 120 신규 0 (100%중복) | 누적 235
2026-08-25 23:19:00,926 [INFO] ★ 진행: processed=258 | pending=12 | active=1 | subdivide=0 | 식당=235 | 속도=0.8/분 | ETA 15.9분
2026-08-25 23:19:05,975 [INFO]   ✓ 체크포인트 저장 (processed=258, 식당 235)
2026-08-25 23:19:10,929 [INFO] ★ 진행: processed=258 | pending=12 | active=1 | subdivide=0 | 식당=235 | 속도=0.8/분 | ETA 15.9분
2026-08-25 23:19:20,931 [INFO] ★ 진행: processed=258 | pending=12 | active=1 | subdivide=0 | 식당=235 | 속도=0.8/분 | ETA 15.9분
2026-08-25 23:19:30,933 [INFO] ★ 진행: processed=258 | pending=12 | active=1 | subdivide=0 | 식당=235 | 속도=0.8/분 | ETA 15.9분
2026-08-25 23:19:37,167 [INFO]     스크롤 30회로 끝까지 로드
2026-08-25 23:19:40,934 [INFO] ★ 진행: processed=258 | pending=12 | active=1 | subdivide=0 | 식당=235 | 속도=0.8/분 | ETA 15.9분
2026-08-25 23:19:41,445 [INFO] [W0] (18.74875,99.09158) step=500m | 결과 116 신규 0 (100%중복) | 누적 235
2026-08-25 23:19:50,935 [INFO] ★ 진행: processed=259 | pending=11 | active=1 | subdivide=0 | 식당=235 | 속도=0.8/분 | ETA 14.5분
2026-08-25 23:20:00,937 [INFO] ★ 진행: processed=259 | pending=11 | active=1 | subdivide=0 | 식당=235 | 속도=0.8/분 | ETA 14.5분
2026-08-25 23:20:05,987 [INFO]   ✓ 체크포인트 저장 (processed=259, 식당 235)
2026-08-25 23:20:10,939 [INFO] ★ 진행: processed=259 | pending=11 | active=1 | subdivide=0 | 식당=235 | 속도=0.8/분 | ETA 14.6분
2026-08-25 23:20:17,023 [INFO]     스크롤 27회로 끝까지 로드
2026-08-25 23:20:20,941 [INFO] ★ 진행: processed=259 | pending=11 | active=1 | subdivide=0 | 식당=235 | 속도=0.8/분 | ETA 14.6분
2026-08-25 23:20:21,934 [INFO] [W0] (18.75297,99.09322) step=500m | 결과 120 신규 0 (100%중복) | 누적 235
2026-08-25 23:20:21,935 [INFO] [W0] 20포인트 정기 rotate
2026-08-25 23:20:21,936 [INFO] [W0] VPN rotate 요청 (old=de1454.nordvpn.com (187.40.46.58:443))
2026-08-25 23:20:30,941 [INFO] ★ 진행: processed=260 | pending=10 | active=1 | subdivide=0 | 식당=235 | 속도=0.8/분 | ETA 13.2분
2026-08-25 23:20:35,994 [INFO]   ✓ 체크포인트 저장 (processed=260, 식당 235)
2026-08-25 23:20:40,943 [INFO] ★ 진행: processed=260 | pending=10 | active=1 | subdivide=0 | 식당=235 | 속도=0.8/분 | ETA 13.2분
2026-08-25 23:20:47,964 [INFO] [W0] VPN rotated → de1510.nordvpn.com (187.40.55.120:443)
2026-08-25 23:20:50,945 [INFO] ★ 진행: processed=260 | pending=10 | active=1 | subdivide=0 | 식당=235 | 속도=0.8/분 | ETA 13.2분
2026-08-25 23:21:00,946 [INFO] ★ 진행: processed=260 | pending=10 | active=1 | subdivide=0 | 식당=235 | 속도=0.8/분 | ETA 13.2분
2026-08-25 23:21:10,947 [INFO] ★ 진행: processed=260 | pending=10 | active=1 | subdivide=0 | 식당=235 | 속도=0.8/분 | ETA 13.2분
2026-08-25 23:21:20,948 [INFO] ★ 진행: processed=260 | pending=10 | active=1 | subdivide=0 | 식당=235 | 속도=0.8/분 | ETA 13.2분
2026-08-25 23:21:26,239 [INFO]     스크롤 27회로 끝까지 로드
2026-08-25 23:21:30,933 [INFO] [W0] (18.75725,99.09468) step=500m | 결과 120 신규 0 (100%중복) | 누적 235
2026-08-25 23:21:30,950 [INFO] ★ 진행: processed=261 | pending=9 | active=1 | subdivide=0 | 식당=235 | 속도=0.8/분 | ETA 11.9분
2026-08-25 23:21:36,005 [INFO]   ✓ 체크포인트 저장 (processed=261, 식당 235)
2026-08-25 23:21:40,951 [INFO] ★ 진행: processed=261 | pending=9 | active=1 | subdivide=0 | 식당=235 | 속도=0.8/분 | ETA 11.9분
2026-08-25 23:21:50,952 [INFO] ★ 진행: processed=261 | pending=9 | active=1 | subdivide=0 | 식당=235 | 속도=0.8/분 | ETA 11.9분
2026-08-25 23:22:00,953 [INFO] ★ 진행: processed=261 | pending=9 | active=1 | subdivide=0 | 식당=235 | 속도=0.8/분 | ETA 11.9분
2026-08-25 23:22:04,675 [INFO]     스크롤 26회로 끝까지 로드
2026-08-25 23:22:09,370 [INFO] [W0] (18.76159,99.09595) step=500m | 결과 120 신규 0 (100%중복) | 누적 235
2026-08-25 23:22:10,953 [INFO] ★ 진행: processed=262 | pending=8 | active=1 | subdivide=0 | 식당=235 | 속도=0.8/분 | ETA 10.5분
2026-08-25 23:22:20,954 [INFO] ★ 진행: processed=262 | pending=8 | active=1 | subdivide=0 | 식당=235 | 속도=0.8/분 | ETA 10.5분
2026-08-25 23:22:30,955 [INFO] ★ 진행: processed=262 | pending=8 | active=1 | subdivide=0 | 식당=235 | 속도=0.8/분 | ETA 10.5분
2026-08-25 23:22:36,014 [INFO]   ✓ 체크포인트 저장 (processed=262, 식당 235)
2026-08-25 23:22:40,956 [INFO] ★ 진행: processed=262 | pending=8 | active=1 | subdivide=0 | 식당=235 | 속도=0.8/분 | ETA 10.5분
2026-08-25 23:22:43,005 [INFO]     스크롤 26회로 끝까지 로드
2026-08-25 23:22:48,071 [INFO] [W0] (18.76597,99.09703) step=500m | 결과 118 신규 0 (100%중복) | 누적 235
2026-08-25 23:22:50,957 [INFO] ★ 진행: processed=263 | pending=7 | active=1 | subdivide=0 | 식당=235 | 속도=0.8/분 | ETA 9.2분
2026-08-25 23:23:00,958 [INFO] ★ 진행: processed=263 | pending=7 | active=1 | subdivide=0 | 식당=235 | 속도=0.8/분 | ETA 9.2분
2026-08-25 23:23:06,024 [INFO]   ✓ 체크포인트 저장 (processed=263, 식당 235)
2026-08-25 23:23:10,960 [INFO] ★ 진행: processed=263 | pending=7 | active=1 | subdivide=0 | 식당=235 | 속도=0.8/분 | ETA 9.2분
2026-08-25 23:23:20,961 [INFO] ★ 진행: processed=263 | pending=7 | active=1 | subdivide=0 | 식당=235 | 속도=0.8/분 | ETA 9.2분
2026-08-25 23:23:21,927 [INFO]     스크롤 26회로 끝까지 로드
2026-08-25 23:23:26,432 [INFO] [W0] (18.77039,99.09791) step=500m | 결과 118 신규 0 (100%중복) | 누적 235
2026-08-25 23:23:30,962 [INFO] ★ 진행: processed=264 | pending=6 | active=1 | subdivide=0 | 식당=235 | 속도=0.8/분 | ETA 7.9분
2026-08-25 23:23:36,036 [INFO]   ✓ 체크포인트 저장 (processed=264, 식당 235)
2026-08-25 23:23:40,963 [INFO] ★ 진행: processed=264 | pending=6 | active=1 | subdivide=0 | 식당=235 | 속도=0.8/분 | ETA 7.9분
2026-08-25 23:23:50,964 [INFO] ★ 진행: processed=264 | pending=6 | active=1 | subdivide=0 | 식당=235 | 속도=0.8/분 | ETA 7.9분
2026-08-25 23:24:00,968 [INFO] ★ 진행: processed=264 | pending=6 | active=1 | subdivide=0 | 식당=235 | 속도=0.8/분 | ETA 7.9분
2026-08-25 23:24:01,451 [INFO]     스크롤 27회로 끝까지 로드
2026-08-25 23:24:05,979 [INFO] [W0] (18.77484,99.09860) step=500m | 결과 119 신규 0 (100%중복) | 누적 235
2026-08-25 23:24:06,050 [INFO]   ✓ 체크포인트 저장 (processed=265, 식당 235)
2026-08-25 23:24:10,969 [INFO] ★ 진행: processed=265 | pending=5 | active=1 | subdivide=0 | 식당=235 | 속도=0.8/분 | ETA 6.5분
2026-08-25 23:24:20,970 [INFO] ★ 진행: processed=265 | pending=5 | active=1 | subdivide=0 | 식당=235 | 속도=0.8/분 | ETA 6.5분
2026-08-25 23:24:30,972 [INFO] ★ 진행: processed=265 | pending=5 | active=1 | subdivide=0 | 식당=235 | 속도=0.8/분 | ETA 6.5분
2026-08-25 23:24:40,973 [INFO] ★ 진행: processed=265 | pending=5 | active=1 | subdivide=0 | 식당=235 | 속도=0.8/분 | ETA 6.6분
2026-08-25 23:24:42,578 [INFO]     스크롤 27회로 끝까지 로드
2026-08-25 23:24:47,243 [INFO] [W0] (18.77931,99.09910) step=500m | 결과 118 신규 0 (100%중복) | 누적 235
2026-08-25 23:24:50,975 [INFO] ★ 진행: processed=266 | pending=4 | active=1 | subdivide=0 | 식당=235 | 속도=0.8/분 | ETA 5.2분
2026-08-25 23:25:00,977 [INFO] ★ 진행: processed=266 | pending=4 | active=1 | subdivide=0 | 식당=235 | 속도=0.8/분 | ETA 5.2분
2026-08-25 23:25:06,060 [INFO]   ✓ 체크포인트 저장 (processed=266, 식당 235)
2026-08-25 23:25:10,990 [INFO] ★ 진행: processed=266 | pending=4 | active=1 | subdivide=0 | 식당=235 | 속도=0.8/분 | ETA 5.2분
2026-08-25 23:25:20,993 [INFO] ★ 진행: processed=266 | pending=4 | active=1 | subdivide=0 | 식당=235 | 속도=0.8/분 | ETA 5.2분
2026-08-25 23:25:21,759 [INFO]     스크롤 26회로 끝까지 로드
2026-08-25 23:25:25,957 [INFO] [W0] (18.78380,99.09939) step=500m | 결과 119 신규 0 (100%중복) | 누적 235
2026-08-25 23:25:30,994 [INFO] ★ 진행: processed=267 | pending=3 | active=1 | subdivide=0 | 식당=235 | 속도=0.8/분 | ETA 3.9분
2026-08-25 23:25:36,085 [INFO]   ✓ 체크포인트 저장 (processed=267, 식당 235)
2026-08-25 23:25:40,995 [INFO] ★ 진행: processed=267 | pending=3 | active=1 | subdivide=0 | 식당=235 | 속도=0.8/분 | ETA 3.9분
2026-08-25 23:25:50,996 [INFO] ★ 진행: processed=267 | pending=3 | active=1 | subdivide=0 | 식당=235 | 속도=0.8/분 | ETA 3.9분
2026-08-25 23:25:59,939 [INFO]     스크롤 26회로 끝까지 로드
2026-08-25 23:26:00,997 [INFO] ★ 진행: processed=267 | pending=3 | active=1 | subdivide=0 | 식당=235 | 속도=0.8/분 | ETA 3.9분
2026-08-25 23:26:05,184 [INFO] [W0] (18.84992,98.97114) step=500m | 결과 118 신규 0 (100%중복) | 누적 235
2026-08-25 23:26:06,097 [INFO]   ✓ 체크포인트 저장 (processed=268, 식당 235)
2026-08-25 23:26:10,999 [INFO] ★ 진행: processed=268 | pending=2 | active=1 | subdivide=0 | 식당=235 | 속도=0.8/분 | ETA 2.6분
2026-08-25 23:26:21,000 [INFO] ★ 진행: processed=268 | pending=2 | active=1 | subdivide=0 | 식당=235 | 속도=0.8/분 | ETA 2.6분
2026-08-25 23:26:31,001 [INFO] ★ 진행: processed=268 | pending=2 | active=1 | subdivide=0 | 식당=235 | 속도=0.8/분 | ETA 2.6분
2026-08-25 23:26:39,362 [INFO]     스크롤 26회로 끝까지 로드
2026-08-25 23:26:41,003 [INFO] ★ 진행: processed=268 | pending=2 | active=1 | subdivide=0 | 식당=235 | 속도=0.8/분 | ETA 2.6분
2026-08-25 23:26:43,548 [INFO] [W0] (18.85358,98.91299) step=500m | 결과 118 신규 0 (100%중복) | 누적 235
2026-08-25 23:26:51,004 [INFO] ★ 진행: processed=269 | pending=1 | active=1 | subdivide=0 | 식당=235 | 속도=0.8/분 | ETA 1.3분
2026-08-25 23:27:01,006 [INFO] ★ 진행: processed=269 | pending=1 | active=1 | subdivide=0 | 식당=235 | 속도=0.8/분 | ETA 1.3분
2026-08-25 23:27:06,111 [INFO]   ✓ 체크포인트 저장 (processed=269, 식당 235)
2026-08-25 23:27:11,007 [INFO] ★ 진행: processed=269 | pending=1 | active=1 | subdivide=0 | 식당=235 | 속도=0.8/분 | ETA 1.3분
2026-08-25 23:27:17,366 [INFO]     스크롤 26회로 끝까지 로드
2026-08-25 23:27:21,010 [INFO] ★ 진행: processed=269 | pending=1 | active=1 | subdivide=0 | 식당=235 | 속도=0.8/분 | ETA 1.3분
2026-08-25 23:27:21,610 [INFO] [W0] (18.69413,98.99480) step=500m | 결과 119 신규 0 (100%중복) | 누적 235
2026-08-25 23:27:31,013 [INFO] ★ 진행: processed=270 | pending=0 | active=1 | subdivide=0 | 식당=235 | 속도=0.8/분 | ETA 0.0분
2026-08-25 23:27:36,121 [INFO]   ✓ 체크포인트 저장 (processed=270, 식당 235)
2026-08-25 23:27:41,014 [INFO] ★ 진행: processed=270 | pending=0 | active=1 | subdivide=0 | 식당=235 | 속도=0.8/분 | ETA 0.0분
2026-08-25 23:27:51,016 [INFO] ★ 진행: processed=270 | pending=0 | active=1 | subdivide=0 | 식당=235 | 속도=0.8/분 | ETA 0.0분
2026-08-25 23:27:55,997 [INFO]     스크롤 26회로 끝까지 로드
2026-08-25 23:28:00,071 [INFO] [W0] (18.69083,99.03469) step=500m | 결과 120 신규 0 (100%중복) | 누적 235
2026-08-25 23:28:01,019 [INFO] ★ 진행: processed=271 | pending=0 | active=0 | subdivide=0 | 식당=235 | 속도=0.8/분 | ETA 0.0분
2026-08-25 23:28:02,352 [INFO] [W0] 종료 (내 처리: 271개)
2026-08-25 23:28:06,137 [INFO]   ✓ 체크포인트 저장 (processed=271, 식당 235)
2026-08-25 23:28:11,021 [INFO] ★ 진행: processed=271 | pending=0 | active=0 | subdivide=0 | 식당=235 | 속도=0.8/분 | ETA 0.0분
2026-08-25 23:28:11,026 [INFO] ============================================================
2026-08-25 23:28:11,027 [INFO] 그리드 스캔 완료!
2026-08-25 23:28:11,027 [INFO]   처리: 271 포인트 (subdivide 0회)
2026-08-25 23:28:11,027 [INFO]   발견 식당: 235개
2026-08-25 23:28:11,028 [INFO]   출력: C:\Users\yn\Desktop\Work\0_main\deliverable\deliverable\petvet_output_chiangmai\discovered_places.csv
2026-08-25 23:28:11,028 [INFO] ============================================================
2026-08-25 23:28:11,028 [INFO] ── 중복률 구간 분석 (10 포인트 윈도우) ──
2026-08-25 23:28:11,028 [INFO]   포인트 1~10: 결과 901 | 신규 0 | 중복 901 (100%)
2026-08-25 23:28:11,029 [INFO]   포인트 11~20: 결과 898 | 신규 0 | 중복 898 (100%)
2026-08-25 23:28:11,029 [INFO]   포인트 21~30: 결과 1114 | 신규 0 | 중복 1114 (100%)
2026-08-25 23:28:11,029 [INFO]   포인트 31~40: 결과 1096 | 신규 0 | 중복 1096 (100%)
2026-08-25 23:28:11,030 [INFO]   포인트 41~50: 결과 907 | 신규 0 | 중복 907 (100%)
2026-08-25 23:28:11,030 [INFO]   포인트 51~60: 결과 1056 | 신규 0 | 중복 1056 (100%)
2026-08-25 23:28:11,030 [INFO]   포인트 61~70: 결과 1030 | 신규 0 | 중복 1030 (100%)
2026-08-25 23:28:11,030 [INFO]   포인트 71~80: 결과 1200 | 신규 0 | 중복 1200 (100%)
2026-08-25 23:28:11,031 [INFO]   포인트 81~90: 결과 672 | 신규 0 | 중복 672 (100%)
2026-08-25 23:28:11,031 [INFO]   포인트 91~100: 결과 962 | 신규 0 | 중복 962 (100%)
2026-08-25 23:28:11,031 [INFO]   포인트 101~110: 결과 815 | 신규 0 | 중복 815 (100%)
2026-08-25 23:28:11,032 [INFO]   포인트 111~120: 결과 1070 | 신규 0 | 중복 1070 (100%)
2026-08-25 23:28:11,032 [INFO]   포인트 121~130: 결과 1055 | 신규 0 | 중복 1055 (100%)
2026-08-25 23:28:11,032 [INFO]   포인트 131~140: 결과 1195 | 신규 0 | 중복 1195 (100%)
2026-08-25 23:28:11,033 [INFO]   포인트 141~150: 결과 1000 | 신규 0 | 중복 1000 (100%)
2026-08-25 23:28:11,033 [INFO]   포인트 151~160: 결과 1032 | 신규 0 | 중복 1032 (100%)
2026-08-25 23:28:11,033 [INFO]   포인트 161~170: 결과 918 | 신규 0 | 중복 918 (100%)
2026-08-25 23:28:11,033 [INFO]   포인트 171~180: 결과 1070 | 신규 0 | 중복 1070 (100%)
2026-08-25 23:28:11,034 [INFO]   포인트 181~190: 결과 1117 | 신규 1 | 중복 1116 (100%)
2026-08-25 23:28:11,034 [INFO]   포인트 191~200: 결과 960 | 신규 0 | 중복 960 (100%)
2026-08-25 23:28:11,034 [INFO]   포인트 201~210: 결과 506 | 신규 0 | 중복 506 (100%)
2026-08-25 23:28:11,034 [INFO]   포인트 211~220: 결과 1189 | 신규 0 | 중복 1189 (100%)
2026-08-25 23:28:11,035 [INFO]   포인트 221~230: 결과 1111 | 신규 1 | 중복 1110 (100%)
2026-08-25 23:28:11,035 [INFO]   포인트 231~240: 결과 1075 | 신규 1 | 중복 1074 (100%)
2026-08-25 23:28:11,036 [INFO]   포인트 241~250: 결과 859 | 신규 0 | 중복 859 (100%)
2026-08-25 23:28:11,036 [INFO]   포인트 251~260: 결과 1100 | 신규 0 | 중복 1100 (100%)
2026-08-25 23:28:11,036 [INFO]   포인트 261~270: 결과 1187 | 신규 0 | 중복 1187 (100%)
2026-08-25 23:28:11,036 [INFO]   포인트 271~271: 결과 120 | 신규 0 | 중복 120 (100%)
2026-08-25 23:28:11,038 [INFO] ── 누적 고유 식당 수 추이 ──
2026-08-25 23:28:11,038 [INFO]   5 포인트까지: 0개
2026-08-25 23:28:11,038 [INFO]   10 포인트까지: 0개
2026-08-25 23:28:11,038 [INFO]   15 포인트까지: 0개
2026-08-25 23:28:11,038 [INFO]   20 포인트까지: 0개
2026-08-25 23:28:11,039 [INFO]   25 포인트까지: 0개
2026-08-25 23:28:11,039 [INFO]   30 포인트까지: 0개
2026-08-25 23:28:11,039 [INFO]   35 포인트까지: 0개
2026-08-25 23:28:11,039 [INFO]   40 포인트까지: 0개
2026-08-25 23:28:11,039 [INFO]   45 포인트까지: 0개
2026-08-25 23:28:11,040 [INFO]   50 포인트까지: 0개
2026-08-25 23:28:11,040 [INFO]   55 포인트까지: 0개
2026-08-25 23:28:11,041 [INFO]   60 포인트까지: 0개
2026-08-25 23:28:11,042 [INFO]   65 포인트까지: 0개
2026-08-25 23:28:11,042 [INFO]   70 포인트까지: 0개
2026-08-25 23:28:11,042 [INFO]   75 포인트까지: 0개
2026-08-25 23:28:11,042 [INFO]   80 포인트까지: 0개
2026-08-25 23:28:11,042 [INFO]   85 포인트까지: 0개
2026-08-25 23:28:11,042 [INFO]   90 포인트까지: 0개
2026-08-25 23:28:11,044 [INFO]   95 포인트까지: 0개
2026-08-25 23:28:11,044 [INFO]   100 포인트까지: 0개
2026-08-25 23:28:11,044 [INFO]   105 포인트까지: 0개
2026-08-25 23:28:11,044 [INFO]   110 포인트까지: 0개
2026-08-25 23:28:11,045 [INFO]   115 포인트까지: 0개
2026-08-25 23:28:11,045 [INFO]   120 포인트까지: 0개
2026-08-25 23:28:11,045 [INFO]   125 포인트까지: 0개
2026-08-25 23:28:11,045 [INFO]   130 포인트까지: 0개
2026-08-25 23:28:11,046 [INFO]   135 포인트까지: 0개
2026-08-25 23:28:11,046 [INFO]   140 포인트까지: 0개
2026-08-25 23:28:11,046 [INFO]   145 포인트까지: 0개
2026-08-25 23:28:11,046 [INFO]   150 포인트까지: 0개
2026-08-25 23:28:11,047 [INFO]   155 포인트까지: 0개
2026-08-25 23:28:11,047 [INFO]   160 포인트까지: 0개
2026-08-25 23:28:11,047 [INFO]   165 포인트까지: 0개
2026-08-25 23:28:11,047 [INFO]   170 포인트까지: 0개
2026-08-25 23:28:11,048 [INFO]   175 포인트까지: 0개
2026-08-25 23:28:11,048 [INFO]   180 포인트까지: 0개
2026-08-25 23:28:11,048 [INFO]   185 포인트까지: 1개
2026-08-25 23:28:11,048 [INFO]   190 포인트까지: 1개
2026-08-25 23:28:11,049 [INFO]   195 포인트까지: 1개
2026-08-25 23:28:11,049 [INFO]   200 포인트까지: 1개
2026-08-25 23:28:11,049 [INFO]   205 포인트까지: 1개
2026-08-25 23:28:11,049 [INFO]   210 포인트까지: 1개
2026-08-25 23:28:11,050 [INFO]   215 포인트까지: 1개
2026-08-25 23:28:11,050 [INFO]   220 포인트까지: 1개
2026-08-25 23:28:11,050 [INFO]   225 포인트까지: 1개
2026-08-25 23:28:11,051 [INFO]   230 포인트까지: 2개
2026-08-25 23:28:11,051 [INFO]   235 포인트까지: 3개
2026-08-25 23:28:11,051 [INFO]   240 포인트까지: 3개
2026-08-25 23:28:11,052 [INFO]   245 포인트까지: 3개
2026-08-25 23:28:11,052 [INFO]   250 포인트까지: 3개
2026-08-25 23:28:11,052 [INFO]   255 포인트까지: 3개
2026-08-25 23:28:11,052 [INFO]   260 포인트까지: 3개
2026-08-25 23:28:11,053 [INFO]   265 포인트까지: 3개
2026-08-25 23:28:11,053 [INFO]   270 포인트까지: 3개
2026-08-25 23:28:11,053 [INFO]   271 포인트까지: 3개
