เขต,จังหวัด,โรงพยาบาล,H Code,สังกัด,ชนิดรพ,ขั้นเผยแพร่,วันรับรอง HA,วันหมดอายุ HA,หมายเหตุ
1,เชียงราย,เกษมราษฎร์ แม่สาย โรงพยาบาลทั่วไปขนาดเล็ก,41417,เอกชน,เอกชน,ไม่มีขั้น,,,
1,เชียงราย,เกษมราษฎร์ ศรีบุรินทร์,12026,เอกชน,สมาคมโรงพยาบาลเอกชน,ขั้นมาตรฐาน,2025-04-22,2028-04-21,
1,เชียงราย,ขุนตาล,11199,รัฐในสังกัดสป.สธ.,รพช.,ขั้นมาตรฐาน,2025-05-13,2028-05-12,
1,เชียงราย,ค่ายเม็งรายมหาราช,14933,กระทรวงกลาโหม,กรมแพทย์ทหารบก,ขั้นมาตรฐาน,2024-10-08,2027-10-07,
1,เชียงราย,เชียงรายประชานุเคราะห์,10674,รัฐในสังกัดสป.สธ.,รพศ.,ขั้นก้าวหน้า,2026-01-23,2030-01-22,
1,เชียงราย,เชียงแสน,11193,รัฐในสังกัดสป.สธ.,รพช.,ขั้นมาตรฐาน,2026-05-12,2029-05-11,
1,เชียงราย,ดอยหลวง,28823,รัฐในสังกัดสป.สธ.,รพช.,ขั้นพัฒนา ขั้นที่ 2,2026-01-26,2028-01-25,
1,เชียงราย,ทั่วไปขนาดกลางกรุงเทพเชียงราย,41574,เอกชน,เอกชน,ขั้นมาตรฐาน,2025-12-23,2028-12-22,
1,เชียงราย,ทั่วไปขนาดกลางเชียงราย ราม,41326,เอกชน,เอกชน,ไม่มีขั้น,2024-08-23,2025-08-22,
1,เชียงราย,เทิง,11189,รัฐในสังกัดสป.สธ.,รพช.,ขั้นมาตรฐาน,2026-04-28,2029-04-27,
1,เชียงราย,ป่าแดด,11191,รัฐในสังกัดสป.สธ.,รพช.,ขั้นมาตรฐาน,2026-06-23,2029-06-22,
1,เชียงราย,พญาเม็งราย,11197,รัฐในสังกัดสป.สธ.,รพช.,ขั้นมาตรฐาน,2026-01-14,2029-01-13,
1,เชียงราย,พาน,11190,รัฐในสังกัดสป.สธ.,รพช.,ขั้นมาตรฐาน,2025-08-05,2028-08-04,
1,เชียงราย,มหาวิทยาลัยแม่ฟ้าหลวง,23429,กระทรวงการอุดมศึกษา วิทยาศาสตร์ วิจัยและนวัตกรรม,โรงเรียนแพทย์,ไม่มีขั้น,,,
1,เชียงราย,แม่จัน,11192,รัฐในสังกัดสป.สธ.,รพช.,ขั้นมาตรฐาน,2023-12-19,2026-12-18,
1,เชียงราย,แม่ฟ้าหลวง,11200,รัฐในสังกัดสป.สธ.,รพช.,ขั้นมาตรฐาน,2025-03-25,2028-03-24,
1,เชียงราย,แม่ลาว,11201,รัฐในสังกัดสป.สธ.,รพช.,ขั้นมาตรฐาน,2024-04-24,2027-04-23,
1,เชียงราย,แม่สรวย,11195,รัฐในสังกัดสป.สธ.,รพช.,ขั้นมาตรฐาน,2023-09-12,2026-09-11,
1,เชียงราย,แม่สาย,11194,รัฐในสังกัดสป.สธ.,รพท.,ขั้นมาตรฐาน,2024-08-27,2027-08-26,
1,เชียงราย,เวียงแก่น,11198,รัฐในสังกัดสป.สธ.,รพช.,ขั้นมาตรฐาน,2025-06-10,2028-06-09,
1,เชียงราย,เวียงเชียงรุ้ง,11202,รัฐในสังกัดสป.สธ.,รพช.,ขั้นมาตรฐาน,2024-01-15,2027-01-14,
1,เชียงราย,เวียงป่าเป้า,11196,รัฐในสังกัดสป.สธ.,รพช.,ขั้นมาตรฐาน,2025-04-08,2028-04-07,
1,เชียงราย,ศูนย์การแพทย์มหาวิทยาลัยแม่ฟ้าหลวง,41509,กระทรวงการอุดมศึกษา วิทยาศาสตร์ วิจัยและนวัตกรรม,โรงเรียนแพทย์,อยู่ระหว่างกระบวนการต่ออายุ,2023-06-14,2026-06-13,
1,เชียงราย,สมเด็จพระญาณสังวร,15012,รัฐในสังกัดสป.สธ.,รพช.,ขั้นมาตรฐาน,2025-07-08,2028-07-07,
1,เชียงราย,สมเด็จพระยุพราชเชียงของ,11454,รัฐในสังกัดสป.สธ.,รพช.,ขั้นมาตรฐาน,2025-09-23,2028-09-22,
1,เชียงราย,โอเวอร์บรุ๊ค,12024,เอกชน,สมาคมโรงพยาบาลเอกชน,ขั้นมาตรฐาน,2024-09-10,2027-09-09,
1,เชียงใหม่,กองบิน 41,11507,กระทรวงกลาโหม,กรมแพทย์ทหารอากาศ,ไม่มีขั้น,2024-01-25,2026-01-24,
1,เชียงใหม่,ค่ายกาวิละ,11508,กระทรวงกลาโหม,กรมแพทย์ทหารบก,ขั้นมาตรฐาน,2025-08-25,2028-08-24,
1,เชียงใหม่,จอมทอง,11119,รัฐในสังกัดสป.สธ.,รพท.,ขั้นมาตรฐาน,2025-01-28,2028-01-27,
1,เชียงใหม่,เชียงดาว,11121,รัฐในสังกัดสป.สธ.,รพช.,ขั้นมาตรฐาน,2026-04-28,2029-04-27,
1,เชียงใหม่,เชียงใหม่ ราม,14636,เอกชน,สมาคมโรงพยาบาลเอกชน,ไม่มีขั้น,2018-08-14,2021-08-13,
1,เชียงใหม่,เชียงใหม่เมดิคอล เซ็นเตอร์,11999,เอกชน,สมาคมโรงพยาบาลเอกชน,ขั้นพัฒนา ขั้นที่ 2,2024-09-25,2026-09-24,
1,เชียงใหม่,ไชยปราการ,11137,รัฐในสังกัดสป.สธ.,รพช.,ขั้นมาตรฐาน,2025-07-08,2028-07-07,
1,เชียงใหม่,เซนต์ปีเตอร์ โรงพยาบาลเฉพาะทางตาขนาดเล็ก,11979,เอกชน,เอกชน,ไม่มีขั้น,2022-07-25,2023-07-24,
1,เชียงใหม่,เซ็นทรัลเชียงใหม่ เมโมเรียล,11995,เอกชน,สมาคมโรงพยาบาลเอกชน,อยู่ระหว่างกระบวนการขั้นพัฒนา,2024-06-24,2026-06-23,
1,เชียงใหม่,ดอยเต่า,11133,รัฐในสังกัดสป.สธ.,รพช.,ขั้นมาตรฐาน,2025-10-14,2028-10-13,
1,เชียงใหม่,ดอยสะเก็ด,11122,รัฐในสังกัดสป.สธ.,รพช.,ขั้นมาตรฐาน,2026-05-12,2029-05-11,
1,เชียงใหม่,ดอยหล่อ,11643,รัฐในสังกัดสป.สธ.,รพช.,ขั้นมาตรฐาน,2023-07-25,2026-07-24,
1,เชียงใหม่,ดารารัศมี,11978,สนง.ตำรวจแห่งชาติ,สนง.ตำรวจแห่งชาติ,ไม่มีขั้น,2023-09-25,2024-09-24,
1,เชียงใหม่,ทันตกรรม คณะทันตแพทยศาสตร์  มหาวิทยาลัยเชียงใหม่,14922,กระทรวงการอุดมศึกษา วิทยาศาสตร์ วิจัยและนวัตกรรม,กระทรวงการอุดมศึกษา วิทยาศาสตร์ วิจัยและนวัตกรรม,ขั้นพัฒนา ขั้นที่ 2,2024-07-25,2026-07-24,
1,เชียงใหม่,ทั่วไปขนาดกลางเชียงใหม่ ฮอสพิทอล,14916,เอกชน,เอกชน,ขั้นพัฒนา ขั้นที่ 2,2025-01-27,2027-01-26,
1,เชียงใหม่,ทั่วไปขนาดเล็ก เอ็ม ที อินเตอร์เมด,42244,เอกชน,เอกชน,ไม่มีขั้น,,,
1,เชียงใหม่,ทั่วไปขนาดเล็กลานนา 2,41736,เอกชน,เอกชน,ไม่มีขั้น,,,
1,เชียงใหม่,ทั่วไปขนาดใหญ่กรุงเทพเชียงใหม่,40540,เอกชน,เอกชน,ไม่มีขั้น,,,
1,เชียงใหม่,ทั่วไปขนาดใหญ่เชียงใหม่ใกล้หมอ,14550,เอกชน,สมาคมโรงพยาบาลเอกชน,ขั้นมาตรฐาน,2026-05-12,2029-05-11,
1,เชียงใหม่,ทั่วไปขนาดใหญ่เทพปัญญา,11994,เอกชน,สมาคมโรงพยาบาลเอกชน,ไม่มีขั้น,2017-02-28,2018-02-27,
1,เชียงใหม่,ทั่วไปขนาดใหญ่ลานนา,11982,เอกชน,สมาคมโรงพยาบาลเอกชน,ไม่มีขั้น,2015-09-08,2018-09-07,
1,เชียงใหม่,ทั่วไปขนาดใหญ่ลานนา 3,42263,เอกชน,เอกชน,ไม่มีขั้น,,,
1,เชียงใหม่,เทพปัญญา 2 โรงพยาบาลทั่วไปขนาดกลาง,11992,เอกชน,สมาคมโรงพยาบาลเอกชน,ไม่มีขั้น,2015-11-13,2016-11-12,
1,เชียงใหม่,เทพรัตนเวชชานุกูล เฉลิมพระเกียรติ ๖๐ พรรษา,11120,รัฐในสังกัดสป.สธ.,รพช.,ขั้นมาตรฐาน,2026-06-23,2029-06-22,
1,เชียงใหม่,ธัญญารักษ์เชียงใหม่,13785,รัฐในสังกัด สธ.,กรมการแพทย์,ขั้นมาตรฐาน,2025-01-28,2028-01-27,
1,เชียงใหม่,นครพิงค์,10713,รัฐในสังกัดสป.สธ.,รพศ.,ขั้นมาตรฐาน,2026-02-10,2030-02-09,
1,เชียงใหม่,ประสาทเชียงใหม่,12281,รัฐในสังกัด สธ.,กรมการแพทย์,ขั้นมาตรฐาน,2025-07-22,2028-07-21,
1,เชียงใหม่,ผู้สูงอายุแมคเคนขนาดเล็ก,14551,เอกชน,เอกชน,ขั้นพัฒนา ขั้นที่ 2,2026-04-25,2028-04-24,
1,เชียงใหม่,ฝาง,11125,รัฐในสังกัดสป.สธ.,รพท.,ขั้นมาตรฐาน,2026-06-23,2029-06-22,
1,เชียงใหม่,พร้าว,11127,รัฐในสังกัดสป.สธ.,รพช.,ขั้นมาตรฐาน,2025-06-10,2028-06-09,
1,เชียงใหม่,มหาราชนครเชียงใหม่ มหาวิทยาลัยเชียงใหม่,13780,กระทรวงการอุดมศึกษา วิทยาศาสตร์ วิจัยและนวัตกรรม,โรงเรียนแพทย์,ขั้นก้าวหน้า,2025-10-10,2029-10-09,
1,เชียงใหม่,แมคคอร์มิค,11980,เอกชน,สมาคมโรงพยาบาลเอกชน,ขั้นมาตรฐาน,2024-05-21,2027-05-20,
1,เชียงใหม่,แม่ตื่น,06009,รัฐในสังกัดสป.สธ.,รพช.,ไม่มีขั้น,,,
1,เชียงใหม่,แม่แตง,11123,รัฐในสังกัดสป.สธ.,รพช.,ขั้นมาตรฐาน,2026-06-23,2029-06-22,
1,เชียงใหม่,แม่วาง,11138,รัฐในสังกัดสป.สธ.,รพช.,ขั้นมาตรฐาน,2025-07-08,2028-07-07,
1,เชียงใหม่,แม่ออน,11139,รัฐในสังกัดสป.สธ.,รพช.,ขั้นมาตรฐาน,2024-12-17,2027-12-16,
1,เชียงใหม่,แม่อาย,11126,รัฐในสังกัดสป.สธ.,รพช.,ขั้นมาตรฐาน,2024-05-01,2027-04-30,
1,เชียงใหม่,ราชเวช เชียงใหม่,11991,เอกชน,สมาคมโรงพยาบาลเอกชน,ขั้นมาตรฐาน,2024-02-20,2027-02-19,
1,เชียงใหม่,วัดจันทร์เฉลิมพระเกียรติ ๘๐ พรรษา,23736,รัฐในสังกัดสป.สธ.,รพช.,ขั้นมาตรฐาน,2024-04-28,2027-04-27,
1,เชียงใหม่,เวียงแหง,11136,รัฐในสังกัดสป.สธ.,รพช.,ขั้นมาตรฐาน,2023-09-25,2026-09-24,
1,เชียงใหม่,ศูนย์ความเป็นเลิศทางการแพทย์ คณะแพทยศาสตร์ มหาวิทยาลัยเชียงใหม่,77460,กระทรวงการอุดมศึกษา วิทยาศาสตร์ วิจัยและนวัตกรรม,โรงเรียนแพทย์,ขั้นพัฒนา ขั้นที่ 1,2026-04-25,2027-04-24,
1,เชียงใหม่,ศูนย์บริการสุขภาพเทศบาลนครเชียงใหม่,14465,องค์กรปกครองส่วนท้องถิ่น,ศูนย์บริการสาธารณสุข,ไม่มีขั้น,2016-08-29,2017-08-28,
1,เชียงใหม่,ศูนย์ศรีพัฒน์ คณะแพทยศาสตร์ มหาวิทยาลัยเชียงใหม่,23768,กระทรวงการอุดมศึกษา วิทยาศาสตร์ วิจัยและนวัตกรรม,กระทรวงการอุดมศึกษา วิทยาศาสตร์ วิจัยและนวัตกรรม,ขั้นมาตรฐาน,2025-11-11,2028-11-10,
1,เชียงใหม่,ส่งเสริมสุขภาพ ศูนย์อนามัยที่ 1 เชียงใหม่,12279,รัฐในสังกัด สธ.,กรมอนามัย,ขั้นมาตรฐาน,2025-02-25,2028-02-24,
1,เชียงใหม่,สถาบันพัฒนาการเด็กราชนครินทร์,13775,รัฐในสังกัด สธ.,กรมสุขภาพจิต,ขั้นมาตรฐาน,2025-04-08,2028-04-07,
1,เชียงใหม่,สวนปรุง,12280,รัฐในสังกัด สธ.,กรมสุขภาพจิต,ขั้นมาตรฐาน,2023-08-22,2026-08-21,
1,เชียงใหม่,สะเมิง,11124,รัฐในสังกัดสป.สธ.,รพช.,ขั้นมาตรฐาน,2024-06-25,2027-06-24,
1,เชียงใหม่,สันกำแพง,11129,รัฐในสังกัดสป.สธ.,รพช.,ขั้นมาตรฐาน,2024-12-24,2027-12-23,
1,เชียงใหม่,สันทราย,11130,รัฐในสังกัดสป.สธ.,รพท.,ขั้นมาตรฐาน,2025-05-27,2028-05-26,
1,เชียงใหม่,สันป่าตอง,11128,รัฐในสังกัดสป.สธ.,รพท.,ขั้นมาตรฐาน,2025-11-12,2028-11-11,
1,เชียงใหม่,สารภี,11135,รัฐในสังกัดสป.สธ.,รพช.,ขั้นมาตรฐาน,2025-01-28,2028-01-27,
1,เชียงใหม่,หางดง,11131,รัฐในสังกัดสป.สธ.,รพช.,ขั้นมาตรฐาน,2024-12-17,2027-12-16,
1,เชียงใหม่,อมก๋อย,11134,รัฐในสังกัดสป.สธ.,รพช.,อยู่ระหว่างกระบวนการต่ออายุ,2023-06-26,2026-06-25,
1,เชียงใหม่,ฮอด,11132,รัฐในสังกัดสป.สธ.,รพช.,ขั้นมาตรฐาน,2023-10-11,2026-10-10,
1,น่าน,ค่ายสุริยพงษ์,11510,กระทรวงกลาโหม,กรมแพทย์ทหารบก,ขั้นมาตรฐาน,2025-09-10,2028-09-09,
1,น่าน,เฉลิมพระเกียรติ,11625,รัฐในสังกัดสป.สธ.,รพช.,ไม่มีขั้น,2018-05-21,2019-05-20,
1,น่าน,เชียงกลาง,11179,รัฐในสังกัดสป.สธ.,รพช.,ขั้นมาตรฐาน,2025-09-23,2028-09-22,
1,น่าน,ท่าวังผา,11176,รัฐในสังกัดสป.สธ.,รพช.,ขั้นมาตรฐาน,2024-11-14,2027-11-13,
1,น่าน,ทุ่งช้าง,11178,รัฐในสังกัดสป.สธ.,รพช.,อยู่ระหว่างกระบวนการต่ออายุ,2023-06-13,2026-06-12,
1,น่าน,น่าน,10716,รัฐในสังกัดสป.สธ.,รพท.,ขั้นมาตรฐาน,2026-04-23,2029-04-22,
1,น่าน,นาน้อย,11175,รัฐในสังกัดสป.สธ.,รพช.,ขั้นมาตรฐาน,2026-01-26,2029-01-25,
1,น่าน,นาหมื่น,11180,รัฐในสังกัดสป.สธ.,รพช.,ขั้นมาตรฐาน,2025-07-08,2028-07-07,
1,น่าน,บ่อเกลือ,11182,รัฐในสังกัดสป.สธ.,รพช.,ไม่มีขั้น,2021-05-08,2023-05-07,
1,น่าน,บ้านหลวง,11174,รัฐในสังกัดสป.สธ.,รพช.,ขั้นมาตรฐาน,2025-05-27,2028-05-26,
1,น่าน,ภูเพียง,25017,รัฐในสังกัดสป.สธ.,รพช.,ไม่มีขั้น,,,
1,น่าน,แม่จริม,11173,รัฐในสังกัดสป.สธ.,รพช.,ขั้นมาตรฐาน,2024-02-13,2027-02-12,
1,น่าน,เวียงสา,11177,รัฐในสังกัดสป.สธ.,รพช.,ขั้นมาตรฐาน,2026-05-12,2029-05-11,
1,น่าน,สมเด็จพระยุพราชปัว,11453,รัฐในสังกัดสป.สธ.,รพช.,อยู่ระหว่างกระบวนการต่ออายุ,2023-05-26,2026-05-25,
1,น่าน,สองแคว,11183,รัฐในสังกัดสป.สธ.,รพช.,ขั้นมาตรฐาน,2025-11-11,2028-11-10,
1,น่าน,สันติสุข,11181,รัฐในสังกัดสป.สธ.,รพช.,ขั้นมาตรฐาน,2024-12-24,2027-12-23,
1,พะเยา,ค่ายขุนเจืองธรรมิกราช,15140,กระทรวงกลาโหม,กรมแพทย์ทหารบก,ขั้นมาตรฐาน,2025-06-10,2028-06-09,
1,พะเยา,จุน,11184,รัฐในสังกัดสป.สธ.,รพช.,ขั้นมาตรฐาน,2024-12-13,2027-12-12,
1,พะเยา,เชียงคำ,10718,รัฐในสังกัดสป.สธ.,รพท.,ขั้นมาตรฐาน,2025-07-08,2028-07-07,
1,พะเยา,เชียงม่วน,11185,รัฐในสังกัดสป.สธ.,รพช.,ขั้นมาตรฐาน,2023-11-21,2026-11-20,
1,พะเยา,ดอกคำใต้,11186,รัฐในสังกัดสป.สธ.,รพช.,ขั้นมาตรฐาน,2024-06-25,2027-06-24,
1,พะเยา,ปง,11187,รัฐในสังกัดสป.สธ.,รพช.,ขั้นมาตรฐาน,2024-02-13,2027-02-12,
1,พะเยา,พะเยา,10717,รัฐในสังกัดสป.สธ.,รพท.,ขั้นมาตรฐาน,2026-01-27,2029-01-26,
1,พะเยา,พะเยาราม,12020,เอกชน,สมาคมโรงพยาบาลเอกชน,ไม่มีขั้น,,,
1,พะเยา,ภูกามยาว,40745,รัฐในสังกัดสป.สธ.,รพช.,ขั้นพัฒนา ขั้นที่ 1,2025-08-25,2026-08-24,
1,พะเยา,ภูซาง,40744,รัฐในสังกัดสป.สธ.,รพช.,ขั้นพัฒนา ขั้นที่ 1,2025-08-25,2026-08-24,
1,พะเยา,มหาวิทยาลัยพะเยา,41347,กระทรวงการอุดมศึกษา วิทยาศาสตร์ วิจัยและนวัตกรรม,โรงเรียนแพทย์,ขั้นมาตรฐาน,2023-10-25,2026-10-24,
1,พะเยา,แม่ใจ,11188,รัฐในสังกัดสป.สธ.,รพช.,ขั้นมาตรฐาน,2024-04-10,2027-04-09,
1,แพร่,ชุมชนการแพทย์แผนไทยและการแพทย์ทางเลือก องค์การบริหารส่วนจังหวัดแพร่,41954,องค์กรปกครองส่วนท้องถิ่น,องค์กรปกครองส่วนท้องถิ่น,ไม่มีขั้น,,,
1,แพร่,แพร่,10715,รัฐในสังกัดสป.สธ.,รพท.,ขั้นมาตรฐาน,2024-02-13,2027-02-12,
1,แพร่,แพร่คริสเตียนโรงพยาบาลทั่วไปขนาดกลาง,12011,เอกชน,สมาคมโรงพยาบาลเอกชน,ขั้นพัฒนา ขั้นที่ 2,2026-01-26,2028-01-25,
1,แพร่,แพร่ราม,22343,เอกชน,สมาคมโรงพยาบาลเอกชน,ไม่มีขั้น,,,
1,แพร่,ร้องกวาง,11166,รัฐในสังกัดสป.สธ.,รพช.,ขั้นมาตรฐาน,2024-02-12,2027-02-11,
1,แพร่,ลอง,11167,รัฐในสังกัดสป.สธ.,รพช.,อยู่ระหว่างกระบวนการต่ออายุ,2023-05-26,2026-05-25,
1,แพร่,วังชิ้น,11171,รัฐในสังกัดสป.สธ.,รพช.,ไม่มีขั้น,2020-02-18,2022-02-17,
1,แพร่,สมเด็จพระยุพราชเด่นชัย,11452,รัฐในสังกัดสป.สธ.,รพช.,ขั้นมาตรฐาน,2024-05-01,2027-04-30,
1,แพร่,สอง,11170,รัฐในสังกัดสป.สธ.,รพช.,ขั้นมาตรฐาน,2025-10-14,2028-10-13,
1,แพร่,สูงเม่น,11169,รัฐในสังกัดสป.สธ.,รพช.,ขั้นมาตรฐาน,2023-09-09,2026-09-08,
1,แพร่,หนองม่วงไข่,11172,รัฐในสังกัดสป.สธ.,รพช.,ขั้นมาตรฐาน,2024-10-22,2027-10-21,
1,แม่ฮ่องสอน,ขุนยวม,11203,รัฐในสังกัดสป.สธ.,รพช.,ขั้นมาตรฐาน,2025-12-09,2028-12-08,
1,แม่ฮ่องสอน,ธัญญารักษ์แม่ฮ่องสอน,14197,รัฐในสังกัด สธ.,กรมการแพทย์,ขั้นมาตรฐาน,2025-04-08,2028-04-07,
1,แม่ฮ่องสอน,ปางมะผ้า,11208,รัฐในสังกัดสป.สธ.,รพช.,ขั้นมาตรฐาน,2025-05-13,2028-05-12,
1,แม่ฮ่องสอน,ปาย,11204,รัฐในสังกัดสป.สธ.,รพช.,ขั้นมาตรฐาน,2026-02-10,2029-02-09,
1,แม่ฮ่องสอน,แม่ลาน้อย,11206,รัฐในสังกัดสป.สธ.,รพช.,ขั้นมาตรฐาน,2025-05-13,2028-05-12,
1,แม่ฮ่องสอน,แม่สะเรียง,11205,รัฐในสังกัดสป.สธ.,รพช.,ขั้นมาตรฐาน,2026-05-12,2029-05-11,
1,แม่ฮ่องสอน,ศรีสังวาลย์,10719,รัฐในสังกัดสป.สธ.,รพท.,ขั้นมาตรฐาน,2026-05-12,2029-05-11,
1,แม่ฮ่องสอน,สบเมย,11207,รัฐในสังกัดสป.สธ.,รพช.,ขั้นมาตรฐาน,2025-08-19,2028-08-18,
1,ลำปาง,เกาะคา,11147,รัฐในสังกัดสป.สธ.,รพท.,ขั้นมาตรฐาน,2025-10-28,2028-10-27,
1,ลำปาง,เขลางค์นครราม,12003,เอกชน,สมาคมโรงพยาบาลเอกชน,ไม่มีขั้น,,,
1,ลำปาง,ค่ายสุรศักดิ์มนตรี,11512,กระทรวงกลาโหม,กรมแพทย์ทหารบก,ขั้นมาตรฐาน,2024-04-10,2027-04-09,
1,ลำปาง,งาว,11149,รัฐในสังกัดสป.สธ.,รพช.,ขั้นมาตรฐาน,2025-10-28,2028-10-27,
1,ลำปาง,แจ้ห่ม,11150,รัฐในสังกัดสป.สธ.,รพช.,ขั้นมาตรฐาน,2025-03-25,2028-03-24,
1,ลำปาง,เถิน,11152,รัฐในสังกัดสป.สธ.,รพช.,ขั้นมาตรฐาน,2025-01-28,2028-01-27,
1,ลำปาง,ทั่วไปขนาดเล็กแวนแซนต์วูร์ด,12005,เอกชน,เอกชน,ไม่มีขั้น,,,
1,ลำปาง,มะเร็งลำปาง,12283,รัฐในสังกัด สธ.,กรมการแพทย์,อยู่ระหว่างกระบวนการต่ออายุ,2023-05-12,2026-05-11,
1,ลำปาง,เมืองปาน,11157,รัฐในสังกัดสป.สธ.,รพช.,ขั้นมาตรฐาน,2024-11-12,2027-11-11,
1,ลำปาง,แม่ทะ,11154,รัฐในสังกัดสป.สธ.,รพช.,ขั้นมาตรฐาน,2025-12-09,2029-12-08,
1,ลำปาง,แม่พริก,11153,รัฐในสังกัดสป.สธ.,รพช.,ขั้นมาตรฐาน,2025-08-05,2028-08-04,
1,ลำปาง,แม่เมาะ,11146,รัฐในสังกัดสป.สธ.,รพช.,ขั้นมาตรฐาน,2023-09-23,2026-09-22,
1,ลำปาง,ลำปาง,10672,รัฐในสังกัดสป.สธ.,รพศ.,อยู่ระหว่างกระบวนการต่ออายุ,2023-05-12,2026-05-11,
1,ลำปาง,วังเหนือ,11151,รัฐในสังกัดสป.สธ.,รพช.,ขั้นมาตรฐาน,2025-01-14,2028-01-13,
1,ลำปาง,เวชชารักษ์ ลำปาง,41374,รัฐในสังกัด สธ.,กรมการแพทย์,ขั้นมาตรฐาน,2024-08-27,2027-08-26,
1,ลำปาง,สบปราบ,11155,รัฐในสังกัดสป.สธ.,รพช.,ขั้นมาตรฐาน,2023-08-13,2026-08-12,
1,ลำปาง,เสริมงาม,11148,รัฐในสังกัดสป.สธ.,รพช.,ขั้นมาตรฐาน,2024-12-17,2027-12-16,
1,ลำปาง,ห้างฉัตร,11156,รัฐในสังกัดสป.สธ.,รพช.,ขั้นมาตรฐาน,2023-09-09,2026-09-08,
1,ลำพูน,ทั่วไปขนาดกลางลำพูนใกล้หมอ,42015,เอกชน,เอกชน,ไม่มีขั้น,,,
1,ลำพูน,ทั่วไปขนาดกลางศิริเวช ลำพูน,14555,เอกชน,เอกชน,ขั้นพัฒนา ขั้นที่ 2,2024-12-25,2026-12-24,
1,ลำพูน,ทั่วไปขนาดใหญ่หริภุญชัย ราม,42249,เอกชน,เอกชน,ไม่มีขั้น,,,
1,ลำพูน,ทุ่งหัวช้าง,11143,รัฐในสังกัดสป.สธ.,รพช.,ขั้นมาตรฐาน,2025-06-24,2028-06-23,
1,ลำพูน,บ้านธิ,11145,รัฐในสังกัดสป.สธ.,รพช.,ขั้นมาตรฐาน,2025-07-22,2028-07-21,
1,ลำพูน,บ้านโฮ่ง,11141,รัฐในสังกัดสป.สธ.,รพช.,ขั้นมาตรฐาน,2026-05-12,2029-05-11,
1,ลำพูน,ป่าซาง,11144,รัฐในสังกัดสป.สธ.,รพช.,ขั้นมาตรฐาน,2023-10-11,2026-10-10,
1,ลำพูน,พริ้นซ์ ลำพูนโรงพยาบาลทั่วไปขนาดกลาง,42186,เอกชน,เอกชน,อยู่ระหว่างกระบวนการขั้นพัฒนา,2024-06-24,2026-06-23,
1,ลำพูน,แม่ทา,11140,รัฐในสังกัดสป.สธ.,รพช.,ขั้นมาตรฐาน,2025-08-19,2028-08-18,
1,ลำพูน,ลำพูน,10714,รัฐในสังกัดสป.สธ.,รพท.,ขั้นมาตรฐาน,2024-02-20,2027-02-19,
1,ลำพูน,ลี้,11142,รัฐในสังกัดสป.สธ.,รพช.,ขั้นมาตรฐาน,2025-10-29,2028-10-28,
1,ลำพูน,เวียงหนองล่อง,24956,รัฐในสังกัดสป.สธ.,รพช.,ขั้นมาตรฐาน,2026-06-23,2029-06-22,
1,ลำพูน,หริภุญชัย  เมโมเรียล,12000,เอกชน,สมาคมโรงพยาบาลเอกชน,ไม่มีขั้น,2019-11-19,2022-11-18,
2,ตาก,ค่ายวชิรปราการ,11516,กระทรวงกลาโหม,กรมแพทย์ทหารบก,ขั้นมาตรฐาน,2023-09-20,2026-09-19,
2,ตาก,จุฬารัตน์แม่สอด,44353,เอกชน,เอกชน,ขั้นพัฒนา ขั้นที่ 2,2025-02-21,2027-02-20,
2,ตาก,ทั่วไปขนาดใหญ่นครแม่สอด อินเตอร์เนชั่นแนล,40741,เอกชน,เอกชน,ขั้นพัฒนา ขั้นที่ 2,2024-07-25,2026-07-24,
2,ตาก,ท่าสองยาง,11241,รัฐในสังกัดสป.สธ.,รพช.,ขั้นมาตรฐาน,2026-05-26,2029-05-25,
2,ตาก,บ้านตาก,11238,รัฐในสังกัดสป.สธ.,รพช.,ขั้นมาตรฐาน,2024-02-13,2027-02-12,
2,ตาก,พบพระ,11242,รัฐในสังกัดสป.สธ.,รพช.,ขั้นมาตรฐาน,2026-04-28,2029-04-27,
2,ตาก,แม่ระมาด,11240,รัฐในสังกัดสป.สธ.,รพช.,ขั้นมาตรฐาน,2025-01-28,2028-01-27,
2,ตาก,แม่สอด,10723,รัฐในสังกัดสป.สธ.,รพท.,ขั้นมาตรฐาน,2025-11-11,2028-11-10,
2,ตาก,แม่สอดราม,12055,เอกชน,เอกชน,ไม่มีขั้น,,,
2,ตาก,วังเจ้า,27443,รัฐในสังกัดสป.สธ.,รพช.,ขั้นมาตรฐาน,2025-01-14,2028-01-13,
2,ตาก,สมเด็จพระเจ้าตากสินมหาราช,10722,รัฐในสังกัดสป.สธ.,รพท.,ขั้นมาตรฐาน,2025-05-27,2028-05-26,
2,ตาก,สามเงา,11239,รัฐในสังกัดสป.สธ.,รพช.,ขั้นมาตรฐาน,2025-10-14,2028-10-13,
2,ตาก,อุ้มผาง,11243,รัฐในสังกัดสป.สธ.,รพช.,ขั้นพัฒนา ขั้นที่ 1,2025-10-27,2026-10-26,
2,พิษณุโลก,กรุงเทพพิษณุโลกโรงพยาบาลทั่วไปขนาดใหญ่,12067,เอกชน,สมาคมโรงพยาบาลเอกชน,ขั้นมาตรฐาน,2024-02-20,2027-02-19,
2,พิษณุโลก,กองบิน 46,11518,กระทรวงกลาโหม,กรมแพทย์ทหารอากาศ,อยู่ระหว่างกระบวนการขั้นพัฒนา,2024-06-24,2026-06-23,
2,พิษณุโลก,ค่ายสมเด็จพระนเรศวรมหาราช,11517,กระทรวงกลาโหม,กรมแพทย์ทหารบก,ขั้นมาตรฐาน,2024-02-20,2027-02-19,
2,พิษณุโลก,ชาติตระการ,11251,รัฐในสังกัดสป.สธ.,รพช.,ขั้นมาตรฐาน,2026-04-28,2029-04-27,
2,พิษณุโลก,ทันตกรรม คณะทันตแพทยศาสตร์ มหาวิทยาลัยนเรศวร,25049,กระทรวงการอุดมศึกษา วิทยาศาสตร์ วิจัยและนวัตกรรม,ศูนย์บริการสาธารณสุข,ไม่มีขั้น,2018-06-25,2019-06-24,
2,พิษณุโลก,ทั่วไปขนาดเล็กรังสีรักษาและเวชศาสตร์นิวเคลียร์ พิษณุโลก,12064,เอกชน,เอกชน,ไม่มีขั้น,,,
2,พิษณุโลก,เนินมะปราง,11257,รัฐในสังกัดสป.สธ.,รพช.,ขั้นมาตรฐาน,2024-10-22,2027-10-21,
2,พิษณุโลก,บางกระทุ่ม,11253,รัฐในสังกัดสป.สธ.,รพช.,ขั้นมาตรฐาน,2024-06-26,2027-06-25,
2,พิษณุโลก,บางระกำ,11252,รัฐในสังกัดสป.สธ.,รพช.,ขั้นมาตรฐาน,2024-02-18,2027-02-17,
2,พิษณุโลก,พรหมพิราม,11254,รัฐในสังกัดสป.สธ.,รพช.,ขั้นมาตรฐาน,2024-02-20,2027-02-19,
2,พิษณุโลก,พิษณุโลกฮอสพิทอลโรงพยาบาลทั่วไปขนาดกลาง,12063,เอกชน,สมาคมโรงพยาบาลเอกชน,ไม่มีขั้น,2014-10-21,2016-10-20,
2,พิษณุโลก,พิษณุเวชโรงพยาบาลทั่วไปขนาดใหญ่,12069,เอกชน,สมาคมโรงพยาบาลเอกชน,ไม่มีขั้น,,,
2,พิษณุโลก,พุทธชินราช พิษณุโลก,10676,รัฐในสังกัดสป.สธ.,รพศ.,ขั้นมาตรฐาน,2025-09-24,2028-09-23,
2,พิษณุโลก,มหาวิทยาลัยนเรศวร คณะแพทยศาสตร์,14972,กระทรวงการอุดมศึกษา วิทยาศาสตร์ วิจัยและนวัตกรรม,โรงเรียนแพทย์,ขั้นมาตรฐาน,2025-12-09,2029-12-08,
2,พิษณุโลก,รวมแพทย์พิษณุโลกโรงพยาบาลทั่วไปขนาดใหญ่,12065,เอกชน,สมาคมโรงพยาบาลเอกชน,ขั้นพัฒนา ขั้นที่ 2,2026-04-25,2028-04-24,
2,พิษณุโลก,วังทอง,11256,รัฐในสังกัดสป.สธ.,รพช.,ขั้นมาตรฐาน,2024-12-24,2027-12-23,
2,พิษณุโลก,วัดโบสถ์,11255,รัฐในสังกัดสป.สธ.,รพช.,ขั้นมาตรฐาน,2026-02-10,2029-02-09,
2,พิษณุโลก,ส่งเสริมสุขภาพ ศูนย์อนามัยที่ 2 พิษณุโลก,14662,รัฐในสังกัด สธ.,กรมอนามัย,ขั้นมาตรฐาน,2025-09-09,2028-09-08,
2,พิษณุโลก,สมเด็จพระยุพราชนครไทย,11455,รัฐในสังกัดสป.สธ.,รพช.,ขั้นมาตรฐาน,2025-04-08,2028-04-07,
2,เพชรบูรณ์,เขาค้อ,11272,รัฐในสังกัดสป.สธ.,รพช.,ขั้นมาตรฐาน,2025-01-14,2028-01-13,
2,เพชรบูรณ์,ค่ายพ่อขุนผาเมือง,11946,กระทรวงกลาโหม,กรมแพทย์ทหารบก,ขั้นมาตรฐาน,2026-04-28,2029-04-27,
2,เพชรบูรณ์,ชนแดน,11264,รัฐในสังกัดสป.สธ.,รพช.,ขั้นมาตรฐาน,2024-01-29,2027-01-28,
2,เพชรบูรณ์,ทั่วไปขนาดเล็กนครหล่ม,12076,เอกชน,สมาคมโรงพยาบาลเอกชน,ไม่มีขั้น,,,
2,เพชรบูรณ์,น้ำหนาว,11270,รัฐในสังกัดสป.สธ.,รพช.,ไม่มีขั้น,2020-01-14,2023-01-13,
2,เพชรบูรณ์,บึงสามพัน,11269,รัฐในสังกัดสป.สธ.,รพช.,ขั้นมาตรฐาน,2025-01-14,2028-01-13,
2,เพชรบูรณ์,เพชรบูรณ์,10727,รัฐในสังกัดสป.สธ.,รพท.,ขั้นมาตรฐาน,2026-01-27,2029-01-26,
2,เพชรบูรณ์,เพชรรัตน์,12079,เอกชน,สมาคมโรงพยาบาลเอกชน,ไม่มีขั้น,,,
2,เพชรบูรณ์,วังโป่ง,11271,รัฐในสังกัดสป.สธ.,รพช.,ขั้นมาตรฐาน,2025-04-08,2028-04-07,
2,เพชรบูรณ์,วิเชียรบุรี,11266,รัฐในสังกัดสป.สธ.,รพท.,ขั้นมาตรฐาน,2025-10-29,2028-10-28,
2,เพชรบูรณ์,ศรีเทพ,11267,รัฐในสังกัดสป.สธ.,รพช.,ขั้นมาตรฐาน,2026-02-10,2029-02-09,
2,เพชรบูรณ์,สมเด็จพระยุพราชหล่มเก่า,11457,รัฐในสังกัดสป.สธ.,รพช.,ขั้นมาตรฐาน,2024-02-13,2027-02-12,
2,เพชรบูรณ์,หนองไผ่,11268,รัฐในสังกัดสป.สธ.,รพช.,ขั้นมาตรฐาน,2025-10-29,2028-10-28,
2,เพชรบูรณ์,หล่มสัก,11265,รัฐในสังกัดสป.สธ.,รพท.,ขั้นมาตรฐาน,2024-04-10,2027-04-09,
2,สุโขทัย,กงไกรลาศ,11246,รัฐในสังกัดสป.สธ.,รพช.,ขั้นมาตรฐาน,2025-04-08,2028-04-07,
2,สุโขทัย,คีรีมาศ,11245,รัฐในสังกัดสป.สธ.,รพช.,ขั้นมาตรฐาน,2025-08-19,2028-08-18,
2,สุโขทัย,ทุ่งเสลี่ยม,11250,รัฐในสังกัดสป.สธ.,รพช.,ขั้นมาตรฐาน,2026-05-12,2029-05-11,
2,สุโขทัย,บ้านด่านลานหอย,11244,รัฐในสังกัดสป.สธ.,รพช.,ขั้นมาตรฐาน,2024-11-26,2027-11-25,
2,สุโขทัย,พัฒนเวชสุโขทัย,12057,เอกชน,สมาคมโรงพยาบาลเอกชน,ไม่มีขั้น,,,
2,สุโขทัย,รวมแพทย์สุโขทัย,12058,เอกชน,สมาคมโรงพยาบาลเอกชน,ไม่มีขั้น,,,
2,สุโขทัย,ศรีนคร,11249,รัฐในสังกัดสป.สธ.,รพช.,ขั้นมาตรฐาน,2025-11-25,2028-11-24,
2,สุโขทัย,ศรีสังวรสุโขทัย,10725,รัฐในสังกัดสป.สธ.,รพท.,ขั้นมาตรฐาน,2025-12-24,2028-12-23,
2,สุโขทัย,ศรีสัชนาลัย,11247,รัฐในสังกัดสป.สธ.,รพช.,ขั้นมาตรฐาน,2024-03-24,2027-03-23,
2,สุโขทัย,สถานพยาบาลเวชกรรมหมออาคม,12056,เอกชน,เอกชน,ไม่มีขั้น,,,
2,สุโขทัย,สวรรคโลก,11248,รัฐในสังกัดสป.สธ.,รพช.,ขั้นมาตรฐาน,2025-11-11,2028-11-10,
2,สุโขทัย,สุโขทัย,10724,รัฐในสังกัดสป.สธ.,รพท.,ขั้นมาตรฐาน,2024-02-13,2027-02-12,
2,อุตรดิตถ์,ค่ายพิชัยดาบหัก,11509,กระทรวงกลาโหม,กรมแพทย์ทหารบก,ขั้นมาตรฐาน,2024-10-08,2027-10-07,
2,อุตรดิตถ์,ตรอน,11158,รัฐในสังกัดสป.สธ.,รพช.,ขั้นมาตรฐาน,2024-03-24,2027-03-23,
2,อุตรดิตถ์,ทองแสนขัน,11165,รัฐในสังกัดสป.สธ.,รพช.,ขั้นมาตรฐาน,2023-09-19,2026-09-18,
2,อุตรดิตถ์,ท่าปลา,11159,รัฐในสังกัดสป.สธ.,รพช.,ขั้นมาตรฐาน,2023-08-22,2026-08-21,
2,อุตรดิตถ์,น้ำปาด,11160,รัฐในสังกัดสป.สธ.,รพช.,ขั้นมาตรฐาน,2024-12-17,2027-12-16,
2,อุตรดิตถ์,บ้านโคก,11162,รัฐในสังกัดสป.สธ.,รพช.,ขั้นมาตรฐาน,2023-10-10,2026-10-09,
2,อุตรดิตถ์,พิชัย,11163,รัฐในสังกัดสป.สธ.,รพช.,ขั้นมาตรฐาน,2024-01-29,2027-01-28,
2,อุตรดิตถ์,พิษณุเวชอุตรดิตถ์โรงพยาบาลทั่วไปขนาดกลาง,41622,เอกชน,เอกชน,ขั้นมาตรฐาน,2026-03-24,2029-03-24,
2,อุตรดิตถ์,ฟากท่า,11161,รัฐในสังกัดสป.สธ.,รพช.,ขั้นมาตรฐาน,2024-02-21,2027-02-20,
2,อุตรดิตถ์,ลับแล,11164,รัฐในสังกัดสป.สธ.,รพช.,ขั้นมาตรฐาน,2026-06-23,2029-06-22,
2,อุตรดิตถ์,อุตรดิตถ์,10673,รัฐในสังกัดสป.สธ.,รพศ.,ขั้นมาตรฐาน,2025-05-13,2028-05-12,
3,กำแพงเพชร,กำแพงเพชร,10721,รัฐในสังกัดสป.สธ.,รพท.,ขั้นมาตรฐาน,2023-07-25,2026-07-24,
3,กำแพงเพชร,โกสัมพีนคร,28010,รัฐในสังกัดสป.สธ.,รพช.,ขั้นพัฒนา ขั้นที่ 2,2026-01-26,2028-01-25,
3,กำแพงเพชร,ขาณุวรลักษบุรี,11231,รัฐในสังกัดสป.สธ.,รพช.,ขั้นมาตรฐาน,2025-02-25,2028-02-24,
3,กำแพงเพชร,คลองขลุง,11232,รัฐในสังกัดสป.สธ.,รพช.,ขั้นมาตรฐาน,2025-02-25,2028-02-24,
3,กำแพงเพชร,คลองลาน,11230,รัฐในสังกัดสป.สธ.,รพช.,ขั้นมาตรฐาน,2025-11-11,2028-11-10,
3,กำแพงเพชร,ทรายทองวัฒนา,11235,รัฐในสังกัดสป.สธ.,รพช.,ขั้นมาตรฐาน,2023-09-13,2026-09-12,
3,กำแพงเพชร,ทุ่งโพธิ์ทะเล,11228,รัฐในสังกัดสป.สธ.,รพช.,ขั้นมาตรฐาน,2023-12-09,2026-12-08,
3,กำแพงเพชร,ไทรงาม,11229,รัฐในสังกัดสป.สธ.,รพช.,ขั้นมาตรฐาน,2023-11-27,2026-11-26,
3,กำแพงเพชร,บึงสามัคคี,14135,รัฐในสังกัดสป.สธ.,รพช.,ขั้นมาตรฐาน,2024-09-24,2027-09-23,
3,กำแพงเพชร,ปางศิลาทอง,11236,รัฐในสังกัดสป.สธ.,รพช.,ขั้นมาตรฐาน,2026-02-10,2029-02-09,
3,กำแพงเพชร,พรานกระต่าย,11233,รัฐในสังกัดสป.สธ.,รพช.,ขั้นมาตรฐาน,2024-02-20,2027-02-19,
3,กำแพงเพชร,แพทย์บัณฑิตโรงพยาบาลทั่วไปขนาดเล็ก,12049,เอกชน,เอกชน,ไม่มีขั้น,,,
3,กำแพงเพชร,ลานกระบือ,11234,รัฐในสังกัดสป.สธ.,รพช.,ขั้นมาตรฐาน,2026-02-11,2029-02-10,
3,กำแพงเพชร,เอกชนเมืองกำแพง,12050,เอกชน,เอกชน,ขั้นมาตรฐาน,2023-12-12,2026-12-11,
3,ชัยนาท,ชัยนาทนเรนทร,10694,รัฐในสังกัดสป.สธ.,รพท.,ขั้นมาตรฐาน,2025-08-19,2028-08-18,
3,ชัยนาท,เนินขาม,27975,รัฐในสังกัดสป.สธ.,รพช.,ขั้นพัฒนา ขั้นที่ 1,2025-08-25,2026-08-24,
3,ชัยนาท,มโนรมย์,10802,รัฐในสังกัดสป.สธ.,รพช.,ไม่มีขั้น,2020-06-24,2022-06-23,
3,ชัยนาท,รวมแพทย์ชัยนาทโรงพยาบาลทั่วไปขนาดเล็ก,11828,เอกชน,สมาคมโรงพยาบาลเอกชน,ขั้นมาตรฐาน,2026-05-12,2029-05-11,
3,ชัยนาท,วัดสิงห์,10803,รัฐในสังกัดสป.สธ.,รพช.,ขั้นมาตรฐาน,2023-09-12,2026-09-11,
3,ชัยนาท,สรรคบุรี,10805,รัฐในสังกัดสป.สธ.,รพช.,ขั้นมาตรฐาน,2023-09-19,2026-09-18,
3,ชัยนาท,สรรพยา,10804,รัฐในสังกัดสป.สธ.,รพช.,ขั้นมาตรฐาน,2025-05-13,2028-05-12,
3,ชัยนาท,หนองมะโมง,27974,รัฐในสังกัดสป.สธ.,รพช.,ขั้นพัฒนา ขั้นที่ 1,2025-09-25,2026-09-24,
3,ชัยนาท,หันคา,10806,รัฐในสังกัดสป.สธ.,รพช.,ขั้นมาตรฐาน,2023-08-28,2026-08-27,
3,นครสวรรค์,กองบิน กองบิน 4,11514,กระทรวงกลาโหม,กรมแพทย์ทหารอากาศ,ขั้นมาตรฐาน,2023-07-25,2026-07-24,
3,นครสวรรค์,เก้าเลี้ยว,11213,รัฐในสังกัดสป.สธ.,รพช.,ขั้นมาตรฐาน,2023-07-25,2026-07-24,
3,นครสวรรค์,โกรกพระ,11209,รัฐในสังกัดสป.สธ.,รพช.,ไม่มีขั้น,2015-02-18,2017-02-17,
3,นครสวรรค์,ค่ายจิรประวัติ,11513,กระทรวงกลาโหม,กรมแพทย์ทหารบก,ขั้นมาตรฐาน,2024-06-11,2027-06-10,
3,นครสวรรค์,จิตเวชนครสวรรค์ราชนครินทร์,14171,รัฐในสังกัด สธ.,กรมสุขภาพจิต,อยู่ระหว่างกระบวนการต่ออายุ,2023-05-26,2026-05-25,
3,นครสวรรค์,ชุมตาบง,40749,รัฐในสังกัดสป.สธ.,รพช.,ขั้นพัฒนา ขั้นที่ 1,2025-10-27,2026-10-26,
3,นครสวรรค์,ชุมแสง,11210,รัฐในสังกัดสป.สธ.,รพช.,ขั้นมาตรฐาน,2024-01-13,2027-01-12,
3,นครสวรรค์,ตากฟ้า,11219,รัฐในสังกัดสป.สธ.,รพช.,ขั้นมาตรฐาน,2025-11-19,2028-11-18,
3,นครสวรรค์,ตาคลี,11214,รัฐในสังกัดสป.สธ.,รพช.,ไม่มีขั้น,2019-10-29,2022-10-28,
3,นครสวรรค์,ท่าตะโก,11215,รัฐในสังกัดสป.สธ.,รพช.,ขั้นมาตรฐาน,2026-06-23,2029-06-22,
3,นครสวรรค์,บรรพตพิสัย,11212,รัฐในสังกัดสป.สธ.,รพช.,ขั้นมาตรฐาน,2023-11-27,2026-11-26,
3,นครสวรรค์,พยุหะคีรี,11217,รัฐในสังกัดสป.สธ.,รพช.,ขั้นมาตรฐาน,2023-08-13,2026-08-12,
3,นครสวรรค์,พริ้นซ์ ปากน้ำโพ 1 โรงพยาบาลทั่วไปขนาดใหญ่,12030,เอกชน,สมาคมโรงพยาบาลเอกชน,ขั้นมาตรฐาน,2024-11-26,2027-11-25,
3,นครสวรรค์,พริ้นซ์ ปากน้ำโพ 2 โรงพยาบาลทั่วไปขนาดใหญ่,12034,เอกชน,สมาคมโรงพยาบาลเอกชน,ขั้นมาตรฐาน,2024-01-23,2027-01-22,
3,นครสวรรค์,ไพศาลี,11216,รัฐในสังกัดสป.สธ.,รพช.,ขั้นมาตรฐาน,2026-06-09,2029-06-08,
3,นครสวรรค์,แม่เปิน,43735,รัฐในสังกัดสป.สธ.,รพช.,ไม่มีขั้น,,,
3,นครสวรรค์,แม่วงก์,11220,รัฐในสังกัดสป.สธ.,รพช.,ขั้นมาตรฐาน,2023-08-22,2026-08-21,
3,นครสวรรค์,ร่มฉัตรโรงพยาบาลทั่วไปขนาดใหญ่,12042,เอกชน,สมาคมโรงพยาบาลเอกชน,ขั้นพัฒนา ขั้นที่ 2,2024-07-25,2026-07-24,
3,นครสวรรค์,รวมแพทย์นครสวรรค์โรงพยาบาลทั่วไปขนาดเล็ก,12033,เอกชน,สมาคมโรงพยาบาลเอกชน,ไม่มีขั้น,,,
3,นครสวรรค์,ลาดยาว,11218,รัฐในสังกัดสป.สธ.,รพช.,ไม่มีขั้น,2016-12-20,2019-12-19,
3,นครสวรรค์,ศรีสวรรค์โรงพยาบาลทั่วไปขนาดใหญ่,12044,เอกชน,สมาคมโรงพยาบาลเอกชน,ไม่มีขั้น,2012-04-18,2013-04-17,
3,นครสวรรค์,ศูนย์การแพทย์มหิดลบำรุงรักษ์ จังหวัดนครสวรรค์,40922,กระทรวงการอุดมศึกษา วิทยาศาสตร์ วิจัยและนวัตกรรม,กระทรวงการอุดมศึกษา วิทยาศาสตร์ วิจัยและนวัตกรรม,ไม่มีขั้น,,,
3,นครสวรรค์,ส่งเสริมสุขภาพ ศูนย์อนามัยที่ 3 นครสวรรค์,12284,รัฐในสังกัด สธ.,กรมอนามัย,ขั้นพัฒนา ขั้นที่ 2,2025-07-25,2027-07-24,
3,นครสวรรค์,สวรรค์ประชารักษ์,10675,รัฐในสังกัดสป.สธ.,รพศ.,ขั้นมาตรฐาน,2025-09-09,2028-09-08,
3,นครสวรรค์,หนองบัว,11211,รัฐในสังกัดสป.สธ.,รพช.,ขั้นมาตรฐาน,2026-05-12,2029-05-11,
3,พิจิตร,ชัยอรุณเวชการ,23942,เอกชน,เอกชน,ไม่มีขั้น,,,
3,พิจิตร,ดงเจริญ,27980,รัฐในสังกัดสป.สธ.,รพช.,ขั้นมาตรฐาน,2025-06-24,2028-06-23,
3,พิจิตร,ทับคล้อ,11263,รัฐในสังกัดสป.สธ.,รพช.,ขั้นมาตรฐาน,2024-02-20,2027-02-19,
3,พิจิตร,ทั่วไปขนาดเล็กทัศนเวช,12072,เอกชน,เอกชน,ไม่มีขั้น,,,
3,พิจิตร,ทั่วไปขนาดเล็กศรีสุโข,23929,เอกชน,เอกชน,ไม่มีขั้น,,,
3,พิจิตร,บางมูลนาก,11260,รัฐในสังกัดสป.สธ.,รพช.,ขั้นมาตรฐาน,2026-05-01,2029-04-30,
3,พิจิตร,บึงนาราง,27979,รัฐในสังกัดสป.สธ.,รพช.,ขั้นพัฒนา ขั้นที่ 2,2024-10-25,2026-10-24,
3,พิจิตร,พิจิตร,10726,รัฐในสังกัดสป.สธ.,รพท.,ขั้นมาตรฐาน,2025-05-27,2028-05-26,
3,พิจิตร,พิษณุเวช พิจิตร โรงพยาบาลทั่วไปขนาดกลาง,12071,เอกชน,สมาคมโรงพยาบาลเอกชน,ขั้นมาตรฐาน,2024-03-26,2027-03-25,
3,พิจิตร,โพทะเล,11261,รัฐในสังกัดสป.สธ.,รพช.,ขั้นมาตรฐาน,2023-08-25,2026-08-24,
3,พิจิตร,โพธิ์ประทับช้าง,11259,รัฐในสังกัดสป.สธ.,รพช.,ขั้นมาตรฐาน,2025-02-12,2028-02-11,
3,พิจิตร,วชิรบารมี,11631,รัฐในสังกัดสป.สธ.,รพช.,ขั้นมาตรฐาน,2025-04-08,2028-04-07,
3,พิจิตร,วังทรายพูน,11258,รัฐในสังกัดสป.สธ.,รพช.,ขั้นมาตรฐาน,2023-09-19,2026-09-18,
3,พิจิตร,สมเด็จพระยุพราชตะพานหิน,11456,รัฐในสังกัดสป.สธ.,รพช.,ขั้นมาตรฐาน,2025-05-27,2028-05-26,
3,พิจิตร,สากเหล็ก,27978,รัฐในสังกัดสป.สธ.,รพช.,ขั้นพัฒนา ขั้นที่ 1,2025-10-27,2026-10-26,
3,พิจิตร,สามง่าม,11262,รัฐในสังกัดสป.สธ.,รพช.,ขั้นมาตรฐาน,2024-04-24,2027-04-23,
3,อุทัยธานี,ทัพทัน,11221,รัฐในสังกัดสป.สธ.,รพช.,ขั้นมาตรฐาน,2024-08-13,2027-08-12,
3,อุทัยธานี,บ้านไร่,11225,รัฐในสังกัดสป.สธ.,รพช.,ขั้นมาตรฐาน,2025-02-25,2028-02-24,
3,อุทัยธานี,พริ้นซ์ อุทัยธานี โรงพยาบาลทั่วไปขนาดกลาง,41722,เอกชน,เอกชน,ขั้นมาตรฐาน,2026-06-09,2029-06-08,
3,อุทัยธานี,ลานสัก,11226,รัฐในสังกัดสป.สธ.,รพช.,ขั้นมาตรฐาน,2025-03-25,2028-03-24,
3,อุทัยธานี,สว่างอารมณ์,11222,รัฐในสังกัดสป.สธ.,รพช.,ขั้นมาตรฐาน,2024-01-09,2027-01-08,
3,อุทัยธานี,หนองขาหย่าง,11224,รัฐในสังกัดสป.สธ.,รพช.,ขั้นมาตรฐาน,2025-10-28,2028-10-27,
3,อุทัยธานี,หนองฉาง,11223,รัฐในสังกัดสป.สธ.,รพช.,ขั้นมาตรฐาน,2025-08-05,2028-08-04,
3,อุทัยธานี,ห้วยคต,11227,รัฐในสังกัดสป.สธ.,รพช.,ขั้นมาตรฐาน,2025-06-24,2028-06-23,
3,อุทัยธานี,อุทัยธานี,10720,รัฐในสังกัดสป.สธ.,รพท.,ขั้นมาตรฐาน,2025-04-08,2028-04-07,
4,นครนายก,กองพยาบาลโรงเรียนเตรียมทหาร,11476,กระทรวงกลาโหม,กรมแพทย์ทหารบก,ไม่มีขั้น,,,
4,นครนายก,นครนายก,10698,รัฐในสังกัดสป.สธ.,รพท.,ขั้นมาตรฐาน,2024-02-18,2027-02-17,
4,นครนายก,บ้านนา,10864,รัฐในสังกัดสป.สธ.,รพช.,ขั้นมาตรฐาน,2025-11-19,2028-11-18,
4,นครนายก,ปากพลี,10863,รัฐในสังกัดสป.สธ.,รพช.,ขั้นมาตรฐาน,2024-04-23,2027-04-22,
4,นครนายก,โรงเรียนนายร้อยพระจุลจอมเกล้า,11491,กระทรวงกลาโหม,กรมแพทย์ทหารบก,ขั้นมาตรฐาน,2024-07-09,2027-07-08,
4,นครนายก,ศูนย์การแพทย์สมเด็จพระเทพรัตนราชสุดาฯ สยามบรมราชกุมารี,14904,กระทรวงการอุดมศึกษา วิทยาศาสตร์ วิจัยและนวัตกรรม,โรงเรียนแพทย์,ขั้นมาตรฐาน,2025-02-25,2028-02-24,
4,นครนายก,องครักษ์,10865,รัฐในสังกัดสป.สธ.,รพช.,ขั้นมาตรฐาน,2024-08-27,2027-08-26,
4,นนทบุรี,กรุงไทย เวสเทิร์นโรงพยาบาลทั่วไปขนาดใหญ่,43239 ,เอกชน,เอกชน,ไม่มีขั้น,,,
4,นนทบุรี,กรุงไทยโรงพยาบาลทั่วไปขนาดใหญ่,22179,เอกชน,เอกชน,ขั้นมาตรฐาน,2024-01-15,2027-01-14,
4,นนทบุรี,เกษมราษฎร์ อินเตอร์เนชั่นแนล รัตนาธิเบศร์โรงพยาบาลทั่วไปขนาดใหญ่,11787,เอกชน,สมาคมโรงพยาบาลเอกชน,ไม่มีขั้น,2017-11-14,2020-11-13,
4,นนทบุรี,เฉพาะทางศัลยกรรมตกแต่งเอเซียขนาดเล็ก,40869,เอกชน,เอกชน,ไม่มีขั้น,2016-01-26,2017-01-25,
4,นนทบุรี,ชลลดา,22127,เอกชน,เอกชน,ไม่มีขั้น,,,
4,นนทบุรี,ทั่วไปขนาดกลางอนันต์พัฒนา 2,11786,เอกชน,สมาคมโรงพยาบาลเอกชน,ไม่มีขั้น,2017-02-24,2018-02-23,
4,นนทบุรี,ทั่วไปขนาดเล็กมิตรไมตรี,42729,เอกชน,เอกชน,ไม่มีขั้น,,,
4,นนทบุรี,ทั่วไปขนาดใหญ่เกษมราษฎร์ รัตนาธิเบศร์,40765,เอกชน,เอกชน,ขั้นมาตรฐาน,2025-03-25,2028-03-24,
4,นนทบุรี,ทั่วไปขนาดใหญ่นนทเวช,11781,เอกชน,สมาคมโรงพยาบาลเอกชน,ขั้นมาตรฐาน,2025-11-25,2028-11-24,
4,นนทบุรี,ทั่วไปขนาดใหญ่เวิลด์ เมดิคอล,28810,เอกชน,เอกชน,ไม่มีขั้น,,,
4,นนทบุรี,ไทรน้อย,10759,รัฐในสังกัดสป.สธ.,รพช.,ขั้นมาตรฐาน,2025-06-10,2028-06-09,
4,นนทบุรี,บางกรวย,10756,รัฐในสังกัดสป.สธ.,รพช.,ขั้นมาตรฐาน,2023-10-25,2026-10-24,
4,นนทบุรี,บางบัวทอง,10758,รัฐในสังกัดสป.สธ.,รพช.,ขั้นมาตรฐาน,2025-04-08,2028-04-07,
4,นนทบุรี,บางใหญ่,10757,รัฐในสังกัดสป.สธ.,รพช.,ขั้นมาตรฐาน,2023-12-12,2026-12-11,
4,นนทบุรี,ปากเกร็ด,10760,รัฐในสังกัดสป.สธ.,รพช.,ขั้นมาตรฐาน,2024-09-10,2027-09-09,
4,นนทบุรี,พระนั่งเกล้า,10686,รัฐในสังกัดสป.สธ.,รพศ.,ขั้นมาตรฐาน,2025-01-14,2028-01-13,
4,นนทบุรี,พิมลราช,28875,รัฐในสังกัดสป.สธ.,รพช.,ขั้นมาตรฐาน,2025-08-19,2028-08-18,
4,นนทบุรี,มายด์เมดเวชกรรมเฉพาะทางจิตเวชขนาดเล็ก,42128,เอกชน,เอกชน,ไม่มีขั้น,,,
4,นนทบุรี,โรงพยาบาลทั่วไปขนาดเล็กรัตนาธิเบศร์,11783,เอกชน,เอกชน,ไม่มีขั้น,,,
4,นนทบุรี,เลอลักษณ์ศัลยกรรมตกแต่ง,28852,เอกชน,เอกชน,ไม่มีขั้น,,,
4,นนทบุรี,"วิภารามปากเกร็ดโรงพยาบาลทั่วไป_x000D_
ขนาดใหญ่",24191,เอกชน,สมาคมโรงพยาบาลเอกชน,ขั้นมาตรฐาน,2024-02-12,2027-02-11,
4,นนทบุรี,ศรีธัญญา,12260,รัฐในสังกัด สธ.,กรมสุขภาพจิต,ขั้นมาตรฐาน,2025-01-14,2028-01-13,
4,นนทบุรี,ศูนย์การแพทย์ปัญญานันทภิกขุ ชลประทาน,13815,กระทรวงการอุดมศึกษา วิทยาศาสตร์ วิจัยและนวัตกรรม,โรงเรียนแพทย์,ขั้นมาตรฐาน,2024-10-22,2027-10-21,
4,นนทบุรี,ศูนย์บริการการแพทย์นนทบุรี,41768,รัฐในสังกัดสป.สธ.,รพช.,ไม่มีขั้น,,,
4,นนทบุรี,สถาบันทันตกรรม,12261,รัฐในสังกัด สธ.,กรมการแพทย์,ขั้นมาตรฐาน,2024-02-10,2027-02-09,
4,นนทบุรี,สถาบันบำราศนราดูร,12257,รัฐในสังกัด สธ.,กรมควบคุมโรค,ขั้นมาตรฐาน,2024-08-13,2027-08-12,
4,นนทบุรี,สถาบันโรคทรวงอก,12256,รัฐในสังกัด สธ.,กรมการแพทย์,ขั้นมาตรฐาน,2024-11-12,2027-11-11,
4,นนทบุรี,สถาบันสิรินธรเพื่อการฟื้นฟูสมรรถภาพทางการแพทย์แห่งชาติ,12258,รัฐในสังกัด สธ.,กรมการแพทย์,ขั้นมาตรฐาน,2025-05-12,2028-05-11,
4,ปทุมธานี,กรุงไทย ปทุม โรงพยาบาลทั่วไปขนาดเล็ก,41685,เอกชน,เอกชน,ไม่มีขั้น,,,
4,ปทุมธานี,กรุงสยามเซนต์คาร์ลอสโรงพยาบาลทั่วไปขนาดใหญ่,14683,เอกชน,สมาคมโรงพยาบาลเอกชน,ขั้นพัฒนา ขั้นที่ 2,2024-10-25,2026-10-24,
4,ปทุมธานี,เกษมราษฎร์ ปทุมธานี โรงพยาบาลทั่วไปขนาดใหญ่,11799,เอกชน,สมาคมโรงพยาบาลเอกชน,ขั้นมาตรฐาน,2026-05-18,2029-05-17,
4,ปทุมธานี,คลองหลวง,10761,รัฐในสังกัดสป.สธ.,รพช.,ขั้นมาตรฐาน,2025-11-25,2028-11-24,
4,ปทุมธานี,เฉพาะประเภทผู้ป่วย ผู้สูงอายุ ขนาดกลาง ธนบุรีบูรณา,42191,เอกชน,เอกชน,ไม่มีขั้น,,,
4,ปทุมธานี,ซีจีเอช ลำลูกกา โรงพยาบาลทั่วไปขนาดใหญ่,39977,เอกชน,เอกชน,ขั้นพัฒนา ขั้นที่ 2,2025-02-21,2027-02-20,
4,ปทุมธานี,ทั่วไปขนาดกลางเปาโล รังสิต,40887,เอกชน,เอกชน,ขั้นมาตรฐาน,2025-04-22,2028-04-21,
4,ปทุมธานี,ทั่วไปขนาดใหญ่บางปะกอกรังสิต 2,11801,เอกชน,สมาคมโรงพยาบาลเอกชน,ขั้นพัฒนา ขั้นที่ 2,2024-07-25,2026-07-24,
4,ปทุมธานี,ทั่วไปขนาดใหญ่สินแพทย์ ลำลูกกา,41698,เอกชน,เอกชน,ไม่มีขั้น,2020-08-05,2021-08-04,
4,ปทุมธานี,ธรรมศาสตร์เฉลิมพระเกียรติ,13778,กระทรวงการอุดมศึกษา วิทยาศาสตร์ วิจัยและนวัตกรรม,โรงเรียนแพทย์,ขั้นก้าวหน้า,2026-04-21,2030-04-20,
4,ปทุมธานี,ธัญบุรี,10762,รัฐในสังกัดสป.สธ.,รพช.,ขั้นมาตรฐาน,2025-05-13,2028-05-12,
4,ปทุมธานี,ปทุมธานี,10687,รัฐในสังกัดสป.สธ.,รพท.,ขั้นมาตรฐาน,2026-06-09,2029-06-08,
4,ปทุมธานี,ปทุมเวชโรงพยาบาลทั่วไปขนาดใหญ่,11800,เอกชน,สมาคมโรงพยาบาลเอกชน,ขั้นมาตรฐาน,2026-06-09,2029-06-08,
4,ปทุมธานี,ประชาธิปัตย์,10763,รัฐในสังกัดสป.สธ.,รพช.,ขั้นมาตรฐาน,2025-09-09,2028-09-08,
4,ปทุมธานี,แพทย์รังสิต 2 โรงพยาบาลทั่วไปขนาดกลาง,41760,เอกชน,เอกชน,ไม่มีขั้น,,,
4,ปทุมธานี,แพทย์รังสิตโรงพยาบาลทั่วไปขนาดใหญ่,11789,เอกชน,สมาคมโรงพยาบาลเอกชน,อยู่ระหว่างกระบวนการต่ออายุ,2023-05-27,2026-05-26,
4,ปทุมธานี,ภัทร-ธนบุรีโรงพยาบาลทั่วไปขนาดใหญ่,14354,เอกชน,สมาคมโรงพยาบาลเอกชน,ขั้นพัฒนา ขั้นที่ 2,2025-02-21,2027-02-20,
4,ปทุมธานี,มหาวชิราลงกรณธัญบุรี กรมการแพทย์,14923,รัฐในสังกัด สธ.,กรมการแพทย์,ขั้นมาตรฐาน,2025-09-09,2028-09-08,
4,ปทุมธานี,ราชวิถี 2 (รังสิต),77459,รัฐในสังกัด สธ.,กรมการแพทย์,ขั้นพัฒนา ขั้นที่ 2,2025-07-25,2027-07-24,
4,ปทุมธานี,โรงพยาบาลเฉพาะทางแม่และเด็กแพทย์รังสิต โรงพยาบาลขนาดกลาง,24703,เอกชน,เอกชน,ไม่มีขั้น,2024-02-19,2026-02-18,
4,ปทุมธานี,ลาดหลุมแก้ว,10765,รัฐในสังกัดสป.สธ.,รพช.,ขั้นมาตรฐาน,2024-04-24,2027-04-23,
4,ปทุมธานี,ลำลูกกา,10766,รัฐในสังกัดสป.สธ.,รพช.,ขั้นมาตรฐาน,2025-09-09,2028-09-08,
4,ปทุมธานี,สถาบันบำบัดรักษาและฟื้นฟูผู้ติดยาเสพติดแห่งชาติบรมราชชนนี,12262,รัฐในสังกัด สธ.,กรมการแพทย์,อยู่ระหว่างกระบวนการต่ออายุ,2023-06-10,2026-06-09,
4,ปทุมธานี,สามโคก,10767,รัฐในสังกัดสป.สธ.,รพช.,ขั้นมาตรฐาน,2025-12-09,2028-12-08,
4,ปทุมธานี,หนองเสือ,10764,รัฐในสังกัดสป.สธ.,รพช.,ขั้นมาตรฐาน,2025-08-24,2028-08-23,
4,พระนครศรีอยุธยา,การุญเวช อยุธยา,15096,เอกชน,เอกชน,ขั้นพัฒนา ขั้นที่ 2,2024-07-25,2026-07-24,
4,พระนครศรีอยุธยา,ทั่วไปขนาดกลางโรงพยาบาลพีรเวช,23775,เอกชน,เอกชน,ไม่มีขั้น,,,
4,พระนครศรีอยุธยา,ท่าเรือ,10768,รัฐในสังกัดสป.สธ.,รพช.,ขั้นมาตรฐาน,2024-12-24,2027-12-23,
4,พระนครศรีอยุธยา,บางซ้าย,10778,รัฐในสังกัดสป.สธ.,รพช.,ขั้นมาตรฐาน,2026-04-07,2029-04-06,
4,พระนครศรีอยุธยา,บางไทร,10770,รัฐในสังกัดสป.สธ.,รพช.,ขั้นมาตรฐาน,2025-09-09,2028-09-08,
4,พระนครศรีอยุธยา,บางบาล,10771,รัฐในสังกัดสป.สธ.,รพช.,ขั้นมาตรฐาน,2024-04-22,2027-04-21,
4,พระนครศรีอยุธยา,บางปะหัน,10773,รัฐในสังกัดสป.สธ.,รพช.,ขั้นมาตรฐาน,2023-11-27,2026-11-26,
4,พระนครศรีอยุธยา,บางปะอิน,10772,รัฐในสังกัดสป.สธ.,รพช.,ขั้นมาตรฐาน,2024-12-17,2027-12-16,
4,พระนครศรีอยุธยา,บ้านแพรก,10781,รัฐในสังกัดสป.สธ.,รพช.,ขั้นมาตรฐาน,2025-06-24,2028-06-23,
4,พระนครศรีอยุธยา,ผักไห่,10774,รัฐในสังกัดสป.สธ.,รพช.,ขั้นมาตรฐาน,2024-08-14,2027-08-13,
4,พระนครศรีอยุธยา,พระนครศรีอยุธยา,10660,รัฐในสังกัดสป.สธ.,รพศ.,ขั้นมาตรฐาน,2024-09-10,2027-09-09,
4,พระนครศรีอยุธยา,ภาชี,10775,รัฐในสังกัดสป.สธ.,รพช.,ขั้นมาตรฐาน,2023-07-25,2026-07-24,
4,พระนครศรีอยุธยา,มหาราช,10780,รัฐในสังกัดสป.สธ.,รพช.,ขั้นมาตรฐาน,2025-10-28,2028-10-27,
4,พระนครศรีอยุธยา,ราชธานี โรจนะ โรงพยาบาลทั่วไปขนาดใหญ่,24681,เอกชน,เอกชน,ขั้นมาตรฐาน,2024-10-08,2027-10-07,
4,พระนครศรีอยุธยา,ราชธานีโรงพยาบาลทั่วไปขนาดใหญ่,11806,เอกชน,สมาคมโรงพยาบาลเอกชน,อยู่ระหว่างกระบวนการต่ออายุ,2023-06-27,2026-06-26,
4,พระนครศรีอยุธยา,ลาดบัวหลวง,10776,รัฐในสังกัดสป.สธ.,รพช.,ขั้นมาตรฐาน,2026-06-10,2029-06-09,
4,พระนครศรีอยุธยา,วังน้อย,10777,รัฐในสังกัดสป.สธ.,รพช.,ขั้นมาตรฐาน,2023-07-25,2026-07-24,
4,พระนครศรีอยุธยา,สมเด็จพระสังฆราชเจ้า กรมหลวงชินวราลงกรณ (วาสนมหาเถร),10769,รัฐในสังกัดสป.สธ.,รพช.,ขั้นมาตรฐาน,2025-11-12,2028-11-11,
4,พระนครศรีอยุธยา,เสนา,10688,รัฐในสังกัดสป.สธ.,รพท.,ขั้นมาตรฐาน,2025-02-25,2028-02-24,
4,พระนครศรีอยุธยา,อุทัย,10779,รัฐในสังกัดสป.สธ.,รพช.,ขั้นมาตรฐาน,2024-02-12,2027-02-11,
4,พระนครศรีอยุธยา,เอเชียอินเตอร์เนชั่นแนล โรงพยาบาลทั่วไปขนาดกลาง,42233,เอกชน,เอกชน,ขั้นพัฒนา ขั้นที่ 2,2024-10-25,2026-10-24,
4,ลพบุรี,กองบิน 2,14928,กระทรวงกลาโหม,กรมแพทย์ทหารอากาศ,ขั้นพัฒนา ขั้นที่ 2,2025-02-21,2027-02-20,
4,ลพบุรี,โคกเจริญ,10795,รัฐในสังกัดสป.สธ.,รพช.,ขั้นมาตรฐาน,2023-08-13,2026-08-12,
4,ลพบุรี,โคกสำโรง,10790,รัฐในสังกัดสป.สธ.,รพช.,ขั้นมาตรฐาน,2026-02-10,2029-02-09,
4,ลพบุรี,ชัยบาดาล,10791,รัฐในสังกัดสป.สธ.,รพช.,ขั้นมาตรฐาน,2025-02-25,2028-02-24,
4,ลพบุรี,ทั่วไปขนาดกลางเมืองนารายณ์,14948,เอกชน,สมาคมโรงพยาบาลเอกชน,ขั้นมาตรฐาน,2024-07-23,2027-07-22,
4,ลพบุรี,ท่าวุ้ง,10792,รัฐในสังกัดสป.สธ.,รพช.,ขั้นมาตรฐาน,2026-02-10,2029-02-09,
4,ลพบุรี,ท่าหลวง,10793,รัฐในสังกัดสป.สธ.,รพช.,ขั้นมาตรฐาน,2023-11-15,2026-11-14,
4,ลพบุรี,บ้านหมี่,10691,รัฐในสังกัดสป.สธ.,รพท.,ขั้นมาตรฐาน,2025-10-14,2028-10-13,
4,ลพบุรี,เบญจรมย์โรงพยาบาลทั่วไปขนาดเล็ก,11812,เอกชน,สมาคมโรงพยาบาลเอกชน,ไม่มีขั้น,2022-06-27,2023-06-26,
4,ลพบุรี,พระนารายณ์มหาราช,10690,รัฐในสังกัดสป.สธ.,รพท.,ขั้นมาตรฐาน,2024-01-29,2027-01-28,
4,ลพบุรี,พัฒนานิคม,10789,รัฐในสังกัดสป.สธ.,รพช.,ขั้นมาตรฐาน,2024-02-20,2027-02-19,
4,ลพบุรี,มะเร็งลพบุรี,14199,รัฐในสังกัด สธ.,กรมการแพทย์,ขั้นมาตรฐาน,2023-07-15,2026-07-14,
4,ลพบุรี,ลำสนธิ,10796,รัฐในสังกัดสป.สธ.,รพช.,ขั้นมาตรฐาน,2024-06-11,2027-06-10,
4,ลพบุรี,สระโบสถ์,10794,รัฐในสังกัดสป.สธ.,รพช.,ขั้นมาตรฐาน,2025-04-22,2028-04-21,
4,ลพบุรี,หนองม่วง,10797,รัฐในสังกัดสป.สธ.,รพช.,ไม่มีขั้น,2023-02-11,2026-02-10,
4,ลพบุรี,อานันทมหิดล,11484,กระทรวงกลาโหม,กรมแพทย์ทหารบก,ขั้นมาตรฐาน,2025-03-25,2028-03-24,
4,สระบุรี,เกษมราษฎร์ สระบุรีโรงพยาบาลทั่วไปขนาดใหญ่,11833,เอกชน,สมาคมโรงพยาบาลเอกชน,ขั้นมาตรฐาน,2025-02-25,2028-02-24,
4,สระบุรี,แก่งคอย,10807,รัฐในสังกัดสป.สธ.,รพช.,ขั้นมาตรฐาน,2024-10-08,2027-10-07,
4,สระบุรี,ค่ายอดิศร,11485,กระทรวงกลาโหม,กรมแพทย์ทหารบก,ขั้นมาตรฐาน,2025-03-25,2028-03-24,
4,สระบุรี,ดอนพุด,10812,รัฐในสังกัดสป.สธ.,รพช.,ขั้นมาตรฐาน,2023-07-15,2026-07-14,
4,สระบุรี,บ้านหมอ,10811,รัฐในสังกัดสป.สธ.,รพช.,ขั้นมาตรฐาน,2023-12-12,2026-12-11,
4,สระบุรี,ปภาเวชโรงพยาบาลทั่วไปขนาดกลาง,11834,เอกชน,เอกชน,ไม่มีขั้น,,,
4,สระบุรี,พระพุทธบาท,10695,รัฐในสังกัดสป.สธ.,รพท.,ขั้นมาตรฐาน,2025-09-09,2028-09-08,
4,สระบุรี,มวกเหล็ก,10815,รัฐในสังกัดสป.สธ.,รพช.,ขั้นมาตรฐาน,2024-04-10,2027-04-09,
4,สระบุรี,มิตรภาพเมโมเรียล สระบุรีโรงพยาบาลทั่วไปขนาดใหญ่,11835,เอกชน,สมาคมโรงพยาบาลเอกชน,ขั้นพัฒนา ขั้นที่ 2,2026-03-25,2028-03-24,
4,สระบุรี,โรงพยาบาลราชธานี หนองแค โรงพยาบาลทั่วไปขนาดใหญ่,52460,เอกชน,เอกชน,ขั้นพัฒนา ขั้นที่ 2,2026-03-25,2028-03-24,
4,สระบุรี,โรงเรียนนายเรืออากาศนวมินทกษัตริยาธิราช,43347,กระทรวงกลาโหม,กรมแพทย์ทหารอากาศ,ขั้นพัฒนา ขั้นที่ 2,2026-05-25,2028-05-24,
4,สระบุรี,วังม่วงสัทธรรม,10816,รัฐในสังกัดสป.สธ.,รพช.,ขั้นมาตรฐาน,2023-09-12,2026-09-11,
4,สระบุรี,วิหารแดง,10809,รัฐในสังกัดสป.สธ.,รพช.,ขั้นมาตรฐาน,2024-01-09,2027-01-08,
4,สระบุรี,ส่งเสริมสุขภาพ ศูนย์อนามัยที่ 4 สระบุรี,12266,รัฐในสังกัด สธ.,กรมอนามัย,ไม่มีขั้น,,,
4,สระบุรี,สระบุรี,10661,รัฐในสังกัดสป.สธ.,รพศ.,ขั้นมาตรฐาน,2024-08-13,2027-08-12,
4,สระบุรี,เสาไห้เฉลิมพระเกียรติ ๘๐ พรรษา,10814,รัฐในสังกัดสป.สธ.,รพช.,ขั้นมาตรฐาน,2026-01-27,2029-01-26,
4,สระบุรี,หนองแค,10808,รัฐในสังกัดสป.สธ.,รพช.,ขั้นมาตรฐาน,2024-04-23,2027-04-22,
4,สระบุรี,หนองแซง,10810,รัฐในสังกัดสป.สธ.,รพช.,ขั้นมาตรฐาน,2024-03-24,2027-03-23,
4,สระบุรี,หนองโดน,10813,รัฐในสังกัดสป.สธ.,รพช.,ขั้นมาตรฐาน,2024-06-25,2027-06-24,
4,สระบุรี,อภิณพเวชกรรมโรงพยาบาลทั่วไปขนาดเล็ก,14926,เอกชน,เอกชน,ไม่มีขั้น,,,
4,สิงห์บุรี,ค่ายบางระจัน,10799,รัฐในสังกัดสป.สธ.,รพช.,ขั้นมาตรฐาน,2025-09-23,2028-09-22,
4,สิงห์บุรี,ท่าช้าง,10801,รัฐในสังกัดสป.สธ.,รพช.,ขั้นมาตรฐาน,2025-09-23,2028-09-22,
4,สิงห์บุรี,บางระจัน,10798,รัฐในสังกัดสป.สธ.,รพช.,ขั้นมาตรฐาน,2023-09-09,2026-09-08,
4,สิงห์บุรี,พรหมบุรี,10800,รัฐในสังกัดสป.สธ.,รพช.,ไม่มีขั้น,2023-04-11,2025-04-10,
4,สิงห์บุรี,สิงห์บุรี,10692,รัฐในสังกัดสป.สธ.,รพท.,ขั้นมาตรฐาน,2026-04-07,2029-04-06,
4,สิงห์บุรี,สิงห์บุรีเวชการ(หมอประเจิด) โรงพยาบาลทั่วไปขนาดเล็ก,11823,เอกชน,สมาคมโรงพยาบาลเอกชน,ไม่มีขั้น,,,
4,สิงห์บุรี,อินทร์บุรี,10693,รัฐในสังกัดสป.สธ.,รพท.,ขั้นมาตรฐาน,2026-03-24,2029-03-23,
4,อ่างทอง,ไชโย,10782,รัฐในสังกัดสป.สธ.,รพช.,ขั้นมาตรฐาน,2025-04-22,2028-04-21,
4,อ่างทอง,ทั่วไปขนาดกลางอ่างทองเวชชการ 2 (หมอประเจิด),21598,เอกชน,เอกชน,ไม่มีขั้น,,,
4,อ่างทอง,ป่าโมก,10784,รัฐในสังกัดสป.สธ.,รพช.,ขั้นมาตรฐาน,2024-02-21,2027-02-20,
4,อ่างทอง,โพธิ์ทอง,10785,รัฐในสังกัดสป.สธ.,รพช.,ขั้นมาตรฐาน,2025-04-22,2028-04-21,
4,อ่างทอง,วิเศษชัยชาญ,10787,รัฐในสังกัดสป.สธ.,รพช.,อยู่ระหว่างกระบวนการต่ออายุ,2023-06-26,2026-06-25,
4,อ่างทอง,สามโก้,10788,รัฐในสังกัดสป.สธ.,รพช.,ขั้นมาตรฐาน,2025-11-11,2028-11-10,
4,อ่างทอง,แสวงหา,10786,รัฐในสังกัดสป.สธ.,รพช.,ขั้นมาตรฐาน,2024-04-23,2027-04-22,
4,อ่างทอง,อ่างทอง,10689,รัฐในสังกัดสป.สธ.,รพท.,ขั้นมาตรฐาน,2025-01-28,2028-01-27,
5,กาญจนบุรี,คริสเตียน ศูนย์คริสเตียนสังขละบุรี โรงพยาบาลทั่วไปขนาดเล็ก,42781,เอกชน,เอกชน,ไม่มีขั้น,,,
5,กาญจนบุรี,ค่ายสุรสีห์,11520,กระทรวงกลาโหม,กรมแพทย์ทหารบก,ขั้นมาตรฐาน,2025-05-27,2028-05-26,
5,กาญจนบุรี,เจ้าคุณไพบูลย์พนมทวน,11285,รัฐในสังกัดสป.สธ.,รพช.,ขั้นมาตรฐาน,2024-10-08,2027-10-07,
5,กาญจนบุรี,ด่านมะขามเตี้ย,11287,รัฐในสังกัดสป.สธ.,รพช.,ขั้นมาตรฐาน,2025-06-24,2028-06-23,
5,กาญจนบุรี,ทองผาภูมิ,11283,รัฐในสังกัดสป.สธ.,รพช.,ขั้นมาตรฐาน,2025-07-22,2028-07-21,
5,กาญจนบุรี,ทั่วไปขนาดเล็กคริสเตียนแม่น้ำแควน้อย,12113,เอกชน,เอกชน,ไม่มีขั้น,,,
5,กาญจนบุรี,ทั่วไปขนาดใหญ่ สินแพทย์ กาญจนบุรี,12110,เอกชน,เอกชน,ไม่มีขั้น,,,
5,กาญจนบุรี,ท่ากระดาน,11281,รัฐในสังกัดสป.สธ.,รพช.,ขั้นมาตรฐาน,2026-06-09,2029-06-08,
5,กาญจนบุรี,ท่าเรือโรงพยาบาลทั่วไปขนาดเล็ก,12104,เอกชน,เอกชน,ไม่มีขั้น,,,
5,กาญจนบุรี,ไทรโยค,11278,รัฐในสังกัดสป.สธ.,รพช.,ขั้นมาตรฐาน,2025-09-23,2028-09-22,
5,กาญจนบุรี,ธนกาญจน์โรงพยาบาลทั่วไปขนาดกลาง,12107,เอกชน,เอกชน,ไม่มีขั้น,,,
5,กาญจนบุรี,บ่อพลอย,11280,รัฐในสังกัดสป.สธ.,รพช.,ขั้นมาตรฐาน,2024-01-09,2027-01-08,
5,กาญจนบุรี,พยาบาลสถานพระบารมี,11288,รัฐในสังกัดสป.สธ.,รพช.,ขั้นมาตรฐาน,2025-09-23,2028-09-22,
5,กาญจนบุรี,พหลพลพยุหเสนา,10731,รัฐในสังกัดสป.สธ.,รพศ.,ขั้นมาตรฐาน,2025-01-14,2028-01-13,
5,กาญจนบุรี,มะการักษ์,10732,รัฐในสังกัดสป.สธ.,รพท.,ขั้นมาตรฐาน,2023-10-24,2026-10-23,
5,กาญจนบุรี,เลาขวัญ,11286,รัฐในสังกัดสป.สธ.,รพช.,ขั้นมาตรฐาน,2024-11-12,2027-11-11,
5,กาญจนบุรี,ศุกร์ศิริศรีสวัสดิ์,14136,รัฐในสังกัดสป.สธ.,รพช.,ขั้นมาตรฐาน,2023-07-15,2026-07-14,
5,กาญจนบุรี,สมเด็จพระปิยมหาราชรมณียเขต,11279,รัฐในสังกัดสป.สธ.,รพช.,ขั้นมาตรฐาน,2024-03-24,2027-03-23,
5,กาญจนบุรี,สมเด็จพระสังฆราชองค์ที่ 19,11282,รัฐในสังกัดสป.สธ.,รพช.,ขั้นมาตรฐาน,2025-01-14,2028-01-13,
5,กาญจนบุรี,สังขละบุรี,11284,รัฐในสังกัดสป.สธ.,รพช.,ขั้นมาตรฐาน,2025-06-24,2028-06-23,
5,กาญจนบุรี,หนองปรือ,41701,รัฐในสังกัดสป.สธ.,รพช.,ขั้นมาตรฐาน,2024-11-12,2027-11-11,
5,กาญจนบุรี,ห้วยกระเจาเฉลิมพระเกียรติ ๘๐ พรรษา,21948,รัฐในสังกัดสป.สธ.,รพช.,ขั้นมาตรฐาน,2025-06-24,2028-06-23,
5,นครปฐม,กรุงเทพคริสเตียนนครปฐม โรงพยาบาลทั่วไปขนาดกลาง,12126,เอกชน,สมาคมโรงพยาบาลเอกชน,ขั้นพัฒนา ขั้นที่ 2,2024-09-25,2026-09-24,
5,นครปฐม,กรุงเทพสนามจันทร์โรงพยาบาลทั่วไปขนาดเล็ก,12128,เอกชน,สมาคมโรงพยาบาลเอกชน,ขั้นมาตรฐาน,2023-10-25,2026-10-24,
5,นครปฐม,กำแพงแสน,11297,รัฐในสังกัดสป.สธ.,รพช.,ขั้นมาตรฐาน,2024-04-23,2027-04-22,
5,นครปฐม,จันทรุเบกษา,11521,กระทรวงกลาโหม,กรมแพทย์ทหารอากาศ,ขั้นมาตรฐาน,2025-07-08,2028-07-07,
5,นครปฐม,ดอนตูม,11300,รัฐในสังกัดสป.สธ.,รพช.,ไม่มีขั้น,2019-07-23,2021-07-22,
5,นครปฐม,ตุลาการเฉลิมพระเกียรติ,23987,สำนักงานศาลยุติธรรม,โรงพยาบาล นอก สธ.,ไม่มีขั้น,,,
5,นครปฐม,ทันตกรรมมหาจักรีสิรินธร คณะทันตแพทยศาสตร์ มหาวิทยาลัยมหิดล,77496,กระทรวงการอุดมศึกษา วิทยาศาสตร์ วิจัยและนวัตกรรม,กระทรวงการอุดมศึกษา วิทยาศาสตร์ วิจัยและนวัตกรรม,ขั้นมาตรฐาน,2024-02-27,2027-02-26,
5,นครปฐม,เทพากรโรงพยาบาลทั่วไปขนาดใหญ่,12127,เอกชน,สมาคมโรงพยาบาลเอกชน,ไม่มีขั้น,,,
5,นครปฐม,นครชัยศรี,11298,รัฐในสังกัดสป.สธ.,รพช.,ขั้นมาตรฐาน,2024-12-17,2027-12-16,
5,นครปฐม,นครปฐม,10679,รัฐในสังกัดสป.สธ.,รพศ.,ขั้นมาตรฐาน,2023-08-22,2026-08-21,
5,นครปฐม,บางเลน,11301,รัฐในสังกัดสป.สธ.,รพช.,ไม่มีขั้น,2021-07-09,2024-07-08,
5,นครปฐม,พุทธมณฑล,11303,รัฐในสังกัดสป.สธ.,รพช.,ขั้นมาตรฐาน,2024-09-24,2027-09-23,
5,นครปฐม,เมตตาประชารักษ์ (วัดไร่ขิง),11473,รัฐในสังกัด สธ.,กรมการแพทย์,ขั้นมาตรฐาน,2024-03-04,2027-03-03,
5,นครปฐม,ศาลายาโรงพยาบาลทั่วไปขนาดเล็ก,12131,เอกชน,สมาคมโรงพยาบาลเอกชน,ไม่มีขั้น,,,
5,นครปฐม,ศูนย์การแพทย์กาญจนาภิเษก มหาวิทยาลัยมหิดล,22952,กระทรวงการอุดมศึกษา วิทยาศาสตร์ วิจัยและนวัตกรรม,โรงเรียนแพทย์,ขั้นมาตรฐาน,2026-04-07,2030-04-06,
5,นครปฐม,สามพราน,11302,รัฐในสังกัดสป.สธ.,รพช.,ขั้นมาตรฐาน,2024-11-12,2027-11-11,
5,นครปฐม,หลวงพ่อเปิ่น,13819,รัฐในสังกัดสป.สธ.,รพช.,ขั้นมาตรฐาน,2026-06-09,2029-06-08,
5,นครปฐม,ห้วยพลู,11299,รัฐในสังกัดสป.สธ.,รพช.,ขั้นมาตรฐาน,2026-03-24,2029-03-23,
5,นครปฐม,อินเตอร์กำแพงแสน โรงพยาบาลทั่วไปขนาดเล็ก,42046,เอกชน,เอกชน,ไม่มีขั้น,,,
5,ประจวบคีรีขันธ์,กองบิน กองบิน 5,11500,กระทรวงกลาโหม,กรมแพทย์ทหารอากาศ,ขั้นพัฒนา ขั้นที่ 2,2024-10-25,2026-10-24,
5,ประจวบคีรีขันธ์,กุยบุรี,11315,รัฐในสังกัดสป.สธ.,รพช.,ขั้นมาตรฐาน,2026-04-07,2029-04-06,
5,ประจวบคีรีขันธ์,ค่ายธนะรัชต์,11522,กระทรวงกลาโหม,กรมแพทย์ทหารบก,ขั้นมาตรฐาน,2023-07-22,2026-07-21,
5,ประจวบคีรีขันธ์,ซานเปาโลหัวหินโรงพยาบาลทั่วไปขนาดกลาง,14617,เอกชน,สมาคมโรงพยาบาลเอกชน,ขั้นมาตรฐาน,2025-08-26,2028-08-25,
5,ประจวบคีรีขันธ์,ทับสะแก,11316,รัฐในสังกัดสป.สธ.,รพช.,ขั้นมาตรฐาน,2026-02-10,2029-02-09,
5,ประจวบคีรีขันธ์,ทั่วไปขนาดกลางกรุงเทพหัวหิน,24780,เอกชน,เอกชน,ไม่มีขั้น,,,
5,ประจวบคีรีขันธ์,บางสะพาน,11317,รัฐในสังกัดสป.สธ.,รพท.,ขั้นมาตรฐาน,2023-09-25,2026-09-24,
5,ประจวบคีรีขันธ์,บางสะพานน้อย,11318,รัฐในสังกัดสป.สธ.,รพช.,ขั้นมาตรฐาน,2025-10-26,2028-10-25,
5,ประจวบคีรีขันธ์,ประจวบคีรีขันธ์,10737,รัฐในสังกัดสป.สธ.,รพท.,ขั้นมาตรฐาน,2026-04-10,2029-04-09,
5,ประจวบคีรีขันธ์,ปราณบุรี,11319,รัฐในสังกัดสป.สธ.,รพช.,อยู่ระหว่างกระบวนการต่ออายุ,2023-05-01,2026-04-30,
5,ประจวบคีรีขันธ์,สถานีกาชาดหัวหินเฉลิมพระเกียรติ,12471,สภากาชาดไทย,โรงพยาบาล นอก สธ.,ไม่มีขั้น,,,
5,ประจวบคีรีขันธ์,สามร้อยยอด,11321,รัฐในสังกัดสป.สธ.,รพช.,ขั้นมาตรฐาน,2026-04-07,2029-04-06,
5,ประจวบคีรีขันธ์,หัวหิน,11320,รัฐในสังกัดสป.สธ.,รพท.,ขั้นมาตรฐาน,2025-08-05,2028-08-04,
5,เพชรบุรี,กรุงเทพเพชรบุรีโรงพยาบาลทั่วไปขนาดใหญ่,14961,เอกชน,สมาคมโรงพยาบาลเอกชน,อยู่ระหว่างกระบวนการต่ออายุ,2023-06-21,2026-06-20,
5,เพชรบุรี,แก่งกระจาน,11314,รัฐในสังกัดสป.สธ.,รพช.,ขั้นมาตรฐาน,2026-01-27,2029-01-26,
5,เพชรบุรี,เขาย้อย,11308,รัฐในสังกัดสป.สธ.,รพช.,ขั้นมาตรฐาน,2026-05-18,2029-05-17,
5,เพชรบุรี,ค่ายรามราชนิเวศน์,11475,กระทรวงกลาโหม,กรมแพทย์ทหารบก,ขั้นมาตรฐาน,2026-04-28,2029-04-27,
5,เพชรบุรี,ชะอำ,11310,รัฐในสังกัดสป.สธ.,รพช.,ขั้นมาตรฐาน,2025-04-08,2028-04-07,
5,เพชรบุรี,ท่ายาง,11311,รัฐในสังกัดสป.สธ.,รพช.,ขั้นมาตรฐาน,2024-02-27,2027-02-26,
5,เพชรบุรี,บ้านลาด,11312,รัฐในสังกัดสป.สธ.,รพช.,ขั้นมาตรฐาน,2024-02-20,2027-02-19,
5,เพชรบุรี,บ้านแหลม,11313,รัฐในสังกัดสป.สธ.,รพช.,อยู่ระหว่างกระบวนการต่ออายุ,2023-06-12,2026-06-11,
5,เพชรบุรี,พระจอมเกล้า,10736,รัฐในสังกัดสป.สธ.,รพท.,ขั้นมาตรฐาน,2025-10-28,2028-10-27,
5,เพชรบุรี,มหาชัยเพชรรัชต์โรงพยาบาลทั่วไปขนาดใหญ่,12159,เอกชน,สมาคมโรงพยาบาลเอกชน,ขั้นพัฒนา ขั้นที่ 2,2025-11-25,2027-11-24,
5,เพชรบุรี,หนองหญ้าปล้อง,11309,รัฐในสังกัดสป.สธ.,รพช.,ขั้นมาตรฐาน,2024-09-24,2027-09-23,
5,ราชบุรี,กรุงเทพเมืองราช โรงพยาบาลทั่วไปขนาดใหญ่,12098,เอกชน,สมาคมโรงพยาบาลเอกชน,ขั้นมาตรฐาน,2025-01-14,2028-01-13,
5,ราชบุรี,ค่ายภาณุรังษี,11519,กระทรวงกลาโหม,กรมแพทย์ทหารบก,ขั้นมาตรฐาน,2026-02-11,2029-02-10,
5,ราชบุรี,เจ็ดเสมียน,11275,รัฐในสังกัดสป.สธ.,รพช.,อยู่ระหว่างกระบวนการต่ออายุ,2023-06-27,2026-06-26,
5,ราชบุรี,ซานคามิลโลโรงพยาบาลทั่วไปขนาดใหญ่,12103,เอกชน,สมาคมโรงพยาบาลเอกชน,ขั้นมาตรฐาน,2025-11-12,2028-11-11,
5,ราชบุรี,บางแพ,11274,รัฐในสังกัดสป.สธ.,รพช.,ขั้นมาตรฐาน,2026-06-09,2029-06-08,
5,ราชบุรี,บ้านคา,28858,รัฐในสังกัดสป.สธ.,รพช.,ขั้นมาตรฐาน,2026-04-07,2029-04-06,
5,ราชบุรี,บ้านโป่ง,10729,รัฐในสังกัดสป.สธ.,รพท.,ขั้นมาตรฐาน,2024-03-04,2027-03-03,
5,ราชบุรี,ปากท่อ,11276,รัฐในสังกัดสป.สธ.,รพช.,ขั้นมาตรฐาน,2024-12-17,2027-12-16,
5,ราชบุรี,แพทย์ประดิษฐ์โรงพยาบาลทั่วไปขนาดเล็ก,12093,เอกชน,เอกชน,ไม่มีขั้น,,,
5,ราชบุรี,โพธาราม,10730,รัฐในสังกัดสป.สธ.,รพท.,ขั้นมาตรฐาน,2025-02-25,2028-02-24,
5,ราชบุรี,มหาชัยพร้อมแพทย์โรงพยาบาลทั่วไปขนาดกลาง,12097,เอกชน,สมาคมโรงพยาบาลเอกชน,ไม่มีขั้น,,,
5,ราชบุรี,ราชบุรี,10677,รัฐในสังกัดสป.สธ.,รพศ.,ขั้นมาตรฐาน,2025-10-08,2028-10-07,
5,ราชบุรี,วัฒนเวชโรงพยาบาลทั่วไปขนาดเล็ก,14609,เอกชน,เอกชน,ไม่มีขั้น,,,
5,ราชบุรี,วัดเพลง,11277,รัฐในสังกัดสป.สธ.,รพช.,ขั้นมาตรฐาน,2025-04-08,2028-04-07,
5,ราชบุรี,ส่งเสริมสุขภาพ ศูนย์อนามัยที่ 5 ราชบุรี,12286,รัฐในสังกัด สธ.,กรมอนามัย,ขั้นมาตรฐาน,2023-11-21,2026-11-20,
5,ราชบุรี,สมเด็จพระยุพราชจอมบึง,11458,รัฐในสังกัดสป.สธ.,รพช.,ขั้นมาตรฐาน,2024-03-24,2027-03-23,
5,ราชบุรี,สมเด็จพระสังฆราช (อมฺพรมหาเถร),10728,รัฐในสังกัดสป.สธ.,รพท.,ขั้นมาตรฐาน,2024-01-29,2027-01-28,
5,ราชบุรี,สวนผึ้ง,11273,รัฐในสังกัดสป.สธ.,รพช.,ขั้นมาตรฐาน,2024-04-10,2027-04-09,
5,ราชบุรี,หมอสงวนโรงพยาบาลทั่วไปขนาดเล็ก,12086,เอกชน,เอกชน,ไม่มีขั้น,,,
5,สมุทรสงคราม,นภาลัย,11306,รัฐในสังกัดสป.สธ.,รพช.,ขั้นมาตรฐาน,2026-06-09,2029-06-08,
5,สมุทรสงคราม,มหาชัยแม่กลองโรงพยาบาลทั่วไปขนาดกลาง,12145,เอกชน,สมาคมโรงพยาบาลเอกชน,ไม่มีขั้น,,,
5,สมุทรสงคราม,สมเด็จพระพุทธเลิศหล้า,10735,รัฐในสังกัดสป.สธ.,รพท.,ขั้นมาตรฐาน,2025-04-22,2028-04-21,
5,สมุทรสงคราม,อัมพวา,11307,รัฐในสังกัดสป.สธ.,รพช.,ขั้นมาตรฐาน,2026-05-26,2029-05-25,
5,สมุทรสาคร,กระทุ่มแบน,11304,รัฐในสังกัดสป.สธ.,รพท.,ขั้นมาตรฐาน,2024-07-23,2027-07-22,
5,สมุทรสาคร,ทั่วไปขนาดเล็กเจษฎา,12137,เอกชน,เอกชน,ขั้นพัฒนา ขั้นที่ 2,2024-08-23,2026-08-22,
5,สมุทรสาคร,ทั่วไปขนาดเล็กเจษฎา 2,43418,เอกชน,เอกชน,ขั้นพัฒนา ขั้นที่ 2,2026-03-25,2028-03-24,
5,สมุทรสาคร,ทั่วไปขนาดเล็กพานาซีพระราม 2,41922,เอกชน,เอกชน,ไม่มีขั้น,,,
5,สมุทรสาคร,ทั่วไปขนาดใหญ่วิชัยเวช อินเตอร์เนชั่นแนล สมุทรสาคร,12140,เอกชน,สมาคมโรงพยาบาลเอกชน,ขั้นมาตรฐาน,2025-07-22,2028-07-21,
5,สมุทรสาคร,ทั่วไปขนาดใหญ่เอกชัย,22615,เอกชน,สมาคมโรงพยาบาลเอกชน,ไม่มีขั้น,2008-01-03,2009-01-02,
5,สมุทรสาคร,บ้านแพ้ว (องค์การมหาชน),11305,รัฐในสังกัด สธ.,รพท.,ขั้นมาตรฐาน,2024-02-20,2027-02-19,
5,สมุทรสาคร,มหาชัย 2 โรงพยาบาลทั่วไปขนาดใหญ่,12143,เอกชน,สมาคมโรงพยาบาลเอกชน,ขั้นมาตรฐาน,2025-07-22,2028-07-21,
5,สมุทรสาคร,มหาชัย 3 โรงพยาบาลทั่วไปขนาดใหญ่,23924,เอกชน,เอกชน,ขั้นมาตรฐาน,2025-08-19,2028-08-18,
5,สมุทรสาคร,มหาชัยโรงพยาบาลทั่วไปขนาดใหญ่,12139,เอกชน,สมาคมโรงพยาบาลเอกชน,ไม่มีขั้น,2019-04-23,2022-04-22,
5,สมุทรสาคร,วิชัยเวช อินเตอร์เนชั่นแนล อ้อมน้อย,12144,เอกชน,สมาคมโรงพยาบาลเอกชน,ขั้นมาตรฐาน,2025-08-19,2028-08-18,
5,สมุทรสาคร,วิภาราม สมุทรสาครโรงพยาบาลทั่วไปขนาดใหญ่,40917,เอกชน,เอกชน,ขั้นพัฒนา ขั้นที่ 2,2026-06-29,2028-06-28,
5,สมุทรสาคร,สมุทรสาคร,10734,รัฐในสังกัดสป.สธ.,รพศ.,ขั้นมาตรฐาน,2023-07-15,2026-07-14,
5,สุพรรณบุรี,เจ้าพระยายมราช,10678,รัฐในสังกัดสป.สธ.,รพศ.,ขั้นมาตรฐาน,2025-04-22,2028-04-21,
5,สุพรรณบุรี,ดอนเจดีย์,11293,รัฐในสังกัดสป.สธ.,รพช.,ขั้นมาตรฐาน,2023-09-12,2026-09-11,
5,สุพรรณบุรี,ด่านช้าง,11290,รัฐในสังกัดสป.สธ.,รพช.,ขั้นมาตรฐาน,2024-04-10,2027-04-09,
5,สุพรรณบุรี,เดิมบางนางบวช,11289,รัฐในสังกัดสป.สธ.,รพช.,ขั้นมาตรฐาน,2025-01-14,2028-01-13,
5,สุพรรณบุรี,ธนบุรี – อู่ทองโรงพยาบาลทั่วไปขนาดเล็ก,12122,เอกชน,สมาคมโรงพยาบาลเอกชน,ขั้นพัฒนา ขั้นที่ 2,2026-05-25,2028-05-24,
5,สุพรรณบุรี,บางปลาม้า,11291,รัฐในสังกัดสป.สธ.,รพช.,ขั้นมาตรฐาน,2025-01-28,2028-01-27,
5,สุพรรณบุรี,พรชัยโรงพยาบาลทั่วไปขนาดกลาง,14595,เอกชน,สมาคมโรงพยาบาลเอกชน,ไม่มีขั้น,2020-01-21,2021-01-20,
5,สุพรรณบุรี,วิภาวดี - ปิยะราษฏร์โรงพยาบาลทั่วไปขนาดกลาง,12123,เอกชน,สมาคมโรงพยาบาลเอกชน,ไม่มีขั้น,2011-05-26,2012-05-25,
5,สุพรรณบุรี,ศรีประจันต์,11292,รัฐในสังกัดสป.สธ.,รพช.,ขั้นมาตรฐาน,2025-06-24,2028-06-23,
5,สุพรรณบุรี,ศุภมิตรโรงพยาบาลทั่วไปขนาดใหญ่,12119,เอกชน,สมาคมโรงพยาบาลเอกชน,ขั้นมาตรฐาน,2024-01-10,2027-01-09,
5,สุพรรณบุรี,สมเด็จพระสังฆราชองค์ที่ 17,10733,รัฐในสังกัดสป.สธ.,รพท.,ขั้นมาตรฐาน,2026-05-12,2029-05-11,
5,สุพรรณบุรี,สามชุก,11294,รัฐในสังกัดสป.สธ.,รพช.,ขั้นมาตรฐาน,2025-12-09,2028-12-08,
5,สุพรรณบุรี,หนองหญ้าไซ,11296,รัฐในสังกัดสป.สธ.,รพช.,ขั้นมาตรฐาน,2026-05-26,2029-05-25,
5,สุพรรณบุรี,อู่ทอง,11295,รัฐในสังกัดสป.สธ.,รพช.,ขั้นมาตรฐาน,2026-02-11,2029-02-10,
6,จันทบุรี,แก่งหางแมว,10842,รัฐในสังกัดสป.สธ.,รพช.,ขั้นมาตรฐาน,2025-10-14,2028-10-13,
6,จันทบุรี,ขลุง,10834,รัฐในสังกัดสป.สธ.,รพช.,ขั้นมาตรฐาน,2023-08-08,2026-08-07,
6,จันทบุรี,เขาคิชฌกูฏ,10844,รัฐในสังกัดสป.สธ.,รพช.,ขั้นมาตรฐาน,2025-05-13,2028-05-12,
6,จันทบุรี,เขาสุกิม,10836,รัฐในสังกัดสป.สธ.,รพช.,ขั้นมาตรฐาน,2025-08-25,2028-08-24,
6,จันทบุรี,ทั่วไปขนาดกลางโรงพยาบาลกรุงเทพจันทบุรี,11875,เอกชน,สมาคมโรงพยาบาลเอกชน,ขั้นมาตรฐาน,2024-02-18,2027-02-17,
6,จันทบุรี,ทั่วไปขนาดกลางโรงพยาบาลสิริเวช จันทบุรี,11874,เอกชน,สมาคมโรงพยาบาลเอกชน,ขั้นมาตรฐาน,2025-12-14,2028-12-13,
6,จันทบุรี,ท่าใหม่,10835,รัฐในสังกัดสป.สธ.,รพช.,ขั้นมาตรฐาน,2024-01-09,2027-01-08,
6,จันทบุรี,นายายอาม,10843,รัฐในสังกัดสป.สธ.,รพช.,ขั้นมาตรฐาน,2025-08-05,2028-08-04,
6,จันทบุรี,โป่งน้ำร้อน,10838,รัฐในสังกัดสป.สธ.,รพช.,ขั้นมาตรฐาน,2024-10-22,2027-10-21,
6,จันทบุรี,พระปกเกล้า,10664,รัฐในสังกัดสป.สธ.,รพศ.,ขั้นมาตรฐาน,2024-10-22,2027-10-21,
6,จันทบุรี,มะขาม,10839,รัฐในสังกัดสป.สธ.,รพช.,ขั้นมาตรฐาน,2025-03-25,2028-03-24,
6,จันทบุรี,สองพี่น้อง,10837,รัฐในสังกัดสป.สธ.,รพช.,ขั้นมาตรฐาน,2025-05-27,2028-05-26,
6,จันทบุรี,สอยดาว,10841,รัฐในสังกัดสป.สธ.,รพช.,ขั้นมาตรฐาน,2026-01-14,2029-01-13,
6,จันทบุรี,แหลมสิงห์,10840,รัฐในสังกัดสป.สธ.,รพช.,ขั้นมาตรฐาน,2023-10-27,2026-10-26,
6,ฉะเชิงเทรา,เกษมราษฎร์ ฉะเชิงเทราโรงพยาบาลทั่วไปขนาดใหญ่,11879,เอกชน,สมาคมโรงพยาบาลเอกชน,ขั้นมาตรฐาน,2024-11-26,2027-11-25,
6,ฉะเชิงเทรา,คลองเขื่อน,31327,รัฐในสังกัดสป.สธ.,รพช.,ขั้นมาตรฐาน,2024-04-09,2027-04-08,
6,ฉะเชิงเทรา,จุฬารัตน์ 11 อินเตอร์โรงพยาบาลทั่วไปขนาดใหญ่,11878,เอกชน,สมาคมโรงพยาบาลเอกชน,ขั้นมาตรฐาน,2025-05-13,2028-05-12,
6,ฉะเชิงเทรา,ท่าตะเกียบ,10833,รัฐในสังกัดสป.สธ.,รพช.,ขั้นมาตรฐาน,2026-07-21,2029-07-20,
6,ฉะเชิงเทรา,บางคล้า,10850,รัฐในสังกัดสป.สธ.,รพช.,ขั้นมาตรฐาน,2025-08-19,2028-08-18,
6,ฉะเชิงเทรา,บางน้ำเปรี้ยว,10851,รัฐในสังกัดสป.สธ.,รพช.,ขั้นมาตรฐาน,2026-07-12,2029-07-11,
6,ฉะเชิงเทรา,บางปะกง,10852,รัฐในสังกัดสป.สธ.,รพช.,ขั้นมาตรฐาน,2026-02-11,2029-02-10,
6,ฉะเชิงเทรา,บ้านโพธิ์,10853,รัฐในสังกัดสป.สธ.,รพช.,ขั้นมาตรฐาน,2025-01-29,2028-01-28,
6,ฉะเชิงเทรา,แปลงยาว,10856,รัฐในสังกัดสป.สธ.,รพช.,ขั้นมาตรฐาน,2025-03-25,2028-03-24,
6,ฉะเชิงเทรา,พนมสารคาม,10854,รัฐในสังกัดสป.สธ.,รพช.,ขั้นมาตรฐาน,2026-02-11,2029-02-10,
6,ฉะเชิงเทรา,พุทธโสธร,10697,รัฐในสังกัดสป.สธ.,รพศ.,ขั้นมาตรฐาน,2025-02-25,2028-02-24,
6,ฉะเชิงเทรา,"รวมแพทย์ฉะเชิงเทราโรงพยาบาลทั่วไป_x000D_
ขนาดกลาง",41569,เอกชน,เอกชน,ขั้นมาตรฐาน,2023-09-20,2026-09-19,
6,ฉะเชิงเทรา,ราชสาส์น,13747,รัฐในสังกัดสป.สธ.,รพช.,ขั้นมาตรฐาน,2025-04-22,2028-04-21,
6,ฉะเชิงเทรา,สนามชัยเขต,10855,รัฐในสังกัดสป.สธ.,รพช.,ขั้นมาตรฐาน,2026-06-23,2029-06-22,
6,ชลบุรี,กรุงเทพพัทยาโรงพยาบาลทั่วไปขนาดใหญ่,11850,เอกชน,สมาคมโรงพยาบาลเอกชน,ขั้นมาตรฐาน,2023-08-22,2026-08-21,
6,ชลบุรี,กองพันพยาบาล สนับสนุน,12456,กระทรวงกลาโหม,กรมแพทย์ทหารบก,ไม่มีขั้น,,,
6,ชลบุรี,เกาะจันทร์,28006,รัฐในสังกัดสป.สธ.,รพช.,ขั้นมาตรฐาน,2024-11-26,2027-11-25,
6,ชลบุรี,เกาะสีชัง,10824,รัฐในสังกัดสป.สธ.,รพช.,ขั้นมาตรฐาน,2024-12-24,2027-12-23,
6,ชลบุรี,ค่ายนวมินทราชินี,11486,กระทรวงกลาโหม,กรมแพทย์ทหารบก,ขั้นมาตรฐาน,2024-04-10,2027-04-09,
6,ชลบุรี,จอมเทียน โรงพยาบาลทั่วไปขนาดกลาง,41859,เอกชน,เอกชน,ขั้นมาตรฐาน,2023-09-20,2026-09-19,
6,ชลบุรี,"จุฬารัตน์ ชลเวชโรงพยาบาลทั่วไปขนาดกลาง_x000D_
ทั่วไปขนาดกลาง",11845,เอกชน,สมาคมโรงพยาบาลเอกชน,ขั้นพัฒนา ขั้นที่ 2,2026-01-26,2028-01-25,
6,ชลบุรี,เฉพาะทางมะเร็งขนาดเล็กแคนเซอร์อลิอันซ์ ศรีราชา,41711,เอกชน,เอกชน,ไม่มีขั้น,,,
6,ชลบุรี,ชลบุรี,10662,รัฐในสังกัดสป.สธ.,รพศ.,ขั้นก้าวหน้า,2025-01-17,2029-01-16,
6,ชลบุรี,ทั่วไปขนาดใหญ่สมิติเวช ชลบุรี,40768,เอกชน,เอกชน,ขั้นมาตรฐาน,2023-11-21,2026-11-20,
6,ชลบุรี,บ่อทอง,10826,รัฐในสังกัดสป.สธ.,รพช.,ขั้นมาตรฐาน,2024-04-10,2027-04-09,
6,ชลบุรี,บ้านบึง,10817,รัฐในสังกัดสป.สธ.,รพช.,ขั้นมาตรฐาน,2024-11-26,2027-11-25,
6,ชลบุรี,ปิยะเวชช์ บ่อวินโรงพยาบาลทั่วไปขนาดกลาง,23914,เอกชน,เอกชน,ไม่มีขั้น,,,
6,ชลบุรี,แผนกแพทย์ศูนย์ฝึกทหาร,12453,กระทรวงกลาโหม,กรมแพทย์ทหารเรือ,ไม่มีขั้น,,,
6,ชลบุรี,แผนกแพทย์ฯรร.ทหารเกล็ดแก้ว,12454,กระทรวงกลาโหม,กรมแพทย์ทหารเรือ,ไม่มีขั้น,,,
6,ชลบุรี,พญาไท ศรีราชาโรงพยาบาลทั่วไปขนาดใหญ่,11855,เอกชน,สมาคมโรงพยาบาลเอกชน,ขั้นมาตรฐาน,2023-11-14,2026-11-13,
6,ชลบุรี,พนัสนิคม,10822,รัฐในสังกัดสป.สธ.,รพท.,ขั้นมาตรฐาน,2024-08-27,2027-08-26,
6,ชลบุรี,พัทยาปัทมคุณ,10819,รัฐในสังกัดสป.สธ.,รพท.,ขั้นมาตรฐาน,2026-01-27,2029-01-26,
6,ชลบุรี,พัทยาเมโมเรียลโรงพยาบาลทั่วไปขนาดกลาง,11851,เอกชน,สมาคมโรงพยาบาลเอกชน,ขั้นมาตรฐาน,2024-10-22,2027-10-21,
6,ชลบุรี,พัทยาอินเตอร์เนชั่นแนลฮอสพิทอลโรงพยาบาลทั่วไปขนาดกลาง,11852,เอกชน,สมาคมโรงพยาบาลเอกชน,ไม่มีขั้น,,,
6,ชลบุรี,พานทอง,10821,รัฐในสังกัดสป.สธ.,รพช.,ขั้นมาตรฐาน,2026-02-11,2029-02-10,
6,ชลบุรี,มหาวิทยาลัยบูรพา,13766,กระทรวงการอุดมศึกษา วิทยาศาสตร์ วิจัยและนวัตกรรม,โรงเรียนแพทย์,ขั้นมาตรฐาน,2024-07-23,2027-07-22,
6,ชลบุรี,มะเร็งชลบุรี,13760,รัฐในสังกัด สธ.,กรมการแพทย์,ขั้นมาตรฐาน,2025-11-11,2028-11-10,
6,ชลบุรี,เมืองพัทยา,28005,กระทรวงมหาดไทย,กระทรวงมหาดไทย,ขั้นมาตรฐาน,2025-12-09,2028-12-08,
6,ชลบุรี,โรงพยาบาลส่งเสริมสุขภาพ ศูนย์อนามัยที่ 6,23856,รัฐในสังกัด สธ.,กรมอนามัย,ไม่มีขั้น,,,
6,ชลบุรี,วัดญาณสังวราราม,10820,รัฐในสังกัดสป.สธ.,รพช.,ขั้นมาตรฐาน,2024-08-27,2027-08-26,
6,ชลบุรี,วิภาราม อมตะนครโรงพยาบาลทั่วไปขนาดใหญ่,40750,เอกชน,เอกชน,ขั้นมาตรฐาน,2025-05-13,2028-05-12,
6,ชลบุรี,วิภารามแหลมฉบังโรงพยาบาลทั่วไปขนาดใหญ่,11854,เอกชน,สมาคมโรงพยาบาลเอกชน,ขั้นมาตรฐาน,2024-11-26,2027-11-25,
6,ชลบุรี,สมเด็จพระนางเจ้าสิริกิติ์ กรมแพทย์ทหารเรือ,13758,กระทรวงกลาโหม,กรมแพทย์ทหารเรือ,ขั้นก้าวหน้า,2026-04-24,2030-04-23,
6,ชลบุรี,สมเด็จพระบรมราชเทวี ณ ศรีราชา สภากาชาดไทย,13754,สภากาชาดไทย,สภากาชาดไทย,ขั้นก้าวหน้า,2024-07-20,2028-07-19,
6,ชลบุรี,สมเด็จพระสังฆราชญาณสังวรเพื่อผู้สูงอายุ จังหวัดชลบุรี,12442,รัฐในสังกัด สธ.,กรมการแพทย์,ขั้นพัฒนา ขั้นที่ 2,2024-09-25,2026-09-24,
6,ชลบุรี,สมิติเวช ศรีราชาโรงพยาบาลทั่วไปขนาดใหญ่,11853,เอกชน,สมาคมโรงพยาบาลเอกชน,ขั้นมาตรฐาน,2024-02-04,2027-02-03,
6,ชลบุรี,สัตหีบ,10825,รัฐในสังกัดสป.สธ.,รพช.,ขั้นมาตรฐาน,2024-08-27,2027-08-26,
6,ชลบุรี,หน่วยกามโรคและโรคเอดส์ที่ ๖.๑ อำเภอบางละมุง (ศูนย์พัทยารักษ์),77500,รัฐในสังกัด สธ.,กรมควบคุมโรค,ขั้นพัฒนา ขั้นที่ 2,2024-10-25,2026-10-24,
6,ชลบุรี,หนองใหญ่,10818,รัฐในสังกัดสป.สธ.,รพช.,อยู่ระหว่างกระบวนการต่ออายุ,2023-06-27,2026-06-26,
6,ชลบุรี,แหลมฉบัง,10823,รัฐในสังกัดสป.สธ.,รพช.,ขั้นมาตรฐาน,2025-01-28,2028-01-27,
6,ชลบุรี,อาภากรเกียรติวงศ์,11487,กระทรวงกลาโหม,กรมแพทย์ทหารเรือ,ขั้นมาตรฐาน,2024-10-27,2027-10-26,
6,ชลบุรี,เอกชล อ่างศิลา โรงพยาบาลทั่วไปขนาดใหญ่,23207,เอกชน,สมาคมโรงพยาบาลเอกชน,ขั้นมาตรฐาน,2026-02-24,2029-02-23,
6,ชลบุรี,เอกชลโรงพยาบาลทั่วไปขนาดใหญ่,11847,เอกชน,สมาคมโรงพยาบาลเอกชน,ไม่มีขั้น,2017-02-21,2020-02-20,
6,ตราด,กรุงเทพตราด,11876,เอกชน,สมาคมโรงพยาบาลเอกชน,ไม่มีขั้น,2021-09-24,2024-09-23,
6,ตราด,เกาะกูด,10849,รัฐในสังกัดสป.สธ.,รพช.,ขั้นมาตรฐาน,2023-07-25,2026-07-24,
6,ตราด,เกาะช้าง,13816,รัฐในสังกัดสป.สธ.,รพช.,ขั้นมาตรฐาน,2024-03-24,2027-03-23,
6,ตราด,เขาสมิง,10846,รัฐในสังกัดสป.สธ.,รพช.,ขั้นมาตรฐาน,2026-04-07,2029-04-06,
6,ตราด,คลองใหญ่,10845,รัฐในสังกัดสป.สธ.,รพช.,ขั้นมาตรฐาน,2024-12-24,2027-12-23,
6,ตราด,บ่อไร่,10847,รัฐในสังกัดสป.สธ.,รพช.,ขั้นมาตรฐาน,2024-02-18,2027-02-17,
6,ตราด,พระปิยมหาราช,10696,รัฐในสังกัดสป.สธ.,รพท.,ขั้นมาตรฐาน,2024-10-08,2027-10-07,
6,ตราด,แหลมงอบ,10848,รัฐในสังกัดสป.สธ.,รพช.,ขั้นมาตรฐาน,2025-05-13,2028-05-12,
6,ปราจีนบุรี,กบินทร์บุรี,10857,รัฐในสังกัดสป.สธ.,รพท.,ขั้นมาตรฐาน,2023-10-28,2026-10-27,
6,ปราจีนบุรี,เกษมราษฎร์ ปราจีนบุรี โรงพยาบาลทั่วไปขนาดใหญ่,42025,เอกชน,เอกชน,ไม่มีขั้น,,,
6,ปราจีนบุรี,ค่ายจักรพงษ์,11490,กระทรวงกลาโหม,กรมแพทย์ทหารบก,ขั้นมาตรฐาน,2026-05-26,2029-05-25,
6,ปราจีนบุรี,เจ้าพระยาอภัยภูเบศร,10665,รัฐในสังกัดสป.สธ.,รพศ.,ขั้นมาตรฐาน,2025-07-08,2028-07-07,
6,ปราจีนบุรี,ทั่วไปขนาดกลางจุฬารัตน์ 304 อินเตอร์,41345,เอกชน,เอกชน,ขั้นมาตรฐาน,2024-06-11,2027-06-10,
6,ปราจีนบุรี,นาดี,10858,รัฐในสังกัดสป.สธ.,รพช.,ขั้นมาตรฐาน,2026-05-08,2029-05-07,
6,ปราจีนบุรี,บ้านสร้าง,10859,รัฐในสังกัดสป.สธ.,รพช.,ขั้นมาตรฐาน,2026-04-28,2029-04-27,
6,ปราจีนบุรี,ประจันตคาม,10860,รัฐในสังกัดสป.สธ.,รพช.,ขั้นมาตรฐาน,2025-04-08,2028-04-07,
6,ปราจีนบุรี,ศรีมหาโพธิ,10861,รัฐในสังกัดสป.สธ.,รพช.,ขั้นมาตรฐาน,2024-04-24,2027-04-23,
6,ปราจีนบุรี,ศรีมโหสถ,10862,รัฐในสังกัดสป.สธ.,รพช.,ไม่มีขั้น,2018-12-18,2021-12-17,
6,ระยอง,กรุงเทพระยองโรงพยาบาลทั่วไปขนาดใหญ่,15219,เอกชน,เอกชน,ขั้นมาตรฐาน,2026-03-24,2029-03-23,
6,ระยอง,กองบินทหารเรือ,14160,กระทรวงกลาโหม,กรมแพทย์ทหารเรือ,ไม่มีขั้น,,,
6,ระยอง,แกลง,10829,รัฐในสังกัดสป.สธ.,รพท.,ขั้นมาตรฐาน,2025-09-23,2028-09-22,
6,ระยอง,เขาชะเมาเฉลิมพระเกียรติ ๘๐ พรรษา,22734,รัฐในสังกัดสป.สธ.,รพช.,ขั้นมาตรฐาน,2025-06-10,2028-06-09,
6,ระยอง,จุฬารัตน์ระยองโรงพยาบาลทั่วไปขนาดกลาง,11864,เอกชน,สมาคมโรงพยาบาลเอกชน,ไม่มีขั้น,,,
6,ระยอง,เฉลิมพระเกียรติ สมเด็จพระเทพรัตนราชสุดาฯ สยามบรมราชกุมารี ระยอง,10827,รัฐในสังกัดสป.สธ.,รพท.,ขั้นมาตรฐาน,2024-02-13,2027-02-12,
6,ระยอง,นิคมพัฒนา,23962,รัฐในสังกัดสป.สธ.,รพช.,ขั้นมาตรฐาน,2026-04-28,2029-04-27,
6,ระยอง,บ้านค่าย,10831,รัฐในสังกัดสป.สธ.,รพช.,ขั้นมาตรฐาน,2024-11-26,2027-11-25,
6,ระยอง,บ้านฉาง,10828,รัฐในสังกัดสป.สธ.,รพช.,ขั้นมาตรฐาน,2025-08-05,2028-08-04,
6,ระยอง,ปลวกแดง,10832,รัฐในสังกัดสป.สธ.,รพช.,อยู่ระหว่างกระบวนการต่ออายุ,2023-06-24,2026-06-23,
6,ระยอง,ปิยะเวชช์ ระยองโรงพยาบาลทั่วไปขนาดเล็ก,41632,เอกชน,เอกชน,ไม่มีขั้น,,,
6,ระยอง,มงกุฎระยองโรงพยาบาลทั่วไปขนาดใหญ่,14607,เอกชน,สมาคมโรงพยาบาลเอกชน,ขั้นมาตรฐาน,2024-08-13,2027-08-12,
6,ระยอง,ระยอง,10663,รัฐในสังกัดสป.สธ.,รพศ.,ขั้นมาตรฐาน,2026-03-03,2029-03-02,
6,ระยอง,โรงพยาบาลกรุงเทพปลวกแดงโรงพยาบาลทั่วไปขนาดใหญ่,44263,เอกชน,เอกชน,ไม่มีขั้น,,,
6,ระยอง,วังจันทร์,10830,รัฐในสังกัดสป.สธ.,รพช.,ขั้นมาตรฐาน,2024-01-13,2027-01-12,
6,ระยอง,ศรีระยองโรงพยาบาลทั่วไปขนาดกลาง,40757,เอกชน,เอกชน,ขั้นมาตรฐาน,2023-10-16,2026-10-15,
6,สมุทรปราการ,เฉพาะประเภทผู้ป่วยเรื้อรังขนาดกลาง จุฬารัตน์ เทพารักษ์,42739 ,เอกชน,เอกชน,ไม่มีขั้น,,,
6,สมุทรปราการ,เฉพาะประเภทผู้สูงอายุขนาดกลาง ซีเอชจี ฮอทพิทอล,41786,เอกชน,เอกชน,ไม่มีขั้น,,,
6,สมุทรปราการ,เดอะซีพลัส สมุทรปราการโรงพยาบาลทั่วไปขนาดเล็ก,41367,เอกชน,เอกชน,ไม่มีขั้น,,,
6,สมุทรปราการ,ทั่วไปขนาดเล็กจุฬารัตน์ 1 สุวรรณภูมิ,11765,เอกชน,สมาคมโรงพยาบาลเอกชน,ไม่มีขั้น,,,
6,สมุทรปราการ,ทั่วไปขนาดเล็กจุฬารัตน์ 5,11766,เอกชน,เอกชน,ไม่มีขั้น,,,
6,สมุทรปราการ,ทั่วไปขนาดใหญ่จุฬารัตน์ 3 อินเตอร์,11771,เอกชน,สมาคมโรงพยาบาลเอกชน,ไม่มีขั้น,2012-12-28,2014-12-27,
6,สมุทรปราการ,ทั่วไปขนาดใหญ่จุฬารัตน์ 9 แอร์พอร์ต,11768,เอกชน,สมาคมโรงพยาบาลเอกชน,อยู่ระหว่างกระบวนการขั้นพัฒนา,2024-06-24,2026-06-23,
6,สมุทรปราการ,ทั่วไปขนาดใหญ่เซ็นทรัลปาร์ค,11769,เอกชน,สมาคมโรงพยาบาลเอกชน,ขั้นพัฒนา ขั้นที่ 2,2026-03-25,2028-03-24,
6,สมุทรปราการ,ทั่วไปขนาดใหญ่บางนา 2,11772,เอกชน,เอกชน,ไม่มีขั้น,2017-10-27,2018-10-26,
6,สมุทรปราการ,ทั่วไปขนาดใหญ่บางนา 5,24036,เอกชน,เอกชน,ไม่มีขั้น,,,
6,สมุทรปราการ,ทั่วไปขนาดใหญ่เปาโล สมุทรปราการ,11743,เอกชน,สมาคมโรงพยาบาลเอกชน,ขั้นมาตรฐาน,2025-09-23,2028-09-22,
6,สมุทรปราการ,ทั่วไปขนาดใหญ่รวมชัยประชารักษ์,14590,เอกชน,สมาคมโรงพยาบาลเอกชน,ขั้นพัฒนา ขั้นที่ 2,2024-08-23,2026-08-22,
6,สมุทรปราการ,ทั่วไปขนาดใหญ่ศิครินทร์ สมุทรปราการ,11745,เอกชน,สมาคมโรงพยาบาลเอกชน,ไม่มีขั้น,2020-07-08,2021-07-07,
6,สมุทรปราการ,ทั่วไปขนาดใหญ่สำโรงการแพทย์,14591,เอกชน,สมาคมโรงพยาบาลเอกชน,อยู่ระหว่างกระบวนการต่ออายุ,2023-06-19,2026-06-18,
6,สมุทรปราการ,ทั่วไปขนาดใหญ่สินแพทย์ เทพารักษ์,41351,เอกชน,เอกชน,ไม่มีขั้น,,,
6,สมุทรปราการ,บางจาก,10754,รัฐในสังกัดสป.สธ.,รพช.,ขั้นมาตรฐาน,2023-09-29,2026-09-28,
6,สมุทรปราการ,บางบ่อ,10752,รัฐในสังกัดสป.สธ.,รพช.,ขั้นมาตรฐาน,2024-08-27,2027-08-26,
6,สมุทรปราการ,บางปะกอก 3 โรงพยาบาลทั่วไปขนาดใหญ่,11777,เอกชน,สมาคมโรงพยาบาลเอกชน,ขั้นมาตรฐาน,2025-05-27,2028-05-26,
6,สมุทรปราการ,บางปะกอกสมุทรปราการ โรงพยาบาลทั่วไปขนาดกลาง,41413,เอกชน,เอกชน,ไม่มีขั้น,,,
6,สมุทรปราการ,บางพลี,10753,รัฐในสังกัดสป.สธ.,รพท.,ขั้นมาตรฐาน,2026-05-09,2029-05-08,
6,สมุทรปราการ,บางเสาธง,28785,รัฐในสังกัดสป.สธ.,รพช.,ไม่มีขั้น,,,
6,สมุทรปราการ,ป้อมพระจุลจอมเกล้า ฐานทัพเรือกรุงเทพ,15229,กระทรวงกลาโหม,กรมแพทย์ทหารเรือ,ไม่มีขั้น,,,
6,สมุทรปราการ,เปาโล พระประแดงโรงพยาบาลทั่วไปขนาดกลาง,11747,เอกชน,สมาคมโรงพยาบาลเอกชน,ขั้นมาตรฐาน,2025-01-15,2028-01-14,
6,สมุทรปราการ,พระสมุทรเจดีย์สวาทยานนท์,10755,รัฐในสังกัดสป.สธ.,รพช.,ขั้นมาตรฐาน,2025-07-08,2028-07-07,
6,สมุทรปราการ,พริ้นซ์ สุวรรณภูมิ,11770,เอกชน,สมาคมโรงพยาบาลเอกชน,ไม่มีขั้น,2024-03-25,2026-03-24,
6,สมุทรปราการ,เมืองสมุทรปากน้ำโรงพยาบาลทั่วไปขนาดใหญ่,11761,เอกชน,สมาคมโรงพยาบาลเอกชน,ขั้นพัฒนา ขั้นที่ 2,2024-09-25,2026-09-24,
6,สมุทรปราการ,เมืองสมุทรปู่เจ้าฯ โรงพยาบาลทั่วไปขนาดใหญ่,11775,เอกชน,สมาคมโรงพยาบาลเอกชน,ขั้นพัฒนา ขั้นที่ 2,2025-11-25,2027-11-24,
6,สมุทรปราการ,ยุวประสาทไวทโยปถัมภ์,12251,รัฐในสังกัด สธ.,กรมสุขภาพจิต,ขั้นมาตรฐาน,2024-02-20,2027-02-19,
6,สมุทรปราการ,รามาธิบดีจักรีนฤบดินทร์,41373,กระทรวงการอุดมศึกษา วิทยาศาสตร์ วิจัยและนวัตกรรม,โรงเรียนแพทย์,ขั้นมาตรฐาน,2025-01-28,2029-01-27,
6,สมุทรปราการ,โรงเรียนนายเรือ,11483,กระทรวงกลาโหม,กรมแพทย์ทหารเรือ,ไม่มีขั้น,,,
6,สมุทรปราการ,วิภาราม สมุทรปราการ โรงพยาบาลทั่วไปขนาดใหญ่,22326,เอกชน,สมาคมโรงพยาบาลเอกชน,ไม่มีขั้น,2017-10-27,2018-10-26,
6,สมุทรปราการ,ศูนย์เวชศาสตร์ฟื้นฟูสภากาชาดไทย,15198,สภากาชาดไทย,โรงพยาบาล นอก สธ.,ขั้นพัฒนา ขั้นที่ 2,2025-01-27,2027-01-26,
6,สมุทรปราการ,สถาบันราชประชาสมาสัย,12252,รัฐในสังกัด สธ.,กรมควบคุมโรค,ขั้นมาตรฐาน,2024-03-24,2027-03-23,
6,สมุทรปราการ,สมุทรปราการ,10685,รัฐในสังกัดสป.สธ.,รพศ.,ขั้นมาตรฐาน,2024-04-10,2027-04-09,
6,สระแก้ว,เกษมราษฎร์ อินเตอร์เนชั่นแนล อรัญประเทศ โรงพยาบาลทั่วไปขนาดกลาง,41829,เอกชน,เอกชน,ขั้นมาตรฐาน,2026-04-28,2029-04-27,
6,สระแก้ว,เขาฉกรรจ์,13817,รัฐในสังกัดสป.สธ.,รพช.,ขั้นมาตรฐาน,2023-12-27,2026-12-26,
6,สระแก้ว,คลองหาด,10866,รัฐในสังกัดสป.สธ.,รพช.,ขั้นมาตรฐาน,2026-05-26,2029-05-25,
6,สระแก้ว,ค่ายสุรสิงหนาท,14689,กระทรวงกลาโหม,กรมแพทย์ทหารบก,ขั้นมาตรฐาน,2024-02-13,2027-02-12,
6,สระแก้ว,โคกสูง,28850,รัฐในสังกัดสป.สธ.,รพช.,ขั้นมาตรฐาน,2025-11-25,2028-11-24,
6,สระแก้ว,จิตเวชสระแก้วราชนครินทร์,14717,รัฐในสังกัด สธ.,กรมสุขภาพจิต,ขั้นมาตรฐาน,2025-12-23,2028-12-22,
6,สระแก้ว,ตาพระยา,10867,รัฐในสังกัดสป.สธ.,รพช.,ขั้นมาตรฐาน,2024-06-25,2027-06-24,
6,สระแก้ว,วังน้ำเย็น,10868,รัฐในสังกัดสป.สธ.,รพช.,ขั้นมาตรฐาน,2025-11-25,2028-11-24,
6,สระแก้ว,วังสมบูรณ์,28849,รัฐในสังกัดสป.สธ.,รพช.,ขั้นมาตรฐาน,2025-12-23,2028-12-22,
6,สระแก้ว,วัฒนานคร,10869,รัฐในสังกัดสป.สธ.,รพช.,ขั้นมาตรฐาน,2025-04-22,2028-04-21,
6,สระแก้ว,สมเด็จพระยุพราชสระแก้ว,10699,รัฐในสังกัดสป.สธ.,รพท.,ขั้นมาตรฐาน,2025-04-22,2028-04-21,
6,สระแก้ว,อรัญประเทศ,10870,รัฐในสังกัดสป.สธ.,รพท.,ขั้นมาตรฐาน,2026-06-09,2029-06-08,
7,กาฬสินธุ์,กมลาไสย,11078,รัฐในสังกัดสป.สธ.,รพช.,ขั้นมาตรฐาน,2023-08-22,2026-08-21,
7,กาฬสินธุ์,กาฬสินธุ์,10709,รัฐในสังกัดสป.สธ.,รพท.,ขั้นมาตรฐาน,2024-04-11,2027-04-10,
7,กาฬสินธุ์,กาฬสินธุ์-ธนบุรี โรงพยาบาลทั่วไปขนาดกลาง,41639,เอกชน,เอกชน,ไม่มีขั้น,2022-01-26,2023-01-25,
7,กาฬสินธุ์,เขาวง,11080,รัฐในสังกัดสป.สธ.,รพช.,ขั้นมาตรฐาน,2024-11-12,2027-11-11,
7,กาฬสินธุ์,คำม่วง,11084,รัฐในสังกัดสป.สธ.,รพช.,ขั้นมาตรฐาน,2024-04-24,2027-04-23,
7,กาฬสินธุ์,ฆ้องชัย,28789,รัฐในสังกัดสป.สธ.,รพช.,ขั้นมาตรฐาน,2025-07-08,2028-07-07,
7,กาฬสินธุ์,ดอนจาน,28790,รัฐในสังกัดสป.สธ.,รพช.,ไม่มีขั้น,,,
7,กาฬสินธุ์,ท่าคันโท,11085,รัฐในสังกัดสป.สธ.,รพช.,ขั้นมาตรฐาน,2025-07-22,2028-07-21,
7,กาฬสินธุ์,ธีรวัฒน์โรงพยาบาลทั่วไปขนาดกลาง,11965,เอกชน,สมาคมโรงพยาบาลเอกชน,ไม่มีขั้น,2010-07-30,2011-07-29,
7,กาฬสินธุ์,นาคู,28017,รัฐในสังกัดสป.สธ.,รพช.,ขั้นพัฒนา ขั้นที่ 2,2026-03-25,2028-03-24,
7,กาฬสินธุ์,นามน,11077,รัฐในสังกัดสป.สธ.,รพช.,ขั้นมาตรฐาน,2024-05-28,2027-05-27,
7,กาฬสินธุ์,ยางตลาด,11081,รัฐในสังกัดสป.สธ.,รพช.,ขั้นมาตรฐาน,2024-08-27,2027-08-26,
7,กาฬสินธุ์,ร่องคำ,11079,รัฐในสังกัดสป.สธ.,รพช.,ขั้นมาตรฐาน,2025-01-28,2028-01-27,
7,กาฬสินธุ์,สมเด็จ,11087,รัฐในสังกัดสป.สธ.,รพช.,ขั้นมาตรฐาน,2025-07-08,2028-07-07,
7,กาฬสินธุ์,สมเด็จพระยุพราชกุฉินารายณ์,11449,รัฐในสังกัดสป.สธ.,รพท.,ขั้นมาตรฐาน,2024-03-24,2027-03-23,
7,กาฬสินธุ์,สหัสขันธ์,11083,รัฐในสังกัดสป.สธ.,รพช.,อยู่ระหว่างกระบวนการต่ออายุ,2023-06-26,2026-06-26,
7,กาฬสินธุ์,สามชัย,28791,รัฐในสังกัดสป.สธ.,รพช.,ขั้นมาตรฐาน,2026-04-28,2029-04-27,
7,กาฬสินธุ์,หนองกุงศรี,11086,รัฐในสังกัดสป.สธ.,รพช.,อยู่ระหว่างกระบวนการต่ออายุ,2023-05-27,2026-05-26,
7,กาฬสินธุ์,ห้วยผึ้ง,11088,รัฐในสังกัดสป.สธ.,รพช.,ขั้นมาตรฐาน,2024-06-11,2027-06-10,
7,กาฬสินธุ์,ห้วยเม็ก,11082,รัฐในสังกัดสป.สธ.,รพช.,ขั้นมาตรฐาน,2024-04-10,2027-04-09,
7,ขอนแก่น,กรุงเทพขอนแก่นโรงพยาบาลทั่วไปขนาดใหญ่,31156,เอกชน,เอกชน,ขั้นมาตรฐาน,2026-02-11,2029-02-10,
7,ขอนแก่น,ขอนแก่น,10670,รัฐในสังกัดสป.สธ.,รพศ.,ขั้นก้าวหน้า,2024-07-20,2028-07-19,
7,ขอนแก่น,ขอนแก่นรามโรงพยาบาลทั่วไปขนาดใหญ่,11936,เอกชน,สมาคมโรงพยาบาลเอกชน,ไม่มีขั้น,,,
7,ขอนแก่น,เขาสวนกวาง,11011,รัฐในสังกัดสป.สธ.,รพช.,ขั้นมาตรฐาน,2025-03-25,2028-03-24,
7,ขอนแก่น,ค่ายศรีพัชรินทร,11497,กระทรวงกลาโหม,กรมแพทย์ทหารบก,ขั้นมาตรฐาน,2024-05-01,2027-04-30,
7,ขอนแก่น,โคกโพธิ์ไชย,77651,รัฐในสังกัดสป.สธ.,รพช.,ขั้นพัฒนา ขั้นที่ 1,2025-08-25,2026-08-24,
7,ขอนแก่น,จิตเวชขอนแก่นราชนครินทร์,12272,รัฐในสังกัด สธ.,กรมสุขภาพจิต,ขั้นมาตรฐาน,2025-07-22,2028-07-21,
7,ขอนแก่น,ชนบท,11010,รัฐในสังกัดสป.สธ.,รพช.,ขั้นมาตรฐาน,2024-06-12,2027-06-11,
7,ขอนแก่น,ชุมแพ,10998,รัฐในสังกัดสป.สธ.,รพท.,ขั้นมาตรฐาน,2023-09-26,2026-09-25,
7,ขอนแก่น,ซำสูง,14132,รัฐในสังกัดสป.สธ.,รพช.,ขั้นมาตรฐาน,2023-11-21,2026-11-20,
7,ขอนแก่น,ทันตกรรม คณะทันตแพทยศาสตร์  มหาวิทยาลัยขอนแก่น,15270,กระทรวงการอุดมศึกษา วิทยาศาสตร์ วิจัยและนวัตกรรม,กระทรวงการอุดมศึกษา วิทยาศาสตร์ วิจัยและนวัตกรรม,ขั้นมาตรฐาน,2026-01-13,2029-01-12,
7,ขอนแก่น,ธัญญารักษ์ขอนแก่น,14196,รัฐในสังกัด สธ.,กรมการแพทย์,ขั้นมาตรฐาน,2023-08-13,2026-08-12,
7,ขอนแก่น,น้ำพอง,11000,รัฐในสังกัดสป.สธ.,รพช.,ขั้นมาตรฐาน,2026-01-27,2029-01-26,
7,ขอนแก่น,โนนศิลา,77652,รัฐในสังกัดสป.สธ.,รพช.,ขั้นพัฒนา ขั้นที่ 2,2025-02-21,2027-02-20,
7,ขอนแก่น,บ้านไผ่,11002,รัฐในสังกัดสป.สธ.,รพช.,ขั้นมาตรฐาน,2025-06-10,2028-06-09,
7,ขอนแก่น,บ้านฝาง,10995,รัฐในสังกัดสป.สธ.,รพช.,ขั้นมาตรฐาน,2024-10-22,2027-10-21,
7,ขอนแก่น,เปือยน้อย,11003,รัฐในสังกัดสป.สธ.,รพช.,ขั้นมาตรฐาน,2023-08-08,2026-08-07,
7,ขอนแก่น,พระยืน,10996,รัฐในสังกัดสป.สธ.,รพช.,ขั้นมาตรฐาน,2024-03-27,2027-03-26,
7,ขอนแก่น,พล,11004,รัฐในสังกัดสป.สธ.,รพช.,ขั้นมาตรฐาน,2025-02-25,2028-02-24,
7,ขอนแก่น,ภูผาม่าน,11012,รัฐในสังกัดสป.สธ.,รพช.,ขั้นมาตรฐาน,2023-10-10,2026-10-09,
7,ขอนแก่น,ภูเวียง,11008,รัฐในสังกัดสป.สธ.,รพช.,ขั้นมาตรฐาน,2024-08-13,2027-08-12,
7,ขอนแก่น,มัญจาคีรี,11009,รัฐในสังกัดสป.สธ.,รพช.,ขั้นมาตรฐาน,2024-09-10,2027-09-09,
7,ขอนแก่น,ราชพฤกษ์ ขอนแก่น โรงพยาบาลทั่วไปขนาดใหญ่,41573,เอกชน,เอกชน,ไม่มีขั้น,2006-06-17,2007-06-16,
7,ขอนแก่น,เวียงเก่า,77650,รัฐในสังกัดสป.สธ.,รพช.,ขั้นพัฒนา ขั้นที่ 2,2025-08-25,2027-08-24,
7,ขอนแก่น,แวงน้อย,11006,รัฐในสังกัดสป.สธ.,รพช.,ขั้นมาตรฐาน,2025-06-10,2028-06-09,
7,ขอนแก่น,แวงใหญ่,11005,รัฐในสังกัดสป.สธ.,รพช.,ขั้นมาตรฐาน,2023-07-25,2026-07-24,
7,ขอนแก่น,ศรีนครินทร์ คณะแพทยศาสตร์ มหาวิทยาลัยขอนแก่น,13777,กระทรวงการอุดมศึกษา วิทยาศาสตร์ วิจัยและนวัตกรรม,โรงเรียนแพทย์,ขั้นก้าวหน้า,2025-12-19,2029-12-18,
7,ขอนแก่น,ศูนย์หัวใจสิริกิติ์ ภาคตะวันออกเฉียงเหนือ คณะแพทยศาสตร์ มหาวิทยาลัยขอนแก่น,14584,กระทรวงการอุดมศึกษา วิทยาศาสตร์ วิจัยและนวัตกรรม,กระทรวงการอุดมศึกษา วิทยาศาสตร์ วิจัยและนวัตกรรม,ขั้นก้าวหน้า,2024-02-16,2028-02-15,
7,ขอนแก่น,ส่งเสริมสุขภาพ ศูนย์อนามัยที่ 7 ขอนแก่น,12273,รัฐในสังกัด สธ.,กรมอนามัย,ขั้นพัฒนา ขั้นที่ 2,2024-09-25,2026-09-24,
7,ขอนแก่น,สถาบันสุขภาพจิตเด็กและวัยรุ่นภาคตะวันออกเฉียงเหนือ,24746,รัฐในสังกัด สธ.,กรมสุขภาพจิต,ขั้นมาตรฐาน,2025-11-11,2028-11-10,
7,ขอนแก่น,สมเด็จพระยุพราชกระนวน,11445,รัฐในสังกัดสป.สธ.,รพช.,ขั้นมาตรฐาน,2025-01-14,2028-01-13,
7,ขอนแก่น,สิรินธร,12275,รัฐในสังกัดสป.สธ.,รพท.,ขั้นมาตรฐาน,2025-03-25,2028-03-24,
7,ขอนแก่น,สีชมพู,10999,รัฐในสังกัดสป.สธ.,รพช.,ขั้นมาตรฐาน,2025-01-28,2028-01-27,
7,ขอนแก่น,หนองนาคำ,77649,รัฐในสังกัดสป.สธ.,รพช.,ขั้นพัฒนา ขั้นที่ 2,2025-08-25,2027-08-24,
7,ขอนแก่น,หนองเรือ,10997,รัฐในสังกัดสป.สธ.,รพช.,ขั้นมาตรฐาน,2024-04-24,2027-04-23,
7,ขอนแก่น,หนองสองห้อง,11007,รัฐในสังกัดสป.สธ.,รพช.,ขั้นมาตรฐาน,2023-09-23,2026-09-22,
7,ขอนแก่น,อุบลรัตน์,11001,รัฐในสังกัดสป.สธ.,รพช.,ขั้นมาตรฐาน,2024-08-13,2027-08-12,
7,มหาสารคาม,กันทรวิชัย,11053,รัฐในสังกัดสป.สธ.,รพช.,ขั้นมาตรฐาน,2026-05-26,2029-05-25,
7,มหาสารคาม,กุดรัง,24704,รัฐในสังกัดสป.สธ.,รพช.,ขั้นมาตรฐาน,2026-03-24,2029-03-23,
7,มหาสารคาม,แกดำ,11051,รัฐในสังกัดสป.สธ.,รพช.,ขั้นมาตรฐาน,2025-10-14,2028-10-13,
7,มหาสารคาม,โกสุมพิสัย,11052,รัฐในสังกัดสป.สธ.,รพช.,ขั้นมาตรฐาน,2024-09-24,2027-09-23,
7,มหาสารคาม,ชื่นชม,28843,รัฐในสังกัดสป.สธ.,รพช.,ขั้นพัฒนา ขั้นที่ 1,2025-10-27,2026-10-26,
7,มหาสารคาม,เชียงยืน,11054,รัฐในสังกัดสป.สธ.,รพช.,ขั้นมาตรฐาน,2025-01-29,2028-01-28,
7,มหาสารคาม,นาเชือก,11056,รัฐในสังกัดสป.สธ.,รพช.,ขั้นมาตรฐาน,2024-02-13,2027-02-12,
7,มหาสารคาม,นาดูน,11059,รัฐในสังกัดสป.สธ.,รพช.,ขั้นมาตรฐาน,2025-03-25,2028-03-24,
7,มหาสารคาม,บรบือ,11055,รัฐในสังกัดสป.สธ.,รพช.,ขั้นมาตรฐาน,2025-01-28,2028-01-27,
7,มหาสารคาม,พยัคฆภูมิพิสัย,11057,รัฐในสังกัดสป.สธ.,รพช.,ขั้นมาตรฐาน,2025-11-25,2028-11-24,
7,มหาสารคาม,มหาสารคาม,10707,รัฐในสังกัดสป.สธ.,รพท.,ขั้นก้าวหน้า,2026-02-20,2030-02-19,
7,มหาสารคาม,มหาสารคามอินเตอร์เนชั่นแนล,24674,เอกชน,เอกชน,ขั้นมาตรฐาน,2026-06-23,2029-06-22,
7,มหาสารคาม,ยางสีสุราช,11060,รัฐในสังกัดสป.สธ.,รพช.,ขั้นมาตรฐาน,2026-04-07,2029-04-06,
7,มหาสารคาม,วาปีปทุม,11058,รัฐในสังกัดสป.สธ.,รพช.,ขั้นมาตรฐาน,2023-07-25,2026-07-24,
7,มหาสารคาม,สุทธาเวช คณะแพทยศาสตร์ มหาวิทยาลัยมหาสารคาม,22953,กระทรวงการอุดมศึกษา วิทยาศาสตร์ วิจัยและนวัตกรรม,โรงเรียนแพทย์,ขั้นมาตรฐาน,2025-11-11,2028-11-10,
7,ร้อยเอ็ด,เกษตรวิสัย,11061,รัฐในสังกัดสป.สธ.,รพช.,ขั้นมาตรฐาน,2025-07-22,2028-07-21,
7,ร้อยเอ็ด,ค่ายสมเด็จพระพุทธยอดฟ้าจุฬาโลกมหาราช,11504,กระทรวงกลาโหม,กรมแพทย์ทหารบก,ขั้นมาตรฐาน,2025-01-28,2028-01-27,
7,ร้อยเอ็ด,จตุรพักตรพิมาน,11063,รัฐในสังกัดสป.สธ.,รพช.,อยู่ระหว่างกระบวนการต่ออายุ,2023-06-10,2026-06-09,
7,ร้อยเอ็ด,จังหาร,11076,รัฐในสังกัดสป.สธ.,รพช.,ขั้นมาตรฐาน,2025-10-14,2028-10-13,
7,ร้อยเอ็ด,เชียงขวัญ,27989,รัฐในสังกัดสป.สธ.,รพช.,ขั้นพัฒนา ขั้นที่ 1,2025-10-27,2026-10-26,
7,ร้อยเอ็ด,ทั่วไปขนาดใหญ่จุรีเวช,11964,เอกชน,สมาคมโรงพยาบาลเอกชน,ขั้นพัฒนา ขั้นที่ 2,2024-08-23,2026-08-22,
7,ร้อยเอ็ด,ทุ่งเขาหลวง,27988,รัฐในสังกัดสป.สธ.,รพช.,ขั้นมาตรฐาน,2025-10-28,2028-10-27,
7,ร้อยเอ็ด,ธวัชบุรี,11064,รัฐในสังกัดสป.สธ.,รพช.,ไม่มีขั้น,2025-05-26,2026-05-25,
7,ร้อยเอ็ด,ปทุมรัตต์,11062,รัฐในสังกัดสป.สธ.,รพช.,ขั้นมาตรฐาน,2024-11-26,2027-11-25,
7,ร้อยเอ็ด,พนมไพร,11065,รัฐในสังกัดสป.สธ.,รพช.,ขั้นมาตรฐาน,2024-12-24,2027-12-23,
7,ร้อยเอ็ด,โพธิ์ชัย,11067,รัฐในสังกัดสป.สธ.,รพช.,ขั้นมาตรฐาน,2025-01-14,2028-01-13,
7,ร้อยเอ็ด,โพนทราย,11072,รัฐในสังกัดสป.สธ.,รพช.,ขั้นมาตรฐาน,2026-02-11,2029-02-10,
7,ร้อยเอ็ด,โพนทอง,11066,รัฐในสังกัดสป.สธ.,รพช.,ขั้นมาตรฐาน,2025-01-28,2028-01-27,
7,ร้อยเอ็ด,เมยวดี,11074,รัฐในสังกัดสป.สธ.,รพช.,ขั้นมาตรฐาน,2025-07-08,2028-07-07,
7,ร้อยเอ็ด,เมืองสรวง,11071,รัฐในสังกัดสป.สธ.,รพช.,อยู่ระหว่างกระบวนการต่ออายุ,2023-05-26,2026-05-25,
7,ร้อยเอ็ด,ร้อยเอ็ด,10708,รัฐในสังกัดสป.สธ.,รพศ.,ขั้นมาตรฐาน,2025-10-14,2028-10-13,
7,ร้อยเอ็ด,ร้อยเอ็ด-ธนบุรีโรงพยาบาลทั่วไปขนาดใหญ่,11963,เอกชน,เอกชน,ไม่มีขั้น,2007-09-09,2008-09-08,
7,ร้อยเอ็ด,ศรีสมเด็จ,11075,รัฐในสังกัดสป.สธ.,รพช.,ขั้นมาตรฐาน,2025-04-22,2028-04-21,
7,ร้อยเอ็ด,สุวรรณภูมิ,11070,รัฐในสังกัดสป.สธ.,รพช.,ขั้นมาตรฐาน,2024-04-11,2027-04-10,
7,ร้อยเอ็ด,เสลภูมิ,11069,รัฐในสังกัดสป.สธ.,รพช.,ขั้นมาตรฐาน,2024-10-08,2027-10-07,
7,ร้อยเอ็ด,หนองพอก,11068,รัฐในสังกัดสป.สธ.,รพช.,ขั้นมาตรฐาน,2025-12-09,2028-12-08,
7,ร้อยเอ็ด,หนองฮี,27990,รัฐในสังกัดสป.สธ.,รพช.,ขั้นมาตรฐาน,2024-12-24,2027-12-23,
7,ร้อยเอ็ด,อาจสามารถ,11073,รัฐในสังกัดสป.สธ.,รพช.,ขั้นมาตรฐาน,2024-06-25,2027-06-24,
8,นครพนม,ค่ายพระยอดเมืองขวาง,11506,กระทรวงกลาโหม,กรมแพทย์ทหารบก,ขั้นมาตรฐาน,2024-09-24,2027-09-23,
8,นครพนม,จิตเวชนครพนมราชนครินทร์,12277,รัฐในสังกัด สธ.,กรมสุขภาพจิต,อยู่ระหว่างกระบวนการต่ออายุ,2023-05-26,2026-05-25,
8,นครพนม,ท่าอุเทน,11105,รัฐในสังกัดสป.สธ.,รพช.,ขั้นมาตรฐาน,2024-04-24,2027-04-23,
8,นครพนม,นครพนม,10711,รัฐในสังกัดสป.สธ.,รพท.,ขั้นมาตรฐาน,2024-04-10,2027-04-09,
8,นครพนม,นาแก,11109,รัฐในสังกัดสป.สธ.,รพช.,ขั้นมาตรฐาน,2024-11-12,2027-11-11,
8,นครพนม,นาทม,11107,รัฐในสังกัดสป.สธ.,รพช.,ขั้นมาตรฐาน,2025-08-05,2028-08-04,
8,นครพนม,นาหว้า,11111,รัฐในสังกัดสป.สธ.,รพช.,ขั้นมาตรฐาน,2025-11-11,2028-11-10,
8,นครพนม,บ้านแพง,11106,รัฐในสังกัดสป.สธ.,รพช.,ขั้นมาตรฐาน,2026-05-09,2029-05-08,
8,นครพนม,ปลาปาก,11104,รัฐในสังกัดสป.สธ.,รพช.,ขั้นมาตรฐาน,2024-11-12,2027-11-11,
8,นครพนม,โพนสวรรค์,11112,รัฐในสังกัดสป.สธ.,รพช.,ไม่มีขั้น,2023-02-18,2026-02-17,
8,นครพนม,เรณูนคร,11108,รัฐในสังกัดสป.สธ.,รพช.,ขั้นมาตรฐาน,2026-06-10,2029-06-09,
8,นครพนม,วังยาง,40840,รัฐในสังกัดสป.สธ.,รพช.,ขั้นมาตรฐาน,2024-10-08,2027-10-07,
8,นครพนม,ศรีสงคราม,11110,รัฐในสังกัดสป.สธ.,รพช.,ขั้นมาตรฐาน,2026-04-07,2029-04-06,
8,นครพนม,สมเด็จพระยุพราชธาตุพนม,11451,รัฐในสังกัดสป.สธ.,รพช.,ขั้นมาตรฐาน,2025-12-23,2028-12-22,
8,บึงกาฬ,เซกา,11046,รัฐในสังกัดสป.สธ.,รพช.,ไม่มีขั้น,2019-10-08,2022-10-07,
8,บึงกาฬ,โซ่พิสัย,11043,รัฐในสังกัดสป.สธ.,รพช.,ไม่มีขั้น,2021-06-13,2023-06-12,
8,บึงกาฬ,บึงกาฬ,11040,รัฐในสังกัดสป.สธ.,รพท.,ขั้นมาตรฐาน,2026-04-07,2029-04-06,
8,บึงกาฬ,บึงโขงหลง,11048,รัฐในสังกัดสป.สธ.,รพช.,ขั้นมาตรฐาน,2025-04-08,2028-04-07,
8,บึงกาฬ,บุ่งคล้า,11050,รัฐในสังกัดสป.สธ.,รพช.,ไม่มีขั้น,2019-09-24,2021-09-23,
8,บึงกาฬ,ปากคาด,11047,รัฐในสังกัดสป.สธ.,รพช.,ขั้นมาตรฐาน,2025-06-24,2028-06-23,
8,บึงกาฬ,พรเจริญ,11041,รัฐในสังกัดสป.สธ.,รพช.,ขั้นมาตรฐาน,2024-03-24,2027-03-23,
8,บึงกาฬ,ศรีวิไล,11049,รัฐในสังกัดสป.สธ.,รพช.,ขั้นมาตรฐาน,2026-05-26,2030-05-25,
8,เลย,ค่ายศรีสองรัก,11502,กระทรวงกลาโหม,กรมแพทย์ทหารบก,ขั้นมาตรฐาน,2024-02-21,2027-02-20,
8,เลย,จิตเวชเลยราชนครินทร์,14644,รัฐในสังกัด สธ.,กรมสุขภาพจิต,ขั้นมาตรฐาน,2026-04-07,2029-04-06,
8,เลย,เชียงคาน,11031,รัฐในสังกัดสป.สธ.,รพช.,ขั้นมาตรฐาน,2025-05-13,2028-05-12,
8,เลย,ท่าลี่,11035,รัฐในสังกัดสป.สธ.,รพช.,ขั้นมาตรฐาน,2025-08-24,2028-08-23,
8,เลย,นาด้วง,11030,รัฐในสังกัดสป.สธ.,รพช.,ขั้นมาตรฐาน,2026-06-23,2029-06-22,
8,เลย,นาแห้ว,11033,รัฐในสังกัดสป.สธ.,รพช.,ขั้นมาตรฐาน,2023-11-25,2026-11-24,
8,เลย,ปากชม,11032,รัฐในสังกัดสป.สธ.,รพช.,ขั้นมาตรฐาน,2025-10-14,2028-10-13,
8,เลย,ผาขาว,11039,รัฐในสังกัดสป.สธ.,รพช.,ขั้นมาตรฐาน,2024-01-23,2027-01-22,
8,เลย,ภูกระดึง,11037,รัฐในสังกัดสป.สธ.,รพช.,ขั้นมาตรฐาน,2023-07-12,2026-07-11,
8,เลย,ภูเรือ,11034,รัฐในสังกัดสป.สธ.,รพช.,ขั้นมาตรฐาน,2024-08-13,2027-08-12,
8,เลย,ภูหลวง,11038,รัฐในสังกัดสป.สธ.,รพช.,ขั้นมาตรฐาน,2026-02-10,2029-02-09,
8,เลย,เมืองเลยราม,11955,เอกชน,สมาคมโรงพยาบาลเอกชน,ไม่มีขั้น,,,
8,เลย,เลย,10705,รัฐในสังกัดสป.สธ.,รพท.,ขั้นมาตรฐาน,2023-07-25,2026-07-24,
8,เลย,วังสะพุง,11036,รัฐในสังกัดสป.สธ.,รพช.,ขั้นมาตรฐาน,2026-01-27,2029-01-26,
8,เลย,สมเด็จพระยุพราชด่านซ้าย,11447,รัฐในสังกัดสป.สธ.,รพช.,ขั้นมาตรฐาน,2024-11-26,2027-11-25,
8,เลย,หนองหิน,28861,รัฐในสังกัดสป.สธ.,รพช.,ขั้นมาตรฐาน,2024-05-28,2027-05-27,
8,เลย,เอราวัณ,14133,รัฐในสังกัดสป.สธ.,รพช.,อยู่ระหว่างกระบวนการต่ออายุ,2023-06-10,2026-06-09,
8,สกลนคร,การแพทย์แผนไทยและการแพทย์ผสมผสานด้านมะเร็ง สกลนคร อโรคยศาล วัดคำประมง,28879,รัฐในสังกัด สธ.,กรมการแพทย์ไทยและการแพทย์ทางเลือก,ไม่มีขั้น,,,
8,สกลนคร,การแพทย์แผนไทยสกลนคร หลวงปู่แฟ๊ป สุภัทโท,24976,กระทรวงการอุดมศึกษา วิทยาศาสตร์ วิจัยและนวัตกรรม,กระทรวงการอุดมศึกษา วิทยาศาสตร์ วิจัยและนวัตกรรม,ไม่มีขั้น,,,
8,สกลนคร,กุดบาก,11090,รัฐในสังกัดสป.สธ.,รพช.,ขั้นมาตรฐาน,2025-04-22,2028-04-21,
8,สกลนคร,กุสุมาลย์,11089,รัฐในสังกัดสป.สธ.,รพช.,อยู่ระหว่างกระบวนการต่ออายุ,2023-04-28,2026-04-27,
8,สกลนคร,ค่ายกฤษณ์สีวะรา,11505,กระทรวงกลาโหม,กรมแพทย์ทหารบก,อยู่ระหว่างกระบวนการต่ออายุ,2023-06-27,2026-06-26,
8,สกลนคร,คำตากล้า,11096,รัฐในสังกัดสป.สธ.,รพช.,ขั้นมาตรฐาน,2025-04-08,2028-04-07,
8,สกลนคร,โคกศรีสุพรรณ,11101,รัฐในสังกัดสป.สธ.,รพช.,ขั้นมาตรฐาน,2024-05-01,2027-04-30,
8,สกลนคร,เจริญศิลป์,11102,รัฐในสังกัดสป.สธ.,รพช.,ขั้นมาตรฐาน,2023-09-19,2026-09-18,
8,สกลนคร,เต่างอย,11100,รัฐในสังกัดสป.สธ.,รพช.,ไม่มีขั้น,2023-05-26,2026-05-25,
8,สกลนคร,นิคมน้ำอูน,11094,รัฐในสังกัดสป.สธ.,รพช.,ขั้นมาตรฐาน,2024-03-24,2027-03-23,
8,สกลนคร,พระอาจารย์แบน ธนากโร,21323,รัฐในสังกัดสป.สธ.,รพช.,ขั้นมาตรฐาน,2024-11-12,2027-11-11,
8,สกลนคร,พระอาจารย์ฝั้น อาจาโร,11091,รัฐในสังกัดสป.สธ.,รพช.,ขั้นมาตรฐาน,2023-08-22,2026-08-21,
8,สกลนคร,พระอาจารย์มั่น ภูริทัตโต,11097,รัฐในสังกัดสป.สธ.,รพช.,ขั้นมาตรฐาน,2025-06-24,2028-06-23,
8,สกลนคร,พระอาจารย์วัน อุตฺตโม,11099,รัฐในสังกัดสป.สธ.,รพช.,ไม่มีขั้น,2022-10-29,2025-10-28,
8,สกลนคร,พริ้นซ์ สกลนครโรงพยาบาลทั่วไปขนาดกลาง,43935,เอกชน,เอกชน,ขั้นพัฒนา ขั้นที่ 2,2024-08-23,2026-08-22,
8,สกลนคร,พังโคน,11092,รัฐในสังกัดสป.สธ.,รพช.,ขั้นมาตรฐาน,2025-05-27,2028-05-26,
8,สกลนคร,โพนนาแก้ว,11103,รัฐในสังกัดสป.สธ.,รพช.,ขั้นมาตรฐาน,2026-03-24,2029-03-23,
8,สกลนคร,รักษ์สกลโรงพยาบาลทั่วไปขนาดเล็ก,11968,เอกชน,สมาคมโรงพยาบาลเอกชน,ขั้นพัฒนา ขั้นที่ 2,2026-01-26,2028-01-25,
8,สกลนคร,วานรนิวาส,11095,รัฐในสังกัดสป.สธ.,รพท.,ขั้นมาตรฐาน,2026-01-21,2029-01-20,
8,สกลนคร,วาริชภูมิ,11093,รัฐในสังกัดสป.สธ.,รพช.,ขั้นมาตรฐาน,2026-04-28,2029-04-27,
8,สกลนคร,สกลนคร,10710,รัฐในสังกัดสป.สธ.,รพศ.,ขั้นมาตรฐาน,2025-10-14,2028-10-13,
8,สกลนคร,สมเด็จพระยุพราชสว่างแดนดิน,11450,รัฐในสังกัดสป.สธ.,รพท.,ขั้นมาตรฐาน,2025-01-14,2028-01-13,
8,สกลนคร,อากาศอำนวย,11098,รัฐในสังกัดสป.สธ.,รพช.,ขั้นมาตรฐาน,2024-08-27,2027-08-26,
8,หนองคาย,ทั่วไปรวมแพทย์หนองคายขนาดกลาง,11956,เอกชน,เอกชน,ไม่มีขั้น,,,
8,หนองคาย,เฝ้าไร่,28811,รัฐในสังกัดสป.สธ.,รพช.,อยู่ระหว่างกระบวนการต่ออายุ,2023-04-26,2026-04-25,
8,หนองคาย,พิสัยเวชโรงพยาบาลทั่วไปขนาดกลาง,14558,เอกชน,เอกชน,ไม่มีขั้น,2017-09-06,2018-09-05,
8,หนองคาย,โพธิ์ตาก,28778,รัฐในสังกัดสป.สธ.,รพช.,ขั้นมาตรฐาน,2023-12-13,2026-12-12,
8,หนองคาย,โพนพิสัย,11042,รัฐในสังกัดสป.สธ.,รพช.,ขั้นมาตรฐาน,2024-08-27,2027-08-26,
8,หนองคาย,รัตนวาปี,28815,รัฐในสังกัดสป.สธ.,รพช.,ขั้นมาตรฐาน,2026-06-09,2029-06-08,
8,หนองคาย,ศรีเชียงใหม่,11044,รัฐในสังกัดสป.สธ.,รพช.,ขั้นมาตรฐาน,2026-05-26,2029-05-25,
8,หนองคาย,สมเด็จพระยุพราชท่าบ่อ,11448,รัฐในสังกัดสป.สธ.,รพท.,ขั้นมาตรฐาน,2025-12-24,2028-12-23,
8,หนองคาย,สระใคร,21356,รัฐในสังกัดสป.สธ.,รพช.,อยู่ระหว่างกระบวนการต่ออายุ,2023-06-27,2026-06-26,
8,หนองคาย,สังคม,11045,รัฐในสังกัดสป.สธ.,รพช.,ขั้นมาตรฐาน,2026-02-10,2029-02-09,
8,หนองคาย,หนองคาย,10706,รัฐในสังกัดสป.สธ.,รพท.,ขั้นมาตรฐาน,2023-08-08,2026-08-07,
8,หนองคาย,หนองคาย-วัฒนาโรงพยาบาลทั่วไปขนาดใหญ่,11957,เอกชน,เอกชน,ขั้นมาตรฐาน,2024-12-17,2027-12-16,
8,หนองบัวลำภู,นากลาง,10991,รัฐในสังกัดสป.สธ.,รพช.,ขั้นมาตรฐาน,2025-06-24,2028-06-23,
8,หนองบัวลำภู,นาวังเฉลิมพระเกียรติ ๘๐ พรรษา,23367,รัฐในสังกัดสป.สธ.,รพช.,ขั้นมาตรฐาน,2024-11-12,2027-11-11,
8,หนองบัวลำภู,โนนสัง,10992,รัฐในสังกัดสป.สธ.,รพช.,ขั้นมาตรฐาน,2025-12-09,2028-12-08,
8,หนองบัวลำภู,วีระพลการแพทย์,11924,เอกชน,เอกชน,ขั้นพัฒนา ขั้นที่ 2,2025-11-25,2027-11-24,
8,หนองบัวลำภู,ศรีบุญเรือง,10993,รัฐในสังกัดสป.สธ.,รพช.,ขั้นมาตรฐาน,2026-01-27,2029-01-26,
8,หนองบัวลำภู,สุวรรณคูหา,10994,รัฐในสังกัดสป.สธ.,รพช.,อยู่ระหว่างกระบวนการต่ออายุ,2023-05-12,2026-05-11,
8,หนองบัวลำภู,หนองบัวลำภู,10704,รัฐในสังกัดสป.สธ.,รพท.,ขั้นมาตรฐาน,2025-01-28,2028-01-27,
8,อุดรธานี,กรุงเทพอุดรโรงพยาบาลทั่วไปขนาดใหญ่,11953,เอกชน,เอกชน,ขั้นมาตรฐาน,2025-09-23,2028-09-22,
8,อุดรธานี,กองบิน 23,11499,กระทรวงกลาโหม,กรมแพทย์ทหารอากาศ,ไม่มีขั้น,2023-04-25,2024-04-24,
8,อุดรธานี,กุดจับ,11013,รัฐในสังกัดสป.สธ.,รพช.,ขั้นมาตรฐาน,2024-11-26,2027-11-25,
8,อุดรธานี,กุมภวาปี,11015,รัฐในสังกัดสป.สธ.,รพท.,ขั้นมาตรฐาน,2025-05-27,2028-05-26,
8,อุดรธานี,กู่แก้ว,25058,รัฐในสังกัดสป.สธ.,รพช.,ขั้นมาตรฐาน,2025-01-14,2028-01-13,
8,อุดรธานี,ค่ายประจักษ์ศิลปาคม,11501,กระทรวงกลาโหม,กรมแพทย์ทหารบก,ขั้นมาตรฐาน,2025-10-28,2029-10-27,
8,อุดรธานี,ไชยวาน,11020,รัฐในสังกัดสป.สธ.,รพช.,ขั้นมาตรฐาน,2024-11-12,2027-11-11,
8,อุดรธานี,ทุ่งฝน,11019,รัฐในสังกัดสป.สธ.,รพช.,ขั้นมาตรฐาน,2025-01-10,2028-01-09,
8,อุดรธานี,ธัญญารักษ์อุดรธานี,23951,รัฐในสังกัด สธ.,กรมการแพทย์,ขั้นมาตรฐาน,2024-05-01,2027-04-30,
8,อุดรธานี,นอร์ทอีสเทอร์น วัฒนาโรงพยาบาลทั่วไปขนาดใหญ่,11939,เอกชน,สมาคมโรงพยาบาลเอกชน,ขั้นมาตรฐาน,2024-02-13,2027-02-12,
8,อุดรธานี,นายูง,11028,รัฐในสังกัดสป.สธ.,รพช.,ขั้นมาตรฐาน,2025-11-11,2028-11-10,
8,อุดรธานี,น้ำโสม,11024,รัฐในสังกัดสป.สธ.,รพช.,ขั้นมาตรฐาน,2024-11-12,2027-11-11,
8,อุดรธานี,โนนสะอาด,11017,รัฐในสังกัดสป.สธ.,รพช.,ขั้นมาตรฐาน,2024-09-24,2027-09-23,
8,อุดรธานี,บ้านผือ,11023,รัฐในสังกัดสป.สธ.,รพช.,ขั้นมาตรฐาน,2023-07-15,2026-07-14,
8,อุดรธานี,ประจักษ์ศิลปาคม,25059,รัฐในสังกัดสป.สธ.,รพช.,ขั้นมาตรฐาน,2023-11-29,2026-11-28,
8,อุดรธานี,พิบูลย์รักษ์,11029,รัฐในสังกัดสป.สธ.,รพช.,ขั้นมาตรฐาน,2024-10-22,2027-10-21,
8,อุดรธานี,เพ็ญ,11025,รัฐในสังกัดสป.สธ.,รพช.,ขั้นมาตรฐาน,2024-04-10,2027-04-09,
8,อุดรธานี,มะเร็งอุดรธานี,12276,รัฐในสังกัด สธ.,กรมการแพทย์,ขั้นมาตรฐาน,2023-07-22,2026-07-21,
8,อุดรธานี,วังสามหมอ,11022,รัฐในสังกัดสป.สธ.,รพช.,ขั้นมาตรฐาน,2024-02-13,2027-02-12,
8,อุดรธานี,ศรีธาตุ,11021,รัฐในสังกัดสป.สธ.,รพช.,ขั้นมาตรฐาน,2024-03-24,2027-03-23,
8,อุดรธานี,ศูนย์การแพทย์แผนไทยและการแพทย์ทางเลือก เขตสุขภาพที่ 8 จังหวัดอุดรธานี,77474,รัฐในสังกัด สธ.,กรมการแพทย์ไทยและการแพทย์ทางเลือก,ขั้นพัฒนา ขั้นที่ 2,2025-09-25,2027-09-24,
8,อุดรธานี,สมเด็จพระยุพราชบ้านดุง,11446,รัฐในสังกัดสป.สธ.,รพช.,ขั้นมาตรฐาน,2023-11-25,2026-11-24,
8,อุดรธานี,สร้างคอม,11026,รัฐในสังกัดสป.สธ.,รพช.,ขั้นมาตรฐาน,2025-06-10,2028-06-09,
8,อุดรธานี,หนองวัวซอ,11014,รัฐในสังกัดสป.สธ.,รพช.,ขั้นมาตรฐาน,2025-05-27,2028-05-26,
8,อุดรธานี,หนองแสง,11027,รัฐในสังกัดสป.สธ.,รพช.,ขั้นมาตรฐาน,2025-01-14,2028-01-13,
8,อุดรธานี,หนองหาน,11018,รัฐในสังกัดสป.สธ.,รพช.,ขั้นมาตรฐาน,2024-05-01,2027-04-30,
8,อุดรธานี,ห้วยเกิ้ง,11016,รัฐในสังกัดสป.สธ.,รพช.,ขั้นมาตรฐาน,2024-01-23,2027-01-22,
8,อุดรธานี,อุดรธานี,10671,รัฐในสังกัดสป.สธ.,รพศ.,ขั้นมาตรฐาน,2024-09-10,2027-09-09,
8,อุดรธานี,เอกอุดร,11952,เอกชน,สมาคมโรงพยาบาลเอกชน,ไม่มีขั้น,,,
9,ชัยภูมิ,เกษตรสมบูรณ์,10972,รัฐในสังกัดสป.สธ.,รพช.,ขั้นมาตรฐาน,2025-04-22,2028-04-21,
9,ชัยภูมิ,แก้งคร้อ,10980,รัฐในสังกัดสป.สธ.,รพช.,ขั้นมาตรฐาน,2025-12-23,2028-12-22,
9,ชัยภูมิ,คอนสวรรค์,10971,รัฐในสังกัดสป.สธ.,รพช.,ขั้นมาตรฐาน,2024-07-23,2027-07-22,
9,ชัยภูมิ,คอนสาร,10981,รัฐในสังกัดสป.สธ.,รพช.,ขั้นมาตรฐาน,2026-01-21,2029-01-20,
9,ชัยภูมิ,จัตุรัส,10974,รัฐในสังกัดสป.สธ.,รพช.,ขั้นมาตรฐาน,2025-05-27,2028-05-26,
9,ชัยภูมิ,ชัยภูมิ,10702,รัฐในสังกัดสป.สธ.,รพศ.,ขั้นมาตรฐาน,2025-08-12,2028-08-11,
9,ชัยภูมิ,ชัยภูมิรวมแพทย์,22454,เอกชน,เอกชน,ไม่มีขั้น,2017-02-24,2018-02-23,
9,ชัยภูมิ,ชัยภูมิ-ราม,23757,เอกชน,เอกชน,ไม่มีขั้น,,,
9,ชัยภูมิ,ซับใหญ่,04007,รัฐในสังกัดสป.สธ.,รพช.,ขั้นมาตรฐาน,2023-11-29,2026-11-28,
9,ชัยภูมิ,เทพสถิต,10977,รัฐในสังกัดสป.สธ.,รพช.,ขั้นมาตรฐาน,2026-06-10,2029-06-09,
9,ชัยภูมิ,เนินสง่า,10983,รัฐในสังกัดสป.สธ.,รพช.,ขั้นมาตรฐาน,2025-08-27,2028-08-26,
9,ชัยภูมิ,บ้านเขว้า,10970,รัฐในสังกัดสป.สธ.,รพช.,ขั้นมาตรฐาน,2026-03-24,2029-03-23,
9,ชัยภูมิ,บ้านแท่น,10979,รัฐในสังกัดสป.สธ.,รพช.,ขั้นมาตรฐาน,2024-04-10,2027-04-09,
9,ชัยภูมิ,บำเหน็จณรงค์,10975,รัฐในสังกัดสป.สธ.,รพช.,ขั้นมาตรฐาน,2026-01-27,2029-01-26,
9,ชัยภูมิ,ภักดีชุมพล,10982,รัฐในสังกัดสป.สธ.,รพช.,ขั้นมาตรฐาน,2026-01-27,2029-01-26,
9,ชัยภูมิ,ภูเขียวเฉลิมพระเกียรติ,10978,รัฐในสังกัดสป.สธ.,รพท.,ขั้นมาตรฐาน,2023-04-28,2026-04-27,
9,ชัยภูมิ,หนองบัวแดง,10973,รัฐในสังกัดสป.สธ.,รพช.,ขั้นมาตรฐาน,2024-08-27,2027-08-26,
9,ชัยภูมิ,หนองบัวระเหว,10976,รัฐในสังกัดสป.สธ.,รพช.,ขั้นมาตรฐาน,2024-02-18,2027-02-17,
9,นครราชสีมา,กรุงเทพปากช่องโรงพยาบาลทั่วไปขนาดกลาง,14630,เอกชน,เอกชน,ขั้นมาตรฐาน,2024-03-26,2027-03-25,
9,นครราชสีมา,กรุงเทพราชสีมาโรงพยาบาลทั่วไปขนาดใหญ่,23928,เอกชน,สมาคมโรงพยาบาลเอกชน,อยู่ระหว่างกระบวนการต่ออายุ,2023-06-12,2026-06-11,
9,นครราชสีมา,กองบิน กองบิน 1,14161,กระทรวงกลาโหม,กรมแพทย์ทหารอากาศ,อยู่ระหว่างกระบวนการต่ออายุ,2023-05-10,2026-05-09,
9,นครราชสีมา,แก้งสนามนาง,10892,รัฐในสังกัดสป.สธ.,รพช.,ขั้นมาตรฐาน,2023-08-14,2026-08-13,
9,นครราชสีมา,ขามทะเลสอ,10888,รัฐในสังกัดสป.สธ.,รพช.,ขั้นมาตรฐาน,2026-03-24,2029-03-23,
9,นครราชสีมา,ขามสะแกแสง,10880,รัฐในสังกัดสป.สธ.,รพช.,ขั้นมาตรฐาน,2026-05-09,2029-05-08,
9,นครราชสีมา,คง,10873,รัฐในสังกัดสป.สธ.,รพช.,ขั้นมาตรฐาน,2026-02-11,2029-02-10,
9,นครราชสีมา,ครบุรี,10871,รัฐในสังกัดสป.สธ.,รพช.,ขั้นมาตรฐาน,2025-01-28,2028-01-27,
9,นครราชสีมา,ค่ายสุรนารี,11492,กระทรวงกลาโหม,กรมแพทย์ทหารบก,ขั้นมาตรฐาน,2024-02-27,2027-02-26,
9,นครราชสีมา,จักราช,10875,รัฐในสังกัดสป.สธ.,รพช.,ขั้นมาตรฐาน,2024-11-26,2027-11-25,
9,นครราชสีมา,จิตเวชนครราชสีมาราชนครินทร์,12268,รัฐในสังกัด สธ.,กรมสุขภาพจิต,ขั้นมาตรฐาน,2024-02-20,2027-02-19,
9,นครราชสีมา,เฉลิมพระเกียรติ,24692,รัฐในสังกัดสป.สธ.,รพช.,ขั้นมาตรฐาน,2025-05-27,2028-05-26,
9,นครราชสีมา,เฉลิมพระเกียรติสมเด็จย่า 100 ปี,11602,รัฐในสังกัดสป.สธ.,รพช.,ขั้นมาตรฐาน,2024-09-10,2027-09-09,
9,นครราชสีมา,ชุมพวง,10886,รัฐในสังกัดสป.สธ.,รพช.,ขั้นมาตรฐาน,2025-10-14,2028-10-13,
9,นครราชสีมา,โชคชัย,10876,รัฐในสังกัดสป.สธ.,รพช.,ขั้นมาตรฐาน,2024-11-26,2027-11-25,
9,นครราชสีมา,เซนต์เมรี่โรงพยาบาลทั่วไปขนาดใหญ่,11888,เอกชน,สมาคมโรงพยาบาลเอกชน,ขั้นมาตรฐาน,2024-06-13,2027-06-12,
9,นครราชสีมา,เดอะโกลเดนเกท,11885,เอกชน,เอกชน,ขั้นพัฒนา ขั้นที่ 2,2024-09-25,2026-09-24,
9,นครราชสีมา,ทั่วไปขนาดใหญ่ ป.แพทย์ 1,11897,เอกชน,สมาคมโรงพยาบาลเอกชน,ขั้นพัฒนา ขั้นที่ 2,2025-01-27,2027-01-26,
9,นครราชสีมา,ทั่วไปขนาดใหญ่ ป.แพทย์ 2,41602,เอกชน,เอกชน,ขั้นพัฒนา ขั้นที่ 2,2026-05-25,2028-05-24,
9,นครราชสีมา,เทพรัตน์นครราชสีมา,23839,รัฐในสังกัดสป.สธ.,รพท.,อยู่ระหว่างกระบวนการต่ออายุ,2023-06-13,2026-06-12,
9,นครราชสีมา,เทพารักษ์,27841,รัฐในสังกัดสป.สธ.,รพช.,ขั้นมาตรฐาน,2026-04-26,2029-04-25,
9,นครราชสีมา,โนนแดง,10893,รัฐในสังกัดสป.สธ.,รพช.,ขั้นมาตรฐาน,2026-01-14,2029-01-13,
9,นครราชสีมา,โนนไทย,10878,รัฐในสังกัดสป.สธ.,รพช.,ขั้นมาตรฐาน,2026-01-27,2029-01-26,
9,นครราชสีมา,โนนสูง,10879,รัฐในสังกัดสป.สธ.,รพช.,ขั้นมาตรฐาน,2025-07-08,2028-07-07,
9,นครราชสีมา,บัวลาย,27839,รัฐในสังกัดสป.สธ.,รพช.,ขั้นมาตรฐาน,2026-05-26,2029-05-25,
9,นครราชสีมา,บัวใหญ่,10881,รัฐในสังกัดสป.สธ.,รพท.,ขั้นมาตรฐาน,2025-10-29,2028-10-28,
9,นครราชสีมา,บัวใหญ่รวมแพทย์,11899,เอกชน,สมาคมโรงพยาบาลเอกชน,ไม่มีขั้น,,,
9,นครราชสีมา,บ้านเหลื่อม,10874,รัฐในสังกัดสป.สธ.,รพช.,ขั้นมาตรฐาน,2026-07-10,2029-07-09,
9,นครราชสีมา,ประทาย,10882,รัฐในสังกัดสป.สธ.,รพช.,ขั้นมาตรฐาน,2024-02-13,2027-02-12,
9,นครราชสีมา,ปักธงชัย,10883,รัฐในสังกัดสป.สธ.,รพช.,ขั้นมาตรฐาน,2026-05-12,2029-05-11,
9,นครราชสีมา,ปากช่องนานา,10890,รัฐในสังกัดสป.สธ.,รพท.,ขั้นมาตรฐาน,2025-07-22,2028-07-21,
9,นครราชสีมา,พระทองคำ เฉลิมพระเกียรติ ๘๐ พรรษา,22456,รัฐในสังกัดสป.สธ.,รพช.,ขั้นมาตรฐาน,2026-05-01,2029-04-30,
9,นครราชสีมา,พิมาย,10884,รัฐในสังกัดสป.สธ.,รพท.,ขั้นมาตรฐาน,2025-11-12,2028-11-11,
9,นครราชสีมา,มหาราชนครราชสีมา,10666,รัฐในสังกัดสป.สธ.,รพศ.,ขั้นมาตรฐาน,2024-09-24,2027-09-23,
9,นครราชสีมา,มหาวิทยาลัยเทคโนโลยีสุรนารี,24060,กระทรวงการอุดมศึกษา วิทยาศาสตร์ วิจัยและนวัตกรรม,โรงเรียนแพทย์,ขั้นมาตรฐาน,2025-08-05,2028-08-04,
9,นครราชสีมา,ราชสีมาฮอสพิทอล,11891,เอกชน,เอกชน,ขั้นพัฒนา ขั้นที่ 2,2026-05-25,2028-05-24,
9,นครราชสีมา,ริมลิฟวิ่งโรงพยาบาลทั่วไปขนาดกลาง,28008,เอกชน,เอกชน,ไม่มีขั้น,,,
9,นครราชสีมา,ลำทะเมนชัย,11608,รัฐในสังกัดสป.สธ.,รพช.,ไม่มีขั้น,2021-09-11,2023-09-10,
9,นครราชสีมา,วังน้ำเขียว,10894,รัฐในสังกัดสป.สธ.,รพช.,ขั้นมาตรฐาน,2023-12-12,2026-12-11,
9,นครราชสีมา,ศูนย์บริการสาธารณสุขตำบลหัวทะเล,23550,องค์กรปกครองส่วนท้องถิ่น,ศูนย์บริการสาธารณสุข อปท.,ไม่มีขั้น,,,
9,นครราชสีมา,ส่งเสริมสุขภาพ ศูนย์อนามัยที่ 9 นครราชสีมา,12267,รัฐในสังกัด สธ.,กรมอนามัย,ขั้นมาตรฐาน,2026-05-26,2029-05-25,
9,นครราชสีมา,สีคิ้ว,10889,รัฐในสังกัดสป.สธ.,รพช.,ขั้นมาตรฐาน,2024-02-13,2027-02-12,
9,นครราชสีมา,สีดา,27840,รัฐในสังกัดสป.สธ.,รพช.,ขั้นมาตรฐาน,2026-04-28,2029-04-27,
9,นครราชสีมา,สูงเนิน,10887,รัฐในสังกัดสป.สธ.,รพช.,ขั้นมาตรฐาน,2024-12-24,2027-12-23,
9,นครราชสีมา,เสิงสาง,10872,รัฐในสังกัดสป.สธ.,รพช.,ขั้นมาตรฐาน,2026-01-13,2029-01-12,
9,นครราชสีมา,หนองบุญมาก,10891,รัฐในสังกัดสป.สธ.,รพช.,ขั้นมาตรฐาน,2025-01-28,2028-01-27,
9,นครราชสีมา,หลวงพ่อคูณ ปริสุทฺโธ,10877,รัฐในสังกัดสป.สธ.,รพช.,ขั้นมาตรฐาน,2025-04-08,2028-04-07,
9,นครราชสีมา,ห้วยแถลง,10885,รัฐในสังกัดสป.สธ.,รพช.,อยู่ระหว่างกระบวนการต่ออายุ,2023-06-10,2026-06-09,
9,บุรีรัมย์,กระสัง,10896,รัฐในสังกัดสป.สธ.,รพช.,ขั้นมาตรฐาน,2025-06-10,2028-06-09,
9,บุรีรัมย์,ค่ายสมเด็จเจ้าพระยามหากษัตริย์ศึก,11493,กระทรวงกลาโหม,กรมแพทย์ทหารบก,ขั้นมาตรฐาน,2025-06-10,2028-06-09,
9,บุรีรัมย์,คูเมือง,10895,รัฐในสังกัดสป.สธ.,รพช.,ขั้นมาตรฐาน,2024-12-24,2027-12-23,
9,บุรีรัมย์,แคนดง,23578,รัฐในสังกัดสป.สธ.,รพช.,ขั้นมาตรฐาน,2026-04-28,2029-04-27,
9,บุรีรัมย์,เฉลิมพระเกียรติ,11619,รัฐในสังกัดสป.สธ.,รพช.,ขั้นมาตรฐาน,2026-01-21,2029-01-20,
9,บุรีรัมย์,ชำนิ,10912,รัฐในสังกัดสป.สธ.,รพช.,ขั้นมาตรฐาน,2024-12-24,2027-12-23,
9,บุรีรัมย์,ทั่วไปขนาดกลางบุรีรัมย์ ราม,11907,เอกชน,สมาคมโรงพยาบาลเอกชน,ขั้นพัฒนา ขั้นที่ 2,2026-03-25,2028-03-24,
9,บุรีรัมย์,นางรอง,10897,รัฐในสังกัดสป.สธ.,รพท.,ขั้นมาตรฐาน,2024-10-22,2027-10-21,
9,บุรีรัมย์,นาโพธิ์,10907,รัฐในสังกัดสป.สธ.,รพช.,ขั้นมาตรฐาน,2025-02-21,2028-02-20,
9,บุรีรัมย์,โนนดินแดง,10914,รัฐในสังกัดสป.สธ.,รพช.,ขั้นมาตรฐาน,2026-06-09,2029-06-08,
9,บุรีรัมย์,โนนสุวรรณ,10911,รัฐในสังกัดสป.สธ.,รพช.,ขั้นมาตรฐาน,2026-04-28,2029-04-27,
9,บุรีรัมย์,บ้านกรวด,10901,รัฐในสังกัดสป.สธ.,รพช.,ขั้นมาตรฐาน,2025-05-13,2028-05-12,
9,บุรีรัมย์,บ้านด่าน,28020,รัฐในสังกัดสป.สธ.,รพช.,ขั้นมาตรฐาน,2026-02-11,2029-02-10,
9,บุรีรัมย์,บ้านใหม่ไชยพจน์,10913,รัฐในสังกัดสป.สธ.,รพช.,ขั้นมาตรฐาน,2025-06-24,2028-06-23,
9,บุรีรัมย์,บุรีรัมย์,10667,รัฐในสังกัดสป.สธ.,รพศ.,ขั้นมาตรฐาน,2025-04-22,2028-04-21,
9,บุรีรัมย์,ประโคนชัย,10900,รัฐในสังกัดสป.สธ.,รพช.,ขั้นมาตรฐาน,2025-01-14,2028-01-13,
9,บุรีรัมย์,ปะคำ,10906,รัฐในสังกัดสป.สธ.,รพช.,ขั้นมาตรฐาน,2024-02-13,2027-02-12,
9,บุรีรัมย์,พลับพลาชัย,10909,รัฐในสังกัดสป.สธ.,รพช.,ขั้นมาตรฐาน,2023-08-08,2026-08-07,
9,บุรีรัมย์,พุทไธสง,10902,รัฐในสังกัดสป.สธ.,รพช.,ขั้นมาตรฐาน,2025-05-27,2028-05-26,
9,บุรีรัมย์,ละหานทราย,10899,รัฐในสังกัดสป.สธ.,รพช.,ขั้นมาตรฐาน,2025-09-23,2028-09-22,
9,บุรีรัมย์,ลำปลายมาศ,10904,รัฐในสังกัดสป.สธ.,รพช.,ขั้นมาตรฐาน,2025-09-09,2028-09-08,
9,บุรีรัมย์,สตึก,10905,รัฐในสังกัดสป.สธ.,รพช.,ขั้นมาตรฐาน,2024-07-23,2027-07-22,
9,บุรีรัมย์,หนองกี่,10898,รัฐในสังกัดสป.สธ.,รพช.,ขั้นมาตรฐาน,2023-12-12,2026-12-11,
9,บุรีรัมย์,หนองหงส์,10908,รัฐในสังกัดสป.สธ.,รพช.,อยู่ระหว่างกระบวนการต่ออายุ,2023-06-24,2026-06-23,
9,บุรีรัมย์,ห้วยราช,10910,รัฐในสังกัดสป.สธ.,รพช.,ขั้นมาตรฐาน,2024-09-24,2027-09-23,
9,สุรินทร์,กาบเชิง,10919,รัฐในสังกัดสป.สธ.,รพช.,ขั้นมาตรฐาน,2026-05-26,2029-05-25,
9,สุรินทร์,เขวาสินรินทร์,27842,รัฐในสังกัดสป.สธ.,รพช.,ขั้นมาตรฐาน,2024-01-15,2027-01-14,
9,สุรินทร์,ค่ายวีรวัฒน์โยธิน,11494,กระทรวงกลาโหม,กรมแพทย์ทหารบก,ขั้นมาตรฐาน,2024-09-24,2027-09-23,
9,สุรินทร์,จอมพระ,10917,รัฐในสังกัดสป.สธ.,รพช.,ขั้นมาตรฐาน,2024-12-17,2027-12-16,
9,สุรินทร์,ชุมพลบุรี,10915,รัฐในสังกัดสป.สธ.,รพช.,อยู่ระหว่างกระบวนการต่ออายุ,2023-02-11,2026-02-10,
9,สุรินทร์,ท่าตูม,10916,รัฐในสังกัดสป.สธ.,รพช.,ขั้นมาตรฐาน,2023-08-13,2026-08-12,
9,สุรินทร์,โนนนารายณ์,27844,รัฐในสังกัดสป.สธ.,รพช.,ขั้นมาตรฐาน,2025-06-10,2028-06-09,
9,สุรินทร์,บัวเชด,10926,รัฐในสังกัดสป.สธ.,รพช.,ขั้นมาตรฐาน,2026-02-10,2029-02-09,
9,สุรินทร์,ปราสาท,10918,รัฐในสังกัดสป.สธ.,รพท.,ขั้นมาตรฐาน,2025-11-25,2028-11-24,
9,สุรินทร์,พนมดงรักเฉลิมพระเกียรติ ๘๐ พรรษา,22302,รัฐในสังกัดสป.สธ.,รพช.,ขั้นมาตรฐาน,2026-05-26,2029-05-25,
9,สุรินทร์,รวมแพทย์ (หมออนันต์),11908,เอกชน,สมาคมโรงพยาบาลเอกชน,อยู่ระหว่างกระบวนการขั้นพัฒนา,2019-02-20,2020-02-19,
9,สุรินทร์,รัตนบุรี,10920,รัฐในสังกัดสป.สธ.,รพช.,ขั้นมาตรฐาน,2025-12-23,2028-12-22,
9,สุรินทร์,ลำดวน,10924,รัฐในสังกัดสป.สธ.,รพช.,ขั้นมาตรฐาน,2025-05-13,2028-05-12,
9,สุรินทร์,ศรีณรงค์,27843,รัฐในสังกัดสป.สธ.,รพช.,ขั้นมาตรฐาน,2025-04-08,2028-04-07,
9,สุรินทร์,ศีขรภูมิ,10922,รัฐในสังกัดสป.สธ.,รพท.,ขั้นมาตรฐาน,2025-12-09,2028-12-08,
9,สุรินทร์,สนม,10921,รัฐในสังกัดสป.สธ.,รพช.,ขั้นมาตรฐาน,2024-06-25,2027-06-24,
9,สุรินทร์,สังขะ,10923,รัฐในสังกัดสป.สธ.,รพช.,ขั้นมาตรฐาน,2024-07-23,2027-07-22,
9,สุรินทร์,สำโรงทาบ,10925,รัฐในสังกัดสป.สธ.,รพช.,ขั้นมาตรฐาน,2024-02-20,2027-02-19,
9,สุรินทร์,สุรินทร์,10668,รัฐในสังกัดสป.สธ.,รพศ.,อยู่ระหว่างกระบวนการต่ออายุ,2023-05-30,2026-05-29,
9,สุรินทร์,สุรินทร์รวมแพทย์,11910,เอกชน,เอกชน,ขั้นพัฒนา ขั้นที่ 2,2024-09-25,2026-09-24,
10,มุกดาหาร,คำชะอี,11116,รัฐในสังกัดสป.สธ.,รพช.,ขั้นมาตรฐาน,2024-03-24,2027-03-23,
10,มุกดาหาร,ดงหลวง,11115,รัฐในสังกัดสป.สธ.,รพช.,ขั้นมาตรฐาน,2024-01-29,2027-01-28,
10,มุกดาหาร,ดอนตาล,11114,รัฐในสังกัดสป.สธ.,รพช.,ขั้นมาตรฐาน,2025-11-25,2028-11-24,
10,มุกดาหาร,นิคมคำสร้อย,11113,รัฐในสังกัดสป.สธ.,รพช.,ขั้นมาตรฐาน,2026-04-07,2029-04-06,
10,มุกดาหาร,พริ้นซ์ มุกดาหารโรงพยาบาลทั่วไปขนาดกลาง,53630,เอกชน,เอกชน,ไม่มีขั้น,,,
10,มุกดาหาร,มุกดาหาร,10712,รัฐในสังกัดสป.สธ.,รพท.,ขั้นมาตรฐาน,2024-10-24,2027-10-23,
10,มุกดาหาร,มุกดาหารอินเตอร์เนชั่นแนลโรงพยาบาลทั่วไปขนาดกลาง,11974,เอกชน,สมาคมโรงพยาบาลเอกชน,ขั้นพัฒนา ขั้นที่ 2,2026-05-25,2028-05-24,
10,มุกดาหาร,หนองสูง,11118,รัฐในสังกัดสป.สธ.,รพช.,อยู่ระหว่างกระบวนการต่ออายุ,2023-05-01,2026-04-30,
10,มุกดาหาร,หว้านใหญ่,11117,รัฐในสังกัดสป.สธ.,รพช.,ขั้นมาตรฐาน,2024-12-17,2027-12-16,
10,ยโสธร,กุดชุม,10964,รัฐในสังกัดสป.สธ.,รพช.,อยู่ระหว่างกระบวนการต่ออายุ,2023-05-12,2026-05-11,
10,ยโสธร,ค้อวัง,10968,รัฐในสังกัดสป.สธ.,รพช.,ขั้นมาตรฐาน,2023-08-22,2026-08-21,
10,ยโสธร,คำเขื่อนแก้ว,10965,รัฐในสังกัดสป.สธ.,รพช.,ขั้นมาตรฐาน,2025-08-13,2028-08-12,
10,ยโสธร,ทรายมูล,10963,รัฐในสังกัดสป.สธ.,รพช.,ขั้นมาตรฐาน,2026-07-15,2029-07-14,
10,ยโสธร,ไทยเจริญ,10969,รัฐในสังกัดสป.สธ.,รพช.,ขั้นมาตรฐาน,2025-12-09,2028-12-08,
10,ยโสธร,นายแพทย์หาญ,11921,เอกชน,สมาคมโรงพยาบาลเอกชน,ไม่มีขั้น,2022-04-25,2023-04-24,
10,ยโสธร,ป่าติ้ว,10966,รัฐในสังกัดสป.สธ.,รพช.,ขั้นมาตรฐาน,2026-06-23,2030-06-22,
10,ยโสธร,มหาชนะชัย,10967,รัฐในสังกัดสป.สธ.,รพช.,ขั้นมาตรฐาน,2024-04-24,2027-04-23,
10,ยโสธร,ยโสธร,10701,รัฐในสังกัดสป.สธ.,รพท.,ขั้นมาตรฐาน,2024-11-26,2027-11-25,
10,ยโสธร,รวมแพทย์ยโสธรโรงพยาบาลทั่วไปขนาดกลาง,23208,เอกชน,สมาคมโรงพยาบาลเอกชน,ขั้นพัฒนา ขั้นที่ 2,2024-11-25,2026-11-24,
10,ยโสธร,สมเด็จพระยุพราชเลิงนกทา,11444,รัฐในสังกัดสป.สธ.,รพช.,ขั้นมาตรฐาน,2023-07-26,2026-07-25,
10,ศรีสะเกษ,กันทรลักษ์,10929,รัฐในสังกัดสป.สธ.,รพท.,ขั้นมาตรฐาน,2024-02-13,2027-02-12,
10,ศรีสะเกษ,กันทรารมย์,10928,รัฐในสังกัดสป.สธ.,รพช.,ขั้นมาตรฐาน,2024-10-08,2027-10-07,
10,ศรีสะเกษ,ขุขันธ์,10930,รัฐในสังกัดสป.สธ.,รพช.,ขั้นมาตรฐาน,2025-06-10,2028-06-09,
10,ศรีสะเกษ,ขุนหาญ,10933,รัฐในสังกัดสป.สธ.,รพช.,ขั้นมาตรฐาน,2024-09-10,2027-09-09,
10,ศรีสะเกษ,ทั่วไปขนาดกลางประชารักษ์เวชการ,11913,เอกชน,สมาคมโรงพยาบาลเอกชน,ขั้นพัฒนา ขั้นที่ 2,2024-09-25,2026-09-24,
10,ศรีสะเกษ,น้ำเกลี้ยง,10941,รัฐในสังกัดสป.สธ.,รพช.,ขั้นมาตรฐาน,2025-12-09,2028-12-08,
10,ศรีสะเกษ,โนนคูณ,10938,รัฐในสังกัดสป.สธ.,รพช.,ขั้นมาตรฐาน,2026-01-13,2029-01-12,
10,ศรีสะเกษ,บึงบูรพ์,10936,รัฐในสังกัดสป.สธ.,รพช.,ขั้นมาตรฐาน,2025-06-24,2028-06-23,
10,ศรีสะเกษ,เบญจลักษ์เฉลิมพระเกียรติ ๘๐ พรรษา,23125,รัฐในสังกัดสป.สธ.,รพช.,ขั้นมาตรฐาน,2025-06-10,2028-06-09,
10,ศรีสะเกษ,ปรางค์กู่,10932,รัฐในสังกัดสป.สธ.,รพช.,ขั้นมาตรฐาน,2025-06-24,2028-06-23,
10,ศรีสะเกษ,พยุห์,28014,รัฐในสังกัดสป.สธ.,รพช.,ขั้นมาตรฐาน,2025-12-09,2028-12-08,
10,ศรีสะเกษ,พริ้นซ์ ศรีสะเกษโรงพยาบาลทั่วไปขนาดกลาง,42199,เอกชน,เอกชน,ขั้นมาตรฐาน,2025-01-14,2028-01-13,
10,ศรีสะเกษ,โพธิ์ศรีสุวรรณ,28015,รัฐในสังกัดสป.สธ.,รพช.,ขั้นมาตรฐาน,2026-01-13,2029-01-12,
10,ศรีสะเกษ,ไพรบึง,10931,รัฐในสังกัดสป.สธ.,รพช.,ขั้นมาตรฐาน,2023-12-27,2026-12-26,
10,ศรีสะเกษ,ภูสิงห์,10942,รัฐในสังกัดสป.สธ.,รพช.,ขั้นมาตรฐาน,2024-06-25,2027-06-24,
10,ศรีสะเกษ,เมืองจันทร์,10943,รัฐในสังกัดสป.สธ.,รพช.,ขั้นมาตรฐาน,2025-02-25,2028-02-24,
10,ศรีสะเกษ,ยางชุมน้อย,10927,รัฐในสังกัดสป.สธ.,รพช.,ขั้นมาตรฐาน,2025-08-05,2028-08-04,
10,ศรีสะเกษ,ราษีไศล,10934,รัฐในสังกัดสป.สธ.,รพช.,ขั้นมาตรฐาน,2025-12-09,2028-12-08,
10,ศรีสะเกษ,วังหิน,10940,รัฐในสังกัดสป.สธ.,รพช.,ขั้นมาตรฐาน,2025-04-08,2028-04-07,
10,ศรีสะเกษ,ศรีรัตนะ,10939,รัฐในสังกัดสป.สธ.,รพช.,ขั้นมาตรฐาน,2026-05-12,2029-05-11,
10,ศรีสะเกษ,ศรีสะเกษ,10700,รัฐในสังกัดสป.สธ.,รพศ.,ขั้นมาตรฐาน,2025-07-22,2028-07-21,
10,ศรีสะเกษ,ศิลาลาด,28016,รัฐในสังกัดสป.สธ.,รพช.,ขั้นมาตรฐาน,2025-08-05,2028-08-04,
10,ศรีสะเกษ,ห้วยทับทัน,10937,รัฐในสังกัดสป.สธ.,รพช.,ขั้นมาตรฐาน,2023-07-25,2026-07-24,
10,ศรีสะเกษ,อุทุมพรพิสัย,10935,รัฐในสังกัดสป.สธ.,รพช.,ขั้นมาตรฐาน,2025-08-05,2028-08-04,
10,อำนาจเจริญ,ชานุมาน,10985,รัฐในสังกัดสป.สธ.,รพช.,ขั้นมาตรฐาน,2025-04-22,2028-04-21,
10,อำนาจเจริญ,ปทุมราชวงศา,10986,รัฐในสังกัดสป.สธ.,รพช.,ขั้นมาตรฐาน,2024-02-20,2027-02-19,
10,อำนาจเจริญ,พนา,10987,รัฐในสังกัดสป.สธ.,รพช.,ขั้นมาตรฐาน,2025-05-27,2028-05-26,
10,อำนาจเจริญ,ลืออำนาจ,10990,รัฐในสังกัดสป.สธ.,รพช.,ขั้นมาตรฐาน,2025-09-09,2028-09-08,
10,อำนาจเจริญ,เสนางคนิคม,10988,รัฐในสังกัดสป.สธ.,รพช.,ขั้นมาตรฐาน,2025-07-22,2028-07-21,
10,อำนาจเจริญ,หัวตะพาน,10989,รัฐในสังกัดสป.สธ.,รพช.,ขั้นมาตรฐาน,2024-10-22,2027-10-21,
10,อำนาจเจริญ,อำนาจเจริญ,10703,รัฐในสังกัดสป.สธ.,รพท.,ขั้นมาตรฐาน,2025-07-22,2028-07-21,
10,อุบลราชธานี,๕๐ พรรษา มหาวชิราลงกรณ,21984,รัฐในสังกัดสป.สธ.,รพท.,ขั้นมาตรฐาน,2024-07-09,2027-07-08,
10,อุบลราชธานี,กองบิน กองบิน 21,11495,กระทรวงกลาโหม,กรมแพทย์ทหารอากาศ,ขั้นพัฒนา ขั้นที่ 2,2024-07-25,2026-07-24,
10,อุบลราชธานี,กุดข้าวปุ้น,10952,รัฐในสังกัดสป.สธ.,รพช.,ขั้นมาตรฐาน,2026-06-23,2029-06-22,
10,อุบลราชธานี,เขมราฐ,10947,รัฐในสังกัดสป.สธ.,รพช.,ขั้นมาตรฐาน,2026-05-12,2029-05-11,
10,อุบลราชธานี,เขื่องใน,10946,รัฐในสังกัดสป.สธ.,รพช.,ขั้นมาตรฐาน,2026-01-27,2029-01-26,
10,อุบลราชธานี,โขงเจียม,10945,รัฐในสังกัดสป.สธ.,รพช.,ขั้นมาตรฐาน,2024-04-10,2027-04-09,
10,อุบลราชธานี,ค่ายสรรพสิทธิประสงค์,11496,กระทรวงกลาโหม,กรมแพทย์ทหารบก,ขั้นมาตรฐาน,2025-06-10,2028-06-09,
10,อุบลราชธานี,เฉพาะทางมะเร็งชีวามิตราขนาดเล็ก,41674,เอกชน,เอกชน,ไม่มีขั้น,,,
10,อุบลราชธานี,ดอนมดแดง,10960,รัฐในสังกัดสป.สธ.,รพช.,ขั้นมาตรฐาน,2024-08-13,2027-08-12,
10,อุบลราชธานี,ตระการพืชผล,10951,รัฐในสังกัดสป.สธ.,รพท.,ขั้นมาตรฐาน,2024-01-29,2027-01-28,
10,อุบลราชธานี,ตาลสุม,10957,รัฐในสังกัดสป.สธ.,รพช.,อยู่ระหว่างกระบวนการต่ออายุ,2023-05-23,2026-05-22,
10,อุบลราชธานี,ทุ่งศรีอุดม,10962,รัฐในสังกัดสป.สธ.,รพช.,ขั้นมาตรฐาน,2023-08-14,2026-08-13,
10,อุบลราชธานี,นาจะหลวย,10948,รัฐในสังกัดสป.สธ.,รพช.,อยู่ระหว่างกระบวนการต่ออายุ,2023-04-28,2026-04-27,
10,อุบลราชธานี,นาตาล,24032,รัฐในสังกัดสป.สธ.,รพช.,ขั้นพัฒนา ขั้นที่ 2,2024-08-27,2026-08-26,
10,อุบลราชธานี,นาเยีย,24821,รัฐในสังกัดสป.สธ.,รพช.,ขั้นมาตรฐาน,2025-05-27,2028-05-26,
10,อุบลราชธานี,น้ำขุ่น,27968,รัฐในสังกัดสป.สธ.,รพช.,ขั้นมาตรฐาน,2024-12-24,2027-12-23,
10,อุบลราชธานี,น้ำยืน,10949,รัฐในสังกัดสป.สธ.,รพช.,อยู่ระหว่างกระบวนการต่ออายุ,2023-06-10,2026-06-09,
10,อุบลราชธานี,บุณฑริก,10950,รัฐในสังกัดสป.สธ.,รพช.,ขั้นมาตรฐาน,2026-05-26,2029-05-25,
10,อุบลราชธานี,พระศรีมหาโพธิ์,12269,รัฐในสังกัด สธ.,กรมสุขภาพจิต,ขั้นมาตรฐาน,2024-02-20,2027-02-19,
10,อุบลราชธานี,พริ้นซ์ อุบลราชธานีโรงพยาบาลทั่วไปขนาดกลาง,40864,เอกชน,เอกชน,ขั้นมาตรฐาน,2026-02-10,2029-02-09,
10,อุบลราชธานี,พิบูลมังสาหาร,10956,รัฐในสังกัดสป.สธ.,รพช.,อยู่ระหว่างกระบวนการต่ออายุ,2023-06-13,2026-06-12,
10,อุบลราชธานี,โพธิ์ไทร,10958,รัฐในสังกัดสป.สธ.,รพช.,อยู่ระหว่างกระบวนการต่ออายุ,2023-06-12,2026-06-11,
10,อุบลราชธานี,ม่วงสามสิบ,10953,รัฐในสังกัดสป.สธ.,รพช.,ขั้นมาตรฐาน,2024-09-10,2027-09-09,
10,อุบลราชธานี,มหาวิทยาลัยอุบลราชธานี,15078,กระทรวงการอุดมศึกษา วิทยาศาสตร์ วิจัยและนวัตกรรม,กระทรวงการอุดมศึกษา วิทยาศาสตร์ วิจัยและนวัตกรรม,ไม่มีขั้น,2023-11-15,2025-11-14,
10,อุบลราชธานี,มะเร็งอุบลราชธานี,14201,รัฐในสังกัด สธ.,กรมการแพทย์,ขั้นมาตรฐาน,2025-04-22,2028-04-21,
10,อุบลราชธานี,ราชเวชอุบลราชธานีโรงพยาบาลทั่วไปขนาดใหญ่,11920,เอกชน,เอกชน,ไม่มีขั้น,,,
10,อุบลราชธานี,วารินชำราบ,10954,รัฐในสังกัดสป.สธ.,รพท.,ขั้นมาตรฐาน,2023-08-13,2026-08-12,
10,อุบลราชธานี,ศรีเมืองใหม่,10944,รัฐในสังกัดสป.สธ.,รพช.,ขั้นมาตรฐาน,2023-09-12,2026-09-11,
10,อุบลราชธานี,ส่งเสริมสุขภาพ ศูนย์อนามัยที่ 10 อุบลราชธานี,12270,รัฐในสังกัด สธ.,กรมอนามัย,ขั้นพัฒนา ขั้นที่ 2,2025-07-25,2027-07-24,
10,อุบลราชธานี,สมเด็จพระยุพราชเดชอุดม,11443,รัฐในสังกัดสป.สธ.,รพท.,ขั้นมาตรฐาน,2024-07-09,2027-07-08,
10,อุบลราชธานี,สรรพสิทธิประสงค์,10669,รัฐในสังกัดสป.สธ.,รพศ.,ขั้นมาตรฐาน,2023-11-27,2026-11-26,
10,อุบลราชธานี,สว่างวีระวงศ์,27967,รัฐในสังกัดสป.สธ.,รพช.,ขั้นมาตรฐาน,2025-02-25,2028-02-24,
10,อุบลราชธานี,สำโรง,10959,รัฐในสังกัดสป.สธ.,รพช.,ขั้นมาตรฐาน,2026-01-27,2029-01-26,
10,อุบลราชธานี,สิรินธร,10961,รัฐในสังกัดสป.สธ.,รพช.,ขั้นมาตรฐาน,2025-10-28,2028-10-27,
10,อุบลราชธานี,เหล่าเสือโก้ก,27976,รัฐในสังกัดสป.สธ.,รพช.,ขั้นมาตรฐาน,2025-08-19,2028-08-18,
10,อุบลราชธานี,อุบลรักษ์ ธนบุรีโรงพยาบาลทั่วไปขนาดใหญ่,11919,เอกชน,สมาคมโรงพยาบาลเอกชน,ขั้นมาตรฐาน,2024-12-17,2027-12-16,
10,อุบลราชธานี,เอกชนร่มเกล้าโรงพยาบาลทั่วไปขนาดกลาง,11918,เอกชน,เอกชน,ไม่มีขั้น,2020-11-05,2021-11-04,
11,กระบี่,กระบี่,10738,รัฐในสังกัดสป.สธ.,รพท.,ขั้นมาตรฐาน,2023-09-19,2026-09-18,
11,กระบี่,เกาะพีพี,77753,รัฐในสังกัดสป.สธ.,รพช.,ขั้นมาตรฐาน,2025-01-14,2028-01-13,
11,กระบี่,เกาะลันตา,11341,รัฐในสังกัดสป.สธ.,รพช.,ไม่มีขั้น,2018-01-22,2019-01-21,
11,กระบี่,เขาพนม,11340,รัฐในสังกัดสป.สธ.,รพช.,ขั้นมาตรฐาน,2024-04-10,2027-04-09,
11,กระบี่,คลองท่อม,11342,รัฐในสังกัดสป.สธ.,รพช.,ขั้นมาตรฐาน,2026-01-27,2029-01-26,
11,กระบี่,จริยธรรมรวมแพทย์กระบี่โรงพยาบาลทั่วไปขนาดเล็ก,12175,เอกชน,เอกชน,ไม่มีขั้น,,,
11,กระบี่,ทั่วไปขนาดใหญ่กระบี่นครินทร์ อินเตอร์เนชั่นแนล,34933,เอกชน,เอกชน,ไม่มีขั้น,,,
11,กระบี่,ปลายพระยา,11344,รัฐในสังกัดสป.สธ.,รพช.,ขั้นมาตรฐาน,2024-02-13,2027-02-12,
11,กระบี่,ลำทับ,11345,รัฐในสังกัดสป.สธ.,รพช.,ขั้นมาตรฐาน,2025-04-08,2028-04-07,
11,กระบี่,วัฒนแพทย์ อ่าวนาง โรงพยาบาลทั่วไปขนาดกลาง,41590,เอกชน,เอกชน,ไม่มีขั้น,,,
11,กระบี่,เหนือคลอง,11346,รัฐในสังกัดสป.สธ.,รพช.,ขั้นมาตรฐาน,2024-02-20,2027-02-19,
11,กระบี่,อ่าวลึก,11343,รัฐในสังกัดสป.สธ.,รพช.,ขั้นมาตรฐาน,2025-12-23,2028-12-22,
11,ชุมพร,ค่ายเขตอุดมศักดิ์,11525,กระทรวงกลาโหม,กรมแพทย์ทหารบก,อยู่ระหว่างกระบวนการต่ออายุ,2023-04-24,2026-04-23,
11,ชุมพร,เฉพาะประเภทผู้ป่วยเด็กขนาดกลาง ธนบุรี - ชุมพร,00024,เอกชน,เอกชน,ไม่มีขั้น,,,
11,ชุมพร,ชุมพรเขตรอุดมศักดิ์,10744,รัฐในสังกัดสป.สธ.,รพท.,ขั้นมาตรฐาน,2025-04-22,2028-04-21,
11,ชุมพร,ท่าแซะ,11376,รัฐในสังกัดสป.สธ.,รพช.,ขั้นมาตรฐาน,2025-03-25,2028-03-24,
11,ชุมพร,ทุ่งตะโก,11385,รัฐในสังกัดสป.สธ.,รพช.,ขั้นมาตรฐาน,2025-12-23,2028-12-22,
11,ชุมพร,ธนบุรี - ชุมพร,14534,เอกชน,เอกชน,ไม่มีขั้น,2006-06-17,2007-06-16,
11,ชุมพร,ปะทิว,11377,รัฐในสังกัดสป.สธ.,รพช.,ขั้นมาตรฐาน,2024-06-25,2027-06-24,
11,ชุมพร,ปากน้ำชุมพร,11375,รัฐในสังกัดสป.สธ.,รพช.,ขั้นมาตรฐาน,2025-03-25,2028-03-24,
11,ชุมพร,ปากน้ำหลังสวน,11380,รัฐในสังกัดสป.สธ.,รพช.,ขั้นมาตรฐาน,2025-09-09,2028-09-08,
11,ชุมพร,พะโต๊ะ,11382,รัฐในสังกัดสป.สธ.,รพช.,ขั้นมาตรฐาน,2025-01-28,2028-01-27,
11,ชุมพร,มาบอำมฤต,11378,รัฐในสังกัดสป.สธ.,รพช.,ขั้นมาตรฐาน,2025-04-08,2028-04-07,
11,ชุมพร,ละแม,11381,รัฐในสังกัดสป.สธ.,รพช.,ขั้นมาตรฐาน,2024-04-10,2027-04-09,
11,ชุมพร,วิรัชศิลป์,12204,เอกชน,สมาคมโรงพยาบาลเอกชน,ขั้นมาตรฐาน,2026-01-13,2029-01-12,
11,ชุมพร,สวี,11383,รัฐในสังกัดสป.สธ.,รพช.,ขั้นมาตรฐาน,2025-10-14,2028-10-13,
11,ชุมพร,หลังสวน,11379,รัฐในสังกัดสป.สธ.,รพช.,ขั้นมาตรฐาน,2023-12-27,2026-12-26,
11,นครศรีธรรมราช,ขนอม,11336,รัฐในสังกัดสป.สธ.,รพช.,ขั้นมาตรฐาน,2025-08-26,2028-08-25,
11,นครศรีธรรมราช,ค่ายเทพสตรีศรีสุนทร,14918,กระทรวงกลาโหม,กรมแพทย์ทหารบก,ขั้นมาตรฐาน,2025-09-23,2028-09-22,
11,นครศรีธรรมราช,ค่ายวชิราวุธ,11523,กระทรวงกลาโหม,กรมแพทย์ทหารบก,อยู่ระหว่างกระบวนการต่ออายุ,2023-05-23,2026-05-22,
11,นครศรีธรรมราช,จุฬาภรณ์,11660,รัฐในสังกัดสป.สธ.,รพช.,ไม่มีขั้น,2022-10-12,2025-10-11,
11,นครศรีธรรมราช,เฉลิมพระเกียรติ,40491,รัฐในสังกัดสป.สธ.,รพช.,ไม่มีขั้น,2024-04-25,2026-04-24,
11,นครศรีธรรมราช,ชะอวด,11328,รัฐในสังกัดสป.สธ.,รพช.,ขั้นมาตรฐาน,2024-09-24,2027-09-23,
11,นครศรีธรรมราช,เชียรใหญ่,11327,รัฐในสังกัดสป.สธ.,รพช.,ไม่มีขั้น,2016-01-26,2018-01-25,
11,นครศรีธรรมราช,ถ้ำพรรณรา,11339,รัฐในสังกัดสป.สธ.,รพช.,ขั้นมาตรฐาน,2024-03-24,2027-03-23,
11,นครศรีธรรมราช,ทั่วไปขนาดกลางนครคริสเตียน,12169,เอกชน,สมาคมโรงพยาบาลเอกชน,ไม่มีขั้น,,,
11,นครศรีธรรมราช,ทั่วไปขนาดกลางนครพัฒน์,23875,เอกชน,สมาคมโรงพยาบาลเอกชน,ไม่มีขั้น,,,
11,นครศรีธรรมราช,ท่าศาลา,11329,รัฐในสังกัดสป.สธ.,รพท.,ขั้นมาตรฐาน,2025-04-08,2028-04-07,
11,นครศรีธรรมราช,ทุ่งสง,11330,รัฐในสังกัดสป.สธ.,รพท.,ขั้นมาตรฐาน,2024-07-25,2027-07-24,
11,นครศรีธรรมราช,ทุ่งใหญ่,11332,รัฐในสังกัดสป.สธ.,รพช.,ขั้นมาตรฐาน,2024-03-24,2027-03-23,
11,นครศรีธรรมราช,เทศบาลนครนครศรีธรรมราช,21771,องค์กรปกครองส่วนท้องถิ่น,โรงพยาบาล นอก สธ.,ไม่มีขั้น,2016-12-13,2018-12-12,
11,นครศรีธรรมราช,ธนบุรี ทุ่งสง โรงพยาบาลทั่วไปขนาดกลาง,41714,เอกชน,เอกชน,ขั้นพัฒนา ขั้นที่ 2,2026-03-25,2028-03-24,
11,นครศรีธรรมราช,นครินทร์โรงพยาบาลทั่วไปขนาดใหญ่,12167,เอกชน,สมาคมโรงพยาบาลเอกชน,ขั้นมาตรฐาน,2024-06-11,2027-06-10,
11,นครศรีธรรมราช,นบพิตำ,40742,รัฐในสังกัดสป.สธ.,รพช.,ขั้นพัฒนา ขั้นที่ 1,2025-08-25,2026-08-24,
11,นครศรีธรรมราช,นาบอน,11331,รัฐในสังกัดสป.สธ.,รพช.,ไม่มีขั้น,2023-05-21,2026-05-20,
11,นครศรีธรรมราช,บางขัน,11338,รัฐในสังกัดสป.สธ.,รพช.,ไม่มีขั้น,2020-05-12,2022-05-11,
11,นครศรีธรรมราช,ปากพนัง,11333,รัฐในสังกัดสป.สธ.,รพช.,ขั้นมาตรฐาน,2025-07-08,2028-07-07,
11,นครศรีธรรมราช,พรหมคีรี,11322,รัฐในสังกัดสป.สธ.,รพช.,ไม่มีขั้น,2018-11-21,2021-11-20,
11,นครศรีธรรมราช,พระพรหม,40743,รัฐในสังกัดสป.สธ.,รพช.,ขั้นพัฒนา ขั้นที่ 2,2024-08-23,2026-08-22,
11,นครศรีธรรมราช,พ่อท่านคล้ายวาจาสิทธิ์,40492,รัฐในสังกัดสป.สธ.,รพช.,ขั้นพัฒนา ขั้นที่ 1,2025-08-25,2026-08-24,
11,นครศรีธรรมราช,พิปูน,11326,รัฐในสังกัดสป.สธ.,รพช.,ไม่มีขั้น,2018-11-13,2021-11-12,
11,นครศรีธรรมราช,มหาราชนครศรีธรรมราช,10680,รัฐในสังกัดสป.สธ.,รพศ.,ขั้นมาตรฐาน,2025-08-19,2028-08-18,
11,นครศรีธรรมราช,รวมแพทย์ทุ่งสงโรงพยาบาลทั่วไปขนาดเล็ก,12168,เอกชน,สมาคมโรงพยาบาลเอกชน,ไม่มีขั้น,,,
11,นครศรีธรรมราช,ร่อนพิบูลย์,11334,รัฐในสังกัดสป.สธ.,รพช.,ขั้นพัฒนา ขั้นที่ 2,2025-01-29,2027-01-28,
11,นครศรีธรรมราช,ลานสกา,11324,รัฐในสังกัดสป.สธ.,รพช.,ขั้นมาตรฐาน,2024-06-25,2027-06-24,
11,นครศรีธรรมราช,ศูนย์การแพทย์มหาวิทยาลัยวลัยลักษณ์,40970,กระทรวงการอุดมศึกษา วิทยาศาสตร์ วิจัยและนวัตกรรม,โรงเรียนแพทย์,ขั้นมาตรฐาน,2025-07-22,2028-07-21,
11,นครศรีธรรมราช,ส่งเสริมสุขภาพ ศูนย์อนามัยที่ 11 นครศรีธรรมราช,12287,รัฐในสังกัด สธ.,กรมอนามัย,ไม่มีขั้น,2016-06-30,2017-06-29,
11,นครศรีธรรมราช,สถานีกาชาดสิริธร (สถานีกาชาดที่ 12 ทุ่งสง),12472,สภากาชาดไทย,โรงพยาบาล นอก สธ.,ไม่มีขั้น,,,
11,นครศรีธรรมราช,สมเด็จพระยุพราชฉวาง,11325,รัฐในสังกัดสป.สธ.,รพช.,ขั้นมาตรฐาน,2025-01-28,2028-01-27,
11,นครศรีธรรมราช,สิชล,11335,รัฐในสังกัดสป.สธ.,รพท.,ขั้นมาตรฐาน,2025-10-14,2028-10-13,
11,นครศรีธรรมราช,หัวไทร,11337,รัฐในสังกัดสป.สธ.,รพช.,ไม่มีขั้น,2021-04-10,2024-04-09,
11,พังงา,กะปงชัยพัฒน์,11348,รัฐในสังกัดสป.สธ.,รพช.,ขั้นมาตรฐาน,2025-08-19,2028-08-18,
11,พังงา,เกาะยาวชัยพัฒน์,11347,รัฐในสังกัดสป.สธ.,รพช.,ไม่มีขั้น,2015-09-29,2018-09-28,
11,พังงา,คุระบุรีชัยพัฒน์,11352,รัฐในสังกัดสป.สธ.,รพช.,ไม่มีขั้น,2024-05-24,2026-05-23,
11,พังงา,ฐานทัพเรือพังงา,14919,กระทรวงกลาโหม,กรมแพทย์ทหารเรือ,ไม่มีขั้น,,,
11,พังงา,ตะกั่วทุ่ง,11349,รัฐในสังกัดสป.สธ.,รพช.,ขั้นมาตรฐาน,2026-01-14,2029-01-13,
11,พังงา,ตะกั่วป่า,10740,รัฐในสังกัดสป.สธ.,รพท.,ขั้นมาตรฐาน,2026-03-24,2029-03-23,
11,พังงา,ทับปุด,11353,รัฐในสังกัดสป.สธ.,รพช.,ขั้นมาตรฐาน,2025-05-27,2028-05-26,
11,พังงา,ท้ายเหมืองชัยพัฒน์,11354,รัฐในสังกัดสป.สธ.,รพช.,ไม่มีขั้น,2020-01-14,2023-01-13,
11,พังงา,บางไทร,11350,รัฐในสังกัดสป.สธ.,รพช.,ไม่มีขั้น,2015-05-19,2017-05-18,
11,พังงา,พังงา,10739,รัฐในสังกัดสป.สธ.,รพท.,ขั้นมาตรฐาน,2025-03-25,2028-03-24,
11,ภูเก็ต,กรุงเทพภูเก็ตโรงพยาบาลทั่วไปขนาดใหญ่,12184,เอกชน,สมาคมโรงพยาบาลเอกชน,ขั้นมาตรฐาน,2025-10-29,2028-10-28,
11,ภูเก็ต,กรุงเทพสิริโรจน์โรงพยาบาลทั่วไปขนาดใหญ่,12180,เอกชน,สมาคมโรงพยาบาลเอกชน,ไม่มีขั้น,2006-11-01,2007-10-31,
11,ภูเก็ต,ฉลอง,41436,รัฐในสังกัดสป.สธ.,รพช.,ขั้นพัฒนา ขั้นที่ 1,2026-01-26,2027-01-25,
11,ภูเก็ต,ถลาง,11356,รัฐในสังกัดสป.สธ.,รพช.,ไม่มีขั้น,2018-06-12,2021-06-11,
11,ภูเก็ต,ป่าตอง,11355,รัฐในสังกัดสป.สธ.,รพช.,ขั้นมาตรฐาน,2026-02-21,2029-02-20,
11,ภูเก็ต,มิชชั่นภูเก็ตโรงพยาบาลทั่วไปขนาดกลาง,12185,เอกชน,เอกชน,ขั้นมาตรฐาน,2025-08-05,2028-08-04,
11,ภูเก็ต,วชิระภูเก็ต,10741,รัฐในสังกัดสป.สธ.,รพศ.,ขั้นมาตรฐาน,2024-02-13,2027-02-12,
11,ภูเก็ต,องค์การบริหารส่วนจังหวัดภูเก็ต,24678,องค์กรปกครองส่วนท้องถิ่น,โรงพยาบาล นอก สธ.,ขั้นพัฒนา ขั้นที่ 2,2024-11-25,2026-11-24,
11,ระนอง,กระบุรี,11373,รัฐในสังกัดสป.สธ.,รพช.,ขั้นมาตรฐาน,2025-09-24,2028-09-23,
11,ระนอง,กะเปอร์,11372,รัฐในสังกัดสป.สธ.,รพช.,ขั้นมาตรฐาน,2026-04-28,2029-04-27,
11,ระนอง,ระนอง,10743,รัฐในสังกัดสป.สธ.,รพท.,ขั้นมาตรฐาน,2024-08-13,2027-08-12,
11,ระนอง,ละอุ่น,11323,รัฐในสังกัดสป.สธ.,รพช.,ขั้นมาตรฐาน,2024-11-26,2027-11-25,
11,ระนอง,สุขสำราญ,11374,รัฐในสังกัดสป.สธ.,รพช.,ขั้นมาตรฐาน,2026-01-21,2029-01-20,
11,สุราษฎร์ธานี,กรุงเทพสมุยโรงพยาบาลทั่วไปขนาดกลาง,21615,เอกชน,เอกชน,ขั้นมาตรฐาน,2025-02-25,2028-02-24,
11,สุราษฎร์ธานี,กรุงเทพสุราษฎร์โรงพยาบาลทั่วไปขนาดใหญ่,41339,เอกชน,เอกชน,ขั้นมาตรฐาน,2025-11-25,2028-11-24,
11,สุราษฎร์ธานี,กองบิน 7,14862,กระทรวงกลาโหม,กรมแพทย์ทหารอากาศ,ขั้นมาตรฐาน,2023-07-10,2026-07-09,
11,สุราษฎร์ธานี,กาญจนดิษฐ์,11357,รัฐในสังกัดสป.สธ.,รพช.,ขั้นมาตรฐาน,2025-07-08,2028-07-07,
11,สุราษฎร์ธานี,เกาะเต่า,09192,รัฐในสังกัดสป.สธ.,รพช.,ไม่มีขั้น,2024-04-25,2025-04-24,
11,สุราษฎร์ธานี,เกาะพะงัน,11359,รัฐในสังกัดสป.สธ.,รพช.,ขั้นมาตรฐาน,2026-06-23,2029-06-22,
11,สุราษฎร์ธานี,เกาะสมุย,10742,รัฐในสังกัดสป.สธ.,รพท.,ขั้นมาตรฐาน,2025-05-13,2028-05-12,
11,สุราษฎร์ธานี,ค่ายวิภาวดีรังสิต,14901,กระทรวงกลาโหม,กรมแพทย์ทหารบก,ขั้นมาตรฐาน,2024-12-17,2027-12-16,
11,สุราษฎร์ธานี,คีรีรัฐนิคม,11362,รัฐในสังกัดสป.สธ.,รพช.,ขั้นมาตรฐาน,2026-03-24,2029-03-23,
11,สุราษฎร์ธานี,เคียนซา,11368,รัฐในสังกัดสป.สธ.,รพช.,ขั้นมาตรฐาน,2026-05-12,2029-05-11,
11,สุราษฎร์ธานี,เฉพาะทางจักษุวิทยาขนาดเล็ก จักษุสุราษฎร์,42022,เอกชน,เอกชน,ไม่มีขั้น,,,
11,สุราษฎร์ธานี,ชัยบุรี,11371,รัฐในสังกัดสป.สธ.,รพช.,ขั้นมาตรฐาน,2026-05-12,2029-05-11,
11,สุราษฎร์ธานี,ไชยา,11360,รัฐในสังกัดสป.สธ.,รพช.,ขั้นมาตรฐาน,2024-12-17,2027-12-16,
11,สุราษฎร์ธานี,ดอนสัก,11358,รัฐในสังกัดสป.สธ.,รพช.,ขั้นมาตรฐาน,2024-10-08,2027-10-07,
11,สุราษฎร์ธานี,ทักษิณโรงพยาบาลทั่วไปขนาดใหญ่,12188,เอกชน,สมาคมโรงพยาบาลเอกชน,ขั้นมาตรฐาน,2024-12-24,2027-12-23,
11,สุราษฎร์ธานี,ทั่วไปขนาดเล็กเวียงเวช,12196,เอกชน,เอกชน,ไม่มีขั้น,,,
11,สุราษฎร์ธานี,ท่าฉาง,11365,รัฐในสังกัดสป.สธ.,รพช.,ขั้นมาตรฐาน,2023-12-12,2026-12-11,
11,สุราษฎร์ธานี,ท่าชนะ,11361,รัฐในสังกัดสป.สธ.,รพช.,ขั้นมาตรฐาน,2025-05-13,2028-05-12,
11,สุราษฎร์ธานี,ท่าโรงช้าง,14138,รัฐในสังกัดสป.สธ.,รพช.,ขั้นมาตรฐาน,2025-04-22,2028-04-21,
11,สุราษฎร์ธานี,ไทยอินเตอร์เนชั่นแนลโรงพยาบาลทั่วไปขนาดกลาง,21614,เอกชน,สมาคมโรงพยาบาลเอกชน,ไม่มีขั้น,,,
11,สุราษฎร์ธานี,บ้านดอนอินเตอร์,12195,เอกชน,สมาคมโรงพยาบาลเอกชน,ไม่มีขั้น,,,
11,สุราษฎร์ธานี,บ้านตาขุน,11363,รัฐในสังกัดสป.สธ.,รพช.,ไม่มีขั้น,2023-05-24,2026-05-23,
11,สุราษฎร์ธานี,บ้านนาเดิม,11367,รัฐในสังกัดสป.สธ.,รพช.,ขั้นมาตรฐาน,2024-09-10,2027-09-09,
11,สุราษฎร์ธานี,บ้านนาสาร,11366,รัฐในสังกัดสป.สธ.,รพช.,ไม่มีขั้น,2021-03-04,2024-03-03,
11,สุราษฎร์ธานี,พนม,11364,รัฐในสังกัดสป.สธ.,รพช.,ขั้นมาตรฐาน,2024-10-08,2027-10-07,
11,สุราษฎร์ธานี,พระแสง,11369,รัฐในสังกัดสป.สธ.,รพช.,ขั้นมาตรฐาน,2026-04-07,2029-04-06,
11,สุราษฎร์ธานี,พุนพิน,11370,รัฐในสังกัดสป.สธ.,รพช.,ขั้นมาตรฐาน,2024-08-13,2027-08-12,
11,สุราษฎร์ธานี,เฟิร์สเวสเทอร์นโรงพยาบาลทั่วไปขนาดกลาง,41362,เอกชน,เอกชน,ไม่มีขั้น,,,
11,สุราษฎร์ธานี,มะเร็งสุราษฎร์ธานี,14203,รัฐในสังกัด สธ.,กรมการแพทย์,อยู่ระหว่างกระบวนการต่ออายุ,2023-06-13,2026-06-12,
11,สุราษฎร์ธานี,วิภาวดี,11654,รัฐในสังกัดสป.สธ.,รพช.,ขั้นมาตรฐาน,2023-07-22,2026-07-21,
11,สุราษฎร์ธานี,ศรีวิชัย สุราษฎร์ธานีโรงพยาบาลทั่วไปขนาดเล็ก,12189,เอกชน,เอกชน,ไม่มีขั้น,2008-02-29,2009-02-28,
11,สุราษฎร์ธานี,สถาบันสุขภาพจิตเด็กและวัยรุ่นภาคใต้,40915,รัฐในสังกัด สธ.,กรมสุขภาพจิต,ขั้นมาตรฐาน,2026-05-26,2029-05-25,
11,สุราษฎร์ธานี,สมเด็จพระยุพราชเวียงสระ,11459,รัฐในสังกัดสป.สธ.,รพช.,ขั้นมาตรฐาน,2025-12-23,2028-12-22,
11,สุราษฎร์ธานี,สมุยอินเตอร์เนชั่นแนลโรงพยาบาลทั่วไปขนาดเล็ก,14682,เอกชน,เอกชน,ไม่มีขั้น,,,
11,สุราษฎร์ธานี,สวนสราญรมย์,12289,รัฐในสังกัด สธ.,กรมสุขภาพจิต,ขั้นมาตรฐาน,2023-11-27,2026-11-26,
11,สุราษฎร์ธานี,สุราษฎร์ธานี,10681,รัฐในสังกัดสป.สธ.,รพศ.,ขั้นมาตรฐาน,2023-11-14,2026-11-13,
12,ตรัง,กันตัง,11407,รัฐในสังกัดสป.สธ.,รพช.,ขั้นมาตรฐาน,2024-10-08,2027-10-07,
12,ตรัง,ตรัง,10683,รัฐในสังกัดสป.สธ.,รพศ.,ขั้นมาตรฐาน,2023-09-12,2026-09-11,
12,ตรัง,ธนบุรี ตรัง,12230,เอกชน,สมาคมโรงพยาบาลเอกชน,ขั้นมาตรฐาน,2023-07-10,2026-07-09,
12,ตรัง,นาโยง,11413,รัฐในสังกัดสป.สธ.,รพช.,ขั้นมาตรฐาน,2025-12-09,2028-12-08,
12,ตรัง,ปะเหลียน,11409,รัฐในสังกัดสป.สธ.,รพช.,ขั้นมาตรฐาน,2024-10-22,2027-10-21,
12,ตรัง,ย่านตาขาว,11408,รัฐในสังกัดสป.สธ.,รพช.,ขั้นมาตรฐาน,2025-07-08,2028-07-07,
12,ตรัง,รัษฎา,14139,รัฐในสังกัดสป.สธ.,รพช.,ขั้นมาตรฐาน,2026-03-24,2029-03-23,
12,ตรัง,โรคผิวหนังเขตร้อนภาคใต้ จังหวัดตรัง,13755,รัฐในสังกัด สธ.,กรมการแพทย์,ขั้นมาตรฐาน,2024-12-24,2027-12-23,
12,ตรัง,วังวิเศษ,11412,รัฐในสังกัดสป.สธ.,รพช.,ขั้นมาตรฐาน,2024-10-08,2027-10-07,
12,ตรัง,วัฒนแพทย์ตรังโรงพยาบาลทั่วไปขนาดใหญ่,12226,เอกชน,สมาคมโรงพยาบาลเอกชน,ขั้นมาตรฐาน,2024-08-27,2027-08-26,
12,ตรัง,สิเกา,11410,รัฐในสังกัดสป.สธ.,รพช.,ขั้นมาตรฐาน,2024-12-17,2027-12-16,
12,ตรัง,ห้วยยอด,11411,รัฐในสังกัดสป.สธ.,รพช.,ขั้นมาตรฐาน,2025-04-15,2028-04-14,
12,ตรัง,หาดสำราญเฉลิมพระเกียรติ ๘๐ พรรษา,28817,รัฐในสังกัดสป.สธ.,รพช.,ขั้นมาตรฐาน,2025-12-23,2028-12-22,
12,นราธิวาส,กัลยาณิวัฒนาการุณย์,40497,กระทรวงการอุดมศึกษา วิทยาศาสตร์ วิจัยและนวัตกรรม,โรงเรียนแพทย์,ขั้นมาตรฐาน,2024-11-12,2027-11-11,
12,นราธิวาส,จะแนะ,13818,รัฐในสังกัดสป.สธ.,รพช.,ขั้นมาตรฐาน,2025-12-23,2028-12-22,
12,นราธิวาส,เจาะไอร้อง,15010,รัฐในสังกัดสป.สธ.,รพช.,อยู่ระหว่างกระบวนการต่ออายุ,2023-06-12,2026-06-11,
12,นราธิวาส,ตากใบ,11435,รัฐในสังกัดสป.สธ.,รพช.,ขั้นมาตรฐาน,2025-02-25,2028-02-24,
12,นราธิวาส,ทั่วไปขนาดกลางราษฎร์นรา,42910 ,เอกชน,เอกชน,ไม่มีขั้น,2023-04-25,2024-04-24,
12,นราธิวาส,นราธิวาสราชนครินทร์,10750,รัฐในสังกัดสป.สธ.,รพท.,ขั้นมาตรฐาน,2024-02-13,2027-02-12,
12,นราธิวาส,บาเจาะ,11436,รัฐในสังกัดสป.สธ.,รพช.,ขั้นมาตรฐาน,2025-03-25,2028-03-24,
12,นราธิวาส,ยี่งอเฉลิมพระเกียรติ ๘๐ พรรษา,23771,รัฐในสังกัดสป.สธ.,รพช.,ขั้นมาตรฐาน,2023-08-22,2026-08-21,
12,นราธิวาส,ระแงะ,11437,รัฐในสังกัดสป.สธ.,รพช.,ไม่มีขั้น,2022-07-23,2025-07-22,
12,นราธิวาส,รือเสาะ,11438,รัฐในสังกัดสป.สธ.,รพช.,ขั้นมาตรฐาน,2024-09-10,2027-09-09,
12,นราธิวาส,แว้ง,11440,รัฐในสังกัดสป.สธ.,รพช.,ขั้นมาตรฐาน,2024-10-08,2027-10-07,
12,นราธิวาส,ศรีสาคร,11439,รัฐในสังกัดสป.สธ.,รพช.,ขั้นมาตรฐาน,2024-12-24,2027-12-23,
12,นราธิวาส,สุคิริน,11441,รัฐในสังกัดสป.สธ.,รพช.,ขั้นมาตรฐาน,2024-03-04,2027-03-03,
12,นราธิวาส,สุไหงโก-ลก,10751,รัฐในสังกัดสป.สธ.,รพท.,ขั้นมาตรฐาน,2026-04-28,2029-04-27,
12,นราธิวาส,สุไหงปาดี,11442,รัฐในสังกัดสป.สธ.,รพช.,ขั้นมาตรฐาน,2025-11-11,2028-11-10,
12,ปัตตานี,กะพ้อ,11464,รัฐในสังกัดสป.สธ.,รพช.,ขั้นมาตรฐาน,2024-08-27,2027-08-26,
12,ปัตตานี,ค่ายอิงคยุทธบริหาร,11529,กระทรวงกลาโหม,กรมแพทย์ทหารบก,ขั้นมาตรฐาน,2025-08-26,2028-08-25,
12,ปัตตานี,โคกโพธิ์,11423,รัฐในสังกัดสป.สธ.,รพช.,ขั้นมาตรฐาน,2025-07-08,2028-07-07,
12,ปัตตานี,ทั่วไปขนาดเล็กสิโรรส ปัตตานี,41342,เอกชน,เอกชน,ไม่มีขั้น,2024-01-25,2026-01-24,
12,ปัตตานี,ทุ่งยางแดง,11427,รัฐในสังกัดสป.สธ.,รพช.,ไม่มีขั้น,2022-07-23,2025-07-22,
12,ปัตตานี,ธัญญารักษ์ปัตตานี,14195,รัฐในสังกัด สธ.,กรมการแพทย์,ขั้นมาตรฐาน,2025-12-09,2028-12-08,
12,ปัตตานี,ปะนาเระ,11425,รัฐในสังกัดสป.สธ.,รพช.,ขั้นมาตรฐาน,2026-02-11,2029-02-10,
12,ปัตตานี,ปัตตานี,10748,รัฐในสังกัดสป.สธ.,รพท.,ขั้นมาตรฐาน,2024-08-27,2027-08-26,
12,ปัตตานี,มายอ,11426,รัฐในสังกัดสป.สธ.,รพช.,ขั้นมาตรฐาน,2026-03-24,2029-03-23,
12,ปัตตานี,แม่ลาน,11431,รัฐในสังกัดสป.สธ.,รพช.,ขั้นมาตรฐาน,2024-03-27,2027-03-26,
12,ปัตตานี,ไม้แก่น,11428,รัฐในสังกัดสป.สธ.,รพช.,ขั้นมาตรฐาน,2025-02-25,2028-02-24,
12,ปัตตานี,ยะรัง,11430,รัฐในสังกัดสป.สธ.,รพช.,อยู่ระหว่างกระบวนการต่ออายุ,2023-02-11,2026-02-10,
12,ปัตตานี,ยะหริ่ง,11429,รัฐในสังกัดสป.สธ.,รพช.,ขั้นมาตรฐาน,2024-10-08,2027-10-07,
12,ปัตตานี,สมเด็จพระยุพราชสายบุรี,11460,รัฐในสังกัดสป.สธ.,รพช.,ขั้นมาตรฐาน,2026-01-13,2029-01-12,
12,ปัตตานี,หนองจิก,11424,รัฐในสังกัดสป.สธ.,รพช.,ขั้นมาตรฐาน,2025-01-28,2028-01-27,
12,พัทลุง,กงหรา,11414,รัฐในสังกัดสป.สธ.,รพช.,ขั้นมาตรฐาน,2026-05-12,2029-05-11,
12,พัทลุง,เขาชัยสน,11415,รัฐในสังกัดสป.สธ.,รพช.,ขั้นมาตรฐาน,2025-05-13,2028-05-12,
12,พัทลุง,ควนขนุน,11417,รัฐในสังกัดสป.สธ.,รพช.,ขั้นมาตรฐาน,2024-08-13,2027-08-12,
12,พัทลุง,ตะโหมด,11416,รัฐในสังกัดสป.สธ.,รพช.,ขั้นมาตรฐาน,2024-01-09,2027-01-08,
12,พัทลุง,ทั่วไปขนาดเล็กปิยะรักษ์,12235,เอกชน,เอกชน,ไม่มีขั้น,,,
12,พัทลุง,บางแก้ว,11421,รัฐในสังกัดสป.สธ.,รพช.,ขั้นมาตรฐาน,2025-01-14,2028-01-13,
12,พัทลุง,ปากพะยูน,11418,รัฐในสังกัดสป.สธ.,รพช.,ขั้นมาตรฐาน,2024-09-10,2027-09-09,
12,พัทลุง,ป่าบอน,11420,รัฐในสังกัดสป.สธ.,รพช.,ขั้นมาตรฐาน,2023-09-20,2026-09-19,
12,พัทลุง,ป่าพะยอม,11422,รัฐในสังกัดสป.สธ.,รพช.,อยู่ระหว่างกระบวนการต่ออายุ,2023-06-13,2026-06-12,
12,พัทลุง,พัทลุง,10747,รัฐในสังกัดสป.สธ.,รพท.,ขั้นมาตรฐาน,2024-02-04,2027-02-03,
12,พัทลุง,ศรีนครินทร์(ปัญญานันทภิกขุ),24673,รัฐในสังกัดสป.สธ.,รพช.,ขั้นมาตรฐาน,2025-10-14,2028-10-13,
12,พัทลุง,ศรีบรรพต,11419,รัฐในสังกัดสป.สธ.,รพช.,ขั้นมาตรฐาน,2023-07-15,2026-07-14,
12,ยะลา,กรงปินัง,24689,รัฐในสังกัดสป.สธ.,รพช.,ขั้นมาตรฐาน,2023-08-28,2026-08-27,
12,ยะลา,กาบัง,13806,รัฐในสังกัดสป.สธ.,รพช.,ไม่มีขั้น,2021-02-21,2024-02-20,
12,ยะลา,ทั่วไปขนาดกลางสิโรรส ยะลา,12238,เอกชน,เอกชน,ขั้นมาตรฐาน,2023-08-28,2026-08-27,
12,ยะลา,ธารโต,11433,รัฐในสังกัดสป.สธ.,รพช.,ไม่มีขั้น,2023-05-01,2026-04-30,
12,ยะลา,บันนังสตา,11432,รัฐในสังกัดสป.สธ.,รพช.,ขั้นมาตรฐาน,2024-05-01,2027-04-30,
12,ยะลา,เบตง,10749,รัฐในสังกัดสป.สธ.,รพท.,ขั้นมาตรฐาน,2026-01-14,2029-01-13,
12,ยะลา,ยะลา,10684,รัฐในสังกัดสป.สธ.,รพศ.,ขั้นมาตรฐาน,2025-01-14,2028-01-13,
12,ยะลา,รามัน,11434,รัฐในสังกัดสป.สธ.,รพช.,ขั้นมาตรฐาน,2026-01-27,2029-01-26,
12,ยะลา,ส่งเสริมสุขภาพ ศูนย์อนามัยที่ 12 ยะลา,14663,รัฐในสังกัด สธ.,กรมอนามัย,ขั้นพัฒนา ขั้นที่ 2,2025-02-21,2027-02-20,
12,ยะลา,สมเด็จพระยุพราชยะหา,11461,รัฐในสังกัดสป.สธ.,รพช.,ขั้นมาตรฐาน,2025-06-10,2028-06-09,
12,สงขลา,กระแสสินธุ์,11393,รัฐในสังกัดสป.สธ.,รพช.,ขั้นมาตรฐาน,2026-03-24,2029-03-23,
12,สงขลา,กรุงเทพหาดใหญ่โรงพยาบาลทั่วไปขนาดใหญ่,12223,เอกชน,สมาคมโรงพยาบาลเอกชน,ขั้นมาตรฐาน,2025-07-22,2028-07-21,
12,สงขลา,กองบิน กองบิน 56,11528,กระทรวงกลาโหม,กรมแพทย์ทหารอากาศ,ไม่มีขั้น,2018-12-24,2019-12-23,
12,สงขลา,การแพทย์แผนไทย มหาวิทยาลัยสงขลานครินทร์,23925,กระทรวงการอุดมศึกษา วิทยาศาสตร์ วิจัยและนวัตกรรม,ศูนย์บริการสาธารณสุข,ขั้นพัฒนา ขั้นที่ 2,2026-07-25,2028-07-24,
12,สงขลา,คลองหอยโข่ง (ยุวสมาคมแห่งประเทศไทย),11401,รัฐในสังกัดสป.สธ.,รพช.,ขั้นมาตรฐาน,2025-12-09,2028-12-08,
12,สงขลา,ควนเนียง,11397,รัฐในสังกัดสป.สธ.,รพช.,ขั้นมาตรฐาน,2024-01-09,2027-01-08,
12,สงขลา,ค่ายเสนาณรงค์,11527,กระทรวงกลาโหม,กรมแพทย์ทหารบก,ขั้นมาตรฐาน,2024-05-01,2027-04-30,
12,สงขลา,จะนะ,11387,รัฐในสังกัดสป.สธ.,รพช.,ขั้นมาตรฐาน,2026-04-28,2029-04-27,
12,สงขลา,จิตเวชสงขลาราชนครินทร์,12290,รัฐในสังกัด สธ.,กรมสุขภาพจิต,ขั้นมาตรฐาน,2025-11-11,2028-11-10,
12,สงขลา,ฐานทัพทหารเรือสงขลา,11526,กระทรวงกลาโหม,กรมแพทย์ทหารเรือ,ไม่มีขั้น,,,
12,สงขลา,ทันตกรรม คณะทันตแพทยศาสตร์ มหาวิทยาลัยสงขลานครินทร์,13753,กระทรวงการอุดมศึกษา วิทยาศาสตร์ วิจัยและนวัตกรรม,กระทรวงการอุดมศึกษา วิทยาศาสตร์ วิจัยและนวัตกรรม,ขั้นมาตรฐาน,2023-12-27,2026-12-26,
12,สงขลา,เทพา,11390,รัฐในสังกัดสป.สธ.,รพช.,ขั้นมาตรฐาน,2025-06-24,2028-06-23,
12,สงขลา,ธนบุรี ราษฎร์ยินดี,12222,เอกชน,สมาคมโรงพยาบาลเอกชน,ขั้นมาตรฐาน,2024-11-12,2027-11-11,
12,สงขลา,ธัญญารักษ์สงขลา,14194,รัฐในสังกัด สธ.,กรมการแพทย์,อยู่ระหว่างกระบวนการต่ออายุ,2023-05-09,2026-05-08,
12,สงขลา,นาหม่อม,11396,รัฐในสังกัดสป.สธ.,รพช.,ขั้นมาตรฐาน,2024-07-23,2027-07-22,
12,สงขลา,บางกล่ำ,11399,รัฐในสังกัดสป.สธ.,รพช.,ขั้นมาตรฐาน,2025-01-14,2028-01-13,
12,สงขลา,ปาดังเบซาร์,11398,รัฐในสังกัดสป.สธ.,รพช.,ขั้นมาตรฐาน,2025-09-23,2028-09-22,
12,สงขลา,มิตรภาพสามัคคี (มูลนิธิท่งเซียเซี่ยงตึ๊ง) โรงพยาบาลทั่วไปขนาดกลาง,12212,เอกชน,สมาคมโรงพยาบาลเอกชน,ขั้นมาตรฐาน,2024-11-26,2027-11-25,
12,สงขลา,ระโนด,11392,รัฐในสังกัดสป.สธ.,รพช.,ขั้นมาตรฐาน,2024-05-01,2027-04-30,
12,สงขลา,รัตภูมิ,11394,รัฐในสังกัดสป.สธ.,รพช.,อยู่ระหว่างกระบวนการต่ออายุ,2023-02-18,2026-02-17,
12,สงขลา,ศิครินทร์ หาดใหญ่,12221,เอกชน,สมาคมโรงพยาบาลเอกชน,ขั้นมาตรฐาน,2025-07-22,2028-07-21,
12,สงขลา,สงขลา,10745,รัฐในสังกัดสป.สธ.,รพท.,ขั้นมาตรฐาน,2024-12-24,2027-12-23,
12,สงขลา,สงขลานครินทร์,13779,กระทรวงการอุดมศึกษา วิทยาศาสตร์ วิจัยและนวัตกรรม,โรงเรียนแพทย์,ขั้นก้าวหน้า,2023-08-26,2027-08-25,
12,สงขลา,สทิงพระ,11386,รัฐในสังกัดสป.สธ.,รพช.,ขั้นมาตรฐาน,2025-01-28,2028-01-27,
12,สงขลา,สมเด็จพระบรมราชินีนาถ ณ อำเภอนาทวี,11388,รัฐในสังกัดสป.สธ.,รพช.,ขั้นมาตรฐาน,2024-12-17,2027-12-16,
12,สงขลา,สะเดา,11395,รัฐในสังกัดสป.สธ.,รพช.,ขั้นมาตรฐาน,2023-07-25,2026-07-24,
12,สงขลา,สะบ้าย้อย,11391,รัฐในสังกัดสป.สธ.,รพช.,ขั้นมาตรฐาน,2025-03-25,2028-03-24,
12,สงขลา,สิงหนคร,11400,รัฐในสังกัดสป.สธ.,รพช.,ขั้นมาตรฐาน,2024-06-11,2027-06-10,
12,สงขลา,หาดใหญ่,10682,รัฐในสังกัดสป.สธ.,รพศ.,ขั้นมาตรฐาน,2025-03-25,2028-03-24,
12,สตูล,ควนกาหลง,11403,รัฐในสังกัดสป.สธ.,รพช.,ขั้นมาตรฐาน,2025-02-25,2028-02-24,
12,สตูล,ควนโดน,11402,รัฐในสังกัดสป.สธ.,รพช.,ขั้นมาตรฐาน,2024-10-08,2027-10-07,
12,สตูล,ท่าแพ,11404,รัฐในสังกัดสป.สธ.,รพช.,อยู่ระหว่างกระบวนการต่ออายุ,2023-05-26,2026-05-25,
12,สตูล,ทุ่งหว้า,11406,รัฐในสังกัดสป.สธ.,รพช.,ขั้นมาตรฐาน,2024-02-13,2027-02-12,
12,สตูล,มะนัง,28786,รัฐในสังกัดสป.สธ.,รพช.,อยู่ระหว่างกระบวนการต่ออายุ,2023-05-24,2026-05-23,
12,สตูล,ละงู,11405,รัฐในสังกัดสป.สธ.,รพช.,ขั้นมาตรฐาน,2024-11-12,2027-11-11,
12,สตูล,สตูล,10746,รัฐในสังกัดสป.สธ.,รพท.,ขั้นมาตรฐาน,2026-04-28,2029-04-27,
13,กรุงเทพมหานคร,กรุงเทพคริสเตียนโรงพยาบาลทั่วไปขนาดใหญ่,11548,เอกชน,สมาคมโรงพยาบาลเอกชน,ขั้นมาตรฐาน,2025-06-10,2028-06-09,
13,กรุงเทพมหานคร,กรุงเทพโรงพยาบาลทั่วไปขนาดใหญ่,11630,เอกชน,สมาคมโรงพยาบาลเอกชน,ขั้นก้าวหน้า,2025-12-19,2029-12-18,
13,กรุงเทพมหานคร,กรุงเทพอินเตอร์เนชั่นแนลโรงพยาบาลเฉพาะทางขนาดใหญ่ ด้านสมองและกระดูก,41929,เอกชน,เอกชน,ขั้นก้าวหน้า,2025-12-19,2029-12-18,
13,กรุงเทพมหานคร,ผู้สูงอายุบางขุนเทียน,25060,กรุงเทพมหานคร (สังกัด กทม.),กรุงเทพมหานคร (สังกัด กทม.),ขั้นพัฒนา ขั้นที่ 1,2026-04-25,2027-04-24,
13,กรุงเทพมหานคร,กองเวชศาสตร์ป้องกัน กรมแพทย์ทหารอากาศ กองทัพอากาศ (กวป.พอ),14966,กระทรวงกลาโหม,กรมแพทย์ทหารอากาศ,ไม่มีขั้น,,,
13,กรุงเทพมหานคร,กายภาพบำบัด เฌ้อสเซอรี่โฮม บางนา-วงแหวน ขนาดเล็ก,43465,เอกชน,เอกชน,ไม่มีขั้น,,,
13,กรุงเทพมหานคร,การไฟฟ้านครหลวง,11531,รัฐวิสาหกิจ,รัฐวิสาหกิจ,ไม่มีขั้น,,,
13,กรุงเทพมหานคร,เกษมราษฎร์ บางแค โรงพยาบาลทั่วไปขนาดใหญ่,11656,เอกชน,สมาคมโรงพยาบาลเอกชน,ขั้นมาตรฐาน,2025-07-22,2028-07-21,
13,กรุงเทพมหานคร,เกษมราษฎร์ รามคำแหง โรงพยาบาลทั่วไปขนาดใหญ่,14908,เอกชน,สมาคมโรงพยาบาลเอกชน,ไม่มีขั้น,2023-06-23,2024-06-22,
13,กรุงเทพมหานคร,โกลเด้นเยียร์เฉพาะประเภทผู้ป่วยขนาดกลาง,11627,เอกชน,เอกชน,ไม่มีขั้น,,,
13,กรุงเทพมหานคร,คณะทันตแพทยศาสตร์ จุฬาลงกรณ์มหาวิทยาลัย,15199,กระทรวงการอุดมศึกษา วิทยาศาสตร์ วิจัยและนวัตกรรม,กระทรวงการอุดมศึกษา วิทยาศาสตร์ วิจัยและนวัตกรรม,ขั้นมาตรฐาน,2025-12-23,2028-12-22,
13,กรุงเทพมหานคร,คณะแพทยศาสตร์โรงพยาบาลรามาธิบดี มหาวิทยาลัยมหิดล,13781,กระทรวงการอุดมศึกษา วิทยาศาสตร์ วิจัยและนวัตกรรม,โรงเรียนแพทย์,ขั้นก้าวหน้า,2026-02-20,2030-02-19,
13,กรุงเทพมหานคร,คณะแพทยศาสตร์วชิรพยาบาล มหาวิทยาลัยนวมินทราธิราช,11535,กรุงเทพมหานคร (สังกัด กทม.),โรงเรียนแพทย์,ขั้นก้าวหน้า,2025-02-22,2029-02-21,
13,กรุงเทพมหานคร,คณะแพทยศาสตร์ศิริราชพยาบาล มหาวิทยาลัยมหิดล,13814,กระทรวงการอุดมศึกษา วิทยาศาสตร์ วิจัยและนวัตกรรม,โรงเรียนแพทย์,ขั้นก้าวหน้า,2024-09-26,2028-09-25,
13,กรุงเทพมหานคร,ครู,22155,กระทรวงศึกษาธิการ,กระทรวงศึกษาธิการ,ไม่มีขั้น,,,
13,กรุงเทพมหานคร,คลองตัน โรงพยาบาลทั่วไปขนาดเล็ก,11626,เอกชน,เอกชน,ไม่มีขั้น,2022-08-26,2023-08-25,
13,กรุงเทพมหานคร,คลินิกศูนย์แพทย์พัฒนา,41735,เอกชน,เอกชน,ขั้นมาตรฐาน,2025-05-13,2028-05-12,
13,กรุงเทพมหานคร,คามิลเลียนโรงพยาบาลทั่วไปขนาดใหญ่,11697,เอกชน,สมาคมโรงพยาบาลเอกชน,ขั้นมาตรฐาน,2026-05-12,2029-05-11,
13,กรุงเทพมหานคร,จักษุรัตนิน โรงพยาบาลเฉพาะทางขนาดเล็ก,11694,เอกชน,สมาคมโรงพยาบาลเอกชน,ไม่มีขั้น,,,
13,กรุงเทพมหานคร,จุฬาภรณ์,22737,สำนักนายกรัฐมนตรี,โรงเรียนแพทย์,ขั้นมาตรฐาน,2026-02-10,2030-02-09,
13,กรุงเทพมหานคร,จุฬาลงกรณ์ สภากาชาดไทย,13756,สภากาชาดไทย,โรงเรียนแพทย์,ขั้นก้าวหน้า,2025-05-23,2029-05-22,
13,กรุงเทพมหานคร,กลาง,11537,กรุงเทพมหานคร (สังกัด กทม.),กรุงเทพมหานคร (สังกัด กทม.),ขั้นมาตรฐาน,2025-06-10,2028-06-09,
13,กรุงเทพมหานคร,เจ้าพระยาโรงพยาบาลทั่วไปขนาดใหญ่,11644,เอกชน,สมาคมโรงพยาบาลเอกชน,ขั้นมาตรฐาน,2025-11-25,2028-11-24,
13,กรุงเทพมหานคร,เฉพาะทางขนาดเล็กกระดูกและข้อ ข้อดีมีสุข,42770,เอกชน,เอกชน,ไม่มีขั้น,,,
13,กรุงเทพมหานคร,เฉพาะทางขนาดเล็กผิวหนัง อโศกสาขาปิ่นเกล้า,28846,เอกชน,เอกชน,ไม่มีขั้น,,,
13,กรุงเทพมหานคร,เฉพาะทางขนาดเล็กผิวหนังอโศก,23956,เอกชน,เอกชน,ไม่มีขั้น,,,
13,กรุงเทพมหานคร,เฉพาะทางมะเร็งกรุงเทพ ขนาดเล็ก,11711,เอกชน,สมาคมโรงพยาบาลเอกชน,ขั้นพัฒนา ขั้นที่ 2,2024-07-25,2026-07-24,
13,กรุงเทพมหานคร,เฉพาะทางศัลยกรรมขนาดกลาง ดับเบิลยูไอเอช อินเตอร์เนชั่นนแนล,42460,เอกชน,เอกชน,ไม่มีขั้น,,,
13,กรุงเทพมหานคร,เฉพาะทางศัลยกรรมตกแต่งกมล โรงพยาบาลเฉพาะทางขนาดเล็ก,28847,เอกชน,เอกชน,ไม่มีขั้น,,,
13,กรุงเทพมหานคร,เฉพาะประเภทผู้ป่วยสูงอายุเฌ้อสเซอรี่ โฮมขนาดเล็ก,41329,เอกชน,เอกชน,ไม่มีขั้น,2024-06-24,2026-06-23,
13,กรุงเทพมหานคร,ชีวา ทรานสิชั่นนัล แคร์ โรงพยาบาลเฉพาะประเภทผู้ป่วยเรื้อรังขนาดกลาง,41937,เอกชน,เอกชน,ไม่มีขั้น,,,
13,กรุงเทพมหานคร,ซีจีเอช สายไหม โรงพยาบาลทั่วไปขนาดใหญ่,21673,เอกชน,สมาคมโรงพยาบาลเอกชน,ขั้นมาตรฐาน,2024-02-13,2027-02-12,
13,กรุงเทพมหานคร,ซีจีเอชโรงพยาบาลทั่วไปขนาดใหญ่,11558,เอกชน,สมาคมโรงพยาบาลเอกชน,ขั้นมาตรฐาน,2025-01-14,2028-01-13,
13,กรุงเทพมหานคร,เซนต์หลุยส์โรงพยาบาลทั่วไปขนาดใหญ่,11600,เอกชน,สมาคมโรงพยาบาลเอกชน,ขั้นก้าวหน้า,2025-08-26,2029-08-25,
13,กรุงเทพมหานคร,เด็กสินแพทย์ โรงพยาบาลเฉพาะทางเด็กขนาดกลาง,11723,เอกชน,เอกชน,ไม่มีขั้น,,,
13,กรุงเทพมหานคร,เดอะซีเนียร์ โรงพยาบาลส่งเสริมฟื้นฟูผู้สูงอายุขนาดเล็ก,22339,เอกชน,เอกชน,ไม่มีขั้น,,,
13,กรุงเทพมหานคร,ตา หู คอ จมูก โรงพยาบาลเฉพาะทางขนาดเล็ก,11677,เอกชน,เอกชน,ไม่มีขั้น,,,
13,กรุงเทพมหานคร,ตากสิน กรุงเทพมหานคร,11539,กรุงเทพมหานคร (สังกัด กทม.),กรุงเทพมหานคร (สังกัด กทม.),ขั้นมาตรฐาน,2026-05-26,2030-05-25,
13,กรุงเทพมหานคร,ตำรวจ,14173,สนง.ตำรวจแห่งชาติ,สนง.ตำรวจแห่งชาติ,ขั้นมาตรฐาน,2023-08-26,2026-08-25,
13,กรุงเทพมหานคร,ทศมินทราธิราช กรมแพทย์ทหารอากาศ,41414,กระทรวงกลาโหม,กรมแพทย์ทหารอากาศ,ขั้นมาตรฐาน,2025-05-13,2028-05-12,
13,กรุงเทพมหานคร,ทหารผ่านศึก,11477,กระทรวงกลาโหม,กรมแพทย์ทหารบก,ขั้นมาตรฐาน,2024-03-24,2027-03-23,
13,กรุงเทพมหานคร,ทหารเรือกรุงเทพ,11479,กระทรวงกลาโหม,กรมแพทย์ทหารเรือ,ขั้นพัฒนา ขั้นที่ 2,2025-02-21,2027-02-20,
13,กรุงเทพมหานคร,ทัณฑสถานโรงพยาบาลราชทัณฑ์,11468,กระทรวงยุติธรรม,กระทรวงยุติธรรม,ขั้นพัฒนา ขั้นที่ 2,2024-11-25,2026-11-24,
13,กรุงเทพมหานคร,ทันตกรรม คณะทันตแพทยศาสตร์  มหาวิทยาลัยมหิดล,21434,กระทรวงการอุดมศึกษา วิทยาศาสตร์ วิจัยและนวัตกรรม,กระทรวงการอุดมศึกษา วิทยาศาสตร์ วิจัยและนวัตกรรม,ขั้นมาตรฐาน,2024-09-24,2027-09-23,
13,กรุงเทพมหานคร,ทั่วไปขนาดกลางโรงพยาบาลวิชัยเวช แยกไฟฉาย,11641,เอกชน,สมาคมโรงพยาบาลเอกชน,ไม่มีขั้น,2016-06-30,2017-06-29,
13,กรุงเทพมหานคร,ทั่วไปขนาดเล็ก เจแปนนิส บาย สมิติเวช,42822,เอกชน,เอกชน,ไม่มีขั้น,,,
13,กรุงเทพมหานคร,ทั่วไปขนาดเล็กคูน,43509,เอกชน,เอกชน,ไม่มีขั้น,,,
13,กรุงเทพมหานคร,ทั่วไปขนาดเล็กเปาโล โชคชัย 4 ตึก 3,42202,เอกชน,เอกชน,ไม่มีขั้น,,,
13,กรุงเทพมหานคร,ทั่วไปขนาดเล็กพีเอ็มจีบางขุนเทียน,11706,เอกชน,เอกชน,ไม่มีขั้น,,,
13,กรุงเทพมหานคร,ทั่วไปขนาดเล็กลาดพร้าวเวชกรรม,42197,เอกชน,เอกชน,ไม่มีขั้น,,,
13,กรุงเทพมหานคร,ทั่วไปขนาดเล็กสหวิทยาการมะลิ,41072,เอกชน,เอกชน,ไม่มีขั้น,,,
13,กรุงเทพมหานคร,ทั่วไปขนาดใหญ่ บี.แคร์ เมดิคอลเซ็นเตอร์,14572,เอกชน,สมาคมโรงพยาบาลเอกชน,ขั้นมาตรฐาน,2024-07-23,2027-07-22,
13,กรุงเทพมหานคร,ทั่วไปขนาดใหญ่ พีเอ็มจี,11647,เอกชน,สมาคมโรงพยาบาลเอกชน,ขั้นพัฒนา ขั้นที่ 2,2026-01-25,2028-01-24,
13,กรุงเทพมหานคร,ทั่วไปขนาดใหญ่กล้วยน้ำไท,11583,เอกชน,สมาคมโรงพยาบาลเอกชน,ขั้นมาตรฐาน,2024-03-24,2027-03-24,
13,กรุงเทพมหานคร,ทั่วไปขนาดใหญ่เกษมราษฎร์ ประชาชื่น,11687,เอกชน,สมาคมโรงพยาบาลเอกชน,ขั้นมาตรฐาน,2025-01-28,2028-01-27,
13,กรุงเทพมหานคร,ทั่วไปขนาดใหญ่ธนบุรี,11645,เอกชน,สมาคมโรงพยาบาลเอกชน,ขั้นมาตรฐาน,2024-09-24,2027-09-23,
13,กรุงเทพมหานคร,ทั่วไปขนาดใหญ่ธนบุรี ทวีวัฒนา,11640,เอกชน,เอกชน,ขั้นมาตรฐาน,2025-10-28,2028-10-27,
13,กรุงเทพมหานคร,ทั่วไปขนาดใหญ่บางนา 1,11592,เอกชน,สมาคมโรงพยาบาลเอกชน,ไม่มีขั้น,2017-05-25,2018-05-24,
13,กรุงเทพมหานคร,ทั่วไปขนาดใหญ่บำรุงราษฎร์ อินเตอร์เนชั่นแนล,11699,เอกชน,สมาคมโรงพยาบาลเอกชน,ขั้นก้าวหน้า,2025-05-23,2029-05-22,
13,กรุงเทพมหานคร,ทั่วไปขนาดใหญ่เปาโล เกษตร,11560,เอกชน,สมาคมโรงพยาบาลเอกชน,อยู่ระหว่างกระบวนการต่ออายุ,2023-05-12,2026-05-11,
13,กรุงเทพมหานคร,ทั่วไปขนาดใหญ่พระราม 9,11628,เอกชน,สมาคมโรงพยาบาลเอกชน,ไม่มีขั้น,2007-03-12,2010-03-11,
13,กรุงเทพมหานคร,ทั่วไปขนาดใหญ่แพทย์ปัญญา,11703,เอกชน,สมาคมโรงพยาบาลเอกชน,ขั้นพัฒนา ขั้นที่ 2,2024-09-25,2026-09-24,
13,กรุงเทพมหานคร,ทั่วไปขนาดใหญ่มิตรประชา,25015,เอกชน,เอกชน,ขั้นมาตรฐาน,2026-04-28,2029-04-27,
13,กรุงเทพมหานคร,ทั่วไปขนาดใหญ่ราษฎร์บูรณะ,11669,เอกชน,สมาคมโรงพยาบาลเอกชน,ขั้นพัฒนา ขั้นที่ 2,2025-11-25,2027-11-24,
13,กรุงเทพมหานคร,ทั่วไปขนาดใหญ่ลาดพร้าว,11729,เอกชน,สมาคมโรงพยาบาลเอกชน,ขั้นมาตรฐาน,2026-01-27,2029-01-26,
13,กรุงเทพมหานคร,ทั่วไปขนาดใหญ่วิชัยยุทธ,11714,เอกชน,เอกชน,ขั้นมาตรฐาน,2024-03-24,2027-03-23,
13,กรุงเทพมหานคร,ทั่วไปขนาดใหญ่วิชัยเวช อินเตอร์เนชั่นแนล หนองแขม,11661,เอกชน,สมาคมโรงพยาบาลเอกชน,ขั้นมาตรฐาน,2025-01-28,2028-01-27,
13,กรุงเทพมหานคร,ทั่วไปขนาดใหญ่ศิครินทร์ กรุงเทพ,11582,เอกชน,สมาคมโรงพยาบาลเอกชน,ขั้นมาตรฐาน,2025-05-13,2028-05-12,
13,กรุงเทพมหานคร,ทั่วไปขนาดใหญ่สินแพทย์ ศรีนครินทร์,41700,เอกชน,เอกชน,ไม่มีขั้น,2020-08-05,2021-08-04,
13,กรุงเทพมหานคร,ทั่วไปขนาดใหญ่สินแพทย์เสรีรักษ์,23783,เอกชน,เอกชน,ไม่มีขั้น,2019-01-29,2022-01-28,
13,กรุงเทพมหานคร,ทั่วไปพระราม 3 ขนาดเล็ก,23957,เอกชน,เอกชน,ไม่มีขั้น,,,
13,กรุงเทพมหานคร,ไทยนครินทร์โรงพยาบาลทั่วไปขนาดใหญ่,11730,เอกชน,สมาคมโรงพยาบาลเอกชน,ขั้นมาตรฐาน,2025-11-25,2028-11-24,
13,กรุงเทพมหานคร,ธนบุรี บำรุงเมือง โรงพยาบาลทั่วไปขนาดกลาง,41577,เอกชน,เอกชน,ขั้นมาตรฐาน,2023-11-15,2026-11-14,
13,กรุงเทพมหานคร,นครธนโรงพยาบาลทั่วไปขนาดใหญ่,11648,เอกชน,สมาคมโรงพยาบาลเอกชน,ขั้นมาตรฐาน,2024-10-22,2027-10-21,
13,กรุงเทพมหานคร,นคราภิบาล,11538,กรุงเทพมหานคร (สังกัด กทม.),กรุงเทพมหานคร (สังกัด กทม.),ขั้นมาตรฐาน,2025-02-25,2028-02-24,
13,กรุงเทพมหานคร,นพรัตนราชธานี,11470,รัฐในสังกัด สธ.,กรมการแพทย์,ขั้นมาตรฐาน,2025-05-13,2028-05-12,
13,กรุงเทพมหานคร,นมะรักษ์เฉพาะทางศัลยศาสตร์มะเร็งขนาดเล็ก,41960,เอกชน,เอกชน,ขั้นมาตรฐาน,2025-05-13,2028-05-12,
13,กรุงเทพมหานคร,นวมินทร์ 9 โรงพยาบาลทั่วไปขนาดใหญ่,23781,เอกชน,สมาคมโรงพยาบาลเอกชน,ไม่มีขั้น,2011-06-24,2013-06-23,
13,กรุงเทพมหานคร,นวมินทร์โรงพยาบาลทั่วไปขนาดใหญ่,11595,เอกชน,สมาคมโรงพยาบาลเอกชน,ขั้นพัฒนา ขั้นที่ 2,2026-03-25,2028-03-24,
13,กรุงเทพมหานคร,บางนากรุงเทพมหานคร,41582,กรุงเทพมหานคร (สังกัด กทม.),กรุงเทพมหานคร (สังกัด กทม.),ขั้นมาตรฐาน,2023-12-12,2026-12-11,
13,กรุงเทพมหานคร,บางปะกอก 1 โรงพยาบาลทั่วไปขนาดใหญ่,11670,เอกชน,สมาคมโรงพยาบาลเอกชน,ขั้นมาตรฐาน,2025-11-11,2028-11-10,
13,กรุงเทพมหานคร,บางปะกอก 8 โรงพยาบาลทั่วไปขนาดใหญ่,15147,เอกชน,เอกชน,อยู่ระหว่างกระบวนการต่ออายุ,2023-06-24,2026-06-23,
13,กรุงเทพมหานคร,บางปะกอก 9 อินเตอร์เนชั่นแนลโรงพยาบาลทั่วไปขนาดใหญ่,21339,เอกชน,สมาคมโรงพยาบาลเอกชน,ขั้นมาตรฐาน,2026-01-29,2029-01-28,
13,กรุงเทพมหานคร,"บางปะกอกอายุรเวชโรงพยาบาลเฉพาะประเภทผู้ป่วยขนาด_x000D_
กลาง",44460,เอกชน,เอกชน,ไม่มีขั้น,,,
13,กรุงเทพมหานคร,บางไผ่โรงพยาบาลทั่วไปขนาดใหญ่,11621,เอกชน,สมาคมโรงพยาบาลเอกชน,ขั้นพัฒนา ขั้นที่ 2,2026-05-25,2028-05-24,
13,กรุงเทพมหานคร,บางโพโรงพยาบาลทั่วไปขนาดใหญ่,11686,เอกชน,สมาคมโรงพยาบาลเอกชน,ขั้นมาตรฐาน,2024-03-24,2027-03-23,
13,กรุงเทพมหานคร,บางมด โรงพยาบาลทั่วไปขนาดใหญ่,11708,เอกชน,สมาคมโรงพยาบาลเอกชน,ขั้นมาตรฐาน,2025-01-14,2028-01-13,
13,กรุงเทพมหานคร,บีเอ็นเอช โรงพยาบาลทั่วไปขนาดกลาง,11546,เอกชน,สมาคมโรงพยาบาลเอกชน,ขั้นมาตรฐาน,2026-02-18,2029-02-17,
13,กรุงเทพมหานคร,บุญญาเวช โรงพยาบาลทั่วไปขนาดเล็ก,41580,เอกชน,เอกชน,ไม่มีขั้น,,,
13,กรุงเทพมหานคร,บุรฉัตรไชยากร (รถไฟ),11534,กระทรวงคมนาคม,โรงพยาบาล นอก สธ.,ไม่มีขั้น,,,
13,กรุงเทพมหานคร,ประสานมิตร,23560,มูลนิธิ,โรงพยาบาล นอก สธ.,ไม่มีขั้น,,,
13,กรุงเทพมหานคร,ปิยะเวทโรงพยาบาลทั่วไปขนาดใหญ่,11632,เอกชน,สมาคมโรงพยาบาลเอกชน,ขั้นมาตรฐาน,2026-06-23,2029-06-22,
13,กรุงเทพมหานคร,ผู้ป่วยเรื้อรังขนาดเล็ก พิม,42220,เอกชน,เอกชน,ไม่มีขั้น,,,
13,กรุงเทพมหานคร,ผู้ป่วยเรื้อรังขนาดเล็กกว๋องสิวมูลนิธิ,11575,เอกชน,เอกชน,ไม่มีขั้น,,,
13,กรุงเทพมหานคร,ผู้ป่วยเรื้อรังภัสรพิบาลเนอสซิ่งโฮมขนาดเล็ก,22340,เอกชน,เอกชน,ไม่มีขั้น,,,
13,กรุงเทพมหานคร,ผู้ป่วยเรื้อรังศุขเวชขนาดเล็ก,14578,เอกชน,เอกชน,ไม่มีขั้น,,,
13,กรุงเทพมหานคร,ผู้สูงอายุขนาดกลางกล้วยน้ำไท 2,11581,เอกชน,เอกชน,ไม่มีขั้น,2013-02-06,2014-02-05,
13,กรุงเทพมหานคร,สิรินธร กรุงเทพมหานคร,15049,กรุงเทพมหานคร (สังกัด กทม.),กรุงเทพมหานคร (สังกัด กทม.),ขั้นมาตรฐาน,2024-10-08,2027-10-07,
13,กรุงเทพมหานคร,ฝ่ายแพทย์หลวงสวนจิตรลดา,22523,สำนักพระราชวัง,สำนักพระราชวัง,ไม่มีขั้น,2016-10-25,2017-10-24,
13,กรุงเทพมหานคร,พญาไท 1 โรงพยาบาลทั่วไปขนาดใหญ่,11715,เอกชน,สมาคมโรงพยาบาลเอกชน,ขั้นมาตรฐาน,2024-12-24,2027-12-23,
13,กรุงเทพมหานคร,พญาไท 2 โรงพยาบาลทั่วไปขนาดใหญ่,11609,เอกชน,สมาคมโรงพยาบาลเอกชน,ขั้นก้าวหน้า,2026-01-23,2030-01-22,
13,กรุงเทพมหานคร,พญาไท 3 โรงพยาบาลทั่วไปขนาดใหญ่,14574,เอกชน,สมาคมโรงพยาบาลเอกชน,ขั้นก้าวหน้า,2024-10-18,2028-10-17,
13,กรุงเทพมหานคร,พญาไท นวมินทร์ โรงพยาบาลทั่วไปขนาดใหญ่,24037,เอกชน,เอกชน,ขั้นมาตรฐาน,2024-10-08,2027-10-07,
13,กรุงเทพมหานคร,พญาไท พหลโยธิน,11607,เอกชน,สมาคมโรงพยาบาลเอกชน,ขั้นมาตรฐาน,2024-04-11,2027-04-10,
13,กรุงเทพมหานคร,พระมงกุฎเกล้า,11481,กระทรวงกลาโหม,กรมแพทย์ทหารบก,ขั้นก้าวหน้า,2024-02-16,2028-02-15,
13,กรุงเทพมหานคร,เพชรเวชโรงพยาบาลทั่วไปขนาดใหญ่,11629,เอกชน,สมาคมโรงพยาบาลเอกชน,ขั้นมาตรฐาน,2023-09-19,2026-09-18,
13,กรุงเทพมหานคร,ภูมิพลอดุลยเดช กรมแพทย์ทหารอากาศ,11482,กระทรวงกลาโหม,กรมแพทย์ทหารอากาศ,ขั้นก้าวหน้า,2024-07-26,2028-07-25,
13,กรุงเทพมหานคร,มงกุฎวัฒนะ,11722,เอกชน,สมาคมโรงพยาบาลเอกชน,ไม่มีขั้น,,,
13,กรุงเทพมหานคร,มนารมย์โรงพยาบาลเฉพาะทางจิตเวชขนาดเล็ก,23780,เอกชน,สมาคมโรงพยาบาลเอกชน,ไม่มีขั้น,,,
13,กรุงเทพมหานคร,มิชชั่นโรงพยาบาลทั่วไปขนาดใหญ่,11543,เอกชน,สมาคมโรงพยาบาลเอกชน,ขั้นมาตรฐาน,2026-05-26,2029-05-25,
13,กรุงเทพมหานคร,เมดพาร์ค โรงพยาบาลทั่วไปขนาดใหญ่,41901,เอกชน,เอกชน,ขั้นมาตรฐาน,2024-04-23,2027-04-22,
13,กรุงเทพมหานคร,ยันฮีโรงพยาบาลทั่วไปขนาดใหญ่,11676,เอกชน,สมาคมโรงพยาบาลเอกชน,ไม่มีขั้น,2016-01-12,2019-01-11,
13,กรุงเทพมหานคร,รวมใจรักษ์โรงพยาบาลทั่วไปขนาดใหญ่,43466,เอกชน,เอกชน,ขั้นพัฒนา ขั้นที่ 2,2024-07-25,2026-07-24,
13,กรุงเทพมหานคร,รัชดา-ท่าพระ โรงพยาบาลทั่วไปขนาดเล็ก,11614,เอกชน,เอกชน,ไม่มีขั้น,,,
13,กรุงเทพมหานคร,หลวงพ่อทวีศักดิ์ ชุตินฺธโร อุทิศ กรุงเทพมหานคร,11540,กรุงเทพมหานคร (สังกัด กทม.),กรุงเทพมหานคร (สังกัด กทม.),ขั้นมาตรฐาน,2023-11-14,2026-11-13,
13,กรุงเทพมหานคร,รัตนประชารักษ์,41522,กรุงเทพมหานคร (สังกัด กทม.),กรุงเทพมหานคร (สังกัด กทม.),ไม่มีขั้น,2023-06-23,2024-06-22,
13,กรุงเทพมหานคร,ราชวิถี,11472,รัฐในสังกัด สธ.,กรมการแพทย์,ขั้นก้าวหน้า,2025-01-31,2029-01-30,
13,กรุงเทพมหานคร,รามคำแหงโรงพยาบาลทั่วไปขนาดใหญ่,11565,เอกชน,สมาคมโรงพยาบาลเอกชน,ไม่มีขั้น,,,
13,กรุงเทพมหานคร,โรงพยาบาลทั่วไปขนาดเล็กนันอา,11637,เอกชน,เอกชน,ไม่มีขั้น,2025-02-21,2026-02-20,
13,กรุงเทพมหานคร,โรงพยาบาลทั่วไปขนาดใหญ่นวเวช,42141,เอกชน,เอกชน,อยู่ระหว่างกระบวนการขอรับรอง,2024-05-24,2026-05-23,
13,กรุงเทพมหานคร,โรงพยาบาลทั่วไปขนาดใหญ่เปาโล โชคชัย 4,11721,เอกชน,สมาคมโรงพยาบาลเอกชน,ขั้นมาตรฐาน,2025-09-24,2028-09-23,
13,กรุงเทพมหานคร,เลิดสิน,11469,รัฐในสังกัด สธ.,กรมการแพทย์,ขั้นมาตรฐาน,2026-01-13,2029-01-12,
13,กรุงเทพมหานคร,วัฒโนสถโรงพยาบาลเฉพาะทางโรคมะเร็งขนาดกลาง,22342,เอกชน,เอกชน,ขั้นก้าวหน้า,2025-12-19,2029-12-18,
13,กรุงเทพมหานคร,วิภาราม โรงพยาบาลทั่วไปขนาดใหญ่,14577,เอกชน,สมาคมโรงพยาบาลเอกชน,ขั้นมาตรฐาน,2025-03-25,2028-03-24,
13,กรุงเทพมหานคร,วิภาวดีโรงพยาบาลทั่วไปขนาดใหญ่,11691,เอกชน,สมาคมโรงพยาบาลเอกชน,ขั้นมาตรฐาน,2024-05-28,2027-05-27,
13,กรุงเทพมหานคร,วิมุต-เทพธารินทร์,11720,เอกชน,สมาคมโรงพยาบาลเอกชน,ขั้นมาตรฐาน,2023-08-26,2026-08-25,
13,กรุงเทพมหานคร,วิมุตโรงพยาบาลทั่วไปขนาดใหญ่,42167,เอกชน,เอกชน,ขั้นมาตรฐาน,2024-10-08,2027-10-07,
13,กรุงเทพมหานคร,เจริญกรุงประชารักษ์,11541,กรุงเทพมหานคร (สังกัด กทม.),กรุงเทพมหานคร (สังกัด กทม.),อยู่ระหว่างกระบวนการขอรับรองขั้นก้าวหน้า,2023-05-26,2026-05-25,
13,กรุงเทพมหานคร,เวชธานีโรงพยาบาลทั่วไปขนาดใหญ่,11564,เอกชน,สมาคมโรงพยาบาลเอกชน,ไม่มีขั้น,2007-03-12,2009-03-11,
13,กรุงเทพมหานคร,เวชศาสตร์เขตร้อน คณะเวชศาสตร์เขตร้อน มหาวิทยาลัยมหิดล,13757,กระทรวงการอุดมศึกษา วิทยาศาสตร์ วิจัยและนวัตกรรม,กระทรวงการอุดมศึกษา วิทยาศาสตร์ วิจัยและนวัตกรรม,ขั้นมาตรฐาน,2025-06-24,2028-06-23,
13,กรุงเทพมหานคร,ศณิสา โรงพยาบาลทั่วไปขนาดเล็ก,11559,เอกชน,เอกชน,ไม่มีขั้น,,,
13,กรุงเทพมหานคร,ศิรินโรงพยาบาลเฉพาะผู้ป่วยเรื้อรังขนาดเล็ก,41894,เอกชน,เอกชน,ไม่มีขั้น,,,
13,กรุงเทพมหานคร,ศิริราช ปิยมหาราชการุณย์,24748,กระทรวงการอุดมศึกษา วิทยาศาสตร์ วิจัยและนวัตกรรม,กระทรวงการอุดมศึกษา วิทยาศาสตร์ วิจัยและนวัตกรรม,ไม่มีขั้น,,,
13,กรุงเทพมหานคร,ศูนย์การแพทย์บางรัก,28777,รัฐในสังกัด สธ.,กรมควบคุมโรค,ขั้นมาตรฐาน,2023-12-13,2026-12-12,
13,กรุงเทพมหานคร,ศูนย์การแพทย์วิชัยยุทธ โรงพยาบาลทั่วไปขนาดใหญ่,23930,เอกชน,เอกชน,ขั้นมาตรฐาน,2024-03-24,2027-03-23,
13,กรุงเทพมหานคร,สงฆ์,11471,รัฐในสังกัด สธ.,กรมการแพทย์,ขั้นมาตรฐาน,2025-11-11,2028-11-10,
13,กรุงเทพมหานคร,สถานพยาบาลเดอะซีเนียร์,11689,เอกชน,เอกชน,ไม่มีขั้น,,,
13,กรุงเทพมหานคร,สถานพยาบาลทัณฑสถานหญิงกลาง,11466,กระทรวงยุติธรรม,ศูนย์บริการสาธารณสุข,ไม่มีขั้น,,,
13,กรุงเทพมหานคร,สถานพยาบาลผู้ป่วยเรื้อรังเดอะซีเนียร์ 3,24793,เอกชน,เอกชน,ไม่มีขั้น,,,
13,กรุงเทพมหานคร,สถานพยาบาลมหาวิทยาลัยเกษตรศาสตร์,41511,กระทรวงการอุดมศึกษา วิทยาศาสตร์ วิจัยและนวัตกรรม,ศูนย์บริการสาธารณสุข,ขั้นพัฒนา ขั้นที่ 1,2025-12-25,2026-12-25,
13,กรุงเทพมหานคร,สถานพยาบาลเรือนจำพิเศษกรุงเทพมหานคร,11467,กระทรวงยุติธรรม,กระทรวงยุติธรรม,ไม่มีขั้น,,,
13,กรุงเทพมหานคร,สถาบันกัลยาณ์ราชนครินทร์,11597,รัฐในสังกัด สธ.,กรมสุขภาพจิต,ขั้นมาตรฐาน,2024-02-20,2027-02-19,
13,กรุงเทพมหานคร,สถาบันจิตเวชศาสตร์สมเด็จเจ้าพระยา,12244,รัฐในสังกัด สธ.,กรมสุขภาพจิต,ขั้นมาตรฐาน,2023-07-22,2026-07-21,
13,กรุงเทพมหานคร,สถาบันประสาทวิทยา,12439,รัฐในสังกัด สธ.,กรมการแพทย์,ขั้นมาตรฐาน,2025-08-05,2028-08-04,
13,กรุงเทพมหานคร,สถาบันพยาธิวิทยา กรมการแพทย์ กระทรวงสาธารณสุข,12248,รัฐในสังกัด สธ.,กรมการแพทย์,ขั้นมาตรฐาน,2026-06-23,2029-06-22,
13,กรุงเทพมหานคร,สถาบันพัฒนาสุขภาวะเขตเมือง,12243,รัฐในสังกัด สธ.,กรมอนามัย,ไม่มีขั้น,,,
13,กรุงเทพมหานคร,สถาบันมะเร็งแห่งชาติ,12250,รัฐในสังกัด สธ.,กรมการแพทย์,ขั้นมาตรฐาน,2025-02-25,2028-02-24,
13,กรุงเทพมหานคร,สถาบันราชานุกูล,12246,รัฐในสังกัด สธ.,กรมสุขภาพจิต,ขั้นมาตรฐาน,2025-05-27,2028-05-26,
13,กรุงเทพมหานคร,สถาบันโรคไตภูมิราชนครินทร์,24923,เอกชน,เอกชน,ขั้นมาตรฐาน,2025-03-25,2028-03-24,
13,กรุงเทพมหานคร,สถาบันโรคผิวหนัง,12249,รัฐในสังกัด สธ.,กรมการแพทย์,ขั้นมาตรฐาน,2024-10-22,2027-10-21,
13,กรุงเทพมหานคร,สถาบันวิจัยการแพทย์แผนไทย,24085,รัฐในสังกัด สธ.,กรมการแพทย์ไทยและการแพทย์ทางเลือก,ไม่มีขั้น,,,
13,กรุงเทพมหานคร,สถาบันสุขภาพจิตเด็กและวัยรุ่นราชนครินทร์,14955,รัฐในสังกัด สธ.,กรมสุขภาพจิต,ขั้นมาตรฐาน,2025-09-23,2028-09-22,
13,กรุงเทพมหานคร,สถาบันสุขภาพเด็กแห่งชาติมหาราชินี กรมการแพทย์,12438,รัฐในสังกัด สธ.,กรมการแพทย์,ขั้นมาตรฐาน,2026-01-21,2029-01-20,
13,กรุงเทพมหานคร,สมเด็จพระปิ่นเกล้า,11478,กระทรวงกลาโหม,กรมแพทย์ทหารเรือ,ขั้นมาตรฐาน,2024-11-12,2027-11-11,
13,กรุงเทพมหานคร,สมิติเวช ธนบุรี โรงพยาบาลทั่วไปขนาดใหญ่,11616,เอกชน,สมาคมโรงพยาบาลเอกชน,ขั้นมาตรฐาน,2023-08-08,2026-08-07,
13,กรุงเทพมหานคร,สมิติเวช ศรีนครินทร์ โรงพยาบาลทั่วไปขนาดใหญ่,11704,เอกชน,สมาคมโรงพยาบาลเอกชน,ขั้นมาตรฐาน,2025-04-22,2028-04-21,
13,กรุงเทพมหานคร,สมิติเวช สุขุมวิทโรงพยาบาลทั่วไปขนาดใหญ่,11811,เอกชน,สมาคมโรงพยาบาลเอกชน,ขั้นมาตรฐาน,2024-02-13,2027-02-12,
13,กรุงเทพมหานคร,สมิติเวชไชน่าทาวน์ โรงพยาบาลทั่วไปขนาดกลาง,40856,เอกชน,เอกชน,ขั้นมาตรฐาน,2024-03-26,2027-03-25,
13,กรุงเทพมหานคร,สวนเบญจกิติเฉลิมพระเกียรติ ๘๔ พรรษา,11532,กระทรวงการคลัง,โรงพยาบาล นอก สธ.,ไม่มีขั้น,2012-11-22,2013-11-21,
13,กรุงเทพมหานคร,สำนักแพทย์และอนามัยการท่าเรือแห่งประเทศไทย,11533,กระทรวงคมนาคม,ศูนย์บริการสาธารณสุข,ไม่มีขั้น,,,
13,กรุงเทพมหานคร,สินแพทย์,15260,เอกชน,สมาคมโรงพยาบาลเอกชน,ไม่มีขั้น,2015-10-27,2018-10-26,
13,กรุงเทพมหานคร,ราชพิพัฒน์,14641,กรุงเทพมหานคร (สังกัด กทม.),กรุงเทพมหานคร (สังกัด กทม.),อยู่ระหว่างกระบวนการต่ออายุ,2023-06-19,2026-06-18,
13,กรุงเทพมหานคร,สิรินาถ บึงกุ่ม โรงพยาบาลทั่วไปขนาดกลาง,41670,เอกชน,เอกชน,ไม่มีขั้น,,,
13,กรุงเทพมหานคร,สุขสวัสดิ์อินเตอร์โรงพยาบาลทั่วไปขนาดใหญ่,11668,เอกชน,สมาคมโรงพยาบาลเอกชน,ขั้นพัฒนา ขั้นที่ 2,2025-01-27,2027-01-26,
13,กรุงเทพมหานคร,สุขุมวิท โรงพยาบาลทั่วไปขนาดใหญ่,11591,เอกชน,สมาคมโรงพยาบาลเอกชน,ไม่มีขั้น,,,
13,กรุงเทพมหานคร,เวชการุณย์รัศมิ์ กรุงเทพมหานคร,11536,กรุงเทพมหานคร (สังกัด กทม.),กรุงเทพมหานคร (สังกัด กทม.),อยู่ระหว่างกระบวนการต่ออายุ,2023-06-10,2026-06-09,
13,กรุงเทพมหานคร,หัวใจกรุงเทพโรงพยาบาลเฉพาะทางโรคหัวใจขนาดกลาง,21597,เอกชน,เอกชน,ขั้นก้าวหน้า,2025-12-19,2029-12-18,
13,กรุงเทพมหานคร,หัวเฉียวโรงพยาบาลทั่วไปขนาดใหญ่,11750,เอกชน,สมาคมโรงพยาบาลเอกชน,ขั้นมาตรฐาน,2024-04-24,2027-04-23,
13,กรุงเทพมหานคร,อินทรารัตน์โรงพยาบาลทั่วไปขนาดใหญ่,42183,เอกชน,เอกชน,ไม่มีขั้น,,,
13,กรุงเทพมหานคร,เอสโรงพยาบาลเฉพาะทางด้านกระดูกสันหลังและระบบประสาทขนาดเล็ก,41861,เอกชน,เอกชน,ไม่มีขั้น,,,
13,กรุงเทพมหานคร,ไอเอ็มเอช ธนบุรี โรงพยาบาลทั่วไปขนาดใหญ่,11667,เอกชน,เอกชน,ไม่มีขั้น,2024-02-19,2026-02-18,
13,กรุงเทพมหานคร,ไอเอ็มเอช สีลม โรงพยาบาลทั่วไปขนาดใหญ่,11552,เอกชน,สมาคมโรงพยาบาลเอกชน,ไม่มีขั้น,2023-11-24,2025-11-23,
