"review_id","place_id","restaurant_name","rating","text","author_name","author_id","author_uri","author_photo_uri","author_is_local_guide","author_review_count","author_photo_count","relative_date","spent_amount","sort_source"
"Ci9DQUlRQUNvZENodHljRjlvT2t0VldGWllWSEpGWDJoTmVuSnBla1ZzYWkxT1NsRRAB","0x30e29f12aaa363f1:0xcefcbb1eecaef925","MedPark Hospital",4,"👍The hospital is well decorated and located right in the center of Bangkok city easily noticed on the main street.

👍The reception welcomed me with hospitality.  Moreover, its parking space is provided sufficiently.

😵‍💫However, although I reached the hospital on time, it took me about an hour to wait to see the doctor with a prior appointment. Besides, when I was supposed to do 2 scanning tests on another floor, it took me a while more to wait for getting such tests.

😵‍💫The hospital has also changed contract terms with some health insurance companies which ended up with me having to pay the hospital myself and have to take all the documents to deal with the insurance company on my own afterwards.","Atchariya S.","113782309388106070187","https://www.google.com/maps/contrib/113782309388106070187/reviews?hl=en","https://lh3.googleusercontent.com/a-/ALV-UjVw16SJ9IQAj6g8uurE1g1lW2GFlqnsNuG3LlfipvCj6Ghy9H6-=w36-h36-p-rp-mo-ba12-br100",1,15,119,"Edited 7 months ago","","relevant"
"Ci9DQUlRQUNvZENodHljRjlvT21ScGJtNVNNamR5U1dkM1JHNTZaVzAxVWxOcVkwRRAB","0x30e29f12aaa363f1:0xcefcbb1eecaef925","MedPark Hospital",5,"I came to MedPark Hospital with a lumbar disc herniation that caused strong pain and limited mobility. Medical options on Samui are very much limited, so I chose MedPark in BKK for its spine team and clear treatment structure, and my case went under the care of Dr Chaiyot Thiranont.

The surgery went well. The surgical team, inpatient unit and nursing staff worked with clear organisation, and anaesthesia was handled with care. I woke up comfortably and without side effects. Recovery after the procedure moved forward without complications.

About a month later a recurrence appeared and brought pain again, which changed the direction of my recovery. During the consultation, Dr Chaiyot suggested an individual rehabilitation plan instead of another surgery and supervised every step himself. Physiotherapy continued for two months and resulted in full resolution of the herniation (an operable case), confirmed by MRI, together with significant improvement of the affected nerve.

This was my first surgery in life, and I am grateful that it was performed by such a skilled professional. I am also grateful that we avoided a second procedure, which highlights the level of expertise Dr Chaiyot brings to his work — a rare quality in general medical practice.

I received clear guidance on long-term physical activity, and I have now completed my treatment as a patient at the hospital. The outcome was successful, thanks to the structured, attentive work of Dr Chaiyot. I would like to thank him, as well as the teams from the orthopedic department, the surgical unit and the physiotherapy department, for their professional support. Thank you very much 🙏🏼","Sonja Nova","109051865134285180406","https://www.google.com/maps/contrib/109051865134285180406/reviews?hl=en","https://lh3.googleusercontent.com/a-/ALV-UjW8p5k3yKW-C1Km362doB6GukuXFsxoaTCnTPqHjYgfYQZGCkGQ=w36-h36-p-rp-mo-ba12-br100",1,271,879,"6 months ago","","relevant"
"Ci9DQUlRQUNvZENodHljRjlvT2xwRFh6aGxYM0J0TUdacFkyaFhjSEJQV2poemMxRRAB","0x30e29f12aaa363f1:0xcefcbb1eecaef925","MedPark Hospital",5,"Baby delivery at this hospital was a best experience ever for me. Very professional, smooth, amazing service, great rooms and care for the mom and baby. Thank you to my doctor Assoc. Prof. Dr. Boonchai Uerpairojkit for helping me safely welcome my baby, it was so smoothly! I also love all the nurses at NICU facility and especially nurse Meow, she was amazing, great at teaching and advising!","6778 SH","110268260176685198244","https://www.google.com/maps/contrib/110268260176685198244/reviews?hl=en","https://lh3.googleusercontent.com/a-/ALV-UjW2ztnexxGKYDGvlkw_HM6LuHvR26pw_DmtNxIwRY8KJ0kI-TP3=w36-h36-p-rp-mo-br100",0,237,541,"10 months ago","","relevant"
"Ci9DQUlRQUNvZENodHljRjlvT25GQ1VHTnVTVkJwVTFSRFFVY3hWbXRrTTBsS2QyYxAB","0x30e29f12aaa363f1:0xcefcbb1eecaef925","MedPark Hospital",5,"One of the top-tier hospital in Bangkok, Thailand. Higher price come with great building design and service. Praram 4 road traffic usually jam at 5 PM.","zatons siri","106198104171272685657","https://www.google.com/maps/contrib/106198104171272685657/reviews?hl=en","https://lh3.googleusercontent.com/a-/ALV-UjUe5oH5z55oEJUH4hdKYSMCHQW4jAc-IGF3tb3T9UtxPHcELOJf6g=w36-h36-p-rp-mo-ba12-br100",1,323,1065,"7 months ago","","relevant"
"Ci9DQUlRQUNvZENodHljRjlvT25aVVZURnhjR05sTFZGclJWOXRjbHB6T0VaVFltYxAB","0x30e29f12aaa363f1:0xcefcbb1eecaef925","MedPark Hospital",5,"I didn’t expect that we will have emergency stay with MedPark Hospital but truly appreciated that our experience with professional Drs & nurses here ! Everything here deserves the 5 stars . Will continue choose MedPark Hospital as long as we stay in Bangkok.","V Yao","108906482480642082712","https://www.google.com/maps/contrib/108906482480642082712/reviews?hl=en","https://lh3.googleusercontent.com/a-/ALV-UjVk0_70gtpG6DrVYTyOYj64Vqy7a1KZqQKTf4IoDDXgYMe-etzIcw=w36-h36-p-rp-mo-ba12-br100",1,425,2198,"8 months ago","","relevant"
"ChdDSUhNMG9nS0VQR1Y1STJOM2JfUHVBRRAB","0x30e29f12aaa363f1:0xcefcbb1eecaef925","MedPark Hospital",4,"Very relaxed atmosphere, which is a good thing since it doesn’t exactly feel much like a hospital, making it a calmer environment for stressed patients! Good doctor but outpatient care fee is overpriced. The customer service is not bad. Overall, this is a high quality hospital with probably one of the best hospital environment in Thailand!","Henry Qi Sheng Lau","117660794313924885423","https://www.google.com/maps/contrib/117660794313924885423/reviews?hl=en","https://lh3.googleusercontent.com/a-/ALV-UjVEiHDjSgVFKhl2HM_adonuO0eST1_Q8fpifYAmEmsQ4l0h9EFJ=w36-h36-p-rp-mo-ba12-br100",1,28,107,"a year ago","","relevant"
"Ci9DQUlRQUNvZENodHljRjlvT25sd2R6WlVXVGhWYjA5blREVkJUVFJTU3pKUlFWRRAB","0x30e29f12aaa363f1:0xcefcbb1eecaef925","MedPark Hospital",5,"Excellent Service and Exceptional Care!
I recently delivered my baby at the hospital, and I want to express my heartfelt thanks for the wonderful care I received. A special shout-out to Nurse Pam, who went above and beyond to make me and my baby feel safe and supported. She was incredibly professional, patient, and kind—always taking the time to explain each step to me as a new mom. Her calm presence and reassuring words made such a difference during my delivery and recovery. I’m truly grateful for her dedication and compassion. Thank you, Pam, and the entire team for making this experience such a positive one!","Pinn Lewsermsin","106905503422189885515","https://www.google.com/maps/contrib/106905503422189885515/reviews?hl=en","https://lh3.googleusercontent.com/a/ACg8ocJFm86Mu5YjCyvKTcI6wFovIWcG5GU1Rgmu39SlHSI4BgldeQ=w36-h36-p-rp-mo-br100",0,8,7,"7 months ago","","relevant"
"Ci9DQUlRQUNvZENodHljRjlvT2psa2JEZDZOMmxwU0VsUFpEbDNNVVJ3ZEVsSWNVRRAB","0x30e29f12aaa363f1:0xcefcbb1eecaef925","MedPark Hospital",5,"I recently visited MedPark Hospital for my company's annual health checkup, and I couldn't be more impressed. The entire experience was exceptionally smooth and efficient. From the moment I walked in, I was greeted by staff members who were genuinely kind, attentive, and helpful. Everyone was so nice, making what could be a stressful situation much more comfortable.

What truly stood out was how fast the service was. I was seen quickly, tests were processed efficiently, and I received clear information without any unnecessary delays.

Highly recommend for anyone looking for excellent, quick, and friendly medical service.","Muentawan Charnnetivadh","111652171271469393156","https://www.google.com/maps/contrib/111652171271469393156/reviews?hl=en","https://lh3.googleusercontent.com/a-/ALV-UjVORXJVegmlHLBIXp98pVeBppclVPZ8663H3Mft2IqK6kBk6lkn=w36-h36-p-rp-mo-ba12-br100",1,32,85,"6 months ago","","relevant"
"Ci9DQUlRQUNvZENodHljRjlvT200elNXMHdVREZJWlhodFdGbE1hSGxLVjFvdGFFRRAB","0x30e29f12aaa363f1:0xcefcbb1eecaef925","MedPark Hospital",1,"I wanted to get one treatment package but got another. It's like buying pork and getting chicken. The medical staff was unfair, and the hospital was irresponsible and neglected this case.

This was my first visit because I thought it was a good hospital with attractive pricing packages. I called many times to inquire before deciding to go for a check-up. On the day of my visit, the hospital's management system was not so good, including the staff and nurses. I wanted to get a premarital check-up package, but because I hadn't gotten some vaccine, the doctor chose another package, which I thought covered the package I wanted because I had stated my purpose from the beginning. While I was waiting for the check-up, I asked the nurse, but she told me the doctor's chosen package cost a different price, which was only a few bahts more, so I was okay with that. However, the results I received weren't what I wanted. The doctor seemed to be twisting my arm, perhaps because I lacked medical knowledge, and she should have communicated clearly. The patient only wanted the tests she needed. It wasn't the doctor's treatment plan that required the doctor to perform other tests. The test cost almost 7k baht, but that wasn't what I wanted, so I wasted my money. What I wanted was a 5,600 baht package. In total, that's over 10K baht. If I wanted a new test, why would I have to pay the initial amount for something I didn't need? I could have spent the entire amount at a better hospital or my regular hospital, which was more cost-effective. I think the hospital is unfair, favoring medical personnel and taking advantage of patients. They are negligent in their communication. The hospital has no responsibility and even pushes the blame onto the patients. I am very disappointed with this hospital. But it's like you've already stepped in with your left foot, and now you only need to step in with your right foot to finish. If the hospital had some sympathy and felt sorry for the patients, it would have been much better.","Sasiyaporn Tangthumrongsakkoon","106495853614696334218","https://www.google.com/maps/contrib/106495853614696334218/reviews?hl=en","https://lh3.googleusercontent.com/a-/ALV-UjXKn2eKRvZYgUXLzPudGG8HWayfiuG75vMqpe5hJCV1XRDj3wE=w36-h36-p-rp-mo-br100",0,5,0,"8 months ago","I wanted to get one treatment package but got another. It's like buying pork and getting chicken. The medical staff was unfair, and the hospital was irresponsible and neglected this case.

This was my first visit because I thought it was a good hospital with attractive pricing packages. I called many times to inquire before deciding to go for a check-up. On the day of my visit, the hospital's management system was not so good, including the staff and nurses. I wanted to get a premarital check-up package, but because I hadn't gotten some vaccine, the doctor chose another package, which I thought covered the package I wanted because I had stated my purpose from the beginning. While I was waiting for the check-up, I asked the nurse, but she told me the doctor's chosen package cost a different price, which was only a few bahts more, so I was okay with that. However, the results I received weren't what I wanted. The doctor seemed to be twisting my arm, perhaps because I lacked medical knowledge, and she should have communicated clearly. The patient only wanted the tests she needed. It wasn't the doctor's treatment plan that required the doctor to perform other tests. The test cost almost 7k baht, but that wasn't what I wanted, so I wasted my money. What I wanted was a 5,600 baht package. In total, that's over 10K baht. If I wanted a new test, why would I have to pay the initial amount for something I didn't need? I could have spent the entire amount at a better hospital or my regular hospital, which was more cost-effective. I think the hospital is unfair, favoring medical personnel and taking advantage of patients. They are negligent in their communication. The hospital has no responsibility and even pushes the blame onto the patients. I am very disappointed with this hospital. But it's like you've already stepped in with your left foot, and now you only need to step in with your right foot to finish. If the hospital had some sympathy and felt sorry for the patients, it would have been much better.","relevant"
"Ci9DQUlRQUNvZENodHljRjlvT21sMFprdERjRlUyTVdSMVdYQjFPWGRyTm1WUGFuYxAB","0x30e29f12aaa363f1:0xcefcbb1eecaef925","MedPark Hospital",5,"MedPark is the best-kept secret in Bangkok healthcare. This isn’t just how I feel; it is what I know.

After being diagnosed with an operable cancer, I visited several other hospitals. They all offered a 'one-way' approach that disregarded me as a patient. I was actually on the verge of simply accepting living with cancer as my only option. Then, I called MedPark. I asked for someone who spoke fluent English to help me explore my options.
I was contacted by Ganda B., a man of angelic demeanor who immediately calmed me. I then met Mark L., an action-oriented leader. Within ten minutes, they helped me navigate the first steps—a complete restart of my diagnosis with a fresh perspective. They recommended Dr. Akanae W., a master surgeon and 'magician.' Dr. Akanae truly listened and was never dismissive. He offered options, admitted the difficulty of the case, but remained hopeful. He established a clear plan and formed a team, and I followed it.
A biopsy was essential, yet every other hospital had refused to perform one. Dr. Unchala B. performed it masterfully. This was followed by liver and lymph clearance by Dr. Santi K. and Dr. Sorranut T. Focus then shifted to Dr. Kawin T., the 'kidney master,' and Dr. Sanisara C., who ensured my heart was strong enough for the journey. When surgery arrived, I was in the hands of Dr. Phuphit F., the anesthesiology lead, and Dr. Wittawat T., the assistant surgeon who ensured every detail was perfect.
I wish I could name every doctor and nurse on every floor, but I must specifically mention the nurses on the 21st-floor post-surgery recovery unit. They are God’s unknown helpers, forever known in my heart for their care. The skill of this medical team is outstanding—on par with, if not better than, any institution I have visited in the USA.

The universe gives us purpose; everyone I encountered gave me a reason to keep the chain linked. I am grateful beyond words. I received the best care from the best people. Dr. Akanae, the magician who did the impossible,is here for a purpose: to save others. You and your team saved me. I am humbly thankful. Thank you all. Now, go save the next human.🙏🏿🙏🏿🙏🏿🙏🏿🙏🏿🙏🏿","sam Man","114233157327685205415","https://www.google.com/maps/contrib/114233157327685205415/reviews?hl=en","https://lh3.googleusercontent.com/a/ACg8ocLN8ho7l3q3lsACv7DWUTjQo0njexYRHyjjGah_Wlh5CEjYJQ=w36-h36-p-rp-mo-br100",0,7,2,"2 months ago","","relevant"
"Ci9DQUlRQUNvZENodHljRjlvT2pkVU1VbGhSR0Y1T1hkdVVrRjFPVFk1YWw5V1FtYxAB","0x30e29f12aaa363f1:0xcefcbb1eecaef925","MedPark Hospital",5,"As per Mr. Kazi Sharhan Saif suggestion we visited Med Park hospital, Bangkok & got excellent services. We recommended others to visit as well as thanks for your services.
Patient name: JAHANARA MIZAN SINHA
PASSPORT: B00232923
HN: 699004321","Kazi Nasim","101508853984426184491","https://www.google.com/maps/contrib/101508853984426184491/reviews?hl=en","https://lh3.googleusercontent.com/a-/ALV-UjWPbLVn4yr6H8KmwHxXwbFbS1X9AbyURiCHwrfLFOdDZpV1B8zW=w36-h36-p-rp-mo-br100",0,1,0,"3 months ago","","relevant"
"Ci9DQUlRQUNvZENodHljRjlvT25ZM05IZzRibWRHV1VOMVkwZ3RUblZKYjBoVE9YYxAB","0x30e29f12aaa363f1:0xcefcbb1eecaef925","MedPark Hospital",5,"This hospital is amazing. My son is currently staying here on ICU
Staff here are amazing, they are so so kind, caring, empathetic, thoughtful, the list goes on. It matbe expensive but worth every penny. God bless you all. ❤️","Lisa Duggan","109652899319808543817","https://www.google.com/maps/contrib/109652899319808543817/reviews?hl=en","https://lh3.googleusercontent.com/a/ACg8ocKwlUWsejrTxvICS364sXbImw55l0eDbVBsSkXZkhd71CY5wg=w36-h36-p-rp-mo-br100",0,8,5,"4 months ago","","relevant"
"Ci9DQUlRQUNvZENodHljRjlvT205cFZuaGpOVXhLU25KNFYzRlRZVGN6VVZjNFdXYxAB","0x30e29f12aaa363f1:0xcefcbb1eecaef925","MedPark Hospital",5,"Dear MedPark Hospital Team,

We recently visited MedPark Hospital with our baby, and we would like to share our experience with you.

From the moment we arrived, the staff hospitality was excellent. Everyone was very kind, helpful, and guided us clearly to the right floor and department. We consulted the pediatric dermatologist, and the doctor was very friendly, knowledgeable, and attentive—we truly appreciate her efforts and care. The nursing team was also wonderful; they were very supportive, patient, and tried their best to comfort our baby even when she was crying a lot. Thank you so much to the doctor and nurse team for your kindness and dedication.

However, we also had one moment of disappointment during our second visit for our baby’s skin biopsy. While the doctor and nurses were again excellent, the payment process was difficult for us. After the procedure, we needed to pay and collect a prescription for waterproof dressings. At this time, our baby was very restless and crying heavily. We kindly asked the staff twice if the process could be made quicker because of our baby’s situation. Unfortunately, we were still kept waiting for quite a while, and our baby eventually cried herself to sleep before we received the prescription about 15 minutes later. This was very stressful and heartbreaking for us as parents.

We hope that in the future, the management team can review this process and consider ways to support families with young children more efficiently in such situations.

Overall, apart from this one experience, we are very happy with the care and service we received at MedPark Hospital, and we will certainly visit again. Thank you once again to the doctors, nurses, and staff for your dedication and care.","Mohamed Aneem","103078507071780897790","https://www.google.com/maps/contrib/103078507071780897790/reviews?hl=en","https://lh3.googleusercontent.com/a-/ALV-UjUe_Gkhx0iTSLm1QvNpUVOJuV60Ix2_O_FjURBclIHdOSVaPHW9=w36-h36-p-rp-mo-br100",0,1,0,"8 months ago","","relevant"
"Ci9DQUlRQUNvZENodHljRjlvT25oU1IwMTJWa3BpWkdoeVVtWmFaa3BpTFZwalRYYxAB","0x30e29f12aaa363f1:0xcefcbb1eecaef925","MedPark Hospital",5,"I visited for eye treatment and surgery and was admitted to the hospital. The food was surprisingly good, and the atmosphere was very calm and relaxing; it hardly feels like a hospital, which really helps reduce stress for patients. The …","Sunny_","112175645010031127330","https://www.google.com/maps/contrib/112175645010031127330/reviews?hl=en","https://lh3.googleusercontent.com/a-/ALV-UjWWrTqK5WzoZ6-UuUYbxYqtfLK3oEz4iuxvCMIQGMDn_F9HxwPPsg=w36-h36-p-rp-mo-ba12-br100",1,1308,4054,"5 months ago","","relevant"
"Ci9DQUlRQUNvZENodHljRjlvT2kxcWFrZEVUbTVoTjBKSk5rWXRTSFJaUm0xV09YYxAB","0x30e29f12aaa363f1:0xcefcbb1eecaef925","MedPark Hospital",5,"We came from Saudi Arabia to Thailand for the birth of our second baby, and after considering many different hospitals, I couldn’t be happier that we chose MedPark. From start to finish, everything was beyond my expectations.

A very special thank you to Dr. Sornpin, who is truly pro-natural and supported me throughout my journey with such calmness, confidence, and care. Her expertise and presence made me feel safe and empowered every step of the way. I also want to give my heartfelt thanks to Dr. Apple, the pediatrician who looked after our newborn from the very first moments and continued to care for her during our stay. Every time we saw her she was attentive, positive, kind, and reassuring.

The hospital itself is outstanding—spotlessly clean, modern, and beautifully designed. The recovery room felt more like a hotel, with a breathtaking view that made the stay extra special. The food, the services, and the overall approach are truly top-notch.

I can honestly say that I had the best possible experience at MedPark, and I am deeply grateful for the wonderful care my baby and I received. Highly recommend!","Margo Marsden","114321596495089760018","https://www.google.com/maps/contrib/114321596495089760018/reviews?hl=en","https://lh3.googleusercontent.com/a-/ALV-UjULk7QgnuaWwNvhdFSvjT5kx15OF7Bb3ax5pDfrOxkdS0r8VDz4=w36-h36-p-rp-mo-ba12-br100",1,13,13,"9 months ago","","relevant"
"Ci9DQUlRQUNvZENodHljRjlvT25oaGJ6QjBPVU10Um5semRrZGFWakJ1ZHpCQ1ZHYxAB","0x30e29f12aaa363f1:0xcefcbb1eecaef925","MedPark Hospital",4,"Thank you for your management team prompt response. I appreciated your quick attention & clarification & made me feel being heard. Again, my husband & I still trust in your doctor, specialist & front line service team. In my case, both our …","Puangrak Loo","108815683500371423121","https://www.google.com/maps/contrib/108815683500371423121/reviews?hl=en","https://lh3.googleusercontent.com/a-/ALV-UjUK0jtlPJNoQvGm6ycugTr5W8bvHktDADozoESgixh1ldmx2lBQ=w36-h36-p-rp-mo-ba12-br100",1,6,18,"4 months ago","","relevant"
"Ci9DQUlRQUNvZENodHljRjlvT25CNlZVSlZPRFp2TVRobWJUWTFUbE15WVhKUE1VRRAB","0x30e29f12aaa363f1:0xcefcbb1eecaef925","MedPark Hospital",2,"I was upset with the insurance managerial system of the hospital. I took my husband to see a very great specialist here on January 10. We decided to choose your hospital  to take care of us. It got to the point that my husband needed a special skin surgery. The doctor suggested the soonest surgery, let’s say 18 January. I asked the nurse to do the pre-claim quotation from my husband’s insurance before the upcoming date.

Thus, the pre-claim results did not come until today (25 January). The surgery was postponed to be 22 January then again 29 January with the reason of no pathologists to be working on the scheduled surgery day. We were frustrated because what my husband needs to get done was somewhat serious but we needed to know the pre-claimed estimation, just like everybody else does. Otherwise, we were having to pay a large amount of money out of pocket & who knows when or will the reimburse be proceeded & done. I had looked into the actual reason of postponing.

I was upset why this big name & fancy hospital like this could not manage to get the insurance coverage results. So far, we were kept holding on for nothing for 15 days. I decided to ask around, I received the answers from other references from other insurance companies.  Turning out reference stated that Med Park is blacklisted by 3 major insurance companies. Oh I got it, that was why it delayed so I am not trusting to go ahead with the service here anymore. I decided to take my husband’s case somewhere else & will let all my friends & family not to choose the service here. I do not know why & what delayed the pre-claimed process. However, the management needs to find out & fix it.

Maybe the management could contact me & explained why we got no response.  Hope everyone who’s got more serious trouble will get the pre-claimed results sooner. To the Med Park management, I do not know what wrongdoing from whom or which department, but you need to fix this for preventing the consequences of this delay will cause a tremendous life damages & loss to your patiences.","Puangrak Loo","109262648476351225388","https://www.google.com/maps/contrib/109262648476351225388/reviews?hl=en","https://lh3.googleusercontent.com/a-/ALV-UjXAjVbs1fCPSXXzuoME_y63A2hgzN4GGVUzWNkWA5Tazedkv8Q=w36-h36-p-rp-mo-br100",0,3,1,"4 months ago","","relevant"
"ChdDSUhNMG9nS0VJQ0FnSUNHNHREdWpnRRAB","0x30e29f12aaa363f1:0xcefcbb1eecaef925","MedPark Hospital",4,"Great hospital to get the covid vaccine. The hospital is very clean and tidy, beautiful and modern, it is a pleasure to spend time here. The only pity is that the queue for vaccination starts outside and that the waiting time is about 1 …","Alyonushka","104385050338701640409","https://www.google.com/maps/contrib/104385050338701640409/reviews?hl=en","https://lh3.googleusercontent.com/a-/ALV-UjVdMWagByb-LDdprIy4Xz8rMw0Gu_BnCxOhO5Pg6yDp_HxHsX8RBA=w36-h36-p-rp-mo-ba12-br100",1,242,1134,"4 years ago","","relevant"
"Ci9DQUlRQUNvZENodHljRjlvT2tad2RGSnVTVEl3UWt0dVQyNURVekZyWWtOTGVuYxAB","0x30e29f12aaa363f1:0xcefcbb1eecaef925","MedPark Hospital",5,"My sister was hospitalized and had surgery on both of her knees at Medpark Hospital under the care of Dr. Siripong Ratanachai. The doctor and nurses were very patient, kind, and professional. They took great care of me, and everything went smoothly during my stay. I am very satisfied with the service and truly appreciate the care from the entire medical team.","May Mya Oo","102965775846519457664","https://www.google.com/maps/contrib/102965775846519457664/reviews?hl=en","https://lh3.googleusercontent.com/a-/ALV-UjUrYetD8P2-tm3X5aejRokUOVLJEge62y56mIR1NMy_eJORDdpm=w36-h36-p-rp-mo-br100",0,5,0,"4 months ago","","relevant"
"Ci9DQUlRQUNvZENodHljRjlvT21wRlRUUmlOMjVsYVZWVUxVUnZkWEZ1ZW01ME1XYxAB","0x30e29f12aaa363f1:0xcefcbb1eecaef925","MedPark Hospital",4,"My experience with the maternity services at Medpark Hospital was, in a word, exceptional. For the delivery and the care provided by the surgeon of my wife, I was genuinely astounded by the level of excellence. I stayed in Ward 22 and would rate it a perfect 10 out of 10; I simply cannot find a single fault.
The extra bed I requested for 500 baht per night was incredibly comfortable—the best I've ever experienced in any hospital while staying with a patient. They even offered a selection of 7-8 different pillows, one of which was so perfect I had to take note of the brand to buy for my own home. The view from the room was stunning, and the room itself was far superior to those at other hospitals we had considered. The layout was thoughtfully designed with separate zones for visitors and the patient, which allowed two people to stay overnight comfortably without feeling cramped. The nurses and housekeeping staff were wonderful—attentive, caring, and remarkably prompt. Whenever we called for assistance, they arrived almost instantly, a stark contrast to other hospitals where we've been left waiting so long we wondered if we’d been forgotten.
When comparing the cost to other leading private hospitals, Medpark was not more expensive; in fact, it was more affordable.
However, where there is good, there is often bad. In stark contrast to the flawless maternity care, my experience with other aspects of the hospital was surprisingly poor.
From the moment we arrived, despite a clear entrance for the Emergency Room, the security guard refused us entry. This was after my wife’s water had broken, we had called ahead to notify the hospital, and the nurses had specifically instructed us to use the ER entrance. We had to negotiate with the guard just to be allowed to reverse our car and enter the proper way, as my wife needed to be lying flat and could not use a wheelchair.
Later during our stay, I tried to park on the same level as the elevator exit to make it more convenient for my wife, who had just undergone a C-section and shouldn't be walking up or down stairs. Again, a security guard stopped me. Despite the parking garage on the 2nd and 3rd floors being almost completely empty late at night, he had blocked off the spaces with cones and insisted I park on floor 3A, stating that floors 2 and 3 were reserved for ""day patients."" Does this mean that despite paying over half a million baht, I am only afforded the convenience of a good parking spot if I arrive during the day? What kind of system is that?
Furthermore, for other services like vaccinations or general appointments, the waiting times were inexplicably long, even when the hospital was visibly empty with very few other patients around. The same lengthy wait occurred when it was time to pay the bill. With no one else in line, I was left wondering what was causing the delay. Every visit to this hospital for non-maternity reasons has taken over two hours, despite the lack of crowds.
In summary, for the specific purpose of childbirth and C-section delivery, Medpark Hospital is absolutely outstanding—a perfect 10/10. However, when it comes to the hospital's general systems and attention to smaller details, the experience was shockingly disappointing for a leading private hospital in the country.","Panisorn Saerevatanawoot","103794842999508889691","https://www.google.com/maps/contrib/103794842999508889691/reviews?hl=en","https://lh3.googleusercontent.com/a/ACg8ocIvXZK-XNes1wZOYsrLy5bJkOUiRM6AeWGysHw_rW6pLme5yQ=w36-h36-p-rp-mo-br100",0,4,4,"9 months ago","","relevant"
"ChZDSUhNMG9nS0VJQ0FnSUM3NlBDM0dREAE","0x30e29f12aaa363f1:0xcefcbb1eecaef925","MedPark Hospital",4,"I had colonoscopy few days ago here.
This hospital is new, big and very organized. Service is very quick.

Staff service is the best. Admin/nurse K.kanchana explained quite clearly on preparation, tone of voice via phone call is impressive. On the test day, all nurses are very attentive, nurse k.Natcha anticipates my needs- she serve me hot coffee after recovery. Great service mind.

In regard to the preprecliner room, normal room is a bit small in my opinion. I feel not comfortable to sit here for long hour. Toilet part should have sign to remind patient to close when flush, it could help to reduce spread of bacteria. I have to open the door and stand outside from time to time.

Overall is good. Recommended!","Chanokporn Sintuvatin","115294512194696172479","https://www.google.com/maps/contrib/115294512194696172479/reviews?hl=en","https://lh3.googleusercontent.com/a-/ALV-UjXGBdRrVvd_nbqhKdx3x9Yl7HKeFR9daDyTk8v_ikUskoBv3o8C=w36-h36-p-rp-mo-ba12-br100",1,438,3134,"a year ago","","relevant"
"Ci9DQUlRQUNvZENodHljRjlvT2tkNlJWbFdiVzlGYTJsNVVYcFhZV3QxZFdKUFVGRRAB","0x30e29f12aaa363f1:0xcefcbb1eecaef925","MedPark Hospital",1,"I would like to express my dissatisfaction regarding the service my mother received today.
We had an appointment scheduled at 9:00 AM for her ongoing medical treatment and visa extension process. However, upon arrival, the Myanmar interpreter informed us to wait until 9:30 AM and suggested we go have breakfast.
When we returned at 9:30 AM, the staff member handling the visa process came and informed us that we would only be able to proceed at 11:00 AM. This repeated delay caused inconvenience and unnecessary waiting for the patient.
We feel that the service was not handled professionally, and there was a lack of proper coordination and communication.
I kindly request that you review this situation and improve your service to prevent similar issues in the future.","Naing Oo Wai","109038987961213746850","https://www.google.com/maps/contrib/109038987961213746850/reviews?hl=en","https://lh3.googleusercontent.com/a/ACg8ocIJWdh-mjjDXc3X9j87nwEZVoMsdzUrg6Huh4swRCUMqBUH2w=w36-h36-p-rp-mo-br100",0,2,1,"a month ago","","relevant"
"Ci9DQUlRQUNvZENodHljRjlvT2swNVQxQklTRWR6U0hwMk5UQklNSE5MVTJ4V00xRRAB","0x30e29f12aaa363f1:0xcefcbb1eecaef925","MedPark Hospital",5,"My wife and I had spent three great weeks in Bangkok when she started feeling head and chest congestion. We first went to an urgent care to address the issue. They requested she come back two days later for a follow up. The doctor there said her diagnosis had not improved and strongly recommended we go to MedPark Hospital for immediate treatment. We are so glad we did!

With full paperwork from the urgent care, regarding their observations and treatment, we immediately went to MedPark Hospital. Upon our arrival, the admission process was professional and expedient. My wife has spent more than 45 years as a medical office manager and made that statement immediately upon their actions. We waited a minimum amount of time before we were taken to another floor, waiting to see a doctor. Five minutes after our arrival to that waiting area, we were sitting in front of Assist.Prof.Dr Jirayos Chinatanadilok. He listened intently to everything my wife had to say, did a check of her vitals and listened to her breathing. A few minutes later, he had directed to have x-rays and a CT performed of her head and chest. It wasn't 15 minutes after they were performed that those results were on his computer with a full display for him to explain his concerns and what needed to be performed next. Within 1 to 1.5 hours, my wife was in her assigned room with an IV in her hand with treatment being applied.

Let me expound on our situation. We have an LTR visa, but were scheduled to fly back to the states since my mother had been placed in hospice. She was 96. Yes, she passed on our transit home. However, Dr. Chintanadilok knew this about my mother and approached my wife's illness with both these concerns in hand. But, first and foremost, my wife's wellbeing was his priority! I would have changed our itinerary had he recommended a longer stay at the hospital.

My wife was brought to a much better medical state within four days under this doctor's care. She wasn't 100%, but much better than her medical state upon admission and able to sustain through a lengthy flight home.

I can confirm with 100% certainty that had we gone to an ER in near our home's local with her condition, she would have been treated and sent home as an outpatient with no oversight. We have been  home since January 8th here in North Carolina. Since we have been with the same GP for 20+ years, he saw her immediately and did an x-ray. From his view of that, we also have an appointment with a network pulmonologist and will wait to see his diagnosis.

Although we were impressed by MedPark Hospital's initial presentation, we know that anything can be made to look shiny and great. My wife's medical management from admission to release by the staff at MedPark was above reproach. Everything we encountered was exceptionally professional. Again, my wife had been in the business for 45+ years. So, her evaluation has merit.

I will end this review, what may seem to some to be a thesis, by saying the room she was in was absolutely 5⭐️, as was the nursing staff, and the administration/billing employees we encountered. They were absolutely professional in their handling of my wife's wellbeing and hospital stay.
What was incredible to us was after the individual from billing finished his ""in room"" visit, a full, comprehensive folder of my wife's diagnosis and treatment by Dr. Chintanadilok, with a complete breakdown of the precise billing(which we required for TriCare Overseas), and a disc of the x-rays and CT scans was provided. My wife has had other major surgeries, we never saw anything like this immediately, if at all, upon her release.

We are coming back to Thailand and plan on using our LTR Visas as expatriates in Bangkok. We plan on finding a condo near MedPark Hospital and using their expertise for all our future medical needs! Also, upon our return, we plan on my wife having a follow-up visit with Dr. Chintanadilok for his oversight of her pulmonology health as long as we live there.

Awesome Staff and Hospital! Just Phenomenal!","Robert Kent","117896151113541715001","https://www.google.com/maps/contrib/117896151113541715001/reviews?hl=en","https://lh3.googleusercontent.com/a-/ALV-UjWVFRq9oYnHfnrPtE8-aXgCkmWE8VjdflorZgXMEY7aFTRaUeC6=w36-h36-p-rp-mo-ba12-br100",1,43,80,"4 months ago","My wife and I had spent three great weeks in Bangkok when she started feeling head and chest congestion. We first went to an urgent care to address the issue. They requested she come back two days later for a follow up. The doctor there said her diagnosis had not improved and strongly recommended we go to MedPark Hospital for immediate treatment. We are so glad we did!

With full paperwork from the urgent care, regarding their observations and treatment, we immediately went to MedPark Hospital. Upon our arrival, the admission process was professional and expedient. My wife has spent more than 45 years as a medical office manager and made that statement immediately upon their actions. We waited a minimum amount of time before we were taken to another floor, waiting to see a doctor. Five minutes after our arrival to that waiting area, we were sitting in front of Assist.Prof.Dr Jirayos Chinatanadilok. He listened intently to everything my wife had to say, did a check of her vitals and listened to her breathing. A few minutes later, he had directed to have x-rays and a CT performed of her head and chest. It wasn't 15 minutes after they were performed that those results were on his computer with a full display for him to explain his concerns and what needed to be performed next. Within 1 to 1.5 hours, my wife was in her assigned room with an IV in her hand with treatment being applied.

Let me expound on our situation. We have an LTR visa, but were scheduled to fly back to the states since my mother had been placed in hospice. She was 96. Yes, she passed on our transit home. However, Dr. Chintanadilok knew this about my mother and approached my wife's illness with both these concerns in hand. But, first and foremost, my wife's wellbeing was his priority! I would have changed our itinerary had he recommended a longer stay at the hospital.

My wife was brought to a much better medical state within four days under this doctor's care. She wasn't 100%, but much better than her medical state upon admission and able to sustain through a lengthy flight home.

I can confirm with 100% certainty that had we gone to an ER in near our home's local with her condition, she would have been treated and sent home as an outpatient with no oversight. We have been  home since January 8th here in North Carolina. Since we have been with the same GP for 20+ years, he saw her immediately and did an x-ray. From his view of that, we also have an appointment with a network pulmonologist and will wait to see his diagnosis.

Although we were impressed by MedPark Hospital's initial presentation, we know that anything can be made to look shiny and great. My wife's medical management from admission to release by the staff at MedPark was above reproach. Everything we encountered was exceptionally professional. Again, my wife had been in the business for 45+ years. So, her evaluation has merit.

I will end this review, what may seem to some to be a thesis, by saying the room she was in was absolutely 5⭐️, as was the nursing staff, and the administration/billing employees we encountered. They were absolutely professional in their handling of my wife's wellbeing and hospital stay.
What was incredible to us was after the individual from billing finished his ""in room"" visit, a full, comprehensive folder of my wife's diagnosis and treatment by Dr. Chintanadilok, with a complete breakdown of the precise billing(which we required for TriCare Overseas), and a disc of the x-rays and CT scans was provided. My wife has had other major surgeries, we never saw anything like this immediately, if at all, upon her release.

We are coming back to Thailand and plan on using our LTR Visas as expatriates in Bangkok. We plan on finding a condo near MedPark Hospital and using their expertise for all our future medical needs! Also, upon our return, we plan on my wife having a follow-up visit with Dr. Chintanadilok for his oversight of her pulmonology health as long as we live there.

Awesome Staff and Hospital! Just Phenomenal!","relevant"
"Ci9DQUlRQUNvZENodHljRjlvT20xUE1GWmlUVmR3V1hWQk1scFFUMDk1YldoVmMxRRAB","0x30e29f12aaa363f1:0xcefcbb1eecaef925","MedPark Hospital",5,"Positive experience at MedPark Hospital with excellent medical care and good quality rooms, cleanliness, and food.

Special mention to the Bangladesh interpreter team for proactively checking in on us, helping solve problems and facilitating our communication with the hospital very well.

Also special mention to Patient Care staff for typing up summaries of ongoing treatment and medication plan during admission for Patient’s family.","Nadia Rahim","109540942586337444480","https://www.google.com/maps/contrib/109540942586337444480/reviews?hl=en","https://lh3.googleusercontent.com/a-/ALV-UjU7hhSWzxjKaBvkY2sGpXnygMbKUHD3b5NYOhRZOEZTnO-tXQuI=w36-h36-p-rp-mo-ba12-br100",1,11,1,"3 months ago","","relevant"
"ChZDSUhNMG9nS0VJQ0FnSUN1eWVUbWNnEAE","0x30e29f12aaa363f1:0xcefcbb1eecaef925","MedPark Hospital",5,"The hospital is less than 2 years old, but many of the medical staff and support staff have years of experience.

The hospital is clean, accessible, workers are their to help, and there is transparency in their work. Great for checkups, disease management and other services. This will help the competitive market in Bangkok.","JR T","109406332117790559765","https://www.google.com/maps/contrib/109406332117790559765/reviews?hl=en","https://lh3.googleusercontent.com/a-/ALV-UjXkz-KXXNOd10nAA2bTVWzW6E1XRAzQ92oHuoup82guGchqmBj9xw=w36-h36-p-rp-mo-ba12-br100",1,236,458,"3 years ago","","relevant"
"Ci9DQUlRQUNvZENodHljRjlvT2s1RVZ6SkxkMnRSTFRKMGFFRkNSemgyTUMxNllXYxAB","0x30e29f12aaa363f1:0xcefcbb1eecaef925","MedPark Hospital",5,"I’ve never seen a better hospital and have never received better, the most thorough, care and service.
From the nurses to the billing, the amazing doctors and the visa assistance it’s a 100/10. No one says this about hospitals, but I wanted to move in!","Samidha Redkar","101303510668162319146","https://www.google.com/maps/contrib/101303510668162319146/reviews?hl=en","https://lh3.googleusercontent.com/a-/ALV-UjW0eo8YutcpzVYqX5kJRqhfBa01fx1Q1gYX-TGwKw4LKDCIqGv9sw=w36-h36-p-rp-mo-br100",0,11,0,"a month ago","","relevant"
"Ci9DQUlRQUNvZENodHljRjlvT25wSFZFbExRMUJHVDNseloyNXdaV1V5Y2s5WkxXYxAB","0x30e29f12aaa363f1:0xcefcbb1eecaef925","MedPark Hospital",5,"I along with my family was visited Medpark Hospital, due to my kids sudden illness of diarrhoea. Their instant support and treatment was excellent. We wish every success to them.","Md. Arshadul Kabir","107544815923726364986","https://www.google.com/maps/contrib/107544815923726364986/reviews?hl=en","https://lh3.googleusercontent.com/a/ACg8ocJf3ta37DvLnxGurcFrKNX9kapKnR8LGveYnrHdQkFEanl4DA=w36-h36-p-rp-mo-br100",0,1,0,"4 months ago","","relevant"
"ChZDSUhNMG9nS0VJQ0FnSUNfcll6OU5BEAE","0x30e29f12aaa363f1:0xcefcbb1eecaef925","MedPark Hospital",3,"Nice modern hospital that feels more like a hotel and office but has terrible lift system. …","Leonard Wee","116841518027778345489","https://www.google.com/maps/contrib/116841518027778345489/reviews?hl=en","https://lh3.googleusercontent.com/a-/ALV-UjWvCk51Zm-XftKbDBtrh2DnIGTM_3uQl2r0gvMIJBiAkoksJYVimQ=w36-h36-p-rp-mo-br100",0,1261,1338,"Edited a year ago","","relevant"
"ChdDSUhNMG9nS0VJQ0FnSUNodDc2WGt3RRAB","0x30e29f12aaa363f1:0xcefcbb1eecaef925","MedPark Hospital",5,"Med Park Hospital is an exceptional healthcare facility that provides an unparalleled level of service and care to patients. Having resided in Bangkok for two years, I had the opportunity to visit several other hospitals, including …","L’esperto","117634791422802276134","https://www.google.com/maps/contrib/117634791422802276134/reviews?hl=en","https://lh3.googleusercontent.com/a-/ALV-UjW4HETYiDCJTD1PuScgfvWWgD6qF380UdtKGJGqbmcTJ4hy0To=w36-h36-p-rp-mo-ba12-br100",1,125,194,"3 years ago","","relevant"
"Ci9DQUlRQUNvZENodHljRjlvT2xSMFdVRlRkMDVKUmpOd1FVWjFlV1UwYkY5TVVrRRAB","0x30e29f12aaa363f1:0xcefcbb1eecaef925","MedPark Hospital",1,"It is new and clean and very quick to see doctors as it is not crowded.  However, the doctors here are not as good as the more established hospitals.  The doctors here tend to be older and probably retired from somewhere else.

The treatment here is also more expensive than other hospitals.
I only come here for easy ailments or when I need to be in and out quickly.","J Snow","118143778238400323188","https://www.google.com/maps/contrib/118143778238400323188/reviews?hl=en","https://lh3.googleusercontent.com/a/ACg8ocJ1JMGIAOzKLbbj6CeGn8HFUFw6KGS59RrrZqjF1GV7bASkmA=w36-h36-p-rp-mo-ba12-br100",1,169,0,"Edited 5 months ago","","relevant"
"Ci9DQUlRQUNvZENodHljRjlvT21Oc1ZGbHVRbGROU1U1MU5XVlFkamd5UkdOSlEzYxAB","0x30e29f12aaa363f1:0xcefcbb1eecaef925","MedPark Hospital",5,"Without a doubt the best hospital I have been at, very modern, great staff from doctor to concierge. Recommend for expats or tourists as English was no issue and they had someone ready to help in just minutes.","Raphael Wartanian","112296583322840193541","https://www.google.com/maps/contrib/112296583322840193541/reviews?hl=en","https://lh3.googleusercontent.com/a-/ALV-UjU_rtX0rWXyntTdSjTQPg3AC9IdIiH7addmqfnutvM6imzaUhUm6g=w36-h36-p-rp-mo-ba12-br100",1,392,79,"6 months ago","","relevant"
"ChZDSUhNMG9nS0VJQ0FnSUR5Mk5IVEFREAE","0x30e29f12aaa363f1:0xcefcbb1eecaef925","MedPark Hospital",4,"Lots of advanced equipment and well known physicians. Very premium hospital. Quite empty as just opened Oct 2020. Lots of parking. Enter on Rama 4 road. Beautiful rooms, get the river view of you can, unless you like the park views.","Mark S","108701203266473216796","https://www.google.com/maps/contrib/108701203266473216796/reviews?hl=en","https://lh3.googleusercontent.com/a-/ALV-UjUTrdjbDRKxAs0ZgWSC_mXaKTgmfDA9hUNO3hwCzEOSG2ScrV_gww=w36-h36-p-rp-mo-ba12-br100",1,868,6838,"5 years ago","","relevant"
"Ci9DQUlRQUNvZENodHljRjlvT25SNGJtNDJjMDAyYlhCdVNVMHdOMlZ2ZUc5WlEzYxAB","0x30e29f12aaa363f1:0xcefcbb1eecaef925","MedPark Hospital",5,"Incredible experience! I came for the comprehensive male health screening. I paid out of pocket — and it was approximately 25k baht, plus some extra for the non-included tests. …","Emilio Reyes Le Blanc","103821091395003043082","https://www.google.com/maps/contrib/103821091395003043082/reviews?hl=en","https://lh3.googleusercontent.com/a/ACg8ocLMZnJRAJLJWJELEukLAkQ9XMLda6O1YQuZFl3gnKVME4cIxQ=w36-h36-p-rp-mo-ba12-br100",1,574,711,"6 months ago","","relevant"
"Ci9DQUlRQUNvZENodHljRjlvT2pOdExWVk9VblJPTUY5WFMwODBPVXMwTVRKbGVIYxAB","0x30e29f12aaa363f1:0xcefcbb1eecaef925","MedPark Hospital",5,"🌟 Warm & Appreciative Review

Dr. Suwatchai at MedPark Hospital, Bangkok performed my angiogram, and I am …","Kamran Uddin","106501503863041986000","https://www.google.com/maps/contrib/106501503863041986000/reviews?hl=en","https://lh3.googleusercontent.com/a/ACg8ocKkoTU15pRgg6R0ayMW704r3YEhzH77gAUOMgagDwt1H4lsJw=w36-h36-p-rp-mo-br100",0,3,0,"6 months ago","","relevant"
"Ci9DQUlRQUNvZENodHljRjlvT21JNFFrTmtaRWxuUWw5RVVEVnliMWN0UW5ST2VtYxAB","0x30e29f12aaa363f1:0xcefcbb1eecaef925","MedPark Hospital",3,"Overpriced compared to Bumrungrad or Samitijevi for blood test, medicine and hospital fee. The doctor did not explain the reason of my health issue in details even due I asked different question. She looked more just interested in prescribe me extra expensive medicine and more tests.","Gienna Hu","115585731746547833465","https://www.google.com/maps/contrib/115585731746547833465/reviews?hl=en","https://lh3.googleusercontent.com/a/ACg8ocLQSSNWryKHPP3MV_aCarMuOlxDY6-WY64hpexW9izVeJpQWA=w36-h36-p-rp-mo-br100",0,9,6,"7 months ago","","relevant"
"Ci9DQUlRQUNvZENodHljRjlvT2w5elJXUmhWMmxWU1daMGVGWkhVV0YwVGxOU1FXYxAB","0x30e29f12aaa363f1:0xcefcbb1eecaef925","MedPark Hospital",5,"I needed to receive another rabies shot. The hospital is fantastic, really clean and modern. Everyone  was very kind and friendly. Thank you, MedPark team!","Bojo Iliev","107872728445971368424","https://www.google.com/maps/contrib/107872728445971368424/reviews?hl=en","https://lh3.googleusercontent.com/a-/ALV-UjW6klOQFLosPxUruMx-lxrTMoaa9pDmTq_zQWW9iMQlO75ozpKP4Q=w36-h36-p-rp-mo-ba12-br100",1,26,4,"2 months ago","","relevant"
"ChZDSUhNMG9nS0VJQ0FnSUNsXzYtX0dBEAE","0x30e29f12aaa363f1:0xcefcbb1eecaef925","MedPark Hospital",5,"Did a sleep test here and stayed for a night. All the staffs are very professional and caring. The room was comfortable and had everything you need. I myself also worked in healthcare and really appreciate the high standards of practice here.

Hospital food was surprisingly very nice. I got boiled rice with seabass soup which was delicious. You can also order other meals from the restaurants in the hospital (Coco Ichibanya / Seefah)

Highly recommended.","Bangkok Stray dog","108745304037283729800","https://www.google.com/maps/contrib/108745304037283729800/reviews?hl=en","https://lh3.googleusercontent.com/a-/ALV-UjUvDR-w6vf4aSom8XSxq4gJRqsjgtAOxGbJ_yh3jyhpF2lxfNk=w36-h36-p-rp-mo-ba12-br100",1,516,5305,"2 years ago","","relevant"
"Ci9DQUlRQUNvZENodHljRjlvT2xaR1RXeE5RMnhaV1ZkRVRFdEViMGxDYkZORWNtYxAB","0x30e29f12aaa363f1:0xcefcbb1eecaef925","MedPark Hospital",5,"We had an exceptional experience during our stay at the hospital. The medical staff, particularly the doctors, were outstanding, ensuring my labor was both smooth and pleasant.

Our son was born preterm and required intensive care in the NICU. What could have been a very stressful experience was made significantly easier by the highly attentive and caring nurses and doctors. We are especially thankful for P'Rung, a nurse in the NICU, who provided us with invaluable advice and outstanding care for both our son and me post-delivery. She taught us crucial skills for first-time parents, including how to care for and monitor our baby, as well as breastfeeding techniques. This truly made our transition into parenthood seamless. We sincerely appreciate the five-star service and would highly recommend this hospital.","Natchaya Visanuyothin","116793758277121316029","https://www.google.com/maps/contrib/116793758277121316029/reviews?hl=en","https://lh3.googleusercontent.com/a/ACg8ocJv8xFOSR5KqH2WvI0zF5o5O2lZy3SS98jwULDZG3TQY1o7fg=w36-h36-p-rp-mo-br100",0,1,0,"9 months ago","","relevant"
"Ci9DQUlRQUNvZENodHljRjlvT2tsdU1tSXpjbmRpV0ZSUlZ6VlBSa3hJTTFaRlNYYxAB","0x30e29f12aaa363f1:0xcefcbb1eecaef925","MedPark Hospital",5,"Great environment in the pediatric department! They have a well-designed kids’ zone with separate areas for sick and healthy children, very thoughtful and safe for everyone.","jib Vongjarukorn","102937635493688614407","https://www.google.com/maps/contrib/102937635493688614407/reviews?hl=en","https://lh3.googleusercontent.com/a-/ALV-UjXKgLbtkdLUbLDcj6PWVO92swcxeOVqQFbW_ac6VSLKDuVz1EbgDA=w36-h36-p-rp-mo-ba12-br100",1,12,1904,"7 months ago","","relevant"
"Ci9DQUlRQUNvZENodHljRjlvT2pCRlNHeGpPRXRGUVc5b2VYRXdTa0V5TjAweGEyYxAB","0x30e29f12aaa363f1:0xcefcbb1eecaef925","MedPark Hospital",1,"A useless hospital that just wants to take your money if you're looking for a decent clinic and treatment. You're better off going to another hospital. …","timur chunchalinov","117109672508444239389","https://www.google.com/maps/contrib/117109672508444239389/reviews?hl=en","https://lh3.googleusercontent.com/a-/ALV-UjUCyiSdxfyDrcXNUVvHS2KUnYCvw_VF6zdsVPzZO6lt2CxNW7U=w36-h36-p-rp-mo-ba12-br100",1,13,1,"8 months ago","","relevant"
"ChZDSUhNMG9nS0VJQ0FnSURpaWQtSVlREAE","0x30e29f12aaa363f1:0xcefcbb1eecaef925","MedPark Hospital",5,"Brand new 5-Star hospital located on Rama4 near Sirikit Conventional Center. Leading doctors in all fields await to treat patients with capable staff and excellent modern facilities. Ample and free parking. Easy access with various options …","chai bk","101267945300478336074","https://www.google.com/maps/contrib/101267945300478336074/reviews?hl=en","https://lh3.googleusercontent.com/a-/ALV-UjW--u1tiWwIpsGUp60r53IqPmZSozm6360VD_jINvN6c9vyHIgWhg=w36-h36-p-rp-mo-ba12-br100",1,489,5880,"Edited 5 years ago","","relevant"
"ChZDSUhNMG9nS0VJQ0FnSURXbTdfUE9nEAE","0x30e29f12aaa363f1:0xcefcbb1eecaef925","MedPark Hospital",5,"New and clean hospital. All kinds of vaccination available (TBH 1,650) for even foreigners. The registration process very simple and vaccination completed in 30min. Credit card acceptable. Certification ready for international flight.","Jun Li","106675610825858564578","https://www.google.com/maps/contrib/106675610825858564578/reviews?hl=en","https://lh3.googleusercontent.com/a-/ALV-UjXhjdtBaQTjQDjtmoAwJ0A3R7HuvWJtOmYSbTUE-gRT4h0WhlmV=w36-h36-p-rp-mo-ba12-br100",1,92,439,"4 years ago","","relevant"
"ChdDSUhNMG9nS0VJQ0FnSURmd2Ntb3BnRRAB","0x30e29f12aaa363f1:0xcefcbb1eecaef925","MedPark Hospital",5,"This is new and clean hospital.
There are Japanese desk at ground floor.
Translator, エアー san was very kind.
He supported totally. Dr. Jamigorn was also kind.

In addition, entrance staff gave me a chair while I was waiting a car.

Thank you for all staff!!","もさころ","116900643205204069925","https://www.google.com/maps/contrib/116900643205204069925/reviews?hl=en","https://lh3.googleusercontent.com/a-/ALV-UjVQBLHujEX08Vx33aBL6EDfPZUqDvXyrwb_97FUT9FYoEXwHNQ=w36-h36-p-rp-mo-ba12-br100",1,4,31,"a year ago","","relevant"
"ChZDSUhNMG9nS0VJQ0FnSURldC16dUtnEAE","0x30e29f12aaa363f1:0xcefcbb1eecaef925","MedPark Hospital",5,"Went to this place to the launching of the new healthy trendy 5 stars restaurant, "" Greyhound cafe MedPark"". A beautiful restaurant with healthy good food and also most popular foods from Greyhound recipes. Open from 7.00 a.m. - 7.00 p.m. at G fl. MedPark hospital.","Pantipsuda Posayanonth","112350667332522310114","https://www.google.com/maps/contrib/112350667332522310114/reviews?hl=en","https://lh3.googleusercontent.com/a-/ALV-UjW9liCkD5L_tgACHocZ1cn0LVbyo4xEyXlpOc_rPRqEIvlf1f7ANw=w36-h36-p-rp-mo-ba12-br100",1,63,3564,"3 years ago","","relevant"
"ChdDSUhNMG9nS0VJQ0FnTUNJOHJxWnJRRRAB","0x30e29f12aaa363f1:0xcefcbb1eecaef925","MedPark Hospital",5,"I went for an annual check-up and received excellent care from the moment I arrived, starting with the friendly guards, reception, and smooth registration process.
The staff at the checkup center were incredibly helpful throughout. The doctor was friendly, thorough, and took the time to address all my concerns. I had great experience and will definitely return for my annual health check next year with my family when we come back to Thailand. Highly recommended!","Janejira M.","110762479783976534337","https://www.google.com/maps/contrib/110762479783976534337/reviews?hl=en","https://lh3.googleusercontent.com/a/ACg8ocJnSZVSHEkNZxBbwSRiioJED9e9TPThKa0bTcjGYzBgmKEdXQ=w36-h36-p-rp-mo-br100",0,4,3,"a year ago","","relevant"
"Ci9DQUlRQUNvZENodHljRjlvT2tsdFNUaFFNSHBUVVc5MWJqZHJjemRpUVY5ak5HYxAB","0x30e29f12aaa363f1:0xcefcbb1eecaef925","MedPark Hospital",5,"Best hospital experience I have been in and I have had many visits to various hospitals in USA and in Thailand.  All the staff members; reception, Nurses and Doctors spoke excellent English.  Surgeon was able to get me in same evening for operation and the pre op procedures were fast and well explained. Post op experience was fantastic and the room was very well furnished having excellent views.  I am so grateful for everyone there providing me with excellent care! I was very pleased with the total cost of my procedure as well.  This is now my go to medical facility in Bangkok. 👍","Gregg M","113617653210676593730","https://www.google.com/maps/contrib/113617653210676593730/reviews?hl=en","https://lh3.googleusercontent.com/a/ACg8ocJutDf3hC_blbMklFN2ctMHZeioDEcPGtUwFn60-QZORJuRjA=w36-h36-p-rp-mo-br100",0,5,0,"10 months ago","","relevant"
"Ci9DQUlRQUNvZENodHljRjlvT25aVVpuWjFSR05LVWpsd1JEUnBWM294WjFseWExRRAB","0x30e29f12aaa363f1:0xcefcbb1eecaef925","MedPark Hospital",5,"Very good experience.

I saw Doctor Waiwit in the orthopedics department for a hip injury.
Doctor Waiwit asked a lot of questions and was very detailed in his approach.

I came with right hip pain and MRI for such.  He suggested doing an X- ray to compare left and right hip, and identified further root causes of the issue.

Very good follow up information.

Top.","jakob hamm","104398886468030990229","https://www.google.com/maps/contrib/104398886468030990229/reviews?hl=en","https://lh3.googleusercontent.com/a/ACg8ocJsq0ubKyewyTkZBxGn63vKnBUM3g2d72C9RnRRLo10rrBP1rE=w36-h36-p-rp-mo-ba12-br100",1,29,1,"9 months ago","","relevant"
"Ci9DQUlRQUNvZENodHljRjlvT2tOQ04ySnFMVVF5UnpkR1pWZ3pPR3RuYjFCbVVWRRAB","0x30e29f12aaa363f1:0xcefcbb1eecaef925","MedPark Hospital",5,"Good and satisfied Hospital for Medical in Bangkok.  The doctor is very professional staff Hospital is kind and Treatment very detail.
Feeling good to come here. dr Sornphin is very professional and kind one gives many detail information step by step. Nurse come regularly to check and asking my conditions.
Room stay also clean and high standard and food also good in variety of country food.","Aznina Batubara","109470802903394349738","https://www.google.com/maps/contrib/109470802903394349738/reviews?hl=en","https://lh3.googleusercontent.com/a-/ALV-UjUfTLTnZ290VTSgqC14pn2DqSOJ-P6VB3uJ1Iu_4C4hCFbMLKkK=w36-h36-p-rp-mo-br100",0,11,4,"8 months ago","","relevant"
"Ci9DQUlRQUNvZENodHljRjlvT214NU4waFNVR1p3VkRoalUyWkNVVVpmUVUxeFRFRRAB","0x30e29f12aaa363f1:0xcefcbb1eecaef925","MedPark Hospital",5,"My wife stayed in this hospital for medical treatment.
Doctor (Thank you very much Dr. Sornpin) and all staff are great, sincere and provided excellent service and treatment. Facility is advanced, clean and well maintained. Time and schedule was punctual too. Highly recommend this hospital even for foreign visitors.","Kazuo Sawachi","103077142735332551248","https://www.google.com/maps/contrib/103077142735332551248/reviews?hl=en","https://lh3.googleusercontent.com/a-/ALV-UjU0s8aKpZvRvx_kJWPGFHQ15dVyLo0VckX6Lt1rf2wG7FJiogOe=w36-h36-p-rp-mo-ba12-br100",1,134,378,"8 months ago","","relevant"
"Ci9DQUlRQUNvZENodHljRjlvT2tsa1QzaDBhakpuZFRKekxYaE5URVF6UmpKR01rRRAB","0x30e29f12aaa363f1:0xcefcbb1eecaef925","MedPark Hospital",5,"Came here bc of a plantar fasciitis flare up - the orthopedic doctors were great! My travel insurance is a partner with them so everything was taken care smoothly.","Henry Wu","114869433211638366353","https://www.google.com/maps/contrib/114869433211638366353/reviews?hl=en","https://lh3.googleusercontent.com/a-/ALV-UjUQ_TABiN9aQNr9laXSiY4d2B556FMy9gfUYsm_mdU3tNHuWMTbTw=w36-h36-p-rp-mo-ba12-br100",1,888,763,"4 months ago","","relevant"
"ChdDSUhNMG9nS0VJQ0FnSURSbW9haTB3RRAB","0x30e29f12aaa363f1:0xcefcbb1eecaef925","MedPark Hospital",5,"Just had an operation here. Best service!!!.
Everything, everywhere so clean.
Staffs are polite, helpful, and friendly, and professionally giving advices, reducing my stress a lot in every step.","Jetto S","107289135631492942620","https://www.google.com/maps/contrib/107289135631492942620/reviews?hl=en","https://lh3.googleusercontent.com/a-/ALV-UjXqNFyjG0DWyvZQKous7R4sf9zYwaoLJOQdmuPViFBQyiONN5sr=w36-h36-p-rp-mo-ba12-br100",1,240,752,"3 years ago","","relevant"
"Ci9DQUlRQUNvZENodHljRjlvT25CYWIwaDBZbE5HWkMxNFJTMVplbmxvVjNkVFVGRRAB","0x30e29f12aaa363f1:0xcefcbb1eecaef925","MedPark Hospital",1,"After a 10-day admission costing around 750,000 baht and months of telemedicine follow-ups, our last appointment was suddenly canceled — not for a medical reason, but for a missing 2,400-baht deposit. …","pho chan","116038289569714920317","https://www.google.com/maps/contrib/116038289569714920317/reviews?hl=en","https://lh3.googleusercontent.com/a-/ALV-UjXlh6Rlb6qwCdhs2o7aRsSsyHQQGO966Pxwqo5llulclU-YiJAVcA=w36-h36-p-rp-mo-ba12-br100",1,9,5,"Edited 8 months ago","","relevant"
"ChZDSUhNMG9nS0VJQ0FnSUM2MTZ5OGJnEAE","0x30e29f12aaa363f1:0xcefcbb1eecaef925","MedPark Hospital",5,"Quite an clean and modern hospital with helpful staff. Vaccination was quite fast . Observation period of 15 minutes after vaccine .Great job","Kumail Yaqoob","109645528957644084007","https://www.google.com/maps/contrib/109645528957644084007/reviews?hl=en","https://lh3.googleusercontent.com/a-/ALV-UjXqq3GAe4yF9bUdZoZWTZyC2xEs7erU5rZj4gEnd4Mt01nLoFCc=w36-h36-p-rp-mo-ba12-br100",1,52,22,"4 years ago","","relevant"
"ChRDSUhNMG9nS0VJQ0FnSUM2djdFcxAB","0x30e29f12aaa363f1:0xcefcbb1eecaef925","MedPark Hospital",5,"Came in for my first dose Pfizer and will return for 2nd in a few weeks. The process was quick and efficient and all the staff were kind and gentle and accommodating. I am so grateful. Thank you!","Kristina Gaudet","109513788211584226768","https://www.google.com/maps/contrib/109513788211584226768/reviews?hl=en","https://lh3.googleusercontent.com/a-/ALV-UjUrdm1RK_60gjsc3LZ_r0sH_pqS7DYiEpC9Ia1Gw5uLf_WP2bPH=w36-h36-p-rp-mo-ba12-br100",1,59,22,"4 years ago","","relevant"
"Ci9DQUlRQUNvZENodHljRjlvT20xTVpYYzNPRUU0YlVOcGRuaHNSa1poTWswNUxVRRAB","0x30e29f12aaa363f1:0xcefcbb1eecaef925","MedPark Hospital",5,"Absolutely outstanding hospital.
MedPark sets a new standard for healthcare in Thailand — professional doctors, compassionate staff, and world-class facilities. Everything from check-in to treatment was smooth and well-organized. Highly recommended.","Kenny Leelarom","105676763745278773011","https://www.google.com/maps/contrib/105676763745278773011/reviews?hl=en","https://lh3.googleusercontent.com/a-/ALV-UjW5fwJB3E-p4YtuE7Ra2H3ajX2_nrqHJgkpZ8cTYqLDZrCri44=w36-h36-p-rp-mo-br100",0,2,0,"10 months ago","","relevant"
"ChZDSUhNMG9nS0VJQ0FnSUNxaHJ1Y0ZBEAE","0x30e29f12aaa363f1:0xcefcbb1eecaef925","MedPark Hospital",5,"Very clean. Great service. The staffs and nurses are very helpful and polite. Great atmosphere. Didn't feel like I was in a hospital at all.","Pink Rpunya","103217745663068584757","https://www.google.com/maps/contrib/103217745663068584757/reviews?hl=en","https://lh3.googleusercontent.com/a-/ALV-UjWmx-uEak34JNm-n9RxX5gRUp3wd_bAV7ntmc8JZtA2Vp-lC_NO=w36-h36-p-rp-mo-ba12-br100",1,383,5123,"5 years ago","","relevant"
"ChZDSUhNMG9nS0VJQ0FnSURSeXNiM1V3EAE","0x30e29f12aaa363f1:0xcefcbb1eecaef925","MedPark Hospital",1,"Do not let the new fancy exterior lure you in!
or you might end up paying a private hospital bill but receiving public hospital care.

Long story short...
* Admitted for vertigo but received no treatment, had to request medication myself.
* Admitted because I was suppose to see a neurologist, but she did not turn up till the second day because my attending did not notify her until the next day.
* IV into a wrong vein and they injected saline even though it caused me much pain. I complained before they injected the saline that the needle caused me pain but the nurse said it was normal! And only when I cried out in pain, did they decided to move the IV needle to the other hand (see picture for the bruise caused by pressure from the saline injection).
* One of the in-patient nurse (with the glasses) had no patient-care skills. I suffered from vertigo and she was extremely aggressive in helping me. (Pull my head to one side to help change my clothes. Subsequently it yanked my IV tube which caused a brush near the injection site). I told her I would dress myself and she walked away despondently.
* Another nurse requested aggressively that I call her if I needed the toilet. As she said ""Or else if you fall, I would get in trouble"".
* Toilet flush was broken and water kept flowing, so the noise was unbearable as I was required to sleep. Complained and they did nothing for 40 minutes. Complained again and requested a room change. They moved me to a new room after another 30 minutes.
* Had to fully pay for one night plus in-patient medical care of 30,000THB before I was even admitted! The explanation I got was because I was a new ""customer""... Not a patient, but a customer they could drain cash from.
* One of reasons I was admitted was because they wanted me to rest and not move due to vertigo. But it was extremely difficult when some nurses slam the door every time when they entered or leave the room. This even happened at night!

Ps. Most of the other staff were very nice, helpful and took a very good care of me.","Wanderlust","101863846089082726180","https://www.google.com/maps/contrib/101863846089082726180/reviews?hl=en","https://lh3.googleusercontent.com/a-/ALV-UjXNwldPkTHC1dX0ZBwOmubHpxOzenxqYoOzFQhADrcar-JTUTow=w36-h36-p-rp-mo-ba12-br100",1,160,1274,"Edited 3 years ago","Do not let the new fancy exterior lure you in!
or you might end up paying a private hospital bill but receiving public hospital care.

Long story short...
* Admitted for vertigo but received no treatment, had to request medication myself.
* Admitted because I was suppose to see a neurologist, but she did not turn up till the second day because my attending did not notify her until the next day.
* IV into a wrong vein and they injected saline even though it caused me much pain. I complained before they injected the saline that the needle caused me pain but the nurse said it was normal! And only when I cried out in pain, did they decided to move the IV needle to the other hand (see picture for the bruise caused by pressure from the saline injection).
* One of the in-patient nurse (with the glasses) had no patient-care skills. I suffered from vertigo and she was extremely aggressive in helping me. (Pull my head to one side to help change my clothes. Subsequently it yanked my IV tube which caused a brush near the injection site). I told her I would dress myself and she walked away despondently.
* Another nurse requested aggressively that I call her if I needed the toilet. As she said ""Or else if you fall, I would get in trouble"".
* Toilet flush was broken and water kept flowing, so the noise was unbearable as I was required to sleep. Complained and they did nothing for 40 minutes. Complained again and requested a room change. They moved me to a new room after another 30 minutes.
* Had to fully pay for one night plus in-patient medical care of 30,000THB before I was even admitted! The explanation I got was because I was a new ""customer""... Not a patient, but a customer they could drain cash from.
* One of reasons I was admitted was because they wanted me to rest and not move due to vertigo. But it was extremely difficult when some nurses slam the door every time when they entered or leave the room. This even happened at night!

Ps. Most of the other staff were very nice, helpful and took a very good care of me.","relevant"
"ChZDSUhNMG9nS0VJQ0FnSURlcHNmTFlREAE","0x30e29f12aaa363f1:0xcefcbb1eecaef925","MedPark Hospital",5,"Good location in city center, not far from MRT station and expressway. New, clean, well lighted and moderm interior design. Convenient store and restaurants are at lower floors.","ST T.","108574444540763392806","https://www.google.com/maps/contrib/108574444540763392806/reviews?hl=en","https://lh3.googleusercontent.com/a/ACg8ocI-Px5DZutTzKb4S2N5XwGQ_zyoACtYi9yvXK-uvRJU0sGuPQ=w36-h36-p-rp-mo-ba12-br100",1,539,1869,"3 years ago","","relevant"
"ChdDSUhNMG9nS0VJQ0FnSUNHd3JuUXlRRRAB","0x30e29f12aaa363f1:0xcefcbb1eecaef925","MedPark Hospital",4,"The hospital check up center at 7 Floor was so impressive and par up level with other international hospitals.Due to it is newer ,then not so crowded. The whole decoration is look alike 5 star hotel with modern and warmth seamless service. …","Minerva J","102152674879249069347","https://www.google.com/maps/contrib/102152674879249069347/reviews?hl=en","https://lh3.googleusercontent.com/a/ACg8ocJbHWBBeE85XjlJgIAfsdia5EJpdUvddEu0dPSLAmezc6DVJ_A=w36-h36-p-rp-mo-ba12-br100",1,533,6849,"4 years ago","","relevant"
"ChZDSUhNMG9nS0VJQ0FnSUMzeHRXTk53EAE","0x30e29f12aaa363f1:0xcefcbb1eecaef925","MedPark Hospital",5,"I recently visited Medpark Hospital and had a positive experience overall.
The medical staff were professional, friendly, and thorough in explaining my treatment. Nurses were attentive, though occasionally there was a slight delay in response times during busy periods.

The hospital is modern and clean. My room was comfortable, and the overall environment was well-maintained. They also have state-of-the-art equipment, which made me feel confident in the care I was receiving.
I felt I received high-quality care, with clear communication about my diagnosis and treatment. Follow-up care was also good, with regular check-ins and easy access to support.

Overall
I would definitely recommend Medpark for its excellent medical care, modern facilities, and friendly staff, though minor delays in testing could be improved. Overall, a very good experience.","Varakorn Thikeng","105783570202137339902","https://www.google.com/maps/contrib/105783570202137339902/reviews?hl=en","https://lh3.googleusercontent.com/a-/ALV-UjXBMqhRqhd1wSUrJJB0di2ohf_r8GYel4SLmQVxm3bxUO5anmqk=w36-h36-p-rp-mo-br100",0,5,0,"a year ago","","relevant"
"Ci9DQUlRQUNvZENodHljRjlvT2t4WlZraHNaelJqWW5WbVJFZHFWR1pSYzA4ekxXYxAB","0x30e29f12aaa363f1:0xcefcbb1eecaef925","MedPark Hospital",5,"I would like to express my sincere gratitude to Dr. Wirach Jitsutthiphakorn for accurately diagnosing my condition and for providing excellent care and advice. I am very happy and impressed. It was a great blessing to have had the opportunity to be treated by Dr. Wirach. 🙏🏻 I had consulted many doctors before, but none of them could diagnose my condition. It was only after being treated by Dr. Wirach that I was diagnosed.
I highly recommend him. If any patient has any symptoms related to ear, nose, throat, allergies, sinusitis, or abnormal ringing in the ears due to a stuck/malfunctioning Eustachian tube, I recommend seeing Dr. Wirach. He is very skilled and very kind. 🙏🏻","Maleeya Peeraprasompong","103463685043119714269","https://www.google.com/maps/contrib/103463685043119714269/reviews?hl=en","https://lh3.googleusercontent.com/a-/ALV-UjX9KaZamlD-EymA1QFzOzFZgJr5esGUdmBVG5BbblxIwt5XwAk=w36-h36-p-rp-mo-ba12-br100",1,48,69,"4 hours ago","","newest"
"Ci9DQUlRQUNvZENodHljRjlvT2toaWVrZGFVR1ZuYTI1NFFWYzNXVkZwUzNwNlkzYxAB","0x30e29f12aaa363f1:0xcefcbb1eecaef925","MedPark Hospital",3,"","Pum Pui","114876972207360763336","https://www.google.com/maps/contrib/114876972207360763336/reviews?hl=en","https://lh3.googleusercontent.com/a/ACg8ocLr4p-YUpI_XRZ5W3zpVG0zkVB0GwepeVakCUkuyTy0QtuIPA=w36-h36-p-rp-mo-br100",0,1,1,"18 hours ago","","newest"
"Ci9DQUlRQUNvZENodHljRjlvT2w5elZYQm1VVmRTUVVKRU1XRjRTR0ZMV0VOWlNWRRAB","0x30e29f12aaa363f1:0xcefcbb1eecaef925","MedPark Hospital",5,"Came to the emergency room on a friday evening because of a suspected heart attack (which it luckily wasn't) and had a great experience. Chose this hospital as it was recommended by friends and the closest.

They instantly took care of me (EKG etc.) without waiting time until they knew it luckily was just ESI 3 (urgent but not immediately life-threatening). The doctor came shortly after, instantly identified the underlying issue, proper treatment and they took my blood too to verify. Shortly after taking the medicine i fell asleep and woke up normal, feeling good and already with the results of the blood test.

10/10 experience at a more than reasonable price for a private hospital.

funfact: You can even pay with American Express and collect points","Michael V","115896303169947983151","https://www.google.com/maps/contrib/115896303169947983151/reviews?hl=en","https://lh3.googleusercontent.com/a-/ALV-UjW7HKr4QQCJKSw3LTK5P6kua4cuAiWc34YNfiTPj_UFJvetW3w5=w36-h36-p-rp-mo-ba12-br100",1,25,5,"19 hours ago","","newest"
"Ci9DQUlRQUNvZENodHljRjlvT205M1gwTnRjamRhTFVseVQwdDNWVTFSVlc1RUxYYxAB","0x30e29f12aaa363f1:0xcefcbb1eecaef925","MedPark Hospital",3,"UPDATE:

I would like to update my review following further communication with MedPark Hospital.

After my original review was posted, the hospital’s management team reached out to me directly to discuss my concerns. They acknowledged that there should have been better transparency regarding the doctor’s consultation fee and took the matter seriously. Following their internal review, they agreed to refund the doctor’s consultation fee, which I appreciate.

I also want to recognize that MedPark did not simply dismiss the complaint. The management team listened to my feedback, investigated the matter, and worked towards a resolution.

For context, my concern was never about receiving poor medical care. Medpark provides top class medical care in Thailand. The issue was specifically related to fee transparency and the lack of prior disclosure regarding a significantly higher consultation fee.

While I still believe patients should be informed in advance when there are substantial differences in doctors’ consultation fees, I appreciate the hospital’s willingness to review the situation and address the concern after it was brought to their attention.

Overall, this experience showed that MedPark values patient feedback and is willing to take corrective action when issues arise.

ORIGINAL REVIEW:
Our family has been loyal MedPark Hospital patients since the hospital first opened. Both of our sons were born here, have received all of their vaccinations here, and continue to visit the pediatric and dental departments regularly. My wife and I also use MedPark as our primary hospital.

This is why we were particularly disappointed by a recent experience at the Internal Medicine Department.

My wife visited for what turned out to be a common cold and had a consultation lasting approximately five minutes. We were subsequently charged a doctor consultation fee of THB 2,200. Over many years of visits to various departments and specialists at MedPark, we have typically encountered consultation fees in the THB 900–1,200 range, so this charge came as a surprise.

Our concern is not simply the amount charged, but the lack of transparency. We were not informed in advance that the consultation fee would be THB 2,200. Had we been informed beforehand, we would likely have chosen a different doctor. Patients should be given the opportunity to make informed decisions when there are significant differences in consultation fees.

After we raised the issue, a duty manager contacted us and said the matter would be investigated and that we would receive a callback the following day. Unfortunately, no one ever followed up as promised.

We have trusted MedPark Hospital with our family’s healthcare for many years, including the births and ongoing care of our children. The medical care has generally been good, but this experience left us disappointed with both the lack of fee transparency and the failure to follow through on a promised response. We will not be visiting Medpark again.

I hope MedPark will improve communication regarding consultation fees and ensure that patient concerns are properly followed up.","Jack Chen","105371041575535458438","https://www.google.com/maps/contrib/105371041575535458438/reviews?hl=en","https://lh3.googleusercontent.com/a/ACg8ocLQRoXHkQ5cqRPi3Sor8xcKyQ_TWwTmM_jwOUWAZ4Ajm3KyAw=w36-h36-p-rp-mo-ba12-br100",1,20,8,"Edited a day ago","UPDATE:

I would like to update my review following further communication with MedPark Hospital.

After my original review was posted, the hospital’s management team reached out to me directly to discuss my concerns. They acknowledged that there should have been better transparency regarding the doctor’s consultation fee and took the matter seriously. Following their internal review, they agreed to refund the doctor’s consultation fee, which I appreciate.

I also want to recognize that MedPark did not simply dismiss the complaint. The management team listened to my feedback, investigated the matter, and worked towards a resolution.

For context, my concern was never about receiving poor medical care. Medpark provides top class medical care in Thailand. The issue was specifically related to fee transparency and the lack of prior disclosure regarding a significantly higher consultation fee.

While I still believe patients should be informed in advance when there are substantial differences in doctors’ consultation fees, I appreciate the hospital’s willingness to review the situation and address the concern after it was brought to their attention.

Overall, this experience showed that MedPark values patient feedback and is willing to take corrective action when issues arise.

ORIGINAL REVIEW:
Our family has been loyal MedPark Hospital patients since the hospital first opened. Both of our sons were born here, have received all of their vaccinations here, and continue to visit the pediatric and dental departments regularly. My wife and I also use MedPark as our primary hospital.

This is why we were particularly disappointed by a recent experience at the Internal Medicine Department.

My wife visited for what turned out to be a common cold and had a consultation lasting approximately five minutes. We were subsequently charged a doctor consultation fee of THB 2,200. Over many years of visits to various departments and specialists at MedPark, we have typically encountered consultation fees in the THB 900–1,200 range, so this charge came as a surprise.

Our concern is not simply the amount charged, but the lack of transparency. We were not informed in advance that the consultation fee would be THB 2,200. Had we been informed beforehand, we would likely have chosen a different doctor. Patients should be given the opportunity to make informed decisions when there are significant differences in consultation fees.

After we raised the issue, a duty manager contacted us and said the matter would be investigated and that we would receive a callback the following day. Unfortunately, no one ever followed up as promised.

We have trusted MedPark Hospital with our family’s healthcare for many years, including the births and ongoing care of our children. The medical care has generally been good, but this experience left us disappointed with both the lack of fee transparency and the failure to follow through on a promised response. We will not be visiting Medpark again.

I hope MedPark will improve communication regarding consultation fees and ensure that patient concerns are properly followed up.","newest"
"Ci9DQUlRQUNvZENodHljRjlvT2pVNWFXY3RkVXhaVmtSZlZsSkVlRWRoUm5CS1JGRRAB","0x30e29f12aaa363f1:0xcefcbb1eecaef925","MedPark Hospital",5,"Nursery ward service is absolutely stunning! Service mind and other services are in the top notch level. Definately one of the best hospital in Thailand","Nyck Thanik","105867268787355529764","https://www.google.com/maps/contrib/105867268787355529764/reviews?hl=en","https://lh3.googleusercontent.com/a-/ALV-UjVqbTzU2c_L8rXlrS3pam5RI5ASTTS6jywJyvAnijg2SRU3-x7O=w36-h36-p-rp-mo-br100",0,4,0,"4 days ago","","newest"
"Ci9DQUlRQUNvZENodHljRjlvT21NNFNtUTJVV0Z2VDNSRU9FMHpPWGhIUm0xMlRXYxAB","0x30e29f12aaa363f1:0xcefcbb1eecaef925","MedPark Hospital",5,"I'm so glad I chose to give birth at this hospital. The doctors and nurses took excellent care of both me and my baby.","ผกาวดี สอนสุภาพ","103646777804579622209","https://www.google.com/maps/contrib/103646777804579622209/reviews?hl=en","https://lh3.googleusercontent.com/a/ACg8ocKow0ygku5DeCv6vZSrzzMNMRKfUOhjNYixuwJHhFu6ZDjGfg=w36-h36-p-rp-mo-br100",0,2,0,"4 days ago","","newest"
"Ci9DQUlRQUNvZENodHljRjlvT2t4UVpqVkJSRkptVkV0RWJqZzBiRGRJWjI1TFJYYxAB","0x30e29f12aaa363f1:0xcefcbb1eecaef925","MedPark Hospital",5,"Excellent! The service was great.","ประทุมพร ชมภูพื้น","104410720468895586572","https://www.google.com/maps/contrib/104410720468895586572/reviews?hl=en","https://lh3.googleusercontent.com/a-/ALV-UjWICHYYYYq5bQqc0J7CNy93gLbR8pzXVvMnS5NwUVI85oK9b3s=w36-h36-p-rp-mo-br100",0,1,1,"4 days ago","","newest"
"Ci9DQUlRQUNvZENodHljRjlvT2xkekxYVlNaV0ZvZWtGNWVrTnZUVGN4Vm0xc1ozYxAB","0x30e29f12aaa363f1:0xcefcbb1eecaef925","MedPark Hospital",1,"This hospital has a terrible parking card scanning system.

The scanning booth and the barrier are far apart; the barrier is at the entrance while the booth is downstairs.

How is anyone supposed to figure it out? It's chaotic and causes long traffic jams.

The design is absolutely awful.","K T","116193443794498160188","https://www.google.com/maps/contrib/116193443794498160188/reviews?hl=en","https://lh3.googleusercontent.com/a-/ALV-UjUVHNL_JGa6fgx6YnKXICpwV-hT6_BtLvWew79WO1Iv6XnOU7--eQ=w36-h36-p-rp-mo-ba12-br100",1,215,262,"4 days ago","","newest"
"Ci9DQUlRQUNvZENodHljRjlvT21scE9FNWpWVjlDYUhGVWNYWjBXVEpTUVhOSVQxRRAB","0x30e29f12aaa363f1:0xcefcbb1eecaef925","MedPark Hospital",5,"To the MedPark team who cared for me during my recent medical needs—thank you!

A special note of appreciation to Mark Loben, Manager of Nurse Coordination, …","Belien Tadesse","116469170961738936121","https://www.google.com/maps/contrib/116469170961738936121/reviews?hl=en","https://lh3.googleusercontent.com/a-/ALV-UjVZz-9K97rHsQDQI5cDc5ZzVjA_itTGSgu7m5VAUpIQjR7G1uAAVw=w36-h36-p-rp-mo-br100",0,3,0,"6 days ago","","newest"
"Ci9DQUlRQUNvZENodHljRjlvT2xSb09FWkJkbXRhTTBkWlgxZG5RVFZUTlc1WU5sRRAB","0x30e29f12aaa363f1:0xcefcbb1eecaef925","MedPark Hospital",5,"The NICU here is wonderful. Dr. Fai and Dr. Mint are very skilled and attentive, making my parents feel at ease receiving treatment here. All the nurses, including Jeab, Mod, Bee, and Maprang, taught and guided us through everything, both during treatment and after we were discharged. Thank you so much for taking such good care of us. 🙏🏻🙏🏻🙏🏻","ทศพล ตั้งเจริญชัย","100417226850664985590","https://www.google.com/maps/contrib/100417226850664985590/reviews?hl=en","https://lh3.googleusercontent.com/a/ACg8ocKxBcyZaaJVBvG1DB_J-F5UJ69k5OYaWTm7373HVaJ4RQ9Bqg=w36-h36-p-rp-mo-br100",0,1,1,"6 days ago","","newest"
"Ci9DQUlRQUNvZENodHljRjlvT21OT2FIcFFVRVJTVGt4dlprOTRkalJUV25aWkxYYxAB","0x30e29f12aaa363f1:0xcefcbb1eecaef925","MedPark Hospital",5,"They took care our son as their own family.
I bet you couldn't find the good service and very professional staff like this in Thailand. Many Thanks to Dr. Sornpin, all of the crew and staff here. Worth every cents you pay here. Love'em all & Best wish.","Andy Leela","103213983238266746035","https://www.google.com/maps/contrib/103213983238266746035/reviews?hl=en","https://lh3.googleusercontent.com/a-/ALV-UjU5RUQw8hPgD0HmgbWp-ofxgumCvhQWfZcviy0jr9teALW0O5yfyQ=w36-h36-p-rp-mo-ba12-br100",1,227,2589,"a week ago","","newest"
"Ci9DQUlRQUNvZENodHljRjlvT2pGS1NYaFhUa3MxVlRNeFUydHhaR3RYT1dzM1NGRRAB","0x30e29f12aaa363f1:0xcefcbb1eecaef925","MedPark Hospital",5,"","Supitcha kansirisin","112034606269878600583","https://www.google.com/maps/contrib/112034606269878600583/reviews?hl=en","https://lh3.googleusercontent.com/a-/ALV-UjWA6FIjZ77COTR5bD99RfXYWheabUcFDqstMYc4y6E533u7kani=w36-h36-p-rp-mo-br100",0,4,10,"a week ago","","newest"
"Ci9DQUlRQUNvZENodHljRjlvT204d2VYUjVWMjF4YWs1TGNEWklOMHd0ZVdwb2JHYxAB","0x30e29f12aaa363f1:0xcefcbb1eecaef925","MedPark Hospital",5,"Thank you so much to the kind Dr. Boonchai and the thoughtful translator Xiao Zhou! 🥳 Looking forward to the arrival of my baby! 🥳 …","TONY LIN","101390127481756511503","https://www.google.com/maps/contrib/101390127481756511503/reviews?hl=en","https://lh3.googleusercontent.com/a/ACg8ocIMYTyFt9v2boHe5A8QVmfv0B9oMW4c9SVvMTTIg88Mp7vAag=w36-h36-p-rp-mo-br100",0,2,1,"a week ago","","newest"
"Ci9DQUlRQUNvZENodHljRjlvT2pnM2NrdHdURkl3VEd4WU9XTlFabE52ZG5OUWQzYxAB","0x30e29f12aaa363f1:0xcefcbb1eecaef925","MedPark Hospital",5,"The NICU care was excellent. Nurses Maprang, Mod, and Bee taught the basics and provided a good understanding, which made my mother feel less anxious throughout her stay at the hospital and after returning home. She was even able to ask many questions. Dr. Areeya provided a lot of knowledge and helped me make good decisions about treatment.","Eve B.","117873111298572039573","https://www.google.com/maps/contrib/117873111298572039573/reviews?hl=en","https://lh3.googleusercontent.com/a-/ALV-UjXKXLOkprPmw9AM9rAkbJYZXWaW0y8dpsVPfc_Ld2IAzkn6hdk=w36-h36-p-rp-mo-br100",0,3,2,"a week ago","","newest"
"Ci9DQUlRQUNvZENodHljRjlvT2tGNmVtZEdOa2wxZUZJemFsTktSbTFLVjNOVGVGRRAB","0x30e29f12aaa363f1:0xcefcbb1eecaef925","MedPark Hospital",5,"This hospital is relatively new, with a very good environment and hygiene.

Most doctors and staff can speak English, and there are free multilingual interpreters (including Chinese & Cantonese interpreters).

Several specialists I saw were very attentive in their consultations, and the medications were very effective. The equipment is advanced, and the medications are of high quality.

Highly recommended 👍👍👍","Clara Cheung","105130388177907029039","https://www.google.com/maps/contrib/105130388177907029039/reviews?hl=en","https://lh3.googleusercontent.com/a-/ALV-UjWfWYN3II1gq2Rh5lGpvkqsJZcIXOOlcuMWIgu3hYPpiINSaglDyQ=w36-h36-p-rp-mo-br100",0,2,6,"a week ago","","newest"
"Ci9DQUlRQUNvZENodHljRjlvT2psVE1VNHliSGxqUWw5VmFraEZMVEY1UlRkblpGRRAB","0x30e29f12aaa363f1:0xcefcbb1eecaef925","MedPark Hospital",5,"Medpark Hospital is conveniently located with free parking, a beautiful environment, and a wide variety of restaurants.

The staff are friendly and provide excellent service. The doctors are professional, attentive, and efficient. Free Cantonese translation is also available, making the hospital feel very welcoming.","Chi Shing Cheung","100351746888826374984","https://www.google.com/maps/contrib/100351746888826374984/reviews?hl=en","https://lh3.googleusercontent.com/a/ACg8ocKDuL7NB6tISTse14uqppXSLvprYAprXu9gkvZldsr-YFgqig=w36-h36-p-rp-mo-br100",0,4,15,"a week ago","","newest"
"Ci9DQUlRQUNvZENodHljRjlvT2pNd09IRkxVWGxIWkVWWFptcG1XR1V3WDBoeVdrRRAB","0x30e29f12aaa363f1:0xcefcbb1eecaef925","MedPark Hospital",5,"","Kem ka","113455874476629245247","https://www.google.com/maps/contrib/113455874476629245247/reviews?hl=en","https://lh3.googleusercontent.com/a/ACg8ocL39S0E_Ze3CPwafJXV0GxxZLYhjQaykwRhkM7sCOf0i5G4oA=w36-h36-p-rp-mo-br100",0,2,0,"a week ago","","newest"
"Ci9DQUlRQUNvZENodHljRjlvT2pCcmFrOXBVeTFaWVVkWWExOTJRVzFUU1RGU1QxRRAB","0x30e29f12aaa363f1:0xcefcbb1eecaef925","MedPark Hospital",5,"My family & I would like to express our sincere gratitude to MedPark Hospital for the exceptional care my Mom received.

My Mom had been suffering from severe stomach pain & was hospitalized in Myanmar, but her condition didn’t improve despite several examinations & treatments. As her pain became unbearable, we decided to seek treatment at MedPark Hospital in Bangkok.

From the moment we arrived, everything was handled professionally & efficiently. The medical team quickly conducted comprehensive examinations & identified the cause of her illness. We are especially grateful to Dr. Santi Kulpatcharapong and Dr. Jirayos Chintanadilok for their expertise, dedication, & compassionate care. Thanks to their thorough investigations & treatment, my Mom’s condition improved dramatically within days.

Throughout our stay, the nurses, junior doctors, & Myanmar Team provided outstanding support. The Myanmar Team was also incredibly helpful, assisting us with communication & even offering support regarding visa extensions when needed. My Mom is very anxious about medical procedures, but everyone treated her with patience, kindness, and reassurance, helping her feel comfortable and cared for during a difficult time.

What impressed us most was the hospital’s commitment to finding the true cause of my mother’s illness & prioritizing patient care above everything else. The hospital was also clean, well-organized, & welcoming, creating a comfortable environment for both patients & their families.

The care & service we received were truly worth it because my Mom received the correct diagnosis, effective treatment, & made a remarkable recovery.

Thank you to Dr. Santi Kulpatcharapong, and Dr. Jirayos Chintanadilok, & the entire MedPark team for helping my Mom recover. We will always be grateful for the excellent care & support we received. 🙏","Phyu Sin Shinn Thant","100943662180666624848","https://www.google.com/maps/contrib/100943662180666624848/reviews?hl=en","https://lh3.googleusercontent.com/a/ACg8ocLBhl0W3B2WKottPzVVrOPFQTswxVTEqG6oA48-5Heji8ut=w36-h36-p-rp-mo-br100",0,1,0,"a week ago","","newest"
"Ci9DQUlRQUNvZENodHljRjlvT2toVlpreDFValpHVEhkNk1sUkJXbkZXT1RrMkxYYxAB","0x30e29f12aaa363f1:0xcefcbb1eecaef925","MedPark Hospital",5,"Excellent service from the counter to the parking lot.","Louis Secret","105606569919476445865","https://www.google.com/maps/contrib/105606569919476445865/reviews?hl=en","https://lh3.googleusercontent.com/a-/ALV-UjVZr8KTpMkRhfKl230Ofk7bVCN9wp1YliEgox3dO-N3M4a-zhHDjQ=w36-h36-p-rp-mo-ba12-br100",1,1652,13031,"2 weeks ago","","newest"
"Ci9DQUlRQUNvZENodHljRjlvT2tJMkxUUmhhMHhpWW5kV1pUZE9aRVozT1V0ZlVXYxAB","0x30e29f12aaa363f1:0xcefcbb1eecaef925","MedPark Hospital",3,"The hospital is beautiful and the staff are polite, but the management is terrible. On my first visit, the doctor had scheduled another doctor for a procedure the following day, but the time hadn't been confirmed, so I decided to stay …","Non Pat","115249725742344386815","https://www.google.com/maps/contrib/115249725742344386815/reviews?hl=en","https://lh3.googleusercontent.com/a/ACg8ocJ3RERCJHrfqDt6l6YdlJA41ZsO4dBFCMQkuzB1u231DnA0Og=w36-h36-p-rp-mo-br100",0,5,0,"2 weeks ago","","newest"
"Ci9DQUlRQUNvZENodHljRjlvT21oVVEzZENlRzltWDFWalpGVnFOMmxOVlcxMVozYxAB","0x30e29f12aaa363f1:0xcefcbb1eecaef925","MedPark Hospital",1,"They have no idea about medicine and they accidentally almost killed me. Other than that, as a ""hotel"" atmosphere the hospital is nice and modern. However you need to be your own doctor and know what's your diagnosis and what medicines to request as they have no idea.","Vilma Mattila","115257033667104866812","https://www.google.com/maps/contrib/115257033667104866812/reviews?hl=en","https://lh3.googleusercontent.com/a-/ALV-UjVacGFhrGmygfxmlyQ-P4T2L9PbTuDIGpO8x5GvViIeQSZrc5L_lw=w36-h36-p-rp-mo-ba12-br100",1,79,9,"2 weeks ago","","newest"
"Ci9DQUlRQUNvZENodHljRjlvT21GU2JHeFFWSEI2UW01RE5WTnNkMWxEYmxsSVVYYxAB","0x30e29f12aaa363f1:0xcefcbb1eecaef925","MedPark Hospital",5,"I had a C-section here, and both the doctors and nurses provided excellent service. I was extremely impressed.","พิมพ์ณดา ศิริอัครารัตน์","111878360354198070682","https://www.google.com/maps/contrib/111878360354198070682/reviews?hl=en","https://lh3.googleusercontent.com/a/ACg8ocLhMEG78fmaUacsa2k9ujl8R4aHFU9-2AvLElypgX1YiiO_0g=w36-h36-p-rp-mo-br100",0,5,6,"2 weeks ago","","newest"
"Ci9DQUlRQUNvZENodHljRjlvT25ZMldtRk9NR2h3U2pkcGVVOWtORmhXVXpGQ2FWRRAB","0x30e29f12aaa363f1:0xcefcbb1eecaef925","MedPark Hospital",1,"I am writing this review after a very disappointing experience with MedPark Hospital in Bangkok. …","Mohammed Al-Ghanim","109482239192790022310","https://www.google.com/maps/contrib/109482239192790022310/reviews?hl=en","https://lh3.googleusercontent.com/a/ACg8ocJv9Hw_Vo-qBrt1rYKmwHzIPiGzLS2QlzsEvGgwSABdnhnxUg=w36-h36-p-rp-mo-br100",0,1,0,"3 weeks ago","","newest"
"Ci9DQUlRQUNvZENodHljRjlvT25weFVFUjBNM0ExU2xaMFJYQlRXazFXWjBvNFRtYxAB","0x30e29f12aaa363f1:0xcefcbb1eecaef925","MedPark Hospital",5,"Excellent! Nursery Medpark, nurse Surirat Boonlert, is excellent. She gave great advice and took wonderful care of my child. Thank you!","NATHAPHON SUTTIPONG","108037246603699134040","https://www.google.com/maps/contrib/108037246603699134040/reviews?hl=en","https://lh3.googleusercontent.com/a-/ALV-UjUiV46ddXqJlq_YwS3zx5m0YGm4IfRoxggsiTfYNQDdBRWmmyM=w36-h36-p-rp-mo-br100",0,1,0,"3 weeks ago","","newest"
"Ci9DQUlRQUNvZENodHljRjlvT2xWeE1EVlhTRFZ1V2s0eWQzVlZRMVkwUmpGWVZXYxAB","0x30e29f12aaa363f1:0xcefcbb1eecaef925","MedPark Hospital",5,"Medpark NICU is excellent. The nurses and doctors provide great care.","gentle online","110927506016971334624","https://www.google.com/maps/contrib/110927506016971334624/reviews?hl=en","https://lh3.googleusercontent.com/a/ACg8ocKG0bR4ibslP_MPA5jb8VSMMxRMSodh-XOJoXNNkBrkP5JbyA=w36-h36-p-rp-mo-br100",0,2,1,"3 weeks ago","","newest"
"Ci9DQUlRQUNvZENodHljRjlvT213NVQwUnlSelZIYzJGbFJrOVJiSFo2WWt0UGVuYxAB","0x30e29f12aaa363f1:0xcefcbb1eecaef925","MedPark Hospital",1,"It's a private hospital, but it feels like a government hospital.
I waited a very long time for the doctor. The staff said there was one more person in line, but I waited for an hour and a half, even though I was one of the …","Dony. Chr","106154640868107202102","https://www.google.com/maps/contrib/106154640868107202102/reviews?hl=en","https://lh3.googleusercontent.com/a/ACg8ocLFFtFY7rwXsE3EdJpmE04GyIhC2CAnJePPWq9SLGqbXZF_SA=w36-h36-p-rp-mo-ba12-br100",1,9,32,"4 weeks ago","","newest"
"Ci9DQUlRQUNvZENodHljRjlvT2xBM1RsOVJRbEZzTmtKNExXSmphMkY1VGtsNU1YYxAB","0x30e29f12aaa363f1:0xcefcbb1eecaef925","MedPark Hospital",1,"","Armu","118019398572784482506","https://www.google.com/maps/contrib/118019398572784482506/reviews?hl=en","https://lh3.googleusercontent.com/a/ACg8ocKLxDesZ05oZdyBD8tGgG8WqiGujDzFTuZTg5AwlFRBKQJLTYpG=w36-h36-p-rp-mo-ba12-br100",1,16,36,"4 weeks ago","","newest"
"Ci9DQUlRQUNvZENodHljRjlvT2xSb2FrbHZiekowTTNaaFNUVkxhVWh5UjNsRWVtYxAB","0x30e29f12aaa363f1:0xcefcbb1eecaef925","MedPark Hospital",1,"Don't think that just because you're admitted you'll get to sleep. The rooms aren't soundproof at all. You can hear the people in the next room closing their doors every time. Staff members put things down loudly, housekeepers slam the refrigerator doors shut while getting food, everyone is chattering nonstop. It's incredibly annoying. If I have to stay here because I'm sick, I'd rather die than suffer this much.","panitan tongsiri","105701834417393899963","https://www.google.com/maps/contrib/105701834417393899963/reviews?hl=en","https://lh3.googleusercontent.com/a-/ALV-UjWyfW049PAZzjYtEzzi4VIC_ugH6rb7vEMaL1RCGikR8L43CeiG=w36-h36-p-rp-mo-ba12-br100",1,34,25,"a month ago","","newest"
"Ci9DQUlRQUNvZENodHljRjlvT25VeWFHVllSVjg0WWtKQ1dIQndiVGRLTlZSSFZtYxAB","0x30e29f12aaa363f1:0xcefcbb1eecaef925","MedPark Hospital",5,"","Sukanda Sangjang","114288145122722996072","https://www.google.com/maps/contrib/114288145122722996072/reviews?hl=en","https://lh3.googleusercontent.com/a-/ALV-UjUKfcEFwdGvttffbhxVZYMMgTd49i_j7SZmE38HRNmZzEsaXnfX=w36-h36-p-rp-mo-br100",0,4,3,"a month ago","","newest"
"Ci9DQUlRQUNvZENodHljRjlvT21Sbk1qaFJRa2xFUlZWcVNVTXdZMk5OVFVKT1ExRRAB","0x30e29f12aaa363f1:0xcefcbb1eecaef925","MedPark Hospital",1,"I went to see the doctor because of a lump on my arm. We were quite concerned, especially since I'm young. The doctor sent me for imaging, and by the time I came back, the doctor had already gone in for surgery. We understand that, as they are also doctors, and that the main responsibility of an orthopedic doctor is surgery. However, the hospital said they would call with the results within 24 hours, but there was no contact. They only sent an email with the imaging results. What we need is a plan for further testing and future treatment. After calling to follow up, we were told to wait another 24 hours, but still no information. Because we are very worried, we specifically came to see a specialist, expecting quick treatment in a private setting. However, it feels like the hospital isn't following up on the case.","Sirawit Khantaraksawong","111171325436977976489","https://www.google.com/maps/contrib/111171325436977976489/reviews?hl=en","https://lh3.googleusercontent.com/a/ACg8ocI-cSPNL-Ruu1hqMi9lfzqgTz-LeWV2XS3btO7vU46tbCqubA=w36-h36-p-rp-mo-br100",0,8,3,"a month ago","","newest"
"Ci9DQUlRQUNvZENodHljRjlvT21JdFVFSnNTbmR4UW5OWWJTMXZWRXBGTlROSE9IYxAB","0x30e29f12aaa363f1:0xcefcbb1eecaef925","MedPark Hospital",5,"","Nok kie","108487405699704652262","https://www.google.com/maps/contrib/108487405699704652262/reviews?hl=en","https://lh3.googleusercontent.com/a-/ALV-UjVp4rsmbik-cy0C0Hu04eQ6L82rOp62OtrAJmYVK2_DTT2QMU3L=w36-h36-p-rp-mo-br100",0,0,0,"a month ago","","newest"
"Ci9DQUlRQUNvZENodHljRjlvT21sa2NUTlpPVEp2Wm1aNVdYUnBSMGg1TXpGcVdGRRAB","0x30e29f12aaa363f1:0xcefcbb1eecaef925","MedPark Hospital",5,"","Nipaporn Sawangsuk","105582931492295966697","https://www.google.com/maps/contrib/105582931492295966697/reviews?hl=en","https://lh3.googleusercontent.com/a/ACg8ocIkk3XLF8i5dDARRGvINsfPXZKItiAiGGFlt7Sz9yiNIVcz9w=w36-h36-p-rp-mo-br100",0,1,0,"a month ago","","newest"
"Ci9DQUlRQUNvZENodHljRjlvT2tSZmRGTjBhbTUzZFRKelp6VkJZVGhVY1ZZMWIzYxAB","0x30e29f12aaa363f1:0xcefcbb1eecaef925","MedPark Hospital",1,"I brought my child in for an evaluation of chronic constipation, which has been ongoing for quite some time. As we had not seen a doctor for a while, there was a lot of information to share, and it was not presented in a perfectly structured order—which is quite normal for parents.

During the consultation, the doctor interrupted several times and appeared irritated, stating that the information provided was “confusing,” rather than helping to guide the conversation by asking questions to identify the key points. This created a tense atmosphere and made me feel that I was not being properly listened to.

From my past experiences with other doctors, most understand that parents may not present information in a perfectly organized way and usually help extract the relevant details.","Kuntida Tongchua","115327246652936794727","https://www.google.com/maps/contrib/115327246652936794727/reviews?hl=en","https://lh3.googleusercontent.com/a/ACg8ocJ2nKkE5-Yx1MtLOp9GThx08nFqkpZmYMI8TKugaikCMZ4tLA=w36-h36-p-rp-mo-br100",0,9,1,"a month ago","","newest"
"Ci9DQUlRQUNvZENodHljRjlvT2xnek1GZHBOVGhTYlVobVNESjZTbDlHY1hSNE4wRRAB","0x30e29f12aaa363f1:0xcefcbb1eecaef925","MedPark Hospital",4,"","Ron","103199598288248855741","https://www.google.com/maps/contrib/103199598288248855741/reviews?hl=en","https://lh3.googleusercontent.com/a-/ALV-UjW3GI0E4-uLUtYBnak5A7M1JxJeZHnFnBj312TtDeANFjrHUTdn=w36-h36-p-rp-mo-ba12-br100",1,9,355,"a month ago","","newest"
"Ci9DQUlRQUNvZENodHljRjlvT2xsblNWbEVkblo1V0dkS1kzZFJOMFJIZERsWlZYYxAB","0x30e29f12aaa363f1:0xcefcbb1eecaef925","MedPark Hospital",1,"The service you only can get  is cashier, the price is higher than the value and not transparent, please carefully select this hospital as your health keeper.","tony wei","105336296014043964308","https://www.google.com/maps/contrib/105336296014043964308/reviews?hl=en","https://lh3.googleusercontent.com/a/ACg8ocKHeMvHuBy9eB7dRQF2S4LxaA4d7lRiak2C4-LaU27DjorDnQ=w36-h36-p-rp-mo-br100",0,1,0,"a month ago","","newest"
"Ci9DQUlRQUNvZENodHljRjlvT2pOVWVWY3hObmRXV0Roc1JHVjJTMmhyVUdkdE5IYxAB","0x30e29f12aaa363f1:0xcefcbb1eecaef925","MedPark Hospital",5,"","Suda Yenbamroong","109273022188819242630","https://www.google.com/maps/contrib/109273022188819242630/reviews?hl=en","https://lh3.googleusercontent.com/a/ACg8ocI0MxpoX8f9hvVwGzo5VAdib0kl0Q5MxrxHZJSEfFh5oOIm_g=w36-h36-p-rp-mo-br100",0,1,0,"2 months ago","","newest"
"Ci9DQUlRQUNvZENodHljRjlvT2tnMlIyd3hVVGxEV1dOdE9WcElNazVtVEhweU1HYxAB","0x30e29f12aaa363f1:0xcefcbb1eecaef925","MedPark Hospital",5,"The doctors and nurses at the NICU at Medpark took excellent care of my baby. They provided great advice and explanations, which were incredibly helpful to the mother. They always said kind words and offered encouragement. I was very impressed.","NATTITHA NUNTAPIRAT","100557531030496417417","https://www.google.com/maps/contrib/100557531030496417417/reviews?hl=en","https://lh3.googleusercontent.com/a/ACg8ocLE6H3dvqfULfSlYJRgHRzDCXm_lPiO5NTLvo9UQciseCNWyw=w36-h36-p-rp-mo-br100",0,2,0,"2 months ago","","newest"
"Ci9DQUlRQUNvZENodHljRjlvT2xkT2N6UjZObGxQVFhWdmIxcHdURTVQVEhkTFpXYxAB","0x30e29f12aaa363f1:0xcefcbb1eecaef925","MedPark Hospital",1,"The hospital's outlook is good, but its diagnostic skills are zero, and we paid a fortune. Private hospitals in Thailand should be scrutinized.","hazarhan uresin","106313247885982253181","https://www.google.com/maps/contrib/106313247885982253181/reviews?hl=en","https://lh3.googleusercontent.com/a/ACg8ocIdMqGbx1m-ttyv_X-Z-fa9eEaB0reMKRbRrloe7djUJstttw=w36-h36-p-rp-mo-ba12-br100",1,14,0,"2 months ago","","newest"
"Ci9DQUlRQUNvZENodHljRjlvT2xSV1l6SklkbXB5TmxFeVRXRnFZMUZPUVhoSk0wRRAB","0x30e29f12aaa363f1:0xcefcbb1eecaef925","MedPark Hospital",1,"I called to make an appointment and got a slot with an ophthalmologist at 12:15 PM. The operator told me to arrive 10-15 minutes early, which I did. I waited until 1 PM and still hadn't been seen by the doctor. I don't understand why they …","Chalongchat Vadhahong","111609176209157476345","https://www.google.com/maps/contrib/111609176209157476345/reviews?hl=en","https://lh3.googleusercontent.com/a/ACg8ocKzDHm4YeMjOpTJSKOirXYfHi1Z29CpWuBA-DS3QBLK1ozomw=w36-h36-p-rp-mo-ba12-br100",1,14,36,"2 months ago","","newest"
"Ci9DQUlRQUNvZENodHljRjlvT2xGdVYxOUxZMGhsVDBRMFEzVjVkRzU0TUdGME5GRRAB","0x30e29f12aaa363f1:0xcefcbb1eecaef925","MedPark Hospital",5,"My mom chose to give birth to our twins here because my dad wanted Dr. Suteera to be their doctor, and we made the right choice. From the day they were born until now, at 2 years and 6 months old, Dr. Suteera has been incredibly kind and …","Noklin","103095783730342100468","https://www.google.com/maps/contrib/103095783730342100468/reviews?hl=en","https://lh3.googleusercontent.com/a/ACg8ocJ5O_-rqmCld-77MAMaw9qLbVKB51VUnxusYv3L5KHZk9jCtw=w36-h36-p-rp-mo-br100",0,2,11,"2 months ago","","newest"
"Ci9DQUlRQUNvZENodHljRjlvT200M1oxUlVUSEZDYTJwd1JtOVJiWHBOVFRsSFZVRRAB","0x30e29f12aaa363f1:0xcefcbb1eecaef925","MedPark Hospital",1,"The hospital won't let drivers pick up deliveries, but they're selling things on an app. What's the point of doing that inside the hospital? This hospital is terrible.","นิติพงษ์ คําแดงไสย์","108912109302447209535","https://www.google.com/maps/contrib/108912109302447209535/reviews?hl=en","https://lh3.googleusercontent.com/a-/ALV-UjWMxNkoF6n9HCXKyRMAvfaV5KgNhPayyUNKO3RxGiFQMaltIvE=w36-h36-p-rp-mo-br100",0,10,0,"2 months ago","","newest"
"Ci9DQUlRQUNvZENodHljRjlvT2kxc1pWSXlVRlF4VFdsU09XSlFjbmt0VERKQk5XYxAB","0x30e29f12aaa363f1:0xcefcbb1eecaef925","MedPark Hospital",5,"","Wahiduzzaman","102230355822034484152","https://www.google.com/maps/contrib/102230355822034484152/reviews?hl=en","https://lh3.googleusercontent.com/a-/ALV-UjUeXUEqWWhbvGSjIGymuLfF8ggPozdzPQEXKsPKpC1fKpJapaHZVw=w36-h36-p-rp-mo-br100",0,1,4,"2 months ago","","newest"
"Ci9DQUlRQUNvZENodHljRjlvT2xGMlFWZEtPREF3VTJkbWVteGxObk53VFV0ek5sRRAB","0x30e29f12aaa363f1:0xcefcbb1eecaef925","MedPark Hospital",2,"I visited the internal medicine department last Tuesday and the service was very unsatisfactory. When I arrived, I stood at the counter for a while, but no one came to greet me or assist me. They just sat there, busy with their heads, ignoring me. I had to ask for their attention before I received any service. Furthermore, after seeing the doctor, they said a nutritionist would send a sample meal plan, but the nutritionist's work was not thorough; the information sent was too broad and lacked the details the doctor requested. I also tried contacting the internal medicine department by phone, but no one answered.","Nanthanat Charoensuk","116519400424296517811","https://www.google.com/maps/contrib/116519400424296517811/reviews?hl=en","https://lh3.googleusercontent.com/a/ACg8ocLViPzS5GV4C0dt9pdvoWj3C2wkL2mbrSyD670ytMWEokNqpA=w36-h36-p-rp-mo-ba12-br100",1,15,16,"2 months ago","","newest"
"Ci9DQUlRQUNvZENodHljRjlvT2sxVVFXaHpObXBhV21ka2RIaHNhbkJrVWtoaGVWRRAB","0x30e29f12aaa363f1:0xcefcbb1eecaef925","MedPark Hospital",5,"","Md Saif Hassan","105430727173973579360","https://www.google.com/maps/contrib/105430727173973579360/reviews?hl=en","https://lh3.googleusercontent.com/a-/ALV-UjXgCxduFJlf84TXtEiaZrs0PnLrozDFdKOyH2pCJtiegN2ffIfFpg=w36-h36-p-rp-mo-br100",0,13,1,"2 months ago","","newest"
"Ci9DQUlRQUNvZENodHljRjlvT25WWU1tdDJWMjl4VURsRFQwUkpiMWxVUVRWSGJsRRAB","0x30e29f12aaa363f1:0xcefcbb1eecaef925","MedPark Hospital",5,"Very clean and beautiful hospital.
We went to get a coffee though.","Kashif Khan","102181187697159196483","https://www.google.com/maps/contrib/102181187697159196483/reviews?hl=en","https://lh3.googleusercontent.com/a-/ALV-UjXeW7ZQHlj9nmv1XWpUmnItLDQWKzSSg_7eJRJRtBYzsVDRt28_=w36-h36-p-rp-mo-ba12-br100",1,87,310,"3 months ago","","newest"
"Ci9DQUlRQUNvZENodHljRjlvT2xONVlVcG5MV3RFVDFKV1RXcFZObkF4WTFSYVdIYxAB","0x30e29f12aaa363f1:0xcefcbb1eecaef925","MedPark Hospital",5,"Excellent! The doctor is very skilled and explained everything perfectly.","Thanachoti Srisurattanamethakul","110082442993942292629","https://www.google.com/maps/contrib/110082442993942292629/reviews?hl=en","https://lh3.googleusercontent.com/a/ACg8ocJ-RZvLyq03_OL6nIhPgPxPldOhxKyuScJUeTxN13dSf7Sdhw=w36-h36-p-rp-mo-br100",0,3,0,"3 months ago","","newest"
"Ci9DQUlRQUNvZENodHljRjlvT25wVGIyOHlXRWh2Ym5OV2JubDRaemxzUmt0WFRVRRAB","0x30e29f12aaa363f1:0xcefcbb1eecaef925","MedPark Hospital",5,"","Dani","102584724133643302650","https://www.google.com/maps/contrib/102584724133643302650/reviews?hl=en","https://lh3.googleusercontent.com/a/ACg8ocJ82RJWn0hKdfLyCQIat5M8Vh4hA5OAtpcAtEbLrE_SiZv0uw=w36-h36-p-rp-mo-ba12-br100",1,12,1,"3 months ago","","newest"
"Ci9DQUlRQUNvZENodHljRjlvT2xwUFJGTmhNVWt0UjJzdFoxQlZjekpVZUROUmVrRRAB","0x30e29f12aaa363f1:0xcefcbb1eecaef925","MedPark Hospital",5,"","Oboe Napat Watthanasan","114231737944771936440","https://www.google.com/maps/contrib/114231737944771936440/reviews?hl=en","https://lh3.googleusercontent.com/a/ACg8ocJUZyfifadmm1veIuwAqzv32PSE3ObTy84C_-N9NR6PgIQfixk=w36-h36-p-rp-mo-br100",0,5,4,"3 months ago","","newest"
"Ci9DQUlRQUNvZENodHljRjlvT2xFeVp6TlhiVFJrVTFwT2RUWnhXRkpHT1RkemQxRRAB","0x30e29f12aaa363f1:0xcefcbb1eecaef925","MedPark Hospital",5,"I had LASIK surgery at SmilePro, Medpark Hospital, and it was a great experience.
From the doctor, nurses, and all the staff, everyone took excellent care of me. …","Karn Kovirulskul","105776898601841692512","https://www.google.com/maps/contrib/105776898601841692512/reviews?hl=en","https://lh3.googleusercontent.com/a-/ALV-UjXuvthnNr79yQonMV2kf9Yz3AAJa22RLkXqtIWM9Pbp4xu_wpYw=w36-h36-p-rp-mo-br100",0,6,11,"3 months ago","","newest"
"Ci9DQUlRQUNvZENodHljRjlvT2xWRldGVk1VR0ZDUVVGeFoycHhlR2cyTUVsMGRuYxAB","0x30e29f12aaa363f1:0xcefcbb1eecaef925","MedPark Hospital",5,"","Phanpaka Saengsai","100804422344747839338","https://www.google.com/maps/contrib/100804422344747839338/reviews?hl=en","https://lh3.googleusercontent.com/a-/ALV-UjXTNVTvo43s260igbPAASm1OHCZkkhsppdlglB6ze1QHqQ9dNUg=w36-h36-p-rp-mo-br100",0,5,4,"3 months ago","","newest"
"Ci9DQUlRQUNvZENodHljRjlvT20xSWJUVkNUMTlmY1hSNWNIQkpXRmQwYUdZd01uYxAB","0x30e29f12aaa363f1:0xcefcbb1eecaef925","MedPark Hospital",1,"The nurse at the counter hung up before I could even finish talking on the phone. I don't know why she was in such a hurry.
It's considered bad manners for a service provider to wait for the customer to …","Weera Toongern","103834635374956891368","https://www.google.com/maps/contrib/103834635374956891368/reviews?hl=en","https://lh3.googleusercontent.com/a-/ALV-UjXvR3aqdFOaYXKL3iEAnK0VCTJRUATVFry2cqfxUFz3JCKObrw=w36-h36-p-rp-mo-br100",0,1,0,"3 months ago","","newest"
"Ci9DQUlRQUNvZENodHljRjlvT2pJME0xOXZMV1o0YjFkdGJESmZSbFEwTTNWMFJHYxAB","0x30e29f12aaa363f1:0xcefcbb1eecaef925","MedPark Hospital",5,"A very clean hospital.

The nurses and doctors were all friendly, courteous, and competent. …","bitxt","112154368083355882545","https://www.google.com/maps/contrib/112154368083355882545/reviews?hl=en","https://lh3.googleusercontent.com/a/ACg8ocLPKAP8oIUCGsr5iZuC8hVs5fiZp46NDcvHEMoz9pNyy5s9gQ=w36-h36-p-rp-mo-br100",0,3,0,"3 months ago","","newest"
"Ci9DQUlRQUNvZENodHljRjlvT2xOak5FeEpVV0V5Umt4SWVGZGthbVF0WjBsdFlYYxAB","0x30e29f12aaa363f1:0xcefcbb1eecaef925","MedPark Hospital",5,"","Note Note","105368865452517800235","https://www.google.com/maps/contrib/105368865452517800235/reviews?hl=en","https://lh3.googleusercontent.com/a/ACg8ocKACbDigMJIGjSi5kExZZs_9NJaw9LivZq-JA7LiOgj1RtVNA=w36-h36-p-rp-mo-br100",0,1,0,"3 months ago","","newest"
"Ci9DQUlRQUNvZENodHljRjlvT2xKU1QwcG1ibU5MWXpsMFptdExZV3BuUTJ4UWRsRRAB","0x30e29f12aaa363f1:0xcefcbb1eecaef925","MedPark Hospital",5,"I've used this hospital several times. 
It's a very good hospital and I recommend it. All the doctors are thorough and consider all possibilities. I've used other well-known hospitals, but this one is …","lily","110441502021807031047","https://www.google.com/maps/contrib/110441502021807031047/reviews?hl=en","https://lh3.googleusercontent.com/a/ACg8ocKGLwsPkmP0O90oS33JByCc3J7JxAmpAGAKYp8j1aNzxEV-UQ=w36-h36-p-rp-mo-br100",0,4,0,"3 months ago","","newest"
"Ci9DQUlRQUNvZENodHljRjlvT25KNFIyRkVaRlJsV0c1eGVHeHJUMFZCYjNaR2MyYxAB","0x30e29f12aaa363f1:0xcefcbb1eecaef925","MedPark Hospital",4,"","Sutthipat Sirithianwanitchakul","115075882084294236891","https://www.google.com/maps/contrib/115075882084294236891/reviews?hl=en","https://lh3.googleusercontent.com/a/ACg8ocIhOFf3RvlOEFgpD_3SwLaKDAhegsB7vHOgs15Lp5L2c44W6A=w36-h36-p-rp-mo-br100",0,11,4,"4 months ago","","newest"
"Ci9DQUlRQUNvZENodHljRjlvT2swd00wdzRkVE5uVEhsMFV6QlFRVGRaWW5WTWFtYxAB","0x30e29f12aaa363f1:0xcefcbb1eecaef925","MedPark Hospital",5,"","สมประสงค์ พูนิวงษา","108515916331606279952","https://www.google.com/maps/contrib/108515916331606279952/reviews?hl=en","https://lh3.googleusercontent.com/a-/ALV-UjWZ97prNmW-lgwcDx_p7lQn7oNFdbn-_p2SBL1mxgZcrX2J9KQu=w36-h36-p-rp-mo-br100",0,0,0,"4 months ago","","newest"
"Ci9DQUlRQUNvZENodHljRjlvT2xneFFUaHFiRGsyVVhGWVdUTmhiMTlLZERkelQxRRAB","0x30e29f12aaa363f1:0xcefcbb1eecaef925","MedPark Hospital",5,"","Baipor Teeyaa","114546090485350525342","https://www.google.com/maps/contrib/114546090485350525342/reviews?hl=en","https://lh3.googleusercontent.com/a-/ALV-UjV_hY7Whaiw2FRoevw5IPAPiQgoyMJKyxBHrSXtpzJEItqDgYMd=w36-h36-p-rp-mo-br100",0,9,14,"4 months ago","","newest"
"Ci9DQUlRQUNvZENodHljRjlvT2xGdmNVOXNabkJPWWtzeU0wTmFiRk5zV0U1RmJFRRAB","0x30e29f12aaa363f1:0xcefcbb1eecaef925","MedPark Hospital",5,"","Ping","108831346272406252858","https://www.google.com/maps/contrib/108831346272406252858/reviews?hl=en","https://lh3.googleusercontent.com/a-/ALV-UjW1S7RU48zgqMQcqYCrNmVhP31uMv6IG4rzl9VidqfJeIlN7TQ=w36-h36-p-rp-mo-ba12-br100",1,318,2472,"4 months ago","","newest"
"Ci9DQUlRQUNvZENodHljRjlvT2toMWNYSlBkMXBFUVZSU2EzQkdVMEl5WWpKaFpIYxAB","0x30e29f12aaa363f1:0xcefcbb1eecaef925","MedPark Hospital",5,"This hospital is excellent, with top-tier doctors from across the country. The same doctor might require a six-month waiting list at Chulalongkorn Hospital, but here you can get an appointment within a month. However, private hospitals are never cheap. If you have money, you can buy time and good health.","Thriller Massimo","110600917010442367448","https://www.google.com/maps/contrib/110600917010442367448/reviews?hl=en","https://lh3.googleusercontent.com/a-/ALV-UjVxsGUjkV_LOntacDCwPc0YgSNIhNNrbrOGskuOeGId0apJf9EQdQ=w36-h36-p-rp-mo-ba12-br100",1,281,1366,"4 months ago","","newest"
"Ci9DQUlRQUNvZENodHljRjlvT2tKMmJERmFhM2R3ZVVOdWRDMHliMlEzTWxwYVYyYxAB","0x30e29f12aaa363f1:0xcefcbb1eecaef925","MedPark Hospital",5,"Aunt Khwan Wilawal, who works at the nursery, takes very good care of the children.","Krittin Trachukul","110761172788202614340","https://www.google.com/maps/contrib/110761172788202614340/reviews?hl=en","https://lh3.googleusercontent.com/a-/ALV-UjXvLeOjUZIhq4Itz6lv7jfYqkV28PKu8GNhBt5nVD29RzDSCe0=w36-h36-p-rp-mo-br100",0,1,0,"4 months ago","","newest"
"Ci9DQUlRQUNvZENodHljRjlvT2xsUk1tczNVVEZ0T0VReE1tSkxRMDB5WVZORlUyYxAB","0x30e29f12aaa363f1:0xcefcbb1eecaef925","MedPark Hospital",5,"My younger sibling is being treated on the 17th floor. The nurses and Dr. Kanokorn take very good care of them. The room is spacious and clean, and the nurses are lovely.","Varithrath Worawattanaparinya","115417367451639151727","https://www.google.com/maps/contrib/115417367451639151727/reviews?hl=en","https://lh3.googleusercontent.com/a/ACg8ocKuH1YiLmYdl8hU3514_R26gpWOhZh7bPUc-8-JZB8_LlNfhw=w36-h36-p-rp-mo-br100",0,8,0,"Edited 4 months ago","","newest"
"Ci9DQUlRQUNvZENodHljRjlvT21WcVdETk1XSHB3ZDJWMVdsVnlXR1pzTUhsNlUyYxAB","0x30e29f12aaa363f1:0xcefcbb1eecaef925","MedPark Hospital",5,"Good hospital. Specially thanks to Diya for her cordial hospitality.","Humayun Sha alam","106681385035318408370","https://www.google.com/maps/contrib/106681385035318408370/reviews?hl=en","https://lh3.googleusercontent.com/a/ACg8ocJVxsxXzEy8M1MBMLoqrnaZv9oFohBgHF8kGfqed41nDUSHsg=w36-h36-p-rp-mo-br100",0,3,0,"4 months ago","","newest"
