"review_id","place_id","restaurant_name","rating","text","author_name","author_id","author_uri","author_photo_uri","author_is_local_guide","author_review_count","author_photo_count","relative_date","spent_amount","sort_source"
"Ci9DQUlRQUNvZENodHljRjlvT2s5a05rZFpPVE5YYlZsblFqaHRRMmxRYkdoV2RFRRAB","0x30fdab8df1459dc9:0x437b2e53835e018f","Palapon",4,"⭐⭐⭐⭐⭐ Excellent Fitness Holiday Experience

I completed the 10-day all-inclusive fitness program at Palapon in Hua Hin and it was fantastic! The Muay Thai training was a highlight for me, along with the refreshing morning walks.

All the trainers are very professional and friendly, which made the experience even better. Special thanks to Klaus and Tom for their support and encouragement throughout the program - they really kept me motivated!

The program is well-structured and keeps you focused on your goals.

I highly recommend this gym for anyone who wants to focus on their fitness in a supportive environment. Well worth it!","Mohsin Al Araimi","102036756575617249853","https://www.google.com/maps/contrib/102036756575617249853/reviews?hl=en","https://lh3.googleusercontent.com/a-/ALV-UjWdrlVPi5H2-V-izh-OFmDywMYGi3OTkEZZIk7UgnL1Fmsa0Pbu=w36-h36-p-rp-mo-ba12-br100",1,14,12,"8 months ago","","relevant"
"Ci9DQUlRQUNvZENodHljRjlvT2sxeFpEaDFWV1ppUkVsYVNuUnVUMmxLTXpRMGExRRAB","0x30fdab8df1459dc9:0x437b2e53835e018f","Palapon",5,"I was here on the weightloss program:

Lets get one things straight if you are going here, you are not going on a lazy holiday. You will be suffering at times.
If you want to be pampered, go to a luxury resort.

But if you do it well, it can be a (life) changing experience in becoming more physically active and healthy person. What was exactly my goal.

Not that I wasn't a happy person,  but my habits  and physique weren't like I wanted them and somehow i couldn't make that change on my own.

Don't expect Klaus and his team to change that over night, but if your are in the right mindset the are a really huge help in the right direction!

I made great progress during my stay and not only physically, that is something very positive and valuable i will take home. Next to some beautiful memories and precious friends i made there.  A shared goal will unite 😊.

In a bit under eight weeks my weight went down from 123,9 to 108 kilo.
That is a loss of 15,9 kilo🥳
(35 pounds). I feel great and sometimes I almost don't recognise myself in the mirror 😆.

Early 2024 I underwent surgery on my belly and was still experiencing pain of that when i came to Palapon in November'25.
But since my stay then no more pain.

If you think your stay is going to be an easy ride let me warn you:

Unless you are used to working out and fastening, you will suffer, experience pain, feel sorry for yourself,  ask yourself what the h*** have i started.
At times I found my self whining like a little cry baby. Although that isn't my style.
At those times I found Klaus and Tom a great help, listening and getting me back motivated.

Thank you, @Klaus and @Tom for listening to my whining every ""now and then"". Klaus thanks for the very subtle (sometimes less subtle 😂)kicks under my butt to get me motivated and going again.

""Life is like riding a bicycle. To keep your balance, you must keep moving!
Team Palapon,  thanks for the push i needed!","Harro Gerber","100320184835211604144","https://www.google.com/maps/contrib/100320184835211604144/reviews?hl=en","https://lh3.googleusercontent.com/a-/ALV-UjVBL1csgRK0k_s_0gqw_UXujDZujwmAi5YC_tqQrKHrWip12a3J=w36-h36-p-rp-mo-ba12-br100",1,100,31,"4 months ago","","relevant"
"Ci9DQUlRQUNvZENodHljRjlvT2psNmJ6UlNhM0UwUzNWNVdtRlhSeTFWT1hWRGRXYxAB","0x30fdab8df1459dc9:0x437b2e53835e018f","Palapon",5,"This was my second time at Palapon, and it was just as incredible as the first. I spent three weeks there, lost 14kg, and gained a huge amount of flexibility. Klaus, the owner, truly knows his craft. If you trust his guidance and commit 100% to the program, the results can be extraordinary.

I’m a 55-year-old man who works too hard and often neglects giving my body the care it deserves. My visits to Palapon act as a complete reset — setting me back on the right path physically and mentally.

What I love most about the camp is its simplicity and functionality. Yes, there are other camps with flashy juice bars and the latest shiny gym equipment, but those things can be distractions. Palapon is more raw — spotlessly clean, fully equipped with everything you genuinely need, supported by fantastic trainers and staff. It provides the space to truly focus on your body and mind.

One of the nicest surprises during both of my stays has been the other guests. There’s such a mix of nationalities and fitness levels, people at different stages of their lives — yet everyone comes together with one shared goal: to better themselves.

A few tips if you go:

The first three days are the hardest — stick with it. By day five, you’ll start feeling amazing.

Don’t argue with the Muay Thai trainers — it will only cost you more sit-ups.

Trust Mr. Klaus — he knows exactly what he’s doing and will get you where you want to be.

Enjoy Sundays — the well-earned day of rest at Palapon.

Would I recommend Palapon 100%
Would I go again - in a heart beat","Robbie Doig","107130865758581379703","https://www.google.com/maps/contrib/107130865758581379703/reviews?hl=en","https://lh3.googleusercontent.com/a/ACg8ocIwA-Il0kGQPlf3VuNjxhvJwIWFYYfAJPjGzAPQ4L6Rh6_o-zg=w36-h36-p-rp-mo-br100",0,2,11,"3 months ago","This was my second time at Palapon, and it was just as incredible as the first. I spent three weeks there, lost 14kg, and gained a huge amount of flexibility. Klaus, the owner, truly knows his craft. If you trust his guidance and commit 100% to the program, the results can be extraordinary.

I’m a 55-year-old man who works too hard and often neglects giving my body the care it deserves. My visits to Palapon act as a complete reset — setting me back on the right path physically and mentally.

What I love most about the camp is its simplicity and functionality. Yes, there are other camps with flashy juice bars and the latest shiny gym equipment, but those things can be distractions. Palapon is more raw — spotlessly clean, fully equipped with everything you genuinely need, supported by fantastic trainers and staff. It provides the space to truly focus on your body and mind.

One of the nicest surprises during both of my stays has been the other guests. There’s such a mix of nationalities and fitness levels, people at different stages of their lives — yet everyone comes together with one shared goal: to better themselves.

A few tips if you go:

The first three days are the hardest — stick with it. By day five, you’ll start feeling amazing.

Don’t argue with the Muay Thai trainers — it will only cost you more sit-ups.

Trust Mr. Klaus — he knows exactly what he’s doing and will get you where you want to be.

Enjoy Sundays — the well-earned day of rest at Palapon.

Would I recommend Palapon 100%
Would I go again - in a heart beat","relevant"
"ChZDSUhNMG9nS0VJQ0FnSURfbXZqZE9BEAE","0x30fdab8df1459dc9:0x437b2e53835e018f","Palapon",5,"Palapon is what you make of it. You put in the effort & the results will speak for itself. I spent my 3 weeks stay here in Hua Hin and it was well worth the investment. Hua Hin itself is perfect and tranquil. The down to earth community of people at Palapon is like none other. They quickly became my biggest motivators with the ~5hrs of daily workouts (Sunday rest day) spread out 🤗 Quite tough, but Klaus and trainers will not push you past your true limits.

Palapon truly exceeded my expectations.  I’m the fittest I’ve ever been. I have lower body fat, more muscle mass in only 3 weeks. I appreciated the clean prepared meals 3x a day. If I were to do it alone, the results would have taken me 2 months or more. Come in committed to bettering yourself, trust Klaus, follow the meal plan & the results will come.

Thank you to Klaus, Tony, for the genuine care and motivation to keep trying, the Muay Thai trainers Jude, Aod and Em for being amazing mentors in bettering my techniques, and yoga teachers who were pivotal in improving my flexibility and inversion practice. Also to the gardener Dang who maintains the beautiful space and is a joy to be around 🌳☀️

I stayed in the hut at Palapon and would happily do it again. It’s not hot during my time there, wonderful to have the fresh air & simple living away from unnecessary distractions.  I’m leaving energised & prepared to take all I’ve learnt back home. I hope to come back again and try the other programs 🙏🏼🙏🏼","Fiona","116393907082436588382","https://www.google.com/maps/contrib/116393907082436588382/reviews?hl=en","https://lh3.googleusercontent.com/a/ACg8ocKCJ2GYCq_Y5xxXDreoVI79x7CwZx54bXlgHYhnVjJPxOXsKA=w36-h36-p-rp-mo-ba12-br100",1,160,188,"Edited 10 months ago","Palapon is what you make of it. You put in the effort & the results will speak for itself. I spent my 3 weeks stay here in Hua Hin and it was well worth the investment. Hua Hin itself is perfect and tranquil. The down to earth community of people at Palapon is like none other. They quickly became my biggest motivators with the ~5hrs of daily workouts (Sunday rest day) spread out 🤗 Quite tough, but Klaus and trainers will not push you past your true limits.

Palapon truly exceeded my expectations.  I’m the fittest I’ve ever been. I have lower body fat, more muscle mass in only 3 weeks. I appreciated the clean prepared meals 3x a day. If I were to do it alone, the results would have taken me 2 months or more. Come in committed to bettering yourself, trust Klaus, follow the meal plan & the results will come.

Thank you to Klaus, Tony, for the genuine care and motivation to keep trying, the Muay Thai trainers Jude, Aod and Em for being amazing mentors in bettering my techniques, and yoga teachers who were pivotal in improving my flexibility and inversion practice. Also to the gardener Dang who maintains the beautiful space and is a joy to be around 🌳☀️

I stayed in the hut at Palapon and would happily do it again. It’s not hot during my time there, wonderful to have the fresh air & simple living away from unnecessary distractions.  I’m leaving energised & prepared to take all I’ve learnt back home. I hope to come back again and try the other programs 🙏🏼🙏🏼","relevant"
"Ci9DQUlRQUNvZENodHljRjlvT2xkeU9YZ3dMVVkyU0dwdGJHbGZhVEZJUldkRVFtYxAB","0x30fdab8df1459dc9:0x437b2e53835e018f","Palapon",5,"I recently completed the 10-day all-inclusive program, and as a corporate worker with very little exercise beforehand, I’ll be honest — it was incredibly tough at first. But it turned out to be one of the best decisions I’ve made for myself.

The team were exceptionally supportive, motivating, and encouraging every single day. No judgement, just constant positivity and belief that I could do more than I thought possible. That support is what kept me going when things felt hard.

The all-inclusive food was great — healthy, filling, and aligned with the program. Not having to think about meals made it so much easier to stay focused on training and recovery.

This experience has given me real momentum and confidence and was the perfect launchpad for my 2026 fitness goals. Thank you Klaus, Tom and the team.","Ryan","115948389741392125836","https://www.google.com/maps/contrib/115948389741392125836/reviews?hl=en","https://lh3.googleusercontent.com/a/ACg8ocLL7RKwHd2mznMS069vzL_1G-F24Ci3iflIzoRIgVVXmtRpwnf1=w36-h36-p-rp-mo-br100",0,5,0,"4 months ago","","relevant"
"Ci9DQUlRQUNvZENodHljRjlvT2paRFZIRXpkRlZOTkdwcE9GaHBTSEl6WTFwalUzYxAB","0x30fdab8df1459dc9:0x437b2e53835e018f","Palapon",5,"After a disc prolapse in December 2024 and subsequent surgery, I thought my active life was over. Then I started personal training with Klaus Lippert at Palapon in Hua Hin – and it changed everything.

I’ve been doing 2–3 private sessions per week with Klaus, and the results are incredible. He’s a true expert in the latest science on nutrition, muscle building, and functional strength training. Forget the old “lift heavy weights” myth – Klaus’s techniques are far more focused, intense, and effective. You have to experience it to believe it.

Most other fitness programs in town feel like generic scams. Klaus’s personal training is completely different: tailored to me, evidence-based, and built to rebuild my body properly after surgery and years of neglect.

My back is stronger than ever, pain-free, and I’ve gained real functional strength. This has truly transformed my life.

If you need serious, personalized results – especially after injury or surgery – book private sessions with Klaus at Palapon. 5 stars aren’t enough!
Highly recommend!","Daniel Kjersgaard","106929797098258699935","https://www.google.com/maps/contrib/106929797098258699935/reviews?hl=en","https://lh3.googleusercontent.com/a/ACg8ocLBoWj_QyRw0I6giFYbD5UmtB1oGS3N-zQeSiVvG7hwk9CZPA=w36-h36-p-rp-mo-br100",0,7,0,"5 months ago","","relevant"
"ChdDSUhNMG9nS0VJQ0FnTURvb0xpZXhBRRAB","0x30fdab8df1459dc9:0x437b2e53835e018f","Palapon",5,"Since almost 1 week i am back home after 4 weeks weight loss programm at Palapon.

I came to Palapon overweighted with 125kg and certain health issues.

Proudly I can say that I lost nearly 10kg during my stay.
This made me quite happy and more self confident, but more important for me is the fact that I learned a lot about the right food, a new life style and how to excersise.

After nearly 12 years of doing nothing for my health, eating junk and drinking lots of spirits, I became at Palopon a different person.

Very helpfull was also to meet at the camp different people from around the world with similar issues, sharing ideas and experiences and motivating each other.

My accomodation in the near by Hotel ""Nice Residence Hotel' was really convenient.

The daily food for lunch and dinner at Palapon was tasty and varied daily.

All in all big thanks to Klaus, the owner of Palapon, and all his great staff.

I felt home from the first day and surely I will come back very soon.

Maik","Maik Haessner","104972611153176315355","https://www.google.com/maps/contrib/104972611153176315355/reviews?hl=en","https://lh3.googleusercontent.com/a-/ALV-UjUzGMMqLJS5QMB-LvBzC3XsPnenC65N2Z4oTSOI8LE0xXYhyaLM=w36-h36-p-rp-mo-ba12-br100",1,90,1126,"a year ago","","relevant"
"ChZDSUhNMG9nS0VJQ0FnSUN2N29xd05nEAE","0x30fdab8df1459dc9:0x437b2e53835e018f","Palapon",5,"I spent 5 months studying only yoga at Palapon. (They also offer Muay Thai, calisthenics, mobility, western boxing, and a full resident program with daily exercise regimens and diet plans). There are other yoga studios in Hua Hin, but the small classes, consistent schedule, beautiful grounds and layout, and wonderful teachers, are what kept me there. The instructors are knowledgeable, fun and challenging. The owner, Klaus, is a solid fellow: straight forward and honest with a good sense of humor. He’ll push you to be your best and he’s very accommodating. I could not recommend a better place. Palapon, we hope to see you again soon. Thank you again for everything.","Jonathan Burns","112337754241407241485","https://www.google.com/maps/contrib/112337754241407241485/reviews?hl=en","https://lh3.googleusercontent.com/a-/ALV-UjVLzI4iDmjUkNF1XYpFkOBAs5UhKMz69hZUjr73ypuT-7sNCCnuXQ=w36-h36-p-rp-mo-br100",0,11,8,"a year ago","I spent 5 months studying only yoga at Palapon. (They also offer Muay Thai, calisthenics, mobility, western boxing, and a full resident program with daily exercise regimens and diet plans). There are other yoga studios in Hua Hin, but the small classes, consistent schedule, beautiful grounds and layout, and wonderful teachers, are what kept me there. The instructors are knowledgeable, fun and challenging. The owner, Klaus, is a solid fellow: straight forward and honest with a good sense of humor. He’ll push you to be your best and he’s very accommodating. I could not recommend a better place. Palapon, we hope to see you again soon. Thank you again for everything.","relevant"
"Ci9DQUlRQUNvZENodHljRjlvT2pkclVtdFRjak52TUdNMmJtVjBTUzF4WDBVMmRFRRAB","0x30fdab8df1459dc9:0x437b2e53835e018f","Palapon",5,"I was in Hua Hin for a week and decided to go to the gym to help build my muscle and to meet people.

I took 2 classes per day for 5 days.  Between classes I’d talk to other students in the lounge and recover.

The classes and instructors were amazing!

Now that I’m going home I am planning on take more yoga and classes at my gym!","David Smith","112502138960734467817","https://www.google.com/maps/contrib/112502138960734467817/reviews?hl=en","https://lh3.googleusercontent.com/a-/ALV-UjU4L4LckKoZqyxLXZVk-rXd77bn0jHfhaoY20OI2qoGKwDyPemP=w36-h36-p-rp-mo-ba12-br100",1,65,122,"8 months ago","","relevant"
"ChZDSUhNMG9nS0VJQ0FnTURRNVlUTEp3EAE","0x30fdab8df1459dc9:0x437b2e53835e018f","Palapon",5,"Transforming Together: Our Palapon Weight Loss Journey

My son and I recently completed an incredible 6-week Weight Loss Program at Palapon. Our action-packed days began with morning walks, followed by 'Klausfit' - a dynamic workout crafted by owner Klaus. I especially loved the Mobility Classes on Wednesdays and Saturdays! We then practiced yoga, suitable for all levels, and after lunch, we dove into HIIT and plank sessions, finishing with an invigorating Muay Thai class led by exceptional trainers.

The outcomes were remarkable! My son lost 10kg, mainly body fat and water, while I shed 3kg of body fat and gained 1kg of muscle. Palapon has ignited our journey to healthier living, thanks to Klaus's invaluable guidance and inspiration. We will return in a heartbeat for another dose of motivation. If you're seeking a holistic wellness retreat, Palapon comes highly recommended - you won't regret it!","Bijoux Shoga","108586478146264462484","https://www.google.com/maps/contrib/108586478146264462484/reviews?hl=en","https://lh3.googleusercontent.com/a/ACg8ocJZJBNqD1zWgp4bkNlXI-U7LXSUjK9E660RLIaao_xnb439Bg=w36-h36-p-rp-mo-ba12-br100",1,10,37,"a year ago","","relevant"
"Ci9DQUlRQUNvZENodHljRjlvT21nM1NFWldaRVZ6U2pWbVUyTkVVVUpzTVhVdGJWRRAB","0x30fdab8df1459dc9:0x437b2e53835e018f","Palapon",5,"I spent 10 days at Palapon Fitness Retreat, and they flew by. The enthusiastic and professional trainers — especially Klaus, Tom, and the Muay Thai team — create an incredibly motivating environment.

The group atmosphere was warm and welcoming, with people from all over the world. Klaus has a real talent for bringing everyone together. The morning walks were a great way to start the day, followed by a well-earned coffee nearby. The food was excellent: healthy, varied, and delicious.

Thank you to the entire Palapon team for a healthy and unforgettable experience.

Richard","Richard Vergouwen","103993688990264447842","https://www.google.com/maps/contrib/103993688990264447842/reviews?hl=en","https://lh3.googleusercontent.com/a/ACg8ocKVypUwHYfzxoht5mOJ1nH0U8bvqVHZ3KxSVKTmj_fj8-cZ9Q=w36-h36-p-rp-mo-ba12-br100",1,13,2,"5 months ago","I spent 10 days at Palapon Fitness Retreat, and they flew by. The enthusiastic and professional trainers — especially Klaus, Tom, and the Muay Thai team — create an incredibly motivating environment.

The group atmosphere was warm and welcoming, with people from all over the world. Klaus has a real talent for bringing everyone together. The morning walks were a great way to start the day, followed by a well-earned coffee nearby. The food was excellent: healthy, varied, and delicious.

Thank you to the entire Palapon team for a healthy and unforgettable experience.

Richard","relevant"
"Ci9DQUlRQUNvZENodHljRjlvT210aFNWaHJVWEpDWWt4VVVqRnRaMnMzU2tjMGVHYxAB","0x30fdab8df1459dc9:0x437b2e53835e018f","Palapon",5,"We stayed at Palapon for 10 days and it was absolutely fantastic. There was plenty of variety in the sports classes, and we were definitely pushed to our limits in the best possible way. The food was excellent, and the accommodation was great. Having our own apartment made the experience even more comfortable and relaxing.

Klaus truly knows what he’s doing; his extensive experience really shows. On top of that, he’s genuinely funny too (and yes, that’s impressive for a German 😉). The morning walks with Tom were the perfect start to each day, and his HIIT classes are not to be missed under any circumstances. The Muay Thai trainers were skilled, fun, and provided the perfect, energetic way to end a full training day.

We came straight from a holiday filled with sun, sea, beach, and parties, and we were ready for a fresh start. Palapon gave us exactly that. We’re incredibly happy with the results, the experience, and the amazing new people we met along the way. Highly recommended!","Esmee van Riemsdijk","110649735620283642120","https://www.google.com/maps/contrib/110649735620283642120/reviews?hl=en","https://lh3.googleusercontent.com/a-/ALV-UjU0YErPPz1OZeockfQ2ZADlDs1aGM--4j2y5ZAXnSlJFFmXB3ThIQ=w36-h36-p-rp-mo-br100",0,7,0,"5 months ago","","relevant"
"Ci9DQUlRQUNvZENodHljRjlvT2xJdFRtNDNUVGhQYTNCQlluWkdhbUZXY2s1MGMyYxAB","0x30fdab8df1459dc9:0x437b2e53835e018f","Palapon",4,"I recently completed the 3-month weight-loss program at Palapon, and it truly changed my life.

I was very out of shape and depressed, I had completely lost control over my health, with no hope to regain it. When the scale hit 103 kg (227 lbs) and was diagnose pre-diabetic, I knew I needed to take serious action.

At Palapon, I got exactly the help I needed I also needed a mental lift, and I found it there. I was lucky to have an amazing group with me, they made me feel welcomed and at home from day 1, and reminded me how much social connections can impact your health just as much as training and nutrition.

I arrived open-minded, and followed the process without question. After all, my own way clearly wasn’t working! The meals were balanced, and I never felt deprived. I also practiced intermittent fasting, and surprisingly, I never felt weak or tired. I highly recommend approaching the program with this mindset, because it works.

I lost 16 kg (35 lbs) — slightly below my initial goal of 20 kg (44 lbs), but I have no regrets, women nearing 50 don't lose as fast as men. What mattered most was consistency and progress. I started very round and soft and finished with visible muscles.

I chose Palapon because I didn’t want a big gym full of perfectly fit people — I wanted a small group of real people like me. And that’s exactly what I found. I met amazing, supportive, and fun people, all sharing similar goals and challenges.

I discovered mobility training, which I’ll definitely keep in my new routine. But my biggest revelation was Muay Thai — I absolutely loved it! I finally found a sport that I enjoy. For anyone who struggles with motivation, finding something you truly love makes all the difference.

Now that I’m back home, I feel hopeful again. I still have about 15 kg (33 lbs) to lose, but it no longer feels impossible.

Klaus is incredibly knowledgeable in conditioning and mobility, and he will not let you fall behind. My advice: leave your ego on the plane, trust the process, and give it your all. Push yourself, ignore the excuses your mind throws at you — but also learn your limits and when to rest. I learned how vital recovery is to real progress, the program is intense, especially when you are not already fit. I did most of it at the beginning and increased the load progressively.

Palapon gave me more than physical results — it gave me hope, confidence, and a love for training again. 💪 . So even if everything wasn't perfect, I achieved what I was here for and more. I would love to do another program to complete my new goal now that I feel stronger. I am definitely happy it was an amazing adventure.","Ginny Bertier","117507979776230793082","https://www.google.com/maps/contrib/117507979776230793082/reviews?hl=en","https://lh3.googleusercontent.com/a/ACg8ocJzdGy2gp1p4DiAy0bJidIBFLlyrLz9Xzrzco5UFLhk7BtEEQ=w36-h36-p-rp-mo-ba12-br100",1,45,129,"Edited 8 months ago","","relevant"
"Ci9DQUlRQUNvZENodHljRjlvT2toeGRuZzBSMVJrU0hKQk9FdGFjV0o2Y2xaRU9GRRAB","0x30fdab8df1459dc9:0x437b2e53835e018f","Palapon",5,"I spent almost three months at Palapon and I can say without hesitation that it was an absolutely incredible experience !
I lived in a bungalow, in a soothing setting, surrounded by beautiful greenery. The place has a very calm energy, ideal for reconnecting with yourself.

All the teachers I had were exceptional, kind, and inspiring. This experience deeply changed my mindset. I lost a lot of weight and today I feel much more aligned and stronger, both mentally and physically.

It is clearly one of the best decisions I have made in my life. If you are still hesitating, don’t hesitate anymore : Palapon is a unique place that can truly transform you !","A. T.","105534955254518239688","https://www.google.com/maps/contrib/105534955254518239688/reviews?hl=en","https://lh3.googleusercontent.com/a/ACg8ocLreW26TYDcPO5wwwmJZWapsuZUxEX2e8P3WaTStePVtUojRg=w36-h36-p-rp-mo-br100",0,10,0,"Edited 4 months ago","I spent almost three months at Palapon and I can say without hesitation that it was an absolutely incredible experience !
I lived in a bungalow, in a soothing setting, surrounded by beautiful greenery. The place has a very calm energy, ideal for reconnecting with yourself.

All the teachers I had were exceptional, kind, and inspiring. This experience deeply changed my mindset. I lost a lot of weight and today I feel much more aligned and stronger, both mentally and physically.

It is clearly one of the best decisions I have made in my life. If you are still hesitating, don’t hesitate anymore : Palapon is a unique place that can truly transform you !","relevant"
"Ci9DQUlRQUNvZENodHljRjlvT2paQ1ZtdzNXRlZWV1dReWNGbDZYMFYxVDFWeWRXYxAB","0x30fdab8df1459dc9:0x437b2e53835e018f","Palapon",5,"Visited Palapon with high expectations and left impressed! 🏋️‍♂️ Despite deciding not to pursue training, the facilities and vibe were top-notch. Klaus and the team were welcoming and professional. Would definitely recommend to anyone looking for a solid training experience in Thailand 👍. A write this review as every bit help others understand a place.","Rabin Doolub","117370252609494941340","https://www.google.com/maps/contrib/117370252609494941340/reviews?hl=en","https://lh3.googleusercontent.com/a-/ALV-UjWD4ai7Ak1e02oFsqeCS9zvXPlyYK25OLYjoB84FxtPGGquwAM=w36-h36-p-rp-mo-ba12-br100",1,54,6,"5 months ago","","relevant"
"ChZDSUhNMG9nS0VJQ0FnSUN2N283eWFBEAE","0x30fdab8df1459dc9:0x437b2e53835e018f","Palapon",5,"Very rarely do I post reviews as I am not easily impressed- however I couldn’t be more impressed with Palapon and the magical place that Klaus has created - thoroughly recommend to anyone wanting to get fitter, learn how to get on a more …","Divyesh Vithlani","118386615115013004073","https://www.google.com/maps/contrib/118386615115013004073/reviews?hl=en","https://lh3.googleusercontent.com/a-/ALV-UjVmPGjfXnSkk8dSh95tuAeh9_BhAyTzbBxyhv_NWMdPi3aruc6c=w36-h36-p-rp-mo-br100",0,3,2,"Edited a year ago","","relevant"
"ChZDSUhNMG9nS0VJQ0FnSURqb0pMaVZREAE","0x30fdab8df1459dc9:0x437b2e53835e018f","Palapon",5,"I recently completed a transformative two-week stay at Palapon Fitness Camp. At 47 years old, I'm in reasonable shape, though not nearly as fit as I used to be. Accompanied by a friend, we arrived pleasantly surprised by the well-maintained training complex, complete with beautiful gardens, a pool, and a cabanas.

Klaus, the owner, is not only a gracious host but also an exceptionally knowledgeable trainer. He crafted a superb program that gradually increased in intensity, ensuring it was always challenging yet safe. The Muay Thai and yoga coaches—Dang, Bird, Anna, Ghan, and Chomphu—are top-notch, helping us to progressively enhance our skills and fitness gains.

The meal plan, which included three meals a day for six days a week, was perfectly designed to boost energy, build muscle, and reduce fat. The breakfast consisted of yogurt, museli, protein powder and berries. The other meals, a combination of cuisines including Thai, prepared by Nick and Thi were consistently delicious, satisfying even the pickiest eaters without any cravings for external food. Inspired by the meals, I plan on recreating some of these healthy and tasty dishes back home.

For accommodations, Palapon offers the choice between on-site bungalows and apartment-style residences a five-minute walk away. We opted for the apartments, and recommend this option to enjoy the added privacy, kitchenette, air conditioning, and your own showers—quite necessary after the rigorous workouts.

The stats! Over the two weeks, I lost 3% body fat (2.4 kg), gained 200 g of muscle, and reduced my visceral fat from 3 to 1.9, thanks to the healthy diet. More importantly, I left feeling healthier, stronger, and leaner, with a renewed perspective on food and fitness and healthier habits that I now consider my new normal.

For anyone considering a fitness retreat, I highly recommend Palapon. Make the decision after reading the reviews to change your life. Investing in your health is truly the best decision you can make—it always pays dividends!","Pong Yen","101919747226195391269","https://www.google.com/maps/contrib/101919747226195391269/reviews?hl=en","https://lh3.googleusercontent.com/a-/ALV-UjV27D2waE-mFmxDxeenFJnzJKgRJw3W_ljj69AL9s81lT4ftVQ1HQ=w36-h36-p-rp-mo-ba12-br100",1,178,155,"2 years ago","","relevant"
"ChZDSUhNMG9nS0VJQ0FnSUNmbEplLU1BEAE","0x30fdab8df1459dc9:0x437b2e53835e018f","Palapon",5,"I was there for a 8-weeks weight loss program.

When you losing weight, you usually are losing fat AND muscles(Or, if unlucky, …","Alien","110298571389830229927","https://www.google.com/maps/contrib/110298571389830229927/reviews?hl=en","https://lh3.googleusercontent.com/a-/ALV-UjXiuUafPTp4ywnogScK_k9cJ3fN8fLgvgfPJZJi9XuCvj06m2Up=w36-h36-p-rp-mo-br100",0,3,8,"a year ago","","relevant"
"ChZDSUhNMG9nS0VJQ0FnSURuNXFDb1FREAE","0x30fdab8df1459dc9:0x437b2e53835e018f","Palapon",5,"I was here on the 10-day weight loss program. The program was intense (5 hours of exercise a day, if you take part in all the activities) but I could feel my body changing quick. Klaus, the owner of the camp, is quite the character. Stoic but caring, exactly what you need for real results! The food, while deceivingly simple was delicious and all the trainers were great. The camp is rustic but frankly that’s what this kind of experience is all about. I’m already thinking about when I can come back, next time for sure longer.","Sven Palys","105951810847689642225","https://www.google.com/maps/contrib/105951810847689642225/reviews?hl=en","https://lh3.googleusercontent.com/a-/ALV-UjXr9taiE8e-PRqAziNcTpHzpqXF3rjhGGVlpRe-QuqXZAvr3ptb=w36-h36-p-rp-mo-ba12-br100",1,11,18,"a year ago","","relevant"
"ChdDSUhNMG9nS0VJQ0FnSUNZb3A3S3JnRRAB","0x30fdab8df1459dc9:0x437b2e53835e018f","Palapon",5,"Great place for fitness and weight loss.  I stayed 3 weeks and became fitter, lost weight and felt overall better in myself.
I have been back almost 2 weeks and the weight I have lost has remained off, …","Roxana Kashani","101041182292024635439","https://www.google.com/maps/contrib/101041182292024635439/reviews?hl=en","https://lh3.googleusercontent.com/a/ACg8ocI8LqVCIduMh9Hj_-OMgJTHFIm2ik56tcK2MUT8hVUoXm2Tow=w36-h36-p-rp-mo-ba12-br100",1,352,395,"7 years ago","","relevant"
"Ci9DQUlRQUNvZENodHljRjlvT25WRVgwYzVOV2haVFU5U1JUUlVRbTlSZWsxblVXYxAB","0x30fdab8df1459dc9:0x437b2e53835e018f","Palapon",5,"I’ve been here twice already and I’m planning on coming back !
The staff and the general atmosphere at Palapon is amazing. Klaus is a very friendly host and will help you with everything you require. I had a Muay Thai fight wich I was able to win by 2nd round knock out because of the amazing preparation the Muay Thai coach put me through. Palapon has a wide range of courses you can attend, excellent food and the staff are some of the nicest and most helpful people I’ve met. The place is clean and the gym and accommodations are at a great location. 10/10 would recommend !","Fabian Frick","117251915673316553401","https://www.google.com/maps/contrib/117251915673316553401/reviews?hl=en","https://lh3.googleusercontent.com/a/ACg8ocIsOIDXDa7HB9pJ_ClCBq0NtyjoWyedajr7TTdQbGtZ3xHZeg=w36-h36-p-rp-mo-br100",0,2,2,"9 months ago","","relevant"
"ChZDSUhNMG9nS0VJQ0FnSUNOaGVLUGRnEAE","0x30fdab8df1459dc9:0x437b2e53835e018f","Palapon",5,"I spent 1 week at Palapon at the beginning of January and it was a awesome experience. I went to kickstart my fitness levels, to meet new people and to learn Muay Thai. I loved every second of it and would highly recommend to anyone. Klaus and Valery are super friendly and very welcoming. 😃 …","Samuel Doble","104696278915310084914","https://www.google.com/maps/contrib/104696278915310084914/reviews?hl=en","https://lh3.googleusercontent.com/a/ACg8ocLUtzLdWlORFK0I68lyyHoVxE6EUmu-39c5jjR1ehHkRb4jieI=w36-h36-p-rp-mo-br100",0,8,10,"2 years ago","I spent 1 week at Palapon at the beginning of January and it was a awesome experience. I went to kickstart my fitness levels, to meet new people and to learn Muay Thai. I loved every second of it and would highly recommend to anyone. Klaus and Valery are super friendly and very welcoming. 😃 …","relevant"
"Ci9DQUlRQUNvZENodHljRjlvT2twTFJtMXVYM0ZZVkZCaWVGOTVaa1UyTlhNd1RrRRAB","0x30fdab8df1459dc9:0x437b2e53835e018f","Palapon",5,"Purchased the 10 classes package recently when I had some extra time off in Hua Hin. I attended the morning class at 8:30-9:30. Highly recommend for expats here temporarily. Klaus is a very experienced instructor who personalizes exercises …","Kenneth Quillinan","114178704783250449316","https://www.google.com/maps/contrib/114178704783250449316/reviews?hl=en","https://lh3.googleusercontent.com/a/ACg8ocJizhoN3d6M0fYAmfIY-KBfogE9WPQ7toNixMbZmixvKD8GUOw=w36-h36-p-rp-mo-ba12-br100",1,7,12,"9 months ago","","relevant"
"ChZDSUhNMG9nS0VJQ0FnTUNRaksyVk53EAE","0x30fdab8df1459dc9:0x437b2e53835e018f","Palapon",5,"Our 15y/o son was bullied at school, and asked us to find him a teacher for practical self defense.
After he saw the movie IP Man, both he and us were convinced that WingTsun is the solution.
But we needed a teacher that was both a fighter and a teacher that is advanced in WingTsun, that could take on the challenge and teach our son privately, and intensively.
Klaus was the perfect fit. We traveled to Thailand specifically for an intensive one month of private, 2x hour daily teaching for our son by Klaus.
Twice a day, he came and trained and progressed spectacularly.
He learned the forms, the methods, the applications, and practiced sparing and real life situations.
After a month, he came out with so much self confidence and tools to handle any situation, that it's so impressive to see. It's really a transformation. He walks straight and projects self esteem.
We have already decided to come again, and enable our son to continue his path of mastering this practical martial art with Klaus, as it suits him like a glove, and Klaus is a spectacular teacher that can lead him on this path better than anyone we have seen elsewhere.
It was one of the wisest decisions we have ever made in helping our son navigate the challenges of this world as he matures and builds himself, and it's all thanks to Klaus, who is truly a remarkable WingTsun teacher, and role model for our son.","Yafit Rossen","101679468079102454575","https://www.google.com/maps/contrib/101679468079102454575/reviews?hl=en","https://lh3.googleusercontent.com/a-/ALV-UjVBvOX-jRGs_we9q6ujPWUoHARCo3pYq90wpOZZdwgiN5w4MDHe=w36-h36-p-rp-mo-br100",0,4,5,"a year ago","","relevant"
"ChZDSUhNMG9nS0VJQ0FnSUNyLXF2Vkd3EAE","0x30fdab8df1459dc9:0x437b2e53835e018f","Palapon",5,"I had a fantastic week at Palapon starting my fitness journey. The camp is quaint and caters to the individual needs of each participant. The group classes are structured very well, such that each person is guided through a personalized …","Anthony Kingsolver","106264707669740211991","https://www.google.com/maps/contrib/106264707669740211991/reviews?hl=en","https://lh3.googleusercontent.com/a/ACg8ocKoZUaJZj_LF7nImtHBENCzY3aB3wECAAS2bGqiDRDJHYCF5Q=w36-h36-p-rp-mo-ba12-br100",1,11,13,"a year ago","","relevant"
"ChdDSUhNMG9nS0VJQ0FnSURodXJtXzV3RRAB","0x30fdab8df1459dc9:0x437b2e53835e018f","Palapon",5,"Spent 10 days at Palapon in Feb 2023, and I would highly recommend it for anyone with a willingness to lose weight, get fit, or just to change up an unhealthy lifestyle. Owner Klaus and wife Valerie are lovely and really want to help you improve: Klaus will ensure that you put in the work, whilst Valerie's nutritional cooking is actually delicious. His kids are also very nice and helpful. Stay in the villas if you want the convenience of being on-site and to have somewhere close to relax or 'thai shower' between classes, or stay in the apartments (also close by) if you want greater privacy. Pool is relaxing after class, and the Hua Hin area is nice to explore if you have the energy. Trust me though, you may not! Inclusion of massages, body scans and medical tests was a nice touch. The classes are all good, I enjoyed the 'Klaus Fit' (think cross fit) and Muay Thai especially. Yoga was new to me (and more difficult than expected) but the teachers were excellent - and patient! One day a week 'off' is a much needed break that also allows exploration of the wider area, and there are some beautiful sites to visit. Flexible programs are available, I did some surfing whilst a few others were doing kite-surfing lessons alongside a portion of the daily Palapon activities. If you are wanting a luxury Club-Med 5-Star resort-style fitness program this might not be for you, but if you are intent on working hard to improve your life or lose the weight then I suggest going to Palapon. It might not be easy, but you'll get amazing results. I did and the other lovely people around me staying longer even more so. I'll be going back - hopefully next time for a longer to really cement the gains.","Cam Cowie","118432088878670918716","https://www.google.com/maps/contrib/118432088878670918716/reviews?hl=en","https://lh3.googleusercontent.com/a/ACg8ocIVQeZKgFTnQ0YNdUGpzznA8XqF2Es6JkosGIozwkZUGhIeww=w36-h36-p-rp-mo-ba12-br100",1,13,5,"3 years ago","Spent 10 days at Palapon in Feb 2023, and I would highly recommend it for anyone with a willingness to lose weight, get fit, or just to change up an unhealthy lifestyle. Owner Klaus and wife Valerie are lovely and really want to help you improve: Klaus will ensure that you put in the work, whilst Valerie's nutritional cooking is actually delicious. His kids are also very nice and helpful. Stay in the villas if you want the convenience of being on-site and to have somewhere close to relax or 'thai shower' between classes, or stay in the apartments (also close by) if you want greater privacy. Pool is relaxing after class, and the Hua Hin area is nice to explore if you have the energy. Trust me though, you may not! Inclusion of massages, body scans and medical tests was a nice touch. The classes are all good, I enjoyed the 'Klaus Fit' (think cross fit) and Muay Thai especially. Yoga was new to me (and more difficult than expected) but the teachers were excellent - and patient! One day a week 'off' is a much needed break that also allows exploration of the wider area, and there are some beautiful sites to visit. Flexible programs are available, I did some surfing whilst a few others were doing kite-surfing lessons alongside a portion of the daily Palapon activities. If you are wanting a luxury Club-Med 5-Star resort-style fitness program this might not be for you, but if you are intent on working hard to improve your life or lose the weight then I suggest going to Palapon. It might not be easy, but you'll get amazing results. I did and the other lovely people around me staying longer even more so. I'll be going back - hopefully next time for a longer to really cement the gains.","relevant"
"Ci9DQUlRQUNvZENodHljRjlvT2kxbGNqSkRRa0ZLU0dWVGVuUk1XR1JmWjFaVmQyYxAB","0x30fdab8df1459dc9:0x437b2e53835e018f","Palapon",5,"I’ve been training here for almost a year now, and the trainers are very professional in Muay Thai.","Tarn S","112470757729541298722","https://www.google.com/maps/contrib/112470757729541298722/reviews?hl=en","https://lh3.googleusercontent.com/a/ACg8ocLufdc5IAnJxp6V9f5w3yWtfyUBkJyjRwBlbRHLYN87-0T6oopL=w36-h36-p-rp-mo-ba12-br100",1,23,59,"2 months ago","","relevant"
"ChZDSUhNMG9nS0VQX3ZtT0NfN00yQ0JREAE","0x30fdab8df1459dc9:0x437b2e53835e018f","Palapon",5,"Palapon!! Hua Hin's Hidden Muay Thai/ Fitness/Weightloss Sanctaury!

Palapon is a fantastic Muay Thai and fitness camp. The training and the diet is second to none! Excellent regime and great instructors.

What I'd say is... TRUST THE PROCESS.

This was the second time visiting the camp for a 3 week weight loss stint. I was in Palapon before in Feb '24. I was also back there in Nov 24 for 10 x walk-in classes. I absolutely love this sanctuary. I'll be back again soon too.
When walking on to camp you can't but notice the beautifully manicured garden with birds, squirrels and geckos moving around the place. The landscape staff are there most days doing their bit to maintain a fine relaxing environment for the participants!

Klaus is an extremely knowledgeable fitness instructor. He helped me overcome a couple of injury niggles I had before arriving in camp. He architects the training to suit your needs and your abilities. While I was there I learned and developed a good habit mindset. This really helps from techniques, pushing yourself at the right time and diet and what foods are good and bad. He has a mind full of information.

Tap into it while you're there!!!

Klaus is also a very compassionate and empathetic person and helped calm down when receiving bad news from home. He listened and gave me advice and it really helped me.
He's practically minded and to the point.

I'm a firm believer of showing up on time
for class and showing commitment to everything you do! Klaus thrives when he sees this!
I would highly recommend Palapon whether you travelling solo or a couple or with friends.
You'll meet so many different people from all walks of life. It's an absolute education learning about different cultures and environments. Amazing!

From what I've encountered in Palapon, everyone is on the same wavelength bar the odd one or two. People are looking for the same or similar outcome or goal. But they are also seeking a new way of life to be able to take home with them. It's about creating good habits and being able to implement them when arriving home.

The training I won't lie can be tough going especially in the 35C heat. But the satisfaction you get after achieving each class is brilliant.

The accommodation is very good. You have a choice of an on-site camp room or the local Hotel with a decent 25m pool that's 5 mins walk away.

The food is nourishing and is healthy and geared towards your program. Try the intermittent fasting with training! You'll achieve great results.

Thank you so much Klaus! You're a legend and very good friend. Thanks for everything. I'll see you again soon! 🙏💪💯","Mick P","107721348835542637311","https://www.google.com/maps/contrib/107721348835542637311/reviews?hl=en","https://lh3.googleusercontent.com/a/ACg8ocIV-Q-agaqQNgPRvzgyeMkKVuQcAixWef6a_Ii-O1bPM-iuzA=w36-h36-p-rp-mo-br100",0,3,0,"a year ago","","relevant"
"ChZDSUhNMG9nS0VJQ0FnSUN2eWVybUhREAE","0x30fdab8df1459dc9:0x437b2e53835e018f","Palapon",5,"I had the pleasure of attending camp Palapon for two weeks in December. Before arriving I was afraid it'd be too hot and too intense for me. However even before day 1 Klaus calmed my fears. I arrived with an injured knee and Klaus was able to offer modifications throughout the program. I made great friends, challenged myself, sweat like crazy but I couldn't be happier with my decision to attend camp Palapon. I lost 2.5 kg of fat and gained 2 kg of muscle in less than 2 Weeks. The food is delicious as well.","Morgan Ewen","101189521784214265458","https://www.google.com/maps/contrib/101189521784214265458/reviews?hl=en","https://lh3.googleusercontent.com/a-/ALV-UjWRdKGNu4EVIrKZuGN02KBAFQE6of9Lq12Q3n-5XMX08g__AFoDaw=w36-h36-p-rp-mo-ba12-br100",1,25,1,"a year ago","","relevant"
"ChZDSUhNMG9nS0VJQ0FnTUR3aHFpd0pREAE","0x30fdab8df1459dc9:0x437b2e53835e018f","Palapon",5,"Palapon – No Nonsense, Outcome Focused, Life-Changing Reboot

I spent one month at Palapon weight loss and fitness camp in Hua Hin, Thailand and would highly recommend this experience to anyone truly interested in a reboot to jump-start a fitness transformation focused on lasting results.

In January 2025 I was the heaviest I have ever been, having neglected my personal fitness for over 5 years.  I knew I needed time to focus intently on restarting fitness habits and searched globally for a program that would best suit my needs.  I was not looking for a luxurious “holiday” fitness destination, but rather a program truly focused on structured exercise, nutrition, and results.  Klaus, owner or Palapon, and his Team delivered.

Over 28 days I dropped 8.5 kg – my target was 9.0.  The structure and support were perfect.  I enjoyed the camp setting and appreciated the sense of community Klaus creates as fellow “campers” encourage each other.  The group size of roughly 12 participants maximum is perfect for getting to know and rely upon one another which goes a long way toward accountability – not just to your own goals, but to the group as well.

The Team was fantastic – from the daily meal preparation and service to the personal attention during Yoga and Muay Thai classes and even a chaperone for our morning walk/runs.

And finally, the personal attention from Klaus was outstanding.  He provided nutritional counseling and led daily “Klausfit” sessions as well as mobility focused classes.  There is no hiding from Klaus – be it during classes or when out on the town – he is always watching!

Thank you Palapon – and thank you Klaus for the reboot and for providing a structure I have been able to incorporate into my daily routine.  The fitness journey continues.","Don Bennett","102921877334604975584","https://www.google.com/maps/contrib/102921877334604975584/reviews?hl=en","https://lh3.googleusercontent.com/a/ACg8ocI7CAvH0E5xQkal9YjkzO2BTt40OFY_tTp3RGTl8BL-_PcXSQ=w36-h36-p-rp-mo-br100",0,8,0,"a year ago","Palapon – No Nonsense, Outcome Focused, Life-Changing Reboot

I spent one month at Palapon weight loss and fitness camp in Hua Hin, Thailand and would highly recommend this experience to anyone truly interested in a reboot to jump-start a fitness transformation focused on lasting results.

In January 2025 I was the heaviest I have ever been, having neglected my personal fitness for over 5 years.  I knew I needed time to focus intently on restarting fitness habits and searched globally for a program that would best suit my needs.  I was not looking for a luxurious “holiday” fitness destination, but rather a program truly focused on structured exercise, nutrition, and results.  Klaus, owner or Palapon, and his Team delivered.

Over 28 days I dropped 8.5 kg – my target was 9.0.  The structure and support were perfect.  I enjoyed the camp setting and appreciated the sense of community Klaus creates as fellow “campers” encourage each other.  The group size of roughly 12 participants maximum is perfect for getting to know and rely upon one another which goes a long way toward accountability – not just to your own goals, but to the group as well.

The Team was fantastic – from the daily meal preparation and service to the personal attention during Yoga and Muay Thai classes and even a chaperone for our morning walk/runs.

And finally, the personal attention from Klaus was outstanding.  He provided nutritional counseling and led daily “Klausfit” sessions as well as mobility focused classes.  There is no hiding from Klaus – be it during classes or when out on the town – he is always watching!

Thank you Palapon – and thank you Klaus for the reboot and for providing a structure I have been able to incorporate into my daily routine.  The fitness journey continues.","relevant"
"Ci9DQUlRQUNvZENodHljRjlvT2xkcVdXdEVRM1E1Tld3MU1sRjZTRVV3VFRKSldsRRAB","0x30fdab8df1459dc9:0x437b2e53835e018f","Palapon",5,"After 6 months of niggling health problems were resolved (Im 69) I had lost a lot of fitness and needed a good brisk kick-start to regain it.  Palapon was ideal and after a month I was delighted with the result. I went with the notion that I had a job to do, and was determined to deal with (almost) anything that was in the program. (I didn't do muay thai and some of the HIIT floor exercises I needed to modify.)
The Nice hotel was a quick walk away and ideal for purpose with a small washing machine on my balcony and great pool.  Transfers from and to the airport were seamless.
I would certainly go back to Palapon and a few weeks a year there' d be an ideal  way to
keep myself very fit in my 70s.","Marie Nunan","110710328831933802675","https://www.google.com/maps/contrib/110710328831933802675/reviews?hl=en","https://lh3.googleusercontent.com/a/ACg8ocIAS8xNbL1RLj1F9oMEXYWIOskJI05uJ97Xa64sHAXW7bC9iA=w36-h36-p-rp-mo-ba12-br100",1,33,1,"11 months ago","","relevant"
"ChdDSUhNMG9nS0VJQ0FnTUNnODkyVm9BRRAB","0x30fdab8df1459dc9:0x437b2e53835e018f","Palapon",5,"This is a fantastic venue for weight loss, strength building and physical fitness.  Klaus runs an exceptional exercise class in the mornings,  followed by MuayThai by expert trainers and then yoga classes to name a few classes.

It is very result and goal oriented.  I throughly enjoyed my experience at Palapon and would have no hesitation in recommending this place.","Tas Finnigan","102970113358226355843","https://www.google.com/maps/contrib/102970113358226355843/reviews?hl=en","https://lh3.googleusercontent.com/a/ACg8ocL2XAekT309vFIv3b6Sc0-ulRokdoySa8JD_YXovIkF-ejPFQ=w36-h36-p-rp-mo-br100",0,1,0,"a year ago","","relevant"
"ChdDSUhNMG9nS0VJQ0FnSUNtNWM2ZTJRRRAB","0x30fdab8df1459dc9:0x437b2e53835e018f","Palapon",5,"I thoroughly enjoyed my time at Palapon Fitness. I felt fully supported throughout my stay and challenged to the right degree; it was tough, but I never felt like quitting. My favourite class was the 08:30am bodyweight workout which really helped improve both my form and confidence. The yoga and Muay Thai instructors are superb; friendly, supportive people with lots of experience and skill. The food is fresh, healthy and delicious and I felt stronger and fitter after just two weeks there, ready to take on anything. Most importantly, it was a lot of fun!","Alex Lyon","114914168469906199634","https://www.google.com/maps/contrib/114914168469906199634/reviews?hl=en","https://lh3.googleusercontent.com/a/ACg8ocJZTMj8xZoIZ0L7p_m7yfdTC4TW3Mx5Kc810j-1m8E3cet_3Q=w36-h36-p-rp-mo-br100",0,2,0,"4 years ago","","relevant"
"ChZDSUhNMG9nS0VJQ0FnTUNna09INlVnEAE","0x30fdab8df1459dc9:0x437b2e53835e018f","Palapon",5,"I did the weight loss program for 6 days in a row and continued for a “lighter version” for 5 more weeks (“only” 2-3days of work out per week + low carb diet, still occasionally enjoying some of the nice local food).
The best results showed when I stayed fully on the program, I nonetheless was very satisfied to notice my body change even the following weeks.

Palapon is a very nice place where all commodities are open air giving it a special vibe. I really liked the variety of work outs offered through the day (from CrossFit, to Yoga, to HIIT session, to Muay Thaï…) and I actually surprised myself missing the exercise on my days off 🙃

One of the highlights of the time there, is the people you meet and “share the pain” with 😅
There is a great sense of community and being around people sharing a common goal felt quite encouraging.

I have left Palapon for more than a month now and I am able to maintain a good work out rythm and better eating habits. I feel proud!

I would like to give a special thanks to Klaus and his team. I always felt welcome and accepted. Klaus is the soul of the place and his strength and willpower were a great inspiration to me. Keep the fire burning 🔥","Pépite Event","115947330336592173196","https://www.google.com/maps/contrib/115947330336592173196/reviews?hl=en","https://lh3.googleusercontent.com/a/ACg8ocLpEpFA18YwUcZxDXXs2vC2ShNCMZ46uqsMxuh_Z0IhL4Aj-A=w36-h36-p-rp-mo-br100",0,1,0,"a year ago","","relevant"
"ChZDSUhNMG9nS0VJQ0FnSUNUM05md2Z3EAE","0x30fdab8df1459dc9:0x437b2e53835e018f","Palapon",5,"A friend and I spent two challenging and rewarding weeks at Palapon in April. It was the low-season and initially there was only one other person at the camp and she left soon after we arrived. Instead of being in a large group, the two of us were fortunate to get individualized attention I signed up for the Intensive Fitness Program, and he focused on Muay Thai Training, although many of the classes overlapped.

All of the instructors are professionals who are dedicated to their craft. The three yoga instructors had their own style and way of connecting with students. I was very impressed with their patience and willingness to adjust the class to suit our (my) limitations. Thanks to them my hips are no longer so tight. Klaus led the Body Weight class, which was the most fear inducing and painful activity of the day. The intensity of the movements and the focus on slow, contracted form made it a challenge. Having him stand over us provided added motivation. The Muay Thai instructors were playful but also serious about students getting the most out of the experience. I’m not naturally a puncher or kicker but I learned how to leverage angles for a more powerful kick and how to control my breathing when punching. Initially, the movements felt awkward and I was gassed after every round. By the end I felt more comfortable weaving, bobbing and striking.

Klaus’ son Nick headed up the kitchen, as well as handled miscellaneous duties. The food was uniformly delicious and nutritious. We looked forward to every meal, which was always enough to power us through the day. Nick also gave us many valuable insights into Thai culture and history. His presence reminded us that Palapon is family business that was built from the ground up.

For me the biggest take-aways surrounded good nutrition, consistency and mental toughness. I was already aware that I needed to improve my nutrition and push myself a bit harder. However, there’s a big difference between knowing something and experiencing it first hand. After two weeks I lost 2% body fat and about three kilos. I’m noticeably leaner (I’m 172cm and went from 74KG to 71KG), even if the physical transformation wasn’t huge. Now that I’ve returned to civilian life, I’m more conscious of my workouts and diet. The camp gave me the right tools to continue to improve my overall health.

Final note: The living facilities are a bit rustic. We chose to live in the hotel down the block which was the right decisions for us. Palapon is for people who want to sweat and are willing to grind through the multitude of activities. Like any anything in life, you’ll get out of it what you put in. I highly recommend Palpon to anyone serious about optimizing their health.","Francis Huang","111996947671594561216","https://www.google.com/maps/contrib/111996947671594561216/reviews?hl=en","https://lh3.googleusercontent.com/a/ACg8ocJXnJRfJtFzhjwk1SHC4J8uqfeI5BRqJSC8CgzYpoN9hcgvAA=w36-h36-p-rp-mo-br100",0,1,0,"2 years ago","A friend and I spent two challenging and rewarding weeks at Palapon in April. It was the low-season and initially there was only one other person at the camp and she left soon after we arrived. Instead of being in a large group, the two of us were fortunate to get individualized attention I signed up for the Intensive Fitness Program, and he focused on Muay Thai Training, although many of the classes overlapped.

All of the instructors are professionals who are dedicated to their craft. The three yoga instructors had their own style and way of connecting with students. I was very impressed with their patience and willingness to adjust the class to suit our (my) limitations. Thanks to them my hips are no longer so tight. Klaus led the Body Weight class, which was the most fear inducing and painful activity of the day. The intensity of the movements and the focus on slow, contracted form made it a challenge. Having him stand over us provided added motivation. The Muay Thai instructors were playful but also serious about students getting the most out of the experience. I’m not naturally a puncher or kicker but I learned how to leverage angles for a more powerful kick and how to control my breathing when punching. Initially, the movements felt awkward and I was gassed after every round. By the end I felt more comfortable weaving, bobbing and striking.

Klaus’ son Nick headed up the kitchen, as well as handled miscellaneous duties. The food was uniformly delicious and nutritious. We looked forward to every meal, which was always enough to power us through the day. Nick also gave us many valuable insights into Thai culture and history. His presence reminded us that Palapon is family business that was built from the ground up.

For me the biggest take-aways surrounded good nutrition, consistency and mental toughness. I was already aware that I needed to improve my nutrition and push myself a bit harder. However, there’s a big difference between knowing something and experiencing it first hand. After two weeks I lost 2% body fat and about three kilos. I’m noticeably leaner (I’m 172cm and went from 74KG to 71KG), even if the physical transformation wasn’t huge. Now that I’ve returned to civilian life, I’m more conscious of my workouts and diet. The camp gave me the right tools to continue to improve my overall health.

Final note: The living facilities are a bit rustic. We chose to live in the hotel down the block which was the right decisions for us. Palapon is for people who want to sweat and are willing to grind through the multitude of activities. Like any anything in life, you’ll get out of it what you put in. I highly recommend Palpon to anyone serious about optimizing their health.","relevant"
"ChdDSUhNMG9nS0VJQ0FnSUM1ODhHYnl3RRAB","0x30fdab8df1459dc9:0x437b2e53835e018f","Palapon",5,"Just finished 1 month at Palapon gym and would recommend to anyone looking for a weight loss/lifestyle reset or fitness boost. The training was tough at first but got easier as my fitness levels increased and the results were remarkable. I met many interesting people over the course of my stay which added to the experience. Owners Klaus and Valerie were wonderful and I got to know them well during my stay. They have created a nice  environment for their outdoor gym area with traditional Thai huts and covered areas with reeded roofs. Finally a mention for the Muay Thai coaches Birdy, Deng and Baz who were so much fun as well as hard taskmasters. While I was there I met many returnees and I will definitely go back myself. Thank you.
Bill","William William","116719371238587221924","https://www.google.com/maps/contrib/116719371238587221924/reviews?hl=en","https://lh3.googleusercontent.com/a/ACg8ocKVY5OexGdrMR4KcfdJIe246IcRIbZjgkusE4_LW1jZxY5qRQ=w36-h36-p-rp-mo-br100",0,2,0,"2 years ago","","relevant"
"ChZDSUhNMG9nS0VJQ0FnSUNqMThYUGJBEAE","0x30fdab8df1459dc9:0x437b2e53835e018f","Palapon",1,"My time at Palapon was really interesting. It was unlike anything I've ever experienced, and Thailand was amazing. Staying in the bungalows was cool, but not having A/C was tough. I spent a lot of time melting in the heat, but the pool …","adventurous","111182629288989690167","https://www.google.com/maps/contrib/111182629288989690167/reviews?hl=en","https://lh3.googleusercontent.com/a-/ALV-UjU-wDyFNuOQFVQaivp7rstd_h8XFxqiudCUPfEOGBzvNSddBHsyfQ=w36-h36-p-rp-mo-ba12-br100",1,186,65,"Edited a year ago","My time at Palapon was really interesting. It was unlike anything I've ever experienced, and Thailand was amazing. Staying in the bungalows was cool, but not having A/C was tough. I spent a lot of time melting in the heat, but the pool …","relevant"
"ChdDSUhNMG9nS0VJQ0FnSUR1anJYSXZRRRAB","0x30fdab8df1459dc9:0x437b2e53835e018f","Palapon",5,"I stayed at Palapon for 4 weeks with the aim of making a fresh start after a long time working from home where I wanted to get out of the tiredness, gain strength and also lose a few pounds.
The way the program was set up, I soon saw great progress. It was challenging, motivating and a lot of fun.
Valerie's food was just amazing, yet so simple it can be made at home.
I was fascinated by the knowledge and experience of Klaus and Valerie and I learned a lot in a very practical way. Best of all, I've returned home with a fitness plan that fits my individual schedule and a nutrition plan, with foods I like and recipes to help me maintain what I've achieved this month.
A big THANK YOU to Klaus, Valerie and their team.","Margit Lechner","112703701469676325903","https://www.google.com/maps/contrib/112703701469676325903/reviews?hl=en","https://lh3.googleusercontent.com/a-/ALV-UjU0NIUsopWRqNpGO2CERx0QxohPrqgpzE2ENA742_oQc52-gMRfDw=w36-h36-p-rp-mo-br100",0,8,0,"3 years ago","","relevant"
"ChdDSUhNMG9nS0VJQ0FnSUNENllLTzBBRRAB","0x30fdab8df1459dc9:0x437b2e53835e018f","Palapon",5,"Thumbs all the way up for a real holistic fitness experience. During my stay of ten days, I gained a lot of information about my body, how it works and how I could make it work even better. If you are ready to accept the challenge, go for it!

You will work out with Klaus only in the mornings and you might think he is just an ordinary instructor, showing some known moves. In reality, he is a real ""sensei"", watching you, analysing you, discovering your weaknesses which you are not even aware of and gently approaching you with suggestions - nutrition, exercise, massage, mental fitness boosters, etc. - which leads you to a life changing path. You will work in a small group, and yet Klaus will take care of each and everyone individually, keeping an eye on during the whole day!

This is not a place for those leaving on the surface and urging to share fancy pictures of ""things"". But, this is a place for the ones who would accept the challenge, commit to goals and respect their instructor and at the end enjoy sharing a fancy picture of their own! Keep in mind that the camp is a camp and if you need facilities, consider staying at the apartment or arrange your own fancy five star.

Palapon team members are all experts on motivating, they will not leave you on your own and push you to make the most out of your retreat. This might be exhausting, considering that you are totally out of your comfort zone. So make sure you bring your inner motivation and full commitment with you.

Overall I would definetly suggest Palapon to those who are ready to face their weaknesses, to learn how to eliminate them and who are committed to reach their goals.","Umran Bilen","102641267089862437271","https://www.google.com/maps/contrib/102641267089862437271/reviews?hl=en","https://lh3.googleusercontent.com/a/ACg8ocJIFFN-MdtiVyxF3bywj2P8dZdqTP2XcxfhaYJ73prgYlnp9g=w36-h36-p-rp-mo-br100",0,5,1,"2 years ago","","relevant"
"ChZDSUhNMG9nS0VJQ0FnSUM0M2ZPZ0N3EAE","0x30fdab8df1459dc9:0x437b2e53835e018f","Palapon",5,"Palapon is a fabulous establishment!  My husband and I have been training there for 4 years already and absolutely love it. We started with the private Muay Thai sessions and then transitioned to the total body fitness classes. I can say with confidence that we are stronger and in better shape than we've ever been in our lives, and it's thanks to Klaus's personalized training programs and his extensive knowledge of physiology and body movement. We highly recommend Palapon to anyone who wants to increase their fitness level and incorporate healthy habits into their lifestyle while having fun.","Adrienne VanSlyke","105915892294736373547","https://www.google.com/maps/contrib/105915892294736373547/reviews?hl=en","https://lh3.googleusercontent.com/a-/ALV-UjXyjsIrcFFLJfYu0tdu0mIUNkLF8qDcqKBG39begkcta7AOrEnv=w36-h36-p-rp-mo-br100",0,10,2,"7 years ago","","relevant"
"Ci9DQUlRQUNvZENodHljRjlvT21ONlRubzVNa1JSWVRGeGNWRlJiR0pxWldSaGFXYxAB","0x30fdab8df1459dc9:0x437b2e53835e018f","Palapon",5,"This place has good energy, loved the coach. 10/10 experience","The Grdn","113486517421662658558","https://www.google.com/maps/contrib/113486517421662658558/reviews?hl=en","https://lh3.googleusercontent.com/a/ACg8ocJ9PnsjLjXV7Tj4PyvDB2cOls4ZDepuZURjMeN-oMlyJTxGaA=w36-h36-p-rp-mo-br100",0,2,1,"4 months ago","","relevant"
"ChdDSUhNMG9nS0VJQ0FnSUN3cXZUa213RRAB","0x30fdab8df1459dc9:0x437b2e53835e018f","Palapon",5,"A fantastic weight loss and fitness camp, that helps you achieve your goals through diet and exercise. Has a great muai thai boxing program too, with really fantastic instructors","Nick Sanders","110044139755364312644","https://www.google.com/maps/contrib/110044139755364312644/reviews?hl=en","https://lh3.googleusercontent.com/a-/ALV-UjXJpkDGCCo8bNHAESl0yNFUN36WWk92JWJU2Rybbr60DNcBUoHsQQ=w36-h36-p-rp-mo-ba12-br100",1,30,15,"9 years ago","","relevant"
"ChZDSUhNMG9nS0VJQ0FnTUNnc0l6a0dBEAE","0x30fdab8df1459dc9:0x437b2e53835e018f","Palapon",5,"I enjoyed my time at Palapon. Klaus is a gracious host. All of the teachers I had were great. If you stick with the plan you will lose weight and get stronger.","David Banks","103141777837959375669","https://www.google.com/maps/contrib/103141777837959375669/reviews?hl=en","https://lh3.googleusercontent.com/a/ACg8ocImBjhNshI3z_dgQ0l7x-Pu_lKBpvWwi_i8Rg51nRVk_5zzlA=w36-h36-p-rp-mo-br100",0,1,0,"a year ago","","relevant"
"ChZDSUhNMG9nS0VJQ0FnSUN5cjVXcGFREAE","0x30fdab8df1459dc9:0x437b2e53835e018f","Palapon",5,"I have been training at Palapon twice a week for over 6 months now and I cannot recommend Klaus’ personal training highly enough. Klaus is very professional and knowledgeable. He knows his profession well and pays a lot of attention to my personal situation being understanding but also strict and giving me the extra kick in the butt when needed. His enthusiasm is very motivating, and the training sessions are always fun and enjoyable. Both mentally and physically he helps me to get only the best out of myself. Besides personal training, Palapon also offers group classes ranging from yoga to muay thai and martial arts or fitness and detox programs tailor made to your needs. I highly recommend going to the camp and to get Personal training sessions - it makes all the difference!!","Jeanine Hermanussen","115645751941704834663","https://www.google.com/maps/contrib/115645751941704834663/reviews?hl=en","https://lh3.googleusercontent.com/a/ACg8ocJtzcdVbTvHqqfi-nqaSYuDPMpAoa34Zd3AYyHrCRcfsi1Hpg=w36-h36-p-rp-mo-br100",0,6,0,"5 years ago","","relevant"
"ChZDSUhNMG9nS0VJQ0FnSURzMVAyUE1nEAE","0x30fdab8df1459dc9:0x437b2e53835e018f","Palapon",5,"Wow. I don't even know where to begin.
I chose Camp Palapon based on reviews and conversations through email with the owner. I'm sure he got tired of my stupid questions but always politely answered. …","Melissa Chalk","111814912063284364499","https://www.google.com/maps/contrib/111814912063284364499/reviews?hl=en","https://lh3.googleusercontent.com/a-/ALV-UjUKtubXLaZ9E8E-FerACBxuD3yQCtgvIuzkzVAgaactcg4cbRWd=w36-h36-p-rp-mo-br100",0,15,2,"6 years ago","","relevant"
"ChZDSUhNMG9nS0VJQ0FnSUQwNnVhN1ZBEAE","0x30fdab8df1459dc9:0x437b2e53835e018f","Palapon",5,"Our stay at Camp Palapon was excellent. We went in concerned with our ability to complete a day of the exercise program, but found it was tailored to our abilities and needs. The program will challenge you, and as you get fitter, so the …","Craig P","107716358352376576448","https://www.google.com/maps/contrib/107716358352376576448/reviews?hl=en","https://lh3.googleusercontent.com/a/ACg8ocIUJX8PlUtdRQfhpCtLyp-E2TDNZrb_sM2oR2T-xNN_JzOZuA=w36-h36-p-rp-mo-br100",0,1,0,"6 years ago","","relevant"
"ChdDSUhNMG9nS0VJQ0FnSUNVMXAzY3NnRRAB","0x30fdab8df1459dc9:0x437b2e53835e018f","Palapon",5,"Camp Palapon is nothing short of awesome. Everything at camp is geared towards meeting your goals, the staff are supportive, the environment is conducive for focusing on your fitness. Set in a safe and peaceful environment, Palapon is easy …","Nella Renton","101674477675326385872","https://www.google.com/maps/contrib/101674477675326385872/reviews?hl=en","https://lh3.googleusercontent.com/a-/ALV-UjXBPP1DKHvE3a7uCWb2Cs0idnKN-vrvesJUZZg_q7L1kv7xWhQ=w36-h36-p-rp-mo-ba12-br100",1,17,2,"6 years ago","","relevant"
"ChdDSUhNMG9nS0VJQ0FnSUNPanRQTnh3RRAB","0x30fdab8df1459dc9:0x437b2e53835e018f","Palapon",5,"There is not a better place if you want to get your fitness up or to loose weight. Been training with Klaus now for the last 3 months, and could not wish for a better trainer. He has a lot of knowledge and has a great variation of …","Dorus Van Der Kooij","111423390730332632327","https://www.google.com/maps/contrib/111423390730332632327/reviews?hl=en","https://lh3.googleusercontent.com/a/ACg8ocJkTYfdDucnIfDGiD-p4HfG41NBPkP1DKDn_4xQaZOAjIxlug=w36-h36-p-rp-mo-br100",0,2,0,"4 years ago","","relevant"
"ChdDSUhNMG9nS0VJQ0FnSUR4bDZYbHdRRRAB","0x30fdab8df1459dc9:0x437b2e53835e018f","Palapon",5,"I have just returned from a 4 week Palapon stay. The experience was both challenging and wonderful! Everything is structured for you to reach your weight and fitness goals. This is not a vacation but an investment in yourself. I left …","Philippa Madigan","118272038928194159554","https://www.google.com/maps/contrib/118272038928194159554/reviews?hl=en","https://lh3.googleusercontent.com/a/ACg8ocJGW8aYCAjt9pC_Tgp2Ec36EUv7HEsAR5_KdKFGnmSNXzqLw4k=w36-h36-p-rp-mo-br100",0,7,0,"3 years ago","","relevant"
"ChdDSUhNMG9nS0VJQ0FnSUNNaWE3bzBnRRAB","0x30fdab8df1459dc9:0x437b2e53835e018f","Palapon",5,"I had the opportunity to spend a transformational 8 weeks at Palapon.  Recently retired, my hope was to turn around the effects of decades of sedentary habits and become stronger and more flexible and lose weight… to really be in the best …","hayya mintz","118238021875769986382","https://www.google.com/maps/contrib/118238021875769986382/reviews?hl=en","https://lh3.googleusercontent.com/a/ACg8ocL4XOabDWDwF9CTpTHydvGE7z3xk1qr2VurkicT1AwopS9yPA=w36-h36-p-rp-mo-br100",0,3,0,"6 years ago","","relevant"
"ChdDSUhNMG9nS0VJQ0FnSUNHZ2JPZy1RRRAB","0x30fdab8df1459dc9:0x437b2e53835e018f","Palapon",5,"My six weeks at Palapon

This was a out of comfort zone experience for me, which helped boost my …","GERRY AUGUSTIN","108225363210169328465","https://www.google.com/maps/contrib/108225363210169328465/reviews?hl=en","https://lh3.googleusercontent.com/a/ACg8ocJiPnF7WLuDqueOprk2ciH-DKLB1aYRcyNdyqr4dFRGwCcEsg=w36-h36-p-rp-mo-br100",0,1,0,"4 years ago","","relevant"
"ChdDSUhNMG9nS0VJQ0FnSUNtcExlWnhnRRAB","0x30fdab8df1459dc9:0x437b2e53835e018f","Palapon",5,"I trained at Camp Palapon from 1st June to 25th November. Three sessions of hourly exercises a week enabled me to lose more than seven kilos of weight and several inches off my waistline. My posture improved and a long-standing venous ulcer almost healed. I recommend Camp Palapon to anyone who has the desire to improve their well-being","Wer Sader","114900578528443352691","https://www.google.com/maps/contrib/114900578528443352691/reviews?hl=en","https://lh3.googleusercontent.com/a/ACg8ocJImdLiFyrzt8JOxPNFPpeN0w1STT3E2E18dNVfvRevvhfT=w36-h36-p-rp-mo-br100",0,1,0,"4 years ago","","relevant"
"ChZDSUhNMG9nS0VJQ0FnSUNZN0xxaVlREAE","0x30fdab8df1459dc9:0x437b2e53835e018f","Palapon",5,"Palapon is an amazing place!The camp itself is beautiful and very well maintained. The owners, Valerie and Klaus, are very knowledgeable and will motivate you to reach your goals. The muay thai trainers are great fun and I really enjoyed training with them.I recommend staying here to people who want to lose weight in a healthy way and be inspired to lead a healthy and holistic lifestyle. This is a great place!","Camillalm","109123974229380204956","https://www.google.com/maps/contrib/109123974229380204956/reviews?hl=en","https://lh3.googleusercontent.com/a/ACg8ocImW9tF6gQo_AcWfsBLkmdSXxCMzHq4CtxytKH8AKSoBOVV0A=w36-h36-p-rp-mo-br100",0,1,0,"7 years ago","","relevant"
"ChdDSUhNMG9nS0VJQ0FnSUNZcFBHdjBRRRAB","0x30fdab8df1459dc9:0x437b2e53835e018f","Palapon",5,"I have been training with Palapon for few years now and I only have good words about the place, trainers and both owners.  It's very relaxing place, I really like those greenery yard, the cosy bamboo huts  and how friendly they are.  The …","Nanath Wisanbhokinkul","102824614254621268999","https://www.google.com/maps/contrib/102824614254621268999/reviews?hl=en","https://lh3.googleusercontent.com/a-/ALV-UjUti2OSx_7_W8WS6-nsZxx0miFt8N2vJBqrnlQr3movb6XURoU=w36-h36-p-rp-mo-br100",0,6,6,"7 years ago","","relevant"
"ChZDSUhNMG9nS0VJQ0FnSUNtZ3JpekJ3EAE","0x30fdab8df1459dc9:0x437b2e53835e018f","Palapon",5,"As a local residence in Hua Hin I am a long-time customer at Palapon. I love the one-on-one attention from both Klaus and Valerie. I feel they both have my best interests at heart and they help me, push me, congratulate me to reach my goals. It is always done with love, but they are not afraid to use ""tough love"" to get me unstuck from a plateau. I really enjoy learning, growing and getting stronger at Palapon!! Thank you","Ailene Arnett","106645760177296821106","https://www.google.com/maps/contrib/106645760177296821106/reviews?hl=en","https://lh3.googleusercontent.com/a-/ALV-UjWDv6ujuZWY13PHW9-5QHO8jvpVotEtF5Njrv1NlFPcQg_JmYV9=w36-h36-p-rp-mo-br100",0,15,0,"4 years ago","","relevant"
"ChZDSUhNMG9nS0VJQ0FnSUNZdEtiNGFREAE","0x30fdab8df1459dc9:0x437b2e53835e018f","Palapon",5,"Life changing – Palapon IS your destination

Palapon is a loving, peaceful place to discipline and challenge yourself to get …","Claus Rønaa","108997799717693597684","https://www.google.com/maps/contrib/108997799717693597684/reviews?hl=en","https://lh3.googleusercontent.com/a-/ALV-UjU39hOpa3709rhMNyS3kjddyrnn770a7gZcEIQec7MOAXJzSjwpvQ=w36-h36-p-rp-mo-br100",0,2,0,"7 years ago","","relevant"
"ChdDSUhNMG9nS0VJQ0FnSURBbzlXSHl3RRAB","0x30fdab8df1459dc9:0x437b2e53835e018f","Palapon",5,"Palapon is an amazing holistic & fitness retreat destination for Hua Hin visitors and the local community. Via their environment, training, healthy (and delicious) meals, Palapon restructured my fitness habits to achieve then sustain a healthy lifestyle.

I also admire how the camp seamlessly integrates Thai culture and community in such a professional setting. Muay Thai (Thai boxing) training at Palapon is so engaging: everyone can learn, regardless of age or prior martial arts experience. I even see kids, along with their parents, mastering Muay Thai skills as part of their family holiday.

There is also a genuine connection with the community. I feel like I've lived in Hua Hin forever as I ride my bicycle to the camp or go out on morning runs. Everything about Palapon just feels right. My conclusion: when the body feels great, the holiday can only be 200% wonderful.","Jerome Thym","114731661606289580198","https://www.google.com/maps/contrib/114731661606289580198/reviews?hl=en","https://lh3.googleusercontent.com/a-/ALV-UjXQB1UJz4YSKa-syx3E4TvvH_OckuyOIsOnA7GT7HKlaYVSTQhw=w36-h36-p-rp-mo-br100",0,4,0,"8 years ago","","relevant"
"ChZDSUhNMG9nS0VJQ0FnSURZNnJYZlV3EAE","0x30fdab8df1459dc9:0x437b2e53835e018f","Palapon",5,"Palapon the the Perfect Place to combine your holiday in Thailand with fitness achievement. Get fit and in shape, improve your flexibility, lose weight in a secure and cute clean little resort. You can even improve your Muay Thai Skills. I am very impressed with this philosophy and idea.","Y S","112384726687315055832","https://www.google.com/maps/contrib/112384726687315055832/reviews?hl=en","https://lh3.googleusercontent.com/a-/ALV-UjXYbd5vo9mQlrXUiZOgQFQTfHhjEt1khAE6B_kNNBDn-2ewf3BPHQ=w36-h36-p-rp-mo-ba12-br100",1,320,688,"7 years ago","","relevant"
"ChdDSUhNMG9nS0VJQ0FnSURXX0lMU3V3RRAB","0x30fdab8df1459dc9:0x437b2e53835e018f","Palapon",5,"Fantastic fitness camp in Hua Hin. I cant speak more highly of Klaus and the team. I received an individualized program based on my fitness level, body composition and fitness goals. I even had a knee injury that we were able to work around …","Georgina Ball","107321006343128356775","https://www.google.com/maps/contrib/107321006343128356775/reviews?hl=en","https://lh3.googleusercontent.com/a-/ALV-UjXa2FC_UNBi12Jl-EWp2yk51k9ZDZexegzBvCLawGhAgXGfGW4x=w36-h36-p-rp-mo-ba12-br100",1,20,14,"4 years ago","","relevant"
"ChZDSUhNMG9nS0VJQ0FnSURHdmRMYVVnEAE","0x30fdab8df1459dc9:0x437b2e53835e018f","Palapon",5,"I came home to Sweden yesterday from Palapon! I already long to return! Palapon is not just a place to exercise, it is an oasis in the middle of Huahin! The family who run the place it are fantastic. The food served is 10 points! I feel strong in my body after a month of training! My boyfriend and I are going back at the end of Feburari and this is the third time I am there! Palapon, not just exercise, it's a lifestyle ❤️💪🏻","Meral Tasbas","101313394100242224802","https://www.google.com/maps/contrib/101313394100242224802/reviews?hl=en","https://lh3.googleusercontent.com/a-/ALV-UjWwmXm-0cd5FepNGweJWMF4zTLlCF1dMchp9XUGlek2j9Nm9U7o=w36-h36-p-rp-mo-ba12-br100",1,13,8,"4 years ago","","relevant"
"ChdDSUhNMG9nS0VJQ0FnSUN4eXZibXhBRRAB","0x30fdab8df1459dc9:0x437b2e53835e018f","Palapon",5,"What a great experience. Highly recommended for those who want a holistic body, mind & spirit reboot. I cannot thank Klaus & Valerie enough for their commitment to their clients. I lost 2kg of visceral fat & 5kg of body fat in 1 month - I'm now leaner, quicker & more flexible & have a fresh perspective on life. I'll be back next year.
Thank you :-)","John Law","117317347878142348997","https://www.google.com/maps/contrib/117317347878142348997/reviews?hl=en","https://lh3.googleusercontent.com/a-/ALV-UjWlrSAySyriHGxFWzOMJy1QBNdmt87AmfZsXkE_qvNrJwaw4sQi=w36-h36-p-rp-mo-ba12-br100",1,45,3,"3 years ago","","relevant"
"ChdDSUhNMG9nS0VJQ0FnSUQ4X2ZiOXZnRRAB","0x30fdab8df1459dc9:0x437b2e53835e018f","Palapon",5,"I started training with Klaus a few weeks ago. Losing some weight and at the same time working on health and total fitness of my body since I turned 52 beginning of this month.

Up till 23 years ago, I was a frequent visitor of several gyms around the world, while traveling for work.

I am impressed by the knowledge of Klause about the body, the musclegroups, the muscles between the muscles, nutrition, stretching in the right way and his mobility excersises.

We train in a small group what will help you to go and not cheat on your excersises and Klaus is a personal trainer to all of us.

If you are looking for any kind of excersise, training, muay Thai or weightloss, I recomment Palapon!!!","J.W. Huijers","109760047570419527526","https://www.google.com/maps/contrib/109760047570419527526/reviews?hl=en","https://lh3.googleusercontent.com/a-/ALV-UjWWvkTZUFWmksoCQEz45sI5SWn3Gf4NL8QuUm0-fWZ7yHwpBaYl=w36-h36-p-rp-mo-br100",0,3,12,"5 years ago","","relevant"
"ChdDSUhNMG9nS0VJQ0FnTURBb2I2Vmt3RRAB","0x30fdab8df1459dc9:0x437b2e53835e018f","Palapon",5,"Wow!  I didn't expect to loose two kilos in a week without really caring to do so.  I'm now thinking of coming back for a longer commitment.  I was also sick and injured for a couple of days, so i couldn't workout that much.  If you're considering a health retreat, look no further.  I highly recommend this place.","Ersin","113406704711190270266","https://www.google.com/maps/contrib/113406704711190270266/reviews?hl=en","https://lh3.googleusercontent.com/a-/ALV-UjV-nP6cMKN9YY85shqZlgyHH4DvtZkZM13b1b6nB-M_1Bk6-F6G=w36-h36-p-rp-mo-ba12-br100",1,18,1,"a year ago","","relevant"
"ChZDSUhNMG9nS0VJQ0FnSUNPM2IzWEtnEAE","0x30fdab8df1459dc9:0x437b2e53835e018f","Palapon",5,"Many years of trapping with overweight and yo-yo effect after various diets is over. My friend and I spent a relatively short stay at Palapon in Thailand with the aim of reducing weight as long as possible. Excellent stable climate, nice …","Miroslav Šorf","100955115833908082892","https://www.google.com/maps/contrib/100955115833908082892/reviews?hl=en","https://lh3.googleusercontent.com/a-/ALV-UjW5q6ysIU4MMJXBIHHBSjviX29r1RNNA4DsfNMYSsc5XW3yobbS=w36-h36-p-rp-mo-ba12-br100",1,16,391,"4 years ago","Many years of trapping with overweight and yo-yo effect after various diets is over. My friend and I spent a relatively short stay at Palapon in Thailand with the aim of reducing weight as long as possible. Excellent stable climate, nice …","relevant"
"ChdDSUhNMG9nS0VJQ0FnSURXckpXTTF3RRAB","0x30fdab8df1459dc9:0x437b2e53835e018f","Palapon",5,"I am 65 years old, no sport for last 40 years...result. over weight and physicall problems.
I decided to joint Palapon program owned by Klauss, 6 times/week exciting to do …","Agur Agur","117452817705490040910","https://www.google.com/maps/contrib/117452817705490040910/reviews?hl=en","https://lh3.googleusercontent.com/a/ACg8ocLu7t4-NVEuKlzmQts7kYADU0V1CAhaQsGddqvpen-Ons2Y=w36-h36-p-rp-mo-br100",0,10,0,"4 years ago","","relevant"
"ChdDSUhNMG9nS0VJQ0FnSURzeHJIRDVBRRAB","0x30fdab8df1459dc9:0x437b2e53835e018f","Palapon",5,"Fantastic training at Palapon - Hua Hin, Thailand. Klaus Lippert has a wealth of knowledge and knows how to push you, no matter your level 🤤
... …","Lewis Wilson","109647136690298467537","https://www.google.com/maps/contrib/109647136690298467537/reviews?hl=en","https://lh3.googleusercontent.com/a/ACg8ocJqjND_grslY1yiZibcQIUBBb-z_3PNzsHCIBHA6wbs8MzP0w=w36-h36-p-rp-mo-br100",0,5,0,"6 years ago","","relevant"
"ChdDSUhNMG9nS0VJQ0FnSUNLenBPWjJ3RRAB","0x30fdab8df1459dc9:0x437b2e53835e018f","Palapon",5,"We went to Palapon for a 24 hr charity run event last month, and I can't speak highly enough about the owners, staff and facilities. It's an idyllic little oasis in central Hua Hin. Everything about the place is perfect, from the lovely chalet bungalows, great food, pool and facilities, but what really makes you feel at home is the enthusiasm and personalities of Klaus and valerie, they are such awesome people who really go the extra mile to ensure you get the best out of your visit there. They are also extremely knowledgeable about their jobs too, be it fitness or nutrition. Definitely highly recommended.... Give it a try! 5*
👍🙏","chris andrews","116134830030662877028","https://www.google.com/maps/contrib/116134830030662877028/reviews?hl=en","https://lh3.googleusercontent.com/a/ACg8ocLBOKlEALrLgL9hnCnU0UmDnV53oQko8Ku5FpdJQ3WIKPw71g=w36-h36-p-rp-mo-ba12-br100",1,17,5,"5 years ago","","relevant"
"ChdDSUhNMG9nS0VJQ0FnSURzaXQ2TG9nRRAB","0x30fdab8df1459dc9:0x437b2e53835e018f","Palapon",5,"This was my 4th time at the camp, and that says it all! been doing one week at the time
before but this time i did 2 weeks and 3 days and lost a stunning 5.5kg which I …","John carlstrom","108754690245532130864","https://www.google.com/maps/contrib/108754690245532130864/reviews?hl=en","https://lh3.googleusercontent.com/a/ACg8ocJ1kWgHd60ZUtK8Pb5b7V02lPGScag_rGOmgeDlT4mAmTXX4Q=w36-h36-p-rp-mo-br100",0,10,3,"Edited 4 years ago","","relevant"
"ChdDSUhNMG9nS0VJQ0FnSUNZbFBuaHBnRRAB","0x30fdab8df1459dc9:0x437b2e53835e018f","Palapon",5,"I was training at Palapon for over 3 years. Love the tropical paradise atmosphere. Great location in the Takiap area. The Muay Thai trainers and Wing Tsun instructor were very professional. The course was intensive and helped me a lot. Definitely recommend this place for sure.","Andrew Bunnag","112563974250872533761","https://www.google.com/maps/contrib/112563974250872533761/reviews?hl=en","https://lh3.googleusercontent.com/a/ACg8ocJuPM0ojFXw134LoXsB0xeH7pNMRLYd-HEn4kmFOTiXCc_xhw=w36-h36-p-rp-mo-br100",0,1,0,"7 years ago","","relevant"
"ChZDSUhNMG9nS0VJQ0FnSURQbm8tTFlnEAE","0x30fdab8df1459dc9:0x437b2e53835e018f","Palapon",5,"I joined a 4-week fitness program, got the results, made some like-minded friends, and got some valuable insight on working out and long-term health. …","Sean A.","113416756089433010801","https://www.google.com/maps/contrib/113416756089433010801/reviews?hl=en","https://lh3.googleusercontent.com/a-/ALV-UjUCsEI2fqaXbwbmH2udwZvmlvJc3IODns_UE5rX5HpWXgWpUU_b=w36-h36-p-rp-mo-ba12-br100",1,141,417,"Edited a year ago","","relevant"
"ChdDSUhNMG9nS0VJQ0FnSUM2LThyN3h3RRAB","0x30fdab8df1459dc9:0x437b2e53835e018f","Palapon",5,"This place is my dream place . I would never think i would love to work out , do yoga , muay thai and even more get addicted to these 😁. It is great to be in such beautifull place with amazing people who treats and take care of you better …","Jenny Mazliyah","108694211163176501286","https://www.google.com/maps/contrib/108694211163176501286/reviews?hl=en","https://lh3.googleusercontent.com/a/ACg8ocJvSMjiQ3BlZJAfjOjmYXaLk3_clGPAy1OOwWw4_UCsseEyxQ=w36-h36-p-rp-mo-ba12-br100",1,30,13,"4 years ago","","relevant"
"ChZDSUhNMG9nS0VJQ0FnSUNtdFp2WGZnEAE","0x30fdab8df1459dc9:0x437b2e53835e018f","Palapon",5,"I am writing this review in two parts I encourage you to read ALL.  The review is completely realistic and sound concerning my feelings and experience.  As my total stay at Palapon will be 6 weeks, Part 1 of my review is being written at …","C. Anthony Bryant","111019725748680852055","https://www.google.com/maps/contrib/111019725748680852055/reviews?hl=en","https://lh3.googleusercontent.com/a-/ALV-UjW9sLIJbX9UUqP6tyMGe3Akd6iKsMgVoHfsLSs9gwc4PeLaEDA=w36-h36-p-rp-mo-br100",0,3,0,"4 years ago","","relevant"
"ChZDSUhNMG9nS0VJQ0FnSUNtbUlxemRREAE","0x30fdab8df1459dc9:0x437b2e53835e018f","Palapon",5,"A tropical oasis of fitness and relax in Hua Hin, Thailand.
Sifu Klaus has an unique holistic approach based on a lifetime experience for each one of his guests that comes from all over the world to lose weight, keep …","Simone Callai","105608384691779682347","https://www.google.com/maps/contrib/105608384691779682347/reviews?hl=en","https://lh3.googleusercontent.com/a-/ALV-UjVpl4XRxuH73gP_K01ySHvXJy3Bi8e5rtQrDF35lWk7_8VYCi98=w36-h36-p-rp-mo-br100",0,2,7,"4 years ago","","relevant"
"ChdDSUhNMG9nS0VJQ0FnSUNtbUpiY21RRRAB","0x30fdab8df1459dc9:0x437b2e53835e018f","Palapon",5,"Best training and fitness i ever experience. The owners make it so easy to plan exactly your needs and journey.
I can higly recomend there food (im also injoy 5 days a week) and training. …","August Mahler","117033706726808017216","https://www.google.com/maps/contrib/117033706726808017216/reviews?hl=en","https://lh3.googleusercontent.com/a-/ALV-UjXIQjWJkkdYFJFRcGyNk_MKK7FY7rrOsecLWiENhvFzDvAgjaKlUA=w36-h36-p-rp-mo-ba12-br100",1,15,8,"Edited 4 years ago","","relevant"
"ChdDSUhNMG9nS0VJQ0FnSUNtN05pSzVBRRAB","0x30fdab8df1459dc9:0x437b2e53835e018f","Palapon",5,"“Palapon is a fitness and weight loss camp. An great environment that provides the skills, knowledge and improvement; Muay Thaï Boxing’s, Self-Defense, Yoga, Gym and more… …","Freddy Schmidt","109640821871745465201","https://www.google.com/maps/contrib/109640821871745465201/reviews?hl=en","https://lh3.googleusercontent.com/a/ACg8ocKKEnzrBBpO8drER3M_iaEW0cj75bTTgZ1FiPIkNiL0J99iJw=w36-h36-p-rp-mo-br100",0,1,0,"4 years ago","","relevant"
"ChZDSUhNMG9nS0VJQ0FnSURrai1qYVFBEAE","0x30fdab8df1459dc9:0x437b2e53835e018f","Palapon",5,"Amazing, fun gym to work out. With excellent Fitness, Muay Thai, HIIT and Yoga classes to choose from where you get the personal training experience from their instructors. Highly recommend!","Marilyn Rose (MRose888)","113640240615239311384","https://www.google.com/maps/contrib/113640240615239311384/reviews?hl=en","https://lh3.googleusercontent.com/a-/ALV-UjV2S0sRkFzseOj7uCOv3wuTWKoQhK48LtbDgCuqVThZzowK55o=w36-h36-p-rp-mo-ba12-br100",1,41,15,"6 years ago","","relevant"
"ChZDSUhNMG9nS0VJQ0FnSUNZcE5MU0xREAE","0x30fdab8df1459dc9:0x437b2e53835e018f","Palapon",5,"Palapon is an amazing place to get fit and lose weight. The owners are so supportive and gave me the motivation I needed to continue after my stay. Would highly recommend! Beautiful place too! 😊 …","Marilyn Hawkes","115046074951830764810","https://www.google.com/maps/contrib/115046074951830764810/reviews?hl=en","https://lh3.googleusercontent.com/a/ACg8ocI8zs_TBanmsvPkOvsHfuIxnkyVylaLeZw4_uiq0q5of3RUvA=w36-h36-p-rp-mo-br100",0,1,0,"7 years ago","","relevant"
"ChZDSUhNMG9nS0VJQ0FnSURxbGNHSEF3EAE","0x30fdab8df1459dc9:0x437b2e53835e018f","Palapon",5,"I’m really impressed with the trainers, the cleanliness, the attitude and the owners here. Good vibes all around. They could use some more equipment, but the gym as a whole is solid, and I keep coming back for the training and positive …","Joshua Daley","108521944031122470106","https://www.google.com/maps/contrib/108521944031122470106/reviews?hl=en","https://lh3.googleusercontent.com/a-/ALV-UjX0rwVmMAug5JMdolOtNl_ayHarmv46JSo48pT1yenrpIEzK-Kb=w36-h36-p-rp-mo-ba12-br100",1,122,48,"4 years ago","","relevant"
"ChZDSUhNMG9nS0VJQ0FnSURnMS0zX0lREAE","0x30fdab8df1459dc9:0x437b2e53835e018f","Palapon",5,"Great place with an excellent staff. They really push you to achieve the health targets you need to improve yourself.","Abbas Jaffer","118049894569660725336","https://www.google.com/maps/contrib/118049894569660725336/reviews?hl=en","https://lh3.googleusercontent.com/a-/ALV-UjXC5Sxjk84YSe55xK8B4iUOyqcitZFx4472iFsXp8Mk5nuJ-w=w36-h36-p-rp-mo-ba12-br100",1,19,20,"7 years ago","","relevant"
"ChdDSUhNMG9nS0VJQ0FnSUM2LTdLMnNnRRAB","0x30fdab8df1459dc9:0x437b2e53835e018f","Palapon",5,"Great place , with great people .
I ve learned how to eat healthy while getting stronger and thiner.
The owners are not just your life coaches but they become your family here. The best decision i made for my life 10 starts","Linet Gucel","111858115296491864199","https://www.google.com/maps/contrib/111858115296491864199/reviews?hl=en","https://lh3.googleusercontent.com/a/ACg8ocKoxE0JdzlID_PCMU3aE6qwHw_odZCAKQ5YXD8o9afTj1xz=w36-h36-p-rp-mo-br100",0,1,0,"4 years ago","","relevant"
"ChdDSUhNMG9nS0VJQ0FnSUNtNUt6eHRnRRAB","0x30fdab8df1459dc9:0x437b2e53835e018f","Palapon",5,"Palapon is perfect located, a great place to get fit and healthy. Staff is friendly and professional, I can highly recommend this place to everyone who likes to get in shape.","Kate Prasert","103855907529164234775","https://www.google.com/maps/contrib/103855907529164234775/reviews?hl=en","https://lh3.googleusercontent.com/a-/ALV-UjUTSGLv0Hev_NTLV-ZoJkMiLUZo_8UJxdi_SXsjg9zWs9U4xqzs=w36-h36-p-rp-mo-ba12-br100",1,22,29,"4 years ago","","relevant"
"ChdDSUhNMG9nS0VJQ0FnSUNxdmVpdWpnRRAB","0x30fdab8df1459dc9:0x437b2e53835e018f","Palapon",5,"Definitely the best fitness camp in Hua Hin","Benita Grosskopf","102515188685590370116","https://www.google.com/maps/contrib/102515188685590370116/reviews?hl=en","https://lh3.googleusercontent.com/a-/ALV-UjWQi1tWOYx2dpjsYrY34tafFW7etijQjwXi-yr1TXrYGCmqq1gE=w36-h36-p-rp-mo-ba12-br100",1,51,277,"Edited 4 years ago","","relevant"
"Ci9DQUlRQUNvZENodHljRjlvT2s1U1NVWjRXR1JxUTBac2VIQldTbE0wWm1WZlFuYxAB","0x30fdab8df1459dc9:0x437b2e53835e018f","Palapon",5,"The yoga, the shala, the ethic, the boxing, the facilities and the grounds and the teachers are all bang on!  Epic joint!","Chris Martin","113477743302917267991","https://www.google.com/maps/contrib/113477743302917267991/reviews?hl=en","https://lh3.googleusercontent.com/a/ACg8ocIzd7d_NB4AWDdLpeVJV5Pp3dj1POqBeS3y1R6jxV2tBSz1sA=w36-h36-p-rp-mo-ba12-br100",1,45,2,"7 months ago","","relevant"
"ChZDSUhNMG9nS0VJQ0FnSURrNWNXZk93EAE","0x30fdab8df1459dc9:0x437b2e53835e018f","Palapon",5,"Thank you Valerie & Klaus for giving me the confidence I needed and the motivation to keep focused. Determined to reach my goal to enter 2020 looking like a lean, mean, muscle machine! :D","Free Plug","108060392873657831950","https://www.google.com/maps/contrib/108060392873657831950/reviews?hl=en","https://lh3.googleusercontent.com/a-/ALV-UjVzhbbHcVvwndms6uzkkHrOeXYim9rmViS78fds9AJBzI_ADFc=w36-h36-p-rp-mo-br100",0,1,0,"6 years ago","","relevant"
"ChZDSUhNMG9nS0VJQ0FnSUN3MzdLZkRnEAE","0x30fdab8df1459dc9:0x437b2e53835e018f","Palapon",5,"I train Muay Thai here 3 times per week at least. Great camp for all levels of fitness and skills.","Huw Evans","116081935512511580960","https://www.google.com/maps/contrib/116081935512511580960/reviews?hl=en","https://lh3.googleusercontent.com/a-/ALV-UjUX_EZ6VLJrF_tYc-iGa8LGW_BiFnJzdoReyBzV71x0OFVwOI0=w36-h36-p-rp-mo-ba12-br100",1,61,37,"9 years ago","","relevant"
"ChZDSUhNMG9nS0VJQ0FnSURVdm92YlNBEAE","0x30fdab8df1459dc9:0x437b2e53835e018f","Palapon",1,"Met some very nice people, the accommodation and the program was nice but the owners are “special” to put it nicely 😄 …","Tiina Grönroos","100898354238828353353","https://www.google.com/maps/contrib/100898354238828353353/reviews?hl=en","https://lh3.googleusercontent.com/a-/ALV-UjUWxak8P01A2WraFmKrEQfaUGh782hDNTjysbr47luJLNVqUDA=w36-h36-p-rp-mo-ba12-br100",1,69,2,"6 years ago","","relevant"
"ChdDSUhNMG9nS0VJQ0FnSUM2em92NDRBRRAB","0x30fdab8df1459dc9:0x437b2e53835e018f","Palapon",5,"Totally  recomed  to go there. Professional approach and real results. But don't expect that you get a magic pill , no you need to work for it and you need a professional guidance which you get there. Will come back for sure!","Svetlana Z","113413362085092609705","https://www.google.com/maps/contrib/113413362085092609705/reviews?hl=en","https://lh3.googleusercontent.com/a-/ALV-UjXxagqKyeCtFuy300a5B7tq_41hlVZqre7G_MEB6StMORvp2xW0Vg=w36-h36-p-rp-mo-br100",0,4,0,"4 years ago","","relevant"
"ChdDSUhNMG9nS0VJQ0FnSUNjbTVDR2hRRRAB","0x30fdab8df1459dc9:0x437b2e53835e018f","Palapon",2,"Not good, please aware, training is ok, but not special the rest is terrible as accommodation, food and noise place, not like klaus and his wife, can`t belive see only positive rating.","Lamyai Siamkhai","111420051784207599628","https://www.google.com/maps/contrib/111420051784207599628/reviews?hl=en","https://lh3.googleusercontent.com/a/ACg8ocKaSpchEK78P8J8Ly7Xp6ysYtolpeMuQNHZRrx_Gi9Gz4mwDQ=w36-h36-p-rp-mo-br100",0,2,2,"6 years ago","","relevant"
"ChdDSUhNMG9nS0VJQ0FnSURRNlBEbTRRRRAB","0x30fdab8df1459dc9:0x437b2e53835e018f","Palapon",5,"Awesome fitness camp. Klaus really makes you feel at home. A great teacher.","Abhijit Gune","117367005713526636433","https://www.google.com/maps/contrib/117367005713526636433/reviews?hl=en","https://lh3.googleusercontent.com/a/ACg8ocLpwGsvqAZxlMHEQOFB0mGrk3url0oXMHbyfza1wvlrSEtP87M=w36-h36-p-rp-mo-br100",0,3,7,"8 years ago","","relevant"
"ChZDSUhNMG9nS0VJQ0FnSUNZOTdtNWFREAE","0x30fdab8df1459dc9:0x437b2e53835e018f","Palapon",5,"Amazing facility and atmosphere. Highly recommended to attain your fitness goals, whatever they may be.","Davila Family","118393560562958312728","https://www.google.com/maps/contrib/118393560562958312728/reviews?hl=en","https://lh3.googleusercontent.com/a-/ALV-UjWQVCq__Rbr7-EdEI3JGCshS0VqxjG51VEiCQrT0nZU-9rGscJW=w36-h36-p-rp-mo-br100",0,7,0,"7 years ago","","relevant"
"Ci9DQUlRQUNvZENodHljRjlvT25CelZFNHplVzFYVURWdlZHWkJiM2xCWVhKdU5IYxAB","0x30fdab8df1459dc9:0x437b2e53835e018f","Palapon",5,"","Bnaider Bedah","112424040249490086340","https://www.google.com/maps/contrib/112424040249490086340/reviews?hl=en","https://lh3.googleusercontent.com/a/ACg8ocLA7DsbfnWHTjAysxEOgZJDmn9-r4-Zif0Kvl9lptf6bJ62DA=w36-h36-p-rp-mo-br100",0,2,0,"6 days ago","","newest"
"Ci9DQUlRQUNvZENodHljRjlvT2xWMWQyUllSR3BhU1VoNE5YUTBkRk0zYlZkZlZYYxAB","0x30fdab8df1459dc9:0x437b2e53835e018f","Palapon",5,"I’ve been going to Palapon everytime I come to Hua Hin, specifically for the western boxing.
You can tell that the coach lives and breathes for boxing. He and everyone in the camp will give you 100% which motivates you to keep going and train harder.

I highly recommend you come here and try it out!","Eric Fiedler","118247754829325909745","https://www.google.com/maps/contrib/118247754829325909745/reviews?hl=en","https://lh3.googleusercontent.com/a/ACg8ocLBqmZ8OT6vIUnZFhcsJ3QKfII2FyBU0bvw5N2lvM4_U02EdQ=w36-h36-p-rp-mo-br100",0,6,1,"a month ago","","newest"
"Ci9DQUlRQUNvZENodHljRjlvT205eVMyZHFaVjh5U1RWbVJIbFVhV05ZVGkxQllrRRAB","0x30fdab8df1459dc9:0x437b2e53835e018f","Palapon",5,"This is a really great place for muay thai, at least that was my experience, i lived close by only a 7 minute walk from palapon, i trained there from january to the end of may, and the trainer TJ i think his name is, was the trainer who was there the whole time i was there, i have never had a coach that actually cares, he is very enthusiastic and very focused on the training, he has helped me evolve my technique, there came along 2 other trainers in the end of April I think or mid April, they are also very good in Muay Thai and care about my technique, they are always smiling and make me feel comfortable, they push me to train hard, but they don’t train me to hard to the point I can’t come the next day, overall I give this place a 5 star, very welcoming and nice people, Sam made a good introduction to this place and the scenery is beautiful, takes me right back to my childhood home in buriram, i will absolutely come back and train here if i can. I will absolutely miss this place and the people.","Daniel Garatun-Tjeldstø","112235579097044254705","https://www.google.com/maps/contrib/112235579097044254705/reviews?hl=en","https://lh3.googleusercontent.com/a-/ALV-UjWqGW4I-Jx-DjILN8s40U9FMF2W1YsQGEygjmHs_qJjeDF_8IAa=w36-h36-p-rp-mo-br100",0,1,7,"a month ago","","newest"
"Ci9DQUlRQUNvZENodHljRjlvT25WbVFYRm1OV3BtTlU1ak5UUmhPVEpPZUhWWWNGRRAB","0x30fdab8df1459dc9:0x437b2e53835e018f","Palapon",5,"Wonderful place! Very cool teachers. We went to yoga several times and also took Muay Thai for a few months. Even though I don't know much English, everything was always clear and accessible, and most importantly, fun.","Kesha Kogan. ART","110109116023306106671","https://www.google.com/maps/contrib/110109116023306106671/reviews?hl=en","https://lh3.googleusercontent.com/a-/ALV-UjWSUBg3rv4YK3wIu95CGSdhPhNvS1Q8_R7aCdcbQ0WrLHE-RTmC=w36-h36-p-rp-mo-ba12-br100",1,6,10,"2 months ago","","newest"
"Ci9DQUlRQUNvZENodHljRjlvT20wMFVWSjJlR3BQY3paWGVqVk9WMEZwY0ZWc2VHYxAB","0x30fdab8df1459dc9:0x437b2e53835e018f","Palapon",5,"Camp Palapon
Amazing place!
Klaus and his team have created some wonderful settings for training and a healthy lifestyle.
The training camp is located in a lovely oasis of a garden. The toilets and showers are simple and really nice and are constantly cleaned and tidied.
We are a family of 3 adults who have signed up for a fitness holiday - a week with 2 trainings per day as well as diet and fasting.
The food was well-cooked and varied.
We tried all types of training and
experienced great quality from the instructors.
We had a great time with the other “inmates” - who are a wonderful mix of different nationalities - all with the same goal.
Fitness Holiday was challenging enough for us. We could train in the morning and enjoy the beach and the area in the afternoon.
We stayed at the Nice Hotel, which was close to the camp. It worked out great.
We give our very best recommendation and we will definitely come back.
Dbh Ditte, Winnie and Allan from Denmark🇩🇰","Winnie Hansen","103445168965969705749","https://www.google.com/maps/contrib/103445168965969705749/reviews?hl=en","https://lh3.googleusercontent.com/a/ACg8ocLNOQZSYS_fbgaZ5_NPmVuN9YEGSPTGaFAqA2q-MlYv5g7p6Q=w36-h36-p-rp-mo-br100",0,4,6,"5 months ago","","newest"
"Ci9DQUlRQUNvZENodHljRjlvT2taRU5tVnVjVkJUUlRCMVozZzBXbkJ1Wm1SSVNFRRAB","0x30fdab8df1459dc9:0x437b2e53835e018f","Palapon",5,"","Andrey","104034760939119499932","https://www.google.com/maps/contrib/104034760939119499932/reviews?hl=en","https://lh3.googleusercontent.com/a/ACg8ocK0DOCnGXv95_3ZR6838o-O5UWptp9H2B9ss96kA2X_NrIvOw=w36-h36-p-rp-mo-br100",0,9,2,"5 months ago","","newest"
"Ci9DQUlRQUNvZENodHljRjlvT2poMFpYSnFNRTlOT0hOT2F6STRYM2hWTkZwWVJsRRAB","0x30fdab8df1459dc9:0x437b2e53835e018f","Palapon",5,"Beautifull environment and friendly people","MANZ “Jcko”","116927053379640656123","https://www.google.com/maps/contrib/116927053379640656123/reviews?hl=en","https://lh3.googleusercontent.com/a/ACg8ocKSq2S31wA-wmTh4xRb6chR0mCLE0sQxnWTD2TFe_N-pG6FWA=w36-h36-p-rp-mo-br100",0,5,0,"11 months ago","","newest"
"ChdDSUhNMG9nS0VJQ0FnSUNEay1TWjRnRRAB","0x30fdab8df1459dc9:0x437b2e53835e018f","Palapon",5,"5 Stars! A Paradise for Fitness Enthusiasts

Arrival in Paradise:

When I opened the gate to the fitness camp, I could hardly believe my eyes. A beautiful garden with small cabins awaited me. While the training areas are a bit dated, they have everything you need for an effective workout.

Personalized Support and Small Groups:

The owner personally attends to his clients, and you feel well looked after from the very first moment. The groups are very small (I've experienced a maximum of 9 people, averaging 3-4), so each participant receives the trainers' full attention.

Great Food and Varied Training:

The food was varied and delicious. The training sessions were challenging yet motivating and diverse.

Unjustified Criticisms:

I cannot understand the criticisms expressed in other reviews. I never saw the dogs in any training area. They were always on the lawns. And the occasional bird dropping is simply unavoidable in nature and probably happens at every outdoor restaurant/cafe in Thailand.

Problems were resolved immediately:

Minor issues that arose during my stay were immediately resolved by the owner or the trainers.

Conclusion:

I can recommend this fitness camp to anyone looking for effective training in a stunning setting. I had a fantastic time here.

No mass tourism, but rather an individualized program.

I can't comment on the accommodations on the premises, as I stayed at the Hotel Nice. It's worth noting that electricity and water are charged separately after a certain length of stay, and toilet paper is only provided as a welcome gift; it is not replenished.","Alexandair Roth (Alexandair74)","109880005240330155830","https://www.google.com/maps/contrib/109880005240330155830/reviews?hl=en","https://lh3.googleusercontent.com/a-/ALV-UjVnx7K12Vdd70YYjD7p-gHQLBVimjlrpAblVILRXB7DfflIK97b=w36-h36-p-rp-mo-br100",0,413,2658,"2 years ago","","newest"
"ChdDSUhNMG9nS0VJQ0FnSUQ5by1QYW9RRRAB","0x30fdab8df1459dc9:0x437b2e53835e018f","Palapon",5,"","Alexander Roth","108269092051524549953","https://www.google.com/maps/contrib/108269092051524549953/reviews?hl=en","https://lh3.googleusercontent.com/a/ACg8ocJsKJBgwlTGw7CsC798d3pZUVqdh664iqhnmqgexS-A4GvBgw=w36-h36-p-rp-mo-br100",0,1,2,"2 years ago","","newest"
"ChZDSUhNMG9nS0VJQ0FnSUM5dnR5cEV3EAE","0x30fdab8df1459dc9:0x437b2e53835e018f","Palapon",5,"Friendly, clean and good vibes...👊 …","Markus Kaube","113629175126951768335","https://www.google.com/maps/contrib/113629175126951768335/reviews?hl=en","https://lh3.googleusercontent.com/a/ACg8ocLViA91ept0UJ5FKsjZyRGagZnWowlp-df8qFMQAoFiHT1hNg=w36-h36-p-rp-mo-br100",0,11,0,"2 years ago","","newest"
"ChdDSUhNMG9nS0VJQ0FnSUM5dHN2YzF3RRAB","0x30fdab8df1459dc9:0x437b2e53835e018f","Palapon",5,"","Peter","114753466343803340710","https://www.google.com/maps/contrib/114753466343803340710/reviews?hl=en","https://lh3.googleusercontent.com/a/ACg8ocIe2xdp4PelxHMzV631YDkuW7fgMNKms842YXf0nLYxBCiA7Q=w36-h36-p-rp-mo-br100",0,1,0,"2 years ago","","newest"
