place_id,name,href,rating,review_count,price_symbol,primary_type,address_hint,status_hint,raw_card_text,first_seen_lat,first_seen_lng
0x30fdabad8eec3ea5:0x79dbe47f5faeca72,Hua Hin Medical Clinic หัวหินคลินิกเวชกรรม,https://www.google.com/maps/place/Hua+Hin+Medical+Clinic+%E0%B8%AB%E0%B8%B1%E0%B8%A7%E0%B8%AB%E0%B8%B4%E0%B8%99%E0%B8%84%E0%B8%A5%E0%B8%B4%E0%B8%99%E0%B8%B4%E0%B8%81%E0%B9%80%E0%B8%A7%E0%B8%8A%E0%B8%81%E0%B8%A3%E0%B8%A3%E0%B8%A1/data=!4m7!3m6!1s0x30fdabad8eec3ea5:0x79dbe47f5faeca72!8m2!3d12.5695138!4d99.957226!16s%2Fg%2F11c530zxbh!19sChIJpT7sjq2r_TARcsquX3_k23k?authuser=0&hl=en&rclk=1,2.6,0,,Medical Center,"96, 2 Phet Kasem Rd",Closed · Opens 8:30 am Fri · +66 32 513 901,"Hua Hin Medical Clinic หัวหินคลินิกเวชกรรม
2.6
Medical Center · 96, 2 Phet Kasem Rd
Closed · Opens 8:30 am Fri · +66 32 513 901

Directions",12.5684,99.95308490359301
0x30fdab697f0f66e5:0xfa3a1429c29c8b52,SLK Clinic สาขาหัวหิน,https://www.google.com/maps/place/SLK+Clinic+%E0%B8%AA%E0%B8%B2%E0%B8%82%E0%B8%B2%E0%B8%AB%E0%B8%B1%E0%B8%A7%E0%B8%AB%E0%B8%B4%E0%B8%99/data=!4m7!3m6!1s0x30fdab697f0f66e5:0xfa3a1429c29c8b52!8m2!3d12.5693078!4d99.9572145!16s%2Fg%2F11r9lxcmtw!19sChIJ5WYPf2mr_TARUoucwikUOvo?authuser=0&hl=en&rclk=1,4.7,0,,,,Closed · Opens 10 am Fri · +66 93 464 5545,"SLK Clinic สาขาหัวหิน
4.7
Skin care clinic
Closed · Opens 10 am Fri · +66 93 464 5545

Website

Directions",12.5684,99.95308490359301
0x30fd019e0413a8c7:0xb9b97f1b011c9895,"ธัชพลคลินิก สาขาหัวหิน Tuchapon Clinic คลินิกเสริมความงาม และ คลินิกสูตินรีเวชกรรม Aesthetic clinic , OB GYN Clinic","https://www.google.com/maps/place/%E0%B8%98%E0%B8%B1%E0%B8%8A%E0%B8%9E%E0%B8%A5%E0%B8%84%E0%B8%A5%E0%B8%B4%E0%B8%99%E0%B8%B4%E0%B8%81+%E0%B8%AA%E0%B8%B2%E0%B8%82%E0%B8%B2%E0%B8%AB%E0%B8%B1%E0%B8%A7%E0%B8%AB%E0%B8%B4%E0%B8%99+Tuchapon+Clinic+%E0%B8%84%E0%B8%A5%E0%B8%B4%E0%B8%99%E0%B8%B4%E0%B8%81%E0%B9%80%E0%B8%AA%E0%B8%A3%E0%B8%B4%E0%B8%A1%E0%B8%84%E0%B8%A7%E0%B8%B2%E0%B8%A1%E0%B8%87%E0%B8%B2%E0%B8%A1+%E0%B9%81%E0%B8%A5%E0%B8%B0+%E0%B8%84%E0%B8%A5%E0%B8%B4%E0%B8%99%E0%B8%B4%E0%B8%81%E0%B8%AA%E0%B8%B9%E0%B8%95%E0%B8%B4%E0%B8%99%E0%B8%A3%E0%B8%B5%E0%B9%80%E0%B8%A7%E0%B8%8A%E0%B8%81%E0%B8%A3%E0%B8%A3%E0%B8%A1+Aesthetic+clinic+,+OB+GYN+Clinic/data=!4m7!3m6!1s0x30fd019e0413a8c7:0xb9b97f1b011c9895!8m2!3d12.57174!4d99.9565384!16s%2Fg%2F11kpdx2w3n!19sChIJx6gTBJ4B_TARlZgcARt_ubk?authuser=0&hl=en&rclk=1",5.0,0,,Specialized clinic,63 5 Phet Kasem Rd,Closed · Opens 12 pm Fri · +66 96 926 6996,"ธัชพลคลินิก สาขาหัวหิน Tuchapon Clinic คลินิกเสริมความงาม และ คลินิกสูตินรีเวชกรรม Aesthetic clinic , OB GYN Clinic
5.0
Specialized clinic · 63 5 Phet Kasem Rd
Closed · Opens 12 pm Fri · +66 96 926 6996

Website

Directions",12.5684,99.95308490359301
0x30fdab8d118f684b:0xf826a80b366cfca0,Beauty Hub Clinic,https://www.google.com/maps/place/Beauty+Hub+Clinic/data=!4m7!3m6!1s0x30fdab8d118f684b:0xf826a80b366cfca0!8m2!3d12.5693455!4d99.9569696!16s%2Fg%2F11x8hf2nrq!19sChIJS2iPEY2r_TARoPxsNguoJvg?authuser=0&hl=en&rclk=1,5.0,0,,Skin care clinic,54 Amnuaisin Rd,Closed · Opens 10 am Fri · +66 82 362 3228,"Beauty Hub Clinic
5.0
Skin care clinic · 54 Amnuaisin Rd
Closed · Opens 10 am Fri · +66 82 362 3228

Website

Directions",12.5684,99.95308490359301
0x30fdac6d077aa2c3:0xc97087e340c13ece,Dr. Sumeth Hua Hin Children's Clinic,https://www.google.com/maps/place/Dr.+Sumeth+Hua+Hin+Children%27s+Clinic/data=!4m7!3m6!1s0x30fdac6d077aa2c3:0xc97087e340c13ece!8m2!3d12.5654371!4d99.9593547!16s%2Fg%2F1hc1tlj0n!19sChIJw6J6B22s_TARzj7BQOOHcMk?authuser=0&hl=en&rclk=1,4.7,0,,Medical clinic," · 87, 6 Phet Kasem Rd",Closed · Opens 8 am Fri · +66 89 915 2536,"Dr. Sumeth Hua Hin Children's Clinic
4.7
Medical clinic ·  · 87, 6 Phet Kasem Rd
Closed · Opens 8 am Fri · +66 89 915 2536

Website

Directions",12.5684,99.95308490359301
0x30fdaa52d6e7fbdd:0xce79632cc2b52972,Phet Kasem Medical Clinic,https://www.google.com/maps/place/Phet+Kasem+Medical+Clinic/data=!4m7!3m6!1s0x30fdaa52d6e7fbdd:0xce79632cc2b52972!8m2!3d12.5736522!4d99.95498!16s%2Fg%2F11r8wr8xl!19sChIJ3fvn1lKq_TARcim1wixjec4?authuser=0&hl=en&rclk=1,1.0,0,,Medical clinic,40/10-11 Phet Kasem Rd,,"Phet Kasem Medical Clinic
1.0
Medical clinic · 40/10-11 Phet Kasem Rd

Directions",12.5684,99.95308490359301
0x30fdabb1ef06c34b:0xd2e09189e7832120,Lollana Clinic,https://www.google.com/maps/place/Lollana+Clinic/data=!4m7!3m6!1s0x30fdabb1ef06c34b:0xd2e09189e7832120!8m2!3d12.5667916!4d99.9586134!16s%2Fg%2F11c7hd2x8_!19sChIJS8MG77Gr_TARICGD54mR4NI?authuser=0&hl=en&rclk=1,3.9,0,,Skin care clinic,"11, 83 Phet Kasem Rd",,"Lollana Clinic
3.9
Skin care clinic · 11, 83 Phet Kasem Rd
+66 94 242 3639

Website

Directions",12.5684,99.95308490359301
0x30fdabad4a288cb7:0x9ad7f12f1e7b0877,Pongsak Clinic,https://www.google.com/maps/place/Pongsak+Clinic/data=!4m7!3m6!1s0x30fdabad4a288cb7:0x9ad7f12f1e7b0877!8m2!3d12.573084!4d99.9560269!16s%2Fg%2F11b5zyw6z2!19sChIJt4woSq2r_TARdwh7Hi_x15o?authuser=0&hl=en&rclk=1,4.9,116,,Cosmetic surgeon,29 /4-5 ซอย,Closed · Opens 10 am Fri · +66 85 175 5595,"Pongsak Clinic
4.9(116)
Cosmetic surgeon · 29 /4-5 ซอย
Closed · Opens 10 am Fri · +66 85 175 5595

Website

Directions
 
""11 sunspots moles and freckles removed painlessly.""",12.5684,99.95308490359301
0x30fdab4dcaf730e9:0x130e75c4cca18def,"Serena's Beauty Massage, Facials, Waxing & Massage นวดหน้า กดสิว กัวซา ทรีทเม้นต์หน้าใส","https://www.google.com/maps/place/Serena%27s+Beauty+Massage,+Facials,+Waxing+%26+Massage+%E0%B8%99%E0%B8%A7%E0%B8%94%E0%B8%AB%E0%B8%99%E0%B9%89%E0%B8%B2+%E0%B8%81%E0%B8%94%E0%B8%AA%E0%B8%B4%E0%B8%A7+%E0%B8%81%E0%B8%B1%E0%B8%A7%E0%B8%8B%E0%B8%B2+%E0%B8%97%E0%B8%A3%E0%B8%B5%E0%B8%97%E0%B9%80%E0%B8%A1%E0%B9%89%E0%B8%99%E0%B8%95%E0%B9%8C%E0%B8%AB%E0%B8%99%E0%B9%89%E0%B8%B2%E0%B9%83%E0%B8%AA/data=!4m7!3m6!1s0x30fdab4dcaf730e9:0x130e75c4cca18def!8m2!3d12.5659505!4d99.9586657!16s%2Fg%2F11thqcr6rx!19sChIJ6TD3yk2r_TAR742hzMR1DhM?authuser=0&hl=en&rclk=1",4.6,0,,Facial spa,"174, 10 Phet Kasem Rd",Closed · Opens 10 am Fri · +66 80 837 5308,"Serena's Beauty Massage, Facials, Waxing & Massage นวดหน้า กดสิว กัวซา ทรีทเม้นต์หน้าใส
4.6
Facial spa · 174, 10 Phet Kasem Rd
Closed · Opens 10 am Fri · +66 80 837 5308

Directions",12.5684,99.95308490359301
0x99b81f58ff5f7ed:0x482bf7fa4e4f2ef8,Haven MD Clinic,https://www.google.com/maps/place/Haven+MD+Clinic/data=!4m7!3m6!1s0x99b81f58ff5f7ed:0x482bf7fa4e4f2ef8!8m2!3d12.5728511!4d99.9566716!16s%2Fg%2F11n99t8svc!19sChIJ7ff1j_WBmwkR-C5PTvr3K0g?authuser=0&hl=en&rclk=1,,0,,Specialized clinic,45 Hua Hin 55/1 Alley,,"Haven MD Clinic
No reviews
Specialized clinic · 45 Hua Hin 55/1 Alley
+66 82 161 8944

Website

Directions",12.5684,99.95308490359301
0x30fdabb27fb440bb:0x390683e5d66074c1,หัวหินคลินิกทันตกรรม,https://www.google.com/maps/place/%E0%B8%AB%E0%B8%B1%E0%B8%A7%E0%B8%AB%E0%B8%B4%E0%B8%99%E0%B8%84%E0%B8%A5%E0%B8%B4%E0%B8%99%E0%B8%B4%E0%B8%81%E0%B8%97%E0%B8%B1%E0%B8%99%E0%B8%95%E0%B8%81%E0%B8%A3%E0%B8%A3%E0%B8%A1/data=!4m7!3m6!1s0x30fdabb27fb440bb:0x390683e5d66074c1!8m2!3d12.5704839!4d99.9578434!16s%2Fg%2F1hf7fnzpj!19sChIJu0C0f7Kr_TARwXRg1uWDBjk?authuser=0&hl=en&rclk=1,4.0,0,,Medical clinic,"1/5, ถ.สระสรง, ต.หัวหิน อ.หัวหิน ประจวบคีรีขันธ์, 77110",,"หัวหินคลินิกทันตกรรม
4.0
Medical clinic · 1/5, ถ.สระสรง, ต.หัวหิน อ.หัวหิน ประจวบคีรีขันธ์, 77110
+66 87 547 8754

Directions",12.5684,99.95308490359301
0x30fdaaff8f41ef17:0xeae7ca0c361ca80c,ศรีสมัยคลีนิค - Srisamai clinic,https://www.google.com/maps/place/%E0%B8%A8%E0%B8%A3%E0%B8%B5%E0%B8%AA%E0%B8%A1%E0%B8%B1%E0%B8%A2%E0%B8%84%E0%B8%A5%E0%B8%B5%E0%B8%99%E0%B8%B4%E0%B8%84+-+Srisamai+clinic/data=!4m7!3m6!1s0x30fdaaff8f41ef17:0xeae7ca0c361ca80c!8m2!3d12.575932!4d99.946073!16s%2Fg%2F11gd67h70k!19sChIJF-9Bj_-q_TARDKgcNgzK5-o?authuser=0&hl=en&rclk=1,3.9,0,,Medical clinic,"HWGW+9CG, Huay Mongkol",Closed · Opens 9 am Fri · +66 32 511 193,"ศรีสมัยคลีนิค - Srisamai clinic
3.9
Medical clinic · HWGW+9CG, Huay Mongkol
Closed · Opens 9 am Fri · +66 32 511 193

Directions",12.5684,99.95308490359301
0x30fdaa52dfbae9c9:0x123dce9ffd75631,Hua Hin Heart Clinic,https://www.google.com/maps/place/Hua+Hin+Heart+Clinic/data=!4m7!3m6!1s0x30fdaa52dfbae9c9:0x123dce9ffd75631!8m2!3d12.5747879!4d99.9549439!16s%2Fg%2F11bt_nxxs3!19sChIJyem631Kq_TARMVbX_-ncIwE?authuser=0&hl=en&rclk=1,4.8,0,,Medical clinic, · 40/88 Phet Kasem Rd,Closed · Opens 5 pm Fri · +66 65 529 9954,"Hua Hin Heart Clinic
4.8
Medical clinic ·  · 40/88 Phet Kasem Rd
Closed · Opens 5 pm Fri · +66 65 529 9954

Directions",12.5684,99.95308490359301
0x30fdabd8f7678445:0x3cdd091cfaa218da,SKiNiZTA CLiNiC (สกินนิสต์ต้า คลินิกเวชกรรม และ คลินิกเด็กหมอฝน),https://www.google.com/maps/place/SKiNiZTA+CLiNiC+%28%E0%B8%AA%E0%B8%81%E0%B8%B4%E0%B8%99%E0%B8%99%E0%B8%B4%E0%B8%AA%E0%B8%95%E0%B9%8C%E0%B8%95%E0%B9%89%E0%B8%B2+%E0%B8%84%E0%B8%A5%E0%B8%B4%E0%B8%99%E0%B8%B4%E0%B8%81%E0%B9%80%E0%B8%A7%E0%B8%8A%E0%B8%81%E0%B8%A3%E0%B8%A3%E0%B8%A1+%E0%B9%81%E0%B8%A5%E0%B8%B0+%E0%B8%84%E0%B8%A5%E0%B8%B4%E0%B8%99%E0%B8%B4%E0%B8%81%E0%B9%80%E0%B8%94%E0%B9%87%E0%B8%81%E0%B8%AB%E0%B8%A1%E0%B8%AD%E0%B8%9D%E0%B8%99%29/data=!4m7!3m6!1s0x30fdabd8f7678445:0x3cdd091cfaa218da!8m2!3d12.5746463!4d99.9546459!16s%2Fg%2F11q2xz0v03!19sChIJRYRn99ir_TAR2hii-hwJ3Tw?authuser=0&hl=en&rclk=1,4.9,0,,Medical clinic,"34, 24 Phet Kasem Rd",Closed · Opens 1 pm Sun · +66 99 632 9669,"SKiNiZTA CLiNiC (สกินนิสต์ต้า คลินิกเวชกรรม และ คลินิกเด็กหมอฝน)
4.9
Medical clinic · 34, 24 Phet Kasem Rd
Closed · Opens 1 pm Sun · +66 99 632 9669

Directions",12.5684,99.95308490359301
0x30fdabad4554a0a7:0x42af00c5a34f6cb0,Murray Brown,https://www.google.com/maps/place/Murray+Brown/data=!4m7!3m6!1s0x30fdabad4554a0a7:0x42af00c5a34f6cb0!8m2!3d12.5711295!4d99.9569199!16s%2Fg%2F11dyx8ptrk!19sChIJp6BURa2r_TARsGxPo8UAr0I?authuser=0&hl=en&rclk=1,4.2,0,,Dental clinic,69/7-8 Phet Kasem Rd,Closed · Opens 9 am Fri · +66 86 344 5177,"Murray Brown
4.2
Dental clinic · 69/7-8 Phet Kasem Rd
Closed · Opens 9 am Fri · +66 86 344 5177

Website

Directions",12.5684,99.95308490359301
0x30fdab6a93c59a87:0x1469cda1ebc2d54d,Natchanan clinic,https://www.google.com/maps/place/Natchanan+clinic/data=!4m7!3m6!1s0x30fdab6a93c59a87:0x1469cda1ebc2d54d!8m2!3d12.5755928!4d99.9461435!16s%2Fg%2F11xs3c1wcp!19sChIJh5rFk2qr_TARTdXC66HNaRQ?authuser=0&hl=en&rclk=1,5.0,0,,Medical clinic,4 31 ซอย หัวหิน -หว้ยมงคล8,Closed · Opens 5 pm Fri · +66 91 738 6425,"Natchanan clinic
5.0
Medical clinic · 4 31 ซอย หัวหิน -หว้ยมงคล8
Closed · Opens 5 pm Fri · +66 91 738 6425

Website

Directions",12.5684,99.95308490359301
0x30fdaa53217639eb:0x52b05208fea72ef,Hua Hin Central Lab Clinic,https://www.google.com/maps/place/Hua+Hin+Central+Lab+Clinic/data=!4m7!3m6!1s0x30fdaa53217639eb:0x52b05208fea72ef!8m2!3d12.5774137!4d99.9533957!16s%2Fg%2F11b7c9wpk3!19sChIJ6zl2IVOq_TAR73LqjyAFKwU?authuser=0&hl=en&rclk=1,4.3,0,,Medical clinic, · 22 10 Phet Kasem Rd,Closed · Opens 7 am Fri · +66 32 513 524,"Hua Hin Central Lab Clinic
4.3
Medical clinic ·  · 22 10 Phet Kasem Rd
Closed · Opens 7 am Fri · +66 32 513 524

Website

Directions",12.5684,99.95308490359301
0x30fdab003016951f:0x9b86946b755f53b7,Bangkok Hua Hin Clinic : Market Village,https://www.google.com/maps/place/Bangkok+Hua+Hin+Clinic+:+Market+Village/data=!4m7!3m6!1s0x30fdab003016951f:0x9b86946b755f53b7!8m2!3d12.5573652!4d99.9607037!16s%2Fg%2F11lz446dlp!19sChIJH5UWMACr_TARt1NfdWuUhps?authuser=0&hl=en&rclk=1,4.7,0,,Medical clinic,231 1,Closed · Opens 9 am Fri · +66 32 616 816,"Bangkok Hua Hin Clinic : Market Village
4.7
Medical clinic · 231 1
Closed · Opens 9 am Fri · +66 32 616 816

Website

Directions",12.5684,99.95308490359301
0x30fdaa53a2a91059:0x429f0d8ec2dfa022,Phiradit Clinic,https://www.google.com/maps/place/Phiradit+Clinic/data=!4m7!3m6!1s0x30fdaa53a2a91059:0x429f0d8ec2dfa022!8m2!3d12.5771228!4d99.95345!16s%2Fg%2F1t_hwfnd!19sChIJWRCpolOq_TARIqDfwo4Nn0I?authuser=0&hl=en&rclk=1,5.0,0,,Medical clinic, · 22 ติดปาก 16 Phet Kasem Rd,Closed · Opens 5:30 pm Fri · +66 32 513 969,"Phiradit Clinic
5.0
Medical clinic ·  · 22 ติดปาก 16 Phet Kasem Rd
Closed · Opens 5:30 pm Fri · +66 32 513 969

Directions",12.5684,99.95308490359301
0x30fdabb1b7042a15:0x122993be5c7f10b,DeeDent Dental Clinic คลินิกทันตกรรม ดีเด้นท์,https://www.google.com/maps/place/DeeDent+Dental+Clinic+%E0%B8%84%E0%B8%A5%E0%B8%B4%E0%B8%99%E0%B8%B4%E0%B8%81%E0%B8%97%E0%B8%B1%E0%B8%99%E0%B8%95%E0%B8%81%E0%B8%A3%E0%B8%A3%E0%B8%A1+%E0%B8%94%E0%B8%B5%E0%B9%80%E0%B8%94%E0%B9%89%E0%B8%99%E0%B8%97%E0%B9%8C/data=!4m7!3m6!1s0x30fdabb1b7042a15:0x122993be5c7f10b!8m2!3d12.5654021!4d99.9592737!16s%2Fg%2F11d_x4dltg!19sChIJFSoEt7Gr_TARC_HH5TuZIgE?authuser=0&hl=en&rclk=1,4.0,0,,Dental clinic,"87, 9 Phet Kasem Rd",Closed · Opens 5 pm Fri · +66 97 074 7176,"DeeDent Dental Clinic คลินิกทันตกรรม ดีเด้นท์
4.0
Dental clinic · 87, 9 Phet Kasem Rd
Closed · Opens 5 pm Fri · +66 97 074 7176

Website

Directions",12.5684,99.95308490359301
0x30fdab6619945b2f:0x6ebbf9dd998419c1,รามอินทรา คลินิกความงาม สาขาหัวหิน,https://www.google.com/maps/place/%E0%B8%A3%E0%B8%B2%E0%B8%A1%E0%B8%AD%E0%B8%B4%E0%B8%99%E0%B8%97%E0%B8%A3%E0%B8%B2+%E0%B8%84%E0%B8%A5%E0%B8%B4%E0%B8%99%E0%B8%B4%E0%B8%81%E0%B8%84%E0%B8%A7%E0%B8%B2%E0%B8%A1%E0%B8%87%E0%B8%B2%E0%B8%A1+%E0%B8%AA%E0%B8%B2%E0%B8%82%E0%B8%B2%E0%B8%AB%E0%B8%B1%E0%B8%A7%E0%B8%AB%E0%B8%B4%E0%B8%99/data=!4m7!3m6!1s0x30fdab6619945b2f:0x6ebbf9dd998419c1!8m2!3d12.5701902!4d99.955593!16s%2Fg%2F11ss6yg65h!19sChIJL1uUGWar_TARwRmEmd35u24?authuser=0&hl=en&rclk=1,5.0,2,,Beauty salon,18 5 Sa Song Rd,Closed · Opens 11 am Fri · +66 90 988 0980,"รามอินทรา คลินิกความงาม สาขาหัวหิน
5.0(2)
Beauty salon · 18 5 Sa Song Rd
Closed · Opens 11 am Fri · +66 90 988 0980

Directions",12.5684,99.95308490359301
0x30fdab6a3e023563:0xfc60a1958bbd7fbc,Ve Clinic,https://www.google.com/maps/place/Ve+Clinic/data=!4m7!3m6!1s0x30fdab6a3e023563:0xfc60a1958bbd7fbc!8m2!3d12.5760535!4d99.9533844!16s%2Fg%2F11x5v4zz3f!19sChIJYzUCPmqr_TARvH-9i5WhYPw?authuser=0&hl=en&rclk=1,4.6,10,,Skin care clinic,26/1ซอยหัวหิน 68 ตำบลหัวหิน,Closed · Opens 11 am Fri · +66 95 285 9115,"Ve Clinic
4.6(10)
Skin care clinic · 26/1ซอยหัวหิน 68 ตำบลหัวหิน
Closed · Opens 11 am Fri · +66 95 285 9115

Directions
 
""Very good place and nice advice""",12.5684,99.95308490359301
0x30fdab162d1ed013:0xafa25468c93b2551,Dental House Clinic : คลินิกทันตกรรมเด็นทัลเฮ้าส์,https://www.google.com/maps/place/Dental+House+Clinic+:+%E0%B8%84%E0%B8%A5%E0%B8%B4%E0%B8%99%E0%B8%B4%E0%B8%81%E0%B8%97%E0%B8%B1%E0%B8%99%E0%B8%95%E0%B8%81%E0%B8%A3%E0%B8%A3%E0%B8%A1%E0%B9%80%E0%B8%94%E0%B9%87%E0%B8%99%E0%B8%97%E0%B8%B1%E0%B8%A5%E0%B9%80%E0%B8%AE%E0%B9%89%E0%B8%B2%E0%B8%AA%E0%B9%8C/data=!4m7!3m6!1s0x30fdab162d1ed013:0xafa25468c93b2551!8m2!3d12.5752407!4d99.9471318!16s%2Fg%2F11v64r8rf7!19sChIJE9AeLRar_TARUSU7yWhUoq8?authuser=0&hl=en&rclk=1,4.9,38,,Dental clinic,"4, 6 ซอย หัวหิน -หว้ยมงคล8",Closed · Opens 9 am Fri · +66 83 932 4747,"Dental House Clinic : คลินิกทันตกรรมเด็นทัลเฮ้าส์
4.9(38)
Dental clinic · 4, 6 ซอย หัวหิน -หว้ยมงคล8
Closed · Opens 9 am Fri · +66 83 932 4747

Directions
 
""Very professional, polite and painless service by experienced dentists.""",12.5684,99.95308490359301
0x30fdabacd9b652f7:0x9a006fcebad83240,Rawi Dental Clinic,https://www.google.com/maps/place/Rawi+Dental+Clinic/data=!4m7!3m6!1s0x30fdabacd9b652f7:0x9a006fcebad83240!8m2!3d12.5725591!4d99.9546524!16s%2Fg%2F1tgcvh_z!19sChIJ91K22ayr_TARQDLYus5vAJo?authuser=0&hl=en&rclk=1,3.4,8,,Dental clinic,39/4 Hua Hin 70 Rd,Closed · Opens 9 am Fri · +66 32 530 291,"Rawi Dental Clinic
3.4(8)
Dental clinic · 39/4 Hua Hin 70 Rd
Closed · Opens 9 am Fri · +66 32 530 291

Directions
 
""Dental cleaning was fast and good.""",12.5684,99.95308490359301
0x30fdab2bcfb29bb5:0x1bd6c76b01915739,Dr. CBD clinic,https://www.google.com/maps/place/Dr.+CBD+clinic/data=!4m7!3m6!1s0x30fdab2bcfb29bb5:0x1bd6c76b01915739!8m2!3d12.5642257!4d99.9591014!16s%2Fg%2F11rycg2ggk!19sChIJtZuyzyur_TAROVeRAWvH1hs?authuser=0&hl=en&rclk=1,,0,,Alternative medicine practitioner,218 1-4 Phet Kasem Rd,Closed · Opens 10 am Fri · +66 84 191 4926,"Dr. CBD clinic
No reviews
Alternative medicine practitioner · 218 1-4 Phet Kasem Rd
Closed · Opens 10 am Fri · +66 84 191 4926

Website

Directions",12.5684,99.95308490359301
0x30fdabb0d38fecdd:0xe80fb23f01b2bf6a,AnKang Acupuncture Clinic Huahin55 | คลินิกฝังเข็ม อันคัง หัวหินซอย55 | 安康中医诊所 | Akupunktur Huahin,https://www.google.com/maps/place/AnKang+Acupuncture+Clinic+Huahin55+%7C+%E0%B8%84%E0%B8%A5%E0%B8%B4%E0%B8%99%E0%B8%B4%E0%B8%81%E0%B8%9D%E0%B8%B1%E0%B8%87%E0%B9%80%E0%B8%82%E0%B9%87%E0%B8%A1+%E0%B8%AD%E0%B8%B1%E0%B8%99%E0%B8%84%E0%B8%B1%E0%B8%87+%E0%B8%AB%E0%B8%B1%E0%B8%A7%E0%B8%AB%E0%B8%B4%E0%B8%99%E0%B8%8B%E0%B8%AD%E0%B8%A255+%7C+%E5%AE%89%E5%BA%B7%E4%B8%AD%E5%8C%BB%E8%AF%8A%E6%89%80+%7C+Akupunktur+Huahin/data=!4m7!3m6!1s0x30fdabb0d38fecdd:0xe80fb23f01b2bf6a!8m2!3d12.573209!4d99.9564004!16s%2Fg%2F11flx_tflk!19sChIJ3eyP07Cr_TARar-yAT-yD-g?authuser=0&hl=en&rclk=1,4.8,20,,Acupuncture clinic,เลขที่ 27 Hua Hin 55 Chomsin Rd,Closed · Opens 10 am Fri · +66 95 928 5573,"AnKang Acupuncture Clinic Huahin55 | คลินิกฝังเข็ม อันคัง หัวหินซอย55 | 安康中医诊所 | Akupunktur Huahin
4.8(20)
Acupuncture clinic · เลขที่ 27 Hua Hin 55 Chomsin Rd
Closed · Opens 10 am Fri · +66 95 928 5573

Directions
 
""I could feel an improvement to the injured area after my first session.""
 

Book online",12.5684,99.95308490359301
0x30fdab3880d4ed5d:0x23b388cb8ee37813,Deva Clinic หัวหิน,https://www.google.com/maps/place/Deva+Clinic+%E0%B8%AB%E0%B8%B1%E0%B8%A7%E0%B8%AB%E0%B8%B4%E0%B8%99/data=!4m7!3m6!1s0x30fdab3880d4ed5d:0x23b388cb8ee37813!8m2!3d12.5760535!4d99.9533844!16s%2Fg%2F11st8g0775!19sChIJXe3UgDir_TARE3jjjsuIsyM?authuser=0&hl=en&rclk=1,5.0,1,,Skin care clinic,26/1 Hua Hin 68,Closed · Opens 10 am Fri · +66 62 558 6667,"Deva Clinic หัวหิน
5.0(1)
Skin care clinic · 26/1 Hua Hin 68
Closed · Opens 10 am Fri · +66 62 558 6667

Directions",12.5684,99.95308490359301
0x30fdabad48c56263:0xd0efc70a5c411d55,Hua Hin Veterinary Clinic,https://www.google.com/maps/place/Hua+Hin+Veterinary+Clinic/data=!4m7!3m6!1s0x30fdabad48c56263:0xd0efc70a5c411d55!8m2!3d12.5728732!4d99.9568732!16s%2Fg%2F1trc2dl1!19sChIJY2LFSK2r_TARVR1BXArH79A?authuser=0&hl=en&rclk=1,4.4,9,,Veterinary care,72 4 Naebkehardt Rd,Closed · Opens 10 am Fri · +66 32 530 213,"Hua Hin Veterinary Clinic
4.4(9)
Veterinary care · 72 4 Naebkehardt Rd
Closed · Opens 10 am Fri · +66 32 530 213

Directions
 
""explained everything and follow up treatment.""",12.5684,99.95308490359301
0x30fdabad5ca89b77:0x5c5efefa1e290492,Thawat Chai Dental Clinic,https://www.google.com/maps/place/Thawat+Chai+Dental+Clinic/data=!4m7!3m6!1s0x30fdabad5ca89b77:0x5c5efefa1e290492!8m2!3d12.5724475!4d99.9569621!16s%2Fg%2F1whdft8y!19sChIJd5uoXK2r_TARkgQpHvr-Xlw?authuser=0&hl=en&rclk=1,5.0,1,,Dental clinic,94 Naebkehardt Rd,Closed · Opens 9 am Fri · +66 81 841 8837,"Thawat Chai Dental Clinic
5.0(1)
Dental clinic · 94 Naebkehardt Rd
Closed · Opens 9 am Fri · +66 81 841 8837

Directions",12.5684,99.95308490359301
0x30fdaa5319eea7a3:0x98f98203176b8172,S-smile by Dr.Sirinate Dental Clinic คลินิกทันตกรรมเอสสไมล์,https://www.google.com/maps/place/S-smile+by+Dr.Sirinate+Dental+Clinic+%E0%B8%84%E0%B8%A5%E0%B8%B4%E0%B8%99%E0%B8%B4%E0%B8%81%E0%B8%97%E0%B8%B1%E0%B8%99%E0%B8%95%E0%B8%81%E0%B8%A3%E0%B8%A3%E0%B8%A1%E0%B9%80%E0%B8%AD%E0%B8%AA%E0%B8%AA%E0%B9%84%E0%B8%A1%E0%B8%A5%E0%B9%8C/data=!4m7!3m6!1s0x30fdaa5319eea7a3:0x98f98203176b8172!8m2!3d12.5750734!4d99.9544974!16s%2Fg%2F1tgdl00_!19sChIJo6fuGVOq_TARcoFrFwOC-Zg?authuser=0&hl=en&rclk=1,4.7,190,,Dentist,"34, 30 Phet Kasem Rd",Closed · Opens 10 am Fri · +66 92 239 3635,"S-smile by Dr.Sirinate Dental Clinic คลินิกทันตกรรมเอสสไมล์
4.7(190)
Dentist · 34, 30 Phet Kasem Rd
Closed · Opens 10 am Fri · +66 92 239 3635

Website

Directions
 
""I’m usually scared of dentist but they were very gentle and pretty painless.""",12.5684,99.95308490359301
0x30fdab7b75cdf5ef:0xb4879088079a5b1f,The wishes clinic huahin,https://www.google.com/maps/place/The+wishes+clinic+huahin/data=!4m7!3m6!1s0x30fdab7b75cdf5ef:0xb4879088079a5b1f!8m2!3d12.5743223!4d99.9475012!16s%2Fg%2F11pyp0mf62!19sChIJ7_XNdXur_TARH1uaB4iQh7Q?authuser=0&hl=en&rclk=1,,0,,Laser hair removal service,38 20 ซอย หัวหิน -หว้ยมงคล8,Closed · Opens 10 am Fri · +66 93 152 9687,"The wishes clinic huahin
No reviews
Laser hair removal service · 38 20 ซอย หัวหิน -หว้ยมงคล8
Closed · Opens 10 am Fri · +66 93 152 9687

Directions",12.5684,99.95308490359301
0x30fd019c90dca309:0xdb2239ae7bb49397,APEX Clinic - Market Village Huahin (เอเพ็กซ์ คลินิก มาร์เก็ตวิลเลจหัวหิน),https://www.google.com/maps/place/APEX+Clinic+-+Market+Village+Huahin+%28%E0%B9%80%E0%B8%AD%E0%B9%80%E0%B8%9E%E0%B9%87%E0%B8%81%E0%B8%8B%E0%B9%8C+%E0%B8%84%E0%B8%A5%E0%B8%B4%E0%B8%99%E0%B8%B4%E0%B8%81+%E0%B8%A1%E0%B8%B2%E0%B8%A3%E0%B9%8C%E0%B9%80%E0%B8%81%E0%B9%87%E0%B8%95%E0%B8%A7%E0%B8%B4%E0%B8%A5%E0%B9%80%E0%B8%A5%E0%B8%88%E0%B8%AB%E0%B8%B1%E0%B8%A7%E0%B8%AB%E0%B8%B4%E0%B8%99%29/data=!4m7!3m6!1s0x30fd019c90dca309:0xdb2239ae7bb49397!8m2!3d12.5577207!4d99.9601638!16s%2Fg%2F11srzm9jqh!19sChIJCaPckJwB_TARl5O0e645Its?authuser=0&hl=en&rclk=1,5.0,1324,,Skin care clinic,ห้อง S 342 ชั้น 3 เลขที่ 234/1 Phet Kasem Rd,Closed · Opens 10 am Fri · +66 94 536 4433,"APEX Clinic - Market Village Huahin (เอเพ็กซ์ คลินิก มาร์เก็ตวิลเลจหัวหิน)
5.0(1,324)
Skin care clinic · ห้อง S 342 ชั้น 3 เลขที่ 234/1 Phet Kasem Rd
Closed · Opens 10 am Fri · +66 94 536 4433

Website

Directions
 
""I had all leg hair removal and the process was fast and not painful at all!""
 

Book online",12.5684,99.95308490359301
0x30fdabadb9bf0321:0xa600e69c25e23394,Eyes and Dental clinic,https://www.google.com/maps/place/Eyes+and+Dental+clinic/data=!4m7!3m6!1s0x30fdabadb9bf0321:0xa600e69c25e23394!8m2!3d12.5694694!4d99.9553302!16s%2Fg%2F11csqdjf7m!19sChIJIQO_ua2r_TARlDPiJZzmAKY?authuser=0&hl=en&rclk=1,4.3,24,,Ophthalmologist,11/2 Hua Hin 74/2 Alley,Closed · Opens 5 pm Fri · +66 32 511 452,"Eyes and Dental clinic
4.3(24)
Ophthalmologist · 11/2 Hua Hin 74/2 Alley
Closed · Opens 5 pm Fri · +66 32 511 452

Directions
 
""Excellent service would highly recommend""",12.5684,99.95308490359301
0x30fdab8c29c108d5:0xcef9e66365b02fb6,iNoble Clinic ไอโนเบิ้ล คลินิก สาขาหัวหิน เสริมจมูก เสริมคาง ทำตา ปากกระจับ เสริมหน้าอก,https://www.google.com/maps/place/iNoble+Clinic+%E0%B9%84%E0%B8%AD%E0%B9%82%E0%B8%99%E0%B9%80%E0%B8%9A%E0%B8%B4%E0%B9%89%E0%B8%A5+%E0%B8%84%E0%B8%A5%E0%B8%B4%E0%B8%99%E0%B8%B4%E0%B8%81+%E0%B8%AA%E0%B8%B2%E0%B8%82%E0%B8%B2%E0%B8%AB%E0%B8%B1%E0%B8%A7%E0%B8%AB%E0%B8%B4%E0%B8%99+%E0%B9%80%E0%B8%AA%E0%B8%A3%E0%B8%B4%E0%B8%A1%E0%B8%88%E0%B8%A1%E0%B8%B9%E0%B8%81+%E0%B9%80%E0%B8%AA%E0%B8%A3%E0%B8%B4%E0%B8%A1%E0%B8%84%E0%B8%B2%E0%B8%87+%E0%B8%97%E0%B8%B3%E0%B8%95%E0%B8%B2+%E0%B8%9B%E0%B8%B2%E0%B8%81%E0%B8%81%E0%B8%A3%E0%B8%B0%E0%B8%88%E0%B8%B1%E0%B8%9A+%E0%B9%80%E0%B8%AA%E0%B8%A3%E0%B8%B4%E0%B8%A1%E0%B8%AB%E0%B8%99%E0%B9%89%E0%B8%B2%E0%B8%AD%E0%B8%81/data=!4m7!3m6!1s0x30fdab8c29c108d5:0xcef9e66365b02fb6!8m2!3d12.5628917!4d99.9597562!16s%2Fg%2F11tjvvqs07!19sChIJ1QjBKYyr_TARti-wZWPm-c4?authuser=0&hl=en&rclk=1,3.7,3,,Plastic surgery clinic,222 61 Phet Kasem Rd,Closed · Opens 12 pm Fri,"iNoble Clinic ไอโนเบิ้ล คลินิก สาขาหัวหิน เสริมจมูก เสริมคาง ทำตา ปากกระจับ เสริมหน้าอก
3.7(3)
Plastic surgery clinic · 222 61 Phet Kasem Rd
Closed · Opens 12 pm Fri

Directions",12.5684,99.95308490359301
0x30fdaa526ab218a1:0x4589fa860857ad47,Dr. Saran Clinic,https://www.google.com/maps/place/Dr.+Saran+Clinic/data=!4m7!3m6!1s0x30fdaa526ab218a1:0x4589fa860857ad47!8m2!3d12.5794451!4d99.9558586!16s%2Fg%2F1hc5qwlzt!19sChIJoRiyalKq_TARR61XCIb6iUU?authuser=0&hl=en&rclk=1,4.4,40,,Medical clinic,12 3 Hua Hin 51 Alley,Closed · Opens 7:30 am Fri · +66 32 510 118,"Dr. Saran Clinic
4.4(40)
Medical clinic · 12 3 Hua Hin 51 Alley
Closed · Opens 7:30 am Fri · +66 32 510 118

Directions
 
""Went in to see the doctor, he took a look and prescribed medicin.""",12.5684,99.95308490359301
0x30fdaa5291435e49:0x5557b10d3d57648e,Chaiwiwat Clinic ชัยวิวัชญ์การแพทย์,https://www.google.com/maps/place/Chaiwiwat+Clinic+%E0%B8%8A%E0%B8%B1%E0%B8%A2%E0%B8%A7%E0%B8%B4%E0%B8%A7%E0%B8%B1%E0%B8%8A%E0%B8%8D%E0%B9%8C%E0%B8%81%E0%B8%B2%E0%B8%A3%E0%B9%81%E0%B8%9E%E0%B8%97%E0%B8%A2%E0%B9%8C/data=!4m7!3m6!1s0x30fdaa5291435e49:0x5557b10d3d57648e!8m2!3d12.5754448!4d99.9567588!16s%2Fg%2F11cm3ryv1_!19sChIJSV5DkVKq_TARjmRXPQ2xV1U?authuser=0&hl=en&rclk=1,3.0,2,,Medical office,49/6 Naebkehardt Rd,Closed · Opens 12 pm Fri · +66 65 528 8895,"Chaiwiwat Clinic ชัยวิวัชญ์การแพทย์
3.0(2)
Medical office · 49/6 Naebkehardt Rd
Closed · Opens 12 pm Fri · +66 65 528 8895

Directions",12.5684,99.95308490359301
0x30fdabba567fc31f:0xc778d080d392e88,Nitipon Clinic,https://www.google.com/maps/place/Nitipon+Clinic/data=!4m7!3m6!1s0x30fdabba567fc31f:0xc778d080d392e88!8m2!3d12.5576031!4d99.9592569!16s%2Fg%2F1hc21jf1n!19sChIJH8N_Vrqr_TARiC45DQiNdww?authuser=0&hl=en&rclk=1,4.8,74,,General practitioner,หัวหิน มาร์เก็ต วิลเลช ห้องเลขที่ เอ 308 ชั้นที่ 3 234/1 ถ.เพชรเกษม ต.หัวหิน,Closed · Opens 11:30 am Fri · +66 90 197 7323,"Nitipon Clinic
4.8(74)
General practitioner · หัวหิน มาร์เก็ต วิลเลช ห้องเลขที่ เอ 308 ชั้นที่ 3 234/1 ถ.เพชรเกษม ต.หัวหิน
Closed · Opens 11:30 am Fri · +66 90 197 7323

Website

Directions
 
""Lovely staff I had the acne fascial, super relaxing.""",12.5684,99.95308490359301
0x30fdabbb9c2937a5:0x871fae07216fa5d7,AES CLASS CLINIC สาขาหัวหิน มาร์เก็ต วิลเลจ,https://www.google.com/maps/place/AES+CLASS+CLINIC+%E0%B8%AA%E0%B8%B2%E0%B8%82%E0%B8%B2%E0%B8%AB%E0%B8%B1%E0%B8%A7%E0%B8%AB%E0%B8%B4%E0%B8%99+%E0%B8%A1%E0%B8%B2%E0%B8%A3%E0%B9%8C%E0%B9%80%E0%B8%81%E0%B9%87%E0%B8%95+%E0%B8%A7%E0%B8%B4%E0%B8%A5%E0%B9%80%E0%B8%A5%E0%B8%88/data=!4m7!3m6!1s0x30fdabbb9c2937a5:0x871fae07216fa5d7!8m2!3d12.557563!4d99.960082!16s%2Fg%2F11cm045cjh!19sChIJpTcpnLur_TAR16VvIQeuH4c?authuser=0&hl=en&rclk=1,4.9,202,,Skin care clinic,Hua Hin 88/1 Alley,Closed · Opens 11 am Fri · +66 95 205 7194,"AES CLASS CLINIC สาขาหัวหิน มาร์เก็ต วิลเลจ
4.9(202)
Skin care clinic · Hua Hin 88/1 Alley
Closed · Opens 11 am Fri · +66 95 205 7194

Website

Directions
 
""I had Botox treatment, the staff were lovely and caring.""",12.5684,99.95308490359301
0x30fdab60838e61d9:0xfdf6e22deb2c5b81,มามิ คลินิก mami clinic,https://www.google.com/maps/place/%E0%B8%A1%E0%B8%B2%E0%B8%A1%E0%B8%B4+%E0%B8%84%E0%B8%A5%E0%B8%B4%E0%B8%99%E0%B8%B4%E0%B8%81+mami+clinic/data=!4m7!3m6!1s0x30fdab60838e61d9:0xfdf6e22deb2c5b81!8m2!3d12.5778567!4d99.9490922!16s%2Fg%2F11gvsh9q4_!19sChIJ2WGOg2Cr_TARgVss6y3i9v0?authuser=0&hl=en&rclk=1,5.0,82,,Skin care clinic,"11, 19 คันคลอง",Closed · Opens 11 am Fri · +66 94 478 9562,"มามิ คลินิก mami clinic
5.0(82)
Skin care clinic · 11, 19 คันคลอง
Closed · Opens 11 am Fri · +66 94 478 9562

Website

Directions
 
""Great professional doctor, happy with results and definitely will recommend.""
 

Book online",12.5684,99.95308490359301
0x30fdab8d90a99851:0x9681c3aa1c61a2ee,HelloGP Clinic - ฮัลโหลจีพี คลินิกเวชกรรม,https://www.google.com/maps/place/HelloGP+Clinic+-+%E0%B8%AE%E0%B8%B1%E0%B8%A5%E0%B9%82%E0%B8%AB%E0%B8%A5%E0%B8%88%E0%B8%B5%E0%B8%9E%E0%B8%B5+%E0%B8%84%E0%B8%A5%E0%B8%B4%E0%B8%99%E0%B8%B4%E0%B8%81%E0%B9%80%E0%B8%A7%E0%B8%8A%E0%B8%81%E0%B8%A3%E0%B8%A3%E0%B8%A1/data=!4m7!3m6!1s0x30fdab8d90a99851:0x9681c3aa1c61a2ee!8m2!3d12.5380204!4d99.9645351!16s%2Fg%2F11w3_fn0fl!19sChIJUZipkI2r_TAR7qJhHKrDgZY?authuser=0&hl=en&rclk=1,4.9,68,,Medical clinic," · 129/88, 1st Floor, Room No, 002 Soi Nong Kae",Closed · Opens 9 am Fri · +66 95 536 1688,"HelloGP Clinic - ฮัลโหลจีพี คลินิกเวชกรรม
4.9(68)
Medical clinic ·  · 129/88, 1st Floor, Room No, 002 Soi Nong Kae
Closed · Opens 9 am Fri · +66 95 536 1688

Website

Directions
 
""Great staff, clean environment and fair pricing.""",12.5684,99.95308490359301
0x30fdabf6a52b9f45:0x3fb3f650a4e5aa6,พลอยนภัสคลินิกทันตกรรม (Ploynapas Dental Clinic),https://www.google.com/maps/place/%E0%B8%9E%E0%B8%A5%E0%B8%AD%E0%B8%A2%E0%B8%99%E0%B8%A0%E0%B8%B1%E0%B8%AA%E0%B8%84%E0%B8%A5%E0%B8%B4%E0%B8%99%E0%B8%B4%E0%B8%81%E0%B8%97%E0%B8%B1%E0%B8%99%E0%B8%95%E0%B8%81%E0%B8%A3%E0%B8%A3%E0%B8%A1+%28Ploynapas+Dental+Clinic%29/data=!4m7!3m6!1s0x30fdabf6a52b9f45:0x3fb3f650a4e5aa6!8m2!3d12.5758269!4d99.945491!16s%2Fg%2F11gyym62yz!19sChIJRZ8rpfar_TARplpOCmU_-wM?authuser=0&hl=en&rclk=1,4.9,66,,Dental clinic,หนองพลับ 4/45 ซ.หมู่บ้านเขาน้อย Phet Kasem Rd,Closed · Opens 10 am Fri · +66 92 456 5524,"พลอยนภัสคลินิกทันตกรรม (Ploynapas Dental Clinic)
4.9(66)
Dental clinic · หนองพลับ 4/45 ซ.หมู่บ้านเขาน้อย Phet Kasem Rd
Closed · Opens 10 am Fri · +66 92 456 5524

Website

Directions
 
""Excellent Excellent Excellent dental service.""",12.5684,99.95308490359301
0x30fdabd58c30d7e3:0x3186699b453bc4bb,Cherlyn Clinic Huahin,https://www.google.com/maps/place/Cherlyn+Clinic+Huahin/data=!4m7!3m6!1s0x30fdabd58c30d7e3:0x3186699b453bc4bb!8m2!3d12.5577378!4d99.9603952!16s%2Fg%2F11v0h8kwfz!19sChIJ49cwjNWr_TARu8Q7RZtphjE?authuser=0&hl=en&rclk=1,4.5,32,,Beauty salon,ชั้น3 234/1 ห้องS 340 มาร์เก็ตวิลเลจ,Closed · Opens 11 am Fri · +66 63 193 2816,"Cherlyn Clinic Huahin
4.5(32)
Beauty salon · ชั้น3 234/1 ห้องS 340 มาร์เก็ตวิลเลจ
Closed · Opens 11 am Fri · +66 63 193 2816

Website

Directions",12.5684,99.95308490359301
0x30fdaa512ec4fa31:0x9f2aa93daf15999d,Chukiat Clinic,https://www.google.com/maps/place/Chukiat+Clinic/data=!4m7!3m6!1s0x30fdaa512ec4fa31:0x9f2aa93daf15999d!8m2!3d12.5817285!4d99.9525448!16s%2Fg%2F1td6ppf_!19sChIJMfrELlGq_TARnZkVrz2pKp8?authuser=0&hl=en&rclk=1,4.8,14,,Medical clinic,HXJ3+M2V,Closed · Opens 5 pm Fri · +66 32 530 328,"Chukiat Clinic
4.8(14)
Medical clinic · HXJ3+M2V
Closed · Opens 5 pm Fri · +66 32 530 328

Directions",12.5684,99.95308490359301
0x30fdaa526f57172f:0x12b97333a542237a,Krisada Skin Clinic,https://www.google.com/maps/place/Krisada+Skin+Clinic/data=!4m7!3m6!1s0x30fdaa526f57172f:0x12b97333a542237a!8m2!3d12.5770251!4d99.956673!16s%2Fg%2F1hm4c0w_6!19sChIJLxdXb1Kq_TAReiNCpTNzuRI?authuser=0&hl=en&rclk=1,4.9,7,,Health,3/8 Naebkehardt Rd,Closed · Opens 2 pm Sat · +66 81 255 5252,"Krisada Skin Clinic
4.9(7)
Health · 3/8 Naebkehardt Rd
Closed · Opens 2 pm Sat · +66 81 255 5252

Directions",12.5684,99.95308490359301
0x30fdab6628cbe67d:0x898c9939197cdbd1,Chevala wellness clinic,https://www.google.com/maps/place/Chevala+wellness+clinic/data=!4m7!3m6!1s0x30fdab6628cbe67d:0x898c9939197cdbd1!8m2!3d12.5475669!4d99.9622559!16s%2Fg%2F11s3zld6zw!19sChIJfebLKGar_TAR0dt8GTmZjIk?authuser=0&hl=en&rclk=1,5.0,66,,Skin care clinic,ชั้น 2 ห้างสรรพสินค้าบลูพอร์ต เลขที่ 8/89 ซอย หมู่บ้าน,Closed · Opens 10 am Fri · +66 96 191 2190,"Chevala wellness clinic
5.0(66)
Skin care clinic · ชั้น 2 ห้างสรรพสินค้าบลูพอร์ต เลขที่ 8/89 ซอย หมู่บ้าน
Closed · Opens 10 am Fri · +66 96 191 2190

Website

Directions
 
""Nice atmosphere, good treatment and best value!""",12.5684,99.95308490359301
0x30fdaa50d222f0c3:0xcdc125235558a346,Healthlab Clinic,https://www.google.com/maps/place/Healthlab+Clinic/data=!4m7!3m6!1s0x30fdaa50d222f0c3:0xcdc125235558a346!8m2!3d12.581669!4d99.9525957!16s%2Fg%2F1hhkvs5_w!19sChIJw_Ai0lCq_TARRqNYVSMlwc0?authuser=0&hl=en&rclk=1,4.9,212,,Medical laboratory,Soi 47,Closed · Opens 7 am Fri · +66 94 494 5649,"Healthlab Clinic
4.9(212)
Medical laboratory · Soi 47
Closed · Opens 7 am Fri · +66 94 494 5649

Website

Directions
 
""Very clean efficient and totally painless service.""",12.5684,99.95308490359301
0x30fdab0022648db7:0x81bf4f13a684b8c3,BeBorn Clinic คลินิกอายุรกรรม ทุกวันพุธ โรคเลือด โรคทั่วไป เบาหวาน ความดัน ไขมัน Hemotologist General medicine,https://www.google.com/maps/place/BeBorn+Clinic+%E0%B8%84%E0%B8%A5%E0%B8%B4%E0%B8%99%E0%B8%B4%E0%B8%81%E0%B8%AD%E0%B8%B2%E0%B8%A2%E0%B8%B8%E0%B8%A3%E0%B8%81%E0%B8%A3%E0%B8%A3%E0%B8%A1+%E0%B8%97%E0%B8%B8%E0%B8%81%E0%B8%A7%E0%B8%B1%E0%B8%99%E0%B8%9E%E0%B8%B8%E0%B8%98+%E0%B9%82%E0%B8%A3%E0%B8%84%E0%B9%80%E0%B8%A5%E0%B8%B7%E0%B8%AD%E0%B8%94+%E0%B9%82%E0%B8%A3%E0%B8%84%E0%B8%97%E0%B8%B1%E0%B9%88%E0%B8%A7%E0%B9%84%E0%B8%9B+%E0%B9%80%E0%B8%9A%E0%B8%B2%E0%B8%AB%E0%B8%A7%E0%B8%B2%E0%B8%99+%E0%B8%84%E0%B8%A7%E0%B8%B2%E0%B8%A1%E0%B8%94%E0%B8%B1%E0%B8%99+%E0%B9%84%E0%B8%82%E0%B8%A1%E0%B8%B1%E0%B8%99+Hemotologist+General+medicine/data=!4m7!3m6!1s0x30fdab0022648db7:0x81bf4f13a684b8c3!8m2!3d12.5791892!4d99.9529196!16s%2Fg%2F11y_k2wfsp!19sChIJt41kIgCr_TARw7iEphNPv4E?authuser=0&hl=en&rclk=1,,0,,Medical clinic,16/5 Phet Kasem Rd,Closed · Opens 5 pm Wed · +66 97 549 9536,"BeBorn Clinic คลินิกอายุรกรรม ทุกวันพุธ โรคเลือด โรคทั่วไป เบาหวาน ความดัน ไขมัน Hemotologist General medicine
No reviews
Medical clinic · 16/5 Phet Kasem Rd
Closed · Opens 5 pm Wed · +66 97 549 9536

Website

Directions",12.5684,99.95308490359301
0x30fdabddf73b4bfb:0xa24d4c94827ac242,Aurapin Wellness Clinic,https://www.google.com/maps/place/Aurapin+Wellness+Clinic/data=!4m7!3m6!1s0x30fdabddf73b4bfb:0xa24d4c94827ac242!8m2!3d12.5815796!4d99.9554904!16s%2Fg%2F11lthydmz4!19sChIJ-0s7992r_TARQsJ6gpRMTaI?authuser=0&hl=en&rclk=1,5.0,29,,Wellness center,"8, 18 Neab Kehaad Road",Closed · Opens 12 pm Fri · +66 82 213 6578,"Aurapin Wellness Clinic
5.0(29)
Wellness center · 8, 18 Neab Kehaad Road
Closed · Opens 12 pm Fri · +66 82 213 6578

Website

Directions
 
""The clinic was spotless, and the staff was exceptionally friendly.""",12.5684,99.95308490359301
0x30fdab0027a8880b:0xb41d643729bb59af,Dr. Somkiat Clinic,https://www.google.com/maps/place/Dr.+Somkiat+Clinic/data=!4m7!3m6!1s0x30fdab0027a8880b:0xb41d643729bb59af!8m2!3d12.581719!4d99.9525743!16s%2Fg%2F11vpx_h6k_!19sChIJC4ioJwCr_TARr1m7KTdkHbQ?authuser=0&hl=en&rclk=1,5.0,2,,Medical clinic,"13, 29 Phet Kasem Rd",,"Dr. Somkiat Clinic
5.0(2)
Medical clinic · 13, 29 Phet Kasem Rd

Directions",12.5684,99.95308490359301
0x30fdabadfdc033d3:0xf268cb7ec75ff64f,Chalerm Prakiat Red Cross Health Centre,https://www.google.com/maps/place/Chalerm+Prakiat+Red+Cross+Health+Centre/data=!4m7!3m6!1s0x30fdabadfdc033d3:0xf268cb7ec75ff64f!8m2!3d12.5677532!4d99.9572346!16s%2Fg%2F1hm5npx8k!19sChIJ0zPA_a2r_TART_Zfx37LaPI?authuser=0&hl=en&rclk=1,4.3,30,,Health, · HX94+4V5,Closed · Opens 8:30 am Fri · +66 32 511 024,"Chalerm Prakiat Red Cross Health Centre
4.3(30)
Health ·  · HX94+4V5
Closed · Opens 8:30 am Fri · +66 32 511 024

Directions
 
""Lucky to have in Hua Hin.""",12.5684,99.95308490359301
0x30fdab2f65e95d2b:0x735ba6ca45f4d302,"Greenfields Farmers Agriculture, Medical Health Clinic","https://www.google.com/maps/place/Greenfields+Farmers+Agriculture,+Medical+Health+Clinic/data=!4m7!3m6!1s0x30fdab2f65e95d2b:0x735ba6ca45f4d302!8m2!3d12.5542608!4d99.9569139!16s%2Fg%2F11v0s_kfnm!19sChIJK13pZS-r_TARAtP0RcqmW3M?authuser=0&hl=en&rclk=1",4.9,287,,Medical clinic,A 34/208 Mubann Tanglotfaifangtawantok soi 94 T,Closes soon · 11 pm · Opens 3 pm Fri · +66 92 859 9742,"Greenfields Farmers Agriculture, Medical Health Clinic
4.9(287)
Medical clinic · A 34/208 Mubann Tanglotfaifangtawantok soi 94 T
Closes soon · 11 pm · Opens 3 pm Fri · +66 92 859 9742

Website

Directions
 
""They do things by the book, and require a prescription.""",12.5684,99.95308490359301
0x30fdab0057324ab1:0xc027b6c331c9025c,BeBorn Clinic คลินิกผู้หญิงหมอรัตน์ สูติ นรีแพทย์ และมะเร็งสตรี รพ.หัวหิน-ประจวบ ฝากท้อง คลอดผ่าตัดซีสต์ ตรวจภายใน มีบุตร,https://www.google.com/maps/place/BeBorn+Clinic+%E0%B8%84%E0%B8%A5%E0%B8%B4%E0%B8%99%E0%B8%B4%E0%B8%81%E0%B8%9C%E0%B8%B9%E0%B9%89%E0%B8%AB%E0%B8%8D%E0%B8%B4%E0%B8%87%E0%B8%AB%E0%B8%A1%E0%B8%AD%E0%B8%A3%E0%B8%B1%E0%B8%95%E0%B8%99%E0%B9%8C+%E0%B8%AA%E0%B8%B9%E0%B8%95%E0%B8%B4+%E0%B8%99%E0%B8%A3%E0%B8%B5%E0%B9%81%E0%B8%9E%E0%B8%97%E0%B8%A2%E0%B9%8C+%E0%B9%81%E0%B8%A5%E0%B8%B0%E0%B8%A1%E0%B8%B0%E0%B9%80%E0%B8%A3%E0%B9%87%E0%B8%87%E0%B8%AA%E0%B8%95%E0%B8%A3%E0%B8%B5+%E0%B8%A3%E0%B8%9E.%E0%B8%AB%E0%B8%B1%E0%B8%A7%E0%B8%AB%E0%B8%B4%E0%B8%99-%E0%B8%9B%E0%B8%A3%E0%B8%B0%E0%B8%88%E0%B8%A7%E0%B8%9A+%E0%B8%9D%E0%B8%B2%E0%B8%81%E0%B8%97%E0%B9%89%E0%B8%AD%E0%B8%87+%E0%B8%84%E0%B8%A5%E0%B8%AD%E0%B8%94%E0%B8%9C%E0%B9%88%E0%B8%B2%E0%B8%95%E0%B8%B1%E0%B8%94%E0%B8%8B%E0%B8%B5%E0%B8%AA%E0%B8%95%E0%B9%8C+%E0%B8%95%E0%B8%A3%E0%B8%A7%E0%B8%88%E0%B8%A0%E0%B8%B2%E0%B8%A2%E0%B9%83%E0%B8%99+%E0%B8%A1%E0%B8%B5%E0%B8%9A%E0%B8%B8%E0%B8%95%E0%B8%A3/data=!4m7!3m6!1s0x30fdab0057324ab1:0xc027b6c331c9025c!8m2!3d12.57911!4d99.9528918!16s%2Fg%2F11w44089yk!19sChIJsUoyVwCr_TARXALJMcO2J8A?authuser=0&hl=en&rclk=1,4.6,51,,Women's health clinic,16/3 Phet Kasem Rd,Closed · Opens 5 pm Fri · +66 95 743 7169,"BeBorn Clinic คลินิกผู้หญิงหมอรัตน์ สูติ นรีแพทย์ และมะเร็งสตรี รพ.หัวหิน-ประจวบ ฝากท้อง คลอดผ่าตัดซีสต์ ตรวจภายใน มีบุตร
4.6(51)
Women's health clinic · 16/3 Phet Kasem Rd
Closed · Opens 5 pm Fri · +66 95 743 7169

Website

Directions
 
""The reception staff and doctor were polite and professional.""",12.5684,99.95308490359301
0x30fdab007fe9f8c7:0xe18c5396bbf494cc,Booming Clinic สาขาหัวหิน,https://www.google.com/maps/place/Booming+Clinic+%E0%B8%AA%E0%B8%B2%E0%B8%82%E0%B8%B2%E0%B8%AB%E0%B8%B1%E0%B8%A7%E0%B8%AB%E0%B8%B4%E0%B8%99/data=!4m7!3m6!1s0x30fdab007fe9f8c7:0xe18c5396bbf494cc!8m2!3d12.5836161!4d99.949212!16s%2Fg%2F11ydg601sz!19sChIJx_jpfwCr_TARzJT0u5ZTjOE?authuser=0&hl=en&rclk=1,5.0,40,,Beauty salon,5 233 ซอยบ้านเขาน้อย,Closed · Opens 10 am Fri · +66 61 286 8669,"Booming Clinic สาขาหัวหิน
5.0(40)
Beauty salon · 5 233 ซอยบ้านเขาน้อย
Closed · Opens 10 am Fri · +66 61 286 8669

Website

Directions
 
""Good service""",12.5684,99.95308490359301
0x30fdaba6b194068f:0xc917a80e78d8feb8,Lifestyle Dental Clinic สาขา Market Village หัวหิน,https://www.google.com/maps/place/Lifestyle+Dental+Clinic+%E0%B8%AA%E0%B8%B2%E0%B8%82%E0%B8%B2+Market+Village+%E0%B8%AB%E0%B8%B1%E0%B8%A7%E0%B8%AB%E0%B8%B4%E0%B8%99/data=!4m7!3m6!1s0x30fdaba6b194068f:0xc917a80e78d8feb8!8m2!3d12.5579187!4d99.9592129!16s%2Fg%2F11x6d4vzps!19sChIJjwaUsaar_TARuP7YeA6oF8k?authuser=0&hl=en&rclk=1,4.8,100,,Dental clinic,234/1 ชั้น 3 ห้อง S344/2 ศูนย์การค้ามาร์เก็ตวิลเลจหัวหิน Phet Kasem Rd,Closed · Opens 10:30 am Fri · +66 89 482 2220,"Lifestyle Dental Clinic สาขา Market Village หัวหิน
4.8(100)
Dental clinic · 234/1 ชั้น 3 ห้อง S344/2 ศูนย์การค้ามาร์เก็ตวิลเลจหัวหิน Phet Kasem Rd
Closed · Opens 10:30 am Fri · +66 89 482 2220

Website

Directions
 
""The dentist was very professional and the clinic was very clean and modern.""",12.5684,99.95308490359301
0x30fdab51b02271cb:0x482214b848440a44,Baan Din Body Herbal Clinic,https://www.google.com/maps/place/Baan+Din+Body+Herbal+Clinic/data=!4m7!3m6!1s0x30fdab51b02271cb:0x482214b848440a44!8m2!3d12.5577125!4d99.9464025!16s%2Fg%2F11wfsrhlc3!19sChIJy3EisFGr_TARRApESLgUIkg?authuser=0&hl=en&rclk=1,5.0,13,,Women's health clinic,23/720,Closed · Opens 11 am Fri · +66 98 795 4659,"Baan Din Body Herbal Clinic
5.0(13)
Women's health clinic · 23/720
Closed · Opens 11 am Fri · +66 98 795 4659

Directions
 
""After just two treatments, I’ve noticed a significant improvement.""",12.5684,99.95308490359301
0x30fdabbb4f3b5a33:0xccea944d7c38a8ac,Mercury Clinic สาขา Market Village Huahin,https://www.google.com/maps/place/Mercury+Clinic+%E0%B8%AA%E0%B8%B2%E0%B8%82%E0%B8%B2+Market+Village+Huahin/data=!4m7!3m6!1s0x30fdabbb4f3b5a33:0xccea944d7c38a8ac!8m2!3d12.5573984!4d99.9582559!16s%2Fg%2F11ggng2kcj!19sChIJM1o7T7ur_TARrKg4fE2U6sw?authuser=0&hl=en&rclk=1,3.0,2,,Doctor,HX45+X82,,"Mercury Clinic สาขา Market Village Huahin
3.0(2)
Doctor · HX45+X82

Directions",12.5684,99.95308490359301
0x30fdab705bdb43bf:0x850a210de7ddcd9b,บ้านแว่นรักษ์ตา Rak Ta Glasses,https://www.google.com/maps/place/%E0%B8%9A%E0%B9%89%E0%B8%B2%E0%B8%99%E0%B9%81%E0%B8%A7%E0%B9%88%E0%B8%99%E0%B8%A3%E0%B8%B1%E0%B8%81%E0%B8%A9%E0%B9%8C%E0%B8%95%E0%B8%B2+Rak+Ta+Glasses/data=!4m7!3m6!1s0x30fdab705bdb43bf:0x850a210de7ddcd9b!8m2!3d12.5669012!4d99.9551609!16s%2Fg%2F11wqr91_qg!19sChIJv0PbW3Cr_TARm83d5w0hCoU?authuser=0&hl=en&rclk=1,5.0,3,,Sunglasses store,ห้อง 53 โครงการ เรลี่เวย์ พลาซ่า ทูเดย์ Damnoen Kasam Alley,Closed · Opens 9 am Fri · +66 65 552 6997,"บ้านแว่นรักษ์ตา Rak Ta Glasses
5.0(3)
Sunglasses store · ห้อง 53 โครงการ เรลี่เวย์ พลาซ่า ทูเดย์ Damnoen Kasam Alley
Closed · Opens 9 am Fri · +66 65 552 6997

Website

Directions
 
In-store shopping
·
Kerbside pickup
·
Delivery",12.5684,99.95308490359301
0x30fdabbb74ffcf23:0x49733a70b1bab5ef,Harmony Clinic,https://www.google.com/maps/place/Harmony+Clinic/data=!4m7!3m6!1s0x30fdabbb74ffcf23:0x49733a70b1bab5ef!8m2!3d12.557573!4d99.960301!16s%2Fg%2F11f1tbnn95!19sChIJI8__dLur_TAR77W6sXA6c0k?authuser=0&hl=en&rclk=1,3.7,7,,Beauty salon,HX56+24F,Closed · Opens 11 am Fri · +66 95 917 7737,"Harmony Clinic
3.7(7)
Beauty salon · HX56+24F
Closed · Opens 11 am Fri · +66 95 917 7737

Directions
 
""Good service""",12.5684,99.95308490359301
0x30fdaba2ee8fd12d:0xdf91845418ca36a3,Hua Hin Physiotherapy Clinic / คลินิกหัวหินกายภาพบำบัด,https://www.google.com/maps/place/Hua+Hin+Physiotherapy+Clinic+%2F+%E0%B8%84%E0%B8%A5%E0%B8%B4%E0%B8%99%E0%B8%B4%E0%B8%81%E0%B8%AB%E0%B8%B1%E0%B8%A7%E0%B8%AB%E0%B8%B4%E0%B8%99%E0%B8%81%E0%B8%B2%E0%B8%A2%E0%B8%A0%E0%B8%B2%E0%B8%9E%E0%B8%9A%E0%B8%B3%E0%B8%9A%E0%B8%B1%E0%B8%94/data=!4m7!3m6!1s0x30fdaba2ee8fd12d:0xdf91845418ca36a3!8m2!3d12.5526815!4d99.9558734!16s%2Fg%2F11bwp1hnd9!19sChIJLdGP7qKr_TARozbKGFSEkd8?authuser=0&hl=en&rclk=1,4.6,33,,Physical therapy clinic, · 31 665 Soi 94,Closed · Opens 9 am Fri · +66 86 699 2829,"Hua Hin Physiotherapy Clinic / คลินิกหัวหินกายภาพบำบัด
4.6(33)
Physical therapy clinic ·  · 31 665 Soi 94
Closed · Opens 9 am Fri · +66 86 699 2829

Website

Directions
 
""All treatments are done within a relaxed, friendly environment.""",12.5684,99.95308490359301
0x30fdaba5ce9fa819:0x5f2555fb98650be7,Family Pet Clinic คลินิกรักษาสัตว์,https://www.google.com/maps/place/Family+Pet+Clinic+%E0%B8%84%E0%B8%A5%E0%B8%B4%E0%B8%99%E0%B8%B4%E0%B8%81%E0%B8%A3%E0%B8%B1%E0%B8%81%E0%B8%A9%E0%B8%B2%E0%B8%AA%E0%B8%B1%E0%B8%95%E0%B8%A7%E0%B9%8C/data=!4m7!3m6!1s0x30fdaba5ce9fa819:0x5f2555fb98650be7!8m2!3d12.5597939!4d99.9530482!16s%2Fg%2F11c2pft1v7!19sChIJGaifzqWr_TAR5wtlmPtVJV8?authuser=0&hl=en&rclk=1,5.0,5,,Veterinarian,5/401 Soi 94,Closed · Opens 12 pm Fri · +66 88 684 6599,"Family Pet Clinic คลินิกรักษาสัตว์
5.0(5)
Veterinarian · 5/401 Soi 94
Closed · Opens 12 pm Fri · +66 88 684 6599

Directions",12.5684,99.95308490359301
0x30fdaa50cce5a2e5:0x34db833839f803ee,Anya Clinic คลินิกเสริมความงาม,https://www.google.com/maps/place/Anya+Clinic+%E0%B8%84%E0%B8%A5%E0%B8%B4%E0%B8%99%E0%B8%B4%E0%B8%81%E0%B9%80%E0%B8%AA%E0%B8%A3%E0%B8%B4%E0%B8%A1%E0%B8%84%E0%B8%A7%E0%B8%B2%E0%B8%A1%E0%B8%87%E0%B8%B2%E0%B8%A1/data=!4m7!3m6!1s0x30fdaa50cce5a2e5:0x34db833839f803ee!8m2!3d12.5830768!4d99.9522734!16s%2Fg%2F11g9qn0s3d!19sChIJ5aLlzFCq_TAR7gP4OTiD2zQ?authuser=0&hl=en&rclk=1,4.8,22,,Beauty salon,อัญญาคลินิก 11/153 Phet Kasem Rd,Closed · Opens 12 pm Fri · +66 98 250 8090,"Anya Clinic คลินิกเสริมความงาม
4.8(22)
Beauty salon · อัญญาคลินิก 11/153 Phet Kasem Rd
Closed · Opens 12 pm Fri · +66 98 250 8090

Website

Directions
 
""It made the experience feel genuine and focused on my concerns.""",12.5684,99.95308490359301
0x30fdaba4f4c1b63d:0x2c2a48d6288ca8d6,คลินิคหมอประกาศิต,https://www.google.com/maps/place/%E0%B8%84%E0%B8%A5%E0%B8%B4%E0%B8%99%E0%B8%B4%E0%B8%84%E0%B8%AB%E0%B8%A1%E0%B8%AD%E0%B8%9B%E0%B8%A3%E0%B8%B0%E0%B8%81%E0%B8%B2%E0%B8%A8%E0%B8%B4%E0%B8%95/data=!4m7!3m6!1s0x30fdaba4f4c1b63d:0x2c2a48d6288ca8d6!8m2!3d12.5581156!4d99.9551039!16s%2Fg%2F11fzcj76zk!19sChIJPbbB9KSr_TAR1qiMKNZIKiw?authuser=0&hl=en&rclk=1,4.9,0,,Medical clinic, · HX54+62X,Closed · Opens 5 pm Mon · +66 96 406 4556,"คลินิคหมอประกาศิต
4.9
Medical clinic ·  · HX54+62X
Closed · Opens 5 pm Mon · +66 96 406 4556

Directions",12.564498984667638,99.9553924517965
0x30fdab840abe8feb:0xcfee32d56a90742c,Thaikanya by Dr.Cannabis Natural Medicine @Villa Market Huahin,https://www.google.com/maps/place/Thaikanya+by+Dr.Cannabis+Natural+Medicine+@Villa+Market+Huahin/data=!4m7!3m6!1s0x30fdab840abe8feb:0xcfee32d56a90742c!8m2!3d12.5642257!4d99.9591014!16s%2Fg%2F11shky7t58!19sChIJ64--CoSr_TARLHSQatUy7s8?authuser=0&hl=en&rclk=1,4.7,0,,Alternative medicine practitioner,"Villa Market, 218 Phet Kasem Rd",Closed · Opens 10 am Fri · +66 98 258 9494,"Thaikanya by Dr.Cannabis Natural Medicine @Villa Market Huahin
4.7
Alternative medicine practitioner · Villa Market, 218 Phet Kasem Rd
Closed · Opens 10 am Fri · +66 98 258 9494

Website

Directions",12.564498984667638,99.9553924517965
0x30fdabb040b887b1:0xd441f5ee2e743cf,San Paulo Hospital,https://www.google.com/maps/place/San+Paulo+Hospital/data=!4m7!3m6!1s0x30fdabb040b887b1:0xd441f5ee2e743cf!8m2!3d12.5638876!4d99.9596258!16s%2Fg%2F1vgwz5y4!19sChIJsYe4QLCr_TARz0Pn4l4fRA0?authuser=0&hl=en&rclk=1,3.6,0,,Private hospital, · 222 Phet Kasem Rd,Open 24 hours · +66 32 532 576,"San Paulo Hospital
3.6
Private hospital ·  · 222 Phet Kasem Rd
Open 24 hours · +66 32 532 576

Website

Directions",12.564498984667638,99.9553924517965
0x30fdaba50b17bcfb:0x691ff7c1c3bf7206,หมอภาณุพงศ์คลินิกเวชกรรม,https://www.google.com/maps/place/%E0%B8%AB%E0%B8%A1%E0%B8%AD%E0%B8%A0%E0%B8%B2%E0%B8%93%E0%B8%B8%E0%B8%9E%E0%B8%87%E0%B8%A8%E0%B9%8C%E0%B8%84%E0%B8%A5%E0%B8%B4%E0%B8%99%E0%B8%B4%E0%B8%81%E0%B9%80%E0%B8%A7%E0%B8%8A%E0%B8%81%E0%B8%A3%E0%B8%A3%E0%B8%A1/data=!4m7!3m6!1s0x30fdaba50b17bcfb:0x691ff7c1c3bf7206!8m2!3d12.5606726!4d99.9551151!16s%2Fg%2F11gtcy4024!19sChIJ-7wXC6Wr_TARBnK_w8H3H2k?authuser=0&hl=en&rclk=1,3.4,0,,,,Open 24 hours,"หมอภาณุพงศ์คลินิกเวชกรรม
3.4
HX64+729, Hua Hin 88 Rd
Open 24 hours

Directions",12.564498984667638,99.9553924517965
0x30fdab3bec1a492b:0xbb3144f86cabb5d9,Orn In Massage,https://www.google.com/maps/place/Orn+In+Massage/data=!4m7!3m6!1s0x30fdab3bec1a492b:0xbb3144f86cabb5d9!8m2!3d12.5606017!4d99.9532119!16s%2Fg%2F11yym06d2b!19sChIJK0ka7Dur_TAR2bWrbPhEMbs?authuser=0&hl=en&rclk=1,5.0,0,,Massage spa,"5, 117 หมู่บ้านทางรถไฟ",Closes soon · 11 pm · Opens 9 am Fri · +66 97 994 9737,"Orn In Massage
5.0
Massage spa · 5, 117 หมู่บ้านทางรถไฟ
Closes soon · 11 pm · Opens 9 am Fri · +66 97 994 9737

Directions",12.564498984667638,99.9553924517965
0x30fdabbb423e0181:0xdf145999edb4bc62,KANCHANOK CLINIC,https://www.google.com/maps/place/KANCHANOK+CLINIC/data=!4m7!3m6!1s0x30fdabbb423e0181:0xdf145999edb4bc62!8m2!3d12.5573808!4d99.958984!16s%2Fg%2F11c5sdmq3h!19sChIJgQE-Qrur_TARYry07ZlZFN8?authuser=0&hl=en&rclk=1,,0,,Skin care clinic,Hua Hin 88/1 Alley,,"KANCHANOK CLINIC
No reviews
Skin care clinic · Hua Hin 88/1 Alley
+66 32 526 244

Directions",12.564498984667638,99.9553924517965
0x30fdab309502d2f1:0x225cfab2c849bcfc,AndroUrology - M.D. Panupong,https://www.google.com/maps/place/AndroUrology+-+M.D.+Panupong/data=!4m7!3m6!1s0x30fdab309502d2f1:0x225cfab2c849bcfc!8m2!3d12.5606591!4d99.9550737!16s%2Fg%2F11hygxb5f9!19sChIJ8dIClTCr_TAR_LxJyLL6XCI?authuser=0&hl=en&rclk=1,3.5,8,,Urologist,44 Hua Hin 88 Rd,Closed · Opens 8 pm Fri · +66 99 441 9044,"AndroUrology - M.D. Panupong
3.5(8)
Urologist · 44 Hua Hin 88 Rd
Closed · Opens 8 pm Fri · +66 99 441 9044

Directions
 
""Very prompt and efficient.""",12.564498984667638,99.9553924517965
0x30fdabba56e6dc33:0x249c8a6af595fa7b,Perfect Smile Dental Clinic Hua Hin by Dr.Supansa,https://www.google.com/maps/place/Perfect+Smile+Dental+Clinic+Hua+Hin+by+Dr.Supansa/data=!4m7!3m6!1s0x30fdabba56e6dc33:0x249c8a6af595fa7b!8m2!3d12.5597546!4d99.9607933!16s%2Fg%2F12cnvs7b5!19sChIJM9zmVrqr_TARe_qV9WqKnCQ?authuser=0&hl=en&rclk=1,4.3,45,,Dentist,113 9 Phet Kasem Rd,Closed · Opens 9 am Fri · +66 97 392 4916,"Perfect Smile Dental Clinic Hua Hin by Dr.Supansa
4.3(45)
Dentist · 113 9 Phet Kasem Rd
Closed · Opens 9 am Fri · +66 97 392 4916

Directions
 
""Very happy with the results and professional results""",12.564498984667638,99.9553924517965
0x30fdab074743591b:0xfa6728bd4b90a645,Vaccination registration point,https://www.google.com/maps/place/Vaccination+registration+point/data=!4m7!3m6!1s0x30fdab074743591b:0xfa6728bd4b90a645!8m2!3d12.5575812!4d99.9594402!16s%2Fg%2F11q1w3772y!19sChIJG1lDRwer_TARRaaQS70oZ_o?authuser=0&hl=en&rclk=1,,0,,Medical group,HX55+2QP Market village,Closed · Opens 10 am Fri,"Vaccination registration point
No reviews
Medical group · HX55+2QP Market village
Closed · Opens 10 am Fri

Directions",12.564498984667638,99.9553924517965
0x30fdabbb458dd7b1:0x28010de54594b25b,WUTTISAK CLINIC,https://www.google.com/maps/place/WUTTISAK+CLINIC/data=!4m7!3m6!1s0x30fdabbb458dd7b1:0x28010de54594b25b!8m2!3d12.557324!4d99.9584272!16s%2Fg%2F11csqz2mzx!19sChIJsdeNRbur_TARW7KUReUNASg?authuser=0&hl=en&rclk=1,,0,,Skin care clinic,"HX45+W9F, Hua Hin 88/1 Alley",,"WUTTISAK CLINIC
No reviews
Skin care clinic · HX45+W9F, Hua Hin 88/1 Alley
+66 32 526 124

Directions",12.564498984667638,99.9553924517965
0x30fdac6d077aa2c3:0x41edf2075bff1843,Bangkok Hospital Hua Hin,https://www.google.com/maps/place/Bangkok+Hospital+Hua+Hin/data=!4m7!3m6!1s0x30fdac6d077aa2c3:0x41edf2075bff1843!8m2!3d12.5541702!4d99.9609052!16s%2Fg%2F1hc3frj5f!19sChIJw6J6B22s_TARQxj_Wwfy7UE?authuser=0&hl=en&rclk=1,4.2,1317,,Private hospital, · 888 Phet Kasem Rd,Open 24 hours · +66 32 616 800,"Bangkok Hospital Hua Hin
4.2(1,317)
Private hospital ·  · 888 Phet Kasem Rd
Open 24 hours · +66 32 616 800

Website

Directions
 
""Walked in in pain, was out pain free an hour later.""",12.564498984667638,99.9553924517965
0x30fdab7c88e20957:0x326d56d238267433,คลินิกทันตกรรม ทีธแอนด์ทรีท Teeth n Treat dental clinic,https://www.google.com/maps/place/%E0%B8%84%E0%B8%A5%E0%B8%B4%E0%B8%99%E0%B8%B4%E0%B8%81%E0%B8%97%E0%B8%B1%E0%B8%99%E0%B8%95%E0%B8%81%E0%B8%A3%E0%B8%A3%E0%B8%A1+%E0%B8%97%E0%B8%B5%E0%B8%98%E0%B9%81%E0%B8%AD%E0%B8%99%E0%B8%94%E0%B9%8C%E0%B8%97%E0%B8%A3%E0%B8%B5%E0%B8%97+Teeth+n+Treat+dental+clinic/data=!4m7!3m6!1s0x30fdab7c88e20957:0x326d56d238267433!8m2!3d12.5728372!4d99.9565988!16s%2Fg%2F11vl8vldms!19sChIJVwniiHyr_TARM3QmONJWbTI?authuser=0&hl=en&rclk=1,4.7,45,,Dental clinic, · 76/2 Hua Hin 55/1 Alley,Closed · Opens 9:30 am Sat · +66 91 787 9650,"คลินิกทันตกรรม ทีธแอนด์ทรีท Teeth n Treat dental clinic
4.7(45)
Dental clinic ·  · 76/2 Hua Hin 55/1 Alley
Closed · Opens 9:30 am Sat · +66 91 787 9650

Website

Directions
 
""The clinic is clean, modern, and feels brand new.""",12.564498984667638,99.9553924517965
0x30fdaba5c735f703:0x4e2403b6418a3d71,D-Mobile Clinic,https://www.google.com/maps/place/D-Mobile+Clinic/data=!4m7!3m6!1s0x30fdaba5c735f703:0x4e2403b6418a3d71!8m2!3d12.5604748!4d99.9534028!16s%2Fg%2F11c6t7fhbg!19sChIJA_c1x6Wr_TARcT2KQbYDJE4?authuser=0&hl=en&rclk=1,,0,,Mobile phone repair shop,5/193 Soi 94,Closed · Opens 10 am Fri · +66 94 806 9555,"D-Mobile Clinic
No reviews
Mobile phone repair shop · 5/193 Soi 94
Closed · Opens 10 am Fri · +66 94 806 9555

Directions",12.564498984667638,99.9553924517965
0x30fdabacc10ad323:0xeeb75a1de5ffa611,Aphiwat Clinic,https://www.google.com/maps/place/Aphiwat+Clinic/data=!4m7!3m6!1s0x30fdabacc10ad323:0xeeb75a1de5ffa611!8m2!3d12.5724127!4d99.9537303!16s%2Fg%2F11r9yml7m!19sChIJI9MKwayr_TAREab_5R1at-4?authuser=0&hl=en&rclk=1,,0,,Doctor,"HXC3+XF9, Chomsin Rd",,"Aphiwat Clinic
No reviews
Doctor · HXC3+XF9, Chomsin Rd

Directions",12.564498984667638,99.9553924517965
0x30fdabdf9b4a5c21:0x398fb9b10e2c7f01,คาลิสสา คลินิกเสริมความงาม หัวหิน,https://www.google.com/maps/place/%E0%B8%84%E0%B8%B2%E0%B8%A5%E0%B8%B4%E0%B8%AA%E0%B8%AA%E0%B8%B2+%E0%B8%84%E0%B8%A5%E0%B8%B4%E0%B8%99%E0%B8%B4%E0%B8%81%E0%B9%80%E0%B8%AA%E0%B8%A3%E0%B8%B4%E0%B8%A1%E0%B8%84%E0%B8%A7%E0%B8%B2%E0%B8%A1%E0%B8%87%E0%B8%B2%E0%B8%A1+%E0%B8%AB%E0%B8%B1%E0%B8%A7%E0%B8%AB%E0%B8%B4%E0%B8%99/data=!4m7!3m6!1s0x30fdabdf9b4a5c21:0x398fb9b10e2c7f01!8m2!3d12.580258!4d99.9526909!16s%2Fg%2F11f5vfmtj3!19sChIJIVxKm9-r_TARAX8sDrG5jzk?authuser=0&hl=en&rclk=1,4.8,45,,Medical clinic,16/11 ถ.เพชรเกษม ต.หัวหิน 16 Phet Kasem Rd,Closed · Opens 11 am Fri · +66 65 008 0032,"คาลิสสา คลินิกเสริมความงาม หัวหิน
4.8(45)
Medical clinic · 16/11 ถ.เพชรเกษม ต.หัวหิน 16 Phet Kasem Rd
Closed · Opens 11 am Fri · +66 65 008 0032

Website

Directions",12.564498984667638,99.9553924517965
0x30fdaba648fe4e9f:0x3621c13de835e758,Bonkai Animal Hospital,https://www.google.com/maps/place/Bonkai+Animal+Hospital/data=!4m7!3m6!1s0x30fdaba648fe4e9f:0x3621c13de835e758!8m2!3d12.5607936!4d99.9498288!16s%2Fg%2F11f26_09q6!19sChIJn07-SKar_TARWOc16D3BITY?authuser=0&hl=en&rclk=1,4.6,149,,Animal hospital,21/246 ซอยหมู่บ้านทางรถไฟฝั่งตะวันตก,Closed · Opens 9 am Fri · +66 93 969 3946,"Bonkai Animal Hospital
4.6(149)
Animal hospital · 21/246 ซอยหมู่บ้านทางรถไฟฝั่งตะวันตก
Closed · Opens 9 am Fri · +66 93 969 3946

Directions
 
""Outstanding caring service 👏 😀""",12.564498984667638,99.9553924517965
0x30fdabad278b07f9:0x8ce8f9b73acbfdf6,Nat Rattanakolai Clinic,https://www.google.com/maps/place/Nat+Rattanakolai+Clinic/data=!4m7!3m6!1s0x30fdabad278b07f9:0x8ce8f9b73acbfdf6!8m2!3d12.5726223!4d99.954956!16s%2Fg%2F1hf01cyfm!19sChIJ-QeLJ62r_TAR9v3LOrf56Iw?authuser=0&hl=en&rclk=1,,0,,,,,"Nat Rattanakolai Clinic
No reviews
HXF3+2XW, Chomsin Rd

Directions",12.564498984667638,99.9553924517965
0x30fdad770d1abe57:0x8cf704d476f450ba,Be Well Medical Clinic,https://www.google.com/maps/place/Be+Well+Medical+Clinic/data=!4m7!3m6!1s0x30fdad770d1abe57:0x8cf704d476f450ba!8m2!3d12.5138361!4d99.9650288!16s%2Fg%2F11j4gxm7l9!19sChIJV74aDXet_TARulD0dtQE94w?authuser=0&hl=en&rclk=1,4.7,103,,Medical clinic, · 68 317 Phet Kasem Rd,Closed · Opens 8 am Fri · +66 2 111 6644,"Be Well Medical Clinic
4.7(103)
Medical clinic ·  · 68 317 Phet Kasem Rd
Closed · Opens 8 am Fri · +66 2 111 6644

Website

Directions
 
""Friendly and knowledgeable staff, extremely clean area, relaxed environment""",12.564498984667638,99.9553924517965
0x30fdabad59c92dd9:0x2a9cf13e4f8808df,Bunkhrong Clinic,https://www.google.com/maps/place/Bunkhrong+Clinic/data=!4m7!3m6!1s0x30fdabad59c92dd9:0x2a9cf13e4f8808df!8m2!3d12.5726894!4d99.9576396!16s%2Fg%2F1tnjg07f!19sChIJ2S3JWa2r_TAR3wiITz7xnCo?authuser=0&hl=en&rclk=1,,0,,Health,22 Petchkasem Road,,"Bunkhrong Clinic
No reviews
Health · 22 Petchkasem Road

Directions",12.564498984667638,99.9553924517965
0x30fdab005736ad85:0xd920c3997ccc0f1d,คลินิกหู คอ จมูก หมอธราฌธรณ์,https://www.google.com/maps/place/%E0%B8%84%E0%B8%A5%E0%B8%B4%E0%B8%99%E0%B8%B4%E0%B8%81%E0%B8%AB%E0%B8%B9+%E0%B8%84%E0%B8%AD+%E0%B8%88%E0%B8%A1%E0%B8%B9%E0%B8%81+%E0%B8%AB%E0%B8%A1%E0%B8%AD%E0%B8%98%E0%B8%A3%E0%B8%B2%E0%B8%8C%E0%B8%98%E0%B8%A3%E0%B8%93%E0%B9%8C/data=!4m7!3m6!1s0x30fdab005736ad85:0xd920c3997ccc0f1d!8m2!3d12.5782223!4d99.9531661!16s%2Fg%2F11vslgl08h!19sChIJha02VwCr_TARHQ_MfJnDINk?authuser=0&hl=en&rclk=1,4.7,51,,Otolaryngology clinic,20 18 Phet Kasem Rd,Closed · Opens 5 pm Fri · +66 62 097 0057,"คลินิกหู คอ จมูก หมอธราฌธรณ์
4.7(51)
Otolaryngology clinic · 20 18 Phet Kasem Rd
Closed · Opens 5 pm Fri · +66 62 097 0057

Directions
 
""Great service, kind, helpful Doctor & staff.""",12.564498984667638,99.9553924517965
0x30fdab0032c12055:0xc03bfde53bf27d38,Green Wellness Clinic Huahin,https://www.google.com/maps/place/Green+Wellness+Clinic+Huahin/data=!4m7!3m6!1s0x30fdab0032c12055:0xc03bfde53bf27d38!8m2!3d12.5547669!4d99.9611795!16s%2Fg%2F11l_1bq69f!19sChIJVSDBMgCr_TAROH3yO-X9O8A?authuser=0&hl=en&rclk=1,1.0,1,,Health and beauty shop,43 Hua Hin 94/1 Alley,,"Green Wellness Clinic Huahin
1.0(1)
Health and beauty shop · 43 Hua Hin 94/1 Alley

Directions",12.564498984667638,99.9553924517965
0x30fdab86633f5b8f:0x675d16470d71623c,The Grate Clinic เดอะเกรทคลินิกเวชกรรม,https://www.google.com/maps/place/The+Grate+Clinic+%E0%B9%80%E0%B8%94%E0%B8%AD%E0%B8%B0%E0%B9%80%E0%B8%81%E0%B8%A3%E0%B8%97%E0%B8%84%E0%B8%A5%E0%B8%B4%E0%B8%99%E0%B8%B4%E0%B8%81%E0%B9%80%E0%B8%A7%E0%B8%8A%E0%B8%81%E0%B8%A3%E0%B8%A3%E0%B8%A1/data=!4m7!3m6!1s0x30fdab86633f5b8f:0x675d16470d71623c!8m2!3d12.6172463!4d99.9494721!16s%2Fg%2F11h7t5vlzw!19sChIJj1s_Y4ar_TARPGJxDUcWXWc?authuser=0&hl=en&rclk=1,5.0,16,,Medical clinic,หัวหิน 6,Closed · Opens 11 am Fri · +66 97 264 5616,"The Grate Clinic เดอะเกรทคลินิกเวชกรรม
5.0(16)
Medical clinic · หัวหิน 6
Closed · Opens 11 am Fri · +66 97 264 5616

Website

Directions",12.564498984667638,99.9553924517965
0x30fdab09298bde27:0x56e4f8ac8c9dce81,Shiva Ayurvedic Center(clinic)Huahin,https://www.google.com/maps/place/Shiva+Ayurvedic+Center%28clinic%29Huahin/data=!4m7!3m6!1s0x30fdab09298bde27:0x56e4f8ac8c9dce81!8m2!3d12.5597568!4d99.9412852!16s%2Fg%2F11c554rc2f!19sChIJJ96LKQmr_TARgc6djKz45FY?authuser=0&hl=en&rclk=1,5.0,5,,Alternative medicine practitioner,HW5R+WG3,Closed · Opens 10 am Fri · +66 32 652 546,"Shiva Ayurvedic Center(clinic)Huahin
5.0(5)
Alternative medicine practitioner · HW5R+WG3
Closed · Opens 10 am Fri · +66 32 652 546

Website

Directions
 
""Most respected Sir Dr. Dewan yet very simple.""",12.564498984667638,99.9553924517965
0x30fdab3c71aa2699:0x147b59c7355309ce,หมอปุ้ม กานท์ชนก สวย สั่ง ได้ Kanshanok Clinic,https://www.google.com/maps/place/%E0%B8%AB%E0%B8%A1%E0%B8%AD%E0%B8%9B%E0%B8%B8%E0%B9%89%E0%B8%A1+%E0%B8%81%E0%B8%B2%E0%B8%99%E0%B8%97%E0%B9%8C%E0%B8%8A%E0%B8%99%E0%B8%81+%E0%B8%AA%E0%B8%A7%E0%B8%A2+%E0%B8%AA%E0%B8%B1%E0%B9%88%E0%B8%87+%E0%B9%84%E0%B8%94%E0%B9%89+Kanshanok+Clinic/data=!4m7!3m6!1s0x30fdab3c71aa2699:0x147b59c7355309ce!8m2!3d12.5522739!4d99.962181!16s%2Fg%2F11t616j1ps!19sChIJmSaqcTyr_TARzglTNcdZexQ?authuser=0&hl=en&rclk=1,5.0,10,,,,Closed · Opens 11 am Fri,"หมอปุ้ม กานท์ชนก สวย สั่ง ได้ Kanshanok Clinic
5.0(10)
Health and beauty shop
Closed · Opens 11 am Fri

Directions
 
Delivery",12.564498984667638,99.9553924517965
0x30fdabbdbf7e3bcb:0x1f01d8230c8c0dfe,Nana Dental Clinic คลินิกทันตกรรมนานา,https://www.google.com/maps/place/Nana+Dental+Clinic+%E0%B8%84%E0%B8%A5%E0%B8%B4%E0%B8%99%E0%B8%B4%E0%B8%81%E0%B8%97%E0%B8%B1%E0%B8%99%E0%B8%95%E0%B8%81%E0%B8%A3%E0%B8%A3%E0%B8%A1%E0%B8%99%E0%B8%B2%E0%B8%99%E0%B8%B2/data=!4m7!3m6!1s0x30fdabbdbf7e3bcb:0x1f01d8230c8c0dfe!8m2!3d12.5522044!4d99.961824!16s%2Fg%2F11g6j97t2l!19sChIJyzt-v72r_TAR_g2MDCPYAR8?authuser=0&hl=en&rclk=1,4.6,226,,Dental clinic, · 256/6-7 Hua Hin 94/3 Alley,Closed · Opens 10 am Fri · +66 99 145 9949,"Nana Dental Clinic คลินิกทันตกรรมนานา
4.6(226)
Dental clinic ·  · 256/6-7 Hua Hin 94/3 Alley
Closed · Opens 10 am Fri · +66 99 145 9949

Website

Directions
 
""I did 2 fillings and the dentist was so thorough and amazingly good.""",12.564498984667638,99.9553924517965
0x30fdabd83c110cc5:0x2eef4a0289502a7c,NC Charm Clinic,https://www.google.com/maps/place/NC+Charm+Clinic/data=!4m7!3m6!1s0x30fdabd83c110cc5:0x2eef4a0289502a7c!8m2!3d12.5438782!4d99.9625037!16s%2Fg%2F11vxm8lrd_!19sChIJxQwRPNir_TARfCpQiQJK7y4?authuser=0&hl=en&rclk=1,5.0,22,,Plastic surgery clinic,10 406 หน้าดุสิต D2,Closed · Opens 9 am Fri · +66 86 392 4646,"NC Charm Clinic
5.0(22)
Plastic surgery clinic · 10 406 หน้าดุสิต D2
Closed · Opens 9 am Fri · +66 86 392 4646

Website

Directions
 
""I texted them and was offered a free touch up - very good service.""
 

Book online",12.564498984667638,99.9553924517965
0x30fdab0076519cbd:0x5c959b20dee0e66b,คลินิกหัวหินฝังเข็ม Hua Hin Acupuncture Clinic,https://www.google.com/maps/place/%E0%B8%84%E0%B8%A5%E0%B8%B4%E0%B8%99%E0%B8%B4%E0%B8%81%E0%B8%AB%E0%B8%B1%E0%B8%A7%E0%B8%AB%E0%B8%B4%E0%B8%99%E0%B8%9D%E0%B8%B1%E0%B8%87%E0%B9%80%E0%B8%82%E0%B9%87%E0%B8%A1+Hua+Hin+Acupuncture+Clinic/data=!4m7!3m6!1s0x30fdab0076519cbd:0x5c959b20dee0e66b!8m2!3d12.5818584!4d99.9526247!16s%2Fg%2F11xrpc_q_6!19sChIJvZxRdgCr_TARa-bg3iCblVw?authuser=0&hl=en&rclk=1,5.0,8,,Chinese medicine clinic," · 13, 27 Phet Kasem Rd",Closed · Opens 10 am Fri · +66 93 292 4225,"คลินิกหัวหินฝังเข็ม Hua Hin Acupuncture Clinic
5.0(8)
Chinese medicine clinic ·  · 13, 27 Phet Kasem Rd
Closed · Opens 10 am Fri · +66 93 292 4225

Directions
 
On-site services",12.564498984667638,99.9553924517965
0x30fdab41cb3258cd:0xff3c0b791bb34255,Dr. Chaisit Clinic,https://www.google.com/maps/place/Dr.+Chaisit+Clinic/data=!4m7!3m6!1s0x30fdab41cb3258cd:0xff3c0b791bb34255!8m2!3d12.5923861!4d99.9508443!16s%2Fg%2F11fj18ltr4!19sChIJzVgyy0Gr_TARVUKzG3kLPP8?authuser=0&hl=en&rclk=1,4.7,30,,Dermatologist,22/15,Closed · Opens 5 pm Fri · +66 92 814 6238,"Dr. Chaisit Clinic
4.7(30)
Dermatologist · 22/15
Closed · Opens 5 pm Fri · +66 92 814 6238

Directions
 
""She helped us so greatfull and very recommendable and sensitive.""",12.564498984667638,99.9553924517965
0x30fdab438d48b2cd:0x7ad51757f4ebfeca,Mariana,https://www.google.com/maps/place/Mariana/data=!4m7!3m6!1s0x30fdab438d48b2cd:0x7ad51757f4ebfeca!8m2!3d12.528806!4d99.9686198!16s%2Fg%2F11xr_9cfr6!19sChIJzbJIjUOr_TARyv7r9FcX1Xo?authuser=0&hl=en&rclk=1,4.9,37,,Oriental medicine clinic,1/83,Closes soon · 11 pm · Opens 9 am Fri · +66 91 738 8623,"Mariana
4.9(37)
Oriental medicine clinic · 1/83
Closes soon · 11 pm · Opens 9 am Fri · +66 91 738 8623

Directions
 
""The staff are attentive, knowledgeable and available.""",12.564498984667638,99.9553924517965
0x30fdab2661827b2d:0x27b737c84334e149,คลินิกเด็กหมอสุภาณี หมอเด็กหัวหิน Pediatric clinic children’s clinic,https://www.google.com/maps/place/%E0%B8%84%E0%B8%A5%E0%B8%B4%E0%B8%99%E0%B8%B4%E0%B8%81%E0%B9%80%E0%B8%94%E0%B9%87%E0%B8%81%E0%B8%AB%E0%B8%A1%E0%B8%AD%E0%B8%AA%E0%B8%B8%E0%B8%A0%E0%B8%B2%E0%B8%93%E0%B8%B5+%E0%B8%AB%E0%B8%A1%E0%B8%AD%E0%B9%80%E0%B8%94%E0%B9%87%E0%B8%81%E0%B8%AB%E0%B8%B1%E0%B8%A7%E0%B8%AB%E0%B8%B4%E0%B8%99+Pediatric+clinic+children%E2%80%99s+clinic/data=!4m7!3m6!1s0x30fdab2661827b2d:0x27b737c84334e149!8m2!3d12.5913043!4d99.9453597!16s%2Fg%2F11vwfjqhjc!19sChIJLXuCYSar_TARSeE0Q8g3tyc?authuser=0&hl=en&rclk=1,4.9,37,,Pediatric clinic,32,Closed · Opens 5 pm Fri · +66 93 394 3999,"คลินิกเด็กหมอสุภาณี หมอเด็กหัวหิน Pediatric clinic children’s clinic
4.9(37)
Pediatric clinic · 32
Closed · Opens 5 pm Fri · +66 93 394 3999

Directions",12.564498984667638,99.9553924517965
0x30fdab1c3d6049e3:0xb55f3adacca80708,Doctor Rak Clinic หมอรักษ์คลินิก อัลตราซาวด์&ความงาม,https://www.google.com/maps/place/Doctor+Rak+Clinic+%E0%B8%AB%E0%B8%A1%E0%B8%AD%E0%B8%A3%E0%B8%B1%E0%B8%81%E0%B8%A9%E0%B9%8C%E0%B8%84%E0%B8%A5%E0%B8%B4%E0%B8%99%E0%B8%B4%E0%B8%81+%E0%B8%AD%E0%B8%B1%E0%B8%A5%E0%B8%95%E0%B8%A3%E0%B8%B2%E0%B8%8B%E0%B8%B2%E0%B8%A7%E0%B8%94%E0%B9%8C%26%E0%B8%84%E0%B8%A7%E0%B8%B2%E0%B8%A1%E0%B8%87%E0%B8%B2%E0%B8%A1/data=!4m7!3m6!1s0x30fdab1c3d6049e3:0xb55f3adacca80708!8m2!3d12.596424!4d99.9454302!16s%2Fg%2F11w_d_w_x4!19sChIJ40lgPRyr_TARCAeozNo6X7U?authuser=0&hl=en&rclk=1,5.0,36,,Medical diagnostic imaging center,11 120 ซอยหมู่บ้านสมอโพรง,Closed · Opens 5 pm Fri · +66 97 251 9026,"Doctor Rak Clinic หมอรักษ์คลินิก อัลตราซาวด์&ความงาม
5.0(36)
Medical diagnostic imaging center · 11 120 ซอยหมู่บ้านสมอโพรง
Closed · Opens 5 pm Fri · +66 97 251 9026

Directions
 
""The clinic also offers aesthetic treatments and general checkups.""",12.564498984667638,99.9553924517965
0x30fdab004cefc1b9:0xb977943bf9deb5c,Mentor Clinic HuaHin (เมนเทอร์คลินิก หัวหิน),https://www.google.com/maps/place/Mentor+Clinic+HuaHin+%28%E0%B9%80%E0%B8%A1%E0%B8%99%E0%B9%80%E0%B8%97%E0%B8%AD%E0%B8%A3%E0%B9%8C%E0%B8%84%E0%B8%A5%E0%B8%B4%E0%B8%99%E0%B8%B4%E0%B8%81+%E0%B8%AB%E0%B8%B1%E0%B8%A7%E0%B8%AB%E0%B8%B4%E0%B8%99%29/data=!4m7!3m6!1s0x30fdab004cefc1b9:0xb977943bf9deb5c!8m2!3d12.543667!4d99.9630313!16s%2Fg%2F11yrmyf9hb!19sChIJucHvTACr_TARXOudv0N5lws?authuser=0&hl=en&rclk=1,,0,,Skin care clinic,Mentor Clinic HuaHin (เมนเทอร์คลินิก หัวหิน,Closed · Opens 10 am Fri · +66 32 900 288,"Mentor Clinic HuaHin (เมนเทอร์คลินิก หัวหิน)
No reviews
Skin care clinic · Mentor Clinic HuaHin (เมนเทอร์คลินิก หัวหิน
Closed · Opens 10 am Fri · +66 32 900 288

Directions",12.564498984667638,99.9553924517965
0x30fdabdc41ae39f1:0x72d8c8e0f447e59e,Premier ultrasound clinic HuaHin | พรีเมียร์อัลตราซาวด์คลินิก หัวหิน,https://www.google.com/maps/place/Premier+ultrasound+clinic+HuaHin+%7C+%E0%B8%9E%E0%B8%A3%E0%B8%B5%E0%B9%80%E0%B8%A1%E0%B8%B5%E0%B8%A2%E0%B8%A3%E0%B9%8C%E0%B8%AD%E0%B8%B1%E0%B8%A5%E0%B8%95%E0%B8%A3%E0%B8%B2%E0%B8%8B%E0%B8%B2%E0%B8%A7%E0%B8%94%E0%B9%8C%E0%B8%84%E0%B8%A5%E0%B8%B4%E0%B8%99%E0%B8%B4%E0%B8%81+%E0%B8%AB%E0%B8%B1%E0%B8%A7%E0%B8%AB%E0%B8%B4%E0%B8%99/data=!4m7!3m6!1s0x30fdabdc41ae39f1:0x72d8c8e0f447e59e!8m2!3d12.5965383!4d99.9454137!16s%2Fg%2F11sv1wzvty!19sChIJ8TmuQdyr_TARnuVH9ODI2HI?authuser=0&hl=en&rclk=1,5.0,33,,Medical diagnostic imaging center,"11, 122 ซอยหมูบ้านสมอโพรง",Closed · Opens 5 pm Fri · +66 95 926 0560,"Premier ultrasound clinic HuaHin | พรีเมียร์อัลตราซาวด์คลินิก หัวหิน
5.0(33)
Medical diagnostic imaging center · 11, 122 ซอยหมูบ้านสมอโพรง
Closed · Opens 5 pm Fri · +66 95 926 0560

Website

Directions
 
""A very nice new clinic with a skillful and super friendly team.""",12.564498984667638,99.9553924517965
0x30fdab41d45bbd91:0x291947293d50cc23,GLOW AND SEOUL CLINIC - HuaHin,https://www.google.com/maps/place/GLOW+AND+SEOUL+CLINIC+-+HuaHin/data=!4m7!3m6!1s0x30fdab41d45bbd91:0x291947293d50cc23!8m2!3d12.5464557!4d99.9629007!16s%2Fg%2F11vb84vz66!19sChIJkb1b1EGr_TARI8xQPSlHGSk?authuser=0&hl=en&rclk=1,5.0,5,,Plastic surgery clinic,142 Phet Kasem Rd,Closed · Opens 11 am Fri · +66 95 958 1166,"GLOW AND SEOUL CLINIC - HuaHin
5.0(5)
Plastic surgery clinic · 142 Phet Kasem Rd
Closed · Opens 11 am Fri · +66 95 958 1166

Website

Directions",12.564498984667638,99.9553924517965
0x30fdab52240c22f1:0xbe94c249a6b666da,BC Clinic 3269 (สาขาหัวหิน),https://www.google.com/maps/place/BC+Clinic+3269+%28%E0%B8%AA%E0%B8%B2%E0%B8%82%E0%B8%B2%E0%B8%AB%E0%B8%B1%E0%B8%A7%E0%B8%AB%E0%B8%B4%E0%B8%99%29/data=!4m7!3m6!1s0x30fdab52240c22f1:0xbe94c249a6b666da!8m2!3d12.5945178!4d99.9496124!16s%2Fg%2F11y9b676w0!19sChIJ8SIMJFKr_TAR2ma2pknClL4?authuser=0&hl=en&rclk=1,3.3,3,,Medical clinic,"1/176, ติดกับศูนย์มิตซูบิชิ, คลินิกเวชกรรม บีซี สาขาหัวหิน",Closed · Opens 11 am Fri · +66 96 164 5666,"BC Clinic 3269 (สาขาหัวหิน)
3.3(3)
Medical clinic · 1/176, ติดกับศูนย์มิตซูบิชิ, คลินิกเวชกรรม บีซี สาขาหัวหิน
Closed · Opens 11 am Fri · +66 96 164 5666

Website

Directions
 

Book online",12.564498984667638,99.9553924517965
0x30fdab79419d1f81:0xea1f20e2d7d9d839,คลินิกหมอนราวดี,https://www.google.com/maps/place/%E0%B8%84%E0%B8%A5%E0%B8%B4%E0%B8%99%E0%B8%B4%E0%B8%81%E0%B8%AB%E0%B8%A1%E0%B8%AD%E0%B8%99%E0%B8%A3%E0%B8%B2%E0%B8%A7%E0%B8%94%E0%B8%B5/data=!4m7!3m6!1s0x30fdab79419d1f81:0xea1f20e2d7d9d839!8m2!3d12.5902163!4d99.9501655!16s%2Fg%2F11v0mldjt8!19sChIJgR-dQXmr_TAROdjZ1-IgH-o?authuser=0&hl=en&rclk=1,4.2,5,,Medical clinic,4/63 Phet Kasem Rd,Closed · Opens 8 am Sun · +66 64 464 2445,"คลินิกหมอนราวดี
4.2(5)
Medical clinic · 4/63 Phet Kasem Rd
Closed · Opens 8 am Sun · +66 64 464 2445

Directions
 
""She's the best.""",12.564498984667638,99.9553924517965
0xa15d2b4871115937:0x82e691caec3bfcc6,กู๊ดบาลานซ์ คลินิกกายภาพบำบัด,https://www.google.com/maps/place/%E0%B8%81%E0%B9%8A%E0%B8%B9%E0%B8%94%E0%B8%9A%E0%B8%B2%E0%B8%A5%E0%B8%B2%E0%B8%99%E0%B8%8B%E0%B9%8C+%E0%B8%84%E0%B8%A5%E0%B8%B4%E0%B8%99%E0%B8%B4%E0%B8%81%E0%B8%81%E0%B8%B2%E0%B8%A2%E0%B8%A0%E0%B8%B2%E0%B8%9E%E0%B8%9A%E0%B8%B3%E0%B8%9A%E0%B8%B1%E0%B8%94/data=!4m7!3m6!1s0xa15d2b4871115937:0x82e691caec3bfcc6!8m2!3d12.5913106!4d99.9409497!16s%2Fg%2F11m79b89xv!19sChIJN1kRcUgrXaERxvw77MqR5oI?authuser=0&hl=en&rclk=1,,0,,,,Closed · Opens 10 am Fri · +66 98 463 3623,"กู๊ดบาลานซ์ คลินิกกายภาพบำบัด
No reviews
Physical therapy clinic
Closed · Opens 10 am Fri · +66 98 463 3623

Directions",12.564498984667638,99.9553924517965
0x30fdaba399aad357:0x400defc5e0957173,Hi Dental Center Hua Hin,https://www.google.com/maps/place/Hi+Dental+Center+Hua+Hin/data=!4m7!3m6!1s0x30fdaba399aad357:0x400defc5e0957173!8m2!3d12.5839008!4d99.9517548!16s%2Fg%2F11x1nqbxvd!19sChIJV9OqmaOr_TARc3GV4MXvDUA?authuser=0&hl=en&rclk=1,4.9,55,,Dental clinic,Phet Kasem Rd,Closed · Opens 9 am Fri · +66 86 344 2892,"Hi Dental Center Hua Hin
4.9(55)
Dental clinic · Phet Kasem Rd
Closed · Opens 9 am Fri · +66 86 344 2892

Website

Directions
 
""Had a dental cleaning and a tooth extraction here.""",12.564498984667638,99.9553924517965
0x30fdad660ec25dff:0xa0ed7ac130600e67,หมอกุลวดี คลินิกอายุรกรรมทั่วไปเฉพาะทางโรคทางเดินอาหารและตับ/ Gastroenterology and Liver clinic,https://www.google.com/maps/place/%E0%B8%AB%E0%B8%A1%E0%B8%AD%E0%B8%81%E0%B8%B8%E0%B8%A5%E0%B8%A7%E0%B8%94%E0%B8%B5+%E0%B8%84%E0%B8%A5%E0%B8%B4%E0%B8%99%E0%B8%B4%E0%B8%81%E0%B8%AD%E0%B8%B2%E0%B8%A2%E0%B8%B8%E0%B8%A3%E0%B8%81%E0%B8%A3%E0%B8%A3%E0%B8%A1%E0%B8%97%E0%B8%B1%E0%B9%88%E0%B8%A7%E0%B9%84%E0%B8%9B%E0%B9%80%E0%B8%89%E0%B8%9E%E0%B8%B2%E0%B8%B0%E0%B8%97%E0%B8%B2%E0%B8%87%E0%B9%82%E0%B8%A3%E0%B8%84%E0%B8%97%E0%B8%B2%E0%B8%87%E0%B9%80%E0%B8%94%E0%B8%B4%E0%B8%99%E0%B8%AD%E0%B8%B2%E0%B8%AB%E0%B8%B2%E0%B8%A3%E0%B9%81%E0%B8%A5%E0%B8%B0%E0%B8%95%E0%B8%B1%E0%B8%9A%2F+Gastroenterology+and+Liver+clinic/data=!4m7!3m6!1s0x30fdad660ec25dff:0xa0ed7ac130600e67!8m2!3d12.6043682!4d99.9500855!16s%2Fg%2F11vl4z_s0b!19sChIJ_13CDmat_TARZw5gMMF67aA?authuser=0&hl=en&rclk=1,4.9,23,,Specialized clinic, · Phet Kasem Rd,Closed · Opens 10 am Fri · +66 95 251 0955,"หมอกุลวดี คลินิกอายุรกรรมทั่วไปเฉพาะทางโรคทางเดินอาหารและตับ/ Gastroenterology and Liver clinic
4.9(23)
Specialized clinic ·  · Phet Kasem Rd
Closed · Opens 10 am Fri · +66 95 251 0955

Website

Directions
 
""Excellent clinic, friendly nurse and clean, comfortable clinic.""",12.564498984667638,99.9553924517965
0x30fdabd196b2b6e3:0xe1ca88ecaadc9f3,Happy Dental Clinic,https://www.google.com/maps/place/Happy+Dental+Clinic/data=!4m7!3m6!1s0x30fdabd196b2b6e3:0xe1ca88ecaadc9f3!8m2!3d12.5784556!4d99.9493955!16s%2Fg%2F11fk0m9tmn!19sChIJ47ayltGr_TAR88mtyo6oHA4?authuser=0&hl=en&rclk=1,4.0,19,,Dental clinic,9 74 ซอย หมู่บ้านเขาน้อย,Closed · Opens 9 am Fri · +66 94 909 5222,"Happy Dental Clinic
4.0(19)
Dental clinic · 9 74 ซอย หมู่บ้านเขาน้อย
Closed · Opens 9 am Fri · +66 94 909 5222

Website

Directions
 
""Dr. Jaringa removed two wisdom teeth very quickly and painlessly.""",12.564498984667638,99.9553924517965
0x30fdab50a2453187:0xbf2ccf02a9aa291d,Prime Clinic ไพร์ม คลินิกเวชกรรม,https://www.google.com/maps/place/Prime+Clinic+%E0%B9%84%E0%B8%9E%E0%B8%A3%E0%B9%8C%E0%B8%A1+%E0%B8%84%E0%B8%A5%E0%B8%B4%E0%B8%99%E0%B8%B4%E0%B8%81%E0%B9%80%E0%B8%A7%E0%B8%8A%E0%B8%81%E0%B8%A3%E0%B8%A3%E0%B8%A1/data=!4m7!3m6!1s0x30fdab50a2453187:0xbf2ccf02a9aa291d!8m2!3d12.531336!4d99.9453869!16s%2Fg%2F11jzpgvvx5!19sChIJhzFFolCr_TARHSmqqQLPLL8?authuser=0&hl=en&rclk=1,4.3,31,,Beauty salon,10 119 ซอยหมู่บ้านหัวนา,Closed · Opens 10 am Fri · +66 85 825 5646,"Prime Clinic ไพร์ม คลินิกเวชกรรม
4.3(31)
Beauty salon · 10 119 ซอยหมู่บ้านหัวนา
Closed · Opens 10 am Fri · +66 85 825 5646

Directions",12.564498984667638,99.9553924517965
0x30fdab37bd68aded:0x84ace45e6ad84115,The wish clinic,https://www.google.com/maps/place/The+wish+clinic/data=!4m7!3m6!1s0x30fdab37bd68aded:0x84ace45e6ad84115!8m2!3d12.5776075!4d99.9417382!16s%2Fg%2F11pcpp8vf8!19sChIJ7a1ovTer_TARFUHYal7krIQ?authuser=0&hl=en&rclk=1,,0,,Plastic surgery clinic,39/20,Closed · Opens 10 am Fri · +66 92 353 7516,"The wish clinic
No reviews
Plastic surgery clinic · 39/20
Closed · Opens 10 am Fri · +66 92 353 7516

Directions",12.564498984667638,99.9553924517965
0x30fdab91592714c3:0xb6b80ad4d1e01cd5,S Dental Clinic by Dr.Sirinate คลินิกทันตกรรมเอสเด็นทัล,https://www.google.com/maps/place/S+Dental+Clinic+by+Dr.Sirinate+%E0%B8%84%E0%B8%A5%E0%B8%B4%E0%B8%99%E0%B8%B4%E0%B8%81%E0%B8%97%E0%B8%B1%E0%B8%99%E0%B8%95%E0%B8%81%E0%B8%A3%E0%B8%A3%E0%B8%A1%E0%B9%80%E0%B8%AD%E0%B8%AA%E0%B9%80%E0%B8%94%E0%B9%87%E0%B8%99%E0%B8%97%E0%B8%B1%E0%B8%A5/data=!4m7!3m6!1s0x30fdab91592714c3:0xb6b80ad4d1e01cd5!8m2!3d12.5439725!4d99.9630644!16s%2Fg%2F11cm3rsfry!19sChIJwxQnWZGr_TAR1Rzg0dQKuLY?authuser=0&hl=en&rclk=1,4.8,154,,Dental clinic," · In front of NH Hotel, 10 393",Closed · Opens 10 am Fri · +66 93 329 5695,"S Dental Clinic by Dr.Sirinate คลินิกทันตกรรมเอสเด็นทัล
4.8(154)
Dental clinic ·  · In front of NH Hotel, 10 393
Closed · Opens 10 am Fri · +66 93 329 5695

Website

Directions
 
""The treatment room was spotless and all the equipment used was cutting edge!""",12.564498984667638,99.9553924517965
0x30fdaba769ac55a1:0xf0d4a363d649ae14,102 Pet Clinic (Dr.Peace) / ร้อยสองสัตวแพทย์ คลินิกสัตว์เลี้ยงหัวหิน,https://www.google.com/maps/place/102+Pet+Clinic+%28Dr.Peace%29+%2F+%E0%B8%A3%E0%B9%89%E0%B8%AD%E0%B8%A2%E0%B8%AA%E0%B8%AD%E0%B8%87%E0%B8%AA%E0%B8%B1%E0%B8%95%E0%B8%A7%E0%B9%81%E0%B8%9E%E0%B8%97%E0%B8%A2%E0%B9%8C+%E0%B8%84%E0%B8%A5%E0%B8%B4%E0%B8%99%E0%B8%B4%E0%B8%81%E0%B8%AA%E0%B8%B1%E0%B8%95%E0%B8%A7%E0%B9%8C%E0%B9%80%E0%B8%A5%E0%B8%B5%E0%B9%89%E0%B8%A2%E0%B8%87%E0%B8%AB%E0%B8%B1%E0%B8%A7%E0%B8%AB%E0%B8%B4%E0%B8%99/data=!4m7!3m6!1s0x30fdaba769ac55a1:0xf0d4a363d649ae14!8m2!3d12.5448563!4d99.954941!16s%2Fg%2F11q2qy2hhp!19sChIJoVWsaaer_TARFK5J1mOj1PA?authuser=0&hl=en&rclk=1,4.9,112,,Veterinarian,136 511 Soi Liap Thang Rotfai,Closed · Opens 9 am Fri · +66 98 881 1646,"102 Pet Clinic (Dr.Peace) / ร้อยสองสัตวแพทย์ คลินิกสัตว์เลี้ยงหัวหิน
4.9(112)
Veterinarian · 136 511 Soi Liap Thang Rotfai
Closed · Opens 9 am Fri · +66 98 881 1646

Website

Directions
 
""The staff are friendly and keep you updated with your pet’s progress.""",12.564498984667638,99.9553924517965
0x30fdab37483e1475:0x37f24ec50a6aa9ba,หัวหินจักษุ Hua Hin Eye Clinic,https://www.google.com/maps/place/%E0%B8%AB%E0%B8%B1%E0%B8%A7%E0%B8%AB%E0%B8%B4%E0%B8%99%E0%B8%88%E0%B8%B1%E0%B8%81%E0%B8%A9%E0%B8%B8+Hua+Hin+Eye+Clinic/data=!4m7!3m6!1s0x30fdab37483e1475:0x37f24ec50a6aa9ba!8m2!3d12.5960089!4d99.9497437!16s%2Fg%2F11w_h4r3t4!19sChIJdRQ-SDer_TARuqlqCsVO8jc?authuser=0&hl=en&rclk=1,5.0,11,,Ophthalmology clinic," · 15, 215 Phet Kasem Rd",Closed · Opens 5 pm Fri · +66 61 596 1669,"หัวหินจักษุ Hua Hin Eye Clinic
5.0(11)
Ophthalmology clinic ·  · 15, 215 Phet Kasem Rd
Closed · Opens 5 pm Fri · +66 61 596 1669

Directions
 
""Doctor's very nice and professional
10/10 service
Absolutely recommend""",12.564498984667638,99.9553924517965
0x30fc55aceb516c57:0x18a1844d0b8aa137,Be Well Medical Clinic Black Mountain,https://www.google.com/maps/place/Be+Well+Medical+Clinic+Black+Mountain/data=!4m7!3m6!1s0x30fc55aceb516c57:0x18a1844d0b8aa137!8m2!3d12.6067899!4d99.8918869!16s%2Fg%2F11rkbr10x2!19sChIJV2xR66xV_DARN6GKC02EoRg?authuser=0&hl=en&rclk=1,4.8,21,,Medical clinic," · 778/7 T, Black Mountain",Closed · Opens 8 am Fri · +66 2 111 6622,"Be Well Medical Clinic Black Mountain
4.8(21)
Medical clinic ·  · 778/7 T, Black Mountain
Closed · Opens 8 am Fri · +66 2 111 6622

Website

Directions
 
""Friendly staff, modern clinic, fast help.""",12.564498984667638,99.9553924517965
0x30fdab79c81d64f7:0x5e33a7a1f33c7e43,The Movement Physiotherapy Clinic เดอะมูฟเม้นท์คลินิกกายภาพบำบัด,https://www.google.com/maps/place/The+Movement+Physiotherapy+Clinic+%E0%B9%80%E0%B8%94%E0%B8%AD%E0%B8%B0%E0%B8%A1%E0%B8%B9%E0%B8%9F%E0%B9%80%E0%B8%A1%E0%B9%89%E0%B8%99%E0%B8%97%E0%B9%8C%E0%B8%84%E0%B8%A5%E0%B8%B4%E0%B8%99%E0%B8%B4%E0%B8%81%E0%B8%81%E0%B8%B2%E0%B8%A2%E0%B8%A0%E0%B8%B2%E0%B8%9E%E0%B8%9A%E0%B8%B3%E0%B8%9A%E0%B8%B1%E0%B8%94/data=!4m7!3m6!1s0x30fdab79c81d64f7:0x5e33a7a1f33c7e43!8m2!3d12.59671!4d99.9479528!16s%2Fg%2F11hgjz46b6!19sChIJ92QdyHmr_TARQ34886GnM14?authuser=0&hl=en&rclk=1,5.0,17,,Medical clinic,6/203 Hua Hin 36 Alley,Closed · Opens 9 am Fri · +66 83 539 4292,"The Movement Physiotherapy Clinic เดอะมูฟเม้นท์คลินิกกายภาพบำบัด
5.0(17)
Medical clinic · 6/203 Hua Hin 36 Alley
Closed · Opens 9 am Fri · +66 83 539 4292

Website

Directions
 
""Very knowledgeable & always excellent treatment.""",12.564498984667638,99.9553924517965
0x30fdab6171c78857:0x498a97f9200156b3,Aunt Doctor Pu Children's Clinic,https://www.google.com/maps/place/Aunt+Doctor+Pu+Children%27s+Clinic/data=!4m7!3m6!1s0x30fdab6171c78857:0x498a97f9200156b3!8m2!3d12.582722!4d99.9524227!16s%2Fg%2F11h3g7rwc8!19sChIJV4jHcWGr_TARs1YBIPmXikk?authuser=0&hl=en&rclk=1,3.2,25,,Doctor,HXM2+3XM,,"Aunt Doctor Pu Children's Clinic
3.2(25)
Doctor · HXM2+3XM
+66 97 179 7861

Directions",12.564498984667638,99.9553924517965
0x30fdaa50d16c34ab:0xd60e54d8d565860e,คลินิกทันตแพทย์ประเสริฐ (Prasert Dental Clinic),https://www.google.com/maps/place/%E0%B8%84%E0%B8%A5%E0%B8%B4%E0%B8%99%E0%B8%B4%E0%B8%81%E0%B8%97%E0%B8%B1%E0%B8%99%E0%B8%95%E0%B9%81%E0%B8%9E%E0%B8%97%E0%B8%A2%E0%B9%8C%E0%B8%9B%E0%B8%A3%E0%B8%B0%E0%B9%80%E0%B8%AA%E0%B8%A3%E0%B8%B4%E0%B8%90+%28Prasert+Dental+Clinic%29/data=!4m7!3m6!1s0x30fdaa50d16c34ab:0xd60e54d8d565860e!8m2!3d12.5825829!4d99.9523761!16s%2Fg%2F1hdzw69nb!19sChIJqzRs0VCq_TARDoZl1dhUDtY?authuser=0&hl=en&rclk=1,4.3,16,,Dental clinic," · 11, 44 Phet Kasem Rd",Closed · Opens 8:30 am Fri · +66 94 223 1271,"คลินิกทันตแพทย์ประเสริฐ (Prasert Dental Clinic)
4.3(16)
Dental clinic ·  · 11, 44 Phet Kasem Rd
Closed · Opens 8:30 am Fri · +66 94 223 1271

Website

Directions",12.564498984667638,99.9553924517965
0x30fdab93d90996a7:0xd03a1d0d18ec929d,HuaHin Dental Clinic,https://www.google.com/maps/place/HuaHin+Dental+Clinic/data=!4m7!3m6!1s0x30fdab93d90996a7:0xd03a1d0d18ec929d!8m2!3d12.5430277!4d99.963563!16s%2Fg%2F11b7yqn76c!19sChIJp5YJ2ZOr_TARnZLsGA0dOtA?authuser=0&hl=en&rclk=1,4.6,50,,Cosmetic dentist,เลขที่ 10 /91-92 Phet Kasem Rd,Closed · Opens 9 am Fri · +66 89 778 4074,"HuaHin Dental Clinic
4.6(50)
Cosmetic dentist · เลขที่ 10 /91-92 Phet Kasem Rd
Closed · Opens 9 am Fri · +66 89 778 4074

Directions
 
""Helpfull and nice staff and clean, quiet and modern clinic.""",12.564498984667638,99.9553924517965
0x30fdaa7cc61e7a53:0x7da5055278c31bc,Dr. Worakul and Dr. Chulee Clinic,https://www.google.com/maps/place/Dr.+Worakul+and+Dr.+Chulee+Clinic/data=!4m7!3m6!1s0x30fdaa7cc61e7a53:0x7da5055278c31bc!8m2!3d12.6084395!4d99.9504171!16s%2Fg%2F11crvbn2zr!19sChIJU3oexnyq_TARvDGMJ1VQ2gc?authuser=0&hl=en&rclk=1,4.0,24,,Doctor, · 27/94 ซอย หมู่บ้าน บ่อ ฝ้าย Phet Kasem Rd,Closed · Opens 8:30 am Fri · +66 32 522 390,"Dr. Worakul and Dr. Chulee Clinic
4.0(24)
Doctor ·  · 27/94 ซอย หมู่บ้าน บ่อ ฝ้าย Phet Kasem Rd
Closed · Opens 8:30 am Fri · +66 32 522 390

Directions
 
""Very helpful doctor and staff""",12.564498984667638,99.9553924517965
0x30fdabdf587e0d43:0x4f0da7f9180c15af,"Meilyn TCM Clinic HuaHin (Acupuncture, Cupping) คลินิกแพทย์แผนจีนเหม่ยหลิน (ฝังเข็ม ครอบแก้ว หัวหิน)","https://www.google.com/maps/place/Meilyn+TCM+Clinic+HuaHin+%28Acupuncture,+Cupping%29+%E0%B8%84%E0%B8%A5%E0%B8%B4%E0%B8%99%E0%B8%B4%E0%B8%81%E0%B9%81%E0%B8%9E%E0%B8%97%E0%B8%A2%E0%B9%8C%E0%B9%81%E0%B8%9C%E0%B8%99%E0%B8%88%E0%B8%B5%E0%B8%99%E0%B9%80%E0%B8%AB%E0%B8%A1%E0%B9%88%E0%B8%A2%E0%B8%AB%E0%B8%A5%E0%B8%B4%E0%B8%99+%28%E0%B8%9D%E0%B8%B1%E0%B8%87%E0%B9%80%E0%B8%82%E0%B9%87%E0%B8%A1+%E0%B8%84%E0%B8%A3%E0%B8%AD%E0%B8%9A%E0%B9%81%E0%B8%81%E0%B9%89%E0%B8%A7+%E0%B8%AB%E0%B8%B1%E0%B8%A7%E0%B8%AB%E0%B8%B4%E0%B8%99%29/data=!4m7!3m6!1s0x30fdabdf587e0d43:0x4f0da7f9180c15af!8m2!3d12.6012547!4d99.9483863!16s%2Fg%2F11w8223r7h!19sChIJQw1-WN-r_TARrxUMGPmnDU8?authuser=0&hl=en&rclk=1",5.0,19,,Acupuncture clinic,8 54 Hua Hin 22 Alley,Closed · Opens 10 am Fri · +66 83 926 4507,"Meilyn TCM Clinic HuaHin (Acupuncture, Cupping) คลินิกแพทย์แผนจีนเหม่ยหลิน (ฝังเข็ม ครอบแก้ว หัวหิน)
5.0(19)
Acupuncture clinic · 8 54 Hua Hin 22 Alley
Closed · Opens 10 am Fri · +66 83 926 4507

Directions
 
""The service and treatment was very professional and solved my problem.""",12.564498984667638,99.9553924517965
0x30fdabc32625563d:0x6c78f5a993b54849,MAETUK skin care,https://www.google.com/maps/place/MAETUK+skin+care/data=!4m7!3m6!1s0x30fdabc32625563d:0x6c78f5a993b54849!8m2!3d12.5801842!4d99.9529742!16s%2Fg%2F11wj6fh3t7!19sChIJPVYlJsOr_TARSUi1k6n1eGw?authuser=0&hl=en&rclk=1,,0,,Skin care clinic,"93/7, ถ.กระโรม ต.โพธิ์เสด็จ",Closed · Opens 8 am Fri · +66 93 910 8346,"MAETUK skin care
No reviews
Skin care clinic · 93/7, ถ.กระโรม ต.โพธิ์เสด็จ
Closed · Opens 8 am Fri · +66 93 910 8346

Directions",12.564498984667638,99.9553924517965
0x30fdabd83956bea7:0x6914c33693c3a183,คลินิกประชุมแพทย์ หัวหิน Prachumpath Clinic Hua Hin - Doctors Meeting Clinic (DMC),https://www.google.com/maps/place/%E0%B8%84%E0%B8%A5%E0%B8%B4%E0%B8%99%E0%B8%B4%E0%B8%81%E0%B8%9B%E0%B8%A3%E0%B8%B0%E0%B8%8A%E0%B8%B8%E0%B8%A1%E0%B9%81%E0%B8%9E%E0%B8%97%E0%B8%A2%E0%B9%8C+%E0%B8%AB%E0%B8%B1%E0%B8%A7%E0%B8%AB%E0%B8%B4%E0%B8%99+Prachumpath+Clinic+Hua+Hin+-+Doctors+Meeting+Clinic+%28DMC%29/data=!4m7!3m6!1s0x30fdabd83956bea7:0x6914c33693c3a183!8m2!3d12.5750221!4d99.9486962!16s%2Fg%2F11fsx3jktn!19sChIJp75WOdir_TARg6HDkzbDFGk?authuser=0&hl=en&rclk=1,,0,,Medical Center,HWGX+2F4 Huay Mongkol,Temporarily closed · +66 65 529 9954,"คลินิกประชุมแพทย์ หัวหิน Prachumpath Clinic Hua Hin - Doctors Meeting Clinic (DMC)
No reviews
Medical Center · HWGX+2F4 Huay Mongkol
Temporarily closed · +66 65 529 9954

Directions",12.564498984667638,99.9553924517965
0x30fdabad286e1377:0x88bbfcb403794825,คลินิกหมอณัฐ,https://www.google.com/maps/place/%E0%B8%84%E0%B8%A5%E0%B8%B4%E0%B8%99%E0%B8%B4%E0%B8%81%E0%B8%AB%E0%B8%A1%E0%B8%AD%E0%B8%93%E0%B8%B1%E0%B8%90/data=!4m7!3m6!1s0x30fdabad286e1377:0x88bbfcb403794825!8m2!3d12.5728442!4d99.9549517!16s%2Fg%2F1hm5h5tg6!19sChIJdxNuKK2r_TARJUh5A7T8u4g?authuser=0&hl=en&rclk=1,4.8,9,,Medical clinic,"152, 8 Chomsin Rd",Closed · Opens 8:30 am Fri · +66 82 021 9998,"คลินิกหมอณัฐ
4.8(9)
Medical clinic · 152, 8 Chomsin Rd
Closed · Opens 8:30 am Fri · +66 82 021 9998

Directions",12.575814269062105,99.96294334714317
0x30fdabb4f7aa7b8f:0x2be195f9a2c69dcc,เอ็มทีแล็บ หัวหิน (MTlab Huahin) ตรวจเลือด Blood test ตรวจสุขภาพ Health check,https://www.google.com/maps/place/%E0%B9%80%E0%B8%AD%E0%B9%87%E0%B8%A1%E0%B8%97%E0%B8%B5%E0%B9%81%E0%B8%A5%E0%B9%87%E0%B8%9A+%E0%B8%AB%E0%B8%B1%E0%B8%A7%E0%B8%AB%E0%B8%B4%E0%B8%99+%28MTlab+Huahin%29+%E0%B8%95%E0%B8%A3%E0%B8%A7%E0%B8%88%E0%B9%80%E0%B8%A5%E0%B8%B7%E0%B8%AD%E0%B8%94+Blood+test+%E0%B8%95%E0%B8%A3%E0%B8%A7%E0%B8%88%E0%B8%AA%E0%B8%B8%E0%B8%82%E0%B8%A0%E0%B8%B2%E0%B8%9E+Health+check/data=!4m7!3m6!1s0x30fdabb4f7aa7b8f:0x2be195f9a2c69dcc!8m2!3d12.5748126!4d99.9546127!16s%2Fg%2F11fd4zx0bh!19sChIJj3uq97Sr_TARzJ3GovmV4Ss?authuser=0&hl=en&rclk=1,5.0,49,,Medical clinic,"34, 23 Phet Kasem Rd",Closed · Opens 7 am Fri · +66 91 887 1286,"เอ็มทีแล็บ หัวหิน (MTlab Huahin) ตรวจเลือด Blood test ตรวจสุขภาพ Health check
5.0(49)
Medical clinic · 34, 23 Phet Kasem Rd
Closed · Opens 7 am Fri · +66 91 887 1286

Website

Directions
 
""It’s very nice, clean, wonderful staff, quick results, and affordable.""",12.575814269062105,99.96294334714317
0x30fdabb27fb440bb:0x78cdcfddf8f2cec0,คูล สไมล์ เดนทัล คลีนิก,https://www.google.com/maps/place/%E0%B8%84%E0%B8%B9%E0%B8%A5+%E0%B8%AA%E0%B9%84%E0%B8%A1%E0%B8%A5%E0%B9%8C+%E0%B9%80%E0%B8%94%E0%B8%99%E0%B8%97%E0%B8%B1%E0%B8%A5+%E0%B8%84%E0%B8%A5%E0%B8%B5%E0%B8%99%E0%B8%B4%E0%B8%81/data=!4m7!3m6!1s0x30fdabb27fb440bb:0x78cdcfddf8f2cec0!8m2!3d12.5777094!4d99.9562771!16s%2Fg%2F1hc2433g_!19sChIJu0C0f7Kr_TARwM7y-N3PzXg?authuser=0&hl=en&rclk=1,5.0,1,,Medical clinic,"100/2-3, ถนนแนบเคหาสน์, ตำบลหัวหิน อำเภอหัวหิน ประจวบคีรีขันธ์, 77110",,"คูล สไมล์ เดนทัล คลีนิก
5.0(1)
Medical clinic · 100/2-3, ถนนแนบเคหาสน์, ตำบลหัวหิน อำเภอหัวหิน ประจวบคีรีขันธ์, 77110
+66 32 513 989

Directions",12.575814269062105,99.96294334714317
0x30fdab7499e8bdf7:0xa6891dcd10f52d2d,สาลี่ คลินิกแพทย์แผนจีน กลางซอยหัวหิน51 ฝังเข็ม ครอบแก้ว กัวซา ยาจีน SHALI TCM CLINIC 沙梨中医诊所,https://www.google.com/maps/place/%E0%B8%AA%E0%B8%B2%E0%B8%A5%E0%B8%B5%E0%B9%88+%E0%B8%84%E0%B8%A5%E0%B8%B4%E0%B8%99%E0%B8%B4%E0%B8%81%E0%B9%81%E0%B8%9E%E0%B8%97%E0%B8%A2%E0%B9%8C%E0%B9%81%E0%B8%9C%E0%B8%99%E0%B8%88%E0%B8%B5%E0%B8%99+%E0%B8%81%E0%B8%A5%E0%B8%B2%E0%B8%87%E0%B8%8B%E0%B8%AD%E0%B8%A2%E0%B8%AB%E0%B8%B1%E0%B8%A7%E0%B8%AB%E0%B8%B4%E0%B8%9951+%E0%B8%9D%E0%B8%B1%E0%B8%87%E0%B9%80%E0%B8%82%E0%B9%87%E0%B8%A1+%E0%B8%84%E0%B8%A3%E0%B8%AD%E0%B8%9A%E0%B9%81%E0%B8%81%E0%B9%89%E0%B8%A7+%E0%B8%81%E0%B8%B1%E0%B8%A7%E0%B8%8B%E0%B8%B2+%E0%B8%A2%E0%B8%B2%E0%B8%88%E0%B8%B5%E0%B8%99+SHALI+TCM+CLINIC+%E6%B2%99%E6%A2%A8%E4%B8%AD%E5%8C%BB%E8%AF%8A%E6%89%80/data=!4m7!3m6!1s0x30fdab7499e8bdf7:0xa6891dcd10f52d2d!8m2!3d12.5793079!4d99.9550414!16s%2Fg%2F11x8kppdxg!19sChIJ973omXSr_TARLS31EM0diaY?authuser=0&hl=en&rclk=1,5.0,3,,Chinese medicine clinic,4 2 Hua Hin 51 Alley,Closed · Opens 9:30 am Fri · +66 98 249 3591,"สาลี่ คลินิกแพทย์แผนจีน กลางซอยหัวหิน51 ฝังเข็ม ครอบแก้ว กัวซา ยาจีน SHALI TCM CLINIC 沙梨中医诊所
5.0(3)
Chinese medicine clinic · 4 2 Hua Hin 51 Alley
Closed · Opens 9:30 am Fri · +66 98 249 3591

Directions",12.575814269062105,99.96294334714317
0x30fdaba5c319bd79:0x4b5a32251f4a1536,หมอจิรายุ-จุฑารัตน์ คลินิก Ear Nose Throat and Physiatrist/JC ENT clinic,https://www.google.com/maps/place/%E0%B8%AB%E0%B8%A1%E0%B8%AD%E0%B8%88%E0%B8%B4%E0%B8%A3%E0%B8%B2%E0%B8%A2%E0%B8%B8-%E0%B8%88%E0%B8%B8%E0%B8%91%E0%B8%B2%E0%B8%A3%E0%B8%B1%E0%B8%95%E0%B8%99%E0%B9%8C+%E0%B8%84%E0%B8%A5%E0%B8%B4%E0%B8%99%E0%B8%B4%E0%B8%81+Ear+Nose+Throat+and+Physiatrist%2FJC+ENT+clinic/data=!4m7!3m6!1s0x30fdaba5c319bd79:0x4b5a32251f4a1536!8m2!3d12.5771462!4d99.953436!16s%2Fg%2F11h2cnl_s9!19sChIJeb0Zw6Wr_TARNhVKHyUyWks?authuser=0&hl=en&rclk=1,4.9,14,,Medical clinic,Phet Kasem Rd,Closed · Opens 5 pm Fri · +66 32 900 513,"หมอจิรายุ-จุฑารัตน์ คลินิก Ear Nose Throat and Physiatrist/JC ENT clinic
4.9(14)
Medical clinic · Phet Kasem Rd
Closed · Opens 5 pm Fri · +66 32 900 513

Website

Directions
 
""Got ear cleaning in and out.""",12.575814269062105,99.96294334714317
0x30fdab7ac7611b49:0x5b194f677ff87f10,Terra Acupuncture&Herbs Huahin ฝังเข็ม ยาจีน คลินิกแพทย์แผนจีน หัวหิน,https://www.google.com/maps/place/Terra+Acupuncture%26Herbs+Huahin+%E0%B8%9D%E0%B8%B1%E0%B8%87%E0%B9%80%E0%B8%82%E0%B9%87%E0%B8%A1+%E0%B8%A2%E0%B8%B2%E0%B8%88%E0%B8%B5%E0%B8%99+%E0%B8%84%E0%B8%A5%E0%B8%B4%E0%B8%99%E0%B8%B4%E0%B8%81%E0%B9%81%E0%B8%9E%E0%B8%97%E0%B8%A2%E0%B9%8C%E0%B9%81%E0%B8%9C%E0%B8%99%E0%B8%88%E0%B8%B5%E0%B8%99+%E0%B8%AB%E0%B8%B1%E0%B8%A7%E0%B8%AB%E0%B8%B4%E0%B8%99/data=!4m7!3m6!1s0x30fdab7ac7611b49:0x5b194f677ff87f10!8m2!3d12.5789859!4d99.9536771!16s%2Fg%2F11r109tmdm!19sChIJSRthx3qr_TAREH_4f2dPGVs?authuser=0&hl=en&rclk=1,4.8,35,,Acupuncture clinic," · 7, 3 Hua Hin 51 Alley",Closed · Opens 10 am Fri · +66 99 292 4922,"Terra Acupuncture&Herbs Huahin ฝังเข็ม ยาจีน คลินิกแพทย์แผนจีน หัวหิน
4.8(35)
Acupuncture clinic ·  · 7, 3 Hua Hin 51 Alley
Closed · Opens 10 am Fri · +66 99 292 4922

Website

Directions
 
""They provide help with issues such as sleep disorders and chronic pain.""",12.575814269062105,99.96294334714317
0x30fdab004a96da57:0x8833c8408c9a6edd,โรงพยาบาลหัวหิน สาขา 4,https://www.google.com/maps/place/%E0%B9%82%E0%B8%A3%E0%B8%87%E0%B8%9E%E0%B8%A2%E0%B8%B2%E0%B8%9A%E0%B8%B2%E0%B8%A5%E0%B8%AB%E0%B8%B1%E0%B8%A7%E0%B8%AB%E0%B8%B4%E0%B8%99+%E0%B8%AA%E0%B8%B2%E0%B8%82%E0%B8%B2+4/data=!4m7!3m6!1s0x30fdab004a96da57:0x8833c8408c9a6edd!8m2!3d12.5776923!4d99.9563335!16s%2Fg%2F11mlfzp0jk!19sChIJV9qWSgCr_TAR3W6ajEDIM4g?authuser=0&hl=en&rclk=1,,0,,Dental clinic,"HXH4+3GG, Naebkehardt Rd",,"โรงพยาบาลหัวหิน สาขา 4
No reviews
Dental clinic · HXH4+3GG, Naebkehardt Rd

Directions",12.575814269062105,99.96294334714317
0x30fdaa50cab8409b:0xcf67601f1250f450,Bona Medical Clinic Huahin,https://www.google.com/maps/place/Bona+Medical+Clinic+Huahin/data=!4m7!3m6!1s0x30fdaa50cab8409b:0xcf67601f1250f450!8m2!3d12.5834862!4d99.9523568!16s%2Fg%2F11gbk3qmwt!19sChIJm0C4ylCq_TARUPRQEh9gZ88?authuser=0&hl=en&rclk=1,4.3,6,,Plastic surgery clinic,เลขที่ 11 33 Hua Hin 43 Alley,Closed · Opens 11 am Fri · +66 64 821 8788,"Bona Medical Clinic Huahin
4.3(6)
Plastic surgery clinic · เลขที่ 11 33 Hua Hin 43 Alley
Closed · Opens 11 am Fri · +66 64 821 8788

Directions
 
""I didn’t have to wait at all and they were very flexible with me.""",12.575814269062105,99.96294334714317
0x30fdabc8c294eb67:0x4fb65d5a7616e3f6,Hua Hin Hospital IV,https://www.google.com/maps/place/Hua+Hin+Hospital+IV/data=!4m7!3m6!1s0x30fdabc8c294eb67:0x4fb65d5a7616e3f6!8m2!3d12.574881!4d99.9569168!16s%2Fg%2F11fwdywqry!19sChIJZ-uUwsir_TAR9uMWdlpdtk8?authuser=0&hl=en&rclk=1,3.1,37,,Hospital," · 51 , NAEP Khe Hat Road",Closed · Opens 8:30 am Fri · +66 32 515 331,"Hua Hin Hospital IV
3.1(37)
Hospital ·  · 51 , NAEP Khe Hat Road
Closed · Opens 8:30 am Fri · +66 32 515 331

Directions",12.575814269062105,99.96294334714317
0x30fdab81d2a0c223:0xf1e5bf979a91e95f,Lomchoy Massage,https://www.google.com/maps/place/Lomchoy+Massage/data=!4m7!3m6!1s0x30fdab81d2a0c223:0xf1e5bf979a91e95f!8m2!3d12.5740292!4d99.9586713!16s%2Fg%2F11l1djn72b!19sChIJI8Kg0oGr_TARX-mRmpe_5fE?authuser=0&hl=en&rclk=1,5.0,17,,Thai massage therapist,1 Chomsin Rd,Closed · Opens 10 am Fri · +66 64 209 4999,"Lomchoy Massage
5.0(17)
Thai massage therapist · 1 Chomsin Rd
Closed · Opens 10 am Fri · +66 64 209 4999

Website

Directions
 
""They have lots of experience and professional education.""",12.575814269062105,99.96294334714317
0x30fdab333fd99c1f:0xc556d23be643d384,คลินิกหมอธนพล ฟื้นฟูสมอง ระบบประสาท หัวหิน Huahin Neurology Clinic,https://www.google.com/maps/place/%E0%B8%84%E0%B8%A5%E0%B8%B4%E0%B8%99%E0%B8%B4%E0%B8%81%E0%B8%AB%E0%B8%A1%E0%B8%AD%E0%B8%98%E0%B8%99%E0%B8%9E%E0%B8%A5+%E0%B8%9F%E0%B8%B7%E0%B9%89%E0%B8%99%E0%B8%9F%E0%B8%B9%E0%B8%AA%E0%B8%A1%E0%B8%AD%E0%B8%87+%E0%B8%A3%E0%B8%B0%E0%B8%9A%E0%B8%9A%E0%B8%9B%E0%B8%A3%E0%B8%B0%E0%B8%AA%E0%B8%B2%E0%B8%97+%E0%B8%AB%E0%B8%B1%E0%B8%A7%E0%B8%AB%E0%B8%B4%E0%B8%99+Huahin+Neurology+Clinic/data=!4m7!3m6!1s0x30fdab333fd99c1f:0xc556d23be643d384!8m2!3d12.6039776!4d99.9496631!16s%2Fg%2F11zjm5ndd_!19sChIJH5zZPzOr_TARhNND5jvSVsU?authuser=0&hl=en&rclk=1,5.0,2,,Medical office,หัวหิน 10/118,Closed · Opens 5 pm Fri · +66 96 159 9141,"คลินิกหมอธนพล ฟื้นฟูสมอง ระบบประสาท หัวหิน Huahin Neurology Clinic
5.0(2)
Medical office · หัวหิน 10/118
Closed · Opens 5 pm Fri · +66 96 159 9141

Directions",12.575814269062105,99.96294334714317
0x30fdaa50b28e85ab:0xeecb31ead78509c8,"Dr. Thongchan Clinic, Cardiologist","https://www.google.com/maps/place/Dr.+Thongchan+Clinic,+Cardiologist/data=!4m7!3m6!1s0x30fdaa50b28e85ab:0xeecb31ead78509c8!8m2!3d12.584198!4d99.95224!16s%2Fg%2F119vycm38!19sChIJq4WOslCq_TARyAmF1-oxy-4?authuser=0&hl=en&rclk=1",,0,,Doctor,"HXM2+MVH, 4",,"Dr. Thongchan Clinic, Cardiologist
No reviews
Doctor · HXM2+MVH, 4
+66 87 078 5533

Directions",12.575814269062105,99.96294334714317
0x30fdaaff85142995:0x7b1febfbc56ad98d,Hua Hin Lab Centre,https://www.google.com/maps/place/Hua+Hin+Lab+Centre/data=!4m7!3m6!1s0x30fdaaff85142995:0x7b1febfbc56ad98d!8m2!3d12.576056!4d99.945827!16s%2Fg%2F1tgnjjf6!19sChIJlSkUhf-q_TARjdlqxfvrH3s?authuser=0&hl=en&rclk=1,5.0,11,,Medical laboratory,ปาก Pracha Samakkhi Alley,Closed · Opens 7 am Fri · +66 86 392 3307,"Hua Hin Lab Centre
5.0(11)
Medical laboratory · ปาก Pracha Samakkhi Alley
Closed · Opens 7 am Fri · +66 86 392 3307

Website

Directions
 
""Professional staff.""",12.57437407800217,99.95079110147104
0x30fdab08fafe62f1:0xeea7e2d94e063e96,คลินิกหมอทิวา,https://www.google.com/maps/place/%E0%B8%84%E0%B8%A5%E0%B8%B4%E0%B8%99%E0%B8%B4%E0%B8%81%E0%B8%AB%E0%B8%A1%E0%B8%AD%E0%B8%97%E0%B8%B4%E0%B8%A7%E0%B8%B2/data=!4m7!3m6!1s0x30fdab08fafe62f1:0xeea7e2d94e063e96!8m2!3d12.5755912!4d99.946106!16s%2Fg%2F11y7tdnqfw!19sChIJ8WL--gir_TARlj4GTtnip-4?authuser=0&hl=en&rclk=1,5.0,5,,Medical clinic,4 32 ซอย หัวหิน -หว้ยมงคล8,Closed · Opens 5 pm Fri · +66 94 051 4021,"คลินิกหมอทิวา
5.0(5)
Medical clinic · 4 32 ซอย หัวหิน -หว้ยมงคล8
Closed · Opens 5 pm Fri · +66 94 051 4021

Website

Directions",12.57437407800217,99.95079110147104
0x30fdaaff8f61e2a7:0xd7538fcfac6eb2c7,หมู่บ้านเขาน้อยคลินิ หัวหินแล็ปเซ็นเตอร์,https://www.google.com/maps/place/%E0%B8%AB%E0%B8%A1%E0%B8%B9%E0%B9%88%E0%B8%9A%E0%B9%89%E0%B8%B2%E0%B8%99%E0%B9%80%E0%B8%82%E0%B8%B2%E0%B8%99%E0%B9%89%E0%B8%AD%E0%B8%A2%E0%B8%84%E0%B8%A5%E0%B8%B4%E0%B8%99%E0%B8%B4+%E0%B8%AB%E0%B8%B1%E0%B8%A7%E0%B8%AB%E0%B8%B4%E0%B8%99%E0%B9%81%E0%B8%A5%E0%B9%87%E0%B8%9B%E0%B9%80%E0%B8%8B%E0%B9%87%E0%B8%99%E0%B9%80%E0%B8%95%E0%B8%AD%E0%B8%A3%E0%B9%8C/data=!4m7!3m6!1s0x30fdaaff8f61e2a7:0xd7538fcfac6eb2c7!8m2!3d12.5759883!4d99.9460522!16s%2Fg%2F11bc74540k!19sChIJp-Jhj_-q_TARx7JurM-PU9c?authuser=0&hl=en&rclk=1,,0,,Medical clinic,"HWGW+9CV, Sawat Mongkhon 1 Alley",,"หมู่บ้านเขาน้อยคลินิ หัวหินแล็ปเซ็นเตอร์
No reviews
Medical clinic · HWGW+9CV, Sawat Mongkhon 1 Alley

Directions",12.57437407800217,99.95079110147104
0x30e2991a897e6c69:0x5c348d6556c867aa,สแวดยช,https://www.google.com/maps/place/%E0%B8%AA%E0%B9%81%E0%B8%A7%E0%B8%94%E0%B8%A2%E0%B8%8A/data=!4m7!3m6!1s0x30e2991a897e6c69:0x5c348d6556c867aa!8m2!3d12.5738395!4d99.9474442!16s%2Fg%2F11fs0glrrp!19sChIJaWx-iRqZ4jARqmfIVmWNNFw?authuser=0&hl=en&rclk=1,,0,,Skin care clinic,7474 ซอย หัวหิน -หว้ยมงคล8,,"สแวดยช
No reviews
Skin care clinic · 7474 ซอย หัวหิน -หว้ยมงคล8
+66 80 960 6650

Directions",12.57437407800217,99.95079110147104
0x30fdaa548e117965:0x45c72350071589ed,Phae Mai Market,https://www.google.com/maps/place/Phae+Mai+Market/data=!4m7!3m6!1s0x30fdaa548e117965:0x45c72350071589ed!8m2!3d12.5761021!4d99.9509254!16s%2Fg%2F1hm1vg4h0!19sChIJZXkRjlSq_TAR7YkVB1Ajx0U?authuser=0&hl=en&rclk=1,4.4,1824,,Market, · 3/107 ถนน คันคลอง,Closed · Opens 3 pm Tue · +66 95 770 8995,"Phae Mai Market
4.4(1,824)
Market ·  · 3/107 ถนน คันคลอง
Closed · Opens 3 pm Tue · +66 95 770 8995

Directions
 
""First time visit and was amazed.""",12.57437407800217,99.95079110147104
0x30fdaa542d5bd989:0x7093ac16eed1ef5a,Dentist : Banmorfun Dental Clinic คลินิกทันตกรรมบ้านหมอฟันหัวหิน,https://www.google.com/maps/place/Dentist+:+Banmorfun+Dental+Clinic+%E0%B8%84%E0%B8%A5%E0%B8%B4%E0%B8%99%E0%B8%B4%E0%B8%81%E0%B8%97%E0%B8%B1%E0%B8%99%E0%B8%95%E0%B8%81%E0%B8%A3%E0%B8%A3%E0%B8%A1%E0%B8%9A%E0%B9%89%E0%B8%B2%E0%B8%99%E0%B8%AB%E0%B8%A1%E0%B8%AD%E0%B8%9F%E0%B8%B1%E0%B8%99%E0%B8%AB%E0%B8%B1%E0%B8%A7%E0%B8%AB%E0%B8%B4%E0%B8%99/data=!4m7!3m6!1s0x30fdaa542d5bd989:0x7093ac16eed1ef5a!8m2!3d12.5836469!4d99.9491981!16s%2Fg%2F11c5h3v9r1!19sChIJidlbLVSq_TARWu_R7hask3A?authuser=0&hl=en&rclk=1,5.0,30,,Dental clinic, · 5/234,Closed · Opens 4 pm Fri · +66 82 010 3330,"Dentist : Banmorfun Dental Clinic คลินิกทันตกรรมบ้านหมอฟันหัวหิน
5.0(30)
Dental clinic ·  · 5/234
Closed · Opens 4 pm Fri · +66 82 010 3330

Directions
 
""The doctor is highly experienced and provides great advice.""",12.57437407800217,99.95079110147104
0x30fdaa5939b619c3:0x9da71c3d9d2f8646,Nadpob dental clinic สาขา102 นัดพบคลินิกทันตกรรม หัวหิน,https://www.google.com/maps/place/Nadpob+dental+clinic+%E0%B8%AA%E0%B8%B2%E0%B8%82%E0%B8%B2102+%E0%B8%99%E0%B8%B1%E0%B8%94%E0%B8%9E%E0%B8%9A%E0%B8%84%E0%B8%A5%E0%B8%B4%E0%B8%99%E0%B8%B4%E0%B8%81%E0%B8%97%E0%B8%B1%E0%B8%99%E0%B8%95%E0%B8%81%E0%B8%A3%E0%B8%A3%E0%B8%A1+%E0%B8%AB%E0%B8%B1%E0%B8%A7%E0%B8%AB%E0%B8%B4%E0%B8%99/data=!4m7!3m6!1s0x30fdaa5939b619c3:0x9da71c3d9d2f8646!8m2!3d12.5458504!4d99.9579381!16s%2Fg%2F1hc192w5f!19sChIJwxm2OVmq_TARRoYvnT0cp50?authuser=0&hl=en&rclk=1,2.9,14,,Dental clinic,136 372-373 Hua Hin 102,Closed · Opens 9 am Fri · +66 32 513 264,"Nadpob dental clinic สาขา102 นัดพบคลินิกทันตกรรม หัวหิน
2.9(14)
Dental clinic · 136 372-373 Hua Hin 102
Closed · Opens 9 am Fri · +66 32 513 264

Directions",12.566244003024437,99.94873801981399
0x30fdab001688f973:0x5aedeb3c1755adc6,กิติคุณคลินิกการแพทย์แผนไทย หัวหิน Thai traditional medicine clinic,https://www.google.com/maps/place/%E0%B8%81%E0%B8%B4%E0%B8%95%E0%B8%B4%E0%B8%84%E0%B8%B8%E0%B8%93%E0%B8%84%E0%B8%A5%E0%B8%B4%E0%B8%99%E0%B8%B4%E0%B8%81%E0%B8%81%E0%B8%B2%E0%B8%A3%E0%B9%81%E0%B8%9E%E0%B8%97%E0%B8%A2%E0%B9%8C%E0%B9%81%E0%B8%9C%E0%B8%99%E0%B9%84%E0%B8%97%E0%B8%A2+%E0%B8%AB%E0%B8%B1%E0%B8%A7%E0%B8%AB%E0%B8%B4%E0%B8%99+Thai+traditional+medicine+clinic/data=!4m7!3m6!1s0x30fdab001688f973:0x5aedeb3c1755adc6!8m2!3d12.57866!4d99.9397311!16s%2Fg%2F11ymxymlg5!19sChIJc_mIFgCr_TARxq1VFzzr7Vo?authuser=0&hl=en&rclk=1,5.0,5,,Alternative medicine practitioner,40 88 ถนนหัวหิน -ห้วยมงคล,Closed · Opens 8 am Fri · +66 98 625 2545,"กิติคุณคลินิกการแพทย์แผนไทย หัวหิน Thai traditional medicine clinic
5.0(5)
Alternative medicine practitioner · 40 88 ถนนหัวหิน -ห้วยมงคล
Closed · Opens 8 am Fri · +66 98 625 2545

Directions
 
""I had 3 sessions and start to feel better, less pain.""",12.570555996975564,99.94873801981399
0x30fdab002d92226f:0xb5c5ffbab8d48610,นานะ รักษาสัตว์ Nana Pet Clinic,https://www.google.com/maps/place/%E0%B8%99%E0%B8%B2%E0%B8%99%E0%B8%B0+%E0%B8%A3%E0%B8%B1%E0%B8%81%E0%B8%A9%E0%B8%B2%E0%B8%AA%E0%B8%B1%E0%B8%95%E0%B8%A7%E0%B9%8C+Nana+Pet+Clinic/data=!4m7!3m6!1s0x30fdab002d92226f:0xb5c5ffbab8d48610!8m2!3d12.5327462!4d99.9602668!16s%2Fg%2F11msrkc90f!19sChIJbyKSLQCr_TAREIbUuLr_xbU?authuser=0&hl=en&rclk=1,5.0,13,,Veterinarian,10 Phet Kasem Rd,Closed · Opens 9 am Fri · +66 92 981 1990,"นานะ รักษาสัตว์ Nana Pet Clinic
5.0(13)
Veterinarian · 10 Phet Kasem Rd
Closed · Opens 9 am Fri · +66 92 981 1990

Directions
 
""Two lovely young doctors who make ther job with passion.""",12.5684,99.971545289221
0x30fdab562b661911:0xe4eb15b14849d7b,คลินิกหมออติพร,https://www.google.com/maps/place/%E0%B8%84%E0%B8%A5%E0%B8%B4%E0%B8%99%E0%B8%B4%E0%B8%81%E0%B8%AB%E0%B8%A1%E0%B8%AD%E0%B8%AD%E0%B8%95%E0%B8%B4%E0%B8%9E%E0%B8%A3/data=!4m7!3m6!1s0x30fdab562b661911:0xe4eb15b14849d7b!8m2!3d12.6075493!4d99.9501731!16s%2Fg%2F11g4h__f_9!19sChIJERlmK1ar_TARe52EFFuxTg4?authuser=0&hl=en&rclk=1,5.0,16,,Doctor, · 27 61,Closed · Opens 5 pm Fri · +66 95 091 8005,"คลินิกหมออติพร
5.0(16)
Doctor ·  · 27 61
Closed · Opens 5 pm Fri · +66 95 091 8005

Directions
 
""The medicine she prescribed worked very well and helped me recover quickly.""",12.5684,99.971545289221
0x30fdab006555e1d1:0xa0cb7586a9b71bae,Cheewit cheewa physical therapy clinic huahin,https://www.google.com/maps/place/Cheewit+cheewa+physical+therapy+clinic+huahin/data=!4m7!3m6!1s0x30fdab006555e1d1:0xa0cb7586a9b71bae!8m2!3d12.5356501!4d99.9647522!16s%2Fg%2F11wbm1cn4q!19sChIJ0eFVZQCr_TARrhu3qYZ1y6A?authuser=0&hl=en&rclk=1,5.0,2,,Physical therapy clinic, · B1 4,Closed · Opens 9 am Fri · +66 86 334 6397,"Cheewit cheewa physical therapy clinic huahin
5.0(2)
Physical therapy clinic ·  · B1 4
Closed · Opens 9 am Fri · +66 86 334 6397

Directions",12.5684,99.971545289221
0x30fdaa54d97265cf:0xd4536e68ecd0141b,V Smile Dental Clinic Huahin,https://www.google.com/maps/place/V+Smile+Dental+Clinic+Huahin/data=!4m7!3m6!1s0x30fdaa54d97265cf:0xd4536e68ecd0141b!8m2!3d12.6085449!4d99.9504161!16s%2Fg%2F11b7v_0260!19sChIJz2Vy2VSq_TARGxTQ7GhuU9Q?authuser=0&hl=en&rclk=1,4.9,139,,Dental clinic,27 91 Phet Kasem Rd,Closed · Opens 10 am Fri · +66 98 561 9909,"V Smile Dental Clinic Huahin
4.9(139)
Dental clinic · 27 91 Phet Kasem Rd
Closed · Opens 10 am Fri · +66 98 561 9909

Website

Directions
 
""The tooth extraction went smooth and pain-free.""",12.5684,99.971545289221
0x30fdab446058ec69:0x1225960bcd88ec1,Be Well Dental Clinic,https://www.google.com/maps/place/Be+Well+Dental+Clinic/data=!4m7!3m6!1s0x30fdab446058ec69:0x1225960bcd88ec1!8m2!3d12.5138074!4d99.964939!16s%2Fg%2F11v6vwnsmc!19sChIJaexYYESr_TARwY7YvGBZIgE?authuser=0&hl=en&rclk=1,4.8,34,,Dental clinic,"68, 317 Second Floor",Closed · Opens 9 am Fri · +66 2 111 6644,"Be Well Dental Clinic
4.8(34)
Dental clinic · 68, 317 Second Floor
Closed · Opens 9 am Fri · +66 2 111 6644

Website

Directions
 
""Very impressed with the treatment received and the very proffessional staff.""",12.5684,99.971545289221
0x30fdac0bc6573e47:0x9aa783ca02bb2346,Phumin Medical Clinic,https://www.google.com/maps/place/Phumin+Medical+Clinic/data=!4m7!3m6!1s0x30fdac0bc6573e47:0x9aa783ca02bb2346!8m2!3d12.5237452!4d99.9732898!16s%2Fg%2F11b67njmd8!19sChIJRz5Xxgus_TARRiO7AsqDp5o?authuser=0&hl=en&rclk=1,,0,,Medical clinic,"Nong Kae-Takiap Road , Nong Kae , 77110 Hua Hin , Prachuap Khiri Khan",,"Phumin Medical Clinic
No reviews
Medical clinic · Nong Kae-Takiap Road , Nong Kae , 77110 Hua Hin , Prachuap Khiri Khan

Directions",12.5684,99.971545289221
0x30fdabadaf11fecd:0x3c95c44fb7378d5b,Aroka Acupuncture clinic Huahin​ อโรคา​คลินิกฝังเข็ม​ ครอบแก้ว​ กดจุดรักษา​ หัวหิน,https://www.google.com/maps/place/Aroka+Acupuncture+clinic+Huahin%E2%80%8B+%E0%B8%AD%E0%B9%82%E0%B8%A3%E0%B8%84%E0%B8%B2%E2%80%8B%E0%B8%84%E0%B8%A5%E0%B8%B4%E0%B8%99%E0%B8%B4%E0%B8%81%E0%B8%9D%E0%B8%B1%E0%B8%87%E0%B9%80%E0%B8%82%E0%B9%87%E0%B8%A1%E2%80%8B+%E0%B8%84%E0%B8%A3%E0%B8%AD%E0%B8%9A%E0%B9%81%E0%B8%81%E0%B9%89%E0%B8%A7%E2%80%8B+%E0%B8%81%E0%B8%94%E0%B8%88%E0%B8%B8%E0%B8%94%E0%B8%A3%E0%B8%B1%E0%B8%81%E0%B8%A9%E0%B8%B2%E2%80%8B+%E0%B8%AB%E0%B8%B1%E0%B8%A7%E0%B8%AB%E0%B8%B4%E0%B8%99/data=!4m7!3m6!1s0x30fdabadaf11fecd:0x3c95c44fb7378d5b!8m2!3d12.6180893!4d99.9269123!16s%2Fg%2F11x8mb5cd8!19sChIJzf4Rr62r_TARW403t0_ElTw?authuser=0&hl=en&rclk=1,5.0,21,,Medical clinic,"100, หมู่บ้านชายเขา1, 218 ซอย6",Closed · Opens 10 am Fri · +66 65 395 6491,"Aroka Acupuncture clinic Huahin​ อโรคา​คลินิกฝังเข็ม​ ครอบแก้ว​ กดจุดรักษา​ หัวหิน
5.0(21)
Medical clinic · 100, หมู่บ้านชายเขา1, 218 ซอย6
Closed · Opens 10 am Fri · +66 65 395 6491

Website

Directions
 
""The doctor is very friendly, and I felt much better after the treatment""",12.5684,99.971545289221
0x30fdab2db7172117:0x5074544e4fac6b80,Sutinee Physiotherapy Clinic,https://www.google.com/maps/place/Sutinee+Physiotherapy+Clinic/data=!4m7!3m6!1s0x30fdab2db7172117:0x5074544e4fac6b80!8m2!3d12.5765687!4d99.9110802!16s%2Fg%2F11fll5zp90!19sChIJFyEXty2r_TARgGusT05UdFA?authuser=0&hl=en&rclk=1,5.0,4,,Physical therapy clinic, · 290/30 ซอยหมู่บ้านสกลรัตน์ หมู่ที่ 14,Closed · Opens 5 pm Fri · +66 92 356 8899,"Sutinee Physiotherapy Clinic
5.0(4)
Physical therapy clinic ·  · 290/30 ซอยหมู่บ้านสกลรัตน์ หมู่ที่ 14
Closed · Opens 5 pm Fri · +66 92 356 8899

Website

Directions",12.5684,99.971545289221
0x30fdac0b074c0a6b:0x87638e9a0dfcb17b,Clinic Pran,https://www.google.com/maps/place/Clinic+Pran/data=!4m7!3m6!1s0x30fdac0b074c0a6b:0x87638e9a0dfcb17b!8m2!3d12.5255917!4d99.9726871!16s%2Fg%2F11ddwy7ks4!19sChIJawpMBwus_TARe7H8DZqOY4c?authuser=0&hl=en&rclk=1,,0,,Doctor,21/14 Nong Kae-Takiap,,"Clinic Pran
No reviews
Doctor · 21/14 Nong Kae-Takiap

Directions",12.5684,99.971545289221
0x30fdaa899983a77f:0xe267edc0d51a07c3,Hua Hin Clinic Garageဝေဟင်,https://www.google.com/maps/place/Hua+Hin+Clinic+Garage%E1%80%9D%E1%80%B1%E1%80%9F%E1%80%84%E1%80%BA/data=!4m7!3m6!1s0x30fdaa899983a77f:0xe267edc0d51a07c3!8m2!3d12.6097201!4d99.9438933!16s%2Fg%2F11f5h5nsqj!19sChIJf6eDmYmq_TARwwca1cDtZ-I?authuser=0&hl=en&rclk=1,4.7,18,,Auto restoration service,64 161,Closed · Opens 9 am Fri · +66 93 794 9992,"Hua Hin Clinic Garageဝေဟင်
4.7(18)
Auto restoration service · 64 161
Closed · Opens 9 am Fri · +66 93 794 9992

Directions
 
""Honest boss they have 👍""",12.5684,99.971545289221
0x30fdaa7d35d704d3:0x9b6dcc75e058f967,Rehabilitation and Physiotherapy Clinic,https://www.google.com/maps/place/Rehabilitation+and+Physiotherapy+Clinic/data=!4m7!3m6!1s0x30fdaa7d35d704d3:0x9b6dcc75e058f967!8m2!3d12.6081509!4d99.9480447!16s%2Fg%2F11c5325wm4!19sChIJ0wTXNX2q_TARZ_lY4HXMbZs?authuser=0&hl=en&rclk=1,4.0,1,,Hospital, · JW5X+767 โรง พยาบาล,,"Rehabilitation and Physiotherapy Clinic
4.0(1)
Hospital ·  · JW5X+767 โรง พยาบาล
+66 32 523 000

Directions",12.5684,99.971545289221
0x30fdaa7f0fc0511d:0x56d886a9b3ae02e2,dentist : Dazzling Smile Dental Clinic,https://www.google.com/maps/place/dentist+:+Dazzling+Smile+Dental+Clinic/data=!4m7!3m6!1s0x30fdaa7f0fc0511d:0x56d886a9b3ae02e2!8m2!3d12.6168843!4d99.9502225!16s%2Fg%2F1thlwxct!19sChIJHVHAD3-q_TAR4gKus6mG2FY?authuser=0&hl=en&rclk=1,4.9,116,,Dentist,"42, 117 Soi Moobanbohfai, Petchkasem Rd",Closed · Opens 10 am Fri · +66 86 307 7305,"dentist : Dazzling Smile Dental Clinic
4.9(116)
Dentist · 42, 117 Soi Moobanbohfai, Petchkasem Rd
Closed · Opens 10 am Fri · +66 86 307 7305

Directions
 
""Fantastic friendly staff and high quality results.""",12.5684,99.971545289221
0x30fdaa7ccc782bdd:0x9f4ae09c741a295a,คลินิกตา แพทย์หญิงอรุณี (Dr.Arunee Eye Clinic),https://www.google.com/maps/place/%E0%B8%84%E0%B8%A5%E0%B8%B4%E0%B8%99%E0%B8%B4%E0%B8%81%E0%B8%95%E0%B8%B2+%E0%B9%81%E0%B8%9E%E0%B8%97%E0%B8%A2%E0%B9%8C%E0%B8%AB%E0%B8%8D%E0%B8%B4%E0%B8%87%E0%B8%AD%E0%B8%A3%E0%B8%B8%E0%B8%93%E0%B8%B5+%28Dr.Arunee+Eye+Clinic%29/data=!4m7!3m6!1s0x30fdaa7ccc782bdd:0x9f4ae09c741a295a!8m2!3d12.6075542!4d99.9501706!16s%2Fg%2F119th0h4d!19sChIJ3St4zHyq_TARWikadJzgSp8?authuser=0&hl=en&rclk=1,4.8,4,,Ophthalmologist,ตรงข้ามโรงพยาบาลหัวหิน (oppposite Soi Hospital,Closed · Opens 9 am Fri · +66 32 522 300,"คลินิกตา แพทย์หญิงอรุณี (Dr.Arunee Eye Clinic)
4.8(4)
Ophthalmologist · ตรงข้ามโรงพยาบาลหัวหิน (oppposite Soi Hospital
Closed · Opens 9 am Fri · +66 32 522 300

Website

Directions",12.5684,99.971545289221
0x30fd0081fb851153:0xb6fb111c904c0426,Huahin Heart Clinic,https://www.google.com/maps/place/Huahin+Heart+Clinic/data=!4m7!3m6!1s0x30fd0081fb851153:0xb6fb111c904c0426!8m2!3d12.6194118!4d99.9516089!16s%2Fg%2F11j8lznwh1!19sChIJUxGF-4EA_TARJgRMkBwR-7Y?authuser=0&hl=en&rclk=1,,0,,Medical clinic,53-55 Phet Kasem Rd,,"Huahin Heart Clinic
No reviews
Medical clinic · 53-55 Phet Kasem Rd

Directions",12.5684,99.971545289221
0x30fdabdba2bcc487:0x295b7962684243d5,JuSonClinic,https://www.google.com/maps/place/JuSonClinic/data=!4m7!3m6!1s0x30fdabdba2bcc487:0x295b7962684243d5!8m2!3d12.5791108!4d99.9551884!16s%2Fg%2F11p9ncm289!19sChIJh8S8otur_TAR1UNCaGJ5Wyk?authuser=0&hl=en&rclk=1,4.7,15,,Plastic surgery clinic,11 8 Hua Hin 51 Alley,Closed · Opens 10 am Fri · +66 96 282 9244,"JuSonClinic
4.7(15)
Plastic surgery clinic · 11 8 Hua Hin 51 Alley
Closed · Opens 10 am Fri · +66 96 282 9244

Directions",12.581500003593776,99.96109881756902
0x30fd01d39e032d4f:0x874bb146b1e7b170,OMD Clinic Huahin (สาขาหัวหิน),https://www.google.com/maps/place/OMD+Clinic+Huahin+%28%E0%B8%AA%E0%B8%B2%E0%B8%82%E0%B8%B2%E0%B8%AB%E0%B8%B1%E0%B8%A7%E0%B8%AB%E0%B8%B4%E0%B8%99%29/data=!4m7!3m6!1s0x30fd01d39e032d4f:0x874bb146b1e7b170!8m2!3d12.6217216!4d99.9319368!16s%2Fg%2F11jt181r33!19sChIJTy0DntMB_TARcLHnsUaxS4c?authuser=0&hl=en&rclk=1,5.0,9,,Alternative medicine practitioner,"100/1089, 100/1091 และ 100/1093 หมู่บ้านบ่อฝ้าย หัวหิน",Closed · Opens 9 am Fri · +66 92 555 0300,"OMD Clinic Huahin (สาขาหัวหิน)
5.0(9)
Alternative medicine practitioner · 100/1089, 100/1091 และ 100/1093 หมู่บ้านบ่อฝ้าย หัวหิน
Closed · Opens 9 am Fri · +66 92 555 0300

Directions
 
""Best in Hua Hin 🙏""",12.581500003593776,99.96109881756902
0x30fdab3033bcc031:0x447a2b4af19977fc,Yingyos Orthopaedic,https://www.google.com/maps/place/Yingyos+Orthopaedic/data=!4m7!3m6!1s0x30fdab3033bcc031:0x447a2b4af19977fc!8m2!3d12.579028!4d99.952933!16s%2Fg%2F11hz1tqdcy!19sChIJMcC8MzCr_TAR_HeZ8UorekQ?authuser=0&hl=en&rclk=1,4.7,35,,Orthopedic surgeon, · Opposite 16/5 Petchkasem Road Naebkehardt Rd,Closed · Opens 9 am Fri · +66 81 351 5453,"Yingyos Orthopaedic
4.7(35)
Orthopedic surgeon ·  · Opposite 16/5 Petchkasem Road Naebkehardt Rd
Closed · Opens 9 am Fri · +66 81 351 5453

Website

Directions
 
""Very satisfied with the doctor, treatment and friendly professional staff.""",12.581867358013604,99.95655666507825
0x30fdaa50cd03b3cd:0xc22f74f517436c02,คลินิกทันตกรรม 2000,https://www.google.com/maps/place/%E0%B8%84%E0%B8%A5%E0%B8%B4%E0%B8%99%E0%B8%B4%E0%B8%81%E0%B8%97%E0%B8%B1%E0%B8%99%E0%B8%95%E0%B8%81%E0%B8%A3%E0%B8%A3%E0%B8%A1+2000/data=!4m7!3m6!1s0x30fdaa50cd03b3cd:0xc22f74f517436c02!8m2!3d12.5829709!4d99.9521233!16s%2Fg%2F1hf44t7n8!19sChIJzbMDzVCq_TARAmxDF_V0L8I?authuser=0&hl=en&rclk=1,,0,,Medical clinic,"20/45 หัวหิน 110, ถ.เพชรเกษม, ต.หัวหิน อ.หัวหิน ประจวบคีรีขันธ์, 77110",,"คลินิกทันตกรรม 2000
No reviews
Medical clinic · 20/45 หัวหิน 110, ถ.เพชรเกษม, ต.หัวหิน อ.หัวหิน ประจวบคีรีขันธ์, 77110
+66 87 547 1457

Directions",12.581867358013604,99.95655666507825
0x30fdab004cbf5539:0x78f1125a71132ee0,คลินิกต้นโพธิ์รักษาสัตว์,https://www.google.com/maps/place/%E0%B8%84%E0%B8%A5%E0%B8%B4%E0%B8%99%E0%B8%B4%E0%B8%81%E0%B8%95%E0%B9%89%E0%B8%99%E0%B9%82%E0%B8%9E%E0%B8%98%E0%B8%B4%E0%B9%8C%E0%B8%A3%E0%B8%B1%E0%B8%81%E0%B8%A9%E0%B8%B2%E0%B8%AA%E0%B8%B1%E0%B8%95%E0%B8%A7%E0%B9%8C/data=!4m7!3m6!1s0x30fdab004cbf5539:0x78f1125a71132ee0!8m2!3d12.5836445!4d99.9512442!16s%2Fg%2F11r1lrbc3m!19sChIJOVW_TACr_TAR4C4TcVoS8Xg?authuser=0&hl=en&rclk=1,5.0,18,,Animal hospital,"8, 128 Hua Hin 56",Temporarily closed · +66 62 714 5559,"คลินิกต้นโพธิ์รักษาสัตว์
5.0(18)
Animal hospital · 8, 128 Hua Hin 56
Temporarily closed · +66 62 714 5559

Directions",12.581867358013604,99.95655666507825
0x30fdab3fd48eeacd:0x5da212f2759f5b33,คลินิกทันตกรรมพราวด์เดนทัล - Proud Dental Clinic HuaHin,https://www.google.com/maps/place/%E0%B8%84%E0%B8%A5%E0%B8%B4%E0%B8%99%E0%B8%B4%E0%B8%81%E0%B8%97%E0%B8%B1%E0%B8%99%E0%B8%95%E0%B8%81%E0%B8%A3%E0%B8%A3%E0%B8%A1%E0%B8%9E%E0%B8%A3%E0%B8%B2%E0%B8%A7%E0%B8%94%E0%B9%8C%E0%B9%80%E0%B8%94%E0%B8%99%E0%B8%97%E0%B8%B1%E0%B8%A5+-+Proud+Dental+Clinic+HuaHin/data=!4m7!3m6!1s0x30fdab3fd48eeacd:0x5da212f2759f5b33!8m2!3d12.5738073!4d99.908583!16s%2Fg%2F11wnqjsp29!19sChIJzeqO1D-r_TARM1ufdfISol0?authuser=0&hl=en&rclk=1,4.7,76,,Dental clinic,"40, 2",Closed · Opens 9:30 am Fri · +66 93 579 5885,"คลินิกทันตกรรมพราวด์เดนทัล - Proud Dental Clinic HuaHin
4.7(76)
Dental clinic · 40, 2
Closed · Opens 9:30 am Fri · +66 93 579 5885

Website

Directions
 
""The doctor explains very well and the tools are very new!""",12.56617574877999,99.944043542478
0x30fdab1948ab947b:0x9dae7fbe07cae85a,NP Animal Clinic,https://www.google.com/maps/place/NP+Animal+Clinic/data=!4m7!3m6!1s0x30fdab1948ab947b:0x9dae7fbe07cae85a!8m2!3d12.5749482!4d99.9130923!16s%2Fg%2F11fm5fzvmd!19sChIJe5SrSBmr_TARWujKB75_rp0?authuser=0&hl=en&rclk=1,4.6,50,,Animal hospital,111/2 ถ.หัวหิน-หนองพลับ,Closed · Opens 9 am Fri · +66 90 919 8738,"NP Animal Clinic
4.6(50)
Animal hospital · 111/2 ถ.หัวหิน-หนองพลับ
Closed · Opens 9 am Fri · +66 90 919 8738

Directions
 
""The clinic is very clean.""",12.56617574877999,99.944043542478
0x30fc55c618f1e683:0x91ea8d09285d68db,Pet family clinic,https://www.google.com/maps/place/Pet+family+clinic/data=!4m7!3m6!1s0x30fc55c618f1e683:0x91ea8d09285d68db!8m2!3d12.5619292!4d99.8986636!16s%2Fg%2F11fn2w2p8v!19sChIJg-bxGMZV_DAR22hdKAmN6pE?authuser=0&hl=en&rclk=1,4.9,49,,Veterinarian,234/22 ม.15 ถนน หนองขอน-วังยาว,Closed · Opens 10 am Fri · +66 65 205 5654,"Pet family clinic
4.9(49)
Veterinarian · 234/22 ม.15 ถนน หนองขอน-วังยาว
Closed · Opens 10 am Fri · +66 65 205 5654

Directions
 
""Dr. P was absolutely amazing.""",12.56617574877999,99.944043542478
0x30fdab58d7aeedd9:0x3fc9eeb31f8f986,Best Health Physio&Wellness Clinic,https://www.google.com/maps/place/Best+Health+Physio%26Wellness+Clinic/data=!4m7!3m6!1s0x30fdab58d7aeedd9:0x3fc9eeb31f8f986!8m2!3d12.5355734!4d99.9649648!16s%2Fg%2F11sns2q25r!19sChIJ2e2u11ir_TARhvn4Meue_AM?authuser=0&hl=en&rclk=1,,0,,Physical therapy clinic,155 28,Temporarily closed · +66 88 961 5916,"Best Health Physio&Wellness Clinic
No reviews
Physical therapy clinic · 155 28
Temporarily closed · +66 88 961 5916

Directions",12.556024684774933,99.95213841066693
0x30fdabf3f2dd9df9:0xedb50c81347a34c0,Monique Vision by Optometrist Hua Hin ร้านแว่นตาโมนิค วิชั่น โดยนักทัศนมาตร หัวหิน,https://www.google.com/maps/place/Monique+Vision+by+Optometrist+Hua+Hin+%E0%B8%A3%E0%B9%89%E0%B8%B2%E0%B8%99%E0%B9%81%E0%B8%A7%E0%B9%88%E0%B8%99%E0%B8%95%E0%B8%B2%E0%B9%82%E0%B8%A1%E0%B8%99%E0%B8%B4%E0%B8%84+%E0%B8%A7%E0%B8%B4%E0%B8%8A%E0%B8%B1%E0%B9%88%E0%B8%99+%E0%B9%82%E0%B8%94%E0%B8%A2%E0%B8%99%E0%B8%B1%E0%B8%81%E0%B8%97%E0%B8%B1%E0%B8%A8%E0%B8%99%E0%B8%A1%E0%B8%B2%E0%B8%95%E0%B8%A3+%E0%B8%AB%E0%B8%B1%E0%B8%A7%E0%B8%AB%E0%B8%B4%E0%B8%99/data=!4m7!3m6!1s0x30fdabf3f2dd9df9:0xedb50c81347a34c0!8m2!3d12.5538186!4d99.9618552!16s%2Fg%2F11t2fk2ww7!19sChIJ-Z3d8vOr_TARwDR6NIEMte0?authuser=0&hl=en&rclk=1,5.0,84,,Optometrist,Shop1 ร็อคโค่ คอนโดมิเนียม 135/76,Closed · Opens 9 am Fri · +66 82 236 6266,"Monique Vision by Optometrist Hua Hin ร้านแว่นตาโมนิค วิชั่น โดยนักทัศนมาตร หัวหิน
5.0(84)
Optometrist · Shop1 ร็อคโค่ คอนโดมิเนียม 135/76
Closed · Opens 9 am Fri · +66 82 236 6266

Website

Directions
 
""They were able to do the exam on the same day.""",12.555299996406225,99.96109881756902
0x30fdabbb6c0b1bad:0x9e6b7e92354d9c57,Market Village Huahin,https://www.google.com/maps/place/Market+Village+Huahin/data=!4m7!3m6!1s0x30fdabbb6c0b1bad:0x9e6b7e92354d9c57!8m2!3d12.5577463!4d99.960394!16zL20vMGcyM3Zq!19sChIJrRsLbLur_TARV5xNNZJ-a54?authuser=0&hl=en&rclk=1,4.5,6807,,Shopping mall, · 234/1 Phet Kasem Rd,Closed · Opens 10:30 am Fri · +66 32 618 888,"Market Village Huahin
4.5(6,807)
Shopping mall ·  · 234/1 Phet Kasem Rd
Contemporary hub for shopping & dining
Closed · Opens 10:30 am Fri · +66 32 618 888

Website

Directions
 
""also great for getting a haircut.""",12.555299996406225,99.96109881756902
0x30fdab57246ca9c9:0x6271b712a4b51765,House of Beauty (HOB),https://www.google.com/maps/place/House+of+Beauty+%28HOB%29/data=!4m7!3m6!1s0x30fdab57246ca9c9:0x6271b712a4b51765!8m2!3d12.5575759!4d99.9596097!16s%2Fg%2F11gk0cs8gc!19sChIJyalsJFer_TARZRe1pBK3cWI?authuser=0&hl=en&rclk=1,4.5,139,,Nail salon,ห้างหัวหินมาร์เก็ตวิลเลจ,,"House of Beauty (HOB)
4.5(139)
Nail salon · ห้างหัวหินมาร์เก็ตวิลเลจ
+66 32 526 245

Website

Directions
 
""This place is very professional, efficient, and provides excellent services.""",12.555299996406225,99.96109881756902
0x30fdabbb852d7101:0x7597c0601ed02b68,Dr.Pairat Eye,https://www.google.com/maps/place/Dr.Pairat+Eye/data=!4m7!3m6!1s0x30fdabbb852d7101:0x7597c0601ed02b68!8m2!3d12.556996!4d99.9610437!16s%2Fg%2F11r9khd5s!19sChIJAXEthbur_TARaCvQHmDAl3U?authuser=0&hl=en&rclk=1,4.4,69,,Ophthalmologist, · Phet Kasem Rd,Closed · Opens 8:30 am Fri · +66 32 516 544,"Dr.Pairat Eye
4.4(69)
Ophthalmologist ·  · Phet Kasem Rd
Closed · Opens 8:30 am Fri · +66 32 516 544

Directions
 
""Highly recommend to use this Clinic if you're in need of treatment.""",12.554932641986397,99.95655666507825
0x30fdab03b0fc16d9:0xd2a32c761277207f,102 Physiotherapy /102คลินิกกายภาพบำบัด,https://www.google.com/maps/place/102+Physiotherapy+%2F102%E0%B8%84%E0%B8%A5%E0%B8%B4%E0%B8%99%E0%B8%B4%E0%B8%81%E0%B8%81%E0%B8%B2%E0%B8%A2%E0%B8%A0%E0%B8%B2%E0%B8%9E%E0%B8%9A%E0%B8%B3%E0%B8%9A%E0%B8%B1%E0%B8%94/data=!4m7!3m6!1s0x30fdab03b0fc16d9:0xd2a32c761277207f!8m2!3d12.5459794!4d99.9585824!16s%2Fg%2F11fszjqjvd!19sChIJ2Rb8sAOr_TARfyB3EnYso9I?authuser=0&hl=en&rclk=1,4.2,9,,Physical therapy clinic," · 136, 358 Soi 102",Closed · Opens 9 am Fri · +66 81 942 8824,"102 Physiotherapy /102คลินิกกายภาพบำบัด
4.2(9)
Physical therapy clinic ·  · 136, 358 Soi 102
Closed · Opens 9 am Fri · +66 81 942 8824

Directions
 
""I've been a few times and they always took good care of my back and spine.""",12.554932641986397,99.95655666507825
0x30fdabbc44ffbd95:0x74d0516a6c438a8,"Dr.Ungsana Akarapong, M.D., F.A.C.R","https://www.google.com/maps/place/Dr.Ungsana+Akarapong,+M.D.,+F.A.C.R/data=!4m7!3m6!1s0x30fdabbc44ffbd95:0x74d0516a6c438a8!8m2!3d12.554344!4d99.961347!16s%2Fg%2F1pzxs3cyn!19sChIJlb3_RLyr_TARqDjEphYFTQc?authuser=0&hl=en&rclk=1",,0,,Emergency care physician,"Bangkok Hospital, 888 Phet Kasem Rd",,"Dr.Ungsana Akarapong, M.D., F.A.C.R
No reviews
Emergency care physician · Bangkok Hospital, 888 Phet Kasem Rd
+66 32 616 800

Directions",12.554932641986397,99.95655666507825
0x30fdabe5dc903a0d:0x6c4b667bc99e675c,360physio กายภาพบำบัด หัวหิน / 360 physiotherapy clinic Hua Hin,https://www.google.com/maps/place/360physio+%E0%B8%81%E0%B8%B2%E0%B8%A2%E0%B8%A0%E0%B8%B2%E0%B8%9E%E0%B8%9A%E0%B8%B3%E0%B8%9A%E0%B8%B1%E0%B8%94+%E0%B8%AB%E0%B8%B1%E0%B8%A7%E0%B8%AB%E0%B8%B4%E0%B8%99+%2F+360+physiotherapy+clinic+Hua+Hin/data=!4m7!3m6!1s0x30fdabe5dc903a0d:0x6c4b667bc99e675c!8m2!3d12.5311536!4d99.9558443!16s%2Fg%2F11g_x7llqj!19sChIJDTqQ3OWr_TARXGeeyXtmS2w?authuser=0&hl=en&rclk=1,5.0,85,,Physical therapy clinic," · 33, 20 Soi Moo Baan Hua Na",Closed · Opens 9 am Fri,"360physio กายภาพบำบัด หัวหิน / 360 physiotherapy clinic Hua Hin
5.0(85)
Physical therapy clinic ·  · 33, 20 Soi Moo Baan Hua Na
Closed · Opens 9 am Fri

Website

Directions
 
""Extremely knowledgeable staff and a great facility located conveniently.""",12.554932641986397,99.95655666507825
0x30fdab3f9d6320f9:0x1e180456fa5770bd,ปัญญาเด็นทัลแลป,https://www.google.com/maps/place/%E0%B8%9B%E0%B8%B1%E0%B8%8D%E0%B8%8D%E0%B8%B2%E0%B9%80%E0%B8%94%E0%B9%87%E0%B8%99%E0%B8%97%E0%B8%B1%E0%B8%A5%E0%B9%81%E0%B8%A5%E0%B8%9B/data=!4m7!3m6!1s0x30fdab3f9d6320f9:0x1e180456fa5770bd!8m2!3d12.5962024!4d99.944199!16s%2Fg%2F11r9lqzt79!19sChIJ-SBjnT-r_TARvXBX-lYEGB4?authuser=0&hl=en&rclk=1,,0,,Dental clinic,28 ถ.เลียบคลอง,,"ปัญญาเด็นทัลแลป
No reviews
Dental clinic · 28 ถ.เลียบคลอง

Directions",12.586382463575285,99.9588591372043
0x30fdaa7ebd3eb3fb:0xce5feb0086fc450b,คลินิคสวนขวัญสัตวแพทย์ Suan Kwan Veterinary Clinic,https://www.google.com/maps/place/%E0%B8%84%E0%B8%A5%E0%B8%B4%E0%B8%99%E0%B8%B4%E0%B8%84%E0%B8%AA%E0%B8%A7%E0%B8%99%E0%B8%82%E0%B8%A7%E0%B8%B1%E0%B8%8D%E0%B8%AA%E0%B8%B1%E0%B8%95%E0%B8%A7%E0%B9%81%E0%B8%9E%E0%B8%97%E0%B8%A2%E0%B9%8C+Suan+Kwan+Veterinary+Clinic/data=!4m7!3m6!1s0x30fdaa7ebd3eb3fb:0xce5feb0086fc450b!8m2!3d12.6144131!4d99.9506036!16s%2Fg%2F11f50scss1!19sChIJ-7M-vX6q_TARC0X8hgDrX84?authuser=0&hl=en&rclk=1,5.0,4,,Veterinarian,43/401 Phetkaseam Road,,"คลินิคสวนขวัญสัตวแพทย์ Suan Kwan Veterinary Clinic
5.0(4)
Veterinarian · 43/401 Phetkaseam Road
+66 61 727 9191

Website

Directions",12.586382463575285,99.9588591372043
0x30fdaa5939b619c3:0xe0fdb5b590539da1,คลินิกทันตแพทย์เดชา,https://www.google.com/maps/place/%E0%B8%84%E0%B8%A5%E0%B8%B4%E0%B8%99%E0%B8%B4%E0%B8%81%E0%B8%97%E0%B8%B1%E0%B8%99%E0%B8%95%E0%B9%81%E0%B8%9E%E0%B8%97%E0%B8%A2%E0%B9%8C%E0%B9%80%E0%B8%94%E0%B8%8A%E0%B8%B2/data=!4m7!3m6!1s0x30fdaa5939b619c3:0xe0fdb5b590539da1!8m2!3d12.5899063!4d99.950498!16s%2Fg%2F1hf2731_3!19sChIJwxm2OVmq_TARoZ1TkLW1_eA?authuser=0&hl=en&rclk=1,,0,,Medical clinic,"คลินิกทันตแพทย์เดชา, ถ.เพชรเกษม, ต.หัวหิน อ.หัวหิน ประจวบคีรีขันธ์, 77110",,"คลินิกทันตแพทย์เดชา
No reviews
Medical clinic · คลินิกทันตแพทย์เดชา, ถ.เพชรเกษม, ต.หัวหิน อ.หัวหิน ประจวบคีรีขันธ์, 77110
+66 89 147 5582

Directions",12.5860988693825,99.95424086867327
0x30fdaafc6e1620a7:0x811f5af584f2b3a,WESTHILL ANIMAL HOSPITAL,https://www.google.com/maps/place/WESTHILL+ANIMAL+HOSPITAL/data=!4m7!3m6!1s0x30fdaafc6e1620a7:0x811f5af584f2b3a!8m2!3d12.5790047!4d99.93918!16s%2Fg%2F11g9wcgwh9!19sChIJpyAWbvyq_TAROitPWK_1EQg?authuser=0&hl=en&rclk=1,4.7,56,,Veterinarian,HWHQ+JM3 3218,Closed · Opens 8 am Fri · +66 84 514 6420,"WESTHILL ANIMAL HOSPITAL
4.7(56)
Veterinarian · HWHQ+JM3 3218
Closed · Opens 8 am Fri · +66 84 514 6420

Directions
 
""I'll definitely recommend this clinic.""",12.578990725266532,99.94276523430425
0x30fdaafb613c1add:0x2f28439797d0be66,Tan-diau Pet Hospital,https://www.google.com/maps/place/Tan-diau+Pet+Hospital/data=!4m7!3m6!1s0x30fdaafb613c1add:0x2f28439797d0be66!8m2!3d12.5800882!4d99.937047!16s%2Fg%2F11c1p8vfcl!19sChIJ3Ro8Yfuq_TARZr7Ql5dDKC8?authuser=0&hl=en&rclk=1,4.7,93,,Veterinarian, · 42 7,Closed · Opens 9 am Fri · +66 85 663 1996,"Tan-diau Pet Hospital
4.7(93)
Veterinarian ·  · 42 7
Closed · Opens 9 am Fri · +66 85 663 1996

Website

Directions
 
""The staff and doctors are professional, trying to help with any requests.""",12.578990725266532,99.94276523430425
0x30fdaba73d7a553f:0xc1832ef1ae173309,Spine Clinic,https://www.google.com/maps/place/Spine+Clinic/data=!4m7!3m6!1s0x30fdaba73d7a553f:0xc1832ef1ae173309!8m2!3d12.6068431!4d99.8918609!16s%2Fg%2F11h_vw7n7p!19sChIJP1V6Paer_TARCTMXrvEug8E?authuser=0&hl=en&rclk=1,4.9,333,,Chiropractor," · 565, Nong Hieng Road",Closed · Opens 9 am Fri · +66 97 276 1303,"Spine Clinic
4.9(333)
Chiropractor ·  · 565, Nong Hieng Road
Closed · Opens 9 am Fri · +66 97 276 1303

Website

Directions
 
""The treatment I received here is first class and effective""",12.570658256460618,99.93938518002653
0x30fdab283c980f21:0x974281dbbb717e45,คลินิกทันตกรรมเด้นท์เทล Denttel dental clinic,https://www.google.com/maps/place/%E0%B8%84%E0%B8%A5%E0%B8%B4%E0%B8%99%E0%B8%B4%E0%B8%81%E0%B8%97%E0%B8%B1%E0%B8%99%E0%B8%95%E0%B8%81%E0%B8%A3%E0%B8%A3%E0%B8%A1%E0%B9%80%E0%B8%94%E0%B9%89%E0%B8%99%E0%B8%97%E0%B9%8C%E0%B9%80%E0%B8%97%E0%B8%A5+Denttel+dental+clinic/data=!4m7!3m6!1s0x30fdab283c980f21:0x974281dbbb717e45!8m2!3d12.5743565!4d99.9112792!16s%2Fg%2F11hcxby3s4!19sChIJIQ-YPCir_TARRX5xu9uBQpc?authuser=0&hl=en&rclk=1,4.9,126,,,,Temporarily closed · +66 64 750 6454,"คลินิกทันตกรรมเด้นท์เทล Denttel dental clinic
4.9(126)
Doctor
Temporarily closed · +66 64 750 6454

Directions
 
""Checkup, clean and polish and fluoride 1200b.""",12.570658256460618,99.93938518002653
0x30fc55004d230b95:0xc54f47ad068bb819,Cheewee Physiotherapy Clinic ชีวีคลินิกกายภาพบำบัด,https://www.google.com/maps/place/Cheewee+Physiotherapy+Clinic+%E0%B8%8A%E0%B8%B5%E0%B8%A7%E0%B8%B5%E0%B8%84%E0%B8%A5%E0%B8%B4%E0%B8%99%E0%B8%B4%E0%B8%81%E0%B8%81%E0%B8%B2%E0%B8%A2%E0%B8%A0%E0%B8%B2%E0%B8%9E%E0%B8%9A%E0%B8%B3%E0%B8%9A%E0%B8%B1%E0%B8%94/data=!4m7!3m6!1s0x30fc55004d230b95:0xc54f47ad068bb819!8m2!3d12.5772491!4d99.8957611!16s%2Fg%2F11wjr218bh!19sChIJlQsjTQBV_DARGbiLBq1HT8U?authuser=0&hl=en&rclk=1,5.0,3,,Physical therapy clinic,650 T Soi Nicro Temple,,"Cheewee Physiotherapy Clinic ชีวีคลินิกกายภาพบำบัด
5.0(3)
Physical therapy clinic · 650 T Soi Nicro Temple
+66 87 273 0891

Directions
 
""PHYSIOTHERAPY CLINIC WITH HOLISTIC TREATMENT""",12.554516878508545,99.9459329073407
0x30fdabbcf4cfabab:0x2198a6847c6aa8d2,Smile Hua Hin Resort,https://www.google.com/maps/place/Smile+Hua+Hin+Resort/data=!4m10!3m9!1s0x30fdabbcf4cfabab:0x2198a6847c6aa8d2!5m2!4m1!1i2!8m2!3d12.5547502!4d99.9589506!16s%2Fg%2F1hc371lg6!19sChIJq6vP9Lyr_TAR0qhqfISmmCE?authuser=0&hl=en&rclk=1,4.3,210,,,,,"Smile Hua Hin Resort
4.3(210)
3-star hotel
Relaxed hotel with a pool & dining
+66 32 515 933

Website

Directions
 

Pool

Free Wi-Fi

Free parking

Air-conditioned
 
""I would highly recommend Smile Hua Hin Resort""",12.55126384655324,99.96340457288177
0x30fdab004cee2333:0xb862dcc5adb85039,มีสุขแล็บหัวหินสหคลินิก Meesuk Lab ( by Dr.M เวลเนส),https://www.google.com/maps/place/%E0%B8%A1%E0%B8%B5%E0%B8%AA%E0%B8%B8%E0%B8%82%E0%B9%81%E0%B8%A5%E0%B9%87%E0%B8%9A%E0%B8%AB%E0%B8%B1%E0%B8%A7%E0%B8%AB%E0%B8%B4%E0%B8%99%E0%B8%AA%E0%B8%AB%E0%B8%84%E0%B8%A5%E0%B8%B4%E0%B8%99%E0%B8%B4%E0%B8%81+Meesuk+Lab+%28+by+Dr.M+%E0%B9%80%E0%B8%A7%E0%B8%A5%E0%B9%80%E0%B8%99%E0%B8%AA%29/data=!4m7!3m6!1s0x30fdab004cee2333:0xb862dcc5adb85039!8m2!3d12.5936391!4d99.9497101!16s%2Fg%2F11ybvh6rbs!19sChIJMyPuTACr_TAROVC4rcXcYrg?authuser=0&hl=en&rclk=1,5.0,15,,Medical laboratory,1 157 Phet Kasem Rd,Closed · Opens 7 am Fri · +66 82 907 8008,"มีสุขแล็บหัวหินสหคลินิก Meesuk Lab ( by Dr.M เวลเนส)
5.0(15)
Medical laboratory · 1 157 Phet Kasem Rd
Closed · Opens 7 am Fri · +66 82 907 8008

Website

Directions
 
""Fast service, good communication, and a reassuring experience overall.""",12.590893615026376,99.95653124601438
0x30fdabc8e735648d:0x5f0f2d0de40314bb,Dr Punpoom Brain & Spine Hua Hin,https://www.google.com/maps/place/Dr+Punpoom+Brain+%26+Spine+Hua+Hin/data=!4m7!3m6!1s0x30fdabc8e735648d:0x5f0f2d0de40314bb!8m2!3d12.5946562!4d99.9492532!16s%2Fg%2F11krrzyfn0!19sChIJjWQ158ir_TARuxQD5A0tD18?authuser=0&hl=en&rclk=1,4.6,10,,Medical clinic,Phet Kasem Rd,Closed · Opens 5 pm Fri · +66 32 547 158,"Dr Punpoom Brain & Spine Hua Hin
4.6(10)
Medical clinic · Phet Kasem Rd
Closed · Opens 5 pm Fri · +66 32 547 158

Directions
 
""Dr Punpoom has improved my life.""",12.590893615026376,99.95653124601438
0x30fdab837b44590f:0x837a2bd010e993da,เรลิสคลินิกเวชกรรม หัวหิน,https://www.google.com/maps/place/%E0%B9%80%E0%B8%A3%E0%B8%A5%E0%B8%B4%E0%B8%AA%E0%B8%84%E0%B8%A5%E0%B8%B4%E0%B8%99%E0%B8%B4%E0%B8%81%E0%B9%80%E0%B8%A7%E0%B8%8A%E0%B8%81%E0%B8%A3%E0%B8%A3%E0%B8%A1+%E0%B8%AB%E0%B8%B1%E0%B8%A7%E0%B8%AB%E0%B8%B4%E0%B8%99/data=!4m7!3m6!1s0x30fdab837b44590f:0x837a2bd010e993da!8m2!3d12.5945298!4d99.949623!16s%2Fg%2F11vf98mdmh!19sChIJD1lEe4Or_TAR2pPpENAreoM?authuser=0&hl=en&rclk=1,5.0,3,,Beauty salon,1 176 ซอย หมู่บ้านบ่อฝ้าย,,"เรลิสคลินิกเวชกรรม หัวหิน
5.0(3)
Beauty salon · 1 176 ซอย หมู่บ้านบ่อฝ้าย
+66 81 636 5228

Website

Directions",12.590893615026376,99.95653124601438
0x30fdac6d077aa2c3:0x94c451ab8d9eb508,คลินิก บ้านสัตว์เลี้ยง,https://www.google.com/maps/place/%E0%B8%84%E0%B8%A5%E0%B8%B4%E0%B8%99%E0%B8%B4%E0%B8%81+%E0%B8%9A%E0%B9%89%E0%B8%B2%E0%B8%99%E0%B8%AA%E0%B8%B1%E0%B8%95%E0%B8%A7%E0%B9%8C%E0%B9%80%E0%B8%A5%E0%B8%B5%E0%B9%89%E0%B8%A2%E0%B8%87/data=!4m7!3m6!1s0x30fdac6d077aa2c3:0x94c451ab8d9eb508!8m2!3d12.5936837!4d99.9493151!16s%2Fg%2F1hc1w30qs!19sChIJw6J6B22s_TARCLWejatRxJQ?authuser=0&hl=en&rclk=1,4.3,66,,Animal hospital, · 4/80 เพชรเกษม Phet Kasem Rd,Closed · Opens 9 am Fri · +66 32 520 762,"คลินิก บ้านสัตว์เลี้ยง
4.3(66)
Animal hospital ·  · 4/80 เพชรเกษม Phet Kasem Rd
Closed · Opens 9 am Fri · +66 32 520 762

Directions
 
""I am so thankful to have her.""",12.590893615026376,99.95653124601438
0x30fdab7ee579fc65:0x59aefac6458383f4,หมอทัชคลินิกเฉพาะทางศัลยกรรมทางเดินปัสสาวะDr.Touch Urology clinic Huahin,https://www.google.com/maps/place/%E0%B8%AB%E0%B8%A1%E0%B8%AD%E0%B8%97%E0%B8%B1%E0%B8%8A%E0%B8%84%E0%B8%A5%E0%B8%B4%E0%B8%99%E0%B8%B4%E0%B8%81%E0%B9%80%E0%B8%89%E0%B8%9E%E0%B8%B2%E0%B8%B0%E0%B8%97%E0%B8%B2%E0%B8%87%E0%B8%A8%E0%B8%B1%E0%B8%A5%E0%B8%A2%E0%B8%81%E0%B8%A3%E0%B8%A3%E0%B8%A1%E0%B8%97%E0%B8%B2%E0%B8%87%E0%B9%80%E0%B8%94%E0%B8%B4%E0%B8%99%E0%B8%9B%E0%B8%B1%E0%B8%AA%E0%B8%AA%E0%B8%B2%E0%B8%A7%E0%B8%B0Dr.Touch+Urology+clinic+Huahin/data=!4m7!3m6!1s0x30fdab7ee579fc65:0x59aefac6458383f4!8m2!3d12.6043638!4d99.9500654!16s%2Fg%2F11z852n7lr!19sChIJZfx55X6r_TAR9IODRcb6rlk?authuser=0&hl=en&rclk=1,,0,,Specialized clinic,Hua Hin 17 Alley,Closed · Opens 5 pm Fri · +66 95 251 0955,"หมอทัชคลินิกเฉพาะทางศัลยกรรมทางเดินปัสสาวะDr.Touch Urology clinic Huahin
No reviews
Specialized clinic · Hua Hin 17 Alley
Closed · Opens 5 pm Fri · +66 95 251 0955

Website

Directions",12.590893615026376,99.95653124601438
0x30fdab9ec10d54df:0x71256543faffb031,Tanin pharmacy ธานินทร์ฟาร์มาซี,https://www.google.com/maps/place/Tanin+pharmacy+%E0%B8%98%E0%B8%B2%E0%B8%99%E0%B8%B4%E0%B8%99%E0%B8%97%E0%B8%A3%E0%B9%8C%E0%B8%9F%E0%B8%B2%E0%B8%A3%E0%B9%8C%E0%B8%A1%E0%B8%B2%E0%B8%8B%E0%B8%B5/data=!4m7!3m6!1s0x30fdab9ec10d54df:0x71256543faffb031!8m2!3d12.5959982!4d99.9497079!16s%2Fg%2F11nj9f1qvz!19sChIJ31QNwZ6r_TARMbD_-kNlJXE?authuser=0&hl=en&rclk=1,5.0,4,,Pharmacy, · 15 215 ห้อง A ซอยหมู่บ้านบ่อฝ้าย,Closed · Opens 10 am Sat · +66 82 947 2039,"Tanin pharmacy ธานินทร์ฟาร์มาซี
5.0(4)
Pharmacy ·  · 15 215 ห้อง A ซอยหมู่บ้านบ่อฝ้าย
Closed · Opens 10 am Sat · +66 82 947 2039

Directions
 
In-store shopping
·
In-store pick-up
·
Delivery",12.590893615026376,99.95653124601438
0x30fdaafb61a08ceb:0x930c94988b894da7,Taan Diew Animal Hospital,https://www.google.com/maps/place/Taan+Diew+Animal+Hospital/data=!4m7!3m6!1s0x30fdaafb61a08ceb:0x930c94988b894da7!8m2!3d12.5800901!4d99.9371011!16s%2Fg%2F11cly979j3!19sChIJ64ygYfuq_TARp02Ji5iUDJM?authuser=0&hl=en&rclk=1,4.6,204,,Animal hospital,"12°34'48. 99°56'13.1""E, 42/7 ซอย หมู่บ้านเขาน้อย",Closed · Opens 9 am Fri · +66 85 663 1996,"Taan Diew Animal Hospital
4.6(204)
Animal hospital · 12°34'48. 99°56'13.1""E, 42/7 ซอย หมู่บ้านเขาน้อย
Closed · Opens 9 am Fri · +66 85 663 1996

Website

Directions
 
""The staff were courteous, friendly, and professional.""",12.57514241267958,99.93568277673006
0x30fdab08ef561fcd:0xe34272d9e56b6691,The Diamond Rehab Thailand - Luxury rehab in Hua Hin,https://www.google.com/maps/place/The+Diamond+Rehab+Thailand+-+Luxury+rehab+in+Hua+Hin/data=!4m7!3m6!1s0x30fdab08ef561fcd:0xe34272d9e56b6691!8m2!3d12.5737202!4d99.9074386!16s%2Fg%2F11v_3wcymr!19sChIJzR9W7wir_TARkWZr5dlyQuM?authuser=0&hl=en&rclk=1,4.9,49,,Rehabilitation center,"8, Soi Mon Mai Hin Lek Fai",Open 24 hours · +66 33 135 303,"The Diamond Rehab Thailand - Luxury rehab in Hua Hin
4.9(49)
Rehabilitation center · 8, Soi Mon Mai Hin Lek Fai
Open 24 hours · +66 33 135 303

Website

Directions
 
""Great staff, excellent therapy and 5 star facilities.""",12.57514241267958,99.93568277673006
0x30fdabd7b392a48b:0x18404bf2619870c6,บริษัท ออนไลน์ จังค์ชั่น เซลส์ แอนด์ เมเนจเม้นท์ จำกัด.,https://www.google.com/maps/place/%E0%B8%9A%E0%B8%A3%E0%B8%B4%E0%B8%A9%E0%B8%B1%E0%B8%97+%E0%B8%AD%E0%B8%AD%E0%B8%99%E0%B9%84%E0%B8%A5%E0%B8%99%E0%B9%8C+%E0%B8%88%E0%B8%B1%E0%B8%87%E0%B8%84%E0%B9%8C%E0%B8%8A%E0%B8%B1%E0%B9%88%E0%B8%99+%E0%B9%80%E0%B8%8B%E0%B8%A5%E0%B8%AA%E0%B9%8C+%E0%B9%81%E0%B8%AD%E0%B8%99%E0%B8%94%E0%B9%8C+%E0%B9%80%E0%B8%A1%E0%B9%80%E0%B8%99%E0%B8%88%E0%B9%80%E0%B8%A1%E0%B9%89%E0%B8%99%E0%B8%97%E0%B9%8C+%E0%B8%88%E0%B8%B3%E0%B8%81%E0%B8%B1%E0%B8%94./data=!4m7!3m6!1s0x30fdabd7b392a48b:0x18404bf2619870c6!8m2!3d12.5406686!4d99.9499286!16s%2Fg%2F11ryph73rr!19sChIJi6SSs9er_TARxnCYYfJLQBg?authuser=0&hl=en&rclk=1,,0,,X-ray lab, · 39 960 ซอย หมู่บ้านหัวนา,Closed · Opens 10 am Fri,"บริษัท ออนไลน์ จังค์ชั่น เซลส์ แอนด์ เมเนจเม้นท์ จำกัด.
No reviews
X-ray lab ·  · 39 960 ซอย หมู่บ้านหัวนา
Closed · Opens 10 am Fri

Directions",12.546596461286798,99.95191607199484
0x30fdb322cbada975:0x9060163d3c6c59a6,Tuchapon Clinic,https://www.google.com/maps/place/Tuchapon+Clinic/data=!4m7!3m6!1s0x30fdb322cbada975:0x9060163d3c6c59a6!8m2!3d12.3860107!4d99.8990149!16s%2Fg%2F11knb0c_zy!19sChIJdamtyyKz_TARpllsPD0WYJA?authuser=0&hl=en&rclk=1,5.0,322,,Medical clinic,เลขที่ 318 5-6 Phet Kasem Rd,Closed · Opens 12 pm Fri · +66 90 963 2299,"Tuchapon Clinic
5.0(322)
Medical clinic · เลขที่ 318 5-6 Phet Kasem Rd
Closed · Opens 12 pm Fri · +66 90 963 2299

Website

Directions
 
""The doctor is also very skilled and super nice.""",12.546596461286798,99.95191607199484
0x22944bb7ec828321:0xe527123fc8fbdff5,N.C.Charm Clinic huahin,https://www.google.com/maps/place/N.C.Charm+Clinic+huahin/data=!4m7!3m6!1s0x22944bb7ec828321:0xe527123fc8fbdff5!8m2!3d12.5913106!4d99.9409497!16s%2Fg%2F11y4qvgcx3!19sChIJIYOC7LdLlCIR9d_7yD8SJ-U?authuser=0&hl=en&rclk=1,,0,,,,Closed · Opens 9 am Fri · +66 86 392 4646,"N.C.Charm Clinic huahin
No reviews
Beauty salon
Closed · Opens 9 am Fri · +66 86 392 4646

Website

Directions",12.546596461286798,99.95191607199484
0x30fdab93ff1e66b7:0xbcf778e13573f5a7,คลีนิกเวชกรรมนายแพทย์กู้เกียรติ,https://www.google.com/maps/place/%E0%B8%84%E0%B8%A5%E0%B8%B5%E0%B8%99%E0%B8%B4%E0%B8%81%E0%B9%80%E0%B8%A7%E0%B8%8A%E0%B8%81%E0%B8%A3%E0%B8%A3%E0%B8%A1%E0%B8%99%E0%B8%B2%E0%B8%A2%E0%B9%81%E0%B8%9E%E0%B8%97%E0%B8%A2%E0%B9%8C%E0%B8%81%E0%B8%B9%E0%B9%89%E0%B9%80%E0%B8%81%E0%B8%B5%E0%B8%A2%E0%B8%A3%E0%B8%95%E0%B8%B4/data=!4m7!3m6!1s0x30fdab93ff1e66b7:0xbcf778e13573f5a7!8m2!3d12.5447973!4d99.9635991!16s%2Fg%2F11cm40x94f!19sChIJt2Ye_5Or_TARp_VzNeF497w?authuser=0&hl=en&rclk=1,5.0,4,,Doctor,61 84,Closed · Opens 7 am Fri · +66 32 536 989,"คลีนิกเวชกรรมนายแพทย์กู้เกียรติ
5.0(4)
Doctor · 61 84
Closed · Opens 7 am Fri · +66 32 536 989

Directions",12.546137199902521,99.9611942689594
0xf1a8446a998fd3f:0x449617936f569cc0,N.C.Charm Clinic Huahin,https://www.google.com/maps/place/N.C.Charm+Clinic+Huahin/data=!4m7!3m6!1s0xf1a8446a998fd3f:0x449617936f569cc0!8m2!3d12.5913106!4d99.9409497!16s%2Fg%2F11vxm8_t88!19sChIJP_2YqUaEGg8RwJxWb5MXlkQ?authuser=0&hl=en&rclk=1,,0,,,,Closed · Opens 9 am Fri · +66 86 392 4646,"N.C.Charm Clinic Huahin
No reviews
Medical office
Closed · Opens 9 am Fri · +66 86 392 4646

Website

Directions",12.546137199902521,99.9611942689594
0x30fdb10062d49d25:0x3537113db5f2a442,Bangkok Hua Hin Clinic Paknampran,https://www.google.com/maps/place/Bangkok+Hua+Hin+Clinic+Paknampran/data=!4m7!3m6!1s0x30fdb10062d49d25:0x3537113db5f2a442!8m2!3d12.4033968!4d99.9918891!16s%2Fg%2F11vk5_skdd!19sChIJJZ3UYgCx_TARQqTytT0RNzU?authuser=0&hl=en&rclk=1,4.8,40,,Medical clinic,,Closed · Opens 9 am Fri · +66 32 616 890,"Bangkok Hua Hin Clinic Paknampran
4.8(40)
Medical clinic · 
Closed · Opens 9 am Fri · +66 32 616 890

Website

Directions
 
""Excellent clinic, very professional team, knowledgeable Doctor.""",12.549286390596965,99.96990609951746
0x30fdad84a3782ea9:0xb5512c5519cc234a,Chillax Health Massage,https://www.google.com/maps/place/Chillax+Health+Massage/data=!4m7!3m6!1s0x30fdad84a3782ea9:0xb5512c5519cc234a!8m2!3d12.5408295!4d99.9494301!16s%2Fg%2F11gj75_wf6!19sChIJqS54o4St_TARSiPMGVUsUbU?authuser=0&hl=en&rclk=1,4.9,0,,Thai massage therapist,"42, 114 Soi 102",Closed · Opens 10 am Fri · +66 83 236 5914,"Chillax Health Massage
4.9
Thai massage therapist · 42, 114 Soi 102
Closed · Opens 10 am Fri · +66 83 236 5914

Directions",12.545906384973625,99.95653124601438
0x30fdab799f0659af:0x5fb6aa8fada633cb,Huahin Fertility คลินิกหัวหินเฟอร์ทิลลิตี้(สูตินรีเวช),https://www.google.com/maps/place/Huahin+Fertility+%E0%B8%84%E0%B8%A5%E0%B8%B4%E0%B8%99%E0%B8%B4%E0%B8%81%E0%B8%AB%E0%B8%B1%E0%B8%A7%E0%B8%AB%E0%B8%B4%E0%B8%99%E0%B9%80%E0%B8%9F%E0%B8%AD%E0%B8%A3%E0%B9%8C%E0%B8%97%E0%B8%B4%E0%B8%A5%E0%B8%A5%E0%B8%B4%E0%B8%95%E0%B8%B5%E0%B9%89%28%E0%B8%AA%E0%B8%B9%E0%B8%95%E0%B8%B4%E0%B8%99%E0%B8%A3%E0%B8%B5%E0%B9%80%E0%B8%A7%E0%B8%8A%29/data=!4m7!3m6!1s0x30fdab799f0659af:0x5fb6aa8fada633cb!8m2!3d12.5314169!4d99.9454829!16s%2Fg%2F11vkz2lbxs!19sChIJr1kGn3mr_TARyzOmrY-qtl8?authuser=0&hl=en&rclk=1,5.0,10,,Fertility clinic,Hua Hin 112,Closed · Opens 10 am Fri · +66 64 596 2999,"Huahin Fertility คลินิกหัวหินเฟอร์ทิลลิตี้(สูตินรีเวช)
5.0(10)
Fertility clinic · Hua Hin 112
Closed · Opens 10 am Fri · +66 64 596 2999

Website

Directions
 
""Listens well and explains everything perfectly.""",12.545906384973625,99.95653124601438
0x30fdab0006073abf:0xdf8b410cc2ba112a,Hemodialysis Center (Kidney Masters) คิดนีย์ มาสเตอร์,https://www.google.com/maps/place/Hemodialysis+Center+%28Kidney+Masters%29+%E0%B8%84%E0%B8%B4%E0%B8%94%E0%B8%99%E0%B8%B5%E0%B8%A2%E0%B9%8C+%E0%B8%A1%E0%B8%B2%E0%B8%AA%E0%B9%80%E0%B8%95%E0%B8%AD%E0%B8%A3%E0%B9%8C/data=!4m7!3m6!1s0x30fdab0006073abf:0xdf8b410cc2ba112a!8m2!3d12.6095878!4d99.94723!16s%2Fg%2F11wwf_l1xb!19sChIJvzoHBgCr_TARKhG6wgxBi98?authuser=0&hl=en&rclk=1,4.0,1,,Medical centre,76 Hua Hin 10,Closed · Opens 5 am Fri · +66 61 814 6519,"Hemodialysis Center (Kidney Masters) คิดนีย์ มาสเตอร์
4.0(1)
Medical centre · 76 Hua Hin 10
Closed · Opens 5 am Fri · +66 61 814 6519

Directions
 
""The clinic cooperates with the nearby Hua Hin Hospital.""",12.595334716027208,99.95541333015652
0x30fdab5b0b9e6aa9:0x8eec554e2464fea8,แพทย์ศรัณย์ คลินิกเฉพาะทางด้านเวชกรรม ประสาทศัลยศาสตร์,https://www.google.com/maps/place/%E0%B9%81%E0%B8%9E%E0%B8%97%E0%B8%A2%E0%B9%8C%E0%B8%A8%E0%B8%A3%E0%B8%B1%E0%B8%93%E0%B8%A2%E0%B9%8C+%E0%B8%84%E0%B8%A5%E0%B8%B4%E0%B8%99%E0%B8%B4%E0%B8%81%E0%B9%80%E0%B8%89%E0%B8%9E%E0%B8%B2%E0%B8%B0%E0%B8%97%E0%B8%B2%E0%B8%87%E0%B8%94%E0%B9%89%E0%B8%B2%E0%B8%99%E0%B9%80%E0%B8%A7%E0%B8%8A%E0%B8%81%E0%B8%A3%E0%B8%A3%E0%B8%A1+%E0%B8%9B%E0%B8%A3%E0%B8%B0%E0%B8%AA%E0%B8%B2%E0%B8%97%E0%B8%A8%E0%B8%B1%E0%B8%A5%E0%B8%A2%E0%B8%A8%E0%B8%B2%E0%B8%AA%E0%B8%95%E0%B8%A3%E0%B9%8C/data=!4m7!3m6!1s0x30fdab5b0b9e6aa9:0x8eec554e2464fea8!8m2!3d12.5964114!4d99.9454615!16s%2Fg%2F11ycjc55lt!19sChIJqWqeC1ur_TARqP5kJE5V7I4?authuser=0&hl=en&rclk=1,5.0,29,,Medical office,11 119 ปาก ซอยชลประทาน11/2,Closed · Opens 5 pm Sat · +66 62 384 1938,"แพทย์ศรัณย์ คลินิกเฉพาะทางด้านเวชกรรม ประสาทศัลยศาสตร์
5.0(29)
Medical office · 11 119 ปาก ซอยชลประทาน11/2
Closed · Opens 5 pm Sat · +66 62 384 1938

Directions
 
""Ultrasound equipment on site.""",12.593150630450138,99.94657682133386
0x23b81252c29c47b:0x5c6fc9db96d9bfea,Rehab-Point,https://www.google.com/maps/place/Rehab-Point/data=!4m7!3m6!1s0x23b81252c29c47b:0x5c6fc9db96d9bfea!8m2!3d12.5958349!4d99.945567!16s%2Fg%2F11xgn2wmdf!19sChIJe8QpLCWBOwIR6r_ZltvJb1w?authuser=0&hl=en&rclk=1,4.9,29,,Physical therapist,11 48 ซอยหมู่บ้านสมอโพรง,Closed · Opens 9 am Fri · +66 65 095 1104,"Rehab-Point
4.9(29)
Physical therapist · 11 48 ซอยหมู่บ้านสมอโพรง
Closed · Opens 9 am Fri · +66 65 095 1104

Website

Directions
 
""In a short span of 8 sessions there was remarkable improvement in movement.""",12.593150630450138,99.94657682133386
0x30fdabe786cbe597:0xed60d4369bcc806a,โรงพยาบาลสัตว์พริมา Prima pet hospital,https://www.google.com/maps/place/%E0%B9%82%E0%B8%A3%E0%B8%87%E0%B8%9E%E0%B8%A2%E0%B8%B2%E0%B8%9A%E0%B8%B2%E0%B8%A5%E0%B8%AA%E0%B8%B1%E0%B8%95%E0%B8%A7%E0%B9%8C%E0%B8%9E%E0%B8%A3%E0%B8%B4%E0%B8%A1%E0%B8%B2+Prima+pet+hospital/data=!4m7!3m6!1s0x30fdabe786cbe597:0xed60d4369bcc806a!8m2!3d12.595315!4d99.9451968!16s%2Fg%2F11ln18866w!19sChIJl-XLhuer_TARaoDMmzbUYO0?authuser=0&hl=en&rclk=1,4.3,55,,Animal hospital," · Samorplong, Kanklongchonpratarn",Open 24 hours · +66 96 282 9326,"โรงพยาบาลสัตว์พริมา Prima pet hospital
4.3(55)
Animal hospital ·  · Samorplong, Kanklongchonpratarn
Open 24 hours · +66 96 282 9326

Directions
 
""Nice doctors, very attentive and open to discussing.""",12.593150630450138,99.94657682133386
0x30fdab00181ae10b:0xa23b5e92bec89c40,Pets Life Animal Hospital,https://www.google.com/maps/place/Pets+Life+Animal+Hospital/data=!4m7!3m6!1s0x30fdab00181ae10b:0xa23b5e92bec89c40!8m2!3d12.5961915!4d99.9461162!16s%2Fg%2F11vq3svng4!19sChIJC-EaGACr_TARQJzIvpJeO6I?authuser=0&hl=en&rclk=1,4.9,92,,Animal hospital,11 130 ชลประทาน 11/2,Closed · Opens 9 am Fri · +66 80 749 3549,"Pets Life Animal Hospital
4.9(92)
Animal hospital · 11 130 ชลประทาน 11/2
Closed · Opens 9 am Fri · +66 80 749 3549

Website

Directions
 
""Excellent care, excellent service, very reasonable prices.""",12.593150630450138,99.94657682133386
0x30fdab51b46dc3af:0x46ac41a27cdd8d40,Panayaclinic,https://www.google.com/maps/place/Panayaclinic/data=!4m7!3m6!1s0x30fdab51b46dc3af:0x46ac41a27cdd8d40!8m2!3d12.541215!4d99.942486!16s%2Fg%2F11qnlvpvkf!19sChIJr8NttFGr_TARQI3dfKJBrEY?authuser=0&hl=en&rclk=1,,0,,Oriental medicine clinic,43 178 Soi 102,,"Panayaclinic
No reviews
Oriental medicine clinic · 43 178 Soi 102
+66 80 905 1707

Directions",12.545773878965878,99.94255468912381
0x30fdab6452a397e1:0x24194d410be393ef,Thaikanya By Dr.Cannabis Huahin 102,https://www.google.com/maps/place/Thaikanya+By+Dr.Cannabis+Huahin+102/data=!4m7!3m6!1s0x30fdab6452a397e1:0x24194d410be393ef!8m2!3d12.5399846!4d99.9487925!16s%2Fg%2F11q2754zlp!19sChIJ4ZejUmSr_TAR75PjC0FNGSQ?authuser=0&hl=en&rclk=1,4.9,60,,Alternative medicine practitioner,42/62 ซอย หมู่บ้านหัวนา ตำบลหนองแก,Closed · Opens 8 am Fri · +66 98 258 9494,"Thaikanya By Dr.Cannabis Huahin 102
4.9(60)
Alternative medicine practitioner · 42/62 ซอย หมู่บ้านหัวนา ตำบลหนองแก
Closed · Opens 8 am Fri · +66 98 258 9494

Website

Directions
 
""Helped me with pain relief and better sleep.""",12.543649369549863,99.94657682133386
0x30fdaa7f09903f13:0x653d8800e73b4738,เอ็กคลูซีฟ คลินิก,https://www.google.com/maps/place/%E0%B9%80%E0%B8%AD%E0%B9%87%E0%B8%81%E0%B8%84%E0%B8%A5%E0%B8%B9%E0%B8%8B%E0%B8%B5%E0%B8%9F+%E0%B8%84%E0%B8%A5%E0%B8%B4%E0%B8%99%E0%B8%B4%E0%B8%81/data=!4m7!3m6!1s0x30fdaa7f09903f13:0x653d8800e73b4738!8m2!3d12.6172692!4d99.9494234!16s%2Fg%2F11g2yjpzpp!19sChIJEz-QCX-q_TAROEc75wCIPWU?authuser=0&hl=en&rclk=1,,0,,Medical clinic,4180 Phet Kasem Rd,,"เอ็กคลูซีฟ คลินิก
No reviews
Medical clinic · 4180 Phet Kasem Rd

Directions",12.543649369549863,99.94657682133386
0x30fdabb120a87d0f:0x5b806dbf8164c83d,102 Pet Friends Animal Hospital - โรงพยาบาลสัตว์ 102 เพ็ท เฟรนด์,https://www.google.com/maps/place/102+Pet+Friends+Animal+Hospital+-+%E0%B9%82%E0%B8%A3%E0%B8%87%E0%B8%9E%E0%B8%A2%E0%B8%B2%E0%B8%9A%E0%B8%B2%E0%B8%A5%E0%B8%AA%E0%B8%B1%E0%B8%95%E0%B8%A7%E0%B9%8C+102+%E0%B9%80%E0%B8%9E%E0%B9%87%E0%B8%97+%E0%B9%80%E0%B8%9F%E0%B8%A3%E0%B8%99%E0%B8%94%E0%B9%8C/data=!4m7!3m6!1s0x30fdabb120a87d0f:0x5b806dbf8164c83d!8m2!3d12.5392774!4d99.948448!16s%2Fg%2F11q93fgdq7!19sChIJD32oILGr_TARPchkgb9tgFs?authuser=0&hl=en&rclk=1,4.9,103,,Veterinarian, · 42/161 Soi Huahin 102,Closed · Opens 9 am Fri · +66 98 425 4256,"102 Pet Friends Animal Hospital - โรงพยาบาลสัตว์ 102 เพ็ท เฟรนด์
4.9(103)
Veterinarian ·  · 42/161 Soi Huahin 102
Closed · Opens 9 am Fri · +66 98 425 4256

Website

Directions
 
""The doctors and nurses are professional and very nice.""",12.542199992812451,99.95090236486196
0x30fdad7e04dd67d1:0x4d0f212e75d8b953,Hua Hin - Medical Cannabis Clinc (2nd & 4th Friday every month),https://www.google.com/maps/place/Hua+Hin+-+Medical+Cannabis+Clinc+%282nd+%26+4th+Friday+every+month%29/data=!4m7!3m6!1s0x30fdad7e04dd67d1:0x4d0f212e75d8b953!8m2!3d12.5253324!4d99.9652816!16s%2Fg%2F11qrkh_5lc!19sChIJ0WfdBH6t_TARU7nYdS4hD00?authuser=0&hl=en&rclk=1,5.0,1,,Clinic," · เลขที่ 146, 18 Hua Hin 89 Alley",Closed · Opens 8:30 am Fri,"Hua Hin - Medical Cannabis Clinc (2nd & 4th Friday every month)
5.0(1)
Clinic ·  · เลขที่ 146, 18 Hua Hin 89 Alley
Closed · Opens 8:30 am Fri

Directions",12.542199992812451,99.95090236486196
0x30fdac0e67d74779:0x6264cc71efc9f02,Chiva-Som Hua Hin Wellness Resort,https://www.google.com/maps/place/Chiva-Som+Hua+Hin+Wellness+Resort/data=!4m10!3m9!1s0x30fdac0e67d74779:0x6264cc71efc9f02!5m2!4m1!1i2!8m2!3d12.5393471!4d99.9647872!16s%2Fg%2F1vl9nysh!19sChIJeUfXZw6s_TARAp_8HsdMJgY?authuser=0&hl=en&rclk=1,4.6,88,,,,,"Chiva-Som Hua Hin Wellness Resort
4.6(88)
5-star hotel
Upscale spa hotel with beach access
+66 32 536 536

Website

Directions
 

Pool

Spa

Free parking

Free breakfast
 
""All activities here are excellent which keeping my 3 days very healthful.""",12.541465283972792,99.95998666984349
0x30fdab4f0080426d:0xd3ac9a0817a741ea,Well done,https://www.google.com/maps/place/Well+done/data=!4m7!3m6!1s0x30fdab4f0080426d:0xd3ac9a0817a741ea!8m2!3d12.5435971!4d99.9627628!16s%2Fg%2F11h4w11j3n!19sChIJbUKAAE-r_TAR6kGnFwiarNM?authuser=0&hl=en&rclk=1,4.8,386,฿,4.8(386),฿200–400,Closed · Opens 8:30 am Fri,"Well done
4.8(386) · ฿200–400
Restaurant ·  · หมู่บ้าน, 10/466 ซ, Hua Hin 106 Alley
Closed · Opens 8:30 am Fri

Website

Directions
 
""Ms. Noon is super nice, and provides friendly service.""
 

Order online",12.541465283972792,99.95998666984349
0x30fdac0a9d3b4441:0x2fe13681e590118,Patcharapat-Health Spa & Retreat,https://www.google.com/maps/place/Patcharapat-Health+Spa+%26+Retreat/data=!4m7!3m6!1s0x30fdac0a9d3b4441:0x2fe13681e590118!8m2!3d12.5251884!4d99.9728796!16s%2Fg%2F11_rxy5f8!19sChIJQUQ7nQqs_TARGAFZHmgT_gI?authuser=0&hl=en&rclk=1,4.8,67,,Health spa, · 47 Soi 5 Takiab,Closed · Opens 9 am Fri · +66 82 654 9223,"Patcharapat-Health Spa & Retreat
4.8(67)
Health spa ·  · 47 Soi 5 Takiab
Closed · Opens 9 am Fri · +66 82 654 9223

Website

Directions
 
""The massage was tailored to my needs and really focused on my problem areas.""",12.543649369549863,99.96882317866614
0x30fdaa7cc5bc1fd1:0x872da0ee54062913,คลีนิคหมอสุทัศน์,https://www.google.com/maps/place/%E0%B8%84%E0%B8%A5%E0%B8%B5%E0%B8%99%E0%B8%B4%E0%B8%84%E0%B8%AB%E0%B8%A1%E0%B8%AD%E0%B8%AA%E0%B8%B8%E0%B8%97%E0%B8%B1%E0%B8%A8%E0%B8%99%E0%B9%8C/data=!4m7!3m6!1s0x30fdaa7cc5bc1fd1:0x872da0ee54062913!8m2!3d12.6086005!4d99.9504272!16s%2Fg%2F11g6j9c6f3!19sChIJ0R-8xXyq_TAREykGVO6gLYc?authuser=0&hl=en&rclk=1,4.7,20,,Doctor,"27, 90 Phet Kasem Rd",Closed · Opens 5 pm Fri · +66 82 723 9100,"คลีนิคหมอสุทัศน์
4.7(20)
Doctor · 27, 90 Phet Kasem Rd
Closed · Opens 5 pm Fri · +66 82 723 9100

Directions
 
""Thank you very much for your excellent service.""",12.599931531531531,99.9577
0x30fdab1295323f2d:0xc9d2bb7601020bf8,คลินิกตา สูตินรีเวช ตรวจโรคทั่วไป (หมอสิรินันท์ หมอสุชา),https://www.google.com/maps/place/%E0%B8%84%E0%B8%A5%E0%B8%B4%E0%B8%99%E0%B8%B4%E0%B8%81%E0%B8%95%E0%B8%B2+%E0%B8%AA%E0%B8%B9%E0%B8%95%E0%B8%B4%E0%B8%99%E0%B8%A3%E0%B8%B5%E0%B9%80%E0%B8%A7%E0%B8%8A+%E0%B8%95%E0%B8%A3%E0%B8%A7%E0%B8%88%E0%B9%82%E0%B8%A3%E0%B8%84%E0%B8%97%E0%B8%B1%E0%B9%88%E0%B8%A7%E0%B9%84%E0%B8%9B+%28%E0%B8%AB%E0%B8%A1%E0%B8%AD%E0%B8%AA%E0%B8%B4%E0%B8%A3%E0%B8%B4%E0%B8%99%E0%B8%B1%E0%B8%99%E0%B8%97%E0%B9%8C+%E0%B8%AB%E0%B8%A1%E0%B8%AD%E0%B8%AA%E0%B8%B8%E0%B8%8A%E0%B8%B2%29/data=!4m7!3m6!1s0x30fdab1295323f2d:0xc9d2bb7601020bf8!8m2!3d12.605019!4d99.949631!16s%2Fg%2F11h_vpmt9_!19sChIJLT8ylRKr_TAR-AsCAXa70sk?authuser=0&hl=en&rclk=1,3.7,23,,Doctor,Hua Hin 14 Alley,Closed · Opens 4:30 pm Fri · +66 32 900 337,"คลินิกตา สูตินรีเวช ตรวจโรคทั่วไป (หมอสิรินันท์ หมอสุชา)
3.7(23)
Doctor · Hua Hin 14 Alley
Closed · Opens 4:30 pm Fri · +66 32 900 337

Website

Directions
 
""For an appointment, ultrasound examination and medicine I paid 1.5k""",12.599931531531531,99.9577
0x30fdaaede2992c99:0x618add0732adece7,Huahin Tennis Club,https://www.google.com/maps/place/Huahin+Tennis+Club/data=!4m7!3m6!1s0x30fdaaede2992c99:0x618add0732adece7!8m2!3d12.5913242!4d99.9345337!16s%2Fg%2F11gh0lvln1!19sChIJmSyZ4u2q_TAR5-ytMgfdimE?authuser=0&hl=en&rclk=1,4.8,48,,Gym, · Unnamed Road,Closed · Opens 7 am Fri · +66 99 332 3858,"Huahin Tennis Club
4.8(48)
Gym ·  · Unnamed Road
Closed · Opens 7 am Fri · +66 99 332 3858

Directions
 
""The owner is very friendly and quickly answers all questions.""",12.589048761881157,99.93328499998366
0x30fc536aaaaaaaab:0x9bdb17ccd4cf2caf,Dr. Niwat Skin Clinic,https://www.google.com/maps/place/Dr.+Niwat+Skin+Clinic/data=!4m7!3m6!1s0x30fc536aaaaaaaab:0x9bdb17ccd4cf2caf!8m2!3d12.4960356!4d99.9045706!16s%2Fg%2F11c30t4tzk!19sChIJq6qqqmpT_DARryzP1MwX25s?authuser=0&hl=en&rclk=1,3.9,58,,Hospital, · FWW3+CR8,Closed · Opens 1 pm Fri · +66 63 735 1237,"Dr. Niwat Skin Clinic
3.9(58)
Hospital ·  · FWW3+CR8
Closed · Opens 1 pm Fri · +66 63 735 1237

Website

Directions
 
""Service is awesome and sincerely cares about the patients!""",12.544570058466308,99.9365442820578
0x4bcf4d4d945e66d9:0xa242bf376510e037,Prime Clinic Huahin,https://www.google.com/maps/place/Prime+Clinic+Huahin/data=!4m7!3m6!1s0x4bcf4d4d945e66d9:0xa242bf376510e037!8m2!3d12.5913106!4d99.9409497!16s%2Fg%2F11sbcsvzc5!19sChIJ2WZelE1Nz0sRN-AQZTe_QqI?authuser=0&hl=en&rclk=1,,0,,,,Closed · Opens 10 am Fri · +66 85 825 5646,"Prime Clinic Huahin
No reviews
Beauty salon
Closed · Opens 10 am Fri · +66 85 825 5646

Directions",12.538145717048192,99.9485984396243
0x30fdab85a55ada9f:0x3b5fef6c106781e7,นุชรัตน์ เฮลท์แลบ Nucharat Healthlab,https://www.google.com/maps/place/%E0%B8%99%E0%B8%B8%E0%B8%8A%E0%B8%A3%E0%B8%B1%E0%B8%95%E0%B8%99%E0%B9%8C+%E0%B9%80%E0%B8%AE%E0%B8%A5%E0%B8%97%E0%B9%8C%E0%B9%81%E0%B8%A5%E0%B8%9A+Nucharat+Healthlab/data=!4m7!3m6!1s0x30fdab85a55ada9f:0x3b5fef6c106781e7!8m2!3d12.5360018!4d99.9554887!16s%2Fg%2F11g6b_m2x6!19sChIJn9papYWr_TAR54FnEGzvXzs?authuser=0&hl=en&rclk=1,5.0,13,,Medical laboratory,Hua Hin 112,Closed · Opens 8 am Fri · +66 85 119 6463,"นุชรัตน์ เฮลท์แลบ Nucharat Healthlab
5.0(13)
Medical laboratory · Hua Hin 112
Closed · Opens 8 am Fri · +66 85 119 6463

Website

Directions
 
""Much cheaper than other clinics in the area.""",12.537189413994746,99.95310242310856
0x30fdab3874b0c7e3:0x838b9cd97c6d4c2f,Coachingolfasia Golf Academy Hua Hin,https://www.google.com/maps/place/Coachingolfasia+Golf+Academy+Hua+Hin/data=!4m7!3m6!1s0x30fdab3874b0c7e3:0x838b9cd97c6d4c2f!8m2!3d12.5374801!4d99.9583167!16s%2Fg%2F11wm_p89x9!19sChIJ48ewdDir_TARL0xtfNmci4M?authuser=0&hl=en&rclk=1,5.0,6,,Golf instructor,"Sport Club, Arena",Closed · Opens 8 am Fri · +66 85 183 1760,"Coachingolfasia Golf Academy Hua Hin
5.0(6)
Golf instructor · Sport Club, Arena
Closed · Opens 8 am Fri · +66 85 183 1760

Website

Directions
 
""Now it’s all about practice!""",12.537189413994746,99.95310242310856
0x30fdad8e1db25717:0x835fe989d432ea2b,AJ Posture Hua Hin,https://www.google.com/maps/place/AJ+Posture+Hua+Hin/data=!4m7!3m6!1s0x30fdad8e1db25717:0x835fe989d432ea2b!8m2!3d12.5271128!4d99.9515983!16s%2Fg%2F11j5wf1625!19sChIJF1eyHY6t_TARK-oy1InpX4M?authuser=0&hl=en&rclk=1,4.9,140,,Chiropodist,"Village, 59/87 Soi Moo Baan Hua Na",Closed · Opens 8 am Fri · +66 64 743 4804,"AJ Posture Hua Hin
4.9(140)
Chiropodist · Village, 59/87 Soi Moo Baan Hua Na
Closed · Opens 8 am Fri · +66 64 743 4804

Website

Directions
 
""Very attentive and professional, fixed me up.""",12.53686846846847,99.9577
0x30fdab8df1459dc9:0x437b2e53835e018f,Palapon,https://www.google.com/maps/place/Palapon/data=!4m7!3m6!1s0x30fdab8df1459dc9:0x437b2e53835e018f!8m2!3d12.5349007!4d99.9643673!16s%2Fg%2F1ptxlz2p_!19sChIJyZ1F8Y2r_TARjwFeg1Mue0M?authuser=0&hl=en&rclk=1,4.9,121,,Physical Fitness Programme, · 155/27 Soi Moo Baan Nong Kae,Closed · Opens 6 am Fri · +66 86 803 9085,"Palapon
4.9(121)
Physical Fitness Programme ·  · 155/27 Soi Moo Baan Nong Kae
Closed · Opens 6 am Fri · +66 86 803 9085

Website

Directions
 
""Inclusion of massages, body scans and medical tests was a nice touch.""",12.53686846846847,99.9577
0x30fd01c92921e75f:0x264d2bbe043a8b81,ภูมิใจ คลินิกกายภาพบำบัด | Poomjai Physiotherapy Clinic,https://www.google.com/maps/place/%E0%B8%A0%E0%B8%B9%E0%B8%A1%E0%B8%B4%E0%B9%83%E0%B8%88+%E0%B8%84%E0%B8%A5%E0%B8%B4%E0%B8%99%E0%B8%B4%E0%B8%81%E0%B8%81%E0%B8%B2%E0%B8%A2%E0%B8%A0%E0%B8%B2%E0%B8%9E%E0%B8%9A%E0%B8%B3%E0%B8%9A%E0%B8%B1%E0%B8%94+%7C+Poomjai+Physiotherapy+Clinic/data=!4m7!3m6!1s0x30fd01c92921e75f:0x264d2bbe043a8b81!8m2!3d12.6617981!4d99.9412608!16s%2Fg%2F11nc28clyd!19sChIJX-chKckB_TARgYs6BL4rTSY?authuser=0&hl=en&rclk=1,5.0,3,,Physical Therapy Clinic, · 1365 ชะอำ 601 หมู่บ้านทรัพย์เจริญ,Closed · Opens 5 pm Fri · +66 89 266 0894,"ภูมิใจ คลินิกกายภาพบำบัด | Poomjai Physiotherapy Clinic
5.0(3)
Physical Therapy Clinic ·  · 1365 ชะอำ 601 หมู่บ้านทรัพย์เจริญ
Closed · Opens 5 pm Fri · +66 89 266 0894

Directions
 
On-site services",12.596166242982912,99.98123418531858
0x30fdaa6334bb9b79:0x805e1c33816a298b,Practitioner (ENT specialist),https://www.google.com/maps/place/Practitioner+%28ENT+specialist%29/data=!4m7!3m6!1s0x30fdaa6334bb9b79:0x805e1c33816a298b!8m2!3d12.6076645!4d99.9504942!16s%2Fg%2F11fy2v0y__!19sChIJeZu7NGOq_TARiylqgTMcXoA?authuser=0&hl=en&rclk=1,5.0,1,,Doctor,"JX52+359, Phet Kasem Rd",,"Practitioner (ENT specialist)
5.0(1)
Doctor · JX52+359, Phet Kasem Rd

Directions
 
""Very happy with their fees.""",12.603797738764998,99.95078173734653
0x30fdab317243f831:0x4398125e4b982422,คลินิกแอลเอส แล็บ,https://www.google.com/maps/place/%E0%B8%84%E0%B8%A5%E0%B8%B4%E0%B8%99%E0%B8%B4%E0%B8%81%E0%B9%81%E0%B8%AD%E0%B8%A5%E0%B9%80%E0%B8%AD%E0%B8%AA+%E0%B9%81%E0%B8%A5%E0%B9%87%E0%B8%9A/data=!4m7!3m6!1s0x30fdab317243f831:0x4398125e4b982422!8m2!3d12.6076732!4d99.9481184!16s%2Fg%2F11vzw2f1yw!19sChIJMfhDcjGr_TARIiSYS14SmEM?authuser=0&hl=en&rclk=1,,0,,Medical clinic,28/2,Closed · Opens 5:30 am Fri,"คลินิกแอลเอส แล็บ
No reviews
Medical clinic · 28/2
Closed · Opens 5:30 am Fri

Directions",12.603797738764998,99.95078173734653
0x30fdab8c12ddfc37:0x20e71ce3ee89807e,คลินิกเวชกรรม คิดนีย์ มาสเตอร์,https://www.google.com/maps/place/%E0%B8%84%E0%B8%A5%E0%B8%B4%E0%B8%99%E0%B8%B4%E0%B8%81%E0%B9%80%E0%B8%A7%E0%B8%8A%E0%B8%81%E0%B8%A3%E0%B8%A3%E0%B8%A1+%E0%B8%84%E0%B8%B4%E0%B8%94%E0%B8%99%E0%B8%B5%E0%B8%A2%E0%B9%8C+%E0%B8%A1%E0%B8%B2%E0%B8%AA%E0%B9%80%E0%B8%95%E0%B8%AD%E0%B8%A3%E0%B9%8C/data=!4m7!3m6!1s0x30fdab8c12ddfc37:0x20e71ce3ee89807e!8m2!3d12.6096547!4d99.9468256!16s%2Fg%2F11vl8rfndg!19sChIJN_zdEoyr_TARfoCJ7uMc5yA?authuser=0&hl=en&rclk=1,4.0,1,,Clinic,"บคีรีขันธ์, 35/112 ซอยหมู่บ้านบ่อฝ้าย ตำบลหัวหิน อำเภอหัวหิน จังหวัดประจง",Closed · Opens 5:30 am Fri,"คลินิกเวชกรรม คิดนีย์ มาสเตอร์
4.0(1)
Clinic · บคีรีขันธ์, 35/112 ซอยหมู่บ้านบ่อฝ้าย ตำบลหัวหิน อำเภอหัวหิน จังหวัดประจง
Closed · Opens 5:30 am Fri

Directions",12.604364927150568,99.96001827440858
0x30fdabcc053166a3:0x17cd204f9093c57c,คลินิคเสริมความงาม Aphroditety cilnic,https://www.google.com/maps/place/%E0%B8%84%E0%B8%A5%E0%B8%B4%E0%B8%99%E0%B8%B4%E0%B8%84%E0%B9%80%E0%B8%AA%E0%B8%A3%E0%B8%B4%E0%B8%A1%E0%B8%84%E0%B8%A7%E0%B8%B2%E0%B8%A1%E0%B8%87%E0%B8%B2%E0%B8%A1+Aphroditety+cilnic/data=!4m7!3m6!1s0x30fdabcc053166a3:0x17cd204f9093c57c!8m2!3d12.610008!4d99.9499119!16s%2Fg%2F11sfd_1fg5!19sChIJo2YxBcyr_TARfMWTkE8gzRc?authuser=0&hl=en&rclk=1,5.0,1,,Plastic surgery clinic,โรงแรมไอเรสท์ เลขที่ 32/85 หัวหินซอย10,Closed · Opens 11 am Fri · +66 61 296 7984,"คลินิคเสริมความงาม Aphroditety cilnic
5.0(1)
Plastic surgery clinic · โรงแรมไอเรสท์ เลขที่ 32/85 หัวหินซอย10
Closed · Opens 11 am Fri · +66 61 296 7984

Directions",12.604364927150568,99.96001827440858
0x30fc559d89957c6f:0xa2f0f88c52a6fb9f,Hua Hin Health Park,https://www.google.com/maps/place/Hua+Hin+Health+Park/data=!4m7!3m6!1s0x30fc559d89957c6f:0xa2f0f88c52a6fb9f!8m2!3d12.6069057!4d99.8918529!16s%2Fg%2F11v3h0ddqk!19sChIJb3yViZ1V_DARn_umUoz48KI?authuser=0&hl=en&rclk=1,5.0,5,,Retail space rental agency, · JV4R+PP,,"Hua Hin Health Park
5.0(5)
Retail space rental agency ·  · JV4R+PP
+66 97 276 1303

Website

Directions
 
""I am a regular visitor to the on site cafe and beauty salon.""",12.598826231549623,99.93791686146976
0x30fdab284aec63af:0x1981972db13bc678,RAYA PHYSIOTHERAPY CLINIC,https://www.google.com/maps/place/RAYA+PHYSIOTHERAPY+CLINIC/data=!4m7!3m6!1s0x30fdab284aec63af:0x1981972db13bc678!8m2!3d12.5736777!4d99.9100885!16s%2Fg%2F11cjp7n2k7!19sChIJr2PsSiir_TAReMY7sS2XgRk?authuser=0&hl=en&rclk=1,5.0,1,,Doctor,,Closed · Opens 9 am Fri · +66 85 345 5655,"RAYA PHYSIOTHERAPY CLINIC
5.0(1)
Doctor · 
Closed · Opens 9 am Fri · +66 85 345 5655

Directions",12.572916512921237,99.92107036005308
0x30fdac6c74fbe403:0xb13348536198a7d8,ProRehabAgency กายภาพบำบัดที่บ้าน หัวหิน,https://www.google.com/maps/place/ProRehabAgency+%E0%B8%81%E0%B8%B2%E0%B8%A2%E0%B8%A0%E0%B8%B2%E0%B8%9E%E0%B8%9A%E0%B8%B3%E0%B8%9A%E0%B8%B1%E0%B8%94%E0%B8%97%E0%B8%B5%E0%B9%88%E0%B8%9A%E0%B9%89%E0%B8%B2%E0%B8%99+%E0%B8%AB%E0%B8%B1%E0%B8%A7%E0%B8%AB%E0%B8%B4%E0%B8%99/data=!4m7!3m6!1s0x30fdac6c74fbe403:0xb13348536198a7d8!8m2!3d12.5765166!4d99.9111268!16s%2Fg%2F11b77cxdg4!19sChIJA-T7dGys_TAR2KeYYVNIM7E?authuser=0&hl=en&rclk=1,5.0,2,,Medical group, · 290/29 หมู่บ้านสกลรัตน์,Closed · Opens 9:30 am Fri · +66 92 356 8899,"ProRehabAgency กายภาพบำบัดที่บ้าน หัวหิน
5.0(2)
Medical group ·  · 290/29 หมู่บ้านสกลรัตน์
Closed · Opens 9:30 am Fri · +66 92 356 8899

Directions",12.572916512921237,99.92107036005308
0x30fdab3c1b6d4bf7:0x2541becc05f01911,PediFootCare,https://www.google.com/maps/place/PediFootCare/data=!4m7!3m6!1s0x30fdab3c1b6d4bf7:0x2541becc05f01911!8m2!3d12.5314134!4d99.9454734!16s%2Fg%2F11zk7whj_4!19sChIJ90ttGzyr_TARERnwBcy-QSU?authuser=0&hl=en&rclk=1,4.0,2,,Wellness Centre,10 114 Soi 112,Closed · Opens 9 am Fri · +66 97 117 1708,"PediFootCare
4.0(2)
Wellness Centre · 10 114 Soi 112
Closed · Opens 9 am Fri · +66 97 117 1708

Directions
 
""The clinic is clean, well-organized, and welcoming.""",12.534127693106482,99.94629085423648
0x30fdab6c30bc8cc9:0x323fe1fd4d64755a,Healthy​forever​By.Chotika​,https://www.google.com/maps/place/Healthy%E2%80%8Bforever%E2%80%8BBy.Chotika%E2%80%8B/data=!4m7!3m6!1s0x30fdab6c30bc8cc9:0x323fe1fd4d64755a!8m2!3d12.531341!4d99.9453293!16s%2Fg%2F11n0x6dbp8!19sChIJyYy8MGyr_TARWnVkTf3hPzI?authuser=0&hl=en&rclk=1,,0,,Community health centre," · 10, 153 Hua Hin 112",Closed · Opens 9 am Fri · +66 95 394 2896,"Healthy​forever​By.Chotika​
No reviews
Community health centre ·  · 10, 153 Hua Hin 112
Closed · Opens 9 am Fri · +66 95 394 2896

Website

Directions",12.534127693106482,99.94629085423648
0x30fdaa7d4e721e81:0x6a4c915bc88991fd,Hua Hin Hospital,https://www.google.com/maps/place/Hua+Hin+Hospital/data=!4m7!3m6!1s0x30fdaa7d4e721e81:0x6a4c915bc88991fd!8m2!3d12.6080685!4d99.9479176!16s%2Fg%2F1wh4c9sd!19sChIJgR5yTn2q_TAR_ZGJyFuRTGo?authuser=0&hl=en&rclk=1,2.9,402,,Doctor, · 30 2 Phet Kasem Rd,Open 24 hours · +66 32 523 000,"Hua Hin Hospital
2.9(402)
Doctor ·  · 30 2 Phet Kasem Rd
Open 24 hours · +66 32 523 000

Website

Directions
 
""They did a fantastic job and my final bill was a shocker.""",12.608188574050773,99.94973713256283
0x30fdadeaa0df1ff9:0xabe48f0d61d33459,ศูนย์บริการสาธารณสุขตะเกียบ,https://www.google.com/maps/place/%E0%B8%A8%E0%B8%B9%E0%B8%99%E0%B8%A2%E0%B9%8C%E0%B8%9A%E0%B8%A3%E0%B8%B4%E0%B8%81%E0%B8%B2%E0%B8%A3%E0%B8%AA%E0%B8%B2%E0%B8%98%E0%B8%B2%E0%B8%A3%E0%B8%93%E0%B8%AA%E0%B8%B8%E0%B8%82%E0%B8%95%E0%B8%B0%E0%B9%80%E0%B8%81%E0%B8%B5%E0%B8%A2%E0%B8%9A/data=!4m7!3m6!1s0x30fdadeaa0df1ff9:0xabe48f0d61d33459!8m2!3d12.5222682!4d99.9725266!16s%2Fg%2F11rvdc8r01!19sChIJ-R_foOqt_TARWTTTYQ2P5Ks?authuser=0&hl=en&rclk=1,,0,,Medical group," · GXCF+W22, Takiap Rd",,"ศูนย์บริการสาธารณสุขตะเกียบ
No reviews
Medical group ·  · GXCF+W22, Takiap Rd

Directions",12.529099989218675,99.96789645270707
0x30fdac76a0ecdadd:0xac514bcee78705cc,ATM SCB Bank,https://www.google.com/maps/place/ATM+SCB+Bank/data=!4m7!3m6!1s0x30fdac76a0ecdadd:0xac514bcee78705cc!8m2!3d12.523393!4d99.9631835!16s%2Fg%2F1pzsj7kfq!19sChIJ3drsoHas_TARzAWH585LUaw?authuser=0&hl=en&rclk=1,5.0,1,,ATM,"62/68, Hua Hin Phet Home Clinic, Phetkasam Road, Tambon Nong Kae, Amphoe Hua Hin, Prachuap Khiri Khan, 77110",Open 24 hours · +66 2 777 7777,"ATM SCB Bank
5.0(1)
ATM · 62/68, Hua Hin Phet Home Clinic, Phetkasam Road, Tambon Nong Kae, Amphoe Hua Hin, Prachuap Khiri Khan, 77110
Open 24 hours · +66 2 777 7777

Directions",12.529099989218675,99.96789645270707
0x30fdaa7f0e51f6ef:0xb9d92ddda2638a79,โรงพยาบาลหัวหิน2,https://www.google.com/maps/place/%E0%B9%82%E0%B8%A3%E0%B8%87%E0%B8%9E%E0%B8%A2%E0%B8%B2%E0%B8%9A%E0%B8%B2%E0%B8%A5%E0%B8%AB%E0%B8%B1%E0%B8%A7%E0%B8%AB%E0%B8%B4%E0%B8%992/data=!4m7!3m6!1s0x30fdaa7f0e51f6ef:0xb9d92ddda2638a79!8m2!3d12.6171384!4d99.9499138!16s%2Fg%2F11fx99vlkm!19sChIJ7_ZRDn-q_TAReYpjot0t2bk?authuser=0&hl=en&rclk=1,4.5,4,,Clinic, · JW8X+VX3,Closed · Opens 8 am Fri · +66 32 520 700,"โรงพยาบาลหัวหิน2
4.5(4)
Clinic ·  · JW8X+VX3
Closed · Opens 8 am Fri · +66 32 520 700

Directions",12.613319089963117,99.96114886586406
0x30fdab1a46b29819:0xf4f9a97746ad4570,Thaikanya by Dr.Cannabis Alternative Medicine @Huahin Hospital soi 6,https://www.google.com/maps/place/Thaikanya+by+Dr.Cannabis+Alternative+Medicine+@Huahin+Hospital+soi+6/data=!4m7!3m6!1s0x30fdab1a46b29819:0xf4f9a97746ad4570!8m2!3d12.6173601!4d99.9491199!16s%2Fg%2F11td6k6b20!19sChIJGZiyRhqr_TARcEWtRnep-fQ?authuser=0&hl=en&rclk=1,4.9,30,,Alternative medicine practitioner, · 4180 Phet Kasem Rd,Closed · Opens 9 am Mon · +66 98 258 9494,"Thaikanya by Dr.Cannabis Alternative Medicine @Huahin Hospital soi 6
4.9(30)
Alternative medicine practitioner ·  · 4180 Phet Kasem Rd
Closed · Opens 9 am Mon · +66 98 258 9494

Website

Directions
 
""Great experience highly knowledgeable staff.""",12.613095459756765,99.95196141815448
0x30fdabc65b24f837:0x8651930fd5ab1232,Chill Massage Hua Hin,https://www.google.com/maps/place/Chill+Massage+Hua+Hin/data=!4m7!3m6!1s0x30fdabc65b24f837:0x8651930fd5ab1232!8m2!3d12.6177394!4d99.9426081!16s%2Fg%2F11qh575q5q!19sChIJN_gkW8ar_TARMhKr1Q-TUYY?authuser=0&hl=en&rclk=1,4.7,103,,Massage spa,100 413 Bo Fai Alley,Closed · Opens 9 am Sat · +66 65 601 4391,"Chill Massage Hua Hin
4.7(103)
Massage spa · 100 413 Bo Fai Alley
Closed · Opens 9 am Sat · +66 65 601 4391

Directions
 
""Very clean, very friendly and they know what they are doing.""",12.61109943000753,99.94300153404747
0x30fdab2a0959705d:0x31aa704b6e63ce82,Lotus Gym Hua Hin,https://www.google.com/maps/place/Lotus+Gym+Hua+Hin/data=!4m7!3m6!1s0x30fdab2a0959705d:0x31aa704b6e63ce82!8m2!3d12.5752471!4d99.9058565!16s%2Fg%2F1q5bw6kn6!19sChIJXXBZCSqr_TARgs5jbktwqjE?authuser=0&hl=en&rclk=1,4.0,31,,Gym,157 Soi Mon Mai,Closed · Opens 7 am Fri · +66 80 223 7666,"Lotus Gym Hua Hin
4.0(31)
Gym · 157 Soi Mon Mai
Closed · Opens 7 am Fri · +66 80 223 7666

Directions
 
""Friendly staff good treatment at the Spine Clinic""",12.575113615593521,99.9120645040676
0x30fdabd8f3f4fde5:0x1e7078b4765049b2,Sahwan Rehab - Addiction Treatment Center in Thailand,https://www.google.com/maps/place/Sahwan+Rehab+-+Addiction+Treatment+Center+in+Thailand/data=!4m7!3m6!1s0x30fdabd8f3f4fde5:0x1e7078b4765049b2!8m2!3d12.5407222!4d99.9122539!16s%2Fg%2F11vdcb1t9v!19sChIJ5f3089ir_TARsklQdrR4cB4?authuser=0&hl=en&rclk=1,4.1,13,,Addiction Rehabilitation Centre,99 หัวหิน 88,Closed · Opens 8 am Fri,"Sahwan Rehab - Addiction Treatment Center in Thailand
4.1(13)
Addiction Rehabilitation Centre · 99 หัวหิน 88
Closed · Opens 8 am Fri

Website

Directions
 
""The programs are well-designed to heal both body and mind.""",12.544911927775699,99.91831980318057
0x30fdab607751938b:0x4292b582ec9d5705,Bermuda Clinic เบอร์มิวด้าคลินิก สาขาหัวหิน,https://www.google.com/maps/place/Bermuda+Clinic+%E0%B9%80%E0%B8%9A%E0%B8%AD%E0%B8%A3%E0%B9%8C%E0%B8%A1%E0%B8%B4%E0%B8%A7%E0%B8%94%E0%B9%89%E0%B8%B2%E0%B8%84%E0%B8%A5%E0%B8%B4%E0%B8%99%E0%B8%B4%E0%B8%81+%E0%B8%AA%E0%B8%B2%E0%B8%82%E0%B8%B2%E0%B8%AB%E0%B8%B1%E0%B8%A7%E0%B8%AB%E0%B8%B4%E0%B8%99/data=!4m7!3m6!1s0x30fdab607751938b:0x4292b582ec9d5705!8m2!3d12.4719935!4d99.9712644!16s%2Fg%2F11p5gtqmkc!19sChIJi5NRd2Cr_TARBVed7IK1kkI?authuser=0&hl=en&rclk=1,,0,,Medical office,8 1970,Closed · Opens 11 am Sat · +66 97 927 5496,"Bermuda Clinic เบอร์มิวด้าคลินิก สาขาหัวหิน
No reviews
Medical office · 8 1970
Closed · Opens 11 am Sat · +66 97 927 5496

Website

Directions",12.530560994452669,99.98273903312997
0x30fdac6cc3be3725:0xae704c06ebde98b8,"Veterinary Teaching Hospital Hua Hin, Kasetsart University","https://www.google.com/maps/place/Veterinary+Teaching+Hospital+Hua+Hin,+Kasetsart+University/data=!4m7!3m6!1s0x30fdac6cc3be3725:0xae704c06ebde98b8!8m2!3d12.5130325!4d99.9678312!16s%2Fg%2F1hm5f60f8!19sChIJJTe-w2ys_TARuJje6wZMcK4?authuser=0&hl=en&rclk=1",4.6,133,,Animal hospital, · GX79+648,Closed · Opens 8:30 am Fri · +66 32 909 234,"Veterinary Teaching Hospital Hua Hin, Kasetsart University
4.6(133)
Animal hospital ·  · GX79+648
Closed · Opens 8:30 am Fri · +66 32 909 234

Website

Directions
 
On-site services",12.514925819839839,99.9657902471229
0x30fdab57975afd1b:0xd5f4792a15d82640,Hua-Hin Hospital 5,https://www.google.com/maps/place/Hua-Hin+Hospital+5/data=!4m7!3m6!1s0x30fdab57975afd1b:0xd5f4792a15d82640!8m2!3d12.5317836!4d99.9118806!16s%2Fg%2F11cr_splct!19sChIJG_1al1er_TARQCbYFSp59NU?authuser=0&hl=en&rclk=1,2.8,13,,Hospital, · GWJ6+PQ6,Temporarily closed · +66 32 510 411,"Hua-Hin Hospital 5
2.8(13)
Hospital ·  · GWJ6+PQ6
Temporarily closed · +66 32 510 411

Website

Directions",12.52779359229595,99.91447140396872
0x30fdabc2e99d24cb:0x19de810fbf1c5966,LASHES MATTER HUA HIN,https://www.google.com/maps/place/LASHES+MATTER+HUA+HIN/data=!4m7!3m6!1s0x30fdabc2e99d24cb:0x19de810fbf1c5966!8m2!3d12.5472889!4d99.9009144!16s%2Fg%2F11y6ct351k!19sChIJyySd6cKr_TARZlkcvw-B3hk?authuser=0&hl=en&rclk=1,4.9,50,,Beauty salon,"555, 10",Closed · Opens 11 am · +66 64 295 8414,"LASHES MATTER HUA HIN
4.9(50)
Beauty salon · 555, 10
Closed · Opens 11 am · +66 64 295 8414

Website

Directions
 
On-site services",12.550633082000992,99.89570586394906
0x30fdaad5ed74d6f3:0x7dc5b4c879fc4708,Lotuswell Resort,https://www.google.com/maps/place/Lotuswell+Resort/data=!4m10!3m9!1s0x30fdaad5ed74d6f3:0x7dc5b4c879fc4708!5m2!4m1!1i2!8m2!3d12.5757354!4d99.9061276!16s%2Fg%2F119vxkc1y!19sChIJ89Z07dWq_TARCEf8eci0xX0?authuser=0&hl=en&rclk=1,4.5,129,,,,,"Lotuswell Resort
4.5(129)
Hotel
+66 32 826 618

Website

Directions
 

Pool

Spa

Free parking

Free Wi-Fi
 
""Excellent Massage at Lotus Spa""",12.575174769381855,99.90275554007961
0x30fdab03d1e71865:0xb35ccf6d73dbad48,Healthy House Thai Massage,https://www.google.com/maps/place/Healthy+House+Thai+Massage/data=!4m7!3m6!1s0x30fdab03d1e71865:0xb35ccf6d73dbad48!8m2!3d12.5474678!4d99.9022856!16s%2Fg%2F11l6wgykb3!19sChIJZRjn0QOr_TARSK3bc23PXLM?authuser=0&hl=en&rclk=1,5.0,83,,Thai massage therapist,555 40,Closed · Opens 10 am · +66 90 886 2979,"Healthy House Thai Massage
5.0(83)
Thai massage therapist · 555 40
Closed · Opens 10 am · +66 90 886 2979

Website

Directions
 
""Annie was able to eradicate the problem after 3-4 sessions.""",12.548501375530558,99.906207902568
0x30fdac741dd63831:0xb6323df561a7fbe4,"Terra Villa Village, Hua Hin","https://www.google.com/maps/place/Terra+Villa+Village,+Hua+Hin/data=!4m10!3m9!1s0x30fdac741dd63831:0xb6323df561a7fbe4!5m2!4m1!1i2!8m2!3d12.5146715!4d99.9650872!16s%2Fg%2F1v4pqfy3!19sChIJMTjWHXSs_TAR5PunYfU9MrY?authuser=0&hl=en&rclk=1",4.3,586,,Villa,,Closed · Opens 9 am · +66 32 538 888,"Terra Villa Village, Hua Hin
4.3(586)
Villa · 
Closed · Opens 9 am · +66 32 538 888

Website

Directions
 

Pool

Free parking

Free Wi-Fi

Air-conditioned
 
""Terra Villas are very affordable and the villas are modest but spacious.""",12.514452609274148,99.96117741161288
0x30fdb3d4b68651b9:0x9c4022a0be8d4e99,Wealth TCM Clinic เวลท์ คลินิกแพทย์แผนจีน ฝังเข็ม ครอบแก้ว ยาจีน,https://www.google.com/maps/place/Wealth+TCM+Clinic+%E0%B9%80%E0%B8%A7%E0%B8%A5%E0%B8%97%E0%B9%8C+%E0%B8%84%E0%B8%A5%E0%B8%B4%E0%B8%99%E0%B8%B4%E0%B8%81%E0%B9%81%E0%B8%9E%E0%B8%97%E0%B8%A2%E0%B9%8C%E0%B9%81%E0%B8%9C%E0%B8%99%E0%B8%88%E0%B8%B5%E0%B8%99+%E0%B8%9D%E0%B8%B1%E0%B8%87%E0%B9%80%E0%B8%82%E0%B9%87%E0%B8%A1+%E0%B8%84%E0%B8%A3%E0%B8%AD%E0%B8%9A%E0%B9%81%E0%B8%81%E0%B9%89%E0%B8%A7+%E0%B8%A2%E0%B8%B2%E0%B8%88%E0%B8%B5%E0%B8%99/data=!4m7!3m6!1s0x30fdb3d4b68651b9:0x9c4022a0be8d4e99!8m2!3d12.3896414!4d99.9850479!16s%2Fg%2F11vbhn1pvj!19sChIJuVGGttSz_TARmU6NvqAiQJw?authuser=0&hl=en&rclk=1,5.0,31,,,,Closed · Opens 4:30 pm · +66 99 394 9694,"Wealth TCM Clinic เวลท์ คลินิกแพทย์แผนจีน ฝังเข็ม ครอบแก้ว ยาจีน
5.0(31)
Chinese Medicine Clinic
Closed · Opens 4:30 pm · +66 99 394 9694

Directions
 
""beautiful doctor🤩, nice environment and service.""",12.506778125569387,99.94396586974304
0x30fd1dddd7f84299:0x47cb361141c0e7df,Bangkok Phetchaburi Medical Clinic – Cha-am Branch,https://www.google.com/maps/place/Bangkok+Phetchaburi+Medical+Clinic+%E2%80%93+Cha-am+Branch/data=!4m7!3m6!1s0x30fd1dddd7f84299:0x47cb361141c0e7df!8m2!3d12.7963876!4d99.975499!16s%2Fg%2F11yn9tb8p_!19sChIJmUL4190d_TAR3-fAQRE2y0c?authuser=0&hl=en&rclk=1,5.0,73,,Medical clinic,118 ชะอำ 118/1 Narathip Rd,Closed · Opens 9 am · +66 92 607 9449,"Bangkok Phetchaburi Medical Clinic – Cha-am Branch
5.0(73)
Medical clinic · 118 ชะอำ 118/1 Narathip Rd
Closed · Opens 9 am · +66 92 607 9449

Website

Directions
 
On-site services",12.63412693674088,99.94165191486147
0x30fc5595d53c5f97:0x313d472453fe0849,"Harvest Cafe, Eatery & Shop","https://www.google.com/maps/place/Harvest+Cafe,+Eatery+%26+Shop/data=!4m7!3m6!1s0x30fc5595d53c5f97:0x313d472453fe0849!8m2!3d12.6068049!4d99.8916528!16s%2Fg%2F11yhs981zd!19sChIJl1881ZVV_DARSQj-UyRHPTE?authuser=0&hl=en&rclk=1",4.8,27,฿,4.8(27),฿200–400,Closed · Opens 8 am · +66 80 509 0076,"Harvest Cafe, Eatery & Shop
4.8(27) · ฿200–400
Restaurant · Health Park
Closed · Opens 8 am · +66 80 509 0076

Website

Directions
 
""Been coming for over a year and a half.""",12.602833556931888,99.89813745644473
0x30fdacf7aec6b321:0xeb2792dcdc00020b,Pineapple Valley Golf Club Hua Hin,https://www.google.com/maps/place/Pineapple+Valley+Golf+Club+Hua+Hin/data=!4m7!3m6!1s0x30fdacf7aec6b321:0xeb2792dcdc00020b!8m2!3d12.4976361!4d99.9451433!16s%2Fg%2F11b5wqqc0j!19sChIJIbPGrves_TARCwIA3NySJ-s?authuser=0&hl=en&rclk=1,4.6,1254,,Golf course, · 101 หมู่ที่ 9 ซอย หมู่บ้านหัวนาที่ 21,Closed · Opens 6 am · +66 32 616 200,"Pineapple Valley Golf Club Hua Hin
4.6(1,254)
Golf course ·  · 101 หมู่ที่ 9 ซอย หมู่บ้านหัวนาที่ 21
Rolling fairways with mountain backdrop
Closed · Opens 6 am · +66 32 616 200

Website

Directions
 
""They pay attention to details.""
 

Book online",12.501171769250778,99.95077073099844
0x30fdabd1f28f5f7d:0x8140243b0a18a6e1,HANA Clinic ฮานะ คลินิกเสริมความงาม หัวหิน,https://www.google.com/maps/place/HANA+Clinic+%E0%B8%AE%E0%B8%B2%E0%B8%99%E0%B8%B0+%E0%B8%84%E0%B8%A5%E0%B8%B4%E0%B8%99%E0%B8%B4%E0%B8%81%E0%B9%80%E0%B8%AA%E0%B8%A3%E0%B8%B4%E0%B8%A1%E0%B8%84%E0%B8%A7%E0%B8%B2%E0%B8%A1%E0%B8%87%E0%B8%B2%E0%B8%A1+%E0%B8%AB%E0%B8%B1%E0%B8%A7%E0%B8%AB%E0%B8%B4%E0%B8%99/data=!4m7!3m6!1s0x30fdabd1f28f5f7d:0x8140243b0a18a6e1!8m2!3d12.5523125!4d99.9621875!16s%2Fg%2F11mql8n6j2!19sChIJfV-P8tGr_TAR4aYYCjskQIE?authuser=0&hl=en&rclk=1,4.7,13,,Skin care clinic,Phet Kasem Rd,Permanently closed · +66 32 510 806,"HANA Clinic ฮานะ คลินิกเสริมความงาม หัวหิน
4.7(13)
Skin care clinic · Phet Kasem Rd
Permanently closed · +66 32 510 806

Website

Directions",12.550650168876974,100.02926714910195
0x30fd01c9a9793e41:0x77a0c5cf3593853a,AvaniWell at Avani+ Hua Hin,https://www.google.com/maps/place/AvaniWell+at+Avani%2B+Hua+Hin/data=!4m7!3m6!1s0x30fd01c9a9793e41:0x77a0c5cf3593853a!8m2!3d12.6605046!4d99.9556473!16s%2Fg%2F11qb397l3c!19sChIJQT55qckB_TAROoWTNc_FoHc?authuser=0&hl=en&rclk=1,4.9,160,,Wellness center, · 1499 Phet Kasem Rd,Closed · Opens 9 am · +66 32 898 989,"AvaniWell at Avani+ Hua Hin
4.9(160)
Wellness center ·  · 1499 Phet Kasem Rd
Closed · Opens 9 am · +66 32 898 989

Website

Directions
 
""Professional staff, clean facility, and a very relaxing atmosphere.""
 

Book online",12.658462088468543,99.9600011509173
0x30fdb34197d25acf:0x181ec05426608c49,Hi Dental Clinic ปราณบุรี,https://www.google.com/maps/place/Hi+Dental+Clinic+%E0%B8%9B%E0%B8%A3%E0%B8%B2%E0%B8%93%E0%B8%9A%E0%B8%B8%E0%B8%A3%E0%B8%B5/data=!4m7!3m6!1s0x30fdb34197d25acf:0x181ec05426608c49!8m2!3d12.3754096!4d99.9075934!16s%2Fg%2F11tfg4lsnr!19sChIJz1rSl0Gz_TARSYxgJlTAHhg?authuser=0&hl=en&rclk=1,5.0,18,,Dental clinic,Rat Bamrung Rd,Closed · Opens 9 am · +66 64 459 2492,"Hi Dental Clinic ปราณบุรี
5.0(18)
Dental clinic · Rat Bamrung Rd
Closed · Opens 9 am · +66 64 459 2492

Website

Directions
 
On-site services",12.543499484620689,99.99047763576579
0x30fdb3664e42e79d:0x864a139303a2ec88,Floss dental clinic Pranburi คลินิกทันตกรรมฟลอสส์ ปราณบุรี (ทำฟัน รากเทียม จัดฟัน วีเนียร์),https://www.google.com/maps/place/Floss+dental+clinic+Pranburi+%E0%B8%84%E0%B8%A5%E0%B8%B4%E0%B8%99%E0%B8%B4%E0%B8%81%E0%B8%97%E0%B8%B1%E0%B8%99%E0%B8%95%E0%B8%81%E0%B8%A3%E0%B8%A3%E0%B8%A1%E0%B8%9F%E0%B8%A5%E0%B8%AD%E0%B8%AA%E0%B8%AA%E0%B9%8C+%E0%B8%9B%E0%B8%A3%E0%B8%B2%E0%B8%93%E0%B8%9A%E0%B8%B8%E0%B8%A3%E0%B8%B5+%28%E0%B8%97%E0%B8%B3%E0%B8%9F%E0%B8%B1%E0%B8%99+%E0%B8%A3%E0%B8%B2%E0%B8%81%E0%B9%80%E0%B8%97%E0%B8%B5%E0%B8%A2%E0%B8%A1+%E0%B8%88%E0%B8%B1%E0%B8%94%E0%B8%9F%E0%B8%B1%E0%B8%99+%E0%B8%A7%E0%B8%B5%E0%B9%80%E0%B8%99%E0%B8%B5%E0%B8%A2%E0%B8%A3%E0%B9%8C%29/data=!4m7!3m6!1s0x30fdb3664e42e79d:0x864a139303a2ec88!8m2!3d12.391761!4d99.9198427!16s%2Fg%2F11sskydxpb!19sChIJnedCTmaz_TARiOyiA5MTSoY?authuser=0&hl=en&rclk=1,4.9,351,,Dental clinic, · ตรงข้ามประตูทางเข้าห้างโลตัสปราณบุรี 9/31 หมู่ที่ 7,Closed · Opens 9:30 am · +66 92 265 9809,"Floss dental clinic Pranburi คลินิกทันตกรรมฟลอสส์ ปราณบุรี (ทำฟัน รากเทียม จัดฟัน วีเนียร์)
4.9(351)
Dental clinic ·  · ตรงข้ามประตูทางเข้าห้างโลตัสปราณบุรี 9/31 หมู่ที่ 7
Closed · Opens 9:30 am · +66 92 265 9809

Website

Directions
 
""Brilliant, pain-free service with lovely staff... thank you Dr. Fone!""",12.51103582011278,99.93085947532515
0x30fc4cd357db5807:0x667554df94e13628,Prasong Clinic,https://www.google.com/maps/place/Prasong+Clinic/data=!4m7!3m6!1s0x30fc4cd357db5807:0x667554df94e13628!8m2!3d12.3885251!4d99.901289!16s%2Fg%2F1hf0yp_r0!19sChIJB1jbV9NM_DARKDbhlN9UdWY?authuser=0&hl=en&rclk=1,5.0,1,,Medical clinic,"9WQ2+CG7, Phrai Ngam Alley",,"Prasong Clinic
5.0(1)
Medical clinic · 9WQ2+CG7, Phrai Ngam Alley

Directions",12.51103582011278,99.93085947532515
0x30fdb2df4bd1fddd:0x4fa3171ad74c19a6,Pran dental clinic คลินิกทันตกรรมปราณ,https://www.google.com/maps/place/Pran+dental+clinic+%E0%B8%84%E0%B8%A5%E0%B8%B4%E0%B8%99%E0%B8%B4%E0%B8%81%E0%B8%97%E0%B8%B1%E0%B8%99%E0%B8%95%E0%B8%81%E0%B8%A3%E0%B8%A3%E0%B8%A1%E0%B8%9B%E0%B8%A3%E0%B8%B2%E0%B8%93/data=!4m7!3m6!1s0x30fdb2df4bd1fddd:0x4fa3171ad74c19a6!8m2!3d12.3947387!4d99.9189446!16s%2Fg%2F11dx8kb15_!19sChIJ3f3RS9-y_TARphlM1xoXo08?authuser=0&hl=en&rclk=1,4.9,281,,Dental clinic,99/109 Phet Kasem Rd,Closed · Opens 10 am · +66 94 890 7008,"Pran dental clinic คลินิกทันตกรรมปราณ
4.9(281)
Dental clinic · 99/109 Phet Kasem Rd
Closed · Opens 10 am · +66 94 890 7008

Website

Directions
 
""We took our kid for an emergency visit, and the experience was exceptional.""",12.51103582011278,99.93085947532515
0x30fdada7ea82f5d1:0x9cf03d592c14fd11,BVRC Functional Wellness,https://www.google.com/maps/place/BVRC+Functional+Wellness/data=!4m7!3m6!1s0x30fdada7ea82f5d1:0x9cf03d592c14fd11!8m2!3d12.4663327!4d99.9223055!16s%2Fg%2F11lh4_nw1b!19sChIJ0fWC6qet_TAREf0ULFk98Jw?authuser=0&hl=en&rclk=1,4.2,5,,Alternative medicine practitioner,"160, TubTai",Closed · Opens 8 am · +66 89 836 8001,"BVRC Functional Wellness
4.2(5)
Alternative medicine practitioner · 160, TubTai
Closed · Opens 8 am · +66 89 836 8001

Website

Directions
 
""I am so grateful for that.""",12.51103582011278,99.93085947532515
0x30fdb30046bdad33:0x7af650a3c8b2518d,คลินิกหมออรวรรณ (Dr.Aorawan Clinic),https://www.google.com/maps/place/%E0%B8%84%E0%B8%A5%E0%B8%B4%E0%B8%99%E0%B8%B4%E0%B8%81%E0%B8%AB%E0%B8%A1%E0%B8%AD%E0%B8%AD%E0%B8%A3%E0%B8%A7%E0%B8%A3%E0%B8%A3%E0%B8%93+%28Dr.Aorawan+Clinic%29/data=!4m7!3m6!1s0x30fdb30046bdad33:0x7af650a3c8b2518d!8m2!3d12.3906603!4d99.9162966!16s%2Fg%2F11yf27j3vm!19sChIJM629RgCz_TARjVGyyKNQ9no?authuser=0&hl=en&rclk=1,5.0,3,,Medical clinic,21 3,Closed · Opens 5 pm · +66 80 142 2514,"คลินิกหมออรวรรณ (Dr.Aorawan Clinic)
5.0(3)
Medical clinic · 21 3
Closed · Opens 5 pm · +66 80 142 2514

Directions
 
""I came in for drip vitamin and everything was fast, smooth and relaxing.""",12.51103582011278,99.93085947532515
0x30fdb3a938c627b7:0xe397df4a0a312714,Ruksasat@pran Vet Clinic (Dr. Donut),https://www.google.com/maps/place/Ruksasat@pran+Vet+Clinic+%28Dr.+Donut%29/data=!4m7!3m6!1s0x30fdb3a938c627b7:0xe397df4a0a312714!8m2!3d12.4059375!4d99.9274375!16s%2Fg%2F11qjz6pj8f!19sChIJtyfGOKmz_TARFCcxCkrfl-M?authuser=0&hl=en&rclk=1,4.9,63,,,,Closed · Opens 8:30 am · +66 63 396 6191,"Ruksasat@pran Vet Clinic (Dr. Donut)
4.9(63)
Veterinarian
Closed · Opens 8:30 am · +66 63 396 6191

Directions
 
""She safed the life of our dog today!""",12.51103582011278,99.93085947532515
0x30fd036eb1559091:0xf604f480a807857a,All Star Clinic,https://www.google.com/maps/place/All+Star+Clinic/data=!4m7!3m6!1s0x30fd036eb1559091:0xf604f480a807857a!8m2!3d12.7994814!4d99.9743774!16s%2Fg%2F11xf5bm12r!19sChIJkZBVsW4D_TAReoUHqID0BPY?authuser=0&hl=en&rclk=1,4.5,46,,Skin care clinic,"street, 45/11 Si Sakun Thai",Closed · Opens 10 am · +66 80 332 1145,"All Star Clinic
4.5(46)
Skin care clinic · street, 45/11 Si Sakun Thai
Closed · Opens 10 am · +66 80 332 1145

Directions
 
""The best and the doctor so friendly and cute""",12.632933952513982,99.93718989446761
0x30fd0351968c36d1:0xfc22338f670838a4,Namfontip Beauty Clinic,https://www.google.com/maps/place/Namfontip+Beauty+Clinic/data=!4m7!3m6!1s0x30fd0351968c36d1:0xfc22338f670838a4!8m2!3d12.7248672!4d99.9600997!16s%2Fg%2F11vf76b0gd!19sChIJ0TaMllED_TARpDgIZ48zIvw?authuser=0&hl=en&rclk=1,5.0,1,,Beautician,ชะอำ เลขที่ 847 (ตึกสีชมพู ชุมชนบ่อพุทรา ถนนหาด,Closed · Opens 9 am · +66 89 922 6599,"Namfontip Beauty Clinic
5.0(1)
Beautician · ชะอำ เลขที่ 847 (ตึกสีชมพู ชุมชนบ่อพุทรา ถนนหาด
Closed · Opens 9 am · +66 89 922 6599

Website

Directions",12.632933952513982,99.93718989446761
0x30fc57001d487bf1:0x37d9ed6a0eb8ecf1,Nadnalin clinic,https://www.google.com/maps/place/Nadnalin+clinic/data=!4m7!3m6!1s0x30fc57001d487bf1:0x37d9ed6a0eb8ecf1!8m2!3d12.5894699!4d99.7405523!16s%2Fg%2F11ymkrwf2y!19sChIJ8XtIHQBX_DAR8ey4Dmrt2Tc?authuser=0&hl=en&rclk=1,,0,,Abortion clinic,HPQR+Q6M,,"Nadnalin clinic
No reviews
Abortion clinic · HPQR+Q6M

Directions",12.57291301579359,99.88862814495168
0x30fd03ae3cd3e29d:0xee964cda51b6203a,FUN TIME Dental Clinic คลินิกทันตกรรมฟันไทม์,https://www.google.com/maps/place/FUN+TIME+Dental+Clinic+%E0%B8%84%E0%B8%A5%E0%B8%B4%E0%B8%99%E0%B8%B4%E0%B8%81%E0%B8%97%E0%B8%B1%E0%B8%99%E0%B8%95%E0%B8%81%E0%B8%A3%E0%B8%A3%E0%B8%A1%E0%B8%9F%E0%B8%B1%E0%B8%99%E0%B9%84%E0%B8%97%E0%B8%A1%E0%B9%8C/data=!4m7!3m6!1s0x30fd03ae3cd3e29d:0xee964cda51b6203a!8m2!3d12.7978633!4d99.9701681!16s%2Fg%2F11twl_yrng!19sChIJneLTPK4D_TAROiC2UdpMlu4?authuser=0&hl=en&rclk=1,5.0,74,,Dental clinic,70 Narathip Rd,Closed · Opens 10 am · +66 96 996 4993,"FUN TIME Dental Clinic คลินิกทันตกรรมฟันไทม์
5.0(74)
Dental clinic · 70 Narathip Rd
Closed · Opens 10 am · +66 96 996 4993

Website

Directions
 
""I was in and out in 30 minutes and my tooth felt good as new.""",12.650071469219112,99.98391457620816
0x30fd034a0e405d05:0x64e02b79d5b67dc9,Pak Yim Dental Clinic,https://www.google.com/maps/place/Pak+Yim+Dental+Clinic/data=!4m7!3m6!1s0x30fd034a0e405d05:0x64e02b79d5b67dc9!8m2!3d12.7979495!4d99.9717801!16s%2Fg%2F11g8v4lch_!19sChIJBV1ADkoD_TARyX221Xkr4GQ?authuser=0&hl=en&rclk=1,4.5,31,,Dental clinic,"485, QXXC+5PV, 5-6 Phet Kasem Rd",Closed · Opens 1 pm · +66 97 071 5563,"Pak Yim Dental Clinic
4.5(31)
Dental clinic · 485, QXXC+5PV, 5-6 Phet Kasem Rd
Closed · Opens 1 pm · +66 97 071 5563

Directions
 
""The team and dentist are professional.""",12.650071469219112,99.98391457620816
0x30fd036bd1e3f06d:0x16031a434d9117b2,(PAT) People & Animals Thailand คลินิกสงเคราะห์สัตว์,https://www.google.com/maps/place/%28PAT%29+People+%26+Animals+Thailand+%E0%B8%84%E0%B8%A5%E0%B8%B4%E0%B8%99%E0%B8%B4%E0%B8%81%E0%B8%AA%E0%B8%87%E0%B9%80%E0%B8%84%E0%B8%A3%E0%B8%B2%E0%B8%B0%E0%B8%AB%E0%B9%8C%E0%B8%AA%E0%B8%B1%E0%B8%95%E0%B8%A7%E0%B9%8C/data=!4m7!3m6!1s0x30fd036bd1e3f06d:0x16031a434d9117b2!8m2!3d12.7511881!4d99.9614713!16s%2Fg%2F11h9h8n6vd!19sChIJbfDj0WsD_TARsheRTUMaAxY?authuser=0&hl=en&rclk=1,5.0,9,,Foundation,788/1-2,Closed · Opens 8:30 am · +66 99 929 2530,"(PAT) People & Animals Thailand คลินิกสงเคราะห์สัตว์
5.0(9)
Foundation · 788/1-2
Closed · Opens 8:30 am · +66 99 929 2530

Website

Directions
 
""The staff speak English fluently and they are very informative.""",12.650071469219112,99.98391457620816
0x30fd030f9fc23acb:0x41f2b77f9fb5e189,กชพรรณ คลินิก - Kodchapan Clinic,https://www.google.com/maps/place/%E0%B8%81%E0%B8%8A%E0%B8%9E%E0%B8%A3%E0%B8%A3%E0%B8%93+%E0%B8%84%E0%B8%A5%E0%B8%B4%E0%B8%99%E0%B8%B4%E0%B8%81+-+Kodchapan+Clinic/data=!4m7!3m6!1s0x30fd030f9fc23acb:0x41f2b77f9fb5e189!8m2!3d12.7990984!4d99.9726996!16s%2Fg%2F11rz9bpdlt!19sChIJyzrCnw8D_TARieG1n3-38kE?authuser=0&hl=en&rclk=1,3.0,2,,Skin care clinic, · ชะอำ 10 Si Sakun Thai,Closed · Opens 10 am · +66 32 897 299,"กชพรรณ คลินิก - Kodchapan Clinic
3.0(2)
Skin care clinic ·  · ชะอำ 10 Si Sakun Thai
Closed · Opens 10 am · +66 32 897 299

Directions",12.650071469219112,99.98391457620816
0x30fdb32d19703abf:0xb95306fef54f0242,worapong medical clinic,https://www.google.com/maps/place/worapong+medical+clinic/data=!4m7!3m6!1s0x30fdb32d19703abf:0xb95306fef54f0242!8m2!3d12.3851964!4d99.9037584!16s%2Fg%2F11r8hc54d!19sChIJvzpwGS2z_TARQgJP9f4GU7k?authuser=0&hl=en&rclk=1,3.5,16,,Medical office,"200, 98 Rat Bamrung Rd",Closed · Opens 8 am · +66 89 695 4536,"worapong medical clinic
3.5(16)
Medical office · 200, 98 Rat Bamrung Rd
Closed · Opens 8 am · +66 89 695 4536

Directions",12.484071419988512,99.94272671305377
0x30fdb1d8871b9317:0xd4e34509f6302fcc,รัตนาคลินิกการแพทย์แผนไทย | นวดบำบัด แก้อาการ ปากน้ำปราณ,https://www.google.com/maps/place/%E0%B8%A3%E0%B8%B1%E0%B8%95%E0%B8%99%E0%B8%B2%E0%B8%84%E0%B8%A5%E0%B8%B4%E0%B8%99%E0%B8%B4%E0%B8%81%E0%B8%81%E0%B8%B2%E0%B8%A3%E0%B9%81%E0%B8%9E%E0%B8%97%E0%B8%A2%E0%B9%8C%E0%B9%81%E0%B8%9C%E0%B8%99%E0%B9%84%E0%B8%97%E0%B8%A2+%7C+%E0%B8%99%E0%B8%A7%E0%B8%94%E0%B8%9A%E0%B8%B3%E0%B8%9A%E0%B8%B1%E0%B8%94+%E0%B9%81%E0%B8%81%E0%B9%89%E0%B8%AD%E0%B8%B2%E0%B8%81%E0%B8%B2%E0%B8%A3+%E0%B8%9B%E0%B8%B2%E0%B8%81%E0%B8%99%E0%B9%89%E0%B8%B3%E0%B8%9B%E0%B8%A3%E0%B8%B2%E0%B8%93/data=!4m7!3m6!1s0x30fdb1d8871b9317:0xd4e34509f6302fcc!8m2!3d12.4041545!4d99.9922554!16s%2Fg%2F11ml03fpy6!19sChIJF5Mbh9ix_TARzC8w9glF49Q?authuser=0&hl=en&rclk=1,5.0,17,,Wellness center, · ผาสุกวนิช,Closed · Opens 9 am · +66 83 374 9161,"รัตนาคลินิกการแพทย์แผนไทย | นวดบำบัด แก้อาการ ปากน้ำปราณ
5.0(17)
Wellness center ·  · ผาสุกวนิช
Closed · Opens 9 am · +66 83 374 9161

Directions
 
On-site services
 

Book online",12.484071419988512,99.94272671305377
0x30fdb3f3053027ad:0xaa28a72022edfbf1,AP Clinic ปราณบุรี,https://www.google.com/maps/place/AP+Clinic+%E0%B8%9B%E0%B8%A3%E0%B8%B2%E0%B8%93%E0%B8%9A%E0%B8%B8%E0%B8%A3%E0%B8%B5/data=!4m7!3m6!1s0x30fdb3f3053027ad:0xaa28a72022edfbf1!8m2!3d12.393189!4d99.9876926!16s%2Fg%2F11x8bgvmxc!19sChIJrScwBfOz_TAR8fvtIiCnKKo?authuser=0&hl=en&rclk=1,5.0,3,,Plastic surgery clinic,9 94,Closed · Opens 11 am · +66 62 993 8834,"AP Clinic ปราณบุรี
5.0(3)
Plastic surgery clinic · 9 94
Closed · Opens 11 am · +66 62 993 8834

Website

Directions",12.484071419988512,99.94272671305377
0x30fdb33277d6d6c5:0xbb32ac516b8ce0e2,Sompong Clinic,https://www.google.com/maps/place/Sompong+Clinic/data=!4m7!3m6!1s0x30fdb33277d6d6c5:0xbb32ac516b8ce0e2!8m2!3d12.3827676!4d99.9054784!16s%2Fg%2F1hf3bns8r!19sChIJxdbWdzKz_TAR4uCMa1GsMrs?authuser=0&hl=en&rclk=1,,0,,Health,200/38,Closed · Opens 7:30 am · +66 32 623 908,"Sompong Clinic
No reviews
Health · 200/38
Closed · Opens 7:30 am · +66 32 623 908

Directions",12.484071419988512,99.94272671305377
0x30fdb333e43e79d7:0x3cbd6f1cc259a0e2,Thirachai Clinic,https://www.google.com/maps/place/Thirachai+Clinic/data=!4m7!3m6!1s0x30fdb333e43e79d7:0x3cbd6f1cc259a0e2!8m2!3d12.3783573!4d99.9071874!16s%2Fg%2F1hdy_fyy2!19sChIJ13k-5DOz_TAR4qBZwhxvvTw?authuser=0&hl=en&rclk=1,1.5,11,,Health,527 Highway 3168,Closed · Opens 7 am · +66 32 622 201,"Thirachai Clinic
1.5(11)
Health · 527 Highway 3168
Closed · Opens 7 am · +66 32 622 201

Directions",12.484071419988512,99.94272671305377
0x30fdb32cce89394d:0xb84343f37ae83f78,Wira Clinic,https://www.google.com/maps/place/Wira+Clinic/data=!4m7!3m6!1s0x30fdb32cce89394d:0xb84343f37ae83f78!8m2!3d12.3868549!4d99.9022933!16s%2Fg%2F11r8_h6nh!19sChIJTTmJziyz_TAReD_oevNDQ7g?authuser=0&hl=en&rclk=1,3.0,4,,Health,"5, 32-3 Highway 3168",Closed · Opens 8 am · +66 32 622 082,"Wira Clinic
3.0(4)
Health · 5, 32-3 Highway 3168
Closed · Opens 8 am · +66 32 622 082

Directions",12.484071419988512,99.94272671305377
0x30fdb33af060cbeb:0x6425b32dd455dca6,ณัฐวรรณ แพทย์แผนจีนคลินิก Natthawan Acupuncture Clinic,https://www.google.com/maps/place/%E0%B8%93%E0%B8%B1%E0%B8%90%E0%B8%A7%E0%B8%A3%E0%B8%A3%E0%B8%93+%E0%B9%81%E0%B8%9E%E0%B8%97%E0%B8%A2%E0%B9%8C%E0%B9%81%E0%B8%9C%E0%B8%99%E0%B8%88%E0%B8%B5%E0%B8%99%E0%B8%84%E0%B8%A5%E0%B8%B4%E0%B8%99%E0%B8%B4%E0%B8%81+Natthawan+Acupuncture+Clinic/data=!4m7!3m6!1s0x30fdb33af060cbeb:0x6425b32dd455dca6!8m2!3d12.3937685!4d99.9879724!16s%2Fg%2F11s748d36j!19sChIJ68tg8Dqz_TARptxV1C2zJWQ?authuser=0&hl=en&rclk=1,5.0,31,,Acupuncture clinic, · 9 27-28 หมู่2 Pak Nam Pran Rd,Closed · Opens 10 am Sun · +66 96 269 4965,"ณัฐวรรณ แพทย์แผนจีนคลินิก Natthawan Acupuncture Clinic
5.0(31)
Acupuncture clinic ·  · 9 27-28 หมู่2 Pak Nam Pran Rd
Closed · Opens 10 am Sun · +66 96 269 4965

Website

Directions
 
""Accupuncturist and her assistant are very professional.""",12.484071419988512,99.94272671305377
0x30fdb32d84ae9451:0x6870a28824152589,Pharinya Veterinary Clinic,https://www.google.com/maps/place/Pharinya+Veterinary+Clinic/data=!4m7!3m6!1s0x30fdb32d84ae9451:0x6870a28824152589!8m2!3d12.3830356!4d99.9053497!16s%2Fg%2F1hdzh5h8d!19sChIJUZSuhC2z_TARiSUVJIiicGg?authuser=0&hl=en&rclk=1,4.9,27,,Veterinary care,15 Rat Bamrung Rd,Closed · Opens 9 am · +66 32 622 939,"Pharinya Veterinary Clinic
4.9(27)
Veterinary care · 15 Rat Bamrung Rd
Closed · Opens 9 am · +66 32 622 939

Directions
 
""Thank you for the excellent care of my cat.👍""",12.484071419988512,99.94272671305377
0x30fc4dbfd67b90af:0x551abac136b126a2,CSS Clinic Botox Filler โบท็อกซ์ ฟิลเลอร์ ปรับรูปหน้า - ปราณบุรี,https://www.google.com/maps/place/CSS+Clinic+Botox+Filler+%E0%B9%82%E0%B8%9A%E0%B8%97%E0%B9%87%E0%B8%AD%E0%B8%81%E0%B8%8B%E0%B9%8C+%E0%B8%9F%E0%B8%B4%E0%B8%A5%E0%B9%80%E0%B8%A5%E0%B8%AD%E0%B8%A3%E0%B9%8C+%E0%B8%9B%E0%B8%A3%E0%B8%B1%E0%B8%9A%E0%B8%A3%E0%B8%B9%E0%B8%9B%E0%B8%AB%E0%B8%99%E0%B9%89%E0%B8%B2+-+%E0%B8%9B%E0%B8%A3%E0%B8%B2%E0%B8%93%E0%B8%9A%E0%B8%B8%E0%B8%A3%E0%B8%B5/data=!4m7!3m6!1s0x30fc4dbfd67b90af:0x551abac136b126a2!8m2!3d12.3765595!4d99.9072308!16s%2Fg%2F11vxq50cx4!19sChIJr5B71r9N_DARoiaxNsG6GlU?authuser=0&hl=en&rclk=1,3.8,4,,Beauty salon,10/24 หมู่ 1,Closed · Opens 10:30 am · +66 61 535 5691,"CSS Clinic Botox Filler โบท็อกซ์ ฟิลเลอร์ ปรับรูปหน้า - ปราณบุรี
3.8(4)
Beauty salon · 10/24 หมู่ 1
Closed · Opens 10:30 am · +66 61 535 5691

Directions",12.484071419988512,99.94272671305377
0x30fd010047dd22cd:0x85f319880b610564,ฉัตรสหคลินิก แพทย์แผนไทย แพทย์แผนไทยประยุกต์,https://www.google.com/maps/place/%E0%B8%89%E0%B8%B1%E0%B8%95%E0%B8%A3%E0%B8%AA%E0%B8%AB%E0%B8%84%E0%B8%A5%E0%B8%B4%E0%B8%99%E0%B8%B4%E0%B8%81+%E0%B9%81%E0%B8%9E%E0%B8%97%E0%B8%A2%E0%B9%8C%E0%B9%81%E0%B8%9C%E0%B8%99%E0%B9%84%E0%B8%97%E0%B8%A2+%E0%B9%81%E0%B8%9E%E0%B8%97%E0%B8%A2%E0%B9%8C%E0%B9%81%E0%B8%9C%E0%B8%99%E0%B9%84%E0%B8%97%E0%B8%A2%E0%B8%9B%E0%B8%A3%E0%B8%B0%E0%B8%A2%E0%B8%B8%E0%B8%81%E0%B8%95%E0%B9%8C/data=!4m7!3m6!1s0x30fd010047dd22cd:0x85f319880b610564!8m2!3d12.6672584!4d99.9563478!16s%2Fg%2F11z4cz28bz!19sChIJzSLdRwAB_TARZAVhC4gZ84U?authuser=0&hl=en&rclk=1,5.0,2,,Oriental medicine clinic,1392 Phet Kasem Rd,Closed · Opens 9 am · +66 63 265 3851,"ฉัตรสหคลินิก แพทย์แผนไทย แพทย์แผนไทยประยุกต์
5.0(2)
Oriental medicine clinic · 1392 Phet Kasem Rd
Closed · Opens 9 am · +66 63 265 3851

Directions",12.658238179926233,99.9645977317281
0x30fdadd8e633c72b:0xa6311439f6d78a46,อ.เจริญน์คลินิกการพยาบาลและการผดุงครรภ์,https://www.google.com/maps/place/%E0%B8%AD.%E0%B9%80%E0%B8%88%E0%B8%A3%E0%B8%B4%E0%B8%8D%E0%B8%99%E0%B9%8C%E0%B8%84%E0%B8%A5%E0%B8%B4%E0%B8%99%E0%B8%B4%E0%B8%81%E0%B8%81%E0%B8%B2%E0%B8%A3%E0%B8%9E%E0%B8%A2%E0%B8%B2%E0%B8%9A%E0%B8%B2%E0%B8%A5%E0%B9%81%E0%B8%A5%E0%B8%B0%E0%B8%81%E0%B8%B2%E0%B8%A3%E0%B8%9C%E0%B8%94%E0%B8%B8%E0%B8%87%E0%B8%84%E0%B8%A3%E0%B8%A3%E0%B8%A0%E0%B9%8C/data=!4m7!3m6!1s0x30fdadd8e633c72b:0xa6311439f6d78a46!8m2!3d12.4907729!4d99.9043146!16s%2Fg%2F11stxhq_qk!19sChIJK8cz5tit_TARRorX9jkUMaY?authuser=0&hl=en&rclk=1,5.0,4,,Community health centre, · 246 1,Closed · Opens 5 pm · +66 82 459 9481,"อ.เจริญน์คลินิกการพยาบาลและการผดุงครรภ์
5.0(4)
Community health centre ·  · 246 1
Closed · Opens 5 pm · +66 82 459 9481

Directions",12.492721988905336,99.90762193374006
0x30fdb17e36cfaeb7:0x834398b12fb71378,คลินิกทันตกรรมปากน้ำ Paknam dental clinic,https://www.google.com/maps/place/%E0%B8%84%E0%B8%A5%E0%B8%B4%E0%B8%99%E0%B8%B4%E0%B8%81%E0%B8%97%E0%B8%B1%E0%B8%99%E0%B8%95%E0%B8%81%E0%B8%A3%E0%B8%A3%E0%B8%A1%E0%B8%9B%E0%B8%B2%E0%B8%81%E0%B8%99%E0%B9%89%E0%B8%B3+Paknam+dental+clinic/data=!4m7!3m6!1s0x30fdb17e36cfaeb7:0x834398b12fb71378!8m2!3d12.3876672!4d99.992276!16s%2Fg%2F11byyqpq1l!19sChIJt67PNn6x_TAReBO3L7GYQ4M?authuser=0&hl=en&rclk=1,4.7,7,,Dental clinic,465 27 Pak Nam Pran Rd,Closed · Opens 9 am Sat · +66 62 592 2942,"คลินิกทันตกรรมปากน้ำ Paknam dental clinic
4.7(7)
Dental clinic · 465 27 Pak Nam Pran Rd
Closed · Opens 9 am Sat · +66 62 592 2942

Directions
 
""Can only recommend this dentist...very professional and ...""",12.52910398525658,100.04585882642246
0x30fdb22b3e44e1ad:0xeae4e0237705d71b,Lady Beauty Clinic,https://www.google.com/maps/place/Lady+Beauty+Clinic/data=!4m7!3m6!1s0x30fdb22b3e44e1ad:0xeae4e0237705d71b!8m2!3d12.3922457!4d99.9871025!16s%2Fg%2F1hd_7g4vb!19sChIJreFEPiuy_TARG9cFdyPg5Oo?authuser=0&hl=en&rclk=1,,0,,Medical clinic,"9XRP+VRX, Prachuap Khiri Khan 4008 Rural Rd.",,"Lady Beauty Clinic
No reviews
Medical clinic · 9XRP+VRX, Prachuap Khiri Khan 4008 Rural Rd.

Directions",12.52910398525658,100.04585882642246
0x30fd033fde7f752d:0x9a0c00aa24fe14b,Cha-am Nursing and Midwife Clinic,https://www.google.com/maps/place/Cha-am+Nursing+and+Midwife+Clinic/data=!4m7!3m6!1s0x30fd033fde7f752d:0x9a0c00aa24fe14b!8m2!3d12.777694!4d99.967303!16s%2Fg%2F1pzrg915x!19sChIJLXV_3j8D_TARS-FPogrAoAk?authuser=0&hl=en&rclk=1,,0,,Walk-in clinic," · 904/9, Petchakasem Road, Tambon Cha-am, Amphoe Cha-am, Petchburi, 76120",,"Cha-am Nursing and Midwife Clinic
No reviews
Walk-in clinic ·  · 904/9, Petchakasem Road, Tambon Cha-am, Amphoe Cha-am, Petchburi, 76120
+66 81 571 0086

Directions",12.637671503757538,100.03030658438688
0x30fd034b09a0a813:0xad22c0a2fb8beabc,Samran MO Muan Chon Clinic,https://www.google.com/maps/place/Samran+MO+Muan+Chon+Clinic/data=!4m7!3m6!1s0x30fd034b09a0a813:0xad22c0a2fb8beabc!8m2!3d12.797241!4d99.9726334!16s%2Fg%2F1tf67j0g!19sChIJE6igCUsD_TARvOqL-6LAIq0?authuser=0&hl=en&rclk=1,4.4,7,,Medical clinic, · 6/1 Si Sakun Thai,Closed · Opens 8:30 am · +66 32 433 535,"Samran MO Muan Chon Clinic
4.4(7)
Medical clinic ·  · 6/1 Si Sakun Thai
Closed · Opens 8:30 am · +66 32 433 535

Directions
 
""Very nice folks working here.""",12.654222337311971,100.00846606047698
0x30fd0300036e32a5:0xa2c70fa9d376ec05,N.C.Charm Clinic Cha-am,https://www.google.com/maps/place/N.C.Charm+Clinic+Cha-am/data=!4m7!3m6!1s0x30fd0300036e32a5:0xa2c70fa9d376ec05!8m2!3d12.795629!4d99.9680989!16s%2Fg%2F11xnwctzn9!19sChIJpTJuAwAD_TARBex206kPx6I?authuser=0&hl=en&rclk=1,5.0,6,,Skin care clinic,20 9 ถ. ราษฎร์พลี 1,Closed · Opens 10:30 am · +66 62 814 9824,"N.C.Charm Clinic Cha-am
5.0(6)
Skin care clinic · 20 9 ถ. ราษฎร์พลี 1
Closed · Opens 10:30 am · +66 62 814 9824

Directions
 

Book online",12.654222337311971,100.00846606047698
0x30fd0342604ad7af:0x7cee5567300bb223,Dr. Wanchai Clinic,https://www.google.com/maps/place/Dr.+Wanchai+Clinic/data=!4m7!3m6!1s0x30fd0342604ad7af:0x7cee5567300bb223!8m2!3d12.7977525!4d99.9714651!16s%2Fg%2F1tfjhl2f!19sChIJr9dKYEID_TARI7ILMGdV7nw?authuser=0&hl=en&rclk=1,2.8,27,,Health,"97, 8 9",Closed · Opens 8 am · +66 32 471 747,"Dr. Wanchai Clinic
2.8(27)
Health · 97, 8 9
Closed · Opens 8 am · +66 32 471 747

Directions
 
""Excellent English skills and super clean and modern offices.""",12.666243479415048,99.97381137550008
0x30fd03e7261e6e19:0x58a4437394858439,คลินิกเพ็ทเพลส ชะอำ (คลินิกรักษาสัตว์),https://www.google.com/maps/place/%E0%B8%84%E0%B8%A5%E0%B8%B4%E0%B8%99%E0%B8%B4%E0%B8%81%E0%B9%80%E0%B8%9E%E0%B9%87%E0%B8%97%E0%B9%80%E0%B8%9E%E0%B8%A5%E0%B8%AA+%E0%B8%8A%E0%B8%B0%E0%B8%AD%E0%B8%B3+%28%E0%B8%84%E0%B8%A5%E0%B8%B4%E0%B8%99%E0%B8%B4%E0%B8%81%E0%B8%A3%E0%B8%B1%E0%B8%81%E0%B8%A9%E0%B8%B2%E0%B8%AA%E0%B8%B1%E0%B8%95%E0%B8%A7%E0%B9%8C%29/data=!4m7!3m6!1s0x30fd03e7261e6e19:0x58a4437394858439!8m2!3d12.7983178!4d99.9741419!16s%2Fg%2F11fhr1fr2_!19sChIJGW4eJucD_TAROYSFlHNDpFg?authuser=0&hl=en&rclk=1,4.3,6,,,,Closed · Opens 9:30 am · +66 63 585 9242,"คลินิกเพ็ทเพลส ชะอำ (คลินิกรักษาสัตว์)
4.3(6)
Doctor
Closed · Opens 9:30 am · +66 63 585 9242

Directions
 
""Doctor was a big help in difficult times !!""",12.666243479415048,99.97381137550008
0x30fdabad73e032c5:0x5c830c9600b1ff97,Dr. Tucky Dental Clinic,https://www.google.com/maps/place/Dr.+Tucky+Dental+Clinic/data=!4m7!3m6!1s0x30fdabad73e032c5:0x5c830c9600b1ff97!8m2!3d12.8064535!4d99.9876926!16s%2Fg%2F11csq4jsbr!19sChIJxTLgc62r_TARl_-xAJYMg1w?authuser=0&hl=en&rclk=1,3.8,60,,Dental clinic,"่, เลขที่225/31 ซอยโรงแรมลองบีช Phet Kasem Rd",Closed · Opens 9 am · +66 92 669 5694,"Dr. Tucky Dental Clinic
3.8(60)
Dental clinic · ่, เลขที่225/31 ซอยโรงแรมลองบีช Phet Kasem Rd
Closed · Opens 9 am · +66 92 669 5694

Website

Directions
 
""Very nice team and competent doctor.""",12.666243479415048,99.97381137550008
0x30fdad236c14a027:0x966f9a7f3520e05b,Best Western Plus Carapace Hotel Hua Hin,https://www.google.com/maps/place/Best+Western+Plus+Carapace+Hotel+Hua+Hin/data=!4m10!3m9!1s0x30fdad236c14a027:0x966f9a7f3520e05b!5m2!4m1!1i2!8m2!3d12.4657445!4d99.9742974!16s%2Fg%2F11tnb0vnx_!19sChIJJ6AUbCOt_TARW-AgNX-ab5Y?authuser=0&hl=en&rclk=1,4.4,1542,,,,,"Best Western Plus Carapace Hotel Hua Hin
4.4(1,542)
4-star hotel
+66 32 512 456

Website

Directions
 

Pool

Free parking

Free Wi-Fi

Air-conditioned
 
""The entire staff is incredibly attentive and friendly.""",12.465822089458369,99.97259935003716
0x30fd0369a6b1b86b:0xde28336557f8e40f,Cha-am Nursing and Midwife Clinic,https://www.google.com/maps/place/Cha-am+Nursing+and+Midwife+Clinic/data=!4m7!3m6!1s0x30fd0369a6b1b86b:0xde28336557f8e40f!8m2!3d12.774425!4d99.9762157!16s%2Fg%2F1pzscb0l4!19sChIJa7ixpmkD_TARD-T4V2UzKN4?authuser=0&hl=en&rclk=1,,0,,Walk-in clinic,"160/7, Ruamchit Road, Tambon Cha-am, Amphoe Cha-am, Petchburi, 76120",,"Cha-am Nursing and Midwife Clinic
No reviews
Walk-in clinic · 160/7, Ruamchit Road, Tambon Cha-am, Amphoe Cha-am, Petchburi, 76120
+66 32 470 082

Directions",12.676221612282678,99.96575840540773
0x30fc550ad93d7cbb:0x3da9798e8616a375,คลินิกบ้านหมอตาล การแพทย์แผนไทยประยุกต์,https://www.google.com/maps/place/%E0%B8%84%E0%B8%A5%E0%B8%B4%E0%B8%99%E0%B8%B4%E0%B8%81%E0%B8%9A%E0%B9%89%E0%B8%B2%E0%B8%99%E0%B8%AB%E0%B8%A1%E0%B8%AD%E0%B8%95%E0%B8%B2%E0%B8%A5+%E0%B8%81%E0%B8%B2%E0%B8%A3%E0%B9%81%E0%B8%9E%E0%B8%97%E0%B8%A2%E0%B9%8C%E0%B9%81%E0%B8%9C%E0%B8%99%E0%B9%84%E0%B8%97%E0%B8%A2%E0%B8%9B%E0%B8%A3%E0%B8%B0%E0%B8%A2%E0%B8%B8%E0%B8%81%E0%B8%95%E0%B9%8C/data=!4m7!3m6!1s0x30fc550ad93d7cbb:0x3da9798e8616a375!8m2!3d12.5837742!4d99.8419031!16s%2Fg%2F11tmwy7d_n!19sChIJu3w92QpV_DARdaMWho55qT0?authuser=0&hl=en&rclk=1,5.0,2,,Alternative medicine practitioner,113,Temporarily closed · +66 91 827 9712,"คลินิกบ้านหมอตาล การแพทย์แผนไทยประยุกต์
5.0(2)
Alternative medicine practitioner · 113
Temporarily closed · +66 91 827 9712

Directions",12.579625808538953,99.84753645095608
0x30fc55b3f26910a1:0x481cff13e101ba4,Hin Lek Fai Health Center,https://www.google.com/maps/place/Hin+Lek+Fai+Health+Center/data=!4m7!3m6!1s0x30fc55b3f26910a1:0x481cff13e101ba4!8m2!3d12.581992!4d99.8411651!16s%2Fg%2F11rb09n1m!19sChIJoRBp8rNV_DARpBsQPvHPgQQ?authuser=0&hl=en&rclk=1,5.0,1,,Community health centre, · 10 ซอย หัวหิน-ห้วยมงคล 19,,"Hin Lek Fai Health Center
5.0(1)
Community health centre ·  · 10 ซอย หัวหิน-ห้วยมงคล 19

Directions",12.575143268130414,99.84715336599045
0x30fc55ca8bfc2143:0x59796520608dcd3d,Bucha Garden,https://www.google.com/maps/place/Bucha+Garden/data=!4m7!3m6!1s0x30fc55ca8bfc2143:0x59796520608dcd3d!8m2!3d12.575654!4d99.820573!16s%2Fg%2F11nx68mrwk!19sChIJQyH8i8pV_DARPc2NYCBleVk?authuser=0&hl=en&rclk=1,,0,,Medical group,88 Moo 16 Soi Nongsor,,"Bucha Garden
No reviews
Medical group · 88 Moo 16 Soi Nongsor
+66 81 899 5144

Directions",12.575143268130414,99.84715336599045
0x30fdb32d11b390fd:0xd8ec44f075619ed2,Seri Clinic,https://www.google.com/maps/place/Seri+Clinic/data=!4m7!3m6!1s0x30fdb32d11b390fd:0xd8ec44f075619ed2!8m2!3d12.3849756!4d99.9039714!16s%2Fg%2F1hd_pz0ft!19sChIJ_ZCzES2z_TAR0p5hdfBE7Ng?authuser=0&hl=en&rclk=1,5.0,1,,Health,9WM3+XHX,,"Seri Clinic
5.0(1)
Health · 9WM3+XHX

Directions",12.478746376155982,99.89580496157213
0x30fdb304a2162fa7:0x49350989141f33ed,Hasu clinic,https://www.google.com/maps/place/Hasu+clinic/data=!4m7!3m6!1s0x30fdb304a2162fa7:0x49350989141f33ed!8m2!3d12.3941438!4d99.9183597!16s%2Fg%2F11kqc0l4dn!19sChIJpy8WogSz_TAR7TMfFIkJNUk?authuser=0&hl=en&rclk=1,,0,,Skin care clinic,25 4,,"Hasu clinic
No reviews
Skin care clinic · 25 4

Directions",12.478746376155982,99.89580496157213
0x30fdad94f568b443:0x46f9ca2c22486245,โรงพยาบาลสัตว์เพ็ทไทม์ Pet Time Animal Hospital and Dog Hotel,https://www.google.com/maps/place/%E0%B9%82%E0%B8%A3%E0%B8%87%E0%B8%9E%E0%B8%A2%E0%B8%B2%E0%B8%9A%E0%B8%B2%E0%B8%A5%E0%B8%AA%E0%B8%B1%E0%B8%95%E0%B8%A7%E0%B9%8C%E0%B9%80%E0%B8%9E%E0%B9%87%E0%B8%97%E0%B9%84%E0%B8%97%E0%B8%A1%E0%B9%8C+Pet+Time+Animal+Hospital+and+Dog+Hotel/data=!4m7!3m6!1s0x30fdad94f568b443:0x46f9ca2c22486245!8m2!3d12.4555706!4d99.9657544!16s%2Fg%2F11f_lstgg7!19sChIJQ7Ro9ZSt_TARRWJIIizK-UY?authuser=0&hl=en&rclk=1,4.9,0,,Animal hospital,110/38 ถ.เพชรเกษม หมู่บ้านเขาเต่า,Closed · Opens 9 am · +66 94 934 2233,"โรงพยาบาลสัตว์เพ็ทไทม์ Pet Time Animal Hospital and Dog Hotel
4.9
Animal hospital · 110/38 ถ.เพชรเกษม หมู่บ้านเขาเต่า
Closed · Opens 9 am · +66 94 934 2233

Website

Directions",12.46034453255998,99.961156095273
0x30fdade8652edc47:0xea36ad4826f6f9fe,Ban Khao Tao Health Center,https://www.google.com/maps/place/Ban+Khao+Tao+Health+Center/data=!4m7!3m6!1s0x30fdade8652edc47:0xea36ad4826f6f9fe!8m2!3d12.456681!4d99.9785423!16s%2Fg%2F11r9j8b83!19sChIJR9wuZeit_TAR_vn2JkitNuo?authuser=0&hl=en&rclk=1,4.8,11,,Health, · 15 Ruamjai Alley,Closed · Opens 8:30 am · +66 32 900 672,"Ban Khao Tao Health Center
4.8(11)
Health ·  · 15 Ruamjai Alley
Closed · Opens 8:30 am · +66 32 900 672

Website

Directions",12.462396673527778,99.97944989705417
0x30fdad7696014d4f:0x5d3ed09445212120,International Brows Academy,https://www.google.com/maps/place/International+Brows+Academy/data=!4m7!3m6!1s0x30fdad7696014d4f:0x5d3ed09445212120!8m2!3d12.460506!4d99.9685508!16s%2Fg%2F11v9mmp9fy!19sChIJT00Blnat_TARICEhRZTQPl0?authuser=0&hl=en&rclk=1,5.0,33,,Beauty Salon,51 หน้าหมู่บ้านวิลล่าเดฮิล 8 Hua-Hin 101,Closed · Opens 9 am · +66 84 926 9798,"International Brows Academy
5.0(33)
Beauty Salon · 51 หน้าหมู่บ้านวิลล่าเดฮิล 8 Hua-Hin 101
Closed · Opens 9 am · +66 84 926 9798

Directions
 
""Excellent service, very thorough, professional and kind!""",12.460998901902768,99.97034676496159
0x30fdaa52d6f7d7c5:0xfafad86ad16498ee,S Smile,https://www.google.com/maps/place/S+Smile/data=!4m7!3m6!1s0x30fdaa52d6f7d7c5:0xfafad86ad16498ee!8m2!3d12.5738147!4d99.9548338!16s%2Fg%2F11bzq2y5rn!19sChIJxdf31lKq_TAR7phk0WrY-vo?authuser=0&hl=en&rclk=1,5.0,2,,Doctor,"40, 88 Phet Kasem Rd",,"S Smile
5.0(2)
Doctor · 40, 88 Phet Kasem Rd

Directions",12.572301015332362,99.9600075482035
