"place_id","section","feature","present"
"0x30da305c00000001:0xc18c17fa50bad173","Accessibility","Wheelchair-accessible car park","1"
"0x30da305c00000001:0xc18c17fa50bad173","Accessibility","Wheelchair-accessible entrance","1"
"0x30da305c00000001:0xc18c17fa50bad173","Payments","Credit cards","1"
"0x30da305c00000001:0xc18c17fa50bad173","Payments","Debit cards","1"
"0x30da305c00000001:0xc18c17fa50bad173","Payments","Credit cards","1"
"0x30da3a9bafe45199:0x2bdcc38c3be6a7f5","Amenities","Toilet","1"
"0x30da3a9bafe45199:0x2bdcc38c3be6a7f5","Planning","Appointments recommended","1"
"0x30da3a9bafe45199:0x2bdcc38c3be6a7f5","Payments","NFC mobile payments","1"
"0x30da3a9065076bb3:0x95a42c8fbd470d8d","Offerings","Sauna","1"
"0x30da3a9065076bb3:0x95a42c8fbd470d8d","Amenities","Toilet","1"
"0x30da3a9065076bb3:0x95a42c8fbd470d8d","Planning","Appointments recommended","1"
"0x30da3a9065076bb3:0x95a42c8fbd470d8d","Payments","Debit cards","1"
"0x30da3a9065076bb3:0x95a42c8fbd470d8d","Payments","NFC mobile payments","1"
"0x30da3a9a8f4fc031:0x15ee5242b5bf56ca","Accessibility","Wheelchair-accessible car park","1"
"0x30da3a9a8f4fc031:0x15ee5242b5bf56ca","Accessibility","Wheelchair-accessible entrance","1"
"0x30da3a9a8f4fc031:0x15ee5242b5bf56ca","Amenities","Toilet","1"
"0x30da3a9a8f4fc031:0x15ee5242b5bf56ca","Planning","Appointments recommended","1"
"0x30da3b6574f28301:0xa3dbaf69077c929f","Amenities","Toilet","1"
"0x30da3b6574f28301:0xa3dbaf69077c929f","Planning","Appointments recommended","1"
"0x30da3b6a87debb23:0x9fb7d60ae1d4f736","Service options","On-site services","1"
"0x30da3b6a87debb23:0x9fb7d60ae1d4f736","Amenities","Toilet","1"
"0x30da3b6a87debb23:0x9fb7d60ae1d4f736","Payments","Credit cards","1"
"0x30da3b6a87debb23:0x9fb7d60ae1d4f736","Payments","Debit cards","1"
"0x30da3b6a87debb23:0x9fb7d60ae1d4f736","Payments","NFC mobile payments","1"
"0x30da3b141036ceef:0xcd1779d2f29596a4","From the business","Identifies as women-owned","1"
"0x30da3b141036ceef:0xcd1779d2f29596a4","Amenities","Gender-neutral toilets","1"
"0x30da3b141036ceef:0xcd1779d2f29596a4","Amenities","Toilet","1"
"0x30da3b141036ceef:0xcd1779d2f29596a4","Amenities","Free Wi-Fi","1"
"0x30da3b141036ceef:0xcd1779d2f29596a4","Crowd","LGBTQ+ friendly","1"
"0x30da3b141036ceef:0xcd1779d2f29596a4","Crowd","Transgender safe space","1"
"0x30da3b141036ceef:0xcd1779d2f29596a4","Planning","Appointment required","1"
"0x30da3b141036ceef:0xcd1779d2f29596a4","Planning","Appointments recommended","1"
"0x30da3b141036ceef:0xcd1779d2f29596a4","Payments","Debit cards","1"
"0x30da3b141036ceef:0xcd1779d2f29596a4","Payments","Credit cards","1"
"0x30da3b2eb63ce545:0xf0420e6568c90fe2","Accessibility","Wheelchair-accessible entrance","1"
"0x30da3b2eb63ce545:0xf0420e6568c90fe2","Accessibility","Wheelchair-accessible seating","1"
"0x30da3b2eb63ce545:0xf0420e6568c90fe2","Accessibility","Wheelchair-accessible toilet","1"
"0x30da3b2eb63ce545:0xf0420e6568c90fe2","From the business","Identifies as women-owned","1"
"0x30da3b2eb63ce545:0xf0420e6568c90fe2","Service options","On-site services","1"
"0x30da3b2eb63ce545:0xf0420e6568c90fe2","Amenities","Gender-neutral toilets","1"
"0x30da3b2eb63ce545:0xf0420e6568c90fe2","Amenities","Toilet","1"
"0x30da3b2eb63ce545:0xf0420e6568c90fe2","Crowd","LGBTQ+ friendly","1"
"0x30da3b2eb63ce545:0xf0420e6568c90fe2","Crowd","Transgender safe space","1"
"0x30da3b2eb63ce545:0xf0420e6568c90fe2","Planning","Appointments recommended","1"
"0x30da3b2eb63ce545:0xf0420e6568c90fe2","Payments","Credit cards","1"
"0x30da3b2eb63ce545:0xf0420e6568c90fe2","Payments","Debit cards","1"
"0x30da3b2eb63ce545:0xf0420e6568c90fe2","Payments","NFC mobile payments","1"
"0x30da3b2eb63ce545:0xf0420e6568c90fe2","Payments","Credit cards","1"
"0x30da3b2eb63ce545:0xf0420e6568c90fe2","Parking","Free of charge street parking","1"
"0x30da3b2eb63ce545:0xf0420e6568c90fe2","Parking","On-site parking","1"
"0x30da3aa6cdeb45fb:0x2e9cf506833dd80d","Accessibility","Wheelchair-accessible seating","1"
"0x30da3aa6cdeb45fb:0x2e9cf506833dd80d","Accessibility","Assistive hearing loop","1"
"0x30da3aa6cdeb45fb:0x2e9cf506833dd80d","Accessibility","Wheelchair-accessible car park","1"
"0x30da3aa6cdeb45fb:0x2e9cf506833dd80d","Accessibility","Wheelchair-accessible toilet","1"
"0x30da3aa6cdeb45fb:0x2e9cf506833dd80d","Amenities","Gender-neutral toilets","1"
"0x30da3aa6cdeb45fb:0x2e9cf506833dd80d","Amenities","Toilet","1"
"0x30da3aa6cdeb45fb:0x2e9cf506833dd80d","Crowd","LGBTQ+ friendly","1"
"0x30da3aa6cdeb45fb:0x2e9cf506833dd80d","Crowd","Transgender safe space","1"
"0x30da3aa6cdeb45fb:0x2e9cf506833dd80d","Payments","Cash only","1"
"0x30da3aa6cdeb45fb:0x2e9cf506833dd80d","Parking","Free of charge street parking","1"
"0xabd836cc04782a15:0xee80e54e6d4a0598","Amenities","Toilet","1"
"0x30da3b740447f7fb:0x767b742448d4a52c","Amenities","Toilet","1"
"0x30da3bb80f0e89f3:0xa7af900877f1fcaf","From the business","Identifies as women-owned","1"
"0x30da3bb80f0e89f3:0xa7af900877f1fcaf","Service options","On-site services","1"
"0x30da3bb80f0e89f3:0xa7af900877f1fcaf","Amenities","Toilet","1"
"0x30da3bb80f0e89f3:0xa7af900877f1fcaf","Crowd","LGBTQ+ friendly","1"
"0x30da3bb80f0e89f3:0xa7af900877f1fcaf","Crowd","Transgender safe space","1"
"0x30da3bb80f0e89f3:0xa7af900877f1fcaf","Payments","Credit cards","1"
"0x30da3bb80f0e89f3:0xa7af900877f1fcaf","Payments","Debit cards","1"
"0x30da3bb80f0e89f3:0xa7af900877f1fcaf","Payments","NFC mobile payments","1"
"0x30da3bb80f0e89f3:0xa7af900877f1fcaf","Payments","Credit cards","1"
"0x30da3bb80f0e89f3:0xa7af900877f1fcaf","Parking","Free of charge street parking","1"
"0x30da3bb80f0e89f3:0xa7af900877f1fcaf","Parking","Free parking lot","1"
"0x30da3bb80f0e89f3:0xa7af900877f1fcaf","Parking","On-site parking","1"
"0x30da3bac1d08398d:0x5678f21a3167d6bd","Amenities","Toilet","1"
"0x30da3bac1d08398d:0x5678f21a3167d6bd","Crowd","LGBTQ+ friendly","1"
"0x30da3bac1d08398d:0x5678f21a3167d6bd","Planning","Appointment required","1"
"0x30da3bac1d08398d:0x5678f21a3167d6bd","Planning","Appointments recommended","1"
"0x30da3bac1d08398d:0x5678f21a3167d6bd","Payments","Credit cards","1"
"0x30da3bac1d08398d:0x5678f21a3167d6bd","Parking","Free parking lot","1"
"0x30da3a5f318d5f81:0x3c92000612c24a89","Accessibility","Wheelchair-accessible entrance","1"
"0x30da3a5f318d5f81:0x3c92000612c24a89","Accessibility","Wheelchair-accessible toilet","1"
"0x30da3a5f318d5f81:0x3c92000612c24a89","Service options","On-site services","1"
"0x30da3a5f318d5f81:0x3c92000612c24a89","Amenities","Gender-neutral toilets","1"
"0x30da3a5f318d5f81:0x3c92000612c24a89","Amenities","Toilet","1"
"0x30da3a5f318d5f81:0x3c92000612c24a89","Crowd","LGBTQ+ friendly","1"
"0x30da3a5f318d5f81:0x3c92000612c24a89","Crowd","Transgender safe space","1"
"0x30da3a5f318d5f81:0x3c92000612c24a89","Planning","Appointments recommended","1"
"0x30da3a5f318d5f81:0x3c92000612c24a89","Payments","NFC mobile payments","1"
"0x30da3a5f318d5f81:0x3c92000612c24a89","Parking","On-site parking","1"
"0xa4e2bdb24e7f3511:0xb7eb5fe359ab062e","Service options","On-site services","1"
"0xa4e2bdb24e7f3511:0xb7eb5fe359ab062e","Amenities","Toilet","1"
"0xa4e2bdb24e7f3511:0xb7eb5fe359ab062e","Crowd","LGBTQ+ friendly","1"
"0xa4e2bdb24e7f3511:0xb7eb5fe359ab062e","Crowd","Transgender safe space","1"
"0xa4e2bdb24e7f3511:0xb7eb5fe359ab062e","Planning","Appointment required","1"
"0xa4e2bdb24e7f3511:0xb7eb5fe359ab062e","Payments","Credit cards","1"
"0xa4e2bdb24e7f3511:0xb7eb5fe359ab062e","Payments","Debit cards","1"
"0xa4e2bdb24e7f3511:0xb7eb5fe359ab062e","Children","Nursing room","1"
"0xa4e2bdb24e7f3511:0xb7eb5fe359ab062e","Parking","Free parking lot","1"
"0xa4e2bdb24e7f3511:0xb7eb5fe359ab062e","Parking","On-site parking","1"
"0xa4e2bdb24e7f3511:0xb7eb5fe359ab062e","Parking","Paid parking lot","1"
"0x30da3a9c891ec5ef:0x9edf74a2b0291ed","Accessibility","Wheelchair-accessible seating","1"
"0x30da3a9c891ec5ef:0x9edf74a2b0291ed","Accessibility","Wheelchair-accessible toilet","1"
"0x30da3a9c891ec5ef:0x9edf74a2b0291ed","Accessibility","Wheelchair-accessible car park","1"
"0x30da3a9c891ec5ef:0x9edf74a2b0291ed","Accessibility","Wheelchair-accessible entrance","1"
"0x30da3a9c891ec5ef:0x9edf74a2b0291ed","Amenities","Toilet","1"
"0x30da3a9c891ec5ef:0x9edf74a2b0291ed","Crowd","LGBTQ+ friendly","1"
"0x30da3a9c891ec5ef:0x9edf74a2b0291ed","Crowd","Transgender safe space","1"
"0x30da3a9c891ec5ef:0x9edf74a2b0291ed","Planning","Appointments recommended","1"
"0x30da3a9c891ec5ef:0x9edf74a2b0291ed","Children","Nursing room","1"
"0x30da3bfe26ae1fc1:0x3d2d756aa5db97dc","Amenities","Toilet","1"
"0x30da3bfe26ae1fc1:0x3d2d756aa5db97dc","Planning","Appointment required","1"
"0x30da3bfe26ae1fc1:0x3d2d756aa5db97dc","Planning","Appointments recommended","1"
"0x30da3bfe26ae1fc1:0x3d2d756aa5db97dc","Payments","Credit cards","1"
"0x30da3bfe26ae1fc1:0x3d2d756aa5db97dc","Payments","Debit cards","1"
"0x30da3bfe26ae1fc1:0x3d2d756aa5db97dc","Payments","NFC mobile payments","1"
"0x30da3bfe26ae1fc1:0x3d2d756aa5db97dc","Parking","Free parking lot","1"
"0x30da3bfe26ae1fc1:0x3d2d756aa5db97dc","Parking","On-site parking","1"
"0x30da3bc004018c53:0x98da950bcefb4135","Accessibility","Wheelchair-accessible toilet","1"
"0x30da3bc004018c53:0x98da950bcefb4135","Amenities","Toilet","1"
"0x30da3bc004018c53:0x98da950bcefb4135","Planning","Appointments recommended","1"
"0x30da3aa058e0bb4d:0x390c3c18f439cea","Accessibility","Wheelchair-accessible car park","1"
"0x30da3aa058e0bb4d:0x390c3c18f439cea","Accessibility","Wheelchair-accessible entrance","1"
"0x30da3aa058e0bb4d:0x390c3c18f439cea","Payments","NFC mobile payments","1"
"0x30da3aa256240333:0x277b227bb68fef3f","Accessibility","Wheelchair-accessible car park","1"
"0x30da3aa256240333:0x277b227bb68fef3f","Accessibility","Wheelchair-accessible entrance","1"
"0x30da3aa256240333:0x277b227bb68fef3f","Amenities","Toilet","1"
"0x30da3aa256240333:0x277b227bb68fef3f","Planning","Appointments recommended","1"
"0x30da3aa05933cceb:0xf0ccf5f4b557e8a7","Amenities","Toilet","1"
"0x30da3aa05933cceb:0xf0ccf5f4b557e8a7","Planning","Appointment required","1"
"0x30da3aa05933cceb:0xf0ccf5f4b557e8a7","Planning","Appointments recommended","1"
"0x30da3aa05933cceb:0xf0ccf5f4b557e8a7","Payments","NFC mobile payments","1"
"0x30da300aaba356d7:0x6145ea5dbbec613a","Accessibility","Wheelchair-accessible car park","1"
"0x30da300aaba356d7:0x6145ea5dbbec613a","Accessibility","Wheelchair-accessible entrance","1"
"0x30da300aaba356d7:0x6145ea5dbbec613a","Accessibility","Wheelchair-accessible seating","1"
"0x30da300aaba356d7:0x6145ea5dbbec613a","Accessibility","Wheelchair-accessible toilet","1"
"0x30da300aaba356d7:0x6145ea5dbbec613a","Accessibility","Assistive hearing loop","1"
"0x30da300aaba356d7:0x6145ea5dbbec613a","Service options","On-site services","1"
"0x30da300aaba356d7:0x6145ea5dbbec613a","Offerings","Cosmetic dentistry","1"
"0x30da300aaba356d7:0x6145ea5dbbec613a","Offerings","Emergency services","1"
"0x30da300aaba356d7:0x6145ea5dbbec613a","Offerings","Pediatric care","1"
"0x30da300aaba356d7:0x6145ea5dbbec613a","Amenities","Gender-neutral toilets","1"
"0x30da300aaba356d7:0x6145ea5dbbec613a","Amenities","Toilet","1"
"0x30da300aaba356d7:0x6145ea5dbbec613a","Crowd","LGBTQ+ friendly","1"
"0x30da300aaba356d7:0x6145ea5dbbec613a","Crowd","Transgender safe space","1"
"0x30da300aaba356d7:0x6145ea5dbbec613a","Planning","Appointment required","1"
"0x30da300aaba356d7:0x6145ea5dbbec613a","Planning","Appointments recommended","1"
"0x30da300aaba356d7:0x6145ea5dbbec613a","Payments","Credit cards","1"
"0x30da300aaba356d7:0x6145ea5dbbec613a","Payments","Debit cards","1"
"0x30da300aaba356d7:0x6145ea5dbbec613a","Payments","NFC mobile payments","1"
"0x30da300aaba356d7:0x6145ea5dbbec613a","Payments","Credit cards","1"
"0x30da300aaba356d7:0x6145ea5dbbec613a","Parking","Free multi-storey car park","1"
"0x30da300aaba356d7:0x6145ea5dbbec613a","Parking","Free of charge street parking","1"
"0x30da300aaba356d7:0x6145ea5dbbec613a","Parking","Free parking lot","1"
"0x30da300aaba356d7:0x6145ea5dbbec613a","Parking","On-site parking","1"
"0x30da3a9fdf6eb275:0x6a6a54a132bf1f30","Accessibility","Wheelchair-accessible car park","1"
"0x30da3a9fdf6eb275:0x6a6a54a132bf1f30","Accessibility","Wheelchair-accessible entrance","1"
"0x30da3a9fdf6eb275:0x6a6a54a132bf1f30","Amenities","Toilet","1"
"0x30da3a9fdf6eb275:0x6a6a54a132bf1f30","Crowd","Transgender safe space","1"
"0x30da3a9fdf6eb275:0x6a6a54a132bf1f30","Parking","Free multi-storey car park","1"
"0x30da3a9fdf6eb275:0x6a6a54a132bf1f30","Parking","Free of charge street parking","1"
"0x30da3a9fdf6eb275:0x6a6a54a132bf1f30","Parking","Free parking lot","1"
"0x30da3a9fdf6eb275:0x6a6a54a132bf1f30","Parking","On-site parking","1"
"0x30da3a9fdf6eb275:0x6a6a54a132bf1f30","Parking","Paid multi-storey car park","1"
"0x30da3a9fdf6eb275:0x6a6a54a132bf1f30","Parking","Paid parking lot","1"
"0x30da3a9fdf6eb275:0x6a6a54a132bf1f30","Parking","Paid street parking","1"
"0x30da3bcf36b5898b:0x7b69b925fbeecf8c","Accessibility","Wheelchair-accessible entrance","1"
"0x30da3bcf36b5898b:0x7b69b925fbeecf8c","Accessibility","Wheelchair-accessible seating","1"
"0x30da3bcf36b5898b:0x7b69b925fbeecf8c","Amenities","Gender-neutral toilets","1"
"0x30da3bcf36b5898b:0x7b69b925fbeecf8c","Amenities","Toilet","1"
"0x30da3bcf36b5898b:0x7b69b925fbeecf8c","Crowd","LGBTQ+ friendly","1"
"0x30da3bcf36b5898b:0x7b69b925fbeecf8c","Crowd","Transgender safe space","1"
"0x30da3bcf36b5898b:0x7b69b925fbeecf8c","Payments","NFC mobile payments","1"
"0x30da3b67fbb281f3:0x68bd8f7320f68d87","From the business","Identifies as women-owned","1"
"0x30da3b67fbb281f3:0x68bd8f7320f68d87","Service options","On-site services","1"
"0x30da3b67fbb281f3:0x68bd8f7320f68d87","Amenities","Gender-neutral toilets","1"
"0x30da3b67fbb281f3:0x68bd8f7320f68d87","Parking","Free multi-storey car park","1"
"0x30da3b67fbb281f3:0x68bd8f7320f68d87","Parking","Free of charge street parking","1"
"0x30da3b67fbb281f3:0x68bd8f7320f68d87","Parking","Free parking lot","1"
"0x30da3b67fbb281f3:0x68bd8f7320f68d87","Parking","On-site parking","1"
"0x30da3aa2571d014b:0x9c931e90f1fbcaf7","Amenities","Toilet","1"
"0x30da3aa2571d014b:0x9c931e90f1fbcaf7","Planning","Appointments recommended","1"
"0x698b279beb7fb5c1:0x8318f0cd3384d864","Amenities","Toilet","1"
"0x698b279beb7fb5c1:0x8318f0cd3384d864","Crowd","LGBTQ+ friendly","1"
"0x30da3a888e628539:0xcaf0f7a2d971d615","From the business","Identifies as women-owned","1"
"0x30da3a888e628539:0xcaf0f7a2d971d615","Service options","On-site services","1"
"0x30da3a888e628539:0xcaf0f7a2d971d615","Offerings","Cosmetic dentistry","1"
"0x30da3a888e628539:0xcaf0f7a2d971d615","Offerings","Emergency services","1"
"0x30da3a888e628539:0xcaf0f7a2d971d615","Offerings","Pediatric care","1"
"0x30da3a888e628539:0xcaf0f7a2d971d615","Offerings","Sedation dentistry","1"
"0x30da3a888e628539:0xcaf0f7a2d971d615","Amenities","Toilet","1"
"0x30da3a888e628539:0xcaf0f7a2d971d615","Crowd","LGBTQ+ friendly","1"
"0x30da3a888e628539:0xcaf0f7a2d971d615","Crowd","Transgender safe space","1"
"0x30da3a888e628539:0xcaf0f7a2d971d615","Planning","Appointment required","1"
"0x30da3a888e628539:0xcaf0f7a2d971d615","Planning","Appointments recommended","1"
"0x30da3a888e628539:0xcaf0f7a2d971d615","Payments","NFC mobile payments","1"
"0x30da3a888e628539:0xcaf0f7a2d971d615","Parking","Free of charge street parking","1"
"0x30da3bb7840afc33:0x6ffe0067f8135201","Accessibility","Wheelchair-accessible toilet","1"
"0x30da3bb7840afc33:0x6ffe0067f8135201","Amenities","Toilet","1"
"0x30da3b002ea89001:0xecbe097578c26f7b","Amenities","Toilet","1"
"0x30da3b002ea89001:0xecbe097578c26f7b","Planning","Appointments recommended","1"
"0x30da3196b8dadcc7:0xdd0bf038467723f0","Amenities","Toilet","1"
"0x30da3196b8dadcc7:0xdd0bf038467723f0","Planning","Appointment required","1"
"0x30da3196b8dadcc7:0xdd0bf038467723f0","Planning","Appointments recommended","1"
"0x30da3196b8dadcc7:0xdd0bf038467723f0","Payments","NFC mobile payments","1"
"0x30da3b23031b7fb1:0x60518723b582b7f5","Accessibility","Wheelchair-accessible entrance","1"
"0x30da3b23031b7fb1:0x60518723b582b7f5","Service options","On-site services","1"
"0x30da3b23031b7fb1:0x60518723b582b7f5","Offerings","Cosmetic dentistry","1"
"0x30da3b23031b7fb1:0x60518723b582b7f5","Amenities","Gender-neutral toilets","1"
"0x30da3b23031b7fb1:0x60518723b582b7f5","Amenities","Toilet","1"
"0x30da3b23031b7fb1:0x60518723b582b7f5","Planning","Appointment required","1"
"0x30da3b23031b7fb1:0x60518723b582b7f5","Planning","Appointments recommended","1"
"0x30da3b23031b7fb1:0x60518723b582b7f5","Payments","Credit cards","1"
"0x30da3b23031b7fb1:0x60518723b582b7f5","Payments","Debit cards","1"
"0x30da3b23031b7fb1:0x60518723b582b7f5","Payments","NFC mobile payments","1"
"0x30da3b23031b7fb1:0x60518723b582b7f5","Payments","Credit cards","1"
"0x30da3b23031b7fb1:0x60518723b582b7f5","Parking","Free of charge street parking","1"
"0x30da3b23031b7fb1:0x60518723b582b7f5","Parking","On-site parking","1"
"0x30da30780b28da6d:0x41d0f60fb7e80194","Accessibility","Wheelchair-accessible car park","1"
"0x30da30780b28da6d:0x41d0f60fb7e80194","Accessibility","Wheelchair-accessible entrance","1"
"0x30da30780b28da6d:0x41d0f60fb7e80194","Accessibility","Wheelchair-accessible toilet","1"
"0x30da30780b28da6d:0x41d0f60fb7e80194","Amenities","Toilet","1"
"0x30da30780b28da6d:0x41d0f60fb7e80194","Planning","Appointments recommended","1"
"0x30da3b0fa92c83cd:0xe705d43af3823a1c","Service options","In-store shopping","1"
"0x30da3b0fa92c83cd:0xe705d43af3823a1c","Service options","On-site services","1"
"0x30da3b0fa92c83cd:0xe705d43af3823a1c","Crowd","LGBTQ+ friendly","1"
"0x30da3b0fa92c83cd:0xe705d43af3823a1c","Crowd","Transgender safe space","1"
"0x30da3b0fa92c83cd:0xe705d43af3823a1c","Planning","Quick visit","1"
"0x30da3b0fa92c83cd:0xe705d43af3823a1c","Payments","Credit cards","1"
"0x30da3b0fa92c83cd:0xe705d43af3823a1c","Payments","Debit cards","1"
"0x30da3b0fa92c83cd:0xe705d43af3823a1c","Payments","NFC mobile payments","1"
"0x30da31d7a6b3c61d:0x7dbecbd6e48dac98","Service options","On-site services","1"
"0x30da31d7a6b3c61d:0x7dbecbd6e48dac98","Amenities","Toilet","1"
"0x30da31d7a6b3c61d:0x7dbecbd6e48dac98","Crowd","LGBTQ+ friendly","1"
"0x30da31d7a6b3c61d:0x7dbecbd6e48dac98","Crowd","Transgender safe space","1"
"0x30da31d7a6b3c61d:0x7dbecbd6e48dac98","Planning","Appointments recommended","1"
"0x30da31d7a6b3c61d:0x7dbecbd6e48dac98","Payments","Debit cards","1"
"0x30da31d7a6b3c61d:0x7dbecbd6e48dac98","Payments","NFC mobile payments","1"
"0x30da31d7a6b3c61d:0x7dbecbd6e48dac98","Payments","Credit cards","1"
"0x30da307587358fcd:0xaf616754d1f44b17","Accessibility","Wheelchair-accessible car park","1"
"0x30da307587358fcd:0xaf616754d1f44b17","Accessibility","Wheelchair-accessible entrance","1"
"0x30da307587358fcd:0xaf616754d1f44b17","Amenities","Toilet","1"
"0x30da307587358fcd:0xaf616754d1f44b17","Planning","Appointment required","1"
"0x30da307587358fcd:0xaf616754d1f44b17","Planning","Appointments recommended","1"
"0x30da307587358fcd:0xaf616754d1f44b17","Payments","NFC mobile payments","1"
"0x30da307587358fcd:0xaf616754d1f44b17","Parking","Free multi-storey car park","1"
"0x30da307587358fcd:0xaf616754d1f44b17","Parking","Free of charge street parking","1"
"0x30da307587358fcd:0xaf616754d1f44b17","Parking","Free parking lot","1"
"0x30da307587358fcd:0xaf616754d1f44b17","Parking","On-site parking","1"
"0x30da31a6d26d788f:0x5599a693e54bd2f4","Amenities","Toilet","1"
"0x30da31a6d26d788f:0x5599a693e54bd2f4","Planning","Appointments recommended","1"
"0x30da31832c2f075f:0xa83b3bdf9436cfd3","Amenities","Toilet","1"
"0x30da31832c2f075f:0xa83b3bdf9436cfd3","Planning","Appointment required","1"
"0x30da31832c2f075f:0xa83b3bdf9436cfd3","Planning","Appointments recommended","1"
"0x30da31832c2f075f:0xa83b3bdf9436cfd3","Payments","NFC mobile payments","1"
"0x30da313f784c4d83:0xe608c0b48832a14a","Accessibility","Wheelchair-accessible car park","1"
"0x30da313f784c4d83:0xe608c0b48832a14a","Service options","On-site services","1"
"0x30da313f784c4d83:0xe608c0b48832a14a","Parking","Free multi-storey car park","1"
"0x30da313f784c4d83:0xe608c0b48832a14a","Parking","Free parking lot","1"
"0x30da313f784c4d83:0xe608c0b48832a14a","Parking","On-site parking","1"
"0x30da3b7536713e23:0xc8648f3b1572d9f7","Amenities","Toilet","1"
"0x30da3b7536713e23:0xc8648f3b1572d9f7","Planning","Appointment required","1"
"0x30da3a937d5985c7:0xffc8b3d4b0c1d6ad","Amenities","Toilet","1"
"0x30da3a937d5985c7:0xffc8b3d4b0c1d6ad","Planning","Appointments recommended","1"
"0x30da3bd77d75b247:0x59b49f2be29dc2ee","Amenities","Toilet","1"
"0x30da3bd77d75b247:0x59b49f2be29dc2ee","Planning","Appointment required","1"
"0x30da3bd77d75b247:0x59b49f2be29dc2ee","Planning","Appointments recommended","1"
"0x30da3bd77d75b247:0x59b49f2be29dc2ee","Payments","Credit cards","1"
"0x30da3bd77d75b247:0x59b49f2be29dc2ee","Payments","Debit cards","1"
"0x30da3bd77d75b247:0x59b49f2be29dc2ee","Payments","Credit cards","1"
"0x30da3bd77d75b247:0x59b49f2be29dc2ee","Parking","Free parking lot","1"
"0x30da3aed5da67dab:0xd48055baa53cfff3","Amenities","Toilet","1"
"0x30da3aed5da67dab:0xd48055baa53cfff3","Planning","Appointments recommended","1"
"0x30da3aed5da67dab:0xd48055baa53cfff3","Payments","Debit cards","1"
"0x30da3aed5da67dab:0xd48055baa53cfff3","Payments","NFC mobile payments","1"
"0x30da3aed5da67dab:0xd48055baa53cfff3","Payments","Credit cards","1"
"0x30da3bb9c6a74553:0xbdfea454a932ee83","Amenities","Toilet","1"
"0x30da3bb9c6a74553:0xbdfea454a932ee83","Planning","Appointments recommended","1"
"0x30da3b3571d5c08f:0x9a7358b6eeca0855","Accessibility","Wheelchair-accessible seating","1"
"0x30da3b3571d5c08f:0x9a7358b6eeca0855","Accessibility","Wheelchair-accessible toilet","1"
"0x30da3b3571d5c08f:0x9a7358b6eeca0855","Amenities","Gender-neutral toilets","1"
"0x30da3b3571d5c08f:0x9a7358b6eeca0855","Amenities","Toilet","1"
"0x30da3b3571d5c08f:0x9a7358b6eeca0855","Crowd","LGBTQ+ friendly","1"
"0x30da3b3571d5c08f:0x9a7358b6eeca0855","Crowd","Transgender safe space","1"
"0x30da3b3571d5c08f:0x9a7358b6eeca0855","Planning","Appointment required","1"
"0x30da3b3571d5c08f:0x9a7358b6eeca0855","Planning","Appointments recommended","1"
"0x30da3b3571d5c08f:0x9a7358b6eeca0855","Parking","Free multi-storey car park","1"
"0x30da3b3571d5c08f:0x9a7358b6eeca0855","Parking","Free of charge street parking","1"
"0x30da3b3571d5c08f:0x9a7358b6eeca0855","Parking","Free parking lot","1"
"0x30da3b3571d5c08f:0x9a7358b6eeca0855","Parking","On-site parking","1"
"0x30da3a8d8fa952cd:0x2735caf16193a1c6","Service options","On-site services","1"
"0x30da3a8d8fa952cd:0x2735caf16193a1c6","Amenities","Toilet","1"
"0x30da3a8d8fa952cd:0x2735caf16193a1c6","Amenities","Wi-Fi","1"
"0x30da3a8d8fa952cd:0x2735caf16193a1c6","Amenities","Free Wi-Fi","1"
"0x30da3a8d8fa952cd:0x2735caf16193a1c6","Planning","Appointment required","1"
"0x30da3a8d8fa952cd:0x2735caf16193a1c6","Planning","Appointments recommended","1"
"0x30da3a8d8fa952cd:0x2735caf16193a1c6","Payments","NFC mobile payments","1"
"0x30da3b000eff3a4d:0x92648db1d53dcc2c","Amenities","Toilet","1"
"0x30da3a8fb0db80d3:0x4c4970539e69e4b8","Accessibility","Wheelchair-accessible entrance","1"
"0x30da3a8fb0db80d3:0x4c4970539e69e4b8","Accessibility","Wheelchair-accessible toilet","1"
"0x30da3a8fb0db80d3:0x4c4970539e69e4b8","Amenities","Toilet","1"
"0x30da3a8fb0db80d3:0x4c4970539e69e4b8","Planning","Appointments recommended","1"
"0x30da3a8fb0db80d3:0x4c4970539e69e4b8","Payments","Debit cards","1"
"0x30da3a8fb0db80d3:0x4c4970539e69e4b8","Payments","NFC mobile payments","1"
"0x30da3a8fb0db80d3:0x4c4970539e69e4b8","Payments","Credit cards","1"
"0x30da3b2517eadc77:0xc7cb23afd96c296b","From the business","Identifies as women-owned","1"
"0x30da3b2517eadc77:0xc7cb23afd96c296b","Service options","On-site services","1"
"0x30da3b2517eadc77:0xc7cb23afd96c296b","Amenities","Toilet","1"
"0x30da3b2517eadc77:0xc7cb23afd96c296b","Crowd","Transgender safe space","1"
"0x30da3b2517eadc77:0xc7cb23afd96c296b","Planning","Appointment required","1"
"0x30da3b2517eadc77:0xc7cb23afd96c296b","Planning","Appointments recommended","1"
"0x30da3b2517eadc77:0xc7cb23afd96c296b","Payments","Credit cards","1"
"0x30da3b2517eadc77:0xc7cb23afd96c296b","Payments","Debit cards","1"
"0x30da3b2517eadc77:0xc7cb23afd96c296b","Payments","Credit cards","1"
"0x30da3b2517eadc77:0xc7cb23afd96c296b","Parking","Free parking lot","1"
"0x30da3b2517eadc77:0xc7cb23afd96c296b","Parking","On-site parking","1"
"0x30da3a7cb149d885:0x88db1513cd3a1af4","Accessibility","Wheelchair-accessible car park","1"
"0x30da3a7cb149d885:0x88db1513cd3a1af4","Accessibility","Wheelchair-accessible entrance","1"
"0x30da3a7cb149d885:0x88db1513cd3a1af4","Amenities","Toilet","1"
"0x30da3a7cb149d885:0x88db1513cd3a1af4","Planning","Appointments recommended","1"
"0x30da3b005aca09e5:0x37258b6166dd4bc6","Amenities","Toilet","1"
"0x30da3b005aca09e5:0x37258b6166dd4bc6","Planning","Appointment required","1"
"0x30da3b005aca09e5:0x37258b6166dd4bc6","Planning","Appointments recommended","1"
"0x30da3b005aca09e5:0x37258b6166dd4bc6","Payments","Credit cards","1"
"0x30da3b005aca09e5:0x37258b6166dd4bc6","Payments","NFC mobile payments","1"
"0x30da3a7db5d61323:0x6bd7f97a939b71d7","Accessibility","Assistive hearing loop","1"
"0x30da3a7db5d61323:0x6bd7f97a939b71d7","Accessibility","Wheelchair-accessible car park","1"
"0x30da3a7db5d61323:0x6bd7f97a939b71d7","Accessibility","Wheelchair-accessible entrance","1"
"0x30da3a7db5d61323:0x6bd7f97a939b71d7","Accessibility","Wheelchair-accessible seating","1"
"0x30da3a7db5d61323:0x6bd7f97a939b71d7","Accessibility","Wheelchair-accessible toilet","1"
"0x30da3a7db5d61323:0x6bd7f97a939b71d7","From the business","Identifies as women-owned","1"
"0x30da3a7db5d61323:0x6bd7f97a939b71d7","Service options","Delivery","1"
"0x30da3a7db5d61323:0x6bd7f97a939b71d7","Service options","In-store pick-up","1"
"0x30da3a7db5d61323:0x6bd7f97a939b71d7","Service options","In-store shopping","1"
"0x30da3a7db5d61323:0x6bd7f97a939b71d7","Service options","On-site services","1"
"0x30da3a7db5d61323:0x6bd7f97a939b71d7","Amenities","Gender-neutral toilets","1"
"0x30da3a7db5d61323:0x6bd7f97a939b71d7","Amenities","Wi-Fi","1"
"0x30da3a7db5d61323:0x6bd7f97a939b71d7","Amenities","Free Wi-Fi","1"
"0x30da3a7db5d61323:0x6bd7f97a939b71d7","Parking","Free of charge street parking","1"
"0x30da3a7db5d61323:0x6bd7f97a939b71d7","Parking","Paid parking lot","1"
"0x30da3a7d9a4abd79:0xab608efde5483493","Accessibility","Wheelchair-accessible car park","1"
"0x30da3a7d9a4abd79:0xab608efde5483493","Accessibility","Wheelchair-accessible entrance","1"
"0x30da3a7d9a4abd79:0xab608efde5483493","Payments","Credit cards","1"
"0x30da3a7d9a4abd79:0xab608efde5483493","Payments","Debit cards","1"
"0x30da3a7d9a4abd79:0xab608efde5483493","Payments","NFC mobile payments","1"
"0x30da3a8694206771:0x209e29e9fd76703b","Accessibility","Wheelchair-accessible car park","1"
"0x30da3a8694206771:0x209e29e9fd76703b","Accessibility","Wheelchair-accessible entrance","1"
"0x30da3a7a8b9a7b91:0xf9c50a165610ab5e","Amenities","Toilet","1"
"0x30da3a7a8b9a7b91:0xf9c50a165610ab5e","Planning","Appointments recommended","1"
"0x30da3a7a8b9a7b91:0xf9c50a165610ab5e","Payments","NFC mobile payments","1"
"0x30da318d6f99d653:0x5367b1035857d64a","Service options","On-site services","1"
"0x30da318d6f99d653:0x5367b1035857d64a","Amenities","Toilet","1"
"0x30da318d6f99d653:0x5367b1035857d64a","Planning","Appointment required","1"
"0x30da318d6f99d653:0x5367b1035857d64a","Planning","Appointments recommended","1"
"0x30da318d6f99d653:0x5367b1035857d64a","Payments","Credit cards","1"
"0x30da318d6f99d653:0x5367b1035857d64a","Payments","Debit cards","1"
"0x30da318d6f99d653:0x5367b1035857d64a","Payments","NFC mobile payments","1"
"0x30da318d6f99d653:0x5367b1035857d64a","Payments","Credit cards","1"
"0x30da314990915fe7:0xa1aa4166f0fd8a6","Accessibility","Wheelchair-accessible car park","1"
"0x30da314990915fe7:0xa1aa4166f0fd8a6","Accessibility","Wheelchair-accessible entrance","1"
"0x30da314990915fe7:0xa1aa4166f0fd8a6","Amenities","Toilet","1"
"0x30da314990915fe7:0xa1aa4166f0fd8a6","Planning","Appointment required","1"
"0x30da314990915fe7:0xa1aa4166f0fd8a6","Planning","Appointments recommended","1"
"0x30da314990915fe7:0xa1aa4166f0fd8a6","Payments","Credit cards","1"
"0x30da314990915fe7:0xa1aa4166f0fd8a6","Payments","Debit cards","1"
"0x30da314990915fe7:0xa1aa4166f0fd8a6","Payments","NFC mobile payments","1"
"0x30da314990915fe7:0xa1aa4166f0fd8a6","Payments","Credit cards","1"
"0x30da314990915fe7:0xa1aa4166f0fd8a6","Parking","Free of charge street parking","1"
"0x30da314990915fe7:0xa1aa4166f0fd8a6","Parking","Free parking lot","1"
"0x30da314990915fe7:0xa1aa4166f0fd8a6","Parking","On-site parking","1"
"0x30da307b04fd282d:0xd3f8f83320d1e37d","Accessibility","Wheelchair-accessible car park","1"
"0x30da307b04fd282d:0xd3f8f83320d1e37d","Accessibility","Wheelchair-accessible entrance","1"
"0x30da307b04fd282d:0xd3f8f83320d1e37d","Service options","On-site services","1"
"0x30da307b04fd282d:0xd3f8f83320d1e37d","Amenities","Toilet","1"
"0x30da307b04fd282d:0xd3f8f83320d1e37d","Planning","Appointment required","1"
"0x30da307b04fd282d:0xd3f8f83320d1e37d","Planning","Appointments recommended","1"
"0x30da307b04fd282d:0xd3f8f83320d1e37d","Payments","Credit cards","1"
"0x30da307b04fd282d:0xd3f8f83320d1e37d","Payments","Debit cards","1"
"0x30da307b04fd282d:0xd3f8f83320d1e37d","Payments","NFC mobile payments","1"
"0x30da300edf5301f9:0x1f590a79a95bf1ba","Amenities","Toilet","1"
"0x30da300edf5301f9:0x1f590a79a95bf1ba","Planning","Appointments recommended","1"
"0x30da300edf5301f9:0x1f590a79a95bf1ba","Payments","NFC mobile payments","1"
"0x30da3b43124c12d7:0x1fc7c602310b5521","Accessibility","Wheelchair-accessible car park","1"
"0x30da3b43124c12d7:0x1fc7c602310b5521","Accessibility","Wheelchair-accessible entrance","1"
"0x30da3b43124c12d7:0x1fc7c602310b5521","Service options","On-site services","1"
"0x30da3b43124c12d7:0x1fc7c602310b5521","Amenities","Gender-neutral toilets","1"
"0x30da3b43124c12d7:0x1fc7c602310b5521","Planning","Quick visit","1"
"0x30da3b43124c12d7:0x1fc7c602310b5521","Payments","NFC mobile payments","1"
"0x30da3009af68cb8f:0x25d8153a586d6f04","Accessibility","Wheelchair-accessible car park","1"
"0x30da3009af68cb8f:0x25d8153a586d6f04","Amenities","Toilet","1"
"0x30da3009af68cb8f:0x25d8153a586d6f04","Planning","Appointment required","1"
"0x30da3009af68cb8f:0x25d8153a586d6f04","Planning","Appointments recommended","1"
"0x30da31d1b51a1301:0xec2e9e199893933d","Accessibility","Wheelchair-accessible car park","1"
"0x30da31d1b51a1301:0xec2e9e199893933d","Amenities","Gender-neutral toilets","1"
"0x30da31d1b51a1301:0xec2e9e199893933d","Crowd","LGBTQ+ friendly","1"
"0x30da31d1b51a1301:0xec2e9e199893933d","Crowd","Transgender safe space","1"
"0x30da31d1b51a1301:0xec2e9e199893933d","Payments","Credit cards","1"
"0x30da31d1b51a1301:0xec2e9e199893933d","Payments","Debit cards","1"
"0x30da31d1b51a1301:0xec2e9e199893933d","Payments","NFC mobile payments","1"
"0x30da300e2851a37b:0xca86709c6ef6bddb","Amenities","Toilet","1"
"0x30da300e2851a37b:0xca86709c6ef6bddb","Planning","Appointments recommended","1"
"0x30da300e2851a37b:0xca86709c6ef6bddb","Payments","Credit cards","1"
"0x30da300e2851a37b:0xca86709c6ef6bddb","Payments","Debit cards","1"
"0x30da300e2851a37b:0xca86709c6ef6bddb","Payments","NFC mobile payments","1"
"0x30da300e2851a37b:0xca86709c6ef6bddb","Payments","Credit cards","1"
"0x30da25004f2e71c7:0x199cfb83c89a6b","Amenities","Toilet","1"
"0x30da25004f2e71c7:0x199cfb83c89a6b","Crowd","LGBTQ+ friendly","1"
"0x30da25004f2e71c7:0x199cfb83c89a6b","Crowd","Transgender safe space","1"
"0x30da25004f2e71c7:0x199cfb83c89a6b","Parking","Free parking lot","1"
"0x30da25004f2e71c7:0x199cfb83c89a6b","Parking","On-site parking","1"
"0x30da25004f2e71c7:0x199cfb83c89a6b","Parking","Paid parking lot","1"
"0x30da25000d581c27:0xa3cd0bd1b5f196fc","Accessibility","Wheelchair-accessible car park","1"
"0x30da25000d581c27:0xa3cd0bd1b5f196fc","Payments","Credit cards","1"
"0x30da25000d581c27:0xa3cd0bd1b5f196fc","Payments","Debit cards","1"
"0x30da25000d581c27:0xa3cd0bd1b5f196fc","Payments","NFC mobile payments","1"
"0x30da25000d581c27:0xa3cd0bd1b5f196fc","Parking","On-site parking","1"
"0x30da3aa19ee57e01:0xf48e5f0ca5b49ae4","Amenities","Toilet","1"
"0x30da3b1a1515186b:0x9364df79dec5d810","Accessibility","Wheelchair-accessible seating","1"
"0x30da3b1a1515186b:0x9364df79dec5d810","Service options","Outdoor seating","1"
"0x30da3b1a1515186b:0x9364df79dec5d810","Service options","Delivery","1"
"0x30da3b1a1515186b:0x9364df79dec5d810","Service options","Takeaway","1"
"0x30da3b1a1515186b:0x9364df79dec5d810","Service options","Dine-in","1"
"0x30da3b1a1515186b:0x9364df79dec5d810","Highlights","Great tea selection","1"
"0x30da3b1a1515186b:0x9364df79dec5d810","Popular for","Lunch","1"
"0x30da3b1a1515186b:0x9364df79dec5d810","Popular for","Dinner","1"
"0x30da3b1a1515186b:0x9364df79dec5d810","Popular for","Solo dining","1"
"0x30da3b1a1515186b:0x9364df79dec5d810","Offerings","Alcohol","1"
"0x30da3b1a1515186b:0x9364df79dec5d810","Offerings","Beer","1"
"0x30da3b1a1515186b:0x9364df79dec5d810","Offerings","Happy-hour drinks","1"
"0x30da3b1a1515186b:0x9364df79dec5d810","Offerings","Quick bite","1"
"0x30da3b1a1515186b:0x9364df79dec5d810","Offerings","Small plates","1"
"0x30da3b1a1515186b:0x9364df79dec5d810","Offerings","Vegan options","1"
"0x30da3b1a1515186b:0x9364df79dec5d810","Offerings","Vegetarian options","1"
"0x30da3b1a1515186b:0x9364df79dec5d810","Dining options","Brunch","1"
"0x30da3b1a1515186b:0x9364df79dec5d810","Dining options","Lunch","1"
"0x30da3b1a1515186b:0x9364df79dec5d810","Dining options","Dinner","1"
"0x30da3b1a1515186b:0x9364df79dec5d810","Dining options","Catering","1"
"0x30da3b1a1515186b:0x9364df79dec5d810","Dining options","Dessert","1"
"0x30da3b1a1515186b:0x9364df79dec5d810","Dining options","Seating","1"
"0x30da3b1a1515186b:0x9364df79dec5d810","Dining options","Table service","1"
"0x30da3b1a1515186b:0x9364df79dec5d810","Amenities","Toilet","1"
"0x30da3b1a1515186b:0x9364df79dec5d810","Amenities","Wi-Fi","1"
"0x30da3b1a1515186b:0x9364df79dec5d810","Amenities","Free Wi-Fi","1"
"0x30da3b1a1515186b:0x9364df79dec5d810","Atmosphere","Casual","1"
"0x30da3b1a1515186b:0x9364df79dec5d810","Atmosphere","Cosy","1"
"0x30da3b1a1515186b:0x9364df79dec5d810","Atmosphere","Trendy","1"
"0x30da3b1a1515186b:0x9364df79dec5d810","Crowd","Family friendly","1"
"0x30da3b1a1515186b:0x9364df79dec5d810","Crowd","Groups","1"
"0x30da3b1a1515186b:0x9364df79dec5d810","Crowd","Tourists","1"
"0x30da3b1a1515186b:0x9364df79dec5d810","Crowd","University students","1"
"0x30da3b1a1515186b:0x9364df79dec5d810","Planning","Accepts reservations","1"
"0x30da3b1a1515186b:0x9364df79dec5d810","Payments","Credit cards","1"
"0x30da3b1a1515186b:0x9364df79dec5d810","Payments","Debit cards","1"
"0x30da3b1a1515186b:0x9364df79dec5d810","Payments","NFC mobile payments","1"
"0x30da3b1a1515186b:0x9364df79dec5d810","Children","Good for kids","1"
"0x30da3b1a1515186b:0x9364df79dec5d810","Children","High chairs","1"
"0x30da3b1a1515186b:0x9364df79dec5d810","Children","Kids' menu","1"
"0x30da3b1a1515186b:0x9364df79dec5d810","Parking","Free of charge street parking","1"
"0x30da3b1a1515186b:0x9364df79dec5d810","Parking","Free parking lot","1"
"0x30da3b1a1515186b:0x9364df79dec5d810","Parking","Somewhat difficult to find a space","1"
"0x30da3b5834ae4b3b:0x1b5ddb37be2b68d","Amenities","Gender-neutral toilets","1"
"0x30da3b5834ae4b3b:0x1b5ddb37be2b68d","Amenities","Toilet","1"
"0x30da3b5834ae4b3b:0x1b5ddb37be2b68d","Planning","Appointments recommended","1"
"0x30da3b5834ae4b3b:0x1b5ddb37be2b68d","Payments","NFC mobile payments","1"
"0x30da3a64be51a78f:0xce764e412aa33d9","Accessibility","Wheelchair-accessible car park","1"
"0x30da3ab9d4a7c053:0xd9ee905471d95679","Accessibility","Wheelchair-accessible toilet","1"
"0x30da3ab9d4a7c053:0xd9ee905471d95679","Amenities","Toilet","1"
"0x30da3ab9d4a7c053:0xd9ee905471d95679","Crowd","LGBTQ+ friendly","1"
"0x30da3ab9d4a7c053:0xd9ee905471d95679","Crowd","Transgender safe space","1"
"0x30da3ab9d4a7c053:0xd9ee905471d95679","Payments","NFC mobile payments","1"
"0x30da3ab9d4a7c053:0xd9ee905471d95679","Parking","Free of charge street parking","1"
"0x30da3ab9d4a7c053:0xd9ee905471d95679","Parking","Free parking lot","1"
"0x30da3ab9d4a7c053:0xd9ee905471d95679","Parking","On-site parking","1"
"0x30da3bbeed4c3ab5:0x8a0b88fa1963e3c8","Accessibility","Wheelchair-accessible car park","1"
"0x30da3bbeed4c3ab5:0x8a0b88fa1963e3c8","Amenities","Toilet","1"
"0x30da3bbeed4c3ab5:0x8a0b88fa1963e3c8","Payments","Credit cards","1"
"0x30da3bbeed4c3ab5:0x8a0b88fa1963e3c8","Payments","NFC mobile payments","1"
"0x30da3b0eb7c13b93:0x3823b88fcd8b2432","From the business","Identifies as women-owned","1"
"0x30da3b0eb7c13b93:0x3823b88fcd8b2432","Amenities","Toilet","1"
"0x30da3b0eb7c13b93:0x3823b88fcd8b2432","Crowd","LGBTQ+ friendly","1"
"0x30da3b0eb7c13b93:0x3823b88fcd8b2432","Crowd","Transgender safe space","1"
"0x30da3b3b453b4fe1:0xe8a544e713732605","Accessibility","Wheelchair-accessible car park","1"
"0x30da3b3b453b4fe1:0xe8a544e713732605","Accessibility","Wheelchair-accessible entrance","1"
"0x30da3b3b453b4fe1:0xe8a544e713732605","Accessibility","Wheelchair-accessible seating","1"
"0x30da3b3b453b4fe1:0xe8a544e713732605","Amenities","Toilet","1"
"0x30da3b3b453b4fe1:0xe8a544e713732605","Crowd","LGBTQ+ friendly","1"
"0x30da3b3b453b4fe1:0xe8a544e713732605","Crowd","Transgender safe space","1"
"0x30da3b3b453b4fe1:0xe8a544e713732605","Planning","Appointments recommended","1"
"0x30da3b3b453b4fe1:0xe8a544e713732605","Parking","On-site parking","1"
"0x30da3af476a0d8b9:0x15ae3d0cfbcdc6b4","Payments","Credit cards","1"
"0x30da3af476a0d8b9:0x15ae3d0cfbcdc6b4","Payments","Debit cards","1"
"0x30da3af476a0d8b9:0x15ae3d0cfbcdc6b4","Payments","NFC mobile payments","1"
"0x30da3b6892425ef5:0xcd600016daa6d8b4","Payments","Credit cards","1"
"0x30da3b6892425ef5:0xcd600016daa6d8b4","Payments","NFC mobile payments","1"
"0x30da3b003c04e581:0xe6d1b9f7c85742ba","Service options","On-site services","1"
"0x30da3b003c04e581:0xe6d1b9f7c85742ba","Amenities","Toilet","1"
"0x30da3b003c04e581:0xe6d1b9f7c85742ba","Planning","Appointment required","1"
"0x30da3b003c04e581:0xe6d1b9f7c85742ba","Planning","Appointments recommended","1"
"0x30da3b003c04e581:0xe6d1b9f7c85742ba","Payments","NFC mobile payments","1"
"0x30da3af4fd1ae9a5:0xf8437107b35c6a4c","Amenities","Toilet","1"
"0x30da3af4fd1ae9a5:0xf8437107b35c6a4c","Planning","Appointments recommended","1"
"0x30da3af4fd1ae9a5:0xf8437107b35c6a4c","Payments","Debit cards","1"
"0x30da3af4fd1ae9a5:0xf8437107b35c6a4c","Payments","NFC mobile payments","1"
"0x30da3af6d7a3adad:0x6a4cf8e57ba80a0c","Accessibility","Wheelchair-accessible seating","1"
"0x30da3af6d7a3adad:0x6a4cf8e57ba80a0c","Amenities","Toilet","1"
"0x30da3af6d7a3adad:0x6a4cf8e57ba80a0c","Planning","Appointment required","1"
"0x30da3af6d7a3adad:0x6a4cf8e57ba80a0c","Planning","Appointments recommended","1"
"0x30da3af6d7a3adad:0x6a4cf8e57ba80a0c","Payments","NFC mobile payments","1"
"0x30da3b678a934aad:0x63f13dedee785edd","Offerings","Cosmetic dentistry","1"
"0x30da3b678a934aad:0x63f13dedee785edd","Amenities","Toilet","1"
"0x30da3b678a934aad:0x63f13dedee785edd","Planning","Appointments recommended","1"
"0x30da3b678a934aad:0x63f13dedee785edd","Payments","Debit cards","1"
"0x30da3b4a464dc33b:0x521cf0aa7f8655b8","Accessibility","Wheelchair-accessible car park","1"
"0x30da3b4a464dc33b:0x521cf0aa7f8655b8","Accessibility","Wheelchair-accessible entrance","1"
"0x30da3b4a464dc33b:0x521cf0aa7f8655b8","Service options","On-site services","1"
"0x30da3b4a464dc33b:0x521cf0aa7f8655b8","Amenities","Toilet","1"
"0x30da3b4a464dc33b:0x521cf0aa7f8655b8","Planning","Appointment required","1"
"0x30da3b4a464dc33b:0x521cf0aa7f8655b8","Planning","Appointments recommended","1"
"0x30da3b4a464dc33b:0x521cf0aa7f8655b8","Payments","Cash only","1"
"0x30da3b4a464dc33b:0x521cf0aa7f8655b8","Parking","Free of charge street parking","1"
"0x30da3b4a464dc33b:0x521cf0aa7f8655b8","Parking","On-site parking","1"
"0x30da3a5e5265936b:0xd799b005d9360bd4","Accessibility","Wheelchair-accessible entrance","1"
"0x30da3a5e5265936b:0xd799b005d9360bd4","Accessibility","Wheelchair-accessible seating","1"
"0x30da3a5e5265936b:0xd799b005d9360bd4","Amenities","Gender-neutral toilets","1"
"0x30da3a5e5265936b:0xd799b005d9360bd4","Amenities","Toilet","1"
"0x30da3a5e5265936b:0xd799b005d9360bd4","Crowd","LGBTQ+ friendly","1"
"0x30da3a5e5265936b:0xd799b005d9360bd4","Crowd","Transgender safe space","1"
"0x30da3a5e5265936b:0xd799b005d9360bd4","Planning","Appointment required","1"
"0x30da3a5e5265936b:0xd799b005d9360bd4","Planning","Appointments recommended","1"
"0x30da3a5e5265936b:0xd799b005d9360bd4","Payments","Credit cards","1"
"0x30da3a5e5265936b:0xd799b005d9360bd4","Payments","Debit cards","1"
"0x30da3a5e5265936b:0xd799b005d9360bd4","Payments","NFC mobile payments","1"
"0x30da3a5e5265936b:0xd799b005d9360bd4","Parking","Free multi-storey car park","1"
"0x30da3a5e5265936b:0xd799b005d9360bd4","Parking","Free of charge street parking","1"
"0x30da3a5e5265936b:0xd799b005d9360bd4","Parking","Free parking lot","1"
"0x30da3a5e5265936b:0xd799b005d9360bd4","Parking","On-site parking","1"
"0x30da25456b38dd73:0x83b14fe8bfc9c36b","Accessibility","Assistive hearing loop","1"
"0x30da25456b38dd73:0x83b14fe8bfc9c36b","Accessibility","Wheelchair-accessible seating","1"
"0x30da25456b38dd73:0x83b14fe8bfc9c36b","Accessibility","Wheelchair-accessible toilet","1"
"0x30da25456b38dd73:0x83b14fe8bfc9c36b","From the business","Identifies as women-owned","1"
"0x30da25456b38dd73:0x83b14fe8bfc9c36b","Service options","On-site services","1"
"0x30da25456b38dd73:0x83b14fe8bfc9c36b","Amenities","Gender-neutral toilets","1"
"0x30da25456b38dd73:0x83b14fe8bfc9c36b","Crowd","LGBTQ+ friendly","1"
"0x30da25456b38dd73:0x83b14fe8bfc9c36b","Crowd","Transgender safe space","1"
"0x30da25456b38dd73:0x83b14fe8bfc9c36b","Payments","Credit cards","1"
"0x30da25456b38dd73:0x83b14fe8bfc9c36b","Payments","Debit cards","1"
"0x30da25456b38dd73:0x83b14fe8bfc9c36b","Payments","NFC mobile payments","1"
"0x30da25456b38dd73:0x83b14fe8bfc9c36b","Parking","Free parking lot","1"
"0x30da25456b38dd73:0x83b14fe8bfc9c36b","Parking","On-site parking","1"
"0x30da3b00451fb4fb:0x28e7e8c99603738b","Accessibility","Wheelchair-accessible entrance","1"
"0x30da3b00451fb4fb:0x28e7e8c99603738b","From the business","Identifies as women-owned","1"
"0x30da3b00451fb4fb:0x28e7e8c99603738b","Service options","On-site services","1"
"0x30da3b00451fb4fb:0x28e7e8c99603738b","Amenities","Toilet","1"
"0x30da3b00451fb4fb:0x28e7e8c99603738b","Planning","Appointment required","1"
"0x30da3b00451fb4fb:0x28e7e8c99603738b","Planning","Appointments recommended","1"
"0x30da3b00451fb4fb:0x28e7e8c99603738b","Payments","NFC mobile payments","1"
"0x30da3b0b465d3ad1:0xa72b8c5070005ec1","Amenities","Toilet","1"
"0x30da3b0b465d3ad1:0xa72b8c5070005ec1","Planning","Appointment required","1"
"0x30da3b0b465d3ad1:0xa72b8c5070005ec1","Planning","Appointments recommended","1"
"0x30da3b0b465d3ad1:0xa72b8c5070005ec1","Payments","Debit cards","1"
"0x30da3b0b465d3ad1:0xa72b8c5070005ec1","Payments","NFC mobile payments","1"
"0x30da3b0b465d3ad1:0xa72b8c5070005ec1","Payments","Credit cards","1"
"0x30da3b6fc4cc46ff:0xb3530c736390035e","Planning","Quick visit","1"
"0x30da3baf8b872861:0x9ffb4950c8373cea","Payments","Debit cards","1"
"0x30da3baf8b872861:0x9ffb4950c8373cea","Payments","NFC mobile payments","1"
"0x30da3baf8b872861:0x9ffb4950c8373cea","Payments","Credit cards","1"
"0x30da3a5fb42cf731:0xf494038977fabb96","Accessibility","Wheelchair-accessible toilet","1"
"0x30da3a5fb42cf731:0xf494038977fabb96","Amenities","Toilet","1"
"0x30da3a5fb42cf731:0xf494038977fabb96","Crowd","LGBTQ+ friendly","1"
"0x30da3a5fb42cf731:0xf494038977fabb96","Crowd","Transgender safe space","1"
"0x30da3a5fb42cf731:0xf494038977fabb96","Planning","Appointment required","1"
"0x30da3a5fb42cf731:0xf494038977fabb96","Planning","Appointments recommended","1"
"0x30da3a5fb42cf731:0xf494038977fabb96","Payments","Credit cards","1"
"0x30da3a5fb42cf731:0xf494038977fabb96","Payments","NFC mobile payments","1"
"0x30da3b4e235d5ac3:0x14108a11f4e96d35","From the business","Identifies as women-owned","1"
"0x30da3b4e235d5ac3:0x14108a11f4e96d35","Service options","Onsite services","1"
"0x30da3b4e235d5ac3:0x14108a11f4e96d35","Amenities","Gender-neutral restroom","1"
"0x30da3b4e235d5ac3:0x14108a11f4e96d35","Amenities","Restroom","1"
"0x30da3b4e235d5ac3:0x14108a11f4e96d35","Crowd","LGBTQ+ friendly","1"
"0x30da3b4e235d5ac3:0x14108a11f4e96d35","Crowd","Transgender safespace","1"
"0x30da3b4e235d5ac3:0x14108a11f4e96d35","Planning","Appointment required","1"
"0x30da3b4e235d5ac3:0x14108a11f4e96d35","Planning","Appointments recommended","1"
"0x30da3b4e235d5ac3:0x14108a11f4e96d35","Payments","Credit cards","1"
"0x30da3b4e235d5ac3:0x14108a11f4e96d35","Payments","Debit cards","1"
"0x30da3b4e235d5ac3:0x14108a11f4e96d35","Payments","NFC mobile payments","1"
"0x30da3b4e235d5ac3:0x14108a11f4e96d35","Parking","Free parking lot","1"
"0x30da3b4e235d5ac3:0x14108a11f4e96d35","Parking","On-site parking","1"
"0x30da3bf3fb7605af:0x64f05d0cadd9c34e","Accessibility","Wheelchair-accessible car park","1"
"0x30da3bf3fb7605af:0x64f05d0cadd9c34e","Accessibility","Wheelchair-accessible entrance","1"
"0x30da3bf3fb7605af:0x64f05d0cadd9c34e","Service options","Outdoor services","1"
"0x30da3bf3fb7605af:0x64f05d0cadd9c34e","Service options","On-site services","1"
"0x30da3bf3fb7605af:0x64f05d0cadd9c34e","Amenities","Toilet","1"
"0x30da3bf3fb7605af:0x64f05d0cadd9c34e","Crowd","LGBTQ+ friendly","1"
"0x30da3bf3fb7605af:0x64f05d0cadd9c34e","Planning","Appointments recommended","1"
"0x30da3bf3fb7605af:0x64f05d0cadd9c34e","Parking","Free parking lot","1"
"0x30da3bf3fb7605af:0x64f05d0cadd9c34e","Parking","On-site parking","1"
"0x30da3a63ba5115bf:0x1ede952ea899a909","Accessibility","Wheelchair-accessible entrance","1"
"0x30da3a63ba5115bf:0x1ede952ea899a909","Accessibility","Wheelchair-accessible toilet","1"
"0x30da3a63ba5115bf:0x1ede952ea899a909","From the business","Identifies as women-owned","1"
"0x30da3a63ba5115bf:0x1ede952ea899a909","Service options","On-site services","1"
"0x30da3a63ba5115bf:0x1ede952ea899a909","Amenities","Gender-neutral toilets","1"
"0x30da3a63ba5115bf:0x1ede952ea899a909","Amenities","Toilet","1"
"0x30da3a63ba5115bf:0x1ede952ea899a909","Crowd","LGBTQ+ friendly","1"
"0x30da3a63ba5115bf:0x1ede952ea899a909","Crowd","Transgender safe space","1"
"0x30da3a63ba5115bf:0x1ede952ea899a909","Planning","Appointments recommended","1"
"0x30da3a63ba5115bf:0x1ede952ea899a909","Payments","Credit cards","1"
"0x30da3a63ba5115bf:0x1ede952ea899a909","Payments","Debit cards","1"
"0x30da3a63ba5115bf:0x1ede952ea899a909","Payments","NFC mobile payments","1"
"0x30da3a63ba5115bf:0x1ede952ea899a909","Payments","Credit cards","1"
"0x30da3b24686c98e9:0x3a87277961d543cf","Accessibility","Wheelchair accessible seating","1"
"0x30da3b24686c98e9:0x3a87277961d543cf","Amenities","Restroom","1"
"0x30da3b24686c98e9:0x3a87277961d543cf","Crowd","LGBTQ+ friendly","1"
"0x30da3b24686c98e9:0x3a87277961d543cf","Crowd","Transgender safespace","1"
"0x30da3b24686c98e9:0x3a87277961d543cf","Planning","Appointment required","1"
"0x30da3b24686c98e9:0x3a87277961d543cf","Planning","Appointments recommended","1"
"0x30da3b24686c98e9:0x3a87277961d543cf","Payments","NFC mobile payments","1"
"0x30da3bdac5c481b5:0x9c20935dd3ebca82","Amenities","Toilet","1"
"0x30da3bdac5c481b5:0x9c20935dd3ebca82","Planning","Appointments recommended","1"
"0x30da3bdac5c481b5:0x9c20935dd3ebca82","Payments","Credit cards","1"
"0x30da3bdac5c481b5:0x9c20935dd3ebca82","Payments","Debit cards","1"
"0x30da3bdac5c481b5:0x9c20935dd3ebca82","Payments","NFC mobile payments","1"
"0x30da3bdac5c481b5:0x9c20935dd3ebca82","Payments","Credit cards","1"
"0x30da3becf3885829:0x6dee724f34430d1d","Accessibility","Wheelchair-accessible car park","1"
"0x30da3becf3885829:0x6dee724f34430d1d","Accessibility","Wheelchair-accessible entrance","1"
"0x30da3becf3885829:0x6dee724f34430d1d","Accessibility","Wheelchair-accessible seating","1"
"0x30da3becf3885829:0x6dee724f34430d1d","Accessibility","Wheelchair-accessible toilet","1"
"0x30da3becf3885829:0x6dee724f34430d1d","Service options","In-store shopping","1"
"0x30da3becf3885829:0x6dee724f34430d1d","Service options","On-site services","1"
"0x30da3becf3885829:0x6dee724f34430d1d","Service options","Delivery","1"
"0x30da3becf3885829:0x6dee724f34430d1d","Amenities","Gender-neutral toilets","1"
"0x30da3becf3885829:0x6dee724f34430d1d","Amenities","Wi-Fi","1"
"0x30da3becf3885829:0x6dee724f34430d1d","Amenities","Free Wi-Fi","1"
"0x30da3becf3885829:0x6dee724f34430d1d","Crowd","LGBTQ+ friendly","1"
"0x30da3becf3885829:0x6dee724f34430d1d","Crowd","Transgender safe space","1"
"0x30da3becf3885829:0x6dee724f34430d1d","Payments","Credit cards","1"
"0x30da3becf3885829:0x6dee724f34430d1d","Payments","Debit cards","1"
"0x30da3becf3885829:0x6dee724f34430d1d","Payments","NFC mobile payments","1"
"0x30da3becf3885829:0x6dee724f34430d1d","Payments","Credit cards","1"
"0x30da3becf3885829:0x6dee724f34430d1d","Parking","Free parking lot","1"
"0x30da3becf3885829:0x6dee724f34430d1d","Parking","On-site parking","1"
"0x30da316ad8058f83:0x7c94b1b67eefb6ee","Accessibility","Wheelchair-accessible car park","1"
"0x30da316ad8058f83:0x7c94b1b67eefb6ee","Payments","Credit cards","1"
"0x30da316ad8058f83:0x7c94b1b67eefb6ee","Payments","Debit cards","1"
"0x30da316ad8058f83:0x7c94b1b67eefb6ee","Payments","NFC mobile payments","1"
"0x4e2e83d3a1a7505:0x78b89476a58e6d5c","From the business","Identifies as women-owned","1"
"0x4e2e83d3a1a7505:0x78b89476a58e6d5c","Payments","NFC mobile payments","1"
"0x30da3b46a6608303:0xdfff8ee1b0bd9f5f","Amenities","Toilet","1"
"0x30da3b46a6608303:0xdfff8ee1b0bd9f5f","Payments","NFC mobile payments","1"
"0x30da31f8c8725027:0x4a077fa33bc6a9fc","Accessibility","Wheelchair-accessible car park","1"
"0x30da31f8c8725027:0x4a077fa33bc6a9fc","Amenities","Toilet","1"
"0x30da31f8c8725027:0x4a077fa33bc6a9fc","Planning","Appointments recommended","1"
"0x30da31f8c8725027:0x4a077fa33bc6a9fc","Payments","Credit cards","1"
"0x30da31f8c8725027:0x4a077fa33bc6a9fc","Payments","NFC mobile payments","1"
"0x30da3a71b2e00921:0xc065e3b1e5bb353a","Accessibility","Wheelchair-accessible car park","1"
"0x30da3a71b2e00921:0xc065e3b1e5bb353a","Accessibility","Wheelchair-accessible entrance","1"
"0x30da3a71b2e00921:0xc065e3b1e5bb353a","Amenities","Toilet","1"
"0x30da3a71b2e00921:0xc065e3b1e5bb353a","Planning","Appointments recommended","1"
"0x30da3a71b2e00921:0xc065e3b1e5bb353a","Payments","Credit cards","1"
"0x30da3a71b2e00921:0xc065e3b1e5bb353a","Payments","NFC mobile payments","1"
"0x30da319013e6f3d5:0xba464a3e3b991965","Accessibility","Wheelchair-accessible car park","1"
"0x30da319013e6f3d5:0xba464a3e3b991965","Accessibility","Wheelchair-accessible entrance","1"
"0x30da319013e6f3d5:0xba464a3e3b991965","Accessibility","Wheelchair-accessible toilet","1"
"0x30da319013e6f3d5:0xba464a3e3b991965","Amenities","Toilet","1"
"0x30da3161fba33749:0x301c53b8a12a0bcb","Accessibility","Wheelchair-accessible seating","1"
"0x30da3161fba33749:0x301c53b8a12a0bcb","Accessibility","Wheelchair-accessible toilet","1"
"0x30da3161fba33749:0x301c53b8a12a0bcb","Service options","Online classes","1"
"0x30da3161fba33749:0x301c53b8a12a0bcb","Service options","On-site services","1"
"0x30da3161fba33749:0x301c53b8a12a0bcb","Amenities","Gender-neutral toilets","1"
"0x30da3161fba33749:0x301c53b8a12a0bcb","Crowd","LGBTQ+ friendly","1"
"0x30da3161fba33749:0x301c53b8a12a0bcb","Crowd","Transgender safe space","1"
"0x30da3161fba33749:0x301c53b8a12a0bcb","Planning","Appointment required","1"
"0x30da31832ab94a93:0x232da6e310cc65be","Accessibility","Wheelchair-accessible car park","1"
"0x30da31832ab94a93:0x232da6e310cc65be","Accessibility","Wheelchair-accessible entrance","1"
"0x30da31832ab94a93:0x232da6e310cc65be","Amenities","Toilet","1"
"0x30da31832ab94a93:0x232da6e310cc65be","Planning","Appointments recommended","1"
"0x30da31832ab94a93:0x232da6e310cc65be","Parking","On-site parking","1"
"0x30da306494015af1:0x6a2bb71aed0d4274","Accessibility","Wheelchair-accessible car park","1"
"0x30da306494015af1:0x6a2bb71aed0d4274","Accessibility","Wheelchair-accessible entrance","1"
"0x30da306494015af1:0x6a2bb71aed0d4274","Accessibility","Wheelchair-accessible toilet","1"
"0x30da306494015af1:0x6a2bb71aed0d4274","Service options","On-site services","1"
"0x30da306494015af1:0x6a2bb71aed0d4274","Amenities","Toilet","1"
"0x30da306494015af1:0x6a2bb71aed0d4274","Payments","Credit cards","1"
"0x30da306494015af1:0x6a2bb71aed0d4274","Payments","Debit cards","1"
"0x30da306494015af1:0x6a2bb71aed0d4274","Payments","NFC mobile payments","1"
"0x30da30742aa7c50b:0xa1f6a1d301a40230","Accessibility","Wheelchair-accessible car park","1"
"0x30da30742aa7c50b:0xa1f6a1d301a40230","Accessibility","Wheelchair-accessible entrance","1"
"0x30da30742aa7c50b:0xa1f6a1d301a40230","Amenities","Toilet","1"
"0x30da30742aa7c50b:0xa1f6a1d301a40230","Planning","Appointments recommended","1"
"0x30da3b04e1660925:0x144172fec11615ed","Accessibility","Wheelchair-accessible entrance","1"
"0x30da3b04e1660925:0x144172fec11615ed","Amenities","Toilet","1"
"0x30da300c40f985e9:0xf99d939fb24478ae","Accessibility","Wheelchair-accessible car park","1"
"0x30da300c40f985e9:0xf99d939fb24478ae","Accessibility","Wheelchair-accessible entrance","1"
"0x30da300c40f985e9:0xf99d939fb24478ae","Payments","Debit cards","1"
"0x30da300c40f985e9:0xf99d939fb24478ae","Payments","NFC mobile payments","1"
"0x30da310dc66f1f29:0x1496ec9ae959b16a","Accessibility","Wheelchair-accessible toilet","1"
"0x30da310dc66f1f29:0x1496ec9ae959b16a","Service options","On-site services","1"
"0x30da310dc66f1f29:0x1496ec9ae959b16a","Amenities","Gender-neutral toilets","1"
"0x30da310dc66f1f29:0x1496ec9ae959b16a","Crowd","LGBTQ+ friendly","1"
"0x30da310dc66f1f29:0x1496ec9ae959b16a","Crowd","Transgender safe space","1"
"0x30da310dc66f1f29:0x1496ec9ae959b16a","Payments","Debit cards","1"
"0x30da310dc66f1f29:0x1496ec9ae959b16a","Payments","Credit cards","1"
"0x30da310dc66f1f29:0x1496ec9ae959b16a","Parking","Free multi-storey car park","1"
"0x30da310dc66f1f29:0x1496ec9ae959b16a","Parking","Free of charge street parking","1"
"0x30da310dc66f1f29:0x1496ec9ae959b16a","Parking","Free parking lot","1"
"0x30da310dc66f1f29:0x1496ec9ae959b16a","Parking","On-site parking","1"
"0x30da300a5d591467:0x9e819502a25a774d","Amenities","Toilet","1"
"0x30da2fc00f063813:0x8db459ea6a7b43ff","Accessibility","Wheelchair-accessible car park","1"
"0x30da2fc00f063813:0x8db459ea6a7b43ff","Payments","Credit cards","1"
"0x30da2fc00f063813:0x8db459ea6a7b43ff","Payments","Debit cards","1"
"0x30da2fc00f063813:0x8db459ea6a7b43ff","Payments","NFC mobile payments","1"
"0x30da300ed597ac63:0xd4e939804144f7a8","Accessibility","Wheelchair-accessible car park","1"
"0x30da300ed597ac63:0xd4e939804144f7a8","Accessibility","Wheelchair-accessible entrance","1"
"0x30da300ed597ac63:0xd4e939804144f7a8","Payments","Credit cards","1"
"0x30da300ed597ac63:0xd4e939804144f7a8","Payments","Debit cards","1"
"0x30da300ed597ac63:0xd4e939804144f7a8","Payments","NFC mobile payments","1"
"0x30da300ed597ac63:0xd4e939804144f7a8","Parking","Free parking lot","1"
"0x30da251e017f96fb:0x7a6c2812370c1f67","Payments","NFC mobile payments","1"
"0x30da25b7ef3656f9:0x7e55fad5c69a03d8","Amenities","Toilet","1"
"0x30da25b7ef3656f9:0x7e55fad5c69a03d8","Planning","Appointments recommended","1"
"0x30da25b7ef3656f9:0x7e55fad5c69a03d8","Payments","Credit cards","1"
"0x30da25b7ef3656f9:0x7e55fad5c69a03d8","Payments","NFC mobile payments","1"
"0x30da3b39937d1b97:0x56be12604ebd0a61","Amenities","Toilet","1"
"0x30da3b39937d1b97:0x56be12604ebd0a61","Planning","Appointments recommended","1"
"0x30da3b39937d1b97:0x56be12604ebd0a61","Payments","Debit cards","1"
"0x30da3b39937d1b97:0x56be12604ebd0a61","Payments","Credit cards","1"
"0x30da3bb2230b6229:0x95041c6a982c6878","Amenities","Gender-neutral toilets","1"
"0x30da3bb2230b6229:0x95041c6a982c6878","Amenities","Toilet","1"
"0x30da3bb2230b6229:0x95041c6a982c6878","Crowd","LGBTQ+ friendly","1"
"0x30da3bb2230b6229:0x95041c6a982c6878","Crowd","Transgender safe space","1"
"0x30da3bb2230b6229:0x95041c6a982c6878","Planning","Appointments recommended","1"
"0x30da3bb2230b6229:0x95041c6a982c6878","Payments","NFC mobile payments","1"
"0x30da3b3bc339917f:0xc15fe0cd2e51ff82","From the business","Identifies as women-owned","1"
"0x30da3b3bc339917f:0xc15fe0cd2e51ff82","Service options","On-site services","1"
"0x30da3b3bc339917f:0xc15fe0cd2e51ff82","Amenities","Toilet","1"
"0x30da3b3bc339917f:0xc15fe0cd2e51ff82","Planning","Appointments recommended","1"
"0x30da3b3bc339917f:0xc15fe0cd2e51ff82","Payments","Credit cards","1"
"0x30da3b3bc339917f:0xc15fe0cd2e51ff82","Payments","Debit cards","1"
"0x30da3b3bc339917f:0xc15fe0cd2e51ff82","Payments","Credit cards","1"
"0x30da3b3bc339917f:0xc15fe0cd2e51ff82","Children","Nursing room","1"
"0x30da3b3bc339917f:0xc15fe0cd2e51ff82","Parking","Free parking lot","1"
"0x30da3b3bc339917f:0xc15fe0cd2e51ff82","Parking","On-site parking","1"
"0x30da3a706f48b95f:0x40cb5ad38c52a665","Amenities","Toilet","1"
"0x30da3a706f48b95f:0x40cb5ad38c52a665","Planning","Appointments recommended","1"
"0x30da3a706f48b95f:0x40cb5ad38c52a665","Payments","NFC mobile payments","1"
"0x30da3a7a8ca071f7:0x7435083b7b483463","Accessibility","Wheelchair-accessible entrance","1"
"0x30da3a7a8ca071f7:0x7435083b7b483463","Accessibility","Wheelchair-accessible toilet","1"
"0x30da3a7a8ca071f7:0x7435083b7b483463","Amenities","Gender-neutral toilets","1"
"0x30da3a7a8ca071f7:0x7435083b7b483463","Amenities","Toilet","1"
"0x30da3a7a8ca071f7:0x7435083b7b483463","Crowd","LGBTQ+ friendly","1"
"0x30da3a7a8ca071f7:0x7435083b7b483463","Crowd","Transgender safe space","1"
"0x30da3a7a8ca071f7:0x7435083b7b483463","Planning","Appointments recommended","1"
"0x30da3a7a8ca071f7:0x7435083b7b483463","Payments","Debit cards","1"
"0x30da3a7a8ca071f7:0x7435083b7b483463","Payments","NFC mobile payments","1"
"0x30da3a7a8ca071f7:0x7435083b7b483463","Payments","Credit cards","1"
"0x30da3b75762c2059:0x207368bc100f6307","Accessibility","Wheelchair-accessible entrance","1"
"0x30da3b75762c2059:0x207368bc100f6307","Amenities","Toilet","1"
"0x30da3b75762c2059:0x207368bc100f6307","Planning","Appointment required","1"
"0x30da3b75762c2059:0x207368bc100f6307","Planning","Appointments recommended","1"
"0x30da3b75762c2059:0x207368bc100f6307","Payments","Debit cards","1"
"0x30da3b75762c2059:0x207368bc100f6307","Payments","Credit cards","1"
"0x30da3befb9027445:0xd903a44ea90db667","Accessibility","Wheelchair-accessible car park","1"
"0x30da3befb9027445:0xd903a44ea90db667","Accessibility","Wheelchair-accessible entrance","1"
"0x30da3befb9027445:0xd903a44ea90db667","Service options","On-site services","1"
"0x30da3befb9027445:0xd903a44ea90db667","Offerings","Cosmetic dentistry","1"
"0x30da3befb9027445:0xd903a44ea90db667","Offerings","Emergency services","1"
"0x30da3befb9027445:0xd903a44ea90db667","Amenities","Gender-neutral toilets","1"
"0x30da3befb9027445:0xd903a44ea90db667","Amenities","Toilet","1"
"0x30da3befb9027445:0xd903a44ea90db667","Crowd","LGBTQ+ friendly","1"
"0x30da3befb9027445:0xd903a44ea90db667","Crowd","Transgender safe space","1"
"0x30da3befb9027445:0xd903a44ea90db667","Planning","Appointment required","1"
"0x30da3befb9027445:0xd903a44ea90db667","Planning","Appointments recommended","1"
"0x30da3befb9027445:0xd903a44ea90db667","Payments","Credit cards","1"
"0x30da3befb9027445:0xd903a44ea90db667","Payments","Debit cards","1"
"0x30da3befb9027445:0xd903a44ea90db667","Payments","NFC mobile payments","1"
"0x30da3befb9027445:0xd903a44ea90db667","Payments","Credit cards","1"
"0x30da3befb9027445:0xd903a44ea90db667","Parking","Free of charge street parking","1"
"0x30da3befb9027445:0xd903a44ea90db667","Parking","Free parking lot","1"
"0x30da3befb9027445:0xd903a44ea90db667","Parking","On-site parking","1"
"0x30da3b87e6e5c89b:0x3f5f49b3b163f850","Amenities","Toilet","1"
"0x30da3099d8b0b831:0x155c45e8273303c3","Accessibility","Wheelchair-accessible car park","1"
"0x30da3099d8b0b831:0x155c45e8273303c3","Accessibility","Wheelchair-accessible entrance","1"
"0x30da3099d8b0b831:0x155c45e8273303c3","Accessibility","Wheelchair-accessible toilet","1"
"0x30da3099d8b0b831:0x155c45e8273303c3","Amenities","Toilet","1"
"0x30da315d1c7b3d8d:0xf944de49f7fdd5d0","Accessibility","Wheelchair-accessible car park","1"
"0x30da315d1c7b3d8d:0xf944de49f7fdd5d0","Accessibility","Wheelchair-accessible entrance","1"
"0x30da315d1c7b3d8d:0xf944de49f7fdd5d0","Accessibility","Wheelchair-accessible toilet","1"
"0x30da315d1c7b3d8d:0xf944de49f7fdd5d0","From the business","Identifies as women-owned","1"
"0x30da315d1c7b3d8d:0xf944de49f7fdd5d0","Service options","On-site services","1"
"0x30da315d1c7b3d8d:0xf944de49f7fdd5d0","Offerings","Cosmetic dentistry","1"
"0x30da315d1c7b3d8d:0xf944de49f7fdd5d0","Offerings","Emergency services","1"
"0x30da315d1c7b3d8d:0xf944de49f7fdd5d0","Offerings","Pediatric care","1"
"0x30da315d1c7b3d8d:0xf944de49f7fdd5d0","Offerings","Sedation dentistry","1"
"0x30da315d1c7b3d8d:0xf944de49f7fdd5d0","Amenities","Toilet","1"
"0x30da315d1c7b3d8d:0xf944de49f7fdd5d0","Crowd","LGBTQ+ friendly","1"
"0x30da315d1c7b3d8d:0xf944de49f7fdd5d0","Crowd","Transgender safe space","1"
"0x30da315d1c7b3d8d:0xf944de49f7fdd5d0","Planning","Appointment required","1"
"0x30da315d1c7b3d8d:0xf944de49f7fdd5d0","Planning","Appointments recommended","1"
"0x30da315d1c7b3d8d:0xf944de49f7fdd5d0","Payments","Credit cards","1"
"0x30da315d1c7b3d8d:0xf944de49f7fdd5d0","Payments","Debit cards","1"
"0x30da315d1c7b3d8d:0xf944de49f7fdd5d0","Payments","NFC mobile payments","1"
"0x30da315d1c7b3d8d:0xf944de49f7fdd5d0","Children","Nursing room","1"
"0x30da315d1c7b3d8d:0xf944de49f7fdd5d0","Parking","Free multi-storey car park","1"
"0x30da315d1c7b3d8d:0xf944de49f7fdd5d0","Parking","Free of charge street parking","1"
"0x30da315d1c7b3d8d:0xf944de49f7fdd5d0","Parking","Free parking lot","1"
"0x30da315d1c7b3d8d:0xf944de49f7fdd5d0","Parking","On-site parking","1"
"0x30da315d1c7b3d8d:0xf944de49f7fdd5d0","Parking","Paid multi-storey car park","1"
"0x30da31a7676f0f13:0xddd3c37004992f62","Accessibility","Wheelchair-accessible toilet","1"
"0x30da31a7676f0f13:0xddd3c37004992f62","Amenities","Toilet","1"
"0x30da31a7676f0f13:0xddd3c37004992f62","Payments","Debit cards","1"
"0x30da316b6f91acc1:0xa9edf2503eca02c7","Amenities","Toilet","1"
"0x30da316b6f91acc1:0xa9edf2503eca02c7","Planning","Appointments recommended","1"
"0x30da316b6f91acc1:0xa9edf2503eca02c7","Payments","NFC mobile payments","1"
"0x30da3011c2bc45e7:0x9b252f5130df6d1","Accessibility","Wheelchair-accessible car park","1"
"0x30da3011c2bc45e7:0x9b252f5130df6d1","Accessibility","Wheelchair-accessible entrance","1"
"0x30da3011c2bc45e7:0x9b252f5130df6d1","Accessibility","Wheelchair-accessible toilet","1"
"0x30da3011c2bc45e7:0x9b252f5130df6d1","Amenities","Toilet","1"
"0x30da3011c2bc45e7:0x9b252f5130df6d1","Planning","Appointments recommended","1"
"0x30da3011c2bc45e7:0x9b252f5130df6d1","Payments","NFC mobile payments","1"
"0x30da3b478853c31b:0x224b043e90666b6e","Accessibility","Wheelchair-accessible car park","1"
"0x30da3b478853c31b:0x224b043e90666b6e","Accessibility","Wheelchair-accessible entrance","1"
"0x30da3b478853c31b:0x224b043e90666b6e","Accessibility","Wheelchair-accessible toilet","1"
"0x30da3b478853c31b:0x224b043e90666b6e","Service options","On-site services","1"
"0x30da3b478853c31b:0x224b043e90666b6e","Amenities","Toilet","1"
"0x30da3b478853c31b:0x224b043e90666b6e","Planning","Appointment required","1"
"0x30da3b478853c31b:0x224b043e90666b6e","Planning","Appointments recommended","1"
"0x30da3b478853c31b:0x224b043e90666b6e","Payments","Credit cards","1"
"0x30da3b478853c31b:0x224b043e90666b6e","Payments","Debit cards","1"
"0x30da3b478853c31b:0x224b043e90666b6e","Payments","NFC mobile payments","1"
"0x30da3b478853c31b:0x224b043e90666b6e","Payments","Credit cards","1"
"0x30da316ac3b17991:0xb7c94f1d085eaa2a","Service options","On-site services","1"
"0x30da316ac3b17991:0xb7c94f1d085eaa2a","Amenities","Toilet","1"
"0x30da316ac3b17991:0xb7c94f1d085eaa2a","Crowd","Transgender safe space","1"
"0x30da316ac3b17991:0xb7c94f1d085eaa2a","Payments","Credit cards","1"
"0x30da316ac3b17991:0xb7c94f1d085eaa2a","Payments","Debit cards","1"
"0x30da316ac3b17991:0xb7c94f1d085eaa2a","Payments","Credit cards","1"
"0x30da316ac3b17991:0xb7c94f1d085eaa2a","Parking","Free of charge street parking","1"
"0x30da316ac3b17991:0xb7c94f1d085eaa2a","Parking","Free parking lot","1"
"0x30da316ac3b17991:0xb7c94f1d085eaa2a","Parking","On-site parking","1"
"0x24f34fb943f21c9b:0x80d1f7a8d22d344a","Amenities","Toilet","1"
"0x24f34fb943f21c9b:0x80d1f7a8d22d344a","Planning","Appointments recommended","1"
"0x24f34fb943f21c9b:0x80d1f7a8d22d344a","Payments","Credit cards","1"
"0x24f34fb943f21c9b:0x80d1f7a8d22d344a","Payments","Debit cards","1"
"0x30da311daf553e17:0x87c5e801758abd47","Amenities","Toilet","1"
"0x30da311daf553e17:0x87c5e801758abd47","Planning","Appointments recommended","1"
"0x30da311daf553e17:0x87c5e801758abd47","Payments","Credit cards","1"
"0x30da311daf553e17:0x87c5e801758abd47","Payments","Debit cards","1"
"0x30da311daf553e17:0x87c5e801758abd47","Payments","NFC mobile payments","1"
"0x30da314eef3b62a1:0x7375e30e008bcdbd","Amenities","Toilet","1"
"0x30da314eef3b62a1:0x7375e30e008bcdbd","Planning","Appointments recommended","1"
"0x30da314eef3b62a1:0x7375e30e008bcdbd","Payments","NFC mobile payments","1"
"0x30da25acafc22aef:0xad11287bbdfc2418","Accessibility","Wheelchair-accessible car park","1"
"0x30da25acafc22aef:0xad11287bbdfc2418","Amenities","Toilet","1"
"0x30da25acafc22aef:0xad11287bbdfc2418","Planning","Appointments recommended","1"
"0x30da25acafc22aef:0xad11287bbdfc2418","Payments","Credit cards","1"
"0x30da25acafc22aef:0xad11287bbdfc2418","Payments","Debit cards","1"
"0x30da25acafc22aef:0xad11287bbdfc2418","Payments","NFC mobile payments","1"
"0x30da2597ea99ace9:0x374b0c53cffa2916","Accessibility","Wheelchair-accessible car park","1"
"0x30da2597ea99ace9:0x374b0c53cffa2916","Accessibility","Wheelchair-accessible entrance","1"
"0x30da2597ea99ace9:0x374b0c53cffa2916","Amenities","Toilet","1"
"0x30da2597ea99ace9:0x374b0c53cffa2916","Planning","Appointments recommended","1"
"0x30da2597ea99ace9:0x374b0c53cffa2916","Payments","Credit cards","1"
"0x30da2597ea99ace9:0x374b0c53cffa2916","Payments","Debit cards","1"
"0x30da2597ea99ace9:0x374b0c53cffa2916","Payments","NFC mobile payments","1"
"0x30da2597ea99ace9:0x374b0c53cffa2916","Parking","Free parking lot","1"
"0x30da2597ea99ace9:0x374b0c53cffa2916","Parking","Paid parking lot","1"
"0x30da3bebfb1c3059:0x7314cad0699d4336","From the business","Identifies as women-owned","1"
"0x30da3bebfb1c3059:0x7314cad0699d4336","Amenities","Gender-neutral toilets","1"
"0x30da3bebfb1c3059:0x7314cad0699d4336","Amenities","Toilet","1"
"0x30da3bebfb1c3059:0x7314cad0699d4336","Crowd","LGBTQ+ friendly","1"
"0x30da3bebfb1c3059:0x7314cad0699d4336","Crowd","Transgender safe space","1"
"0x30da3bebfb1c3059:0x7314cad0699d4336","Payments","Credit cards","1"
"0x30da3bebfb1c3059:0x7314cad0699d4336","Payments","Debit cards","1"
"0x30da3bebfb1c3059:0x7314cad0699d4336","Payments","Credit cards","1"
"0x30da3bebfb1c3059:0x7314cad0699d4336","Parking","Free multi-storey car park","1"
"0x30da3bebfb1c3059:0x7314cad0699d4336","Parking","Free of charge street parking","1"
"0x30da3bebfb1c3059:0x7314cad0699d4336","Parking","Free parking lot","1"
"0x30da3bebfb1c3059:0x7314cad0699d4336","Parking","On-site parking","1"
"0x30da254bb168f74d:0x220e5491b0a35113","Accessibility","Wheelchair-accessible car park","1"
"0x30da254bb168f74d:0x220e5491b0a35113","Accessibility","Wheelchair-accessible entrance","1"
"0x30da254bb168f74d:0x220e5491b0a35113","Service options","On-site services","1"
"0x30da254bb168f74d:0x220e5491b0a35113","Amenities","Toilet","1"
"0x30da254bb168f74d:0x220e5491b0a35113","Crowd","LGBTQ+ friendly","1"
"0x30da254bb168f74d:0x220e5491b0a35113","Crowd","Transgender safe space","1"
"0x30da254bb168f74d:0x220e5491b0a35113","Planning","Appointment required","1"
"0x30da254bb168f74d:0x220e5491b0a35113","Planning","Appointments recommended","1"
"0x30da254bb168f74d:0x220e5491b0a35113","Payments","Credit cards","1"
"0x30da254bb168f74d:0x220e5491b0a35113","Payments","Debit cards","1"
"0x30da254bb168f74d:0x220e5491b0a35113","Payments","NFC mobile payments","1"
"0x30da254bb168f74d:0x220e5491b0a35113","Payments","Credit cards","1"
"0x30da3ae9e183baeb:0x172427bc8f1c1441","Accessibility","Wheelchair-accessible car park","1"
"0x30da3ae9e183baeb:0x172427bc8f1c1441","Accessibility","Wheelchair-accessible entrance","1"
"0x30da3ae9e183baeb:0x172427bc8f1c1441","Accessibility","Wheelchair-accessible toilet","1"
"0x30da3ae9e183baeb:0x172427bc8f1c1441","Service options","On-site services","1"
"0x30da3ae9e183baeb:0x172427bc8f1c1441","Amenities","Gender-neutral toilets","1"
"0x30da3ae9e183baeb:0x172427bc8f1c1441","Crowd","LGBTQ+ friendly","1"
"0x30da3ae9e183baeb:0x172427bc8f1c1441","Crowd","Transgender safe space","1"
"0x30da3ae9e183baeb:0x172427bc8f1c1441","Payments","Credit cards","1"
"0x30da3ae9e183baeb:0x172427bc8f1c1441","Payments","Debit cards","1"
"0x30da3ae9e183baeb:0x172427bc8f1c1441","Payments","NFC mobile payments","1"
"0x30da3ae9e183baeb:0x172427bc8f1c1441","Parking","Free parking lot","1"
"0x30da3ae9e183baeb:0x172427bc8f1c1441","Parking","On-site parking","1"
"0x30da3ac3c51fb13b:0xf158e81c59acfafb","Amenities","Gender-neutral toilets","1"
"0x30da3ac3c51fb13b:0xf158e81c59acfafb","Amenities","Toilet","1"
"0x30da3ac3c51fb13b:0xf158e81c59acfafb","Planning","Appointments recommended","1"
"0x30da3ac3c51fb13b:0xf158e81c59acfafb","Parking","Free multi-storey car park","1"
"0x30da3ac3c51fb13b:0xf158e81c59acfafb","Parking","Free of charge street parking","1"
"0x30da3ac3c51fb13b:0xf158e81c59acfafb","Parking","Free parking lot","1"
"0x30da3ac3c51fb13b:0xf158e81c59acfafb","Parking","On-site parking","1"
"0x30da3af729cf5941:0xfb697c927e16b459","Accessibility","Wheelchair-accessible toilet","1"
"0x30da3af729cf5941:0xfb697c927e16b459","Amenities","Toilet","1"
"0x30da3af729cf5941:0xfb697c927e16b459","Payments","NFC mobile payments","1"
"0x30da3a5eab1ba009:0xd5952c619c30ad5a","Amenities","Toilet","1"
"0x30da3a5eab1ba009:0xd5952c619c30ad5a","Planning","Appointments recommended","1"
"0x30da3ba82fbc300b:0x5b513e6f250d37c7","Amenities","Toilet","1"
"0x30da3ba82fbc300b:0x5b513e6f250d37c7","Planning","Appointments recommended","1"
"0x30da3af721b12035:0x6ee831e95b7d4bf4","Accessibility","Wheelchair-accessible car park","1"
"0x30da3af721b12035:0x6ee831e95b7d4bf4","Accessibility","Wheelchair-accessible entrance","1"
"0x30da3af721b12035:0x6ee831e95b7d4bf4","Accessibility","Wheelchair-accessible toilet","1"
"0x30da3af721b12035:0x6ee831e95b7d4bf4","Amenities","Toilet","1"
"0x30da3af721b12035:0x6ee831e95b7d4bf4","Planning","Appointments recommended","1"
"0x30da3af721b12035:0x6ee831e95b7d4bf4","Payments","Credit cards","1"
"0x30da3af721b12035:0x6ee831e95b7d4bf4","Payments","Debit cards","1"
"0x30da3af721b12035:0x6ee831e95b7d4bf4","Payments","NFC mobile payments","1"
"0x30da3af721b12035:0x6ee831e95b7d4bf4","Payments","Credit cards","1"
"0x30da3af721b12035:0x6ee831e95b7d4bf4","Parking","Free parking lot","1"
"0x30da3af721b12035:0x6ee831e95b7d4bf4","Parking","On-site parking","1"
"0x30da3af09c63362f:0xf0c90caca686ff51","Amenities","Gender-neutral toilets","1"
"0x30da3af09c63362f:0xf0c90caca686ff51","Amenities","Toilet","1"
"0x30da3af09c63362f:0xf0c90caca686ff51","Crowd","LGBTQ+ friendly","1"
"0x30da3af09c63362f:0xf0c90caca686ff51","Crowd","Transgender safe space","1"
"0x30da3af09c63362f:0xf0c90caca686ff51","Planning","Appointments recommended","1"
"0x30da3a68127f4409:0xd274c744f2c3ca90","Accessibility","Wheelchair-accessible entrance","1"
"0x30da3a68127f4409:0xd274c744f2c3ca90","Amenities","Toilet","1"
"0x30da3a68127f4409:0xd274c744f2c3ca90","Planning","Appointments recommended","1"
"0x30da3a68127f4409:0xd274c744f2c3ca90","Payments","Credit cards","1"
"0x30da3a68127f4409:0xd274c744f2c3ca90","Payments","Debit cards","1"
"0x30da3a68127f4409:0xd274c744f2c3ca90","Payments","NFC mobile payments","1"
"0x30da3b9225a6af11:0x32c45a2c024a18a","Accessibility","Wheelchair-accessible seating","1"
"0x30da3b9225a6af11:0x32c45a2c024a18a","From the business","Identifies as women-owned","1"
"0x30da3b9225a6af11:0x32c45a2c024a18a","Amenities","Gender-neutral toilets","1"
"0x30da3b9225a6af11:0x32c45a2c024a18a","Amenities","Toilet","1"
"0x30da3b9225a6af11:0x32c45a2c024a18a","Crowd","LGBTQ+ friendly","1"
"0x30da3b9225a6af11:0x32c45a2c024a18a","Crowd","Transgender safe space","1"
"0x30da3b9225a6af11:0x32c45a2c024a18a","Payments","NFC mobile payments","1"
"0x30da3b1749577373:0xd4deb5893e68325e","Service options","On-site services","1"
"0x30da3b1749577373:0xd4deb5893e68325e","Amenities","Gender-neutral toilets","1"
"0x30da3b1749577373:0xd4deb5893e68325e","Crowd","LGBTQ+ friendly","1"
"0x30da3b1749577373:0xd4deb5893e68325e","Crowd","Transgender safe space","1"
"0x30da3b1749577373:0xd4deb5893e68325e","Payments","Credit cards","1"
"0x30da3b1749577373:0xd4deb5893e68325e","Payments","Debit cards","1"
"0x30da3b1749577373:0xd4deb5893e68325e","Payments","NFC mobile payments","1"
"0x30da3b1749577373:0xd4deb5893e68325e","Parking","Free parking lot","1"
"0x30da3b1749577373:0xd4deb5893e68325e","Parking","On-site parking","1"
"0x30da3b3400108177:0x58aa9059391c035b","Accessibility","Wheelchair-accessible car park","1"
"0x30da3b3400108177:0x58aa9059391c035b","Accessibility","Wheelchair-accessible entrance","1"
"0x30da3b3400108177:0x58aa9059391c035b","Accessibility","Wheelchair-accessible toilet","1"
"0x30da2ff2434eb96d:0x24c26901495f86a","Amenities","Toilet","1"
"0x30da2ff2434eb96d:0x24c26901495f86a","Planning","Appointments recommended","1"
"0x30da2ff2434eb96d:0x24c26901495f86a","Payments","Credit cards","1"
"0x30da2ff2434eb96d:0x24c26901495f86a","Payments","NFC mobile payments","1"
"0x30da3accf5319d0b:0xb725b31c18be4b6c","Accessibility","Wheelchair-accessible car park","1"
"0x30da3accf5319d0b:0xb725b31c18be4b6c","Accessibility","Wheelchair-accessible entrance","1"
"0x30da3accf5319d0b:0xb725b31c18be4b6c","Accessibility","Wheelchair-accessible toilet","1"
"0x30da3accf5319d0b:0xb725b31c18be4b6c","Amenities","Gender-neutral toilets","1"
"0x30da3accf5319d0b:0xb725b31c18be4b6c","Amenities","Toilet","1"
"0x30da3accf5319d0b:0xb725b31c18be4b6c","Crowd","Transgender safe space","1"
"0x30da2f0ea91af537:0x418b9aaee806751d","Amenities","Toilet","1"
"0x30da2f0ea91af537:0x418b9aaee806751d","Crowd","LGBTQ+ friendly","1"
"0x30da2f0ea91af537:0x418b9aaee806751d","Crowd","Transgender safe space","1"
"0x30da2f0ea91af537:0x418b9aaee806751d","Planning","Appointments recommended","1"
"0x30da2f0ea91af537:0x418b9aaee806751d","Payments","Credit cards","1"
"0x30da2f0ea91af537:0x418b9aaee806751d","Payments","Debit cards","1"
"0x30da2f0ea91af537:0x418b9aaee806751d","Payments","NFC mobile payments","1"
"0x30da252c1d1ca493:0xd1d9480416c2b7da","Amenities","Toilet","1"
"0x30da252c1d1ca493:0xd1d9480416c2b7da","Planning","Appointments recommended","1"
"0x30da252c1d1ca493:0xd1d9480416c2b7da","Payments","Credit cards","1"
"0x30da252c1d1ca493:0xd1d9480416c2b7da","Payments","Debit cards","1"
"0x30da252c1d1ca493:0xd1d9480416c2b7da","Payments","NFC mobile payments","1"
"0x30da2512576cf195:0xcf818e259847ce37","Accessibility","Wheelchair-accessible car park","1"
"0x30da2512576cf195:0xcf818e259847ce37","Accessibility","Wheelchair-accessible entrance","1"
"0x30da2512576cf195:0xcf818e259847ce37","From the business","Identifies as women-owned","1"
"0x30da2512576cf195:0xcf818e259847ce37","Amenities","Toilet","1"
"0x30da2512576cf195:0xcf818e259847ce37","Planning","Appointments recommended","1"
"0x30da2512576cf195:0xcf818e259847ce37","Payments","Credit cards","1"
"0x30da2512576cf195:0xcf818e259847ce37","Payments","Debit cards","1"
"0x30da2512576cf195:0xcf818e259847ce37","Payments","NFC mobile payments","1"
"0x30da39802f8da207:0xd4a0c045350c4d4f","Accessibility","Wheelchair-accessible seating","1"
"0x30da39802f8da207:0xd4a0c045350c4d4f","Accessibility","Wheelchair-accessible toilet","1"
"0x30da39802f8da207:0xd4a0c045350c4d4f","Amenities","Toilet","1"
"0x30da39802f8da207:0xd4a0c045350c4d4f","Planning","Appointments recommended","1"
"0x30da3bb5a7c3dd67:0xb386b6bf1b81988f","Amenities","Toilet","1"
"0x30da3bb5a7c3dd67:0xb386b6bf1b81988f","Planning","Appointments recommended","1"
"0x30da3bb5a7c3dd67:0xb386b6bf1b81988f","Payments","Debit cards","1"
"0x30da3bb5a7c3dd67:0xb386b6bf1b81988f","Payments","NFC mobile payments","1"
"0x30da3bb5a7c3dd67:0xb386b6bf1b81988f","Payments","Credit cards","1"
"0x30da25b2b2f599f7:0x22d6b261b832841c","Payments","NFC mobile payments","1"
"0x30da25ea2c06e13b:0xce9cd4c1b7d191a3","Accessibility","Wheelchair-accessible car park","1"
"0x30da25ea2c06e13b:0xce9cd4c1b7d191a3","Amenities","Toilet","1"
"0x30da25ea2c06e13b:0xce9cd4c1b7d191a3","Planning","Appointments recommended","1"
"0x30da25ea2c06e13b:0xce9cd4c1b7d191a3","Payments","Credit cards","1"
"0x30da25ea2c06e13b:0xce9cd4c1b7d191a3","Payments","NFC mobile payments","1"
"0x30da25c6c75cc5db:0xaf0aafb47138d441","Accessibility","Wheelchair-accessible car park","1"
"0x30da25c6c75cc5db:0xaf0aafb47138d441","Service options","On-site services","1"
"0x30da25c6c75cc5db:0xaf0aafb47138d441","Amenities","Gender-neutral toilets","1"
"0x30da25c6c75cc5db:0xaf0aafb47138d441","Crowd","LGBTQ+ friendly","1"
"0x30da25c6c75cc5db:0xaf0aafb47138d441","Crowd","Transgender safe space","1"
"0x30da25c6c75cc5db:0xaf0aafb47138d441","Payments","Credit cards","1"
"0x30da25c6c75cc5db:0xaf0aafb47138d441","Payments","Debit cards","1"
"0x30da25c6c75cc5db:0xaf0aafb47138d441","Payments","NFC mobile payments","1"
"0x30da25c6c75cc5db:0xaf0aafb47138d441","Parking","Free of charge street parking","1"
"0x30da25c6c75cc5db:0xaf0aafb47138d441","Parking","Free parking lot","1"
"0x30da25c6c75cc5db:0xaf0aafb47138d441","Parking","On-site parking","1"
"0x30da3b5a54c43e0d:0x20acc7cc304ca8d9","Payments","Credit cards","1"
"0x30da3b5a54c43e0d:0x20acc7cc304ca8d9","Payments","Debit cards","1"
"0x30da3b5a54c43e0d:0x20acc7cc304ca8d9","Payments","NFC mobile payments","1"
"0x30da31f0826bfda5:0x3b37c6418ae3c9e9","Accessibility","Wheelchair-accessible car park","1"
"0x30da31f0826bfda5:0x3b37c6418ae3c9e9","Accessibility","Wheelchair-accessible entrance","1"
"0x30da31f0826bfda5:0x3b37c6418ae3c9e9","Accessibility","Wheelchair-accessible toilet","1"
"0x30da31f0826bfda5:0x3b37c6418ae3c9e9","Amenities","Toilet","1"
"0x30da31f0826bfda5:0x3b37c6418ae3c9e9","Planning","Appointment required","1"
"0x30da31a734a3f14d:0x1036bedc6b12543d","Amenities","Toilet","1"
"0x30da31a734a3f14d:0x1036bedc6b12543d","Planning","Appointments recommended","1"
"0x30da2f002741ca97:0xc8f40dc9e6be6e37","Accessibility","Wheelchair-accessible car park","1"
"0x30da2f002741ca97:0xc8f40dc9e6be6e37","Accessibility","Wheelchair-accessible entrance","1"
"0x30da2f002741ca97:0xc8f40dc9e6be6e37","Accessibility","Wheelchair-accessible seating","1"
"0x30da2f002741ca97:0xc8f40dc9e6be6e37","Amenities","Gender-neutral toilets","1"
"0x30da2f002741ca97:0xc8f40dc9e6be6e37","Crowd","Transgender safe space","1"
"0x30da3bc7ad694363:0x85fecbd20be68d57","Service options","On-site services","1"
"0x30da3bc7ad694363:0x85fecbd20be68d57","Amenities","Toilet","1"
"0x30da3bc7ad694363:0x85fecbd20be68d57","Planning","Appointments recommended","1"
"0x30da3bc7ad694363:0x85fecbd20be68d57","Payments","Credit cards","1"
"0x30da3bc7ad694363:0x85fecbd20be68d57","Payments","Debit cards","1"
"0x30da3bc7ad694363:0x85fecbd20be68d57","Payments","NFC mobile payments","1"
"0x30da31994dde1eff:0x21d3ef37af8787ab","Accessibility","Wheelchair-accessible car park","1"
"0x30da31994dde1eff:0x21d3ef37af8787ab","Accessibility","Wheelchair-accessible entrance","1"
"0x30da31994dde1eff:0x21d3ef37af8787ab","Accessibility","Wheelchair-accessible seating","1"
"0x30da31994dde1eff:0x21d3ef37af8787ab","From the business","Identifies as women-owned","1"
"0x30da31994dde1eff:0x21d3ef37af8787ab","Service options","On-site services","1"
"0x30da31994dde1eff:0x21d3ef37af8787ab","Amenities","Gender-neutral toilets","1"
"0x30da31994dde1eff:0x21d3ef37af8787ab","Amenities","Toilet","1"
"0x30da31994dde1eff:0x21d3ef37af8787ab","Crowd","LGBTQ+ friendly","1"
"0x30da31994dde1eff:0x21d3ef37af8787ab","Crowd","Transgender safe space","1"
"0x30da31994dde1eff:0x21d3ef37af8787ab","Planning","Appointment required","1"
"0x30da31994dde1eff:0x21d3ef37af8787ab","Planning","Appointments recommended","1"
"0x30da31994dde1eff:0x21d3ef37af8787ab","Payments","NFC mobile payments","1"
"0x30da31994dde1eff:0x21d3ef37af8787ab","Parking","Free of charge street parking","1"
"0x30da31994dde1eff:0x21d3ef37af8787ab","Parking","Free parking lot","1"
"0x30da31994dde1eff:0x21d3ef37af8787ab","Parking","On-site parking","1"
"0x30da310040799d3d:0xc0ac46f88ab2c2eb","Accessibility","Wheelchair-accessible car park","1"
"0x30da310040799d3d:0xc0ac46f88ab2c2eb","Accessibility","Wheelchair-accessible entrance","1"
"0x30da310040799d3d:0xc0ac46f88ab2c2eb","Amenities","Toilet","1"
"0x30da310040799d3d:0xc0ac46f88ab2c2eb","Planning","Appointments recommended","1"
"0x30da310040799d3d:0xc0ac46f88ab2c2eb","Payments","NFC mobile payments","1"
"0x30da31c1ffc10e37:0x56503f0c022077fb","Amenities","Toilet","1"
"0x30da31c1ffc10e37:0x56503f0c022077fb","Planning","Appointments recommended","1"
"0x30da305f8d4bfccd:0x369219fa40c3d4d5","Accessibility","Wheelchair-accessible car park","1"
"0x30da305f8d4bfccd:0x369219fa40c3d4d5","Accessibility","Wheelchair-accessible entrance","1"
"0x30da305f8d4bfccd:0x369219fa40c3d4d5","Accessibility","Wheelchair-accessible toilet","1"
"0x30da305f8d4bfccd:0x369219fa40c3d4d5","Amenities","Toilet","1"
"0x30da305f8d4bfccd:0x369219fa40c3d4d5","Planning","Appointments recommended","1"
"0x30da305f8d4bfccd:0x369219fa40c3d4d5","Payments","Credit cards","1"
"0x30da305f8d4bfccd:0x369219fa40c3d4d5","Payments","Debit cards","1"
"0x30da305f8d4bfccd:0x369219fa40c3d4d5","Payments","NFC mobile payments","1"
"0x30da31de7d87e55b:0xeee44a4d873950a9","Amenities","Toilet","1"
"0x30da31de7d87e55b:0xeee44a4d873950a9","Planning","Appointments recommended","1"
"0x30da3189bb25b3d1:0xd8afb68d3cd601e1","Amenities","Toilet","1"
"0x30da3189bb25b3d1:0xd8afb68d3cd601e1","Planning","Appointments recommended","1"
"0x30da3189bb25b3d1:0xd8afb68d3cd601e1","Payments","Credit cards","1"
"0x30da3189bb25b3d1:0xd8afb68d3cd601e1","Payments","Debit cards","1"
"0x30da3189bb25b3d1:0xd8afb68d3cd601e1","Payments","NFC mobile payments","1"
"0x30da31bef30729bb:0xec10fb44fb9b2ffa","Accessibility","Wheelchair-accessible car park","1"
"0x30da31bef30729bb:0xec10fb44fb9b2ffa","Accessibility","Wheelchair-accessible entrance","1"
"0x30da3019287ffd27:0x50e5b48c11042341","Accessibility","Wheelchair-accessible car park","1"
"0x30da3019287ffd27:0x50e5b48c11042341","Accessibility","Wheelchair-accessible entrance","1"
"0x30da3019287ffd27:0x50e5b48c11042341","Accessibility","Wheelchair-accessible toilet","1"
"0x30da3019287ffd27:0x50e5b48c11042341","Amenities","Toilet","1"
"0x30da3019287ffd27:0x50e5b48c11042341","Planning","Appointments recommended","1"
"0x30da253fa7d934bd:0x4275feb4ed1cc7f2","Amenities","Toilet","1"
"0x30da2ffca05b2057:0x8464671bd71c4875","Accessibility","Wheelchair-accessible toilet","1"
"0x30da2ffca05b2057:0x8464671bd71c4875","Amenities","Toilet","1"
"0x30da2ffca05b2057:0x8464671bd71c4875","Planning","Appointments recommended","1"
"0x30da2ffca05b2057:0x8464671bd71c4875","Payments","Credit cards","1"
"0x30da2ffca05b2057:0x8464671bd71c4875","Payments","Debit cards","1"
"0x30da2ffca05b2057:0x8464671bd71c4875","Payments","NFC mobile payments","1"
"0x30da301ac3803597:0x2d700b85c518b291","Accessibility","Wheelchair-accessible car park","1"
"0x30da301ac3803597:0x2d700b85c518b291","Accessibility","Wheelchair-accessible entrance","1"
"0x30da301ac3803597:0x2d700b85c518b291","Crowd","LGBTQ+ friendly","1"
"0x30da301ac3803597:0x2d700b85c518b291","Crowd","Transgender safe space","1"
"0x30da301ac3803597:0x2d700b85c518b291","Payments","Credit cards","1"
"0x30da301ac3803597:0x2d700b85c518b291","Payments","Debit cards","1"
"0x30da301ac3803597:0x2d700b85c518b291","Payments","NFC mobile payments","1"
"0x30da301ac3803597:0x2d700b85c518b291","Payments","Credit cards","1"
"0x30da301ac3803597:0x2d700b85c518b291","Children","Nursing room","1"
"0x30da301ac3803597:0x2d700b85c518b291","Parking","Free multi-storey car park","1"
"0x30da301ac3803597:0x2d700b85c518b291","Parking","Free of charge street parking","1"
"0x30da301ac3803597:0x2d700b85c518b291","Parking","Free parking lot","1"
"0x30da2548ad47cbad:0x194a57a234b2b5da","Amenities","Toilet","1"
"0x30da2548ad47cbad:0x194a57a234b2b5da","Planning","Appointment required","1"
"0x30da2548ad47cbad:0x194a57a234b2b5da","Planning","Appointments recommended","1"
"0x30da2548ad47cbad:0x194a57a234b2b5da","Payments","Credit cards","1"
"0x30da2548ad47cbad:0x194a57a234b2b5da","Payments","Debit cards","1"
"0x30da2548ad47cbad:0x194a57a234b2b5da","Payments","NFC mobile payments","1"
"0x30da25bb6c6b1649:0xcdb359ada2828cc5","Amenities","Toilet","1"
"0x30da293d954a9a0d:0xd6de68bc09d8d2c","Accessibility","Wheelchair-accessible car park","1"
"0x30da293d954a9a0d:0xd6de68bc09d8d2c","Accessibility","Wheelchair-accessible entrance","1"
"0x30da293d954a9a0d:0xd6de68bc09d8d2c","Accessibility","Wheelchair-accessible toilet","1"
"0x30da293d954a9a0d:0xd6de68bc09d8d2c","Amenities","Toilet","1"
"0x30da25342eef4c91:0x7db9b8847e2aed8","Accessibility","Wheelchair-accessible car park","1"
"0x30da25342eef4c91:0x7db9b8847e2aed8","Accessibility","Wheelchair-accessible entrance","1"
"0x30da25342eef4c91:0x7db9b8847e2aed8","Service options","On-site services","1"
"0x30da25342eef4c91:0x7db9b8847e2aed8","Payments","Credit cards","1"
"0x30da25342eef4c91:0x7db9b8847e2aed8","Payments","Debit cards","1"
"0x30da3b4f654b737b:0xdf2231e30392e0c3","Accessibility","Wheelchair-accessible seating","1"
"0x30da3b4f654b737b:0xdf2231e30392e0c3","Accessibility","Wheelchair-accessible toilet","1"
"0x30da3b4f654b737b:0xdf2231e30392e0c3","Service options","On-site services","1"
"0x30da3b4f654b737b:0xdf2231e30392e0c3","Offerings","Cosmetic dentistry","1"
"0x30da3b4f654b737b:0xdf2231e30392e0c3","Offerings","Emergency services","1"
"0x30da3b4f654b737b:0xdf2231e30392e0c3","Amenities","Gender-neutral toilets","1"
"0x30da3b4f654b737b:0xdf2231e30392e0c3","Amenities","Toilet","1"
"0x30da3b4f654b737b:0xdf2231e30392e0c3","Crowd","LGBTQ+ friendly","1"
"0x30da3b4f654b737b:0xdf2231e30392e0c3","Crowd","Transgender safe space","1"
"0x30da3b4f654b737b:0xdf2231e30392e0c3","Planning","Appointment required","1"
"0x30da3b4f654b737b:0xdf2231e30392e0c3","Planning","Appointments recommended","1"
"0x30da3b4f654b737b:0xdf2231e30392e0c3","Payments","Credit cards","1"
"0x30da3b4f654b737b:0xdf2231e30392e0c3","Payments","Debit cards","1"
"0x30da3b4f654b737b:0xdf2231e30392e0c3","Parking","Free multi-storey car park","1"
"0x30da3b4f654b737b:0xdf2231e30392e0c3","Parking","Free of charge street parking","1"
"0x30da3b4f654b737b:0xdf2231e30392e0c3","Parking","Free parking lot","1"
"0x30da3b4f654b737b:0xdf2231e30392e0c3","Parking","On-site parking","1"
"0x30da305b27cac4d3:0xd931d1d2b30059cf","Amenities","Toilet","1"
"0x30da31cb7bbfc80f:0x187dfa9ab5380d6c","Accessibility","Wheelchair-accessible car park","1"
"0x30da31cb7bbfc80f:0x187dfa9ab5380d6c","Amenities","Toilet","1"
"0x30da31cb7bbfc80f:0x187dfa9ab5380d6c","Planning","Appointments recommended","1"
"0x30da31cb7bbfc80f:0x187dfa9ab5380d6c","Payments","Credit cards","1"
"0x30da31cb7bbfc80f:0x187dfa9ab5380d6c","Payments","Debit cards","1"
"0x30da31cb7bbfc80f:0x187dfa9ab5380d6c","Payments","NFC mobile payments","1"
"0x30da3bcd8f05c4f9:0x5ac2d801c765cc6a","Amenities","Gender-neutral toilets","1"
"0x30da3bcd8f05c4f9:0x5ac2d801c765cc6a","Amenities","Toilet","1"
"0x30da3bcd8f05c4f9:0x5ac2d801c765cc6a","Payments","Cheques","1"
"0x30da3bcd8f05c4f9:0x5ac2d801c765cc6a","Payments","Credit cards","1"
"0x30da3bcd8f05c4f9:0x5ac2d801c765cc6a","Payments","Debit cards","1"
"0x30da3bcd8f05c4f9:0x5ac2d801c765cc6a","Payments","NFC mobile payments","1"
"0x30da3bcd8f05c4f9:0x5ac2d801c765cc6a","Payments","Credit cards","1"
"0x30da3bcd8f05c4f9:0x5ac2d801c765cc6a","Parking","Free multi-storey car park","1"
"0x30da3bcd8f05c4f9:0x5ac2d801c765cc6a","Parking","Free parking lot","1"
"0x30da3bcd8f05c4f9:0x5ac2d801c765cc6a","Parking","On-site parking","1"
"0x30da255ae7380ae7:0x3bfcce7acc45cfac","Accessibility","Assistive hearing loop","1"
"0x30da255ae7380ae7:0x3bfcce7acc45cfac","Accessibility","Wheelchair-accessible car park","1"
"0x30da255ae7380ae7:0x3bfcce7acc45cfac","Accessibility","Wheelchair-accessible entrance","1"
"0x30da255ae7380ae7:0x3bfcce7acc45cfac","Accessibility","Wheelchair-accessible seating","1"
"0x30da255ae7380ae7:0x3bfcce7acc45cfac","Accessibility","Wheelchair-accessible toilet","1"
"0x30da255ae7380ae7:0x3bfcce7acc45cfac","Offerings","Medication disposal","1"
"0x30da255ae7380ae7:0x3bfcce7acc45cfac","Crowd","LGBTQ+ friendly","1"
"0x30da255ae7380ae7:0x3bfcce7acc45cfac","Crowd","Transgender safe space","1"
"0x30da255ae7380ae7:0x3bfcce7acc45cfac","Payments","Credit cards","1"
"0x30da255ae7380ae7:0x3bfcce7acc45cfac","Payments","Debit cards","1"
"0x30da255ae7380ae7:0x3bfcce7acc45cfac","Payments","NFC mobile payments","1"
"0x30da3b7bdd27a2eb:0x3b7ef05e2913f90c","Accessibility","Wheelchair-accessible car park","1"
"0x30da3b7bdd27a2eb:0x3b7ef05e2913f90c","Accessibility","Wheelchair-accessible entrance","1"
"0x30da3b7bdd27a2eb:0x3b7ef05e2913f90c","Accessibility","Wheelchair-accessible toilet","1"
"0x30da3b7bdd27a2eb:0x3b7ef05e2913f90c","Service options","On-site services","1"
"0x30da3b7bdd27a2eb:0x3b7ef05e2913f90c","Amenities","Gender-neutral toilets","1"
"0x30da3b7bdd27a2eb:0x3b7ef05e2913f90c","Amenities","Toilet","1"
"0x30da3b7bdd27a2eb:0x3b7ef05e2913f90c","Planning","Appointment required","1"
"0x30da3b7bdd27a2eb:0x3b7ef05e2913f90c","Planning","Appointments recommended","1"
"0x30da3b7bdd27a2eb:0x3b7ef05e2913f90c","Parking","Free of charge street parking","1"
"0x30da3b7bdd27a2eb:0x3b7ef05e2913f90c","Parking","Free parking lot","1"
"0x30da3b7bdd27a2eb:0x3b7ef05e2913f90c","Parking","On-site parking","1"
"0x30da259c262db5e5:0x7bcc71efaaa0551f","Amenities","Toilet","1"
"0x30da259c262db5e5:0x7bcc71efaaa0551f","Planning","Appointments recommended","1"
"0x30da259c262db5e5:0x7bcc71efaaa0551f","Payments","NFC mobile payments","1"
"0x30da3b0079539715:0xc44e534bef5e0d33","Accessibility","Wheelchair-accessible car park","1"
"0x30da3b0079539715:0xc44e534bef5e0d33","Accessibility","Wheelchair-accessible entrance","1"
"0x30da3b0079539715:0xc44e534bef5e0d33","Accessibility","Wheelchair-accessible seating","1"
"0x30da3b0079539715:0xc44e534bef5e0d33","Accessibility","Wheelchair-accessible toilet","1"
"0x30da3b0079539715:0xc44e534bef5e0d33","Accessibility","Assistive hearing loop","1"
"0x30da3b0079539715:0xc44e534bef5e0d33","Service options","On-site services","1"
"0x30da3b0079539715:0xc44e534bef5e0d33","Offerings","Cosmetic dentistry","1"
"0x30da3b0079539715:0xc44e534bef5e0d33","Offerings","Emergency services","1"
"0x30da3b0079539715:0xc44e534bef5e0d33","Offerings","Sedation dentistry","1"
"0x30da3b0079539715:0xc44e534bef5e0d33","Amenities","Gender-neutral toilets","1"
"0x30da3b0079539715:0xc44e534bef5e0d33","Amenities","Toilet","1"
"0x30da3b0079539715:0xc44e534bef5e0d33","Crowd","LGBTQ+ friendly","1"
"0x30da3b0079539715:0xc44e534bef5e0d33","Crowd","Transgender safe space","1"
"0x30da3b0079539715:0xc44e534bef5e0d33","Planning","Appointment required","1"
"0x30da3b0079539715:0xc44e534bef5e0d33","Planning","Appointments recommended","1"
"0x30da3b0079539715:0xc44e534bef5e0d33","Payments","NFC mobile payments","1"
"0x30da3b0079539715:0xc44e534bef5e0d33","Parking","Free multi-storey car park","1"
"0x30da3b0079539715:0xc44e534bef5e0d33","Parking","Free parking lot","1"
"0x30da3b0079539715:0xc44e534bef5e0d33","Parking","On-site parking","1"
"0x30da2503b972eab1:0x65807b841176bb0d","Accessibility","Wheelchair-accessible car park","1"
"0x30da2503b972eab1:0x65807b841176bb0d","Accessibility","Wheelchair-accessible entrance","1"
"0x30da2503b972eab1:0x65807b841176bb0d","Accessibility","Wheelchair-accessible seating","1"
"0x30da2503b972eab1:0x65807b841176bb0d","Accessibility","Wheelchair-accessible toilet","1"
"0x30da2503b972eab1:0x65807b841176bb0d","Service options","On-site services","1"
"0x30da2503b972eab1:0x65807b841176bb0d","Amenities","Toilet","1"
"0x30da2503b972eab1:0x65807b841176bb0d","Planning","Appointments recommended","1"
"0x30da2503b972eab1:0x65807b841176bb0d","Payments","Credit cards","1"
"0x30da2503b972eab1:0x65807b841176bb0d","Payments","Debit cards","1"
"0x30da2503b972eab1:0x65807b841176bb0d","Payments","NFC mobile payments","1"
"0x30da2503b972eab1:0x65807b841176bb0d","Parking","Free parking lot","1"
"0x30da2503b972eab1:0x65807b841176bb0d","Parking","On-site parking","1"
"0x30da257ac120c781:0x70c86c88b7b3efef","Accessibility","Wheelchair-accessible car park","1"
"0x30da257ac120c781:0x70c86c88b7b3efef","Accessibility","Wheelchair-accessible entrance","1"
"0x30da257ac120c781:0x70c86c88b7b3efef","Accessibility","Wheelchair-accessible seating","1"
"0x30da257ac120c781:0x70c86c88b7b3efef","Accessibility","Wheelchair-accessible toilet","1"
"0x30da257ac120c781:0x70c86c88b7b3efef","Amenities","Gender-neutral toilets","1"
"0x30da257ac120c781:0x70c86c88b7b3efef","Amenities","Toilet","1"
"0x30da257ac120c781:0x70c86c88b7b3efef","Planning","Appointments recommended","1"
"0x30da257ac120c781:0x70c86c88b7b3efef","Payments","Credit cards","1"
"0x30da257ac120c781:0x70c86c88b7b3efef","Payments","Debit cards","1"
"0x30da257ac120c781:0x70c86c88b7b3efef","Payments","NFC mobile payments","1"
"0x30da257ac120c781:0x70c86c88b7b3efef","Payments","Credit cards","1"
"0x30da257ac120c781:0x70c86c88b7b3efef","Parking","On-site parking","1"
"0x30da3bde73f09f71:0x99ad5e507e795cf0","Payments","NFC mobile payments","1"
"0x30da3bd667bd2709:0x2105251d2fcaa29c","Accessibility","Wheelchair-accessible car park","1"
"0x30da3bd667bd2709:0x2105251d2fcaa29c","Accessibility","Wheelchair-accessible entrance","1"
"0x30da3bd667bd2709:0x2105251d2fcaa29c","Amenities","Toilet","1"
"0x30da3bad198f2c37:0x6229c429a899557b","Accessibility","Wheelchair-accessible car park","1"
"0x30da3bad198f2c37:0x6229c429a899557b","Accessibility","Wheelchair-accessible seating","1"
"0x30da3bad198f2c37:0x6229c429a899557b","Accessibility","Wheelchair-accessible toilet","1"
"0x30da3bad198f2c37:0x6229c429a899557b","Amenities","Gender-neutral toilets","1"
"0x30da3bad198f2c37:0x6229c429a899557b","Amenities","Toilet","1"
"0x30da3bad198f2c37:0x6229c429a899557b","Crowd","LGBTQ+ friendly","1"
"0x30da3bad198f2c37:0x6229c429a899557b","Crowd","Transgender safe space","1"
"0x30da3bad198f2c37:0x6229c429a899557b","Planning","Appointments recommended","1"
"0x30da3bad198f2c37:0x6229c429a899557b","Payments","Credit cards","1"
"0x30da3bad198f2c37:0x6229c429a899557b","Payments","Debit cards","1"
"0x30da3bad198f2c37:0x6229c429a899557b","Payments","NFC mobile payments","1"
"0x30da3bad198f2c37:0x6229c429a899557b","Payments","Credit cards","1"
"0x30da3b1e647a28d1:0xa860ab4829c19e61","Accessibility","Wheelchair-accessible car park","1"
"0x30da3b1e647a28d1:0xa860ab4829c19e61","Accessibility","Wheelchair-accessible entrance","1"
"0x30da3b1e647a28d1:0xa860ab4829c19e61","Service options","On-site services","1"
"0x30da3b1e647a28d1:0xa860ab4829c19e61","Payments","Credit cards","1"
"0x30da3b1e647a28d1:0xa860ab4829c19e61","Payments","Debit cards","1"
"0x30da3b1e647a28d1:0xa860ab4829c19e61","Parking","Free parking lot","1"
"0x30da3b1e647a28d1:0xa860ab4829c19e61","Parking","On-site parking","1"
"0x30da3161bb426d2f:0xf2123ac95d6083e6","Accessibility","Wheelchair-accessible car park","1"
"0x30da3161bb426d2f:0xf2123ac95d6083e6","Accessibility","Wheelchair-accessible entrance","1"
"0x30da3161bb426d2f:0xf2123ac95d6083e6","Accessibility","Wheelchair-accessible seating","1"
"0x30da3161bb426d2f:0xf2123ac95d6083e6","Accessibility","Wheelchair-accessible toilet","1"
"0x30da3161bb426d2f:0xf2123ac95d6083e6","Accessibility","Assistive hearing loop","1"
"0x30da3161bb426d2f:0xf2123ac95d6083e6","Amenities","Toilet","1"
"0x30da3161bb426d2f:0xf2123ac95d6083e6","Planning","Appointment required","1"
"0x30da3161bb426d2f:0xf2123ac95d6083e6","Payments","NFC mobile payments","1"
"0x30da3018cc5a2ecd:0x673169aa7a77984d","Accessibility","Wheelchair accessible entrance","1"
"0x30da3018cc5a2ecd:0x673169aa7a77984d","Accessibility","Wheelchair accessible parking lot","1"
"0x30da3018cc5a2ecd:0x673169aa7a77984d","Accessibility","Wheelchair accessible restroom","1"
"0x30da3018cc5a2ecd:0x673169aa7a77984d","Service options","Onsite services","1"
"0x30da3018cc5a2ecd:0x673169aa7a77984d","Amenities","Restroom","1"
"0x30da3018cc5a2ecd:0x673169aa7a77984d","Payments","Credit cards","1"
"0x30da3018cc5a2ecd:0x673169aa7a77984d","Payments","Debit cards","1"
"0x30da3018cc5a2ecd:0x673169aa7a77984d","Payments","NFC mobile payments","1"
"0x30da3018cc5a2ecd:0x673169aa7a77984d","Children","Playground","1"
"0x30da3018cc5a2ecd:0x673169aa7a77984d","Parking","Free parking lot","1"
"0x30da3018cc5a2ecd:0x673169aa7a77984d","Parking","Paid parking lot","1"
"0x30da2fe182cd2693:0x751cce2d74873890","Amenities","Toilet","1"
"0x30da2fe182cd2693:0x751cce2d74873890","Planning","Appointments recommended","1"
"0x30da2fe182cd2693:0x751cce2d74873890","Payments","Credit cards","1"
"0x30da2fe182cd2693:0x751cce2d74873890","Payments","Debit cards","1"
"0x30da2fe182cd2693:0x751cce2d74873890","Payments","NFC mobile payments","1"
"0x30da2fe182cd2693:0x751cce2d74873890","Payments","Credit cards","1"
"0x30da2f12a722d88d:0x84b0fc1d94fd95a0","Accessibility","Wheelchair accessible entrance","1"
"0x30da2f12a722d88d:0x84b0fc1d94fd95a0","Accessibility","Wheelchair accessible parking lot","1"
"0x30da2f12a722d88d:0x84b0fc1d94fd95a0","Accessibility","Wheelchair accessible restroom","1"
"0x30da2f12a722d88d:0x84b0fc1d94fd95a0","Service options","Onsite services","1"
"0x30da2f12a722d88d:0x84b0fc1d94fd95a0","Amenities","Restroom","1"
"0x30da2f12a722d88d:0x84b0fc1d94fd95a0","Planning","Appointments recommended","1"
"0x30da2f12a722d88d:0x84b0fc1d94fd95a0","Payments","Credit cards","1"
"0x30da2f12a722d88d:0x84b0fc1d94fd95a0","Payments","Debit cards","1"
"0x30da2f12a722d88d:0x84b0fc1d94fd95a0","Payments","NFC mobile payments","1"
"0x30da2f12a722d88d:0x84b0fc1d94fd95a0","Payments","Credit cards","1"
"0x30da2f12a722d88d:0x84b0fc1d94fd95a0","Parking","Free parking garage","1"
"0x30da2f12a722d88d:0x84b0fc1d94fd95a0","Parking","Free parking lot","1"
"0x30da2f12a722d88d:0x84b0fc1d94fd95a0","Parking","On-site parking","1"
"0x30da250036ec1561:0x14b18ac6d4a7d01b","Accessibility","Wheelchair-accessible car park","1"
"0x30da250036ec1561:0x14b18ac6d4a7d01b","Accessibility","Wheelchair-accessible entrance","1"
"0x30da250036ec1561:0x14b18ac6d4a7d01b","Accessibility","Wheelchair-accessible seating","1"
"0x30da250036ec1561:0x14b18ac6d4a7d01b","Accessibility","Wheelchair-accessible toilet","1"
"0x30da250036ec1561:0x14b18ac6d4a7d01b","Service options","On-site services","1"
"0x30da250036ec1561:0x14b18ac6d4a7d01b","Amenities","Toilet","1"
"0x30da250036ec1561:0x14b18ac6d4a7d01b","Amenities","Wi-Fi","1"
"0x30da250036ec1561:0x14b18ac6d4a7d01b","Amenities","Free Wi-Fi","1"
"0x30da250036ec1561:0x14b18ac6d4a7d01b","Crowd","LGBTQ+ friendly","1"
"0x30da250036ec1561:0x14b18ac6d4a7d01b","Crowd","Transgender safe space","1"
"0x30da250036ec1561:0x14b18ac6d4a7d01b","Planning","Appointment required","1"
"0x30da250036ec1561:0x14b18ac6d4a7d01b","Payments","Credit cards","1"
"0x30da250036ec1561:0x14b18ac6d4a7d01b","Payments","Debit cards","1"
"0x30da250036ec1561:0x14b18ac6d4a7d01b","Payments","Credit cards","1"
"0x30da250036ec1561:0x14b18ac6d4a7d01b","Parking","Free multi-storey car park","1"
"0x30da250036ec1561:0x14b18ac6d4a7d01b","Parking","Free of charge street parking","1"
"0x30da250036ec1561:0x14b18ac6d4a7d01b","Parking","Free parking lot","1"
"0x30da250036ec1561:0x14b18ac6d4a7d01b","Parking","On-site parking","1"
"0x30da254d9a8ac97d:0xbcd5e25562598b6c","Accessibility","Wheelchair accessible restroom","1"
"0x30da254d9a8ac97d:0xbcd5e25562598b6c","Offerings","Sauna","1"
"0x30da254d9a8ac97d:0xbcd5e25562598b6c","Amenities","Restroom","1"
"0x30da254d9a8ac97d:0xbcd5e25562598b6c","Amenities","Restaurant","1"
"0x30da254d9a8ac97d:0xbcd5e25562598b6c","Planning","Appointments recommended","1"
"0x30da254d9a8ac97d:0xbcd5e25562598b6c","Payments","NFC mobile payments","1"
"0x30da252530159ab3:0x60b8961bcbd3e15e","From the business","Identifies as women-owned","1"
"0x30da252530159ab3:0x60b8961bcbd3e15e","Amenities","Toilet","1"
"0x30da252530159ab3:0x60b8961bcbd3e15e","Crowd","LGBTQ+ friendly","1"
"0x30da252530159ab3:0x60b8961bcbd3e15e","Crowd","Transgender safe space","1"
"0x30da252530159ab3:0x60b8961bcbd3e15e","Planning","Appointments recommended","1"
"0x30da252530159ab3:0x60b8961bcbd3e15e","Parking","On-site parking","1"
"0x30da250018529ac3:0x770d31a366af1793","Amenities","Toilet","1"
"0x30da250018529ac3:0x770d31a366af1793","Planning","Appointments recommended","1"
"0x30da250018529ac3:0x770d31a366af1793","Payments","Credit cards","1"
"0x30da250018529ac3:0x770d31a366af1793","Payments","Debit cards","1"
"0x30da250018529ac3:0x770d31a366af1793","Payments","NFC mobile payments","1"
"0x30da3b2aa43dbc95:0xbef33897cc5ce3dd","Accessibility","Wheelchair-accessible entrance","1"
"0x30da3b2aa43dbc95:0xbef33897cc5ce3dd","Amenities","Toilet","1"
"0x30da25053b934fc3:0xe714d397a965b07c","Amenities","Toilet","1"
"0x30da25053b934fc3:0xe714d397a965b07c","Planning","Appointments recommended","1"
"0x30da25053b934fc3:0xe714d397a965b07c","Payments","Credit cards","1"
"0x30da25053b934fc3:0xe714d397a965b07c","Payments","Debit cards","1"
"0x30da25053b934fc3:0xe714d397a965b07c","Payments","NFC mobile payments","1"
"0x30da2573ee6a106f:0x8e57f6a19ae08d0c","Amenities","Toilet","1"
"0x30da2573ee6a106f:0x8e57f6a19ae08d0c","Planning","Appointments recommended","1"
"0x30da2573ee6a106f:0x8e57f6a19ae08d0c","Payments","NFC mobile payments","1"
"0x30da3bd9c6f5c86d:0x9c1f80008b2d156d","Service options","On-site services","1"
"0x30da3bd9c6f5c86d:0x9c1f80008b2d156d","Amenities","Gender-neutral toilets","1"
"0x30da3bd9c6f5c86d:0x9c1f80008b2d156d","Amenities","Toilet","1"
"0x30da3bd9c6f5c86d:0x9c1f80008b2d156d","Planning","Appointments recommended","1"
"0x30da3bd9c6f5c86d:0x9c1f80008b2d156d","Parking","Free parking lot","1"
"0x30da318b24c7e0b3:0x45f3952c01fb0277","Amenities","Toilet","1"
"0x30da318b24c7e0b3:0x45f3952c01fb0277","Planning","Appointment required","1"
"0x30da318b24c7e0b3:0x45f3952c01fb0277","Planning","Appointments recommended","1"
"0x30da318b24c7e0b3:0x45f3952c01fb0277","Payments","Credit cards","1"
"0x30da318b24c7e0b3:0x45f3952c01fb0277","Payments","Debit cards","1"
"0x30da318b24c7e0b3:0x45f3952c01fb0277","Payments","NFC mobile payments","1"
"0x30da318b24c7e0b3:0x45f3952c01fb0277","Parking","On-site parking","1"
"0x30da3175515db86f:0x53b086710cd79675","Accessibility","Wheelchair-accessible car park","1"
"0x30da3175515db86f:0x53b086710cd79675","Accessibility","Wheelchair-accessible entrance","1"
"0x30da3175515db86f:0x53b086710cd79675","Service options","On-site services","1"
"0x30da3175515db86f:0x53b086710cd79675","Amenities","Toilet","1"
"0x30da3175515db86f:0x53b086710cd79675","Planning","Appointment required","1"
"0x30da3175515db86f:0x53b086710cd79675","Parking","On-site parking","1"
"0x30da31fd4d6a5685:0xac2e8c9f275ea00b","Amenities","Toilet","1"
"0x30da31fd4d6a5685:0xac2e8c9f275ea00b","Planning","Appointment required","1"
"0x30da31fd4d6a5685:0xac2e8c9f275ea00b","Planning","Appointments recommended","1"
"0x30da31fd4d6a5685:0xac2e8c9f275ea00b","Payments","NFC mobile payments","1"
"0x30da310fd6c927bb:0x8c8b3575e7ea0d0c","Accessibility","Wheelchair-accessible car park","1"
"0x30da310fd6c927bb:0x8c8b3575e7ea0d0c","Amenities","Toilet","1"
"0x30da255a37cbf58f:0x65360f2f7b17e45","Accessibility","Wheelchair-accessible car park","1"
"0x30da255a37cbf58f:0x65360f2f7b17e45","Accessibility","Wheelchair-accessible entrance","1"
"0x30da255a37cbf58f:0x65360f2f7b17e45","Crowd","Transgender safe space","1"
"0x30da255a37cbf58f:0x65360f2f7b17e45","Planning","Appointment required","1"
"0x30da255a37cbf58f:0x65360f2f7b17e45","Payments","Credit cards","1"
"0x30da255a37cbf58f:0x65360f2f7b17e45","Payments","Debit cards","1"
"0x30da255a37cbf58f:0x65360f2f7b17e45","Payments","NFC mobile payments","1"
"0x30da255a37cbf58f:0x65360f2f7b17e45","Parking","Free parking lot","1"
"0x30da255a37cbf58f:0x65360f2f7b17e45","Parking","On-site parking","1"
"0x30da252d8dd3e85b:0xd39c04083970068a","Accessibility","Wheelchair-accessible car park","1"
"0x30da252d8dd3e85b:0xd39c04083970068a","Accessibility","Wheelchair-accessible entrance","1"
"0x30da252d8dd3e85b:0xd39c04083970068a","Accessibility","Wheelchair-accessible toilet","1"
"0x30da252d8dd3e85b:0xd39c04083970068a","Amenities","Toilet","1"
"0x30da252d8dd3e85b:0xd39c04083970068a","Planning","Appointments recommended","1"
"0x30da252d8dd3e85b:0xd39c04083970068a","Payments","NFC mobile payments","1"
"0x30da30c0ebfaa375:0x5b64ddd9d837c316","Accessibility","Wheelchair-accessible car park","1"
"0x30da30c0ebfaa375:0x5b64ddd9d837c316","Accessibility","Wheelchair-accessible entrance","1"
"0x6ec1dd08bd45e84f:0xa339efd2ddb8dd45","Accessibility","Wheelchair-accessible car park","1"
"0x6ec1dd08bd45e84f:0xa339efd2ddb8dd45","Accessibility","Wheelchair-accessible entrance","1"
"0x6ec1dd08bd45e84f:0xa339efd2ddb8dd45","Amenities","Gender-neutral toilets","1"
"0x6ec1dd08bd45e84f:0xa339efd2ddb8dd45","Amenities","Toilet","1"
"0x6ec1dd08bd45e84f:0xa339efd2ddb8dd45","Planning","Appointments recommended","1"
"0x30da255350938265:0x88f5a72bc204b1a7","Accessibility","Wheelchair-accessible car park","1"
"0x30da255350938265:0x88f5a72bc204b1a7","Accessibility","Wheelchair-accessible entrance","1"
"0x30da255350938265:0x88f5a72bc204b1a7","Accessibility","Wheelchair-accessible toilet","1"
"0x30da255350938265:0x88f5a72bc204b1a7","Amenities","Gender-neutral toilets","1"
"0x30da255350938265:0x88f5a72bc204b1a7","Amenities","Toilet","1"
"0x30da255350938265:0x88f5a72bc204b1a7","Planning","Appointments recommended","1"
"0x30da255350938265:0x88f5a72bc204b1a7","Payments","NFC mobile payments","1"
"0x30da31e94c0d36ef:0xa98468c69f6e10d7","Accessibility","Wheelchair-accessible car park","1"
"0x30da31e94c0d36ef:0xa98468c69f6e10d7","Accessibility","Wheelchair-accessible entrance","1"
"0x30da31e94c0d36ef:0xa98468c69f6e10d7","Payments","Credit cards","1"
"0x30da31e94c0d36ef:0xa98468c69f6e10d7","Payments","Debit cards","1"
"0x30da31e94c0d36ef:0xa98468c69f6e10d7","Payments","NFC mobile payments","1"
"0x30da317891a8fe85:0x400acd03681c2474","Service options","On-site services","1"
"0x30da317891a8fe85:0x400acd03681c2474","Offerings","Cosmetic dentistry","1"
"0x30da317891a8fe85:0x400acd03681c2474","Offerings","Emergency services","1"
"0x30da317891a8fe85:0x400acd03681c2474","Offerings","Pediatric care","1"
"0x30da317891a8fe85:0x400acd03681c2474","Offerings","Sedation dentistry","1"
"0x30da317891a8fe85:0x400acd03681c2474","Amenities","Gender-neutral toilets","1"
"0x30da317891a8fe85:0x400acd03681c2474","Amenities","Toilet","1"
"0x30da317891a8fe85:0x400acd03681c2474","Crowd","LGBTQ+ friendly","1"
"0x30da317891a8fe85:0x400acd03681c2474","Crowd","Transgender safe space","1"
"0x30da317891a8fe85:0x400acd03681c2474","Planning","Appointment required","1"
"0x30da317891a8fe85:0x400acd03681c2474","Planning","Appointments recommended","1"
"0x30da317891a8fe85:0x400acd03681c2474","Payments","Credit cards","1"
"0x30da317891a8fe85:0x400acd03681c2474","Payments","NFC mobile payments","1"
"0x30da317891a8fe85:0x400acd03681c2474","Parking","Free parking lot","1"
"0x30da317891a8fe85:0x400acd03681c2474","Parking","On-site parking","1"
"0x30da259cba369c27:0x43408b66385a58b2","Amenities","Toilet","1"
"0x30da259cba369c27:0x43408b66385a58b2","Planning","Appointments recommended","1"
"0x30da259cba369c27:0x43408b66385a58b2","Payments","NFC mobile payments","1"
"0x30da259cba369c27:0x43408b66385a58b2","Parking","On-site parking","1"
"0x30da2ff240fe4bd7:0x6e789d3d8e68ac12","Service options","On-site services","1"
"0x30da2ff240fe4bd7:0x6e789d3d8e68ac12","Amenities","Toilet","1"
"0x30da2ff240fe4bd7:0x6e789d3d8e68ac12","Planning","Appointments recommended","1"
"0x30da2ff240fe4bd7:0x6e789d3d8e68ac12","Payments","Credit cards","1"
"0x30da2ff240fe4bd7:0x6e789d3d8e68ac12","Payments","Debit cards","1"
"0x30da2ff240fe4bd7:0x6e789d3d8e68ac12","Payments","NFC mobile payments","1"
"0x30da3b3b3bc45bc7:0x6180072fe7b6188d","Amenities","Toilet","1"
"0x30da3b0a362678e1:0x7a928d1e0bdb68b9","Amenities","Toilet","1"
"0x30da3b0a362678e1:0x7a928d1e0bdb68b9","Payments","NFC mobile payments","1"
"0x30da2387cdf2978b:0xbe73eb9754d68c37","Service options","On-site services","1"
"0x30da2387cdf2978b:0xbe73eb9754d68c37","Crowd","Transgender safe space","1"
"0x30da2387cdf2978b:0xbe73eb9754d68c37","Payments","Credit cards","1"
"0x30da2387cdf2978b:0xbe73eb9754d68c37","Payments","Debit cards","1"
"0x30da2387cdf2978b:0xbe73eb9754d68c37","Payments","NFC mobile payments","1"
"0x30da2387cdf2978b:0xbe73eb9754d68c37","Payments","Credit cards","1"
"0x30da2387cdf2978b:0xbe73eb9754d68c37","Parking","Free parking lot","1"
"0x30da2387cdf2978b:0xbe73eb9754d68c37","Parking","On-site parking","1"
"0x30da3d007aa249af:0x924d9a06756a53ef","Amenities","Toilet","1"
"0x30da3d007aa249af:0x924d9a06756a53ef","Parking","Free multi-storey car park","1"
"0x30da3d007aa249af:0x924d9a06756a53ef","Parking","Free parking lot","1"
"0x30da3d007aa249af:0x924d9a06756a53ef","Parking","On-site parking","1"
"0x30da3aa03025c223:0x8043421b3ef2b7fd","Accessibility","Wheelchair-accessible seating","1"
"0x30da3aa03025c223:0x8043421b3ef2b7fd","Accessibility","Wheelchair-accessible toilet","1"
"0x30da3aa03025c223:0x8043421b3ef2b7fd","Service options","On-site services","1"
"0x30da3aa03025c223:0x8043421b3ef2b7fd","Amenities","Gender-neutral toilets","1"
"0x30da3aa03025c223:0x8043421b3ef2b7fd","Crowd","LGBTQ+ friendly","1"
"0x30da3aa03025c223:0x8043421b3ef2b7fd","Crowd","Transgender safe space","1"
"0x30da31cc67233b1d:0xbddb72bd14ec0e32","Accessibility","Wheelchair-accessible car park","1"
"0x30da31cc67233b1d:0xbddb72bd14ec0e32","Accessibility","Wheelchair-accessible entrance","1"
"0x30da3b657ce92647:0xcfe4755f973e4007","Amenities","Toilet","1"
"0x30da3b657ce92647:0xcfe4755f973e4007","Planning","Appointments recommended","1"
"0x30da3b657ce92647:0xcfe4755f973e4007","Payments","NFC mobile payments","1"
"0x30da310929a763e3:0x3cd4cdbfb38dff71","Amenities","Toilet","1"
"0x30da310929a763e3:0x3cd4cdbfb38dff71","Planning","Appointments recommended","1"
"0x30da30fb728315b9:0x8338c39bb7cdd424","Accessibility","Wheelchair-accessible car park","1"
"0x30da30fb728315b9:0x8338c39bb7cdd424","Accessibility","Wheelchair-accessible entrance","1"
"0x30da30fb728315b9:0x8338c39bb7cdd424","Service options","On-site services","1"
"0x30da30fb728315b9:0x8338c39bb7cdd424","Amenities","Toilet","1"
"0x30da30fb728315b9:0x8338c39bb7cdd424","Planning","Appointments recommended","1"
"0x30da3aa27418f391:0x868bb7d7058ee961","Planning","Appointment required","1"
"0x30da2f7e639a0939:0xc35aa417fcb20482","Accessibility","Wheelchair-accessible toilet","1"
"0x30da2f7e639a0939:0xc35aa417fcb20482","Amenities","Toilet","1"
"0x30da2f7e639a0939:0xc35aa417fcb20482","Planning","Appointments recommended","1"
"0x30da2598b002db11:0xaf49191f310ba8f9","Amenities","Toilet","1"
"0x30da2598b002db11:0xaf49191f310ba8f9","Planning","Appointments recommended","1"
"0x30da2598b002db11:0xaf49191f310ba8f9","Parking","Free parking lot","1"
"0x30da3d3b545bab99:0x4f70ff41dee80a77","Accessibility","Wheelchair-accessible car park","1"
"0x30da3d3b545bab99:0x4f70ff41dee80a77","Accessibility","Wheelchair-accessible entrance","1"
"0x30da3d3b545bab99:0x4f70ff41dee80a77","Accessibility","Wheelchair-accessible seating","1"
"0x30da3d3b545bab99:0x4f70ff41dee80a77","Accessibility","Wheelchair-accessible toilet","1"
"0x30da3d3b545bab99:0x4f70ff41dee80a77","Amenities","Gender-neutral toilets","1"
"0x30da3d3b545bab99:0x4f70ff41dee80a77","Crowd","LGBTQ+ friendly","1"
"0x30da3d3b545bab99:0x4f70ff41dee80a77","Crowd","Transgender safe space","1"
"0x30da3d3b545bab99:0x4f70ff41dee80a77","Payments","NFC mobile payments","1"
"0x30da23e4511405e9:0x19be48e05890ffd","Amenities","Toilet","1"
"0x30da23e4511405e9:0x19be48e05890ffd","Planning","Appointments recommended","1"
"0x30da23e4511405e9:0x19be48e05890ffd","Payments","NFC mobile payments","1"
"0x30da3d6a47e9a7eb:0x91338567f996fdd","Amenities","Toilet","1"
"0x30da3d6a47e9a7eb:0x91338567f996fdd","Planning","Appointments recommended","1"
"0x30da3b948177b74d:0xfca1d581e83331f0","Accessibility","Wheelchair-accessible car park","1"
"0x30da3b948177b74d:0xfca1d581e83331f0","Accessibility","Wheelchair-accessible entrance","1"
"0x30da3b948177b74d:0xfca1d581e83331f0","Accessibility","Wheelchair-accessible seating","1"
"0x30da3b948177b74d:0xfca1d581e83331f0","Accessibility","Wheelchair-accessible toilet","1"
"0x30da3b948177b74d:0xfca1d581e83331f0","Amenities","Toilet","1"
"0x30da3b948177b74d:0xfca1d581e83331f0","Crowd","LGBTQ+ friendly","1"
"0x30da3b948177b74d:0xfca1d581e83331f0","Crowd","Transgender safe space","1"
"0x30da3b948177b74d:0xfca1d581e83331f0","Planning","Appointment required","1"
"0x30da3b948177b74d:0xfca1d581e83331f0","Planning","Appointments recommended","1"
"0x30da3b948177b74d:0xfca1d581e83331f0","Payments","NFC mobile payments","1"
"0x30da3b0a999f1337:0x7a53f50851dad176","Accessibility","Wheelchair-accessible car park","1"
"0x30da3b0a999f1337:0x7a53f50851dad176","Accessibility","Wheelchair-accessible entrance","1"
"0x30da3b0a999f1337:0x7a53f50851dad176","Accessibility","Wheelchair-accessible toilet","1"
"0x30da3b0a999f1337:0x7a53f50851dad176","Amenities","Toilet","1"
"0x30da3b0a999f1337:0x7a53f50851dad176","Planning","Appointments recommended","1"
"0x30da2f4456423739:0x2e11e6e6150f6a1d","Amenities","Toilet","1"
"0x30da2f4456423739:0x2e11e6e6150f6a1d","Planning","Appointments recommended","1"
"0x30da2f4456423739:0x2e11e6e6150f6a1d","Payments","NFC mobile payments","1"
"0x30da235e2cf20455:0x5efb323b892498c4","From the business","Identifies as women-owned","1"
"0x30da235e2cf20455:0x5efb323b892498c4","Service options","On-site services","1"
"0x30da235e2cf20455:0x5efb323b892498c4","Amenities","Toilet","1"
"0x30da235e2cf20455:0x5efb323b892498c4","Crowd","Transgender safe space","1"
"0x30da235e2cf20455:0x5efb323b892498c4","Planning","Appointments recommended","1"
"0x30da235e2cf20455:0x5efb323b892498c4","Parking","Free parking lot","1"
"0x30da235e2cf20455:0x5efb323b892498c4","Parking","On-site parking","1"
"0x30da25c29830ebd3:0xe05fac60d689c8f6","Amenities","Toilet","1"
"0x30da2f9dbf6bbc8b:0xae09c76f8e0c07f6","Service options","On-site services","1"
"0x30da2f9dbf6bbc8b:0xae09c76f8e0c07f6","Offerings","Pediatric care","1"
"0x30da2f9dbf6bbc8b:0xae09c76f8e0c07f6","Amenities","Toilet","1"
"0x30da2f9dbf6bbc8b:0xae09c76f8e0c07f6","Planning","Appointment required","1"
"0x30da2f9dbf6bbc8b:0xae09c76f8e0c07f6","Planning","Appointments recommended","1"
"0x30da2f9dbf6bbc8b:0xae09c76f8e0c07f6","Payments","Credit cards","1"
"0x30da2f9dbf6bbc8b:0xae09c76f8e0c07f6","Payments","Debit cards","1"
"0x30da2f9dbf6bbc8b:0xae09c76f8e0c07f6","Payments","NFC mobile payments","1"
"0x30da2f9dbf6bbc8b:0xae09c76f8e0c07f6","Payments","Credit cards","1"
"0x30da2f9dbf6bbc8b:0xae09c76f8e0c07f6","Parking","Free multi-storey car park","1"
"0x30da2f9dbf6bbc8b:0xae09c76f8e0c07f6","Parking","Free parking lot","1"
"0x30da2f9dbf6bbc8b:0xae09c76f8e0c07f6","Parking","On-site parking","1"
"0x30da25b2375d7e57:0x84fe42c79af1e391","Accessibility","Wheelchair-accessible car park","1"
"0x30da25b2375d7e57:0x84fe42c79af1e391","Amenities","Toilet","1"
"0x30da25b2375d7e57:0x84fe42c79af1e391","Planning","Appointments recommended","1"
"0x30da25b2375d7e57:0x84fe42c79af1e391","Payments","Debit cards","1"
"0x30da25b2375d7e57:0x84fe42c79af1e391","Payments","NFC mobile payments","1"
"0x30da253d897be7f5:0x6d40e79c2afc6c37","Accessibility","Wheelchair-accessible car park","1"
"0x30da253d897be7f5:0x6d40e79c2afc6c37","Amenities","Toilet","1"
"0x30da3b086d7f402f:0x56ec3555586ab8b7","Accessibility","Wheelchair-accessible car park","1"
"0x30da3b086d7f402f:0x56ec3555586ab8b7","Accessibility","Wheelchair-accessible entrance","1"
"0x30da3b086d7f402f:0x56ec3555586ab8b7","Accessibility","Wheelchair-accessible toilet","1"
"0x30da3b086d7f402f:0x56ec3555586ab8b7","Amenities","Toilet","1"
"0x30da3b0aa0a8fd97:0xb165e7500eb0439b","Accessibility","Wheelchair-accessible car park","1"
"0x30da3b0aa0a8fd97:0xb165e7500eb0439b","Accessibility","Wheelchair-accessible entrance","1"
"0x30da3b0aa0a8fd97:0xb165e7500eb0439b","Accessibility","Wheelchair-accessible toilet","1"
"0x30da3b0aa0a8fd97:0xb165e7500eb0439b","Offerings","Medication disposal","1"
"0x30da3b0aa0a8fd97:0xb165e7500eb0439b","Amenities","Toilet","1"
"0x30da3b0aa0a8fd97:0xb165e7500eb0439b","Payments","Credit cards","1"
"0x30da3b0aa0a8fd97:0xb165e7500eb0439b","Payments","Debit cards","1"
"0x30da3b0aa0a8fd97:0xb165e7500eb0439b","Payments","NFC mobile payments","1"
"0x30da3b0aa0a8fd97:0xb165e7500eb0439b","Payments","Credit cards","1"
"0x30da2fc1eeb7c43f:0xbb6aae9c06adb362","Accessibility","Wheelchair-accessible seating","1"
"0x30da2fc1eeb7c43f:0xbb6aae9c06adb362","Accessibility","Wheelchair-accessible toilet","1"
"0x30da2fc1eeb7c43f:0xbb6aae9c06adb362","Amenities","Toilet","1"
"0x30da2fc1eeb7c43f:0xbb6aae9c06adb362","Planning","Appointments recommended","1"
"0x30da2fc1eeb7c43f:0xbb6aae9c06adb362","Parking","Free parking lot","1"
"0x30da2fc1eeb7c43f:0xbb6aae9c06adb362","Parking","On-site parking","1"
"0x30da25a71a0b8e2f:0x8a4f8b8e9a8ecc8f","Accessibility","Wheelchair-accessible car park","1"
"0x30da25a71a0b8e2f:0x8a4f8b8e9a8ecc8f","Accessibility","Wheelchair-accessible entrance","1"
"0x30da25463408b1a7:0xe89e2a141442ef0c","Accessibility","Wheelchair-accessible car park","1"
"0x30da25463408b1a7:0xe89e2a141442ef0c","From the business","Identifies as women-owned","1"
"0x30da25463408b1a7:0xe89e2a141442ef0c","Service options","On-site services","1"
"0x30da25463408b1a7:0xe89e2a141442ef0c","Amenities","Toilet","1"
"0x30da25463408b1a7:0xe89e2a141442ef0c","Parking","On-site parking","1"
"0x30da2f88eace9359:0x472b5bc959f96f4","Amenities","Toilet","1"
"0x30da2f88eace9359:0x472b5bc959f96f4","Payments","Credit cards","1"
"0x30da2f88eace9359:0x472b5bc959f96f4","Payments","NFC mobile payments","1"
"0x30da2f88eace9359:0x472b5bc959f96f4","Payments","Credit cards","1"
"0x30da2f88eace9359:0x472b5bc959f96f4","Parking","On-site parking","1"
"0x30da3401c6c50e81:0xc942ffbaec1c8d71","Amenities","Toilet","1"
"0x30da3401c6c50e81:0xc942ffbaec1c8d71","Planning","Appointments recommended","1"
"0x30da3401c6c50e81:0xc942ffbaec1c8d71","Payments","Credit cards","1"
"0x30da3401c6c50e81:0xc942ffbaec1c8d71","Payments","Debit cards","1"
"0x30da3401c6c50e81:0xc942ffbaec1c8d71","Payments","NFC mobile payments","1"
"0x30da318a24bf07f5:0x9c19e883a9c8d4a2","Amenities","Toilet","1"
"0x30da318a24bf07f5:0x9c19e883a9c8d4a2","Planning","Appointments recommended","1"
"0x30da25d8e02603db:0x458cdaf1b7529599","Amenities","Toilet","1"
"0x30da25d8e02603db:0x458cdaf1b7529599","Planning","Appointments recommended","1"
"0x30da314e17122107:0x1ab8548873a345d4","Amenities","Toilet","1"
"0x30da314e17122107:0x1ab8548873a345d4","Planning","Appointments recommended","1"
"0x30da314e17122107:0x1ab8548873a345d4","Payments","NFC mobile payments","1"
"0x30da2f54a1e4f2d1:0x125322a33c51673b","Accessibility","Wheelchair-accessible car park","1"
"0x30da2f54a1e4f2d1:0x125322a33c51673b","Amenities","Toilet","1"
"0x30da2f54a1e4f2d1:0x125322a33c51673b","Planning","Appointment required","1"
"0x30da2f54a1e4f2d1:0x125322a33c51673b","Payments","NFC mobile payments","1"
"0x30da304634610d43:0x58f188f1dfd74579","Accessibility","Wheelchair-accessible car park","1"
"0x30da304634610d43:0x58f188f1dfd74579","Accessibility","Wheelchair-accessible entrance","1"
"0x30da304634610d43:0x58f188f1dfd74579","Accessibility","Wheelchair-accessible seating","1"
"0x30da304634610d43:0x58f188f1dfd74579","Accessibility","Wheelchair-accessible toilet","1"
"0x30da304634610d43:0x58f188f1dfd74579","Service options","On-site services","1"
"0x30da304634610d43:0x58f188f1dfd74579","Parking","Free parking lot","1"
"0x30da304634610d43:0x58f188f1dfd74579","Parking","On-site parking","1"
"0x30da339d4501ed87:0x13316f03a0256274","Accessibility","Wheelchair-accessible car park","1"
"0x30da339d4501ed87:0x13316f03a0256274","Service options","On-site services","1"
"0x30da339d4501ed87:0x13316f03a0256274","Amenities","Gender-neutral toilets","1"
"0x30da339d4501ed87:0x13316f03a0256274","Amenities","Toilet","1"
"0x30da339d4501ed87:0x13316f03a0256274","Crowd","LGBTQ+ friendly","1"
"0x30da339d4501ed87:0x13316f03a0256274","Crowd","Transgender safe space","1"
"0x30da339d4501ed87:0x13316f03a0256274","Planning","Appointment required","1"
"0x30da339d4501ed87:0x13316f03a0256274","Planning","Appointments recommended","1"
"0x30da339d4501ed87:0x13316f03a0256274","Payments","Credit cards","1"
"0x30da339d4501ed87:0x13316f03a0256274","Payments","Debit cards","1"
"0x30da339d4501ed87:0x13316f03a0256274","Payments","NFC mobile payments","1"
"0x30da339d4501ed87:0x13316f03a0256274","Payments","Credit cards","1"
"0x30da357756b993a5:0x88f2240c8d17a4ce","Service options","On-site services","1"
"0x30da357756b993a5:0x88f2240c8d17a4ce","Amenities","Toilet","1"
"0x30da357756b993a5:0x88f2240c8d17a4ce","Parking","Free parking lot","1"
"0x30da357756b993a5:0x88f2240c8d17a4ce","Parking","On-site parking","1"
"0x30da2534e7216121:0xc2879602821079ba","Accessibility","Assistive hearing loop","1"
"0x30da2534e7216121:0xc2879602821079ba","Accessibility","Wheelchair-accessible car park","1"
"0x30da2534e7216121:0xc2879602821079ba","Accessibility","Wheelchair-accessible entrance","1"
"0x30da2534e7216121:0xc2879602821079ba","Accessibility","Wheelchair-accessible seating","1"
"0x30da2534e7216121:0xc2879602821079ba","Accessibility","Wheelchair-accessible toilet","1"
"0x30da2534e7216121:0xc2879602821079ba","From the business","Identifies as women-owned","1"
"0x30da2534e7216121:0xc2879602821079ba","Service options","On-site services","1"
"0x30da2534e7216121:0xc2879602821079ba","Offerings","Beverages","1"
"0x30da2534e7216121:0xc2879602821079ba","Amenities","Gender-neutral toilets","1"
"0x30da2534e7216121:0xc2879602821079ba","Amenities","Toilet","1"
"0x30da2534e7216121:0xc2879602821079ba","Amenities","Free Wi-Fi","1"
"0x30da2534e7216121:0xc2879602821079ba","Crowd","LGBTQ+ friendly","1"
"0x30da2534e7216121:0xc2879602821079ba","Crowd","Transgender safe space","1"
"0x30da2534e7216121:0xc2879602821079ba","Planning","Appointment required","1"
"0x30da2534e7216121:0xc2879602821079ba","Planning","Appointments recommended","1"
"0x30da2534e7216121:0xc2879602821079ba","Planning","Accepts walk-ins","1"
"0x30da2534e7216121:0xc2879602821079ba","Payments","NFC mobile payments","1"
"0x30da2534e7216121:0xc2879602821079ba","Parking","Free multi-storey car park","1"
"0x30da2534e7216121:0xc2879602821079ba","Parking","Free of charge street parking","1"
"0x30da2534e7216121:0xc2879602821079ba","Parking","Free parking lot","1"
"0x30da2534e7216121:0xc2879602821079ba","Parking","On-site parking","1"
"0x30da245cffffffff:0x3bd1403b15c4a6fa","Accessibility","Wheelchair-accessible car park","1"
"0x30da245cffffffff:0x3bd1403b15c4a6fa","Accessibility","Wheelchair-accessible entrance","1"
"0x30da245cffffffff:0x3bd1403b15c4a6fa","Accessibility","Wheelchair-accessible toilet","1"
"0x30da245cffffffff:0x3bd1403b15c4a6fa","Service options","On-site services","1"
"0x30da245cffffffff:0x3bd1403b15c4a6fa","Amenities","Toilet","1"
"0x30da245cffffffff:0x3bd1403b15c4a6fa","Crowd","LGBTQ+ friendly","1"
"0x30da245cffffffff:0x3bd1403b15c4a6fa","Crowd","Transgender safe space","1"
"0x30da245cffffffff:0x3bd1403b15c4a6fa","Planning","Appointment required","1"
"0x30da245cffffffff:0x3bd1403b15c4a6fa","Planning","Appointments recommended","1"
"0x30da245cffffffff:0x3bd1403b15c4a6fa","Payments","Credit cards","1"
"0x30da245cffffffff:0x3bd1403b15c4a6fa","Payments","Debit cards","1"
"0x30da245cffffffff:0x3bd1403b15c4a6fa","Payments","NFC mobile payments","1"
"0x30da245cffffffff:0x3bd1403b15c4a6fa","Payments","Credit cards","1"
"0x30da245cffffffff:0x3bd1403b15c4a6fa","Parking","Free of charge street parking","1"
"0x30da245cffffffff:0x3bd1403b15c4a6fa","Parking","On-site parking","1"
"0x30da350012f8216f:0x885285e2017ec8f7","Amenities","Toilet","1"
"0x30da350012f8216f:0x885285e2017ec8f7","Planning","Appointments recommended","1"
"0x30da350012f8216f:0x885285e2017ec8f7","Payments","NFC mobile payments","1"
"0x30da25e8117f7519:0x66ef961f1fc173d7","Accessibility","Wheelchair-accessible car park","1"
"0x30da25e8117f7519:0x66ef961f1fc173d7","Accessibility","Wheelchair-accessible entrance","1"
"0x30da25e8117f7519:0x66ef961f1fc173d7","Accessibility","Wheelchair-accessible seating","1"
"0x30da25e8117f7519:0x66ef961f1fc173d7","Accessibility","Wheelchair-accessible toilet","1"
"0x30da25e8117f7519:0x66ef961f1fc173d7","From the business","Identifies as women-owned","1"
"0x30da25e8117f7519:0x66ef961f1fc173d7","Service options","On-site services","1"
"0x30da25e8117f7519:0x66ef961f1fc173d7","Amenities","Gender-neutral toilets","1"
"0x30da25e8117f7519:0x66ef961f1fc173d7","Amenities","Toilet","1"
"0x30da25e8117f7519:0x66ef961f1fc173d7","Crowd","LGBTQ+ friendly","1"
"0x30da25e8117f7519:0x66ef961f1fc173d7","Crowd","Transgender safe space","1"
"0x30da25e8117f7519:0x66ef961f1fc173d7","Planning","Appointment required","1"
"0x30da25e8117f7519:0x66ef961f1fc173d7","Planning","Appointments recommended","1"
"0x30da25e8117f7519:0x66ef961f1fc173d7","Children","Nursing room","1"
"0x30da25e8117f7519:0x66ef961f1fc173d7","Parking","Free multi-storey car park","1"
"0x30da25e8117f7519:0x66ef961f1fc173d7","Parking","Free of charge street parking","1"
"0x30da25e8117f7519:0x66ef961f1fc173d7","Parking","Free parking lot","1"
"0x30da25e8117f7519:0x66ef961f1fc173d7","Parking","On-site parking","1"
"0x30da25e8117f7519:0x66ef961f1fc173d7","Parking","Paid street parking","1"
"0x30da3151479af7ff:0x753dc849d40b39d3","Accessibility","Wheelchair-accessible car park","1"
"0x30da3151479af7ff:0x753dc849d40b39d3","Accessibility","Wheelchair-accessible entrance","1"
"0x30da3151479af7ff:0x753dc849d40b39d3","Amenities","Toilet","1"
"0x30da3151479af7ff:0x753dc849d40b39d3","Planning","Appointments recommended","1"
"0x30da3151479af7ff:0x753dc849d40b39d3","Payments","NFC mobile payments","1"
"0x30da3c372779a96b:0x4bf6550025670f12","Accessibility","Wheelchair-accessible entrance","1"
"0x30da3c372779a96b:0x4bf6550025670f12","Accessibility","Wheelchair-accessible seating","1"
"0x30da3c372779a96b:0x4bf6550025670f12","Accessibility","Wheelchair-accessible toilet","1"
"0x30da3c372779a96b:0x4bf6550025670f12","Amenities","Toilet","1"
"0x30da3c372779a96b:0x4bf6550025670f12","Crowd","LGBTQ+ friendly","1"
"0x30da3c372779a96b:0x4bf6550025670f12","Crowd","Transgender safe space","1"
"0x30da3c372779a96b:0x4bf6550025670f12","Planning","Appointment required","1"
"0x30da3c372779a96b:0x4bf6550025670f12","Planning","Appointments recommended","1"
"0x30da3c372779a96b:0x4bf6550025670f12","Children","Nursing room","1"
"0x30da3cc7bb91302b:0x72981b045dc6fc40","Accessibility","Wheelchair-accessible car park","1"
"0x30da3cc7bb91302b:0x72981b045dc6fc40","Accessibility","Wheelchair-accessible entrance","1"
"0x30da2f43e82e830f:0x1ef57a37e63ed1ff","Accessibility","Wheelchair-accessible toilet","1"
"0x30da2f43e82e830f:0x1ef57a37e63ed1ff","Amenities","Toilet","1"
"0x30da2f43e82e830f:0x1ef57a37e63ed1ff","Planning","Appointments recommended","1"
"0xacb7bf244b5f3911:0x6f78e398b5ca6c94","Service options","On-site services","1"
"0xacb7bf244b5f3911:0x6f78e398b5ca6c94","Offerings","Pediatric care","1"
"0xacb7bf244b5f3911:0x6f78e398b5ca6c94","Amenities","Toilet","1"
"0xacb7bf244b5f3911:0x6f78e398b5ca6c94","Crowd","Transgender safe space","1"
"0xacb7bf244b5f3911:0x6f78e398b5ca6c94","Planning","Appointment required","1"
"0xacb7bf244b5f3911:0x6f78e398b5ca6c94","Planning","Appointments recommended","1"
"0xacb7bf244b5f3911:0x6f78e398b5ca6c94","Payments","NFC mobile payments","1"
"0xacb7bf244b5f3911:0x6f78e398b5ca6c94","Parking","Free multi-storey car park","1"
"0xacb7bf244b5f3911:0x6f78e398b5ca6c94","Parking","Free of charge street parking","1"
"0xacb7bf244b5f3911:0x6f78e398b5ca6c94","Parking","Free parking lot","1"
"0x30da2443ddf65099:0x66c3cbae543207a0","Amenities","Toilet","1"
"0x30da2443ddf65099:0x66c3cbae543207a0","Parking","Free parking lot","1"
"0x30da2443ddf65099:0x66c3cbae543207a0","Parking","On-site parking","1"
"0x30da25313ea0e6cd:0xf1f638def43c7f03","Accessibility","Wheelchair-accessible car park","1"
"0x30da25313ea0e6cd:0xf1f638def43c7f03","Accessibility","Wheelchair-accessible entrance","1"
"0x30da25313ea0e6cd:0xf1f638def43c7f03","Amenities","Toilet","1"
"0x30da25313ea0e6cd:0xf1f638def43c7f03","Crowd","LGBTQ+ friendly","1"
"0x30da25313ea0e6cd:0xf1f638def43c7f03","Crowd","Transgender safe space","1"
"0x30da25313ea0e6cd:0xf1f638def43c7f03","Payments","NFC mobile payments","1"
"0x30da25313ea0e6cd:0xf1f638def43c7f03","Children","Nursing room","1"
"0xa93ea7a2f8e66321:0x953d359894d3402d","Service options","On-site services","1"
"0xa93ea7a2f8e66321:0x953d359894d3402d","Amenities","Toilet","1"
"0xa93ea7a2f8e66321:0x953d359894d3402d","Crowd","LGBTQ+ friendly","1"
"0xa93ea7a2f8e66321:0x953d359894d3402d","Crowd","Transgender safe space","1"
"0xa93ea7a2f8e66321:0x953d359894d3402d","Planning","Appointments recommended","1"
"0xa93ea7a2f8e66321:0x953d359894d3402d","Parking","Free of charge street parking","1"
"0xa93ea7a2f8e66321:0x953d359894d3402d","Parking","Free parking lot","1"
"0xa93ea7a2f8e66321:0x953d359894d3402d","Parking","On-site parking","1"
"0x30da3c371e252f45:0xf4f35d338edcd41e","Amenities","Toilet","1"
"0x30da313613230e65:0x251d6f0f30a76285","From the business","Identifies as women-owned","1"
"0x30da313613230e65:0x251d6f0f30a76285","Service options","On-site services","1"
"0x30da313613230e65:0x251d6f0f30a76285","Amenities","Toilet","1"
"0x30da313613230e65:0x251d6f0f30a76285","Crowd","LGBTQ+ friendly","1"
"0x30da313613230e65:0x251d6f0f30a76285","Crowd","Transgender safe space","1"
"0x30da313613230e65:0x251d6f0f30a76285","Planning","Appointment required","1"
"0x30da313613230e65:0x251d6f0f30a76285","Planning","Appointments recommended","1"
"0x30da313613230e65:0x251d6f0f30a76285","Parking","Free multi-storey car park","1"
"0x30da313613230e65:0x251d6f0f30a76285","Parking","Free of charge street parking","1"
"0x30da313613230e65:0x251d6f0f30a76285","Parking","Free parking lot","1"
"0x30da313613230e65:0x251d6f0f30a76285","Parking","On-site parking","1"
"0x30da36c6d44469d7:0xd70ff6b58587819f","Amenities","Toilet","1"
"0x30da36c6d44469d7:0xd70ff6b58587819f","Planning","Appointments recommended","1"
"0x30da3d001d8ee945:0x491ae6836695b0a0","Accessibility","Wheelchair-accessible car park","1"
"0x30da3d001d8ee945:0x491ae6836695b0a0","Accessibility","Wheelchair-accessible entrance","1"
"0x30da3d001d8ee945:0x491ae6836695b0a0","Accessibility","Wheelchair-accessible seating","1"
"0x30da3d001d8ee945:0x491ae6836695b0a0","Accessibility","Wheelchair-accessible toilet","1"
"0x30da3d001d8ee945:0x491ae6836695b0a0","Service options","On-site services","1"
"0x30da3d001d8ee945:0x491ae6836695b0a0","Amenities","Toilet","1"
"0x30da3d001d8ee945:0x491ae6836695b0a0","Crowd","Transgender safe space","1"
"0x30da3d001d8ee945:0x491ae6836695b0a0","Parking","Free of charge street parking","1"
"0x30da3d001d8ee945:0x491ae6836695b0a0","Parking","Free parking lot","1"
"0x30da3d001d8ee945:0x491ae6836695b0a0","Parking","On-site parking","1"
"0x30da2f5bff5ee689:0x8231713f9166e8f8","Accessibility","Wheelchair-accessible car park","1"
"0x30da2f5bff5ee689:0x8231713f9166e8f8","Accessibility","Wheelchair-accessible entrance","1"
"0x30da28c6eefa3657:0x1aba113480779279","Accessibility","Wheelchair-accessible car park","1"
"0x30da28c6eefa3657:0x1aba113480779279","Accessibility","Wheelchair-accessible entrance","1"
"0x30da28c6eefa3657:0x1aba113480779279","Accessibility","Wheelchair-accessible toilet","1"
"0x30da28c6eefa3657:0x1aba113480779279","Amenities","Toilet","1"
"0x30da28c6eefa3657:0x1aba113480779279","Planning","Appointments recommended","1"
"0x30da28c6eefa3657:0x1aba113480779279","Payments","NFC mobile payments","1"
"0x30da2e6fb0e7e5b5:0x1fc909b8c1a41661","Accessibility","Wheelchair-accessible entrance","1"
"0x30da2e6fb0e7e5b5:0x1fc909b8c1a41661","Amenities","Toilet","1"
"0x30da2e6fb0e7e5b5:0x1fc909b8c1a41661","Planning","Appointments recommended","1"
"0x30da25001e3da827:0x2d9c735d07100442","Service options","Online classes","1"
"0x30da25001e3da827:0x2d9c735d07100442","Service options","Outdoor services","1"
"0x30da25001e3da827:0x2d9c735d07100442","Service options","On-site services","1"
"0x30da25001e3da827:0x2d9c735d07100442","Amenities","Toilet","1"
"0x30da25001e3da827:0x2d9c735d07100442","Parking","Free parking lot","1"
"0x30da234bf593d989:0xa95f7ea25f815386","Accessibility","Wheelchair-accessible seating","1"
"0x30da234bf593d989:0xa95f7ea25f815386","Accessibility","Wheelchair-accessible toilet","1"
"0x30da234bf593d989:0xa95f7ea25f815386","Amenities","Gender-neutral toilets","1"
"0x30da234bf593d989:0xa95f7ea25f815386","Amenities","Toilet","1"
"0x30da234bf593d989:0xa95f7ea25f815386","Crowd","LGBTQ+ friendly","1"
"0x30da234bf593d989:0xa95f7ea25f815386","Crowd","Transgender safe space","1"
"0x30da234bf593d989:0xa95f7ea25f815386","Planning","Appointments recommended","1"
"0x30da234bf593d989:0xa95f7ea25f815386","Payments","NFC mobile payments","1"
"0x30da234bf593d989:0xa95f7ea25f815386","Children","Nursing room","1"
"0x30da2353dcfc273f:0x4bf48617d25cbb23","Accessibility","Wheelchair-accessible entrance","1"
"0x30da2353dcfc273f:0x4bf48617d25cbb23","Payments","NFC mobile payments","1"
"0x30da3d99b37c0a67:0x8ab93f03c1485eac","Amenities","Gender-neutral toilets","1"
"0x30da3d99b37c0a67:0x8ab93f03c1485eac","Amenities","Toilet","1"
"0x30da3d99b37c0a67:0x8ab93f03c1485eac","Planning","Appointments recommended","1"
"0x30da3d99b37c0a67:0x8ab93f03c1485eac","Payments","NFC mobile payments","1"
"0x30da33007a202b6f:0x4a0792a5fc0f2380","Accessibility","Wheelchair-accessible car park","1"
"0x30da33007a202b6f:0x4a0792a5fc0f2380","Accessibility","Wheelchair-accessible entrance","1"
"0x30da33007a202b6f:0x4a0792a5fc0f2380","Accessibility","Wheelchair-accessible seating","1"
"0x30da33007a202b6f:0x4a0792a5fc0f2380","Accessibility","Wheelchair-accessible toilet","1"
"0x30da33007a202b6f:0x4a0792a5fc0f2380","Accessibility","Assistive hearing loop","1"
"0x30da33007a202b6f:0x4a0792a5fc0f2380","From the business","Identifies as women-owned","1"
"0x30da33007a202b6f:0x4a0792a5fc0f2380","Service options","On-site services","1"
"0x30da33007a202b6f:0x4a0792a5fc0f2380","Offerings","Cosmetic dentistry","1"
"0x30da33007a202b6f:0x4a0792a5fc0f2380","Offerings","Emergency services","1"
"0x30da33007a202b6f:0x4a0792a5fc0f2380","Offerings","Pediatric care","1"
"0x30da33007a202b6f:0x4a0792a5fc0f2380","Amenities","Toilet","1"
"0x30da33007a202b6f:0x4a0792a5fc0f2380","Crowd","LGBTQ+ friendly","1"
"0x30da33007a202b6f:0x4a0792a5fc0f2380","Crowd","Transgender safe space","1"
"0x30da33007a202b6f:0x4a0792a5fc0f2380","Planning","Appointment required","1"
"0x30da33007a202b6f:0x4a0792a5fc0f2380","Planning","Appointments recommended","1"
"0x30da33007a202b6f:0x4a0792a5fc0f2380","Payments","Credit cards","1"
"0x30da33007a202b6f:0x4a0792a5fc0f2380","Payments","Debit cards","1"
"0x30da33007a202b6f:0x4a0792a5fc0f2380","Payments","NFC mobile payments","1"
"0x30da33007a202b6f:0x4a0792a5fc0f2380","Payments","Payment plans","1"
"0x30da33007a202b6f:0x4a0792a5fc0f2380","Payments","Credit cards","1"
"0x30da33007a202b6f:0x4a0792a5fc0f2380","Children","Nursing room","1"
"0x30da33007a202b6f:0x4a0792a5fc0f2380","Parking","Free multi-storey car park","1"
"0x30da33007a202b6f:0x4a0792a5fc0f2380","Parking","Free parking lot","1"
"0x30da33007a202b6f:0x4a0792a5fc0f2380","Parking","On-site parking","1"
"0x30da3d48e75940b7:0x3baa44341d6d70c9","Amenities","Toilet","1"
"0x30da3d48e75940b7:0x3baa44341d6d70c9","Planning","Appointments recommended","1"
"0x30da3d48e75940b7:0x3baa44341d6d70c9","Payments","NFC mobile payments","1"
"0x30da3726e3ecd9ef:0x432dfc67949ae79f","Accessibility","Wheelchair-accessible car park","1"
"0x30da3726e3ecd9ef:0x432dfc67949ae79f","Accessibility","Wheelchair-accessible entrance","1"
"0x30da3726e3ecd9ef:0x432dfc67949ae79f","Amenities","Toilet","1"
"0x30da37b368af4247:0xa35e3cd70e20a409","Accessibility","Wheelchair-accessible toilet","1"
"0x30da37b368af4247:0xa35e3cd70e20a409","Amenities","Toilet","1"
"0x30da37b368af4247:0xa35e3cd70e20a409","Planning","Appointment required","1"
"0x30da37b368af4247:0xa35e3cd70e20a409","Planning","Appointments recommended","1"
"0x30da3401cf670af1:0x950d2b58eebee166","Amenities","Toilet","1"
"0x30da3401cf670af1:0x950d2b58eebee166","Planning","Appointment required","1"
"0x30da3401cf670af1:0x950d2b58eebee166","Planning","Appointments recommended","1"
"0x30da3401cf670af1:0x950d2b58eebee166","Payments","Debit cards","1"
"0x30da3401cf670af1:0x950d2b58eebee166","Payments","Credit cards","1"
"0x30da358b44f41a4b:0xfd296ee526928adf","Accessibility","Wheelchair-accessible seating","1"
"0x30da358b44f41a4b:0xfd296ee526928adf","Service options","Takeaway","1"
"0x30da358b44f41a4b:0xfd296ee526928adf","Service options","Dine-in","1"
"0x30da358b44f41a4b:0xfd296ee526928adf","Highlights","Great coffee","1"
"0x30da358b44f41a4b:0xfd296ee526928adf","Highlights","Great dessert","1"
"0x30da358b44f41a4b:0xfd296ee526928adf","Highlights","Great tea selection","1"
"0x30da358b44f41a4b:0xfd296ee526928adf","Popular for","Solo dining","1"
"0x30da358b44f41a4b:0xfd296ee526928adf","Popular for","Good for working on laptop","1"
"0x30da358b44f41a4b:0xfd296ee526928adf","Offerings","Coffee","1"
"0x30da358b44f41a4b:0xfd296ee526928adf","Dining options","Dessert","1"
"0x30da358b44f41a4b:0xfd296ee526928adf","Dining options","Table service","1"
"0x30da358b44f41a4b:0xfd296ee526928adf","Amenities","Toilet","1"
"0x30da358b44f41a4b:0xfd296ee526928adf","Atmosphere","Casual","1"
"0x30da358b44f41a4b:0xfd296ee526928adf","Atmosphere","Cosy","1"
"0x30da358b44f41a4b:0xfd296ee526928adf","Atmosphere","Trendy","1"
"0x30da358b44f41a4b:0xfd296ee526928adf","Crowd","Groups","1"
"0x30da358b44f41a4b:0xfd296ee526928adf","Crowd","Tourists","1"
"0x30da358b44f41a4b:0xfd296ee526928adf","Payments","NFC mobile payments","1"
"0x30da358b44f41a4b:0xfd296ee526928adf","Children","Good for kids","1"
"0x30da358b44f41a4b:0xfd296ee526928adf","Parking","Free of charge street parking","1"
"0x30da358b44f41a4b:0xfd296ee526928adf","Parking","Free parking lot","1"
"0x30da358b44f41a4b:0xfd296ee526928adf","Parking","Plenty of parking","1"
"0x30da36aad7a622d7:0x3849caac75267672","Amenities","Toilet","1"
"0x30da36aad7a622d7:0x3849caac75267672","Planning","Appointments recommended","1"
"0x30da3d23554bc3e5:0x5e64184048b66ff3","Accessibility","Wheelchair-accessible car park","1"
"0x30da3d23554bc3e5:0x5e64184048b66ff3","Amenities","Toilet","1"
"0x30da3d23554bc3e5:0x5e64184048b66ff3","Planning","Appointments recommended","1"
"0x30da3d23554bc3e5:0x5e64184048b66ff3","Payments","NFC mobile payments","1"
"0x30da34041ae5815f:0xbd7efd102e9f9bcf","Accessibility","Wheelchair-accessible car park","1"
"0x30da34041ae5815f:0xbd7efd102e9f9bcf","Accessibility","Wheelchair-accessible entrance","1"
"0x30da34041ae5815f:0xbd7efd102e9f9bcf","Payments","Credit cards","1"
"0x30da34041ae5815f:0xbd7efd102e9f9bcf","Payments","Debit cards","1"
"0x30da34041ae5815f:0xbd7efd102e9f9bcf","Payments","NFC mobile payments","1"
"0x30da29c3802bf953:0xde2601917d6e9e8e","Amenities","Toilet","1"
"0x30da29c3802bf953:0xde2601917d6e9e8e","Planning","Appointments recommended","1"
"0x30da29c3802bf953:0xde2601917d6e9e8e","Payments","NFC mobile payments","1"
"0x30da28c2362f3f43:0x658d5bd778bfdeb2","Amenities","Toilet","1"
"0x30da27d3d544dfcd:0x83def25284a24a0","Amenities","Toilet","1"
"0x30da27d3d544dfcd:0x83def25284a24a0","Planning","Appointments recommended","1"
"0x30da2d2ea1ece2a3:0x8e6a4b864e832f1c","Accessibility","Wheelchair-accessible car park","1"
"0x30da2d2ea1ece2a3:0x8e6a4b864e832f1c","Accessibility","Wheelchair-accessible toilet","1"
"0x30da2d2ea1ece2a3:0x8e6a4b864e832f1c","Service options","On-site services","1"
"0x30da2d2ea1ece2a3:0x8e6a4b864e832f1c","Amenities","Toilet","1"
"0x30da2d2ea1ece2a3:0x8e6a4b864e832f1c","Crowd","Transgender safe space","1"
"0x30da2d2ea1ece2a3:0x8e6a4b864e832f1c","Planning","Appointment required","1"
"0x30da2d2ea1ece2a3:0x8e6a4b864e832f1c","Planning","Appointments recommended","1"
"0x30da2d2ea1ece2a3:0x8e6a4b864e832f1c","Planning","Accepts walk-ins","1"
"0x30da2d2ea1ece2a3:0x8e6a4b864e832f1c","Payments","Debit cards","1"
"0x30da2d2ea1ece2a3:0x8e6a4b864e832f1c","Payments","NFC mobile payments","1"
"0x30da2d2ea1ece2a3:0x8e6a4b864e832f1c","Payments","Credit cards","1"
"0x30da2d2ea1ece2a3:0x8e6a4b864e832f1c","Parking","Free parking lot","1"
"0x30da2d2ea1ece2a3:0x8e6a4b864e832f1c","Parking","On-site parking","1"
"0x30da342e8e6773dd:0x3933532854d2810d","Amenities","Toilet","1"
"0x30da342e8e6773dd:0x3933532854d2810d","Planning","Appointment required","1"
"0x30da342e8e6773dd:0x3933532854d2810d","Planning","Appointments recommended","1"
"0x30da28e655f81d15:0xb04177dc927ba08c","Accessibility","Wheelchair-accessible car park","1"
"0x30da28e655f81d15:0xb04177dc927ba08c","Amenities","Toilet","1"
"0x30dbd3bad57eb269:0xdc5aac8e3faf09fc","Accessibility","Wheelchair-accessible seating","1"
"0x30dbd3bad57eb269:0xdc5aac8e3faf09fc","Accessibility","Wheelchair-accessible toilet","1"
"0x30dbd3bad57eb269:0xdc5aac8e3faf09fc","Crowd","LGBTQ+ friendly","1"
"0x30dbd3bad57eb269:0xdc5aac8e3faf09fc","Crowd","Transgender safe space","1"
"0x30dbd3bad57eb269:0xdc5aac8e3faf09fc","Payments","NFC mobile payments","1"
"0x30da33213b1bc5f7:0x561529e0ba379399","Accessibility","Wheelchair-accessible car park","1"
"0x30da33213b1bc5f7:0x561529e0ba379399","Accessibility","Wheelchair-accessible entrance","1"
"0x30da33213b1bc5f7:0x561529e0ba379399","Accessibility","Wheelchair-accessible seating","1"
"0x30da33213b1bc5f7:0x561529e0ba379399","Accessibility","Wheelchair-accessible toilet","1"
"0x30da33213b1bc5f7:0x561529e0ba379399","Service options","On-site services","1"
"0x30da33213b1bc5f7:0x561529e0ba379399","Parking","On-site parking","1"
"0x30dbd30ebf923e8f:0xe58f8b2114e5f6f0","Amenities","Toilet","1"
"0x30dbd30ebf923e8f:0xe58f8b2114e5f6f0","Planning","Appointments recommended","1"
"0x30dbd397af930793:0xb355f5bdd4379d1","Accessibility","Wheelchair-accessible car park","1"
"0x30dbd397af930793:0xb355f5bdd4379d1","Accessibility","Wheelchair-accessible entrance","1"
"0x30dbd397af930793:0xb355f5bdd4379d1","Accessibility","Wheelchair-accessible seating","1"
"0x30dbd397af930793:0xb355f5bdd4379d1","Accessibility","Wheelchair-accessible toilet","1"
"0x30dbd397af930793:0xb355f5bdd4379d1","From the business","Identifies as women-owned","1"
"0x30dbd397af930793:0xb355f5bdd4379d1","Service options","On-site services","1"
"0x30dbd397af930793:0xb355f5bdd4379d1","Offerings","Cosmetic dentistry","1"
"0x30dbd397af930793:0xb355f5bdd4379d1","Offerings","Emergency services","1"
"0x30dbd397af930793:0xb355f5bdd4379d1","Offerings","Pediatric care","1"
"0x30dbd397af930793:0xb355f5bdd4379d1","Amenities","Toilet","1"
"0x30dbd397af930793:0xb355f5bdd4379d1","Crowd","LGBTQ+ friendly","1"
"0x30dbd397af930793:0xb355f5bdd4379d1","Crowd","Transgender safe space","1"
"0x30dbd397af930793:0xb355f5bdd4379d1","Payments","NFC mobile payments","1"
"0x30dbd397af930793:0xb355f5bdd4379d1","Parking","Free of charge street parking","1"
"0x30dbd397af930793:0xb355f5bdd4379d1","Parking","Free parking lot","1"
"0x30dbd397af930793:0xb355f5bdd4379d1","Parking","On-site parking","1"
"0x30da28fa5fe38243:0xf07453587bb9bd3b","Accessibility","Wheelchair-accessible car park","1"
"0x30da28fa5fe38243:0xf07453587bb9bd3b","Accessibility","Wheelchair-accessible entrance","1"
"0x30da28fa5fe38243:0xf07453587bb9bd3b","Accessibility","Wheelchair-accessible toilet","1"
"0x30da28fa5fe38243:0xf07453587bb9bd3b","Amenities","Toilet","1"
"0x30dbcd5aff2cbaaf:0x8c18670958e68859","Accessibility","Wheelchair-accessible car park","1"
"0x30dbcd5aff2cbaaf:0x8c18670958e68859","Accessibility","Wheelchair-accessible entrance","1"
"0x30dbcd5aff2cbaaf:0x8c18670958e68859","Amenities","Toilet","1"
"0x30dbcd5aff2cbaaf:0x8c18670958e68859","Payments","Debit cards","1"
"0x30dbcd5aff2cbaaf:0x8c18670958e68859","Payments","NFC mobile payments","1"
"0x30da3ba3934eefc7:0xb7b9d4a660329c56","Amenities","Toilet","1"
"0x30da3ba3934eefc7:0xb7b9d4a660329c56","Planning","Appointments recommended","1"
"0x30da3ba3934eefc7:0xb7b9d4a660329c56","Payments","NFC mobile payments","1"
"0x30da3a9bb656ad91:0x58c3bca20960da10","Accessibility","Wheelchair-accessible entrance","1"
"0x30da3a9bb656ad91:0x58c3bca20960da10","Accessibility","Wheelchair-accessible toilet","1"
"0x30da3a9bb656ad91:0x58c3bca20960da10","Amenities","Toilet","1"
"0x30da3a9bb656ad91:0x58c3bca20960da10","Planning","Appointments recommended","1"
"0x30da3a9bb656ad91:0x58c3bca20960da10","Parking","On-site parking","1"
"0x30da3a9bc551168d:0x58f0ec7f7b0379fe","Accessibility","Wheelchair-accessible seating","1"
"0x30da3a9bc551168d:0x58f0ec7f7b0379fe","Accessibility","Wheelchair-accessible toilet","1"
"0x30da3a9bc551168d:0x58f0ec7f7b0379fe","Amenities","Toilet","1"
"0x30da3a9bc551168d:0x58f0ec7f7b0379fe","Crowd","LGBTQ+ friendly","1"
"0x30da3a9bc551168d:0x58f0ec7f7b0379fe","Crowd","Transgender safe space","1"
"0x30da3a9bc551168d:0x58f0ec7f7b0379fe","Planning","Appointment required","1"
"0x30da3a9bc551168d:0x58f0ec7f7b0379fe","Planning","Appointments recommended","1"
"0x30da3a9bc551168d:0x58f0ec7f7b0379fe","Payments","Credit cards","1"
"0x30da3a9bc551168d:0x58f0ec7f7b0379fe","Payments","Debit cards","1"
"0x30da3a9bc551168d:0x58f0ec7f7b0379fe","Payments","NFC mobile payments","1"
"0x30da3bfc70f69b6d:0xdf90db93750e04e1","Accessibility","Wheelchair-accessible seating","1"
"0x30da3bfc70f69b6d:0xdf90db93750e04e1","Crowd","LGBTQ+ friendly","1"
"0x30da3bfc70f69b6d:0xdf90db93750e04e1","Crowd","Transgender safe space","1"
"0x30da3bfc70f69b6d:0xdf90db93750e04e1","Parking","Free multi-storey car park","1"
"0x30da3bfc70f69b6d:0xdf90db93750e04e1","Parking","Free parking lot","1"
"0x30da3bfc70f69b6d:0xdf90db93750e04e1","Parking","On-site parking","1"
"0x30da3b6e75b209f3:0x9fc3418e72384fbe","Accessibility","Wheelchair-accessible entrance","1"
"0x30da3b6e75b209f3:0x9fc3418e72384fbe","Accessibility","Wheelchair-accessible seating","1"
"0x30da3b6e75b209f3:0x9fc3418e72384fbe","Service options","On-site services","1"
"0x30da3b6e75b209f3:0x9fc3418e72384fbe","Amenities","Toilet","1"
"0x30da3b6e75b209f3:0x9fc3418e72384fbe","Crowd","Transgender safe space","1"
"0x30da3b6e75b209f3:0x9fc3418e72384fbe","Planning","Appointments recommended","1"
"0x30da3b6e75b209f3:0x9fc3418e72384fbe","Payments","Credit cards","1"
"0x30da3b6e75b209f3:0x9fc3418e72384fbe","Payments","NFC mobile payments","1"
"0x30da3b6e75b209f3:0x9fc3418e72384fbe","Payments","Credit cards","1"
"0x30da3b6e75b209f3:0x9fc3418e72384fbe","Parking","Free of charge street parking","1"
"0x30da3b6e75b209f3:0x9fc3418e72384fbe","Parking","On-site parking","1"
"0x30da3bee9bcff0df:0x23428b2ca496da1","Amenities","Toilet","1"
"0x30da3a938c9106f3:0x58b16917699baff7","Amenities","Toilet","1"
"0x30da3a938c9106f3:0x58b16917699baff7","Planning","Appointments recommended","1"
"0x30da3b7ca584c5bf:0xa980db60259f66a3","Amenities","Toilet","1"
"0x30da3b7ca584c5bf:0xa980db60259f66a3","Planning","Appointments recommended","1"
"0x30da3a92c7d769ab:0xf43b738e24df8f91","Amenities","Toilet","1"
"0x30da3a92c7d769ab:0xf43b738e24df8f91","Planning","Appointments recommended","1"
"0x30da3b146208107d:0x1245338c57cb2f17","Accessibility","Wheelchair-accessible entrance","1"
"0x30da3b146208107d:0x1245338c57cb2f17","Accessibility","Wheelchair-accessible seating","1"
"0x30da3b146208107d:0x1245338c57cb2f17","Amenities","Toilet","1"
"0x30da3b146208107d:0x1245338c57cb2f17","Crowd","Transgender safe space","1"
"0x30da3b146208107d:0x1245338c57cb2f17","Planning","Appointment required","1"
"0x30da3b146208107d:0x1245338c57cb2f17","Planning","Appointments recommended","1"
"0x30da3b146208107d:0x1245338c57cb2f17","Parking","Free multi-storey car park","1"
"0x30da3b146208107d:0x1245338c57cb2f17","Parking","Free of charge street parking","1"
"0x30da3b146208107d:0x1245338c57cb2f17","Parking","Free parking lot","1"
"0x30da3b146208107d:0x1245338c57cb2f17","Parking","On-site parking","1"
"0x30da3b8b73fcbbad:0x84b93c87a7d7a9a8","Amenities","Toilet","1"
"0x30da3b8b73fcbbad:0x84b93c87a7d7a9a8","Crowd","LGBTQ+ friendly","1"
"0x30da3b8b73fcbbad:0x84b93c87a7d7a9a8","Crowd","Transgender safe space","1"
"0x30da3b8b73fcbbad:0x84b93c87a7d7a9a8","Planning","Appointments recommended","1"
"0x30da3b5b829bc033:0x95d01271bfa3185","Service options","On-site services","1"
"0x30da3b5b829bc033:0x95d01271bfa3185","Amenities","Toilet","1"
"0x4d862b4a06e8d11d:0x26802f1e5425b964","Accessibility","Wheelchair-accessible car park","1"
"0x4d862b4a06e8d11d:0x26802f1e5425b964","Accessibility","Wheelchair-accessible entrance","1"
"0x4d862b4a06e8d11d:0x26802f1e5425b964","Accessibility","Wheelchair-accessible seating","1"
"0x4d862b4a06e8d11d:0x26802f1e5425b964","Accessibility","Wheelchair-accessible toilet","1"
"0x4d862b4a06e8d11d:0x26802f1e5425b964","From the business","Identifies as women-owned","1"
"0x4d862b4a06e8d11d:0x26802f1e5425b964","Amenities","Gender-neutral toilets","1"
"0x4d862b4a06e8d11d:0x26802f1e5425b964","Amenities","Toilet","1"
"0x4d862b4a06e8d11d:0x26802f1e5425b964","Crowd","LGBTQ+ friendly","1"
"0x4d862b4a06e8d11d:0x26802f1e5425b964","Crowd","Transgender safe space","1"
"0x4d862b4a06e8d11d:0x26802f1e5425b964","Planning","Appointment required","1"
"0x4d862b4a06e8d11d:0x26802f1e5425b964","Planning","Appointments recommended","1"
"0x4d862b4a06e8d11d:0x26802f1e5425b964","Payments","NFC mobile payments","1"
"0x30da25ca237da3b5:0x769ae1d3865897d2","Amenities","Toilet","1"
"0x30da25ca237da3b5:0x769ae1d3865897d2","Planning","Appointments recommended","1"
"0x30da25ca237da3b5:0x769ae1d3865897d2","Payments","Credit cards","1"
"0x30da25ca237da3b5:0x769ae1d3865897d2","Payments","Debit cards","1"
"0x30da25ca237da3b5:0x769ae1d3865897d2","Payments","NFC mobile payments","1"
"0x30da3a6798ffd4f5:0x68100f0b9ee03df0","Payments","Debit cards","1"
"0x30da3a6798ffd4f5:0x68100f0b9ee03df0","Payments","NFC mobile payments","1"
"0x30da3a6798ffd4f5:0x68100f0b9ee03df0","Payments","Credit cards","1"
"0x30da3b48b33c3685:0xe8c082406838755d","Accessibility","Wheelchair-accessible car park","1"
"0x30da3b48b33c3685:0xe8c082406838755d","Amenities","Toilet","1"
"0x30da3b48b33c3685:0xe8c082406838755d","Planning","Appointments recommended","1"
"0x30da3b48b33c3685:0xe8c082406838755d","Payments","Credit cards","1"
"0x30da3b48b33c3685:0xe8c082406838755d","Payments","Debit cards","1"
"0x30da3b48b33c3685:0xe8c082406838755d","Payments","NFC mobile payments","1"
"0x30da3064b12c6b53:0xfe4213dea0031d94","Accessibility","Wheelchair-accessible car park","1"
"0x30da3064b12c6b53:0xfe4213dea0031d94","Amenities","Toilet","1"
"0x30da3064b12c6b53:0xfe4213dea0031d94","Planning","Appointments recommended","1"
"0x30da3064b12c6b53:0xfe4213dea0031d94","Payments","Credit cards","1"
"0x30da3064b12c6b53:0xfe4213dea0031d94","Payments","Debit cards","1"
"0x30da3064b12c6b53:0xfe4213dea0031d94","Payments","NFC mobile payments","1"
"0x30da3b8be581bdbb:0x2ddfadd93b836cd","Accessibility","Wheelchair-accessible seating","1"
"0x30da3b8be581bdbb:0x2ddfadd93b836cd","Amenities","Gender-neutral toilets","1"
"0x30da3b8be581bdbb:0x2ddfadd93b836cd","Amenities","Toilet","1"
"0x30da3b8be581bdbb:0x2ddfadd93b836cd","Crowd","LGBTQ+ friendly","1"
"0x30da3b8be581bdbb:0x2ddfadd93b836cd","Crowd","Transgender safe space","1"
"0x30da3b8be581bdbb:0x2ddfadd93b836cd","Planning","Appointments recommended","1"
"0x30da3b8be581bdbb:0x2ddfadd93b836cd","Children","Nursing room","1"
"0x30da3be79b074041:0xbf958e9701a260bd","Accessibility","Wheelchair-accessible car park","1"
"0x30da3be79b074041:0xbf958e9701a260bd","Amenities","Toilet","1"
"0x30da3be79b074041:0xbf958e9701a260bd","Planning","Appointments recommended","1"
"0x30da3be79b074041:0xbf958e9701a260bd","Payments","Credit cards","1"
"0x30da3be79b074041:0xbf958e9701a260bd","Payments","Debit cards","1"
"0x30da3be79b074041:0xbf958e9701a260bd","Payments","NFC mobile payments","1"
"0x30da258e01aa7407:0xadbd4eb7003c21a1","Accessibility","Wheelchair-accessible car park","1"
"0x30da258e01aa7407:0xadbd4eb7003c21a1","Amenities","Toilet","1"
"0x30da258e01aa7407:0xadbd4eb7003c21a1","Planning","Appointments recommended","1"
"0x30da258e01aa7407:0xadbd4eb7003c21a1","Payments","Credit cards","1"
"0x30da258e01aa7407:0xadbd4eb7003c21a1","Payments","Debit cards","1"
"0x30da258e01aa7407:0xadbd4eb7003c21a1","Payments","NFC mobile payments","1"
"0x30da25341a0c3cc9:0xdf1a611827657410","Amenities","Toilet","1"
"0x30da25341a0c3cc9:0xdf1a611827657410","Payments","NFC mobile payments","1"
"0x30da3ba1f0c158b3:0x1c4fe79d23b20b39","Service options","On-site services","1"
"0x30da3ba1f0c158b3:0x1c4fe79d23b20b39","Amenities","Toilet","1"
"0x30da3ba1f0c158b3:0x1c4fe79d23b20b39","Planning","Appointments recommended","1"
"0x30da3ba1f0c158b3:0x1c4fe79d23b20b39","Payments","Credit cards","1"
"0x30da3ba1f0c158b3:0x1c4fe79d23b20b39","Payments","Debit cards","1"
"0x30da3ba1f0c158b3:0x1c4fe79d23b20b39","Payments","NFC mobile payments","1"
"0x30da315d556d1003:0x7431e955135807f2","Amenities","Toilet","1"
"0x30da315d556d1003:0x7431e955135807f2","Planning","Appointments recommended","1"
"0x30da212defead75d:0x8c0643058aee17f1","Accessibility","Wheelchair-accessible car park","1"
"0x30da212defead75d:0x8c0643058aee17f1","Accessibility","Wheelchair-accessible entrance","1"
"0x30da212defead75d:0x8c0643058aee17f1","Amenities","Toilet","1"
"0x30da31145468ff27:0xe6013c7144a7cfd5","Accessibility","Wheelchair-accessible car park","1"
"0x30da31145468ff27:0xe6013c7144a7cfd5","Amenities","Toilet","1"
"0x30da31145468ff27:0xe6013c7144a7cfd5","Crowd","Transgender safe space","1"
"0x30da31145468ff27:0xe6013c7144a7cfd5","Planning","Appointments recommended","1"
"0x30da31145468ff27:0xe6013c7144a7cfd5","Payments","Credit cards","1"
"0x30da31145468ff27:0xe6013c7144a7cfd5","Payments","Debit cards","1"
"0x30da31145468ff27:0xe6013c7144a7cfd5","Payments","NFC mobile payments","1"
"0x30da29df19d4d3e1:0x8181805125969910","Accessibility","Wheelchair-accessible car park","1"
"0x30da29df19d4d3e1:0x8181805125969910","Amenities","Toilet","1"
"0x30da29df19d4d3e1:0x8181805125969910","Parking","Free parking lot","1"
"0x30da29df19d4d3e1:0x8181805125969910","Parking","On-site parking","1"
"0x30da31dcbfd78a75:0xb3662c613b3c4ddb","Accessibility","Wheelchair-accessible car park","1"
"0x30da31dcbfd78a75:0xb3662c613b3c4ddb","Amenities","Toilet","1"
"0x30da31dcbfd78a75:0xb3662c613b3c4ddb","Planning","Appointments recommended","1"
"0x30da212d15dd6b01:0xd2f8dd12fc0c22d","Accessibility","Wheelchair-accessible entrance","1"
"0x30da212d15dd6b01:0xd2f8dd12fc0c22d","Amenities","Toilet","1"
"0x30da212d15dd6b01:0xd2f8dd12fc0c22d","Planning","Appointments recommended","1"
"0x30dbcd1f131e75b7:0x8ff1360a651a0784","Amenities","Toilet","1"
"0x30dbcd1f131e75b7:0x8ff1360a651a0784","Payments","NFC mobile payments","1"
"0x30dbd3cb4f62ea93:0x70d12987e2f7f7aa","Accessibility","Wheelchair-accessible car park","1"
"0x30dbd3cb4f62ea93:0x70d12987e2f7f7aa","Accessibility","Wheelchair-accessible entrance","1"
"0x30dbd3cb4f62ea93:0x70d12987e2f7f7aa","Offerings","Cosmetic dentistry","1"
"0x30dbd3cb4f62ea93:0x70d12987e2f7f7aa","Offerings","Emergency services","1"
"0x30dbd3cb4f62ea93:0x70d12987e2f7f7aa","Offerings","Pediatric care","1"
"0x30dbd3cb4f62ea93:0x70d12987e2f7f7aa","Amenities","Toilet","1"
"0x30dbd3cb4f62ea93:0x70d12987e2f7f7aa","Crowd","LGBTQ+ friendly","1"
"0x30dbd3cb4f62ea93:0x70d12987e2f7f7aa","Parking","Free parking lot","1"
"0x30da3c36ddcdb6d1:0xea993fc87a5c4b51","Service options","Delivery","1"
"0x30da3c36ddcdb6d1:0xea993fc87a5c4b51","Service options","In-store shopping","1"
"0x30da3c36ddcdb6d1:0xea993fc87a5c4b51","Service options","On-site services","1"
"0x30da3c36ddcdb6d1:0xea993fc87a5c4b51","Amenities","Toilet","1"
"0x30da3c36ddcdb6d1:0xea993fc87a5c4b51","Amenities","Wi-Fi","1"
"0x30da3c36ddcdb6d1:0xea993fc87a5c4b51","Amenities","Free Wi-Fi","1"
"0x30da3c36ddcdb6d1:0xea993fc87a5c4b51","Payments","Credit cards","1"
"0x30da3c36ddcdb6d1:0xea993fc87a5c4b51","Payments","Debit cards","1"
"0x30da3c36ddcdb6d1:0xea993fc87a5c4b51","Payments","NFC mobile payments","1"
"0x30da3c36ddcdb6d1:0xea993fc87a5c4b51","Payments","Credit cards","1"
"0x30da3c36ddcdb6d1:0xea993fc87a5c4b51","Parking","Free of charge street parking","1"
"0x30da3c36ddcdb6d1:0xea993fc87a5c4b51","Parking","Free parking lot","1"
"0x30da31e9cfa65085:0x11b0baeeb7b877d9","Amenities","Toilet","1"
"0x30da31e9cfa65085:0x11b0baeeb7b877d9","Planning","Appointments recommended","1"
"0x30da31e9cfa65085:0x11b0baeeb7b877d9","Payments","NFC mobile payments","1"
"0x30da313ac6d853ab:0x48189b9b9b07e590","Accessibility","Wheelchair-accessible car park","1"
"0x30da313ac6d853ab:0x48189b9b9b07e590","Accessibility","Wheelchair-accessible entrance","1"
"0x30da3a997bb1666d:0x7bf66ef411a555c9","Amenities","Toilet","1"
"0x30da3b1b747ad1fd:0x4b96be8529959a0f","Accessibility","Wheelchair-accessible car park","1"
"0x30da3b1b747ad1fd:0x4b96be8529959a0f","Accessibility","Wheelchair-accessible entrance","1"
"0x30da3b1b747ad1fd:0x4b96be8529959a0f","Accessibility","Wheelchair-accessible toilet","1"
"0x30da3b1b747ad1fd:0x4b96be8529959a0f","Amenities","Gender-neutral toilets","1"
"0x30da3b1b747ad1fd:0x4b96be8529959a0f","Amenities","Toilet","1"
"0x30da3b1b747ad1fd:0x4b96be8529959a0f","Crowd","LGBTQ+ friendly","1"
"0x30da3b1b747ad1fd:0x4b96be8529959a0f","Crowd","Transgender safe space","1"
"0x30da3b1b747ad1fd:0x4b96be8529959a0f","Planning","Appointments recommended","1"
"0x30da3b1b747ad1fd:0x4b96be8529959a0f","Payments","Credit cards","1"
"0x30da3b1b747ad1fd:0x4b96be8529959a0f","Payments","Debit cards","1"
"0x30da3b1b747ad1fd:0x4b96be8529959a0f","Payments","NFC mobile payments","1"
"0x30da3b1b747ad1fd:0x4b96be8529959a0f","Parking","Free parking lot","1"
"0x30da3b1b747ad1fd:0x4b96be8529959a0f","Parking","On-site parking","1"
"0x30da3a857b7417af:0x4a156d18ef0d595d","Accessibility","Wheelchair-accessible car park","1"
"0x30da3a857b7417af:0x4a156d18ef0d595d","Accessibility","Wheelchair-accessible entrance","1"
"0x30da3a857b7417af:0x4a156d18ef0d595d","Payments","Credit cards","1"
"0x30da3a857b7417af:0x4a156d18ef0d595d","Payments","Debit cards","1"
"0x30da3a857b7417af:0x4a156d18ef0d595d","Payments","NFC mobile payments","1"
"0x30da3b00326ecb1d:0xd209b8f8be3b04b8","Amenities","Toilet","1"
"0x30da3b7201a31ab9:0x5a1fb891f45453c5","Accessibility","Wheelchair-accessible car park","1"
"0x30da3b7201a31ab9:0x5a1fb891f45453c5","Accessibility","Wheelchair-accessible entrance","1"
"0x30da3b7201a31ab9:0x5a1fb891f45453c5","Accessibility","Wheelchair-accessible seating","1"
"0x30da3b7201a31ab9:0x5a1fb891f45453c5","Amenities","Toilet","1"
"0x30da3b7201a31ab9:0x5a1fb891f45453c5","Planning","Appointments recommended","1"
"0x30da3b7201a31ab9:0x5a1fb891f45453c5","Payments","Credit cards","1"
"0x30da3b7201a31ab9:0x5a1fb891f45453c5","Payments","Debit cards","1"
"0x30da3b7201a31ab9:0x5a1fb891f45453c5","Payments","NFC mobile payments","1"
"0x30da3b7201a31ab9:0x5a1fb891f45453c5","Payments","Credit cards","1"
"0x30da3b1add1138c9:0xfb837bb29f41be10","Service options","Outdoor services","1"
"0x30da3b1add1138c9:0xfb837bb29f41be10","Service options","On-site services","1"
"0x30da3b1add1138c9:0xfb837bb29f41be10","Amenities","Gender-neutral toilets","1"
"0x30da3b1add1138c9:0xfb837bb29f41be10","Amenities","Toilet","1"
"0x30da3b1add1138c9:0xfb837bb29f41be10","Crowd","LGBTQ+ friendly","1"
"0x30da3b1add1138c9:0xfb837bb29f41be10","Crowd","Transgender safe space","1"
"0x30da3b1add1138c9:0xfb837bb29f41be10","Planning","Appointments recommended","1"
"0x30da3b1add1138c9:0xfb837bb29f41be10","Payments","Credit cards","1"
"0x30da3b1add1138c9:0xfb837bb29f41be10","Children","Good for kids","1"
"0x30da3abd69eada57:0xfc6f6bbeb9b63237","Service options","On-site services","1"
"0x30da3abd69eada57:0xfc6f6bbeb9b63237","Planning","Appointment required","1"
"0x30da3188cf8135c7:0xd7d508469f1386b1","Amenities","Toilet","1"
"0x30da3188cf8135c7:0xd7d508469f1386b1","Planning","Appointments recommended","1"
"0x30da3188cf8135c7:0xd7d508469f1386b1","Payments","Credit cards","1"
"0x30da3188cf8135c7:0xd7d508469f1386b1","Payments","Debit cards","1"
"0x30da3188cf8135c7:0xd7d508469f1386b1","Payments","NFC mobile payments","1"
"0x30da3188cf8135c7:0xd7d508469f1386b1","Payments","Credit cards","1"
"0x30da3ab03d066e99:0x7a015f702ee4a84b","Accessibility","Wheelchair-accessible toilet","1"
"0x30da3ab03d066e99:0x7a015f702ee4a84b","Amenities","Toilet","1"
"0x30da3ab03d066e99:0x7a015f702ee4a84b","Planning","Appointments recommended","1"
"0x30da256807e19829:0x2d0f6c1fabc71e4f","Accessibility","Wheelchair-accessible car park","1"
"0x30da256807e19829:0x2d0f6c1fabc71e4f","Accessibility","Wheelchair-accessible entrance","1"
"0x30da256807e19829:0x2d0f6c1fabc71e4f","Accessibility","Wheelchair-accessible seating","1"
"0x30da256807e19829:0x2d0f6c1fabc71e4f","Accessibility","Wheelchair-accessible toilet","1"
"0x30da256807e19829:0x2d0f6c1fabc71e4f","Accessibility","Assistive hearing loop","1"
"0x30da256807e19829:0x2d0f6c1fabc71e4f","From the business","Identifies as women-owned","1"
"0x30da256807e19829:0x2d0f6c1fabc71e4f","Service options","On-site services","1"
"0x30da256807e19829:0x2d0f6c1fabc71e4f","Crowd","LGBTQ+ friendly","1"
"0x30da256807e19829:0x2d0f6c1fabc71e4f","Crowd","Transgender safe space","1"
"0x30da256807e19829:0x2d0f6c1fabc71e4f","Payments","Credit cards","1"
"0x30da256807e19829:0x2d0f6c1fabc71e4f","Payments","Debit cards","1"
"0x30da256807e19829:0x2d0f6c1fabc71e4f","Payments","Credit cards","1"
"0x30da256807e19829:0x2d0f6c1fabc71e4f","Parking","Free of charge street parking","1"
"0x30da256807e19829:0x2d0f6c1fabc71e4f","Parking","Free parking lot","1"
"0x30da256807e19829:0x2d0f6c1fabc71e4f","Parking","On-site parking","1"
"0x30da31671c65a9d1:0x9c6a7c171f3634e7","Accessibility","Wheelchair-accessible car park","1"
"0x30da31671c65a9d1:0x9c6a7c171f3634e7","Accessibility","Wheelchair-accessible entrance","1"
"0x30da31671c65a9d1:0x9c6a7c171f3634e7","Accessibility","Wheelchair-accessible seating","1"
"0x30da31671c65a9d1:0x9c6a7c171f3634e7","Accessibility","Wheelchair-accessible toilet","1"
"0x30da31671c65a9d1:0x9c6a7c171f3634e7","Service options","On-site services","1"
"0x30da31671c65a9d1:0x9c6a7c171f3634e7","Amenities","Toilet","1"
"0x30da31671c65a9d1:0x9c6a7c171f3634e7","Crowd","LGBTQ+ friendly","1"
"0x30da31671c65a9d1:0x9c6a7c171f3634e7","Crowd","Transgender safe space","1"
"0x30da31671c65a9d1:0x9c6a7c171f3634e7","Planning","Appointments recommended","1"
"0x30da31671c65a9d1:0x9c6a7c171f3634e7","Payments","NFC mobile payments","1"
"0x30da253b2f1e9797:0x2ae718c2c433a69b","Accessibility","Wheelchair-accessible car park","1"
"0x30da253b2f1e9797:0x2ae718c2c433a69b","Accessibility","Wheelchair-accessible entrance","1"
"0x30da253b2f1e9797:0x2ae718c2c433a69b","Accessibility","Wheelchair-accessible seating","1"
"0x30da253b2f1e9797:0x2ae718c2c433a69b","Accessibility","Wheelchair-accessible toilet","1"
"0x30da253b2f1e9797:0x2ae718c2c433a69b","Amenities","Toilet","1"
"0x30da253b2f1e9797:0x2ae718c2c433a69b","Crowd","LGBTQ+ friendly","1"
"0x30da253b2f1e9797:0x2ae718c2c433a69b","Crowd","Transgender safe space","1"
"0x30da253b2f1e9797:0x2ae718c2c433a69b","Planning","Appointment required","1"
"0x30da253b2f1e9797:0x2ae718c2c433a69b","Planning","Appointments recommended","1"
"0x30da253b2f1e9797:0x2ae718c2c433a69b","Payments","Credit cards","1"
"0x30da253b2f1e9797:0x2ae718c2c433a69b","Payments","Debit cards","1"
"0x30da253b2f1e9797:0x2ae718c2c433a69b","Payments","NFC mobile payments","1"
"0x30da3b39041f9ad3:0xc44e82ece9dbe0b1","Amenities","Toilet","1"
"0x30da3b39041f9ad3:0xc44e82ece9dbe0b1","Planning","Appointments recommended","1"
"0x30da3b39041f9ad3:0xc44e82ece9dbe0b1","Payments","Credit cards","1"
"0x30da3b39041f9ad3:0xc44e82ece9dbe0b1","Payments","Debit cards","1"
"0x30da3b39041f9ad3:0xc44e82ece9dbe0b1","Payments","NFC mobile payments","1"
"0x30da3b39041f9ad3:0xc44e82ece9dbe0b1","Parking","Free parking lot","1"
"0x30da3b39041f9ad3:0xc44e82ece9dbe0b1","Parking","On-site parking","1"
"0x30da3a62732e16bd:0x8271f5cfccb7a48f","Accessibility","Wheelchair-accessible car park","1"
"0x30da3a62732e16bd:0x8271f5cfccb7a48f","Accessibility","Wheelchair-accessible entrance","1"
"0x30da3a62732e16bd:0x8271f5cfccb7a48f","Accessibility","Wheelchair-accessible toilet","1"
"0x30da3a62732e16bd:0x8271f5cfccb7a48f","Amenities","Toilet","1"
"0x30da3a62732e16bd:0x8271f5cfccb7a48f","Planning","Appointment required","1"
"0x30da3a62732e16bd:0x8271f5cfccb7a48f","Planning","Appointments recommended","1"
"0x30da3a62732e16bd:0x8271f5cfccb7a48f","Payments","Credit cards","1"
"0x30da3a62732e16bd:0x8271f5cfccb7a48f","Payments","Debit cards","1"
"0x30da3a62732e16bd:0x8271f5cfccb7a48f","Payments","NFC mobile payments","1"
"0x30da3a62732e16bd:0x8271f5cfccb7a48f","Parking","Free parking lot","1"
"0x30da3a62732e16bd:0x8271f5cfccb7a48f","Parking","On-site parking","1"
"0x30da3b26d867491b:0x6a8c125753513e76","Amenities","Gender-neutral toilets","1"
"0x30da3b26d867491b:0x6a8c125753513e76","Amenities","Toilet","1"
"0x30da3b26d867491b:0x6a8c125753513e76","Amenities","Free Wi-Fi","1"
"0x30da3bd6784e5df9:0xa616ca7dedac3843","Amenities","Toilet","1"
"0x30da3bd6784e5df9:0xa616ca7dedac3843","Planning","Appointments recommended","1"
"0x30da3bd6784e5df9:0xa616ca7dedac3843","Payments","NFC mobile payments","1"
"0x30da3a7dbfff4c0b:0x1a25adac9b585195","Amenities","Toilet","1"
"0x30da3a7dbfff4c0b:0x1a25adac9b585195","Planning","Appointments recommended","1"
"0x30da3b81f95739c1:0xd4d29bea02a61430","Amenities","Toilet","1"
"0x30da3b81f95739c1:0xd4d29bea02a61430","Planning","Appointments recommended","1"
"0x30da3b81f95739c1:0xd4d29bea02a61430","Payments","NFC mobile payments","1"
"0x30da3b8f5f8b55eb:0xd9328cf3e85b6a0d","Service options","On-site services","1"
"0x30da3b8f5f8b55eb:0xd9328cf3e85b6a0d","Offerings","Cosmetic dentistry","1"
"0x30da3b8f5f8b55eb:0xd9328cf3e85b6a0d","Offerings","Emergency services","1"
"0x30da3b8f5f8b55eb:0xd9328cf3e85b6a0d","Offerings","Pediatric care","1"
"0x30da3b8f5f8b55eb:0xd9328cf3e85b6a0d","Amenities","Gender-neutral toilets","1"
"0x30da3b8f5f8b55eb:0xd9328cf3e85b6a0d","Amenities","Toilet","1"
"0x30da3b8f5f8b55eb:0xd9328cf3e85b6a0d","Planning","Appointments recommended","1"
"0x30da3b8f5f8b55eb:0xd9328cf3e85b6a0d","Payments","Credit cards","1"
"0x30da3b8f5f8b55eb:0xd9328cf3e85b6a0d","Payments","NFC mobile payments","1"
"0x30da3b8f5f8b55eb:0xd9328cf3e85b6a0d","Parking","Free of charge street parking","1"
"0x30da3b8f5f8b55eb:0xd9328cf3e85b6a0d","Parking","On-site parking","1"
"0x30da3b8f5f8b55eb:0xd9328cf3e85b6a0d","Parking","Paid multi-storey car park","1"
"0x30da3197c8afd491:0x9c611cba51993ca0","Amenities","Toilet","1"
"0x30da31005a087b47:0x134f045740616041","Accessibility","Assistive hearing loop","1"
"0x30da31005a087b47:0x134f045740616041","Accessibility","Wheelchair-accessible seating","1"
"0x30da31005a087b47:0x134f045740616041","Accessibility","Wheelchair-accessible toilet","1"
"0x30da31005a087b47:0x134f045740616041","Service options","On-site services","1"
"0x30da31005a087b47:0x134f045740616041","Amenities","Gender-neutral toilets","1"
"0x30da31005a087b47:0x134f045740616041","Amenities","Toilet","1"
"0x30da31005a087b47:0x134f045740616041","Crowd","LGBTQ+ friendly","1"
"0x30da31005a087b47:0x134f045740616041","Crowd","Transgender safe space","1"
"0x30da31005a087b47:0x134f045740616041","Planning","Appointments recommended","1"
"0x30da31005a087b47:0x134f045740616041","Parking","Free of charge street parking","1"
"0x30da31005a087b47:0x134f045740616041","Parking","Free parking lot","1"
"0x30da31005a087b47:0x134f045740616041","Parking","On-site parking","1"
"0x30da31005a087b47:0x134f045740616041","Parking","Paid parking lot","1"
"0x30da31005a087b47:0x134f045740616041","Parking","Paid street parking","1"
"0x30da31183632808d:0xd8cbad4c283e0124","Payments","Credit cards","1"
"0x30da31183632808d:0xd8cbad4c283e0124","Payments","Debit cards","1"
"0x30da31183632808d:0xd8cbad4c283e0124","Payments","NFC mobile payments","1"
"0x30da3b9f7968c291:0x9e91c6cd43542b8c","Amenities","Toilet","1"
"0x30da25c5b2dc6fcd:0x2383d7e06132f424","Accessibility","Wheelchair-accessible car park","1"
"0x30da25c5b2dc6fcd:0x2383d7e06132f424","Accessibility","Wheelchair-accessible entrance","1"
"0x30da25c5b2dc6fcd:0x2383d7e06132f424","Service options","On-site services","1"
"0x30da25c5b2dc6fcd:0x2383d7e06132f424","Amenities","Gender-neutral toilets","1"
"0x30da25c5b2dc6fcd:0x2383d7e06132f424","Amenities","Toilet","1"
"0x30da25c5b2dc6fcd:0x2383d7e06132f424","Crowd","LGBTQ+ friendly","1"
"0x30da25c5b2dc6fcd:0x2383d7e06132f424","Crowd","Transgender safe space","1"
"0x30da25c5b2dc6fcd:0x2383d7e06132f424","Payments","Credit cards","1"
"0x30da25c5b2dc6fcd:0x2383d7e06132f424","Payments","Debit cards","1"
"0x30da25c5b2dc6fcd:0x2383d7e06132f424","Children","Nursing room","1"
"0x30da25c5b2dc6fcd:0x2383d7e06132f424","Parking","Free parking lot","1"
"0x30da25c5b2dc6fcd:0x2383d7e06132f424","Parking","On-site parking","1"
"0x30da3b85d4b9686d:0x2767b2c7db49d1bb","Accessibility","Wheelchair-accessible seating","1"
"0x30da3b85d4b9686d:0x2767b2c7db49d1bb","Accessibility","Wheelchair-accessible toilet","1"
"0x30da3b85d4b9686d:0x2767b2c7db49d1bb","Amenities","Gender-neutral toilets","1"
"0x30da3b85d4b9686d:0x2767b2c7db49d1bb","Amenities","Toilet","1"
"0x30da3b85d4b9686d:0x2767b2c7db49d1bb","Crowd","LGBTQ+ friendly","1"
"0x30da3b85d4b9686d:0x2767b2c7db49d1bb","Crowd","Transgender safe space","1"
"0x30da3b85d4b9686d:0x2767b2c7db49d1bb","Planning","Appointment required","1"
"0x30da3ab5a9f3527d:0x52d78858feddea5b","Amenities","Toilet","1"
"0x30da3ab5a9f3527d:0x52d78858feddea5b","Payments","Debit cards","1"
"0x30da3ab5a9f3527d:0x52d78858feddea5b","Payments","Credit cards","1"
"0x30da25b7d0df1b91:0x69fffe7c833f98c2","Amenities","Toilet","1"
"0x30da3ab4c4be9065:0x5c2281356345f2c8","Accessibility","Wheelchair-accessible seating","1"
"0x30da3ab4c4be9065:0x5c2281356345f2c8","Accessibility","Wheelchair-accessible toilet","1"
"0x30da3ab4c4be9065:0x5c2281356345f2c8","Amenities","Toilet","1"
"0x30da3ab4c4be9065:0x5c2281356345f2c8","Crowd","LGBTQ+ friendly","1"
"0x30da3ab4c4be9065:0x5c2281356345f2c8","Crowd","Transgender safe space","1"
"0x30da3ab4c4be9065:0x5c2281356345f2c8","Planning","Appointment required","1"
"0x30da3ab4c4be9065:0x5c2281356345f2c8","Planning","Appointments recommended","1"
"0x30da3ab4c4be9065:0x5c2281356345f2c8","Payments","Credit cards","1"
"0x30da3ab4c4be9065:0x5c2281356345f2c8","Payments","Debit cards","1"
"0x30da3ab4c4be9065:0x5c2281356345f2c8","Payments","NFC mobile payments","1"
"0x30da3b05fa98fe81:0x1a4a8d59370e2b07","Amenities","Toilet","1"
"0x30da3bf6da77abf1:0xfc9aca772aa4b4a3","Accessibility","Wheelchair-accessible seating","1"
"0x30da3bf6da77abf1:0xfc9aca772aa4b4a3","Accessibility","Wheelchair-accessible toilet","1"
"0x30da3bf6da77abf1:0xfc9aca772aa4b4a3","Amenities","Gender-neutral toilets","1"
"0x30da3bf6da77abf1:0xfc9aca772aa4b4a3","Crowd","LGBTQ+ friendly","1"
"0x30da3bf6da77abf1:0xfc9aca772aa4b4a3","Crowd","Transgender safe space","1"
"0x30da3bf6da77abf1:0xfc9aca772aa4b4a3","Payments","Credit cards","1"
"0x30da3bf6da77abf1:0xfc9aca772aa4b4a3","Payments","NFC mobile payments","1"
"0x30da2570f37ef931:0x5c9ba026cc70172","Accessibility","Wheelchair-accessible car park","1"
"0x30da2570f37ef931:0x5c9ba026cc70172","Accessibility","Wheelchair-accessible entrance","1"
"0x30da2570f37ef931:0x5c9ba026cc70172","Accessibility","Wheelchair-accessible toilet","1"
"0x30da2570f37ef931:0x5c9ba026cc70172","Amenities","Toilet","1"
"0x30da2570f37ef931:0x5c9ba026cc70172","Planning","Appointments recommended","1"
"0x30da2570f37ef931:0x5c9ba026cc70172","Payments","Credit cards","1"
"0x30da2570f37ef931:0x5c9ba026cc70172","Payments","Debit cards","1"
"0x30da2570f37ef931:0x5c9ba026cc70172","Payments","NFC mobile payments","1"
"0x30da3ad3065d8c8f:0xb0600ccc057c92e5","Accessibility","Wheelchair-accessible car park","1"
"0x30da3ad3065d8c8f:0xb0600ccc057c92e5","Accessibility","Wheelchair-accessible entrance","1"
"0x30da3ad3065d8c8f:0xb0600ccc057c92e5","Accessibility","Wheelchair-accessible seating","1"
"0x30da3ad3065d8c8f:0xb0600ccc057c92e5","Accessibility","Wheelchair-accessible toilet","1"
"0x30da3ad3065d8c8f:0xb0600ccc057c92e5","Amenities","Toilet","1"
"0x30da3ad3065d8c8f:0xb0600ccc057c92e5","Payments","Credit cards","1"
"0x30da3ad3065d8c8f:0xb0600ccc057c92e5","Payments","Debit cards","1"
"0x30da3ad3065d8c8f:0xb0600ccc057c92e5","Payments","NFC mobile payments","1"
"0x30da3b9ae8bde3e5:0xe02345ba15ace49","Accessibility","Wheelchair-accessible toilet","1"
"0x30da3b9ae8bde3e5:0xe02345ba15ace49","Amenities","Toilet","1"
"0x30da3b9ae8bde3e5:0xe02345ba15ace49","Planning","Appointments recommended","1"
"0x30da3b003e02693f:0xdfa60ba7800ce281","Amenities","Toilet","1"
"0x30da3b003e02693f:0xdfa60ba7800ce281","Planning","Appointments recommended","1"
"0x30da3aeea09c3f97:0x7a0de8d26ec8419a","Accessibility","Wheelchair-accessible entrance","1"
"0x30da3af4e3014a9d:0xac5ae965afc3e9d5","Accessibility","Wheelchair-accessible entrance","1"
"0x30da3af4e3014a9d:0xac5ae965afc3e9d5","From the business","Identifies as women-owned","1"
"0x30da3af4e3014a9d:0xac5ae965afc3e9d5","Amenities","Gender-neutral toilets","1"
"0x30da3af4e3014a9d:0xac5ae965afc3e9d5","Amenities","Toilet","1"
"0x30da3af4e3014a9d:0xac5ae965afc3e9d5","Crowd","LGBTQ+ friendly","1"
"0x30da3af4e3014a9d:0xac5ae965afc3e9d5","Crowd","Transgender safe space","1"
"0x30da3af4e3014a9d:0xac5ae965afc3e9d5","Planning","Appointment required","1"
"0x30da3af4e3014a9d:0xac5ae965afc3e9d5","Planning","Appointments recommended","1"
"0x30da3af5bb1d7769:0xeca5935a5e4fed1f","Accessibility","Wheelchair-accessible entrance","1"
"0x30da3af5bb1d7769:0xeca5935a5e4fed1f","Amenities","Toilet","1"
"0x30da3b0051ff4a9f:0x3e58fe0fb4cf8da","Amenities","Toilet","1"
"0x30da3b0051ff4a9f:0x3e58fe0fb4cf8da","Planning","Appointments recommended","1"
"0x30da3b0051ff4a9f:0x3e58fe0fb4cf8da","Payments","Credit cards","1"
"0x30da3b0051ff4a9f:0x3e58fe0fb4cf8da","Payments","Debit cards","1"
"0x30da3b0051ff4a9f:0x3e58fe0fb4cf8da","Payments","NFC mobile payments","1"
"0x30da3b6e2fefcbad:0x65bdbee1060c1219","Amenities","Toilet","1"
"0x30da3b6e2fefcbad:0x65bdbee1060c1219","Planning","Appointments recommended","1"
"0x30da3b6e2fefcbad:0x65bdbee1060c1219","Payments","Credit cards","1"
"0x30da3b6e2fefcbad:0x65bdbee1060c1219","Payments","NFC mobile payments","1"
"0x30da3b0018344121:0x92b0a8265954853","Amenities","Toilet","1"
"0x30da3b0018344121:0x92b0a8265954853","Planning","Appointments recommended","1"
"0x30da3b0018344121:0x92b0a8265954853","Payments","Credit cards","1"
"0x30da3b0018344121:0x92b0a8265954853","Payments","Debit cards","1"
"0x30da3b0018344121:0x92b0a8265954853","Payments","NFC mobile payments","1"
"0x30da3bdf04833d8d:0x3f23608f628c0596","Service options","Delivery","1"
"0x30da3bdf04833d8d:0x3f23608f628c0596","Service options","In-store pick-up","1"
"0x30da3bdf04833d8d:0x3f23608f628c0596","Service options","In-store shopping","1"
"0x30da3bdf04833d8d:0x3f23608f628c0596","Service options","On-site services","1"
"0x30da3bdf04833d8d:0x3f23608f628c0596","Amenities","Wi-Fi","1"
"0x30da3bdf04833d8d:0x3f23608f628c0596","Amenities","Free Wi-Fi","1"
"0x30da3bdf04833d8d:0x3f23608f628c0596","Planning","Quick visit","1"
"0x30da3bdf04833d8d:0x3f23608f628c0596","Payments","Credit cards","1"
"0x30da3bdf04833d8d:0x3f23608f628c0596","Payments","Debit cards","1"
"0x30da3bdf04833d8d:0x3f23608f628c0596","Payments","Credit cards","1"
"0x30da3bdf04833d8d:0x3f23608f628c0596","Parking","Free parking lot","1"
"0x30da3bdf04833d8d:0x3f23608f628c0596","Parking","On-site parking","1"
"0x30da3b13c52c2173:0xc96c4efcc53648b8","Amenities","Toilet","1"
"0x30da3b13c52c2173:0xc96c4efcc53648b8","Amenities","Free Wi-Fi","1"
"0x30da3b13c52c2173:0xc96c4efcc53648b8","Crowd","LGBTQ+ friendly","1"
"0x30da3b13c52c2173:0xc96c4efcc53648b8","Crowd","Transgender safe space","1"
"0x30da3b13c52c2173:0xc96c4efcc53648b8","Planning","Appointments recommended","1"
"0x30da3b13c52c2173:0xc96c4efcc53648b8","Payments","Credit cards","1"
"0x30da3b13c52c2173:0xc96c4efcc53648b8","Payments","Debit cards","1"
"0x30da3b13c52c2173:0xc96c4efcc53648b8","Payments","NFC mobile payments","1"
"0x30da3b13c52c2173:0xc96c4efcc53648b8","Payments","Credit cards","1"
"0x30da3b13c52c2173:0xc96c4efcc53648b8","Parking","Free multi-storey car park","1"
"0x30da3b13c52c2173:0xc96c4efcc53648b8","Parking","Free parking lot","1"
"0x30da3b13c52c2173:0xc96c4efcc53648b8","Parking","On-site parking","1"
"0x30da3b0da00fd701:0x24e306f1129930f2","Service options","On-site services","1"
"0x30da3b0da00fd701:0x24e306f1129930f2","Amenities","Gender-neutral toilets","1"
"0x30da3b0da00fd701:0x24e306f1129930f2","Amenities","Toilet","1"
"0x30da3b0da00fd701:0x24e306f1129930f2","Crowd","LGBTQ+ friendly","1"
"0x30da3b0da00fd701:0x24e306f1129930f2","Crowd","Transgender safe space","1"
"0x30da3b0da00fd701:0x24e306f1129930f2","Parking","On-site parking","1"
"0x30da3ba69a627ca5:0xa4968cd19e0dc754","Amenities","Toilet","1"
"0x30da3ba69a627ca5:0xa4968cd19e0dc754","Payments","NFC mobile payments","1"
"0x30da3064f152543f:0x1a4c76f56c957fe4","Accessibility","Wheelchair-accessible car park","1"
"0x30da3064f152543f:0x1a4c76f56c957fe4","Accessibility","Wheelchair-accessible toilet","1"
"0x30da3064f152543f:0x1a4c76f56c957fe4","From the business","Identifies as women-owned","1"
"0x30da3064f152543f:0x1a4c76f56c957fe4","Amenities","Gender-neutral toilets","1"
"0x30da3064f152543f:0x1a4c76f56c957fe4","Amenities","Toilet","1"
"0x30da3064f152543f:0x1a4c76f56c957fe4","Crowd","LGBTQ+ friendly","1"
"0x30da3064f152543f:0x1a4c76f56c957fe4","Crowd","Transgender safe space","1"
"0x30da3064f152543f:0x1a4c76f56c957fe4","Planning","Appointments recommended","1"
"0x30da3064f152543f:0x1a4c76f56c957fe4","Payments","NFC mobile payments","1"
"0x30da312b59bdd4df:0xa08fdb231e8b4177","Amenities","Toilet","1"
"0x30da312b59bdd4df:0xa08fdb231e8b4177","Planning","Appointments recommended","1"
"0x30da312b59bdd4df:0xa08fdb231e8b4177","Payments","Debit cards","1"
"0x30da31581414d28b:0x9be8ec494dd64d5b","Amenities","Toilet","1"
"0x30da31fcd859cfb5:0xe502ff1696a36936","Accessibility","Wheelchair-accessible car park","1"
"0x30da31fcd859cfb5:0xe502ff1696a36936","Accessibility","Wheelchair-accessible entrance","1"
"0x30da31fcd859cfb5:0xe502ff1696a36936","Accessibility","Wheelchair-accessible toilet","1"
"0x30da31fcd859cfb5:0xe502ff1696a36936","Service options","No-contact delivery","1"
"0x30da31fcd859cfb5:0xe502ff1696a36936","Service options","Delivery","1"
"0x30da31fcd859cfb5:0xe502ff1696a36936","Service options","Takeaway","1"
"0x30da31fcd859cfb5:0xe502ff1696a36936","Service options","Dine-in","1"
"0x30da31fcd859cfb5:0xe502ff1696a36936","Highlights","Great dessert","1"
"0x30da31fcd859cfb5:0xe502ff1696a36936","Popular for","Lunch","1"
"0x30da31fcd859cfb5:0xe502ff1696a36936","Popular for","Dinner","1"
"0x30da31fcd859cfb5:0xe502ff1696a36936","Offerings","Alcohol","1"
"0x30da31fcd859cfb5:0xe502ff1696a36936","Offerings","Beer","1"
"0x30da31fcd859cfb5:0xe502ff1696a36936","Offerings","Small plates","1"
"0x30da31fcd859cfb5:0xe502ff1696a36936","Dining options","Lunch","1"
"0x30da31fcd859cfb5:0xe502ff1696a36936","Dining options","Dinner","1"
"0x30da31fcd859cfb5:0xe502ff1696a36936","Dining options","Dessert","1"
"0x30da31fcd859cfb5:0xe502ff1696a36936","Dining options","Table service","1"
"0x30da31fcd859cfb5:0xe502ff1696a36936","Amenities","Toilet","1"
"0x30da31fcd859cfb5:0xe502ff1696a36936","Atmosphere","Casual","1"
"0x30da31fcd859cfb5:0xe502ff1696a36936","Atmosphere","Cosy","1"
"0x30da31fcd859cfb5:0xe502ff1696a36936","Crowd","Groups","1"
"0x30da31fcd859cfb5:0xe502ff1696a36936","Planning","Dinner reservations recommended","1"
"0x30da31fcd859cfb5:0xe502ff1696a36936","Planning","Accepts reservations","1"
"0x30da31fcd859cfb5:0xe502ff1696a36936","Payments","Credit cards","1"
"0x30da31fcd859cfb5:0xe502ff1696a36936","Payments","Debit cards","1"
"0x30da31fcd859cfb5:0xe502ff1696a36936","Payments","NFC mobile payments","1"
"0x30da31fcd859cfb5:0xe502ff1696a36936","Children","Good for kids","1"
"0x30da31fcd859cfb5:0xe502ff1696a36936","Children","Kids' menu","1"
"0x30da31fcd859cfb5:0xe502ff1696a36936","Parking","Free of charge street parking","1"
"0x30da31fcd859cfb5:0xe502ff1696a36936","Parking","Free parking lot","1"
"0x30da302125db9e4d:0x52da8da01af8c0a","Amenities","Toilet","1"
"0x30da302125db9e4d:0x52da8da01af8c0a","Planning","Appointments recommended","1"
"0x30da3bf447f96e45:0x5e8a0020693f5e39","Payments","Debit cards","1"
"0x30da3bf447f96e45:0x5e8a0020693f5e39","Payments","NFC mobile payments","1"
"0x30da31cabe5c5291:0x37f0f6db67c40807","Accessibility","Wheelchair-accessible seating","1"
"0x30da31cabe5c5291:0x37f0f6db67c40807","Accessibility","Wheelchair-accessible toilet","1"
"0x30da31cabe5c5291:0x37f0f6db67c40807","From the business","Identifies as women-owned","1"
"0x30da31cabe5c5291:0x37f0f6db67c40807","Amenities","Gender-neutral toilets","1"
"0x30da31cabe5c5291:0x37f0f6db67c40807","Crowd","LGBTQ+ friendly","1"
"0x30da31cabe5c5291:0x37f0f6db67c40807","Crowd","Transgender safe space","1"
"0x30da31cabe5c5291:0x37f0f6db67c40807","Payments","Credit cards","1"
"0x30da31cabe5c5291:0x37f0f6db67c40807","Payments","Debit cards","1"
"0x30da31cabe5c5291:0x37f0f6db67c40807","Payments","NFC mobile payments","1"
"0x30da3be7c2a45757:0x25534b409fcb8d59","Accessibility","Wheelchair-accessible seating","1"
"0x30da3be7c2a45757:0x25534b409fcb8d59","Accessibility","Wheelchair-accessible toilet","1"
"0x30da3be7c2a45757:0x25534b409fcb8d59","From the business","Identifies as women-owned","1"
"0x30da3be7c2a45757:0x25534b409fcb8d59","Amenities","Gender-neutral toilets","1"
"0x30da3be7c2a45757:0x25534b409fcb8d59","Amenities","Toilet","1"
"0x30da3be7c2a45757:0x25534b409fcb8d59","Crowd","Transgender safe space","1"
"0x30da3be7c2a45757:0x25534b409fcb8d59","Planning","Appointment required","1"
"0x30da3be7c2a45757:0x25534b409fcb8d59","Planning","Appointments recommended","1"
"0x30da3be7c2a45757:0x25534b409fcb8d59","Payments","NFC mobile payments","1"
"0x30da3a883372462b:0xe57b2940afbcf1a8","Accessibility","Wheelchair-accessible toilet","1"
"0x30da3a883372462b:0xe57b2940afbcf1a8","Amenities","Toilet","1"
"0x30da3a62b92422a9:0x8f19bc901cbec82d","Amenities","Toilet","1"
"0x30da3bd80474c929:0x117c1c23abd7164","Amenities","Toilet","1"
"0x30da3bd80474c929:0x117c1c23abd7164","Crowd","LGBTQ+ friendly","1"
"0x30da3bd80474c929:0x117c1c23abd7164","Crowd","Transgender safe space","1"
"0x30da3bd80474c929:0x117c1c23abd7164","Planning","Appointments recommended","1"
"0x30da3bd80474c929:0x117c1c23abd7164","Payments","NFC mobile payments","1"
"0x30da31004fc79009:0x3174f52165c81319","Accessibility","Wheelchair-accessible car park","1"
"0x30da31004fc79009:0x3174f52165c81319","Accessibility","Wheelchair-accessible entrance","1"
"0x30da31004fc79009:0x3174f52165c81319","Amenities","Toilet","1"
"0x30da31004fc79009:0x3174f52165c81319","Crowd","LGBTQ+ friendly","1"
"0x30da31004fc79009:0x3174f52165c81319","Crowd","Transgender safe space","1"
"0x30da31004fc79009:0x3174f52165c81319","Payments","Credit cards","1"
"0x30da31004fc79009:0x3174f52165c81319","Payments","Debit cards","1"
"0x30da31004fc79009:0x3174f52165c81319","Payments","NFC mobile payments","1"
"0x30da31004fc79009:0x3174f52165c81319","Parking","Free parking lot","1"
"0x30da31004fc79009:0x3174f52165c81319","Parking","On-site parking","1"
"0x30da3527850c443d:0xf22583e841b29c53","Service options","On-site services","1"
"0x30da3527850c443d:0xf22583e841b29c53","Amenities","Toilet","1"
"0x30da3527850c443d:0xf22583e841b29c53","Planning","Appointments recommended","1"
"0x30da3b8289df3d8f:0x7c45ff6932ed6c64","Amenities","Restroom","1"
"0x30da3b8289df3d8f:0x7c45ff6932ed6c64","Amenities","Free Wi-Fi","1"
"0x30da3b8289df3d8f:0x7c45ff6932ed6c64","Planning","Appointments recommended","1"
"0x30da3b8289df3d8f:0x7c45ff6932ed6c64","Payments","Credit cards","1"
"0x30da3b8289df3d8f:0x7c45ff6932ed6c64","Payments","Debit cards","1"
"0x30da3b8289df3d8f:0x7c45ff6932ed6c64","Payments","Credit cards","1"
"0x30da3b8289df3d8f:0x7c45ff6932ed6c64","Parking","Free street parking","1"
"0x30da30092dcee657:0x22989c28e5c63479","Accessibility","Wheelchair-accessible car park","1"
"0x30da30092dcee657:0x22989c28e5c63479","Accessibility","Wheelchair-accessible entrance","1"
"0x30da30092dcee657:0x22989c28e5c63479","Amenities","Toilet","1"
"0x30da30092dcee657:0x22989c28e5c63479","Planning","Appointments recommended","1"
"0x30da319dfc398853:0xd6066306c37edec9","Amenities","Toilet","1"
"0x30da2f3158ee3751:0xf05101273fcbff11","Accessibility","Wheelchair-accessible car park","1"
"0x30da2f3158ee3751:0xf05101273fcbff11","Amenities","Toilet","1"
"0x30da2f3158ee3751:0xf05101273fcbff11","Planning","Appointments recommended","1"
"0x30da2f3158ee3751:0xf05101273fcbff11","Payments","Debit cards","1"
"0x30da2f3158ee3751:0xf05101273fcbff11","Payments","NFC mobile payments","1"
"0x30da25a02b82b32b:0xe1f6b0e499883d82","Amenities","Toilet","1"
"0x30da3b9adb44fb9b:0x5116dd3fbaa56f09","Payments","Credit cards","1"
"0x30da3b9adb44fb9b:0x5116dd3fbaa56f09","Payments","Debit cards","1"
"0x30da25b08b753947:0x70daa1c611db0145","Accessibility","Wheelchair-accessible car park","1"
"0x30da25b08b753947:0x70daa1c611db0145","Accessibility","Wheelchair-accessible entrance","1"
"0x30da25b08b753947:0x70daa1c611db0145","Accessibility","Wheelchair-accessible seating","1"
"0x30da25b08b753947:0x70daa1c611db0145","Accessibility","Wheelchair-accessible toilet","1"
"0x30da25b08b753947:0x70daa1c611db0145","Amenities","Toilet","1"
"0x30da25b08b753947:0x70daa1c611db0145","Crowd","LGBTQ+ friendly","1"
"0x30da25b08b753947:0x70daa1c611db0145","Crowd","Transgender safe space","1"
"0x30da25b08b753947:0x70daa1c611db0145","Planning","Appointment required","1"
"0x30da25b08b753947:0x70daa1c611db0145","Planning","Appointments recommended","1"
"0x30da25b08b753947:0x70daa1c611db0145","Payments","Credit cards","1"
"0x30da25b08b753947:0x70daa1c611db0145","Payments","Debit cards","1"
"0x30da25b08b753947:0x70daa1c611db0145","Payments","NFC mobile payments","1"
"0x30da25b08b753947:0x70daa1c611db0145","Children","Nursing room","1"
"0x30da3bd1b68a32c1:0x5be066b4685c1767","Accessibility","Wheelchair accessible restroom","1"
"0x30da3bd1b68a32c1:0x5be066b4685c1767","Accessibility","Wheelchair accessible seating","1"
"0x30da3bd1b68a32c1:0x5be066b4685c1767","Amenities","Restroom","1"
"0x30da3bd1b68a32c1:0x5be066b4685c1767","Crowd","LGBTQ+ friendly","1"
"0x30da3bd1b68a32c1:0x5be066b4685c1767","Crowd","Transgender safespace","1"
"0x30da3bd1b68a32c1:0x5be066b4685c1767","Planning","Appointment required","1"
"0x30da3bd1b68a32c1:0x5be066b4685c1767","Planning","Appointments recommended","1"
"0x30da3add72e56eb5:0xd8a61d3ed12ddc56","Accessibility","Wheelchair-accessible car park","1"
"0x30da3add72e56eb5:0xd8a61d3ed12ddc56","Accessibility","Wheelchair-accessible entrance","1"
"0x30da3add72e56eb5:0xd8a61d3ed12ddc56","Accessibility","Wheelchair-accessible toilet","1"
"0x30da3add72e56eb5:0xd8a61d3ed12ddc56","Amenities","Toilet","1"
"0x30da3add72e56eb5:0xd8a61d3ed12ddc56","Planning","Appointments recommended","1"
"0x30da3add72e56eb5:0xd8a61d3ed12ddc56","Payments","Credit cards","1"
"0x30da3add72e56eb5:0xd8a61d3ed12ddc56","Payments","Debit cards","1"
"0x30da3add72e56eb5:0xd8a61d3ed12ddc56","Payments","NFC mobile payments","1"
"0x30da3b64a1dc8dc3:0xadc4d43d71e4388d","Amenities","Toilet","1"
"0x30da3b64a1dc8dc3:0xadc4d43d71e4388d","Parking","Free of charge street parking","1"
"0x30da3b64a1dc8dc3:0xadc4d43d71e4388d","Parking","Free parking lot","1"
"0x2b395f0f15376d75:0xdbad62cbcf0126d0","Amenities","Toilet","1"
"0x2b395f0f15376d75:0xdbad62cbcf0126d0","Planning","Appointments recommended","1"
"0x2b395f0f15376d75:0xdbad62cbcf0126d0","Payments","Credit cards","1"
"0x2b395f0f15376d75:0xdbad62cbcf0126d0","Payments","Debit cards","1"
"0x2b395f0f15376d75:0xdbad62cbcf0126d0","Payments","NFC mobile payments","1"
"0x30da2532e379635d:0x87c427406af0dcb8","Accessibility","Wheelchair-accessible car park","1"
"0x30da2532e379635d:0x87c427406af0dcb8","Accessibility","Wheelchair-accessible entrance","1"
"0x30da2532e379635d:0x87c427406af0dcb8","Accessibility","Wheelchair-accessible toilet","1"
"0x30da2532e379635d:0x87c427406af0dcb8","Amenities","Toilet","1"
"0x30da2532e379635d:0x87c427406af0dcb8","Planning","Appointments recommended","1"
"0x30da2532e379635d:0x87c427406af0dcb8","Payments","Credit cards","1"
"0x30da2532e379635d:0x87c427406af0dcb8","Payments","Debit cards","1"
"0x30da2532e379635d:0x87c427406af0dcb8","Payments","NFC mobile payments","1"
"0x30da3bb6934fc7e7:0xec81b5c702da5fd1","Payments","Credit cards","1"
"0x30da3bb6934fc7e7:0xec81b5c702da5fd1","Payments","Debit cards","1"
"0x30da3bb6934fc7e7:0xec81b5c702da5fd1","Payments","NFC mobile payments","1"
"0x30da25000a363fbd:0xbdaa457fe6fb6891","Amenities","Toilet","1"
"0x30da3bbc1b1402b1:0x202e749215c49cf5","Accessibility","Wheelchair-accessible car park","1"
"0x30da3bbc1b1402b1:0x202e749215c49cf5","Payments","Credit cards","1"
"0x30da3bbc1b1402b1:0x202e749215c49cf5","Payments","Debit cards","1"
"0x30da3bbc1b1402b1:0x202e749215c49cf5","Payments","NFC mobile payments","1"
"0x30da25ebab8173fb:0xc531418f0309cf3","Payments","Credit cards","1"
"0x30da25ebab8173fb:0xc531418f0309cf3","Payments","Debit cards","1"
"0x30da25ebab8173fb:0xc531418f0309cf3","Payments","NFC mobile payments","1"
"0x30da300eeda43f7d:0xfd8baea7d7a5fdb3","Accessibility","Wheelchair-accessible car park","1"
"0x30da300eeda43f7d:0xfd8baea7d7a5fdb3","Accessibility","Wheelchair-accessible entrance","1"
"0x30da300eeda43f7d:0xfd8baea7d7a5fdb3","Accessibility","Wheelchair-accessible toilet","1"
"0x30da300eeda43f7d:0xfd8baea7d7a5fdb3","Amenities","Toilet","1"
"0x30da300eeda43f7d:0xfd8baea7d7a5fdb3","Planning","Appointments recommended","1"
"0x30da2516c0a50ddf:0x7cf69f8228949cc2","Accessibility","Wheelchair-accessible car park","1"
"0x30da2516c0a50ddf:0x7cf69f8228949cc2","Accessibility","Wheelchair-accessible entrance","1"
"0x30da2516c0a50ddf:0x7cf69f8228949cc2","Amenities","Toilet","1"
"0x30da2516c0a50ddf:0x7cf69f8228949cc2","Planning","Appointments recommended","1"
"0x30da2516c0a50ddf:0x7cf69f8228949cc2","Payments","NFC mobile payments","1"
"0x30da3b9e53b09a0f:0xef7a89ef33953ea5","Amenities","Toilet","1"
"0x30da3b9e53b09a0f:0xef7a89ef33953ea5","Planning","Appointments recommended","1"
"0x30da3a42ea02fc29:0x6d8a6b8d5eacb4ee","Service options","On-site services","1"
"0x30da3a42ea02fc29:0x6d8a6b8d5eacb4ee","Payments","NFC mobile payments","1"
"0x30da3a42ea02fc29:0x6d8a6b8d5eacb4ee","Children","Good for kids","1"
"0x30da3bb2188a4ba9:0x1ee49544dba50fbe","Amenities","Toilet","1"
"0x30da3a42b4799905:0xb3bf80133c988472","Accessibility","Wheelchair-accessible car park","1"
"0x30da3a42b4799905:0xb3bf80133c988472","Accessibility","Wheelchair-accessible entrance","1"
"0x30da3a42b4799905:0xb3bf80133c988472","Service options","On-site services","1"
"0x30da3a42b4799905:0xb3bf80133c988472","Amenities","Toilet","1"
"0x30da3a42b4799905:0xb3bf80133c988472","Planning","Appointments recommended","1"
"0x30da3a42b4799905:0xb3bf80133c988472","Payments","Credit cards","1"
"0x30da3a42b4799905:0xb3bf80133c988472","Payments","Debit cards","1"
"0x30da3a42b4799905:0xb3bf80133c988472","Payments","NFC mobile payments","1"
"0x30da310018029773:0xfb38b5e141b67aa0","Amenities","Toilet","1"
"0x30da310018029773:0xfb38b5e141b67aa0","Planning","Appointment required","1"
"0x30da310018029773:0xfb38b5e141b67aa0","Planning","Appointments recommended","1"
"0x30da310018029773:0xfb38b5e141b67aa0","Parking","On-site parking","1"
"0x30da3198d3ec88a5:0x4e67415e8d1c156f","Accessibility","Wheelchair-accessible car park","1"
"0x30da3198d3ec88a5:0x4e67415e8d1c156f","Accessibility","Wheelchair-accessible entrance","1"
"0x30da3198d3ec88a5:0x4e67415e8d1c156f","Accessibility","Wheelchair-accessible seating","1"
"0x30da3198d3ec88a5:0x4e67415e8d1c156f","Accessibility","Wheelchair-accessible toilet","1"
"0x30da3198d3ec88a5:0x4e67415e8d1c156f","Service options","On-site services","1"
"0x30da3198d3ec88a5:0x4e67415e8d1c156f","Offerings","Beverages","1"
"0x30da3198d3ec88a5:0x4e67415e8d1c156f","Amenities","Toilet","1"
"0x30da3198d3ec88a5:0x4e67415e8d1c156f","Crowd","LGBTQ+ friendly","1"
"0x30da3198d3ec88a5:0x4e67415e8d1c156f","Crowd","Transgender safe space","1"
"0x30da3198d3ec88a5:0x4e67415e8d1c156f","Planning","Appointment required","1"
"0x30da3198d3ec88a5:0x4e67415e8d1c156f","Payments","Credit cards","1"
"0x30da3198d3ec88a5:0x4e67415e8d1c156f","Payments","Debit cards","1"
"0x30da3198d3ec88a5:0x4e67415e8d1c156f","Payments","NFC mobile payments","1"
"0x30da3198d3ec88a5:0x4e67415e8d1c156f","Parking","Free of charge street parking","1"
"0x30da3198d3ec88a5:0x4e67415e8d1c156f","Parking","Free parking lot","1"
"0x30da319d71f41cc1:0xf491a29a2987b0ac","Accessibility","Wheelchair-accessible car park","1"
"0x30da319d71f41cc1:0xf491a29a2987b0ac","Accessibility","Wheelchair-accessible entrance","1"
"0x30da319d71f41cc1:0xf491a29a2987b0ac","Accessibility","Wheelchair-accessible seating","1"
"0x30da319d71f41cc1:0xf491a29a2987b0ac","Accessibility","Wheelchair-accessible toilet","1"
"0x30da319d71f41cc1:0xf491a29a2987b0ac","Amenities","Gender-neutral toilets","1"
"0x30da319d71f41cc1:0xf491a29a2987b0ac","Amenities","Toilet","1"
"0x30da319d71f41cc1:0xf491a29a2987b0ac","Crowd","LGBTQ+ friendly","1"
"0x30da319d71f41cc1:0xf491a29a2987b0ac","Crowd","Transgender safe space","1"
"0x30da319d71f41cc1:0xf491a29a2987b0ac","Planning","Appointment required","1"
"0x30da319d71f41cc1:0xf491a29a2987b0ac","Payments","NFC mobile payments","1"
"0x30da31d3491dde09:0x88e6c854d12c7c4","Accessibility","Wheelchair-accessible car park","1"
"0x30da31d3491dde09:0x88e6c854d12c7c4","Accessibility","Wheelchair-accessible seating","1"
"0x30da31d3491dde09:0x88e6c854d12c7c4","Accessibility","Wheelchair-accessible toilet","1"
"0x30da31d3491dde09:0x88e6c854d12c7c4","Service options","On-site services","1"
"0x30da31d3491dde09:0x88e6c854d12c7c4","Amenities","Gender-neutral toilets","1"
"0x30da31d3491dde09:0x88e6c854d12c7c4","Amenities","Toilet","1"
"0x30da31d3491dde09:0x88e6c854d12c7c4","Crowd","LGBTQ+ friendly","1"
"0x30da31d3491dde09:0x88e6c854d12c7c4","Crowd","Transgender safe space","1"
"0x30da31d3491dde09:0x88e6c854d12c7c4","Planning","Appointments recommended","1"
"0x30da31d3491dde09:0x88e6c854d12c7c4","Payments","Credit cards","1"
"0x30da31d3491dde09:0x88e6c854d12c7c4","Payments","Debit cards","1"
"0x30da31d3491dde09:0x88e6c854d12c7c4","Payments","NFC mobile payments","1"
"0x30da31d3491dde09:0x88e6c854d12c7c4","Parking","Free parking lot","1"
"0x30da31d3491dde09:0x88e6c854d12c7c4","Parking","On-site parking","1"
"0x30da2589db2d7c7f:0x1d2007d1ea7b8078","Amenities","Gender-neutral toilets","1"
"0x30da2589db2d7c7f:0x1d2007d1ea7b8078","Amenities","Toilet","1"
"0x30da2589db2d7c7f:0x1d2007d1ea7b8078","Amenities","Free Wi-Fi","1"
"0x30da2589db2d7c7f:0x1d2007d1ea7b8078","Crowd","LGBTQ+ friendly","1"
"0x30da2589db2d7c7f:0x1d2007d1ea7b8078","Crowd","Transgender safe space","1"
"0x30da2589db2d7c7f:0x1d2007d1ea7b8078","Planning","Appointment required","1"
"0x30da2589db2d7c7f:0x1d2007d1ea7b8078","Planning","Appointments recommended","1"
"0x30da2589db2d7c7f:0x1d2007d1ea7b8078","Planning","Accepts walk-ins","1"
"0x30da2589db2d7c7f:0x1d2007d1ea7b8078","Payments","Credit cards","1"
"0x30da2589db2d7c7f:0x1d2007d1ea7b8078","Payments","Debit cards","1"
"0x30da2589db2d7c7f:0x1d2007d1ea7b8078","Payments","NFC mobile payments","1"
"0x30da2589db2d7c7f:0x1d2007d1ea7b8078","Payments","Credit cards","1"
"0x30da2589db2d7c7f:0x1d2007d1ea7b8078","Parking","Free of charge street parking","1"
"0x30da2589db2d7c7f:0x1d2007d1ea7b8078","Parking","Free parking lot","1"
"0x30da2589db2d7c7f:0x1d2007d1ea7b8078","Parking","On-site parking","1"
"0x30da301939eed4cd:0x746fd6f02025d9b6","Accessibility","Wheelchair-accessible entrance","1"
"0x30da301939eed4cd:0x746fd6f02025d9b6","Amenities","Toilet","1"
"0x30da301939eed4cd:0x746fd6f02025d9b6","Planning","Appointments recommended","1"
"0x30da254884716187:0xc98ecb88264a6189","Amenities","Toilet","1"
"0x30da254884716187:0xc98ecb88264a6189","Planning","Appointments recommended","1"
"0x30da254884716187:0xc98ecb88264a6189","Payments","NFC mobile payments","1"
"0x30da250f7a31594d:0xb5869c34cef5f1a8","Accessibility","Wheelchair-accessible entrance","1"
"0x30da250f7a31594d:0xb5869c34cef5f1a8","Amenities","Toilet","1"
"0x30da250f7a31594d:0xb5869c34cef5f1a8","Planning","Appointment required","1"
"0x30da250f7a31594d:0xb5869c34cef5f1a8","Planning","Appointments recommended","1"
"0x30da250f7a31594d:0xb5869c34cef5f1a8","Payments","Credit cards","1"
"0x30da250f7a31594d:0xb5869c34cef5f1a8","Payments","Debit cards","1"
"0x30da250f7a31594d:0xb5869c34cef5f1a8","Payments","NFC mobile payments","1"
"0x30da3ad5159196f3:0x50fcbb8cacc18899","Amenities","Toilet","1"
"0x30da3ad5159196f3:0x50fcbb8cacc18899","Payments","NFC mobile payments","1"
"0x30da3126fdbbbe19:0x515f9b74a6263762","Payments","Debit cards","1"
"0x30da3126fdbbbe19:0x515f9b74a6263762","Payments","NFC mobile payments","1"
"0x30da31e65c35adf5:0x7b1500f7b0963684","Amenities","Toilet","1"
"0x30da3b9da7b91925:0x870518b8684ef602","Accessibility","Wheelchair-accessible toilet","1"
"0x30da3b9da7b91925:0x870518b8684ef602","Amenities","Toilet","1"
"0x30da3b9da7b91925:0x870518b8684ef602","Planning","Appointments recommended","1"
"0x30da3b9da7b91925:0x870518b8684ef602","Payments","NFC mobile payments","1"
"0x30dbd39c9e0ac059:0xa104fc9cf7005f07","Accessibility","Wheelchair-accessible seating","1"
"0x30dbd39c9e0ac059:0xa104fc9cf7005f07","Accessibility","Wheelchair-accessible toilet","1"
"0x30dbd39c9e0ac059:0xa104fc9cf7005f07","From the business","Identifies as women-owned","1"
"0x30dbd39c9e0ac059:0xa104fc9cf7005f07","Service options","On-site services","1"
"0x30dbd39c9e0ac059:0xa104fc9cf7005f07","Amenities","Toilet","1"
"0x30dbd39c9e0ac059:0xa104fc9cf7005f07","Crowd","Transgender safe space","1"
"0x30dbd39c9e0ac059:0xa104fc9cf7005f07","Planning","Appointment required","1"
"0x30dbd39c9e0ac059:0xa104fc9cf7005f07","Planning","Appointments recommended","1"
"0x30dbd39c9e0ac059:0xa104fc9cf7005f07","Children","Nursing room","1"
"0x30dbd39c9e0ac059:0xa104fc9cf7005f07","Parking","Free parking lot","1"
"0x30dbd39c9e0ac059:0xa104fc9cf7005f07","Parking","On-site parking","1"
"0x30da24d520e3cbdd:0x9d615d948913d6f7","Accessibility","Wheelchair-accessible car park","1"
"0x30da24d520e3cbdd:0x9d615d948913d6f7","Accessibility","Wheelchair-accessible entrance","1"
"0x30da24d520e3cbdd:0x9d615d948913d6f7","Accessibility","Wheelchair-accessible toilet","1"
"0x30da24d520e3cbdd:0x9d615d948913d6f7","Service options","On-site services","1"
"0x30da24d520e3cbdd:0x9d615d948913d6f7","Amenities","Gender-neutral toilets","1"
"0x30da24d520e3cbdd:0x9d615d948913d6f7","Amenities","Toilet","1"
"0x30da24d520e3cbdd:0x9d615d948913d6f7","Crowd","LGBTQ+ friendly","1"
"0x30da24d520e3cbdd:0x9d615d948913d6f7","Crowd","Transgender safe space","1"
"0x30da24d520e3cbdd:0x9d615d948913d6f7","Planning","Appointment required","1"
"0x30da24d520e3cbdd:0x9d615d948913d6f7","Planning","Appointments recommended","1"
"0x30da24d520e3cbdd:0x9d615d948913d6f7","Payments","Credit cards","1"
"0x30da24d520e3cbdd:0x9d615d948913d6f7","Payments","NFC mobile payments","1"
"0x30da24d520e3cbdd:0x9d615d948913d6f7","Payments","Credit cards","1"
"0x30da24d520e3cbdd:0x9d615d948913d6f7","Children","Nursing room","1"
"0x30da24d520e3cbdd:0x9d615d948913d6f7","Parking","Free multi-storey car park","1"
"0x30da24d520e3cbdd:0x9d615d948913d6f7","Parking","Free of charge street parking","1"
"0x30da24d520e3cbdd:0x9d615d948913d6f7","Parking","Free parking lot","1"
"0x30da24d520e3cbdd:0x9d615d948913d6f7","Parking","On-site parking","1"
"0x30da3b033632d2f9:0x419523858e67c95f","Accessibility","Wheelchair-accessible car park","1"
"0x30da3b033632d2f9:0x419523858e67c95f","Accessibility","Wheelchair-accessible toilet","1"
"0x30da3b033632d2f9:0x419523858e67c95f","Amenities","Gender-neutral toilets","1"
"0x30da3b033632d2f9:0x419523858e67c95f","Amenities","Toilet","1"
"0x30da3b033632d2f9:0x419523858e67c95f","Planning","Appointment required","1"
"0x30da3b033632d2f9:0x419523858e67c95f","Payments","NFC mobile payments","1"
"0x30da30272671082d:0xcc1eaa55b0a7a59b","Amenities","Toilet","1"
"0x30da3bd28b93904d:0xe0fbe427ce126a97","Amenities","Toilet","1"
"0x30da3bd28b93904d:0xe0fbe427ce126a97","Planning","Appointments recommended","1"
"0x30da3bd28b93904d:0xe0fbe427ce126a97","Payments","Credit cards","1"
"0x30da3bd28b93904d:0xe0fbe427ce126a97","Payments","Debit cards","1"
"0x30da3bd28b93904d:0xe0fbe427ce126a97","Payments","NFC mobile payments","1"
"0x30da31595eccc67f:0x8881727a298f2539","Accessibility","Wheelchair-accessible car park","1"
"0x30da31595eccc67f:0x8881727a298f2539","Accessibility","Wheelchair-accessible entrance","1"
"0x30da31595eccc67f:0x8881727a298f2539","Amenities","Toilet","1"
"0x30da31595eccc67f:0x8881727a298f2539","Crowd","LGBTQ+ friendly","1"
"0x30da31595eccc67f:0x8881727a298f2539","Crowd","Transgender safe space","1"
"0x30da31595eccc67f:0x8881727a298f2539","Payments","NFC mobile payments","1"
"0x30da257f7ecc4763:0x34ddad85d10aae31","Accessibility","Wheelchair-accessible car park","1"
"0x30da257f7ecc4763:0x34ddad85d10aae31","Accessibility","Wheelchair-accessible entrance","1"
"0x30da257f7ecc4763:0x34ddad85d10aae31","Accessibility","Wheelchair-accessible seating","1"
"0x30da257f7ecc4763:0x34ddad85d10aae31","Accessibility","Wheelchair-accessible toilet","1"
"0x30da257f7ecc4763:0x34ddad85d10aae31","Accessibility","Assistive hearing loop","1"
"0x30da257f7ecc4763:0x34ddad85d10aae31","From the business","Identifies as women-owned","1"
"0x30da257f7ecc4763:0x34ddad85d10aae31","Service options","On-site services","1"
"0x30da257f7ecc4763:0x34ddad85d10aae31","Amenities","Toilet","1"
"0x30da257f7ecc4763:0x34ddad85d10aae31","Crowd","LGBTQ+ friendly","1"
"0x30da257f7ecc4763:0x34ddad85d10aae31","Crowd","Transgender safe space","1"
"0x30da257f7ecc4763:0x34ddad85d10aae31","Payments","NFC mobile payments","1"
"0x30da257f7ecc4763:0x34ddad85d10aae31","Children","Nursing room","1"
"0x30da257f7ecc4763:0x34ddad85d10aae31","Parking","Free multi-storey car park","1"
"0x30da257f7ecc4763:0x34ddad85d10aae31","Parking","Free of charge street parking","1"
"0x30da257f7ecc4763:0x34ddad85d10aae31","Parking","Free parking lot","1"
"0x30da257f7ecc4763:0x34ddad85d10aae31","Parking","On-site parking","1"
"0x30da31dadd3e6435:0xabc7160a5a9bbf14","Accessibility","Wheelchair-accessible seating","1"
"0x30da31dadd3e6435:0xabc7160a5a9bbf14","Accessibility","Wheelchair-accessible toilet","1"
"0x30da31dadd3e6435:0xabc7160a5a9bbf14","Service options","On-site services","1"
"0x30da31dadd3e6435:0xabc7160a5a9bbf14","Amenities","Toilet","1"
"0x30da31dadd3e6435:0xabc7160a5a9bbf14","Planning","Appointment required","1"
"0x30da31dadd3e6435:0xabc7160a5a9bbf14","Payments","Credit cards","1"
"0x30da31dadd3e6435:0xabc7160a5a9bbf14","Payments","Debit cards","1"
"0x30da31dadd3e6435:0xabc7160a5a9bbf14","Payments","Credit cards","1"
"0x30da31dadd3e6435:0xabc7160a5a9bbf14","Parking","Free parking lot","1"
"0x30da31dadd3e6435:0xabc7160a5a9bbf14","Parking","On-site parking","1"
"0x30da25abd6558bd3:0x28060f78603ce50b","Amenities","Toilet","1"
"0x30da25abd6558bd3:0x28060f78603ce50b","Planning","Appointments recommended","1"
"0x30da25abd6558bd3:0x28060f78603ce50b","Payments","NFC mobile payments","1"
"0x30da2572e4558f01:0xaaaa2404cdc49303","Accessibility","Wheelchair-accessible car park","1"
"0x30da2572e4558f01:0xaaaa2404cdc49303","Accessibility","Wheelchair-accessible seating","1"
"0x30da2572e4558f01:0xaaaa2404cdc49303","Service options","On-site services","1"
"0x30da2572e4558f01:0xaaaa2404cdc49303","Amenities","Toilet","1"
"0x30da2572e4558f01:0xaaaa2404cdc49303","Crowd","LGBTQ+ friendly","1"
"0x30da2572e4558f01:0xaaaa2404cdc49303","Crowd","Transgender safe space","1"
"0x30da2572e4558f01:0xaaaa2404cdc49303","Planning","Appointment required","1"
"0x30da2572e4558f01:0xaaaa2404cdc49303","Parking","Free parking lot","1"
"0x30da2572e4558f01:0xaaaa2404cdc49303","Parking","On-site parking","1"
"0x30da3d0043b2d981:0x3c164285c5e41aa5","Amenities","Toilet","1"
"0x30da3d0043b2d981:0x3c164285c5e41aa5","Planning","Appointments recommended","1"
"0x30da3d0043b2d981:0x3c164285c5e41aa5","Payments","Credit cards","1"
"0x30da3d0043b2d981:0x3c164285c5e41aa5","Payments","Debit cards","1"
"0x30da3d0043b2d981:0x3c164285c5e41aa5","Payments","NFC mobile payments","1"
"0x30da3100599b83a9:0xff2cc6f5e9c8629c","Amenities","Gender-neutral toilets","1"
"0x30da3100599b83a9:0xff2cc6f5e9c8629c","Amenities","Toilet","1"
"0x30da3100599b83a9:0xff2cc6f5e9c8629c","Planning","Appointments recommended","1"
"0x30da31b41872a661:0xdd8074610a055c7d","Accessibility","Wheelchair-accessible car park","1"
"0x30da31b41872a661:0xdd8074610a055c7d","Accessibility","Wheelchair-accessible entrance","1"
"0x30da31b41872a661:0xdd8074610a055c7d","Payments","Credit cards","1"
"0x30da31b41872a661:0xdd8074610a055c7d","Payments","Debit cards","1"
"0x30da31b41872a661:0xdd8074610a055c7d","Payments","NFC mobile payments","1"
"0x30da25a94c748531:0xe472d4a840a983c","Amenities","Toilet","1"
"0x30da25804baa64bb:0x61339905ac889839","Accessibility","Wheelchair-accessible car park","1"
"0x30da25804baa64bb:0x61339905ac889839","Accessibility","Wheelchair-accessible entrance","1"
"0x30da25804baa64bb:0x61339905ac889839","Accessibility","Wheelchair-accessible toilet","1"
"0x30da25804baa64bb:0x61339905ac889839","Amenities","Toilet","1"
"0x30da25804baa64bb:0x61339905ac889839","Planning","Appointments recommended","1"
"0x30da25804baa64bb:0x61339905ac889839","Payments","NFC mobile payments","1"
"0x30da3dca77b9b7f9:0x15990482f29d96eb","Accessibility","Wheelchair-accessible toilet","1"
"0x30da3dca77b9b7f9:0x15990482f29d96eb","Amenities","Toilet","1"
"0x30da3dca77b9b7f9:0x15990482f29d96eb","Planning","Appointments recommended","1"
"0x30da25341c860e03:0x479daf5a0a43e38","Accessibility","Wheelchair-accessible car park","1"
"0x30da25341c860e03:0x479daf5a0a43e38","Accessibility","Wheelchair-accessible entrance","1"
"0x30da25341c860e03:0x479daf5a0a43e38","Accessibility","Wheelchair-accessible toilet","1"
"0x30da25341c860e03:0x479daf5a0a43e38","Service options","On-site services","1"
"0x30da25341c860e03:0x479daf5a0a43e38","Offerings","Arcade games","1"
"0x30da25341c860e03:0x479daf5a0a43e38","Crowd","LGBTQ+ friendly","1"
"0x30da25341c860e03:0x479daf5a0a43e38","Payments","Credit cards","1"
"0x30da25341c860e03:0x479daf5a0a43e38","Payments","Debit cards","1"
"0x30da25341c860e03:0x479daf5a0a43e38","Payments","NFC mobile payments","1"
"0x30da25341c860e03:0x479daf5a0a43e38","Children","Has changing table(s)","1"
"0x30da25341c860e03:0x479daf5a0a43e38","Children","Playground","1"
"0x30da25341c860e03:0x479daf5a0a43e38","Parking","Free of charge street parking","1"
"0x30da25341c860e03:0x479daf5a0a43e38","Parking","Free parking lot","1"
"0x30da25341c860e03:0x479daf5a0a43e38","Parking","Paid parking lot","1"
"0x30da3deb702ba983:0xd61f42e0191e9a0c","Accessibility","Wheelchair-accessible entrance","1"
"0x30da3deb702ba983:0xd61f42e0191e9a0c","Accessibility","Wheelchair-accessible toilet","1"
"0x30da3deb702ba983:0xd61f42e0191e9a0c","Amenities","Toilet","1"
"0x30da31f099a8c6a9:0x2c891158d584782e","Amenities","Toilet","1"
"0x30da2f5d203c16df:0x2f2ef9b572bc1faf","Amenities","Toilet","1"
"0x30da25bf390548bd:0xc74904b2c463433a","Accessibility","Wheelchair-accessible car park","1"
"0x30da25bf390548bd:0xc74904b2c463433a","Accessibility","Wheelchair-accessible entrance","1"
"0x30da25bf390548bd:0xc74904b2c463433a","Accessibility","Wheelchair-accessible seating","1"
"0x30da25bf390548bd:0xc74904b2c463433a","Amenities","Toilet","1"
"0x30da25bf390548bd:0xc74904b2c463433a","Parking","Free parking lot","1"
"0x30da2fbf86435995:0x3d3aae12c976cf22","Accessibility","Wheelchair-accessible entrance","1"
"0x30da2fbf86435995:0x3d3aae12c976cf22","Service options","Takeaway","1"
"0x30da2fbf86435995:0x3d3aae12c976cf22","Service options","Dine-in","1"
"0x30da2fbf86435995:0x3d3aae12c976cf22","Amenities","Gender-neutral toilets","1"
"0x30da2fbf86435995:0x3d3aae12c976cf22","Crowd","LGBTQ+ friendly","1"
"0x6f459120d75a6549:0xbe621579e9f1b514","Amenities","Toilet","1"
"0x30da3b1fd15fb371:0x69a76ba44dfca869","From the business","Identifies as women-owned","1"
"0x30da3b1fd15fb371:0x69a76ba44dfca869","Amenities","Gender-neutral toilets","1"
"0x30da3b1fd15fb371:0x69a76ba44dfca869","Amenities","Toilet","1"
"0x30da3b1fd15fb371:0x69a76ba44dfca869","Amenities","Free Wi-Fi","1"
"0x30da3b1fd15fb371:0x69a76ba44dfca869","Crowd","LGBTQ+ friendly","1"
"0x30da3b1fd15fb371:0x69a76ba44dfca869","Crowd","Transgender safe space","1"
"0x30da3b1fd15fb371:0x69a76ba44dfca869","Payments","NFC mobile payments","1"
"0x30da313a138cc0b3:0x9d606db35a7c40de","Accessibility","Wheelchair-accessible car park","1"
"0x30da313a138cc0b3:0x9d606db35a7c40de","Accessibility","Wheelchair-accessible seating","1"
"0x30da313a138cc0b3:0x9d606db35a7c40de","Accessibility","Wheelchair-accessible toilet","1"
"0x30da313a138cc0b3:0x9d606db35a7c40de","From the business","Identifies as women-owned","1"
"0x30da313a138cc0b3:0x9d606db35a7c40de","Service options","On-site services","1"
"0x30da313a138cc0b3:0x9d606db35a7c40de","Amenities","Gender-neutral toilets","1"
"0x30da313a138cc0b3:0x9d606db35a7c40de","Amenities","Toilet","1"
"0x30da313a138cc0b3:0x9d606db35a7c40de","Crowd","LGBTQ+ friendly","1"
"0x30da313a138cc0b3:0x9d606db35a7c40de","Crowd","Transgender safe space","1"
"0x30da313a138cc0b3:0x9d606db35a7c40de","Planning","Appointment required","1"
"0x30da313a138cc0b3:0x9d606db35a7c40de","Planning","Appointments recommended","1"
"0x30da313a138cc0b3:0x9d606db35a7c40de","Payments","Credit cards","1"
"0x30da313a138cc0b3:0x9d606db35a7c40de","Payments","Debit cards","1"
"0x30da313a138cc0b3:0x9d606db35a7c40de","Payments","NFC mobile payments","1"
"0x30da313a138cc0b3:0x9d606db35a7c40de","Children","Nursing room","1"
"0x30da2f003cad9d13:0xbd45a585eda1ffd0","Accessibility","Wheelchair-accessible toilet","1"
"0x30da2f003cad9d13:0xbd45a585eda1ffd0","Amenities","Toilet","1"
"0x30da2f003cad9d13:0xbd45a585eda1ffd0","Parking","Free parking lot","1"
"0x30da2f003cad9d13:0xbd45a585eda1ffd0","Parking","On-site parking","1"
"0x30da2f5c8d51e139:0x2bd1f3a0bedecfd8","Amenities","Toilet","1"
"0x30da257b3455ea85:0x6426044cb23c16b2","Accessibility","Wheelchair-accessible entrance","1"
"0x30da257b3455ea85:0x6426044cb23c16b2","Service options","On-site services","1"
"0x30da257b3455ea85:0x6426044cb23c16b2","Amenities","Toilet","1"
"0x30da257b3455ea85:0x6426044cb23c16b2","Payments","NFC mobile payments","1"
"0x30da257b3455ea85:0x6426044cb23c16b2","Parking","Free of charge street parking","1"
"0x30da257b3455ea85:0x6426044cb23c16b2","Parking","On-site parking","1"
"0x30da2f000095df65:0x97b32769852203aa","Accessibility","Assistive hearing loop","1"
"0x30da2f000095df65:0x97b32769852203aa","Accessibility","Wheelchair-accessible car park","1"
"0x30da2f000095df65:0x97b32769852203aa","Accessibility","Wheelchair-accessible seating","1"
"0x30da2f000095df65:0x97b32769852203aa","Accessibility","Wheelchair-accessible toilet","1"
"0x30da2f000095df65:0x97b32769852203aa","From the business","Identifies as women-owned","1"
"0x30da2f000095df65:0x97b32769852203aa","Service options","On-site services","1"
"0x30da2f000095df65:0x97b32769852203aa","Amenities","Gender-neutral toilets","1"
"0x30da2f000095df65:0x97b32769852203aa","Amenities","Toilet","1"
"0x30da2f000095df65:0x97b32769852203aa","Crowd","LGBTQ+ friendly","1"
"0x30da2f000095df65:0x97b32769852203aa","Crowd","Transgender safe space","1"
"0x30da2f000095df65:0x97b32769852203aa","Planning","Appointment required","1"
"0x30da2f000095df65:0x97b32769852203aa","Payments","NFC mobile payments","1"
"0x30da2f000095df65:0x97b32769852203aa","Children","Nursing room","1"
"0x30da2f000095df65:0x97b32769852203aa","Parking","Free multi-storey car park","1"
"0x30da2f000095df65:0x97b32769852203aa","Parking","Free of charge street parking","1"
"0x30da2f000095df65:0x97b32769852203aa","Parking","Free parking lot","1"
"0x30da2f000095df65:0x97b32769852203aa","Parking","On-site parking","1"
"0x30da28c27f86b6e3:0xda4c5c672b646f7a","Accessibility","Wheelchair-accessible entrance","1"
"0x30da28c27f86b6e3:0xda4c5c672b646f7a","Accessibility","Wheelchair-accessible seating","1"
"0x30da28c27f86b6e3:0xda4c5c672b646f7a","Accessibility","Wheelchair-accessible toilet","1"
"0x30da25d47847d89f:0x91d9e2c7ac928dd3","Amenities","Toilet","1"
"0x30da2da174cf682d:0x976ef778889cda33","Amenities","Toilet","1"
"0x30da2da174cf682d:0x976ef778889cda33","Crowd","Transgender safe space","1"
"0x30da2da174cf682d:0x976ef778889cda33","Planning","Appointments recommended","1"
"0x30da2da174cf682d:0x976ef778889cda33","Parking","Free of charge street parking","1"
"0x30da2da174cf682d:0x976ef778889cda33","Parking","Free parking lot","1"
"0x30da2da174cf682d:0x976ef778889cda33","Parking","On-site parking","1"
"0x30da25544fa27c73:0xd823e1beb6d75c47","Accessibility","Wheelchair-accessible car park","1"
"0x30da25544fa27c73:0xd823e1beb6d75c47","Accessibility","Wheelchair-accessible entrance","1"
"0x30da25544fa27c73:0xd823e1beb6d75c47","Accessibility","Wheelchair-accessible toilet","1"
"0x30da25544fa27c73:0xd823e1beb6d75c47","From the business","Identifies as women-owned","1"
"0x30da25544fa27c73:0xd823e1beb6d75c47","Service options","On-site services","1"
"0x30da25544fa27c73:0xd823e1beb6d75c47","Amenities","Toilet","1"
"0x30da25544fa27c73:0xd823e1beb6d75c47","Planning","Appointments recommended","1"
"0x30da25544fa27c73:0xd823e1beb6d75c47","Payments","Cash only","1"
"0x30da25544fa27c73:0xd823e1beb6d75c47","Children","Nursing room","1"
"0x30da25544fa27c73:0xd823e1beb6d75c47","Parking","Free multi-storey car park","1"
"0x30da25544fa27c73:0xd823e1beb6d75c47","Parking","Free parking lot","1"
"0x30da25544fa27c73:0xd823e1beb6d75c47","Parking","On-site parking","1"
"0x30da25dc13f83705:0x191c0f84ddd5df2a","From the business","Identifies as women-owned","1"
"0x30da25dc13f83705:0x191c0f84ddd5df2a","Amenities","Toilet","1"
"0x30da3d164bf83517:0xa9d2a1f595ea02ad","Accessibility","Wheelchair-accessible car park","1"
"0x30da3d164bf83517:0xa9d2a1f595ea02ad","Amenities","Toilet","1"
"0x30da3d164bf83517:0xa9d2a1f595ea02ad","Payments","NFC mobile payments","1"
"0x30da238cd695e64b:0x31dd2f1af0762847","Accessibility","Wheelchair-accessible entrance","1"
"0x30da238cd695e64b:0x31dd2f1af0762847","Amenities","Toilet","1"
"0x30da238cd695e64b:0x31dd2f1af0762847","Planning","Appointments recommended","1"
"0x30da37a23b1f6191:0x9560cd06e1bf6abf","Accessibility","Wheelchair-accessible car park","1"
"0x30da37a23b1f6191:0x9560cd06e1bf6abf","Accessibility","Wheelchair-accessible entrance","1"
"0x30da37a23b1f6191:0x9560cd06e1bf6abf","Accessibility","Wheelchair-accessible toilet","1"
"0x30da37a23b1f6191:0x9560cd06e1bf6abf","Amenities","Toilet","1"
"0x30da37a23b1f6191:0x9560cd06e1bf6abf","Planning","Appointments recommended","1"
"0x30da37a23b1f6191:0x9560cd06e1bf6abf","Payments","NFC mobile payments","1"
"0x30da2dbb4653daa9:0x30a52c6631ad897c","Planning","Appointments recommended","1"
"0x30da3dc049df9349:0xe25228ad0a2a3350","Accessibility","Wheelchair-accessible toilet","1"
"0x30da3dc049df9349:0xe25228ad0a2a3350","Amenities","Toilet","1"
"0x30da3dc049df9349:0xe25228ad0a2a3350","Planning","Appointment required","1"
"0x30da3dc049df9349:0xe25228ad0a2a3350","Planning","Appointments recommended","1"
"0x30da3dc049df9349:0xe25228ad0a2a3350","Payments","Credit cards","1"
"0x30da3dc049df9349:0xe25228ad0a2a3350","Payments","Debit cards","1"
"0x30da3dc049df9349:0xe25228ad0a2a3350","Payments","NFC mobile payments","1"
"0x30da21d9ac89b687:0xefb777f8a0e2ffbd","Accessibility","Wheelchair-accessible car park","1"
"0x30da21d9ac89b687:0xefb777f8a0e2ffbd","Accessibility","Wheelchair-accessible entrance","1"
"0x30da21d9ac89b687:0xefb777f8a0e2ffbd","Accessibility","Wheelchair-accessible toilet","1"
"0x30da21d9ac89b687:0xefb777f8a0e2ffbd","Amenities","Toilet","1"
"0x30da21d9ac89b687:0xefb777f8a0e2ffbd","Planning","Appointments recommended","1"
"0x30da21d9ac89b687:0xefb777f8a0e2ffbd","Parking","Free multi-storey car park","1"
"0x30da21d9ac89b687:0xefb777f8a0e2ffbd","Parking","Free of charge street parking","1"
"0x30da21d9ac89b687:0xefb777f8a0e2ffbd","Parking","Free parking lot","1"
"0x30da21d9ac89b687:0xefb777f8a0e2ffbd","Parking","On-site parking","1"
"0x30da3468cf721477:0xeb450cd15a48be0b","Accessibility","Wheelchair-accessible car park","1"
"0x30da3468cf721477:0xeb450cd15a48be0b","Accessibility","Wheelchair-accessible entrance","1"
"0x311d600c83512557:0xd1d76359559a1d74","Accessibility","Wheelchair-accessible entrance","1"
"0x311d600c83512557:0xd1d76359559a1d74","Amenities","Gender-neutral toilets","1"
"0x311d600c83512557:0xd1d76359559a1d74","Amenities","Toilet","1"
"0x311d600c83512557:0xd1d76359559a1d74","Crowd","LGBTQ+ friendly","1"
"0x311d600c83512557:0xd1d76359559a1d74","Crowd","Transgender safe space","1"
"0x311d600c83512557:0xd1d76359559a1d74","Planning","Appointments recommended","1"
"0x311d600c83512557:0xd1d76359559a1d74","Payments","Credit cards","1"
"0x311d600c83512557:0xd1d76359559a1d74","Payments","Debit cards","1"
"0x311d600c83512557:0xd1d76359559a1d74","Payments","NFC mobile payments","1"
"0x30da35a60ebfbe4b:0xd9ae3e8c8cb8ed3f","Accessibility","Wheelchair-accessible entrance","1"
"0x30da35a60ebfbe4b:0xd9ae3e8c8cb8ed3f","Accessibility","Wheelchair-accessible seating","1"
"0x30da35a60ebfbe4b:0xd9ae3e8c8cb8ed3f","Accessibility","Wheelchair-accessible toilet","1"
"0x30da35a60ebfbe4b:0xd9ae3e8c8cb8ed3f","From the business","Identifies as women-owned","1"
"0x30da35a60ebfbe4b:0xd9ae3e8c8cb8ed3f","Amenities","Gender-neutral toilets","1"
"0x30da35a60ebfbe4b:0xd9ae3e8c8cb8ed3f","Amenities","Toilet","1"
"0x30da35a60ebfbe4b:0xd9ae3e8c8cb8ed3f","Crowd","LGBTQ+ friendly","1"
"0x30da35a60ebfbe4b:0xd9ae3e8c8cb8ed3f","Crowd","Transgender safe space","1"
"0x30da35a60ebfbe4b:0xd9ae3e8c8cb8ed3f","Planning","Appointment required","1"
"0x30da35a60ebfbe4b:0xd9ae3e8c8cb8ed3f","Planning","Appointments recommended","1"
"0x30da35a60ebfbe4b:0xd9ae3e8c8cb8ed3f","Payments","NFC mobile payments","1"
"0x30da3d13ad38fb1f:0x744c2a28a197b0ed","Accessibility","Wheelchair-accessible car park","1"
"0x30da3d13ad38fb1f:0x744c2a28a197b0ed","Accessibility","Wheelchair-accessible toilet","1"
"0x30da3d13ad38fb1f:0x744c2a28a197b0ed","Amenities","Toilet","1"
"0x30da3d13ad38fb1f:0x744c2a28a197b0ed","Planning","Appointments recommended","1"
"0x30da2d350e99abd5:0x8f4a233589f88648","Accessibility","Wheelchair-accessible entrance","1"
"0x30da34782173c983:0x30bb337228ab1c44","Amenities","Toilet","1"
"0x30da34782173c983:0x30bb337228ab1c44","Planning","Appointments recommended","1"
"0x30dbd3f22b7ed7d9:0xc05c00c38450ea70","Accessibility","Wheelchair-accessible car park","1"
"0x30dbd3f22b7ed7d9:0xc05c00c38450ea70","Payments","Debit cards","1"
"0x30dbd3f22b7ed7d9:0xc05c00c38450ea70","Payments","NFC mobile payments","1"
"0x30dbd3f22b7ed7d9:0xc05c00c38450ea70","Payments","Credit cards","1"
"0x30da29440f4dc1db:0xe46a305a582933c5","Parking","Free of charge street parking","1"
"0x30da29440f4dc1db:0xe46a305a582933c5","Parking","Free parking lot","1"
"0x30dbcbf36cc5f17f:0xa6fcb204d5031e79","Amenities","Gender-neutral toilets","1"
"0x30dbcbf36cc5f17f:0xa6fcb204d5031e79","Parking","On-site parking","1"
"0x30da310d3e4eebf1:0x5400caee4e0571b1","Accessibility","Wheelchair-accessible car park","1"
"0x30da310d3e4eebf1:0x5400caee4e0571b1","Accessibility","Wheelchair-accessible entrance","1"
"0x30da310d3e4eebf1:0x5400caee4e0571b1","Service options","On-site services","1"
"0x30da310d3e4eebf1:0x5400caee4e0571b1","Amenities","Toilet","1"
"0x30da310d3e4eebf1:0x5400caee4e0571b1","Planning","Appointments recommended","1"
"0x30da310d3e4eebf1:0x5400caee4e0571b1","Planning","Accepts walk-ins","1"
"0x30da310d3e4eebf1:0x5400caee4e0571b1","Children","Good for kids","1"
"0x30da3b4a324bfbaf:0xb8ef7c366f9be0","Accessibility","Assistive hearing loop","1"
"0x30da3b4a324bfbaf:0xb8ef7c366f9be0","Accessibility","Wheelchair-accessible seating","1"
"0x30da3b4a324bfbaf:0xb8ef7c366f9be0","Accessibility","Wheelchair-accessible toilet","1"
"0x30da3b4a324bfbaf:0xb8ef7c366f9be0","Service options","On-site services","1"
"0x30da3b4a324bfbaf:0xb8ef7c366f9be0","Amenities","Toilet","1"
"0x30da3b4a324bfbaf:0xb8ef7c366f9be0","Planning","Appointment required","1"
"0x30da3b4a324bfbaf:0xb8ef7c366f9be0","Planning","Appointments recommended","1"
"0x30da3b4a324bfbaf:0xb8ef7c366f9be0","Children","Nursing room","1"
"0x30da3b4a324bfbaf:0xb8ef7c366f9be0","Parking","Free parking lot","1"
"0x30da3b4a324bfbaf:0xb8ef7c366f9be0","Parking","On-site parking","1"
"0x30da312ca2a4a849:0x1ca627d9bb8078f1","Accessibility","Wheelchair-accessible car park","1"
"0x30da312ca2a4a849:0x1ca627d9bb8078f1","Amenities","Toilet","1"
"0x30da312ca2a4a849:0x1ca627d9bb8078f1","Planning","Appointments recommended","1"
"0x30da312ca2a4a849:0x1ca627d9bb8078f1","Payments","Credit cards","1"
"0x30da312ca2a4a849:0x1ca627d9bb8078f1","Payments","Debit cards","1"
"0x30da312ca2a4a849:0x1ca627d9bb8078f1","Payments","NFC mobile payments","1"
"0x30da3bd4fb8a7573:0x3fa7b56f6dd9b0a0","Service options","On-site services","1"
"0x30da3bd4fb8a7573:0x3fa7b56f6dd9b0a0","Amenities","Toilet","1"
"0x30da3bd4fb8a7573:0x3fa7b56f6dd9b0a0","Planning","Appointment required","1"
"0x30da3bd4fb8a7573:0x3fa7b56f6dd9b0a0","Parking","Free of charge street parking","1"
"0x30da25004051a4cf:0x88340e7c0965649e","Amenities","Toilet","1"
"0x30da25004051a4cf:0x88340e7c0965649e","Planning","Appointments recommended","1"
"0x30da25004051a4cf:0x88340e7c0965649e","Payments","Credit cards","1"
"0x30da25004051a4cf:0x88340e7c0965649e","Payments","NFC mobile payments","1"
"0x30da25004051a4cf:0x88340e7c0965649e","Parking","Free parking lot","1"
"0x30da25004051a4cf:0x88340e7c0965649e","Parking","On-site parking","1"
"0x30da3b002112b62b:0x4b4bfa7e75145045","Amenities","Toilet","1"
"0x30da3b002112b62b:0x4b4bfa7e75145045","Planning","Appointments recommended","1"
"0x30da3b002112b62b:0x4b4bfa7e75145045","Parking","Free parking lot","1"
"0x30da25af9844f88b:0xb0397cfa0ea3a659","Accessibility","Wheelchair-accessible toilet","1"
"0x30da25af9844f88b:0xb0397cfa0ea3a659","Amenities","Toilet","1"
"0x30da25af9844f88b:0xb0397cfa0ea3a659","Planning","Appointments recommended","1"
"0x30da25af9844f88b:0xb0397cfa0ea3a659","Payments","Credit cards","1"
"0x30da25af9844f88b:0xb0397cfa0ea3a659","Payments","Debit cards","1"
"0x30da25af9844f88b:0xb0397cfa0ea3a659","Payments","NFC mobile payments","1"
"0x30da3a5d5f7a9d5d:0x371ceed1dfa09613","From the business","Identifies as women-owned","1"
"0x30da3a5d5f7a9d5d:0x371ceed1dfa09613","Amenities","Toilet","1"
"0x30da3a5d5f7a9d5d:0x371ceed1dfa09613","Crowd","LGBTQ+ friendly","1"
"0x30da3a5d5f7a9d5d:0x371ceed1dfa09613","Crowd","Transgender safe space","1"
"0x30da3a5d5f7a9d5d:0x371ceed1dfa09613","Planning","Appointment required","1"
"0x30da3a5d5f7a9d5d:0x371ceed1dfa09613","Planning","Appointments recommended","1"
"0x30da3a5d5f7a9d5d:0x371ceed1dfa09613","Payments","Debit cards","1"
"0x30da3a5d5f7a9d5d:0x371ceed1dfa09613","Payments","NFC mobile payments","1"
"0x30da3a5d5f7a9d5d:0x371ceed1dfa09613","Payments","Credit cards","1"
"0x30da311472e6c3c9:0xc409721d074ea35b","Accessibility","Wheelchair-accessible entrance","1"
"0x30da311472e6c3c9:0xc409721d074ea35b","Accessibility","Wheelchair-accessible seating","1"
"0x30da311472e6c3c9:0xc409721d074ea35b","Accessibility","Wheelchair-accessible toilet","1"
"0x30da311472e6c3c9:0xc409721d074ea35b","Accessibility","Assistive hearing loop","1"
"0x30da311472e6c3c9:0xc409721d074ea35b","Service options","On-site services","1"
"0x30da311472e6c3c9:0xc409721d074ea35b","Offerings","Cosmetic dentistry","1"
"0x30da311472e6c3c9:0xc409721d074ea35b","Offerings","Emergency services","1"
"0x30da311472e6c3c9:0xc409721d074ea35b","Offerings","Pediatric care","1"
"0x30da311472e6c3c9:0xc409721d074ea35b","Amenities","Toilet","1"
"0x30da311472e6c3c9:0xc409721d074ea35b","Crowd","LGBTQ+ friendly","1"
"0x30da311472e6c3c9:0xc409721d074ea35b","Crowd","Transgender safe space","1"
"0x30da311472e6c3c9:0xc409721d074ea35b","Planning","Appointment required","1"
"0x30da311472e6c3c9:0xc409721d074ea35b","Planning","Appointments recommended","1"
"0x30da311472e6c3c9:0xc409721d074ea35b","Payments","Credit cards","1"
"0x30da311472e6c3c9:0xc409721d074ea35b","Payments","Debit cards","1"
"0x30da311472e6c3c9:0xc409721d074ea35b","Payments","NFC mobile payments","1"
"0x30da311472e6c3c9:0xc409721d074ea35b","Payments","Payment plans","1"
"0x30da311472e6c3c9:0xc409721d074ea35b","Payments","Credit cards","1"
"0x30da311472e6c3c9:0xc409721d074ea35b","Children","Nursing room","1"
"0x30da311472e6c3c9:0xc409721d074ea35b","Parking","On-site parking","1"
"0x30da3a708aa1af67:0x254e6224d025171f","Accessibility","Wheelchair-accessible entrance","1"
"0x30da3a708aa1af67:0x254e6224d025171f","Service options","In-store shopping","1"
"0x30da3a708aa1af67:0x254e6224d025171f","Amenities","Toilet","1"
"0x30da3a708aa1af67:0x254e6224d025171f","Planning","Appointments recommended","1"
"0x30da3a708aa1af67:0x254e6224d025171f","Payments","Credit cards","1"
"0x30da3a708aa1af67:0x254e6224d025171f","Payments","Debit cards","1"
"0x30da3a708aa1af67:0x254e6224d025171f","Payments","NFC mobile payments","1"
"0x30da250041bc3465:0xf1c35af274bd3de5","Amenities","Toilet","1"
"0x30da250041bc3465:0xf1c35af274bd3de5","Planning","Appointments recommended","1"
"0x30da250041bc3465:0xf1c35af274bd3de5","Payments","Credit cards","1"
"0x30da250041bc3465:0xf1c35af274bd3de5","Payments","NFC mobile payments","1"
"0x30da3ad5381b1ce1:0x882368c99cb5d12a","Accessibility","Wheelchair-accessible car park","1"
"0x30da3ad5381b1ce1:0x882368c99cb5d12a","Amenities","Gender-neutral toilets","1"
"0x30da3ad5381b1ce1:0x882368c99cb5d12a","Crowd","LGBTQ+ friendly","1"
"0x30da3ad5381b1ce1:0x882368c99cb5d12a","Crowd","Transgender safe space","1"
"0x30da3ad5381b1ce1:0x882368c99cb5d12a","Payments","Credit cards","1"
"0x30da3ad5381b1ce1:0x882368c99cb5d12a","Payments","Debit cards","1"
"0x30da3ad5381b1ce1:0x882368c99cb5d12a","Payments","NFC mobile payments","1"
"0x30da2fe5552e74ef:0xa3f090b040ec63f0","Amenities","Toilet","1"
"0x30da2fe5552e74ef:0xa3f090b040ec63f0","Planning","Appointments recommended","1"
"0x30da2fe5552e74ef:0xa3f090b040ec63f0","Payments","NFC mobile payments","1"
"0x30da3154e8cfe785:0x23bb4c24ca5f171b","Accessibility","Wheelchair-accessible car park","1"
"0x30da3154e8cfe785:0x23bb4c24ca5f171b","Accessibility","Wheelchair-accessible entrance","1"
"0x30da3154e8cfe785:0x23bb4c24ca5f171b","Accessibility","Wheelchair-accessible seating","1"
"0x30da3154e8cfe785:0x23bb4c24ca5f171b","Accessibility","Wheelchair-accessible toilet","1"
"0x30da3154e8cfe785:0x23bb4c24ca5f171b","Service options","On-site services","1"
"0x30da3154e8cfe785:0x23bb4c24ca5f171b","Amenities","Gender-neutral toilets","1"
"0x30da3154e8cfe785:0x23bb4c24ca5f171b","Amenities","Toilet","1"
"0x30da3154e8cfe785:0x23bb4c24ca5f171b","Crowd","LGBTQ+ friendly","1"
"0x30da3154e8cfe785:0x23bb4c24ca5f171b","Crowd","Transgender safe space","1"
"0x30da3154e8cfe785:0x23bb4c24ca5f171b","Planning","Appointment required","1"
"0x30da3154e8cfe785:0x23bb4c24ca5f171b","Planning","Appointments recommended","1"
"0x30da3154e8cfe785:0x23bb4c24ca5f171b","Payments","Credit cards","1"
"0x30da3154e8cfe785:0x23bb4c24ca5f171b","Payments","Debit cards","1"
"0x30da3154e8cfe785:0x23bb4c24ca5f171b","Payments","Credit cards","1"
"0x30da3154e8cfe785:0x23bb4c24ca5f171b","Parking","Free parking lot","1"
"0x30da3100554edebf:0xe26533a53bdafc8d","Accessibility","Wheelchair-accessible car park","1"
"0x30da3100554edebf:0xe26533a53bdafc8d","Accessibility","Wheelchair-accessible entrance","1"
"0x30da3100554edebf:0xe26533a53bdafc8d","Service options","On-site services","1"
"0x30da3100554edebf:0xe26533a53bdafc8d","Amenities","Toilet","1"
"0x30da3100554edebf:0xe26533a53bdafc8d","Planning","Appointment required","1"
"0x30da3100554edebf:0xe26533a53bdafc8d","Planning","Appointments recommended","1"
"0x30da3af1ce75444f:0x6a96b4e8488a068f","Accessibility","Wheelchair-accessible entrance","1"
"0x30da3af1ce75444f:0x6a96b4e8488a068f","Service options","On-site services","1"
"0x30da3af1ce75444f:0x6a96b4e8488a068f","Amenities","Toilet","1"
"0x30da3af1ce75444f:0x6a96b4e8488a068f","Planning","Appointments recommended","1"
"0x30da3af1ce75444f:0x6a96b4e8488a068f","Parking","Free of charge street parking","1"
"0x30da2523508f4ae7:0xb357f457a8fab66c","Accessibility","Wheelchair-accessible car park","1"
"0x30da2523508f4ae7:0xb357f457a8fab66c","Accessibility","Wheelchair-accessible entrance","1"
"0x30da2523508f4ae7:0xb357f457a8fab66c","Accessibility","Wheelchair-accessible seating","1"
"0x30da2523508f4ae7:0xb357f457a8fab66c","Amenities","Gender-neutral toilets","1"
"0x30da2523508f4ae7:0xb357f457a8fab66c","Amenities","Toilet","1"
"0x30da2523508f4ae7:0xb357f457a8fab66c","Crowd","LGBTQ+ friendly","1"
"0x30da2523508f4ae7:0xb357f457a8fab66c","Crowd","Transgender safe space","1"
"0x30da2523508f4ae7:0xb357f457a8fab66c","Planning","Appointment required","1"
"0x30da2523508f4ae7:0xb357f457a8fab66c","Planning","Appointments recommended","1"
"0x30da2523508f4ae7:0xb357f457a8fab66c","Payments","Debit cards","1"
"0x30da2523508f4ae7:0xb357f457a8fab66c","Payments","NFC mobile payments","1"
"0x30da2523508f4ae7:0xb357f457a8fab66c","Parking","Free parking lot","1"
"0x30da2523508f4ae7:0xb357f457a8fab66c","Parking","On-site parking","1"
"0x30da35dba35770f9:0xc97a20c541b06464","Accessibility","Wheelchair-accessible entrance","1"
"0x30da35dba35770f9:0xc97a20c541b06464","Accessibility","Wheelchair-accessible toilet","1"
"0x30da35dba35770f9:0xc97a20c541b06464","Amenities","Toilet","1"
"0x30da23570bb61f49:0x764b9e59da3dfd7e","From the business","Identifies as women-owned","1"
"0x30da23570bb61f49:0x764b9e59da3dfd7e","Amenities","Gender-neutral toilets","1"
"0x30da23570bb61f49:0x764b9e59da3dfd7e","Amenities","Toilet","1"
"0x30da23570bb61f49:0x764b9e59da3dfd7e","Crowd","LGBTQ+ friendly","1"
"0x30da23570bb61f49:0x764b9e59da3dfd7e","Crowd","Transgender safe space","1"
"0x30da23570bb61f49:0x764b9e59da3dfd7e","Planning","Appointments recommended","1"
"0x30da3b1e01ab54eb:0xd99414b9661b4bf1","Amenities","Toilet","1"
"0x30da3aa81476ef6b:0xc2c84d77c3678950","Accessibility","Wheelchair-accessible car park","1"
"0x30da3aa81476ef6b:0xc2c84d77c3678950","Accessibility","Wheelchair-accessible entrance","1"
"0x30da3aa81476ef6b:0xc2c84d77c3678950","Amenities","Toilet","1"
"0x30da3aa3cbf3c76f:0xbeb99b1ac53529d0","Accessibility","Wheelchair-accessible entrance","1"
"0x30da3aa3cbf3c76f:0xbeb99b1ac53529d0","Amenities","Toilet","1"
"0x30da3aa3cbf3c76f:0xbeb99b1ac53529d0","Planning","Appointments recommended","1"
"0x30da3aa3cbf3c76f:0xbeb99b1ac53529d0","Payments","Debit cards","1"
"0x30da3aa3cbf3c76f:0xbeb99b1ac53529d0","Payments","NFC mobile payments","1"
"0x30da3aa3cbf3c76f:0xbeb99b1ac53529d0","Payments","Credit cards","1"
"0x30da3a9ff9e1586f:0x39e0e2df2993e96f","Accessibility","Wheelchair-accessible car park","1"
"0x30da3a9ff9e1586f:0x39e0e2df2993e96f","Accessibility","Wheelchair-accessible entrance","1"
"0x30da3a9ff9e1586f:0x39e0e2df2993e96f","Accessibility","Wheelchair-accessible toilet","1"
"0x30da3a9ff9e1586f:0x39e0e2df2993e96f","Amenities","Toilet","1"
"0x30da3a9ff9e1586f:0x39e0e2df2993e96f","Planning","Appointments recommended","1"
"0x30da3a8694e9340f:0x4263862b7712ec16","Accessibility","Wheelchair-accessible car park","1"
"0x30da3a8694e9340f:0x4263862b7712ec16","Accessibility","Wheelchair-accessible entrance","1"
"0x30da3a8694e9340f:0x4263862b7712ec16","Accessibility","Wheelchair-accessible toilet","1"
"0x30da3a8694e9340f:0x4263862b7712ec16","Service options","On-site services","1"
"0x30da3a8694e9340f:0x4263862b7712ec16","Amenities","Toilet","1"
"0x30da3a8694e9340f:0x4263862b7712ec16","Planning","Appointments recommended","1"
"0x30da3a8694e9340f:0x4263862b7712ec16","Payments","Debit cards","1"
"0x30da3a8694e9340f:0x4263862b7712ec16","Payments","NFC mobile payments","1"
"0x30da3000da824ccb:0xf64120c7ed6462fa","Accessibility","Wheelchair-accessible car park","1"
"0x30da3000da824ccb:0xf64120c7ed6462fa","Accessibility","Wheelchair-accessible entrance","1"
"0x30da3000da824ccb:0xf64120c7ed6462fa","Accessibility","Wheelchair-accessible toilet","1"
"0x30da3000da824ccb:0xf64120c7ed6462fa","Amenities","Toilet","1"
"0x30da3000da824ccb:0xf64120c7ed6462fa","Payments","NFC mobile payments","1"
"0x30da30085241362d:0x7ee818bc8ab50ea9","Amenities","Toilet","1"
"0x30da30085241362d:0x7ee818bc8ab50ea9","Planning","Appointments recommended","1"
"0x30da30085241362d:0x7ee818bc8ab50ea9","Payments","Credit cards","1"
"0x30da30085241362d:0x7ee818bc8ab50ea9","Payments","NFC mobile payments","1"
"0x30da3bb4d3879b4b:0x23890fefbdbaee11","Payments","NFC mobile payments","1"
"0x30da31b5db210055:0x9898353d0158026d","Accessibility","Wheelchair-accessible car park","1"
"0x30da31b5db210055:0x9898353d0158026d","Accessibility","Wheelchair-accessible seating","1"
"0x30da31b5db210055:0x9898353d0158026d","Accessibility","Wheelchair-accessible toilet","1"
"0x30da31b5db210055:0x9898353d0158026d","From the business","Identifies as women-owned","1"
"0x30da31b5db210055:0x9898353d0158026d","Amenities","Gender-neutral toilets","1"
"0x30da31b5db210055:0x9898353d0158026d","Amenities","Toilet","1"
"0x30da31b5db210055:0x9898353d0158026d","Crowd","LGBTQ+ friendly","1"
"0x30da31b5db210055:0x9898353d0158026d","Crowd","Transgender safe space","1"
"0x30da31b5db210055:0x9898353d0158026d","Planning","Appointment required","1"
"0x30da31b5db210055:0x9898353d0158026d","Planning","Appointments recommended","1"
"0x30da31b5db210055:0x9898353d0158026d","Payments","Debit cards","1"
"0x30da31b5db210055:0x9898353d0158026d","Payments","Credit cards","1"
"0x30da31b5db210055:0x9898353d0158026d","Parking","Free parking lot","1"
"0x30da3099a3aee7f5:0x8a778ee7fe83e995","Accessibility","Wheelchair-accessible entrance","1"
"0x30da3099a3aee7f5:0x8a778ee7fe83e995","Amenities","Toilet","1"
"0x30da3099a3aee7f5:0x8a778ee7fe83e995","Planning","Appointments recommended","1"
"0x30da3099a3aee7f5:0x8a778ee7fe83e995","Payments","Credit cards","1"
"0x30da3099a3aee7f5:0x8a778ee7fe83e995","Payments","Debit cards","1"
"0x30da3099a3aee7f5:0x8a778ee7fe83e995","Payments","NFC mobile payments","1"
"0x30da3099a3aee7f5:0x8a778ee7fe83e995","Payments","Credit cards","1"
"0x30da3b005844a7d7:0x4d74a5e1e81db7ed","Amenities","Toilet","1"
"0x30da3be7dfcc4c87:0x843a6c20c13c7ae5","Accessibility","Wheelchair-accessible entrance","1"
"0x30da3be7dfcc4c87:0x843a6c20c13c7ae5","Accessibility","Wheelchair-accessible toilet","1"
"0x30da3be7dfcc4c87:0x843a6c20c13c7ae5","Service options","On-site services","1"
"0x30da3be7dfcc4c87:0x843a6c20c13c7ae5","Amenities","Toilet","1"
"0x30da3be7dfcc4c87:0x843a6c20c13c7ae5","Crowd","LGBTQ+ friendly","1"
"0x30da3be7dfcc4c87:0x843a6c20c13c7ae5","Crowd","Transgender safe space","1"
"0x30da3be7dfcc4c87:0x843a6c20c13c7ae5","Planning","Appointment required","1"
"0x30da3be7dfcc4c87:0x843a6c20c13c7ae5","Planning","Appointments recommended","1"
"0x30da3b590ba0a30b:0xc6b6679da5704041","Accessibility","Wheelchair-accessible entrance","1"
"0x30da3b590ba0a30b:0xc6b6679da5704041","Accessibility","Wheelchair-accessible toilet","1"
"0x30da3b590ba0a30b:0xc6b6679da5704041","Amenities","Toilet","1"
"0x30da3b590ba0a30b:0xc6b6679da5704041","Crowd","LGBTQ+ friendly","1"
"0x30da3b590ba0a30b:0xc6b6679da5704041","Crowd","Transgender safe space","1"
"0x30da3b590ba0a30b:0xc6b6679da5704041","Planning","Appointment required","1"
"0x30da3b590ba0a30b:0xc6b6679da5704041","Planning","Appointments recommended","1"
"0x30da3b590ba0a30b:0xc6b6679da5704041","Payments","NFC mobile payments","1"
"0x30da3064b34c765d:0xa2d664268c16d3fe","Amenities","Toilet","1"
"0x30da3a6655555555:0x9e4095493823b7c3","Accessibility","Wheelchair-accessible car park","1"
"0x30da3a6655555555:0x9e4095493823b7c3","Payments","Credit cards","1"
"0x30da3a6655555555:0x9e4095493823b7c3","Payments","Debit cards","1"
"0x30da3a6655555555:0x9e4095493823b7c3","Payments","NFC mobile payments","1"
"0x30da31907ac97197:0xb5f7d9bd0b43b6af","Amenities","Toilet","1"
"0x30da31907ac97197:0xb5f7d9bd0b43b6af","Planning","Appointments recommended","1"
"0x30da31c2f9aaaf6f:0x2a8a0cea83cd2405","Accessibility","Wheelchair-accessible entrance","1"
"0x30da31c2f9aaaf6f:0x2a8a0cea83cd2405","Accessibility","Wheelchair-accessible toilet","1"
"0x30da31c2f9aaaf6f:0x2a8a0cea83cd2405","Amenities","Toilet","1"
"0x30da31c2f9aaaf6f:0x2a8a0cea83cd2405","Crowd","LGBTQ+ friendly","1"
"0x30da31c2f9aaaf6f:0x2a8a0cea83cd2405","Crowd","Transgender safe space","1"
"0x30da31c2f9aaaf6f:0x2a8a0cea83cd2405","Parking","Free parking lot","1"
"0x30da31c2f9aaaf6f:0x2a8a0cea83cd2405","Parking","On-site parking","1"
"0x30da251519bd7209:0xe1adf9abed782c05","Accessibility","Wheelchair-accessible seating","1"
"0x30da251519bd7209:0xe1adf9abed782c05","Accessibility","Wheelchair-accessible toilet","1"
"0x30da251519bd7209:0xe1adf9abed782c05","Amenities","Gender-neutral toilets","1"
"0x30da251519bd7209:0xe1adf9abed782c05","Amenities","Toilet","1"
"0x30da251519bd7209:0xe1adf9abed782c05","Crowd","LGBTQ+ friendly","1"
"0x30da251519bd7209:0xe1adf9abed782c05","Crowd","Transgender safe space","1"
"0x30da251519bd7209:0xe1adf9abed782c05","Planning","Appointment required","1"
"0x30da251519bd7209:0xe1adf9abed782c05","Planning","Appointments recommended","1"
"0x30da251519bd7209:0xe1adf9abed782c05","Payments","Debit cards","1"
"0x30da251519bd7209:0xe1adf9abed782c05","Payments","NFC mobile payments","1"
"0x30da3bce3523873d:0xf6ebbbdc68d05bd9","Accessibility","Wheelchair accessible restroom","1"
"0x30da3bce3523873d:0xf6ebbbdc68d05bd9","Accessibility","Wheelchair accessible seating","1"
"0x30da3bce3523873d:0xf6ebbbdc68d05bd9","From the business","Identifies as women-owned","1"
"0x30da3bce3523873d:0xf6ebbbdc68d05bd9","Amenities","Restroom","1"
"0x30da3bce3523873d:0xf6ebbbdc68d05bd9","Planning","Appointment required","1"
"0x30da3aea9d47b161:0x9f68ed3b6a999a05","Accessibility","Wheelchair-accessible car park","1"
"0x30da3aea9d47b161:0x9f68ed3b6a999a05","Amenities","Toilet","1"
"0x30da2fcd9ca6ba95:0x39dae9dfb3bfc0f","Payments","Credit cards","1"
"0x30da2fcd9ca6ba95:0x39dae9dfb3bfc0f","Payments","Debit cards","1"
"0x30da2fcd9ca6ba95:0x39dae9dfb3bfc0f","Payments","NFC mobile payments","1"
"0x30da30e61b512ce5:0x8738c282968132a3","From the business","Identifies as women-owned","1"
"0x30da30e61b512ce5:0x8738c282968132a3","Amenities","Toilet","1"
"0x30da30e61b512ce5:0x8738c282968132a3","Planning","Appointment required","1"
"0x30da30e61b512ce5:0x8738c282968132a3","Planning","Appointments recommended","1"
"0x30da30e61b512ce5:0x8738c282968132a3","Payments","Credit cards","1"
"0x30da30e61b512ce5:0x8738c282968132a3","Payments","Debit cards","1"
"0x30da30e61b512ce5:0x8738c282968132a3","Payments","NFC mobile payments","1"
"0x30da30e61b512ce5:0x8738c282968132a3","Payments","Credit cards","1"
"0x30da25b9e15cad7f:0xff7aa43b3329a1d7","Accessibility","Wheelchair-accessible car park","1"
"0x30da25b9e15cad7f:0xff7aa43b3329a1d7","Accessibility","Wheelchair-accessible entrance","1"
"0x30da24d526f0d08b:0xc02245e5cfcb4c75","From the business","Identifies as women-owned","1"
"0x30da24d526f0d08b:0xc02245e5cfcb4c75","Service options","On-site services","1"
"0x30da24d526f0d08b:0xc02245e5cfcb4c75","Amenities","Gender-neutral toilets","1"
"0x30da24d526f0d08b:0xc02245e5cfcb4c75","Crowd","LGBTQ+ friendly","1"
"0x30da24d526f0d08b:0xc02245e5cfcb4c75","Crowd","Transgender safe space","1"
"0x30da24d526f0d08b:0xc02245e5cfcb4c75","Payments","Credit cards","1"
"0x30da24d526f0d08b:0xc02245e5cfcb4c75","Payments","Debit cards","1"
"0x30da24d526f0d08b:0xc02245e5cfcb4c75","Payments","NFC mobile payments","1"
"0x30da24d526f0d08b:0xc02245e5cfcb4c75","Payments","Credit cards","1"
"0x30da24d526f0d08b:0xc02245e5cfcb4c75","Parking","Free of charge street parking","1"
"0x30da24d526f0d08b:0xc02245e5cfcb4c75","Parking","Free parking lot","1"
"0x30da24d526f0d08b:0xc02245e5cfcb4c75","Parking","On-site parking","1"
"0x30da31b1a9b9b665:0x90e1b24048e8ed1d","Accessibility","Wheelchair-accessible car park","1"
"0x30da31b1a9b9b665:0x90e1b24048e8ed1d","Accessibility","Wheelchair-accessible toilet","1"
"0x30da31b1a9b9b665:0x90e1b24048e8ed1d","Amenities","Toilet","1"
"0x30da31b1a9b9b665:0x90e1b24048e8ed1d","Crowd","LGBTQ+ friendly","1"
"0x30da31b1a9b9b665:0x90e1b24048e8ed1d","Crowd","Transgender safe space","1"
"0x30da31b1a9b9b665:0x90e1b24048e8ed1d","Planning","Appointments recommended","1"
"0x30da31b1a9b9b665:0x90e1b24048e8ed1d","Payments","Debit cards","1"
"0x30da31b1a9b9b665:0x90e1b24048e8ed1d","Payments","NFC mobile payments","1"
"0x30da31b1a9b9b665:0x90e1b24048e8ed1d","Payments","Credit cards","1"
"0x30da3b766ccfe087:0x8217d8b16a84bb1e","Accessibility","Wheelchair-accessible car park","1"
"0x30da3b766ccfe087:0x8217d8b16a84bb1e","Accessibility","Wheelchair-accessible entrance","1"
"0x30da3b766ccfe087:0x8217d8b16a84bb1e","Accessibility","Wheelchair-accessible toilet","1"
"0x30da3b766ccfe087:0x8217d8b16a84bb1e","Amenities","Toilet","1"
"0x30da3b766ccfe087:0x8217d8b16a84bb1e","Planning","Appointments recommended","1"
"0x30da25007e685315:0x58b08d044cae34ae","Accessibility","Wheelchair-accessible entrance","1"
"0x30da25007e685315:0x58b08d044cae34ae","Accessibility","Wheelchair-accessible seating","1"
"0x30da25007e685315:0x58b08d044cae34ae","Service options","On-site services","1"
"0x30da25007e685315:0x58b08d044cae34ae","Amenities","Toilet","1"
"0x30da25007e685315:0x58b08d044cae34ae","Crowd","LGBTQ+ friendly","1"
"0x30da25007e685315:0x58b08d044cae34ae","Crowd","Transgender safe space","1"
"0x30da25007e685315:0x58b08d044cae34ae","Children","Nursing room","1"
"0x30da253a400e9563:0xf71bd742f2a001f4","Accessibility","Wheelchair-accessible car park","1"
"0x30da253a400e9563:0xf71bd742f2a001f4","Accessibility","Wheelchair-accessible entrance","1"
"0x30da253a400e9563:0xf71bd742f2a001f4","Amenities","Toilet","1"
"0x30da3124a428a107:0xff351202849cbe38","Accessibility","Wheelchair-accessible car park","1"
"0x30da3124a428a107:0xff351202849cbe38","Payments","Credit cards","1"
"0x30da3124a428a107:0xff351202849cbe38","Payments","NFC mobile payments","1"
"0x30da3bf81259464b:0x4f62e807caa2179e","Accessibility","Wheelchair-accessible car park","1"
"0x30da3bf81259464b:0x4f62e807caa2179e","Accessibility","Wheelchair-accessible entrance","1"
"0x30da252ad8f2535f:0xc5c4f14c7e5f5cc2","Accessibility","Wheelchair-accessible car park","1"
"0x30da252ad8f2535f:0xc5c4f14c7e5f5cc2","Accessibility","Wheelchair-accessible entrance","1"
"0x30da252ad8f2535f:0xc5c4f14c7e5f5cc2","Accessibility","Wheelchair-accessible toilet","1"
"0x30da252ad8f2535f:0xc5c4f14c7e5f5cc2","Service options","No-contact delivery","1"
"0x30da252ad8f2535f:0xc5c4f14c7e5f5cc2","Service options","Delivery","1"
"0x30da252ad8f2535f:0xc5c4f14c7e5f5cc2","Service options","On-site services","1"
"0x30da252ad8f2535f:0xc5c4f14c7e5f5cc2","Highlights","Great produce","1"
"0x30da252ad8f2535f:0xc5c4f14c7e5f5cc2","Offerings","Food","1"
"0x30da252ad8f2535f:0xc5c4f14c7e5f5cc2","Amenities","Toilet","1"
"0x30da252ad8f2535f:0xc5c4f14c7e5f5cc2","Planning","Quick visit","1"
"0x30da252ad8f2535f:0xc5c4f14c7e5f5cc2","Recycling","Glass bottles","1"
"0x30da252ad8f2535f:0xc5c4f14c7e5f5cc2","Recycling","Metal cans","1"
"0x30da252ad8f2535f:0xc5c4f14c7e5f5cc2","Recycling","Plastic bags","1"
"0x30da252ad8f2535f:0xc5c4f14c7e5f5cc2","Payments","Credit cards","1"
"0x30da252ad8f2535f:0xc5c4f14c7e5f5cc2","Payments","Debit cards","1"
"0x30da252ad8f2535f:0xc5c4f14c7e5f5cc2","Payments","NFC mobile payments","1"
"0x30da252ad8f2535f:0xc5c4f14c7e5f5cc2","Parking","Free of charge street parking","1"
"0x30da252ad8f2535f:0xc5c4f14c7e5f5cc2","Parking","Free parking lot","1"
"0x30da252ad8f2535f:0xc5c4f14c7e5f5cc2","Parking","Paid parking lot","1"
"0x30da31c8f355412d:0x55a85af2bf956591","Amenities","Toilet","1"
"0x30da25b41ae6e5a7:0x772723f428f2422e","Amenities","Toilet","1"
"0x30da30fb0d4576ab:0x1b949980d18002ce","Accessibility","Wheelchair-accessible car park","1"
"0x30da30fb0d4576ab:0x1b949980d18002ce","Accessibility","Wheelchair-accessible entrance","1"
"0x30da30fb0d4576ab:0x1b949980d18002ce","Service options","Delivery","1"
"0x30da30fb0d4576ab:0x1b949980d18002ce","Planning","Quick visit","1"
"0x30da30fb0d4576ab:0x1b949980d18002ce","Payments","Credit cards","1"
"0x30da30fb0d4576ab:0x1b949980d18002ce","Payments","Debit cards","1"
"0x30da30fb0d4576ab:0x1b949980d18002ce","Payments","NFC mobile payments","1"
"0x30da3181e2d10343:0xbc399a13e3333ba","Accessibility","Wheelchair-accessible car park","1"
"0x30da3181e2d10343:0xbc399a13e3333ba","Payments","Credit cards","1"
"0x30da3181e2d10343:0xbc399a13e3333ba","Payments","Debit cards","1"
"0x30da3181e2d10343:0xbc399a13e3333ba","Payments","NFC mobile payments","1"
"0x30da2fd4f0eb0483:0xeeeece1b2c577dbb","Amenities","Toilet","1"
"0x30da2fd4f0eb0483:0xeeeece1b2c577dbb","Planning","Appointments recommended","1"
"0x30da251d8a8e5b81:0x8fd37ea3883ce98f","Accessibility","Wheelchair-accessible car park","1"
"0x30da251d8a8e5b81:0x8fd37ea3883ce98f","Accessibility","Wheelchair-accessible entrance","1"
"0x30da251d8a8e5b81:0x8fd37ea3883ce98f","Accessibility","Wheelchair-accessible toilet","1"
"0x30da251d8a8e5b81:0x8fd37ea3883ce98f","Amenities","Toilet","1"
"0x30da251d8a8e5b81:0x8fd37ea3883ce98f","Planning","Appointments recommended","1"
"0x30da2e3085fa5367:0xdf42182db088f4f3","Accessibility","Wheelchair-accessible entrance","1"
"0x30da2e3085fa5367:0xdf42182db088f4f3","Accessibility","Wheelchair-accessible seating","1"
"0x30da2e3085fa5367:0xdf42182db088f4f3","Service options","On-site services","1"
"0x30da2e3085fa5367:0xdf42182db088f4f3","Amenities","Toilet","1"
"0x30da2e3085fa5367:0xdf42182db088f4f3","Planning","Appointments recommended","1"
"0x30da2e3085fa5367:0xdf42182db088f4f3","Payments","NFC mobile payments","1"
"0x30da2e3085fa5367:0xdf42182db088f4f3","Parking","Free of charge street parking","1"
"0x30da2e3085fa5367:0xdf42182db088f4f3","Parking","On-site parking","1"
"0x30da314e28f79f8b:0x4642f08cf1026b20","Accessibility","Wheelchair-accessible car park","1"
"0x30da314e28f79f8b:0x4642f08cf1026b20","Accessibility","Wheelchair-accessible entrance","1"
"0x30da314e28f79f8b:0x4642f08cf1026b20","Accessibility","Wheelchair-accessible toilet","1"
"0x30da314e28f79f8b:0x4642f08cf1026b20","Amenities","Toilet","1"
"0x30da314e28f79f8b:0x4642f08cf1026b20","Crowd","LGBTQ+ friendly","1"
"0x30da314e28f79f8b:0x4642f08cf1026b20","Crowd","Transgender safe space","1"
"0x30da314e28f79f8b:0x4642f08cf1026b20","Planning","Appointments recommended","1"
"0x30da314e28f79f8b:0x4642f08cf1026b20","Payments","Credit cards","1"
"0x30da314e28f79f8b:0x4642f08cf1026b20","Payments","Debit cards","1"
"0x30da314e28f79f8b:0x4642f08cf1026b20","Payments","NFC mobile payments","1"
"0x30da3b00354a3713:0xd89317ec4cf0a2c","Amenities","Toilet","1"
"0x30da251d04d00aa5:0xda868e7021f6b44f","Parking","On-site parking","1"
"0x30da2d70b07e0847:0x58c2e717ac36933d","Accessibility","Wheelchair-accessible car park","1"
"0x30da2d70b07e0847:0x58c2e717ac36933d","Amenities","Toilet","1"
"0x30da2d70b07e0847:0x58c2e717ac36933d","Planning","Appointments recommended","1"
"0x30da2d70b07e0847:0x58c2e717ac36933d","Payments","NFC mobile payments","1"
"0x30dbd3aff225bee3:0xf2376603dd28165","Amenities","Toilet","1"
"0x30dbd3aff225bee3:0xf2376603dd28165","Planning","Appointment required","1"
"0x30dbd3aff225bee3:0xf2376603dd28165","Planning","Appointments recommended","1"
"0x30dbd3aff225bee3:0xf2376603dd28165","Payments","NFC mobile payments","1"
"0x30da17fc008c6805:0xcbe380b10e5da5cc","Accessibility","Wheelchair-accessible car park","1"
"0x30da17fc008c6805:0xcbe380b10e5da5cc","Amenities","Toilet","1"
"0x30da17fc008c6805:0xcbe380b10e5da5cc","Planning","Appointments recommended","1"
"0x30dbd346e1c00905:0x2f379510e5109ba5","Accessibility","Wheelchair-accessible car park","1"
"0x30dbd346e1c00905:0x2f379510e5109ba5","Payments","Credit cards","1"
"0x30dbd346e1c00905:0x2f379510e5109ba5","Payments","NFC mobile payments","1"
"0x30da3b2afd9ab95b:0x174d53e0b0a11b3a","Amenities","Toilet","1"
"0x30da3b2afd9ab95b:0x174d53e0b0a11b3a","Planning","Appointments recommended","1"
"0x30da3b2afd9ab95b:0x174d53e0b0a11b3a","Payments","Credit cards","1"
"0x30da3b2afd9ab95b:0x174d53e0b0a11b3a","Payments","NFC mobile payments","1"
"0x30da3b2e957874b9:0xbad6cbd54baf41c2","Amenities","Toilet","1"
"0x30da3b2e957874b9:0xbad6cbd54baf41c2","Planning","Appointments recommended","1"
"0x30da3b2e957874b9:0xbad6cbd54baf41c2","Payments","Credit cards","1"
"0x30da3b2e957874b9:0xbad6cbd54baf41c2","Payments","NFC mobile payments","1"
"0x30da3b2e957874b9:0xbad6cbd54baf41c2","Parking","Free parking lot","1"
"0x30da3b2e957874b9:0xbad6cbd54baf41c2","Parking","On-site parking","1"
"0x30da3b03ca37ed63:0x8e474277f991e678","Accessibility","Wheelchair-accessible car park","1"
"0x30da3b03ca37ed63:0x8e474277f991e678","Payments","NFC mobile payments","1"
"0x30da3b0d151a979b:0xb5824cc5d65ff9a9","Accessibility","Wheelchair-accessible car park","1"
"0x30da3b0d151a979b:0xb5824cc5d65ff9a9","Amenities","Toilet","1"
"0x30da3b0d151a979b:0xb5824cc5d65ff9a9","Planning","Appointments recommended","1"
"0x30da3b0d151a979b:0xb5824cc5d65ff9a9","Payments","Credit cards","1"
"0x30da3b0d151a979b:0xb5824cc5d65ff9a9","Payments","Debit cards","1"
"0x30da3b0d151a979b:0xb5824cc5d65ff9a9","Payments","NFC mobile payments","1"
"0x30da317c7e190437:0x731598ec39418734","Accessibility","Wheelchair accessible parking lot","1"
"0x30da317c7e190437:0x731598ec39418734","Service options","Onsite services","1"
"0x30da317c7e190437:0x731598ec39418734","Offerings","Beverages","1"
"0x30da317c7e190437:0x731598ec39418734","Amenities","Restroom","1"
"0x30da317c7e190437:0x731598ec39418734","Crowd","LGBTQ+ friendly","1"
"0x30da317c7e190437:0x731598ec39418734","Crowd","Transgender safespace","1"
"0x30da317c7e190437:0x731598ec39418734","Planning","Appointments recommended","1"
"0x30da317c7e190437:0x731598ec39418734","Planning","Accepts walk-ins","1"
"0x30da317c7e190437:0x731598ec39418734","Payments","Credit cards","1"
"0x30da317c7e190437:0x731598ec39418734","Payments","NFC mobile payments","1"
"0x30da317c7e190437:0x731598ec39418734","Parking","Free parking lot","1"
"0x30da317c7e190437:0x731598ec39418734","Parking","Free street parking","1"
"0x30da317c7e190437:0x731598ec39418734","Parking","On-site parking","1"
"0x30da313e199d0771:0x8398020ecc4de8c3","Amenities","Toilet","1"
"0x30da25004f87224b:0x99295ac1bcd341a3","Payments","NFC mobile payments","1"
"0x30da258a08ce7fe7:0x894bf4eb3fdc1d90","From the business","Identifies as women-owned","1"
"0x30da258a08ce7fe7:0x894bf4eb3fdc1d90","Service options","On-site services","1"
"0x30da258a08ce7fe7:0x894bf4eb3fdc1d90","Amenities","Gender-neutral toilets","1"
"0x30da258a08ce7fe7:0x894bf4eb3fdc1d90","Amenities","Toilet","1"
"0x30da258a08ce7fe7:0x894bf4eb3fdc1d90","Crowd","LGBTQ+ friendly","1"
"0x30da258a08ce7fe7:0x894bf4eb3fdc1d90","Crowd","Transgender safe space","1"
"0x30da258a08ce7fe7:0x894bf4eb3fdc1d90","Planning","Appointment required","1"
"0x30da258a08ce7fe7:0x894bf4eb3fdc1d90","Payments","Credit cards","1"
"0x30da258a08ce7fe7:0x894bf4eb3fdc1d90","Children","Nursing room","1"
"0x30da258a08ce7fe7:0x894bf4eb3fdc1d90","Parking","Free parking lot","1"
"0x30da258a08ce7fe7:0x894bf4eb3fdc1d90","Parking","On-site parking","1"
"0x30da2f9f80bdbcf9:0xc639046ff6fd4b42","Accessibility","Wheelchair-accessible car park","1"
"0x30da2f9f80bdbcf9:0xc639046ff6fd4b42","Accessibility","Wheelchair-accessible entrance","1"
"0x30da2f9f80bdbcf9:0xc639046ff6fd4b42","Accessibility","Wheelchair-accessible seating","1"
"0x30da2f9f80bdbcf9:0xc639046ff6fd4b42","Accessibility","Wheelchair-accessible toilet","1"
"0x30da2f9f80bdbcf9:0xc639046ff6fd4b42","Amenities","Toilet","1"
"0x30da2f9f80bdbcf9:0xc639046ff6fd4b42","Planning","Appointments recommended","1"
"0x30da2f9f80bdbcf9:0xc639046ff6fd4b42","Payments","NFC mobile payments","1"
"0x30da2f9f80bdbcf9:0xc639046ff6fd4b42","Parking","On-site parking","1"
"0x30da3b18532aed09:0xe56dace8b4b79c01","Service options","On-site services","1"
"0x30da3b18532aed09:0xe56dace8b4b79c01","Amenities","Gender-neutral toilets","1"
"0x30da3b18532aed09:0xe56dace8b4b79c01","Amenities","Toilet","1"
"0x30da3b18532aed09:0xe56dace8b4b79c01","Crowd","LGBTQ+ friendly","1"
"0x30da3b18532aed09:0xe56dace8b4b79c01","Crowd","Transgender safe space","1"
"0x30da3b18532aed09:0xe56dace8b4b79c01","Payments","Credit cards","1"
"0x30da3b18532aed09:0xe56dace8b4b79c01","Payments","Credit cards","1"
"0x30da3b18532aed09:0xe56dace8b4b79c01","Parking","Free multi-storey car park","1"
"0x30da3b18532aed09:0xe56dace8b4b79c01","Parking","Free of charge street parking","1"
"0x30da31d892242779:0x41841c3eefb6c066","Amenities","Toilet","1"
"0x30da31d892242779:0x41841c3eefb6c066","Planning","Appointments recommended","1"
"0x30da31d892242779:0x41841c3eefb6c066","Payments","NFC mobile payments","1"
"0x30da3aa3ef6cf1a3:0xe4812c5bb30434ca","Accessibility","Wheelchair-accessible car park","1"
"0x30da3aa3ef6cf1a3:0xe4812c5bb30434ca","Accessibility","Wheelchair-accessible entrance","1"
"0x30da3aa3ef6cf1a3:0xe4812c5bb30434ca","Service options","On-site services","1"
"0x30da3a9923422b29:0xc6c5b4b44a412073","Amenities","Toilet","1"
"0x30da3a9923422b29:0xc6c5b4b44a412073","Crowd","LGBTQ+ friendly","1"
"0x30da3a9923422b29:0xc6c5b4b44a412073","Crowd","Transgender safe space","1"
"0x30da3a9923422b29:0xc6c5b4b44a412073","Planning","Appointments recommended","1"
"0x30da3a9923422b29:0xc6c5b4b44a412073","Payments","Credit cards","1"
"0x30da3a9923422b29:0xc6c5b4b44a412073","Payments","Debit cards","1"
"0x30da3a9923422b29:0xc6c5b4b44a412073","Payments","NFC mobile payments","1"
"0x30da3bfd3b64eddb:0x4b130d50158fa1df","Amenities","Toilet","1"
"0x30da3bfd3b64eddb:0x4b130d50158fa1df","Planning","Appointments recommended","1"
"0x30da3bfd3b64eddb:0x4b130d50158fa1df","Payments","Credit cards","1"
"0x30da3bfd3b64eddb:0x4b130d50158fa1df","Payments","Debit cards","1"
"0x30da3bfd3b64eddb:0x4b130d50158fa1df","Payments","NFC mobile payments","1"
"0x30da3a8eacd99ee5:0x2e0c431165e1881a","Amenities","Toilet","1"
"0x30da3a8eacd99ee5:0x2e0c431165e1881a","Planning","Appointment required","1"
"0x30da3a8eacd99ee5:0x2e0c431165e1881a","Planning","Appointments recommended","1"
"0x30da3a8eacd99ee5:0x2e0c431165e1881a","Payments","Credit cards","1"
"0x30da3a8eacd99ee5:0x2e0c431165e1881a","Payments","Debit cards","1"
"0x30da3a8eacd99ee5:0x2e0c431165e1881a","Payments","NFC mobile payments","1"
"0x30da3a8eacd99ee5:0x2e0c431165e1881a","Payments","Credit cards","1"
"0x30da3a8eacd99ee5:0x2e0c431165e1881a","Parking","Free of charge street parking","1"
"0x30da3a8eacd99ee5:0x2e0c431165e1881a","Parking","Free parking lot","1"
"0x30da3a8eacd99ee5:0x2e0c431165e1881a","Parking","On-site parking","1"
"0x30da3a88d00506a9:0x3c8f1ecd5468a5f7","Amenities","Toilet","1"
"0x30da3a88d00506a9:0x3c8f1ecd5468a5f7","Crowd","Transgender safe space","1"
"0x30da3a88d00506a9:0x3c8f1ecd5468a5f7","Planning","Appointments recommended","1"
"0x30da3a88d00506a9:0x3c8f1ecd5468a5f7","Payments","Credit cards","1"
"0x30da3a88d00506a9:0x3c8f1ecd5468a5f7","Payments","NFC mobile payments","1"
"0x30da3bb20daaaf47:0x6c60ab19ab4c126b","Amenities","Toilet","1"
"0x30da3ab024791b73:0x6f2c0f8937ee54d1","Accessibility","Wheelchair-accessible entrance","1"
"0x30da3ab024791b73:0x6f2c0f8937ee54d1","Amenities","Toilet","1"
"0x30da3a9bb4ae4d8f:0x184dd94675ad6e44","Accessibility","Wheelchair-accessible car park","1"
"0x30da3a9bb4ae4d8f:0x184dd94675ad6e44","Accessibility","Wheelchair-accessible entrance","1"
"0x30da3a9bb4ae4d8f:0x184dd94675ad6e44","Accessibility","Wheelchair-accessible toilet","1"
"0x30da3a9bb4ae4d8f:0x184dd94675ad6e44","Amenities","Toilet","1"
"0x30da3a9bb4ae4d8f:0x184dd94675ad6e44","Planning","Appointment required","1"
"0x30da3a9bb4ae4d8f:0x184dd94675ad6e44","Planning","Appointments recommended","1"
"0x30da3a9bb4ae4d8f:0x184dd94675ad6e44","Payments","Credit cards","1"
"0x30da3a9bb4ae4d8f:0x184dd94675ad6e44","Payments","Debit cards","1"
"0x30da3a9bb4ae4d8f:0x184dd94675ad6e44","Payments","NFC mobile payments","1"
"0x30da3a9bb4ae4d8f:0x184dd94675ad6e44","Parking","Paid parking lot","1"
"0x30da3b848cabbdfb:0x4ad4e17d9b603a59","Accessibility","Wheelchair-accessible car park","1"
"0x30da3b848cabbdfb:0x4ad4e17d9b603a59","Accessibility","Wheelchair-accessible entrance","1"
"0x30da3b848cabbdfb:0x4ad4e17d9b603a59","Payments","Debit cards","1"
"0x30da3b848cabbdfb:0x4ad4e17d9b603a59","Payments","NFC mobile payments","1"
"0x30da3064a48ef95f:0x7e1d7017ca80d81e","Accessibility","Wheelchair-accessible car park","1"
"0x30da3064a48ef95f:0x7e1d7017ca80d81e","Accessibility","Wheelchair-accessible entrance","1"
"0x30da3064a48ef95f:0x7e1d7017ca80d81e","Accessibility","Wheelchair-accessible toilet","1"
"0x30da3064a48ef95f:0x7e1d7017ca80d81e","Accessibility","Assistive hearing loop","1"
"0x30da3064a48ef95f:0x7e1d7017ca80d81e","Accessibility","Wheelchair-accessible seating","1"
"0x30da3064a48ef95f:0x7e1d7017ca80d81e","Service options","On-site services","1"
"0x30da3064a48ef95f:0x7e1d7017ca80d81e","Amenities","Toilet","1"
"0x30da3064a48ef95f:0x7e1d7017ca80d81e","Crowd","LGBTQ+ friendly","1"
"0x30da3064a48ef95f:0x7e1d7017ca80d81e","Crowd","Transgender safe space","1"
"0x30da3064a48ef95f:0x7e1d7017ca80d81e","Planning","Appointment required","1"
"0x30da3064a48ef95f:0x7e1d7017ca80d81e","Payments","Credit cards","1"
"0x30da3064a48ef95f:0x7e1d7017ca80d81e","Payments","Debit cards","1"
"0x30da3064a48ef95f:0x7e1d7017ca80d81e","Payments","NFC mobile payments","1"
"0x30da3064a48ef95f:0x7e1d7017ca80d81e","Payments","Credit cards","1"
"0x30da3064a48ef95f:0x7e1d7017ca80d81e","Parking","On-site parking","1"
"0x30da303d5dff1d2b:0x4ac88fdbb30140a6","Accessibility","Wheelchair-accessible entrance","1"
"0x30da303d5dff1d2b:0x4ac88fdbb30140a6","Amenities","Gender-neutral toilets","1"
"0x30da303d5dff1d2b:0x4ac88fdbb30140a6","Amenities","Toilet","1"
"0x30da303d5dff1d2b:0x4ac88fdbb30140a6","Crowd","LGBTQ+ friendly","1"
"0x30da303d5dff1d2b:0x4ac88fdbb30140a6","Crowd","Transgender safe space","1"
"0x30da303d5dff1d2b:0x4ac88fdbb30140a6","Planning","Appointment required","1"
"0x30da316bff53ad07:0x27dda32f3253f675","Accessibility","Wheelchair-accessible car park","1"
"0x30da316bff53ad07:0x27dda32f3253f675","Amenities","Toilet","1"
"0x30da316bff53ad07:0x27dda32f3253f675","Planning","Appointments recommended","1"
"0x30da316bff53ad07:0x27dda32f3253f675","Payments","Credit cards","1"
"0x30da316bff53ad07:0x27dda32f3253f675","Payments","Debit cards","1"
"0x30da316bff53ad07:0x27dda32f3253f675","Payments","NFC mobile payments","1"
"0x30da316bff53ad07:0x27dda32f3253f675","Payments","Credit cards","1"
"0x30da3b03084b5d21:0xccb8af5ab0fb8ebc","Amenities","Toilet","1"
"0x30da3b03084b5d21:0xccb8af5ab0fb8ebc","Planning","Appointments recommended","1"
"0x30da3b03084b5d21:0xccb8af5ab0fb8ebc","Payments","Debit cards","1"
"0x30da3b03084b5d21:0xccb8af5ab0fb8ebc","Payments","NFC mobile payments","1"
"0xac6b9fab633db3f1:0x52811ba0b58c7242","Accessibility","Wheelchair-accessible seating","1"
"0xac6b9fab633db3f1:0x52811ba0b58c7242","Accessibility","Wheelchair-accessible toilet","1"
"0xac6b9fab633db3f1:0x52811ba0b58c7242","Amenities","Gender-neutral toilets","1"
"0xac6b9fab633db3f1:0x52811ba0b58c7242","Amenities","Toilet","1"
"0xac6b9fab633db3f1:0x52811ba0b58c7242","Amenities","Free Wi-Fi","1"
"0xac6b9fab633db3f1:0x52811ba0b58c7242","Crowd","LGBTQ+ friendly","1"
"0xac6b9fab633db3f1:0x52811ba0b58c7242","Crowd","Transgender safe space","1"
"0xac6b9fab633db3f1:0x52811ba0b58c7242","Planning","Appointments recommended","1"
"0xac6b9fab633db3f1:0x52811ba0b58c7242","Payments","Cheques","1"
"0xac6b9fab633db3f1:0x52811ba0b58c7242","Payments","Credit cards","1"
"0xac6b9fab633db3f1:0x52811ba0b58c7242","Payments","Debit cards","1"
"0xac6b9fab633db3f1:0x52811ba0b58c7242","Payments","NFC mobile payments","1"
"0xac6b9fab633db3f1:0x52811ba0b58c7242","Payments","Credit cards","1"
"0x30da313f6487cfbf:0xec3dcd25f1217e3e","Crowd","LGBTQ+ friendly","1"
"0x30da313f6487cfbf:0xec3dcd25f1217e3e","Crowd","Transgender safe space","1"
"0x30da313f6487cfbf:0xec3dcd25f1217e3e","Payments","Credit cards","1"
"0x30da313f6487cfbf:0xec3dcd25f1217e3e","Payments","Debit cards","1"
"0x30da313f6487cfbf:0xec3dcd25f1217e3e","Payments","NFC mobile payments","1"
"0x30da313f6487cfbf:0xec3dcd25f1217e3e","Payments","Credit cards","1"
"0x30da25320e56c333:0xb1f43fb894097af6","Amenities","Toilet","1"
"0x30da25320e56c333:0xb1f43fb894097af6","Payments","NFC mobile payments","1"
"0x30da3be0d7daaedb:0x93cd3f13f053086e","Amenities","Toilet","1"
"0x30da3be0d7daaedb:0x93cd3f13f053086e","Crowd","LGBTQ+ friendly","1"
"0x30da3be0d7daaedb:0x93cd3f13f053086e","Crowd","Transgender safe space","1"
"0x30da3be0d7daaedb:0x93cd3f13f053086e","Payments","Credit cards","1"
"0x30da3be0d7daaedb:0x93cd3f13f053086e","Payments","Debit cards","1"
"0x30da3be0d7daaedb:0x93cd3f13f053086e","Parking","Free parking lot","1"
"0x30da3be0d7daaedb:0x93cd3f13f053086e","Parking","On-site parking","1"
"0x30da3a42b4fe59cf:0xeb4d2fa7cc6f5d2f","Amenities","Toilet","1"
"0x30da3a42b4fe59cf:0xeb4d2fa7cc6f5d2f","Payments","NFC mobile payments","1"
"0x30da2f3a6bd2e10b:0xca17a72595e49fd9","Accessibility","Wheelchair-accessible car park","1"
"0x30da2f3a6bd2e10b:0xca17a72595e49fd9","Amenities","Gender-neutral toilets","1"
"0x30da2f3a6bd2e10b:0xca17a72595e49fd9","Amenities","Toilet","1"
"0x30da2f3a6bd2e10b:0xca17a72595e49fd9","Amenities","Free Wi-Fi","1"
"0x30da2f3a6bd2e10b:0xca17a72595e49fd9","Planning","Appointment required","1"
"0x30da2f3a6bd2e10b:0xca17a72595e49fd9","Planning","Appointments recommended","1"
"0x30da2f3a6bd2e10b:0xca17a72595e49fd9","Payments","Debit cards","1"
"0x30da2f3a6bd2e10b:0xca17a72595e49fd9","Payments","NFC mobile payments","1"
"0x30da2f3a6bd2e10b:0xca17a72595e49fd9","Payments","Credit cards","1"
"0x30da2f3a6bd2e10b:0xca17a72595e49fd9","Parking","Free parking lot","1"
"0x30da2f3a6bd2e10b:0xca17a72595e49fd9","Parking","On-site parking","1"
"0x30da305b21e4fd1f:0xd2553cbaebbe1f45","Accessibility","Wheelchair-accessible car park","1"
"0x30da305b21e4fd1f:0xd2553cbaebbe1f45","Accessibility","Wheelchair-accessible entrance","1"
"0x30da305b21e4fd1f:0xd2553cbaebbe1f45","Accessibility","Wheelchair-accessible toilet","1"
"0x30da305b21e4fd1f:0xd2553cbaebbe1f45","Amenities","Toilet","1"
"0x30da305b21e4fd1f:0xd2553cbaebbe1f45","Planning","Appointments recommended","1"
"0x30da31df34bf7361:0x2dd7a96e6ce432e6","Accessibility","Wheelchair-accessible car park","1"
"0x30da3b2acdab7e3f:0x935a0642d0787f6f","Amenities","Toilet","1"
"0x30da3b2acdab7e3f:0x935a0642d0787f6f","Planning","Appointments recommended","1"
"0x30da3b2acdab7e3f:0x935a0642d0787f6f","Payments","NFC mobile payments","1"
"0x30da3afd2aeefe23:0x3eed2a0c2603f49d","Amenities","Toilet","1"
"0x30da3afd2aeefe23:0x3eed2a0c2603f49d","Planning","Appointments recommended","1"
"0x30da31a7ad7e43b9:0x222a8194046d8e54","Amenities","Toilet","1"
"0x30da3b2aa738cb69:0x26fd84c02294726d","Amenities","Toilet","1"
"0x30da3b2aa738cb69:0x26fd84c02294726d","Planning","Appointments recommended","1"
"0x30da3162b9088993:0x70533db7e33ab475","Amenities","Toilet","1"
"0x30da3175c691d939:0x77bea109e24486dc","Amenities","Toilet","1"
"0x30da3175c691d939:0x77bea109e24486dc","Parking","Free of charge street parking","1"
"0x30da3175c691d939:0x77bea109e24486dc","Parking","On-site parking","1"
"0x30da31e14a2d1b29:0x711b558b2c589281","Accessibility","Wheelchair-accessible car park","1"
"0x30da31e14a2d1b29:0x711b558b2c589281","Accessibility","Wheelchair-accessible entrance","1"
"0x30da31e14a2d1b29:0x711b558b2c589281","Accessibility","Wheelchair-accessible toilet","1"
"0x30da31e14a2d1b29:0x711b558b2c589281","Amenities","Toilet","1"
"0x30da31e14a2d1b29:0x711b558b2c589281","Planning","Appointments recommended","1"
"0x30da31e14a2d1b29:0x711b558b2c589281","Payments","NFC mobile payments","1"
"0x30da25479f0f4aad:0x12ecdae5bc24b0a1","Accessibility","Wheelchair-accessible car park","1"
"0x30da25479f0f4aad:0x12ecdae5bc24b0a1","From the business","Identifies as women-owned","1"
"0x30da25479f0f4aad:0x12ecdae5bc24b0a1","Amenities","Gender-neutral toilets","1"
"0x30da25479f0f4aad:0x12ecdae5bc24b0a1","Amenities","Toilet","1"
"0x30da25479f0f4aad:0x12ecdae5bc24b0a1","Amenities","Free Wi-Fi","1"
"0x30da25479f0f4aad:0x12ecdae5bc24b0a1","Planning","Appointments recommended","1"
"0x30da25479f0f4aad:0x12ecdae5bc24b0a1","Payments","NFC mobile payments","1"
"0x30da2f10e578b461:0x565f62d729c5e3b3","Accessibility","Wheelchair-accessible entrance","1"
"0x30da2f10e578b461:0x565f62d729c5e3b3","Amenities","Toilet","1"
"0x30da2f10e578b461:0x565f62d729c5e3b3","Planning","Appointments recommended","1"
"0x30da3d003ea1aa15:0x73780683b7636a1a","Amenities","Toilet","1"
"0x30da3bb265c2ff21:0xfb79681b04d68aa7","Accessibility","Wheelchair-accessible seating","1"
"0x30da3bb265c2ff21:0xfb79681b04d68aa7","Accessibility","Wheelchair-accessible toilet","1"
"0x30da3bb265c2ff21:0xfb79681b04d68aa7","Amenities","Toilet","1"
"0x30da3bb265c2ff21:0xfb79681b04d68aa7","Crowd","LGBTQ+ friendly","1"
"0x30da3bb265c2ff21:0xfb79681b04d68aa7","Crowd","Transgender safe space","1"
"0x274f11e259429fb5:0xd03a2a930ce50859","Accessibility","Wheelchair-accessible car park","1"
"0x274f11e259429fb5:0xd03a2a930ce50859","Accessibility","Wheelchair-accessible entrance","1"
"0x274f11e259429fb5:0xd03a2a930ce50859","Accessibility","Wheelchair-accessible seating","1"
"0x274f11e259429fb5:0xd03a2a930ce50859","Accessibility","Assistive hearing loop","1"
"0x274f11e259429fb5:0xd03a2a930ce50859","Accessibility","Wheelchair-accessible toilet","1"
"0x274f11e259429fb5:0xd03a2a930ce50859","Service options","On-site services","1"
"0x274f11e259429fb5:0xd03a2a930ce50859","Crowd","LGBTQ+ friendly","1"
"0x274f11e259429fb5:0xd03a2a930ce50859","Crowd","Transgender safe space","1"
"0x274f11e259429fb5:0xd03a2a930ce50859","Payments","Credit cards","1"
"0x274f11e259429fb5:0xd03a2a930ce50859","Payments","Debit cards","1"
"0x274f11e259429fb5:0xd03a2a930ce50859","Payments","Credit cards","1"
"0x274f11e259429fb5:0xd03a2a930ce50859","Children","Nursing room","1"
"0x274f11e259429fb5:0xd03a2a930ce50859","Parking","Free parking lot","1"
"0x274f11e259429fb5:0xd03a2a930ce50859","Parking","On-site parking","1"
"0x30da3aaf60f92399:0xa79fc9b940d648a2","Payments","Credit cards","1"
"0x30da3aaf60f92399:0xa79fc9b940d648a2","Payments","NFC mobile payments","1"
"0x30da31c51ec5375b:0x1eb15befd0c9a723","Payments","NFC mobile payments","1"
"0x30da3bfd84131e0b:0xae133677555980fd","Accessibility","Wheelchair-accessible car park","1"
"0x30da3bfd84131e0b:0xae133677555980fd","Payments","NFC mobile payments","1"
"0x30da3b2046caacf1:0x8f2c5d01a2e37e20","From the business","Identifies as women-owned","1"
"0x30da3b2046caacf1:0x8f2c5d01a2e37e20","Amenities","Toilet","1"
"0x30da3b2046caacf1:0x8f2c5d01a2e37e20","Crowd","Transgender safe space","1"
"0x30da3b2046caacf1:0x8f2c5d01a2e37e20","Payments","Credit cards","1"
"0x30da3b2046caacf1:0x8f2c5d01a2e37e20","Payments","Debit cards","1"
"0x30da3b2046caacf1:0x8f2c5d01a2e37e20","Payments","NFC mobile payments","1"
"0x30da3b2046caacf1:0x8f2c5d01a2e37e20","Payments","Credit cards","1"
"0x30df9736e18b25e3:0xf642ae4f9eb7c8a9","Amenities","Toilet","1"
"0x30df9736e18b25e3:0xf642ae4f9eb7c8a9","Planning","Appointments recommended","1"
"0x30df9736e18b25e3:0xf642ae4f9eb7c8a9","Payments","Debit cards","1"
"0x30df9736e18b25e3:0xf642ae4f9eb7c8a9","Payments","NFC mobile payments","1"
"0x30df9736e18b25e3:0xf642ae4f9eb7c8a9","Payments","Credit cards","1"
"0x30da2f739f65f82b:0x7bc91a4445171d7c","Amenities","Toilet","1"
"0x30da2f739f65f82b:0x7bc91a4445171d7c","Planning","Appointment required","1"
"0x30da2f739f65f82b:0x7bc91a4445171d7c","Planning","Appointments recommended","1"
"0x30da25ebdb13b2a1:0x7beb643127875739","From the business","Identifies as women-owned","1"
"0x30da25ebdb13b2a1:0x7beb643127875739","Service options","On-site services","1"
"0x30da25ebdb13b2a1:0x7beb643127875739","Amenities","Toilet","1"
"0x30da25ebdb13b2a1:0x7beb643127875739","Crowd","LGBTQ+ friendly","1"
"0x30da25ebdb13b2a1:0x7beb643127875739","Crowd","Transgender safe space","1"
"0x30da25ebdb13b2a1:0x7beb643127875739","Planning","Appointment required","1"
"0x30da25ebdb13b2a1:0x7beb643127875739","Planning","Appointments recommended","1"
"0x30da25ebdb13b2a1:0x7beb643127875739","Payments","Debit cards","1"
"0x30da25ebdb13b2a1:0x7beb643127875739","Payments","NFC mobile payments","1"
"0x30da25ebdb13b2a1:0x7beb643127875739","Payments","Credit cards","1"
"0x30da25ebdb13b2a1:0x7beb643127875739","Parking","Free multi-storey car park","1"
"0x30da25ebdb13b2a1:0x7beb643127875739","Parking","Free parking lot","1"
"0x30da25ebdb13b2a1:0x7beb643127875739","Parking","On-site parking","1"
"0x30da24cb0466c561:0xe4c26e6d924bc99d","Accessibility","Wheelchair-accessible car park","1"
"0x30da24cb0466c561:0xe4c26e6d924bc99d","Parking","Free of charge street parking","1"
"0x30da24cb0466c561:0xe4c26e6d924bc99d","Parking","Free parking lot","1"
"0x30da24cb0466c561:0xe4c26e6d924bc99d","Parking","On-site parking","1"
"0x30da2fedc7ad3acd:0x40b1f63e562cb34d","Amenities","Toilet","1"
"0x30da2fedc7ad3acd:0x40b1f63e562cb34d","Planning","Appointments recommended","1"
"0x30da3b2f9be97ba9:0x86cfb0df3d90e154","Amenities","Toilet","1"
"0x30da3b2f9be97ba9:0x86cfb0df3d90e154","Planning","Appointments recommended","1"
"0x30da25d48de1fb03:0xadea40f54687f155","Accessibility","Wheelchair-accessible car park","1"
"0x30da25d48de1fb03:0xadea40f54687f155","Accessibility","Wheelchair-accessible entrance","1"
"0x30da25d48de1fb03:0xadea40f54687f155","Accessibility","Wheelchair-accessible seating","1"
"0x30da25d48de1fb03:0xadea40f54687f155","Accessibility","Wheelchair-accessible toilet","1"
"0x30da25d48de1fb03:0xadea40f54687f155","From the business","Identifies as women-owned","1"
"0x30da25d48de1fb03:0xadea40f54687f155","Service options","On-site services","1"
"0x30da25d48de1fb03:0xadea40f54687f155","Amenities","Gender-neutral toilets","1"
"0x30da25d48de1fb03:0xadea40f54687f155","Amenities","Toilet","1"
"0x30da25d48de1fb03:0xadea40f54687f155","Crowd","LGBTQ+ friendly","1"
"0x30da25d48de1fb03:0xadea40f54687f155","Crowd","Transgender safe space","1"
"0x30da25d48de1fb03:0xadea40f54687f155","Planning","Appointment required","1"
"0x30da25d48de1fb03:0xadea40f54687f155","Payments","Credit cards","1"
"0x30da25d48de1fb03:0xadea40f54687f155","Payments","Debit cards","1"
"0x30da25d48de1fb03:0xadea40f54687f155","Payments","Credit cards","1"
"0x30da25d48de1fb03:0xadea40f54687f155","Parking","Free multi-storey car park","1"
"0x30da25d48de1fb03:0xadea40f54687f155","Parking","Free parking lot","1"
"0x30da25d48de1fb03:0xadea40f54687f155","Parking","On-site parking","1"
"0x30da21326e3494a9:0xe47eb16dc18096a4","Accessibility","Wheelchair-accessible car park","1"
"0x30da21326e3494a9:0xe47eb16dc18096a4","Amenities","Toilet","1"
"0x30da25c4ac36e803:0xbf2be7f35630950b","Accessibility","Wheelchair-accessible car park","1"
"0x30da25c4ac36e803:0xbf2be7f35630950b","Amenities","Gender-neutral toilets","1"
"0x30da25c4ac36e803:0xbf2be7f35630950b","Amenities","Toilet","1"
"0x30da25c4ac36e803:0xbf2be7f35630950b","Crowd","LGBTQ+ friendly","1"
"0x30da25c4ac36e803:0xbf2be7f35630950b","Crowd","Transgender safe space","1"
"0x30dbd30001b9f9d9:0x34947fc05ca87942","Amenities","Toilet","1"
"0x30da3aa0b074b0a9:0xb23d55a8109657bd","Accessibility","Wheelchair-accessible car park","1"
"0x30da3aa0b074b0a9:0xb23d55a8109657bd","Accessibility","Wheelchair-accessible entrance","1"
"0x30da3aa0b074b0a9:0xb23d55a8109657bd","Amenities","Toilet","1"
"0x30da3aa0b074b0a9:0xb23d55a8109657bd","Planning","Appointment required","1"
"0x30da3aa0b074b0a9:0xb23d55a8109657bd","Planning","Appointments recommended","1"
"0x30da3da5f9a5fe6d:0xbd832797ea74e54","Accessibility","Wheelchair-accessible toilet","1"
"0x30da3da5f9a5fe6d:0xbd832797ea74e54","Amenities","Toilet","1"
"0x30da3da5f9a5fe6d:0xbd832797ea74e54","Planning","Appointments recommended","1"
"0x30da3da5f9a5fe6d:0xbd832797ea74e54","Payments","Credit cards","1"
"0x30da3da5f9a5fe6d:0xbd832797ea74e54","Payments","Debit cards","1"
"0x30da3da5f9a5fe6d:0xbd832797ea74e54","Payments","NFC mobile payments","1"
"0x30dbcc64516847af:0x6abdd0f34934eaf2","Accessibility","Wheelchair-accessible car park","1"
"0x30dbcc64516847af:0x6abdd0f34934eaf2","Accessibility","Wheelchair-accessible entrance","1"
"0x30dbcc64516847af:0x6abdd0f34934eaf2","Amenities","Toilet","1"
"0x30dbcc64516847af:0x6abdd0f34934eaf2","Parking","Free multi-storey car park","1"
"0x30dbcc64516847af:0x6abdd0f34934eaf2","Parking","Free of charge street parking","1"
"0x30dbcc64516847af:0x6abdd0f34934eaf2","Parking","Free parking lot","1"
"0x30dbcc64516847af:0x6abdd0f34934eaf2","Parking","On-site parking","1"
"0x30da3b412002c12b:0xa2dcd77622a01c4b","Amenities","Toilet","1"
"0x30da3b412002c12b:0xa2dcd77622a01c4b","Planning","Appointments recommended","1"
"0x30da3b412002c12b:0xa2dcd77622a01c4b","Payments","Credit cards","1"
"0x30da3b412002c12b:0xa2dcd77622a01c4b","Payments","Debit cards","1"
"0x30da3b412002c12b:0xa2dcd77622a01c4b","Payments","NFC mobile payments","1"
"0x30da3b412002c12b:0xa2dcd77622a01c4b","Payments","Credit cards","1"
"0x30da3b68e1e0578d:0x1cca820b29cd365a","Accessibility","Wheelchair-accessible car park","1"
"0x30da3b68e1e0578d:0x1cca820b29cd365a","Accessibility","Wheelchair-accessible toilet","1"
"0x30da3b68e1e0578d:0x1cca820b29cd365a","Service options","Delivery","1"
"0x30da3b68e1e0578d:0x1cca820b29cd365a","Service options","In-store pick-up","1"
"0x30da3b68e1e0578d:0x1cca820b29cd365a","Service options","In-store shopping","1"
"0x30da3b68e1e0578d:0x1cca820b29cd365a","Service options","On-site services","1"
"0x30da3b68e1e0578d:0x1cca820b29cd365a","Amenities","Gender-neutral toilets","1"
"0x30da3b68e1e0578d:0x1cca820b29cd365a","Amenities","Wi-Fi","1"
"0x30da3b68e1e0578d:0x1cca820b29cd365a","Amenities","Free Wi-Fi","1"
"0x30da3b68e1e0578d:0x1cca820b29cd365a","Crowd","LGBTQ+ friendly","1"
"0x30da3b68e1e0578d:0x1cca820b29cd365a","Crowd","Transgender safe space","1"
"0x30da3b68e1e0578d:0x1cca820b29cd365a","Planning","Quick visit","1"
"0x30da3b68e1e0578d:0x1cca820b29cd365a","Recycling","Electronics","1"
"0x30da3b68e1e0578d:0x1cca820b29cd365a","Payments","Debit cards","1"
"0x30da3b68e1e0578d:0x1cca820b29cd365a","Payments","NFC mobile payments","1"
"0x30da3b68e1e0578d:0x1cca820b29cd365a","Payments","Credit cards","1"
"0x30da3b26066f97ab:0x395568d29d09bbb1","Amenities","Toilet","1"
"0x30da3b26066f97ab:0x395568d29d09bbb1","Planning","Appointments recommended","1"
"0x30da3b26066f97ab:0x395568d29d09bbb1","Payments","Credit cards","1"
"0x30da3b26066f97ab:0x395568d29d09bbb1","Payments","Debit cards","1"
"0x30da3b26066f97ab:0x395568d29d09bbb1","Payments","NFC mobile payments","1"
"0x30da3017cbd0db71:0x7b25eae1e2d36b66","Accessibility","Wheelchair-accessible car park","1"
"0x30da3017cbd0db71:0x7b25eae1e2d36b66","Accessibility","Wheelchair-accessible entrance","1"
"0x30da3ad4b8511743:0x35cf0b981c077206","Amenities","Toilet","1"
"0x30da3ad4b8511743:0x35cf0b981c077206","Planning","Appointments recommended","1"
"0x30da3ad4b8511743:0x35cf0b981c077206","Payments","Credit cards","1"
"0x30da3ad4b8511743:0x35cf0b981c077206","Payments","NFC mobile payments","1"
"0x30da25f4d5462959:0x6f10cecedd372bf8","Amenities","Toilet","1"
"0x30da25f4d5462959:0x6f10cecedd372bf8","Planning","Appointments recommended","1"
"0x30da3d762cf0cb61:0x317c54af755138eb","Amenities","Toilet","1"
"0x30da3d762cf0cb61:0x317c54af755138eb","Payments","NFC mobile payments","1"
"0x30da3b92315de839:0xf057df491a6662ab","Accessibility","Wheelchair-accessible car park","1"
"0x30da3b92315de839:0xf057df491a6662ab","Amenities","Toilet","1"
"0x30da3b92315de839:0xf057df491a6662ab","Planning","Appointments recommended","1"
"0x30da3b92315de839:0xf057df491a6662ab","Payments","NFC mobile payments","1"
"0x30da317f07c37ad3:0xef2217afe23d48b2","Amenities","Toilet","1"
"0x30da317f07c37ad3:0xef2217afe23d48b2","Planning","Appointments recommended","1"
"0x30da317f07c37ad3:0xef2217afe23d48b2","Payments","NFC mobile payments","1"
"0x30da317f07c37ad3:0xef2217afe23d48b2","Children","Nursing room","1"
"0x30da317f07c37ad3:0xef2217afe23d48b2","Parking","Free parking lot","1"
"0x30da317f07c37ad3:0xef2217afe23d48b2","Parking","On-site parking","1"
"0x30da3abd263936d3:0x526dc2ecedccf98c","Payments","Debit cards","1"
"0x30da3abd263936d3:0x526dc2ecedccf98c","Payments","NFC mobile payments","1"
"0x30da3abd263936d3:0x526dc2ecedccf98c","Payments","Credit cards","1"
"0x30da312c5dcd13b7:0x6bfdea9395e50ce2","Accessibility","Wheelchair-accessible car park","1"
"0x30da312c5dcd13b7:0x6bfdea9395e50ce2","Payments","Credit cards","1"
"0x30da312c5dcd13b7:0x6bfdea9395e50ce2","Payments","Debit cards","1"
"0x30da312c5dcd13b7:0x6bfdea9395e50ce2","Payments","NFC mobile payments","1"
"0x30da3b3500332e91:0x1ea37ec7918d67f","Accessibility","Wheelchair-accessible car park","1"
"0x30da3b3500332e91:0x1ea37ec7918d67f","Accessibility","Wheelchair-accessible entrance","1"
"0x30da3b3500332e91:0x1ea37ec7918d67f","Amenities","Toilet","1"
"0x30da3b3500332e91:0x1ea37ec7918d67f","Planning","Appointments recommended","1"
"0x30da3b3500332e91:0x1ea37ec7918d67f","Payments","Credit cards","1"
"0x30da3b3500332e91:0x1ea37ec7918d67f","Payments","Debit cards","1"
"0x30da3b3500332e91:0x1ea37ec7918d67f","Payments","NFC mobile payments","1"
"0x30da3a8a3b8d6b69:0x75e0d4f4e2b53663","Accessibility","Wheelchair-accessible toilet","1"
"0x30da3a8a3b8d6b69:0x75e0d4f4e2b53663","Amenities","Toilet","1"
"0x30da3bd0d07786d3:0x4d4c7e12f69dff4e","Amenities","Toilet","1"
"0x30da3bd0d07786d3:0x4d4c7e12f69dff4e","Planning","Appointments recommended","1"
"0x30da3bd0d07786d3:0x4d4c7e12f69dff4e","Payments","NFC mobile payments","1"
"0x30da3bb8a02d40a9:0x35566dd5c9233cb7","Amenities","Toilet","1"
"0x30da3bb8a02d40a9:0x35566dd5c9233cb7","Planning","Appointments recommended","1"
"0x30da3aa875ca64bd:0xd3033afc36ba0e74","Amenities","Toilet","1"
"0x30da3aa875ca64bd:0xd3033afc36ba0e74","Planning","Appointments recommended","1"
"0x30da3d1364e3af9b:0xb698175b6fcb368f","Accessibility","Wheelchair-accessible car park","1"
"0x30da3d1364e3af9b:0xb698175b6fcb368f","Accessibility","Wheelchair-accessible entrance","1"
"0x30da3d1364e3af9b:0xb698175b6fcb368f","Accessibility","Wheelchair-accessible toilet","1"
"0x30da3d1364e3af9b:0xb698175b6fcb368f","Amenities","Toilet","1"
"0x30da3d1364e3af9b:0xb698175b6fcb368f","Planning","Appointments recommended","1"
"0x30dbd3294d9a273d:0xbe8f444599585f29","Accessibility","Wheelchair-accessible car park","1"
"0x30dbd3294d9a273d:0xbe8f444599585f29","Payments","Credit cards","1"
"0x30dbd3294d9a273d:0xbe8f444599585f29","Payments","Debit cards","1"
"0x30dbd3294d9a273d:0xbe8f444599585f29","Payments","NFC mobile payments","1"
"0x30da161f9b427b8d:0x821b6a203a626ab6","Accessibility","Wheelchair-accessible car park","1"
"0x30da161f9b427b8d:0x821b6a203a626ab6","Amenities","Toilet","1"
"0x30da161f9b427b8d:0x821b6a203a626ab6","Planning","Appointments recommended","1"
"0x30da161f9b427b8d:0x821b6a203a626ab6","Parking","On-site parking","1"
"0x30da3f88bc8c6209:0xa04a1a288e25582","Accessibility","Wheelchair-accessible car park","1"
"0x30da3f88bc8c6209:0xa04a1a288e25582","Accessibility","Wheelchair-accessible entrance","1"
"0x30da3a7bca971d23:0xf336c026a6dbd3d6","Accessibility","Wheelchair-accessible car park","1"
"0x30da3a7bca971d23:0xf336c026a6dbd3d6","Accessibility","Wheelchair-accessible entrance","1"
"0x30da3a7bca971d23:0xf336c026a6dbd3d6","Amenities","Toilet","1"
"0x30da3a7bca971d23:0xf336c026a6dbd3d6","Planning","Appointments recommended","1"
"0x30da3a7bca971d23:0xf336c026a6dbd3d6","Payments","Credit cards","1"
"0x30da3a7bca971d23:0xf336c026a6dbd3d6","Payments","Debit cards","1"
"0x30da3a7bca971d23:0xf336c026a6dbd3d6","Payments","NFC mobile payments","1"
"0x30da3b70d7fbae85:0x7bea4117c671e2a0","Amenities","Toilet","1"
"0x30da3b70d7fbae85:0x7bea4117c671e2a0","Planning","Appointments recommended","1"
"0x30da3aa2fccccc1d:0x5dfcc42771db99de","Amenities","Toilet","1"
"0x30da3aa2fccccc1d:0x5dfcc42771db99de","Planning","Appointments recommended","1"
"0x30da3aa2fccccc1d:0x5dfcc42771db99de","Payments","Debit cards","1"
"0x30da3aa2fccccc1d:0x5dfcc42771db99de","Payments","Credit cards","1"
"0x30da312b2f49a5f7:0x1485d84b5b9deff9","Payments","Credit cards","1"
"0x30da312b2f49a5f7:0x1485d84b5b9deff9","Payments","Debit cards","1"
"0x30da312b2f49a5f7:0x1485d84b5b9deff9","Payments","NFC mobile payments","1"
"0x30da3bf556547fa1:0x7a78102a27e72727","Amenities","Gender-neutral toilets","1"
"0x30da3bf556547fa1:0x7a78102a27e72727","Amenities","Toilet","1"
"0x30da3bf556547fa1:0x7a78102a27e72727","Payments","Credit cards","1"
"0x30da3bf556547fa1:0x7a78102a27e72727","Payments","Debit cards","1"
"0x30da3bf556547fa1:0x7a78102a27e72727","Payments","NFC mobile payments","1"
"0x30da3bf556547fa1:0x7a78102a27e72727","Payments","Credit cards","1"
"0x30da3bf556547fa1:0x7a78102a27e72727","Parking","Free multi-storey car park","1"
"0x30da3bf556547fa1:0x7a78102a27e72727","Parking","Free parking lot","1"
"0x30da2534d5c55f4f:0xbe8cf54ed204bb52","Amenities","Toilet","1"
"0x30da2534d5c55f4f:0xbe8cf54ed204bb52","Planning","Appointments recommended","1"
"0x30da3b1e686a77f3:0xcd8383bf07d829df","Amenities","Toilet","1"
"0x30da3b1e686a77f3:0xcd8383bf07d829df","Planning","Appointments recommended","1"
"0x30da3b1e686a77f3:0xcd8383bf07d829df","Payments","NFC mobile payments","1"
"0x30da3153bbfa37c3:0x237ae1812aa33053","Accessibility","Wheelchair-accessible seating","1"
"0x30da3153bbfa37c3:0x237ae1812aa33053","Accessibility","Assistive hearing loop","1"
"0x30da3153bbfa37c3:0x237ae1812aa33053","Accessibility","Wheelchair-accessible toilet","1"
"0x30da3153bbfa37c3:0x237ae1812aa33053","From the business","Identifies as women-owned","1"
"0x30da3153bbfa37c3:0x237ae1812aa33053","Service options","On-site services","1"
"0x30da3153bbfa37c3:0x237ae1812aa33053","Amenities","Gender-neutral toilets","1"
"0x30da3153bbfa37c3:0x237ae1812aa33053","Amenities","Toilet","1"
"0x30da3153bbfa37c3:0x237ae1812aa33053","Crowd","LGBTQ+ friendly","1"
"0x30da3153bbfa37c3:0x237ae1812aa33053","Crowd","Transgender safe space","1"
"0x30da3153bbfa37c3:0x237ae1812aa33053","Planning","Appointment required","1"
"0x30da3153bbfa37c3:0x237ae1812aa33053","Planning","Appointments recommended","1"
"0x30da3153bbfa37c3:0x237ae1812aa33053","Parking","Free multi-storey car park","1"
"0x30da3153bbfa37c3:0x237ae1812aa33053","Parking","Free parking lot","1"
"0x30da3153bbfa37c3:0x237ae1812aa33053","Parking","On-site parking","1"
"0x30da3b1fcf9d5761:0x1d39c10c1cac7668","Amenities","Toilet","1"
"0x30da3b9ba4283c6d:0x105bea624ad87664","Accessibility","Wheelchair-accessible car park","1"
"0x30da3b9ba4283c6d:0x105bea624ad87664","Accessibility","Wheelchair-accessible entrance","1"
"0x30da3b9ba4283c6d:0x105bea624ad87664","Amenities","Toilet","1"
"0x30da3a9415ed364b:0xc94d21bee203134","Accessibility","Wheelchair-accessible car park","1"
"0x30da3a9415ed364b:0xc94d21bee203134","Accessibility","Wheelchair-accessible entrance","1"
"0x30da3a9415ed364b:0xc94d21bee203134","Payments","Credit cards","1"
"0x30da3a9415ed364b:0xc94d21bee203134","Payments","Debit cards","1"
"0x30da3a9415ed364b:0xc94d21bee203134","Payments","NFC mobile payments","1"
"0x30da3a9415ed364b:0xc94d21bee203134","Payments","Credit cards","1"
"0x30da3b8a14946c91:0x6b15d281646d1d73","Amenities","Toilet","1"
"0x30da3b8a14946c91:0x6b15d281646d1d73","Planning","Appointments recommended","1"
"0x30da3b8a14946c91:0x6b15d281646d1d73","Payments","Credit cards","1"
"0x30da3b8a14946c91:0x6b15d281646d1d73","Payments","Debit cards","1"
"0x30da3b8a14946c91:0x6b15d281646d1d73","Payments","NFC mobile payments","1"
"0x30da3b5a088ae80b:0xc9ea85d83aae2cde","Amenities","Toilet","1"
"0x30da3b5a088ae80b:0xc9ea85d83aae2cde","Planning","Appointments recommended","1"
"0x30da3b5a088ae80b:0xc9ea85d83aae2cde","Payments","Debit cards","1"
"0x30da3b5a088ae80b:0xc9ea85d83aae2cde","Payments","Credit cards","1"
"0x30da3abad25e4edd:0x5579abea6f47b40d","Accessibility","Assistive hearing loop","1"
"0x30da3abad25e4edd:0x5579abea6f47b40d","Accessibility","Wheelchair-accessible car park","1"
"0x30da3abad25e4edd:0x5579abea6f47b40d","Accessibility","Wheelchair-accessible entrance","1"
"0x30da3abad25e4edd:0x5579abea6f47b40d","Accessibility","Wheelchair-accessible seating","1"
"0x30da3abad25e4edd:0x5579abea6f47b40d","Accessibility","Wheelchair-accessible toilet","1"
"0x30da3b00ab92bf25:0x3edfe50bf3e08e83","Accessibility","Wheelchair-accessible entrance","1"
"0x30da3b00ab92bf25:0x3edfe50bf3e08e83","Amenities","Toilet","1"
"0x30da3b00ab92bf25:0x3edfe50bf3e08e83","Crowd","LGBTQ+ friendly","1"
"0x30da3b00ab92bf25:0x3edfe50bf3e08e83","Crowd","Transgender safe space","1"
"0x30da3b00ab92bf25:0x3edfe50bf3e08e83","Planning","Appointment required","1"
"0x30da3b00ab92bf25:0x3edfe50bf3e08e83","Planning","Appointments recommended","1"
"0x30da3100230e1c89:0x29913143ef42d6e2","Accessibility","Wheelchair-accessible car park","1"
"0x30da3100230e1c89:0x29913143ef42d6e2","Accessibility","Wheelchair-accessible entrance","1"
"0x30da3100230e1c89:0x29913143ef42d6e2","Accessibility","Wheelchair-accessible seating","1"
"0x30da3100230e1c89:0x29913143ef42d6e2","Accessibility","Wheelchair-accessible toilet","1"
"0x30da3100230e1c89:0x29913143ef42d6e2","Service options","On-site services","1"
"0x30da3100230e1c89:0x29913143ef42d6e2","Amenities","Toilet","1"
"0x30da3100230e1c89:0x29913143ef42d6e2","Planning","Appointments recommended","1"
"0x30da3100230e1c89:0x29913143ef42d6e2","Payments","NFC mobile payments","1"
"0x30da3100230e1c89:0x29913143ef42d6e2","Parking","Free parking lot","1"
"0x30da3100230e1c89:0x29913143ef42d6e2","Parking","On-site parking","1"
"0x30da3b89c6992f71:0x2662368f3cbce6d2","Accessibility","Wheelchair-accessible car park","1"
"0x30da3b89c6992f71:0x2662368f3cbce6d2","Service options","On-site services","1"
"0x30da3b89c6992f71:0x2662368f3cbce6d2","Payments","Credit cards","1"
"0x30da3b89c6992f71:0x2662368f3cbce6d2","Payments","Debit cards","1"
"0x30da3b89c6992f71:0x2662368f3cbce6d2","Payments","NFC mobile payments","1"
"0x30da3b89c6992f71:0x2662368f3cbce6d2","Payments","Credit cards","1"
"0x30da3b89c6992f71:0x2662368f3cbce6d2","Parking","Free parking lot","1"
"0x30da3b89c6992f71:0x2662368f3cbce6d2","Parking","On-site parking","1"
"0x30da25b9f9467cdd:0x80169a68d2f33228","Payments","Credit cards","1"
"0x30da25b9f9467cdd:0x80169a68d2f33228","Payments","Debit cards","1"
"0x30da25b9f9467cdd:0x80169a68d2f33228","Payments","NFC mobile payments","1"
"0x30da252fb151d58d:0xfbe723f049bc0e6","Payments","Credit cards","1"
"0x30da252fb151d58d:0xfbe723f049bc0e6","Payments","Debit cards","1"
"0x30da252fb151d58d:0xfbe723f049bc0e6","Payments","NFC mobile payments","1"
"0x30da3d4356fc0f5f:0xf13c740de03334b5","Accessibility","Wheelchair-accessible car park","1"
"0x30da3d4356fc0f5f:0xf13c740de03334b5","Service options","On-site services","1"
"0x30da3d4356fc0f5f:0xf13c740de03334b5","Planning","Quick visit","1"
"0x30da3d4356fc0f5f:0xf13c740de03334b5","Payments","Credit cards","1"
"0x30da3d4356fc0f5f:0xf13c740de03334b5","Payments","Debit cards","1"
"0x30da3d4356fc0f5f:0xf13c740de03334b5","Payments","NFC mobile payments","1"
"0x30da3d4356fc0f5f:0xf13c740de03334b5","Parking","Free parking lot","1"
"0x30da3d4356fc0f5f:0xf13c740de03334b5","Parking","Paid parking lot","1"
"0x30da31ee405aa217:0xa94ffa634a3985c2","Amenities","Toilet","1"
"0x30dbd30022a1bf5f:0x5486a6980026ed1d","From the business","Identifies as women-owned","1"
"0x30dbd30022a1bf5f:0x5486a6980026ed1d","Amenities","Toilet","1"
"0x30dbd30022a1bf5f:0x5486a6980026ed1d","Crowd","LGBTQ+ friendly","1"
"0x30dbd30022a1bf5f:0x5486a6980026ed1d","Crowd","Transgender safe space","1"
"0x30dbd30022a1bf5f:0x5486a6980026ed1d","Planning","Appointments recommended","1"
"0x30dbd30022a1bf5f:0x5486a6980026ed1d","Payments","Credit cards","1"
"0x30dbd30022a1bf5f:0x5486a6980026ed1d","Payments","Debit cards","1"
"0x30dbd30022a1bf5f:0x5486a6980026ed1d","Payments","NFC mobile payments","1"
"0x30dbd30022a1bf5f:0x5486a6980026ed1d","Parking","On-site parking","1"
"0x30da3a8d90ee193f:0xe2890b05521d4462","Amenities","Toilet","1"
"0x30da3bf86ec08c69:0x2936ff39c08278bd","Amenities","Toilet","1"
"0x30da3bf86ec08c69:0x2936ff39c08278bd","Planning","Appointments recommended","1"
"0x30da3bf5e483fb89:0x8e2c0e1d6c8666d3","Amenities","Toilet","1"
"0x30da3bf5e483fb89:0x8e2c0e1d6c8666d3","Planning","Appointments recommended","1"
"0x30da3bf5e483fb89:0x8e2c0e1d6c8666d3","Payments","NFC mobile payments","1"
"0x30da25e498c13667:0xe4c575d34ed33f50","Service options","On-site services","1"
"0x30da25e498c13667:0xe4c575d34ed33f50","Amenities","Toilet","1"
"0x30da25e498c13667:0xe4c575d34ed33f50","Planning","Appointments recommended","1"
"0x30da250063e6027f:0x51bd9f53314887b0","Accessibility","Wheelchair-accessible car park","1"
"0x30da250063e6027f:0x51bd9f53314887b0","Accessibility","Wheelchair-accessible entrance","1"
"0x30da250063e6027f:0x51bd9f53314887b0","Accessibility","Wheelchair-accessible seating","1"
"0x30da250063e6027f:0x51bd9f53314887b0","Accessibility","Wheelchair-accessible toilet","1"
"0x30da250063e6027f:0x51bd9f53314887b0","Amenities","Toilet","1"
"0x30da250063e6027f:0x51bd9f53314887b0","Payments","Cash only","1"
"0x30da250063e6027f:0x51bd9f53314887b0","Parking","Free parking lot","1"
"0x30da250063e6027f:0x51bd9f53314887b0","Parking","On-site parking","1"
"0x30da31000d974deb:0xa61c1e4e6a423238","Accessibility","Wheelchair-accessible car park","1"
"0x30da31000d974deb:0xa61c1e4e6a423238","Accessibility","Wheelchair-accessible entrance","1"
"0x30da31000d974deb:0xa61c1e4e6a423238","Amenities","Toilet","1"
"0x30da31000d974deb:0xa61c1e4e6a423238","Payments","Cash only","1"
"0x30da31000d974deb:0xa61c1e4e6a423238","Parking","Free parking lot","1"
"0x30dbd3111f24e999:0x10f60cd65143fd94","Accessibility","Wheelchair-accessible car park","1"
"0x30dbd3111f24e999:0x10f60cd65143fd94","Payments","Credit cards","1"
"0x30dbd3111f24e999:0x10f60cd65143fd94","Payments","Debit cards","1"
"0x30dbd3111f24e999:0x10f60cd65143fd94","Payments","NFC mobile payments","1"
"0x30da2992f8c5263b:0x7fb0ca619427bf24","Accessibility","Wheelchair-accessible car park","1"
"0x30da2992f8c5263b:0x7fb0ca619427bf24","Accessibility","Wheelchair-accessible seating","1"
"0x30da2992f8c5263b:0x7fb0ca619427bf24","Accessibility","Wheelchair-accessible toilet","1"
"0x30da2992f8c5263b:0x7fb0ca619427bf24","From the business","Identifies as women-owned","1"
"0x30da2992f8c5263b:0x7fb0ca619427bf24","Service options","In-store pick-up","1"
"0x30da2992f8c5263b:0x7fb0ca619427bf24","Service options","Delivery","1"
"0x30da2992f8c5263b:0x7fb0ca619427bf24","Amenities","Gender-neutral toilets","1"
"0x30da2992f8c5263b:0x7fb0ca619427bf24","Amenities","Wi-Fi","1"
"0x30da2992f8c5263b:0x7fb0ca619427bf24","Amenities","Free Wi-Fi","1"
"0x30da2992f8c5263b:0x7fb0ca619427bf24","Crowd","LGBTQ+ friendly","1"
"0x30da2992f8c5263b:0x7fb0ca619427bf24","Crowd","Transgender safe space","1"
"0x30da2992f8c5263b:0x7fb0ca619427bf24","Planning","Appointment required","1"
"0x30da2992f8c5263b:0x7fb0ca619427bf24","Payments","NFC mobile payments","1"
"0x30da2992f8c5263b:0x7fb0ca619427bf24","Parking","Free of charge street parking","1"
"0x30da2992f8c5263b:0x7fb0ca619427bf24","Parking","Free parking lot","1"
"0x30da3a8e19611237:0x49459e393eaa9a61","Accessibility","Wheelchair accessible entrance","1"
"0x30da3a8e19611237:0x49459e393eaa9a61","Accessibility","Wheelchair accessible parking lot","1"
"0x30da256fd7509003:0xe1947a3c2e62737b","Amenities","Gender-neutral toilets","1"
"0x30da256fd7509003:0xe1947a3c2e62737b","Parking","Free multi-storey car park","1"
"0x30da256fd7509003:0xe1947a3c2e62737b","Parking","Free of charge street parking","1"
"0x30da256fd7509003:0xe1947a3c2e62737b","Parking","Free parking lot","1"
"0x30da256fd7509003:0xe1947a3c2e62737b","Parking","On-site parking","1"
"0x30da256fd7509003:0xe1947a3c2e62737b","Parking","Paid street parking","1"
"0x30da3b3a80f94953:0xd90d0ec501ec974b","Accessibility","Wheelchair-accessible car park","1"
"0x30da3b3a80f94953:0xd90d0ec501ec974b","Payments","Debit cards","1"
"0x30da3b3a80f94953:0xd90d0ec501ec974b","Payments","NFC mobile payments","1"
"0x30da2f89bb7dab25:0xa1436a2a5081fa8","Accessibility","Wheelchair-accessible car park","1"
"0x30da2f89bb7dab25:0xa1436a2a5081fa8","Accessibility","Wheelchair-accessible entrance","1"
"0x30da2f89bb7dab25:0xa1436a2a5081fa8","Accessibility","Wheelchair-accessible toilet","1"
"0x30da2f89bb7dab25:0xa1436a2a5081fa8","Service options","On-site services","1"
"0x30da2f89bb7dab25:0xa1436a2a5081fa8","Amenities","Gender-neutral toilets","1"
"0x30da2f89bb7dab25:0xa1436a2a5081fa8","Amenities","Toilet","1"
"0x30da2f89bb7dab25:0xa1436a2a5081fa8","Crowd","LGBTQ+ friendly","1"
"0x30da2f89bb7dab25:0xa1436a2a5081fa8","Crowd","Transgender safe space","1"
"0x30da2f89bb7dab25:0xa1436a2a5081fa8","Planning","Appointment required","1"
"0x30da2f89bb7dab25:0xa1436a2a5081fa8","Planning","Appointments recommended","1"
"0x30da2f89bb7dab25:0xa1436a2a5081fa8","Parking","Free of charge street parking","1"
"0x30da370052f766f7:0x4da1216c493d62cf","Accessibility","Wheelchair-accessible car park","1"
"0x30da370052f766f7:0x4da1216c493d62cf","Accessibility","Wheelchair-accessible entrance","1"
"0x30da370052f766f7:0x4da1216c493d62cf","Service options","On-site services","1"
"0x30da370052f766f7:0x4da1216c493d62cf","Offerings","Cosmetic dentistry","1"
"0x30da370052f766f7:0x4da1216c493d62cf","Offerings","Emergency services","1"
"0x30da370052f766f7:0x4da1216c493d62cf","Offerings","Pediatric care","1"
"0x30da370052f766f7:0x4da1216c493d62cf","Amenities","Gender-neutral toilets","1"
"0x30da370052f766f7:0x4da1216c493d62cf","Amenities","Toilet","1"
"0x30da370052f766f7:0x4da1216c493d62cf","Planning","Appointment required","1"
"0x30da370052f766f7:0x4da1216c493d62cf","Payments","Credit cards","1"
"0x30da370052f766f7:0x4da1216c493d62cf","Children","Nursing room","1"
"0x30da370052f766f7:0x4da1216c493d62cf","Parking","Free parking lot","1"
"0x30da370052f766f7:0x4da1216c493d62cf","Parking","On-site parking","1"
"0x30da3125522a87df:0x25a899fba4c5f4e3","Service options","On-site services","1"
"0x30da3125522a87df:0x25a899fba4c5f4e3","Amenities","Toilet","1"
"0x30da3125522a87df:0x25a899fba4c5f4e3","Planning","Appointments recommended","1"
"0x30da3125522a87df:0x25a899fba4c5f4e3","Payments","NFC mobile payments","1"
"0x30da3b0072ba22f7:0x76023d6a514efd1","Amenities","Toilet","1"
"0x30da3b0072ba22f7:0x76023d6a514efd1","Planning","Appointments recommended","1"
"0x30da3b0072ba22f7:0x76023d6a514efd1","Payments","Credit cards","1"
"0x30da3b0072ba22f7:0x76023d6a514efd1","Payments","Debit cards","1"
"0x30da3b0072ba22f7:0x76023d6a514efd1","Payments","NFC mobile payments","1"
"0x30da3bac465e30c1:0xc64cea7dcb396982","Planning","Appointment required","1"
"0x30da3bac465e30c1:0xc64cea7dcb396982","Planning","Appointments recommended","1"
"0x30da31e40abade15:0x955b7fa7ea815b4b","Accessibility","Wheelchair-accessible car park","1"
"0x30da31e40abade15:0x955b7fa7ea815b4b","Payments","Credit cards","1"
"0x30da31e40abade15:0x955b7fa7ea815b4b","Payments","Debit cards","1"
"0x30da31e40abade15:0x955b7fa7ea815b4b","Payments","NFC mobile payments","1"
"0x30da3b16883bf53b:0x8fd40a401104e9c7","Payments","Credit cards","1"
"0x30da3b16883bf53b:0x8fd40a401104e9c7","Payments","Debit cards","1"
"0x30da3b16883bf53b:0x8fd40a401104e9c7","Payments","NFC mobile payments","1"
"0x30da25f7da001b71:0xedd236bc4fdad335","Payments","Credit cards","1"
"0x30da25f7da001b71:0xedd236bc4fdad335","Payments","NFC mobile payments","1"
"0x30dbd3e57612cc91:0xfe0bdc367f7a406d","From the business","Identifies as women-owned","1"
"0x30dbd3e57612cc91:0xfe0bdc367f7a406d","Service options","On-site services","1"
"0x30dbd3e57612cc91:0xfe0bdc367f7a406d","Crowd","LGBTQ+ friendly","1"
"0x30dbd3e57612cc91:0xfe0bdc367f7a406d","Crowd","Transgender safe space","1"
"0x30dbd3e57612cc91:0xfe0bdc367f7a406d","Payments","Credit cards","1"
"0x30dbd3e57612cc91:0xfe0bdc367f7a406d","Payments","Debit cards","1"
"0x30dbd3e57612cc91:0xfe0bdc367f7a406d","Payments","NFC mobile payments","1"
"0x30dbd3e57612cc91:0xfe0bdc367f7a406d","Payments","Credit cards","1"
"0x30dbd3e57612cc91:0xfe0bdc367f7a406d","Parking","Free parking lot","1"
"0x30dbd3e57612cc91:0xfe0bdc367f7a406d","Parking","On-site parking","1"
"0x30da3103e0dd4ddf:0x1ae4560ed2843f0e","Accessibility","Wheelchair-accessible car park","1"
"0x30da3103e0dd4ddf:0x1ae4560ed2843f0e","Accessibility","Wheelchair-accessible entrance","1"
"0x30da3103e0dd4ddf:0x1ae4560ed2843f0e","Accessibility","Wheelchair-accessible seating","1"
"0x30da3103e0dd4ddf:0x1ae4560ed2843f0e","Accessibility","Wheelchair-accessible toilet","1"
"0x30da3103e0dd4ddf:0x1ae4560ed2843f0e","Service options","On-site services","1"
"0x30da3103e0dd4ddf:0x1ae4560ed2843f0e","Amenities","Gender-neutral toilets","1"
"0x30da3103e0dd4ddf:0x1ae4560ed2843f0e","Crowd","LGBTQ+ friendly","1"
"0x30da3103e0dd4ddf:0x1ae4560ed2843f0e","Crowd","Transgender safe space","1"
"0x30da3103e0dd4ddf:0x1ae4560ed2843f0e","Parking","Free of charge street parking","1"
"0x30da3103e0dd4ddf:0x1ae4560ed2843f0e","Parking","Free parking lot","1"
"0x30da3103e0dd4ddf:0x1ae4560ed2843f0e","Parking","On-site parking","1"
"0x30da3a8efc6cf609:0x7797cdf54277c47","Accessibility","Wheelchair-accessible seating","1"
"0x30da3a8efc6cf609:0x7797cdf54277c47","Amenities","Toilet","1"
"0x30da3a8efc6cf609:0x7797cdf54277c47","Planning","Appointments recommended","1"
"0x30da3a8efc6cf609:0x7797cdf54277c47","Parking","On-site parking","1"
"0x30da3a62212f552f:0xfe6f5a2f5e2bb20e","Amenities","Toilet","1"
"0x30da3a62212f552f:0xfe6f5a2f5e2bb20e","Planning","Appointments recommended","1"
"0x30da3a62212f552f:0xfe6f5a2f5e2bb20e","Payments","Debit cards","1"
"0x30da3a62212f552f:0xfe6f5a2f5e2bb20e","Payments","NFC mobile payments","1"
"0x30da3a62212f552f:0xfe6f5a2f5e2bb20e","Payments","Credit cards","1"
"0x30da2542406828dd:0x208e426ef6c5e856","Amenities","Toilet","1"
"0x30da2542406828dd:0x208e426ef6c5e856","Planning","Appointments recommended","1"
"0x30da2542406828dd:0x208e426ef6c5e856","Payments","Credit cards","1"
"0x30da2542406828dd:0x208e426ef6c5e856","Payments","Debit cards","1"
"0x30da2542406828dd:0x208e426ef6c5e856","Payments","NFC mobile payments","1"
"0x30da31573a1302b1:0x64c87b71dd8a160c","Service options","On-site services","1"
"0x4399e90ef84109fd:0xf943c8ec2c45bc2b","Amenities","Toilet","1"
"0x4399e90ef84109fd:0xf943c8ec2c45bc2b","Planning","Appointments recommended","1"
"0x30da3a5ade163913:0x97a5a180a36764c","Amenities","Toilet","1"
"0x30da3a5ade163913:0x97a5a180a36764c","Planning","Appointment required","1"
"0x30da3a5ade163913:0x97a5a180a36764c","Planning","Appointments recommended","1"
"0x30da25cd48fec049:0x4b2b16a8613acfe7","Payments","Credit cards","1"
"0x30da25cd48fec049:0x4b2b16a8613acfe7","Payments","Debit cards","1"
"0x30da25cd48fec049:0x4b2b16a8613acfe7","Payments","NFC mobile payments","1"
"0x30da25cd48fec049:0x4b2b16a8613acfe7","Parking","Free parking lot","1"
"0x30da25cd48fec049:0x4b2b16a8613acfe7","Parking","On-site parking","1"
"0x30da31007b3e5da9:0xcf0da16a6aba4522","Amenities","Toilet","1"
"0x30da31007b3e5da9:0xcf0da16a6aba4522","Planning","Appointments recommended","1"
"0x30da31007b3e5da9:0xcf0da16a6aba4522","Payments","NFC mobile payments","1"
"0x30da3177c7ed8627:0x18fc40c4004080f4","Amenities","Toilet","1"
"0x30da3177c7ed8627:0x18fc40c4004080f4","Planning","Appointments recommended","1"
"0x30da3013b1c78071:0xc04c1208a0395e51","Accessibility","Wheelchair-accessible car park","1"
"0x30da3aa6ce22a577:0x5b9d4af38e5c9930","Amenities","Toilet","1"
"0x30da31c975c08bc7:0xc01af682cddbe7c4","Accessibility","Wheelchair-accessible car park","1"
"0x30da31c975c08bc7:0xc01af682cddbe7c4","Payments","Credit cards","1"
"0x30da31c975c08bc7:0xc01af682cddbe7c4","Payments","Debit cards","1"
"0x30da31c975c08bc7:0xc01af682cddbe7c4","Payments","NFC mobile payments","1"
"0x30da3ab49ed7dde7:0xb7fc4e4227c47617","Accessibility","Wheelchair-accessible car park","1"
"0x30da3ab49ed7dde7:0xb7fc4e4227c47617","Accessibility","Wheelchair-accessible entrance","1"
"0x30da3ab49ed7dde7:0xb7fc4e4227c47617","Payments","Credit cards","1"
"0x30da3ab49ed7dde7:0xb7fc4e4227c47617","Payments","Debit cards","1"
"0x30da3ab49ed7dde7:0xb7fc4e4227c47617","Payments","NFC mobile payments","1"
"0x30da310028055d21:0x6096d63c562df6dd","Accessibility","Wheelchair-accessible car park","1"
"0x30da310028055d21:0x6096d63c562df6dd","Crowd","LGBTQ+ friendly","1"
"0x30da310028055d21:0x6096d63c562df6dd","Crowd","Transgender safe space","1"
"0x30da310028055d21:0x6096d63c562df6dd","Payments","NFC mobile payments","1"
"0x30da310028055d21:0x6096d63c562df6dd","Parking","Free parking lot","1"
"0x30da310028055d21:0x6096d63c562df6dd","Parking","On-site parking","1"
"0x30da3b7585558121:0x59bbba881fa9f92","Payments","NFC mobile payments","1"
"0x30da3004937b141f:0xbbf2ae3fe5fedf35","Amenities","Toilet","1"
"0x30da3004937b141f:0xbbf2ae3fe5fedf35","Planning","Appointments recommended","1"
"0x30da3004937b141f:0xbbf2ae3fe5fedf35","Payments","Credit cards","1"
"0x30da3004937b141f:0xbbf2ae3fe5fedf35","Payments","Debit cards","1"
"0x30da3004937b141f:0xbbf2ae3fe5fedf35","Payments","NFC mobile payments","1"
"0x30da3004937b141f:0xbbf2ae3fe5fedf35","Payments","Credit cards","1"
"0x30da3bb6ff701887:0x2df1e15e4ca9710d","Payments","Credit cards","1"
"0x30da3bb6ff701887:0x2df1e15e4ca9710d","Payments","Debit cards","1"
"0x30da3bb6ff701887:0x2df1e15e4ca9710d","Payments","NFC mobile payments","1"
"0x30da3b6dd375ac33:0xed5289ef4520f051","Service options","On-site services","1"
"0x30da3b6dd375ac33:0xed5289ef4520f051","Amenities","Gender-neutral toilets","1"
"0x30da3b6dd375ac33:0xed5289ef4520f051","Payments","Credit cards","1"
"0x30da3b6dd375ac33:0xed5289ef4520f051","Payments","Debit cards","1"
"0x30da3b6dd375ac33:0xed5289ef4520f051","Payments","NFC mobile payments","1"
"0x30da3b6dd375ac33:0xed5289ef4520f051","Payments","Credit cards","1"
"0x30da3b6dd375ac33:0xed5289ef4520f051","Parking","Free multi-storey car park","1"
"0x30da3b6dd375ac33:0xed5289ef4520f051","Parking","Free of charge street parking","1"
"0x30da3b6dd375ac33:0xed5289ef4520f051","Parking","Free parking lot","1"
"0x30da3b6dd375ac33:0xed5289ef4520f051","Parking","On-site parking","1"
"0x30da3b6dd375ac33:0xed5289ef4520f051","Parking","Paid multi-storey car park","1"
"0x30da3b6dd375ac33:0xed5289ef4520f051","Parking","Paid parking lot","1"
"0x30da23dcabd4c8d3:0x95cf28390065353a","Accessibility","Wheelchair-accessible toilet","1"
"0x30da23dcabd4c8d3:0x95cf28390065353a","From the business","Identifies as women-owned","1"
"0x30da23dcabd4c8d3:0x95cf28390065353a","Amenities","Toilet","1"
"0x30da31a3b19df7df:0xb99aeabceff0e01c","Accessibility","Wheelchair-accessible car park","1"
"0x30da31a3b19df7df:0xb99aeabceff0e01c","Amenities","Toilet","1"
"0x30da31a3b19df7df:0xb99aeabceff0e01c","Planning","Appointments recommended","1"
"0x30da3b6c74653bff:0xc3d9e283ecacd01a","Payments","Credit cards","1"
"0x30da3b6c74653bff:0xc3d9e283ecacd01a","Payments","Debit cards","1"
"0x30da3b6c74653bff:0xc3d9e283ecacd01a","Payments","NFC mobile payments","1"
"0x30da2554b645f5a5:0xb41041674668e32d","Accessibility","Wheelchair-accessible car park","1"
"0x30da2554b645f5a5:0xb41041674668e32d","Amenities","Toilet","1"
"0x30da30dcb34827ef:0x2c5042564ea440e","From the business","Identifies as women-owned","1"
"0x30da30dcb34827ef:0x2c5042564ea440e","Amenities","Gender-neutral toilets","1"
"0x30da30dcb34827ef:0x2c5042564ea440e","Crowd","LGBTQ+ friendly","1"
"0x30da30dcb34827ef:0x2c5042564ea440e","Crowd","Transgender safe space","1"
"0x30da30dcb34827ef:0x2c5042564ea440e","Payments","Credit cards","1"
"0x30da30dcb34827ef:0x2c5042564ea440e","Payments","Debit cards","1"
"0x30da30dcb34827ef:0x2c5042564ea440e","Payments","NFC mobile payments","1"
"0x30da30dcb34827ef:0x2c5042564ea440e","Parking","Free parking lot","1"
"0x30da30dcb34827ef:0x2c5042564ea440e","Parking","On-site parking","1"
"0x30da3ab3ea6be8e1:0x45ec139372076cb7","Accessibility","Wheelchair-accessible toilet","1"
"0x30da3ab3ea6be8e1:0x45ec139372076cb7","Amenities","Toilet","1"
"0x30da3ab3ea6be8e1:0x45ec139372076cb7","Planning","Appointments recommended","1"
"0x30da3b9e7c991f19:0x73f9dce227bc3c3d","Amenities","Gender-neutral toilets","1"
"0x30da3b9e7c991f19:0x73f9dce227bc3c3d","Amenities","Toilet","1"
"0x30da3b9e7c991f19:0x73f9dce227bc3c3d","Planning","Appointments recommended","1"
"0x30da3b9e7c991f19:0x73f9dce227bc3c3d","Parking","Free of charge street parking","1"
"0x30da3b9e7c991f19:0x73f9dce227bc3c3d","Parking","Free parking lot","1"
"0x30da3b9e7c991f19:0x73f9dce227bc3c3d","Parking","On-site parking","1"
"0x30da3b9e7c991f19:0x73f9dce227bc3c3d","Parking","Paid parking lot","1"
"0x30da3b9e7c991f19:0x73f9dce227bc3c3d","Parking","Paid street parking","1"
"0x30da31004ed35837:0x5b2fc349b1a0f758","Payments","NFC mobile payments","1"
"0x30da3a8826d50077:0xa68be73f74b76b32","Service options","On-site services","1"
"0x30da3a8826d50077:0xa68be73f74b76b32","Amenities","Toilet","1"
"0x30da3a8826d50077:0xa68be73f74b76b32","Planning","Appointment required","1"
"0x30da3a8826d50077:0xa68be73f74b76b32","Planning","Appointments recommended","1"
"0x30da3a8826d50077:0xa68be73f74b76b32","Parking","Free parking lot","1"
"0x30da3be85fd0aba7:0xcd912dae0f5179ce","Amenities","Toilet","1"
"0x30da3be85fd0aba7:0xcd912dae0f5179ce","Crowd","LGBTQ+ friendly","1"
"0x30da3be85fd0aba7:0xcd912dae0f5179ce","Crowd","Transgender safe space","1"
"0x30da3be85fd0aba7:0xcd912dae0f5179ce","Planning","Appointments recommended","1"
"0x30da35d95ac1b565:0xada9ff92d5c4bf1e","Accessibility","Wheelchair-accessible seating","1"
"0x30da35d95ac1b565:0xada9ff92d5c4bf1e","Amenities","Gender-neutral toilets","1"
"0x30da35d95ac1b565:0xada9ff92d5c4bf1e","Amenities","Toilet","1"
"0x30da35d95ac1b565:0xada9ff92d5c4bf1e","Crowd","LGBTQ+ friendly","1"
"0x30da35d95ac1b565:0xada9ff92d5c4bf1e","Crowd","Transgender safe space","1"
"0x30da2f4a1866b96f:0xf6680a5933c92575","Payments","Credit cards","1"
"0x30da2f4a1866b96f:0xf6680a5933c92575","Payments","Debit cards","1"
"0x30da2f4a1866b96f:0xf6680a5933c92575","Payments","NFC mobile payments","1"
"0x30da2f4a1866b96f:0xf6680a5933c92575","Parking","On-site parking","1"
"0x30da31c0b1f7ef65:0xc730b46df5d1d881","Payments","NFC mobile payments","1"
"0x30da3b4285a22529:0xd27f6b83cd6c8abd","Accessibility","Wheelchair-accessible seating","1"
"0x30da3b4285a22529:0xd27f6b83cd6c8abd","Accessibility","Wheelchair-accessible toilet","1"
"0x30da3b4285a22529:0xd27f6b83cd6c8abd","From the business","Identifies as women-owned","1"
"0x30da3b4285a22529:0xd27f6b83cd6c8abd","Service options","On-site services","1"
"0x30da3b4285a22529:0xd27f6b83cd6c8abd","Amenities","Gender-neutral toilets","1"
"0x30da3b4285a22529:0xd27f6b83cd6c8abd","Crowd","LGBTQ+ friendly","1"
"0x30da3b4285a22529:0xd27f6b83cd6c8abd","Crowd","Transgender safe space","1"
"0x30da3b4285a22529:0xd27f6b83cd6c8abd","Payments","Credit cards","1"
"0x30da3b4285a22529:0xd27f6b83cd6c8abd","Payments","Debit cards","1"
"0x30da3b4285a22529:0xd27f6b83cd6c8abd","Payments","NFC mobile payments","1"
"0x30da3b4285a22529:0xd27f6b83cd6c8abd","Parking","Free of charge street parking","1"
"0x30da3b4285a22529:0xd27f6b83cd6c8abd","Parking","Free parking lot","1"
"0x30da3b4285a22529:0xd27f6b83cd6c8abd","Parking","On-site parking","1"
"0x30da31aadd22fdb1:0x7c309786fd1716d","Accessibility","Wheelchair-accessible car park","1"
"0x30da31aadd22fdb1:0x7c309786fd1716d","Payments","Credit cards","1"
"0x30da31aadd22fdb1:0x7c309786fd1716d","Payments","Debit cards","1"
"0x30da31aadd22fdb1:0x7c309786fd1716d","Payments","NFC mobile payments","1"
"0x30da2f5b1bfc61c9:0xbecd5d92c2d5bd02","Payments","NFC mobile payments","1"
"0x30da2f93bee3175b:0xcc2b64ba22c99c7b","Accessibility","Wheelchair-accessible seating","1"
"0x30da2f93bee3175b:0xcc2b64ba22c99c7b","Accessibility","Wheelchair-accessible toilet","1"
"0x30da2f93bee3175b:0xcc2b64ba22c99c7b","From the business","Identifies as women-owned","1"
"0x30da2f93bee3175b:0xcc2b64ba22c99c7b","Service options","On-site services","1"
"0x30da2f93bee3175b:0xcc2b64ba22c99c7b","Amenities","Gender-neutral toilets","1"
"0x30da2f93bee3175b:0xcc2b64ba22c99c7b","Crowd","LGBTQ+ friendly","1"
"0x30da2f93bee3175b:0xcc2b64ba22c99c7b","Crowd","Transgender safe space","1"
"0x30da2f93bee3175b:0xcc2b64ba22c99c7b","Parking","Free parking lot","1"
"0x30da3de52449c331:0x9d81ca6ccfe8704c","Amenities","Toilet","1"
"0x30da252784ddc8b9:0xc66268d0ac161138","Payments","Credit cards","1"
"0x30da252784ddc8b9:0xc66268d0ac161138","Payments","Debit cards","1"
"0x30da252784ddc8b9:0xc66268d0ac161138","Payments","NFC mobile payments","1"
"0x30da25534794b7f9:0x8faec1efce1ea801","Payments","Credit cards","1"
"0x30da25534794b7f9:0x8faec1efce1ea801","Payments","NFC mobile payments","1"
"0x30da3be0cde0d9f3:0x93a3dae0799436ed","Service options","On-site services","1"
"0x30da3be0cde0d9f3:0x93a3dae0799436ed","Amenities","Toilet","1"
"0x30da3be0cde0d9f3:0x93a3dae0799436ed","Planning","Appointment required","1"
"0x30da3be0cde0d9f3:0x93a3dae0799436ed","Parking","Free of charge street parking","1"
"0x30da2962a0ff095b:0x620cf2b9f66783f0","Amenities","Toilet","1"
"0x30da2962a0ff095b:0x620cf2b9f66783f0","Parking","Free multi-storey car park","1"
"0x30da2962a0ff095b:0x620cf2b9f66783f0","Parking","Free of charge street parking","1"
"0x30da2962a0ff095b:0x620cf2b9f66783f0","Parking","Free parking lot","1"
"0x30da2962a0ff095b:0x620cf2b9f66783f0","Parking","On-site parking","1"
"0x30da31b54aae078b:0xdc6bfb6713bcc476","Payments","NFC mobile payments","1"
"0x30da315e8c3ce637:0xec945f8fe4c5aba8","Accessibility","Wheelchair-accessible car park","1"
"0x30da315e8c3ce637:0xec945f8fe4c5aba8","Payments","NFC mobile payments","1"
"0x30da3bddb730ec7f:0xfe0498a48ce7bdf4","Accessibility","Wheelchair-accessible seating","1"
"0x30da3bddb730ec7f:0xfe0498a48ce7bdf4","Accessibility","Wheelchair-accessible toilet","1"
"0x30da3bddb730ec7f:0xfe0498a48ce7bdf4","Amenities","Toilet","1"
"0x30da3bddb730ec7f:0xfe0498a48ce7bdf4","Planning","Appointments recommended","1"
"0x30da3bddb730ec7f:0xfe0498a48ce7bdf4","Payments","Credit cards","1"
"0x30da3bddb730ec7f:0xfe0498a48ce7bdf4","Payments","Debit cards","1"
"0x30da3bddb730ec7f:0xfe0498a48ce7bdf4","Payments","NFC mobile payments","1"
"0x30da3bddb730ec7f:0xfe0498a48ce7bdf4","Parking","Free of charge street parking","1"
"0x30da3bddb730ec7f:0xfe0498a48ce7bdf4","Parking","Free parking lot","1"
"0x30da3bddb730ec7f:0xfe0498a48ce7bdf4","Parking","On-site parking","1"
"0x8fc20f5ea993c70d:0x82c735561212a989","Amenities","Toilet","1"
"0x30da257141268707:0x56d877356c45c3f","Accessibility","Wheelchair-accessible seating","1"
"0x30da257141268707:0x56d877356c45c3f","Accessibility","Wheelchair-accessible toilet","1"
"0x30da257141268707:0x56d877356c45c3f","Crowd","LGBTQ+ friendly","1"
"0x30da257141268707:0x56d877356c45c3f","Crowd","Transgender safe space","1"
"0x30da257141268707:0x56d877356c45c3f","Payments","Credit cards","1"
"0x30da257141268707:0x56d877356c45c3f","Payments","Debit cards","1"
"0x30da257141268707:0x56d877356c45c3f","Payments","NFC mobile payments","1"
"0x30dbd3f4dfa3c3b1:0xedd4e9030fe71d6","Accessibility","Wheelchair-accessible car park","1"
"0x30dbd3f4dfa3c3b1:0xedd4e9030fe71d6","Payments","NFC mobile payments","1"
"0x30da3bdf9f652bed:0xa5f8206abf1c7651","Service options","On-site services","1"
"0x30da3bdf9f652bed:0xa5f8206abf1c7651","Amenities","Toilet","1"
"0x30da3bdf9f652bed:0xa5f8206abf1c7651","Planning","Appointments recommended","1"
"0x30da25eb5ffba813:0x63cef997fa9273ea","Payments","NFC mobile payments","1"
"0x30da36aadbae3067:0x603139bef452783e","Amenities","Toilet","1"
"0x30da31752a1838bb:0x376a453b3a1b0d47","Crowd","LGBTQ+ friendly","1"
"0x30da31752a1838bb:0x376a453b3a1b0d47","Crowd","Transgender safe space","1"
"0x30da31752a1838bb:0x376a453b3a1b0d47","Payments","Credit cards","1"
"0x30da31752a1838bb:0x376a453b3a1b0d47","Payments","NFC mobile payments","1"
"0x30da31752a1838bb:0x376a453b3a1b0d47","Parking","Free parking lot","1"
"0x30da31752a1838bb:0x376a453b3a1b0d47","Parking","On-site parking","1"
"0x30da3a629cb64c67:0x21b9cb034420dd07","Payments","NFC mobile payments","1"
"0x30da3b1528edcf79:0xd3c7c50ff57fe26e","Accessibility","Wheelchair-accessible toilet","1"
"0x30da3b1528edcf79:0xd3c7c50ff57fe26e","Amenities","Toilet","1"
"0x30da3b1528edcf79:0xd3c7c50ff57fe26e","Planning","Appointment required","1"
"0x30da3b1528edcf79:0xd3c7c50ff57fe26e","Planning","Appointments recommended","1"
"0x30da3b1528edcf79:0xd3c7c50ff57fe26e","Payments","Debit cards","1"
"0x30da3b1528edcf79:0xd3c7c50ff57fe26e","Payments","NFC mobile payments","1"
"0x30da3b1528edcf79:0xd3c7c50ff57fe26e","Payments","Credit cards","1"
"0x30da3ba4287102ad:0x8080e40d4bfa4598","Payments","NFC mobile payments","1"
"0x30da2f6da0d4731f:0x998984cf0789bf5c","Payments","Credit cards","1"
"0x30da2f6da0d4731f:0x998984cf0789bf5c","Payments","Debit cards","1"
"0x30da2f6da0d4731f:0x998984cf0789bf5c","Payments","NFC mobile payments","1"
"0x30da31000eed5f4b:0x52181f16e6fca1f8","Amenities","Toilet","1"
"0x30da3135c844d997:0x1484df0cfb7da27a","Amenities","Toilet","1"
"0x30da3135c844d997:0x1484df0cfb7da27a","Planning","Appointment required","1"
"0x30da3bdd7a97e575:0xc7cb32fa00f12690","Accessibility","Wheelchair-accessible car park","1"
"0x30da3bdd7a97e575:0xc7cb32fa00f12690","Accessibility","Wheelchair-accessible entrance","1"
"0x30da3bdd7a97e575:0xc7cb32fa00f12690","Accessibility","Wheelchair-accessible seating","1"
"0x30da3bdd7a97e575:0xc7cb32fa00f12690","Amenities","Toilet","1"
"0x30da3bdd7a97e575:0xc7cb32fa00f12690","Planning","Appointment required","1"
"0x30da3100231f37ef:0x140fb7196a8698fd","Service options","On-site services","1"
"0x30da3100231f37ef:0x140fb7196a8698fd","Amenities","Toilet","1"
"0x30da3100231f37ef:0x140fb7196a8698fd","Parking","Free parking lot","1"
"0x30da3100231f37ef:0x140fb7196a8698fd","Parking","On-site parking","1"
"0x30da3a8f91eff9db:0x26bd2e23bab3dc55","Amenities","Toilet","1"
"0x30da3a8f91eff9db:0x26bd2e23bab3dc55","Planning","Appointment required","1"
"0x30da3a8f91eff9db:0x26bd2e23bab3dc55","Payments","NFC mobile payments","1"
"0x30da31af82632c3b:0x286d1f3a2d257eb7","Payments","Credit cards","1"
"0x30da31af82632c3b:0x286d1f3a2d257eb7","Payments","NFC mobile payments","1"
"0x30da3a9b34ccb099:0x1d07ef56d343b76f","Accessibility","Wheelchair-accessible toilet","1"
"0x30da3a9b34ccb099:0x1d07ef56d343b76f","Amenities","Toilet","1"
"0x30da3a9b34ccb099:0x1d07ef56d343b76f","Planning","Appointments recommended","1"
"0x30da3aa000537cdd:0x4a902169dfa70c31","Payments","Debit cards","1"
"0x30da3aa000537cdd:0x4a902169dfa70c31","Payments","NFC mobile payments","1"
"0x30da3aa000537cdd:0x4a902169dfa70c31","Payments","Credit cards","1"
"0x30da3a99ec603563:0x281fca4f66272231","Accessibility","Wheelchair-accessible car park","1"
"0x30da3a99ec603563:0x281fca4f66272231","Accessibility","Wheelchair-accessible entrance","1"
"0x30da3a99ec603563:0x281fca4f66272231","Amenities","Toilet","1"
"0x30da3a8888b682b3:0xc3335af79d937596","Accessibility","Wheelchair-accessible entrance","1"
"0x30da3a8888b682b3:0xc3335af79d937596","Amenities","Toilet","1"
"0x30da3a8888b682b3:0xc3335af79d937596","Crowd","LGBTQ+ friendly","1"
"0x30da3a8888b682b3:0xc3335af79d937596","Crowd","Transgender safe space","1"
"0x30da3a8888b682b3:0xc3335af79d937596","Planning","Appointment required","1"
"0x30da3a8888b682b3:0xc3335af79d937596","Planning","Appointments recommended","1"
"0x30da3a8888b682b3:0xc3335af79d937596","Payments","Credit cards","1"
"0x30da3a8888b682b3:0xc3335af79d937596","Payments","Debit cards","1"
"0x30da3a8888b682b3:0xc3335af79d937596","Payments","NFC mobile payments","1"
"0x30da3a9cf11f6309:0x9cab2c2b6611bc54","Amenities","Toilet","1"
"0x30da3b00cb8a8ff7:0xf4ab4280d817835d","Accessibility","Wheelchair-accessible car park","1"
"0x30da3b00cb8a8ff7:0xf4ab4280d817835d","Accessibility","Wheelchair-accessible entrance","1"
"0x30da3b00cb8a8ff7:0xf4ab4280d817835d","Service options","On-site services","1"
"0x30da3a8441427a79:0x46d7dcd4d470c3f","Accessibility","Wheelchair-accessible car park","1"
"0x30da3a8441427a79:0x46d7dcd4d470c3f","Accessibility","Wheelchair-accessible entrance","1"
"0x30da3a8441427a79:0x46d7dcd4d470c3f","Accessibility","Wheelchair-accessible toilet","1"
"0x30da3a8441427a79:0x46d7dcd4d470c3f","Amenities","Toilet","1"
"0x30da3a8441427a79:0x46d7dcd4d470c3f","Planning","Appointments recommended","1"
"0x30da3b98d3217053:0xdbd94e8a90e46f60","Amenities","Toilet","1"
"0x30da3b98d3217053:0xdbd94e8a90e46f60","Payments","Debit cards","1"
"0x30da3b98d3217053:0xdbd94e8a90e46f60","Payments","Credit cards","1"
"0x30da3b3f345bcd0d:0xdd8242c78614faf8","Accessibility","Wheelchair-accessible toilet","1"
"0x30da3b3f345bcd0d:0xdd8242c78614faf8","From the business","Identifies as women-owned","1"
"0x30da3b3f345bcd0d:0xdd8242c78614faf8","Service options","On-site services","1"
"0x30da3b3f345bcd0d:0xdd8242c78614faf8","Amenities","Toilet","1"
"0x30da3b3f345bcd0d:0xdd8242c78614faf8","Planning","Appointment required","1"
"0x30da3b3f345bcd0d:0xdd8242c78614faf8","Planning","Appointments recommended","1"
"0x30da3b3f345bcd0d:0xdd8242c78614faf8","Payments","Credit cards","1"
"0x30da3b3f345bcd0d:0xdd8242c78614faf8","Payments","Debit cards","1"
"0x30da3b3f345bcd0d:0xdd8242c78614faf8","Payments","NFC mobile payments","1"
"0x30da3aa4952ab203:0x42a38b1aa85e962d","Amenities","Toilet","1"
"0x30da3aa4952ab203:0x42a38b1aa85e962d","Planning","Appointments recommended","1"
"0x30da3b4d61475115:0xdb92568d60bc3beb","Accessibility","Wheelchair-accessible car park","1"
"0x30da3b4d61475115:0xdb92568d60bc3beb","Accessibility","Wheelchair-accessible toilet","1"
"0x30da3b4d61475115:0xdb92568d60bc3beb","Amenities","Toilet","1"
"0x30da3b4d61475115:0xdb92568d60bc3beb","Planning","Appointments recommended","1"
"0x30da3b4d61475115:0xdb92568d60bc3beb","Parking","Free parking lot","1"
"0x30da3b4d61475115:0xdb92568d60bc3beb","Parking","On-site parking","1"
"0x30da3b6e8d543577:0x982d21b8f02678ee","Amenities","Toilet","1"
"0x30da3b6e8d543577:0x982d21b8f02678ee","Planning","Appointments recommended","1"
"0x30da3b6e8d543577:0x982d21b8f02678ee","Payments","NFC mobile payments","1"
"0x30da3bb6af3a6277:0x180d3a1bd3cc90c3","Amenities","Gender-neutral restroom",1
"0x30da3bb6af3a6277:0x180d3a1bd3cc90c3","Amenities","Restroom",1
"0x30da3bb6af3a6277:0x180d3a1bd3cc90c3","Crowd","LGBTQ+ friendly",1
"0x30da3bb6af3a6277:0x180d3a1bd3cc90c3","Crowd","Transgender safespace",1
"0x30da3bb6af3a6277:0x180d3a1bd3cc90c3","Planning","Appointments recommended",1
"0x30da3bb6af3a6277:0x180d3a1bd3cc90c3","Payments","NFC mobile payments",1
