"place_id","day","hours_text"
"0x30e29ecdf9a9017d:0x6ae1c956b3af6f91","Friday","10 am–8 pm"
"0x30e29ecdf9a9017d:0x6ae1c956b3af6f91","Saturday","10 am–8 pm"
"0x30e29ecdf9a9017d:0x6ae1c956b3af6f91","Sunday","10 am–8 pm"
"0x30e29ecdf9a9017d:0x6ae1c956b3af6f91","Monday","10 am–8 pm"
"0x30e29ecdf9a9017d:0x6ae1c956b3af6f91","Tuesday","10 am–8 pm"
"0x30e29ecdf9a9017d:0x6ae1c956b3af6f91","Wednesday","10 am–8 pm"
"0x30e29ecdf9a9017d:0x6ae1c956b3af6f91","Thursday","10 am–8 pm"
"0x30e29f46682a2015:0xf3a3841789d66c75","Friday","11 am–8 pm"
"0x30e29f46682a2015:0xf3a3841789d66c75","Saturday","11 am–8 pm"
"0x30e29f46682a2015:0xf3a3841789d66c75","Sunday","11 am–8 pm"
"0x30e29f46682a2015:0xf3a3841789d66c75","Monday","11 am–8 pm"
"0x30e29f46682a2015:0xf3a3841789d66c75","Tuesday","11 am–8 pm"
"0x30e29f46682a2015:0xf3a3841789d66c75","Wednesday","11 am–8 pm"
"0x30e29f46682a2015:0xf3a3841789d66c75","Thursday","11 am–8 pm"
"0x30e29edb6c9a1703:0x464dd5d6269cafec","Friday","10 am–7 pm"
"0x30e29edb6c9a1703:0x464dd5d6269cafec","Saturday","9 am–5:30 pm"
"0x30e29edb6c9a1703:0x464dd5d6269cafec","Sunday","Closed"
"0x30e29edb6c9a1703:0x464dd5d6269cafec","Monday","10 am–7 pm"
"0x30e29edb6c9a1703:0x464dd5d6269cafec","Tuesday","10 am–7 pm"
"0x30e29edb6c9a1703:0x464dd5d6269cafec","Wednesday","10 am–7 pm"
"0x30e29edb6c9a1703:0x464dd5d6269cafec","Thursday","10 am–7 pm"
"0x30e29f4d1720ed8f:0x4ad780aff5b73300","Friday","11 AM–8:30 PM"
"0x30e29f4d1720ed8f:0x4ad780aff5b73300","Saturday","11 AM–8:30 PM"
"0x30e29f4d1720ed8f:0x4ad780aff5b73300","Sunday","11 AM–8:30 PM"
"0x30e29f4d1720ed8f:0x4ad780aff5b73300","Monday","11 AM–8:30 PM"
"0x30e29f4d1720ed8f:0x4ad780aff5b73300","Tuesday","11 AM–8:30 PM"
"0x30e29f4d1720ed8f:0x4ad780aff5b73300","Wednesday","11 AM–8:30 PM"
"0x30e29f4d1720ed8f:0x4ad780aff5b73300","Thursday","11 AM–8:30 PM"
"0x30e29f43865abc87:0x191346c42e38d53c","Friday","11 AM–7 PM"
"0x30e29f43865abc87:0x191346c42e38d53c","Saturday","11 AM–7 PM"
"0x30e29f43865abc87:0x191346c42e38d53c","Sunday","11 AM–7 PM"
"0x30e29f43865abc87:0x191346c42e38d53c","Monday","11 AM–7 PM"
"0x30e29f43865abc87:0x191346c42e38d53c","Tuesday","11 AM–7 PM"
"0x30e29f43865abc87:0x191346c42e38d53c","Wednesday","11 AM–7 PM"
"0x30e29f43865abc87:0x191346c42e38d53c","Thursday","11 AM–7 PM"
"0x30e29fda9acae28b:0x7f885c72fc1ee8c3","Friday","11 am–8 pm"
"0x30e29fda9acae28b:0x7f885c72fc1ee8c3","Saturday","11 am–8 pm"
"0x30e29fda9acae28b:0x7f885c72fc1ee8c3","Sunday","11 am–8 pm"
"0x30e29fda9acae28b:0x7f885c72fc1ee8c3","Monday","11 am–8 pm"
"0x30e29fda9acae28b:0x7f885c72fc1ee8c3","Tuesday","11 am–8 pm"
"0x30e29fda9acae28b:0x7f885c72fc1ee8c3","Wednesday","11 am–8 pm"
"0x30e29fda9acae28b:0x7f885c72fc1ee8c3","Thursday","11 am–8 pm"
"0x30e29e518b9c7673:0x1ccc26fbb21f0d37","Friday","10 am–7 pm"
"0x30e29e518b9c7673:0x1ccc26fbb21f0d37","Saturday","10 am–7 pm"
"0x30e29e518b9c7673:0x1ccc26fbb21f0d37","Sunday","10 am–7 pm"
"0x30e29e518b9c7673:0x1ccc26fbb21f0d37","Monday","10 am–7 pm"
"0x30e29e518b9c7673:0x1ccc26fbb21f0d37","Tuesday","10 am–7 pm"
"0x30e29e518b9c7673:0x1ccc26fbb21f0d37","Wednesday","10 am–7 pm"
"0x30e29e518b9c7673:0x1ccc26fbb21f0d37","Thursday","10 am–7 pm"
"0x30e29eb5e4b8deef:0x7ed6f4b8a49d3e5a","Friday","10 am–8 pm"
"0x30e29eb5e4b8deef:0x7ed6f4b8a49d3e5a","Saturday","9 am–7 pm"
"0x30e29eb5e4b8deef:0x7ed6f4b8a49d3e5a","Sunday","9 am–7 pm"
"0x30e29eb5e4b8deef:0x7ed6f4b8a49d3e5a","Monday","10 am–8 pm"
"0x30e29eb5e4b8deef:0x7ed6f4b8a49d3e5a","Tuesday","10 am–8 pm"
"0x30e29eb5e4b8deef:0x7ed6f4b8a49d3e5a","Wednesday","10 am–8 pm"
"0x30e29eb5e4b8deef:0x7ed6f4b8a49d3e5a","Thursday","10 am–8 pm"
"0x30e29faa3ba38cf7:0xfb8170b1c7a0a3a5","Friday","8 am–5 pm"
"0x30e29faa3ba38cf7:0xfb8170b1c7a0a3a5","Saturday","8 am–5 pm"
"0x30e29faa3ba38cf7:0xfb8170b1c7a0a3a5","Sunday","8 am–4 pm"
"0x30e29faa3ba38cf7:0xfb8170b1c7a0a3a5","Monday","8 am–8 pm"
"0x30e29faa3ba38cf7:0xfb8170b1c7a0a3a5","Tuesday","8 am–5 pm"
"0x30e29faa3ba38cf7:0xfb8170b1c7a0a3a5","Wednesday","8 am–7:30 pm"
"0x30e29faa3ba38cf7:0xfb8170b1c7a0a3a5","Thursday","8 am–8 pm"
"0x30e29edc953d2431:0xf79aee45324b2d6e","Friday","10 am–8 pm"
"0x30e29edc953d2431:0xf79aee45324b2d6e","Saturday","10 am–8 pm"
"0x30e29edc953d2431:0xf79aee45324b2d6e","Sunday","10 am–8 pm"
"0x30e29edc953d2431:0xf79aee45324b2d6e","Monday","10 am–8 pm"
"0x30e29edc953d2431:0xf79aee45324b2d6e","Tuesday","10 am–8 pm"
"0x30e29edc953d2431:0xf79aee45324b2d6e","Wednesday","10 am–8 pm"
"0x30e29edc953d2431:0xf79aee45324b2d6e","Thursday","10 am–8 pm"
"0x30e299873d6699cb:0x23879a38a762e594","Friday","11 am–8 pm"
"0x30e299873d6699cb:0x23879a38a762e594","Saturday","10 am–8 pm"
"0x30e299873d6699cb:0x23879a38a762e594","Sunday","10 am–8 pm"
"0x30e299873d6699cb:0x23879a38a762e594","Monday","11 am–8 pm"
"0x30e299873d6699cb:0x23879a38a762e594","Tuesday","11 am–8 pm"
"0x30e299873d6699cb:0x23879a38a762e594","Wednesday","11 am–8 pm"
"0x30e299873d6699cb:0x23879a38a762e594","Thursday","11 am–8 pm"
"0x30e299cdf1295d95:0x1a102078e61ef61a","Friday","11 am–8 pm"
"0x30e299cdf1295d95:0x1a102078e61ef61a","Saturday","11 am–8 pm"
"0x30e299cdf1295d95:0x1a102078e61ef61a","Sunday","11 am–8 pm"
"0x30e299cdf1295d95:0x1a102078e61ef61a","Monday","11 am–8 pm"
"0x30e299cdf1295d95:0x1a102078e61ef61a","Tuesday","11 am–8 pm"
"0x30e299cdf1295d95:0x1a102078e61ef61a","Wednesday","11 am–8 pm"
"0x30e299cdf1295d95:0x1a102078e61ef61a","Thursday","11 am–8 pm"
"0x30e29ee7cbc72ab5:0x102d0ec0bc20f26e","Friday","10 am–8 pm"
"0x30e29ee7cbc72ab5:0x102d0ec0bc20f26e","Saturday","10 am–6 pm"
"0x30e29ee7cbc72ab5:0x102d0ec0bc20f26e","Sunday","Closed"
"0x30e29ee7cbc72ab5:0x102d0ec0bc20f26e","Monday","10 am–8 pm"
"0x30e29ee7cbc72ab5:0x102d0ec0bc20f26e","Tuesday","10 am–8 pm"
"0x30e29ee7cbc72ab5:0x102d0ec0bc20f26e","Wednesday","10 am–8 pm"
"0x30e29ee7cbc72ab5:0x102d0ec0bc20f26e","Thursday","10 am–8 pm"
"0x30e29fd2ecad0965:0x8b6f9d8b6964df36","Friday","10:30 am–8 pm"
"0x30e29fd2ecad0965:0x8b6f9d8b6964df36","Saturday","10:30 am–8 pm"
"0x30e29fd2ecad0965:0x8b6f9d8b6964df36","Sunday","10:30 am–8 pm"
"0x30e29fd2ecad0965:0x8b6f9d8b6964df36","Monday","10:30 am–8 pm"
"0x30e29fd2ecad0965:0x8b6f9d8b6964df36","Tuesday","10:30 am–8 pm"
"0x30e29fd2ecad0965:0x8b6f9d8b6964df36","Wednesday","10:30 am–8 pm"
"0x30e29fd2ecad0965:0x8b6f9d8b6964df36","Thursday","10:30 am–8 pm"
"0x30e29ee3fcde0d4f:0x53bdc29addeb68f8","Friday","10 am–8 pm"
"0x30e29ee3fcde0d4f:0x53bdc29addeb68f8","Saturday","10 am–8 pm"
"0x30e29ee3fcde0d4f:0x53bdc29addeb68f8","Sunday","10 am–8 pm"
"0x30e29ee3fcde0d4f:0x53bdc29addeb68f8","Monday","10 am–8 pm"
"0x30e29ee3fcde0d4f:0x53bdc29addeb68f8","Tuesday","10 am–8 pm"
"0x30e29ee3fcde0d4f:0x53bdc29addeb68f8","Wednesday","10 am–8 pm"
"0x30e29ee3fcde0d4f:0x53bdc29addeb68f8","Thursday","10 am–8 pm"
"0x30e29eba0bd98991:0xff406a3fd4ecfbfd","Friday","10 am–8 pm"
"0x30e29eba0bd98991:0xff406a3fd4ecfbfd","Saturday","10 am–8 pm"
"0x30e29eba0bd98991:0xff406a3fd4ecfbfd","Sunday","Closed"
"0x30e29eba0bd98991:0xff406a3fd4ecfbfd","Monday","10 am–8 pm"
"0x30e29eba0bd98991:0xff406a3fd4ecfbfd","Tuesday","10 am–8 pm"
"0x30e29eba0bd98991:0xff406a3fd4ecfbfd","Wednesday","10 am–8 pm"
"0x30e29eba0bd98991:0xff406a3fd4ecfbfd","Thursday","10 am–8 pm"
"0x30e29f1d06306cd7:0xe27cd8aefcedc63f","Friday","12 pm–12 am"
"0x30e29f1d06306cd7:0xe27cd8aefcedc63f","Saturday","12 pm–12 am"
"0x30e29f1d06306cd7:0xe27cd8aefcedc63f","Sunday","12 pm–12 am"
"0x30e29f1d06306cd7:0xe27cd8aefcedc63f","Monday","12 pm–12 am"
"0x30e29f1d06306cd7:0xe27cd8aefcedc63f","Tuesday","12 pm–12 am"
"0x30e29f1d06306cd7:0xe27cd8aefcedc63f","Wednesday","12 pm–12 am"
"0x30e29f1d06306cd7:0xe27cd8aefcedc63f","Thursday","12 pm–12 am"
"0x30e29ee3c28c5107:0x1557ff5f4d15a0f8","Friday","11 am–8 pm"
"0x30e29ee3c28c5107:0x1557ff5f4d15a0f8","Saturday","11 am–8 pm"
"0x30e29ee3c28c5107:0x1557ff5f4d15a0f8","Sunday","11 am–8 pm"
"0x30e29ee3c28c5107:0x1557ff5f4d15a0f8","Monday","11 am–8 pm"
"0x30e29ee3c28c5107:0x1557ff5f4d15a0f8","Tuesday","11 am–8 pm"
"0x30e29ee3c28c5107:0x1557ff5f4d15a0f8","Wednesday","11 am–8 pm"
"0x30e29ee3c28c5107:0x1557ff5f4d15a0f8","Thursday","11 am–8 pm"
"0x30e299f87099204d:0xc851366660138176","Friday","9 AM–7 PM"
"0x30e299f87099204d:0xc851366660138176","Saturday","9 AM–6 PM"
"0x30e299f87099204d:0xc851366660138176","Sunday","9 AM–1 PM"
"0x30e299f87099204d:0xc851366660138176","Monday","9 AM–7 PM"
"0x30e299f87099204d:0xc851366660138176","Tuesday","9 AM–7 PM"
"0x30e299f87099204d:0xc851366660138176","Wednesday","9 AM–7 PM"
"0x30e299f87099204d:0xc851366660138176","Thursday","9 AM–7 PM"
"0x30e29ed2ed14dbef:0xc0a5c2c088071136","Friday","11 AM–8:30 PM"
"0x30e29ed2ed14dbef:0xc0a5c2c088071136","Saturday","11 AM–8:30 PM"
"0x30e29ed2ed14dbef:0xc0a5c2c088071136","Sunday","11 AM–8:30 PM"
"0x30e29ed2ed14dbef:0xc0a5c2c088071136","Monday","11 AM–8:30 PM"
"0x30e29ed2ed14dbef:0xc0a5c2c088071136","Tuesday","11 AM–8:30 PM"
"0x30e29ed2ed14dbef:0xc0a5c2c088071136","Wednesday","11 AM–8:30 PM"
"0x30e29ed2ed14dbef:0xc0a5c2c088071136","Thursday","11 AM–8:30 PM"
"0x30e29f0036d696d5:0x1526128f060e08d1","Friday","9:30 AM–7:30 PM"
"0x30e29f0036d696d5:0x1526128f060e08d1","Saturday","9 AM–6 PM"
"0x30e29f0036d696d5:0x1526128f060e08d1","Sunday","9 AM–6 PM"
"0x30e29f0036d696d5:0x1526128f060e08d1","Monday","9:30 AM–7:30 PM"
"0x30e29f0036d696d5:0x1526128f060e08d1","Tuesday","9:30 AM–7:30 PM"
"0x30e29f0036d696d5:0x1526128f060e08d1","Wednesday","9:30 AM–7:30 PM"
"0x30e29f0036d696d5:0x1526128f060e08d1","Thursday","9:30 AM–7:30 PM"
"0x30e29962af3feac1:0x9de7e26a25e1d712","Friday","9 AM–6 PM"
"0x30e29962af3feac1:0x9de7e26a25e1d712","Saturday","9 AM–6 PM"
"0x30e29962af3feac1:0x9de7e26a25e1d712","Sunday","9 AM–6 PM"
"0x30e29962af3feac1:0x9de7e26a25e1d712","Monday","Closed"
"0x30e29962af3feac1:0x9de7e26a25e1d712","Tuesday","9 AM–6 PM"
"0x30e29962af3feac1:0x9de7e26a25e1d712","Wednesday","9 AM–6 PM"
"0x30e29962af3feac1:0x9de7e26a25e1d712","Thursday","9 AM–6 PM"
"0x30e29f6887af12b7:0xd5595bb2d33af2ed","Saturday","10 am–8 pm"
"0x30e29f6887af12b7:0xd5595bb2d33af2ed","Sunday","10 am–8 pm"
"0x30e29f6887af12b7:0xd5595bb2d33af2ed","Monday","10 am–8 pm"
"0x30e29f6887af12b7:0xd5595bb2d33af2ed","Tuesday","10 am–8 pm"
"0x30e29f6887af12b7:0xd5595bb2d33af2ed","Wednesday","10 am–8 pm"
"0x30e29f6887af12b7:0xd5595bb2d33af2ed","Thursday","10 am–8 pm"
"0x30e29f6887af12b7:0xd5595bb2d33af2ed","Friday","10 am–8 pm"
"0x30e29ed23dcfbdf5:0xbacf077cc7c09b29","Saturday","11 am–8 pm"
"0x30e29ed23dcfbdf5:0xbacf077cc7c09b29","Sunday","11 am–8 pm"
"0x30e29ed23dcfbdf5:0xbacf077cc7c09b29","Monday","11 am–8 pm"
"0x30e29ed23dcfbdf5:0xbacf077cc7c09b29","Tuesday","11 am–8 pm"
"0x30e29ed23dcfbdf5:0xbacf077cc7c09b29","Wednesday","11 am–8 pm"
"0x30e29ed23dcfbdf5:0xbacf077cc7c09b29","Thursday","11 am–8 pm"
"0x30e29ed23dcfbdf5:0xbacf077cc7c09b29","Friday","11 am–8 pm"
"0x30e29ed34ddddc3b:0xe681ea5d40b10889","Saturday","10 am–7 pm"
"0x30e29ed34ddddc3b:0xe681ea5d40b10889","Sunday","10 am–7 pm"
"0x30e29ed34ddddc3b:0xe681ea5d40b10889","Monday","11 am–8 pm"
"0x30e29ed34ddddc3b:0xe681ea5d40b10889","Tuesday","11 am–8 pm"
"0x30e29ed34ddddc3b:0xe681ea5d40b10889","Wednesday","11 am–8 pm"
"0x30e29ed34ddddc3b:0xe681ea5d40b10889","Thursday","11 am–8 pm"
"0x30e29ed34ddddc3b:0xe681ea5d40b10889","Friday","11 am–8 pm"
"0x30e29ecde8e29203:0xf461befafc37af4d","Saturday","10 am–8 pm"
"0x30e29ecde8e29203:0xf461befafc37af4d","Sunday","10 am–8 pm"
"0x30e29ecde8e29203:0xf461befafc37af4d","Monday","10 am–8 pm"
"0x30e29ecde8e29203:0xf461befafc37af4d","Tuesday","10 am–8 pm"
"0x30e29ecde8e29203:0xf461befafc37af4d","Wednesday","10 am–8 pm"
"0x30e29ecde8e29203:0xf461befafc37af4d","Thursday","10 am–8 pm"
"0x30e29ecde8e29203:0xf461befafc37af4d","Friday","10 am–8 pm"
"0x30e29ed2bcea3789:0xd4e225517ed3d12a","Saturday","10 AM–8 PM"
"0x30e29ed2bcea3789:0xd4e225517ed3d12a","Sunday","10 AM–6 PM"
"0x30e29ed2bcea3789:0xd4e225517ed3d12a","Monday","10 AM–8 PM"
"0x30e29ed2bcea3789:0xd4e225517ed3d12a","Tuesday","10 AM–8 PM"
"0x30e29ed2bcea3789:0xd4e225517ed3d12a","Wednesday","10 AM–8 PM"
"0x30e29ed2bcea3789:0xd4e225517ed3d12a","Thursday","10 AM–8 PM"
"0x30e29ed2bcea3789:0xd4e225517ed3d12a","Friday","10 AM–8 PM"
"0x30e29ec4c05ab863:0x2ee4097c48c0cdb4","Saturday","10 am–6 pm"
"0x30e29ec4c05ab863:0x2ee4097c48c0cdb4","Sunday","Closed"
"0x30e29ec4c05ab863:0x2ee4097c48c0cdb4","Monday","10 am–7 pm"
"0x30e29ec4c05ab863:0x2ee4097c48c0cdb4","Tuesday","10 am–7 pm"
"0x30e29ec4c05ab863:0x2ee4097c48c0cdb4","Wednesday","10 am–7 pm"
"0x30e29ec4c05ab863:0x2ee4097c48c0cdb4","Thursday","10 am–7 pm"
"0x30e29ec4c05ab863:0x2ee4097c48c0cdb4","Friday","10 am–7 pm"
"0x30e29eb58a6d7063:0xf4b40a96ede5eea","Saturday","10 AM–8 PM"
"0x30e29eb58a6d7063:0xf4b40a96ede5eea","Sunday","10 AM–8 PM"
"0x30e29eb58a6d7063:0xf4b40a96ede5eea","Monday","10 AM–8 PM"
"0x30e29eb58a6d7063:0xf4b40a96ede5eea","Tuesday","10 AM–8 PM"
"0x30e29eb58a6d7063:0xf4b40a96ede5eea","Wednesday","10 AM–8 PM"
"0x30e29eb58a6d7063:0xf4b40a96ede5eea","Thursday","10 AM–8 PM"
"0x30e29eb58a6d7063:0xf4b40a96ede5eea","Friday","10 AM–8 PM"
"0x30e29ed2ca6bf789:0x3107fc33d144ad9c","Saturday","10 am–8 pm"
"0x30e29ed2ca6bf789:0x3107fc33d144ad9c","Sunday","10 am–8 pm"
"0x30e29ed2ca6bf789:0x3107fc33d144ad9c","Monday","10 am–8 pm"
"0x30e29ed2ca6bf789:0x3107fc33d144ad9c","Tuesday","10 am–8 pm"
"0x30e29ed2ca6bf789:0x3107fc33d144ad9c","Wednesday","10 am–8 pm"
"0x30e29ed2ca6bf789:0x3107fc33d144ad9c","Thursday","10 am–8 pm"
"0x30e29ed2ca6bf789:0x3107fc33d144ad9c","Friday","10 am–8 pm"
"0x30e29ed001aacf57:0xad8f448f8bb2e7f6","Saturday","10 am–8 pm"
"0x30e29ed001aacf57:0xad8f448f8bb2e7f6","Sunday","Closed"
"0x30e29ed001aacf57:0xad8f448f8bb2e7f6","Monday","10 am–8 pm"
"0x30e29ed001aacf57:0xad8f448f8bb2e7f6","Tuesday","10 am–8 pm"
"0x30e29ed001aacf57:0xad8f448f8bb2e7f6","Wednesday","10 am–8 pm"
"0x30e29ed001aacf57:0xad8f448f8bb2e7f6","Thursday","10 am–8 pm"
"0x30e29ed001aacf57:0xad8f448f8bb2e7f6","Friday","10 am–8 pm"
"0x30e29ec61123f127:0xe49522daea9e8d4e","Saturday","10 AM–8 PM"
"0x30e29ec61123f127:0xe49522daea9e8d4e","Sunday","10 AM–8 PM"
"0x30e29ec61123f127:0xe49522daea9e8d4e","Monday","10 AM–8 PM"
"0x30e29ec61123f127:0xe49522daea9e8d4e","Tuesday","10 AM–8 PM"
"0x30e29ec61123f127:0xe49522daea9e8d4e","Wednesday","10 AM–8 PM"
"0x30e29ec61123f127:0xe49522daea9e8d4e","Thursday","10 AM–8 PM"
"0x30e29ec61123f127:0xe49522daea9e8d4e","Friday","10 AM–8 PM"
"0x30e29ed241db44db:0xb522c91301671424","Saturday","10 AM–7 PM"
"0x30e29ed241db44db:0xb522c91301671424","Sunday","10 AM–7 PM"
"0x30e29ed241db44db:0xb522c91301671424","Monday","10 AM–7 PM"
"0x30e29ed241db44db:0xb522c91301671424","Tuesday","10 AM–7 PM"
"0x30e29ed241db44db:0xb522c91301671424","Wednesday","10 AM–7 PM"
"0x30e29ed241db44db:0xb522c91301671424","Thursday","10 AM–7 PM"
"0x30e29ed241db44db:0xb522c91301671424","Friday","10 AM–7 PM"
"0x30e29fa8536ac9e9:0xc8f9071312f6f9ad","Saturday","11 AM–8 PM"
"0x30e29fa8536ac9e9:0xc8f9071312f6f9ad","Sunday","11 AM–8 PM"
"0x30e29fa8536ac9e9:0xc8f9071312f6f9ad","Monday","Closed"
"0x30e29fa8536ac9e9:0xc8f9071312f6f9ad","Tuesday","11 AM–8 PM"
"0x30e29fa8536ac9e9:0xc8f9071312f6f9ad","Wednesday","11 AM–8 PM"
"0x30e29fa8536ac9e9:0xc8f9071312f6f9ad","Thursday","11 AM–8 PM"
"0x30e29fa8536ac9e9:0xc8f9071312f6f9ad","Friday","11 AM–8 PM"
"0x30e2999eb6624d8b:0x8b0e65debb530195","Saturday","10 AM–8 PM"
"0x30e2999eb6624d8b:0x8b0e65debb530195","Sunday","10 AM–8 PM"
"0x30e2999eb6624d8b:0x8b0e65debb530195","Monday","10 AM–8 PM"
"0x30e2999eb6624d8b:0x8b0e65debb530195","Tuesday","10 AM–8 PM"
"0x30e2999eb6624d8b:0x8b0e65debb530195","Wednesday","10 AM–8 PM"
"0x30e2999eb6624d8b:0x8b0e65debb530195","Thursday","10 AM–8 PM"
"0x30e2999eb6624d8b:0x8b0e65debb530195","Friday","10 AM–8 PM"
"0x30e29f8a9963837f:0x58914cb0003971ff","Saturday","9 AM–6:30 PM"
"0x30e29f8a9963837f:0x58914cb0003971ff","Sunday","Closed"
"0x30e29f8a9963837f:0x58914cb0003971ff","Monday","9 AM–6:30 PM"
"0x30e29f8a9963837f:0x58914cb0003971ff","Tuesday","9 AM–6:30 PM"
"0x30e29f8a9963837f:0x58914cb0003971ff","Wednesday","9 AM–6:30 PM"
"0x30e29f8a9963837f:0x58914cb0003971ff","Thursday","9 AM–6:30 PM"
"0x30e29f8a9963837f:0x58914cb0003971ff","Friday","9 AM–6:30 PM"
"0x30e29ec43e3f3933:0x87ba3912013e86df","Saturday","9 AM–8 PM"
"0x30e29ec43e3f3933:0x87ba3912013e86df","Sunday","9 AM–12 PM"
"0x30e29ec43e3f3933:0x87ba3912013e86df","Monday","9 AM–8 PM"
"0x30e29ec43e3f3933:0x87ba3912013e86df","Tuesday","9 AM–8 PM"
"0x30e29ec43e3f3933:0x87ba3912013e86df","Wednesday","9 AM–8 PM"
"0x30e29ec43e3f3933:0x87ba3912013e86df","Thursday","9 AM–8 PM"
"0x30e29ec43e3f3933:0x87ba3912013e86df","Friday","9 AM–8 PM"
"0x30e29edea2810a4f:0x22ec63e7da186646","Saturday","Closed"
"0x30e29edea2810a4f:0x22ec63e7da186646","Sunday","Closed"
"0x30e29edea2810a4f:0x22ec63e7da186646","Monday","10 AM–7 PM"
"0x30e29edea2810a4f:0x22ec63e7da186646","Tuesday","10 AM–7 PM"
"0x30e29edea2810a4f:0x22ec63e7da186646","Wednesday","10 AM–7 PM"
"0x30e29edea2810a4f:0x22ec63e7da186646","Thursday","10 AM–7 PM"
"0x30e29edea2810a4f:0x22ec63e7da186646","Friday","10 AM–7 PM"
"0x30e29f289a310035:0x6f9b89002536a197","Saturday","10 AM–8 PM"
"0x30e29f289a310035:0x6f9b89002536a197","Sunday","10 AM–8 PM"
"0x30e29f289a310035:0x6f9b89002536a197","Monday","10 AM–8 PM"
"0x30e29f289a310035:0x6f9b89002536a197","Tuesday","10 AM–8 PM"
"0x30e29f289a310035:0x6f9b89002536a197","Wednesday","10 AM–8 PM"
"0x30e29f289a310035:0x6f9b89002536a197","Thursday","10 AM–8 PM"
"0x30e29f289a310035:0x6f9b89002536a197","Friday","10 AM–8 PM"
"0x30e29fc78d60ac4f:0x57ce612020fbe29d","Sunday","Closed"
"0x30e29fc78d60ac4f:0x57ce612020fbe29d","Monday","10 am–7 pm"
"0x30e29fc78d60ac4f:0x57ce612020fbe29d","Tuesday","10 am–7 pm"
"0x30e29fc78d60ac4f:0x57ce612020fbe29d","Wednesday","10 am–7 pm"
"0x30e29fc78d60ac4f:0x57ce612020fbe29d","Thursday","10 am–7 pm"
"0x30e29fc78d60ac4f:0x57ce612020fbe29d","Friday","10 am–7 pm"
"0x30e29fc78d60ac4f:0x57ce612020fbe29d","Saturday","10 am–7 pm"
"0x30e29ed18065364f:0xf9a209e977231e40","Sunday","9 am–4 pm"
"0x30e29ed18065364f:0xf9a209e977231e40","Monday","9 am–12 pm1–4 pm5–8 pm"
"0x30e29ed18065364f:0xf9a209e977231e40","Tuesday","9 am–12 pm1–4 pm5–8 pm"
"0x30e29ed18065364f:0xf9a209e977231e40","Wednesday","9 am–12 pm1–4 pm5–8 pm"
"0x30e29ed18065364f:0xf9a209e977231e40","Thursday","9 am–12 pm1–4 pm5–8 pm"
"0x30e29ed18065364f:0xf9a209e977231e40","Friday","9 am–12 pm1–4 pm5–8 pm"
"0x30e29ed18065364f:0xf9a209e977231e40","Saturday","9 am–8 pm"
"0x30e29f2b95ea37b5:0x3e47e1c6327e6556","Sunday","Closed"
"0x30e29f2b95ea37b5:0x3e47e1c6327e6556","Monday","10 am–8 pm"
"0x30e29f2b95ea37b5:0x3e47e1c6327e6556","Tuesday","10 am–8 pm"
"0x30e29f2b95ea37b5:0x3e47e1c6327e6556","Wednesday","10 am–8 pm"
"0x30e29f2b95ea37b5:0x3e47e1c6327e6556","Thursday","10 am–8 pm"
"0x30e29f2b95ea37b5:0x3e47e1c6327e6556","Friday","10 am–8 pm"
"0x30e29f2b95ea37b5:0x3e47e1c6327e6556","Saturday","10 am–5 pm"
"0x30e29f01f4b67823:0x69f26ed6e28201eb","Sunday","10 am–6 pm"
"0x30e29f01f4b67823:0x69f26ed6e28201eb","Monday","10 am–8 pm"
"0x30e29f01f4b67823:0x69f26ed6e28201eb","Tuesday","10 am–8 pm"
"0x30e29f01f4b67823:0x69f26ed6e28201eb","Wednesday","10 am–8 pm"
"0x30e29f01f4b67823:0x69f26ed6e28201eb","Thursday","10 am–8 pm"
"0x30e29f01f4b67823:0x69f26ed6e28201eb","Friday","10 am–8 pm"
"0x30e29f01f4b67823:0x69f26ed6e28201eb","Saturday","10 am–8 pm"
"0x30e29eb0c0e42053:0xc5acce1bccf4df37","Sunday","10 am–9 pm"
"0x30e29eb0c0e42053:0xc5acce1bccf4df37","Monday","10 am–9 pm"
"0x30e29eb0c0e42053:0xc5acce1bccf4df37","Tuesday","10 am–9 pm"
"0x30e29eb0c0e42053:0xc5acce1bccf4df37","Wednesday","10 am–9 pm"
"0x30e29eb0c0e42053:0xc5acce1bccf4df37","Thursday","10 am–9 pm"
"0x30e29eb0c0e42053:0xc5acce1bccf4df37","Friday","10 am–9 pm"
"0x30e29eb0c0e42053:0xc5acce1bccf4df37","Saturday","10 am–9 pm"
"0x30e29fd326d61c2f:0x22087df82018c815","Sunday","10:30 am–7 pm"
"0x30e29fd326d61c2f:0x22087df82018c815","Monday","10:30 am–7 pm"
"0x30e29fd326d61c2f:0x22087df82018c815","Tuesday","10:30 am–7 pm"
"0x30e29fd326d61c2f:0x22087df82018c815","Wednesday","10:30 am–7 pm"
"0x30e29fd326d61c2f:0x22087df82018c815","Thursday","10:30 am–7 pm"
"0x30e29fd326d61c2f:0x22087df82018c815","Friday","10:30 am–7 pm"
"0x30e29fd326d61c2f:0x22087df82018c815","Saturday","10:30 am–7 pm"
"0x30e2999defe2a623:0xa3f223725a7b3bc6","Sunday","10 am–8 pm"
"0x30e2999defe2a623:0xa3f223725a7b3bc6","Monday","10 am–8 pm"
"0x30e2999defe2a623:0xa3f223725a7b3bc6","Tuesday","Closed"
"0x30e2999defe2a623:0xa3f223725a7b3bc6","Wednesday","10 am–8 pm"
"0x30e2999defe2a623:0xa3f223725a7b3bc6","Thursday","10 am–8 pm"
"0x30e2999defe2a623:0xa3f223725a7b3bc6","Friday","10 am–8 pm"
"0x30e2999defe2a623:0xa3f223725a7b3bc6","Saturday","10 am–8 pm"
"0x30e29fd9a8ab8b7d:0xcbdbd059cb8450b1","Sunday","Closed"
"0x30e29fd9a8ab8b7d:0xcbdbd059cb8450b1","Monday","12–8 pm"
"0x30e29fd9a8ab8b7d:0xcbdbd059cb8450b1","Tuesday","12–8 pm"
"0x30e29fd9a8ab8b7d:0xcbdbd059cb8450b1","Wednesday","12–8 pm"
"0x30e29fd9a8ab8b7d:0xcbdbd059cb8450b1","Thursday","12–8 pm"
"0x30e29fd9a8ab8b7d:0xcbdbd059cb8450b1","Friday","12–8 pm"
"0x30e29fd9a8ab8b7d:0xcbdbd059cb8450b1","Saturday","11 am–7 pm"
"0x30e29f24f86ca655:0xdb03b13431684ec2","Sunday","10 am–8 pm"
"0x30e29f24f86ca655:0xdb03b13431684ec2","Monday","10 am–8 pm"
"0x30e29f24f86ca655:0xdb03b13431684ec2","Tuesday","10 am–8 pm"
"0x30e29f24f86ca655:0xdb03b13431684ec2","Wednesday","10 am–8 pm"
"0x30e29f24f86ca655:0xdb03b13431684ec2","Thursday","10 am–8 pm"
"0x30e29f24f86ca655:0xdb03b13431684ec2","Friday","10 am–8 pm"
"0x30e29f24f86ca655:0xdb03b13431684ec2","Saturday","10 am–8 pm"
"0x30e29902fdebf1bb:0x13e6a639a91d7110","Sunday","9 am–7 pm"
"0x30e29902fdebf1bb:0x13e6a639a91d7110","Monday","9 am–7 pm"
"0x30e29902fdebf1bb:0x13e6a639a91d7110","Tuesday","9 am–7 pm"
"0x30e29902fdebf1bb:0x13e6a639a91d7110","Wednesday","9 am–7 pm"
"0x30e29902fdebf1bb:0x13e6a639a91d7110","Thursday","9 am–7 pm"
"0x30e29902fdebf1bb:0x13e6a639a91d7110","Friday","9 am–7 pm"
"0x30e29902fdebf1bb:0x13e6a639a91d7110","Saturday","9 am–7 pm"
"0x30e29f2dcf8383c9:0x8ef09490136fe049","Sunday","Closed"
"0x30e29f2dcf8383c9:0x8ef09490136fe049","Monday","9 am–7 pm"
"0x30e29f2dcf8383c9:0x8ef09490136fe049","Tuesday","9 am–7 pm"
"0x30e29f2dcf8383c9:0x8ef09490136fe049","Wednesday","9 am–7 pm"
"0x30e29f2dcf8383c9:0x8ef09490136fe049","Thursday","9 am–7 pm"
"0x30e29f2dcf8383c9:0x8ef09490136fe049","Friday","9 am–7 pm"
"0x30e29f2dcf8383c9:0x8ef09490136fe049","Saturday","9 am–7 pm"
"0x30e29f2c7b61a7af:0xc15f614f8434cca6","Sunday","9 am–7 pm"
"0x30e29f2c7b61a7af:0xc15f614f8434cca6","Monday","9 am–7 pm"
"0x30e29f2c7b61a7af:0xc15f614f8434cca6","Tuesday","9 am–7 pm"
"0x30e29f2c7b61a7af:0xc15f614f8434cca6","Wednesday","9 am–7 pm"
"0x30e29f2c7b61a7af:0xc15f614f8434cca6","Thursday","9 am–7 pm"
"0x30e29f2c7b61a7af:0xc15f614f8434cca6","Friday","9 am–7 pm"
"0x30e29f2c7b61a7af:0xc15f614f8434cca6","Saturday","9 am–7 pm"
"0x30e29f243ae13b4f:0x7e54ec519cfcf628","Sunday","10 am–8 pm"
"0x30e29f243ae13b4f:0x7e54ec519cfcf628","Monday","10 am–8 pm"
"0x30e29f243ae13b4f:0x7e54ec519cfcf628","Tuesday","10 am–8 pm"
"0x30e29f243ae13b4f:0x7e54ec519cfcf628","Wednesday","10 am–8 pm"
"0x30e29f243ae13b4f:0x7e54ec519cfcf628","Thursday","10 am–8 pm"
"0x30e29f243ae13b4f:0x7e54ec519cfcf628","Friday","Closed"
"0x30e29f243ae13b4f:0x7e54ec519cfcf628","Saturday","10 am–8 pm"
"0x30e29edecba1a1dd:0x1063bee26f916ded","Sunday","7 am–5 pm"
"0x30e29edecba1a1dd:0x1063bee26f916ded","Monday","7 am–8 pm"
"0x30e29edecba1a1dd:0x1063bee26f916ded","Tuesday","7 am–8 pm"
"0x30e29edecba1a1dd:0x1063bee26f916ded","Wednesday","7 am–8 pm"
"0x30e29edecba1a1dd:0x1063bee26f916ded","Thursday","7 am–8 pm"
"0x30e29edecba1a1dd:0x1063bee26f916ded","Saturday","7 am–5 pm"
"0x30e29ee4c0294415:0x944c71cc443ded1e","Sunday","10 am–6 pm"
"0x30e29ee4c0294415:0x944c71cc443ded1e","Monday","10 am–8 pm"
"0x30e29ee4c0294415:0x944c71cc443ded1e","Tuesday","10 am–8 pm"
"0x30e29ee4c0294415:0x944c71cc443ded1e","Wednesday","10 am–8 pm"
"0x30e29ee4c0294415:0x944c71cc443ded1e","Thursday","10 am–8 pm"
"0x30e29ee4c0294415:0x944c71cc443ded1e","Friday","10 am–8 pm"
"0x30e29ee4c0294415:0x944c71cc443ded1e","Saturday","10 am–6 pm"
"0x30e29f9fb0005643:0x1f6708694f99c424","Sunday","11 am–8 pm"
"0x30e29f9fb0005643:0x1f6708694f99c424","Monday","11 am–8 pm"
"0x30e29f9fb0005643:0x1f6708694f99c424","Wednesday","11 am–8 pm"
"0x30e29f9fb0005643:0x1f6708694f99c424","Thursday","11 am–8 pm"
"0x30e29f9fb0005643:0x1f6708694f99c424","Friday","11 am–8 pm"
"0x30e29f9fb0005643:0x1f6708694f99c424","Saturday","11 am–8 pm"
"0x30e29e8c6dedf845:0x36190bb397b0a85d","Sunday","10 am–7 pm"
"0x30e29e8c6dedf845:0x36190bb397b0a85d","Monday","10 am–8 pm"
"0x30e29e8c6dedf845:0x36190bb397b0a85d","Tuesday","10 am–8 pm"
"0x30e29e8c6dedf845:0x36190bb397b0a85d","Wednesday","10 am–8 pm"
"0x30e29e8c6dedf845:0x36190bb397b0a85d","Thursday","10 am–8 pm"
"0x30e29e8c6dedf845:0x36190bb397b0a85d","Friday","10 am–8 pm"
"0x30e29e8c6dedf845:0x36190bb397b0a85d","Saturday","10 am–7 pm"
"0x30e29f58c59e1f2f:0xd814b8f64c475ef4","Sunday","10 am–8 pm"
"0x30e29f58c59e1f2f:0xd814b8f64c475ef4","Monday","10 am–8 pm"
"0x30e29f58c59e1f2f:0xd814b8f64c475ef4","Tuesday","10 am–8 pm"
"0x30e29f58c59e1f2f:0xd814b8f64c475ef4","Wednesday","10 am–8 pm"
"0x30e29f58c59e1f2f:0xd814b8f64c475ef4","Thursday","10 am–8 pm"
"0x30e29f58c59e1f2f:0xd814b8f64c475ef4","Friday","10 am–8 pm"
"0x30e29f58c59e1f2f:0xd814b8f64c475ef4","Saturday","10 am–8 pm"
"0x30e29fa56988e451:0x1f9f6d23854c88c5","Sunday","10 am–8 pm"
"0x30e29fa56988e451:0x1f9f6d23854c88c5","Monday","10 am–8 pm"
"0x30e29fa56988e451:0x1f9f6d23854c88c5","Tuesday","10 am–8 pm"
"0x30e29fa56988e451:0x1f9f6d23854c88c5","Wednesday","10 am–8 pm"
"0x30e29fa56988e451:0x1f9f6d23854c88c5","Thursday","10 am–8 pm"
"0x30e29f1caeb48c61:0xd1616e6b63838b69","Sunday","10 am–8 pm"
"0x30e29f1caeb48c61:0xd1616e6b63838b69","Monday","10 am–8 pm"
"0x30e29f1caeb48c61:0xd1616e6b63838b69","Tuesday","10 am–8 pm"
"0x30e29f1caeb48c61:0xd1616e6b63838b69","Wednesday","10 am–8 pm"
"0x30e29f1caeb48c61:0xd1616e6b63838b69","Thursday","10 am–8 pm"
"0x30e29f1caeb48c61:0xd1616e6b63838b69","Friday","10 am–8 pm"
"0x30e29f1caeb48c61:0xd1616e6b63838b69","Saturday","10 am–8 pm"
"0x30e29ee2f6d57d05:0xc9576020f5d00a2b","Sunday","11 am–7 pm"
"0x30e29ee2f6d57d05:0xc9576020f5d00a2b","Monday","9:30 am–7:30 pm"
"0x30e29ee2f6d57d05:0xc9576020f5d00a2b","Tuesday","9:30 am–7:30 pm"
"0x30e29ee2f6d57d05:0xc9576020f5d00a2b","Wednesday","9:30 am–7:30 pm"
"0x30e29ee2f6d57d05:0xc9576020f5d00a2b","Thursday","9:30 am–7:30 pm"
"0x30e29ee2f6d57d05:0xc9576020f5d00a2b","Friday","9:30 am–7:30 pm"
"0x30e29ee2f6d57d05:0xc9576020f5d00a2b","Saturday","9:30 am–7 pm"
"0x30e298d1e613d659:0xa8a2abcfbbf0cdc","Sunday","9 am–8 pm"
"0x30e298d1e613d659:0xa8a2abcfbbf0cdc","Monday","9 am–8 pm"
"0x30e298d1e613d659:0xa8a2abcfbbf0cdc","Tuesday","9 am–8 pm"
"0x30e298d1e613d659:0xa8a2abcfbbf0cdc","Wednesday","9 am–8 pm"
"0x30e298d1e613d659:0xa8a2abcfbbf0cdc","Thursday","9 am–8 pm"
"0x30e298d1e613d659:0xa8a2abcfbbf0cdc","Friday","9 am–8 pm"
"0x30e298d1e613d659:0xa8a2abcfbbf0cdc","Saturday","9 am–8 pm"
"0x4cb2d2948331faa3:0xfb1a5a0111f39d8f","Sunday","10 am–8 pm"
"0x4cb2d2948331faa3:0xfb1a5a0111f39d8f","Monday","10 am–8 pm"
"0x4cb2d2948331faa3:0xfb1a5a0111f39d8f","Tuesday","10 am–8 pm"
"0x4cb2d2948331faa3:0xfb1a5a0111f39d8f","Wednesday","10 am–8 pm"
"0x4cb2d2948331faa3:0xfb1a5a0111f39d8f","Thursday","10 am–8 pm"
"0x4cb2d2948331faa3:0xfb1a5a0111f39d8f","Friday","10 am–8 pm"
"0x4cb2d2948331faa3:0xfb1a5a0111f39d8f","Saturday","10 am–8 pm"
"0x30e29929369b8533:0x824fdbfe40a1fab9","Sunday","Closed"
"0x30e29929369b8533:0x824fdbfe40a1fab9","Monday","10 am–6 pm"
"0x30e29929369b8533:0x824fdbfe40a1fab9","Tuesday","10 am–6 pm"
"0x30e29929369b8533:0x824fdbfe40a1fab9","Wednesday","10 am–6 pm"
"0x30e29929369b8533:0x824fdbfe40a1fab9","Thursday","10 am–6 pm"
"0x30e29929369b8533:0x824fdbfe40a1fab9","Friday","10 am–6 pm"
"0x30e29929369b8533:0x824fdbfe40a1fab9","Saturday","10 am–4 pm"
"0x30e29f47ede318f7:0x20198be3316332fe","Sunday","10 am–7 pm"
"0x30e29f47ede318f7:0x20198be3316332fe","Monday","10 am–7 pm"
"0x30e29f47ede318f7:0x20198be3316332fe","Tuesday","10 am–7 pm"
"0x30e29f47ede318f7:0x20198be3316332fe","Wednesday","10 am–7 pm"
"0x30e29f47ede318f7:0x20198be3316332fe","Thursday","10 am–7 pm"
"0x30e29f47ede318f7:0x20198be3316332fe","Friday","10 am–7 pm"
"0x30e29f47ede318f7:0x20198be3316332fe","Saturday","10 am–7 pm"
"0x30e29fb73001eab7:0x85a22bf90d3efcb6","Sunday","Closed"
"0x30e29fb73001eab7:0x85a22bf90d3efcb6","Monday","9 am–6:30 pm"
"0x30e29fb73001eab7:0x85a22bf90d3efcb6","Tuesday","9 am–6:30 pm"
"0x30e29fb73001eab7:0x85a22bf90d3efcb6","Wednesday","9 am–6:30 pm"
"0x30e29fb73001eab7:0x85a22bf90d3efcb6","Thursday","9 am–6:30 pm"
"0x30e29fb73001eab7:0x85a22bf90d3efcb6","Friday","9 am–6:30 pm"
"0x30e29fb73001eab7:0x85a22bf90d3efcb6","Saturday","9 am–6:30 pm"
"0x30e29fa924638eaf:0x14175f8245f0ae6b","Sunday","Closed"
"0x30e29fa924638eaf:0x14175f8245f0ae6b","Monday","9 am–8 pm"
"0x30e29fa924638eaf:0x14175f8245f0ae6b","Tuesday","9 am–8 pm"
"0x30e29fa924638eaf:0x14175f8245f0ae6b","Wednesday","9 am–8 pm"
"0x30e29fa924638eaf:0x14175f8245f0ae6b","Thursday","9 am–8 pm"
"0x30e29fa924638eaf:0x14175f8245f0ae6b","Friday","9 am–8 pm"
"0x30e29fa924638eaf:0x14175f8245f0ae6b","Saturday","9 am–8 pm"
"0x30e29f5eb06bada1:0x3fd47d807db80e33","Sunday","10.00 am–9.00 pm"
"0x30e29f5eb06bada1:0x3fd47d807db80e33","Monday","10.00 am–9.00 pm"
"0x30e29f5eb06bada1:0x3fd47d807db80e33","Tuesday","10.00 am–9.00 pm"
"0x30e29f5eb06bada1:0x3fd47d807db80e33","Wednesday","10.00 am–9.00 pm"
"0x30e29f5eb06bada1:0x3fd47d807db80e33","Thursday","10.00 am–9.00 pm"
"0x30e29f5eb06bada1:0x3fd47d807db80e33","Friday","10.00 am–9.00 pm"
"0x30e29f5eb06bada1:0x3fd47d807db80e33","Saturday","10.00 am–9.00 pm"
"0x30e29ece000c3855:0xb9b976312e9a04d3","Sunday","Closed"
"0x30e29ece000c3855:0xb9b976312e9a04d3","Monday","9 am–6 pm"
"0x30e29ece000c3855:0xb9b976312e9a04d3","Tuesday","9 am–6 pm"
"0x30e29ece000c3855:0xb9b976312e9a04d3","Wednesday","9 am–6 pm"
"0x30e29ece000c3855:0xb9b976312e9a04d3","Thursday","9 am–6 pm"
"0x30e29ece000c3855:0xb9b976312e9a04d3","Friday","9 am–6 pm"
"0x30e29ece000c3855:0xb9b976312e9a04d3","Saturday","Closed"
"0x30e29eefeca37c9b:0xadb2c5837629bed5","Sunday","10 am–8 pm"
"0x30e29eefeca37c9b:0xadb2c5837629bed5","Monday","10 am–8 pm"
"0x30e29eefeca37c9b:0xadb2c5837629bed5","Tuesday","10 am–8 pm"
"0x30e29eefeca37c9b:0xadb2c5837629bed5","Wednesday","10 am–8 pm"
"0x30e29eefeca37c9b:0xadb2c5837629bed5","Thursday","10 am–8 pm"
"0x30e29eefeca37c9b:0xadb2c5837629bed5","Friday","10 am–8 pm"
"0x30e29eefeca37c9b:0xadb2c5837629bed5","Saturday","10 am–8 pm"
"0xaea388ba133c3a83:0x8c94254216211c0e","Sunday","9:30 am–7:30 pm"
"0xaea388ba133c3a83:0x8c94254216211c0e","Monday","9:30 am–7:30 pm"
"0xaea388ba133c3a83:0x8c94254216211c0e","Tuesday","9:30 am–7:30 pm"
"0xaea388ba133c3a83:0x8c94254216211c0e","Wednesday","9:30 am–7:30 pm"
"0xaea388ba133c3a83:0x8c94254216211c0e","Thursday","9:30 am–7:30 pm"
"0xaea388ba133c3a83:0x8c94254216211c0e","Friday","9:30 am–7:30 pm"
"0xaea388ba133c3a83:0x8c94254216211c0e","Saturday","9:30 am–7:30 pm"
"0x30e29ee2e3c1f065:0x1c56d06936898526","Sunday","10 am–8 pm"
"0x30e29ee2e3c1f065:0x1c56d06936898526","Monday","10 am–8 pm"
"0x30e29ee2e3c1f065:0x1c56d06936898526","Tuesday","10 am–8 pm"
"0x30e29ee2e3c1f065:0x1c56d06936898526","Wednesday","10 am–8 pm"
"0x30e29ee2e3c1f065:0x1c56d06936898526","Thursday","10 am–8 pm"
"0x30e29ee2e3c1f065:0x1c56d06936898526","Friday","10 am–8 pm"
"0x30e29ee2e3c1f065:0x1c56d06936898526","Saturday","10 am–8 pm"
"0x30e29f1cedcfee17:0x7bf0b32fde5d54e","Sunday","10 am–8 pm"
"0x30e29f1cedcfee17:0x7bf0b32fde5d54e","Monday","10 am–8 pm"
"0x30e29f1cedcfee17:0x7bf0b32fde5d54e","Tuesday","10 am–8 pm"
"0x30e29f1cedcfee17:0x7bf0b32fde5d54e","Wednesday","10 am–8 pm"
"0x30e29f1cedcfee17:0x7bf0b32fde5d54e","Thursday","10 am–8 pm"
"0x30e29f1cedcfee17:0x7bf0b32fde5d54e","Friday","10 am–8 pm"
"0x30e29f1cedcfee17:0x7bf0b32fde5d54e","Saturday","10 am–8 pm"
"0x30e29ef9b553df39:0x3aaad92e642ee793","Sunday","10 am–7 pm"
"0x30e29ef9b553df39:0x3aaad92e642ee793","Monday","10 am–7 pm"
"0x30e29ef9b553df39:0x3aaad92e642ee793","Tuesday","10 am–7 pm"
"0x30e29ef9b553df39:0x3aaad92e642ee793","Wednesday","10 am–7 pm"
"0x30e29ef9b553df39:0x3aaad92e642ee793","Thursday","10 am–7 pm"
"0x30e29ef9b553df39:0x3aaad92e642ee793","Friday","10 am–7 pm"
"0x30e29ef9b553df39:0x3aaad92e642ee793","Saturday","10 am–7 pm"
"0x30e29f9c9a01c193:0x1fc177af344b11bf","Sunday","Closed"
"0x30e29f9c9a01c193:0x1fc177af344b11bf","Monday","11 am–8 pm"
"0x30e29f9c9a01c193:0x1fc177af344b11bf","Tuesday","11 am–8 pm"
"0x30e29f9c9a01c193:0x1fc177af344b11bf","Wednesday","11 am–8 pm"
"0x30e29f9c9a01c193:0x1fc177af344b11bf","Thursday","11 am–8 pm"
"0x30e29f9c9a01c193:0x1fc177af344b11bf","Friday","11 am–8 pm"
"0x30e29f9c9a01c193:0x1fc177af344b11bf","Saturday","11 am–8 pm"
"0x30e29f059ee1cce9:0x9dd9b2fabeb93697","Sunday","9 am–5 pm"
"0x30e29f059ee1cce9:0x9dd9b2fabeb93697","Monday","9 am–8 pm"
"0x30e29f059ee1cce9:0x9dd9b2fabeb93697","Tuesday","9 am–8 pm"
"0x30e29f059ee1cce9:0x9dd9b2fabeb93697","Wednesday","9 am–8 pm"
"0x30e29f059ee1cce9:0x9dd9b2fabeb93697","Thursday","9 am–8 pm"
"0x30e29f059ee1cce9:0x9dd9b2fabeb93697","Friday","9 am–8 pm"
"0x30e29f059ee1cce9:0x9dd9b2fabeb93697","Saturday","9 am–8 pm"
"0x30e29fbb3ed53d2f:0x6f23a049cb88dcd7","Sunday","10 am–8 pm"
"0x30e29fbb3ed53d2f:0x6f23a049cb88dcd7","Monday","10 am–8 pm"
"0x30e29fbb3ed53d2f:0x6f23a049cb88dcd7","Tuesday","10 am–8 pm"
"0x30e29fbb3ed53d2f:0x6f23a049cb88dcd7","Wednesday","10 am–8 pm"
"0x30e29fbb3ed53d2f:0x6f23a049cb88dcd7","Thursday","10 am–8 pm"
"0x30e29fbb3ed53d2f:0x6f23a049cb88dcd7","Friday","10 am–8 pm"
"0x30e29fbb3ed53d2f:0x6f23a049cb88dcd7","Saturday","10 am–8 pm"
"0x30e29eba0be27d7f:0xc1a8250d9029c50d","Sunday","Closed"
"0x30e29eba0be27d7f:0xc1a8250d9029c50d","Monday","9 am–5 pm"
"0x30e29eba0be27d7f:0xc1a8250d9029c50d","Tuesday","9 am–5 pm"
"0x30e29eba0be27d7f:0xc1a8250d9029c50d","Wednesday","9 am–5 pm"
"0x30e29eba0be27d7f:0xc1a8250d9029c50d","Thursday","9 am–5 pm"
"0x30e29eba0be27d7f:0xc1a8250d9029c50d","Friday","9 am–5 pm"
"0x30e29eba0be27d7f:0xc1a8250d9029c50d","Saturday","9 am–5 pm"
"0x30de11417dbd9b85:0x546ed15de521fcac","Sunday","7 am–10 pm"
"0x30de11417dbd9b85:0x546ed15de521fcac","Monday","7 am–10 pm"
"0x30de11417dbd9b85:0x546ed15de521fcac","Tuesday","7 am–10 pm"
"0x30de11417dbd9b85:0x546ed15de521fcac","Wednesday","7 am–10 pm"
"0x30de11417dbd9b85:0x546ed15de521fcac","Thursday","7 am–10 pm"
"0x30de11417dbd9b85:0x546ed15de521fcac","Friday","7 am–10 pm"
"0x30de11417dbd9b85:0x546ed15de521fcac","Saturday","7 am–10 pm"
"0x30e29eb391ba86c3:0x78a53785700b5b36","Sunday","9 am–4 pm"
"0x30e29eb391ba86c3:0x78a53785700b5b36","Monday","9 am–8 pm"
"0x30e29eb391ba86c3:0x78a53785700b5b36","Tuesday","9 am–8 pm"
"0x30e29eb391ba86c3:0x78a53785700b5b36","Wednesday","9 am–12 pm"
"0x30e29eb391ba86c3:0x78a53785700b5b36","Thursday","9 am–8 pm"
"0x30e29eb391ba86c3:0x78a53785700b5b36","Friday","9 am–8 pm"
"0x30e29eb391ba86c3:0x78a53785700b5b36","Saturday","9 am–4 pm"
"0x30e29937fac6d307:0x76b273c7dbdf2d9","Sunday","Open 24 hours"
"0x30e29937fac6d307:0x76b273c7dbdf2d9","Monday","Open 24 hours"
"0x30e29937fac6d307:0x76b273c7dbdf2d9","Tuesday","Open 24 hours"
"0x30e29937fac6d307:0x76b273c7dbdf2d9","Wednesday","Open 24 hours"
"0x30e29937fac6d307:0x76b273c7dbdf2d9","Friday","Open 24 hours"
"0x30e29937fac6d307:0x76b273c7dbdf2d9","Saturday","Open 24 hours"
"0x30e2993c78106feb:0xdf88b20ad537e8aa","Sunday","Closed"
"0x30e2993c78106feb:0xdf88b20ad537e8aa","Monday","12–7 pm"
"0x30e2993c78106feb:0xdf88b20ad537e8aa","Tuesday","12–7 pm"
"0x30e2993c78106feb:0xdf88b20ad537e8aa","Wednesday","12–7 pm"
"0x30e2993c78106feb:0xdf88b20ad537e8aa","Thursday","12–7 pm"
"0x30e2993c78106feb:0xdf88b20ad537e8aa","Friday","12–7 pm"
"0x30e2993c78106feb:0xdf88b20ad537e8aa","Saturday","12–7 pm"
"0x30e29929b71e719b:0x4d091f829bff0b55","Sunday","11 am–9 pm"
"0x30e29929b71e719b:0x4d091f829bff0b55","Monday","11 am–9 pm"
"0x30e29929b71e719b:0x4d091f829bff0b55","Tuesday","11 am–9 pm"
"0x30e29929b71e719b:0x4d091f829bff0b55","Wednesday","11 am–9 pm"
"0x30e29929b71e719b:0x4d091f829bff0b55","Thursday","11 am–9 pm"
"0x30e29929b71e719b:0x4d091f829bff0b55","Friday","11 am–9 pm"
"0x30e29929b71e719b:0x4d091f829bff0b55","Saturday","11 am–9 pm"
"0x30e29f1aefe75ccb:0x67117238da2e1af5","Sunday","11 am–7 pm"
"0x30e29f1aefe75ccb:0x67117238da2e1af5","Monday","11 am–7 pm"
"0x30e29f1aefe75ccb:0x67117238da2e1af5","Tuesday","11 am–7 pm"
"0x30e29f1aefe75ccb:0x67117238da2e1af5","Wednesday","11 am–7 pm"
"0x30e29f1aefe75ccb:0x67117238da2e1af5","Thursday","11 am–7 pm"
"0x30e29f1aefe75ccb:0x67117238da2e1af5","Friday","11 am–7 pm"
"0x30e29f1aefe75ccb:0x67117238da2e1af5","Saturday","11 am–7 pm"
"0x30e29ff87d5c3c31:0x96e61010e15cab30","Sunday","10 am–8 pm"
"0x30e29ff87d5c3c31:0x96e61010e15cab30","Monday","10 am–8 pm"
"0x30e29ff87d5c3c31:0x96e61010e15cab30","Tuesday","10 am–8 pm"
"0x30e29ff87d5c3c31:0x96e61010e15cab30","Wednesday","10 am–8 pm"
"0x30e29ff87d5c3c31:0x96e61010e15cab30","Thursday","10 am–8 pm"
"0x30e29ff87d5c3c31:0x96e61010e15cab30","Friday","10 am–8 pm"
"0x30e29ff87d5c3c31:0x96e61010e15cab30","Saturday","10 am–8 pm"
"0x30e29fd0ab1794f9:0xc62352c8206c53ae","Sunday","10 am–8 pm"
"0x30e29fd0ab1794f9:0xc62352c8206c53ae","Monday","10 am–8 pm"
"0x30e29fd0ab1794f9:0xc62352c8206c53ae","Tuesday","10 am–8 pm"
"0x30e29fd0ab1794f9:0xc62352c8206c53ae","Wednesday","10 am–8 pm"
"0x30e29fd0ab1794f9:0xc62352c8206c53ae","Thursday","10 am–8 pm"
"0x30e29fd0ab1794f9:0xc62352c8206c53ae","Friday","10 am–8 pm"
"0x30e29fd0ab1794f9:0xc62352c8206c53ae","Saturday","10 am–8 pm"
"0x311d61990123685d:0x4076d8e0de2d567b","Sunday","9:30 am–8 pm"
"0x311d61990123685d:0x4076d8e0de2d567b","Monday","9:30 am–8 pm"
"0x311d61990123685d:0x4076d8e0de2d567b","Tuesday","9:30 am–8 pm"
"0x311d61990123685d:0x4076d8e0de2d567b","Wednesday","9:30 am–8 pm"
"0x311d61990123685d:0x4076d8e0de2d567b","Thursday","9:30 am–8 pm"
"0x311d61990123685d:0x4076d8e0de2d567b","Friday","9:30 am–8 pm"
"0x311d61990123685d:0x4076d8e0de2d567b","Saturday","9:30 am–8 pm"
"0x30e29fc44701a80b:0xff7a81fafd2aa16","Sunday","11 am–8 pm"
"0x30e29fc44701a80b:0xff7a81fafd2aa16","Monday","11 am–8 pm"
"0x30e29fc44701a80b:0xff7a81fafd2aa16","Tuesday","11 am–8 pm"
"0x30e29fc44701a80b:0xff7a81fafd2aa16","Wednesday","11 am–8 pm"
"0x30e29fc44701a80b:0xff7a81fafd2aa16","Thursday","11 am–8 pm"
"0x30e29fc44701a80b:0xff7a81fafd2aa16","Friday","11 am–8 pm"
"0x30e29fc44701a80b:0xff7a81fafd2aa16","Saturday","11 am–8 pm"
"0x30e299192c607195:0xd4bd26d1b79ae900","Sunday","11 am–8 pm"
"0x30e299192c607195:0xd4bd26d1b79ae900","Monday","11 am–8 pm"
"0x30e299192c607195:0xd4bd26d1b79ae900","Tuesday","11 am–8 pm"
"0x30e299192c607195:0xd4bd26d1b79ae900","Wednesday","11 am–8 pm"
"0x30e299192c607195:0xd4bd26d1b79ae900","Thursday","11 am–8 pm"
"0x30e299192c607195:0xd4bd26d1b79ae900","Friday","11 am–8 pm"
"0x30e299192c607195:0xd4bd26d1b79ae900","Saturday","11 am–8 pm"
"0x30e29f3f1eecb53b:0x60e45896c5155392","Sunday","10 am–8 pm"
"0x30e29f3f1eecb53b:0x60e45896c5155392","Monday","10 am–8 pm"
"0x30e29f3f1eecb53b:0x60e45896c5155392","Tuesday","10 am–8 pm"
"0x30e29f3f1eecb53b:0x60e45896c5155392","Wednesday","10 am–8 pm"
"0x30e29f3f1eecb53b:0x60e45896c5155392","Thursday","10 am–8 pm"
"0x30e29f3f1eecb53b:0x60e45896c5155392","Friday","10 am–8 pm"
"0x30e29f3f1eecb53b:0x60e45896c5155392","Saturday","10 am–8 pm"
"0x30e299e9798a606f:0x630cb43cc77b8caa","Sunday","1–4 pm"
"0x30e299e9798a606f:0x630cb43cc77b8caa","Monday","1–8 pm"
"0x30e299e9798a606f:0x630cb43cc77b8caa","Tuesday","1–8 pm"
"0x30e299e9798a606f:0x630cb43cc77b8caa","Wednesday","1–8 pm"
"0x30e299e9798a606f:0x630cb43cc77b8caa","Thursday","Closed"
"0x30e299e9798a606f:0x630cb43cc77b8caa","Friday","1–8 pm"
"0x30e299e9798a606f:0x630cb43cc77b8caa","Saturday","1–4 pm"
"0x30e29c2abcfd8773:0xe0a55146fcbbbdbf","Sunday","10 am–8 pm"
"0x30e29c2abcfd8773:0xe0a55146fcbbbdbf","Monday","10 am–8 pm"
"0x30e29c2abcfd8773:0xe0a55146fcbbbdbf","Tuesday","10 am–8 pm"
"0x30e29c2abcfd8773:0xe0a55146fcbbbdbf","Wednesday","10 am–8 pm"
"0x30e29c2abcfd8773:0xe0a55146fcbbbdbf","Thursday","10 am–8 pm"
"0x30e29c2abcfd8773:0xe0a55146fcbbbdbf","Friday","10 am–8 pm"
"0x30e29c2abcfd8773:0xe0a55146fcbbbdbf","Saturday","10 am–8 pm"
"0x30e29ea5e77f2989:0x9d9d610cbf85cec0","Sunday","Closed"
"0x30e29ea5e77f2989:0x9d9d610cbf85cec0","Monday","10 am–8 pm"
"0x30e29ea5e77f2989:0x9d9d610cbf85cec0","Tuesday","10 am–8 pm"
"0x30e29ea5e77f2989:0x9d9d610cbf85cec0","Wednesday","10 am–8 pm"
"0x30e29ea5e77f2989:0x9d9d610cbf85cec0","Thursday","10 am–8 pm"
"0x30e29ea5e77f2989:0x9d9d610cbf85cec0","Friday","10 am–8 pm"
"0x30e29ea5e77f2989:0x9d9d610cbf85cec0","Saturday","10 am–8 pm"
"0x30e2992400000000:0x756bab1d340316f8","Sunday","Closed"
"0x30e2992400000000:0x756bab1d340316f8","Monday","8 AM–5:30 PM"
"0x30e2992400000000:0x756bab1d340316f8","Tuesday","8 AM–5:30 PM"
"0x30e2992400000000:0x756bab1d340316f8","Wednesday","8 AM–5:30 PM"
"0x30e2992400000000:0x756bab1d340316f8","Thursday","8 AM–5:30 PM"
"0x30e2992400000000:0x756bab1d340316f8","Friday","8 AM–5:30 PM"
"0x30e2992400000000:0x756bab1d340316f8","Saturday","8 AM–5:30 PM"
"0x30e2992d5098fb0d:0xb0a94f3bd4d29e51","Sunday","11 AM–10 PM"
"0x30e2992d5098fb0d:0xb0a94f3bd4d29e51","Monday","11 AM–10 PM"
"0x30e2992d5098fb0d:0xb0a94f3bd4d29e51","Tuesday","11 AM–10 PM"
"0x30e2992d5098fb0d:0xb0a94f3bd4d29e51","Wednesday","11 AM–10 PM"
"0x30e2992d5098fb0d:0xb0a94f3bd4d29e51","Thursday","11 AM–10 PM"
"0x30e2992d5098fb0d:0xb0a94f3bd4d29e51","Friday","11 AM–10 PM"
"0x30e2992d5098fb0d:0xb0a94f3bd4d29e51","Saturday","11 AM–10 PM"
"0x30e29fe63cd2f3a1:0x7253a9f43b644738","Sunday","10:30 am–7:30 pm"
"0x30e29fe63cd2f3a1:0x7253a9f43b644738","Monday","10:30 am–7:30 pm"
"0x30e29fe63cd2f3a1:0x7253a9f43b644738","Tuesday","10:30 am–7:30 pm"
"0x30e29fe63cd2f3a1:0x7253a9f43b644738","Wednesday","10:30 am–7:30 pm"
"0x30e29fe63cd2f3a1:0x7253a9f43b644738","Thursday","10:30 am–7:30 pm"
"0x30e29fe63cd2f3a1:0x7253a9f43b644738","Friday","10:30 am–7:30 pm"
"0x30e29fe63cd2f3a1:0x7253a9f43b644738","Saturday","10:30 am–7:30 pm"
"0x30e29f1811b9821f:0xd67e6f09f61bed95","Sunday","8:30 AM–5 PM"
"0x30e29f1811b9821f:0xd67e6f09f61bed95","Monday","8:30 AM–8 PM"
"0x30e29f1811b9821f:0xd67e6f09f61bed95","Tuesday","8:30 AM–8 PM"
"0x30e29f1811b9821f:0xd67e6f09f61bed95","Wednesday","8:30 AM–8 PM"
"0x30e29f1811b9821f:0xd67e6f09f61bed95","Friday","8:30 AM–8 PM"
"0x30e29f1811b9821f:0xd67e6f09f61bed95","Saturday","8:30 AM–8 PM"
"0x30e29ee76f70e957:0xc3ffbb26a87e7ddf","Monday","12–5 PM"
"0x30e29ee76f70e957:0xc3ffbb26a87e7ddf","Tuesday","12–5 PM"
"0x30e29ee76f70e957:0xc3ffbb26a87e7ddf","Wednesday","12–5 PM"
"0x30e29ee76f70e957:0xc3ffbb26a87e7ddf","Thursday","12–5 PM"
"0x30e29ee76f70e957:0xc3ffbb26a87e7ddf","Friday","12–5 PM"
"0x30e29ee76f70e957:0xc3ffbb26a87e7ddf","Saturday","12–5 PM"
"0x30e29ee76f70e957:0xc3ffbb26a87e7ddf","Sunday","Closed"
"0x30e29febcbc4d22b:0xd949c671bb64645d","Monday","10 AM–8 PM"
"0x30e29febcbc4d22b:0xd949c671bb64645d","Tuesday","10 AM–8 PM"
"0x30e29febcbc4d22b:0xd949c671bb64645d","Wednesday","10 AM–8 PM"
"0x30e29febcbc4d22b:0xd949c671bb64645d","Thursday","10 AM–8 PM"
"0x30e29febcbc4d22b:0xd949c671bb64645d","Friday","10 AM–8 PM"
"0x30e29febcbc4d22b:0xd949c671bb64645d","Saturday","10 AM–8 PM"
"0x30e29febcbc4d22b:0xd949c671bb64645d","Sunday","10 AM–8 PM"
"0x30e29ee80e4a360b:0x7f98837ca7d18381","Monday","8 am–8 pm"
"0x30e29ee80e4a360b:0x7f98837ca7d18381","Tuesday","8 am–8 pm"
"0x30e29ee80e4a360b:0x7f98837ca7d18381","Wednesday","8 am–8 pm"
"0x30e29ee80e4a360b:0x7f98837ca7d18381","Thursday","8 am–8 pm"
"0x30e29ee80e4a360b:0x7f98837ca7d18381","Friday","8 am–8 pm"
"0x30e29ee80e4a360b:0x7f98837ca7d18381","Saturday","8 am–8 pm"
"0x30e29ee80e4a360b:0x7f98837ca7d18381","Sunday","8 am–8 pm"
"0x30e29ee319511537:0xacbbfa9df50c3bcd","Monday","10 am–8 pm"
"0x30e29ee319511537:0xacbbfa9df50c3bcd","Tuesday","10 am–8 pm"
"0x30e29ee319511537:0xacbbfa9df50c3bcd","Wednesday","10 am–8 pm"
"0x30e29ee319511537:0xacbbfa9df50c3bcd","Thursday","10 am–8 pm"
"0x30e29ee319511537:0xacbbfa9df50c3bcd","Saturday","10 am–8 pm"
"0x30e29ee319511537:0xacbbfa9df50c3bcd","Sunday","10 am–8 pm"
"0x30e29eb0d733dc9d:0x63c42ce3858b0a76","Monday","9 am–7 pm"
"0x30e29eb0d733dc9d:0x63c42ce3858b0a76","Tuesday","9 am–7 pm"
"0x30e29eb0d733dc9d:0x63c42ce3858b0a76","Wednesday","9 am–7 pm"
"0x30e29eb0d733dc9d:0x63c42ce3858b0a76","Thursday","9 am–7 pm"
"0x30e29eb0d733dc9d:0x63c42ce3858b0a76","Friday","9 am–7 pm"
"0x30e29eb0d733dc9d:0x63c42ce3858b0a76","Saturday","9 am–7 pm"
"0x30e29eb0d733dc9d:0x63c42ce3858b0a76","Sunday","Closed"
"0x30e29d52bc5862c5:0x4e988d4f96e51343","Monday","11 am–8 pm"
"0x30e29d52bc5862c5:0x4e988d4f96e51343","Tuesday","11 am–8 pm"
"0x30e29d52bc5862c5:0x4e988d4f96e51343","Wednesday","11 am–8 pm"
"0x30e29d52bc5862c5:0x4e988d4f96e51343","Thursday","11 am–8 pm"
"0x30e29d52bc5862c5:0x4e988d4f96e51343","Friday","11 am–8 pm"
"0x30e29d52bc5862c5:0x4e988d4f96e51343","Saturday","11 am–8 pm"
"0x30e29d52bc5862c5:0x4e988d4f96e51343","Sunday","11 am–8 pm"
"0x30e29eb17fe294ef:0x3d35c7c48223a0f4","Monday","8 am–12 pm1 pm–12 am"
"0x30e29eb17fe294ef:0x3d35c7c48223a0f4","Tuesday","8 am–12 pm1 pm–12 am"
"0x30e29eb17fe294ef:0x3d35c7c48223a0f4","Wednesday","8 am–12 pm1 pm–12 am"
"0x30e29eb17fe294ef:0x3d35c7c48223a0f4","Thursday","8 am–12 pm1 pm–12 am"
"0x30e29eb17fe294ef:0x3d35c7c48223a0f4","Friday","8 am–12 pm1 pm–12 am"
"0x30e29eb17fe294ef:0x3d35c7c48223a0f4","Saturday","8 am–12 pm1 pm–12 am"
"0x30e29eb17fe294ef:0x3d35c7c48223a0f4","Sunday","8 am–12 pm1 pm–12 am"
"0x30e2996c3a9dd6a1:0x21cf920295f3764e","Monday","9.00 am–7.00 pm"
"0x30e2996c3a9dd6a1:0x21cf920295f3764e","Tuesday","9.00 am–7.00 pm"
"0x30e2996c3a9dd6a1:0x21cf920295f3764e","Wednesday","9.00 am–7.00 pm"
"0x30e2996c3a9dd6a1:0x21cf920295f3764e","Thursday","9.00 am–7.00 pm"
"0x30e2996c3a9dd6a1:0x21cf920295f3764e","Friday","9.00 am–7.00 pm"
"0x30e2996c3a9dd6a1:0x21cf920295f3764e","Saturday","9.00 am–7.00 pm"
"0x30e2996c3a9dd6a1:0x21cf920295f3764e","Sunday","Closed"
"0x30e299689a6f0281:0xbb7169a84cedfdd5","Monday","9 am–7 pm"
"0x30e299689a6f0281:0xbb7169a84cedfdd5","Tuesday","9 am–7 pm"
"0x30e299689a6f0281:0xbb7169a84cedfdd5","Wednesday","9 am–7 pm"
"0x30e299689a6f0281:0xbb7169a84cedfdd5","Thursday","9 am–7 pm"
"0x30e299689a6f0281:0xbb7169a84cedfdd5","Friday","9 am–7 pm"
"0x30e299689a6f0281:0xbb7169a84cedfdd5","Saturday","9 am–7 pm"
"0x30e299689a6f0281:0xbb7169a84cedfdd5","Sunday","Closed"
"0x30e299a8d23ab7c1:0xfb9d208c08bbe4b9","Monday","9.00 am–5.00 pm"
"0x30e299a8d23ab7c1:0xfb9d208c08bbe4b9","Tuesday","9.00 am–6.00 pm"
"0x30e299a8d23ab7c1:0xfb9d208c08bbe4b9","Wednesday","9.00 am–5.00 pm"
"0x30e299a8d23ab7c1:0xfb9d208c08bbe4b9","Thursday","9.00 am–5.00 pm"
"0x30e299a8d23ab7c1:0xfb9d208c08bbe4b9","Friday","9.00 am–5.00 pm"
"0x30e299a8d23ab7c1:0xfb9d208c08bbe4b9","Saturday","9.00 am–4.00 pm"
"0x30e299a8d23ab7c1:0xfb9d208c08bbe4b9","Sunday","Closed"
"0x30e29efe51d7c06f:0x10020a891148306e","Monday","11.00 am–8.00 pm"
"0x30e29efe51d7c06f:0x10020a891148306e","Tuesday","11.00 am–8.00 pm"
"0x30e29efe51d7c06f:0x10020a891148306e","Wednesday","11.00 am–8.00 pm"
"0x30e29efe51d7c06f:0x10020a891148306e","Thursday","11.00 am–8.00 pm"
"0x30e29efe51d7c06f:0x10020a891148306e","Friday","11.00 am–8.00 pm"
"0x30e29efe51d7c06f:0x10020a891148306e","Saturday","11.00 am–8.00 pm"
"0x30e29efe51d7c06f:0x10020a891148306e","Sunday","12.00–6.00 pm"
"0x30e29eca66c24e73:0xe100aa3fb22630ba","Monday","9 am–6 pm"
"0x30e29eca66c24e73:0xe100aa3fb22630ba","Thursday","9 am–6 pm"
"0x30e29eca66c24e73:0xe100aa3fb22630ba","Friday","9 am–6 pm"
"0x30e29eca66c24e73:0xe100aa3fb22630ba","Saturday","9 am–6 pm"
"0x30e29eca66c24e73:0xe100aa3fb22630ba","Sunday","9 am–6 pm"
"0x30e29968ac31e06b:0x2da945c932b2492d","Monday","10 am–8 pm"
"0x30e29968ac31e06b:0x2da945c932b2492d","Tuesday","10 am–8 pm"
"0x30e29968ac31e06b:0x2da945c932b2492d","Wednesday","10 am–8 pm"
"0x30e29968ac31e06b:0x2da945c932b2492d","Thursday","10 am–8 pm"
"0x30e29968ac31e06b:0x2da945c932b2492d","Friday","10 am–8 pm"
"0x30e29968ac31e06b:0x2da945c932b2492d","Saturday","10 am–8 pm"
"0x30e29968ac31e06b:0x2da945c932b2492d","Sunday","10 am–8 pm"
"0x30e29f3ad9823fdf:0xc26324bb23396a5c","Monday","9 am–8 pm"
"0x30e29f3ad9823fdf:0xc26324bb23396a5c","Tuesday","9 am–8 pm"
"0x30e29f3ad9823fdf:0xc26324bb23396a5c","Wednesday","9 am–8 pm"
"0x30e29f3ad9823fdf:0xc26324bb23396a5c","Thursday","9 am–8 pm"
"0x30e29f3ad9823fdf:0xc26324bb23396a5c","Friday","9 am–8 pm"
"0x30e29f3ad9823fdf:0xc26324bb23396a5c","Saturday","9 am–8 pm"
"0x30e29f3ad9823fdf:0xc26324bb23396a5c","Sunday","9 am–6 pm"
"0x30e29f6123e5c6b5:0x9b106c9037386ca7","Tuesday","8:30 am–5:30 pm"
"0x30e29f6123e5c6b5:0x9b106c9037386ca7","Wednesday","8:30 am–5:30 pm"
"0x30e29f6123e5c6b5:0x9b106c9037386ca7","Thursday","8:30 am–5:30 pm"
"0x30e29f6123e5c6b5:0x9b106c9037386ca7","Friday","8:30 am–5:30 pm"
"0x30e29f6123e5c6b5:0x9b106c9037386ca7","Saturday","Closed"
"0x30e29f6123e5c6b5:0x9b106c9037386ca7","Sunday","Closed"
"0x30e29ede1812d819:0xf005dbbe6c8b255","Monday","8:30 am–8:30 pm"
"0x30e29ede1812d819:0xf005dbbe6c8b255","Tuesday","8:30 am–8:30 pm"
"0x30e29ede1812d819:0xf005dbbe6c8b255","Wednesday","8:30 am–8:30 pm"
"0x30e29ede1812d819:0xf005dbbe6c8b255","Thursday","8:30 am–8:30 pm"
"0x30e29ede1812d819:0xf005dbbe6c8b255","Friday","8:30 am–8:30 pm"
"0x30e29ede1812d819:0xf005dbbe6c8b255","Sunday","8:30 am–8:30 pm"
"0x30e29be2b2e7b7f9:0x901a9abb99f55e44","Monday","9 am–7 pm"
"0x30e29be2b2e7b7f9:0x901a9abb99f55e44","Tuesday","9 am–7 pm"
"0x30e29be2b2e7b7f9:0x901a9abb99f55e44","Wednesday","9 am–7 pm"
"0x30e29be2b2e7b7f9:0x901a9abb99f55e44","Thursday","9 am–7 pm"
"0x30e29be2b2e7b7f9:0x901a9abb99f55e44","Friday","9 am–7 pm"
"0x30e29be2b2e7b7f9:0x901a9abb99f55e44","Saturday","9 am–7 pm"
"0x30e29be2b2e7b7f9:0x901a9abb99f55e44","Sunday","9 am–7 pm"
"0x30e29f00242a5f3b:0x7578d77a45fcf09f","Monday","11 am–8 pm"
"0x30e29f00242a5f3b:0x7578d77a45fcf09f","Tuesday","11 am–8 pm"
"0x30e29f00242a5f3b:0x7578d77a45fcf09f","Wednesday","11 am–8 pm"
"0x30e29f00242a5f3b:0x7578d77a45fcf09f","Thursday","11 am–8 pm"
"0x30e29f00242a5f3b:0x7578d77a45fcf09f","Friday","11 am–8 pm"
"0x30e29f00242a5f3b:0x7578d77a45fcf09f","Saturday","11 am–8 pm"
"0x30e29f00242a5f3b:0x7578d77a45fcf09f","Sunday","11 am–8 pm"
"0x6fe335a9933f3423:0x581f8a606c9c4a14","Monday","10 am–8 pm"
"0x6fe335a9933f3423:0x581f8a606c9c4a14","Tuesday","10 am–8 pm"
"0x6fe335a9933f3423:0x581f8a606c9c4a14","Wednesday","10 am–8 pm"
"0x6fe335a9933f3423:0x581f8a606c9c4a14","Thursday","10 am–8 pm"
"0x6fe335a9933f3423:0x581f8a606c9c4a14","Friday","10 am–8 pm"
"0x6fe335a9933f3423:0x581f8a606c9c4a14","Saturday","10 am–8 pm"
"0x6fe335a9933f3423:0x581f8a606c9c4a14","Sunday","10 am–8 pm"
"0x30e29e8734d33061:0x7a5bb80e48470737","Monday","9 am–8 pm"
"0x30e29e8734d33061:0x7a5bb80e48470737","Tuesday","9 am–8 pm"
"0x30e29e8734d33061:0x7a5bb80e48470737","Wednesday","9 am–8 pm"
"0x30e29e8734d33061:0x7a5bb80e48470737","Thursday","9 am–8 pm"
"0x30e29e8734d33061:0x7a5bb80e48470737","Friday","9 am–8 pm"
"0x30e29e8734d33061:0x7a5bb80e48470737","Saturday","9 am–8 pm"
"0x30e29e8734d33061:0x7a5bb80e48470737","Sunday","9 am–5 pm"
"0x30e29e87011c6d89:0x2a5199dc64566af4","Monday","10 am–8 pm"
"0x30e29e87011c6d89:0x2a5199dc64566af4","Tuesday","10 am–8 pm"
"0x30e29e87011c6d89:0x2a5199dc64566af4","Wednesday","10 am–8 pm"
"0x30e29e87011c6d89:0x2a5199dc64566af4","Thursday","10 am–8 pm"
"0x30e29e87011c6d89:0x2a5199dc64566af4","Friday","10 am–8 pm"
"0x30e29e87011c6d89:0x2a5199dc64566af4","Saturday","10 am–8 pm"
"0x30e29e87011c6d89:0x2a5199dc64566af4","Sunday","10 am–8 pm"
"0x30e29f924a98ab37:0x5fd7a5c89c29541c","Monday","Closed"
"0x30e29f924a98ab37:0x5fd7a5c89c29541c","Tuesday","10 am–8 pm"
"0x30e29f924a98ab37:0x5fd7a5c89c29541c","Wednesday","10 am–8 pm"
"0x30e29f924a98ab37:0x5fd7a5c89c29541c","Thursday","10 am–8 pm"
"0x30e29f924a98ab37:0x5fd7a5c89c29541c","Friday","10 am–8 pm"
"0x30e29f924a98ab37:0x5fd7a5c89c29541c","Saturday","10 am–8 pm"
"0x30e29f924a98ab37:0x5fd7a5c89c29541c","Sunday","10 am–8 pm"
"0x30e2993228a4fb4f:0xecc4cba94b71b25","Monday","8 am–10 pm"
"0x30e2993228a4fb4f:0xecc4cba94b71b25","Tuesday","8 am–10 pm"
"0x30e2993228a4fb4f:0xecc4cba94b71b25","Wednesday","8 am–10 pm"
"0x30e2993228a4fb4f:0xecc4cba94b71b25","Thursday","8 am–10 pm"
"0x30e2993228a4fb4f:0xecc4cba94b71b25","Friday","8 am–10 pm"
"0x30e2993228a4fb4f:0xecc4cba94b71b25","Saturday","8 am–10 pm"
"0x30e2993228a4fb4f:0xecc4cba94b71b25","Sunday","8 am–10 pm"
"0x30e29ecce1ca39b7:0x7a4556536da1999e","Monday","10 am–8 pm"
"0x30e29ecce1ca39b7:0x7a4556536da1999e","Tuesday","10 am–8 pm"
"0x30e29ecce1ca39b7:0x7a4556536da1999e","Wednesday","10 am–8 pm"
"0x30e29ecce1ca39b7:0x7a4556536da1999e","Thursday","Closed"
"0x30e29ecce1ca39b7:0x7a4556536da1999e","Friday","10 am–8 pm"
"0x30e29ecce1ca39b7:0x7a4556536da1999e","Saturday","10 am–8 pm"
"0x30e29ecce1ca39b7:0x7a4556536da1999e","Sunday","10 am–8 pm"
"0x30e2993bbc8caf2d:0x11700c1696619f98","Monday","Open 24 hours"
"0x30e2993bbc8caf2d:0x11700c1696619f98","Tuesday","Open 24 hours"
"0x30e2993bbc8caf2d:0x11700c1696619f98","Wednesday","Open 24 hours"
"0x30e2993bbc8caf2d:0x11700c1696619f98","Thursday","Open 24 hours"
"0x30e2993bbc8caf2d:0x11700c1696619f98","Friday","Open 24 hours"
"0x30e2993bbc8caf2d:0x11700c1696619f98","Saturday","Open 24 hours"
"0x30e2993bbc8caf2d:0x11700c1696619f98","Sunday","Open 24 hours"
"0x30e29f45c3a09f61:0x6f975cd224b3fa5f","Monday","11 AM–8 PM"
"0x30e29f45c3a09f61:0x6f975cd224b3fa5f","Tuesday","11 AM–8 PM"
"0x30e29f45c3a09f61:0x6f975cd224b3fa5f","Wednesday","11 AM–8 PM"
"0x30e29f45c3a09f61:0x6f975cd224b3fa5f","Thursday","11 AM–8 PM"
"0x30e29f45c3a09f61:0x6f975cd224b3fa5f","Friday","11 AM–8 PM"
"0x30e29f45c3a09f61:0x6f975cd224b3fa5f","Saturday","11 AM–8 PM"
"0x30e29f45c3a09f61:0x6f975cd224b3fa5f","Sunday","11 AM–8 PM"
"0x30e29f003f8ba4fb:0xa57986c76b58a648","Monday","10 AM–8 PM"
"0x30e29f003f8ba4fb:0xa57986c76b58a648","Tuesday","10 AM–8 PM"
"0x30e29f003f8ba4fb:0xa57986c76b58a648","Wednesday","10 AM–8 PM"
"0x30e29f003f8ba4fb:0xa57986c76b58a648","Thursday","10 AM–8 PM"
"0x30e29f003f8ba4fb:0xa57986c76b58a648","Friday","10 AM–8 PM"
"0x30e29f003f8ba4fb:0xa57986c76b58a648","Saturday","10 AM–8 PM"
"0x30e29f003f8ba4fb:0xa57986c76b58a648","Sunday","10 AM–8 PM"
"0x30e29ea763d9cc0b:0x1e31be4726df9fba","Monday","10 am–7:30 pm"
"0x30e29ea763d9cc0b:0x1e31be4726df9fba","Tuesday","10 am–7:30 pm"
"0x30e29ea763d9cc0b:0x1e31be4726df9fba","Wednesday","10 am–7:30 pm"
"0x30e29ea763d9cc0b:0x1e31be4726df9fba","Thursday","10 am–7:30 pm"
"0x30e29ea763d9cc0b:0x1e31be4726df9fba","Friday","10 am–7:30 pm"
"0x30e29ea763d9cc0b:0x1e31be4726df9fba","Saturday","10 am–7:30 pm"
"0x30e29ea763d9cc0b:0x1e31be4726df9fba","Sunday","Closed"
"0x30e29f2baa0d02a9:0xc3c2121f65ae1643","Monday","10 am–7 pm"
"0x30e29f2baa0d02a9:0xc3c2121f65ae1643","Tuesday","10 am–7 pm"
"0x30e29f2baa0d02a9:0xc3c2121f65ae1643","Wednesday","10 am–7 pm"
"0x30e29f2baa0d02a9:0xc3c2121f65ae1643","Thursday","10 am–7 pm"
"0x30e29f2baa0d02a9:0xc3c2121f65ae1643","Friday","10 am–7 pm"
"0x30e29f2baa0d02a9:0xc3c2121f65ae1643","Saturday","10 am–7 pm"
"0x30e29f2baa0d02a9:0xc3c2121f65ae1643","Sunday","10 am–7 pm"
"0x30e299ac66e0e709:0xf8e18808d95d2a1a","Monday","10 am–7 pm"
"0x30e299ac66e0e709:0xf8e18808d95d2a1a","Tuesday","10 am–7 pm"
"0x30e299ac66e0e709:0xf8e18808d95d2a1a","Wednesday","10 am–7 pm"
"0x30e299ac66e0e709:0xf8e18808d95d2a1a","Thursday","10 am–7 pm"
"0x30e299ac66e0e709:0xf8e18808d95d2a1a","Friday","10 am–7 pm"
"0x30e299ac66e0e709:0xf8e18808d95d2a1a","Saturday","10 am–7 pm"
"0x30e299ac66e0e709:0xf8e18808d95d2a1a","Sunday","10 am–7 pm"
"0x30e2996c45b17601:0x687c8ca945e75d6f","Monday","10 am–8 pm"
"0x30e2996c45b17601:0x687c8ca945e75d6f","Tuesday","10 am–8 pm"
"0x30e2996c45b17601:0x687c8ca945e75d6f","Wednesday","10 am–8 pm"
"0x30e2996c45b17601:0x687c8ca945e75d6f","Thursday","10 am–8 pm"
"0x30e2996c45b17601:0x687c8ca945e75d6f","Friday","10 am–8 pm"
"0x30e2996c45b17601:0x687c8ca945e75d6f","Saturday","10 am–8 pm"
"0x30e2996c45b17601:0x687c8ca945e75d6f","Sunday","10 am–8 pm"
"0x30e29926ae2b9da3:0xcb799077eca6ac9a","Monday","10 am–7 pm"
"0x30e29926ae2b9da3:0xcb799077eca6ac9a","Tuesday","10 am–7 pm"
"0x30e29926ae2b9da3:0xcb799077eca6ac9a","Wednesday","10 am–7 pm"
"0x30e29926ae2b9da3:0xcb799077eca6ac9a","Thursday","10 am–7 pm"
"0x30e29926ae2b9da3:0xcb799077eca6ac9a","Friday","10 am–7 pm"
"0x30e29926ae2b9da3:0xcb799077eca6ac9a","Saturday","10 am–7 pm"
"0x30e29926ae2b9da3:0xcb799077eca6ac9a","Sunday","10 am–7 pm"
"0x30e2998eeb4d758d:0x1fe7360c80daaf69","Monday","10 am–8 pm"
"0x30e2998eeb4d758d:0x1fe7360c80daaf69","Tuesday","10 am–8 pm"
"0x30e2998eeb4d758d:0x1fe7360c80daaf69","Wednesday","10 am–8 pm"
"0x30e2998eeb4d758d:0x1fe7360c80daaf69","Thursday","10 am–8 pm"
"0x30e2998eeb4d758d:0x1fe7360c80daaf69","Friday","10 am–8 pm"
"0x30e2998eeb4d758d:0x1fe7360c80daaf69","Saturday","10 am–8 pm"
"0x30e2998eeb4d758d:0x1fe7360c80daaf69","Sunday","10 am–8 pm"
"0x30e2987d76e9d67f:0x1a39eb2f420bd989","Monday","10 am–8 pm"
"0x30e2987d76e9d67f:0x1a39eb2f420bd989","Tuesday","10 am–8 pm"
"0x30e2987d76e9d67f:0x1a39eb2f420bd989","Wednesday","10 am–8 pm"
"0x30e2987d76e9d67f:0x1a39eb2f420bd989","Thursday","10 am–8 pm"
"0x30e2987d76e9d67f:0x1a39eb2f420bd989","Friday","10 am–8 pm"
"0x30e2987d76e9d67f:0x1a39eb2f420bd989","Saturday","10 am–8 pm"
"0x30e2987d76e9d67f:0x1a39eb2f420bd989","Sunday","10 am–8 pm"
"0x30e299b60d4b1dc3:0xfe0442831da4a4b2","Monday","10 am–8 pm"
"0x30e299b60d4b1dc3:0xfe0442831da4a4b2","Tuesday","10 am–8 pm"
"0x30e299b60d4b1dc3:0xfe0442831da4a4b2","Wednesday","10 am–8 pm"
"0x30e299b60d4b1dc3:0xfe0442831da4a4b2","Thursday","10 am–8 pm"
"0x30e299b60d4b1dc3:0xfe0442831da4a4b2","Friday","10 am–8 pm"
"0x30e299b60d4b1dc3:0xfe0442831da4a4b2","Saturday","10 am–8 pm"
"0x30e299b60d4b1dc3:0xfe0442831da4a4b2","Sunday","10 am–8 pm"
"0x30e29900576661f9:0xa250b059650fde6b","Monday","11 am–8 pm"
"0x30e29900576661f9:0xa250b059650fde6b","Tuesday","11 am–8 pm"
"0x30e29900576661f9:0xa250b059650fde6b","Wednesday","11 am–8 pm"
"0x30e29900576661f9:0xa250b059650fde6b","Thursday","11 am–8 pm"
"0x30e29900576661f9:0xa250b059650fde6b","Friday","11 am–8 pm"
"0x30e29900576661f9:0xa250b059650fde6b","Saturday","10 am–8 pm"
"0x30e29900576661f9:0xa250b059650fde6b","Sunday","10 am–6 pm"
"0x30e298c5a940627f:0x8c6d62247d805794","Monday","10 am–8 pm"
"0x30e298c5a940627f:0x8c6d62247d805794","Tuesday","10 am–8 pm"
"0x30e298c5a940627f:0x8c6d62247d805794","Wednesday","10 am–8 pm"
"0x30e298c5a940627f:0x8c6d62247d805794","Thursday","10 am–8 pm"
"0x30e298c5a940627f:0x8c6d62247d805794","Friday","10 am–8 pm"
"0x30e298c5a940627f:0x8c6d62247d805794","Saturday","10 am–8 pm"
"0x30e298c5a940627f:0x8c6d62247d805794","Sunday","10 am–8 pm"
"0x30e298d2c9bc3593:0x85741145d19dd87","Monday","9 am–7:30 pm"
"0x30e298d2c9bc3593:0x85741145d19dd87","Tuesday","9:30 am–7:30 pm"
"0x30e298d2c9bc3593:0x85741145d19dd87","Wednesday","9:30 am–7:30 pm"
"0x30e298d2c9bc3593:0x85741145d19dd87","Thursday","9:30 am–7:30 pm"
"0x30e298d2c9bc3593:0x85741145d19dd87","Friday","9:30 am–7:30 pm"
"0x30e298d2c9bc3593:0x85741145d19dd87","Saturday","9:30 am–7:30 pm"
"0x30e298d2c9bc3593:0x85741145d19dd87","Sunday","9 am–7:30 pm"
"0x30e29f5f6450b3b7:0x628f01f21d564c90","Monday","10:30 am–7 pm"
"0x30e29f5f6450b3b7:0x628f01f21d564c90","Tuesday","10:30 am–7 pm"
"0x30e29f5f6450b3b7:0x628f01f21d564c90","Wednesday","10:30 am–7 pm"
"0x30e29f5f6450b3b7:0x628f01f21d564c90","Thursday","10:30 am–7 pm"
"0x30e29f5f6450b3b7:0x628f01f21d564c90","Friday","10:30 am–7 pm"
"0x30e29f5f6450b3b7:0x628f01f21d564c90","Saturday","10:30 am–7 pm"
"0x30e29f5f6450b3b7:0x628f01f21d564c90","Sunday","10:30 am–7 pm"
"0x30e298cb16844463:0xb62f0a0045034cd0","Monday","10 am–8 pm"
"0x30e298cb16844463:0xb62f0a0045034cd0","Tuesday","10 am–8 pm"
"0x30e298cb16844463:0xb62f0a0045034cd0","Wednesday","10 am–8 pm"
"0x30e298cb16844463:0xb62f0a0045034cd0","Thursday","10 am–8 pm"
"0x30e298cb16844463:0xb62f0a0045034cd0","Friday","10 am–8 pm"
"0x30e298cb16844463:0xb62f0a0045034cd0","Saturday","9 am–8 pm"
"0x30e298cb16844463:0xb62f0a0045034cd0","Sunday","9 am–8 pm"
"0x30e29e944e40c79f:0x3c4ad299a1b908d7","Monday","10 am–5:30 pm"
"0x30e29e944e40c79f:0x3c4ad299a1b908d7","Tuesday","10 am–5:30 pm"
"0x30e29e944e40c79f:0x3c4ad299a1b908d7","Wednesday","Closed"
"0x30e29e944e40c79f:0x3c4ad299a1b908d7","Thursday","10 am–5:30 pm"
"0x30e29e944e40c79f:0x3c4ad299a1b908d7","Friday","10 am–5:30 pm"
"0x30e29e944e40c79f:0x3c4ad299a1b908d7","Saturday","10 am–5:30 pm"
"0x30e29e944e40c79f:0x3c4ad299a1b908d7","Sunday","Closed"
"0x30e29ea65869e699:0x8e52e996da4f5bd1","Monday","4:30–8:30 pm"
"0x30e29ea65869e699:0x8e52e996da4f5bd1","Tuesday","4:30–8:30 pm"
"0x30e29ea65869e699:0x8e52e996da4f5bd1","Wednesday","4:30–8:30 pm"
"0x30e29ea65869e699:0x8e52e996da4f5bd1","Thursday","4:30–8:30 pm"
"0x30e29ea65869e699:0x8e52e996da4f5bd1","Friday","4:30–8:30 pm"
"0x30e29ea65869e699:0x8e52e996da4f5bd1","Saturday","9 am–8 pm"
"0x30e29ea65869e699:0x8e52e996da4f5bd1","Sunday","Closed"
"0x30e29c015e8b1a8b:0x6114be55af46128","Monday","10 am–8 pm"
"0x30e29c015e8b1a8b:0x6114be55af46128","Tuesday","10 am–8 pm"
"0x30e29c015e8b1a8b:0x6114be55af46128","Wednesday","10 am–8 pm"
"0x30e29c015e8b1a8b:0x6114be55af46128","Thursday","10 am–8 pm"
"0x30e29c015e8b1a8b:0x6114be55af46128","Friday","10 am–8 pm"
"0x30e29c015e8b1a8b:0x6114be55af46128","Saturday","Closed"
"0x30e29c015e8b1a8b:0x6114be55af46128","Sunday","10 am–8 pm"
"0x30e29daddaf18e47:0xc6fd91e439be1efb","Monday","10 am–8 pm"
"0x30e29daddaf18e47:0xc6fd91e439be1efb","Tuesday","10 am–8 pm"
"0x30e29daddaf18e47:0xc6fd91e439be1efb","Wednesday","10 am–8 pm"
"0x30e29daddaf18e47:0xc6fd91e439be1efb","Thursday","10 am–8 pm"
"0x30e29daddaf18e47:0xc6fd91e439be1efb","Friday","10 am–8 pm"
"0x30e29daddaf18e47:0xc6fd91e439be1efb","Saturday","10 am–8 pm"
"0x30e29daddaf18e47:0xc6fd91e439be1efb","Sunday","10 am–8 pm"
"0x30e29dd4be5a9459:0xc0b2b9f79114995a","Monday","12–8 pm"
"0x30e29dd4be5a9459:0xc0b2b9f79114995a","Tuesday","11 am–8 pm"
"0x30e29dd4be5a9459:0xc0b2b9f79114995a","Wednesday","11 am–8 pm"
"0x30e29dd4be5a9459:0xc0b2b9f79114995a","Thursday","11 am–8 pm"
"0x30e29dd4be5a9459:0xc0b2b9f79114995a","Friday","11 am–8 pm"
"0x30e29dd4be5a9459:0xc0b2b9f79114995a","Saturday","11 am–8 pm"
"0x30e29dd4be5a9459:0xc0b2b9f79114995a","Sunday","11 am–8 pm"
"0x30e29d1fd6142ee5:0xbd27013b5274382f","Monday","11 am–8 pm"
"0x30e29d1fd6142ee5:0xbd27013b5274382f","Tuesday","11 am–8 pm"
"0x30e29d1fd6142ee5:0xbd27013b5274382f","Wednesday","11 am–8 pm"
"0x30e29d1fd6142ee5:0xbd27013b5274382f","Thursday","11 am–8 pm"
"0x30e29d1fd6142ee5:0xbd27013b5274382f","Friday","11 am–8 pm"
"0x30e29d1fd6142ee5:0xbd27013b5274382f","Saturday","11 am–8 pm"
"0x30e29d1fd6142ee5:0xbd27013b5274382f","Sunday","11 am–8 pm"
"0x30e29d282f9e84d7:0x906024b3abea54aa","Monday","10 AM–8 PM"
"0x30e29d282f9e84d7:0x906024b3abea54aa","Tuesday","10 AM–8 PM"
"0x30e29d282f9e84d7:0x906024b3abea54aa","Wednesday","10 AM–8 PM"
"0x30e29d282f9e84d7:0x906024b3abea54aa","Thursday","10 AM–8 PM"
"0x30e29d282f9e84d7:0x906024b3abea54aa","Friday","10 AM–8 PM"
"0x30e29d282f9e84d7:0x906024b3abea54aa","Saturday","10 AM–8 PM"
"0x30e29d282f9e84d7:0x906024b3abea54aa","Sunday","10 AM–8 PM"
"0x30e29bc9c6449d9d:0xb66be882578b7640","Monday","10 AM–8 PM"
"0x30e29bc9c6449d9d:0xb66be882578b7640","Tuesday","10 AM–8 PM"
"0x30e29bc9c6449d9d:0xb66be882578b7640","Wednesday","10 AM–8 PM"
"0x30e29bc9c6449d9d:0xb66be882578b7640","Thursday","10 AM–8 PM"
"0x30e29bc9c6449d9d:0xb66be882578b7640","Friday","10 AM–8 PM"
"0x30e29bc9c6449d9d:0xb66be882578b7640","Saturday","10 AM–8 PM"
"0x30e29bc9c6449d9d:0xb66be882578b7640","Sunday","10 AM–8 PM"
"0x30e2998148e13c6f:0xa07d9f9b995fb08b","Monday","9:30 am–5:30 pm"
"0x30e2998148e13c6f:0xa07d9f9b995fb08b","Tuesday","Closed"
"0x30e2998148e13c6f:0xa07d9f9b995fb08b","Wednesday","9:30 am–5:30 pm"
"0x30e2998148e13c6f:0xa07d9f9b995fb08b","Thursday","9:30 am–5:30 pm"
"0x30e2998148e13c6f:0xa07d9f9b995fb08b","Friday","9:30 am–5:30 pm"
"0x30e2998148e13c6f:0xa07d9f9b995fb08b","Saturday","9:30 am–5:30 pm"
"0x30e2998148e13c6f:0xa07d9f9b995fb08b","Sunday","9:30 am–5:30 pm"
"0x30e29915e608d13d:0x53d22a6507eaf063","Monday","5:15–7 pm"
"0x30e29915e608d13d:0x53d22a6507eaf063","Tuesday","5:15–7 pm"
"0x30e29915e608d13d:0x53d22a6507eaf063","Wednesday","5:15–7 pm"
"0x30e29915e608d13d:0x53d22a6507eaf063","Thursday","5:15–7 pm"
"0x30e29915e608d13d:0x53d22a6507eaf063","Friday","5:15–7 pm"
"0x30e29915e608d13d:0x53d22a6507eaf063","Saturday","Closed"
"0x30e29915e608d13d:0x53d22a6507eaf063","Sunday","Closed"
"0x30e299c3dc78faf3:0x5f5dfbcbf948383","Monday","10 AM–8 PM"
"0x30e299c3dc78faf3:0x5f5dfbcbf948383","Tuesday","10 AM–8 PM"
"0x30e299c3dc78faf3:0x5f5dfbcbf948383","Wednesday","10 AM–8 PM"
"0x30e299c3dc78faf3:0x5f5dfbcbf948383","Thursday","10 AM–8 PM"
"0x30e299c3dc78faf3:0x5f5dfbcbf948383","Friday","10 AM–8 PM"
"0x30e299c3dc78faf3:0x5f5dfbcbf948383","Saturday","10 AM–8 PM"
"0x30e299c3dc78faf3:0x5f5dfbcbf948383","Sunday","10 AM–8 PM"
"0x30e29919f279ba77:0x71657472a6167df","Monday","9 am–7 pm"
"0x30e29919f279ba77:0x71657472a6167df","Tuesday","9 am–7 pm"
"0x30e29919f279ba77:0x71657472a6167df","Wednesday","9 am–7 pm"
"0x30e29919f279ba77:0x71657472a6167df","Thursday","9 am–7 pm"
"0x30e29919f279ba77:0x71657472a6167df","Friday","9 am–7 pm"
"0x30e29919f279ba77:0x71657472a6167df","Saturday","9 am–7 pm"
"0x30e29919f279ba77:0x71657472a6167df","Sunday","Closed"
"0x30e299fb618b0e01:0xdb09fe437d924d59","Monday","10 am–8 pm"
"0x30e299fb618b0e01:0xdb09fe437d924d59","Tuesday","10 am–8 pm"
"0x30e299fb618b0e01:0xdb09fe437d924d59","Wednesday","10 am–8 pm"
"0x30e299fb618b0e01:0xdb09fe437d924d59","Thursday","10 am–8 pm"
"0x30e299fb618b0e01:0xdb09fe437d924d59","Friday","10 am–8 pm"
"0x30e299fb618b0e01:0xdb09fe437d924d59","Saturday","10 am–8 pm"
"0x30e299fb618b0e01:0xdb09fe437d924d59","Sunday","10 am–8 pm"
"0x30e299a495184027:0xf78cf96e6f5d3859","Monday","Closed"
"0x30e299a495184027:0xf78cf96e6f5d3859","Tuesday","Closed"
"0x30e299a495184027:0xf78cf96e6f5d3859","Wednesday","11 am–8 pm"
"0x30e299a495184027:0xf78cf96e6f5d3859","Thursday","11 am–8 pm"
"0x30e299a495184027:0xf78cf96e6f5d3859","Friday","11 am–8 pm"
"0x30e299a495184027:0xf78cf96e6f5d3859","Saturday","11 am–8 pm"
"0x30e299a495184027:0xf78cf96e6f5d3859","Sunday","11 am–8 pm"
"0x30e29f38b3fe737d:0x196ac00c15ca07c4","Monday","11 am–8 pm"
"0x30e29f38b3fe737d:0x196ac00c15ca07c4","Tuesday","11 am–8 pm"
"0x30e29f38b3fe737d:0x196ac00c15ca07c4","Wednesday","11 am–8 pm"
"0x30e29f38b3fe737d:0x196ac00c15ca07c4","Thursday","11 am–8 pm"
"0x30e29f38b3fe737d:0x196ac00c15ca07c4","Friday","11 am–8 pm"
"0x30e29f38b3fe737d:0x196ac00c15ca07c4","Saturday","11 am–8 pm"
"0x30e29f38b3fe737d:0x196ac00c15ca07c4","Sunday","11 am–8 pm"
"0x30e29c166db23063:0x9cfb5abbe4cc001d","Monday","10 am–7:30 pm"
"0x30e29c166db23063:0x9cfb5abbe4cc001d","Tuesday","10 am–7:30 pm"
"0x30e29c166db23063:0x9cfb5abbe4cc001d","Wednesday","10 am–7:30 pm"
"0x30e29c166db23063:0x9cfb5abbe4cc001d","Thursday","10 am–7:30 pm"
"0x30e29c166db23063:0x9cfb5abbe4cc001d","Friday","10 am–7:30 pm"
"0x30e29c166db23063:0x9cfb5abbe4cc001d","Saturday","10 am–7:30 pm"
"0x30e29c166db23063:0x9cfb5abbe4cc001d","Sunday","Closed"
"0x30e29f85e58776eb:0x8d8aa84fa0afc3d4","Monday","10 am–7 pm"
"0x30e29f85e58776eb:0x8d8aa84fa0afc3d4","Tuesday","10 am–7 pm"
"0x30e29f85e58776eb:0x8d8aa84fa0afc3d4","Wednesday","10 am–7 pm"
"0x30e29f85e58776eb:0x8d8aa84fa0afc3d4","Thursday","10 am–7 pm"
"0x30e29f85e58776eb:0x8d8aa84fa0afc3d4","Friday","10 am–7 pm"
"0x30e29f85e58776eb:0x8d8aa84fa0afc3d4","Saturday","10 am–7 pm"
"0x30e29f85e58776eb:0x8d8aa84fa0afc3d4","Sunday","10 am–7 pm"
"0x30e298c2f24698d7:0xfde87652f8f225f6","Monday","8:30 am–6:30 pm"
"0x30e298c2f24698d7:0xfde87652f8f225f6","Tuesday","8:30 am–6:30 pm"
"0x30e298c2f24698d7:0xfde87652f8f225f6","Wednesday","8:30 am–6:30 pm"
"0x30e298c2f24698d7:0xfde87652f8f225f6","Thursday","8:30 am–6:30 pm"
"0x30e298c2f24698d7:0xfde87652f8f225f6","Friday","8:30 am–6:30 pm"
"0x30e298c2f24698d7:0xfde87652f8f225f6","Saturday","8:30 am–6:30 pm"
"0x30e298c2f24698d7:0xfde87652f8f225f6","Sunday","8:30 am–6:30 pm"
"0x30e298cad4e25ce7:0xcc9922b4ece66d4d","Monday","10:30 AM–7:30 PM"
"0x30e298cad4e25ce7:0xcc9922b4ece66d4d","Tuesday","10:30 AM–7:30 PM"
"0x30e298cad4e25ce7:0xcc9922b4ece66d4d","Wednesday","10:30 AM–7:30 PM"
"0x30e298cad4e25ce7:0xcc9922b4ece66d4d","Thursday","10:30 AM–7:30 PM"
"0x30e298cad4e25ce7:0xcc9922b4ece66d4d","Friday","10:30 AM–7:30 PM"
"0x30e298cad4e25ce7:0xcc9922b4ece66d4d","Saturday","10:30 AM–7:30 PM"
"0x30e298cad4e25ce7:0xcc9922b4ece66d4d","Sunday","10:30 AM–7:30 PM"
"0x30e29927a3869d3f:0xc15db1680f94481b","Monday","11 am–8 pm"
"0x30e29927a3869d3f:0xc15db1680f94481b","Tuesday","11 am–8 pm"
"0x30e29927a3869d3f:0xc15db1680f94481b","Wednesday","Closed"
"0x30e29927a3869d3f:0xc15db1680f94481b","Thursday","11 am–8 pm"
"0x30e29927a3869d3f:0xc15db1680f94481b","Friday","11 am–8 pm"
"0x30e29927a3869d3f:0xc15db1680f94481b","Saturday","11 am–8 pm"
"0x30e29927a3869d3f:0xc15db1680f94481b","Sunday","11 am–8 pm"
"0x30e29f005b127175:0x212527d02c298abb","Monday","10:30 am–7:30 pm"
"0x30e29f005b127175:0x212527d02c298abb","Tuesday","10:30 am–7:30 pm"
"0x30e29f005b127175:0x212527d02c298abb","Wednesday","10:30 am–7:30 pm"
"0x30e29f005b127175:0x212527d02c298abb","Thursday","10:30 am–7:30 pm"
"0x30e29f005b127175:0x212527d02c298abb","Friday","10:30 am–7:30 pm"
"0x30e29f005b127175:0x212527d02c298abb","Saturday","10:30 am–7:30 pm"
"0x30e29f005b127175:0x212527d02c298abb","Sunday","10:30 am–7:30 pm"
"0x30e29f24163b6223:0xebf6fbceeb68203f","Monday","10 am–8 pm"
"0x30e29f24163b6223:0xebf6fbceeb68203f","Tuesday","10 am–8 pm"
"0x30e29f24163b6223:0xebf6fbceeb68203f","Wednesday","10 am–8 pm"
"0x30e29f24163b6223:0xebf6fbceeb68203f","Thursday","10 am–8 pm"
"0x30e29f24163b6223:0xebf6fbceeb68203f","Friday","10 am–8 pm"
"0x30e29f24163b6223:0xebf6fbceeb68203f","Saturday","9 am–7 pm"
"0x30e29f24163b6223:0xebf6fbceeb68203f","Sunday","9 am–7 pm"
"0x30e29fa8c69ee9d1:0x8db164af8584fdd3","Monday","9 am–7 pm"
"0x30e29fa8c69ee9d1:0x8db164af8584fdd3","Tuesday","9 am–7 pm"
"0x30e29fa8c69ee9d1:0x8db164af8584fdd3","Wednesday","9 am–7 pm"
"0x30e29fa8c69ee9d1:0x8db164af8584fdd3","Thursday","9 am–7 pm"
"0x30e29fa8c69ee9d1:0x8db164af8584fdd3","Friday","9 am–7 pm"
"0x30e29fa8c69ee9d1:0x8db164af8584fdd3","Saturday","9 am–5 pm"
"0x30e29fa8c69ee9d1:0x8db164af8584fdd3","Sunday","Closed"
"0x30e2995f04fdd817:0x121779bf25d855e4","Monday","9 am–8 pm"
"0x30e2995f04fdd817:0x121779bf25d855e4","Tuesday","9 am–8 pm"
"0x30e2995f04fdd817:0x121779bf25d855e4","Wednesday","9 am–8 pm"
"0x30e2995f04fdd817:0x121779bf25d855e4","Thursday","9 am–8 pm"
"0x30e2995f04fdd817:0x121779bf25d855e4","Friday","Closed"
"0x30e2995f04fdd817:0x121779bf25d855e4","Saturday","9 am–8 pm"
"0x30e2995f04fdd817:0x121779bf25d855e4","Sunday","9 am–8 pm"
"0x30e299c0eb3e10c3:0xf98cb309f8a610e","Monday","10 am–2:30 pm"
"0x30e299c0eb3e10c3:0xf98cb309f8a610e","Tuesday","10 am–2:30 pm"
"0x30e299c0eb3e10c3:0xf98cb309f8a610e","Wednesday","Closed"
"0x30e299c0eb3e10c3:0xf98cb309f8a610e","Thursday","10 am–2:30 pm"
"0x30e299c0eb3e10c3:0xf98cb309f8a610e","Friday","10 am–2:30 pm"
"0x30e299c0eb3e10c3:0xf98cb309f8a610e","Saturday","Closed"
"0x30e299c0eb3e10c3:0xf98cb309f8a610e","Sunday","Closed"
"0x30e299f6fa133599:0x9e1ccf2346838aea","Monday","Closed"
"0x30e299f6fa133599:0x9e1ccf2346838aea","Tuesday","11 am–8 pm"
"0x30e299f6fa133599:0x9e1ccf2346838aea","Wednesday","11 am–8 pm"
"0x30e299f6fa133599:0x9e1ccf2346838aea","Thursday","11 am–8 pm"
"0x30e299f6fa133599:0x9e1ccf2346838aea","Friday","11 am–8 pm"
"0x30e299f6fa133599:0x9e1ccf2346838aea","Saturday","11 am–8 pm"
"0x30e299f6fa133599:0x9e1ccf2346838aea","Sunday","11 am–8 pm"
"0x30e298dd30968801:0xf7f2b420bf24b126","Monday","9 AM–8 PM"
"0x30e298dd30968801:0xf7f2b420bf24b126","Tuesday","9 AM–8 PM"
"0x30e298dd30968801:0xf7f2b420bf24b126","Wednesday","9 AM–8 PM"
"0x30e298dd30968801:0xf7f2b420bf24b126","Thursday","9 AM–8 PM"
"0x30e298dd30968801:0xf7f2b420bf24b126","Friday","9 AM–8 PM"
"0x30e298dd30968801:0xf7f2b420bf24b126","Saturday","9 AM–8 PM"
"0x30e298dd30968801:0xf7f2b420bf24b126","Sunday","9 AM–8 PM"
"0x30e29f32da9842ff:0x89092795cad6fdc5","Monday","10 am–8 pm"
"0x30e29f32da9842ff:0x89092795cad6fdc5","Tuesday","10 am–8 pm"
"0x30e29f32da9842ff:0x89092795cad6fdc5","Wednesday","10 am–8 pm"
"0x30e29f32da9842ff:0x89092795cad6fdc5","Thursday","10 am–8 pm"
"0x30e29f32da9842ff:0x89092795cad6fdc5","Friday","Closed"
"0x30e29f32da9842ff:0x89092795cad6fdc5","Saturday","10 am–5 pm"
"0x30e29f32da9842ff:0x89092795cad6fdc5","Sunday","10 am–5 pm"
"0x30e29975e75aea7d:0xfc06a9d15fabf966","Monday","9 AM–8 PM"
"0x30e29975e75aea7d:0xfc06a9d15fabf966","Tuesday","9 AM–8 PM"
"0x30e29975e75aea7d:0xfc06a9d15fabf966","Wednesday","9 AM–8 PM"
"0x30e29975e75aea7d:0xfc06a9d15fabf966","Thursday","9 AM–8 PM"
"0x30e29975e75aea7d:0xfc06a9d15fabf966","Friday","9 AM–8 PM"
"0x30e29975e75aea7d:0xfc06a9d15fabf966","Saturday","9 AM–8 PM"
"0x30e29975e75aea7d:0xfc06a9d15fabf966","Sunday","9 AM–8 PM"
"0x30e298d2ded84aed:0x4ae0a75bebfd825a","Monday","10 am–8 pm"
"0x30e298d2ded84aed:0x4ae0a75bebfd825a","Tuesday","10 am–8 pm"
"0x30e298d2ded84aed:0x4ae0a75bebfd825a","Wednesday","10 am–8 pm"
"0x30e298d2ded84aed:0x4ae0a75bebfd825a","Thursday","10 am–8 pm"
"0x30e298d2ded84aed:0x4ae0a75bebfd825a","Friday","10 am–8 pm"
"0x30e298d2ded84aed:0x4ae0a75bebfd825a","Saturday","10 am–8 pm"
"0x30e298d2ded84aed:0x4ae0a75bebfd825a","Sunday","Closed"
"0x30e299b8dee6d30d:0x56dde32469e8e798","Monday","10:30 am–8 pm"
"0x30e299b8dee6d30d:0x56dde32469e8e798","Tuesday","10:30 am–8 pm"
"0x30e299b8dee6d30d:0x56dde32469e8e798","Wednesday","10:30 am–8 pm"
"0x30e299b8dee6d30d:0x56dde32469e8e798","Thursday","10:30 am–8 pm"
"0x30e299b8dee6d30d:0x56dde32469e8e798","Friday","10:30 am–8 pm"
"0x30e299b8dee6d30d:0x56dde32469e8e798","Saturday","10:30 am–8 pm"
"0x30e299b8dee6d30d:0x56dde32469e8e798","Sunday","10:30 am–8 pm"
"0x30e29fcf67f3199f:0x9c5befcd85e8ebf6","Monday","10 am–8 pm"
"0x30e29fcf67f3199f:0x9c5befcd85e8ebf6","Tuesday","10 am–8 pm"
"0x30e29fcf67f3199f:0x9c5befcd85e8ebf6","Wednesday","10 am–8 pm"
"0x30e29fcf67f3199f:0x9c5befcd85e8ebf6","Thursday","10 am–8 pm"
"0x30e29fcf67f3199f:0x9c5befcd85e8ebf6","Friday","10 am–8 pm"
"0x30e29fcf67f3199f:0x9c5befcd85e8ebf6","Saturday","10 am–8 pm"
"0x30e29fcf67f3199f:0x9c5befcd85e8ebf6","Sunday","Closed"
"0x30e298cc5a47f369:0xc34b2e76152c4cc5","Monday","9 am–8 pm"
"0x30e298cc5a47f369:0xc34b2e76152c4cc5","Tuesday","9 am–8 pm"
"0x30e298cc5a47f369:0xc34b2e76152c4cc5","Wednesday","9 am–8 pm"
"0x30e298cc5a47f369:0xc34b2e76152c4cc5","Thursday","9 am–8 pm"
"0x30e298cc5a47f369:0xc34b2e76152c4cc5","Friday","9 am–8 pm"
"0x30e298cc5a47f369:0xc34b2e76152c4cc5","Saturday","9 am–8 pm"
"0x30e298cc5a47f369:0xc34b2e76152c4cc5","Sunday","9 am–8 pm"
"0x30e29fcbd0150803:0xba9a27533561589e","Monday","11 am–8 pm"
"0x30e29fcbd0150803:0xba9a27533561589e","Tuesday","11 am–8 pm"
"0x30e29fcbd0150803:0xba9a27533561589e","Wednesday","11 am–8 pm"
"0x30e29fcbd0150803:0xba9a27533561589e","Thursday","11 am–8 pm"
"0x30e29fcbd0150803:0xba9a27533561589e","Friday","11 am–8 pm"
"0x30e29fcbd0150803:0xba9a27533561589e","Saturday","11 am–8 pm"
"0x30e29fcbd0150803:0xba9a27533561589e","Sunday","11 am–8 pm"
"0x30e29f30c867bedd:0xacd8161c81029b8f","Monday","9 am–4:30 pm"
"0x30e29f30c867bedd:0xacd8161c81029b8f","Tuesday","9 am–4:30 pm"
"0x30e29f30c867bedd:0xacd8161c81029b8f","Wednesday","9 am–4:30 pm"
"0x30e29f30c867bedd:0xacd8161c81029b8f","Thursday","9 am–4:30 pm"
"0x30e29f30c867bedd:0xacd8161c81029b8f","Friday","9 am–4:30 pm"
"0x30e29f30c867bedd:0xacd8161c81029b8f","Saturday","9 am–12 pm"
"0x30e29f30c867bedd:0xacd8161c81029b8f","Sunday","Closed"
"0x30e29f1785e66569:0x93d924b5b7b1fc1","Monday","10 am–7 pm"
"0x30e29f1785e66569:0x93d924b5b7b1fc1","Tuesday","10 am–7 pm"
"0x30e29f1785e66569:0x93d924b5b7b1fc1","Wednesday","10 am–7 pm"
"0x30e29f1785e66569:0x93d924b5b7b1fc1","Thursday","10 am–7 pm"
"0x30e29f1785e66569:0x93d924b5b7b1fc1","Friday","10 am–7 pm"
"0x30e29f1785e66569:0x93d924b5b7b1fc1","Saturday","10 am–7 pm"
"0x30e29f1785e66569:0x93d924b5b7b1fc1","Sunday","Closed"
"0x30e29ef0890113d9:0xc9811908d3d94466","Monday","8 am–4:30 pm"
"0x30e29ef0890113d9:0xc9811908d3d94466","Tuesday","8 am–4:30 pm"
"0x30e29ef0890113d9:0xc9811908d3d94466","Wednesday","8 am–4:30 pm"
"0x30e29ef0890113d9:0xc9811908d3d94466","Thursday","8 am–4:30 pm"
"0x30e29ef0890113d9:0xc9811908d3d94466","Friday","8 am–4:30 pm"
"0x30e29ef0890113d9:0xc9811908d3d94466","Saturday","Closed"
"0x30e29ef0890113d9:0xc9811908d3d94466","Sunday","Closed"
"0x30e29e942133c14d:0x470e0152555bfef6","Monday","9 am–8 pm"
"0x30e29e942133c14d:0x470e0152555bfef6","Tuesday","9 am–8 pm"
"0x30e29e942133c14d:0x470e0152555bfef6","Wednesday","9 am–8 pm"
"0x30e29e942133c14d:0x470e0152555bfef6","Thursday","9 am–8 pm"
"0x30e29e942133c14d:0x470e0152555bfef6","Friday","9 am–8 pm"
"0x30e29e942133c14d:0x470e0152555bfef6","Saturday","9 am–8 pm"
"0x30e29e942133c14d:0x470e0152555bfef6","Sunday","9 am–8 pm"
"0x30e29e9a5030c14d:0x225f81c3ea53a9ee","Monday","10 am–7 pm"
"0x30e29e9a5030c14d:0x225f81c3ea53a9ee","Tuesday","10 am–7 pm"
"0x30e29e9a5030c14d:0x225f81c3ea53a9ee","Wednesday","10 am–7 pm"
"0x30e29e9a5030c14d:0x225f81c3ea53a9ee","Thursday","10 am–7 pm"
"0x30e29e9a5030c14d:0x225f81c3ea53a9ee","Friday","10 am–7 pm"
"0x30e29e9a5030c14d:0x225f81c3ea53a9ee","Saturday","9 am–7 pm"
"0x30e29e9a5030c14d:0x225f81c3ea53a9ee","Sunday","9 am–7 pm"
"0x30e29f295233ef5d:0xfb6062ce4f50e68d","Monday","10 am–6 pm"
"0x30e29f295233ef5d:0xfb6062ce4f50e68d","Tuesday","10 am–6 pm"
"0x30e29f295233ef5d:0xfb6062ce4f50e68d","Wednesday","10 am–6 pm"
"0x30e29f295233ef5d:0xfb6062ce4f50e68d","Thursday","10 am–6 pm"
"0x30e29f295233ef5d:0xfb6062ce4f50e68d","Friday","10 am–6 pm"
"0x30e29f295233ef5d:0xfb6062ce4f50e68d","Saturday","Closed"
"0x30e29f295233ef5d:0xfb6062ce4f50e68d","Sunday","Closed"
"0x30e2993c772474cf:0x9eebf1bb8f4720aa","Monday","Closed"
"0x30e2993c772474cf:0x9eebf1bb8f4720aa","Tuesday","5:30–7:30 pm"
"0x30e2993c772474cf:0x9eebf1bb8f4720aa","Wednesday","5:30–7:30 pm"
"0x30e2993c772474cf:0x9eebf1bb8f4720aa","Thursday","5:30–7:30 pm"
"0x30e2993c772474cf:0x9eebf1bb8f4720aa","Friday","Closed"
"0x30e2993c772474cf:0x9eebf1bb8f4720aa","Saturday","10 am–12 pm"
"0x30e2993c772474cf:0x9eebf1bb8f4720aa","Sunday","Closed"
"0x30e29e95b4ea734b:0xf888ac7a009ee632","Monday","11 am–8 pm"
"0x30e29e95b4ea734b:0xf888ac7a009ee632","Tuesday","11 am–8 pm"
"0x30e29e95b4ea734b:0xf888ac7a009ee632","Wednesday","11 am–8 pm"
"0x30e29e95b4ea734b:0xf888ac7a009ee632","Thursday","11 am–8 pm"
"0x30e29e95b4ea734b:0xf888ac7a009ee632","Friday","11 am–8 pm"
"0x30e29e95b4ea734b:0xf888ac7a009ee632","Saturday","11 am–8 pm"
"0x30e29e95b4ea734b:0xf888ac7a009ee632","Sunday","11 am–8 pm"
"0x30e29fd24e0bf1ef:0xad9c1fc63d8f9b17","Monday","10 am–8 pm"
"0x30e29fd24e0bf1ef:0xad9c1fc63d8f9b17","Tuesday","10 am–8 pm"
"0x30e29fd24e0bf1ef:0xad9c1fc63d8f9b17","Wednesday","10 am–8 pm"
"0x30e29fd24e0bf1ef:0xad9c1fc63d8f9b17","Thursday","10 am–8 pm"
"0x30e29fd24e0bf1ef:0xad9c1fc63d8f9b17","Friday","10 am–8 pm"
"0x30e29fd24e0bf1ef:0xad9c1fc63d8f9b17","Saturday","10 am–8 pm"
"0x30e29fd24e0bf1ef:0xad9c1fc63d8f9b17","Sunday","10 am–8 pm"
"0x30e29922f117ec29:0x5ce821708eddfd7a","Monday","10 am–10 pm"
"0x30e29922f117ec29:0x5ce821708eddfd7a","Tuesday","10 am–10 pm"
"0x30e29922f117ec29:0x5ce821708eddfd7a","Wednesday","10 am–10 pm"
"0x30e29922f117ec29:0x5ce821708eddfd7a","Thursday","10 am–10 pm"
"0x30e29922f117ec29:0x5ce821708eddfd7a","Friday","10 am–10 pm"
"0x30e29922f117ec29:0x5ce821708eddfd7a","Saturday","10 am–10 pm"
"0x30e29922f117ec29:0x5ce821708eddfd7a","Sunday","10 am–10 pm"
"0x30e29f1266506879:0xac1f3bc1e0b3377a","Monday","10:30 am–8:30 pm"
"0x30e29f1266506879:0xac1f3bc1e0b3377a","Tuesday","10:30 am–8:30 pm"
"0x30e29f1266506879:0xac1f3bc1e0b3377a","Wednesday","10:30 am–8:30 pm"
"0x30e29f1266506879:0xac1f3bc1e0b3377a","Thursday","10:30 am–8:30 pm"
"0x30e29f1266506879:0xac1f3bc1e0b3377a","Friday","10:30 am–8:30 pm"
"0x30e29f1266506879:0xac1f3bc1e0b3377a","Saturday","10:30 am–8:30 pm"
"0x30e29f1266506879:0xac1f3bc1e0b3377a","Sunday","10:30 am–8:30 pm"
"0x30e29f243bdb43c7:0xd7b61a10108ae8c4","Monday","10 am–7:30 pm"
"0x30e29f243bdb43c7:0xd7b61a10108ae8c4","Tuesday","10 am–7:30 pm"
"0x30e29f243bdb43c7:0xd7b61a10108ae8c4","Wednesday","10 am–7:30 pm"
"0x30e29f243bdb43c7:0xd7b61a10108ae8c4","Thursday","10 am–7:30 pm"
"0x30e29f243bdb43c7:0xd7b61a10108ae8c4","Friday","10 am–7:30 pm"
"0x30e29f243bdb43c7:0xd7b61a10108ae8c4","Saturday","10 am–7 pm"
"0x30e29f243bdb43c7:0xd7b61a10108ae8c4","Sunday","Closed"
"0x30e29fb38973cb57:0x8a6002b87d4a2dde","Monday","11 AM–8 PM"
"0x30e29fb38973cb57:0x8a6002b87d4a2dde","Tuesday","11 AM–8 PM"
"0x30e29fb38973cb57:0x8a6002b87d4a2dde","Wednesday","11 AM–8 PM"
"0x30e29fb38973cb57:0x8a6002b87d4a2dde","Thursday","11 AM–8 PM"
"0x30e29fb38973cb57:0x8a6002b87d4a2dde","Friday","11 AM–8 PM"
"0x30e29fb38973cb57:0x8a6002b87d4a2dde","Saturday","11 AM–8 PM"
"0x30e29fb38973cb57:0x8a6002b87d4a2dde","Sunday","11 AM–8 PM"
"0x30e29f420b889515:0x248226e53349d225","Monday","11 am–8 pm"
"0x30e29f420b889515:0x248226e53349d225","Tuesday","11 am–8 pm"
"0x30e29f420b889515:0x248226e53349d225","Wednesday","11 am–8 pm"
"0x30e29f420b889515:0x248226e53349d225","Thursday","11 am–8 pm"
"0x30e29f420b889515:0x248226e53349d225","Friday","11 am–8 pm"
"0x30e29f420b889515:0x248226e53349d225","Saturday","11 am–8 pm"
"0x30e29f420b889515:0x248226e53349d225","Sunday","11 am–8 pm"
"0x30e29d696e79b043:0x917e9d02c8ba0877","Monday","10:30 am–8 pm"
"0x30e29d696e79b043:0x917e9d02c8ba0877","Tuesday","10:30 am–8 pm"
"0x30e29d696e79b043:0x917e9d02c8ba0877","Wednesday","10:30 am–8 pm"
"0x30e29d696e79b043:0x917e9d02c8ba0877","Thursday","10:30 am–8 pm"
"0x30e29d696e79b043:0x917e9d02c8ba0877","Friday","10:30 am–8 pm"
"0x30e29d696e79b043:0x917e9d02c8ba0877","Saturday","10:30 am–8 pm"
"0x30e29d696e79b043:0x917e9d02c8ba0877","Sunday","10:30 am–8 pm"
"0x30e29c1c2eb96787:0x88228b16516c1d72","Monday","10 am–8 pm"
"0x30e29c1c2eb96787:0x88228b16516c1d72","Tuesday","10 am–8 pm"
"0x30e29c1c2eb96787:0x88228b16516c1d72","Wednesday","10 am–8 pm"
"0x30e29c1c2eb96787:0x88228b16516c1d72","Thursday","10 am–8 pm"
"0x30e29c1c2eb96787:0x88228b16516c1d72","Friday","10 am–8 pm"
"0x30e29c1c2eb96787:0x88228b16516c1d72","Saturday","10 am–8 pm"
"0x30e29c1c2eb96787:0x88228b16516c1d72","Sunday","Closed"
"0x30e29deb0278b7e5:0x7125296b0983b9b9","Monday","10 am–8 pm"
"0x30e29deb0278b7e5:0x7125296b0983b9b9","Tuesday","10 am–8 pm"
"0x30e29deb0278b7e5:0x7125296b0983b9b9","Wednesday","10 am–8 pm"
"0x30e29deb0278b7e5:0x7125296b0983b9b9","Thursday","10 am–8 pm"
"0x30e29deb0278b7e5:0x7125296b0983b9b9","Friday","10 am–8 pm"
"0x30e29deb0278b7e5:0x7125296b0983b9b9","Saturday","10 am–8 pm"
"0x30e29deb0278b7e5:0x7125296b0983b9b9","Sunday","10 am–8 pm"
"0x30e29c16683de89b:0x93958987e43b887c","Monday","9 am–8 pm"
"0x30e29c16683de89b:0x93958987e43b887c","Tuesday","9 am–8 pm"
"0x30e29c16683de89b:0x93958987e43b887c","Wednesday","9 am–8 pm"
"0x30e29c16683de89b:0x93958987e43b887c","Thursday","9 am–8 pm"
"0x30e29c16683de89b:0x93958987e43b887c","Friday","9 am–8 pm"
"0x30e29c16683de89b:0x93958987e43b887c","Saturday","9 am–8 pm"
"0x30e29bdf3395979d:0xa9042b7f3ad64737","Monday","10:30 am–7 pm"
"0x30e29bdf3395979d:0xa9042b7f3ad64737","Tuesday","10:30 am–7 pm"
"0x30e29bdf3395979d:0xa9042b7f3ad64737","Wednesday","10:30 am–7 pm"
"0x30e29bdf3395979d:0xa9042b7f3ad64737","Thursday","10:30 am–7 pm"
"0x30e29bdf3395979d:0xa9042b7f3ad64737","Friday","10:30 am–7 pm"
"0x30e29bdf3395979d:0xa9042b7f3ad64737","Saturday","10:30 am–7 pm"
"0x30e29bdf3395979d:0xa9042b7f3ad64737","Sunday","10:30 am–7 pm"
"0x30e299232c4470d7:0xe2bab828a6b68008","Monday","9 am–6:30 pm"
"0x30e299232c4470d7:0xe2bab828a6b68008","Tuesday","9 am–6:30 pm"
"0x30e299232c4470d7:0xe2bab828a6b68008","Wednesday","9 am–6:30 pm"
"0x30e299232c4470d7:0xe2bab828a6b68008","Thursday","9 am–6:30 pm"
"0x30e299232c4470d7:0xe2bab828a6b68008","Friday","9 am–6:30 pm"
"0x30e299232c4470d7:0xe2bab828a6b68008","Saturday","9 am–3:30 pm"
"0x30e299232c4470d7:0xe2bab828a6b68008","Sunday","Closed"
"0x30e29b4d055a3771:0x25c837d329214aa6","Monday","10 am–8 pm"
"0x30e29b4d055a3771:0x25c837d329214aa6","Tuesday","10 am–8 pm"
"0x30e29b4d055a3771:0x25c837d329214aa6","Wednesday","10 am–8 pm"
"0x30e29b4d055a3771:0x25c837d329214aa6","Thursday","Closed"
"0x30e29b4d055a3771:0x25c837d329214aa6","Friday","10 am–8 pm"
"0x30e29b4d055a3771:0x25c837d329214aa6","Saturday","10 am–8 pm"
"0x30e29b1cacb21e1b:0x37c5a309bd4e6992","Monday","10 am–8 pm"
"0x30e29b1cacb21e1b:0x37c5a309bd4e6992","Tuesday","10 am–8 pm"
"0x30e29b1cacb21e1b:0x37c5a309bd4e6992","Wednesday","10 am–8 pm"
"0x30e29b1cacb21e1b:0x37c5a309bd4e6992","Thursday","10 am–8 pm"
"0x30e29b1cacb21e1b:0x37c5a309bd4e6992","Friday","10 am–8 pm"
"0x30e29b1cacb21e1b:0x37c5a309bd4e6992","Saturday","10 am–8 pm"
"0x30e29b1cacb21e1b:0x37c5a309bd4e6992","Sunday","10 am–8 pm"
"0x30e29f4e03abd8ad:0x656400bc197a7fda","Monday","10 am–8 pm"
"0x30e29f4e03abd8ad:0x656400bc197a7fda","Tuesday","10 am–8 pm"
"0x30e29f4e03abd8ad:0x656400bc197a7fda","Wednesday","10 am–8 pm"
"0x30e29f4e03abd8ad:0x656400bc197a7fda","Thursday","10 am–8 pm"
"0x30e29f4e03abd8ad:0x656400bc197a7fda","Friday","10 am–8 pm"
"0x30e29f4e03abd8ad:0x656400bc197a7fda","Saturday","10 am–8 pm"
"0x30e29f4e03abd8ad:0x656400bc197a7fda","Sunday","10 am–8 pm"
"0x30e29ff1de2f3583:0x3b831b3f66f7354c","Monday","10:30 am–9:30 pm"
"0x30e29ff1de2f3583:0x3b831b3f66f7354c","Tuesday","10:30 am–9:30 pm"
"0x30e29ff1de2f3583:0x3b831b3f66f7354c","Wednesday","10:30 am–9:30 pm"
"0x30e29ff1de2f3583:0x3b831b3f66f7354c","Thursday","10:30 am–9:30 pm"
"0x30e29ff1de2f3583:0x3b831b3f66f7354c","Friday","10:30 am–9:30 pm"
"0x30e29ff1de2f3583:0x3b831b3f66f7354c","Saturday","10:30 am–9:30 pm"
"0x30e29ff1de2f3583:0x3b831b3f66f7354c","Sunday","10:30 am–9:30 pm"
"0x30e29fac08c782a1:0x50a2558ecc627260","Monday","10:30 am–7:30 pm"
"0x30e29fac08c782a1:0x50a2558ecc627260","Tuesday","10:30 am–7:30 pm"
"0x30e29fac08c782a1:0x50a2558ecc627260","Wednesday","10:30 am–7:30 pm"
"0x30e29fac08c782a1:0x50a2558ecc627260","Thursday","10:30 am–7:30 pm"
"0x30e29fac08c782a1:0x50a2558ecc627260","Friday","10:30 am–7:30 pm"
"0x30e29fac08c782a1:0x50a2558ecc627260","Saturday","9:30 am–6:30 pm"
"0x30e29fac08c782a1:0x50a2558ecc627260","Sunday","9:30 am–6:30 pm"
"0x30e29efedfd385f7:0x52bc66670d513b9d","Monday","10 AM–7 PM"
"0x30e29efedfd385f7:0x52bc66670d513b9d","Tuesday","10 AM–7 PM"
"0x30e29efedfd385f7:0x52bc66670d513b9d","Wednesday","10 AM–7 PM"
"0x30e29efedfd385f7:0x52bc66670d513b9d","Thursday","10 AM–7 PM"
"0x30e29efedfd385f7:0x52bc66670d513b9d","Friday","10 AM–7 PM"
"0x30e29efedfd385f7:0x52bc66670d513b9d","Saturday","9 AM–7 PM"
"0x30e29efedfd385f7:0x52bc66670d513b9d","Sunday","9 AM–7 PM"
"0x30e29fe43ab00b17:0x195eab4a55f6bc89","Monday","11 am–8 pm"
"0x30e29fe43ab00b17:0x195eab4a55f6bc89","Tuesday","11 am–8 pm"
"0x30e29fe43ab00b17:0x195eab4a55f6bc89","Wednesday","11 am–8 pm"
"0x30e29fe43ab00b17:0x195eab4a55f6bc89","Thursday","11 am–8 pm"
"0x30e29fe43ab00b17:0x195eab4a55f6bc89","Friday","11 am–8 pm"
"0x30e29fe43ab00b17:0x195eab4a55f6bc89","Saturday","11 am–8 pm"
"0x30e29fe43ab00b17:0x195eab4a55f6bc89","Sunday","11 am–8 pm"
"0x30e29ef49111928d:0x8110678d64a6c4b0","Monday","9 am–9 pm"
"0x30e29ef49111928d:0x8110678d64a6c4b0","Tuesday","9 am–9 pm"
"0x30e29ef49111928d:0x8110678d64a6c4b0","Wednesday","9 am–9 pm"
"0x30e29ef49111928d:0x8110678d64a6c4b0","Thursday","9 am–9 pm"
"0x30e29ef49111928d:0x8110678d64a6c4b0","Friday","9 am–9 pm"
"0x30e29ef49111928d:0x8110678d64a6c4b0","Saturday","9 am–9 pm"
"0x30e29ef49111928d:0x8110678d64a6c4b0","Sunday","9 am–9 pm"
"0x30e29e92adfc3ad5:0x70d1b1f27e586311","Monday","10 am–8 pm"
"0x30e29e92adfc3ad5:0x70d1b1f27e586311","Tuesday","10 am–8 pm"
"0x30e29e92adfc3ad5:0x70d1b1f27e586311","Wednesday","10 am–8 pm"
"0x30e29e92adfc3ad5:0x70d1b1f27e586311","Thursday","10 am–8 pm"
"0x30e29e92adfc3ad5:0x70d1b1f27e586311","Friday","10 am–8 pm"
"0x30e29e92adfc3ad5:0x70d1b1f27e586311","Saturday","9 am–8 pm"
"0x30e29e92adfc3ad5:0x70d1b1f27e586311","Sunday","11 am–6 pm"
"0x30e29e81e73b4539:0x91178d8f23af0a0","Monday","11:30 am–8:30 pm"
"0x30e29e81e73b4539:0x91178d8f23af0a0","Tuesday","11:30 am–8:30 pm"
"0x30e29e81e73b4539:0x91178d8f23af0a0","Wednesday","11:30 am–8:30 pm"
"0x30e29e81e73b4539:0x91178d8f23af0a0","Thursday","11:30 am–8:30 pm"
"0x30e29e81e73b4539:0x91178d8f23af0a0","Friday","11:30 am–8:30 pm"
"0x30e29e81e73b4539:0x91178d8f23af0a0","Saturday","11:30 am–8:30 pm"
"0x30e29e81e73b4539:0x91178d8f23af0a0","Sunday","11:30 am–8:30 pm"
"0x30e29c1998155553:0xed631f396719b198","Monday","10 am–8 pm"
"0x30e29c1998155553:0xed631f396719b198","Tuesday","10 am–8 pm"
"0x30e29c1998155553:0xed631f396719b198","Wednesday","10 am–8 pm"
"0x30e29c1998155553:0xed631f396719b198","Thursday","10 am–8 pm"
"0x30e29c1998155553:0xed631f396719b198","Friday","10 am–8 pm"
"0x30e29c1998155553:0xed631f396719b198","Saturday","10 am–8 pm"
"0x30e29c1998155553:0xed631f396719b198","Sunday","10 am–8 pm"
"0x30e29914a5634c6d:0x2b6843941313d57d","Monday","10 am–8 pm"
"0x30e29914a5634c6d:0x2b6843941313d57d","Tuesday","10 am–8 pm"
"0x30e29914a5634c6d:0x2b6843941313d57d","Wednesday","10 am–8 pm"
"0x30e29914a5634c6d:0x2b6843941313d57d","Thursday","10 am–8 pm"
"0x30e29914a5634c6d:0x2b6843941313d57d","Friday","10 am–8 pm"
"0x30e29914a5634c6d:0x2b6843941313d57d","Saturday","10 am–8 pm"
"0x30e29914a5634c6d:0x2b6843941313d57d","Sunday","Closed"
"0x30e29d158d798377:0x1e7c50e1b3ba8560","Monday","10 am–8 pm"
"0x30e29d158d798377:0x1e7c50e1b3ba8560","Tuesday","10 am–8 pm"
"0x30e29d158d798377:0x1e7c50e1b3ba8560","Wednesday","10 am–8 pm"
"0x30e29d158d798377:0x1e7c50e1b3ba8560","Thursday","10 am–8 pm"
"0x30e29d158d798377:0x1e7c50e1b3ba8560","Friday","10 am–8 pm"
"0x30e29d158d798377:0x1e7c50e1b3ba8560","Saturday","10 am–8 pm"
"0x30e29d158d798377:0x1e7c50e1b3ba8560","Sunday","10 am–8 pm"
"0x30e299f6b6645c8b:0xaa44eb8ef8387eb9","Monday","11 am–8 pm"
"0x30e299f6b6645c8b:0xaa44eb8ef8387eb9","Tuesday","11 am–8 pm"
"0x30e299f6b6645c8b:0xaa44eb8ef8387eb9","Wednesday","11 am–8 pm"
"0x30e299f6b6645c8b:0xaa44eb8ef8387eb9","Thursday","11 am–8 pm"
"0x30e299f6b6645c8b:0xaa44eb8ef8387eb9","Friday","11 am–8 pm"
"0x30e299f6b6645c8b:0xaa44eb8ef8387eb9","Saturday","11 am–8 pm"
"0x30e299f6b6645c8b:0xaa44eb8ef8387eb9","Sunday","11 am–8 pm"
"0x30e29d8960f5fd69:0x55ec17b17784aada","Monday","9 AM–7 PM"
"0x30e29d8960f5fd69:0x55ec17b17784aada","Tuesday","9 AM–7 PM"
"0x30e29d8960f5fd69:0x55ec17b17784aada","Wednesday","9 AM–7 PM"
"0x30e29d8960f5fd69:0x55ec17b17784aada","Thursday","9 AM–7 PM"
"0x30e29d8960f5fd69:0x55ec17b17784aada","Friday","Closed"
"0x30e29d8960f5fd69:0x55ec17b17784aada","Saturday","9 AM–7 PM"
"0x30e29d8960f5fd69:0x55ec17b17784aada","Sunday","9 AM–7 PM"
"0x30e299147fcbe023:0x605bdf615ec86891","Monday","10 AM–8 PM"
"0x30e299147fcbe023:0x605bdf615ec86891","Tuesday","10 AM–8 PM"
"0x30e299147fcbe023:0x605bdf615ec86891","Wednesday","10 AM–8 PM"
"0x30e299147fcbe023:0x605bdf615ec86891","Thursday","10 AM–8 PM"
"0x30e299147fcbe023:0x605bdf615ec86891","Friday","10 AM–8 PM"
"0x30e299147fcbe023:0x605bdf615ec86891","Saturday","10 AM–8 PM"
"0x30e299147fcbe023:0x605bdf615ec86891","Sunday","10 AM–8 PM"
"0x30e298e454870e67:0x78a7e9329e9d5edc","Monday","9 am–7:30 pm"
"0x30e298e454870e67:0x78a7e9329e9d5edc","Tuesday","9 am–7:30 pm"
"0x30e298e454870e67:0x78a7e9329e9d5edc","Wednesday","9 am–7:30 pm"
"0x30e298e454870e67:0x78a7e9329e9d5edc","Thursday","9 am–7:30 pm"
"0x30e298e454870e67:0x78a7e9329e9d5edc","Friday","9 am–7:30 pm"
"0x30e298e454870e67:0x78a7e9329e9d5edc","Saturday","9 am–7:30 pm"
"0x30e298e454870e67:0x78a7e9329e9d5edc","Sunday","Closed"
"0x30e298e1bfbef3cb:0xffc191beda075677","Monday","5:30–8 PM"
"0x30e298e1bfbef3cb:0xffc191beda075677","Tuesday","5:30–8 PM"
"0x30e298e1bfbef3cb:0xffc191beda075677","Wednesday","5:30–8 PM"
"0x30e298e1bfbef3cb:0xffc191beda075677","Thursday","5:30–8 PM"
"0x30e298e1bfbef3cb:0xffc191beda075677","Friday","Closed"
"0x30e298e1bfbef3cb:0xffc191beda075677","Saturday","9 AM–12 PM5–8 PM"
"0x30e298e1bfbef3cb:0xffc191beda075677","Sunday","9 AM–12 PM5–8 PM"
"0x30e298dde39d098d:0x3999ec1ff147ad43","Monday","8:30 am–7 pm"
"0x30e298dde39d098d:0x3999ec1ff147ad43","Tuesday","8:30 am–7 pm"
"0x30e298dde39d098d:0x3999ec1ff147ad43","Wednesday","8:30 am–7 pm"
"0x30e298dde39d098d:0x3999ec1ff147ad43","Thursday","8:30 am–7 pm"
"0x30e298dde39d098d:0x3999ec1ff147ad43","Friday","8:30 am–7 pm"
"0x30e298dde39d098d:0x3999ec1ff147ad43","Saturday","Closed"
"0x30e298dde39d098d:0x3999ec1ff147ad43","Sunday","8:30 am–7 pm"
"0x30e29e5ab96bd301:0x198e636f2e2c9317","Monday","9 am–8 pm"
"0x30e29e5ab96bd301:0x198e636f2e2c9317","Tuesday","9 am–8 pm"
"0x30e29e5ab96bd301:0x198e636f2e2c9317","Wednesday","9 am–8 pm"
"0x30e29e5ab96bd301:0x198e636f2e2c9317","Thursday","9 am–8 pm"
"0x30e29e5ab96bd301:0x198e636f2e2c9317","Friday","9 am–8 pm"
"0x30e29e5ab96bd301:0x198e636f2e2c9317","Saturday","9 am–8 pm"
"0x30e29e5ab96bd301:0x198e636f2e2c9317","Sunday","9 am–8 pm"
"0x30e29da8905d24f9:0xe8baad0f6191a8e5","Monday","8 am–7 pm"
"0x30e29da8905d24f9:0xe8baad0f6191a8e5","Tuesday","8 am–7 pm"
"0x30e29da8905d24f9:0xe8baad0f6191a8e5","Wednesday","8 am–7 pm"
"0x30e29da8905d24f9:0xe8baad0f6191a8e5","Thursday","8 am–7 pm"
"0x30e29da8905d24f9:0xe8baad0f6191a8e5","Friday","8 am–7 pm"
"0x30e29da8905d24f9:0xe8baad0f6191a8e5","Saturday","8 am–7 pm"
"0x30e29da8905d24f9:0xe8baad0f6191a8e5","Sunday","8 am–7 pm"
"0x30e2999dcb194883:0x344955967cf663dc","Monday","10 am–8 pm"
"0x30e2999dcb194883:0x344955967cf663dc","Tuesday","10 am–8 pm"
"0x30e2999dcb194883:0x344955967cf663dc","Wednesday","10 am–8 pm"
"0x30e2999dcb194883:0x344955967cf663dc","Thursday","10 am–8 pm"
"0x30e2999dcb194883:0x344955967cf663dc","Friday","10 am–8 pm"
"0x30e2999dcb194883:0x344955967cf663dc","Saturday","10 am–8 pm"
"0x30e2999dcb194883:0x344955967cf663dc","Sunday","10 am–8 pm"
"0x30e299a059911f47:0x10dd670e3d0270f7","Monday","10 AM–8 PM"
"0x30e299a059911f47:0x10dd670e3d0270f7","Tuesday","10 AM–8 PM"
"0x30e299a059911f47:0x10dd670e3d0270f7","Wednesday","10 AM–8 PM"
"0x30e299a059911f47:0x10dd670e3d0270f7","Thursday","10 AM–8 PM"
"0x30e299a059911f47:0x10dd670e3d0270f7","Friday","10 AM–8 PM"
"0x30e299a059911f47:0x10dd670e3d0270f7","Saturday","10 AM–8 PM"
"0x30e299a059911f47:0x10dd670e3d0270f7","Sunday","10 AM–8 PM"
"0x30e299a3465c8875:0xaf06e748e002ec7","Monday","9 am–6 pm"
"0x30e299a3465c8875:0xaf06e748e002ec7","Tuesday","9 am–3 pm"
"0x30e299a3465c8875:0xaf06e748e002ec7","Wednesday","Closed"
"0x30e299a3465c8875:0xaf06e748e002ec7","Thursday","9 am–6 pm"
"0x30e299a3465c8875:0xaf06e748e002ec7","Friday","9 am–6 pm"
"0x30e299a3465c8875:0xaf06e748e002ec7","Saturday","10 am–5 pm"
"0x30e299a3465c8875:0xaf06e748e002ec7","Sunday","10 am–5 pm"
"0x30e298c293370fdd:0xeff3004e6a602141","Monday","6 AM–12 AM"
"0x30e298c293370fdd:0xeff3004e6a602141","Tuesday","6 AM–12 AM"
"0x30e298c293370fdd:0xeff3004e6a602141","Wednesday","6 AM–12 AM"
"0x30e298c293370fdd:0xeff3004e6a602141","Thursday","6 AM–12 AM"
"0x30e298c293370fdd:0xeff3004e6a602141","Friday","6 AM–12 AM"
"0x30e298c293370fdd:0xeff3004e6a602141","Saturday","6 AM–12 AM"
"0x30e298c293370fdd:0xeff3004e6a602141","Sunday","6 AM–12 AM"
"0x30e299e3afad6d41:0x3013df95688f18ab","Monday","11 AM–7:30 PM"
"0x30e299e3afad6d41:0x3013df95688f18ab","Tuesday","11 AM–7:30 PM"
"0x30e299e3afad6d41:0x3013df95688f18ab","Wednesday","11 AM–7:30 PM"
"0x30e299e3afad6d41:0x3013df95688f18ab","Thursday","11 AM–7:30 PM"
"0x30e299e3afad6d41:0x3013df95688f18ab","Friday","11 AM–7:30 PM"
"0x30e299e3afad6d41:0x3013df95688f18ab","Saturday","11 AM–7:30 PM"
"0x30e299e3afad6d41:0x3013df95688f18ab","Sunday","11 AM–7:30 PM"
"0x30e298ea61fba079:0x508db7419ac2acd9","Monday","9 AM–8 PM"
"0x30e298ea61fba079:0x508db7419ac2acd9","Tuesday","9 AM–8 PM"
"0x30e298ea61fba079:0x508db7419ac2acd9","Wednesday","9 AM–8 PM"
"0x30e298ea61fba079:0x508db7419ac2acd9","Thursday","9 AM–8 PM"
"0x30e298ea61fba079:0x508db7419ac2acd9","Friday","9 AM–8 PM"
"0x30e298ea61fba079:0x508db7419ac2acd9","Saturday","9 AM–8 PM"
"0x30e298ea61fba079:0x508db7419ac2acd9","Sunday","9 AM–8 PM"
"0x30e298c73d04fca9:0xecd43276029f34e0","Monday","9 am–8 pm"
"0x30e298c73d04fca9:0xecd43276029f34e0","Tuesday","9 am–8 pm"
"0x30e298c73d04fca9:0xecd43276029f34e0","Wednesday","9 am–8 pm"
"0x30e298c73d04fca9:0xecd43276029f34e0","Thursday","9 am–8 pm"
"0x30e298c73d04fca9:0xecd43276029f34e0","Friday","9 am–8 pm"
"0x30e298c73d04fca9:0xecd43276029f34e0","Saturday","9 am–8 pm"
"0x30e298c73d04fca9:0xecd43276029f34e0","Sunday","9 am–8 pm"
"0x30e298ea0acc6967:0x2ac4f94453589cf7","Monday","10 AM–8 PM"
"0x30e298ea0acc6967:0x2ac4f94453589cf7","Tuesday","10 AM–8 PM"
"0x30e298ea0acc6967:0x2ac4f94453589cf7","Wednesday","10 AM–8 PM"
"0x30e298ea0acc6967:0x2ac4f94453589cf7","Thursday","10 AM–8 PM"
"0x30e298ea0acc6967:0x2ac4f94453589cf7","Friday","10 AM–8 PM"
"0x30e298ea0acc6967:0x2ac4f94453589cf7","Saturday","10 AM–8 PM"
"0x30e298ea0acc6967:0x2ac4f94453589cf7","Sunday","Closed"
"0x30e29f50d553b555:0x82e51ed3bf45f65c","Monday","10 am–8 pm"
"0x30e29f50d553b555:0x82e51ed3bf45f65c","Tuesday","10 am–8 pm"
"0x30e29f50d553b555:0x82e51ed3bf45f65c","Wednesday","10 am–8 pm"
"0x30e29f50d553b555:0x82e51ed3bf45f65c","Thursday","10 am–8 pm"
"0x30e29f50d553b555:0x82e51ed3bf45f65c","Friday","10 am–8 pm"
"0x30e29f50d553b555:0x82e51ed3bf45f65c","Saturday","10 am–8 pm"
"0x30e29f50d553b555:0x82e51ed3bf45f65c","Sunday","10 am–8 pm"
"0x30e29f43327a8fc5:0xb9466a9f6ba36e11","Monday","11 am–8 pm"
"0x30e29f43327a8fc5:0xb9466a9f6ba36e11","Tuesday","11 am–8 pm"
"0x30e29f43327a8fc5:0xb9466a9f6ba36e11","Wednesday","11 am–8 pm"
"0x30e29f43327a8fc5:0xb9466a9f6ba36e11","Thursday","11 am–8 pm"
"0x30e29f43327a8fc5:0xb9466a9f6ba36e11","Friday","11 am–8 pm"
"0x30e29f43327a8fc5:0xb9466a9f6ba36e11","Saturday","11 am–8 pm"
"0x30e29f43327a8fc5:0xb9466a9f6ba36e11","Sunday","11 am–8 pm"
"0x30e299cdf41b73db:0x82bc5882d4764d32","Monday","10 AM–8 PM"
"0x30e299cdf41b73db:0x82bc5882d4764d32","Tuesday","10 AM–8 PM"
"0x30e299cdf41b73db:0x82bc5882d4764d32","Wednesday","10 AM–8 PM"
"0x30e299cdf41b73db:0x82bc5882d4764d32","Thursday","10 AM–8 PM"
"0x30e299cdf41b73db:0x82bc5882d4764d32","Friday","10 AM–8 PM"
"0x30e299cdf41b73db:0x82bc5882d4764d32","Saturday","10 AM–8 PM"
"0x30e299cdf41b73db:0x82bc5882d4764d32","Sunday","10 AM–8 PM"
"0x30e29f09709a1bb7:0xfa165aa2d4749522","Monday","10 AM–8 PM"
"0x30e29f09709a1bb7:0xfa165aa2d4749522","Tuesday","10 AM–8 PM"
"0x30e29f09709a1bb7:0xfa165aa2d4749522","Wednesday","10 AM–8 PM"
"0x30e29f09709a1bb7:0xfa165aa2d4749522","Thursday","10 AM–8 PM"
"0x30e29f09709a1bb7:0xfa165aa2d4749522","Friday","10 AM–8 PM"
"0x30e29f09709a1bb7:0xfa165aa2d4749522","Saturday","10 AM–8 PM"
"0x30e29f09709a1bb7:0xfa165aa2d4749522","Sunday","10 AM–8 PM"
"0x30e29f4f67bf1ef7:0x923a3f87699645d2","Monday","Closed"
"0x30e29f4f67bf1ef7:0x923a3f87699645d2","Tuesday","9 AM–8 PM"
"0x30e29f4f67bf1ef7:0x923a3f87699645d2","Wednesday","10 AM–8 PM"
"0x30e29f4f67bf1ef7:0x923a3f87699645d2","Thursday","10 AM–8 PM"
"0x30e29f4f67bf1ef7:0x923a3f87699645d2","Friday","10 AM–8 PM"
"0x30e29f4f67bf1ef7:0x923a3f87699645d2","Saturday","10 AM–8 PM"
"0x30e29f4f67bf1ef7:0x923a3f87699645d2","Sunday","10 AM–8 PM"
"0x30e298cf76fb7613:0x434ec7af275c2252","Monday","9 am–6 pm"
"0x30e298cf76fb7613:0x434ec7af275c2252","Tuesday","9 am–6 pm"
"0x30e298cf76fb7613:0x434ec7af275c2252","Wednesday","9 am–6 pm"
"0x30e298cf76fb7613:0x434ec7af275c2252","Thursday","9 am–6 pm"
"0x30e298cf76fb7613:0x434ec7af275c2252","Friday","9 am–6 pm"
"0x30e298cf76fb7613:0x434ec7af275c2252","Saturday","9 am–6 pm"
"0x30e298cf76fb7613:0x434ec7af275c2252","Sunday","Closed"
"0x30e29f3eb3b5da07:0xa56d1aaa5a9711ce","Monday","Closed"
"0x30e29f3eb3b5da07:0xa56d1aaa5a9711ce","Tuesday","9 am–6 pm"
"0x30e29f3eb3b5da07:0xa56d1aaa5a9711ce","Wednesday","9 am–6 pm"
"0x30e29f3eb3b5da07:0xa56d1aaa5a9711ce","Thursday","9 am–6 pm"
"0x30e29f3eb3b5da07:0xa56d1aaa5a9711ce","Friday","9 am–6 pm"
"0x30e29f3eb3b5da07:0xa56d1aaa5a9711ce","Saturday","9 am–6 pm"
"0x30e29f3eb3b5da07:0xa56d1aaa5a9711ce","Sunday","9 am–4 pm"
"0x30e29be3a7ba320f:0x3a49662e1ab22a62","Monday","7 am–6 pm"
"0x30e29be3a7ba320f:0x3a49662e1ab22a62","Tuesday","7 am–6 pm"
"0x30e29be3a7ba320f:0x3a49662e1ab22a62","Wednesday","7 am–6 pm"
"0x30e29be3a7ba320f:0x3a49662e1ab22a62","Thursday","7 am–6 pm"
"0x30e29be3a7ba320f:0x3a49662e1ab22a62","Friday","7 am–6 pm"
"0x30e29be3a7ba320f:0x3a49662e1ab22a62","Saturday","9 am–4 pm"
"0x30e29be3a7ba320f:0x3a49662e1ab22a62","Sunday","Closed"
"0x30e29e8d0c705d9f:0x5448833050277340","Monday","9 am–9 pm"
"0x30e29e8d0c705d9f:0x5448833050277340","Tuesday","9 am–9 pm"
"0x30e29e8d0c705d9f:0x5448833050277340","Wednesday","9 am–9 pm"
"0x30e29e8d0c705d9f:0x5448833050277340","Thursday","9 am–9 pm"
"0x30e29e8d0c705d9f:0x5448833050277340","Friday","9 am–9 pm"
"0x30e29e8d0c705d9f:0x5448833050277340","Saturday","9 am–9 pm"
"0x30e29e8d0c705d9f:0x5448833050277340","Sunday","9 am–9 pm"
"0x30e29d686198d17f:0xdd5b79ad906e7db3","Monday","10:30 am–8 pm"
"0x30e29d686198d17f:0xdd5b79ad906e7db3","Tuesday","10:30 am–8 pm"
"0x30e29d686198d17f:0xdd5b79ad906e7db3","Wednesday","10:30 am–8 pm"
"0x30e29d686198d17f:0xdd5b79ad906e7db3","Thursday","10:30 am–8 pm"
"0x30e29d686198d17f:0xdd5b79ad906e7db3","Friday","10:30 am–8 pm"
"0x30e29d686198d17f:0xdd5b79ad906e7db3","Saturday","10:30 am–8 pm"
"0x30e29d686198d17f:0xdd5b79ad906e7db3","Sunday","10:30 am–8 pm"
"0x30e29c5ad6020419:0xb67fc8afd72155f2","Monday","9 am–8 pm"
"0x30e29c5ad6020419:0xb67fc8afd72155f2","Tuesday","9 am–8 pm"
"0x30e29c5ad6020419:0xb67fc8afd72155f2","Wednesday","9 am–8 pm"
"0x30e29c5ad6020419:0xb67fc8afd72155f2","Thursday","9 am–8 pm"
"0x30e29c5ad6020419:0xb67fc8afd72155f2","Friday","9 am–8 pm"
"0x30e29c5ad6020419:0xb67fc8afd72155f2","Saturday","9 am–8 pm"
"0x30e29c5ad6020419:0xb67fc8afd72155f2","Sunday","9 am–8 pm"
"0x30e29b82d0b47495:0x42e00834b1ca2ad5","Monday","9 am–8 pm"
"0x30e29b82d0b47495:0x42e00834b1ca2ad5","Tuesday","9 am–8 pm"
"0x30e29b82d0b47495:0x42e00834b1ca2ad5","Wednesday","9 am–8 pm"
"0x30e29b82d0b47495:0x42e00834b1ca2ad5","Thursday","9 am–8 pm"
"0x30e29b82d0b47495:0x42e00834b1ca2ad5","Friday","9 am–8 pm"
"0x30e29b82d0b47495:0x42e00834b1ca2ad5","Saturday","9 am–8 pm"
"0x30e29b82d0b47495:0x42e00834b1ca2ad5","Sunday","9 am–8 pm"
"0x30e298b9dffe0173:0x131f4a9398eaa49b","Monday","10 am–7:30 pm"
"0x30e298b9dffe0173:0x131f4a9398eaa49b","Tuesday","10 am–7:30 pm"
"0x30e298b9dffe0173:0x131f4a9398eaa49b","Wednesday","10 am–7:30 pm"
"0x30e298b9dffe0173:0x131f4a9398eaa49b","Thursday","10 am–7:30 pm"
"0x30e298b9dffe0173:0x131f4a9398eaa49b","Friday","10 am–7:30 pm"
"0x30e298b9dffe0173:0x131f4a9398eaa49b","Saturday","10 am–7:30 pm"
"0x30e298b9dffe0173:0x131f4a9398eaa49b","Sunday","10 am–7:30 pm"
"0x30e29f05424b5eff:0xadd5a0099f205b8a","Monday","Closed"
"0x30e29f05424b5eff:0xadd5a0099f205b8a","Tuesday","9 am–3 pm"
"0x30e29f05424b5eff:0xadd5a0099f205b8a","Friday","Closed"
"0x30e29f05424b5eff:0xadd5a0099f205b8a","Saturday","9 am–3 pm"
"0x30e29f05424b5eff:0xadd5a0099f205b8a","Sunday","9 am–3 pm"
"0x30e2996d69b279f9:0x15bb4da0b7127667","Monday","10:30 am–7 pm"
"0x30e2996d69b279f9:0x15bb4da0b7127667","Tuesday","10:30 am–7 pm"
"0x30e2996d69b279f9:0x15bb4da0b7127667","Wednesday","10:30 am–7 pm"
"0x30e2996d69b279f9:0x15bb4da0b7127667","Thursday","10:30 am–7 pm"
"0x30e2996d69b279f9:0x15bb4da0b7127667","Friday","10:30 am–7 pm"
"0x30e2996d69b279f9:0x15bb4da0b7127667","Saturday","10:30 am–7 pm"
"0x30e2996d69b279f9:0x15bb4da0b7127667","Sunday","Closed"
"0x30e29f181b68631f:0xef6ed064591df77e","Monday","10 am–5 pm"
"0x30e29f181b68631f:0xef6ed064591df77e","Tuesday","10 am–5 pm"
"0x30e29f181b68631f:0xef6ed064591df77e","Wednesday","10 am–5 pm"
"0x30e29f181b68631f:0xef6ed064591df77e","Thursday","10 am–5 pm"
"0x30e29f181b68631f:0xef6ed064591df77e","Friday","10 am–5 pm"
"0x30e29f181b68631f:0xef6ed064591df77e","Saturday","Closed"
"0x30e29f181b68631f:0xef6ed064591df77e","Sunday","Closed"
"0x30e29e5fe52d0ee3:0xeb499f5e0fa8028d","Monday","10 am–8 pm"
"0x30e29e5fe52d0ee3:0xeb499f5e0fa8028d","Tuesday","10 am–8 pm"
"0x30e29e5fe52d0ee3:0xeb499f5e0fa8028d","Wednesday","10 am–8 pm"
"0x30e29e5fe52d0ee3:0xeb499f5e0fa8028d","Thursday","10 am–8 pm"
"0x30e29e5fe52d0ee3:0xeb499f5e0fa8028d","Friday","10 am–8 pm"
"0x30e29e5fe52d0ee3:0xeb499f5e0fa8028d","Saturday","10 am–8 pm"
"0x30e29e5fe52d0ee3:0xeb499f5e0fa8028d","Sunday","Closed"
"0x30e29d1977f8bea7:0x30475a4ea8504bbf","Monday","11:30 am–8:30 pm"
"0x30e29d1977f8bea7:0x30475a4ea8504bbf","Tuesday","11:30 am–8:30 pm"
"0x30e29d1977f8bea7:0x30475a4ea8504bbf","Wednesday","11:30 am–8:30 pm"
"0x30e29d1977f8bea7:0x30475a4ea8504bbf","Thursday","11:30 am–8:30 pm"
"0x30e29d1977f8bea7:0x30475a4ea8504bbf","Friday","11:30 am–8:30 pm"
"0x30e29d1977f8bea7:0x30475a4ea8504bbf","Saturday","11:30 am–8:30 pm"
"0x30e29d1977f8bea7:0x30475a4ea8504bbf","Sunday","11:30 am–8:30 pm"
"0x30e299566aa11b19:0xdf4e1208c47a2f11","Monday","10 am–8 pm"
"0x30e299566aa11b19:0xdf4e1208c47a2f11","Tuesday","10 am–8 pm"
"0x30e299566aa11b19:0xdf4e1208c47a2f11","Wednesday","10 am–8 pm"
"0x30e299566aa11b19:0xdf4e1208c47a2f11","Thursday","10 am–8 pm"
"0x30e299566aa11b19:0xdf4e1208c47a2f11","Friday","10 am–8 pm"
"0x30e299566aa11b19:0xdf4e1208c47a2f11","Saturday","10 am–8 pm"
"0x30e299566aa11b19:0xdf4e1208c47a2f11","Sunday","10 am–8 pm"
"0x30e299e77bd9d003:0xb24cffcd33192cf3","Monday","Closed"
"0x30e299e77bd9d003:0xb24cffcd33192cf3","Tuesday","10 am–8 pm"
"0x30e299e77bd9d003:0xb24cffcd33192cf3","Wednesday","10 am–8 pm"
"0x30e299e77bd9d003:0xb24cffcd33192cf3","Thursday","10 am–8 pm"
"0x30e299e77bd9d003:0xb24cffcd33192cf3","Friday","10 am–8 pm"
"0x30e299e77bd9d003:0xb24cffcd33192cf3","Saturday","10 am–8 pm"
"0x30e299e77bd9d003:0xb24cffcd33192cf3","Sunday","10 am–8 pm"
"0x30e29b550bd562f7:0xb669e98e86e70098","Monday","10 am–7:30 pm"
"0x30e29b550bd562f7:0xb669e98e86e70098","Tuesday","10 am–7:30 pm"
"0x30e29b550bd562f7:0xb669e98e86e70098","Wednesday","10 am–7:30 pm"
"0x30e29b550bd562f7:0xb669e98e86e70098","Thursday","10 am–7:30 pm"
"0x30e29b550bd562f7:0xb669e98e86e70098","Friday","10 am–7:30 pm"
"0x30e29b550bd562f7:0xb669e98e86e70098","Saturday","10 am–7:30 pm"
"0x30e29b550bd562f7:0xb669e98e86e70098","Sunday","10 am–7:30 pm"
"0x30e299bb02d4e66d:0xfee68dbd2836b77d","Monday","10:30 am–8:30 pm"
"0x30e299bb02d4e66d:0xfee68dbd2836b77d","Tuesday","10:30 am–8:30 pm"
"0x30e299bb02d4e66d:0xfee68dbd2836b77d","Wednesday","10:30 am–8:30 pm"
"0x30e299bb02d4e66d:0xfee68dbd2836b77d","Thursday","10:30 am–8:30 pm"
"0x30e299bb02d4e66d:0xfee68dbd2836b77d","Friday","10:30 am–8:30 pm"
"0x30e299bb02d4e66d:0xfee68dbd2836b77d","Saturday","10:30 am–8:30 pm"
"0x30e299bb02d4e66d:0xfee68dbd2836b77d","Sunday","10:30 am–8:30 pm"
"0x30e299a555338139:0x7a3deda6b8b4a0e8","Monday","10 am–8 pm"
"0x30e299a555338139:0x7a3deda6b8b4a0e8","Tuesday","10 am–8 pm"
"0x30e299a555338139:0x7a3deda6b8b4a0e8","Wednesday","10 am–8 pm"
"0x30e299a555338139:0x7a3deda6b8b4a0e8","Thursday","10 am–8 pm"
"0x30e299a555338139:0x7a3deda6b8b4a0e8","Friday","10 am–8 pm"
"0x30e299a555338139:0x7a3deda6b8b4a0e8","Saturday","10 am–8 pm"
"0x30e299a555338139:0x7a3deda6b8b4a0e8","Sunday","10 am–8 pm"
"0x30e29f12aaa363f1:0xcefcbb1eecaef925","Monday","Open 24 hours"
"0x30e29f12aaa363f1:0xcefcbb1eecaef925","Tuesday","Open 24 hours"
"0x30e29f12aaa363f1:0xcefcbb1eecaef925","Wednesday","Open 24 hours"
"0x30e29f12aaa363f1:0xcefcbb1eecaef925","Thursday","Open 24 hours"
"0x30e29f12aaa363f1:0xcefcbb1eecaef925","Friday","Open 24 hours"
"0x30e29f12aaa363f1:0xcefcbb1eecaef925","Saturday","Open 24 hours"
"0x30e29f12aaa363f1:0xcefcbb1eecaef925","Sunday","Open 24 hours"
"0x30e29c1771245b43:0x990a9cdb21c76e2e","Monday","10 AM–8 PM"
"0x30e29c1771245b43:0x990a9cdb21c76e2e","Tuesday","10 AM–8 PM"
"0x30e29c1771245b43:0x990a9cdb21c76e2e","Wednesday","10 AM–8 PM"
"0x30e29c1771245b43:0x990a9cdb21c76e2e","Thursday","10 AM–8 PM"
"0x30e29c1771245b43:0x990a9cdb21c76e2e","Friday","10 AM–8 PM"
"0x30e29c1771245b43:0x990a9cdb21c76e2e","Saturday","10 AM–8 PM"
"0x30e29c1771245b43:0x990a9cdb21c76e2e","Sunday","10 AM–8 PM"
"0x30e29d28079f41d7:0xbcb01bc2f8f8ac81","Monday","10 AM–8 PM"
"0x30e29d28079f41d7:0xbcb01bc2f8f8ac81","Tuesday","10 AM–8 PM"
"0x30e29d28079f41d7:0xbcb01bc2f8f8ac81","Wednesday","10 AM–8 PM"
"0x30e29d28079f41d7:0xbcb01bc2f8f8ac81","Thursday","10 AM–8 PM"
"0x30e29d28079f41d7:0xbcb01bc2f8f8ac81","Friday","10 AM–8 PM"
"0x30e29d28079f41d7:0xbcb01bc2f8f8ac81","Saturday","9 AM–7 PM"
"0x30e29d28079f41d7:0xbcb01bc2f8f8ac81","Sunday","9 AM–7 PM"
"0x30e29b2fafe38aeb:0xbc69159a78d1c6db","Monday","10 AM–8 PM"
"0x30e29b2fafe38aeb:0xbc69159a78d1c6db","Tuesday","10 AM–8 PM"
"0x30e29b2fafe38aeb:0xbc69159a78d1c6db","Wednesday","10 AM–8 PM"
"0x30e29b2fafe38aeb:0xbc69159a78d1c6db","Thursday","10 AM–8 PM"
"0x30e29b2fafe38aeb:0xbc69159a78d1c6db","Friday","10 AM–8 PM"
"0x30e29b2fafe38aeb:0xbc69159a78d1c6db","Saturday","10 AM–8 PM"
"0x30e29b2fafe38aeb:0xbc69159a78d1c6db","Sunday","10 AM–8 PM"
"0x30e2993d0f6d0679:0xd4847769ae9d2ae8","Monday","10 am–8 pm"
"0x30e2993d0f6d0679:0xd4847769ae9d2ae8","Tuesday","10 am–8 pm"
"0x30e2993d0f6d0679:0xd4847769ae9d2ae8","Wednesday","10 am–8 pm"
"0x30e2993d0f6d0679:0xd4847769ae9d2ae8","Thursday","10 am–8 pm"
"0x30e2993d0f6d0679:0xd4847769ae9d2ae8","Friday","10 am–8 pm"
"0x30e2993d0f6d0679:0xd4847769ae9d2ae8","Saturday","10 am–8 pm"
"0x30e2993d0f6d0679:0xd4847769ae9d2ae8","Sunday","10 am–6 pm"
"0x30e2995a6788c8f7:0xbe72af91f4dece1f","Monday","10 AM–8 PM"
"0x30e2995a6788c8f7:0xbe72af91f4dece1f","Tuesday","10 AM–8 PM"
"0x30e2995a6788c8f7:0xbe72af91f4dece1f","Wednesday","10 AM–8 PM"
"0x30e2995a6788c8f7:0xbe72af91f4dece1f","Thursday","10 AM–8 PM"
"0x30e2995a6788c8f7:0xbe72af91f4dece1f","Friday","10 AM–8 PM"
"0x30e2995a6788c8f7:0xbe72af91f4dece1f","Saturday","10 AM–8 PM"
"0x30e2995a6788c8f7:0xbe72af91f4dece1f","Sunday","10 AM–8 PM"
"0x30e2988b33e1be73:0x570db15168b91ad8","Monday","10 am–8 pm"
"0x30e2988b33e1be73:0x570db15168b91ad8","Tuesday","10 am–8 pm"
"0x30e2988b33e1be73:0x570db15168b91ad8","Wednesday","10 am–8 pm"
"0x30e2988b33e1be73:0x570db15168b91ad8","Thursday","10 am–8 pm"
"0x30e2988b33e1be73:0x570db15168b91ad8","Friday","10 am–8 pm"
"0x30e2988b33e1be73:0x570db15168b91ad8","Saturday","10 am–8 pm"
"0x30e2988b33e1be73:0x570db15168b91ad8","Sunday","10 am–8 pm"
"0x30e29fcbb45cbc21:0xe69c19181e057d35","Monday","10 am–8 pm"
"0x30e29fcbb45cbc21:0xe69c19181e057d35","Tuesday","10 am–8 pm"
"0x30e29fcbb45cbc21:0xe69c19181e057d35","Wednesday","10 am–8 pm"
"0x30e29fcbb45cbc21:0xe69c19181e057d35","Thursday","10 am–8 pm"
"0x30e29fcbb45cbc21:0xe69c19181e057d35","Friday","10 am–8 pm"
"0x30e29fcbb45cbc21:0xe69c19181e057d35","Saturday","10 am–8 pm"
"0x30e29fcbb45cbc21:0xe69c19181e057d35","Sunday","10 am–8 pm"
"0x30e29bcddfd72035:0xf2bd9ccd637cc063","Monday","10 am–8 pm"
"0x30e29bcddfd72035:0xf2bd9ccd637cc063","Tuesday","10 am–8 pm"
"0x30e29bcddfd72035:0xf2bd9ccd637cc063","Wednesday","10 am–8 pm"
"0x30e29bcddfd72035:0xf2bd9ccd637cc063","Thursday","10 am–8 pm"
"0x30e29bcddfd72035:0xf2bd9ccd637cc063","Friday","10 am–8 pm"
"0x30e29bcddfd72035:0xf2bd9ccd637cc063","Saturday","10 am–8 pm"
"0x30e29bcddfd72035:0xf2bd9ccd637cc063","Sunday","10 am–8 pm"
"0x30e2990d7b99b585:0x369bdc63bca57085","Monday","Closed"
"0x30e2990d7b99b585:0x369bdc63bca57085","Tuesday","10 am–7 pm"
"0x30e2990d7b99b585:0x369bdc63bca57085","Wednesday","10 am–7 pm"
"0x30e2990d7b99b585:0x369bdc63bca57085","Thursday","10 am–7 pm"
"0x30e2990d7b99b585:0x369bdc63bca57085","Friday","10 am–7 pm"
"0x30e2990d7b99b585:0x369bdc63bca57085","Saturday","10 am–7 pm"
"0x30e2990d7b99b585:0x369bdc63bca57085","Sunday","10 am–7 pm"
"0x30e29857ccc4cde3:0xb88f61a4ff02860","Monday","10 am–8 pm"
"0x30e29857ccc4cde3:0xb88f61a4ff02860","Tuesday","10 am–8 pm"
"0x30e29857ccc4cde3:0xb88f61a4ff02860","Wednesday","10 am–8 pm"
"0x30e29857ccc4cde3:0xb88f61a4ff02860","Thursday","10 am–8 pm"
"0x30e29857ccc4cde3:0xb88f61a4ff02860","Friday","10 am–8 pm"
"0x30e29857ccc4cde3:0xb88f61a4ff02860","Saturday","10 am–8 pm"
"0x30e29857ccc4cde3:0xb88f61a4ff02860","Sunday","10 am–6 pm"
"0x30e29f005d67ea7f:0x905f9f5e6211bebf","Monday","10 am–8 pm"
"0x30e29f005d67ea7f:0x905f9f5e6211bebf","Tuesday","10 am–8 pm"
"0x30e29f005d67ea7f:0x905f9f5e6211bebf","Wednesday","10 am–8 pm"
"0x30e29f005d67ea7f:0x905f9f5e6211bebf","Thursday","10 am–8 pm"
"0x30e29f005d67ea7f:0x905f9f5e6211bebf","Friday","10 am–8 pm"
"0x30e29f005d67ea7f:0x905f9f5e6211bebf","Saturday","10 am–8 pm"
"0x30e29f005d67ea7f:0x905f9f5e6211bebf","Sunday","10 am–8 pm"
"0x30e29ffe4e4524a1:0x900cade21ac6c422","Monday","9 am–8 pm"
"0x30e29ffe4e4524a1:0x900cade21ac6c422","Tuesday","9 am–8 pm"
"0x30e29ffe4e4524a1:0x900cade21ac6c422","Wednesday","9 am–8 pm"
"0x30e29ffe4e4524a1:0x900cade21ac6c422","Thursday","9 am–8 pm"
"0x30e29ffe4e4524a1:0x900cade21ac6c422","Friday","9 am–8 pm"
"0x30e29ffe4e4524a1:0x900cade21ac6c422","Saturday","9 am–8 pm"
"0x30e29ffe4e4524a1:0x900cade21ac6c422","Sunday","9 am–8 pm"
"0x30e29da9afcd3e4b:0xa65dcbb44beb6cec","Monday","10 am–8 pm"
"0x30e29da9afcd3e4b:0xa65dcbb44beb6cec","Tuesday","10 am–8 pm"
"0x30e29da9afcd3e4b:0xa65dcbb44beb6cec","Wednesday","10 am–8 pm"
"0x30e29da9afcd3e4b:0xa65dcbb44beb6cec","Thursday","10 am–8 pm"
"0x30e29da9afcd3e4b:0xa65dcbb44beb6cec","Friday","10 am–8 pm"
"0x30e29da9afcd3e4b:0xa65dcbb44beb6cec","Saturday","10 am–8 pm"
"0x30e29da9afcd3e4b:0xa65dcbb44beb6cec","Sunday","10 am–8 pm"
"0x30e29dd56963d70d:0x3db943634df00b8a","Monday","10 am–8:30 pm"
"0x30e29dd56963d70d:0x3db943634df00b8a","Tuesday","10 am–8:30 pm"
"0x30e29dd56963d70d:0x3db943634df00b8a","Wednesday","10 am–8:30 pm"
"0x30e29dd56963d70d:0x3db943634df00b8a","Thursday","10 am–8:30 pm"
"0x30e29dd56963d70d:0x3db943634df00b8a","Friday","10 am–8:30 pm"
"0x30e29dd56963d70d:0x3db943634df00b8a","Saturday","10 am–8:30 pm"
"0x30e29dd56963d70d:0x3db943634df00b8a","Sunday","10 am–8:30 pm"
"0x30e29bafb19a0615:0xa3dda20141b1e2e0","Monday","10 am–8 pm"
"0x30e29bafb19a0615:0xa3dda20141b1e2e0","Tuesday","10 am–8 pm"
"0x30e29bafb19a0615:0xa3dda20141b1e2e0","Wednesday","10 am–8 pm"
"0x30e29bafb19a0615:0xa3dda20141b1e2e0","Thursday","10 am–8 pm"
"0x30e29bafb19a0615:0xa3dda20141b1e2e0","Friday","10 am–8 pm"
"0x30e29bafb19a0615:0xa3dda20141b1e2e0","Saturday","10 am–8 pm"
"0x30e29bafb19a0615:0xa3dda20141b1e2e0","Sunday","10 am–8 pm"
"0x30e29fae8a2a70d7:0xa06fadbb84d6efb6","Monday","11 am–8:30 pm"
"0x30e29fae8a2a70d7:0xa06fadbb84d6efb6","Tuesday","11 am–8:30 pm"
"0x30e29fae8a2a70d7:0xa06fadbb84d6efb6","Wednesday","11 am–8:30 pm"
"0x30e29fae8a2a70d7:0xa06fadbb84d6efb6","Thursday","11 am–8:30 pm"
"0x30e29fae8a2a70d7:0xa06fadbb84d6efb6","Friday","11 am–8:30 pm"
"0x30e29fae8a2a70d7:0xa06fadbb84d6efb6","Saturday","11 am–8:30 pm"
"0x30e29fae8a2a70d7:0xa06fadbb84d6efb6","Sunday","11 am–8:30 pm"
"0x30e29c2291a8db29:0x14dff4a5f8c18981","Monday","10 am–8 pm"
"0x30e29c2291a8db29:0x14dff4a5f8c18981","Tuesday","10 am–8 pm"
"0x30e29c2291a8db29:0x14dff4a5f8c18981","Wednesday","Closed"
"0x30e29c2291a8db29:0x14dff4a5f8c18981","Thursday","10 am–8 pm"
"0x30e29c2291a8db29:0x14dff4a5f8c18981","Friday","10 am–8 pm"
"0x30e29c2291a8db29:0x14dff4a5f8c18981","Saturday","10 am–8 pm"
"0x30e29c2291a8db29:0x14dff4a5f8c18981","Sunday","Closed"
"0x30e29c5ab5f008a1:0xb1acc8c0c571fcae","Monday","11 am–8:30 pm"
"0x30e29c5ab5f008a1:0xb1acc8c0c571fcae","Tuesday","11 am–8:30 pm"
"0x30e29c5ab5f008a1:0xb1acc8c0c571fcae","Wednesday","11 am–8:30 pm"
"0x30e29c5ab5f008a1:0xb1acc8c0c571fcae","Thursday","11 am–8:30 pm"
"0x30e29c5ab5f008a1:0xb1acc8c0c571fcae","Friday","11 am–8:30 pm"
"0x30e29c5ab5f008a1:0xb1acc8c0c571fcae","Saturday","11 am–8:30 pm"
"0x30e29c5ab5f008a1:0xb1acc8c0c571fcae","Sunday","11 am–8:30 pm"
"0x30e29d018d198813:0x81291dc46868239","Monday","Open 24 hours"
"0x30e29d018d198813:0x81291dc46868239","Tuesday","Open 24 hours"
"0x30e29d018d198813:0x81291dc46868239","Wednesday","Open 24 hours"
"0x30e29d018d198813:0x81291dc46868239","Thursday","Open 24 hours"
"0x30e29d018d198813:0x81291dc46868239","Friday","Open 24 hours"
"0x30e29d018d198813:0x81291dc46868239","Saturday","Open 24 hours"
"0x30e29d018d198813:0x81291dc46868239","Sunday","Open 24 hours"
"0x30e29d66b73d4fdd:0x8fbe85e19011b9ac","Monday","11 am–8 pm"
"0x30e29d66b73d4fdd:0x8fbe85e19011b9ac","Tuesday","11 am–8 pm"
"0x30e29d66b73d4fdd:0x8fbe85e19011b9ac","Wednesday","11 am–8 pm"
"0x30e29d66b73d4fdd:0x8fbe85e19011b9ac","Thursday","11 am–8 pm"
"0x30e29d66b73d4fdd:0x8fbe85e19011b9ac","Friday","11 am–8 pm"
"0x30e29d66b73d4fdd:0x8fbe85e19011b9ac","Saturday","11 am–8 pm"
"0x30e29d66b73d4fdd:0x8fbe85e19011b9ac","Sunday","11 am–8 pm"
"0x30e29f514e4255df:0xb0c0fad80afcc926","Monday","11 am–6:30 pm"
"0x30e29f514e4255df:0xb0c0fad80afcc926","Tuesday","11 am–6:30 pm"
"0x30e29f514e4255df:0xb0c0fad80afcc926","Wednesday","11 am–6:30 pm"
"0x30e29f514e4255df:0xb0c0fad80afcc926","Thursday","11 am–6:30 pm"
"0x30e29f514e4255df:0xb0c0fad80afcc926","Friday","11 am–6:30 pm"
"0x30e29f514e4255df:0xb0c0fad80afcc926","Saturday","11 am–6:30 pm"
"0x30e29f514e4255df:0xb0c0fad80afcc926","Sunday","Closed"
"0x30e29f11815fd233:0x6883fef98929bb28","Monday","9:30 am–7:30 pm"
"0x30e29f11815fd233:0x6883fef98929bb28","Tuesday","9:30 am–7:30 pm"
"0x30e29f11815fd233:0x6883fef98929bb28","Wednesday","9:30 am–7:30 pm"
"0x30e29f11815fd233:0x6883fef98929bb28","Thursday","9:30 am–7:30 pm"
"0x30e29f11815fd233:0x6883fef98929bb28","Friday","9:30 am–7:30 pm"
"0x30e29f11815fd233:0x6883fef98929bb28","Saturday","9:30 am–7:30 pm"
"0x30e29f11815fd233:0x6883fef98929bb28","Sunday","9:30 am–7:30 pm"
"0x30e29d007a882e4b:0xe817d9220b24e201","Monday","12–8 pm"
"0x30e29d007a882e4b:0xe817d9220b24e201","Tuesday","12–8 pm"
"0x30e29d007a882e4b:0xe817d9220b24e201","Wednesday","12–8 pm"
"0x30e29d007a882e4b:0xe817d9220b24e201","Thursday","12–8 pm"
"0x30e29d007a882e4b:0xe817d9220b24e201","Friday","12–8 pm"
"0x30e29d007a882e4b:0xe817d9220b24e201","Saturday","9:30 am–8 pm"
"0x30e29d007a882e4b:0xe817d9220b24e201","Sunday","9:30 am–8 pm"
"0x30e2993f238aedff:0x388000f833b22e35","Monday","11 am–8 pm"
"0x30e2993f238aedff:0x388000f833b22e35","Tuesday","11 am–8 pm"
"0x30e2993f238aedff:0x388000f833b22e35","Wednesday","11 am–8 pm"
"0x30e2993f238aedff:0x388000f833b22e35","Thursday","11 am–8 pm"
"0x30e2993f238aedff:0x388000f833b22e35","Friday","11 am–8 pm"
"0x30e2993f238aedff:0x388000f833b22e35","Saturday","11 am–8 pm"
"0x30e2993f238aedff:0x388000f833b22e35","Sunday","11 am–8 pm"
"0x30e29f48e298a655:0xabefb8d60176126f","Monday","7 am–7 pm"
"0x30e29f48e298a655:0xabefb8d60176126f","Tuesday","7 am–7 pm"
"0x30e29f48e298a655:0xabefb8d60176126f","Wednesday","7 am–7 pm"
"0x30e29f48e298a655:0xabefb8d60176126f","Thursday","7 am–7 pm"
"0x30e29f48e298a655:0xabefb8d60176126f","Friday","7 am–7 pm"
"0x30e29f48e298a655:0xabefb8d60176126f","Saturday","7 am–7 pm"
"0x30e29f48e298a655:0xabefb8d60176126f","Sunday","7 am–7 pm"
"0x30e29c455f2436b7:0xc7c5489001e249e9","Monday","10 AM–8 PM"
"0x30e29c455f2436b7:0xc7c5489001e249e9","Tuesday","10 AM–8 PM"
"0x30e29c455f2436b7:0xc7c5489001e249e9","Wednesday","10 AM–8 PM"
"0x30e29c455f2436b7:0xc7c5489001e249e9","Thursday","10 AM–8 PM"
"0x30e29c455f2436b7:0xc7c5489001e249e9","Friday","10 AM–8 PM"
"0x30e29c455f2436b7:0xc7c5489001e249e9","Saturday","10 AM–8 PM"
"0x30e29c455f2436b7:0xc7c5489001e249e9","Sunday","10 AM–8 PM"
"0x30e29e9a5030c14d:0x7286e5b640947313","Monday","10 am–5 pm"
"0x30e29e9a5030c14d:0x7286e5b640947313","Tuesday","10 am–5 pm"
"0x30e29e9a5030c14d:0x7286e5b640947313","Wednesday","10 am–5 pm"
"0x30e29e9a5030c14d:0x7286e5b640947313","Thursday","10 am–5 pm"
"0x30e29e9a5030c14d:0x7286e5b640947313","Friday","10 am–5 pm"
"0x30e29e9a5030c14d:0x7286e5b640947313","Saturday","Closed"
"0x30e29e9a5030c14d:0x7286e5b640947313","Sunday","Closed"
"0x30e29c1956f2dfb1:0xb9cff716c477fc93","Monday","9 AM–8 PM"
"0x30e29c1956f2dfb1:0xb9cff716c477fc93","Tuesday","9 AM–8 PM"
"0x30e29c1956f2dfb1:0xb9cff716c477fc93","Wednesday","9 AM–8 PM"
"0x30e29c1956f2dfb1:0xb9cff716c477fc93","Thursday","9 AM–8 PM"
"0x30e29c1956f2dfb1:0xb9cff716c477fc93","Friday","9 AM–8 PM"
"0x30e29c1956f2dfb1:0xb9cff716c477fc93","Saturday","9 AM–8 PM"
"0x30e29c1956f2dfb1:0xb9cff716c477fc93","Sunday","9 AM–8 PM"
"0x30e29b94b21ebc91:0x54ff3f98db900250","Monday","10 AM–7:30 PM"
"0x30e29b94b21ebc91:0x54ff3f98db900250","Tuesday","10 AM–7:30 PM"
"0x30e29b94b21ebc91:0x54ff3f98db900250","Wednesday","10 AM–7:30 PM"
"0x30e29b94b21ebc91:0x54ff3f98db900250","Thursday","10 AM–7:30 PM"
"0x30e29b94b21ebc91:0x54ff3f98db900250","Friday","10 AM–7:30 PM"
"0x30e29b94b21ebc91:0x54ff3f98db900250","Saturday","9:30 AM–6:30 PM"
"0x30e29b94b21ebc91:0x54ff3f98db900250","Sunday","9:30 AM–6:30 PM"
"0x30e299a50faf8211:0x561cb03e9510b482","Monday","10 am–8 pm"
"0x30e299a50faf8211:0x561cb03e9510b482","Tuesday","10 am–8 pm"
"0x30e299a50faf8211:0x561cb03e9510b482","Wednesday","10 am–8 pm"
"0x30e299a50faf8211:0x561cb03e9510b482","Thursday","10 am–8 pm"
"0x30e299a50faf8211:0x561cb03e9510b482","Friday","10 am–8 pm"
"0x30e299a50faf8211:0x561cb03e9510b482","Saturday","10 am–8 pm"
"0x30e299a50faf8211:0x561cb03e9510b482","Sunday","10 am–8 pm"
"0x30e29ff904498c07:0x9344ed07dfdf5ce0","Monday","10 am–8 pm"
"0x30e29ff904498c07:0x9344ed07dfdf5ce0","Tuesday","10 am–8 pm"
"0x30e29ff904498c07:0x9344ed07dfdf5ce0","Wednesday","10 am–8 pm"
"0x30e29ff904498c07:0x9344ed07dfdf5ce0","Thursday","10 am–8 pm"
"0x30e29ff904498c07:0x9344ed07dfdf5ce0","Friday","10 am–8 pm"
"0x30e29ff904498c07:0x9344ed07dfdf5ce0","Saturday","10 am–8 pm"
"0x30e29ff904498c07:0x9344ed07dfdf5ce0","Sunday","10 am–8 pm"
"0x30e29fdc8dd2c099:0xd5e410b02b2d9890","Monday","10 am–8 pm"
"0x30e29fdc8dd2c099:0xd5e410b02b2d9890","Tuesday","10 am–8 pm"
"0x30e29fdc8dd2c099:0xd5e410b02b2d9890","Wednesday","10 am–8 pm"
"0x30e29fdc8dd2c099:0xd5e410b02b2d9890","Thursday","10 am–8 pm"
"0x30e29fdc8dd2c099:0xd5e410b02b2d9890","Friday","10 am–8 pm"
"0x30e29fdc8dd2c099:0xd5e410b02b2d9890","Saturday","10 am–8 pm"
"0x30e29fdc8dd2c099:0xd5e410b02b2d9890","Sunday","Closed"
"0x30e29e2e0f2ca54b:0x48c8ffb56df89fc8","Monday","10 am–8 pm"
"0x30e29e2e0f2ca54b:0x48c8ffb56df89fc8","Tuesday","10 am–8 pm"
"0x30e29e2e0f2ca54b:0x48c8ffb56df89fc8","Wednesday","10 am–8 pm"
"0x30e29e2e0f2ca54b:0x48c8ffb56df89fc8","Thursday","10 am–8 pm"
"0x30e29e2e0f2ca54b:0x48c8ffb56df89fc8","Friday","10 am–8 pm"
"0x30e29e2e0f2ca54b:0x48c8ffb56df89fc8","Saturday","10 am–8 pm"
"0x30e29e2e0f2ca54b:0x48c8ffb56df89fc8","Sunday","10 am–8 pm"
"0x30e29f9a93cce355:0x2e36e515c273299a","Monday","10 am–7:30 pm"
"0x30e29f9a93cce355:0x2e36e515c273299a","Tuesday","10 am–7:30 pm"
"0x30e29f9a93cce355:0x2e36e515c273299a","Wednesday","10 am–7:30 pm"
"0x30e29f9a93cce355:0x2e36e515c273299a","Thursday","10 am–7:30 pm"
"0x30e29f9a93cce355:0x2e36e515c273299a","Friday","10 am–7:30 pm"
"0x30e29f9a93cce355:0x2e36e515c273299a","Saturday","10 am–7:30 pm"
"0x30e29f9a93cce355:0x2e36e515c273299a","Sunday","10 am–7 pm"
"0x30e299764abab7db:0x3d22aaefc94f6865","Monday","11 am–8 pm"
"0x30e299764abab7db:0x3d22aaefc94f6865","Tuesday","11 am–8 pm"
"0x30e299764abab7db:0x3d22aaefc94f6865","Wednesday","11 am–8 pm"
"0x30e299764abab7db:0x3d22aaefc94f6865","Thursday","11 am–8 pm"
"0x30e299764abab7db:0x3d22aaefc94f6865","Friday","11 am–8 pm"
"0x30e299764abab7db:0x3d22aaefc94f6865","Saturday","11 am–8 pm"
"0x30e299764abab7db:0x3d22aaefc94f6865","Sunday","11 am–8 pm"
"0x30e29856d5170811:0x6388585415b05d2a","Monday","10 am–7:30 pm"
"0x30e29856d5170811:0x6388585415b05d2a","Tuesday","10 am–7:30 pm"
"0x30e29856d5170811:0x6388585415b05d2a","Wednesday","10 am–7:30 pm"
"0x30e29856d5170811:0x6388585415b05d2a","Thursday","10 am–7:30 pm"
"0x30e29856d5170811:0x6388585415b05d2a","Friday","10 am–7:30 pm"
"0x30e29856d5170811:0x6388585415b05d2a","Saturday","10 am–7:30 pm"
"0x30e29856d5170811:0x6388585415b05d2a","Sunday","10 am–4 pm"
"0x30e297c49b3d7001:0xc7628dd14c32b859","Monday","10 am–8 pm"
"0x30e297c49b3d7001:0xc7628dd14c32b859","Tuesday","10 am–8 pm"
"0x30e297c49b3d7001:0xc7628dd14c32b859","Wednesday","10 am–8 pm"
"0x30e297c49b3d7001:0xc7628dd14c32b859","Thursday","10 am–8 pm"
"0x30e297c49b3d7001:0xc7628dd14c32b859","Friday","10 am–8 pm"
"0x30e297c49b3d7001:0xc7628dd14c32b859","Saturday","10 am–8 pm"
"0x30e297c49b3d7001:0xc7628dd14c32b859","Sunday","10 am–8 pm"
"0x30e29dfddc3a1817:0x3bd53cd8abc52f13","Monday","10 am–8 pm"
"0x30e29dfddc3a1817:0x3bd53cd8abc52f13","Tuesday","10 am–8 pm"
"0x30e29dfddc3a1817:0x3bd53cd8abc52f13","Wednesday","10 am–8 pm"
"0x30e29dfddc3a1817:0x3bd53cd8abc52f13","Thursday","10 am–8 pm"
"0x30e29dfddc3a1817:0x3bd53cd8abc52f13","Friday","10 am–8 pm"
"0x30e29dfddc3a1817:0x3bd53cd8abc52f13","Saturday","10 am–8 pm"
"0x30e29dfddc3a1817:0x3bd53cd8abc52f13","Sunday","10 am–8 pm"
"0x30e29d8a2b142cf9:0x55b0277e80e04af3","Monday","10 am–8:30 pm"
"0x30e29d8a2b142cf9:0x55b0277e80e04af3","Tuesday","10 am–8:30 pm"
"0x30e29d8a2b142cf9:0x55b0277e80e04af3","Wednesday","10 am–8:30 pm"
"0x30e29d8a2b142cf9:0x55b0277e80e04af3","Thursday","10 am–8:30 pm"
"0x30e29d8a2b142cf9:0x55b0277e80e04af3","Friday","10 am–8:30 pm"
"0x30e29d8a2b142cf9:0x55b0277e80e04af3","Saturday","10 am–8:30 pm"
"0x30e29d8a2b142cf9:0x55b0277e80e04af3","Sunday","10 am–8:30 pm"
"0x30e29da2bdcbffe3:0xa13fbfc530545434","Monday","10 am–8 pm"
"0x30e29da2bdcbffe3:0xa13fbfc530545434","Tuesday","10 am–8 pm"
"0x30e29da2bdcbffe3:0xa13fbfc530545434","Wednesday","10 am–8 pm"
"0x30e29da2bdcbffe3:0xa13fbfc530545434","Thursday","10 am–8 pm"
"0x30e29da2bdcbffe3:0xa13fbfc530545434","Friday","10 am–8 pm"
"0x30e29da2bdcbffe3:0xa13fbfc530545434","Saturday","10 am–8 pm"
"0x30e29da2bdcbffe3:0xa13fbfc530545434","Sunday","10 am–8 pm"
"0x30e29b3357bec819:0x799e1e3f5c3f9b46","Monday","10 am–7:30 pm"
"0x30e29b3357bec819:0x799e1e3f5c3f9b46","Tuesday","10 am–7:30 pm"
"0x30e29b3357bec819:0x799e1e3f5c3f9b46","Wednesday","10 am–7:30 pm"
"0x30e29b3357bec819:0x799e1e3f5c3f9b46","Thursday","10 am–7:30 pm"
"0x30e29b3357bec819:0x799e1e3f5c3f9b46","Friday","10 am–7:30 pm"
"0x30e29b3357bec819:0x799e1e3f5c3f9b46","Saturday","10 am–7:30 pm"
"0x30e29b3357bec819:0x799e1e3f5c3f9b46","Sunday","Closed"
"0x30e29dea8f081e05:0x232fb52adf83c048","Monday","10 am–7 pm"
"0x30e29dea8f081e05:0x232fb52adf83c048","Tuesday","Closed"
"0x30e29dea8f081e05:0x232fb52adf83c048","Wednesday","10 am–7 pm"
"0x30e29dea8f081e05:0x232fb52adf83c048","Thursday","10 am–7 pm"
"0x30e29dea8f081e05:0x232fb52adf83c048","Friday","10 am–7 pm"
"0x30e29dea8f081e05:0x232fb52adf83c048","Saturday","10 am–7 pm"
"0x30e29dea8f081e05:0x232fb52adf83c048","Sunday","10 am–7 pm"
"0x30e29cfd0101df13:0xdfe1ddc8ff466622","Monday","10 am–6 pm"
"0x30e29cfd0101df13:0xdfe1ddc8ff466622","Tuesday","10 am–6 pm"
"0x30e29cfd0101df13:0xdfe1ddc8ff466622","Wednesday","10 am–6 pm"
"0x30e29cfd0101df13:0xdfe1ddc8ff466622","Thursday","10 am–6 pm"
"0x30e29cfd0101df13:0xdfe1ddc8ff466622","Friday","10 am–6 pm"
"0x30e29cfd0101df13:0xdfe1ddc8ff466622","Saturday","10 am–6 pm"
"0x30e29cfd0101df13:0xdfe1ddc8ff466622","Sunday","10 am–6 pm"
"0x30e29b16a1437dd9:0x75cb0f41e96cba11","Monday","10 am–8 pm"
"0x30e29b16a1437dd9:0x75cb0f41e96cba11","Tuesday","10 am–8 pm"
"0x30e29b16a1437dd9:0x75cb0f41e96cba11","Wednesday","10 am–8 pm"
"0x30e29b16a1437dd9:0x75cb0f41e96cba11","Thursday","10 am–8 pm"
"0x30e29b16a1437dd9:0x75cb0f41e96cba11","Friday","10 am–8 pm"
"0x30e29b16a1437dd9:0x75cb0f41e96cba11","Saturday","10 am–8 pm"
"0x30e29b16a1437dd9:0x75cb0f41e96cba11","Sunday","10 am–8 pm"
"0x30e29bd3e5ae0beb:0x23afc7ec2e768a79","Monday","10:30 AM–8 PM"
"0x30e29bd3e5ae0beb:0x23afc7ec2e768a79","Tuesday","10:30 AM–8 PM"
"0x30e29bd3e5ae0beb:0x23afc7ec2e768a79","Wednesday","10:30 AM–8 PM"
"0x30e29bd3e5ae0beb:0x23afc7ec2e768a79","Thursday","10:30 AM–8 PM"
"0x30e29bd3e5ae0beb:0x23afc7ec2e768a79","Friday","10:30 AM–8 PM"
"0x30e29bd3e5ae0beb:0x23afc7ec2e768a79","Saturday","10:30 AM–8 PM"
"0x30e29bd3e5ae0beb:0x23afc7ec2e768a79","Sunday","10:30 AM–8 PM"
"0x30e29a725958efff:0x2ba9d4c0c411d52e","Monday","10 am–7 pm"
"0x30e29a725958efff:0x2ba9d4c0c411d52e","Tuesday","10 am–7 pm"
"0x30e29a725958efff:0x2ba9d4c0c411d52e","Wednesday","10 am–7 pm"
"0x30e29a725958efff:0x2ba9d4c0c411d52e","Thursday","10 am–7 pm"
"0x30e29a725958efff:0x2ba9d4c0c411d52e","Friday","10 am–7 pm"
"0x30e29a725958efff:0x2ba9d4c0c411d52e","Saturday","9 am–6 pm"
"0x30e29a725958efff:0x2ba9d4c0c411d52e","Sunday","9 am–6 pm"
"0x30e2995e56d381f3:0xfb6312525787e4d9","Monday","11 am–8 pm"
"0x30e2995e56d381f3:0xfb6312525787e4d9","Tuesday","11 am–8 pm"
"0x30e2995e56d381f3:0xfb6312525787e4d9","Wednesday","11 am–8 pm"
"0x30e2995e56d381f3:0xfb6312525787e4d9","Thursday","11 am–8 pm"
"0x30e2995e56d381f3:0xfb6312525787e4d9","Friday","11 am–8 pm"
"0x30e2995e56d381f3:0xfb6312525787e4d9","Saturday","11 am–8 pm"
"0x30e2995e56d381f3:0xfb6312525787e4d9","Sunday","11 am–8 pm"
"0x30e29782154a212d:0xb81555a46c41dbd2","Monday","10 am–8 pm"
"0x30e29782154a212d:0xb81555a46c41dbd2","Tuesday","10 am–8 pm"
"0x30e29782154a212d:0xb81555a46c41dbd2","Wednesday","10 am–8 pm"
"0x30e29782154a212d:0xb81555a46c41dbd2","Thursday","10 am–8 pm"
"0x30e29782154a212d:0xb81555a46c41dbd2","Friday","10 am–8 pm"
"0x30e29782154a212d:0xb81555a46c41dbd2","Saturday","9 am–8 pm"
"0x30e29782154a212d:0xb81555a46c41dbd2","Sunday","10 am–8 pm"
"0x30e2bd52a6503d2f:0x81b114de87647fc","Monday","9 am–7 pm"
"0x30e2bd52a6503d2f:0x81b114de87647fc","Tuesday","9 am–7 pm"
"0x30e2bd52a6503d2f:0x81b114de87647fc","Wednesday","9 am–7 pm"
"0x30e2bd52a6503d2f:0x81b114de87647fc","Thursday","9 am–7 pm"
"0x30e2bd52a6503d2f:0x81b114de87647fc","Friday","9 am–7 pm"
"0x30e2bd52a6503d2f:0x81b114de87647fc","Saturday","9 am–7 pm"
"0x30e2bd52a6503d2f:0x81b114de87647fc","Sunday","9 am–7 pm"
"0x30e2977cafc85db9:0x96aeb55d748000a4","Monday","11 am–8 pm"
"0x30e2977cafc85db9:0x96aeb55d748000a4","Tuesday","11 am–8 pm"
"0x30e2977cafc85db9:0x96aeb55d748000a4","Wednesday","11 am–8 pm"
"0x30e2977cafc85db9:0x96aeb55d748000a4","Thursday","11 am–8 pm"
"0x30e2977cafc85db9:0x96aeb55d748000a4","Friday","11 am–8 pm"
"0x30e2977cafc85db9:0x96aeb55d748000a4","Saturday","11 am–8 pm"
"0x30e2977cafc85db9:0x96aeb55d748000a4","Sunday","11 am–8 pm"
"0x30e29ff7efd816fb:0x6fc8a5bd8be3be10","Monday","10:30 am–7:30 pm"
"0x30e29ff7efd816fb:0x6fc8a5bd8be3be10","Tuesday","10:30 am–7:30 pm"
"0x30e29ff7efd816fb:0x6fc8a5bd8be3be10","Wednesday","10:30 am–7:30 pm"
"0x30e29ff7efd816fb:0x6fc8a5bd8be3be10","Thursday","10:30 am–7:30 pm"
"0x30e29ff7efd816fb:0x6fc8a5bd8be3be10","Friday","10:30 am–12 am"
"0x30e29ff7efd816fb:0x6fc8a5bd8be3be10","Saturday","12–7:30 am10:30 am–12 am"
"0x30e29ff7efd816fb:0x6fc8a5bd8be3be10","Sunday","12–7:30 am10:30 am–7:30 pm"
"0x30e29be9cf7a7f19:0x7f8dd0e5bc3a4466","Monday","8:30 am–8 pm"
"0x30e29be9cf7a7f19:0x7f8dd0e5bc3a4466","Tuesday","8:30 am–8 pm"
"0x30e29be9cf7a7f19:0x7f8dd0e5bc3a4466","Wednesday","8:30 am–8 pm"
"0x30e29be9cf7a7f19:0x7f8dd0e5bc3a4466","Thursday","8:30 am–8 pm"
"0x30e29be9cf7a7f19:0x7f8dd0e5bc3a4466","Friday","8:30 am–8 pm"
"0x30e29be9cf7a7f19:0x7f8dd0e5bc3a4466","Saturday","Closed"
"0x30e29be9cf7a7f19:0x7f8dd0e5bc3a4466","Sunday","Closed"
"0x30e29f81891b5f77:0x8f5fd4128fa707b6","Monday","7:30 am–4 pm"
"0x30e29f81891b5f77:0x8f5fd4128fa707b6","Tuesday","7:30 am–4 pm"
"0x30e29f81891b5f77:0x8f5fd4128fa707b6","Wednesday","7:30 am–4 pm"
"0x30e29f81891b5f77:0x8f5fd4128fa707b6","Thursday","7:30 am–4 pm"
"0x30e29f81891b5f77:0x8f5fd4128fa707b6","Friday","7:30 am–4 pm"
"0x30e29f81891b5f77:0x8f5fd4128fa707b6","Saturday","Closed"
"0x30e29f81891b5f77:0x8f5fd4128fa707b6","Sunday","Closed"
"0x30e29f2baa0d02a9:0x90cf32b172dfc46c","Monday","9 AM–7:30 PM"
"0x30e29f2baa0d02a9:0x90cf32b172dfc46c","Tuesday","9 AM–7:30 PM"
"0x30e29f2baa0d02a9:0x90cf32b172dfc46c","Wednesday","9 AM–7:30 PM"
"0x30e29f2baa0d02a9:0x90cf32b172dfc46c","Thursday","9 AM–7:30 PM"
"0x30e29f2baa0d02a9:0x90cf32b172dfc46c","Friday","9 AM–7:30 PM"
"0x30e29f2baa0d02a9:0x90cf32b172dfc46c","Saturday","9 AM–7:30 PM"
"0x30e29f2baa0d02a9:0x90cf32b172dfc46c","Sunday","9 AM–7:30 PM"
"0x311d61ec73bc01c3:0x1fb0433e75db6787","Monday","9 am–7 pm"
"0x311d61ec73bc01c3:0x1fb0433e75db6787","Tuesday","9 am–7 pm"
"0x311d61ec73bc01c3:0x1fb0433e75db6787","Wednesday","Closed"
"0x311d61ec73bc01c3:0x1fb0433e75db6787","Thursday","9 am–7 pm"
"0x311d61ec73bc01c3:0x1fb0433e75db6787","Friday","9 am–7 pm"
"0x311d61ec73bc01c3:0x1fb0433e75db6787","Saturday","9 am–7 pm"
"0x311d61ec73bc01c3:0x1fb0433e75db6787","Sunday","9 am–7 pm"
"0x30e2990002a1dd67:0xe327c24f593f2586","Monday","10 AM–8 PM"
"0x30e2990002a1dd67:0xe327c24f593f2586","Tuesday","10 AM–8 PM"
"0x30e2990002a1dd67:0xe327c24f593f2586","Wednesday","10 AM–8 PM"
"0x30e2990002a1dd67:0xe327c24f593f2586","Thursday","10 AM–8 PM"
"0x30e2990002a1dd67:0xe327c24f593f2586","Friday","10 AM–8 PM"
"0x30e2990002a1dd67:0xe327c24f593f2586","Saturday","10 AM–8 PM"
"0x30e2990002a1dd67:0xe327c24f593f2586","Sunday","10 AM–8 PM"
"0x30e29f0f29675cdd:0xb632a1f6bad32527","Monday","10 AM–8 PM"
"0x30e29f0f29675cdd:0xb632a1f6bad32527","Tuesday","10 AM–8 PM"
"0x30e29f0f29675cdd:0xb632a1f6bad32527","Wednesday","10 AM–8 PM"
"0x30e29f0f29675cdd:0xb632a1f6bad32527","Thursday","10 AM–8 PM"
"0x30e29f0f29675cdd:0xb632a1f6bad32527","Friday","10 AM–8 PM"
"0x30e29f0f29675cdd:0xb632a1f6bad32527","Saturday","10 AM–8 PM"
"0x30e29f0f29675cdd:0xb632a1f6bad32527","Sunday","10 AM–8 PM"
"0x30e29f068d9e2ba5:0xcea06b642226baac","Monday","8:30 am–8 pm"
"0x30e29f068d9e2ba5:0xcea06b642226baac","Tuesday","8:30 am–8 pm"
"0x30e29f068d9e2ba5:0xcea06b642226baac","Wednesday","8:30 am–8 pm"
"0x30e29f068d9e2ba5:0xcea06b642226baac","Thursday","8:30 am–8 pm"
"0x30e29f068d9e2ba5:0xcea06b642226baac","Friday","8:30 am–8 pm"
"0x30e29f068d9e2ba5:0xcea06b642226baac","Saturday","8:30 am–8 pm"
"0x30e29f068d9e2ba5:0xcea06b642226baac","Sunday","8:30 am–3 pm"
"0x30e29f027ff95dcb:0x3787d7f8189d2ebd","Monday","7 am–2 pm"
"0x30e29f027ff95dcb:0x3787d7f8189d2ebd","Tuesday","7 am–2 pm"
"0x30e29f027ff95dcb:0x3787d7f8189d2ebd","Wednesday","7 am–2 pm"
"0x30e29f027ff95dcb:0x3787d7f8189d2ebd","Thursday","7 am–2 pm"
"0x30e29f027ff95dcb:0x3787d7f8189d2ebd","Friday","7 am–2 pm"
"0x30e29f027ff95dcb:0x3787d7f8189d2ebd","Saturday","7 am–12 pm"
"0x30e29f027ff95dcb:0x3787d7f8189d2ebd","Sunday","7 am–12 pm"
"0x30e29934c2287ebf:0x454a117828fb5d67","Monday","10 am–8 pm"
"0x30e29934c2287ebf:0x454a117828fb5d67","Tuesday","10 am–8 pm"
"0x30e29934c2287ebf:0x454a117828fb5d67","Wednesday","10 am–8 pm"
"0x30e29934c2287ebf:0x454a117828fb5d67","Thursday","10 am–8 pm"
"0x30e29934c2287ebf:0x454a117828fb5d67","Friday","10 am–8 pm"
"0x30e29934c2287ebf:0x454a117828fb5d67","Saturday","10 am–8 pm"
"0x30e29934c2287ebf:0x454a117828fb5d67","Sunday","10 am–8 pm"
"0x30e29f2c3ac8d56d:0x2d7faa2bdddb4bd2","Monday","10 AM–8 PM"
"0x30e29f2c3ac8d56d:0x2d7faa2bdddb4bd2","Tuesday","10 AM–8 PM"
"0x30e29f2c3ac8d56d:0x2d7faa2bdddb4bd2","Wednesday","10 AM–8 PM"
"0x30e29f2c3ac8d56d:0x2d7faa2bdddb4bd2","Thursday","10 AM–8 PM"
"0x30e29f2c3ac8d56d:0x2d7faa2bdddb4bd2","Friday","10 AM–8 PM"
"0x30e29f2c3ac8d56d:0x2d7faa2bdddb4bd2","Saturday","10 AM–8 PM"
"0x30e29f2c3ac8d56d:0x2d7faa2bdddb4bd2","Sunday","10 AM–8 PM"
"0x30e29f021845bc29:0x32f79a0d287b39cc","Monday","10 am–7 pm"
"0x30e29f021845bc29:0x32f79a0d287b39cc","Tuesday","10 am–7 pm"
"0x30e29f021845bc29:0x32f79a0d287b39cc","Wednesday","10 am–7 pm"
"0x30e29f021845bc29:0x32f79a0d287b39cc","Thursday","10 am–7 pm"
"0x30e29f021845bc29:0x32f79a0d287b39cc","Friday","10 am–7 pm"
"0x30e29f021845bc29:0x32f79a0d287b39cc","Saturday","9 am–7 pm"
"0x30e29f021845bc29:0x32f79a0d287b39cc","Sunday","9 am–7 pm"
"0x30e29f9557349273:0xac81c1187e831932","Monday","7 AM–2 PM"
"0x30e29f9557349273:0xac81c1187e831932","Tuesday","7 AM–2 PM"
"0x30e29f9557349273:0xac81c1187e831932","Wednesday","7 AM–2 PM"
"0x30e29f9557349273:0xac81c1187e831932","Thursday","7 AM–2 PM"
"0x30e29f9557349273:0xac81c1187e831932","Friday","7 AM–2 PM"
"0x30e29f9557349273:0xac81c1187e831932","Saturday","Closed"
"0x30e29f9557349273:0xac81c1187e831932","Sunday","Closed"
"0x30e29f005cb1ff4d:0x1eef80b9e1bf9bbf","Monday","10:30 AM–8 PM"
"0x30e29f005cb1ff4d:0x1eef80b9e1bf9bbf","Tuesday","10:30 AM–8 PM"
"0x30e29f005cb1ff4d:0x1eef80b9e1bf9bbf","Wednesday","10:30 AM–8 PM"
"0x30e29f005cb1ff4d:0x1eef80b9e1bf9bbf","Thursday","10:30 AM–8 PM"
"0x30e29f005cb1ff4d:0x1eef80b9e1bf9bbf","Friday","10:30 AM–8 PM"
"0x30e29f005cb1ff4d:0x1eef80b9e1bf9bbf","Saturday","10:30 AM–8 PM"
"0x30e29f005cb1ff4d:0x1eef80b9e1bf9bbf","Sunday","10:30 AM–8 PM"
"0x30e29c352bbeb27b:0x9474c6e9a6d4e87","Monday","10 AM–8 PM"
"0x30e29c352bbeb27b:0x9474c6e9a6d4e87","Tuesday","10 AM–8 PM"
"0x30e29c352bbeb27b:0x9474c6e9a6d4e87","Wednesday","10 AM–8 PM"
"0x30e29c352bbeb27b:0x9474c6e9a6d4e87","Thursday","10 AM–8 PM"
"0x30e29c352bbeb27b:0x9474c6e9a6d4e87","Friday","10 AM–8 PM"
"0x30e29c352bbeb27b:0x9474c6e9a6d4e87","Saturday","10 AM–8 PM"
"0x30e29c352bbeb27b:0x9474c6e9a6d4e87","Sunday","10 AM–8 PM"
"0x30e2994ee56332f3:0x85144cefc3e32ae5","Monday","10 am–8 pm"
"0x30e2994ee56332f3:0x85144cefc3e32ae5","Tuesday","10 am–8 pm"
"0x30e2994ee56332f3:0x85144cefc3e32ae5","Wednesday","10 am–8 pm"
"0x30e2994ee56332f3:0x85144cefc3e32ae5","Thursday","10 am–8 pm"
"0x30e2994ee56332f3:0x85144cefc3e32ae5","Friday","10 am–8 pm"
"0x30e2994ee56332f3:0x85144cefc3e32ae5","Saturday","10 am–8 pm"
"0x30e2994ee56332f3:0x85144cefc3e32ae5","Sunday","10 am–8 pm"
"0x30e2994ad04f5897:0x9b5efe99070727f5","Monday","11 AM–8 PM"
"0x30e2994ad04f5897:0x9b5efe99070727f5","Tuesday","11 AM–8 PM"
"0x30e2994ad04f5897:0x9b5efe99070727f5","Wednesday","11 AM–8 PM"
"0x30e2994ad04f5897:0x9b5efe99070727f5","Thursday","11 AM–8 PM"
"0x30e2994ad04f5897:0x9b5efe99070727f5","Friday","11 AM–8 PM"
"0x30e2994ad04f5897:0x9b5efe99070727f5","Saturday","11 AM–8 PM"
"0x30e2994ad04f5897:0x9b5efe99070727f5","Sunday","11 AM–8 PM"
"0x30e29f912d54ed85:0x1e86066451694962","Monday","Open 24 hours"
"0x30e29f912d54ed85:0x1e86066451694962","Tuesday","Open 24 hours"
"0x30e29f912d54ed85:0x1e86066451694962","Wednesday","Open 24 hours"
"0x30e29f912d54ed85:0x1e86066451694962","Thursday","Open 24 hours"
"0x30e29f912d54ed85:0x1e86066451694962","Friday","Open 24 hours"
"0x30e29f912d54ed85:0x1e86066451694962","Saturday","Open 24 hours"
"0x30e29f912d54ed85:0x1e86066451694962","Sunday","Open 24 hours"
"0x30e299276bcced59:0xd8b943ddc172f556","Monday","10 AM–8 PM"
"0x30e299276bcced59:0xd8b943ddc172f556","Tuesday","10 AM–8 PM"
"0x30e299276bcced59:0xd8b943ddc172f556","Wednesday","10 AM–8 PM"
"0x30e299276bcced59:0xd8b943ddc172f556","Thursday","10 AM–8 PM"
"0x30e299276bcced59:0xd8b943ddc172f556","Friday","10 AM–8 PM"
"0x30e299276bcced59:0xd8b943ddc172f556","Saturday","10 AM–8 PM"
"0x30e299276bcced59:0xd8b943ddc172f556","Sunday","10 AM–8 PM"
"0x30e2991c70aadca7:0x8b3d16f6e7ba1da9","Monday","10 AM–8 PM"
"0x30e2991c70aadca7:0x8b3d16f6e7ba1da9","Tuesday","10 AM–8 PM"
"0x30e2991c70aadca7:0x8b3d16f6e7ba1da9","Wednesday","10 AM–8 PM"
"0x30e2991c70aadca7:0x8b3d16f6e7ba1da9","Thursday","10 AM–8 PM"
"0x30e2991c70aadca7:0x8b3d16f6e7ba1da9","Friday","10 AM–8 PM"
"0x30e2991c70aadca7:0x8b3d16f6e7ba1da9","Saturday","10 AM–8 PM"
"0x30e2991c70aadca7:0x8b3d16f6e7ba1da9","Sunday","10 AM–8 PM"
"0x30e29c179fbd2907:0x58a4dc3db39d514d","Monday","Open 24 hours"
"0x30e29c179fbd2907:0x58a4dc3db39d514d","Tuesday","Open 24 hours"
"0x30e29c179fbd2907:0x58a4dc3db39d514d","Wednesday","Open 24 hours"
"0x30e29c179fbd2907:0x58a4dc3db39d514d","Thursday","Open 24 hours"
"0x30e29c179fbd2907:0x58a4dc3db39d514d","Friday","Open 24 hours"
"0x30e29c179fbd2907:0x58a4dc3db39d514d","Saturday","Open 24 hours"
"0x30e29c179fbd2907:0x58a4dc3db39d514d","Sunday","Open 24 hours"
"0x30e29d503dd6c947:0x64530a4542f7717","Monday","10 am–8 pm"
"0x30e29d503dd6c947:0x64530a4542f7717","Tuesday","10 am–8 pm"
"0x30e29d503dd6c947:0x64530a4542f7717","Wednesday","10 am–8 pm"
"0x30e29d503dd6c947:0x64530a4542f7717","Thursday","10 am–8 pm"
"0x30e29d503dd6c947:0x64530a4542f7717","Friday","10 am–8 pm"
"0x30e29d503dd6c947:0x64530a4542f7717","Saturday","10 am–8 pm"
"0x30e29d503dd6c947:0x64530a4542f7717","Sunday","10 am–8 pm"
"0x30e2a1dc4fd3315b:0x9316cfee3667b798","Monday","10 am–8 pm"
"0x30e2a1dc4fd3315b:0x9316cfee3667b798","Tuesday","10 am–8 pm"
"0x30e2a1dc4fd3315b:0x9316cfee3667b798","Wednesday","10 am–8 pm"
"0x30e2a1dc4fd3315b:0x9316cfee3667b798","Thursday","10 am–8 pm"
"0x30e2a1dc4fd3315b:0x9316cfee3667b798","Friday","10 am–8 pm"
"0x30e2a1dc4fd3315b:0x9316cfee3667b798","Saturday","10 am–8 pm"
"0x30e2a1dc4fd3315b:0x9316cfee3667b798","Sunday","10 am–8 pm"
"0x30e29961ce65a5c9:0x15bcd269acd68ae","Monday","8:30 am–6:30 pm"
"0x30e29961ce65a5c9:0x15bcd269acd68ae","Tuesday","8:30 am–6:30 pm"
"0x30e29961ce65a5c9:0x15bcd269acd68ae","Wednesday","8:30 am–6:30 pm"
"0x30e29961ce65a5c9:0x15bcd269acd68ae","Thursday","8:30 am–6:30 pm"
"0x30e29961ce65a5c9:0x15bcd269acd68ae","Friday","8:30 am–6:30 pm"
"0x30e29961ce65a5c9:0x15bcd269acd68ae","Saturday","8:30 am–6:30 pm"
"0x30e29961ce65a5c9:0x15bcd269acd68ae","Sunday","8:30 am–6:30 pm"
"0x30e29f74f476402f:0x735daeaed111864b","Monday","9 am–9 pm"
"0x30e29f74f476402f:0x735daeaed111864b","Tuesday","9 am–9 pm"
"0x30e29f74f476402f:0x735daeaed111864b","Wednesday","9 am–9 pm"
"0x30e29f74f476402f:0x735daeaed111864b","Thursday","9 am–9 pm"
"0x30e29f74f476402f:0x735daeaed111864b","Friday","9 am–9 pm"
"0x30e29f74f476402f:0x735daeaed111864b","Saturday","9 am–9 pm"
"0x30e29f74f476402f:0x735daeaed111864b","Sunday","9 am–9 pm"
"0x30e29ff6efd84e3b:0x5d4a65a39e7ebc85","Monday","11 am–8 pm"
"0x30e29ff6efd84e3b:0x5d4a65a39e7ebc85","Tuesday","11 am–8 pm"
"0x30e29ff6efd84e3b:0x5d4a65a39e7ebc85","Wednesday","11 am–8 pm"
"0x30e29ff6efd84e3b:0x5d4a65a39e7ebc85","Thursday","11 am–8 pm"
"0x30e29ff6efd84e3b:0x5d4a65a39e7ebc85","Friday","11 am–8 pm"
"0x30e29ff6efd84e3b:0x5d4a65a39e7ebc85","Saturday","11 am–8 pm"
"0x30e29ff6efd84e3b:0x5d4a65a39e7ebc85","Sunday","11 am–8 pm"
"0x30e29babd8a5b4f7:0xa0a61a74c644eb25","Monday","10 am–8 pm"
"0x30e29babd8a5b4f7:0xa0a61a74c644eb25","Tuesday","10 am–8 pm"
"0x30e29babd8a5b4f7:0xa0a61a74c644eb25","Wednesday","10 am–8 pm"
"0x30e29babd8a5b4f7:0xa0a61a74c644eb25","Thursday","10 am–8 pm"
"0x30e29babd8a5b4f7:0xa0a61a74c644eb25","Friday","10 am–8 pm"
"0x30e29babd8a5b4f7:0xa0a61a74c644eb25","Saturday","10 am–8 pm"
"0x30e29babd8a5b4f7:0xa0a61a74c644eb25","Sunday","9 am–4 pm"
"0x30e29fbbf1dac89d:0x1c6e36d3156af4fb","Monday","11 am–8 pm"
"0x30e29fbbf1dac89d:0x1c6e36d3156af4fb","Tuesday","11 am–8 pm"
"0x30e29fbbf1dac89d:0x1c6e36d3156af4fb","Wednesday","11 am–8 pm"
"0x30e29fbbf1dac89d:0x1c6e36d3156af4fb","Thursday","Closed"
"0x30e29fbbf1dac89d:0x1c6e36d3156af4fb","Friday","11 am–8 pm"
"0x30e29fbbf1dac89d:0x1c6e36d3156af4fb","Saturday","11 am–8 pm"
"0x30e29fbbf1dac89d:0x1c6e36d3156af4fb","Sunday","11 am–8 pm"
"0x30e29e81fcff16df:0xfcf6b1addb5f9b7e","Monday","9 am–8 pm"
"0x30e29e81fcff16df:0xfcf6b1addb5f9b7e","Tuesday","9 am–8 pm"
"0x30e29e81fcff16df:0xfcf6b1addb5f9b7e","Wednesday","9 am–8 pm"
"0x30e29e81fcff16df:0xfcf6b1addb5f9b7e","Thursday","9 am–8 pm"
"0x30e29e81fcff16df:0xfcf6b1addb5f9b7e","Friday","9 am–8 pm"
"0x30e29e81fcff16df:0xfcf6b1addb5f9b7e","Saturday","9 am–8 pm"
"0x30e29e81fcff16df:0xfcf6b1addb5f9b7e","Sunday","Closed"
"0x30e299e71e58439f:0xf693accc2b69b0d0","Monday","10 am–8 pm"
"0x30e299e71e58439f:0xf693accc2b69b0d0","Tuesday","10 am–8 pm"
"0x30e299e71e58439f:0xf693accc2b69b0d0","Wednesday","10 am–8 pm"
"0x30e299e71e58439f:0xf693accc2b69b0d0","Thursday","10 am–8 pm"
"0x30e299e71e58439f:0xf693accc2b69b0d0","Friday","10 am–8 pm"
"0x30e299e71e58439f:0xf693accc2b69b0d0","Saturday","10 am–8 pm"
"0x30e299e71e58439f:0xf693accc2b69b0d0","Sunday","10 am–8 pm"
"0x30e29d199a03811d:0xf3fd4c0119c8bc79","Monday","10 am–8 pm"
"0x30e29d199a03811d:0xf3fd4c0119c8bc79","Tuesday","10 am–8 pm"
"0x30e29d199a03811d:0xf3fd4c0119c8bc79","Wednesday","10 am–8 pm"
"0x30e29d199a03811d:0xf3fd4c0119c8bc79","Thursday","10 am–8 pm"
"0x30e29d199a03811d:0xf3fd4c0119c8bc79","Friday","10 am–8 pm"
"0x30e29d199a03811d:0xf3fd4c0119c8bc79","Saturday","10 am–8 pm"
"0x30e29d199a03811d:0xf3fd4c0119c8bc79","Sunday","10 am–8 pm"
"0x30e29d39e4e42b75:0xc602237e4d8d1dbd","Monday","9:30 am–8 pm"
"0x30e29d39e4e42b75:0xc602237e4d8d1dbd","Tuesday","9:30 am–8 pm"
"0x30e29d39e4e42b75:0xc602237e4d8d1dbd","Wednesday","9:30 am–8 pm"
"0x30e29d39e4e42b75:0xc602237e4d8d1dbd","Thursday","9:30 am–8 pm"
"0x30e29d39e4e42b75:0xc602237e4d8d1dbd","Friday","9:30 am–8 pm"
"0x30e29d39e4e42b75:0xc602237e4d8d1dbd","Saturday","9:30 am–8 pm"
"0x30e29d39e4e42b75:0xc602237e4d8d1dbd","Sunday","9:30 am–8 pm"
"0x30e299863607ed89:0xb262ad4e02c74ff3","Monday","10 am–8 pm"
"0x30e299863607ed89:0xb262ad4e02c74ff3","Tuesday","10 am–8 pm"
"0x30e299863607ed89:0xb262ad4e02c74ff3","Wednesday","10 am–8 pm"
"0x30e299863607ed89:0xb262ad4e02c74ff3","Thursday","10 am–8 pm"
"0x30e299863607ed89:0xb262ad4e02c74ff3","Friday","10 am–8 pm"
"0x30e299863607ed89:0xb262ad4e02c74ff3","Saturday","10 am–8 pm"
"0x30e299863607ed89:0xb262ad4e02c74ff3","Sunday","10 am–8 pm"
"0x30e29b007a1b7c57:0x2c4619eee86730d4","Monday","11 am–7:30 pm"
"0x30e29b007a1b7c57:0x2c4619eee86730d4","Tuesday","11 am–7:30 pm"
"0x30e29b007a1b7c57:0x2c4619eee86730d4","Wednesday","11 am–7:30 pm"
"0x30e29b007a1b7c57:0x2c4619eee86730d4","Thursday","11 am–7:30 pm"
"0x30e29b007a1b7c57:0x2c4619eee86730d4","Friday","11 am–7:30 pm"
"0x30e29b007a1b7c57:0x2c4619eee86730d4","Saturday","11 am–7:30 pm"
"0x30e29b007a1b7c57:0x2c4619eee86730d4","Sunday","11 am–7:30 pm"
"0x30e29f03dd1994bb:0x6f14aacfeb50cf","Monday","10 am–9 pm"
"0x30e29f03dd1994bb:0x6f14aacfeb50cf","Tuesday","10 am–9 pm"
"0x30e29f03dd1994bb:0x6f14aacfeb50cf","Wednesday","10 am–9 pm"
"0x30e29f03dd1994bb:0x6f14aacfeb50cf","Thursday","10 am–9 pm"
"0x30e29f03dd1994bb:0x6f14aacfeb50cf","Friday","10 am–9 pm"
"0x30e29f03dd1994bb:0x6f14aacfeb50cf","Saturday","10 am–9 pm"
"0x30e29f03dd1994bb:0x6f14aacfeb50cf","Sunday","10 am–9 pm"
"0x30e29f46baa12c39:0xe1a221ac6187cfcf","Monday","10 am–8 pm"
"0x30e29f46baa12c39:0xe1a221ac6187cfcf","Tuesday","10 am–8 pm"
"0x30e29f46baa12c39:0xe1a221ac6187cfcf","Wednesday","10 am–8 pm"
"0x30e29f46baa12c39:0xe1a221ac6187cfcf","Thursday","10 am–8 pm"
"0x30e29f46baa12c39:0xe1a221ac6187cfcf","Friday","10 am–8 pm"
"0x30e29f46baa12c39:0xe1a221ac6187cfcf","Saturday","10 am–8 pm"
"0x30e29f46baa12c39:0xe1a221ac6187cfcf","Sunday","10 am–8 pm"
"0x30e29d9a25897307:0xe3f3e935ab79a74e","Monday","10 am–8 pm"
"0x30e29d9a25897307:0xe3f3e935ab79a74e","Tuesday","10 am–8 pm"
"0x30e29d9a25897307:0xe3f3e935ab79a74e","Wednesday","10 am–8 pm"
"0x30e29d9a25897307:0xe3f3e935ab79a74e","Thursday","10 am–8 pm"
"0x30e29d9a25897307:0xe3f3e935ab79a74e","Friday","10 am–8 pm"
"0x30e29d9a25897307:0xe3f3e935ab79a74e","Saturday","10 am–8 pm"
"0x30e29d9a25897307:0xe3f3e935ab79a74e","Sunday","10 am–8 pm"
"0x30e299bc91983e1f:0x3693128f0884db4d","Monday","10 am–7 pm"
"0x30e299bc91983e1f:0x3693128f0884db4d","Tuesday","10 am–7 pm"
"0x30e299bc91983e1f:0x3693128f0884db4d","Wednesday","10 am–7 pm"
"0x30e299bc91983e1f:0x3693128f0884db4d","Thursday","10 am–7 pm"
"0x30e299bc91983e1f:0x3693128f0884db4d","Friday","10 am–7 pm"
"0x30e299bc91983e1f:0x3693128f0884db4d","Saturday","10 am–7 pm"
"0x30e299bc91983e1f:0x3693128f0884db4d","Sunday","10 am–7 pm"
"0x30e2990eec7ffebf:0xe4383c525c6ea2a2","Monday","10.00 am–8.00 pm"
"0x30e2990eec7ffebf:0xe4383c525c6ea2a2","Tuesday","10.00 am–8.00 pm"
"0x30e2990eec7ffebf:0xe4383c525c6ea2a2","Wednesday","10.00 am–8.00 pm"
"0x30e2990eec7ffebf:0xe4383c525c6ea2a2","Thursday","10.00 am–8.00 pm"
"0x30e2990eec7ffebf:0xe4383c525c6ea2a2","Friday","10.00 am–8.00 pm"
"0x30e2990eec7ffebf:0xe4383c525c6ea2a2","Saturday","10.00 am–8.00 pm"
"0x30e2990eec7ffebf:0xe4383c525c6ea2a2","Sunday","10.00 am–8.00 pm"
"0x30e2999d4ca32a3f:0xf98c3338c336c292","Monday","10 AM–8 PM"
"0x30e2999d4ca32a3f:0xf98c3338c336c292","Tuesday","10 AM–8 PM"
"0x30e2999d4ca32a3f:0xf98c3338c336c292","Wednesday","10 AM–8 PM"
"0x30e2999d4ca32a3f:0xf98c3338c336c292","Thursday","10 AM–8 PM"
"0x30e2999d4ca32a3f:0xf98c3338c336c292","Friday","10 AM–8 PM"
"0x30e2999d4ca32a3f:0xf98c3338c336c292","Saturday","10 AM–8 PM"
"0x30e2999d4ca32a3f:0xf98c3338c336c292","Sunday","10 AM–8 PM"
"0x30e29d3c7167f1c5:0x1000a438f1c6a66d","Monday","10 am–8 pm"
"0x30e29d3c7167f1c5:0x1000a438f1c6a66d","Tuesday","10 am–8 pm"
"0x30e29d3c7167f1c5:0x1000a438f1c6a66d","Wednesday","10 am–8 pm"
"0x30e29d3c7167f1c5:0x1000a438f1c6a66d","Thursday","10 am–8 pm"
"0x30e29d3c7167f1c5:0x1000a438f1c6a66d","Friday","10 am–8 pm"
"0x30e29d3c7167f1c5:0x1000a438f1c6a66d","Saturday","10 am–8 pm"
"0x30e29d3c7167f1c5:0x1000a438f1c6a66d","Sunday","10 am–8 pm"
"0x30e29c18382db789:0x3969ea464b329a3d","Monday","9:30 am–12 pm"
"0x30e29c18382db789:0x3969ea464b329a3d","Tuesday","9:30 am–6 pm"
"0x30e29c18382db789:0x3969ea464b329a3d","Wednesday","9:30 am–6 pm"
"0x30e29c18382db789:0x3969ea464b329a3d","Thursday","Closed"
"0x30e29c18382db789:0x3969ea464b329a3d","Friday","9:30 am–6 pm"
"0x30e29c18382db789:0x3969ea464b329a3d","Saturday","9:30 am–6 pm"
"0x30e29c18382db789:0x3969ea464b329a3d","Sunday","9:30 am–6 pm"
"0x30e2993a0aeeedbf:0xad49cdf22b2b0510","Monday","10 AM–8 PM"
"0x30e2993a0aeeedbf:0xad49cdf22b2b0510","Tuesday","10 AM–8 PM"
"0x30e2993a0aeeedbf:0xad49cdf22b2b0510","Wednesday","Closed"
"0x30e2993a0aeeedbf:0xad49cdf22b2b0510","Thursday","10 AM–8 PM"
"0x30e2993a0aeeedbf:0xad49cdf22b2b0510","Friday","10 AM–8 PM"
"0x30e2993a0aeeedbf:0xad49cdf22b2b0510","Saturday","9 AM–7 PM"
"0x30e2993a0aeeedbf:0xad49cdf22b2b0510","Sunday","9 AM–7 PM"
"0x30e29f4c876bf9db:0x883760fa5f734e67","Monday","10.00 am–6.30 pm"
"0x30e29f4c876bf9db:0x883760fa5f734e67","Tuesday","10.00 am–6.30 pm"
"0x30e29f4c876bf9db:0x883760fa5f734e67","Wednesday","10.00 am–6.30 pm"
"0x30e29f4c876bf9db:0x883760fa5f734e67","Thursday","10.00 am–6.30 pm"
"0x30e29f4c876bf9db:0x883760fa5f734e67","Friday","10.00 am–6.30 pm"
"0x30e29f4c876bf9db:0x883760fa5f734e67","Saturday","10.00 am–6.30 pm"
"0x30e29f4c876bf9db:0x883760fa5f734e67","Sunday","10.00 am–6.30 pm"
"0x30e299b92fa795c7:0x8d414d8ae6567435","Monday","10 am–8 pm"
"0x30e299b92fa795c7:0x8d414d8ae6567435","Tuesday","10 am–8 pm"
"0x30e299b92fa795c7:0x8d414d8ae6567435","Wednesday","10 am–8 pm"
"0x30e299b92fa795c7:0x8d414d8ae6567435","Thursday","10 am–8 pm"
"0x30e299b92fa795c7:0x8d414d8ae6567435","Friday","10 am–8 pm"
"0x30e299b92fa795c7:0x8d414d8ae6567435","Saturday","9 am–2 pm"
"0x30e299b92fa795c7:0x8d414d8ae6567435","Sunday","Closed"
"0x30e29fa6caa33077:0xec1f2f263cebdf68","Monday","11 am–8 pm"
"0x30e29fa6caa33077:0xec1f2f263cebdf68","Tuesday","11 am–8 pm"
"0x30e29fa6caa33077:0xec1f2f263cebdf68","Wednesday","11 am–8 pm"
"0x30e29fa6caa33077:0xec1f2f263cebdf68","Thursday","11 am–8 pm"
"0x30e29fa6caa33077:0xec1f2f263cebdf68","Friday","11 am–8 pm"
"0x30e29fa6caa33077:0xec1f2f263cebdf68","Saturday","11 am–8 pm"
"0x30e29fa6caa33077:0xec1f2f263cebdf68","Sunday","11 am–8 pm"
"0x30e2a3b90c2a4ec3:0x8f46f6f91ddb3f93","Monday","11 am–6 pm"
"0x30e2a3b90c2a4ec3:0x8f46f6f91ddb3f93","Tuesday","11 am–6 pm"
"0x30e2a3b90c2a4ec3:0x8f46f6f91ddb3f93","Wednesday","11 am–6 pm"
"0x30e2a3b90c2a4ec3:0x8f46f6f91ddb3f93","Thursday","11 am–6 pm"
"0x30e2a3b90c2a4ec3:0x8f46f6f91ddb3f93","Friday","11 am–6 pm"
"0x30e2a3b90c2a4ec3:0x8f46f6f91ddb3f93","Saturday","11 am–6 pm"
"0x30e2a3b90c2a4ec3:0x8f46f6f91ddb3f93","Sunday","11 am–6 pm"
"0x30e29faeb32d6c1d:0xb3aa0ed31e324fad","Monday","10 am–10 pm"
"0x30e29faeb32d6c1d:0xb3aa0ed31e324fad","Tuesday","10 am–10 pm"
"0x30e29faeb32d6c1d:0xb3aa0ed31e324fad","Wednesday","10 am–10 pm"
"0x30e29faeb32d6c1d:0xb3aa0ed31e324fad","Thursday","10 am–10 pm"
"0x30e29faeb32d6c1d:0xb3aa0ed31e324fad","Friday","10 am–10 pm"
"0x30e29faeb32d6c1d:0xb3aa0ed31e324fad","Saturday","10 am–10 pm"
"0x30e29faeb32d6c1d:0xb3aa0ed31e324fad","Sunday","10 am–10 pm"
"0x311d61fcef3d3e25:0x5925229562cf9e24","Monday","11 am–8 pm"
"0x311d61fcef3d3e25:0x5925229562cf9e24","Tuesday","11 am–8 pm"
"0x311d61fcef3d3e25:0x5925229562cf9e24","Wednesday","11 am–8 pm"
"0x311d61fcef3d3e25:0x5925229562cf9e24","Thursday","11 am–8 pm"
"0x311d61fcef3d3e25:0x5925229562cf9e24","Friday","11 am–8 pm"
"0x311d61fcef3d3e25:0x5925229562cf9e24","Saturday","10 am–8 pm"
"0x311d61fcef3d3e25:0x5925229562cf9e24","Sunday","10 am–8 pm"
"0x311d619d0c132f9d:0x30b262b3f352a41e","Monday","10:30 am–7 pm"
"0x311d619d0c132f9d:0x30b262b3f352a41e","Tuesday","10:30 am–7 pm"
"0x311d619d0c132f9d:0x30b262b3f352a41e","Wednesday","10:30 am–7 pm"
"0x311d619d0c132f9d:0x30b262b3f352a41e","Thursday","10:30 am–7 pm"
"0x311d619d0c132f9d:0x30b262b3f352a41e","Friday","10:30 am–7 pm"
"0x311d619d0c132f9d:0x30b262b3f352a41e","Saturday","10:30 am–7 pm"
"0x311d619d0c132f9d:0x30b262b3f352a41e","Sunday","10:30 am–7 pm"
"0x30e29d0058033a13:0xba52e4f2c9c714d1","Monday","10 am–8 pm"
"0x30e29d0058033a13:0xba52e4f2c9c714d1","Tuesday","10 am–8 pm"
"0x30e29d0058033a13:0xba52e4f2c9c714d1","Wednesday","10 am–8 pm"
"0x30e29d0058033a13:0xba52e4f2c9c714d1","Thursday","10 am–8 pm"
"0x30e29d0058033a13:0xba52e4f2c9c714d1","Friday","10 am–8 pm"
"0x30e29d0058033a13:0xba52e4f2c9c714d1","Saturday","10 am–8 pm"
"0x30e29d0058033a13:0xba52e4f2c9c714d1","Sunday","10 am–8 pm"
"0x30e298e4304193e1:0x3d452aad845aeec3","Tuesday","2–8 pm"
"0x30e298e4304193e1:0x3d452aad845aeec3","Wednesday","2–8 pm"
"0x30e298e4304193e1:0x3d452aad845aeec3","Thursday","Closed"
"0x30e298e4304193e1:0x3d452aad845aeec3","Friday","2–8 pm"
"0x30e298e4304193e1:0x3d452aad845aeec3","Saturday","9 am–2 pm"
"0x30e298e4304193e1:0x3d452aad845aeec3","Sunday","9 am–2 pm"
"0x30e298e4304193e1:0x3d452aad845aeec3","Monday","2–8 pm"
"0x30e29f170a6a1f57:0x9922edb53207b128","Tuesday","Closed"
"0x30e29f170a6a1f57:0x9922edb53207b128","Wednesday","Closed"
"0x30e29f170a6a1f57:0x9922edb53207b128","Thursday","Closed"
"0x30e29f170a6a1f57:0x9922edb53207b128","Friday","10:30 am–8 pm"
"0x30e29f170a6a1f57:0x9922edb53207b128","Saturday","9 am–7 pm"
"0x30e29f170a6a1f57:0x9922edb53207b128","Sunday","9 am–6 pm"
"0x30e29f170a6a1f57:0x9922edb53207b128","Monday","10:30 am–8 pm"
"0x30e29f559b4d1833:0x3d395b9efa9fad5d","Tuesday","9 am–8 pm"
"0x30e29f559b4d1833:0x3d395b9efa9fad5d","Wednesday","9 am–8 pm"
"0x30e29f559b4d1833:0x3d395b9efa9fad5d","Thursday","9 am–8 pm"
"0x30e29f559b4d1833:0x3d395b9efa9fad5d","Friday","9 am–8 pm"
"0x30e29f559b4d1833:0x3d395b9efa9fad5d","Saturday","9 am–6 pm"
"0x30e29f559b4d1833:0x3d395b9efa9fad5d","Sunday","Closed"
"0x30e29f559b4d1833:0x3d395b9efa9fad5d","Monday","9 am–8 pm"
"0x311d611bc5be4c4d:0x571e01ec533f054a","Tuesday","10 am–8 pm"
"0x311d611bc5be4c4d:0x571e01ec533f054a","Wednesday","10 am–8 pm"
"0x311d611bc5be4c4d:0x571e01ec533f054a","Thursday","10 am–8 pm"
"0x311d611bc5be4c4d:0x571e01ec533f054a","Friday","10 am–8 pm"
"0x311d611bc5be4c4d:0x571e01ec533f054a","Saturday","10 am–8 pm"
"0x311d611bc5be4c4d:0x571e01ec533f054a","Sunday","Closed"
"0x311d611bc5be4c4d:0x571e01ec533f054a","Monday","10 am–8 pm"
"0x30e29facc86411bf:0x42dc01010e12c4e9","Tuesday","10 am–8 pm"
"0x30e29facc86411bf:0x42dc01010e12c4e9","Wednesday","Closed"
"0x30e29facc86411bf:0x42dc01010e12c4e9","Thursday","Closed"
"0x30e29facc86411bf:0x42dc01010e12c4e9","Friday","10 am–8 pm"
"0x30e29facc86411bf:0x42dc01010e12c4e9","Saturday","9 am–8 pm"
"0x30e29facc86411bf:0x42dc01010e12c4e9","Sunday","9 am–6 pm"
"0x30e29facc86411bf:0x42dc01010e12c4e9","Monday","10 am–8 pm"
"0x30e29986f00200e1:0x6bb3c98c57716ea8","Tuesday","10 am–8 pm"
"0x30e29986f00200e1:0x6bb3c98c57716ea8","Wednesday","10 am–8 pm"
"0x30e29986f00200e1:0x6bb3c98c57716ea8","Thursday","10 am–8 pm"
"0x30e29986f00200e1:0x6bb3c98c57716ea8","Friday","10 am–8 pm"
"0x30e29986f00200e1:0x6bb3c98c57716ea8","Saturday","Closed"
"0x30e29986f00200e1:0x6bb3c98c57716ea8","Sunday","10 am–8 pm"
"0x30e29986f00200e1:0x6bb3c98c57716ea8","Monday","10 am–8 pm"
"0x30e2996387daa62b:0xe91929d6fde95c60","Tuesday","10 am–7 pm"
"0x30e2996387daa62b:0xe91929d6fde95c60","Wednesday","10 am–7 pm"
"0x30e2996387daa62b:0xe91929d6fde95c60","Thursday","10 am–7 pm"
"0x30e2996387daa62b:0xe91929d6fde95c60","Friday","10 am–7 pm"
"0x30e2996387daa62b:0xe91929d6fde95c60","Saturday","10 am–7 pm"
"0x30e2996387daa62b:0xe91929d6fde95c60","Sunday","10 am–7 pm"
"0x30e2996387daa62b:0xe91929d6fde95c60","Monday","10 am–7 pm"
"0x30e29dc2510079ef:0xf3f3ad917538d04a","Tuesday","10 am–8 pm"
"0x30e29dc2510079ef:0xf3f3ad917538d04a","Wednesday","10 am–8 pm"
"0x30e29dc2510079ef:0xf3f3ad917538d04a","Thursday","10 am–8 pm"
"0x30e29dc2510079ef:0xf3f3ad917538d04a","Friday","10 am–8 pm"
"0x30e29dc2510079ef:0xf3f3ad917538d04a","Saturday","10 am–8 pm"
"0x30e29dc2510079ef:0xf3f3ad917538d04a","Sunday","10 am–8 pm"
"0x30e29dc2510079ef:0xf3f3ad917538d04a","Monday","10 am–8 pm"
"0x30e29b51f47f654d:0x574580a1ff6db169","Tuesday","12–8 pm"
"0x30e29b51f47f654d:0x574580a1ff6db169","Wednesday","12–8 pm"
"0x30e29b51f47f654d:0x574580a1ff6db169","Thursday","12–8 pm"
"0x30e29b51f47f654d:0x574580a1ff6db169","Friday","12–8 pm"
"0x30e29b51f47f654d:0x574580a1ff6db169","Saturday","10 am–8 pm"
"0x30e29b51f47f654d:0x574580a1ff6db169","Sunday","10 am–8 pm"
"0x30e29b51f47f654d:0x574580a1ff6db169","Monday","Closed"
"0x30e29d22368b18e7:0xa9653ee21c7d16f7","Tuesday","10 am–8 pm"
"0x30e29d22368b18e7:0xa9653ee21c7d16f7","Wednesday","10 am–8 pm"
"0x30e29d22368b18e7:0xa9653ee21c7d16f7","Thursday","10 am–8 pm"
"0x30e29d22368b18e7:0xa9653ee21c7d16f7","Friday","10 am–8 pm"
"0x30e29d22368b18e7:0xa9653ee21c7d16f7","Saturday","10 am–8 pm"
"0x30e29d22368b18e7:0xa9653ee21c7d16f7","Sunday","10 am–8 pm"
"0x30e29d22368b18e7:0xa9653ee21c7d16f7","Monday","10 am–8 pm"
"0x30e299e7b400dd09:0x7ccdbe3ea0405fc5","Tuesday","10 am–8 pm"
"0x30e299e7b400dd09:0x7ccdbe3ea0405fc5","Wednesday","10 am–8 pm"
"0x30e299e7b400dd09:0x7ccdbe3ea0405fc5","Thursday","10 am–8 pm"
"0x30e299e7b400dd09:0x7ccdbe3ea0405fc5","Friday","10 am–8 pm"
"0x30e299e7b400dd09:0x7ccdbe3ea0405fc5","Saturday","10 am–8 pm"
"0x30e299e7b400dd09:0x7ccdbe3ea0405fc5","Sunday","10 am–8 pm"
"0x30e299e7b400dd09:0x7ccdbe3ea0405fc5","Monday","10 am–8 pm"
"0x30e29face73d9a83:0xcb3a32c504f258ee","Tuesday","8:30 am–8 pm"
"0x30e29face73d9a83:0xcb3a32c504f258ee","Wednesday","8:30 am–8 pm"
"0x30e29face73d9a83:0xcb3a32c504f258ee","Thursday","8:30 am–8 pm"
"0x30e29face73d9a83:0xcb3a32c504f258ee","Friday","8:30 am–8 pm"
"0x30e29face73d9a83:0xcb3a32c504f258ee","Saturday","8:30 am–8 pm"
"0x30e29face73d9a83:0xcb3a32c504f258ee","Sunday","8:30 am–8 pm"
"0x30e29face73d9a83:0xcb3a32c504f258ee","Monday","8:30 am–8 pm"
"0x30e29e18b327524b:0xc4501b87cb72a27d","Tuesday","10:30 am–7:30 pm"
"0x30e29e18b327524b:0xc4501b87cb72a27d","Wednesday","10:30 am–7:30 pm"
"0x30e29e18b327524b:0xc4501b87cb72a27d","Thursday","10:30 am–7:30 pm"
"0x30e29e18b327524b:0xc4501b87cb72a27d","Friday","10:30 am–7:30 pm"
"0x30e29e18b327524b:0xc4501b87cb72a27d","Saturday","10:30 am–7:30 pm"
"0x30e29e18b327524b:0xc4501b87cb72a27d","Sunday","10:30 am–7:30 pm"
"0x30e29e18b327524b:0xc4501b87cb72a27d","Monday","10:30 am–7:30 pm"
"0x30e29fe11e8801c3:0x7f0d8716183ad25e","Tuesday","8:30 am–6 pm"
"0x30e29fe11e8801c3:0x7f0d8716183ad25e","Wednesday","8:30 am–6 pm"
"0x30e29fe11e8801c3:0x7f0d8716183ad25e","Thursday","8:30 am–6 pm"
"0x30e29fe11e8801c3:0x7f0d8716183ad25e","Friday","8:30 am–6 pm"
"0x30e29fe11e8801c3:0x7f0d8716183ad25e","Saturday","10 am–6 pm"
"0x30e29fe11e8801c3:0x7f0d8716183ad25e","Sunday","10 am–6 pm"
"0x30e29fe11e8801c3:0x7f0d8716183ad25e","Monday","8:30 am–6 pm"
"0x30e29c34d5a3849f:0xbdb4eac2b300a5d1","Tuesday","10 am–7 pm"
"0x30e29c34d5a3849f:0xbdb4eac2b300a5d1","Wednesday","10 am–7 pm"
"0x30e29c34d5a3849f:0xbdb4eac2b300a5d1","Thursday","10 am–7 pm"
"0x30e29c34d5a3849f:0xbdb4eac2b300a5d1","Friday","10 am–7 pm"
"0x30e29c34d5a3849f:0xbdb4eac2b300a5d1","Saturday","10 am–7 pm"
"0x30e29c34d5a3849f:0xbdb4eac2b300a5d1","Sunday","10 am–7 pm"
"0x30e29c34d5a3849f:0xbdb4eac2b300a5d1","Monday","10 am–7 pm"
"0x30e29dca3654b0b1:0x29dd7686761826b2","Tuesday","10:30 am–8:30 pm"
"0x30e29dca3654b0b1:0x29dd7686761826b2","Wednesday","10:30 am–8:30 pm"
"0x30e29dca3654b0b1:0x29dd7686761826b2","Thursday","10:30 am–8:30 pm"
"0x30e29dca3654b0b1:0x29dd7686761826b2","Friday","10:30 am–8:30 pm"
"0x30e29dca3654b0b1:0x29dd7686761826b2","Saturday","10:30 am–8:30 pm"
"0x30e29dca3654b0b1:0x29dd7686761826b2","Sunday","10:30 am–8:30 pm"
"0x30e29dca3654b0b1:0x29dd7686761826b2","Monday","10:30 am–8:30 pm"
"0x30e29df34cc4174f:0xb55c61cfc165f998","Tuesday","10 am–8 pm"
"0x30e29df34cc4174f:0xb55c61cfc165f998","Wednesday","10 am–8 pm"
"0x30e29df34cc4174f:0xb55c61cfc165f998","Thursday","10 am–8 pm"
"0x30e29df34cc4174f:0xb55c61cfc165f998","Friday","10 am–8 pm"
"0x30e29df34cc4174f:0xb55c61cfc165f998","Saturday","10 am–8 pm"
"0x30e29df34cc4174f:0xb55c61cfc165f998","Sunday","10 am–8 pm"
"0x30e29df34cc4174f:0xb55c61cfc165f998","Monday","10 am–8 pm"
"0x30e29df628423e11:0xfdd407b84deaef86","Tuesday","10 am–8 pm"
"0x30e29df628423e11:0xfdd407b84deaef86","Wednesday","10 am–8 pm"
"0x30e29df628423e11:0xfdd407b84deaef86","Thursday","10 am–8 pm"
"0x30e29df628423e11:0xfdd407b84deaef86","Friday","Closed"
"0x30e29df628423e11:0xfdd407b84deaef86","Saturday","10 am–8 pm"
"0x30e29df628423e11:0xfdd407b84deaef86","Sunday","10 am–8 pm"
"0x30e29df628423e11:0xfdd407b84deaef86","Monday","10 am–8 pm"
"0x30e29bf18c513a23:0xdd3103c8c6c7584","Tuesday","10 am–8 pm"
"0x30e29bf18c513a23:0xdd3103c8c6c7584","Wednesday","10 am–8 pm"
"0x30e29bf18c513a23:0xdd3103c8c6c7584","Thursday","10 am–8 pm"
"0x30e29bf18c513a23:0xdd3103c8c6c7584","Friday","10 am–8 pm"
"0x30e29bf18c513a23:0xdd3103c8c6c7584","Saturday","10 am–8 pm"
"0x30e29bf18c513a23:0xdd3103c8c6c7584","Sunday","10 am–8 pm"
"0x30e29bf18c513a23:0xdd3103c8c6c7584","Monday","10 am–8 pm"
"0x30e29f81c182ac23:0x722a410561402f51","Tuesday","10 am–8 pm"
"0x30e29f81c182ac23:0x722a410561402f51","Wednesday","10 am–8 pm"
"0x30e29f81c182ac23:0x722a410561402f51","Thursday","10 am–8 pm"
"0x30e29f81c182ac23:0x722a410561402f51","Friday","10 am–8 pm"
"0x30e29f81c182ac23:0x722a410561402f51","Saturday","10 am–8 pm"
"0x30e29f81c182ac23:0x722a410561402f51","Sunday","10 am–8 pm"
"0x30e29f81c182ac23:0x722a410561402f51","Monday","10 am–8 pm"
"0x30e29ddc37283d9d:0x3b240fc2f6f591fb","Tuesday","10 am–7 pm"
"0x30e29ddc37283d9d:0x3b240fc2f6f591fb","Wednesday","10 am–7 pm"
"0x30e29ddc37283d9d:0x3b240fc2f6f591fb","Thursday","10 am–7 pm"
"0x30e29ddc37283d9d:0x3b240fc2f6f591fb","Friday","10 am–7 pm"
"0x30e29ddc37283d9d:0x3b240fc2f6f591fb","Saturday","10 am–7 pm"
"0x30e29ddc37283d9d:0x3b240fc2f6f591fb","Sunday","10 am–7 pm"
"0x30e29ddc37283d9d:0x3b240fc2f6f591fb","Monday","10 am–7 pm"
"0x30e29b78ac466057:0x85602a788e7f4e4e","Tuesday","10 am–7 pm"
"0x30e29b78ac466057:0x85602a788e7f4e4e","Wednesday","10 am–7 pm"
"0x30e29b78ac466057:0x85602a788e7f4e4e","Thursday","10 am–7 pm"
"0x30e29b78ac466057:0x85602a788e7f4e4e","Friday","10 am–7 pm"
"0x30e29b78ac466057:0x85602a788e7f4e4e","Saturday","10 am–7 pm"
"0x30e29b78ac466057:0x85602a788e7f4e4e","Sunday","10 am–7 pm"
"0x30e29b78ac466057:0x85602a788e7f4e4e","Monday","10 am–7 pm"
"0x30e2a3826d544345:0x30cc398636f3ed23","Tuesday","10 am–8 pm"
"0x30e2a3826d544345:0x30cc398636f3ed23","Wednesday","10 am–8 pm"
"0x30e2a3826d544345:0x30cc398636f3ed23","Thursday","10 am–8 pm"
"0x30e2a3826d544345:0x30cc398636f3ed23","Friday","10 am–8 pm"
"0x30e2a3826d544345:0x30cc398636f3ed23","Saturday","10 am–8 pm"
"0x30e2a3826d544345:0x30cc398636f3ed23","Sunday","10 am–8 pm"
"0x30e2a3826d544345:0x30cc398636f3ed23","Monday","10 am–8 pm"
"0x30e2a35fcd4dcd45:0x6dabbed9c1b98375","Tuesday","10 am–8 pm"
"0x30e2a35fcd4dcd45:0x6dabbed9c1b98375","Wednesday","10 am–8 pm"
"0x30e2a35fcd4dcd45:0x6dabbed9c1b98375","Thursday","10 am–8 pm"
"0x30e2a35fcd4dcd45:0x6dabbed9c1b98375","Friday","10 am–8 pm"
"0x30e2a35fcd4dcd45:0x6dabbed9c1b98375","Saturday","10 am–8 pm"
"0x30e2a35fcd4dcd45:0x6dabbed9c1b98375","Sunday","10 am–8 pm"
"0x30e2a35fcd4dcd45:0x6dabbed9c1b98375","Monday","Closed"
"0x30e2a31db9df81cf:0x57745e6dc16dd623","Tuesday","10 am–8 pm"
"0x30e2a31db9df81cf:0x57745e6dc16dd623","Wednesday","10 am–8 pm"
"0x30e2a31db9df81cf:0x57745e6dc16dd623","Thursday","10 am–8 pm"
"0x30e2a31db9df81cf:0x57745e6dc16dd623","Friday","10 am–8 pm"
"0x30e2a31db9df81cf:0x57745e6dc16dd623","Saturday","10 am–8 pm"
"0x30e2a31db9df81cf:0x57745e6dc16dd623","Sunday","10 am–8 pm"
"0x30e2a31db9df81cf:0x57745e6dc16dd623","Monday","10 am–8 pm"
"0x30e29909061f0847:0xd8e1350ebd465321","Tuesday","10 am–8 pm"
"0x30e29909061f0847:0xd8e1350ebd465321","Wednesday","10 am–8 pm"
"0x30e29909061f0847:0xd8e1350ebd465321","Thursday","10 am–8 pm"
"0x30e29909061f0847:0xd8e1350ebd465321","Friday","10 am–8 pm"
"0x30e29909061f0847:0xd8e1350ebd465321","Saturday","10 am–8 pm"
"0x30e29909061f0847:0xd8e1350ebd465321","Sunday","10 am–8 pm"
"0x30e29909061f0847:0xd8e1350ebd465321","Monday","10 am–8 pm"
"0x30e29b8c64d5fe77:0x160fcd8d81add07d","Tuesday","Open 24 hours"
"0x30e29b8c64d5fe77:0x160fcd8d81add07d","Wednesday","Open 24 hours"
"0x30e29b8c64d5fe77:0x160fcd8d81add07d","Thursday","Open 24 hours"
"0x30e29b8c64d5fe77:0x160fcd8d81add07d","Friday","Open 24 hours"
"0x30e29b8c64d5fe77:0x160fcd8d81add07d","Saturday","Open 24 hours"
"0x30e29b8c64d5fe77:0x160fcd8d81add07d","Sunday","Open 24 hours"
"0x30e29b8c64d5fe77:0x160fcd8d81add07d","Monday","Open 24 hours"
"0x30e299cdc0d9c3bd:0xb8b543069b35a5ff","Tuesday","10 am–6 pm"
"0x30e299cdc0d9c3bd:0xb8b543069b35a5ff","Wednesday","10 am–6 pm"
"0x30e299cdc0d9c3bd:0xb8b543069b35a5ff","Thursday","10 am–6 pm"
"0x30e299cdc0d9c3bd:0xb8b543069b35a5ff","Friday","10 am–6 pm"
"0x30e299cdc0d9c3bd:0xb8b543069b35a5ff","Saturday","10 am–6 pm"
"0x30e299cdc0d9c3bd:0xb8b543069b35a5ff","Sunday","10 am–6 pm"
"0x30e299cdc0d9c3bd:0xb8b543069b35a5ff","Monday","10 am–6 pm"
"0x30e2a169e713b991:0x8bd6e2fe73ef8936","Tuesday","10 am–7 pm"
"0x30e2a169e713b991:0x8bd6e2fe73ef8936","Wednesday","Closed"
"0x30e2a169e713b991:0x8bd6e2fe73ef8936","Thursday","10 am–7 pm"
"0x30e2a169e713b991:0x8bd6e2fe73ef8936","Friday","10 am–7 pm"
"0x30e2a169e713b991:0x8bd6e2fe73ef8936","Saturday","10 am–7 pm"
"0x30e2a169e713b991:0x8bd6e2fe73ef8936","Sunday","10 am–7 pm"
"0x30e2a169e713b991:0x8bd6e2fe73ef8936","Monday","10 am–7 pm"
"0x30e29e4aaa18cb33:0xdb114d40666fa967","Tuesday","10 am–7 pm"
"0x30e29e4aaa18cb33:0xdb114d40666fa967","Wednesday","10 am–7 pm"
"0x30e29e4aaa18cb33:0xdb114d40666fa967","Thursday","10 am–7 pm"
"0x30e29e4aaa18cb33:0xdb114d40666fa967","Friday","10 am–7 pm"
"0x30e29e4aaa18cb33:0xdb114d40666fa967","Saturday","10 am–6 pm"
"0x30e29e4aaa18cb33:0xdb114d40666fa967","Sunday","10 am–6 pm"
"0x30e29e4aaa18cb33:0xdb114d40666fa967","Monday","10 am–7 pm"
"0x30e29fff2b8f70fd:0x5f881d8a023cafda","Tuesday","9 am–8 pm"
"0x30e29fff2b8f70fd:0x5f881d8a023cafda","Wednesday","9 am–8 pm"
"0x30e29fff2b8f70fd:0x5f881d8a023cafda","Thursday","9 am–8 pm"
"0x30e29fff2b8f70fd:0x5f881d8a023cafda","Friday","9 am–8 pm"
"0x30e29fff2b8f70fd:0x5f881d8a023cafda","Saturday","9 am–8 pm"
"0x30e29fff2b8f70fd:0x5f881d8a023cafda","Sunday","9 am–5 pm"
"0x30e29fff2b8f70fd:0x5f881d8a023cafda","Monday","9 am–8 pm"
"0x30e29bd71d3ea83b:0x2db2dd0dbf5aa2e9","Tuesday","9 am–8 pm"
"0x30e29bd71d3ea83b:0x2db2dd0dbf5aa2e9","Wednesday","9 am–8 pm"
"0x30e29bd71d3ea83b:0x2db2dd0dbf5aa2e9","Thursday","9 am–8 pm"
"0x30e29bd71d3ea83b:0x2db2dd0dbf5aa2e9","Friday","9 am–8 pm"
"0x30e29bd71d3ea83b:0x2db2dd0dbf5aa2e9","Saturday","9 am–8 pm"
"0x30e29bd71d3ea83b:0x2db2dd0dbf5aa2e9","Sunday","9 am–8 pm"
"0x30e29bd71d3ea83b:0x2db2dd0dbf5aa2e9","Monday","9 am–8 pm"
"0x30e2985bea8bda7f:0xa01fe855692022d7","Tuesday","9 am–8 pm"
"0x30e2985bea8bda7f:0xa01fe855692022d7","Wednesday","9 am–8 pm"
"0x30e2985bea8bda7f:0xa01fe855692022d7","Thursday","9 am–8 pm"
"0x30e2985bea8bda7f:0xa01fe855692022d7","Friday","9 am–8 pm"
"0x30e2985bea8bda7f:0xa01fe855692022d7","Saturday","9 am–8 pm"
"0x30e2985bea8bda7f:0xa01fe855692022d7","Sunday","9 am–8 pm"
"0x30e2985bea8bda7f:0xa01fe855692022d7","Monday","9 am–8 pm"
"0x30e29e9d75399b41:0xa3904095249c632e","Tuesday","12–8 pm"
"0x30e29e9d75399b41:0xa3904095249c632e","Wednesday","12–8 pm"
"0x30e29e9d75399b41:0xa3904095249c632e","Thursday","12–8 pm"
"0x30e29e9d75399b41:0xa3904095249c632e","Friday","12–8 pm"
"0x30e29e9d75399b41:0xa3904095249c632e","Saturday","12–8 pm"
"0x30e29e9d75399b41:0xa3904095249c632e","Sunday","Closed"
"0x30e29e9d75399b41:0xa3904095249c632e","Monday","12–8 pm"
"0x30e2992ff7e08d49:0xe93055befbfc8cf0","Tuesday","10 am–8 pm"
"0x30e2992ff7e08d49:0xe93055befbfc8cf0","Wednesday","10 am–8 pm"
"0x30e2992ff7e08d49:0xe93055befbfc8cf0","Thursday","10 am–8 pm"
"0x30e2992ff7e08d49:0xe93055befbfc8cf0","Friday","10 am–8 pm"
"0x30e2992ff7e08d49:0xe93055befbfc8cf0","Saturday","10 am–8 pm"
"0x30e2992ff7e08d49:0xe93055befbfc8cf0","Sunday","10 am–8 pm"
"0x30e2992ff7e08d49:0xe93055befbfc8cf0","Monday","10 am–8 pm"
"0x30e298facd9a24a9:0x535e9da4d94b38d","Tuesday","10 am–8 pm"
"0x30e298facd9a24a9:0x535e9da4d94b38d","Wednesday","Closed"
"0x30e298facd9a24a9:0x535e9da4d94b38d","Thursday","10 am–8 pm"
"0x30e298facd9a24a9:0x535e9da4d94b38d","Friday","10 am–8 pm"
"0x30e298facd9a24a9:0x535e9da4d94b38d","Saturday","10 am–8 pm"
"0x30e298facd9a24a9:0x535e9da4d94b38d","Sunday","10 am–8 pm"
"0x30e298facd9a24a9:0x535e9da4d94b38d","Monday","10 am–8 pm"
"0x30e29c165c01c11d:0xfe60859d85ccf074","Tuesday","11 am–7:30 pm"
"0x30e29c165c01c11d:0xfe60859d85ccf074","Wednesday","11 am–7:30 pm"
"0x30e29c165c01c11d:0xfe60859d85ccf074","Thursday","11 am–7:30 pm"
"0x30e29c165c01c11d:0xfe60859d85ccf074","Friday","11 am–7:30 pm"
"0x30e29c165c01c11d:0xfe60859d85ccf074","Saturday","11 am–7:30 pm"
"0x30e29c165c01c11d:0xfe60859d85ccf074","Sunday","Closed"
"0x30e29c165c01c11d:0xfe60859d85ccf074","Monday","11 am–7:30 pm"
"0x30e29be8297715e1:0xba49bd16f387ab3e","Tuesday","9 am–8 pm"
"0x30e29be8297715e1:0xba49bd16f387ab3e","Wednesday","9 am–8 pm"
"0x30e29be8297715e1:0xba49bd16f387ab3e","Thursday","9 am–8 pm"
"0x30e29be8297715e1:0xba49bd16f387ab3e","Friday","9 am–8 pm"
"0x30e29be8297715e1:0xba49bd16f387ab3e","Saturday","9 am–12 pm"
"0x30e29be8297715e1:0xba49bd16f387ab3e","Sunday","9 am–6 pm"
"0x30e29be8297715e1:0xba49bd16f387ab3e","Monday","9 am–8 pm"
"0x30e2985966610609:0x5930f58823c1b939","Tuesday","9 am–8 pm"
"0x30e2985966610609:0x5930f58823c1b939","Wednesday","9 am–8 pm"
"0x30e2985966610609:0x5930f58823c1b939","Thursday","9 am–8 pm"
"0x30e2985966610609:0x5930f58823c1b939","Friday","9 am–8 pm"
"0x30e2985966610609:0x5930f58823c1b939","Saturday","9 am–8 pm"
"0x30e2985966610609:0x5930f58823c1b939","Sunday","9 am–8 pm"
"0x30e2985966610609:0x5930f58823c1b939","Monday","9 am–8 pm"
"0x30e298a3b7683f0b:0x8b9972bd0c50c4e1","Tuesday","10 am–8 pm"
"0x30e298a3b7683f0b:0x8b9972bd0c50c4e1","Wednesday","10 am–8 pm"
"0x30e298a3b7683f0b:0x8b9972bd0c50c4e1","Thursday","10 am–8 pm"
"0x30e298a3b7683f0b:0x8b9972bd0c50c4e1","Friday","10 am–8 pm"
"0x30e298a3b7683f0b:0x8b9972bd0c50c4e1","Saturday","10 am–8 pm"
"0x30e298a3b7683f0b:0x8b9972bd0c50c4e1","Sunday","10 am–4 pm"
"0x30e298a3b7683f0b:0x8b9972bd0c50c4e1","Monday","10 am–8 pm"
"0x30e29fac8fbaa90b:0x3abafe072b953806","Tuesday","10 am–7 pm"
"0x30e29fac8fbaa90b:0x3abafe072b953806","Wednesday","10 am–7 pm"
"0x30e29fac8fbaa90b:0x3abafe072b953806","Thursday","Closed"
"0x30e29fac8fbaa90b:0x3abafe072b953806","Friday","10 am–7 pm"
"0x30e29fac8fbaa90b:0x3abafe072b953806","Saturday","10 am–7 pm"
"0x30e29fac8fbaa90b:0x3abafe072b953806","Sunday","10 am–7 pm"
"0x30e29fac8fbaa90b:0x3abafe072b953806","Monday","10 am–7 pm"
"0x30e29fcfe54058c1:0xe95515f1d6237c17","Tuesday","10 am–8 pm"
"0x30e29fcfe54058c1:0xe95515f1d6237c17","Wednesday","10 am–8 pm"
"0x30e29fcfe54058c1:0xe95515f1d6237c17","Thursday","10 am–8 pm"
"0x30e29fcfe54058c1:0xe95515f1d6237c17","Friday","10 am–8 pm"
"0x30e29fcfe54058c1:0xe95515f1d6237c17","Saturday","10 am–8 pm"
"0x30e29fcfe54058c1:0xe95515f1d6237c17","Sunday","10 am–8 pm"
"0x30e29fcfe54058c1:0xe95515f1d6237c17","Monday","10 am–8 pm"
"0x30e29fec0202049d:0xe4899956978775c0","Tuesday","Open 24 hours"
"0x30e29fec0202049d:0xe4899956978775c0","Wednesday","Open 24 hours"
"0x30e29fec0202049d:0xe4899956978775c0","Thursday","Open 24 hours"
"0x30e29fec0202049d:0xe4899956978775c0","Friday","Open 24 hours"
"0x30e29fec0202049d:0xe4899956978775c0","Saturday","Open 24 hours"
"0x30e29fec0202049d:0xe4899956978775c0","Sunday","Open 24 hours"
"0x30e29fec0202049d:0xe4899956978775c0","Monday","Open 24 hours"
"0x30e2992b06d2e027:0x787bf930f8e7bf1","Tuesday","10 am–8 pm"
"0x30e2992b06d2e027:0x787bf930f8e7bf1","Wednesday","10 am–8 pm"
"0x30e2992b06d2e027:0x787bf930f8e7bf1","Thursday","10 am–8 pm"
"0x30e2992b06d2e027:0x787bf930f8e7bf1","Friday","10 am–8 pm"
"0x30e2992b06d2e027:0x787bf930f8e7bf1","Saturday","10 am–8 pm"
"0x30e2992b06d2e027:0x787bf930f8e7bf1","Sunday","10 am–8 pm"
"0x30e2992b06d2e027:0x787bf930f8e7bf1","Monday","10 am–8 pm"
"0x30e29fbea3b3ea79:0xeb1f49b1022bd6ca","Tuesday","8 am–8 pm"
"0x30e29fbea3b3ea79:0xeb1f49b1022bd6ca","Wednesday","8 am–8 pm"
"0x30e29fbea3b3ea79:0xeb1f49b1022bd6ca","Thursday","8 am–8 pm"
"0x30e29fbea3b3ea79:0xeb1f49b1022bd6ca","Friday","8 am–8 pm"
"0x30e29fbea3b3ea79:0xeb1f49b1022bd6ca","Saturday","8 am–8 pm"
"0x30e29fbea3b3ea79:0xeb1f49b1022bd6ca","Sunday","8 am–5 pm"
"0x30e29fbea3b3ea79:0xeb1f49b1022bd6ca","Monday","8 am–8 pm"
"0x30e29dbf2a371b43:0x6ff6c615aad89826","Tuesday","10 am–8 pm"
"0x30e29dbf2a371b43:0x6ff6c615aad89826","Wednesday","10 am–8 pm"
"0x30e29dbf2a371b43:0x6ff6c615aad89826","Thursday","10 am–8 pm"
"0x30e29dbf2a371b43:0x6ff6c615aad89826","Friday","Closed"
"0x30e29dbf2a371b43:0x6ff6c615aad89826","Saturday","10 am–8 pm"
"0x30e29dbf2a371b43:0x6ff6c615aad89826","Sunday","10 am–8 pm"
"0x30e29dbf2a371b43:0x6ff6c615aad89826","Monday","10 am–8 pm"
"0x30e29d671bc984db:0x455ce43b11cd3c09","Tuesday","11 am–8:30 pm"
"0x30e29d671bc984db:0x455ce43b11cd3c09","Wednesday","11 am–8:30 pm"
"0x30e29d671bc984db:0x455ce43b11cd3c09","Thursday","11 am–8:30 pm"
"0x30e29d671bc984db:0x455ce43b11cd3c09","Friday","11 am–8:30 pm"
"0x30e29d671bc984db:0x455ce43b11cd3c09","Saturday","11 am–8:30 pm"
"0x30e29d671bc984db:0x455ce43b11cd3c09","Sunday","11 am–8:30 pm"
"0x30e29d671bc984db:0x455ce43b11cd3c09","Monday","11 am–8:30 pm"
"0x30e29d5d6c7c77f3:0xb7a6109fa7ad5a8d","Tuesday","10:30 am–8 pm"
"0x30e29d5d6c7c77f3:0xb7a6109fa7ad5a8d","Wednesday","10:30 am–8 pm"
"0x30e29d5d6c7c77f3:0xb7a6109fa7ad5a8d","Thursday","10:30 am–8 pm"
"0x30e29d5d6c7c77f3:0xb7a6109fa7ad5a8d","Friday","10:30 am–8 pm"
"0x30e29d5d6c7c77f3:0xb7a6109fa7ad5a8d","Saturday","10:30 am–8 pm"
"0x30e29d5d6c7c77f3:0xb7a6109fa7ad5a8d","Sunday","10:30 am–8 pm"
"0x30e29d5d6c7c77f3:0xb7a6109fa7ad5a8d","Monday","10:30 am–8 pm"
"0x30e29d71227c9ebb:0xd6b0ea6279a5debf","Tuesday","10:30 am–8 pm"
"0x30e29d71227c9ebb:0xd6b0ea6279a5debf","Wednesday","10:30 am–8 pm"
"0x30e29d71227c9ebb:0xd6b0ea6279a5debf","Thursday","10:30 am–8 pm"
"0x30e29d71227c9ebb:0xd6b0ea6279a5debf","Friday","10:30 am–8 pm"
"0x30e29d71227c9ebb:0xd6b0ea6279a5debf","Saturday","10:30 am–8 pm"
"0x30e29d71227c9ebb:0xd6b0ea6279a5debf","Sunday","10:30 am–8 pm"
"0x30e29d71227c9ebb:0xd6b0ea6279a5debf","Monday","10:30 am–8 pm"
"0x30e29d9ac5e627e9:0x63d692450486188","Tuesday","10:30 am–8 pm"
"0x30e29d9ac5e627e9:0x63d692450486188","Wednesday","10:30 am–8 pm"
"0x30e29d9ac5e627e9:0x63d692450486188","Thursday","10:30 am–8 pm"
"0x30e29d9ac5e627e9:0x63d692450486188","Friday","10:30 am–8 pm"
"0x30e29d9ac5e627e9:0x63d692450486188","Saturday","10:30 am–8 pm"
"0x30e29d9ac5e627e9:0x63d692450486188","Sunday","10:30 am–8 pm"
"0x30e29d9ac5e627e9:0x63d692450486188","Monday","10:30 am–8 pm"
"0x30e29d105a352831:0x5c3e20fd339a7e99","Tuesday","11 am–8 pm"
"0x30e29d105a352831:0x5c3e20fd339a7e99","Wednesday","11 am–8 pm"
"0x30e29d105a352831:0x5c3e20fd339a7e99","Thursday","11 am–8 pm"
"0x30e29d105a352831:0x5c3e20fd339a7e99","Friday","11 am–8 pm"
"0x30e29d105a352831:0x5c3e20fd339a7e99","Saturday","11 am–8 pm"
"0x30e29d105a352831:0x5c3e20fd339a7e99","Sunday","11 am–8 pm"
"0x30e29d105a352831:0x5c3e20fd339a7e99","Monday","11 am–8 pm"
"0x30e29df00ee12947:0x309c176a26e6562","Tuesday","10 am–6 pm"
"0x30e29df00ee12947:0x309c176a26e6562","Wednesday","10 am–6 pm"
"0x30e29df00ee12947:0x309c176a26e6562","Thursday","10 am–6 pm"
"0x30e29df00ee12947:0x309c176a26e6562","Friday","10 am–6 pm"
"0x30e29df00ee12947:0x309c176a26e6562","Saturday","10 am–6 pm"
"0x30e29df00ee12947:0x309c176a26e6562","Sunday","10 am–6 pm"
"0x30e29df00ee12947:0x309c176a26e6562","Monday","Closed"
"0x30e29b00543aa863:0xf2bf0b0679d6ce1d","Tuesday","9 AM–7 PM"
"0x30e29b00543aa863:0xf2bf0b0679d6ce1d","Wednesday","9 AM–7 PM"
"0x30e29b00543aa863:0xf2bf0b0679d6ce1d","Thursday","9 AM–7 PM"
"0x30e29b00543aa863:0xf2bf0b0679d6ce1d","Friday","9 AM–7 PM"
"0x30e29b00543aa863:0xf2bf0b0679d6ce1d","Saturday","9 AM–7 PM"
"0x30e29b00543aa863:0xf2bf0b0679d6ce1d","Sunday","9 AM–7 PM"
"0x30e29b00543aa863:0xf2bf0b0679d6ce1d","Monday","9 AM–7 PM"
"0x30e283f03aac1447:0x952204b394c25aa5","Tuesday","10 am–8 pm"
"0x30e283f03aac1447:0x952204b394c25aa5","Wednesday","Closed"
"0x30e283f03aac1447:0x952204b394c25aa5","Thursday","10 am–8 pm"
"0x30e283f03aac1447:0x952204b394c25aa5","Friday","10 am–8 pm"
"0x30e283f03aac1447:0x952204b394c25aa5","Saturday","10 am–8 pm"
"0x30e283f03aac1447:0x952204b394c25aa5","Sunday","10 am–8 pm"
"0x30e283f03aac1447:0x952204b394c25aa5","Monday","10 am–8 pm"
"0x30e29a03f448e001:0xfa6a9fb02206935","Tuesday","10 am–7 pm"
"0x30e29a03f448e001:0xfa6a9fb02206935","Wednesday","10 am–7 pm"
"0x30e29a03f448e001:0xfa6a9fb02206935","Thursday","10 am–7 pm"
"0x30e29a03f448e001:0xfa6a9fb02206935","Friday","Closed"
"0x30e29a03f448e001:0xfa6a9fb02206935","Saturday","10 am–7 pm"
"0x30e29a03f448e001:0xfa6a9fb02206935","Sunday","10 am–7 pm"
"0x30e29a03f448e001:0xfa6a9fb02206935","Monday","10 am–7 pm"
"0x30e29822609167a1:0x1c853d161eb1a2ef","Tuesday","9:30 am–8 pm"
"0x30e29822609167a1:0x1c853d161eb1a2ef","Wednesday","9:30 am–8 pm"
"0x30e29822609167a1:0x1c853d161eb1a2ef","Thursday","9:30 am–8 pm"
"0x30e29822609167a1:0x1c853d161eb1a2ef","Friday","9:30 am–8 pm"
"0x30e29822609167a1:0x1c853d161eb1a2ef","Saturday","10 am–8 pm"
"0x30e29822609167a1:0x1c853d161eb1a2ef","Sunday","10 am–6 pm"
"0x30e29822609167a1:0x1c853d161eb1a2ef","Monday","9:30 am–8 pm"
"0x30e2981f517139c3:0xd8651e425a6cc12e","Tuesday","10 am–8 pm"
"0x30e2981f517139c3:0xd8651e425a6cc12e","Wednesday","10 am–8 pm"
"0x30e2981f517139c3:0xd8651e425a6cc12e","Thursday","10 am–8 pm"
"0x30e2981f517139c3:0xd8651e425a6cc12e","Friday","10 am–8 pm"
"0x30e2981f517139c3:0xd8651e425a6cc12e","Saturday","10 am–8 pm"
"0x30e2981f517139c3:0xd8651e425a6cc12e","Sunday","10 am–8 pm"
"0x30e2981f517139c3:0xd8651e425a6cc12e","Monday","Closed"
"0x30e2a31c9faf50bb:0x72986f67988426b5","Tuesday","10 am–7 pm"
"0x30e2a31c9faf50bb:0x72986f67988426b5","Wednesday","10 am–7 pm"
"0x30e2a31c9faf50bb:0x72986f67988426b5","Thursday","10 am–7 pm"
"0x30e2a31c9faf50bb:0x72986f67988426b5","Friday","10 am–7 pm"
"0x30e2a31c9faf50bb:0x72986f67988426b5","Saturday","10 am–7 pm"
"0x30e2a31c9faf50bb:0x72986f67988426b5","Sunday","10 am–7 pm"
"0x30e2a31c9faf50bb:0x72986f67988426b5","Monday","10 am–7 pm"
"0x30e29fb8da546ab5:0xc183259f9ae46ab8","Tuesday","Closed"
"0x30e29fb8da546ab5:0xc183259f9ae46ab8","Wednesday","10.00 am–8.00 pm"
"0x30e29fb8da546ab5:0xc183259f9ae46ab8","Thursday","11.30 am–8.00 pm"
"0x30e29fb8da546ab5:0xc183259f9ae46ab8","Friday","10.00 am–8.00 pm"
"0x30e29fb8da546ab5:0xc183259f9ae46ab8","Saturday","10.00 am–8.00 pm"
"0x30e29fb8da546ab5:0xc183259f9ae46ab8","Sunday","10.00 am–8.00 pm"
"0x30e29fb8da546ab5:0xc183259f9ae46ab8","Monday","10.00 am–8.00 pm"
"0x30e29f9ad910f94b:0x7b4824a87dacb343","Tuesday","10 am–7:30 pm"
"0x30e29f9ad910f94b:0x7b4824a87dacb343","Wednesday","10 am–7:30 pm"
"0x30e29f9ad910f94b:0x7b4824a87dacb343","Thursday","10 am–7:30 pm"
"0x30e29f9ad910f94b:0x7b4824a87dacb343","Friday","10 am–7:30 pm"
"0x30e29f9ad910f94b:0x7b4824a87dacb343","Saturday","10 am–7:30 pm"
"0x30e29f9ad910f94b:0x7b4824a87dacb343","Sunday","10 am–7:30 pm"
"0x30e29f9ad910f94b:0x7b4824a87dacb343","Monday","10 am–7:30 pm"
"0x30e29c3751cbd391:0x4698877170c6f2f4","Tuesday","10 am–8 pm"
"0x30e29c3751cbd391:0x4698877170c6f2f4","Wednesday","10 am–8 pm"
"0x30e29c3751cbd391:0x4698877170c6f2f4","Thursday","10 am–8 pm"
"0x30e29c3751cbd391:0x4698877170c6f2f4","Friday","10 am–8 pm"
"0x30e29c3751cbd391:0x4698877170c6f2f4","Saturday","10 am–8 pm"
"0x30e29c3751cbd391:0x4698877170c6f2f4","Sunday","10 am–8 pm"
"0x30e29c3751cbd391:0x4698877170c6f2f4","Monday","10 am–8 pm"
"0x30e29e4e870f1a39:0xe4437edad85767fc","Tuesday","10 am–8 pm"
"0x30e29e4e870f1a39:0xe4437edad85767fc","Wednesday","10 am–8 pm"
"0x30e29e4e870f1a39:0xe4437edad85767fc","Thursday","10 am–8 pm"
"0x30e29e4e870f1a39:0xe4437edad85767fc","Friday","10 am–8 pm"
"0x30e29e4e870f1a39:0xe4437edad85767fc","Saturday","10 am–8 pm"
"0x30e29e4e870f1a39:0xe4437edad85767fc","Sunday","10 am–8 pm"
"0x30e29e4e870f1a39:0xe4437edad85767fc","Monday","10 am–8 pm"
"0x30e29c77b4a91919:0x9293767af02254f3","Tuesday","9 am–7 pm"
"0x30e29c77b4a91919:0x9293767af02254f3","Wednesday","9 am–7 pm"
"0x30e29c77b4a91919:0x9293767af02254f3","Thursday","9 am–7 pm"
"0x30e29c77b4a91919:0x9293767af02254f3","Friday","9 am–7 pm"
"0x30e29c77b4a91919:0x9293767af02254f3","Saturday","9 am–7 pm"
"0x30e29c77b4a91919:0x9293767af02254f3","Sunday","9 am–7 pm"
"0x30e29c77b4a91919:0x9293767af02254f3","Monday","Closed"
"0x30e2a3734c150fd3:0xf865a83d0ea9033f","Tuesday","10 am–7 pm"
"0x30e2a3734c150fd3:0xf865a83d0ea9033f","Wednesday","10 am–7 pm"
"0x30e2a3734c150fd3:0xf865a83d0ea9033f","Thursday","10 am–7 pm"
"0x30e2a3734c150fd3:0xf865a83d0ea9033f","Friday","10 am–7 pm"
"0x30e2a3734c150fd3:0xf865a83d0ea9033f","Saturday","10 am–7 pm"
"0x30e2a3734c150fd3:0xf865a83d0ea9033f","Sunday","10 am–7 pm"
"0x30e2a3734c150fd3:0xf865a83d0ea9033f","Monday","10 am–7 pm"
"0x30e2a1e190777de3:0x3e84ed7b10185cb0","Tuesday","9 am–6 pm"
"0x30e2a1e190777de3:0x3e84ed7b10185cb0","Wednesday","9 am–6 pm"
"0x30e2a1e190777de3:0x3e84ed7b10185cb0","Thursday","9 am–6 pm"
"0x30e2a1e190777de3:0x3e84ed7b10185cb0","Friday","9 am–6 pm"
"0x30e2a1e190777de3:0x3e84ed7b10185cb0","Saturday","Closed"
"0x30e2a1e190777de3:0x3e84ed7b10185cb0","Sunday","Closed"
"0x30e2a1e190777de3:0x3e84ed7b10185cb0","Monday","9 am–6 pm"
"0x30e2a22fa29ee93b:0xffc601cdb1892dfd","Tuesday","9 am–8 pm"
"0x30e2a22fa29ee93b:0xffc601cdb1892dfd","Wednesday","9 am–8 pm"
"0x30e2a22fa29ee93b:0xffc601cdb1892dfd","Thursday","9 am–8 pm"
"0x30e2a22fa29ee93b:0xffc601cdb1892dfd","Friday","Closed"
"0x30e2a22fa29ee93b:0xffc601cdb1892dfd","Saturday","9 am–8 pm"
"0x30e2a22fa29ee93b:0xffc601cdb1892dfd","Sunday","9 am–8 pm"
"0x30e2a22fa29ee93b:0xffc601cdb1892dfd","Monday","9 am–8 pm"
"0x30e29fec06484cef:0xe9d9d5c680eaeeea","Tuesday","11 am–8 pm"
"0x30e29fec06484cef:0xe9d9d5c680eaeeea","Wednesday","11 am–8 pm"
"0x30e29fec06484cef:0xe9d9d5c680eaeeea","Thursday","11 am–8 pm"
"0x30e29fec06484cef:0xe9d9d5c680eaeeea","Friday","11 am–8 pm"
"0x30e29fec06484cef:0xe9d9d5c680eaeeea","Saturday","11 am–8 pm"
"0x30e29fec06484cef:0xe9d9d5c680eaeeea","Sunday","11 am–8 pm"
"0x30e29fec06484cef:0xe9d9d5c680eaeeea","Monday","11 am–8 pm"
"0xa7dd7805f127647:0xe605169aed900e53","Tuesday","10 AM–8 PM"
"0xa7dd7805f127647:0xe605169aed900e53","Wednesday","10 AM–8 PM"
"0xa7dd7805f127647:0xe605169aed900e53","Thursday","10 AM–8 PM"
"0xa7dd7805f127647:0xe605169aed900e53","Friday","10 AM–8 PM"
"0xa7dd7805f127647:0xe605169aed900e53","Saturday","10 AM–8 PM"
"0xa7dd7805f127647:0xe605169aed900e53","Sunday","10 AM–8 PM"
"0xa7dd7805f127647:0xe605169aed900e53","Monday","10 AM–8 PM"
"0x30e29980eb6f3c0d:0xa51f90c28d674050","Tuesday","10 am–6 pm"
"0x30e29980eb6f3c0d:0xa51f90c28d674050","Wednesday","9 am–6 pm"
"0x30e29980eb6f3c0d:0xa51f90c28d674050","Thursday","10 am–6 pm"
"0x30e29980eb6f3c0d:0xa51f90c28d674050","Friday","Closed"
"0x30e29980eb6f3c0d:0xa51f90c28d674050","Saturday","10 am–6 pm"
"0x30e29980eb6f3c0d:0xa51f90c28d674050","Sunday","10 am–6 pm"
"0x30e29980eb6f3c0d:0xa51f90c28d674050","Monday","Closed"
"0x30e29fee6609f95d:0xb6e6ffe89dc456b2","Tuesday","10 am–8 pm"
"0x30e29fee6609f95d:0xb6e6ffe89dc456b2","Wednesday","10 am–8 pm"
"0x30e29fee6609f95d:0xb6e6ffe89dc456b2","Thursday","10 am–8 pm"
"0x30e29fee6609f95d:0xb6e6ffe89dc456b2","Friday","10 am–8 pm"
"0x30e29fee6609f95d:0xb6e6ffe89dc456b2","Saturday","10 am–8 pm"
"0x30e29fee6609f95d:0xb6e6ffe89dc456b2","Sunday","10 am–8 pm"
"0x30e29fee6609f95d:0xb6e6ffe89dc456b2","Monday","10 am–8 pm"
"0x30e2a1dcee6100d1:0x729f560bea649eeb","Tuesday","11 AM–7 PM"
"0x30e2a1dcee6100d1:0x729f560bea649eeb","Wednesday","11 AM–7 PM"
"0x30e2a1dcee6100d1:0x729f560bea649eeb","Thursday","11 AM–7 PM"
"0x30e2a1dcee6100d1:0x729f560bea649eeb","Friday","11 AM–7 PM"
"0x30e2a1dcee6100d1:0x729f560bea649eeb","Saturday","11 AM–7 PM"
"0x30e2a1dcee6100d1:0x729f560bea649eeb","Sunday","11 AM–7 PM"
"0x30e2a1dcee6100d1:0x729f560bea649eeb","Monday","11 AM–7 PM"
"0x311d5f3f7e482b7b:0xe45def4edc743912","Tuesday","10 AM–7 PM"
"0x311d5f3f7e482b7b:0xe45def4edc743912","Wednesday","10 AM–7 PM"
"0x311d5f3f7e482b7b:0xe45def4edc743912","Thursday","10 AM–7 PM"
"0x311d5f3f7e482b7b:0xe45def4edc743912","Friday","10 AM–7 PM"
"0x311d5f3f7e482b7b:0xe45def4edc743912","Saturday","10 AM–7 PM"
"0x311d5f3f7e482b7b:0xe45def4edc743912","Sunday","10 AM–7 PM"
"0x311d5f3f7e482b7b:0xe45def4edc743912","Monday","Closed"
"0x311d61000b1b9157:0x1a42df63af9ca4cd","Tuesday","10 am–7 pm"
"0x311d61000b1b9157:0x1a42df63af9ca4cd","Wednesday","10 am–7 pm"
"0x311d61000b1b9157:0x1a42df63af9ca4cd","Thursday","10 am–7 pm"
"0x311d61000b1b9157:0x1a42df63af9ca4cd","Friday","10 am–7 pm"
"0x311d61000b1b9157:0x1a42df63af9ca4cd","Saturday","10 am–7 pm"
"0x311d61000b1b9157:0x1a42df63af9ca4cd","Sunday","10 am–7 pm"
"0x311d61000b1b9157:0x1a42df63af9ca4cd","Monday","10 am–7 pm"
"0x311d6200630cf2fb:0x1219390b0b2e9801","Tuesday","1–8 pm"
"0x311d6200630cf2fb:0x1219390b0b2e9801","Wednesday","1–8 pm"
"0x311d6200630cf2fb:0x1219390b0b2e9801","Thursday","1–8 pm"
"0x311d6200630cf2fb:0x1219390b0b2e9801","Friday","1–8 pm"
"0x311d6200630cf2fb:0x1219390b0b2e9801","Saturday","10 am–8 pm"
"0x311d6200630cf2fb:0x1219390b0b2e9801","Sunday","10:30 am–5 pm"
"0x311d6200630cf2fb:0x1219390b0b2e9801","Monday","Closed"
"0x30e29f7cbdd5627d:0x8786648fc50efcc","Tuesday","10 am–8 pm"
"0x30e29f7cbdd5627d:0x8786648fc50efcc","Wednesday","10 am–8 pm"
"0x30e29f7cbdd5627d:0x8786648fc50efcc","Thursday","10 am–8 pm"
"0x30e29f7cbdd5627d:0x8786648fc50efcc","Friday","10 am–8 pm"
"0x30e29f7cbdd5627d:0x8786648fc50efcc","Saturday","10 am–8 pm"
"0x30e29f7cbdd5627d:0x8786648fc50efcc","Sunday","10 am–8 pm"
"0x30e29f7cbdd5627d:0x8786648fc50efcc","Monday","10 am–8 pm"
"0x311d61e52a3ed9d9:0xe2ad9899410eb78b","Tuesday","9 am–7:30 pm"
"0x311d61e52a3ed9d9:0xe2ad9899410eb78b","Wednesday","9 am–7:30 pm"
"0x311d61e52a3ed9d9:0xe2ad9899410eb78b","Thursday","9 am–7:30 pm"
"0x311d61e52a3ed9d9:0xe2ad9899410eb78b","Friday","9 am–7:30 pm"
"0x311d61e52a3ed9d9:0xe2ad9899410eb78b","Saturday","9 am–6 pm"
"0x311d61e52a3ed9d9:0xe2ad9899410eb78b","Sunday","9 am–6 pm"
"0x311d61e52a3ed9d9:0xe2ad9899410eb78b","Monday","9 am–7:30 pm"
"0x30e29fbae9862607:0xff379403c4480522","Tuesday","Open 24 hours"
"0x30e29fbae9862607:0xff379403c4480522","Wednesday","Open 24 hours"
"0x30e29fbae9862607:0xff379403c4480522","Thursday","Open 24 hours"
"0x30e29fbae9862607:0xff379403c4480522","Friday","Open 24 hours"
"0x30e29fbae9862607:0xff379403c4480522","Saturday","Open 24 hours"
"0x30e29fbae9862607:0xff379403c4480522","Sunday","Open 24 hours"
"0x30e29fbae9862607:0xff379403c4480522","Monday","Open 24 hours"
"0x30e2a35c4cd39c67:0xeaf4441484b66061","Tuesday","10:30 am–8 pm"
"0x30e2a35c4cd39c67:0xeaf4441484b66061","Wednesday","10:30 am–8 pm"
"0x30e2a35c4cd39c67:0xeaf4441484b66061","Thursday","10:30 am–8 pm"
"0x30e2a35c4cd39c67:0xeaf4441484b66061","Friday","10:30 am–8 pm"
"0x30e2a35c4cd39c67:0xeaf4441484b66061","Saturday","10:30 am–8 pm"
"0x30e2a35c4cd39c67:0xeaf4441484b66061","Sunday","10:30 am–8 pm"
"0x30e2a35c4cd39c67:0xeaf4441484b66061","Monday","10:30 am–8 pm"
"0x30e29dc8b2532bb3:0x9f026f751a96bae9","Tuesday","9:30 am–9 pm"
"0x30e29dc8b2532bb3:0x9f026f751a96bae9","Wednesday","9:30 am–9 pm"
"0x30e29dc8b2532bb3:0x9f026f751a96bae9","Thursday","9:30 am–9 pm"
"0x30e29dc8b2532bb3:0x9f026f751a96bae9","Friday","9:30 am–9 pm"
"0x30e29dc8b2532bb3:0x9f026f751a96bae9","Saturday","9:30 am–9 pm"
"0x30e29dc8b2532bb3:0x9f026f751a96bae9","Sunday","2–9 pm"
"0x30e29dc8b2532bb3:0x9f026f751a96bae9","Monday","9:30 am–9 pm"
"0x30e2a3928a8429fb:0x9fd66543be46689c","Tuesday","10:30 am–8 pm"
"0x30e2a3928a8429fb:0x9fd66543be46689c","Wednesday","10:30 am–8 pm"
"0x30e2a3928a8429fb:0x9fd66543be46689c","Thursday","10:30 am–8 pm"
"0x30e2a3928a8429fb:0x9fd66543be46689c","Friday","10:30 am–8 pm"
"0x30e2a3928a8429fb:0x9fd66543be46689c","Saturday","10:30 am–8 pm"
"0x30e2a3928a8429fb:0x9fd66543be46689c","Sunday","10:30 am–8 pm"
"0x30e2a3928a8429fb:0x9fd66543be46689c","Monday","10:30 am–8 pm"
"0x311d5ff0ae107675:0x82cfbf5e01d8e4b0","Tuesday","10 am–8 pm"
"0x311d5ff0ae107675:0x82cfbf5e01d8e4b0","Wednesday","10 am–8 pm"
"0x311d5ff0ae107675:0x82cfbf5e01d8e4b0","Thursday","10 am–8 pm"
"0x311d5ff0ae107675:0x82cfbf5e01d8e4b0","Friday","10 am–8 pm"
"0x311d5ff0ae107675:0x82cfbf5e01d8e4b0","Saturday","10 am–8 pm"
"0x311d5ff0ae107675:0x82cfbf5e01d8e4b0","Sunday","10 am–8 pm"
"0x311d5ff0ae107675:0x82cfbf5e01d8e4b0","Monday","10 am–8 pm"
"0x30e29dd6b6ca08fb:0x5bbcc49bda217adc","Tuesday","10 am–8 pm"
"0x30e29dd6b6ca08fb:0x5bbcc49bda217adc","Wednesday","10 am–8 pm"
"0x30e29dd6b6ca08fb:0x5bbcc49bda217adc","Thursday","10 am–8 pm"
"0x30e29dd6b6ca08fb:0x5bbcc49bda217adc","Friday","10 am–8 pm"
"0x30e29dd6b6ca08fb:0x5bbcc49bda217adc","Saturday","10 am–8 pm"
"0x30e29dd6b6ca08fb:0x5bbcc49bda217adc","Sunday","10 am–8 pm"
"0x30e29dd6b6ca08fb:0x5bbcc49bda217adc","Monday","10 am–8 pm"
"0x30e29f5292f90f69:0x28c852a0c9467106","Tuesday","9 am–8 pm"
"0x30e29f5292f90f69:0x28c852a0c9467106","Wednesday","9 am–8 pm"
"0x30e29f5292f90f69:0x28c852a0c9467106","Thursday","9 am–8 pm"
"0x30e29f5292f90f69:0x28c852a0c9467106","Friday","9 am–8 pm"
"0x30e29f5292f90f69:0x28c852a0c9467106","Saturday","9 am–8 pm"
"0x30e29f5292f90f69:0x28c852a0c9467106","Sunday","9 am–5 pm"
"0x30e29f5292f90f69:0x28c852a0c9467106","Monday","9 am–8 pm"
"0x30e2a3b2b7e23305:0x971063a0d4a92164","Tuesday","11 am–7 pm"
"0x30e2a3b2b7e23305:0x971063a0d4a92164","Wednesday","11 am–7 pm"
"0x30e2a3b2b7e23305:0x971063a0d4a92164","Thursday","11 am–7 pm"
"0x30e2a3b2b7e23305:0x971063a0d4a92164","Friday","11 am–7 pm"
"0x30e2a3b2b7e23305:0x971063a0d4a92164","Saturday","11 am–7 pm"
"0x30e2a3b2b7e23305:0x971063a0d4a92164","Sunday","11 am–7 pm"
"0x30e2a3b2b7e23305:0x971063a0d4a92164","Monday","11 am–7 pm"
"0x30e29fb1680d72f1:0x6b635f206704b79d","Tuesday","10 AM–8 PM"
"0x30e29fb1680d72f1:0x6b635f206704b79d","Wednesday","10 AM–8 PM"
"0x30e29fb1680d72f1:0x6b635f206704b79d","Thursday","10 AM–8 PM"
"0x30e29fb1680d72f1:0x6b635f206704b79d","Friday","10 AM–8 PM"
"0x30e29fb1680d72f1:0x6b635f206704b79d","Saturday","10 AM–8 PM"
"0x30e29fb1680d72f1:0x6b635f206704b79d","Sunday","10 AM–8 PM"
"0x30e29fb1680d72f1:0x6b635f206704b79d","Monday","10 AM–8 PM"
"0x30e29c759ab8e971:0xbb9d54fb4b24d9c9","Tuesday","9 AM–8 PM"
"0x30e29c759ab8e971:0xbb9d54fb4b24d9c9","Wednesday","9 AM–8 PM"
"0x30e29c759ab8e971:0xbb9d54fb4b24d9c9","Thursday","9 AM–8 PM"
"0x30e29c759ab8e971:0xbb9d54fb4b24d9c9","Friday","9 AM–8 PM"
"0x30e29c759ab8e971:0xbb9d54fb4b24d9c9","Saturday","9 AM–5 PM"
"0x30e29c759ab8e971:0xbb9d54fb4b24d9c9","Sunday","Closed"
"0x30e29c759ab8e971:0xbb9d54fb4b24d9c9","Monday","9 AM–8 PM"
"0x30e29eaff0eda0fb:0x70d31d2b225724e4","Tuesday","10 AM–9 PM"
"0x30e29eaff0eda0fb:0x70d31d2b225724e4","Wednesday","10 AM–9 PM"
"0x30e29eaff0eda0fb:0x70d31d2b225724e4","Thursday","10 AM–9 PM"
"0x30e29eaff0eda0fb:0x70d31d2b225724e4","Friday","10 AM–9 PM"
"0x30e29eaff0eda0fb:0x70d31d2b225724e4","Saturday","10 AM–9 PM"
"0x30e29eaff0eda0fb:0x70d31d2b225724e4","Sunday","10 AM–9 PM"
"0x30e29eaff0eda0fb:0x70d31d2b225724e4","Monday","10 AM–9 PM"
"0x30e29bd5467fec27:0x2c69d5606a7b9212","Tuesday","10 AM–8 PM"
"0x30e29bd5467fec27:0x2c69d5606a7b9212","Wednesday","10 AM–8 PM"
"0x30e29bd5467fec27:0x2c69d5606a7b9212","Thursday","10 AM–8 PM"
"0x30e29bd5467fec27:0x2c69d5606a7b9212","Friday","10 AM–8 PM"
"0x30e29bd5467fec27:0x2c69d5606a7b9212","Saturday","10 AM–8 PM"
"0x30e29bd5467fec27:0x2c69d5606a7b9212","Sunday","10 AM–8 PM"
"0x30e29bd5467fec27:0x2c69d5606a7b9212","Monday","10 AM–8 PM"
"0x30e29986a1817875:0xf97be242234ce222","Tuesday","10 am–7 pm"
"0x30e29986a1817875:0xf97be242234ce222","Wednesday","10 am–7 pm"
"0x30e29986a1817875:0xf97be242234ce222","Thursday","10 am–7 pm"
"0x30e29986a1817875:0xf97be242234ce222","Friday","10 am–7 pm"
"0x30e29986a1817875:0xf97be242234ce222","Saturday","10 am–7 pm"
"0x30e29986a1817875:0xf97be242234ce222","Sunday","10 am–7 pm"
"0x30e29986a1817875:0xf97be242234ce222","Monday","10 am–7 pm"
"0x30e29fbbbb58438f:0xa8caf871db3aed0e","Tuesday","11 am–7 pm"
"0x30e29fbbbb58438f:0xa8caf871db3aed0e","Wednesday","11 am–7 pm"
"0x30e29fbbbb58438f:0xa8caf871db3aed0e","Thursday","11 am–7 pm"
"0x30e29fbbbb58438f:0xa8caf871db3aed0e","Friday","11 am–7 pm"
"0x30e29fbbbb58438f:0xa8caf871db3aed0e","Saturday","11 am–7 pm"
"0x30e29fbbbb58438f:0xa8caf871db3aed0e","Sunday","11 am–7 pm"
"0x30e29fbbbb58438f:0xa8caf871db3aed0e","Monday","11 am–7 pm"
"0x30e29d0061d24c67:0x7c351057accb9b9f","Tuesday","10 am–8 pm"
"0x30e29d0061d24c67:0x7c351057accb9b9f","Wednesday","10 am–8 pm"
"0x30e29d0061d24c67:0x7c351057accb9b9f","Thursday","10 am–8 pm"
"0x30e29d0061d24c67:0x7c351057accb9b9f","Friday","10 am–8 pm"
"0x30e29d0061d24c67:0x7c351057accb9b9f","Saturday","10 am–8 pm"
"0x30e29d0061d24c67:0x7c351057accb9b9f","Sunday","10 am–8 pm"
"0x30e29d0061d24c67:0x7c351057accb9b9f","Monday","10 am–8 pm"
"0x30e2997f056535bb:0xca373a778eed275f","Tuesday","10 AM–8 PM"
"0x30e2997f056535bb:0xca373a778eed275f","Wednesday","10 AM–8 PM"
"0x30e2997f056535bb:0xca373a778eed275f","Thursday","10 AM–8 PM"
"0x30e2997f056535bb:0xca373a778eed275f","Friday","10 AM–8 PM"
"0x30e2997f056535bb:0xca373a778eed275f","Saturday","10 AM–8 PM"
"0x30e2997f056535bb:0xca373a778eed275f","Sunday","10 AM–8 PM"
"0x30e2997f056535bb:0xca373a778eed275f","Monday","10 AM–8 PM"
"0x30e29f7bccfc030b:0xcd91c15f015bf660","Tuesday","10.00 am–8.00 pm"
"0x30e29f7bccfc030b:0xcd91c15f015bf660","Wednesday","10.00 am–8.00 pm"
"0x30e29f7bccfc030b:0xcd91c15f015bf660","Thursday","10.00 am–8.00 pm"
"0x30e29f7bccfc030b:0xcd91c15f015bf660","Friday","10.00 am–8.00 pm"
"0x30e29f7bccfc030b:0xcd91c15f015bf660","Saturday","10.00 am–6.00 pm"
"0x30e29f7bccfc030b:0xcd91c15f015bf660","Sunday","10.00 am–6.00 pm"
"0x30e29f7bccfc030b:0xcd91c15f015bf660","Monday","Closed"
"0x311d60d0ea812a43:0xc4bdda86014d5d6d","Tuesday","11 am–8 pm"
"0x311d60d0ea812a43:0xc4bdda86014d5d6d","Wednesday","11 am–8 pm"
"0x311d60d0ea812a43:0xc4bdda86014d5d6d","Thursday","11 am–8 pm"
"0x311d60d0ea812a43:0xc4bdda86014d5d6d","Friday","11 am–8 pm"
"0x311d60d0ea812a43:0xc4bdda86014d5d6d","Saturday","11 am–8 pm"
"0x311d60d0ea812a43:0xc4bdda86014d5d6d","Sunday","11 am–8 pm"
"0x311d60d0ea812a43:0xc4bdda86014d5d6d","Monday","11 am–8 pm"
"0x30e2994c710ab4bd:0x65b266565f9abd01","Tuesday","11 am–9 pm"
"0x30e2994c710ab4bd:0x65b266565f9abd01","Wednesday","11 am–9 pm"
"0x30e2994c710ab4bd:0x65b266565f9abd01","Thursday","11 am–9 pm"
"0x30e2994c710ab4bd:0x65b266565f9abd01","Friday","11 am–9 pm"
"0x30e2994c710ab4bd:0x65b266565f9abd01","Saturday","11 am–9 pm"
"0x30e2994c710ab4bd:0x65b266565f9abd01","Sunday","11 am–9 pm"
"0x30e2994c710ab4bd:0x65b266565f9abd01","Monday","11 am–9 pm"
"0x30e29f1385a0cf5b:0x8f7c1a54367d2b53","Tuesday","10.00 am–8.00 pm"
"0x30e29f1385a0cf5b:0x8f7c1a54367d2b53","Wednesday","10.00 am–8.00 pm"
"0x30e29f1385a0cf5b:0x8f7c1a54367d2b53","Thursday","10.00 am–8.00 pm"
"0x30e29f1385a0cf5b:0x8f7c1a54367d2b53","Friday","10.00 am–8.00 pm"
"0x30e29f1385a0cf5b:0x8f7c1a54367d2b53","Saturday","10.00 am–8.00 pm"
"0x30e29f1385a0cf5b:0x8f7c1a54367d2b53","Sunday","10.00 am–8.00 pm"
"0x30e29f1385a0cf5b:0x8f7c1a54367d2b53","Monday","10.00 am–8.00 pm"
"0x30e299b8ee359fab:0x8c32da60bf23e8f4","Tuesday","10.30 am–7.00 pm"
"0x30e299b8ee359fab:0x8c32da60bf23e8f4","Wednesday","10.30 am–7.00 pm"
"0x30e299b8ee359fab:0x8c32da60bf23e8f4","Thursday","10.30 am–7.00 pm"
"0x30e299b8ee359fab:0x8c32da60bf23e8f4","Friday","10.30 am–7.00 pm"
"0x30e299b8ee359fab:0x8c32da60bf23e8f4","Saturday","10.30 am–7.00 pm"
"0x30e299b8ee359fab:0x8c32da60bf23e8f4","Sunday","10.30 am–7.00 pm"
"0x30e299b8ee359fab:0x8c32da60bf23e8f4","Monday","10.30 am–7.00 pm"
"0x30e298eec655b869:0x19f2eb67cdcdc887","Tuesday","8.00 am–4.00 pm"
"0x30e298eec655b869:0x19f2eb67cdcdc887","Wednesday","8.00 am–4.00 pm"
"0x30e298eec655b869:0x19f2eb67cdcdc887","Thursday","8.00 am–4.00 pm"
"0x30e298eec655b869:0x19f2eb67cdcdc887","Friday","8.00 am–4.00 pm"
"0x30e298eec655b869:0x19f2eb67cdcdc887","Saturday","8.00 am–12.00 pm"
"0x30e298eec655b869:0x19f2eb67cdcdc887","Sunday","Closed"
"0x30e298eec655b869:0x19f2eb67cdcdc887","Monday","8.00 am–4.00 pm"
"0x30e29f72a8978927:0x2c73905bdd987c80","Tuesday","10 am–8 pm"
"0x30e29f72a8978927:0x2c73905bdd987c80","Wednesday","10 am–8 pm"
"0x30e29f72a8978927:0x2c73905bdd987c80","Thursday","10 am–8 pm"
"0x30e29f72a8978927:0x2c73905bdd987c80","Friday","10 am–8 pm"
"0x30e29f72a8978927:0x2c73905bdd987c80","Saturday","10 am–8 pm"
"0x30e29f72a8978927:0x2c73905bdd987c80","Sunday","10 am–8 pm"
"0x30e29f72a8978927:0x2c73905bdd987c80","Monday","10 am–8 pm"
"0x311d61bae6b2aa05:0xc7aac9f037c4890d","Tuesday","10.00 am–7.30 pm"
"0x311d61bae6b2aa05:0xc7aac9f037c4890d","Wednesday","Closed"
"0x311d61bae6b2aa05:0xc7aac9f037c4890d","Thursday","10.00 am–7.30 pm"
"0x311d61bae6b2aa05:0xc7aac9f037c4890d","Friday","10.00 am–7.30 pm"
"0x311d61bae6b2aa05:0xc7aac9f037c4890d","Saturday","10.00 am–7.30 pm"
"0x311d61bae6b2aa05:0xc7aac9f037c4890d","Sunday","10.00 am–7.30 pm"
"0x311d61bae6b2aa05:0xc7aac9f037c4890d","Monday","10.00 am–7.30 pm"
"0x30e29e0702183123:0x3d06f4a1b93e043b","Tuesday","10:30 am–8:30 pm"
"0x30e29e0702183123:0x3d06f4a1b93e043b","Wednesday","10:30 am–8:30 pm"
"0x30e29e0702183123:0x3d06f4a1b93e043b","Thursday","10:30 am–8:30 pm"
"0x30e29e0702183123:0x3d06f4a1b93e043b","Friday","10:30 am–8:30 pm"
"0x30e29e0702183123:0x3d06f4a1b93e043b","Saturday","10:30 am–8:30 pm"
"0x30e29e0702183123:0x3d06f4a1b93e043b","Sunday","10:30 am–8:30 pm"
"0x30e29e0702183123:0x3d06f4a1b93e043b","Monday","10:30 am–8:30 pm"
"0x30e29c5aff63bbe3:0x90a95d7b227277a3","Tuesday","10 am–8 pm"
"0x30e29c5aff63bbe3:0x90a95d7b227277a3","Wednesday","10 am–8 pm"
"0x30e29c5aff63bbe3:0x90a95d7b227277a3","Thursday","10 am–8 pm"
"0x30e29c5aff63bbe3:0x90a95d7b227277a3","Friday","10 am–8 pm"
"0x30e29c5aff63bbe3:0x90a95d7b227277a3","Saturday","10 am–8 pm"
"0x30e29c5aff63bbe3:0x90a95d7b227277a3","Sunday","10 am–8 pm"
"0x30e29c5aff63bbe3:0x90a95d7b227277a3","Monday","10 am–8 pm"
"0x30e29d2535a56637:0xee835e0c242f48ec","Tuesday","10 am–8 pm"
"0x30e29d2535a56637:0xee835e0c242f48ec","Wednesday","10 am–8 pm"
"0x30e29d2535a56637:0xee835e0c242f48ec","Thursday","10 am–8 pm"
"0x30e29d2535a56637:0xee835e0c242f48ec","Friday","10 am–8 pm"
"0x30e29d2535a56637:0xee835e0c242f48ec","Saturday","10 am–8 pm"
"0x30e29d2535a56637:0xee835e0c242f48ec","Sunday","10 am–8 pm"
"0x30e29d2535a56637:0xee835e0c242f48ec","Monday","10 am–8 pm"
"0x30e29cdd8e0d1393:0xa465f6bf2cf3fb85","Tuesday","10 am–8 pm"
"0x30e29cdd8e0d1393:0xa465f6bf2cf3fb85","Wednesday","10 am–8 pm"
"0x30e29cdd8e0d1393:0xa465f6bf2cf3fb85","Thursday","10 am–8 pm"
"0x30e29cdd8e0d1393:0xa465f6bf2cf3fb85","Friday","10 am–8 pm"
"0x30e29cdd8e0d1393:0xa465f6bf2cf3fb85","Saturday","10 am–8 pm"
"0x30e29cdd8e0d1393:0xa465f6bf2cf3fb85","Sunday","10 am–8 pm"
"0x30e29cdd8e0d1393:0xa465f6bf2cf3fb85","Monday","10 am–8 pm"
"0x30e29d907fdd72fb:0x376f8f37dd862624","Tuesday","10 am–8 pm"
"0x30e29d907fdd72fb:0x376f8f37dd862624","Wednesday","10 am–8 pm"
"0x30e29d907fdd72fb:0x376f8f37dd862624","Thursday","10 am–8 pm"
"0x30e29d907fdd72fb:0x376f8f37dd862624","Friday","10 am–8 pm"
"0x30e29d907fdd72fb:0x376f8f37dd862624","Saturday","10 am–8 pm"
"0x30e29d907fdd72fb:0x376f8f37dd862624","Sunday","10 am–8 pm"
"0x30e29d907fdd72fb:0x376f8f37dd862624","Monday","10 am–8 pm"
"0x30e29d8fe880e74f:0xc9bfcd6ead03ad1e","Tuesday","10 am–8 pm"
"0x30e29d8fe880e74f:0xc9bfcd6ead03ad1e","Wednesday","10 am–8 pm"
"0x30e29d8fe880e74f:0xc9bfcd6ead03ad1e","Thursday","10 am–8 pm"
"0x30e29d8fe880e74f:0xc9bfcd6ead03ad1e","Friday","10 am–8 pm"
"0x30e29d8fe880e74f:0xc9bfcd6ead03ad1e","Saturday","10 am–8 pm"
"0x30e29d8fe880e74f:0xc9bfcd6ead03ad1e","Sunday","10 am–8 pm"
"0x30e29d8fe880e74f:0xc9bfcd6ead03ad1e","Monday","10 am–8 pm"
"0x30e29b001a3bacad:0x2a7087bac1ca13e7","Tuesday","10 am–8 pm"
"0x30e29b001a3bacad:0x2a7087bac1ca13e7","Wednesday","10 am–8 pm"
"0x30e29b001a3bacad:0x2a7087bac1ca13e7","Thursday","10 am–8 pm"
"0x30e29b001a3bacad:0x2a7087bac1ca13e7","Friday","10 am–8 pm"
"0x30e29b001a3bacad:0x2a7087bac1ca13e7","Saturday","10 am–8 pm"
"0x30e29b001a3bacad:0x2a7087bac1ca13e7","Sunday","10 am–8 pm"
"0x30e29b001a3bacad:0x2a7087bac1ca13e7","Monday","10 am–8 pm"
"0x30e2995162e27fb9:0x10ce157b6a05f399","Tuesday","Closed"
"0x30e2995162e27fb9:0x10ce157b6a05f399","Wednesday","11 am–8 pm"
"0x30e2995162e27fb9:0x10ce157b6a05f399","Thursday","11 am–8 pm"
"0x30e2995162e27fb9:0x10ce157b6a05f399","Friday","11 am–8 pm"
"0x30e2995162e27fb9:0x10ce157b6a05f399","Saturday","11 am–8 pm"
"0x30e2995162e27fb9:0x10ce157b6a05f399","Sunday","11 am–8 pm"
"0x30e2995162e27fb9:0x10ce157b6a05f399","Monday","11 am–8 pm"
"0x30e29870fb050a25:0xea31a38ab87fcc67","Tuesday","10 am–8 pm"
"0x30e29870fb050a25:0xea31a38ab87fcc67","Wednesday","10 am–8 pm"
"0x30e29870fb050a25:0xea31a38ab87fcc67","Thursday","10 am–8 pm"
"0x30e29870fb050a25:0xea31a38ab87fcc67","Friday","10 am–8 pm"
"0x30e29870fb050a25:0xea31a38ab87fcc67","Saturday","10 am–8 pm"
"0x30e29870fb050a25:0xea31a38ab87fcc67","Sunday","10 am–8 pm"
"0x30e29870fb050a25:0xea31a38ab87fcc67","Monday","10 am–8 pm"
"0x30e2a2b80a22cc97:0x114a3e201b8e33df","Tuesday","10 am–8 pm"
"0x30e2a2b80a22cc97:0x114a3e201b8e33df","Wednesday","10 am–8 pm"
"0x30e2a2b80a22cc97:0x114a3e201b8e33df","Thursday","10 am–8 pm"
"0x30e2a2b80a22cc97:0x114a3e201b8e33df","Friday","10 am–8 pm"
"0x30e2a2b80a22cc97:0x114a3e201b8e33df","Saturday","10 am–8 pm"
"0x30e2a2b80a22cc97:0x114a3e201b8e33df","Sunday","10 am–8 pm"
"0x30e2a2b80a22cc97:0x114a3e201b8e33df","Monday","10 am–8 pm"
"0x30e2a3fa98019235:0x8010f5628656c9f9","Tuesday","11 am–7:30 pm"
"0x30e2a3fa98019235:0x8010f5628656c9f9","Wednesday","11 am–7:30 pm"
"0x30e2a3fa98019235:0x8010f5628656c9f9","Thursday","11 am–7:30 pm"
"0x30e2a3fa98019235:0x8010f5628656c9f9","Friday","11 am–7:30 pm"
"0x30e2a3fa98019235:0x8010f5628656c9f9","Saturday","11 am–7:30 pm"
"0x30e2a3fa98019235:0x8010f5628656c9f9","Sunday","11 am–7:30 pm"
"0x30e2a3fa98019235:0x8010f5628656c9f9","Monday","11 am–7:30 pm"
"0x30e29fee2ee4eeab:0x99e056660553f86b","Tuesday","11 am–8 pm"
"0x30e29fee2ee4eeab:0x99e056660553f86b","Wednesday","11 am–8 pm"
"0x30e29fee2ee4eeab:0x99e056660553f86b","Thursday","11 am–8 pm"
"0x30e29fee2ee4eeab:0x99e056660553f86b","Friday","11 am–8 pm"
"0x30e29fee2ee4eeab:0x99e056660553f86b","Saturday","11 am–8 pm"
"0x30e29fee2ee4eeab:0x99e056660553f86b","Sunday","11 am–8 pm"
"0x30e29fee2ee4eeab:0x99e056660553f86b","Monday","11 am–8 pm"
"0x311d61e2336d14ff:0x1cde2f8f2de709c1","Tuesday","10 am–8 pm"
"0x311d61e2336d14ff:0x1cde2f8f2de709c1","Wednesday","10 am–8 pm"
"0x311d61e2336d14ff:0x1cde2f8f2de709c1","Thursday","10 am–8 pm"
"0x311d61e2336d14ff:0x1cde2f8f2de709c1","Friday","10 am–8 pm"
"0x311d61e2336d14ff:0x1cde2f8f2de709c1","Saturday","10 am–8 pm"
"0x311d61e2336d14ff:0x1cde2f8f2de709c1","Sunday","10 am–8 pm"
"0x311d61e2336d14ff:0x1cde2f8f2de709c1","Monday","10 am–8 pm"
"0x311d61844401bd29:0x3377602c6a1b220","Tuesday","Closed"
"0x311d61844401bd29:0x3377602c6a1b220","Wednesday","10 am–7 pm"
"0x311d61844401bd29:0x3377602c6a1b220","Thursday","10 am–7 pm"
"0x311d61844401bd29:0x3377602c6a1b220","Friday","Closed"
"0x311d61844401bd29:0x3377602c6a1b220","Saturday","10 am–8 pm"
"0x311d61844401bd29:0x3377602c6a1b220","Sunday","1–8 pm"
"0x311d61844401bd29:0x3377602c6a1b220","Monday","10 am–7 pm"
"0x30e29945110c8677:0x10f41f1ddeedc0ab","Tuesday","10 AM–8 PM"
"0x30e29945110c8677:0x10f41f1ddeedc0ab","Wednesday","10 AM–8 PM"
"0x30e29945110c8677:0x10f41f1ddeedc0ab","Thursday","10 AM–8 PM"
"0x30e29945110c8677:0x10f41f1ddeedc0ab","Friday","10 AM–8 PM"
"0x30e29945110c8677:0x10f41f1ddeedc0ab","Saturday","10 AM–8 PM"
"0x30e29945110c8677:0x10f41f1ddeedc0ab","Sunday","10 AM–8 PM"
"0x30e29945110c8677:0x10f41f1ddeedc0ab","Monday","Closed"
"0x30e29fc194e0e9bd:0x7e119a53aeae57f8","Tuesday","9 am–6 pm"
"0x30e29fc194e0e9bd:0x7e119a53aeae57f8","Wednesday","9 am–8 pm"
"0x30e29fc194e0e9bd:0x7e119a53aeae57f8","Thursday","9 am–8 pm"
"0x30e29fc194e0e9bd:0x7e119a53aeae57f8","Friday","9 am–8 pm"
"0x30e29fc194e0e9bd:0x7e119a53aeae57f8","Saturday","9 am–8 pm"
"0x30e29fc194e0e9bd:0x7e119a53aeae57f8","Sunday","9 am–8 pm"
"0x30e29fc194e0e9bd:0x7e119a53aeae57f8","Monday","9 am–8 pm"
"0x30e29ff499b641af:0xbf26dfe9fcfc6bb","Tuesday","10:30 am–8 pm"
"0x30e29ff499b641af:0xbf26dfe9fcfc6bb","Wednesday","10:30 am–8 pm"
"0x30e29ff499b641af:0xbf26dfe9fcfc6bb","Thursday","10:30 am–8 pm"
"0x30e29ff499b641af:0xbf26dfe9fcfc6bb","Friday","10:30 am–8 pm"
"0x30e29ff499b641af:0xbf26dfe9fcfc6bb","Saturday","10:30 am–8 pm"
"0x30e29ff499b641af:0xbf26dfe9fcfc6bb","Sunday","10:30 am–8 pm"
"0x30e29ff499b641af:0xbf26dfe9fcfc6bb","Monday","10:30 am–8 pm"
"0x30e2a0029d937373:0xd3f369cc234e950b","Tuesday","10 am–8 pm"
"0x30e2a0029d937373:0xd3f369cc234e950b","Wednesday","10 am–8 pm"
"0x30e2a0029d937373:0xd3f369cc234e950b","Thursday","10 am–8 pm"
"0x30e2a0029d937373:0xd3f369cc234e950b","Friday","10 am–8 pm"
"0x30e2a0029d937373:0xd3f369cc234e950b","Saturday","10 am–8 pm"
"0x30e2a0029d937373:0xd3f369cc234e950b","Sunday","10 am–8 pm"
"0x30e2a0029d937373:0xd3f369cc234e950b","Monday","10 am–8 pm"
"0x30e29e1e8992de09:0x6dd4088af331c6dd","Tuesday","10 am–7 pm"
"0x30e29e1e8992de09:0x6dd4088af331c6dd","Wednesday","10 am–7 pm"
"0x30e29e1e8992de09:0x6dd4088af331c6dd","Thursday","10 am–7 pm"
"0x30e29e1e8992de09:0x6dd4088af331c6dd","Friday","10 am–7 pm"
"0x30e29e1e8992de09:0x6dd4088af331c6dd","Saturday","10 am–7 pm"
"0x30e29e1e8992de09:0x6dd4088af331c6dd","Sunday","10 am–7 pm"
"0x30e29e1e8992de09:0x6dd4088af331c6dd","Monday","10 am–7 pm"
"0x30e29dd6dfbe28db:0xa5aba9d03549e7c1","Tuesday","10 am–8 pm"
"0x30e29dd6dfbe28db:0xa5aba9d03549e7c1","Wednesday","10 am–8 pm"
"0x30e29dd6dfbe28db:0xa5aba9d03549e7c1","Thursday","10 am–8 pm"
"0x30e29dd6dfbe28db:0xa5aba9d03549e7c1","Friday","10 am–8 pm"
"0x30e29dd6dfbe28db:0xa5aba9d03549e7c1","Saturday","10 am–8 pm"
"0x30e29dd6dfbe28db:0xa5aba9d03549e7c1","Sunday","10 am–8 pm"
"0x30e29dd6dfbe28db:0xa5aba9d03549e7c1","Monday","10 am–8 pm"
"0x30e29eb58aaf2429:0x6e6e2d3ae0e8aad6","Tuesday","8:30 am–6 pm"
"0x30e29eb58aaf2429:0x6e6e2d3ae0e8aad6","Wednesday","8:30 am–6 pm"
"0x30e29eb58aaf2429:0x6e6e2d3ae0e8aad6","Thursday","8:30 am–6 pm"
"0x30e29eb58aaf2429:0x6e6e2d3ae0e8aad6","Friday","8:30 am–6 pm"
"0x30e29eb58aaf2429:0x6e6e2d3ae0e8aad6","Saturday","Closed"
"0x30e29eb58aaf2429:0x6e6e2d3ae0e8aad6","Sunday","Closed"
"0x30e29eb58aaf2429:0x6e6e2d3ae0e8aad6","Monday","8:30 am–6 pm"
"0x30e29e18bc11c373:0x82f4b05c0099396c","Tuesday","9 am–8 pm"
"0x30e29e18bc11c373:0x82f4b05c0099396c","Wednesday","9 am–8 pm"
"0x30e29e18bc11c373:0x82f4b05c0099396c","Thursday","9 am–8 pm"
"0x30e29e18bc11c373:0x82f4b05c0099396c","Friday","9 am–7 pm"
"0x30e29e18bc11c373:0x82f4b05c0099396c","Saturday","9 am–7 pm"
"0x30e29e18bc11c373:0x82f4b05c0099396c","Sunday","9 am–8 pm"
"0x30e29e18bc11c373:0x82f4b05c0099396c","Monday","9 am–8 pm"
"0x30e29e02acebc6f1:0x4cc86f4d30543a2c","Tuesday","11 am–7 pm"
"0x30e29e02acebc6f1:0x4cc86f4d30543a2c","Wednesday","11 am–7 pm"
"0x30e29e02acebc6f1:0x4cc86f4d30543a2c","Thursday","11 am–7 pm"
"0x30e29e02acebc6f1:0x4cc86f4d30543a2c","Friday","11 am–7 pm"
"0x30e29e02acebc6f1:0x4cc86f4d30543a2c","Saturday","11 am–7 pm"
"0x30e29e02acebc6f1:0x4cc86f4d30543a2c","Sunday","11 am–7 pm"
"0x30e29e02acebc6f1:0x4cc86f4d30543a2c","Monday","11 am–7 pm"
"0x30e2a27b92125829:0x6ccbf8ea0ff4965f","Tuesday","9 am–7 pm"
"0x30e2a27b92125829:0x6ccbf8ea0ff4965f","Wednesday","9 am–7 pm"
"0x30e2a27b92125829:0x6ccbf8ea0ff4965f","Thursday","9 am–7 pm"
"0x30e2a27b92125829:0x6ccbf8ea0ff4965f","Friday","9 am–7 pm"
"0x30e2a27b92125829:0x6ccbf8ea0ff4965f","Saturday","9 am–7 pm"
"0x30e2a27b92125829:0x6ccbf8ea0ff4965f","Sunday","9 am–7 pm"
"0x30e2a27b92125829:0x6ccbf8ea0ff4965f","Monday","9 am–7 pm"
"0x30e2a011a97a72c1:0x6b4e32c4f171934b","Tuesday","9 am–5:30 pm"
"0x30e2a011a97a72c1:0x6b4e32c4f171934b","Wednesday","9 am–5:30 pm"
"0x30e2a011a97a72c1:0x6b4e32c4f171934b","Thursday","9 am–5:30 pm"
"0x30e2a011a97a72c1:0x6b4e32c4f171934b","Friday","9 am–5:30 pm"
"0x30e2a011a97a72c1:0x6b4e32c4f171934b","Saturday","9 am–5:30 pm"
"0x30e2a011a97a72c1:0x6b4e32c4f171934b","Sunday","Closed"
"0x30e2a011a97a72c1:0x6b4e32c4f171934b","Monday","9 am–5:30 pm"
"0x30e29f9845e08bcf:0x6aba818ad5111003","Tuesday","8 am–8 pm"
"0x30e29f9845e08bcf:0x6aba818ad5111003","Wednesday","8 am–8 pm"
"0x30e29f9845e08bcf:0x6aba818ad5111003","Thursday","8 am–8 pm"
"0x30e29f9845e08bcf:0x6aba818ad5111003","Friday","8 am–8 pm"
"0x30e29f9845e08bcf:0x6aba818ad5111003","Saturday","8 am–8 pm"
"0x30e29f9845e08bcf:0x6aba818ad5111003","Sunday","8 am–8 pm"
"0x30e29f9845e08bcf:0x6aba818ad5111003","Monday","8 am–8 pm"
"0x30e297581b0634d5:0x6fa5c66ad367ac53","Tuesday","10.00 am–8.00 pm"
"0x30e297581b0634d5:0x6fa5c66ad367ac53","Wednesday","10.00 am–8.00 pm"
"0x30e297581b0634d5:0x6fa5c66ad367ac53","Thursday","10.00 am–8.00 pm"
"0x30e297581b0634d5:0x6fa5c66ad367ac53","Friday","10.00 am–8.00 pm"
"0x30e297581b0634d5:0x6fa5c66ad367ac53","Saturday","10.00 am–8.00 pm"
"0x30e297581b0634d5:0x6fa5c66ad367ac53","Sunday","10.00 am–8.00 pm"
"0x30e297581b0634d5:0x6fa5c66ad367ac53","Monday","10.00 am–8.00 pm"
"0x311d61cc629e7ac3:0x82fce45cae5c66b1","Tuesday","10 am–8 pm"
"0x311d61cc629e7ac3:0x82fce45cae5c66b1","Wednesday","10 am–8 pm"
"0x311d61cc629e7ac3:0x82fce45cae5c66b1","Thursday","10 am–8 pm"
"0x311d61cc629e7ac3:0x82fce45cae5c66b1","Friday","10 am–8 pm"
"0x311d61cc629e7ac3:0x82fce45cae5c66b1","Saturday","10 am–8 pm"
"0x311d61cc629e7ac3:0x82fce45cae5c66b1","Sunday","10 am–8 pm"
"0x311d61cc629e7ac3:0x82fce45cae5c66b1","Monday","10 am–8 pm"
"0x311d618ccfa73d23:0xf9581f6c3bcb4985","Tuesday","10:30 am–8:30 pm"
"0x311d618ccfa73d23:0xf9581f6c3bcb4985","Wednesday","10:30 am–8:30 pm"
"0x311d618ccfa73d23:0xf9581f6c3bcb4985","Thursday","10:30 am–8:30 pm"
"0x311d618ccfa73d23:0xf9581f6c3bcb4985","Friday","10:30 am–8:30 pm"
"0x311d618ccfa73d23:0xf9581f6c3bcb4985","Saturday","10:30 am–8:30 pm"
"0x311d618ccfa73d23:0xf9581f6c3bcb4985","Sunday","10:30 am–8:30 pm"
"0x311d618ccfa73d23:0xf9581f6c3bcb4985","Monday","10:30 am–8:30 pm"
"0x30e291c3edcd47c9:0x168e612160e71ca5","Tuesday","1–8 pm"
"0x30e291c3edcd47c9:0x168e612160e71ca5","Wednesday","Closed"
"0x30e291c3edcd47c9:0x168e612160e71ca5","Thursday","1–8 pm"
"0x30e291c3edcd47c9:0x168e612160e71ca5","Friday","1–8 pm"
"0x30e291c3edcd47c9:0x168e612160e71ca5","Saturday","10 am–8 pm"
"0x30e291c3edcd47c9:0x168e612160e71ca5","Sunday","10 am–8 pm"
"0x30e291c3edcd47c9:0x168e612160e71ca5","Monday","1–8 pm"
"0x30e29b2e11a24d61:0xdaead6c3f948bbd9","Tuesday","10 am–8 pm"
"0x30e29b2e11a24d61:0xdaead6c3f948bbd9","Wednesday","10 am–8 pm"
"0x30e29b2e11a24d61:0xdaead6c3f948bbd9","Thursday","10 am–8 pm"
"0x30e29b2e11a24d61:0xdaead6c3f948bbd9","Friday","10 am–8 pm"
"0x30e29b2e11a24d61:0xdaead6c3f948bbd9","Saturday","10 am–8 pm"
"0x30e29b2e11a24d61:0xdaead6c3f948bbd9","Sunday","10 am–8 pm"
"0x30e29b2e11a24d61:0xdaead6c3f948bbd9","Monday","10 am–8 pm"
"0x30e29a3b52048c9d:0xbfabe2d72fd032b0","Tuesday","8 am–8 pm"
"0x30e29a3b52048c9d:0xbfabe2d72fd032b0","Wednesday","8 am–8 pm"
"0x30e29a3b52048c9d:0xbfabe2d72fd032b0","Thursday","8 am–8 pm"
"0x30e29a3b52048c9d:0xbfabe2d72fd032b0","Friday","8 am–8 pm"
"0x30e29a3b52048c9d:0xbfabe2d72fd032b0","Saturday","Closed"
"0x30e29a3b52048c9d:0xbfabe2d72fd032b0","Sunday","Closed"
"0x30e29a3b52048c9d:0xbfabe2d72fd032b0","Monday","8 am–8 pm"
"0x30e29773ba7f28db:0x21e8318535ab81f5","Tuesday","10 am–8 pm"
"0x30e29773ba7f28db:0x21e8318535ab81f5","Wednesday","10 am–8 pm"
"0x30e29773ba7f28db:0x21e8318535ab81f5","Thursday","10 am–8 pm"
"0x30e29773ba7f28db:0x21e8318535ab81f5","Friday","10 am–8 pm"
"0x30e29773ba7f28db:0x21e8318535ab81f5","Saturday","10 am–8 pm"
"0x30e29773ba7f28db:0x21e8318535ab81f5","Sunday","10 am–8 pm"
"0x30e29773ba7f28db:0x21e8318535ab81f5","Monday","10 am–8 pm"
"0x30e2a3d71c86f57b:0xd2105a0626422d8","Tuesday","10 am–8 pm"
"0x30e2a3d71c86f57b:0xd2105a0626422d8","Wednesday","10 am–8 pm"
"0x30e2a3d71c86f57b:0xd2105a0626422d8","Thursday","10 am–8 pm"
"0x30e2a3d71c86f57b:0xd2105a0626422d8","Friday","10 am–8 pm"
"0x30e2a3d71c86f57b:0xd2105a0626422d8","Saturday","10 am–9 pm"
"0x30e2a3d71c86f57b:0xd2105a0626422d8","Sunday","10 am–8 pm"
"0x30e2a3d71c86f57b:0xd2105a0626422d8","Monday","10 am–8 pm"
"0xacea788991e2ed3d:0xfafd0342113e3a0d","Tuesday","10 am–8 pm"
"0xacea788991e2ed3d:0xfafd0342113e3a0d","Wednesday","10 am–8 pm"
"0xacea788991e2ed3d:0xfafd0342113e3a0d","Thursday","10 am–8 pm"
"0xacea788991e2ed3d:0xfafd0342113e3a0d","Friday","10 am–8 pm"
"0xacea788991e2ed3d:0xfafd0342113e3a0d","Saturday","10 am–8 pm"
"0xacea788991e2ed3d:0xfafd0342113e3a0d","Sunday","10 am–8 pm"
"0xacea788991e2ed3d:0xfafd0342113e3a0d","Monday","10 am–8 pm"
"0x311d5f65626df1b7:0x806dfe7348fb107","Tuesday","8:30 am–8:30 pm"
"0x311d5f65626df1b7:0x806dfe7348fb107","Wednesday","8:30 am–8:30 pm"
"0x311d5f65626df1b7:0x806dfe7348fb107","Thursday","8:30 am–8:30 pm"
"0x311d5f65626df1b7:0x806dfe7348fb107","Friday","8:30 am–8:30 pm"
"0x311d5f65626df1b7:0x806dfe7348fb107","Saturday","8:30 am–8:30 pm"
"0x311d5f65626df1b7:0x806dfe7348fb107","Sunday","8:30 am–8:30 pm"
"0x311d5f65626df1b7:0x806dfe7348fb107","Monday","8:30 am–8:30 pm"
"0x311d61812e6d114d:0xbf165039d307ee07","Tuesday","10:30 am–8 pm"
"0x311d61812e6d114d:0xbf165039d307ee07","Wednesday","10:30 am–8 pm"
"0x311d61812e6d114d:0xbf165039d307ee07","Thursday","10:30 am–8 pm"
"0x311d61812e6d114d:0xbf165039d307ee07","Friday","10:30 am–8 pm"
"0x311d61812e6d114d:0xbf165039d307ee07","Saturday","10:30 am–8 pm"
"0x311d61812e6d114d:0xbf165039d307ee07","Sunday","10:30 am–8 pm"
"0x311d61812e6d114d:0xbf165039d307ee07","Monday","10:30 am–8 pm"
"0x311d5fdf116b3d61:0x1ea96250fd209a2","Tuesday","9 am–8 pm"
"0x311d5fdf116b3d61:0x1ea96250fd209a2","Wednesday","9 am–8 pm"
"0x311d5fdf116b3d61:0x1ea96250fd209a2","Thursday","9 am–8 pm"
"0x311d5fdf116b3d61:0x1ea96250fd209a2","Friday","9 am–8 pm"
"0x311d5fdf116b3d61:0x1ea96250fd209a2","Saturday","8:30 am–6 pm"
"0x311d5fdf116b3d61:0x1ea96250fd209a2","Sunday","8:30 am–6 pm"
"0x311d5fdf116b3d61:0x1ea96250fd209a2","Monday","9 am–8 pm"
"0x311d618ccc90805d:0x5ef411e6df182329","Tuesday","10 am–8 pm"
"0x311d618ccc90805d:0x5ef411e6df182329","Wednesday","10 am–8 pm"
"0x311d618ccc90805d:0x5ef411e6df182329","Thursday","10 am–8 pm"
"0x311d618ccc90805d:0x5ef411e6df182329","Friday","10 am–8 pm"
"0x311d618ccc90805d:0x5ef411e6df182329","Saturday","10 am–8 pm"
"0x311d618ccc90805d:0x5ef411e6df182329","Sunday","10 am–8 pm"
"0x311d618ccc90805d:0x5ef411e6df182329","Monday","10 am–8 pm"
"0x311d6359bfccb357:0xfd32bc50737aba22","Tuesday","10 am–7:30 pm"
"0x311d6359bfccb357:0xfd32bc50737aba22","Wednesday","10 am–7:30 pm"
"0x311d6359bfccb357:0xfd32bc50737aba22","Thursday","10 am–7:30 pm"
"0x311d6359bfccb357:0xfd32bc50737aba22","Friday","10 am–7:30 pm"
"0x311d6359bfccb357:0xfd32bc50737aba22","Saturday","10 am–7:30 pm"
"0x311d6359bfccb357:0xfd32bc50737aba22","Sunday","10 am–7:30 pm"
"0x311d6359bfccb357:0xfd32bc50737aba22","Monday","10 am–7:30 pm"
"0x30e2a2ccd73ee02b:0x82bb471aa4dd3185","Tuesday","11 am–8 pm"
"0x30e2a2ccd73ee02b:0x82bb471aa4dd3185","Wednesday","11 am–8 pm"
"0x30e2a2ccd73ee02b:0x82bb471aa4dd3185","Thursday","11 am–8 pm"
"0x30e2a2ccd73ee02b:0x82bb471aa4dd3185","Friday","11 am–8 pm"
"0x30e2a2ccd73ee02b:0x82bb471aa4dd3185","Saturday","11 am–8 pm"
"0x30e2a2ccd73ee02b:0x82bb471aa4dd3185","Sunday","11 am–8 pm"
"0x30e2a2ccd73ee02b:0x82bb471aa4dd3185","Monday","11 am–8 pm"
"0x30e2a06b9e490c8d:0x2da66f9e5eef8119","Tuesday","10 am–8 pm"
"0x30e2a06b9e490c8d:0x2da66f9e5eef8119","Wednesday","10 am–8 pm"
"0x30e2a06b9e490c8d:0x2da66f9e5eef8119","Thursday","10 am–8 pm"
"0x30e2a06b9e490c8d:0x2da66f9e5eef8119","Friday","10 am–8 pm"
"0x30e2a06b9e490c8d:0x2da66f9e5eef8119","Saturday","10 am–8 pm"
"0x30e2a06b9e490c8d:0x2da66f9e5eef8119","Sunday","10 am–8 pm"
"0x30e2a06b9e490c8d:0x2da66f9e5eef8119","Monday","10 am–8 pm"
"0x30e2a1329103e755:0xa76ec7e523ba32e","Tuesday","10 am–7 pm"
"0x30e2a1329103e755:0xa76ec7e523ba32e","Wednesday","10 am–7 pm"
"0x30e2a1329103e755:0xa76ec7e523ba32e","Thursday","10 am–7 pm"
"0x30e2a1329103e755:0xa76ec7e523ba32e","Friday","10 am–7 pm"
"0x30e2a1329103e755:0xa76ec7e523ba32e","Saturday","10 am–7 pm"
"0x30e2a1329103e755:0xa76ec7e523ba32e","Sunday","10 am–7 pm"
"0x30e2a1329103e755:0xa76ec7e523ba32e","Monday","Closed"
"0x311d61e0ba7d9dd5:0xfab5dd76d91f40b5","Tuesday","10 am–8 pm"
"0x311d61e0ba7d9dd5:0xfab5dd76d91f40b5","Wednesday","10 am–8 pm"
"0x311d61e0ba7d9dd5:0xfab5dd76d91f40b5","Thursday","10 am–8 pm"
"0x311d61e0ba7d9dd5:0xfab5dd76d91f40b5","Friday","10 am–8 pm"
"0x311d61e0ba7d9dd5:0xfab5dd76d91f40b5","Saturday","2–8 pm"
"0x311d61e0ba7d9dd5:0xfab5dd76d91f40b5","Sunday","Closed"
"0x311d61e0ba7d9dd5:0xfab5dd76d91f40b5","Monday","10 am–8 pm"
"0x311d61c80387610b:0x4d5f7ea595cf57e4","Tuesday","10 am–8 pm"
"0x311d61c80387610b:0x4d5f7ea595cf57e4","Wednesday","10 am–8 pm"
"0x311d61c80387610b:0x4d5f7ea595cf57e4","Thursday","10 am–8 pm"
"0x311d61c80387610b:0x4d5f7ea595cf57e4","Friday","10 am–8 pm"
"0x311d61c80387610b:0x4d5f7ea595cf57e4","Saturday","10 am–8 pm"
"0x311d61c80387610b:0x4d5f7ea595cf57e4","Sunday","10 am–8 pm"
"0x311d61c80387610b:0x4d5f7ea595cf57e4","Monday","10 am–8 pm"
"0x311d61b2a4a90aa7:0x6400acc7b3ad29a","Tuesday","10 am–8 pm"
"0x311d61b2a4a90aa7:0x6400acc7b3ad29a","Wednesday","10 am–8 pm"
"0x311d61b2a4a90aa7:0x6400acc7b3ad29a","Thursday","10 am–8 pm"
"0x311d61b2a4a90aa7:0x6400acc7b3ad29a","Friday","10 am–8 pm"
"0x311d61b2a4a90aa7:0x6400acc7b3ad29a","Saturday","10 am–8 pm"
"0x311d61b2a4a90aa7:0x6400acc7b3ad29a","Sunday","10 am–8 pm"
"0x311d61b2a4a90aa7:0x6400acc7b3ad29a","Monday","10 am–8 pm"
"0x30e298b467074931:0x5c6b87aad7eafd0a","Tuesday","9 am–8 pm"
"0x30e298b467074931:0x5c6b87aad7eafd0a","Wednesday","9 am–8 pm"
"0x30e298b467074931:0x5c6b87aad7eafd0a","Thursday","9 am–8 pm"
"0x30e298b467074931:0x5c6b87aad7eafd0a","Friday","Closed"
"0x30e298b467074931:0x5c6b87aad7eafd0a","Saturday","Closed"
"0x30e298b467074931:0x5c6b87aad7eafd0a","Sunday","9 am–8 pm"
"0x30e298b467074931:0x5c6b87aad7eafd0a","Monday","9 am–8 pm"
"0x30e29f916ebcf359:0x4dbfc96a2ca5866a","Tuesday","11 am–8 pm"
"0x30e29f916ebcf359:0x4dbfc96a2ca5866a","Wednesday","11 am–8 pm"
"0x30e29f916ebcf359:0x4dbfc96a2ca5866a","Thursday","11 am–8 pm"
"0x30e29f916ebcf359:0x4dbfc96a2ca5866a","Friday","11 am–8 pm"
"0x30e29f916ebcf359:0x4dbfc96a2ca5866a","Saturday","11 am–8 pm"
"0x30e29f916ebcf359:0x4dbfc96a2ca5866a","Sunday","11 am–8 pm"
"0x30e29f916ebcf359:0x4dbfc96a2ca5866a","Monday","11 am–8 pm"
"0x30e29838828cd869:0xc47a4fba08ca8469","Tuesday","10 am–8 pm"
"0x30e29838828cd869:0xc47a4fba08ca8469","Wednesday","10 am–8 pm"
"0x30e29838828cd869:0xc47a4fba08ca8469","Thursday","10 am–8 pm"
"0x30e29838828cd869:0xc47a4fba08ca8469","Friday","10 am–8 pm"
"0x30e29838828cd869:0xc47a4fba08ca8469","Saturday","10 am–8 pm"
"0x30e29838828cd869:0xc47a4fba08ca8469","Sunday","Closed"
"0x30e29838828cd869:0xc47a4fba08ca8469","Monday","10 am–8 pm"
"0x30e29faacfbf2beb:0x79c82f5d89716ac7","Tuesday","10 am–7 pm"
"0x30e29faacfbf2beb:0x79c82f5d89716ac7","Wednesday","10 am–7 pm"
"0x30e29faacfbf2beb:0x79c82f5d89716ac7","Thursday","10 am–7 pm"
"0x30e29faacfbf2beb:0x79c82f5d89716ac7","Friday","10 am–7 pm"
"0x30e29faacfbf2beb:0x79c82f5d89716ac7","Saturday","9 am–7 pm"
"0x30e29faacfbf2beb:0x79c82f5d89716ac7","Sunday","Closed"
"0x30e29faacfbf2beb:0x79c82f5d89716ac7","Monday","10 am–7 pm"
"0x30e29f097c1d74d9:0x145e1ea9e98c450a","Tuesday","Open 24 hours"
"0x30e29f097c1d74d9:0x145e1ea9e98c450a","Wednesday","Open 24 hours"
"0x30e29f097c1d74d9:0x145e1ea9e98c450a","Thursday","Open 24 hours"
"0x30e29f097c1d74d9:0x145e1ea9e98c450a","Friday","Open 24 hours"
"0x30e29f097c1d74d9:0x145e1ea9e98c450a","Saturday","Open 24 hours"
"0x30e29f097c1d74d9:0x145e1ea9e98c450a","Sunday","Open 24 hours"
"0x30e29f097c1d74d9:0x145e1ea9e98c450a","Monday","Open 24 hours"
"0x30e29e705658b941:0x9400486e984e5b48","Tuesday","10 am–8 pm"
"0x30e29e705658b941:0x9400486e984e5b48","Wednesday","10 am–8 pm"
"0x30e29e705658b941:0x9400486e984e5b48","Thursday","10 am–8 pm"
"0x30e29e705658b941:0x9400486e984e5b48","Friday","10 am–8 pm"
"0x30e29e705658b941:0x9400486e984e5b48","Saturday","10 am–8 pm"
"0x30e29e705658b941:0x9400486e984e5b48","Sunday","10 am–8 pm"
"0x30e29e705658b941:0x9400486e984e5b48","Monday","10 am–8 pm"
"0x30e29f2c010aa10f:0x62027b6d83836ce2","Tuesday","10:30 am–9 pm"
"0x30e29f2c010aa10f:0x62027b6d83836ce2","Wednesday","10:30 am–9 pm"
"0x30e29f2c010aa10f:0x62027b6d83836ce2","Thursday","10:30 am–9 pm"
"0x30e29f2c010aa10f:0x62027b6d83836ce2","Friday","10:30 am–9 pm"
"0x30e29f2c010aa10f:0x62027b6d83836ce2","Saturday","10:30 am–9 pm"
"0x30e29f2c010aa10f:0x62027b6d83836ce2","Sunday","10:30 am–9 pm"
"0x30e29f2c010aa10f:0x62027b6d83836ce2","Monday","10:30 am–9 pm"
"0x30e29da4cf50c3ab:0xdb3308627d4cf978","Tuesday","10 am–9 pm"
"0x30e29da4cf50c3ab:0xdb3308627d4cf978","Wednesday","10 am–9 pm"
"0x30e29da4cf50c3ab:0xdb3308627d4cf978","Thursday","10 am–9 pm"
"0x30e29da4cf50c3ab:0xdb3308627d4cf978","Friday","10 am–9 pm"
"0x30e29da4cf50c3ab:0xdb3308627d4cf978","Saturday","10 am–9 pm"
"0x30e29da4cf50c3ab:0xdb3308627d4cf978","Sunday","10 am–9 pm"
"0x30e29da4cf50c3ab:0xdb3308627d4cf978","Monday","10 am–9 pm"
"0x30e2a3967e4cd7d7:0xa7f466d43d683ab1","Tuesday","12–8 pm"
"0x30e2a3967e4cd7d7:0xa7f466d43d683ab1","Wednesday","12–8 pm"
"0x30e2a3967e4cd7d7:0xa7f466d43d683ab1","Thursday","12–8 pm"
"0x30e2a3967e4cd7d7:0xa7f466d43d683ab1","Friday","12–8 pm"
"0x30e2a3967e4cd7d7:0xa7f466d43d683ab1","Saturday","10 am–8 pm"
"0x30e2a3967e4cd7d7:0xa7f466d43d683ab1","Sunday","10 am–8 pm"
"0x30e2a3967e4cd7d7:0xa7f466d43d683ab1","Monday","12–8 pm"
"0x30e29f0049550e89:0x5eb67b5592daee90","Tuesday","10:30 am–8 pm"
"0x30e29f0049550e89:0x5eb67b5592daee90","Wednesday","10:30 am–8 pm"
"0x30e29f0049550e89:0x5eb67b5592daee90","Thursday","10:30 am–8 pm"
"0x30e29f0049550e89:0x5eb67b5592daee90","Friday","10:30 am–8 pm"
"0x30e29f0049550e89:0x5eb67b5592daee90","Saturday","10:30 am–8 pm"
"0x30e29f0049550e89:0x5eb67b5592daee90","Sunday","10:30 am–8 pm"
"0x30e29f0049550e89:0x5eb67b5592daee90","Monday","10:30 am–8 pm"
"0x30e29e0f015a7c93:0x6818d805ed5ac5fd","Tuesday","9 am–7 pm"
"0x30e29e0f015a7c93:0x6818d805ed5ac5fd","Wednesday","9 am–7 pm"
"0x30e29e0f015a7c93:0x6818d805ed5ac5fd","Thursday","9 am–7 pm"
"0x30e29e0f015a7c93:0x6818d805ed5ac5fd","Friday","9 am–7 pm"
"0x30e29e0f015a7c93:0x6818d805ed5ac5fd","Saturday","9 am–7 pm"
"0x30e29e0f015a7c93:0x6818d805ed5ac5fd","Sunday","9 am–5 pm"
"0x30e29e0f015a7c93:0x6818d805ed5ac5fd","Monday","9 am–7 pm"
"0x311d61f7993a862b:0x11a976b525767797","Tuesday","10 am–9 pm"
"0x311d61f7993a862b:0x11a976b525767797","Wednesday","10 am–9 pm"
"0x311d61f7993a862b:0x11a976b525767797","Thursday","10 am–9 pm"
"0x311d61f7993a862b:0x11a976b525767797","Friday","10 am–9 pm"
"0x311d61f7993a862b:0x11a976b525767797","Saturday","10 am–9 pm"
"0x311d61f7993a862b:0x11a976b525767797","Sunday","10 am–9 pm"
"0x311d61f7993a862b:0x11a976b525767797","Monday","10 am–9 pm"
"0x30e29a53c1ec9f5b:0x998ef4bb5cf1c3df","Tuesday","10 am–8 pm"
"0x30e29a53c1ec9f5b:0x998ef4bb5cf1c3df","Wednesday","10 am–8 pm"
"0x30e29a53c1ec9f5b:0x998ef4bb5cf1c3df","Thursday","10 am–8 pm"
"0x30e29a53c1ec9f5b:0x998ef4bb5cf1c3df","Friday","10 am–8 pm"
"0x30e29a53c1ec9f5b:0x998ef4bb5cf1c3df","Saturday","10 am–8 pm"
"0x30e29a53c1ec9f5b:0x998ef4bb5cf1c3df","Sunday","10 am–8 pm"
"0x30e29a53c1ec9f5b:0x998ef4bb5cf1c3df","Monday","10 am–8 pm"
"0x30e299869afbd86f:0x28355139c5abacba","Tuesday","10 am–8 pm"
"0x30e299869afbd86f:0x28355139c5abacba","Wednesday","10 am–8 pm"
"0x30e299869afbd86f:0x28355139c5abacba","Thursday","10 am–8 pm"
"0x30e299869afbd86f:0x28355139c5abacba","Friday","10 am–8 pm"
"0x30e299869afbd86f:0x28355139c5abacba","Saturday","10 am–8 pm"
"0x30e299869afbd86f:0x28355139c5abacba","Sunday","10 am–8 pm"
"0x30e299869afbd86f:0x28355139c5abacba","Monday","10 am–8 pm"
"0x30e29d09ef16d469:0x1be4fb6a6fea7c41","Tuesday","10 AM–7 PM"
"0x30e29d09ef16d469:0x1be4fb6a6fea7c41","Wednesday","10 AM–7 PM"
"0x30e29d09ef16d469:0x1be4fb6a6fea7c41","Thursday","10 AM–7 PM"
"0x30e29d09ef16d469:0x1be4fb6a6fea7c41","Friday","10 AM–7 PM"
"0x30e29d09ef16d469:0x1be4fb6a6fea7c41","Saturday","10 AM–7 PM"
"0x30e29d09ef16d469:0x1be4fb6a6fea7c41","Sunday","10 AM–7 PM"
"0x30e29d09ef16d469:0x1be4fb6a6fea7c41","Monday","10 AM–7 PM"
"0x30e29b649e373405:0x50055108ad28ff11","Tuesday","10 AM–8 PM"
"0x30e29b649e373405:0x50055108ad28ff11","Wednesday","10 AM–8 PM"
"0x30e29b649e373405:0x50055108ad28ff11","Thursday","10 AM–8 PM"
"0x30e29b649e373405:0x50055108ad28ff11","Friday","10 AM–8 PM"
"0x30e29b649e373405:0x50055108ad28ff11","Saturday","10 AM–8 PM"
"0x30e29b649e373405:0x50055108ad28ff11","Sunday","10 AM–8 PM"
"0x30e29b649e373405:0x50055108ad28ff11","Monday","10 AM–8 PM"
"0x30e29dc036180423:0xd9d084d2022efae6","Tuesday","5–8:30 pm"
"0x30e29dc036180423:0xd9d084d2022efae6","Wednesday","5–8:30 pm"
"0x30e29dc036180423:0xd9d084d2022efae6","Thursday","Closed"
"0x30e29dc036180423:0xd9d084d2022efae6","Friday","5–8:30 pm"
"0x30e29dc036180423:0xd9d084d2022efae6","Saturday","9 am–8 pm"
"0x30e29dc036180423:0xd9d084d2022efae6","Sunday","9 am–8 pm"
"0x30e29dc036180423:0xd9d084d2022efae6","Monday","5–8:30 pm"
"0x30e29de85c6c59a5:0xf9f5eab9b80a97c2","Tuesday","10 am–7:30 pm"
"0x30e29de85c6c59a5:0xf9f5eab9b80a97c2","Wednesday","10 am–7:30 pm"
"0x30e29de85c6c59a5:0xf9f5eab9b80a97c2","Thursday","10 am–7:30 pm"
"0x30e29de85c6c59a5:0xf9f5eab9b80a97c2","Friday","10 am–7:30 pm"
"0x30e29de85c6c59a5:0xf9f5eab9b80a97c2","Saturday","10 am–7:30 pm"
"0x30e29de85c6c59a5:0xf9f5eab9b80a97c2","Sunday","10 am–7:30 pm"
"0x30e29de85c6c59a5:0xf9f5eab9b80a97c2","Monday","10 am–7:30 pm"
"0x30e29166864cc8ad:0x509632079997caa","Tuesday","10 am–8 pm"
"0x30e29166864cc8ad:0x509632079997caa","Wednesday","Closed"
"0x30e29166864cc8ad:0x509632079997caa","Thursday","10 am–8 pm"
"0x30e29166864cc8ad:0x509632079997caa","Friday","10 am–8 pm"
"0x30e29166864cc8ad:0x509632079997caa","Saturday","9 am–6 pm"
"0x30e29166864cc8ad:0x509632079997caa","Sunday","9 am–6 pm"
"0x30e29166864cc8ad:0x509632079997caa","Monday","10 am–8 pm"
"0x30e298382ff2b5a1:0x3439d62990d40175","Tuesday","10 am–6 pm"
"0x30e298382ff2b5a1:0x3439d62990d40175","Wednesday","10 am–6 pm"
"0x30e298382ff2b5a1:0x3439d62990d40175","Thursday","10 am–6 pm"
"0x30e298382ff2b5a1:0x3439d62990d40175","Friday","Closed"
"0x30e298382ff2b5a1:0x3439d62990d40175","Saturday","9 am–5:30 pm"
"0x30e298382ff2b5a1:0x3439d62990d40175","Sunday","9 am–5:30 pm"
"0x30e298382ff2b5a1:0x3439d62990d40175","Monday","10 am–6 pm"
"0x30e2999b9824f751:0xc2bd2e38b2fdc576","Tuesday","Closed"
"0x30e2999b9824f751:0xc2bd2e38b2fdc576","Wednesday","12–7:30 pm"
"0x30e2999b9824f751:0xc2bd2e38b2fdc576","Thursday","12–7:30 pm"
"0x30e2999b9824f751:0xc2bd2e38b2fdc576","Friday","12–7:30 pm"
"0x30e2999b9824f751:0xc2bd2e38b2fdc576","Saturday","12–7:30 pm"
"0x30e2999b9824f751:0xc2bd2e38b2fdc576","Sunday","12–7:30 pm"
"0x30e2999b9824f751:0xc2bd2e38b2fdc576","Monday","12–7:30 pm"
"0x30e2a3db916e8551:0xc67d49b31cc9bddc","Tuesday","10 am–6 pm"
"0x30e2a3db916e8551:0xc67d49b31cc9bddc","Wednesday","10 am–6 pm"
"0x30e2a3db916e8551:0xc67d49b31cc9bddc","Thursday","10 am–6 pm"
"0x30e2a3db916e8551:0xc67d49b31cc9bddc","Friday","10 am–6 pm"
"0x30e2a3db916e8551:0xc67d49b31cc9bddc","Saturday","10 am–6 pm"
"0x30e2a3db916e8551:0xc67d49b31cc9bddc","Sunday","10 am–6 pm"
"0x30e2a3db916e8551:0xc67d49b31cc9bddc","Monday","10 am–6 pm"
"0x30e2a3b81b8db56b:0xcffc8b7268aa6ced","Tuesday","10 am–8 pm"
"0x30e2a3b81b8db56b:0xcffc8b7268aa6ced","Wednesday","Closed"
"0x30e2a3b81b8db56b:0xcffc8b7268aa6ced","Thursday","10 am–8 pm"
"0x30e2a3b81b8db56b:0xcffc8b7268aa6ced","Friday","10 am–8 pm"
"0x30e2a3b81b8db56b:0xcffc8b7268aa6ced","Saturday","10 am–6 pm"
"0x30e2a3b81b8db56b:0xcffc8b7268aa6ced","Sunday","10 am–6 pm"
"0x30e2a3b81b8db56b:0xcffc8b7268aa6ced","Monday","10 am–8 pm"
"0x30e2a26e7c2e65c1:0xbcf8eb7f88b2ad91","Tuesday","Open 24 hours"
"0x30e2a26e7c2e65c1:0xbcf8eb7f88b2ad91","Wednesday","Open 24 hours"
"0x30e2a26e7c2e65c1:0xbcf8eb7f88b2ad91","Thursday","Open 24 hours"
"0x30e2a26e7c2e65c1:0xbcf8eb7f88b2ad91","Friday","Open 24 hours"
"0x30e2a26e7c2e65c1:0xbcf8eb7f88b2ad91","Saturday","Open 24 hours"
"0x30e2a26e7c2e65c1:0xbcf8eb7f88b2ad91","Sunday","Open 24 hours"
"0x30e2a26e7c2e65c1:0xbcf8eb7f88b2ad91","Monday","Open 24 hours"
"0x30e2a26e74b6924f:0xc72b10c4d76375a6","Tuesday","8 am–10 pm"
"0x30e2a26e74b6924f:0xc72b10c4d76375a6","Wednesday","8 am–10 pm"
"0x30e2a26e74b6924f:0xc72b10c4d76375a6","Thursday","8 am–10 pm"
"0x30e2a26e74b6924f:0xc72b10c4d76375a6","Friday","8 am–10 pm"
"0x30e2a26e74b6924f:0xc72b10c4d76375a6","Saturday","8 am–10 pm"
"0x30e2a26e74b6924f:0xc72b10c4d76375a6","Sunday","8 am–10 pm"
"0x30e2a26e74b6924f:0xc72b10c4d76375a6","Monday","8 am–10 pm"
"0x30e29e7f222a175f:0x82dc3d1151077c02","Tuesday","8 AM–8 PM"
"0x30e29e7f222a175f:0x82dc3d1151077c02","Wednesday","8 AM–8 PM"
"0x30e29e7f222a175f:0x82dc3d1151077c02","Thursday","8 AM–8 PM"
"0x30e29e7f222a175f:0x82dc3d1151077c02","Friday","8 AM–8 PM"
"0x30e29e7f222a175f:0x82dc3d1151077c02","Saturday","Closed"
"0x30e29e7f222a175f:0x82dc3d1151077c02","Sunday","Closed"
"0x30e29e7f222a175f:0x82dc3d1151077c02","Monday","8 AM–8 PM"
"0x30e2a1002ba49655:0x561792cdbe406991","Tuesday","11 am–8 pm"
"0x30e2a1002ba49655:0x561792cdbe406991","Wednesday","11 am–8 pm"
"0x30e2a1002ba49655:0x561792cdbe406991","Thursday","11 am–8 pm"
"0x30e2a1002ba49655:0x561792cdbe406991","Friday","11 am–8 pm"
"0x30e2a1002ba49655:0x561792cdbe406991","Saturday","11 am–8 pm"
"0x30e2a1002ba49655:0x561792cdbe406991","Sunday","11 am–8 pm"
"0x30e2a1002ba49655:0x561792cdbe406991","Monday","11 am–8 pm"
"0x30e2989b852d026d:0xad2a06c7a703ecfe","Tuesday","10 am–8 pm"
"0x30e2989b852d026d:0xad2a06c7a703ecfe","Wednesday","10 am–8 pm"
"0x30e2989b852d026d:0xad2a06c7a703ecfe","Thursday","10 am–8 pm"
"0x30e2989b852d026d:0xad2a06c7a703ecfe","Friday","10 am–8 pm"
"0x30e2989b852d026d:0xad2a06c7a703ecfe","Saturday","10 am–8 pm"
"0x30e2989b852d026d:0xad2a06c7a703ecfe","Sunday","10 am–8 pm"
"0x30e2989b852d026d:0xad2a06c7a703ecfe","Monday","10 am–8 pm"
"0x30e298a72ac6039f:0xb14146f7875a08b0","Tuesday","10 am–8 pm"
"0x30e298a72ac6039f:0xb14146f7875a08b0","Wednesday","10 am–8 pm"
"0x30e298a72ac6039f:0xb14146f7875a08b0","Thursday","10 am–8 pm"
"0x30e298a72ac6039f:0xb14146f7875a08b0","Friday","10 am–8 pm"
"0x30e298a72ac6039f:0xb14146f7875a08b0","Saturday","10 am–8 pm"
"0x30e298a72ac6039f:0xb14146f7875a08b0","Sunday","10 am–8 pm"
"0x30e298a72ac6039f:0xb14146f7875a08b0","Monday","10 am–8 pm"
"0x30e29f9c9351cbaf:0xed02c356c7453d14","Tuesday","10 am–8 pm"
"0x30e29f9c9351cbaf:0xed02c356c7453d14","Wednesday","10 am–8 pm"
"0x30e29f9c9351cbaf:0xed02c356c7453d14","Thursday","10 am–8 pm"
"0x30e29f9c9351cbaf:0xed02c356c7453d14","Friday","10 am–8 pm"
"0x30e29f9c9351cbaf:0xed02c356c7453d14","Saturday","10 am–8 pm"
"0x30e29f9c9351cbaf:0xed02c356c7453d14","Sunday","10 am–8 pm"
"0x30e29f9c9351cbaf:0xed02c356c7453d14","Monday","10 am–8 pm"
"0x30e29e553294ea33:0xf7ebe332f7b3d967","Tuesday","9 am–8 pm"
"0x30e29e553294ea33:0xf7ebe332f7b3d967","Wednesday","9 am–8 pm"
"0x30e29e553294ea33:0xf7ebe332f7b3d967","Thursday","9 am–8 pm"
"0x30e29e553294ea33:0xf7ebe332f7b3d967","Friday","9 am–8 pm"
"0x30e29e553294ea33:0xf7ebe332f7b3d967","Saturday","9 am–8 pm"
"0x30e29e553294ea33:0xf7ebe332f7b3d967","Sunday","9 am–8 pm"
"0x30e29e553294ea33:0xf7ebe332f7b3d967","Monday","9 am–8 pm"
"0x30e29b8c4ec964ed:0xfaa91fc8132dc294","Tuesday","10 am–7 pm"
"0x30e29b8c4ec964ed:0xfaa91fc8132dc294","Wednesday","10 am–7 pm"
"0x30e29b8c4ec964ed:0xfaa91fc8132dc294","Thursday","10 am–7 pm"
"0x30e29b8c4ec964ed:0xfaa91fc8132dc294","Friday","Closed"
"0x30e29b8c4ec964ed:0xfaa91fc8132dc294","Saturday","10 am–7 pm"
"0x30e29b8c4ec964ed:0xfaa91fc8132dc294","Sunday","Closed"
"0x30e29b8c4ec964ed:0xfaa91fc8132dc294","Monday","10 am–7 pm"
"0x30e2a13cc872be0d:0xfff66932c75bfcc1","Tuesday","11 am–8 pm"
"0x30e2a13cc872be0d:0xfff66932c75bfcc1","Wednesday","11 am–8 pm"
"0x30e2a13cc872be0d:0xfff66932c75bfcc1","Thursday","11 am–8 pm"
"0x30e2a13cc872be0d:0xfff66932c75bfcc1","Friday","10 am–7 pm"
"0x30e2a13cc872be0d:0xfff66932c75bfcc1","Saturday","10 am–7 pm"
"0x30e2a13cc872be0d:0xfff66932c75bfcc1","Sunday","10 am–7 pm"
"0x30e2a13cc872be0d:0xfff66932c75bfcc1","Monday","11 am–8 pm"
"0x30e2a004a49c470d:0x32b78f08a8360ae6","Tuesday","11 am–8 pm"
"0x30e2a004a49c470d:0x32b78f08a8360ae6","Wednesday","11 am–8 pm"
"0x30e2a004a49c470d:0x32b78f08a8360ae6","Thursday","11 am–8 pm"
"0x30e2a004a49c470d:0x32b78f08a8360ae6","Friday","11 am–8 pm"
"0x30e2a004a49c470d:0x32b78f08a8360ae6","Saturday","11 am–8 pm"
"0x30e2a004a49c470d:0x32b78f08a8360ae6","Sunday","11 am–8 pm"
"0x30e2a004a49c470d:0x32b78f08a8360ae6","Monday","11 am–8 pm"
"0x30e2a1b8bd6e6f29:0x718173a2753a75a1","Tuesday","10 am–9 pm"
"0x30e2a1b8bd6e6f29:0x718173a2753a75a1","Wednesday","10 am–9 pm"
"0x30e2a1b8bd6e6f29:0x718173a2753a75a1","Thursday","10 am–9 pm"
"0x30e2a1b8bd6e6f29:0x718173a2753a75a1","Friday","10 am–9 pm"
"0x30e2a1b8bd6e6f29:0x718173a2753a75a1","Saturday","10 am–9 pm"
"0x30e2a1b8bd6e6f29:0x718173a2753a75a1","Sunday","10 am–9 pm"
"0x30e2a1b8bd6e6f29:0x718173a2753a75a1","Monday","10 am–9 pm"
"0x30e29fa952bc97a9:0x141ae6860fbf6f9a","Tuesday","9 AM–8 PM"
"0x30e29fa952bc97a9:0x141ae6860fbf6f9a","Wednesday","9 AM–8 PM"
"0x30e29fa952bc97a9:0x141ae6860fbf6f9a","Thursday","9 AM–8 PM"
"0x30e29fa952bc97a9:0x141ae6860fbf6f9a","Friday","9 AM–8 PM"
"0x30e29fa952bc97a9:0x141ae6860fbf6f9a","Saturday","9 AM–8 PM"
"0x30e29fa952bc97a9:0x141ae6860fbf6f9a","Sunday","9 AM–8 PM"
"0x30e29fa952bc97a9:0x141ae6860fbf6f9a","Monday","9 AM–8 PM"
"0x311d6347e5679051:0x5d429be1f7ff54e6","Tuesday","10 am–8 pm"
"0x311d6347e5679051:0x5d429be1f7ff54e6","Wednesday","10 am–8 pm"
"0x311d6347e5679051:0x5d429be1f7ff54e6","Thursday","10 am–8 pm"
"0x311d6347e5679051:0x5d429be1f7ff54e6","Friday","10 am–8 pm"
"0x311d6347e5679051:0x5d429be1f7ff54e6","Saturday","10 am–8 pm"
"0x311d6347e5679051:0x5d429be1f7ff54e6","Sunday","10 am–8 pm"
"0x311d6347e5679051:0x5d429be1f7ff54e6","Monday","10 am–8 pm"
"0x30e29901baabae6f:0x9a7704e3c108397f","Tuesday","9 am–3 pm"
"0x30e29901baabae6f:0x9a7704e3c108397f","Wednesday","Closed"
"0x30e29901baabae6f:0x9a7704e3c108397f","Thursday","9 am–3 pm"
"0x30e29901baabae6f:0x9a7704e3c108397f","Friday","9 am–3 pm"
"0x30e29901baabae6f:0x9a7704e3c108397f","Saturday","9 am–3 pm"
"0x30e29901baabae6f:0x9a7704e3c108397f","Sunday","Closed"
"0x30e29901baabae6f:0x9a7704e3c108397f","Monday","9 am–3 pm"
"0x30e29b0029cb38cb:0x21cb71d686104ba7","Tuesday","8 am–6 pm"
"0x30e29b0029cb38cb:0x21cb71d686104ba7","Wednesday","8 am–6 pm"
"0x30e29b0029cb38cb:0x21cb71d686104ba7","Thursday","8 am–6 pm"
"0x30e29b0029cb38cb:0x21cb71d686104ba7","Friday","8 am–6 pm"
"0x30e29b0029cb38cb:0x21cb71d686104ba7","Saturday","8 am–6 pm"
"0x30e29b0029cb38cb:0x21cb71d686104ba7","Sunday","8 am–6 pm"
"0x30e29b0029cb38cb:0x21cb71d686104ba7","Monday","8 am–6 pm"
"0x30e2988b239f4a7d:0x1bd4be257ec8a37a","Tuesday","9:30 am–6 pm"
"0x30e2988b239f4a7d:0x1bd4be257ec8a37a","Wednesday","9:30 am–6 pm"
"0x30e2988b239f4a7d:0x1bd4be257ec8a37a","Thursday","9:30 am–6 pm"
"0x30e2988b239f4a7d:0x1bd4be257ec8a37a","Friday","9:30 am–6 pm"
"0x30e2988b239f4a7d:0x1bd4be257ec8a37a","Saturday","9:30 am–6 pm"
"0x30e2988b239f4a7d:0x1bd4be257ec8a37a","Sunday","Closed"
"0x30e2988b239f4a7d:0x1bd4be257ec8a37a","Monday","9:30 am–6 pm"
"0x30e29d00594bc6bf:0x9aeb0219341a68a9","Tuesday","10:30 am–8 pm"
"0x30e29d00594bc6bf:0x9aeb0219341a68a9","Wednesday","10:30 am–8 pm"
"0x30e29d00594bc6bf:0x9aeb0219341a68a9","Thursday","10:30 am–8 pm"
"0x30e29d00594bc6bf:0x9aeb0219341a68a9","Friday","10:30 am–8 pm"
"0x30e29d00594bc6bf:0x9aeb0219341a68a9","Saturday","10:30 am–8 pm"
"0x30e29d00594bc6bf:0x9aeb0219341a68a9","Sunday","10:30 am–8 pm"
"0x30e29d00594bc6bf:0x9aeb0219341a68a9","Monday","10:30 am–8 pm"
"0x30e29d7ebebcf275:0x67b77ff4ea9dc1d4","Tuesday","10 am–8 pm"
"0x30e29d7ebebcf275:0x67b77ff4ea9dc1d4","Wednesday","10 am–8 pm"
"0x30e29d7ebebcf275:0x67b77ff4ea9dc1d4","Thursday","10 am–8 pm"
"0x30e29d7ebebcf275:0x67b77ff4ea9dc1d4","Friday","10 am–8 pm"
"0x30e29d7ebebcf275:0x67b77ff4ea9dc1d4","Saturday","10 am–8 pm"
"0x30e29d7ebebcf275:0x67b77ff4ea9dc1d4","Sunday","10 am–8 pm"
"0x30e29d7ebebcf275:0x67b77ff4ea9dc1d4","Monday","10 am–8 pm"
"0x30e2a31c155deca5:0x67a347af244db557","Tuesday","Closed"
"0x30e2a31c155deca5:0x67a347af244db557","Wednesday","1–8 pm"
"0x30e2a31c155deca5:0x67a347af244db557","Thursday","1–8 pm"
"0x30e2a31c155deca5:0x67a347af244db557","Friday","1–8 pm"
"0x30e2a31c155deca5:0x67a347af244db557","Saturday","10 am–8 pm"
"0x30e2a31c155deca5:0x67a347af244db557","Sunday","10 am–8 pm"
"0x30e2a31c155deca5:0x67a347af244db557","Monday","Closed"
"0x30e2a246bd459633:0xbc3b963b23e141f0","Tuesday","10 am–8 pm"
"0x30e2a246bd459633:0xbc3b963b23e141f0","Wednesday","10 am–8 pm"
"0x30e2a246bd459633:0xbc3b963b23e141f0","Thursday","10 am–8 pm"
"0x30e2a246bd459633:0xbc3b963b23e141f0","Friday","10 am–8 pm"
"0x30e2a246bd459633:0xbc3b963b23e141f0","Saturday","10 am–8 pm"
"0x30e2a246bd459633:0xbc3b963b23e141f0","Sunday","10 am–8 pm"
"0x30e2a246bd459633:0xbc3b963b23e141f0","Monday","10 am–8 pm"
"0x30e299919314a8f5:0xf163adaa7b54cb1e","Tuesday","11 am–8 pm"
"0x30e299919314a8f5:0xf163adaa7b54cb1e","Wednesday","11 am–8 pm"
"0x30e299919314a8f5:0xf163adaa7b54cb1e","Thursday","11 am–8 pm"
"0x30e299919314a8f5:0xf163adaa7b54cb1e","Friday","11 am–8 pm"
"0x30e299919314a8f5:0xf163adaa7b54cb1e","Saturday","11 am–8 pm"
"0x30e299919314a8f5:0xf163adaa7b54cb1e","Sunday","11 am–8 pm"
"0x30e299919314a8f5:0xf163adaa7b54cb1e","Monday","11 am–8 pm"
"0x30e29fdce17896fd:0xfef06c7aaa07e010","Tuesday","10 am–8 pm"
"0x30e29fdce17896fd:0xfef06c7aaa07e010","Wednesday","10 am–8 pm"
"0x30e29fdce17896fd:0xfef06c7aaa07e010","Thursday","10 am–8 pm"
"0x30e29fdce17896fd:0xfef06c7aaa07e010","Friday","10 am–8 pm"
"0x30e29fdce17896fd:0xfef06c7aaa07e010","Saturday","10 am–8 pm"
"0x30e29fdce17896fd:0xfef06c7aaa07e010","Sunday","10 am–8 pm"
"0x30e29fdce17896fd:0xfef06c7aaa07e010","Monday","10 am–8 pm"
"0x30e2a00285823a23:0x39b7b937cabd5021","Tuesday","11 am–8 pm"
"0x30e2a00285823a23:0x39b7b937cabd5021","Wednesday","11 am–8 pm"
"0x30e2a00285823a23:0x39b7b937cabd5021","Thursday","11 am–8 pm"
"0x30e2a00285823a23:0x39b7b937cabd5021","Friday","11 am–8 pm"
"0x30e2a00285823a23:0x39b7b937cabd5021","Saturday","11 am–8 pm"
"0x30e2a00285823a23:0x39b7b937cabd5021","Sunday","11 am–8 pm"
"0x30e2a00285823a23:0x39b7b937cabd5021","Monday","11 am–8 pm"
"0x30e2a24e1558d541:0x7869a7981c045f0f","Tuesday","10.00 am–8.00 pm"
"0x30e2a24e1558d541:0x7869a7981c045f0f","Wednesday","10.00 am–8.00 pm"
"0x30e2a24e1558d541:0x7869a7981c045f0f","Thursday","10.00 am–8.00 pm"
"0x30e2a24e1558d541:0x7869a7981c045f0f","Friday","10.00 am–8.00 pm"
"0x30e2a24e1558d541:0x7869a7981c045f0f","Saturday","10.00 am–8.00 pm"
"0x30e2a24e1558d541:0x7869a7981c045f0f","Sunday","10.00 am–8.00 pm"
"0x30e2a24e1558d541:0x7869a7981c045f0f","Monday","10.00 am–8.00 pm"
"0x30e2979947f01313:0x31226823fad3079","Tuesday","10 am–8 pm"
"0x30e2979947f01313:0x31226823fad3079","Wednesday","10 am–8 pm"
"0x30e2979947f01313:0x31226823fad3079","Thursday","10 am–8 pm"
"0x30e2979947f01313:0x31226823fad3079","Friday","10 am–8 pm"
"0x30e2979947f01313:0x31226823fad3079","Saturday","10 am–8 pm"
"0x30e2979947f01313:0x31226823fad3079","Sunday","10 am–8 pm"
"0x30e2979947f01313:0x31226823fad3079","Monday","10 am–8 pm"
"0x311d5f89ae397c5f:0xcea0f9a6fbd82539","Tuesday","10.00 am–7.30 pm"
"0x311d5f89ae397c5f:0xcea0f9a6fbd82539","Wednesday","10.00 am–7.30 pm"
"0x311d5f89ae397c5f:0xcea0f9a6fbd82539","Thursday","10.00 am–7.30 pm"
"0x311d5f89ae397c5f:0xcea0f9a6fbd82539","Friday","10.00 am–7.30 pm"
"0x311d5f89ae397c5f:0xcea0f9a6fbd82539","Saturday","10.00 am–7.30 pm"
"0x311d5f89ae397c5f:0xcea0f9a6fbd82539","Sunday","10.00 am–7.30 pm"
"0x311d5f89ae397c5f:0xcea0f9a6fbd82539","Monday","10.00 am–7.30 pm"
"0x30e29dff67646c71:0xd06aa21e9cb4c70","Tuesday","9:30 am–7:30 pm"
"0x30e29dff67646c71:0xd06aa21e9cb4c70","Wednesday","9:30 am–7:30 pm"
"0x30e29dff67646c71:0xd06aa21e9cb4c70","Thursday","9:30 am–7:30 pm"
"0x30e29dff67646c71:0xd06aa21e9cb4c70","Friday","9:30 am–7:30 pm"
"0x30e29dff67646c71:0xd06aa21e9cb4c70","Saturday","9 am–7 pm"
"0x30e29dff67646c71:0xd06aa21e9cb4c70","Sunday","9 am–6 pm"
"0x30e29dff67646c71:0xd06aa21e9cb4c70","Monday","9:30 am–7:30 pm"
"0x311d63fd5d204f5f:0x6e20ab55fb8e5c09","Tuesday","10.00 am–8.00 pm"
"0x311d63fd5d204f5f:0x6e20ab55fb8e5c09","Wednesday","10.00 am–8.00 pm"
"0x311d63fd5d204f5f:0x6e20ab55fb8e5c09","Thursday","10.00 am–8.00 pm"
"0x311d63fd5d204f5f:0x6e20ab55fb8e5c09","Friday","10.00 am–8.00 pm"
"0x311d63fd5d204f5f:0x6e20ab55fb8e5c09","Saturday","10.00 am–8.00 pm"
"0x311d63fd5d204f5f:0x6e20ab55fb8e5c09","Sunday","10.00 am–8.00 pm"
"0x311d63fd5d204f5f:0x6e20ab55fb8e5c09","Monday","10.00 am–8.00 pm"
"0x30e29df94e6b37fd:0x217e505ef484cf4d","Tuesday","10 am–7 pm"
"0x30e29df94e6b37fd:0x217e505ef484cf4d","Wednesday","10 am–7 pm"
"0x30e29df94e6b37fd:0x217e505ef484cf4d","Thursday","10 am–7 pm"
"0x30e29df94e6b37fd:0x217e505ef484cf4d","Friday","10 am–7 pm"
"0x30e29df94e6b37fd:0x217e505ef484cf4d","Saturday","10 am–7 pm"
"0x30e29df94e6b37fd:0x217e505ef484cf4d","Sunday","Closed"
"0x30e29df94e6b37fd:0x217e505ef484cf4d","Monday","10 am–7 pm"
"0x30e29d92cf3bc879:0x556120268b974373","Tuesday","10.00 am–8.00 pm"
"0x30e29d92cf3bc879:0x556120268b974373","Wednesday","10.00 am–8.00 pm"
"0x30e29d92cf3bc879:0x556120268b974373","Thursday","10.00 am–8.00 pm"
"0x30e29d92cf3bc879:0x556120268b974373","Friday","10.00 am–8.00 pm"
"0x30e29d92cf3bc879:0x556120268b974373","Saturday","10.00 am–8.00 pm"
"0x30e29d92cf3bc879:0x556120268b974373","Sunday","10.00 am–5.00 pm"
"0x30e29d92cf3bc879:0x556120268b974373","Monday","10.00 am–8.00 pm"
"0x30e2a1a5bbb68d87:0xf7d92e5a31085743","Tuesday","10.00 am–8.00 pm"
"0x30e2a1a5bbb68d87:0xf7d92e5a31085743","Wednesday","10.00 am–8.00 pm"
"0x30e2a1a5bbb68d87:0xf7d92e5a31085743","Thursday","10.00 am–8.00 pm"
"0x30e2a1a5bbb68d87:0xf7d92e5a31085743","Friday","10.00 am–8.00 pm"
"0x30e2a1a5bbb68d87:0xf7d92e5a31085743","Saturday","10.00 am–8.00 pm"
"0x30e2a1a5bbb68d87:0xf7d92e5a31085743","Sunday","10.00 am–8.00 pm"
"0x30e2a1a5bbb68d87:0xf7d92e5a31085743","Monday","10.00 am–8.00 pm"
"0x30e29ff86fb87b8d:0x132ab07059249b0","Tuesday","11 AM–8 PM"
"0x30e29ff86fb87b8d:0x132ab07059249b0","Wednesday","11 AM–8 PM"
"0x30e29ff86fb87b8d:0x132ab07059249b0","Thursday","11 AM–8 PM"
"0x30e29ff86fb87b8d:0x132ab07059249b0","Friday","11 AM–8 PM"
"0x30e29ff86fb87b8d:0x132ab07059249b0","Saturday","11 AM–8 PM"
"0x30e29ff86fb87b8d:0x132ab07059249b0","Sunday","11 AM–8 PM"
"0x30e29ff86fb87b8d:0x132ab07059249b0","Monday","11 AM–8 PM"
"0x30e2977f4a1637ff:0xb272e6d646c9423","Tuesday","10 AM–8 PM"
"0x30e2977f4a1637ff:0xb272e6d646c9423","Wednesday","10 AM–8 PM"
"0x30e2977f4a1637ff:0xb272e6d646c9423","Thursday","10 AM–8 PM"
"0x30e2977f4a1637ff:0xb272e6d646c9423","Friday","10 AM–8 PM"
"0x30e2977f4a1637ff:0xb272e6d646c9423","Saturday","10 AM–8 PM"
"0x30e2977f4a1637ff:0xb272e6d646c9423","Sunday","10 AM–8 PM"
"0x30e2977f4a1637ff:0xb272e6d646c9423","Monday","10 AM–8 PM"
"0x311d603c39c88ad1:0x861505f2321cdeeb","Tuesday","9:30 AM–7:30 PM"
"0x311d603c39c88ad1:0x861505f2321cdeeb","Wednesday","9:30 AM–7:30 PM"
"0x311d603c39c88ad1:0x861505f2321cdeeb","Thursday","9:30 AM–7:30 PM"
"0x311d603c39c88ad1:0x861505f2321cdeeb","Friday","9:30 AM–7:30 PM"
"0x311d603c39c88ad1:0x861505f2321cdeeb","Saturday","9 AM–7 PM"
"0x311d603c39c88ad1:0x861505f2321cdeeb","Sunday","9 AM–6 PM"
"0x311d603c39c88ad1:0x861505f2321cdeeb","Monday","9:30 AM–7:30 PM"
"0x30e29dabcfb41caf:0xf5601cfc4ffcc518","Tuesday","9 am–8 pm"
"0x30e29dabcfb41caf:0xf5601cfc4ffcc518","Wednesday","9 am–8 pm"
"0x30e29dabcfb41caf:0xf5601cfc4ffcc518","Thursday","9 am–8 pm"
"0x30e29dabcfb41caf:0xf5601cfc4ffcc518","Friday","9 am–8 pm"
"0x30e29dabcfb41caf:0xf5601cfc4ffcc518","Saturday","9 am–8 pm"
"0x30e29dabcfb41caf:0xf5601cfc4ffcc518","Sunday","9 am–8 pm"
"0x30e29dabcfb41caf:0xf5601cfc4ffcc518","Monday","9 am–8 pm"
"0x311d61c9fc0429e3:0x20cf5ed3e3fc0679","Tuesday","Open 24 hours"
"0x311d61c9fc0429e3:0x20cf5ed3e3fc0679","Wednesday","Open 24 hours"
"0x311d61c9fc0429e3:0x20cf5ed3e3fc0679","Thursday","Open 24 hours"
"0x311d61c9fc0429e3:0x20cf5ed3e3fc0679","Friday","Open 24 hours"
"0x311d61c9fc0429e3:0x20cf5ed3e3fc0679","Saturday","Closed"
"0x311d61c9fc0429e3:0x20cf5ed3e3fc0679","Sunday","Closed"
"0x311d61c9fc0429e3:0x20cf5ed3e3fc0679","Monday","Open 24 hours"
"0x30e29d87effed37d:0xdc07c366f42c1026","Tuesday","10 AM–10 PM"
"0x30e29d87effed37d:0xdc07c366f42c1026","Wednesday","10 AM–10 PM"
"0x30e29d87effed37d:0xdc07c366f42c1026","Thursday","10 AM–10 PM"
"0x30e29d87effed37d:0xdc07c366f42c1026","Friday","10 AM–10 PM"
"0x30e29d87effed37d:0xdc07c366f42c1026","Saturday","10 AM–10 PM"
"0x30e29d87effed37d:0xdc07c366f42c1026","Sunday","10 AM–10 PM"
"0x30e29d87effed37d:0xdc07c366f42c1026","Monday","10 AM–10 PM"
"0x30e29b7b38497f49:0x2040e1f643f81bd7","Tuesday","10 AM–8 PM"
"0x30e29b7b38497f49:0x2040e1f643f81bd7","Wednesday","10 AM–7 PM"
"0x30e29b7b38497f49:0x2040e1f643f81bd7","Thursday","10 AM–7 PM"
"0x30e29b7b38497f49:0x2040e1f643f81bd7","Friday","10 AM–8 PM"
"0x30e29b7b38497f49:0x2040e1f643f81bd7","Saturday","10 AM–8 PM"
"0x30e29b7b38497f49:0x2040e1f643f81bd7","Sunday","10 AM–7 PM"
"0x30e29b7b38497f49:0x2040e1f643f81bd7","Monday","Closed"
"0x30e2976f33e5a389:0x533400fddd159f8e","Tuesday","10 AM–7 PM"
"0x30e2976f33e5a389:0x533400fddd159f8e","Wednesday","10 AM–7 PM"
"0x30e2976f33e5a389:0x533400fddd159f8e","Thursday","10 AM–7 PM"
"0x30e2976f33e5a389:0x533400fddd159f8e","Friday","10 AM–7 PM"
"0x30e2976f33e5a389:0x533400fddd159f8e","Saturday","10 AM–7 PM"
"0x30e2976f33e5a389:0x533400fddd159f8e","Sunday","10 AM–7 PM"
"0x30e2976f33e5a389:0x533400fddd159f8e","Monday","10 AM–7 PM"
"0x30e2a24420a8e031:0x722fcc6f1f5dcadf","Tuesday","10 am–7 pm"
"0x30e2a24420a8e031:0x722fcc6f1f5dcadf","Wednesday","10 am–7 pm"
"0x30e2a24420a8e031:0x722fcc6f1f5dcadf","Thursday","10 am–7 pm"
"0x30e2a24420a8e031:0x722fcc6f1f5dcadf","Friday","10 am–7 pm"
"0x30e2a24420a8e031:0x722fcc6f1f5dcadf","Saturday","10 am–6:30 pm"
"0x30e2a24420a8e031:0x722fcc6f1f5dcadf","Sunday","10 am–6:30 pm"
"0x30e2a24420a8e031:0x722fcc6f1f5dcadf","Monday","10 am–7 pm"
"0x30e2a216e7c71683:0x4615ba8e67d41c62","Tuesday","9 am–6 pm"
"0x30e2a216e7c71683:0x4615ba8e67d41c62","Wednesday","9 am–6 pm"
"0x30e2a216e7c71683:0x4615ba8e67d41c62","Thursday","9 am–6 pm"
"0x30e2a216e7c71683:0x4615ba8e67d41c62","Friday","9 am–6 pm"
"0x30e2a216e7c71683:0x4615ba8e67d41c62","Saturday","9 am–5 pm"
"0x30e2a216e7c71683:0x4615ba8e67d41c62","Sunday","9 am–5 pm"
"0x30e2a216e7c71683:0x4615ba8e67d41c62","Monday","9 am–6 pm"
"0x30e29f7d7db3c555:0x661f7643e1875df6","Tuesday","9 am–6 pm"
"0x30e29f7d7db3c555:0x661f7643e1875df6","Wednesday","9 am–6 pm"
"0x30e29f7d7db3c555:0x661f7643e1875df6","Thursday","Closed"
"0x30e29f7d7db3c555:0x661f7643e1875df6","Friday","9 am–6 pm"
"0x30e29f7d7db3c555:0x661f7643e1875df6","Saturday","9 am–6 pm"
"0x30e29f7d7db3c555:0x661f7643e1875df6","Sunday","9 am–6 pm"
"0x30e29f7d7db3c555:0x661f7643e1875df6","Monday","9 am–6 pm"
"0x30e29f3061809727:0xb01b3e7e7db39481","Tuesday","8:30 am–5:30 pm"
"0x30e29f3061809727:0xb01b3e7e7db39481","Wednesday","8:30 am–5:30 pm"
"0x30e29f3061809727:0xb01b3e7e7db39481","Thursday","8:30 am–5:30 pm"
"0x30e29f3061809727:0xb01b3e7e7db39481","Friday","8:30 am–5:30 pm"
"0x30e29f3061809727:0xb01b3e7e7db39481","Saturday","8:30 am–5:30 pm"
"0x30e29f3061809727:0xb01b3e7e7db39481","Sunday","Closed"
"0x30e29f3061809727:0xb01b3e7e7db39481","Monday","8:30 am–5:30 pm"
"0x30e29fc1d1e2410b:0x63ece8c11ce24120","Tuesday","10 am–8 pm"
"0x30e29fc1d1e2410b:0x63ece8c11ce24120","Wednesday","10 am–8 pm"
"0x30e29fc1d1e2410b:0x63ece8c11ce24120","Thursday","10 am–8 pm"
"0x30e29fc1d1e2410b:0x63ece8c11ce24120","Friday","10 am–8 pm"
"0x30e29fc1d1e2410b:0x63ece8c11ce24120","Saturday","10 am–8 pm"
"0x30e29fc1d1e2410b:0x63ece8c11ce24120","Sunday","10 am–8 pm"
"0x30e29fc1d1e2410b:0x63ece8c11ce24120","Monday","10 am–8 pm"
"0x30e29dbbe7796549:0x292bedca5933bf54","Tuesday","10 AM–8 PM"
"0x30e29dbbe7796549:0x292bedca5933bf54","Wednesday","10 AM–8 PM"
"0x30e29dbbe7796549:0x292bedca5933bf54","Thursday","10 AM–8 PM"
"0x30e29dbbe7796549:0x292bedca5933bf54","Friday","10 AM–8 PM"
"0x30e29dbbe7796549:0x292bedca5933bf54","Saturday","10 AM–8 PM"
"0x30e29dbbe7796549:0x292bedca5933bf54","Sunday","10 AM–8 PM"
"0x30e29dbbe7796549:0x292bedca5933bf54","Monday","Closed"
"0x30e29cf93d7ba737:0x72b6e76948f07e9","Tuesday","10 am–8 pm"
"0x30e29cf93d7ba737:0x72b6e76948f07e9","Wednesday","10 am–8 pm"
"0x30e29cf93d7ba737:0x72b6e76948f07e9","Thursday","10 am–8 pm"
"0x30e29cf93d7ba737:0x72b6e76948f07e9","Friday","10 am–8 pm"
"0x30e29cf93d7ba737:0x72b6e76948f07e9","Saturday","10 am–8 pm"
"0x30e29cf93d7ba737:0x72b6e76948f07e9","Sunday","10 am–6 pm"
"0x30e29cf93d7ba737:0x72b6e76948f07e9","Monday","10 am–8 pm"
"0x30e29d794aa17347:0x1a447b2e6d82796d","Tuesday","10 am–8 pm"
"0x30e29d794aa17347:0x1a447b2e6d82796d","Wednesday","10 am–8 pm"
"0x30e29d794aa17347:0x1a447b2e6d82796d","Thursday","10 am–8 pm"
"0x30e29d794aa17347:0x1a447b2e6d82796d","Friday","10 am–8 pm"
"0x30e29d794aa17347:0x1a447b2e6d82796d","Saturday","10 am–8 pm"
"0x30e29d794aa17347:0x1a447b2e6d82796d","Sunday","10 am–8 pm"
"0x30e29d794aa17347:0x1a447b2e6d82796d","Monday","10 am–8 pm"
"0x30e29cfea544f921:0xacc3137b7c340e4c","Tuesday","10 AM–8 PM"
"0x30e29cfea544f921:0xacc3137b7c340e4c","Wednesday","1–8 PM"
"0x30e29cfea544f921:0xacc3137b7c340e4c","Thursday","10 AM–8 PM"
"0x30e29cfea544f921:0xacc3137b7c340e4c","Friday","10 AM–8 PM"
"0x30e29cfea544f921:0xacc3137b7c340e4c","Saturday","10 AM–8 PM"
"0x30e29cfea544f921:0xacc3137b7c340e4c","Sunday","10 AM–8 PM"
"0x30e29cfea544f921:0xacc3137b7c340e4c","Monday","10 AM–8 PM"
"0x30e29dbe04687d49:0xaabd9ea991600a1c","Tuesday","10 AM–8 PM"
"0x30e29dbe04687d49:0xaabd9ea991600a1c","Wednesday","10 AM–8 PM"
"0x30e29dbe04687d49:0xaabd9ea991600a1c","Thursday","10 AM–8 PM"
"0x30e29dbe04687d49:0xaabd9ea991600a1c","Friday","10 AM–8 PM"
"0x30e29dbe04687d49:0xaabd9ea991600a1c","Saturday","10 AM–8 PM"
"0x30e29dbe04687d49:0xaabd9ea991600a1c","Sunday","Closed"
"0x30e29dbe04687d49:0xaabd9ea991600a1c","Monday","10 AM–8 PM"
"0x30e29d89416e45c5:0x93c618bbe3876567","Tuesday","9 am–6 pm"
"0x30e29d89416e45c5:0x93c618bbe3876567","Wednesday","9 am–6 pm"
"0x30e29d89416e45c5:0x93c618bbe3876567","Thursday","9 am–6 pm"
"0x30e29d89416e45c5:0x93c618bbe3876567","Friday","Closed"
"0x30e29d89416e45c5:0x93c618bbe3876567","Saturday","9 am–6 pm"
"0x30e29d89416e45c5:0x93c618bbe3876567","Sunday","Closed"
"0x30e29d89416e45c5:0x93c618bbe3876567","Monday","9 am–6 pm"
"0x30e29d0035882a3b:0x50c86e77b4f34e7d","Tuesday","10:30 am–8:30 pm"
"0x30e29d0035882a3b:0x50c86e77b4f34e7d","Wednesday","10:30 am–8:30 pm"
"0x30e29d0035882a3b:0x50c86e77b4f34e7d","Thursday","10:30 am–8:30 pm"
"0x30e29d0035882a3b:0x50c86e77b4f34e7d","Friday","10:30 am–8:30 pm"
"0x30e29d0035882a3b:0x50c86e77b4f34e7d","Saturday","10:30 am–8:30 pm"
"0x30e29d0035882a3b:0x50c86e77b4f34e7d","Sunday","10:30 am–8:30 pm"
"0x30e29d0035882a3b:0x50c86e77b4f34e7d","Monday","10:30 am–8:30 pm"
"0x30e29bba2489399b:0x9f71f9715bc25126","Tuesday","10 am–8 pm"
"0x30e29bba2489399b:0x9f71f9715bc25126","Wednesday","10 am–8 pm"
"0x30e29bba2489399b:0x9f71f9715bc25126","Thursday","10 am–8 pm"
"0x30e29bba2489399b:0x9f71f9715bc25126","Friday","10 am–8 pm"
"0x30e29bba2489399b:0x9f71f9715bc25126","Saturday","10 am–8 pm"
"0x30e29bba2489399b:0x9f71f9715bc25126","Sunday","10 am–8 pm"
"0x30e29bba2489399b:0x9f71f9715bc25126","Monday","10 am–8 pm"
"0x30e29b2b82c68acd:0x119dc9027f2a3701","Tuesday","10 am–8 pm"
"0x30e29b2b82c68acd:0x119dc9027f2a3701","Wednesday","10 am–8 pm"
"0x30e29b2b82c68acd:0x119dc9027f2a3701","Thursday","10 am–8 pm"
"0x30e29b2b82c68acd:0x119dc9027f2a3701","Friday","10 am–8 pm"
"0x30e29b2b82c68acd:0x119dc9027f2a3701","Saturday","10 am–8 pm"
"0x30e29b2b82c68acd:0x119dc9027f2a3701","Sunday","10 am–8 pm"
"0x30e29b2b82c68acd:0x119dc9027f2a3701","Monday","10 am–8 pm"
"0x30e297fb9139b087:0xcb1bc90379268711","Tuesday","10:30 am–7:30 pm"
"0x30e297fb9139b087:0xcb1bc90379268711","Wednesday","10:30 am–7:30 pm"
"0x30e297fb9139b087:0xcb1bc90379268711","Thursday","10:30 am–7:30 pm"
"0x30e297fb9139b087:0xcb1bc90379268711","Friday","10:30 am–7:30 pm"
"0x30e297fb9139b087:0xcb1bc90379268711","Saturday","10:30 am–7:30 pm"
"0x30e297fb9139b087:0xcb1bc90379268711","Sunday","10:30 am–7:30 pm"
"0x30e297fb9139b087:0xcb1bc90379268711","Monday","Closed"
"0x30e29870aed1bfd1:0x4248aa319bc5565a","Tuesday","1–8 pm"
"0x30e29870aed1bfd1:0x4248aa319bc5565a","Wednesday","1–8 pm"
"0x30e29870aed1bfd1:0x4248aa319bc5565a","Thursday","1–8 pm"
"0x30e29870aed1bfd1:0x4248aa319bc5565a","Friday","1–8 pm"
"0x30e29870aed1bfd1:0x4248aa319bc5565a","Saturday","1–8 pm"
"0x30e29870aed1bfd1:0x4248aa319bc5565a","Sunday","1–8 pm"
"0x30e29870aed1bfd1:0x4248aa319bc5565a","Monday","1–8 pm"
"0x30e29dd206d344b3:0x34cc2adbf2a5f7bf","Tuesday","10 am–8 pm"
"0x30e29dd206d344b3:0x34cc2adbf2a5f7bf","Wednesday","10 am–8 pm"
"0x30e29dd206d344b3:0x34cc2adbf2a5f7bf","Thursday","10 am–8 pm"
"0x30e29dd206d344b3:0x34cc2adbf2a5f7bf","Friday","10 am–8 pm"
"0x30e29dd206d344b3:0x34cc2adbf2a5f7bf","Saturday","10 am–6 pm"
"0x30e29dd206d344b3:0x34cc2adbf2a5f7bf","Sunday","Closed"
"0x30e29dd206d344b3:0x34cc2adbf2a5f7bf","Monday","10 am–8 pm"
"0x30e2a2013bf1d2a5:0xfdce223685716bbf","Tuesday","6–9 pm"
"0x30e2a2013bf1d2a5:0xfdce223685716bbf","Wednesday","6–9 pm"
"0x30e2a2013bf1d2a5:0xfdce223685716bbf","Thursday","6–9 pm"
"0x30e2a2013bf1d2a5:0xfdce223685716bbf","Friday","6–9 pm"
"0x30e2a2013bf1d2a5:0xfdce223685716bbf","Saturday","8–11 am6–9 pm"
"0x30e2a2013bf1d2a5:0xfdce223685716bbf","Sunday","8–11 am6–9 pm"
"0x30e2a2013bf1d2a5:0xfdce223685716bbf","Monday","6–9 pm"
"0x30e2a3935959459f:0x1b413699523f070e","Tuesday","10 am–8 pm"
"0x30e2a3935959459f:0x1b413699523f070e","Wednesday","10 am–8 pm"
"0x30e2a3935959459f:0x1b413699523f070e","Thursday","10 am–8 pm"
"0x30e2a3935959459f:0x1b413699523f070e","Friday","10 am–8 pm"
"0x30e2a3935959459f:0x1b413699523f070e","Saturday","10 am–8 pm"
"0x30e2a3935959459f:0x1b413699523f070e","Sunday","10 am–8 pm"
"0x30e2a3935959459f:0x1b413699523f070e","Monday","10 am–8 pm"
"0x30e29f87e3725a15:0xcb4863f7d6eb3a96","Tuesday","10:30 am–8:30 pm"
"0x30e29f87e3725a15:0xcb4863f7d6eb3a96","Wednesday","10:30 am–8:30 pm"
"0x30e29f87e3725a15:0xcb4863f7d6eb3a96","Thursday","10:30 am–8:30 pm"
"0x30e29f87e3725a15:0xcb4863f7d6eb3a96","Friday","10:30 am–8:30 pm"
"0x30e29f87e3725a15:0xcb4863f7d6eb3a96","Saturday","10:30 am–8:30 pm"
"0x30e29f87e3725a15:0xcb4863f7d6eb3a96","Sunday","10:30 am–8:30 pm"
"0x30e29f87e3725a15:0xcb4863f7d6eb3a96","Monday","10:30 am–8:30 pm"
"0x30e29e1f4cda3db7:0x4caa0b9689c1feee","Tuesday","9 am–9 pm"
"0x30e29e1f4cda3db7:0x4caa0b9689c1feee","Wednesday","Closed"
"0x30e29e1f4cda3db7:0x4caa0b9689c1feee","Thursday","9 am–9 pm"
"0x30e29e1f4cda3db7:0x4caa0b9689c1feee","Friday","9 am–9 pm"
"0x30e29e1f4cda3db7:0x4caa0b9689c1feee","Saturday","9 am–9 pm"
"0x30e29e1f4cda3db7:0x4caa0b9689c1feee","Sunday","9 am–9 pm"
"0x30e29e1f4cda3db7:0x4caa0b9689c1feee","Monday","9 am–9 pm"
"0x311d61dc6cccd757:0xf247c35572039b56","Tuesday","10:30 am–7:30 pm"
"0x311d61dc6cccd757:0xf247c35572039b56","Wednesday","10:30 am–7:30 pm"
"0x311d61dc6cccd757:0xf247c35572039b56","Thursday","10:30 am–7:30 pm"
"0x311d61dc6cccd757:0xf247c35572039b56","Friday","10:30 am–7:30 pm"
"0x311d61dc6cccd757:0xf247c35572039b56","Saturday","10:30 am–7:30 pm"
"0x311d61dc6cccd757:0xf247c35572039b56","Sunday","10:30 am–7:30 pm"
"0x311d61dc6cccd757:0xf247c35572039b56","Monday","10:30 am–7:30 pm"
"0x30e2a1c951565c05:0x42baa3b39a2f9f0","Tuesday","12–8 PM"
"0x30e2a1c951565c05:0x42baa3b39a2f9f0","Wednesday","12–8 PM"
"0x30e2a1c951565c05:0x42baa3b39a2f9f0","Thursday","2–8 PM"
"0x30e2a1c951565c05:0x42baa3b39a2f9f0","Friday","2–8 PM"
"0x30e2a1c951565c05:0x42baa3b39a2f9f0","Saturday","10 AM–8 PM"
"0x30e2a1c951565c05:0x42baa3b39a2f9f0","Sunday","10 AM–8 PM"
"0x30e2a1c951565c05:0x42baa3b39a2f9f0","Monday","2–8 PM"
"0x30e29fc192c05ca5:0x37179c5289f9f123","Tuesday","9 am–6 pm"
"0x30e29fc192c05ca5:0x37179c5289f9f123","Wednesday","Closed"
"0x30e29fc192c05ca5:0x37179c5289f9f123","Thursday","9 am–6 pm"
"0x30e29fc192c05ca5:0x37179c5289f9f123","Friday","9 am–6 pm"
"0x30e29fc192c05ca5:0x37179c5289f9f123","Saturday","9 am–6 pm"
"0x30e29fc192c05ca5:0x37179c5289f9f123","Sunday","9 am–6 pm"
"0x30e29fc192c05ca5:0x37179c5289f9f123","Monday","9 am–6 pm"
"0x30e29fc92742c219:0xe353023b745025a","Tuesday","11 AM–8 PM"
"0x30e29fc92742c219:0xe353023b745025a","Wednesday","11 AM–8 PM"
"0x30e29fc92742c219:0xe353023b745025a","Thursday","11 AM–8 PM"
"0x30e29fc92742c219:0xe353023b745025a","Friday","11 AM–8 PM"
"0x30e29fc92742c219:0xe353023b745025a","Saturday","11 AM–8 PM"
"0x30e29fc92742c219:0xe353023b745025a","Sunday","11 AM–8 PM"
"0x30e29fc92742c219:0xe353023b745025a","Monday","11 AM–8 PM"
"0x30e29fc1dc6213d5:0x9c1293a1277077dc","Tuesday","10 am–8 pm"
"0x30e29fc1dc6213d5:0x9c1293a1277077dc","Wednesday","10 am–8 pm"
"0x30e29fc1dc6213d5:0x9c1293a1277077dc","Thursday","10 am–8 pm"
"0x30e29fc1dc6213d5:0x9c1293a1277077dc","Friday","10 am–8 pm"
"0x30e29fc1dc6213d5:0x9c1293a1277077dc","Saturday","10 am–8 pm"
"0x30e29fc1dc6213d5:0x9c1293a1277077dc","Sunday","10 am–8 pm"
"0x30e29fc1dc6213d5:0x9c1293a1277077dc","Monday","10 am–8 pm"
"0x311d61d75a8d9663:0x47737cae429c7afa","Tuesday","10 AM–8 PM"
"0x311d61d75a8d9663:0x47737cae429c7afa","Wednesday","10 AM–8 PM"
"0x311d61d75a8d9663:0x47737cae429c7afa","Thursday","10 AM–8 PM"
"0x311d61d75a8d9663:0x47737cae429c7afa","Friday","10 AM–8 PM"
"0x311d61d75a8d9663:0x47737cae429c7afa","Saturday","10 AM–8 PM"
"0x311d61d75a8d9663:0x47737cae429c7afa","Sunday","10 AM–8 PM"
"0x311d61d75a8d9663:0x47737cae429c7afa","Monday","10 AM–8 PM"
"0x30e29e187e4639e9:0xcc8bd075022fd073","Tuesday","4:30–6 PM"
"0x30e29e187e4639e9:0xcc8bd075022fd073","Wednesday","4:30–6 PM"
"0x30e29e187e4639e9:0xcc8bd075022fd073","Thursday","4:30–6 PM"
"0x30e29e187e4639e9:0xcc8bd075022fd073","Friday","4:30–6 PM"
"0x30e29e187e4639e9:0xcc8bd075022fd073","Saturday","9 AM–1 PM"
"0x30e29e187e4639e9:0xcc8bd075022fd073","Sunday","Closed"
"0x30e29e187e4639e9:0xcc8bd075022fd073","Monday","4:30–6 PM"
"0x30e2a006a3c28125:0x7c62b49b81b4cab9","Tuesday","10 AM–8 PM"
"0x30e2a006a3c28125:0x7c62b49b81b4cab9","Wednesday","10 AM–8 PM"
"0x30e2a006a3c28125:0x7c62b49b81b4cab9","Thursday","10 AM–8 PM"
"0x30e2a006a3c28125:0x7c62b49b81b4cab9","Friday","10 AM–8 PM"
"0x30e2a006a3c28125:0x7c62b49b81b4cab9","Saturday","10 AM–8 PM"
"0x30e2a006a3c28125:0x7c62b49b81b4cab9","Sunday","10 AM–8 PM"
"0x30e2a006a3c28125:0x7c62b49b81b4cab9","Monday","10 AM–8 PM"
"0x30e29ca44b8ee37d:0xd219875ee6b5e9ee","Tuesday","10 AM–8 PM"
"0x30e29ca44b8ee37d:0xd219875ee6b5e9ee","Wednesday","10 AM–8 PM"
"0x30e29ca44b8ee37d:0xd219875ee6b5e9ee","Thursday","10 AM–8 PM"
"0x30e29ca44b8ee37d:0xd219875ee6b5e9ee","Friday","10 AM–8 PM"
"0x30e29ca44b8ee37d:0xd219875ee6b5e9ee","Saturday","10 AM–8 PM"
"0x30e29ca44b8ee37d:0xd219875ee6b5e9ee","Sunday","10 AM–8 PM"
"0x30e29ca44b8ee37d:0xd219875ee6b5e9ee","Monday","10 AM–8 PM"
"0x30e2a156b3418f0f:0x72aa716b546a11db","Tuesday","11 AM–8 PM"
"0x30e2a156b3418f0f:0x72aa716b546a11db","Wednesday","11 AM–8 PM"
"0x30e2a156b3418f0f:0x72aa716b546a11db","Thursday","11 AM–8 PM"
"0x30e2a156b3418f0f:0x72aa716b546a11db","Friday","11 AM–8 PM"
"0x30e2a156b3418f0f:0x72aa716b546a11db","Saturday","11 AM–8 PM"
"0x30e2a156b3418f0f:0x72aa716b546a11db","Sunday","11 AM–8 PM"
"0x30e2a156b3418f0f:0x72aa716b546a11db","Monday","11 AM–8 PM"
"0x30e2977c2fc09b6d:0x3f5c1e9b390f96c5","Tuesday","10:30 am–8 pm"
"0x30e2977c2fc09b6d:0x3f5c1e9b390f96c5","Wednesday","10:30 am–8 pm"
"0x30e2977c2fc09b6d:0x3f5c1e9b390f96c5","Thursday","10:30 am–8 pm"
"0x30e2977c2fc09b6d:0x3f5c1e9b390f96c5","Friday","10:30 am–8 pm"
"0x30e2977c2fc09b6d:0x3f5c1e9b390f96c5","Saturday","10:30 am–8 pm"
"0x30e2977c2fc09b6d:0x3f5c1e9b390f96c5","Sunday","10:30 am–8 pm"
"0x30e2977c2fc09b6d:0x3f5c1e9b390f96c5","Monday","10:30 am–8 pm"
"0x30e29b3052eba9a9:0x30f25e074530e4bb","Tuesday","10 am–8 pm"
"0x30e29b3052eba9a9:0x30f25e074530e4bb","Wednesday","10 am–8 pm"
"0x30e29b3052eba9a9:0x30f25e074530e4bb","Thursday","10 am–8 pm"
"0x30e29b3052eba9a9:0x30f25e074530e4bb","Friday","10 am–8 pm"
"0x30e29b3052eba9a9:0x30f25e074530e4bb","Saturday","10 am–8 pm"
"0x30e29b3052eba9a9:0x30f25e074530e4bb","Sunday","10 am–8 pm"
"0x30e29b3052eba9a9:0x30f25e074530e4bb","Monday","10 am–8 pm"
"0x30e29a3626afae35:0x9afeaedd6dd8e6d6","Tuesday","5–8 pm"
"0x30e29a3626afae35:0x9afeaedd6dd8e6d6","Wednesday","Closed"
"0x30e29a3626afae35:0x9afeaedd6dd8e6d6","Thursday","5–8 pm"
"0x30e29a3626afae35:0x9afeaedd6dd8e6d6","Friday","5–8 pm"
"0x30e29a3626afae35:0x9afeaedd6dd8e6d6","Saturday","9 am–8 pm"
"0x30e29a3626afae35:0x9afeaedd6dd8e6d6","Sunday","3–8 pm"
"0x30e29a3626afae35:0x9afeaedd6dd8e6d6","Monday","5–8 pm"
"0x30e2973b3e1167e3:0x7359eeb268c3e794","Tuesday","10 am–6 pm"
"0x30e2973b3e1167e3:0x7359eeb268c3e794","Wednesday","10 am–6 pm"
"0x30e2973b3e1167e3:0x7359eeb268c3e794","Thursday","10 am–6 pm"
"0x30e2973b3e1167e3:0x7359eeb268c3e794","Friday","10 am–6 pm"
"0x30e2973b3e1167e3:0x7359eeb268c3e794","Saturday","10 am–6 pm"
"0x30e2973b3e1167e3:0x7359eeb268c3e794","Sunday","10 am–6 pm"
"0x30e2973b3e1167e3:0x7359eeb268c3e794","Monday","10 am–6 pm"
"0x30e2a3425bd59979:0x7719c58d99abd861","Tuesday","10 am–8 pm"
"0x30e2a3425bd59979:0x7719c58d99abd861","Wednesday","10 am–8 pm"
"0x30e2a3425bd59979:0x7719c58d99abd861","Thursday","10 am–8 pm"
"0x30e2a3425bd59979:0x7719c58d99abd861","Friday","10 am–8 pm"
"0x30e2a3425bd59979:0x7719c58d99abd861","Saturday","10 am–8 pm"
"0x30e2a3425bd59979:0x7719c58d99abd861","Sunday","10 am–8 pm"
"0x30e2a3425bd59979:0x7719c58d99abd861","Monday","10 am–8 pm"
"0x30e297d163683efd:0xd13cddbeb419b81e","Tuesday","9 am–8 pm"
"0x30e297d163683efd:0xd13cddbeb419b81e","Wednesday","9 am–8 pm"
"0x30e297d163683efd:0xd13cddbeb419b81e","Thursday","9 am–8 pm"
"0x30e297d163683efd:0xd13cddbeb419b81e","Friday","9 am–8 pm"
"0x30e297d163683efd:0xd13cddbeb419b81e","Saturday","9 am–8 pm"
"0x30e297d163683efd:0xd13cddbeb419b81e","Sunday","9 am–8 pm"
"0x30e297d163683efd:0xd13cddbeb419b81e","Monday","9 am–8 pm"
"0x30e2a06b702e7527:0x7144c4ac5a91ab0d","Tuesday","11 am–8 pm"
"0x30e2a06b702e7527:0x7144c4ac5a91ab0d","Wednesday","11 am–8 pm"
"0x30e2a06b702e7527:0x7144c4ac5a91ab0d","Thursday","11 am–8 pm"
"0x30e2a06b702e7527:0x7144c4ac5a91ab0d","Friday","11 am–8 pm"
"0x30e2a06b702e7527:0x7144c4ac5a91ab0d","Saturday","11 am–8 pm"
"0x30e2a06b702e7527:0x7144c4ac5a91ab0d","Sunday","11 am–8 pm"
"0x30e2a06b702e7527:0x7144c4ac5a91ab0d","Monday","11 am–8 pm"
"0x311d61f882aab5cb:0x9296942973cb834c","Tuesday","10 am–8 pm"
"0x311d61f882aab5cb:0x9296942973cb834c","Wednesday","10 am–8 pm"
"0x311d61f882aab5cb:0x9296942973cb834c","Thursday","10 am–8 pm"
"0x311d61f882aab5cb:0x9296942973cb834c","Friday","10 am–8 pm"
"0x311d61f882aab5cb:0x9296942973cb834c","Saturday","10 am–8 pm"
"0x311d61f882aab5cb:0x9296942973cb834c","Sunday","10 am–8 pm"
"0x311d61f882aab5cb:0x9296942973cb834c","Monday","10 am–8 pm"
"0x311d61c9fb68bca3:0xc3367651a61bfffc","Tuesday","9 am–7 pm"
"0x311d61c9fb68bca3:0xc3367651a61bfffc","Wednesday","9 am–7 pm"
"0x311d61c9fb68bca3:0xc3367651a61bfffc","Thursday","9 am–7 pm"
"0x311d61c9fb68bca3:0xc3367651a61bfffc","Friday","9 am–7 pm"
"0x311d61c9fb68bca3:0xc3367651a61bfffc","Saturday","9 am–7 pm"
"0x311d61c9fb68bca3:0xc3367651a61bfffc","Sunday","9 am–7 pm"
"0x311d61c9fb68bca3:0xc3367651a61bfffc","Monday","9 am–7 pm"
"0x30e29bd7339e2905:0x5595b60612ca2f67","Tuesday","9:30 am–6:30 pm"
"0x30e29bd7339e2905:0x5595b60612ca2f67","Wednesday","9:30 am–6:30 pm"
"0x30e29bd7339e2905:0x5595b60612ca2f67","Thursday","9:30 am–6:30 pm"
"0x30e29bd7339e2905:0x5595b60612ca2f67","Friday","9:30 am–6:30 pm"
"0x30e29bd7339e2905:0x5595b60612ca2f67","Saturday","9:30 am–6:30 pm"
"0x30e29bd7339e2905:0x5595b60612ca2f67","Sunday","Closed"
"0x30e29bd7339e2905:0x5595b60612ca2f67","Monday","9:30 am–6:30 pm"
"0x30e2bcd976746967:0x8f6fd922dfd1e330","Tuesday","10 am–8 pm"
"0x30e2bcd976746967:0x8f6fd922dfd1e330","Wednesday","10 am–8 pm"
"0x30e2bcd976746967:0x8f6fd922dfd1e330","Thursday","11 am–8 pm"
"0x30e2bcd976746967:0x8f6fd922dfd1e330","Friday","10 am–8 pm"
"0x30e2bcd976746967:0x8f6fd922dfd1e330","Saturday","10 am–8 pm"
"0x30e2bcd976746967:0x8f6fd922dfd1e330","Sunday","10 am–8 pm"
"0x30e2bcd976746967:0x8f6fd922dfd1e330","Monday","10 am–8 pm"
"0x30e2a0046607efc7:0x350dccf36b2880c0","Tuesday","9 am–8 pm"
"0x30e2a0046607efc7:0x350dccf36b2880c0","Wednesday","9 am–8 pm"
"0x30e2a0046607efc7:0x350dccf36b2880c0","Thursday","9 am–8 pm"
"0x30e2a0046607efc7:0x350dccf36b2880c0","Friday","9 am–8 pm"
"0x30e2a0046607efc7:0x350dccf36b2880c0","Saturday","9 am–8 pm"
"0x30e2a0046607efc7:0x350dccf36b2880c0","Sunday","9 am–8 pm"
"0x30e2a0046607efc7:0x350dccf36b2880c0","Monday","9 am–8 pm"
"0x30e2908467578217:0x5ca2789ab611a969","Tuesday","10 am–8 pm"
"0x30e2908467578217:0x5ca2789ab611a969","Wednesday","10 am–8 pm"
"0x30e2908467578217:0x5ca2789ab611a969","Thursday","10 am–8 pm"
"0x30e2908467578217:0x5ca2789ab611a969","Friday","10 am–8 pm"
"0x30e2908467578217:0x5ca2789ab611a969","Saturday","9 am–8 pm"
"0x30e2908467578217:0x5ca2789ab611a969","Sunday","9 am–8 pm"
"0x30e2908467578217:0x5ca2789ab611a969","Monday","Closed"
"0x30e2a300204be1ef:0xde154f6e62aad579","Tuesday","10 am–8 pm"
"0x30e2a300204be1ef:0xde154f6e62aad579","Wednesday","10 am–8 pm"
"0x30e2a300204be1ef:0xde154f6e62aad579","Thursday","10 am–8 pm"
"0x30e2a300204be1ef:0xde154f6e62aad579","Friday","10 am–8 pm"
"0x30e2a300204be1ef:0xde154f6e62aad579","Saturday","10 am–8 pm"
"0x30e2a300204be1ef:0xde154f6e62aad579","Sunday","10 am–8 pm"
"0x30e2a300204be1ef:0xde154f6e62aad579","Monday","10 am–8 pm"
"0x30e2a3b3ebac222f:0xc5713b8283c0c079","Tuesday","10:30 am–8:30 pm"
"0x30e2a3b3ebac222f:0xc5713b8283c0c079","Wednesday","10:30 am–8:30 pm"
"0x30e2a3b3ebac222f:0xc5713b8283c0c079","Thursday","10:30 am–8:30 pm"
"0x30e2a3b3ebac222f:0xc5713b8283c0c079","Friday","10:30 am–8:30 pm"
"0x30e2a3b3ebac222f:0xc5713b8283c0c079","Saturday","10:30 am–8:30 pm"
"0x30e2a3b3ebac222f:0xc5713b8283c0c079","Sunday","10:30 am–8:30 pm"
"0x30e2a3b3ebac222f:0xc5713b8283c0c079","Monday","10:30 am–8:30 pm"
"0x311d5f8f572967a5:0x627a3766ef04b1f5","Tuesday","9:30 am–7:30 pm"
"0x311d5f8f572967a5:0x627a3766ef04b1f5","Wednesday","9:30 am–7:30 pm"
"0x311d5f8f572967a5:0x627a3766ef04b1f5","Thursday","9:30 am–7:30 pm"
"0x311d5f8f572967a5:0x627a3766ef04b1f5","Friday","9:30 am–7:30 pm"
"0x311d5f8f572967a5:0x627a3766ef04b1f5","Saturday","9:30 am–7:30 pm"
"0x311d5f8f572967a5:0x627a3766ef04b1f5","Sunday","9:30 am–7:30 pm"
"0x311d5f8f572967a5:0x627a3766ef04b1f5","Monday","9:30 am–7:30 pm"
"0x311d5fd61ab57b13:0x9a0312019155d285","Tuesday","10 am–7:30 pm"
"0x311d5fd61ab57b13:0x9a0312019155d285","Wednesday","10 am–7:30 pm"
"0x311d5fd61ab57b13:0x9a0312019155d285","Thursday","10 am–7:30 pm"
"0x311d5fd61ab57b13:0x9a0312019155d285","Friday","10 am–7:30 pm"
"0x311d5fd61ab57b13:0x9a0312019155d285","Saturday","10 am–7:30 pm"
"0x311d5fd61ab57b13:0x9a0312019155d285","Sunday","10 am–7:30 pm"
"0x311d5fd61ab57b13:0x9a0312019155d285","Monday","10 am–7:30 pm"
"0x311d5fef2917a39b:0xce0031a50d2c4bf9","Tuesday","9 am–7:30 pm"
"0x311d5fef2917a39b:0xce0031a50d2c4bf9","Wednesday","9 am–7:30 pm"
"0x311d5fef2917a39b:0xce0031a50d2c4bf9","Thursday","9 am–7:30 pm"
"0x311d5fef2917a39b:0xce0031a50d2c4bf9","Friday","9 am–7:30 pm"
"0x311d5fef2917a39b:0xce0031a50d2c4bf9","Saturday","9 am–7:30 pm"
"0x311d5fef2917a39b:0xce0031a50d2c4bf9","Sunday","9 am–7:30 pm"
"0x311d5fef2917a39b:0xce0031a50d2c4bf9","Monday","9 am–7:30 pm"
"0x311d5fef4e7a99f1:0x5aa3ac3999d4f88","Tuesday","10 am–7 pm"
"0x311d5fef4e7a99f1:0x5aa3ac3999d4f88","Wednesday","10 am–7 pm"
"0x311d5fef4e7a99f1:0x5aa3ac3999d4f88","Thursday","10 am–7 pm"
"0x311d5fef4e7a99f1:0x5aa3ac3999d4f88","Friday","10 am–7 pm"
"0x311d5fef4e7a99f1:0x5aa3ac3999d4f88","Saturday","10 am–7 pm"
"0x311d5fef4e7a99f1:0x5aa3ac3999d4f88","Sunday","10 am–7 pm"
"0x311d5fef4e7a99f1:0x5aa3ac3999d4f88","Monday","10 am–7 pm"
"0x311d60734bf0002d:0xbfeb18716f86b4","Tuesday","10 am–8 pm"
"0x311d60734bf0002d:0xbfeb18716f86b4","Wednesday","10 am–8 pm"
"0x311d60734bf0002d:0xbfeb18716f86b4","Thursday","10 am–8 pm"
"0x311d60734bf0002d:0xbfeb18716f86b4","Friday","10 am–8 pm"
"0x311d60734bf0002d:0xbfeb18716f86b4","Saturday","10 am–8 pm"
"0x311d60734bf0002d:0xbfeb18716f86b4","Sunday","10 am–8 pm"
"0x311d60734bf0002d:0xbfeb18716f86b4","Monday","10 am–8 pm"
"0x311d5f8f46918435:0xfed0a0727c2b178d","Tuesday","10 am–8 pm"
"0x311d5f8f46918435:0xfed0a0727c2b178d","Wednesday","10 am–8 pm"
"0x311d5f8f46918435:0xfed0a0727c2b178d","Thursday","10 am–8 pm"
"0x311d5f8f46918435:0xfed0a0727c2b178d","Friday","10 am–8 pm"
"0x311d5f8f46918435:0xfed0a0727c2b178d","Saturday","10 am–8 pm"
"0x311d5f8f46918435:0xfed0a0727c2b178d","Sunday","10 am–8 pm"
"0x311d5f8f46918435:0xfed0a0727c2b178d","Monday","10 am–8 pm"
"0x30e299b3ad6a2773:0x24bea4c2648939ca","Tuesday","9 AM–7 PM"
"0x30e299b3ad6a2773:0x24bea4c2648939ca","Wednesday","9 AM–7 PM"
"0x30e299b3ad6a2773:0x24bea4c2648939ca","Thursday","9 AM–7 PM"
"0x30e299b3ad6a2773:0x24bea4c2648939ca","Friday","9 AM–7 PM"
"0x30e299b3ad6a2773:0x24bea4c2648939ca","Saturday","9 AM–7 PM"
"0x30e299b3ad6a2773:0x24bea4c2648939ca","Sunday","Closed"
"0x30e299b3ad6a2773:0x24bea4c2648939ca","Monday","9 AM–7 PM"
"0x30e2a305f71a289f:0xad274229c3e6fd61","Tuesday","10 AM–8 PM"
"0x30e2a305f71a289f:0xad274229c3e6fd61","Wednesday","10 AM–8 PM"
"0x30e2a305f71a289f:0xad274229c3e6fd61","Thursday","10 AM–8 PM"
"0x30e2a305f71a289f:0xad274229c3e6fd61","Friday","10 AM–8 PM"
"0x30e2a305f71a289f:0xad274229c3e6fd61","Saturday","10 AM–8 PM"
"0x30e2a305f71a289f:0xad274229c3e6fd61","Sunday","10 AM–8 PM"
"0x30e2a305f71a289f:0xad274229c3e6fd61","Monday","10 AM–8 PM"
"0x30e29dd5b7c80307:0x59911222f20184ab","Tuesday","9 AM–7 PM"
"0x30e29dd5b7c80307:0x59911222f20184ab","Wednesday","9 AM–7 PM"
"0x30e29dd5b7c80307:0x59911222f20184ab","Thursday","9 AM–7 PM"
"0x30e29dd5b7c80307:0x59911222f20184ab","Friday","Closed"
"0x30e29dd5b7c80307:0x59911222f20184ab","Saturday","9 AM–7 PM"
"0x30e29dd5b7c80307:0x59911222f20184ab","Sunday","9 AM–7 PM"
"0x30e29dd5b7c80307:0x59911222f20184ab","Monday","9 AM–7 PM"
"0x30e29c2dfd99a209:0x65e0f3c5e4c621d","Tuesday","11 AM–8 PM"
"0x30e29c2dfd99a209:0x65e0f3c5e4c621d","Wednesday","11 AM–8 PM"
"0x30e29c2dfd99a209:0x65e0f3c5e4c621d","Thursday","11 AM–8 PM"
"0x30e29c2dfd99a209:0x65e0f3c5e4c621d","Friday","11 AM–8 PM"
"0x30e29c2dfd99a209:0x65e0f3c5e4c621d","Saturday","11 AM–6 PM"
"0x30e29c2dfd99a209:0x65e0f3c5e4c621d","Sunday","Closed"
"0x30e29c2dfd99a209:0x65e0f3c5e4c621d","Monday","11 AM–8 PM"
"0x30e29ee712ef5879:0xe59ae56d02d854f0","Tuesday","9 am–7 pm"
"0x30e29ee712ef5879:0xe59ae56d02d854f0","Wednesday","9 am–7 pm"
"0x30e29ee712ef5879:0xe59ae56d02d854f0","Thursday","9 am–7 pm"
"0x30e29ee712ef5879:0xe59ae56d02d854f0","Friday","9 am–7 pm"
"0x30e29ee712ef5879:0xe59ae56d02d854f0","Saturday","10 am–7 pm"
"0x30e29ee712ef5879:0xe59ae56d02d854f0","Sunday","Closed"
"0x30e29ee712ef5879:0xe59ae56d02d854f0","Monday","9 am–7 pm"
"0x30e29e18b511cfa1:0x6f62dd8822ed89fe","Tuesday","10 am–8 pm"
"0x30e29e18b511cfa1:0x6f62dd8822ed89fe","Wednesday","10 am–8 pm"
"0x30e29e18b511cfa1:0x6f62dd8822ed89fe","Thursday","10 am–8 pm"
"0x30e29e18b511cfa1:0x6f62dd8822ed89fe","Friday","10 am–8 pm"
"0x30e29e18b511cfa1:0x6f62dd8822ed89fe","Saturday","10 am–8 pm"
"0x30e29e18b511cfa1:0x6f62dd8822ed89fe","Sunday","10 am–8 pm"
"0x30e29e18b511cfa1:0x6f62dd8822ed89fe","Monday","10 am–8 pm"
"0x311d618d8ab606b1:0x44f69f47aa949313","Tuesday","10 AM–8 PM"
"0x311d618d8ab606b1:0x44f69f47aa949313","Wednesday","10 AM–8 PM"
"0x311d618d8ab606b1:0x44f69f47aa949313","Thursday","10 AM–8 PM"
"0x311d618d8ab606b1:0x44f69f47aa949313","Friday","10 AM–8 PM"
"0x311d618d8ab606b1:0x44f69f47aa949313","Saturday","10 AM–8 PM"
"0x311d618d8ab606b1:0x44f69f47aa949313","Sunday","10 AM–8 PM"
"0x311d618d8ab606b1:0x44f69f47aa949313","Monday","10 AM–8 PM"
"0x30e29da74cb4417d:0xa138c73b775dc393","Tuesday","8:30 AM–5:30 PM"
"0x30e29da74cb4417d:0xa138c73b775dc393","Wednesday","8:30 AM–5:30 PM"
"0x30e29da74cb4417d:0xa138c73b775dc393","Thursday","8:30 AM–5:30 PM"
"0x30e29da74cb4417d:0xa138c73b775dc393","Friday","8:30 AM–5:30 PM"
"0x30e29da74cb4417d:0xa138c73b775dc393","Saturday","8:30 AM–2 PM"
"0x30e29da74cb4417d:0xa138c73b775dc393","Sunday","8:30 AM–2 PM"
"0x30e29da74cb4417d:0xa138c73b775dc393","Monday","8:30 AM–5:30 PM"
"0x30e29ced286124bf:0xa2fc46358482f24e","Tuesday","9 am–8 pm"
"0x30e29ced286124bf:0xa2fc46358482f24e","Wednesday","9 am–8 pm"
"0x30e29ced286124bf:0xa2fc46358482f24e","Thursday","9 am–8 pm"
"0x30e29ced286124bf:0xa2fc46358482f24e","Friday","9 am–8 pm"
"0x30e29ced286124bf:0xa2fc46358482f24e","Saturday","9 am–6 pm"
"0x30e29ced286124bf:0xa2fc46358482f24e","Sunday","Closed"
"0x30e29ced286124bf:0xa2fc46358482f24e","Monday","9 am–8 pm"
"0x30e299931141e05b:0xe97f86d10f8ebc58","Tuesday","Open 24 hours"
"0x30e299931141e05b:0xe97f86d10f8ebc58","Wednesday","Open 24 hours"
"0x30e299931141e05b:0xe97f86d10f8ebc58","Thursday","Open 24 hours"
"0x30e299931141e05b:0xe97f86d10f8ebc58","Friday","Open 24 hours"
"0x30e299931141e05b:0xe97f86d10f8ebc58","Saturday","Open 24 hours"
"0x30e299931141e05b:0xe97f86d10f8ebc58","Sunday","Open 24 hours"
"0x30e299931141e05b:0xe97f86d10f8ebc58","Monday","Open 24 hours"
"0x30e297f4877eaf2f:0xea997db482bf186d","Tuesday","10 AM–8 PM"
"0x30e297f4877eaf2f:0xea997db482bf186d","Wednesday","10 AM–8 PM"
"0x30e297f4877eaf2f:0xea997db482bf186d","Thursday","10 AM–8 PM"
"0x30e297f4877eaf2f:0xea997db482bf186d","Friday","10 AM–8 PM"
"0x30e297f4877eaf2f:0xea997db482bf186d","Saturday","10 AM–8 PM"
"0x30e297f4877eaf2f:0xea997db482bf186d","Sunday","10 AM–8 PM"
"0x30e297f4877eaf2f:0xea997db482bf186d","Monday","10 AM–8 PM"
"0x30e2996303dde8ab:0xd978a07f8bbea8cb","Tuesday","10 AM–7 PM"
"0x30e2996303dde8ab:0xd978a07f8bbea8cb","Wednesday","10 AM–7 PM"
"0x30e2996303dde8ab:0xd978a07f8bbea8cb","Thursday","10 AM–7 PM"
"0x30e2996303dde8ab:0xd978a07f8bbea8cb","Friday","10 AM–7 PM"
"0x30e2996303dde8ab:0xd978a07f8bbea8cb","Saturday","10 AM–7 PM"
"0x30e2996303dde8ab:0xd978a07f8bbea8cb","Sunday","10 AM–7 PM"
"0x30e2996303dde8ab:0xd978a07f8bbea8cb","Monday","10 AM–7 PM"
"0x30e29fea61583ba5:0xa61747ae35a83232","Tuesday","10 am–8 pm"
"0x30e29fea61583ba5:0xa61747ae35a83232","Wednesday","10 am–8 pm"
"0x30e29fea61583ba5:0xa61747ae35a83232","Thursday","10 am–8 pm"
"0x30e29fea61583ba5:0xa61747ae35a83232","Friday","10 am–8 pm"
"0x30e29fea61583ba5:0xa61747ae35a83232","Saturday","10 am–8 pm"
"0x30e29fea61583ba5:0xa61747ae35a83232","Sunday","10 am–8 pm"
"0x30e29fea61583ba5:0xa61747ae35a83232","Monday","10 am–8 pm"
"0x311d61aa01906b51:0x177a2adc669fd01e","Tuesday","11 AM–8 PM"
"0x311d61aa01906b51:0x177a2adc669fd01e","Wednesday","11 AM–8 PM"
"0x311d61aa01906b51:0x177a2adc669fd01e","Thursday","11 AM–8 PM"
"0x311d61aa01906b51:0x177a2adc669fd01e","Friday","11 AM–8 PM"
"0x311d61aa01906b51:0x177a2adc669fd01e","Saturday","11 AM–8 PM"
"0x311d61aa01906b51:0x177a2adc669fd01e","Sunday","11 AM–8 PM"
"0x311d61aa01906b51:0x177a2adc669fd01e","Monday","11 AM–8 PM"
"0x30e29f4c1102a0f7:0x6d3e444c6c37133","Tuesday","10 am–7 pm"
"0x30e29f4c1102a0f7:0x6d3e444c6c37133","Wednesday","10 am–7 pm"
"0x30e29f4c1102a0f7:0x6d3e444c6c37133","Thursday","10 am–7 pm"
"0x30e29f4c1102a0f7:0x6d3e444c6c37133","Friday","10 am–7 pm"
"0x30e29f4c1102a0f7:0x6d3e444c6c37133","Saturday","10 am–7 pm"
"0x30e29f4c1102a0f7:0x6d3e444c6c37133","Sunday","10 am–7 pm"
"0x30e29f4c1102a0f7:0x6d3e444c6c37133","Monday","10 am–7 pm"
"0x30e29fb615b910c5:0xae3a06441174b7ca","Tuesday","9 am–9 pm"
"0x30e29fb615b910c5:0xae3a06441174b7ca","Wednesday","9 am–9 pm"
"0x30e29fb615b910c5:0xae3a06441174b7ca","Thursday","9 am–9 pm"
"0x30e29fb615b910c5:0xae3a06441174b7ca","Friday","9 am–9 pm"
"0x30e29fb615b910c5:0xae3a06441174b7ca","Saturday","9 am–9 pm"
"0x30e29fb615b910c5:0xae3a06441174b7ca","Sunday","9 am–9 pm"
"0x30e29fb615b910c5:0xae3a06441174b7ca","Monday","9 am–9 pm"
"0x311d63d71259ea7d:0x787b7e11b5f0f71a","Tuesday","7 am–10 pm"
"0x311d63d71259ea7d:0x787b7e11b5f0f71a","Wednesday","7 am–10 pm"
"0x311d63d71259ea7d:0x787b7e11b5f0f71a","Thursday","7 am–10 pm"
"0x311d63d71259ea7d:0x787b7e11b5f0f71a","Friday","7 am–10 pm"
"0x311d63d71259ea7d:0x787b7e11b5f0f71a","Saturday","7 am–10 pm"
"0x311d63d71259ea7d:0x787b7e11b5f0f71a","Sunday","7 am–10 pm"
"0x311d63d71259ea7d:0x787b7e11b5f0f71a","Monday","7 am–10 pm"
"0x30e29fd7669a97eb:0x459b33fc12f3d82","Tuesday","Open 24 hours"
"0x30e29fd7669a97eb:0x459b33fc12f3d82","Wednesday","Open 24 hours"
"0x30e29fd7669a97eb:0x459b33fc12f3d82","Thursday","Open 24 hours"
"0x30e29fd7669a97eb:0x459b33fc12f3d82","Friday","Open 24 hours"
"0x30e29fd7669a97eb:0x459b33fc12f3d82","Saturday","Open 24 hours"
"0x30e29fd7669a97eb:0x459b33fc12f3d82","Sunday","Open 24 hours"
"0x30e29fd7669a97eb:0x459b33fc12f3d82","Monday","Open 24 hours"
"0x311d602fade66b87:0xdc5264d52793f2eb","Tuesday","10 am–8 pm"
"0x311d602fade66b87:0xdc5264d52793f2eb","Wednesday","10 am–8 pm"
"0x311d602fade66b87:0xdc5264d52793f2eb","Thursday","10 am–8 pm"
"0x311d602fade66b87:0xdc5264d52793f2eb","Friday","10 am–8 pm"
"0x311d602fade66b87:0xdc5264d52793f2eb","Saturday","10 am–8 pm"
"0x311d602fade66b87:0xdc5264d52793f2eb","Sunday","10 am–8 pm"
"0x311d602fade66b87:0xdc5264d52793f2eb","Monday","10 am–8 pm"
"0x30e29d8a8a294a25:0xa456de84474304f8","Tuesday","10 am–8 pm"
"0x30e29d8a8a294a25:0xa456de84474304f8","Wednesday","10 am–8 pm"
"0x30e29d8a8a294a25:0xa456de84474304f8","Thursday","10 am–8 pm"
"0x30e29d8a8a294a25:0xa456de84474304f8","Friday","10 am–8 pm"
"0x30e29d8a8a294a25:0xa456de84474304f8","Saturday","10 am–8 pm"
"0x30e29d8a8a294a25:0xa456de84474304f8","Sunday","10 am–8 pm"
"0x30e29d8a8a294a25:0xa456de84474304f8","Monday","10 am–8 pm"
"0x311d618da4b349b7:0xd3fb2800f710c6f5","Tuesday","10 am–7 pm"
"0x311d618da4b349b7:0xd3fb2800f710c6f5","Wednesday","10 am–7 pm"
"0x311d618da4b349b7:0xd3fb2800f710c6f5","Thursday","10 am–7 pm"
"0x311d618da4b349b7:0xd3fb2800f710c6f5","Friday","10 am–7 pm"
"0x311d618da4b349b7:0xd3fb2800f710c6f5","Saturday","10 am–6 pm"
"0x311d618da4b349b7:0xd3fb2800f710c6f5","Sunday","9 am–6 pm"
"0x311d618da4b349b7:0xd3fb2800f710c6f5","Monday","10 am–7 pm"
"0x30e29c7509ee82e9:0x326b4da8a79ff021","Tuesday","9:30 am–7 pm"
"0x30e29c7509ee82e9:0x326b4da8a79ff021","Wednesday","9:30 am–7 pm"
"0x30e29c7509ee82e9:0x326b4da8a79ff021","Thursday","9:30 am–7 pm"
"0x30e29c7509ee82e9:0x326b4da8a79ff021","Friday","9:30 am–7 pm"
"0x30e29c7509ee82e9:0x326b4da8a79ff021","Saturday","9:30 am–7 pm"
"0x30e29c7509ee82e9:0x326b4da8a79ff021","Sunday","9:30 am–12:30 pm"
"0x30e29c7509ee82e9:0x326b4da8a79ff021","Monday","Closed"
"0x30e29c1a1124ccd5:0x628bcee0c57650c8","Tuesday","10 am–8 pm"
"0x30e29c1a1124ccd5:0x628bcee0c57650c8","Wednesday","10 am–8 pm"
"0x30e29c1a1124ccd5:0x628bcee0c57650c8","Thursday","10 am–8 pm"
"0x30e29c1a1124ccd5:0x628bcee0c57650c8","Friday","10 am–8 pm"
"0x30e29c1a1124ccd5:0x628bcee0c57650c8","Saturday","10 am–8 pm"
"0x30e29c1a1124ccd5:0x628bcee0c57650c8","Sunday","10 am–6 pm"
"0x30e29c1a1124ccd5:0x628bcee0c57650c8","Monday","10 am–8 pm"
"0x30e299ba5a834f55:0x32615f186c4b242b","Tuesday","4–9 pm"
"0x30e299ba5a834f55:0x32615f186c4b242b","Wednesday","4–9 pm"
"0x30e299ba5a834f55:0x32615f186c4b242b","Thursday","4–9 pm"
"0x30e299ba5a834f55:0x32615f186c4b242b","Friday","4–9 pm"
"0x30e299ba5a834f55:0x32615f186c4b242b","Saturday","9 am–9 pm"
"0x30e299ba5a834f55:0x32615f186c4b242b","Sunday","9 am–9 pm"
"0x30e299ba5a834f55:0x32615f186c4b242b","Monday","4–9 pm"
"0x30e29f51335614d5:0xd3144b3198990989","Tuesday","10 am–8 pm"
"0x30e29f51335614d5:0xd3144b3198990989","Wednesday","10 am–8 pm"
"0x30e29f51335614d5:0xd3144b3198990989","Thursday","10 am–8 pm"
"0x30e29f51335614d5:0xd3144b3198990989","Friday","10 am–8 pm"
"0x30e29f51335614d5:0xd3144b3198990989","Saturday","10 am–8 pm"
"0x30e29f51335614d5:0xd3144b3198990989","Sunday","Closed"
"0x30e29f51335614d5:0xd3144b3198990989","Monday","10 am–8 pm"
"0x30e29a0387fd213d:0x5dc8f27bcf0d27fb","Tuesday","10 am–8 pm"
"0x30e29a0387fd213d:0x5dc8f27bcf0d27fb","Wednesday","10 am–8 pm"
"0x30e29a0387fd213d:0x5dc8f27bcf0d27fb","Thursday","10 am–8 pm"
"0x30e29a0387fd213d:0x5dc8f27bcf0d27fb","Friday","10 am–8 pm"
"0x30e29a0387fd213d:0x5dc8f27bcf0d27fb","Saturday","10 am–8 pm"
"0x30e29a0387fd213d:0x5dc8f27bcf0d27fb","Sunday","10 am–8 pm"
"0x30e29a0387fd213d:0x5dc8f27bcf0d27fb","Monday","10 am–8 pm"
"0x30e2999615ded907:0x99c17dd505da6aa3","Tuesday","10 am–5 pm"
"0x30e2999615ded907:0x99c17dd505da6aa3","Wednesday","Closed"
"0x30e2999615ded907:0x99c17dd505da6aa3","Thursday","10 am–5 pm"
"0x30e2999615ded907:0x99c17dd505da6aa3","Friday","10 am–5 pm"
"0x30e2999615ded907:0x99c17dd505da6aa3","Saturday","10 am–5 pm"
"0x30e2999615ded907:0x99c17dd505da6aa3","Sunday","10 am–5 pm"
"0x30e2999615ded907:0x99c17dd505da6aa3","Monday","10 am–5 pm"
"0x30e29dc1b8379271:0xb81147f33a6c5b30","Tuesday","9 am–7 pm"
"0x30e29dc1b8379271:0xb81147f33a6c5b30","Wednesday","9 am–7 pm"
"0x30e29dc1b8379271:0xb81147f33a6c5b30","Thursday","9 am–7 pm"
"0x30e29dc1b8379271:0xb81147f33a6c5b30","Friday","9 am–7 pm"
"0x30e29dc1b8379271:0xb81147f33a6c5b30","Saturday","9 am–7 pm"
"0x30e29dc1b8379271:0xb81147f33a6c5b30","Sunday","9 am–7 pm"
"0x30e29dc1b8379271:0xb81147f33a6c5b30","Monday","9 am–7 pm"
"0x30e29d4c18c21121:0xdb2e46e0242ec397","Tuesday","10 am–8:30 pm"
"0x30e29d4c18c21121:0xdb2e46e0242ec397","Wednesday","10 am–8:30 pm"
"0x30e29d4c18c21121:0xdb2e46e0242ec397","Thursday","10 am–8:30 pm"
"0x30e29d4c18c21121:0xdb2e46e0242ec397","Friday","10 am–8:30 pm"
"0x30e29d4c18c21121:0xdb2e46e0242ec397","Saturday","10 am–8:30 pm"
"0x30e29d4c18c21121:0xdb2e46e0242ec397","Sunday","10 am–8:30 pm"
"0x30e29d4c18c21121:0xdb2e46e0242ec397","Monday","10 am–8:30 pm"
"0x311d61704ce717a7:0x1a24db9977e7dc37","Tuesday","10 am–8 pm"
"0x311d61704ce717a7:0x1a24db9977e7dc37","Wednesday","10 am–8 pm"
"0x311d61704ce717a7:0x1a24db9977e7dc37","Thursday","10 am–8 pm"
"0x311d61704ce717a7:0x1a24db9977e7dc37","Friday","10 am–8 pm"
"0x311d61704ce717a7:0x1a24db9977e7dc37","Saturday","10 am–8 pm"
"0x311d61704ce717a7:0x1a24db9977e7dc37","Sunday","10 am–8 pm"
"0x311d61704ce717a7:0x1a24db9977e7dc37","Monday","10 am–8 pm"
"0x311d63397c753a35:0x5bf24a307a48d354","Tuesday","10:30 am–7:30 pm"
"0x311d63397c753a35:0x5bf24a307a48d354","Wednesday","10:30 am–7:30 pm"
"0x311d63397c753a35:0x5bf24a307a48d354","Thursday","10:30 am–7:30 pm"
"0x311d63397c753a35:0x5bf24a307a48d354","Friday","10:30 am–7:30 pm"
"0x311d63397c753a35:0x5bf24a307a48d354","Saturday","10:30 am–7:30 pm"
"0x311d63397c753a35:0x5bf24a307a48d354","Sunday","10:30 am–7:30 pm"
"0x311d63397c753a35:0x5bf24a307a48d354","Monday","10:30 am–7:30 pm"
"0x30e2914a56032f35:0x2d9abec06f0d65bd","Tuesday","10 am–8 pm"
"0x30e2914a56032f35:0x2d9abec06f0d65bd","Wednesday","10 am–8 pm"
"0x30e2914a56032f35:0x2d9abec06f0d65bd","Thursday","10 am–8 pm"
"0x30e2914a56032f35:0x2d9abec06f0d65bd","Friday","10 am–8 pm"
"0x30e2914a56032f35:0x2d9abec06f0d65bd","Saturday","10 am–8 pm"
"0x30e2914a56032f35:0x2d9abec06f0d65bd","Sunday","10 am–8 pm"
"0x30e2914a56032f35:0x2d9abec06f0d65bd","Monday","10 am–8 pm"
"0x30e29982b857de01:0x809d60932ea07763","Tuesday","10 am–8 pm"
"0x30e29982b857de01:0x809d60932ea07763","Wednesday","10 am–8 pm"
"0x30e29982b857de01:0x809d60932ea07763","Thursday","10 am–8 pm"
"0x30e29982b857de01:0x809d60932ea07763","Friday","10 am–8 pm"
"0x30e29982b857de01:0x809d60932ea07763","Saturday","10 am–8 pm"
"0x30e29982b857de01:0x809d60932ea07763","Sunday","10 am–8 pm"
"0x30e29982b857de01:0x809d60932ea07763","Monday","Closed"
"0x30e29fa53fa0bbb5:0x3cb6ae96e750e492","Tuesday","10 am–6 pm"
"0x30e29fa53fa0bbb5:0x3cb6ae96e750e492","Wednesday","10 am–6 pm"
"0x30e29fa53fa0bbb5:0x3cb6ae96e750e492","Thursday","10 am–6 pm"
"0x30e29fa53fa0bbb5:0x3cb6ae96e750e492","Friday","10 am–6 pm"
"0x30e29fa53fa0bbb5:0x3cb6ae96e750e492","Saturday","10 am–6 pm"
"0x30e29fa53fa0bbb5:0x3cb6ae96e750e492","Sunday","Closed"
"0x30e29fa53fa0bbb5:0x3cb6ae96e750e492","Monday","10 am–6 pm"
"0x30e29973f21edb13:0x51d583f75541bc6f","Tuesday","10 am–7 pm"
"0x30e29973f21edb13:0x51d583f75541bc6f","Wednesday","10 am–7 pm"
"0x30e29973f21edb13:0x51d583f75541bc6f","Thursday","10 am–7 pm"
"0x30e29973f21edb13:0x51d583f75541bc6f","Friday","10 am–7 pm"
"0x30e29973f21edb13:0x51d583f75541bc6f","Saturday","10 am–7 pm"
"0x30e29973f21edb13:0x51d583f75541bc6f","Sunday","10 am–7 pm"
"0x30e29973f21edb13:0x51d583f75541bc6f","Monday","10 am–7 pm"
"0x30e29861485dffcf:0x592c1eb951db49f2","Tuesday","10 am–6 pm"
"0x30e29861485dffcf:0x592c1eb951db49f2","Wednesday","Closed"
"0x30e29861485dffcf:0x592c1eb951db49f2","Thursday","10 am–6 pm"
"0x30e29861485dffcf:0x592c1eb951db49f2","Friday","10 am–6 pm"
"0x30e29861485dffcf:0x592c1eb951db49f2","Saturday","10 am–6 pm"
"0x30e29861485dffcf:0x592c1eb951db49f2","Sunday","10 am–6 pm"
"0x30e29861485dffcf:0x592c1eb951db49f2","Monday","Closed"
"0x30e29982c5bdcf49:0x7c9c5e93943b127","Tuesday","9 am–8 pm"
"0x30e29982c5bdcf49:0x7c9c5e93943b127","Wednesday","9 am–8 pm"
"0x30e29982c5bdcf49:0x7c9c5e93943b127","Thursday","9 am–8 pm"
"0x30e29982c5bdcf49:0x7c9c5e93943b127","Friday","9 am–8 pm"
"0x30e29982c5bdcf49:0x7c9c5e93943b127","Saturday","9 am–8 pm"
"0x30e29982c5bdcf49:0x7c9c5e93943b127","Sunday","9 am–8 pm"
"0x30e29982c5bdcf49:0x7c9c5e93943b127","Monday","9 am–8 pm"
"0x30e29d070d83742d:0x5102ebf03028369a","Tuesday","10 am–6 pm"
"0x30e29d070d83742d:0x5102ebf03028369a","Wednesday","Closed"
"0x30e29d070d83742d:0x5102ebf03028369a","Thursday","Closed"
"0x30e29d070d83742d:0x5102ebf03028369a","Friday","10 am–7 pm"
"0x30e29d070d83742d:0x5102ebf03028369a","Saturday","10 am–7 pm"
"0x30e29d070d83742d:0x5102ebf03028369a","Sunday","10 am–7 pm"
"0x30e29d070d83742d:0x5102ebf03028369a","Monday","10 am–6 pm"
"0x30e2a30059aa5cf5:0x249ac33cfd50d086","Tuesday","9 am–8 pm"
"0x30e2a30059aa5cf5:0x249ac33cfd50d086","Wednesday","9 am–8 pm"
"0x30e2a30059aa5cf5:0x249ac33cfd50d086","Thursday","9 am–8 pm"
"0x30e2a30059aa5cf5:0x249ac33cfd50d086","Friday","9 am–8 pm"
"0x30e2a30059aa5cf5:0x249ac33cfd50d086","Saturday","9 am–8 pm"
"0x30e2a30059aa5cf5:0x249ac33cfd50d086","Sunday","9 am–8 pm"
"0x30e2a30059aa5cf5:0x249ac33cfd50d086","Monday","9 am–8 pm"
"0x30e2a27b1008d833:0xdcf5abdd5b0a4ce3","Tuesday","9 am–8 pm"
"0x30e2a27b1008d833:0xdcf5abdd5b0a4ce3","Wednesday","9 am–8 pm"
"0x30e2a27b1008d833:0xdcf5abdd5b0a4ce3","Thursday","9 am–8 pm"
"0x30e2a27b1008d833:0xdcf5abdd5b0a4ce3","Friday","9 am–8 pm"
"0x30e2a27b1008d833:0xdcf5abdd5b0a4ce3","Saturday","9 am–8 pm"
"0x30e2a27b1008d833:0xdcf5abdd5b0a4ce3","Sunday","9 am–8 pm"
"0x30e2a27b1008d833:0xdcf5abdd5b0a4ce3","Monday","9 am–8 pm"
"0x30e2a3b7f8584859:0x89861430955013ed","Tuesday","10 am–8 pm"
"0x30e2a3b7f8584859:0x89861430955013ed","Wednesday","10 am–8 pm"
"0x30e2a3b7f8584859:0x89861430955013ed","Thursday","10 am–8 pm"
"0x30e2a3b7f8584859:0x89861430955013ed","Friday","10 am–8 pm"
"0x30e2a3b7f8584859:0x89861430955013ed","Saturday","10 am–8 pm"
"0x30e2a3b7f8584859:0x89861430955013ed","Sunday","10 am–8 pm"
"0x30e2a3b7f8584859:0x89861430955013ed","Monday","10 am–8 pm"
"0x30e2a1fe2ecef8f7:0xe0af7a408eb31f64","Tuesday","10 am–8 pm"
"0x30e2a1fe2ecef8f7:0xe0af7a408eb31f64","Wednesday","10 am–8 pm"
"0x30e2a1fe2ecef8f7:0xe0af7a408eb31f64","Thursday","10 am–8 pm"
"0x30e2a1fe2ecef8f7:0xe0af7a408eb31f64","Friday","10 am–8 pm"
"0x30e2a1fe2ecef8f7:0xe0af7a408eb31f64","Saturday","10 am–8 pm"
"0x30e2a1fe2ecef8f7:0xe0af7a408eb31f64","Sunday","10 am–8 pm"
"0x30e2a1fe2ecef8f7:0xe0af7a408eb31f64","Monday","10 am–8 pm"
"0x311d615b15775681:0xed3cc6875280e00f","Tuesday","10 am–8 pm"
"0x311d615b15775681:0xed3cc6875280e00f","Wednesday","10 am–8 pm"
"0x311d615b15775681:0xed3cc6875280e00f","Thursday","10 am–8 pm"
"0x311d615b15775681:0xed3cc6875280e00f","Friday","10 am–8 pm"
"0x311d615b15775681:0xed3cc6875280e00f","Saturday","10 am–8 pm"
"0x311d615b15775681:0xed3cc6875280e00f","Sunday","10 am–8 pm"
"0x311d615b15775681:0xed3cc6875280e00f","Monday","10 am–8 pm"
"0x30e29fd1f0b7d2ad:0x3d6adc63668717f0","Tuesday","9 am–8 pm"
"0x30e29fd1f0b7d2ad:0x3d6adc63668717f0","Wednesday","9 am–8 pm"
"0x30e29fd1f0b7d2ad:0x3d6adc63668717f0","Thursday","9 am–8 pm"
"0x30e29fd1f0b7d2ad:0x3d6adc63668717f0","Friday","9 am–8 pm"
"0x30e29fd1f0b7d2ad:0x3d6adc63668717f0","Saturday","9 am–8 pm"
"0x30e29fd1f0b7d2ad:0x3d6adc63668717f0","Sunday","9 am–8 pm"
"0x30e29fd1f0b7d2ad:0x3d6adc63668717f0","Monday","9 am–8 pm"
"0x30e29fbf29830013:0x236fe3c27f121fa2","Tuesday","10 am–8 pm"
"0x30e29fbf29830013:0x236fe3c27f121fa2","Wednesday","10 am–8 pm"
"0x30e29fbf29830013:0x236fe3c27f121fa2","Thursday","10 am–8 pm"
"0x30e29fbf29830013:0x236fe3c27f121fa2","Friday","10 am–8 pm"
"0x30e29fbf29830013:0x236fe3c27f121fa2","Saturday","10 am–8 pm"
"0x30e29fbf29830013:0x236fe3c27f121fa2","Sunday","10 am–8 pm"
"0x30e29fbf29830013:0x236fe3c27f121fa2","Monday","10 am–8 pm"
"0x30e29c57ba6e65cf:0xc0182fbb2c2479b6","Tuesday","10 am–8 pm"
"0x30e29c57ba6e65cf:0xc0182fbb2c2479b6","Wednesday","10 am–8 pm"
"0x30e29c57ba6e65cf:0xc0182fbb2c2479b6","Thursday","10 am–8 pm"
"0x30e29c57ba6e65cf:0xc0182fbb2c2479b6","Friday","10 am–8 pm"
"0x30e29c57ba6e65cf:0xc0182fbb2c2479b6","Saturday","10 am–8 pm"
"0x30e29c57ba6e65cf:0xc0182fbb2c2479b6","Sunday","10 am–6 pm"
"0x30e29c57ba6e65cf:0xc0182fbb2c2479b6","Monday","10 am–8 pm"
"0x30e29fa4ae2f574f:0xcc341752087446f2","Tuesday","10:30 am–7 pm"
"0x30e29fa4ae2f574f:0xcc341752087446f2","Wednesday","10:30 am–7 pm"
"0x30e29fa4ae2f574f:0xcc341752087446f2","Thursday","10:30 am–7 pm"
"0x30e29fa4ae2f574f:0xcc341752087446f2","Friday","10:30 am–7 pm"
"0x30e29fa4ae2f574f:0xcc341752087446f2","Saturday","10:30 am–7 pm"
"0x30e29fa4ae2f574f:0xcc341752087446f2","Sunday","10:30 am–7 pm"
"0x30e29fa4ae2f574f:0xcc341752087446f2","Monday","10:30 am–7 pm"
"0x30e290823b7b106d:0x4e13ece81606c14e","Tuesday","Closed"
"0x30e290823b7b106d:0x4e13ece81606c14e","Wednesday","9 am–8 pm"
"0x30e290823b7b106d:0x4e13ece81606c14e","Thursday","9 am–8 pm"
"0x30e290823b7b106d:0x4e13ece81606c14e","Friday","9 am–8 pm"
"0x30e290823b7b106d:0x4e13ece81606c14e","Saturday","9 am–8 pm"
"0x30e290823b7b106d:0x4e13ece81606c14e","Sunday","9 am–8 pm"
"0x30e290823b7b106d:0x4e13ece81606c14e","Monday","9 am–8 pm"
"0x30e29f4c058e6d95:0x8d3f1b1f7c61b18c","Tuesday","9 am–6 pm"
"0x30e29f4c058e6d95:0x8d3f1b1f7c61b18c","Wednesday","9 am–6 pm"
"0x30e29f4c058e6d95:0x8d3f1b1f7c61b18c","Thursday","9 am–6 pm"
"0x30e29f4c058e6d95:0x8d3f1b1f7c61b18c","Friday","9 am–6 pm"
"0x30e29f4c058e6d95:0x8d3f1b1f7c61b18c","Saturday","9 am–6 pm"
"0x30e29f4c058e6d95:0x8d3f1b1f7c61b18c","Sunday","Closed"
"0x30e29f4c058e6d95:0x8d3f1b1f7c61b18c","Monday","9 am–6 pm"
"0x30e28376e31f1669:0x2ae08365f6f4028d","Tuesday","5–8 pm"
"0x30e28376e31f1669:0x2ae08365f6f4028d","Wednesday","5–8 pm"
"0x30e28376e31f1669:0x2ae08365f6f4028d","Thursday","5–8 pm"
"0x30e28376e31f1669:0x2ae08365f6f4028d","Friday","5–8 pm"
"0x30e28376e31f1669:0x2ae08365f6f4028d","Saturday","9 am–5 pm"
"0x30e28376e31f1669:0x2ae08365f6f4028d","Sunday","9 am–5 pm"
"0x30e28376e31f1669:0x2ae08365f6f4028d","Monday","5–8 pm"
"0x30e29b1d90b02509:0x9d3428f8c2436ce8","Tuesday","9 am–8 pm"
"0x30e29b1d90b02509:0x9d3428f8c2436ce8","Wednesday","9 am–8 pm"
"0x30e29b1d90b02509:0x9d3428f8c2436ce8","Thursday","9 am–8 pm"
"0x30e29b1d90b02509:0x9d3428f8c2436ce8","Friday","9 am–8 pm"
"0x30e29b1d90b02509:0x9d3428f8c2436ce8","Saturday","9 am–8 pm"
"0x30e29b1d90b02509:0x9d3428f8c2436ce8","Sunday","9 am–8 pm"
"0x30e29b1d90b02509:0x9d3428f8c2436ce8","Monday","9 am–8 pm"
"0x30e2a27e40bb84cd:0xb81782132a7a6430","Tuesday","9 am–8 pm"
"0x30e2a27e40bb84cd:0xb81782132a7a6430","Wednesday","9 am–8 pm"
"0x30e2a27e40bb84cd:0xb81782132a7a6430","Thursday","9 am–8 pm"
"0x30e2a27e40bb84cd:0xb81782132a7a6430","Friday","9 am–8 pm"
"0x30e2a27e40bb84cd:0xb81782132a7a6430","Saturday","9 am–8 pm"
"0x30e2a27e40bb84cd:0xb81782132a7a6430","Sunday","9 am–8 pm"
"0x30e2a27e40bb84cd:0xb81782132a7a6430","Monday","9 am–8 pm"
"0x30e2a142bd4a68bf:0x843d105b8e005126","Tuesday","10 am–8 pm"
"0x30e2a142bd4a68bf:0x843d105b8e005126","Wednesday","10 am–8 pm"
"0x30e2a142bd4a68bf:0x843d105b8e005126","Thursday","10 am–8 pm"
"0x30e2a142bd4a68bf:0x843d105b8e005126","Friday","10 am–8 pm"
"0x30e2a142bd4a68bf:0x843d105b8e005126","Saturday","10 am–8 pm"
"0x30e2a142bd4a68bf:0x843d105b8e005126","Sunday","10 am–8 pm"
"0x30e2a142bd4a68bf:0x843d105b8e005126","Monday","10 am–8 pm"
"0x30e29e6cefff3bdd:0x4d56a1521e64c3c9","Tuesday","8 am–5 pm"
"0x30e29e6cefff3bdd:0x4d56a1521e64c3c9","Wednesday","8 am–5 pm"
"0x30e29e6cefff3bdd:0x4d56a1521e64c3c9","Thursday","8 am–5 pm"
"0x30e29e6cefff3bdd:0x4d56a1521e64c3c9","Friday","8 am–5 pm"
"0x30e29e6cefff3bdd:0x4d56a1521e64c3c9","Saturday","8 am–5 pm"
"0x30e29e6cefff3bdd:0x4d56a1521e64c3c9","Sunday","Closed"
"0x30e29e6cefff3bdd:0x4d56a1521e64c3c9","Monday","8 am–5 pm"
"0x311d61eefbcb5d59:0x58bcd603dc334ef1","Tuesday","11 am–8 pm"
"0x311d61eefbcb5d59:0x58bcd603dc334ef1","Wednesday","11 am–8 pm"
"0x311d61eefbcb5d59:0x58bcd603dc334ef1","Thursday","11 am–8 pm"
"0x311d61eefbcb5d59:0x58bcd603dc334ef1","Friday","11 am–8 pm"
"0x311d61eefbcb5d59:0x58bcd603dc334ef1","Saturday","11 am–8 pm"
"0x311d61eefbcb5d59:0x58bcd603dc334ef1","Sunday","11 am–8 pm"
"0x311d61eefbcb5d59:0x58bcd603dc334ef1","Monday","11 am–8 pm"
"0x311d61f6ec90c9a9:0x8b10b3e724bf563d","Tuesday","9 am–8 pm"
"0x311d61f6ec90c9a9:0x8b10b3e724bf563d","Wednesday","9 am–8 pm"
"0x311d61f6ec90c9a9:0x8b10b3e724bf563d","Thursday","9 am–8 pm"
"0x311d61f6ec90c9a9:0x8b10b3e724bf563d","Friday","9 am–8 pm"
"0x311d61f6ec90c9a9:0x8b10b3e724bf563d","Saturday","9 am–8 pm"
"0x311d61f6ec90c9a9:0x8b10b3e724bf563d","Sunday","9 am–8 pm"
"0x311d61f6ec90c9a9:0x8b10b3e724bf563d","Monday","9 am–8 pm"
"0x30e29dfc8c80671f:0xbea35ddb9b1f1113","Tuesday","11 am–7 pm"
"0x30e29dfc8c80671f:0xbea35ddb9b1f1113","Wednesday","11 am–7 pm"
"0x30e29dfc8c80671f:0xbea35ddb9b1f1113","Thursday","11 am–7 pm"
"0x30e29dfc8c80671f:0xbea35ddb9b1f1113","Friday","11 am–7 pm"
"0x30e29dfc8c80671f:0xbea35ddb9b1f1113","Saturday","11 am–7 pm"
"0x30e29dfc8c80671f:0xbea35ddb9b1f1113","Sunday","11 am–7 pm"
"0x30e29dfc8c80671f:0xbea35ddb9b1f1113","Monday","11 am–7 pm"
"0x30e29f5477630fbb:0xb0dee926e4c5169c","Tuesday","10 am–7 pm"
"0x30e29f5477630fbb:0xb0dee926e4c5169c","Wednesday","10 am–7 pm"
"0x30e29f5477630fbb:0xb0dee926e4c5169c","Thursday","10 am–7 pm"
"0x30e29f5477630fbb:0xb0dee926e4c5169c","Friday","10 am–7 pm"
"0x30e29f5477630fbb:0xb0dee926e4c5169c","Saturday","10 am–7 pm"
"0x30e29f5477630fbb:0xb0dee926e4c5169c","Sunday","10 am–7 pm"
"0x30e29f5477630fbb:0xb0dee926e4c5169c","Monday","10 am–7 pm"
"0x30e2a3a273d5196f:0xd763794775bca72e","Tuesday","10 am–8 pm"
"0x30e2a3a273d5196f:0xd763794775bca72e","Wednesday","10 am–8 pm"
"0x30e2a3a273d5196f:0xd763794775bca72e","Thursday","10 am–8 pm"
"0x30e2a3a273d5196f:0xd763794775bca72e","Friday","10 am–8 pm"
"0x30e2a3a273d5196f:0xd763794775bca72e","Saturday","10 am–8 pm"
"0x30e2a3a273d5196f:0xd763794775bca72e","Sunday","10 am–8 pm"
"0x30e2a3a273d5196f:0xd763794775bca72e","Monday","10 am–8 pm"
"0x311d61775c3c6093:0xac2d27efe5f24e21","Tuesday","10:30 am–8 pm"
"0x311d61775c3c6093:0xac2d27efe5f24e21","Wednesday","10:30 am–8 pm"
"0x311d61775c3c6093:0xac2d27efe5f24e21","Thursday","10:30 am–8 pm"
"0x311d61775c3c6093:0xac2d27efe5f24e21","Friday","10:30 am–8 pm"
"0x311d61775c3c6093:0xac2d27efe5f24e21","Saturday","10 am–8 pm"
"0x311d61775c3c6093:0xac2d27efe5f24e21","Sunday","10 am–8 pm"
"0x311d61775c3c6093:0xac2d27efe5f24e21","Monday","10:30 am–8 pm"
"0x30e29b7ef407715f:0x1d7a96d2a735d014","Tuesday","10 am–6:30 pm"
"0x30e29b7ef407715f:0x1d7a96d2a735d014","Wednesday","10 am–6:30 pm"
"0x30e29b7ef407715f:0x1d7a96d2a735d014","Thursday","10 am–6:30 pm"
"0x30e29b7ef407715f:0x1d7a96d2a735d014","Friday","10 am–6:30 pm"
"0x30e29b7ef407715f:0x1d7a96d2a735d014","Saturday","9 am–6:30 pm"
"0x30e29b7ef407715f:0x1d7a96d2a735d014","Sunday","9 am–5 pm"
"0x30e29b7ef407715f:0x1d7a96d2a735d014","Monday","10 am–6:30 pm"
"0x30e29987b2c141ad:0x7311ac4b1447495d","Tuesday","Open 24 hours"
"0x30e29987b2c141ad:0x7311ac4b1447495d","Wednesday","Open 24 hours"
"0x30e29987b2c141ad:0x7311ac4b1447495d","Thursday","Open 24 hours"
"0x30e29987b2c141ad:0x7311ac4b1447495d","Friday","Open 24 hours"
"0x30e29987b2c141ad:0x7311ac4b1447495d","Saturday","Open 24 hours"
"0x30e29987b2c141ad:0x7311ac4b1447495d","Sunday","Open 24 hours"
"0x30e29987b2c141ad:0x7311ac4b1447495d","Monday","Open 24 hours"
"0x30e297f4e0e0d7cb:0xf4241f8e8ae72ed6","Tuesday","10 am–7:30 pm"
"0x30e297f4e0e0d7cb:0xf4241f8e8ae72ed6","Wednesday","10 am–7:30 pm"
"0x30e297f4e0e0d7cb:0xf4241f8e8ae72ed6","Thursday","10 am–7:30 pm"
"0x30e297f4e0e0d7cb:0xf4241f8e8ae72ed6","Friday","10 am–7:30 pm"
"0x30e297f4e0e0d7cb:0xf4241f8e8ae72ed6","Saturday","10 am–7:30 pm"
"0x30e297f4e0e0d7cb:0xf4241f8e8ae72ed6","Sunday","10 am–7:30 pm"
"0x30e297f4e0e0d7cb:0xf4241f8e8ae72ed6","Monday","10 am–7:30 pm"
"0x30e2a024b07552bf:0x176e9baf91aaf90a","Tuesday","5–8 pm"
"0x30e2a024b07552bf:0x176e9baf91aaf90a","Wednesday","5–8 pm"
"0x30e2a024b07552bf:0x176e9baf91aaf90a","Thursday","5–8 pm"
"0x30e2a024b07552bf:0x176e9baf91aaf90a","Friday","5–8 pm"
"0x30e2a024b07552bf:0x176e9baf91aaf90a","Saturday","9 am–6 pm"
"0x30e2a024b07552bf:0x176e9baf91aaf90a","Sunday","9 am–6 pm"
"0x30e2a024b07552bf:0x176e9baf91aaf90a","Monday","5–8 pm"
"0x311d636f9db0b1bd:0x48003f16d02f817a","Tuesday","10 am–7:30 pm"
"0x311d636f9db0b1bd:0x48003f16d02f817a","Wednesday","10 am–7:30 pm"
"0x311d636f9db0b1bd:0x48003f16d02f817a","Thursday","10 am–7:30 pm"
"0x311d636f9db0b1bd:0x48003f16d02f817a","Friday","10 am–7:30 pm"
"0x311d636f9db0b1bd:0x48003f16d02f817a","Saturday","10 am–7:30 pm"
"0x311d636f9db0b1bd:0x48003f16d02f817a","Sunday","10 am–7:30 pm"
"0x311d636f9db0b1bd:0x48003f16d02f817a","Monday","10 am–7:30 pm"
"0x30e29d8d3b113549:0xb6a340b4dd85bf03","Tuesday","9 am–6 pm"
"0x30e29d8d3b113549:0xb6a340b4dd85bf03","Wednesday","Closed"
"0x30e29d8d3b113549:0xb6a340b4dd85bf03","Thursday","9 am–6 pm"
"0x30e29d8d3b113549:0xb6a340b4dd85bf03","Friday","9 am–6 pm"
"0x30e29d8d3b113549:0xb6a340b4dd85bf03","Saturday","9 am–5 pm"
"0x30e29d8d3b113549:0xb6a340b4dd85bf03","Sunday","9 am–4 pm"
"0x30e29d8d3b113549:0xb6a340b4dd85bf03","Monday","9 am–6 pm"
"0x30e29b7ba15ed4c1:0x32a0255e4b8534d5","Tuesday","10 am–8 pm"
"0x30e29b7ba15ed4c1:0x32a0255e4b8534d5","Wednesday","10 am–8 pm"
"0x30e29b7ba15ed4c1:0x32a0255e4b8534d5","Thursday","10 am–8 pm"
"0x30e29b7ba15ed4c1:0x32a0255e4b8534d5","Friday","10 am–8 pm"
"0x30e29b7ba15ed4c1:0x32a0255e4b8534d5","Saturday","10 am–8 pm"
"0x30e29b7ba15ed4c1:0x32a0255e4b8534d5","Sunday","10 am–8 pm"
"0x30e29b7ba15ed4c1:0x32a0255e4b8534d5","Monday","10 am–8 pm"
"0x30e29b2275efdf4d:0x84a0c09becc089d6","Tuesday","10:30 am–8 pm"
"0x30e29b2275efdf4d:0x84a0c09becc089d6","Wednesday","10:30 am–8 pm"
"0x30e29b2275efdf4d:0x84a0c09becc089d6","Thursday","10:30 am–8 pm"
"0x30e29b2275efdf4d:0x84a0c09becc089d6","Friday","10:30 am–8 pm"
"0x30e29b2275efdf4d:0x84a0c09becc089d6","Saturday","10:30 am–8 pm"
"0x30e29b2275efdf4d:0x84a0c09becc089d6","Sunday","10:30 am–8 pm"
"0x30e29b2275efdf4d:0x84a0c09becc089d6","Monday","10:30 am–8 pm"
"0x30e299a08ce58af3:0x5d1362ae459427ba","Tuesday","10 AM–8 PM"
"0x30e299a08ce58af3:0x5d1362ae459427ba","Wednesday","10 AM–8 PM"
"0x30e299a08ce58af3:0x5d1362ae459427ba","Thursday","10 AM–8 PM"
"0x30e299a08ce58af3:0x5d1362ae459427ba","Friday","10 AM–8 PM"
"0x30e299a08ce58af3:0x5d1362ae459427ba","Saturday","10 AM–8 PM"
"0x30e299a08ce58af3:0x5d1362ae459427ba","Sunday","10 AM–8 PM"
"0x30e299a08ce58af3:0x5d1362ae459427ba","Monday","10 AM–8 PM"
"0x30e299b358a6c949:0x6b1dade5be2f6cbb","Tuesday","10 AM–7 PM"
"0x30e299b358a6c949:0x6b1dade5be2f6cbb","Wednesday","Closed"
"0x30e299b358a6c949:0x6b1dade5be2f6cbb","Thursday","10 AM–7 PM"
"0x30e299b358a6c949:0x6b1dade5be2f6cbb","Friday","10 AM–7 PM"
"0x30e299b358a6c949:0x6b1dade5be2f6cbb","Saturday","10 AM–7 PM"
"0x30e299b358a6c949:0x6b1dade5be2f6cbb","Sunday","10 AM–7 PM"
"0x30e299b358a6c949:0x6b1dade5be2f6cbb","Monday","10 AM–7 PM"
"0x311d6261f5d0a971:0xd694e45ac1d1d685","Tuesday","Closed"
"0x311d6261f5d0a971:0xd694e45ac1d1d685","Wednesday","10 am–6 pm"
"0x311d6261f5d0a971:0xd694e45ac1d1d685","Thursday","10 am–6 pm"
"0x311d6261f5d0a971:0xd694e45ac1d1d685","Friday","10 am–6 pm"
"0x311d6261f5d0a971:0xd694e45ac1d1d685","Saturday","10 am–6 pm"
"0x311d6261f5d0a971:0xd694e45ac1d1d685","Sunday","10 am–6 pm"
"0x311d6261f5d0a971:0xd694e45ac1d1d685","Monday","10 am–6 pm"
"0x30e2bd6ad298fec1:0xd8a472eb7aa0f46b","Tuesday","10 am–6 pm"
"0x30e2bd6ad298fec1:0xd8a472eb7aa0f46b","Wednesday","10 am–6 pm"
"0x30e2bd6ad298fec1:0xd8a472eb7aa0f46b","Thursday","10 am–6 pm"
"0x30e2bd6ad298fec1:0xd8a472eb7aa0f46b","Friday","10 am–6 pm"
"0x30e2bd6ad298fec1:0xd8a472eb7aa0f46b","Saturday","10 am–6 pm"
"0x30e2bd6ad298fec1:0xd8a472eb7aa0f46b","Sunday","10 am–6 pm"
"0x30e2bd6ad298fec1:0xd8a472eb7aa0f46b","Monday","10 am–6 pm"
"0x30e29fc116c016dd:0xe07a44a71ab326be","Tuesday","11 AM–8 PM"
"0x30e29fc116c016dd:0xe07a44a71ab326be","Wednesday","11 AM–8 PM"
"0x30e29fc116c016dd:0xe07a44a71ab326be","Thursday","11 AM–8 PM"
"0x30e29fc116c016dd:0xe07a44a71ab326be","Friday","11 AM–8 PM"
"0x30e29fc116c016dd:0xe07a44a71ab326be","Saturday","10 AM–8 PM"
"0x30e29fc116c016dd:0xe07a44a71ab326be","Sunday","10 AM–8 PM"
"0x30e29fc116c016dd:0xe07a44a71ab326be","Monday","11 AM–8 PM"
"0x30e299bfc4836f23:0x66b9966c6650e5a5","Tuesday","10 am–8 pm"
"0x30e299bfc4836f23:0x66b9966c6650e5a5","Wednesday","10 am–8 pm"
"0x30e299bfc4836f23:0x66b9966c6650e5a5","Thursday","10 am–8 pm"
"0x30e299bfc4836f23:0x66b9966c6650e5a5","Friday","10 am–8 pm"
"0x30e299bfc4836f23:0x66b9966c6650e5a5","Saturday","10 am–8 pm"
"0x30e299bfc4836f23:0x66b9966c6650e5a5","Sunday","10 am–2 pm"
"0x30e299bfc4836f23:0x66b9966c6650e5a5","Monday","10 am–8 pm"
"0x30e29d61c8a81fd3:0x4161878916261b1d","Tuesday","10:30 am–7 pm"
"0x30e29d61c8a81fd3:0x4161878916261b1d","Wednesday","10:30 am–7 pm"
"0x30e29d61c8a81fd3:0x4161878916261b1d","Thursday","10:30 am–7 pm"
"0x30e29d61c8a81fd3:0x4161878916261b1d","Friday","10:30 am–7 pm"
"0x30e29d61c8a81fd3:0x4161878916261b1d","Saturday","10:30 am–7 pm"
"0x30e29d61c8a81fd3:0x4161878916261b1d","Sunday","10:30 am–7 pm"
"0x30e29d61c8a81fd3:0x4161878916261b1d","Monday","10:30 am–7 pm"
"0x30e2bdb45c560c0f:0x13906955044affc4","Tuesday","11 am–8 pm"
"0x30e2bdb45c560c0f:0x13906955044affc4","Wednesday","11 am–8 pm"
"0x30e2bdb45c560c0f:0x13906955044affc4","Thursday","11 am–8 pm"
"0x30e2bdb45c560c0f:0x13906955044affc4","Friday","11 am–8 pm"
"0x30e2bdb45c560c0f:0x13906955044affc4","Saturday","11 am–8 pm"
"0x30e2bdb45c560c0f:0x13906955044affc4","Sunday","11 am–8 pm"
"0x30e2bdb45c560c0f:0x13906955044affc4","Monday","11 am–8 pm"
"0x311d61fd781d73ab:0x5f03836ce8147267","Tuesday","5–9 pm"
"0x311d61fd781d73ab:0x5f03836ce8147267","Wednesday","5–9 pm"
"0x311d61fd781d73ab:0x5f03836ce8147267","Thursday","5–9 pm"
"0x311d61fd781d73ab:0x5f03836ce8147267","Friday","5–9 pm"
"0x311d61fd781d73ab:0x5f03836ce8147267","Saturday","5–9 pm"
"0x311d61fd781d73ab:0x5f03836ce8147267","Sunday","5–9 pm"
"0x311d61fd781d73ab:0x5f03836ce8147267","Monday","5–9 pm"
"0x30e29b92f45f7b55:0x53e5e497fda4d10b","Tuesday","10 am–7 pm"
"0x30e29b92f45f7b55:0x53e5e497fda4d10b","Wednesday","10 am–7 pm"
"0x30e29b92f45f7b55:0x53e5e497fda4d10b","Thursday","10 am–7 pm"
"0x30e29b92f45f7b55:0x53e5e497fda4d10b","Friday","10 am–7 pm"
"0x30e29b92f45f7b55:0x53e5e497fda4d10b","Saturday","10 am–7 pm"
"0x30e29b92f45f7b55:0x53e5e497fda4d10b","Sunday","10 am–6 pm"
"0x30e29b92f45f7b55:0x53e5e497fda4d10b","Monday","Closed"
"0x30e29c8550f43159:0xb84e9ab9631831bb","Tuesday","Closed"
"0x30e29c8550f43159:0xb84e9ab9631831bb","Wednesday","11 am–7 pm"
"0x30e29c8550f43159:0xb84e9ab9631831bb","Thursday","11 am–7 pm"
"0x30e29c8550f43159:0xb84e9ab9631831bb","Friday","11 am–7 pm"
"0x30e29c8550f43159:0xb84e9ab9631831bb","Saturday","10 am–4 pm"
"0x30e29c8550f43159:0xb84e9ab9631831bb","Sunday","10 am–4 pm"
"0x30e29c8550f43159:0xb84e9ab9631831bb","Monday","11 am–7 pm"
"0x30e2a2bf2ba39447:0xad23b6da338313f8","Tuesday","10:30 am–7 pm"
"0x30e2a2bf2ba39447:0xad23b6da338313f8","Wednesday","10:30 am–7 pm"
"0x30e2a2bf2ba39447:0xad23b6da338313f8","Thursday","10:30 am–7 pm"
"0x30e2a2bf2ba39447:0xad23b6da338313f8","Friday","10:30 am–7 pm"
"0x30e2a2bf2ba39447:0xad23b6da338313f8","Saturday","10:30 am–7 pm"
"0x30e2a2bf2ba39447:0xad23b6da338313f8","Sunday","10:30 am–7 pm"
"0x30e2a2bf2ba39447:0xad23b6da338313f8","Monday","10:30 am–7 pm"
"0x30e2a23ca9cb61f3:0x73803a41d9374833","Tuesday","10 am–7 pm"
"0x30e2a23ca9cb61f3:0x73803a41d9374833","Wednesday","10 am–7 pm"
"0x30e2a23ca9cb61f3:0x73803a41d9374833","Thursday","10 am–7 pm"
"0x30e2a23ca9cb61f3:0x73803a41d9374833","Friday","10 am–7 pm"
"0x30e2a23ca9cb61f3:0x73803a41d9374833","Saturday","10 am–6 pm"
"0x30e2a23ca9cb61f3:0x73803a41d9374833","Sunday","10 am–6 pm"
"0x30e2a23ca9cb61f3:0x73803a41d9374833","Monday","10 am–7 pm"
"0x311d6281c7b03c95:0x6760156a1dd0f53","Tuesday","10 am–7:30 pm"
"0x311d6281c7b03c95:0x6760156a1dd0f53","Wednesday","10 am–7:30 pm"
"0x311d6281c7b03c95:0x6760156a1dd0f53","Thursday","Closed"
"0x311d6281c7b03c95:0x6760156a1dd0f53","Friday","10 am–7:30 pm"
"0x311d6281c7b03c95:0x6760156a1dd0f53","Saturday","10 am–8 pm"
"0x311d6281c7b03c95:0x6760156a1dd0f53","Sunday","10 am–7:30 pm"
"0x311d6281c7b03c95:0x6760156a1dd0f53","Monday","10 am–7:30 pm"
"0x30e29ca4d6f5847b:0xdca9faa182ab2118","Tuesday","11 am–7:30 pm"
"0x30e29ca4d6f5847b:0xdca9faa182ab2118","Wednesday","11 am–7:30 pm"
"0x30e29ca4d6f5847b:0xdca9faa182ab2118","Thursday","11 am–7:30 pm"
"0x30e29ca4d6f5847b:0xdca9faa182ab2118","Friday","11 am–7:30 pm"
"0x30e29ca4d6f5847b:0xdca9faa182ab2118","Saturday","11 am–7:30 pm"
"0x30e29ca4d6f5847b:0xdca9faa182ab2118","Sunday","11 am–7:30 pm"
"0x30e29ca4d6f5847b:0xdca9faa182ab2118","Monday","11 am–7:30 pm"
"0x30e29ddb51b04f71:0xca759f89d1826d1d","Tuesday","11 am–7:30 pm"
"0x30e29ddb51b04f71:0xca759f89d1826d1d","Wednesday","11 am–7:30 pm"
"0x30e29ddb51b04f71:0xca759f89d1826d1d","Thursday","11 am–7:30 pm"
"0x30e29ddb51b04f71:0xca759f89d1826d1d","Friday","11 am–7:30 pm"
"0x30e29ddb51b04f71:0xca759f89d1826d1d","Saturday","10 am–7:30 pm"
"0x30e29ddb51b04f71:0xca759f89d1826d1d","Sunday","10 am–7:30 pm"
"0x30e29ddb51b04f71:0xca759f89d1826d1d","Monday","11 am–7:30 pm"
"0x30e29d8103b1c7b7:0x54d38db63dbee05e","Tuesday","10:30 am–7:30 pm"
"0x30e29d8103b1c7b7:0x54d38db63dbee05e","Wednesday","10:30 am–7:30 pm"
"0x30e29d8103b1c7b7:0x54d38db63dbee05e","Thursday","10:30 am–7:30 pm"
"0x30e29d8103b1c7b7:0x54d38db63dbee05e","Friday","10:30 am–7:30 pm"
"0x30e29d8103b1c7b7:0x54d38db63dbee05e","Saturday","10:30 am–7:30 pm"
"0x30e29d8103b1c7b7:0x54d38db63dbee05e","Sunday","10:30 am–7:30 pm"
"0x30e29d8103b1c7b7:0x54d38db63dbee05e","Monday","10:30 am–7:30 pm"
"0x30e29af6a2852b6d:0x21521fc18ad825de","Tuesday","10 am–8 pm"
"0x30e29af6a2852b6d:0x21521fc18ad825de","Wednesday","10 am–8 pm"
"0x30e29af6a2852b6d:0x21521fc18ad825de","Thursday","10 am–8 pm"
"0x30e29af6a2852b6d:0x21521fc18ad825de","Friday","10 am–8 pm"
"0x30e29af6a2852b6d:0x21521fc18ad825de","Saturday","10 am–8 pm"
"0x30e29af6a2852b6d:0x21521fc18ad825de","Sunday","10 am–8 pm"
"0x30e29af6a2852b6d:0x21521fc18ad825de","Monday","10 am–8 pm"
"0x30e297276917ee55:0x25d5031bb62a748b","Tuesday","11:30 am–8:30 pm"
"0x30e297276917ee55:0x25d5031bb62a748b","Wednesday","11:30 am–8:30 pm"
"0x30e297276917ee55:0x25d5031bb62a748b","Thursday","11:30 am–8:30 pm"
"0x30e297276917ee55:0x25d5031bb62a748b","Friday","11:30 am–8:30 pm"
"0x30e297276917ee55:0x25d5031bb62a748b","Saturday","11:30 am–8:30 pm"
"0x30e297276917ee55:0x25d5031bb62a748b","Sunday","11:30 am–8:30 pm"
"0x30e297276917ee55:0x25d5031bb62a748b","Monday","11:30 am–8:30 pm"
"0x30e2a004becc1f31:0x557293f07b790889","Tuesday","10 am–7 pm"
"0x30e2a004becc1f31:0x557293f07b790889","Wednesday","10 am–7 pm"
"0x30e2a004becc1f31:0x557293f07b790889","Thursday","10 am–7 pm"
"0x30e2a004becc1f31:0x557293f07b790889","Friday","10 am–7 pm"
"0x30e2a004becc1f31:0x557293f07b790889","Saturday","10 am–7 pm"
"0x30e2a004becc1f31:0x557293f07b790889","Sunday","10 am–7 pm"
"0x30e2a004becc1f31:0x557293f07b790889","Monday","10 am–7 pm"
"0x311d5fc855021aef:0x6457a8995b0b4916","Tuesday","10 am–7 pm"
"0x311d5fc855021aef:0x6457a8995b0b4916","Wednesday","10 am–7 pm"
"0x311d5fc855021aef:0x6457a8995b0b4916","Thursday","10 am–7 pm"
"0x311d5fc855021aef:0x6457a8995b0b4916","Friday","10 am–7 pm"
"0x311d5fc855021aef:0x6457a8995b0b4916","Saturday","Closed"
"0x311d5fc855021aef:0x6457a8995b0b4916","Sunday","Closed"
"0x311d5fc855021aef:0x6457a8995b0b4916","Monday","10 am–7 pm"
"0x30e29d26946f9901:0xfbcc4452ba693f7c","Tuesday","10:30 AM–8:30 PM"
"0x30e29d26946f9901:0xfbcc4452ba693f7c","Wednesday","10:30 AM–8:30 PM"
"0x30e29d26946f9901:0xfbcc4452ba693f7c","Thursday","10:30 AM–8:30 PM"
"0x30e29d26946f9901:0xfbcc4452ba693f7c","Friday","10:30 AM–8:30 PM"
"0x30e29d26946f9901:0xfbcc4452ba693f7c","Saturday","10:30 AM–8:30 PM"
"0x30e29d26946f9901:0xfbcc4452ba693f7c","Sunday","10:30 AM–8:30 PM"
"0x30e29d26946f9901:0xfbcc4452ba693f7c","Monday","10:30 AM–8:30 PM"
"0x311d61ea8480d3df:0xefd32e449f570e95","Tuesday","10 am–8 pm"
"0x311d61ea8480d3df:0xefd32e449f570e95","Wednesday","10 am–8 pm"
"0x311d61ea8480d3df:0xefd32e449f570e95","Thursday","10 am–8 pm"
"0x311d61ea8480d3df:0xefd32e449f570e95","Friday","10 am–8 pm"
"0x311d61ea8480d3df:0xefd32e449f570e95","Saturday","10 am–8 pm"
"0x311d61ea8480d3df:0xefd32e449f570e95","Sunday","10 am–8 pm"
"0x311d61ea8480d3df:0xefd32e449f570e95","Monday","10 am–8 pm"
"0x30e29d73a6799ebd:0x33d9870817ecb2b8","Tuesday","9 AM–8 PM"
"0x30e29d73a6799ebd:0x33d9870817ecb2b8","Wednesday","9 AM–8 PM"
"0x30e29d73a6799ebd:0x33d9870817ecb2b8","Thursday","Closed"
"0x30e29d73a6799ebd:0x33d9870817ecb2b8","Friday","9 AM–8 PM"
"0x30e29d73a6799ebd:0x33d9870817ecb2b8","Saturday","9 AM–8 PM"
"0x30e29d73a6799ebd:0x33d9870817ecb2b8","Sunday","9 AM–8 PM"
"0x30e29d73a6799ebd:0x33d9870817ecb2b8","Monday","9 AM–8 PM"
"0x30e2970318d1ff0f:0x767aff252336a3e4","Tuesday","10 am–7:30 pm"
"0x30e2970318d1ff0f:0x767aff252336a3e4","Wednesday","10 am–7:30 pm"
"0x30e2970318d1ff0f:0x767aff252336a3e4","Thursday","Closed"
"0x30e2970318d1ff0f:0x767aff252336a3e4","Friday","10 am–7:30 pm"
"0x30e2970318d1ff0f:0x767aff252336a3e4","Saturday","10 am–7:30 pm"
"0x30e2970318d1ff0f:0x767aff252336a3e4","Sunday","10 am–7:30 pm"
"0x30e2970318d1ff0f:0x767aff252336a3e4","Monday","10 am–7:30 pm"
"0x311d612894efb829:0x2799b97b2e9429c","Tuesday","8:30 am–8:30 pm"
"0x311d612894efb829:0x2799b97b2e9429c","Wednesday","8:30 am–8:30 pm"
"0x311d612894efb829:0x2799b97b2e9429c","Thursday","8:30 am–8:30 pm"
"0x311d612894efb829:0x2799b97b2e9429c","Friday","8:30 am–8:30 pm"
"0x311d612894efb829:0x2799b97b2e9429c","Saturday","8:30 am–8:30 pm"
"0x311d612894efb829:0x2799b97b2e9429c","Sunday","8:30 am–8:30 pm"
"0x311d612894efb829:0x2799b97b2e9429c","Monday","8:30 am–8:30 pm"
"0x311d63e5b6636ccf:0x7365338158d6ffb","Tuesday","10 am–7:30 pm"
"0x311d63e5b6636ccf:0x7365338158d6ffb","Wednesday","10 am–7:30 pm"
"0x311d63e5b6636ccf:0x7365338158d6ffb","Thursday","10 am–7:30 pm"
"0x311d63e5b6636ccf:0x7365338158d6ffb","Friday","10 am–7:30 pm"
"0x311d63e5b6636ccf:0x7365338158d6ffb","Saturday","10 am–7:30 pm"
"0x311d63e5b6636ccf:0x7365338158d6ffb","Sunday","10 am–7:30 pm"
"0x311d63e5b6636ccf:0x7365338158d6ffb","Monday","10 am–7:30 pm"
"0x311d619cd3a50ae1:0x2825ee7f5d6db04","Tuesday","11 am–8 pm"
"0x311d619cd3a50ae1:0x2825ee7f5d6db04","Wednesday","11 am–8 pm"
"0x311d619cd3a50ae1:0x2825ee7f5d6db04","Thursday","Closed"
"0x311d619cd3a50ae1:0x2825ee7f5d6db04","Friday","11 am–8 pm"
"0x311d619cd3a50ae1:0x2825ee7f5d6db04","Saturday","10 am–7 pm"
"0x311d619cd3a50ae1:0x2825ee7f5d6db04","Sunday","10 am–7 pm"
"0x311d619cd3a50ae1:0x2825ee7f5d6db04","Monday","11 am–8 pm"
"0x311d61925fe99ccf:0x12a96cc0e276a1ff","Tuesday","Open 24 hours"
"0x311d61925fe99ccf:0x12a96cc0e276a1ff","Wednesday","Open 24 hours"
"0x311d61925fe99ccf:0x12a96cc0e276a1ff","Thursday","Open 24 hours"
"0x311d61925fe99ccf:0x12a96cc0e276a1ff","Friday","Open 24 hours"
"0x311d61925fe99ccf:0x12a96cc0e276a1ff","Saturday","Closed"
"0x311d61925fe99ccf:0x12a96cc0e276a1ff","Sunday","Closed"
"0x311d61925fe99ccf:0x12a96cc0e276a1ff","Monday","Open 24 hours"
"0x311d61992ed624b5:0x21f442678c353d5","Tuesday","11 am–7 pm"
"0x311d61992ed624b5:0x21f442678c353d5","Wednesday","11 am–7 pm"
"0x311d61992ed624b5:0x21f442678c353d5","Thursday","11 am–7 pm"
"0x311d61992ed624b5:0x21f442678c353d5","Friday","11 am–7 pm"
"0x311d61992ed624b5:0x21f442678c353d5","Saturday","11 am–7 pm"
"0x311d61992ed624b5:0x21f442678c353d5","Sunday","11 am–7 pm"
"0x311d61992ed624b5:0x21f442678c353d5","Monday","11 am–7 pm"
"0x311d618fbd715bad:0xb23d11cc02b95b3a","Tuesday","10:30 am–7 pm"
"0x311d618fbd715bad:0xb23d11cc02b95b3a","Wednesday","10:30 am–7 pm"
"0x311d618fbd715bad:0xb23d11cc02b95b3a","Thursday","10:30 am–7 pm"
"0x311d618fbd715bad:0xb23d11cc02b95b3a","Friday","10:30 am–7 pm"
"0x311d618fbd715bad:0xb23d11cc02b95b3a","Saturday","10:30 am–7 pm"
"0x311d618fbd715bad:0xb23d11cc02b95b3a","Sunday","10:30 am–7 pm"
"0x311d618fbd715bad:0xb23d11cc02b95b3a","Monday","10:30 am–7 pm"
"0x311d6100146a7ec3:0xc5103dde0eafc2d","Tuesday","9:30 am–3 pm"
"0x311d6100146a7ec3:0xc5103dde0eafc2d","Wednesday","9:30 am–3 pm"
"0x311d6100146a7ec3:0xc5103dde0eafc2d","Thursday","9:30 am–3 pm"
"0x311d6100146a7ec3:0xc5103dde0eafc2d","Friday","9:30 am–3 pm"
"0x311d6100146a7ec3:0xc5103dde0eafc2d","Saturday","9:30 am–2 pm"
"0x311d6100146a7ec3:0xc5103dde0eafc2d","Sunday","9:30 am–2 pm"
"0x311d6100146a7ec3:0xc5103dde0eafc2d","Monday","9:30 am–3 pm"
"0x311d6193f344b14d:0x7d725964a5bdbfc0","Tuesday","10 am–8 pm"
"0x311d6193f344b14d:0x7d725964a5bdbfc0","Wednesday","10 am–8 pm"
"0x311d6193f344b14d:0x7d725964a5bdbfc0","Thursday","10 am–8 pm"
"0x311d6193f344b14d:0x7d725964a5bdbfc0","Friday","10 am–8 pm"
"0x311d6193f344b14d:0x7d725964a5bdbfc0","Saturday","10 am–8 pm"
"0x311d6193f344b14d:0x7d725964a5bdbfc0","Sunday","10 am–8 pm"
"0x311d6193f344b14d:0x7d725964a5bdbfc0","Monday","10 am–8 pm"
"0x311d61ec5dd9036b:0x68f1e7d22a744c22","Tuesday","8 am–8 pm"
"0x311d61ec5dd9036b:0x68f1e7d22a744c22","Wednesday","8 am–8 pm"
"0x311d61ec5dd9036b:0x68f1e7d22a744c22","Thursday","8 am–8 pm"
"0x311d61ec5dd9036b:0x68f1e7d22a744c22","Friday","8 am–8 pm"
"0x311d61ec5dd9036b:0x68f1e7d22a744c22","Saturday","Closed"
"0x311d61ec5dd9036b:0x68f1e7d22a744c22","Sunday","Closed"
"0x311d61ec5dd9036b:0x68f1e7d22a744c22","Monday","8 am–8 pm"
"0x311d63205b3ceb79:0xf3602eea4f7584ca","Tuesday","10 am–8 pm"
"0x311d63205b3ceb79:0xf3602eea4f7584ca","Wednesday","10 am–8 pm"
"0x311d63205b3ceb79:0xf3602eea4f7584ca","Thursday","10 am–8 pm"
"0x311d63205b3ceb79:0xf3602eea4f7584ca","Friday","10 am–8 pm"
"0x311d63205b3ceb79:0xf3602eea4f7584ca","Saturday","10 am–8 pm"
"0x311d63205b3ceb79:0xf3602eea4f7584ca","Sunday","10 am–8 pm"
"0x311d63205b3ceb79:0xf3602eea4f7584ca","Monday","10 am–8 pm"
"0x30e29ba3bbbac9fb:0x7f868175a9a127ac","Tuesday","10 AM–7 PM"
"0x30e29ba3bbbac9fb:0x7f868175a9a127ac","Wednesday","10 AM–7 PM"
"0x30e29ba3bbbac9fb:0x7f868175a9a127ac","Thursday","10 AM–7 PM"
"0x30e29ba3bbbac9fb:0x7f868175a9a127ac","Friday","10 AM–7 PM"
"0x30e29ba3bbbac9fb:0x7f868175a9a127ac","Saturday","10 AM–7 PM"
"0x30e29ba3bbbac9fb:0x7f868175a9a127ac","Sunday","10 AM–7 PM"
"0x30e29ba3bbbac9fb:0x7f868175a9a127ac","Monday","10 AM–7 PM"
"0x30e29bb3e5ab0859:0x4c124803a9958f69","Tuesday","10 am–8 pm"
"0x30e29bb3e5ab0859:0x4c124803a9958f69","Wednesday","10 am–8 pm"
"0x30e29bb3e5ab0859:0x4c124803a9958f69","Thursday","10 am–8 pm"
"0x30e29bb3e5ab0859:0x4c124803a9958f69","Friday","10 am–8 pm"
"0x30e29bb3e5ab0859:0x4c124803a9958f69","Saturday","10 am–8 pm"
"0x30e29bb3e5ab0859:0x4c124803a9958f69","Sunday","10 am–8 pm"
"0x30e29bb3e5ab0859:0x4c124803a9958f69","Monday","10 am–8 pm"
"0x30e2a3f2bb441221:0xa2884bae65d46017","Tuesday","10 am–7:30 pm"
"0x30e2a3f2bb441221:0xa2884bae65d46017","Wednesday","10 am–7:30 pm"
"0x30e2a3f2bb441221:0xa2884bae65d46017","Thursday","10 am–7:30 pm"
"0x30e2a3f2bb441221:0xa2884bae65d46017","Friday","10 am–7:30 pm"
"0x30e2a3f2bb441221:0xa2884bae65d46017","Saturday","10 am–7:30 pm"
"0x30e2a3f2bb441221:0xa2884bae65d46017","Sunday","10 am–7:30 pm"
"0x30e2a3f2bb441221:0xa2884bae65d46017","Monday","10 am–7:30 pm"
"0x311d5fbcbe5bdc67:0xe123545777aa2361","Tuesday","11 am–8 pm"
"0x311d5fbcbe5bdc67:0xe123545777aa2361","Wednesday","11 am–8 pm"
"0x311d5fbcbe5bdc67:0xe123545777aa2361","Thursday","11 am–8 pm"
"0x311d5fbcbe5bdc67:0xe123545777aa2361","Friday","11 am–8 pm"
"0x311d5fbcbe5bdc67:0xe123545777aa2361","Saturday","11 am–8 pm"
"0x311d5fbcbe5bdc67:0xe123545777aa2361","Sunday","11 am–8 pm"
"0x311d5fbcbe5bdc67:0xe123545777aa2361","Monday","11 am–8 pm"
"0x30e29b5c212e831d:0x22c61935d3d2d86c","Tuesday","Open 24 hours"
"0x30e29b5c212e831d:0x22c61935d3d2d86c","Wednesday","Open 24 hours"
"0x30e29b5c212e831d:0x22c61935d3d2d86c","Thursday","Open 24 hours"
"0x30e29b5c212e831d:0x22c61935d3d2d86c","Friday","Open 24 hours"
"0x30e29b5c212e831d:0x22c61935d3d2d86c","Saturday","Open 24 hours"
"0x30e29b5c212e831d:0x22c61935d3d2d86c","Sunday","Open 24 hours"
"0x30e29b5c212e831d:0x22c61935d3d2d86c","Monday","Open 24 hours"
"0x30e285006e0f7053:0x568fcc1d92bc4254","Tuesday","10 am–8 pm"
"0x30e285006e0f7053:0x568fcc1d92bc4254","Wednesday","10 am–8 pm"
"0x30e285006e0f7053:0x568fcc1d92bc4254","Thursday","10 am–8 pm"
"0x30e285006e0f7053:0x568fcc1d92bc4254","Friday","10 am–8 pm"
"0x30e285006e0f7053:0x568fcc1d92bc4254","Saturday","10 am–8 pm"
"0x30e285006e0f7053:0x568fcc1d92bc4254","Sunday","10 am–8 pm"
"0x30e285006e0f7053:0x568fcc1d92bc4254","Monday","10 am–8 pm"
"0x30e29b21fd604257:0xbcf90c35ebde81e5","Tuesday","11 am–8 pm"
"0x30e29b21fd604257:0xbcf90c35ebde81e5","Wednesday","11 am–8 pm"
"0x30e29b21fd604257:0xbcf90c35ebde81e5","Thursday","11 am–8 pm"
"0x30e29b21fd604257:0xbcf90c35ebde81e5","Friday","11 am–8 pm"
"0x30e29b21fd604257:0xbcf90c35ebde81e5","Saturday","11 am–8 pm"
"0x30e29b21fd604257:0xbcf90c35ebde81e5","Sunday","11 am–8 pm"
"0x30e29b21fd604257:0xbcf90c35ebde81e5","Monday","11 am–8 pm"
"0x311d59445e605cd9:0x3359502196963058","Tuesday","10 am–8 pm"
"0x311d59445e605cd9:0x3359502196963058","Wednesday","10 am–8 pm"
"0x311d59445e605cd9:0x3359502196963058","Thursday","10 am–8 pm"
"0x311d59445e605cd9:0x3359502196963058","Friday","10 am–8 pm"
"0x311d59445e605cd9:0x3359502196963058","Saturday","10 am–8 pm"
"0x311d59445e605cd9:0x3359502196963058","Sunday","10 am–8 pm"
"0x311d59445e605cd9:0x3359502196963058","Monday","10 am–8 pm"
"0x311d5f0026088699:0xef0f0b8bef66816f","Tuesday","9 am–8 pm"
"0x311d5f0026088699:0xef0f0b8bef66816f","Wednesday","9 am–8 pm"
"0x311d5f0026088699:0xef0f0b8bef66816f","Thursday","9 am–8 pm"
"0x311d5f0026088699:0xef0f0b8bef66816f","Friday","9 am–8 pm"
"0x311d5f0026088699:0xef0f0b8bef66816f","Saturday","9 am–8 pm"
"0x311d5f0026088699:0xef0f0b8bef66816f","Sunday","9 am–8 pm"
"0x311d5f0026088699:0xef0f0b8bef66816f","Monday","9 am–8 pm"
"0x311d61228071f74b:0x5a1ca6a21f65e0e1","Tuesday","10 am–8 pm"
"0x311d61228071f74b:0x5a1ca6a21f65e0e1","Wednesday","10 am–8 pm"
"0x311d61228071f74b:0x5a1ca6a21f65e0e1","Thursday","10 am–8 pm"
"0x311d61228071f74b:0x5a1ca6a21f65e0e1","Friday","10 am–8 pm"
"0x311d61228071f74b:0x5a1ca6a21f65e0e1","Saturday","10 am–8 pm"
"0x311d61228071f74b:0x5a1ca6a21f65e0e1","Sunday","10 am–8 pm"
"0x311d61228071f74b:0x5a1ca6a21f65e0e1","Monday","10 am–8 pm"
"0x311d61393bfb3e07:0x172d4b06a6e1f866","Tuesday","11 am–8 pm"
"0x311d61393bfb3e07:0x172d4b06a6e1f866","Wednesday","Closed"
"0x311d61393bfb3e07:0x172d4b06a6e1f866","Thursday","11 am–8 pm"
"0x311d61393bfb3e07:0x172d4b06a6e1f866","Friday","11 am–8 pm"
"0x311d61393bfb3e07:0x172d4b06a6e1f866","Saturday","11 am–8 pm"
"0x311d61393bfb3e07:0x172d4b06a6e1f866","Sunday","11 am–8 pm"
"0x311d61393bfb3e07:0x172d4b06a6e1f866","Monday","11 am–8 pm"
"0x311d6186d0b86c9f:0xa229f3d327aa9f4b","Tuesday","10:30 am–8 pm"
"0x311d6186d0b86c9f:0xa229f3d327aa9f4b","Wednesday","10:30 am–8 pm"
"0x311d6186d0b86c9f:0xa229f3d327aa9f4b","Thursday","10:30 am–8 pm"
"0x311d6186d0b86c9f:0xa229f3d327aa9f4b","Friday","10:30 am–8 pm"
"0x311d6186d0b86c9f:0xa229f3d327aa9f4b","Saturday","10:30 am–8 pm"
"0x311d6186d0b86c9f:0xa229f3d327aa9f4b","Sunday","10:30 am–8 pm"
"0x311d6186d0b86c9f:0xa229f3d327aa9f4b","Monday","10:30 am–8 pm"
"0x30e283a611acd111:0x78df58f65bde42a3","Tuesday","10 am–7:30 pm"
"0x30e283a611acd111:0x78df58f65bde42a3","Wednesday","10 am–7:30 pm"
"0x30e283a611acd111:0x78df58f65bde42a3","Thursday","10 am–7:30 pm"
"0x30e283a611acd111:0x78df58f65bde42a3","Friday","10 am–7:30 pm"
"0x30e283a611acd111:0x78df58f65bde42a3","Saturday","10 am–7:30 pm"
"0x30e283a611acd111:0x78df58f65bde42a3","Sunday","10 am–7:30 pm"
"0x30e283a611acd111:0x78df58f65bde42a3","Monday","10 am–7:30 pm"
"0x30e2a32c054b6f43:0x4ae6440d46a2abae","Tuesday","9:30 AM–7 PM"
"0x30e2a32c054b6f43:0x4ae6440d46a2abae","Wednesday","9:30 AM–7 PM"
"0x30e2a32c054b6f43:0x4ae6440d46a2abae","Thursday","9:30 AM–7 PM"
"0x30e2a32c054b6f43:0x4ae6440d46a2abae","Friday","9:30 AM–7 PM"
"0x30e2a32c054b6f43:0x4ae6440d46a2abae","Saturday","9:30 AM–7 PM"
"0x30e2a32c054b6f43:0x4ae6440d46a2abae","Sunday","Closed"
"0x30e2a32c054b6f43:0x4ae6440d46a2abae","Monday","9:30 AM–7 PM"
"0x30e2a3ed97859e83:0x2bfd926a70993051","Tuesday","10 AM–8 PM"
"0x30e2a3ed97859e83:0x2bfd926a70993051","Wednesday","10 AM–8 PM"
"0x30e2a3ed97859e83:0x2bfd926a70993051","Thursday","10 AM–8 PM"
"0x30e2a3ed97859e83:0x2bfd926a70993051","Friday","10 AM–8 PM"
"0x30e2a3ed97859e83:0x2bfd926a70993051","Saturday","10 AM–8 PM"
"0x30e2a3ed97859e83:0x2bfd926a70993051","Sunday","10 AM–8 PM"
"0x30e2a3ed97859e83:0x2bfd926a70993051","Monday","10 AM–8 PM"
"0x311d5f0f642119b5:0xb403c810e96f95ce","Tuesday","10:30 AM–8 PM"
"0x311d5f0f642119b5:0xb403c810e96f95ce","Wednesday","10:30 AM–8 PM"
"0x311d5f0f642119b5:0xb403c810e96f95ce","Thursday","10:30 AM–8 PM"
"0x311d5f0f642119b5:0xb403c810e96f95ce","Friday","10:30 AM–8 PM"
"0x311d5f0f642119b5:0xb403c810e96f95ce","Saturday","10:30 AM–8 PM"
"0x311d5f0f642119b5:0xb403c810e96f95ce","Sunday","10:30 AM–8 PM"
"0x311d5f0f642119b5:0xb403c810e96f95ce","Monday","10:30 AM–8 PM"
"0x311d5f504b5453fd:0x69d6aee8a5e3a303","Tuesday","11 am–7 pm"
"0x311d5f504b5453fd:0x69d6aee8a5e3a303","Wednesday","11 am–7 pm"
"0x311d5f504b5453fd:0x69d6aee8a5e3a303","Thursday","11 am–7 pm"
"0x311d5f504b5453fd:0x69d6aee8a5e3a303","Friday","11 am–7 pm"
"0x311d5f504b5453fd:0x69d6aee8a5e3a303","Saturday","11 am–7 pm"
"0x311d5f504b5453fd:0x69d6aee8a5e3a303","Sunday","11 am–7 pm"
"0x311d5f504b5453fd:0x69d6aee8a5e3a303","Monday","11 am–7 pm"
"0x311d62c825643fd7:0x44a4edf8451be915","Tuesday","9 am–8 pm"
"0x311d62c825643fd7:0x44a4edf8451be915","Wednesday","9 am–8 pm"
"0x311d62c825643fd7:0x44a4edf8451be915","Thursday","9 am–8 pm"
"0x311d62c825643fd7:0x44a4edf8451be915","Friday","9 am–8 pm"
"0x311d62c825643fd7:0x44a4edf8451be915","Saturday","9 am–8 pm"
"0x311d62c825643fd7:0x44a4edf8451be915","Sunday","9 am–5 pm"
"0x311d62c825643fd7:0x44a4edf8451be915","Monday","9 am–8 pm"
"0x30e29d2232bd57d1:0x5e7f79071f1b5a71","Tuesday","8 am–4 pm"
"0x30e29d2232bd57d1:0x5e7f79071f1b5a71","Wednesday","8 am–4 pm"
"0x30e29d2232bd57d1:0x5e7f79071f1b5a71","Thursday","8 am–4 pm"
"0x30e29d2232bd57d1:0x5e7f79071f1b5a71","Friday","8 am–4 pm"
"0x30e29d2232bd57d1:0x5e7f79071f1b5a71","Saturday","Closed"
"0x30e29d2232bd57d1:0x5e7f79071f1b5a71","Sunday","Closed"
"0x30e29d2232bd57d1:0x5e7f79071f1b5a71","Monday","8 am–4 pm"
"0x30e2833d34de55cd:0xe3415a3ed68de2be","Tuesday","9:30 am–7:30 pm"
"0x30e2833d34de55cd:0xe3415a3ed68de2be","Wednesday","9:30 am–7:30 pm"
"0x30e2833d34de55cd:0xe3415a3ed68de2be","Thursday","9:30 am–7:30 pm"
"0x30e2833d34de55cd:0xe3415a3ed68de2be","Friday","9:30 am–7:30 pm"
"0x30e2833d34de55cd:0xe3415a3ed68de2be","Saturday","9 am–7 pm"
"0x30e2833d34de55cd:0xe3415a3ed68de2be","Sunday","9 am–6 pm"
"0x30e2833d34de55cd:0xe3415a3ed68de2be","Monday","9:30 am–7:30 pm"
"0x30e29702d5e8a509:0x476524b6614f9f73","Tuesday","10 am–7 pm"
"0x30e29702d5e8a509:0x476524b6614f9f73","Wednesday","10 am–7 pm"
"0x30e29702d5e8a509:0x476524b6614f9f73","Thursday","10 am–7 pm"
"0x30e29702d5e8a509:0x476524b6614f9f73","Friday","10 am–7 pm"
"0x30e29702d5e8a509:0x476524b6614f9f73","Saturday","10 am–7 pm"
"0x30e29702d5e8a509:0x476524b6614f9f73","Sunday","10 am–7 pm"
"0x30e29702d5e8a509:0x476524b6614f9f73","Monday","10 am–7 pm"
"0x30e2974182aff467:0xc8abef77a3390131","Tuesday","10 am–8 pm"
"0x30e2974182aff467:0xc8abef77a3390131","Wednesday","10 am–8 pm"
"0x30e2974182aff467:0xc8abef77a3390131","Thursday","10 am–8 pm"
"0x30e2974182aff467:0xc8abef77a3390131","Friday","10 am–8 pm"
"0x30e2974182aff467:0xc8abef77a3390131","Saturday","10 am–8 pm"
"0x30e2974182aff467:0xc8abef77a3390131","Sunday","10 am–8 pm"
"0x30e2974182aff467:0xc8abef77a3390131","Monday","10 am–8 pm"
"0x30e2bc4902b38229:0x73492d18510d9af1","Tuesday","8:30 am–7:30 pm"
"0x30e2bc4902b38229:0x73492d18510d9af1","Wednesday","8:30 am–7:30 pm"
"0x30e2bc4902b38229:0x73492d18510d9af1","Thursday","8:30 am–7:30 pm"
"0x30e2bc4902b38229:0x73492d18510d9af1","Friday","8:30 am–7:30 pm"
"0x30e2bc4902b38229:0x73492d18510d9af1","Saturday","8:30 am–7:30 pm"
"0x30e2bc4902b38229:0x73492d18510d9af1","Sunday","8:30 am–7:30 pm"
"0x30e2bc4902b38229:0x73492d18510d9af1","Monday","8:30 am–7:30 pm"
"0x30e2a3ca4f625661:0x5901237565db9ff3","Tuesday","9:30 am–7 pm"
"0x30e2a3ca4f625661:0x5901237565db9ff3","Wednesday","Closed"
"0x30e2a3ca4f625661:0x5901237565db9ff3","Thursday","9:30 am–7 pm"
"0x30e2a3ca4f625661:0x5901237565db9ff3","Friday","9:30 am–7 pm"
"0x30e2a3ca4f625661:0x5901237565db9ff3","Saturday","9:30 am–7 pm"
"0x30e2a3ca4f625661:0x5901237565db9ff3","Sunday","9:30 am–7 pm"
"0x30e2a3ca4f625661:0x5901237565db9ff3","Monday","9:30 am–7 pm"
"0x311d5f0905081fdb:0x993bcdde561c99dc","Tuesday","10 am–8 pm"
"0x311d5f0905081fdb:0x993bcdde561c99dc","Wednesday","10 am–8 pm"
"0x311d5f0905081fdb:0x993bcdde561c99dc","Thursday","Closed"
"0x311d5f0905081fdb:0x993bcdde561c99dc","Friday","10 am–8 pm"
"0x311d5f0905081fdb:0x993bcdde561c99dc","Saturday","9 am–8 pm"
"0x311d5f0905081fdb:0x993bcdde561c99dc","Sunday","9 am–8 pm"
"0x311d5f0905081fdb:0x993bcdde561c99dc","Monday","10 am–8 pm"
"0x30e2a08555555555:0x8357032cb823c794","Tuesday","9 am–7:30 pm"
"0x30e2a08555555555:0x8357032cb823c794","Wednesday","9 am–7:30 pm"
"0x30e2a08555555555:0x8357032cb823c794","Thursday","9 am–7:30 pm"
"0x30e2a08555555555:0x8357032cb823c794","Friday","9 am–7:30 pm"
"0x30e2a08555555555:0x8357032cb823c794","Saturday","9 am–7:30 pm"
"0x30e2a08555555555:0x8357032cb823c794","Sunday","9 am–5 pm"
"0x30e2a08555555555:0x8357032cb823c794","Monday","9 am–7:30 pm"
"0x30e29e189e4a7abb:0x9bcdcbdc26df9cd","Tuesday","9 am–8 pm"
"0x30e29e189e4a7abb:0x9bcdcbdc26df9cd","Wednesday","9 am–8 pm"
"0x30e29e189e4a7abb:0x9bcdcbdc26df9cd","Thursday","9 am–8 pm"
"0x30e29e189e4a7abb:0x9bcdcbdc26df9cd","Friday","9 am–8 pm"
"0x30e29e189e4a7abb:0x9bcdcbdc26df9cd","Saturday","9 am–8 pm"
"0x30e29e189e4a7abb:0x9bcdcbdc26df9cd","Sunday","Closed"
"0x30e29e189e4a7abb:0x9bcdcbdc26df9cd","Monday","9 am–8 pm"
"0x30e29e5511e0a255:0xa9f4f72fa8144b75","Tuesday","Open 24 hours"
"0x30e29e5511e0a255:0xa9f4f72fa8144b75","Wednesday","Open 24 hours"
"0x30e29e5511e0a255:0xa9f4f72fa8144b75","Thursday","Open 24 hours"
"0x30e29e5511e0a255:0xa9f4f72fa8144b75","Friday","Open 24 hours"
"0x30e29e5511e0a255:0xa9f4f72fa8144b75","Saturday","Open 24 hours"
"0x30e29e5511e0a255:0xa9f4f72fa8144b75","Sunday","Open 24 hours"
"0x30e29e5511e0a255:0xa9f4f72fa8144b75","Monday","Open 24 hours"
"0x30e29db52ff0ce63:0x4e20ad15c4c7aa72","Tuesday","9 am–8 pm"
"0x30e29db52ff0ce63:0x4e20ad15c4c7aa72","Wednesday","9 am–8 pm"
"0x30e29db52ff0ce63:0x4e20ad15c4c7aa72","Thursday","9 am–8 pm"
"0x30e29db52ff0ce63:0x4e20ad15c4c7aa72","Friday","9 am–8 pm"
"0x30e29db52ff0ce63:0x4e20ad15c4c7aa72","Saturday","9 am–8 pm"
"0x30e29db52ff0ce63:0x4e20ad15c4c7aa72","Sunday","9 am–8 pm"
"0x30e29db52ff0ce63:0x4e20ad15c4c7aa72","Monday","9 am–8 pm"
"0x30e2981b16ffefad:0xe548c12de57570b0","Tuesday","9 am–8 pm"
"0x30e2981b16ffefad:0xe548c12de57570b0","Wednesday","9 am–8 pm"
"0x30e2981b16ffefad:0xe548c12de57570b0","Thursday","9 am–8 pm"
"0x30e2981b16ffefad:0xe548c12de57570b0","Friday","9 am–8 pm"
"0x30e2981b16ffefad:0xe548c12de57570b0","Saturday","9 am–8 pm"
"0x30e2981b16ffefad:0xe548c12de57570b0","Sunday","9 am–8 pm"
"0x30e2981b16ffefad:0xe548c12de57570b0","Monday","9 am–8 pm"
"0x30e299962990571f:0x38d55098ba0cdf1b","Tuesday","4–8 pm"
"0x30e299962990571f:0x38d55098ba0cdf1b","Wednesday","4–8 pm"
"0x30e299962990571f:0x38d55098ba0cdf1b","Thursday","Closed"
"0x30e299962990571f:0x38d55098ba0cdf1b","Friday","4–8 pm"
"0x30e299962990571f:0x38d55098ba0cdf1b","Saturday","10 am–8 pm"
"0x30e299962990571f:0x38d55098ba0cdf1b","Sunday","10 am–8 pm"
"0x30e299962990571f:0x38d55098ba0cdf1b","Monday","4–8 pm"
"0x311d63e801500b5b:0xddaa679bcaa1b54","Tuesday","10 am–7:50 pm"
"0x311d63e801500b5b:0xddaa679bcaa1b54","Wednesday","10 am–7:50 pm"
"0x311d63e801500b5b:0xddaa679bcaa1b54","Thursday","10 am–7:50 pm"
"0x311d63e801500b5b:0xddaa679bcaa1b54","Friday","10 am–7:50 pm"
"0x311d63e801500b5b:0xddaa679bcaa1b54","Saturday","10 am–7:50 pm"
"0x311d63e801500b5b:0xddaa679bcaa1b54","Sunday","10 am–7:50 pm"
"0x311d63e801500b5b:0xddaa679bcaa1b54","Monday","10 am–7:50 pm"
"0x30e29dfbaa808077:0x733cb07e6947e276","Tuesday","9:30 am–8 pm"
"0x30e29dfbaa808077:0x733cb07e6947e276","Wednesday","9:30 am–8 pm"
"0x30e29dfbaa808077:0x733cb07e6947e276","Thursday","9:30 am–8 pm"
"0x30e29dfbaa808077:0x733cb07e6947e276","Friday","9:30 am–8 pm"
"0x30e29dfbaa808077:0x733cb07e6947e276","Saturday","9:30 am–8 pm"
"0x30e29dfbaa808077:0x733cb07e6947e276","Sunday","9:30 am–8 pm"
"0x30e29dfbaa808077:0x733cb07e6947e276","Monday","9:30 am–8 pm"
"0x30e29feea867ddb5:0xb79e6a148fa29317","Tuesday","9 am–6 pm"
"0x30e29feea867ddb5:0xb79e6a148fa29317","Wednesday","Closed"
"0x30e29feea867ddb5:0xb79e6a148fa29317","Thursday","9 am–6 pm"
"0x30e29feea867ddb5:0xb79e6a148fa29317","Friday","9 am–6 pm"
"0x30e29feea867ddb5:0xb79e6a148fa29317","Saturday","9 am–6 pm"
"0x30e29feea867ddb5:0xb79e6a148fa29317","Sunday","9 am–6 pm"
"0x30e29feea867ddb5:0xb79e6a148fa29317","Monday","9 am–6 pm"
"0x311d61975dc4a72d:0xcca4d3bb4241c497","Tuesday","10 am–8 pm"
"0x311d61975dc4a72d:0xcca4d3bb4241c497","Wednesday","10 am–8 pm"
"0x311d61975dc4a72d:0xcca4d3bb4241c497","Thursday","10 am–8 pm"
"0x311d61975dc4a72d:0xcca4d3bb4241c497","Friday","10 am–8 pm"
"0x311d61975dc4a72d:0xcca4d3bb4241c497","Saturday","10 am–8 pm"
"0x311d61975dc4a72d:0xcca4d3bb4241c497","Sunday","10 am–8 pm"
"0x311d61975dc4a72d:0xcca4d3bb4241c497","Monday","10 am–8 pm"
"0x30e29b85cdd81331:0x784879df37f6f169","Tuesday","10 am–8 pm"
"0x30e29b85cdd81331:0x784879df37f6f169","Wednesday","10 am–8 pm"
"0x30e29b85cdd81331:0x784879df37f6f169","Thursday","10 am–8 pm"
"0x30e29b85cdd81331:0x784879df37f6f169","Friday","10 am–8 pm"
"0x30e29b85cdd81331:0x784879df37f6f169","Saturday","10 am–8 pm"
"0x30e29b85cdd81331:0x784879df37f6f169","Sunday","10 am–8 pm"
"0x30e29b85cdd81331:0x784879df37f6f169","Monday","10 am–8 pm"
"0x311d61f34afbbd59:0x51d9f466e840c9dc","Tuesday","10 AM–8 PM"
"0x311d61f34afbbd59:0x51d9f466e840c9dc","Wednesday","10 AM–8 PM"
"0x311d61f34afbbd59:0x51d9f466e840c9dc","Thursday","10 AM–8 PM"
"0x311d61f34afbbd59:0x51d9f466e840c9dc","Friday","10 AM–8 PM"
"0x311d61f34afbbd59:0x51d9f466e840c9dc","Saturday","10 AM–8 PM"
"0x311d61f34afbbd59:0x51d9f466e840c9dc","Sunday","10 AM–8 PM"
"0x311d61f34afbbd59:0x51d9f466e840c9dc","Monday","10 AM–8 PM"
"0x311d611b961d6985:0xd3da7c692db8a38b","Tuesday","10:30 AM–8 PM"
"0x311d611b961d6985:0xd3da7c692db8a38b","Wednesday","10:30 AM–8 PM"
"0x311d611b961d6985:0xd3da7c692db8a38b","Thursday","10:30 AM–8 PM"
"0x311d611b961d6985:0xd3da7c692db8a38b","Friday","10:30 AM–8 PM"
"0x311d611b961d6985:0xd3da7c692db8a38b","Saturday","10:30 AM–8 PM"
"0x311d611b961d6985:0xd3da7c692db8a38b","Sunday","10:30 AM–8 PM"
"0x311d611b961d6985:0xd3da7c692db8a38b","Monday","10:30 AM–8 PM"
"0x30e2a17bdcd26d5f:0xbce332bfb5f5b0a2","Tuesday","11 am–7:30 pm"
"0x30e2a17bdcd26d5f:0xbce332bfb5f5b0a2","Wednesday","11 am–7:30 pm"
"0x30e2a17bdcd26d5f:0xbce332bfb5f5b0a2","Thursday","11 am–7:30 pm"
"0x30e2a17bdcd26d5f:0xbce332bfb5f5b0a2","Friday","11 am–7:30 pm"
"0x30e2a17bdcd26d5f:0xbce332bfb5f5b0a2","Saturday","11 am–7:30 pm"
"0x30e2a17bdcd26d5f:0xbce332bfb5f5b0a2","Sunday","11 am–7:30 pm"
"0x30e2a17bdcd26d5f:0xbce332bfb5f5b0a2","Monday","11 am–7:30 pm"
"0x311d6178c5184407:0x553ee19f937d97dc","Tuesday","11 am–8 pm"
"0x311d6178c5184407:0x553ee19f937d97dc","Wednesday","11 am–8 pm"
"0x311d6178c5184407:0x553ee19f937d97dc","Thursday","11 am–8 pm"
"0x311d6178c5184407:0x553ee19f937d97dc","Friday","11 am–8 pm"
"0x311d6178c5184407:0x553ee19f937d97dc","Saturday","10 am–7 pm"
"0x311d6178c5184407:0x553ee19f937d97dc","Sunday","10 am–7 pm"
"0x311d6178c5184407:0x553ee19f937d97dc","Monday","Closed"
"0x30e29d0020cae057:0x6aa7763c69c70209","Tuesday","10 am–7:50 pm"
"0x30e29d0020cae057:0x6aa7763c69c70209","Wednesday","10 am–7:50 pm"
"0x30e29d0020cae057:0x6aa7763c69c70209","Thursday","10 am–7:50 pm"
"0x30e29d0020cae057:0x6aa7763c69c70209","Friday","10 am–7:50 pm"
"0x30e29d0020cae057:0x6aa7763c69c70209","Saturday","10 am–7:50 pm"
"0x30e29d0020cae057:0x6aa7763c69c70209","Sunday","10 am–7:50 pm"
"0x30e29d0020cae057:0x6aa7763c69c70209","Monday","10 am–7:50 pm"
"0x30e29b55921900b7:0x889d7b389f92c4db","Tuesday","10 am–8 pm"
"0x30e29b55921900b7:0x889d7b389f92c4db","Wednesday","10 am–8 pm"
"0x30e29b55921900b7:0x889d7b389f92c4db","Thursday","10 am–8 pm"
"0x30e29b55921900b7:0x889d7b389f92c4db","Friday","10 am–8 pm"
"0x30e29b55921900b7:0x889d7b389f92c4db","Saturday","10 am–8 pm"
"0x30e29b55921900b7:0x889d7b389f92c4db","Sunday","10 am–8 pm"
"0x30e29b55921900b7:0x889d7b389f92c4db","Monday","10 am–8 pm"
"0x30e299e13ca0eda5:0x9a81af58f887abb3","Tuesday","7 am–10 pm"
"0x30e299e13ca0eda5:0x9a81af58f887abb3","Wednesday","7 am–10 pm"
"0x30e299e13ca0eda5:0x9a81af58f887abb3","Thursday","7 am–10 pm"
"0x30e299e13ca0eda5:0x9a81af58f887abb3","Friday","7 am–10 pm"
"0x30e299e13ca0eda5:0x9a81af58f887abb3","Saturday","7 am–10 pm"
"0x30e299e13ca0eda5:0x9a81af58f887abb3","Sunday","7 am–10 pm"
"0x30e299e13ca0eda5:0x9a81af58f887abb3","Monday","7 am–10 pm"
"0x30e29cfd314577f9:0x21631e822ee44118","Tuesday","Closed"
"0x30e29cfd314577f9:0x21631e822ee44118","Wednesday","10 AM–7 PM"
"0x30e29cfd314577f9:0x21631e822ee44118","Thursday","10 AM–7 PM"
"0x30e29cfd314577f9:0x21631e822ee44118","Friday","10 AM–7 PM"
"0x30e29cfd314577f9:0x21631e822ee44118","Saturday","10 AM–7 PM"
"0x30e29cfd314577f9:0x21631e822ee44118","Sunday","10 AM–7 PM"
"0x30e29cfd314577f9:0x21631e822ee44118","Monday","10 AM–7 PM"
"0x30e29d5ddf294f7d:0x5108073eabf042ef","Tuesday","9 am–8 pm"
"0x30e29d5ddf294f7d:0x5108073eabf042ef","Wednesday","9 am–8 pm"
"0x30e29d5ddf294f7d:0x5108073eabf042ef","Thursday","9 am–8 pm"
"0x30e29d5ddf294f7d:0x5108073eabf042ef","Friday","9 am–8 pm"
"0x30e29d5ddf294f7d:0x5108073eabf042ef","Saturday","9 am–8 pm"
"0x30e29d5ddf294f7d:0x5108073eabf042ef","Sunday","9 am–8 pm"
"0x30e29d5ddf294f7d:0x5108073eabf042ef","Monday","9 am–8 pm"
"0x30e29d83a419e117:0x60157472a7ba0511","Tuesday","11 AM–8 PM"
"0x30e29d83a419e117:0x60157472a7ba0511","Wednesday","11 AM–8 PM"
"0x30e29d83a419e117:0x60157472a7ba0511","Thursday","11 AM–8 PM"
"0x30e29d83a419e117:0x60157472a7ba0511","Friday","11 AM–8 PM"
"0x30e29d83a419e117:0x60157472a7ba0511","Saturday","11 AM–8 PM"
"0x30e29d83a419e117:0x60157472a7ba0511","Sunday","11 AM–8 PM"
"0x30e29d83a419e117:0x60157472a7ba0511","Monday","11 AM–8 PM"
"0x30e29b587f49bf35:0x1f393e13e6c3186b","Tuesday","9 AM–7:30 PM"
"0x30e29b587f49bf35:0x1f393e13e6c3186b","Wednesday","9 AM–7:30 PM"
"0x30e29b587f49bf35:0x1f393e13e6c3186b","Thursday","9 AM–7:30 PM"
"0x30e29b587f49bf35:0x1f393e13e6c3186b","Friday","9 AM–7:30 PM"
"0x30e29b587f49bf35:0x1f393e13e6c3186b","Saturday","9 AM–7:30 PM"
"0x30e29b587f49bf35:0x1f393e13e6c3186b","Sunday","9 AM–7:30 PM"
"0x30e29b587f49bf35:0x1f393e13e6c3186b","Monday","9 AM–7:30 PM"
"0x30e29b079bf5da7f:0xe34091c340229cd1","Tuesday","10 am–9 pm"
"0x30e29b079bf5da7f:0xe34091c340229cd1","Wednesday","10 am–9 pm"
"0x30e29b079bf5da7f:0xe34091c340229cd1","Thursday","10 am–9 pm"
"0x30e29b079bf5da7f:0xe34091c340229cd1","Friday","10 am–9 pm"
"0x30e29b079bf5da7f:0xe34091c340229cd1","Saturday","10 am–9 pm"
"0x30e29b079bf5da7f:0xe34091c340229cd1","Sunday","10 am–9 pm"
"0x30e29b079bf5da7f:0xe34091c340229cd1","Monday","10 am–9 pm"
"0x30e29b5aac751ff9:0x1e0e91c57d046c7","Tuesday","10 AM–8 PM"
"0x30e29b5aac751ff9:0x1e0e91c57d046c7","Wednesday","10 AM–8 PM"
"0x30e29b5aac751ff9:0x1e0e91c57d046c7","Thursday","10 AM–8 PM"
"0x30e29b5aac751ff9:0x1e0e91c57d046c7","Friday","10 AM–8 PM"
"0x30e29b5aac751ff9:0x1e0e91c57d046c7","Saturday","10 AM–8 PM"
"0x30e29b5aac751ff9:0x1e0e91c57d046c7","Sunday","10 AM–8 PM"
"0x30e29b5aac751ff9:0x1e0e91c57d046c7","Monday","10 AM–8 PM"
"0x30e29afac1cf7437:0xef2c52d6f72a31f2","Tuesday","10 am–5 pm"
"0x30e29afac1cf7437:0xef2c52d6f72a31f2","Wednesday","10 am–5 pm"
"0x30e29afac1cf7437:0xef2c52d6f72a31f2","Thursday","10 am–5 pm"
"0x30e29afac1cf7437:0xef2c52d6f72a31f2","Friday","10 am–5 pm"
"0x30e29afac1cf7437:0xef2c52d6f72a31f2","Saturday","10 am–5 pm"
"0x30e29afac1cf7437:0xef2c52d6f72a31f2","Sunday","10 am–5 pm"
"0x30e29afac1cf7437:0xef2c52d6f72a31f2","Monday","10 am–5 pm"
"0x30e29ab57cefd1b1:0x3c3d27204ba0c7cc","Tuesday","10 AM–8 PM"
"0x30e29ab57cefd1b1:0x3c3d27204ba0c7cc","Wednesday","10 AM–8 PM"
"0x30e29ab57cefd1b1:0x3c3d27204ba0c7cc","Thursday","10 AM–8 PM"
"0x30e29ab57cefd1b1:0x3c3d27204ba0c7cc","Friday","10 AM–8 PM"
"0x30e29ab57cefd1b1:0x3c3d27204ba0c7cc","Saturday","10 AM–8 PM"
"0x30e29ab57cefd1b1:0x3c3d27204ba0c7cc","Sunday","10 AM–8 PM"
"0x30e29ab57cefd1b1:0x3c3d27204ba0c7cc","Monday","10 AM–8 PM"
"0x30e299e44c227cd9:0xa770f8cdfc8eb334","Tuesday","9 am–9 pm"
"0x30e299e44c227cd9:0xa770f8cdfc8eb334","Wednesday","9 am–9 pm"
"0x30e299e44c227cd9:0xa770f8cdfc8eb334","Thursday","9 am–9 pm"
"0x30e299e44c227cd9:0xa770f8cdfc8eb334","Friday","9 am–9 pm"
"0x30e299e44c227cd9:0xa770f8cdfc8eb334","Saturday","9 am–9 pm"
"0x30e299e44c227cd9:0xa770f8cdfc8eb334","Sunday","9 am–9 pm"
"0x30e299e44c227cd9:0xa770f8cdfc8eb334","Monday","9 am–9 pm"
"0x311d616eb76eca09:0x6ee7dedbe1d49070","Tuesday","11 am–8 pm"
"0x311d616eb76eca09:0x6ee7dedbe1d49070","Wednesday","11 am–8 pm"
"0x311d616eb76eca09:0x6ee7dedbe1d49070","Thursday","11 am–8 pm"
"0x311d616eb76eca09:0x6ee7dedbe1d49070","Friday","11 am–8 pm"
"0x311d616eb76eca09:0x6ee7dedbe1d49070","Saturday","11 am–8 pm"
"0x311d616eb76eca09:0x6ee7dedbe1d49070","Sunday","11 am–8 pm"
"0x311d616eb76eca09:0x6ee7dedbe1d49070","Monday","11 am–8 pm"
"0x30e29c39f0206371:0x991850bef70a5258","Wednesday","9 am–8 pm"
"0x30e29c39f0206371:0x991850bef70a5258","Thursday","9 am–8 pm"
"0x30e29c39f0206371:0x991850bef70a5258","Friday","9 am–8 pm"
"0x30e29c39f0206371:0x991850bef70a5258","Saturday","9 am–8 pm"
"0x30e29c39f0206371:0x991850bef70a5258","Sunday","9 am–8 pm"
"0x30e29c39f0206371:0x991850bef70a5258","Monday","9 am–8 pm"
"0x30e29c39f0206371:0x991850bef70a5258","Tuesday","9 am–8 pm"
"0x30e29b6fb0278009:0xb238cc449ba75f0e","Wednesday","10 am–8 pm"
"0x30e29b6fb0278009:0xb238cc449ba75f0e","Thursday","10 am–8 pm"
"0x30e29b6fb0278009:0xb238cc449ba75f0e","Friday","10 am–8 pm"
"0x30e29b6fb0278009:0xb238cc449ba75f0e","Saturday","10 am–7 pm"
"0x30e29b6fb0278009:0xb238cc449ba75f0e","Sunday","10 am–7 pm"
"0x30e29b6fb0278009:0xb238cc449ba75f0e","Monday","10 am–8 pm"
"0x30e29b6fb0278009:0xb238cc449ba75f0e","Tuesday","10 am–8 pm"
"0x30e29991f01b6971:0x8e23494e6fb4ef99","Wednesday","9 am–7 pm"
"0x30e29991f01b6971:0x8e23494e6fb4ef99","Thursday","9 am–7 pm"
"0x30e29991f01b6971:0x8e23494e6fb4ef99","Friday","9 am–7 pm"
"0x30e29991f01b6971:0x8e23494e6fb4ef99","Saturday","10 am–6 pm"
"0x30e29991f01b6971:0x8e23494e6fb4ef99","Sunday","Closed"
"0x30e29991f01b6971:0x8e23494e6fb4ef99","Monday","9 am–7 pm"
"0x30e29991f01b6971:0x8e23494e6fb4ef99","Tuesday","9 am–7 pm"
"0x311d616ca4a08d63:0x2aefe66ba5032b5b","Wednesday","10 am–8 pm"
"0x311d616ca4a08d63:0x2aefe66ba5032b5b","Thursday","10 am–8 pm"
"0x311d616ca4a08d63:0x2aefe66ba5032b5b","Friday","10 am–8 pm"
"0x311d616ca4a08d63:0x2aefe66ba5032b5b","Saturday","10 am–8 pm"
"0x311d616ca4a08d63:0x2aefe66ba5032b5b","Sunday","10 am–8 pm"
"0x311d616ca4a08d63:0x2aefe66ba5032b5b","Monday","10 am–8 pm"
"0x311d616ca4a08d63:0x2aefe66ba5032b5b","Tuesday","10 am–8 pm"
"0x30e2984158f1ea23:0xf7ac49e1b5a6e651","Wednesday","5–8:30 pm"
"0x30e2984158f1ea23:0xf7ac49e1b5a6e651","Thursday","5–8:30 pm"
"0x30e2984158f1ea23:0xf7ac49e1b5a6e651","Friday","5–8:30 pm"
"0x30e2984158f1ea23:0xf7ac49e1b5a6e651","Saturday","Closed"
"0x30e2984158f1ea23:0xf7ac49e1b5a6e651","Sunday","9 am–12:30 pm"
"0x30e2984158f1ea23:0xf7ac49e1b5a6e651","Monday","5–8:30 pm"
"0x30e2984158f1ea23:0xf7ac49e1b5a6e651","Tuesday","5–8:30 pm"
"0x30e299aa6de7991b:0x17559c426d4a4fb6","Wednesday","9 am–5 pm"
"0x30e299aa6de7991b:0x17559c426d4a4fb6","Thursday","9 am–5 pm"
"0x30e299aa6de7991b:0x17559c426d4a4fb6","Friday","9 am–5 pm"
"0x30e299aa6de7991b:0x17559c426d4a4fb6","Saturday","9 am–5 pm"
"0x30e299aa6de7991b:0x17559c426d4a4fb6","Sunday","Closed"
"0x30e299aa6de7991b:0x17559c426d4a4fb6","Monday","9 am–5 pm"
"0x30e299aa6de7991b:0x17559c426d4a4fb6","Tuesday","9 am–5 pm"
"0x30e2919d6c925a47:0xae452fdedce8ecd8","Wednesday","10 am–8 pm"
"0x30e2919d6c925a47:0xae452fdedce8ecd8","Thursday","10 am–8 pm"
"0x30e2919d6c925a47:0xae452fdedce8ecd8","Friday","10 am–8 pm"
"0x30e2919d6c925a47:0xae452fdedce8ecd8","Saturday","10 am–8 pm"
"0x30e2919d6c925a47:0xae452fdedce8ecd8","Sunday","10 am–8 pm"
"0x30e2919d6c925a47:0xae452fdedce8ecd8","Monday","10 am–8 pm"
"0x30e2919d6c925a47:0xae452fdedce8ecd8","Tuesday","10 am–8 pm"
"0x30e29a3514919cdb:0x38e890fee2e731c3","Wednesday","9:30 am–7 pm"
"0x30e29a3514919cdb:0x38e890fee2e731c3","Thursday","9:30 am–7 pm"
"0x30e29a3514919cdb:0x38e890fee2e731c3","Friday","9:30 am–7 pm"
"0x30e29a3514919cdb:0x38e890fee2e731c3","Saturday","9:30 am–7 pm"
"0x30e29a3514919cdb:0x38e890fee2e731c3","Sunday","Closed"
"0x30e29a3514919cdb:0x38e890fee2e731c3","Monday","9:30 am–7 pm"
"0x30e29a3514919cdb:0x38e890fee2e731c3","Tuesday","9:30 am–7 pm"
"0x30e29791eeb23d59:0xae8bb59c432426c9","Wednesday","10 am–8 pm"
"0x30e29791eeb23d59:0xae8bb59c432426c9","Thursday","10 am–8 pm"
"0x30e29791eeb23d59:0xae8bb59c432426c9","Friday","10 am–8 pm"
"0x30e29791eeb23d59:0xae8bb59c432426c9","Saturday","10 am–8 pm"
"0x30e29791eeb23d59:0xae8bb59c432426c9","Sunday","10 am–8 pm"
"0x30e29791eeb23d59:0xae8bb59c432426c9","Monday","10 am–8 pm"
"0x30e29791eeb23d59:0xae8bb59c432426c9","Tuesday","10 am–8 pm"
"0x30e2990d6f6fd079:0xb74c8516533d453f","Wednesday","9 am–8 pm"
"0x30e2990d6f6fd079:0xb74c8516533d453f","Thursday","9 am–8 pm"
"0x30e2990d6f6fd079:0xb74c8516533d453f","Friday","9 am–8 pm"
"0x30e2990d6f6fd079:0xb74c8516533d453f","Saturday","9 am–8 pm"
"0x30e2990d6f6fd079:0xb74c8516533d453f","Sunday","9 am–8 pm"
"0x30e2990d6f6fd079:0xb74c8516533d453f","Monday","9 am–8 pm"
"0x30e2990d6f6fd079:0xb74c8516533d453f","Tuesday","9 am–8 pm"
"0x30e29f00e1bf5b47:0x7047b56c2ea56a74","Wednesday","10 am–8 pm"
"0x30e29f00e1bf5b47:0x7047b56c2ea56a74","Thursday","10 am–8 pm"
"0x30e29f00e1bf5b47:0x7047b56c2ea56a74","Friday","10 am–8 pm"
"0x30e29f00e1bf5b47:0x7047b56c2ea56a74","Saturday","10 am–8 pm"
"0x30e29f00e1bf5b47:0x7047b56c2ea56a74","Sunday","Closed"
"0x30e29f00e1bf5b47:0x7047b56c2ea56a74","Monday","10 am–8 pm"
"0x30e29f00e1bf5b47:0x7047b56c2ea56a74","Tuesday","10 am–8 pm"
"0x30e29db90ac93b0b:0x3c20aa9dcfa20a4d","Wednesday","11 am–7 pm"
"0x30e29db90ac93b0b:0x3c20aa9dcfa20a4d","Thursday","11 am–7 pm"
"0x30e29db90ac93b0b:0x3c20aa9dcfa20a4d","Friday","11 am–7 pm"
"0x30e29db90ac93b0b:0x3c20aa9dcfa20a4d","Saturday","Closed"
"0x30e29db90ac93b0b:0x3c20aa9dcfa20a4d","Sunday","Closed"
"0x30e29db90ac93b0b:0x3c20aa9dcfa20a4d","Monday","11 am–7 pm"
"0x30e29db90ac93b0b:0x3c20aa9dcfa20a4d","Tuesday","11 am–7 pm"
"0x311d61006528ad33:0x69d88b97a287e59d","Wednesday","10 am–8 pm"
"0x311d61006528ad33:0x69d88b97a287e59d","Thursday","10 am–8 pm"
"0x311d61006528ad33:0x69d88b97a287e59d","Friday","10 am–8 pm"
"0x311d61006528ad33:0x69d88b97a287e59d","Saturday","10 am–8 pm"
"0x311d61006528ad33:0x69d88b97a287e59d","Sunday","10 am–8 pm"
"0x311d61006528ad33:0x69d88b97a287e59d","Monday","10 am–8 pm"
"0x311d61006528ad33:0x69d88b97a287e59d","Tuesday","10 am–8 pm"
"0x311d6220e90d3c33:0x434e905a7057ae7a","Wednesday","10 am–7 pm"
"0x311d6220e90d3c33:0x434e905a7057ae7a","Thursday","10 am–7 pm"
"0x311d6220e90d3c33:0x434e905a7057ae7a","Friday","Closed"
"0x311d6220e90d3c33:0x434e905a7057ae7a","Saturday","10 am–7 pm"
"0x311d6220e90d3c33:0x434e905a7057ae7a","Sunday","10 am–7 pm"
"0x311d6220e90d3c33:0x434e905a7057ae7a","Monday","10 am–7 pm"
"0x311d6220e90d3c33:0x434e905a7057ae7a","Tuesday","10 am–7 pm"
"0x311d61c42c56eb01:0xe0af12b62c795830","Wednesday","10 am–8 pm"
"0x311d61c42c56eb01:0xe0af12b62c795830","Thursday","10 am–8 pm"
"0x311d61c42c56eb01:0xe0af12b62c795830","Friday","10 am–8 pm"
"0x311d61c42c56eb01:0xe0af12b62c795830","Saturday","10 am–8 pm"
"0x311d61c42c56eb01:0xe0af12b62c795830","Sunday","10 am–8 pm"
"0x311d61c42c56eb01:0xe0af12b62c795830","Monday","10 am–8 pm"
"0x311d61c42c56eb01:0xe0af12b62c795830","Tuesday","10 am–8 pm"
"0x30e299fd10f2dec5:0x35aab0d82f8f025b","Wednesday","9 am–8:30 pm"
"0x30e299fd10f2dec5:0x35aab0d82f8f025b","Thursday","9 am–8:30 pm"
"0x30e299fd10f2dec5:0x35aab0d82f8f025b","Friday","9 am–8:30 pm"
"0x30e299fd10f2dec5:0x35aab0d82f8f025b","Saturday","9 am–8:30 pm"
"0x30e299fd10f2dec5:0x35aab0d82f8f025b","Sunday","9 am–8:30 pm"
"0x30e299fd10f2dec5:0x35aab0d82f8f025b","Monday","9 am–8:30 pm"
"0x30e299fd10f2dec5:0x35aab0d82f8f025b","Tuesday","9 am–8:30 pm"
"0x30e29f4b4cb1d931:0xf288878652908875","Wednesday","8 am–5 pm"
"0x30e29f4b4cb1d931:0xf288878652908875","Thursday","8 am–5 pm"
"0x30e29f4b4cb1d931:0xf288878652908875","Friday","8 am–5 pm"
"0x30e29f4b4cb1d931:0xf288878652908875","Saturday","Closed"
"0x30e29f4b4cb1d931:0xf288878652908875","Sunday","Closed"
"0x30e29f4b4cb1d931:0xf288878652908875","Monday","8 am–5 pm"
"0x30e29f4b4cb1d931:0xf288878652908875","Tuesday","8 am–5 pm"
"0x311d5fcba6365823:0x712aac85224f9e1c","Wednesday","10 am–8 pm"
"0x311d5fcba6365823:0x712aac85224f9e1c","Thursday","10 am–8 pm"
"0x311d5fcba6365823:0x712aac85224f9e1c","Friday","10 am–8 pm"
"0x311d5fcba6365823:0x712aac85224f9e1c","Saturday","10 am–8 pm"
"0x311d5fcba6365823:0x712aac85224f9e1c","Sunday","10 am–8 pm"
"0x311d5fcba6365823:0x712aac85224f9e1c","Monday","10 am–8 pm"
"0x311d5fcba6365823:0x712aac85224f9e1c","Tuesday","10 am–8 pm"
"0x311d5f9caaff522f:0xbc0a15a0fca652ab","Wednesday","10 am–8 pm"
"0x311d5f9caaff522f:0xbc0a15a0fca652ab","Thursday","10 am–8 pm"
"0x311d5f9caaff522f:0xbc0a15a0fca652ab","Friday","10 am–8 pm"
"0x311d5f9caaff522f:0xbc0a15a0fca652ab","Saturday","10 am–8 pm"
"0x311d5f9caaff522f:0xbc0a15a0fca652ab","Sunday","10 am–8 pm"
"0x311d5f9caaff522f:0xbc0a15a0fca652ab","Monday","10 am–8 pm"
"0x311d5f9caaff522f:0xbc0a15a0fca652ab","Tuesday","10 am–8 pm"
"0x311d61673b8a7139:0x4fc397b6435a7bbe","Wednesday","Closed"
"0x311d61673b8a7139:0x4fc397b6435a7bbe","Thursday","Closed"
"0x311d61673b8a7139:0x4fc397b6435a7bbe","Friday","Closed"
"0x311d61673b8a7139:0x4fc397b6435a7bbe","Saturday","7 am–2 pm"
"0x311d61673b8a7139:0x4fc397b6435a7bbe","Sunday","7 am–2 pm"
"0x311d61673b8a7139:0x4fc397b6435a7bbe","Monday","Closed"
"0x311d61673b8a7139:0x4fc397b6435a7bbe","Tuesday","Closed"
"0x30e2bd33365cbf05:0x64bd36d3bfbb8f6e","Wednesday","9:30 am–7:30 pm"
"0x30e2bd33365cbf05:0x64bd36d3bfbb8f6e","Thursday","9:30 am–7:30 pm"
"0x30e2bd33365cbf05:0x64bd36d3bfbb8f6e","Friday","9:30 am–7:30 pm"
"0x30e2bd33365cbf05:0x64bd36d3bfbb8f6e","Saturday","9 am–7 pm"
"0x30e2bd33365cbf05:0x64bd36d3bfbb8f6e","Sunday","9 am–6 pm"
"0x30e2bd33365cbf05:0x64bd36d3bfbb8f6e","Monday","9:30 am–7:30 pm"
"0x30e2bd33365cbf05:0x64bd36d3bfbb8f6e","Tuesday","9:30 am–7:30 pm"
"0x30e28f0ae7a50671:0x55ee51a7600902cf","Wednesday","10 am–8 pm"
"0x30e28f0ae7a50671:0x55ee51a7600902cf","Thursday","10 am–8 pm"
"0x30e28f0ae7a50671:0x55ee51a7600902cf","Friday","10 am–8 pm"
"0x30e28f0ae7a50671:0x55ee51a7600902cf","Saturday","10 am–8 pm"
"0x30e28f0ae7a50671:0x55ee51a7600902cf","Sunday","10 am–8 pm"
"0x30e28f0ae7a50671:0x55ee51a7600902cf","Monday","10 am–8 pm"
"0x30e28f0ae7a50671:0x55ee51a7600902cf","Tuesday","10 am–8 pm"
"0x311d6191f42453fb:0xab11934d671635b9","Wednesday","10 am–8 pm"
"0x311d6191f42453fb:0xab11934d671635b9","Thursday","10 am–8 pm"
"0x311d6191f42453fb:0xab11934d671635b9","Friday","10 am–8 pm"
"0x311d6191f42453fb:0xab11934d671635b9","Saturday","10 am–8 pm"
"0x311d6191f42453fb:0xab11934d671635b9","Sunday","10 am–8 pm"
"0x311d6191f42453fb:0xab11934d671635b9","Monday","10 am–8 pm"
"0x311d6191f42453fb:0xab11934d671635b9","Tuesday","10 am–8 pm"
"0x30e29d72c4cef53d:0xc0f9529c6f143a4","Wednesday","10 am–8 pm"
"0x30e29d72c4cef53d:0xc0f9529c6f143a4","Thursday","9 am–5 pm"
"0x30e29d72c4cef53d:0xc0f9529c6f143a4","Friday","10 am–8 pm"
"0x30e29d72c4cef53d:0xc0f9529c6f143a4","Saturday","10 am–8 pm"
"0x30e29d72c4cef53d:0xc0f9529c6f143a4","Sunday","10 am–8 pm"
"0x30e29d72c4cef53d:0xc0f9529c6f143a4","Monday","Closed"
"0x30e29d72c4cef53d:0xc0f9529c6f143a4","Tuesday","10 am–8 pm"
"0x30e29fb3835b9b9b:0xdc18370dcc58dd27","Wednesday","10:30 am–7:30 pm"
"0x30e29fb3835b9b9b:0xdc18370dcc58dd27","Thursday","10:30 am–7:30 pm"
"0x30e29fb3835b9b9b:0xdc18370dcc58dd27","Friday","10:30 am–7:30 pm"
"0x30e29fb3835b9b9b:0xdc18370dcc58dd27","Saturday","10:30 am–7:30 pm"
"0x30e29fb3835b9b9b:0xdc18370dcc58dd27","Sunday","10:30 am–7:30 pm"
"0x30e29fb3835b9b9b:0xdc18370dcc58dd27","Monday","10:30 am–7:30 pm"
"0x30e29fb3835b9b9b:0xdc18370dcc58dd27","Tuesday","10:30 am–7:30 pm"
"0x30e29fb59bad6deb:0x653e81619df24bbd","Wednesday","9 am–8 pm"
"0x30e29fb59bad6deb:0x653e81619df24bbd","Thursday","9 am–8 pm"
"0x30e29fb59bad6deb:0x653e81619df24bbd","Friday","9 am–8 pm"
"0x30e29fb59bad6deb:0x653e81619df24bbd","Saturday","9 am–8 pm"
"0x30e29fb59bad6deb:0x653e81619df24bbd","Sunday","9 am–8 pm"
"0x30e29fb59bad6deb:0x653e81619df24bbd","Monday","9 am–8 pm"
"0x30e29fb59bad6deb:0x653e81619df24bbd","Tuesday","9 am–8 pm"
"0x311d619238985d79:0xd2a5b82d94e9fbf8","Wednesday","11 AM–7 PM"
"0x311d619238985d79:0xd2a5b82d94e9fbf8","Thursday","11 AM–7 PM"
"0x311d619238985d79:0xd2a5b82d94e9fbf8","Friday","11 AM–7 PM"
"0x311d619238985d79:0xd2a5b82d94e9fbf8","Saturday","11 AM–7 PM"
"0x311d619238985d79:0xd2a5b82d94e9fbf8","Sunday","11 AM–7 PM"
"0x311d619238985d79:0xd2a5b82d94e9fbf8","Monday","11 AM–7 PM"
"0x311d619238985d79:0xd2a5b82d94e9fbf8","Tuesday","11 AM–7 PM"
"0x311d636033482553:0xa783ac69fd42a51c","Wednesday","11 am–7:30 pm"
"0x311d636033482553:0xa783ac69fd42a51c","Thursday","11 am–7:30 pm"
"0x311d636033482553:0xa783ac69fd42a51c","Friday","11 am–7:30 pm"
"0x311d636033482553:0xa783ac69fd42a51c","Saturday","11 am–7:30 pm"
"0x311d636033482553:0xa783ac69fd42a51c","Sunday","11 am–7:30 pm"
"0x311d636033482553:0xa783ac69fd42a51c","Monday","11 am–7:30 pm"
"0x311d636033482553:0xa783ac69fd42a51c","Tuesday","11 am–7:30 pm"
"0x30e29d291fcb04d5:0x713af5d3aed4a3a8","Wednesday","8 AM–10 PM"
"0x30e29d291fcb04d5:0x713af5d3aed4a3a8","Thursday","8 AM–10 PM"
"0x30e29d291fcb04d5:0x713af5d3aed4a3a8","Friday","8 AM–10 PM"
"0x30e29d291fcb04d5:0x713af5d3aed4a3a8","Saturday","8 AM–10 PM"
"0x30e29d291fcb04d5:0x713af5d3aed4a3a8","Sunday","8 AM–10 PM"
"0x30e29d291fcb04d5:0x713af5d3aed4a3a8","Monday","8 AM–10 PM"
"0x30e29d291fcb04d5:0x713af5d3aed4a3a8","Tuesday","8 AM–10 PM"
"0x30e29d0a28dc12bb:0x1b504abbfa4d1a33","Wednesday","10 AM–7:30 PM"
"0x30e29d0a28dc12bb:0x1b504abbfa4d1a33","Thursday","10 AM–7:30 PM"
"0x30e29d0a28dc12bb:0x1b504abbfa4d1a33","Friday","Closed"
"0x30e29d0a28dc12bb:0x1b504abbfa4d1a33","Saturday","10 AM–7:30 PM"
"0x30e29d0a28dc12bb:0x1b504abbfa4d1a33","Sunday","10 AM–7:30 PM"
"0x30e29d0a28dc12bb:0x1b504abbfa4d1a33","Monday","10 AM–7:30 PM"
"0x30e29d0a28dc12bb:0x1b504abbfa4d1a33","Tuesday","10 AM–7:30 PM"
"0x311d618c9b911eef:0x78f00c7c2c2522ac","Wednesday","11 AM–8 PM"
"0x311d618c9b911eef:0x78f00c7c2c2522ac","Thursday","11 AM–8 PM"
"0x311d618c9b911eef:0x78f00c7c2c2522ac","Friday","11 AM–8 PM"
"0x311d618c9b911eef:0x78f00c7c2c2522ac","Saturday","11 AM–8 PM"
"0x311d618c9b911eef:0x78f00c7c2c2522ac","Sunday","11 AM–8 PM"
"0x311d618c9b911eef:0x78f00c7c2c2522ac","Monday","11 AM–8 PM"
"0x311d618c9b911eef:0x78f00c7c2c2522ac","Tuesday","11 AM–8 PM"
"0x311d61f4b6088b25:0xb2e95d01c988c646","Wednesday","10 AM–7 PM"
"0x311d61f4b6088b25:0xb2e95d01c988c646","Thursday","10 AM–7 PM"
"0x311d61f4b6088b25:0xb2e95d01c988c646","Friday","10 AM–7 PM"
"0x311d61f4b6088b25:0xb2e95d01c988c646","Saturday","10 AM–7 PM"
"0x311d61f4b6088b25:0xb2e95d01c988c646","Sunday","10 AM–7 PM"
"0x311d61f4b6088b25:0xb2e95d01c988c646","Monday","Closed"
"0x311d61f4b6088b25:0xb2e95d01c988c646","Tuesday","10 AM–7 PM"
"0x30e29e523ed0402f:0x69335d9bc6eb80a1","Wednesday","11 AM–6 PM"
"0x30e29e523ed0402f:0x69335d9bc6eb80a1","Thursday","11 AM–6 PM"
"0x30e29e523ed0402f:0x69335d9bc6eb80a1","Friday","11 AM–6 PM"
"0x30e29e523ed0402f:0x69335d9bc6eb80a1","Saturday","Closed"
"0x30e29e523ed0402f:0x69335d9bc6eb80a1","Sunday","Closed"
"0x30e29e523ed0402f:0x69335d9bc6eb80a1","Monday","11 AM–6 PM"
"0x30e29e523ed0402f:0x69335d9bc6eb80a1","Tuesday","11 AM–6 PM"
"0x30e29b0bd509c46b:0xabc9bc3332861bd8","Wednesday","3–8 PM"
"0x30e29b0bd509c46b:0xabc9bc3332861bd8","Thursday","3–8 PM"
"0x30e29b0bd509c46b:0xabc9bc3332861bd8","Friday","3–8 PM"
"0x30e29b0bd509c46b:0xabc9bc3332861bd8","Saturday","9 AM–6 PM"
"0x30e29b0bd509c46b:0xabc9bc3332861bd8","Sunday","9 AM–12 PM"
"0x30e29b0bd509c46b:0xabc9bc3332861bd8","Monday","3–8 PM"
"0x30e29b0bd509c46b:0xabc9bc3332861bd8","Tuesday","3–8 PM"
"0x30e29f543faaeadf:0x9b1bf79d36bfaeee","Wednesday","9 am–6 pm"
"0x30e29f543faaeadf:0x9b1bf79d36bfaeee","Thursday","9 am–6 pm"
"0x30e29f543faaeadf:0x9b1bf79d36bfaeee","Friday","9 am–6 pm"
"0x30e29f543faaeadf:0x9b1bf79d36bfaeee","Saturday","9 am–6 pm"
"0x30e29f543faaeadf:0x9b1bf79d36bfaeee","Sunday","Closed"
"0x30e29ddacd769fe9:0x665bc0fe92ac3da3","Wednesday","9 am–6:30 pm"
"0x30e29ddacd769fe9:0x665bc0fe92ac3da3","Thursday","9 am–6:30 pm"
"0x30e29ddacd769fe9:0x665bc0fe92ac3da3","Friday","9 am–6:30 pm"
"0x30e29ddacd769fe9:0x665bc0fe92ac3da3","Saturday","9 am–6:30 pm"
"0x30e29ddacd769fe9:0x665bc0fe92ac3da3","Sunday","Closed"
"0x30e29ddacd769fe9:0x665bc0fe92ac3da3","Monday","9 am–6:30 pm"
"0x30e29ddacd769fe9:0x665bc0fe92ac3da3","Tuesday","9 am–6:30 pm"
"0x30e29c4fff092537:0x38df74535b6a19dc","Wednesday","10 am–8 pm"
"0x30e29c4fff092537:0x38df74535b6a19dc","Thursday","10 am–8 pm"
"0x30e29c4fff092537:0x38df74535b6a19dc","Friday","10 am–8 pm"
"0x30e29c4fff092537:0x38df74535b6a19dc","Saturday","10 am–8 pm"
"0x30e29c4fff092537:0x38df74535b6a19dc","Sunday","10 am–8 pm"
"0x30e29c4fff092537:0x38df74535b6a19dc","Tuesday","10 am–8 pm"
"0x30e2a3bc4f5c29f5:0xebebc2752973aa13","Wednesday","10 am–7 pm"
"0x30e2a3bc4f5c29f5:0xebebc2752973aa13","Thursday","10 am–7 pm"
"0x30e2a3bc4f5c29f5:0xebebc2752973aa13","Friday","10 am–7 pm"
"0x30e2a3bc4f5c29f5:0xebebc2752973aa13","Saturday","10 am–7 pm"
"0x30e2a3bc4f5c29f5:0xebebc2752973aa13","Sunday","10 am–7 pm"
"0x30e2a3bc4f5c29f5:0xebebc2752973aa13","Monday","10 am–7 pm"
"0x30e2a3bc4f5c29f5:0xebebc2752973aa13","Tuesday","10 am–7 pm"
"0x30e2a00aadbe1e7b:0x20d6d600f5a66a3","Wednesday","10 am–8 pm"
"0x30e2a00aadbe1e7b:0x20d6d600f5a66a3","Thursday","10 am–8 pm"
"0x30e2a00aadbe1e7b:0x20d6d600f5a66a3","Friday","10 am–8 pm"
"0x30e2a00aadbe1e7b:0x20d6d600f5a66a3","Saturday","10 am–8 pm"
"0x30e2a00aadbe1e7b:0x20d6d600f5a66a3","Sunday","10 am–8 pm"
"0x30e2a00aadbe1e7b:0x20d6d600f5a66a3","Monday","10 am–8 pm"
"0x30e2a00aadbe1e7b:0x20d6d600f5a66a3","Tuesday","10 am–8 pm"
"0x30e2bd2d243f0671:0x389e263c6bd654ce","Wednesday","10:30 am–7:30 pm"
"0x30e2bd2d243f0671:0x389e263c6bd654ce","Thursday","10:30 am–7:30 pm"
"0x30e2bd2d243f0671:0x389e263c6bd654ce","Friday","10:30 am–7:30 pm"
"0x30e2bd2d243f0671:0x389e263c6bd654ce","Saturday","10:30 am–7:30 pm"
"0x30e2bd2d243f0671:0x389e263c6bd654ce","Sunday","10:30 am–7:30 pm"
"0x30e2bd2d243f0671:0x389e263c6bd654ce","Monday","10:30 am–7:30 pm"
"0x30e2bd2d243f0671:0x389e263c6bd654ce","Tuesday","10:30 am–7:30 pm"
"0x30e29d5c50f67aa1:0x31833cb531535972","Wednesday","11 am–8 pm"
"0x30e29d5c50f67aa1:0x31833cb531535972","Thursday","11 am–8 pm"
"0x30e29d5c50f67aa1:0x31833cb531535972","Friday","11 am–8 pm"
"0x30e29d5c50f67aa1:0x31833cb531535972","Saturday","11 am–8 pm"
"0x30e29d5c50f67aa1:0x31833cb531535972","Sunday","11 am–8 pm"
"0x30e29d5c50f67aa1:0x31833cb531535972","Monday","11 am–8 pm"
"0x30e29d5c50f67aa1:0x31833cb531535972","Tuesday","Closed"
"0x30e29e7863047e55:0x476273a5d2728b7d","Wednesday","9:30 am–8:30 pm"
"0x30e29e7863047e55:0x476273a5d2728b7d","Thursday","9:30 am–8:30 pm"
"0x30e29e7863047e55:0x476273a5d2728b7d","Friday","9:30 am–8:30 pm"
"0x30e29e7863047e55:0x476273a5d2728b7d","Saturday","9:30 am–8:30 pm"
"0x30e29e7863047e55:0x476273a5d2728b7d","Sunday","9:30 am–8:30 pm"
"0x30e29e7863047e55:0x476273a5d2728b7d","Monday","9:30 am–8:30 pm"
"0x30e29e7863047e55:0x476273a5d2728b7d","Tuesday","9:30 am–8:30 pm"
"0x30e2910ec574a8bd:0xa0d539bc207ecb86","Thursday","10 am–7 pm"
"0x30e2910ec574a8bd:0xa0d539bc207ecb86","Friday","10 am–7 pm"
"0x30e2910ec574a8bd:0xa0d539bc207ecb86","Saturday","9 am–6 pm"
"0x30e2910ec574a8bd:0xa0d539bc207ecb86","Sunday","9 am–6 pm"
"0x30e2910ec574a8bd:0xa0d539bc207ecb86","Monday","10 am–7 pm"
"0x30e2910ec574a8bd:0xa0d539bc207ecb86","Tuesday","10 am–7 pm"
"0x30e29c5ae40cd3a3:0xf5a5c1a82e8cee34","Wednesday","11 am–10:30 pm"
"0x30e29c5ae40cd3a3:0xf5a5c1a82e8cee34","Thursday","11 am–10:30 pm"
"0x30e29c5ae40cd3a3:0xf5a5c1a82e8cee34","Friday","11 am–10:30 pm"
"0x30e29c5ae40cd3a3:0xf5a5c1a82e8cee34","Saturday","11 am–10:30 pm"
"0x30e29c5ae40cd3a3:0xf5a5c1a82e8cee34","Sunday","11 am–10:30 pm"
"0x30e29c5ae40cd3a3:0xf5a5c1a82e8cee34","Tuesday","11 am–10:30 pm"
"0x30e29d0005577543:0x624caea146611931","Wednesday","10 am–8 pm"
"0x30e29d0005577543:0x624caea146611931","Thursday","10 am–8 pm"
"0x30e29d0005577543:0x624caea146611931","Friday","10 am–8 pm"
"0x30e29d0005577543:0x624caea146611931","Saturday","Closed"
"0x30e29d0005577543:0x624caea146611931","Sunday","Closed"
"0x30e29d0005577543:0x624caea146611931","Monday","10 am–8 pm"
"0x30e29d0005577543:0x624caea146611931","Tuesday","10 am–8 pm"
"0x30e2a10225c4d00b:0xe71722f7935aae0a","Wednesday","10 am–7 pm"
"0x30e2a10225c4d00b:0xe71722f7935aae0a","Thursday","10 am–7 pm"
"0x30e2a10225c4d00b:0xe71722f7935aae0a","Friday","10 am–7 pm"
"0x30e2a10225c4d00b:0xe71722f7935aae0a","Saturday","9 am–4 pm"
"0x30e2a10225c4d00b:0xe71722f7935aae0a","Sunday","9 am–4 pm"
"0x30e2a10225c4d00b:0xe71722f7935aae0a","Monday","10 am–7 pm"
"0x30e2a10225c4d00b:0xe71722f7935aae0a","Tuesday","10 am–7 pm"
"0x30e29a0a0406aacb:0xb84a63f1f1573df5","Wednesday","10 am–8 pm"
"0x30e29a0a0406aacb:0xb84a63f1f1573df5","Thursday","10 am–8 pm"
"0x30e29a0a0406aacb:0xb84a63f1f1573df5","Friday","10 am–8 pm"
"0x30e29a0a0406aacb:0xb84a63f1f1573df5","Saturday","9 am–8 pm"
"0x30e29a0a0406aacb:0xb84a63f1f1573df5","Sunday","9 am–8 pm"
"0x30e29a0a0406aacb:0xb84a63f1f1573df5","Monday","10 am–8 pm"
"0x30e29a0a0406aacb:0xb84a63f1f1573df5","Tuesday","10 am–8 pm"
"0x30e29e2bf756652f:0x989b75cd1fe5055b","Wednesday","9 am–8 pm"
"0x30e29e2bf756652f:0x989b75cd1fe5055b","Thursday","9 am–8 pm"
"0x30e29e2bf756652f:0x989b75cd1fe5055b","Friday","9 am–8 pm"
"0x30e29e2bf756652f:0x989b75cd1fe5055b","Saturday","9 am–8 pm"
"0x30e29e2bf756652f:0x989b75cd1fe5055b","Sunday","9 am–8 pm"
"0x30e29e2bf756652f:0x989b75cd1fe5055b","Monday","9 am–8 pm"
"0x30e29e2bf756652f:0x989b75cd1fe5055b","Tuesday","9 am–8 pm"
"0x30e2bd4e90a2bd7b:0x11e8753d85a6d2cd","Wednesday","9 am–8 pm"
"0x30e2bd4e90a2bd7b:0x11e8753d85a6d2cd","Thursday","9 am–8 pm"
"0x30e2bd4e90a2bd7b:0x11e8753d85a6d2cd","Friday","9 am–8 pm"
"0x30e2bd4e90a2bd7b:0x11e8753d85a6d2cd","Saturday","9 am–8 pm"
"0x30e2bd4e90a2bd7b:0x11e8753d85a6d2cd","Sunday","9 am–8 pm"
"0x30e2bd4e90a2bd7b:0x11e8753d85a6d2cd","Monday","9 am–8 pm"
"0x30e2bd4e90a2bd7b:0x11e8753d85a6d2cd","Tuesday","9 am–8 pm"
"0x30e29b5e901376e5:0x7010b8b3ba4b4172","Wednesday","8 am–4:30 pm"
"0x30e29b5e901376e5:0x7010b8b3ba4b4172","Friday","8 am–4:30 pm"
"0x30e29b5e901376e5:0x7010b8b3ba4b4172","Saturday","8:30 am–4:30 pm"
"0x30e29b5e901376e5:0x7010b8b3ba4b4172","Sunday","8:30 am–4:30 pm"
"0x30e29b5e901376e5:0x7010b8b3ba4b4172","Monday","8 am–4:30 pm"
"0x30e29b5e901376e5:0x7010b8b3ba4b4172","Tuesday","8 am–4:30 pm"
"0x30e29b6dbe28f489:0xab87d16af58a2541","Wednesday","10 am–8 pm"
"0x30e29b6dbe28f489:0xab87d16af58a2541","Thursday","10 am–8 pm"
"0x30e29b6dbe28f489:0xab87d16af58a2541","Friday","10 am–8 pm"
"0x30e29b6dbe28f489:0xab87d16af58a2541","Saturday","10 am–8 pm"
"0x30e29b6dbe28f489:0xab87d16af58a2541","Sunday","10 am–8 pm"
"0x30e29b6dbe28f489:0xab87d16af58a2541","Monday","10 am–8 pm"
"0x30e29b6dbe28f489:0xab87d16af58a2541","Tuesday","10 am–8 pm"
"0x30e29e6cd59e6233:0x1bf7b2d7a665e0ec","Wednesday","8 am–7 pm"
"0x30e29e6cd59e6233:0x1bf7b2d7a665e0ec","Thursday","8 am–7 pm"
"0x30e29e6cd59e6233:0x1bf7b2d7a665e0ec","Friday","8 am–7 pm"
"0x30e29e6cd59e6233:0x1bf7b2d7a665e0ec","Saturday","8 am–7 pm"
"0x30e29e6cd59e6233:0x1bf7b2d7a665e0ec","Sunday","8 am–7 pm"
"0x30e29e6cd59e6233:0x1bf7b2d7a665e0ec","Monday","8 am–7 pm"
"0x30e29e6cd59e6233:0x1bf7b2d7a665e0ec","Tuesday","8 am–7 pm"
"0x311d61844401bd29:0xf010ece20053ebaf","Wednesday","10 am–6 pm"
"0x311d61844401bd29:0xf010ece20053ebaf","Thursday","Closed"
"0x311d61844401bd29:0xf010ece20053ebaf","Friday","10 am–6 pm"
"0x311d61844401bd29:0xf010ece20053ebaf","Saturday","10 am–6 pm"
"0x311d61844401bd29:0xf010ece20053ebaf","Sunday","10 am–6 pm"
"0x311d61844401bd29:0xf010ece20053ebaf","Monday","10 am–6 pm"
"0x311d61844401bd29:0xf010ece20053ebaf","Tuesday","10 am–12 pm"
"0x30e2973cb48e6211:0xdf226fa0b1e84783","Wednesday","10:30 am–8:30 pm"
"0x30e2973cb48e6211:0xdf226fa0b1e84783","Thursday","10:30 am–8:30 pm"
"0x30e2973cb48e6211:0xdf226fa0b1e84783","Friday","10:30 am–8:30 pm"
"0x30e2973cb48e6211:0xdf226fa0b1e84783","Saturday","10:30 am–8:30 pm"
"0x30e2973cb48e6211:0xdf226fa0b1e84783","Sunday","10:30 am–8:30 pm"
"0x30e2973cb48e6211:0xdf226fa0b1e84783","Monday","10:30 am–8:30 pm"
"0x30e2973cb48e6211:0xdf226fa0b1e84783","Tuesday","10:30 am–8:30 pm"
"0x30e29df94a5a16d7:0x6d378892636b6297","Wednesday","10 am–12 am"
"0x30e29df94a5a16d7:0x6d378892636b6297","Thursday","12–8 am10 am–8 pm"
"0x30e29df94a5a16d7:0x6d378892636b6297","Friday","Closed"
"0x30e29df94a5a16d7:0x6d378892636b6297","Saturday","10 am–6 pm"
"0x30e29df94a5a16d7:0x6d378892636b6297","Sunday","10 am–6 pm"
"0x30e29df94a5a16d7:0x6d378892636b6297","Monday","10 am–8 pm"
"0x30e29df94a5a16d7:0x6d378892636b6297","Tuesday","10 am–8 pm"
"0x30e2a343ee4fe90b:0xaa76257a4b9054f5","Wednesday","11 am–8 pm"
"0x30e2a343ee4fe90b:0xaa76257a4b9054f5","Thursday","11 am–8 pm"
"0x30e2a343ee4fe90b:0xaa76257a4b9054f5","Friday","11 am–8 pm"
"0x30e2a343ee4fe90b:0xaa76257a4b9054f5","Saturday","11 am–8 pm"
"0x30e2a343ee4fe90b:0xaa76257a4b9054f5","Sunday","11 am–8 pm"
"0x30e2a343ee4fe90b:0xaa76257a4b9054f5","Monday","11 am–8 pm"
"0x30e2a343ee4fe90b:0xaa76257a4b9054f5","Tuesday","11 am–8 pm"
"0x30e2a50045b86719:0x3dd198b19a7ebdb4","Wednesday","10 am–8 pm"
"0x30e2a50045b86719:0x3dd198b19a7ebdb4","Thursday","10 am–8 pm"
"0x30e2a50045b86719:0x3dd198b19a7ebdb4","Friday","10 am–8 pm"
"0x30e2a50045b86719:0x3dd198b19a7ebdb4","Saturday","10 am–8 pm"
"0x30e2a50045b86719:0x3dd198b19a7ebdb4","Sunday","10 am–8 pm"
"0x30e2a50045b86719:0x3dd198b19a7ebdb4","Monday","10 am–8 pm"
"0x30e2a50045b86719:0x3dd198b19a7ebdb4","Tuesday","10 am–8 pm"
"0x30e297c663946945:0x90d3409e0935e99d","Wednesday","11 am–7:30 pm"
"0x30e297c663946945:0x90d3409e0935e99d","Thursday","11:30 am–7:30 pm"
"0x30e297c663946945:0x90d3409e0935e99d","Friday","11 am–7:30 pm"
"0x30e297c663946945:0x90d3409e0935e99d","Saturday","10 am–7:30 pm"
"0x30e297c663946945:0x90d3409e0935e99d","Sunday","10 am–7:30 pm"
"0x30e297c663946945:0x90d3409e0935e99d","Monday","11 am–7:30 pm"
"0x30e297c663946945:0x90d3409e0935e99d","Tuesday","11 am–7:30 pm"
"0x30e2a14645b8d4b1:0x8bcdb869a1ec587d","Wednesday","10 am–8 pm"
"0x30e2a14645b8d4b1:0x8bcdb869a1ec587d","Thursday","10 am–8 pm"
"0x30e2a14645b8d4b1:0x8bcdb869a1ec587d","Friday","10 am–8 pm"
"0x30e2a14645b8d4b1:0x8bcdb869a1ec587d","Saturday","10 am–8 pm"
"0x30e2a14645b8d4b1:0x8bcdb869a1ec587d","Sunday","10 am–8 pm"
"0x30e2a14645b8d4b1:0x8bcdb869a1ec587d","Monday","10 am–8 pm"
"0x30e2a14645b8d4b1:0x8bcdb869a1ec587d","Tuesday","10 am–8 pm"
"0x311d602a91edfac5:0x567a79420483016a","Wednesday","9 am–7 pm"
"0x311d602a91edfac5:0x567a79420483016a","Thursday","9 am–7 pm"
"0x311d602a91edfac5:0x567a79420483016a","Friday","9 am–7 pm"
"0x311d602a91edfac5:0x567a79420483016a","Saturday","9 am–7 pm"
"0x311d602a91edfac5:0x567a79420483016a","Sunday","Closed"
"0x311d602a91edfac5:0x567a79420483016a","Monday","9 am–7 pm"
"0x311d602a91edfac5:0x567a79420483016a","Tuesday","9 am–7 pm"
"0x30e29d007e220c05:0x44d2c9f9d180140a","Wednesday","11 am–8 pm"
"0x30e29d007e220c05:0x44d2c9f9d180140a","Thursday","11 am–8 pm"
"0x30e29d007e220c05:0x44d2c9f9d180140a","Friday","11 am–8 pm"
"0x30e29d007e220c05:0x44d2c9f9d180140a","Saturday","11 am–8 pm"
"0x30e29d007e220c05:0x44d2c9f9d180140a","Sunday","11 am–8 pm"
"0x30e29d007e220c05:0x44d2c9f9d180140a","Monday","11 am–8 pm"
"0x30e29d007e220c05:0x44d2c9f9d180140a","Tuesday","11 am–8 pm"
"0x311d615f96490927:0xc4eec8f4b1ba340","Wednesday","10 am–7:30 pm"
"0x311d615f96490927:0xc4eec8f4b1ba340","Thursday","10 am–7:30 pm"
"0x311d615f96490927:0xc4eec8f4b1ba340","Friday","10 am–7:30 pm"
"0x311d615f96490927:0xc4eec8f4b1ba340","Saturday","10 am–6 pm"
"0x311d615f96490927:0xc4eec8f4b1ba340","Sunday","10 am–6 pm"
"0x311d615f96490927:0xc4eec8f4b1ba340","Monday","10 am–7:30 pm"
"0x311d615f96490927:0xc4eec8f4b1ba340","Tuesday","10 am–7:30 pm"
"0x30e29f0280257831:0x612aaea4502f007f","Wednesday","10 am–5 pm"
"0x30e29f0280257831:0x612aaea4502f007f","Thursday","10 am–5 pm"
"0x30e29f0280257831:0x612aaea4502f007f","Friday","10 am–5 pm"
"0x30e29f0280257831:0x612aaea4502f007f","Saturday","10 am–5 pm"
"0x30e29f0280257831:0x612aaea4502f007f","Sunday","Closed"
"0x30e29f0280257831:0x612aaea4502f007f","Monday","10 am–5 pm"
"0x30e29f0280257831:0x612aaea4502f007f","Tuesday","10 am–5 pm"
"0x30e29d0037b3fc4f:0x2a5e4b877cbd05fe","Wednesday","10 am–7 pm"
"0x30e29d0037b3fc4f:0x2a5e4b877cbd05fe","Thursday","10 am–7 pm"
"0x30e29d0037b3fc4f:0x2a5e4b877cbd05fe","Friday","10 am–7 pm"
"0x30e29d0037b3fc4f:0x2a5e4b877cbd05fe","Saturday","10 am–7 pm"
"0x30e29d0037b3fc4f:0x2a5e4b877cbd05fe","Sunday","10 am–7 pm"
"0x30e29d0037b3fc4f:0x2a5e4b877cbd05fe","Monday","10 am–7 pm"
"0x30e29d0037b3fc4f:0x2a5e4b877cbd05fe","Tuesday","10 am–7 pm"
"0x311d61d26c3b46dd:0xe1149853059fbe5f","Wednesday","10 am–8:30 pm"
"0x311d61d26c3b46dd:0xe1149853059fbe5f","Thursday","10 am–8:30 pm"
"0x311d61d26c3b46dd:0xe1149853059fbe5f","Friday","10 am–8:30 pm"
"0x311d61d26c3b46dd:0xe1149853059fbe5f","Saturday","10 am–8:30 pm"
"0x311d61d26c3b46dd:0xe1149853059fbe5f","Sunday","10 am–8:30 pm"
"0x311d61d26c3b46dd:0xe1149853059fbe5f","Monday","10 am–8:30 pm"
"0x311d61d26c3b46dd:0xe1149853059fbe5f","Tuesday","10 am–8:30 pm"
"0x311d610df97fdaf9:0xf4c0da27624159fa","Wednesday","11 am–8 pm"
"0x311d610df97fdaf9:0xf4c0da27624159fa","Thursday","11 am–8 pm"
"0x311d610df97fdaf9:0xf4c0da27624159fa","Friday","11 am–8 pm"
"0x311d610df97fdaf9:0xf4c0da27624159fa","Saturday","11 am–8 pm"
"0x311d610df97fdaf9:0xf4c0da27624159fa","Sunday","11 am–8 pm"
"0x311d610df97fdaf9:0xf4c0da27624159fa","Monday","11 am–8 pm"
"0x311d610df97fdaf9:0xf4c0da27624159fa","Tuesday","11 am–8 pm"
"0x311d61f357b5271f:0xcfe7d5d8dfa4bf6e","Wednesday","Closed"
"0x311d61f357b5271f:0xcfe7d5d8dfa4bf6e","Thursday","10 am–7 pm"
"0x311d61f357b5271f:0xcfe7d5d8dfa4bf6e","Friday","10 am–7 pm"
"0x311d61f357b5271f:0xcfe7d5d8dfa4bf6e","Saturday","10 am–5 pm"
"0x311d61f357b5271f:0xcfe7d5d8dfa4bf6e","Sunday","10 am–5 pm"
"0x311d61f357b5271f:0xcfe7d5d8dfa4bf6e","Monday","10 am–7 pm"
"0x311d61f357b5271f:0xcfe7d5d8dfa4bf6e","Tuesday","10 am–7 pm"
"0x30e2859cc6503f03:0x552d759ad2a5e4a","Wednesday","9 am–8 pm"
"0x30e2859cc6503f03:0x552d759ad2a5e4a","Thursday","9 am–8 pm"
"0x30e2859cc6503f03:0x552d759ad2a5e4a","Friday","9 am–8 pm"
"0x30e2859cc6503f03:0x552d759ad2a5e4a","Saturday","9 am–8 pm"
"0x30e2859cc6503f03:0x552d759ad2a5e4a","Sunday","9 am–8 pm"
"0x30e2859cc6503f03:0x552d759ad2a5e4a","Monday","9 am–8 pm"
"0x30e2859cc6503f03:0x552d759ad2a5e4a","Tuesday","9 am–8 pm"
"0x30e297c5cfc3e753:0x58ccc7de930d0124","Wednesday","10 am–9 pm"
"0x30e297c5cfc3e753:0x58ccc7de930d0124","Thursday","10 am–9 pm"
"0x30e297c5cfc3e753:0x58ccc7de930d0124","Friday","10 am–9 pm"
"0x30e297c5cfc3e753:0x58ccc7de930d0124","Saturday","10 am–9 pm"
"0x30e297c5cfc3e753:0x58ccc7de930d0124","Sunday","10 am–9 pm"
"0x30e297c5cfc3e753:0x58ccc7de930d0124","Monday","10 am–9 pm"
"0x30e297c5cfc3e753:0x58ccc7de930d0124","Tuesday","10 am–9 pm"
"0x30e29d83722187c9:0xd34132d2de7958b8","Wednesday","10 am–8 pm"
"0x30e29d83722187c9:0xd34132d2de7958b8","Thursday","10 am–8 pm"
"0x30e29d83722187c9:0xd34132d2de7958b8","Friday","10 am–8 pm"
"0x30e29d83722187c9:0xd34132d2de7958b8","Saturday","10 am–8 pm"
"0x30e29d83722187c9:0xd34132d2de7958b8","Sunday","10 am–8 pm"
"0x30e29d83722187c9:0xd34132d2de7958b8","Monday","10 am–8 pm"
"0x30e29d83722187c9:0xd34132d2de7958b8","Tuesday","10 am–8 pm"
"0x311d61cecc1cda2b:0x9ff92a2bd245f7ea","Wednesday","8 am–10 pm"
"0x311d61cecc1cda2b:0x9ff92a2bd245f7ea","Thursday","8 am–10 pm"
"0x311d61cecc1cda2b:0x9ff92a2bd245f7ea","Friday","8 am–10 pm"
"0x311d61cecc1cda2b:0x9ff92a2bd245f7ea","Saturday","8 am–10 pm"
"0x311d61cecc1cda2b:0x9ff92a2bd245f7ea","Sunday","8 am–10 pm"
"0x311d61cecc1cda2b:0x9ff92a2bd245f7ea","Monday","8 am–10 pm"
"0x311d61cecc1cda2b:0x9ff92a2bd245f7ea","Tuesday","8 am–10 pm"
"0x30e29e1d9491a87b:0xd049ac536484bd23","Wednesday","Closed"
"0x30e29e1d9491a87b:0xd049ac536484bd23","Thursday","5–8 PM"
"0x30e29e1d9491a87b:0xd049ac536484bd23","Friday","5–8 PM"
"0x30e29e1d9491a87b:0xd049ac536484bd23","Saturday","9:30 AM–12 PM"
"0x30e29e1d9491a87b:0xd049ac536484bd23","Sunday","9:30 AM–12 PM"
"0x30e29e1d9491a87b:0xd049ac536484bd23","Monday","5–8 PM"
"0x30e29e1d9491a87b:0xd049ac536484bd23","Tuesday","5–8 PM"
"0x43361f271b228ecf:0x417690b6b9ffd654","Wednesday","10 am–8 pm"
"0x43361f271b228ecf:0x417690b6b9ffd654","Thursday","10 am–8 pm"
"0x43361f271b228ecf:0x417690b6b9ffd654","Friday","10 am–8 pm"
"0x43361f271b228ecf:0x417690b6b9ffd654","Saturday","10 am–8 pm"
"0x43361f271b228ecf:0x417690b6b9ffd654","Sunday","10 am–8 pm"
"0x43361f271b228ecf:0x417690b6b9ffd654","Monday","10 am–8 pm"
"0x43361f271b228ecf:0x417690b6b9ffd654","Tuesday","10 am–8 pm"
"0x30e29862408d780d:0x7dcdbe7b0fa2ab4e","Wednesday","Closed"
"0x30e29862408d780d:0x7dcdbe7b0fa2ab4e","Thursday","9 am–5 pm"
"0x30e29862408d780d:0x7dcdbe7b0fa2ab4e","Friday","9 am–5 pm"
"0x30e29862408d780d:0x7dcdbe7b0fa2ab4e","Saturday","9 am–5 pm"
"0x30e29862408d780d:0x7dcdbe7b0fa2ab4e","Sunday","9 am–5 pm"
"0x30e29862408d780d:0x7dcdbe7b0fa2ab4e","Monday","9 am–5 pm"
"0x30e29862408d780d:0x7dcdbe7b0fa2ab4e","Tuesday","9 am–5 pm"
"0x30e29f8bd4107e0b:0x45458aed3fae74f7","Wednesday","10 am–8 pm"
"0x30e29f8bd4107e0b:0x45458aed3fae74f7","Thursday","10 am–8 pm"
"0x30e29f8bd4107e0b:0x45458aed3fae74f7","Friday","10 am–8 pm"
"0x30e29f8bd4107e0b:0x45458aed3fae74f7","Saturday","10 am–8 pm"
"0x30e29f8bd4107e0b:0x45458aed3fae74f7","Sunday","10 am–8 pm"
"0x30e29f8bd4107e0b:0x45458aed3fae74f7","Monday","10 am–8 pm"
"0x30e29f8bd4107e0b:0x45458aed3fae74f7","Tuesday","10 am–8 pm"
"0x311d599f3dae8117:0x7ea9d04fe2749203","Wednesday","11 am–8 pm"
"0x311d599f3dae8117:0x7ea9d04fe2749203","Thursday","11 am–8 pm"
"0x311d599f3dae8117:0x7ea9d04fe2749203","Friday","11 am–8 pm"
"0x311d599f3dae8117:0x7ea9d04fe2749203","Saturday","11 am–8 pm"
"0x311d599f3dae8117:0x7ea9d04fe2749203","Sunday","11 am–8 pm"
"0x311d599f3dae8117:0x7ea9d04fe2749203","Monday","11 am–8 pm"
"0x311d599f3dae8117:0x7ea9d04fe2749203","Tuesday","11 am–8 pm"
"0x30e29df8d1d326b1:0x227516bebf149ac3","Wednesday","10 am–5 pm"
"0x30e29df8d1d326b1:0x227516bebf149ac3","Thursday","10 am–5 pm"
"0x30e29df8d1d326b1:0x227516bebf149ac3","Friday","10 am–5 pm"
"0x30e29df8d1d326b1:0x227516bebf149ac3","Saturday","10 am–5 pm"
"0x30e29df8d1d326b1:0x227516bebf149ac3","Sunday","10 am–5 pm"
"0x30e29df8d1d326b1:0x227516bebf149ac3","Monday","10 am–5 pm"
"0x30e29df8d1d326b1:0x227516bebf149ac3","Tuesday","10 am–5 pm"
"0x30e29a2027fa0bfb:0x1dac9e997580d4f1","Wednesday","4–7 PM"
"0x30e29a2027fa0bfb:0x1dac9e997580d4f1","Thursday","4–7 PM"
"0x30e29a2027fa0bfb:0x1dac9e997580d4f1","Friday","4–7 PM"
"0x30e29a2027fa0bfb:0x1dac9e997580d4f1","Saturday","10 AM–7 PM"
"0x30e29a2027fa0bfb:0x1dac9e997580d4f1","Sunday","10 AM–7 PM"
"0x30e29a2027fa0bfb:0x1dac9e997580d4f1","Monday","4–7 PM"
"0x30e29a2027fa0bfb:0x1dac9e997580d4f1","Tuesday","4–7 PM"
"0x30e299fb2594ffab:0x33e805f3020fe87","Wednesday","11 am–8 pm"
"0x30e299fb2594ffab:0x33e805f3020fe87","Thursday","11 am–8 pm"
"0x30e299fb2594ffab:0x33e805f3020fe87","Friday","11 am–8 pm"
"0x30e299fb2594ffab:0x33e805f3020fe87","Saturday","10:30 am–8 pm"
"0x30e299fb2594ffab:0x33e805f3020fe87","Sunday","10:30 am–8 pm"
"0x30e299fb2594ffab:0x33e805f3020fe87","Monday","11 am–8 pm"
"0x30e299fb2594ffab:0x33e805f3020fe87","Tuesday","11 am–8 pm"
"0x30e29b003d6b298d:0xeadce18a41ca45dd","Wednesday","10 AM–8 PM"
"0x30e29b003d6b298d:0xeadce18a41ca45dd","Thursday","10 AM–8 PM"
"0x30e29b003d6b298d:0xeadce18a41ca45dd","Friday","10 AM–8 PM"
"0x30e29b003d6b298d:0xeadce18a41ca45dd","Saturday","10 AM–8 PM"
"0x30e29b003d6b298d:0xeadce18a41ca45dd","Sunday","10 AM–8 PM"
"0x30e29b003d6b298d:0xeadce18a41ca45dd","Monday","10 AM–8 PM"
"0x30e29b003d6b298d:0xeadce18a41ca45dd","Tuesday","10 AM–8 PM"
"0x30e2bda83fdb0365:0x2702a871e5b2516d","Wednesday","10:30 AM–7:30 PM"
"0x30e2bda83fdb0365:0x2702a871e5b2516d","Thursday","10:30 AM–7:30 PM"
"0x30e2bda83fdb0365:0x2702a871e5b2516d","Friday","10:30 AM–7:30 PM"
"0x30e2bda83fdb0365:0x2702a871e5b2516d","Saturday","10:30 AM–7:30 PM"
"0x30e2bda83fdb0365:0x2702a871e5b2516d","Sunday","10:30 AM–7:30 PM"
"0x30e2bda83fdb0365:0x2702a871e5b2516d","Monday","10:30 AM–7:30 PM"
"0x30e2bda83fdb0365:0x2702a871e5b2516d","Tuesday","10:30 AM–7:30 PM"
"0x30e29e522fb6ab3f:0x744b76d9e53d43f9","Wednesday","Closed"
"0x30e29e522fb6ab3f:0x744b76d9e53d43f9","Thursday","10 am–8 pm"
"0x30e29e522fb6ab3f:0x744b76d9e53d43f9","Friday","10 am–8 pm"
"0x30e29e522fb6ab3f:0x744b76d9e53d43f9","Saturday","10 am–8 pm"
"0x30e29e522fb6ab3f:0x744b76d9e53d43f9","Sunday","10 am–8 pm"
"0x30e29e522fb6ab3f:0x744b76d9e53d43f9","Monday","10 am–8 pm"
"0x30e29e522fb6ab3f:0x744b76d9e53d43f9","Tuesday","10 am–8 pm"
"0x311d637dbc250711:0x7c804f92275e0d55","Wednesday","10 am–8 pm"
"0x311d637dbc250711:0x7c804f92275e0d55","Thursday","10 am–8 pm"
"0x311d637dbc250711:0x7c804f92275e0d55","Friday","10 am–8 pm"
"0x311d637dbc250711:0x7c804f92275e0d55","Saturday","10 am–8 pm"
"0x311d637dbc250711:0x7c804f92275e0d55","Sunday","10 am–8 pm"
"0x311d637dbc250711:0x7c804f92275e0d55","Monday","10 am–8 pm"
"0x311d637dbc250711:0x7c804f92275e0d55","Tuesday","10 am–8 pm"
"0x30e291883def550f:0xeb17078727cb55b2","Wednesday","10 am–8 pm"
"0x30e291883def550f:0xeb17078727cb55b2","Thursday","10 am–8 pm"
"0x30e291883def550f:0xeb17078727cb55b2","Friday","10 am–8 pm"
"0x30e291883def550f:0xeb17078727cb55b2","Saturday","10 am–8 pm"
"0x30e291883def550f:0xeb17078727cb55b2","Sunday","10 am–8 pm"
"0x30e291883def550f:0xeb17078727cb55b2","Monday","10 am–8 pm"
"0x30e291883def550f:0xeb17078727cb55b2","Tuesday","10 am–8 pm"
"0x30e29a9af925211f:0xeef895e668dc1f6f","Wednesday","9:30 am–7:30 pm"
"0x30e29a9af925211f:0xeef895e668dc1f6f","Thursday","9:30 am–7:30 pm"
"0x30e29a9af925211f:0xeef895e668dc1f6f","Friday","9:30 am–7:30 pm"
"0x30e29a9af925211f:0xeef895e668dc1f6f","Saturday","9 am–7 pm"
"0x30e29a9af925211f:0xeef895e668dc1f6f","Sunday","9 am–6 pm"
"0x30e29a9af925211f:0xeef895e668dc1f6f","Monday","9:30 am–7:30 pm"
"0x30e29a9af925211f:0xeef895e668dc1f6f","Tuesday","9:30 am–7:30 pm"
"0x30e29ec63692a97b:0x22a9c5591b9929ce","Wednesday","10 am–9 pm"
"0x30e29ec63692a97b:0x22a9c5591b9929ce","Thursday","10 am–9 pm"
"0x30e29ec63692a97b:0x22a9c5591b9929ce","Friday","10 am–9 pm"
"0x30e29ec63692a97b:0x22a9c5591b9929ce","Saturday","10 am–9 pm"
"0x30e29ec63692a97b:0x22a9c5591b9929ce","Sunday","10 am–8 pm"
"0x30e29ec63692a97b:0x22a9c5591b9929ce","Monday","10 am–9 pm"
"0x30e29ec63692a97b:0x22a9c5591b9929ce","Tuesday","10 am–9 pm"
"0x30e29f00035920a1:0x1051fdd454159a82","Wednesday","10 am–8 pm"
"0x30e29f00035920a1:0x1051fdd454159a82","Thursday","10 am–8 pm"
"0x30e29f00035920a1:0x1051fdd454159a82","Friday","10 am–8 pm"
"0x30e29f00035920a1:0x1051fdd454159a82","Saturday","10 am–8 pm"
"0x30e29f00035920a1:0x1051fdd454159a82","Sunday","10 am–8 pm"
"0x30e29f00035920a1:0x1051fdd454159a82","Monday","10 am–8 pm"
"0x30e29f00035920a1:0x1051fdd454159a82","Tuesday","10 am–8 pm"
"0x30e29f2cbf728e87:0x82a2f0423e869039","Wednesday","9 am–5 pm"
"0x30e29f2cbf728e87:0x82a2f0423e869039","Thursday","9 am–5 pm"
"0x30e29f2cbf728e87:0x82a2f0423e869039","Friday","9 am–5 pm"
"0x30e29f2cbf728e87:0x82a2f0423e869039","Saturday","9 am–12 pm"
"0x30e29f2cbf728e87:0x82a2f0423e869039","Sunday","Closed"
"0x30e29f2cbf728e87:0x82a2f0423e869039","Monday","9 am–5 pm"
"0x30e29f2cbf728e87:0x82a2f0423e869039","Tuesday","9 am–5 pm"
"0x30e29eb0a13b825d:0x86863a4777da841e","Wednesday","10 AM–8 PM"
"0x30e29eb0a13b825d:0x86863a4777da841e","Thursday","10 AM–8 PM"
"0x30e29eb0a13b825d:0x86863a4777da841e","Friday","10 AM–8 PM"
"0x30e29eb0a13b825d:0x86863a4777da841e","Saturday","10 AM–8 PM"
"0x30e29eb0a13b825d:0x86863a4777da841e","Sunday","10 AM–8 PM"
"0x30e29eb0a13b825d:0x86863a4777da841e","Monday","10 AM–8 PM"
"0x30e29eb0a13b825d:0x86863a4777da841e","Tuesday","10 AM–8 PM"
"0x30e29f2c1da62ab3:0x135ce9a6eac08323","Wednesday","10 AM–8 PM"
"0x30e29f2c1da62ab3:0x135ce9a6eac08323","Thursday","10 AM–8 PM"
"0x30e29f2c1da62ab3:0x135ce9a6eac08323","Friday","10 AM–8 PM"
"0x30e29f2c1da62ab3:0x135ce9a6eac08323","Saturday","10 AM–8 PM"
"0x30e29f2c1da62ab3:0x135ce9a6eac08323","Sunday","10 AM–8 PM"
"0x30e29f2c1da62ab3:0x135ce9a6eac08323","Monday","10 AM–8 PM"
"0x30e29f2c1da62ab3:0x135ce9a6eac08323","Tuesday","10 AM–8 PM"
"0x30e29ff4b8dee849:0xe49ac9f1316a6813","Wednesday","11 am–8 pm"
"0x30e29ff4b8dee849:0xe49ac9f1316a6813","Thursday","11 am–8 pm"
"0x30e29ff4b8dee849:0xe49ac9f1316a6813","Friday","11 am–8 pm"
"0x30e29ff4b8dee849:0xe49ac9f1316a6813","Saturday","11 am–8 pm"
"0x30e29ff4b8dee849:0xe49ac9f1316a6813","Sunday","11 am–8 pm"
"0x30e29ff4b8dee849:0xe49ac9f1316a6813","Monday","11 am–8 pm"
"0x30e29ff4b8dee849:0xe49ac9f1316a6813","Tuesday","11 am–8 pm"
"0x30e29fc83149961d:0x66375e099d44296b","Wednesday","11 am–8 pm"
"0x30e29fc83149961d:0x66375e099d44296b","Thursday","11 am–8 pm"
"0x30e29fc83149961d:0x66375e099d44296b","Friday","11 am–8 pm"
"0x30e29fc83149961d:0x66375e099d44296b","Saturday","11 am–8 pm"
"0x30e29fc83149961d:0x66375e099d44296b","Sunday","11 am–8 pm"
"0x30e29fc83149961d:0x66375e099d44296b","Monday","11 am–8 pm"
"0x30e29fc83149961d:0x66375e099d44296b","Tuesday","11 am–8 pm"
"0x30e29fab4419b623:0x56f76de0d2b3db47","Wednesday","10 am–8 pm"
"0x30e29fab4419b623:0x56f76de0d2b3db47","Thursday","10 am–8 pm"
"0x30e29fab4419b623:0x56f76de0d2b3db47","Friday","10 am–8 pm"
"0x30e29fab4419b623:0x56f76de0d2b3db47","Saturday","10 am–8 pm"
"0x30e29fab4419b623:0x56f76de0d2b3db47","Sunday","10 am–8 pm"
"0x30e29fab4419b623:0x56f76de0d2b3db47","Monday","10 am–8 pm"
"0x30e29fab4419b623:0x56f76de0d2b3db47","Tuesday","10 am–8 pm"
"0x30e29eb120b8d9d5:0x14151193c4086ccf","Wednesday","10 am–8 pm"
"0x30e29eb120b8d9d5:0x14151193c4086ccf","Thursday","10 am–8 pm"
"0x30e29eb120b8d9d5:0x14151193c4086ccf","Friday","10 am–8 pm"
"0x30e29eb120b8d9d5:0x14151193c4086ccf","Saturday","10 am–8 pm"
"0x30e29eb120b8d9d5:0x14151193c4086ccf","Sunday","10 am–8 pm"
"0x30e29eb120b8d9d5:0x14151193c4086ccf","Monday","10 am–8 pm"
"0x30e29eb120b8d9d5:0x14151193c4086ccf","Tuesday","10 am–8 pm"
"0x30e2994c8ade31d9:0x7e44a9d0e0165399","Wednesday","10 AM–8 PM"
"0x30e2994c8ade31d9:0x7e44a9d0e0165399","Thursday","10 AM–8 PM"
"0x30e2994c8ade31d9:0x7e44a9d0e0165399","Friday","10 AM–8 PM"
"0x30e2994c8ade31d9:0x7e44a9d0e0165399","Saturday","10 AM–4 PM"
"0x30e2994c8ade31d9:0x7e44a9d0e0165399","Sunday","10 AM–2 PM"
"0x30e2994c8ade31d9:0x7e44a9d0e0165399","Monday","10 AM–8 PM"
"0x30e2994c8ade31d9:0x7e44a9d0e0165399","Tuesday","10 AM–8 PM"
"0x30e29f0bfa33a897:0x95329a015ce39721","Wednesday","9 am–8 pm"
"0x30e29f0bfa33a897:0x95329a015ce39721","Thursday","9 am–8 pm"
"0x30e29f0bfa33a897:0x95329a015ce39721","Friday","9 am–8 pm"
"0x30e29f0bfa33a897:0x95329a015ce39721","Saturday","9 am–8 pm"
"0x30e29f0bfa33a897:0x95329a015ce39721","Sunday","9 am–6 pm"
"0x30e29f0bfa33a897:0x95329a015ce39721","Monday","9 am–8 pm"
"0x30e29f0bfa33a897:0x95329a015ce39721","Tuesday","9 am–8 pm"
"0x30e2994c5238008f:0xa2d30f79ce6a4220","Wednesday","8:30 am–5 pm"
"0x30e2994c5238008f:0xa2d30f79ce6a4220","Thursday","8:30 am–5 pm"
"0x30e2994c5238008f:0xa2d30f79ce6a4220","Friday","8:30 am–5 pm"
"0x30e2994c5238008f:0xa2d30f79ce6a4220","Saturday","8:30 am–5 pm"
"0x30e2994c5238008f:0xa2d30f79ce6a4220","Sunday","8:30 am–5 pm"
"0x30e2994c5238008f:0xa2d30f79ce6a4220","Monday","8:30 am–5 pm"
"0x30e2994c5238008f:0xa2d30f79ce6a4220","Tuesday","8:30 am–5 pm"
"0x30e29ef6f7a79945:0x15b0c644fc631423","Wednesday","9:30 am–6:30 pm"
"0x30e29ef6f7a79945:0x15b0c644fc631423","Thursday","9:30 am–6:30 pm"
"0x30e29ef6f7a79945:0x15b0c644fc631423","Friday","9:30 am–6:30 pm"
"0x30e29ef6f7a79945:0x15b0c644fc631423","Saturday","9:30 am–6:30 pm"
"0x30e29ef6f7a79945:0x15b0c644fc631423","Sunday","10 am–5 pm"
"0x30e29ef6f7a79945:0x15b0c644fc631423","Monday","9:30 am–6:30 pm"
"0x30e29ef6f7a79945:0x15b0c644fc631423","Tuesday","9:30 am–6:30 pm"
"0x30e29f4637c1b683:0xb71a9acab1bf5f4a","Wednesday","10 am–8 pm"
"0x30e29f4637c1b683:0xb71a9acab1bf5f4a","Thursday","10 am–8 pm"
"0x30e29f4637c1b683:0xb71a9acab1bf5f4a","Friday","10 am–8 pm"
"0x30e29f4637c1b683:0xb71a9acab1bf5f4a","Saturday","10 am–7 pm"
"0x30e29f4637c1b683:0xb71a9acab1bf5f4a","Sunday","10 am–7 pm"
"0x30e29f4637c1b683:0xb71a9acab1bf5f4a","Monday","10 am–8 pm"
"0x30e29f4637c1b683:0xb71a9acab1bf5f4a","Tuesday","10 am–8 pm"
"0x30e2a36bef75885b:0x65da8e8ac5430022","Wednesday","10 am–8 pm"
"0x30e2a36bef75885b:0x65da8e8ac5430022","Thursday","10 am–8 pm"
"0x30e2a36bef75885b:0x65da8e8ac5430022","Friday","10 am–8 pm"
"0x30e2a36bef75885b:0x65da8e8ac5430022","Saturday","10 am–8 pm"
"0x30e2a36bef75885b:0x65da8e8ac5430022","Sunday","10 am–8 pm"
"0x30e2a36bef75885b:0x65da8e8ac5430022","Monday","Closed"
"0x30e2a36bef75885b:0x65da8e8ac5430022","Tuesday","10 am–8 pm"
"0x30e29fea5260419f:0xf7537415589cac6b","Wednesday","6 am–12 am"
"0x30e29fea5260419f:0xf7537415589cac6b","Thursday","6 am–12 am"
"0x30e29fea5260419f:0xf7537415589cac6b","Friday","6 am–12 am"
"0x30e29fea5260419f:0xf7537415589cac6b","Saturday","6 am–12 am"
"0x30e29fea5260419f:0xf7537415589cac6b","Sunday","6 am–12 am"
"0x30e29fea5260419f:0xf7537415589cac6b","Monday","6 am–12 am"
"0x30e29fea5260419f:0xf7537415589cac6b","Tuesday","6 am–12 am"
"0x30e29d2742aa81af:0x33d7d6621bc28ae6","Wednesday","11 am–8 pm"
"0x30e29d2742aa81af:0x33d7d6621bc28ae6","Thursday","11 am–8 pm"
"0x30e29d2742aa81af:0x33d7d6621bc28ae6","Friday","11 am–8 pm"
"0x30e29d2742aa81af:0x33d7d6621bc28ae6","Saturday","11 am–8 pm"
"0x30e29d2742aa81af:0x33d7d6621bc28ae6","Sunday","11 am–8 pm"
"0x30e29d2742aa81af:0x33d7d6621bc28ae6","Monday","11 am–8 pm"
"0x30e29d2742aa81af:0x33d7d6621bc28ae6","Tuesday","11 am–8 pm"
"0x30e2a39be4b9980f:0xd21b46745003b5bf","Wednesday","10 am–8 pm"
"0x30e2a39be4b9980f:0xd21b46745003b5bf","Thursday","10 am–8 pm"
"0x30e2a39be4b9980f:0xd21b46745003b5bf","Friday","10 am–8 pm"
"0x30e2a39be4b9980f:0xd21b46745003b5bf","Saturday","10 am–8 pm"
"0x30e2a39be4b9980f:0xd21b46745003b5bf","Sunday","10 am–8 pm"
"0x30e2a39be4b9980f:0xd21b46745003b5bf","Monday","10 am–8 pm"
"0x30e2a39be4b9980f:0xd21b46745003b5bf","Tuesday","10 am–8 pm"
"0x30e2a3b3c24de721:0x170c96f16590ccf9","Wednesday","9:30 am–8 pm"
"0x30e2a3b3c24de721:0x170c96f16590ccf9","Thursday","9:30 am–8 pm"
"0x30e2a3b3c24de721:0x170c96f16590ccf9","Friday","9:30 am–8 pm"
"0x30e2a3b3c24de721:0x170c96f16590ccf9","Saturday","9:30 am–8 pm"
"0x30e2a3b3c24de721:0x170c96f16590ccf9","Sunday","9:30 am–8 pm"
"0x30e2a3b3c24de721:0x170c96f16590ccf9","Monday","9:30 am–8 pm"
"0x30e2a3b3c24de721:0x170c96f16590ccf9","Tuesday","9:30 am–8 pm"
"0x311d61f698551ce3:0x4ee7a325d27f42b0","Wednesday","9 am–8 pm"
"0x311d61f698551ce3:0x4ee7a325d27f42b0","Thursday","9 am–8 pm"
"0x311d61f698551ce3:0x4ee7a325d27f42b0","Friday","9 am–8 pm"
"0x311d61f698551ce3:0x4ee7a325d27f42b0","Saturday","9 am–8 pm"
"0x311d61f698551ce3:0x4ee7a325d27f42b0","Sunday","9 am–5 pm"
"0x311d61f698551ce3:0x4ee7a325d27f42b0","Monday","9 am–8 pm"
"0x311d61f698551ce3:0x4ee7a325d27f42b0","Tuesday","9 am–8 pm"
"0x30e29d086356f10d:0xbdd3d571be4b3b6c","Wednesday","10 am–8 pm"
"0x30e29d086356f10d:0xbdd3d571be4b3b6c","Thursday","10 am–8 pm"
"0x30e29d086356f10d:0xbdd3d571be4b3b6c","Friday","10 am–8 pm"
"0x30e29d086356f10d:0xbdd3d571be4b3b6c","Saturday","10 am–8 pm"
"0x30e29d086356f10d:0xbdd3d571be4b3b6c","Sunday","10 am–8 pm"
"0x30e29d086356f10d:0xbdd3d571be4b3b6c","Monday","10 am–8 pm"
"0x30e29d086356f10d:0xbdd3d571be4b3b6c","Tuesday","10 am–8 pm"
"0x30e29ca4d85ef89b:0xa54929473e9dbe87","Wednesday","10 am–8 pm"
"0x30e29ca4d85ef89b:0xa54929473e9dbe87","Thursday","10 am–8 pm"
"0x30e29ca4d85ef89b:0xa54929473e9dbe87","Friday","10 am–8 pm"
"0x30e29ca4d85ef89b:0xa54929473e9dbe87","Saturday","10 am–8 pm"
"0x30e29ca4d85ef89b:0xa54929473e9dbe87","Sunday","10 am–8 pm"
"0x311d61d3333483e3:0x48b05712ad23c821","Wednesday","5–8 pm"
"0x311d61d3333483e3:0x48b05712ad23c821","Thursday","3–8 pm"
"0x311d61d3333483e3:0x48b05712ad23c821","Saturday","10 am–8 pm"
"0x311d61d3333483e3:0x48b05712ad23c821","Sunday","10 am–8 pm"
"0x311d61d3333483e3:0x48b05712ad23c821","Monday","10 am–8 pm"
"0x311d61d3333483e3:0x48b05712ad23c821","Tuesday","10 am–8 pm"
"0x30e29a7c9406fd0b:0xad04d2547e09a85a","Wednesday","9 AM–8 PM"
"0x30e29a7c9406fd0b:0xad04d2547e09a85a","Thursday","9 AM–8 PM"
"0x30e29a7c9406fd0b:0xad04d2547e09a85a","Friday","9 AM–8 PM"
"0x30e29a7c9406fd0b:0xad04d2547e09a85a","Saturday","9 AM–8 PM"
"0x30e29a7c9406fd0b:0xad04d2547e09a85a","Sunday","9 AM–8 PM"
"0x30e29a7c9406fd0b:0xad04d2547e09a85a","Monday","9 AM–8 PM"
"0x30e29a7c9406fd0b:0xad04d2547e09a85a","Tuesday","9 AM–8 PM"
"0x30e29d004818c037:0xd2d62d3d51c86e9b","Wednesday","10 am–7:30 pm"
"0x30e29d004818c037:0xd2d62d3d51c86e9b","Thursday","10 am–7:30 pm"
"0x30e29d004818c037:0xd2d62d3d51c86e9b","Friday","10 am–7:30 pm"
"0x30e29d004818c037:0xd2d62d3d51c86e9b","Saturday","10 am–7:30 pm"
"0x30e29d004818c037:0xd2d62d3d51c86e9b","Sunday","10 am–7:30 pm"
"0x30e29d004818c037:0xd2d62d3d51c86e9b","Monday","10 am–7:30 pm"
"0x30e29d004818c037:0xd2d62d3d51c86e9b","Tuesday","10 am–7:30 pm"
"0x30e29c43f574a8f3:0x974b3cfe8ae83cae","Wednesday","9:30 am–8 pm"
"0x30e29c43f574a8f3:0x974b3cfe8ae83cae","Thursday","9:30 am–8 pm"
"0x30e29c43f574a8f3:0x974b3cfe8ae83cae","Friday","9:30 am–8 pm"
"0x30e29c43f574a8f3:0x974b3cfe8ae83cae","Saturday","9:30 am–8 pm"
"0x30e29c43f574a8f3:0x974b3cfe8ae83cae","Sunday","9:30 am–8 pm"
"0x30e29c43f574a8f3:0x974b3cfe8ae83cae","Monday","9:30 am–8 pm"
"0x30e29c43f574a8f3:0x974b3cfe8ae83cae","Tuesday","9:30 am–8 pm"
"0x30e290a7be0dc75b:0x4848e9a161a5317f","Wednesday","12–9 pm"
"0x30e290a7be0dc75b:0x4848e9a161a5317f","Thursday","12–9 pm"
"0x30e290a7be0dc75b:0x4848e9a161a5317f","Friday","12–9 pm"
"0x30e290a7be0dc75b:0x4848e9a161a5317f","Saturday","12–9 pm"
"0x30e290a7be0dc75b:0x4848e9a161a5317f","Sunday","12–9 pm"
"0x30e290a7be0dc75b:0x4848e9a161a5317f","Monday","12–9 pm"
"0x30e290a7be0dc75b:0x4848e9a161a5317f","Tuesday","12–9 pm"
"0x30e29b664461e717:0x9135751c850207f","Wednesday","10:30 am–8:30 pm"
"0x30e29b664461e717:0x9135751c850207f","Thursday","10:30 am–8:30 pm"
"0x30e29b664461e717:0x9135751c850207f","Friday","10:30 am–8:30 pm"
"0x30e29b664461e717:0x9135751c850207f","Saturday","10:30 am–8:30 pm"
"0x30e29b664461e717:0x9135751c850207f","Sunday","10:30 am–8:30 pm"
"0x30e29b664461e717:0x9135751c850207f","Monday","10:30 am–8:30 pm"
"0x30e29b664461e717:0x9135751c850207f","Tuesday","10:30 am–8:30 pm"
"0x30e2bd6b8e2bfda3:0x745f831962c0ccaf","Wednesday","10 am–7 pm"
"0x30e2bd6b8e2bfda3:0x745f831962c0ccaf","Thursday","10 am–7 pm"
"0x30e2bd6b8e2bfda3:0x745f831962c0ccaf","Friday","10 am–7 pm"
"0x30e2bd6b8e2bfda3:0x745f831962c0ccaf","Saturday","10 am–7 pm"
"0x30e2bd6b8e2bfda3:0x745f831962c0ccaf","Sunday","10 am–7 pm"
"0x30e2bd6b8e2bfda3:0x745f831962c0ccaf","Monday","Closed"
"0x30e2bd6b8e2bfda3:0x745f831962c0ccaf","Tuesday","10 am–7 pm"
"0x30e297f40bafe17d:0x645aa0d259a372e7","Thursday","10:30 am–8 pm"
"0x30e297f40bafe17d:0x645aa0d259a372e7","Friday","10:30 am–8 pm"
"0x30e297f40bafe17d:0x645aa0d259a372e7","Saturday","10 am–8 pm"
"0x30e297f40bafe17d:0x645aa0d259a372e7","Sunday","10 am–8 pm"
"0x30e297f40bafe17d:0x645aa0d259a372e7","Monday","10:30 am–8 pm"
"0x30e297f40bafe17d:0x645aa0d259a372e7","Tuesday","10:30 am–8 pm"
"0x30e297f40bafe17d:0x645aa0d259a372e7","Wednesday","10:30 am–8 pm"
"0x30e2a06b7106e98b:0x47c46306301b15bf","Thursday","11 am–3 pm"
"0x30e2a06b7106e98b:0x47c46306301b15bf","Friday","11 am–3 pm"
"0x30e2a06b7106e98b:0x47c46306301b15bf","Saturday","11 am–3 pm"
"0x30e2a06b7106e98b:0x47c46306301b15bf","Sunday","11 am–3 pm"
"0x30e2a06b7106e98b:0x47c46306301b15bf","Monday","11 am–3 pm"
"0x30e2a06b7106e98b:0x47c46306301b15bf","Tuesday","11 am–3 pm"
"0x30e2a06b7106e98b:0x47c46306301b15bf","Wednesday","11 am–3 pm"
"0x311d628dee56a6e3:0x175d52ae7d9159db","Thursday","10 am–8 pm"
"0x311d628dee56a6e3:0x175d52ae7d9159db","Friday","Closed"
"0x311d628dee56a6e3:0x175d52ae7d9159db","Saturday","10 am–8 pm"
"0x311d628dee56a6e3:0x175d52ae7d9159db","Sunday","10 am–8 pm"
"0x311d628dee56a6e3:0x175d52ae7d9159db","Monday","10 am–8 pm"
"0x311d628dee56a6e3:0x175d52ae7d9159db","Tuesday","10 am–8 pm"
"0x311d628dee56a6e3:0x175d52ae7d9159db","Wednesday","10 am–8 pm"
"0x30e29d7fa120f29d:0x33e2faebc4f6a0e6","Thursday","11 am–7 pm"
"0x30e29d7fa120f29d:0x33e2faebc4f6a0e6","Friday","11 am–7 pm"
"0x30e29d7fa120f29d:0x33e2faebc4f6a0e6","Saturday","11 am–7 pm"
"0x30e29d7fa120f29d:0x33e2faebc4f6a0e6","Sunday","Closed"
"0x30e29d7fa120f29d:0x33e2faebc4f6a0e6","Monday","11 am–7 pm"
"0x30e29d7fa120f29d:0x33e2faebc4f6a0e6","Tuesday","11 am–7 pm"
"0x30e29d7fa120f29d:0x33e2faebc4f6a0e6","Wednesday","Closed"
"0x30e2a727de4d3b73:0x9e8336412fc85350","Thursday","10 am–8 pm"
"0x30e2a727de4d3b73:0x9e8336412fc85350","Friday","10 am–8 pm"
"0x30e2a727de4d3b73:0x9e8336412fc85350","Saturday","10 am–8 pm"
"0x30e2a727de4d3b73:0x9e8336412fc85350","Sunday","10 am–6 pm"
"0x30e2a727de4d3b73:0x9e8336412fc85350","Monday","10 am–8 pm"
"0x30e2a727de4d3b73:0x9e8336412fc85350","Tuesday","10 am–8 pm"
"0x30e2a727de4d3b73:0x9e8336412fc85350","Wednesday","10 am–8 pm"
"0x30e29b25006d30dd:0x676589bdd9d5295c","Thursday","Closed"
"0x30e29b25006d30dd:0x676589bdd9d5295c","Friday","Closed"
"0x30e29b25006d30dd:0x676589bdd9d5295c","Saturday","9 am–7 pm"
"0x30e29b25006d30dd:0x676589bdd9d5295c","Sunday","9 am–7 pm"
"0x30e29b25006d30dd:0x676589bdd9d5295c","Monday","9 am–7 pm"
"0x30e29b25006d30dd:0x676589bdd9d5295c","Tuesday","9 am–7 pm"
"0x30e29b25006d30dd:0x676589bdd9d5295c","Wednesday","9 am–7 pm"
"0x311d5f9788dd6553:0xf9ecd94a8f47e187","Thursday","10 am–8 pm"
"0x311d5f9788dd6553:0xf9ecd94a8f47e187","Friday","10 am–8 pm"
"0x311d5f9788dd6553:0xf9ecd94a8f47e187","Saturday","10 am–8 pm"
"0x311d5f9788dd6553:0xf9ecd94a8f47e187","Sunday","10 am–8 pm"
"0x311d5f9788dd6553:0xf9ecd94a8f47e187","Monday","10 am–8 pm"
"0x311d5f9788dd6553:0xf9ecd94a8f47e187","Tuesday","10 am–8 pm"
"0x311d5f9788dd6553:0xf9ecd94a8f47e187","Wednesday","10 am–8 pm"
"0x30e2a00acea3865f:0xded68b894c75cfcd","Thursday","10 AM–10 PM"
"0x30e2a00acea3865f:0xded68b894c75cfcd","Friday","10 AM–10 PM"
"0x30e2a00acea3865f:0xded68b894c75cfcd","Saturday","10 AM–10 PM"
"0x30e2a00acea3865f:0xded68b894c75cfcd","Sunday","10 AM–10 PM"
"0x30e2a00acea3865f:0xded68b894c75cfcd","Monday","10 AM–10 PM"
"0x30e2a00acea3865f:0xded68b894c75cfcd","Tuesday","10 AM–10 PM"
"0x30e2a00acea3865f:0xded68b894c75cfcd","Wednesday","10 AM–10 PM"
"0x311d6255efae7acb:0x4a75e6d9cb58f20b","Thursday","Closed"
"0x311d6255efae7acb:0x4a75e6d9cb58f20b","Friday","9:30 am–7 pm"
"0x311d6255efae7acb:0x4a75e6d9cb58f20b","Saturday","9:30 am–7 pm"
"0x311d6255efae7acb:0x4a75e6d9cb58f20b","Sunday","9:30 am–7 pm"
"0x311d6255efae7acb:0x4a75e6d9cb58f20b","Monday","9:30 am–7 pm"
"0x311d6255efae7acb:0x4a75e6d9cb58f20b","Tuesday","9:30 am–7 pm"
"0x311d6255efae7acb:0x4a75e6d9cb58f20b","Wednesday","9:30 am–7 pm"
"0x311d625783772b69:0xdf842fe0066588aa","Thursday","10 am–7:30 pm"
"0x311d625783772b69:0xdf842fe0066588aa","Friday","10 am–7:30 pm"
"0x311d625783772b69:0xdf842fe0066588aa","Saturday","10 am–7:30 pm"
"0x311d625783772b69:0xdf842fe0066588aa","Sunday","10 am–7:30 pm"
"0x311d625783772b69:0xdf842fe0066588aa","Monday","10 am–7:30 pm"
"0x311d625783772b69:0xdf842fe0066588aa","Tuesday","10 am–7:30 pm"
"0x311d625783772b69:0xdf842fe0066588aa","Wednesday","10 am–7:30 pm"
"0x30e2835043f03b3b:0x3b5c479935432c49","Thursday","10 am–8 pm"
"0x30e2835043f03b3b:0x3b5c479935432c49","Friday","10 am–8 pm"
"0x30e2835043f03b3b:0x3b5c479935432c49","Saturday","10 am–8 pm"
"0x30e2835043f03b3b:0x3b5c479935432c49","Sunday","10 am–8 pm"
"0x30e2835043f03b3b:0x3b5c479935432c49","Monday","10 am–8 pm"
"0x30e2835043f03b3b:0x3b5c479935432c49","Tuesday","10 am–8 pm"
"0x30e2835043f03b3b:0x3b5c479935432c49","Wednesday","10 am–8 pm"
"0x311d5ffff8c1628f:0x6618850b4b93c4c","Thursday","10 AM–8:30 PM"
"0x311d5ffff8c1628f:0x6618850b4b93c4c","Friday","10 AM–8:30 PM"
"0x311d5ffff8c1628f:0x6618850b4b93c4c","Saturday","10 AM–8:30 PM"
"0x311d5ffff8c1628f:0x6618850b4b93c4c","Sunday","10 AM–8:30 PM"
"0x311d5ffff8c1628f:0x6618850b4b93c4c","Tuesday","10 AM–8:30 PM"
"0x311d5ffff8c1628f:0x6618850b4b93c4c","Wednesday","10 AM–8:30 PM"
"0x311d605adc5980f1:0x9224b707d86c03d8","Thursday","10 am–7:30 pm"
"0x311d605adc5980f1:0x9224b707d86c03d8","Friday","Closed"
"0x311d605adc5980f1:0x9224b707d86c03d8","Saturday","10 am–7 pm"
"0x311d605adc5980f1:0x9224b707d86c03d8","Sunday","Closed"
"0x311d605adc5980f1:0x9224b707d86c03d8","Monday","4:30–8 pm"
"0x311d605adc5980f1:0x9224b707d86c03d8","Tuesday","4:30–8 pm"
"0x311d605adc5980f1:0x9224b707d86c03d8","Wednesday","4:30–8 pm"
"0x30e2bd381b82c83b:0x64f823c168eb8185","Thursday","9 AM–7 PM"
"0x30e2bd381b82c83b:0x64f823c168eb8185","Friday","Closed"
"0x30e2bd381b82c83b:0x64f823c168eb8185","Saturday","9 AM–7 PM"
"0x30e2bd381b82c83b:0x64f823c168eb8185","Sunday","9 AM–7 PM"
"0x30e2bd381b82c83b:0x64f823c168eb8185","Monday","9 AM–7 PM"
"0x30e2bd381b82c83b:0x64f823c168eb8185","Tuesday","9 AM–7 PM"
"0x30e2bd381b82c83b:0x64f823c168eb8185","Wednesday","9 AM–7 PM"
"0x311d618d1f2ad625:0x3f2a917f49799218","Thursday","10 am–8 pm"
"0x311d618d1f2ad625:0x3f2a917f49799218","Friday","10 am–8 pm"
"0x311d618d1f2ad625:0x3f2a917f49799218","Saturday","10 am–8 pm"
"0x311d618d1f2ad625:0x3f2a917f49799218","Sunday","10 am–8 pm"
"0x311d618d1f2ad625:0x3f2a917f49799218","Monday","10 am–8 pm"
"0x311d618d1f2ad625:0x3f2a917f49799218","Tuesday","10 am–8 pm"
"0x311d618d1f2ad625:0x3f2a917f49799218","Wednesday","10 am–8 pm"
"0x30e2834e99853e45:0xa168a09df0122f11","Thursday","10:30 am–8 pm"
"0x30e2834e99853e45:0xa168a09df0122f11","Friday","10:30 am–8 pm"
"0x30e2834e99853e45:0xa168a09df0122f11","Saturday","10:30 am–8 pm"
"0x30e2834e99853e45:0xa168a09df0122f11","Sunday","10:30 am–8 pm"
"0x30e2834e99853e45:0xa168a09df0122f11","Monday","10:30 am–8 pm"
"0x30e2834e99853e45:0xa168a09df0122f11","Tuesday","10:30 am–8 pm"
"0x30e2834e99853e45:0xa168a09df0122f11","Wednesday","10:30 am–8 pm"
"0x311d632a3b295dcb:0x7f837eab438c89d2","Thursday","11 am–8 pm"
"0x311d632a3b295dcb:0x7f837eab438c89d2","Friday","11 am–8 pm"
"0x311d632a3b295dcb:0x7f837eab438c89d2","Saturday","10 am–8 pm"
"0x311d632a3b295dcb:0x7f837eab438c89d2","Sunday","10 am–8 pm"
"0x311d632a3b295dcb:0x7f837eab438c89d2","Monday","Closed"
"0x311d632a3b295dcb:0x7f837eab438c89d2","Tuesday","11 am–8 pm"
"0x311d632a3b295dcb:0x7f837eab438c89d2","Wednesday","11 am–8 pm"
"0x311d61bee54e102b:0xcb170b2a35cabc58","Thursday","9 am–5:30 pm"
"0x311d61bee54e102b:0xcb170b2a35cabc58","Friday","9 am–5:30 pm"
"0x311d61bee54e102b:0xcb170b2a35cabc58","Saturday","9 am–5:30 pm"
"0x311d61bee54e102b:0xcb170b2a35cabc58","Sunday","9 am–5:30 pm"
"0x311d61bee54e102b:0xcb170b2a35cabc58","Monday","9 am–5:30 pm"
"0x311d61bee54e102b:0xcb170b2a35cabc58","Tuesday","9 am–5:30 pm"
"0x311d61bee54e102b:0xcb170b2a35cabc58","Wednesday","9 am–5:30 pm"
"0x30e29d898fd32627:0x504d2ea938846219","Thursday","10 am–10 pm"
"0x30e29d898fd32627:0x504d2ea938846219","Friday","10 am–10 pm"
"0x30e29d898fd32627:0x504d2ea938846219","Saturday","10 am–10 pm"
"0x30e29d898fd32627:0x504d2ea938846219","Sunday","10 am–10 pm"
"0x30e29d898fd32627:0x504d2ea938846219","Monday","10 am–10 pm"
"0x30e29d898fd32627:0x504d2ea938846219","Tuesday","10 am–10 pm"
"0x30e29d898fd32627:0x504d2ea938846219","Wednesday","10 am–10 pm"
"0x311d621e924347a7:0x170afb5034e9f36a","Thursday","10 am–7:15 pm"
"0x311d621e924347a7:0x170afb5034e9f36a","Friday","10 am–7:15 pm"
"0x311d621e924347a7:0x170afb5034e9f36a","Saturday","10 am–7:15 pm"
"0x311d621e924347a7:0x170afb5034e9f36a","Sunday","10 am–7:15 pm"
"0x311d621e924347a7:0x170afb5034e9f36a","Monday","10 am–7:15 pm"
"0x311d621e924347a7:0x170afb5034e9f36a","Tuesday","10 am–7:15 pm"
"0x311d621e924347a7:0x170afb5034e9f36a","Wednesday","10 am–7:15 pm"
"0x311d617185df581f:0xa9c1a3bdd03bae2c","Thursday","9:30 AM–8 PM"
"0x311d617185df581f:0xa9c1a3bdd03bae2c","Friday","9:30 AM–8 PM"
"0x311d617185df581f:0xa9c1a3bdd03bae2c","Saturday","9:30 AM–8 PM"
"0x311d617185df581f:0xa9c1a3bdd03bae2c","Sunday","9:30 AM–8 PM"
"0x311d617185df581f:0xa9c1a3bdd03bae2c","Monday","9:30 AM–8 PM"
"0x311d617185df581f:0xa9c1a3bdd03bae2c","Tuesday","9:30 AM–8 PM"
"0x311d617185df581f:0xa9c1a3bdd03bae2c","Wednesday","9:30 AM–8 PM"
"0x30e2bd28446ea5bb:0x8e618445a56e642a","Thursday","10 am–7 pm"
"0x30e2bd28446ea5bb:0x8e618445a56e642a","Friday","10 am–7 pm"
"0x30e2bd28446ea5bb:0x8e618445a56e642a","Saturday","10 am–7 pm"
"0x30e2bd28446ea5bb:0x8e618445a56e642a","Sunday","10 am–7 pm"
"0x30e2bd28446ea5bb:0x8e618445a56e642a","Monday","10 am–7 pm"
"0x30e2bd28446ea5bb:0x8e618445a56e642a","Tuesday","10 am–7 pm"
"0x30e2bd28446ea5bb:0x8e618445a56e642a","Wednesday","10 am–7 pm"
"0x311d61e2802de227:0xeefccab89d6994ed","Thursday","10 am–8 pm"
"0x311d61e2802de227:0xeefccab89d6994ed","Friday","10 am–8 pm"
"0x311d61e2802de227:0xeefccab89d6994ed","Saturday","10 am–8 pm"
"0x311d61e2802de227:0xeefccab89d6994ed","Sunday","10 am–8 pm"
"0x311d61e2802de227:0xeefccab89d6994ed","Monday","10 am–8 pm"
"0x311d61e2802de227:0xeefccab89d6994ed","Tuesday","10 am–8 pm"
"0x311d61e2802de227:0xeefccab89d6994ed","Wednesday","10 am–8 pm"
"0x30e29acdf1348661:0xd1b283c573490da1","Thursday","4–8 pm"
"0x30e29acdf1348661:0xd1b283c573490da1","Friday","4–8 pm"
"0x30e29acdf1348661:0xd1b283c573490da1","Saturday","4–8 pm"
"0x30e29acdf1348661:0xd1b283c573490da1","Sunday","4–8 pm"
"0x30e29acdf1348661:0xd1b283c573490da1","Monday","4–8 pm"
"0x30e29acdf1348661:0xd1b283c573490da1","Tuesday","4–8 pm"
"0x30e29acdf1348661:0xd1b283c573490da1","Wednesday","4–8 pm"
"0x30e2855b31b82b47:0x59359c409cffef4f","Thursday","10:30 am–8 pm"
"0x30e2855b31b82b47:0x59359c409cffef4f","Friday","10:30 am–8 pm"
"0x30e2855b31b82b47:0x59359c409cffef4f","Saturday","10:30 am–8 pm"
"0x30e2855b31b82b47:0x59359c409cffef4f","Sunday","10:30 am–8 pm"
"0x30e2855b31b82b47:0x59359c409cffef4f","Monday","10:30 am–8 pm"
"0x30e2855b31b82b47:0x59359c409cffef4f","Tuesday","10:30 am–8 pm"
"0x30e2855b31b82b47:0x59359c409cffef4f","Wednesday","10:30 am–8 pm"
"0x311d60dbd41f181b:0x2e9221f00ae20f4","Thursday","9 am–8 pm"
"0x311d60dbd41f181b:0x2e9221f00ae20f4","Friday","9 am–8 pm"
"0x311d60dbd41f181b:0x2e9221f00ae20f4","Saturday","9 am–8 pm"
"0x311d60dbd41f181b:0x2e9221f00ae20f4","Sunday","9 am–8 pm"
"0x311d60dbd41f181b:0x2e9221f00ae20f4","Monday","9 am–8 pm"
"0x311d60dbd41f181b:0x2e9221f00ae20f4","Tuesday","9 am–8 pm"
"0x311d60dbd41f181b:0x2e9221f00ae20f4","Wednesday","9 am–8 pm"
"0x311d63c3bbe02745:0x5ab96333782361b3","Thursday","10 am–8 pm"
"0x311d63c3bbe02745:0x5ab96333782361b3","Friday","10 am–8 pm"
"0x311d63c3bbe02745:0x5ab96333782361b3","Saturday","10 am–8 pm"
"0x311d63c3bbe02745:0x5ab96333782361b3","Sunday","10 am–8 pm"
"0x311d63c3bbe02745:0x5ab96333782361b3","Monday","10 am–8 pm"
"0x311d63c3bbe02745:0x5ab96333782361b3","Tuesday","10 am–8 pm"
"0x311d63c3bbe02745:0x5ab96333782361b3","Wednesday","10 am–8 pm"
"0x311d6713f65fa129:0xd50c646a26a27e19","Thursday","10 am–8 pm"
"0x311d6713f65fa129:0xd50c646a26a27e19","Friday","10 am–8 pm"
"0x311d6713f65fa129:0xd50c646a26a27e19","Saturday","10 am–8 pm"
"0x311d6713f65fa129:0xd50c646a26a27e19","Sunday","10 am–8 pm"
"0x311d6713f65fa129:0xd50c646a26a27e19","Monday","10 am–8 pm"
"0x311d6713f65fa129:0xd50c646a26a27e19","Tuesday","10 am–8 pm"
"0x311d6713f65fa129:0xd50c646a26a27e19","Wednesday","10 am–8 pm"
"0x311d5fd3a40c3b5d:0x24dcccfa4d39f409","Thursday","10 am–8 pm"
"0x311d5fd3a40c3b5d:0x24dcccfa4d39f409","Friday","10 am–8 pm"
"0x311d5fd3a40c3b5d:0x24dcccfa4d39f409","Saturday","10 am–8 pm"
"0x311d5fd3a40c3b5d:0x24dcccfa4d39f409","Sunday","10 am–8 pm"
"0x311d5fd3a40c3b5d:0x24dcccfa4d39f409","Monday","10 am–8 pm"
"0x311d5fd3a40c3b5d:0x24dcccfa4d39f409","Tuesday","Closed"
"0x311d5fd3a40c3b5d:0x24dcccfa4d39f409","Wednesday","10 am–8 pm"
"0x30e29ff2b8f3c27b:0x3cb7721422c6ba29","Thursday","8 am–8 pm"
"0x30e29ff2b8f3c27b:0x3cb7721422c6ba29","Friday","8 am–8 pm"
"0x30e29ff2b8f3c27b:0x3cb7721422c6ba29","Saturday","Closed"
"0x30e29ff2b8f3c27b:0x3cb7721422c6ba29","Sunday","Closed"
"0x30e29ff2b8f3c27b:0x3cb7721422c6ba29","Monday","8 am–8 pm"
"0x30e29ff2b8f3c27b:0x3cb7721422c6ba29","Tuesday","8 am–8 pm"
"0x30e29ff2b8f3c27b:0x3cb7721422c6ba29","Wednesday","8 am–8 pm"
"0x30e2984634badc79:0xd5f0e330080118f4","Thursday","Open 24 hours"
"0x30e2984634badc79:0xd5f0e330080118f4","Friday","Open 24 hours"
"0x30e2984634badc79:0xd5f0e330080118f4","Saturday","Open 24 hours"
"0x30e2984634badc79:0xd5f0e330080118f4","Sunday","Open 24 hours"
"0x30e2984634badc79:0xd5f0e330080118f4","Monday","Open 24 hours"
"0x30e2984634badc79:0xd5f0e330080118f4","Tuesday","Open 24 hours"
"0x30e2984634badc79:0xd5f0e330080118f4","Wednesday","Open 24 hours"
"0x30e29623342fae6b:0xb88fdb825585ef23","Thursday","10 am–8:30 pm"
"0x30e29623342fae6b:0xb88fdb825585ef23","Friday","10 am–8:30 pm"
"0x30e29623342fae6b:0xb88fdb825585ef23","Saturday","10 am–8:30 pm"
"0x30e29623342fae6b:0xb88fdb825585ef23","Sunday","10 am–8:30 pm"
"0x30e29623342fae6b:0xb88fdb825585ef23","Monday","10 am–8:30 pm"
"0x30e29623342fae6b:0xb88fdb825585ef23","Tuesday","10 am–8:30 pm"
"0x30e29623342fae6b:0xb88fdb825585ef23","Wednesday","10 am–8:30 pm"
"0x30e284b234d15c71:0x29f92ffd687afbe6","Thursday","8:30 am–3:30 pm"
"0x30e284b234d15c71:0x29f92ffd687afbe6","Friday","8:30 am–3:30 pm"
"0x30e284b234d15c71:0x29f92ffd687afbe6","Saturday","Closed"
"0x30e284b234d15c71:0x29f92ffd687afbe6","Sunday","Closed"
"0x30e284b234d15c71:0x29f92ffd687afbe6","Monday","8:30 am–3:30 pm"
"0x30e284b234d15c71:0x29f92ffd687afbe6","Tuesday","8:30 am–3:30 pm"
"0x30e284b234d15c71:0x29f92ffd687afbe6","Wednesday","8:30 am–3:30 pm"
"0x30e2953efa60f6fb:0xfa802a83419a185f","Thursday","10 am–8 pm"
"0x30e2953efa60f6fb:0xfa802a83419a185f","Friday","10 am–8 pm"
"0x30e2953efa60f6fb:0xfa802a83419a185f","Saturday","10 am–8 pm"
"0x30e2953efa60f6fb:0xfa802a83419a185f","Sunday","10 am–8 pm"
"0x30e2953efa60f6fb:0xfa802a83419a185f","Monday","10 am–8 pm"
"0x30e2953efa60f6fb:0xfa802a83419a185f","Tuesday","10 am–8 pm"
"0x30e2953efa60f6fb:0xfa802a83419a185f","Wednesday","10 am–8 pm"
"0x30e293d0325bed55:0xc7517b51922dde5e","Thursday","10 am–7:30 pm"
"0x30e293d0325bed55:0xc7517b51922dde5e","Friday","10 am–7:30 pm"
"0x30e293d0325bed55:0xc7517b51922dde5e","Saturday","10 am–7:30 pm"
"0x30e293d0325bed55:0xc7517b51922dde5e","Sunday","10 am–7:30 pm"
"0x30e293d0325bed55:0xc7517b51922dde5e","Monday","10 am–7:30 pm"
"0x30e293d0325bed55:0xc7517b51922dde5e","Tuesday","10 am–7:30 pm"
"0x30e293d0325bed55:0xc7517b51922dde5e","Wednesday","10 am–7:30 pm"
"0x30e29d146c5bc339:0xad4e1d3d758929ca","Thursday","9 am–6 pm"
"0x30e29d146c5bc339:0xad4e1d3d758929ca","Friday","9 am–6 pm"
"0x30e29d146c5bc339:0xad4e1d3d758929ca","Saturday","9 am–6 pm"
"0x30e29d146c5bc339:0xad4e1d3d758929ca","Sunday","9 am–6 pm"
"0x30e29d146c5bc339:0xad4e1d3d758929ca","Monday","9 am–6 pm"
"0x30e29d146c5bc339:0xad4e1d3d758929ca","Tuesday","9 am–6 pm"
"0x30e29d146c5bc339:0xad4e1d3d758929ca","Wednesday","9 am–6 pm"
"0x30e29cfd24bf9681:0x3abe8635896588ed","Thursday","9 am–6 pm"
"0x30e29cfd24bf9681:0x3abe8635896588ed","Friday","9 am–6 pm"
"0x30e29cfd24bf9681:0x3abe8635896588ed","Saturday","9 am–5 pm"
"0x30e29cfd24bf9681:0x3abe8635896588ed","Sunday","9 am–5 pm"
"0x30e29cfd24bf9681:0x3abe8635896588ed","Monday","9 am–6 pm"
"0x30e29cfd24bf9681:0x3abe8635896588ed","Tuesday","9 am–6 pm"
"0x30e29cfd24bf9681:0x3abe8635896588ed","Wednesday","9 am–6 pm"
"0x30e290d5f90ffddb:0x74dfc6f553416689","Thursday","10 am–6:30 pm"
"0x30e290d5f90ffddb:0x74dfc6f553416689","Friday","10 am–6:30 pm"
"0x30e290d5f90ffddb:0x74dfc6f553416689","Saturday","10 am–6:30 pm"
"0x30e290d5f90ffddb:0x74dfc6f553416689","Sunday","10 am–6:30 pm"
"0x30e290d5f90ffddb:0x74dfc6f553416689","Monday","10 am–6:30 pm"
"0x30e290d5f90ffddb:0x74dfc6f553416689","Tuesday","10 am–6:30 pm"
"0x30e290d5f90ffddb:0x74dfc6f553416689","Wednesday","10 am–6:30 pm"
"0x311d5fef52f14ebb:0x4205ca1116a8f538","Thursday","11 am–7 pm"
"0x311d5fef52f14ebb:0x4205ca1116a8f538","Friday","11 am–7 pm"
"0x311d5fef52f14ebb:0x4205ca1116a8f538","Saturday","11 am–7 pm"
"0x311d5fef52f14ebb:0x4205ca1116a8f538","Sunday","11 am–7 pm"
"0x311d5fef52f14ebb:0x4205ca1116a8f538","Monday","11 am–7 pm"
"0x311d5fef52f14ebb:0x4205ca1116a8f538","Tuesday","11 am–7 pm"
"0x311d5fef52f14ebb:0x4205ca1116a8f538","Wednesday","11 am–7 pm"
"0x30e29cb948222a4f:0x1cb76816c15ea311","Thursday","10 am–9 pm"
"0x30e29cb948222a4f:0x1cb76816c15ea311","Friday","10 am–9 pm"
"0x30e29cb948222a4f:0x1cb76816c15ea311","Saturday","10 am–9 pm"
"0x30e29cb948222a4f:0x1cb76816c15ea311","Sunday","10 am–9 pm"
"0x30e29cb948222a4f:0x1cb76816c15ea311","Monday","10 am–9 pm"
"0x30e29cb948222a4f:0x1cb76816c15ea311","Tuesday","10 am–9 pm"
"0x30e29cb948222a4f:0x1cb76816c15ea311","Wednesday","10 am–9 pm"
"0x311d638d00241e63:0xd61b66f9198ee7e6","Thursday","9 am–8 pm"
"0x311d638d00241e63:0xd61b66f9198ee7e6","Friday","9 am–8 pm"
"0x311d638d00241e63:0xd61b66f9198ee7e6","Saturday","9 am–8 pm"
"0x311d638d00241e63:0xd61b66f9198ee7e6","Sunday","9 am–8 pm"
"0x311d638d00241e63:0xd61b66f9198ee7e6","Monday","9 am–8 pm"
"0x311d638d00241e63:0xd61b66f9198ee7e6","Tuesday","9 am–8 pm"
"0x311d638d00241e63:0xd61b66f9198ee7e6","Wednesday","9 am–8 pm"
"0x30e2838422316d91:0xad0cb3d8e7ad76bb","Saturday","10 am–8 pm"
"0x30e2838422316d91:0xad0cb3d8e7ad76bb","Sunday","10 am–7:30 pm"
"0x30e2838422316d91:0xad0cb3d8e7ad76bb","Monday","10 am–8 pm"
"0x30e2838422316d91:0xad0cb3d8e7ad76bb","Tuesday","10 am–8 pm"
"0x30e2838422316d91:0xad0cb3d8e7ad76bb","Wednesday","10 am–8 pm"
"0x311d630061a6ae01:0x6fccc88f1abbc45a","Thursday","10 am–7:30 pm"
"0x311d630061a6ae01:0x6fccc88f1abbc45a","Friday","10 am–7:30 pm"
"0x311d630061a6ae01:0x6fccc88f1abbc45a","Saturday","10 am–7:30 pm"
"0x311d630061a6ae01:0x6fccc88f1abbc45a","Sunday","10 am–7:30 pm"
"0x311d630061a6ae01:0x6fccc88f1abbc45a","Monday","10 am–7:30 pm"
"0x311d630061a6ae01:0x6fccc88f1abbc45a","Tuesday","10 am–7:30 pm"
"0x311d630061a6ae01:0x6fccc88f1abbc45a","Wednesday","10 am–7:30 pm"
"0x30e28320417e36c7:0xece4cbbd6a5a7f79","Thursday","10 am–8 pm"
"0x30e28320417e36c7:0xece4cbbd6a5a7f79","Friday","10 am–8 pm"
"0x30e28320417e36c7:0xece4cbbd6a5a7f79","Saturday","10 am–8 pm"
"0x30e28320417e36c7:0xece4cbbd6a5a7f79","Sunday","10 am–8 pm"
"0x30e28320417e36c7:0xece4cbbd6a5a7f79","Monday","10 am–8 pm"
"0x30e28320417e36c7:0xece4cbbd6a5a7f79","Tuesday","10 am–8 pm"
"0x30e28320417e36c7:0xece4cbbd6a5a7f79","Wednesday","10 am–8 pm"
"0x30e28370fbe701d1:0xc5e41b598acbeb2c","Thursday","10 am–7 pm"
"0x30e28370fbe701d1:0xc5e41b598acbeb2c","Friday","10 am–7 pm"
"0x30e28370fbe701d1:0xc5e41b598acbeb2c","Saturday","10 am–7 pm"
"0x30e28370fbe701d1:0xc5e41b598acbeb2c","Sunday","10 am–7 pm"
"0x30e28370fbe701d1:0xc5e41b598acbeb2c","Monday","10 am–7 pm"
"0x30e28370fbe701d1:0xc5e41b598acbeb2c","Tuesday","10 am–7 pm"
"0x30e28370fbe701d1:0xc5e41b598acbeb2c","Wednesday","10 am–7 pm"
"0x311d60474d0e21a3:0xd1d88d4fca5b3a21","Thursday","9 AM–7 PM"
"0x311d60474d0e21a3:0xd1d88d4fca5b3a21","Friday","9 AM–7 PM"
"0x311d60474d0e21a3:0xd1d88d4fca5b3a21","Saturday","9 AM–7 PM"
"0x311d60474d0e21a3:0xd1d88d4fca5b3a21","Sunday","Closed"
"0x311d60474d0e21a3:0xd1d88d4fca5b3a21","Tuesday","9 AM–7 PM"
"0x311d60474d0e21a3:0xd1d88d4fca5b3a21","Wednesday","9 AM–7 PM"
"0x311d61b3d3c789d7:0xe13293f964ef17f7","Thursday","10 am–7:30 pm"
"0x311d61b3d3c789d7:0xe13293f964ef17f7","Friday","10 am–7:30 pm"
"0x311d61b3d3c789d7:0xe13293f964ef17f7","Saturday","10 am–7:30 pm"
"0x311d61b3d3c789d7:0xe13293f964ef17f7","Sunday","10 am–7:30 pm"
"0x311d61b3d3c789d7:0xe13293f964ef17f7","Monday","10 am–7:30 pm"
"0x311d61b3d3c789d7:0xe13293f964ef17f7","Tuesday","10 am–7:30 pm"
"0x311d61b3d3c789d7:0xe13293f964ef17f7","Wednesday","Closed"
"0x311d6172fb5ec44f:0xb08ba61863a4928a","Thursday","Closed"
"0x311d6172fb5ec44f:0xb08ba61863a4928a","Friday","10 am–8 pm"
"0x311d6172fb5ec44f:0xb08ba61863a4928a","Saturday","10 am–8 pm"
"0x311d6172fb5ec44f:0xb08ba61863a4928a","Sunday","10 am–8 pm"
"0x311d6172fb5ec44f:0xb08ba61863a4928a","Monday","10 am–8 pm"
"0x311d6172fb5ec44f:0xb08ba61863a4928a","Tuesday","10 am–8 pm"
"0x311d6172fb5ec44f:0xb08ba61863a4928a","Wednesday","10 am–8 pm"
"0x311d61946667842b:0x2bac9072a2f93809","Thursday","10 am–8 pm"
"0x311d61946667842b:0x2bac9072a2f93809","Friday","10 am–8 pm"
"0x311d61946667842b:0x2bac9072a2f93809","Saturday","10 am–8 pm"
"0x311d61946667842b:0x2bac9072a2f93809","Sunday","10 am–8 pm"
"0x311d61946667842b:0x2bac9072a2f93809","Monday","10 am–8 pm"
"0x311d61946667842b:0x2bac9072a2f93809","Tuesday","10 am–8 pm"
"0x311d61946667842b:0x2bac9072a2f93809","Wednesday","10 am–8 pm"
"0x30e2a3eddd6e40f1:0xd75688fb2678b693","Thursday","10 am–7:30 pm"
"0x30e2a3eddd6e40f1:0xd75688fb2678b693","Friday","10 am–7:30 pm"
"0x30e2a3eddd6e40f1:0xd75688fb2678b693","Saturday","10 am–7:30 pm"
"0x30e2a3eddd6e40f1:0xd75688fb2678b693","Sunday","10 am–7:30 pm"
"0x30e2a3eddd6e40f1:0xd75688fb2678b693","Wednesday","10 am–7:30 pm"
"0x30e2a2ee88448b1f:0x1a11f26eed8e7f1f","Thursday","9 am–8 pm"
"0x30e2a2ee88448b1f:0x1a11f26eed8e7f1f","Friday","9 am–8 pm"
"0x30e2a2ee88448b1f:0x1a11f26eed8e7f1f","Saturday","10 am–7 pm"
"0x30e2a2ee88448b1f:0x1a11f26eed8e7f1f","Sunday","10 am–7 pm"
"0x30e2a2ee88448b1f:0x1a11f26eed8e7f1f","Monday","9 am–8 pm"
"0x30e2a2ee88448b1f:0x1a11f26eed8e7f1f","Tuesday","9 am–8 pm"
"0x30e2a2ee88448b1f:0x1a11f26eed8e7f1f","Wednesday","9 am–8 pm"
"0x30e297cec5cb41e9:0x71e98ba5684bcb59","Thursday","9 am–7 pm"
"0x30e297cec5cb41e9:0x71e98ba5684bcb59","Friday","9 am–7 pm"
"0x30e297cec5cb41e9:0x71e98ba5684bcb59","Saturday","9 am–7 pm"
"0x30e297cec5cb41e9:0x71e98ba5684bcb59","Sunday","9 am–7 pm"
"0x30e297cec5cb41e9:0x71e98ba5684bcb59","Monday","9 am–7 pm"
"0x30e297cec5cb41e9:0x71e98ba5684bcb59","Tuesday","9 am–7 pm"
"0x30e297cec5cb41e9:0x71e98ba5684bcb59","Wednesday","9 am–7 pm"
"0x311d6221eb7618b1:0xca3010fef116957b","Thursday","10 am–8 pm"
"0x311d6221eb7618b1:0xca3010fef116957b","Friday","10 am–8 pm"
"0x311d6221eb7618b1:0xca3010fef116957b","Saturday","10 am–8 pm"
"0x311d6221eb7618b1:0xca3010fef116957b","Sunday","10 am–8 pm"
"0x311d6221eb7618b1:0xca3010fef116957b","Monday","10 am–8 pm"
"0x311d6221eb7618b1:0xca3010fef116957b","Tuesday","Closed"
"0x311d6221eb7618b1:0xca3010fef116957b","Wednesday","10 am–8 pm"
"0x30e283dca7067247:0x24c26c9a57aa0fc8","Thursday","10:30 AM–8 PM"
"0x30e283dca7067247:0x24c26c9a57aa0fc8","Friday","10:30 AM–8 PM"
"0x30e283dca7067247:0x24c26c9a57aa0fc8","Saturday","10:30 AM–8 PM"
"0x30e283dca7067247:0x24c26c9a57aa0fc8","Sunday","10:30 AM–8 PM"
"0x30e283dca7067247:0x24c26c9a57aa0fc8","Monday","10:30 AM–8 PM"
"0x30e283dca7067247:0x24c26c9a57aa0fc8","Tuesday","10:30 AM–8 PM"
"0x30e283dca7067247:0x24c26c9a57aa0fc8","Wednesday","10:30 AM–8 PM"
"0x30e29132f63966c9:0x62682625af303834","Thursday","10 am–7:30 pm"
"0x30e29132f63966c9:0x62682625af303834","Friday","Closed"
"0x30e29132f63966c9:0x62682625af303834","Saturday","10 am–7:30 pm"
"0x30e29132f63966c9:0x62682625af303834","Sunday","10 am–7:30 pm"
"0x30e29132f63966c9:0x62682625af303834","Monday","10 am–7:30 pm"
"0x30e29132f63966c9:0x62682625af303834","Tuesday","10 am–7:30 pm"
"0x30e29132f63966c9:0x62682625af303834","Wednesday","10 am–7:30 pm"
"0x30e29610ba9fe6c5:0x2f2083da584b5cb3","Thursday","9:30 am–8 pm"
"0x30e29610ba9fe6c5:0x2f2083da584b5cb3","Friday","9:30 am–8 pm"
"0x30e29610ba9fe6c5:0x2f2083da584b5cb3","Saturday","9:30 am–8 pm"
"0x30e29610ba9fe6c5:0x2f2083da584b5cb3","Sunday","9:30 am–8 pm"
"0x30e29610ba9fe6c5:0x2f2083da584b5cb3","Monday","9:30 am–8 pm"
"0x30e29610ba9fe6c5:0x2f2083da584b5cb3","Tuesday","9:30 am–8 pm"
"0x30e29610ba9fe6c5:0x2f2083da584b5cb3","Wednesday","9:30 am–8 pm"
"0x311d635105b30e4b:0xd45dabe7682c14ce","Thursday","10 am–8 pm"
"0x311d635105b30e4b:0xd45dabe7682c14ce","Friday","10 am–8 pm"
"0x311d635105b30e4b:0xd45dabe7682c14ce","Saturday","10 am–8 pm"
"0x311d635105b30e4b:0xd45dabe7682c14ce","Sunday","10 am–8 pm"
"0x311d635105b30e4b:0xd45dabe7682c14ce","Monday","10 am–8 pm"
"0x311d635105b30e4b:0xd45dabe7682c14ce","Tuesday","10 am–8 pm"
"0x311d635105b30e4b:0xd45dabe7682c14ce","Wednesday","10 am–8 pm"
"0x30e2a29f463b098d:0xdfbf37b96d51e74b","Thursday","9 AM–7 PM"
"0x30e2a29f463b098d:0xdfbf37b96d51e74b","Friday","9 AM–7 PM"
"0x30e2a29f463b098d:0xdfbf37b96d51e74b","Saturday","9 AM–7 PM"
"0x30e2a29f463b098d:0xdfbf37b96d51e74b","Sunday","9 AM–7 PM"
"0x30e2a29f463b098d:0xdfbf37b96d51e74b","Monday","9 AM–7 PM"
"0x30e2a29f463b098d:0xdfbf37b96d51e74b","Tuesday","9 AM–7 PM"
"0x30e2a29f463b098d:0xdfbf37b96d51e74b","Wednesday","9 AM–7 PM"
"0x30e29d5745b99a9b:0x807d179789856d11","Thursday","9:30 am–6 pm"
"0x30e29d5745b99a9b:0x807d179789856d11","Friday","9:30 am–6 pm"
"0x30e29d5745b99a9b:0x807d179789856d11","Saturday","9:30 am–4 pm"
"0x30e29d5745b99a9b:0x807d179789856d11","Sunday","9:30 am–2 pm"
"0x30e29d5745b99a9b:0x807d179789856d11","Monday","9:30 am–6 pm"
"0x30e29d5745b99a9b:0x807d179789856d11","Tuesday","9:30 am–6 pm"
"0x30e29d5745b99a9b:0x807d179789856d11","Wednesday","9:30 am–6 pm"
"0x30e290a7b1d389ef:0xba338231c1ca68a0","Thursday","10 am–8 pm"
"0x30e290a7b1d389ef:0xba338231c1ca68a0","Friday","10 am–8 pm"
"0x30e290a7b1d389ef:0xba338231c1ca68a0","Saturday","10 am–8 pm"
"0x30e290a7b1d389ef:0xba338231c1ca68a0","Sunday","10 am–8 pm"
"0x30e290a7b1d389ef:0xba338231c1ca68a0","Monday","10 am–8 pm"
"0x30e290a7b1d389ef:0xba338231c1ca68a0","Tuesday","10 am–8 pm"
"0x30e290a7b1d389ef:0xba338231c1ca68a0","Wednesday","10 am–8 pm"
"0x30e29b1dc542301b:0xc82d70534d3ff06b","Thursday","8:30 am–3:30 pm"
"0x30e29b1dc542301b:0xc82d70534d3ff06b","Friday","8:30 am–3:30 pm"
"0x30e29b1dc542301b:0xc82d70534d3ff06b","Saturday","Closed"
"0x30e29b1dc542301b:0xc82d70534d3ff06b","Sunday","Closed"
"0x30e29b1dc542301b:0xc82d70534d3ff06b","Monday","8:30 am–3:30 pm"
"0x30e29b1dc542301b:0xc82d70534d3ff06b","Tuesday","8:30 am–3:30 pm"
"0x30e29b1dc542301b:0xc82d70534d3ff06b","Wednesday","8:30 am–3:30 pm"
"0x30e2a0eed70dabfd:0x3680ae9da5dc6023","Thursday","10 AM–8 PM"
"0x30e2a0eed70dabfd:0x3680ae9da5dc6023","Friday","10 AM–8 PM"
"0x30e2a0eed70dabfd:0x3680ae9da5dc6023","Saturday","10 AM–8 PM"
"0x30e2a0eed70dabfd:0x3680ae9da5dc6023","Sunday","10 AM–8 PM"
"0x30e2a0eed70dabfd:0x3680ae9da5dc6023","Monday","10 AM–8 PM"
"0x30e2a0eed70dabfd:0x3680ae9da5dc6023","Tuesday","10 AM–8 PM"
"0x30e2a0eed70dabfd:0x3680ae9da5dc6023","Wednesday","10 AM–8 PM"
"0x30e29d8315592da5:0x3ef7eb0f7617b923","Thursday","9 am–8 pm"
"0x30e29d8315592da5:0x3ef7eb0f7617b923","Friday","9 am–8 pm"
"0x30e29d8315592da5:0x3ef7eb0f7617b923","Saturday","9 am–8 pm"
"0x30e29d8315592da5:0x3ef7eb0f7617b923","Sunday","9 am–8 pm"
"0x30e29d8315592da5:0x3ef7eb0f7617b923","Monday","Closed"
"0x30e29d8315592da5:0x3ef7eb0f7617b923","Tuesday","9 am–8 pm"
"0x30e29d8315592da5:0x3ef7eb0f7617b923","Wednesday","9 am–8 pm"
"0x30e297d0ff365b41:0xe50c97967ae34b","Thursday","10 am–8 pm"
"0x30e297d0ff365b41:0xe50c97967ae34b","Friday","10 am–8 pm"
"0x30e297d0ff365b41:0xe50c97967ae34b","Saturday","10 am–8 pm"
"0x30e297d0ff365b41:0xe50c97967ae34b","Sunday","10 am–8 pm"
"0x30e297d0ff365b41:0xe50c97967ae34b","Monday","10 am–8 pm"
"0x30e297d0ff365b41:0xe50c97967ae34b","Tuesday","10 am–8 pm"
"0x30e297d0ff365b41:0xe50c97967ae34b","Wednesday","10 am–8 pm"
"0x311d63863244f36d:0x272fa4ab4c214bbe","Thursday","9 am–8 pm"
"0x311d63863244f36d:0x272fa4ab4c214bbe","Friday","9 am–8 pm"
"0x311d63863244f36d:0x272fa4ab4c214bbe","Saturday","9 am–8 pm"
"0x311d63863244f36d:0x272fa4ab4c214bbe","Sunday","9 am–8 pm"
"0x311d63863244f36d:0x272fa4ab4c214bbe","Monday","9 am–8 pm"
"0x311d63863244f36d:0x272fa4ab4c214bbe","Tuesday","9 am–8 pm"
"0x311d63863244f36d:0x272fa4ab4c214bbe","Wednesday","9 am–8 pm"
"0x30e285997d0e6681:0xec256cb9a84dcad0","Thursday","10 am–8 pm"
"0x30e285997d0e6681:0xec256cb9a84dcad0","Friday","10 am–8 pm"
"0x30e285997d0e6681:0xec256cb9a84dcad0","Saturday","10 am–7 pm"
"0x30e285997d0e6681:0xec256cb9a84dcad0","Sunday","10 am–6 pm"
"0x30e285997d0e6681:0xec256cb9a84dcad0","Monday","10 am–8 pm"
"0x30e285997d0e6681:0xec256cb9a84dcad0","Tuesday","Closed"
"0x30e285997d0e6681:0xec256cb9a84dcad0","Wednesday","10 am–8 pm"
"0x311d6009bdd40be1:0x4c14a839e48b5252","Thursday","10 am–8 pm"
"0x311d6009bdd40be1:0x4c14a839e48b5252","Friday","10 am–8 pm"
"0x311d6009bdd40be1:0x4c14a839e48b5252","Saturday","10 am–8 pm"
"0x311d6009bdd40be1:0x4c14a839e48b5252","Sunday","10 am–8 pm"
"0x311d6009bdd40be1:0x4c14a839e48b5252","Monday","10 am–8 pm"
"0x311d6009bdd40be1:0x4c14a839e48b5252","Tuesday","10 am–8 pm"
"0x311d6009bdd40be1:0x4c14a839e48b5252","Wednesday","10 am–8 pm"
"0x30e29de1a1347f45:0xf3f75656dd68000c","Thursday","10 am–9 pm"
"0x30e29de1a1347f45:0xf3f75656dd68000c","Friday","10 am–9 pm"
"0x30e29de1a1347f45:0xf3f75656dd68000c","Saturday","10 am–9 pm"
"0x30e29de1a1347f45:0xf3f75656dd68000c","Sunday","10 am–9 pm"
"0x30e29de1a1347f45:0xf3f75656dd68000c","Monday","10 am–9 pm"
"0x30e29de1a1347f45:0xf3f75656dd68000c","Tuesday","10 am–9 pm"
"0x30e29de1a1347f45:0xf3f75656dd68000c","Wednesday","10 am–9 pm"
"0x30e2bd247bd0b7dd:0x49602c64f7f7c795","Thursday","10 am–7:30 pm"
"0x30e2bd247bd0b7dd:0x49602c64f7f7c795","Friday","10 am–7:30 pm"
"0x30e2bd247bd0b7dd:0x49602c64f7f7c795","Saturday","10 am–7:30 pm"
"0x30e2bd247bd0b7dd:0x49602c64f7f7c795","Sunday","10 am–7:30 pm"
"0x30e2bd247bd0b7dd:0x49602c64f7f7c795","Monday","10 am–7:30 pm"
"0x30e2bd247bd0b7dd:0x49602c64f7f7c795","Tuesday","10 am–7:30 pm"
"0x30e2bd247bd0b7dd:0x49602c64f7f7c795","Wednesday","10 am–7:30 pm"
"0x311d5f35f1f91461:0xe0ee36499573981c","Thursday","11 am–8 pm"
"0x311d5f35f1f91461:0xe0ee36499573981c","Friday","11 am–8 pm"
"0x311d5f35f1f91461:0xe0ee36499573981c","Saturday","11 am–8 pm"
"0x311d5f35f1f91461:0xe0ee36499573981c","Sunday","11 am–8 pm"
"0x311d5f35f1f91461:0xe0ee36499573981c","Monday","11 am–8 pm"
"0x311d5f35f1f91461:0xe0ee36499573981c","Tuesday","11 am–8 pm"
"0x311d5f35f1f91461:0xe0ee36499573981c","Wednesday","11 am–8 pm"
"0x311d63da2977ce4f:0x52a50a49015e77e7","Thursday","9:30 am–7:30 pm"
"0x311d63da2977ce4f:0x52a50a49015e77e7","Friday","9:30 am–7:30 pm"
"0x311d63da2977ce4f:0x52a50a49015e77e7","Saturday","9 am–7 pm"
"0x311d63da2977ce4f:0x52a50a49015e77e7","Sunday","9 am–6 pm"
"0x311d63da2977ce4f:0x52a50a49015e77e7","Monday","9:30 am–7:30 pm"
"0x311d63da2977ce4f:0x52a50a49015e77e7","Tuesday","9:30 am–7:30 pm"
"0x311d63da2977ce4f:0x52a50a49015e77e7","Wednesday","9:30 am–7:30 pm"
"0x30e29ad8ede00a7b:0x15266e9ea9c8a1e8","Thursday","10 am–8 pm"
"0x30e29ad8ede00a7b:0x15266e9ea9c8a1e8","Friday","10 am–8 pm"
"0x30e29ad8ede00a7b:0x15266e9ea9c8a1e8","Saturday","10 am–8 pm"
"0x30e29ad8ede00a7b:0x15266e9ea9c8a1e8","Sunday","10 am–8 pm"
"0x30e29ad8ede00a7b:0x15266e9ea9c8a1e8","Monday","10 am–8 pm"
"0x30e29ad8ede00a7b:0x15266e9ea9c8a1e8","Tuesday","10 am–8 pm"
"0x30e29ad8ede00a7b:0x15266e9ea9c8a1e8","Wednesday","10 am–8 pm"
"0x30e2850004776385:0x88fdbe8573f5bda8","Thursday","10 am–8 pm"
"0x30e2850004776385:0x88fdbe8573f5bda8","Friday","10 am–8 pm"
"0x30e2850004776385:0x88fdbe8573f5bda8","Saturday","10 am–8 pm"
"0x30e2850004776385:0x88fdbe8573f5bda8","Sunday","10 am–8 pm"
"0x30e2850004776385:0x88fdbe8573f5bda8","Monday","10 am–8 pm"
"0x30e2850004776385:0x88fdbe8573f5bda8","Tuesday","10 am–8 pm"
"0x30e2850004776385:0x88fdbe8573f5bda8","Wednesday","10 am–8 pm"
"0x311d5f0017f6c51b:0x7073b5f4741e7f2d","Thursday","10 am–7 pm"
"0x311d5f0017f6c51b:0x7073b5f4741e7f2d","Friday","10 am–7 pm"
"0x311d5f0017f6c51b:0x7073b5f4741e7f2d","Saturday","10 am–7 pm"
"0x311d5f0017f6c51b:0x7073b5f4741e7f2d","Sunday","Closed"
"0x311d5f0017f6c51b:0x7073b5f4741e7f2d","Monday","10 am–7 pm"
"0x311d5f0017f6c51b:0x7073b5f4741e7f2d","Tuesday","10 am–7 pm"
"0x311d5f0017f6c51b:0x7073b5f4741e7f2d","Wednesday","10 am–7 pm"
"0x30e29d2c661286e7:0x68110a8faa15e4da","Thursday","Closed"
"0x30e29d2c661286e7:0x68110a8faa15e4da","Friday","11:30 am–7 pm"
"0x30e29d2c661286e7:0x68110a8faa15e4da","Saturday","11:30 am–2:30 pm"
"0x30e29d2c661286e7:0x68110a8faa15e4da","Sunday","11:30 am–7 pm"
"0x30e29d2c661286e7:0x68110a8faa15e4da","Monday","11:30 am–7 pm"
"0x30e29d2c661286e7:0x68110a8faa15e4da","Tuesday","Closed"
"0x30e29d2c661286e7:0x68110a8faa15e4da","Wednesday","11:30 am–7 pm"
"0x311d6040b3b7f779:0x8bbd72d1467cb401","Thursday","10 am–6 pm"
"0x311d6040b3b7f779:0x8bbd72d1467cb401","Friday","10 am–6 pm"
"0x311d6040b3b7f779:0x8bbd72d1467cb401","Saturday","10 am–6 pm"
"0x311d6040b3b7f779:0x8bbd72d1467cb401","Sunday","10 am–6 pm"
"0x311d6040b3b7f779:0x8bbd72d1467cb401","Monday","10 am–6 pm"
"0x311d6040b3b7f779:0x8bbd72d1467cb401","Tuesday","10 am–6 pm"
"0x311d6040b3b7f779:0x8bbd72d1467cb401","Wednesday","10 am–6 pm"
"0x311d67e07f26de63:0xfe62a3a0b0983563","Thursday","10.00 am–8.00 pm"
"0x311d67e07f26de63:0xfe62a3a0b0983563","Friday","10.00 am–8.00 pm"
"0x311d67e07f26de63:0xfe62a3a0b0983563","Saturday","10.00 am–8.00 pm"
"0x311d67e07f26de63:0xfe62a3a0b0983563","Sunday","10.00 am–8.00 pm"
"0x311d67e07f26de63:0xfe62a3a0b0983563","Monday","10.00 am–8.00 pm"
"0x311d67e07f26de63:0xfe62a3a0b0983563","Tuesday","10.00 am–8.00 pm"
"0x311d67e07f26de63:0xfe62a3a0b0983563","Wednesday","10.00 am–8.00 pm"
"0x311d65d582390d53:0xab4bce264d80931c","Thursday","9 am–8 pm"
"0x311d65d582390d53:0xab4bce264d80931c","Friday","9 am–8 pm"
"0x311d65d582390d53:0xab4bce264d80931c","Saturday","9 am–8 pm"
"0x311d65d582390d53:0xab4bce264d80931c","Sunday","9 am–8 pm"
"0x311d65d582390d53:0xab4bce264d80931c","Monday","9 am–8 pm"
"0x311d65d582390d53:0xab4bce264d80931c","Tuesday","9 am–8 pm"
"0x311d65d582390d53:0xab4bce264d80931c","Wednesday","9 am–8 pm"
"0x311d63a1e31845df:0x4d3e6ad465a3d70a","Thursday","10 am–8 pm"
"0x311d63a1e31845df:0x4d3e6ad465a3d70a","Friday","10 am–8 pm"
"0x311d63a1e31845df:0x4d3e6ad465a3d70a","Saturday","10 am–8 pm"
"0x311d63a1e31845df:0x4d3e6ad465a3d70a","Sunday","10 am–8 pm"
"0x311d63a1e31845df:0x4d3e6ad465a3d70a","Monday","10 am–8 pm"
"0x311d63a1e31845df:0x4d3e6ad465a3d70a","Tuesday","10 am–8 pm"
"0x311d63a1e31845df:0x4d3e6ad465a3d70a","Wednesday","10 am–8 pm"
"0x30e29f00693c9349:0x412a219dc82c0a0","Thursday","11 am–8 pm"
"0x30e29f00693c9349:0x412a219dc82c0a0","Friday","11 am–8 pm"
"0x30e29f00693c9349:0x412a219dc82c0a0","Saturday","11 am–8 pm"
"0x30e29f00693c9349:0x412a219dc82c0a0","Sunday","11 am–8 pm"
"0x30e29f00693c9349:0x412a219dc82c0a0","Monday","11 am–8 pm"
"0x30e29f00693c9349:0x412a219dc82c0a0","Tuesday","11 am–8 pm"
"0x30e29f00693c9349:0x412a219dc82c0a0","Wednesday","11 am–8 pm"
"0x311d7dc5bbc42473:0x6bdea5173b63bfbc","Thursday","10 am–8 pm"
"0x311d7dc5bbc42473:0x6bdea5173b63bfbc","Friday","10 am–8 pm"
"0x311d7dc5bbc42473:0x6bdea5173b63bfbc","Saturday","10 am–8 pm"
"0x311d7dc5bbc42473:0x6bdea5173b63bfbc","Sunday","10 am–8 pm"
"0x311d7dc5bbc42473:0x6bdea5173b63bfbc","Monday","Closed"
"0x311d7dc5bbc42473:0x6bdea5173b63bfbc","Tuesday","10 am–8 pm"
"0x311d7dc5bbc42473:0x6bdea5173b63bfbc","Wednesday","10 am–8 pm"
"0x30e29701ddb92a33:0xb1acc5251708aa69","Thursday","9 am–8 pm"
"0x30e29701ddb92a33:0xb1acc5251708aa69","Friday","9 am–8 pm"
"0x30e29701ddb92a33:0xb1acc5251708aa69","Saturday","9 am–8 pm"
"0x30e29701ddb92a33:0xb1acc5251708aa69","Sunday","9 am–8 pm"
"0x30e29701ddb92a33:0xb1acc5251708aa69","Monday","9 am–8 pm"
"0x30e29701ddb92a33:0xb1acc5251708aa69","Tuesday","9 am–8 pm"
"0x30e29701ddb92a33:0xb1acc5251708aa69","Wednesday","9 am–8 pm"
"0x30e2973534a344e7:0xec337c49f0cf902f","Thursday","7 am–7:30 pm"
"0x30e2973534a344e7:0xec337c49f0cf902f","Friday","7 am–7:30 pm"
"0x30e2973534a344e7:0xec337c49f0cf902f","Saturday","7 am–7:30 pm"
"0x30e2973534a344e7:0xec337c49f0cf902f","Sunday","7 am–7:30 pm"
"0x30e2973534a344e7:0xec337c49f0cf902f","Monday","7 am–7:30 pm"
"0x30e2973534a344e7:0xec337c49f0cf902f","Tuesday","7 am–7:30 pm"
"0x30e2973534a344e7:0xec337c49f0cf902f","Wednesday","7 am–7:30 pm"
"0x30e29377c34649a9:0x88e91e8d8fb109d","Thursday","10 AM–8 PM"
"0x30e29377c34649a9:0x88e91e8d8fb109d","Friday","10 AM–8 PM"
"0x30e29377c34649a9:0x88e91e8d8fb109d","Saturday","10 AM–8 PM"
"0x30e29377c34649a9:0x88e91e8d8fb109d","Sunday","10 AM–7 PM"
"0x30e29377c34649a9:0x88e91e8d8fb109d","Monday","10 AM–8 PM"
"0x30e29377c34649a9:0x88e91e8d8fb109d","Tuesday","10 AM–8 PM"
"0x30e29377c34649a9:0x88e91e8d8fb109d","Wednesday","10 AM–8 PM"
"0x311d5e44ca62c347:0xcf319c7da0c90e8b","Thursday","10 am–8 pm"
"0x311d5e44ca62c347:0xcf319c7da0c90e8b","Friday","10 am–8 pm"
"0x311d5e44ca62c347:0xcf319c7da0c90e8b","Saturday","10 am–8 pm"
"0x311d5e44ca62c347:0xcf319c7da0c90e8b","Sunday","10 am–8 pm"
"0x311d5e44ca62c347:0xcf319c7da0c90e8b","Monday","10 am–8 pm"
"0x311d5e44ca62c347:0xcf319c7da0c90e8b","Tuesday","10 am–8 pm"
"0x311d5e44ca62c347:0xcf319c7da0c90e8b","Wednesday","10 am–8 pm"
"0x30e2a0b5536308c7:0xf8cee41c78a8995c","Thursday","9 am–9 pm"
"0x30e2a0b5536308c7:0xf8cee41c78a8995c","Friday","9 am–9 pm"
"0x30e2a0b5536308c7:0xf8cee41c78a8995c","Saturday","9 am–9 pm"
"0x30e2a0b5536308c7:0xf8cee41c78a8995c","Sunday","9 am–9 pm"
"0x30e2a0b5536308c7:0xf8cee41c78a8995c","Monday","9 am–9 pm"
"0x30e2a0b5536308c7:0xf8cee41c78a8995c","Tuesday","9 am–9 pm"
"0x30e2a0b5536308c7:0xf8cee41c78a8995c","Wednesday","9 am–9 pm"
"0x30e29f63ebe3934b:0xc8a43062bcf64b5f","Thursday","11 am–8 pm"
"0x30e29f63ebe3934b:0xc8a43062bcf64b5f","Friday","11 am–8 pm"
"0x30e29f63ebe3934b:0xc8a43062bcf64b5f","Saturday","11 am–8 pm"
"0x30e29f63ebe3934b:0xc8a43062bcf64b5f","Sunday","11 am–8 pm"
"0x30e29f63ebe3934b:0xc8a43062bcf64b5f","Monday","11 am–8 pm"
"0x30e29f63ebe3934b:0xc8a43062bcf64b5f","Tuesday","11 am–8 pm"
"0x30e29f63ebe3934b:0xc8a43062bcf64b5f","Wednesday","11 am–8 pm"
"0x311d6309a1f61235:0x955332cec18510d8","Thursday","9:30 am–7:30 pm"
"0x311d6309a1f61235:0x955332cec18510d8","Friday","9:30 am–7:30 pm"
"0x311d6309a1f61235:0x955332cec18510d8","Saturday","9 am–7 pm"
"0x311d6309a1f61235:0x955332cec18510d8","Sunday","9 am–6 pm"
"0x311d6309a1f61235:0x955332cec18510d8","Monday","9:30 am–7:30 pm"
"0x311d6309a1f61235:0x955332cec18510d8","Tuesday","9:30 am–7:30 pm"
"0x311d6309a1f61235:0x955332cec18510d8","Wednesday","9:30 am–7:30 pm"
"0x311d5f07801c12ab:0x4ade694735580ffb","Thursday","9 am–8 pm"
"0x311d5f07801c12ab:0x4ade694735580ffb","Friday","9 am–8 pm"
"0x311d5f07801c12ab:0x4ade694735580ffb","Saturday","9 am–8 pm"
"0x311d5f07801c12ab:0x4ade694735580ffb","Sunday","9 am–8 pm"
"0x311d5f07801c12ab:0x4ade694735580ffb","Monday","9 am–8 pm"
"0x311d5f07801c12ab:0x4ade694735580ffb","Tuesday","9 am–8 pm"
"0x311d5f07801c12ab:0x4ade694735580ffb","Wednesday","9 am–8 pm"
"0x30e2a7a2ce84203b:0xd08a8a0fdd071f12","Thursday","12–10 pm"
"0x30e2a7a2ce84203b:0xd08a8a0fdd071f12","Friday","12–10 pm"
"0x30e2a7a2ce84203b:0xd08a8a0fdd071f12","Saturday","12–10 pm"
"0x30e2a7a2ce84203b:0xd08a8a0fdd071f12","Sunday","12–10 pm"
"0x30e2a7a2ce84203b:0xd08a8a0fdd071f12","Monday","12–10 pm"
"0x30e2a7a2ce84203b:0xd08a8a0fdd071f12","Tuesday","12–10 pm"
"0x30e2a7a2ce84203b:0xd08a8a0fdd071f12","Wednesday","12–10 pm"
"0x30e2a07d252d80df:0x498cdb53fd2d4364","Thursday","9.00 am–8.00 pm"
"0x30e2a07d252d80df:0x498cdb53fd2d4364","Friday","9.00 am–8.00 pm"
"0x30e2a07d252d80df:0x498cdb53fd2d4364","Saturday","9.00 am–8.00 pm"
"0x30e2a07d252d80df:0x498cdb53fd2d4364","Sunday","9.00 am–8.00 pm"
"0x30e2a07d252d80df:0x498cdb53fd2d4364","Monday","9.00 am–8.00 pm"
"0x30e2a07d252d80df:0x498cdb53fd2d4364","Tuesday","9.00 am–8.00 pm"
"0x30e2a07d252d80df:0x498cdb53fd2d4364","Wednesday","9.00 am–8.00 pm"
"0x311d5ffbbc4ab6ed:0xb9deacad9370c9b1","Thursday","10:30 am–7:30 pm"
"0x311d5ffbbc4ab6ed:0xb9deacad9370c9b1","Friday","10:30 am–7:30 pm"
"0x311d5ffbbc4ab6ed:0xb9deacad9370c9b1","Saturday","10:30 am–7:30 pm"
"0x311d5ffbbc4ab6ed:0xb9deacad9370c9b1","Sunday","10:30 am–7:30 pm"
"0x311d5ffbbc4ab6ed:0xb9deacad9370c9b1","Monday","10:30 am–7:30 pm"
"0x311d5ffbbc4ab6ed:0xb9deacad9370c9b1","Tuesday","10:30 am–7:30 pm"
"0x311d5ffbbc4ab6ed:0xb9deacad9370c9b1","Wednesday","10:30 am–7:30 pm"
"0x311d62babb8fb599:0x59aa6dd4d455a570","Thursday","10.00 am–8.00 pm"
"0x311d62babb8fb599:0x59aa6dd4d455a570","Friday","10.00 am–8.00 pm"
"0x311d62babb8fb599:0x59aa6dd4d455a570","Saturday","10.00 am–8.00 pm"
"0x311d62babb8fb599:0x59aa6dd4d455a570","Sunday","10.00 am–8.00 pm"
"0x311d62babb8fb599:0x59aa6dd4d455a570","Monday","10.00 am–8.00 pm"
"0x311d62babb8fb599:0x59aa6dd4d455a570","Tuesday","10.00 am–8.00 pm"
"0x311d62babb8fb599:0x59aa6dd4d455a570","Wednesday","10.00 am–8.00 pm"
"0x30e29d870b99abb5:0x13c697dea18d0999","Thursday","11 am–7 pm"
"0x30e29d870b99abb5:0x13c697dea18d0999","Friday","11 am–7 pm"
"0x30e29d870b99abb5:0x13c697dea18d0999","Saturday","11 am–7 pm"
"0x30e29d870b99abb5:0x13c697dea18d0999","Sunday","11 am–7 pm"
"0x30e29d870b99abb5:0x13c697dea18d0999","Monday","11 am–7 pm"
"0x30e29d870b99abb5:0x13c697dea18d0999","Tuesday","11 am–7 pm"
"0x30e29d870b99abb5:0x13c697dea18d0999","Wednesday","11 am–7 pm"
"0x30e283107f4db845:0x889031907578b946","Thursday","11 am–8 pm"
"0x30e283107f4db845:0x889031907578b946","Friday","11 am–8 pm"
"0x30e283107f4db845:0x889031907578b946","Saturday","11 am–8 pm"
"0x30e283107f4db845:0x889031907578b946","Sunday","11 am–8 pm"
"0x30e283107f4db845:0x889031907578b946","Monday","11 am–8 pm"
"0x30e283107f4db845:0x889031907578b946","Tuesday","11 am–8 pm"
"0x30e283107f4db845:0x889031907578b946","Wednesday","11 am–8 pm"
"0x30e28f680c1fb0ad:0x7feb2f88b823d9e5","Thursday","10 am–8 pm"
"0x30e28f680c1fb0ad:0x7feb2f88b823d9e5","Friday","10 am–8 pm"
"0x30e28f680c1fb0ad:0x7feb2f88b823d9e5","Saturday","10 am–8 pm"
"0x30e28f680c1fb0ad:0x7feb2f88b823d9e5","Sunday","10 am–8 pm"
"0x30e28f680c1fb0ad:0x7feb2f88b823d9e5","Monday","10 am–8 pm"
"0x30e28f680c1fb0ad:0x7feb2f88b823d9e5","Tuesday","10 am–8 pm"
"0x30e28f680c1fb0ad:0x7feb2f88b823d9e5","Wednesday","10 am–8 pm"
"0x30e28f7ee596ec03:0x91a03322df50a849","Thursday","10 am–8 pm"
"0x30e28f7ee596ec03:0x91a03322df50a849","Friday","10 am–8 pm"
"0x30e28f7ee596ec03:0x91a03322df50a849","Saturday","10:30 am–8 pm"
"0x30e28f7ee596ec03:0x91a03322df50a849","Sunday","10:30 am–8 pm"
"0x30e28f7ee596ec03:0x91a03322df50a849","Monday","10 am–8 pm"
"0x30e28f7ee596ec03:0x91a03322df50a849","Tuesday","10 am–8 pm"
"0x30e28f7ee596ec03:0x91a03322df50a849","Wednesday","10 am–8 pm"
"0x311d6306aaaaaaab:0xe8271260cc5f7294","Thursday","8:30 am–8 pm"
"0x311d6306aaaaaaab:0xe8271260cc5f7294","Friday","8:30 am–8 pm"
"0x311d6306aaaaaaab:0xe8271260cc5f7294","Saturday","8:30 am–8 pm"
"0x311d6306aaaaaaab:0xe8271260cc5f7294","Sunday","8:30 am–8 pm"
"0x311d6306aaaaaaab:0xe8271260cc5f7294","Monday","8:30 am–8 pm"
"0x311d6306aaaaaaab:0xe8271260cc5f7294","Tuesday","8:30 am–8 pm"
"0x311d6306aaaaaaab:0xe8271260cc5f7294","Wednesday","8:30 am–8 pm"
"0x30e281b095bce29b:0xcee44b33d8d8fc12","Thursday","10:30 am–8 pm"
"0x30e281b095bce29b:0xcee44b33d8d8fc12","Friday","10:30 am–8 pm"
"0x30e281b095bce29b:0xcee44b33d8d8fc12","Saturday","10:30 am–8 pm"
"0x30e281b095bce29b:0xcee44b33d8d8fc12","Sunday","10:30 am–8 pm"
"0x30e281b095bce29b:0xcee44b33d8d8fc12","Monday","10:30 am–8 pm"
"0x30e281b095bce29b:0xcee44b33d8d8fc12","Tuesday","10:30 am–8 pm"
"0x30e281b095bce29b:0xcee44b33d8d8fc12","Wednesday","10:30 am–8 pm"
"0x30e29ab2cba107a5:0x83fa84f3962f42b8","Thursday","10 am–8 pm"
"0x30e29ab2cba107a5:0x83fa84f3962f42b8","Friday","10 am–8 pm"
"0x30e29ab2cba107a5:0x83fa84f3962f42b8","Saturday","10 am–8 pm"
"0x30e29ab2cba107a5:0x83fa84f3962f42b8","Sunday","10 am–6 pm"
"0x30e29ab2cba107a5:0x83fa84f3962f42b8","Monday","10 am–8 pm"
"0x30e29ab2cba107a5:0x83fa84f3962f42b8","Tuesday","10 am–8 pm"
"0x30e29ab2cba107a5:0x83fa84f3962f42b8","Wednesday","10 am–8 pm"
"0x311d5fe9173fb217:0xa1e1db7367d20760","Thursday","10:30 am–8 pm"
"0x311d5fe9173fb217:0xa1e1db7367d20760","Friday","10:30 am–8 pm"
"0x311d5fe9173fb217:0xa1e1db7367d20760","Saturday","10:30 am–8 pm"
"0x311d5fe9173fb217:0xa1e1db7367d20760","Sunday","10:30 am–8 pm"
"0x311d5fe9173fb217:0xa1e1db7367d20760","Monday","10:30 am–8 pm"
"0x311d5fe9173fb217:0xa1e1db7367d20760","Tuesday","10:30 am–8 pm"
"0x311d5fe9173fb217:0xa1e1db7367d20760","Wednesday","10:30 am–8 pm"
"0x311d5fef28a1eb3b:0x909a2bb9e96e13f3","Thursday","10 am–7 pm"
"0x311d5fef28a1eb3b:0x909a2bb9e96e13f3","Friday","10 am–7 pm"
"0x311d5fef28a1eb3b:0x909a2bb9e96e13f3","Saturday","10 am–7 pm"
"0x311d5fef28a1eb3b:0x909a2bb9e96e13f3","Sunday","10 am–7 pm"
"0x311d5fef28a1eb3b:0x909a2bb9e96e13f3","Monday","10 am–7 pm"
"0x311d5fef28a1eb3b:0x909a2bb9e96e13f3","Tuesday","10 am–7 pm"
"0x311d5fef28a1eb3b:0x909a2bb9e96e13f3","Wednesday","10 am–7 pm"
"0x30e2bd3820f94891:0xf0cc2d678a84f460","Thursday","10 AM–7:30 PM"
"0x30e2bd3820f94891:0xf0cc2d678a84f460","Friday","10 AM–7:30 PM"
"0x30e2bd3820f94891:0xf0cc2d678a84f460","Saturday","10 AM–7:30 PM"
"0x30e2bd3820f94891:0xf0cc2d678a84f460","Sunday","10 AM–7:30 PM"
"0x30e2bd3820f94891:0xf0cc2d678a84f460","Monday","10 AM–7:30 PM"
"0x30e2bd3820f94891:0xf0cc2d678a84f460","Tuesday","10 AM–7:30 PM"
"0x30e2bd3820f94891:0xf0cc2d678a84f460","Wednesday","10 AM–7:30 PM"
"0x311d67906cd54a03:0x50c20d545601537b","Thursday","11 am–8 pm"
"0x311d67906cd54a03:0x50c20d545601537b","Friday","11 am–8 pm"
"0x311d67906cd54a03:0x50c20d545601537b","Saturday","11 am–8 pm"
"0x311d67906cd54a03:0x50c20d545601537b","Sunday","11 am–8 pm"
"0x311d67906cd54a03:0x50c20d545601537b","Monday","11 am–8 pm"
"0x311d67906cd54a03:0x50c20d545601537b","Tuesday","11 am–8 pm"
"0x311d67906cd54a03:0x50c20d545601537b","Wednesday","11 am–8 pm"
"0x311d62e0557cd3c1:0x10bd52bbd6de07dd","Thursday","9:30 am–8:30 pm"
"0x311d62e0557cd3c1:0x10bd52bbd6de07dd","Friday","9:30 am–8:30 pm"
"0x311d62e0557cd3c1:0x10bd52bbd6de07dd","Saturday","9:30 am–8:30 pm"
"0x311d62e0557cd3c1:0x10bd52bbd6de07dd","Sunday","9:30 am–8:30 pm"
"0x311d62e0557cd3c1:0x10bd52bbd6de07dd","Monday","9:30 am–8:30 pm"
"0x311d62e0557cd3c1:0x10bd52bbd6de07dd","Tuesday","9:30 am–8:30 pm"
"0x311d62e0557cd3c1:0x10bd52bbd6de07dd","Wednesday","9:30 am–8:30 pm"
"0x311d5f7bb314dff9:0x926857912fecdffe","Thursday","10 am–8 pm"
"0x311d5f7bb314dff9:0x926857912fecdffe","Friday","10 am–8 pm"
"0x311d5f7bb314dff9:0x926857912fecdffe","Saturday","10 am–8 pm"
"0x311d5f7bb314dff9:0x926857912fecdffe","Sunday","10 am–8 pm"
"0x311d5f7bb314dff9:0x926857912fecdffe","Monday","10 am–8 pm"
"0x311d5f7bb314dff9:0x926857912fecdffe","Tuesday","Closed"
"0x311d5f7bb314dff9:0x926857912fecdffe","Wednesday","10 am–8 pm"
"0x311d5ff192d2cc3b:0x626cb7237f9fba7d","Thursday","8:30 am–5:30 pm"
"0x311d5ff192d2cc3b:0x626cb7237f9fba7d","Friday","8:30 am–5:30 pm"
"0x311d5ff192d2cc3b:0x626cb7237f9fba7d","Saturday","Closed"
"0x311d5ff192d2cc3b:0x626cb7237f9fba7d","Sunday","Closed"
"0x311d5ff192d2cc3b:0x626cb7237f9fba7d","Monday","8:30 am–5:30 pm"
"0x311d5ff192d2cc3b:0x626cb7237f9fba7d","Tuesday","8:30 am–5:30 pm"
"0x311d5ff192d2cc3b:0x626cb7237f9fba7d","Wednesday","8:30 am–5:30 pm"
"0x30e2837d5524206d:0x1b3858848e70c9b5","Thursday","10 am–8 pm"
"0x30e2837d5524206d:0x1b3858848e70c9b5","Friday","10 am–8 pm"
"0x30e2837d5524206d:0x1b3858848e70c9b5","Saturday","10 am–8 pm"
"0x30e2837d5524206d:0x1b3858848e70c9b5","Sunday","10 am–8 pm"
"0x30e2837d5524206d:0x1b3858848e70c9b5","Monday","10 am–8 pm"
"0x30e2837d5524206d:0x1b3858848e70c9b5","Tuesday","10 am–8 pm"
"0x30e2837d5524206d:0x1b3858848e70c9b5","Wednesday","10 am–8 pm"
"0x311d65b44cd6c3f9:0x97d819124b8fe86a","Thursday","10:30 am–8 pm"
"0x311d65b44cd6c3f9:0x97d819124b8fe86a","Friday","10:30 am–8 pm"
"0x311d65b44cd6c3f9:0x97d819124b8fe86a","Saturday","10:30 am–8 pm"
"0x311d65b44cd6c3f9:0x97d819124b8fe86a","Sunday","10:30 am–8 pm"
"0x311d65b44cd6c3f9:0x97d819124b8fe86a","Monday","10:30 am–8 pm"
"0x311d65b44cd6c3f9:0x97d819124b8fe86a","Tuesday","10:30 am–8 pm"
"0x311d65b44cd6c3f9:0x97d819124b8fe86a","Wednesday","10:30 am–8 pm"
"0x311d6306a767eccd:0x93fba466571e59e","Thursday","10 am–7:30 pm"
"0x311d6306a767eccd:0x93fba466571e59e","Friday","10 am–7:30 pm"
"0x311d6306a767eccd:0x93fba466571e59e","Saturday","10 am–7:30 pm"
"0x311d6306a767eccd:0x93fba466571e59e","Sunday","10 am–7:30 pm"
"0x311d6306a767eccd:0x93fba466571e59e","Monday","10 am–7:30 pm"
"0x311d6306a767eccd:0x93fba466571e59e","Tuesday","10 am–7:30 pm"
"0x311d6306a767eccd:0x93fba466571e59e","Wednesday","10 am–7:30 pm"
"0x30e285a7f5778f2b:0xfa70a1a86638a1e4","Thursday","Closed"
"0x30e285a7f5778f2b:0xfa70a1a86638a1e4","Friday","10 am–8 pm"
"0x30e285a7f5778f2b:0xfa70a1a86638a1e4","Saturday","10 am–8 pm"
"0x30e285a7f5778f2b:0xfa70a1a86638a1e4","Sunday","10 am–8 pm"
"0x30e285a7f5778f2b:0xfa70a1a86638a1e4","Monday","10 am–8 pm"
"0x30e285a7f5778f2b:0xfa70a1a86638a1e4","Tuesday","Closed"
"0x30e285a7f5778f2b:0xfa70a1a86638a1e4","Wednesday","Closed"
"0x30e28fba5bbe432d:0xd685d4a5654f4cd1","Thursday","9:30 am–7:30 pm"
"0x30e28fba5bbe432d:0xd685d4a5654f4cd1","Friday","9:30 am–7:30 pm"
"0x30e28fba5bbe432d:0xd685d4a5654f4cd1","Saturday","9 am–7 pm"
"0x30e28fba5bbe432d:0xd685d4a5654f4cd1","Sunday","9 am–6 pm"
"0x30e28fba5bbe432d:0xd685d4a5654f4cd1","Monday","9:30 am–7:30 pm"
"0x30e28fba5bbe432d:0xd685d4a5654f4cd1","Tuesday","9:30 am–7:30 pm"
"0x30e28fba5bbe432d:0xd685d4a5654f4cd1","Wednesday","9:30 am–7:30 pm"
"0x311d63d68d51387b:0xe97f8e6ff496f809","Thursday","9 am–6 pm"
"0x311d63d68d51387b:0xe97f8e6ff496f809","Friday","9 am–7 pm"
"0x311d63d68d51387b:0xe97f8e6ff496f809","Saturday","10 am–7 pm"
"0x311d63d68d51387b:0xe97f8e6ff496f809","Sunday","9 am–5 pm"
"0x311d63d68d51387b:0xe97f8e6ff496f809","Monday","9 am–7 pm"
"0x311d63d68d51387b:0xe97f8e6ff496f809","Tuesday","Closed"
"0x311d63d68d51387b:0xe97f8e6ff496f809","Wednesday","9 am–7 pm"
"0x311d614d20c21cd5:0x62c18c2070363de0","Thursday","10 am–3:30 pm"
"0x311d614d20c21cd5:0x62c18c2070363de0","Friday","10 am–8 pm"
"0x311d614d20c21cd5:0x62c18c2070363de0","Saturday","10 am–7 pm"
"0x311d614d20c21cd5:0x62c18c2070363de0","Sunday","10 am–5 pm"
"0x311d614d20c21cd5:0x62c18c2070363de0","Monday","Closed"
"0x311d614d20c21cd5:0x62c18c2070363de0","Tuesday","10 am–8 pm"
"0x311d614d20c21cd5:0x62c18c2070363de0","Wednesday","10 am–3:30 pm"
"0x311d603c30a0eb9b:0x3bf7d305b40507e","Thursday","9:30 am–7:30 pm"
"0x311d603c30a0eb9b:0x3bf7d305b40507e","Friday","9:30 am–7:30 pm"
"0x311d603c30a0eb9b:0x3bf7d305b40507e","Saturday","9 am–7 pm"
"0x311d603c30a0eb9b:0x3bf7d305b40507e","Sunday","9 am–6 pm"
"0x311d603c30a0eb9b:0x3bf7d305b40507e","Monday","9:30 am–7:30 pm"
"0x311d603c30a0eb9b:0x3bf7d305b40507e","Tuesday","9:30 am–7:30 pm"
"0x311d603c30a0eb9b:0x3bf7d305b40507e","Wednesday","9:30 am–7:30 pm"
"0x311d598413c68795:0x7e11c506a1d6d2c6","Thursday","10 am–8 pm"
"0x311d598413c68795:0x7e11c506a1d6d2c6","Friday","10 am–8 pm"
"0x311d598413c68795:0x7e11c506a1d6d2c6","Saturday","10 am–8 pm"
"0x311d598413c68795:0x7e11c506a1d6d2c6","Sunday","10 am–8 pm"
"0x311d598413c68795:0x7e11c506a1d6d2c6","Monday","10 am–8 pm"
"0x311d598413c68795:0x7e11c506a1d6d2c6","Tuesday","10 am–8 pm"
"0x311d598413c68795:0x7e11c506a1d6d2c6","Wednesday","10 am–8 pm"
"0x311d63b8c2648869:0x93b4c8f8892292a2","Thursday","10 am–8 pm"
"0x311d63b8c2648869:0x93b4c8f8892292a2","Friday","10 am–8 pm"
"0x311d63b8c2648869:0x93b4c8f8892292a2","Saturday","10 am–8 pm"
"0x311d63b8c2648869:0x93b4c8f8892292a2","Sunday","10 am–8 pm"
"0x311d63b8c2648869:0x93b4c8f8892292a2","Monday","10 am–8 pm"
"0x311d63b8c2648869:0x93b4c8f8892292a2","Tuesday","10 am–8 pm"
"0x311d63b8c2648869:0x93b4c8f8892292a2","Wednesday","10 am–8 pm"
"0x311d6347bfa5475d:0x229981b46e7e7e50","Thursday","10 am–9 pm"
"0x311d6347bfa5475d:0x229981b46e7e7e50","Friday","10 am–9 pm"
"0x311d6347bfa5475d:0x229981b46e7e7e50","Saturday","10 am–9 pm"
"0x311d6347bfa5475d:0x229981b46e7e7e50","Sunday","10 am–9 pm"
"0x311d6347bfa5475d:0x229981b46e7e7e50","Monday","10 am–9 pm"
"0x311d6347bfa5475d:0x229981b46e7e7e50","Tuesday","10 am–9 pm"
"0x311d6347bfa5475d:0x229981b46e7e7e50","Wednesday","10 am–9 pm"
"0x30e295820563d971:0x36e26a5b099c54c0","Thursday","10:30 am–8 pm"
"0x30e295820563d971:0x36e26a5b099c54c0","Friday","10:30 am–8 pm"
"0x30e295820563d971:0x36e26a5b099c54c0","Saturday","10:30 am–8 pm"
"0x30e295820563d971:0x36e26a5b099c54c0","Sunday","10:30 am–8 pm"
"0x30e295820563d971:0x36e26a5b099c54c0","Monday","Closed"
"0x30e295820563d971:0x36e26a5b099c54c0","Tuesday","10:30 am–8 pm"
"0x30e295820563d971:0x36e26a5b099c54c0","Wednesday","10:30 am–8 pm"
"0x30e295e476fe5ab5:0xbe767a92b157c5ba","Thursday","10 am–7:30 pm"
"0x30e295e476fe5ab5:0xbe767a92b157c5ba","Friday","10 am–7:30 pm"
"0x30e295e476fe5ab5:0xbe767a92b157c5ba","Saturday","9:30 am–6 pm"
"0x30e295e476fe5ab5:0xbe767a92b157c5ba","Sunday","9:30 am–6 pm"
"0x30e295e476fe5ab5:0xbe767a92b157c5ba","Monday","10 am–7:30 pm"
"0x30e295e476fe5ab5:0xbe767a92b157c5ba","Tuesday","10 am–7:30 pm"
"0x30e295e476fe5ab5:0xbe767a92b157c5ba","Wednesday","Closed"
"0x30e2bd29098944b5:0x837945adb6ddb8a7","Thursday","10 am–8 pm"
"0x30e2bd29098944b5:0x837945adb6ddb8a7","Friday","10 am–8 pm"
"0x30e2bd29098944b5:0x837945adb6ddb8a7","Saturday","10 am–8 pm"
"0x30e2bd29098944b5:0x837945adb6ddb8a7","Sunday","10 am–8 pm"
"0x30e2bd29098944b5:0x837945adb6ddb8a7","Monday","10 am–8 pm"
"0x30e2bd29098944b5:0x837945adb6ddb8a7","Tuesday","10 am–8 pm"
"0x30e2bd29098944b5:0x837945adb6ddb8a7","Wednesday","10 am–8 pm"
"0x30e2a3e25149dec5:0xef5572fb697bf88a","Thursday","10 am–8 pm"
"0x30e2a3e25149dec5:0xef5572fb697bf88a","Friday","10 am–8 pm"
"0x30e2a3e25149dec5:0xef5572fb697bf88a","Saturday","10 am–8 pm"
"0x30e2a3e25149dec5:0xef5572fb697bf88a","Sunday","10 am–8 pm"
"0x30e2a3e25149dec5:0xef5572fb697bf88a","Monday","10 am–8 pm"
"0x30e2a3e25149dec5:0xef5572fb697bf88a","Tuesday","10 am–8 pm"
"0x30e2a3e25149dec5:0xef5572fb697bf88a","Wednesday","10 am–8 pm"
"0x30e29708941dd397:0xdfdfc04e05f1a25f","Thursday","9 am–8 pm"
"0x30e29708941dd397:0xdfdfc04e05f1a25f","Friday","9 am–8 pm"
"0x30e29708941dd397:0xdfdfc04e05f1a25f","Saturday","9 am–8 pm"
"0x30e29708941dd397:0xdfdfc04e05f1a25f","Sunday","9 am–8 pm"
"0x30e29708941dd397:0xdfdfc04e05f1a25f","Monday","9 am–8 pm"
"0x30e29708941dd397:0xdfdfc04e05f1a25f","Tuesday","9 am–8 pm"
"0x30e29708941dd397:0xdfdfc04e05f1a25f","Wednesday","9 am–8 pm"
"0x30e28772265a1819:0x5d31c25a4bcb6c64","Thursday","10 am–8 pm"
"0x30e28772265a1819:0x5d31c25a4bcb6c64","Friday","10 am–8 pm"
"0x30e28772265a1819:0x5d31c25a4bcb6c64","Saturday","10 am–8 pm"
"0x30e28772265a1819:0x5d31c25a4bcb6c64","Sunday","10 am–8 pm"
"0x30e28772265a1819:0x5d31c25a4bcb6c64","Monday","10 am–8 pm"
"0x30e28772265a1819:0x5d31c25a4bcb6c64","Tuesday","10 am–8 pm"
"0x30e28772265a1819:0x5d31c25a4bcb6c64","Wednesday","10 am–8 pm"
"0x30e285005990f139:0xaeaa0e8759e65151","Thursday","10 am–8 pm"
"0x30e285005990f139:0xaeaa0e8759e65151","Friday","10 am–8 pm"
"0x30e285005990f139:0xaeaa0e8759e65151","Saturday","10 am–8 pm"
"0x30e285005990f139:0xaeaa0e8759e65151","Sunday","10 am–8 pm"
"0x30e285005990f139:0xaeaa0e8759e65151","Monday","10 am–8 pm"
"0x30e285005990f139:0xaeaa0e8759e65151","Tuesday","10 am–8 pm"
"0x30e285005990f139:0xaeaa0e8759e65151","Wednesday","10 am–8 pm"
"0x30e28f003b0390bf:0x337fc247a17e0ea8","Thursday","9 am–8 pm"
"0x30e28f003b0390bf:0x337fc247a17e0ea8","Friday","9 am–8 pm"
"0x30e28f003b0390bf:0x337fc247a17e0ea8","Saturday","9 am–8 pm"
"0x30e28f003b0390bf:0x337fc247a17e0ea8","Sunday","9 am–8 pm"
"0x30e28f003b0390bf:0x337fc247a17e0ea8","Monday","9 am–8 pm"
"0x30e28f003b0390bf:0x337fc247a17e0ea8","Tuesday","9 am–8 pm"
"0x30e28f003b0390bf:0x337fc247a17e0ea8","Wednesday","9 am–8 pm"
"0x311d5f61b45ac3f5:0x1dd87deedf464b8e","Thursday","11 am–8 pm"
"0x311d5f61b45ac3f5:0x1dd87deedf464b8e","Friday","11 am–8 pm"
"0x311d5f61b45ac3f5:0x1dd87deedf464b8e","Saturday","11 am–8 pm"
"0x311d5f61b45ac3f5:0x1dd87deedf464b8e","Sunday","11 am–8 pm"
"0x311d5f61b45ac3f5:0x1dd87deedf464b8e","Monday","11 am–8 pm"
"0x311d5f61b45ac3f5:0x1dd87deedf464b8e","Tuesday","11 am–8 pm"
"0x311d5f61b45ac3f5:0x1dd87deedf464b8e","Wednesday","11 am–8 pm"
"0x311d5fe7690742cd:0x3395d7a5c8c6bd52","Thursday","10 am–8 pm"
"0x311d5fe7690742cd:0x3395d7a5c8c6bd52","Friday","10 am–8 pm"
"0x311d5fe7690742cd:0x3395d7a5c8c6bd52","Saturday","10 am–8 pm"
"0x311d5fe7690742cd:0x3395d7a5c8c6bd52","Sunday","10 am–8 pm"
"0x311d5fe7690742cd:0x3395d7a5c8c6bd52","Monday","10 am–8 pm"
"0x311d5fe7690742cd:0x3395d7a5c8c6bd52","Tuesday","Closed"
"0x311d5fe7690742cd:0x3395d7a5c8c6bd52","Wednesday","10 am–8 pm"
"0x311d594fd2bd1fa1:0x6e7c0cdad753c63a","Thursday","10 am–7 pm"
"0x311d594fd2bd1fa1:0x6e7c0cdad753c63a","Friday","10 am–7 pm"
"0x311d594fd2bd1fa1:0x6e7c0cdad753c63a","Saturday","10 am–7 pm"
"0x311d594fd2bd1fa1:0x6e7c0cdad753c63a","Sunday","9 am–6 pm"
"0x311d594fd2bd1fa1:0x6e7c0cdad753c63a","Monday","10 am–7 pm"
"0x311d594fd2bd1fa1:0x6e7c0cdad753c63a","Tuesday","10 am–7 pm"
"0x311d594fd2bd1fa1:0x6e7c0cdad753c63a","Wednesday","10 am–7 pm"
"0x30e283c55f2a3e3d:0x611a7e40c2be2382","Thursday","10 am–7:30 pm"
"0x30e283c55f2a3e3d:0x611a7e40c2be2382","Friday","10 am–7:30 pm"
"0x30e283c55f2a3e3d:0x611a7e40c2be2382","Saturday","10 am–7:30 pm"
"0x30e283c55f2a3e3d:0x611a7e40c2be2382","Sunday","10 am–7:30 pm"
"0x30e283c55f2a3e3d:0x611a7e40c2be2382","Monday","10 am–7:30 pm"
"0x30e283c55f2a3e3d:0x611a7e40c2be2382","Tuesday","10 am–7:30 pm"
"0x30e283c55f2a3e3d:0x611a7e40c2be2382","Wednesday","10 am–7:30 pm"
"0x30e2854edcda9751:0xddbc4643b0d2a3cc","Thursday","10 AM–8 PM"
"0x30e2854edcda9751:0xddbc4643b0d2a3cc","Friday","10 AM–8 PM"
"0x30e2854edcda9751:0xddbc4643b0d2a3cc","Saturday","10 AM–8 PM"
"0x30e2854edcda9751:0xddbc4643b0d2a3cc","Sunday","10 AM–8 PM"
"0x30e2854edcda9751:0xddbc4643b0d2a3cc","Monday","10 AM–8 PM"
"0x30e2854edcda9751:0xddbc4643b0d2a3cc","Tuesday","10 AM–8 PM"
"0x30e2854edcda9751:0xddbc4643b0d2a3cc","Wednesday","10 AM–8 PM"
"0x30e28386b0489923:0xebebafc3011be73f","Thursday","10 am–8 pm"
"0x30e28386b0489923:0xebebafc3011be73f","Friday","10 am–8 pm"
"0x30e28386b0489923:0xebebafc3011be73f","Saturday","10 am–8 pm"
"0x30e28386b0489923:0xebebafc3011be73f","Sunday","10 am–8 pm"
"0x30e28386b0489923:0xebebafc3011be73f","Monday","10 am–8 pm"
"0x30e28386b0489923:0xebebafc3011be73f","Tuesday","10 am–8 pm"
"0x30e28386b0489923:0xebebafc3011be73f","Wednesday","Closed"
"0x30e2837f2bc4e4d7:0x630ab8a4d6c4b85d","Thursday","10 AM–8 PM"
"0x30e2837f2bc4e4d7:0x630ab8a4d6c4b85d","Friday","10 AM–8 PM"
"0x30e2837f2bc4e4d7:0x630ab8a4d6c4b85d","Saturday","10 AM–8 PM"
"0x30e2837f2bc4e4d7:0x630ab8a4d6c4b85d","Sunday","10 AM–8 PM"
"0x30e2837f2bc4e4d7:0x630ab8a4d6c4b85d","Monday","10 AM–8 PM"
"0x30e2837f2bc4e4d7:0x630ab8a4d6c4b85d","Tuesday","10 AM–8 PM"
"0x30e2837f2bc4e4d7:0x630ab8a4d6c4b85d","Wednesday","10 AM–8 PM"
"0x30e283002925225b:0xc0296532b40accd2","Thursday","8:30 am–7:30 pm"
"0x30e283002925225b:0xc0296532b40accd2","Friday","8:30 am–7:30 pm"
"0x30e283002925225b:0xc0296532b40accd2","Saturday","8:30 am–7:30 pm"
"0x30e283002925225b:0xc0296532b40accd2","Sunday","8:30 am–7:30 pm"
"0x30e283002925225b:0xc0296532b40accd2","Monday","8:30 am–7:30 pm"
"0x30e283002925225b:0xc0296532b40accd2","Tuesday","8:30 am–7:30 pm"
"0x30e283002925225b:0xc0296532b40accd2","Wednesday","8:30 am–7:30 pm"
"0x30e283bbc835f5eb:0xb19a02f1385ddd91","Thursday","10 am–8 pm"
"0x30e283bbc835f5eb:0xb19a02f1385ddd91","Friday","10 am–8 pm"
"0x30e283bbc835f5eb:0xb19a02f1385ddd91","Saturday","10 am–8 pm"
"0x30e283bbc835f5eb:0xb19a02f1385ddd91","Sunday","10 am–8 pm"
"0x30e283bbc835f5eb:0xb19a02f1385ddd91","Monday","10 am–8 pm"
"0x30e283bbc835f5eb:0xb19a02f1385ddd91","Tuesday","10 am–8 pm"
"0x30e283bbc835f5eb:0xb19a02f1385ddd91","Wednesday","10 am–8 pm"
"0x311d6147755da50d:0x39d0b01c645499d0","Thursday","7 am–5 pm"
"0x311d6147755da50d:0x39d0b01c645499d0","Friday","7 am–5 pm"
"0x311d6147755da50d:0x39d0b01c645499d0","Saturday","9 am–12 pm"
"0x311d6147755da50d:0x39d0b01c645499d0","Sunday","9 am–12 pm"
"0x311d6147755da50d:0x39d0b01c645499d0","Monday","7 am–5 pm"
"0x311d6147755da50d:0x39d0b01c645499d0","Tuesday","7 am–5 pm"
"0x311d6147755da50d:0x39d0b01c645499d0","Wednesday","7 am–5 pm"
"0x30e29701d99377bb:0x7b09233900deac89","Thursday","10 am–7 pm"
"0x30e29701d99377bb:0x7b09233900deac89","Friday","10 am–7 pm"
"0x30e29701d99377bb:0x7b09233900deac89","Saturday","10 am–7 pm"
"0x30e29701d99377bb:0x7b09233900deac89","Sunday","10 am–7 pm"
"0x30e29701d99377bb:0x7b09233900deac89","Monday","10 am–7 pm"
"0x30e29701d99377bb:0x7b09233900deac89","Tuesday","10 am–7 pm"
"0x30e29701d99377bb:0x7b09233900deac89","Wednesday","10 am–7 pm"
"0x311d635e0239ac01:0xb012ce1face2d9e2","Thursday","10 am–8 pm"
"0x311d635e0239ac01:0xb012ce1face2d9e2","Friday","10 am–8 pm"
"0x311d635e0239ac01:0xb012ce1face2d9e2","Saturday","10 am–8 pm"
"0x311d635e0239ac01:0xb012ce1face2d9e2","Sunday","10 am–8 pm"
"0x311d635e0239ac01:0xb012ce1face2d9e2","Monday","10 am–8 pm"
"0x311d635e0239ac01:0xb012ce1face2d9e2","Tuesday","10 am–8 pm"
"0x311d635e0239ac01:0xb012ce1face2d9e2","Wednesday","10 am–8 pm"
"0x311d61e91c4c3e15:0x606a3cc68097a434","Thursday","10 am–8 pm"
"0x311d61e91c4c3e15:0x606a3cc68097a434","Friday","10 am–8 pm"
"0x311d61e91c4c3e15:0x606a3cc68097a434","Saturday","10 am–8 pm"
"0x311d61e91c4c3e15:0x606a3cc68097a434","Sunday","10 am–8 pm"
"0x311d61e91c4c3e15:0x606a3cc68097a434","Monday","10 am–8 pm"
"0x311d61e91c4c3e15:0x606a3cc68097a434","Tuesday","10 am–8 pm"
"0x311d61e91c4c3e15:0x606a3cc68097a434","Wednesday","10 am–8 pm"
"0x30e28315e3815743:0x5dc1b502c754893f","Thursday","9 am–8 pm"
"0x30e28315e3815743:0x5dc1b502c754893f","Friday","9 am–8 pm"
"0x30e28315e3815743:0x5dc1b502c754893f","Saturday","9 am–8 pm"
"0x30e28315e3815743:0x5dc1b502c754893f","Sunday","9 am–8 pm"
"0x30e28315e3815743:0x5dc1b502c754893f","Monday","9 am–8 pm"
"0x30e28315e3815743:0x5dc1b502c754893f","Tuesday","9 am–8 pm"
"0x30e28315e3815743:0x5dc1b502c754893f","Wednesday","9 am–8 pm"
"0x30e291dcf1b9f2f1:0xf9be8460894718e9","Thursday","10:30 am–7 pm"
"0x30e291dcf1b9f2f1:0xf9be8460894718e9","Friday","10:30 am–7 pm"
"0x30e291dcf1b9f2f1:0xf9be8460894718e9","Saturday","10:30 am–7 pm"
"0x30e291dcf1b9f2f1:0xf9be8460894718e9","Sunday","10:30 am–7 pm"
"0x30e291dcf1b9f2f1:0xf9be8460894718e9","Monday","10:30 am–7 pm"
"0x30e291dcf1b9f2f1:0xf9be8460894718e9","Tuesday","10:30 am–7 pm"
"0x30e291dcf1b9f2f1:0xf9be8460894718e9","Wednesday","10:30 am–7 pm"
"0x311d63a8c2eb27f3:0x9abfee15aaf480a5","Thursday","11 am–7 pm"
"0x311d63a8c2eb27f3:0x9abfee15aaf480a5","Friday","11 am–7 pm"
"0x311d63a8c2eb27f3:0x9abfee15aaf480a5","Saturday","11 am–7 pm"
"0x311d63a8c2eb27f3:0x9abfee15aaf480a5","Sunday","11 am–7 pm"
"0x311d63a8c2eb27f3:0x9abfee15aaf480a5","Monday","11 am–7 pm"
"0x311d63a8c2eb27f3:0x9abfee15aaf480a5","Tuesday","11 am–7 pm"
"0x311d63a8c2eb27f3:0x9abfee15aaf480a5","Wednesday","11 am–7 pm"
"0x311d62e10ea59f8b:0xcbcbd36fec8a5d7","Thursday","9 am–8:30 pm"
"0x311d62e10ea59f8b:0xcbcbd36fec8a5d7","Friday","9 am–8:30 pm"
"0x311d62e10ea59f8b:0xcbcbd36fec8a5d7","Saturday","9 am–8:30 pm"
"0x311d62e10ea59f8b:0xcbcbd36fec8a5d7","Sunday","9 am–8:30 pm"
"0x311d62e10ea59f8b:0xcbcbd36fec8a5d7","Monday","9 am–8:30 pm"
"0x311d62e10ea59f8b:0xcbcbd36fec8a5d7","Tuesday","9 am–8:30 pm"
"0x311d62e10ea59f8b:0xcbcbd36fec8a5d7","Wednesday","9 am–8:30 pm"
"0x30e295af6219d48b:0xc594e4a92298e460","Thursday","10:30 am–8 pm"
"0x30e295af6219d48b:0xc594e4a92298e460","Friday","10:30 am–8 pm"
"0x30e295af6219d48b:0xc594e4a92298e460","Saturday","10:30 am–8 pm"
"0x30e295af6219d48b:0xc594e4a92298e460","Sunday","10:30 am–8 pm"
"0x30e295af6219d48b:0xc594e4a92298e460","Monday","10:30 am–8 pm"
"0x30e295af6219d48b:0xc594e4a92298e460","Tuesday","10:30 am–8 pm"
"0x30e295af6219d48b:0xc594e4a92298e460","Wednesday","10:30 am–8 pm"
"0x30e2963c9d8f74e7:0xb6eea48880caf594","Thursday","9:30 am–8 pm"
"0x30e2963c9d8f74e7:0xb6eea48880caf594","Friday","9:30 am–8 pm"
"0x30e2963c9d8f74e7:0xb6eea48880caf594","Saturday","9:30 am–8 pm"
"0x30e2963c9d8f74e7:0xb6eea48880caf594","Sunday","9:30 am–8 pm"
"0x30e2963c9d8f74e7:0xb6eea48880caf594","Monday","Closed"
"0x30e2963c9d8f74e7:0xb6eea48880caf594","Tuesday","Closed"
"0x30e2963c9d8f74e7:0xb6eea48880caf594","Wednesday","9:30 am–8 pm"
"0x311d62b87f619e99:0xedfe5ff7b902ecd6","Thursday","1–6 pm"
"0x311d62b87f619e99:0xedfe5ff7b902ecd6","Friday","1–6 pm"
"0x311d62b87f619e99:0xedfe5ff7b902ecd6","Saturday","9 am–6 pm"
"0x311d62b87f619e99:0xedfe5ff7b902ecd6","Sunday","9 am–6 pm"
"0x311d62b87f619e99:0xedfe5ff7b902ecd6","Monday","1–6 pm"
"0x311d62b87f619e99:0xedfe5ff7b902ecd6","Tuesday","1–6 pm"
"0x311d62b87f619e99:0xedfe5ff7b902ecd6","Wednesday","Closed"
"0x311d637677f6248d:0xb1d409a0fc6616ca","Thursday","11 am–8 pm"
"0x311d637677f6248d:0xb1d409a0fc6616ca","Friday","11 am–8 pm"
"0x311d637677f6248d:0xb1d409a0fc6616ca","Saturday","11 am–8 pm"
"0x311d637677f6248d:0xb1d409a0fc6616ca","Sunday","11 am–8 pm"
"0x311d637677f6248d:0xb1d409a0fc6616ca","Monday","11 am–8 pm"
"0x311d637677f6248d:0xb1d409a0fc6616ca","Tuesday","11 am–8 pm"
"0x311d637677f6248d:0xb1d409a0fc6616ca","Wednesday","Closed"
"0x30e29522f6c60951:0x3fd42d38f6e5cd52","Thursday","9:30 am–8 pm"
"0x30e29522f6c60951:0x3fd42d38f6e5cd52","Friday","9:30 am–8 pm"
"0x30e29522f6c60951:0x3fd42d38f6e5cd52","Saturday","9:30 am–8 pm"
"0x30e29522f6c60951:0x3fd42d38f6e5cd52","Sunday","9:30 am–8 pm"
"0x30e29522f6c60951:0x3fd42d38f6e5cd52","Monday","9:30 am–8 pm"
"0x30e29522f6c60951:0x3fd42d38f6e5cd52","Tuesday","9:30 am–8 pm"
"0x30e29522f6c60951:0x3fd42d38f6e5cd52","Wednesday","9:30 am–8 pm"
"0x311d5f6f9be2480f:0x27a928e220d19bbf","Thursday","10 am–7:30 pm"
"0x311d5f6f9be2480f:0x27a928e220d19bbf","Friday","10 am–7:30 pm"
"0x311d5f6f9be2480f:0x27a928e220d19bbf","Saturday","10 am–7:30 pm"
"0x311d5f6f9be2480f:0x27a928e220d19bbf","Sunday","10 am–7:30 pm"
"0x311d5f6f9be2480f:0x27a928e220d19bbf","Monday","10 am–7:30 pm"
"0x311d5f6f9be2480f:0x27a928e220d19bbf","Tuesday","10 am–7:30 pm"
"0x311d5f6f9be2480f:0x27a928e220d19bbf","Wednesday","10 am–7:30 pm"
"0x311d6598738c6eef:0x2132ee47d3529de5","Thursday","10:30 am–8 pm"
"0x311d6598738c6eef:0x2132ee47d3529de5","Friday","10:30 am–8 pm"
"0x311d6598738c6eef:0x2132ee47d3529de5","Saturday","10:30 am–8 pm"
"0x311d6598738c6eef:0x2132ee47d3529de5","Sunday","10:30 am–8 pm"
"0x311d6598738c6eef:0x2132ee47d3529de5","Monday","10:30 am–8 pm"
"0x311d6598738c6eef:0x2132ee47d3529de5","Tuesday","10:30 am–8 pm"
"0x311d6598738c6eef:0x2132ee47d3529de5","Wednesday","10:30 am–8 pm"
"0x30e2a133492c31f9:0xa41d2e4ce7fee008","Thursday","10 AM–8 PM"
"0x30e2a133492c31f9:0xa41d2e4ce7fee008","Friday","10 AM–8 PM"
"0x30e2a133492c31f9:0xa41d2e4ce7fee008","Saturday","10 AM–8 PM"
"0x30e2a133492c31f9:0xa41d2e4ce7fee008","Sunday","10 AM–8 PM"
"0x30e2a133492c31f9:0xa41d2e4ce7fee008","Monday","10 AM–8 PM"
"0x30e2a133492c31f9:0xa41d2e4ce7fee008","Tuesday","10 AM–8 PM"
"0x30e2a133492c31f9:0xa41d2e4ce7fee008","Wednesday","10 AM–8 PM"
"0x30e284f272fb914b:0xf3d3e03a6cfbd5c4","Thursday","9:30 AM–8 PM"
"0x30e284f272fb914b:0xf3d3e03a6cfbd5c4","Friday","9:30 AM–8 PM"
"0x30e284f272fb914b:0xf3d3e03a6cfbd5c4","Saturday","9:30 AM–8 PM"
"0x30e284f272fb914b:0xf3d3e03a6cfbd5c4","Sunday","10:30 AM–5 PM"
"0x30e284f272fb914b:0xf3d3e03a6cfbd5c4","Monday","9:30 AM–8 PM"
"0x30e284f272fb914b:0xf3d3e03a6cfbd5c4","Tuesday","9:30 AM–8 PM"
"0x30e284f272fb914b:0xf3d3e03a6cfbd5c4","Wednesday","9:30 AM–8 PM"
"0x30e29dd0f6805f5f:0x1cb3e965f7a2193f","Thursday","10 AM–8 PM"
"0x30e29dd0f6805f5f:0x1cb3e965f7a2193f","Friday","10 AM–8 PM"
"0x30e29dd0f6805f5f:0x1cb3e965f7a2193f","Saturday","10 AM–8 PM"
"0x30e29dd0f6805f5f:0x1cb3e965f7a2193f","Sunday","10 AM–8 PM"
"0x30e29dd0f6805f5f:0x1cb3e965f7a2193f","Monday","10 AM–8 PM"
"0x30e29dd0f6805f5f:0x1cb3e965f7a2193f","Tuesday","10 AM–8 PM"
"0x30e29dd0f6805f5f:0x1cb3e965f7a2193f","Wednesday","10 AM–8 PM"
"0x30e293f2cb002c7d:0xf95c32007e141711","Thursday","10 AM–7 PM"
"0x30e293f2cb002c7d:0xf95c32007e141711","Friday","10 AM–7 PM"
"0x30e293f2cb002c7d:0xf95c32007e141711","Saturday","10 AM–7 PM"
"0x30e293f2cb002c7d:0xf95c32007e141711","Sunday","10 AM–7 PM"
"0x30e293f2cb002c7d:0xf95c32007e141711","Monday","10 AM–7 PM"
"0x30e293f2cb002c7d:0xf95c32007e141711","Tuesday","10 AM–7 PM"
"0x30e293f2cb002c7d:0xf95c32007e141711","Wednesday","10 AM–7 PM"
"0x30e29373731a03e5:0x70a274e23902d1a7","Thursday","11 AM–8 PM"
"0x30e29373731a03e5:0x70a274e23902d1a7","Friday","11 AM–8 PM"
"0x30e29373731a03e5:0x70a274e23902d1a7","Saturday","11 AM–8 PM"
"0x30e29373731a03e5:0x70a274e23902d1a7","Sunday","11 AM–8 PM"
"0x30e29373731a03e5:0x70a274e23902d1a7","Monday","11 AM–8 PM"
"0x30e29373731a03e5:0x70a274e23902d1a7","Tuesday","11 AM–8 PM"
"0x30e29373731a03e5:0x70a274e23902d1a7","Wednesday","11 AM–8 PM"
"0x30e2a750dbe8a173:0x69e191e83edaae78","Thursday","8 am–7 pm"
"0x30e2a750dbe8a173:0x69e191e83edaae78","Friday","8 am–7 pm"
"0x30e2a750dbe8a173:0x69e191e83edaae78","Saturday","8 am–7 pm"
"0x30e2a750dbe8a173:0x69e191e83edaae78","Sunday","8 am–7 pm"
"0x30e2a750dbe8a173:0x69e191e83edaae78","Monday","8 am–7 pm"
"0x30e2a750dbe8a173:0x69e191e83edaae78","Tuesday","Closed"
"0x30e2a750dbe8a173:0x69e191e83edaae78","Wednesday","8 am–7 pm"
"0x311d7d517e814345:0xf9a1d1e917a9e89c","Thursday","10:30 am–7:30 pm"
"0x311d7d517e814345:0xf9a1d1e917a9e89c","Friday","10:30 am–7:30 pm"
"0x311d7d517e814345:0xf9a1d1e917a9e89c","Saturday","10:30 am–7:30 pm"
"0x311d7d517e814345:0xf9a1d1e917a9e89c","Sunday","10:30 am–7:30 pm"
"0x311d7d517e814345:0xf9a1d1e917a9e89c","Monday","10:30 am–7:30 pm"
"0x311d7d517e814345:0xf9a1d1e917a9e89c","Tuesday","10:30 am–7:30 pm"
"0x311d7d517e814345:0xf9a1d1e917a9e89c","Wednesday","10:30 am–7:30 pm"
"0x30e2833a9cd1ba7d:0x62d40bf47d2b6b5b","Thursday","4:30–8:30 pm"
"0x30e2833a9cd1ba7d:0x62d40bf47d2b6b5b","Friday","4:30–8:30 pm"
"0x30e2833a9cd1ba7d:0x62d40bf47d2b6b5b","Saturday","10 am–8 pm"
"0x30e2833a9cd1ba7d:0x62d40bf47d2b6b5b","Sunday","10 am–6 pm"
"0x30e2833a9cd1ba7d:0x62d40bf47d2b6b5b","Monday","4:30–8:30 pm"
"0x30e2833a9cd1ba7d:0x62d40bf47d2b6b5b","Tuesday","4:30–8:30 pm"
"0x30e2833a9cd1ba7d:0x62d40bf47d2b6b5b","Wednesday","Closed"
"0x311d62af695aa209:0xa9f0efcea0f96996","Thursday","9 am–6 pm"
"0x311d62af695aa209:0xa9f0efcea0f96996","Friday","9 am–6 pm"
"0x311d62af695aa209:0xa9f0efcea0f96996","Saturday","9 am–6 pm"
"0x311d62af695aa209:0xa9f0efcea0f96996","Sunday","Closed"
"0x311d62af695aa209:0xa9f0efcea0f96996","Monday","9 am–6 pm"
"0x311d62af695aa209:0xa9f0efcea0f96996","Tuesday","9 am–6 pm"
"0x311d62af695aa209:0xa9f0efcea0f96996","Wednesday","9 am–6 pm"
"0x311d5f002da5be41:0x25277e1cbcf73585","Thursday","10 am–8 pm"
"0x311d5f002da5be41:0x25277e1cbcf73585","Friday","10 am–8 pm"
"0x311d5f002da5be41:0x25277e1cbcf73585","Saturday","10 am–8 pm"
"0x311d5f002da5be41:0x25277e1cbcf73585","Sunday","10 am–8 pm"
"0x311d5f002da5be41:0x25277e1cbcf73585","Monday","10 am–8 pm"
"0x311d5f002da5be41:0x25277e1cbcf73585","Tuesday","10 am–8 pm"
"0x311d5f002da5be41:0x25277e1cbcf73585","Wednesday","10 am–8 pm"
"0x30e28ffc26e16343:0x9654b292e2ee3673","Thursday","10 am–7:30 pm"
"0x30e28ffc26e16343:0x9654b292e2ee3673","Friday","10 am–7:30 pm"
"0x30e28ffc26e16343:0x9654b292e2ee3673","Saturday","10 am–7:30 pm"
"0x30e28ffc26e16343:0x9654b292e2ee3673","Sunday","Closed"
"0x30e28ffc26e16343:0x9654b292e2ee3673","Monday","10 am–7:30 pm"
"0x30e28ffc26e16343:0x9654b292e2ee3673","Tuesday","10 am–7:30 pm"
"0x30e28ffc26e16343:0x9654b292e2ee3673","Wednesday","10 am–7:30 pm"
"0x30e2f39cc56a832f:0xdd5a9c5960e643d3","Thursday","9 am–7 pm"
"0x30e2f39cc56a832f:0xdd5a9c5960e643d3","Friday","9 am–7 pm"
"0x30e2f39cc56a832f:0xdd5a9c5960e643d3","Saturday","9 am–7 pm"
"0x30e2f39cc56a832f:0xdd5a9c5960e643d3","Sunday","9 am–7 pm"
"0x30e2f39cc56a832f:0xdd5a9c5960e643d3","Monday","9 am–7 pm"
"0x30e2f39cc56a832f:0xdd5a9c5960e643d3","Tuesday","9 am–7 pm"
"0x30e2f39cc56a832f:0xdd5a9c5960e643d3","Wednesday","Closed"
"0x30e29605c2163775:0x270df9b1978ebe3b","Thursday","10 am–8 pm"
"0x30e29605c2163775:0x270df9b1978ebe3b","Friday","10 am–8 pm"
"0x30e29605c2163775:0x270df9b1978ebe3b","Saturday","10 am–8 pm"
"0x30e29605c2163775:0x270df9b1978ebe3b","Sunday","10 am–8 pm"
"0x30e29605c2163775:0x270df9b1978ebe3b","Monday","10 am–8 pm"
"0x30e29605c2163775:0x270df9b1978ebe3b","Tuesday","10 am–8 pm"
"0x30e29605c2163775:0x270df9b1978ebe3b","Wednesday","10 am–8 pm"
"0x30e2a11a12dd8cc7:0x65c7fb536561b6ce","Thursday","10 am–7 pm"
"0x30e2a11a12dd8cc7:0x65c7fb536561b6ce","Friday","10 am–7 pm"
"0x30e2a11a12dd8cc7:0x65c7fb536561b6ce","Saturday","10 am–7 pm"
"0x30e2a11a12dd8cc7:0x65c7fb536561b6ce","Sunday","10 am–6 pm"
"0x30e2a11a12dd8cc7:0x65c7fb536561b6ce","Monday","Closed"
"0x30e2a11a12dd8cc7:0x65c7fb536561b6ce","Tuesday","10 am–7 pm"
"0x30e2a11a12dd8cc7:0x65c7fb536561b6ce","Wednesday","10 am–7 pm"
"0x311d639c0097d2ef:0xdd79aee6eded9d73","Thursday","10 am–8 pm"
"0x311d639c0097d2ef:0xdd79aee6eded9d73","Friday","10 am–8 pm"
"0x311d639c0097d2ef:0xdd79aee6eded9d73","Saturday","10 am–8 pm"
"0x311d639c0097d2ef:0xdd79aee6eded9d73","Sunday","10 am–8 pm"
"0x311d639c0097d2ef:0xdd79aee6eded9d73","Monday","10 am–8 pm"
"0x311d639c0097d2ef:0xdd79aee6eded9d73","Tuesday","10 am–8 pm"
"0x311d639c0097d2ef:0xdd79aee6eded9d73","Wednesday","10 am–8 pm"
"0x311d638483acc44b:0xf4b8b1fcddab5fff","Thursday","10 am–8 pm"
"0x311d638483acc44b:0xf4b8b1fcddab5fff","Friday","10 am–8 pm"
"0x311d638483acc44b:0xf4b8b1fcddab5fff","Saturday","10 am–8 pm"
"0x311d638483acc44b:0xf4b8b1fcddab5fff","Sunday","10 am–8 pm"
"0x311d638483acc44b:0xf4b8b1fcddab5fff","Monday","10 am–8 pm"
"0x311d638483acc44b:0xf4b8b1fcddab5fff","Tuesday","10 am–8 pm"
"0x311d638483acc44b:0xf4b8b1fcddab5fff","Wednesday","10 am–8 pm"
"0x30e2a234c8590415:0x766441ed32fde8fd","Thursday","8 AM–10 PM"
"0x30e2a234c8590415:0x766441ed32fde8fd","Friday","8 AM–10 PM"
"0x30e2a234c8590415:0x766441ed32fde8fd","Saturday","8 AM–10 PM"
"0x30e2a234c8590415:0x766441ed32fde8fd","Sunday","8 AM–10 PM"
"0x30e2a234c8590415:0x766441ed32fde8fd","Monday","8 AM–10 PM"
"0x30e2a234c8590415:0x766441ed32fde8fd","Tuesday","8 AM–10 PM"
"0x30e2a234c8590415:0x766441ed32fde8fd","Wednesday","8 AM–10 PM"
"0x30e28fd78ef133b9:0xce218a903696de83","Thursday","11 am–8 pm"
"0x30e28fd78ef133b9:0xce218a903696de83","Friday","11 am–8 pm"
"0x30e28fd78ef133b9:0xce218a903696de83","Saturday","8 am–5 pm"
"0x30e28fd78ef133b9:0xce218a903696de83","Sunday","8 am–5 pm"
"0x30e28fd78ef133b9:0xce218a903696de83","Monday","11 am–8 pm"
"0x30e28fd78ef133b9:0xce218a903696de83","Tuesday","11 am–8 pm"
"0x30e28fd78ef133b9:0xce218a903696de83","Wednesday","11 am–8 pm"
"0x311d67ef9fa32021:0xb122fbf0764ec029","Thursday","10 am–8 pm"
"0x311d67ef9fa32021:0xb122fbf0764ec029","Friday","10 am–8 pm"
"0x311d67ef9fa32021:0xb122fbf0764ec029","Saturday","10 am–8 pm"
"0x311d67ef9fa32021:0xb122fbf0764ec029","Sunday","10 am–8 pm"
"0x311d67ef9fa32021:0xb122fbf0764ec029","Monday","10 am–8 pm"
"0x311d67ef9fa32021:0xb122fbf0764ec029","Tuesday","10 am–8 pm"
"0x311d67ef9fa32021:0xb122fbf0764ec029","Wednesday","10 am–8 pm"
"0x30e29d2b6aaa1923:0x160f5ce6f5ed0462","Thursday","9 am–6 pm"
"0x30e29d2b6aaa1923:0x160f5ce6f5ed0462","Friday","9 am–6 pm"
"0x30e29d2b6aaa1923:0x160f5ce6f5ed0462","Saturday","9 am–6 pm"
"0x30e29d2b6aaa1923:0x160f5ce6f5ed0462","Sunday","Closed"
"0x30e29d2b6aaa1923:0x160f5ce6f5ed0462","Monday","9 am–6 pm"
"0x30e29d2b6aaa1923:0x160f5ce6f5ed0462","Tuesday","9 am–6 pm"
"0x30e29d2b6aaa1923:0x160f5ce6f5ed0462","Wednesday","Closed"
"0x30e28fac23b40e77:0xe766283643428565","Thursday","9 am–8 pm"
"0x30e28fac23b40e77:0xe766283643428565","Friday","9 am–8 pm"
"0x30e28fac23b40e77:0xe766283643428565","Saturday","9 am–8 pm"
"0x30e28fac23b40e77:0xe766283643428565","Sunday","9 am–8 pm"
"0x30e28fac23b40e77:0xe766283643428565","Monday","9 am–8 pm"
"0x30e28fac23b40e77:0xe766283643428565","Tuesday","9 am–8 pm"
"0x30e28fac23b40e77:0xe766283643428565","Wednesday","9 am–8 pm"
"0x311d5f073ca23e65:0xe5d627ab6af842bd","Thursday","10 am–8 pm"
"0x311d5f073ca23e65:0xe5d627ab6af842bd","Friday","10 am–8 pm"
"0x311d5f073ca23e65:0xe5d627ab6af842bd","Saturday","10 am–8 pm"
"0x311d5f073ca23e65:0xe5d627ab6af842bd","Sunday","10 am–8 pm"
"0x311d5f073ca23e65:0xe5d627ab6af842bd","Monday","10 am–8 pm"
"0x311d5f073ca23e65:0xe5d627ab6af842bd","Tuesday","10 am–8 pm"
"0x311d5f073ca23e65:0xe5d627ab6af842bd","Wednesday","10 am–8 pm"
"0x30e2bdff3a407cd5:0xd01ce579db1ffeb4","Thursday","10 am–7 pm"
"0x30e2bdff3a407cd5:0xd01ce579db1ffeb4","Friday","10 am–7 pm"
"0x30e2bdff3a407cd5:0xd01ce579db1ffeb4","Saturday","10 am–7 pm"
"0x30e2bdff3a407cd5:0xd01ce579db1ffeb4","Sunday","10 am–7 pm"
"0x30e2bdff3a407cd5:0xd01ce579db1ffeb4","Monday","10 am–7 pm"
"0x30e2bdff3a407cd5:0xd01ce579db1ffeb4","Tuesday","10 am–7 pm"
"0x30e2bdff3a407cd5:0xd01ce579db1ffeb4","Wednesday","10 am–7 pm"
"0x30e2a3b8dcf2a54d:0x712cde17c0b8c828","Thursday","9 am–8 pm"
"0x30e2a3b8dcf2a54d:0x712cde17c0b8c828","Friday","9 am–8 pm"
"0x30e2a3b8dcf2a54d:0x712cde17c0b8c828","Saturday","9 am–8 pm"
"0x30e2a3b8dcf2a54d:0x712cde17c0b8c828","Sunday","9 am–8 pm"
"0x30e2a3b8dcf2a54d:0x712cde17c0b8c828","Monday","9 am–8 pm"
"0x30e2a3b8dcf2a54d:0x712cde17c0b8c828","Tuesday","9 am–8 pm"
"0x30e2a3b8dcf2a54d:0x712cde17c0b8c828","Wednesday","9 am–8 pm"
"0x311d61e2f92c5123:0xaf9d4a462395ec5","Thursday","10 am–8 pm"
"0x311d61e2f92c5123:0xaf9d4a462395ec5","Friday","10 am–8 pm"
"0x311d61e2f92c5123:0xaf9d4a462395ec5","Saturday","10 am–8 pm"
"0x311d61e2f92c5123:0xaf9d4a462395ec5","Sunday","10 am–8 pm"
"0x311d61e2f92c5123:0xaf9d4a462395ec5","Monday","10 am–8 pm"
"0x311d61e2f92c5123:0xaf9d4a462395ec5","Tuesday","10 am–8 pm"
"0x311d61e2f92c5123:0xaf9d4a462395ec5","Wednesday","10 am–8 pm"
"0x30e2a7510e9ebb9f:0x5c1e1a4a5cc02bf1","Thursday","10 am–8 pm"
"0x30e2a7510e9ebb9f:0x5c1e1a4a5cc02bf1","Friday","10 am–8 pm"
"0x30e2a7510e9ebb9f:0x5c1e1a4a5cc02bf1","Saturday","10 am–8 pm"
"0x30e2a7510e9ebb9f:0x5c1e1a4a5cc02bf1","Sunday","10 am–8 pm"
"0x30e2a7510e9ebb9f:0x5c1e1a4a5cc02bf1","Monday","10 am–8 pm"
"0x30e2a7510e9ebb9f:0x5c1e1a4a5cc02bf1","Tuesday","10 am–8 pm"
"0x30e2a7510e9ebb9f:0x5c1e1a4a5cc02bf1","Wednesday","10 am–8 pm"
"0x311d6336dbd707f5:0x48ba99b082eade1e","Thursday","10 am–8 pm"
"0x311d6336dbd707f5:0x48ba99b082eade1e","Friday","10 am–8 pm"
"0x311d6336dbd707f5:0x48ba99b082eade1e","Saturday","10 am–8 pm"
"0x311d6336dbd707f5:0x48ba99b082eade1e","Sunday","10 am–8 pm"
"0x311d6336dbd707f5:0x48ba99b082eade1e","Monday","10 am–8 pm"
"0x311d6336dbd707f5:0x48ba99b082eade1e","Tuesday","10 am–8 pm"
"0x311d6336dbd707f5:0x48ba99b082eade1e","Wednesday","10 am–8 pm"
"0x30e2831bd1aa7dad:0x30e289d31b2028e5","Thursday","11 am–8 pm"
"0x30e2831bd1aa7dad:0x30e289d31b2028e5","Friday","11 am–8 pm"
"0x30e2831bd1aa7dad:0x30e289d31b2028e5","Saturday","10 am–7 pm"
"0x30e2831bd1aa7dad:0x30e289d31b2028e5","Sunday","10 am–7 pm"
"0x30e2831bd1aa7dad:0x30e289d31b2028e5","Monday","Closed"
"0x30e2831bd1aa7dad:0x30e289d31b2028e5","Tuesday","11 am–8 pm"
"0x30e2831bd1aa7dad:0x30e289d31b2028e5","Wednesday","11 am–8 pm"
"0x311d63d97fcc877f:0xc2aef1c30075d1ad","Thursday","10 am–7:30 pm"
"0x311d63d97fcc877f:0xc2aef1c30075d1ad","Friday","10 am–4 pm"
"0x311d63d97fcc877f:0xc2aef1c30075d1ad","Saturday","10 am–4 pm"
"0x311d63d97fcc877f:0xc2aef1c30075d1ad","Sunday","9 am–12 pm"
"0x311d63d97fcc877f:0xc2aef1c30075d1ad","Monday","10 am–7:30 pm"
"0x311d63d97fcc877f:0xc2aef1c30075d1ad","Tuesday","10 am–7:30 pm"
"0x311d63d97fcc877f:0xc2aef1c30075d1ad","Wednesday","10 am–7:30 pm"
"0x311d635fe539fad3:0x983d192702e435e6","Thursday","10 am–8 pm"
"0x311d635fe539fad3:0x983d192702e435e6","Friday","10 am–8 pm"
"0x311d635fe539fad3:0x983d192702e435e6","Saturday","10 am–8 pm"
"0x311d635fe539fad3:0x983d192702e435e6","Sunday","10 am–8 pm"
"0x311d635fe539fad3:0x983d192702e435e6","Monday","10 am–8 pm"
"0x311d635fe539fad3:0x983d192702e435e6","Tuesday","10 am–8 pm"
"0x311d635fe539fad3:0x983d192702e435e6","Wednesday","10 am–8 pm"
"0x311d62e0517f6adb:0xcd1f2c82e5e438e","Thursday","8 am–6 pm"
"0x311d62e0517f6adb:0xcd1f2c82e5e438e","Friday","8 am–6 pm"
"0x311d62e0517f6adb:0xcd1f2c82e5e438e","Saturday","8 am–6 pm"
"0x311d62e0517f6adb:0xcd1f2c82e5e438e","Sunday","8 am–6 pm"
"0x311d62e0517f6adb:0xcd1f2c82e5e438e","Monday","Closed"
"0x311d62e0517f6adb:0xcd1f2c82e5e438e","Tuesday","8 am–6 pm"
"0x311d62e0517f6adb:0xcd1f2c82e5e438e","Wednesday","8 am–6 pm"
"0x311d7d66070583d7:0x43d78d2af8c248fb","Thursday","10 am–7:30 pm"
"0x311d7d66070583d7:0x43d78d2af8c248fb","Friday","10 am–7:30 pm"
"0x311d7d66070583d7:0x43d78d2af8c248fb","Saturday","10 am–7:30 pm"
"0x311d7d66070583d7:0x43d78d2af8c248fb","Sunday","10 am–7:30 pm"
"0x311d7d66070583d7:0x43d78d2af8c248fb","Monday","10 am–7:30 pm"
"0x311d7d66070583d7:0x43d78d2af8c248fb","Tuesday","10 am–7:30 pm"
"0x311d7d66070583d7:0x43d78d2af8c248fb","Wednesday","10 am–7:30 pm"
"0x30e2a75cc7cb3459:0xbe37bf431b196456","Thursday","10 am–7:30 pm"
"0x30e2a75cc7cb3459:0xbe37bf431b196456","Friday","10 am–7:30 pm"
"0x30e2a75cc7cb3459:0xbe37bf431b196456","Saturday","10 am–7:30 pm"
"0x30e2a75cc7cb3459:0xbe37bf431b196456","Sunday","10 am–7:30 pm"
"0x30e2a75cc7cb3459:0xbe37bf431b196456","Monday","10 am–7:30 pm"
"0x30e2a75cc7cb3459:0xbe37bf431b196456","Tuesday","10 am–7:30 pm"
"0x30e2a75cc7cb3459:0xbe37bf431b196456","Wednesday","10 am–7:30 pm"
"0x311d63c836c81413:0x7e16a2231f015fb4","Thursday","10 am–8 pm"
"0x311d63c836c81413:0x7e16a2231f015fb4","Friday","10 am–8 pm"
"0x311d63c836c81413:0x7e16a2231f015fb4","Saturday","10 am–8 pm"
"0x311d63c836c81413:0x7e16a2231f015fb4","Sunday","10 am–8 pm"
"0x311d63c836c81413:0x7e16a2231f015fb4","Monday","10 am–8 pm"
"0x311d63c836c81413:0x7e16a2231f015fb4","Tuesday","10 am–8 pm"
"0x311d63c836c81413:0x7e16a2231f015fb4","Wednesday","10 am–8 pm"
"0x311d639cccd8657b:0x8adf744558b2f1f2","Thursday","9 am–7 pm"
"0x311d639cccd8657b:0x8adf744558b2f1f2","Friday","9 am–7 pm"
"0x311d639cccd8657b:0x8adf744558b2f1f2","Saturday","9 am–7 pm"
"0x311d639cccd8657b:0x8adf744558b2f1f2","Sunday","9 am–7 pm"
"0x311d639cccd8657b:0x8adf744558b2f1f2","Monday","9 am–7 pm"
"0x311d639cccd8657b:0x8adf744558b2f1f2","Tuesday","9 am–7 pm"
"0x311d639cccd8657b:0x8adf744558b2f1f2","Wednesday","9 am–7 pm"
"0x311d590020586613:0xa0f2950935b47487","Thursday","11 am–8 pm"
"0x311d590020586613:0xa0f2950935b47487","Friday","11 am–8 pm"
"0x311d590020586613:0xa0f2950935b47487","Saturday","11 am–8 pm"
"0x311d590020586613:0xa0f2950935b47487","Sunday","11 am–8 pm"
"0x311d590020586613:0xa0f2950935b47487","Monday","11 am–8 pm"
"0x311d590020586613:0xa0f2950935b47487","Tuesday","11 am–8 pm"
"0x311d590020586613:0xa0f2950935b47487","Wednesday","11 am–8 pm"
"0x311d5dd554545423:0x55f082c9c592a2d9","Thursday","9 AM–6:30 PM"
"0x311d5dd554545423:0x55f082c9c592a2d9","Friday","9 AM–7:30 PM"
"0x311d5dd554545423:0x55f082c9c592a2d9","Saturday","9 AM–7:30 PM"
"0x311d5dd554545423:0x55f082c9c592a2d9","Sunday","9 AM–5 PM"
"0x311d5dd554545423:0x55f082c9c592a2d9","Monday","9 AM–6:30 PM"
"0x311d5dd554545423:0x55f082c9c592a2d9","Tuesday","9 AM–6:30 PM"
"0x311d5dd554545423:0x55f082c9c592a2d9","Wednesday","9 AM–6:30 PM"
"0x30e28505fca312fd:0x916c8d9e9c280dbe","Thursday","8 AM–5 PM"
"0x30e28505fca312fd:0x916c8d9e9c280dbe","Friday","8 AM–5 PM"
"0x30e28505fca312fd:0x916c8d9e9c280dbe","Saturday","8 AM–5 PM"
"0x30e28505fca312fd:0x916c8d9e9c280dbe","Sunday","8 AM–5 PM"
"0x30e28505fca312fd:0x916c8d9e9c280dbe","Monday","8 AM–5 PM"
"0x30e28505fca312fd:0x916c8d9e9c280dbe","Tuesday","8 AM–5 PM"
"0x30e28505fca312fd:0x916c8d9e9c280dbe","Wednesday","8 AM–5 PM"
"0x311d5f17b7949065:0x65fedf9f1306329","Thursday","Closed"
"0x311d5f17b7949065:0x65fedf9f1306329","Friday","1–8 pm"
"0x311d5f17b7949065:0x65fedf9f1306329","Saturday","10 am–7 pm"
"0x311d5f17b7949065:0x65fedf9f1306329","Sunday","10 am–7 pm"
"0x311d5f17b7949065:0x65fedf9f1306329","Monday","1–8 pm"
"0x311d5f17b7949065:0x65fedf9f1306329","Tuesday","1–8 pm"
"0x311d5f17b7949065:0x65fedf9f1306329","Wednesday","1–8 pm"
"0x30e2832e49492d99:0xa82a82653bef08a2","Thursday","9 am–5 pm"
"0x30e2832e49492d99:0xa82a82653bef08a2","Friday","9 am–5 pm"
"0x30e2832e49492d99:0xa82a82653bef08a2","Saturday","9 am–5 pm"
"0x30e2832e49492d99:0xa82a82653bef08a2","Sunday","9 am–5 pm"
"0x30e2832e49492d99:0xa82a82653bef08a2","Monday","9 am–5 pm"
"0x30e2832e49492d99:0xa82a82653bef08a2","Tuesday","Closed"
"0x30e2832e49492d99:0xa82a82653bef08a2","Wednesday","9 am–5 pm"
"0x30e283440b2041e5:0x547392c9c5b07412","Thursday","10:30 am–8:30 pm"
"0x30e283440b2041e5:0x547392c9c5b07412","Friday","10:30 am–8:30 pm"
"0x30e283440b2041e5:0x547392c9c5b07412","Saturday","10:30 am–8:30 pm"
"0x30e283440b2041e5:0x547392c9c5b07412","Sunday","10:30 am–8:30 pm"
"0x30e283440b2041e5:0x547392c9c5b07412","Monday","10:30 am–8:30 pm"
"0x30e283440b2041e5:0x547392c9c5b07412","Tuesday","10:30 am–8:30 pm"
"0x30e283440b2041e5:0x547392c9c5b07412","Wednesday","10:30 am–8:30 pm"
"0x30e2833654388535:0xa62c99795926cc7","Thursday","10 am–7:30 pm"
"0x30e2833654388535:0xa62c99795926cc7","Friday","10 am–7:30 pm"
"0x30e2833654388535:0xa62c99795926cc7","Saturday","Closed"
"0x30e2833654388535:0xa62c99795926cc7","Sunday","10 am–7:30 pm"
"0x30e2833654388535:0xa62c99795926cc7","Monday","10 am–7:30 pm"
"0x30e2833654388535:0xa62c99795926cc7","Tuesday","10 am–7:30 pm"
"0x30e2833654388535:0xa62c99795926cc7","Wednesday","10 am–7:30 pm"
"0x30e28fbcd0f791bd:0xd543a3b53f795a87","Thursday","10 am–7 pm"
"0x30e28fbcd0f791bd:0xd543a3b53f795a87","Friday","10 am–7 pm"
"0x30e28fbcd0f791bd:0xd543a3b53f795a87","Saturday","10 am–7 pm"
"0x30e28fbcd0f791bd:0xd543a3b53f795a87","Sunday","10 am–7 pm"
"0x30e28fbcd0f791bd:0xd543a3b53f795a87","Monday","10 am–7 pm"
"0x30e28fbcd0f791bd:0xd543a3b53f795a87","Tuesday","10 am–7 pm"
"0x30e28fbcd0f791bd:0xd543a3b53f795a87","Wednesday","10 am–7 pm"
"0x30e295fba6b169d7:0x8436f0a0b6732a74","Thursday","10 am–8 pm"
"0x30e295fba6b169d7:0x8436f0a0b6732a74","Friday","10 am–8 pm"
"0x30e295fba6b169d7:0x8436f0a0b6732a74","Saturday","10 am–8 pm"
"0x30e295fba6b169d7:0x8436f0a0b6732a74","Sunday","10 am–8 pm"
"0x30e295fba6b169d7:0x8436f0a0b6732a74","Monday","Closed"
"0x30e295fba6b169d7:0x8436f0a0b6732a74","Tuesday","10 am–8 pm"
"0x30e295fba6b169d7:0x8436f0a0b6732a74","Wednesday","10 am–8 pm"
"0x311d7da2bda8ff61:0x78c2a68a597ecc01","Thursday","10 am–8 pm"
"0x311d7da2bda8ff61:0x78c2a68a597ecc01","Friday","10 am–8 pm"
"0x311d7da2bda8ff61:0x78c2a68a597ecc01","Saturday","10 am–8 pm"
"0x311d7da2bda8ff61:0x78c2a68a597ecc01","Sunday","10 am–8 pm"
"0x311d7da2bda8ff61:0x78c2a68a597ecc01","Monday","10 am–8 pm"
"0x311d7da2bda8ff61:0x78c2a68a597ecc01","Tuesday","10 am–8 pm"
"0x311d7da2bda8ff61:0x78c2a68a597ecc01","Wednesday","10 am–8 pm"
"0x311d63f73f288911:0x8f34940834ff9544","Thursday","10 am–8 pm"
"0x311d63f73f288911:0x8f34940834ff9544","Friday","10 am–8 pm"
"0x311d63f73f288911:0x8f34940834ff9544","Saturday","10 am–8 pm"
"0x311d63f73f288911:0x8f34940834ff9544","Sunday","10 am–8 pm"
"0x311d63f73f288911:0x8f34940834ff9544","Monday","Closed"
"0x311d63f73f288911:0x8f34940834ff9544","Tuesday","10 am–8 pm"
"0x311d63f73f288911:0x8f34940834ff9544","Wednesday","10 am–8 pm"
"0x311d59c3383633eb:0x329c77aaef5d8d94","Thursday","10 am–8 pm"
"0x311d59c3383633eb:0x329c77aaef5d8d94","Friday","10 am–8 pm"
"0x311d59c3383633eb:0x329c77aaef5d8d94","Saturday","10 am–8 pm"
"0x311d59c3383633eb:0x329c77aaef5d8d94","Sunday","10 am–8 pm"
"0x311d59c3383633eb:0x329c77aaef5d8d94","Monday","10 am–8 pm"
"0x311d59c3383633eb:0x329c77aaef5d8d94","Tuesday","10 am–8 pm"
"0x311d59c3383633eb:0x329c77aaef5d8d94","Wednesday","10 am–8 pm"
"0x311d59003d180af1:0x237d1401d26275ff","Thursday","10 am–8 pm"
"0x311d59003d180af1:0x237d1401d26275ff","Friday","10 am–8 pm"
"0x311d59003d180af1:0x237d1401d26275ff","Saturday","10 am–8 pm"
"0x311d59003d180af1:0x237d1401d26275ff","Sunday","10 am–8 pm"
"0x311d59003d180af1:0x237d1401d26275ff","Monday","10 am–8 pm"
"0x311d59003d180af1:0x237d1401d26275ff","Tuesday","10 am–8 pm"
"0x311d59003d180af1:0x237d1401d26275ff","Wednesday","10 am–8 pm"
"0x311d63e875fdccc5:0xdabf8c3e3602c40e","Thursday","10 am–8 pm"
"0x311d63e875fdccc5:0xdabf8c3e3602c40e","Friday","10 am–8 pm"
"0x311d63e875fdccc5:0xdabf8c3e3602c40e","Saturday","10 am–8 pm"
"0x311d63e875fdccc5:0xdabf8c3e3602c40e","Sunday","10 am–5 pm"
"0x311d63e875fdccc5:0xdabf8c3e3602c40e","Monday","10 am–8 pm"
"0x311d63e875fdccc5:0xdabf8c3e3602c40e","Tuesday","10 am–8 pm"
"0x311d63e875fdccc5:0xdabf8c3e3602c40e","Wednesday","10 am–8 pm"
"0x30e282b62e4dd9e1:0xee4cee88c299123b","Thursday","10 am–8 pm"
"0x30e282b62e4dd9e1:0xee4cee88c299123b","Friday","10 am–8 pm"
"0x30e282b62e4dd9e1:0xee4cee88c299123b","Saturday","9 am–7 pm"
"0x30e282b62e4dd9e1:0xee4cee88c299123b","Sunday","9 am–7 pm"
"0x30e282b62e4dd9e1:0xee4cee88c299123b","Monday","10 am–8 pm"
"0x30e282b62e4dd9e1:0xee4cee88c299123b","Tuesday","10 am–8 pm"
"0x30e282b62e4dd9e1:0xee4cee88c299123b","Wednesday","10 am–8 pm"
"0x30e28e76c75fa0c9:0xe4ef9035c9338608","Thursday","10 am–8 pm"
"0x30e28e76c75fa0c9:0xe4ef9035c9338608","Friday","10 am–8 pm"
"0x30e28e76c75fa0c9:0xe4ef9035c9338608","Saturday","10 am–8 pm"
"0x30e28e76c75fa0c9:0xe4ef9035c9338608","Sunday","Closed"
"0x30e28e76c75fa0c9:0xe4ef9035c9338608","Monday","10 am–8 pm"
"0x30e28e76c75fa0c9:0xe4ef9035c9338608","Tuesday","10 am–8 pm"
"0x30e28e76c75fa0c9:0xe4ef9035c9338608","Wednesday","10 am–8 pm"
"0x311d5f8616390c59:0x989109b3d5edf5b2","Thursday","10 am–8 pm"
"0x311d5f8616390c59:0x989109b3d5edf5b2","Friday","10 am–8 pm"
"0x311d5f8616390c59:0x989109b3d5edf5b2","Saturday","10 am–8 pm"
"0x311d5f8616390c59:0x989109b3d5edf5b2","Sunday","10 am–8 pm"
"0x311d5f8616390c59:0x989109b3d5edf5b2","Monday","11 am–8 pm"
"0x311d5f8616390c59:0x989109b3d5edf5b2","Tuesday","10 am–8 pm"
"0x311d5f8616390c59:0x989109b3d5edf5b2","Wednesday","10 am–8 pm"
"0x30e282d68045ba87:0xbcc74b316bc12e01","Thursday","10 am–8 pm"
"0x30e282d68045ba87:0xbcc74b316bc12e01","Friday","10 am–8 pm"
"0x30e282d68045ba87:0xbcc74b316bc12e01","Saturday","10 am–8 pm"
"0x30e282d68045ba87:0xbcc74b316bc12e01","Sunday","10 am–8 pm"
"0x30e282d68045ba87:0xbcc74b316bc12e01","Monday","10 am–8 pm"
"0x30e282d68045ba87:0xbcc74b316bc12e01","Tuesday","10 am–8 pm"
"0x30e282d68045ba87:0xbcc74b316bc12e01","Wednesday","10 am–8 pm"
"0x30e2832f8af3ef99:0x81b3b1fe41431603","Thursday","8 am–4 pm"
"0x30e2832f8af3ef99:0x81b3b1fe41431603","Friday","8 am–4 pm"
"0x30e2832f8af3ef99:0x81b3b1fe41431603","Saturday","Closed"
"0x30e2832f8af3ef99:0x81b3b1fe41431603","Sunday","Closed"
"0x30e2832f8af3ef99:0x81b3b1fe41431603","Monday","8 am–4 pm"
"0x30e2832f8af3ef99:0x81b3b1fe41431603","Tuesday","8 am–4 pm"
"0x30e2832f8af3ef99:0x81b3b1fe41431603","Wednesday","8 am–4 pm"
"0x311d656c0829fd7b:0xdd6c7ec7d751f976","Thursday","10 am–7 pm"
"0x311d656c0829fd7b:0xdd6c7ec7d751f976","Friday","10 am–7 pm"
"0x311d656c0829fd7b:0xdd6c7ec7d751f976","Saturday","10 am–7 pm"
"0x311d656c0829fd7b:0xdd6c7ec7d751f976","Sunday","10 am–7 pm"
"0x311d656c0829fd7b:0xdd6c7ec7d751f976","Monday","10 am–7 pm"
"0x311d656c0829fd7b:0xdd6c7ec7d751f976","Tuesday","10 am–7 pm"
"0x311d656c0829fd7b:0xdd6c7ec7d751f976","Wednesday","10 am–7 pm"
"0x30e29a9d97aa8079:0xdd15d06a4e57c1a7","Thursday","9 am–8 pm"
"0x30e29a9d97aa8079:0xdd15d06a4e57c1a7","Friday","9 am–8 pm"
"0x30e29a9d97aa8079:0xdd15d06a4e57c1a7","Saturday","9 am–8 pm"
"0x30e29a9d97aa8079:0xdd15d06a4e57c1a7","Sunday","9 am–8 pm"
"0x30e29a9d97aa8079:0xdd15d06a4e57c1a7","Monday","9 am–8 pm"
"0x30e29a9d97aa8079:0xdd15d06a4e57c1a7","Tuesday","9 am–8 pm"
"0x30e29a9d97aa8079:0xdd15d06a4e57c1a7","Wednesday","9 am–8 pm"
"0x30e28317a5bd049f:0xb1a93f605762441f","Thursday","9 am–8 pm"
"0x30e28317a5bd049f:0xb1a93f605762441f","Friday","9 am–8 pm"
"0x30e28317a5bd049f:0xb1a93f605762441f","Saturday","9 am–8 pm"
"0x30e28317a5bd049f:0xb1a93f605762441f","Sunday","9 am–8 pm"
"0x30e28317a5bd049f:0xb1a93f605762441f","Monday","9 am–8 pm"
"0x30e28317a5bd049f:0xb1a93f605762441f","Tuesday","9 am–8 pm"
"0x30e28317a5bd049f:0xb1a93f605762441f","Wednesday","9 am–8 pm"
"0x311d6392edacb1d9:0x7a3c7444d45547c6","Thursday","10 am–8 pm"
"0x311d6392edacb1d9:0x7a3c7444d45547c6","Friday","10 am–8 pm"
"0x311d6392edacb1d9:0x7a3c7444d45547c6","Saturday","10 am–8 pm"
"0x311d6392edacb1d9:0x7a3c7444d45547c6","Sunday","10 am–8 pm"
"0x311d6392edacb1d9:0x7a3c7444d45547c6","Monday","10 am–8 pm"
"0x311d6392edacb1d9:0x7a3c7444d45547c6","Tuesday","10 am–8 pm"
"0x311d6392edacb1d9:0x7a3c7444d45547c6","Wednesday","10 am–8 pm"
"0x311d7ff92e08379f:0x68aff9fc8b16bbdc","Thursday","10:30 am–8 pm"
"0x311d7ff92e08379f:0x68aff9fc8b16bbdc","Friday","10:30 am–8 pm"
"0x311d7ff92e08379f:0x68aff9fc8b16bbdc","Saturday","10:30 am–8 pm"
"0x311d7ff92e08379f:0x68aff9fc8b16bbdc","Sunday","10:30 am–8 pm"
"0x311d7ff92e08379f:0x68aff9fc8b16bbdc","Monday","10:30 am–8 pm"
"0x311d7ff92e08379f:0x68aff9fc8b16bbdc","Tuesday","10:30 am–8 pm"
"0x311d7ff92e08379f:0x68aff9fc8b16bbdc","Wednesday","10:30 am–8 pm"
"0x311d60d9f6f0d99f:0xec186c88ea95d119","Thursday","10 am–6 pm"
"0x311d60d9f6f0d99f:0xec186c88ea95d119","Friday","10 am–6 pm"
"0x311d60d9f6f0d99f:0xec186c88ea95d119","Saturday","Closed"
"0x311d60d9f6f0d99f:0xec186c88ea95d119","Sunday","10 am–6 pm"
"0x311d60d9f6f0d99f:0xec186c88ea95d119","Monday","10 am–6 pm"
"0x311d60d9f6f0d99f:0xec186c88ea95d119","Tuesday","10 am–6 pm"
"0x311d60d9f6f0d99f:0xec186c88ea95d119","Wednesday","10 am–6 pm"
"0x30e284f19aa591c7:0xac9b06f96261828d","Thursday","9 am–8 pm"
"0x30e284f19aa591c7:0xac9b06f96261828d","Friday","9 am–8 pm"
"0x30e284f19aa591c7:0xac9b06f96261828d","Saturday","9 am–8 pm"
"0x30e284f19aa591c7:0xac9b06f96261828d","Sunday","9 am–8 pm"
"0x30e284f19aa591c7:0xac9b06f96261828d","Monday","9 am–8 pm"
"0x30e284f19aa591c7:0xac9b06f96261828d","Tuesday","9 am–8 pm"
"0x30e284f19aa591c7:0xac9b06f96261828d","Wednesday","9 am–8 pm"
"0x311d62e18defbcdd:0xa06e6334bb697cf7","Thursday","9 am–6 pm"
"0x311d62e18defbcdd:0xa06e6334bb697cf7","Friday","9 am–6 pm"
"0x311d62e18defbcdd:0xa06e6334bb697cf7","Saturday","9 am–5 pm"
"0x311d62e18defbcdd:0xa06e6334bb697cf7","Sunday","Closed"
"0x311d62e18defbcdd:0xa06e6334bb697cf7","Monday","9 am–6 pm"
"0x311d62e18defbcdd:0xa06e6334bb697cf7","Tuesday","9 am–6 pm"
"0x311d62e18defbcdd:0xa06e6334bb697cf7","Wednesday","9 am–6 pm"
"0x30e2bfda876a1507:0xd9c07d00b5edde90","Thursday","10 am–8 pm"
"0x30e2bfda876a1507:0xd9c07d00b5edde90","Friday","10 am–8 pm"
"0x30e2bfda876a1507:0xd9c07d00b5edde90","Saturday","10 am–8 pm"
"0x30e2bfda876a1507:0xd9c07d00b5edde90","Sunday","10 am–8 pm"
"0x30e2bfda876a1507:0xd9c07d00b5edde90","Monday","10 am–8 pm"
"0x30e2bfda876a1507:0xd9c07d00b5edde90","Tuesday","10 am–8 pm"
"0x30e2bfda876a1507:0xd9c07d00b5edde90","Wednesday","Closed"
"0x30e2829a22335b7f:0x7a821f6eb8f91a15","Thursday","10:30 am–7 pm"
"0x30e2829a22335b7f:0x7a821f6eb8f91a15","Friday","10:30 am–7 pm"
"0x30e2829a22335b7f:0x7a821f6eb8f91a15","Saturday","10:30 am–7 pm"
"0x30e2829a22335b7f:0x7a821f6eb8f91a15","Sunday","10:30 am–7 pm"
"0x30e2829a22335b7f:0x7a821f6eb8f91a15","Monday","10:30 am–7 pm"
"0x30e2829a22335b7f:0x7a821f6eb8f91a15","Tuesday","10:30 am–7 pm"
"0x30e2829a22335b7f:0x7a821f6eb8f91a15","Wednesday","10:30 am–7 pm"
"0x311d7e38f45f4f5b:0x7ea55f34ddca74ef","Thursday","10 am–8 pm"
"0x311d7e38f45f4f5b:0x7ea55f34ddca74ef","Friday","10 am–8 pm"
"0x311d7e38f45f4f5b:0x7ea55f34ddca74ef","Saturday","10 am–8 pm"
"0x311d7e38f45f4f5b:0x7ea55f34ddca74ef","Sunday","10 am–8 pm"
"0x311d7e38f45f4f5b:0x7ea55f34ddca74ef","Monday","10 am–8 pm"
"0x311d7e38f45f4f5b:0x7ea55f34ddca74ef","Tuesday","10 am–8 pm"
"0x311d7e38f45f4f5b:0x7ea55f34ddca74ef","Wednesday","10 am–8 pm"
"0x30e283cc4342ede3:0x476f7abe0377d8d4","Thursday","10 am–7:30 pm"
"0x30e283cc4342ede3:0x476f7abe0377d8d4","Friday","10 am–7:30 pm"
"0x30e283cc4342ede3:0x476f7abe0377d8d4","Saturday","10 am–7:30 pm"
"0x30e283cc4342ede3:0x476f7abe0377d8d4","Sunday","10 am–7:30 pm"
"0x30e283cc4342ede3:0x476f7abe0377d8d4","Monday","10 am–7:30 pm"
"0x30e283cc4342ede3:0x476f7abe0377d8d4","Tuesday","10 am–7:30 pm"
"0x30e283cc4342ede3:0x476f7abe0377d8d4","Wednesday","10 am–7:30 pm"
"0x30e283f9b2d7879f:0x49e124fb3bcf2311","Thursday","1–8 pm"
"0x30e283f9b2d7879f:0x49e124fb3bcf2311","Friday","1–8 pm"
"0x30e283f9b2d7879f:0x49e124fb3bcf2311","Saturday","11 am–8 pm"
"0x30e283f9b2d7879f:0x49e124fb3bcf2311","Sunday","11 am–8 pm"
"0x30e283f9b2d7879f:0x49e124fb3bcf2311","Monday","1–8 pm"
"0x30e283f9b2d7879f:0x49e124fb3bcf2311","Tuesday","1–8 pm"
"0x30e283f9b2d7879f:0x49e124fb3bcf2311","Wednesday","1–8 pm"
"0x30e2878b4e3937fd:0x67ba8670fb173a2","Thursday","1:30–8 pm"
"0x30e2878b4e3937fd:0x67ba8670fb173a2","Friday","1:30–8 pm"
"0x30e2878b4e3937fd:0x67ba8670fb173a2","Saturday","9:30 am–7 pm"
"0x30e2878b4e3937fd:0x67ba8670fb173a2","Sunday","9:30 am–7 pm"
"0x30e2878b4e3937fd:0x67ba8670fb173a2","Monday","1:30–8 pm"
"0x30e2878b4e3937fd:0x67ba8670fb173a2","Tuesday","3–8 pm"
"0x30e2878b4e3937fd:0x67ba8670fb173a2","Wednesday","5–8 pm"
"0x30e2a78017c0fbcb:0x802ed9277ba69a29","Thursday","4–8 PM"
"0x30e2a78017c0fbcb:0x802ed9277ba69a29","Friday","4–8 PM"
"0x30e2a78017c0fbcb:0x802ed9277ba69a29","Saturday","10 AM–5 PM"
"0x30e2a78017c0fbcb:0x802ed9277ba69a29","Sunday","10 AM–5 PM"
"0x30e2a78017c0fbcb:0x802ed9277ba69a29","Monday","4–8 PM"
"0x30e2a78017c0fbcb:0x802ed9277ba69a29","Tuesday","4–8 PM"
"0x30e2a78017c0fbcb:0x802ed9277ba69a29","Wednesday","4–8 PM"
"0x311d7d0a98ef2555:0xe11bb637b1dac3aa","Thursday","9 AM–7 PM"
"0x311d7d0a98ef2555:0xe11bb637b1dac3aa","Friday","9 AM–8 PM"
"0x311d7d0a98ef2555:0xe11bb637b1dac3aa","Saturday","9 AM–8 PM"
"0x311d7d0a98ef2555:0xe11bb637b1dac3aa","Sunday","9 AM–8 PM"
"0x311d7d0a98ef2555:0xe11bb637b1dac3aa","Monday","9 AM–7 PM"
"0x311d7d0a98ef2555:0xe11bb637b1dac3aa","Tuesday","9 AM–7 PM"
"0x311d7d0a98ef2555:0xe11bb637b1dac3aa","Wednesday","9 AM–7 PM"
"0x30e2829a274d3d79:0x2ac6e1248dfdd7b2","Thursday","9 AM–8 PM"
"0x30e2829a274d3d79:0x2ac6e1248dfdd7b2","Friday","9 AM–8 PM"
"0x30e2829a274d3d79:0x2ac6e1248dfdd7b2","Saturday","9 AM–10 PM"
"0x30e2829a274d3d79:0x2ac6e1248dfdd7b2","Sunday","9 AM–8 PM"
"0x30e2829a274d3d79:0x2ac6e1248dfdd7b2","Monday","9 AM–8 PM"
"0x30e2829a274d3d79:0x2ac6e1248dfdd7b2","Tuesday","9 AM–8 PM"
"0x30e2829a274d3d79:0x2ac6e1248dfdd7b2","Wednesday","9 AM–8 PM"
"0x30e281b678ffed13:0x4d91ed13628c1691","Thursday","Closed"
"0x30e281b678ffed13:0x4d91ed13628c1691","Friday","2–6 PM"
"0x30e281b678ffed13:0x4d91ed13628c1691","Saturday","10 AM–6 PM"
"0x30e281b678ffed13:0x4d91ed13628c1691","Sunday","10 AM–6 PM"
"0x30e281b678ffed13:0x4d91ed13628c1691","Monday","2–6 PM"
"0x30e281b678ffed13:0x4d91ed13628c1691","Tuesday","Closed"
"0x30e281b678ffed13:0x4d91ed13628c1691","Wednesday","2–6 PM"
"0x30e28104bb8374d9:0x93a0c7475f5ee98a","Thursday","10:30 AM–8 PM"
"0x30e28104bb8374d9:0x93a0c7475f5ee98a","Friday","10:30 AM–8 PM"
"0x30e28104bb8374d9:0x93a0c7475f5ee98a","Saturday","10:30 AM–8 PM"
"0x30e28104bb8374d9:0x93a0c7475f5ee98a","Sunday","10:30 AM–8 PM"
"0x30e28104bb8374d9:0x93a0c7475f5ee98a","Monday","10:30 AM–8 PM"
"0x30e28104bb8374d9:0x93a0c7475f5ee98a","Tuesday","10:30 AM–8 PM"
"0x30e28104bb8374d9:0x93a0c7475f5ee98a","Wednesday","10:30 AM–8 PM"
"0x30e283e063a49223:0x3c175124358c6639","Thursday","10 AM–7 PM"
"0x30e283e063a49223:0x3c175124358c6639","Friday","10 AM–7 PM"
"0x30e283e063a49223:0x3c175124358c6639","Saturday","10 AM–6 PM"
"0x30e283e063a49223:0x3c175124358c6639","Sunday","Closed"
"0x30e283e063a49223:0x3c175124358c6639","Monday","10 AM–7 PM"
"0x30e283e063a49223:0x3c175124358c6639","Tuesday","10 AM–7 PM"
"0x30e283e063a49223:0x3c175124358c6639","Wednesday","10 AM–7 PM"
"0x30e2836e763c73a3:0x8b75fc3473749c0a","Thursday","10 am–8 pm"
"0x30e2836e763c73a3:0x8b75fc3473749c0a","Friday","10 am–8 pm"
"0x30e2836e763c73a3:0x8b75fc3473749c0a","Saturday","10 am–8 pm"
"0x30e2836e763c73a3:0x8b75fc3473749c0a","Sunday","10 am–8 pm"
"0x30e2836e763c73a3:0x8b75fc3473749c0a","Monday","10 am–8 pm"
"0x30e2836e763c73a3:0x8b75fc3473749c0a","Tuesday","10 am–8 pm"
"0x30e2836e763c73a3:0x8b75fc3473749c0a","Wednesday","10 am–8 pm"
"0x30e29e8ddea010af:0x33845c48a68f6e08","Thursday","8:30 AM–5:30 PM"
"0x30e29e8ddea010af:0x33845c48a68f6e08","Friday","8:30 AM–5:30 PM"
"0x30e29e8ddea010af:0x33845c48a68f6e08","Saturday","8:30 AM–5:30 PM"
"0x30e29e8ddea010af:0x33845c48a68f6e08","Sunday","Closed"
"0x30e29e8ddea010af:0x33845c48a68f6e08","Monday","8:30 AM–5:30 PM"
"0x30e29e8ddea010af:0x33845c48a68f6e08","Tuesday","8:30 AM–5:30 PM"
"0x30e29e8ddea010af:0x33845c48a68f6e08","Wednesday","8:30 AM–5:30 PM"
"0x311d7d6795a76fe3:0xf2cfc33cfb53bd2d","Thursday","10 am–8 pm"
"0x311d7d6795a76fe3:0xf2cfc33cfb53bd2d","Friday","10 am–8 pm"
"0x311d7d6795a76fe3:0xf2cfc33cfb53bd2d","Saturday","10 am–8 pm"
"0x311d7d6795a76fe3:0xf2cfc33cfb53bd2d","Sunday","10 am–8 pm"
"0x311d7d6795a76fe3:0xf2cfc33cfb53bd2d","Monday","10 am–8 pm"
"0x311d7d6795a76fe3:0xf2cfc33cfb53bd2d","Tuesday","10 am–8 pm"
"0x311d7d6795a76fe3:0xf2cfc33cfb53bd2d","Wednesday","10 am–8 pm"
"0x30e29513682c01df:0x44bf1c5a2c4c435","Thursday","10:30 am–8 pm"
"0x30e29513682c01df:0x44bf1c5a2c4c435","Friday","10:30 am–8 pm"
"0x30e29513682c01df:0x44bf1c5a2c4c435","Saturday","10:30 am–8 pm"
"0x30e29513682c01df:0x44bf1c5a2c4c435","Sunday","10:30 am–8 pm"
"0x30e29513682c01df:0x44bf1c5a2c4c435","Monday","10:30 am–8 pm"
"0x30e29513682c01df:0x44bf1c5a2c4c435","Tuesday","10:30 am–8 pm"
"0x30e29513682c01df:0x44bf1c5a2c4c435","Wednesday","10:30 am–8 pm"
"0x30e2bd282574d45f:0x6c585c82386a2584","Thursday","12–8 pm"
"0x30e2bd282574d45f:0x6c585c82386a2584","Friday","12–8 pm"
"0x30e2bd282574d45f:0x6c585c82386a2584","Saturday","10 am–8 pm"
"0x30e2bd282574d45f:0x6c585c82386a2584","Sunday","10 am–8 pm"
"0x30e2bd282574d45f:0x6c585c82386a2584","Monday","12–8 pm"
"0x30e2bd282574d45f:0x6c585c82386a2584","Tuesday","12–8 pm"
"0x30e2bd282574d45f:0x6c585c82386a2584","Wednesday","12–8 pm"
"0x311d67782136fb4b:0xa9c4836141197cec","Thursday","11 am–8 pm"
"0x311d67782136fb4b:0xa9c4836141197cec","Friday","11 am–8 pm"
"0x311d67782136fb4b:0xa9c4836141197cec","Saturday","11 am–8 pm"
"0x311d67782136fb4b:0xa9c4836141197cec","Sunday","11 am–8 pm"
"0x311d67782136fb4b:0xa9c4836141197cec","Monday","11 am–8 pm"
"0x311d67782136fb4b:0xa9c4836141197cec","Tuesday","11 am–8 pm"
"0x311d67782136fb4b:0xa9c4836141197cec","Wednesday","11 am–8 pm"
"0x30e2bdd54edaec81:0xee3cd389ac7985c1","Thursday","10 am–7 pm"
"0x30e2bdd54edaec81:0xee3cd389ac7985c1","Friday","10 am–7 pm"
"0x30e2bdd54edaec81:0xee3cd389ac7985c1","Saturday","10 am–7 pm"
"0x30e2bdd54edaec81:0xee3cd389ac7985c1","Sunday","10 am–7 pm"
"0x30e2bdd54edaec81:0xee3cd389ac7985c1","Monday","10 am–7 pm"
"0x30e2bdd54edaec81:0xee3cd389ac7985c1","Tuesday","10 am–7 pm"
"0x30e2bdd54edaec81:0xee3cd389ac7985c1","Wednesday","10 am–7 pm"
"0x311d6326c978c82b:0xeb73aab5e2fa184d","Thursday","Closed"
"0x311d6326c978c82b:0xeb73aab5e2fa184d","Friday","11 am–8 pm"
"0x311d6326c978c82b:0xeb73aab5e2fa184d","Saturday","11 am–8 pm"
"0x311d6326c978c82b:0xeb73aab5e2fa184d","Sunday","11 am–8 pm"
"0x311d6326c978c82b:0xeb73aab5e2fa184d","Monday","11 am–8 pm"
"0x311d6326c978c82b:0xeb73aab5e2fa184d","Tuesday","11 am–8 pm"
"0x311d6326c978c82b:0xeb73aab5e2fa184d","Wednesday","11 am–8 pm"
"0x30e283c63cbde87f:0x2156b703c295823d","Thursday","11 am–8 pm"
"0x30e283c63cbde87f:0x2156b703c295823d","Friday","11 am–8 pm"
"0x30e283c63cbde87f:0x2156b703c295823d","Saturday","11 am–8 pm"
"0x30e283c63cbde87f:0x2156b703c295823d","Sunday","10 am–7 pm"
"0x30e283c63cbde87f:0x2156b703c295823d","Monday","11 am–8 pm"
"0x30e283c63cbde87f:0x2156b703c295823d","Tuesday","11 am–8 pm"
"0x30e283c63cbde87f:0x2156b703c295823d","Wednesday","11 am–8 pm"
"0x30e285690dde6bc5:0xde9eedfcd9c11df7","Thursday","9 am–8 pm"
"0x30e285690dde6bc5:0xde9eedfcd9c11df7","Friday","9 am–8 pm"
"0x30e285690dde6bc5:0xde9eedfcd9c11df7","Saturday","9 am–8 pm"
"0x30e285690dde6bc5:0xde9eedfcd9c11df7","Sunday","9 am–8 pm"
"0x30e285690dde6bc5:0xde9eedfcd9c11df7","Monday","9 am–8 pm"
"0x30e285690dde6bc5:0xde9eedfcd9c11df7","Tuesday","9 am–8 pm"
"0x30e285690dde6bc5:0xde9eedfcd9c11df7","Wednesday","9 am–8 pm"
"0x30e283c02817011d:0xff441d84a4c07d21","Thursday","10 am–9 pm"
"0x30e283c02817011d:0xff441d84a4c07d21","Friday","10 am–9 pm"
"0x30e283c02817011d:0xff441d84a4c07d21","Saturday","10 am–9 pm"
"0x30e283c02817011d:0xff441d84a4c07d21","Sunday","10 am–9 pm"
"0x30e283c02817011d:0xff441d84a4c07d21","Monday","10 am–9 pm"
"0x30e283c02817011d:0xff441d84a4c07d21","Tuesday","10 am–9 pm"
"0x30e283c02817011d:0xff441d84a4c07d21","Wednesday","10 am–9 pm"
"0x30e291c1f72a76a5:0x1e37f683ec591046","Thursday","10:30 am–7:30 pm"
"0x30e291c1f72a76a5:0x1e37f683ec591046","Friday","10:30 am–7:30 pm"
"0x30e291c1f72a76a5:0x1e37f683ec591046","Saturday","10:30 am–7:30 pm"
"0x30e291c1f72a76a5:0x1e37f683ec591046","Sunday","10:30 am–7:30 pm"
"0x30e291c1f72a76a5:0x1e37f683ec591046","Monday","10:30 am–7:30 pm"
"0x30e291c1f72a76a5:0x1e37f683ec591046","Tuesday","10:30 am–7:30 pm"
"0x30e291c1f72a76a5:0x1e37f683ec591046","Wednesday","10:30 am–7:30 pm"
"0x30e2950002b8661d:0xa8edc3f921347358","Thursday","10 am–8 pm"
"0x30e2950002b8661d:0xa8edc3f921347358","Friday","10 am–8 pm"
"0x30e2950002b8661d:0xa8edc3f921347358","Saturday","10 am–8 pm"
"0x30e2950002b8661d:0xa8edc3f921347358","Sunday","10 am–8 pm"
"0x30e2950002b8661d:0xa8edc3f921347358","Monday","10 am–8 pm"
"0x30e2950002b8661d:0xa8edc3f921347358","Tuesday","10 am–8 pm"
"0x30e2950002b8661d:0xa8edc3f921347358","Wednesday","Closed"
"0x30e2a32fa5e22f7d:0xe97fae944ea43fe9","Thursday","8 am–6 pm"
"0x30e2a32fa5e22f7d:0xe97fae944ea43fe9","Friday","8 am–6 pm"
"0x30e2a32fa5e22f7d:0xe97fae944ea43fe9","Saturday","8 am–12 pm"
"0x30e2a32fa5e22f7d:0xe97fae944ea43fe9","Sunday","8 am–12 pm"
"0x30e2a32fa5e22f7d:0xe97fae944ea43fe9","Monday","8 am–6 pm"
"0x30e2a32fa5e22f7d:0xe97fae944ea43fe9","Tuesday","8 am–6 pm"
"0x30e2a32fa5e22f7d:0xe97fae944ea43fe9","Wednesday","8 am–6 pm"
"0x30e2be00262f749f:0x3d64f99f601f3111","Thursday","9 am–8:30 pm"
"0x30e2be00262f749f:0x3d64f99f601f3111","Friday","9 am–8:30 pm"
"0x30e2be00262f749f:0x3d64f99f601f3111","Saturday","8:30 am–8:30 pm"
"0x30e2be00262f749f:0x3d64f99f601f3111","Sunday","8:30 am–8:30 pm"
"0x30e2be00262f749f:0x3d64f99f601f3111","Monday","9 am–8:30 pm"
"0x30e2be00262f749f:0x3d64f99f601f3111","Tuesday","9 am–8:30 pm"
"0x30e2be00262f749f:0x3d64f99f601f3111","Wednesday","9 am–8:30 pm"
"0x311d5faa31105405:0x848b0de86682c347","Thursday","11 am–7 pm"
"0x311d5faa31105405:0x848b0de86682c347","Friday","11 am–7 pm"
"0x311d5faa31105405:0x848b0de86682c347","Saturday","11 am–7 pm"
"0x311d5faa31105405:0x848b0de86682c347","Sunday","11 am–7 pm"
"0x311d5faa31105405:0x848b0de86682c347","Monday","11 am–7 pm"
"0x311d5faa31105405:0x848b0de86682c347","Tuesday","Closed"
"0x311d5faa31105405:0x848b0de86682c347","Wednesday","11 am–7 pm"
"0x311d67214c32c023:0xebe19d700857ab12","Thursday","10 am–10 pm"
"0x311d67214c32c023:0xebe19d700857ab12","Friday","10 am–10 pm"
"0x311d67214c32c023:0xebe19d700857ab12","Saturday","10 am–10 pm"
"0x311d67214c32c023:0xebe19d700857ab12","Sunday","10 am–10 pm"
"0x311d67214c32c023:0xebe19d700857ab12","Monday","10 am–10 pm"
"0x311d67214c32c023:0xebe19d700857ab12","Tuesday","10 am–10 pm"
"0x311d67214c32c023:0xebe19d700857ab12","Wednesday","10 am–10 pm"
"0x2f3b5241c37ea029:0x7be9a8c9698d582e","Thursday","10 am–8 pm"
"0x2f3b5241c37ea029:0x7be9a8c9698d582e","Friday","10 am–8 pm"
"0x2f3b5241c37ea029:0x7be9a8c9698d582e","Saturday","10 am–8 pm"
"0x2f3b5241c37ea029:0x7be9a8c9698d582e","Sunday","10 am–8 pm"
"0x2f3b5241c37ea029:0x7be9a8c9698d582e","Monday","10 am–8 pm"
"0x2f3b5241c37ea029:0x7be9a8c9698d582e","Tuesday","10 am–8 pm"
"0x2f3b5241c37ea029:0x7be9a8c9698d582e","Wednesday","10 am–8 pm"
"0x311d62af3c83cbdb:0x9f03893b23611621","Thursday","9:30 am–7:30 pm"
"0x311d62af3c83cbdb:0x9f03893b23611621","Friday","9:30 am–7:30 pm"
"0x311d62af3c83cbdb:0x9f03893b23611621","Saturday","9 am–7 pm"
"0x311d62af3c83cbdb:0x9f03893b23611621","Sunday","9 am–6 pm"
"0x311d62af3c83cbdb:0x9f03893b23611621","Monday","9:30 am–7:30 pm"
"0x311d62af3c83cbdb:0x9f03893b23611621","Tuesday","9:30 am–7:30 pm"
"0x311d62af3c83cbdb:0x9f03893b23611621","Wednesday","9:30 am–7:30 pm"
"0x30e283c85f1e9847:0xadb0fb41088afd28","Thursday","9 am–9 pm"
"0x30e283c85f1e9847:0xadb0fb41088afd28","Friday","9 am–9 pm"
"0x30e283c85f1e9847:0xadb0fb41088afd28","Saturday","9 am–9 pm"
"0x30e283c85f1e9847:0xadb0fb41088afd28","Sunday","9 am–9 pm"
"0x30e283c85f1e9847:0xadb0fb41088afd28","Monday","9 am–9 pm"
"0x30e283c85f1e9847:0xadb0fb41088afd28","Tuesday","9 am–9 pm"
"0x30e283c85f1e9847:0xadb0fb41088afd28","Wednesday","9 am–9 pm"
"0x311d5f667fe865a1:0x262b60a51d18cf6d","Thursday","2–7 pm"
"0x311d5f667fe865a1:0x262b60a51d18cf6d","Friday","5–7 pm"
"0x311d5f667fe865a1:0x262b60a51d18cf6d","Saturday","10 am–5:30 pm"
"0x311d5f667fe865a1:0x262b60a51d18cf6d","Sunday","10 am–5:30 pm"
"0x311d5f667fe865a1:0x262b60a51d18cf6d","Monday","Closed"
"0x311d5f667fe865a1:0x262b60a51d18cf6d","Tuesday","5–7 pm"
"0x311d5f667fe865a1:0x262b60a51d18cf6d","Wednesday","2–5 pm"
"0x30e28550272f50d9:0x905bfaea67625656","Thursday","9:30 am–7:30 pm"
"0x30e28550272f50d9:0x905bfaea67625656","Friday","9:30 am–7:30 pm"
"0x30e28550272f50d9:0x905bfaea67625656","Saturday","9 am–7 pm"
"0x30e28550272f50d9:0x905bfaea67625656","Sunday","9 am–6 pm"
"0x30e28550272f50d9:0x905bfaea67625656","Monday","9:30 am–7:30 pm"
"0x30e28550272f50d9:0x905bfaea67625656","Tuesday","9:30 am–7:30 pm"
"0x30e28550272f50d9:0x905bfaea67625656","Wednesday","9:30 am–7:30 pm"
"0x30e296972c7a0753:0x668709d7fbebdf8e","Thursday","10 am–8 pm"
"0x30e296972c7a0753:0x668709d7fbebdf8e","Friday","10 am–8 pm"
"0x30e296972c7a0753:0x668709d7fbebdf8e","Saturday","10 am–8 pm"
"0x30e296972c7a0753:0x668709d7fbebdf8e","Sunday","10 am–8 pm"
"0x30e296972c7a0753:0x668709d7fbebdf8e","Monday","10 am–8 pm"
"0x30e296972c7a0753:0x668709d7fbebdf8e","Tuesday","10 am–8 pm"
"0x30e296972c7a0753:0x668709d7fbebdf8e","Wednesday","10 am–8 pm"
"0x30e2a09b921563f1:0x968e98e0a8bbc3f2","Thursday","Closed"
"0x30e2a09b921563f1:0x968e98e0a8bbc3f2","Friday","10 am–7:30 pm"
"0x30e2a09b921563f1:0x968e98e0a8bbc3f2","Saturday","10 am–4 pm"
"0x30e2a09b921563f1:0x968e98e0a8bbc3f2","Sunday","10 am–4 pm"
"0x30e2a09b921563f1:0x968e98e0a8bbc3f2","Monday","10 am–7:30 pm"
"0x30e2a09b921563f1:0x968e98e0a8bbc3f2","Tuesday","10 am–7:30 pm"
"0x30e2a09b921563f1:0x968e98e0a8bbc3f2","Wednesday","10 am–7:30 pm"
"0x30e28fb371e3cf03:0x7199b2c22ceffe26","Thursday","10 am–8 pm"
"0x30e28fb371e3cf03:0x7199b2c22ceffe26","Friday","10 am–8 pm"
"0x30e28fb371e3cf03:0x7199b2c22ceffe26","Saturday","10 am–8 pm"
"0x30e28fb371e3cf03:0x7199b2c22ceffe26","Sunday","10 am–8 pm"
"0x30e28fb371e3cf03:0x7199b2c22ceffe26","Monday","10 am–8 pm"
"0x30e28fb371e3cf03:0x7199b2c22ceffe26","Tuesday","10 am–8 pm"
"0x30e28fb371e3cf03:0x7199b2c22ceffe26","Wednesday","10 am–8 pm"
"0x311d5d3f320ca1ff:0xd74b0097ecd030b3","Thursday","11 am–8 pm"
"0x311d5d3f320ca1ff:0xd74b0097ecd030b3","Friday","11 am–8 pm"
"0x311d5d3f320ca1ff:0xd74b0097ecd030b3","Saturday","11 am–8 pm"
"0x311d5d3f320ca1ff:0xd74b0097ecd030b3","Sunday","11 am–8 pm"
"0x311d5d3f320ca1ff:0xd74b0097ecd030b3","Monday","11 am–8 pm"
"0x311d5d3f320ca1ff:0xd74b0097ecd030b3","Tuesday","11 am–8 pm"
"0x311d5d3f320ca1ff:0xd74b0097ecd030b3","Wednesday","11 am–8 pm"
"0x311d5f726caf7bbd:0x66bd10ece75a7d40","Thursday","10:30 am–8 pm"
"0x311d5f726caf7bbd:0x66bd10ece75a7d40","Friday","10:30 am–8 pm"
"0x311d5f726caf7bbd:0x66bd10ece75a7d40","Saturday","10:30 am–8 pm"
"0x311d5f726caf7bbd:0x66bd10ece75a7d40","Sunday","10:30 am–8 pm"
"0x311d5f726caf7bbd:0x66bd10ece75a7d40","Monday","10:30 am–8 pm"
"0x311d5f726caf7bbd:0x66bd10ece75a7d40","Tuesday","10:30 am–8 pm"
"0x311d5f726caf7bbd:0x66bd10ece75a7d40","Wednesday","10:30 am–8 pm"
"0x311d5f168efbd03d:0x86247dbf52270265","Thursday","10 am–7:30 pm"
"0x311d5f168efbd03d:0x86247dbf52270265","Friday","10 am–7:30 pm"
"0x311d5f168efbd03d:0x86247dbf52270265","Saturday","10 am–7:30 pm"
"0x311d5f168efbd03d:0x86247dbf52270265","Sunday","10 am–7:30 pm"
"0x311d5f168efbd03d:0x86247dbf52270265","Monday","10 am–7:30 pm"
"0x311d5f168efbd03d:0x86247dbf52270265","Tuesday","10 am–7:30 pm"
"0x311d5f168efbd03d:0x86247dbf52270265","Wednesday","10 am–7:30 pm"
"0x30e293f34bf274c1:0x50fdca43bbb4827e","Thursday","9 am–8 pm"
"0x30e293f34bf274c1:0x50fdca43bbb4827e","Friday","9 am–8 pm"
"0x30e293f34bf274c1:0x50fdca43bbb4827e","Saturday","9 am–8 pm"
"0x30e293f34bf274c1:0x50fdca43bbb4827e","Sunday","9 am–8 pm"
"0x30e293f34bf274c1:0x50fdca43bbb4827e","Monday","9 am–8 pm"
"0x30e293f34bf274c1:0x50fdca43bbb4827e","Tuesday","9 am–8 pm"
"0x30e293f34bf274c1:0x50fdca43bbb4827e","Wednesday","9 am–8 pm"
"0x311d5fda2fd97db5:0x65530cdae1429742","Thursday","Open 24 hours"
"0x311d5fda2fd97db5:0x65530cdae1429742","Friday","Open 24 hours"
"0x311d5fda2fd97db5:0x65530cdae1429742","Saturday","Open 24 hours"
"0x311d5fda2fd97db5:0x65530cdae1429742","Sunday","Open 24 hours"
"0x311d5fda2fd97db5:0x65530cdae1429742","Monday","Open 24 hours"
"0x311d5fda2fd97db5:0x65530cdae1429742","Tuesday","Open 24 hours"
"0x311d5fda2fd97db5:0x65530cdae1429742","Wednesday","Open 24 hours"
"0x311d63ce42cd6247:0x68781ee404b605f8","Thursday","10:30 am–8 pm"
"0x311d63ce42cd6247:0x68781ee404b605f8","Friday","10:30 am–8 pm"
"0x311d63ce42cd6247:0x68781ee404b605f8","Saturday","10:30 am–8 pm"
"0x311d63ce42cd6247:0x68781ee404b605f8","Sunday","10:30 am–8 pm"
"0x311d63ce42cd6247:0x68781ee404b605f8","Monday","10:30 am–8 pm"
"0x311d63ce42cd6247:0x68781ee404b605f8","Tuesday","10:30 am–8 pm"
"0x311d63ce42cd6247:0x68781ee404b605f8","Wednesday","Closed"
"0x30e283497ba464f5:0xeba53e39bcce6485","Thursday","Closed"
"0x30e283497ba464f5:0xeba53e39bcce6485","Friday","5–8 PM"
"0x30e283497ba464f5:0xeba53e39bcce6485","Saturday","1–8 PM"
"0x30e283497ba464f5:0xeba53e39bcce6485","Sunday","1–8 PM"
"0x30e283497ba464f5:0xeba53e39bcce6485","Monday","5–8 PM"
"0x30e283497ba464f5:0xeba53e39bcce6485","Tuesday","5–8 PM"
"0x30e283497ba464f5:0xeba53e39bcce6485","Wednesday","5–8 PM"
"0x30e29ef6f0ae5703:0x9726de27e26ec3a","Thursday","9 AM–6 PM"
"0x30e29ef6f0ae5703:0x9726de27e26ec3a","Friday","9 AM–6 PM"
"0x30e29ef6f0ae5703:0x9726de27e26ec3a","Saturday","Closed"
"0x30e29ef6f0ae5703:0x9726de27e26ec3a","Sunday","Closed"
"0x30e29ef6f0ae5703:0x9726de27e26ec3a","Monday","9 AM–6 PM"
"0x30e29ef6f0ae5703:0x9726de27e26ec3a","Tuesday","9 AM–6 PM"
"0x30e29ef6f0ae5703:0x9726de27e26ec3a","Wednesday","9 AM–6 PM"
"0x311d7d34b568a199:0xd50d57ae894164af","Thursday","10 am–8 pm"
"0x311d7d34b568a199:0xd50d57ae894164af","Friday","10 am–8 pm"
"0x311d7d34b568a199:0xd50d57ae894164af","Saturday","10 am–8 pm"
"0x311d7d34b568a199:0xd50d57ae894164af","Sunday","10 am–8 pm"
"0x311d7d34b568a199:0xd50d57ae894164af","Monday","10 am–8 pm"
"0x311d7d34b568a199:0xd50d57ae894164af","Tuesday","10 am–8 pm"
"0x311d7d34b568a199:0xd50d57ae894164af","Wednesday","10 am–8 pm"
"0x30e28ffc21b5012d:0x24e47608cefea1ea","Thursday","9 AM–8 PM"
"0x30e28ffc21b5012d:0x24e47608cefea1ea","Friday","Closed"
"0x30e28ffc21b5012d:0x24e47608cefea1ea","Saturday","9 AM–8 PM"
"0x30e28ffc21b5012d:0x24e47608cefea1ea","Sunday","9 AM–8 PM"
"0x30e28ffc21b5012d:0x24e47608cefea1ea","Monday","9 AM–8 PM"
"0x30e28ffc21b5012d:0x24e47608cefea1ea","Tuesday","9 AM–8 PM"
"0x30e28ffc21b5012d:0x24e47608cefea1ea","Wednesday","9 AM–8 PM"
"0x30e283170ea881fb:0x7a438ba53c3255db","Thursday","10 AM–8 PM"
"0x30e283170ea881fb:0x7a438ba53c3255db","Friday","10 AM–8 PM"
"0x30e283170ea881fb:0x7a438ba53c3255db","Saturday","10 AM–8 PM"
"0x30e283170ea881fb:0x7a438ba53c3255db","Sunday","10 AM–8 PM"
"0x30e283170ea881fb:0x7a438ba53c3255db","Monday","10 AM–8 PM"
"0x30e283170ea881fb:0x7a438ba53c3255db","Tuesday","10 AM–8 PM"
"0x30e283170ea881fb:0x7a438ba53c3255db","Wednesday","10 AM–8 PM"
"0x311d6300101863dd:0xfac4f5d75e497105","Thursday","11 AM–8:30 PM"
"0x311d6300101863dd:0xfac4f5d75e497105","Friday","11 AM–8:30 PM"
"0x311d6300101863dd:0xfac4f5d75e497105","Saturday","10 AM–8 PM"
"0x311d6300101863dd:0xfac4f5d75e497105","Sunday","10 AM–8 PM"
"0x311d6300101863dd:0xfac4f5d75e497105","Monday","Closed"
"0x311d6300101863dd:0xfac4f5d75e497105","Tuesday","11 AM–8:30 PM"
"0x311d6300101863dd:0xfac4f5d75e497105","Wednesday","11 AM–8:30 PM"
"0x30e282455187c5c3:0x4aeb034c5b205814","Thursday","9:20 AM–8 PM"
"0x30e282455187c5c3:0x4aeb034c5b205814","Friday","9:20 AM–8 PM"
"0x30e282455187c5c3:0x4aeb034c5b205814","Saturday","9:20 AM–8 PM"
"0x30e282455187c5c3:0x4aeb034c5b205814","Sunday","9:20 AM–8 PM"
"0x30e282455187c5c3:0x4aeb034c5b205814","Monday","9:20 AM–8 PM"
"0x30e282455187c5c3:0x4aeb034c5b205814","Tuesday","9:20 AM–8 PM"
"0x30e282455187c5c3:0x4aeb034c5b205814","Wednesday","9:20 AM–8 PM"
"0x30e283b735098a8b:0x21e29862f618cff4","Thursday","9:20 AM–8 PM"
"0x30e283b735098a8b:0x21e29862f618cff4","Friday","9:20 AM–8 PM"
"0x30e283b735098a8b:0x21e29862f618cff4","Saturday","9:20 AM–8 PM"
"0x30e283b735098a8b:0x21e29862f618cff4","Sunday","9:20 AM–8 PM"
"0x30e283b735098a8b:0x21e29862f618cff4","Monday","9:20 AM–8 PM"
"0x30e283b735098a8b:0x21e29862f618cff4","Tuesday","9:20 AM–8 PM"
"0x30e283b735098a8b:0x21e29862f618cff4","Wednesday","9:20 AM–8 PM"
"0x30e283f78694f441:0x48a14476a3083a1f","Thursday","11 AM–9 PM"
"0x30e283f78694f441:0x48a14476a3083a1f","Friday","11 AM–9 PM"
"0x30e283f78694f441:0x48a14476a3083a1f","Saturday","11 AM–9 PM"
"0x30e283f78694f441:0x48a14476a3083a1f","Sunday","11 AM–9 PM"
"0x30e283f78694f441:0x48a14476a3083a1f","Monday","11 AM–9 PM"
"0x30e283f78694f441:0x48a14476a3083a1f","Tuesday","11 AM–9 PM"
"0x30e283f78694f441:0x48a14476a3083a1f","Wednesday","11 AM–9 PM"
"0x311d7dc11a5200bb:0x38f73ab5873fe8b0","Thursday","11 am–8 pm"
"0x311d7dc11a5200bb:0x38f73ab5873fe8b0","Friday","11 am–8 pm"
"0x311d7dc11a5200bb:0x38f73ab5873fe8b0","Saturday","11 am–8 pm"
"0x311d7dc11a5200bb:0x38f73ab5873fe8b0","Sunday","11 am–8 pm"
"0x311d7dc11a5200bb:0x38f73ab5873fe8b0","Monday","11 am–8 pm"
"0x311d7dc11a5200bb:0x38f73ab5873fe8b0","Tuesday","11 am–8 pm"
"0x311d7dc11a5200bb:0x38f73ab5873fe8b0","Wednesday","11 am–8 pm"
"0x311d7d5da6936e85:0x4b9ab76d4038621","Thursday","5–8 pm"
"0x311d7d5da6936e85:0x4b9ab76d4038621","Friday","5–8 pm"
"0x311d7d5da6936e85:0x4b9ab76d4038621","Saturday","10 am–8 pm"
"0x311d7d5da6936e85:0x4b9ab76d4038621","Sunday","10 am–8 pm"
"0x311d7d5da6936e85:0x4b9ab76d4038621","Monday","5–8 pm"
"0x311d7d5da6936e85:0x4b9ab76d4038621","Tuesday","5–8 pm"
"0x311d7d5da6936e85:0x4b9ab76d4038621","Wednesday","5–8 pm"
"0x311d7c5dacda8b8f:0x80ba13afe65291ff","Thursday","10 am–6 pm"
"0x311d7c5dacda8b8f:0x80ba13afe65291ff","Friday","10 am–6 pm"
"0x311d7c5dacda8b8f:0x80ba13afe65291ff","Saturday","10 am–6 pm"
"0x311d7c5dacda8b8f:0x80ba13afe65291ff","Sunday","9 am–6 pm"
"0x311d7c5dacda8b8f:0x80ba13afe65291ff","Monday","10 am–6 pm"
"0x311d7c5dacda8b8f:0x80ba13afe65291ff","Tuesday","10 am–6 pm"
"0x311d7c5dacda8b8f:0x80ba13afe65291ff","Wednesday","10 am–6 pm"
"0x30e287005e14a82f:0x1b20086c6e7d72fd","Thursday","10 am–7 pm"
"0x30e287005e14a82f:0x1b20086c6e7d72fd","Friday","10 am–7 pm"
"0x30e287005e14a82f:0x1b20086c6e7d72fd","Saturday","10 am–7 pm"
"0x30e287005e14a82f:0x1b20086c6e7d72fd","Sunday","10 am–7 pm"
"0x30e287005e14a82f:0x1b20086c6e7d72fd","Monday","10 am–7 pm"
"0x30e287005e14a82f:0x1b20086c6e7d72fd","Tuesday","10 am–7 pm"
"0x30e287005e14a82f:0x1b20086c6e7d72fd","Wednesday","10 am–7 pm"
"0x30e2a3afffffffff:0x6b24a924468be8b8","Thursday","11 am–8 pm"
"0x30e2a3afffffffff:0x6b24a924468be8b8","Friday","11 am–8 pm"
"0x30e2a3afffffffff:0x6b24a924468be8b8","Saturday","11 am–8 pm"
"0x30e2a3afffffffff:0x6b24a924468be8b8","Sunday","11 am–8 pm"
"0x30e2a3afffffffff:0x6b24a924468be8b8","Monday","11 am–8 pm"
"0x30e2a3afffffffff:0x6b24a924468be8b8","Tuesday","11 am–8 pm"
"0x30e2a3afffffffff:0x6b24a924468be8b8","Wednesday","11 am–8 pm"
"0x311d60717fea4327:0x57fc9de4465ea68d","Friday","10:30 am–8 pm"
"0x311d60717fea4327:0x57fc9de4465ea68d","Saturday","10:30 am–8 pm"
"0x311d60717fea4327:0x57fc9de4465ea68d","Sunday","10:30 am–8 pm"
"0x311d60717fea4327:0x57fc9de4465ea68d","Monday","10:30 am–8 pm"
"0x311d60717fea4327:0x57fc9de4465ea68d","Tuesday","10:30 am–8 pm"
"0x311d60717fea4327:0x57fc9de4465ea68d","Wednesday","10:30 am–8 pm"
"0x311d60717fea4327:0x57fc9de4465ea68d","Thursday","10:30 am–8 pm"
"0x30e282bbf635feb7:0x23069ae37b3f91c2","Friday","11 am–7 pm"
"0x30e282bbf635feb7:0x23069ae37b3f91c2","Saturday","11 am–7 pm"
"0x30e282bbf635feb7:0x23069ae37b3f91c2","Sunday","Closed"
"0x30e282bbf635feb7:0x23069ae37b3f91c2","Monday","11 am–7 pm"
"0x30e282bbf635feb7:0x23069ae37b3f91c2","Tuesday","11 am–7 pm"
"0x30e282bbf635feb7:0x23069ae37b3f91c2","Wednesday","11 am–7 pm"
"0x30e282bbf635feb7:0x23069ae37b3f91c2","Thursday","11 am–7 pm"
"0x311d7d001e536a69:0xf943ead8ecd6ce68","Friday","10 am–8 pm"
"0x311d7d001e536a69:0xf943ead8ecd6ce68","Saturday","10 am–8 pm"
"0x311d7d001e536a69:0xf943ead8ecd6ce68","Sunday","10 am–8 pm"
"0x311d7d001e536a69:0xf943ead8ecd6ce68","Monday","10 am–8 pm"
"0x311d7d001e536a69:0xf943ead8ecd6ce68","Tuesday","10 am–8 pm"
"0x311d7d001e536a69:0xf943ead8ecd6ce68","Wednesday","10 am–8 pm"
"0x311d7d001e536a69:0xf943ead8ecd6ce68","Thursday","10 am–8 pm"
"0x311d63cddd0984af:0xcc1e523326e040c6","Friday","11 am–9 pm"
"0x311d63cddd0984af:0xcc1e523326e040c6","Saturday","10 am–6 pm"
"0x311d63cddd0984af:0xcc1e523326e040c6","Sunday","10 am–6 pm"
"0x311d63cddd0984af:0xcc1e523326e040c6","Monday","11 am–9 pm"
"0x311d63cddd0984af:0xcc1e523326e040c6","Tuesday","11 am–9 pm"
"0x311d63cddd0984af:0xcc1e523326e040c6","Wednesday","11 am–9 pm"
"0x311d63cddd0984af:0xcc1e523326e040c6","Thursday","11 am–9 pm"
"0x30e28f2c5ccb6785:0x1de348e51ac70fd5","Friday","10 am–7 pm"
"0x30e28f2c5ccb6785:0x1de348e51ac70fd5","Saturday","10 am–7 pm"
"0x30e28f2c5ccb6785:0x1de348e51ac70fd5","Sunday","10 am–7 pm"
"0x30e28f2c5ccb6785:0x1de348e51ac70fd5","Monday","10 am–7 pm"
"0x30e28f2c5ccb6785:0x1de348e51ac70fd5","Tuesday","Closed"
"0x30e28f2c5ccb6785:0x1de348e51ac70fd5","Wednesday","10 am–7 pm"
"0x30e28f2c5ccb6785:0x1de348e51ac70fd5","Thursday","10 am–7 pm"
"0x30e2930efdeaf22d:0xd97f3e22658c3c06","Friday","10 am–8 pm"
"0x30e2930efdeaf22d:0xd97f3e22658c3c06","Saturday","10 am–8 pm"
"0x30e2930efdeaf22d:0xd97f3e22658c3c06","Sunday","10 am–6:30 pm"
"0x30e2930efdeaf22d:0xd97f3e22658c3c06","Monday","10 am–8 pm"
"0x30e2930efdeaf22d:0xd97f3e22658c3c06","Tuesday","10 am–8 pm"
"0x30e2930efdeaf22d:0xd97f3e22658c3c06","Wednesday","10 am–8 pm"
"0x30e2930efdeaf22d:0xd97f3e22658c3c06","Thursday","10 am–8 pm"
"0x30e29facb7e28c31:0xbcb78e5cd1454ce2","Friday","9 am–4 pm"
"0x30e29facb7e28c31:0xbcb78e5cd1454ce2","Saturday","9 am–4 pm"
"0x30e29facb7e28c31:0xbcb78e5cd1454ce2","Sunday","Closed"
"0x30e29facb7e28c31:0xbcb78e5cd1454ce2","Monday","9 am–4 pm"
"0x30e29facb7e28c31:0xbcb78e5cd1454ce2","Tuesday","9 am–4 pm"
"0x30e29facb7e28c31:0xbcb78e5cd1454ce2","Wednesday","Closed"
"0x30e29facb7e28c31:0xbcb78e5cd1454ce2","Thursday","Closed"
"0x311d6174a671b09f:0xc9c75b4cceb7aeef","Friday","10 am–8 pm"
"0x311d6174a671b09f:0xc9c75b4cceb7aeef","Saturday","10 am–8 pm"
"0x311d6174a671b09f:0xc9c75b4cceb7aeef","Sunday","10 am–8 pm"
"0x311d6174a671b09f:0xc9c75b4cceb7aeef","Monday","10 am–8 pm"
"0x311d6174a671b09f:0xc9c75b4cceb7aeef","Tuesday","10 am–8 pm"
"0x311d6174a671b09f:0xc9c75b4cceb7aeef","Wednesday","10 am–8 pm"
"0x311d6174a671b09f:0xc9c75b4cceb7aeef","Thursday","10 am–8 pm"
"0x30e282dbf1150a41:0x3b5f15016a28673b","Friday","10 am–9 pm"
"0x30e282dbf1150a41:0x3b5f15016a28673b","Saturday","10 am–9 pm"
"0x30e282dbf1150a41:0x3b5f15016a28673b","Sunday","10 am–9 pm"
"0x30e282dbf1150a41:0x3b5f15016a28673b","Monday","10 am–9 pm"
"0x30e282dbf1150a41:0x3b5f15016a28673b","Tuesday","10 am–9 pm"
"0x30e282dbf1150a41:0x3b5f15016a28673b","Wednesday","10 am–9 pm"
"0x30e282dbf1150a41:0x3b5f15016a28673b","Thursday","10 am–9 pm"
"0x311d672b908cdebf:0xfc162773ffbd0f69","Friday","9:30 am–8 pm"
"0x311d672b908cdebf:0xfc162773ffbd0f69","Saturday","9:30 am–8 pm"
"0x311d672b908cdebf:0xfc162773ffbd0f69","Sunday","9:30 am–8 pm"
"0x311d672b908cdebf:0xfc162773ffbd0f69","Monday","9:30 am–8 pm"
"0x311d672b908cdebf:0xfc162773ffbd0f69","Tuesday","9:30 am–8 pm"
"0x311d672b908cdebf:0xfc162773ffbd0f69","Wednesday","9:30 am–8 pm"
"0x311d672b908cdebf:0xfc162773ffbd0f69","Thursday","9:30 am–8 pm"
"0x30e2835eb6d150ad:0x1f1e22789fc0e11d","Friday","1–7:30 pm"
"0x30e2835eb6d150ad:0x1f1e22789fc0e11d","Saturday","10:30 am–7:30 pm"
"0x30e2835eb6d150ad:0x1f1e22789fc0e11d","Sunday","10:30 am–7:30 pm"
"0x30e2835eb6d150ad:0x1f1e22789fc0e11d","Monday","3–7:30 pm"
"0x30e2835eb6d150ad:0x1f1e22789fc0e11d","Tuesday","1–7:30 pm"
"0x30e2835eb6d150ad:0x1f1e22789fc0e11d","Wednesday","3–7:30 pm"
"0x30e2835eb6d150ad:0x1f1e22789fc0e11d","Thursday","Closed"
"0x311d7f41fac88a87:0x590bad57263302d3","Friday","10 am–8 pm"
"0x311d7f41fac88a87:0x590bad57263302d3","Saturday","10 am–8 pm"
"0x311d7f41fac88a87:0x590bad57263302d3","Sunday","10 am–8 pm"
"0x311d7f41fac88a87:0x590bad57263302d3","Monday","10 am–8 pm"
"0x311d7f41fac88a87:0x590bad57263302d3","Tuesday","10 am–8 pm"
"0x311d7f41fac88a87:0x590bad57263302d3","Wednesday","10 am–8 pm"
"0x311d7f41fac88a87:0x590bad57263302d3","Thursday","10 am–8 pm"
"0x30e28f17f42e46ed:0xf4d1c7c6ca34faf7","Friday","10 am–8 pm"
"0x30e28f17f42e46ed:0xf4d1c7c6ca34faf7","Saturday","10 am–8 pm"
"0x30e28f17f42e46ed:0xf4d1c7c6ca34faf7","Sunday","10 am–8 pm"
"0x30e28f17f42e46ed:0xf4d1c7c6ca34faf7","Monday","10 am–8 pm"
"0x30e28f17f42e46ed:0xf4d1c7c6ca34faf7","Tuesday","10 am–8 pm"
"0x30e28f17f42e46ed:0xf4d1c7c6ca34faf7","Wednesday","10 am–8 pm"
"0x30e28f17f42e46ed:0xf4d1c7c6ca34faf7","Thursday","10 am–8 pm"
"0x30e28fd83ba14bc5:0xfe0601c3da19a086","Friday","9 am–9 pm"
"0x30e28fd83ba14bc5:0xfe0601c3da19a086","Saturday","9 am–9 pm"
"0x30e28fd83ba14bc5:0xfe0601c3da19a086","Sunday","9 am–9 pm"
"0x30e28fd83ba14bc5:0xfe0601c3da19a086","Monday","9 am–9 pm"
"0x30e28fd83ba14bc5:0xfe0601c3da19a086","Tuesday","9 am–9 pm"
"0x30e28fd83ba14bc5:0xfe0601c3da19a086","Wednesday","9 am–9 pm"
"0x30e28fd83ba14bc5:0xfe0601c3da19a086","Thursday","9 am–9 pm"
"0x4519ad7694618a8d:0x7ff8a3adddff55d7","Friday","9 am–5 pm"
"0x4519ad7694618a8d:0x7ff8a3adddff55d7","Saturday","9 am–5 pm"
"0x4519ad7694618a8d:0x7ff8a3adddff55d7","Sunday","9 am–5 pm"
"0x4519ad7694618a8d:0x7ff8a3adddff55d7","Monday","9 am–5 pm"
"0x4519ad7694618a8d:0x7ff8a3adddff55d7","Tuesday","9 am–5 pm"
"0x4519ad7694618a8d:0x7ff8a3adddff55d7","Wednesday","9 am–5 pm"
"0x4519ad7694618a8d:0x7ff8a3adddff55d7","Thursday","9 am–5 pm"
"0x30e29027aaaaaaab:0xf91f83eb6e09210c","Friday","10 am–7 pm"
"0x30e29027aaaaaaab:0xf91f83eb6e09210c","Saturday","10 am–7 pm"
"0x30e29027aaaaaaab:0xf91f83eb6e09210c","Sunday","10 am–7 pm"
"0x30e29027aaaaaaab:0xf91f83eb6e09210c","Monday","10 am–7 pm"
"0x30e29027aaaaaaab:0xf91f83eb6e09210c","Tuesday","10 am–7 pm"
"0x30e29027aaaaaaab:0xf91f83eb6e09210c","Wednesday","10 am–7 pm"
"0x30e29027aaaaaaab:0xf91f83eb6e09210c","Thursday","10 am–7 pm"
"0x30e283c363bd84c7:0xceb81d07bb46884c","Friday","10 am–8 pm"
"0x30e283c363bd84c7:0xceb81d07bb46884c","Saturday","10 am–8 pm"
"0x30e283c363bd84c7:0xceb81d07bb46884c","Sunday","10 am–8 pm"
"0x30e283c363bd84c7:0xceb81d07bb46884c","Monday","10 am–8 pm"
"0x30e283c363bd84c7:0xceb81d07bb46884c","Tuesday","10 am–8 pm"
"0x30e283c363bd84c7:0xceb81d07bb46884c","Wednesday","10 am–8 pm"
"0x30e283c363bd84c7:0xceb81d07bb46884c","Thursday","10 am–8 pm"
"0x30e2bc4ee796ca0d:0x5a35c728895df56f","Friday","9 am–7 pm"
"0x30e2bc4ee796ca0d:0x5a35c728895df56f","Saturday","9 am–7 pm"
"0x30e2bc4ee796ca0d:0x5a35c728895df56f","Sunday","9 am–4 pm"
"0x30e2bc4ee796ca0d:0x5a35c728895df56f","Monday","9 am–7 pm"
"0x30e2bc4ee796ca0d:0x5a35c728895df56f","Tuesday","9 am–7 pm"
"0x30e2bc4ee796ca0d:0x5a35c728895df56f","Wednesday","9 am–7 pm"
"0x30e2bc4ee796ca0d:0x5a35c728895df56f","Thursday","9 am–7 pm"
"0x311d5e3cd123b59f:0x809e91fcb143d300","Friday","9:30 am–8:30 pm"
"0x311d5e3cd123b59f:0x809e91fcb143d300","Saturday","9:30 am–8:30 pm"
"0x311d5e3cd123b59f:0x809e91fcb143d300","Sunday","9:30 am–8:30 pm"
"0x311d5e3cd123b59f:0x809e91fcb143d300","Monday","9:30 am–8:30 pm"
"0x311d5e3cd123b59f:0x809e91fcb143d300","Tuesday","9:30 am–8:30 pm"
"0x311d5e3cd123b59f:0x809e91fcb143d300","Wednesday","9:30 am–8:30 pm"
"0x311d5e3cd123b59f:0x809e91fcb143d300","Thursday","9:30 am–8:30 pm"
"0x30e2838b60e7faeb:0x147d44c5f2b8bc29","Friday","10 am–7 pm"
"0x30e2838b60e7faeb:0x147d44c5f2b8bc29","Saturday","10 am–7 pm"
"0x30e2838b60e7faeb:0x147d44c5f2b8bc29","Sunday","Closed"
"0x30e2838b60e7faeb:0x147d44c5f2b8bc29","Monday","10 am–7 pm"
"0x30e2838b60e7faeb:0x147d44c5f2b8bc29","Tuesday","10 am–7 pm"
"0x30e2838b60e7faeb:0x147d44c5f2b8bc29","Wednesday","10 am–7 pm"
"0x30e2838b60e7faeb:0x147d44c5f2b8bc29","Thursday","10 am–7 pm"
"0x30e29057f9dcf869:0x4bd3a0d6b81ee275","Friday","10 am–3 pm"
"0x30e29057f9dcf869:0x4bd3a0d6b81ee275","Saturday","4–8 pm"
"0x30e29057f9dcf869:0x4bd3a0d6b81ee275","Sunday","Closed"
"0x30e29057f9dcf869:0x4bd3a0d6b81ee275","Monday","10 am–8 pm"
"0x30e29057f9dcf869:0x4bd3a0d6b81ee275","Tuesday","10 am–8 pm"
"0x30e29057f9dcf869:0x4bd3a0d6b81ee275","Wednesday","10 am–8 pm"
"0x30e29057f9dcf869:0x4bd3a0d6b81ee275","Thursday","10 am–3 pm"
"0x30e28315b9f825ab:0x32a77dbbd12de2ed","Friday","10 am–7 pm"
"0x30e28315b9f825ab:0x32a77dbbd12de2ed","Saturday","10 am–7 pm"
"0x30e28315b9f825ab:0x32a77dbbd12de2ed","Sunday","10 am–7 pm"
"0x30e28315b9f825ab:0x32a77dbbd12de2ed","Monday","10 am–7 pm"
"0x30e28315b9f825ab:0x32a77dbbd12de2ed","Tuesday","10 am–7 pm"
"0x30e28315b9f825ab:0x32a77dbbd12de2ed","Wednesday","10 am–7 pm"
"0x30e28315b9f825ab:0x32a77dbbd12de2ed","Thursday","10 am–7 pm"
"0x30e295f3dc450b25:0xba7a1498958afd0","Friday","10 am–6:30 pm"
"0x30e295f3dc450b25:0xba7a1498958afd0","Saturday","10 am–6:30 pm"
"0x30e295f3dc450b25:0xba7a1498958afd0","Sunday","10 am–6:30 pm"
"0x30e295f3dc450b25:0xba7a1498958afd0","Monday","10 am–6:30 pm"
"0x30e295f3dc450b25:0xba7a1498958afd0","Tuesday","10 am–6:30 pm"
"0x30e295f3dc450b25:0xba7a1498958afd0","Wednesday","10 am–6:30 pm"
"0x30e295f3dc450b25:0xba7a1498958afd0","Thursday","10 am–6:30 pm"
"0x30e284920630d403:0xf5150683f253a5aa","Friday","9 am–8 pm"
"0x30e284920630d403:0xf5150683f253a5aa","Saturday","9 am–8 pm"
"0x30e284920630d403:0xf5150683f253a5aa","Sunday","9 am–8 pm"
"0x30e284920630d403:0xf5150683f253a5aa","Monday","9 am–8 pm"
"0x30e284920630d403:0xf5150683f253a5aa","Tuesday","9 am–8 pm"
"0x30e284920630d403:0xf5150683f253a5aa","Wednesday","Closed"
"0x30e284920630d403:0xf5150683f253a5aa","Thursday","9 am–8 pm"
"0x311d63f41e891511:0xaf61754ad833051","Friday","9 am–8 pm"
"0x311d63f41e891511:0xaf61754ad833051","Saturday","9 am–8 pm"
"0x311d63f41e891511:0xaf61754ad833051","Sunday","9 am–8 pm"
"0x311d63f41e891511:0xaf61754ad833051","Monday","9 am–8 pm"
"0x311d63f41e891511:0xaf61754ad833051","Tuesday","9 am–8 pm"
"0x311d63f41e891511:0xaf61754ad833051","Wednesday","9 am–8 pm"
"0x311d63f41e891511:0xaf61754ad833051","Thursday","9 am–8 pm"
"0x30e283ece6a6d0df:0x71113252db62f49","Friday","10 am–8 pm"
"0x30e283ece6a6d0df:0x71113252db62f49","Saturday","10 am–8 pm"
"0x30e283ece6a6d0df:0x71113252db62f49","Sunday","10 am–8 pm"
"0x30e283ece6a6d0df:0x71113252db62f49","Monday","10 am–8 pm"
"0x30e283ece6a6d0df:0x71113252db62f49","Tuesday","10 am–8 pm"
"0x30e283ece6a6d0df:0x71113252db62f49","Wednesday","10 am–8 pm"
"0x30e283ece6a6d0df:0x71113252db62f49","Thursday","10 am–8 pm"
"0x30e2bda66b71f39b:0xc4ac90b699aca767","Thursday","6 am–2 am"
"0x30e2bda66b71f39b:0xc4ac90b699aca767","Friday","6 am–2 am"
"0x30e2bda66b71f39b:0xc4ac90b699aca767","Saturday","6 am–2 am"
"0x30e2bda66b71f39b:0xc4ac90b699aca767","Sunday","6 am–2 am"
"0x30e2bda66b71f39b:0xc4ac90b699aca767","Monday","6 am–2 am"
"0x30e2bda66b71f39b:0xc4ac90b699aca767","Tuesday","6 am–2 am"
"0x30e2bda66b71f39b:0xc4ac90b699aca767","Wednesday","6 am–2 am"
"0x30e296177dfc597b:0xd18cd664db67d9e5","Friday","10 am–8 pm"
"0x30e296177dfc597b:0xd18cd664db67d9e5","Saturday","10 am–8 pm"
"0x30e296177dfc597b:0xd18cd664db67d9e5","Sunday","Closed"
"0x30e296177dfc597b:0xd18cd664db67d9e5","Monday","10 am–8 pm"
"0x30e296177dfc597b:0xd18cd664db67d9e5","Tuesday","10 am–8 pm"
"0x30e296177dfc597b:0xd18cd664db67d9e5","Wednesday","10 am–8 pm"
"0x30e296177dfc597b:0xd18cd664db67d9e5","Thursday","10 am–8 pm"
"0x30e284702fdfbaed:0x33e39f92d3c96e62","Friday","11 am–8 pm"
"0x30e284702fdfbaed:0x33e39f92d3c96e62","Saturday","11 am–8 pm"
"0x30e284702fdfbaed:0x33e39f92d3c96e62","Sunday","11 am–8 pm"
"0x30e284702fdfbaed:0x33e39f92d3c96e62","Monday","11 am–8 pm"
"0x30e284702fdfbaed:0x33e39f92d3c96e62","Tuesday","11 am–8 pm"
"0x30e284702fdfbaed:0x33e39f92d3c96e62","Wednesday","11 am–8 pm"
"0x30e284702fdfbaed:0x33e39f92d3c96e62","Thursday","11 am–8 pm"
"0x30e28371eb5c2c77:0x11f967c314752e78","Friday","12–8 pm"
"0x30e28371eb5c2c77:0x11f967c314752e78","Saturday","10 am–7 pm"
"0x30e28371eb5c2c77:0x11f967c314752e78","Sunday","Closed"
"0x30e28371eb5c2c77:0x11f967c314752e78","Monday","12–8 pm"
"0x30e28371eb5c2c77:0x11f967c314752e78","Tuesday","12–8 pm"
"0x30e28371eb5c2c77:0x11f967c314752e78","Wednesday","12–8 pm"
"0x30e28371eb5c2c77:0x11f967c314752e78","Thursday","12–8 pm"
"0x311d63d1a33afced:0x7c23b00e2ffe42a5","Friday","Open 24 hours"
"0x311d63d1a33afced:0x7c23b00e2ffe42a5","Saturday","Open 24 hours"
"0x311d63d1a33afced:0x7c23b00e2ffe42a5","Sunday","Open 24 hours"
"0x311d63d1a33afced:0x7c23b00e2ffe42a5","Monday","Open 24 hours"
"0x311d63d1a33afced:0x7c23b00e2ffe42a5","Tuesday","Open 24 hours"
"0x311d63d1a33afced:0x7c23b00e2ffe42a5","Wednesday","Open 24 hours"
"0x311d63d1a33afced:0x7c23b00e2ffe42a5","Thursday","Open 24 hours"
"0x311d64899db414fb:0x68c551b1bd8bd78e","Friday","10 am–8 pm"
"0x311d64899db414fb:0x68c551b1bd8bd78e","Saturday","10 am–8 pm"
"0x311d64899db414fb:0x68c551b1bd8bd78e","Sunday","10 am–8 pm"
"0x311d64899db414fb:0x68c551b1bd8bd78e","Monday","10 am–8 pm"
"0x311d64899db414fb:0x68c551b1bd8bd78e","Tuesday","10 am–8 pm"
"0x311d64899db414fb:0x68c551b1bd8bd78e","Wednesday","Closed"
"0x311d64899db414fb:0x68c551b1bd8bd78e","Thursday","10 am–8 pm"
"0x30e2834ea0a7202b:0x8e62b5252387c51f","Friday","10 am–8 pm"
"0x30e2834ea0a7202b:0x8e62b5252387c51f","Saturday","10 am–8 pm"
"0x30e2834ea0a7202b:0x8e62b5252387c51f","Sunday","10 am–8 pm"
"0x30e2834ea0a7202b:0x8e62b5252387c51f","Monday","10 am–8 pm"
"0x30e2834ea0a7202b:0x8e62b5252387c51f","Tuesday","10 am–8 pm"
"0x30e2834ea0a7202b:0x8e62b5252387c51f","Wednesday","10 am–8 pm"
"0x30e2834ea0a7202b:0x8e62b5252387c51f","Thursday","10 am–8 pm"
"0x311d646123a10683:0xace4ca69b97ea9f3","Friday","9 am–8 pm"
"0x311d646123a10683:0xace4ca69b97ea9f3","Saturday","9 am–8 pm"
"0x311d646123a10683:0xace4ca69b97ea9f3","Sunday","9 am–8 pm"
"0x311d646123a10683:0xace4ca69b97ea9f3","Monday","9 am–8 pm"
"0x311d646123a10683:0xace4ca69b97ea9f3","Tuesday","9 am–8 pm"
"0x311d646123a10683:0xace4ca69b97ea9f3","Wednesday","9 am–8 pm"
"0x311d646123a10683:0xace4ca69b97ea9f3","Thursday","9 am–8 pm"
"0x311d7ddd883001a3:0x5b543e54c716c557","Friday","10 am–8 pm"
"0x311d7ddd883001a3:0x5b543e54c716c557","Saturday","10 am–8 pm"
"0x311d7ddd883001a3:0x5b543e54c716c557","Sunday","10 am–8 pm"
"0x311d7ddd883001a3:0x5b543e54c716c557","Monday","10 am–8 pm"
"0x311d7ddd883001a3:0x5b543e54c716c557","Tuesday","10 am–8 pm"
"0x311d7ddd883001a3:0x5b543e54c716c557","Wednesday","10 am–8 pm"
"0x311d7ddd883001a3:0x5b543e54c716c557","Thursday","10 am–8 pm"
"0x311d672bc00d460b:0x4adca45cd5a6632c","Friday","Open 24 hours"
"0x311d672bc00d460b:0x4adca45cd5a6632c","Saturday","Open 24 hours"
"0x311d672bc00d460b:0x4adca45cd5a6632c","Sunday","Open 24 hours"
"0x311d672bc00d460b:0x4adca45cd5a6632c","Monday","Open 24 hours"
"0x311d672bc00d460b:0x4adca45cd5a6632c","Tuesday","Open 24 hours"
"0x311d672bc00d460b:0x4adca45cd5a6632c","Wednesday","Open 24 hours"
"0x311d672bc00d460b:0x4adca45cd5a6632c","Thursday","Open 24 hours"
"0x30e28400e5c26509:0x64b7f18b814135dc","Friday","Closed"
"0x30e28400e5c26509:0x64b7f18b814135dc","Saturday","11 am–8 pm"
"0x30e28400e5c26509:0x64b7f18b814135dc","Sunday","11 am–8 pm"
"0x30e28400e5c26509:0x64b7f18b814135dc","Monday","11 am–8 pm"
"0x30e28400e5c26509:0x64b7f18b814135dc","Tuesday","11 am–8 pm"
"0x30e28400e5c26509:0x64b7f18b814135dc","Wednesday","11 am–8 pm"
"0x30e28400e5c26509:0x64b7f18b814135dc","Thursday","11 am–8 pm"
"0x311d6477b9bb623f:0x380b01836c66b071","Friday","5–8 pm"
"0x311d6477b9bb623f:0x380b01836c66b071","Saturday","Closed"
"0x311d6477b9bb623f:0x380b01836c66b071","Sunday","8–11 am"
"0x311d6477b9bb623f:0x380b01836c66b071","Monday","5–8 pm"
"0x311d6477b9bb623f:0x380b01836c66b071","Tuesday","5–8 pm"
"0x311d6477b9bb623f:0x380b01836c66b071","Wednesday","5–8 pm"
"0x311d6477b9bb623f:0x380b01836c66b071","Thursday","5–8 pm"
"0x311d5d5e645d8bfb:0x8ff3ad61c04369d8","Friday","10 am–8 pm"
"0x311d5d5e645d8bfb:0x8ff3ad61c04369d8","Saturday","10 am–8 pm"
"0x311d5d5e645d8bfb:0x8ff3ad61c04369d8","Sunday","10 am–8 pm"
"0x311d5d5e645d8bfb:0x8ff3ad61c04369d8","Monday","10 am–8 pm"
"0x311d5d5e645d8bfb:0x8ff3ad61c04369d8","Tuesday","10 am–8 pm"
"0x311d5d5e645d8bfb:0x8ff3ad61c04369d8","Wednesday","10 am–8 pm"
"0x311d5d5e645d8bfb:0x8ff3ad61c04369d8","Thursday","10 am–8 pm"
"0x30e28fd99860fe0f:0x9505188fa96a6987","Friday","9 am–10 pm"
"0x30e28fd99860fe0f:0x9505188fa96a6987","Saturday","9 am–10 pm"
"0x30e28fd99860fe0f:0x9505188fa96a6987","Sunday","9 am–10 pm"
"0x30e28fd99860fe0f:0x9505188fa96a6987","Monday","9 am–10 pm"
"0x30e28fd99860fe0f:0x9505188fa96a6987","Tuesday","9 am–10 pm"
"0x30e28fd99860fe0f:0x9505188fa96a6987","Wednesday","9 am–10 pm"
"0x30e28fd99860fe0f:0x9505188fa96a6987","Thursday","9 am–10 pm"
"0x311d669f62866429:0xa6f807500febbcfe","Friday","8.00 am–10.00 pm"
"0x311d669f62866429:0xa6f807500febbcfe","Saturday","8.00 am–10.00 pm"
"0x311d669f62866429:0xa6f807500febbcfe","Sunday","8.00 am–10.00 pm"
"0x311d669f62866429:0xa6f807500febbcfe","Monday","8.00 am–10.00 pm"
"0x311d669f62866429:0xa6f807500febbcfe","Tuesday","8.00 am–10.00 pm"
"0x311d669f62866429:0xa6f807500febbcfe","Wednesday","8.00 am–10.00 pm"
"0x311d669f62866429:0xa6f807500febbcfe","Thursday","8.00 am–10.00 pm"
"0x30e2824e358157ff:0x5359936fe5b29ff2","Friday","Closed"
"0x30e2824e358157ff:0x5359936fe5b29ff2","Saturday","9.30 am–8.00 pm"
"0x30e2824e358157ff:0x5359936fe5b29ff2","Sunday","9.30 am–12.00 pm"
"0x30e2824e358157ff:0x5359936fe5b29ff2","Monday","9.30 am–8.00 pm"
"0x30e2824e358157ff:0x5359936fe5b29ff2","Tuesday","9.30 am–8.00 pm"
"0x30e2824e358157ff:0x5359936fe5b29ff2","Wednesday","9.30 am–8.00 pm"
"0x30e2824e358157ff:0x5359936fe5b29ff2","Thursday","9.30 am–3.00 pm"
"0x30e2941ed662063f:0x1f531c7dba9111af","Friday","8 am–7 pm"
"0x30e2941ed662063f:0x1f531c7dba9111af","Saturday","8 am–7 pm"
"0x30e2941ed662063f:0x1f531c7dba9111af","Sunday","8 am–7 pm"
"0x30e2941ed662063f:0x1f531c7dba9111af","Monday","8 am–7 pm"
"0x30e2941ed662063f:0x1f531c7dba9111af","Tuesday","8 am–7 pm"
"0x30e2941ed662063f:0x1f531c7dba9111af","Wednesday","8 am–7 pm"
"0x30e2941ed662063f:0x1f531c7dba9111af","Thursday","8 am–7 pm"
"0x30e2937093cbd675:0x7c781eabb9ee6d9f","Friday","10.00 am–7.00 pm"
"0x30e2937093cbd675:0x7c781eabb9ee6d9f","Saturday","10.00 am–7.30 pm"
"0x30e2937093cbd675:0x7c781eabb9ee6d9f","Sunday","10.00 am–7.30 pm"
"0x30e2937093cbd675:0x7c781eabb9ee6d9f","Monday","10.00 am–7.30 pm"
"0x30e2937093cbd675:0x7c781eabb9ee6d9f","Tuesday","10.00 am–7.30 pm"
"0x30e2937093cbd675:0x7c781eabb9ee6d9f","Wednesday","10.00 am–7.30 pm"
"0x30e2937093cbd675:0x7c781eabb9ee6d9f","Thursday","Closed"
"0x30e283cc1c1fbb99:0xb85f4a96393e994c","Friday","8 am–5 pm"
"0x30e283cc1c1fbb99:0xb85f4a96393e994c","Saturday","9 am–6 pm"
"0x30e283cc1c1fbb99:0xb85f4a96393e994c","Sunday","9 am–6 pm"
"0x30e283cc1c1fbb99:0xb85f4a96393e994c","Monday","8 am–5 pm"
"0x30e283cc1c1fbb99:0xb85f4a96393e994c","Tuesday","Closed"
"0x30e283cc1c1fbb99:0xb85f4a96393e994c","Wednesday","8 am–5 pm"
"0x30e283cc1c1fbb99:0xb85f4a96393e994c","Thursday","8 am–5 pm"
"0x311d5e3c5cf26cdd:0x1b3658f3e32e42f5","Friday","10 am–8 pm"
"0x311d5e3c5cf26cdd:0x1b3658f3e32e42f5","Saturday","10 am–8 pm"
"0x311d5e3c5cf26cdd:0x1b3658f3e32e42f5","Sunday","10 am–8 pm"
"0x311d5e3c5cf26cdd:0x1b3658f3e32e42f5","Monday","10 am–8 pm"
"0x311d5e3c5cf26cdd:0x1b3658f3e32e42f5","Tuesday","10 am–8 pm"
"0x311d5e3c5cf26cdd:0x1b3658f3e32e42f5","Wednesday","10 am–8 pm"
"0x311d5e3c5cf26cdd:0x1b3658f3e32e42f5","Thursday","10 am–8 pm"
"0x30e28548f9f30a3f:0x96d62cd264934fbf","Friday","Closed"
"0x30e28548f9f30a3f:0x96d62cd264934fbf","Saturday","10 am–8 pm"
"0x30e28548f9f30a3f:0x96d62cd264934fbf","Sunday","10 am–8 pm"
"0x30e28548f9f30a3f:0x96d62cd264934fbf","Monday","10 am–8 pm"
"0x30e28548f9f30a3f:0x96d62cd264934fbf","Tuesday","10 am–8 pm"
"0x30e28548f9f30a3f:0x96d62cd264934fbf","Wednesday","10 am–8 pm"
"0x30e28548f9f30a3f:0x96d62cd264934fbf","Thursday","10 am–8 pm"
"0x30e2a749c0bc1857:0x4dff10fad94eb4b","Friday","9 am–8 pm"
"0x30e2a749c0bc1857:0x4dff10fad94eb4b","Saturday","9 am–8 pm"
"0x30e2a749c0bc1857:0x4dff10fad94eb4b","Sunday","9 am–8 pm"
"0x30e2a749c0bc1857:0x4dff10fad94eb4b","Monday","9 am–8 pm"
"0x30e2a749c0bc1857:0x4dff10fad94eb4b","Tuesday","9 am–8 pm"
"0x30e2a749c0bc1857:0x4dff10fad94eb4b","Wednesday","9 am–8 pm"
"0x30e2a749c0bc1857:0x4dff10fad94eb4b","Thursday","9 am–8 pm"
"0x311d675d2d5d3825:0x2122d9d5c1bb7919","Friday","10 am–8 pm"
"0x311d675d2d5d3825:0x2122d9d5c1bb7919","Saturday","10 am–8 pm"
"0x311d675d2d5d3825:0x2122d9d5c1bb7919","Sunday","10 am–8 pm"
"0x311d675d2d5d3825:0x2122d9d5c1bb7919","Monday","10 am–8 pm"
"0x311d675d2d5d3825:0x2122d9d5c1bb7919","Tuesday","10 am–8 pm"
"0x311d675d2d5d3825:0x2122d9d5c1bb7919","Wednesday","10 am–8 pm"
"0x311d675d2d5d3825:0x2122d9d5c1bb7919","Thursday","10 am–8 pm"
"0x30e282452d7f9d43:0x9da859016316d63c","Friday","9:30 am–6 pm"
"0x30e282452d7f9d43:0x9da859016316d63c","Saturday","9:30 am–12 pm"
"0x30e282452d7f9d43:0x9da859016316d63c","Sunday","Closed"
"0x30e282452d7f9d43:0x9da859016316d63c","Monday","9:30 am–6 pm"
"0x30e282452d7f9d43:0x9da859016316d63c","Tuesday","9:30 am–12 pm"
"0x30e282452d7f9d43:0x9da859016316d63c","Wednesday","9:30 am–6 pm"
"0x30e282452d7f9d43:0x9da859016316d63c","Thursday","9:30 am–12 pm"
"0x30e296ca49e740e7:0xc326698d18364936","Friday","9 am–8 pm"
"0x30e296ca49e740e7:0xc326698d18364936","Saturday","9 am–8 pm"
"0x30e296ca49e740e7:0xc326698d18364936","Sunday","9 am–8 pm"
"0x30e296ca49e740e7:0xc326698d18364936","Monday","9 am–8 pm"
"0x30e296ca49e740e7:0xc326698d18364936","Tuesday","9 am–8 pm"
"0x30e296ca49e740e7:0xc326698d18364936","Wednesday","9 am–8 pm"
"0x30e296ca49e740e7:0xc326698d18364936","Thursday","9 am–8 pm"
"0x311d5da77585155d:0x867c81d845a14da5","Friday","11 am–8 pm"
"0x311d5da77585155d:0x867c81d845a14da5","Saturday","11 am–7 pm"
"0x311d5da77585155d:0x867c81d845a14da5","Sunday","11 am–7 pm"
"0x311d5da77585155d:0x867c81d845a14da5","Monday","Closed"
"0x311d5da77585155d:0x867c81d845a14da5","Tuesday","11 am–8 pm"
"0x311d5da77585155d:0x867c81d845a14da5","Wednesday","11 am–8 pm"
"0x311d5da77585155d:0x867c81d845a14da5","Thursday","11 am–8 pm"
"0x30e284f272fb914b:0xd2956ad5025d8f27","Friday","8:30 am–5 pm"
"0x30e284f272fb914b:0xd2956ad5025d8f27","Saturday","8:30 am–5 pm"
"0x30e284f272fb914b:0xd2956ad5025d8f27","Sunday","Closed"
"0x30e284f272fb914b:0xd2956ad5025d8f27","Monday","8:30 am–5 pm"
"0x30e284f272fb914b:0xd2956ad5025d8f27","Tuesday","8:30 am–5 pm"
"0x30e284f272fb914b:0xd2956ad5025d8f27","Wednesday","8:30 am–5 pm"
"0x30e284f272fb914b:0xd2956ad5025d8f27","Thursday","8:30 am–5 pm"
"0x30e281c60ba29e09:0x2abc7eff8bf05da1","Friday","9:30 am–8 pm"
"0x30e281c60ba29e09:0x2abc7eff8bf05da1","Saturday","9:30 am–8 pm"
"0x30e281c60ba29e09:0x2abc7eff8bf05da1","Sunday","9:30 am–8 pm"
"0x30e281c60ba29e09:0x2abc7eff8bf05da1","Monday","9:30 am–8 pm"
"0x30e281c60ba29e09:0x2abc7eff8bf05da1","Tuesday","9:30 am–8 pm"
"0x30e281c60ba29e09:0x2abc7eff8bf05da1","Wednesday","9:30 am–8 pm"
"0x30e281c60ba29e09:0x2abc7eff8bf05da1","Thursday","9:30 am–8 pm"
"0x30e285006c0b6eb7:0x2bc88327c091a494","Friday","10 am–8 pm"
"0x30e285006c0b6eb7:0x2bc88327c091a494","Saturday","10 am–8 pm"
"0x30e285006c0b6eb7:0x2bc88327c091a494","Sunday","10 am–8 pm"
"0x30e285006c0b6eb7:0x2bc88327c091a494","Monday","10 am–8 pm"
"0x30e285006c0b6eb7:0x2bc88327c091a494","Tuesday","10 am–8 pm"
"0x30e285006c0b6eb7:0x2bc88327c091a494","Wednesday","10 am–8 pm"
"0x30e285006c0b6eb7:0x2bc88327c091a494","Thursday","10 am–8 pm"
"0x30e28515fd1dc1c1:0x3b739f26fec6984e","Friday","10 am–8 pm"
"0x30e28515fd1dc1c1:0x3b739f26fec6984e","Saturday","10 am–8 pm"
"0x30e28515fd1dc1c1:0x3b739f26fec6984e","Sunday","10 am–8 pm"
"0x30e28515fd1dc1c1:0x3b739f26fec6984e","Monday","10 am–8 pm"
"0x30e28515fd1dc1c1:0x3b739f26fec6984e","Tuesday","10 am–8 pm"
"0x30e28515fd1dc1c1:0x3b739f26fec6984e","Wednesday","10 am–8 pm"
"0x30e28515fd1dc1c1:0x3b739f26fec6984e","Thursday","10 am–8 pm"
"0x311d5dd6fc349a7b:0x8af4ca6e1fbaecc5","Friday","10 am–6:30 pm"
"0x311d5dd6fc349a7b:0x8af4ca6e1fbaecc5","Saturday","10 am–6:30 pm"
"0x311d5dd6fc349a7b:0x8af4ca6e1fbaecc5","Sunday","10 am–6:30 pm"
"0x311d5dd6fc349a7b:0x8af4ca6e1fbaecc5","Monday","10 am–6:30 pm"
"0x311d5dd6fc349a7b:0x8af4ca6e1fbaecc5","Tuesday","10 am–6:30 pm"
"0x311d5dd6fc349a7b:0x8af4ca6e1fbaecc5","Wednesday","10 am–6:30 pm"
"0x311d5dd6fc349a7b:0x8af4ca6e1fbaecc5","Thursday","10 am–6:30 pm"
"0x311d5c23d640fcc5:0x99876103eab7b389","Friday","10 am–8 pm"
"0x311d5c23d640fcc5:0x99876103eab7b389","Saturday","10 am–8 pm"
"0x311d5c23d640fcc5:0x99876103eab7b389","Sunday","10 am–8 pm"
"0x311d5c23d640fcc5:0x99876103eab7b389","Monday","10 am–8 pm"
"0x311d5c23d640fcc5:0x99876103eab7b389","Tuesday","10 am–8 pm"
"0x311d5c23d640fcc5:0x99876103eab7b389","Wednesday","10 am–8 pm"
"0x311d5c23d640fcc5:0x99876103eab7b389","Thursday","10 am–8 pm"
"0x311d7d87dce94f79:0x64c5e46e2fdef7ea","Friday","10 am–8 pm"
"0x311d7d87dce94f79:0x64c5e46e2fdef7ea","Saturday","10 am–8 pm"
"0x311d7d87dce94f79:0x64c5e46e2fdef7ea","Sunday","10 am–8 pm"
"0x311d7d87dce94f79:0x64c5e46e2fdef7ea","Monday","10 am–8 pm"
"0x311d7d87dce94f79:0x64c5e46e2fdef7ea","Tuesday","10 am–8 pm"
"0x311d7d87dce94f79:0x64c5e46e2fdef7ea","Wednesday","10 am–8 pm"
"0x311d7d87dce94f79:0x64c5e46e2fdef7ea","Thursday","10 am–8 pm"
"0x30e2957bd611ad49:0x10a8c0bfa246faf4","Friday","10 am–7 pm"
"0x30e2957bd611ad49:0x10a8c0bfa246faf4","Saturday","10 am–7 pm"
"0x30e2957bd611ad49:0x10a8c0bfa246faf4","Sunday","10 am–6 pm"
"0x30e2957bd611ad49:0x10a8c0bfa246faf4","Monday","10 am–7 pm"
"0x30e2957bd611ad49:0x10a8c0bfa246faf4","Tuesday","10 am–7 pm"
"0x30e2957bd611ad49:0x10a8c0bfa246faf4","Wednesday","10 am–7 pm"
"0x30e2957bd611ad49:0x10a8c0bfa246faf4","Thursday","10 am–7 pm"
"0x311d655926d6490d:0x18e79262dc0ac8aa","Friday","8:30 am–8 pm"
"0x311d655926d6490d:0x18e79262dc0ac8aa","Saturday","8:30 am–8 pm"
"0x311d655926d6490d:0x18e79262dc0ac8aa","Sunday","8:30 am–8 pm"
"0x311d655926d6490d:0x18e79262dc0ac8aa","Monday","8:30 am–8 pm"
"0x311d655926d6490d:0x18e79262dc0ac8aa","Tuesday","8:30 am–8 pm"
"0x311d655926d6490d:0x18e79262dc0ac8aa","Wednesday","8:30 am–8 pm"
"0x311d655926d6490d:0x18e79262dc0ac8aa","Thursday","8:30 am–8 pm"
"0x311d65b449f5fa19:0x3917a2e4b7f4828d","Friday","Closed"
"0x311d65b449f5fa19:0x3917a2e4b7f4828d","Saturday","4–7 pm"
"0x311d65b449f5fa19:0x3917a2e4b7f4828d","Sunday","10 am–6 pm"
"0x311d65b449f5fa19:0x3917a2e4b7f4828d","Monday","10 am–6 pm"
"0x311d65b449f5fa19:0x3917a2e4b7f4828d","Tuesday","10 am–6 pm"
"0x311d65b449f5fa19:0x3917a2e4b7f4828d","Wednesday","10 am–6 pm"
"0x311d65b449f5fa19:0x3917a2e4b7f4828d","Thursday","10 am–6 pm"
"0x30e2a76819fe8b23:0x50d7dfe44354e88b","Friday","4–8 pm"
"0x30e2a76819fe8b23:0x50d7dfe44354e88b","Saturday","8 am–8 pm"
"0x30e2a76819fe8b23:0x50d7dfe44354e88b","Sunday","8 am–8 pm"
"0x30e2a76819fe8b23:0x50d7dfe44354e88b","Monday","4–8 pm"
"0x30e2a76819fe8b23:0x50d7dfe44354e88b","Tuesday","4–8 pm"
"0x30e2a76819fe8b23:0x50d7dfe44354e88b","Wednesday","4–8 pm"
"0x30e2a76819fe8b23:0x50d7dfe44354e88b","Thursday","4–8 pm"
"0x30e2b970a1f094c1:0xf1e61b083c3f2db6","Friday","9 am–8 pm"
"0x30e2b970a1f094c1:0xf1e61b083c3f2db6","Saturday","10 am–8 pm"
"0x30e2b970a1f094c1:0xf1e61b083c3f2db6","Sunday","10 am–8 pm"
"0x30e2b970a1f094c1:0xf1e61b083c3f2db6","Monday","9 am–8 pm"
"0x30e2b970a1f094c1:0xf1e61b083c3f2db6","Tuesday","9 am–8 pm"
"0x30e2b970a1f094c1:0xf1e61b083c3f2db6","Wednesday","Closed"
"0x30e2b970a1f094c1:0xf1e61b083c3f2db6","Thursday","9 am–8 pm"
"0x30e28bbd914a0323:0xd6838d7b492b11bc","Friday","10 am–7 pm"
"0x30e28bbd914a0323:0xd6838d7b492b11bc","Saturday","10 am–7 pm"
"0x30e28bbd914a0323:0xd6838d7b492b11bc","Sunday","10 am–7 pm"
"0x30e28bbd914a0323:0xd6838d7b492b11bc","Monday","10 am–7 pm"
"0x30e28bbd914a0323:0xd6838d7b492b11bc","Tuesday","10 am–7 pm"
"0x30e28bbd914a0323:0xd6838d7b492b11bc","Wednesday","10 am–7 pm"
"0x30e28bbd914a0323:0xd6838d7b492b11bc","Thursday","10 am–7 pm"
"0x311d5f000b9c066d:0xea9e2d433870a371","Friday","10 am–8 pm"
"0x311d5f000b9c066d:0xea9e2d433870a371","Saturday","10 am–8 pm"
"0x311d5f000b9c066d:0xea9e2d433870a371","Sunday","10 am–8 pm"
"0x311d5f000b9c066d:0xea9e2d433870a371","Monday","10 am–8 pm"
"0x311d5f000b9c066d:0xea9e2d433870a371","Tuesday","10 am–8 pm"
"0x311d5f000b9c066d:0xea9e2d433870a371","Wednesday","10 am–8 pm"
"0x311d5f000b9c066d:0xea9e2d433870a371","Thursday","10 am–8 pm"
"0x311d7d001824f661:0x9e4c35ec26149c79","Friday","10 am–7 pm"
"0x311d7d001824f661:0x9e4c35ec26149c79","Saturday","10 am–7 pm"
"0x311d7d001824f661:0x9e4c35ec26149c79","Sunday","10 am–7 pm"
"0x311d7d001824f661:0x9e4c35ec26149c79","Monday","10 am–7 pm"
"0x311d7d001824f661:0x9e4c35ec26149c79","Tuesday","10 am–7 pm"
"0x311d7d001824f661:0x9e4c35ec26149c79","Wednesday","10 am–7 pm"
"0x311d7d001824f661:0x9e4c35ec26149c79","Thursday","10 am–7 pm"
"0x30e28250000332e9:0xc3141872206464a","Friday","10 am–4 pm"
"0x30e28250000332e9:0xc3141872206464a","Saturday","10 am–4 pm"
"0x30e28250000332e9:0xc3141872206464a","Sunday","10 am–4 pm"
"0x30e28250000332e9:0xc3141872206464a","Monday","Closed"
"0x30e28250000332e9:0xc3141872206464a","Tuesday","10 am–4 pm"
"0x30e28250000332e9:0xc3141872206464a","Wednesday","10 am–4 pm"
"0x30e28250000332e9:0xc3141872206464a","Thursday","Closed"
"0x30e2953240f7d3b9:0xbc16f532dae24e97","Friday","10 am–8 pm"
"0x30e2953240f7d3b9:0xbc16f532dae24e97","Saturday","10 am–8 pm"
"0x30e2953240f7d3b9:0xbc16f532dae24e97","Sunday","10 am–8 pm"
"0x30e2953240f7d3b9:0xbc16f532dae24e97","Monday","10 am–8 pm"
"0x30e2953240f7d3b9:0xbc16f532dae24e97","Tuesday","10 am–8 pm"
"0x30e2953240f7d3b9:0xbc16f532dae24e97","Wednesday","10 am–8 pm"
"0x30e2953240f7d3b9:0xbc16f532dae24e97","Thursday","10 am–8 pm"
"0x311d61900102174d:0xd25c4f8e031efd62","Friday","9 am–7 pm"
"0x311d61900102174d:0xd25c4f8e031efd62","Saturday","9 am–7 pm"
"0x311d61900102174d:0xd25c4f8e031efd62","Sunday","9 am–7 pm"
"0x311d61900102174d:0xd25c4f8e031efd62","Monday","9 am–7 pm"
"0x311d61900102174d:0xd25c4f8e031efd62","Tuesday","9 am–7 pm"
"0x311d61900102174d:0xd25c4f8e031efd62","Wednesday","9 am–5 pm"
"0x311d61900102174d:0xd25c4f8e031efd62","Thursday","9 am–7 pm"
"0x30e295f0fcebcd9d:0x947d1d4cd464306b","Friday","9 am–8:30 pm"
"0x30e295f0fcebcd9d:0x947d1d4cd464306b","Saturday","9 am–8:30 pm"
"0x30e295f0fcebcd9d:0x947d1d4cd464306b","Sunday","9 am–8:30 pm"
"0x30e295f0fcebcd9d:0x947d1d4cd464306b","Monday","9 am–8:30 pm"
"0x30e295f0fcebcd9d:0x947d1d4cd464306b","Tuesday","9 am–8:30 pm"
"0x30e295f0fcebcd9d:0x947d1d4cd464306b","Wednesday","9 am–8:30 pm"
"0x30e295f0fcebcd9d:0x947d1d4cd464306b","Thursday","9 am–8:30 pm"
"0x311d63585eeabf17:0x99068cb16c57a54b","Friday","10 am–7 pm"
"0x311d63585eeabf17:0x99068cb16c57a54b","Saturday","10 am–5 pm"
"0x311d63585eeabf17:0x99068cb16c57a54b","Sunday","Closed"
"0x311d63585eeabf17:0x99068cb16c57a54b","Monday","10 am–7 pm"
"0x311d63585eeabf17:0x99068cb16c57a54b","Tuesday","10 am–7 pm"
"0x311d63585eeabf17:0x99068cb16c57a54b","Wednesday","10 am–7 pm"
"0x311d63585eeabf17:0x99068cb16c57a54b","Thursday","10 am–7 pm"
"0x30e297bdbd0436e3:0xa6ea64cb43a9f536","Friday","10 am–8 pm"
"0x30e297bdbd0436e3:0xa6ea64cb43a9f536","Saturday","10 am–8 pm"
"0x30e297bdbd0436e3:0xa6ea64cb43a9f536","Sunday","10 am–8 pm"
"0x30e297bdbd0436e3:0xa6ea64cb43a9f536","Monday","10 am–8 pm"
"0x30e297bdbd0436e3:0xa6ea64cb43a9f536","Tuesday","10 am–8 pm"
"0x30e297bdbd0436e3:0xa6ea64cb43a9f536","Wednesday","10 am–8 pm"
"0x30e297bdbd0436e3:0xa6ea64cb43a9f536","Thursday","10 am–8 pm"
"0x30e283f6b61cb143:0x117ddb8d7b4cb90b","Friday","10 am–8 pm"
"0x30e283f6b61cb143:0x117ddb8d7b4cb90b","Saturday","10 am–8 pm"
"0x30e283f6b61cb143:0x117ddb8d7b4cb90b","Sunday","10 am–8 pm"
"0x30e283f6b61cb143:0x117ddb8d7b4cb90b","Monday","10 am–8 pm"
"0x30e283f6b61cb143:0x117ddb8d7b4cb90b","Tuesday","10 am–8 pm"
"0x30e283f6b61cb143:0x117ddb8d7b4cb90b","Wednesday","10 am–8 pm"
"0x30e283f6b61cb143:0x117ddb8d7b4cb90b","Thursday","10 am–8 pm"
"0x311d67a246ab3433:0x5032e33899c4a91b","Friday","11 am–8 pm"
"0x311d67a246ab3433:0x5032e33899c4a91b","Saturday","11 am–8 pm"
"0x311d67a246ab3433:0x5032e33899c4a91b","Sunday","11 am–8 pm"
"0x311d67a246ab3433:0x5032e33899c4a91b","Monday","11 am–8 pm"
"0x311d67a246ab3433:0x5032e33899c4a91b","Tuesday","11 am–8 pm"
"0x311d67a246ab3433:0x5032e33899c4a91b","Wednesday","Closed"
"0x311d67a246ab3433:0x5032e33899c4a91b","Thursday","11 am–8 pm"
"0x30e285ddf1b93997:0x57d0e4ac8197004c","Friday","10:30 am–8 pm"
"0x30e285ddf1b93997:0x57d0e4ac8197004c","Saturday","10:30 am–8 pm"
"0x30e285ddf1b93997:0x57d0e4ac8197004c","Sunday","10:30 am–8 pm"
"0x30e285ddf1b93997:0x57d0e4ac8197004c","Monday","10:30 am–8 pm"
"0x30e285ddf1b93997:0x57d0e4ac8197004c","Tuesday","10:30 am–8 pm"
"0x30e285ddf1b93997:0x57d0e4ac8197004c","Wednesday","10:30 am–8 pm"
"0x30e285ddf1b93997:0x57d0e4ac8197004c","Thursday","10:30 am–8 pm"
"0x311d631a54a92a95:0x26927c6e69f764f1","Friday","8 am–6 pm"
"0x311d631a54a92a95:0x26927c6e69f764f1","Saturday","8 am–6 pm"
"0x311d631a54a92a95:0x26927c6e69f764f1","Sunday","8 am–6 pm"
"0x311d631a54a92a95:0x26927c6e69f764f1","Monday","8 am–6 pm"
"0x311d631a54a92a95:0x26927c6e69f764f1","Tuesday","8 am–6 pm"
"0x311d631a54a92a95:0x26927c6e69f764f1","Wednesday","8 am–6 pm"
"0x311d631a54a92a95:0x26927c6e69f764f1","Thursday","8 am–6 pm"
"0x30e28570e0142c87:0xacbd88444280644a","Friday","10 am–7 pm"
"0x30e28570e0142c87:0xacbd88444280644a","Saturday","10 am–5 pm"
"0x30e28570e0142c87:0xacbd88444280644a","Sunday","10 am–5 pm"
"0x30e28570e0142c87:0xacbd88444280644a","Monday","10 am–7 pm"
"0x30e28570e0142c87:0xacbd88444280644a","Tuesday","10 am–7 pm"
"0x30e28570e0142c87:0xacbd88444280644a","Wednesday","10 am–7 pm"
"0x30e28570e0142c87:0xacbd88444280644a","Thursday","10 am–7 pm"
"0x311d677dc7b84051:0xe619566b843e8870","Friday","10 am–9 pm"
"0x311d677dc7b84051:0xe619566b843e8870","Saturday","10 am–9 pm"
"0x311d677dc7b84051:0xe619566b843e8870","Sunday","10 am–9 pm"
"0x311d677dc7b84051:0xe619566b843e8870","Monday","10 am–9 pm"
"0x311d677dc7b84051:0xe619566b843e8870","Tuesday","10 am–9 pm"
"0x311d677dc7b84051:0xe619566b843e8870","Wednesday","10 am–9 pm"
"0x311d677dc7b84051:0xe619566b843e8870","Thursday","10 am–9 pm"
"0x311d6500335298a9:0xbea3f419e7dd9fa9","Friday","10 am–8 pm"
"0x311d6500335298a9:0xbea3f419e7dd9fa9","Saturday","10 am–8 pm"
"0x311d6500335298a9:0xbea3f419e7dd9fa9","Sunday","10 am–8 pm"
"0x311d6500335298a9:0xbea3f419e7dd9fa9","Monday","10 am–8 pm"
"0x311d6500335298a9:0xbea3f419e7dd9fa9","Tuesday","10 am–8 pm"
"0x311d6500335298a9:0xbea3f419e7dd9fa9","Wednesday","10 am–8 pm"
"0x311d6500335298a9:0xbea3f419e7dd9fa9","Thursday","10 am–8 pm"
"0x311d6500692b1081:0x186d66a6647e9c3a","Friday","9:30 am–7:30 pm"
"0x311d6500692b1081:0x186d66a6647e9c3a","Saturday","9:30 am–7:30 pm"
"0x311d6500692b1081:0x186d66a6647e9c3a","Sunday","9:30 am–7:30 pm"
"0x311d6500692b1081:0x186d66a6647e9c3a","Monday","9:30 am–7:30 pm"
"0x311d6500692b1081:0x186d66a6647e9c3a","Tuesday","9:30 am–7:30 pm"
"0x311d6500692b1081:0x186d66a6647e9c3a","Wednesday","9:30 am–7:30 pm"
"0x311d6500692b1081:0x186d66a6647e9c3a","Thursday","9:30 am–7:30 pm"
"0x30e2a75eea24967f:0x9d825e472b186771","Friday","10:30 am–7 pm"
"0x30e2a75eea24967f:0x9d825e472b186771","Saturday","10:30 am–7 pm"
"0x30e2a75eea24967f:0x9d825e472b186771","Sunday","10:30 am–7 pm"
"0x30e2a75eea24967f:0x9d825e472b186771","Monday","10:30 am–7 pm"
"0x30e2a75eea24967f:0x9d825e472b186771","Tuesday","10:30 am–7 pm"
"0x30e2a75eea24967f:0x9d825e472b186771","Wednesday","10:30 am–7 pm"
"0x30e2a75eea24967f:0x9d825e472b186771","Thursday","10:30 am–7 pm"
"0x30e2a0b55c16e393:0xc877eeaea2a084d2","Friday","9 am–7 pm"
"0x30e2a0b55c16e393:0xc877eeaea2a084d2","Saturday","Closed"
"0x30e2a0b55c16e393:0xc877eeaea2a084d2","Sunday","9 am–7 pm"
"0x30e2a0b55c16e393:0xc877eeaea2a084d2","Monday","9 am–7 pm"
"0x30e2a0b55c16e393:0xc877eeaea2a084d2","Tuesday","9 am–7 pm"
"0x30e2a0b55c16e393:0xc877eeaea2a084d2","Wednesday","9 am–7 pm"
"0x30e2a0b55c16e393:0xc877eeaea2a084d2","Thursday","9 am–7 pm"
"0x311d659faa2b6353:0xa669f536323815d9","Friday","11 am–8 pm"
"0x311d659faa2b6353:0xa669f536323815d9","Saturday","11 am–8 pm"
"0x311d659faa2b6353:0xa669f536323815d9","Sunday","11 am–8 pm"
"0x311d659faa2b6353:0xa669f536323815d9","Monday","11 am–8 pm"
"0x311d659faa2b6353:0xa669f536323815d9","Tuesday","11 am–8 pm"
"0x311d659faa2b6353:0xa669f536323815d9","Wednesday","11 am–8 pm"
"0x311d659faa2b6353:0xa669f536323815d9","Thursday","11 am–8 pm"
"0x30e28299ff1149af:0x2929331072f42f58","Friday","Open 24 hours"
"0x30e28299ff1149af:0x2929331072f42f58","Saturday","Open 24 hours"
"0x30e28299ff1149af:0x2929331072f42f58","Sunday","Open 24 hours"
"0x30e28299ff1149af:0x2929331072f42f58","Monday","Open 24 hours"
"0x30e28299ff1149af:0x2929331072f42f58","Tuesday","Open 24 hours"
"0x30e28299ff1149af:0x2929331072f42f58","Wednesday","Open 24 hours"
"0x30e28299ff1149af:0x2929331072f42f58","Thursday","Open 24 hours"
"0x311d65a8fbfde89b:0x4f18bb31f7824958","Friday","9 am–8 pm"
"0x311d65a8fbfde89b:0x4f18bb31f7824958","Saturday","9 am–8 pm"
"0x311d65a8fbfde89b:0x4f18bb31f7824958","Sunday","9 am–8 pm"
"0x311d65a8fbfde89b:0x4f18bb31f7824958","Monday","9 am–8 pm"
"0x311d65a8fbfde89b:0x4f18bb31f7824958","Tuesday","9 am–8 pm"
"0x311d65a8fbfde89b:0x4f18bb31f7824958","Wednesday","9 am–8 pm"
"0x311d65a8fbfde89b:0x4f18bb31f7824958","Thursday","9 am–8 pm"
"0x311d649ab4c2da75:0xf4eee7cbe62bc66b","Friday","11 am–8 pm"
"0x311d649ab4c2da75:0xf4eee7cbe62bc66b","Saturday","10 am–8 pm"
"0x311d649ab4c2da75:0xf4eee7cbe62bc66b","Sunday","10 am–8 pm"
"0x311d649ab4c2da75:0xf4eee7cbe62bc66b","Monday","Closed"
"0x311d649ab4c2da75:0xf4eee7cbe62bc66b","Tuesday","11 am–8 pm"
"0x311d649ab4c2da75:0xf4eee7cbe62bc66b","Wednesday","11 am–8 pm"
"0x311d649ab4c2da75:0xf4eee7cbe62bc66b","Thursday","11 am–8 pm"
"0x30e2bf2eee296bd5:0xc7a3e412bfdb24","Friday","10 am–8 pm"
"0x30e2bf2eee296bd5:0xc7a3e412bfdb24","Saturday","10 am–8 pm"
"0x30e2bf2eee296bd5:0xc7a3e412bfdb24","Sunday","10 am–8 pm"
"0x30e2bf2eee296bd5:0xc7a3e412bfdb24","Monday","10 am–8 pm"
"0x30e2bf2eee296bd5:0xc7a3e412bfdb24","Tuesday","10 am–8 pm"
"0x30e2bf2eee296bd5:0xc7a3e412bfdb24","Wednesday","10 am–8 pm"
"0x30e2bf2eee296bd5:0xc7a3e412bfdb24","Thursday","10 am–8 pm"
"0x311d5908ef35ce5b:0x6076f34f515d7ee3","Friday","9 am–6 pm"
"0x311d5908ef35ce5b:0x6076f34f515d7ee3","Saturday","9 am–6 pm"
"0x311d5908ef35ce5b:0x6076f34f515d7ee3","Sunday","9 am–6 pm"
"0x311d5908ef35ce5b:0x6076f34f515d7ee3","Monday","9 am–6 pm"
"0x311d5908ef35ce5b:0x6076f34f515d7ee3","Tuesday","9 am–6 pm"
"0x311d5908ef35ce5b:0x6076f34f515d7ee3","Wednesday","9 am–6 pm"
"0x311d5908ef35ce5b:0x6076f34f515d7ee3","Thursday","9 am–6 pm"
"0x311d65692e566581:0x5166920fdd851391","Friday","9 am–7 pm"
"0x311d65692e566581:0x5166920fdd851391","Saturday","9 am–7 pm"
"0x311d65692e566581:0x5166920fdd851391","Sunday","9 am–7 pm"
"0x311d65692e566581:0x5166920fdd851391","Monday","9 am–7 pm"
"0x311d65692e566581:0x5166920fdd851391","Tuesday","9 am–7 pm"
"0x311d65692e566581:0x5166920fdd851391","Wednesday","9 am–7 pm"
"0x311d65692e566581:0x5166920fdd851391","Thursday","9 am–7 pm"
"0x311d65b38d0fcb79:0xf518d41f86a929c7","Friday","10 am–8 pm"
"0x311d65b38d0fcb79:0xf518d41f86a929c7","Saturday","10 am–8 pm"
"0x311d65b38d0fcb79:0xf518d41f86a929c7","Sunday","10 am–8 pm"
"0x311d65b38d0fcb79:0xf518d41f86a929c7","Monday","10 am–8 pm"
"0x311d65b38d0fcb79:0xf518d41f86a929c7","Tuesday","10 am–8 pm"
"0x311d65b38d0fcb79:0xf518d41f86a929c7","Wednesday","10 am–8 pm"
"0x311d65b38d0fcb79:0xf518d41f86a929c7","Thursday","10 am–8 pm"
"0x311d5fb11eb6ce2b:0x36a2e3b1c11c816","Friday","12–6 pm"
"0x311d5fb11eb6ce2b:0x36a2e3b1c11c816","Saturday","Closed"
"0x311d5fb11eb6ce2b:0x36a2e3b1c11c816","Sunday","4–8 pm"
"0x311d5fb11eb6ce2b:0x36a2e3b1c11c816","Monday","12–6 pm"
"0x311d5fb11eb6ce2b:0x36a2e3b1c11c816","Tuesday","12–6 pm"
"0x311d5fb11eb6ce2b:0x36a2e3b1c11c816","Wednesday","12–6 pm"
"0x311d5fb11eb6ce2b:0x36a2e3b1c11c816","Thursday","12–6 pm"
"0x311d5e232e2cb9d7:0xe46b2531822896a4","Friday","Closed"
"0x311d5e232e2cb9d7:0xe46b2531822896a4","Saturday","Closed"
"0x311d5e232e2cb9d7:0xe46b2531822896a4","Sunday","9 am–7:30 pm"
"0x311d5e232e2cb9d7:0xe46b2531822896a4","Monday","1–7:30 pm"
"0x311d5e232e2cb9d7:0xe46b2531822896a4","Tuesday","9 am–7 pm"
"0x311d5e232e2cb9d7:0xe46b2531822896a4","Wednesday","9 am–7 pm"
"0x311d5e232e2cb9d7:0xe46b2531822896a4","Thursday","9 am–7 pm"
"0x30e290c5e8bce733:0xa5d4a4516b55818a","Friday","8 am–10 pm"
"0x30e290c5e8bce733:0xa5d4a4516b55818a","Saturday","8 am–10 pm"
"0x30e290c5e8bce733:0xa5d4a4516b55818a","Sunday","8 am–10 pm"
"0x30e290c5e8bce733:0xa5d4a4516b55818a","Monday","8 am–10 pm"
"0x30e290c5e8bce733:0xa5d4a4516b55818a","Tuesday","8 am–10 pm"
"0x30e290c5e8bce733:0xa5d4a4516b55818a","Wednesday","8 am–10 pm"
"0x30e290c5e8bce733:0xa5d4a4516b55818a","Thursday","8 am–10 pm"
"0x30e2a15924c17799:0x730c45240cfe7f05","Friday","10 am–8 pm"
"0x30e2a15924c17799:0x730c45240cfe7f05","Saturday","10 am–8 pm"
"0x30e2a15924c17799:0x730c45240cfe7f05","Sunday","10 am–8 pm"
"0x30e2a15924c17799:0x730c45240cfe7f05","Monday","10 am–8 pm"
"0x30e2a15924c17799:0x730c45240cfe7f05","Tuesday","10 am–8 pm"
"0x30e2a15924c17799:0x730c45240cfe7f05","Wednesday","10 am–8 pm"
"0x30e2a15924c17799:0x730c45240cfe7f05","Thursday","10 am–8 pm"
"0x311d656176c9997b:0xc0cb2d03f4d8243","Friday","10 am–7 pm"
"0x311d656176c9997b:0xc0cb2d03f4d8243","Saturday","10 am–7 pm"
"0x311d656176c9997b:0xc0cb2d03f4d8243","Sunday","10 am–7 pm"
"0x311d656176c9997b:0xc0cb2d03f4d8243","Monday","10 am–7 pm"
"0x311d656176c9997b:0xc0cb2d03f4d8243","Tuesday","10 am–7 pm"
"0x311d656176c9997b:0xc0cb2d03f4d8243","Wednesday","10 am–7 pm"
"0x311d656176c9997b:0xc0cb2d03f4d8243","Thursday","10 am–7 pm"
"0x30e2a0b530976ae1:0x76ba981ecd5dbfdf","Friday","1–7 pm"
"0x30e2a0b530976ae1:0x76ba981ecd5dbfdf","Saturday","1–7 pm"
"0x30e2a0b530976ae1:0x76ba981ecd5dbfdf","Sunday","Closed"
"0x30e2a0b530976ae1:0x76ba981ecd5dbfdf","Monday","1–7 pm"
"0x30e2a0b530976ae1:0x76ba981ecd5dbfdf","Tuesday","1–7 pm"
"0x30e2a0b530976ae1:0x76ba981ecd5dbfdf","Wednesday","1–7 pm"
"0x30e2a0b530976ae1:0x76ba981ecd5dbfdf","Thursday","1–7 pm"
"0x311d6707f79f4169:0xd1cfd15d7f26fa76","Friday","10 am–8 pm"
"0x311d6707f79f4169:0xd1cfd15d7f26fa76","Saturday","10 am–8 pm"
"0x311d6707f79f4169:0xd1cfd15d7f26fa76","Sunday","10 am–8 pm"
"0x311d6707f79f4169:0xd1cfd15d7f26fa76","Monday","Closed"
"0x311d6707f79f4169:0xd1cfd15d7f26fa76","Tuesday","10 am–8 pm"
"0x311d6707f79f4169:0xd1cfd15d7f26fa76","Wednesday","10 am–8 pm"
"0x311d6707f79f4169:0xd1cfd15d7f26fa76","Thursday","10 am–8 pm"
"0x311d647c85438af1:0xbb6b025eecc2031","Friday","10 am–8 pm"
"0x311d647c85438af1:0xbb6b025eecc2031","Saturday","10 am–8 pm"
"0x311d647c85438af1:0xbb6b025eecc2031","Sunday","10 am–8 pm"
"0x311d647c85438af1:0xbb6b025eecc2031","Monday","10 am–8 pm"
"0x311d647c85438af1:0xbb6b025eecc2031","Tuesday","10 am–8 pm"
"0x311d647c85438af1:0xbb6b025eecc2031","Wednesday","10 am–8 pm"
"0x311d647c85438af1:0xbb6b025eecc2031","Thursday","10 am–8 pm"
"0x30e283c842c472c5:0x17e1c23d7bc1d86","Friday","10 am–7:30 pm"
"0x30e283c842c472c5:0x17e1c23d7bc1d86","Saturday","10 am–7:30 pm"
"0x30e283c842c472c5:0x17e1c23d7bc1d86","Sunday","10 am–7:30 pm"
"0x30e283c842c472c5:0x17e1c23d7bc1d86","Monday","10 am–7:30 pm"
"0x30e283c842c472c5:0x17e1c23d7bc1d86","Tuesday","10 am–7:30 pm"
"0x30e283c842c472c5:0x17e1c23d7bc1d86","Wednesday","10 am–7:30 pm"
"0x30e283c842c472c5:0x17e1c23d7bc1d86","Thursday","10 am–7:30 pm"
"0x30e28250baf0e3e3:0x34ad1a5fb3d4ef76","Friday","10 am–8 pm"
"0x30e28250baf0e3e3:0x34ad1a5fb3d4ef76","Saturday","10 am–8 pm"
"0x30e28250baf0e3e3:0x34ad1a5fb3d4ef76","Sunday","10 am–8 pm"
"0x30e28250baf0e3e3:0x34ad1a5fb3d4ef76","Monday","10 am–8 pm"
"0x30e28250baf0e3e3:0x34ad1a5fb3d4ef76","Tuesday","10 am–8 pm"
"0x30e28250baf0e3e3:0x34ad1a5fb3d4ef76","Wednesday","10 am–8 pm"
"0x30e28250baf0e3e3:0x34ad1a5fb3d4ef76","Thursday","10 am–8 pm"
"0x30e285006258d2ed:0xe10511637c063a23","Friday","10 am–8 pm"
"0x30e285006258d2ed:0xe10511637c063a23","Saturday","10 am–8 pm"
"0x30e285006258d2ed:0xe10511637c063a23","Sunday","10 am–8 pm"
"0x30e285006258d2ed:0xe10511637c063a23","Monday","10 am–8 pm"
"0x30e285006258d2ed:0xe10511637c063a23","Tuesday","10 am–8 pm"
"0x30e285006258d2ed:0xe10511637c063a23","Wednesday","10 am–8 pm"
"0x30e285006258d2ed:0xe10511637c063a23","Thursday","10 am–8 pm"
"0x311d65c2c7903c2b:0x35474c17ecf00698","Friday","9 am–8 pm"
"0x311d65c2c7903c2b:0x35474c17ecf00698","Saturday","9 am–8 pm"
"0x311d65c2c7903c2b:0x35474c17ecf00698","Sunday","9 am–8 pm"
"0x311d65c2c7903c2b:0x35474c17ecf00698","Monday","9 am–8 pm"
"0x311d65c2c7903c2b:0x35474c17ecf00698","Tuesday","9 am–8 pm"
"0x311d65c2c7903c2b:0x35474c17ecf00698","Wednesday","9 am–8 pm"
"0x311d65c2c7903c2b:0x35474c17ecf00698","Thursday","9 am–8 pm"
"0x30e28ff18147ae2b:0x14dcf9e72e343942","Friday","9 AM–8 PM"
"0x30e28ff18147ae2b:0x14dcf9e72e343942","Saturday","9 AM–8 PM"
"0x30e28ff18147ae2b:0x14dcf9e72e343942","Sunday","9 AM–8 PM"
"0x30e28ff18147ae2b:0x14dcf9e72e343942","Monday","9 AM–8 PM"
"0x30e28ff18147ae2b:0x14dcf9e72e343942","Tuesday","9 AM–8 PM"
"0x30e28ff18147ae2b:0x14dcf9e72e343942","Wednesday","9 AM–8 PM"
"0x30e28ff18147ae2b:0x14dcf9e72e343942","Thursday","9 AM–8 PM"
"0x30e2bbda5a022c7b:0xfe17306cda1b25ae","Friday","10 AM–7 PM"
"0x30e2bbda5a022c7b:0xfe17306cda1b25ae","Saturday","10 AM–7 PM"
"0x30e2bbda5a022c7b:0xfe17306cda1b25ae","Sunday","10 AM–7 PM"
"0x30e2bbda5a022c7b:0xfe17306cda1b25ae","Monday","10 AM–7 PM"
"0x30e2bbda5a022c7b:0xfe17306cda1b25ae","Tuesday","10 AM–7 PM"
"0x30e2bbda5a022c7b:0xfe17306cda1b25ae","Wednesday","10 AM–7 PM"
"0x30e2bbda5a022c7b:0xfe17306cda1b25ae","Thursday","10 AM–7 PM"
"0x311d646143c78b99:0xf485900a426716f7","Friday","9 am–7:30 pm"
"0x311d646143c78b99:0xf485900a426716f7","Saturday","9 am–7:30 pm"
"0x311d646143c78b99:0xf485900a426716f7","Sunday","9 am–7:30 pm"
"0x311d646143c78b99:0xf485900a426716f7","Monday","9 am–7:30 pm"
"0x311d646143c78b99:0xf485900a426716f7","Tuesday","9 am–7:30 pm"
"0x311d646143c78b99:0xf485900a426716f7","Wednesday","9 am–7:30 pm"
"0x311d646143c78b99:0xf485900a426716f7","Thursday","9 am–7:30 pm"
"0x311d7f08454ec98b:0x4b9e12b6f6f7be40","Friday","10 am–8 pm"
"0x311d7f08454ec98b:0x4b9e12b6f6f7be40","Saturday","10 am–8 pm"
"0x311d7f08454ec98b:0x4b9e12b6f6f7be40","Sunday","10 am–8 pm"
"0x311d7f08454ec98b:0x4b9e12b6f6f7be40","Monday","10 am–8 pm"
"0x311d7f08454ec98b:0x4b9e12b6f6f7be40","Tuesday","10 am–8 pm"
"0x311d7f08454ec98b:0x4b9e12b6f6f7be40","Wednesday","10 am–8 pm"
"0x311d7f08454ec98b:0x4b9e12b6f6f7be40","Thursday","Closed"
"0x311d66a5d17255d1:0x76490d8dc35201b0","Friday","9:30 am–7:30 pm"
"0x311d66a5d17255d1:0x76490d8dc35201b0","Saturday","9:30 am–7:30 pm"
"0x311d66a5d17255d1:0x76490d8dc35201b0","Sunday","9:30 am–7:30 pm"
"0x311d66a5d17255d1:0x76490d8dc35201b0","Monday","9:30 am–7:30 pm"
"0x311d66a5d17255d1:0x76490d8dc35201b0","Tuesday","9 am–5 pm"
"0x311d66a5d17255d1:0x76490d8dc35201b0","Wednesday","9 am–5 pm"
"0x311d66a5d17255d1:0x76490d8dc35201b0","Thursday","9:30 am–7:30 pm"
"0x311d59b83940f65f:0x3570c2b2d8f233a2","Friday","11 am–7 pm"
"0x311d59b83940f65f:0x3570c2b2d8f233a2","Saturday","11 am–7 pm"
"0x311d59b83940f65f:0x3570c2b2d8f233a2","Sunday","10 am–6 pm"
"0x311d59b83940f65f:0x3570c2b2d8f233a2","Monday","11 am–7 pm"
"0x311d59b83940f65f:0x3570c2b2d8f233a2","Tuesday","Closed"
"0x311d59b83940f65f:0x3570c2b2d8f233a2","Wednesday","11 am–7 pm"
"0x311d59b83940f65f:0x3570c2b2d8f233a2","Thursday","11 am–7 pm"
"0x30e28423247ea2d9:0x8cd4e89024e2d7d","Friday","4–8 pm"
"0x30e28423247ea2d9:0x8cd4e89024e2d7d","Saturday","10 am–12:30 pm"
"0x30e28423247ea2d9:0x8cd4e89024e2d7d","Sunday","10 am–6 pm"
"0x30e28423247ea2d9:0x8cd4e89024e2d7d","Monday","4–8 pm"
"0x30e28423247ea2d9:0x8cd4e89024e2d7d","Tuesday","4–6 pm"
"0x30e28423247ea2d9:0x8cd4e89024e2d7d","Wednesday","Closed"
"0x30e28423247ea2d9:0x8cd4e89024e2d7d","Thursday","4–8 pm"
"0x30e295555a252da7:0x36847b59b4046f59","Friday","10 am–8 pm"
"0x30e295555a252da7:0x36847b59b4046f59","Saturday","10 am–8 pm"
"0x30e295555a252da7:0x36847b59b4046f59","Sunday","10 am–8 pm"
"0x30e295555a252da7:0x36847b59b4046f59","Monday","10 am–8 pm"
"0x30e295555a252da7:0x36847b59b4046f59","Tuesday","10 am–8 pm"
"0x30e295555a252da7:0x36847b59b4046f59","Wednesday","10 am–8 pm"
"0x30e295555a252da7:0x36847b59b4046f59","Thursday","10 am–8 pm"
"0x30e2bf7996d20669:0xd598ffa92d67a480","Friday","9:30 am–8 pm"
"0x30e2bf7996d20669:0xd598ffa92d67a480","Saturday","9:30 am–8 pm"
"0x30e2bf7996d20669:0xd598ffa92d67a480","Sunday","9:30 am–8 pm"
"0x30e2bf7996d20669:0xd598ffa92d67a480","Monday","9:30 am–8 pm"
"0x30e2bf7996d20669:0xd598ffa92d67a480","Tuesday","9:30 am–8 pm"
"0x30e2bf7996d20669:0xd598ffa92d67a480","Wednesday","9:30 am–8 pm"
"0x30e2bf7996d20669:0xd598ffa92d67a480","Thursday","9:30 am–8 pm"
"0x30e2bbd5b9dd306d:0xdc20823094c5f56a","Friday","10 am–8 pm"
"0x30e2bbd5b9dd306d:0xdc20823094c5f56a","Saturday","10 am–8 pm"
"0x30e2bbd5b9dd306d:0xdc20823094c5f56a","Sunday","10 am–8 pm"
"0x30e2bbd5b9dd306d:0xdc20823094c5f56a","Monday","10 am–8 pm"
"0x30e2bbd5b9dd306d:0xdc20823094c5f56a","Tuesday","10 am–8 pm"
"0x30e2bbd5b9dd306d:0xdc20823094c5f56a","Wednesday","10 am–8 pm"
"0x30e2bbd5b9dd306d:0xdc20823094c5f56a","Thursday","10 am–8 pm"
"0x30e2b900019dd8e3:0x5010a16f3059fe7b","Friday","10 am–8 pm"
"0x30e2b900019dd8e3:0x5010a16f3059fe7b","Saturday","10 am–8 pm"
"0x30e2b900019dd8e3:0x5010a16f3059fe7b","Sunday","10 am–8 pm"
"0x30e2b900019dd8e3:0x5010a16f3059fe7b","Monday","10 am–8 pm"
"0x30e2b900019dd8e3:0x5010a16f3059fe7b","Tuesday","10 am–8 pm"
"0x30e2b900019dd8e3:0x5010a16f3059fe7b","Wednesday","10 am–8 pm"
"0x30e2b900019dd8e3:0x5010a16f3059fe7b","Thursday","10 am–8 pm"
"0x311d67aaf620c035:0x81c01dc3db15739a","Friday","10 am–7 pm"
"0x311d67aaf620c035:0x81c01dc3db15739a","Saturday","10 am–7 pm"
"0x311d67aaf620c035:0x81c01dc3db15739a","Sunday","10 am–6 pm"
"0x311d67aaf620c035:0x81c01dc3db15739a","Monday","10 am–7 pm"
"0x311d67aaf620c035:0x81c01dc3db15739a","Tuesday","10 am–7 pm"
"0x311d67aaf620c035:0x81c01dc3db15739a","Wednesday","10 am–7 pm"
"0x311d67aaf620c035:0x81c01dc3db15739a","Thursday","10 am–7 pm"
"0x30e281e7bc374a63:0x9c93fc5813044bda","Friday","8 am–7 pm"
"0x30e281e7bc374a63:0x9c93fc5813044bda","Saturday","8 am–7 pm"
"0x30e281e7bc374a63:0x9c93fc5813044bda","Sunday","8 am–7 pm"
"0x30e281e7bc374a63:0x9c93fc5813044bda","Monday","8 am–7 pm"
"0x30e281e7bc374a63:0x9c93fc5813044bda","Tuesday","Closed"
"0x30e281e7bc374a63:0x9c93fc5813044bda","Wednesday","8 am–7 pm"
"0x30e281e7bc374a63:0x9c93fc5813044bda","Thursday","8 am–7 pm"
"0x311d7bd03187f7bb:0x35a9f34a6ebdbdbb","Friday","10 am–8 pm"
"0x311d7bd03187f7bb:0x35a9f34a6ebdbdbb","Saturday","10 am–8 pm"
"0x311d7bd03187f7bb:0x35a9f34a6ebdbdbb","Sunday","10 am–8 pm"
"0x311d7bd03187f7bb:0x35a9f34a6ebdbdbb","Monday","10 am–8 pm"
"0x311d7bd03187f7bb:0x35a9f34a6ebdbdbb","Tuesday","10 am–8 pm"
"0x311d7bd03187f7bb:0x35a9f34a6ebdbdbb","Wednesday","10 am–8 pm"
"0x311d7bd03187f7bb:0x35a9f34a6ebdbdbb","Thursday","10 am–8 pm"
"0x311d7f07fd4a0277:0x3f9304235e92f159","Friday","10 am–7 pm"
"0x311d7f07fd4a0277:0x3f9304235e92f159","Saturday","10 am–7 pm"
"0x311d7f07fd4a0277:0x3f9304235e92f159","Sunday","10 am–7 pm"
"0x311d7f07fd4a0277:0x3f9304235e92f159","Monday","10 am–7 pm"
"0x311d7f07fd4a0277:0x3f9304235e92f159","Tuesday","10 am–7 pm"
"0x311d7f07fd4a0277:0x3f9304235e92f159","Wednesday","10 am–7 pm"
"0x311d7f07fd4a0277:0x3f9304235e92f159","Thursday","10 am–7 pm"
"0x30e281de62796c13:0xa0ef8280f6cbb3ed","Friday","11 am–8 pm"
"0x30e281de62796c13:0xa0ef8280f6cbb3ed","Saturday","11 am–8 pm"
"0x30e281de62796c13:0xa0ef8280f6cbb3ed","Sunday","11 am–8 pm"
"0x30e281de62796c13:0xa0ef8280f6cbb3ed","Monday","11 am–8 pm"
"0x30e281de62796c13:0xa0ef8280f6cbb3ed","Tuesday","11 am–8 pm"
"0x30e281de62796c13:0xa0ef8280f6cbb3ed","Wednesday","11 am–8 pm"
"0x30e281de62796c13:0xa0ef8280f6cbb3ed","Thursday","11 am–8 pm"
"0x30e285e8a543b225:0x3456d2f8b6061535","Friday","10 am–9 pm"
"0x30e285e8a543b225:0x3456d2f8b6061535","Saturday","10 am–9 pm"
"0x30e285e8a543b225:0x3456d2f8b6061535","Sunday","10 am–9 pm"
"0x30e285e8a543b225:0x3456d2f8b6061535","Monday","10 am–9 pm"
"0x30e285e8a543b225:0x3456d2f8b6061535","Tuesday","10 am–9 pm"
"0x30e285e8a543b225:0x3456d2f8b6061535","Wednesday","10 am–9 pm"
"0x30e285e8a543b225:0x3456d2f8b6061535","Thursday","10 am–9 pm"
"0x30e2b91c3d8144b1:0xec75ee02dee8cdc5","Friday","9 am–8 pm"
"0x30e2b91c3d8144b1:0xec75ee02dee8cdc5","Saturday","9 am–8 pm"
"0x30e2b91c3d8144b1:0xec75ee02dee8cdc5","Sunday","9 am–8 pm"
"0x30e2b91c3d8144b1:0xec75ee02dee8cdc5","Monday","9 am–8 pm"
"0x30e2b91c3d8144b1:0xec75ee02dee8cdc5","Tuesday","9 am–8 pm"
"0x30e2b91c3d8144b1:0xec75ee02dee8cdc5","Wednesday","9 am–8 pm"
"0x30e2b91c3d8144b1:0xec75ee02dee8cdc5","Thursday","9 am–8 pm"
"0x30e2b94e5da50a29:0xa833b3d386823a1e","Friday","10 am–6 pm"
"0x30e2b94e5da50a29:0xa833b3d386823a1e","Saturday","10 am–6 pm"
"0x30e2b94e5da50a29:0xa833b3d386823a1e","Sunday","10 am–6 pm"
"0x30e2b94e5da50a29:0xa833b3d386823a1e","Monday","Closed"
"0x30e2b94e5da50a29:0xa833b3d386823a1e","Tuesday","10 am–6 pm"
"0x30e2b94e5da50a29:0xa833b3d386823a1e","Wednesday","10 am–6 pm"
"0x30e2b94e5da50a29:0xa833b3d386823a1e","Thursday","10 am–6 pm"
"0x311d5d93f2be82cb:0x6bc727fa4471bfb4","Friday","10 am–8 pm"
"0x311d5d93f2be82cb:0x6bc727fa4471bfb4","Saturday","10 am–8 pm"
"0x311d5d93f2be82cb:0x6bc727fa4471bfb4","Sunday","10 am–8 pm"
"0x311d5d93f2be82cb:0x6bc727fa4471bfb4","Monday","10 am–8 pm"
"0x311d5d93f2be82cb:0x6bc727fa4471bfb4","Tuesday","10 am–8 pm"
"0x311d5d93f2be82cb:0x6bc727fa4471bfb4","Wednesday","10 am–8 pm"
"0x311d5d93f2be82cb:0x6bc727fa4471bfb4","Thursday","10 am–8 pm"
"0x311d7b7db614729d:0xd1247155b9c28680","Friday","9:30 am–7:30 pm"
"0x311d7b7db614729d:0xd1247155b9c28680","Saturday","9:30 am–7:30 pm"
"0x311d7b7db614729d:0xd1247155b9c28680","Sunday","9:30 am–7:30 pm"
"0x311d7b7db614729d:0xd1247155b9c28680","Monday","9:30 am–7:30 pm"
"0x311d7b7db614729d:0xd1247155b9c28680","Tuesday","9:30 am–7:30 pm"
"0x311d7b7db614729d:0xd1247155b9c28680","Wednesday","9:30 am–7:30 pm"
"0x311d7b7db614729d:0xd1247155b9c28680","Thursday","9:30 am–7:30 pm"
"0x30e28f17a0a51dc3:0xb60ac45d37f89ab0","Friday","10 am–10 pm"
"0x30e28f17a0a51dc3:0xb60ac45d37f89ab0","Saturday","10 am–10 pm"
"0x30e28f17a0a51dc3:0xb60ac45d37f89ab0","Sunday","10 am–10 pm"
"0x30e28f17a0a51dc3:0xb60ac45d37f89ab0","Monday","10 am–10 pm"
"0x30e28f17a0a51dc3:0xb60ac45d37f89ab0","Tuesday","10 am–10 pm"
"0x30e28f17a0a51dc3:0xb60ac45d37f89ab0","Wednesday","10 am–10 pm"
"0x30e28f17a0a51dc3:0xb60ac45d37f89ab0","Thursday","10 am–10 pm"
"0x30e2bf6d1f6b9073:0x1a03e94fc286b81d","Friday","12–8 pm"
"0x30e2bf6d1f6b9073:0x1a03e94fc286b81d","Saturday","10 am–8 pm"
"0x30e2bf6d1f6b9073:0x1a03e94fc286b81d","Sunday","10 am–8 pm"
"0x30e2bf6d1f6b9073:0x1a03e94fc286b81d","Monday","12–8 pm"
"0x30e2bf6d1f6b9073:0x1a03e94fc286b81d","Tuesday","12–8 pm"
"0x30e2bf6d1f6b9073:0x1a03e94fc286b81d","Wednesday","12–8 pm"
"0x30e2bf6d1f6b9073:0x1a03e94fc286b81d","Thursday","12–8 pm"
"0x30e28f9eec7b5d57:0x7de548dec39e7382","Friday","9 am–8 pm"
"0x30e28f9eec7b5d57:0x7de548dec39e7382","Saturday","9 am–8 pm"
"0x30e28f9eec7b5d57:0x7de548dec39e7382","Sunday","9 am–8 pm"
"0x30e28f9eec7b5d57:0x7de548dec39e7382","Monday","9 am–8 pm"
"0x30e28f9eec7b5d57:0x7de548dec39e7382","Tuesday","9 am–8 pm"
"0x30e28f9eec7b5d57:0x7de548dec39e7382","Wednesday","9 am–8 pm"
"0x30e28f9eec7b5d57:0x7de548dec39e7382","Thursday","9 am–8 pm"
"0x30e2b9b306fb5b97:0x618827341b1055b2","Friday","10 am–8 pm"
"0x30e2b9b306fb5b97:0x618827341b1055b2","Saturday","10 am–8 pm"
"0x30e2b9b306fb5b97:0x618827341b1055b2","Sunday","10 am–8 pm"
"0x30e2b9b306fb5b97:0x618827341b1055b2","Monday","10 am–8 pm"
"0x30e2b9b306fb5b97:0x618827341b1055b2","Tuesday","10 am–8 pm"
"0x30e2b9b306fb5b97:0x618827341b1055b2","Wednesday","10 am–8 pm"
"0x30e2b9b306fb5b97:0x618827341b1055b2","Thursday","10 am–8 pm"
"0x311d6713a162104f:0x4d7810046ccad536","Friday","Closed"
"0x311d6713a162104f:0x4d7810046ccad536","Saturday","9 am–8 pm"
"0x311d6713a162104f:0x4d7810046ccad536","Sunday","9 am–8 pm"
"0x311d6713a162104f:0x4d7810046ccad536","Monday","9 am–8 pm"
"0x311d6713a162104f:0x4d7810046ccad536","Tuesday","9 am–8 pm"
"0x311d6713a162104f:0x4d7810046ccad536","Wednesday","Closed"
"0x311d6713a162104f:0x4d7810046ccad536","Thursday","Closed"
"0x311d6e2537f4b2cf:0xbb9dfb7717af0405","Friday","10 am–8 pm"
"0x311d6e2537f4b2cf:0xbb9dfb7717af0405","Saturday","10 am–8 pm"
"0x311d6e2537f4b2cf:0xbb9dfb7717af0405","Sunday","10 am–8 pm"
"0x311d6e2537f4b2cf:0xbb9dfb7717af0405","Monday","10 am–8 pm"
"0x311d6e2537f4b2cf:0xbb9dfb7717af0405","Tuesday","10 am–8 pm"
"0x311d6e2537f4b2cf:0xbb9dfb7717af0405","Wednesday","10 am–8 pm"
"0x311d6e2537f4b2cf:0xbb9dfb7717af0405","Thursday","10 am–8 pm"
"0x311d7fb125c17687:0xd5f461d5b8404ece","Friday","9 am–7:45 pm"
"0x311d7fb125c17687:0xd5f461d5b8404ece","Saturday","9 am–7:45 pm"
"0x311d7fb125c17687:0xd5f461d5b8404ece","Sunday","9 am–7:45 pm"
"0x311d7fb125c17687:0xd5f461d5b8404ece","Monday","9 am–7:45 pm"
"0x311d7fb125c17687:0xd5f461d5b8404ece","Tuesday","9 am–7:45 pm"
"0x311d7fb125c17687:0xd5f461d5b8404ece","Wednesday","9 am–7:45 pm"
"0x311d7fb125c17687:0xd5f461d5b8404ece","Thursday","9 am–7:45 pm"
"0x30e281dee7419343:0xf5fa61c0e870efa7","Friday","10 am–8 pm"
"0x30e281dee7419343:0xf5fa61c0e870efa7","Saturday","10 am–8 pm"
"0x30e281dee7419343:0xf5fa61c0e870efa7","Sunday","10 am–6 pm"
"0x30e281dee7419343:0xf5fa61c0e870efa7","Monday","10 am–8 pm"
"0x30e281dee7419343:0xf5fa61c0e870efa7","Tuesday","10 am–8 pm"
"0x30e281dee7419343:0xf5fa61c0e870efa7","Wednesday","10 am–8 pm"
"0x30e281dee7419343:0xf5fa61c0e870efa7","Thursday","10 am–8 pm"
"0x311d7c224f6152c1:0x182e3cc2f992643c","Friday","10 am–6 pm"
"0x311d7c224f6152c1:0x182e3cc2f992643c","Saturday","10 am–6 pm"
"0x311d7c224f6152c1:0x182e3cc2f992643c","Sunday","10 am–6 pm"
"0x311d7c224f6152c1:0x182e3cc2f992643c","Monday","10 am–6 pm"
"0x311d7c224f6152c1:0x182e3cc2f992643c","Tuesday","10 am–6 pm"
"0x311d7c224f6152c1:0x182e3cc2f992643c","Wednesday","10 am–6 pm"
"0x311d7c224f6152c1:0x182e3cc2f992643c","Thursday","10 am–6 pm"
"0x30e2816c80f0b3c9:0xa3844dff54e480bc","Friday","10 am–8 pm"
"0x30e2816c80f0b3c9:0xa3844dff54e480bc","Saturday","10 am–8 pm"
"0x30e2816c80f0b3c9:0xa3844dff54e480bc","Sunday","10 am–8 pm"
"0x30e2816c80f0b3c9:0xa3844dff54e480bc","Monday","10 am–8 pm"
"0x30e2816c80f0b3c9:0xa3844dff54e480bc","Tuesday","10 am–8 pm"
"0x30e2816c80f0b3c9:0xa3844dff54e480bc","Wednesday","10 am–8 pm"
"0x30e2816c80f0b3c9:0xa3844dff54e480bc","Thursday","10 am–8 pm"
"0x30e2eaf5ebc79a11:0x945062ba61a5f8a7","Friday","9 am–8 pm"
"0x30e2eaf5ebc79a11:0x945062ba61a5f8a7","Saturday","9 am–8 pm"
"0x30e2eaf5ebc79a11:0x945062ba61a5f8a7","Sunday","9 am–8 pm"
"0x30e2eaf5ebc79a11:0x945062ba61a5f8a7","Monday","9 am–8 pm"
"0x30e2eaf5ebc79a11:0x945062ba61a5f8a7","Tuesday","9 am–8 pm"
"0x30e2eaf5ebc79a11:0x945062ba61a5f8a7","Wednesday","9 am–8 pm"
"0x30e2eaf5ebc79a11:0x945062ba61a5f8a7","Thursday","9 am–8 pm"
"0x30e2b9e441c49671:0x6d60378c26f755fa","Friday","9 am–8 pm"
"0x30e2b9e441c49671:0x6d60378c26f755fa","Saturday","9 am–8 pm"
"0x30e2b9e441c49671:0x6d60378c26f755fa","Sunday","9 am–7 pm"
"0x30e2b9e441c49671:0x6d60378c26f755fa","Monday","9 am–8 pm"
"0x30e2b9e441c49671:0x6d60378c26f755fa","Tuesday","9 am–8 pm"
"0x30e2b9e441c49671:0x6d60378c26f755fa","Wednesday","9 am–8 pm"
"0x30e2b9e441c49671:0x6d60378c26f755fa","Thursday","9 am–8 pm"
"0x311d6f5449ecd3d1:0x4235f5112a928a29","Friday","10 am–8 pm"
"0x311d6f5449ecd3d1:0x4235f5112a928a29","Saturday","10 am–8 pm"
"0x311d6f5449ecd3d1:0x4235f5112a928a29","Sunday","10 am–8 pm"
"0x311d6f5449ecd3d1:0x4235f5112a928a29","Monday","10 am–8 pm"
"0x311d6f5449ecd3d1:0x4235f5112a928a29","Tuesday","10 am–8 pm"
"0x311d6f5449ecd3d1:0x4235f5112a928a29","Wednesday","10 am–8 pm"
"0x311d6f5449ecd3d1:0x4235f5112a928a29","Thursday","10 am–8 pm"
"0x311d7e3965c8d833:0x5537b77d2d4552a4","Friday","9 am–6 pm"
"0x311d7e3965c8d833:0x5537b77d2d4552a4","Saturday","9 am–6 pm"
"0x311d7e3965c8d833:0x5537b77d2d4552a4","Sunday","Closed"
"0x311d7e3965c8d833:0x5537b77d2d4552a4","Monday","9 am–6 pm"
"0x311d7e3965c8d833:0x5537b77d2d4552a4","Tuesday","9 am–6 pm"
"0x311d7e3965c8d833:0x5537b77d2d4552a4","Wednesday","9 am–6 pm"
"0x311d7e3965c8d833:0x5537b77d2d4552a4","Thursday","Closed"
"0x311d7c3d02f94313:0xff20e4462e4e990d","Friday","9:30 am–8 pm"
"0x311d7c3d02f94313:0xff20e4462e4e990d","Saturday","9 am–8 pm"
"0x311d7c3d02f94313:0xff20e4462e4e990d","Sunday","9 am–8 pm"
"0x311d7c3d02f94313:0xff20e4462e4e990d","Monday","9:30 am–8 pm"
"0x311d7c3d02f94313:0xff20e4462e4e990d","Tuesday","9:30 am–8 pm"
"0x311d7c3d02f94313:0xff20e4462e4e990d","Wednesday","9:30 am–8 pm"
"0x311d7c3d02f94313:0xff20e4462e4e990d","Thursday","9:30 am–8 pm"
"0x30e2810a3c33f1d3:0x633ad8642c0a2c8e","Friday","11 am–8 pm"
"0x30e2810a3c33f1d3:0x633ad8642c0a2c8e","Saturday","11 am–8 pm"
"0x30e2810a3c33f1d3:0x633ad8642c0a2c8e","Sunday","11 am–8 pm"
"0x30e2810a3c33f1d3:0x633ad8642c0a2c8e","Monday","11 am–8 pm"
"0x30e2810a3c33f1d3:0x633ad8642c0a2c8e","Tuesday","11 am–8 pm"
"0x30e2810a3c33f1d3:0x633ad8642c0a2c8e","Wednesday","11 am–8 pm"
"0x30e2810a3c33f1d3:0x633ad8642c0a2c8e","Thursday","11 am–8 pm"
"0x30e2819bb0dc75df:0x29185ed3a8917a50","Friday","11 am–7 pm"
"0x30e2819bb0dc75df:0x29185ed3a8917a50","Saturday","11 am–7 pm"
"0x30e2819bb0dc75df:0x29185ed3a8917a50","Sunday","11 am–7 pm"
"0x30e2819bb0dc75df:0x29185ed3a8917a50","Monday","11 am–7 pm"
"0x30e2819bb0dc75df:0x29185ed3a8917a50","Tuesday","11 am–7 pm"
"0x30e2819bb0dc75df:0x29185ed3a8917a50","Wednesday","11 am–7 pm"
"0x30e2819bb0dc75df:0x29185ed3a8917a50","Thursday","11 am–7 pm"
"0x311d43eec04a1dd3:0xd95d6a55bfc5696e","Friday","10 am–8 pm"
"0x311d43eec04a1dd3:0xd95d6a55bfc5696e","Saturday","10 am–8 pm"
"0x311d43eec04a1dd3:0xd95d6a55bfc5696e","Sunday","10 am–8 pm"
"0x311d43eec04a1dd3:0xd95d6a55bfc5696e","Monday","10 am–8 pm"
"0x311d43eec04a1dd3:0xd95d6a55bfc5696e","Tuesday","10 am–8 pm"
"0x311d43eec04a1dd3:0xd95d6a55bfc5696e","Wednesday","10 am–8 pm"
"0x311d43eec04a1dd3:0xd95d6a55bfc5696e","Thursday","10 am–8 pm"
"0x311d613fddb9cb4b:0x89b39305112f43ae","Friday","5:30–7:30 pm"
"0x311d613fddb9cb4b:0x89b39305112f43ae","Saturday","9 am–7 pm"
"0x311d613fddb9cb4b:0x89b39305112f43ae","Sunday","9 am–12:30 pm"
"0x311d613fddb9cb4b:0x89b39305112f43ae","Monday","Closed"
"0x311d613fddb9cb4b:0x89b39305112f43ae","Tuesday","Closed"
"0x311d613fddb9cb4b:0x89b39305112f43ae","Wednesday","Closed"
"0x311d613fddb9cb4b:0x89b39305112f43ae","Thursday","Closed"
"0x30e291de9c2f13c1:0x889341be194fc666","Friday","9:30 AM–8 PM"
"0x30e291de9c2f13c1:0x889341be194fc666","Saturday","9:30 AM–8 PM"
"0x30e291de9c2f13c1:0x889341be194fc666","Sunday","9:30 AM–8 PM"
"0x30e291de9c2f13c1:0x889341be194fc666","Monday","9:30 AM–8 PM"
"0x30e291de9c2f13c1:0x889341be194fc666","Tuesday","9:30 AM–8 PM"
"0x30e291de9c2f13c1:0x889341be194fc666","Wednesday","9:30 AM–8 PM"
"0x30e291de9c2f13c1:0x889341be194fc666","Thursday","9:30 AM–8 PM"
"0x30e284f0d987e0a7:0x3e96656739fa7b72","Friday","10 AM–5 PM"
"0x30e284f0d987e0a7:0x3e96656739fa7b72","Saturday","10 AM–5 PM"
"0x30e284f0d987e0a7:0x3e96656739fa7b72","Sunday","Closed"
"0x30e284f0d987e0a7:0x3e96656739fa7b72","Monday","10 AM–5 PM"
"0x30e284f0d987e0a7:0x3e96656739fa7b72","Tuesday","10 AM–5 PM"
"0x30e284f0d987e0a7:0x3e96656739fa7b72","Wednesday","10 AM–5 PM"
"0x30e284f0d987e0a7:0x3e96656739fa7b72","Thursday","10 AM–5 PM"
"0x30e283696aabe5dd:0x640bc81310dd0da3","Friday","10 AM–8 PM"
"0x30e283696aabe5dd:0x640bc81310dd0da3","Saturday","10 AM–8 PM"
"0x30e283696aabe5dd:0x640bc81310dd0da3","Sunday","10 AM–8 PM"
"0x30e283696aabe5dd:0x640bc81310dd0da3","Monday","Closed"
"0x30e283696aabe5dd:0x640bc81310dd0da3","Tuesday","10 AM–8 PM"
"0x30e283696aabe5dd:0x640bc81310dd0da3","Wednesday","10 AM–8 PM"
"0x30e283696aabe5dd:0x640bc81310dd0da3","Thursday","10 AM–8 PM"
"0x311d5fd368a648fd:0x44a2d22a9f4beede","Friday","8 AM–12 PM1–8 PM"
"0x311d5fd368a648fd:0x44a2d22a9f4beede","Saturday","Closed"
"0x311d5fd368a648fd:0x44a2d22a9f4beede","Sunday","Closed"
"0x311d5fd368a648fd:0x44a2d22a9f4beede","Monday","8 AM–12 PM1–8 PM"
"0x311d5fd368a648fd:0x44a2d22a9f4beede","Tuesday","8 AM–12 PM1–8 PM"
"0x311d5fd368a648fd:0x44a2d22a9f4beede","Wednesday","8 AM–12 PM1–8 PM"
"0x311d5fd368a648fd:0x44a2d22a9f4beede","Thursday","8 AM–12 PM1–8 PM"
"0x311d62e175dcc24f:0x97d2c903559861fd","Friday","10 AM–7 PM"
"0x311d62e175dcc24f:0x97d2c903559861fd","Saturday","10 AM–7 PM"
"0x311d62e175dcc24f:0x97d2c903559861fd","Sunday","10 AM–7 PM"
"0x311d62e175dcc24f:0x97d2c903559861fd","Monday","10 AM–7 PM"
"0x311d62e175dcc24f:0x97d2c903559861fd","Tuesday","Closed"
"0x311d62e175dcc24f:0x97d2c903559861fd","Wednesday","10 AM–7 PM"
"0x311d62e175dcc24f:0x97d2c903559861fd","Thursday","Closed"
"0x30e29155cab69d6f:0x3e4e7569429d6da6","Friday","10 AM–8 PM"
"0x30e29155cab69d6f:0x3e4e7569429d6da6","Saturday","10 AM–8 PM"
"0x30e29155cab69d6f:0x3e4e7569429d6da6","Sunday","10 AM–8 PM"
"0x30e29155cab69d6f:0x3e4e7569429d6da6","Monday","10 AM–8 PM"
"0x30e29155cab69d6f:0x3e4e7569429d6da6","Tuesday","10 AM–8 PM"
"0x30e29155cab69d6f:0x3e4e7569429d6da6","Wednesday","10 AM–8 PM"
"0x30e29155cab69d6f:0x3e4e7569429d6da6","Thursday","10 AM–8 PM"
"0x30e290446038e513:0x5dd7cba239f415ad","Friday","Open 24 hours"
"0x30e290446038e513:0x5dd7cba239f415ad","Saturday","Open 24 hours"
"0x30e290446038e513:0x5dd7cba239f415ad","Sunday","Open 24 hours"
"0x30e290446038e513:0x5dd7cba239f415ad","Monday","Open 24 hours"
"0x30e290446038e513:0x5dd7cba239f415ad","Tuesday","Open 24 hours"
"0x30e290446038e513:0x5dd7cba239f415ad","Wednesday","Open 24 hours"
"0x30e290446038e513:0x5dd7cba239f415ad","Thursday","Open 24 hours"
"0x30e29475d4b91737:0xee46d1b5083c117b","Friday","8 AM–8 PM"
"0x30e29475d4b91737:0xee46d1b5083c117b","Saturday","8 AM–4 PM"
"0x30e29475d4b91737:0xee46d1b5083c117b","Sunday","8 AM–4 PM"
"0x30e29475d4b91737:0xee46d1b5083c117b","Monday","8 AM–8 PM"
"0x30e29475d4b91737:0xee46d1b5083c117b","Tuesday","8 AM–8 PM"
"0x30e29475d4b91737:0xee46d1b5083c117b","Wednesday","8 AM–8 PM"
"0x30e29475d4b91737:0xee46d1b5083c117b","Thursday","8 AM–8 PM"
"0x311d5cfb60b21e27:0xf6ede00b10861bbb","Friday","10 AM–8 PM"
"0x311d5cfb60b21e27:0xf6ede00b10861bbb","Saturday","10 AM–8 PM"
"0x311d5cfb60b21e27:0xf6ede00b10861bbb","Sunday","10 AM–8 PM"
"0x311d5cfb60b21e27:0xf6ede00b10861bbb","Monday","10 AM–8 PM"
"0x311d5cfb60b21e27:0xf6ede00b10861bbb","Tuesday","10 AM–8 PM"
"0x311d5cfb60b21e27:0xf6ede00b10861bbb","Wednesday","10 AM–8 PM"
"0x311d5cfb60b21e27:0xf6ede00b10861bbb","Thursday","10 AM–8 PM"
"0x311d7bf050509f9f:0x1997bf8319be6465","Friday","12–8 PM"
"0x311d7bf050509f9f:0x1997bf8319be6465","Saturday","10 AM–7 PM"
"0x311d7bf050509f9f:0x1997bf8319be6465","Sunday","10 AM–7 PM"
"0x311d7bf050509f9f:0x1997bf8319be6465","Monday","12–8 PM"
"0x311d7bf050509f9f:0x1997bf8319be6465","Tuesday","12–8 PM"
"0x311d7bf050509f9f:0x1997bf8319be6465","Wednesday","12–8 PM"
"0x311d7bf050509f9f:0x1997bf8319be6465","Thursday","12–8 PM"
"0x311d7dddb6e26b35:0x64b201d4323543d","Friday","10 AM–7 PM"
"0x311d7dddb6e26b35:0x64b201d4323543d","Saturday","10 AM–7 PM"
"0x311d7dddb6e26b35:0x64b201d4323543d","Sunday","10 AM–7 PM"
"0x311d7dddb6e26b35:0x64b201d4323543d","Monday","10 AM–7 PM"
"0x311d7dddb6e26b35:0x64b201d4323543d","Tuesday","10 AM–7 PM"
"0x311d7dddb6e26b35:0x64b201d4323543d","Wednesday","10 AM–7 PM"
"0x311d7dddb6e26b35:0x64b201d4323543d","Thursday","10 AM–7 PM"
"0x311d7d086e897b11:0x41d897de6d3875b5","Friday","10 AM–7 PM"
"0x311d7d086e897b11:0x41d897de6d3875b5","Saturday","10 AM–7 PM"
"0x311d7d086e897b11:0x41d897de6d3875b5","Sunday","10 AM–7 PM"
"0x311d7d086e897b11:0x41d897de6d3875b5","Monday","10 AM–7 PM"
"0x311d7d086e897b11:0x41d897de6d3875b5","Tuesday","10 AM–7 PM"
"0x311d7d086e897b11:0x41d897de6d3875b5","Wednesday","10 AM–7 PM"
"0x311d7d086e897b11:0x41d897de6d3875b5","Thursday","10 AM–7 PM"
"0x30e281d10a956a0d:0x946fa2c41257b209","Friday","1–8 PM"
"0x30e281d10a956a0d:0x946fa2c41257b209","Saturday","10 AM–8 PM"
"0x30e281d10a956a0d:0x946fa2c41257b209","Sunday","10 AM–8 PM"
"0x30e281d10a956a0d:0x946fa2c41257b209","Monday","1–8 PM"
"0x30e281d10a956a0d:0x946fa2c41257b209","Tuesday","1–8 PM"
"0x30e281d10a956a0d:0x946fa2c41257b209","Wednesday","1–8 PM"
"0x30e281d10a956a0d:0x946fa2c41257b209","Thursday","1–8 PM"
"0x311d5f0f293742f7:0xcf9bd2a112b961c0","Friday","10 AM–9:15 PM"
"0x311d5f0f293742f7:0xcf9bd2a112b961c0","Saturday","10 AM–9:15 PM"
"0x311d5f0f293742f7:0xcf9bd2a112b961c0","Sunday","10 AM–9:15 PM"
"0x311d5f0f293742f7:0xcf9bd2a112b961c0","Monday","10 AM–8:15 PM"
"0x311d5f0f293742f7:0xcf9bd2a112b961c0","Tuesday","10 AM–8:15 PM"
"0x311d5f0f293742f7:0xcf9bd2a112b961c0","Wednesday","10 AM–8:15 PM"
"0x311d5f0f293742f7:0xcf9bd2a112b961c0","Thursday","10 AM–8:15 PM"
"0x311d7d0a810183ef:0xadc037882eac0a7e","Friday","10 AM–8 PM"
"0x311d7d0a810183ef:0xadc037882eac0a7e","Saturday","10 AM–8 PM"
"0x311d7d0a810183ef:0xadc037882eac0a7e","Sunday","10 AM–8 PM"
"0x311d7d0a810183ef:0xadc037882eac0a7e","Monday","10 AM–8 PM"
"0x311d7d0a810183ef:0xadc037882eac0a7e","Tuesday","10 AM–8 PM"
"0x311d7d0a810183ef:0xadc037882eac0a7e","Wednesday","10 AM–8 PM"
"0x311d7d0a810183ef:0xadc037882eac0a7e","Thursday","10 AM–8 PM"
"0x311d650039b64cf3:0x3ca442d8843a6dba","Friday","10 am–8 pm"
"0x311d650039b64cf3:0x3ca442d8843a6dba","Saturday","10 am–8 pm"
"0x311d650039b64cf3:0x3ca442d8843a6dba","Sunday","10 am–8 pm"
"0x311d650039b64cf3:0x3ca442d8843a6dba","Monday","10 am–8 pm"
"0x311d650039b64cf3:0x3ca442d8843a6dba","Tuesday","10 am–8 pm"
"0x311d650039b64cf3:0x3ca442d8843a6dba","Wednesday","Closed"
"0x311d650039b64cf3:0x3ca442d8843a6dba","Thursday","10 am–8 pm"
"0x311d7fe7b2e1d09d:0xc44a90517f1c3635","Friday","10 am–7:30 pm"
"0x311d7fe7b2e1d09d:0xc44a90517f1c3635","Saturday","10 am–7:30 pm"
"0x311d7fe7b2e1d09d:0xc44a90517f1c3635","Sunday","10 am–7:30 pm"
"0x311d7fe7b2e1d09d:0xc44a90517f1c3635","Monday","10 am–7:30 pm"
"0x311d7fe7b2e1d09d:0xc44a90517f1c3635","Tuesday","10 am–7:30 pm"
"0x311d7fe7b2e1d09d:0xc44a90517f1c3635","Wednesday","10 am–7:30 pm"
"0x311d7fe7b2e1d09d:0xc44a90517f1c3635","Thursday","10 am–7:30 pm"
"0x311d65c1d16ee1bb:0x32a06b94ddcf183b","Friday","Closed"
"0x311d65c1d16ee1bb:0x32a06b94ddcf183b","Saturday","9 am–7 pm"
"0x311d65c1d16ee1bb:0x32a06b94ddcf183b","Sunday","9 am–7 pm"
"0x311d65c1d16ee1bb:0x32a06b94ddcf183b","Monday","9 am–7 pm"
"0x311d65c1d16ee1bb:0x32a06b94ddcf183b","Tuesday","9 am–7 pm"
"0x311d65c1d16ee1bb:0x32a06b94ddcf183b","Wednesday","9 am–7 pm"
"0x311d65c1d16ee1bb:0x32a06b94ddcf183b","Thursday","9 am–7 pm"
"0x311d6500331b5a33:0x386b1fdee0f64de","Friday","10 am–6 pm"
"0x311d6500331b5a33:0x386b1fdee0f64de","Saturday","10 am–6 pm"
"0x311d6500331b5a33:0x386b1fdee0f64de","Sunday","10 am–6 pm"
"0x311d6500331b5a33:0x386b1fdee0f64de","Monday","10 am–6 pm"
"0x311d6500331b5a33:0x386b1fdee0f64de","Tuesday","10 am–6 pm"
"0x311d6500331b5a33:0x386b1fdee0f64de","Wednesday","10 am–6 pm"
"0x311d6500331b5a33:0x386b1fdee0f64de","Thursday","Closed"
"0x311d654e3c6c7765:0x434822fd53d73796","Friday","8 am–6 pm"
"0x311d654e3c6c7765:0x434822fd53d73796","Saturday","9 am–12 pm"
"0x311d654e3c6c7765:0x434822fd53d73796","Sunday","9 am–12 pm"
"0x311d654e3c6c7765:0x434822fd53d73796","Monday","8 am–6 pm"
"0x311d654e3c6c7765:0x434822fd53d73796","Tuesday","8 am–6 pm"
"0x311d654e3c6c7765:0x434822fd53d73796","Wednesday","8 am–6 pm"
"0x311d654e3c6c7765:0x434822fd53d73796","Thursday","8 am–6 pm"
"0x30e285cfed14e261:0x395ab50151fe658f","Friday","10 am–8 pm"
"0x30e285cfed14e261:0x395ab50151fe658f","Saturday","10 am–8 pm"
"0x30e285cfed14e261:0x395ab50151fe658f","Sunday","10 am–8 pm"
"0x30e285cfed14e261:0x395ab50151fe658f","Monday","10 am–8 pm"
"0x30e285cfed14e261:0x395ab50151fe658f","Tuesday","10 am–8 pm"
"0x30e285cfed14e261:0x395ab50151fe658f","Wednesday","10 am–8 pm"
"0x30e285cfed14e261:0x395ab50151fe658f","Thursday","10 am–8 pm"
"0x30e28f1d927735d7:0xfdf94b8a7a73fe7a","Friday","10 am–10 pm"
"0x30e28f1d927735d7:0xfdf94b8a7a73fe7a","Saturday","10 am–10 pm"
"0x30e28f1d927735d7:0xfdf94b8a7a73fe7a","Sunday","10 am–10 pm"
"0x30e28f1d927735d7:0xfdf94b8a7a73fe7a","Monday","10 am–10 pm"
"0x30e28f1d927735d7:0xfdf94b8a7a73fe7a","Tuesday","10 am–10 pm"
"0x30e28f1d927735d7:0xfdf94b8a7a73fe7a","Wednesday","10 am–10 pm"
"0x30e28f1d927735d7:0xfdf94b8a7a73fe7a","Thursday","10 am–10 pm"
"0x311d59740470811f:0x511e42176cbb402f","Friday","10 am–8 pm"
"0x311d59740470811f:0x511e42176cbb402f","Saturday","10 am–8 pm"
"0x311d59740470811f:0x511e42176cbb402f","Sunday","10 am–8 pm"
"0x311d59740470811f:0x511e42176cbb402f","Monday","10 am–8 pm"
"0x311d59740470811f:0x511e42176cbb402f","Tuesday","10 am–8 pm"
"0x311d59740470811f:0x511e42176cbb402f","Wednesday","10 am–8 pm"
"0x311d59740470811f:0x511e42176cbb402f","Thursday","10 am–8 pm"
"0x311d66a0272c18f5:0x62d167c056446c9e","Friday","9 am–8 pm"
"0x311d66a0272c18f5:0x62d167c056446c9e","Saturday","9 am–8 pm"
"0x311d66a0272c18f5:0x62d167c056446c9e","Sunday","9 am–8 pm"
"0x311d66a0272c18f5:0x62d167c056446c9e","Monday","9 am–8 pm"
"0x311d66a0272c18f5:0x62d167c056446c9e","Tuesday","9 am–8 pm"
"0x311d66a0272c18f5:0x62d167c056446c9e","Wednesday","9 am–8 pm"
"0x311d66a0272c18f5:0x62d167c056446c9e","Thursday","9 am–8 pm"
"0x311d7c51b8e0430d:0xd701935546d33a58","Friday","10 am–7 pm"
"0x311d7c51b8e0430d:0xd701935546d33a58","Saturday","10 am–7 pm"
"0x311d7c51b8e0430d:0xd701935546d33a58","Sunday","10 am–7 pm"
"0x311d7c51b8e0430d:0xd701935546d33a58","Monday","10 am–7 pm"
"0x311d7c51b8e0430d:0xd701935546d33a58","Tuesday","10 am–7 pm"
"0x311d7c51b8e0430d:0xd701935546d33a58","Wednesday","10 am–7 pm"
"0x311d7c51b8e0430d:0xd701935546d33a58","Thursday","10 am–7 pm"
"0x30e2b93f9f56ccb9:0x8ab3f24724c6b1a","Friday","4:30–7:30 pm"
"0x30e2b93f9f56ccb9:0x8ab3f24724c6b1a","Saturday","1–6 pm"
"0x30e2b93f9f56ccb9:0x8ab3f24724c6b1a","Sunday","1–6 pm"
"0x30e2b93f9f56ccb9:0x8ab3f24724c6b1a","Monday","4:30–7:30 pm"
"0x30e2b93f9f56ccb9:0x8ab3f24724c6b1a","Tuesday","4:30–7:30 pm"
"0x30e2b93f9f56ccb9:0x8ab3f24724c6b1a","Wednesday","4:30–7:30 pm"
"0x30e2b93f9f56ccb9:0x8ab3f24724c6b1a","Thursday","4:30–7:30 pm"
"0x311d676da07b88c3:0x7402f8b9e4212f2d","Friday","10 am–8 pm"
"0x311d676da07b88c3:0x7402f8b9e4212f2d","Saturday","10 am–8 pm"
"0x311d676da07b88c3:0x7402f8b9e4212f2d","Sunday","10 am–8 pm"
"0x311d676da07b88c3:0x7402f8b9e4212f2d","Monday","10 am–8 pm"
"0x311d676da07b88c3:0x7402f8b9e4212f2d","Tuesday","10 am–8 pm"
"0x311d676da07b88c3:0x7402f8b9e4212f2d","Wednesday","10 am–8 pm"
"0x311d676da07b88c3:0x7402f8b9e4212f2d","Thursday","10 am–8 pm"
"0x311d64614146e4a5:0x35b8b94e12d477b9","Friday","8 am–6:30 pm"
"0x311d64614146e4a5:0x35b8b94e12d477b9","Saturday","8 am–6:30 pm"
"0x311d64614146e4a5:0x35b8b94e12d477b9","Sunday","8 am–6:30 pm"
"0x311d64614146e4a5:0x35b8b94e12d477b9","Monday","8 am–6:30 pm"
"0x311d64614146e4a5:0x35b8b94e12d477b9","Tuesday","8 am–6:30 pm"
"0x311d64614146e4a5:0x35b8b94e12d477b9","Wednesday","8 am–6:30 pm"
"0x311d64614146e4a5:0x35b8b94e12d477b9","Thursday","8 am–6:30 pm"
"0x311d63dbf1932077:0xcc6a39bea337fa3c","Friday","10 am–6:30 pm"
"0x311d63dbf1932077:0xcc6a39bea337fa3c","Saturday","10 am–7:30 pm"
"0x311d63dbf1932077:0xcc6a39bea337fa3c","Sunday","10 am–6 pm"
"0x311d63dbf1932077:0xcc6a39bea337fa3c","Monday","10 am–7:30 pm"
"0x311d63dbf1932077:0xcc6a39bea337fa3c","Tuesday","10 am–7:30 pm"
"0x311d63dbf1932077:0xcc6a39bea337fa3c","Wednesday","10 am–7:30 pm"
"0x311d63dbf1932077:0xcc6a39bea337fa3c","Thursday","10 am–7:30 pm"
"0x311d63f940263785:0x96962b7a46a94f92","Friday","9:30 am–7:30 pm"
"0x311d63f940263785:0x96962b7a46a94f92","Saturday","9:30 am–7:30 pm"
"0x311d63f940263785:0x96962b7a46a94f92","Sunday","9:30 am–7:30 pm"
"0x311d63f940263785:0x96962b7a46a94f92","Monday","9:30 am–7:30 pm"
"0x311d63f940263785:0x96962b7a46a94f92","Tuesday","9:30 am–7:30 pm"
"0x311d63f940263785:0x96962b7a46a94f92","Wednesday","9:30 am–7:30 pm"
"0x311d63f940263785:0x96962b7a46a94f92","Thursday","Closed"
"0x311d6300550af8dd:0x9ea49074c3734fd","Friday","10 am–8 pm"
"0x311d6300550af8dd:0x9ea49074c3734fd","Saturday","10 am–8 pm"
"0x311d6300550af8dd:0x9ea49074c3734fd","Sunday","10 am–8 pm"
"0x311d6300550af8dd:0x9ea49074c3734fd","Monday","10 am–8 pm"
"0x311d6300550af8dd:0x9ea49074c3734fd","Tuesday","10 am–8 pm"
"0x311d6300550af8dd:0x9ea49074c3734fd","Wednesday","10 am–8 pm"
"0x311d6300550af8dd:0x9ea49074c3734fd","Thursday","10 am–8 pm"
"0x30e284d093fdfd73:0x7c07a9441e0cdcad","Friday","8 am–8 pm"
"0x30e284d093fdfd73:0x7c07a9441e0cdcad","Saturday","8 am–8 pm"
"0x30e284d093fdfd73:0x7c07a9441e0cdcad","Sunday","8 am–8 pm"
"0x30e284d093fdfd73:0x7c07a9441e0cdcad","Monday","8 am–8 pm"
"0x30e284d093fdfd73:0x7c07a9441e0cdcad","Tuesday","8 am–8 pm"
"0x30e284d093fdfd73:0x7c07a9441e0cdcad","Wednesday","8 am–8 pm"
"0x30e284d093fdfd73:0x7c07a9441e0cdcad","Thursday","8 am–8 pm"
"0x30e2bdb895c3dbd9:0x5cdafdfc8cf628c4","Friday","9 am–9 pm"
"0x30e2bdb895c3dbd9:0x5cdafdfc8cf628c4","Saturday","9 am–9 pm"
"0x30e2bdb895c3dbd9:0x5cdafdfc8cf628c4","Sunday","9 am–8 pm"
"0x30e2bdb895c3dbd9:0x5cdafdfc8cf628c4","Monday","9 am–8 pm"
"0x30e2bdb895c3dbd9:0x5cdafdfc8cf628c4","Tuesday","9 am–8 pm"
"0x30e2bdb895c3dbd9:0x5cdafdfc8cf628c4","Wednesday","9 am–8 pm"
"0x30e2bdb895c3dbd9:0x5cdafdfc8cf628c4","Thursday","9 am–8 pm"
"0x30e296408892af91:0xc345605412be185c","Friday","5–8 pm"
"0x30e296408892af91:0xc345605412be185c","Saturday","9 am–7:30 pm"
"0x30e296408892af91:0xc345605412be185c","Sunday","9 am–7:30 pm"
"0x30e296408892af91:0xc345605412be185c","Monday","5–8 pm"
"0x30e296408892af91:0xc345605412be185c","Tuesday","5–8 pm"
"0x30e296408892af91:0xc345605412be185c","Wednesday","5–8 pm"
"0x30e296408892af91:0xc345605412be185c","Thursday","5–8 pm"
"0x311d5f1424d4d3bb:0x44db98d4227f527f","Friday","9 am–7 pm"
"0x311d5f1424d4d3bb:0x44db98d4227f527f","Saturday","9 am–10 pm"
"0x311d5f1424d4d3bb:0x44db98d4227f527f","Sunday","9 am–7 pm"
"0x311d5f1424d4d3bb:0x44db98d4227f527f","Monday","9 am–7 pm"
"0x311d5f1424d4d3bb:0x44db98d4227f527f","Tuesday","9 am–7 pm"
"0x311d5f1424d4d3bb:0x44db98d4227f527f","Wednesday","9 am–7 pm"
"0x311d5f1424d4d3bb:0x44db98d4227f527f","Thursday","9 am–7 pm"
"0x311d5dffb77b5639:0x6a6ae43a308b3d1d","Friday","10 am–8 pm"
"0x311d5dffb77b5639:0x6a6ae43a308b3d1d","Saturday","10 am–8 pm"
"0x311d5dffb77b5639:0x6a6ae43a308b3d1d","Sunday","10 am–8 pm"
"0x311d5dffb77b5639:0x6a6ae43a308b3d1d","Monday","10 am–8 pm"
"0x311d5dffb77b5639:0x6a6ae43a308b3d1d","Tuesday","10 am–8 pm"
"0x311d5dffb77b5639:0x6a6ae43a308b3d1d","Wednesday","10 am–8 pm"
"0x311d5dffb77b5639:0x6a6ae43a308b3d1d","Thursday","10 am–8 pm"
"0x311d671e8aeb3773:0x9978a86844f9df3f","Friday","8 am–6 pm"
"0x311d671e8aeb3773:0x9978a86844f9df3f","Saturday","8 am–6 pm"
"0x311d671e8aeb3773:0x9978a86844f9df3f","Sunday","Closed"
"0x311d671e8aeb3773:0x9978a86844f9df3f","Monday","8 am–6 pm"
"0x311d671e8aeb3773:0x9978a86844f9df3f","Tuesday","8 am–6 pm"
"0x311d671e8aeb3773:0x9978a86844f9df3f","Wednesday","8 am–6 pm"
"0x311d671e8aeb3773:0x9978a86844f9df3f","Thursday","8 am–6 pm"
"0x311d5db708360187:0x904c6e3256377a4b","Friday","10 am–8 pm"
"0x311d5db708360187:0x904c6e3256377a4b","Saturday","10 am–8 pm"
"0x311d5db708360187:0x904c6e3256377a4b","Sunday","10 am–8 pm"
"0x311d5db708360187:0x904c6e3256377a4b","Monday","10 am–8 pm"
"0x311d5db708360187:0x904c6e3256377a4b","Tuesday","10 am–8 pm"
"0x311d5db708360187:0x904c6e3256377a4b","Wednesday","10 am–8 pm"
"0x311d5db708360187:0x904c6e3256377a4b","Thursday","10 am–8 pm"
"0x30e282990d278aa1:0xbd22abc2a0544436","Friday","9 am–8 pm"
"0x30e282990d278aa1:0xbd22abc2a0544436","Saturday","9 am–8 pm"
"0x30e282990d278aa1:0xbd22abc2a0544436","Sunday","9 am–8 pm"
"0x30e282990d278aa1:0xbd22abc2a0544436","Monday","9 am–8 pm"
"0x30e282990d278aa1:0xbd22abc2a0544436","Tuesday","9 am–8 pm"
"0x30e282990d278aa1:0xbd22abc2a0544436","Wednesday","9 am–8 pm"
"0x30e282990d278aa1:0xbd22abc2a0544436","Thursday","9 am–8 pm"
"0x30e2825b29a521e7:0x5bccd69e3851c38","Friday","10:30 am–8 pm"
"0x30e2825b29a521e7:0x5bccd69e3851c38","Saturday","10:30 am–8 pm"
"0x30e2825b29a521e7:0x5bccd69e3851c38","Sunday","10:30 am–8 pm"
"0x30e2825b29a521e7:0x5bccd69e3851c38","Monday","10:30 am–8 pm"
"0x30e2825b29a521e7:0x5bccd69e3851c38","Tuesday","10:30 am–8 pm"
"0x30e2825b29a521e7:0x5bccd69e3851c38","Wednesday","10:30 am–8 pm"
"0x30e2825b29a521e7:0x5bccd69e3851c38","Thursday","10:30 am–8 pm"
"0x30e282f43490a0a9:0x3451db0ecb76a08","Friday","Closed"
"0x30e282f43490a0a9:0x3451db0ecb76a08","Saturday","10:30 am–8 pm"
"0x30e282f43490a0a9:0x3451db0ecb76a08","Sunday","10:30 am–8 pm"
"0x30e282f43490a0a9:0x3451db0ecb76a08","Monday","4–8 pm"
"0x30e282f43490a0a9:0x3451db0ecb76a08","Tuesday","4–8 pm"
"0x30e282f43490a0a9:0x3451db0ecb76a08","Wednesday","4–8 pm"
"0x30e282f43490a0a9:0x3451db0ecb76a08","Thursday","4–8 pm"
"0x30e2824fe9885217:0x647a9aa2621879e2","Friday","10 am–8 pm"
"0x30e2824fe9885217:0x647a9aa2621879e2","Saturday","10 am–8 pm"
"0x30e2824fe9885217:0x647a9aa2621879e2","Sunday","10 am–8 pm"
"0x30e2824fe9885217:0x647a9aa2621879e2","Monday","10 am–8 pm"
"0x30e2824fe9885217:0x647a9aa2621879e2","Tuesday","10 am–8 pm"
"0x30e2824fe9885217:0x647a9aa2621879e2","Wednesday","10 am–8 pm"
"0x30e2824fe9885217:0x647a9aa2621879e2","Thursday","10 am–8 pm"
"0x30e284f0fab35597:0x33aeab498a52475","Friday","9 am–1 pm"
"0x30e284f0fab35597:0x33aeab498a52475","Saturday","9 am–7 pm"
"0x30e284f0fab35597:0x33aeab498a52475","Sunday","9 am–6 pm"
"0x30e284f0fab35597:0x33aeab498a52475","Monday","9 am–7 pm"
"0x30e284f0fab35597:0x33aeab498a52475","Tuesday","9 am–7 pm"
"0x30e284f0fab35597:0x33aeab498a52475","Wednesday","9 am–7 pm"
"0x30e284f0fab35597:0x33aeab498a52475","Thursday","9 am–7 pm"
"0x30e2a78b16d4c6f7:0xe411152077fca225","Friday","11 am–7 pm"
"0x30e2a78b16d4c6f7:0xe411152077fca225","Saturday","11 am–7 pm"
"0x30e2a78b16d4c6f7:0xe411152077fca225","Sunday","11 am–7 pm"
"0x30e2a78b16d4c6f7:0xe411152077fca225","Monday","11 am–7 pm"
"0x30e2a78b16d4c6f7:0xe411152077fca225","Tuesday","11 am–7 pm"
"0x30e2a78b16d4c6f7:0xe411152077fca225","Wednesday","11 am–7 pm"
"0x30e2a78b16d4c6f7:0xe411152077fca225","Thursday","11 am–7 pm"
"0x30e297c637e0b41f:0x9b06ce4b8e83de9f","Friday","10 am–8 pm"
"0x30e297c637e0b41f:0x9b06ce4b8e83de9f","Saturday","10 am–8 pm"
"0x30e297c637e0b41f:0x9b06ce4b8e83de9f","Sunday","10 am–8 pm"
"0x30e297c637e0b41f:0x9b06ce4b8e83de9f","Monday","Closed"
"0x30e297c637e0b41f:0x9b06ce4b8e83de9f","Tuesday","10 am–8 pm"
"0x30e297c637e0b41f:0x9b06ce4b8e83de9f","Wednesday","10 am–8 pm"
"0x30e297c637e0b41f:0x9b06ce4b8e83de9f","Thursday","10 am–8 pm"
"0x311d59692c66fb91:0x1007f805424c9a20","Friday","10 am–8 pm"
"0x311d59692c66fb91:0x1007f805424c9a20","Saturday","10 am–8 pm"
"0x311d59692c66fb91:0x1007f805424c9a20","Sunday","10 am–8 pm"
"0x311d59692c66fb91:0x1007f805424c9a20","Monday","10 am–8 pm"
"0x311d59692c66fb91:0x1007f805424c9a20","Tuesday","10 am–8 pm"
"0x311d59692c66fb91:0x1007f805424c9a20","Wednesday","Closed"
"0x311d59692c66fb91:0x1007f805424c9a20","Thursday","10 am–8 pm"
"0x30e281569150d283:0xf28f40ef9ca5b54","Friday","10 am–8 pm"
"0x30e281569150d283:0xf28f40ef9ca5b54","Saturday","10 am–8 pm"
"0x30e281569150d283:0xf28f40ef9ca5b54","Sunday","10 am–8 pm"
"0x30e281569150d283:0xf28f40ef9ca5b54","Monday","10 am–8 pm"
"0x30e281569150d283:0xf28f40ef9ca5b54","Tuesday","10 am–8 pm"
"0x30e281569150d283:0xf28f40ef9ca5b54","Wednesday","10 am–8 pm"
"0x30e281569150d283:0xf28f40ef9ca5b54","Thursday","10 am–8 pm"
"0x30e297a7603cd7df:0xcf66f64dd36cd036","Friday","8 am–4 pm"
"0x30e297a7603cd7df:0xcf66f64dd36cd036","Saturday","Closed"
"0x30e297a7603cd7df:0xcf66f64dd36cd036","Sunday","Closed"
"0x30e297a7603cd7df:0xcf66f64dd36cd036","Monday","8 am–4 pm"
"0x30e297a7603cd7df:0xcf66f64dd36cd036","Tuesday","8 am–4 pm"
"0x30e297a7603cd7df:0xcf66f64dd36cd036","Wednesday","8 am–4 pm"
"0x30e297a7603cd7df:0xcf66f64dd36cd036","Thursday","8 am–4 pm"
"0x311d7d98649b1b87:0x3ce88b91fb6c0143","Friday","Closed"
"0x311d7d98649b1b87:0x3ce88b91fb6c0143","Saturday","10:30 am–8 pm"
"0x311d7d98649b1b87:0x3ce88b91fb6c0143","Sunday","10 am–8 pm"
"0x311d7d98649b1b87:0x3ce88b91fb6c0143","Monday","10:30 am–8 pm"
"0x311d7d98649b1b87:0x3ce88b91fb6c0143","Tuesday","10:30 am–8 pm"
"0x311d7d98649b1b87:0x3ce88b91fb6c0143","Wednesday","10:30 am–8 pm"
"0x311d7d98649b1b87:0x3ce88b91fb6c0143","Thursday","10:30 am–8 pm"
"0x30e2950459b0320f:0x1584937fc7cbde54","Friday","10 am–8 pm"
"0x30e2950459b0320f:0x1584937fc7cbde54","Saturday","10 am–8 pm"
"0x30e2950459b0320f:0x1584937fc7cbde54","Sunday","10 am–8 pm"
"0x30e2950459b0320f:0x1584937fc7cbde54","Monday","10 am–8 pm"
"0x30e2950459b0320f:0x1584937fc7cbde54","Tuesday","10 am–8 pm"
"0x30e2950459b0320f:0x1584937fc7cbde54","Wednesday","10 am–8 pm"
"0x30e2950459b0320f:0x1584937fc7cbde54","Thursday","10 am–8 pm"
"0x30e2960596188113:0xaea65c0413cdff86","Friday","Closed"
"0x30e2960596188113:0xaea65c0413cdff86","Saturday","9 am–8 pm"
"0x30e2960596188113:0xaea65c0413cdff86","Sunday","9 am–8 pm"
"0x30e2960596188113:0xaea65c0413cdff86","Monday","9 am–8 pm"
"0x30e2960596188113:0xaea65c0413cdff86","Tuesday","9 am–8 pm"
"0x30e2960596188113:0xaea65c0413cdff86","Wednesday","9 am–8 pm"
"0x30e2960596188113:0xaea65c0413cdff86","Thursday","9 am–8 pm"
"0x30e2902418940a83:0xf391ac0ffd0de3a5","Friday","10 am–7:30 pm"
"0x30e2902418940a83:0xf391ac0ffd0de3a5","Saturday","10 am–7:30 pm"
"0x30e2902418940a83:0xf391ac0ffd0de3a5","Sunday","10 am–7:30 pm"
"0x30e2902418940a83:0xf391ac0ffd0de3a5","Monday","10 am–7:30 pm"
"0x30e2902418940a83:0xf391ac0ffd0de3a5","Tuesday","10 am–7:30 pm"
"0x30e2902418940a83:0xf391ac0ffd0de3a5","Wednesday","10 am–7:30 pm"
"0x30e2902418940a83:0xf391ac0ffd0de3a5","Thursday","10 am–7:30 pm"
"0x30e291b395ac62f7:0x67111ea7def70d03","Friday","9 am–8 pm"
"0x30e291b395ac62f7:0x67111ea7def70d03","Saturday","9 am–8 pm"
"0x30e291b395ac62f7:0x67111ea7def70d03","Sunday","9 am–8 pm"
"0x30e291b395ac62f7:0x67111ea7def70d03","Monday","9 am–8 pm"
"0x30e291b395ac62f7:0x67111ea7def70d03","Tuesday","9 am–8 pm"
"0x30e291b395ac62f7:0x67111ea7def70d03","Wednesday","Closed"
"0x30e291b395ac62f7:0x67111ea7def70d03","Thursday","9 am–8 pm"
"0x30e29acbf9887045:0x1afaaf648d7a1c04","Friday","9 AM–7 PM"
"0x30e29acbf9887045:0x1afaaf648d7a1c04","Saturday","9 AM–7 PM"
"0x30e29acbf9887045:0x1afaaf648d7a1c04","Sunday","Closed"
"0x30e29acbf9887045:0x1afaaf648d7a1c04","Monday","9 AM–7 PM"
"0x30e29acbf9887045:0x1afaaf648d7a1c04","Tuesday","9 AM–7 PM"
"0x30e29acbf9887045:0x1afaaf648d7a1c04","Wednesday","9 AM–7 PM"
"0x30e29acbf9887045:0x1afaaf648d7a1c04","Thursday","9 AM–7 PM"
"0x30e284f3aa0baa8d:0xe712d7a8bfa1bf30","Friday","10 am–8 pm"
"0x30e284f3aa0baa8d:0xe712d7a8bfa1bf30","Saturday","10 am–8 pm"
"0x30e284f3aa0baa8d:0xe712d7a8bfa1bf30","Sunday","10 am–8 pm"
"0x30e284f3aa0baa8d:0xe712d7a8bfa1bf30","Monday","10 am–8 pm"
"0x30e284f3aa0baa8d:0xe712d7a8bfa1bf30","Tuesday","10 am–8 pm"
"0x30e284f3aa0baa8d:0xe712d7a8bfa1bf30","Wednesday","10 am–8 pm"
"0x30e284f3aa0baa8d:0xe712d7a8bfa1bf30","Thursday","10 am–8 pm"
"0x30e281809e731249:0xd5053bca1b149fbc","Friday","11 am–8 pm"
"0x30e281809e731249:0xd5053bca1b149fbc","Saturday","11 am–8 pm"
"0x30e281809e731249:0xd5053bca1b149fbc","Sunday","11 am–8 pm"
"0x30e281809e731249:0xd5053bca1b149fbc","Monday","11 am–8 pm"
"0x30e281809e731249:0xd5053bca1b149fbc","Tuesday","Closed"
"0x30e281809e731249:0xd5053bca1b149fbc","Wednesday","11 am–12 am"
"0x30e281809e731249:0xd5053bca1b149fbc","Thursday","12–8 am11 am–8 pm"
"0x311d5fc08a02e46d:0x89912852fba5bdbe","Friday","11 AM–7 PM"
"0x311d5fc08a02e46d:0x89912852fba5bdbe","Saturday","11 AM–7 PM"
"0x311d5fc08a02e46d:0x89912852fba5bdbe","Sunday","11 AM–7 PM"
"0x311d5fc08a02e46d:0x89912852fba5bdbe","Monday","11 AM–7 PM"
"0x311d5fc08a02e46d:0x89912852fba5bdbe","Tuesday","11 AM–7 PM"
"0x311d5fc08a02e46d:0x89912852fba5bdbe","Wednesday","11 AM–7 PM"
"0x311d5fc08a02e46d:0x89912852fba5bdbe","Thursday","11 AM–7 PM"
"0x311d67ccb30a6f9b:0x38c36746567c769a","Friday","10 AM–7 PM"
"0x311d67ccb30a6f9b:0x38c36746567c769a","Saturday","10 AM–7 PM"
"0x311d67ccb30a6f9b:0x38c36746567c769a","Sunday","10 AM–7 PM"
"0x311d67ccb30a6f9b:0x38c36746567c769a","Monday","10 AM–7 PM"
"0x311d67ccb30a6f9b:0x38c36746567c769a","Tuesday","10 AM–7 PM"
"0x311d67ccb30a6f9b:0x38c36746567c769a","Wednesday","10 AM–7 PM"
"0x311d67ccb30a6f9b:0x38c36746567c769a","Thursday","10 AM–7 PM"
"0x30e2854cd3b16f6d:0x370427e18b1c0ea5","Friday","9 AM–7 PM"
"0x30e2854cd3b16f6d:0x370427e18b1c0ea5","Saturday","9 AM–7 PM"
"0x30e2854cd3b16f6d:0x370427e18b1c0ea5","Sunday","9 AM–7 PM"
"0x30e2854cd3b16f6d:0x370427e18b1c0ea5","Monday","9 AM–7 PM"
"0x30e2854cd3b16f6d:0x370427e18b1c0ea5","Tuesday","9 AM–7 PM"
"0x30e2854cd3b16f6d:0x370427e18b1c0ea5","Wednesday","9 AM–7 PM"
"0x30e2854cd3b16f6d:0x370427e18b1c0ea5","Thursday","Closed"
"0x30e2a5f66cc91af3:0x1e7df30c748439d1","Friday","Closed"
"0x30e2a5f66cc91af3:0x1e7df30c748439d1","Saturday","12–8 PM"
"0x30e2a5f66cc91af3:0x1e7df30c748439d1","Sunday","Closed"
"0x30e2a5f66cc91af3:0x1e7df30c748439d1","Monday","12–8 PM"
"0x30e2a5f66cc91af3:0x1e7df30c748439d1","Tuesday","12–8 PM"
"0x30e2a5f66cc91af3:0x1e7df30c748439d1","Wednesday","12–8 PM"
"0x30e2a5f66cc91af3:0x1e7df30c748439d1","Thursday","12–8 PM"
"0x311d630033b74681:0xac482a7a7ac64ee6","Friday","10 AM–7 PM"
"0x311d630033b74681:0xac482a7a7ac64ee6","Saturday","10 AM–7 PM"
"0x311d630033b74681:0xac482a7a7ac64ee6","Sunday","10 AM–7 PM"
"0x311d630033b74681:0xac482a7a7ac64ee6","Monday","10 AM–7 PM"
"0x311d630033b74681:0xac482a7a7ac64ee6","Tuesday","10 AM–7 PM"
"0x311d630033b74681:0xac482a7a7ac64ee6","Wednesday","10 AM–7 PM"
"0x311d630033b74681:0xac482a7a7ac64ee6","Thursday","10 AM–7 PM"
"0x311d5f453f0faa39:0x5ddf2e2ed2aef6a1","Friday","10 AM–8 PM"
"0x311d5f453f0faa39:0x5ddf2e2ed2aef6a1","Saturday","10 AM–8 PM"
"0x311d5f453f0faa39:0x5ddf2e2ed2aef6a1","Sunday","10 AM–8 PM"
"0x311d5f453f0faa39:0x5ddf2e2ed2aef6a1","Monday","10 AM–8 PM"
"0x311d5f453f0faa39:0x5ddf2e2ed2aef6a1","Tuesday","10 AM–8 PM"
"0x311d5f453f0faa39:0x5ddf2e2ed2aef6a1","Wednesday","10 AM–8 PM"
"0x311d5f453f0faa39:0x5ddf2e2ed2aef6a1","Thursday","10 AM–8 PM"
"0x30e2937093c1b20b:0x504d5d5a2f03b254","Friday","10 AM–7 PM"
"0x30e2937093c1b20b:0x504d5d5a2f03b254","Saturday","10 AM–7 PM"
"0x30e2937093c1b20b:0x504d5d5a2f03b254","Sunday","10 AM–7 PM"
"0x30e2937093c1b20b:0x504d5d5a2f03b254","Monday","10 AM–7 PM"
"0x30e2937093c1b20b:0x504d5d5a2f03b254","Tuesday","10 AM–7 PM"
"0x30e2937093c1b20b:0x504d5d5a2f03b254","Wednesday","10 AM–7 PM"
"0x30e2937093c1b20b:0x504d5d5a2f03b254","Thursday","Closed"
"0x311d63544c827dd3:0xd8aad998724d2aaf","Friday","10 AM–8 PM"
"0x311d63544c827dd3:0xd8aad998724d2aaf","Saturday","10 AM–8 PM"
"0x311d63544c827dd3:0xd8aad998724d2aaf","Sunday","10 AM–8 PM"
"0x311d63544c827dd3:0xd8aad998724d2aaf","Monday","10 AM–8 PM"
"0x311d63544c827dd3:0xd8aad998724d2aaf","Tuesday","10 AM–8 PM"
"0x311d63544c827dd3:0xd8aad998724d2aaf","Wednesday","10 AM–8 PM"
"0x311d63544c827dd3:0xd8aad998724d2aaf","Thursday","10 AM–8 PM"
"0x30e28257e7f469fd:0x177f63fad6cba163","Friday","10 AM–8 PM"
"0x30e28257e7f469fd:0x177f63fad6cba163","Saturday","10 AM–8 PM"
"0x30e28257e7f469fd:0x177f63fad6cba163","Sunday","10 AM–8 PM"
"0x30e28257e7f469fd:0x177f63fad6cba163","Monday","10 AM–8 PM"
"0x30e28257e7f469fd:0x177f63fad6cba163","Tuesday","Closed"
"0x30e28257e7f469fd:0x177f63fad6cba163","Wednesday","10 AM–8 PM"
"0x30e28257e7f469fd:0x177f63fad6cba163","Thursday","10 AM–8 PM"
"0x311d5f61c3746f5b:0x1332a8c9b76263a8","Friday","9 am–6:30 pm"
"0x311d5f61c3746f5b:0x1332a8c9b76263a8","Saturday","9 am–6:30 pm"
"0x311d5f61c3746f5b:0x1332a8c9b76263a8","Sunday","9 am–6:30 pm"
"0x311d5f61c3746f5b:0x1332a8c9b76263a8","Monday","9 am–6:30 pm"
"0x311d5f61c3746f5b:0x1332a8c9b76263a8","Tuesday","9 am–6:30 pm"
"0x311d5f61c3746f5b:0x1332a8c9b76263a8","Wednesday","9 am–6:30 pm"
"0x311d5f61c3746f5b:0x1332a8c9b76263a8","Thursday","9 am–6:30 pm"
"0x311d5ebc2a683695:0xd9ab0d0262b94acb","Friday","10 am–8 pm"
"0x311d5ebc2a683695:0xd9ab0d0262b94acb","Saturday","10 am–8 pm"
"0x311d5ebc2a683695:0xd9ab0d0262b94acb","Sunday","10 am–8 pm"
"0x311d5ebc2a683695:0xd9ab0d0262b94acb","Monday","Closed"
"0x311d5ebc2a683695:0xd9ab0d0262b94acb","Tuesday","10 am–8 pm"
"0x311d5ebc2a683695:0xd9ab0d0262b94acb","Wednesday","10 am–8 pm"
"0x311d5ebc2a683695:0xd9ab0d0262b94acb","Thursday","10 am–8 pm"
"0x30e29179bff897b3:0x56b6a3cdf1f1b550","Friday","10 am–5 pm"
"0x30e29179bff897b3:0x56b6a3cdf1f1b550","Saturday","10 am–3 pm"
"0x30e29179bff897b3:0x56b6a3cdf1f1b550","Sunday","10 am–3 pm"
"0x30e29179bff897b3:0x56b6a3cdf1f1b550","Monday","10 am–5 pm"
"0x30e29179bff897b3:0x56b6a3cdf1f1b550","Tuesday","10 am–5 pm"
"0x30e29179bff897b3:0x56b6a3cdf1f1b550","Wednesday","10 am–5 pm"
"0x30e29179bff897b3:0x56b6a3cdf1f1b550","Thursday","10 am–5 pm"
"0x311d7f2fbc00ec8d:0xc707a77a22c9cc16","Friday","9 am–8 pm"
"0x311d7f2fbc00ec8d:0xc707a77a22c9cc16","Saturday","9 am–8 pm"
"0x311d7f2fbc00ec8d:0xc707a77a22c9cc16","Sunday","9 am–8 pm"
"0x311d7f2fbc00ec8d:0xc707a77a22c9cc16","Monday","9 am–8 pm"
"0x311d7f2fbc00ec8d:0xc707a77a22c9cc16","Tuesday","9 am–8 pm"
"0x311d7f2fbc00ec8d:0xc707a77a22c9cc16","Wednesday","9 am–8 pm"
"0x311d7f2fbc00ec8d:0xc707a77a22c9cc16","Thursday","9 am–8 pm"
"0x311d7ddcce73fa07:0xf5271aa9e21337b3","Friday","10 am–8 pm"
"0x311d7ddcce73fa07:0xf5271aa9e21337b3","Saturday","10 am–8 pm"
"0x311d7ddcce73fa07:0xf5271aa9e21337b3","Sunday","10 am–8 pm"
"0x311d7ddcce73fa07:0xf5271aa9e21337b3","Monday","10 am–8 pm"
"0x311d7ddcce73fa07:0xf5271aa9e21337b3","Tuesday","10 am–8 pm"
"0x311d7ddcce73fa07:0xf5271aa9e21337b3","Wednesday","10 am–8 pm"
"0x311d7ddcce73fa07:0xf5271aa9e21337b3","Thursday","10 am–8 pm"
"0x311d676851836809:0x8cd588611ee23be3","Friday","10 am–8 pm"
"0x311d676851836809:0x8cd588611ee23be3","Saturday","10 am–8 pm"
"0x311d676851836809:0x8cd588611ee23be3","Sunday","10 am–8 pm"
"0x311d676851836809:0x8cd588611ee23be3","Monday","Closed"
"0x311d676851836809:0x8cd588611ee23be3","Tuesday","10 am–8 pm"
"0x311d676851836809:0x8cd588611ee23be3","Wednesday","10 am–8 pm"
"0x311d676851836809:0x8cd588611ee23be3","Thursday","10 am–8 pm"
"0x311d59a50f94dab9:0xe1177500217ab722","Friday","10 am–8 pm"
"0x311d59a50f94dab9:0xe1177500217ab722","Saturday","10 am–8 pm"
"0x311d59a50f94dab9:0xe1177500217ab722","Sunday","10 am–8 pm"
"0x311d59a50f94dab9:0xe1177500217ab722","Monday","10 am–8 pm"
"0x311d59a50f94dab9:0xe1177500217ab722","Tuesday","10 am–8 pm"
"0x311d59a50f94dab9:0xe1177500217ab722","Wednesday","10 am–8 pm"
"0x311d59a50f94dab9:0xe1177500217ab722","Thursday","10 am–8 pm"
"0x311d6725c4ec51b3:0x7a9f47b4f409e308","Friday","9 AM–8 PM"
"0x311d6725c4ec51b3:0x7a9f47b4f409e308","Saturday","9 AM–8 PM"
"0x311d6725c4ec51b3:0x7a9f47b4f409e308","Sunday","9 AM–8 PM"
"0x311d6725c4ec51b3:0x7a9f47b4f409e308","Monday","9 AM–8 PM"
"0x311d6725c4ec51b3:0x7a9f47b4f409e308","Tuesday","9 AM–8 PM"
"0x311d6725c4ec51b3:0x7a9f47b4f409e308","Wednesday","9 AM–8 PM"
"0x311d6725c4ec51b3:0x7a9f47b4f409e308","Thursday","9 AM–8 PM"
"0x30e2b867aaf4ed67:0x7dfadc1daeea417c","Friday","10 am–8 pm"
"0x30e2b867aaf4ed67:0x7dfadc1daeea417c","Saturday","10 am–8 pm"
"0x30e2b867aaf4ed67:0x7dfadc1daeea417c","Sunday","10 am–8 pm"
"0x30e2b867aaf4ed67:0x7dfadc1daeea417c","Monday","10 am–8 pm"
"0x30e2b867aaf4ed67:0x7dfadc1daeea417c","Tuesday","10 am–8 pm"
"0x30e2b867aaf4ed67:0x7dfadc1daeea417c","Wednesday","10 am–8 pm"
"0x30e2b867aaf4ed67:0x7dfadc1daeea417c","Thursday","10 am–8 pm"
"0x30e2824cdef05df1:0x594f4ddc3b6b374b","Friday","10 am–7 pm"
"0x30e2824cdef05df1:0x594f4ddc3b6b374b","Saturday","10 am–7 pm"
"0x30e2824cdef05df1:0x594f4ddc3b6b374b","Sunday","10 am–7 pm"
"0x30e2824cdef05df1:0x594f4ddc3b6b374b","Monday","10 am–7 pm"
"0x30e2824cdef05df1:0x594f4ddc3b6b374b","Tuesday","10 am–7 pm"
"0x30e2824cdef05df1:0x594f4ddc3b6b374b","Wednesday","10 am–7 pm"
"0x30e2824cdef05df1:0x594f4ddc3b6b374b","Thursday","10 am–7 pm"
"0x311d6488097c2f85:0x835c3802654dd41c","Friday","Closed"
"0x311d6488097c2f85:0x835c3802654dd41c","Saturday","8 am–6 pm"
"0x311d6488097c2f85:0x835c3802654dd41c","Sunday","8 am–6 pm"
"0x311d6488097c2f85:0x835c3802654dd41c","Monday","8 am–6 pm"
"0x311d6488097c2f85:0x835c3802654dd41c","Tuesday","8 am–6 pm"
"0x311d6488097c2f85:0x835c3802654dd41c","Wednesday","8 am–6 pm"
"0x311d6488097c2f85:0x835c3802654dd41c","Thursday","8 am–6 pm"
"0x30e28348aa78026f:0x1a7b44f4684b932d","Friday","11 am–9 pm"
"0x30e28348aa78026f:0x1a7b44f4684b932d","Saturday","11 am–9 pm"
"0x30e28348aa78026f:0x1a7b44f4684b932d","Sunday","11 am–9 pm"
"0x30e28348aa78026f:0x1a7b44f4684b932d","Monday","11 am–9 pm"
"0x30e28348aa78026f:0x1a7b44f4684b932d","Tuesday","11 am–9 pm"
"0x30e28348aa78026f:0x1a7b44f4684b932d","Wednesday","11 am–9 pm"
"0x30e28348aa78026f:0x1a7b44f4684b932d","Thursday","11 am–9 pm"
"0x311d675ae8e88b9f:0x911a99792c73c42f","Friday","9 am–8 pm"
"0x311d675ae8e88b9f:0x911a99792c73c42f","Saturday","9 am–8 pm"
"0x311d675ae8e88b9f:0x911a99792c73c42f","Sunday","9 am–8 pm"
"0x311d675ae8e88b9f:0x911a99792c73c42f","Monday","9 am–8 pm"
"0x311d675ae8e88b9f:0x911a99792c73c42f","Tuesday","9 am–8 pm"
"0x311d675ae8e88b9f:0x911a99792c73c42f","Wednesday","Closed"
"0x311d675ae8e88b9f:0x911a99792c73c42f","Thursday","9 am–8 pm"
"0x30e283f8c6c6c6d1:0xa876aaa512390c73","Friday","10:30 am–8 pm"
"0x30e283f8c6c6c6d1:0xa876aaa512390c73","Saturday","10:30 am–8 pm"
"0x30e283f8c6c6c6d1:0xa876aaa512390c73","Sunday","10:30 am–8 pm"
"0x30e283f8c6c6c6d1:0xa876aaa512390c73","Monday","10:30 am–8 pm"
"0x30e283f8c6c6c6d1:0xa876aaa512390c73","Tuesday","10:30 am–8 pm"
"0x30e283f8c6c6c6d1:0xa876aaa512390c73","Wednesday","10:30 am–8 pm"
"0x30e283f8c6c6c6d1:0xa876aaa512390c73","Thursday","10:30 am–8 pm"
"0x311d6122a026956f:0x8d2a1bbbb5baf6d0","Friday","10 am–6 pm"
"0x311d6122a026956f:0x8d2a1bbbb5baf6d0","Saturday","10 am–6 pm"
"0x311d6122a026956f:0x8d2a1bbbb5baf6d0","Sunday","10 am–6 pm"
"0x311d6122a026956f:0x8d2a1bbbb5baf6d0","Monday","10 am–6 pm"
"0x311d6122a026956f:0x8d2a1bbbb5baf6d0","Tuesday","10 am–6 pm"
"0x311d6122a026956f:0x8d2a1bbbb5baf6d0","Wednesday","10 am–6 pm"
"0x311d6122a026956f:0x8d2a1bbbb5baf6d0","Thursday","Closed"
"0x311d5f57288489d3:0x68a85d39e2cc1cd4","Friday","10 am–8 pm"
"0x311d5f57288489d3:0x68a85d39e2cc1cd4","Saturday","10 am–8 pm"
"0x311d5f57288489d3:0x68a85d39e2cc1cd4","Sunday","10 am–8 pm"
"0x311d5f57288489d3:0x68a85d39e2cc1cd4","Monday","10 am–8 pm"
"0x311d5f57288489d3:0x68a85d39e2cc1cd4","Tuesday","10 am–8 pm"
"0x311d5f57288489d3:0x68a85d39e2cc1cd4","Wednesday","10 am–8 pm"
"0x311d5f57288489d3:0x68a85d39e2cc1cd4","Thursday","10 am–8 pm"
"0x30e295002f7f78cf:0x5dc93f2b8b795d10","Friday","9 AM–7 PM"
"0x30e295002f7f78cf:0x5dc93f2b8b795d10","Saturday","9 AM–7 PM"
"0x30e295002f7f78cf:0x5dc93f2b8b795d10","Sunday","9 AM–7 PM"
"0x30e295002f7f78cf:0x5dc93f2b8b795d10","Monday","9 AM–7 PM"
"0x30e295002f7f78cf:0x5dc93f2b8b795d10","Tuesday","9 AM–7 PM"
"0x30e295002f7f78cf:0x5dc93f2b8b795d10","Wednesday","9 AM–7 PM"
"0x30e295002f7f78cf:0x5dc93f2b8b795d10","Thursday","9 AM–7 PM"
"0x311d7f011d0153af:0xd9bfecf3027a3310","Friday","10 AM–8 PM"
"0x311d7f011d0153af:0xd9bfecf3027a3310","Saturday","10 AM–8 PM"
"0x311d7f011d0153af:0xd9bfecf3027a3310","Sunday","10 AM–8 PM"
"0x311d7f011d0153af:0xd9bfecf3027a3310","Monday","10 AM–8 PM"
"0x311d7f011d0153af:0xd9bfecf3027a3310","Tuesday","10 AM–8 PM"
"0x311d7f011d0153af:0xd9bfecf3027a3310","Wednesday","10 AM–8 PM"
"0x311d7f011d0153af:0xd9bfecf3027a3310","Thursday","10 AM–8 PM"
"0x311d7d49ce36cf93:0x65e0b216803b7fc5","Friday","9:30 AM–8 PM"
"0x311d7d49ce36cf93:0x65e0b216803b7fc5","Saturday","9:30 AM–8 PM"
"0x311d7d49ce36cf93:0x65e0b216803b7fc5","Sunday","9:30 AM–8 PM"
"0x311d7d49ce36cf93:0x65e0b216803b7fc5","Monday","9:30 AM–8 PM"
"0x311d7d49ce36cf93:0x65e0b216803b7fc5","Tuesday","9:30 AM–8 PM"
"0x311d7d49ce36cf93:0x65e0b216803b7fc5","Wednesday","9:30 AM–8 PM"
"0x311d7d49ce36cf93:0x65e0b216803b7fc5","Thursday","9:30 AM–8 PM"
"0x311d60a805ab2af9:0xabf612be9dee2d51","Friday","5–7:30 PM"
"0x311d60a805ab2af9:0xabf612be9dee2d51","Saturday","Closed"
"0x311d60a805ab2af9:0xabf612be9dee2d51","Sunday","5–7:30 PM"
"0x311d60a805ab2af9:0xabf612be9dee2d51","Monday","5–7:30 PM"
"0x311d60a805ab2af9:0xabf612be9dee2d51","Tuesday","5–7:30 PM"
"0x311d60a805ab2af9:0xabf612be9dee2d51","Wednesday","5–7 PM"
"0x311d60a805ab2af9:0xabf612be9dee2d51","Thursday","5–7:30 PM"
"0x30e2bc4ea4ea50cd:0xc4a5fcd6549d1e06","Friday","8 AM–7:30 PM"
"0x30e2bc4ea4ea50cd:0xc4a5fcd6549d1e06","Saturday","Closed"
"0x30e2bc4ea4ea50cd:0xc4a5fcd6549d1e06","Sunday","Closed"
"0x30e2bc4ea4ea50cd:0xc4a5fcd6549d1e06","Monday","8 AM–7:30 PM"
"0x30e2bc4ea4ea50cd:0xc4a5fcd6549d1e06","Tuesday","8 AM–7:30 PM"
"0x30e2bc4ea4ea50cd:0xc4a5fcd6549d1e06","Wednesday","8 AM–7:30 PM"
"0x30e2bc4ea4ea50cd:0xc4a5fcd6549d1e06","Thursday","8 AM–7:30 PM"
"0x30e2950079824883:0x260a8d3b5e99e214","Friday","11 am–7 pm"
"0x30e2950079824883:0x260a8d3b5e99e214","Saturday","11 am–7 pm"
"0x30e2950079824883:0x260a8d3b5e99e214","Sunday","11 am–7 pm"
"0x30e2950079824883:0x260a8d3b5e99e214","Monday","Closed"
"0x30e2950079824883:0x260a8d3b5e99e214","Tuesday","11 am–7 pm"
"0x30e2950079824883:0x260a8d3b5e99e214","Wednesday","11 am–7 pm"
"0x30e2950079824883:0x260a8d3b5e99e214","Thursday","11 am–7 pm"
"0x30e295caf602b759:0x94653e6aeb75f2f9","Friday","10 am–8 pm"
"0x30e295caf602b759:0x94653e6aeb75f2f9","Saturday","10 am–8 pm"
"0x30e295caf602b759:0x94653e6aeb75f2f9","Sunday","Closed"
"0x30e295caf602b759:0x94653e6aeb75f2f9","Monday","10 am–8 pm"
"0x30e295caf602b759:0x94653e6aeb75f2f9","Tuesday","10 am–8 pm"
"0x30e295caf602b759:0x94653e6aeb75f2f9","Wednesday","10 am–8 pm"
"0x30e295caf602b759:0x94653e6aeb75f2f9","Thursday","10 am–8 pm"
"0x311d59c940abf6a5:0xcac80c90bdc677e8","Friday","11 AM–8 PM"
"0x311d59c940abf6a5:0xcac80c90bdc677e8","Saturday","9:30 AM–5 PM"
"0x311d59c940abf6a5:0xcac80c90bdc677e8","Sunday","9:30 AM–5 PM"
"0x311d59c940abf6a5:0xcac80c90bdc677e8","Monday","11 AM–8 PM"
"0x311d59c940abf6a5:0xcac80c90bdc677e8","Tuesday","11 AM–8 PM"
"0x311d59c940abf6a5:0xcac80c90bdc677e8","Wednesday","Closed"
"0x311d59c940abf6a5:0xcac80c90bdc677e8","Thursday","11 AM–8 PM"
"0x30e2be0477008d23:0x5a7d3d5b68d57ca0","Friday","9 am–8 pm"
"0x30e2be0477008d23:0x5a7d3d5b68d57ca0","Saturday","9 am–8 pm"
"0x30e2be0477008d23:0x5a7d3d5b68d57ca0","Sunday","9 am–8 pm"
"0x30e2be0477008d23:0x5a7d3d5b68d57ca0","Monday","9 am–8 pm"
"0x30e2be0477008d23:0x5a7d3d5b68d57ca0","Tuesday","9 am–8 pm"
"0x30e2be0477008d23:0x5a7d3d5b68d57ca0","Wednesday","Closed"
"0x30e2be0477008d23:0x5a7d3d5b68d57ca0","Thursday","9 am–8 pm"
"0x30e2bf78a0feb7db:0x1e1c7ba51a1feaa1","Friday","9 am–7 pm"
"0x30e2bf78a0feb7db:0x1e1c7ba51a1feaa1","Saturday","9 am–7 pm"
"0x30e2bf78a0feb7db:0x1e1c7ba51a1feaa1","Sunday","9 am–7 pm"
"0x30e2bf78a0feb7db:0x1e1c7ba51a1feaa1","Monday","9 am–7 pm"
"0x30e2bf78a0feb7db:0x1e1c7ba51a1feaa1","Tuesday","9 am–7 pm"
"0x30e2bf78a0feb7db:0x1e1c7ba51a1feaa1","Wednesday","9 am–7 pm"
"0x30e2bf78a0feb7db:0x1e1c7ba51a1feaa1","Thursday","9 am–7 pm"
"0x30e28112bb77f09d:0x65b6d45d05477bce","Friday","10 AM–8 PM"
"0x30e28112bb77f09d:0x65b6d45d05477bce","Saturday","10 AM–8 PM"
"0x30e28112bb77f09d:0x65b6d45d05477bce","Sunday","10 AM–8 PM"
"0x30e28112bb77f09d:0x65b6d45d05477bce","Monday","10 AM–8 PM"
"0x30e28112bb77f09d:0x65b6d45d05477bce","Tuesday","10 AM–8 PM"
"0x30e28112bb77f09d:0x65b6d45d05477bce","Wednesday","10 AM–8 PM"
"0x30e28112bb77f09d:0x65b6d45d05477bce","Thursday","10 AM–8 PM"
"0x311d59999f2de749:0xc31b63e3340d384e","Friday","10 AM–8 PM"
"0x311d59999f2de749:0xc31b63e3340d384e","Saturday","10 AM–8 PM"
"0x311d59999f2de749:0xc31b63e3340d384e","Sunday","10 AM–8 PM"
"0x311d59999f2de749:0xc31b63e3340d384e","Monday","10 AM–8 PM"
"0x311d59999f2de749:0xc31b63e3340d384e","Tuesday","10 AM–8 PM"
"0x311d59999f2de749:0xc31b63e3340d384e","Wednesday","10 AM–8 PM"
"0x311d59999f2de749:0xc31b63e3340d384e","Thursday","10 AM–8 PM"
"0x30e282678e174063:0x639d4239e2ef40c0","Friday","10 AM–8 PM"
"0x30e282678e174063:0x639d4239e2ef40c0","Saturday","10 AM–8 PM"
"0x30e282678e174063:0x639d4239e2ef40c0","Sunday","10 AM–8 PM"
"0x30e282678e174063:0x639d4239e2ef40c0","Monday","10 AM–8 PM"
"0x30e282678e174063:0x639d4239e2ef40c0","Tuesday","10 AM–8 PM"
"0x30e282678e174063:0x639d4239e2ef40c0","Wednesday","Closed"
"0x30e282678e174063:0x639d4239e2ef40c0","Thursday","10 AM–8 PM"
"0x311d66a3395b2149:0x145349b7b3e0da70","Friday","8 AM–8 PM"
"0x311d66a3395b2149:0x145349b7b3e0da70","Saturday","8 AM–12 PM"
"0x311d66a3395b2149:0x145349b7b3e0da70","Sunday","8 AM–12 PM"
"0x311d66a3395b2149:0x145349b7b3e0da70","Monday","8 AM–8 PM"
"0x311d66a3395b2149:0x145349b7b3e0da70","Tuesday","8 AM–8 PM"
"0x311d66a3395b2149:0x145349b7b3e0da70","Wednesday","8 AM–8 PM"
"0x311d66a3395b2149:0x145349b7b3e0da70","Thursday","8 AM–8 PM"
"0x30e29667f52984e3:0x6c70e4f2c8b929bf","Friday","10 am–8 pm"
"0x30e29667f52984e3:0x6c70e4f2c8b929bf","Saturday","10 am–8 pm"
"0x30e29667f52984e3:0x6c70e4f2c8b929bf","Sunday","10 am–8 pm"
"0x30e29667f52984e3:0x6c70e4f2c8b929bf","Monday","Closed"
"0x30e29667f52984e3:0x6c70e4f2c8b929bf","Tuesday","10 am–8 pm"
"0x30e29667f52984e3:0x6c70e4f2c8b929bf","Wednesday","10 am–8 pm"
"0x30e29667f52984e3:0x6c70e4f2c8b929bf","Thursday","10 am–8 pm"
"0x311d5f3287922d55:0x1e7cc228e2b80cb7","Friday","11 am–7:30 pm"
"0x311d5f3287922d55:0x1e7cc228e2b80cb7","Saturday","11 am–7:30 pm"
"0x311d5f3287922d55:0x1e7cc228e2b80cb7","Sunday","11 am–7:30 pm"
"0x311d5f3287922d55:0x1e7cc228e2b80cb7","Monday","11 am–7:30 pm"
"0x311d5f3287922d55:0x1e7cc228e2b80cb7","Tuesday","11 am–7:30 pm"
"0x311d5f3287922d55:0x1e7cc228e2b80cb7","Wednesday","11 am–7:30 pm"
"0x311d5f3287922d55:0x1e7cc228e2b80cb7","Thursday","11 am–7:30 pm"
"0x311d7dd283f688e3:0x504cdcbb592c54dc","Friday","10:30 am–8 pm"
"0x311d7dd283f688e3:0x504cdcbb592c54dc","Saturday","10:30 am–8 pm"
"0x311d7dd283f688e3:0x504cdcbb592c54dc","Sunday","10:30 am–8 pm"
"0x311d7dd283f688e3:0x504cdcbb592c54dc","Monday","10:30 am–8 pm"
"0x311d7dd283f688e3:0x504cdcbb592c54dc","Tuesday","10:30 am–8 pm"
"0x311d7dd283f688e3:0x504cdcbb592c54dc","Wednesday","10:30 am–8 pm"
"0x311d7dd283f688e3:0x504cdcbb592c54dc","Thursday","10:30 am–8 pm"
"0x30e2825b2ecd38d5:0xfb0718a9eda907e8","Friday","10 am–10 pm"
"0x30e2825b2ecd38d5:0xfb0718a9eda907e8","Saturday","10 am–10 pm"
"0x30e2825b2ecd38d5:0xfb0718a9eda907e8","Sunday","10 am–10 pm"
"0x30e2825b2ecd38d5:0xfb0718a9eda907e8","Monday","10 am–10 pm"
"0x30e2825b2ecd38d5:0xfb0718a9eda907e8","Tuesday","10 am–10 pm"
"0x30e2825b2ecd38d5:0xfb0718a9eda907e8","Wednesday","10 am–10 pm"
"0x30e2825b2ecd38d5:0xfb0718a9eda907e8","Thursday","10 am–10 pm"
"0x30e2846bd6960a5f:0xb437d44621f46000","Friday","1–7 pm"
"0x30e2846bd6960a5f:0xb437d44621f46000","Saturday","9 am–5:30 pm"
"0x30e2846bd6960a5f:0xb437d44621f46000","Sunday","Closed"
"0x30e2846bd6960a5f:0xb437d44621f46000","Monday","1–7 pm"
"0x30e2846bd6960a5f:0xb437d44621f46000","Tuesday","5–7 pm"
"0x30e2846bd6960a5f:0xb437d44621f46000","Wednesday","1–7 pm"
"0x30e2846bd6960a5f:0xb437d44621f46000","Thursday","1–7 pm"
"0x30e2954afee93dc7:0x271f1e3a13e539e0","Friday","10 am–7:30 pm"
"0x30e2954afee93dc7:0x271f1e3a13e539e0","Saturday","10 am–7:30 pm"
"0x30e2954afee93dc7:0x271f1e3a13e539e0","Sunday","10 am–7:30 pm"
"0x30e2954afee93dc7:0x271f1e3a13e539e0","Monday","10 am–7:30 pm"
"0x30e2954afee93dc7:0x271f1e3a13e539e0","Tuesday","10 am–7:30 pm"
"0x30e2954afee93dc7:0x271f1e3a13e539e0","Wednesday","Closed"
"0x30e2954afee93dc7:0x271f1e3a13e539e0","Thursday","10 am–7:30 pm"
