"place_id","name","primary_type","formatted_address","plus_code","latitude","longitude","phone","website","menu_url","rating","total_reviews","price_level","price_symbol","business_status","editorial_summary","maps_url"
"0x30e29ecdf9a9017d:0x6ae1c956b3af6f91","BIDC Dental Clinic @ Siam Paragon","Dental clinic","
Room 232 991, 991 Phloen Chit Rd, Pathum Wan, Bangkok 10330, Thailand","PGXM+5X Bangkok, Thailand","","","+66 95 210 6871","https://bangkokdentalcenter.com/","","4.8","363","","","Open","","https://www.google.com/maps/place/BIDC+Dental+Clinic+@+Siam+Paragon/data=!4m7!3m6!1s0x30e29ecdf9a9017d:0x6ae1c956b3af6f91!8m2!3d13.7478778!4d100.5349216!16s%2Fg%2F1hd_7h1xk!19sChIJfQGp-c2e4jARkW-vs1bJ4Wo?authuser=0&hl=en&rclk=1"
"0x30e29f46682a2015:0xf3a3841789d66c75","Chidlom Skytrain Dental Clinic","Dental clinic","
993-995 Bangkok 10330, Thailand","PGVV+M5 Bangkok, Thailand","","","+66 92 466 3226","https://www.skytraindental.com/th/branches/chidlomskytraindental/","","4.9","943","","","Open","","https://www.google.com/maps/place/Chidlom+Skytrain+Dental+Clinic/data=!4m7!3m6!1s0x30e29f46682a2015:0xf3a3841789d66c75!8m2!3d13.7442369!4d100.5429416!16s%2Fg%2F11lgr7v7fk!19sChIJFSAqaEaf4jARdWzWiReEo_M?authuser=0&hl=en&rclk=1"
"0x30e29edb6c9a1703:0x464dd5d6269cafec","Happy Smile Dental Clinic","Dental clinic","
518/5 Floor 2 Maneeya Center Bldg.,, Ploenchit,Bangkok, 10330, 10330, Thailand","PGVR+8R Bangkok, Thailand","","","+66 87 717 9272","","","4.9","107","","","Open","","https://www.google.com/maps/place/Happy+Smile+Dental+Clinic/data=!4m7!3m6!1s0x30e29edb6c9a1703:0x464dd5d6269cafec!8m2!3d13.7433141!4d100.542012!16s%2Fg%2F1hc0xlsfs!19sChIJAxeabNue4jAR7K-cJtbVTUY?authuser=0&hl=en&rclk=1"
"0x30e29f4d1720ed8f:0x4ad780aff5b73300","About Tooth Next Dental Clinic ( Siam Square Branch)","Dental clinic","
215 ชั้น 8 อาคาร Siam scape ห้องเลขที่ 803, Phaya Thai Rd, Pathum Wan, Bangkok 10330, Thailand","PGVJ+V8 Bangkok, Thailand","","","+66 87 555 4665","http://www.abouttoothdental.com/","","4.9","264","","","Open","","https://www.google.com/maps/place/About+Tooth+Next+Dental+Clinic+%28+Siam+Square+Branch%29/data=!4m7!3m6!1s0x30e29f4d1720ed8f:0x4ad780aff5b73300!8m2!3d13.744695!4d100.5307738!16s%2Fg%2F11q1jrvg9b!19sChIJj-0gF02f4jARADO39a-A10o?authuser=0&hl=en&rclk=1"
"0x30e29f43865abc87:0x191346c42e38d53c","PLUS Dental Clinic Siam SquareOne","Dental clinic","
430 14 ล็อค 49 Siam Square Soi 7, Khwaeng Pathum Wan, Pathum Wan, Bangkok 10330, Thailand","PGVM+J4 Bangkok, Thailand","","","+66 82 367 3372","https://www.plusdentalclinic.com/","","4.8","526","","","Open","","https://www.google.com/maps/place/PLUS+Dental+Clinic+Siam+SquareOne/data=!4m7!3m6!1s0x30e29f43865abc87:0x191346c42e38d53c!8m2!3d13.744069!4d100.5327548!16s%2Fg%2F11swt_bsnw!19sChIJh7xahkOf4jARPNU4LsRGExk?authuser=0&hl=en&rclk=1"
"0x30e29fda9acae28b:0x7f885c72fc1ee8c3","Omakase Smile Dental Clinic","Dental clinic","
53 Phaya Thai Rd, Thanon Phaya Thai, Ratchathewi, Bangkok 10400, Thailand","QG4M+RQ Bangkok, Thailand","","","+66 84 249 2699","http://www.omakasesmiledentalclinic.com/","","4.8","193","","","Open","","https://www.google.com/maps/place/Omakase+Smile+Dental+Clinic/data=!4m7!3m6!1s0x30e29fda9acae28b:0x7f885c72fc1ee8c3!8m2!3d13.7570225!4d100.5344791!16s%2Fg%2F11sc_mxg5k!19sChIJi-LKmtqf4jARw-ge_HJciH8?authuser=0&hl=en&rclk=1"
"0x30e29e518b9c7673:0x1ccc26fbb21f0d37","COSDENT สาขา เกษร","Dental clinic","
ชั้น 10 ยูนิต F, Cosdent Gaysorn Tower, 127 Ratchadamri Rd, Khwaeng Lumphini, Pathum Wan, Bangkok 10330, Thailand","PGWR+98 Bangkok, Thailand","","","+66 2 666 9499","https://www.cosdentbyslc.com/","","4.8","25","","","Open","","https://www.google.com/maps/place/COSDENT+%E0%B8%AA%E0%B8%B2%E0%B8%82%E0%B8%B2+%E0%B9%80%E0%B8%81%E0%B8%A9%E0%B8%A3/data=!4m7!3m6!1s0x30e29e518b9c7673:0x1ccc26fbb21f0d37!8m2!3d13.7459941!4d100.5408632!16s%2Fg%2F11b7xsb0gn!19sChIJc3aci1Ge4jARNw0fsvsmzBw?authuser=0&hl=en&rclk=1"
"0x30e29eb5e4b8deef:0x7ed6f4b8a49d3e5a","SMILE & CO. dental clinic คลินิกทันตกรรม จัดฟัน รากฟันเทียม","Dental clinic","
3rd Floor, Wannasorn Tower, Phaya Thai Rd, Thanon Phaya Thai, Ratchathewi, Bangkok 10400, Thailand","QG5M+7X Bangkok, Thailand","","","+66 82 787 7444","http://smileandcodentalclinic.com/","","4.9","272","","","Open","","https://www.google.com/maps/place/SMILE+%26+CO.+dental+clinic+%E0%B8%84%E0%B8%A5%E0%B8%B4%E0%B8%99%E0%B8%B4%E0%B8%81%E0%B8%97%E0%B8%B1%E0%B8%99%E0%B8%95%E0%B8%81%E0%B8%A3%E0%B8%A3%E0%B8%A1+%E0%B8%88%E0%B8%B1%E0%B8%94%E0%B8%9F%E0%B8%B1%E0%B8%99+%E0%B8%A3%E0%B8%B2%E0%B8%81%E0%B8%9F%E0%B8%B1%E0%B8%99%E0%B9%80%E0%B8%97%E0%B8%B5%E0%B8%A2%E0%B8%A1/data=!4m7!3m6!1s0x30e29eb5e4b8deef:0x7ed6f4b8a49d3e5a!8m2!3d13.758154!4d100.534899!16s%2Fg%2F11d_tmmk4w!19sChIJ79645LWe4jARWj6dpLj01n4?authuser=0&hl=en&rclk=1"
"0x30e29faa3ba38cf7:0xfb8170b1c7a0a3a5","Dental Wellness Clinic","Dental clinic","
Floor 6, BDMS Wellness Clinic, 2/4 Witthayu Rd, Khwaeng Lumphini, Pathum Wan, Bangkok 10330, Thailand","PGWX+R5 Bangkok, Thailand","","","+66 2 826 9986","https://www.bdmswellness.com/clinics-services/dental-wellness-clinic","","5.0","361","","","Open","","https://www.google.com/maps/place/Dental+Wellness+Clinic/data=!4m7!3m6!1s0x30e29faa3ba38cf7:0xfb8170b1c7a0a3a5!8m2!3d13.7470017!4d100.5479573!16s%2Fg%2F11h563pbsz!19sChIJ94yjO6qf4jARpaOgx7Fwgfs?authuser=0&hl=en&rclk=1"
"0x30e29edc953d2431:0xf79aee45324b2d6e","Art Dental Studio clinic","Dental clinic","
55, Wave Place Bld., Floor G, Unit 101, Wireless Road, Lumpini, Khet Pathumwan, Bangkok, 10330, Thailand","PGVX+G4 Bangkok, Thailand","","","+66 2 655 0919","http://www.artdentalstudiosclinic.com/","","4.9","182","","","Open","","https://www.google.com/maps/place/Art+Dental+Studio+clinic/data=!4m7!3m6!1s0x30e29edc953d2431:0xf79aee45324b2d6e!8m2!3d13.743783!4d100.547816!16s%2Fg%2F1pzr44dl4!19sChIJMSQ9ldye4jARbi1LMkXumvc?authuser=0&hl=en&rclk=1"
"0x30e299873d6699cb:0x23879a38a762e594","Homey Dental Clinic - I'm Park Chula","Pediatric dentist","
Impark จุฬา 353 355 Thanon Charoen Mueang, Wang Mai, Bangkok 10330, Thailand","PGQG+X3 Bangkok, Thailand","","","+66 82 939 9499","https://homeydentalclinic.com/","","5.0","631","","","Open","","https://www.google.com/maps/place/Homey+Dental+Clinic+-+I%27m+Park+Chula/data=!4m7!3m6!1s0x30e299873d6699cb:0x23879a38a762e594!8m2!3d13.7399384!4d100.525232!16s%2Fg%2F11qrz_zxnv!19sChIJy5lmPYeZ4jARlOVipziahyM?authuser=0&hl=en&rclk=1"
"0x30e299cdf1295d95:0x1a102078e61ef61a","Crystal Dental Clinic (Samyan-Chula) คลินิกทันตกรรมคริสตัล (สามย่าน-จุฬา)","Dental clinic","
1501 ถ.พระราม4 (ถัดจากปากซอยจุฬา 11) แขวงวังใหม่ เขตปทุมวัน กทม 10330 Wangmai, Pathum Wan, Bangkok 10330, Thailand","PGMG+JF Bangkok, Thailand","","","+66 96 991 9467","https://crystaldentalth.com/","","5.0","554","","","Open","","https://www.google.com/maps/place/Crystal+Dental+Clinic+%28Samyan-Chula%29+%E0%B8%84%E0%B8%A5%E0%B8%B4%E0%B8%99%E0%B8%B4%E0%B8%81%E0%B8%97%E0%B8%B1%E0%B8%99%E0%B8%95%E0%B8%81%E0%B8%A3%E0%B8%A3%E0%B8%A1%E0%B8%84%E0%B8%A3%E0%B8%B4%E0%B8%AA%E0%B8%95%E0%B8%B1%E0%B8%A5+%28%E0%B8%AA%E0%B8%B2%E0%B8%A1%E0%B8%A2%E0%B9%88%E0%B8%B2%E0%B8%99-%E0%B8%88%E0%B8%B8%E0%B8%AC%E0%B8%B2%29/data=!4m7!3m6!1s0x30e299cdf1295d95:0x1a102078e61ef61a!8m2!3d13.7340642!4d100.5262005!16s%2Fg%2F11pd1vz158!19sChIJlV0p8c2Z4jARGvYe5nggEBo?authuser=0&hl=en&rclk=1"
"0x30e29ee7cbc72ab5:0x102d0ec0bc20f26e","Bangkok Smile MALO Clinic in Nana Bangkok, Thailand","Dental clinic","
MedAsia Healthcare Complex 14 Sukhumvit Rd, Khlong Toei Nuea, Subdistrict Bangkok 10110, Thailand","PHV3+HV Bangkok, Thailand","","","+66 2 105 4288","https://www.bangkoksmiledental.com/","","4.8","726","","","Open","","https://www.google.com/maps/place/Bangkok+Smile+MALO+Clinic+in+Nana+Bangkok,+Thailand/data=!4m7!3m6!1s0x30e29ee7cbc72ab5:0x102d0ec0bc20f26e!8m2!3d13.7439951!4d100.5546601!16s%2Fg%2F12q4x02ps!19sChIJtSrHy-ee4jARbvIgvMAOLRA?authuser=0&hl=en&rclk=1"
"0x30e29fd2ecad0965:0x8b6f9d8b6964df36","ID Dental Clinic เซ็นจูรี่ อนุสาวรีย์ชัย","Dental clinic","
15 ห้างเซ็นจูรี่ เดอะมูฟวี่ พลาซ่า ห้อง 310 ชั้น 2 Bangkok 10400, Thailand","QG6P+MV Bangkok, Thailand","","","+66 65 536 6696","","","5.0","21","","","Open","","https://www.google.com/maps/place/ID+Dental+Clinic+%E0%B9%80%E0%B8%8B%E0%B9%87%E0%B8%99%E0%B8%88%E0%B8%B9%E0%B8%A3%E0%B8%B5%E0%B9%88+%E0%B8%AD%E0%B8%99%E0%B8%B8%E0%B8%AA%E0%B8%B2%E0%B8%A7%E0%B8%A3%E0%B8%B5%E0%B8%A2%E0%B9%8C%E0%B8%8A%E0%B8%B1%E0%B8%A2/data=!4m7!3m6!1s0x30e29fd2ecad0965:0x8b6f9d8b6964df36!8m2!3d13.7616982!4d100.5371704!16s%2Fg%2F11mld88yzl!19sChIJZQmt7NKf4jARNt9kaYudb4s?authuser=0&hl=en&rclk=1"
"0x30e29ee3fcde0d4f:0x53bdc29addeb68f8","MOS Dental Clinic Sukhumvit-Nana คลินิกทันตกรรม มอสเดนทัล สุขุมวิท-นานา","Dental clinic","
208 Sukhumvit Rd, Khlong Toei, Watthana, Bangkok 10110, Thailand","PHQ5+C4 Bangkok, Thailand","","","+66 83 889 5914","http://www.mosdentalclinic.com/","","4.8","361","","","Open","","https://www.google.com/maps/place/MOS+Dental+Clinic+Sukhumvit-Nana+%E0%B8%84%E0%B8%A5%E0%B8%B4%E0%B8%99%E0%B8%B4%E0%B8%81%E0%B8%97%E0%B8%B1%E0%B8%99%E0%B8%95%E0%B8%81%E0%B8%A3%E0%B8%A3%E0%B8%A1+%E0%B8%A1%E0%B8%AD%E0%B8%AA%E0%B9%80%E0%B8%94%E0%B8%99%E0%B8%97%E0%B8%B1%E0%B8%A5+%E0%B8%AA%E0%B8%B8%E0%B8%82%E0%B8%B8%E0%B8%A1%E0%B8%A7%E0%B8%B4%E0%B8%97-%E0%B8%99%E0%B8%B2%E0%B8%99%E0%B8%B2/data=!4m7!3m6!1s0x30e29ee3fcde0d4f:0x53bdc29addeb68f8!8m2!3d13.7385796!4d100.557859!16s%2Fg%2F11gf9n9_jj!19sChIJTw3e_OOe4jAR-Gjr3ZrCvVM?authuser=0&hl=en&rclk=1"
"0x30e29eba0bd98991:0xff406a3fd4ecfbfd","Smile Land Dental Clinic","Dental clinic","
491 Ratchawithi Rd, Thanon Phaya Thai, Ratchathewi, Bangkok 10400, Thailand","QG7R+H8 Bangkok, Thailand","","","+66 80 937 7264","http://www.facebook.com/SmilelandDent","","5.0","196","","","Open","","https://www.google.com/maps/place/Smile+Land+Dental+Clinic/data=!4m7!3m6!1s0x30e29eba0bd98991:0xff406a3fd4ecfbfd!8m2!3d13.7639649!4d100.5407868!16s%2Fg%2F11r9t4rkw!19sChIJkYnZC7qe4jAR_fvs1D9qQP8?authuser=0&hl=en&rclk=1"
"0x30e29f1d06306cd7:0xe27cd8aefcedc63f","Bright Smile Dental Clinic","Dental clinic","
4 Sukhumvit Rd, Khlong Toei Nuea, Watthana, Bangkok 10110, Thailand","PHV3+47 Bangkok, Thailand","","","+66 86 556 5665","","","4.6","60","","","Open","","https://www.google.com/maps/place/Bright+Smile+Dental+Clinic/data=!4m7!3m6!1s0x30e29f1d06306cd7:0xe27cd8aefcedc63f!8m2!3d13.7428618!4d100.5532331!16s%2Fg%2F11fp50t_8k!19sChIJ12wwBh2f4jARP8bt_K7YfOI?authuser=0&hl=en&rclk=1"
"0x30e29ee3c28c5107:0x1557ff5f4d15a0f8","Plus Dental Clinic","Dental clinic","
อาคารไทมส์ สแควร์ 246 Sukhumvit Rd, Khwaeng Khlong Toei, Khlong Toei, Bangkok 10110, Thailand","PHQ5+3G Bangkok, Thailand","","","+66 82 379 9798","http://www.plusdentalclinic.com/","","4.7","724","","","Open","","https://www.google.com/maps/place/Plus+Dental+Clinic/data=!4m7!3m6!1s0x30e29ee3c28c5107:0x1557ff5f4d15a0f8!8m2!3d13.737737!4d100.558794!16s%2Fg%2F11gdkwwxmz!19sChIJB1GMwuOe4jAR-KAVTV__VxU?authuser=0&hl=en&rclk=1"
"0x30e299f87099204d:0xc851366660138176","Clover by SD Clinic","Dental clinic","
188, 22 Soi Chulalongkorn 5, Wang Mai, Pathum Wan, Bangkok 10330, Thailand","PGRF+8J Bangkok, Thailand","","","+66 88 961 9459","https://www.cloverbysd.com/","","5.0","79","","","Open","","https://www.google.com/maps/place/Clover+by+SD+Clinic/data=!4m7!3m6!1s0x30e299f87099204d:0xc851366660138176!8m2!3d13.7407675!4d100.5240567!16s%2Fg%2F11lg2m1_k1!19sChIJTSCZcPiZ4jARdoETYGY2Ucg?authuser=0&hl=en&rclk=1"
"0x30e29ed2ed14dbef:0xc0a5c2c088071136","M.D.Clinic","Medical clinic","
444 อาคาร Mbk MD CLINIC (mbk Phaya Thai Rd, Wang Mai, Pathum Wan, Bangkok 10330, Thailand","PGVJ+G3 Bangkok, Thailand","","","+66 82 058 8788","","","4.6","29","","","Open","","https://www.google.com/maps/place/M.D.Clinic/data=!4m7!3m6!1s0x30e29ed2ed14dbef:0xc0a5c2c088071136!8m2!3d13.7438504!4d100.5301445!16s%2Fg%2F1v_0g6gj!19sChIJ79sU7dKe4jARNhEHiMDCpcA?authuser=0&hl=en&rclk=1"
"0x30e29f0036d696d5:0x1526128f060e08d1","Evercare Dental Clinic - คลินิกทันตกรรมเอเวอร์แคร์เดนทัล","Dental clinic","
130-132, G floor, Unit 3, Siam Commercial Bank Sindhorn Building, Witthayu Rd, Lumphini, Pathum Wan, Bangkok 10330, Thailand","PGPW+85 Bangkok, Thailand","","","+66 85 991 5159","","","5.0","137","","","Open","","https://www.google.com/maps/place/Evercare+Dental+Clinic+-+%E0%B8%84%E0%B8%A5%E0%B8%B4%E0%B8%99%E0%B8%B4%E0%B8%81%E0%B8%97%E0%B8%B1%E0%B8%99%E0%B8%95%E0%B8%81%E0%B8%A3%E0%B8%A3%E0%B8%A1%E0%B9%80%E0%B8%AD%E0%B9%80%E0%B8%A7%E0%B8%AD%E0%B8%A3%E0%B9%8C%E0%B9%81%E0%B8%84%E0%B8%A3%E0%B9%8C%E0%B9%80%E0%B8%94%E0%B8%99%E0%B8%97%E0%B8%B1%E0%B8%A5/data=!4m7!3m6!1s0x30e29f0036d696d5:0x1526128f060e08d1!8m2!3d13.735852!4d100.545459!16s%2Fg%2F11nb7ttz67!19sChIJ1ZbWNgCf4jAR0QgOBo8SJhU?authuser=0&hl=en&rclk=1"
"0x30e29949edb406d5:0x3a3b050d1c14890a","My Home dental clinic - คลินิกทันตกรรมมายโฮม","Dental clinic","
28 Song Sawat Rd, Khwaeng Samphanthawong, Samphanthawong, Bangkok 10100, Thailand","PGQ6+XP Bangkok, Thailand","","","+66 92 946 5963","https://www.facebook.com/My-Home-dental-clinic-%E0%B8%84%E0%B8%A5%E0%B8%B4%E0%B8%99%E0%B8%B4%E0%B8%81%E0%B8%97%E0%B8%B1%E0%B8%99%E0%B8%95%E0%B8%81%E0%B8%A3%E0%B8%A3%E0%B8%A1%E0%B8%A1%E0%B8%B2%E0%B8%A2%E0%B9%82%E0%B8%AE%E0%B8%A1-%E0%B9%80%E0%B8%A2%E0%B8%B2%E0%B8%A7%E0%B8%A3%E0%B8%B2%E0%B8%8A-107945331769106/","","4.9","102","","","Open","","https://www.google.com/maps/place/My+Home+dental+clinic+-+%E0%B8%84%E0%B8%A5%E0%B8%B4%E0%B8%99%E0%B8%B4%E0%B8%81%E0%B8%97%E0%B8%B1%E0%B8%99%E0%B8%95%E0%B8%81%E0%B8%A3%E0%B8%A3%E0%B8%A1%E0%B8%A1%E0%B8%B2%E0%B8%A2%E0%B9%82%E0%B8%AE%E0%B8%A1/data=!4m7!3m6!1s0x30e29949edb406d5:0x3a3b050d1c14890a!8m2!3d13.7398948!4d100.5117564!16s%2Fg%2F11smfwvzp1!19sChIJ1Qa07UmZ4jARCokUHA0FOzo?authuser=0&hl=en&rclk=1"
"0x30e29962af3feac1:0x9de7e26a25e1d712","BLS hair center (ศูนย์ปลูกผม บีแอลเอส)","Hair transplantation clinic","
88โครงการสเตเดี้ยมวัน ชั้น1 ห้องE108-109 ซอยจุฬา5 Wang Mai, Pathum Wan, Bangkok 10110, Thailand","PGWF+JR Bangkok, Thailand","","","+66 2 460 9210","https://web.facebook.com/blshaircenter","","4.9","230","","","Open","","https://www.google.com/maps/place/BLS+hair+center+%28%E0%B8%A8%E0%B8%B9%E0%B8%99%E0%B8%A2%E0%B9%8C%E0%B8%9B%E0%B8%A5%E0%B8%B9%E0%B8%81%E0%B8%9C%E0%B8%A1+%E0%B8%9A%E0%B8%B5%E0%B9%81%E0%B8%AD%E0%B8%A5%E0%B9%80%E0%B8%AD%E0%B8%AA%29/data=!4m7!3m6!1s0x30e29962af3feac1:0x9de7e26a25e1d712!8m2!3d13.7465448!4d100.5246187!16s%2Fg%2F11s2317rjj!19sChIJweo_r2KZ4jAREtfhJWri550?authuser=0&hl=en&rclk=1"
"0x30e29f6887af12b7:0xd5595bb2d33af2ed","MOS Dental Clinic The Market Bangkok Pratunam","Dental clinic","
111 อาคาร​เดอะ​มาร์เก็ต​บางกอก ​ชั้น​4​ โซน M ถ.ราช​ดำ​ริห์ Lumphini, Pathum Wan, Bangkok 10330, Thailand","PGXR+4C Bangkok, Thailand","","","+66 61 480 5070","https://www.mosdentalclinic.com/","","5.0","586","","","Open","","https://www.google.com/maps/place/MOS+Dental+Clinic+The+Market+Bangkok+Pratunam/data=!4m7!3m6!1s0x30e29f6887af12b7:0xd5595bb2d33af2ed!8m2!3d13.7478247!4d100.5411014!16s%2Fg%2F11ndz6z598!19sChIJtxKvh2if4jAR7fI607JbWdU?authuser=0&hl=en&rclk=1"
"0x30e29ed23dcfbdf5:0xbacf077cc7c09b29","The Smile Bar Bangkok - Teeth Whitening Bangkok","Teeth whitening service","
392, 27-28 Siam Square Soi 5, Pathum Wan, Bangkok 10330, Thailand","PGWM+3Q Bangkok, Thailand","","","+66 2 658 3881","https://www.the-smile-bar.com/","","4.9","4252","","","Open","","https://www.google.com/maps/place/The+Smile+Bar+Bangkok+-+Teeth+Whitening+Bangkok/data=!4m7!3m6!1s0x30e29ed23dcfbdf5:0xbacf077cc7c09b29!8m2!3d13.7452395!4d100.5344323!16s%2Fg%2F11cmzk5vd1!19sChIJ9b3PPdKe4jARKZvAx3wHz7o?authuser=0&hl=en&rclk=1"
"0x30e29ed34ddddc3b:0xe681ea5d40b10889","Siam Family Dental Clinic","Dental clinic","
Siam Square Soi 3, Pathum Wan, Bangkok 10330, Thailand","PGWM+35 Bangkok, Thailand","","","+66 81 987 7700","https://www.siamfamilydental.com/","","4.7","218","","","Open","","https://www.google.com/maps/place/Siam+Family+Dental+Clinic/data=!4m7!3m6!1s0x30e29ed34ddddc3b:0xe681ea5d40b10889!8m2!3d13.7452451!4d100.5329973!16s%2Fg%2F1tg5rhqg!19sChIJO9zdTdOe4jARiQixQF3qgeY?authuser=0&hl=en&rclk=1"
"0x30e29ecde8e29203:0xf461befafc37af4d","Dent@paragon","Dental clinic","
451 Rama I Rd, Pathum Wan, Bangkok 10330, Thailand","PGWP+H5 Bangkok, Thailand","","","+66 87 504 6250","","","4.8","46","","","Open","","https://www.google.com/maps/place/Dent@paragon/data=!4m7!3m6!1s0x30e29ecde8e29203:0xf461befafc37af4d!8m2!3d13.7463814!4d100.5354362!16s%2Fg%2F1pztpl0_z!19sChIJA5Li6M2e4jARTa83_Pq-YfQ?authuser=0&hl=en&rclk=1"
"0x30e29ed2bcea3789:0xd4e225517ed3d12a","Smile Signature Siam Square Dental Clinic","Dentist","
อาคารสยามสเคป ชั้น 2 (ห้อง SS209, 215 Phaya Thai Rd, Pathum Wan, Bangkok 10330, Thailand","PGVJ+QF Bangkok, Thailand","13.7444534","100.5311584","+66 83 095 0219","https://smilesignature.com/en/contact/siam-square/","","4.8","686","","","Open","","https://www.google.com/maps/place/Smile+Signature+Siam+Square+Dental+Clinic/@13.7444534,100.5311584,16z/data=!3m1!4b1!4m6!3m5!1s0x30e29ed2bcea3789:0xd4e225517ed3d12a!8m2!3d13.7444534!4d100.5311584!16s%2Fg%2F11_s0x3y0?authuser=0&hl=en&entry=ttu&g_ep=EgoyMDI2MDYxNi4wIKXMDSoASAFQAw%3D%3D"
"0x30e29ec4c05ab863:0x2ee4097c48c0cdb4","IDENT Dental Clinic","Dental clinic","
Vivre Lang Suan, ชั้น3 ยูนิต303, อาคาร, วีฟร์, เลขที่34/3 Soi Langsuan, Lumphini, Pathum Wan, Bangkok 10330, Thailand","PGRV+M8 Bangkok, Thailand","","","+66 85 123 3359","http://www.identdentalbkk.com/","","5.0","134","","","Open","","https://www.google.com/maps/place/IDENT+Dental+Clinic/data=!4m7!3m6!1s0x30e29ec4c05ab863:0x2ee4097c48c0cdb4!8m2!3d13.7416396!4d100.5432692!16s%2Fg%2F11btvb6wsf!19sChIJY7hawMSe4jARtM3ASHwJ5C4?authuser=0&hl=en&rclk=1"
"0x30e29eb58a6d7063:0xf4b40a96ede5eea","Dental Image Clinic Phayathai","Dental clinic","
Thailand, Bangkok, Phaya Thai Rd, 2F, building B","QG4M+XC Bangkok, Thailand","","","+66 2 354 4458","http://www.dentalimageclinic.com/","","4.9","469","","","Open","","https://www.google.com/maps/place/Dental+Image+Clinic+Phayathai/data=!4m7!3m6!1s0x30e29eb58a6d7063:0xf4b40a96ede5eea!8m2!3d13.7573963!4d100.533526!16s%2Fg%2F11cm0q03zs!19sChIJY3BtirWe4jAR6l7ebqlASw8?authuser=0&hl=en&rclk=1"
"0x30e29ed2ca6bf789:0x3107fc33d144ad9c","Betty Smile Dental Clinic","Dental clinic","
5th floor, MBK Center, 444 Phaya Thai Rd, Wang Mai, Pathum Wan, Bangkok 10330, Thailand","PGVJ+V3 Bangkok, Thailand","","","+66 95 864 1435","https://m.facebook.com/BettySmileDental/","","5.0","15","","","Open","","https://www.google.com/maps/place/Betty+Smile+Dental+Clinic/data=!4m7!3m6!1s0x30e29ed2ca6bf789:0x3107fc33d144ad9c!8m2!3d13.7446325!4d100.5301546!16s%2Fg%2F11r8bwfdl!19sChIJifdrytKe4jARnK1E0TP8BzE?authuser=0&hl=en&rclk=1"
"0x30e29ed001aacf57:0xad8f448f8bb2e7f6","PaYa Dental Clinic","Dental clinic","
next to intercontinental hotel 999 ถนน เพลินจิต ชั้นล็อบบี้ Lobby floor in Gaysorn Rd, Lumphini, Pathum Wan, Bangkok 10330, Thailand","PGWR+38 Bangkok, Thailand","","","+66 2 656 1050","http://payadentalclinic.com/","","4.6","27","","","Open","","https://www.google.com/maps/place/PaYa+Dental+Clinic/data=!4m7!3m6!1s0x30e29ed001aacf57:0xad8f448f8bb2e7f6!8m2!3d13.7451977!4d100.5407743!16s%2Fg%2F11clvqb_lw!19sChIJV8-qAdCe4jAR9ueyi49Ej60?authuser=0&hl=en&rclk=1"
"0x30e29ec61123f127:0xe49522daea9e8d4e","Bright Smile Dental Clinic","Dental clinic","
475 4-5 Ratchaprarop Rd, Makkasan, Ratchathewi, Bangkok 10400, Thailand","QG2R+WM Bangkok, Thailand","","","+66 95 564 6565","https://brightsmilepratunam.com/","","4.7","210","","","Open","","https://www.google.com/maps/place/Bright+Smile+Dental+Clinic/data=!4m7!3m6!1s0x30e29ec61123f127:0xe49522daea9e8d4e!8m2!3d13.7523298!4d100.5416704!16s%2Fg%2F11h26fptn7!19sChIJJ_EjEcae4jARTo2e6toileQ?authuser=0&hl=en&rclk=1"
"0x30e29ed241db44db:0xb522c91301671424","COSDENT สาขา สยาม","Dental clinic","
ชั้น 3 อาคาร สยามสแควร์วัน ตั้งอยู่ ห้องเลขที่ SS3008 เลขที่ 388 Rama I Rd, Khwaeng Pathum Wan, Pathum Wan, Bangkok 10330, Thailand","PGWM+3H Bangkok, Thailand","","","+66 2 666 9499","https://www.cosdentbyslc.com/","","4.7","40","","","Open","","https://www.google.com/maps/place/COSDENT+%E0%B8%AA%E0%B8%B2%E0%B8%82%E0%B8%B2+%E0%B8%AA%E0%B8%A2%E0%B8%B2%E0%B8%A1/data=!4m7!3m6!1s0x30e29ed241db44db:0xb522c91301671424!8m2!3d13.7451479!4d100.5339687!16s%2Fg%2F11b6gqgqds!19sChIJ20TbQdKe4jARJBRnARPJIrU?authuser=0&hl=en&rclk=1"
"0x30e29fa8536ac9e9:0xc8f9071312f6f9ad","Käse Aligner - Siam Branch (Lido Connect)","Dental clinic","
236/5 , 2nd floor Lido connect Siam Square Soi 2, Pathum Wan, Bangkok 10330, Thailand","PGWM+72 Bangkok, Thailand","","","+66 61 268 2621","https://www.kasealigner.com/","","5.0","30","","","Open","","https://www.google.com/maps/place/K%C3%A4se+Aligner+-+Siam+Branch+%28Lido+Connect%29/data=!4m7!3m6!1s0x30e29fa8536ac9e9:0xc8f9071312f6f9ad!8m2!3d13.7457129!4d100.5325223!16s%2Fg%2F11w5bgv957!19sChIJ6clqU6if4jARrfn2EhMH-cg?authuser=0&hl=en&rclk=1"
"0x30e2999eb6624d8b:0x8b0e65debb530195","Create Smile Dental Clinic","Dental clinic","
444, MBK Center ชั้น6 Phaya Thai Rd, Wang Mai, Pathum Wan, Bangkok 10330, Thailand","PGVH+XW Bangkok, Thailand","","","+66 61 641 5999","https://www.createsmiledental.com/","","5.0","491","","","Open","","https://www.google.com/maps/place/Create+Smile+Dental+Clinic/data=!4m7!3m6!1s0x30e2999eb6624d8b:0x8b0e65debb530195!8m2!3d13.7449063!4d100.5298515!16s%2Fg%2F11kpz63bjf!19sChIJi01itp6Z4jARlQFTu95lDos?authuser=0&hl=en&rclk=1"
"0x30e29f8a9963837f:0x58914cb0003971ff","Proud Dental","Dental clinic","
Building, 14th, Lumphini Vanissa, 29 Chit Lom Rd, floor, Pathum Wan, Bangkok 10330, Thailand","PGWV+7P Bangkok, Thailand","","","+66 92 559 6194","","","5.0","95","","","Open","","https://www.google.com/maps/place/Proud+Dental/data=!4m7!3m6!1s0x30e29f8a9963837f:0x58914cb0003971ff!8m2!3d13.7456486!4d100.5443417!16s%2Fg%2F11w_v2q_p7!19sChIJf4NjmYqf4jAR_3E5ALBMkVg?authuser=0&hl=en&rclk=1"
"0x30e29ec43e3f3933:0x87ba3912013e86df","Vinai Dental Clinic","Dental clinic","
1091/4 ซอยพชรบุรี 31 ถนนเพชรบุรีตัดใหม่ แขวงมักกะสัน เขตราชเทวี Bangkok 10400, Thailand","PGXW+X2 Bangkok, Thailand","","","+66 2 253 2520 ext. 022532786","","","4.8","5","","","Open","","https://www.google.com/maps/place/Vinai+Dental+Clinic/data=!4m7!3m6!1s0x30e29ec43e3f3933:0x87ba3912013e86df!8m2!3d13.7499704!4d100.5450969!16s%2Fg%2F1td2rbfl!19sChIJMzk_PsSe4jAR34Y-ARI5uoc?authuser=0&hl=en&rclk=1"
"0x30e29edea2810a4f:0x22ec63e7da186646","Thantakit Dental Clinic","Dental clinic","
3rd floor​ unit​ 301 87/2 Witthayu Rd, Lumphini, Pathum Wan, Bangkok 10330, Thailand","PGQX+Q5 Bangkok, Thailand","","","+66 2 685 3444","https://www.thantakit.com/","","4.9","899","","","Open","","https://www.google.com/maps/place/Thantakit+Dental+Clinic/data=!4m7!3m6!1s0x30e29edea2810a4f:0x22ec63e7da186646!8m2!3d13.7394375!4d100.5478923!16s%2Fg%2F1tg_j2d2!19sChIJTwqBot6e4jARRmYY2udj7CI?authuser=0&hl=en&rclk=1"
"0x30e29f289a310035:0x6f9b89002536a197","Daily Smile Dental Clinic","Dental clinic","
428, 26 Ratchawithi 5 Alley, Thanon Phaya Thai, Ratchathewi, Bangkok 10400, Thailand","QG7R+G5 Bangkok, Thailand","","","+66 92 696 1566","","","4.9","48","","","Open","","https://www.google.com/maps/place/Daily+Smile+Dental+Clinic/data=!4m7!3m6!1s0x30e29f289a310035:0x6f9b89002536a197!8m2!3d13.7637803!4d100.5404681!16s%2Fg%2F11pq4lshp7!19sChIJNQAxmiif4jARl6E2JQCJm28?authuser=0&hl=en&rclk=1"
"0x30e29fc78d60ac4f:0x57ce612020fbe29d","Dent Indeed Dental clinic คลินิกทันตกรรมเดนท์ อินดี๊ด","Dental clinic","
94/3 Ratchaprarop Rd, Khwaeng Thanon Phaya Thai, Ratchathewi, Bangkok 10400, Thailand","QG3R+VQ Bangkok, Thailand","","","+66 65 938 6912","","","4.8","47","","","Open","","https://www.google.com/maps/place/Dent+Indeed+Dental+clinic+%E0%B8%84%E0%B8%A5%E0%B8%B4%E0%B8%99%E0%B8%B4%E0%B8%81%E0%B8%97%E0%B8%B1%E0%B8%99%E0%B8%95%E0%B8%81%E0%B8%A3%E0%B8%A3%E0%B8%A1%E0%B9%80%E0%B8%94%E0%B8%99%E0%B8%97%E0%B9%8C+%E0%B8%AD%E0%B8%B4%E0%B8%99%E0%B8%94%E0%B8%B5%E0%B9%8A%E0%B8%94/data=!4m7!3m6!1s0x30e29fc78d60ac4f:0x57ce612020fbe29d!8m2!3d13.7547043!4d100.5419284!16s%2Fg%2F11sv_r0917!19sChIJT6xgjcef4jARneL7ICBhzlc?authuser=0&hl=en&rclk=1"
"0x30e29ed18065364f:0xf9a209e977231e40","คลินิกทันตกรรม จุฬาลงกรณ์มหาวิทยาลัย","Dental clinic","
PGVP+63X, Pathum Wan, Bangkok 10330, Thailand","","","","+66 2 430 6533","http://www.dent.chula.ac.th/","","3.2","24","","","Open","","https://www.google.com/maps/place/%E0%B8%84%E0%B8%A5%E0%B8%B4%E0%B8%99%E0%B8%B4%E0%B8%81%E0%B8%97%E0%B8%B1%E0%B8%99%E0%B8%95%E0%B8%81%E0%B8%A3%E0%B8%A3%E0%B8%A1+%E0%B8%88%E0%B8%B8%E0%B8%AC%E0%B8%B2%E0%B8%A5%E0%B8%87%E0%B8%81%E0%B8%A3%E0%B8%93%E0%B9%8C%E0%B8%A1%E0%B8%AB%E0%B8%B2%E0%B8%A7%E0%B8%B4%E0%B8%97%E0%B8%A2%E0%B8%B2%E0%B8%A5%E0%B8%B1%E0%B8%A2/data=!4m7!3m6!1s0x30e29ed18065364f:0xf9a209e977231e40!8m2!3d13.7431053!4d100.5352395!16s%2Fg%2F11bcff9nkv!19sChIJTzZlgNGe4jARQB4jd-kJovk?authuser=0&hl=en&rclk=1"
"0x30e29f2b95ea37b5:0x3e47e1c6327e6556","Thaniya Dental Clinic","Dental clinic","
52 ชั้น 3 ห้อง307B อาคารธนิยะพลาซ่า, Thaniya Rd, Suriya Wong, Bang Rak, Bangkok 10500, Thailand","PGHM+FF Bangkok, Thailand","","","+66 2 231 2124","https://www.facebook.com/thaniyadent","","4.9","68","","","Open","","https://www.google.com/maps/place/Thaniya+Dental+Clinic/data=!4m7!3m6!1s0x30e29f2b95ea37b5:0x3e47e1c6327e6556!8m2!3d13.7286414!4d100.5337498!16s%2Fg%2F1pzvy9njm!19sChIJtTfqlSuf4jARVmV-MsbhRz4?authuser=0&hl=en&rclk=1"
"0x30e29f01f4b67823:0x69f26ed6e28201eb","BIDC Dental Clinic @ Emquartier","Dental clinic","
695 EmQuartier shopping center, room no. 4A11, Building A, Khlong Tan Nuea, Watthana, Bangkok 10110, Thailand","PHJ9+JP Bangkok, Thailand","","","+66 97 295 9872","https://bangkokdentalcenter.com/","","4.7","432","","","Open","","https://www.google.com/maps/place/BIDC+Dental+Clinic+@+Emquartier/data=!4m7!3m6!1s0x30e29f01f4b67823:0x69f26ed6e28201eb!8m2!3d13.731583!4d100.569267!16s%2Fg%2F11fxcc67y_!19sChIJI3i29AGf4jAR6wGC4tZu8mk?authuser=0&hl=en&rclk=1"
"0x30e29eb0c0e42053:0xc5acce1bccf4df37","Smile Tips Dental Clinic","Dental clinic","
ศูนย์การค้า Center One อนุสาวรีย์ชัย ชั้น 2 ห้อง 2013 ถนนราชวิถี แขวงถนนพญาไท, Bangkok 10400, Thailand","QG7Q+JP Bangkok, Thailand","","","+66 83 428 5535","","","4.8","149","","","Open","","https://www.google.com/maps/place/Smile+Tips+Dental+Clinic/data=!4m7!3m6!1s0x30e29eb0c0e42053:0xc5acce1bccf4df37!8m2!3d13.764041!4d100.539308!16s%2Fg%2F12j6tyz9r!19sChIJUyDkwLCe4jARN9_0zBvOrMU?authuser=0&hl=en&rclk=1"
"0x30e29fd326d61c2f:0x22087df82018c815","Teeth Talk Dental Clinic สาขา เซ็นจูรี่ อนุสาวรีย์ชัยฯ จัดฟัน ดัดฟัน ทำฟัน","Dental clinic","
ห้องเลขที่ 306-308 ชั้น 3 เซ็นจูรี่ อนุสาวรีย์ชัยฯ เลขที่ 15 Phaya Thai Rd, Khwaeng Thanon Phaya Thai, Ratchathewi, Bangkok 10400, Thailand","QG6P+PW Bangkok, Thailand","","","+66 63 807 4471","https://www.teethtalk-clinic.com/","","4.9","906","","","Open","","https://www.google.com/maps/place/Teeth+Talk+Dental+Clinic+%E0%B8%AA%E0%B8%B2%E0%B8%82%E0%B8%B2+%E0%B9%80%E0%B8%8B%E0%B9%87%E0%B8%99%E0%B8%88%E0%B8%B9%E0%B8%A3%E0%B8%B5%E0%B9%88+%E0%B8%AD%E0%B8%99%E0%B8%B8%E0%B8%AA%E0%B8%B2%E0%B8%A7%E0%B8%A3%E0%B8%B5%E0%B8%A2%E0%B9%8C%E0%B8%8A%E0%B8%B1%E0%B8%A2%E0%B8%AF+%E0%B8%88%E0%B8%B1%E0%B8%94%E0%B8%9F%E0%B8%B1%E0%B8%99+%E0%B8%94%E0%B8%B1%E0%B8%94%E0%B8%9F%E0%B8%B1%E0%B8%99+%E0%B8%97%E0%B8%B3%E0%B8%9F%E0%B8%B1%E0%B8%99/data=!4m7!3m6!1s0x30e29fd326d61c2f:0x22087df82018c815!8m2!3d13.7618035!4d100.5372516!16s%2Fg%2F11v56nf7p0!19sChIJLxzWJtOf4jARFcgYIPh9CCI?authuser=0&hl=en&rclk=1"
"0x30e2999defe2a623:0xa3f223725a7b3bc6","Studio Smile Dental Clinic วีเนียร์ จัดฟันใส ฟอกสีฟัน รากเทียม","Dental clinic","
64 อาคารสีลม64 ชั้น 3 ห้อง310 Si Lom Rd, Suriya Wong, Bang Rak, Bangkok 10500, Thailand","PGHM+99 Bangkok, Thailand","","","+66 62 641 4699","","","5.0","1071","","","Open","","https://www.google.com/maps/place/Studio+Smile+Dental+Clinic+%E0%B8%A7%E0%B8%B5%E0%B9%80%E0%B8%99%E0%B8%B5%E0%B8%A2%E0%B8%A3%E0%B9%8C+%E0%B8%88%E0%B8%B1%E0%B8%94%E0%B8%9F%E0%B8%B1%E0%B8%99%E0%B9%83%E0%B8%AA+%E0%B8%9F%E0%B8%AD%E0%B8%81%E0%B8%AA%E0%B8%B5%E0%B8%9F%E0%B8%B1%E0%B8%99+%E0%B8%A3%E0%B8%B2%E0%B8%81%E0%B9%80%E0%B8%97%E0%B8%B5%E0%B8%A2%E0%B8%A1/data=!4m7!3m6!1s0x30e2999defe2a623:0xa3f223725a7b3bc6!8m2!3d13.7284002!4d100.5334872!16s%2Fg%2F11rd9c1w9v!19sChIJI6bi752Z4jARxjt7WnIj8qM?authuser=0&hl=en&rclk=1"
"0x30e29fd9a8ab8b7d:0xcbdbd059cb8450b1","Tooth Box Dental Clinic คลินิกทันตกรรมทูธบอกซ์ สาขา สีลม ซอย 1","Dental clinic","
281, 12 Si Lom Rd, สีลม Bang Rak, Bangkok 10500, Thailand","PGHM+5H Bangkok, Thailand","","","+66 96 915 9391","https://toothboxdentalclinic.com/","","5.0","585","","","Open","","https://www.google.com/maps/place/Tooth+Box+Dental+Clinic+%E0%B8%84%E0%B8%A5%E0%B8%B4%E0%B8%99%E0%B8%B4%E0%B8%81%E0%B8%97%E0%B8%B1%E0%B8%99%E0%B8%95%E0%B8%81%E0%B8%A3%E0%B8%A3%E0%B8%A1%E0%B8%97%E0%B8%B9%E0%B8%98%E0%B8%9A%E0%B8%AD%E0%B8%81%E0%B8%8B%E0%B9%8C+%E0%B8%AA%E0%B8%B2%E0%B8%82%E0%B8%B2+%E0%B8%AA%E0%B8%B5%E0%B8%A5%E0%B8%A1+%E0%B8%8B%E0%B8%AD%E0%B8%A2+1/data=!4m7!3m6!1s0x30e29fd9a8ab8b7d:0xcbdbd059cb8450b1!8m2!3d13.7279417!4d100.5339737!16s%2Fg%2F11stpwr346!19sChIJfYurqNmf4jARsVCEy1nQ28s?authuser=0&hl=en&rclk=1"
"0x30e29f24f86ca655:0xdb03b13431684ec2","Stardent Dental Clinic","Dental clinic","
1 ชั้น 2 อาคาร Life Center S Sathon Rd, Thung Maha Mek, Sathon, Bangkok 10120, Thailand","PGGV+6P Bangkok, Thailand","","","+66 2 677 7168","http://www.stardents.com/","","4.9","72","","","Open","","https://www.google.com/maps/place/Stardent+Dental+Clinic/data=!4m7!3m6!1s0x30e29f24f86ca655:0xdb03b13431684ec2!8m2!3d13.7255256!4d100.5443069!16s%2Fg%2F1hc46t6dk!19sChIJVaZs-CSf4jARwk5oMTSxA9s?authuser=0&hl=en&rclk=1"
"0x30e29902fdebf1bb:0x13e6a639a91d7110","TC Smile by Vertex","Dental clinic","
Kasem San 1 Alley, Wang Mai, Pathum Wan, Bangkok 10330, Thailand","PGWH+VQ Bangkok, Thailand","","","+66 2 109 9997","http://www.tcsmiledental.com/","","5.0","13","","","Open","","https://www.google.com/maps/place/TC+Smile+by+Vertex/data=!4m7!3m6!1s0x30e29902fdebf1bb:0x13e6a639a91d7110!8m2!3d13.7471331!4d100.5294231!16s%2Fg%2F11fnyn0m8j!19sChIJu_Hr_QKZ4jAREHEdqTmm5hM?authuser=0&hl=en&rclk=1"
"0x30e29f2dcf8383c9:0x8ef09490136fe049","Saladaeng Dental Clinic","Dental clinic","
2nd Floor, 18 1 Convent Rd, Si Lom, Bang Rak, Bangkok 10500, Thailand","PGGM+4M Bangkok, Thailand","","","+66 2 632 2794","https://saladaengdental.lovable.app/","","4.9","193","","","Open","","https://www.google.com/maps/place/Saladaeng+Dental+Clinic/data=!4m7!3m6!1s0x30e29f2dcf8383c9:0x8ef09490136fe049!8m2!3d13.7253375!4d100.5341667!16s%2Fg%2F1td3_y81!19sChIJyYODzy2f4jARSeBvE5CU8I4?authuser=0&hl=en&rclk=1"
"0x30e29ed24b6b739f:0xe8e6cb613d8e09ea","Borommanard Srinakarin Building, Faculty of Dentistry, CU","Academic department","
34 Henri Dunant Rd, Wang Mai, Pathum Wan, Bangkok 10330, Thailand","PGVM+59 Bangkok, Thailand","","","+66 2 218 8635","http://www.dent.chula.ac.th/","","4.4","16","","","Open","","https://www.google.com/maps/place/Borommanard+Srinakarin+Building,+Faculty+of+Dentistry,+CU/data=!4m7!3m6!1s0x30e29ed24b6b739f:0xe8e6cb613d8e09ea!8m2!3d13.7429648!4d100.5334603!16s%2Fg%2F11c715jc1s!19sChIJn3NrS9Ke4jAR6gmOPWHL5ug?authuser=0&hl=en&rclk=1"
"0x30e29f2c7b61a7af:0xc15f614f8434cca6","Dr. Smile dental clinic (Silom)","Dental clinic","
116, 4 Si Lom Rd, Suriya Wong, Bang Rak, Bangkok 10500, Thailand","PGHM+74 Bangkok, Thailand","","","+66 2 234 3138","http://www.drsmilebkk.com/","","4.0","20","","","Open","","https://www.google.com/maps/place/Dr.+Smile+dental+clinic+%28Silom%29/data=!4m7!3m6!1s0x30e29f2c7b61a7af:0xc15f614f8434cca6!8m2!3d13.7281847!4d100.5328519!16s%2Fg%2F1tnkzvkg!19sChIJr6dheyyf4jARpsw0hE9hX8E?authuser=0&hl=en&rclk=1"
"0x30e29f243ae13b4f:0x7e54ec519cfcf628","TOOTHHUB Dental Clinic","Dental clinic","
2054, 1 Chan Rd, Chong Nonsi, Yan Nawa, Bangkok 10120, Thailand","PG4P+98 Bangkok, Thailand","","","+66 80 979 2797","","","5.0","483","","","Open","","https://www.google.com/maps/place/TOOTHHUB+Dental+Clinic/data=!4m7!3m6!1s0x30e29f243ae13b4f:0x7e54ec519cfcf628!8m2!3d13.7059875!4d100.5357509!16s%2Fg%2F11m_dktxfq!19sChIJTzvhOiSf4jARKPb8nFHsVH4?authuser=0&hl=en&rclk=1"
"0x30e29edecba1a1dd:0x1063bee26f916ded","BDMS Wellness Clinic","Medical clinic","
2/4 Witthayu Rd, Lumphini, Pathum Wan, Bangkok 10330, Thailand","PGXX+25 Bangkok, Thailand","","","+66 2 826 9999","https://www.bdmswellness.com/","","4.9","1202","","","Open","","https://www.google.com/maps/place/BDMS+Wellness+Clinic/data=!4m7!3m6!1s0x30e29edecba1a1dd:0x1063bee26f916ded!8m2!3d13.7475057!4d100.5479598!16s%2Fg%2F11gf8f25tl!19sChIJ3aGhy96e4jAR7W2Rb-K-YxA?authuser=0&hl=en&rclk=1"
"0x30e29ee4c0294415:0x944c71cc443ded1e","Bangkok Smile Dental Clinic Sukhumvit 21 | Asoke Branch","Dental clinic","
32/5-6 Sukhumvit 21 Rd, คลองเตยเหนือ ทวีวัฒนา Bangkok 10110, Thailand","PHR6+7R Bangkok, Thailand","","","+66 2 105 4288","http://www.bangkoksmiledental.com/","","4.6","649","","","Open","","https://www.google.com/maps/place/Bangkok+Smile+Dental+Clinic+Sukhumvit+21+%7C+Asoke+Branch/data=!4m7!3m6!1s0x30e29ee4c0294415:0x944c71cc443ded1e!8m2!3d13.7406702!4d100.5621064!16s%2Fg%2F1v_z6c39!19sChIJFUQpwOSe4jARHu09RMxxTJQ?authuser=0&hl=en&rclk=1"
"0x30e29f9fb0005643:0x1f6708694f99c424","Asok Skytrain Dental Clinic","Dental clinic","
44/1-2 Sukhumvit 21 Rd, Khlong Toei Nuea, Watthana, Bangkok 10110, Thailand","PHV6+2V Bangkok, Thailand","","","+66 94 359 9565","https://www.skytraindental.com/branch/asok-skytrain-dental/","","4.9","1264","","","Open","","https://www.google.com/maps/place/Asok+Skytrain+Dental+Clinic/data=!4m7!3m6!1s0x30e29f9fb0005643:0x1f6708694f99c424!8m2!3d13.7425437!4d100.5622252!16s%2Fg%2F11fnr92rpc!19sChIJQ1YAsJ-f4jARJMSZT2kIZx8?authuser=0&hl=en&rclk=1"
"0x30e29e8c6dedf845:0x36190bb397b0a85d","Bangkok Grand Dental Clinic","Dental clinic","
2nd Floor G Tower Grand, Rama IX Rd, Huai Khwang, Bangkok 10310, Thailand","QH48+R9 Bangkok, Thailand","","","+66 63 639 8893","http://www.facebook.com/bkkgranddental","","4.8","206","","","Open","","https://www.google.com/maps/place/Bangkok+Grand+Dental+Clinic/data=!4m7!3m6!1s0x30e29e8c6dedf845:0x36190bb397b0a85d!8m2!3d13.7571188!4d100.5658855!16s%2Fg%2F11bvvzmrcd!19sChIJRfjtbYye4jARXaiwl7MLGTY?authuser=0&hl=en&rclk=1"
"0x30e29f58c59e1f2f:0xd814b8f64c475ef4","คลินิกทันตกรรมสไมล์เวิร์ค Smile Works Dental Clinic","Dental clinic","
12, 6 Ratchawithi 11 Alley, Khwaeng Thanon Phaya Thai, Ratchathewi, Bangkok 10400, Thailand","QG7Q+FF Bangkok, Thailand","","","+66 83 023 2965","http://www.smileworksdentalclinic.com/","","4.9","77","","","Open","","https://www.google.com/maps/place/%E0%B8%84%E0%B8%A5%E0%B8%B4%E0%B8%99%E0%B8%B4%E0%B8%81%E0%B8%97%E0%B8%B1%E0%B8%99%E0%B8%95%E0%B8%81%E0%B8%A3%E0%B8%A3%E0%B8%A1%E0%B8%AA%E0%B9%84%E0%B8%A1%E0%B8%A5%E0%B9%8C%E0%B9%80%E0%B8%A7%E0%B8%B4%E0%B8%A3%E0%B9%8C%E0%B8%84+Smile+Works+Dental+Clinic/data=!4m7!3m6!1s0x30e29f58c59e1f2f:0xd814b8f64c475ef4!8m2!3d13.763673!4d100.5387025!16s%2Fg%2F11jgf0wj53!19sChIJLx-exVif4jAR9F5HTPa4FNg?authuser=0&hl=en&rclk=1"
"0x30e29fa56988e451:0x1f9f6d23854c88c5","มายโอเบรส เซ็นเตอร์","Dental clinic","
128/364 อาคารพญาไทพลาซ่า ชั้นที่ 33, Phaya Thai Rd, Thung Phaya Thai, Ratchathewi, Bangkok 10400, Thailand","QG4M+F4 Bangkok, Thailand","","","+66 92 256 6800","http://www.myobracecenter.com/","","5.0","7","","","Open","","https://www.google.com/maps/place/%E0%B8%A1%E0%B8%B2%E0%B8%A2%E0%B9%82%E0%B8%AD%E0%B9%80%E0%B8%9A%E0%B8%A3%E0%B8%AA+%E0%B9%80%E0%B8%8B%E0%B9%87%E0%B8%99%E0%B9%80%E0%B8%95%E0%B8%AD%E0%B8%A3%E0%B9%8C/data=!4m7!3m6!1s0x30e29fa56988e451:0x1f9f6d23854c88c5!8m2!3d13.756169!4d100.5328278!16s%2Fg%2F11hdcsksj_!19sChIJUeSIaaWf4jARxYhMhSNtnx8?authuser=0&hl=en&rclk=1"
"0x30e29f1caeb48c61:0xd1616e6b63838b69","AL Dente dental clinic คลินิกทันตกรรม อัลเดนเต้ หน้าม.หอการค้า","Dental clinic","
Ratchadaphisek, Din Daeng, Bangkok 10400, Thailand","QHH5+86 Bangkok, Thailand","","","+66 99 246 6245","https://m.facebook.com/aldentedentalclinic","","4.9","290","","","Open","","https://www.google.com/maps/place/AL+Dente+dental+clinic+%E0%B8%84%E0%B8%A5%E0%B8%B4%E0%B8%99%E0%B8%B4%E0%B8%81%E0%B8%97%E0%B8%B1%E0%B8%99%E0%B8%95%E0%B8%81%E0%B8%A3%E0%B8%A3%E0%B8%A1+%E0%B8%AD%E0%B8%B1%E0%B8%A5%E0%B9%80%E0%B8%94%E0%B8%99%E0%B9%80%E0%B8%95%E0%B9%89+%E0%B8%AB%E0%B8%99%E0%B9%89%E0%B8%B2%E0%B8%A1.%E0%B8%AB%E0%B8%AD%E0%B8%81%E0%B8%B2%E0%B8%A3%E0%B8%84%E0%B9%89%E0%B8%B2/data=!4m7!3m6!1s0x30e29f1caeb48c61:0xd1616e6b63838b69!8m2!3d13.7782899!4d100.5581101!16s%2Fg%2F11h_xb0sv6!19sChIJYYy0rhyf4jARaYuDY2tuYdE?authuser=0&hl=en&rclk=1"
"0x30e29ee2f6d57d05:0xc9576020f5d00a2b","Neosmile Dental Clinic","Dental clinic","
8, 8 Ratchadaphisek Rd, Khwaeng Khlong Toei, Khet Khlong Toei, Bangkok 10110, Thailand","PHP6+48 Bangkok, Thailand","","","+66 2 653 3929","","","4.9","62","","","Open","","https://www.google.com/maps/place/Neosmile+Dental+Clinic/data=!4m7!3m6!1s0x30e29ee2f6d57d05:0xc9576020f5d00a2b!8m2!3d13.7352598!4d100.5608509!16s%2Fg%2F1tff51h7!19sChIJBX3V9uKe4jARKwrQ9SBgV8k?authuser=0&hl=en&rclk=1"
"0x30e298d1e613d659:0xa8a2abcfbbf0cdc","Lumpinee Dental Clinic","Dental clinic","
PGGR+QVQ, Si Lom, Bang Rak, Bangkok 10500, Thailand","","","","+66 2 235 7755","http://www.dentacareclinic.com/","","4.5","16","","","Open","","https://www.google.com/maps/place/Lumpinee+Dental+Clinic/data=!4m7!3m6!1s0x30e298d1e613d659:0xa8a2abcfbbf0cdc!8m2!3d13.7269638!4d100.5422271!16s%2Fg%2F1pxq4ksy_!19sChIJWdYT5tGY4jAR3Ay_-7wqigo?authuser=0&hl=en&rclk=1"
"0x4cb2d2948331faa3:0xfb1a5a0111f39d8f","Bangkok Smile Dental Clinic | One Bangkok Branch","Dental clinic","
One Bangkok, Unit 1423-1424, Floor 4F, Parade, 1877 Rama IV Rd, Lumphini, Pathum Wan, Bangkok 10330, Thailand","PGGX+F2 Bangkok, Thailand","","","+66 2 105 4288","https://www.bangkoksmiledental.com/","","4.7","114","","","Open","","https://www.google.com/maps/place/Bangkok+Smile+Dental+Clinic+%7C+One+Bangkok+Branch/data=!4m7!3m6!1s0x4cb2d2948331faa3:0xfb1a5a0111f39d8f!8m2!3d13.7262058!4d100.5475311!16s%2Fg%2F11wqdwk181!19sChIJo_oxg5TSskwRj53zEQFaGvs?authuser=0&hl=en&rclk=1"
"0x30e29929369b8533:0x824fdbfe40a1fab9","จรูญทันตคลินิก โดยทันตแพทย์จรูญ ประวีณเมธ","Dental clinic","
1672-4 Banthat Thong Rd, Wang Mai, Pathum Wan, Bangkok 10330, Thailand","PGRC+4W Bangkok, Thailand","","","+66 81 582 2020","","","4.7","25","","","Open","","https://www.google.com/maps/place/%E0%B8%88%E0%B8%A3%E0%B8%B9%E0%B8%8D%E0%B8%97%E0%B8%B1%E0%B8%99%E0%B8%95%E0%B8%84%E0%B8%A5%E0%B8%B4%E0%B8%99%E0%B8%B4%E0%B8%81+%E0%B9%82%E0%B8%94%E0%B8%A2%E0%B8%97%E0%B8%B1%E0%B8%99%E0%B8%95%E0%B9%81%E0%B8%9E%E0%B8%97%E0%B8%A2%E0%B9%8C%E0%B8%88%E0%B8%A3%E0%B8%B9%E0%B8%8D+%E0%B8%9B%E0%B8%A3%E0%B8%B0%E0%B8%A7%E0%B8%B5%E0%B8%93%E0%B9%80%E0%B8%A1%E0%B8%98/data=!4m7!3m6!1s0x30e29929369b8533:0x824fdbfe40a1fab9!8m2!3d13.740342!4d100.5223184!16s%2Fg%2F1ttdkfbn!19sChIJM4WbNimZ4jARufqhQP7bT4I?authuser=0&hl=en&rclk=1"
"0x30e29f47ede318f7:0x20198be3316332fe","Smile Everyday Dental Clinic","Dental clinic","
3rd Floor, Market Place Nanglinchee, 27/1 Thanon Nang Linchi, Chong Nonsi, Yan Nawa, Bangkok 10120, Thailand","PG6V+34 Bangkok, Thailand","","","+66 90 665 6942","http://www.smevdental.com/","","5.0","1398","","","Open","","https://www.google.com/maps/place/Smile+Everyday+Dental+Clinic/data=!4m7!3m6!1s0x30e29f47ede318f7:0x20198be3316332fe!8m2!3d13.7101831!4d100.542839!16s%2Fg%2F1yglqbd0_!19sChIJ9xjj7Uef4jAR_jJjMeOLGSA?authuser=0&hl=en&rclk=1"
"0x30e29fb73001eab7:0x85a22bf90d3efcb6","Bangkok Dental Spa","Dentist","
27 Methawattana Sukhumvit 19 Bangkok 10110, Thailand","PHQ5+RX Bangkok, Thailand","","","+66 88 919 2995","http://www.bangkokdentalspa.com/","","4.7","225","","","Open","","https://www.google.com/maps/place/Bangkok+Dental+Spa/data=!4m7!3m6!1s0x30e29fb73001eab7:0x85a22bf90d3efcb6!8m2!3d13.739547!4d100.559889!16s%2Fg%2F1vk48bhr!19sChIJt-oBMLef4jARtvw-DfkrooU?authuser=0&hl=en&rclk=1"
"0x30e29fa924638eaf:0x14175f8245f0ae6b","Bangkok Dental Clinic","Dental clinic","
25, 10 Thong Lo, Khlong Tan Nuea, Watthana, Bangkok 10110, Thailand","PHFH+WP Bangkok, Thailand","","","+66 2 392 4888","http://www.dentalbangkok.com/","","4.6","59","","","Open","","https://www.google.com/maps/place/Bangkok+Dental+Clinic/data=!4m7!3m6!1s0x30e29fa924638eaf:0x14175f8245f0ae6b!8m2!3d13.7248664!4d100.5793214!16s%2Fg%2F1v46xtd_!19sChIJr45jJKmf4jARa67wRYJfFxQ?authuser=0&hl=en&rclk=1"
"0x30e29f5eb06bada1:0x3fd47d807db80e33","APEX Beauty - Mercury Ville (เอเพ็กซ์ สาขา เมอร์คิวรี่วิลล์)","Skin care clinic","
ห้องเลขที่ 306 ชั้น3, อาคารเมอร์คิวรี่วิลล์, เลขที่ 540 Phloen Chit Rd, ลุมพินี, Pathum Wan, Bangkok 10330, Thailand","PGVV+9J Bangkok, Thailand","","","+66 94 889 8000","https://www.apexmedicalcenter.co.th/branch/apex-clinic-the-mercury-ville/","","5.0","452","","","Open","","https://www.google.com/maps/place/APEX+Beauty+-+Mercury+Ville+%28%E0%B9%80%E0%B8%AD%E0%B9%80%E0%B8%9E%E0%B9%87%E0%B8%81%E0%B8%8B%E0%B9%8C+%E0%B8%AA%E0%B8%B2%E0%B8%82%E0%B8%B2+%E0%B9%80%E0%B8%A1%E0%B8%AD%E0%B8%A3%E0%B9%8C%E0%B8%84%E0%B8%B4%E0%B8%A7%E0%B8%A3%E0%B8%B5%E0%B9%88%E0%B8%A7%E0%B8%B4%E0%B8%A5%E0%B8%A5%E0%B9%8C%29/data=!4m7!3m6!1s0x30e29f5eb06bada1:0x3fd47d807db80e33!8m2!3d13.7434472!4d100.5441146!16s%2Fg%2F11s0x09cqn!19sChIJoa1rsF6f4jARMw64fYB91D8?authuser=0&hl=en&rclk=1"
"0x30e29ece000c3855:0xb9b976312e9a04d3","Pacific Prime Thailand","Health insurance agency","
Building, 25th floor, One City Centre, 548 Phloen Chit Rd, Lumphini, Pathum Wan, Bangkok 10330, Thailand","PGVW+3H Bangkok, Thailand","","","+66 2 095 5650","https://www.pacificprime.co.th/","","4.9","366","","","Open","","https://www.google.com/maps/place/Pacific+Prime+Thailand/data=!4m7!3m6!1s0x30e29ece000c3855:0xb9b976312e9a04d3!8m2!3d13.7427155!4d100.5464361!16s%2Fg%2F11gg665_s8!19sChIJVTgMAM6e4jAR0wSaLjF2ubk?authuser=0&hl=en&rclk=1"
"0x30e29eefeca37c9b:0xadb2c5837629bed5","Smile Seasons (Asoke Tower)","Dental clinic","
อาคารอโศกทาวเวอร์ส 217/5 ถ.สุขุมวิท 21 (ซ.อโศก) คลองเตยเหนือ Bangkok 10110, Thailand","PHW6+6V Bangkok, Thailand","","","+66 2 114 3274","http://www.smileseasons.com/","","4.9","838","","","Open","","https://www.google.com/maps/place/Smile+Seasons+%28Asoke+Tower%29/data=!4m7!3m6!1s0x30e29eefeca37c9b:0xadb2c5837629bed5!8m2!3d13.7456195!4d100.5621367!16s%2Fg%2F11df9jwvvw!19sChIJm3yj7O-e4jAR1b4pdoPFsq0?authuser=0&hl=en&rclk=1"
"0xaea388ba133c3a83:0x8c94254216211c0e","HeySmile Dental Clinic (Sukhumvit 21 Asoke)","Dental clinic","
155/8 Sukhumvit 21 Rd, Klongtueynuea Watthana, Bangkok 10110, Thailand","PHR6+8P Bangkok, Thailand","","","+66 92 749 2829","https://heysmiledental.com/","","4.9","690","","","Open","","https://www.google.com/maps/place/HeySmile+Dental+Clinic+%28Sukhumvit+21+Asoke%29/data=!4m7!3m6!1s0xaea388ba133c3a83:0x8c94254216211c0e!8m2!3d13.7408094!4d100.5617942!16s%2Fg%2F11lp0m4yjl!19sChIJgzo8E7qIo64RDhwhFkIllIw?authuser=0&hl=en&rclk=1"
"0x30e29ee2e3c1f065:0x1c56d06936898526","MOS Dental Clinic - Exchange Tower","Dental clinic","
388 เอ็กเชนจ์ทาวเวอร์ ชั้น LG Khlong Toei, Bangkok 10110, Thailand","PHP6+6M Bangkok, Thailand","","","+66 2 260 7736","http://www.facebook.com/mosdentalclinic","","4.8","359","","","Open","","https://www.google.com/maps/place/MOS+Dental+Clinic+-+Exchange+Tower/data=!4m7!3m6!1s0x30e29ee2e3c1f065:0x1c56d06936898526!8m2!3d13.7355822!4d100.5616962!16s%2Fg%2F1thx617x!19sChIJZfDB4-Ke4jARJoWJNmnQVhw?authuser=0&hl=en&rclk=1"
"0x30e29f1cedcfee17:0x7bf0b32fde5d54e","Bangkok Smile Dental Clinic Summer hill, Phra khanong, คลินิกจัดฟัน บางกอกสไมล์ ซัมเมอร์ฮิล พระโขนง","Dental clinic","
1106 ห้อง 109 Sukhumvit Rd, Phra Khanong, Khlong Toei, Bangkok 10110, Thailand","PH7R+RM Bangkok, Thailand","","","+66 2 105 4288","https://www.bangkoksmiledental.co.th/","","4.8","265","","","Open","","https://www.google.com/maps/place/Bangkok+Smile+Dental+Clinic+Summer+hill,+Phra+khanong,+%E0%B8%84%E0%B8%A5%E0%B8%B4%E0%B8%99%E0%B8%B4%E0%B8%81%E0%B8%88%E0%B8%B1%E0%B8%94%E0%B8%9F%E0%B8%B1%E0%B8%99+%E0%B8%9A%E0%B8%B2%E0%B8%87%E0%B8%81%E0%B8%AD%E0%B8%81%E0%B8%AA%E0%B9%84%E0%B8%A1%E0%B8%A5%E0%B9%8C+%E0%B8%8B%E0%B8%B1%E0%B8%A1%E0%B9%80%E0%B8%A1%E0%B8%AD%E0%B8%A3%E0%B9%8C%E0%B8%AE%E0%B8%B4%E0%B8%A5+%E0%B8%9E%E0%B8%A3%E0%B8%B0%E0%B9%82%E0%B8%82%E0%B8%99%E0%B8%87/data=!4m7!3m6!1s0x30e29f1cedcfee17:0x7bf0b32fde5d54e!8m2!3d13.714596!4d100.591686!16s%2Fg%2F11p42k6fwc!19sChIJF-7P7Ryf4jARTtXl_TILvwc?authuser=0&hl=en&rclk=1"
"0x30e29ef9b553df39:0x3aaad92e642ee793","Pacific Dental Care","Dental clinic","
147/5-6 Baan Prompong Condominium, 39, Soi Sukhumvit, Klongton Nua, Watthana, Bangkok 10110, Thailand","PHVC+3W Bangkok, Thailand","","","+66 86 363 6566","http://www.pacificdentalbangkok.com/","","4.1","59","","","Open","","https://www.google.com/maps/place/Pacific+Dental+Care/data=!4m7!3m6!1s0x30e29ef9b553df39:0x3aaad92e642ee793!8m2!3d13.74267!4d100.572306!16s%2Fg%2F1pzyf39xr!19sChIJOd9Ttfme4jARk-cuZC7Zqjo?authuser=0&hl=en&rclk=1"
"0x30e29f9c9a01c193:0x1fc177af344b11bf","Multi Dent Dental Clinic","Dental clinic","
870 Sukhumvit 38-40 เขตพระโขนง Khlong Toei, Bangkok 10110, Thailand","PHFH+6X Bangkok, Thailand","","","+66 80 239 2456","https://lin.ee/Mq0DLpE","","4.9","810","","","Open","","https://www.google.com/maps/place/Multi+Dent+Dental+Clinic/data=!4m7!3m6!1s0x30e29f9c9a01c193:0x1fc177af344b11bf!8m2!3d13.723024!4d100.5799466!16s%2Fg%2F11fl5gbsh0!19sChIJk8EBmpyf4jARvxFLNK93wR8?authuser=0&hl=en&rclk=1"
"0x30e29f059ee1cce9:0x9dd9b2fabeb93697","Dr.Dentist Clinic","Dental clinic","
92 Sukhumvit 24 Alley, Khlong Tan, Khlong Toei, Bangkok 10110, Thailand","PHF8+6H Bangkok, Thailand","","","+66 80 595 4448","","","4.0","28","","","Open","","https://www.google.com/maps/place/Dr.Dentist+Clinic/data=!4m7!3m6!1s0x30e29f059ee1cce9:0x9dd9b2fabeb93697!8m2!3d13.7230594!4d100.5664005!16s%2Fg%2F1yg6npx3j!19sChIJ6czhngWf4jARlza5vvqy2Z0?authuser=0&hl=en&rclk=1"
"0x30e29fbb3ed53d2f:0x6f23a049cb88dcd7","Bright Smile","Dental clinic","
S240,241,242,243 ชั้น2 ศูนย์การค้า Victory Hub 459 13-15 Ratchawithi Rd, Thanon Phaya Thai, Ratchathewi, Bangkok 10400, Thailand","QG7Q+VP Bangkok, Thailand","","","+66 65 663 5915","","","4.7","27","","","Open","","https://www.google.com/maps/place/Bright+Smile/data=!4m7!3m6!1s0x30e29fbb3ed53d2f:0x6f23a049cb88dcd7!8m2!3d13.7646349!4d100.5393493!16s%2Fg%2F11rc7n95rv!19sChIJLz3VPruf4jAR19yIy0mgI28?authuser=0&hl=en&rclk=1"
"0x30e29eba0be27d7f:0xc1a8250d9029c50d","Anusaowari Clinic","Medical clinic","
481 7 Ratchawithi Rd, Thanon Phaya Thai, Ratchathewi, Bangkok 10400, Thailand","QG7R+J7 Bangkok, Thailand","","","+66 2 245 4595","","","3.4","11","","","Open","","https://www.google.com/maps/place/Anusaowari+Clinic/data=!4m7!3m6!1s0x30e29eba0be27d7f:0xc1a8250d9029c50d!8m2!3d13.7640428!4d100.5407213!16s%2Fg%2F1hm3w4s4z!19sChIJf33iC7qe4jARDcUpkA0lqME?authuser=0&hl=en&rclk=1"
"0x30de11417dbd9b85:0x546ed15de521fcac","Victory Corner","Shopping mall","
1 Phaya Thai Rd, Thanon Phaya Thai, Ratchathewi, Bangkok 10400, Thailand","QG7Q+F6 Bangkok, Thailand","","","+66 2 245 5573","","","4.3","86","Moderately priced","€€","Open","","https://www.google.com/maps/place/Victory+Corner/data=!4m7!3m6!1s0x30de11417dbd9b85:0x546ed15de521fcac!8m2!3d13.7636569!4d100.5380112!16s%2Fg%2F1hc16bnt4!19sChIJhZu9fUER3jARrPwh5V3RblQ?authuser=0&hl=en&rclk=1"
"0x30e29eb391ba86c3:0x78a53785700b5b36","MU DENT Faculty of Dentistry (Special Clinic)","Dental clinic","
ชั้น 2, โรงพยาบาลทันตกรรมคณะทันตแพทยศาสตร์ มหาวิทยาลัยมหิดล (พญาไท, เลขที่ 6 Yothi Rd, Khwaeng Thung Phaya Thai, Ratchathewi, Bangkok 10400, Thailand","QG7M+H7 Bangkok, Thailand","","","+66 2 200 7799","https://dt.mahidol.ac.th/hospital-mudent/guidelines-for-receiving-services-special-clinic/","","3.3","23","","","Open","","https://www.google.com/maps/place/MU+DENT+Faculty+of+Dentistry+%28Special+Clinic%29/data=!4m7!3m6!1s0x30e29eb391ba86c3:0x78a53785700b5b36!8m2!3d13.7638931!4d100.5331455!16s%2Fg%2F1yg6nppvc!19sChIJw4a6kbOe4jARNlsLcIU3pXg?authuser=0&hl=en&rclk=1"
"0x30e29937fac6d307:0x76b273c7dbdf2d9","Mission Hospital Bangkok","Private hospital","
430 Phitsanulok Rd, Si Yaek Maha Nak, Dusit District, Bangkok 10300, Thailand","QG59+4Q Bangkok, Thailand","13.7578678","100.5194916","+66 2 281 1422","http://www.mission-hospital.org/","","4.4","1130","","","Open","","https://www.google.com/maps/place/Mission+Hospital+Bangkok/@13.7578678,100.5194916,17z/data=!3m1!4b1!4m6!3m5!1s0x30e29937fac6d307:0x76b273c7dbdf2d9!8m2!3d13.7578678!4d100.5194916!16s%2Fm%2F02r4pl3?authuser=0&hl=en&entry=ttu&g_ep=EgoyMDI2MDYxNi4wIKXMDSoASAFQAw%3D%3D"
"0x30e2993c78106feb:0xdf88b20ad537e8aa","SML Dental Clinic","Dental clinic","
518 520 Bamrung Mueang Rd, Wat Thep Sirin, Pom Prap Sattru Phai, Bangkok 10100, Thailand","QG27+42 Bangkok, Thailand","","","+66 86 601 2302","","","4.8","5","","","Open","","https://www.google.com/maps/place/SML+Dental+Clinic/data=!4m7!3m6!1s0x30e2993c78106feb:0xdf88b20ad537e8aa!8m2!3d13.7503577!4d100.5126086!16s%2Fg%2F1s04g8chm!19sChIJ628QeDyZ4jARqug31QqyiN8?authuser=0&hl=en&rclk=1"
"0x30e29929b71e719b:0x4d091f829bff0b55","Dr. Chula's Small Animal Clinic","Veterinarian","
89 Charat Mueang Alley, Rong Mueang, Pathum Wan, Bangkok 10330, Thailand","PGVC+4H Bangkok, Thailand","","","+66 2 215 1272","https://www.petmap.co/place/drchulaclinic/","","4.6","156","","","Open","","https://www.google.com/maps/place/Dr.+Chula%27s+Small+Animal+Clinic/data=!4m7!3m6!1s0x30e29929b71e719b:0x4d091f829bff0b55!8m2!3d13.7427912!4d100.5214161!16s%2Fg%2F1hc6kjwk0!19sChIJm3EetymZ4jARVQv_m4IfCU0?authuser=0&hl=en&rclk=1"
"0x30e29f1aefe75ccb:0x67117238da2e1af5","Dental Home Clinic พระโขนง คลินิกทันตกรรม จัดฟัน รากฟันเทียม デンタルホームクリニック","Cosmetic dentist","
1665 Sukhumvit Rd, Phra Khanong Nuea, Watthana, Bangkok 10110, Thailand","PH7V+9H Bangkok, Thailand","","","+66 61 416 2164","https://www.facebook.com/dentalhomeclinic.phrakhanongnuea","","5.0","263","","","Open","","https://www.google.com/maps/place/Dental+Home+Clinic+%E0%B8%9E%E0%B8%A3%E0%B8%B0%E0%B9%82%E0%B8%82%E0%B8%99%E0%B8%87+%E0%B8%84%E0%B8%A5%E0%B8%B4%E0%B8%99%E0%B8%B4%E0%B8%81%E0%B8%97%E0%B8%B1%E0%B8%99%E0%B8%95%E0%B8%81%E0%B8%A3%E0%B8%A3%E0%B8%A1+%E0%B8%88%E0%B8%B1%E0%B8%94%E0%B8%9F%E0%B8%B1%E0%B8%99+%E0%B8%A3%E0%B8%B2%E0%B8%81%E0%B8%9F%E0%B8%B1%E0%B8%99%E0%B9%80%E0%B8%97%E0%B8%B5%E0%B8%A2%E0%B8%A1+%E3%83%87%E3%83%B3%E3%82%BF%E3%83%AB%E3%83%9B%E3%83%BC%E3%83%A0%E3%82%AF%E3%83%AA%E3%83%8B%E3%83%83%E3%82%AF/data=!4m7!3m6!1s0x30e29f1aefe75ccb:0x67117238da2e1af5!8m2!3d13.7134604!4d100.5939022!16s%2Fg%2F11ny1y9kd0!19sChIJy1zn7xqf4jAR9Rou2jhyEWc?authuser=0&hl=en&rclk=1"
"0x30e29ff87d5c3c31:0x96e61010e15cab30","NP International Dental Clinic","Specialized clinic","
751 Sukhumvit 41 Alley, Klongton Nua Watthana, Bangkok 10110, Thailand","PHHC+HV Bangkok, Thailand","","","+66 95 963 9068","https://www.npidcdentalclinic.com/","","4.7","89","","","Open","","https://www.google.com/maps/place/NP+International+Dental+Clinic/data=!4m7!3m6!1s0x30e29ff87d5c3c31:0x96e61010e15cab30!8m2!3d13.728878!4d100.5722329!16s%2Fg%2F11hzyz4thw!19sChIJMTxcffif4jARMKtc4RAQ5pY?authuser=0&hl=en&rclk=1"
"0x30e29fd0ab1794f9:0xc62352c8206c53ae","DAH-Dentaholic Dental Clinic (คลินิกทันตกรรมเด๊นท์อะฮอลิค)","Dental clinic","
3767, ปตท. กล้วยน้ำไท, 3 Rama IV Rd, Phra Khanong, คลองเตย, Bangkok 10110, Thailand","Plus Code: PH7J+QQ Bangkok, Thailand","","","+66 83 836 4655","https://www.dentaholicdental.com/","","5.0","166","","","Open","","https://www.google.com/maps/place/DAH-Dentaholic+Dental+Clinic+%28%E0%B8%84%E0%B8%A5%E0%B8%B4%E0%B8%99%E0%B8%B4%E0%B8%81%E0%B8%97%E0%B8%B1%E0%B8%99%E0%B8%95%E0%B8%81%E0%B8%A3%E0%B8%A3%E0%B8%A1%E0%B9%80%E0%B8%94%E0%B9%8A%E0%B8%99%E0%B8%97%E0%B9%8C%E0%B8%AD%E0%B8%B0%E0%B8%AE%E0%B8%AD%E0%B8%A5%E0%B8%B4%E0%B8%84%29/data=!4m7!3m6!1s0x30e29fd0ab1794f9:0xc62352c8206c53ae!8m2!3d13.714392!4d100.5819133!16s%2Fg%2F11trtz76lp!19sChIJ-ZQXq9Cf4jARrlNsIMhSI8Y?authuser=0&hl=en&rclk=1"
"0x311d61990123685d:0x4076d8e0de2d567b","Gold 9 Dental Clinic","Dental clinic","
199/13 , 14 , 15 ห้วยขวาง Huai Khwang, Bangkok 10310, Thailand","QH59+2C Bangkok, Thailand","","","+66 63 245 1469","https://www.gold9dentalclinic.com/","","5.0","373","","","Open","","https://www.google.com/maps/place/Gold+9+Dental+Clinic/data=!4m7!3m6!1s0x311d61990123685d:0x4076d8e0de2d567b!8m2!3d13.7575474!4d100.5685191!16s%2Fg%2F11jzfb1pnq!19sChIJXWgjAZlhHTERe1Yt3uDYdkA?authuser=0&hl=en&rclk=1"
"0x30e29fc44701a80b:0xff7a81fafd2aa16","Prosmiles Dental Clinic Rama IX | คลินิคทันตกรรม โปรสไมล์ ทำฟัน จัดฟัน รักษาฟัน พระราม 9","Dental clinic","
304 Thanon Asok - Din Daeng, Din Daeng, Bangkok 10400, Thailand","QH47+GP Bangkok, Thailand","","","+66 83 991 9242","https://www.facebook.com/Prosmilesdentalclinic/","","4.8","141","","","Open","","https://www.google.com/maps/place/Prosmiles+Dental+Clinic+Rama+IX+%7C+%E0%B8%84%E0%B8%A5%E0%B8%B4%E0%B8%99%E0%B8%B4%E0%B8%84%E0%B8%97%E0%B8%B1%E0%B8%99%E0%B8%95%E0%B8%81%E0%B8%A3%E0%B8%A3%E0%B8%A1+%E0%B9%82%E0%B8%9B%E0%B8%A3%E0%B8%AA%E0%B9%84%E0%B8%A1%E0%B8%A5%E0%B9%8C+%E0%B8%97%E0%B8%B3%E0%B8%9F%E0%B8%B1%E0%B8%99+%E0%B8%88%E0%B8%B1%E0%B8%94%E0%B8%9F%E0%B8%B1%E0%B8%99+%E0%B8%A3%E0%B8%B1%E0%B8%81%E0%B8%A9%E0%B8%B2%E0%B8%9F%E0%B8%B1%E0%B8%99+%E0%B8%9E%E0%B8%A3%E0%B8%B0%E0%B8%A3%E0%B8%B2%E0%B8%A1+9/data=!4m7!3m6!1s0x30e29fc44701a80b:0xff7a81fafd2aa16!8m2!3d13.75632!4d100.5643261!16s%2Fg%2F11jwb9cvf7!19sChIJC6gBR8Sf4jARFqrSrx-o9w8?authuser=0&hl=en&rclk=1"
"0x30e299192c607195:0xd4bd26d1b79ae900","Pose Dental Clinic คลินิกทันตกรรม ทำฟัน จัดฟัน ถอนฟัน อุดฟัน วีเนียร์ ฟอกสีฟัน รากฟันเทียม ขูดหินปูน ฟันปลอม","Dental clinic","
โครงการกรีนเพลส ชั้น 2, 88/8 Chan 43 Alley, Bang Khlo, Bang Kho Laem, Bangkok 10120, Thailand","PG3C+3R Bangkok, Thailand","13.702688","100.5220591","+66 97 269 0474","https://www.facebook.com/PoseDental","","5.0","442","","","Open","","https://www.google.com/maps/place/Pose+Dental+Clinic+%E0%B8%84%E0%B8%A5%E0%B8%B4%E0%B8%99%E0%B8%B4%E0%B8%81%E0%B8%97%E0%B8%B1%E0%B8%99%E0%B8%95%E0%B8%81%E0%B8%A3%E0%B8%A3%E0%B8%A1+%E0%B8%97%E0%B8%B3%E0%B8%9F%E0%B8%B1%E0%B8%99+%E0%B8%88%E0%B8%B1%E0%B8%94%E0%B8%9F%E0%B8%B1%E0%B8%99+%E0%B8%96%E0%B8%AD%E0%B8%99%E0%B8%9F%E0%B8%B1%E0%B8%99+%E0%B8%AD%E0%B8%B8%E0%B8%94%E0%B8%9F%E0%B8%B1%E0%B8%99+%E0%B8%A7%E0%B8%B5%E0%B9%80%E0%B8%99%E0%B8%B5%E0%B8%A2%E0%B8%A3%E0%B9%8C+%E0%B8%9F%E0%B8%AD%E0%B8%81%E0%B8%AA%E0%B8%B5%E0%B8%9F%E0%B8%B1%E0%B8%99+%E0%B8%A3%E0%B8%B2%E0%B8%81%E0%B8%9F%E0%B8%B1%E0%B8%99%E0%B9%80%E0%B8%97%E0%B8%B5%E0%B8%A2%E0%B8%A1+%E0%B8%82%E0%B8%B9%E0%B8%94%E0%B8%AB%E0%B8%B4%E0%B8%99%E0%B8%9B%E0%B8%B9%E0%B8%99+%E0%B8%9F%E0%B8%B1%E0%B8%99%E0%B8%9B%E0%B8%A5%E0%B8%AD%E0%B8%A1/@13.702688,100.5220591,17z/data=!3m1!4b1!4m6!3m5!1s0x30e299192c607195:0xd4bd26d1b79ae900!8m2!3d13.702688!4d100.5220591!16s%2Fg%2F11thw2nt9h?authuser=0&hl=en&entry=ttu&g_ep=EgoyMDI2MDYxNi4wIKXMDSoASAFQAw%3D%3D"
"0x30e29f3f1eecb53b:0x60e45896c5155392","Edelweiss Dental House Sukhumvit 15 branch","Dental clinic","
6th Avenue, Sukhumvit 15 Klongtoey, Nue, Watthana, Bangkok 10110, Thailand","PHQ5+WC Bangkok, Thailand","","","+66 95 464 6663","https://www.edelweissdentalhouse.com/en/home/","","4.7","73","","","Open","","https://www.google.com/maps/place/Edelweiss+Dental+House+Sukhumvit+15+branch/data=!4m7!3m6!1s0x30e29f3f1eecb53b:0x60e45896c5155392!8m2!3d13.7398298!4d100.5585496!16s%2Fg%2F11vzcf0ngt!19sChIJO7XsHj-f4jARklMVxZZY5GA?authuser=0&hl=en&rclk=1"
"0x30e299e9798a606f:0x630cb43cc77b8caa","ราชเทวีเด็นทัลคลินิกทันตกรรม","Dental clinic","
486, 100 Phetchaburi 16 Alley, Thanon Phetchaburi, Ratchathewi, Bangkok 10400, Thailand","QG3J+7F Bangkok, Thailand","","","+66 2 611 1194","","","4.3","10","","","Open","","https://www.google.com/maps/place/%E0%B8%A3%E0%B8%B2%E0%B8%8A%E0%B9%80%E0%B8%97%E0%B8%A7%E0%B8%B5%E0%B9%80%E0%B8%94%E0%B9%87%E0%B8%99%E0%B8%97%E0%B8%B1%E0%B8%A5%E0%B8%84%E0%B8%A5%E0%B8%B4%E0%B8%99%E0%B8%B4%E0%B8%81%E0%B8%97%E0%B8%B1%E0%B8%99%E0%B8%95%E0%B8%81%E0%B8%A3%E0%B8%A3%E0%B8%A1/data=!4m7!3m6!1s0x30e299e9798a606f:0x630cb43cc77b8caa!8m2!3d13.753235!4d100.5311456!16s%2Fg%2F11j029p5qb!19sChIJb2CKeemZ4jARqox7xzy0DGM?authuser=0&hl=en&rclk=1"
"0x30e29c2abcfd8773:0xe0a55146fcbbbdbf","Veranda Dental Clinic","Dental clinic","
G floor (Basement, Fortune town, Education zone, ชั้น G (ชั้นใต้ดิน) ฟอร์จูนทาวน์ โซนการศึกษา, Din Daeng, Bangkok 10400, Thailand","QH68+56 Bangkok, Thailand","","","+66 81 557 7057","http://www.verandadent.com/","","4.2","143","","","Open","","https://www.google.com/maps/place/Veranda+Dental+Clinic/data=!4m7!3m6!1s0x30e29c2abcfd8773:0xe0a55146fcbbbdbf!8m2!3d13.7603819!4d100.5655092!16s%2Fg%2F1yh9vgfq1!19sChIJc4f9vCqc4jARv727_EZRpeA?authuser=0&hl=en&rclk=1"
"0x30e29ea5e77f2989:0x9d9d610cbf85cec0","Let's Smile Dental Clinic (牙医诊所)","Dental clinic","
1031/13 Phahonyothin Rd, Phaya Thai, Bangkok 10400, Thailand","QGFR+FV Bangkok, Thailand","","","+66 90 956 6060","http://www.letssmile-dent.com/","","4.9","74","","","Open","","https://www.google.com/maps/place/Let%27s+Smile+Dental+Clinic+%28%E7%89%99%E5%8C%BB%E8%AF%8A%E6%89%80%29/data=!4m7!3m6!1s0x30e29ea5e77f2989:0x9d9d610cbf85cec0!8m2!3d13.773639!4d100.542248!16s%2Fg%2F1hm5lv_cd!19sChIJiSl_56We4jARwM6FvwxhnZ0?authuser=0&hl=en&rclk=1"
"0x30e2992400000000:0x756bab1d340316f8","Thai Sanguanwat Chemical Co., Ltd.","Chemical manufacturer","
Rama VI Rd, Rong Mueang, Pathum Wan, Bangkok 10330, Thailand","PGWC+53 Bangkok, Thailand","","","+66 2 216 7608","http://www.tsgroup.co.th/","","3.5","6","","","Open","","https://www.google.com/maps/place/Thai+Sanguanwat+Chemical+Co.,+Ltd./data=!4m7!3m6!1s0x30e2992400000000:0x756bab1d340316f8!8m2!3d13.7453997!4d100.520249!16s%2Fg%2F1thp5fwf!19sChIJAAAAACSZ4jAR-BYDNB2ra3U?authuser=0&hl=en&rclk=1"
"0x30e2992d5098fb0d:0xb0a94f3bd4d29e51","ธรรมดาคลินิก ta-ma-da clinic (MRT สามย่าน สามย่านมิตรทาวน์ )","Medical clinic","
สามย่านมิตรทาวน์ ชั้น 2, 944 Rama IV Rd, Wang Mai, Pathum Wan, Bangkok 10330, Thailand","PGMH+C6 Bangkok, Thailand","","","+66 2 055 6978","https://www.tamadaclinic.com/","","4.9","647","","","Open","","https://www.google.com/maps/place/%E0%B8%98%E0%B8%A3%E0%B8%A3%E0%B8%A1%E0%B8%94%E0%B8%B2%E0%B8%84%E0%B8%A5%E0%B8%B4%E0%B8%99%E0%B8%B4%E0%B8%81+ta-ma-da+clinic+%28MRT+%E0%B8%AA%E0%B8%B2%E0%B8%A1%E0%B8%A2%E0%B9%88%E0%B8%B2%E0%B8%99+%E0%B8%AA%E0%B8%B2%E0%B8%A1%E0%B8%A2%E0%B9%88%E0%B8%B2%E0%B8%99%E0%B8%A1%E0%B8%B4%E0%B8%95%E0%B8%A3%E0%B8%97%E0%B8%B2%E0%B8%A7%E0%B8%99%E0%B9%8C+%29/data=!4m7!3m6!1s0x30e2992d5098fb0d:0xb0a94f3bd4d29e51!8m2!3d13.7335982!4d100.5280044!16s%2Fg%2F11y2d6k6vq!19sChIJDfuYUC2Z4jARUZ7S1DtPqbA?authuser=0&hl=en&rclk=1"
"0x30e29fe63cd2f3a1:0x7253a9f43b644738","Mister Dentist Silom คลินิกทันตกรรมมิสเตอร์เดนทิส สาขาสีลม","Dental clinic","
อาคารเลขที่ 60/6-7 ชั้น 2 ร้าน ร้านBoots ชั้น2 Si Lom Rd, Suriya Wong, Bang Rak, Bangkok 10500, Thailand","PGHM+GR Bangkok, Thailand","","","+66 82 992 2463","https://www.facebook.com/MisterDentistsilom/","","4.5","26","","","Open","","https://www.google.com/maps/place/Mister+Dentist+Silom+%E0%B8%84%E0%B8%A5%E0%B8%B4%E0%B8%99%E0%B8%B4%E0%B8%81%E0%B8%97%E0%B8%B1%E0%B8%99%E0%B8%95%E0%B8%81%E0%B8%A3%E0%B8%A3%E0%B8%A1%E0%B8%A1%E0%B8%B4%E0%B8%AA%E0%B9%80%E0%B8%95%E0%B8%AD%E0%B8%A3%E0%B9%8C%E0%B9%80%E0%B8%94%E0%B8%99%E0%B8%97%E0%B8%B4%E0%B8%AA+%E0%B8%AA%E0%B8%B2%E0%B8%82%E0%B8%B2%E0%B8%AA%E0%B8%B5%E0%B8%A5%E0%B8%A1/data=!4m7!3m6!1s0x30e29fe63cd2f3a1:0x7253a9f43b644738!8m2!3d13.7288536!4d100.5345191!16s%2Fg%2F11p0bqlg27!19sChIJofPSPOaf4jAROEdkO_SpU3I?authuser=0&hl=en&rclk=1"
"0x30e29f1811b9821f:0xd67e6f09f61bed95","ศูนย์ทันตกรรม สมภพ-อัมพุช","Dental clinic","
1 ชั้น6 Rama IV Rd, Khwaeng Suriya Wong, Khet Bang Rak, Krung Thep Maha Nakhon 10500","PGJM+2J Bangkok","","","02 235 2615","","","2.6","62","","","Open","","https://www.google.com/maps/place/%E0%B8%A8%E0%B8%B9%E0%B8%99%E0%B8%A2%E0%B9%8C%E0%B8%97%E0%B8%B1%E0%B8%99%E0%B8%95%E0%B8%81%E0%B8%A3%E0%B8%A3%E0%B8%A1+%E0%B8%AA%E0%B8%A1%E0%B8%A0%E0%B8%9E-%E0%B8%AD%E0%B8%B1%E0%B8%A1%E0%B8%9E%E0%B8%B8%E0%B8%8A/data=!4m7!3m6!1s0x30e29f1811b9821f:0xd67e6f09f61bed95!8m2!3d13.7300689!4d100.5341158!16s%2Fg%2F1hc0ynbn_!19sChIJH4K5ERif4jARle0b9glvftY?authuser=0&hl=en&rclk=1"
"0x30e29ee76f70e957:0xc3ffbb26a87e7ddf","Happy Nana Dental Clinic","Dental clinic","
Lobby of Nana hotel (Sukhunvit4, Klong Toei, Bangkok 10110, Thailand","PHR3+H3 Bangkok, Thailand","13.7414374","100.5526706","+66 98 396 9965","https://www.facebook.com/Happynanadental/","","4.7","12","","","Open","","https://www.google.com/maps/place/Happy+Nana+Dental+Clinic/@13.7414374,100.5526706,17z/data=!3m1!4b1!4m6!3m5!1s0x30e29ee76f70e957:0xc3ffbb26a87e7ddf!8m2!3d13.7414374!4d100.5526706!16s%2Fg%2F11f3zxv3rn?authuser=0&hl=en&entry=ttu&g_ep=EgoyMDI2MDYxNi4wIKXMDSoASAFQAw%3D%3D"
"0x30e29febcbc4d22b:0xd949c671bb64645d","Bangkok Dental Care","Dentist","
3rd Floor, Century the Movie Plaza 2, Sukhumvit, Phrakanong, Watthana, Bangkok 10110","PJ42+5F Bangkok","","","064 196 5596","https://www.facebook.com/BangkokDentalCare","","4.7","362","","","Open","","https://www.google.com/maps/place/Bangkok+Dental+Care/data=!4m7!3m6!1s0x30e29febcbc4d22b:0xd949c671bb64645d!8m2!3d13.7054644!4d100.6012453!16s%2Fg%2F11gdkx5bvr!19sChIJK9LEy-uf4jARXWRku3HGSdk?authuser=0&hl=en&rclk=1"
"0x30e29ee80e4a360b:0x7f98837ca7d18381","Bumrungrad Spine Institute","Hospital department","
33 Soi Sukhumvit 3, Khlong Toei Nuea, Watthana, Bangkok 10110, Thailand","PHW3+74 Bangkok, Thailand","","","+66 2 066 8888","http://www.bumrungrad.com/en/patient-services/clinics-and-centers/specialists-spine-surgery-thailand","","4.7","6","","","Open","","https://www.google.com/maps/place/Bumrungrad+Spine+Institute/data=!4m7!3m6!1s0x30e29ee80e4a360b:0x7f98837ca7d18381!8m2!3d13.7456592!4d100.552804!16s%2Fg%2F12hksnp06!19sChIJCzZKDuie4jARgYPRp3yDmH8?authuser=0&hl=en&rclk=1"
"0x30e29ee319511537:0xacbbfa9df50c3bcd","MOS Dental Clinic Interchange Asok","Dental clinic","
MOS Dental Clinic (Prima Dental) 399 Interchange Building UL flr. Room No. 306 Sukhumvit Rd. Khlong Toei Nuea Watthana Bangkok 10110, Thailand","PHP6+JM Bangkok, Thailand","","","+66 86 605 0558","http://www.facebook.com/mosdentalclinic","","4.9","666","","","Open","","https://www.google.com/maps/place/MOS+Dental+Clinic+Interchange+Asok/data=!4m7!3m6!1s0x30e29ee319511537:0xacbbfa9df50c3bcd!8m2!3d13.73656!4d100.561637!16s%2Fg%2F1tdxh9hx!19sChIJNxVRGeOe4jARzTsM9Z36u6w?authuser=0&hl=en&rclk=1"
"0x30e29eb0d733dc9d:0x63c42ce3858b0a76","Petchara Clinic","Dental clinic","
Ratchawithi 11 Alley, Thanon Phaya Thai, Ratchathewi, Bangkok 10400, Thailand","QG7Q+C8 Bangkok, Thailand","","","+66 94 741 9369","https://www.petcharadentalclinic.com/","","5.0","16","","","Open","","https://www.google.com/maps/place/Petchara+Clinic/data=!4m7!3m6!1s0x30e29eb0d733dc9d:0x63c42ce3858b0a76!8m2!3d13.7635199!4d100.538357!16s%2Fg%2F1tgdff4_!19sChIJndwz17Ce4jARdgqLheMsxGM?authuser=0&hl=en&rclk=1"
"0x30e29d52bc5862c5:0x4e988d4f96e51343","playground clinic","Skin care clinic","
27/3 Soi Ratchawithi 3, Thanon Phaya Thai, Ratchathewi, Bangkok 10400, Thailand","QG6Q+CV Bangkok, Thailand","","","+66 98 272 5457","","","5.0","5","","","Open","","https://www.google.com/maps/place/playground+clinic/data=!4m7!3m6!1s0x30e29d52bc5862c5:0x4e988d4f96e51343!8m2!3d13.7610381!4d100.5397333!16s%2Fg%2F11gsbjkrr8!19sChIJxWJYvFKd4jARQxPllk-NmE4?authuser=0&hl=en&rclk=1"
"0x30e29eb17fe294ef:0x3d35c7c48223a0f4","Queen Sirikit National Institute of Child Health","Children's hospital","
420/8 Ratchawithi Rd, Thung Phaya Thai, Ratchathewi, Bangkok 10400, Thailand","QG8P+83 Bangkok, Thailand","","","+66 2 354 8333","https://www.childrenhospital.go.th/","","3.5","523","","","Open","","https://www.google.com/maps/place/Queen+Sirikit+National+Institute+of+Child+Health/data=!4m7!3m6!1s0x30e29eb17fe294ef:0x3d35c7c48223a0f4!8m2!3d13.7658293!4d100.5352354!16s%2Fg%2F1tlbg05f!19sChIJ75Tif7Ge4jAR9KAjgsTHNT0?authuser=0&hl=en&rclk=1"
"0x30e2996c3a9dd6a1:0x21cf920295f3764e","66-Dental Clinic","Dental clinic","
66 Sam Sen Rd, Ban Phan Thom, Phra Nakhon, Bangkok 10200, Thailand","QF7X+GQ Bangkok, Thailand","","","+66 2 281 9835","http://66dentalclinic.com/","","4.8","120","","","Open","","https://www.google.com/maps/place/66-Dental+Clinic/data=!4m7!3m6!1s0x30e2996c3a9dd6a1:0x21cf920295f3764e!8m2!3d13.7638406!4d100.49942!16s%2Fg%2F1tfc41f9!19sChIJodadOmyZ4jARTnbzlQKSzyE?authuser=0&hl=en&rclk=1"
"0x30e299689a6f0281:0xbb7169a84cedfdd5","Bangkok Dental Clinic","Dental clinic","
347 Sam Sen Rd, Wat Sam Phraya, Phra Nakhon, Bangkok 10200, Thailand","QG93+P8 Bangkok, Thailand","","","+66 64 736 6888","http://www.bangkokdentalclinic.com/","","4.5","30","","","Open","","https://www.google.com/maps/place/Bangkok+Dental+Clinic/data=!4m7!3m6!1s0x30e299689a6f0281:0xbb7169a84cedfdd5!8m2!3d13.7693526!4d100.5033207!16s%2Fg%2F1tpc5dxd!19sChIJgQJvmmiZ4jAR1f3tTKhpcbs?authuser=0&hl=en&rclk=1"
"0x30e299a8d23ab7c1:0xfb9d208c08bbe4b9","คลินิกทันตกรรมณรงค์ศักดิ์","Dental clinic","
546 ถ. หลวง Pom Prap, Pom Prap Sattru Phai, Bangkok 10100, Thailand","PGW6+JC Bangkok, Thailand","","","+66 2 221 7897","","","4.8","5","","","Open","","https://www.google.com/maps/place/%E0%B8%84%E0%B8%A5%E0%B8%B4%E0%B8%99%E0%B8%B4%E0%B8%81%E0%B8%97%E0%B8%B1%E0%B8%99%E0%B8%95%E0%B8%81%E0%B8%A3%E0%B8%A3%E0%B8%A1%E0%B8%93%E0%B8%A3%E0%B8%87%E0%B8%84%E0%B9%8C%E0%B8%A8%E0%B8%B1%E0%B8%81%E0%B8%94%E0%B8%B4%E0%B9%8C/data=!4m7!3m6!1s0x30e299a8d23ab7c1:0xfb9d208c08bbe4b9!8m2!3d13.7465736!4d100.5110645!16s%2Fg%2F11g_rz3z5c!19sChIJwbc60qiZ4jARueS7CIwgnfs?authuser=0&hl=en&rclk=1"
"0x30e29efe51d7c06f:0x10020a891148306e","Dente Align Clinic คลินิกทันตกรรมเดนเต้ อไลน์ (Invisalign Diamond Provider)","Dental clinic","
29 Upper Suites Tower, Sukhumvit 39, Khlong Tan Nuea, Watthana, Bangkok 10110, Thailand","PHPC+2H Bangkok, Thailand","","","+66 64 446 6626","http://www.facebook.com/dentealign","","4.6","80","","","Open","","https://www.google.com/maps/place/Dente+Align+Clinic+%E0%B8%84%E0%B8%A5%E0%B8%B4%E0%B8%99%E0%B8%B4%E0%B8%81%E0%B8%97%E0%B8%B1%E0%B8%99%E0%B8%95%E0%B8%81%E0%B8%A3%E0%B8%A3%E0%B8%A1%E0%B9%80%E0%B8%94%E0%B8%99%E0%B9%80%E0%B8%95%E0%B9%89+%E0%B8%AD%E0%B9%84%E0%B8%A5%E0%B8%99%E0%B9%8C+%28Invisalign+Diamond+Provider%29/data=!4m7!3m6!1s0x30e29efe51d7c06f:0x10020a891148306e!8m2!3d13.7350643!4d100.5713808!16s%2Fg%2F11g9qt9x42!19sChIJb8DXUf6e4jARbjBIEYkKAhA?authuser=0&hl=en&rclk=1"
"0x30e29eca66c24e73:0xe100aa3fb22630ba","VitalSleep and Wellness รักษานอนกรน","Medical Center","
128/364 ชั้น 33 อาคารพญาไทพลาซ่า Thung Phaya Thai, Ratchathewi, Bangkok 10400, Thailand","QG4J+HR Bangkok, Thailand","","","+66 2 109 9998","http://www.vitalsleepclinic.com/","","4.3","44","","","Open","","https://www.google.com/maps/place/VitalSleep+and+Wellness+%E0%B8%A3%E0%B8%B1%E0%B8%81%E0%B8%A9%E0%B8%B2%E0%B8%99%E0%B8%AD%E0%B8%99%E0%B8%81%E0%B8%A3%E0%B8%99/data=!4m7!3m6!1s0x30e29eca66c24e73:0xe100aa3fb22630ba!8m2!3d13.7564458!4d100.5320615!16s%2Fg%2F11bbrnjyxv!19sChIJc07CZsqe4jARujAmsj-qAOE?authuser=0&hl=en&rclk=1"
"0x30e29968ac31e06b:0x2da945c932b2492d","I’m Dental Studio - Samyan Mitrtown (2F)","Dental clinic","
944/1 อาคารศูนย์การค้าสามย่านมิตรทาวน์ ห้องเลขที่ 2U016 ชั้น 2 Wang Mai, Pathum Wan, Bangkok 10330, Thailand","PGMH+J8 Bangkok, Thailand","13.7340954","100.5283025","+66 98 265 4591","https://www.iamdentalstudio.com/","","4.9","134","","","Open","","https://www.google.com/maps/place/I%E2%80%99m+Dental+Studio+-+Samyan+Mitrtown+(2F)/@13.7340954,100.5283025,17z/data=!3m1!4b1!4m6!3m5!1s0x30e29968ac31e06b:0x2da945c932b2492d!8m2!3d13.7340954!4d100.5283025!16s%2Fg%2F11j09tsvxj?authuser=0&hl=en&entry=ttu&g_ep=EgoyMDI2MDYxNi4wIKXMDSoASAFQAw%3D%3D"
"0x30e29f3ad9823fdf:0xc26324bb23396a5c","BIDH Dental Hospital โรงพยาบาลฟัน สุขุมวิท 2","Dental clinic","
98 Sukhumvit 2, Khlong Toei, Bangkok 10110, Thailand","PHQ2+9J Bangkok, Thailand","","","+66 2 115 8977","https://bangkokdental.com/","","4.2","72","","","Open","","https://www.google.com/maps/place/BIDH+Dental+Hospital+%E0%B9%82%E0%B8%A3%E0%B8%87%E0%B8%9E%E0%B8%A2%E0%B8%B2%E0%B8%9A%E0%B8%B2%E0%B8%A5%E0%B8%9F%E0%B8%B1%E0%B8%99+%E0%B8%AA%E0%B8%B8%E0%B8%82%E0%B8%B8%E0%B8%A1%E0%B8%A7%E0%B8%B4%E0%B8%97+2/data=!4m7!3m6!1s0x30e29f3ad9823fdf:0xc26324bb23396a5c!8m2!3d13.7383951!4d100.5515848!16s%2Fg%2F11fk26wgpc!19sChIJ3z-C2Tqf4jARXGo5I7skY8I?authuser=0&hl=en&rclk=1"
"0x30e29f6123e5c6b5:0x9b106c9037386ca7","Align Technology (Thailand) Ltd.","Corporate office","
Building, 18th Floor, Unit, No.2 Ploenchit Center, 18-02 Sukhumvit Rd, Klongtoey, Bangkok 10110, Thailand","PHR2+MH Bangkok, Thailand","","","+66 2 508 8680","http://www.invisalign.co.th/","","5.0","9","","","Open","","https://www.google.com/maps/place/Align+Technology+%28Thailand%29+Ltd./data=!4m7!3m6!1s0x30e29f6123e5c6b5:0x9b106c9037386ca7!8m2!3d13.7416649!4d100.551451!16s%2Fg%2F11jk3yzhgl!19sChIJtcblI2Gf4jARp2w4N5BsEJs?authuser=0&hl=en&rclk=1"
"0x30e29ede1812d819:0xf005dbbe6c8b255","APEX Surgery Hospital (โรงพยาบาลศัลยกรรมเอเพ็กซ์ เพลินจิต)","Surgical center","
82 Sukhumvit Rd, Khlong Toei, Bangkok 10110, Thailand","PHR2+8F Bangkok, Thailand","","","+66 85 000 0855","https://www.apexmedicalcenter.co.th/branch/apex-surgery-hospital-ploenchit/","","4.9","1194","","","Open","","https://www.google.com/maps/place/APEX+Surgery+Hospital+%28%E0%B9%82%E0%B8%A3%E0%B8%87%E0%B8%9E%E0%B8%A2%E0%B8%B2%E0%B8%9A%E0%B8%B2%E0%B8%A5%E0%B8%A8%E0%B8%B1%E0%B8%A5%E0%B8%A2%E0%B8%81%E0%B8%A3%E0%B8%A3%E0%B8%A1%E0%B9%80%E0%B8%AD%E0%B9%80%E0%B8%9E%E0%B9%87%E0%B8%81%E0%B8%8B%E0%B9%8C+%E0%B9%80%E0%B8%9E%E0%B8%A5%E0%B8%B4%E0%B8%99%E0%B8%88%E0%B8%B4%E0%B8%95%29/data=!4m7!3m6!1s0x30e29ede1812d819:0xf005dbbe6c8b255!8m2!3d13.7408099!4d100.5512245!16s%2Fg%2F11c52tch8c!19sChIJGdgSGN6e4jARVbLI5rtdAA8?authuser=0&hl=en&rclk=1"
"0x30e29be2b2e7b7f9:0x901a9abb99f55e44","ศูนย์ทันตกรรมแฟมิลี่","Dental clinic","
401, 4 Thanon Nakhon Chaisi Rd, Thanon Nakhon Chai Si, Dusit District, Bangkok 10300, Thailand","QGM7+FX Bangkok, Thailand","","","+66 2 241 7122","","","5.0","11","","","Open","","https://www.google.com/maps/place/%E0%B8%A8%E0%B8%B9%E0%B8%99%E0%B8%A2%E0%B9%8C%E0%B8%97%E0%B8%B1%E0%B8%99%E0%B8%95%E0%B8%81%E0%B8%A3%E0%B8%A3%E0%B8%A1%E0%B9%81%E0%B8%9F%E0%B8%A1%E0%B8%B4%E0%B8%A5%E0%B8%B5%E0%B9%88/data=!4m7!3m6!1s0x30e29be2b2e7b7f9:0x901a9abb99f55e44!8m2!3d13.7837043!4d100.514957!16s%2Fg%2F1hcbkkkf0!19sChIJ-bfnsuKb4jARRF71mbuaGpA?authuser=0&hl=en&rclk=1"
"0x30e29f00242a5f3b:0x7578d77a45fcf09f","คลินิกทันตกรรมเซนสมาย ZenSmileDentalClinic","Dental clinic","
4791 Pracha Songkhro Rd, Ratchadaphisek, Din Daeng, Bangkok 10400, Thailand","QHC6+P2 Bangkok, Thailand","","","+66 84 503 7159","https://lin.ee/7VO6rd4","","5.0","74","","","Open","","https://www.google.com/maps/place/%E0%B8%84%E0%B8%A5%E0%B8%B4%E0%B8%99%E0%B8%B4%E0%B8%81%E0%B8%97%E0%B8%B1%E0%B8%99%E0%B8%95%E0%B8%81%E0%B8%A3%E0%B8%A3%E0%B8%A1%E0%B9%80%E0%B8%8B%E0%B8%99%E0%B8%AA%E0%B8%A1%E0%B8%B2%E0%B8%A2+ZenSmileDentalClinic/data=!4m7!3m6!1s0x30e29f00242a5f3b:0x7578d77a45fcf09f!8m2!3d13.7717853!4d100.5601053!16s%2Fg%2F11xrfdsps4!19sChIJO18qJACf4jARn_D8RXrXeHU?authuser=0&hl=en&rclk=1"
"0x6fe335a9933f3423:0x581f8a606c9c4a14","Konvy Dental Clinic","Dental clinic","
1177 Phahonyothin Rd, Phaya Thai, Khet Phaya Thai, Bangkok 10400, Thailand","QGHV+5C Bangkok, Thailand","","","+66 96 119 1164","https://www.konvydental.com/","","4.9","394","","","Open","","https://www.google.com/maps/place/Konvy+Dental+Clinic/data=!4m7!3m6!1s0x6fe335a9933f3423:0x581f8a606c9c4a14!8m2!3d13.777876!4d100.5435541!16s%2Fg%2F11yg1nwvfc!19sChIJIzQ_k6k1428RFEqcbGCKH1g?authuser=0&hl=en&rclk=1"
"0x30e29e8734d33061:0x7a5bb80e48470737","Bangkok International Dental Center ศูนย์ทันตกรรม BIDC","Dental clinic","
157 159 Ratchadaphisek Rd, Khwaeng Din Daeng, Din Daeng, Bangkok 10400, Thailand","QHFF+55 Bangkok, Thailand","","","+66 2 692 4433","https://bangkokdentalcenter.com/","","4.8","1837","","","Open","","https://www.google.com/maps/place/Bangkok+International+Dental+Center+%E0%B8%A8%E0%B8%B9%E0%B8%99%E0%B8%A2%E0%B9%8C%E0%B8%97%E0%B8%B1%E0%B8%99%E0%B8%95%E0%B8%81%E0%B8%A3%E0%B8%A3%E0%B8%A1+BIDC/data=!4m7!3m6!1s0x30e29e8734d33061:0x7a5bb80e48470737!8m2!3d13.7728948!4d100.572995!16s%2Fg%2F1v_0g6g0!19sChIJYTDTNIee4jARNwdHSA64W3o?authuser=0&hl=en&rclk=1"
"0x30e29e87011c6d89:0x2a5199dc64566af4","MOS Dental Clinic The Street Ratchada","Orthodontist","
139 Ratchadaphisek Rd, Din Daeng, Bangkok 10400, Thailand","QHCC+3R Bangkok, Thailand","","","+66 96 941 5069","http://www.facebook.com/mosdentalclinic","","4.8","410","","","Open","","https://www.google.com/maps/place/MOS+Dental+Clinic+The+Street+Ratchada/data=!4m7!3m6!1s0x30e29e87011c6d89:0x2a5199dc64566af4!8m2!3d13.77022!4d100.572044!16s%2Fg%2F11dxb0y95g!19sChIJiW0cAYee4jAR9GpWZNyZUSo?authuser=0&hl=en&rclk=1"
"0x30e29f924a98ab37:0x5fd7a5c89c29541c","SMILE LOOP dental clinic 🦷","Dental clinic","
2/2-6 Phahonyothin Rd, Samsen Nai, Phaya Thai, Bangkok 10400, Thailand","QG8Q+9M Bangkok, Thailand","","","+66 98 446 9798","","","5.0","94","","","Open","","https://www.google.com/maps/place/SMILE+LOOP+dental+clinic+%F0%9F%A6%B7/data=!4m7!3m6!1s0x30e29f924a98ab37:0x5fd7a5c89c29541c!8m2!3d13.7659767!4d100.5391804!16s%2Fg%2F11x32k2cpv!19sChIJN6uYSpKf4jARHFQpnMil118?authuser=0&hl=en&rclk=1"
"0x30e2993228a4fb4f:0xecc4cba94b71b25","Lotus’s Rama 1","Hypermarket","
831 Banthat Thong Rd, Wang Mai, Pathum Wan, Bangkok 10330, Thailand","PGXF+4R Bangkok, Thailand","13.7477678","100.5245466","+66 2 612 3960","http://www.lotuss.com/","","4.2","6052","Moderately priced","€€","Open","","https://www.google.com/maps/place/Lotus%E2%80%99s+Rama+1/@13.7477678,100.5245466,17z/data=!3m1!4b1!4m6!3m5!1s0x30e2993228a4fb4f:0xecc4cba94b71b25!8m2!3d13.7477678!4d100.5245466!16s%2Fg%2F1pty4t_9p?authuser=0&hl=en&entry=ttu&g_ep=EgoyMDI2MDYxNi4wIKXMDSoASAFQAw%3D%3D"
"0x30e29ecce1ca39b7:0x7a4556536da1999e","ฟันดี คลินิกทันตกรรม","Dental clinic","
99 Phahonyothin Rd, Phaya Thai, Bangkok 10400, Thailand","QG8Q+WQ Bangkok, Thailand","","","+66 86 399 1920","https://www.facebook.com/FundeeDentalClinic/","","4.2","65","","","Open","","https://www.google.com/maps/place/%E0%B8%9F%E0%B8%B1%E0%B8%99%E0%B8%94%E0%B8%B5+%E0%B8%84%E0%B8%A5%E0%B8%B4%E0%B8%99%E0%B8%B4%E0%B8%81%E0%B8%97%E0%B8%B1%E0%B8%99%E0%B8%95%E0%B8%81%E0%B8%A3%E0%B8%A3%E0%B8%A1/data=!4m7!3m6!1s0x30e29ecce1ca39b7:0x7a4556536da1999e!8m2!3d13.7672766!4d100.5393852!16s%2Fg%2F1hc1_k7fh!19sChIJtznK4cye4jARnpmhbVNWRXo?authuser=0&hl=en&rclk=1"
"0x30e29eb9c1960a89:0x5458f012f6970f6c","Dusit Dental Clinic","Dental clinic","
22/2 Ratchaprarop Rd, Thanon Phaya Thai, Ratchathewi, Bangkok 10400, Thailand","QG6R+FX Bangkok, Thailand","","","","","","4.3","9","","","","","https://www.google.com/maps/place/Dusit+Dental+Clinic/data=!4m7!3m6!1s0x30e29eb9c1960a89:0x5458f012f6970f6c!8m2!3d13.7611861!4d100.5423759!16s%2Fg%2F1tfglvlq!19sChIJiQqWwbme4jARbA-X9hLwWFQ?authuser=0&hl=en&rclk=1"
"0x30e2993bbc8caf2d:0x11700c1696619f98","Thonburi Bamrungmuang Hospital","Private hospital","
611 Bamrung Mueang Rd, Khlong Maha Nak, Pom Prap Sattru Phai, Bangkok 10100, Thailand","QG27+4J Bangkok, Thailand","","","+66 2 220 7999","https://www.thonburibamrungmuang.com/","","4.0","489","Moderately priced","€€","Open","","https://www.google.com/maps/place/Thonburi+Bamrungmuang+Hospital/data=!4m7!3m6!1s0x30e2993bbc8caf2d:0x11700c1696619f98!8m2!3d13.7502757!4d100.5141232!16s%2Fg%2F1ptwp6w34!19sChIJLa-MvDuZ4jARmJ9hlhYMcBE?authuser=0&hl=en&rclk=1"
"0x30e29f45c3a09f61:0x6f975cd224b3fa5f","ไอซีสไมล์คลินิกทันตกรรม ทำฟัน จัดฟัน ห้วยขวาง ดินแดง i c smile dentalclinic","Dental clinic","
5073/4-6 Pracha Songkhro 25 Alley, Ratchadaphisek, Din Daeng, Bangkok 10400, Thailand","QHF6+M7 Bangkok, Thailand","","","+66 94 455 4155","https://www.icsmiledent.com/","","5.0","1895","","","Open","","https://www.google.com/maps/place/%E0%B9%84%E0%B8%AD%E0%B8%8B%E0%B8%B5%E0%B8%AA%E0%B9%84%E0%B8%A1%E0%B8%A5%E0%B9%8C%E0%B8%84%E0%B8%A5%E0%B8%B4%E0%B8%99%E0%B8%B4%E0%B8%81%E0%B8%97%E0%B8%B1%E0%B8%99%E0%B8%95%E0%B8%81%E0%B8%A3%E0%B8%A3%E0%B8%A1+%E0%B8%97%E0%B8%B3%E0%B8%9F%E0%B8%B1%E0%B8%99+%E0%B8%88%E0%B8%B1%E0%B8%94%E0%B8%9F%E0%B8%B1%E0%B8%99+%E0%B8%AB%E0%B9%89%E0%B8%A7%E0%B8%A2%E0%B8%82%E0%B8%A7%E0%B8%B2%E0%B8%87+%E0%B8%94%E0%B8%B4%E0%B8%99%E0%B9%81%E0%B8%94%E0%B8%87+i+c+smile+dentalclinic/data=!4m7!3m6!1s0x30e29f45c3a09f61:0x6f975cd224b3fa5f!8m2!3d13.7742014!4d100.5606913!16s%2Fg%2F11jnt0v6bt!19sChIJYZ-gw0Wf4jARX_qzJNJcl28?authuser=0&hl=en&rclk=1"
"0x30e29f003f8ba4fb:0xa57986c76b58a648","คลินิกทันตกรรมก้อนเมฆ","Dental clinic","
1006 Ratchadaphisek Rd, Khwaeng Din Daeng, Din Daeng, Bangkok 10400, Thailand","QHC5+2F Bangkok, Thailand","","","+66 80 959 5444","https://lin.ee/cKo20nZ","","5.0","36","","","Open","","https://www.google.com/maps/place/%E0%B8%84%E0%B8%A5%E0%B8%B4%E0%B8%99%E0%B8%B4%E0%B8%81%E0%B8%97%E0%B8%B1%E0%B8%99%E0%B8%95%E0%B8%81%E0%B8%A3%E0%B8%A3%E0%B8%A1%E0%B8%81%E0%B9%89%E0%B8%AD%E0%B8%99%E0%B9%80%E0%B8%A1%E0%B8%86/data=!4m7!3m6!1s0x30e29f003f8ba4fb:0xa57986c76b58a648!8m2!3d13.7700978!4d100.5587133!16s%2Fg%2F11xry5sbjx!19sChIJ-6SLPwCf4jARSKZYa8eGeaU?authuser=0&hl=en&rclk=1"
"0x30e29ea763d9cc0b:0x1e31be4726df9fba","คลินิกทันตกรรม สไมล์โซไซตี้ (Smile Society)","Dental clinic","
Phahonyothin Rd, Samsen Nai, Phaya Thai, Bangkok 10400, Thailand","QGHV+RV Bangkok, Thailand","","","+66 90 960 7600","http://www.smilesociety-clinic.com/","","4.9","100","","","Open","","https://www.google.com/maps/place/%E0%B8%84%E0%B8%A5%E0%B8%B4%E0%B8%99%E0%B8%B4%E0%B8%81%E0%B8%97%E0%B8%B1%E0%B8%99%E0%B8%95%E0%B8%81%E0%B8%A3%E0%B8%A3%E0%B8%A1+%E0%B8%AA%E0%B9%84%E0%B8%A1%E0%B8%A5%E0%B9%8C%E0%B9%82%E0%B8%8B%E0%B9%84%E0%B8%8B%E0%B8%95%E0%B8%B5%E0%B9%89+%28Smile+Society%29/data=!4m7!3m6!1s0x30e29ea763d9cc0b:0x1e31be4726df9fba!8m2!3d13.7795477!4d100.5447178!16s%2Fg%2F1ptw3_qj8!19sChIJC8zZY6ee4jARup_fJke-MR4?authuser=0&hl=en&rclk=1"
"0x30e29f2baa0d02a9:0xc3c2121f65ae1643","Sak Dental Clinic","Dental clinic","
14 Sukon Alley, Talat Noi, Samphanthawong, Bangkok 10100, Thailand","PGQ7+7R Bangkok, Thailand","","","+66 2 222 0294","","","5.0","10","","","Open","","https://www.google.com/maps/place/Sak+Dental+Clinic/data=!4m7!3m6!1s0x30e29f2baa0d02a9:0xc3c2121f65ae1643!8m2!3d13.7382276!4d100.5145966!16s%2Fg%2F1hc2p5_dx!19sChIJqQINqiuf4jARQxauZR8SwsM?authuser=0&hl=en&rclk=1"
"0x30e299ac66e0e709:0xf8e18808d95d2a1a","คลินิกทันตกรรมอิสระ (Issara dental clinic) อยู่ในกทม. ไม่ใช่นครนายก","Dental clinic","
อยู่ติดริมถนนระหว่าง 129/5-6 ถ.อิสรภาพ Itsaraphap 39 Alley, Ban Chang Lo, Bangkok Noi, Bangkok, Thailand","QF3H+G5 Bangkok, Thailand","","","+66 86 105 8463","https://www.facebook.com/IssaradentalClinic","","4.9","305","","","Open","","https://www.google.com/maps/place/%E0%B8%84%E0%B8%A5%E0%B8%B4%E0%B8%99%E0%B8%B4%E0%B8%81%E0%B8%97%E0%B8%B1%E0%B8%99%E0%B8%95%E0%B8%81%E0%B8%A3%E0%B8%A3%E0%B8%A1%E0%B8%AD%E0%B8%B4%E0%B8%AA%E0%B8%A3%E0%B8%B0+%28Issara+dental+clinic%29+%E0%B8%AD%E0%B8%A2%E0%B8%B9%E0%B9%88%E0%B9%83%E0%B8%99%E0%B8%81%E0%B8%97%E0%B8%A1.+%E0%B9%84%E0%B8%A1%E0%B9%88%E0%B9%83%E0%B8%8A%E0%B9%88%E0%B8%99%E0%B8%84%E0%B8%A3%E0%B8%99%E0%B8%B2%E0%B8%A2%E0%B8%81/data=!4m7!3m6!1s0x30e299ac66e0e709:0xf8e18808d95d2a1a!8m2!3d13.7538203!4d100.4779538!16s%2Fg%2F11gy480jr9!19sChIJCefgZqyZ4jARGipd2QiI4fg?authuser=0&hl=en&rclk=1"
"0x30e2996c45b17601:0x687c8ca945e75d6f","LEMON Dental Clinic (สาขาอิสรภาพ) จัดฟัน ทำฟัน - เลมอน คลินิกทันตกรรม","Dental clinic","
839 22-23 Itsaraphap Rd, Hiranruchi, Thon Buri, Bangkok 10600, Thailand","PFJV+V3 Bangkok, Thailand","","","+66 98 171 9900","","","5.0","543","","","Open","","https://www.google.com/maps/place/LEMON+Dental+Clinic+%28%E0%B8%AA%E0%B8%B2%E0%B8%82%E0%B8%B2%E0%B8%AD%E0%B8%B4%E0%B8%AA%E0%B8%A3%E0%B8%A0%E0%B8%B2%E0%B8%9E%29+%E0%B8%88%E0%B8%B1%E0%B8%94%E0%B8%9F%E0%B8%B1%E0%B8%99+%E0%B8%97%E0%B8%B3%E0%B8%9F%E0%B8%B1%E0%B8%99+-+%E0%B9%80%E0%B8%A5%E0%B8%A1%E0%B8%AD%E0%B8%99+%E0%B8%84%E0%B8%A5%E0%B8%B4%E0%B8%99%E0%B8%B4%E0%B8%81%E0%B8%97%E0%B8%B1%E0%B8%99%E0%B8%95%E0%B8%81%E0%B8%A3%E0%B8%A3%E0%B8%A1/data=!4m7!3m6!1s0x30e2996c45b17601:0x687c8ca945e75d6f!8m2!3d13.7322459!4d100.4927064!16s%2Fg%2F11t29ghh78!19sChIJAXaxRWyZ4jARb13nRamMfGg?authuser=0&hl=en&rclk=1"
"0x30e29926ae2b9da3:0xcb799077eca6ac9a","Dio Dental Clinic วงเวียนใหญ่ ทำฟัน จัดฟัน รากเทียม วงเวียนใหญ่","Dental clinic","
701 Prajadhipok Rd, Somdet Chao Phraya, Khlong San, Bangkok 10600, Thailand","PFGV+RF Bangkok, Thailand","","","+66 91 874 4507","http://www.diodental.com/","","4.4","150","","","Open","","https://www.google.com/maps/place/Dio+Dental+Clinic+%E0%B8%A7%E0%B8%87%E0%B9%80%E0%B8%A7%E0%B8%B5%E0%B8%A2%E0%B8%99%E0%B9%83%E0%B8%AB%E0%B8%8D%E0%B9%88+%E0%B8%97%E0%B8%B3%E0%B8%9F%E0%B8%B1%E0%B8%99+%E0%B8%88%E0%B8%B1%E0%B8%94%E0%B8%9F%E0%B8%B1%E0%B8%99+%E0%B8%A3%E0%B8%B2%E0%B8%81%E0%B9%80%E0%B8%97%E0%B8%B5%E0%B8%A2%E0%B8%A1+%E0%B8%A7%E0%B8%87%E0%B9%80%E0%B8%A7%E0%B8%B5%E0%B8%A2%E0%B8%99%E0%B9%83%E0%B8%AB%E0%B8%8D%E0%B9%88/data=!4m7!3m6!1s0x30e29926ae2b9da3:0xcb799077eca6ac9a!8m2!3d13.7270345!4d100.4936257!16s%2Fg%2F11h7d_17vt!19sChIJo50rriaZ4jARmqym7HeQecs?authuser=0&hl=en&rclk=1"
"0x30e2998eeb4d758d:0x1fe7360c80daaf69","MOS Dental Clinic - Charoen Nakon","Dental clinic","
542, 542/1-2 เสนาเฟสท์ ชั้น 3 ห้อง 311 Khlong Ton Sai, Khlong San, Bangkok 10600, Thailand","PG95+Q2 Bangkok, Thailand","","","+66 91 717 6778","http://facebook.com/mosdentalclinic","","4.9","177","","","Open","","https://www.google.com/maps/place/MOS+Dental+Clinic+-+Charoen+Nakon/data=!4m7!3m6!1s0x30e2998eeb4d758d:0x1fe7360c80daaf69!8m2!3d13.7193751!4d100.5076061!16s%2Fg%2F11hzmpcbgn!19sChIJjXVN646Z4jARaa_agAw25x8?authuser=0&hl=en&rclk=1"
"0x30e2987d76e9d67f:0x1a39eb2f420bd989","Srisuk Dental Care ดาวคะนอง จัดฟัน ฟันปลอม ผ่าฟันคุด รากเทียม","Dental clinic","
1018 Somdet Phra Chao Tak Sin Rd, Dao Khanong, Thon Buri, Bangkok 10600, Thailand","MFXM+WF Bangkok, Thailand","","","+66 2 022 9039","https://www.srisukdental.com/","","4.9","334","","","Open","","https://www.google.com/maps/place/Srisuk+Dental+Care+%E0%B8%94%E0%B8%B2%E0%B8%A7%E0%B8%84%E0%B8%B0%E0%B8%99%E0%B8%AD%E0%B8%87+%E0%B8%88%E0%B8%B1%E0%B8%94%E0%B8%9F%E0%B8%B1%E0%B8%99+%E0%B8%9F%E0%B8%B1%E0%B8%99%E0%B8%9B%E0%B8%A5%E0%B8%AD%E0%B8%A1+%E0%B8%9C%E0%B9%88%E0%B8%B2%E0%B8%9F%E0%B8%B1%E0%B8%99%E0%B8%84%E0%B8%B8%E0%B8%94+%E0%B8%A3%E0%B8%B2%E0%B8%81%E0%B9%80%E0%B8%97%E0%B8%B5%E0%B8%A2%E0%B8%A1/data=!4m7!3m6!1s0x30e2987d76e9d67f:0x1a39eb2f420bd989!8m2!3d13.6997556!4d100.4836671!16s%2Fg%2F11fxc1gklt!19sChIJf9bpdn2Y4jARidkLQi_rORo?authuser=0&hl=en&rclk=1"
"0x30e299b60d4b1dc3:0xfe0442831da4a4b2","DailyDent Clinic","Dental clinic","
149, 19-21 Surawong Rd, Suriya Wong, Bang Rak, Bangkok 10500, Thailand","PGHH+89 Bangkok, Thailand","","","+66 64 562 5425","https://www.facebook.com/DDailydent.clinic","","4.9","299","","","Open","","https://www.google.com/maps/place/DailyDent+Clinic/data=!4m7!3m6!1s0x30e299b60d4b1dc3:0xfe0442831da4a4b2!8m2!3d13.7283523!4d100.5284341!16s%2Fg%2F11t9cf3rkl!19sChIJwx1LDbaZ4jARsqSkHYNCBP4?authuser=0&hl=en&rclk=1"
"0x30e29900576661f9:0xa250b059650fde6b","Puredent Dental Clinic @ Sathon","Dental clinic","
9, อาคารแอทสาทร ชั้น 3 9 S Sathon Rd, Yan Nawa, Sathon, Bangkok 10120, Thailand","PGCG+49 Bangkok, Thailand","","","+66 92 276 0961","https://www.puredentclinic.com/","","5.0","375","","","Open","","https://www.google.com/maps/place/Puredent+Dental+Clinic+@+Sathon/data=!4m7!3m6!1s0x30e29900576661f9:0xa250b059650fde6b!8m2!3d13.7203656!4d100.5259831!16s%2Fg%2F11wwy_35xg!19sChIJ-WFmVwCZ4jARa94PZVmwUKI?authuser=0&hl=en&rclk=1"
"0x30e298c5a940627f:0x8c6d62247d805794","Dental Plus Clinic (คลินิกทันตกรรม เด็นทัล พลัส)","Dental clinic","
near Shangri-La Hotel 1468 ถนนเจริญกรุง ใกล้ ปาก Charoen Krung 44 Alley, Bang Rak, Bangkok 10500, Thailand","PGC8+89 Bangkok, Thailand","","","+66 89 301 6975","","","2.8","13","","","Open","","https://www.google.com/maps/place/Dental+Plus+Clinic+%28%E0%B8%84%E0%B8%A5%E0%B8%B4%E0%B8%99%E0%B8%B4%E0%B8%81%E0%B8%97%E0%B8%B1%E0%B8%99%E0%B8%95%E0%B8%81%E0%B8%A3%E0%B8%A3%E0%B8%A1+%E0%B9%80%E0%B8%94%E0%B9%87%E0%B8%99%E0%B8%97%E0%B8%B1%E0%B8%A5+%E0%B8%9E%E0%B8%A5%E0%B8%B1%E0%B8%AA%29/data=!4m7!3m6!1s0x30e298c5a940627f:0x8c6d62247d805794!8m2!3d13.7207664!4d100.5159115!16s%2Fg%2F1hc578n08!19sChIJf2JAqcWY4jARlFeAfSRibYw?authuser=0&hl=en&rclk=1"
"0x30e298d2c9bc3593:0x85741145d19dd87","Nara Dental Place","Dental clinic","
4918 ถนนนสีลม Si Lom, Bang Rak, Bangkok 10500, Thailand","PGGG+8X Bangkok, Thailand","","","+66 86 324 1693","http://xn--12cah0edldkccb5d8a1aacxob4h6flt9ab83af.com/?utm_source=gmb&utm_medium=referral","","4.9","26","","","Open","","https://www.google.com/maps/place/Nara+Dental+Place/data=!4m7!3m6!1s0x30e298d2c9bc3593:0x85741145d19dd87!8m2!3d13.7258213!4d100.5274057!16s%2Fg%2F1tdj6vhz!19sChIJkzW8ydKY4jARh90ZXRRBVwg?authuser=0&hl=en&rclk=1"
"0x30e29f5f6450b3b7:0x628f01f21d564c90","Smile and Shine Dental Clinic(คลินิกทันตกรรมสไมล์แอนด์ชายน์)","Dental implants provider","
1338, ศุภาลัย พริมา ริวา, 940 Rama III Rd, ช่องนนทรี, Yan Nawa, Bangkok 10120, Thailand","MGQX+9C Bangkok, Thailand","","","+66 91 881 7557","http://www.smileandshine.co.th/","","5.0","1127","","","Open","","https://www.google.com/maps/place/Smile+and+Shine+Dental+Clinic%28%E0%B8%84%E0%B8%A5%E0%B8%B4%E0%B8%99%E0%B8%B4%E0%B8%81%E0%B8%97%E0%B8%B1%E0%B8%99%E0%B8%95%E0%B8%81%E0%B8%A3%E0%B8%A3%E0%B8%A1%E0%B8%AA%E0%B9%84%E0%B8%A1%E0%B8%A5%E0%B9%8C%E0%B9%81%E0%B8%AD%E0%B8%99%E0%B8%94%E0%B9%8C%E0%B8%8A%E0%B8%B2%E0%B8%A2%E0%B8%99%E0%B9%8C%29/data=!4m7!3m6!1s0x30e29f5f6450b3b7:0x628f01f21d564c90!8m2!3d13.6884905!4d100.5485095!16s%2Fg%2F11c525cwmy!19sChIJt7NQZF-f4jARkExWHfIBj2I?authuser=0&hl=en&rclk=1"
"0x30e298cb16844463:0xb62f0a0045034cd0","Ban Mor Fan Clinic","Dental clinic","
147 ซอย สาทร 11 Yan Nawa, Sathon, Bangkok 10120, Thailand","PG8H+82 Bangkok, Thailand","","","+66 2 286 9900","","","5.0","18","","","Open","","https://www.google.com/maps/place/Ban+Mor+Fan+Clinic/data=!4m7!3m6!1s0x30e298cb16844463:0xb62f0a0045034cd0!8m2!3d13.7157688!4d100.5275383!16s%2Fg%2F1tfbq9yl!19sChIJY0SEFsuY4jAR0EwDRQAKL7Y?authuser=0&hl=en&rclk=1"
"0x30e29e944e40c79f:0x3c4ad299a1b908d7","คลินิกทันตกรรมเดนทัลอาร์ต","Dental clinic","
3748 Thanon Asok - Din Daeng, Din Daeng, Bangkok 10400, Thailand","QH64+25 Bangkok, Thailand","","","+66 2 642 9944","","","5.0","24","","","Open","","https://www.google.com/maps/place/%E0%B8%84%E0%B8%A5%E0%B8%B4%E0%B8%99%E0%B8%B4%E0%B8%81%E0%B8%97%E0%B8%B1%E0%B8%99%E0%B8%95%E0%B8%81%E0%B8%A3%E0%B8%A3%E0%B8%A1%E0%B9%80%E0%B8%94%E0%B8%99%E0%B8%97%E0%B8%B1%E0%B8%A5%E0%B8%AD%E0%B8%B2%E0%B8%A3%E0%B9%8C%E0%B8%95/data=!4m7!3m6!1s0x30e29e944e40c79f:0x3c4ad299a1b908d7!8m2!3d13.760109!4d100.5554078!16s%2Fg%2F1ptwt1jy3!19sChIJn8dATpSe4jAR1wi5oZnSSjw?authuser=0&hl=en&rclk=1"
"0x30e29ea65869e699:0x8e52e996da4f5bd1","Phumsiri Dental Clinic","Dental clinic","
286 Phahonyothin Rd, Samsen Nai, Phaya Thai, Bangkok 10400, Thailand","Plus Code: QGGV+FC Bangkok, Thailand","","","+66 2 279 1200","","","5.0","5","","","Open","","https://www.google.com/maps/place/Phumsiri+Dental+Clinic/data=!4m7!3m6!1s0x30e29ea65869e699:0x8e52e996da4f5bd1!8m2!3d13.7761524!4d100.5436004!16s%2Fg%2F1hm3yllcw!19sChIJmeZpWKae4jAR0VtP2pbpUo4?authuser=0&hl=en&rclk=1"
"0x30e29e9dea78dec5:0xa8086644d4132ae7","Denticare Dental clinic ม.หอการค้า ( เดนติแคร์ หมอโต๊ด )","Dental clinic","
108, 25 Hokankha Alley, Ratchadaphisek, Din Daeng, Bangkok 10400, Thailand","Plus Code: QHH5+4H Bangkok, Thailand","","","+66 2 277 8200","https://www.facebook.com/profile.php?id=100094386535387&mibextid=9R9pXO","","5.0","5","","","","","https://www.google.com/maps/place/Denticare+Dental+clinic+%E0%B8%A1.%E0%B8%AB%E0%B8%AD%E0%B8%81%E0%B8%B2%E0%B8%A3%E0%B8%84%E0%B9%89%E0%B8%B2+%28+%E0%B9%80%E0%B8%94%E0%B8%99%E0%B8%95%E0%B8%B4%E0%B9%81%E0%B8%84%E0%B8%A3%E0%B9%8C+%E0%B8%AB%E0%B8%A1%E0%B8%AD%E0%B9%82%E0%B8%95%E0%B9%8A%E0%B8%94+%29/data=!4m7!3m6!1s0x30e29e9dea78dec5:0xa8086644d4132ae7!8m2!3d13.7777879!4d100.5589482!16s%2Fg%2F11fx7wl03m!19sChIJxd546p2e4jAR5yoT1ERmCKg?authuser=0&hl=en&rclk=1"
"0x30e29c015e8b1a8b:0x6114be55af46128","เดนต้าสมายล์ อารีย์ Dentasmile Areesamphan 7","Dental clinic","
88 ซอยอารีสัมพันธ์ถนนพระราม 6, แขวงสามเสนใน เขตพญาไท กทม, 10400 10400, Thailand","QGHP+WJ Bangkok, Thailand","","","+66 2 279 9473","","","4.9","114","","","Open","","https://www.google.com/maps/place/%E0%B9%80%E0%B8%94%E0%B8%99%E0%B8%95%E0%B9%89%E0%B8%B2%E0%B8%AA%E0%B8%A1%E0%B8%B2%E0%B8%A2%E0%B8%A5%E0%B9%8C+%E0%B8%AD%E0%B8%B2%E0%B8%A3%E0%B8%B5%E0%B8%A2%E0%B9%8C+Dentasmile+Areesamphan+7/data=!4m7!3m6!1s0x30e29c015e8b1a8b:0x6114be55af46128!8m2!3d13.7798099!4d100.5366068!16s%2Fg%2F1hc1_k7dm!19sChIJixqLXgGc4jARKGH0WuVLEQY?authuser=0&hl=en&rclk=1"
"0x30e29daddaf18e47:0xc6fd91e439be1efb","คลินิกทันตกรรม Smile Seasons อารีย์","Dental clinic","
388 ชั้น 7 อาคาร เอส.พี คลินิกทันตกรรมสไมล์ซีซันส์ Samsen Nai, Phaya Thai, Bangkok 10400, Thailand","QGJW+C4 Bangkok, Thailand","","","+66 2 114 3274","https://www.smileseasons.com/","","4.9","405","","","Open","","https://www.google.com/maps/place/%E0%B8%84%E0%B8%A5%E0%B8%B4%E0%B8%99%E0%B8%B4%E0%B8%81%E0%B8%97%E0%B8%B1%E0%B8%99%E0%B8%95%E0%B8%81%E0%B8%A3%E0%B8%A3%E0%B8%A1+Smile+Seasons+%E0%B8%AD%E0%B8%B2%E0%B8%A3%E0%B8%B5%E0%B8%A2%E0%B9%8C/data=!4m7!3m6!1s0x30e29daddaf18e47:0xc6fd91e439be1efb!8m2!3d13.7810623!4d100.545347!16s%2Fg%2F11ltnqc0qj!19sChIJR47x2q2d4jAR-x6-OeSR_cY?authuser=0&hl=en&rclk=1"
"0x30e29dd4be5a9459:0xc0b2b9f79114995a","Blue Whale Dental clinic","Dental clinic","
315 317 Saliratthawiphak Rd, Samsen Nai, Phaya Thai, Bangkok 10400, Thailand","QGQX+WR Bangkok, Thailand","","","+66 65 582 6423","https://lin.ee/DjShF80","","5.0","428","","","Open","","https://www.google.com/maps/place/Blue+Whale+Dental+clinic/data=!4m7!3m6!1s0x30e29dd4be5a9459:0xc0b2b9f79114995a!8m2!3d13.7897661!4d100.5495424!16s%2Fg%2F11w902kjl2!19sChIJWZRavtSd4jARWpkUkfe5ssA?authuser=0&hl=en&rclk=1"
"0x30e29d1fd6142ee5:0xbd27013b5274382f","ดีไลท์ คลินิกทันตกรรม เซ็นทรัล ลาดพร้าว Delite Dental Clinic ทำฟัน จัดฟัน โดยทันตแพทย์จุฬา","Dental clinic","
1693 Phahonyothin Rd เซ็นทรัลลาดพร้าว ชั้น9, Chatuchak, Bangkok 10900, Thailand","RH86+HC Bangkok, Thailand","","","+66 94 993 7771","https://delitedentalclinic.com/","","4.9","303","","","Open","","https://www.google.com/maps/place/%E0%B8%94%E0%B8%B5%E0%B9%84%E0%B8%A5%E0%B8%97%E0%B9%8C+%E0%B8%84%E0%B8%A5%E0%B8%B4%E0%B8%99%E0%B8%B4%E0%B8%81%E0%B8%97%E0%B8%B1%E0%B8%99%E0%B8%95%E0%B8%81%E0%B8%A3%E0%B8%A3%E0%B8%A1+%E0%B9%80%E0%B8%8B%E0%B9%87%E0%B8%99%E0%B8%97%E0%B8%A3%E0%B8%B1%E0%B8%A5+%E0%B8%A5%E0%B8%B2%E0%B8%94%E0%B8%9E%E0%B8%A3%E0%B9%89%E0%B8%B2%E0%B8%A7+Delite+Dental+Clinic+%E0%B8%97%E0%B8%B3%E0%B8%9F%E0%B8%B1%E0%B8%99+%E0%B8%88%E0%B8%B1%E0%B8%94%E0%B8%9F%E0%B8%B1%E0%B8%99+%E0%B9%82%E0%B8%94%E0%B8%A2%E0%B8%97%E0%B8%B1%E0%B8%99%E0%B8%95%E0%B9%81%E0%B8%9E%E0%B8%97%E0%B8%A2%E0%B9%8C%E0%B8%88%E0%B8%B8%E0%B8%AC%E0%B8%B2/data=!4m7!3m6!1s0x30e29d1fd6142ee5:0xbd27013b5274382f!8m2!3d13.8164126!4d100.5610825!16s%2Fg%2F11fr3jytfw!19sChIJ5S4U1h-d4jARLzh0UjsBJ70?authuser=0&hl=en&rclk=1"
"0x30e29d282f9e84d7:0x906024b3abea54aa","All About Teeth Clinic, Ladprao-Vibhavadi","Dental clinic","
199 S-Oasis Building, Unit 201, 2nd flr, Chompon, Chatuchak, Bangkok 10900, Thailand","RH45+XP Bangkok, Thailand","","","+66 87 789 3663","http://www.allaboutteethclinic.com/","","4.9","88","","","Open","","https://www.google.com/maps/place/All+About+Teeth+Clinic,+Ladprao-Vibhavadi/data=!4m7!3m6!1s0x30e29d282f9e84d7:0x906024b3abea54aa!8m2!3d13.8074595!4d100.5592532!16s%2Fg%2F11jz69vrzq!19sChIJ14SeLyid4jARqlTqq7MkYJA?authuser=0&hl=en&rclk=1"
"0x30e29bc9c6449d9d:0xb66be882578b7640","Dream Smile Dental Clinic","Orthodontist","
คลินิกทันตกรรมดรีมสไมล์, 10 Charan Sanit Wong Rd, Bang O, Bang Phlat, Bangkok 10700, Thailand","QGR3+HQ Bangkok, Thailand","","","+66 93 541 9799","https://www.dreamsmiledental.net/","","5.0","459","","","Open","","https://www.google.com/maps/place/Dream+Smile+Dental+Clinic/data=!4m7!3m6!1s0x30e29bc9c6449d9d:0xb66be882578b7640!8m2!3d13.7914185!4d100.5044834!16s%2Fg%2F11frt5m72w!19sChIJnZ1Exsmb4jARQHaLV4Loa7Y?authuser=0&hl=en&rclk=1"
"0x30e2998148e13c6f:0xa07d9f9b995fb08b","Smiley House Dental Clinic","Dental clinic","
74/1 Maha Chai Rd, Samranrat, Phra Nakhon, Bangkok 10200, Thailand","QG33+4R Bangkok, Thailand","","","+66 91 791 1881","https://www.facebook.com/search/top?q=smiley%20house%20dental%20clinic","","4.8","17","","","Open","","https://www.google.com/maps/place/Smiley+House+Dental+Clinic/data=!4m7!3m6!1s0x30e2998148e13c6f:0xa07d9f9b995fb08b!8m2!3d13.7528587!4d100.5045512!16s%2Fg%2F11vwjxv4lw!19sChIJbzzhSIGZ4jARi7BfmZuffaA?authuser=0&hl=en&rclk=1"
"0x30e29915e608d13d:0x53d22a6507eaf063","Pisit Dental Clinic","Medical clinic","
387, 25 Soi Ban Dok Mai, Ban Bat, Pom Prap Sattru Phai, Bangkok 10100, Thailand","PGX4+WQ Bangkok, Thailand","","","+66 2 223 6733","","","5.0","5","","","Open","","https://www.google.com/maps/place/Pisit+Dental+Clinic/data=!4m7!3m6!1s0x30e29915e608d13d:0x53d22a6507eaf063!8m2!3d13.7498298!4d100.5069352!16s%2Fg%2F1hc0t7bvb!19sChIJPdEI5hWZ4jARY_DqB2Uq0lM?authuser=0&hl=en&rclk=1"
"0x30e299c3dc78faf3:0x5f5dfbcbf948383","Tooth Box Dental Clinic","Dental clinic","
1/7-8 Phet Kasem Rd, Khwaeng Pak Khlong Phasi Charoen, Phasi Charoen, Bangkok 10160, Thailand","PFC4+2V Bangkok, Thailand","","","+66 96 915 9391","http://www.toothboxdentalclinic.com/","","4.9","860","","","Open","","https://www.google.com/maps/place/Tooth+Box+Dental+Clinic/data=!4m7!3m6!1s0x30e299c3dc78faf3:0x5f5dfbcbf948383!8m2!3d13.7200974!4d100.4571506!16s%2Fg%2F11ljm95sds!19sChIJ8_p43MOZ4jARg4OUv7zf9QU?authuser=0&hl=en&rclk=1"
"0x30e29919f279ba77:0x71657472a6167df","คลินิกทันตกรรมวังบูรพา","Dental clinic","
ถนน Soi Phanu Rangsi, Wang Burapha Phirom, Phra Nakhon, Bangkok 10200, Thailand","PGW2+CM Bangkok, Thailand","","","+66 95 395 2559","","","4.8","5","","","Open","","https://www.google.com/maps/place/%E0%B8%84%E0%B8%A5%E0%B8%B4%E0%B8%99%E0%B8%B4%E0%B8%81%E0%B8%97%E0%B8%B1%E0%B8%99%E0%B8%95%E0%B8%81%E0%B8%A3%E0%B8%A3%E0%B8%A1%E0%B8%A7%E0%B8%B1%E0%B8%87%E0%B8%9A%E0%B8%B9%E0%B8%A3%E0%B8%9E%E0%B8%B2/data=!4m7!3m6!1s0x30e29919f279ba77:0x71657472a6167df!8m2!3d13.7460662!4d100.5016291!16s%2Fg%2F1pzw2tlmh!19sChIJd7p58hmZ4jAR32dhKkdXFgc?authuser=0&hl=en&rclk=1"
"0x30e299fb618b0e01:0xdb09fe437d924d59","บางมดทันตกรรม สาขาเจริญนคร","Dental clinic","
449 Charoen Nakhon Rd, Khlong Ton Sai, Khlong San, Bangkok 10600, Thailand","PGG5+6P Bangkok, Thailand","","","+66 61 390 5650","http://www.bangmoddental.com/","","5.0","234","","","Open","","https://www.google.com/maps/place/%E0%B8%9A%E0%B8%B2%E0%B8%87%E0%B8%A1%E0%B8%94%E0%B8%97%E0%B8%B1%E0%B8%99%E0%B8%95%E0%B8%81%E0%B8%A3%E0%B8%A3%E0%B8%A1+%E0%B8%AA%E0%B8%B2%E0%B8%82%E0%B8%B2%E0%B9%80%E0%B8%88%E0%B8%A3%E0%B8%B4%E0%B8%8D%E0%B8%99%E0%B8%84%E0%B8%A3/data=!4m7!3m6!1s0x30e299fb618b0e01:0xdb09fe437d924d59!8m2!3d13.7255761!4d100.5093139!16s%2Fg%2F11pyyd8ssj!19sChIJAQ6LYfuZ4jARWU2SfUP-Cds?authuser=0&hl=en&rclk=1"
"0x30e299a495184027:0xf78cf96e6f5d3859","QUQURI​ CLINIC","Skin care clinic","
1055 อาคารสเตท​ทาวเวอร์ 561​ ชั้น​29 Si Lom Rd, Si Lom, Khet Bang Rak, Bangkok 10500, Thailand","PGC8+GP Bangkok, Thailand","","","+66 86 366 2664","https://instagram.com/ququri.skinclinic?igshid=ZGUzMzM3NWJiOQ==","","4.5","8","","","Open","","https://www.google.com/maps/place/QUQURI%E2%80%8B+CLINIC/data=!4m7!3m6!1s0x30e299a495184027:0xf78cf96e6f5d3859!8m2!3d13.7212943!4d100.5167956!16s%2Fg%2F11t_wnkxwg!19sChIJJ0AYlaSZ4jARWThdb275jPc?authuser=0&hl=en&rclk=1"
"0x30e29f38b3fe737d:0x196ac00c15ca07c4","Le Nara Clinic ""เลอ นรา คลินิก""","Skin care clinic","
54 Naradhiwas Rajanagarindra 15, Lane 6, Thung Maha Mek, Sathon, Bangkok 10120, Thailand","PG8P+Q5 Bangkok, Thailand","","","+66 95 195 1561","","","5.0","22","","","Open","","https://www.google.com/maps/place/Le+Nara+Clinic+%22%E0%B9%80%E0%B8%A5%E0%B8%AD+%E0%B8%99%E0%B8%A3%E0%B8%B2+%E0%B8%84%E0%B8%A5%E0%B8%B4%E0%B8%99%E0%B8%B4%E0%B8%81%22/data=!4m7!3m6!1s0x30e29f38b3fe737d:0x196ac00c15ca07c4!8m2!3d13.7169347!4d100.5354582!16s%2Fg%2F11snywwdjj!19sChIJfXP-szif4jARxAfKFQzAahk?authuser=0&hl=en&rclk=1"
"0x30e29fd206e19ee5:0x6b7fbff70733c7b0","Dr. Sunil Dental Clinic","Dental clinic","
Sukhumvit 71, Soi Preedeepanomyong 14, Moobaan Pakamas (Soi 15) BTS Building No.5 Prakhanong Station (E8, 5 ถนน พัฒนาการ Suan Luang, Bangkok 10250, Thailand","PJG5+CF Bangkok, Thailand","","","+66 65 824 2979","http://www.drsunildental.com/","","4.7","988","","","Open","","https://www.google.com/maps/place/Dr.+Sunil+Dental+Clinic/data=!4m7!3m6!1s0x30e29fd206e19ee5:0x6b7fbff70733c7b0!8m2!3d13.7260935!4d100.6086528!16s%2Fg%2F1tmg3_80!19sChIJ5Z7hBtKf4jARsMczB_e_f2s?authuser=0&hl=en&rclk=1"
"0x30e29c166db23063:0x9cfb5abbe4cc001d","At Bangkok Dental Clinic","Dental clinic","
1307/6-7 Phahonyothin Alley, Phaya Thai, Bangkok 10400, Thailand","QGPW+XW Bangkok, Thailand","","","+66 2 279 6990","https://www.facebook.com/BangkokDentalClinic01","","4.5","23","Photo of reviewer who wrote ""She speaks English, and is reasonably priced.""","","Open","","https://www.google.com/maps/place/At+Bangkok+Dental+Clinic/data=!4m7!3m6!1s0x30e29c166db23063:0x9cfb5abbe4cc001d!8m2!3d13.7874428!4d100.5472555!16s%2Fg%2F1hc5bgwkb!19sChIJYzCybRac4jARHQDM5Lta-5w?authuser=0&hl=en&rclk=1"
"0x30e29f85e58776eb:0x8d8aa84fa0afc3d4","A smile dental clinic คลินิกทันตกรรมเอสไมล์","Dental clinic","
QH88+J38 ซอย รัชดาภิเษก 3 Din Daeng, Bangkok 10400, Thailand","","13.7665284","100.5652047","+66 98 530 4477","https://www.facebook.com/AsmileRatchada/","","4.1","13","","","Open","","https://www.google.com/maps/place/A+smile+dental+clinic+%E0%B8%84%E0%B8%A5%E0%B8%B4%E0%B8%99%E0%B8%B4%E0%B8%81%E0%B8%97%E0%B8%B1%E0%B8%99%E0%B8%95%E0%B8%81%E0%B8%A3%E0%B8%A3%E0%B8%A1%E0%B9%80%E0%B8%AD%E0%B8%AA%E0%B9%84%E0%B8%A1%E0%B8%A5%E0%B9%8C/@13.7665284,100.5652047,17z/data=!3m1!4b1!4m6!3m5!1s0x30e29f85e58776eb:0x8d8aa84fa0afc3d4!8m2!3d13.7665284!4d100.5652047!16s%2Fg%2F11j2z6b4sm?authuser=0&hl=en&entry=ttu&g_ep=EgoyMDI2MDYxNi4wIKXMDSoASAFQAw%3D%3D"
"0x30e298c2f24698d7:0xfde87652f8f225f6","Tooth Republic Dental Clinic คลินิกทันตกรรม ทูธ รีพับลิค","Dental clinic","
The Lighthouse Plaza & Condo 8/299, 8/300 Tooth Republic Dental Clinic 1st floor Charoen Nakhon Rd, Khlong Ton Sai, Khlong San, Bangkok 10600, Thailand","PGC5+W8 Bangkok, Thailand","","","+66 82 852 5467","https://line.me/ti/p/_nwM8MoDpY","","5.0","1191","","","Open","","https://www.google.com/maps/place/Tooth+Republic+Dental+Clinic+%E0%B8%84%E0%B8%A5%E0%B8%B4%E0%B8%99%E0%B8%B4%E0%B8%81%E0%B8%97%E0%B8%B1%E0%B8%99%E0%B8%95%E0%B8%81%E0%B8%A3%E0%B8%A3%E0%B8%A1+%E0%B8%97%E0%B8%B9%E0%B8%98+%E0%B8%A3%E0%B8%B5%E0%B8%9E%E0%B8%B1%E0%B8%9A%E0%B8%A5%E0%B8%B4%E0%B8%84/data=!4m7!3m6!1s0x30e298c2f24698d7:0xfde87652f8f225f6!8m2!3d13.7223118!4d100.5083319!16s%2Fg%2F1hf0k1mlf!19sChIJ15hG8sKY4jAR9iXy-FJ26P0?authuser=0&hl=en&rclk=1"
"0x30e298cad4e25ce7:0xcc9922b4ece66d4d","PLUS Dental Clinic | สาขาสาทร | คลินิกทันตกรรมและจัดฟัน ขูดหินปูน อุดฟัน ถอนฟัน ฟันปลอม ฟันขาว วีเนียร์ รักษารากฟัน","Dental clinic","
เลขที่ 1 S Sathon Rd, Yan Nawa, Sathon, Bangkok 10120, Thailand","PGCJ+64 Bangkok, Thailand","","","+66 94 259 5080","","","4.8","753","","","Open","","https://www.google.com/maps/place/PLUS+Dental+Clinic+%7C+%E0%B8%AA%E0%B8%B2%E0%B8%82%E0%B8%B2%E0%B8%AA%E0%B8%B2%E0%B8%97%E0%B8%A3+%7C+%E0%B8%84%E0%B8%A5%E0%B8%B4%E0%B8%99%E0%B8%B4%E0%B8%81%E0%B8%97%E0%B8%B1%E0%B8%99%E0%B8%95%E0%B8%81%E0%B8%A3%E0%B8%A3%E0%B8%A1%E0%B9%81%E0%B8%A5%E0%B8%B0%E0%B8%88%E0%B8%B1%E0%B8%94%E0%B8%9F%E0%B8%B1%E0%B8%99+%E0%B8%82%E0%B8%B9%E0%B8%94%E0%B8%AB%E0%B8%B4%E0%B8%99%E0%B8%9B%E0%B8%B9%E0%B8%99+%E0%B8%AD%E0%B8%B8%E0%B8%94%E0%B8%9F%E0%B8%B1%E0%B8%99+%E0%B8%96%E0%B8%AD%E0%B8%99%E0%B8%9F%E0%B8%B1%E0%B8%99+%E0%B8%9F%E0%B8%B1%E0%B8%99%E0%B8%9B%E0%B8%A5%E0%B8%AD%E0%B8%A1+%E0%B8%9F%E0%B8%B1%E0%B8%99%E0%B8%82%E0%B8%B2%E0%B8%A7+%E0%B8%A7%E0%B8%B5%E0%B9%80%E0%B8%99%E0%B8%B5%E0%B8%A2%E0%B8%A3%E0%B9%8C+%E0%B8%A3%E0%B8%B1%E0%B8%81%E0%B8%A9%E0%B8%B2%E0%B8%A3%E0%B8%B2%E0%B8%81%E0%B8%9F%E0%B8%B1%E0%B8%99/data=!4m7!3m6!1s0x30e298cad4e25ce7:0xcc9922b4ece66d4d!8m2!3d13.7205552!4d100.5302512!16s%2Fg%2F1ptyw81ts!19sChIJ51zi1MqY4jARTW3m7LQimcw?authuser=0&hl=en&rclk=1"
"0x30e298d8ea84c159:0xae34204410a2efb0","For. Fan Sukkaphap Clinic","Dental clinic","
926 ถ. เจริญกรุง Talat Noi, Samphanthawong, Bangkok 10100, Thailand","PGM7+GP Bangkok, Thailand","","","+66 2 233 0597","","","3.4","5","","","","","https://www.google.com/maps/place/For.+Fan+Sukkaphap+Clinic/data=!4m7!3m6!1s0x30e298d8ea84c159:0xae34204410a2efb0!8m2!3d13.733782!4d100.5142506!16s%2Fg%2F1hm23m39_!19sChIJWcGE6tiY4jARsO-iEEQgNK4?authuser=0&hl=en&rclk=1"
"0x30e29927a3869d3f:0xc15db1680f94481b","Rabbit Dental Clinic แรบบิทเดนทัล","Dental clinic","
33 Maha Phruettharam Rd, Maha Phruttharam, Bang Rak, Bangkok 10500, Thailand","PGP8+RC Bangkok, Thailand","","","+66 64 252 5354","https://www.facebook.com/RABBITDENTALCLINIC/","","4.2","5","","","Open","","https://www.google.com/maps/place/Rabbit+Dental+Clinic+%E0%B9%81%E0%B8%A3%E0%B8%9A%E0%B8%9A%E0%B8%B4%E0%B8%97%E0%B9%80%E0%B8%94%E0%B8%99%E0%B8%97%E0%B8%B1%E0%B8%A5/data=!4m7!3m6!1s0x30e29927a3869d3f:0xc15db1680f94481b!8m2!3d13.7370529!4d100.516078!16s%2Fg%2F11gsbfq3ft!19sChIJP52GoyeZ4jARG0iUD2ixXcE?authuser=0&hl=en&rclk=1"
"0x30e29f005b127175:0x212527d02c298abb","Doctor Day dental clinic","Denture care center","
444 Phaya Thai Rd, Wang Mai, Pathum Wan, Bangkok 10330, Thailand","PGVJ+P2 Bangkok, Thailand","","","+66 92 555 2010","","","4.1","16","","","Open","","https://www.google.com/maps/place/Doctor+Day+dental+clinic/data=!4m7!3m6!1s0x30e29f005b127175:0x212527d02c298abb!8m2!3d13.7443505!4d100.5300421!16s%2Fg%2F11vy9k4wmw!19sChIJdXESWwCf4jARu4opLNAnJSE?authuser=0&hl=en&rclk=1"
"0x30e29f24163b6223:0xebf6fbceeb68203f","Orthodontic Center Dental Clinic","Dental clinic","
888, 54-55 Phloen Chit Rd, Lumphini, Pathum Wan, Bangkok 10330, Thailand","PGRX+QC Bangkok, Thailand","","","+66 2 252 6630","","","4.9","14","","","Open","","https://www.google.com/maps/place/Orthodontic+Center+Dental+Clinic/data=!4m7!3m6!1s0x30e29f24163b6223:0xebf6fbceeb68203f!8m2!3d13.7418857!4d100.5485209!16s%2Fg%2F1hc2fqr6l!19sChIJI2I7FiSf4jARPyBo68779us?authuser=0&hl=en&rclk=1"
"0x30e29fa8c69ee9d1:0x8db164af8584fdd3","Healthy Smile Dental Clinic","Dental clinic","
838 ถ.สุขุมวิท (ตรงข้ามซอยทองหล่อ BTS ทองหล่อ ทางออกที่ 4 Phra Khanong, Khlong Toei, Bangkok 10110, Thailand","PHFH+8R Bangkok, Thailand","","","+66 2 392 9299","","","5.0","39","","","Open","","https://www.google.com/maps/place/Healthy+Smile+Dental+Clinic/data=!4m7!3m6!1s0x30e29fa8c69ee9d1:0x8db164af8584fdd3!8m2!3d13.7233618!4d100.5795355!16s%2Fg%2F1hc5283gz!19sChIJ0emexqif4jAR0_2Eha9ksY0?authuser=0&hl=en&rclk=1"
"0x30e2995f04fdd817:0x121779bf25d855e4","คลินิกทันตกรรมสวนอ้อย (Suan-Aoy Dental Clinic)","Dental clinic","
174 Suan oi 2 Alley, Dusit, Dusit District, Bangkok 10300, Thailand","QGH6+H5 Bangkok, Thailand","","","+66 2 243 2626","","","4.9","19","","","Open","","https://www.google.com/maps/place/%E0%B8%84%E0%B8%A5%E0%B8%B4%E0%B8%99%E0%B8%B4%E0%B8%81%E0%B8%97%E0%B8%B1%E0%B8%99%E0%B8%95%E0%B8%81%E0%B8%A3%E0%B8%A3%E0%B8%A1%E0%B8%AA%E0%B8%A7%E0%B8%99%E0%B8%AD%E0%B9%89%E0%B8%AD%E0%B8%A2+%28Suan-Aoy+Dental+Clinic%29/data=!4m7!3m6!1s0x30e2995f04fdd817:0x121779bf25d855e4!8m2!3d13.7789362!4d100.5104817!16s%2Fg%2F1pv1c10sz!19sChIJF9j9BF-Z4jAR5FXYJb95FxI?authuser=0&hl=en&rclk=1"
"0x30e299c0eb3e10c3:0xf98cb309f8a610e","Dental Park Clinic สาขาศาลเจ้าพ่อเสือ","Dental clinic","
296 Thanon Tanao, San Chao Pho Sua, Phra Nakhon, Bangkok 10200, Thailand","QF3X+WC Bangkok, Thailand","","","+66 93 623 8988","","","4.6","10","","","Open","","https://www.google.com/maps/place/Dental+Park+Clinic+%E0%B8%AA%E0%B8%B2%E0%B8%82%E0%B8%B2%E0%B8%A8%E0%B8%B2%E0%B8%A5%E0%B9%80%E0%B8%88%E0%B9%89%E0%B8%B2%E0%B8%9E%E0%B9%88%E0%B8%AD%E0%B9%80%E0%B8%AA%E0%B8%B7%E0%B8%AD/data=!4m7!3m6!1s0x30e299c0eb3e10c3:0xf98cb309f8a610e!8m2!3d13.7548448!4d100.4985378!16s%2Fg%2F11jh5rtls3!19sChIJwxA-68CZ4jARDmGKnzDLmA8?authuser=0&hl=en&rclk=1"
"0x30e299f6fa133599:0x9e1ccf2346838aea","Dr.HORM DENTAL CLINIC","Doctor","
100 ซ. นานา Pom Prap, Pom Prap Sattru Phai, Bangkok 10100, Thailand","PGQ7+RH Bangkok, Thailand","","","","https://www.beautynailhairsalons.com/XX/Unknown/1468782126771221/Dr.Horm-Dental-Clinic","","4.5","55","","","Open","","https://www.google.com/maps/place/Dr.HORM+DENTAL+CLINIC/data=!4m7!3m6!1s0x30e299f6fa133599:0x9e1ccf2346838aea!8m2!3d13.7396006!4d100.5138893!16s%2Fg%2F11h9bjlb17!19sChIJmTUT-vaZ4jAR6oqDRiPPHJ4?authuser=0&hl=en&rclk=1"
"0x30e298dd30968801:0xf7f2b420bf24b126","Charoen Nakhon Dental Clinic 2","Dental clinic","
246, 248 Charoen Nakhon Rd, Khlong Ton Sai, Khlong San, Bangkok 10600, Thailand","PGF5+WJ Bangkok, Thailand","","","+66 83 262 2252","","","5.0","500","","","Open","","https://www.google.com/maps/place/Charoen+Nakhon+Dental+Clinic+2/data=!4m7!3m6!1s0x30e298dd30968801:0xf7f2b420bf24b126!8m2!3d13.7247908!4d100.5090059!16s%2Fg%2F1pzx7kst6!19sChIJAYiWMN2Y4jARJrEkvyC08vc?authuser=0&hl=en&rclk=1"
"0x30e29f32da9842ff:0x89092795cad6fdc5","The ARCH Dental Clinic - Sathorn (Sathorn Thani2)","Dental clinic","
เลขที่ 92/31A ชั้น 12 อาคารสาทรธานี 2 N Sathon Rd, Bang Rak, Bangkok 10500, Thailand","PGFJ+86 Bangkok, Thailand","","","+66 88 088 7565","http://www.thearch.co.th/","","4.0","42","","","Open","","https://www.google.com/maps/place/The+ARCH+Dental+Clinic+-+Sathorn+%28Sathorn+Thani2%29/data=!4m7!3m6!1s0x30e29f32da9842ff:0x89092795cad6fdc5!8m2!3d13.7233594!4d100.5305741!16s%2Fg%2F11f3rndrd6!19sChIJ_0KY2jKf4jARxf3WypUnCYk?authuser=0&hl=en&rclk=1"
"0x30e29975e75aea7d:0xfc06a9d15fabf966","Witcha Dental Clinic ศูนย์รากเทียมทั้งปาก ตากสิน20","Dental clinic","
298 Somdet Phra Chao Tak Sin Rd, Bukkhalo, Thon Buri, Bangkok 10600, Thailand","PF7Q+57 Bangkok, Thailand","","","+66 85 181 9995","https://www.facebook.com/share/18QBQGwERF/?mibextid=wwXIfr","","5.0","67","","","Open","","https://www.google.com/maps/place/Witcha+Dental+Clinic+%E0%B8%A8%E0%B8%B9%E0%B8%99%E0%B8%A2%E0%B9%8C%E0%B8%A3%E0%B8%B2%E0%B8%81%E0%B9%80%E0%B8%97%E0%B8%B5%E0%B8%A2%E0%B8%A1%E0%B8%97%E0%B8%B1%E0%B9%89%E0%B8%87%E0%B8%9B%E0%B8%B2%E0%B8%81+%E0%B8%95%E0%B8%B2%E0%B8%81%E0%B8%AA%E0%B8%B4%E0%B8%9920/data=!4m7!3m6!1s0x30e29975e75aea7d:0xfc06a9d15fabf966!8m2!3d13.7129262!4d100.4881427!16s%2Fg%2F11nc7f40lc!19sChIJfepa53WZ4jARZvmrX9GpBvw?authuser=0&hl=en&rclk=1"
"0x30e298d2ded84aed:0x4ae0a75bebfd825a","Silom Dental Building Clinic สีลม เด็นตัล บิลดิ้ง คลินิค","Dental clinic","
439, 4-5 Naradhiwas Rajanagarindra Rd, Si Lom, Bang Rak, Bangkok 10500, Thailand","PGGH+7F Bangkok, Thailand","","","+66 2 636 9091","http://www.silomdental.com/dental_thai/index.html","","4.6","92","","","Open","","https://www.google.com/maps/place/Silom+Dental+Building+Clinic+%E0%B8%AA%E0%B8%B5%E0%B8%A5%E0%B8%A1+%E0%B9%80%E0%B8%94%E0%B9%87%E0%B8%99%E0%B8%95%E0%B8%B1%E0%B8%A5+%E0%B8%9A%E0%B8%B4%E0%B8%A5%E0%B8%94%E0%B8%B4%E0%B9%89%E0%B8%87+%E0%B8%84%E0%B8%A5%E0%B8%B4%E0%B8%99%E0%B8%B4%E0%B8%84/data=!4m7!3m6!1s0x30e298d2ded84aed:0x4ae0a75bebfd825a!8m2!3d13.7257324!4d100.5287426!16s%2Fg%2F119tpqlgj!19sChIJ7UrY3tKY4jARWoL961un4Eo?authuser=0&hl=en&rclk=1"
"0x30e299b8dee6d30d:0x56dde32469e8e798","Deezy dental home บางรัก | ทำฟัน จัดฟัน วีเนียร์ รากฟันเทียม","Dental clinic","
1475 ถ. เจริญกรุง Si Lom, Bang Rak, Bangkok 10500, Thailand","PG98+M5 Bangkok, Thailand","","","+66 98 178 8813","http://www.deezydental.com/","","4.8","111","","","Open","","https://www.google.com/maps/place/Deezy+dental+home+%E0%B8%9A%E0%B8%B2%E0%B8%87%E0%B8%A3%E0%B8%B1%E0%B8%81+%7C+%E0%B8%97%E0%B8%B3%E0%B8%9F%E0%B8%B1%E0%B8%99+%E0%B8%88%E0%B8%B1%E0%B8%94%E0%B8%9F%E0%B8%B1%E0%B8%99+%E0%B8%A7%E0%B8%B5%E0%B9%80%E0%B8%99%E0%B8%B5%E0%B8%A2%E0%B8%A3%E0%B9%8C+%E0%B8%A3%E0%B8%B2%E0%B8%81%E0%B8%9F%E0%B8%B1%E0%B8%99%E0%B9%80%E0%B8%97%E0%B8%B5%E0%B8%A2%E0%B8%A1/data=!4m7!3m6!1s0x30e299b8dee6d30d:0x56dde32469e8e798!8m2!3d13.7192266!4d100.5154703!16s%2Fg%2F11t__gvz88!19sChIJDdPm3riZ4jARmOfoaSTj3VY?authuser=0&hl=en&rclk=1"
"0x30e29fcf67f3199f:0x9c5befcd85e8ebf6","All Dent Dental Clinic","Dentist","
เลขที่ 2/6 หมู่ - หมู่บ้าน - ซอย - ถนน คอนแวนต์, Si Lom Rd, Bang Rak, Bangkok 10500, Thailand","PGGM+W8 Bangkok, Thailand","","","+66 2 631 0055","","","4.4","18","","","Open","","https://www.google.com/maps/place/All+Dent+Dental+Clinic/data=!4m7!3m6!1s0x30e29fcf67f3199f:0x9c5befcd85e8ebf6!8m2!3d13.7272967!4d100.5333624!16s%2Fg%2F1pty8b974!19sChIJnxnzZ8-f4jAR9uvohc3vW5w?authuser=0&hl=en&rclk=1"
"0x30e298cc5a47f369:0xc34b2e76152c4cc5","คลินิกทันตกรรมสาทร 11 เดนทอลโฮม","Dental clinic","
6, 8 ซอย สาทร 11 Yan Nawa, Sathon, Bangkok 10120, Thailand","PG9G+WG Bangkok, Thailand","","","+66 95 312 6899","https://linkbio.co/sathorn11dentalhome","","4.7","45","","","Open","","https://www.google.com/maps/place/%E0%B8%84%E0%B8%A5%E0%B8%B4%E0%B8%99%E0%B8%B4%E0%B8%81%E0%B8%97%E0%B8%B1%E0%B8%99%E0%B8%95%E0%B8%81%E0%B8%A3%E0%B8%A3%E0%B8%A1%E0%B8%AA%E0%B8%B2%E0%B8%97%E0%B8%A3+11+%E0%B9%80%E0%B8%94%E0%B8%99%E0%B8%97%E0%B8%AD%E0%B8%A5%E0%B9%82%E0%B8%AE%E0%B8%A1/data=!4m7!3m6!1s0x30e298cc5a47f369:0xc34b2e76152c4cc5!8m2!3d13.7197981!4d100.5263493!16s%2Fg%2F1pp2vjffp!19sChIJafNHWsyY4jARxUwsFXYuS8M?authuser=0&hl=en&rclk=1"
"0x30e29fcbd0150803:0xba9a27533561589e","JW Dental Clinic","Dental clinic","
178 Naradhiwas Rajanagarindra Rd, Thung Wat Don, Sathon, Bangkok 10120, Thailand","PG5M+VX Bangkok, Thailand","","","+66 98 904 2553","","","5.0","49","","","Open","","https://www.google.com/maps/place/JW+Dental+Clinic/data=!4m7!3m6!1s0x30e29fcbd0150803:0xba9a27533561589e!8m2!3d13.7096774!4d100.5349268!16s%2Fg%2F11ymvc2cq2!19sChIJAwgV0Muf4jARnlhhNVMnmro?authuser=0&hl=en&rclk=1"
"0x30e29f30c867bedd:0xacd8161c81029b8f","Thantaporn","Dental clinic","
614 Thanon Suan Phlu, Thung Maha Mek, Sathon, Bangkok 10120, Thailand","PG9Q+3P Bangkok, Thailand","","","+66 2 286 9052","","","5.0","5","","","Open","","https://www.google.com/maps/place/Thantaporn/data=!4m7!3m6!1s0x30e29f30c867bedd:0xacd8161c81029b8f!8m2!3d13.7177386!4d100.5393741!16s%2Fg%2F1wzs_tx2!19sChIJ3b5nyDCf4jARj5sCgRwW2Kw?authuser=0&hl=en&rclk=1"
"0x30e29f1785e66569:0x93d924b5b7b1fc1","MsDentalClinic เอ็มเอสคลินิกทันตกรรม","Dental clinic","
เลขที่ 555, 1-2 Sukhumvit 39, Khlong Tan Nuea, Watthana, Bangkok 10110, Thailand","PHVF+X2 Bangkok, Thailand","","","+66 61 092 9669","http://www.msdental39.com/","","4.8","123","","","Open","","https://www.google.com/maps/place/MsDentalClinic+%E0%B9%80%E0%B8%AD%E0%B9%87%E0%B8%A1%E0%B9%80%E0%B8%AD%E0%B8%AA%E0%B8%84%E0%B8%A5%E0%B8%B4%E0%B8%99%E0%B8%B4%E0%B8%81%E0%B8%97%E0%B8%B1%E0%B8%99%E0%B8%95%E0%B8%81%E0%B8%A3%E0%B8%A3%E0%B8%A1/data=!4m7!3m6!1s0x30e29f1785e66569:0x93d924b5b7b1fc1!8m2!3d13.744918!4d100.5725846!16s%2Fg%2F11fntbbj0y!19sChIJaWXmhRef4jARwR97W0uSPQk?authuser=0&hl=en&rclk=1"
"0x30e29ef0890113d9:0xc9811908d3d94466","Faculty of Dentistry Srinakharinwirot University","Dental school","
114 Soi Sukhumvit 23, Khlong Toei Nuea, Watthana, Bangkok 10110, Thailand","PHW8+5G Bangkok, Thailand","13.745452","100.5663722","+66 2 649 5000","http://dent.swu.ac.th/","","4.7","128","","","Open","","https://www.google.com/maps/place/Faculty+of+Dentistry+Srinakharinwirot+University/@13.745452,100.5663722,17z/data=!3m1!4b1!4m6!3m5!1s0x30e29ef0890113d9:0xc9811908d3d94466!8m2!3d13.745452!4d100.5663722!16s%2Fg%2F11b_0dn7gr?authuser=0&hl=en&entry=ttu&g_ep=EgoyMDI2MDYxNi4wIKXMDSoASAFQAw%3D%3D"
"0x30e29fea2bb4a815:0x20b6201fb36324b6","Mordee","Medical group","
219/59 Asoke Towers, 17th Floor, Sukhumvit 21 Rd, Khlong Toei Nuea, Watthana, Bangkok 10110, Thailand","PHW6+5X Bangkok, Thailand","","","+66 88 855 6915","https://www.mordee.co/","","5.0","35","","","Open","","https://www.google.com/maps/place/Mordee/data=!4m7!3m6!1s0x30e29fea2bb4a815:0x20b6201fb36324b6!8m2!3d13.7454241!4d100.5624388!16s%2Fg%2F11mnjl_sc2!19sChIJFai0K-qf4jARtiRjsx8gtiA?authuser=0&hl=en&rclk=1"
"0x30e29e942133c14d:0x470e0152555bfef6","Sutthiporn Dental Clinic","Health","
30 Soi Pracha Songkhro 2, Khwaeng Din Daeng, Din Daeng, Bangkok 10400, Thailand","QH64+QG Bangkok, Thailand","13.7619175","100.556309","+66 2 247 1249","http://www.painaidii.com/business/55142/sutthiporn-dental-clinic-10400/lang/en/","","4.7","20","","","Open","","https://www.google.com/maps/place/Sutthiporn+Dental+Clinic/@13.7619175,100.556309,17z/data=!3m1!4b1!4m6!3m5!1s0x30e29e942133c14d:0x470e0152555bfef6!8m2!3d13.7619175!4d100.556309!16s%2Fg%2F1tg135jd?authuser=0&hl=en&entry=ttu&g_ep=EgoyMDI2MDYxNi4wIKXMDSoASAFQAw%3D%3D"
"0x30e29e9a5030c14d:0x225f81c3ea53a9ee","คลินิกฟันงาม พ.7","Dental clinic","
62 11 พ.7 Pracha Songkhro Rd, Din Daeng, Bangkok 10400, Thailand","QH84+5R Bangkok, Thailand","","","+66 2 644 2513","","","5.0","5","","","Open","","https://www.google.com/maps/place/%E0%B8%84%E0%B8%A5%E0%B8%B4%E0%B8%99%E0%B8%B4%E0%B8%81%E0%B8%9F%E0%B8%B1%E0%B8%99%E0%B8%87%E0%B8%B2%E0%B8%A1+%E0%B8%9E.7/data=!4m7!3m6!1s0x30e29e9a5030c14d:0x225f81c3ea53a9ee!8m2!3d13.7654421!4d100.5570362!16s%2Fg%2F1hc4np7dg!19sChIJTcEwUJqe4jAR7qlT6sOBXyI?authuser=0&hl=en&rclk=1"
"0x30e29f295233ef5d:0xfb6062ce4f50e68d","Interplast Clinic","Plastic surgery clinic","
20/8 Soi Ruamrudee Community, Lumphini, Pathum Wan, Bangkok 10330, Thailand","PGRX+4J Bangkok, Thailand","","","+66 2 056 2108","https://www.interplastclinic.com/","","4.3","56","","","Open","","https://www.google.com/maps/place/Interplast+Clinic/data=!4m7!3m6!1s0x30e29f295233ef5d:0xfb6062ce4f50e68d!8m2!3d13.7403735!4d100.5491186!16s%2Fg%2F11c6s471m6!19sChIJXe8zUimf4jARjeZQT85iYPs?authuser=0&hl=en&rclk=1"
"0x30e2993c772474cf:0x9eebf1bb8f4720aa","คลินิกทันตแพทย์วิชชา ณัฏยา Dental Clinic","Dentist","
500 Bamrung Mueang Rd, Wat Thep Sirin, Pom Prap Sattru Phai, Bangkok 10100, Thailand","QG26+5W Bangkok, Thailand","","","+66 2 223 6586","","","5.0","5","","","Open","","https://www.google.com/maps/place/%E0%B8%84%E0%B8%A5%E0%B8%B4%E0%B8%99%E0%B8%B4%E0%B8%81%E0%B8%97%E0%B8%B1%E0%B8%99%E0%B8%95%E0%B9%81%E0%B8%9E%E0%B8%97%E0%B8%A2%E0%B9%8C%E0%B8%A7%E0%B8%B4%E0%B8%8A%E0%B8%8A%E0%B8%B2+%E0%B8%93%E0%B8%B1%E0%B8%8F%E0%B8%A2%E0%B8%B2+Dental+Clinic/data=!4m7!3m6!1s0x30e2993c772474cf:0x9eebf1bb8f4720aa!8m2!3d13.7504943!4d100.5122964!16s%2Fg%2F1hc28_cbc!19sChIJz3QkdzyZ4jARqiBHj7vx654?authuser=0&hl=en&rclk=1"
"0x30e29e95b4ea734b:0xf888ac7a009ee632","คลินิกทันตกรรมทันตแพทย์ณรงค์ - DR.NARONG DENTAL CLINIC (DNDC)","Dental clinic","
5467 Pracha Songkhro Rd, Ratchadaphisek, Din Daeng, Bangkok 10400, Thailand","QHG8+5H Bangkok, Thailand","","","+66 2 276 6702","https://www.facebook.com/dndcdentalclinic","","4.9","43","","","Open","","https://www.google.com/maps/place/%E0%B8%84%E0%B8%A5%E0%B8%B4%E0%B8%99%E0%B8%B4%E0%B8%81%E0%B8%97%E0%B8%B1%E0%B8%99%E0%B8%95%E0%B8%81%E0%B8%A3%E0%B8%A3%E0%B8%A1%E0%B8%97%E0%B8%B1%E0%B8%99%E0%B8%95%E0%B9%81%E0%B8%9E%E0%B8%97%E0%B8%A2%E0%B9%8C%E0%B8%93%E0%B8%A3%E0%B8%87%E0%B8%84%E0%B9%8C+-+DR.NARONG+DENTAL+CLINIC+%28DNDC%29/data=!4m7!3m6!1s0x30e29e95b4ea734b:0xf888ac7a009ee632!8m2!3d13.7753869!4d100.5664779!16s%2Fg%2F1hc5pmyd6!19sChIJS3PqtJWe4jARMuaeAHqsiPg?authuser=0&hl=en&rclk=1"
"0x30e29fd24e0bf1ef:0xad9c1fc63d8f9b17","All About Teeth Clinic, Asok Branch","Dental clinic","
1st Floor SINGHA COMPLEX 1788 New Petchaburi Rd, Huai Khwang, Bangkapi Bangkok 10310, Thailand","PHX7+9Q Bangkok, Thailand","","","+66 87 789 3663","http://www.allaboutteethclinic.com/","","4.8","163","","","Open","","https://www.google.com/maps/place/All+About+Teeth+Clinic,+Asok+Branch/data=!4m7!3m6!1s0x30e29fd24e0bf1ef:0xad9c1fc63d8f9b17!8m2!3d13.7484823!4d100.5644637!16s%2Fg%2F11fd17wf6d!19sChIJ7_ELTtKf4jARF5uPPcYfnK0?authuser=0&hl=en&rclk=1"
"0x30e29922f117ec29:0x5ce821708eddfd7a","405 Dental by Dent-Mate","Dental clinic","
405 ถนนยมราช แขวงป้อมปราบศัตรูพ่าย 539 Yommarat Sukhum Rd, Pom Prap, Pom Prap Sattru Phai, Bangkok 10100, Thailand","PGV5+RJ Bangkok, Thailand","","","+66 2 225 9661","https://www.405dentalclinic.com/","","5.0","7","","","Open","","https://www.google.com/maps/place/405+Dental+by+Dent-Mate/data=!4m7!3m6!1s0x30e29922f117ec29:0x5ce821708eddfd7a!8m2!3d13.7445377!4d100.5090913!16s%2Fg%2F1tczmt7l!19sChIJKewX8SKZ4jARev3djnAh6Fw?authuser=0&hl=en&rclk=1"
"0x30e29f1266506879:0xac1f3bc1e0b3377a","คลินิกทันตกรรม Smile Seasons Silom Complex","Dental clinic","
191 ห้อง306 อาคาร ศูนย์การค้าสีลมคอมเพล็กซ์ คลินิกทันตกรรม Smile Seasons Silom Complex สีลม Bang Rak, Bangkok 10500, Thailand","PGHM+6W Bangkok, Thailand","","","+66 2 114 3274","https://www.smileseasons.com/","","4.9","723","","","Open","","https://www.google.com/maps/place/%E0%B8%84%E0%B8%A5%E0%B8%B4%E0%B8%99%E0%B8%B4%E0%B8%81%E0%B8%97%E0%B8%B1%E0%B8%99%E0%B8%95%E0%B8%81%E0%B8%A3%E0%B8%A3%E0%B8%A1+Smile+Seasons+Silom+Complex/data=!4m7!3m6!1s0x30e29f1266506879:0xac1f3bc1e0b3377a!8m2!3d13.7280997!4d100.53485!16s%2Fg%2F11l6kkv8jg!19sChIJeWhQZhKf4jARejez4ME7H6w?authuser=0&hl=en&rclk=1"
"0x30e29f243bdb43c7:0xd7b61a10108ae8c4","Smile and Style dental studio - ทำฟัน จัดฟัน วีเนียร์ รากเทียม ทันตกรรมครบวงจร","Dental clinic","
Trinity complex, 34 soi pipat, Si Lom, Bang Rak, Bangkok 10500, Thailand","PGFJ+X7 Bangkok, Thailand","","","+66 95 936 1466","https://linktr.ee/smile.style","","5.0","351","","","Open","","https://www.google.com/maps/place/Smile+and+Style+dental+studio+-+%E0%B8%97%E0%B8%B3%E0%B8%9F%E0%B8%B1%E0%B8%99+%E0%B8%88%E0%B8%B1%E0%B8%94%E0%B8%9F%E0%B8%B1%E0%B8%99+%E0%B8%A7%E0%B8%B5%E0%B9%80%E0%B8%99%E0%B8%B5%E0%B8%A2%E0%B8%A3%E0%B9%8C+%E0%B8%A3%E0%B8%B2%E0%B8%81%E0%B9%80%E0%B8%97%E0%B8%B5%E0%B8%A2%E0%B8%A1+%E0%B8%97%E0%B8%B1%E0%B8%99%E0%B8%95%E0%B8%81%E0%B8%A3%E0%B8%A3%E0%B8%A1%E0%B8%84%E0%B8%A3%E0%B8%9A%E0%B8%A7%E0%B8%87%E0%B8%88%E0%B8%A3/data=!4m7!3m6!1s0x30e29f243bdb43c7:0xd7b61a10108ae8c4!8m2!3d13.7249986!4d100.5306747!16s%2Fg%2F11x7xdkq3k!19sChIJx0PbOySf4jARxOiKEBAattc?authuser=0&hl=en&rclk=1"
"0x30e29fb38973cb57:0x8a6002b87d4a2dde","เจินดี สหคลินิก (Gene Des Clinic)","Dental clinic","
ตรงข้ามเซ็นทรัล ฟอร์จูนทาวน์ รัชดา ชั้น G (โซนฝั่งโรงแรมAvani) ลง MRT Rama IX Rd, Din Daeng, Bangkok 10400, Thailand","QH47+WW Bangkok, Thailand","","","+66 99 082 9695","","","4.7","35","","","Open","","https://www.google.com/maps/place/%E0%B9%80%E0%B8%88%E0%B8%B4%E0%B8%99%E0%B8%94%E0%B8%B5+%E0%B8%AA%E0%B8%AB%E0%B8%84%E0%B8%A5%E0%B8%B4%E0%B8%99%E0%B8%B4%E0%B8%81+%28Gene+Des+Clinic%29/data=!4m7!3m6!1s0x30e29fb38973cb57:0x8a6002b87d4a2dde!8m2!3d13.7573188!4d100.5648587!16s%2Fg%2F11mrllk9t1!19sChIJV8tzibOf4jAR3i1KfbgCYIo?authuser=0&hl=en&rclk=1"
"0x30e29f420b889515:0x248226e53349d225","Smile Around Dental Clinic คลินิกทันตกรรมสมายอะราวด์ ม.หอการค้า","Dental clinic","
185 5 ซอย หอการค้า, Ratchadaphisek, Din Daeng, Bangkok 10400, Thailand","QHH6+4C Bangkok, Thailand","","","+66 63 416 5339","https://www.facebook.com/smilearounddent/","","5.0","69","","","Open","","https://www.google.com/maps/place/Smile+Around+Dental+Clinic+%E0%B8%84%E0%B8%A5%E0%B8%B4%E0%B8%99%E0%B8%B4%E0%B8%81%E0%B8%97%E0%B8%B1%E0%B8%99%E0%B8%95%E0%B8%81%E0%B8%A3%E0%B8%A3%E0%B8%A1%E0%B8%AA%E0%B8%A1%E0%B8%B2%E0%B8%A2%E0%B8%AD%E0%B8%B0%E0%B8%A3%E0%B8%B2%E0%B8%A7%E0%B8%94%E0%B9%8C+%E0%B8%A1.%E0%B8%AB%E0%B8%AD%E0%B8%81%E0%B8%B2%E0%B8%A3%E0%B8%84%E0%B9%89%E0%B8%B2/data=!4m7!3m6!1s0x30e29f420b889515:0x248226e53349d225!8m2!3d13.7777526!4d100.5610938!16s%2Fg%2F11q4m9mhrg!19sChIJFZWIC0Kf4jARJdJJM-UmgiQ?authuser=0&hl=en&rclk=1"
"0x30e29d696e79b043:0x917e9d02c8ba0877","คลินิกทันตกรรมคาซ่า - CASA Dental Clinic","Dental clinic","
254, 11-12 Pradiphat Rd, Phaya Thai, Bangkok 10400, Thailand","QGRW+2M Bangkok, Thailand","","","+66 63 956 6632","https://casadentclinic.com/","","5.0","209","","","Open","","https://www.google.com/maps/place/%E0%B8%84%E0%B8%A5%E0%B8%B4%E0%B8%99%E0%B8%B4%E0%B8%81%E0%B8%97%E0%B8%B1%E0%B8%99%E0%B8%95%E0%B8%81%E0%B8%A3%E0%B8%A3%E0%B8%A1%E0%B8%84%E0%B8%B2%E0%B8%8B%E0%B9%88%E0%B8%B2+-+CASA+Dental+Clinic/data=!4m7!3m6!1s0x30e29d696e79b043:0x917e9d02c8ba0877!8m2!3d13.7900059!4d100.5467306!16s%2Fg%2F11s5yw29pv!19sChIJQ7B5bmmd4jARdwi6yAKdfpE?authuser=0&hl=en&rclk=1"
"0x30e29c1c2eb96787:0x88228b16516c1d72","Phyathai Dental Clinic","Walk-in clinic","
412/35, Phaholyothin Place, 2st Floor, Phahonyothin Rd, Samsen Nai, Phaya Thai, Bangkok 10400, Thailand","QGMW+6C Bangkok, Thailand","","","+66 2 619 1041","","","5.0","7","","","Open","","https://www.google.com/maps/place/Phyathai+Dental+Clinic/data=!4m7!3m6!1s0x30e29c1c2eb96787:0x88228b16516c1d72!8m2!3d13.78304!4d100.5460533!16s%2Fg%2F1pzqv5mxm!19sChIJh2e5Lhyc4jARch1sURaLIog?authuser=0&hl=en&rclk=1"
"0x30e29deb0278b7e5:0x7125296b0983b9b9","Smile Creations Dental Clinic","Dental clinic","
698 Phahonyothin Rd, Samsen Nai, Phaya Thai, Bangkok 10400, Thailand","QHV2+V5 Bangkok, Thailand","","","+66 97 297 4610","https://smilecreationsdc.com/gallery/","","5.0","923","","","Open","","https://www.google.com/maps/place/Smile+Creations+Dental+Clinic/data=!4m7!3m6!1s0x30e29deb0278b7e5:0x7125296b0983b9b9!8m2!3d13.7946782!4d100.5504514!16s%2Fg%2F11hz6sb930!19sChIJ5bd4Auud4jARubmDCWspJXE?authuser=0&hl=en&rclk=1"
"0x30e29c16683de89b:0x93958987e43b887c","Chatuchak Dental Center","Dental clinic","
1639/3-4 Phahonyothin Rd, Samsen Nai, Phaya Thai, Bangkok 10400, Thailand","QHW2+43 Bangkok, Thailand","","","+66 2 619 2691","https://www.cdc.dental/","","4.8","275","","","Open","","https://www.google.com/maps/place/Chatuchak+Dental+Center/data=!4m7!3m6!1s0x30e29c16683de89b:0x93958987e43b887c!8m2!3d13.7953237!4d100.5501454!16s%2Fg%2F113dnd_f0!19sChIJm-g9aBac4jARfIg75IeJlZM?authuser=0&hl=en&rclk=1"
"0x30e29bdf3395979d:0xa9042b7f3ad64737","Double N Dental Clinic สาขาMRTสิรินธร ทำฟัน จัดฟัน รากเทียม ฟอกสีฟัน","Dental clinic","
638 Charan Sanit Wong Rd, Bang Yi Khan, Bang Phlat, Bangkok 10700, Thailand","QFMV+73 Bangkok, Thailand","","","+66 92 286 2868","https://www.facebook.com/DoubleNDental","","4.9","174","","","Open","","https://www.google.com/maps/place/Double+N+Dental+Clinic+%E0%B8%AA%E0%B8%B2%E0%B8%82%E0%B8%B2MRT%E0%B8%AA%E0%B8%B4%E0%B8%A3%E0%B8%B4%E0%B8%99%E0%B8%98%E0%B8%A3+%E0%B8%97%E0%B8%B3%E0%B8%9F%E0%B8%B1%E0%B8%99+%E0%B8%88%E0%B8%B1%E0%B8%94%E0%B8%9F%E0%B8%B1%E0%B8%99+%E0%B8%A3%E0%B8%B2%E0%B8%81%E0%B9%80%E0%B8%97%E0%B8%B5%E0%B8%A2%E0%B8%A1+%E0%B8%9F%E0%B8%AD%E0%B8%81%E0%B8%AA%E0%B8%B5%E0%B8%9F%E0%B8%B1%E0%B8%99/data=!4m7!3m6!1s0x30e29bdf3395979d:0xa9042b7f3ad64737!8m2!3d13.7832424!4d100.4927053!16s%2Fg%2F11n33d22zw!19sChIJnZeVM9-b4jARN0fWOn8rBKk?authuser=0&hl=en&rclk=1"
"0x30e299232c4470d7:0xe2bab828a6b68008","Chiewcharat Dental Clinic","Dental clinic","
520 ถ. หลวง Pom Prap, Pom Prap Sattru Phai, Bangkok 10100, Thailand","PGW6+M5 Bangkok, Thailand","","","+66 2 221 8599","","","2.9","7","","","Open","","https://www.google.com/maps/place/Chiewcharat+Dental+Clinic/data=!4m7!3m6!1s0x30e299232c4470d7:0xe2bab828a6b68008!8m2!3d13.7467297!4d100.5104502!16s%2Fg%2F11r9r2t_g!19sChIJ13BELCOZ4jARCIC2pii4uuI?authuser=0&hl=en&rclk=1"
"0x30e29b4d055a3771:0x25c837d329214aa6","Chic 'n Cheese Dental Clinic คลินิกทันตกรรมชิคแอนด์ชีส","Dental clinic","
26, 1 Soi Thoet Phrakiat Soi 3, Wat Chalo, Bang Kruai District, Nonthaburi 11130, Thailand","QFWG+V7 Wat Chalo, Bang Kruai District, Nonthaburi, Thailand","","","+66 81 508 2688","http://chicncheesedental.com/","","5.0","137","","","Open","","https://www.google.com/maps/place/Chic+%27n+Cheese+Dental+Clinic+%E0%B8%84%E0%B8%A5%E0%B8%B4%E0%B8%99%E0%B8%B4%E0%B8%81%E0%B8%97%E0%B8%B1%E0%B8%99%E0%B8%95%E0%B8%81%E0%B8%A3%E0%B8%A3%E0%B8%A1%E0%B8%8A%E0%B8%B4%E0%B8%84%E0%B9%81%E0%B8%AD%E0%B8%99%E0%B8%94%E0%B9%8C%E0%B8%8A%E0%B8%B5%E0%B8%AA/data=!4m7!3m6!1s0x30e29b4d055a3771:0x25c837d329214aa6!8m2!3d13.7971274!4d100.4756553!16s%2Fg%2F11t8ljqsn1!19sChIJcTdaBU2b4jARpkohKdM3yCU?authuser=0&hl=en&rclk=1"
"0x30e29b1cacb21e1b:0x37c5a309bd4e6992","HEY TEETH Dental Clinic - บางกรวย","Dental clinic","
87, 152 Thoet Phrakiat Rd, Wat Chalo, Bang Kruai District, Nonthaburi 11130, Thailand","RF2G+8J Wat Chalo, Bang Kruai District, Nonthaburi, Thailand","","","+66 80 960 3888","https://heyteeth-dental.com/","","5.0","449","","","Open","","https://www.google.com/maps/place/HEY+TEETH+Dental+Clinic+-+%E0%B8%9A%E0%B8%B2%E0%B8%87%E0%B8%81%E0%B8%A3%E0%B8%A7%E0%B8%A2/data=!4m7!3m6!1s0x30e29b1cacb21e1b:0x37c5a309bd4e6992!8m2!3d13.8008689!4d100.4765808!16s%2Fg%2F11wh8ngz4w!19sChIJGx6yrByb4jARkmlOvQmjxTc?authuser=0&hl=en&rclk=1"
"0x30e29f4e03abd8ad:0x656400bc197a7fda","Denta Smile","Dental clinic","
Fortune Condo Town Juristic Person Office, 315 101 2 Sathu Pradit 19 Alley, Chong Nonsi, Yan Nawa, Bangkok 10120, Thailand","PG2P+68 Bangkok, Thailand","","","+66 2 674 0708","https://accounts.google.com/SignOutOptions?hl=th&continue=https://www.google.com/search?sca_esv=d7a9dca790d176ff&hl=th&sxsrf=ADLYWIK2qnZZonRVwM-9PA3jP2cYSgfcmw:1721962811456&q=%E0%B8%84%E0%B8%A5%E0%B8%B4%E0%B8%99%E0%B8%B4%E0%B8%81%E0%B8%97%E0%B8%B1%E0%B8%99%E0%B8%95%E0%B8%81%E0%B8%A3%E0%B8%A3%E0%B8%A1%E0%B9%80%E0%B8%94%E0%B8%99%E0%B8%95%E0%B9%89%E0%B8%B2%E0%B8%AA%E0%B8%A1%E0%B8%B2%E0%B8%A2%E0%B8%A5%E0%B9%8C&source=lnms&fbs=AEQNm0BX3ZMlKHA_hH9m9H4e4BlfElxFy6RnbyNjiuawzlOYR0lK7RBVcYdZ_xm0LFYl8gqibQn4Rh0wLqjsdwxXMNpGbpY23qvQYp3gO_idXurfeyZgsBHtN21ygtdSK3nsngBOR3Tu-S3AVS1CrFiFrirzkZDIgSZk7awGBZrzAEU5UkVvRL0PdAC0CXOSMnKRQM1h3rE22gxz73YF-6Te-wnNdU42-HtX9Dq882IecBabLc5VKqiuR4Gy-EUFduZRe1g6qpBv1IHqTViHVAhjfjEhEnnOUg&sa=X&ved=2ahUKEwiDvcWt28OHAxVEXWwGHX8bBiIQ0pQJegQICRAB&biw=1920&bih=919&dpr=1&ec=futura_gmv_dt_si_72586115_e","","4.8","83","","","Open","","https://www.google.com/maps/place/Denta+Smile/data=!4m7!3m6!1s0x30e29f4e03abd8ad:0x656400bc197a7fda!8m2!3d13.7005203!4d100.535769!16s%2Fg%2F12lkdwznc!19sChIJrdirA06f4jAR2n96GbwAZGU?authuser=0&hl=en&rclk=1"
"0x30e29ff1de2f3583:0x3b831b3f66f7354c","ＪＰグリーン デンタルクリニック","Dental clinic","
745 2f miracle mall Sukhumvit 41 Alley, Klongton Nua Watthana, Bangkok 10110, Thailand","PHHC+MV Bangkok, Thailand","","","+66 91 778 3672","https://www.jpgreen-dental.com/","","4.7","28","","","Open","","https://www.google.com/maps/place/%EF%BC%AA%EF%BC%B0%E3%82%B0%E3%83%AA%E3%83%BC%E3%83%B3+%E3%83%87%E3%83%B3%E3%82%BF%E3%83%AB%E3%82%AF%E3%83%AA%E3%83%8B%E3%83%83%E3%82%AF/data=!4m7!3m6!1s0x30e29ff1de2f3583:0x3b831b3f66f7354c!8m2!3d13.7291431!4d100.5721429!16s%2Fg%2F11pph2mfds!19sChIJgzUv3vGf4jARTDX3Zj8bgzs?authuser=0&hl=en&rclk=1"
"0x30e29fac08c782a1:0x50a2558ecc627260","DentalWise Clinic","Dental clinic","
95/1-2 Thong Lo, Khwaeng Khlong Tan Nuea, Watthana, Krung Thep Maha Nakhon 10110, Thailand","PHHJ+36 Bangkok, Thailand","","","+66 86 412 2828","https://www.dentalwiseclinic.com/","","4.7","192","","","Open","","https://www.google.com/maps/place/DentalWise+Clinic/data=!4m7!3m6!1s0x30e29fac08c782a1:0x50a2558ecc627260!8m2!3d13.7276367!4d100.5805498!16s%2Fg%2F11c137zp39!19sChIJoYLHCKyf4jARYHJizI5VolA?authuser=0&hl=en&rclk=1"
"0x30e29efedfd385f7:0x52bc66670d513b9d","富士JDC歯科医院 CITI RESORT 39店","Dentist","
3th Fl, City Resort, 79 Sukhumvit 39, Khlong Toei Nuea, Watthana, Bangkok 10110, Thailand","PHRC+VR Bangkok, Thailand","","","+66 2 662 2645","http://fujijdc.com/","","4.5","24","","","Open","","https://www.google.com/maps/place/%E5%AF%8C%E5%A3%ABJDC%E6%AD%AF%E7%A7%91%E5%8C%BB%E9%99%A2+CITI+RESORT+39%E5%BA%97/data=!4m7!3m6!1s0x30e29efedfd385f7:0x52bc66670d513b9d!8m2!3d13.7422285!4d100.5721054!16s%2Fg%2F1pzpm747n!19sChIJ94XT3_6e4jARnTtRDWdmvFI?authuser=0&hl=en&rclk=1"
"0x30e29fe43ab00b17:0x195eab4a55f6bc89","Ael เอล","Dental clinic","
425 Pracha Rat Bamphen Rd, Khwaeng Huai Khwang, Huai Khwang, Bangkok 10310, Thailand","QHGH+XW Bangkok, Thailand","","","+66 99 394 5614","http://aeldentalclinic.com/","","5.0","406","","","Open","","https://www.google.com/maps/place/Ael+%E0%B9%80%E0%B8%AD%E0%B8%A5/data=!4m7!3m6!1s0x30e29fe43ab00b17:0x195eab4a55f6bc89!8m2!3d13.7774426!4d100.5797884!16s%2Fg%2F11jgc_cp45!19sChIJFwuwOuSf4jARibz2VUqrXhk?authuser=0&hl=en&rclk=1"
"0x30e29ef49111928d:0x8110678d64a6c4b0","Ivet Hospital 24 Hours","Animal hospital","
976, 18 Soi Rong Phayaban Phra Ram 9, Bang Kapi, Huai Khwang, Bangkok 10310, Thailand","QH3C+F2 Bangkok, Thailand","","","+66 98 586 5525","http://www.ivethospital.com/","","4.6","730","","","Open","","https://www.google.com/maps/place/Ivet+Hospital+24+Hours/data=!4m7!3m6!1s0x30e29ef49111928d:0x8110678d64a6c4b0!8m2!3d13.7537133!4d100.5701115!16s%2Fg%2F11b6dqtstp!19sChIJjZIRkfSe4jARsMSmZI1nEIE?authuser=0&hl=en&rclk=1"
"0x30e29e92adfc3ad5:0x70d1b1f27e586311","Khunchanok Dental Clinic (คุณชนก คลินิก ทันตกรรม)","Dental clinic","
522/70 Asok Din Daeng Rd, Din Daeng, Bangkok 10400, Thailand","QH47+H3 Bangkok, Thailand","","","+66 2 246 2915","http://www.khunchanok.co/","","4.3","26","","","Open","","https://www.google.com/maps/place/Khunchanok+Dental+Clinic+%28%E0%B8%84%E0%B8%B8%E0%B8%93%E0%B8%8A%E0%B8%99%E0%B8%81+%E0%B8%84%E0%B8%A5%E0%B8%B4%E0%B8%99%E0%B8%B4%E0%B8%81+%E0%B8%97%E0%B8%B1%E0%B8%99%E0%B8%95%E0%B8%81%E0%B8%A3%E0%B8%A3%E0%B8%A1%29/data=!4m7!3m6!1s0x30e29e92adfc3ad5:0x70d1b1f27e586311!8m2!3d13.7564262!4d100.5627148!16s%2Fg%2F1tdj6vp5!19sChIJ1Tr8rZKe4jAREWNYfvKx0XA?authuser=0&hl=en&rclk=1"
"0x30e29e81e73b4539:0x91178d8f23af0a0","คลินิกทันตกรรม เดนทิสท์ นิสต้า สาขา ข้วยหวาง","Dental clinic","
รัชดา 2012/81 Ratchadaphisek Rd, Ratchadaphisek, Din Daeng, Bangkok 10400, Thailand","QHH9+99 Bangkok, Thailand","","","+66 97 089 7480","https://www.facebook.com/Dentistnistadentalclinic","","4.6","74","","","Open","","https://www.google.com/maps/place/%E0%B8%84%E0%B8%A5%E0%B8%B4%E0%B8%99%E0%B8%B4%E0%B8%81%E0%B8%97%E0%B8%B1%E0%B8%99%E0%B8%95%E0%B8%81%E0%B8%A3%E0%B8%A3%E0%B8%A1+%E0%B9%80%E0%B8%94%E0%B8%99%E0%B8%97%E0%B8%B4%E0%B8%AA%E0%B8%97%E0%B9%8C+%E0%B8%99%E0%B8%B4%E0%B8%AA%E0%B8%95%E0%B9%89%E0%B8%B2+%E0%B8%AA%E0%B8%B2%E0%B8%82%E0%B8%B2+%E0%B8%82%E0%B9%89%E0%B8%A7%E0%B8%A2%E0%B8%AB%E0%B8%A7%E0%B8%B2%E0%B8%87/data=!4m7!3m6!1s0x30e29e81e73b4539:0x91178d8f23af0a0!8m2!3d13.7784917!4d100.5683871!16s%2Fg%2F11c5zy_blf!19sChIJOUU754Ge4jARoPA68th4EQk?authuser=0&hl=en&rclk=1"
"0x30e29c1998155553:0xed631f396719b198","ND1 Dental Clinic","Dental clinic","
1383/3 Phahonyothin Rd, Phaya Thai, Bangkok 10400, Thailand","Plus Code: QGQX+G4 Bangkok, Thailand","","","+66 2 279 9163","","","5.0","14","","","Open","","https://www.google.com/maps/place/ND1+Dental+Clinic/data=!4m7!3m6!1s0x30e29c1998155553:0xed631f396719b198!8m2!3d13.7888137!4d100.5477803!16s%2Fg%2F11c5_zlqy3!19sChIJU1UVmBmc4jARmLEZZzkfY-0?authuser=0&hl=en&rclk=1"
"0x30e29914a5634c6d:0x2b6843941313d57d","Shining Smile Dental Clinic","Dentist","
62 Dinso Rd, Wat Bowon Niwet, Phra Nakhon, Bangkok 10200, Thailand","QG52+7V Bangkok, Thailand","","","+66 92 470 2742","","","5.0","35","","","Open","","https://www.google.com/maps/place/Shining+Smile+Dental+Clinic/data=!4m7!3m6!1s0x30e29914a5634c6d:0x2b6843941313d57d!8m2!3d13.7581968!4d100.5021313!16s%2Fg%2F1pp2wwtzs!19sChIJbUxjpRSZ4jARfdUTE5RDaCs?authuser=0&hl=en&rclk=1"
"0x30e29d158d798377:0x1e7c50e1b3ba8560","ศูนย์ทันตกรรมพีเอสเค - PSK Dental Center","Dental clinic","
216, 1-3 Pradiphat 16 Alley, Phaya Thai, Bangkok 10400, Thailand","QGRV+5R Bangkok, Thailand","","","+66 64 691 6165","https://www.pskdentalcenter.com/","","4.8","113","","","Open","","https://www.google.com/maps/place/%E0%B8%A8%E0%B8%B9%E0%B8%99%E0%B8%A2%E0%B9%8C%E0%B8%97%E0%B8%B1%E0%B8%99%E0%B8%95%E0%B8%81%E0%B8%A3%E0%B8%A3%E0%B8%A1%E0%B8%9E%E0%B8%B5%E0%B9%80%E0%B8%AD%E0%B8%AA%E0%B9%80%E0%B8%84+-+PSK+Dental+Center/data=!4m7!3m6!1s0x30e29d158d798377:0x1e7c50e1b3ba8560!8m2!3d13.7903978!4d100.544505!16s%2Fg%2F11r_qjmq0h!19sChIJd4N5jRWd4jARYIW6s-FQfB4?authuser=0&hl=en&rclk=1"
"0x30e299f6b6645c8b:0xaa44eb8ef8387eb9","Monoko Dental Clinic","Dental clinic","
987 8 Itsaraphap Rd, Khwaeng Hiranruchi, Khet Thon Buri, Bangkok 10600, Thailand","PFMR+5P Bangkok, Thailand","","","+66 94 783 1993","https://www.facebook.com/profile.php?id=100095118158324&mibextid=LQQJ4d","","5.0","236","","","Open","","https://www.google.com/maps/place/Monoko+Dental+Clinic/data=!4m7!3m6!1s0x30e299f6b6645c8b:0xaa44eb8ef8387eb9!8m2!3d13.7329411!4d100.4918294!16s%2Fg%2F11v672mfwx!19sChIJi1xktvaZ4jARuX44-I7rRKo?authuser=0&hl=en&rclk=1"
"0x30e29d8960f5fd69:0x55ec17b17784aada","C U Smile Dental Clinic ซี ยู สไมล์ คลินิกเฉพาะทางด้านทันตกรรม จัดฟัน","Dental clinic","
5th Floor, Room, Tipco Tower, 3 Rama VI Rd, Phaya Thai, Bangkok 10400, Thailand","QGQP+35 Bangkok, Thailand","","","+66 82 333 5060","","","4.2","5","","","Open","","https://www.google.com/maps/place/C+U+Smile+Dental+Clinic+%E0%B8%8B%E0%B8%B5+%E0%B8%A2%E0%B8%B9+%E0%B8%AA%E0%B9%84%E0%B8%A1%E0%B8%A5%E0%B9%8C+%E0%B8%84%E0%B8%A5%E0%B8%B4%E0%B8%99%E0%B8%B4%E0%B8%81%E0%B9%80%E0%B8%89%E0%B8%9E%E0%B8%B2%E0%B8%B0%E0%B8%97%E0%B8%B2%E0%B8%87%E0%B8%94%E0%B9%89%E0%B8%B2%E0%B8%99%E0%B8%97%E0%B8%B1%E0%B8%99%E0%B8%95%E0%B8%81%E0%B8%A3%E0%B8%A3%E0%B8%A1+%E0%B8%88%E0%B8%B1%E0%B8%94%E0%B8%9F%E0%B8%B1%E0%B8%99/data=!4m7!3m6!1s0x30e29d8960f5fd69:0x55ec17b17784aada!8m2!3d13.7876419!4d100.5354712!16s%2Fg%2F11k9b581qm!19sChIJaf31YImd4jAR2qqEd7EX7FU?authuser=0&hl=en&rclk=1"
"0x30e299147fcbe023:0x605bdf615ec86891","For. Fan Sa-Ard Clinic","Dental clinic","
156, 3 Dinso Rd, Sao Chingcha, Phra Nakhon, Bangkok 10200, Thailand","QG32+PF Bangkok, Thailand","","","+66 2 622 1521","","","4.4","18","","","Open","","https://www.google.com/maps/place/For.+Fan+Sa-Ard+Clinic/data=!4m7!3m6!1s0x30e299147fcbe023:0x605bdf615ec86891!8m2!3d13.7543653!4d100.501212!16s%2Fg%2F1hc2sx2mr!19sChIJI-DLfxSZ4jARkWjIXmHfW2A?authuser=0&hl=en&rclk=1"
"0x30e298e454870e67:0x78a7e9329e9d5edc","Wanida Dental Clinic","Dental clinic","
340 Lat Ya Rd, Khlong San, Bangkok 10600, Thailand","PFHX+3P Bangkok, Thailand","","","+66 2 437 3694","","","4.9","7","","","Open","","https://www.google.com/maps/place/Wanida+Dental+Clinic/data=!4m7!3m6!1s0x30e298e454870e67:0x78a7e9329e9d5edc!8m2!3d13.7276281!4d100.499327!16s%2Fg%2F1thkz8zg!19sChIJZw6HVOSY4jAR3F6dnjLpp3g?authuser=0&hl=en&rclk=1"
"0x30e298e1bfbef3cb:0xffc191beda075677","Tha Din Daeng Clinic","Specialized clinic","
358 Tha Din Daeng Rd, Somdet Chao Phraya, Khlong San, Bangkok 10600, Thailand","PGM3+P7 Bangkok, Thailand","","","+66 2 437 3383","https://m.facebook.com/61567864301731/","","4.4","24","","","Open","","https://www.google.com/maps/place/Tha+Din+Daeng+Clinic/data=!4m7!3m6!1s0x30e298e1bfbef3cb:0xffc191beda075677!8m2!3d13.7343327!4d100.5031645!16s%2Fg%2F1hc593737!19sChIJy_O-v-GY4jARd1YH2r6Rwf8?authuser=0&hl=en&rclk=1"
"0x30e298dde39d098d:0x3999ec1ff147ad43","Yossawat Dental Clinic","Dental","
680 Lat Ya Rd, Khlong San, Bangkok 10600, Thailand","PGH5+V7 Bangkok, Thailand","13.729693","100.5081366","+66 2 439 0589","","","4.7","32","","","Open","","https://www.google.com/maps/place/Yossawat+Dental+Clinic/@13.729693,100.5081366,17z/data=!3m1!4b1!4m6!3m5!1s0x30e298dde39d098d:0x3999ec1ff147ad43!8m2!3d13.729693!4d100.5081366!16s%2Fg%2F1ttpdb3w?authuser=0&hl=en&entry=ttu&g_ep=EgoyMDI2MDYxNi4wIKXMDSoASAFQAw%3D%3D"
"0x30e29e5ab96bd301:0x198e636f2e2c9317","Dental Center | Bangkok Hospital","Dentist","
2301/2 2nd Floor, New Phetchaburi Alley, Bang Kapi, Huai Khwang, Bangkok 10310, Thailand","PHVP+X4 Bangkok, Thailand","","","+66 2 755 1335","https://www.bangkokhospital.com/th/bangkok/center-clinic/dental-care?utm_source=google&utm_medium=gbp","","4.3","178","","","Open","","https://www.google.com/maps/place/Dental+Center+%7C+Bangkok+Hospital/data=!4m7!3m6!1s0x30e29e5ab96bd301:0x198e636f2e2c9317!8m2!3d13.7449468!4d100.5853016!16s%2Fg%2F1ygvsvcxf!19sChIJAdNruVqe4jARF5MsLm9jjhk?authuser=0&hl=en&rclk=1"
"0x30e29da8905d24f9:0xe8baad0f6191a8e5","Dental Center by Smile gallery,Vimut Hospital","Dental implants provider","
500 Phahonyothin Rd, Samsen Nai, Phaya Thai, Bangkok 10400, Thailand","QGQX+C8 Bangkok, Thailand","","","+66 2 079 0026","https://www.facebook.com/vimutdental/","","4.9","169","","","Open","","https://www.google.com/maps/place/Dental+Center+by+Smile+gallery,Vimut+Hospital/data=!4m7!3m6!1s0x30e29da8905d24f9:0xe8baad0f6191a8e5!8m2!3d13.7886049!4d100.548328!16s%2Fg%2F11vspgs1sf!19sChIJ-SRdkKid4jAR5aiRYQ-tuug?authuser=0&hl=en&rclk=1"
"0x30e2999dcb194883:0x344955967cf663dc","Blue tooth dental clinic (Jarun53) คลินิกทันตกรรมบลูทูธ จรัญ53","Dental clinic","
251 Charan Sanit Wong Rd, Bang Bumru, Bang Phlat, Bangkok 10700, Thailand","QFHP+45 Bangkok, Thailand","","","+66 61 816 8660","https://www.facebook.com/bluetoothdentclinic/","","4.9","226","","","Open","","https://www.google.com/maps/place/Blue+tooth+dental+clinic+%28Jarun53%29+%E0%B8%84%E0%B8%A5%E0%B8%B4%E0%B8%99%E0%B8%B4%E0%B8%81%E0%B8%97%E0%B8%B1%E0%B8%99%E0%B8%95%E0%B8%81%E0%B8%A3%E0%B8%A3%E0%B8%A1%E0%B8%9A%E0%B8%A5%E0%B8%B9%E0%B8%97%E0%B8%B9%E0%B8%98+%E0%B8%88%E0%B8%A3%E0%B8%B1%E0%B8%8D53/data=!4m7!3m6!1s0x30e2999dcb194883:0x344955967cf663dc!8m2!3d13.7778615!4d100.4854507!16s%2Fg%2F11jbg6w63v!19sChIJg0gZy52Z4jAR3GP2fJZVSTQ?authuser=0&hl=en&rclk=1"
"0x30e299a059911f47:0x10dd670e3d0270f7","Chill Dent Dental Clinic สาขา MRT บางขุนนนท์","Dental clinic","
192 4 Charan Sanit Wong Rd, Siriraj, Bangkok Noi, Bangkok 10700","QF7F+PR Bangkok","","","095 526 6241","https://www.facebook.com/ChillDental","","5.0","246","","","Open","","https://www.google.com/maps/place/Chill+Dent+Dental+Clinic+%E0%B8%AA%E0%B8%B2%E0%B8%82%E0%B8%B2+MRT+%E0%B8%9A%E0%B8%B2%E0%B8%87%E0%B8%82%E0%B8%B8%E0%B8%99%E0%B8%99%E0%B8%99%E0%B8%97%E0%B9%8C/data=!4m7!3m6!1s0x30e299a059911f47:0x10dd670e3d0270f7!8m2!3d13.7643521!4d100.4745722!16s%2Fg%2F11h57x9y02!19sChIJRx-RWaCZ4jAR93ACPQ5n3RA?authuser=0&hl=en&rclk=1"
"0x30e299a3465c8875:0xaf06e748e002ec7","คลินิกทันตกรรมเดนทิสเฮ้าส์ (Dentists' House Dental Clinic)","Dental clinic","
994/1 ถนน พรานนก Ban Chang Lo, Bangkok Noi, Bangkok 10700, Thailand","QF4F+5M Bangkok, Thailand","","","+66 2 411 2477","","","4.3","6","","","Open","","https://www.google.com/maps/place/%E0%B8%84%E0%B8%A5%E0%B8%B4%E0%B8%99%E0%B8%B4%E0%B8%81%E0%B8%97%E0%B8%B1%E0%B8%99%E0%B8%95%E0%B8%81%E0%B8%A3%E0%B8%A3%E0%B8%A1%E0%B9%80%E0%B8%94%E0%B8%99%E0%B8%97%E0%B8%B4%E0%B8%AA%E0%B9%80%E0%B8%AE%E0%B9%89%E0%B8%B2%E0%B8%AA%E0%B9%8C+%28Dentists%27+House+Dental+Clinic%29/data=!4m7!3m6!1s0x30e299a3465c8875:0xaf06e748e002ec7!8m2!3d13.7554286!4d100.4742099!16s%2Fg%2F12lw54wqh!19sChIJdYhcRqOZ4jARxy4AjnRu8Ao?authuser=0&hl=en&rclk=1"
"0x30e298c293370fdd:0xeff3004e6a602141","The Light House Plaza","Shopping mall","
8 299, 8/300 Charoen Nakhon Rd, Khlong Ton Sai, Khlong San, Bangkok 10600, Thailand","PGC5+WC Bangkok, Thailand","","","+66 2 117 1192","","","4.0","527","Moderately priced","$$","Open","","https://www.google.com/maps/place/The+Light+House+Plaza/data=!4m7!3m6!1s0x30e298c293370fdd:0xeff3004e6a602141!8m2!3d13.7223639!4d100.50856!16s%2Fg%2F1pzszstl6!19sChIJ3Q83k8KY4jARQSFgak4A8-8?authuser=0&hl=en&rclk=1"
"0x30e299e3afad6d41:0x3013df95688f18ab","Reborn dental clinic ทำฟัน จัดฟัน ติดBTSวงเวียนใหญ่","Dental clinic","
35 Krung Thon Buri Road, Khlong Ton Sai, Khlong San, Bangkok 10600, Thailand","PFCW+J3 Bangkok, Thailand","","","+66 96 293 4821","http://bit.ly/3bwdtvK","","4.9","276","","","Open","","https://www.google.com/maps/place/Reborn+dental+clinic+%E0%B8%97%E0%B8%B3%E0%B8%9F%E0%B8%B1%E0%B8%99+%E0%B8%88%E0%B8%B1%E0%B8%94%E0%B8%9F%E0%B8%B1%E0%B8%99+%E0%B8%95%E0%B8%B4%E0%B8%94BTS%E0%B8%A7%E0%B8%87%E0%B9%80%E0%B8%A7%E0%B8%B5%E0%B8%A2%E0%B8%99%E0%B9%83%E0%B8%AB%E0%B8%8D%E0%B9%88/data=!4m7!3m6!1s0x30e299e3afad6d41:0x3013df95688f18ab!8m2!3d13.7215186!4d100.4952174!16s%2Fg%2F11qpy0d7y_!19sChIJQW2tr-OZ4jARqxiPaJXfEzA?authuser=0&hl=en&rclk=1"
"0x30e298ea61fba079:0x508db7419ac2acd9","Charoennakhon Dental Clinic 1","Dental clinic","
830 Charoen Nakhon Rd, Bang Lamphu Lang, Khlong San, Bangkok 10600, Thailand","PG73+GF Bangkok, Thailand","","","+66 93 640 3265","https://www.instagram.com/charoennakorn.dentalclinic?igsh=N2RtczRwbWUxY2d6","","5.0","431","","","Open","","https://www.google.com/maps/place/Charoennakhon+Dental+Clinic+1/data=!4m7!3m6!1s0x30e298ea61fba079:0x508db7419ac2acd9!8m2!3d13.7138256!4d100.5036389!16s%2Fg%2F1hc33dq2l!19sChIJeaD7YeqY4jAR2azCmkG3jVA?authuser=0&hl=en&rclk=1"
"0x30e298c73d04fca9:0xecd43276029f34e0","Sathon Dental Clinic","Dental clinic","
175 Charoen Krung 59 Alley, Yan Nawa, Sathon, Bangkok 10120, Thailand","PG77+R9 Bangkok, Thailand","","","+66 91 404 9302","","","4.6","112","","","Open","","https://www.google.com/maps/place/Sathon+Dental+Clinic/data=!4m7!3m6!1s0x30e298c73d04fca9:0xecd43276029f34e0!8m2!3d13.7145596!4d100.5134902!16s%2Fg%2F1tdj1nnp!19sChIJqfwEPceY4jAR4DSfAnYy1Ow?authuser=0&hl=en&rclk=1"
"0x30e298ea0acc6967:0x2ac4f94453589cf7","Tonsai Dental Clinic","Dental clinic","
626 Charoen Nakhon Rd, Bang Lamphu Lang, Khlong San, Bangkok 10600, Thailand","PG84+VV Bangkok, Thailand","","","+66 2 438 2845","","","4.1","41","","","Open","","https://www.google.com/maps/place/Tonsai+Dental+Clinic/data=!4m7!3m6!1s0x30e298ea0acc6967:0x2ac4f94453589cf7!8m2!3d13.7171451!4d100.5072078!16s%2Fg%2F1tdl3l8s!19sChIJZ2nMCuqY4jAR95xYU0T5xCo?authuser=0&hl=en&rclk=1"
"0x30e29f50d553b555:0x82e51ed3bf45f65c","The AnPlus Dental Clinic","Dental clinic","
22/2-3 Nonsi Rd, Chong Nonsi, Yan Nawa, Bangkok 10120, Thailand","MGVQ+P6 Bangkok, Thailand","","","+66 92 389 9893","","","4.8","122","","","Open","","https://www.google.com/maps/place/The+AnPlus+Dental+Clinic/data=!4m7!3m6!1s0x30e29f50d553b555:0x82e51ed3bf45f65c!8m2!3d13.694343!4d100.538082!16s%2Fg%2F11d_738psh!19sChIJVbVT1VCf4jARXPZFv9Me5YI?authuser=0&hl=en&rclk=1"
"0x30e29f43327a8fc5:0xb9466a9f6ba36e11","Trust dental clinic เซ็นทรัลพระราม3","Dental clinic","
79 Ratchadaphisek Rd, Chong Nonsi, Yan Nawa, Bangkok 10120, Thailand","MGXP+2X Bangkok, Thailand","","","+66 99 492 1293","","","4.6","93","","","Open","","https://www.google.com/maps/place/Trust+dental+clinic+%E0%B9%80%E0%B8%8B%E0%B9%87%E0%B8%99%E0%B8%97%E0%B8%A3%E0%B8%B1%E0%B8%A5%E0%B8%9E%E0%B8%A3%E0%B8%B0%E0%B8%A3%E0%B8%B2%E0%B8%A13/data=!4m7!3m6!1s0x30e29f43327a8fc5:0xb9466a9f6ba36e11!8m2!3d13.6976214!4d100.5374853!16s%2Fg%2F11q9qj6vs8!19sChIJxY96MkOf4jAREW6ja59qRrk?authuser=0&hl=en&rclk=1"
"0x30e299cdf41b73db:0x82bc5882d4764d32","คลินิกทันตกรรมมาร์เวลลัสสไมล์ - Marvelous Smile Dental Clinic","","
Rama III Rd, Khwaeng Chong Nonsi, Khet Yan Nawa, Bangkok 10120, Thailand","MGPW+GV Bangkok, Thailand","","","+66 90 399 4997","https://www.mssmiledentalclinic.com/","","4.9","139","","","Open","","https://www.google.com/maps/place/%E0%B8%84%E0%B8%A5%E0%B8%B4%E0%B8%99%E0%B8%B4%E0%B8%81%E0%B8%97%E0%B8%B1%E0%B8%99%E0%B8%95%E0%B8%81%E0%B8%A3%E0%B8%A3%E0%B8%A1%E0%B8%A1%E0%B8%B2%E0%B8%A3%E0%B9%8C%E0%B9%80%E0%B8%A7%E0%B8%A5%E0%B8%A5%E0%B8%B1%E0%B8%AA%E0%B8%AA%E0%B9%84%E0%B8%A1%E0%B8%A5%E0%B9%8C+-+Marvelous+Smile+Dental+Clinic/data=!4m7!3m6!1s0x30e299cdf41b73db:0x82bc5882d4764d32!8m2!3d13.6862785!4d100.5471855!16s%2Fg%2F11t9np4thc!19sChIJ23Mb9M2Z4jARMk121IJYvII?authuser=0&hl=en&rclk=1"
"0x30e29f09709a1bb7:0xfa165aa2d4749522","MOS Dental Clinic Rama 4","Dental clinic","
MOS Dental Clinic 3654 Suan Pleun Market 2nd. flr. Room No. L206 Rama 4 Rd. Khlong Ton Khlong Toei Bangkok 10110, Thailand","PH8C+JG Bangkok, Thailand","","","+66 83 916 6625","http://www.facebook.com/mosdentalclinic","","5.0","1316","","","Open","","https://www.google.com/maps/place/MOS+Dental+Clinic+Rama+4/data=!4m7!3m6!1s0x30e29f09709a1bb7:0xfa165aa2d4749522!8m2!3d13.716511!4d100.571345!16s%2Fg%2F11g6mq9b6m!19sChIJtxuacAmf4jARIpV01KJaFvo?authuser=0&hl=en&rclk=1"
"0x30e29f4f67bf1ef7:0x923a3f87699645d2","ADC Astra Dental Clinic","Dental clinic","
919 Sukhumvit Rd, Khlong Tan Nuea, Watthana, Bangkok 10110, Thailand","PHGG+H8 Bangkok, Thailand","","","+66 81 148 6115","https://astra-dental-clinic.co/","","4.7","32","","","Open","","https://www.google.com/maps/place/ADC+Astra+Dental+Clinic/data=!4m7!3m6!1s0x30e29f4f67bf1ef7:0x923a3f87699645d2!8m2!3d13.7264428!4d100.575767!16s%2Fg%2F11x6zspm8d!19sChIJ9x6_Z0-f4jAR0kWWaYc_OpI?authuser=0&hl=en&rclk=1"
"0x30e298cf76fb7613:0x434ec7af275c2252","Natural Smile","Dental clinic","
188/2 อาคารธนภรณ์ Thanon Si Wiang, Si Lom, Bang Rak, Bangkok 10500, Thailand","PGC8+CJ Bangkok, Thailand","","","+66 2 237 4209","","","3.9","13","","","Open","","https://www.google.com/maps/place/Natural+Smile/data=!4m7!3m6!1s0x30e298cf76fb7613:0x434ec7af275c2252!8m2!3d13.7211244!4d100.5165249!16s%2Fg%2F1hc2zt9b5!19sChIJE3b7ds-Y4jARUiJcJ6_HTkM?authuser=0&hl=en&rclk=1"
"0x30e29f3eb3b5da07:0xa56d1aaa5a9711ce","Tooth Therapy Dental Clinic","Dental clinic","
31 Yen Akat Rd, Chong Nonsi, Yan Nawa, Bangkok 10120, Thailand","PG8W+4J Bangkok, Thailand","","","+66 2 240 2800","http://www.tooth-therapy.com/","","4.1","34","","","Open","","https://www.google.com/maps/place/Tooth+Therapy+Dental+Clinic/data=!4m7!3m6!1s0x30e29f3eb3b5da07:0xa56d1aaa5a9711ce!8m2!3d13.7153234!4d100.5465885!16s%2Fg%2F1hd_kvh74!19sChIJB9q1sz6f4jARzhGXWqoabaU?authuser=0&hl=en&rclk=1"
"0x30e29be3a7ba320f:0x3a49662e1ab22a62","Destination Beauty","Plastic surgery clinic","
39/13-16 4th, Corner Building, Somerset Park Suanplu Bangkok, Soi Suanplu, Thung Maha Mek, Sathon, Bangkok 10120, Thailand","PGCP+MX Bangkok, Thailand","","","+66 2 105 4046","https://destinationbeauty.com/","","4.7","288","","","Open","","https://www.google.com/maps/place/Destination+Beauty/data=!4m7!3m6!1s0x30e29be3a7ba320f:0x3a49662e1ab22a62!8m2!3d13.7216714!4d100.5374942!16s%2Fg%2F1pzrl9j6n!19sChIJDzK6p-Ob4jARYiqyGi5mSTo?authuser=0&hl=en&rclk=1"
"0x30e29e8d0c705d9f:0x5448833050277340","Lotus's","Hypermarket","
7 Ratchadaphisek Rd, Din Daeng, Bangkok 10320, Thailand","QH68+55 Bangkok, Thailand","","","+66 2 642 0500","https://www.lotuss.com/","","4.2","3606","Moderately priced","€€","Open","","https://www.google.com/maps/place/Lotus%27s/data=!4m7!3m6!1s0x30e29e8d0c705d9f:0x5448833050277340!8m2!3d13.7603938!4d100.5654926!16s%2Fg%2F1tft0pv1!19sChIJn11wDI2e4jARQHMnUDCDSFQ?authuser=0&hl=en&rclk=1"
"0x30e29d686198d17f:0xdd5b79ad906e7db3","Smile Memory Dental Clinic(SMDC)","Dental clinic","
ชั้น 2 ห้างสรรพสินค้าเทสโก้ โลตัส สาขาประชาชื่น 829 ถนนประชาราษฏร์ สาย 2 Bang Sue, Bangkok 10800, Thailand","RG4P+72 Bangkok, Thailand","","","+66 61 894 9954","https://m.facebook.com/SMDC-Smile-Memory-Dental-Clinic-%E0%B8%84%E0%B8%A5%E0%B8%B4%E0%B8%99%E0%B8%B4%E0%B8%84%E0%B8%97%E0%B8%B3%E0%B8%9F%E0%B8%B1%E0%B8%99-%E0%B8%88%E0%B8%B1%E0%B8%94%E0%B8%9F%E0%B8%B1%E0%B8%99-tesco-lotus-%E0%B8%9B%E0%B8%A3%E0%B8%B0%E0%B8%8A%E0%B8%B2%E0%B8%8A%E0%B8%B7%E0%B9%88%E0%B8%99-117144119671326/?qr_code_id=125922255460179&_rdr","","4.9","347","","","Open","","https://www.google.com/maps/place/Smile+Memory+Dental+Clinic%28SMDC%29/data=!4m7!3m6!1s0x30e29d686198d17f:0xdd5b79ad906e7db3!8m2!3d13.8057436!4d100.5350609!16s%2Fg%2F11hfwy72wj!19sChIJf9GYYWid4jARs31ukK15W90?authuser=0&hl=en&rclk=1"
"0x30e29c5ad6020419:0xb67fc8afd72155f2","Dental Image Clinic Ladprao","Dental clinic","
1138/2-3, 1138/3 พหลโยธิน, Chom Phon, Chatuchak, Bangkok 10900, Thailand","RH76+G6 Bangkok, Thailand","","","+66 97 007 7577","http://www.dentalimageclinic.com/","","4.9","369","","","Open","","https://www.google.com/maps/place/Dental+Image+Clinic+Ladprao/data=!4m7!3m6!1s0x30e29c5ad6020419:0xb67fc8afd72155f2!8m2!3d13.8137761!4d100.5606072!16s%2Fg%2F11bz08c5gk!19sChIJGQQC1lqc4jAR8lUh16_If7Y?authuser=0&hl=en&rclk=1"
"0x30e29b82d0b47495:0x42e00834b1ca2ad5","SmileLand Dental Clinic จรัญสนิทวงค์","Dental clinic","
324 ซ.70/3 Charan Sanit Wong Rd, Bang Phlat, Bangkok 10700, Thailand","QGR3+28 Bangkok, Thailand","","","+66 97 054 6408","","","4.5","8","","","Open","","https://www.google.com/maps/place/SmileLand+Dental+Clinic+%E0%B8%88%E0%B8%A3%E0%B8%B1%E0%B8%8D%E0%B8%AA%E0%B8%99%E0%B8%B4%E0%B8%97%E0%B8%A7%E0%B8%87%E0%B8%84%E0%B9%8C/data=!4m7!3m6!1s0x30e29b82d0b47495:0x42e00834b1ca2ad5!8m2!3d13.7900642!4d100.5033097!16s%2Fg%2F11rfbg8rdp!19sChIJlXS00IKb4jAR1SrKsTQI4EI?authuser=0&hl=en&rclk=1"
"0x30e298b9dffe0173:0x131f4a9398eaa49b","Smile Focus Dental Clinic","Dental clinic","
864, 2-3 Chan Rd, Thung Wat Don, Sathon, Bangkok 10120, Thailand","PG59+68 Bangkok, Thailand","","","+66 2 675 1120","http://www.smilefocus.co.th/","","4.9","91","","","Open","","https://www.google.com/maps/place/Smile+Focus+Dental+Clinic/data=!4m7!3m6!1s0x30e298b9dffe0173:0x131f4a9398eaa49b!8m2!3d13.7081123!4d100.5182692!16s%2Fg%2F1pyqw1m23!19sChIJcwH-37mY4jARm6TqmJNKHxM?authuser=0&hl=en&rclk=1"
"0x30e298b47736432f:0xd45681663a258d2","Chaemchan Dental Clinic","Dentist","
1257, 9 Chan 37, Thoungwatdon, Sathon, Bangkok 10120, Thailand","PG4G+JF Bangkok, Thailand","","","+66 2 211 1387","","","4.1","19","","","","","https://www.google.com/maps/place/Chaemchan+Dental+Clinic/data=!4m7!3m6!1s0x30e298b47736432f:0xd45681663a258d2!8m2!3d13.7065158!4d100.5261958!16s%2Fg%2F1thwm3l1!19sChIJL0M2d7SY4jAR0liiYxZoRQ0?authuser=0&hl=en&rclk=1"
"0x30e29f05424b5eff:0xadd5a0099f205b8a","SAINUMTHIP DENTAL CLINIC","Hair salon","
314/1 Sukhumvit Alley 22, Khwaeng Khlong Toei, Khlong Toei, Bangkok 10110, Thailand","PHF7+4V Bangkok, Thailand","","","+66 2 259 3700","","","4.7","6","","","Open","","https://www.google.com/maps/place/SAINUMTHIP+DENTAL+CLINIC/data=!4m7!3m6!1s0x30e29f05424b5eff:0xadd5a0099f205b8a!8m2!3d13.7227869!4d100.5646321!16s%2Fg%2F1ptz0rk5f!19sChIJ_15LQgWf4jARilsgnwmg1a0?authuser=0&hl=en&rclk=1"
"0x30e2996d69b279f9:0x15bb4da0b7127667","PC Dental Clinic","Dental clinic","
183 Ram Buttri Aly, Talat Yot, Phra Nakhon, Bangkok 10200, Thailand","QF6W+5Q Bangkok, Thailand","","","+66 2 282 8890","","","4.3","16","","","Open","","https://www.google.com/maps/place/PC+Dental+Clinic/data=!4m7!3m6!1s0x30e2996d69b279f9:0x15bb4da0b7127667!8m2!3d13.760444!4d100.4969138!16s%2Fg%2F1jmcp4q70!19sChIJ-XmyaW2Z4jARZ3YSt6BNuxU?authuser=0&hl=en&rclk=1"
"0x30e29f3b4403aa4f:0xf0b458ffa7296e36","Dr. Thawisak Dental Clinic","Dentist","
PGCW+J58, Soi Sathon 1, Thung Maha Mek, Sathon, Bangkok 10120, Thailand","","","","","","","4.3","9","","","","","https://www.google.com/maps/place/Dr.+Thawisak+Dental+Clinic/data=!4m7!3m6!1s0x30e29f3b4403aa4f:0xf0b458ffa7296e36!8m2!3d13.721544!4d100.545445!16s%2Fg%2F1hdz5d1qg!19sChIJT6oDRDuf4jARNm4pp_9YtPA?authuser=0&hl=en&rclk=1"
"0x30e29f181b68631f:0xef6ed064591df77e","Dr. Thiam Clinic","Dental clinic","
1356 Rama IV Rd, Khlong Toei, Bangkok 10110, Thailand","PHC4+4J Bangkok, Thailand","","","+66 2 249 1529","","","5.0","12","","","Open","","https://www.google.com/maps/place/Dr.+Thiam+Clinic/data=!4m7!3m6!1s0x30e29f181b68631f:0xef6ed064591df77e!8m2!3d13.7202841!4d100.5565105!16s%2Fg%2F1xgrkdj1!19sChIJH2NoGxif4jARfvcdWWTQbu8?authuser=0&hl=en&rclk=1"
"0x30e29e5fe52d0ee3:0xeb499f5e0fa8028d","Teeth Me Dental Clinic ( คลินิกทันตกรรม ทีธมี )","Dental clinic","
282/3, ทีซีกรีนคอนโดมิเนียม, Rama IX Rd, Huai Khwang, Bangkok 10310, Thailand","QH3G+X5 Bangkok, Thailand","","","+66 95 358 4095","https://www.facebook.com/TeethMeDentalClinicBangkok","","5.0","8","","","Open","","https://www.google.com/maps/place/Teeth+Me+Dental+Clinic+%28+%E0%B8%84%E0%B8%A5%E0%B8%B4%E0%B8%99%E0%B8%B4%E0%B8%81%E0%B8%97%E0%B8%B1%E0%B8%99%E0%B8%95%E0%B8%81%E0%B8%A3%E0%B8%A3%E0%B8%A1+%E0%B8%97%E0%B8%B5%E0%B8%98%E0%B8%A1%E0%B8%B5+%29/data=!4m7!3m6!1s0x30e29e5fe52d0ee3:0xeb499f5e0fa8028d!8m2!3d13.7549573!4d100.5754968!16s%2Fg%2F11bw7dc5ld!19sChIJ4w4t5V-e4jARjQKoD16fSes?authuser=0&hl=en&rclk=1"
"0x30e29d1977f8bea7:0x30475a4ea8504bbf","Teeth talk Dental Clinic สาขา ห้วยขวาง จัดฟัน ดัดฟัน ทำฟัน","Dental clinic","
169/74 Ratchadaphisek Rd, Ratchadaphisek, Din Daeng, Bangkok 10400, Thailand","QHHF+Q9 Bangkok, Thailand","","","+66 66 098 9466","https://www.teethtalk-clinic.com/","","4.9","504","","","Open","","https://www.google.com/maps/place/Teeth+talk+Dental+Clinic+%E0%B8%AA%E0%B8%B2%E0%B8%82%E0%B8%B2+%E0%B8%AB%E0%B9%89%E0%B8%A7%E0%B8%A2%E0%B8%82%E0%B8%A7%E0%B8%B2%E0%B8%87+%E0%B8%88%E0%B8%B1%E0%B8%94%E0%B8%9F%E0%B8%B1%E0%B8%99+%E0%B8%94%E0%B8%B1%E0%B8%94%E0%B8%9F%E0%B8%B1%E0%B8%99+%E0%B8%97%E0%B8%B3%E0%B8%9F%E0%B8%B1%E0%B8%99/data=!4m7!3m6!1s0x30e29d1977f8bea7:0x30475a4ea8504bbf!8m2!3d13.779402!4d100.5733796!16s%2Fg%2F11mrwtq88g!19sChIJp774dxmd4jARv0tQqE5aRzA?authuser=0&hl=en&rclk=1"
"0x30e299566aa11b19:0xdf4e1208c47a2f11","คลินิกทันตกรรม ยิ้ม ยิ้ม @ตลาดราชวัตร","Dental clinic","
1274 Thanon Nakhon Chaisi Rd, Thanon Nakhon Chai Si, Dusit District, Bangkok 10300, Thailand","QGHF+M2 Bangkok, Thailand","","","+66 91 730 8724","","","4.9","10","","","Open","","https://www.google.com/maps/place/%E0%B8%84%E0%B8%A5%E0%B8%B4%E0%B8%99%E0%B8%B4%E0%B8%81%E0%B8%97%E0%B8%B1%E0%B8%99%E0%B8%95%E0%B8%81%E0%B8%A3%E0%B8%A3%E0%B8%A1+%E0%B8%A2%E0%B8%B4%E0%B9%89%E0%B8%A1+%E0%B8%A2%E0%B8%B4%E0%B9%89%E0%B8%A1+@%E0%B8%95%E0%B8%A5%E0%B8%B2%E0%B8%94%E0%B8%A3%E0%B8%B2%E0%B8%8A%E0%B8%A7%E0%B8%B1%E0%B8%95%E0%B8%A3/data=!4m7!3m6!1s0x30e299566aa11b19:0xdf4e1208c47a2f11!8m2!3d13.7792276!4d100.5226057!16s%2Fg%2F11b8v9l5k6!19sChIJGRuhalaZ4jARES96xAgSTt8?authuser=0&hl=en&rclk=1"
"0x30e299e77bd9d003:0xb24cffcd33192cf3","คลินิกทันตกรรมราชวัตร","Dental clinic","
787 Thanon Nakhon Chaisi Rd, Thanon Nakhon Chai Si, Dusit District, Bangkok 10300, Thailand","QGHF+M6 Bangkok, Thailand","","","+66 2 241 0464","","","4.3","20","","","Open","","https://www.google.com/maps/place/%E0%B8%84%E0%B8%A5%E0%B8%B4%E0%B8%99%E0%B8%B4%E0%B8%81%E0%B8%97%E0%B8%B1%E0%B8%99%E0%B8%95%E0%B8%81%E0%B8%A3%E0%B8%A3%E0%B8%A1%E0%B8%A3%E0%B8%B2%E0%B8%8A%E0%B8%A7%E0%B8%B1%E0%B8%95%E0%B8%A3/data=!4m7!3m6!1s0x30e299e77bd9d003:0xb24cffcd33192cf3!8m2!3d13.7792377!4d100.5230578!16s%2Fg%2F1hc31q21y!19sChIJA9DZe-eZ4jAR8ywZM83_TLI?authuser=0&hl=en&rclk=1"
"0x30e29b550bd562f7:0xb669e98e86e70098","Tooth Luck Dental Clinic BKK คลินิกทันตกรรมทูธลักค์ ทำฟัน จัดฟัน กรุงเทพ-นนทบุรี","Dental clinic","
209 Soi Krungthepnon 7, Bang Khen, Amphoe Mueang, Nonthaburi 11000, Thailand","RGQ8+C9 Nonthaburi, Mueang Nonthaburi District, Nonthaburi, Thailand","","","+66 98 098 9558","https://www.facebook.com/toothluckdentalclinic/","","4.8","204","","","Open","","https://www.google.com/maps/place/Tooth+Luck+Dental+Clinic+BKK+%E0%B8%84%E0%B8%A5%E0%B8%B4%E0%B8%99%E0%B8%B4%E0%B8%81%E0%B8%97%E0%B8%B1%E0%B8%99%E0%B8%95%E0%B8%81%E0%B8%A3%E0%B8%A3%E0%B8%A1%E0%B8%97%E0%B8%B9%E0%B8%98%E0%B8%A5%E0%B8%B1%E0%B8%81%E0%B8%84%E0%B9%8C+%E0%B8%97%E0%B8%B3%E0%B8%9F%E0%B8%B1%E0%B8%99+%E0%B8%88%E0%B8%B1%E0%B8%94%E0%B8%9F%E0%B8%B1%E0%B8%99+%E0%B8%81%E0%B8%A3%E0%B8%B8%E0%B8%87%E0%B9%80%E0%B8%97%E0%B8%9E-%E0%B8%99%E0%B8%99%E0%B8%97%E0%B8%9A%E0%B8%B8%E0%B8%A3%E0%B8%B5/data=!4m7!3m6!1s0x30e29b550bd562f7:0xb669e98e86e70098!8m2!3d13.8385546!4d100.5159893!16s%2Fg%2F11v3q5s8md!19sChIJ92LVC1Wb4jARmADnho7pabY?authuser=0&hl=en&rclk=1"
"0x30e299bb02d4e66d:0xfee68dbd2836b77d","Sure Smile Dental Clinic คลินิกทันตกรรมชัวร์สไมล์ แยกพรานนก","Dental clinic","
597/2 ถนนพรานนก สี่แยกพรานนก Ban Chang Lo, Bangkok Noi, Bangkok 10700, Thailand","QF4H+54 Bangkok, Thailand","","","+66 63 515 4244","https://www.facebook.com/suresmile.th/","","4.9","253","","","Open","","https://www.google.com/maps/place/Sure+Smile+Dental+Clinic+%E0%B8%84%E0%B8%A5%E0%B8%B4%E0%B8%99%E0%B8%B4%E0%B8%81%E0%B8%97%E0%B8%B1%E0%B8%99%E0%B8%95%E0%B8%81%E0%B8%A3%E0%B8%A3%E0%B8%A1%E0%B8%8A%E0%B8%B1%E0%B8%A7%E0%B8%A3%E0%B9%8C%E0%B8%AA%E0%B9%84%E0%B8%A1%E0%B8%A5%E0%B9%8C+%E0%B9%81%E0%B8%A2%E0%B8%81%E0%B8%9E%E0%B8%A3%E0%B8%B2%E0%B8%99%E0%B8%99%E0%B8%81/data=!4m7!3m6!1s0x30e299bb02d4e66d:0xfee68dbd2836b77d!8m2!3d13.7554456!4d100.4777723!16s%2Fg%2F11q45l7470!19sChIJbebUAruZ4jARfbc2KL2N5v4?authuser=0&hl=en&rclk=1"
"0x30e299a555338139:0x7a3deda6b8b4a0e8","Classy Smile ทำฟัน จัดฟัน | สาขาถนนจันทน์-สาธุประดิษฐ์ : ตึกหัวมุมตรงข้ามซอยสาธุประดิษฐ์6 ใกล้เซ็นทรัลพระราม3","Dental clinic","
13-14 Bangkok 10120, Thailand","PG3H+PQ Bangkok, Thailand","","","+66 97 996 0999","https://lin.ee/kmWwctj","","4.6","106","","","Open","","https://www.google.com/maps/place/Classy+Smile+%E0%B8%97%E0%B8%B3%E0%B8%9F%E0%B8%B1%E0%B8%99+%E0%B8%88%E0%B8%B1%E0%B8%94%E0%B8%9F%E0%B8%B1%E0%B8%99+%7C+%E0%B8%AA%E0%B8%B2%E0%B8%82%E0%B8%B2%E0%B8%96%E0%B8%99%E0%B8%99%E0%B8%88%E0%B8%B1%E0%B8%99%E0%B8%97%E0%B8%99%E0%B9%8C-%E0%B8%AA%E0%B8%B2%E0%B8%98%E0%B8%B8%E0%B8%9B%E0%B8%A3%E0%B8%B0%E0%B8%94%E0%B8%B4%E0%B8%A9%E0%B8%90%E0%B9%8C+:+%E0%B8%95%E0%B8%B6%E0%B8%81%E0%B8%AB%E0%B8%B1%E0%B8%A7%E0%B8%A1%E0%B8%B8%E0%B8%A1%E0%B8%95%E0%B8%A3%E0%B8%87%E0%B8%82%E0%B9%89%E0%B8%B2%E0%B8%A1%E0%B8%8B%E0%B8%AD%E0%B8%A2%E0%B8%AA%E0%B8%B2%E0%B8%98%E0%B8%B8%E0%B8%9B%E0%B8%A3%E0%B8%B0%E0%B8%94%E0%B8%B4%E0%B8%A9%E0%B8%90%E0%B9%8C6+%E0%B9%83%E0%B8%81%E0%B8%A5%E0%B9%89%E0%B9%80%E0%B8%8B%E0%B9%87%E0%B8%99%E0%B8%97%E0%B8%A3%E0%B8%B1%E0%B8%A5%E0%B8%9E%E0%B8%A3%E0%B8%B0%E0%B8%A3%E0%B8%B2%E0%B8%A13/data=!4m7!3m6!1s0x30e299a555338139:0x7a3deda6b8b4a0e8!8m2!3d13.7043585!4d100.5294231!16s%2Fg%2F11kj_r1c50!19sChIJOYEzVaWZ4jAR6KC0uKbtPXo?authuser=0&hl=en&rclk=1"
"0x30e29f12aaa363f1:0xcefcbb1eecaef925","MedPark Hospital","Private hospital","
3333 Rama IV Rd, Khlong Toei, Bangkok 10110, Thailand","PHC4+PG Bangkok, Thailand","","","+66 2 023 3333","http://www.medparkhospital.com/","","4.0","1144","Moderately priced","$$","Open","","https://www.google.com/maps/place/MedPark+Hospital/data=!4m7!3m6!1s0x30e29f12aaa363f1:0xcefcbb1eecaef925!8m2!3d13.7217821!4d100.5562616!16s%2Fg%2F11j580gsls!19sChIJ8WOjqhKf4jARJfmu7B67_M4?authuser=0&hl=en&rclk=1"
"0x30e29c1771245b43:0x990a9cdb21c76e2e","คลินิกบางกอกทันตกรรม","Dental clinic","
1509 Phahonyothin Rd, Phaya Thai, Bangkok 10400, Thailand","QGRX+QG Bangkok, Thailand","","","+66 2 618 4537","http://www.bkk-dental.com/","","4.9","315","","","Open","","https://www.google.com/maps/place/%E0%B8%84%E0%B8%A5%E0%B8%B4%E0%B8%99%E0%B8%B4%E0%B8%81%E0%B8%9A%E0%B8%B2%E0%B8%87%E0%B8%81%E0%B8%AD%E0%B8%81%E0%B8%97%E0%B8%B1%E0%B8%99%E0%B8%95%E0%B8%81%E0%B8%A3%E0%B8%A3%E0%B8%A1/data=!4m7!3m6!1s0x30e29c1771245b43:0x990a9cdb21c76e2e!8m2!3d13.7919776!4d100.5488689!16s%2Fg%2F1ptyk6dxn!19sChIJQ1skcRec4jARLm7HIducCpk?authuser=0&hl=en&rclk=1"
"0x30e29d28079f41d7:0xbcb01bc2f8f8ac81","SMILE VILLAGE DENTAL CLINIC","Dental clinic","
548/5 Lat Phrao Rd, Chan Kasem, Chatuchak, Bangkok 10900, Thailand","RH3G+GW Bangkok, Thailand","","","+66 93 996 1653","https://www.facebook.com/smilevillage65","","4.9","200","","","Open","","https://www.google.com/maps/place/SMILE+VILLAGE+DENTAL+CLINIC/data=!4m7!3m6!1s0x30e29d28079f41d7:0xbcb01bc2f8f8ac81!8m2!3d13.8038587!4d100.5773102!16s%2Fg%2F11td8q12l6!19sChIJ10GfByid4jARgaz4-MIbsLw?authuser=0&hl=en&rclk=1"
"0x30e29bd039113387:0x4e654fb3df00a042","Dent Care Dental Clinic","Dental clinic","
QFRV+VJM จรัญสนิทวงศ์ 75 แยก 5 Bang Phlat, Bangkok 10700, Thailand","","","","+66 2 433 5855","","","4.3","9","","","","","https://www.google.com/maps/place/Dent+Care+Dental+Clinic/data=!4m7!3m6!1s0x30e29bd039113387:0x4e654fb3df00a042!8m2!3d13.79222!4d100.494049!16s%2Fg%2F1tft0prq!19sChIJhzMROdCb4jARQqAA37NPZU4?authuser=0&hl=en&rclk=1"
"0x30e29b2fafe38aeb:0xbc69159a78d1c6db","Denta Cloud Dental Clinic คลินิกทันตกรรมเด็นต้าคลาวด์","Dental clinic","
ชั้น3, อาคารเก่งรุ่งเรืองชัย 1518/4 ถ. ประชาราษฎร์สาย1 Wong Sawang, Bang Sue, Bangkok 10800, Thailand","RG96+PX Bangkok, Thailand","","","+66 62 395 2964","https://linktr.ee/qr/b177a7af-c0db-42a2-870b-71fd6fc3affa","","5.0","159","","","Open","","https://www.google.com/maps/place/Denta+Cloud+Dental+Clinic+%E0%B8%84%E0%B8%A5%E0%B8%B4%E0%B8%99%E0%B8%B4%E0%B8%81%E0%B8%97%E0%B8%B1%E0%B8%99%E0%B8%95%E0%B8%81%E0%B8%A3%E0%B8%A3%E0%B8%A1%E0%B9%80%E0%B8%94%E0%B9%87%E0%B8%99%E0%B8%95%E0%B9%89%E0%B8%B2%E0%B8%84%E0%B8%A5%E0%B8%B2%E0%B8%A7%E0%B8%94%E0%B9%8C/data=!4m7!3m6!1s0x30e29b2fafe38aeb:0xbc69159a78d1c6db!8m2!3d13.8193381!4d100.5124645!16s%2Fg%2F11ks6pc64j!19sChIJ64rjry-b4jAR28bReJoVabw?authuser=0&hl=en&rclk=1"
"0x30e2993d0f6d0679:0xd4847769ae9d2ae8","คลินิกทันตแพทย์ สุรันต์-ยงจิต 2 (Surun-Yongjit Dental Clinic 2)","Dental clinic","
119 Phetkasem Sai Kao Rd, Bang Wa, Phasi Charoen, Bangkok 10160, Thailand","PF93+33 Bangkok, Thailand","","","+66 99 221 2271","","","5.0","30","","","Open","","https://www.google.com/maps/place/%E0%B8%84%E0%B8%A5%E0%B8%B4%E0%B8%99%E0%B8%B4%E0%B8%81%E0%B8%97%E0%B8%B1%E0%B8%99%E0%B8%95%E0%B9%81%E0%B8%9E%E0%B8%97%E0%B8%A2%E0%B9%8C+%E0%B8%AA%E0%B8%B8%E0%B8%A3%E0%B8%B1%E0%B8%99%E0%B8%95%E0%B9%8C-%E0%B8%A2%E0%B8%87%E0%B8%88%E0%B8%B4%E0%B8%95+2+%28Surun-Yongjit+Dental+Clinic+2%29/data=!4m7!3m6!1s0x30e2993d0f6d0679:0xd4847769ae9d2ae8!8m2!3d13.7177021!4d100.452666!16s%2Fg%2F11pb15fhxg!19sChIJeQZtDz2Z4jAR6Cqdrml3hNQ?authuser=0&hl=en&rclk=1"
"0x30e2995a6788c8f7:0xbe72af91f4dece1f","คลินิกทันตกรรม Smile Seasons ท่าพระ","Dental clinic","
130 7 Ratchadaphisek Rd, Dao Khanong, Thon Buri, Bangkok 10600, Thailand","PF5J+92 Bangkok, Thailand","","","+66 2 114 3274","https://www.smileseasons.com/","","4.8","704","","","Open","","https://www.google.com/maps/place/%E0%B8%84%E0%B8%A5%E0%B8%B4%E0%B8%99%E0%B8%B4%E0%B8%81%E0%B8%97%E0%B8%B1%E0%B8%99%E0%B8%95%E0%B8%81%E0%B8%A3%E0%B8%A3%E0%B8%A1+Smile+Seasons+%E0%B8%97%E0%B9%88%E0%B8%B2%E0%B8%9E%E0%B8%A3%E0%B8%B0/data=!4m7!3m6!1s0x30e2995a6788c8f7:0xbe72af91f4dece1f!8m2!3d13.7084711!4d100.4801067!16s%2Fg%2F11qqg309df!19sChIJ98iIZ1qZ4jARH87e9JGvcr4?authuser=0&hl=en&rclk=1"
"0x30e2988b33e1be73:0x570db15168b91ad8","Sanus Dental Clinic","Hospital","
278, 280 Somdet Phra Chao Tak Sin Rd, Bukkhalo, Thon Buri, Bangkok 10600, Thailand","PF7Q+89 Bangkok, Thailand","","","+66 2 472 1045","","","4.5","97","","","Open","","https://www.google.com/maps/place/Sanus+Dental+Clinic/data=!4m7!3m6!1s0x30e2988b33e1be73:0x570db15168b91ad8!8m2!3d13.7132854!4d100.4883947!16s%2Fg%2F11dxlg7pj7!19sChIJc77hM4uY4jAR2Bq5aFGxDVc?authuser=0&hl=en&rclk=1"
"0x30e29fcbb45cbc21:0xe69c19181e057d35","คลินิกจัดฟันกรุงเทพ BMOC (The PARQ)","Dental clinic","
88 Ratchadaphisek Rd, Khlong Toei, Bangkok 10110, Thailand","PHC5+GC Bangkok, Thailand","","","+66 98 555 4547","https://www.facebook.com/bmocclinic?mibextid=wwXIfr&rdid=Pv5CJZTFfiOOl6aK&share_url=https%3A%2F%2Fwww.facebook.com%2Fshare%2F164opVPNzx%2F%3Fmibextid%3DwwXIfr#","","5.0","702","","","Open","","https://www.google.com/maps/place/%E0%B8%84%E0%B8%A5%E0%B8%B4%E0%B8%99%E0%B8%B4%E0%B8%81%E0%B8%88%E0%B8%B1%E0%B8%94%E0%B8%9F%E0%B8%B1%E0%B8%99%E0%B8%81%E0%B8%A3%E0%B8%B8%E0%B8%87%E0%B9%80%E0%B8%97%E0%B8%9E+BMOC+%28The+PARQ%29/data=!4m7!3m6!1s0x30e29fcbb45cbc21:0xe69c19181e057d35!8m2!3d13.7212846!4d100.5585005!16s%2Fg%2F11pz1gyqy8!19sChIJIbxctMuf4jARNX0FHhgZnOY?authuser=0&hl=en&rclk=1"
"0x30e29bcddfd72035:0xf2bd9ccd637cc063","Alpaca Dental Clinic คลินิกทันตกรรมอัลปาก้า (สาขาบางซื่อ) ทำฟันเด็ก ผู้ใหญ่ จัดฟัน","Dental clinic","
166 24-25 Pracha Rat Sai 2 Rd, Bang Sue, Bangkok 10800, Thailand","RG4G+F7 Bangkok, Thailand","","","+66 97 447 9264","https://alpacadentalclinic.com/","","4.9","577","","","Open","","https://www.google.com/maps/place/Alpaca+Dental+Clinic+%E0%B8%84%E0%B8%A5%E0%B8%B4%E0%B8%99%E0%B8%B4%E0%B8%81%E0%B8%97%E0%B8%B1%E0%B8%99%E0%B8%95%E0%B8%81%E0%B8%A3%E0%B8%A3%E0%B8%A1%E0%B8%AD%E0%B8%B1%E0%B8%A5%E0%B8%9B%E0%B8%B2%E0%B8%81%E0%B9%89%E0%B8%B2+%28%E0%B8%AA%E0%B8%B2%E0%B8%82%E0%B8%B2%E0%B8%9A%E0%B8%B2%E0%B8%87%E0%B8%8B%E0%B8%B7%E0%B9%88%E0%B8%AD%29+%E0%B8%97%E0%B8%B3%E0%B8%9F%E0%B8%B1%E0%B8%99%E0%B9%80%E0%B8%94%E0%B9%87%E0%B8%81+%E0%B8%9C%E0%B8%B9%E0%B9%89%E0%B9%83%E0%B8%AB%E0%B8%8D%E0%B9%88+%E0%B8%88%E0%B8%B1%E0%B8%94%E0%B8%9F%E0%B8%B1%E0%B8%99/data=!4m7!3m6!1s0x30e29bcddfd72035:0xf2bd9ccd637cc063!8m2!3d13.806241!4d100.5256631!16s%2Fg%2F11qqf6f2bp!19sChIJNSDX382b4jARY8B8Y82cvfI?authuser=0&hl=en&rclk=1"
"0x30e2990d7b99b585:0x369bdc63bca57085","AuraSmile Dental Clinic ออร่าสไมล์ท่าพระ","Dental clinic","
112,114 รัชดาท่าพระ 15, Dao Khanong, Thon Buri, Bangkok 10600, Thailand","PF6H+X5 Bangkok, Thailand","","","+66 95 125 9499","https://www.facebook.com/AurasmileThapra/","","5.0","10","","","Open","","https://www.google.com/maps/place/AuraSmile+Dental+Clinic+%E0%B8%AD%E0%B8%AD%E0%B8%A3%E0%B9%88%E0%B8%B2%E0%B8%AA%E0%B9%84%E0%B8%A1%E0%B8%A5%E0%B9%8C%E0%B8%97%E0%B9%88%E0%B8%B2%E0%B8%9E%E0%B8%A3%E0%B8%B0/data=!4m7!3m6!1s0x30e2990d7b99b585:0x369bdc63bca57085!8m2!3d13.7124619!4d100.4779093!16s%2Fg%2F11s0jr3g_x!19sChIJhbWZew2Z4jARhXClvGPcmzY?authuser=0&hl=en&rclk=1"
"0x30e29857ccc4cde3:0xb88f61a4ff02860","Surun Yongjit Dental Clinic","Dental clinic","
Phet Kasem Rd, Wat Tha Phra, Bangkok Yai, Bangkok 10600, Thailand","PFHM+6H Bangkok, Thailand","","","+66 63 965 1010","","","4.6","48","","","Open","","https://www.google.com/maps/place/Surun+Yongjit+Dental+Clinic/data=!4m7!3m6!1s0x30e29857ccc4cde3:0xb88f61a4ff02860!8m2!3d13.7280093!4d100.4839217!16s%2Fg%2F1pp2vjnr3!19sChIJ483EzFeY4jARYCjwTxr2iAs?authuser=0&hl=en&rclk=1"
"0x30e29f005d67ea7f:0x905f9f5e6211bebf","BELLE BEAUTY Phrom Phong【日本型セルフエステサロン】ดูแลผิวหน้า ยกกระชับ ฟอกฟันขาว กำจัดขน Beauty Services สุขุมวิท24","Beauty salon","
2/18 ชั้น2, อาคาร Terminal Shop Cabin, Sukhumvit 24 Alley, Khlong Tan, Khlong Toei, Bangkok 10110, Thailand","PHH9+XP Bangkok, Thailand","","","","https://liff.line.me/2006488006-AX739j5E/landing?follow=%40775pvlco&lp=tdjivs&liff_id=2006488006-AX739j5E","","4.9","53","","","Open","","https://www.google.com/maps/place/BELLE+BEAUTY+Phrom+Phong%E3%80%90%E6%97%A5%E6%9C%AC%E5%9E%8B%E3%82%BB%E3%83%AB%E3%83%95%E3%82%A8%E3%82%B9%E3%83%86%E3%82%B5%E3%83%AD%E3%83%B3%E3%80%91%E0%B8%94%E0%B8%B9%E0%B9%81%E0%B8%A5%E0%B8%9C%E0%B8%B4%E0%B8%A7%E0%B8%AB%E0%B8%99%E0%B9%89%E0%B8%B2+%E0%B8%A2%E0%B8%81%E0%B8%81%E0%B8%A3%E0%B8%B0%E0%B8%8A%E0%B8%B1%E0%B8%9A+%E0%B8%9F%E0%B8%AD%E0%B8%81%E0%B8%9F%E0%B8%B1%E0%B8%99%E0%B8%82%E0%B8%B2%E0%B8%A7+%E0%B8%81%E0%B8%B3%E0%B8%88%E0%B8%B1%E0%B8%94%E0%B8%82%E0%B8%99+Beauty+Services+%E0%B8%AA%E0%B8%B8%E0%B8%82%E0%B8%B8%E0%B8%A1%E0%B8%A7%E0%B8%B4%E0%B8%9724/data=!4m7!3m6!1s0x30e29f005d67ea7f:0x905f9f5e6211bebf!8m2!3d13.7298812!4d100.569313!16s%2Fg%2F11lzf30bhg!19sChIJf-pnXQCf4jARv74RYl6fX5A?authuser=0&hl=en&rclk=1"
"0x30e29ffe4e4524a1:0x900cade21ac6c422","FunYimDentalCenter","Dental implants periodontist","
170 Soi 7, Khwaeng Huai Khwang, Huai Khwang, Bangkok 10310, Thailand","QHGH+VW Bangkok, Thailand","","","+66 2 691 0077","","","4.9","83","","","Open","","https://www.google.com/maps/place/FunYimDentalCenter/data=!4m7!3m6!1s0x30e29ffe4e4524a1:0x900cade21ac6c422!8m2!3d13.7771557!4d100.5797526!16s%2Fg%2F11f6y5gfgz!19sChIJoSRFTv6f4jARIsTGGuKtDJA?authuser=0&hl=en&rclk=1"
"0x30e29da9afcd3e4b:0xa65dcbb44beb6cec","Bliss Dental จัดฟันใส Invisalign (Diamond+ Top1% Invisalign Provider)","Dental clinic","
232 Huai Khwang, Bangkok 10310, Thailand","QHHF+XH Bangkok, Thailand","","","+66 91 926 9145","https://www.facebook.com/profile.php?id=100090709328148&mibextid=LQQJ4d","","5.0","118","","","Open","","https://www.google.com/maps/place/Bliss+Dental+%E0%B8%88%E0%B8%B1%E0%B8%94%E0%B8%9F%E0%B8%B1%E0%B8%99%E0%B9%83%E0%B8%AA+Invisalign+%28Diamond%2B+Top1%25+Invisalign+Provider%29/data=!4m7!3m6!1s0x30e29da9afcd3e4b:0xa65dcbb44beb6cec!8m2!3d13.7799181!4d100.5739484!16s%2Fg%2F11srhgdn0_!19sChIJSz7Nr6md4jAR7GzrS7TLXaY?authuser=0&hl=en&rclk=1"
"0x30e29dd56963d70d:0x3db943634df00b8a","36 Smile Dental Clinic","Dental clinic","
No.832, ถนนรัชดาภิเษก Chan Kasem, Chatuchak, Bangkok 10900, Thailand","RHFJ+5Q Bangkok, Thailand","","","+66 88 999 0936","","","4.7","21","","","Open","","https://www.google.com/maps/place/36+Smile+Dental+Clinic/data=!4m7!3m6!1s0x30e29dd56963d70d:0x3db943634df00b8a!8m2!3d13.8229546!4d100.5819254!16s%2Fg%2F11ll9x032w!19sChIJDddjadWd4jARigvwTWNDuT0?authuser=0&hl=en&rclk=1"
"0x30e29bafb19a0615:0xa3dda20141b1e2e0","Lovely Smile Dental Clinic","Dental clinic","
42 Ratchawithi Rd, Bang Yi Khan, Bang Phlat, Bangkok 10700, Thailand","QFMW+J2 Bangkok, Thailand","","","+66 96 891 4268","https://www.facebook.com/lovelysmileclinic","","5.0","149","","","Open","","https://www.google.com/maps/place/Lovely+Smile+Dental+Clinic/data=!4m7!3m6!1s0x30e29bafb19a0615:0xa3dda20141b1e2e0!8m2!3d13.7841237!4d100.4950195!16s%2Fg%2F11nxb__j34!19sChIJFQaasa-b4jAR4OKxQQGi3aM?authuser=0&hl=en&rclk=1"
"0x30e29fae8a2a70d7:0xa06fadbb84d6efb6","Doctor T Advanced Facial Aesthetics Center : Surgery | Skin | Dental โดยอาจารย์แพทย์","Plastic surgery clinic","
2nd Floor, CW Tower, 217 Ratchadaphisek Rd, Khwaeng Huai Khwang, Huai Khwang, Bangkok 10310, Thailand","QH9F+VF Bangkok, Thailand","","","+66 63 323 6229","","","5.0","90","","","Open","","https://www.google.com/maps/place/Doctor+T+Advanced+Facial+Aesthetics+Center+:+Surgery+%7C+Skin+%7C+Dental+%E0%B9%82%E0%B8%94%E0%B8%A2%E0%B8%AD%E0%B8%B2%E0%B8%88%E0%B8%B2%E0%B8%A3%E0%B8%A2%E0%B9%8C%E0%B9%81%E0%B8%9E%E0%B8%97%E0%B8%A2%E0%B9%8C/data=!4m7!3m6!1s0x30e29fae8a2a70d7:0xa06fadbb84d6efb6!8m2!3d13.769746!4d100.5737419!16s%2Fg%2F11x5kdc3yf!19sChIJ13Aqiq6f4jARtu_WhLutb6A?authuser=0&hl=en&rclk=1"
"0x30e29c2291a8db29:0x14dff4a5f8c18981","เด็นทัลแลนด์ คลินิกทันตกรรม","Dental clinic","
142 Sutthisan Winitchai Rd, Samsen Nai, Phaya Thai, Bangkok 10400, Thailand","QHQ3+H6 Bangkok, Thailand","","","+66 2 616 8228","","","4.9","7","","","Open","","https://www.google.com/maps/place/%E0%B9%80%E0%B8%94%E0%B9%87%E0%B8%99%E0%B8%97%E0%B8%B1%E0%B8%A5%E0%B9%81%E0%B8%A5%E0%B8%99%E0%B8%94%E0%B9%8C+%E0%B8%84%E0%B8%A5%E0%B8%B4%E0%B8%99%E0%B8%B4%E0%B8%81%E0%B8%97%E0%B8%B1%E0%B8%99%E0%B8%95%E0%B8%81%E0%B8%A3%E0%B8%A3%E0%B8%A1/data=!4m7!3m6!1s0x30e29c2291a8db29:0x14dff4a5f8c18981!8m2!3d13.7888901!4d100.5530836!16s%2Fg%2F1q2w0phct!19sChIJKduokSKc4jARgYnB-KX03xQ?authuser=0&hl=en&rclk=1"
"0x30e29c5ab5f008a1:0xb1acc8c0c571fcae","ซีสไมล์ คลินิก ทันตกรรม Csmile Dental Clinic .....( Union Mall ห้าเเยกลาดพร้าว)","Dental clinic","
54 ชั้น 5 ห้อง5A08-09 (ห้างยูเนี่ยนมอลล์) ถนนลาดพร้าว แขวงจอมพล เข Bangkok 10900, Thailand","RH76+MQ Bangkok, Thailand","","","+66 89 505 5005","https://th-th.facebook.com/CsmileClinic/","","4.8","336","","","Open","","https://www.google.com/maps/place/%E0%B8%8B%E0%B8%B5%E0%B8%AA%E0%B9%84%E0%B8%A1%E0%B8%A5%E0%B9%8C+%E0%B8%84%E0%B8%A5%E0%B8%B4%E0%B8%99%E0%B8%B4%E0%B8%81+%E0%B8%97%E0%B8%B1%E0%B8%99%E0%B8%95%E0%B8%81%E0%B8%A3%E0%B8%A3%E0%B8%A1+Csmile+Dental+Clinic+.....%28+Union+Mall+%E0%B8%AB%E0%B9%89%E0%B8%B2%E0%B9%80%E0%B9%80%E0%B8%A2%E0%B8%81%E0%B8%A5%E0%B8%B2%E0%B8%94%E0%B8%9E%E0%B8%A3%E0%B9%89%E0%B8%B2%E0%B8%A7%29/data=!4m7!3m6!1s0x30e29c5ab5f008a1:0xb1acc8c0c571fcae!8m2!3d13.8141492!4d100.561884!16s%2Fg%2F124yng2yf!19sChIJoQjwtVqc4jARrvxxxcDIrLE?authuser=0&hl=en&rclk=1"
"0x30e29d018d198813:0x81291dc46868239","Vimut Hospital","Private hospital","
500 Phahonyothin Rd, Samsen Nai, Phaya Thai, Bangkok 10400, Thailand","QGQX+G6 Bangkok, Thailand","","","+66 2 079 0000","https://www.vimut.com/home?utm_source=mam-gpb&utm_medium=mam-gpb&utm_campaign=gbp&utm_id=GBP.","","4.2","1215","Moderately priced","€€","Open","","https://www.google.com/maps/place/Vimut+Hospital/data=!4m7!3m6!1s0x30e29d018d198813:0x81291dc46868239!8m2!3d13.7888116!4d100.5481113!16s%2Fg%2F11fk8cvqq8!19sChIJE4gZjQGd4jAROYKGRtyREgg?authuser=0&hl=en&rclk=1"
"0x30e29d66b73d4fdd:0x8fbe85e19011b9ac","Trust dental clinic ลาดพร้าว","Dental clinic","
12 Phahonyothin Rd, Chom Phon, Chatuchak, Bangkok 10900, Thailand","RH86+3H Bangkok, Thailand","","","+66 94 432 4074","","","4.6","219","","","Open","","https://www.google.com/maps/place/Trust+dental+clinic+%E0%B8%A5%E0%B8%B2%E0%B8%94%E0%B8%9E%E0%B8%A3%E0%B9%89%E0%B8%B2%E0%B8%A7/data=!4m7!3m6!1s0x30e29d66b73d4fdd:0x8fbe85e19011b9ac!8m2!3d13.8152232!4d100.5613797!16s%2Fg%2F11rypqcf15!19sChIJ3U89t2ad4jARrLkRkOGFvo8?authuser=0&hl=en&rclk=1"
"0x30e29f4bfee5c989:0x9273555a77eeebaf","Ek Dental Clinic","Medical clinic","
1535/86 Chan 6 Alley, Thung Wat Don, Sathon, Bangkok 10120, Thailand","PG4M+FX Bangkok, Thailand","","","","","","3.2","5","","","","","https://www.google.com/maps/place/Ek+Dental+Clinic/data=!4m7!3m6!1s0x30e29f4bfee5c989:0x9273555a77eeebaf!8m2!3d13.7061273!4d100.5349621!16s%2Fg%2F1td5j40t!19sChIJicnl_kuf4jARr-vud1pVc5I?authuser=0&hl=en&rclk=1"
"0x30e29f514e4255df:0xb0c0fad80afcc926","B.Care Dental Clinic.","Dental clinic","
Ratchadaphisek Rd, Chong Nonsi, Yan Nawa, Bangkok 10120, Thailand","MGWP+7H Bangkok, Thailand","","","+66 2 681 2348","","","5.0","177","","","Open","","https://www.google.com/maps/place/B.Care+Dental+Clinic./data=!4m7!3m6!1s0x30e29f514e4255df:0xb0c0fad80afcc926!8m2!3d13.6956979!4d100.5364925!16s%2Fg%2F1pzstqp8g!19sChIJ31VCTlGf4jARJsn8Ctj6wLA?authuser=0&hl=en&rclk=1"
"0x30e29f11815fd233:0x6883fef98929bb28","คลินิกทันตกรรมบ้านหมอฟันคลองเตย","Dental clinic","
8, 32-33 Sunthonkosa Rd, Khlong Toei, Bangkok 10110, Thailand","PH95+F4 Bangkok, Thailand","","","+66 2 671 2548","http://www.facebook.com/bmfclinic","","4.8","71","","","Open","","https://www.google.com/maps/place/%E0%B8%84%E0%B8%A5%E0%B8%B4%E0%B8%99%E0%B8%B4%E0%B8%81%E0%B8%97%E0%B8%B1%E0%B8%99%E0%B8%95%E0%B8%81%E0%B8%A3%E0%B8%A3%E0%B8%A1%E0%B8%9A%E0%B9%89%E0%B8%B2%E0%B8%99%E0%B8%AB%E0%B8%A1%E0%B8%AD%E0%B8%9F%E0%B8%B1%E0%B8%99%E0%B8%84%E0%B8%A5%E0%B8%AD%E0%B8%87%E0%B9%80%E0%B8%95%E0%B8%A2/data=!4m7!3m6!1s0x30e29f11815fd233:0x6883fef98929bb28!8m2!3d13.7187356!4d100.5578037!16s%2Fg%2F1hc7qmq48!19sChIJM9JfgRGf4jARKLspifn-g2g?authuser=0&hl=en&rclk=1"
"0x30e29d007a882e4b:0xe817d9220b24e201","Dr.punjun dental clinic คลินิกทันตกรรมหมอปั้นจั่น จัดฟัน ทำฟัน วีเนียร์ รากเทียม BTS พหลโยธิน 24-ตึก Ratchayothin hill","Dental clinic","
1799 Phahonyothin Rd, Khwaeng Chatuchak, Chatuchak, Bangkok 10900, Thailand","RHG9+H2 Bangkok, Thailand","","","+66 88 924 9142","","","5.0","792","","","Open","","https://www.google.com/maps/place/Dr.punjun+dental+clinic+%E0%B8%84%E0%B8%A5%E0%B8%B4%E0%B8%99%E0%B8%B4%E0%B8%81%E0%B8%97%E0%B8%B1%E0%B8%99%E0%B8%95%E0%B8%81%E0%B8%A3%E0%B8%A3%E0%B8%A1%E0%B8%AB%E0%B8%A1%E0%B8%AD%E0%B8%9B%E0%B8%B1%E0%B9%89%E0%B8%99%E0%B8%88%E0%B8%B1%E0%B9%88%E0%B8%99+%E0%B8%88%E0%B8%B1%E0%B8%94%E0%B8%9F%E0%B8%B1%E0%B8%99+%E0%B8%97%E0%B8%B3%E0%B8%9F%E0%B8%B1%E0%B8%99+%E0%B8%A7%E0%B8%B5%E0%B9%80%E0%B8%99%E0%B8%B5%E0%B8%A2%E0%B8%A3%E0%B9%8C+%E0%B8%A3%E0%B8%B2%E0%B8%81%E0%B9%80%E0%B8%97%E0%B8%B5%E0%B8%A2%E0%B8%A1+BTS+%E0%B8%9E%E0%B8%AB%E0%B8%A5%E0%B9%82%E0%B8%A2%E0%B8%98%E0%B8%B4%E0%B8%99+24-%E0%B8%95%E0%B8%B6%E0%B8%81+Ratchayothin+hill/data=!4m7!3m6!1s0x30e29d007a882e4b:0xe817d9220b24e201!8m2!3d13.8264873!4d100.5675592!16s%2Fg%2F11w1jdyv5p!19sChIJSy6IegCd4jARAeIkCyLZF-g?authuser=0&hl=en&rclk=1"
"0x30e2993f238aedff:0x388000f833b22e35","Little Tooth Dental Clinic ปิ่นเกล้า","Dental clinic","
ชั้น 3 3 ONE MALL, 116-117 Borommaratchachonnani Rd, Arun Amarin, Bangkok Noi, Bangkok 10700, Thailand","QFGH+Q5 Bangkok, Thailand","","","+66 83 996 1175","https://littletoothdentalclinic.com/","","4.9","258","","","Open","","https://www.google.com/maps/place/Little+Tooth+Dental+Clinic+%E0%B8%9B%E0%B8%B4%E0%B9%88%E0%B8%99%E0%B9%80%E0%B8%81%E0%B8%A5%E0%B9%89%E0%B8%B2/data=!4m7!3m6!1s0x30e2993f238aedff:0x388000f833b22e35!8m2!3d13.7769828!4d100.4779401!16s%2Fg%2F11kc670vbl!19sChIJ_-2KIz-Z4jARNS6yM_gAgDg?authuser=0&hl=en&rclk=1"
"0x30e29f48e298a655:0xabefb8d60176126f","Banphaeo General Hospital","Hospital","
26/56 Chan Rd, Thung Maha Mek, Sathon, Bangkok 10120, Thailand","PG5Q+46 Bangkok, Thailand","","","+66 2 286 4715","http://www.bghsathorn.com/","","3.9","190","","","Open","","https://www.google.com/maps/place/Banphaeo+General+Hospital/data=!4m7!3m6!1s0x30e29f48e298a655:0xabefb8d60176126f!8m2!3d13.707783!4d100.5380147!16s%2Fg%2F11c3252hws!19sChIJVaaY4kif4jARbxJ2Ada476s?authuser=0&hl=en&rclk=1"
"0x30e29c455f2436b7:0xc7c5489001e249e9","คลินิคทันตกรรม บางกอกแฟมิลี่","Dental clinic","
591 6 Lat Phrao 1, Chom Phon, Chatuchak, Bangkok 10900","RH67+V7 Bangkok","","","02 938 5306","","","4.9","420","","","Open","","https://www.google.com/maps/place/%E0%B8%84%E0%B8%A5%E0%B8%B4%E0%B8%99%E0%B8%B4%E0%B8%84%E0%B8%97%E0%B8%B1%E0%B8%99%E0%B8%95%E0%B8%81%E0%B8%A3%E0%B8%A3%E0%B8%A1+%E0%B8%9A%E0%B8%B2%E0%B8%87%E0%B8%81%E0%B8%AD%E0%B8%81%E0%B9%81%E0%B8%9F%E0%B8%A1%E0%B8%B4%E0%B8%A5%E0%B8%B5%E0%B9%88/data=!4m7!3m6!1s0x30e29c455f2436b7:0xc7c5489001e249e9!8m2!3d13.812129!4d100.563203!16s%2Fg%2F1pp2w_62c!19sChIJtzYkX0Wc4jAR6UniAZBIxcc?authuser=0&hl=en&rclk=1"
"0x30e29e9a5030c14d:0x7286e5b640947313","คลินิก ฟันดี","Dental clinic","
2886 Pracha Songkhro Rd, Din Daeng, Bangkok 10400, Thailand","QHG7+5J Bangkok, Thailand","","","+66 91 493 3109","","","4.1","17","","","Open","","https://www.google.com/maps/place/%E0%B8%84%E0%B8%A5%E0%B8%B4%E0%B8%99%E0%B8%B4%E0%B8%81+%E0%B8%9F%E0%B8%B1%E0%B8%99%E0%B8%94%E0%B8%B5/data=!4m7!3m6!1s0x30e29e9a5030c14d:0x7286e5b640947313!8m2!3d13.7754549!4d100.5640773!16s%2Fg%2F1hc5wxfdj!19sChIJTcEwUJqe4jARE3OUQLblhnI?authuser=0&hl=en&rclk=1"
"0x30e29c1956f2dfb1:0xb9cff716c477fc93","คลินิกทันตแพทย์สมรัก","Dental clinic","
1293/2 ซอย พหลโยธิน Phahonyothin Rd, Phaya Thai, Bangkok 10400","QGPW+9M Bangkok","","","02 279 6961","","","4.4","7","","","Open","","https://www.google.com/maps/place/%E0%B8%84%E0%B8%A5%E0%B8%B4%E0%B8%99%E0%B8%B4%E0%B8%81%E0%B8%97%E0%B8%B1%E0%B8%99%E0%B8%95%E0%B9%81%E0%B8%9E%E0%B8%97%E0%B8%A2%E0%B9%8C%E0%B8%AA%E0%B8%A1%E0%B8%A3%E0%B8%B1%E0%B8%81/data=!4m7!3m6!1s0x30e29c1956f2dfb1:0xb9cff716c477fc93!8m2!3d13.7858811!4d100.5467053!16s%2Fg%2F1yg6c_rr1!19sChIJsd_yVhmc4jARk_x3xBb3z7k?authuser=0&hl=en&rclk=1"
"0x30e29b94b21ebc91:0x54ff3f98db900250","HOBS Dental Clinic เตาปูน- จัดฟัน invisalign วีเนียร์ รากเทียม ทำฟัน กรุงเทพ","Dentist","
495/7 Pracha Rat Sai 2 Rd, Khwaeng Bang Sue, Bang Sue, Bangkok 10800","RG4J+J6 Bangkok","","","061 635 8853","https://hobsdentalandwellnessclinic.com/","","4.9","380","","","Open","","https://www.google.com/maps/place/HOBS+Dental+Clinic+%E0%B9%80%E0%B8%95%E0%B8%B2%E0%B8%9B%E0%B8%B9%E0%B8%99-+%E0%B8%88%E0%B8%B1%E0%B8%94%E0%B8%9F%E0%B8%B1%E0%B8%99+invisalign+%E0%B8%A7%E0%B8%B5%E0%B9%80%E0%B8%99%E0%B8%B5%E0%B8%A2%E0%B8%A3%E0%B9%8C+%E0%B8%A3%E0%B8%B2%E0%B8%81%E0%B9%80%E0%B8%97%E0%B8%B5%E0%B8%A2%E0%B8%A1+%E0%B8%97%E0%B8%B3%E0%B8%9F%E0%B8%B1%E0%B8%99+%E0%B8%81%E0%B8%A3%E0%B8%B8%E0%B8%87%E0%B9%80%E0%B8%97%E0%B8%9E/data=!4m7!3m6!1s0x30e29b94b21ebc91:0x54ff3f98db900250!8m2!3d13.8065629!4d100.5305247!16s%2Fg%2F11bv30l5l0!19sChIJkbwespSb4jARUAKQ25g__1Q?authuser=0&hl=en&rclk=1"
"0x30e299a50faf8211:0x561cb03e9510b482","MOS Dental Clinic Pinklao","Dental clinic","
175 Somdet Phra Pin Klao Rd, Arun Amarin, Bangkok Noi, Bangkok 10700, Thailand","QFCM+H7 Bangkok, Thailand","","","+66 99 757 7073","http://facebook.com/mosdentalclinic","","4.9","322","","","Open","","https://www.google.com/maps/place/MOS+Dental+Clinic+Pinklao/data=!4m7!3m6!1s0x30e299a50faf8211:0x561cb03e9510b482!8m2!3d13.7714209!4d100.4831915!16s%2Fg%2F11fl8_d8_1!19sChIJEYKvD6WZ4jARgrQQlT6wHFY?authuser=0&hl=en&rclk=1"
"0x30e2998a923000a5:0x6462bd26e59715bd","Angel Smile Dental Clinic คลินิกทันตกรรม เอนเจิล สไมล์ MRT ท่าพระ ทำฟัน จัดฟัน รากเทียม ขูดหินปูน Airflow","Dental clinic","
132 33-34 Phet Kasem Rd, Khwaeng Wat Tha Phra, Khet Bangkok Yai, Bangkok 10160, Thailand","PFHF+Q6 Bangkok, Thailand","","","+66 61 172 4788","https://www.openlink.co/angelsmiledentalclinic","","5.0","53","","","Open","","https://www.google.com/maps/place/Angel+Smile+Dental+Clinic+%E0%B8%84%E0%B8%A5%E0%B8%B4%E0%B8%99%E0%B8%B4%E0%B8%81%E0%B8%97%E0%B8%B1%E0%B8%99%E0%B8%95%E0%B8%81%E0%B8%A3%E0%B8%A3%E0%B8%A1+%E0%B9%80%E0%B8%AD%E0%B8%99%E0%B9%80%E0%B8%88%E0%B8%B4%E0%B8%A5+%E0%B8%AA%E0%B9%84%E0%B8%A1%E0%B8%A5%E0%B9%8C+MRT+%E0%B8%97%E0%B9%88%E0%B8%B2%E0%B8%9E%E0%B8%A3%E0%B8%B0+%E0%B8%97%E0%B8%B3%E0%B8%9F%E0%B8%B1%E0%B8%99+%E0%B8%88%E0%B8%B1%E0%B8%94%E0%B8%9F%E0%B8%B1%E0%B8%99+%E0%B8%A3%E0%B8%B2%E0%B8%81%E0%B9%80%E0%B8%97%E0%B8%B5%E0%B8%A2%E0%B8%A1+%E0%B8%82%E0%B8%B9%E0%B8%94%E0%B8%AB%E0%B8%B4%E0%B8%99%E0%B8%9B%E0%B8%B9%E0%B8%99+Airflow/data=!4m7!3m6!1s0x30e2998a923000a5:0x6462bd26e59715bd!8m2!3d13.7294634!4d100.4731149!16s%2Fg%2F11xth37f40!19sChIJpQAwkoqZ4jARvRWX5Sa9YmQ?authuser=0&hl=en&rclk=1"
"0x30e29ff904498c07:0x9344ed07dfdf5ce0","คลินิกทันตกรรมพาสุข สาขาสุขุมวิท PasoOk dental clinic sukhumvit","Dental clinic","
1221/39 Sukhumvit Rd, Khlong Tan Nuea, Watthana, Bangkok 10110, Thailand","PHCM+J9 Bangkok, Thailand","","","+66 64 165 3795","https://www.facebook.com/Pasookdentalclinic","","4.9","121","","","Open","","https://www.google.com/maps/place/%E0%B8%84%E0%B8%A5%E0%B8%B4%E0%B8%99%E0%B8%B4%E0%B8%81%E0%B8%97%E0%B8%B1%E0%B8%99%E0%B8%95%E0%B8%81%E0%B8%A3%E0%B8%A3%E0%B8%A1%E0%B8%9E%E0%B8%B2%E0%B8%AA%E0%B8%B8%E0%B8%82+%E0%B8%AA%E0%B8%B2%E0%B8%82%E0%B8%B2%E0%B8%AA%E0%B8%B8%E0%B8%82%E0%B8%B8%E0%B8%A1%E0%B8%A7%E0%B8%B4%E0%B8%97+PasoOk+dental+clinic+sukhumvit/data=!4m7!3m6!1s0x30e29ff904498c07:0x9344ed07dfdf5ce0!8m2!3d13.7215129!4d100.5834721!16s%2Fg%2F11y6b28534!19sChIJB4xJBPmf4jAR4Fzf3wftRJM?authuser=0&hl=en&rclk=1"
"0x30e29fdc8dd2c099:0xd5e410b02b2d9890","Silom Dental Building (Ram 15) สีลมเด็นตัลบิวดิ้ง ราม 15","Dental clinic","
1, Ramkhamhaeng 15 Alley, Hua Mak, Bang Kapi, Bangkok 10240, Thailand","QJ35+7G Bangkok, Thailand","","","+66 84 514 6551","https://www.facebook.com/thailanddentalhospital?mibextid=LQQJ4d","","5.0","174","","","Open","","https://www.google.com/maps/place/Silom+Dental+Building+%28Ram+15%29+%E0%B8%AA%E0%B8%B5%E0%B8%A5%E0%B8%A1%E0%B9%80%E0%B8%94%E0%B9%87%E0%B8%99%E0%B8%95%E0%B8%B1%E0%B8%A5%E0%B8%9A%E0%B8%B4%E0%B8%A7%E0%B8%94%E0%B8%B4%E0%B9%89%E0%B8%87+%E0%B8%A3%E0%B8%B2%E0%B8%A1+15/data=!4m7!3m6!1s0x30e29fdc8dd2c099:0xd5e410b02b2d9890!8m2!3d13.7531575!4d100.6088679!16s%2Fg%2F11tmjjb6lx!19sChIJmcDSjdyf4jARkJgtK7AQ5NU?authuser=0&hl=en&rclk=1"
"0x30e29e2e0f2ca54b:0x48c8ffb56df89fc8","Love Smile Dental Clinic","Dental clinic","
702 2 ปาก Soi Soi Phatthanakan 20, Suan Luang, Bangkok 10250, Thailand","PJP5+XM Bangkok, Thailand","","","+66 87 339 2826","http://www.facebook.com/lovesmiledc","","4.8","188","","","Open","","https://www.google.com/maps/place/Love+Smile+Dental+Clinic/data=!4m7!3m6!1s0x30e29e2e0f2ca54b:0x48c8ffb56df89fc8!8m2!3d13.7374281!4d100.6092276!16s%2Fg%2F1hm4lzh37!19sChIJS6UsDy6e4jARyJ_4bbX_yEg?authuser=0&hl=en&rclk=1"
"0x30e29f9a93cce355:0x2e36e515c273299a","Blink Dental Clinic ทำฟัน จัดฟัน สาขารามคำแหง","Dental clinic","
193 Ramkhamhaeng Rd, Hua Mak, Bang Kapi, Bangkok 10240, Thailand","QJ47+7F Bangkok, Thailand","","","+66 99 082 7533","https://www.facebook.com/BlinkDentalClinic","","5.0","216","","","Open","","https://www.google.com/maps/place/Blink+Dental+Clinic+%E0%B8%97%E0%B8%B3%E0%B8%9F%E0%B8%B1%E0%B8%99+%E0%B8%88%E0%B8%B1%E0%B8%94%E0%B8%9F%E0%B8%B1%E0%B8%99+%E0%B8%AA%E0%B8%B2%E0%B8%82%E0%B8%B2%E0%B8%A3%E0%B8%B2%E0%B8%A1%E0%B8%84%E0%B8%B3%E0%B9%81%E0%B8%AB%E0%B8%87/data=!4m7!3m6!1s0x30e29f9a93cce355:0x2e36e515c273299a!8m2!3d13.7556696!4d100.6136405!16s%2Fg%2F11j02___q7!19sChIJVePMk5qf4jARmilzwhXlNi4?authuser=0&hl=en&rclk=1"
"0x30e299764abab7db:0x3d22aaefc94f6865","Tooth box Dental Clinic Food villa Ratchaphruek","Dental clinic","
77 ห้องเลขที่ J03 Ratchaphruek Rd, Bang Ramat, Taling Chan, Bangkok 10170, Thailand","QC8V+6F Bangkok, Thailand","","","+66 96 915 9391","https://toothboxdentalclinic.com/","","4.9","267","","","Open","","https://www.google.com/maps/place/Tooth+box+Dental+Clinic+Food+villa+Ratchaphruek/data=!4m7!3m6!1s0x30e299764abab7db:0x3d22aaefc94f6865!8m2!3d13.7655821!4d100.4437212!16s%2Fg%2F11h8j7j23f!19sChIJ27e6SnaZ4jARZWhPye-qIj0?authuser=0&hl=en&rclk=1"
"0x30e29856d5170811:0x6388585415b05d2a","Good Smile Dental Clinic","Dental clinic","
43, 48-9 Phet Kasem 1, Wat Tha Phra, Bangkok Yai, Bangkok 10600, Thailand","PFHH+9M Bangkok, Thailand","","","+66 97 104 4465","","","4.7","30","","","Open","","https://www.google.com/maps/place/Good+Smile+Dental+Clinic/data=!4m7!3m6!1s0x30e29856d5170811:0x6388585415b05d2a!8m2!3d13.7284465!4d100.4791798!16s%2Fg%2F11dx8mc9gt!19sChIJEQgX1VaY4jARKl2wFVRYiGM?authuser=0&hl=en&rclk=1"
"0x30e297c49b3d7001:0xc7628dd14c32b859","Eden Dental Clinic พุทธมณฑลสาย1","Dental clinic","
119, Khlong Khwang, Phasi Charoen, Bangkok 10160, Thailand","PCRH+54 Bangkok, Thailand","","","+66 64 636 3777","","","5.0","45","","","Open","","https://www.google.com/maps/place/Eden+Dental+Clinic+%E0%B8%9E%E0%B8%B8%E0%B8%97%E0%B8%98%E0%B8%A1%E0%B8%93%E0%B8%91%E0%B8%A5%E0%B8%AA%E0%B8%B2%E0%B8%A21/data=!4m7!3m6!1s0x30e297c49b3d7001:0xc7628dd14c32b859!8m2!3d13.7404459!4d100.4278517!16s%2Fg%2F11x2jygt3p!19sChIJAXA9m8SX4jARWbgyTNGNYsc?authuser=0&hl=en&rclk=1"
"0x30e29dfddc3a1817:0x3bd53cd8abc52f13","Double Smile Dental Clinic รัชดา ลาดพร้าว รถไฟฟ้า จัดฟัน วีเนียร์ รากเทียม รักษาราก ฟอกสีฟัน ทำฟันเด็ก ฟันปลอม ทำฟัน ฟันคุด","Dental clinic","
Midway Point @MRt Lat Phrao Rd, Chom Phon, จตุจักร Bangkok 10900, Thailand","RH4F+CR Bangkok, Thailand","","","+66 84 765 9999","https://doublesmiledentalclinic.com/th","","4.9","306","","","Open","","https://www.google.com/maps/place/Double+Smile+Dental+Clinic+%E0%B8%A3%E0%B8%B1%E0%B8%8A%E0%B8%94%E0%B8%B2+%E0%B8%A5%E0%B8%B2%E0%B8%94%E0%B8%9E%E0%B8%A3%E0%B9%89%E0%B8%B2%E0%B8%A7+%E0%B8%A3%E0%B8%96%E0%B9%84%E0%B8%9F%E0%B8%9F%E0%B9%89%E0%B8%B2+%E0%B8%88%E0%B8%B1%E0%B8%94%E0%B8%9F%E0%B8%B1%E0%B8%99+%E0%B8%A7%E0%B8%B5%E0%B9%80%E0%B8%99%E0%B8%B5%E0%B8%A2%E0%B8%A3%E0%B9%8C+%E0%B8%A3%E0%B8%B2%E0%B8%81%E0%B9%80%E0%B8%97%E0%B8%B5%E0%B8%A2%E0%B8%A1+%E0%B8%A3%E0%B8%B1%E0%B8%81%E0%B8%A9%E0%B8%B2%E0%B8%A3%E0%B8%B2%E0%B8%81+%E0%B8%9F%E0%B8%AD%E0%B8%81%E0%B8%AA%E0%B8%B5%E0%B8%9F%E0%B8%B1%E0%B8%99+%E0%B8%97%E0%B8%B3%E0%B8%9F%E0%B8%B1%E0%B8%99%E0%B9%80%E0%B8%94%E0%B9%87%E0%B8%81+%E0%B8%9F%E0%B8%B1%E0%B8%99%E0%B8%9B%E0%B8%A5%E0%B8%AD%E0%B8%A1+%E0%B8%97%E0%B8%B3%E0%B8%9F%E0%B8%B1%E0%B8%99+%E0%B8%9F%E0%B8%B1%E0%B8%99%E0%B8%84%E0%B8%B8%E0%B8%94/data=!4m7!3m6!1s0x30e29dfddc3a1817:0x3bd53cd8abc52f13!8m2!3d13.8060328!4d100.5746044!16s%2Fg%2F11m6b1_xhv!19sChIJFxg63P2d4jAREy_Fq9g81Ts?authuser=0&hl=en&rclk=1"
"0x30e29d8a2b142cf9:0x55b0277e80e04af3","APEX Beauty - Central Ladprao 5th Fl. (เอเพ็กซ์ สาขา เซ็นทรัลลาดพร้าว ชั้น 5)","Skin care clinic","
คลินิกเวชกรรมเอเพ็กซ์ 1693, เซ็นทรัลพลาซา ลาดพร้าว ออฟฟิศทาวเวอร์, ชั้น5 ห้อง 512 Phahonyothin Rd, Khwaeng Chatuchak, Chatuchak, Bangkok 10900, Thailand","RH86+F8 Bangkok, Thailand","","","+66 85 700 0036","https://www.apexmedicalcenter.co.th/branch/apex-clinic-ladprao-5th-floor/","","4.9","1205","","","Open","","https://www.google.com/maps/place/APEX+Beauty+-+Central+Ladprao+5th+Fl.+%28%E0%B9%80%E0%B8%AD%E0%B9%80%E0%B8%9E%E0%B9%87%E0%B8%81%E0%B8%8B%E0%B9%8C+%E0%B8%AA%E0%B8%B2%E0%B8%82%E0%B8%B2+%E0%B9%80%E0%B8%8B%E0%B9%87%E0%B8%99%E0%B8%97%E0%B8%A3%E0%B8%B1%E0%B8%A5%E0%B8%A5%E0%B8%B2%E0%B8%94%E0%B8%9E%E0%B8%A3%E0%B9%89%E0%B8%B2%E0%B8%A7+%E0%B8%8A%E0%B8%B1%E0%B9%89%E0%B8%99+5%29/data=!4m7!3m6!1s0x30e29d8a2b142cf9:0x55b0277e80e04af3!8m2!3d13.8162325!4d100.5608126!16s%2Fg%2F12hz_kpql!19sChIJ-SwUK4qd4jAR80rggH4nsFU?authuser=0&hl=en&rclk=1"
"0x30e29da2bdcbffe3:0xa13fbfc530545434","Yim Yim Dental Clinic","Dental clinic","
369 371 Chok Chai 4 Rd, Lat Phrao, Bangkok 10230, Thailand","RH7W+7F Bangkok, Thailand","","","+66 95 512 6666","","","4.9","213","","","Open","","https://www.google.com/maps/place/Yim+Yim+Dental+Clinic/data=!4m7!3m6!1s0x30e29da2bdcbffe3:0xa13fbfc530545434!8m2!3d13.8131816!4d100.5961847!16s%2Fg%2F1tkp2f9m!19sChIJ4__LvaKd4jARNFRUMMW_P6E?authuser=0&hl=en&rclk=1"
"0x30e29b3357bec819:0x799e1e3f5c3f9b46","คลินิกทันตกรรมเดนทัลไทม์","Dental clinic","
3 26 Charan Sanit Wong Rd, Bang Kruai, Bang Kruai District, Nonthaburi 11130, Thailand","RG55+GX Bang Kruai, Bang Kruai District, Nonthaburi, Thailand","","","+66 65 496 6919","https://www.facebook.com/share/1GrJabTq5e/","","4.6","20","","","Open","","https://www.google.com/maps/place/%E0%B8%84%E0%B8%A5%E0%B8%B4%E0%B8%99%E0%B8%B4%E0%B8%81%E0%B8%97%E0%B8%B1%E0%B8%99%E0%B8%95%E0%B8%81%E0%B8%A3%E0%B8%A3%E0%B8%A1%E0%B9%80%E0%B8%94%E0%B8%99%E0%B8%97%E0%B8%B1%E0%B8%A5%E0%B9%84%E0%B8%97%E0%B8%A1%E0%B9%8C/data=!4m7!3m6!1s0x30e29b3357bec819:0x799e1e3f5c3f9b46!8m2!3d13.8088746!4d100.5099508!16s%2Fg%2F11flw3b8yv!19sChIJGci-VzOb4jARRps_XD8ennk?authuser=0&hl=en&rclk=1"
"0x30e29dea8f081e05:0x232fb52adf83c048","Wink Clinic","Dental clinic","
150 3 Thanon Lat Phrao, Chom Phon, Chatuchak, Bangkok 10900, Thailand","RH66+RV Bangkok, Thailand","","","+66 95 914 7941","https://www.winkclinic.com/","","4.9","819","","","Open","","https://www.google.com/maps/place/Wink+Clinic/data=!4m7!3m6!1s0x30e29dea8f081e05:0x232fb52adf83c048!8m2!3d13.812012!4d100.5622268!16s%2Fg%2F11f70_9ct7!19sChIJBR4Ij-qd4jARSMCD3yq1LyM?authuser=0&hl=en&rclk=1"
"0x30e29cfd0101df13:0xdfe1ddc8ff466622","คลินิกฟันดี - FUN D Dental Clinic","Dental clinic","
1965 Phahonyothin Rd, Lat Yao, Chatuchak, Bangkok 10900, Thailand","RHPF+76 Bangkok, Thailand","","","+66 2 579 2687","http://www.facebook.com/clinicfun.d","","4.9","140","","","Open","","https://www.google.com/maps/place/%E0%B8%84%E0%B8%A5%E0%B8%B4%E0%B8%99%E0%B8%B4%E0%B8%81%E0%B8%9F%E0%B8%B1%E0%B8%99%E0%B8%94%E0%B8%B5+-+FUN+D+Dental+Clinic/data=!4m7!3m6!1s0x30e29cfd0101df13:0xdfe1ddc8ff466622!8m2!3d13.8357235!4d100.5730839!16s%2Fg%2F1vsmvbyx!19sChIJE98BAf2c4jARImZG_8jd4d8?authuser=0&hl=en&rclk=1"
"0x30e29b16a1437dd9:0x75cb0f41e96cba11","8432 Dental Clinic สาขาท่าน้ำนนท์","Dental clinic","
746 สวนใหญ่ 748 Phibul Songkhram Rd, Tambon Suan Yai, Mueang Nonthaburi District, Nonthaburi 11000, Thailand","RFRW+9H Nonthaburi, Mueang Nonthaburi District, Nonthaburi, Thailand","","","+66 61 627 8432","https://www.facebook.com/8432Dental","","4.8","106","","","Open","","https://www.google.com/maps/place/8432+Dental+Clinic+%E0%B8%AA%E0%B8%B2%E0%B8%82%E0%B8%B2%E0%B8%97%E0%B9%88%E0%B8%B2%E0%B8%99%E0%B9%89%E0%B8%B3%E0%B8%99%E0%B8%99%E0%B8%97%E0%B9%8C/data=!4m7!3m6!1s0x30e29b16a1437dd9:0x75cb0f41e96cba11!8m2!3d13.8408774!4d100.4963804!16s%2Fg%2F11s57bhc83!19sChIJ2X1DoRab4jAREbps6UEPy3U?authuser=0&hl=en&rclk=1"
"0x30e29bd3e5ae0beb:0x23afc7ec2e768a79","Deezy dental home ท่าน้ำนนท์ | ทำฟัน จัดฟัน วีเนียร์ รากฟันเทียม","Dental clinic","
19, 11 หมู่ที่ 5 Phibul Songkhram Rd, Suan Yai, Mueang Nonthaburi District, Nonthaburi 11000","RFQW+WJ Nonthaburi, Mueang Nonthaburi District, Nonthaburi","","","095 618 8813","http://www.deezydental.com/","","4.7","181","","","Open","","https://www.google.com/maps/place/Deezy+dental+home+%E0%B8%97%E0%B9%88%E0%B8%B2%E0%B8%99%E0%B9%89%E0%B8%B3%E0%B8%99%E0%B8%99%E0%B8%97%E0%B9%8C+%7C+%E0%B8%97%E0%B8%B3%E0%B8%9F%E0%B8%B1%E0%B8%99+%E0%B8%88%E0%B8%B1%E0%B8%94%E0%B8%9F%E0%B8%B1%E0%B8%99+%E0%B8%A7%E0%B8%B5%E0%B9%80%E0%B8%99%E0%B8%B5%E0%B8%A2%E0%B8%A3%E0%B9%8C+%E0%B8%A3%E0%B8%B2%E0%B8%81%E0%B8%9F%E0%B8%B1%E0%B8%99%E0%B9%80%E0%B8%97%E0%B8%B5%E0%B8%A2%E0%B8%A1/data=!4m7!3m6!1s0x30e29bd3e5ae0beb:0x23afc7ec2e768a79!8m2!3d13.8398215!4d100.4965379!16s%2Fg%2F11fl5dk68y!19sChIJ6wuu5dOb4jAReYp2LuzHryM?authuser=0&hl=en&rclk=1"
"0x30e29b3fed38fba1:0x7a89312babd9d273","The Orange Dental Clinic ท่าน้ำนนท์","Doctor","
RFVW+FXJ ถนน ประชาราษฎร์ Suan Yai, Mueang Nonthaburi District, Nonthaburi 11000, Thailand","","","","","","","4.8","69","","","","","https://www.google.com/maps/place/The+Orange+Dental+Clinic+%E0%B8%97%E0%B9%88%E0%B8%B2%E0%B8%99%E0%B9%89%E0%B8%B3%E0%B8%99%E0%B8%99%E0%B8%97%E0%B9%8C/data=!4m7!3m6!1s0x30e29b3fed38fba1:0x7a89312babd9d273!8m2!3d13.8437054!4d100.4973915!16s%2Fg%2F11f6njvztk!19sChIJofs47T-b4jARc9LZqysxiXo?authuser=0&hl=en&rclk=1"
"0x30e29a725958efff:0x2ba9d4c0c411d52e","Dentplease คลินิกทันตกรรมเด็นพลีส","Dental clinic","
82/8 Ratchaphruek Rd, Bang Khanun, Bang Kruai District, Nonthaburi 11130, Thailand","RF62+82 Maha Sawat, Bang Kruai District, Nonthaburi, Thailand","","","+66 99 062 6565","https://lin.ee/EjPhC8R","","4.9","157","","","Open","","https://www.google.com/maps/place/Dentplease+%E0%B8%84%E0%B8%A5%E0%B8%B4%E0%B8%99%E0%B8%B4%E0%B8%81%E0%B8%97%E0%B8%B1%E0%B8%99%E0%B8%95%E0%B8%81%E0%B8%A3%E0%B8%A3%E0%B8%A1%E0%B9%80%E0%B8%94%E0%B9%87%E0%B8%99%E0%B8%9E%E0%B8%A5%E0%B8%B5%E0%B8%AA/data=!4m7!3m6!1s0x30e29a725958efff:0x2ba9d4c0c411d52e!8m2!3d13.8108131!4d100.4500177!16s%2Fg%2F11c6lhq_8r!19sChIJ_-9YWXKa4jARLtURxMDUqSs?authuser=0&hl=en&rclk=1"
"0x30e2995e56d381f3:0xfb6312525787e4d9","Dental Loft Clinic (สาขารถไฟฟ้าบางหว้า)","Dental clinic","
338 Phetkasem Sai Kao Rd, Pak Khlong Phasi Charoen, Phasi Charoen, Bangkok 10160, Thailand","PFC4+4P Bangkok, Thailand","","","+66 80 219 9890","","","5.0","342","","","Open","","https://www.google.com/maps/place/Dental+Loft+Clinic+%28%E0%B8%AA%E0%B8%B2%E0%B8%82%E0%B8%B2%E0%B8%A3%E0%B8%96%E0%B9%84%E0%B8%9F%E0%B8%9F%E0%B9%89%E0%B8%B2%E0%B8%9A%E0%B8%B2%E0%B8%87%E0%B8%AB%E0%B8%A7%E0%B9%89%E0%B8%B2%29/data=!4m7!3m6!1s0x30e2995e56d381f3:0xfb6312525787e4d9!8m2!3d13.7203739!4d100.4567615!16s%2Fg%2F11hdt694rz!19sChIJ84HTVl6Z4jAR2eSHV1ISY_s?authuser=0&hl=en&rclk=1"
"0x30e29782154a212d:0xb81555a46c41dbd2","Smileicon บางแวก","Dental clinic","
37/49 Bang Waek Rd, Bang Waek, Phasi Charoen, Bangkok 10160, Thailand","PCQM+23 Bangkok, Thailand","","","+66 83 919 6245","https://www.facebook.com/smileiconb","","4.8","18","","","Open","","https://www.google.com/maps/place/Smileicon+%E0%B8%9A%E0%B8%B2%E0%B8%87%E0%B9%81%E0%B8%A7%E0%B8%81/data=!4m7!3m6!1s0x30e29782154a212d:0xb81555a46c41dbd2!8m2!3d13.7375225!4d100.4326727!16s%2Fg%2F11h2n7fyhm!19sChIJLSFKFYKX4jAR0ttBbKRVFbg?authuser=0&hl=en&rclk=1"
"0x30e2bd52a6503d2f:0x81b114de87647fc","Best dental clinic","Dental clinic","
200 อาคารวีรวัลย์ ถนนเอกชัย บางบอน Bangkok 10150, Thailand","MCJQ+JG Bangkok, Thailand","","","+66 63 859 5459","http://www.facebook.com/bestdentclinic","","4.9","62","","","Open","","https://www.google.com/maps/place/Best+dental+clinic/data=!4m7!3m6!1s0x30e2bd52a6503d2f:0x81b114de87647fc!8m2!3d13.6816133!4d100.438798!16s%2Fg%2F11b8d3cgxk!19sChIJLz1QplK94jAR_Ed26E0RGwg?authuser=0&hl=en&rclk=1"
"0x30e2977cafc85db9:0x96aeb55d748000a4","Trust dental clinic ซีคอนบางแค","Dental clinic","
607 Phet Kasem Rd, Bang Wa, Phasi Charoen, Bangkok 10160, Thailand","PC7M+2M Bangkok, Thailand","","","+66 62 678 9607","","","4.5","313","","","Open","","https://www.google.com/maps/place/Trust+dental+clinic+%E0%B8%8B%E0%B8%B5%E0%B8%84%E0%B8%AD%E0%B8%99%E0%B8%9A%E0%B8%B2%E0%B8%87%E0%B9%81%E0%B8%84/data=!4m7!3m6!1s0x30e2977cafc85db9:0x96aeb55d748000a4!8m2!3d13.7126134!4d100.4342343!16s%2Fg%2F11sybff4_y!19sChIJuV3Ir3yX4jARpACAdF21rpY?authuser=0&hl=en&rclk=1"
"0x30e29ff7efd816fb:0x6fc8a5bd8be3be10","Odontologia The Dentofacial Specialists","Dentist","
51 Ekkamai 12 Alley, Khwaeng Khlong Tan Nuea, Watthana, Bangkok 10110, Thailand","PHJR+3H Bangkok, Thailand","","","+66 62 339 3703","","","5.0","30","","","Open","","https://www.google.com/maps/place/Odontologia+The+Dentofacial+Specialists/data=!4m7!3m6!1s0x30e29ff7efd816fb:0x6fc8a5bd8be3be10!8m2!3d13.7302162!4d100.5914389!16s%2Fg%2F11yz1798pl!19sChIJ-xbY7_ef4jAREL7ji72lyG8?authuser=0&hl=en&rclk=1"
"0x30e29be9cf7a7f19:0x7f8dd0e5bc3a4466","Public Health Center 31 Amchit","Public Health Department","
252 Charan Sanit Wong Rd, Bang O, Bang Phlat, Bangkok 10700, Thailand","Plus Code: QGW5+G6 Bangkok, Thailand","","","+66 2 434 7303","http://www.bangkok.go.th/healthcenter31","","4.1","55","","","Open","","https://www.google.com/maps/place/Public+Health+Center+31+Amchit/data=!4m7!3m6!1s0x30e29be9cf7a7f19:0x7f8dd0e5bc3a4466!8m2!3d13.7963702!4d100.5080853!16s%2Fg%2F1hd_2chd8!19sChIJGX96z-mb4jARZkQ6vOXQjX8?authuser=0&hl=en&rclk=1"
"0x30e29f81891b5f77:0x8f5fd4128fa707b6","Benchakitti Park Hospital","Hospital","
184 Rama IV Rd, Khlong Toei, Bangkok 10110, Thailand","PHF3+RG Bangkok, Thailand","","","+66 2 656 4551","https://www.facebook.com/Benchakitti/","","3.9","44","Moderately priced","€€","Open","","https://www.google.com/maps/place/Benchakitti+Park+Hospital/data=!4m7!3m6!1s0x30e29f81891b5f77:0x8f5fd4128fa707b6!8m2!3d13.7245502!4d100.5538564!16s%2Fg%2F11ghnqfmk4!19sChIJd18biYGf4jARtgenjxLUX48?authuser=0&hl=en&rclk=1"
"0x30e29f2baa0d02a9:0x90cf32b172dfc46c","ไชยแพทย์คลีนิก-25 (Chaibhaet Clinic-25)","Medical clinic","
1038 1 Rama IV Rd, Thung Maha Mek, Sathon, Bangkok 10120, Thailand","PGFX+FR Bangkok, Thailand","","","+66 2 286 8748","","","3.8","48","","","Open","","https://www.google.com/maps/place/%E0%B9%84%E0%B8%8A%E0%B8%A2%E0%B9%81%E0%B8%9E%E0%B8%97%E0%B8%A2%E0%B9%8C%E0%B8%84%E0%B8%A5%E0%B8%B5%E0%B8%99%E0%B8%B4%E0%B8%81-25+%28Chaibhaet+Clinic-25%29/data=!4m7!3m6!1s0x30e29f2baa0d02a9:0x90cf32b172dfc46c!8m2!3d13.7237491!4d100.5495803!16s%2Fg%2F1hc8fbyls!19sChIJqQINqiuf4jARbMTfcrEyz5A?authuser=0&hl=en&rclk=1"
"0x311d61ec73bc01c3:0x1fb0433e75db6787","Dream teeth dental clinic","Dental clinic","
109 Rama IX Soi 41, Khwaeng Suan Luang, Khet Suan Luang, Bangkok 10250, Thailand","PJRC+M6 Bangkok, Thailand","","","+66 81 515 5394","https://www.facebook.com/share/1BsEy2tYWG/?mibextid=wwXIfr","","5.0","24","","","Open","","https://www.google.com/maps/place/Dream+teeth+dental+clinic/data=!4m7!3m6!1s0x311d61ec73bc01c3:0x1fb0433e75db6787!8m2!3d13.7416856!4d100.6205375!16s%2Fg%2F11ymjqf109!19sChIJwwG8c-xhHTERh2fbdT5DsB8?authuser=0&hl=en&rclk=1"
"0x30e2990002a1dd67:0xe327c24f593f2586","PML Dental Clinic","Dental clinic","
295 1st Floor, Rama III Rd, Khwaeng Bang Khlo, Khet Bang Kho Laem, Bangkok 10120, Thailand","MGR3+6Q Bangkok, Thailand","","","+66 89 314 0444","","","5.0","28","","","Open","","https://www.google.com/maps/place/PML+Dental+Clinic/data=!4m7!3m6!1s0x30e2990002a1dd67:0xe327c24f593f2586!8m2!3d13.6905602!4d100.5044258!16s%2Fg%2F11n3pykd_2!19sChIJZ92hAgCZ4jARhiU_WU_CJ-M?authuser=0&hl=en&rclk=1"
"0x30e29f0f29675cdd:0xb632a1f6bad32527","The Dental Company","Dental clinic","
4 Soi Phetchaburi 47, Khwaeng Bang Kapi, Khet Huai Khwang, Bangkok 10310, Thailand","PHWQ+H2 Bangkok, Thailand","","","+66 92 645 4888","https://www.facebook.com/profile.php?id=100089011013718","","5.0","33","","","Open","","https://www.google.com/maps/place/The+Dental+Company/data=!4m7!3m6!1s0x30e29f0f29675cdd:0xb632a1f6bad32527!8m2!3d13.7464797!4d100.5876223!16s%2Fg%2F11shq44zcj!19sChIJ3VxnKQ-f4jARJyXTuvahMrY?authuser=0&hl=en&rclk=1"
"0x30e29f068d9e2ba5:0xcea06b642226baac","Bangkok dentist s23 คลินิกทันตกรรมกรุงเทพ s23","Dentist","
21/5 Soi Sukhumvit 23, Khlong Toei Nuea, Watthana, Bangkok 10110, Thailand","PHQ7+C5 Bangkok, Thailand","","","+66 82 123 9265","","","3.8","8","","","Open","","https://www.google.com/maps/place/Bangkok+dentist+s23+%E0%B8%84%E0%B8%A5%E0%B8%B4%E0%B8%99%E0%B8%B4%E0%B8%81%E0%B8%97%E0%B8%B1%E0%B8%99%E0%B8%95%E0%B8%81%E0%B8%A3%E0%B8%A3%E0%B8%A1%E0%B8%81%E0%B8%A3%E0%B8%B8%E0%B8%87%E0%B9%80%E0%B8%97%E0%B8%9E+s23/data=!4m7!3m6!1s0x30e29f068d9e2ba5:0xcea06b642226baac!8m2!3d13.738556!4d100.5629465!16s%2Fg%2F11rpg52h1w!19sChIJpSuejQaf4jARrLomImRroM4?authuser=0&hl=en&rclk=1"
"0x30e29f027ff95dcb:0x3787d7f8189d2ebd","RSU Healthcare Co.,Ltd.","Medical clinic","
G,11,12/ RSU Tower, 571 Soi 31SUKUMVIT Rd.,, Klong Ton Nua Wattana Khlong Tan, Khlong Toei, Bangkok 10110, Thailand","PHM8+7G Bangkok, Thailand","","","+66 2 610 0300","https://rsuhealth.com/","","3.7","35","","","Open","","https://www.google.com/maps/place/RSU+Healthcare+Co.,Ltd./data=!4m7!3m6!1s0x30e29f027ff95dcb:0x3787d7f8189d2ebd!8m2!3d13.7331638!4d100.5663452!16s%2Fg%2F1tvrx4hy!19sChIJy135fwKf4jARvS6dGPjXhzc?authuser=0&hl=en&rclk=1"
"0x30e29934c2287ebf:0x454a117828fb5d67","Smile Cafe Dental clinic","Dental clinic","
ปาก, 27 Thanon Wutthakat, Talat Phlu, Thon Buri, Bangkok 10600, Thailand","PF6C+M8 Bangkok, Thailand","","","+66 82 145 1566","","","5.0","209","","","Open","","https://www.google.com/maps/place/Smile+Cafe+Dental+clinic/data=!4m7!3m6!1s0x30e29934c2287ebf:0x454a117828fb5d67!8m2!3d13.7116921!4d100.4708647!16s%2Fg%2F11j00n4gnx!19sChIJv34owjSZ4jARZ137KHgRSkU?authuser=0&hl=en&rclk=1"
"0x30e29f2c3ac8d56d:0x2d7faa2bdddb4bd2","Rama3 dental clinic คลินิกทันตกรรมพระราม3","Dental clinic","
1059, 6 Rama III Rd, Chong Nonsi, Yan Nawa, Bangkok 10120, Thailand","MGRW+FW Bangkok, Thailand","","","+66 99 492 4247","https://xn--12cah0a7cldkcw9dxaact5d9d7bk4a1abq8g.com/rama-3/","","4.5","17","","","Open","","https://www.google.com/maps/place/Rama3+dental+clinic+%E0%B8%84%E0%B8%A5%E0%B8%B4%E0%B8%99%E0%B8%B4%E0%B8%81%E0%B8%97%E0%B8%B1%E0%B8%99%E0%B8%95%E0%B8%81%E0%B8%A3%E0%B8%A3%E0%B8%A1%E0%B8%9E%E0%B8%A3%E0%B8%B0%E0%B8%A3%E0%B8%B2%E0%B8%A13/data=!4m7!3m6!1s0x30e29f2c3ac8d56d:0x2d7faa2bdddb4bd2!8m2!3d13.6911814!4d100.547267!16s%2Fg%2F11q_49vs4l!19sChIJbdXIOiyf4jAR0kvb3Suqfy0?authuser=0&hl=en&rclk=1"
"0x30e29e55aa2480ef:0x2b07c0a2084d2630","บริษัท ฟูกุโมริ ทันตกรรม คลินิก จำกัด（Fukumori Dental Clinic）","Dentist","
189 Soi Phrom Si 1, Khlong Tan Nuea, Watthana, Bangkok 10110, Thailand","PHPF+HR Bangkok, Thailand","","","+66 2 260 0618","https://fmdental39.com/","","3.4","17","","","","","https://www.google.com/maps/place/%E0%B8%9A%E0%B8%A3%E0%B8%B4%E0%B8%A9%E0%B8%B1%E0%B8%97+%E0%B8%9F%E0%B8%B9%E0%B8%81%E0%B8%B8%E0%B9%82%E0%B8%A1%E0%B8%A3%E0%B8%B4+%E0%B8%97%E0%B8%B1%E0%B8%99%E0%B8%95%E0%B8%81%E0%B8%A3%E0%B8%A3%E0%B8%A1+%E0%B8%84%E0%B8%A5%E0%B8%B4%E0%B8%99%E0%B8%B4%E0%B8%81+%E0%B8%88%E0%B8%B3%E0%B8%81%E0%B8%B1%E0%B8%94%EF%BC%88Fukumori+Dental+Clinic%EF%BC%89/data=!4m7!3m6!1s0x30e29e55aa2480ef:0x2b07c0a2084d2630!8m2!3d13.7363895!4d100.5745545!16s%2Fg%2F1th6h4t3!19sChIJ74AkqlWe4jARMCZNCKLABys?authuser=0&hl=en&rclk=1"
"0x30e29f021845bc29:0x32f79a0d287b39cc","富士JDC歯科医院 プロンポン駅前店","Dentist","
B.N.Bidg, 4th Fl, Soi Sukhumvit 33/1, Khlong Tan Nuea, Watthana, Bangkok 10110, Thailand","PHJ9+M8 Bangkok, Thailand","","","+66 2 662 3532","http://fujijdc.com/","","4.4","71","","","Open","","https://www.google.com/maps/place/%E5%AF%8C%E5%A3%ABJDC%E6%AD%AF%E7%A7%91%E5%8C%BB%E9%99%A2+%E3%83%97%E3%83%AD%E3%83%B3%E3%83%9D%E3%83%B3%E9%A7%85%E5%89%8D%E5%BA%97/data=!4m7!3m6!1s0x30e29f021845bc29:0x32f79a0d287b39cc!8m2!3d13.7317412!4d100.5682552!16s%2Fg%2F1pzvrgrcz!19sChIJKbxFGAKf4jARzDl7KA2a9zI?authuser=0&hl=en&rclk=1"
"0x30e29f9557349273:0xac81c1187e831932","Dr. Allen Consulting & Advisory Group","Business development service","
689 Sukhumvit soi 35 30th Floor Bhiraj Tower Bangkok Khlong Toei, Bangkok 10110, Thailand","PHJ9+PG Bangkok, Thailand","","","+66 65 782 6542","http://www.drallennazeri.com/","","5.0","12","","","Open","","https://www.google.com/maps/place/Dr.+Allen+Consulting+%26+Advisory+Group/data=!4m7!3m6!1s0x30e29f9557349273:0xac81c1187e831932!8m2!3d13.7318177!4d100.5688426!16s%2Fg%2F11h_k7snt_!19sChIJc5I0V5Wf4jARMhmDfhjBgaw?authuser=0&hl=en&rclk=1"
"0x30e29f005cb1ff4d:0x1eef80b9e1bf9bbf","Chew Dental Clinic คลินิกทันตกรรมชิว","Dental clinic","
A215 ชั้น2, เดอะ ซีน ทาวน์อินทาวน์, Srivara Rd, Khwaeng Phlabphla, Khet Wang Thonglang, Krung Thep Maha Nakhon 10310, Thailand","QJF6+62 Bangkok, Thailand","","","+66 92 405 9645","http://www.facebook.com/chewdentaltnt/","","4.8","68","","","Open","","https://www.google.com/maps/place/Chew+Dental+Clinic+%E0%B8%84%E0%B8%A5%E0%B8%B4%E0%B8%99%E0%B8%B4%E0%B8%81%E0%B8%97%E0%B8%B1%E0%B8%99%E0%B8%95%E0%B8%81%E0%B8%A3%E0%B8%A3%E0%B8%A1%E0%B8%8A%E0%B8%B4%E0%B8%A7/data=!4m7!3m6!1s0x30e29f005cb1ff4d:0x1eef80b9e1bf9bbf!8m2!3d13.7730142!4d100.6100418!16s%2Fg%2F11w1wfhsk0!19sChIJTf-xXACf4jARv5u_4bmA7x4?authuser=0&hl=en&rclk=1"
"0x30e29c352bbeb27b:0x9474c6e9a6d4e87","Dr. Pisut Dental Clinic","Dental clinic","
257, 22-23 Ratchadaphisek Rd, Ratchadaphisek, Din Daeng, Bangkok 10400, Thailand","QHXF+CP Bangkok, Thailand","","","+66 2 693 9066","http://www.drpisutdental.com/","","4.9","40","","","Open","","https://www.google.com/maps/place/Dr.+Pisut+Dental+Clinic/data=!4m7!3m6!1s0x30e29c352bbeb27b:0x9474c6e9a6d4e87!8m2!3d13.7985378!4d100.5742741!16s%2Fg%2F11bwp2dy11!19sChIJe7K-KzWc4jARh05tmm5MRwk?authuser=0&hl=en&rclk=1"
"0x30e2994ee56332f3:0x85144cefc3e32ae5","Tooth & go dental clinic (คลินิกทันตกรรมทูธแอนด์โก)","Medical clinic","
Charan Sanit Wong Rd, Khwaeng Bang Khun Si, Khet Bangkok Noi, Bangkok 10700, Thailand","QF59+MR Bangkok, Thailand","","","+66 65 517 7588","https://toothandgodental.com/","","4.9","305","","","Open","","https://www.google.com/maps/place/Tooth+%26+go+dental+clinic+%28%E0%B8%84%E0%B8%A5%E0%B8%B4%E0%B8%99%E0%B8%B4%E0%B8%81%E0%B8%97%E0%B8%B1%E0%B8%99%E0%B8%95%E0%B8%81%E0%B8%A3%E0%B8%A3%E0%B8%A1%E0%B8%97%E0%B8%B9%E0%B8%98%E0%B9%81%E0%B8%AD%E0%B8%99%E0%B8%94%E0%B9%8C%E0%B9%82%E0%B8%81%29/data=!4m7!3m6!1s0x30e2994ee56332f3:0x85144cefc3e32ae5!8m2!3d13.759134!4d100.469579!16s%2Fg%2F11s8j35fnk!19sChIJ8zJj5U6Z4jAR5Srjw-9MFIU?authuser=0&hl=en&rclk=1"
"0x30e2994ad04f5897:0x9b5efe99070727f5","คลินิกทันตกรรมเชอรับ Cherub Dental Clinic","Dental clinic","
ไอดีโอ จรัญ อินเตอร์เชนจ์ 531/4 ชั้น 1 คอนโด Charan Sanit Wong Rd, Bang Khun Si, Bangkok Noi, Bangkok 10700, Thailand","QF6C+XQ Bangkok, Thailand","","","+66 64 964 5054","https://www.facebook.com/profile.php?id=100083305628736","","5.0","316","","","Open","","https://www.google.com/maps/place/%E0%B8%84%E0%B8%A5%E0%B8%B4%E0%B8%99%E0%B8%B4%E0%B8%81%E0%B8%97%E0%B8%B1%E0%B8%99%E0%B8%95%E0%B8%81%E0%B8%A3%E0%B8%A3%E0%B8%A1%E0%B9%80%E0%B8%8A%E0%B8%AD%E0%B8%A3%E0%B8%B1%E0%B8%9A+Cherub+Dental+Clinic/data=!4m7!3m6!1s0x30e2994ad04f5897:0x9b5efe99070727f5!8m2!3d13.7623838!4d100.471989!16s%2Fg%2F11q9m2qy5v!19sChIJl1hP0EqZ4jAR9ScHB5n-Xps?authuser=0&hl=en&rclk=1"
"0x30e29f912d54ed85:0x1e86066451694962","Vet 4 Animal Hospital (Sukumvit)","Animal hospital","
Soi Sukhumvit 33, Khlong Tan Nuea, Watthana, Bangkok 10110, Thailand","PHP9+X2 Bangkok, Thailand","","","+66 2 119 4571","http://vet4hospital.com/","","4.9","1358","","","Open","","https://www.google.com/maps/place/Vet+4+Animal+Hospital+%28Sukumvit%29/data=!4m7!3m6!1s0x30e29f912d54ed85:0x1e86066451694962!8m2!3d13.7373905!4d100.567594!16s%2Fg%2F11qr2mw3lj!19sChIJhe1ULZGf4jARYklpUWQGhh4?authuser=0&hl=en&rclk=1"
"0x30e299276bcced59:0xd8b943ddc172f556","SRISUK DENTAL CARE ปิ่นเกล้า MRT บางยี่ขัน จัดฟัน ฟันปลอม ผ่าฟันคุด รากเทียม","Dental clinic","
คลินิกทำฟันติดตลาดอินดี้ปิ่นเกล้า 223 Charan Sanit Wong Rd, Bang Bumru, Bang Phlat, Bangkok 10700, Thailand","QFGM+VX Bangkok, Thailand","","","+66 92 191 3777","http://www.srisukdental.com/","","5.0","130","","","Open","","https://www.google.com/maps/place/SRISUK+DENTAL+CARE+%E0%B8%9B%E0%B8%B4%E0%B9%88%E0%B8%99%E0%B9%80%E0%B8%81%E0%B8%A5%E0%B9%89%E0%B8%B2+MRT+%E0%B8%9A%E0%B8%B2%E0%B8%87%E0%B8%A2%E0%B8%B5%E0%B9%88%E0%B8%82%E0%B8%B1%E0%B8%99+%E0%B8%88%E0%B8%B1%E0%B8%94%E0%B8%9F%E0%B8%B1%E0%B8%99+%E0%B8%9F%E0%B8%B1%E0%B8%99%E0%B8%9B%E0%B8%A5%E0%B8%AD%E0%B8%A1+%E0%B8%9C%E0%B9%88%E0%B8%B2%E0%B8%9F%E0%B8%B1%E0%B8%99%E0%B8%84%E0%B8%B8%E0%B8%94+%E0%B8%A3%E0%B8%B2%E0%B8%81%E0%B9%80%E0%B8%97%E0%B8%B5%E0%B8%A2%E0%B8%A1/data=!4m7!3m6!1s0x30e299276bcced59:0xd8b943ddc172f556!8m2!3d13.7772497!4d100.4849902!16s%2Fg%2F11sv6w6mwq!19sChIJWe3MayeZ4jARVvVywd1Dudg?authuser=0&hl=en&rclk=1"
"0x30e2991c70aadca7:0x8b3d16f6e7ba1da9","ทันตกรรมตรงข้ามพาต้า","Dental clinic","
632 135 Borommaratchachonnani Rd, Arun Amarin, Bangkok Noi, Bangkok 10700, Thailand","QFCM+G7 Bangkok, Thailand","","","+66 96 379 4810","https://www.facebook.com/Dental666","","5.0","359","","","Open","","https://www.google.com/maps/place/%E0%B8%97%E0%B8%B1%E0%B8%99%E0%B8%95%E0%B8%81%E0%B8%A3%E0%B8%A3%E0%B8%A1%E0%B8%95%E0%B8%A3%E0%B8%87%E0%B8%82%E0%B9%89%E0%B8%B2%E0%B8%A1%E0%B8%9E%E0%B8%B2%E0%B8%95%E0%B9%89%E0%B8%B2/data=!4m7!3m6!1s0x30e2991c70aadca7:0x8b3d16f6e7ba1da9!8m2!3d13.7712614!4d100.4832326!16s%2Fg%2F11gj19p8t7!19sChIJp9yqcByZ4jARqR265_YWPYs?authuser=0&hl=en&rclk=1"
"0x30e29c179fbd2907:0x58a4dc3db39d514d","Phyathai Phaholyothin Hospital","Private hospital","
670/1 Phahonyothin Rd, Samsen Nai, Phaya Thai, Bangkok 10400, Thailand","QGRX+RR Bangkok, Thailand","","","+66 2 271 7000","https://www.phyathai.com/th/pytp","","4.3","1978","Moderately priced","$$","Open","","https://www.google.com/maps/place/Phyathai+Phaholyothin+Hospital/data=!4m7!3m6!1s0x30e29c179fbd2907:0x58a4dc3db39d514d!8m2!3d13.7920849!4d100.5495319!16s%2Fg%2F11fk1bgy8h!19sChIJBym9nxec4jARTVGdsz3cpFg?authuser=0&hl=en&rclk=1"
"0x30e29d503dd6c947:0x64530a4542f7717","Melodent dental design","Dental clinic","
Thanon Krungthep-Nonthaburi, Bangsue, Bang Sue, Bangkok 10800, Thailand","RG4J+V8 Bangkok, Thailand","","","+66 61 649 3556","https://linktr.ee/melodentdentaldesign?fbclid=PAZXh0bgNhZW0CMTEAAaY13X2t6dVxVG30I0JN2gNBO9VMGAv1zdQEJq74_z8r7X_b6oQ6Y6dHN0A_aem_AXzCHTl9laM_WjWvKbA_kkkgprZJA2XcHQolkGE663w07I8GU0O-byryHqb5h5GdNvSXE4g7MynEe-n9uaKwFwp4","","4.9","299","","","Open","","https://www.google.com/maps/place/Melodent+dental+design/data=!4m7!3m6!1s0x30e29d503dd6c947:0x64530a4542f7717!8m2!3d13.8072181!4d100.530766!16s%2Fg%2F11vwyhqfq4!19sChIJR8nWPVCd4jARF3cvVKQwRQY?authuser=0&hl=en&rclk=1"
"0x30e2a1dc4fd3315b:0x9316cfee3667b798","Urban dental Clinic คลินิกทันตกรรมเออร์เบิน รากเทียมโดยหมอเฉพาะทางจากจุฬา มหิดลและอาจารย์ทันตแพทย์ จัดฟัน พระราม3 กรุงเทพ","Dental implants provider","
223 Rama III Rd, Khwaeng Bang Khlo, บางคอแหลม Bangkok 10120, Thailand","MGR3+G6 Bangkok, Thailand","","","+66 99 539 5549","","","5.0","47","","","Open","","https://www.google.com/maps/place/Urban+dental+Clinic+%E0%B8%84%E0%B8%A5%E0%B8%B4%E0%B8%99%E0%B8%B4%E0%B8%81%E0%B8%97%E0%B8%B1%E0%B8%99%E0%B8%95%E0%B8%81%E0%B8%A3%E0%B8%A3%E0%B8%A1%E0%B9%80%E0%B8%AD%E0%B8%AD%E0%B8%A3%E0%B9%8C%E0%B9%80%E0%B8%9A%E0%B8%B4%E0%B8%99+%E0%B8%A3%E0%B8%B2%E0%B8%81%E0%B9%80%E0%B8%97%E0%B8%B5%E0%B8%A2%E0%B8%A1%E0%B9%82%E0%B8%94%E0%B8%A2%E0%B8%AB%E0%B8%A1%E0%B8%AD%E0%B9%80%E0%B8%89%E0%B8%9E%E0%B8%B2%E0%B8%B0%E0%B8%97%E0%B8%B2%E0%B8%87%E0%B8%88%E0%B8%B2%E0%B8%81%E0%B8%88%E0%B8%B8%E0%B8%AC%E0%B8%B2+%E0%B8%A1%E0%B8%AB%E0%B8%B4%E0%B8%94%E0%B8%A5%E0%B9%81%E0%B8%A5%E0%B8%B0%E0%B8%AD%E0%B8%B2%E0%B8%88%E0%B8%B2%E0%B8%A3%E0%B8%A2%E0%B9%8C%E0%B8%97%E0%B8%B1%E0%B8%99%E0%B8%95%E0%B9%81%E0%B8%9E%E0%B8%97%E0%B8%A2%E0%B9%8C+%E0%B8%88%E0%B8%B1%E0%B8%94%E0%B8%9F%E0%B8%B1%E0%B8%99+%E0%B8%9E%E0%B8%A3%E0%B8%B0%E0%B8%A3%E0%B8%B2%E0%B8%A13+%E0%B8%81%E0%B8%A3%E0%B8%B8%E0%B8%87%E0%B9%80%E0%B8%97%E0%B8%9E/data=!4m7!3m6!1s0x30e2a1dc4fd3315b:0x9316cfee3667b798!8m2!3d13.6912514!4d100.5031024!16s%2Fg%2F11yn_l_5p_!19sChIJWzHTT9yh4jARmLdnNu7PFpM?authuser=0&hl=en&rclk=1"
"0x30e29961ce65a5c9:0x15bcd269acd68ae","จิติพันธ์ ทันตแพทย์ คลินิก (สาขา กทม. - ย้ายแล้ว)","Dental clinic","
382 Charoen Nakhon Rd, Khlong Ton Sai, Khlong San, Bangkok 10600, Thailand","PGC5+PG Bangkok, Thailand","","","+66 82 852 5467","https://line.me/ti/p/_nwM8MoDpY","","5.0","6","","","Open","","https://www.google.com/maps/place/%E0%B8%88%E0%B8%B4%E0%B8%95%E0%B8%B4%E0%B8%9E%E0%B8%B1%E0%B8%99%E0%B8%98%E0%B9%8C+%E0%B8%97%E0%B8%B1%E0%B8%99%E0%B8%95%E0%B9%81%E0%B8%9E%E0%B8%97%E0%B8%A2%E0%B9%8C+%E0%B8%84%E0%B8%A5%E0%B8%B4%E0%B8%99%E0%B8%B4%E0%B8%81+%28%E0%B8%AA%E0%B8%B2%E0%B8%82%E0%B8%B2+%E0%B8%81%E0%B8%97%E0%B8%A1.+-+%E0%B8%A2%E0%B9%89%E0%B8%B2%E0%B8%A2%E0%B9%81%E0%B8%A5%E0%B9%89%E0%B8%A7%29/data=!4m7!3m6!1s0x30e29961ce65a5c9:0x15bcd269acd68ae!8m2!3d13.7218744!4d100.5087761!16s%2Fg%2F11sc3_z4pz!19sChIJyaVlzmGZ4jARrmjNmibNWwE?authuser=0&hl=en&rclk=1"
"0x30e29f74f476402f:0x735daeaed111864b","คลินิคทันตกรรมสุนทรโกษา","Dental clinic","
15 Sunthonkosa Rd, Khwaeng Khlong Toei, Khlong Toei, Bangkok 10110, Thailand","PH95+W4 Bangkok, Thailand","","","+66 86 305 8250","http://www.facebook.com/suntornkosadental","","3.6","14","","","Open","","https://www.google.com/maps/place/%E0%B8%84%E0%B8%A5%E0%B8%B4%E0%B8%99%E0%B8%B4%E0%B8%84%E0%B8%97%E0%B8%B1%E0%B8%99%E0%B8%95%E0%B8%81%E0%B8%A3%E0%B8%A3%E0%B8%A1%E0%B8%AA%E0%B8%B8%E0%B8%99%E0%B8%97%E0%B8%A3%E0%B9%82%E0%B8%81%E0%B8%A9%E0%B8%B2/data=!4m7!3m6!1s0x30e29f74f476402f:0x735daeaed111864b!8m2!3d13.7198648!4d100.5578524!16s%2Fg%2F11jgt5sl3p!19sChIJL0B29HSf4jARS4YR0a6uXXM?authuser=0&hl=en&rclk=1"
"0x30e29ff6efd84e3b:0x5d4a65a39e7ebc85","Phrakhanong Skytrain Dental Clinic","Dental clinic","
1603 1605 Sukhumvit Rd, พระโขนงเหนือ Watthana, Bangkok 10110, Thailand","PH7V+G9 Bangkok, Thailand","","","+66 92 919 6393","http://phrakhanongskytraindental.com/","","4.9","995","","","Open","","https://www.google.com/maps/place/Phrakhanong+Skytrain+Dental+Clinic/data=!4m7!3m6!1s0x30e29ff6efd84e3b:0x5d4a65a39e7ebc85!8m2!3d13.7137934!4d100.5934368!16s%2Fg%2F11h4lczkxb!19sChIJO07Y7_af4jARhbx-nqNlSl0?authuser=0&hl=en&rclk=1"
"0x30e29babd8a5b4f7:0xa0a61a74c644eb25","คลินิกทันตกรรมForte Plus+","Dental clinic","
290 292 Ratchawithi Rd, Bang Yi Khan, Bang Phlat, Bangkok 10700, Thailand","QFMX+2F Bangkok, Thailand","","","+66 86 344 1341","http://www.forteplusclinic.com/","","4.8","25","","","Open","","https://www.google.com/maps/place/%E0%B8%84%E0%B8%A5%E0%B8%B4%E0%B8%99%E0%B8%B4%E0%B8%81%E0%B8%97%E0%B8%B1%E0%B8%99%E0%B8%95%E0%B8%81%E0%B8%A3%E0%B8%A3%E0%B8%A1Forte+Plus%2B/data=!4m7!3m6!1s0x30e29babd8a5b4f7:0xa0a61a74c644eb25!8m2!3d13.7825299!4d100.4986542!16s%2Fg%2F11f6cscv3q!19sChIJ97Sl2Kub4jARJetExnQapqA?authuser=0&hl=en&rclk=1"
"0x30e29fbbf1dac89d:0x1c6e36d3156af4fb","Saowaluck Dental Clinic","Dental clinic","
950 ปาก Sukhumvit 42, Phra Khanong, Khlong Toei, Bangkok 10110, Thailand","PH9M+WR Bangkok, Thailand","","","+66 81 666 4196","https://www.facebook.com/dentsaowaluck/","","4.8","14","","","Open","","https://www.google.com/maps/place/Saowaluck+Dental+Clinic/data=!4m7!3m6!1s0x30e29fbbf1dac89d:0x1c6e36d3156af4fb!8m2!3d13.7197729!4d100.5845093!16s%2Fg%2F1hc32tsrs!19sChIJncja8buf4jAR-_RqFdM2bhw?authuser=0&hl=en&rclk=1"
"0x30e29e81fcff16df:0xfcf6b1addb5f9b7e","พัฒนา​ทำฟัน​ รับทำฟันปลอมแบบถอดล้างทุกชนิด​ รับซ่อมฟันปลอม","Cosmetic dentist","
Pracha Songkhro 34 Alley, Ratchadaphisek, Din Daeng, Bangkok 10400, Thailand","QHH9+9R Bangkok, Thailand","","","+66 89 921 3612","","","4.0","9","","","Open","","https://www.google.com/maps/place/%E0%B8%9E%E0%B8%B1%E0%B8%92%E0%B8%99%E0%B8%B2%E2%80%8B%E0%B8%97%E0%B8%B3%E0%B8%9F%E0%B8%B1%E0%B8%99%E2%80%8B+%E0%B8%A3%E0%B8%B1%E0%B8%9A%E0%B8%97%E0%B8%B3%E0%B8%9F%E0%B8%B1%E0%B8%99%E0%B8%9B%E0%B8%A5%E0%B8%AD%E0%B8%A1%E0%B9%81%E0%B8%9A%E0%B8%9A%E0%B8%96%E0%B8%AD%E0%B8%94%E0%B8%A5%E0%B9%89%E0%B8%B2%E0%B8%87%E0%B8%97%E0%B8%B8%E0%B8%81%E0%B8%8A%E0%B8%99%E0%B8%B4%E0%B8%94%E2%80%8B+%E0%B8%A3%E0%B8%B1%E0%B8%9A%E0%B8%8B%E0%B9%88%E0%B8%AD%E0%B8%A1%E0%B8%9F%E0%B8%B1%E0%B8%99%E0%B8%9B%E0%B8%A5%E0%B8%AD%E0%B8%A1/data=!4m7!3m6!1s0x30e29e81fcff16df:0xfcf6b1addb5f9b7e!8m2!3d13.7784469!4d100.5695355!16s%2Fg%2F1pt_15rwt!19sChIJ3xb__IGe4jARfptf262x9vw?authuser=0&hl=en&rclk=1"
"0x30e299e71e58439f:0xf693accc2b69b0d0","Papaya Dental Clinic ทำฟัน จัดฟัน ตรงข้าม Lucky Suki แม็คโคร จรัญสนิทวงศ์","Dental clinic","
256, 28-29 Charan Sanit Wong Rd, Khwaeng Ban Chang Lo, Khet Bangkok Noi, Bangkok 10700, Thailand","QF5C+V5 Bangkok, Thailand","","","+66 64 719 5152","","","5.0","254","","","Open","","https://www.google.com/maps/place/Papaya+Dental+Clinic+%E0%B8%97%E0%B8%B3%E0%B8%9F%E0%B8%B1%E0%B8%99+%E0%B8%88%E0%B8%B1%E0%B8%94%E0%B8%9F%E0%B8%B1%E0%B8%99+%E0%B8%95%E0%B8%A3%E0%B8%87%E0%B8%82%E0%B9%89%E0%B8%B2%E0%B8%A1+Lucky+Suki+%E0%B9%81%E0%B8%A1%E0%B9%87%E0%B8%84%E0%B9%82%E0%B8%84%E0%B8%A3+%E0%B8%88%E0%B8%A3%E0%B8%B1%E0%B8%8D%E0%B8%AA%E0%B8%99%E0%B8%B4%E0%B8%97%E0%B8%A7%E0%B8%87%E0%B8%A8%E0%B9%8C/data=!4m7!3m6!1s0x30e299e71e58439f:0xf693accc2b69b0d0!8m2!3d13.7596648!4d100.4704586!16s%2Fg%2F11xs8twtp4!19sChIJn0NYHueZ4jAR0LBpK8ysk_Y?authuser=0&hl=en&rclk=1"
"0x30e29d199a03811d:0xf3fd4c0119c8bc79","Smiley Hours Dental Studio (คลินิกทันตกรรมสไมลีอาวส์) โดยลาดพร้าว48การแพทย์","Dental clinic","
681/1-2, คลินิกทันตกรรมสไมลีอาวส์ (Smiley hours dental studio, Soi Lat Phrao 48, Samsen Nok, Huai Khwang, Bangkok 10310, Thailand","QHWP+42 Bangkok, Thailand","","","+66 92 478 3614","http://www.smileyhours.com/","","5.0","319","","","Open","","https://www.google.com/maps/place/Smiley+Hours+Dental+Studio+%28%E0%B8%84%E0%B8%A5%E0%B8%B4%E0%B8%99%E0%B8%B4%E0%B8%81%E0%B8%97%E0%B8%B1%E0%B8%99%E0%B8%95%E0%B8%81%E0%B8%A3%E0%B8%A3%E0%B8%A1%E0%B8%AA%E0%B9%84%E0%B8%A1%E0%B8%A5%E0%B8%B5%E0%B8%AD%E0%B8%B2%E0%B8%A7%E0%B8%AA%E0%B9%8C%29+%E0%B9%82%E0%B8%94%E0%B8%A2%E0%B8%A5%E0%B8%B2%E0%B8%94%E0%B8%9E%E0%B8%A3%E0%B9%89%E0%B8%B2%E0%B8%A748%E0%B8%81%E0%B8%B2%E0%B8%A3%E0%B9%81%E0%B8%9E%E0%B8%97%E0%B8%A2%E0%B9%8C/data=!4m7!3m6!1s0x30e29d199a03811d:0xf3fd4c0119c8bc79!8m2!3d13.7953096!4d100.5851208!16s%2Fg%2F11syrl6w1p!19sChIJHYEDmhmd4jARebzIGQFM_fM?authuser=0&hl=en&rclk=1"
"0x30e29d39e4e42b75:0xc602237e4d8d1dbd","C you dental clinic","Dental clinic","
437 Chok Chai 4 Rd, Khwaeng Lat Phrao, Khet Lat Phrao, Bangkok 10230, Thailand","RH8W+3F Bangkok, Thailand","","","+66 96 224 5661","https://www.facebook.com/cyou.dental","","4.9","88","","","Open","","https://www.google.com/maps/place/C+you+dental+clinic/data=!4m7!3m6!1s0x30e29d39e4e42b75:0xc602237e4d8d1dbd!8m2!3d13.8152483!4d100.5961911!16s%2Fg%2F11kh_f1xqc!19sChIJdSvk5Dmd4jARvR2NTX4jAsY?authuser=0&hl=en&rclk=1"
"0x30e299863607ed89:0xb262ad4e02c74ff3","Dentajoy Pinklao (เดนต้าจอย สาขาปิ่นเกล้า) จัดฟันใส Invisalign จัดฟัน Brava วีเนียร์ รากเทียม","Dental clinic","
ชั้น G ห้อง A, ห้างสรรพสินค้า เดอะเซ้นส์ ปิ่นเกล้า, 111 71/50 Borommaratchachonnani Rd, Khwaeng Arun Amarin, Bangkok Noi, Bangkok 10700, Thailand","QFHF+MV Bangkok, Thailand","","","+66 95 753 7555","http://www.dentajoy.com/","","5.0","266","","","Open","","https://www.google.com/maps/place/Dentajoy+Pinklao+%28%E0%B9%80%E0%B8%94%E0%B8%99%E0%B8%95%E0%B9%89%E0%B8%B2%E0%B8%88%E0%B8%AD%E0%B8%A2+%E0%B8%AA%E0%B8%B2%E0%B8%82%E0%B8%B2%E0%B8%9B%E0%B8%B4%E0%B9%88%E0%B8%99%E0%B9%80%E0%B8%81%E0%B8%A5%E0%B9%89%E0%B8%B2%29+%E0%B8%88%E0%B8%B1%E0%B8%94%E0%B8%9F%E0%B8%B1%E0%B8%99%E0%B9%83%E0%B8%AA+Invisalign+%E0%B8%88%E0%B8%B1%E0%B8%94%E0%B8%9F%E0%B8%B1%E0%B8%99+Brava+%E0%B8%A7%E0%B8%B5%E0%B9%80%E0%B8%99%E0%B8%B5%E0%B8%A2%E0%B8%A3%E0%B9%8C+%E0%B8%A3%E0%B8%B2%E0%B8%81%E0%B9%80%E0%B8%97%E0%B8%B5%E0%B8%A2%E0%B8%A1/data=!4m7!3m6!1s0x30e299863607ed89:0xb262ad4e02c74ff3!8m2!3d13.7792006!4d100.4746837!16s%2Fg%2F11cjkq4v18!19sChIJie0HNoaZ4jAR80_HAk6tYrI?authuser=0&hl=en&rclk=1"
"0x30e29b007a1b7c57:0x2c4619eee86730d4","World of Smiles Dental clinic 2","Dental clinic","
900 4 Borommaratchachonnani Rd, Bang Bumru, Bang Phlat, Bangkok 10700, Thailand","QFPC+4J Bangkok, Thailand","","","+66 98 616 9639","https://m.facebook.com/worldofsmiles2pinklao/","","5.0","126","","","Open","","https://www.google.com/maps/place/World+of+Smiles+Dental+clinic+2/data=!4m7!3m6!1s0x30e29b007a1b7c57:0x2c4619eee86730d4!8m2!3d13.7853316!4d100.4715619!16s%2Fg%2F11ynvc62dp!19sChIJV3wbegCb4jAR1DBn6O4ZRiw?authuser=0&hl=en&rclk=1"
"0x30e29f03dd1994bb:0x6f14aacfeb50cf","APEX Beauty - EMQUARTIER (เอเพ็กซ์ สาขา เอ็มควอเทียร์ ชั้น 4)","Skin care clinic","
Floor 4, Building, A, EmQuartier, 695 Sukhumvit Rd, Khlong Tan Nuea, Khlong Toei, Bangkok 10110, Thailand","PHJ9+HV Bangkok, Thailand","","","+66 85 700 0032","https://www.apexmedicalcenter.co.th/branch/apex-clinic-emquartier/","","4.9","1118","","","Open","","https://www.google.com/maps/place/APEX+Beauty+-+EMQUARTIER+%28%E0%B9%80%E0%B8%AD%E0%B9%80%E0%B8%9E%E0%B9%87%E0%B8%81%E0%B8%8B%E0%B9%8C+%E0%B8%AA%E0%B8%B2%E0%B8%82%E0%B8%B2+%E0%B9%80%E0%B8%AD%E0%B9%87%E0%B8%A1%E0%B8%84%E0%B8%A7%E0%B8%AD%E0%B9%80%E0%B8%97%E0%B8%B5%E0%B8%A2%E0%B8%A3%E0%B9%8C+%E0%B8%8A%E0%B8%B1%E0%B9%89%E0%B8%99+4%29/data=!4m7!3m6!1s0x30e29f03dd1994bb:0x6f14aacfeb50cf!8m2!3d13.7314398!4d100.5697312!16s%2Fg%2F1pzwzqh6n!19sChIJu5QZ3QOf4jARz1Drz6oUbwA?authuser=0&hl=en&rclk=1"
"0x30e29f46baa12c39:0xe1a221ac6187cfcf","Smile Craft dental clinic อ่อนนุช17 - คลินิกทันตกรรมสมายล์คราฟ","Dental clinic","
321 ซ.อ่อนนุช17 เขตสวนหลวง, Suan Luang, สวนหลวง, Bangkok 10250, Thailand","PJG8+HG Bangkok, Thailand","","","+66 62 336 9190","https://www.facebook.com/profile.php?id=100086705404066&mibextid=ZbWKwL","","5.0","140","","","Open","","https://www.google.com/maps/place/Smile+Craft+dental+clinic+%E0%B8%AD%E0%B9%88%E0%B8%AD%E0%B8%99%E0%B8%99%E0%B8%B8%E0%B8%8A17+-+%E0%B8%84%E0%B8%A5%E0%B8%B4%E0%B8%99%E0%B8%B4%E0%B8%81%E0%B8%97%E0%B8%B1%E0%B8%99%E0%B8%95%E0%B8%81%E0%B8%A3%E0%B8%A3%E0%B8%A1%E0%B8%AA%E0%B8%A1%E0%B8%B2%E0%B8%A2%E0%B8%A5%E0%B9%8C%E0%B8%84%E0%B8%A3%E0%B8%B2%E0%B8%9F/data=!4m7!3m6!1s0x30e29f46baa12c39:0xe1a221ac6187cfcf!8m2!3d13.7264897!4d100.6163719!16s%2Fg%2F11s9779fqh!19sChIJOSyhukaf4jARz8-HYawhouE?authuser=0&hl=en&rclk=1"
"0x30e29d9a25897307:0xe3f3e935ab79a74e","Hollywood Smile สาขารัชดา","Dental clinic","
169/87-88 Ratchadaphisek Rd, Ratchadaphisek, Din Daeng, Bangkok 10400, Thailand","QHJF+C9 Bangkok, Thailand","","","+66 96 695 9991","https://www.hollywoodcnx.com/","","4.7","40","","","Open","","https://www.google.com/maps/place/Hollywood+Smile+%E0%B8%AA%E0%B8%B2%E0%B8%82%E0%B8%B2%E0%B8%A3%E0%B8%B1%E0%B8%8A%E0%B8%94%E0%B8%B2/data=!4m7!3m6!1s0x30e29d9a25897307:0xe3f3e935ab79a74e!8m2!3d13.7810972!4d100.5733802!16s%2Fg%2F11w2myvkn6!19sChIJB3OJJZqd4jARTqd5qzXp8-M?authuser=0&hl=en&rclk=1"
"0x30e299bc91983e1f:0x3693128f0884db4d","On Tree Dental Clinic","Dental clinic","
MGR3+9P3, Rama III Rd, Khwaeng Bang Khlo, BANGKHOLAM, Bangkok 10120, Thailand","","","","+66 81 406 8005","","","4.9","64","Photo of reviewer who wrote ""I couldn’t recommend her enough and very reasonably priced.""","","Open","","https://www.google.com/maps/place/On+Tree+Dental+Clinic/data=!4m7!3m6!1s0x30e299bc91983e1f:0x3693128f0884db4d!8m2!3d13.6908871!4d100.5042915!16s%2Fg%2F11r4l0xs77!19sChIJHz6YkbyZ4jARTduECI8SkzY?authuser=0&hl=en&rclk=1"
"0x30e2990eec7ffebf:0xe4383c525c6ea2a2","ศูนย์ทันตกรรมตรงข้ามศิริราช","Dental clinic","
965 Arun Amarin Rd, ศิริราช Bangkok Noi, Bangkok 10700, Thailand","QF4M+Q7 Bangkok, Thailand","","","+66 2 411 5060","https://www.facebook.com/Dental666","","4.9","200","","","Open","","https://www.google.com/maps/place/%E0%B8%A8%E0%B8%B9%E0%B8%99%E0%B8%A2%E0%B9%8C%E0%B8%97%E0%B8%B1%E0%B8%99%E0%B8%95%E0%B8%81%E0%B8%A3%E0%B8%A3%E0%B8%A1%E0%B8%95%E0%B8%A3%E0%B8%87%E0%B8%82%E0%B9%89%E0%B8%B2%E0%B8%A1%E0%B8%A8%E0%B8%B4%E0%B8%A3%E0%B8%B4%E0%B8%A3%E0%B8%B2%E0%B8%8A/data=!4m7!3m6!1s0x30e2990eec7ffebf:0xe4383c525c6ea2a2!8m2!3d13.7569756!4d100.4831512!16s%2Fg%2F11t5d9n8t3!19sChIJv_5_7A6Z4jARoqJuXFI8OOQ?authuser=0&hl=en&rclk=1"
"0x30e2999d4ca32a3f:0xf98c3338c336c292","Grand Dental Clinic","Dental clinic","
165, 11-12 somdetprapingrao Rd, Arun Amarin, Bangkok Noi, Bangkok 10700, Thailand","QFCM+9C Bangkok, Thailand","","","+66 95 654 6566","","","4.9","123","","","Open","","https://www.google.com/maps/place/Grand+Dental+Clinic/data=!4m7!3m6!1s0x30e2999d4ca32a3f:0xf98c3338c336c292!8m2!3d13.770995!4d100.4835641!16s%2Fg%2F11byyjbyrp!19sChIJPyqjTJ2Z4jARksI2wzgzjPk?authuser=0&hl=en&rclk=1"
"0x30e29d3c7167f1c5:0x1000a438f1c6a66d","Haus Dental Clinic","Dental clinic","
442, 7 Lat Phrao 26 Alley, Chom Phon, Chatuchak, Bangkok 10900, Thailand","RH4F+F6 Bangkok, Thailand","","","+66 91 118 8826","http://www.facebook.com/hausdentalclinic","","4.9","409","","","Open","","https://www.google.com/maps/place/Haus+Dental+Clinic/data=!4m7!3m6!1s0x30e29d3c7167f1c5:0x1000a438f1c6a66d!8m2!3d13.8062428!4d100.5730014!16s%2Fg%2F11gj4nwjp4!19sChIJxfFncTyd4jARbabG8TikABA?authuser=0&hl=en&rclk=1"
"0x30e29c18382db789:0x3969ea464b329a3d","คลินิกทันตกรรมทูธแอนด์ทีธ","Dental clinic","
343 Saliratthawiphak Rd, Samsen Nai, Phaya Thai, Bangkok 10400, Thailand","QHQ2+W2 Bangkok, Thailand","","","+66 2 616 6096","","","4.8","20","","","Open","","https://www.google.com/maps/place/%E0%B8%84%E0%B8%A5%E0%B8%B4%E0%B8%99%E0%B8%B4%E0%B8%81%E0%B8%97%E0%B8%B1%E0%B8%99%E0%B8%95%E0%B8%81%E0%B8%A3%E0%B8%A3%E0%B8%A1%E0%B8%97%E0%B8%B9%E0%B8%98%E0%B9%81%E0%B8%AD%E0%B8%99%E0%B8%94%E0%B9%8C%E0%B8%97%E0%B8%B5%E0%B8%98/data=!4m7!3m6!1s0x30e29c18382db789:0x3969ea464b329a3d!8m2!3d13.7897548!4d100.5500242!16s%2Fg%2F12q4vxvp0!19sChIJibctOBic4jARPZoyS0bqaTk?authuser=0&hl=en&rclk=1"
"0x30e2993a0aeeedbf:0xad49cdf22b2b0510","คลินิกทันตกรรมบ้านฟัน@จันทน์43","Dental clinic","
237 Chan 43 Alley, Thung Wat Don, Sathon, Bangkok 10120, Thailand","PG3C+5W Bangkok, Thailand","","","+66 2 674 8228","https://www.facebook.com/narissara.temvanich?mibextid=LQQJ4d","","5.0","109","","","Open","","https://www.google.com/maps/place/%E0%B8%84%E0%B8%A5%E0%B8%B4%E0%B8%99%E0%B8%B4%E0%B8%81%E0%B8%97%E0%B8%B1%E0%B8%99%E0%B8%95%E0%B8%81%E0%B8%A3%E0%B8%A3%E0%B8%A1%E0%B8%9A%E0%B9%89%E0%B8%B2%E0%B8%99%E0%B8%9F%E0%B8%B1%E0%B8%99@%E0%B8%88%E0%B8%B1%E0%B8%99%E0%B8%97%E0%B8%99%E0%B9%8C43/data=!4m7!3m6!1s0x30e2993a0aeeedbf:0xad49cdf22b2b0510!8m2!3d13.7029276!4d100.5223133!16s%2Fg%2F11j03bbdbk!19sChIJv-3uCjqZ4jAREAUrK_LNSa0?authuser=0&hl=en&rclk=1"
"0x30e29f4c876bf9db:0x883760fa5f734e67","Warodom Hair Clinic","Medical clinic","
116 Soi Chan 16, Thung Wat Don, Sathon, Bangkok 10120, Thailand","PG4J+5W Bangkok, Thailand","","","+66 64 978 9242","http://www.warodomclinic.com/","","5.0","368","","","Open","","https://www.google.com/maps/place/Warodom+Hair+Clinic/data=!4m7!3m6!1s0x30e29f4c876bf9db:0x883760fa5f734e67!8m2!3d13.7054584!4d100.5323241!16s%2Fg%2F1pycd6gv8!19sChIJ2_lrh0yf4jARZ05zX_pgN4g?authuser=0&hl=en&rclk=1"
"0x30e299b92fa795c7:0x8d414d8ae6567435","Rajapas-Anchana Dental Clinic","Dental clinic","
307/274 ซอย จรัญสนิทวงศ์ 31 Charan Sanit Wong Rd, Bang Khun Si, Bangkok Noi, Bangkok 10700, Thailand","QF38+J5 Bangkok, Thailand","","","+66 2 866 6327","","","4.8","15","","","Open","","https://www.google.com/maps/place/Rajapas-Anchana+Dental+Clinic/data=!4m7!3m6!1s0x30e299b92fa795c7:0x8d414d8ae6567435!8m2!3d13.7541037!4d100.4653751!16s%2Fg%2F1hd_9l5_8!19sChIJx5WnL7mZ4jARNXRW5opNQY0?authuser=0&hl=en&rclk=1"
"0x30e29fa6caa33077:0xec1f2f263cebdf68","FirstSmile DentalClinic เดอะมอลล์ท่าพระ คลินิกทำฟันจัดฟัน","Dental clinic","
129 ratchadapisek road, Bukkhalo, Thon Buri, Bangkok 10600, Thailand","PF7J+F5 Bangkok, Thailand","","","+66 81 151 7544","https://firstsmiledentalclinic.com/","","4.7","477","","","Open","","https://www.google.com/maps/place/FirstSmile+DentalClinic+%E0%B9%80%E0%B8%94%E0%B8%AD%E0%B8%B0%E0%B8%A1%E0%B8%AD%E0%B8%A5%E0%B8%A5%E0%B9%8C%E0%B8%97%E0%B9%88%E0%B8%B2%E0%B8%9E%E0%B8%A3%E0%B8%B0+%E0%B8%84%E0%B8%A5%E0%B8%B4%E0%B8%99%E0%B8%B4%E0%B8%81%E0%B8%97%E0%B8%B3%E0%B8%9F%E0%B8%B1%E0%B8%99%E0%B8%88%E0%B8%B1%E0%B8%94%E0%B8%9F%E0%B8%B1%E0%B8%99/data=!4m7!3m6!1s0x30e29fa6caa33077:0xec1f2f263cebdf68!8m2!3d13.7136955!4d100.4804324!16s%2Fg%2F11s19l30cd!19sChIJdzCjyqaf4jARaN_rPCYvH-w?authuser=0&hl=en&rclk=1"
"0x30e2a3b90c2a4ec3:0x8f46f6f91ddb3f93","Trust dental Clinic สุขสวัสดิ์","Dental clinic","
MFJV+JCC, Bang Pakok, Rat Burana, Bangkok 10140, Thailand","","","","+66 99 410 8119","","","4.9","510","","","Open","","https://www.google.com/maps/place/Trust+dental+Clinic+%E0%B8%AA%E0%B8%B8%E0%B8%82%E0%B8%AA%E0%B8%A7%E0%B8%B1%E0%B8%AA%E0%B8%94%E0%B8%B4%E0%B9%8C/data=!4m7!3m6!1s0x30e2a3b90c2a4ec3:0x8f46f6f91ddb3f93!8m2!3d13.6815536!4d100.4935019!16s%2Fg%2F11h26b0vwg!19sChIJw04qDLmj4jARkz_bHfn2Ro8?authuser=0&hl=en&rclk=1"
"0x30e29faeb32d6c1d:0xb3aa0ed31e324fad","Fifty Fifth Thonglor","Shopping mall","
90 Thong Lo 2, Khlong Tan Nuea, Watthana, Bangkok 10110, Thailand","PHGJ+C5 Bangkok, Thailand","","","+66 2 381 0198","http://www.55thonglor.com/","","4.2","700","Moderately priced","€€","Open","Small, contemporary indoor shopping center featuring restaurants, shops & a grocery store.","https://www.google.com/maps/place/Fifty+Fifth+Thonglor/data=!4m7!3m6!1s0x30e29faeb32d6c1d:0xb3aa0ed31e324fad!8m2!3d13.7260492!4d100.5804644!16s%2Fg%2F1ptvr2hz6!19sChIJHWwts66f4jARrU8yHtMOqrM?authuser=0&hl=en&rclk=1"
"0x311d61fcef3d3e25:0x5925229562cf9e24","DR.MOS DENTAL CLINIC","Dental clinic","
182, 184 Soi Ramkhamhaeng 24, Khwaeng Hua Mak, Bang Kapi, Bangkok 10240, Thailand","QJ28+WQ Bangkok, Thailand","","","+66 97 298 0181","","","4.8","63","","","Open","","https://www.google.com/maps/place/DR.MOS+DENTAL+CLINIC/data=!4m7!3m6!1s0x311d61fcef3d3e25:0x5925229562cf9e24!8m2!3d13.7523139!4d100.6169453!16s%2Fg%2F11f123_244!19sChIJJT497_xhHTERJJ7PYpUiJVk?authuser=0&hl=en&rclk=1"
"0x311d619d0c132f9d:0x30b262b3f352a41e","Teeth Talk Dental Clinic สาขา รามคำแหง จัดฟัน ดัดฟัน ทำฟัน","Dental clinic","
Ramkhamhaeng 41/1 Alley, Hua Mak, Bang Kapi, กระบี่ 10240, Thailand","QJ58+CH Bangkok, Thailand","","","+66 94 554 0110","https://www.teethtalk-clinic.com/","","4.9","1339","","","Open","","https://www.google.com/maps/place/Teeth+Talk+Dental+Clinic+%E0%B8%AA%E0%B8%B2%E0%B8%82%E0%B8%B2+%E0%B8%A3%E0%B8%B2%E0%B8%A1%E0%B8%84%E0%B8%B3%E0%B9%81%E0%B8%AB%E0%B8%87+%E0%B8%88%E0%B8%B1%E0%B8%94%E0%B8%9F%E0%B8%B1%E0%B8%99+%E0%B8%94%E0%B8%B1%E0%B8%94%E0%B8%9F%E0%B8%B1%E0%B8%99+%E0%B8%97%E0%B8%B3%E0%B8%9F%E0%B8%B1%E0%B8%99/data=!4m7!3m6!1s0x311d619d0c132f9d:0x30b262b3f352a41e!8m2!3d13.7585256!4d100.6164143!16s%2Fg%2F11p_25hzw2!19sChIJnS8TDJ1hHTERHqRS87NisjA?authuser=0&hl=en&rclk=1"
"0x30e29d0058033a13:0xba52e4f2c9c714d1","คลินิกทันตกรรมอัลมอนด์ Almond Dental Clinic","Dental clinic","
688/6-7 Pracha Chuen Rd, Bang Sue, Bangkok 10800, Thailand","RG9P+GC Bangkok, Thailand","","","+66 62 192 6992","http://www.almonddentalbkk.com/","","4.9","154","","","Open","","https://www.google.com/maps/place/%E0%B8%84%E0%B8%A5%E0%B8%B4%E0%B8%99%E0%B8%B4%E0%B8%81%E0%B8%97%E0%B8%B1%E0%B8%99%E0%B8%95%E0%B8%81%E0%B8%A3%E0%B8%A3%E0%B8%A1%E0%B8%AD%E0%B8%B1%E0%B8%A5%E0%B8%A1%E0%B8%AD%E0%B8%99%E0%B8%94%E0%B9%8C+Almond+Dental+Clinic/data=!4m7!3m6!1s0x30e29d0058033a13:0xba52e4f2c9c714d1!8m2!3d13.8187732!4d100.5360504!16s%2Fg%2F11vyqncnzk!19sChIJEzoDWACd4jAR0RTHyfLkUro?authuser=0&hl=en&rclk=1"
"0x30e298e4304193e1:0x3d452aad845aeec3","เอิบสิน คลินิก (DRT)","Plastic surgeon","
Lat Ya Rd, Khwaeng Khlong San, Khlong San, Bangkok 10600, Thailand","PGH2+57 Bangkok, Thailand","","","+66 88 878 3885","https://www.drt-erbsinclinic.com/","","4.4","12","","","Open","","https://www.google.com/maps/place/%E0%B9%80%E0%B8%AD%E0%B8%B4%E0%B8%9A%E0%B8%AA%E0%B8%B4%E0%B8%99+%E0%B8%84%E0%B8%A5%E0%B8%B4%E0%B8%99%E0%B8%B4%E0%B8%81+%28DRT%29/data=!4m7!3m6!1s0x30e298e4304193e1:0x3d452aad845aeec3!8m2!3d13.7279491!4d100.5006293!16s%2Fg%2F1pztfdmlp!19sChIJ4ZNBMOSY4jARw-5ahK0qRT0?authuser=0&hl=en&rclk=1"
"0x30e29f170a6a1f57:0x9922edb53207b128","MITI Dental Sukhumvit 50","Dental clinic","
85 Arirak, Sukhumvit 50 Aly, Phrakanong, Khlong Toei, Bangkok 10110, Thailand","PH3X+P8 Bangkok, Thailand","","","+66 92 288 8061","http://www.mitiwellness.com/","","4.9","177","","","Open","","https://www.google.com/maps/place/MITI+Dental+Sukhumvit+50/data=!4m7!3m6!1s0x30e29f170a6a1f57:0x9922edb53207b128!8m2!3d13.7043168!4d100.5982609!16s%2Fg%2F11kbsrdhnv!19sChIJVx9qChef4jARKLEHMrXtIpk?authuser=0&hl=en&rclk=1"
"0x30e29f559b4d1833:0x3d395b9efa9fad5d","Wisit Dental Clinic","Dental clinic","
398/5, ถนนสาธุประดิษฐ์, แขวงบางโพงพาง เขตยานนาวา กรุงเทพมหานคร, 10120 10120, Thailand","MGWJ+QR Bangkok, Thailand","","","+66 2 211 1760","","","3.4","16","","","Open","","https://www.google.com/maps/place/Wisit+Dental+Clinic/data=!4m7!3m6!1s0x30e29f559b4d1833:0x3d395b9efa9fad5d!8m2!3d13.6968795!4d100.5321088!16s%2Fg%2F1pzxpc00b!19sChIJMxhNm1Wf4jARXa2f-p5bOT0?authuser=0&hl=en&rclk=1"
"0x311d611bc5be4c4d:0x571e01ec533f054a","Posh Smile Dental Clinic","Dental clinic","
709/5 สุขุมวิท77, On Nut 17 Alley, Suan Luang, Bangkok 10250, Thailand","PJ74+4X Bangkok, Thailand","","","+66 95 962 8936","https://poshsmileclinic.com/","","5.0","79","","","Open","","https://www.google.com/maps/place/Posh+Smile+Dental+Clinic/data=!4m7!3m6!1s0x311d611bc5be4c4d:0x571e01ec533f054a!8m2!3d13.7128002!4d100.6074009!16s%2Fg%2F11rd5fdn4d!19sChIJTUy-xRthHTERSgU_U-wBHlc?authuser=0&hl=en&rclk=1"
"0x30e29facc86411bf:0x42dc01010e12c4e9","Ki Dental Clinic","Dental clinic","
283/29-30 Home Place Bldg., 2F 13 Thong Lo, Khlong Tan Nuea, Watthana, Bangkok 10110, Thailand","PHMJ+FQ Bangkok, Thailand","","","+66 2 712 7430","http://www.ki-dentalclinic.com/","","3.5","21","","","Open","","https://www.google.com/maps/place/Ki+Dental+Clinic/data=!4m7!3m6!1s0x30e29facc86411bf:0x42dc01010e12c4e9!8m2!3d13.7337022!4d100.5819194!16s%2Fg%2F1tfflt6s!19sChIJvxFkyKyf4jAR6cQSDgEB3EI?authuser=0&hl=en&rclk=1"
"0x30e29986f00200e1:0x6bb3c98c57716ea8","ปารีนารถคลินิกทันตกรรม","Dental clinic","
564 Borommaratchachonnani Rd, Bang Bumru, Bang Phlat, Bangkok 10700, Thailand","QFHG+JQ Bangkok, Thailand","","","+66 86 399 9007","","","4.9","38","","","Open","","https://www.google.com/maps/place/%E0%B8%9B%E0%B8%B2%E0%B8%A3%E0%B8%B5%E0%B8%99%E0%B8%B2%E0%B8%A3%E0%B8%96%E0%B8%84%E0%B8%A5%E0%B8%B4%E0%B8%99%E0%B8%B4%E0%B8%81%E0%B8%97%E0%B8%B1%E0%B8%99%E0%B8%95%E0%B8%81%E0%B8%A3%E0%B8%A3%E0%B8%A1/data=!4m7!3m6!1s0x30e29986f00200e1:0x6bb3c98c57716ea8!8m2!3d13.7790893!4d100.4768918!16s%2Fg%2F11cjj74c9x!19sChIJ4QAC8IaZ4jARqG5xV4zJs2s?authuser=0&hl=en&rclk=1"
"0x30e2996387daa62b:0xe91929d6fde95c60","คลินิกเจริญกรุงทันตแพทย์ 2","Cosmetic dentist","
2073 ถ. เจริญกรุง Wat Phraya Krai, Bang Kho Laem, Bangkok 10120, Thailand","PG55+4H Bangkok, Thailand","","","+66 82 091 4786","","","4.8","115","","","Open","","https://www.google.com/maps/place/%E0%B8%84%E0%B8%A5%E0%B8%B4%E0%B8%99%E0%B8%B4%E0%B8%81%E0%B9%80%E0%B8%88%E0%B8%A3%E0%B8%B4%E0%B8%8D%E0%B8%81%E0%B8%A3%E0%B8%B8%E0%B8%87%E0%B8%97%E0%B8%B1%E0%B8%99%E0%B8%95%E0%B9%81%E0%B8%9E%E0%B8%97%E0%B8%A2%E0%B9%8C+2/data=!4m7!3m6!1s0x30e2996387daa62b:0xe91929d6fde95c60!8m2!3d13.7078395!4d100.5089772!16s%2Fg%2F11q3rgfnnl!19sChIJK6bah2OZ4jARYFzp_dYpGek?authuser=0&hl=en&rclk=1"
"0x30e29dc2510079ef:0xf3f3ad917538d04a","AL Dente dental clinic คลินิกทันตกรรม อัลเดนเต้ สาขาบางซ่อน","Dental clinic","
Bang Sue, Bangkok 10800, Thailand","RGCJ+GX Bangkok, Thailand","","","+66 99 426 6245","https://m.facebook.com/aldentedentalclinic","","4.9","274","","","Open","","https://www.google.com/maps/place/AL+Dente+dental+clinic+%E0%B8%84%E0%B8%A5%E0%B8%B4%E0%B8%99%E0%B8%B4%E0%B8%81%E0%B8%97%E0%B8%B1%E0%B8%99%E0%B8%95%E0%B8%81%E0%B8%A3%E0%B8%A3%E0%B8%A1+%E0%B8%AD%E0%B8%B1%E0%B8%A5%E0%B9%80%E0%B8%94%E0%B8%99%E0%B9%80%E0%B8%95%E0%B9%89+%E0%B8%AA%E0%B8%B2%E0%B8%82%E0%B8%B2%E0%B8%9A%E0%B8%B2%E0%B8%87%E0%B8%8B%E0%B9%88%E0%B8%AD%E0%B8%99/data=!4m7!3m6!1s0x30e29dc2510079ef:0xf3f3ad917538d04a!8m2!3d13.8212938!4d100.5324687!16s%2Fg%2F11p5zkq2gz!19sChIJ73kAUcKd4jARStA4dZGt8_M?authuser=0&hl=en&rclk=1"
"0x30e29b51f47f654d:0x574580a1ff6db169","Nice Treat Dental Clinic","Dental clinic","
617 ชั้น 1 Charan Sanit Wong Rd, Bang O, Bang Phlat, Bangkok 10700, Thailand","RG36+QQ Bangkok, Thailand","","","+66 88 923 2462","https://nicetreatdental.com/","","5.0","118","","","Open","","https://www.google.com/maps/place/Nice+Treat+Dental+Clinic/data=!4m7!3m6!1s0x30e29b51f47f654d:0x574580a1ff6db169!8m2!3d13.8044237!4d100.5119594!16s%2Fg%2F11xgffwhb1!19sChIJTWV_9FGb4jARabFt_6GARVc?authuser=0&hl=en&rclk=1"
"0x30e29d22368b18e7:0xa9653ee21c7d16f7","Goodday Dental Clinic","Dental clinic","
1408 ถ. กรุงเทพ - นนทบุรี บางซื่อ Bang Sue, Bangkok 10800, Thailand","RG9M+Q2 Bangkok, Thailand","","","+66 90 707 4455","https://www.facebook.com/gooddaydentalbkk","","4.9","165","","","Open","","https://www.google.com/maps/place/Goodday+Dental+Clinic/data=!4m7!3m6!1s0x30e29d22368b18e7:0xa9653ee21c7d16f7!8m2!3d13.8194478!4d100.532533!16s%2Fg%2F11s7pxsx2w!19sChIJ5xiLNiKd4jAR9xZ9HOI-Zak?authuser=0&hl=en&rclk=1"
"0x30e299e7b400dd09:0x7ccdbe3ea0405fc5","Add Friend Dental Clinic สาขาท่าพระ","Dental clinic","
Whizdom Station Condominium 8/696 Dao Khanong, ธนบุรี Bangkok 10600, Thailand","PF7H+H7 Bangkok, Thailand","","","+66 2 013 3088","https://www.facebook.com/profile.php?id=100077602848388&mibextid=LQQJ4d","","5.0","345","","","Open","","https://www.google.com/maps/place/Add+Friend+Dental+Clinic+%E0%B8%AA%E0%B8%B2%E0%B8%82%E0%B8%B2%E0%B8%97%E0%B9%88%E0%B8%B2%E0%B8%9E%E0%B8%A3%E0%B8%B0/data=!4m7!3m6!1s0x30e299e7b400dd09:0x7ccdbe3ea0405fc5!8m2!3d13.7139374!4d100.4781732!16s%2Fg%2F11vy5bf6kg!19sChIJCd0AtOeZ4jARxV9AoD6-zXw?authuser=0&hl=en&rclk=1"
"0x30e29face73d9a83:0xcb3a32c504f258ee","APEX Beauty Thonglor soi 8","Skin care clinic","
1-3, คลินิกเวชกรรมเอเพ็กซ์, 208 Thong Lo 8 Alley, Khlong Tan Nuea, Watthana, Bangkok 10110, Thailand","PHJJ+8X Bangkok, Thailand","","","+66 80 500 0123","https://www.apexmedicalcenter.co.th/branch/apex-clinic-thonglor/","","4.8","175","","","Open","","https://www.google.com/maps/place/APEX+Beauty+Thonglor+soi+8/data=!4m7!3m6!1s0x30e29face73d9a83:0xcb3a32c504f258ee!8m2!3d13.7308599!4d100.5824811!16s%2Fg%2F119x69xbn!19sChIJg5o956yf4jAR7ljyBMUyOss?authuser=0&hl=en&rclk=1"
"0x30e29e18b327524b:0xc4501b87cb72a27d","PLUS Dental Clinic สาขารามคำแหง by Smile with me | คลินิกทันตกรรม จัดฟัน ขูดหินปูน รากฟันเทียม ฟันปลอม ฟอกสีฟัน","Dental clinic","
36 Soi Ramkhamhaeng 24, Hua Mak, Bang Kapi, Bangkok 10240, Thailand","QJ37+XH Bangkok, Thailand","","","+66 61 957 4987","https://www.plusdentalclinic.com/","","4.8","664","","","Open","","https://www.google.com/maps/place/PLUS+Dental+Clinic+%E0%B8%AA%E0%B8%B2%E0%B8%82%E0%B8%B2%E0%B8%A3%E0%B8%B2%E0%B8%A1%E0%B8%84%E0%B8%B3%E0%B9%81%E0%B8%AB%E0%B8%87+by+Smile+with+me+%7C+%E0%B8%84%E0%B8%A5%E0%B8%B4%E0%B8%99%E0%B8%B4%E0%B8%81%E0%B8%97%E0%B8%B1%E0%B8%99%E0%B8%95%E0%B8%81%E0%B8%A3%E0%B8%A3%E0%B8%A1+%E0%B8%88%E0%B8%B1%E0%B8%94%E0%B8%9F%E0%B8%B1%E0%B8%99+%E0%B8%82%E0%B8%B9%E0%B8%94%E0%B8%AB%E0%B8%B4%E0%B8%99%E0%B8%9B%E0%B8%B9%E0%B8%99+%E0%B8%A3%E0%B8%B2%E0%B8%81%E0%B8%9F%E0%B8%B1%E0%B8%99%E0%B9%80%E0%B8%97%E0%B8%B5%E0%B8%A2%E0%B8%A1+%E0%B8%9F%E0%B8%B1%E0%B8%99%E0%B8%9B%E0%B8%A5%E0%B8%AD%E0%B8%A1+%E0%B8%9F%E0%B8%AD%E0%B8%81%E0%B8%AA%E0%B8%B5%E0%B8%9F%E0%B8%B1%E0%B8%99/data=!4m7!3m6!1s0x30e29e18b327524b:0xc4501b87cb72a27d!8m2!3d13.7549171!4d100.6139793!16s%2Fg%2F11c525js_4!19sChIJS1Insxie4jARfaJyy4cbUMQ?authuser=0&hl=en&rclk=1"
"0x30e29fe11e8801c3:0x7f0d8716183ad25e","The ONE Dental Clinic By ทพ.ภาณุมาส ตันติพันธุ์วดี","Dental clinic","
2098 Sukhumvit Rd, Phra Khanong Tai, Phra Khanong, Bangkok 10260, Thailand","MJV4+P7 Bangkok, Thailand","","","+66 97 999 1200","https://www.facebook.com/TheOneDental9999/?ref=page_internal","","3.8","15","","","Open","","https://www.google.com/maps/place/The+ONE+Dental+Clinic+By+%E0%B8%97%E0%B8%9E.%E0%B8%A0%E0%B8%B2%E0%B8%93%E0%B8%B8%E0%B8%A1%E0%B8%B2%E0%B8%AA+%E0%B8%95%E0%B8%B1%E0%B8%99%E0%B8%95%E0%B8%B4%E0%B8%9E%E0%B8%B1%E0%B8%99%E0%B8%98%E0%B8%B8%E0%B9%8C%E0%B8%A7%E0%B8%94%E0%B8%B5/data=!4m7!3m6!1s0x30e29fe11e8801c3:0x7f0d8716183ad25e!8m2!3d13.694371!4d100.6056681!16s%2Fg%2F11s3wmmk6n!19sChIJwwGIHuGf4jARXtI6GBaHDX8?authuser=0&hl=en&rclk=1"
"0x30e29c34d5a3849f:0xbdb4eac2b300a5d1","ADI Dental Clinic","Health","
1,3,5,7 Ratchadaphisek Rd, Ratchadaphisek, Din Daeng, Bangkok 10400, Thailand","QHXF+6M Bangkok, Thailand","","","+66 92 262 6468","","","4.5","11","","","Open","","https://www.google.com/maps/place/ADI+Dental+Clinic/data=!4m7!3m6!1s0x30e29c34d5a3849f:0xbdb4eac2b300a5d1!8m2!3d13.7980706!4d100.5742397!16s%2Fg%2F12m9jslp4!19sChIJn4Sj1TSc4jAR0aUAs8LqtL0?authuser=0&hl=en&rclk=1"
"0x30e29dca3654b0b1:0x29dd7686761826b2","Sure Smile Dental Clinic คลินิกทันตกรรมชัวร์สไมล์ แยกเสนานิคม","Dental clinic","
1972 Phahonyothin Rd, Chan Kasem, Chatuchak, Bangkok 10900, Thailand","RHMC+GW Bangkok, Thailand","","","+66 94 992 6224","https://www.facebook.com/suresmile.th","","4.7","167","","","Open","","https://www.google.com/maps/place/Sure+Smile+Dental+Clinic+%E0%B8%84%E0%B8%A5%E0%B8%B4%E0%B8%99%E0%B8%B4%E0%B8%81%E0%B8%97%E0%B8%B1%E0%B8%99%E0%B8%95%E0%B8%81%E0%B8%A3%E0%B8%A3%E0%B8%A1%E0%B8%8A%E0%B8%B1%E0%B8%A7%E0%B8%A3%E0%B9%8C%E0%B8%AA%E0%B9%84%E0%B8%A1%E0%B8%A5%E0%B9%8C+%E0%B9%81%E0%B8%A2%E0%B8%81%E0%B9%80%E0%B8%AA%E0%B8%99%E0%B8%B2%E0%B8%99%E0%B8%B4%E0%B8%84%E0%B8%A1/data=!4m7!3m6!1s0x30e29dca3654b0b1:0x29dd7686761826b2!8m2!3d13.8337736!4d100.5723376!16s%2Fg%2F11llyrj3xf!19sChIJsbBUNsqd4jARsiYYdoZ23Sk?authuser=0&hl=en&rclk=1"
"0x30e29df34cc4174f:0xb55c61cfc165f998","Isara Smile Dental Clinic อิสราสไมล์คลินิกทันตกรรม","Dental clinic","
The Jas ชั้น2, 728 Lad Prao Wanghin Rd, Khwaeng Lat Phrao, Khet Lat Phrao, Bangkok 10230, Thailand","RHFR+CV Bangkok, Thailand","","","+66 82 834 3789","","","4.1","7","","","Open","","https://www.google.com/maps/place/Isara+Smile+Dental+Clinic+%E0%B8%AD%E0%B8%B4%E0%B8%AA%E0%B8%A3%E0%B8%B2%E0%B8%AA%E0%B9%84%E0%B8%A1%E0%B8%A5%E0%B9%8C%E0%B8%84%E0%B8%A5%E0%B8%B4%E0%B8%99%E0%B8%B4%E0%B8%81%E0%B8%97%E0%B8%B1%E0%B8%99%E0%B8%95%E0%B8%81%E0%B8%A3%E0%B8%A3%E0%B8%A1/data=!4m7!3m6!1s0x30e29df34cc4174f:0xb55c61cfc165f998!8m2!3d13.8236021!4d100.5921668!16s%2Fg%2F11f9j8djfw!19sChIJTxfETPOd4jARmPllwc9hXLU?authuser=0&hl=en&rclk=1"
"0x30e29df628423e11:0xfdd407b84deaef86","Dental Today Clinic คลินิกเดนทัลทูเดย์ จัดฟัน ทำฟัน ครบวงจร","Dental clinic","
1873 Phahonyothin Rd, Lat Yao, Chatuchak, Krung Thep Maha Nakhon 10900, Thailand","RHMC+76 Bangkok, Thailand","","","+66 90 665 5928","https://www.facebook.com/DentalTodayClinic/","","5.0","50","","","Open","","https://www.google.com/maps/place/Dental+Today+Clinic+%E0%B8%84%E0%B8%A5%E0%B8%B4%E0%B8%99%E0%B8%B4%E0%B8%81%E0%B9%80%E0%B8%94%E0%B8%99%E0%B8%97%E0%B8%B1%E0%B8%A5%E0%B8%97%E0%B8%B9%E0%B9%80%E0%B8%94%E0%B8%A2%E0%B9%8C+%E0%B8%88%E0%B8%B1%E0%B8%94%E0%B8%9F%E0%B8%B1%E0%B8%99+%E0%B8%97%E0%B8%B3%E0%B8%9F%E0%B8%B1%E0%B8%99+%E0%B8%84%E0%B8%A3%E0%B8%9A%E0%B8%A7%E0%B8%87%E0%B8%88%E0%B8%A3/data=!4m7!3m6!1s0x30e29df628423e11:0xfdd407b84deaef86!8m2!3d13.8331258!4d100.570602!16s%2Fg%2F11mjsgnbx_!19sChIJET5CKPad4jARhu_qTbgH1P0?authuser=0&hl=en&rclk=1"
"0x30e29bf18c513a23:0xdd3103c8c6c7584","SAI JAI Dental Clinic","Dental clinic","
2734 ถ. กรุงเทพ - นนทบุรี Wong Sawang, Bang Sue, Bangkok 10800, Thailand","RGJG+F3 Bangkok, Thailand","","","+66 80 817 4426","","","5.0","138","","","Open","","https://www.google.com/maps/place/SAI+JAI+Dental+Clinic/data=!4m7!3m6!1s0x30e29bf18c513a23:0xdd3103c8c6c7584!8m2!3d13.8311958!4d100.5251759!16s%2Fg%2F11lcqv2vp7!19sChIJIzpRjPGb4jARhHVsjDwQ0w0?authuser=0&hl=en&rclk=1"
"0x30e29f81c182ac23:0x722a410561402f51","Bangkok Smile Dental Clinic - Ramkhamhaeng Branch","Dental clinic","
11 Soi Thep Lila 1, Hua Mak, Bang Kapi, Bangkok 10240, Thailand","QJ58+42 Bangkok, Thailand","","","+66 2 105 4288","https://www.bangkoksmiledental.com/th/","","4.9","248","","","Open","","https://www.google.com/maps/place/Bangkok+Smile+Dental+Clinic+-+Ramkhamhaeng+Branch/data=!4m7!3m6!1s0x30e29f81c182ac23:0x722a410561402f51!8m2!3d13.7577936!4d100.615098!16s%2Fg%2F11vl933sdj!19sChIJI6yCwYGf4jARUS9AYQVBKnI?authuser=0&hl=en&rclk=1"
"0x30e29ddc37283d9d:0x3b240fc2f6f591fb","Siamdent Dental Clinic สาขาพหลโยธิน","Dental clinic","
ลาดยาว, 1961 Phahonyothin Rd, Khwaeng Lat Yao, Khet Chatuchak, Bangkok 10900, Thailand","RHPF+76 Bangkok, Thailand","","","+66 99 474 1663","https://siamdentclinic.com/","","4.9","36","","","Open","","https://www.google.com/maps/place/Siamdent+Dental+Clinic+%E0%B8%AA%E0%B8%B2%E0%B8%82%E0%B8%B2%E0%B8%9E%E0%B8%AB%E0%B8%A5%E0%B9%82%E0%B8%A2%E0%B8%98%E0%B8%B4%E0%B8%99/data=!4m7!3m6!1s0x30e29ddc37283d9d:0x3b240fc2f6f591fb!8m2!3d13.835681!4d100.5730323!16s%2Fg%2F11p55rjztv!19sChIJnT0oN9yd4jAR-5H19sIPJDs?authuser=0&hl=en&rclk=1"
"0x30e29b78ac466057:0x85602a788e7f4e4e","VIO Smile Plus Dental Clinic คลินิกทันตกรรมไวโอ สไมล์พลัส","Dental clinic","
327 Thanon Pracharat, Suan Yai, Mueang Nonthaburi District, Nonthaburi 11000, Thailand","RFVW+9P Nonthaburi, Mueang Nonthaburi District, Nonthaburi, Thailand","","","+66 88 635 3949","https://facebook.com/VIOSmilePlus","","5.0","61","","","Open","","https://www.google.com/maps/place/VIO+Smile+Plus+Dental+Clinic+%E0%B8%84%E0%B8%A5%E0%B8%B4%E0%B8%99%E0%B8%B4%E0%B8%81%E0%B8%97%E0%B8%B1%E0%B8%99%E0%B8%95%E0%B8%81%E0%B8%A3%E0%B8%A3%E0%B8%A1%E0%B9%84%E0%B8%A7%E0%B9%82%E0%B8%AD+%E0%B8%AA%E0%B9%84%E0%B8%A1%E0%B8%A5%E0%B9%8C%E0%B8%9E%E0%B8%A5%E0%B8%B1%E0%B8%AA/data=!4m7!3m6!1s0x30e29b78ac466057:0x85602a788e7f4e4e!8m2!3d13.8434284!4d100.4968422!16s%2Fg%2F11vxjghs47!19sChIJV2BGrHib4jARTk5_jngqYIU?authuser=0&hl=en&rclk=1"
"0x30e2a3826d544345:0x30cc398636f3ed23","SmilePlus Dental Clinic: คลินิกทันตกรรมสไมล์พลัส | ทำฟัน จัดฟัน พระราม2","Dental clinic","
เลขที่ 28 พระรามที่ 2 ชอย 50 แยก 7 Samae Dam, Bang Khun Thian, Bangkok 10150, Thailand","MC8R+4V Bangkok, Thailand","","","+66 61 998 5678","http://www.smileplusdc.com/","","5.0","4219","","","Open","","https://www.google.com/maps/place/SmilePlus+Dental+Clinic:+%E0%B8%84%E0%B8%A5%E0%B8%B4%E0%B8%99%E0%B8%B4%E0%B8%81%E0%B8%97%E0%B8%B1%E0%B8%99%E0%B8%95%E0%B8%81%E0%B8%A3%E0%B8%A3%E0%B8%A1%E0%B8%AA%E0%B9%84%E0%B8%A1%E0%B8%A5%E0%B9%8C%E0%B8%9E%E0%B8%A5%E0%B8%B1%E0%B8%AA+%7C+%E0%B8%97%E0%B8%B3%E0%B8%9F%E0%B8%B1%E0%B8%99+%E0%B8%88%E0%B8%B1%E0%B8%94%E0%B8%9F%E0%B8%B1%E0%B8%99+%E0%B8%9E%E0%B8%A3%E0%B8%B0%E0%B8%A3%E0%B8%B2%E0%B8%A12/data=!4m7!3m6!1s0x30e2a3826d544345:0x30cc398636f3ed23!8m2!3d13.6653458!4d100.4421504!16s%2Fg%2F11fhr229jx!19sChIJRUNUbYKj4jARI-3zNoY5zDA?authuser=0&hl=en&rclk=1"
"0x30e2a35fcd4dcd45:0x6dabbed9c1b98375","ANYTOOTH ทำฟัน จัดฟันใส รากเทียม วีเนียร์","Dental clinic","
459, นิว ไฮบ์, 5 Suk Sawat Rd, Khwaeng Rat Burana, Rat Burana, Bangkok 10140, Thailand","MG97+6W Bangkok, Thailand","","","+66 87 112 8888","https://www.anytoothdental.com/","","5.0","163","","","Open","","https://www.google.com/maps/place/ANYTOOTH+%E0%B8%97%E0%B8%B3%E0%B8%9F%E0%B8%B1%E0%B8%99+%E0%B8%88%E0%B8%B1%E0%B8%94%E0%B8%9F%E0%B8%B1%E0%B8%99%E0%B9%83%E0%B8%AA+%E0%B8%A3%E0%B8%B2%E0%B8%81%E0%B9%80%E0%B8%97%E0%B8%B5%E0%B8%A2%E0%B8%A1+%E0%B8%A7%E0%B8%B5%E0%B9%80%E0%B8%99%E0%B8%B5%E0%B8%A2%E0%B8%A3%E0%B9%8C/data=!4m7!3m6!1s0x30e2a35fcd4dcd45:0x6dabbed9c1b98375!8m2!3d13.6680483!4d100.5147523!16s%2Fg%2F11vpf71dsn!19sChIJRc1NzV-j4jARdYO5wdm-q20?authuser=0&hl=en&rclk=1"
"0x30e2a31db9df81cf:0x57745e6dc16dd623","Neat dental clinic จัดฟันพระประแดง สุขสวัสดิ์ จัดฟันใส รากเทียม วีเนียร์","Dental clinic","
Suk Sawat Rd, Lat Luang, Phra Pradaeng District, Samut Prakan 10130, Thailand","MG49+9W Lat Luang, Phra Pradaeng District, Samut Prakan, Thailand","","","+66 93 662 9236","http://neatdentalclinic.com/","","4.9","102","","","Open","","https://www.google.com/maps/place/Neat+dental+clinic+%E0%B8%88%E0%B8%B1%E0%B8%94%E0%B8%9F%E0%B8%B1%E0%B8%99%E0%B8%9E%E0%B8%A3%E0%B8%B0%E0%B8%9B%E0%B8%A3%E0%B8%B0%E0%B9%81%E0%B8%94%E0%B8%87+%E0%B8%AA%E0%B8%B8%E0%B8%82%E0%B8%AA%E0%B8%A7%E0%B8%B1%E0%B8%AA%E0%B8%94%E0%B8%B4%E0%B9%8C+%E0%B8%88%E0%B8%B1%E0%B8%94%E0%B8%9F%E0%B8%B1%E0%B8%99%E0%B9%83%E0%B8%AA+%E0%B8%A3%E0%B8%B2%E0%B8%81%E0%B9%80%E0%B8%97%E0%B8%B5%E0%B8%A2%E0%B8%A1+%E0%B8%A7%E0%B8%B5%E0%B9%80%E0%B8%99%E0%B8%B5%E0%B8%A2%E0%B8%A3%E0%B9%8C/data=!4m7!3m6!1s0x30e2a31db9df81cf:0x57745e6dc16dd623!8m2!3d13.6559117!4d100.5198014!16s%2Fg%2F11y5c6gjzw!19sChIJz4HfuR2j4jARI9ZtwW1edFc?authuser=0&hl=en&rclk=1"
"0x30e29909061f0847:0xd8e1350ebd465321","บางมดทันตกรรม สาขาปิ่นเกล้า","Dental clinic","
5/72 Borommaratchachonnani 13 Alley, อรุณอัมรินทร์ Bangkok Noi, Bangkok 10700, Thailand","QFHG+3V Bangkok, Thailand","","","+66 96 882 6466","http://www.bangmoddental.com/","","4.9","466","","","Open","","https://www.google.com/maps/place/%E0%B8%9A%E0%B8%B2%E0%B8%87%E0%B8%A1%E0%B8%94%E0%B8%97%E0%B8%B1%E0%B8%99%E0%B8%95%E0%B8%81%E0%B8%A3%E0%B8%A3%E0%B8%A1+%E0%B8%AA%E0%B8%B2%E0%B8%82%E0%B8%B2%E0%B8%9B%E0%B8%B4%E0%B9%88%E0%B8%99%E0%B9%80%E0%B8%81%E0%B8%A5%E0%B9%89%E0%B8%B2/data=!4m7!3m6!1s0x30e29909061f0847:0xd8e1350ebd465321!8m2!3d13.7777235!4d100.4772247!16s%2Fg%2F11shnplvgr!19sChIJRwgfBgmZ4jARIVNGvQ414dg?authuser=0&hl=en&rclk=1"
"0x30e29b8c64d5fe77:0x160fcd8d81add07d","โรงพยาบาลบางโพ / Bangpo Hospital","Private hospital","
95 Pracha Rat Sai 2 Rd, Bang Sue, Bangkok 10800, Thailand","RG4F+R8 Bangkok, Thailand","","","+66 2 587 0144","http://bangpo-hospital.com/","","3.7","257","","","Open","","https://www.google.com/maps/place/%E0%B9%82%E0%B8%A3%E0%B8%87%E0%B8%9E%E0%B8%A2%E0%B8%B2%E0%B8%9A%E0%B8%B2%E0%B8%A5%E0%B8%9A%E0%B8%B2%E0%B8%87%E0%B9%82%E0%B8%9E+%2F+Bangpo+Hospital/data=!4m7!3m6!1s0x30e29b8c64d5fe77:0x160fcd8d81add07d!8m2!3d13.8070111!4d100.5232873!16s%2Fg%2F1v3hxd_4!19sChIJd_7VZIyb4jARfdCtgY3NDxY?authuser=0&hl=en&rclk=1"
"0x30e299cdc0d9c3bd:0xb8b543069b35a5ff","Smile Operations BKK (Yaek Fai Chai) สไมล์ โอเปอเรชั่นส์ สาขา แยกไฟฉาย","Dental clinic","
โรงพยาบาลวิชัยเวช แยกไฟฉาย อาคาร 2 ชั้น 2 เลขที่ 240/2 จรัญสนิทวงศ์ 28/6 Ban Chang Lo, Bangkok Noi, Bangkok 10700, Thailand","QF4C+C2 Bangkok, Thailand","","","+66 2 409 5192","https://www.facebook.com/smileoperations","","5.0","72","","","Open","","https://www.google.com/maps/place/Smile+Operations+BKK+%28Yaek+Fai+Chai%29+%E0%B8%AA%E0%B9%84%E0%B8%A1%E0%B8%A5%E0%B9%8C+%E0%B9%82%E0%B8%AD%E0%B9%80%E0%B8%9B%E0%B8%AD%E0%B9%80%E0%B8%A3%E0%B8%8A%E0%B8%B1%E0%B9%88%E0%B8%99%E0%B8%AA%E0%B9%8C+%E0%B8%AA%E0%B8%B2%E0%B8%82%E0%B8%B2+%E0%B9%81%E0%B8%A2%E0%B8%81%E0%B9%84%E0%B8%9F%E0%B8%89%E0%B8%B2%E0%B8%A2/data=!4m7!3m6!1s0x30e299cdc0d9c3bd:0xb8b543069b35a5ff!8m2!3d13.7560559!4d100.4700726!16s%2Fg%2F11spzfrnn9!19sChIJvcPZwM2Z4jAR_6U1mwZDtbg?authuser=0&hl=en&rclk=1"
"0x30e2a169e713b991:0x8bd6e2fe73ef8936","Pimsmile dental clinic - Bangna (คลินิกทันตกรรมพิมสไมล์ สาขาบางนา)","Dental clinic","
461 463 Sanphawut Rd, Bang Na Tai, Bang Na, Bangkok 10260, Thailand","MHGR+C6 Bangkok, Thailand","","","+66 62 959 9592","https://www.facebook.com/Pimsmilebangna","","4.8","104","","","Open","","https://www.google.com/maps/place/Pimsmile+dental+clinic+-+Bangna+%28%E0%B8%84%E0%B8%A5%E0%B8%B4%E0%B8%99%E0%B8%B4%E0%B8%81%E0%B8%97%E0%B8%B1%E0%B8%99%E0%B8%95%E0%B8%81%E0%B8%A3%E0%B8%A3%E0%B8%A1%E0%B8%9E%E0%B8%B4%E0%B8%A1%E0%B8%AA%E0%B9%84%E0%B8%A1%E0%B8%A5%E0%B9%8C+%E0%B8%AA%E0%B8%B2%E0%B8%82%E0%B8%B2%E0%B8%9A%E0%B8%B2%E0%B8%87%E0%B8%99%E0%B8%B2%29/data=!4m7!3m6!1s0x30e2a169e713b991:0x8bd6e2fe73ef8936!8m2!3d13.6760811!4d100.5905866!16s%2Fg%2F11kcpc2b6p!19sChIJkbkT52mh4jARNonvc_7i1os?authuser=0&hl=en&rclk=1"
"0x30e29e4aaa18cb33:0xdb114d40666fa967","คลินิกทันตกรรม ยูสมาย ปรีดี33","Dental clinic","
891 Sukhumvit 71 Rd, Khlong Tan Nuea, Watthana, Bangkok 10110, Thailand","PHJW+7H Bangkok, Thailand","","","+66 81 848 6616","","","4.4","30","","","Open","","https://www.google.com/maps/place/%E0%B8%84%E0%B8%A5%E0%B8%B4%E0%B8%99%E0%B8%B4%E0%B8%81%E0%B8%97%E0%B8%B1%E0%B8%99%E0%B8%95%E0%B8%81%E0%B8%A3%E0%B8%A3%E0%B8%A1+%E0%B8%A2%E0%B8%B9%E0%B8%AA%E0%B8%A1%E0%B8%B2%E0%B8%A2+%E0%B8%9B%E0%B8%A3%E0%B8%B5%E0%B8%94%E0%B8%B533/data=!4m7!3m6!1s0x30e29e4aaa18cb33:0xdb114d40666fa967!8m2!3d13.730659!4d100.5964801!16s%2Fg%2F11g6ly_yqv!19sChIJM8sYqkqe4jARZ6lvZkBNEds?authuser=0&hl=en&rclk=1"
"0x30e29fff2b8f70fd:0x5f881d8a023cafda","ธัชสรา เด็นตัล เซ็นเตอร์ ศูนย์ทันตกรรมสำหรับเด็กและครอบครัว","Dental clinic","
257/12-13 ถนนสุขุมวิท71 ระหว่างซอยปรีดีฯ13และ15 Phra Khanong Nuea, Watthana, Bangkok 10110, Thailand","PHCW+C7 Bangkok, Thailand","","","+66 2 392 7294","http://www.facebook.com/tassaradentalcenter","","3.1","15","","","Open","","https://www.google.com/maps/place/%E0%B8%98%E0%B8%B1%E0%B8%8A%E0%B8%AA%E0%B8%A3%E0%B8%B2+%E0%B9%80%E0%B8%94%E0%B9%87%E0%B8%99%E0%B8%95%E0%B8%B1%E0%B8%A5+%E0%B9%80%E0%B8%8B%E0%B9%87%E0%B8%99%E0%B9%80%E0%B8%95%E0%B8%AD%E0%B8%A3%E0%B9%8C+%E0%B8%A8%E0%B8%B9%E0%B8%99%E0%B8%A2%E0%B9%8C%E0%B8%97%E0%B8%B1%E0%B8%99%E0%B8%95%E0%B8%81%E0%B8%A3%E0%B8%A3%E0%B8%A1%E0%B8%AA%E0%B8%B3%E0%B8%AB%E0%B8%A3%E0%B8%B1%E0%B8%9A%E0%B9%80%E0%B8%94%E0%B9%87%E0%B8%81%E0%B9%81%E0%B8%A5%E0%B8%B0%E0%B8%84%E0%B8%A3%E0%B8%AD%E0%B8%9A%E0%B8%84%E0%B8%A3%E0%B8%B1%E0%B8%A7/data=!4m7!3m6!1s0x30e29fff2b8f70fd:0x5f881d8a023cafda!8m2!3d13.7210742!4d100.5956848!16s%2Fg%2F11jgj9j0nf!19sChIJ_XCPK_-f4jAR2q88AoodiF8?authuser=0&hl=en&rclk=1"
"0x30e29bd71d3ea83b:0x2db2dd0dbf5aa2e9","ศูนย์ทันตกรรมแนวใหม่","Dentist","
291, ถนนสิรินธร, แขวงบางบำหรุ เขตบางพลัด บางบำหรุ 10700, Thailand","QFQJ+9R Bangkok, Thailand","","","+66 2 435 6155","http://www.newtrenddental.com/","","4.8","119","","","Open","","https://www.google.com/maps/place/%E0%B8%A8%E0%B8%B9%E0%B8%99%E0%B8%A2%E0%B9%8C%E0%B8%97%E0%B8%B1%E0%B8%99%E0%B8%95%E0%B8%81%E0%B8%A3%E0%B8%A3%E0%B8%A1%E0%B9%81%E0%B8%99%E0%B8%A7%E0%B9%83%E0%B8%AB%E0%B8%A1%E0%B9%88/data=!4m7!3m6!1s0x30e29bd71d3ea83b:0x2db2dd0dbf5aa2e9!8m2!3d13.7884175!4d100.4821058!16s%2Fg%2F1w_vkqx7!19sChIJO6g-Hdeb4jAR6aJavw3dsi0?authuser=0&hl=en&rclk=1"
"0x30e2985bea8bda7f:0xa01fe855692022d7","คลินิกทันตกรรมเทอดไท","Dental clinic","
880-882 ถ. เทอดไท Talat Phlu, Thon Buri, Bangkok 10600, Thailand","PFCH+C4 Bangkok, Thailand","","","+66 2 466 3206","","","4.7","6","","","Open","","https://www.google.com/maps/place/%E0%B8%84%E0%B8%A5%E0%B8%B4%E0%B8%99%E0%B8%B4%E0%B8%81%E0%B8%97%E0%B8%B1%E0%B8%99%E0%B8%95%E0%B8%81%E0%B8%A3%E0%B8%A3%E0%B8%A1%E0%B9%80%E0%B8%97%E0%B8%AD%E0%B8%94%E0%B9%84%E0%B8%97/data=!4m7!3m6!1s0x30e2985bea8bda7f:0xa01fe855692022d7!8m2!3d13.7211213!4d100.4777571!16s%2Fg%2F11bbrm0dqp!19sChIJf9qL6luY4jAR1yIgaVXoH6A?authuser=0&hl=en&rclk=1"
"0x30e29e9d75399b41:0xa3904095249c632e","แอท เดนต้า แคร์ คลินิกทันตกรรม","Dentist","
102 13 Hokankha Alley, Ratchadaphisek, Din Daeng, Bangkok 10400, Thailand","QHH6+37 Bangkok, Thailand","","","+66 2 275 5410","","","5.0","11","","","Open","","https://www.google.com/maps/place/%E0%B9%81%E0%B8%AD%E0%B8%97+%E0%B9%80%E0%B8%94%E0%B8%99%E0%B8%95%E0%B9%89%E0%B8%B2+%E0%B9%81%E0%B8%84%E0%B8%A3%E0%B9%8C+%E0%B8%84%E0%B8%A5%E0%B8%B4%E0%B8%99%E0%B8%B4%E0%B8%81%E0%B8%97%E0%B8%B1%E0%B8%99%E0%B8%95%E0%B8%81%E0%B8%A3%E0%B8%A3%E0%B8%A1/data=!4m7!3m6!1s0x30e29e9d75399b41:0xa3904095249c632e!8m2!3d13.777713!4d100.560661!16s%2Fg%2F1jgm3xfd9!19sChIJQZs5dZ2e4jARLmOcJJVAkKM?authuser=0&hl=en&rclk=1"
"0x30e2992ff7e08d49:0xe93055befbfc8cf0","SmileBox Dental Clinic - Prannok, Ratchapruek (Riverside) คลินิกทันตกรรมสไมล์บ็อกซ์ พรานนก ราชพฤกษ์","Cosmetic dentist","
485, 1 Phran Nok Phutthamonthon Sai 4 Rd, Khwaeng Bang Phrom, Taling Chan, Bangkok 10170, Thailand","QC2X+M2 Bangkok, Thailand","","","+66 2 402 9542","https://smileboxclinic.com/","","4.9","531","","","Open","","https://www.google.com/maps/place/SmileBox+Dental+Clinic+-+Prannok,+Ratchapruek+%28Riverside%29+%E0%B8%84%E0%B8%A5%E0%B8%B4%E0%B8%99%E0%B8%B4%E0%B8%81%E0%B8%97%E0%B8%B1%E0%B8%99%E0%B8%95%E0%B8%81%E0%B8%A3%E0%B8%A3%E0%B8%A1%E0%B8%AA%E0%B9%84%E0%B8%A1%E0%B8%A5%E0%B9%8C%E0%B8%9A%E0%B9%87%E0%B8%AD%E0%B8%81%E0%B8%8B%E0%B9%8C+%E0%B8%9E%E0%B8%A3%E0%B8%B2%E0%B8%99%E0%B8%99%E0%B8%81+%E0%B8%A3%E0%B8%B2%E0%B8%8A%E0%B8%9E%E0%B8%A4%E0%B8%81%E0%B8%A9%E0%B9%8C/data=!4m7!3m6!1s0x30e2992ff7e08d49:0xe93055befbfc8cf0!8m2!3d13.7516736!4d100.4476204!16s%2Fg%2F11k_pqw06x!19sChIJSY3g9y-Z4jAR8Iz8-75VMOk?authuser=0&hl=en&rclk=1"
"0x30e298facd9a24a9:0x535e9da4d94b38d","Dental Smile Club ทำฟัน จัดฟัน รากเทียม วงเวียนใหญ่","Dentist","
204 Lat Ya Rd, Khwaeng Khlong San, Khlong San, Bangkok 10600, Thailand","PFGW+P7 Bangkok, Thailand","","","+66 81 722 7577","https://www.facebook.com/DentalSmileClub?mibextid=LQQJ4d","","5.0","106","","","Open","","https://www.google.com/maps/place/Dental+Smile+Club+%E0%B8%97%E0%B8%B3%E0%B8%9F%E0%B8%B1%E0%B8%99+%E0%B8%88%E0%B8%B1%E0%B8%94%E0%B8%9F%E0%B8%B1%E0%B8%99+%E0%B8%A3%E0%B8%B2%E0%B8%81%E0%B9%80%E0%B8%97%E0%B8%B5%E0%B8%A2%E0%B8%A1+%E0%B8%A7%E0%B8%87%E0%B9%80%E0%B8%A7%E0%B8%B5%E0%B8%A2%E0%B8%99%E0%B9%83%E0%B8%AB%E0%B8%8D%E0%B9%88/data=!4m7!3m6!1s0x30e298facd9a24a9:0x535e9da4d94b38d!8m2!3d13.726818!4d100.4956778!16s%2Fg%2F1ptyl7_33!19sChIJqSSazfqY4jARjbOUTdrpNQU?authuser=0&hl=en&rclk=1"
"0x30e29c165c01c11d:0xfe60859d85ccf074","Naruemol Dental Clinic","Dental clinic","
1575/17 Phahon Yothin 15 Alley, Phaya Thai, Bangkok 10400, Thailand","QGVX+XV Bangkok, Thailand","","","+66 2 279 3413","","","4.3","6","","","Open","","https://www.google.com/maps/place/Naruemol+Dental+Clinic/data=!4m7!3m6!1s0x30e29c165c01c11d:0xfe60859d85ccf074!8m2!3d13.7949472!4d100.5496341!16s%2Fg%2F1tdnbppg!19sChIJHcEBXBac4jARdPDMhZ2FYP4?authuser=0&hl=en&rclk=1"
"0x30e29be8297715e1:0xba49bd16f387ab3e","Thanongsak Dental Clinic","Dental clinic","
214 Charan Sanit Wong Rd, Bang O, Bang Phlat, Bangkok 10700, Thailand","QGW4+4W Bangkok, Thailand","","","+66 2 433 3468","","","4.8","19","","","Open","","https://www.google.com/maps/place/Thanongsak+Dental+Clinic/data=!4m7!3m6!1s0x30e29be8297715e1:0xba49bd16f387ab3e!8m2!3d13.795341!4d100.5072757!16s%2Fg%2F1tvrx4dk!19sChIJ4RV3Keib4jARPquH8xa9Sbo?authuser=0&hl=en&rclk=1"
"0x30e2985966610609:0x5930f58823c1b939","Kanokrekha Dental Clinic","Dental clinic","
423 425 ถ. เทอดไท Bang Yi Ruea, Thon Buri, Bangkok 10600, Thailand","PFCH+HR Bangkok, Thailand","","","+66 2 465 8722","","","3.3","24","","","Open","","https://www.google.com/maps/place/Kanokrekha+Dental+Clinic/data=!4m7!3m6!1s0x30e2985966610609:0x5930f58823c1b939!8m2!3d13.7214406!4d100.4795001!16s%2Fg%2F1pzthftxr!19sChIJCQZhZlmY4jARObnBI4j1MFk?authuser=0&hl=en&rclk=1"
"0x30e298a3b7683f0b:0x8b9972bd0c50c4e1","บ้านทันตแพทย์คลินิก","Dental clinic","
184/1 ถ.แฉล้มนิมิตร(ปากซอยแฉล้มนิมิตร6), Bang Khlo, Bangkok 10120, Thailand","MGW6+V6 Bangkok, Thailand","","","+66 2 291 4266","http://dentisthouse.igetweb.com/","","4.8","18","","","Open","","https://www.google.com/maps/place/%E0%B8%9A%E0%B9%89%E0%B8%B2%E0%B8%99%E0%B8%97%E0%B8%B1%E0%B8%99%E0%B8%95%E0%B9%81%E0%B8%9E%E0%B8%97%E0%B8%A2%E0%B9%8C%E0%B8%84%E0%B8%A5%E0%B8%B4%E0%B8%99%E0%B8%B4%E0%B8%81/data=!4m7!3m6!1s0x30e298a3b7683f0b:0x8b9972bd0c50c4e1!8m2!3d13.6971571!4d100.5105438!16s%2Fg%2F113fl4gy4!19sChIJCz9ot6OY4jAR4cRQDL1ymYs?authuser=0&hl=en&rclk=1"
"0x30e29fac8fbaa90b:0x3abafe072b953806","DR.SUPRANEE CLINIC Thonglor","Skin care clinic","
125, 22-23 Sukhumvit 55, Khlong Tan Nuea, Watthana, Bangkok 10110, Thailand","PHJJ+3F Bangkok, Thailand","","","+66 98 829 0922","https://www.drsupranee.com/","","4.6","24","Moderately priced","€€","Open","","https://www.google.com/maps/place/DR.SUPRANEE+CLINIC+Thonglor/data=!4m7!3m6!1s0x30e29fac8fbaa90b:0x3abafe072b953806!8m2!3d13.730198!4d100.581155!16s%2Fg%2F11bwp6v33s!19sChIJC6m6j6yf4jARBjiVKwf-ujo?authuser=0&hl=en&rclk=1"
"0x30e29e5b7989ef8b:0xc3da9a922b9e237","Bangkok Hospital","Hospital","
2 Soi Phetchaburi 47 Yaek 10, Bang Kapi, Huai Khwang, Bangkok 10310, Thailand","PHXM+G7 Bangkok, Thailand","","","+66 2 310 3000","https://www.bangkokhospital.com/","","4.7","7770","","","Open","","https://www.google.com/maps/place/Bangkok+Hospital/data=!4m7!3m6!1s0x30e29e5b7989ef8b:0xc3da9a922b9e237!8m2!3d13.7487515!4d100.5832257!16s%2Fm%2F04ybpwn!19sChIJi--JeVue4jARN-K5IqmpPQw?authuser=0&hl=en&rclk=1"
"0x30e29fcfe54058c1:0xe95515f1d6237c17","Deezy dental home รามคำแหง | ทำฟัน จัดฟัน วีเนียร์ รากฟันเทียม","Dental clinic","
2082 ซอยรามคำแหง 24, Ramkhamhaeng Rd, Hua Mak, Bang Kapi, Bangkok 10240, Thailand","QJ47+29 Bangkok, Thailand","","","+66 94 448 8813","http://www.deezydental.com/","","4.9","603","","","Open","","https://www.google.com/maps/place/Deezy+dental+home+%E0%B8%A3%E0%B8%B2%E0%B8%A1%E0%B8%84%E0%B8%B3%E0%B9%81%E0%B8%AB%E0%B8%87+%7C+%E0%B8%97%E0%B8%B3%E0%B8%9F%E0%B8%B1%E0%B8%99+%E0%B8%88%E0%B8%B1%E0%B8%94%E0%B8%9F%E0%B8%B1%E0%B8%99+%E0%B8%A7%E0%B8%B5%E0%B9%80%E0%B8%99%E0%B8%B5%E0%B8%A2%E0%B8%A3%E0%B9%8C+%E0%B8%A3%E0%B8%B2%E0%B8%81%E0%B8%9F%E0%B8%B1%E0%B8%99%E0%B9%80%E0%B8%97%E0%B8%B5%E0%B8%A2%E0%B8%A1/data=!4m7!3m6!1s0x30e29fcfe54058c1:0xe95515f1d6237c17!8m2!3d13.7550236!4d100.6134017!16s%2Fg%2F11h00kr8xp!19sChIJwVhA5c-f4jARF3wj1vEVVek?authuser=0&hl=en&rclk=1"
"0x30e29fec0202049d:0xe4899956978775c0","Bangkok International Hospital (Brain x Bone)","Private hospital","
5 Phetchaburi 47 Alley, Lane 8, Bang Kapi, Huai Khwang, Bangkok 10310, Thailand","QH2M+3H Bangkok, Thailand","","","+66 2 310 3000","https://www.bangkokhospital.com/en/bangkok-bone-brain","","4.9","2617","","","Open","","https://www.google.com/maps/place/Bangkok+International+Hospital+%28Brain+x+Bone%29/data=!4m7!3m6!1s0x30e29fec0202049d:0xe4899956978775c0!8m2!3d13.7502481!4d100.5839648!16s%2Fg%2F11f7klt47q!19sChIJnQQCAuyf4jARwHWHl1aZieQ?authuser=0&hl=en&rclk=1"
"0x30e2992b06d2e027:0x787bf930f8e7bf1","Smile Studio Dental Clinic","Dental clinic","
11 Ratchaphruek Rd, Bang Ramat, Taling Chan, Bangkok 10170, Thailand","QC6V+3R Bangkok, Thailand","","","+66 82 935 9565","https://www.facebook.com/Smile-Studio-Dental-Clinic-101943129057712","","4.9","130","","","Open","","https://www.google.com/maps/place/Smile+Studio+Dental+Clinic/data=!4m7!3m6!1s0x30e2992b06d2e027:0x787bf930f8e7bf1!8m2!3d13.7602429!4d100.4446249!16s%2Fg%2F11ptr1td1j!19sChIJJ-DSBiuZ4jAR8XuOD5O_hwc?authuser=0&hl=en&rclk=1"
"0x30e29fbea3b3ea79:0xeb1f49b1022bd6ca","บริษัท ศูนย์ทันตกรรมเทพธารินทร์ จำกัด","Dental clinic","
2439 At Narong Rd, Phra Khanong, Khlong Toei, Bangkok 10110, Thailand","PH7G+MP Bangkok, Thailand","","","+66 81 208 4211","http://www.tdcdent.com/","","5.0","83","","","Open","","https://www.google.com/maps/place/%E0%B8%9A%E0%B8%A3%E0%B8%B4%E0%B8%A9%E0%B8%B1%E0%B8%97+%E0%B8%A8%E0%B8%B9%E0%B8%99%E0%B8%A2%E0%B9%8C%E0%B8%97%E0%B8%B1%E0%B8%99%E0%B8%95%E0%B8%81%E0%B8%A3%E0%B8%A3%E0%B8%A1%E0%B9%80%E0%B8%97%E0%B8%9E%E0%B8%98%E0%B8%B2%E0%B8%A3%E0%B8%B4%E0%B8%99%E0%B8%97%E0%B8%A3%E0%B9%8C+%E0%B8%88%E0%B8%B3%E0%B8%81%E0%B8%B1%E0%B8%94/data=!4m7!3m6!1s0x30e29fbea3b3ea79:0xeb1f49b1022bd6ca!8m2!3d13.714139!4d100.5768302!16s%2Fg%2F1tctj6z_!19sChIJeeqzo76f4jARytYrArFJH-s?authuser=0&hl=en&rclk=1"
"0x30e29dbf2a371b43:0x6ff6c615aad89826","SDC dental Ladprao","Dental clinic","
เลขที่ 2101 2103 Lat Phrao Rd, Saphan Song, Wang Thonglang, Bangkok 10310, Thailand","QHWR+CP Bangkok, Thailand","","","+66 65 696 1696","https://www.facebook.com/clinicSDC?mibextid=ZbWKwL","","5.0","53","","","Open","","https://www.google.com/maps/place/SDC+dental+Ladprao/data=!4m7!3m6!1s0x30e29dbf2a371b43:0x6ff6c615aad89826!8m2!3d13.7960769!4d100.5918387!16s%2Fg%2F11h7q4dzkr!19sChIJQxs3Kr-d4jARJpjYqhXG9m8?authuser=0&hl=en&rclk=1"
"0x30e29d671bc984db:0x455ce43b11cd3c09","MEGA CLINIC ชั้น9 เซ็นทรัลลาดพร้าว เมกะคลินิก","Skin care clinic","
ชั้น9 เซ็นทรัลลาดพร้าว (BTS ห้าแยกลาดพร้าว exit1 / MRT Phahonyothin Rd, Chatuchak, Bangkok 10900, Thailand","RH86+FF Bangkok, Thailand","","","+66 82 545 9222","https://megaclinicthailand.com/","","5.0","1072","","","Open","","https://www.google.com/maps/place/MEGA+CLINIC+%E0%B8%8A%E0%B8%B1%E0%B9%89%E0%B8%999+%E0%B9%80%E0%B8%8B%E0%B9%87%E0%B8%99%E0%B8%97%E0%B8%A3%E0%B8%B1%E0%B8%A5%E0%B8%A5%E0%B8%B2%E0%B8%94%E0%B8%9E%E0%B8%A3%E0%B9%89%E0%B8%B2%E0%B8%A7+%E0%B9%80%E0%B8%A1%E0%B8%81%E0%B8%B0%E0%B8%84%E0%B8%A5%E0%B8%B4%E0%B8%99%E0%B8%B4%E0%B8%81/data=!4m7!3m6!1s0x30e29d671bc984db:0x455ce43b11cd3c09!8m2!3d13.8162365!4d100.5612117!16s%2Fg%2F11fgm76gcr!19sChIJ24TJG2ed4jARCTzNETvkXEU?authuser=0&hl=en&rclk=1"
"0x30e29d5d6c7c77f3:0xb7a6109fa7ad5a8d","CLASS Dental Clinic - โชคชัย 4 ทำฟัน จัดฟัน รับประกันสังคม/บริษัท","Dental clinic","
1702, 1704 Lat Phrao Rd, Khwaeng Wang Thonglang, วังทองหลาง, Bangkok 10310, Thailand","QHVV+JR Bangkok, Thailand","","","+66 65 662 5235","https://classdentalclinic.com/","","4.9","488","","","Open","","https://www.google.com/maps/place/CLASS+Dental+Clinic+-+%E0%B9%82%E0%B8%8A%E0%B8%84%E0%B8%8A%E0%B8%B1%E0%B8%A2+4+%E0%B8%97%E0%B8%B3%E0%B8%9F%E0%B8%B1%E0%B8%99+%E0%B8%88%E0%B8%B1%E0%B8%94%E0%B8%9F%E0%B8%B1%E0%B8%99+%E0%B8%A3%E0%B8%B1%E0%B8%9A%E0%B8%9B%E0%B8%A3%E0%B8%B0%E0%B8%81%E0%B8%B1%E0%B8%99%E0%B8%AA%E0%B8%B1%E0%B8%87%E0%B8%84%E0%B8%A1%2F%E0%B8%9A%E0%B8%A3%E0%B8%B4%E0%B8%A9%E0%B8%B1%E0%B8%97/data=!4m7!3m6!1s0x30e29d5d6c7c77f3:0xb7a6109fa7ad5a8d!8m2!3d13.794118!4d100.594624!16s%2Fg%2F11vcxy5q5n!19sChIJ83d8bF2d4jARjVqtp58Qprc?authuser=0&hl=en&rclk=1"
"0x30e29d71227c9ebb:0xd6b0ea6279a5debf","Silfah Dental Clinic คลินิกทันตกรรมศิลป์ฟ้า","Dental clinic","
754 โครงการแมคโคร Lad Prao Wanghin Rd, Lat Phrao, Bangkok 10230, Thailand","RHFR+HP Bangkok, Thailand","","","+66 62 226 9666","https://silfahdentalclinic.com/about/","","5.0","203","","","Open","","https://www.google.com/maps/place/Silfah+Dental+Clinic+%E0%B8%84%E0%B8%A5%E0%B8%B4%E0%B8%99%E0%B8%B4%E0%B8%81%E0%B8%97%E0%B8%B1%E0%B8%99%E0%B8%95%E0%B8%81%E0%B8%A3%E0%B8%A3%E0%B8%A1%E0%B8%A8%E0%B8%B4%E0%B8%A5%E0%B8%9B%E0%B9%8C%E0%B8%9F%E0%B9%89%E0%B8%B2/data=!4m7!3m6!1s0x30e29d71227c9ebb:0xd6b0ea6279a5debf!8m2!3d13.8239349!4d100.5918037!16s%2Fg%2F11gkz7lndt!19sChIJu558InGd4jARv96leWLqsNY?authuser=0&hl=en&rclk=1"
"0x30e29d9ac5e627e9:0x63d692450486188","Buddy smile dental clinic - สาขาลาดพร้าววังหิน","Dental clinic","
603 Lad Prao Wanghin Rd, Khwaeng Lat Phrao, Lat Phrao, Bangkok 10230, Thailand","RHGR+CJ Bangkok, Thailand","","","+66 95 224 2666","https://www.facebook.com/share/14EfP8V5Tp8/?mibextid=wwXIfr","","4.9","38","","","Open","","https://www.google.com/maps/place/Buddy+smile+dental+clinic+-+%E0%B8%AA%E0%B8%B2%E0%B8%82%E0%B8%B2%E0%B8%A5%E0%B8%B2%E0%B8%94%E0%B8%9E%E0%B8%A3%E0%B9%89%E0%B8%B2%E0%B8%A7%E0%B8%A7%E0%B8%B1%E0%B8%87%E0%B8%AB%E0%B8%B4%E0%B8%99/data=!4m7!3m6!1s0x30e29d9ac5e627e9:0x63d692450486188!8m2!3d13.8260307!4d100.5915401!16s%2Fg%2F11y1gflc0w!19sChIJ6SfmxZqd4jARiGFIUCRpPQY?authuser=0&hl=en&rclk=1"
"0x30e29d105a352831:0x5c3e20fd339a7e99","Your Smile Dental Clinic สาขา BTS เสนานิคม ม.เกษตร กรุงเทพ","Dental clinic","
1949 1951 Phahonyothin Rd, Lat Yao, Chatuchak, Bangkok 10900, Thailand","RHPF+65 Bangkok, Thailand","","","+66 85 825 1352","","","4.8","106","","","Open","","https://www.google.com/maps/place/Your+Smile+Dental+Clinic+%E0%B8%AA%E0%B8%B2%E0%B8%82%E0%B8%B2+BTS+%E0%B9%80%E0%B8%AA%E0%B8%99%E0%B8%B2%E0%B8%99%E0%B8%B4%E0%B8%84%E0%B8%A1+%E0%B8%A1.%E0%B9%80%E0%B8%81%E0%B8%A9%E0%B8%95%E0%B8%A3+%E0%B8%81%E0%B8%A3%E0%B8%B8%E0%B8%87%E0%B9%80%E0%B8%97%E0%B8%9E/data=!4m7!3m6!1s0x30e29d105a352831:0x5c3e20fd339a7e99!8m2!3d13.8355172!4d100.5729486!16s%2Fg%2F11qngqw4p4!19sChIJMSg1WhCd4jARmX6aM_0gPlw?authuser=0&hl=en&rclk=1"
"0x30e29df00ee12947:0x309c176a26e6562","InnoDENT","Dental clinic","
583 Pradit Manutham Rd, Wang Thonglang, Bangkok 10310, Thailand","QJQ5+HM Bangkok, Thailand","","","+66 92 426 1415","http://www.facebook.com/InnoDENT","","4.9","83","","","Open","","https://www.google.com/maps/place/InnoDENT/data=!4m7!3m6!1s0x30e29df00ee12947:0x309c176a26e6562!8m2!3d13.7889646!4d100.6091406!16s%2Fg%2F1v1km9ky!19sChIJRynhDvCd4jARYmVuonbBCQM?authuser=0&hl=en&rclk=1"
"0x30e29b00543aa863:0xf2bf0b0679d6ce1d","Tooth Tonic Dental Clinic","Dental clinic","
RC9X+5R8, Bang Khun Kong, Bang Kruai District, Nonthaburi 11130, Thailand","","","","+66 92 988 3645","","","4.9","86","","","Open","","https://www.google.com/maps/place/Tooth+Tonic+Dental+Clinic/data=!4m7!3m6!1s0x30e29b00543aa863:0xf2bf0b0679d6ce1d!8m2!3d13.8179034!4d100.4495769!16s%2Fg%2F11x1_zs4gb!19sChIJY6g6VACb4jARHc7WeQYLv_I?authuser=0&hl=en&rclk=1"
"0x30e283f03aac1447:0x952204b394c25aa5","The Boss Dental Clinic คลินิกทันตกรรมเดอะบอส ทำฟัน จัดฟัน รากฟันเทียม","Dental clinic","
Prachaniwet3, 45/1, Tasai, Nonthaburi 11000, Thailand","VGGJ+28 Nonthaburi, Mueang Nonthaburi District, Nonthaburi, Thailand","","","+66 99 239 2424","https://www.facebook.com/profile.php?id=61566501970987","","5.0","60","","","Open","","https://www.google.com/maps/place/The+Boss+Dental+Clinic+%E0%B8%84%E0%B8%A5%E0%B8%B4%E0%B8%99%E0%B8%B4%E0%B8%81%E0%B8%97%E0%B8%B1%E0%B8%99%E0%B8%95%E0%B8%81%E0%B8%A3%E0%B8%A3%E0%B8%A1%E0%B9%80%E0%B8%94%E0%B8%AD%E0%B8%B0%E0%B8%9A%E0%B8%AD%E0%B8%AA+%E0%B8%97%E0%B8%B3%E0%B8%9F%E0%B8%B1%E0%B8%99+%E0%B8%88%E0%B8%B1%E0%B8%94%E0%B8%9F%E0%B8%B1%E0%B8%99+%E0%B8%A3%E0%B8%B2%E0%B8%81%E0%B8%9F%E0%B8%B1%E0%B8%99%E0%B9%80%E0%B8%97%E0%B8%B5%E0%B8%A2%E0%B8%A1/data=!4m7!3m6!1s0x30e283f03aac1447:0x952204b394c25aa5!8m2!3d13.8750561!4d100.5307609!16s%2Fg%2F11wj510hvj!19sChIJRxSsOvCD4jARpVrClLMEIpU?authuser=0&hl=en&rclk=1"
"0x30e29a03f448e001:0xfa6a9fb02206935","Rachapruk Dental Care","Dental clinic","
33/6 Ratchaphruek Rd, Taling Chan, Bangkok 10170, Thailand","QCQW+F8 Bangkok, Thailand","","","+66 2 432 0998","https://www.facebook.com/rdcdentalcare/","","4.9","74","","","Open","","https://www.google.com/maps/place/Rachapruk+Dental+Care/data=!4m7!3m6!1s0x30e29a03f448e001:0xfa6a9fb02206935!8m2!3d13.7887222!4d100.445857!16s%2Fg%2F11g8wvrpnd!19sChIJAeBI9AOa4jARNWkgAvuppg8?authuser=0&hl=en&rclk=1"
"0x30e29822609167a1:0x1c853d161eb1a2ef","คลินิกทันตกรรมเพชร 46 l Petch 46 dental clinic","Dental clinic","
191 Soi Phet Kasem 46, Bang Wa, Phasi Charoen, Bangkok 10160, Thailand","PC8X+R4 Bangkok, Thailand","","","+66 2 467 3965","https://lin.ee/sV9lxRl","","4.9","80","","","Open","","https://www.google.com/maps/place/%E0%B8%84%E0%B8%A5%E0%B8%B4%E0%B8%99%E0%B8%B4%E0%B8%81%E0%B8%97%E0%B8%B1%E0%B8%99%E0%B8%95%E0%B8%81%E0%B8%A3%E0%B8%A3%E0%B8%A1%E0%B9%80%E0%B8%9E%E0%B8%8A%E0%B8%A3+46+l+Petch+46+dental+clinic/data=!4m7!3m6!1s0x30e29822609167a1:0x1c853d161eb1a2ef!8m2!3d13.7170213!4d100.4478169!16s%2Fg%2F1hc6bvb93!19sChIJoWeRYCKY4jAR76KxHhY9hRw?authuser=0&hl=en&rclk=1"
"0x30e2981f517139c3:0xd8651e425a6cc12e","Kwanjai Dental Clinic","Dental clinic","
333 Phet Kasem Rd, Bang Wa, Phasi Charoen, Bangkok 10160, Thailand","PC8V+3X Bangkok, Thailand","","","+66 2 868 9732","https://www.kwanjaidentalclinic.com/","","4.7","36","","","Open","","https://www.google.com/maps/place/Kwanjai+Dental+Clinic/data=!4m7!3m6!1s0x30e2981f517139c3:0xd8651e425a6cc12e!8m2!3d13.7151455!4d100.4449362!16s%2Fg%2F1xc60l7g!19sChIJwzlxUR-Y4jARLsFsWkIeZdg?authuser=0&hl=en&rclk=1"
"0x30e2a31c9faf50bb:0x72986f67988426b5","ดีเอส คลีนิคทันตกรรม พระราม 2 ซอย 43(DS DENTAL CLINIC Rama II Soi 43)","Dental clinic","
15 ถนน Rama 2 Soi 43, Bang Mot, Chom Thong, Bangkok 10150, Thailand","MFC4+PP Bangkok, Thailand","","","+66 65 649 9090","","","5.0","9","","","Open","","https://www.google.com/maps/place/%E0%B8%94%E0%B8%B5%E0%B9%80%E0%B8%AD%E0%B8%AA+%E0%B8%84%E0%B8%A5%E0%B8%B5%E0%B8%99%E0%B8%B4%E0%B8%84%E0%B8%97%E0%B8%B1%E0%B8%99%E0%B8%95%E0%B8%81%E0%B8%A3%E0%B8%A3%E0%B8%A1+%E0%B8%9E%E0%B8%A3%E0%B8%B0%E0%B8%A3%E0%B8%B2%E0%B8%A1+2+%E0%B8%8B%E0%B8%AD%E0%B8%A2+43%28DS+DENTAL+CLINIC+Rama+II+Soi+43%29/data=!4m7!3m6!1s0x30e2a31c9faf50bb:0x72986f67988426b5!8m2!3d13.6718564!4d100.4568419!16s%2Fg%2F11tc_hk54x!19sChIJu1Cvnxyj4jARtSaEmGdvmHI?authuser=0&hl=en&rclk=1"
"0x30e29fb8da546ab5:0xc183259f9ae46ab8","Sirichai Dental Clinic","Dental clinic","
36/2 คลินิกศิริชัยทันตกรรม ถนน สุขุมวิท 71 Phra Khanong North, Watthana, Bangkok 10110, Thailand","PH8W+73 Bangkok, Thailand","","","+66 2 715 3525","","","4.8","41","","","Open","","https://www.google.com/maps/place/Sirichai+Dental+Clinic/data=!4m7!3m6!1s0x30e29fb8da546ab5:0xc183259f9ae46ab8!8m2!3d13.7157271!4d100.5951988!16s%2Fg%2F1hm3f44qr!19sChIJtWpU2rif4jARuGrkmp8lg8E?authuser=0&hl=en&rclk=1"
"0x30e29f9ad910f94b:0x7b4824a87dacb343","คลินิกทันตกรรมโอเค 2 (Ok Dental Clinic 2)","Dental clinic","
2041/1 Sukhumvit 77/1 Alley, Phra Khanong Nuea, Watthana, Bangkok 10110, Thailand","PJ52+69 Bangkok, Thailand","","","+66 86 355 9997","https://www.facebook.com/pg/OkDental2/about/","","4.9","98","","","Open","","https://www.google.com/maps/place/%E0%B8%84%E0%B8%A5%E0%B8%B4%E0%B8%99%E0%B8%B4%E0%B8%81%E0%B8%97%E0%B8%B1%E0%B8%99%E0%B8%95%E0%B8%81%E0%B8%A3%E0%B8%A3%E0%B8%A1%E0%B9%82%E0%B8%AD%E0%B9%80%E0%B8%84+2+%28Ok+Dental+Clinic+2%29/data=!4m7!3m6!1s0x30e29f9ad910f94b:0x7b4824a87dacb343!8m2!3d13.7080539!4d100.6009273!16s%2Fg%2F11g18y2mhf!19sChIJS_kQ2Zqf4jARQ7OsfagkSHs?authuser=0&hl=en&rclk=1"
"0x30e29c3751cbd391:0x4698877170c6f2f4","คลินิกทันตกรรมบ้านฟัน","Dental clinic","
15/132-133 ซอยโชคชัยร่วมมิตร ถนนวิภาวดีรังสิต แขวงจอมพล Bangkok 10900, Thailand","QHW7+M8 Bangkok, Thailand","","","+66 2 277 3009","","","4.5","11","","","Open","","https://www.google.com/maps/place/%E0%B8%84%E0%B8%A5%E0%B8%B4%E0%B8%99%E0%B8%B4%E0%B8%81%E0%B8%97%E0%B8%B1%E0%B8%99%E0%B8%95%E0%B8%81%E0%B8%A3%E0%B8%A3%E0%B8%A1%E0%B8%9A%E0%B9%89%E0%B8%B2%E0%B8%99%E0%B8%9F%E0%B8%B1%E0%B8%99/data=!4m7!3m6!1s0x30e29c3751cbd391:0x4698877170c6f2f4!8m2!3d13.7966493!4d100.5633608!16s%2Fg%2F1pp2txn5p!19sChIJkdPLUTec4jAR9PLGcHGHmEY?authuser=0&hl=en&rclk=1"
"0x30e29e4e870f1a39:0xe4437edad85767fc","คลินิกทันตกรรม เดอะ ทูธ คลับ The Tooth Club","Dental clinic","
435 Soi Sukhumvit 63, Khlong Tan Nuea, Watthana, Bangkok 10110, Thailand","PHQQ+8G Bangkok, Thailand","","","+66 61 384 8877","https://thetoothclubclinic.com/","","4.8","138","","","Open","","https://www.google.com/maps/place/%E0%B8%84%E0%B8%A5%E0%B8%B4%E0%B8%99%E0%B8%B4%E0%B8%81%E0%B8%97%E0%B8%B1%E0%B8%99%E0%B8%95%E0%B8%81%E0%B8%A3%E0%B8%A3%E0%B8%A1+%E0%B9%80%E0%B8%94%E0%B8%AD%E0%B8%B0+%E0%B8%97%E0%B8%B9%E0%B8%98+%E0%B8%84%E0%B8%A5%E0%B8%B1%E0%B8%9A+The+Tooth+Club/data=!4m7!3m6!1s0x30e29e4e870f1a39:0xe4437edad85767fc!8m2!3d13.738338!4d100.58882!16s%2Fg%2F1pp2wy1lx!19sChIJORoPh06e4jAR_GdX2Np-Q-Q?authuser=0&hl=en&rclk=1"
"0x30e29c77b4a91919:0x9293767af02254f3","คลินิกทันตกรรมฮันนี่บี ทำฟันเตาปูน - Honeybee dental clinic","Dental clinic","
569 ถ. กรุงเทพ - นนทบุรี Bang Sue, Bangkok 10800, Thailand","RG6J+QF Bangkok, Thailand","","","+66 66 158 5526","http://www.facebook.com/honeybeedent","","4.9","159","","","Open","","https://www.google.com/maps/place/%E0%B8%84%E0%B8%A5%E0%B8%B4%E0%B8%99%E0%B8%B4%E0%B8%81%E0%B8%97%E0%B8%B1%E0%B8%99%E0%B8%95%E0%B8%81%E0%B8%A3%E0%B8%A3%E0%B8%A1%E0%B8%AE%E0%B8%B1%E0%B8%99%E0%B8%99%E0%B8%B5%E0%B9%88%E0%B8%9A%E0%B8%B5+%E0%B8%97%E0%B8%B3%E0%B8%9F%E0%B8%B1%E0%B8%99%E0%B9%80%E0%B8%95%E0%B8%B2%E0%B8%9B%E0%B8%B9%E0%B8%99+-+Honeybee+dental+clinic/data=!4m7!3m6!1s0x30e29c77b4a91919:0x9293767af02254f3!8m2!3d13.8119678!4d100.531228!16s%2Fg%2F1pt_vc369!19sChIJGRmptHec4jAR81Qi8Hp2k5I?authuser=0&hl=en&rclk=1"
"0x30e2a3734c150fd3:0xf865a83d0ea9033f","The Smile Circle Dental Clinic","Dental clinic","
119 42-43 Suk Sawat Rd, Lat Luang, Phra Pradaeng District, Samut Prakan 10130, Thailand","MG3C+V5 Lat Luang, Phra Pradaeng District, Samut Prakan, Thailand","","","+66 84 252 6084","http://www.facebook.com/thesmilecircle","","5.0","174","","","Open","","https://www.google.com/maps/place/The+Smile+Circle+Dental+Clinic/data=!4m7!3m6!1s0x30e2a3734c150fd3:0xf865a83d0ea9033f!8m2!3d13.6546756!4d100.5204156!16s%2Fg%2F11l1y2qk1b!19sChIJ0w8VTHOj4jARPwOpDj2oZfg?authuser=0&hl=en&rclk=1"
"0x30e2a1e190777de3:0x3e84ed7b10185cb0","MS SIAM TOWER","Office space rental agency","
1023, อาคารเอ็มเอส สยาม ทาวเวอร์ Rama III Rd, Chong Nonsi, Yan Nawa, Bangkok 10120, Thailand","MGPW+GW Bangkok, Thailand","","","+66 86 386 3786","http://www.mssiamtower.com/","","4.4","494","Moderately priced","€€","Open","","https://www.google.com/maps/place/MS+SIAM+TOWER/data=!4m7!3m6!1s0x30e2a1e190777de3:0x3e84ed7b10185cb0!8m2!3d13.6863417!4d100.5473102!16s%2Fg%2F11fxz7k0fb!19sChIJ4313kOGh4jARsFwYEHvthD4?authuser=0&hl=en&rclk=1"
"0x30e2a22fa29ee93b:0xffc601cdb1892dfd","Happy Dental Clinic","Dental clinic","
90, หมู่บ้าน Biztown, 1 Suk Sawat Rd, Phra Pradaeng District, Samut Prakan 10130, Thailand","MG3C+F7 Lat Luang, Phra Pradaeng District, Samut Prakan, Thailand","","","+66 2 462 7091","","","4.9","193","","","Open","","https://www.google.com/maps/place/Happy+Dental+Clinic/data=!4m7!3m6!1s0x30e2a22fa29ee93b:0xffc601cdb1892dfd!8m2!3d13.6537494!4d100.5207049!16s%2Fg%2F11c2qttfz5!19sChIJO-meoi-i4jAR_S2Jsc0Bxv8?authuser=0&hl=en&rclk=1"
"0x30e29fec06484cef:0xe9d9d5c680eaeeea","Beyond Smile Dental Clinic","Dental clinic","
1770 Sukhumvit 54/1 Alley, Bang Chak, Phra Khanong, Bangkok 10260, Thailand","PJ32+4Q Bangkok, Thailand","","","+66 92 421 8484","http://www.beyondsmileclinic.com/","","4.8","60","","","Open","","https://www.google.com/maps/place/Beyond+Smile+Dental+Clinic/data=!4m7!3m6!1s0x30e29fec06484cef:0xe9d9d5c680eaeeea!8m2!3d13.7027771!4d100.6019948!16s%2Fg%2F11c43dhlc3!19sChIJ70xIBuyf4jAR6u7qgMbV2ek?authuser=0&hl=en&rclk=1"
"0xa7dd7805f127647:0xe605169aed900e53","Tiny Smile Dental Clinic คลินิกทันตกรรมเด็ก ไทนี่สไมล์ จัดฟัน ทำฟัน","Dental clinic","
982 Rama III Rd, บางโพงพาง, Yan Nawa, Bangkok 10120, Thailand","MGFW+R2 Bangkok, Thailand","","","+66 92 241 9936","https://tinysmiledental.com/","","5.0","10","","","Open","","https://www.google.com/maps/place/Tiny+Smile+Dental+Clinic+%E0%B8%84%E0%B8%A5%E0%B8%B4%E0%B8%99%E0%B8%B4%E0%B8%81%E0%B8%97%E0%B8%B1%E0%B8%99%E0%B8%95%E0%B8%81%E0%B8%A3%E0%B8%A3%E0%B8%A1%E0%B9%80%E0%B8%94%E0%B9%87%E0%B8%81+%E0%B9%84%E0%B8%97%E0%B8%99%E0%B8%B5%E0%B9%88%E0%B8%AA%E0%B9%84%E0%B8%A1%E0%B8%A5%E0%B9%8C+%E0%B8%88%E0%B8%B1%E0%B8%94%E0%B8%9F%E0%B8%B1%E0%B8%99+%E0%B8%97%E0%B8%B3%E0%B8%9F%E0%B8%B1%E0%B8%99/data=!4m7!3m6!1s0xa7dd7805f127647:0xe605169aed900e53!8m2!3d13.6745683!4d100.5450805!16s%2Fg%2F11wxh88fk7!19sChIJR3YSX4DXfQoRUw6Q7ZoWBeY?authuser=0&hl=en&rclk=1"
"0x30e29980eb6f3c0d:0xa51f90c28d674050","คลินิกทันตกรรมรัชดา-ท่าพระ11","Dental clinic","
405 Soi Thoet Thai 33, Dao Khanong, Thon Buri, Bangkok 10600, Thailand","PF5H+H5 Bangkok, Thailand","","","+66 94 856 4455","","","5.0","25","","","Open","","https://www.google.com/maps/place/%E0%B8%84%E0%B8%A5%E0%B8%B4%E0%B8%99%E0%B8%B4%E0%B8%81%E0%B8%97%E0%B8%B1%E0%B8%99%E0%B8%95%E0%B8%81%E0%B8%A3%E0%B8%A3%E0%B8%A1%E0%B8%A3%E0%B8%B1%E0%B8%8A%E0%B8%94%E0%B8%B2-%E0%B8%97%E0%B9%88%E0%B8%B2%E0%B8%9E%E0%B8%A3%E0%B8%B011/data=!4m7!3m6!1s0x30e29980eb6f3c0d:0xa51f90c28d674050!8m2!3d13.7089725!4d100.4779463!16s%2Fg%2F11j2f_fqn5!19sChIJDTxv64CZ4jARUEBnjcKQH6U?authuser=0&hl=en&rclk=1"
"0x30e29fee6609f95d:0xb6e6ffe89dc456b2","Bangkok Dental Studio","Dental clinic","
1930 1 Sukhumvit Rd, Bang Chak, Phra Khanong, Bangkok 10260, Thailand","MJX3+QJ Bangkok, Thailand","","","+66 93 669 5529","","","4.9","41","","","Open","","https://www.google.com/maps/place/Bangkok+Dental+Studio/data=!4m7!3m6!1s0x30e29fee6609f95d:0xb6e6ffe89dc456b2!8m2!3d13.6994174!4d100.6040025!16s%2Fg%2F11clydcr54!19sChIJXfkJZu6f4jARslbEnej_5rY?authuser=0&hl=en&rclk=1"
"0x30e2a1dcee6100d1:0x729f560bea649eeb","PLUS Dental Clinic | สาขาอุดมสุข | คลินิกทันตกรรมและจัดฟัน ขูดหินปูน อุดฟัน ถอนฟัน ฟันปลอม ฟันขาว วีเนียร์ รักษารากฟัน","Dental clinic","
2834 Sukhumvit Rd, Bang Na Nuea, Bang Na, Bangkok 10260, Thailand","MJH5+GG Bangkok, Thailand","","","+66 82 960 1969","https://www.plusdentalclinic.com/","","4.9","939","","","Open","","https://www.google.com/maps/place/PLUS+Dental+Clinic+%7C+%E0%B8%AA%E0%B8%B2%E0%B8%82%E0%B8%B2%E0%B8%AD%E0%B8%B8%E0%B8%94%E0%B8%A1%E0%B8%AA%E0%B8%B8%E0%B8%82+%7C+%E0%B8%84%E0%B8%A5%E0%B8%B4%E0%B8%99%E0%B8%B4%E0%B8%81%E0%B8%97%E0%B8%B1%E0%B8%99%E0%B8%95%E0%B8%81%E0%B8%A3%E0%B8%A3%E0%B8%A1%E0%B9%81%E0%B8%A5%E0%B8%B0%E0%B8%88%E0%B8%B1%E0%B8%94%E0%B8%9F%E0%B8%B1%E0%B8%99+%E0%B8%82%E0%B8%B9%E0%B8%94%E0%B8%AB%E0%B8%B4%E0%B8%99%E0%B8%9B%E0%B8%B9%E0%B8%99+%E0%B8%AD%E0%B8%B8%E0%B8%94%E0%B8%9F%E0%B8%B1%E0%B8%99+%E0%B8%96%E0%B8%AD%E0%B8%99%E0%B8%9F%E0%B8%B1%E0%B8%99+%E0%B8%9F%E0%B8%B1%E0%B8%99%E0%B8%9B%E0%B8%A5%E0%B8%AD%E0%B8%A1+%E0%B8%9F%E0%B8%B1%E0%B8%99%E0%B8%82%E0%B8%B2%E0%B8%A7+%E0%B8%A7%E0%B8%B5%E0%B9%80%E0%B8%99%E0%B8%B5%E0%B8%A2%E0%B8%A3%E0%B9%8C+%E0%B8%A3%E0%B8%B1%E0%B8%81%E0%B8%A9%E0%B8%B2%E0%B8%A3%E0%B8%B2%E0%B8%81%E0%B8%9F%E0%B8%B1%E0%B8%99/data=!4m7!3m6!1s0x30e2a1dcee6100d1:0x729f560bea649eeb!8m2!3d13.6787733!4d100.6088058!16s%2Fg%2F11g4h_m5xk!19sChIJ0QBh7tyh4jAR655k6gtWn3I?authuser=0&hl=en&rclk=1"
"0x311d5f3f7e482b7b:0xe45def4edc743912","Tooth Mood Dental Clinic | ทำฟัน รากฟันเทียม ฟันปลอม จัดฟัน รักษารากฟัน ฟอกสีฟัน โดยทันตแพทย์เฉพาะทาง","Dental clinic","
377 Bang Na-Trat Frontage Rd, Bang Na Nuea, Bang Na, Bangkok 10260, Thailand","MJ9G+WH Bangkok, Thailand","","","+66 96 242 5224","https://www.toothmood.com/","","5.0","219","","","Open","","https://www.google.com/maps/place/Tooth+Mood+Dental+Clinic+%7C+%E0%B8%97%E0%B8%B3%E0%B8%9F%E0%B8%B1%E0%B8%99+%E0%B8%A3%E0%B8%B2%E0%B8%81%E0%B8%9F%E0%B8%B1%E0%B8%99%E0%B9%80%E0%B8%97%E0%B8%B5%E0%B8%A2%E0%B8%A1+%E0%B8%9F%E0%B8%B1%E0%B8%99%E0%B8%9B%E0%B8%A5%E0%B8%AD%E0%B8%A1+%E0%B8%88%E0%B8%B1%E0%B8%94%E0%B8%9F%E0%B8%B1%E0%B8%99+%E0%B8%A3%E0%B8%B1%E0%B8%81%E0%B8%A9%E0%B8%B2%E0%B8%A3%E0%B8%B2%E0%B8%81%E0%B8%9F%E0%B8%B1%E0%B8%99+%E0%B8%9F%E0%B8%AD%E0%B8%81%E0%B8%AA%E0%B8%B5%E0%B8%9F%E0%B8%B1%E0%B8%99+%E0%B9%82%E0%B8%94%E0%B8%A2%E0%B8%97%E0%B8%B1%E0%B8%99%E0%B8%95%E0%B9%81%E0%B8%9E%E0%B8%97%E0%B8%A2%E0%B9%8C%E0%B9%80%E0%B8%89%E0%B8%9E%E0%B8%B2%E0%B8%B0%E0%B8%97%E0%B8%B2%E0%B8%87/data=!4m7!3m6!1s0x311d5f3f7e482b7b:0xe45def4edc743912!8m2!3d13.6698725!4d100.6263901!16s%2Fg%2F11wr26t2kz!19sChIJeytIfj9fHTEREjl03E7vXeQ?authuser=0&hl=en&rclk=1"
"0x311d61000b1b9157:0x1a42df63af9ca4cd","LuxeSmile Dental Clinic","Dental clinic","
256 1 Ramkhamhaeng 65 Alley, Phlabphla, Wang Thonglang, Bangkok 10310, Thailand","QJ9F+55 Bangkok, Thailand","","","+66 65 950 6133","https://www.facebook.com/profile.php?id=61555853752041&mibextid=ZbWKwL","","4.9","99","","","Open","","https://www.google.com/maps/place/LuxeSmile+Dental+Clinic/data=!4m7!3m6!1s0x311d61000b1b9157:0x1a42df63af9ca4cd!8m2!3d13.7679672!4d100.6229755!16s%2Fg%2F11lczy2lxs!19sChIJV5EbCwBhHTERzaScr2PfQho?authuser=0&hl=en&rclk=1"
"0x311d6200630cf2fb:0x1219390b0b2e9801","ทันตกรรมสีขาว White Dental Clinic","Cosmetic dentist","
Lat Phrao 116 Alley, Phlabphla, Wang Thonglang, Bangkok 10310, Thailand","QJHC+G6 Bangkok, Thailand","","","+66 86 434 8038","http://www.white-dentalclinic.com/","","4.9","43","","","Open","","https://www.google.com/maps/place/%E0%B8%97%E0%B8%B1%E0%B8%99%E0%B8%95%E0%B8%81%E0%B8%A3%E0%B8%A3%E0%B8%A1%E0%B8%AA%E0%B8%B5%E0%B8%82%E0%B8%B2%E0%B8%A7+White+Dental+Clinic/data=!4m7!3m6!1s0x311d6200630cf2fb:0x1219390b0b2e9801!8m2!3d13.7787679!4d100.6205285!16s%2Fg%2F12lsp__vt!19sChIJ-_IMYwBiHTERAZguCws5GRI?authuser=0&hl=en&rclk=1"
"0x30e29f7cbdd5627d:0x8786648fc50efcc","Athome Dental clinic คลินิกทันตกรรม","Dentist","
1281 Ramkhamhaeng Rd, Hua Mak, Bang Kapi, Bangkok 10240, Thailand","QMC6+6P Bangkok, Thailand","","","+66 86 321 2111","https://www.athomedentalclinic.com/","","5.0","98","","","Open","","https://www.google.com/maps/place/Athome+Dental+clinic+%E0%B8%84%E0%B8%A5%E0%B8%B4%E0%B8%99%E0%B8%B4%E0%B8%81%E0%B8%97%E0%B8%B1%E0%B8%99%E0%B8%95%E0%B8%81%E0%B8%A3%E0%B8%A3%E0%B8%A1/data=!4m7!3m6!1s0x30e29f7cbdd5627d:0x8786648fc50efcc!8m2!3d13.7705054!4d100.6618099!16s%2Fg%2F11p5lkmhld!19sChIJfWLVvXyf4jARzO9Q_EhmeAg?authuser=0&hl=en&rclk=1"
"0x311d61e52a3ed9d9:0xe2ad9899410eb78b","META Dental Clinic คลินิกทันตกรรมเมตตาเดนทอลคลินิก","Dental clinic","
Krungthep Kreetha Rd, Hua Mak, Bang Kapi, Bangkok 10240, Thailand","PMX9+P4 Bangkok, Thailand","","","+66 92 286 9996","https://www.facebook.com/Meta-Dental-Clinic-107692571914183/","","5.0","198","","","Open","","https://www.google.com/maps/place/META+Dental+Clinic+%E0%B8%84%E0%B8%A5%E0%B8%B4%E0%B8%99%E0%B8%B4%E0%B8%81%E0%B8%97%E0%B8%B1%E0%B8%99%E0%B8%95%E0%B8%81%E0%B8%A3%E0%B8%A3%E0%B8%A1%E0%B9%80%E0%B8%A1%E0%B8%95%E0%B8%95%E0%B8%B2%E0%B9%80%E0%B8%94%E0%B8%99%E0%B8%97%E0%B8%AD%E0%B8%A5%E0%B8%84%E0%B8%A5%E0%B8%B4%E0%B8%99%E0%B8%B4%E0%B8%81/data=!4m7!3m6!1s0x311d61e52a3ed9d9:0xe2ad9899410eb78b!8m2!3d13.7493167!4d100.6678144!16s%2Fg%2F11ryqlnnpw!19sChIJ2dk-KuVhHTERi7cOQZmYreI?authuser=0&hl=en&rclk=1"
"0x30e29fbae9862607:0xff379403c4480522","Sukumvit Hospital","Hospital","
1411 Sukhumvit Rd, Phra Khanong Nuea, Watthana, Bangkok 10110, Thailand","PH9Q+F2 Bangkok, Thailand","","","+66 2 391 0011","http://www.sukumvithospital.com/","","4.4","2008","Moderately priced","€€","Open","","https://www.google.com/maps/place/Sukumvit+Hospital/data=!4m7!3m6!1s0x30e29fbae9862607:0xff379403c4480522!8m2!3d13.7187489!4d100.587598!16s%2Fg%2F1vyj_zcb!19sChIJByaG6bqf4jARIgVIxAOUN_8?authuser=0&hl=en&rclk=1"
"0x30e2a35c4cd39c67:0xeaf4441484b66061","ID Dental Clinic ไอดีเด็นทัลคลินิกทันตกรรม สาขาบิ๊กซี สุขสวัสดิ์","Dental clinic","
ชั้น 2 ห้อง 2CR228 ไอดีเด็นทัลคลินิกทันตกรรม 94 บิ๊กซี ซูเปอร์เซ็นเตอร์ Thanakhan Krung Thai Sakha Suk Sawat Alley, Phra Pradaeng District, Samut Prakan 10130, Thailand","MG3C+GR Lat Luang, Phra Pradaeng District, Samut Prakan, Thailand","","","+66 92 936 5099","","","2.5","6","","","Open","","https://www.google.com/maps/place/ID+Dental+Clinic+%E0%B9%84%E0%B8%AD%E0%B8%94%E0%B8%B5%E0%B9%80%E0%B8%94%E0%B9%87%E0%B8%99%E0%B8%97%E0%B8%B1%E0%B8%A5%E0%B8%84%E0%B8%A5%E0%B8%B4%E0%B8%99%E0%B8%B4%E0%B8%81%E0%B8%97%E0%B8%B1%E0%B8%99%E0%B8%95%E0%B8%81%E0%B8%A3%E0%B8%A3%E0%B8%A1+%E0%B8%AA%E0%B8%B2%E0%B8%82%E0%B8%B2%E0%B8%9A%E0%B8%B4%E0%B9%8A%E0%B8%81%E0%B8%8B%E0%B8%B5+%E0%B8%AA%E0%B8%B8%E0%B8%82%E0%B8%AA%E0%B8%A7%E0%B8%B1%E0%B8%AA%E0%B8%94%E0%B8%B4%E0%B9%8C/data=!4m7!3m6!1s0x30e2a35c4cd39c67:0xeaf4441484b66061!8m2!3d13.6538533!4d100.5221019!16s%2Fg%2F11nfp9lbgj!19sChIJZ5zTTFyj4jARYWC2hBRE9Oo?authuser=0&hl=en&rclk=1"
"0x30e29dc8b2532bb3:0x9f026f751a96bae9","Lat Phrao 48 Medical","Health","
681/3-4 Soi Lat Phrao 48, Samsen Nok, Huai Khwang, Bangkok 10310, Thailand","QHWP+42 Bangkok, Thailand","","","+66 2 276 9041","https://m.facebook.com/ladprao48clinic/?locale2=th_TH","","4.5","62","","","Open","","https://www.google.com/maps/place/Lat+Phrao+48+Medical/data=!4m7!3m6!1s0x30e29dc8b2532bb3:0x9f026f751a96bae9!8m2!3d13.7953364!4d100.5850928!16s%2Fg%2F1td27s6c!19sChIJsytTssid4jAR6bqWGnVvAp8?authuser=0&hl=en&rclk=1"
"0x30e2a3928a8429fb:0x9fd66543be46689c","i zee smile dental clinic","Dental clinic","
123 923 Pracha Uthit Rd, Bang Mot, Thung Khru, Bangkok 10140, Thailand","JFVX+9J Bangkok, Thailand","","","+66 64 225 2081","https://www.facebook.com/izeesmiledent/?modal=admin_todo_tour","","5.0","12","","","Open","","https://www.google.com/maps/place/i+zee+smile+dental+clinic/data=!4m7!3m6!1s0x30e2a3928a8429fb:0x9fd66543be46689c!8m2!3d13.6434207!4d100.4990084!16s%2Fg%2F11fm7dqsnd!19sChIJ-ymEipKj4jARnGhGvkNl1p8?authuser=0&hl=en&rclk=1"
"0x311d5ff0ae107675:0x82cfbf5e01d8e4b0","WE Dental Clinic คลินิกทันตกรรมวี","Dental clinic","
41, 15 Sukhumvit 113, Samrong Nuea, Mueang Samut Prakan District, Samut Prakan 10270, Thailand","JJMG+43 Samrong Nuea, Mueang Samut Prakan District, Samut Prakan, Thailand","","","+66 98 484 6550","","","4.9","118","","","Open","","https://www.google.com/maps/place/WE+Dental+Clinic+%E0%B8%84%E0%B8%A5%E0%B8%B4%E0%B8%99%E0%B8%B4%E0%B8%81%E0%B8%97%E0%B8%B1%E0%B8%99%E0%B8%95%E0%B8%81%E0%B8%A3%E0%B8%A3%E0%B8%A1%E0%B8%A7%E0%B8%B5/data=!4m7!3m6!1s0x311d5ff0ae107675:0x82cfbf5e01d8e4b0!8m2!3d13.6328728!4d100.6252458!16s%2Fg%2F11nfbt8v_t!19sChIJdXYQrvBfHTERsOTYAV6_z4I?authuser=0&hl=en&rclk=1"
"0x30e29dd6b6ca08fb:0x5bbcc49bda217adc","Playground Dental Clinic สาขาลาดพร้าวซอย1","Dental clinic","
189 10-11 Lat Phrao 1, Chom Phon, Chatuchak, Bangkok 10900, Thailand","RH77+45 Bangkok, Thailand","","","+66 63 956 9097","https://www.facebook.com/PlaygroundDentalClinicBkk","","4.8","65","","","Open","","https://www.google.com/maps/place/Playground+Dental+Clinic+%E0%B8%AA%E0%B8%B2%E0%B8%82%E0%B8%B2%E0%B8%A5%E0%B8%B2%E0%B8%94%E0%B8%9E%E0%B8%A3%E0%B9%89%E0%B8%B2%E0%B8%A7%E0%B8%8B%E0%B8%AD%E0%B8%A21/data=!4m7!3m6!1s0x30e29dd6b6ca08fb:0x5bbcc49bda217adc!8m2!3d13.8127862!4d100.5629363!16s%2Fg%2F11jwjk41v6!19sChIJ-wjKttad4jAR3Hoh2pvEvFs?authuser=0&hl=en&rclk=1"
"0x30e29f5292f90f69:0x28c852a0c9467106","โฮม เด็นตัล คลินิก","Dental clinic","
269, 27 ถนน สาธุประดิษฐ์ Chong Nonsi, Yan Nawa, Bangkok 10120, Thailand","MGXJ+JJ Bangkok, Thailand","","","+66 2 674 0208","","","4.5","10","","","Open","","https://www.google.com/maps/place/%E0%B9%82%E0%B8%AE%E0%B8%A1+%E0%B9%80%E0%B8%94%E0%B9%87%E0%B8%99%E0%B8%95%E0%B8%B1%E0%B8%A5+%E0%B8%84%E0%B8%A5%E0%B8%B4%E0%B8%99%E0%B8%B4%E0%B8%81/data=!4m7!3m6!1s0x30e29f5292f90f69:0x28c852a0c9467106!8m2!3d13.6990571!4d100.5315795!16s%2Fg%2F12lk9dncz!19sChIJaQ_5klKf4jARBnFGyaBSyCg?authuser=0&hl=en&rclk=1"
"0x30e2a3b2b7e23305:0x971063a0d4a92164","PLUS Dental Clinic | เทอร์มินอล21 พระราม3 | คลินิกทันตกรรมและจัดฟัน ขูดหินปูน อุดฟัน ถอนฟัน ฟันปลอม วีเนียร์ รักษารากฟัน","Dental clinic","
ห้อง 2036 ชั้น 2 ศูนย์การค้าเทอร์มินอล 21 เลขที่ 356 Rama III Rd, Bang Khlo, Bang Kho Laem, Bangkok 10120, Thailand","MGQ4+P7 Bangkok, Thailand","","","+66 93 809 4252","","","4.9","459","","","Open","","https://www.google.com/maps/place/PLUS+Dental+Clinic+%7C+%E0%B9%80%E0%B8%97%E0%B8%AD%E0%B8%A3%E0%B9%8C%E0%B8%A1%E0%B8%B4%E0%B8%99%E0%B8%AD%E0%B8%A521+%E0%B8%9E%E0%B8%A3%E0%B8%B0%E0%B8%A3%E0%B8%B2%E0%B8%A13+%7C+%E0%B8%84%E0%B8%A5%E0%B8%B4%E0%B8%99%E0%B8%B4%E0%B8%81%E0%B8%97%E0%B8%B1%E0%B8%99%E0%B8%95%E0%B8%81%E0%B8%A3%E0%B8%A3%E0%B8%A1%E0%B9%81%E0%B8%A5%E0%B8%B0%E0%B8%88%E0%B8%B1%E0%B8%94%E0%B8%9F%E0%B8%B1%E0%B8%99+%E0%B8%82%E0%B8%B9%E0%B8%94%E0%B8%AB%E0%B8%B4%E0%B8%99%E0%B8%9B%E0%B8%B9%E0%B8%99+%E0%B8%AD%E0%B8%B8%E0%B8%94%E0%B8%9F%E0%B8%B1%E0%B8%99+%E0%B8%96%E0%B8%AD%E0%B8%99%E0%B8%9F%E0%B8%B1%E0%B8%99+%E0%B8%9F%E0%B8%B1%E0%B8%99%E0%B8%9B%E0%B8%A5%E0%B8%AD%E0%B8%A1+%E0%B8%A7%E0%B8%B5%E0%B9%80%E0%B8%99%E0%B8%B5%E0%B8%A2%E0%B8%A3%E0%B9%8C+%E0%B8%A3%E0%B8%B1%E0%B8%81%E0%B8%A9%E0%B8%B2%E0%B8%A3%E0%B8%B2%E0%B8%81%E0%B8%9F%E0%B8%B1%E0%B8%99/data=!4m7!3m6!1s0x30e2a3b2b7e23305:0x971063a0d4a92164!8m2!3d13.6893647!4d100.5057326!16s%2Fg%2F11vz66xwr9!19sChIJBTPit7Kj4jARZCGp1KBjEJc?authuser=0&hl=en&rclk=1"
"0x30e29fb1680d72f1:0x6b635f206704b79d","DentArt Dental Clinic","Dental clinic","
520, 9 Saha Kan Pramun Alley, Wang Thonglang, Bangkok 10310, Thailand","QH9W+GC Bangkok, Thailand","","","+66 81 524 1552","https://www.facebook.com/DentArtlBkk","","4.8","24","","","Open","","https://www.google.com/maps/place/DentArt+Dental+Clinic/data=!4m7!3m6!1s0x30e29fb1680d72f1:0x6b635f206704b79d!8m2!3d13.7687759!4d100.5960894!16s%2Fg%2F11kqrjf2sm!19sChIJ8XINaLGf4jARnbcEZyBfY2s?authuser=0&hl=en&rclk=1"
"0x30e29c759ab8e971:0xbb9d54fb4b24d9c9","Dr. Kaew Dental Clinic","Dental clinic","
457, 7 Pracha Rat Sai 2 Rd, Bang Sue, Bangkok 10800, Thailand","RG4H+JP Bangkok, Thailand","","","+66 93 581 8117","","","5.0","127","","","Open","","https://www.google.com/maps/place/Dr.+Kaew+Dental+Clinic/data=!4m7!3m6!1s0x30e29c759ab8e971:0xbb9d54fb4b24d9c9!8m2!3d13.8065604!4d100.5293071!16s%2Fg%2F1vd3s721!19sChIJcem4mnWc4jARydkkS_tUnbs?authuser=0&hl=en&rclk=1"
"0x30e29eaff0eda0fb:0x70d31d2b225724e4","The Seasons Mall","Shopping mall","
899 Phahonyothin Rd, Phaya Thai, Bangkok 10400, Thailand","QG9Q+GX Bangkok, Thailand","","","+66 2 111 2000","https://www.facebook.com/theseasonmall?mibextid=ZbWKwL","","4.0","1416","Moderately priced","$$","Open","Cozy, open-air shopping mall with beauty salons & a fitness center, plus a supermarket & food court.","https://www.google.com/maps/place/The+Seasons+Mall/data=!4m7!3m6!1s0x30e29eaff0eda0fb:0x70d31d2b225724e4!8m2!3d13.7688435!4d100.5399936!16s%2Fg%2F1tjxzyxd!19sChIJ-6Dt8K-e4jAR5CRXIisd03A?authuser=0&hl=en&rclk=1"
"0x30e29bd5467fec27:0x2c69d5606a7b9212","SMS Dental Clinic (คลินิกทันตกรรมเอสเอ็มเอส)","Dental clinic","
คลินิกทันตกรรมเอสเอ็มเอส 663,665 บางซื่อ Bang Sue, Bangkok 10800, Thailand","RG5C+PJ Bangkok, Thailand","","","+66 92 444 7459","http://www.facebook.com/smsdentalclinic","","4.8","46","","","Open","","https://www.google.com/maps/place/SMS+Dental+Clinic+%28%E0%B8%84%E0%B8%A5%E0%B8%B4%E0%B8%99%E0%B8%B4%E0%B8%81%E0%B8%97%E0%B8%B1%E0%B8%99%E0%B8%95%E0%B8%81%E0%B8%A3%E0%B8%A3%E0%B8%A1%E0%B9%80%E0%B8%AD%E0%B8%AA%E0%B9%80%E0%B8%AD%E0%B9%87%E0%B8%A1%E0%B9%80%E0%B8%AD%E0%B8%AA%29/data=!4m7!3m6!1s0x30e29bd5467fec27:0x2c69d5606a7b9212!8m2!3d13.8092562!4d100.5215914!16s%2Fg%2F11sgw273hj!19sChIJJ-x_RtWb4jAREpJ7amDVaSw?authuser=0&hl=en&rclk=1"
"0x30e29986a1817875:0xf97be242234ce222","PSDC Dental Clinic","Dental clinic","
3 QFGH+V3V 3/123 123 Borommaratchachonnani Rd, Arun Amarin, Bangkok Noi, Bangkok 10700, Thailand","","","","+66 85 682 7955","","","4.2","14","","","Open","","https://www.google.com/maps/place/PSDC+Dental+Clinic/data=!4m7!3m6!1s0x30e29986a1817875:0xf97be242234ce222!8m2!3d13.7772686!4d100.4777598!16s%2Fg%2F1pv00my0w!19sChIJdXiBoYaZ4jARIuJMI0Lie_k?authuser=0&hl=en&rclk=1"
"0x30e29987e3cd3c6b:0xbb63135d72a9e3f6","Pinklao Dental Clinic.","Walk-in clinic","
105/3, Boromarajonani Road, Arunamarin, Khet Bangkoknoi, Bangkok, 10700, 10700, Thailand","QFJF+PC Bangkok, Thailand","","","+66 2 884 5108","","","4.6","14","","","","","https://www.google.com/maps/place/Pinklao+Dental+Clinic./data=!4m7!3m6!1s0x30e29987e3cd3c6b:0xbb63135d72a9e3f6!8m2!3d13.781809!4d100.473559!16s%2Fg%2F1pzys6hxr!19sChIJazzN44eZ4jAR9uOpcl0TY7s?authuser=0&hl=en&rclk=1"
"0x30e299000f6dec39:0xd194de0c5e0c87a3","คลินิกเด็นโทเปีย Dentopia Dentalligence Clinic","Dental clinic","
1/29 Thanon Phatkasem Frontage, Wat Tha Phra, Bangkok Yai, Bangkok 10600, Thailand","PFGM+XQ Bangkok, Thailand","","","+66 80 446 3224","https://dentopia.co.th/","","5.0","97","","","Open","","https://www.google.com/maps/place/%E0%B8%84%E0%B8%A5%E0%B8%B4%E0%B8%99%E0%B8%B4%E0%B8%81%E0%B9%80%E0%B8%94%E0%B9%87%E0%B8%99%E0%B9%82%E0%B8%97%E0%B9%80%E0%B8%9B%E0%B8%B5%E0%B8%A2+Dentopia+Dentalligence+Clinic/data=!4m7!3m6!1s0x30e299000f6dec39:0xd194de0c5e0c87a3!8m2!3d13.7274787!4d100.4843797!16s%2Fg%2F11w4rgvkdq!19sChIJOextDwCZ4jARo4cMXgzelNE?authuser=0&hl=en&rclk=1"
"0x30e29fbbbb58438f:0xa8caf871db3aed0e","Boutique Dental Clinic","Dental clinic","
255,257 ถนน รามคำแหง ระหว่าง ซ ราม37 ถึง 37/1 Hua Mak, Bang Kapi, Bangkok 10240, Thailand","QJ48+V3 Bangkok, Thailand","","","+66 63 861 7888","https://lin.ee/tgKSTwZ","","4.9","230","","","Open","","https://www.google.com/maps/place/Boutique+Dental+Clinic/data=!4m7!3m6!1s0x30e29fbbbb58438f:0xa8caf871db3aed0e!8m2!3d13.7571296!4d100.6151493!16s%2Fg%2F11c2pj861s!19sChIJj0NYu7uf4jARDu0623H4yqg?authuser=0&hl=en&rclk=1"
"0x30e29d0061d24c67:0x7c351057accb9b9f","The cloud dental studio สาขา เตาปูน - จัดฟัน invisalign วีเนียร์ รากเทียม ทำฟัน กรุงเทพ เตาปูน","Dental clinic","
494/25-26 Pracha Rat Sai 2 Rd, Khwaeng Bang Sue, Bang Sue, Bangkok 10800, Thailand","RG4J+G3 Bangkok, Thailand","","","+66 84 195 6493","https://www.facebook.com/profile.php?id=61563280900914","","4.9","256","","","Open","","https://www.google.com/maps/place/The+cloud+dental+studio+%E0%B8%AA%E0%B8%B2%E0%B8%82%E0%B8%B2+%E0%B9%80%E0%B8%95%E0%B8%B2%E0%B8%9B%E0%B8%B9%E0%B8%99+-+%E0%B8%88%E0%B8%B1%E0%B8%94%E0%B8%9F%E0%B8%B1%E0%B8%99+invisalign+%E0%B8%A7%E0%B8%B5%E0%B9%80%E0%B8%99%E0%B8%B5%E0%B8%A2%E0%B8%A3%E0%B9%8C+%E0%B8%A3%E0%B8%B2%E0%B8%81%E0%B9%80%E0%B8%97%E0%B8%B5%E0%B8%A2%E0%B8%A1+%E0%B8%97%E0%B8%B3%E0%B8%9F%E0%B8%B1%E0%B8%99+%E0%B8%81%E0%B8%A3%E0%B8%B8%E0%B8%87%E0%B9%80%E0%B8%97%E0%B8%9E+%E0%B9%80%E0%B8%95%E0%B8%B2%E0%B8%9B%E0%B8%B9%E0%B8%99/data=!4m7!3m6!1s0x30e29d0061d24c67:0x7c351057accb9b9f!8m2!3d13.8062552!4d100.530133!16s%2Fg%2F11w32hkl27!19sChIJZ0zSYQCd4jARn5vLrFcQNXw?authuser=0&hl=en&rclk=1"
"0x30e2997f056535bb:0xca373a778eed275f","คลินิกทันตกรรมเด็นทอลวัน","Dental clinic","
376/1-2 Charan Sanit Wong Rd, Bang Yi Khan, Bang Phlat, Bangkok 10700, Thailand","QFHP+FJ Bangkok, Thailand","","","+66 82 466 3962","http://www.dentalonepro.com/","","4.7","98","","","Open","","https://www.google.com/maps/place/%E0%B8%84%E0%B8%A5%E0%B8%B4%E0%B8%99%E0%B8%B4%E0%B8%81%E0%B8%97%E0%B8%B1%E0%B8%99%E0%B8%95%E0%B8%81%E0%B8%A3%E0%B8%A3%E0%B8%A1%E0%B9%80%E0%B8%94%E0%B9%87%E0%B8%99%E0%B8%97%E0%B8%AD%E0%B8%A5%E0%B8%A7%E0%B8%B1%E0%B8%99/data=!4m7!3m6!1s0x30e2997f056535bb:0xca373a778eed275f!8m2!3d13.778717!4d100.4865899!16s%2Fg%2F12mkw9jr0!19sChIJuzVlBX-Z4jARXyftjnc6N8o?authuser=0&hl=en&rclk=1"
"0x30e29f7bccfc030b:0xcd91c15f015bf660","The AnPlus Skin Clinic","Skin care clinic","
22/2-22/4 ถนนนนทรี ช่องนนทรี Bangkok 10120, Thailand","MGVQ+P6 Bangkok, Thailand","","","+66 92 616 1503","","","5.0","11","","","Open","","https://www.google.com/maps/place/The+AnPlus+Skin+Clinic/data=!4m7!3m6!1s0x30e29f7bccfc030b:0xcd91c15f015bf660!8m2!3d13.694348!4d100.5380291!16s%2Fg%2F11f7nkz2fl!19sChIJCwP8zHuf4jARYPZbAV_Bkc0?authuser=0&hl=en&rclk=1"
"0x30e29dc81123dbad:0x6ca9de3bbf894c7f","LPD Clinic Cosmetic Surgery & Dental Care","Dental clinic","
70, 1519/69 Lat Phrao Rd, Samsen Nok, Huai Khwang, Bangkok 10310, Thailand","QHXM+XX Bangkok, Thailand","","","+66 2 930 4455","","","3.3","6","","","","","https://www.google.com/maps/place/LPD+Clinic+Cosmetic+Surgery+%26+Dental+Care/data=!4m7!3m6!1s0x30e29dc81123dbad:0x6ca9de3bbf894c7f!8m2!3d13.7999929!4d100.5848967!16s%2Fg%2F11bw_618m7!19sChIJrdsjEcid4jARf0yJvzveqWw?authuser=0&hl=en&rclk=1"
"0x311d60d0ea812a43:0xc4bdda86014d5d6d","Onnut Skytrain Dental Clinic - คลินิกทันตกรรมอ่อนนุชสกายเทรน (โลตัสอ่อนนุช สุขุมวิท 50)","Dental clinic","
2nd Floor, Tesco Lotus, Onnut, Prawet, Krung Thep Maha Nakhon 10250, Thailand","PJ42+36 Bangkok, Thailand","","","+66 64 223 5645","http://www.lotusonnutdental.com/","","4.9","990","","","Open","","https://www.google.com/maps/place/Onnut+Skytrain+Dental+Clinic+-+%E0%B8%84%E0%B8%A5%E0%B8%B4%E0%B8%99%E0%B8%B4%E0%B8%81%E0%B8%97%E0%B8%B1%E0%B8%99%E0%B8%95%E0%B8%81%E0%B8%A3%E0%B8%A3%E0%B8%A1%E0%B8%AD%E0%B9%88%E0%B8%AD%E0%B8%99%E0%B8%99%E0%B8%B8%E0%B8%8A%E0%B8%AA%E0%B8%81%E0%B8%B2%E0%B8%A2%E0%B9%80%E0%B8%97%E0%B8%A3%E0%B8%99+%28%E0%B9%82%E0%B8%A5%E0%B8%95%E0%B8%B1%E0%B8%AA%E0%B8%AD%E0%B9%88%E0%B8%AD%E0%B8%99%E0%B8%99%E0%B8%B8%E0%B8%8A+%E0%B8%AA%E0%B8%B8%E0%B8%82%E0%B8%B8%E0%B8%A1%E0%B8%A7%E0%B8%B4%E0%B8%97+50%29/data=!4m7!3m6!1s0x311d60d0ea812a43:0xc4bdda86014d5d6d!8m2!3d13.7052062!4d100.6005388!16s%2Fg%2F11c5_8_84q!19sChIJQyqB6tBgHTERbV1NAYbavcQ?authuser=0&hl=en&rclk=1"
"0x30e2994c710ab4bd:0x65b266565f9abd01","สไมล์เมท สาขาแพลทฟอร์ม","Dental clinic","
99 Lat Ya Rd, Khwaeng Somdet Chao Phraya, Khlong San, Bangkok 10600, Thailand","PFGV+VV Bangkok, Thailand","","","+66 92 282 3533","https://www.facebook.com/SmileMateDentalClinic/","","4.8","49","","","Open","","https://www.google.com/maps/place/%E0%B8%AA%E0%B9%84%E0%B8%A1%E0%B8%A5%E0%B9%8C%E0%B9%80%E0%B8%A1%E0%B8%97+%E0%B8%AA%E0%B8%B2%E0%B8%82%E0%B8%B2%E0%B9%81%E0%B8%9E%E0%B8%A5%E0%B8%97%E0%B8%9F%E0%B8%AD%E0%B8%A3%E0%B9%8C%E0%B8%A1/data=!4m7!3m6!1s0x30e2994c710ab4bd:0x65b266565f9abd01!8m2!3d13.7271506!4d100.4947307!16s%2Fg%2F11h07kfh8s!19sChIJvbQKcUyZ4jARAb2aX1ZmsmU?authuser=0&hl=en&rclk=1"
"0x30e29f1385a0cf5b:0x8f7c1a54367d2b53","กานต์ชนกคลินิก สาขาพระราม 4 (KANCHANOK CLINIC - Big C RAMA 4)","Skin care clinic","
2929 ห้างบิ๊กซีพระราม 4 ชั้น 1 ห้อง F 1 17-18 Rama IV Rd, Khlong Tan, คอลงเตย Bangkok 10110, Thailand","PH99+CP Bangkok, Thailand","","","+66 62 783 3663","https://www.facebook.com/kanchanokofficial","","5.0","59","","","Open","","https://www.google.com/maps/place/%E0%B8%81%E0%B8%B2%E0%B8%99%E0%B8%95%E0%B9%8C%E0%B8%8A%E0%B8%99%E0%B8%81%E0%B8%84%E0%B8%A5%E0%B8%B4%E0%B8%99%E0%B8%B4%E0%B8%81+%E0%B8%AA%E0%B8%B2%E0%B8%82%E0%B8%B2%E0%B8%9E%E0%B8%A3%E0%B8%B0%E0%B8%A3%E0%B8%B2%E0%B8%A1+4+%28KANCHANOK+CLINIC+-+Big+C+RAMA+4%29/data=!4m7!3m6!1s0x30e29f1385a0cf5b:0x8f7c1a54367d2b53!8m2!3d13.7186116!4d100.569274!16s%2Fg%2F11lsz9fr5m!19sChIJW8-ghROf4jARUyt9NlQafI8?authuser=0&hl=en&rclk=1"
"0x30e299b8ee359fab:0x8c32da60bf23e8f4","Teeth Talk Dental Clinic สาขา เซ็นทรัลปิ่นเกล้า จัดฟัน ดัดฟัน ทำฟัน","Dental clinic","
ห้อง 2302 ชั้น 3 เลขที่ 7/222 เซ็นทรัล ปิ่นเกล้า Borommaratchachonnani Rd, Khwaeng Arun Amarin, Khet Bangkok Noi, Bangkok 10700, Thailand","QFHG+99 Bangkok, Thailand","","","+66 63 918 6989","https://www.teethtalk-clinic.com/","","4.9","723","","","Open","","https://www.google.com/maps/place/Teeth+Talk+Dental+Clinic+%E0%B8%AA%E0%B8%B2%E0%B8%82%E0%B8%B2+%E0%B9%80%E0%B8%8B%E0%B9%87%E0%B8%99%E0%B8%97%E0%B8%A3%E0%B8%B1%E0%B8%A5%E0%B8%9B%E0%B8%B4%E0%B9%88%E0%B8%99%E0%B9%80%E0%B8%81%E0%B8%A5%E0%B9%89%E0%B8%B2+%E0%B8%88%E0%B8%B1%E0%B8%94%E0%B8%9F%E0%B8%B1%E0%B8%99+%E0%B8%94%E0%B8%B1%E0%B8%94%E0%B8%9F%E0%B8%B1%E0%B8%99+%E0%B8%97%E0%B8%B3%E0%B8%9F%E0%B8%B1%E0%B8%99/data=!4m7!3m6!1s0x30e299b8ee359fab:0x8c32da60bf23e8f4!8m2!3d13.7783921!4d100.47596!16s%2Fg%2F11w4b8ffr5!19sChIJq5817riZ4jAR9Ogjv2DaMow?authuser=0&hl=en&rclk=1"
"0x30e298eec655b869:0x19f2eb67cdcdc887","Public Health Center 28","Public health department","
124/16 Krung Thon Buri Road, Bang Lamphu Lang, Khlong San, Bangkok 10600, Thailand","PGC2+57 Bangkok, Thailand","","","+66 2 437 2009","https://webportal.bangkok.go.th/healthcenter28","","4.3","70","","","Open","","https://www.google.com/maps/place/Public+Health+Center+28/data=!4m7!3m6!1s0x30e298eec655b869:0x19f2eb67cdcdc887!8m2!3d13.7204316!4d100.5007112!16s%2Fg%2F11r8bhts8!19sChIJabhVxu6Y4jARh8jNzWfr8hk?authuser=0&hl=en&rclk=1"
"0x30e29f72a8978927:0x2c73905bdd987c80","MOS Dental Clinic Ramkhamheang","Dental clinic","
256, ปาก Ramkhamhaeng 22 Alley, Hua Mak, Bang Kapi, Bangkok 10240, Thailand","QJ37+X7 Bangkok, Thailand","","","+66 2 060 7078","http://www.facebook.com/mosdentalclinic","","5.0","196","","","Open","","https://www.google.com/maps/place/MOS+Dental+Clinic+Ramkhamheang/data=!4m7!3m6!1s0x30e29f72a8978927:0x2c73905bdd987c80!8m2!3d13.7548948!4d100.6132458!16s%2Fg%2F11c1qc2zqv!19sChIJJ4mXqHKf4jARgHyY3VuQcyw?authuser=0&hl=en&rclk=1"
"0x311d61bae6b2aa05:0xc7aac9f037c4890d","Dente360 by Vongpradit dental clinic","Dental clinic","
ติดถนนใหญ่(จอดรถที่ 108 รามคำแหง (ระหว่างซอย8 10 Ramkhamhaeng Rd, Hua Mak, Bang Kapi, Bangkok 10240, Thailand","QJ25+9P Bangkok, Thailand","","","+66 82 642 1001","https://www.facebook.com/Dente360","","5.0","237","","","Open","","https://www.google.com/maps/place/Dente360+by+Vongpradit+dental+clinic/data=!4m7!3m6!1s0x311d61bae6b2aa05:0xc7aac9f037c4890d!8m2!3d13.7509508!4d100.6093075!16s%2Fg%2F11shcvkjkn!19sChIJBaqy5rphHTERDYnEN_DJqsc?authuser=0&hl=en&rclk=1"
"0x30e29e0702183123:0x3d06f4a1b93e043b","คลินิกทันตกรรม สุขสันต์สไมล์พลัส Suksan Smile Plus Dental Clinic","Dental clinic","
250 Lat Phrao 94 Alley, Phlabphla, Wang Thonglang, Bangkok 10310, Thailand","QJF6+J5 Bangkok, Thailand","","","+66 96 151 7194","https://www.suksansmileplus.com/","","4.8","103","","","Open","","https://www.google.com/maps/place/%E0%B8%84%E0%B8%A5%E0%B8%B4%E0%B8%99%E0%B8%B4%E0%B8%81%E0%B8%97%E0%B8%B1%E0%B8%99%E0%B8%95%E0%B8%81%E0%B8%A3%E0%B8%A3%E0%B8%A1+%E0%B8%AA%E0%B8%B8%E0%B8%82%E0%B8%AA%E0%B8%B1%E0%B8%99%E0%B8%95%E0%B9%8C%E0%B8%AA%E0%B9%84%E0%B8%A1%E0%B8%A5%E0%B9%8C%E0%B8%9E%E0%B8%A5%E0%B8%B1%E0%B8%AA+Suksan+Smile+Plus+Dental+Clinic/data=!4m7!3m6!1s0x30e29e0702183123:0x3d06f4a1b93e043b!8m2!3d13.7741226!4d100.6104074!16s%2Fg%2F1pv0h81l_!19sChIJIzEYAgee4jAROwQ-uaH0Bj0?authuser=0&hl=en&rclk=1"
"0x30e29c5aff63bbe3:0x90a95d7b227277a3","Dente Dental Clinic","Dental clinic","
1693, Central Plaza Ladprao Shopping Mall, 7th Floor, Room 712, Phaholyothin Road, Latyao, Khet Chatujak, Bangkok, 10900, 10900, Thailand","RH86+F8 Bangkok, Thailand","","","+66 2 541 1185","","","5.0","8","","","Open","","https://www.google.com/maps/place/Dente+Dental+Clinic/data=!4m7!3m6!1s0x30e29c5aff63bbe3:0x90a95d7b227277a3!8m2!3d13.816234!4d100.560789!16s%2Fg%2F1pzvfqw5x!19sChIJ47tj_1qc4jARo3dyIntdqZA?authuser=0&hl=en&rclk=1"
"0x30e29d2535a56637:0xee835e0c242f48ec","Dental Gallery Clinic","Dental clinic","
2416 Phahonyothin Rd, Sena Nikhom, Chatuchak, Bangkok 10900, Thailand","VH4P+M7 Bangkok, Thailand","","","+66 98 825 4442","","","4.9","175","","","Open","","https://www.google.com/maps/place/Dental+Gallery+Clinic/data=!4m7!3m6!1s0x30e29d2535a56637:0xee835e0c242f48ec!8m2!3d13.8566427!4d100.5857471!16s%2Fg%2F11bw67cd0h!19sChIJN2alNSWd4jAR7EgvJAxeg-4?authuser=0&hl=en&rclk=1"
"0x30e29cdd8e0d1393:0xa465f6bf2cf3fb85","Ardent Dental Clinic","Hospital","
50 Chuchat Kamphu Alley, Lat Yao, Chatuchak, Bangkok 10900, Thailand","RHX8+7X Bangkok, Thailand","","","+66 82 157 1123","","","4.8","5","","","Open","","https://www.google.com/maps/place/Ardent+Dental+Clinic/data=!4m7!3m6!1s0x30e29cdd8e0d1393:0xa465f6bf2cf3fb85!8m2!3d13.8481322!4d100.5673889!16s%2Fg%2F11g6xtq482!19sChIJkxMNjt2c4jARhfvzLL_2ZaQ?authuser=0&hl=en&rclk=1"
"0x30e29d907fdd72fb:0x376f8f37dd862624","Dinte Dental Clinic จัดฟันโดยทันตแพทย์ผู้เชี่ยวชาญ ทำฟัน ฟอกสีฟัน อุดฟัน ขูดหินปูน วีเนียร์ รากฟันเทียม","Dental clinic","
39 Soi Lat Phrao 71, Saphan Song, Khet Wang Thonglang, Bangkok 10310, Thailand","QJQ5+H5 Bangkok, Thailand","","","+66 98 947 5356","http://www.dintedentalclinic.com/","","4.9","168","","","Open","","https://www.google.com/maps/place/Dinte+Dental+Clinic+%E0%B8%88%E0%B8%B1%E0%B8%94%E0%B8%9F%E0%B8%B1%E0%B8%99%E0%B9%82%E0%B8%94%E0%B8%A2%E0%B8%97%E0%B8%B1%E0%B8%99%E0%B8%95%E0%B9%81%E0%B8%9E%E0%B8%97%E0%B8%A2%E0%B9%8C%E0%B8%9C%E0%B8%B9%E0%B9%89%E0%B9%80%E0%B8%8A%E0%B8%B5%E0%B9%88%E0%B8%A2%E0%B8%A7%E0%B8%8A%E0%B8%B2%E0%B8%8D+%E0%B8%97%E0%B8%B3%E0%B8%9F%E0%B8%B1%E0%B8%99+%E0%B8%9F%E0%B8%AD%E0%B8%81%E0%B8%AA%E0%B8%B5%E0%B8%9F%E0%B8%B1%E0%B8%99+%E0%B8%AD%E0%B8%B8%E0%B8%94%E0%B8%9F%E0%B8%B1%E0%B8%99+%E0%B8%82%E0%B8%B9%E0%B8%94%E0%B8%AB%E0%B8%B4%E0%B8%99%E0%B8%9B%E0%B8%B9%E0%B8%99+%E0%B8%A7%E0%B8%B5%E0%B9%80%E0%B8%99%E0%B8%B5%E0%B8%A2%E0%B8%A3%E0%B9%8C+%E0%B8%A3%E0%B8%B2%E0%B8%81%E0%B8%9F%E0%B8%B1%E0%B8%99%E0%B9%80%E0%B8%97%E0%B8%B5%E0%B8%A2%E0%B8%A1/data=!4m7!3m6!1s0x30e29d907fdd72fb:0x376f8f37dd862624!8m2!3d13.7889563!4d100.6079707!16s%2Fg%2F11txpgql1f!19sChIJ-3Ldf5Cd4jARJCaG3TePbzc?authuser=0&hl=en&rclk=1"
"0x30e29d8fe880e74f:0xc9bfcd6ead03ad1e","CT Dental Clinic Ladprao71","Dental clinic","
321 Nak Niwat Rd, Lat Phrao, Bangkok 10230, Thailand","RJ65+2M Bangkok, Thailand","","","+66 89 314 0444","https://www.facebook.com/ctdentalclinic/","","4.3","6","","","Open","","https://www.google.com/maps/place/CT+Dental+Clinic+Ladprao71/data=!4m7!3m6!1s0x30e29d8fe880e74f:0xc9bfcd6ead03ad1e!8m2!3d13.8100465!4d100.609154!16s%2Fg%2F11b7xl1d5q!19sChIJT-eA6I-d4jARHq0DrW7Nv8k?authuser=0&hl=en&rclk=1"
"0x30e29b001a3bacad:0x2a7087bac1ca13e7","De white dental clinic","Dental clinic","
220 Rewadee Road, Talat Kwan, Mueang Nonthaburi District, Nonthaburi 11000, Thailand","VG36+WW Nonthaburi, Mueang Nonthaburi District, Nonthaburi, Thailand","","","+66 91 903 7088","https://www.facebook.com/profile.php?id=61554809769994","","4.3","31","","","Open","","https://www.google.com/maps/place/De+white+dental+clinic/data=!4m7!3m6!1s0x30e29b001a3bacad:0x2a7087bac1ca13e7!8m2!3d13.8548059!4d100.5122615!16s%2Fg%2F11vrr2z_d_!19sChIJraw7GgCb4jAR5xPKwbqHcCo?authuser=0&hl=en&rclk=1"
"0x30e2995162e27fb9:0x10ce157b6a05f399","BKK48 Dental Clinic","Dental clinic","
55/5 Soi Phet Kasem 48, Bang Wa, Phasi Charoen, Bangkok 10160, Thailand","PC8V+JH Bangkok, Thailand","","","+66 85 550 0446","http://bkk48dentalclinic.com/","","5.0","341","","","Open","","https://www.google.com/maps/place/BKK48+Dental+Clinic/data=!4m7!3m6!1s0x30e2995162e27fb9:0x10ce157b6a05f399!8m2!3d13.7165572!4d100.4439531!16s%2Fg%2F11v9ypvj3f!19sChIJuX_iYlGZ4jARmfMFansVzhA?authuser=0&hl=en&rclk=1"
"0x30e29870fb050a25:0xea31a38ab87fcc67","BAAN RAK FUN DENTAL CLINIC","Dental clinic","
221 8 Chom Thong Rd, Bang Kho, Chom Thong, Bangkok 10150, Thailand","MFXC+7C Bangkok, Thailand","","","+66 2 878 1588","","","3.9","10","","","Open","","https://www.google.com/maps/place/BAAN+RAK+FUN+DENTAL+CLINIC/data=!4m7!3m6!1s0x30e29870fb050a25:0xea31a38ab87fcc67!8m2!3d13.6981488!4d100.4710865!16s%2Fg%2F1hc2r15w3!19sChIJJQoF-3CY4jARZ8x_uIqjMeo?authuser=0&hl=en&rclk=1"
"0x30e2a2b80a22cc97:0x114a3e201b8e33df","Smile Gallery Dental Clinic Rama 2 คลินิกทันตกรรม สไมล์แกลอรี่ พระราม2","Dental clinic","
5 1 Rama II Rd, Tha Kham, Bang Khun Thian, Bangkok 10150, Thailand","MF92+WX Bangkok, Thailand","","","+66 2 821 5821","https://www.facebook.com/SmileGalleryDental/","","4.9","194","","","Open","","https://www.google.com/maps/place/Smile+Gallery+Dental+Clinic+Rama+2+%E0%B8%84%E0%B8%A5%E0%B8%B4%E0%B8%99%E0%B8%B4%E0%B8%81%E0%B8%97%E0%B8%B1%E0%B8%99%E0%B8%95%E0%B8%81%E0%B8%A3%E0%B8%A3%E0%B8%A1+%E0%B8%AA%E0%B9%84%E0%B8%A1%E0%B8%A5%E0%B9%8C%E0%B9%81%E0%B8%81%E0%B8%A5%E0%B8%AD%E0%B8%A3%E0%B8%B5%E0%B9%88+%E0%B8%9E%E0%B8%A3%E0%B8%B0%E0%B8%A3%E0%B8%B2%E0%B8%A12/data=!4m7!3m6!1s0x30e2a2b80a22cc97:0x114a3e201b8e33df!8m2!3d13.669799!4d100.4524548!16s%2Fg%2F11gbx8ns6m!19sChIJl8wiCrii4jAR3zOOGyA-ShE?authuser=0&hl=en&rclk=1"
"0x30e2a3fa98019235:0x8010f5628656c9f9","ยูมี คลินิกทันตกรรม สาขาสุขสวัสดิ์ (UME Dental)","Dental clinic","
1481 Suk Sawat Rd, Bang Pakok, Rat Burana, Bangkok 10140, Thailand","MFGX+WX Bangkok, Thailand","","","+66 61 559 5155","https://umedentalclinic.com/","","4.9","235","","","Open","","https://www.google.com/maps/place/%E0%B8%A2%E0%B8%B9%E0%B8%A1%E0%B8%B5+%E0%B8%84%E0%B8%A5%E0%B8%B4%E0%B8%99%E0%B8%B4%E0%B8%81%E0%B8%97%E0%B8%B1%E0%B8%99%E0%B8%95%E0%B8%81%E0%B8%A3%E0%B8%A3%E0%B8%A1+%E0%B8%AA%E0%B8%B2%E0%B8%82%E0%B8%B2%E0%B8%AA%E0%B8%B8%E0%B8%82%E0%B8%AA%E0%B8%A7%E0%B8%B1%E0%B8%AA%E0%B8%94%E0%B8%B4%E0%B9%8C+%28UME+Dental%29/data=!4m7!3m6!1s0x30e2a3fa98019235:0x8010f5628656c9f9!8m2!3d13.6773343!4d100.4999591!16s%2Fg%2F11q584d370!19sChIJNZIBmPqj4jAR-clWhmL1EIA?authuser=0&hl=en&rclk=1"
"0x30e29fee2ee4eeab:0x99e056660553f86b","Bangchak Skytrain Dental Clinic","Dental clinic","
2367 Sukhumvit Rd, Bang Chak, Phra Khanong, Bangkok 10260, Thailand","MJX4+32 Bangkok, Thailand","","","+66 89 183 4336","https://www.skytraindental.com/th/branch/bangchak-skytrain-dental/","","4.9","855","","","Open","","https://www.google.com/maps/place/Bangchak+Skytrain+Dental+Clinic/data=!4m7!3m6!1s0x30e29fee2ee4eeab:0x99e056660553f86b!8m2!3d13.6976596!4d100.6050216!16s%2Fg%2F11bxc7d360!19sChIJq-7kLu6f4jARa_hTBWZW4Jk?authuser=0&hl=en&rclk=1"
"0x311d61e2336d14ff:0x1cde2f8f2de709c1","Diamondsmile Dental Clinic","Dental clinic","
517 2 Ramkhamhaeng Rd, Hua Mak, Bang Kapi, Bangkok 10240, Thailand","QJ6C+4X Bangkok, Thailand","","","+66 89 114 4253","https://www.facebook.com/diamondsmileteam","","4.9","195","","","Open","","https://www.google.com/maps/place/Diamondsmile+Dental+Clinic/data=!4m7!3m6!1s0x311d61e2336d14ff:0x1cde2f8f2de709c1!8m2!3d13.7602565!4d100.6223839!16s%2Fg%2F11c2j1rx2t!19sChIJ_xRtM-JhHTERwQnnLY8v3hw?authuser=0&hl=en&rclk=1"
"0x311d61844401bd29:0x3377602c6a1b220","Hiranrak Dental Clinic","Dentist","
17 2-3 Ramkhamhaeng 12 Alley, Hua Mak, Bang Kapi, Bangkok 10240, Thailand","QJ26+PC Bangkok, Thailand","","","+66 2 318 0490","http://www.facebook.com/hiranrakdentalclinic","","4.9","8","","","Open","","https://www.google.com/maps/place/Hiranrak+Dental+Clinic/data=!4m7!3m6!1s0x311d61844401bd29:0x3377602c6a1b220!8m2!3d13.7518198!4d100.6110849!16s%2Fg%2F1hc5tl8h3!19sChIJKb0BRIRhHTERILKhxgJ2NwM?authuser=0&hl=en&rclk=1"
"0x30e29945110c8677:0x10f41f1ddeedc0ab","คลินิกทันตกรรมสุกัญญา สาขาปิ่นเกล้า","Dental clinic","
กทม 5/76 Borommaratchachonnani 13 Alley, Arun Amarin, Bangkok Noi, Bangkok 10700, Thailand","QFHG+3V Bangkok, Thailand","","","+66 88 629 2229","https://www.drsukanyadentalclinic.com/","","5.0","184","","","Open","","https://www.google.com/maps/place/%E0%B8%84%E0%B8%A5%E0%B8%B4%E0%B8%99%E0%B8%B4%E0%B8%81%E0%B8%97%E0%B8%B1%E0%B8%99%E0%B8%95%E0%B8%81%E0%B8%A3%E0%B8%A3%E0%B8%A1%E0%B8%AA%E0%B8%B8%E0%B8%81%E0%B8%B1%E0%B8%8D%E0%B8%8D%E0%B8%B2+%E0%B8%AA%E0%B8%B2%E0%B8%82%E0%B8%B2%E0%B8%9B%E0%B8%B4%E0%B9%88%E0%B8%99%E0%B9%80%E0%B8%81%E0%B8%A5%E0%B9%89%E0%B8%B2/data=!4m7!3m6!1s0x30e29945110c8677:0x10f41f1ddeedc0ab!8m2!3d13.7776606!4d100.4771859!16s%2Fg%2F11pw7cv2s5!19sChIJd4YMEUWZ4jARq8Dt3h0f9BA?authuser=0&hl=en&rclk=1"
"0x30e29fc194e0e9bd:0x7e119a53aeae57f8","Phomrangsi Dental Clinic","Dental clinic","
PJ62+4J4, Soi Sukhumvit 77 (On Nut), Phra Khanong Nuea, Phra Khanong Nuae, Bangkok 10110, Thailand","","","","+66 2 311 6985","","","4.9","22","","","Open","","https://www.google.com/maps/place/Phomrangsi+Dental+Clinic/data=!4m7!3m6!1s0x30e29fc194e0e9bd:0x7e119a53aeae57f8!8m2!3d13.7102744!4d100.6015636!16s%2Fg%2F1hd_g4d2k!19sChIJvenglMGf4jAR-FeurlOaEX4?authuser=0&hl=en&rclk=1"
"0x30e29ff499b641af:0xbf26dfe9fcfc6bb","Set smile dental clinic","Dental clinic","
3033/4 ถนนสุขุมวิท แขวงบางจากเขตพระโขนง Bang Chak, พระโขนง Bangkok 10260, Thailand","MJR5+G7 Bangkok, Thailand","","","+66 96 653 2054","","","4.0","20","","","Open","","https://www.google.com/maps/place/Set+smile+dental+clinic/data=!4m7!3m6!1s0x30e29ff499b641af:0xbf26dfe9fcfc6bb!8m2!3d13.6912609!4d100.6082215!16s%2Fg%2F11syz11w_f!19sChIJr0G2mfSf4jARu8bPn_5t8gs?authuser=0&hl=en&rclk=1"
"0x30e2a0029d937373:0xd3f369cc234e950b","TDH PUNNAWITHI","Dental clinic","
2416 Sukhumvit Rd, Phra Khanong Tai, Phra Khanong, Bangkok 10260, Thailand","MJP6+53 Bangkok, Thailand","","","+66 89 744 7114","http://www.thonglordentalhospital.com/","","5.0","410","","","Open","","https://www.google.com/maps/place/TDH+PUNNAWITHI/data=!4m7!3m6!1s0x30e2a0029d937373:0xd3f369cc234e950b!8m2!3d13.685439!4d100.610235!16s%2Fg%2F11c1thp3cv!19sChIJc3OTnQKg4jARC5VOI8xp89M?authuser=0&hl=en&rclk=1"
"0x30e29e1e8992de09:0x6dd4088af331c6dd","RSC Dental Clinic รามคำแหง43 จัดฟัน รากเทียม ทันตกรรมครบวงจร","Dental clinic","
2113/50 Ramkhamhaeng 43 Alley, Hua Mak, Bang Kapi, Bangkok 10240, Thailand","QJ58+CH Bangkok, Thailand","","","+66 91 883 7879","http://www.rscdentalclinic.com/","","4.7","56","","","Open","","https://www.google.com/maps/place/RSC+Dental+Clinic+%E0%B8%A3%E0%B8%B2%E0%B8%A1%E0%B8%84%E0%B8%B3%E0%B9%81%E0%B8%AB%E0%B8%8743+%E0%B8%88%E0%B8%B1%E0%B8%94%E0%B8%9F%E0%B8%B1%E0%B8%99+%E0%B8%A3%E0%B8%B2%E0%B8%81%E0%B9%80%E0%B8%97%E0%B8%B5%E0%B8%A2%E0%B8%A1+%E0%B8%97%E0%B8%B1%E0%B8%99%E0%B8%95%E0%B8%81%E0%B8%A3%E0%B8%A3%E0%B8%A1%E0%B8%84%E0%B8%A3%E0%B8%9A%E0%B8%A7%E0%B8%87%E0%B8%88%E0%B8%A3/data=!4m7!3m6!1s0x30e29e1e8992de09:0x6dd4088af331c6dd!8m2!3d13.7585582!4d100.6164679!16s%2Fg%2F11b5phnqdz!19sChIJCd6SiR6e4jAR3cYx84oI1G0?authuser=0&hl=en&rclk=1"
"0x30e29dd6dfbe28db:0xa5aba9d03549e7c1","Smile Up Dental Clinic","Dental clinic","
2214-16 Phahonyothin Rd, Sena Nikhom, Chatuchak, Bangkok 10900, Thailand","RHQG+H4 Bangkok, Thailand","","","+66 82 296 2265","https://www.smileupclinic.com/","","4.8","50","","","Open","","https://www.google.com/maps/place/Smile+Up+Dental+Clinic/data=!4m7!3m6!1s0x30e29dd6dfbe28db:0xa5aba9d03549e7c1!8m2!3d13.8389485!4d100.5753156!16s%2Fg%2F11h7kt01ny!19sChIJ2yi-39ad4jARwedJNdCpq6U?authuser=0&hl=en&rclk=1"
"0x30e29eb58aaf2429:0x6e6e2d3ae0e8aad6","CP Tower 3 Phaya Thai","Corporate office","
34 Phaya Thai Rd, Thung Phaya Thai, Ratchathewi, Bangkok 10400, Thailand","QG5M+3F Bangkok, Thailand","","","+66 2 040 9999","https://www.cptower.com/th/tower/phayathai","","4.1","387","Moderately priced","€€","Open","","https://www.google.com/maps/place/CP+Tower+3+Phaya+Thai/data=!4m7!3m6!1s0x30e29eb58aaf2429:0x6e6e2d3ae0e8aad6!8m2!3d13.7577124!4d100.5337073!16s%2Fg%2F12m9bs345!19sChIJKSSvirWe4jAR1qro4Dotbm4?authuser=0&hl=en&rclk=1"
"0x30e29e18bc11c373:0x82f4b05c0099396c","รามคลินิกแพทย์คลินิกเวชกรรม","Medical clinic","
1991/5 ปาก Ramkhamhaeng 27 Alley, Hua Mak, Bang Kapi, Bangkok 10240, Thailand","QJ37+X2 Bangkok, Thailand","","","+66 2 314 4891","https://th-th.facebook.com/pages/Ramclinic/115220621982813","","4.2","25","","","Open","","https://www.google.com/maps/place/%E0%B8%A3%E0%B8%B2%E0%B8%A1%E0%B8%84%E0%B8%A5%E0%B8%B4%E0%B8%99%E0%B8%B4%E0%B8%81%E0%B9%81%E0%B8%9E%E0%B8%97%E0%B8%A2%E0%B9%8C%E0%B8%84%E0%B8%A5%E0%B8%B4%E0%B8%99%E0%B8%B4%E0%B8%81%E0%B9%80%E0%B8%A7%E0%B8%8A%E0%B8%81%E0%B8%A3%E0%B8%A3%E0%B8%A1/data=!4m7!3m6!1s0x30e29e18bc11c373:0x82f4b05c0099396c!8m2!3d13.7549873!4d100.6125806!16s%2Fg%2F1pp2x5wsc!19sChIJc8MRvBie4jARbDmZAFyw9II?authuser=0&hl=en&rclk=1"
"0x30e29e02acebc6f1:0x4cc86f4d30543a2c","Iyim Dentalclinic","Dental clinic","
88/26 ซ.รามคำแหง53 แขวงวังทองหลาง Wang Thonglang, Bangkok 10310, Thailand","QJ89+3M Bangkok, Thailand","","","+66 83 543 3535","","","4.0","9","","","Open","","https://www.google.com/maps/place/Iyim+Dentalclinic/data=!4m7!3m6!1s0x30e29e02acebc6f1:0x4cc86f4d30543a2c!8m2!3d13.7652214!4d100.6192001!16s%2Fg%2F1jkx_rc0r!19sChIJ8cbrrAKe4jARLDpUME1vyEw?authuser=0&hl=en&rclk=1"
"0x30e2a27b92125829:0x6ccbf8ea0ff4965f","รวมทันตแพทย์คลินิก ประชาอุทิศ-สุขสวัสดิ์","Dental clinic","
810 19 Pracha Uthit 17 Alley, Rat Burana, Bangkok 10140, Thailand","MG83+2G Bangkok, Thailand","","","+66 95 713 0027","https://www.ruamdental.com/","","5.0","257","","","Open","","https://www.google.com/maps/place/%E0%B8%A3%E0%B8%A7%E0%B8%A1%E0%B8%97%E0%B8%B1%E0%B8%99%E0%B8%95%E0%B9%81%E0%B8%9E%E0%B8%97%E0%B8%A2%E0%B9%8C%E0%B8%84%E0%B8%A5%E0%B8%B4%E0%B8%99%E0%B8%B4%E0%B8%81+%E0%B8%9B%E0%B8%A3%E0%B8%B0%E0%B8%8A%E0%B8%B2%E0%B8%AD%E0%B8%B8%E0%B8%97%E0%B8%B4%E0%B8%A8-%E0%B8%AA%E0%B8%B8%E0%B8%82%E0%B8%AA%E0%B8%A7%E0%B8%B1%E0%B8%AA%E0%B8%94%E0%B8%B4%E0%B9%8C/data=!4m7!3m6!1s0x30e2a27b92125829:0x6ccbf8ea0ff4965f!8m2!3d13.6650119!4d100.50383!16s%2Fg%2F1tr7fv6k!19sChIJKVgSknui4jARX5b0D-r4y2w?authuser=0&hl=en&rclk=1"
"0x30e2a011a97a72c1:0x6b4e32c4f171934b","คลินิกทันตกรรม105 (105 Dental Clinic)","Dentist","
Sukhumvit Rd, Bang Na Tai, Bang Na, Bangkok 10260, Thailand","MJ63+QR Bangkok, Thailand","","","+66 2 749 2707","","","4.7","13","","","Open","","https://www.google.com/maps/place/%E0%B8%84%E0%B8%A5%E0%B8%B4%E0%B8%99%E0%B8%B4%E0%B8%81%E0%B8%97%E0%B8%B1%E0%B8%99%E0%B8%95%E0%B8%81%E0%B8%A3%E0%B8%A3%E0%B8%A1105+%28105+Dental+Clinic%29/data=!4m7!3m6!1s0x30e2a011a97a72c1:0x6b4e32c4f171934b!8m2!3d13.6619265!4d100.6046114!16s%2Fg%2F1hc5tll4v!19sChIJwXJ6qRGg4jARS5Nx8cQyTms?authuser=0&hl=en&rclk=1"
"0x30e29f9845e08bcf:0x6aba818ad5111003","K Clinic On Nut Branch","Medical clinic","
227/1, 229 ซ.สุขุมวิท 77 On Nut Rd, Phra Khanong Nuea, Watthana, Bangkok 10110, Thailand","PJ52+XF Bangkok, Thailand","","","+66 64 641 9056","http://www.kluaynamthai.com/clinic/","","4.0","181","","","Open","","https://www.google.com/maps/place/K+Clinic+On+Nut+Branch/data=!4m7!3m6!1s0x30e29f9845e08bcf:0x6aba818ad5111003!8m2!3d13.7099278!4d100.6011296!16s%2Fg%2F11bwd2lhpd!19sChIJz4vgRZif4jARAxAR1YqBumo?authuser=0&hl=en&rclk=1"
"0x30e297581b0634d5:0x6fa5c66ad367ac53","ไคนด์แอนด์แคร์ คลินิกทันตกรรม (Kind and Care Dental Clinic)","Dental clinic","
1, 3 Phet Kasem 84 Alley, Bang Khae Nuea, Bang Khae, Bangkok 10160, Thailand","PC65+HH Bangkok, Thailand","","","+66 81 556 5242","https://sites.google.com/view/kindandcaredentalclinic/home","","5.0","239","","","Open","","https://www.google.com/maps/place/%E0%B9%84%E0%B8%84%E0%B8%99%E0%B8%94%E0%B9%8C%E0%B9%81%E0%B8%AD%E0%B8%99%E0%B8%94%E0%B9%8C%E0%B9%81%E0%B8%84%E0%B8%A3%E0%B9%8C+%E0%B8%84%E0%B8%A5%E0%B8%B4%E0%B8%99%E0%B8%B4%E0%B8%81%E0%B8%97%E0%B8%B1%E0%B8%99%E0%B8%95%E0%B8%81%E0%B8%A3%E0%B8%A3%E0%B8%A1+%28Kind+and+Care+Dental+Clinic%29/data=!4m7!3m6!1s0x30e297581b0634d5:0x6fa5c66ad367ac53!8m2!3d13.7114556!4d100.4089151!16s%2Fg%2F11w4nfq_p4!19sChIJ1TQGG1iX4jARU6xn02rGpW8?authuser=0&hl=en&rclk=1"
"0x311d61cc629e7ac3:0x82fce45cae5c66b1","ฟัน ฟัน คลินิกทันตกรรม","Dental clinic","
326 4 Soi Ramkhamhaeng 24, Hua Mak, Bang Kapi, Bangkok 10240, Thailand","QJ3C+8V Bangkok, Thailand","","","+66 63 637 6590","https://www.facebook.com/profile.php?id=100083025356308","","3.8","13","","","Open","","https://www.google.com/maps/place/%E0%B8%9F%E0%B8%B1%E0%B8%99+%E0%B8%9F%E0%B8%B1%E0%B8%99+%E0%B8%84%E0%B8%A5%E0%B8%B4%E0%B8%99%E0%B8%B4%E0%B8%81%E0%B8%97%E0%B8%B1%E0%B8%99%E0%B8%95%E0%B8%81%E0%B8%A3%E0%B8%A3%E0%B8%A1/data=!4m7!3m6!1s0x311d61cc629e7ac3:0x82fce45cae5c66b1!8m2!3d13.753335!4d100.6221475!16s%2Fg%2F11scg3sgdh!19sChIJw3qeYsxhHTERsWZcrlzk_II?authuser=0&hl=en&rclk=1"
"0x311d618ccfa73d23:0xf9581f6c3bcb4985","Wiz Dental Clinic","Dental clinic","
Unit #B3R08, 3105 Lat Phrao Rd, Khlong Chan, Bang Kapi, Bangkok 10240, Thailand","QJ9V+63 Bangkok, Thailand","","","+66 2 734 1911","http://www.facebook.com/wizdentalclinic","","3.9","75","","","Open","","https://www.google.com/maps/place/Wiz+Dental+Clinic/data=!4m7!3m6!1s0x311d618ccfa73d23:0xf9581f6c3bcb4985!8m2!3d13.7680447!4d100.6426415!16s%2Fg%2F12lvb_nsy!19sChIJIz2nz4xhHTERhUnLO2wfWPk?authuser=0&hl=en&rclk=1"
"0x30e291c3edcd47c9:0x168e612160e71ca5","Welltooth Dental Clinic","Dental clinic","
30 1 Nakhon In Rd, Bang Khu Wiang, Bang Kruai District, Nonthaburi 11130, Thailand","Plus Code: RCCF+R6 Bang Khu Wiang, Bang Kruai District, Nonthaburi, Thailand","","","+66 93 355 2352","","","5.0","43","","","Open","","https://www.google.com/maps/place/Welltooth+Dental+Clinic/data=!4m7!3m6!1s0x30e291c3edcd47c9:0x168e612160e71ca5!8m2!3d13.8220015!4d100.4230103!16s%2Fg%2F11k4jj9zht!19sChIJyUfN7cOR4jARpRznYCFhjhY?authuser=0&hl=en&rclk=1"
"0x30e29b2e11a24d61:0xdaead6c3f948bbd9","SmileScape Dental Clinic","Dental clinic","
401 403 Rattanathibet Rd, Tambon Bang Kraso, เมือง Nonthaburi 11000, Thailand","VF8V+F5 Nonthaburi, Mueang Nonthaburi District, Nonthaburi, Thailand","","","+66 92 293 6226","https://smilescapeclinic.com/","","4.9","743","","","Open","","https://www.google.com/maps/place/SmileScape+Dental+Clinic/data=!4m7!3m6!1s0x30e29b2e11a24d61:0xdaead6c3f948bbd9!8m2!3d13.8662171!4d100.4929573!16s%2Fg%2F11k4vjd28t!19sChIJYU2iES6b4jAR2btI-cPW6to?authuser=0&hl=en&rclk=1"
"0x30e29a3b52048c9d:0xbfabe2d72fd032b0","ศูนย์บริการสาธารณสุข 49","Public Health Department","
10170 ถ ชัยพฤกษ์ Khwaeng Taling Chan, Taling Chan, Bangkok 10170, Thailand","Plus Code: QFV9+X8 Bangkok, Thailand","","","+66 2 424 9410","http://www.bangkok.go.th/healthcenter49/","","4.1","37","","","Open","","https://www.google.com/maps/place/%E0%B8%A8%E0%B8%B9%E0%B8%99%E0%B8%A2%E0%B9%8C%E0%B8%9A%E0%B8%A3%E0%B8%B4%E0%B8%81%E0%B8%B2%E0%B8%A3%E0%B8%AA%E0%B8%B2%E0%B8%98%E0%B8%B2%E0%B8%A3%E0%B8%93%E0%B8%AA%E0%B8%B8%E0%B8%82+49/data=!4m7!3m6!1s0x30e29a3b52048c9d:0xbfabe2d72fd032b0!8m2!3d13.794947!4d100.468366!16s%2Fg%2F1vs1p9bq!19sChIJnYwEUjua4jARsDLQL9fiq78?authuser=0&hl=en&rclk=1"
"0x30e29773ba7f28db:0x21e8318535ab81f5","คลินิกทันตกรรมสไมล์วิลล์ : Smile Ville Dental Clinic - จัดฟัน ทำฟัน - บางแค ท่าเกษตร","Dental clinic","
548 24 Bang Khae Rd, Khwaeng Bang Khae, Khet Bang Khae, Bangkok 10160, Thailand","PC2C+M9 Bangkok, Thailand","","","+66 81 525 8744","https://www.facebook.com/SmileVille/","","4.9","181","","","Open","","https://www.google.com/maps/place/%E0%B8%84%E0%B8%A5%E0%B8%B4%E0%B8%99%E0%B8%B4%E0%B8%81%E0%B8%97%E0%B8%B1%E0%B8%99%E0%B8%95%E0%B8%81%E0%B8%A3%E0%B8%A3%E0%B8%A1%E0%B8%AA%E0%B9%84%E0%B8%A1%E0%B8%A5%E0%B9%8C%E0%B8%A7%E0%B8%B4%E0%B8%A5%E0%B8%A5%E0%B9%8C+:+Smile+Ville+Dental+Clinic+-+%E0%B8%88%E0%B8%B1%E0%B8%94%E0%B8%9F%E0%B8%B1%E0%B8%99+%E0%B8%97%E0%B8%B3%E0%B8%9F%E0%B8%B1%E0%B8%99+-+%E0%B8%9A%E0%B8%B2%E0%B8%87%E0%B9%81%E0%B8%84+%E0%B8%97%E0%B9%88%E0%B8%B2%E0%B9%80%E0%B8%81%E0%B8%A9%E0%B8%95%E0%B8%A3/data=!4m7!3m6!1s0x30e29773ba7f28db:0x21e8318535ab81f5!8m2!3d13.7017085!4d100.4209233!16s%2Fg%2F11t7xtm711!19sChIJ2yh_unOX4jAR9YGrNYUx6CE?authuser=0&hl=en&rclk=1"
"0x30e2a3d71c86f57b:0xd2105a0626422d8","Charlie Smile Dental Clinic คลินิกทันตกรรมชาร์ลีสไมล์ ทำฟัน จัดฟัน - ท่าข้าม พระราม 2","Dental clinic","
79/183 ซ.ท่าข้าม 7 ถ.ท่าข้าม Samae Dam, Bang Khun Thian, Bangkok 10150, Thailand","MC3W+26 Bangkok, Thailand","","","+66 65 242 6998","https://www.facebook.com/charliesmileclinic/","","4.9","522","","","Open","","https://www.google.com/maps/place/Charlie+Smile+Dental+Clinic+%E0%B8%84%E0%B8%A5%E0%B8%B4%E0%B8%99%E0%B8%B4%E0%B8%81%E0%B8%97%E0%B8%B1%E0%B8%99%E0%B8%95%E0%B8%81%E0%B8%A3%E0%B8%A3%E0%B8%A1%E0%B8%8A%E0%B8%B2%E0%B8%A3%E0%B9%8C%E0%B8%A5%E0%B8%B5%E0%B8%AA%E0%B9%84%E0%B8%A1%E0%B8%A5%E0%B9%8C+%E0%B8%97%E0%B8%B3%E0%B8%9F%E0%B8%B1%E0%B8%99+%E0%B8%88%E0%B8%B1%E0%B8%94%E0%B8%9F%E0%B8%B1%E0%B8%99+-+%E0%B8%97%E0%B9%88%E0%B8%B2%E0%B8%82%E0%B9%89%E0%B8%B2%E0%B8%A1+%E0%B8%9E%E0%B8%A3%E0%B8%B0%E0%B8%A3%E0%B8%B2%E0%B8%A1+2/data=!4m7!3m6!1s0x30e2a3d71c86f57b:0xd2105a0626422d8!8m2!3d13.6526218!4d100.445522!16s%2Fg%2F11ngjs31pf!19sChIJe_WGHNej4jAR2CJkYqAFIQ0?authuser=0&hl=en&rclk=1"
"0xacea788991e2ed3d:0xfafd0342113e3a0d","Comfort Care Dental Clinic","Dental clinic","
97, 3 Sukhumvit 113, Samrong Nuea, Mueang Samut Prakan District, Samut Prakan 10270, Thailand","JJJG+QV Samrong Nuea, Mueang Samut Prakan District, Samut Prakan, Thailand","","","+66 80 623 2898","","","5.0","40","","","Open","","https://www.google.com/maps/place/Comfort+Care+Dental+Clinic/data=!4m7!3m6!1s0xacea788991e2ed3d:0xfafd0342113e3a0d!8m2!3d13.6319534!4d100.6271765!16s%2Fg%2F11w1b_9m7j!19sChIJPe3ikYl46qwRDTo-EUID_fo?authuser=0&hl=en&rclk=1"
"0x311d5f65626df1b7:0x806dfe7348fb107","Sirin dental clinic (คลินิกทันตกรรมหมอศิรินทร์)","Dental clinic","
The Pharak 6 Alley, Thepharak, Mueang Samut Prakan District, Samut Prakan 10270, Thailand","JHVX+P5 Thepharak, Mueang Samut Prakan District, Samut Prakan, Thailand","","","+66 86 326 1905","https://www.facebook.com/pages/Sirin-Dental-Clinic-%E0%B8%84%E0%B8%A5%E0%B8%B4%E0%B8%99%E0%B8%B4%E0%B8%81%E0%B8%97%E0%B8%B1%E0%B8%99%E0%B8%95%E0%B8%81%E0%B8%A3%E0%B8%A3%E0%B8%A1%E0%B8%AB%E0%B8%A1%E0%B8%AD%E0%B8%A8%E0%B8%B4%E0%B8%A3%E0%B8%B4%E0%B8%99%E0%B8%97%E0%B8%A3%E0%B9%8C/326511860780374","","4.9","736","","","Open","","https://www.google.com/maps/place/Sirin+dental+clinic+%28%E0%B8%84%E0%B8%A5%E0%B8%B4%E0%B8%99%E0%B8%B4%E0%B8%81%E0%B8%97%E0%B8%B1%E0%B8%99%E0%B8%95%E0%B8%81%E0%B8%A3%E0%B8%A3%E0%B8%A1%E0%B8%AB%E0%B8%A1%E0%B8%AD%E0%B8%A8%E0%B8%B4%E0%B8%A3%E0%B8%B4%E0%B8%99%E0%B8%97%E0%B8%A3%E0%B9%8C%29/data=!4m7!3m6!1s0x311d5f65626df1b7:0x806dfe7348fb107!8m2!3d13.6443575!4d100.5979031!16s%2Fg%2F1hc2sx2vv!19sChIJt_FtYmVfHTERB7GPNOffBgg?authuser=0&hl=en&rclk=1"
"0x311d61812e6d114d:0xbf165039d307ee07","Smile Scape Dental Clinic สาขาศรีนครินทร์","Dental clinic","
1, 7 โครงการ Soi Grand De Ville, Nong Bon, Prawet, Bangkok 10250, Thailand","MJRW+H6 Bangkok, Thailand","","","+66 63 649 5396","","","4.8","141","","","Open","","https://www.google.com/maps/place/Smile+Scape+Dental+Clinic+%E0%B8%AA%E0%B8%B2%E0%B8%82%E0%B8%B2%E0%B8%A8%E0%B8%A3%E0%B8%B5%E0%B8%99%E0%B8%84%E0%B8%A3%E0%B8%B4%E0%B8%99%E0%B8%97%E0%B8%A3%E0%B9%8C/data=!4m7!3m6!1s0x311d61812e6d114d:0xbf165039d307ee07!8m2!3d13.6914461!4d100.6455166!16s%2Fg%2F11qp2yrl3r!19sChIJTRFtLoFhHTERB-4H0zlQFr8?authuser=0&hl=en&rclk=1"
"0x311d5fdf116b3d61:0x1ea96250fd209a2","Siam Dental Clinic","Dental clinic","
11/1 Soi Srinagarindra 57, Nong Bon, Prawet, Bangkok 10250, Thailand","MMP2+93 Bangkok, Thailand","","","+66 81 814 5544","http://siamdc.com/","","4.9","205","","","Open","","https://www.google.com/maps/place/Siam+Dental+Clinic/data=!4m7!3m6!1s0x311d5fdf116b3d61:0x1ea96250fd209a2!8m2!3d13.6859426!4d100.6502007!16s%2Fg%2F1hc2nmcy7!19sChIJYT1rEd9fHTERognSDyWW6gE?authuser=0&hl=en&rclk=1"
"0x311d618ccc90805d:0x5ef411e6df182329","Grace Dental Clinic Bang Ka-Pi","Dental clinic","
18, 20 Happy Land Sai 1 Rd, Khlong Chan, Bang Kapi, Bangkok 10240, Thailand","QJ9R+7R Bangkok, Thailand","","","+66 91 555 6659","https://gracedentalth.com/","","4.9","1374","","","Open","","https://www.google.com/maps/place/Grace+Dental+Clinic+Bang+Ka-Pi/data=!4m7!3m6!1s0x311d618ccc90805d:0x5ef411e6df182329!8m2!3d13.7682385!4d100.6420492!16s%2Fg%2F11cm0l8zgt!19sChIJXYCQzIxhHTERKSMY3-YR9F4?authuser=0&hl=en&rclk=1"
"0x311d6359bfccb357:0xfd32bc50737aba22","Smile Dent Dental Clinic","Dental clinic","
192/2 ซ. โยธินพัฒนา 3 Khlong Chan, Bang Kapi, Bangkok 10240, Thailand","RJ5C+WW Bangkok, Thailand","","","+66 83 050 5956","https://th-th.facebook.com/smiledentdental/","","5.0","11","","","Open","","https://www.google.com/maps/place/Smile+Dent+Dental+Clinic/data=!4m7!3m6!1s0x311d6359bfccb357:0xfd32bc50737aba22!8m2!3d13.809787!4d100.6222992!16s%2Fg%2F11tn0qws8k!19sChIJV7PMv1ljHTERIrp6c1C8Mv0?authuser=0&hl=en&rclk=1"
"0x30e29dfa3a4d042d:0xbdb34af42c60fa61","Big C Supercenter Ladprao 1","Hypermarket","
2539 Lat Phrao Rd, Wang Thonglang, Bangkok 10310, Thailand","QJP6+3R Bangkok, Thailand","","","+66 2 934 9888","http://www.bigc.co.th/","","4.1","4059","Moderately priced","$$","Open","","https://www.google.com/maps/place/Big+C+Supercenter+Ladprao+1/data=!4m7!3m6!1s0x30e29dfa3a4d042d:0xbdb34af42c60fa61!8m2!3d13.7851302!4d100.612057!16s%2Fg%2F1trr9n1f!19sChIJLQRNOvqd4jARYfpgLPRKs70?authuser=0&hl=en&rclk=1"
"0x30e2a2ccd73ee02b:0x82bb471aa4dd3185","First Smile Dental Clinic Central Rama 2","Dental clinic","
Central Rama 2 ชั้น 3 Samae Dam, Bang Khun Thian, Bangkok 10150, Thailand","MC7Q+V9 Bangkok, Thailand","","","+66 63 093 5608","https://firstsmiledentalclinic.com/","","4.7","241","","","Open","","https://www.google.com/maps/place/First+Smile+Dental+Clinic+Central+Rama+2/data=!4m7!3m6!1s0x30e2a2ccd73ee02b:0x82bb471aa4dd3185!8m2!3d13.6646984!4d100.4384167!16s%2Fg%2F11gczpyxm1!19sChIJK-A-18yi4jARhTHdpBpHu4I?authuser=0&hl=en&rclk=1"
"0x30e2a06b9e490c8d:0x2da66f9e5eef8119","MOS Dental Clinic Bearing","Orthodontist","
3788 Sukhumvit Rd, Bang Na Tai, Bang Na, Bangkok 10260, Thailand","MJ62+89 Bangkok, Thailand","","","+66 80 232 6700","http://www.facebook.com/mosdentalclinic","","4.9","1060","","","Open","","https://www.google.com/maps/place/MOS+Dental+Clinic+Bearing/data=!4m7!3m6!1s0x30e2a06b9e490c8d:0x2da66f9e5eef8119!8m2!3d13.6607821!4d100.6009316!16s%2Fg%2F11rr_4bmh!19sChIJjQxJnmug4jARGYHvXp5vpi0?authuser=0&hl=en&rclk=1"
"0x30e2a1329103e755:0xa76ec7e523ba32e","คลินิก เปปเปอร์มินต์ จัดฟัน ราคาถูก จัดฟันใส ฟอกสีฟัน จัดฟันเด็ก วีเนียร์ อุดมสุข บางนา พระโขนง","Dental clinic","
257 Udom Suk Rd, Bang Na Nuea, Bang Na, Bangkok 10260, Thailand","MJH6+GV Bangkok, Thailand","","","+66 83 556 3924","https://peppermintdentalbkk.com/","","4.8","140","","","Open","","https://www.google.com/maps/place/%E0%B8%84%E0%B8%A5%E0%B8%B4%E0%B8%99%E0%B8%B4%E0%B8%81+%E0%B9%80%E0%B8%9B%E0%B8%9B%E0%B9%80%E0%B8%9B%E0%B8%AD%E0%B8%A3%E0%B9%8C%E0%B8%A1%E0%B8%B4%E0%B8%99%E0%B8%95%E0%B9%8C+%E0%B8%88%E0%B8%B1%E0%B8%94%E0%B8%9F%E0%B8%B1%E0%B8%99+%E0%B8%A3%E0%B8%B2%E0%B8%84%E0%B8%B2%E0%B8%96%E0%B8%B9%E0%B8%81+%E0%B8%88%E0%B8%B1%E0%B8%94%E0%B8%9F%E0%B8%B1%E0%B8%99%E0%B9%83%E0%B8%AA+%E0%B8%9F%E0%B8%AD%E0%B8%81%E0%B8%AA%E0%B8%B5%E0%B8%9F%E0%B8%B1%E0%B8%99+%E0%B8%88%E0%B8%B1%E0%B8%94%E0%B8%9F%E0%B8%B1%E0%B8%99%E0%B9%80%E0%B8%94%E0%B9%87%E0%B8%81+%E0%B8%A7%E0%B8%B5%E0%B9%80%E0%B8%99%E0%B8%B5%E0%B8%A2%E0%B8%A3%E0%B9%8C+%E0%B8%AD%E0%B8%B8%E0%B8%94%E0%B8%A1%E0%B8%AA%E0%B8%B8%E0%B8%82+%E0%B8%9A%E0%B8%B2%E0%B8%87%E0%B8%99%E0%B8%B2+%E0%B8%9E%E0%B8%A3%E0%B8%B0%E0%B9%82%E0%B8%82%E0%B8%99%E0%B8%87/data=!4m7!3m6!1s0x30e2a1329103e755:0xa76ec7e523ba32e!8m2!3d13.6788261!4d100.6121591!16s%2Fg%2F11h6t77hqs!19sChIJVecDkTKh4jARLqM7Un7sdgo?authuser=0&hl=en&rclk=1"
"0x311d60474ed03e67:0x7eec29c4f519270b","Chirawat Dental Clinic","Walk-in clinic","
1178 Srinagarindra Rd, Khet, Suan Luang, Bangkok 10250, Thailand","PJ7V+77 Bangkok, Thailand","","","+66 2 752 6617","","","5.0","7","","","","","https://www.google.com/maps/place/Chirawat+Dental+Clinic/data=!4m7!3m6!1s0x311d60474ed03e67:0x7eec29c4f519270b!8m2!3d13.713152!4d100.643198!16s%2Fg%2F1hm6gy3x3!19sChIJZz7QTkdgHTERCycZ9cQp7H4?authuser=0&hl=en&rclk=1"
"0x311d61e0ba7d9dd5:0xfab5dd76d91f40b5","Ram 24 Clinic","Medical clinic","
20 ซอย รามคำแหง 24 แยก 24 Hua Mak, Bang Kapi, Bangkok 10240, Thailand","QJ3F+MV Bangkok, Thailand","","","+66 2 314 5773","","","3.2","12","","","Open","","https://www.google.com/maps/place/Ram+24+Clinic/data=!4m7!3m6!1s0x311d61e0ba7d9dd5:0xfab5dd76d91f40b5!8m2!3d13.7542346!4d100.6246439!16s%2Fg%2F1hm2936f4!19sChIJ1Z19uuBhHTERtUAf2Xbdtfo?authuser=0&hl=en&rclk=1"
"0x311d61c80387610b:0x4d5f7ea595cf57e4","APP Dental Clinic Ram68","Dental clinic","
950 952 ปาก รามคำแหง 68 Khwaeng Hua Mak, Bang Kapi, Bangkok 10240, Thailand","QM84+GC Bangkok, Thailand","","","+66 91 721 1138","https://www.facebook.com/APPDentalClinic68","","4.9","35","","","Open","","https://www.google.com/maps/place/APP+Dental+Clinic+Ram68/data=!4m7!3m6!1s0x311d61c80387610b:0x4d5f7ea595cf57e4!8m2!3d13.7663008!4d100.656001!16s%2Fg%2F11h_3hs0dj!19sChIJC2GHA8hhHTER5FfPlaV-X00?authuser=0&hl=en&rclk=1"
"0x311d61b2a4a90aa7:0x6400acc7b3ad29a","คลินิกทันตกรรมเดนทอล-ดี","Dental clinic","
38 Phatthanakan Rd, Khwaeng Prawet, Prawet, Bangkok 10250, Thailand","PMJ3+53 Bangkok, Thailand","","","+66 2 320 0080","http://dental-d.blogspot.com/","","5.0","6","","","Open","","https://www.google.com/maps/place/%E0%B8%84%E0%B8%A5%E0%B8%B4%E0%B8%99%E0%B8%B4%E0%B8%81%E0%B8%97%E0%B8%B1%E0%B8%99%E0%B8%95%E0%B8%81%E0%B8%A3%E0%B8%A3%E0%B8%A1%E0%B9%80%E0%B8%94%E0%B8%99%E0%B8%97%E0%B8%AD%E0%B8%A5-%E0%B8%94%E0%B8%B5/data=!4m7!3m6!1s0x311d61b2a4a90aa7:0x6400acc7b3ad29a!8m2!3d13.7304887!4d100.6527187!16s%2Fg%2F1tddv6vt!19sChIJpwqppLJhHTERmtI6e8wKQAY?authuser=0&hl=en&rclk=1"
"0x30e298b467074931:0x5c6b87aad7eafd0a","คลินิกทันตกรรมบ้านหมอหน่อย","Dental clinic","
456 Chan Rd, Thung Wat Don, Sathon, Bangkok 10120, Thailand","PG4F+QG Bangkok, Thailand","","","+66 93 263 2916","","","5.0","8","","","Open","","https://www.google.com/maps/place/%E0%B8%84%E0%B8%A5%E0%B8%B4%E0%B8%99%E0%B8%B4%E0%B8%81%E0%B8%97%E0%B8%B1%E0%B8%99%E0%B8%95%E0%B8%81%E0%B8%A3%E0%B8%A3%E0%B8%A1%E0%B8%9A%E0%B9%89%E0%B8%B2%E0%B8%99%E0%B8%AB%E0%B8%A1%E0%B8%AD%E0%B8%AB%E0%B8%99%E0%B9%88%E0%B8%AD%E0%B8%A2/data=!4m7!3m6!1s0x30e298b467074931:0x5c6b87aad7eafd0a!8m2!3d13.7069818!4d100.5238086!16s%2Fg%2F1hc4fpk4p!19sChIJMUkHZ7SY4jARCv3q16qHa1w?authuser=0&hl=en&rclk=1"
"0x30e29f916ebcf359:0x4dbfc96a2ca5866a","AIMS Clinic","Skin care clinic","
3rd Floor, Marketplace Nanglinchee, Nang Linchi Rd, Chong Nonsi, Yan Nawa, Bangkok 10120, Thailand","PG6V+33 Bangkok, Thailand","","","+66 82 951 7770","https://aimsclinicth.com/","","5.0","101","","","Open","","https://www.google.com/maps/place/AIMS+Clinic/data=!4m7!3m6!1s0x30e29f916ebcf359:0x4dbfc96a2ca5866a!8m2!3d13.7101561!4d100.5427245!16s%2Fg%2F11khkdtxb3!19sChIJWfO8bpGf4jARaoalLGrJv00?authuser=0&hl=en&rclk=1"
"0x30e29838828cd869:0xc47a4fba08ca8469","Smilecare","Dental clinic","
บางหว้า | Smilecare Dental Clinic คลินิกทันตกรรมสไมล์แคร์ 21 Phet Kasem Rd, Pak Khlong Phasi Charoen, Phasi Charoen, Bangkok 10160, Thailand","PFF6+3Q Bangkok, Thailand","","","+66 85 930 4555","","","5.0","722","","","Open","","https://www.google.com/maps/place/Smilecare/data=!4m7!3m6!1s0x30e29838828cd869:0xc47a4fba08ca8469!8m2!3d13.7226301!4d100.461905!16s%2Fg%2F1v13wvxt!19sChIJadiMgjiY4jARaYTKCLpPesQ?authuser=0&hl=en&rclk=1"
"0x30e29faacfbf2beb:0x79c82f5d89716ac7","พรศักดิ์ทันตแพทย์ PORNSAK DENTAL CLINIC","Dentist","
46/6 ถนนสุขุมวิท 49 Khlong Toei Nuea, Watthana, Bangkok 10110, Thailand","PHJG+VM Bangkok, Thailand","","","+66 2 261 6401","","","4.5","34","","","Open","","https://www.google.com/maps/place/%E0%B8%9E%E0%B8%A3%E0%B8%A8%E0%B8%B1%E0%B8%81%E0%B8%94%E0%B8%B4%E0%B9%8C%E0%B8%97%E0%B8%B1%E0%B8%99%E0%B8%95%E0%B9%81%E0%B8%9E%E0%B8%97%E0%B8%A2%E0%B9%8C+PORNSAK+DENTAL+CLINIC/data=!4m7!3m6!1s0x30e29faacfbf2beb:0x79c82f5d89716ac7!8m2!3d13.732203!4d100.5766422!16s%2Fg%2F11g659xlkg!19sChIJ6yu_z6qf4jARx2pxiV0vyHk?authuser=0&hl=en&rclk=1"
"0x30e29f097c1d74d9:0x145e1ea9e98c450a","J.P. Animal Hospital","Animal hospital","
45, 39 Attha Kawi 1 Alley, Khlong Tan, Khlong Toei, Bangkok 10110, Thailand","PHCC+H2 Bangkok, Thailand","","","+66 92 444 6351","https://www.facebook.com/J.PAnimalHospitalSukhumvit26","","4.7","169","","","Open","","https://www.google.com/maps/place/J.P.+Animal+Hospital/data=!4m7!3m6!1s0x30e29f097c1d74d9:0x145e1ea9e98c450a!8m2!3d13.7214203!4d100.5700172!16s%2Fg%2F11c5_whv7j!19sChIJ2XQdfAmf4jARCkWM6akeXhQ?authuser=0&hl=en&rclk=1"
"0x30e29e705658b941:0x9400486e984e5b48","Dental Square Clinic คลินิกทันตกรรมเด็นตัลสแควร์ (สี่แยกเหม่งจ๋าย)","Dental clinic","
767 768 Pracha Uthit Rd, Samsen Nok, Huai Khwang, Bangkok 10310, Thailand","QHCP+2M Bangkok, Thailand","","","+66 86 399 9981","","","4.7","30","","","Open","","https://www.google.com/maps/place/Dental+Square+Clinic+%E0%B8%84%E0%B8%A5%E0%B8%B4%E0%B8%99%E0%B8%B4%E0%B8%81%E0%B8%97%E0%B8%B1%E0%B8%99%E0%B8%95%E0%B8%81%E0%B8%A3%E0%B8%A3%E0%B8%A1%E0%B9%80%E0%B8%94%E0%B9%87%E0%B8%99%E0%B8%95%E0%B8%B1%E0%B8%A5%E0%B8%AA%E0%B9%81%E0%B8%84%E0%B8%A7%E0%B8%A3%E0%B9%8C+%28%E0%B8%AA%E0%B8%B5%E0%B9%88%E0%B9%81%E0%B8%A2%E0%B8%81%E0%B9%80%E0%B8%AB%E0%B8%A1%E0%B9%88%E0%B8%87%E0%B8%88%E0%B9%8B%E0%B8%B2%E0%B8%A2%29/data=!4m7!3m6!1s0x30e29e705658b941:0x9400486e984e5b48!8m2!3d13.7700199!4d100.5866736!16s%2Fg%2F11c2lb_7ht!19sChIJQblYVnCe4jARSFtOmG5IAJQ?authuser=0&hl=en&rclk=1"
"0x30e29f2c010aa10f:0x62027b6d83836ce2","Central Silom Complex","Department store","
191 Si Lom Rd, Si Lom, Bang Rak, Bangkok 10500, Thailand","PGHP+42 Bangkok, Thailand","","","+66 2 231 3333","http://www.central.co.th/","","4.4","4610","","","Open","","https://www.google.com/maps/place/Central+Silom+Complex/data=!4m7!3m6!1s0x30e29f2c010aa10f:0x62027b6d83836ce2!8m2!3d13.7278527!4d100.5350931!16s%2Fg%2F1hm3jn4l6!19sChIJD6EKASyf4jAR4myDg217AmI?authuser=0&hl=en&rclk=1"
"0x30e29da4cf50c3ab:0xdb3308627d4cf978","คลินิกเดนทัลไบรท์ Dental Bright Clinic@Ratchada","Dental clinic","
1284 Sutthisan Winitchai Rd, Khwaeng Huai Khwang, Huai Khwang, Bangkok 10310, Thailand","QHQF+RX Bangkok, Thailand","","","+66 88 692 9665","","","1.9","8","","","Open","","https://www.google.com/maps/place/%E0%B8%84%E0%B8%A5%E0%B8%B4%E0%B8%99%E0%B8%B4%E0%B8%81%E0%B9%80%E0%B8%94%E0%B8%99%E0%B8%97%E0%B8%B1%E0%B8%A5%E0%B9%84%E0%B8%9A%E0%B8%A3%E0%B8%97%E0%B9%8C+Dental+Bright+Clinic@Ratchada/data=!4m7!3m6!1s0x30e29da4cf50c3ab:0xdb3308627d4cf978!8m2!3d13.7895241!4d100.5748811!16s%2Fg%2F11fk03pnqb!19sChIJq8NQz6Sd4jARePlMfWIIM9s?authuser=0&hl=en&rclk=1"
"0x30e2a3967e4cd7d7:0xa7f466d43d683ab1","Dr.Tooth We Trust Dental Clinic","Dental clinic","
373 Rat Phatthana Rd, Bang Pakok, Rat Burana, Bangkok 10140, Thailand","MGH3+34 Bangkok, Thailand","","","+66 83 262 2829","https://web.facebook.com/Dr.ToothWeTrust","","4.8","114","","","Open","","https://www.google.com/maps/place/Dr.Tooth+We+Trust+Dental+Clinic/data=!4m7!3m6!1s0x30e2a3967e4cd7d7:0xa7f466d43d683ab1!8m2!3d13.6776422!4d100.5027506!16s%2Fg%2F11rxydmgvv!19sChIJ19dMfpaj4jARsTpoPdRm9Kc?authuser=0&hl=en&rclk=1"
"0x30e29f0049550e89:0x5eb67b5592daee90","CHA Dental Clinic","Dental clinic","
Gateway Ekamai, Phra Khanong, Khlong Toei, Bangkok 10110, Thailand","PH9P+C4 Bangkok, Thailand","","","+66 92 408 1718","https://www.chadentalclinic.com/","","5.0","309","","","Open","","https://www.google.com/maps/place/CHA+Dental+Clinic/data=!4m7!3m6!1s0x30e29f0049550e89:0x5eb67b5592daee90!8m2!3d13.7185461!4d100.5853509!16s%2Fg%2F11lts5bv29!19sChIJiQ5VSQCf4jARkO7aklV7tl4?authuser=0&hl=en&rclk=1"
"0x30e29e0f015a7c93:0x6818d805ed5ac5fd","YDC Dental Clinic","Dental clinic","
456 11-12 Srivara Rd, Phlabphla, Wang Thonglang, Bangkok 10310, Thailand","QJ94+H9 Bangkok, Thailand","","","+66 2 538 7528","http://www.ydcdental.com/","","4.9","244","","","Open","","https://www.google.com/maps/place/YDC+Dental+Clinic/data=!4m7!3m6!1s0x30e29e0f015a7c93:0x6818d805ed5ac5fd!8m2!3d13.7689971!4d100.6059709!16s%2Fg%2F11clw4_5dh!19sChIJk3xaAQ-e4jAR_cVa7QXYGGg?authuser=0&hl=en&rclk=1"
"0x311d61f7993a862b:0x11a976b525767797","Smile Gallery Dental Clinic Lat Phrao 103 คลินิกทันตกรรม สไมล์แกลอรี่ ลาดพร้าว 103","Dental clinic","
2985, 2987 Lat Phrao Rd, Khlong Chan, Bang Kapi, Bangkok 10240, Thailand","QJFJ+FQ Bangkok, Thailand","","","+66 2 821 5821","http://www.smilegallerydentalclinic.com/","","4.8","107","","","Open","","https://www.google.com/maps/place/Smile+Gallery+Dental+Clinic+Lat+Phrao+103+%E0%B8%84%E0%B8%A5%E0%B8%B4%E0%B8%99%E0%B8%B4%E0%B8%81%E0%B8%97%E0%B8%B1%E0%B8%99%E0%B8%95%E0%B8%81%E0%B8%A3%E0%B8%A3%E0%B8%A1+%E0%B8%AA%E0%B9%84%E0%B8%A1%E0%B8%A5%E0%B9%8C%E0%B9%81%E0%B8%81%E0%B8%A5%E0%B8%AD%E0%B8%A3%E0%B8%B5%E0%B9%88+%E0%B8%A5%E0%B8%B2%E0%B8%94%E0%B8%9E%E0%B8%A3%E0%B9%89%E0%B8%B2%E0%B8%A7+103/data=!4m7!3m6!1s0x311d61f7993a862b:0x11a976b525767797!8m2!3d13.7736863!4d100.6319283!16s%2Fg%2F11gfn817kg!19sChIJK4Y6mfdhHTERl3d2JbV2qRE?authuser=0&hl=en&rclk=1"
"0x30e29a53c1ec9f5b:0x998ef4bb5cf1c3df","Molar Molar Dental Clinic - Nakhon In (WeCare) คลินิกทันตกรรมโมลาร์โมลาร์ นครอินทร์","Dental clinic","
90 Bang Kruai - Sai Noi Rd, Bang Si Thong, Bang Kruai District, Nonthaburi 11130, Thailand","RFCJ+C3 Bang Si Thong, Bang Kruai District, Nonthaburi, Thailand","","","+66 2 446 6448","","","5.0","302","","","Open","","https://www.google.com/maps/place/Molar+Molar+Dental+Clinic+-+Nakhon+In+%28WeCare%29+%E0%B8%84%E0%B8%A5%E0%B8%B4%E0%B8%99%E0%B8%B4%E0%B8%81%E0%B8%97%E0%B8%B1%E0%B8%99%E0%B8%95%E0%B8%81%E0%B8%A3%E0%B8%A3%E0%B8%A1%E0%B9%82%E0%B8%A1%E0%B8%A5%E0%B8%B2%E0%B8%A3%E0%B9%8C%E0%B9%82%E0%B8%A1%E0%B8%A5%E0%B8%B2%E0%B8%A3%E0%B9%8C+%E0%B8%99%E0%B8%84%E0%B8%A3%E0%B8%AD%E0%B8%B4%E0%B8%99%E0%B8%97%E0%B8%A3%E0%B9%8C/data=!4m7!3m6!1s0x30e29a53c1ec9f5b:0x998ef4bb5cf1c3df!8m2!3d13.8210072!4d100.4801497!16s%2Fg%2F11c1rhs5xl!19sChIJW5_swVOa4jAR38PxXLv0jpk?authuser=0&hl=en&rclk=1"
"0x30e299869afbd86f:0x28355139c5abacba","AG Dental Plus Clinic คลินิกทันตกรรมเอจีเดนทัลพลัส","Dental clinic","
5, 73-75 Borommaratchachonnani 13 Alley, Arun Amarin, Bangkok Noi, Bangkok 10700, Thailand","QFHG+3R Bangkok, Thailand","","","+66 2 013 3868","https://openlink.co/agdentalplus","","4.9","1250","","","Open","","https://www.google.com/maps/place/AG+Dental+Plus+Clinic+%E0%B8%84%E0%B8%A5%E0%B8%B4%E0%B8%99%E0%B8%B4%E0%B8%81%E0%B8%97%E0%B8%B1%E0%B8%99%E0%B8%95%E0%B8%81%E0%B8%A3%E0%B8%A3%E0%B8%A1%E0%B9%80%E0%B8%AD%E0%B8%88%E0%B8%B5%E0%B9%80%E0%B8%94%E0%B8%99%E0%B8%97%E0%B8%B1%E0%B8%A5%E0%B8%9E%E0%B8%A5%E0%B8%B1%E0%B8%AA/data=!4m7!3m6!1s0x30e299869afbd86f:0x28355139c5abacba!8m2!3d13.7777393!4d100.4771169!16s%2Fg%2F1tfttdsz!19sChIJb9j7moaZ4jARuqyrxTlRNSg?authuser=0&hl=en&rclk=1"
"0x30e29d09ef16d469:0x1be4fb6a6fea7c41","Dental Care @ Wang Hin","Dental clinic","
16, 3-4 Soi Lat Phrao Wang Hin 79, Khwaeng Lat Phrao, Lat Phrao, Bangkok 10230, Thailand","RHFR+P6 Bangkok, Thailand","","","+66 98 882 4785","https://www.dentalcareatwanghin.com/","","4.8","105","","","Open","","https://www.google.com/maps/place/Dental+Care+@+Wang+Hin/data=!4m7!3m6!1s0x30e29d09ef16d469:0x1be4fb6a6fea7c41!8m2!3d13.8243743!4d100.5905608!16s%2Fg%2F11cl_hn82v!19sChIJadQW7wmd4jARQXzqb2r75Bs?authuser=0&hl=en&rclk=1"
"0x30e29b649e373405:0x50055108ad28ff11","คลินิกทันตกรรมเลิฟลี่สไมล์ สาขาวงศ์สว่าง LOVELYSMILE DENTAL CLINIC","Dental clinic","
1299 คลินิกทันตกรรมเลิฟลี่สไมล์ สาขาวงค์สว่าง 1 ถ. กรุงเทพ - นนทบุรี Bang Sue, Bangkok 10800, Thailand","RGHH+F3 Bangkok, Thailand","","","+66 99 212 9898","https://www.facebook.com/lovelysmileclinic/","","4.9","362","","","Open","","https://www.google.com/maps/place/%E0%B8%84%E0%B8%A5%E0%B8%B4%E0%B8%99%E0%B8%B4%E0%B8%81%E0%B8%97%E0%B8%B1%E0%B8%99%E0%B8%95%E0%B8%81%E0%B8%A3%E0%B8%A3%E0%B8%A1%E0%B9%80%E0%B8%A5%E0%B8%B4%E0%B8%9F%E0%B8%A5%E0%B8%B5%E0%B9%88%E0%B8%AA%E0%B9%84%E0%B8%A1%E0%B8%A5%E0%B9%8C+%E0%B8%AA%E0%B8%B2%E0%B8%82%E0%B8%B2%E0%B8%A7%E0%B8%87%E0%B8%A8%E0%B9%8C%E0%B8%AA%E0%B8%A7%E0%B9%88%E0%B8%B2%E0%B8%87+LOVELYSMILE+DENTAL+CLINIC/data=!4m7!3m6!1s0x30e29b649e373405:0x50055108ad28ff11!8m2!3d13.8286648!4d100.527744!16s%2Fg%2F11h3c3fnyd!19sChIJBTQ3nmSb4jAREf8orQhRBVA?authuser=0&hl=en&rclk=1"
"0x30e29dc036180423:0xd9d084d2022efae6","คลินิกทันตกรรม ทันตารักษ์","Endodontist","
326 Chok Chai 4 Rd, Wang Thonglang, Bangkok 10310, Thailand","QHXW+68 Bangkok, Thailand","","","+66 2 933 2957","https://www.facebook.com/profile.php?id=61556917676202","","3.3","7","","","Open","","https://www.google.com/maps/place/%E0%B8%84%E0%B8%A5%E0%B8%B4%E0%B8%99%E0%B8%B4%E0%B8%81%E0%B8%97%E0%B8%B1%E0%B8%99%E0%B8%95%E0%B8%81%E0%B8%A3%E0%B8%A3%E0%B8%A1+%E0%B8%97%E0%B8%B1%E0%B8%99%E0%B8%95%E0%B8%B2%E0%B8%A3%E0%B8%B1%E0%B8%81%E0%B8%A9%E0%B9%8C/data=!4m7!3m6!1s0x30e29dc036180423:0xd9d084d2022efae6!8m2!3d13.7980333!4d100.5957609!16s%2Fg%2F12hrmwkz_!19sChIJIwQYNsCd4jAR5vouAtKE0Nk?authuser=0&hl=en&rclk=1"
"0x30e29de85c6c59a5:0xf9f5eab9b80a97c2","Say Cheeeze Dental Clinic : ทำฟัน จัดฟัน รากเทียม(รับประกันสังคม/บริษัท)","Dental clinic","
39/6 Soi Lat Phrao 80 Yaek 22, Wang Thonglang, Bangkok 10310, Thailand","QJM2+26 Bangkok, Thailand","","","+66 95 629 9284","https://lin.ee/MzRsusl","","4.7","44","","","Open","","https://www.google.com/maps/place/Say+Cheeeze+Dental+Clinic+:+%E0%B8%97%E0%B8%B3%E0%B8%9F%E0%B8%B1%E0%B8%99+%E0%B8%88%E0%B8%B1%E0%B8%94%E0%B8%9F%E0%B8%B1%E0%B8%99+%E0%B8%A3%E0%B8%B2%E0%B8%81%E0%B9%80%E0%B8%97%E0%B8%B5%E0%B8%A2%E0%B8%A1%28%E0%B8%A3%E0%B8%B1%E0%B8%9A%E0%B8%9B%E0%B8%A3%E0%B8%B0%E0%B8%81%E0%B8%B1%E0%B8%99%E0%B8%AA%E0%B8%B1%E0%B8%87%E0%B8%84%E0%B8%A1%2F%E0%B8%9A%E0%B8%A3%E0%B8%B4%E0%B8%A9%E0%B8%B1%E0%B8%97%29/data=!4m7!3m6!1s0x30e29de85c6c59a5:0xf9f5eab9b80a97c2!8m2!3d13.7825168!4d100.6005433!16s%2Fg%2F12lksgmq9!19sChIJpVlsXOid4jARwpcKuLnq9fk?authuser=0&hl=en&rclk=1"
"0x30e29c9301057693:0x17788e4cbf0d8b0c","Baanmorfun Dental Clinic","Dental clinic","
12, 13 Thetsaban Songkhro Rd, Lat Yao, Chatuchak, Bangkok 10900, Thailand","RGQW+X5 Bangkok, Thailand","","","+66 2 589 4497","","","4.9","32","","","","","https://www.google.com/maps/place/Baanmorfun+Dental+Clinic/data=!4m7!3m6!1s0x30e29c9301057693:0x17788e4cbf0d8b0c!8m2!3d13.8399863!4d100.5453837!16s%2Fg%2F1tf2p1fd!19sChIJk3YFAZOc4jARDIsNv0yOeBc?authuser=0&hl=en&rclk=1"
"0x30e29166864cc8ad:0x509632079997caa","Healthy Family Dental Clinic","Dental clinic","
166, 5, Sala Klang, Bang Kruai District, Nonthaburi 11130, Thailand","R946+X8 Sala Klang, Bang Kruai District, Nonthaburi, Thailand","","","+66 81 885 4699","https://www.facebook.com/healthyfamily.dentalclinic","","5.0","23","","","Open","","https://www.google.com/maps/place/Healthy+Family+Dental+Clinic/data=!4m7!3m6!1s0x30e29166864cc8ad:0x509632079997caa!8m2!3d13.8074651!4d100.3607696!16s%2Fg%2F11v6fkxzyb!19sChIJrchMhmaR4jARqnyZeSBjCQU?authuser=0&hl=en&rclk=1"
"0x30e298382ff2b5a1:0x3439d62990d40175","28 Dental Clinic","Dentist","
ใกล้ 168 Phet Kasem Rd, Pak Khlong Phasi Charoen, Phasi Charoen, Bangkok 10160, Thailand","PFF7+C4 Bangkok, Thailand","","","+66 2 467 0443","","","4.4","18","","","Open","","https://www.google.com/maps/place/28+Dental+Clinic/data=!4m7!3m6!1s0x30e298382ff2b5a1:0x3439d62990d40175!8m2!3d13.723576!4d100.4628044!16s%2Fg%2F1hf3d0pxb!19sChIJobXyLziY4jARdQHUkCnWOTQ?authuser=0&hl=en&rclk=1"
"0x30e2999b9824f751:0xc2bd2e38b2fdc576","Tooth Camp Dental Clinic สาขาMRTหลักสอง (อยู่ในปั๊มเชลล์)","Dental clinic","
ปั๊ม Shell 939 Phet Kasem Rd, Bang Khae, Bangkok 10160, Thailand","PC66+54 Bangkok, Thailand","","","+66 61 269 5477","http://www.facebook.com/toothcampdental","","4.9","166","","","Open","","https://www.google.com/maps/place/Tooth+Camp+Dental+Clinic+%E0%B8%AA%E0%B8%B2%E0%B8%82%E0%B8%B2MRT%E0%B8%AB%E0%B8%A5%E0%B8%B1%E0%B8%81%E0%B8%AA%E0%B8%AD%E0%B8%87+%28%E0%B8%AD%E0%B8%A2%E0%B8%B9%E0%B9%88%E0%B9%83%E0%B8%99%E0%B8%9B%E0%B8%B1%E0%B9%8A%E0%B8%A1%E0%B9%80%E0%B8%8A%E0%B8%A5%E0%B8%A5%E0%B9%8C%29/data=!4m7!3m6!1s0x30e2999b9824f751:0xc2bd2e38b2fdc576!8m2!3d13.7104348!4d100.4102726!16s%2Fg%2F11mwhdkszy!19sChIJUfckmJuZ4jARdsX9sjguvcI?authuser=0&hl=en&rclk=1"
"0x30e2a3db916e8551:0xc67d49b31cc9bddc","Bangkok Smile Dental Center Bangmod Aesthetic Branch","Dental clinic","
747, 3rd Floor, Rama II Rd, Bang Mot, Chom Thong, Bangkok 10150, Thailand","MFC4+F6 Bangkok, Thailand","","","+66 83 531 9296","https://www.bangkoksmiledental.com/th/","","5.0","19","","","Open","","https://www.google.com/maps/place/Bangkok+Smile+Dental+Center+Bangmod+Aesthetic+Branch/data=!4m7!3m6!1s0x30e2a3db916e8551:0xc67d49b31cc9bddc!8m2!3d13.6711328!4d100.4555051!16s%2Fg%2F11ydwf9bn0!19sChIJUYVukduj4jAR3L3JHLNJfcY?authuser=0&hl=en&rclk=1"
"0x30e2a3b81b8db56b:0xcffc8b7268aa6ced","26 Smile Dental Clinic (คลินิกทำฟัน 26 สไมล์ ซอยสุขสวัสดิ์ 26)","Dental clinic","
พีบีแมนชั่น, 1083 Suk Sawat Rd 26, Bang Pakok, Rat Burana, Bangkok 10140, Thailand","MFCM+9C Bangkok, Thailand","","","+66 98 980 2600","https://www.facebook.com/26smiledentalclinic","","5.0","8","","","Open","","https://www.google.com/maps/place/26+Smile+Dental+Clinic+%28%E0%B8%84%E0%B8%A5%E0%B8%B4%E0%B8%99%E0%B8%B4%E0%B8%81%E0%B8%97%E0%B8%B3%E0%B8%9F%E0%B8%B1%E0%B8%99+26+%E0%B8%AA%E0%B9%84%E0%B8%A1%E0%B8%A5%E0%B9%8C+%E0%B8%8B%E0%B8%AD%E0%B8%A2%E0%B8%AA%E0%B8%B8%E0%B8%82%E0%B8%AA%E0%B8%A7%E0%B8%B1%E0%B8%AA%E0%B8%94%E0%B8%B4%E0%B9%8C+26%29/data=!4m7!3m6!1s0x30e2a3b81b8db56b:0xcffc8b7268aa6ced!8m2!3d13.6709994!4d100.4835777!16s%2Fg%2F11stp1xztl!19sChIJa7WNG7ij4jAR7WyqaHKL_M8?authuser=0&hl=en&rclk=1"
"0x30e2a26e7c2e65c1:0xbcf8eb7f88b2ad91","Suksawat Inter Hospital","Private hospital","
272 Suk Sawat Rd, Khwaeng Bang Pakok, Khet Rat Burana, Bangkok 10140, Thailand","MGG2+CC Bangkok, Thailand","","","+66 2 874 6766","http://www.suksawatinterhospital.com/","","2.8","499","","","Open","","https://www.google.com/maps/place/Suksawat+Inter+Hospital/data=!4m7!3m6!1s0x30e2a26e7c2e65c1:0xbcf8eb7f88b2ad91!8m2!3d13.6761127!4d100.5011043!16s%2Fg%2F1td5j41_!19sChIJwWUufG6i4jARka2yiH_r-Lw?authuser=0&hl=en&rclk=1"
"0x30e2a26e74b6924f:0xc72b10c4d76375a6","Lotus's Bangpakok","Hypermarket","
1695 Suk Sawat Rd, Bang Pakok, Rat Burana, Bangkok 10140, Thailand","MGH2+2H Bangkok, Thailand","","","+66 2 872 1500","http://lotuss.com/","","4.1","3508","","","Open","","https://www.google.com/maps/place/Lotus%27s+Bangpakok/data=!4m7!3m6!1s0x30e2a26e74b6924f:0xc72b10c4d76375a6!8m2!3d13.6775927!4d100.5014018!16s%2Fg%2F1hc37t_ml!19sChIJT5K2dG6i4jARpnVj18QQK8c?authuser=0&hl=en&rclk=1"
"0x30e29e7f222a175f:0x82dc3d1151077c02","Public Health Center 25","Local medical services","
2 Pracha Uthit Rd, Huai Khwang, Bangkok 10310, Thailand","QHGH+QR Bangkok, Thailand","","","+66 2 277 2660","http://www.bangkok.go.th/healthcenter25","","3.6","54","","","Open","","https://www.google.com/maps/place/Public+Health+Center+25/data=!4m7!3m6!1s0x30e29e7f222a175f:0x82dc3d1151077c02!8m2!3d13.7769092!4d100.5795674!16s%2Fg%2F1th5fxf9!19sChIJXxcqIn-e4jARAnwHURE93II?authuser=0&hl=en&rclk=1"
"0x30e2a1002ba49655:0x561792cdbe406991","Crystal Dental Clinic (Bangna-LaSalle) คลินิกทันตกรรมคริสตัล (บางนา-ลาซาล)","Dental clinic","
539 (ห้อง E3, ติดลานจอดรถด้านหลัง ระหว่าง, โครงการดาดฟ้า, Lasalle 31 Alley, Bang Na, Bangkok 10260, Thailand","MJ79+86 Bangkok, Thailand","","","+66 99 920 0966","http://www.crystaldentalth.com/","","4.9","114","","","Open","","https://www.google.com/maps/place/Crystal+Dental+Clinic+%28Bangna-LaSalle%29+%E0%B8%84%E0%B8%A5%E0%B8%B4%E0%B8%99%E0%B8%B4%E0%B8%81%E0%B8%97%E0%B8%B1%E0%B8%99%E0%B8%95%E0%B8%81%E0%B8%A3%E0%B8%A3%E0%B8%A1%E0%B8%84%E0%B8%A3%E0%B8%B4%E0%B8%AA%E0%B8%95%E0%B8%B1%E0%B8%A5+%28%E0%B8%9A%E0%B8%B2%E0%B8%87%E0%B8%99%E0%B8%B2-%E0%B8%A5%E0%B8%B2%E0%B8%8B%E0%B8%B2%E0%B8%A5%29/data=!4m7!3m6!1s0x30e2a1002ba49655:0x561792cdbe406991!8m2!3d13.6633479!4d100.6181052!16s%2Fg%2F11kjpmr2b2!19sChIJVZakKwCh4jARkWlAvs2SF1Y?authuser=0&hl=en&rclk=1"
"0x30e2989b852d026d:0xad2a06c7a703ecfe","คลินิกทันตกรรม บ้านฟ้า","Dental clinic","
182/4 ซอย เจริญกรุง 107 ถ. เจริญกรุง Bang Kho Laem, Bangkok 10120, Thailand","MFWX+JJ Bangkok, Thailand","","","+66 2 688 6381","https://www.wongnai.com/businesses/167112uB-%E0%B8%84%E0%B8%A5%E0%B8%B4%E0%B8%99%E0%B8%B4%E0%B8%81%E0%B8%97%E0%B8%B1%E0%B8%99%E0%B8%95%E0%B8%81%E0%B8%A3%E0%B8%A3%E0%B8%A1%E0%B8%9A%E0%B9%89%E0%B8%B2%E0%B8%99%E0%B8%9F%E0%B9%89%E0%B8%B2","","5.0","8","","","Open","","https://www.google.com/maps/place/%E0%B8%84%E0%B8%A5%E0%B8%B4%E0%B8%99%E0%B8%B4%E0%B8%81%E0%B8%97%E0%B8%B1%E0%B8%99%E0%B8%95%E0%B8%81%E0%B8%A3%E0%B8%A3%E0%B8%A1+%E0%B8%9A%E0%B9%89%E0%B8%B2%E0%B8%99%E0%B8%9F%E0%B9%89%E0%B8%B2/data=!4m7!3m6!1s0x30e2989b852d026d:0xad2a06c7a703ecfe!8m2!3d13.6965909!4d100.4991237!16s%2Fg%2F1pyd1vvkr!19sChIJbQIthZuY4jAR_uwDp8cGKq0?authuser=0&hl=en&rclk=1"
"0x30e298a72ac6039f:0xb14146f7875a08b0","คลินิกทันตกรรมเจริญราษฎร์","Dental clinic","
599 29-30 Charoen Rat 7 Alley, Bang Khlo, Bang Kho Laem, Bangkok 10120, Thailand","MGV7+23 Bangkok, Thailand","","","+66 97 157 7453","","","4.2","26","","","Open","","https://www.google.com/maps/place/%E0%B8%84%E0%B8%A5%E0%B8%B4%E0%B8%99%E0%B8%B4%E0%B8%81%E0%B8%97%E0%B8%B1%E0%B8%99%E0%B8%95%E0%B8%81%E0%B8%A3%E0%B8%A3%E0%B8%A1%E0%B9%80%E0%B8%88%E0%B8%A3%E0%B8%B4%E0%B8%8D%E0%B8%A3%E0%B8%B2%E0%B8%A9%E0%B8%8E%E0%B8%A3%E0%B9%8C/data=!4m7!3m6!1s0x30e298a72ac6039f:0xb14146f7875a08b0!8m2!3d13.6925011!4d100.5126616!16s%2Fg%2F11hd6tt5vk!19sChIJnwPGKqeY4jARsAhah_dGQbE?authuser=0&hl=en&rclk=1"
"0x30e29f9c9351cbaf:0xed02c356c7453d14","V Dentist Dental Clinic","Dental clinic","
105 93 Sukhumvit Rd, Bang Chak, Phra Khanong, Bangkok 10260, Thailand","MJX4+M5 Bangkok, Thailand","","","+66 92 641 4142","","","4.9","76","","","Open","","https://www.google.com/maps/place/V+Dentist+Dental+Clinic/data=!4m7!3m6!1s0x30e29f9c9351cbaf:0xed02c356c7453d14!8m2!3d13.6992312!4d100.6053912!16s%2Fg%2F11tjy_q11y!19sChIJr8tRk5yf4jARFD1Fx1bDAu0?authuser=0&hl=en&rclk=1"
"0x30e29e553294ea33:0xf7ebe332f7b3d967","Dental Hospital","Dental clinic","
7 Habito Rd, Phra Khanong Nuea, Watthana, Bangkok 10110, Thailand","PJ72+FH Bangkok, Thailand","","","+66 2 092 2006","http://www.dentalhospitalbangkok.com/","","3.2","212","","","Open","","https://www.google.com/maps/place/Dental+Hospital/data=!4m7!3m6!1s0x30e29e553294ea33:0xf7ebe332f7b3d967!8m2!3d13.7137092!4d100.6013838!16s%2Fg%2F1tkb_kfn!19sChIJM-qUMlWe4jARZ9mz9zLj6_c?authuser=0&hl=en&rclk=1"
"0x30e29b8c4ec964ed:0xfaa91fc8132dc294","มงคลทันตแพทย์ โดยทันตแพทย์ชาญณรงค์ ชาวเมืองบน","Dental clinic","
513/163 ซอยวัดเพลงวิปัสสนา ถนนจรัญฯ37 Bang Khun Si, Bangkok Noi, Bangkok 10700, Thailand","QF69+6R Bangkok, Thailand","","","+66 2 412 4628","https://m.facebook.com/%E0%B8%84%E0%B8%A5%E0%B8%B5%E0%B8%99%E0%B8%B4%E0%B8%84-%E0%B8%A1%E0%B8%87%E0%B8%84%E0%B8%A5%E0%B8%97%E0%B8%B1%E0%B8%99%E0%B8%95%E0%B9%81%E0%B8%9E%E0%B8%97%E0%B8%A2%E0%B9%8C-671582333042273/","","4.1","8","","","Open","","https://www.google.com/maps/place/%E0%B8%A1%E0%B8%87%E0%B8%84%E0%B8%A5%E0%B8%97%E0%B8%B1%E0%B8%99%E0%B8%95%E0%B9%81%E0%B8%9E%E0%B8%97%E0%B8%A2%E0%B9%8C+%E0%B9%82%E0%B8%94%E0%B8%A2%E0%B8%97%E0%B8%B1%E0%B8%99%E0%B8%95%E0%B9%81%E0%B8%9E%E0%B8%97%E0%B8%A2%E0%B9%8C%E0%B8%8A%E0%B8%B2%E0%B8%8D%E0%B8%93%E0%B8%A3%E0%B8%87%E0%B8%84%E0%B9%8C+%E0%B8%8A%E0%B8%B2%E0%B8%A7%E0%B9%80%E0%B8%A1%E0%B8%B7%E0%B8%AD%E0%B8%87%E0%B8%9A%E0%B8%99/data=!4m7!3m6!1s0x30e29b8c4ec964ed:0xfaa91fc8132dc294!8m2!3d13.7605734!4d100.4696203!16s%2Fg%2F1hc72mrhk!19sChIJ7WTJToyb4jARlMItE8gfqfo?authuser=0&hl=en&rclk=1"
"0x30e2a13cc872be0d:0xfff66932c75bfcc1","Teddy Smile dental clinic","Dental clinic","
420, 120 Mu Ban Thipphawan, Thepharak, Mueang Samut Prakan District, Samut Prakan 10270, Thailand","JJP5+M5 Thepharak, Mueang Samut Prakan District, Samut Prakan, Thailand","","","+66 97 950 9395","http://www.facebook.com/teddysmiledentalclinic","","5.0","148","","","Open","","https://www.google.com/maps/place/Teddy+Smile+dental+clinic/data=!4m7!3m6!1s0x30e2a13cc872be0d:0xfff66932c75bfcc1!8m2!3d13.6367399!4d100.6079417!16s%2Fg%2F11rv00t3x2!19sChIJDb5yyDyh4jARwfxbxzJp9v8?authuser=0&hl=en&rclk=1"
"0x30e2a004a49c470d:0x32b78f08a8360ae6","Udomsuk Skytrain Dental Clinic","Dental clinic","
3983, 3985 Sukhumvit Rd, Bang Na Nuea, Bang Na, Bangkok 10260, Thailand","MJH5+PQ Bangkok, Thailand","","","+66 88 329 3456","https://www.skytraindental.com/branch/sukhumvit-skytrain-dental/","","4.9","623","","","Open","","https://www.google.com/maps/place/Udomsuk+Skytrain+Dental+Clinic/data=!4m7!3m6!1s0x30e2a004a49c470d:0x32b78f08a8360ae6!8m2!3d13.6792814!4d100.6094531!16s%2Fg%2F11c2p9fvx8!19sChIJDUecpASg4jAR5go2qAiPtzI?authuser=0&hl=en&rclk=1"
"0x30e2a1b8bd6e6f29:0x718173a2753a75a1","Smile Gallery Dental Clinic Udomsuk","Dental clinic","
57 Sukhumvit 101/2 Alley, Bang Na Nuea, Bang Na, Bangkok 10260, Thailand","MJJ6+V5 Bangkok, Thailand","","","+66 2 821 5821","https://www.smilegallery.clinic/home-page/%E0%B8%82%E0%B9%89%E0%B8%AD%E0%B8%A1%E0%B8%B9%E0%B8%A5%E0%B8%AA%E0%B8%B2%E0%B8%82%E0%B8%B2/","","4.6","295","","","Open","","https://www.google.com/maps/place/Smile+Gallery+Dental+Clinic+Udomsuk/data=!4m7!3m6!1s0x30e2a1b8bd6e6f29:0x718173a2753a75a1!8m2!3d13.6821267!4d100.6104698!16s%2Fg%2F11j95s9yqc!19sChIJKW9uvbih4jARoXU6daJzgXE?authuser=0&hl=en&rclk=1"
"0x30e29fa67009320f:0x5b48063300c23f4","脱毛サロン•サロン・デ・シックス Salon de Six/歯のプレミアムホワイトニング エクシアバンコク","Hair removal service","
595, 3rd Floor, 3-4 Soi Sukhumvit 33/1, Khlong Tan Nuea, Watthana, Bangkok 10110, Thailand","PHM9+39 Bangkok, Thailand","","","+66 98 391 8717","https://salon-de-six.com/jp/","","5.0","144","","","Open","","https://www.google.com/maps/place/%E8%84%B1%E6%AF%9B%E3%82%B5%E3%83%AD%E3%83%B3%E2%80%A2%E3%82%B5%E3%83%AD%E3%83%B3%E3%83%BB%E3%83%87%E3%83%BB%E3%82%B7%E3%83%83%E3%82%AF%E3%82%B9+Salon+de+Six%2F%E6%AD%AF%E3%81%AE%E3%83%97%E3%83%AC%E3%83%9F%E3%82%A2%E3%83%A0%E3%83%9B%E3%83%AF%E3%82%A4%E3%83%88%E3%83%8B%E3%83%B3%E3%82%B0+%E3%82%A8%E3%82%AF%E3%82%B7%E3%82%A2%E3%83%90%E3%83%B3%E3%82%B3%E3%82%AF/data=!4m7!3m6!1s0x30e29fa67009320f:0x5b48063300c23f4!8m2!3d13.7326301!4d100.5684864!16s%2Fg%2F11qbkp348c!19sChIJDzIJcKaf4jAR9CMMMGOAtAU?authuser=0&hl=en&rclk=1"
"0x30e29fa952bc97a9:0x141ae6860fbf6f9a","Denta-Joy - Thonglor","Dental clinic","
90 Fifty Fifth Plaza (ชั้น 2 Thong Lo, Khlong Tan Nuea, Watthana, Bangkok 10110, Thailand","PHGJ+F4 Bangkok, Thailand","","","+66 86 320 5693","http://www.dentajoy.com/","","4.9","786","","","Open","","https://www.google.com/maps/place/Denta-Joy+-+Thonglor/data=!4m7!3m6!1s0x30e29fa952bc97a9:0x141ae6860fbf6f9a!8m2!3d13.7261741!4d100.5803317!16s%2Fg%2F1tf84jwm!19sChIJqZe8Uqmf4jARmm-_D4bmGhQ?authuser=0&hl=en&rclk=1"
"0x311d6347e5679051:0x5d429be1f7ff54e6","M-Smile101(ลาดพร้าว101) Dental Clinic","Dental clinic","
3312/38, 3312/39 Ladprao 101, Klongjan, Bang Kapi, Bangkok 10240, Thailand","QJVH+M5 Bangkok, Thailand","","","+66 94 782 2133","https://www.facebook.com/MSmile101DentalClinic","","4.5","62","","","Open","","https://www.google.com/maps/place/M-Smile101%28%E0%B8%A5%E0%B8%B2%E0%B8%94%E0%B8%9E%E0%B8%A3%E0%B9%89%E0%B8%B2%E0%B8%A7101%29+Dental+Clinic/data=!4m7!3m6!1s0x311d6347e5679051:0x5d429be1f7ff54e6!8m2!3d13.7942222!4d100.6279118!16s%2Fg%2F11fd4_17v8!19sChIJUZBn5UdjHTER5lT_9-GbQl0?authuser=0&hl=en&rclk=1"
"0x30e29901baabae6f:0x9a7704e3c108397f","พัฒนคลินิกทันตกรรม","Dental clinic","
2 อิสรภาพ, Wat Arun, Bangkok Yai, Bangkok 10600, Thailand","PFPP+PM Bangkok, Thailand","","","+66 97 246 8202","","","4.6","10","","","Open","","https://www.google.com/maps/place/%E0%B8%9E%E0%B8%B1%E0%B8%92%E0%B8%99%E0%B8%84%E0%B8%A5%E0%B8%B4%E0%B8%99%E0%B8%B4%E0%B8%81%E0%B8%97%E0%B8%B1%E0%B8%99%E0%B8%95%E0%B8%81%E0%B8%A3%E0%B8%A3%E0%B8%A1/data=!4m7!3m6!1s0x30e29901baabae6f:0x9a7704e3c108397f!8m2!3d13.7368174!4d100.4867231!16s%2Fg%2F1hc3d30dl!19sChIJb66rugGZ4jARfzkIweMEd5o?authuser=0&hl=en&rclk=1"
"0x30e29b0029cb38cb:0x21cb71d686104ba7","แผนกทันตกรรม รพ.ตา หู คอ จมูก","Dental clinic","
585 อาคาร 1 ชั้น 6 Sirindhorn Rd, Bang Bumru, Bang Phlat, Bangkok 10700, Thailand","QFPV+47 Bangkok, Thailand","","","+66 63 393 3052","https://www.facebook.com/share/17naRrgnGC/","","5.0","11","","","Open","","https://www.google.com/maps/place/%E0%B9%81%E0%B8%9C%E0%B8%99%E0%B8%81%E0%B8%97%E0%B8%B1%E0%B8%99%E0%B8%95%E0%B8%81%E0%B8%A3%E0%B8%A3%E0%B8%A1+%E0%B8%A3%E0%B8%9E.%E0%B8%95%E0%B8%B2+%E0%B8%AB%E0%B8%B9+%E0%B8%84%E0%B8%AD+%E0%B8%88%E0%B8%A1%E0%B8%B9%E0%B8%81/data=!4m7!3m6!1s0x30e29b0029cb38cb:0x21cb71d686104ba7!8m2!3d13.785303!4d100.4932276!16s%2Fg%2F11nhydf7vf!19sChIJyzjLKQCb4jARp0sQhtZxyyE?authuser=0&hl=en&rclk=1"
"0x30e2988b239f4a7d:0x1bd4be257ec8a37a","คลินิกตากสิน 21 ทันตแพทย์","Dental clinic","
33 ปากซอยพุ่มหิรัญ1 Somdet Phra Chao Tak Sin 21 Alley, Samre, Thon Buri, Bangkok 10600, Thailand","PF6Q+JM Bangkok, Thailand","","","+66 86 034 0698","","","4.6","5","","","Open","","https://www.google.com/maps/place/%E0%B8%84%E0%B8%A5%E0%B8%B4%E0%B8%99%E0%B8%B4%E0%B8%81%E0%B8%95%E0%B8%B2%E0%B8%81%E0%B8%AA%E0%B8%B4%E0%B8%99+21+%E0%B8%97%E0%B8%B1%E0%B8%99%E0%B8%95%E0%B9%81%E0%B8%9E%E0%B8%97%E0%B8%A2%E0%B9%8C/data=!4m7!3m6!1s0x30e2988b239f4a7d:0x1bd4be257ec8a37a!8m2!3d13.7115851!4d100.489141!16s%2Fg%2F1pzxqtd9z!19sChIJfUqfI4uY4jAReqPIfiW-1Bs?authuser=0&hl=en&rclk=1"
"0x30e29d71dedb1607:0xde54f438b62cfbef","ร้านรับทำฟันปลอม","Doctor","
756 Soi Lat Phrao Wang Hin 7, Saphan Song, Wang Thonglang, Bangkok 10310, Thailand","RH2V+HF Bangkok, Thailand","","","+66 81 721 3281","","","5.0","11","","","","","https://www.google.com/maps/place/%E0%B8%A3%E0%B9%89%E0%B8%B2%E0%B8%99%E0%B8%A3%E0%B8%B1%E0%B8%9A%E0%B8%97%E0%B8%B3%E0%B8%9F%E0%B8%B1%E0%B8%99%E0%B8%9B%E0%B8%A5%E0%B8%AD%E0%B8%A1/data=!4m7!3m6!1s0x30e29d71dedb1607:0xde54f438b62cfbef!8m2!3d13.8014467!4d100.5936588!16s%2Fg%2F11g1gnn89c!19sChIJBxbb3nGd4jAR7_sstjj0VN4?authuser=0&hl=en&rclk=1"
"0x30e29d00594bc6bf:0x9aeb0219341a68a9","Vela Dental Design Clinic เวลาเดนทัลดีไซน์ คลินิกทันตกรรม","Dental clinic","
11/16 Sena, Thanon Sena Nikhom 1, Sena Nikhom, Chatuchak, Bangkok 10900, Thailand","RHMF+GX Bangkok, Thailand","","","+66 63 269 9745","http://www.facebook.com/veladentaldesign","","5.0","56","","","Open","","https://www.google.com/maps/place/Vela+Dental+Design+Clinic+%E0%B9%80%E0%B8%A7%E0%B8%A5%E0%B8%B2%E0%B9%80%E0%B8%94%E0%B8%99%E0%B8%97%E0%B8%B1%E0%B8%A5%E0%B8%94%E0%B8%B5%E0%B9%84%E0%B8%8B%E0%B8%99%E0%B9%8C+%E0%B8%84%E0%B8%A5%E0%B8%B4%E0%B8%99%E0%B8%B4%E0%B8%81%E0%B8%97%E0%B8%B1%E0%B8%99%E0%B8%95%E0%B8%81%E0%B8%A3%E0%B8%A3%E0%B8%A1/data=!4m7!3m6!1s0x30e29d00594bc6bf:0x9aeb0219341a68a9!8m2!3d13.8337754!4d100.5749544!16s%2Fg%2F11xr_xrtc5!19sChIJv8ZLWQCd4jARqWgaNBkC65o?authuser=0&hl=en&rclk=1"
"0x30e29d7ebebcf275:0x67b77ff4ea9dc1d4","Homey Dental Clinic - Pradit Manutham","Dental clinic","
991 Lat Phrao 87, Khlong Chan, Bang Kapi, Bangkok 10240, Thailand","RJ28+JR Bangkok, Thailand","","","+66 82 939 9499","https://homeydentalclinic.com/","","5.0","729","","","Open","","https://www.google.com/maps/place/Homey+Dental+Clinic+-+Pradit+Manutham/data=!4m7!3m6!1s0x30e29d7ebebcf275:0x67b77ff4ea9dc1d4!8m2!3d13.8015316!4d100.6171109!16s%2Fg%2F11sh21lt5k!19sChIJdfK8vn6d4jAR1MGd6vR_t2c?authuser=0&hl=en&rclk=1"
"0x30e2a31c155deca5:0x67a347af244db557","GROW Family dental clinic","Dental clinic","
ถนน พุทธบูชา Khwaeng Bang Mot, Khet Thung Khru, Bangkok 10140, Thailand","MF5C+HM Bangkok, Thailand","","","+66 85 820 9925","https://lin.ee/JuXH5AC","","5.0","6","","","Open","","https://www.google.com/maps/place/GROW+Family+dental+clinic/data=!4m7!3m6!1s0x30e2a31c155deca5:0x67a347af244db557!8m2!3d13.6589233!4d100.4716253!16s%2Fg%2F11lp639f0x!19sChIJpexdFRyj4jARV7VNJK9Ho2c?authuser=0&hl=en&rclk=1"
"0x30e2a246bd459633:0xbc3b963b23e141f0","Forfun 27 dental clinic","Dental clinic","
17 Pracha Uthit 27 Alley, ราษฎร์บูรณะ Rat Burana, Bangkok 10140, Thailand","MG62+3W Bangkok, Thailand","","","+66 2 870 9553","http://www.forfun27.com/","","4.7","81","","","Open","","https://www.google.com/maps/place/Forfun+27+dental+clinic/data=!4m7!3m6!1s0x30e2a246bd459633:0xbc3b963b23e141f0!8m2!3d13.6602083!4d100.5023122!16s%2Fg%2F1tgmsqq1!19sChIJM5ZFvUai4jAR8EHhIzuWO7w?authuser=0&hl=en&rclk=1"
"0x30e299919314a8f5:0xf163adaa7b54cb1e","บ้านหมอปิ๋ม คลินิกทันตกรรม","Dental clinic","
61/44 ซอย ดับเพลิง Bang Khun Non, Bangkok Noi, Bangkok 10700, Thailand","QFC9+2F Bangkok, Thailand","","","+66 88 275 1328","http://www.facebook.com/banmorpim","","4.7","32","","","Open","","https://www.google.com/maps/place/%E0%B8%9A%E0%B9%89%E0%B8%B2%E0%B8%99%E0%B8%AB%E0%B8%A1%E0%B8%AD%E0%B8%9B%E0%B8%B4%E0%B9%8B%E0%B8%A1+%E0%B8%84%E0%B8%A5%E0%B8%B4%E0%B8%99%E0%B8%B4%E0%B8%81%E0%B8%97%E0%B8%B1%E0%B8%99%E0%B8%95%E0%B8%81%E0%B8%A3%E0%B8%A3%E0%B8%A1/data=!4m7!3m6!1s0x30e299919314a8f5:0xf163adaa7b54cb1e!8m2!3d13.7700473!4d100.4687274!16s%2Fg%2F1q5gnw_ml!19sChIJ9agUk5GZ4jARHstUe6qtY_E?authuser=0&hl=en&rclk=1"
"0x30e29fdce17896fd:0xfef06c7aaa07e010","คลินิกทันตกรรม เอส สไมล์ (S Smile Dental Clinic)","Dental clinic","
On Nut 17 Alley, Suan Luang, Bangkok 10250, Thailand","PJ66+H3 Bangkok, Thailand","","","+66 2 740 3990","https://www.facebook.com/ssmiledent","","4.3","12","","","Open","","https://www.google.com/maps/place/%E0%B8%84%E0%B8%A5%E0%B8%B4%E0%B8%99%E0%B8%B4%E0%B8%81%E0%B8%97%E0%B8%B1%E0%B8%99%E0%B8%95%E0%B8%81%E0%B8%A3%E0%B8%A3%E0%B8%A1+%E0%B9%80%E0%B8%AD%E0%B8%AA+%E0%B8%AA%E0%B9%84%E0%B8%A1%E0%B8%A5%E0%B9%8C+%28S+Smile+Dental+Clinic%29/data=!4m7!3m6!1s0x30e29fdce17896fd:0xfef06c7aaa07e010!8m2!3d13.711411!4d100.610126!16s%2Fg%2F11b64h0qyr!19sChIJ_ZZ44dyf4jAREOAHqnps8P4?authuser=0&hl=en&rclk=1"
"0x30e2a00285823a23:0x39b7b937cabd5021","คลินิกทันตกรรมเครือสกายเทรนเด็นทอลกรุ๊ป คลินิกทำฟัน คลินิกจัดฟัน ทำฟันติดบีทีเอส จัดฟันติดบีทีเอส จัดฟันราคาถูก 14 สาขา","Dental clinic","
3081/1-2 Sukhumvit Rd, Bang Chak, Phra Khanong, Bangkok 10260, Thailand","MJM6+W7 Bangkok, Thailand","","","+66 2 747 6024","http://www.skytraindental.com/","","5.0","1118","","","Open","","https://www.google.com/maps/place/%E0%B8%84%E0%B8%A5%E0%B8%B4%E0%B8%99%E0%B8%B4%E0%B8%81%E0%B8%97%E0%B8%B1%E0%B8%99%E0%B8%95%E0%B8%81%E0%B8%A3%E0%B8%A3%E0%B8%A1%E0%B9%80%E0%B8%84%E0%B8%A3%E0%B8%B7%E0%B8%AD%E0%B8%AA%E0%B8%81%E0%B8%B2%E0%B8%A2%E0%B9%80%E0%B8%97%E0%B8%A3%E0%B8%99%E0%B9%80%E0%B8%94%E0%B9%87%E0%B8%99%E0%B8%97%E0%B8%AD%E0%B8%A5%E0%B8%81%E0%B8%A3%E0%B8%B8%E0%B9%8A%E0%B8%9B+%E0%B8%84%E0%B8%A5%E0%B8%B4%E0%B8%99%E0%B8%B4%E0%B8%81%E0%B8%97%E0%B8%B3%E0%B8%9F%E0%B8%B1%E0%B8%99+%E0%B8%84%E0%B8%A5%E0%B8%B4%E0%B8%99%E0%B8%B4%E0%B8%81%E0%B8%88%E0%B8%B1%E0%B8%94%E0%B8%9F%E0%B8%B1%E0%B8%99+%E0%B8%97%E0%B8%B3%E0%B8%9F%E0%B8%B1%E0%B8%99%E0%B8%95%E0%B8%B4%E0%B8%94%E0%B8%9A%E0%B8%B5%E0%B8%97%E0%B8%B5%E0%B9%80%E0%B8%AD%E0%B8%AA+%E0%B8%88%E0%B8%B1%E0%B8%94%E0%B8%9F%E0%B8%B1%E0%B8%99%E0%B8%95%E0%B8%B4%E0%B8%94%E0%B8%9A%E0%B8%B5%E0%B8%97%E0%B8%B5%E0%B9%80%E0%B8%AD%E0%B8%AA+%E0%B8%88%E0%B8%B1%E0%B8%94%E0%B8%9F%E0%B8%B1%E0%B8%99%E0%B8%A3%E0%B8%B2%E0%B8%84%E0%B8%B2%E0%B8%96%E0%B8%B9%E0%B8%81+14+%E0%B8%AA%E0%B8%B2%E0%B8%82%E0%B8%B2/data=!4m7!3m6!1s0x30e2a00285823a23:0x39b7b937cabd5021!8m2!3d13.6848643!4d100.6106965!16s%2Fg%2F1tzglp6f!19sChIJIzqChQKg4jARIVC9yje5tzk?authuser=0&hl=en&rclk=1"
"0x30e2a24e1558d541:0x7869a7981c045f0f","BMOC Dental Clinic Bang Mot","Dental clinic","
115, 19-20 Pracha Uthit Rd, Bang Mot, Thung Khru, Bangkok 10140, Thailand","MF2W+QW Bangkok, Thailand","","","+66 92 360 9998","https://m.facebook.com/bmocclinic/","","5.0","786","","","Open","","https://www.google.com/maps/place/BMOC+Dental+Clinic+Bang+Mot/data=!4m7!3m6!1s0x30e2a24e1558d541:0x7869a7981c045f0f!8m2!3d13.6518765!4d100.4973018!16s%2Fg%2F11b8263bd_!19sChIJQdVYFU6i4jARD18EHJinaXg?authuser=0&hl=en&rclk=1"
"0x30e2979947f01313:0x31226823fad3079","Teeth Time BKK","Dental clinic","
75/2 Phran Nok Phutthamonthon Sai 4 Rd, Bang Chueak Nang, Taling Chan, Bangkok 10170, Thailand","QC35+JQ Bangkok, Thailand","","","+66 64 225 4625","https://www.teethtimebkk.com/","","4.6","104","","","Open","","https://www.google.com/maps/place/Teeth+Time+BKK/data=!4m7!3m6!1s0x30e2979947f01313:0x31226823fad3079!8m2!3d13.7540348!4d100.4094942!16s%2Fg%2F11q1cmb82v!19sChIJExPwR5mX4jAReTCtP4ImEgM?authuser=0&hl=en&rclk=1"
"0x311d5f89ae397c5f:0xcea0f9a6fbd82539","TOOTHFACE Dental Clinic คลินิกทันตกรรมทูธเฟส คลินิกทำฟัน แบริ่ง จัดฟัน จัดฟันใส invisalign รากเทียม ฟอกสีฟัน","Dental clinic","
229, หมู่ที่ 9 Samrong Nuea, Mueang Samut Prakan District, Samut Prakan 10270, Thailand","JJXH+2H Samrong Nuea, Mueang Samut Prakan District, Samut Prakan, Thailand","","","+66 2 121 4885","https://m.facebook.com/toothfacedentalclinic/","","4.9","52","","","Open","","https://www.google.com/maps/place/TOOTHFACE+Dental+Clinic+%E0%B8%84%E0%B8%A5%E0%B8%B4%E0%B8%99%E0%B8%B4%E0%B8%81%E0%B8%97%E0%B8%B1%E0%B8%99%E0%B8%95%E0%B8%81%E0%B8%A3%E0%B8%A3%E0%B8%A1%E0%B8%97%E0%B8%B9%E0%B8%98%E0%B9%80%E0%B8%9F%E0%B8%AA+%E0%B8%84%E0%B8%A5%E0%B8%B4%E0%B8%99%E0%B8%B4%E0%B8%81%E0%B8%97%E0%B8%B3%E0%B8%9F%E0%B8%B1%E0%B8%99+%E0%B9%81%E0%B8%9A%E0%B8%A3%E0%B8%B4%E0%B9%88%E0%B8%87+%E0%B8%88%E0%B8%B1%E0%B8%94%E0%B8%9F%E0%B8%B1%E0%B8%99+%E0%B8%88%E0%B8%B1%E0%B8%94%E0%B8%9F%E0%B8%B1%E0%B8%99%E0%B9%83%E0%B8%AA+invisalign+%E0%B8%A3%E0%B8%B2%E0%B8%81%E0%B9%80%E0%B8%97%E0%B8%B5%E0%B8%A2%E0%B8%A1+%E0%B8%9F%E0%B8%AD%E0%B8%81%E0%B8%AA%E0%B8%B5%E0%B8%9F%E0%B8%B1%E0%B8%99/data=!4m7!3m6!1s0x311d5f89ae397c5f:0xcea0f9a6fbd82539!8m2!3d13.6476092!4d100.6289631!16s%2Fg%2F11j8p0jxp9!19sChIJX3w5rolfHTEROSXY-6b5oM4?authuser=0&hl=en&rclk=1"
"0x30e29dff67646c71:0xd06aa21e9cb4c70","LDC Dental ลาดพร้าว","Dental clinic","
1 Lat Phrao Rd, Wang Thonglang, Bangkok 10310, Thailand","QJJ9+CM Bangkok, Thailand","","","+66 2 030 4351","https://www.ldcdental.com/","","4.8","103","","","Open","","https://www.google.com/maps/place/LDC+Dental+%E0%B8%A5%E0%B8%B2%E0%B8%94%E0%B8%9E%E0%B8%A3%E0%B9%89%E0%B8%B2%E0%B8%A7/data=!4m7!3m6!1s0x30e29dff67646c71:0xd06aa21e9cb4c70!8m2!3d13.7810859!4d100.6191891!16s%2Fg%2F1tglwd_7!19sChIJcWxkZ_-d4jARcEzL6SGqBg0?authuser=0&hl=en&rclk=1"
"0x311d63fd5d204f5f:0x6e20ab55fb8e5c09","Corner Dental Clinic","Dental clinic","
เลขที่ 50-52 Thanon Lat Phrao 101, Khlong Chan, Bang Kapi, Bangkok 10240, Thailand","QJGH+WW Bangkok, Thailand","","","+66 64 695 4935","https://cornerclinic101.com/","","5.0","103","","","Open","","https://www.google.com/maps/place/Corner+Dental+Clinic/data=!4m7!3m6!1s0x311d63fd5d204f5f:0x6e20ab55fb8e5c09!8m2!3d13.7773257!4d100.6297775!16s%2Fg%2F11ltkf8bzt!19sChIJX08gXf1jHTERCVyO-1WrIG4?authuser=0&hl=en&rclk=1"
"0x30e29df94e6b37fd:0x217e505ef484cf4d","คลินิกทันตกรรมลาดพร้าวสไมล์","Dental clinic","
2246 1 Lat Phrao Rd, Phlabphla, Wang Thonglang, Bangkok 10310, Thailand","QJM7+4W Bangkok, Thailand","","","+66 86 478 7387","","","4.9","134","","","Open","","https://www.google.com/maps/place/%E0%B8%84%E0%B8%A5%E0%B8%B4%E0%B8%99%E0%B8%B4%E0%B8%81%E0%B8%97%E0%B8%B1%E0%B8%99%E0%B8%95%E0%B8%81%E0%B8%A3%E0%B8%A3%E0%B8%A1%E0%B8%A5%E0%B8%B2%E0%B8%94%E0%B8%9E%E0%B8%A3%E0%B9%89%E0%B8%B2%E0%B8%A7%E0%B8%AA%E0%B9%84%E0%B8%A1%E0%B8%A5%E0%B9%8C/data=!4m7!3m6!1s0x30e29df94e6b37fd:0x217e505ef484cf4d!8m2!3d13.7827656!4d100.6147966!16s%2Fg%2F1pp2w_rl2!19sChIJ_TdrTvmd4jARTc-E9F5QfiE?authuser=0&hl=en&rclk=1"
"0x30e29d92cf3bc879:0x556120268b974373","The Smile Clinic","Dental clinic","
RJ24+6J4, Soi Nakniwat 9 Alley, Lat Phrao, Bangkok 10230, Thailand","","","","+66 2 538 4799","","","4.2","5","","","Open","","https://www.google.com/maps/place/The+Smile+Clinic/data=!4m7!3m6!1s0x30e29d92cf3bc879:0x556120268b974373!8m2!3d13.8005171!4d100.6065784!16s%2Fg%2F1pv6yb0vz!19sChIJecg7z5Kd4jARc0OXiyYgYVU?authuser=0&hl=en&rclk=1"
"0x30e2a1a5bbb68d87:0xf7d92e5a31085743","Make U Smile Dental Clinic","Dental clinic","
1733/9 ปาก ซ. แบริ่ง4 Samut Prakan 10270, Thailand","MJ53+53 Samrong Nuea, Mueang Samut Prakan District, Samut Prakan, Thailand","","","+66 83 815 8899","https://www.facebook.com/Make-U-Smile-Clinic-%E0%B8%84%E0%B8%A5%E0%B8%B4%E0%B8%99%E0%B8%B4%E0%B8%81%E0%B8%97%E0%B8%B1%E0%B8%99%E0%B8%95%E0%B8%81%E0%B8%A3%E0%B8%A3%E0%B8%A1%E0%B9%80%E0%B8%A1%E0%B8%84%E0%B8%A2%E0%B8%B9%E0%B8%AA%E0%B8%A1%E0%B8%B2%E0%B8%A2%E0%B8%A5%E0%B9%8C-%E0%B8%9A%E0%B8%B5%E0%B8%97%E0%B8%B5%E0%B9%80%E0%B8%AD%E0%B8%AA%E0%B9%81%E0%B8%9A%E0%B8%A3%E0%B8%B4%E0%B9%88%E0%B8%87-%E0%B8%AA%E0%B8%B8%E0%B8%82%E0%B8%B8%E0%B8%A1%E0%B8%A7%E0%B8%B4%E0%B8%97107-105019657738543","","4.4","114","","","Open","","https://www.google.com/maps/place/Make+U+Smile+Dental+Clinic/data=!4m7!3m6!1s0x30e2a1a5bbb68d87:0xf7d92e5a31085743!8m2!3d13.6579754!4d100.6027061!16s%2Fg%2F11hgf3ctqj!19sChIJh422u6Wh4jARQ1cIMVou2fc?authuser=0&hl=en&rclk=1"
"0x30e29ff86fb87b8d:0x132ab07059249b0","Punnawithi Skytrain Dental Clinic","Dental clinic","
3077/53 Sukhumvit Rd, Bang Chak, Phra Khanong, Bangkok 10260","MJP6+H5 Bangkok","","","02 040 8565","http://punnawithiskytraindental.com/","","4.9","1076","","","Open","","https://www.google.com/maps/place/Punnawithi+Skytrain+Dental+Clinic/data=!4m7!3m6!1s0x30e29ff86fb87b8d:0x132ab07059249b0!8m2!3d13.6863824!4d100.6104685!16s%2Fg%2F11f3bdrqv_!19sChIJjXu4b_if4jARsEmSBQerMgE?authuser=0&hl=en&rclk=1"
"0x30e2977f4a1637ff:0xb272e6d646c9423","ปิด","Dental clinic","
8/6 ซอยกาญจนาภิเษก005/1 Lak Song, Bang Khae, Bangkok 10160","MCW4+F6 Bangkok","","","","","","4.9","74","","","Open","","https://www.google.com/maps/place/%E0%B8%9B%E0%B8%B4%E0%B8%94/data=!4m7!3m6!1s0x30e2977f4a1637ff:0xb272e6d646c9423!8m2!3d13.6962043!4d100.4055662!16s%2Fg%2F11v4j2hm9q!19sChIJ_zcWSn-X4jARI5RsZG0uJws?authuser=0&hl=en&rclk=1"
"0x311d603c39c88ad1:0x861505f2321cdeeb","LDC Dental อ่อนนุช","Dental clinic","
39 ติดทางเข้าคอนโด เอสเป, 1935-1943 ถนน สุขุมวิท 77 ติด ถ.อ่อนนุช ระหว่าง, On Nut 37 Alley, Suan Luang, Bangkok 10250","PJ6P+95 Bangkok","","","02 030 4356","https://www.ldcdental.com/","","4.9","336","","","Open","","https://www.google.com/maps/place/LDC+Dental+%E0%B8%AD%E0%B9%88%E0%B8%AD%E0%B8%99%E0%B8%99%E0%B8%B8%E0%B8%8A/data=!4m7!3m6!1s0x311d603c39c88ad1:0x861505f2321cdeeb!8m2!3d13.7109254!4d100.6354194!16s%2Fg%2F1tj5n5l2!19sChIJ0YrIOTxgHTER694cMvIFFYY?authuser=0&hl=en&rclk=1"
"0x30e29dabcfb41caf:0xf5601cfc4ffcc518","คลินิกทันตกรรม ฟัน แฟ็กทอรี่","Dental clinic","
20, 24-25 Suea Yai Uthit Alley, Khwaeng Chan Kasem, Khet Chatuchak, Bangkok 10900, Thailand","RHCH+7R Bangkok, Thailand","","","+66 97 262 5111","","","3.7","10","","","Open","","https://www.google.com/maps/place/%E0%B8%84%E0%B8%A5%E0%B8%B4%E0%B8%99%E0%B8%B4%E0%B8%81%E0%B8%97%E0%B8%B1%E0%B8%99%E0%B8%95%E0%B8%81%E0%B8%A3%E0%B8%A3%E0%B8%A1+%E0%B8%9F%E0%B8%B1%E0%B8%99+%E0%B9%81%E0%B8%9F%E0%B9%87%E0%B8%81%E0%B8%97%E0%B8%AD%E0%B8%A3%E0%B8%B5%E0%B9%88/data=!4m7!3m6!1s0x30e29dabcfb41caf:0xf5601cfc4ffcc518!8m2!3d13.8206927!4d100.5795902!16s%2Fg%2F11gk6n4yc2!19sChIJrxy0z6ud4jARGMX8T_wcYPU?authuser=0&hl=en&rclk=1"
"0x311d61c9fc0429e3:0x20cf5ed3e3fc0679","บจก. สุนิล เดนทอล คลีนิค","Dental clinic","
5 ซอยหมู่บ้านผกามาศ ถนนพัฒนาการ Suan Luang, Bangkok 10250, Thailand","PJG5+CC Bangkok, Thailand","","","","","","4.7","57","","","Open","","https://www.google.com/maps/place/%E0%B8%9A%E0%B8%88%E0%B8%81.+%E0%B8%AA%E0%B8%B8%E0%B8%99%E0%B8%B4%E0%B8%A5+%E0%B9%80%E0%B8%94%E0%B8%99%E0%B8%97%E0%B8%AD%E0%B8%A5+%E0%B8%84%E0%B8%A5%E0%B8%B5%E0%B8%99%E0%B8%B4%E0%B8%84/data=!4m7!3m6!1s0x311d61c9fc0429e3:0x20cf5ed3e3fc0679!8m2!3d13.7260507!4d100.6085777!16s%2Fg%2F11h12w8gh!19sChIJ4ykE_MlhHTEReQb849NezyA?authuser=0&hl=en&rclk=1"
"0x30e29d87effed37d:0xdc07c366f42c1026","The Crystal Dental Clinic","Dental clinic","
64/99 Pradit Manutham Rd, Lat Phrao, Bangkok 10230, Thailand","RJ69+JG Bangkok, Thailand","","","+66 2 515 0523","http://www.crystal-dental.com/","","4.1","19","","","Open","","https://www.google.com/maps/place/The+Crystal+Dental+Clinic/data=!4m7!3m6!1s0x30e29d87effed37d:0xdc07c366f42c1026!8m2!3d13.8115225!4d100.61886!16s%2Fg%2F119w9250x!19sChIJfdP-74ed4jARJhAs9GbDB9w?authuser=0&hl=en&rclk=1"
"0x30e29b7b38497f49:0x2040e1f643f81bd7","คลินิกทันตกรรม วงศ์สว่าง","Dental clinic","
ซอย กรุงเทพนนท์ 12 Wong Sawang, Bang Sue, Bangkok 10800, Thailand","RGHH+4G Bangkok, Thailand","","","+66 2 910 8990","","","3.0","12","","","Open","","https://www.google.com/maps/place/%E0%B8%84%E0%B8%A5%E0%B8%B4%E0%B8%99%E0%B8%B4%E0%B8%81%E0%B8%97%E0%B8%B1%E0%B8%99%E0%B8%95%E0%B8%81%E0%B8%A3%E0%B8%A3%E0%B8%A1+%E0%B8%A7%E0%B8%87%E0%B8%A8%E0%B9%8C%E0%B8%AA%E0%B8%A7%E0%B9%88%E0%B8%B2%E0%B8%87/data=!4m7!3m6!1s0x30e29b7b38497f49:0x2040e1f643f81bd7!8m2!3d13.8277844!4d100.5287822!16s%2Fg%2F1hc2hkb17!19sChIJSX9JOHub4jAR1xv4Q_bhQCA?authuser=0&hl=en&rclk=1"
"0x30e29d281f171f37:0xf60090a108740fee","ศูนย์บริการสาธารณสุข 51 จตุจักร","Local medical services","
ศูนย์บริการสาธารณสุข 51 จตุจักร Chom Phon, Chatuchak, Bangkok 10900, Thailand","RHF8+4H Bangkok, Thailand","","","+66 2 279 8972","https://www.facebook.com/page.healthcenter51","","4.2","45","","","Open","","https://www.google.com/maps/place/%E0%B8%A8%E0%B8%B9%E0%B8%99%E0%B8%A2%E0%B9%8C%E0%B8%9A%E0%B8%A3%E0%B8%B4%E0%B8%81%E0%B8%B2%E0%B8%A3%E0%B8%AA%E0%B8%B2%E0%B8%98%E0%B8%B2%E0%B8%A3%E0%B8%93%E0%B8%AA%E0%B8%B8%E0%B8%82+51+%E0%B8%88%E0%B8%95%E0%B8%B8%E0%B8%88%E0%B8%B1%E0%B8%81%E0%B8%A3/data=!4m7!3m6!1s0x30e29d281f171f37:0xf60090a108740fee!8m2!3d13.8228423!4d100.5664006!16s%2Fg%2F11jm9q2t_v!19sChIJNx8XHyid4jAR7g90CKGQAPY?authuser=0&hl=en&rclk=1"
"0x30e2976f33e5a389:0x533400fddd159f8e","Alpine Dental Clinic - คลินิกทันตกรรมอัลไพน์ สาย 2","Dental clinic","
135, อาคารS.R.โฮมเซนเตอร์, 25 Thanon PhutthaMonthon Sai 2, Sala Thammasop, Thawi Watthana, Bangkok 10170, Thailand","Q9GV+2P Bangkok, Thailand","","","+66 98 984 1555","https://alpinedental.co.th/","","4.9","158","","","Open","","https://www.google.com/maps/place/Alpine+Dental+Clinic+-+%E0%B8%84%E0%B8%A5%E0%B8%B4%E0%B8%99%E0%B8%B4%E0%B8%81%E0%B8%97%E0%B8%B1%E0%B8%99%E0%B8%95%E0%B8%81%E0%B8%A3%E0%B8%A3%E0%B8%A1%E0%B8%AD%E0%B8%B1%E0%B8%A5%E0%B9%84%E0%B8%9E%E0%B8%99%E0%B9%8C+%E0%B8%AA%E0%B8%B2%E0%B8%A2+2/data=!4m7!3m6!1s0x30e2976f33e5a389:0x533400fddd159f8e!8m2!3d13.7750041!4d100.39437!16s%2Fg%2F11vrl9mvc8!19sChIJiaPlM2-X4jARjp8V3f0ANFM?authuser=0&hl=en&rclk=1"
"0x30e2a24420a8e031:0x722fcc6f1f5dcadf","คลินิกทันตกรรมยิ้มสดใส ประชาอุทิศ","Dental clinic","
127/26 Pracha Uthit Rd, Khwaeng Rat Burana, Khet Rat Burana, Krung Thep Maha Nakhon 10140, Thailand","MG52+WH Bangkok, Thailand","","","+66 86 987 5168","","","4.0","16","","","Open","","https://www.google.com/maps/place/%E0%B8%84%E0%B8%A5%E0%B8%B4%E0%B8%99%E0%B8%B4%E0%B8%81%E0%B8%97%E0%B8%B1%E0%B8%99%E0%B8%95%E0%B8%81%E0%B8%A3%E0%B8%A3%E0%B8%A1%E0%B8%A2%E0%B8%B4%E0%B9%89%E0%B8%A1%E0%B8%AA%E0%B8%94%E0%B9%83%E0%B8%AA+%E0%B8%9B%E0%B8%A3%E0%B8%B0%E0%B8%8A%E0%B8%B2%E0%B8%AD%E0%B8%B8%E0%B8%97%E0%B8%B4%E0%B8%A8/data=!4m7!3m6!1s0x30e2a24420a8e031:0x722fcc6f1f5dcadf!8m2!3d13.6598645!4d100.5014444!16s%2Fg%2F12vrnvvld!19sChIJMeCoIESi4jAR38pdH2_ML3I?authuser=0&hl=en&rclk=1"
"0x30e2a216e7c71683:0x4615ba8e67d41c62","คลินิกฟันขาว (ชาญชัยคลินิกทันตกรรม)","Dental clinic","
287 หมู่ 19 Suk Sawat Rd, Lat Luang, Phra Pradaeng District, Samut Prakan 10130, Thailand","JGXF+H3 Lat Luang, Phra Pradaeng District, Samut Prakan, Thailand","","","+66 2 818 1078","","","4.6","8","","","Open","","https://www.google.com/maps/place/%E0%B8%84%E0%B8%A5%E0%B8%B4%E0%B8%99%E0%B8%B4%E0%B8%81%E0%B8%9F%E0%B8%B1%E0%B8%99%E0%B8%82%E0%B8%B2%E0%B8%A7+%28%E0%B8%8A%E0%B8%B2%E0%B8%8D%E0%B8%8A%E0%B8%B1%E0%B8%A2%E0%B8%84%E0%B8%A5%E0%B8%B4%E0%B8%99%E0%B8%B4%E0%B8%81%E0%B8%97%E0%B8%B1%E0%B8%99%E0%B8%95%E0%B8%81%E0%B8%A3%E0%B8%A3%E0%B8%A1%29/data=!4m7!3m6!1s0x30e2a216e7c71683:0x4615ba8e67d41c62!8m2!3d13.6488839!4d100.5226919!16s%2Fg%2F1hc1_v_xl!19sChIJgxbH5xai4jARYhzUZ466FUY?authuser=0&hl=en&rclk=1"
"0x30e29f7d7db3c555:0x661f7643e1875df6","NP​ Dental Clinic ทองหล่อซอย11","Dentist","
138/7 Soi Thong Lo 11, Khlong Tan Nuea, Watthana, Bangkok 10110, Thailand","PHMJ+85 Bangkok, Thailand","","","+66 86 105 5252","http://www.narongpotiket.com/","","4.7","14","","","Open","","https://www.google.com/maps/place/NP%E2%80%8B+Dental+Clinic+%E0%B8%97%E0%B8%AD%E0%B8%87%E0%B8%AB%E0%B8%A5%E0%B9%88%E0%B8%AD%E0%B8%8B%E0%B8%AD%E0%B8%A211/data=!4m7!3m6!1s0x30e29f7d7db3c555:0x661f7643e1875df6!8m2!3d13.7333618!4d100.5803865!16s%2Fg%2F11b7gsw5c_!19sChIJVcWzfX2f4jAR9l2H4UN2H2Y?authuser=0&hl=en&rclk=1"
"0x30e29f3061809727:0xb01b3e7e7db39481","Bangkok Advanced Clinics : Spine and Joint Center (ศูนย์กระดูกสันหลังและข้อ)","Doctor","
No. 1/18, เลขที่ 1/18 Sukhumvit 24 Alley, Khlong Tan, Khlong Toei, 10110, Thailand","PHH9+RV Bangkok, Thailand","","","+66 99 216 0216","https://bangkokadvancedclinics.com/contacts/","","4.3","15","","","Open","","https://www.google.com/maps/place/Bangkok+Advanced+Clinics+:+Spine+and+Joint+Center+%28%E0%B8%A8%E0%B8%B9%E0%B8%99%E0%B8%A2%E0%B9%8C%E0%B8%81%E0%B8%A3%E0%B8%B0%E0%B8%94%E0%B8%B9%E0%B8%81%E0%B8%AA%E0%B8%B1%E0%B8%99%E0%B8%AB%E0%B8%A5%E0%B8%B1%E0%B8%87%E0%B9%81%E0%B8%A5%E0%B8%B0%E0%B8%82%E0%B9%89%E0%B8%AD%29/data=!4m7!3m6!1s0x30e29f3061809727:0xb01b3e7e7db39481!8m2!3d13.7295542!4d100.5697036!16s%2Fg%2F11cjp794b7!19sChIJJ5eAYTCf4jARgZSzfX4-G7A?authuser=0&hl=en&rclk=1"
"0x30e29fc1d1e2410b:0x63ece8c11ce24120","Dentista Dental Clinic จัดฟัน วีเนียร์ อ่อนนุช สุขุมวิท","Dental clinic","
33/1 On Nut Rd, Phra Khanong Nuea, Watthana, Bangkok 10260, Thailand","PJ52+Q4 Bangkok, Thailand","","","+66 2 012 0192","http://www.dentistaonnut.com/","","4.9","281","","","Open","","https://www.google.com/maps/place/Dentista+Dental+Clinic+%E0%B8%88%E0%B8%B1%E0%B8%94%E0%B8%9F%E0%B8%B1%E0%B8%99+%E0%B8%A7%E0%B8%B5%E0%B9%80%E0%B8%99%E0%B8%B5%E0%B8%A2%E0%B8%A3%E0%B9%8C+%E0%B8%AD%E0%B9%88%E0%B8%AD%E0%B8%99%E0%B8%99%E0%B8%B8%E0%B8%8A+%E0%B8%AA%E0%B8%B8%E0%B8%82%E0%B8%B8%E0%B8%A1%E0%B8%A7%E0%B8%B4%E0%B8%97/data=!4m7!3m6!1s0x30e29fc1d1e2410b:0x63ece8c11ce24120!8m2!3d13.7094836!4d100.6003557!16s%2Fg%2F11c3vj77t1!19sChIJC0Hi0cGf4jARIEHiHMHo7GM?authuser=0&hl=en&rclk=1"
"0x30e29dbbe7796549:0x292bedca5933bf54","Doctor Poppy The Private Clinic","Skin care clinic","
21, ประตูบ้านสีทอง, 153 Lat Phrao 15 Alley, Chom Phon, Chatuchak, Bangkok 10900, Thailand","RH6C+HR Bangkok, Thailand","","","+66 91 874 6952","","","4.8","13","","","Open","","https://www.google.com/maps/place/Doctor+Poppy+The+Private+Clinic/data=!4m7!3m6!1s0x30e29dbbe7796549:0x292bedca5933bf54!8m2!3d13.8114141!4d100.5721217!16s%2Fg%2F11rrqdkp1n!19sChIJSWV557ud4jARVL8zWcrtKyk?authuser=0&hl=en&rclk=1"
"0x30e29cf93d7ba737:0x72b6e76948f07e9","Smile Signature Ratchayothin Dental คลินิกทันตกรรม สไมล์ ซิกเนเจอร์ เมเจอร์ รัชโยธิน","Dental clinic","
ชั้น 3 ลาดยาว ดิ อเวนิว รัชโยธิน เมเจอร์ 234/2 Ratchadaphisek Rd, Bangkok 10900, Thailand","RHH9+72 Bangkok, Thailand","","","+66 80 880 1700","https://smilesignature.com/","","5.0","1419","","","Open","","https://www.google.com/maps/place/Smile+Signature+Ratchayothin+Dental+%E0%B8%84%E0%B8%A5%E0%B8%B4%E0%B8%99%E0%B8%B4%E0%B8%81%E0%B8%97%E0%B8%B1%E0%B8%99%E0%B8%95%E0%B8%81%E0%B8%A3%E0%B8%A3%E0%B8%A1+%E0%B8%AA%E0%B9%84%E0%B8%A1%E0%B8%A5%E0%B9%8C+%E0%B8%8B%E0%B8%B4%E0%B8%81%E0%B9%80%E0%B8%99%E0%B9%80%E0%B8%88%E0%B8%AD%E0%B8%A3%E0%B9%8C+%E0%B9%80%E0%B8%A1%E0%B9%80%E0%B8%88%E0%B8%AD%E0%B8%A3%E0%B9%8C+%E0%B8%A3%E0%B8%B1%E0%B8%8A%E0%B9%82%E0%B8%A2%E0%B8%98%E0%B8%B4%E0%B8%99/data=!4m7!3m6!1s0x30e29cf93d7ba737:0x72b6e76948f07e9!8m2!3d13.8281772!4d100.5676036!16s%2Fg%2F12m9cgvg4!19sChIJN6d7Pfmc4jAR6QePlHZuKwc?authuser=0&hl=en&rclk=1"
"0x30e29d794aa17347:0x1a447b2e6d82796d","The ARCH Dental Clinic - Ladprao (Big C Extra Ladprao 2)","Dental clinic","
BigC Extra ชั้น 669 2 Lat Phrao Rd, Chom Phon, จตุจักร Bangkok 10900, Thailand","RH59+V9 Bangkok, Thailand","","","+66 96 826 4145","https://www.thearch.co.th/","","3.9","82","","","Open","","https://www.google.com/maps/place/The+ARCH+Dental+Clinic+-+Ladprao+%28Big+C+Extra+Ladprao+2%29/data=!4m7!3m6!1s0x30e29d794aa17347:0x1a447b2e6d82796d!8m2!3d13.8097264!4d100.5684255!16s%2Fg%2F11y6khkwdy!19sChIJR3OhSnmd4jARbXmCbS57RBo?authuser=0&hl=en&rclk=1"
"0x30e29cfea544f921:0xacc3137b7c340e4c","The Dent","Dental clinic","
1448, 4-5 Phahonyothin Rd, Chan Kasem, Chatuchak, Bangkok 10900, Thailand","RHHC+W2 Bangkok, Thailand","","","+66 86 322 3909","https://thedent.co.th/","","4.9","846","","","Open","","https://www.google.com/maps/place/The+Dent/data=!4m7!3m6!1s0x30e29cfea544f921:0xacc3137b7c340e4c!8m2!3d13.8298111!4d100.5700942!16s%2Fg%2F1yh5t8_ld!19sChIJIflEpf6c4jARTA40fHsTw6w?authuser=0&hl=en&rclk=1"
"0x30e29dbe04687d49:0xaabd9ea991600a1c","นิทราทันตแพทย์","Dental clinic","
329 Chok Chai 4 Rd, Lat Phrao, Bangkok 10230, Thailand","RH6W+GF Bangkok, Thailand","","","+66 2 530 4224","http://www.facebook.com/nitradentalclinic","","3.6","5","","","Open","","https://www.google.com/maps/place/%E0%B8%99%E0%B8%B4%E0%B8%97%E0%B8%A3%E0%B8%B2%E0%B8%97%E0%B8%B1%E0%B8%99%E0%B8%95%E0%B9%81%E0%B8%9E%E0%B8%97%E0%B8%A2%E0%B9%8C/data=!4m7!3m6!1s0x30e29dbe04687d49:0xaabd9ea991600a1c!8m2!3d13.8113186!4d100.5961328!16s%2Fg%2F1tfz7mp_!19sChIJSX1oBL6d4jARHApgkamevao?authuser=0&hl=en&rclk=1"
"0x30e29d89416e45c5:0x93c618bbe3876567","DentalMaster Specialized Dental clinic","Dental clinic","
ชั้น1 อาคารเลขที่10, 12 Somphon Niwet 2 Alley, Lat Phrao, Bangkok 10230, Thailand","RHCW+PP Bangkok, Thailand","","","+66 87 515 9145","http://dentalmasterclinic.com/","","5.0","60","","","Open","","https://www.google.com/maps/place/DentalMaster+Specialized+Dental+clinic/data=!4m7!3m6!1s0x30e29d89416e45c5:0x93c618bbe3876567!8m2!3d13.8217569!4d100.5967597!16s%2Fg%2F11c60jt3h7!19sChIJxUVuQYmd4jARZ2WH47sYxpM?authuser=0&hl=en&rclk=1"
"0x30e29d0035882a3b:0x50c86e77b4f34e7d","Deezy dental home โชคชัย4 | ทำฟัน จัดฟัน วีเนียร์ รากฟันเทียม","Dental clinic","
3 Chok Chai 4 Rd, Wang Thonglang, Bangkok 10310, Thailand","QHWW+52 Bangkok, Thailand","","","+66 95 449 9913","http://www.deezydental.com/","","4.8","411","","","Open","","https://www.google.com/maps/place/Deezy+dental+home+%E0%B9%82%E0%B8%8A%E0%B8%84%E0%B8%8A%E0%B8%B1%E0%B8%A24+%7C+%E0%B8%97%E0%B8%B3%E0%B8%9F%E0%B8%B1%E0%B8%99+%E0%B8%88%E0%B8%B1%E0%B8%94%E0%B8%9F%E0%B8%B1%E0%B8%99+%E0%B8%A7%E0%B8%B5%E0%B9%80%E0%B8%99%E0%B8%B5%E0%B8%A2%E0%B8%A3%E0%B9%8C+%E0%B8%A3%E0%B8%B2%E0%B8%81%E0%B8%9F%E0%B8%B1%E0%B8%99%E0%B9%80%E0%B8%97%E0%B8%B5%E0%B8%A2%E0%B8%A1/data=!4m7!3m6!1s0x30e29d0035882a3b:0x50c86e77b4f34e7d!8m2!3d13.7954925!4d100.5950032!16s%2Fg%2F11r6lj_2z3!19sChIJOyqINQCd4jARfU7ztHduyFA?authuser=0&hl=en&rclk=1"
"0x30e29de1473aa607:0xfd82c47ff7102ef7","Dental Art Elite สาขาทาวน์อินทาวน์ ลาดพร้าว 94 จัดฟัน ถอนฟัน ผ่าฟันคุด ขูดหินปูน ฟอกสีฟัน รักษารากฟัน ฟันปลอม รากฟันเทียม","Dentist","
244 Lat Phrao 94 Alley, Phlabphla, วังทองหลาง, Bangkok 10310, Thailand","QJF6+R7 Bangkok, Thailand","","","+66 64 767 6999","https://www.dentalartelite.com/","","4.9","34","","","Open","","https://www.google.com/maps/place/Dental+Art+Elite+%E0%B8%AA%E0%B8%B2%E0%B8%82%E0%B8%B2%E0%B8%97%E0%B8%B2%E0%B8%A7%E0%B8%99%E0%B9%8C%E0%B8%AD%E0%B8%B4%E0%B8%99%E0%B8%97%E0%B8%B2%E0%B8%A7%E0%B8%99%E0%B9%8C+%E0%B8%A5%E0%B8%B2%E0%B8%94%E0%B8%9E%E0%B8%A3%E0%B9%89%E0%B8%B2%E0%B8%A7+94+%E0%B8%88%E0%B8%B1%E0%B8%94%E0%B8%9F%E0%B8%B1%E0%B8%99+%E0%B8%96%E0%B8%AD%E0%B8%99%E0%B8%9F%E0%B8%B1%E0%B8%99+%E0%B8%9C%E0%B9%88%E0%B8%B2%E0%B8%9F%E0%B8%B1%E0%B8%99%E0%B8%84%E0%B8%B8%E0%B8%94+%E0%B8%82%E0%B8%B9%E0%B8%94%E0%B8%AB%E0%B8%B4%E0%B8%99%E0%B8%9B%E0%B8%B9%E0%B8%99+%E0%B8%9F%E0%B8%AD%E0%B8%81%E0%B8%AA%E0%B8%B5%E0%B8%9F%E0%B8%B1%E0%B8%99+%E0%B8%A3%E0%B8%B1%E0%B8%81%E0%B8%A9%E0%B8%B2%E0%B8%A3%E0%B8%B2%E0%B8%81%E0%B8%9F%E0%B8%B1%E0%B8%99+%E0%B8%9F%E0%B8%B1%E0%B8%99%E0%B8%9B%E0%B8%A5%E0%B8%AD%E0%B8%A1+%E0%B8%A3%E0%B8%B2%E0%B8%81%E0%B8%9F%E0%B8%B1%E0%B8%99%E0%B9%80%E0%B8%97%E0%B8%B5%E0%B8%A2%E0%B8%A1/data=!4m7!3m6!1s0x30e29de1473aa607:0xfd82c47ff7102ef7!8m2!3d13.7745127!4d100.6106403!16s%2Fg%2F11nxfxxcw8!19sChIJB6Y6R-Gd4jAR9y4Q93_Egv0?authuser=0&hl=en&rclk=1"
"0x30e29bba2489399b:0x9f71f9715bc25126","คลินิกทันตกรรม กรุงเทพ-นนท์ 2","Dental clinic","
27 89-90 หมู่5 Bang Kruai - Sai Noi Rd, Bang Kruai, Bang Kruai District, Nonthaburi 11130, Thailand","RF6X+93 Bang Kruai, Bang Kruai District, Nonthaburi, Thailand","","","+66 2 879 5545","","","5.0","240","","","Open","","https://www.google.com/maps/place/%E0%B8%84%E0%B8%A5%E0%B8%B4%E0%B8%99%E0%B8%B4%E0%B8%81%E0%B8%97%E0%B8%B1%E0%B8%99%E0%B8%95%E0%B8%81%E0%B8%A3%E0%B8%A3%E0%B8%A1+%E0%B8%81%E0%B8%A3%E0%B8%B8%E0%B8%87%E0%B9%80%E0%B8%97%E0%B8%9E-%E0%B8%99%E0%B8%99%E0%B8%97%E0%B9%8C+2/data=!4m7!3m6!1s0x30e29bba2489399b:0x9f71f9715bc25126!8m2!3d13.8109509!4d100.4977381!16s%2Fg%2F11c310z92g!19sChIJmzmJJLqb4jARJlHCW3H5cZ8?authuser=0&hl=en&rclk=1"
"0x30e29b2b82c68acd:0x119dc9027f2a3701","Smile 4U Tiwanon Dental Clinic คลินิกทันตกรรมสไมล์ฟอร์ยู","Dental clinic","
144 ถนน ประชาราษฎร์ Tambon Talat Kwan, Mueang Nonthaburi District, Nonthaburi 11000, Thailand","RGV5+HG Nonthaburi, Mueang Nonthaburi District, Nonthaburi, Thailand","","","+66 80 295 5229","https://www.facebook.com/profile.php?id=100089961202948","","5.0","74","","","Open","","https://www.google.com/maps/place/Smile+4U+Tiwanon+Dental+Clinic+%E0%B8%84%E0%B8%A5%E0%B8%B4%E0%B8%99%E0%B8%B4%E0%B8%81%E0%B8%97%E0%B8%B1%E0%B8%99%E0%B8%95%E0%B8%81%E0%B8%A3%E0%B8%A3%E0%B8%A1%E0%B8%AA%E0%B9%84%E0%B8%A1%E0%B8%A5%E0%B9%8C%E0%B8%9F%E0%B8%AD%E0%B8%A3%E0%B9%8C%E0%B8%A2%E0%B8%B9/data=!4m7!3m6!1s0x30e29b2b82c68acd:0x119dc9027f2a3701!8m2!3d13.8439566!4d100.5088138!16s%2Fg%2F11srrvh4kr!19sChIJzYrGgiub4jARATcqfwLJnRE?authuser=0&hl=en&rclk=1"
"0x30e29ccb3ba08c35:0x70128ae7c0f8f28e","Proud Smile Dental Clinic 2","Dental clinic","
58 Soi Ngam Wong Wan 47 Yaek 39, Thung Song Hong, Lak Si, Bangkok 10210, Thailand","VHC3+2X Bangkok, Thailand","","","+66 2 954 5737","","","5.0","5","","","","","https://www.google.com/maps/place/Proud+Smile+Dental+Clinic+2/data=!4m7!3m6!1s0x30e29ccb3ba08c35:0x70128ae7c0f8f28e!8m2!3d13.8700315!4d100.5549432!16s%2Fg%2F11bwkhk1qj!19sChIJNYygO8uc4jARjvL4wOeKEnA?authuser=0&hl=en&rclk=1"
"0x30e297fb9139b087:0xcb1bc90379268711","Click Dental Clinic คลินิกทันตกรรมคลิ๊ก | พรานนก-พุทธมณฑล | ทำฟัน จัดฟัน รากเทียม ผ่าฟันคุด","Dental clinic","
204, 6 Phran Nok Phutthamonthon Sai 4 Rd, Bang Phrom, Taling Chan, Bangkok 10170, Thailand","QC3M+7P Bangkok, Thailand","","","+66 82 280 6282","https://www.facebook.com/share/17P62ghSyp/","","5.0","59","","","Open","","https://www.google.com/maps/place/Click+Dental+Clinic+%E0%B8%84%E0%B8%A5%E0%B8%B4%E0%B8%99%E0%B8%B4%E0%B8%81%E0%B8%97%E0%B8%B1%E0%B8%99%E0%B8%95%E0%B8%81%E0%B8%A3%E0%B8%A3%E0%B8%A1%E0%B8%84%E0%B8%A5%E0%B8%B4%E0%B9%8A%E0%B8%81+%7C+%E0%B8%9E%E0%B8%A3%E0%B8%B2%E0%B8%99%E0%B8%99%E0%B8%81-%E0%B8%9E%E0%B8%B8%E0%B8%97%E0%B8%98%E0%B8%A1%E0%B8%93%E0%B8%91%E0%B8%A5+%7C+%E0%B8%97%E0%B8%B3%E0%B8%9F%E0%B8%B1%E0%B8%99+%E0%B8%88%E0%B8%B1%E0%B8%94%E0%B8%9F%E0%B8%B1%E0%B8%99+%E0%B8%A3%E0%B8%B2%E0%B8%81%E0%B9%80%E0%B8%97%E0%B8%B5%E0%B8%A2%E0%B8%A1+%E0%B8%9C%E0%B9%88%E0%B8%B2%E0%B8%9F%E0%B8%B1%E0%B8%99%E0%B8%84%E0%B8%B8%E0%B8%94/data=!4m7!3m6!1s0x30e297fb9139b087:0xcb1bc90379268711!8m2!3d13.7531569!4d100.4343027!16s%2Fg%2F11ymzwwlyv!19sChIJh7A5kfuX4jAREYcmeQPJG8s?authuser=0&hl=en&rclk=1"
"0x30e29870aed1bfd1:0x4248aa319bc5565a","จอมทองทันตแพทย์","Dental clinic","
120/10 Chom Thong Rd, Chom Thong, Bangkok 10150, Thailand","MFXF+52 Bangkok, Thailand","","","+66 2 875 8378","","","5.0","9","","","Open","","https://www.google.com/maps/place/%E0%B8%88%E0%B8%AD%E0%B8%A1%E0%B8%97%E0%B8%AD%E0%B8%87%E0%B8%97%E0%B8%B1%E0%B8%99%E0%B8%95%E0%B9%81%E0%B8%9E%E0%B8%97%E0%B8%A2%E0%B9%8C/data=!4m7!3m6!1s0x30e29870aed1bfd1:0x4248aa319bc5565a!8m2!3d13.6979079!4d100.4725163!16s%2Fg%2F1tp6ly92!19sChIJ0b_RrnCY4jARWlbFmzGqSEI?authuser=0&hl=en&rclk=1"
"0x30e29dd206d344b3:0x34cc2adbf2a5f7bf","Dent Club","Dental clinic","
1610 Sutthisan Winitchai Rd, Huai Khwang, Bangkok 10320, Thailand","QHQH+RV Bangkok, Thailand","","","+66 2 277 9156","https://hdmall.co.th/dent-club","","4.8","18","","","Open","","https://www.google.com/maps/place/Dent+Club/data=!4m7!3m6!1s0x30e29dd206d344b3:0x34cc2adbf2a5f7bf!8m2!3d13.7895252!4d100.5796991!16s%2Fg%2F1yh805m0y!19sChIJs0TTBtKd4jARv_el8tsqzDQ?authuser=0&hl=en&rclk=1"
"0x30e2a2013bf1d2a5:0xfdce223685716bbf","Dr. Sopon Clinic","Health","
518 ซ. สาธุประดิษฐ์ 58 แยก 5 Bang Phong Phang, Yan Nawa, Bangkok 10120, Thailand","MGPG+42 Bangkok, Thailand","","","+66 91 721 2663","","","4.7","21","","","Open","","https://www.google.com/maps/place/Dr.+Sopon+Clinic/data=!4m7!3m6!1s0x30e2a2013bf1d2a5:0xfdce223685716bbf!8m2!3d13.6853028!4d100.5250608!16s%2Fg%2F1tk_lqzd!19sChIJpdLxOwGi4jARv2txhTYizv0?authuser=0&hl=en&rclk=1"
"0x30e2a3935959459f:0x1b413699523f070e","Glow Dental Clinic คลินิกทันตกรรมโกลว์ ประชาอุทิศ 88 ทุ่งครุ ทำฟัน จัดฟัน","Dental clinic","
616/1,2 ปากซอยประชาอุทิศ 88 ตรงข้ามบิ๊กซี, Pracha Uthit Rd, Thung Khru, Bangkok 10140, Thailand","JG66+J4 Bangkok, Thailand","","","+66 61 842 2882","https://glowdentalclinic.co/","","4.9","160","","","Open","","https://www.google.com/maps/place/Glow+Dental+Clinic+%E0%B8%84%E0%B8%A5%E0%B8%B4%E0%B8%99%E0%B8%B4%E0%B8%81%E0%B8%97%E0%B8%B1%E0%B8%99%E0%B8%95%E0%B8%81%E0%B8%A3%E0%B8%A3%E0%B8%A1%E0%B9%82%E0%B8%81%E0%B8%A5%E0%B8%A7%E0%B9%8C+%E0%B8%9B%E0%B8%A3%E0%B8%B0%E0%B8%8A%E0%B8%B2%E0%B8%AD%E0%B8%B8%E0%B8%97%E0%B8%B4%E0%B8%A8+88+%E0%B8%97%E0%B8%B8%E0%B9%88%E0%B8%87%E0%B8%84%E0%B8%A3%E0%B8%B8+%E0%B8%97%E0%B8%B3%E0%B8%9F%E0%B8%B1%E0%B8%99+%E0%B8%88%E0%B8%B1%E0%B8%94%E0%B8%9F%E0%B8%B1%E0%B8%99/data=!4m7!3m6!1s0x30e2a3935959459f:0x1b413699523f070e!8m2!3d13.6115437!4d100.5103309!16s%2Fg%2F11kgr1bkzk!19sChIJn0VZWZOj4jARDgc_Upk2QRs?authuser=0&hl=en&rclk=1"
"0x30e29f87e3725a15:0xcb4863f7d6eb3a96","คลินิกทันตกรรม Smile Seasons อ่อนนุช","Dental clinic","
ชั้น3 2089 ห้อง 301 คลินิกทันตกรรมสไมล์ซีซันส์ 302 Sukhumvit Rd, Phra Khanong Nuea, Watthana, Bangkok 10260, Thailand","PJ42+6J Bangkok, Thailand","","","+66 2 114 3274","http://www.smileseasons.com/","","4.9","810","","","Open","","https://www.google.com/maps/place/%E0%B8%84%E0%B8%A5%E0%B8%B4%E0%B8%99%E0%B8%B4%E0%B8%81%E0%B8%97%E0%B8%B1%E0%B8%99%E0%B8%95%E0%B8%81%E0%B8%A3%E0%B8%A3%E0%B8%A1+Smile+Seasons+%E0%B8%AD%E0%B9%88%E0%B8%AD%E0%B8%99%E0%B8%99%E0%B8%B8%E0%B8%8A/data=!4m7!3m6!1s0x30e29f87e3725a15:0xcb4863f7d6eb3a96!8m2!3d13.70551!4d100.6015592!16s%2Fg%2F11t75gpzwv!19sChIJFVpy44ef4jARljrr1vdjSMs?authuser=0&hl=en&rclk=1"
"0x30e29e1f4cda3db7:0x4caa0b9689c1feee","Amornmit Dental Clinic","Dental clinic","
10, 10 Soi Ramkhamhaeng 24, Hua Mak, Bang Kapi, Bangkok 10240, Thailand","QJ37+VJ Bangkok, Thailand","","","+66 2 318 3079","","","4.8","18","","","Open","","https://www.google.com/maps/place/Amornmit+Dental+Clinic/data=!4m7!3m6!1s0x30e29e1f4cda3db7:0x4caa0b9689c1feee!8m2!3d13.7547316!4d100.6140773!16s%2Fg%2F12m93m_mh!19sChIJtz3aTB-e4jAR7v7BiZYLqkw?authuser=0&hl=en&rclk=1"
"0x311d61dc6cccd757:0xf247c35572039b56","M'JOY Dental Clinic (คลินิกทันตกรรมเอ็มจอย)","Dental clinic","
1508 1510 Soi Phatthanakan 46, Phatthanakan, Suan Luang, Bangkok 10250, Thailand","PJPJ+MF Bangkok, Thailand","","","+66 95 970 0189","https://www.facebook.com/m.joydentalclinic?mibextid=ZbWKwL","","5.0","106","","","Open","","https://www.google.com/maps/place/M%27JOY+Dental+Clinic+%28%E0%B8%84%E0%B8%A5%E0%B8%B4%E0%B8%99%E0%B8%B4%E0%B8%81%E0%B8%97%E0%B8%B1%E0%B8%99%E0%B8%95%E0%B8%81%E0%B8%A3%E0%B8%A3%E0%B8%A1%E0%B9%80%E0%B8%AD%E0%B9%87%E0%B8%A1%E0%B8%88%E0%B8%AD%E0%B8%A2%29/data=!4m7!3m6!1s0x311d61dc6cccd757:0xf247c35572039b56!8m2!3d13.7366363!4d100.6311379!16s%2Fg%2F11jzcymh62!19sChIJV9fMbNxhHTERVpsDclXDR_I?authuser=0&hl=en&rclk=1"
"0x30e2a1c951565c05:0x42baa3b39a2f9f0","คลินิกทันตกรรมสไมล์แคร์ สมุทรปราการ (อ.เมือง จ.สมุทรปราการ)","Dental clinic","
109 ม.เดอะซิกเนเจอร์บางเมือง ซ.ประดิษฐ์สโมสร(บางเขียนผ่อง 2 Thepharak Rd, Tambon Thepharak, Mueang Samut Prakan District, Samut Prakan 10270, Thailand","JJG7+69 Thepharak, Mueang Samut Prakan District, Samut Prakan, Thailand","","","+66 94 469 9426","https://smilecaresamutprakarn.my.canva.site/","","4.9","420","","","Open","","https://www.google.com/maps/place/%E0%B8%84%E0%B8%A5%E0%B8%B4%E0%B8%99%E0%B8%B4%E0%B8%81%E0%B8%97%E0%B8%B1%E0%B8%99%E0%B8%95%E0%B8%81%E0%B8%A3%E0%B8%A3%E0%B8%A1%E0%B8%AA%E0%B9%84%E0%B8%A1%E0%B8%A5%E0%B9%8C%E0%B9%81%E0%B8%84%E0%B8%A3%E0%B9%8C+%E0%B8%AA%E0%B8%A1%E0%B8%B8%E0%B8%97%E0%B8%A3%E0%B8%9B%E0%B8%A3%E0%B8%B2%E0%B8%81%E0%B8%B2%E0%B8%A3+%28%E0%B8%AD.%E0%B9%80%E0%B8%A1%E0%B8%B7%E0%B8%AD%E0%B8%87+%E0%B8%88.%E0%B8%AA%E0%B8%A1%E0%B8%B8%E0%B8%97%E0%B8%A3%E0%B8%9B%E0%B8%A3%E0%B8%B2%E0%B8%81%E0%B8%B2%E0%B8%A3%29/data=!4m7!3m6!1s0x30e2a1c951565c05:0x42baa3b39a2f9f0!8m2!3d13.62554!4d100.6133881!16s%2Fg%2F11f8jj1lwz!19sChIJBVxWUcmh4jAR8PmiOTuqKwQ?authuser=0&hl=en&rclk=1"
"0x30e29fc192c05ca5:0x37179c5289f9f123","คลินิกจันทร์เพ็ญทันตกรรม Janpen Dental Clinic","Dental clinic","
204 1 ถนน สุขุมวิท77 Phra Khanong Nuea, Watthana, Bangkok 10260, Thailand","PJ62+3Q Bangkok, Thailand","","","+66 61 397 1010","","","5.0","6","","","Open","","https://www.google.com/maps/place/%E0%B8%84%E0%B8%A5%E0%B8%B4%E0%B8%99%E0%B8%B4%E0%B8%81%E0%B8%88%E0%B8%B1%E0%B8%99%E0%B8%97%E0%B8%A3%E0%B9%8C%E0%B9%80%E0%B8%9E%E0%B9%87%E0%B8%8D%E0%B8%97%E0%B8%B1%E0%B8%99%E0%B8%95%E0%B8%81%E0%B8%A3%E0%B8%A3%E0%B8%A1+Janpen+Dental+Clinic/data=!4m7!3m6!1s0x30e29fc192c05ca5:0x37179c5289f9f123!8m2!3d13.7101444!4d100.6019883!16s%2Fg%2F1hm49t6dh!19sChIJpVzAksGf4jARI_H5iVKcFzc?authuser=0&hl=en&rclk=1"
"0x30e29fc92742c219:0xe353023b745025a","Trust Clinic","Dental clinic","
3rd floor, Century Movie, On Nut Rd, Phra Khanong Nuea, Watthana, Bangkok 10110, Thailand","PJ42+8J Bangkok, Thailand","","","","","","3.5","8","","","Open","","https://www.google.com/maps/place/Trust+Clinic/data=!4m7!3m6!1s0x30e29fc92742c219:0xe353023b745025a!8m2!3d13.705768!4d100.6016229!16s%2Fg%2F11gjn9tn2v!19sChIJGcJCJ8mf4jARWgJFtyMwNQ4?authuser=0&hl=en&rclk=1"
"0x30e29fc1dc6213d5:0x9c1293a1277077dc","SM DENTAL ONNUT (คลินิกทันตกรรมเอสเอ็ม สไมล์เมโลดี้ สาขา อ่อนนุช17)","Dental clinic","
716, 718 On Nut 17 Alley, Khwaeng Suan Luang, Suan Luang, Bangkok 10250, Thailand","PJG8+JQ Bangkok, Thailand","","","+66 95 159 8159","","","4.6","10","","","Open","","https://www.google.com/maps/place/SM+DENTAL+ONNUT+%28%E0%B8%84%E0%B8%A5%E0%B8%B4%E0%B8%99%E0%B8%B4%E0%B8%81%E0%B8%97%E0%B8%B1%E0%B8%99%E0%B8%95%E0%B8%81%E0%B8%A3%E0%B8%A3%E0%B8%A1%E0%B9%80%E0%B8%AD%E0%B8%AA%E0%B9%80%E0%B8%AD%E0%B9%87%E0%B8%A1+%E0%B8%AA%E0%B9%84%E0%B8%A1%E0%B8%A5%E0%B9%8C%E0%B9%80%E0%B8%A1%E0%B9%82%E0%B8%A5%E0%B8%94%E0%B8%B5%E0%B9%89+%E0%B8%AA%E0%B8%B2%E0%B8%82%E0%B8%B2+%E0%B8%AD%E0%B9%88%E0%B8%AD%E0%B8%99%E0%B8%99%E0%B8%B8%E0%B8%8A17%29/data=!4m7!3m6!1s0x30e29fc1dc6213d5:0x9c1293a1277077dc!8m2!3d13.7265755!4d100.6169653!16s%2Fg%2F11kwfysjrb!19sChIJ1RNi3MGf4jAR3HdwJ6GTEpw?authuser=0&hl=en&rclk=1"
"0x311d61d75a8d9663:0x47737cae429c7afa","คลินิกทันตกรรม เด็นทัล สมาร์ท","Dental clinic","
D202 2nd Floor, The Nine Center, Rama IX Rd, Suan Luang, Bangkok 10250, Thailand","PJRF+HX Bangkok, Thailand","","","+66 85 366 9964","","","3.9","18","","","Open","","https://www.google.com/maps/place/%E0%B8%84%E0%B8%A5%E0%B8%B4%E0%B8%99%E0%B8%B4%E0%B8%81%E0%B8%97%E0%B8%B1%E0%B8%99%E0%B8%95%E0%B8%81%E0%B8%A3%E0%B8%A3%E0%B8%A1+%E0%B9%80%E0%B8%94%E0%B9%87%E0%B8%99%E0%B8%97%E0%B8%B1%E0%B8%A5+%E0%B8%AA%E0%B8%A1%E0%B8%B2%E0%B8%A3%E0%B9%8C%E0%B8%97/data=!4m7!3m6!1s0x311d61d75a8d9663:0x47737cae429c7afa!8m2!3d13.7414406!4d100.6249308!16s%2Fg%2F1pty114cy!19sChIJY5aNWtdhHTER-nqcQq58c0c?authuser=0&hl=en&rclk=1"
"0x30e29e187e4639e9:0xcc8bd075022fd073","สหคลินิกทิพวรรณ-อภิศักดิ์","Medical clinic","
ถนน รามคำแหง - ซอย รามคำแหง 21 Hua Mak, Bang Kapi, Bangkok 10240, Thailand","QJ36+PC Bangkok, Thailand","","","+66 2 318 3619","","","4.8","6","","","Open","","https://www.google.com/maps/place/%E0%B8%AA%E0%B8%AB%E0%B8%84%E0%B8%A5%E0%B8%B4%E0%B8%99%E0%B8%B4%E0%B8%81%E0%B8%97%E0%B8%B4%E0%B8%9E%E0%B8%A7%E0%B8%A3%E0%B8%A3%E0%B8%93-%E0%B8%AD%E0%B8%A0%E0%B8%B4%E0%B8%A8%E0%B8%B1%E0%B8%81%E0%B8%94%E0%B8%B4%E0%B9%8C/data=!4m7!3m6!1s0x30e29e187e4639e9:0xcc8bd075022fd073!8m2!3d13.7542598!4d100.6110944!16s%2Fg%2F12mkzjlfg!19sChIJ6TlGfhie4jARc9AvAnXQi8w?authuser=0&hl=en&rclk=1"
"0x30e2a006a3c28125:0x7c62b49b81b4cab9","MOS Dental Clinic Udomsuk","Dentist","
222 บ้าน ณ อุดมสุข ชั้น 1 Udom Suk Rd, Bang Na Nuea, Bang Na, Bangkok 10260, Thailand","MJH7+9Q Bangkok, Thailand","","","+66 83 015 1211","http://www.facebook.com/mosdentalclinic","","4.9","369","","","Open","","https://www.google.com/maps/place/MOS+Dental+Clinic+Udomsuk/data=!4m7!3m6!1s0x30e2a006a3c28125:0x7c62b49b81b4cab9!8m2!3d13.6784202!4d100.6144921!16s%2Fg%2F11bysjr5ly!19sChIJJYHCowag4jARucq0gZu0Ynw?authuser=0&hl=en&rclk=1"
"0x30e29ca44b8ee37d:0xd219875ee6b5e9ee","MOS Dental Clinic Ngam Wong Wan คลินิกทันตกรรม มอสเดนทัล งามวงศ์วาน","Dental clinic","
100, 28 Ngamwongwan 18 Alley, บางเขน, Mueang Nonthaburi District, Nonthaburi 11000, Thailand","VG4P+QQ Nonthaburi, Mueang Nonthaburi District, Nonthaburi, Thailand","","","+66 82 875 1441","https://m.facebook.com/mosdentalclinic","","5.0","546","","","Open","","https://www.google.com/maps/place/MOS+Dental+Clinic+Ngam+Wong+Wan+%E0%B8%84%E0%B8%A5%E0%B8%B4%E0%B8%99%E0%B8%B4%E0%B8%81%E0%B8%97%E0%B8%B1%E0%B8%99%E0%B8%95%E0%B8%81%E0%B8%A3%E0%B8%A3%E0%B8%A1+%E0%B8%A1%E0%B8%AD%E0%B8%AA%E0%B9%80%E0%B8%94%E0%B8%99%E0%B8%97%E0%B8%B1%E0%B8%A5+%E0%B8%87%E0%B8%B2%E0%B8%A1%E0%B8%A7%E0%B8%87%E0%B8%A8%E0%B9%8C%E0%B8%A7%E0%B8%B2%E0%B8%99/data=!4m7!3m6!1s0x30e29ca44b8ee37d:0xd219875ee6b5e9ee!8m2!3d13.8569846!4d100.5369776!16s%2Fg%2F11c3tq0g2v!19sChIJfeOOS6Sc4jAR7um15l6HGdI?authuser=0&hl=en&rclk=1"
"0x30e2a156b3418f0f:0x72aa716b546a11db","Samrong Skytrain Dental Clinic","Dental clinic","
Imperial World Samrong, 999 ชั้น 2 ห้างสรรพสินค้า Samrong Nuea, Mueang Samut Prakan District, Samut Prakan 10270, Thailand","MH2W+76 Samrong Nuea, Mueang Samut Prakan District, Samut Prakan, Thailand","","","+66 63 293 9293","http://samrongskytraindental.com/","","4.9","678","","","Open","","https://www.google.com/maps/place/Samrong+Skytrain+Dental+Clinic/data=!4m7!3m6!1s0x30e2a156b3418f0f:0x72aa716b546a11db!8m2!3d13.650628!4d100.5955529!16s%2Fg%2F11h1b79ss0!19sChIJD49Bs1ah4jAR2xFqVGtxqnI?authuser=0&hl=en&rclk=1"
"0x30e2977c2fc09b6d:0x3f5c1e9b390f96c5","Melon Dental Clinic-จัดฟัน ทำฟัน","Dental clinic","
เลขที่ 1857 Phet Kasem Rd, Lak Song, Bang Khae, Bangkok 10160, Thailand","P95H+65 Bangkok, Thailand","","","+66 2 096 2719","http://www.facebook.com/melondentalclinic","","4.6","384","","","Open","","https://www.google.com/maps/place/Melon+Dental+Clinic-%E0%B8%88%E0%B8%B1%E0%B8%94%E0%B8%9F%E0%B8%B1%E0%B8%99+%E0%B8%97%E0%B8%B3%E0%B8%9F%E0%B8%B1%E0%B8%99/data=!4m7!3m6!1s0x30e2977c2fc09b6d:0x3f5c1e9b390f96c5!8m2!3d13.7080059!4d100.3778802!16s%2Fg%2F11fj2lxqxl!19sChIJbZvAL3yX4jARxZYPOZseXD8?authuser=0&hl=en&rclk=1"
"0x30e29b3052eba9a9:0x30f25e074530e4bb","ฟันดีคลินิก (Fundee clinic)","Dental clinic","
68/103 เซ็นทรัลรัตนาธิเบศร์(ฟันดีคลินิก ถ Rattanathibet Rd, Talat Kwan, Nonthaburi 11000, Thailand","VF7X+V6 Nonthaburi, Mueang Nonthaburi District, Nonthaburi, Thailand","","","+66 86 334 0391","https://facebook.com/fundeeclinicofficial","","4.4","21","","","Open","","https://www.google.com/maps/place/%E0%B8%9F%E0%B8%B1%E0%B8%99%E0%B8%94%E0%B8%B5%E0%B8%84%E0%B8%A5%E0%B8%B4%E0%B8%99%E0%B8%B4%E0%B8%81+%28Fundee+clinic%29/data=!4m7!3m6!1s0x30e29b3052eba9a9:0x30f25e074530e4bb!8m2!3d13.8647052!4d100.4980609!16s%2Fg%2F11dfknn2rh!19sChIJqanrUjCb4jARu-QwRQde8jA?authuser=0&hl=en&rclk=1"
"0x30e29a3626afae35:0x9afeaedd6dd8e6d6","แอนท์สไมล์ คลินิกทันตกรรม ทำฟันวัดชลอ","Dental clinic","
64 14 หมู่3 Bang Kruai - Sai Noi Rd, Wat Chalo, Bang Kruai District, Nonthaburi 11130, Thailand","RF4G+3V Wat Chalo, Bang Kruai District, Nonthaburi, Thailand","","","+66 97 296 9562","","","5.0","9","","","Open","","https://www.google.com/maps/place/%E0%B9%81%E0%B8%AD%E0%B8%99%E0%B8%97%E0%B9%8C%E0%B8%AA%E0%B9%84%E0%B8%A1%E0%B8%A5%E0%B9%8C+%E0%B8%84%E0%B8%A5%E0%B8%B4%E0%B8%99%E0%B8%B4%E0%B8%81%E0%B8%97%E0%B8%B1%E0%B8%99%E0%B8%95%E0%B8%81%E0%B8%A3%E0%B8%A3%E0%B8%A1+%E0%B8%97%E0%B8%B3%E0%B8%9F%E0%B8%B1%E0%B8%99%E0%B8%A7%E0%B8%B1%E0%B8%94%E0%B8%8A%E0%B8%A5%E0%B8%AD/data=!4m7!3m6!1s0x30e29a3626afae35:0x9afeaedd6dd8e6d6!8m2!3d13.8052275!4d100.4772089!16s%2Fg%2F11ddyddfyf!19sChIJNa6vJjaa4jAR1ubYbd2u_po?authuser=0&hl=en&rclk=1"
"0x30e2973b3e1167e3:0x7359eeb268c3e794","Happydent dental clinic","Dental clinic","
QCC4+3VW, Sala Thammasop, Thawi Watthana, Bangkok 10170, Thailand","","","","+66 89 126 4849","","","5.0","6","","","Open","","https://www.google.com/maps/place/Happydent+dental+clinic/data=!4m7!3m6!1s0x30e2973b3e1167e3:0x7359eeb268c3e794!8m2!3d13.7702307!4d100.4072016!16s%2Fg%2F11fhvffzl3!19sChIJ42cRPjuX4jARlOfDaLLuWXM?authuser=0&hl=en&rclk=1"
"0x30e299fc0395b317:0xf8165089edd6d7b7","คลินิกทันตกรรมดับเบิ้ลยู ทำฟัน จัดฟัน รากเทียม ตลิ่งชัน (Double you dental clinic)","Dental clinic","
101 Chim phli Rd, Khwaeng Chim Phli, Khet Taling Chan, Bangkok 10170, Thailand","QCHW+W4 Bangkok, Thailand","","","+66 83 666 5455","https://www.facebook.com/profile.php?id=61565499965888","","5.0","324","","","Open","","https://www.google.com/maps/place/%E0%B8%84%E0%B8%A5%E0%B8%B4%E0%B8%99%E0%B8%B4%E0%B8%81%E0%B8%97%E0%B8%B1%E0%B8%99%E0%B8%95%E0%B8%81%E0%B8%A3%E0%B8%A3%E0%B8%A1%E0%B8%94%E0%B8%B1%E0%B8%9A%E0%B9%80%E0%B8%9A%E0%B8%B4%E0%B9%89%E0%B8%A5%E0%B8%A2%E0%B8%B9+%E0%B8%97%E0%B8%B3%E0%B8%9F%E0%B8%B1%E0%B8%99+%E0%B8%88%E0%B8%B1%E0%B8%94%E0%B8%9F%E0%B8%B1%E0%B8%99+%E0%B8%A3%E0%B8%B2%E0%B8%81%E0%B9%80%E0%B8%97%E0%B8%B5%E0%B8%A2%E0%B8%A1+%E0%B8%95%E0%B8%A5%E0%B8%B4%E0%B9%88%E0%B8%87%E0%B8%8A%E0%B8%B1%E0%B8%99+%28Double+you+dental+clinic%29/data=!4m7!3m6!1s0x30e299fc0395b317:0xf8165089edd6d7b7!8m2!3d13.7797837!4d100.4453481!16s%2Fg%2F11wp7z1yzc!19sChIJF7OVA_yZ4jARt9fW7YlQFvg?authuser=0&hl=en&rclk=1"
"0x30e2a3425bd59979:0x7719c58d99abd861","คลินิกทันตกรรมมายด์เด็นทัลโฮม​ เอกชัย ทำฟัน จัดฟัน เอกชัย30","Dental clinic","
62 29​ ม.4 Ekkachai 30 Aly, บางขุนเทียน Chom Thong, Bangkok 10150, Thailand","MFQ3+X4 Bangkok, Thailand","","","+66 2 036 6229","http://www.mydentalhomethailand.com/","","5.0","218","","","Open","","https://www.google.com/maps/place/%E0%B8%84%E0%B8%A5%E0%B8%B4%E0%B8%99%E0%B8%B4%E0%B8%81%E0%B8%97%E0%B8%B1%E0%B8%99%E0%B8%95%E0%B8%81%E0%B8%A3%E0%B8%A3%E0%B8%A1%E0%B8%A1%E0%B8%B2%E0%B8%A2%E0%B8%94%E0%B9%8C%E0%B9%80%E0%B8%94%E0%B9%87%E0%B8%99%E0%B8%97%E0%B8%B1%E0%B8%A5%E0%B9%82%E0%B8%AE%E0%B8%A1%E2%80%8B+%E0%B9%80%E0%B8%AD%E0%B8%81%E0%B8%8A%E0%B8%B1%E0%B8%A2+%E0%B8%97%E0%B8%B3%E0%B8%9F%E0%B8%B1%E0%B8%99+%E0%B8%88%E0%B8%B1%E0%B8%94%E0%B8%9F%E0%B8%B1%E0%B8%99+%E0%B9%80%E0%B8%AD%E0%B8%81%E0%B8%8A%E0%B8%B1%E0%B8%A230/data=!4m7!3m6!1s0x30e2a3425bd59979:0x7719c58d99abd861!8m2!3d13.6899902!4d100.4527789!16s%2Fg%2F11sy41jw79!19sChIJeZnVW0Kj4jARYdirmY3FGXc?authuser=0&hl=en&rclk=1"
"0x30e297d163683efd:0xd13cddbeb419b81e","คลินิกทันตกรรมด็อกเตอร์สไมล์","Dental clinic","
639 ถนนบางเเวก แขวงบางเเวก Phasi Charoen, Bangkok 10160, Thailand","PCPM+RQ Bangkok, Thailand","","","+66 62 678 9875","https://m.facebook.com/%E0%B8%84%E0%B8%A5%E0%B8%B4%E0%B8%99%E0%B8%B4%E0%B8%81%E0%B8%97%E0%B8%B1%E0%B8%99%E0%B8%95%E0%B8%81%E0%B8%A3%E0%B8%A3%E0%B8%A1-%E0%B8%94%E0%B9%87%E0%B8%AD%E0%B8%81%E0%B9%80%E0%B8%95%E0%B8%AD%E0%B8%A3%E0%B9%8C%E0%B8%AA%E0%B9%84%E0%B8%A1%E0%B8%A5%E0%B9%8C-108108112106941/?mibextid=LQQJ4d","","4.9","503","","","Open","","https://www.google.com/maps/place/%E0%B8%84%E0%B8%A5%E0%B8%B4%E0%B8%99%E0%B8%B4%E0%B8%81%E0%B8%97%E0%B8%B1%E0%B8%99%E0%B8%95%E0%B8%81%E0%B8%A3%E0%B8%A3%E0%B8%A1%E0%B8%94%E0%B9%87%E0%B8%AD%E0%B8%81%E0%B9%80%E0%B8%95%E0%B8%AD%E0%B8%A3%E0%B9%8C%E0%B8%AA%E0%B9%84%E0%B8%A1%E0%B8%A5%E0%B9%8C/data=!4m7!3m6!1s0x30e297d163683efd:0xd13cddbeb419b81e!8m2!3d13.7370945!4d100.434464!16s%2Fg%2F11kh9pbgb9!19sChIJ_T5oY9GX4jARHrgZtL7dPNE?authuser=0&hl=en&rclk=1"
"0x30e2a06b702e7527:0x7144c4ac5a91ab0d","Bearing Skytrain Dental Clinic","Dental clinic","
4453 Sukhumvit Rd, Bang Na Tai, Phra Khanong, Bangkok 10260, Thailand","MJ62+8Q Bangkok, Thailand","","","+66 83 021 2495","http://bearingskytraindental.com/","","4.9","691","","","Open","","https://www.google.com/maps/place/Bearing+Skytrain+Dental+Clinic/data=!4m7!3m6!1s0x30e2a06b702e7527:0x7144c4ac5a91ab0d!8m2!3d13.6608381!4d100.6019225!16s%2Fg%2F11c605sb9t!19sChIJJ3UucGug4jARDauRWqzERHE?authuser=0&hl=en&rclk=1"
"0x311d5f7ec1ddf9c7:0x2c90833b13c47e95","Dental Planet Clinic Onnut คลินิกทันตกรรม เดนทัล แพลนเน็ต อ่อนนุช","Dental clinic","
1000, โครงการ The Master @ BTS Onn Nut, 9 On Nut Rd, Khwaeng Suan Luang, เขต บางนา, Bangkok 10260, Thailand","PJ59+FF Bangkok, Thailand","","","","https://dentalplanetclinic.com/","","4.9","484","","","Temporarily closed","","https://www.google.com/maps/place/Dental+Planet+Clinic+Onnut+%E0%B8%84%E0%B8%A5%E0%B8%B4%E0%B8%99%E0%B8%B4%E0%B8%81%E0%B8%97%E0%B8%B1%E0%B8%99%E0%B8%95%E0%B8%81%E0%B8%A3%E0%B8%A3%E0%B8%A1+%E0%B9%80%E0%B8%94%E0%B8%99%E0%B8%97%E0%B8%B1%E0%B8%A5+%E0%B9%81%E0%B8%9E%E0%B8%A5%E0%B8%99%E0%B9%80%E0%B8%99%E0%B9%87%E0%B8%95+%E0%B8%AD%E0%B9%88%E0%B8%AD%E0%B8%99%E0%B8%99%E0%B8%B8%E0%B8%8A/data=!4m7!3m6!1s0x311d5f7ec1ddf9c7:0x2c90833b13c47e95!8m2!3d13.7087283!4d100.6187479!16s%2Fg%2F11p3m6s91y!19sChIJx_ndwX5fHTERlX7EEzuDkCw?authuser=0&hl=en&rclk=1"
"0x311d61f882aab5cb:0x9296942973cb834c","คลินิกจัดฟันกรุงเทพ BMOC (ลาดพร้าว)","Dental clinic","
2747 Lat Phrao Rd, Wang Thonglang, Bangkok 10310, Thailand","QJGG+GW Bangkok, Thailand","","","+66 65 594 7466","","","5.0","584","","","Open","","https://www.google.com/maps/place/%E0%B8%84%E0%B8%A5%E0%B8%B4%E0%B8%99%E0%B8%B4%E0%B8%81%E0%B8%88%E0%B8%B1%E0%B8%94%E0%B8%9F%E0%B8%B1%E0%B8%99%E0%B8%81%E0%B8%A3%E0%B8%B8%E0%B8%87%E0%B9%80%E0%B8%97%E0%B8%9E+BMOC+%28%E0%B8%A5%E0%B8%B2%E0%B8%94%E0%B8%9E%E0%B8%A3%E0%B9%89%E0%B8%B2%E0%B8%A7%29/data=!4m7!3m6!1s0x311d61f882aab5cb:0x9296942973cb834c!8m2!3d13.7762579!4d100.6273725!16s%2Fg%2F11c0xhqm8b!19sChIJy7WqgvhhHTERTIPLcymUlpI?authuser=0&hl=en&rclk=1"
"0x311d61c9fb68bca3:0xc3367651a61bfffc","Max Smile Dental Clinic","Dental clinic","
255 ซอย โซนแม็กซ์แวลู 7 Phatthanakan Rd, Suan Luang, Bangkok 10250, Thailand","PJPR+FP Bangkok, Thailand","","","+66 2 321 3032","http://www.maxsmiledentalclinic.com/","","4.7","61","","","Open","","https://www.google.com/maps/place/Max+Smile+Dental+Clinic/data=!4m7!3m6!1s0x311d61c9fb68bca3:0xc3367651a61bfffc!8m2!3d13.736179!4d100.6417809!16s%2Fg%2F1yhbl87q8!19sChIJo7xo-8lhHTER_P8bplF2NsM?authuser=0&hl=en&rclk=1"
"0x30e29bd7339e2905:0x5595b60612ca2f67","โฮมเด็นทัลคลินิกทันตกรรม","Dental clinic","
32 Tiwanon Rd, Tambon Talat Kwan, Mueang Nonthaburi District, Nonthaburi 11000, Thailand","RGW7+MG Nonthaburi, Mueang Nonthaburi District, Nonthaburi, Thailand","","","+66 61 919 9961","http://www.facebook.com/homedentalclinic.nonthaburi","","4.9","69","","","Open","","https://www.google.com/maps/place/%E0%B9%82%E0%B8%AE%E0%B8%A1%E0%B9%80%E0%B8%94%E0%B9%87%E0%B8%99%E0%B8%97%E0%B8%B1%E0%B8%A5%E0%B8%84%E0%B8%A5%E0%B8%B4%E0%B8%99%E0%B8%B4%E0%B8%81%E0%B8%97%E0%B8%B1%E0%B8%99%E0%B8%95%E0%B8%81%E0%B8%A3%E0%B8%A3%E0%B8%A1/data=!4m7!3m6!1s0x30e29bd7339e2905:0x5595b60612ca2f67!8m2!3d13.8466438!4d100.5137506!16s%2Fg%2F11r_vhbm95!19sChIJBSmeM9eb4jARZy_KEga2lVU?authuser=0&hl=en&rclk=1"
"0x30e2bcd976746967:0x8f6fd922dfd1e330","simply smile dental clinic คลินิกทันตกรรมซิมพลี่สไมล์ ทำฟัน จัดฟัน รากเทียม วีเนียร์ พระราม2","Dental clinic","
147 Rama II Soi 69, Samae Dam, Bang Khun Thian, Bangkok 10150, Thailand","JCVG+55 Bangkok, Thailand","","","+66 98 246 9090","http://facebook.com/simplysmilebkk","","5.0","2079","","","Open","","https://www.google.com/maps/place/simply+smile+dental+clinic+%E0%B8%84%E0%B8%A5%E0%B8%B4%E0%B8%99%E0%B8%B4%E0%B8%81%E0%B8%97%E0%B8%B1%E0%B8%99%E0%B8%95%E0%B8%81%E0%B8%A3%E0%B8%A3%E0%B8%A1%E0%B8%8B%E0%B8%B4%E0%B8%A1%E0%B8%9E%E0%B8%A5%E0%B8%B5%E0%B9%88%E0%B8%AA%E0%B9%84%E0%B8%A1%E0%B8%A5%E0%B9%8C+%E0%B8%97%E0%B8%B3%E0%B8%9F%E0%B8%B1%E0%B8%99+%E0%B8%88%E0%B8%B1%E0%B8%94%E0%B8%9F%E0%B8%B1%E0%B8%99+%E0%B8%A3%E0%B8%B2%E0%B8%81%E0%B9%80%E0%B8%97%E0%B8%B5%E0%B8%A2%E0%B8%A1+%E0%B8%A7%E0%B8%B5%E0%B9%80%E0%B8%99%E0%B8%B5%E0%B8%A2%E0%B8%A3%E0%B9%8C+%E0%B8%9E%E0%B8%A3%E0%B8%B0%E0%B8%A3%E0%B8%B2%E0%B8%A12/data=!4m7!3m6!1s0x30e2bcd976746967:0x8f6fd922dfd1e330!8m2!3d13.6429001!4d100.4253994!16s%2Fg%2F11c2y7y11l!19sChIJZ2l0dtm84jARMOPR3yLZb48?authuser=0&hl=en&rclk=1"
"0x30e2a32b07e70743:0x4b04caaf284a3278","สิริยาสหคลินิก","Medical clinic","
Pracha Uthit Rd, Rat Burana, Bangkok 10140, Thailand","MG62+JX Bangkok, Thailand","","","+66 2 874 7755","","","2.4","16","","","","","https://www.google.com/maps/place/%E0%B8%AA%E0%B8%B4%E0%B8%A3%E0%B8%B4%E0%B8%A2%E0%B8%B2%E0%B8%AA%E0%B8%AB%E0%B8%84%E0%B8%A5%E0%B8%B4%E0%B8%99%E0%B8%B4%E0%B8%81/data=!4m7!3m6!1s0x30e2a32b07e70743:0x4b04caaf284a3278!8m2!3d13.661519!4d100.5023866!16s%2Fg%2F11mhfv1dj8!19sChIJQwfnByuj4jAReDJKKK_KBEs?authuser=0&hl=en&rclk=1"
"0x30e2a0046607efc7:0x350dccf36b2880c0","อุดมสุขทันตแพทย์","Dental clinic","
100 Sukhumvit 103 Rd, Bang Na Nuea, Bang Na, Bangkok 10260, Thailand","MJH6+CP Bangkok, Thailand","","","+66 2 393 1392","https://www.wongnai.com/businesses/170849xh-%E0%B8%AD%E0%B8%B8%E0%B8%94%E0%B8%A1%E0%B8%AA%E0%B8%B8%E0%B8%82%E0%B8%97%E0%B8%B1%E0%B8%99%E0%B8%95%E0%B9%81%E0%B8%9E%E0%B8%97%E0%B8%A2%E0%B9%8C","","4.6","11","","","Open","","https://www.google.com/maps/place/%E0%B8%AD%E0%B8%B8%E0%B8%94%E0%B8%A1%E0%B8%AA%E0%B8%B8%E0%B8%82%E0%B8%97%E0%B8%B1%E0%B8%99%E0%B8%95%E0%B9%81%E0%B8%9E%E0%B8%97%E0%B8%A2%E0%B9%8C/data=!4m7!3m6!1s0x30e2a0046607efc7:0x350dccf36b2880c0!8m2!3d13.6785156!4d100.6118351!16s%2Fg%2F1ptxzvz5m!19sChIJx-8HZgSg4jARwIAoa_PMDTU?authuser=0&hl=en&rclk=1"
"0x30e2908467578217:0x5ca2789ab611a969","Siam Center Nakhon-in ศูนย์จัดฟันและทันตกรรม สยามนครอินทร์","Orthodontist","
28 หมู่ 4 Nakhon In Rd, Bang Khun Kong, Bang Kruai District, Nonthaburi 11130, Thailand","RCCM+V3 Bang Khun Kong, Bang Kruai District, Nonthaburi, Thailand","","","+66 2 459 5300","","","4.9","14","","","Open","","https://www.google.com/maps/place/Siam+Center+Nakhon-in+%E0%B8%A8%E0%B8%B9%E0%B8%99%E0%B8%A2%E0%B9%8C%E0%B8%88%E0%B8%B1%E0%B8%94%E0%B8%9F%E0%B8%B1%E0%B8%99%E0%B9%81%E0%B8%A5%E0%B8%B0%E0%B8%97%E0%B8%B1%E0%B8%99%E0%B8%95%E0%B8%81%E0%B8%A3%E0%B8%A3%E0%B8%A1+%E0%B8%AA%E0%B8%A2%E0%B8%B2%E0%B8%A1%E0%B8%99%E0%B8%84%E0%B8%A3%E0%B8%AD%E0%B8%B4%E0%B8%99%E0%B8%97%E0%B8%A3%E0%B9%8C/data=!4m7!3m6!1s0x30e2908467578217:0x5ca2789ab611a969!8m2!3d13.8221702!4d100.4326899!16s%2Fg%2F11b69bm19z!19sChIJF4JXZ4SQ4jARaakRtpp4olw?authuser=0&hl=en&rclk=1"
"0x30e2a300204be1ef:0xde154f6e62aad579","รักษ์ยิ้ม ทันตกรรม คลินิค","Dental clinic","
636/3 (331 Soi Pracha Uthit 53, Bang Mot, Thung Khru, Bangkok 10140, Thailand","JFWW+PQ Bangkok, Thailand","","","+66 91 576 2288","","","5.0","8","","","Open","","https://www.google.com/maps/place/%E0%B8%A3%E0%B8%B1%E0%B8%81%E0%B8%A9%E0%B9%8C%E0%B8%A2%E0%B8%B4%E0%B9%89%E0%B8%A1+%E0%B8%97%E0%B8%B1%E0%B8%99%E0%B8%95%E0%B8%81%E0%B8%A3%E0%B8%A3%E0%B8%A1+%E0%B8%84%E0%B8%A5%E0%B8%B4%E0%B8%99%E0%B8%B4%E0%B8%84/data=!4m7!3m6!1s0x30e2a300204be1ef:0xde154f6e62aad579!8m2!3d13.6467802!4d100.4969417!16s%2Fg%2F11vynlylx4!19sChIJ7-FLIACj4jARedWqYm5PFd4?authuser=0&hl=en&rclk=1"
"0x30e2a3b3ebac222f:0xc5713b8283c0c079","Deezy dental home ประชาอุทิศ | ทำฟัน จัดฟัน วีเนียร์ รากฟันเทียม","Dental clinic","
58/1 Pracha Uthit Rd, Bang Mot, Thung Khru, Bangkok 10140, Thailand","JGR2+24 Bangkok, Thailand","","","+66 95 668 8813","http://www.deezydental.com/","","4.4","268","","","Open","","https://www.google.com/maps/place/Deezy+dental+home+%E0%B8%9B%E0%B8%A3%E0%B8%B0%E0%B8%8A%E0%B8%B2%E0%B8%AD%E0%B8%B8%E0%B8%97%E0%B8%B4%E0%B8%A8+%7C+%E0%B8%97%E0%B8%B3%E0%B8%9F%E0%B8%B1%E0%B8%99+%E0%B8%88%E0%B8%B1%E0%B8%94%E0%B8%9F%E0%B8%B1%E0%B8%99+%E0%B8%A7%E0%B8%B5%E0%B9%80%E0%B8%99%E0%B8%B5%E0%B8%A2%E0%B8%A3%E0%B9%8C+%E0%B8%A3%E0%B8%B2%E0%B8%81%E0%B8%9F%E0%B8%B1%E0%B8%99%E0%B9%80%E0%B8%97%E0%B8%B5%E0%B8%A2%E0%B8%A1/data=!4m7!3m6!1s0x30e2a3b3ebac222f:0xc5713b8283c0c079!8m2!3d13.6400088!4d100.5002606!16s%2Fg%2F11c317d4yh!19sChIJLyKs67Oj4jARecDAg4I7ccU?authuser=0&hl=en&rclk=1"
"0x311d5f8f572967a5:0x627a3766ef04b1f5","คลินิกทันตกรรมกู๊ดทูธ เทพารักษ์ Goodtooth dental clinic Theparak","Dental clinic","
M7, 2107/17, Thepharak, Theparak, Samut Prakan 10270, Thailand","JJGJ+47 Thepharak, Mueang Samut Prakan District, Samut Prakan, Thailand","","","+66 2 759 6645","","","5.0","11","","","Open","","https://www.google.com/maps/place/%E0%B8%84%E0%B8%A5%E0%B8%B4%E0%B8%99%E0%B8%B4%E0%B8%81%E0%B8%97%E0%B8%B1%E0%B8%99%E0%B8%95%E0%B8%81%E0%B8%A3%E0%B8%A3%E0%B8%A1%E0%B8%81%E0%B8%B9%E0%B9%8A%E0%B8%94%E0%B8%97%E0%B8%B9%E0%B8%98+%E0%B9%80%E0%B8%97%E0%B8%9E%E0%B8%B2%E0%B8%A3%E0%B8%B1%E0%B8%81%E0%B8%A9%E0%B9%8C+Goodtooth+dental+clinic+Theparak/data=!4m7!3m6!1s0x311d5f8f572967a5:0x627a3766ef04b1f5!8m2!3d13.6253562!4d100.6306708!16s%2Fg%2F11xmcv4_1v!19sChIJpWcpV49fHTER9bEE72Y3emI?authuser=0&hl=en&rclk=1"
"0x311d5fe53bce6aab:0x55f9eee4ddf3f830","SmilOra Dental Clinic สาขา สำโรง","Dental clinic","
432/4, Samrong Nuea, Samut Prakan 10270, Thailand","JJJH+7J Samrong Nuea, Mueang Samut Prakan District, Samut Prakan, Thailand","","","+66 62 235 2000","","","3.3","19","","","","","https://www.google.com/maps/place/SmilOra+Dental+Clinic+%E0%B8%AA%E0%B8%B2%E0%B8%82%E0%B8%B2+%E0%B8%AA%E0%B8%B3%E0%B9%82%E0%B8%A3%E0%B8%87/data=!4m7!3m6!1s0x311d5fe53bce6aab:0x55f9eee4ddf3f830!8m2!3d13.6306645!4d100.6290797!16s%2Fg%2F11h49kwgx5!19sChIJq2rOO-VfHTERMPjz3eTu-VU?authuser=0&hl=en&rclk=1"
"0x311d5fd61ab57b13:0x9a0312019155d285","Tooth Journey Dental Clinic คลินิกทันตกรรมทูธเจอร์นีย์","Dental clinic","
32/4 Floor 1, Chan Fong 2 Apartment Building, Murnggaow 4 Alley, Bang Kaeo, Bang Phli District, Samut Prakan 10540, Thailand","JMWF+XF Bang Kaeo, Bang Phli District, Samut Prakan, Thailand","","","+66 62 408 9399","http://www.toothjourneydentalclinic.com/","","4.9","105","","","Open","","https://www.google.com/maps/place/Tooth+Journey+Dental+Clinic+%E0%B8%84%E0%B8%A5%E0%B8%B4%E0%B8%99%E0%B8%B4%E0%B8%81%E0%B8%97%E0%B8%B1%E0%B8%99%E0%B8%95%E0%B8%81%E0%B8%A3%E0%B8%A3%E0%B8%A1%E0%B8%97%E0%B8%B9%E0%B8%98%E0%B9%80%E0%B8%88%E0%B8%AD%E0%B8%A3%E0%B9%8C%E0%B8%99%E0%B8%B5%E0%B8%A2%E0%B9%8C/data=!4m7!3m6!1s0x311d5fd61ab57b13:0x9a0312019155d285!8m2!3d13.6474758!4d100.6737112!16s%2Fg%2F11ltdd2j_2!19sChIJE3u1GtZfHTERhdJVkQESA5o?authuser=0&hl=en&rclk=1"
"0x311d5fef2917a39b:0xce0031a50d2c4bf9","D-dent Dental Clinic","Dental clinic","
10, Soi Bangna-Trat 23 Bangna-Trat Road Bangna-Trat, 10 Soi Bang Na-Trat 23, Bang Na, Bangkok 10260, Thailand","MJCP+47 Bangkok, Thailand","","","+66 85 626 9664","","","4.7","13","","","Open","","https://www.google.com/maps/place/D-dent+Dental+Clinic/data=!4m7!3m6!1s0x311d5fef2917a39b:0xce0031a50d2c4bf9!8m2!3d13.6703326!4d100.6357452!16s%2Fg%2F1pzxfv64y!19sChIJm6MXKe9fHTER-UssDaUxAM4?authuser=0&hl=en&rclk=1"
"0x311d5fef4e7a99f1:0x5aa3ac3999d4f88","Jendham Dental Clinic","Dental clinic","
74 Soi Bang Na-Trat 23, Bang Na Nuea, Bang Na, Bangkok 10260, Thailand","MJFR+Q7 Bangkok, Thailand","","","+66 2 744 0502","https://www.jendhamdentalclinicthailand.com/","","4.0","26","","","Open","","https://www.google.com/maps/place/Jendham+Dental+Clinic/data=!4m7!3m6!1s0x311d5fef4e7a99f1:0x5aa3ac3999d4f88!8m2!3d13.674484!4d100.6406436!16s%2Fg%2F1td_dq46!19sChIJ8Zl6Tu9fHTERiE-dmcM6qgU?authuser=0&hl=en&rclk=1"
"0x311d60734bf0002d:0xbfeb18716f86b4","BFC Dental Bangna","Dental clinic","
BFC Dental Bangna, 347 Bangna-Trad Rd, Bang Na Nuea, Bang Na, Bangkok 10260, Thailand","MJCC+9G Bangkok, Thailand","","","+66 2 396 1075","http://www.bfcdental.com/","","4.8","809","","","Open","","https://www.google.com/maps/place/BFC+Dental+Bangna/data=!4m7!3m6!1s0x311d60734bf0002d:0xbfeb18716f86b4!8m2!3d13.6709783!4d100.6213336!16s%2Fg%2F1yh8027cg!19sChIJLQDwS3NgHTERtIZvcRjrvwA?authuser=0&hl=en&rclk=1"
"0x311d5f8f46918435:0xfed0a0727c2b178d","Dental Image Clinic Bangna","Dental clinic","
ชั้น 1 ห้อง 1A Bang Na Thanee Building, เลขที่ 1/2 Phillips Alley, Bang Na Tai, Bang Na, Bangkok 10260, Thailand","MJ8M+XH Bangkok, Thailand","","","+66 89 858 9822","http://www.dentalimageclinic.com/","","4.8","290","","","Open","","https://www.google.com/maps/place/Dental+Image+Clinic+Bangna/data=!4m7!3m6!1s0x311d5f8f46918435:0xfed0a0727c2b178d!8m2!3d13.6674062!4d100.633953!16s%2Fg%2F11tww1rdg6!19sChIJNYSRRo9fHTERjRcrfHKg0P4?authuser=0&hl=en&rclk=1"
"0x30e299b3ad6a2773:0x24bea4c2648939ca","Saowanit Dental Clinic","Dental clinic","
63, 12 Charan Sanit Wong Rd, Wat Tha Phra, Bangkok Yai, Bangkok 10600","PFRC+76 Bangkok","","","02 412 0850","","","4.9","10","","","Open","","https://www.google.com/maps/place/Saowanit+Dental+Clinic/data=!4m7!3m6!1s0x30e299b3ad6a2773:0x24bea4c2648939ca!8m2!3d13.740702!4d100.470504!16s%2Fg%2F1hf5vph7m!19sChIJcydqrbOZ4jARyjmJZMKkviQ?authuser=0&hl=en&rclk=1"
"0x30e2a305f71a289f:0xad274229c3e6fd61","We Smile Dental Clinic สาขา โลตัสบางปะกอก","Dental clinic","
ชั้น 2 ห้าง โลตัส Bang Pakok, Rat Burana, Bangkok 10140","MGH2+3G Bangkok","","","082 695 9669","https://www.facebook.com/wesmiledental3","","4.9","782","","","Open","","https://www.google.com/maps/place/We+Smile+Dental+Clinic+%E0%B8%AA%E0%B8%B2%E0%B8%82%E0%B8%B2+%E0%B9%82%E0%B8%A5%E0%B8%95%E0%B8%B1%E0%B8%AA%E0%B8%9A%E0%B8%B2%E0%B8%87%E0%B8%9B%E0%B8%B0%E0%B8%81%E0%B8%AD%E0%B8%81/data=!4m7!3m6!1s0x30e2a305f71a289f:0xad274229c3e6fd61!8m2!3d13.6777086!4d100.5013598!16s%2Fg%2F11p_4fs7q5!19sChIJnyga9wWj4jARYf3mwylCJ60?authuser=0&hl=en&rclk=1"
"0x30e29dd5b7c80307:0x59911222f20184ab","Full Smile Dental Clinic","Dental clinic","
119 ซอย 20 มิถุนา ปาก ทางแยก 15 Samsen Nok, Huai Khwang, Bangkok 10310, Thailand","QHMM+M5 Bangkok, Thailand","","","+66 65 054 1431","http://www.fb.me/fullsmiledc","","4.7","14","","","Open","","https://www.google.com/maps/place/Full+Smile+Dental+Clinic/data=!4m7!3m6!1s0x30e29dd5b7c80307:0x59911222f20184ab!8m2!3d13.7841314!4d100.5829638!16s%2Fg%2F11fjw45r7g!19sChIJBwPIt9Wd4jARq4QB8iISkVk?authuser=0&hl=en&rclk=1"
"0x30e29c2dfd99a209:0x65e0f3c5e4c621d","จามจุรีทันตคลีนิค","Dental clinic","
107/2 Sutthisan Winitchai Rd, Samsen Nai, Phaya Thai, Bangkok 10400, Thailand","QHQ2+HX Bangkok, Thailand","","","+66 2 279 9247","","","4.3","6","","","Open","","https://www.google.com/maps/place/%E0%B8%88%E0%B8%B2%E0%B8%A1%E0%B8%88%E0%B8%B8%E0%B8%A3%E0%B8%B5%E0%B8%97%E0%B8%B1%E0%B8%99%E0%B8%95%E0%B8%84%E0%B8%A5%E0%B8%B5%E0%B8%99%E0%B8%B4%E0%B8%84/data=!4m7!3m6!1s0x30e29c2dfd99a209:0x65e0f3c5e4c621d!8m2!3d13.7889624!4d100.5524494!16s%2Fg%2F1hc2n43bt!19sChIJCaKZ_S2c4jARHWJMXjwPXgY?authuser=0&hl=en&rclk=1"
"0x30e29ee712ef5879:0xe59ae56d02d854f0","Cosmetic Surgery Center of Thailand","Medical Center","
335 Akkhara Phatsadu Alley, Khlong Tan Nuea, Watthana, Bangkok 10110, Thailand","PHMJ+XV Bangkok, Thailand","","","+66 2 402 6566","https://plasticsurgerythailand.org/","","4.5","6","","","Open","","https://www.google.com/maps/place/Cosmetic+Surgery+Center+of+Thailand/data=!4m7!3m6!1s0x30e29ee712ef5879:0xe59ae56d02d854f0!8m2!3d13.7349737!4d100.5821383!16s%2Fg%2F124sq6vyg!19sChIJeVjvEuee4jAR8FTYAm3lmuU?authuser=0&hl=en&rclk=1"
"0x30e29e18b511cfa1:0x6f62dd8822ed89fe","Bedent Dental Clinic","Dental clinic","
4 Soi Ramkhamhaeng 24, Hua Mak, Bang Kapi, Bangkok 10240, Thailand","QJ47+3F Bangkok, Thailand","","","+66 93 458 5050","https://m.facebook.com/Bedentclinic","","4.3","20","","","Open","","https://www.google.com/maps/place/Bedent+Dental+Clinic/data=!4m7!3m6!1s0x30e29e18b511cfa1:0x6f62dd8822ed89fe!8m2!3d13.7551506!4d100.6136793!16s%2Fg%2F11f57wqh0p!19sChIJoc8RtRie4jAR_ontIojdYm8?authuser=0&hl=en&rclk=1"
"0x311d618d8ab606b1:0x44f69f47aa949313","Wish Dental Clinic ลาดพร้าว 111/1 (คลินิกทันตกรรม วิช)","Dental clinic","
3083 Lat Phrao Rd, Khlong Chan, Bang Kapi, Bangkok 10240, Thailand","QJ9Q+X9 Bangkok, Thailand","","","+66 95 191 7979","","","5.0","250","","","Open","","https://www.google.com/maps/place/Wish+Dental+Clinic+%E0%B8%A5%E0%B8%B2%E0%B8%94%E0%B8%9E%E0%B8%A3%E0%B9%89%E0%B8%B2%E0%B8%A7+111%2F1+%28%E0%B8%84%E0%B8%A5%E0%B8%B4%E0%B8%99%E0%B8%B4%E0%B8%81%E0%B8%97%E0%B8%B1%E0%B8%99%E0%B8%95%E0%B8%81%E0%B8%A3%E0%B8%A3%E0%B8%A1+%E0%B8%A7%E0%B8%B4%E0%B8%8A%29/data=!4m7!3m6!1s0x311d618d8ab606b1:0x44f69f47aa949313!8m2!3d13.7699968!4d100.6384883!16s%2Fg%2F11t3dmfbwv!19sChIJsQa2io1hHTERE5OUqkef9kQ?authuser=0&hl=en&rclk=1"
"0x30e29da74cb4417d:0xa138c73b775dc393","วงศ์สว่างสหคลินิก","Medical clinic","
1045 ถ. กรุงเทพ - นนทบุรี บางซื่อ Bang Sue, Bangkok 10800, Thailand","RGGJ+5J Bangkok, Thailand","","","+66 92 701 5225","","","2.0","42","","","Open","","https://www.google.com/maps/place/%E0%B8%A7%E0%B8%87%E0%B8%A8%E0%B9%8C%E0%B8%AA%E0%B8%A7%E0%B9%88%E0%B8%B2%E0%B8%87%E0%B8%AA%E0%B8%AB%E0%B8%84%E0%B8%A5%E0%B8%B4%E0%B8%99%E0%B8%B4%E0%B8%81/data=!4m7!3m6!1s0x30e29da74cb4417d:0xa138c73b775dc393!8m2!3d13.8254728!4d100.5315998!16s%2Fg%2F11shwzl9_c!19sChIJfUG0TKed4jARk8NddzvHOKE?authuser=0&hl=en&rclk=1"
"0x30e29ced286124bf:0xa2fc46358482f24e","Suneerat-Wichit Dental Clinic","Dental clinic","
100, 102 Thetsaban Songkhro Rd, Lat Yao, Chatuchak, Bangkok 10900, Thailand","RHQ3+M4 Bangkok, Thailand","","","+66 85 941 4252","","","3.8","5","","","Open","","https://www.google.com/maps/place/Suneerat-Wichit+Dental+Clinic/data=!4m7!3m6!1s0x30e29ced286124bf:0xa2fc46358482f24e!8m2!3d13.8392077!4d100.5527964!16s%2Fg%2F12lw68bh7!19sChIJvyRhKO2c4jARTvKChDVG_KI?authuser=0&hl=en&rclk=1"
"0x30e299931141e05b:0xe97f86d10f8ebc58","Pillar Pharmacy","Pharmacy","
18 Phran Nok Phutthamonthon Sai 4 Rd, Bang Phrom, Taling Chan, Bangkok 10170, Thailand","QF33+86 Bangkok, Thailand","","","+66 64 168 8739","https://www.openlink.co/pilllarpharmacy","","4.9","499","","","Open","","https://www.google.com/maps/place/Pillar+Pharmacy/data=!4m7!3m6!1s0x30e299931141e05b:0xe97f86d10f8ebc58!8m2!3d13.7533038!4d100.4531046!16s%2Fg%2F11y74lgqq2!19sChIJW-BBEZOZ4jARWLyOD9GGf-k?authuser=0&hl=en&rclk=1"
"0x30e297f4877eaf2f:0xea997db482bf186d","smile dentist คลินิกทันตกรรมตรงข้ามซีคอนบางแค","Dental clinic","
616 Phetkasem Sai Kao Rd, Bang Wa, Phasi Charoen, Bangkok 10160, Thailand","PC7M+7Q Bangkok, Thailand","","","+66 86 409 3738","https://www.facebook.com/smiledentistclinic","","4.7","105","","","Open","","https://www.google.com/maps/place/smile+dentist+%E0%B8%84%E0%B8%A5%E0%B8%B4%E0%B8%99%E0%B8%B4%E0%B8%81%E0%B8%97%E0%B8%B1%E0%B8%99%E0%B8%95%E0%B8%81%E0%B8%A3%E0%B8%A3%E0%B8%A1%E0%B8%95%E0%B8%A3%E0%B8%87%E0%B8%82%E0%B9%89%E0%B8%B2%E0%B8%A1%E0%B8%8B%E0%B8%B5%E0%B8%84%E0%B8%AD%E0%B8%99%E0%B8%9A%E0%B8%B2%E0%B8%87%E0%B9%81%E0%B8%84/data=!4m7!3m6!1s0x30e297f4877eaf2f:0xea997db482bf186d!8m2!3d13.7131412!4d100.4344265!16s%2Fg%2F11ggtdnkch!19sChIJL69-h_SX4jARbRi_grR9meo?authuser=0&hl=en&rclk=1"
"0x30e2996303dde8ab:0xd978a07f8bbea8cb","คลินิกเจริญกรุงทันตแพทย์","Dental clinic","
2/7 ตรอกประดู่ Bang Kho Laem, Bangkok 10120, Thailand","MFWX+X2 Bangkok, Thailand","","","+66 95 515 4076","https://www.facebook.com/CharoenKrungdental/","","4.8","184","","","Open","","https://www.google.com/maps/place/%E0%B8%84%E0%B8%A5%E0%B8%B4%E0%B8%99%E0%B8%B4%E0%B8%81%E0%B9%80%E0%B8%88%E0%B8%A3%E0%B8%B4%E0%B8%8D%E0%B8%81%E0%B8%A3%E0%B8%B8%E0%B8%87%E0%B8%97%E0%B8%B1%E0%B8%99%E0%B8%95%E0%B9%81%E0%B8%9E%E0%B8%97%E0%B8%A2%E0%B9%8C/data=!4m7!3m6!1s0x30e2996303dde8ab:0xd978a07f8bbea8cb!8m2!3d13.6974771!4d100.497603!16s%2Fg%2F1hc2p_02k!19sChIJq-jdA2OZ4jARy6i-i3-geNk?authuser=0&hl=en&rclk=1"
"0x30e29fea61583ba5:0xa61747ae35a83232","Funday dental clinic จัดฟัน รากฟันเทียม","Dental clinic","
2047 Sukhumvit 77/1 Alley, Phra Khanong Nuea, Watthana, Bangkok 10260, Thailand","PJ52+43 Bangkok, Thailand","","","+66 82 818 2498","","","4.7","38","","","Open","","https://www.google.com/maps/place/Funday+dental+clinic+%E0%B8%88%E0%B8%B1%E0%B8%94%E0%B8%9F%E0%B8%B1%E0%B8%99+%E0%B8%A3%E0%B8%B2%E0%B8%81%E0%B8%9F%E0%B8%B1%E0%B8%99%E0%B9%80%E0%B8%97%E0%B8%B5%E0%B8%A2%E0%B8%A1/data=!4m7!3m6!1s0x30e29fea61583ba5:0xa61747ae35a83232!8m2!3d13.7077533!4d100.6001752!16s%2Fg%2F1ydxc3g_g!19sChIJpTtYYeqf4jARMjKoNa5HF6Y?authuser=0&hl=en&rclk=1"
"0x311d61aa01906b51:0x177a2adc669fd01e","Nteeth Dental clinic","Dental clinic","
47 Ramkhamhaeng 65 Alley, Hua Mak, Bang Kapi, Bangkok 10240, Thailand","QJ6F+CP Bangkok, Thailand","","","+66 90 540 0888","","","4.7","48","","","Open","","https://www.google.com/maps/place/Nteeth+Dental+clinic/data=!4m7!3m6!1s0x311d61aa01906b51:0x177a2adc669fd01e!8m2!3d13.7610147!4d100.6243056!16s%2Fg%2F11j7vx_v3d!19sChIJUWuQAaphHTERHtCfZtwqehc?authuser=0&hl=en&rclk=1"
"0x30e29b0069ee2737:0x50bf30835c086cd2","V shape aligner","Dental clinic","
451 Thanon Pracha Rat Sai 1, Bang Sue, Bangkok 10800, Thailand","RG4C+VH Bangkok, Thailand","","","","","","5.0","65","","","","","https://www.google.com/maps/place/V+shape+aligner/data=!4m7!3m6!1s0x30e29b0069ee2737:0x50bf30835c086cd2!8m2!3d13.8071694!4d100.5214936!16s%2Fg%2F11vwz9t14q!19sChIJNyfuaQCb4jAR0mwIXIMwv1A?authuser=0&hl=en&rclk=1"
"0x30e29f4c1102a0f7:0x6d3e444c6c37133","Kelly Dental Clinic สาขารามคำแหง","Dental clinic","
Soi Ramkhamhaeng 51, Hua Mak, Bang Kapi, Krung Thep Maha Nakhon 10240, Thailand","QJ59+WF Bangkok, Thailand","","","+66 94 555 6174","","","4.9","95","","","Open","","https://www.google.com/maps/place/Kelly+Dental+Clinic+%E0%B8%AA%E0%B8%B2%E0%B8%82%E0%B8%B2%E0%B8%A3%E0%B8%B2%E0%B8%A1%E0%B8%84%E0%B8%B3%E0%B9%81%E0%B8%AB%E0%B8%87/data=!4m7!3m6!1s0x30e29f4c1102a0f7:0x6d3e444c6c37133!8m2!3d13.7597834!4d100.6187319!16s%2Fg%2F11xgpz0q0q!19sChIJ96ACEUyf4jARM3HDxkTk0wY?authuser=0&hl=en&rclk=1"
"0x30e29fb615b910c5:0xae3a06441174b7ca","โรงพยาบาลสัตว์สุขุมวิท SUKHUMVIT PET HOSPITAL","Animal hospital","
592 Pridi Banomyong 24 Alley, Phra Khanong Nuea, Watthana, Bangkok 10110, Thailand","PHFW+W9 Bangkok, Thailand","","","+66 85 165 3696","https://www.facebook.com/%E0%B9%82%E0%B8%A3%E0%B8%87%E0%B8%9E%E0%B8%A2%E0%B8%B2%E0%B8%9A%E0%B8%B2%E0%B8%A5%E0%B8%AA%E0%B8%B1%E0%B8%95%E0%B8%A7%E0%B9%8C%E0%B8%AA%E0%B8%B8%E0%B8%82%E0%B8%B8%E0%B8%A1%E0%B8%A7%E0%B8%B4%E0%B8%97-746023498827497/","","4.9","330","","","Open","","https://www.google.com/maps/place/%E0%B9%82%E0%B8%A3%E0%B8%87%E0%B8%9E%E0%B8%A2%E0%B8%B2%E0%B8%9A%E0%B8%B2%E0%B8%A5%E0%B8%AA%E0%B8%B1%E0%B8%95%E0%B8%A7%E0%B9%8C%E0%B8%AA%E0%B8%B8%E0%B8%82%E0%B8%B8%E0%B8%A1%E0%B8%A7%E0%B8%B4%E0%B8%97+SUKHUMVIT+PET+HOSPITAL/data=!4m7!3m6!1s0x30e29fb615b910c5:0xae3a06441174b7ca!8m2!3d13.7248102!4d100.5959832!16s%2Fg%2F11gmxpl9dn!19sChIJxRC5Fbaf4jARyrd0EUQGOq4?authuser=0&hl=en&rclk=1"
"0x311d63d71259ea7d:0x787b7e11b5f0f71a","Golden Place (Rama 9)","Supermarket","
เลขที่ 185, 187 189 Pradit Manutham Rd, Wang Thonglang, Bangkok 10310, Thailand","QH7X+JF Bangkok, Thailand","","","+66 2 935 6000","http://www.goldenplace.co.th/","","4.4","2426","","","Open","","https://www.google.com/maps/place/Golden+Place+%28Rama+9%29/data=!4m7!3m6!1s0x311d63d71259ea7d:0x787b7e11b5f0f71a!8m2!3d13.7640707!4d100.5987055!16s%2Fg%2F1v6p1r07!19sChIJfepZEtdjHTERGvfwtRF-e3g?authuser=0&hl=en&rclk=1"
"0x30e29fd7669a97eb:0x459b33fc12f3d82","Summer Point","Community center","
1553 Sukhumvit Rd, Phra Khanong Nuea, Watthana, Bangkok 10110, Thailand","PH8R+2V Bangkok, Thailand","","","+66 2 334 0452","https://summerpointbkk.com/","","4.2","72","","","Open","","https://www.google.com/maps/place/Summer+Point/data=!4m7!3m6!1s0x30e29fd7669a97eb:0x459b33fc12f3d82!8m2!3d13.7150912!4d100.5921309!16s%2Fg%2F11nt952lwr!19sChIJ65eaZtef4jARgj0vwT-zWQQ?authuser=0&hl=en&rclk=1"
"0x311d602fade66b87:0xdc5264d52793f2eb","SM DENTAL สาขาพัฒนาการ (คลินิกทันตกรรมสไมล์เมโลดี้)","Dental clinic","
776 THE CONNECT 16 Phatanakarn 38, สวนหลวง Suan Luang, Bangkok 10250, Thailand","PJGM+HJ Bangkok, Thailand","","","+66 2 073 5995","","","4.6","69","","","Open","","https://www.google.com/maps/place/SM+DENTAL+%E0%B8%AA%E0%B8%B2%E0%B8%82%E0%B8%B2%E0%B8%9E%E0%B8%B1%E0%B8%92%E0%B8%99%E0%B8%B2%E0%B8%81%E0%B8%B2%E0%B8%A3+%28%E0%B8%84%E0%B8%A5%E0%B8%B4%E0%B8%99%E0%B8%B4%E0%B8%81%E0%B8%97%E0%B8%B1%E0%B8%99%E0%B8%95%E0%B8%81%E0%B8%A3%E0%B8%A3%E0%B8%A1%E0%B8%AA%E0%B9%84%E0%B8%A1%E0%B8%A5%E0%B9%8C%E0%B9%80%E0%B8%A1%E0%B9%82%E0%B8%A5%E0%B8%94%E0%B8%B5%E0%B9%89%29/data=!4m7!3m6!1s0x311d602fade66b87:0xdc5264d52793f2eb!8m2!3d13.7264973!4d100.6340031!16s%2Fg%2F11gfdk432n!19sChIJh2vmrS9gHTER6_KTJ9VkUtw?authuser=0&hl=en&rclk=1"
"0x30e29d8a8a294a25:0xa456de84474304f8","Dentique Dental Care","Dental clinic","
206, 208 Pradit Manutham Rd, Khlong Chan, Bang Kapi, Bangkok 10240, Thailand","RJ29+QF Bangkok, Thailand","","","+66 2 102 2612","http://dentiqueclinic.com/","","4.9","59","","","Open","","https://www.google.com/maps/place/Dentique+Dental+Care/data=!4m7!3m6!1s0x30e29d8a8a294a25:0xa456de84474304f8!8m2!3d13.8019851!4d100.6186982!16s%2Fg%2F11btx0hw8p!19sChIJJUopioqd4jAR-ARDR4TeVqQ?authuser=0&hl=en&rclk=1"
"0x311d618da4b349b7:0xd3fb2800f710c6f5","Bangkapi dental clinic","Dental clinic","
3634 Lat Phrao Rd, Khlong Chan, Bang Kapi, Bangkok 10240, Thailand","QJ8W+96 Bangkok, Thailand","","","+66 98 535 1040","https://www.facebook.com/bangkapidentalclinic/","","4.7","36","","","Open","","https://www.google.com/maps/place/Bangkapi+dental+clinic/data=!4m7!3m6!1s0x311d618da4b349b7:0xd3fb2800f710c6f5!8m2!3d13.7659245!4d100.6456214!16s%2Fg%2F1pv0vf3fm!19sChIJt0mzpI1hHTER9cYQ9wAo-9M?authuser=0&hl=en&rclk=1"
"0x30e29c7509ee82e9:0x326b4da8a79ff021","คลินิกทันตแพทย์เอนก(Anek Dental Clinic)","Dental clinic","
576/21 Pracha Rat Sai 2 Rd, Bang Sue, Bangkok 10800, Thailand","RG4J+7W Bangkok, Thailand","","","+66 2 585 5503","","","4.3","6","","","Open","","https://www.google.com/maps/place/%E0%B8%84%E0%B8%A5%E0%B8%B4%E0%B8%99%E0%B8%B4%E0%B8%81%E0%B8%97%E0%B8%B1%E0%B8%99%E0%B8%95%E0%B9%81%E0%B8%9E%E0%B8%97%E0%B8%A2%E0%B9%8C%E0%B9%80%E0%B8%AD%E0%B8%99%E0%B8%81%28Anek+Dental+Clinic%29/data=!4m7!3m6!1s0x30e29c7509ee82e9:0x326b4da8a79ff021!8m2!3d13.805737!4d100.5323316!16s%2Fg%2F1td74088!19sChIJ6YLuCXWc4jARIfCfp6hNazI?authuser=0&hl=en&rclk=1"
"0x30e29c1a1124ccd5:0x628bcee0c57650c8","Ban Mor Fan Clinic","Dental clinic","
อยู่ระหว่างประดิพัทธ์ ซอย 18-20 246/8 Soi Pradipat, Phaya Thai, Bangkok 10400, Thailand","QGRW+36 Bangkok, Thailand","","","+66 2 279 2135","","","3.6","31","","","Open","","https://www.google.com/maps/place/Ban+Mor+Fan+Clinic/data=!4m7!3m6!1s0x30e29c1a1124ccd5:0x628bcee0c57650c8!8m2!3d13.7901805!4d100.5456217!16s%2Fg%2F1tfwmdfw!19sChIJ1cwkERqc4jARyFB2xeDOi2I?authuser=0&hl=en&rclk=1"
"0x30e299ba5a834f55:0x32615f186c4b242b","Somchai Dental Clinic","Dental clinic","
Charan Sanit Wong Rd, Ban Chang Lo, Bangkok Noi, Bangkok 10700, Thailand","QF2C+85 Bangkok, Thailand","","","+66 2 411 1165","","","4.3","11","","","Open","","https://www.google.com/maps/place/Somchai+Dental+Clinic/data=!4m7!3m6!1s0x30e299ba5a834f55:0x32615f186c4b242b!8m2!3d13.7508275!4d100.4704168!16s%2Fg%2F1x6p_68j!19sChIJVU-DWrqZ4jARKyRLbBhfYTI?authuser=0&hl=en&rclk=1"
"0x30e29f51335614d5:0xd3144b3198990989","Surinee Dental Clinic","Dental clinic","
84, 22 Nonsi Rd, Chong Nonsi, Yan Nawa, Krung Thep Maha Nakhon 10120, Thailand","MGVP+QX Bangkok, Thailand","","","+66 2 294 4282","","","4.6","7","","","Open","","https://www.google.com/maps/place/Surinee+Dental+Clinic/data=!4m7!3m6!1s0x30e29f51335614d5:0xd3144b3198990989!8m2!3d13.6944485!4d100.537433!16s%2Fg%2F1tq4nk32!19sChIJ1RRWM1Gf4jARiQmZmDFLFNM?authuser=0&hl=en&rclk=1"
"0x30e29a0387fd213d:0x5dc8f27bcf0d27fb","iSmile Dental Clinic at Ratchaphruek","Dental clinic","
102 Ratchaphruek Rd, Chim Phli, Taling Chan, Bangkok 10170, Thailand","QCVX+CR Bangkok, Thailand","","","+66 98 935 1595","","","4.9","391","","","Open","","https://www.google.com/maps/place/iSmile+Dental+Clinic+at+Ratchaphruek/data=!4m7!3m6!1s0x30e29a0387fd213d:0x5dc8f27bcf0d27fb!8m2!3d13.7935342!4d100.4495627!16s%2Fg%2F1q62fngdj!19sChIJPSH9hwOa4jAR-ycNz3vyyF0?authuser=0&hl=en&rclk=1"
"0x30e2999615ded907:0x99c17dd505da6aa3","Wealthy smile dental clinic (คลินิกทันตกรรมเวลตี้สไมล์)","Dental clinic","
242 Pak Khlong Phasi Charoen, Phasi Charoen, Bangkok 10160, Thailand","PFC5+MM Bangkok, Thailand","","","+66 96 239 1969","","","5.0","14","","","Open","","https://www.google.com/maps/place/Wealthy+smile+dental+clinic+%28%E0%B8%84%E0%B8%A5%E0%B8%B4%E0%B8%99%E0%B8%B4%E0%B8%81%E0%B8%97%E0%B8%B1%E0%B8%99%E0%B8%95%E0%B8%81%E0%B8%A3%E0%B8%A3%E0%B8%A1%E0%B9%80%E0%B8%A7%E0%B8%A5%E0%B8%95%E0%B8%B5%E0%B9%89%E0%B8%AA%E0%B9%84%E0%B8%A1%E0%B8%A5%E0%B9%8C%29/data=!4m7!3m6!1s0x30e2999615ded907:0x99c17dd505da6aa3!8m2!3d13.7216347!4d100.4592402!16s%2Fg%2F11mhvgmlms!19sChIJB9neFZaZ4jARo2raBdV9wZk?authuser=0&hl=en&rclk=1"
"0x30e29dc1b8379271:0xb81147f33a6c5b30","Clinic Ruk Fun by Dentist Sarote Boonsin","Dental clinic","
252 254 Chok Chai 4 Rd, Saphan Song, Wang Thonglang, Bangkok 10310, Thailand","QHWW+Q6 Bangkok, Thailand","","","+66 2 530 2795","http://www.clinicrukfun.com/","","4.9","18","","","Open","","https://www.google.com/maps/place/Clinic+Ruk+Fun+by+Dentist+Sarote+Boonsin/data=!4m7!3m6!1s0x30e29dc1b8379271:0xb81147f33a6c5b30!8m2!3d13.7969515!4d100.5955551!16s%2Fg%2F1td30hcc!19sChIJcZI3uMGd4jARMFtsOvNHEbg?authuser=0&hl=en&rclk=1"
"0x30e29d4c18c21121:0xdb2e46e0242ec397","คลินิกทันตกรรม Smile Seasons เมเจอร์รัชโยธิน","Dental clinic","
1839 Phahonyothin Rd, Lat Yao, Chatuchak, Bangkok 10900, Thailand","RHH9+CF Bangkok, Thailand","","","+66 2 114 3274","http://www.smileseasons.com/","","4.9","743","Photo of reviewer who wrote ""Beautiful retainers decent priced services""","","Open","","https://www.google.com/maps/place/%E0%B8%84%E0%B8%A5%E0%B8%B4%E0%B8%99%E0%B8%B4%E0%B8%81%E0%B8%97%E0%B8%B1%E0%B8%99%E0%B8%95%E0%B8%81%E0%B8%A3%E0%B8%A3%E0%B8%A1+Smile+Seasons+%E0%B9%80%E0%B8%A1%E0%B9%80%E0%B8%88%E0%B8%AD%E0%B8%A3%E0%B9%8C%E0%B8%A3%E0%B8%B1%E0%B8%8A%E0%B9%82%E0%B8%A2%E0%B8%98%E0%B8%B4%E0%B8%99/data=!4m7!3m6!1s0x30e29d4c18c21121:0xdb2e46e0242ec397!8m2!3d13.8286184!4d100.5686844!16s%2Fg%2F11j210p5w0!19sChIJIRHCGEyd4jARl8MuJOBGLts?authuser=0&hl=en&rclk=1"
"0x311d61704ce717a7:0x1a24db9977e7dc37","Soft&Smile Dental Clinic สาขา รามคำแหง ทำฟัน จัดฟัน จัดฟันใส รากเทียม วีเนียร์","Dental clinic","
599 1st floor, Ramkhamhaeng Rd Hua Mak, Bang Kapi, Bangkok 10240, Thailand","QJ6H+99 Bangkok, Thailand","","","+66 99 480 6763","https://softandsmiledental.com/","","4.8","109","","","Open","","https://www.google.com/maps/place/Soft%26Smile+Dental+Clinic+%E0%B8%AA%E0%B8%B2%E0%B8%82%E0%B8%B2+%E0%B8%A3%E0%B8%B2%E0%B8%A1%E0%B8%84%E0%B8%B3%E0%B9%81%E0%B8%AB%E0%B8%87+%E0%B8%97%E0%B8%B3%E0%B8%9F%E0%B8%B1%E0%B8%99+%E0%B8%88%E0%B8%B1%E0%B8%94%E0%B8%9F%E0%B8%B1%E0%B8%99+%E0%B8%88%E0%B8%B1%E0%B8%94%E0%B8%9F%E0%B8%B1%E0%B8%99%E0%B9%83%E0%B8%AA+%E0%B8%A3%E0%B8%B2%E0%B8%81%E0%B9%80%E0%B8%97%E0%B8%B5%E0%B8%A2%E0%B8%A1+%E0%B8%A7%E0%B8%B5%E0%B9%80%E0%B8%99%E0%B8%B5%E0%B8%A2%E0%B8%A3%E0%B9%8C/data=!4m7!3m6!1s0x311d61704ce717a7:0x1a24db9977e7dc37!8m2!3d13.7609033!4d100.6284854!16s%2Fg%2F11vc0732lk!19sChIJpxfnTHBhHTERN9znd5nbJBo?authuser=0&hl=en&rclk=1"
"0x311d63397c753a35:0x5bf24a307a48d354","คลินิกทันตกรรมเบามือ (Baomue Dental Clinic) จัดฟันเหล็ก จัดฟันใส | เกษตร-นวมินทร์ | นวลจันทร์","Dental clinic","
51/14 Sena88, Nuan Chan 17 Alley, Nuan Chan, Bueng Kum, Bangkok 10240, Thailand","RJCQ+3G Bangkok, Thailand","","","+66 65 291 6466","","","5.0","804","","","Open","","https://www.google.com/maps/place/%E0%B8%84%E0%B8%A5%E0%B8%B4%E0%B8%99%E0%B8%B4%E0%B8%81%E0%B8%97%E0%B8%B1%E0%B8%99%E0%B8%95%E0%B8%81%E0%B8%A3%E0%B8%A3%E0%B8%A1%E0%B9%80%E0%B8%9A%E0%B8%B2%E0%B8%A1%E0%B8%B7%E0%B8%AD+%28Baomue+Dental+Clinic%29+%E0%B8%88%E0%B8%B1%E0%B8%94%E0%B8%9F%E0%B8%B1%E0%B8%99%E0%B9%80%E0%B8%AB%E0%B8%A5%E0%B9%87%E0%B8%81+%E0%B8%88%E0%B8%B1%E0%B8%94%E0%B8%9F%E0%B8%B1%E0%B8%99%E0%B9%83%E0%B8%AA+%7C+%E0%B9%80%E0%B8%81%E0%B8%A9%E0%B8%95%E0%B8%A3-%E0%B8%99%E0%B8%A7%E0%B8%A1%E0%B8%B4%E0%B8%99%E0%B8%97%E0%B8%A3%E0%B9%8C+%7C+%E0%B8%99%E0%B8%A7%E0%B8%A5%E0%B8%88%E0%B8%B1%E0%B8%99%E0%B8%97%E0%B8%A3%E0%B9%8C/data=!4m7!3m6!1s0x311d63397c753a35:0x5bf24a307a48d354!8m2!3d13.8202109!4d100.6388676!16s%2Fg%2F11l6jcjvcr!19sChIJNTp1fDljHTERVNNIejBK8ls?authuser=0&hl=en&rclk=1"
"0x30e2914a56032f35:0x2d9abec06f0d65bd","คลินิกทันตกรรมใส่ใจฟัน สาขาบางกรวย (ตลาดลุงออม)","Dental clinic","
84/11 หมู่ที่4 Bang Kruai District, Nonthaburi 11130, Thailand","R97R+78 Sala Klang, Bang Kruai District, Nonthaburi, Thailand","","","+66 63 975 5557","https://www.facebook.com/saijaifundental2/","","4.7","112","","","Open","","https://www.google.com/maps/place/%E0%B8%84%E0%B8%A5%E0%B8%B4%E0%B8%99%E0%B8%B4%E0%B8%81%E0%B8%97%E0%B8%B1%E0%B8%99%E0%B8%95%E0%B8%81%E0%B8%A3%E0%B8%A3%E0%B8%A1%E0%B9%83%E0%B8%AA%E0%B9%88%E0%B9%83%E0%B8%88%E0%B8%9F%E0%B8%B1%E0%B8%99+%E0%B8%AA%E0%B8%B2%E0%B8%82%E0%B8%B2%E0%B8%9A%E0%B8%B2%E0%B8%87%E0%B8%81%E0%B8%A3%E0%B8%A7%E0%B8%A2+%28%E0%B8%95%E0%B8%A5%E0%B8%B2%E0%B8%94%E0%B8%A5%E0%B8%B8%E0%B8%87%E0%B8%AD%E0%B8%AD%E0%B8%A1%29/data=!4m7!3m6!1s0x30e2914a56032f35:0x2d9abec06f0d65bd!8m2!3d13.8132392!4d100.3907932!16s%2Fg%2F11w2dg90fz!19sChIJNS8DVkqR4jARvWUNb8C-mi0?authuser=0&hl=en&rclk=1"
"0x30e29982b857de01:0x809d60932ea07763","Toothbuddy fai chai","Dental clinic","
353 12 Charan Sanit Wong Rd, Bang Khun Si, Bangkok Noi, Bangkok 10700, Thailand","QF39+RG Bangkok, Thailand","","","+66 95 596 3650","","","4.0","6","","","Open","","https://www.google.com/maps/place/Toothbuddy+fai+chai/data=!4m7!3m6!1s0x30e29982b857de01:0x809d60932ea07763!8m2!3d13.7545751!4d100.4688143!16s%2Fg%2F11j4pl8qry!19sChIJAd5XuIKZ4jARY3egLpNgnYA?authuser=0&hl=en&rclk=1"
"0x30e29fa53fa0bbb5:0x3cb6ae96e750e492","ISC - International Specialist Clinic","Medical Center","
2/48 Bangkok Mediplex Building, Sukhumvit 42, Phra Khanong, Khlong Toei, Bangkok 10110, Thailand","PH9M+PV Bangkok, Thailand","","","+66 2 713 6713","","","2.2","5","","","Open","","https://www.google.com/maps/place/ISC+-+International+Specialist+Clinic/data=!4m7!3m6!1s0x30e29fa53fa0bbb5:0x3cb6ae96e750e492!8m2!3d13.7193613!4d100.5846436!16s%2Fg%2F11hc_1qg5k!19sChIJtbugP6Wf4jARkuRQ55autjw?authuser=0&hl=en&rclk=1"
"0x30e29973f21edb13:0x51d583f75541bc6f","SMILE by iSKY","Dental clinic","
รพ.วิชัยเวช แยกไฟฉาย อาคาร 2 ชั้น 2 240/2-4 ถ, จรัญสนิทวงศ์ 28/6 Ban Chang Lo, Bangkok Noi, Bangkok 10700, Thailand","QF49+CW Bangkok, Thailand","","","+66 2 409 5192","","","5.0","14","","","Open","","https://www.google.com/maps/place/SMILE+by+iSKY/data=!4m7!3m6!1s0x30e29973f21edb13:0x51d583f75541bc6f!8m2!3d13.756077!4d100.4698651!16s%2Fg%2F11fhnhzn82!19sChIJE9se8nOZ4jARb7xBVfeD1VE?authuser=0&hl=en&rclk=1"
"0x30e29861485dffcf:0x592c1eb951db49f2","Dental Works คลินิกทันตกรรม เด็นทัล เวิร์ค","Dentist","
คลินิกทันตกรรม เด็นทัลเวิร์ค 166 ปาก ซอยรัชดา-ท่าพระ11 Dao Khanong, Thon Buri, Bangkok 10600, Thailand","PF5H+RV Bangkok, Thailand","","","+66 2 878 9918","","","4.7","14","","","Open","","https://www.google.com/maps/place/Dental+Works+%E0%B8%84%E0%B8%A5%E0%B8%B4%E0%B8%99%E0%B8%B4%E0%B8%81%E0%B8%97%E0%B8%B1%E0%B8%99%E0%B8%95%E0%B8%81%E0%B8%A3%E0%B8%A3%E0%B8%A1+%E0%B9%80%E0%B8%94%E0%B9%87%E0%B8%99%E0%B8%97%E0%B8%B1%E0%B8%A5+%E0%B9%80%E0%B8%A7%E0%B8%B4%E0%B8%A3%E0%B9%8C%E0%B8%84/data=!4m7!3m6!1s0x30e29861485dffcf:0x592c1eb951db49f2!8m2!3d13.7095272!4d100.4796281!16s%2Fg%2F1jglwqh2n!19sChIJz_9dSGGY4jAR8knbUbkeLFk?authuser=0&hl=en&rclk=1"
"0x30e29982c5bdcf49:0x7c9c5e93943b127","รักษ์ฟันเด็นทัลเพลส 2","Dental clinic","
163 8 Somdet Phra Pin Klao Rd, Arun Amarin, Bangkok Noi, Bangkok 10700, Thailand","QFCM+3M Bangkok, Thailand","","","+66 2 424 3020","","","4.9","7","","","Open","","https://www.google.com/maps/place/%E0%B8%A3%E0%B8%B1%E0%B8%81%E0%B8%A9%E0%B9%8C%E0%B8%9F%E0%B8%B1%E0%B8%99%E0%B9%80%E0%B8%94%E0%B9%87%E0%B8%99%E0%B8%97%E0%B8%B1%E0%B8%A5%E0%B9%80%E0%B8%9E%E0%B8%A5%E0%B8%AA+2/data=!4m7!3m6!1s0x30e29982c5bdcf49:0x7c9c5e93943b127!8m2!3d13.7702465!4d100.4842203!16s%2Fg%2F1pv0rjbh5!19sChIJSc-9xYKZ4jARJ7FDOenFyQc?authuser=0&hl=en&rclk=1"
"0x30e29d070d83742d:0x5102ebf03028369a","Happy Molar Dental Clinic คลินิกทันตกรรมแฮปปี้โมลาร์","Dental clinic","
13, ลาดยาว, 9 Phahon Yothin 35 Alley, Khwaeng Lat Yao, Khet Chatuchak, Bangkok 10900, Thailand","RHJ9+CQ Bangkok, Thailand","","","+66 96 189 6669","","","5.0","25","","","Open","","https://www.google.com/maps/place/Happy+Molar+Dental+Clinic+%E0%B8%84%E0%B8%A5%E0%B8%B4%E0%B8%99%E0%B8%B4%E0%B8%81%E0%B8%97%E0%B8%B1%E0%B8%99%E0%B8%95%E0%B8%81%E0%B8%A3%E0%B8%A3%E0%B8%A1%E0%B9%81%E0%B8%AE%E0%B8%9B%E0%B8%9B%E0%B8%B5%E0%B9%89%E0%B9%82%E0%B8%A1%E0%B8%A5%E0%B8%B2%E0%B8%A3%E0%B9%8C/data=!4m7!3m6!1s0x30e29d070d83742d:0x5102ebf03028369a!8m2!3d13.8310375!4d100.5694461!16s%2Fg%2F11xgjwzy8f!19sChIJLXSDDQed4jARmjYoMPDrAlE?authuser=0&hl=en&rclk=1"
"0x30e2a30059aa5cf5:0x249ac33cfd50d086","IDC dental clinic","Dental clinic","
239, 241 หน้าปาก Phutthabucha 9 Alley, Khwaeng Bang Mot, Khet Chom Thong, Bangkok 10150, Thailand","MFCF+R6 Bangkok, Thailand","","","+66 63 663 5265","","","3.8","10","","","Open","","https://www.google.com/maps/place/IDC+dental+clinic/data=!4m7!3m6!1s0x30e2a30059aa5cf5:0x249ac33cfd50d086!8m2!3d13.6720343!4d100.4730085!16s%2Fg%2F11x0qcfxmp!19sChIJ9VyqWQCj4jARhtBQ_TzDmiQ?authuser=0&hl=en&rclk=1"
"0x30e2a27b1008d833:0xdcf5abdd5b0a4ce3","ทันตแพทย์ มนตรี คลินิกทันตกรรม","Dental clinic","
591 Suk Sawat Rd, Bang Pakok, Rat Burana, Bangkok 10140, Thailand","MFJR+WV Bangkok, Thailand","","","+66 2 427 6836","","","3.9","52","","","Open","","https://www.google.com/maps/place/%E0%B8%97%E0%B8%B1%E0%B8%99%E0%B8%95%E0%B9%81%E0%B8%9E%E0%B8%97%E0%B8%A2%E0%B9%8C+%E0%B8%A1%E0%B8%99%E0%B8%95%E0%B8%A3%E0%B8%B5+%E0%B8%84%E0%B8%A5%E0%B8%B4%E0%B8%99%E0%B8%B4%E0%B8%81%E0%B8%97%E0%B8%B1%E0%B8%99%E0%B8%95%E0%B8%81%E0%B8%A3%E0%B8%A3%E0%B8%A1/data=!4m7!3m6!1s0x30e2a27b1008d833:0xdcf5abdd5b0a4ce3!8m2!3d13.6823436!4d100.492236!16s%2Fg%2F1pzpv8f56!19sChIJM9gIEHui4jAR40wKW92r9dw?authuser=0&hl=en&rclk=1"
"0x30e2a3b7f8584859:0x89861430955013ed","คลินิกทันตกรรมเลิฟลี่เด้นท์ บางปะกอก ราษฎร์บูรณะ Lovely Dent Dental Clinic","Dental clinic","
252 Suk Sawat Rd, Bang Pakok, Rat Burana, Bangkok 10140, Thailand","MGG2+P3 Bangkok, Thailand","","","+66 99 626 1434","https://www.facebook.com/lovelydentbangpakok","","5.0","367","","","Open","","https://www.google.com/maps/place/%E0%B8%84%E0%B8%A5%E0%B8%B4%E0%B8%99%E0%B8%B4%E0%B8%81%E0%B8%97%E0%B8%B1%E0%B8%99%E0%B8%95%E0%B8%81%E0%B8%A3%E0%B8%A3%E0%B8%A1%E0%B9%80%E0%B8%A5%E0%B8%B4%E0%B8%9F%E0%B8%A5%E0%B8%B5%E0%B9%88%E0%B9%80%E0%B8%94%E0%B9%89%E0%B8%99%E0%B8%97%E0%B9%8C+%E0%B8%9A%E0%B8%B2%E0%B8%87%E0%B8%9B%E0%B8%B0%E0%B8%81%E0%B8%AD%E0%B8%81+%E0%B8%A3%E0%B8%B2%E0%B8%A9%E0%B8%8E%E0%B8%A3%E0%B9%8C%E0%B8%9A%E0%B8%B9%E0%B8%A3%E0%B8%93%E0%B8%B0+Lovely+Dent+Dental+Clinic/data=!4m7!3m6!1s0x30e2a3b7f8584859:0x89861430955013ed!8m2!3d13.6768206!4d100.5001832!16s%2Fg%2F11h597jhhl!19sChIJWUhY-Lej4jAR7RNQlTAUhok?authuser=0&hl=en&rclk=1"
"0x30e2a1fe2ecef8f7:0xe0af7a408eb31f64","คลินิกบ้านทันตแพทย์","Dental","
600, 131-132 Sathu Pradit Rd, Bang Phong Phang, Yan Nawa, Bangkok 10120, Thailand","MGQM+67 Bangkok, Thailand","","","+66 2 682 2975","","","4.6","14","","","Open","","https://www.google.com/maps/place/%E0%B8%84%E0%B8%A5%E0%B8%B4%E0%B8%99%E0%B8%B4%E0%B8%81%E0%B8%9A%E0%B9%89%E0%B8%B2%E0%B8%99%E0%B8%97%E0%B8%B1%E0%B8%99%E0%B8%95%E0%B9%81%E0%B8%9E%E0%B8%97%E0%B8%A2%E0%B9%8C/data=!4m7!3m6!1s0x30e2a1fe2ecef8f7:0xe0af7a408eb31f64!8m2!3d13.6880291!4d100.5332078!16s%2Fg%2F1hc452ldg!19sChIJ9_jOLv6h4jARZB-zjkB6r-A?authuser=0&hl=en&rclk=1"
"0x311d615b15775681:0xed3cc6875280e00f","CLASS Dental Clinic - ศรีนครินทร์ ทำฟัน จัดฟัน รับประกันสังคม/บริษัท","Dental clinic","
62, 64 Srinagarindra Rd, Nong Bon, Prawet, Bangkok 10250, Thailand","MJVW+5R Bangkok, Thailand","","","+66 65 662 5235","https://classdentalclinic.com/","","4.9","817","","","Open","","https://www.google.com/maps/place/CLASS+Dental+Clinic+-+%E0%B8%A8%E0%B8%A3%E0%B8%B5%E0%B8%99%E0%B8%84%E0%B8%A3%E0%B8%B4%E0%B8%99%E0%B8%97%E0%B8%A3%E0%B9%8C+%E0%B8%97%E0%B8%B3%E0%B8%9F%E0%B8%B1%E0%B8%99+%E0%B8%88%E0%B8%B1%E0%B8%94%E0%B8%9F%E0%B8%B1%E0%B8%99+%E0%B8%A3%E0%B8%B1%E0%B8%9A%E0%B8%9B%E0%B8%A3%E0%B8%B0%E0%B8%81%E0%B8%B1%E0%B8%99%E0%B8%AA%E0%B8%B1%E0%B8%87%E0%B8%84%E0%B8%A1%2F%E0%B8%9A%E0%B8%A3%E0%B8%B4%E0%B8%A9%E0%B8%B1%E0%B8%97/data=!4m7!3m6!1s0x311d615b15775681:0xed3cc6875280e00f!8m2!3d13.6929196!4d100.6470331!16s%2Fg%2F11ry7s1yr6!19sChIJgVZ3FVthHTERD-CAUofGPO0?authuser=0&hl=en&rclk=1"
"0x30e29fd1f0b7d2ad:0x3d6adc63668717f0","Max Dental Clinic สาขาบีทีเอสบางจาก","","
2032 Sukhumvit 60/2 Alley, Phra Khanong Tai, Phra Khanong, Bangkok 10260, Thailand","MJW3+VX Bangkok, Thailand","","","+66 2 331 5458","","","4.2","6","","","Open","","https://www.google.com/maps/place/Max+Dental+Clinic+%E0%B8%AA%E0%B8%B2%E0%B8%82%E0%B8%B2%E0%B8%9A%E0%B8%B5%E0%B8%97%E0%B8%B5%E0%B9%80%E0%B8%AD%E0%B8%AA%E0%B8%9A%E0%B8%B2%E0%B8%87%E0%B8%88%E0%B8%B2%E0%B8%81/data=!4m7!3m6!1s0x30e29fd1f0b7d2ad:0x3d6adc63668717f0!8m2!3d13.6971639!4d100.60499!16s%2Fg%2F11p082pc4k!19sChIJrdK38NGf4jAR8BeHZmPcaj0?authuser=0&hl=en&rclk=1"
"0x30e29fbf29830013:0x236fe3c27f121fa2","LOL Dentist พระโขนง ทำฟัน จัดฟัน","Dental clinic","
3, 47 Sukhumvit Rd, Phra Khanong Nuea, Watthana, Bangkok 10110, Thailand","PH7V+QQ Bangkok, Thailand","","","+66 98 389 9924","https://m.facebook.com/LOL.dentist/","","4.8","73","","","Open","","https://www.google.com/maps/place/LOL+Dentist+%E0%B8%9E%E0%B8%A3%E0%B8%B0%E0%B9%82%E0%B8%82%E0%B8%99%E0%B8%87+%E0%B8%97%E0%B8%B3%E0%B8%9F%E0%B8%B1%E0%B8%99+%E0%B8%88%E0%B8%B1%E0%B8%94%E0%B8%9F%E0%B8%B1%E0%B8%99/data=!4m7!3m6!1s0x30e29fbf29830013:0x236fe3c27f121fa2!8m2!3d13.7144166!4d100.5944349!16s%2Fg%2F11g7z07s81!19sChIJEwCDKb-f4jARoh8Sf8LjbyM?authuser=0&hl=en&rclk=1"
"0x30e29c57ba6e65cf:0xc0182fbb2c2479b6","Dental Planet Clinic Phahonyothin เดนทัล แพลนเน็ต พหลโยธิน","Dental clinic","
1701/12 Phahonyothin Rd, Khwaeng Chatuchak, Khet Chatuchak, Bangkok 10900, Thailand","RHF8+35 Bangkok, Thailand","","","+66 83 095 0217","https://dentalplanetclinic.com/","","4.9","511","","","Open","","https://www.google.com/maps/place/Dental+Planet+Clinic+Phahonyothin+%E0%B9%80%E0%B8%94%E0%B8%99%E0%B8%97%E0%B8%B1%E0%B8%A5+%E0%B9%81%E0%B8%9E%E0%B8%A5%E0%B8%99%E0%B9%80%E0%B8%99%E0%B9%87%E0%B8%95+%E0%B8%9E%E0%B8%AB%E0%B8%A5%E0%B9%82%E0%B8%A2%E0%B8%98%E0%B8%B4%E0%B8%99/data=!4m7!3m6!1s0x30e29c57ba6e65cf:0xc0182fbb2c2479b6!8m2!3d13.8227408!4d100.5653946!16s%2Fg%2F11_qr7ffp!19sChIJz2Vuulec4jARtnkkLLsvGMA?authuser=0&hl=en&rclk=1"
"0x30e29fa4ae2f574f:0xcc341752087446f2","Teeth Talk Dental Clinic สาขาทาวน์อินทาวน์ จัดฟัน ทำฟัน ขูดหินปูน ฟอกฟัน รักษารากฟัน ฟันปลอม","Dental clinic","
307 Inthra Phon Rd, Phlabphla, Wang Thonglang, Bangkok 10310, Thailand","QJF6+RG Bangkok, Thailand","","","+66 99 294 9990","https://www.teethtalk-clinic.com/","","4.9","1815","","","Open","","https://www.google.com/maps/place/Teeth+Talk+Dental+Clinic+%E0%B8%AA%E0%B8%B2%E0%B8%82%E0%B8%B2%E0%B8%97%E0%B8%B2%E0%B8%A7%E0%B8%99%E0%B9%8C%E0%B8%AD%E0%B8%B4%E0%B8%99%E0%B8%97%E0%B8%B2%E0%B8%A7%E0%B8%99%E0%B9%8C+%E0%B8%88%E0%B8%B1%E0%B8%94%E0%B8%9F%E0%B8%B1%E0%B8%99+%E0%B8%97%E0%B8%B3%E0%B8%9F%E0%B8%B1%E0%B8%99+%E0%B8%82%E0%B8%B9%E0%B8%94%E0%B8%AB%E0%B8%B4%E0%B8%99%E0%B8%9B%E0%B8%B9%E0%B8%99+%E0%B8%9F%E0%B8%AD%E0%B8%81%E0%B8%9F%E0%B8%B1%E0%B8%99+%E0%B8%A3%E0%B8%B1%E0%B8%81%E0%B8%A9%E0%B8%B2%E0%B8%A3%E0%B8%B2%E0%B8%81%E0%B8%9F%E0%B8%B1%E0%B8%99+%E0%B8%9F%E0%B8%B1%E0%B8%99%E0%B8%9B%E0%B8%A5%E0%B8%AD%E0%B8%A1/data=!4m7!3m6!1s0x30e29fa4ae2f574f:0xcc341752087446f2!8m2!3d13.7745724!4d100.6112725!16s%2Fg%2F11hf725660!19sChIJT1cvrqSf4jAR8kZ0CFIXNMw?authuser=0&hl=en&rclk=1"
"0x30e290823b7b106d:0x4e13ece81606c14e","คลินิกทันตกรรม สไมล์ไอเดีย","Dental clinic","
22/10 ม.4 ถ.นครอินทร์, บางขุนกอง, Bang Kruai District, Nonthaburi 11130, Thailand","RCFP+9R Bang Khun Kong, Bang Kruai District, Nonthaburi, Thailand","","","+66 2 459 5912","https://openlink.co/smileidea.dental","","4.9","141","","","Open","","https://www.google.com/maps/place/%E0%B8%84%E0%B8%A5%E0%B8%B4%E0%B8%99%E0%B8%B4%E0%B8%81%E0%B8%97%E0%B8%B1%E0%B8%99%E0%B8%95%E0%B8%81%E0%B8%A3%E0%B8%A3%E0%B8%A1+%E0%B8%AA%E0%B9%84%E0%B8%A1%E0%B8%A5%E0%B9%8C%E0%B9%84%E0%B8%AD%E0%B9%80%E0%B8%94%E0%B8%B5%E0%B8%A2/data=!4m7!3m6!1s0x30e290823b7b106d:0x4e13ece81606c14e!8m2!3d13.8234739!4d100.437073!16s%2Fg%2F11cffbkjk!19sChIJbRB7O4KQ4jARTsEGFujsE04?authuser=0&hl=en&rclk=1"
"0x30e29fae86ddbf77:0x536d890b9c80faae","Cozy Sunday Silom Soi 7","Serviced apartment","
403 Inside the tunnel next to Smile Design Dental Clinic, 29 Silom Soi 7, Si Lom, Bang Rak, Bangkok 10500, Thailand","PGGH+3X Bangkok, Thailand","","","","https://www.youtube.com/watch?v=ZfT2R17hMcs","","4.8","23","","","","","https://www.google.com/maps/place/Cozy+Sunday+Silom+Soi+7/data=!4m7!3m6!1s0x30e29fae86ddbf77:0x536d890b9c80faae!8m2!3d13.725224!4d100.5299756!16s%2Fg%2F11wj0xknp2!19sChIJd7_dhq6f4jARrvqAnAuJbVM?authuser=0&hl=en&rclk=1"
"0x30e29f4c058e6d95:0x8d3f1b1f7c61b18c","คลินิกสมชัยทันตแพทย์","Dental clinic","
2044/107, ปาก Chan 11 Alley, Chong Nonsi, Yan Nawa, Bangkok 10120, Thailand","PG4M+6R Bangkok, Thailand","","","+66 2 678 4466","","","4.6","11","","","Open","","https://www.google.com/maps/place/%E0%B8%84%E0%B8%A5%E0%B8%B4%E0%B8%99%E0%B8%B4%E0%B8%81%E0%B8%AA%E0%B8%A1%E0%B8%8A%E0%B8%B1%E0%B8%A2%E0%B8%97%E0%B8%B1%E0%B8%99%E0%B8%95%E0%B9%81%E0%B8%9E%E0%B8%97%E0%B8%A2%E0%B9%8C/data=!4m7!3m6!1s0x30e29f4c058e6d95:0x8d3f1b1f7c61b18c!8m2!3d13.7055216!4d100.5345412!16s%2Fg%2F11r8wxsd3!19sChIJlW2OBUyf4jARjLFhfB8bP40?authuser=0&hl=en&rclk=1"
"0x30e28376e31f1669:0x2ae08365f6f4028d","Dental C Clinic","Dental clinic","
156 ประชานิเวศน์ ๓ Ta Sai, เมือง Nonthaburi 11000, Thailand","VGFJ+5J Nonthaburi, Mueang Nonthaburi District, Nonthaburi, Thailand","","","+66 82 504 8710","","","5.0","5","","","Open","","https://www.google.com/maps/place/Dental+C+Clinic/data=!4m7!3m6!1s0x30e28376e31f1669:0x2ae08365f6f4028d!8m2!3d13.8729972!4d100.5315033!16s%2Fg%2F11nfvf956s!19sChIJaRYf43aD4jARjQL09mWD4Co?authuser=0&hl=en&rclk=1"
"0x30e29b1d90b02509:0x9d3428f8c2436ce8","Bee Dent's Home Dental Clinic(BDH) คลินิกทันตกรรมบีเด็นท์โฮม","Dental clinic","
129 ถ.ราชพฤกษ์ ทางเข้า Taling Chan, Bangkok 10170, Thailand","QCVX+GJ Bangkok, Thailand","","","+66 81 566 9485","","","4.7","15","","","Open","","https://www.google.com/maps/place/Bee+Dent%27s+Home+Dental+Clinic%28BDH%29+%E0%B8%84%E0%B8%A5%E0%B8%B4%E0%B8%99%E0%B8%B4%E0%B8%81%E0%B8%97%E0%B8%B1%E0%B8%99%E0%B8%95%E0%B8%81%E0%B8%A3%E0%B8%A3%E0%B8%A1%E0%B8%9A%E0%B8%B5%E0%B9%80%E0%B8%94%E0%B9%87%E0%B8%99%E0%B8%97%E0%B9%8C%E0%B9%82%E0%B8%AE%E0%B8%A1/data=!4m7!3m6!1s0x30e29b1d90b02509:0x9d3428f8c2436ce8!8m2!3d13.7937706!4d100.4490376!16s%2Fg%2F11y42k4xgc!19sChIJCSWwkB2b4jAR6GxDwvgoNJ0?authuser=0&hl=en&rclk=1"
"0x30e2a27e40bb84cd:0xb81782132a7a6430","Suksawat Dental Clinic","Dental clinic","
531/3 Suk Sawat Rd, Bang Pakok, Rat Burana, Bangkok 10140, Thailand","MFPP+QC Bangkok, Thailand","","","+66 86 329 0890","","","5.0","9","","","Open","","https://www.google.com/maps/place/Suksawat+Dental+Clinic/data=!4m7!3m6!1s0x30e2a27e40bb84cd:0xb81782132a7a6430!8m2!3d13.6868894!4d100.4860225!16s%2Fg%2F11bbs2z620!19sChIJzYS7QH6i4jARMGR6KhOCF7g?authuser=0&hl=en&rclk=1"
"0x30e2a142bd4a68bf:0x843d105b8e005126","The Tree Dental Clinic Samrong คลินิกทันตกรรม เดอะทรีสำโรง","Dental clinic","
2111, 2112 หมู่ 8 ซอยสุขุมวิท 113 (ซอย, Sukhumvit 113, Samrong Nuea, Mueang Samut Prakan District, Samut Prakan 10270, Thailand","JHXX+F5 Samrong Nuea, Mueang Samut Prakan District, Samut Prakan, Thailand","","","+66 65 245 7997","https://www.thetreedentalclinic.com/","","5.0","1213","","","Open","","https://www.google.com/maps/place/The+Tree+Dental+Clinic+Samrong+%E0%B8%84%E0%B8%A5%E0%B8%B4%E0%B8%99%E0%B8%B4%E0%B8%81%E0%B8%97%E0%B8%B1%E0%B8%99%E0%B8%95%E0%B8%81%E0%B8%A3%E0%B8%A3%E0%B8%A1+%E0%B9%80%E0%B8%94%E0%B8%AD%E0%B8%B0%E0%B8%97%E0%B8%A3%E0%B8%B5%E0%B8%AA%E0%B8%B3%E0%B9%82%E0%B8%A3%E0%B8%87/data=!4m7!3m6!1s0x30e2a142bd4a68bf:0x843d105b8e005126!8m2!3d13.6486932!4d100.5978812!16s%2Fg%2F11jjm2_zp5!19sChIJv2hKvUKh4jARJlEAjlsQPYQ?authuser=0&hl=en&rclk=1"
"0x30e29e6cefff3bdd:0x4d56a1521e64c3c9","Dental Innovation Foundation under Royal Patronage","Foundation","
157 4 Pradit Manutham Rd, Khwaeng Wang Thonglang, Wang Thonglang, Bangkok 10310, Thailand","QH7W+25 Bangkok, Thailand","","","+66 98 283 5313","http://www.dent-in-found.org/","","4.6","189","Photo of reviewer who wrote ""Excellent facilities, excellent dentists, and very reasonably priced.""","","Open","","https://www.google.com/maps/place/Dental+Innovation+Foundation+under+Royal+Patronage/data=!4m7!3m6!1s0x30e29e6cefff3bdd:0x4d56a1521e64c3c9!8m2!3d13.7625177!4d100.5954985!16s%2Fg%2F11bwnb58l7!19sChIJ3Tv_72ye4jARycNkHlKhVk0?authuser=0&hl=en&rclk=1"
"0x311d61eefbcb5d59:0x58bcd603dc334ef1","SmileTag Dental Clinic คลินิคทันตกรรม SmileTag","Dental clinic","
Ramkhamhaeng 30/1 Alley, Hua Mak, Bang Kapi, Bangkok 10240, Thailand","QJ6M+FM Bangkok, Thailand","","","+66 95 993 6642","https://www.facebook.com/smiletagclinic","","4.9","146","","","Open","","https://www.google.com/maps/place/SmileTag+Dental+Clinic+%E0%B8%84%E0%B8%A5%E0%B8%B4%E0%B8%99%E0%B8%B4%E0%B8%84%E0%B8%97%E0%B8%B1%E0%B8%99%E0%B8%95%E0%B8%81%E0%B8%A3%E0%B8%A3%E0%B8%A1+SmileTag/data=!4m7!3m6!1s0x311d61eefbcb5d59:0x58bcd603dc334ef1!8m2!3d13.7611427!4d100.6341548!16s%2Fg%2F11clz0gsp8!19sChIJWV3L--5hHTER8U4z3APWvFg?authuser=0&hl=en&rclk=1"
"0x311d61f6ec90c9a9:0x8b10b3e724bf563d","CDC Dental – ลาดพร้าว 109 | จัดฟัน ทำฟันโดยหมอเฉพาะทาง (ปริญญาทันตคลินิกเดิม)","Dental clinic","
3029 ซอยลาดพร้าว 109 ถนนลาดพร้าว แขวงคลองจั่น, คลองจั่น, Bangkok 10240, Thailand","QJCP+P2 Bangkok, Thailand","","","+66 97 925 2442","https://www.cdc.dental/","","4.9","104","","","Open","","https://www.google.com/maps/place/CDC+Dental+%E2%80%93+%E0%B8%A5%E0%B8%B2%E0%B8%94%E0%B8%9E%E0%B8%A3%E0%B9%89%E0%B8%B2%E0%B8%A7+109+%7C+%E0%B8%88%E0%B8%B1%E0%B8%94%E0%B8%9F%E0%B8%B1%E0%B8%99+%E0%B8%97%E0%B8%B3%E0%B8%9F%E0%B8%B1%E0%B8%99%E0%B9%82%E0%B8%94%E0%B8%A2%E0%B8%AB%E0%B8%A1%E0%B8%AD%E0%B9%80%E0%B8%89%E0%B8%9E%E0%B8%B2%E0%B8%B0%E0%B8%97%E0%B8%B2%E0%B8%87+%28%E0%B8%9B%E0%B8%A3%E0%B8%B4%E0%B8%8D%E0%B8%8D%E0%B8%B2%E0%B8%97%E0%B8%B1%E0%B8%99%E0%B8%95%E0%B8%84%E0%B8%A5%E0%B8%B4%E0%B8%99%E0%B8%B4%E0%B8%81%E0%B9%80%E0%B8%94%E0%B8%B4%E0%B8%A1%29/data=!4m7!3m6!1s0x311d61f6ec90c9a9:0x8b10b3e724bf563d!8m2!3d13.7718615!4d100.6350053!16s%2Fg%2F1hm68ttyl!19sChIJqcmQ7PZhHTERPVa_JOezEIs?authuser=0&hl=en&rclk=1"
"0x30e29dfc8c80671f:0xbea35ddb9b1f1113","PSK Clinic","Medical clinic","
Move Amaze ชั้น 4, 24/25 Lat Phrao 19 Alley, Chom Phon, Chatuchak, Bangkok 10900, Thailand","RH4F+J7 Bangkok, Thailand","","","+66 95 049 4142","https://pskclinicbkk.com/","","4.5","49","","","Open","","https://www.google.com/maps/place/PSK+Clinic/data=!4m7!3m6!1s0x30e29dfc8c80671f:0xbea35ddb9b1f1113!8m2!3d13.8065852!4d100.5731785!16s%2Fg%2F11pyc3b1n8!19sChIJH2eAjPyd4jARExEfm9tdo74?authuser=0&hl=en&rclk=1"
"0x30e29f5477630fbb:0xb0dee926e4c5169c","SS Smile","Dentist","
494 6 Sathu Pradit Rd, Bang Phong Phang, Yan Nawa, Bangkok 10120, Thailand","MGVM+P6 Bangkok, Thailand","","","+66 93 418 8808","","","5.0","8","","","Open","","https://www.google.com/maps/place/SS+Smile/data=!4m7!3m6!1s0x30e29f5477630fbb:0xb0dee926e4c5169c!8m2!3d13.6943609!4d100.5330174!16s%2Fg%2F11h3ft8_hv!19sChIJuw9jd1Sf4jARnBbF5Cbp3rA?authuser=0&hl=en&rclk=1"
"0x30e2a3a273d5196f:0xd763794775bca72e","คลินิกทันตกรรมเดนทิเนียร์ Dentineer dental clinic","Dental clinic","
121 Pracha Uthit Rd, Bang Mot, Thung Khru, Bangkok 10140, Thailand","MF2W+9P Bangkok, Thailand","","","+66 81 561 0000","https://lin.ee/hoDjjYx","","4.9","23","","","Open","","https://www.google.com/maps/place/%E0%B8%84%E0%B8%A5%E0%B8%B4%E0%B8%99%E0%B8%B4%E0%B8%81%E0%B8%97%E0%B8%B1%E0%B8%99%E0%B8%95%E0%B8%81%E0%B8%A3%E0%B8%A3%E0%B8%A1%E0%B9%80%E0%B8%94%E0%B8%99%E0%B8%97%E0%B8%B4%E0%B9%80%E0%B8%99%E0%B8%B5%E0%B8%A2%E0%B8%A3%E0%B9%8C+Dentineer+dental+clinic/data=!4m7!3m6!1s0x30e2a3a273d5196f:0xd763794775bca72e!8m2!3d13.6509104!4d100.4967587!16s%2Fg%2F11j15mfgs6!19sChIJbxnVc6Kj4jARLqe8dUd5Y9c?authuser=0&hl=en&rclk=1"
"0x311d61775c3c6093:0xac2d27efe5f24e21","Paz dental clinic คลินิกพาซ","Dental clinic","
3rd floor, Paradise park ใกล้คลินิกรามา, Srinagarindra Rd, Nong Bon, Prawet, Bangkok 10250, Thailand","MJPW+QX Bangkok, Thailand","","","+66 97 076 2228","https://www.pazdentalclinic.com/","","5.0","132","","","Open","","https://www.google.com/maps/place/Paz+dental+clinic+%E0%B8%84%E0%B8%A5%E0%B8%B4%E0%B8%99%E0%B8%B4%E0%B8%81%E0%B8%9E%E0%B8%B2%E0%B8%8B/data=!4m7!3m6!1s0x311d61775c3c6093:0xac2d27efe5f24e21!8m2!3d13.6869787!4d100.6474702!16s%2Fg%2F11vt2bw6_y!19sChIJk2A8XHdhHTERIU7y5e8nLaw?authuser=0&hl=en&rclk=1"
"0x30e29b7ef407715f:0x1d7a96d2a735d014","Por Mae Look Clinic","Dental clinic","
2574 30-31 ถ. กรุงเทพ - นนทบุรี Wong Sawang, Bang Sue, Bangkok 10800, Thailand","RGJG+3H Bangkok, Thailand","","","+66 81 246 0037","","","4.9","11","","","Open","","https://www.google.com/maps/place/Por+Mae+Look+Clinic/data=!4m7!3m6!1s0x30e29b7ef407715f:0x1d7a96d2a735d014!8m2!3d13.8301835!4d100.5264214!16s%2Fg%2F1v4k3z8f!19sChIJX3EH9H6b4jARFNA1p9KWeh0?authuser=0&hl=en&rclk=1"
"0x30e29987b2c141ad:0x7311ac4b1447495d","The Sense Pinklao","Shopping mall","
71, 50 Borommaratchachonnani Rd, Arun Amarin, Bangkok Noi, Bangkok 10700, Thailand","QFHG+W2 Bangkok, Thailand","","","+66 87 087 3300","http://www.thesensebkk.com/","","4.1","3025","","","Open","Neighborhood plaza offering retail stores, bars, restaurants & a supermarket in an open-air setting.","https://www.google.com/maps/place/The+Sense+Pinklao/data=!4m7!3m6!1s0x30e29987b2c141ad:0x7311ac4b1447495d!8m2!3d13.7797851!4d100.4750005!16s%2Fg%2F12vtwhy40!19sChIJrUHBsoeZ4jARXUlHFEusEXM?authuser=0&hl=en&rclk=1"
"0x30e297f4e0e0d7cb:0xf4241f8e8ae72ed6","คลินิกทันตกรรม Tooth Story dental clinic กาญจนาภิเษก ทำฟัน รากเทียม จัดฟัน","Dental clinic","
8/1-5 Thanon Kanchanaphisek, Sala Thammasop, Thawi Watthana, Bangkok 10170, Thailand","QC94+4F Bangkok, Thailand","","","+66 96 195 1468","https://www.facebook.com/profile.php?id=61557695466108","","4.9","101","","","Open","","https://www.google.com/maps/place/%E0%B8%84%E0%B8%A5%E0%B8%B4%E0%B8%99%E0%B8%B4%E0%B8%81%E0%B8%97%E0%B8%B1%E0%B8%99%E0%B8%95%E0%B8%81%E0%B8%A3%E0%B8%A3%E0%B8%A1+Tooth+Story+dental+clinic+%E0%B8%81%E0%B8%B2%E0%B8%8D%E0%B8%88%E0%B8%99%E0%B8%B2%E0%B8%A0%E0%B8%B4%E0%B9%80%E0%B8%A9%E0%B8%81+%E0%B8%97%E0%B8%B3%E0%B8%9F%E0%B8%B1%E0%B8%99+%E0%B8%A3%E0%B8%B2%E0%B8%81%E0%B9%80%E0%B8%97%E0%B8%B5%E0%B8%A2%E0%B8%A1+%E0%B8%88%E0%B8%B1%E0%B8%94%E0%B8%9F%E0%B8%B1%E0%B8%99/data=!4m7!3m6!1s0x30e297f4e0e0d7cb:0xf4241f8e8ae72ed6!8m2!3d13.7677705!4d100.4061864!16s%2Fg%2F11fw0dsg5s!19sChIJy9fg4PSX4jAR1i7nio4fJPQ?authuser=0&hl=en&rclk=1"
"0x30e2a024b07552bf:0x176e9baf91aaf90a","Bang Na Fan Dee Clinic","Dental clinic","
10 12 ซอย ศูนย์เยาวชนบางนา Bang Na Tai, Bang Na, Bangkok 10260, Thailand","MHGR+77 Bangkok, Thailand","","","+66 2 745 5645","","","5.0","17","","","Open","","https://www.google.com/maps/place/Bang+Na+Fan+Dee+Clinic/data=!4m7!3m6!1s0x30e2a024b07552bf:0x176e9baf91aaf90a!8m2!3d13.6756429!4d100.5907153!16s%2Fg%2F1hm5v0h47!19sChIJv1J1sCSg4jARCvmqka-bbhc?authuser=0&hl=en&rclk=1"
"0x311d636f9db0b1bd:0x48003f16d02f817a","Tooth Fun Dental Clinic ลาดพร้าว101","Dental clinic","
3312, 7 Thanon Lat Phrao 101, Khlong Chan, Bang Kapi, Bangkok 10240, Thailand","QJVH+47 Bangkok, Thailand","","","+66 93 423 5666","https://www.facebook.com/profile.php?id=61553878588930&mibextid=ZbWKwL","","5.0","161","","","Open","","https://www.google.com/maps/place/Tooth+Fun+Dental+Clinic+%E0%B8%A5%E0%B8%B2%E0%B8%94%E0%B8%9E%E0%B8%A3%E0%B9%89%E0%B8%B2%E0%B8%A7101/data=!4m7!3m6!1s0x311d636f9db0b1bd:0x48003f16d02f817a!8m2!3d13.7928209!4d100.6281768!16s%2Fg%2F11vsh1_klr!19sChIJvbGwnW9jHTEReoEv0BY_AEg?authuser=0&hl=en&rclk=1"
"0x30e29d8d3b113549:0xb6a340b4dd85bf03","แอลวีเอสเธติค รัชดา 48","Medical clinic","
49/5 4th Floor LASERVISION BUILDING Ladyao Chatuchak, Bangkok 10900, Thailand","RHJ5+FW Bangkok, Thailand","","","+66 93 555 1938","","","5.0","14","","","Open","","https://www.google.com/maps/place/%E0%B9%81%E0%B8%AD%E0%B8%A5%E0%B8%A7%E0%B8%B5%E0%B9%80%E0%B8%AD%E0%B8%AA%E0%B9%80%E0%B8%98%E0%B8%95%E0%B8%B4%E0%B8%84+%E0%B8%A3%E0%B8%B1%E0%B8%8A%E0%B8%94%E0%B8%B2+48/data=!4m7!3m6!1s0x30e29d8d3b113549:0xb6a340b4dd85bf03!8m2!3d13.8312251!4d100.5598566!16s%2Fg%2F11h4nhk_kl!19sChIJSTURO42d4jARA7-F3bRAo7Y?authuser=0&hl=en&rclk=1"
"0x30e29b7ba15ed4c1:0x32a0255e4b8534d5","Dental Plus Clinic","Dental clinic","
คลินิกทันตกรรมเดนทัลพลัส 243 ปาก Ngamwongwarn 27 Alley, Bang Khen, Mueang Nonthaburi District, Nonthaburi 11000, Thailand","VG4Q+RH Nonthaburi, Mueang Nonthaburi District, Nonthaburi, Thailand","","","+66 92 391 1109","https://www.facebook.com/Dentalplus27","","4.3","14","","","Open","","https://www.google.com/maps/place/Dental+Plus+Clinic/data=!4m7!3m6!1s0x30e29b7ba15ed4c1:0x32a0255e4b8534d5!8m2!3d13.8570384!4d100.5389569!16s%2Fg%2F1hc30mxbk!19sChIJwdReoXub4jAR1TSFS14loDI?authuser=0&hl=en&rclk=1"
"0x30e29b10bd53765f:0xb09af80693d35acb","Suan Yai Dental Center","Dental clinic","
22 14 Pracharat 22 Alley, Tambon Suan Yai, Mueang Nonthaburi District, Nonthaburi 11000, Thailand","RFVW+CJ Nonthaburi, Mueang Nonthaburi District, Nonthaburi, Thailand","","","+66 2 967 2644","https://www.facebook.com/suanyaidentalclinic","","5.0","586","","","Open","","https://www.google.com/maps/place/Suan+Yai+Dental+Center/data=!4m7!3m6!1s0x30e29b10bd53765f:0xb09af80693d35acb!8m2!3d13.84358!4d100.496543!16s%2Fg%2F1v9ggfmj!19sChIJX3ZTvRCb4jARy1rTkwb4mrA?authuser=0&hl=en&rclk=1"
"0x30e29b2275efdf4d:0x84a0c09becc089d6","T32 dental clinic","Dental clinic","
RGC4+PQQ, Suan Yai, Mueang Nonthaburi District, Nonthaburi 11000, Thailand","","","","+66 90 032 2222","https://www.facebook.com/T32dentalclinicNonthaburi","","5.0","32","","","Open","","https://www.google.com/maps/place/T32+dental+clinic/data=!4m7!3m6!1s0x30e29b2275efdf4d:0x84a0c09becc089d6!8m2!3d13.8218467!4d100.5069819!16s%2Fg%2F11g1s9w4jp!19sChIJTd_vdSKb4jAR1onA7JvAoIQ?authuser=0&hl=en&rclk=1"
"0x30e299a08ce58af3:0x5d1362ae459427ba","Hi! Dentist (คลินิกทันตกรรมไฮ!เดนทิสต์)","Dental clinic","
QF4M+F8G ถนน อรุณอัมรินทร์ Siriraj, Bangkok Noi, Bangkok 10700, Thailand","","","","+66 2 866 3190","","","3.0","6","","","Open","","https://www.google.com/maps/place/Hi!+Dentist+%28%E0%B8%84%E0%B8%A5%E0%B8%B4%E0%B8%99%E0%B8%B4%E0%B8%81%E0%B8%97%E0%B8%B1%E0%B8%99%E0%B8%95%E0%B8%81%E0%B8%A3%E0%B8%A3%E0%B8%A1%E0%B9%84%E0%B8%AE!%E0%B9%80%E0%B8%94%E0%B8%99%E0%B8%97%E0%B8%B4%E0%B8%AA%E0%B8%95%E0%B9%8C%29/data=!4m7!3m6!1s0x30e299a08ce58af3:0x5d1362ae459427ba!8m2!3d13.756189!4d100.483333!16s%2Fg%2F1jglwrw71!19sChIJ84rljKCZ4jARuieURa5iE10?authuser=0&hl=en&rclk=1"
"0x30e299b358a6c949:0x6b1dade5be2f6cbb","@JARANN dental clinic","Dental clinic","
61 15 Charan Sanit Wong Rd, Wat Tha Phra, Bangkok Yai, Bangkok 10600, Thailand","PFQC+R6 Bangkok, Thailand","","","+66 84 054 4934","https://www.facebook.com/veneerjaran13","","4.8","58","","","Open","","https://www.google.com/maps/place/%27@JARANN+dental+clinic%27/data=!4m7!3m6!1s0x30e299b358a6c949:0x6b1dade5be2f6cbb!8m2!3d13.7396038!4d100.4706143!16s%2Fg%2F11fvwlvkb7!19sChIJScmmWLOZ4jARu2wvvuWtHWs?authuser=0&hl=en&rclk=1"
"0x311d6261f5d0a971:0xd694e45ac1d1d685","Luckytooth Dental Clinic / ลัคกี้ทูธเด็นทัลคลินิก","Dental clinic","
55, 369 Khlong Lam Chiak Rd, Nawamin, Bueng Kum, Bangkok 10230, Thailand","RJCP+7P Bangkok, Thailand","","","+66 2 508 1071","http://www.facebook.com/luckytoothdc","","4.7","22","","","Open","","https://www.google.com/maps/place/Luckytooth+Dental+Clinic+%2F+%E0%B8%A5%E0%B8%B1%E0%B8%84%E0%B8%81%E0%B8%B5%E0%B9%89%E0%B8%97%E0%B8%B9%E0%B8%98%E0%B9%80%E0%B8%94%E0%B9%87%E0%B8%99%E0%B8%97%E0%B8%B1%E0%B8%A5%E0%B8%84%E0%B8%A5%E0%B8%B4%E0%B8%99%E0%B8%B4%E0%B8%81/data=!4m7!3m6!1s0x311d6261f5d0a971:0xd694e45ac1d1d685!8m2!3d13.8206503!4d100.6368395!16s%2Fg%2F11b6z6y210!19sChIJcanQ9WFiHTERhdbRwVrklNY?authuser=0&hl=en&rclk=1"
"0x30e2bd6ad298fec1:0xd8a472eb7aa0f46b","SB Smile Dental Clinic","Dental clinic","
20/3 20/4 Thanon Kanchanaphisek, Khwaeng Bang Khae, Bang Khae, Bangkok 10160, Thailand","MCQ5+94 Bangkok, Thailand","","","+66 81 802 2661","https://www.facebook.com/people/SB-Smile-Dental-Clinic-%E0%B8%97%E0%B8%B3%E0%B8%9F%E0%B8%B1%E0%B8%99-%E0%B8%88%E0%B8%B1%E0%B8%94%E0%B8%9F%E0%B8%B1%E0%B8%99/100091782669804/","","5.0","282","","","Open","","https://www.google.com/maps/place/SB+Smile+Dental+Clinic/data=!4m7!3m6!1s0x30e2bd6ad298fec1:0xd8a472eb7aa0f46b!8m2!3d13.6884564!4d100.4077962!16s%2Fg%2F11tg76jpc3!19sChIJwf6Y0mq94jARa_SgeutypNg?authuser=0&hl=en&rclk=1"
"0x30e29fe0670200a7:0x4788093067bd1583","Skytrain Dental Clinic","Dental clinic","
3079, 15 Sukhumvit Rd, Bang Chak, Phra Khanong, Bangkok 10250, Thailand","PJ23+JP Bangkok, Thailand","","","+66 94 359 9565","http://www.skytraindental.com/","","4.9","58","","","","","https://www.google.com/maps/place/Skytrain+Dental+Clinic/data=!4m7!3m6!1s0x30e29fe0670200a7:0x4788093067bd1583!8m2!3d13.701579!4d100.604361!16s%2Fg%2F11h1vd9wt3!19sChIJpwACZ-Cf4jARgxW9ZzAJiEc?authuser=0&hl=en&rclk=1"
"0x30e29fc116c016dd:0xe07a44a71ab326be","Habito Dental Clinic","Dental clinic","
Habito mall ชั้น 3, 1 On Nut 1 Aly, Phra Khanong Nuea, Watthana, Bangkok 10110, Thailand","PJ72+48 Bangkok, Thailand","","","+66 95 528 3666","https://www.facebook.com/573916716105308/","","4.8","156","","","Open","","https://www.google.com/maps/place/Habito+Dental+Clinic/data=!4m7!3m6!1s0x30e29fc116c016dd:0xe07a44a71ab326be!8m2!3d13.7128047!4d100.6008224!16s%2Fg%2F11c318lhgj!19sChIJ3RbAFsGf4jARviazGqdEeuA?authuser=0&hl=en&rclk=1"
"0x30e299bfc4836f23:0x66b9966c6650e5a5","Smilelove Dental Clinic","Dental clinic","
141 2 Phetchaburi Rd, Thung Phaya Thai, Ratchathewi, Bangkok 10400, Thailand","QG3H+X4 Bangkok, Thailand","","","+66 65 095 9291","","","5.0","503","","","Open","","https://www.google.com/maps/place/Smilelove+Dental+Clinic/data=!4m7!3m6!1s0x30e299bfc4836f23:0x66b9966c6650e5a5!8m2!3d13.7549383!4d100.5278385!16s%2Fg%2F11rvjnhz_l!19sChIJI2-DxL-Z4jARpeVQZmyWuWY?authuser=0&hl=en&rclk=1"
"0x30e29d61c8a81fd3:0x4161878916261b1d","Teeth Talk Dental Clinic สาขา ม.เกษตร จัดฟัน ดัดฟัน ทำฟัน","Dental clinic","
ลาดยาว 5,7 ซอย ตลาด Amonphan Alley, Bangkok 10900, Thailand","RHQF+XP Bangkok, Thailand","","","+66 94 992 1339","https://www.teethtalk-clinic.com/","","4.9","2025","","","Open","","https://www.google.com/maps/place/Teeth+Talk+Dental+Clinic+%E0%B8%AA%E0%B8%B2%E0%B8%82%E0%B8%B2+%E0%B8%A1.%E0%B9%80%E0%B8%81%E0%B8%A9%E0%B8%95%E0%B8%A3+%E0%B8%88%E0%B8%B1%E0%B8%94%E0%B8%9F%E0%B8%B1%E0%B8%99+%E0%B8%94%E0%B8%B1%E0%B8%94%E0%B8%9F%E0%B8%B1%E0%B8%99+%E0%B8%97%E0%B8%B3%E0%B8%9F%E0%B8%B1%E0%B8%99/data=!4m7!3m6!1s0x30e29d61c8a81fd3:0x4161878916261b1d!8m2!3d13.8399155!4d100.5743103!16s%2Fg%2F11m84c7rxp!19sChIJ0x-oyGGd4jARHRsmFomHYUE?authuser=0&hl=en&rclk=1"
"0x30e2bdb45c560c0f:0x13906955044affc4","ดีไลท์ คลินิกทันตกรรม สาขาเซ็นทรัลพระราม2 - Delite Dental Clinic Rama2","Dental clinic","
Central Rama 2 ชั้น 3, 160 Rama II Rd, Samae Dam, Bang Khun Thian, Bangkok 10150, Thailand","MC7P+GW Bangkok, Thailand","","","+66 94 781 5966","https://www.delitedentalclinic.com/","","4.9","145","","","Open","","https://www.google.com/maps/place/%E0%B8%94%E0%B8%B5%E0%B9%84%E0%B8%A5%E0%B8%97%E0%B9%8C+%E0%B8%84%E0%B8%A5%E0%B8%B4%E0%B8%99%E0%B8%B4%E0%B8%81%E0%B8%97%E0%B8%B1%E0%B8%99%E0%B8%95%E0%B8%81%E0%B8%A3%E0%B8%A3%E0%B8%A1+%E0%B8%AA%E0%B8%B2%E0%B8%82%E0%B8%B2%E0%B9%80%E0%B8%8B%E0%B9%87%E0%B8%99%E0%B8%97%E0%B8%A3%E0%B8%B1%E0%B8%A5%E0%B8%9E%E0%B8%A3%E0%B8%B0%E0%B8%A3%E0%B8%B2%E0%B8%A12+-+Delite+Dental+Clinic+Rama2/data=!4m7!3m6!1s0x30e2bdb45c560c0f:0x13906955044affc4!8m2!3d13.6638149!4d100.4373512!16s%2Fg%2F11svytr2d6!19sChIJDwxWXLS94jARxP9KBFVpkBM?authuser=0&hl=en&rclk=1"
"0x30e2a067821bb807:0xbbb4189aaa5a9d08","Smile Corner Dental Clinic","Dental clinic","
706 Sukhumvit Rd, Samrong Nuea, Mueang Samut Prakan District, Samut Prakan 10270, Thailand","JHXX+H2 Samrong Nuea, Mueang Samut Prakan District, Samut Prakan, Thailand","","","+66 89 660 8730","","","5.0","76","","","","","https://www.google.com/maps/place/Smile+Corner+Dental+Clinic/data=!4m7!3m6!1s0x30e2a067821bb807:0xbbb4189aaa5a9d08!8m2!3d13.6489084!4d100.5975397!16s%2Fg%2F11gk8qxs4j!19sChIJB7gbgmeg4jARCJ1aqpoYtLs?authuser=0&hl=en&rclk=1"
"0x311d61fd781d73ab:0x5f03836ce8147267","ราม 53 คลินิกเวชกรรม","Medical clinic","
เอ.ดี.อพารท์เมนท์ 47 Ramkhamhaeng 53, Phlabphla, Wang Thonglang, Bangkok 10312, Thailand","QJ79+CM Bangkok, Thailand","","","+66 2 935 2266","","","2.8","13","","","Open","","https://www.google.com/maps/place/%E0%B8%A3%E0%B8%B2%E0%B8%A1+53+%E0%B8%84%E0%B8%A5%E0%B8%B4%E0%B8%99%E0%B8%B4%E0%B8%81%E0%B9%80%E0%B8%A7%E0%B8%8A%E0%B8%81%E0%B8%A3%E0%B8%A3%E0%B8%A1/data=!4m7!3m6!1s0x311d61fd781d73ab:0x5f03836ce8147267!8m2!3d13.7636019!4d100.6192239!16s%2Fg%2F1hc2hd4f0!19sChIJq3MdeP1hHTERZ3IU6GyDA18?authuser=0&hl=en&rclk=1"
"0x30e29b92f45f7b55:0x53e5e497fda4d10b","The Trend Dental Clinic คลินิกทันตกรรมเดอะเทรนด์ ถ.เรวดี","Dental clinic","
277 4 Rewadee Road, Talat Kwan, เมือง Nonthaburi 11000, Thailand","VG35+XX Nonthaburi, Mueang Nonthaburi District, Nonthaburi, Thailand","","","+66 82 526 6355","https://www.facebook.com/profile.php?id=100087767451518&mibextid=ZbWKwL","","5.0","89","","","Open","","https://www.google.com/maps/place/The+Trend+Dental+Clinic+%E0%B8%84%E0%B8%A5%E0%B8%B4%E0%B8%99%E0%B8%B4%E0%B8%81%E0%B8%97%E0%B8%B1%E0%B8%99%E0%B8%95%E0%B8%81%E0%B8%A3%E0%B8%A3%E0%B8%A1%E0%B9%80%E0%B8%94%E0%B8%AD%E0%B8%B0%E0%B9%80%E0%B8%97%E0%B8%A3%E0%B8%99%E0%B8%94%E0%B9%8C+%E0%B8%96.%E0%B9%80%E0%B8%A3%E0%B8%A7%E0%B8%94%E0%B8%B5/data=!4m7!3m6!1s0x30e29b92f45f7b55:0x53e5e497fda4d10b!8m2!3d13.854924!4d100.5099819!16s%2Fg%2F11k3s7zbp0!19sChIJVXtf9JKb4jARC9Gk_Zfk5VM?authuser=0&hl=en&rclk=1"
"0x30e29c8550f43159:0xb84e9ab9631831bb","คลินิกทันตกรรมสไมล์โซลูชั่น","Dental clinic","
1036, 1037 Pracha Chuen Rd, Wong Sawang, Bang Sue, Bangkok 10800, Thailand","RGPR+J4 Bangkok, Thailand","","","+66 95 705 8938","","","4.8","42","","","Open","","https://www.google.com/maps/place/%E0%B8%84%E0%B8%A5%E0%B8%B4%E0%B8%99%E0%B8%B4%E0%B8%81%E0%B8%97%E0%B8%B1%E0%B8%99%E0%B8%95%E0%B8%81%E0%B8%A3%E0%B8%A3%E0%B8%A1%E0%B8%AA%E0%B9%84%E0%B8%A1%E0%B8%A5%E0%B9%8C%E0%B9%82%E0%B8%8B%E0%B8%A5%E0%B8%B9%E0%B8%8A%E0%B8%B1%E0%B9%88%E0%B8%99/data=!4m7!3m6!1s0x30e29c8550f43159:0xb84e9ab9631831bb!8m2!3d13.8365492!4d100.5403192!16s%2Fg%2F11g8k4crd2!19sChIJWTH0UIWc4jARuzEYY7maTrg?authuser=0&hl=en&rclk=1"
"0x30e2a2bf2ba39447:0xad23b6da338313f8","ทันตกรรมบางมด","Dental clinic","
58/20 หมู่10 Rama II Rd, Bang Mot, Chom Thong, Bangkok 10150, Thailand","MFC4+MQ Bangkok, Thailand","","","+66 2 867 0883","","","3.5","15","","","Open","","https://www.google.com/maps/place/%E0%B8%97%E0%B8%B1%E0%B8%99%E0%B8%95%E0%B8%81%E0%B8%A3%E0%B8%A3%E0%B8%A1%E0%B8%9A%E0%B8%B2%E0%B8%87%E0%B8%A1%E0%B8%94/data=!4m7!3m6!1s0x30e2a2bf2ba39447:0xad23b6da338313f8!8m2!3d13.6717477!4d100.4569395!16s%2Fg%2F1hc7fgr8s!19sChIJR5SjK7-i4jAR-BODM9q2I60?authuser=0&hl=en&rclk=1"
"0x30e2a23ca9cb61f3:0x73803a41d9374833","คลินิกทันตกรรมพระประแดง","Dental clinic","
95/6 หมู่ 14 Suk Sawat Rd, Lat Luang, Phra Pradaeng District, Samut Prakan 10130, Thailand","MG69+95 Lat Luang, Phra Pradaeng District, Samut Prakan, Thailand","","","+66 64 280 8803","https://xn--12cah0a7cldkcw9dxaact5d9d7bk4a1abq8g.com/phra-pradaeng/","","4.7","16","","","Open","","https://www.google.com/maps/place/%E0%B8%84%E0%B8%A5%E0%B8%B4%E0%B8%99%E0%B8%B4%E0%B8%81%E0%B8%97%E0%B8%B1%E0%B8%99%E0%B8%95%E0%B8%81%E0%B8%A3%E0%B8%A3%E0%B8%A1%E0%B8%9E%E0%B8%A3%E0%B8%B0%E0%B8%9B%E0%B8%A3%E0%B8%B0%E0%B9%81%E0%B8%94%E0%B8%87/data=!4m7!3m6!1s0x30e2a23ca9cb61f3:0x73803a41d9374833!8m2!3d13.6608903!4d100.5178773!16s%2Fg%2F1hm5bxsly!19sChIJ82HLqTyi4jARM0g32UE6gHM?authuser=0&hl=en&rclk=1"
"0x311d6281c7b03c95:0x6760156a1dd0f53","Smile concept dental clinic","Dental clinic","
7/32 Sukhonthasawat Rd, Lat Phrao, Bangkok 10230, Thailand","RJGC+89 Bangkok, Thailand","","","+66 81 242 2254","","","5.0","121","","","Open","","https://www.google.com/maps/place/Smile+concept+dental+clinic/data=!4m7!3m6!1s0x311d6281c7b03c95:0x6760156a1dd0f53!8m2!3d13.8258143!4d100.6209236!16s%2Fg%2F11c3kq1h7g!19sChIJlTywx4FiHTERUw_doVYBdgY?authuser=0&hl=en&rclk=1"
"0x30e29ca4d6f5847b:0xdca9faa182ab2118","Smile Diary Dental Clinic","Medical clinic","
391 Ngamwongwan Rd, Bang Khen, อำเภอเมือง Nonthaburi 11000, Thailand","VG4R+Q7 Nonthaburi, Mueang Nonthaburi District, Nonthaburi, Thailand","","","+66 63 890 5999","","","4.9","273","","","Open","","https://www.google.com/maps/place/Smile+Diary+Dental+Clinic/data=!4m7!3m6!1s0x30e29ca4d6f5847b:0xdca9faa182ab2118!8m2!3d13.8569444!4d100.5407198!16s%2Fg%2F11c6cd35w6!19sChIJe4T11qSc4jARGCGrgqH6qdw?authuser=0&hl=en&rclk=1"
"0x30e29ddb51b04f71:0xca759f89d1826d1d","คลินิกทันตกรรมพาสุข สาขางามวงศ์วาน Pasook dental clinic Ngamwongwan","Dental clinic","
401 ปาก Soi Somboon Suk, บางเขน เมือง Nonthaburi 11000, Thailand","VG4R+QC Nonthaburi, Mueang Nonthaburi District, Nonthaburi, Thailand","","","+66 65 639 7748","https://www.facebook.com/Pasookdentalclinic","","5.0","191","","","Open","","https://www.google.com/maps/place/%E0%B8%84%E0%B8%A5%E0%B8%B4%E0%B8%99%E0%B8%B4%E0%B8%81%E0%B8%97%E0%B8%B1%E0%B8%99%E0%B8%95%E0%B8%81%E0%B8%A3%E0%B8%A3%E0%B8%A1%E0%B8%9E%E0%B8%B2%E0%B8%AA%E0%B8%B8%E0%B8%82+%E0%B8%AA%E0%B8%B2%E0%B8%82%E0%B8%B2%E0%B8%87%E0%B8%B2%E0%B8%A1%E0%B8%A7%E0%B8%87%E0%B8%A8%E0%B9%8C%E0%B8%A7%E0%B8%B2%E0%B8%99+Pasook+dental+clinic+Ngamwongwan/data=!4m7!3m6!1s0x30e29ddb51b04f71:0xca759f89d1826d1d!8m2!3d13.8569076!4d100.5411218!16s%2Fg%2F11mhwcwn2d!19sChIJcU-wUdud4jARHW2C0Ymfdco?authuser=0&hl=en&rclk=1"
"0x30e29d8103b1c7b7:0x54d38db63dbee05e","PLUS Dental Clinic | สาขางามวงศ์วาน | คลินิกทันตกรรมและจัดฟัน ขูดหินปูน อุดฟัน ถอนฟัน ฟันปลอม ฟันขาว วีเนียร์ รักษารากฟัน","Dental clinic","
356/1 Ngamwongwan Rd, Tambon Bang Khen, เมือง Nonthaburi 11000, Thailand","VG4R+J2 Nonthaburi, Mueang Nonthaburi District, Nonthaburi, Thailand","","","+66 82 312 4220","","","4.9","902","","","Open","","https://www.google.com/maps/place/PLUS+Dental+Clinic+%7C+%E0%B8%AA%E0%B8%B2%E0%B8%82%E0%B8%B2%E0%B8%87%E0%B8%B2%E0%B8%A1%E0%B8%A7%E0%B8%87%E0%B8%A8%E0%B9%8C%E0%B8%A7%E0%B8%B2%E0%B8%99+%7C+%E0%B8%84%E0%B8%A5%E0%B8%B4%E0%B8%99%E0%B8%B4%E0%B8%81%E0%B8%97%E0%B8%B1%E0%B8%99%E0%B8%95%E0%B8%81%E0%B8%A3%E0%B8%A3%E0%B8%A1%E0%B9%81%E0%B8%A5%E0%B8%B0%E0%B8%88%E0%B8%B1%E0%B8%94%E0%B8%9F%E0%B8%B1%E0%B8%99+%E0%B8%82%E0%B8%B9%E0%B8%94%E0%B8%AB%E0%B8%B4%E0%B8%99%E0%B8%9B%E0%B8%B9%E0%B8%99+%E0%B8%AD%E0%B8%B8%E0%B8%94%E0%B8%9F%E0%B8%B1%E0%B8%99+%E0%B8%96%E0%B8%AD%E0%B8%99%E0%B8%9F%E0%B8%B1%E0%B8%99+%E0%B8%9F%E0%B8%B1%E0%B8%99%E0%B8%9B%E0%B8%A5%E0%B8%AD%E0%B8%A1+%E0%B8%9F%E0%B8%B1%E0%B8%99%E0%B8%82%E0%B8%B2%E0%B8%A7+%E0%B8%A7%E0%B8%B5%E0%B9%80%E0%B8%99%E0%B8%B5%E0%B8%A2%E0%B8%A3%E0%B9%8C+%E0%B8%A3%E0%B8%B1%E0%B8%81%E0%B8%A9%E0%B8%B2%E0%B8%A3%E0%B8%B2%E0%B8%81%E0%B8%9F%E0%B8%B1%E0%B8%99/data=!4m7!3m6!1s0x30e29d8103b1c7b7:0x54d38db63dbee05e!8m2!3d13.85661!4d100.5400702!16s%2Fg%2F11lszl5jy4!19sChIJt8exA4Gd4jARXuC-PbaN01Q?authuser=0&hl=en&rclk=1"
"0x30e29af6a2852b6d:0x21521fc18ad825de","Dent & Med Clinic","Dental clinic","
84/214, 24 Wat Putthiprang Pramot Alley, Bang Si Muang, Mueang Nonthaburi District, Nonthaburi 11000, Thailand","RFM9+87 Bang Krang, Mueang Nonthaburi District, Nonthaburi, Thailand","","","+66 80 612 1711","http://www.facebook.com/dentmedclinic","","4.9","268","","","Open","","https://www.google.com/maps/place/Dent+%26+Med+Clinic/data=!4m7!3m6!1s0x30e29af6a2852b6d:0x21521fc18ad825de!8m2!3d13.8333051!4d100.4682212!16s%2Fg%2F1ptyg4g3f!19sChIJbSuFovaa4jAR3iXYisEfUiE?authuser=0&hl=en&rclk=1"
"0x30e297276917ee55:0x25d5031bb62a748b","คลินิกทันตกรรมชิคสไมล์ ตลิ่งชัน (ทำฟัน จัดฟัน รากเทียม วีเนียร์ ใกล้บ้าน ใกล้ฉัน) Chic Smile Dental Clinic by Dr.PinTz","Dental clinic","
359, ซอย บรมราชชนนี 97 ฉิมพลี, Taling Chan, Bangkok 10170, Thailand","QCJ7+8F Bangkok, Thailand","","","+66 89 696 6446","https://www.chicsmiledentalclinic.com/","","4.9","57","","","Open","","https://www.google.com/maps/place/%E0%B8%84%E0%B8%A5%E0%B8%B4%E0%B8%99%E0%B8%B4%E0%B8%81%E0%B8%97%E0%B8%B1%E0%B8%99%E0%B8%95%E0%B8%81%E0%B8%A3%E0%B8%A3%E0%B8%A1%E0%B8%8A%E0%B8%B4%E0%B8%84%E0%B8%AA%E0%B9%84%E0%B8%A1%E0%B8%A5%E0%B9%8C+%E0%B8%95%E0%B8%A5%E0%B8%B4%E0%B9%88%E0%B8%87%E0%B8%8A%E0%B8%B1%E0%B8%99+%28%E0%B8%97%E0%B8%B3%E0%B8%9F%E0%B8%B1%E0%B8%99+%E0%B8%88%E0%B8%B1%E0%B8%94%E0%B8%9F%E0%B8%B1%E0%B8%99+%E0%B8%A3%E0%B8%B2%E0%B8%81%E0%B9%80%E0%B8%97%E0%B8%B5%E0%B8%A2%E0%B8%A1+%E0%B8%A7%E0%B8%B5%E0%B9%80%E0%B8%99%E0%B8%B5%E0%B8%A2%E0%B8%A3%E0%B9%8C+%E0%B9%83%E0%B8%81%E0%B8%A5%E0%B9%89%E0%B8%9A%E0%B9%89%E0%B8%B2%E0%B8%99+%E0%B9%83%E0%B8%81%E0%B8%A5%E0%B9%89%E0%B8%89%E0%B8%B1%E0%B8%99%29+Chic+Smile+Dental+Clinic+by+Dr.PinTz/data=!4m7!3m6!1s0x30e297276917ee55:0x25d5031bb62a748b!8m2!3d13.7807934!4d100.4136889!16s%2Fg%2F11w8lc7pzt!19sChIJVe4XaSeX4jARi3QqthsD1SU?authuser=0&hl=en&rclk=1"
"0x30e2a004becc1f31:0x557293f07b790889","คลินิกทันตกรรมยิ้มฟันดี Great Smile Dental Clinic","Dental clinic","
8 Sukhumvit 103 Rd, Bang Na Nuea, Bang Na, Bangkok 10260, Thailand","MJH5+FQ Bangkok, Thailand","","","+66 97 109 7000","https://www.facebook.com/greatsmileudomsuk/","","4.4","23","","","Open","","https://www.google.com/maps/place/%E0%B8%84%E0%B8%A5%E0%B8%B4%E0%B8%99%E0%B8%B4%E0%B8%81%E0%B8%97%E0%B8%B1%E0%B8%99%E0%B8%95%E0%B8%81%E0%B8%A3%E0%B8%A3%E0%B8%A1%E0%B8%A2%E0%B8%B4%E0%B9%89%E0%B8%A1%E0%B8%9F%E0%B8%B1%E0%B8%99%E0%B8%94%E0%B8%B5+Great+Smile+Dental+Clinic/data=!4m7!3m6!1s0x30e2a004becc1f31:0x557293f07b790889!8m2!3d13.6786493!4d100.6094713!16s%2Fg%2F11bxgbjd1b!19sChIJMR_MvgSg4jARiQh5e_CTclU?authuser=0&hl=en&rclk=1"
"0x311d5fc855021aef:0x6457a8995b0b4916","Mega Smile Dental Center","Dental clinic","
13 Bang Na-Trat 25 Alley, Bang Na Nuea, Bang Na, Bangkok 10260, Thailand","MJ9P+MH Bangkok, Thailand","","","+66 99 391 1554","","","5.0","31","","","Open","","https://www.google.com/maps/place/Mega+Smile+Dental+Center/data=!4m7!3m6!1s0x311d5fc855021aef:0x6457a8995b0b4916!8m2!3d13.6692115!4d100.6364798!16s%2Fg%2F11vwml5znm!19sChIJ7xoCVchfHTERFkkLW5moV2Q?authuser=0&hl=en&rclk=1"
"0x30e29d26946f9901:0xfbcc4452ba693f7c","คลินิกทันตกรรม Smile Seasons The Mall บางกะปิ","Dental clinic","
ชั้น 1, 3522 ห้อง 172 Bangkapi - The Mall Bangkapi, Khlong Chan, Bang Kapi, Bangkok 10240, Thailand","QJ8V+C3 Bangkok, Thailand","","","+66 2 114 3274","https://www.smileseasons.com/","","5.0","160","","","Open","","https://www.google.com/maps/place/%E0%B8%84%E0%B8%A5%E0%B8%B4%E0%B8%99%E0%B8%B4%E0%B8%81%E0%B8%97%E0%B8%B1%E0%B8%99%E0%B8%95%E0%B8%81%E0%B8%A3%E0%B8%A3%E0%B8%A1+Smile+Seasons+The+Mall+%E0%B8%9A%E0%B8%B2%E0%B8%87%E0%B8%81%E0%B8%B0%E0%B8%9B%E0%B8%B4/data=!4m7!3m6!1s0x30e29d26946f9901:0xfbcc4452ba693f7c!8m2!3d13.7660675!4d100.6426586!16s%2Fg%2F11yqrdw4q8!19sChIJAZlvlCad4jARfD9pulJEzPs?authuser=0&hl=en&rclk=1"
"0x311d61ea8480d3df:0xefd32e449f570e95","Apple Dental สาขาพัฒนาการ","Doctor","
1380, 1382 Phatthanakan Rd, Suan Luang, Bangkok 10250, Thailand","PJPF+MJ Bangkok, Thailand","","","+66 2 041 2244","","","4.9","207","","","Open","","https://www.google.com/maps/place/Apple+Dental+%E0%B8%AA%E0%B8%B2%E0%B8%82%E0%B8%B2%E0%B8%9E%E0%B8%B1%E0%B8%92%E0%B8%99%E0%B8%B2%E0%B8%81%E0%B8%B2%E0%B8%A3/data=!4m7!3m6!1s0x311d61ea8480d3df:0xefd32e449f570e95!8m2!3d13.7367477!4d100.624074!16s%2Fg%2F11grptp6fb!19sChIJ39OAhOphHTERlQ5Xn0Qu0-8?authuser=0&hl=en&rclk=1"
"0x30e29d73a6799ebd:0x33d9870817ecb2b8","Dr. Ahu Dental Clinic","Dental clinic","
ซ.อมรพันธ์ 9 ซอย 2 Thanon Sena Nikhom 1, Lat Phrao, Bangkok 10230, Thailand","RJJ2+83 Bangkok, Thailand","","","+66 2 942 2062","https://www.wongnai.com/businesses/170841tp-%E0%B8%84%E0%B8%A5%E0%B8%B4%E0%B8%99%E0%B8%B4%E0%B8%81%E0%B8%97%E0%B8%B1%E0%B8%99%E0%B8%95%E0%B8%81%E0%B8%A3%E0%B8%A3%E0%B8%A1%E0%B8%AB%E0%B8%A1%E0%B8%AD%E0%B8%AD%E0%B8%B8%E0%B9%8A","","5.0","10","","","Open","","https://www.google.com/maps/place/Dr.+Ahu+Dental+Clinic/data=!4m7!3m6!1s0x30e29d73a6799ebd:0x33d9870817ecb2b8!8m2!3d13.8308303!4d100.6001997!16s%2Fg%2F1hm52_g_h!19sChIJvZ55pnOd4jARuLLsFwiH2TM?authuser=0&hl=en&rclk=1"
"0x30e2970318d1ff0f:0x767aff252336a3e4","Smile On Dental Clinic คลินิกทันตกรรมสไมล์ออน ทำฟัน จัดฟัน บางแค วงแหวน กาญจนาภิเษก หลักสอง กัลปพฤกษ์","Dental clinic","
220 Kanchanaphisek Rd, Khwaeng Bang Khae, Bang Khae, Bangkok 10160, Thailand","PC34+7R Bangkok, Thailand","","","+66 61 593 5622","https://www.facebook.com/smileondc.th","","5.0","924","","","Open","","https://www.google.com/maps/place/Smile+On+Dental+Clinic+%E0%B8%84%E0%B8%A5%E0%B8%B4%E0%B8%99%E0%B8%B4%E0%B8%81%E0%B8%97%E0%B8%B1%E0%B8%99%E0%B8%95%E0%B8%81%E0%B8%A3%E0%B8%A3%E0%B8%A1%E0%B8%AA%E0%B9%84%E0%B8%A1%E0%B8%A5%E0%B9%8C%E0%B8%AD%E0%B8%AD%E0%B8%99+%E0%B8%97%E0%B8%B3%E0%B8%9F%E0%B8%B1%E0%B8%99+%E0%B8%88%E0%B8%B1%E0%B8%94%E0%B8%9F%E0%B8%B1%E0%B8%99+%E0%B8%9A%E0%B8%B2%E0%B8%87%E0%B9%81%E0%B8%84+%E0%B8%A7%E0%B8%87%E0%B9%81%E0%B8%AB%E0%B8%A7%E0%B8%99+%E0%B8%81%E0%B8%B2%E0%B8%8D%E0%B8%88%E0%B8%99%E0%B8%B2%E0%B8%A0%E0%B8%B4%E0%B9%80%E0%B8%A9%E0%B8%81+%E0%B8%AB%E0%B8%A5%E0%B8%B1%E0%B8%81%E0%B8%AA%E0%B8%AD%E0%B8%87+%E0%B8%81%E0%B8%B1%E0%B8%A5%E0%B8%9B%E0%B8%9E%E0%B8%A4%E0%B8%81%E0%B8%A9%E0%B9%8C/data=!4m7!3m6!1s0x30e2970318d1ff0f:0x767aff252336a3e4!8m2!3d13.7031985!4d100.4070946!16s%2Fg%2F11s1ttqv8v!19sChIJD__RGAOX4jAR5KM2IyX_enY?authuser=0&hl=en&rclk=1"
"0x311d612894efb829:0x2799b97b2e9429c","PET PERFECT CLINIC - เพ็ทเพอร์เฟคคลินิก","Veterinarian","
782, 10 พัฒนาการ38 Suan Luang, Bangkok 10250, Thailand","PJCH+GR Bangkok, Thailand","","","+66 91 737 4258","https://lin.ee/IlfZgpf","","5.0","75","","","Open","","https://www.google.com/maps/place/PET+PERFECT+CLINIC+-+%E0%B9%80%E0%B8%9E%E0%B9%87%E0%B8%97%E0%B9%80%E0%B8%9E%E0%B8%AD%E0%B8%A3%E0%B9%8C%E0%B9%80%E0%B8%9F%E0%B8%84%E0%B8%84%E0%B8%A5%E0%B8%B4%E0%B8%99%E0%B8%B4%E0%B8%81/data=!4m7!3m6!1s0x311d612894efb829:0x2799b97b2e9429c!8m2!3d13.7212667!4d100.6295591!16s%2Fg%2F11mhxg6rj_!19sChIJKbjvlChhHTERnELpspebeQI?authuser=0&hl=en&rclk=1"
"0x311d63e5b6636ccf:0x7365338158d6ffb","Healthy Teeth Dental Clinic Serithai","Dental clinic","
BNN Park Serithai, Seri Thai Rd, Khwaeng Khlong Kum, Khet Bueng Kum, Bangkok 10240, Thailand","QMJC+33 Bangkok, Thailand","","","+66 98 649 3978","http://lin.ee/gu5bek9","","5.0","11","","","Open","","https://www.google.com/maps/place/Healthy+Teeth+Dental+Clinic+Serithai/data=!4m7!3m6!1s0x311d63e5b6636ccf:0x7365338158d6ffb!8m2!3d13.7802223!4d100.6701554!16s%2Fg%2F11zhnwfmnf!19sChIJz2xjtuVjHTER-2-NFThTNgc?authuser=0&hl=en&rclk=1"
"0x311d619cd3a50ae1:0x2825ee7f5d6db04","Forest Dental Clinic คลินิกทำฟัน สัมมากร รามคำแหง 110 ( สุขาภิบาล3 )","Dental clinic","
145 Ramkhamhaeng 112 Alley, Khwaeng Saphan Sung, Saphan Sung, Bangkok 10240, Thailand","QM9G+9W Bangkok, Thailand","","","+66 62 206 2612","https://forestdentalclinic.com/","","5.0","74","","","Open","","https://www.google.com/maps/place/Forest+Dental+Clinic+%E0%B8%84%E0%B8%A5%E0%B8%B4%E0%B8%99%E0%B8%B4%E0%B8%81%E0%B8%97%E0%B8%B3%E0%B8%9F%E0%B8%B1%E0%B8%99+%E0%B8%AA%E0%B8%B1%E0%B8%A1%E0%B8%A1%E0%B8%B2%E0%B8%81%E0%B8%A3+%E0%B8%A3%E0%B8%B2%E0%B8%A1%E0%B8%84%E0%B8%B3%E0%B9%81%E0%B8%AB%E0%B8%87+110+%28+%E0%B8%AA%E0%B8%B8%E0%B8%82%E0%B8%B2%E0%B8%A0%E0%B8%B4%E0%B8%9A%E0%B8%B2%E0%B8%A53+%29/data=!4m7!3m6!1s0x311d619cd3a50ae1:0x2825ee7f5d6db04!8m2!3d13.7684355!4d100.6772595!16s%2Fg%2F11vpxvjkc0!19sChIJ4Qql05xhHTERBNvW9edeggI?authuser=0&hl=en&rclk=1"
"0x311d61925fe99ccf:0x12a96cc0e276a1ff","Teeth Talk สำนักงานใหญ่","Dental clinic","
2991 64-65 Soi Lat Phrao 101/3, Khlong Chan, Bang Kapi, Bangkok 10240, Thailand","QJFM+M3 Bangkok, Thailand","","","+66 99 113 8103","https://www.teethtalk-clinic.com/","","2.6","7","","","Open","","https://www.google.com/maps/place/Teeth+Talk+%E0%B8%AA%E0%B8%B3%E0%B8%99%E0%B8%B1%E0%B8%81%E0%B8%87%E0%B8%B2%E0%B8%99%E0%B9%83%E0%B8%AB%E0%B8%8D%E0%B9%88/data=!4m7!3m6!1s0x311d61925fe99ccf:0x12a96cc0e276a1ff!8m2!3d13.7742374!4d100.6326984!16s%2Fg%2F11wc2b79zf!19sChIJz5zpX5JhHTER_6F24sBsqRI?authuser=0&hl=en&rclk=1"
"0x311d61992ed624b5:0x21f442678c353d5","Primary Dental Clinic | พาราไดซ์ พาร์ค | คลินิกทันตกรรม รากฟันเทียม ฟันปลอม ขูดหินปูน จัดฟันใส และวีเนียร์","Dental implants provider","
ศูนย์การค้าพาราไดซ์ พาร์ค ห้องเลขที่ S054 ชั้น 3 61 Srinagarindra Rd, Khwaeng Nong Bon, Khet Prawet, Bangkok 10250, Thailand","MJQX+54 Bangkok, Thailand","","","+66 66 097 8824","http://www.primarydentalcenter.com/","","5.0","202","","","Open","","https://www.google.com/maps/place/Primary+Dental+Clinic+%7C+%E0%B8%9E%E0%B8%B2%E0%B8%A3%E0%B8%B2%E0%B9%84%E0%B8%94%E0%B8%8B%E0%B9%8C+%E0%B8%9E%E0%B8%B2%E0%B8%A3%E0%B9%8C%E0%B8%84+%7C+%E0%B8%84%E0%B8%A5%E0%B8%B4%E0%B8%99%E0%B8%B4%E0%B8%81%E0%B8%97%E0%B8%B1%E0%B8%99%E0%B8%95%E0%B8%81%E0%B8%A3%E0%B8%A3%E0%B8%A1+%E0%B8%A3%E0%B8%B2%E0%B8%81%E0%B8%9F%E0%B8%B1%E0%B8%99%E0%B9%80%E0%B8%97%E0%B8%B5%E0%B8%A2%E0%B8%A1+%E0%B8%9F%E0%B8%B1%E0%B8%99%E0%B8%9B%E0%B8%A5%E0%B8%AD%E0%B8%A1+%E0%B8%82%E0%B8%B9%E0%B8%94%E0%B8%AB%E0%B8%B4%E0%B8%99%E0%B8%9B%E0%B8%B9%E0%B8%99+%E0%B8%88%E0%B8%B1%E0%B8%94%E0%B8%9F%E0%B8%B1%E0%B8%99%E0%B9%83%E0%B8%AA+%E0%B9%81%E0%B8%A5%E0%B8%B0%E0%B8%A7%E0%B8%B5%E0%B9%80%E0%B8%99%E0%B8%B5%E0%B8%A2%E0%B8%A3%E0%B9%8C/data=!4m7!3m6!1s0x311d61992ed624b5:0x21f442678c353d5!8m2!3d13.6879617!4d100.6478504!16s%2Fg%2F11wbygx40v!19sChIJtSTWLplhHTER1VPDeCZEHwI?authuser=0&hl=en&rclk=1"
"0x311d618fbd715bad:0xb23d11cc02b95b3a","Teeth Talk Dental Clinic สาขาซีคอนสแควร์ ศรีนครินทร์ จัดฟัน ดัดฟัน ทำฟัน","Dental clinic","
ชั้น 3 ห้อง 3085A ศูนย์การค้าซีคอนสแควร์ คลินิกทันตกรรม เลขที่ 55 Srinagarindra Rd, Bangkok 10250, Thailand","MJVX+54 Bangkok, Thailand","","","+66 63 887 8566","https://www.teethtalk-clinic.com/","","4.9","533","","","Open","","https://www.google.com/maps/place/Teeth+Talk+Dental+Clinic+%E0%B8%AA%E0%B8%B2%E0%B8%82%E0%B8%B2%E0%B8%8B%E0%B8%B5%E0%B8%84%E0%B8%AD%E0%B8%99%E0%B8%AA%E0%B9%81%E0%B8%84%E0%B8%A7%E0%B8%A3%E0%B9%8C+%E0%B8%A8%E0%B8%A3%E0%B8%B5%E0%B8%99%E0%B8%84%E0%B8%A3%E0%B8%B4%E0%B8%99%E0%B8%97%E0%B8%A3%E0%B9%8C+%E0%B8%88%E0%B8%B1%E0%B8%94%E0%B8%9F%E0%B8%B1%E0%B8%99+%E0%B8%94%E0%B8%B1%E0%B8%94%E0%B8%9F%E0%B8%B1%E0%B8%99+%E0%B8%97%E0%B8%B3%E0%B8%9F%E0%B8%B1%E0%B8%99/data=!4m7!3m6!1s0x311d618fbd715bad:0xb23d11cc02b95b3a!8m2!3d13.6929899!4d100.6478196!16s%2Fg%2F11vylxql8m!19sChIJrVtxvY9hHTEROlu5AswRPbI?authuser=0&hl=en&rclk=1"
"0x311d603ca87c0453:0xf05f8e7b06a066d0","Public Health Service Center 22, Wat Pak Bo ศูนย์บริการสาธารณสุข 22 วัดปากบ่อ","Local medical services","
235 On Nut 35 Alley, Suan Luang, Bangkok 10250, Thailand","PJ7J+5J Bangkok, Thailand","","","+66 2 349 1816","https://webportal.bangkok.go.th/healthcenter22","","4.2","43","","","Open","","https://www.google.com/maps/place/Public+Health+Service+Center+22,+Wat+Pak+Bo+%E0%B8%A8%E0%B8%B9%E0%B8%99%E0%B8%A2%E0%B9%8C%E0%B8%9A%E0%B8%A3%E0%B8%B4%E0%B8%81%E0%B8%B2%E0%B8%A3%E0%B8%AA%E0%B8%B2%E0%B8%98%E0%B8%B2%E0%B8%A3%E0%B8%93%E0%B8%AA%E0%B8%B8%E0%B8%82+22+%E0%B8%A7%E0%B8%B1%E0%B8%94%E0%B8%9B%E0%B8%B2%E0%B8%81%E0%B8%9A%E0%B9%88%E0%B8%AD/data=!4m7!3m6!1s0x311d603ca87c0453:0xf05f8e7b06a066d0!8m2!3d13.7129239!4d100.631617!16s%2Fg%2F1thq2rrq!19sChIJUwR8qDxgHTER0GagBnuOX_A?authuser=0&hl=en&rclk=1"
"0x311d6100146a7ec3:0xc5103dde0eafc2d","ด็อกเตอร์จูคลินิกทันตกรรม (คลินิคบ้านหมอจู)","Dental clinic","
772 84 Phatanakarn 38, Suan Luang, Bangkok 10250, Thailand","PJFJ+4W Bangkok, Thailand","","","+66 94 241 5965","","","5.0","601","","","Open","","https://www.google.com/maps/place/%E0%B8%94%E0%B9%87%E0%B8%AD%E0%B8%81%E0%B9%80%E0%B8%95%E0%B8%AD%E0%B8%A3%E0%B9%8C%E0%B8%88%E0%B8%B9%E0%B8%84%E0%B8%A5%E0%B8%B4%E0%B8%99%E0%B8%B4%E0%B8%81%E0%B8%97%E0%B8%B1%E0%B8%99%E0%B8%95%E0%B8%81%E0%B8%A3%E0%B8%A3%E0%B8%A1+%28%E0%B8%84%E0%B8%A5%E0%B8%B4%E0%B8%99%E0%B8%B4%E0%B8%84%E0%B8%9A%E0%B9%89%E0%B8%B2%E0%B8%99%E0%B8%AB%E0%B8%A1%E0%B8%AD%E0%B8%88%E0%B8%B9%29/data=!4m7!3m6!1s0x311d6100146a7ec3:0xc5103dde0eafc2d!8m2!3d13.7228372!4d100.6323526!16s%2Fg%2F11vz544w5d!19sChIJw35qFABhHTERLfzq4N0DUQw?authuser=0&hl=en&rclk=1"
"0x311d6193f344b14d:0x7d725964a5bdbfc0","IU DENTAL สาขา ห้างน้อมจิตต์","Dental clinic","
ชั้น B3 ภายในศูนย์การค้าน้อมจิตต์ Nmark บางกะปิ คลองจั่น บึงกุ่ม Bangkok 10240, Thailand","QJ9V+54 Bangkok, Thailand","","","+66 93 624 5228","https://www.iudentalclinic.com/","","4.9","144","","","Open","","https://www.google.com/maps/place/IU+DENTAL+%E0%B8%AA%E0%B8%B2%E0%B8%82%E0%B8%B2+%E0%B8%AB%E0%B9%89%E0%B8%B2%E0%B8%87%E0%B8%99%E0%B9%89%E0%B8%AD%E0%B8%A1%E0%B8%88%E0%B8%B4%E0%B8%95%E0%B8%95%E0%B9%8C/data=!4m7!3m6!1s0x311d6193f344b14d:0x7d725964a5bdbfc0!8m2!3d13.7679089!4d100.6427508!16s%2Fg%2F11vyvv8q35!19sChIJTbFE85NhHTERwL-9pWRZcn0?authuser=0&hl=en&rclk=1"
"0x311d61ec5dd9036b:0x68f1e7d22a744c22","Public Health Center 35 Hua Mak","Local medical services","
ซอย รามคำแหง 40 Ramkhamhaeng Rd, Hua Mak, Bang Kapi, Bangkok 10240, Thailand","QJ6Q+5G Bangkok, Thailand","","","+66 2 374 3550","http://www.bangkok.go.th/healthcenter35","","3.5","98","","","Open","","https://www.google.com/maps/place/Public+Health+Center+35+Hua+Mak/data=!4m7!3m6!1s0x311d61ec5dd9036b:0x68f1e7d22a744c22!8m2!3d13.7604522!4d100.6388663!16s%2Fg%2F1td7wjs0!19sChIJawPZXexhHTERIkx0KtLn8Wg?authuser=0&hl=en&rclk=1"
"0x311d63205b3ceb79:0xf3602eea4f7584ca","เจสไมล์ โยธินพัฒนา คลีนิกทันตกรรม - Jsmile dental clinic","Dental clinic","
178/2 Soi Yothin Phattana 3, Khlong Chan, Bang Kapi, Bangkok 10240, Thailand","RJ8J+C2 Bangkok, Thailand","","","+66 96 159 9569","","","5.0","22","","","Open","","https://www.google.com/maps/place/%E0%B9%80%E0%B8%88%E0%B8%AA%E0%B9%84%E0%B8%A1%E0%B8%A5%E0%B9%8C+%E0%B9%82%E0%B8%A2%E0%B8%98%E0%B8%B4%E0%B8%99%E0%B8%9E%E0%B8%B1%E0%B8%92%E0%B8%99%E0%B8%B2+%E0%B8%84%E0%B8%A5%E0%B8%B5%E0%B8%99%E0%B8%B4%E0%B8%81%E0%B8%97%E0%B8%B1%E0%B8%99%E0%B8%95%E0%B8%81%E0%B8%A3%E0%B8%A3%E0%B8%A1+-+Jsmile+dental+clinic/data=!4m7!3m6!1s0x311d63205b3ceb79:0xf3602eea4f7584ca!8m2!3d13.8160523!4d100.6300256!16s%2Fg%2F11ytg22ddw!19sChIJees8WyBjHTERyoR1T-ouYPM?authuser=0&hl=en&rclk=1"
"0x30e29ba3bbbac9fb:0x7f868175a9a127ac","ดิออเร้นจ์ คลินิกทันตกรรม สาขาหอนาฬิกา-ท่าน้ำนนท์","Dental clinic","
สวนใหญ่ 908 เมือง Nonthaburi 11140","RFRR+XH Nonthaburi, Mueang Nonthaburi District, Nonthaburi","","","094 951 9919","http://www.theorange-dentalclinic.in.th/","","5.0","277","","","Open","","https://www.google.com/maps/place/%E0%B8%94%E0%B8%B4%E0%B8%AD%E0%B8%AD%E0%B9%80%E0%B8%A3%E0%B9%89%E0%B8%99%E0%B8%88%E0%B9%8C+%E0%B8%84%E0%B8%A5%E0%B8%B4%E0%B8%99%E0%B8%B4%E0%B8%81%E0%B8%97%E0%B8%B1%E0%B8%99%E0%B8%95%E0%B8%81%E0%B8%A3%E0%B8%A3%E0%B8%A1+%E0%B8%AA%E0%B8%B2%E0%B8%82%E0%B8%B2%E0%B8%AB%E0%B8%AD%E0%B8%99%E0%B8%B2%E0%B8%AC%E0%B8%B4%E0%B8%81%E0%B8%B2-%E0%B8%97%E0%B9%88%E0%B8%B2%E0%B8%99%E0%B9%89%E0%B8%B3%E0%B8%99%E0%B8%99%E0%B8%97%E0%B9%8C/data=!4m7!3m6!1s0x30e29ba3bbbac9fb:0x7f868175a9a127ac!8m2!3d13.8424796!4d100.4914621!16s%2Fg%2F11r4c8vk2q!19sChIJ-8m6u6Ob4jARrCehqXWBhn8?authuser=0&hl=en&rclk=1"
"0x30e29bb3e5ab0859:0x4c124803a9958f69","คลินิกทันตกรรมอัลปาก้า(นนทบุรี) จัดฟัน ทำฟัน เด็ก-ผู้ใหญ่ Alpaca Dental Clinic (Nonthaburi)","Dental clinic","
209 211 Tiwanon Rd, Bang Krasaw, Mueang Nonthaburi District, Nonthaburi 11000, Thailand","VG7C+25 Nonthaburi, Mueang Nonthaburi District, Nonthaburi, Thailand","","","+66 92 493 9744","https://www.facebook.com/alpacanontaburi/","","5.0","727","","","Open","","https://www.google.com/maps/place/%E0%B8%84%E0%B8%A5%E0%B8%B4%E0%B8%99%E0%B8%B4%E0%B8%81%E0%B8%97%E0%B8%B1%E0%B8%99%E0%B8%95%E0%B8%81%E0%B8%A3%E0%B8%A3%E0%B8%A1%E0%B8%AD%E0%B8%B1%E0%B8%A5%E0%B8%9B%E0%B8%B2%E0%B8%81%E0%B9%89%E0%B8%B2%28%E0%B8%99%E0%B8%99%E0%B8%97%E0%B8%9A%E0%B8%B8%E0%B8%A3%E0%B8%B5%29+%E0%B8%88%E0%B8%B1%E0%B8%94%E0%B8%9F%E0%B8%B1%E0%B8%99+%E0%B8%97%E0%B8%B3%E0%B8%9F%E0%B8%B1%E0%B8%99+%E0%B9%80%E0%B8%94%E0%B9%87%E0%B8%81-%E0%B8%9C%E0%B8%B9%E0%B9%89%E0%B9%83%E0%B8%AB%E0%B8%8D%E0%B9%88+Alpaca+Dental+Clinic+%28Nonthaburi%29/data=!4m7!3m6!1s0x30e29bb3e5ab0859:0x4c124803a9958f69!8m2!3d13.8625526!4d100.5204912!16s%2Fg%2F11svg1r9qt!19sChIJWQir5bOb4jARaY-VqQNIEkw?authuser=0&hl=en&rclk=1"
"0x30e2a3f2bb441221:0xa2884bae65d46017","คลินิกทันตกรรม เดนต้าวิลล์","Dental clinic","
8/85 Pracha Uthit Rd, ทุ่งครุ, Thung Khru, Bangkok 10140, Thailand","JG55+M6 Bangkok, Thailand","","","+66 92 989 5620","","","4.1","9","","","Open","","https://www.google.com/maps/place/%E0%B8%84%E0%B8%A5%E0%B8%B4%E0%B8%99%E0%B8%B4%E0%B8%81%E0%B8%97%E0%B8%B1%E0%B8%99%E0%B8%95%E0%B8%81%E0%B8%A3%E0%B8%A3%E0%B8%A1+%E0%B9%80%E0%B8%94%E0%B8%99%E0%B8%95%E0%B9%89%E0%B8%B2%E0%B8%A7%E0%B8%B4%E0%B8%A5%E0%B8%A5%E0%B9%8C/data=!4m7!3m6!1s0x30e2a3f2bb441221:0xa2884bae65d46017!8m2!3d13.6091444!4d100.508107!16s%2Fg%2F11dzss40st!19sChIJIRJEu_Kj4jARF2DUZa5LiKI?authuser=0&hl=en&rclk=1"
"0x311d5fbcbe5bdc67:0xe123545777aa2361","Tooth & Mood Dental Clinic","Dental clinic","
224-5 Bearing 35 Aly, Samrong Nuea, Mueang Samut Prakan District, Samut Prakan 10270, Thailand","JJXJ+27 Samrong Nuea, Mueang Samut Prakan District, Samut Prakan, Thailand","","","+66 64 992 9915","","","4.9","256","","","Open","","https://www.google.com/maps/place/Tooth+%26+Mood+Dental+Clinic/data=!4m7!3m6!1s0x311d5fbcbe5bdc67:0xe123545777aa2361!8m2!3d13.6475168!4d100.6306491!16s%2Fg%2F11s7zd7p5j!19sChIJZ9xbvrxfHTERYSOqd1dUI-E?authuser=0&hl=en&rclk=1"
"0x30e29b5c212e831d:0x22c61935d3d2d86c","Boromarajonani College of Nursing Bamrat Naradun","Dental clinic","
88 26 Soi Tiwanon 14, Tambon Talat Kwan, Mueang Nonthaburi District, Nonthaburi 11000, Thailand","VG3F+CR Nonthaburi, Mueang Nonthaburi District, Nonthaburi, Thailand","","","+66 2 547 0333","http://www.dentistry.go.th/","","4.5","8","","","Open","","https://www.google.com/maps/place/Boromarajonani+College+of+Nursing+Bamrat+Naradun/data=!4m7!3m6!1s0x30e29b5c212e831d:0x22c61935d3d2d86c!8m2!3d13.853614!4d100.52459!16s%2Fg%2F1tm101mz!19sChIJHYMuIVyb4jARbNjS0zUZxiI?authuser=0&hl=en&rclk=1"
"0x30e285006e0f7053:0x568fcc1d92bc4254","AOMFUN DENTAL CLINIC - คลินิกทันตกรรมออมฟัน","Dental clinic","
170/7 Samakkhi Rd, Tambon Tha Sai, Mueang Nonthaburi District, Nonthaburi 11000, Thailand","VGMG+G8 Nonthaburi, Mueang Nonthaburi District, Nonthaburi, Thailand","","","+66 85 541 4966","","","5.0","114","","","Open","","https://www.google.com/maps/place/AOMFUN+DENTAL+CLINIC+-+%E0%B8%84%E0%B8%A5%E0%B8%B4%E0%B8%99%E0%B8%B4%E0%B8%81%E0%B8%97%E0%B8%B1%E0%B8%99%E0%B8%95%E0%B8%81%E0%B8%A3%E0%B8%A3%E0%B8%A1%E0%B8%AD%E0%B8%AD%E0%B8%A1%E0%B8%9F%E0%B8%B1%E0%B8%99/data=!4m7!3m6!1s0x30e285006e0f7053:0x568fcc1d92bc4254!8m2!3d13.8837688!4d100.5258638!16s%2Fg%2F11wq93fyv2!19sChIJU3APbgCF4jARVEK8kh3Mj1Y?authuser=0&hl=en&rclk=1"
"0x30e29b21fd604257:0xbcf90c35ebde81e5","อินฟินิทสไมล์ คลินิกทันตกรรม infinite smile dental clinic","Dental clinic","
01-05,15-16 ชั้น 1 หมู่ 3, ห้อง เอบี, 88, 91 ซอยวัด, Sai Ma, เมือง, Nonthaburi 11000, Thailand","VFC6+4P Bang Rak Noi, Mueang Nonthaburi District, Nonthaburi, Thailand","","","+66 64 964 2666","https://www.infinitesmiledentalclinic.com/","","4.9","132","","","Open","","https://www.google.com/maps/place/%E0%B8%AD%E0%B8%B4%E0%B8%99%E0%B8%9F%E0%B8%B4%E0%B8%99%E0%B8%B4%E0%B8%97%E0%B8%AA%E0%B9%84%E0%B8%A1%E0%B8%A5%E0%B9%8C+%E0%B8%84%E0%B8%A5%E0%B8%B4%E0%B8%99%E0%B8%B4%E0%B8%81%E0%B8%97%E0%B8%B1%E0%B8%99%E0%B8%95%E0%B8%81%E0%B8%A3%E0%B8%A3%E0%B8%A1+infinite+smile+dental+clinic/data=!4m7!3m6!1s0x30e29b21fd604257:0xbcf90c35ebde81e5!8m2!3d13.8703225!4d100.4618194!16s%2Fg%2F11rfpdntc6!19sChIJV0Jg_SGb4jAR5YHe6zUM-bw?authuser=0&hl=en&rclk=1"
"0x311d59445e605cd9:0x3359502196963058","คลินิกทันตกรรมวอลนัท - Walnut Dental Clinic | สาขาแพรกษา (ซอยมังกร) สมุทรปราการ ทำฟัน จัดฟัน รากเทียม วีเนียร์","Dental clinic","
585, 6 ซอยมังกร, Phraeksa, Mueang Samut Prakan District, Samut Prakan 10280, Thailand","HMJ4+45 Phraeksa, Mueang Samut Prakan District, Samut Prakan, Thailand","","","+66 92 942 9747","https://linktr.ee/walnutdentalclinic","","4.9","380","","","Open","","https://www.google.com/maps/place/%E0%B8%84%E0%B8%A5%E0%B8%B4%E0%B8%99%E0%B8%B4%E0%B8%81%E0%B8%97%E0%B8%B1%E0%B8%99%E0%B8%95%E0%B8%81%E0%B8%A3%E0%B8%A3%E0%B8%A1%E0%B8%A7%E0%B8%AD%E0%B8%A5%E0%B8%99%E0%B8%B1%E0%B8%97+-+Walnut+Dental+Clinic+%7C+%E0%B8%AA%E0%B8%B2%E0%B8%82%E0%B8%B2%E0%B9%81%E0%B8%9E%E0%B8%A3%E0%B8%81%E0%B8%A9%E0%B8%B2+%28%E0%B8%8B%E0%B8%AD%E0%B8%A2%E0%B8%A1%E0%B8%B1%E0%B8%87%E0%B8%81%E0%B8%A3%29+%E0%B8%AA%E0%B8%A1%E0%B8%B8%E0%B8%97%E0%B8%A3%E0%B8%9B%E0%B8%A3%E0%B8%B2%E0%B8%81%E0%B8%B2%E0%B8%A3+%E0%B8%97%E0%B8%B3%E0%B8%9F%E0%B8%B1%E0%B8%99+%E0%B8%88%E0%B8%B1%E0%B8%94%E0%B8%9F%E0%B8%B1%E0%B8%99+%E0%B8%A3%E0%B8%B2%E0%B8%81%E0%B9%80%E0%B8%97%E0%B8%B5%E0%B8%A2%E0%B8%A1+%E0%B8%A7%E0%B8%B5%E0%B9%80%E0%B8%99%E0%B8%B5%E0%B8%A2%E0%B8%A3%E0%B9%8C/data=!4m7!3m6!1s0x311d59445e605cd9:0x3359502196963058!8m2!3d13.5802821!4d100.6554259!16s%2Fg%2F11kpk6l0c7!19sChIJ2VxgXkRZHTERWDCWliFQWTM?authuser=0&hl=en&rclk=1"
"0x311d5f0026088699:0xef0f0b8bef66816f","Idol Smile Dental clinic","Orthodontist","
785 Bang Na Tai, Bang Na, Bangkok 10260, Thailand","MJ5H+VX Bangkok, Thailand","","","+66 92 638 2222","https://www.idolsmiledental.com/","","4.7","12","","","Open","","https://www.google.com/maps/place/Idol+Smile+Dental+clinic/data=!4m7!3m6!1s0x311d5f0026088699:0xef0f0b8bef66816f!8m2!3d13.6596275!4d100.629996!16s%2Fg%2F11xf1m6qpv!19sChIJmYYIJgBfHTERb4Fm74sLD-8?authuser=0&hl=en&rclk=1"
"0x311d61228071f74b:0x5a1ca6a21f65e0e1","ND Dental Home ศรีนครินทร์ 40 | จัดฟัน วีเนียร์ รากเทียม ใกล้ฉัน | เริ่มต้น 899.-","Dental clinic","
27 29 31 Soi Srinagarindra 40, Nong Bon, Prawet, Bangkok 10250, Thailand","MJVW+C8 Bangkok, Thailand","","","+66 96 825 1942","https://www.facebook.com/NDdentalhome2/","","4.9","149","","","Open","","https://www.google.com/maps/place/ND+Dental+Home+%E0%B8%A8%E0%B8%A3%E0%B8%B5%E0%B8%99%E0%B8%84%E0%B8%A3%E0%B8%B4%E0%B8%99%E0%B8%97%E0%B8%A3%E0%B9%8C+40+%7C+%E0%B8%88%E0%B8%B1%E0%B8%94%E0%B8%9F%E0%B8%B1%E0%B8%99+%E0%B8%A7%E0%B8%B5%E0%B9%80%E0%B8%99%E0%B8%B5%E0%B8%A2%E0%B8%A3%E0%B9%8C+%E0%B8%A3%E0%B8%B2%E0%B8%81%E0%B9%80%E0%B8%97%E0%B8%B5%E0%B8%A2%E0%B8%A1+%E0%B9%83%E0%B8%81%E0%B8%A5%E0%B9%89%E0%B8%89%E0%B8%B1%E0%B8%99+%7C+%E0%B9%80%E0%B8%A3%E0%B8%B4%E0%B9%88%E0%B8%A1%E0%B8%95%E0%B9%89%E0%B8%99+899.-/data=!4m7!3m6!1s0x311d61228071f74b:0x5a1ca6a21f65e0e1!8m2!3d13.6935869!4d100.6457604!16s%2Fg%2F11mb_q_67k!19sChIJS_dxgCJhHTER4eBlH6KmHFo?authuser=0&hl=en&rclk=1"
"0x311d61393bfb3e07:0x172d4b06a6e1f866","Daytime smile clinic (สาขาอ่อนนุช ซีคอนศรีนคริณทร์)","Orthodontist","
ใกล้ซีคอนศรีนคริณทร์ โครงการ the master Onnut 2 On Nut 41 Alley, Suan Luang, Bangkok 10250, Thailand","PJ6Q+PW Bangkok, Thailand","","","+66 98 924 2264","","","4.8","683","","","Open","","https://www.google.com/maps/place/Daytime+smile+clinic+%28%E0%B8%AA%E0%B8%B2%E0%B8%82%E0%B8%B2%E0%B8%AD%E0%B9%88%E0%B8%AD%E0%B8%99%E0%B8%99%E0%B8%B8%E0%B8%8A+%E0%B8%8B%E0%B8%B5%E0%B8%84%E0%B8%AD%E0%B8%99%E0%B8%A8%E0%B8%A3%E0%B8%B5%E0%B8%99%E0%B8%84%E0%B8%A3%E0%B8%B4%E0%B8%93%E0%B8%97%E0%B8%A3%E0%B9%8C%29/data=!4m7!3m6!1s0x311d61393bfb3e07:0x172d4b06a6e1f866!8m2!3d13.7118511!4d100.63981!16s%2Fg%2F11p5lrbctq!19sChIJBz77OzlhHTERZvjhpgZLLRc?authuser=0&hl=en&rclk=1"
"0x311d6186d0b86c9f:0xa229f3d327aa9f4b","Dolphin Smile Dental Clinic คลินิกทันตกรรมดอลฟิน สไมล์","Dental clinic","
486 488 On Nut Rd, Prawet, Bangkok 10250, Thailand","PPC4+MX Bangkok, Thailand","","","+66 95 892 1758","https://www.dolphinsmiledentalclinic.com/","","4.9","60","","","Open","","https://www.google.com/maps/place/Dolphin+Smile+Dental+Clinic+%E0%B8%84%E0%B8%A5%E0%B8%B4%E0%B8%99%E0%B8%B4%E0%B8%81%E0%B8%97%E0%B8%B1%E0%B8%99%E0%B8%95%E0%B8%81%E0%B8%A3%E0%B8%A3%E0%B8%A1%E0%B8%94%E0%B8%AD%E0%B8%A5%E0%B8%9F%E0%B8%B4%E0%B8%99+%E0%B8%AA%E0%B9%84%E0%B8%A1%E0%B8%A5%E0%B9%8C/data=!4m7!3m6!1s0x311d6186d0b86c9f:0xa229f3d327aa9f4b!8m2!3d13.721745!4d100.7074425!16s%2Fg%2F11yl1kpwxg!19sChIJn2y40IZhHTERS5-qJ9PzKaI?authuser=0&hl=en&rclk=1"
"0x30e283a611acd111:0x78df58f65bde42a3","Pearly white dental clinic","Dental clinic","
ชั้น 3 ตึก, ยิ่งเจริญเเสควร์, Phahonyothin Rd, Anusawari, Bang Khen, Bangkok 10220, Thailand","VJW5+H6 Bangkok, Thailand","","","+66 94 294 7823","https://pearlywhite-dental.com/","","5.0","89","","","Open","","https://www.google.com/maps/place/Pearly+white+dental+clinic/data=!4m7!3m6!1s0x30e283a611acd111:0x78df58f65bde42a3!8m2!3d13.8964865!4d100.608074!16s%2Fg%2F11rg8mgpxv!19sChIJEdGsEaaD4jARo0LeW_ZY33g?authuser=0&hl=en&rclk=1"
"0x30e2a32c054b6f43:0x4ae6440d46a2abae","Dental Hut Clinic","Dental clinic","
99 2121 Thanon Thakham, Samae Dam, Bang Khun Thian, Bangkok 10150, Thailand","JCRV+4R Bangkok, Thailand","","","+66 81 686 7600","https://www.facebook.com/dentalhutclinic","","4.4","18","","","Open","","https://www.google.com/maps/place/Dental+Hut+Clinic/data=!4m7!3m6!1s0x30e2a32c054b6f43:0x4ae6440d46a2abae!8m2!3d13.640374!4d100.4445452!16s%2Fg%2F11byt8hl3c!19sChIJQ29LBSyj4jARrquiRg1E5ko?authuser=0&hl=en&rclk=1"
"0x30e2a3ed97859e83:0x2bfd926a70993051","ยิ้มพิมพ์ใจ ทันตกรรม ประชาอุทิศ90","Dental clinic","
1/5,1 6 Soi Pracha Uthit 90, Khwaeng Thung Khru, Thung Khru, Bangkok 10140, Thailand","JG66+97 Bangkok, Thailand","","","+66 65 598 6060","https://yimpimjaiclinic.com/","","4.9","395","","","Open","","https://www.google.com/maps/place/%E0%B8%A2%E0%B8%B4%E0%B9%89%E0%B8%A1%E0%B8%9E%E0%B8%B4%E0%B8%A1%E0%B8%9E%E0%B9%8C%E0%B9%83%E0%B8%88+%E0%B8%97%E0%B8%B1%E0%B8%99%E0%B8%95%E0%B8%81%E0%B8%A3%E0%B8%A3%E0%B8%A1+%E0%B8%9B%E0%B8%A3%E0%B8%B0%E0%B8%8A%E0%B8%B2%E0%B8%AD%E0%B8%B8%E0%B8%97%E0%B8%B4%E0%B8%A890/data=!4m7!3m6!1s0x30e2a3ed97859e83:0x2bfd926a70993051!8m2!3d13.6109554!4d100.5106507!16s%2Fg%2F11hczz739n!19sChIJg56Fl-2j4jARUTCZcGqS_Ss?authuser=0&hl=en&rclk=1"
"0x311d5f0f642119b5:0xb403c810e96f95ce","Deezy dental home สำโรง | ทำฟัน จัดฟัน วีเนียร์ รากฟันเทียม","Dental clinic","
799/8-9 หมู่ 5 ซอยวัดด่านสำโรง5 Samrong Nuea, Mueang Samut Prakan District, Samut Prakan 10270, Thailand","JJJH+M2 Samrong Nuea, Mueang Samut Prakan District, Samut Prakan, Thailand","","","+66 90 008 8813","http://www.deezydental.com/","","4.9","502","","","Open","","https://www.google.com/maps/place/Deezy+dental+home+%E0%B8%AA%E0%B8%B3%E0%B9%82%E0%B8%A3%E0%B8%87+%7C+%E0%B8%97%E0%B8%B3%E0%B8%9F%E0%B8%B1%E0%B8%99+%E0%B8%88%E0%B8%B1%E0%B8%94%E0%B8%9F%E0%B8%B1%E0%B8%99+%E0%B8%A7%E0%B8%B5%E0%B9%80%E0%B8%99%E0%B8%B5%E0%B8%A2%E0%B8%A3%E0%B9%8C+%E0%B8%A3%E0%B8%B2%E0%B8%81%E0%B8%9F%E0%B8%B1%E0%B8%99%E0%B9%80%E0%B8%97%E0%B8%B5%E0%B8%A2%E0%B8%A1/data=!4m7!3m6!1s0x311d5f0f642119b5:0xb403c810e96f95ce!8m2!3d13.631626!4d100.6275634!16s%2Fg%2F11g1lqgmr0!19sChIJtRkhZA9fHTERzpVv6RDIA7Q?authuser=0&hl=en&rclk=1"
"0x311d5fde64e4d3c7:0xdd86117ecde5ba3c","Tooth Club Dental Clinic / คลินิกทันตกรรมทูธคลับ","Dental clinic","
1111/3 Debaratna Rd, Bang Na Nuea, Bang Na, Bangkok 10260, Thailand","MM82+4H Bangkok, Thailand","","","+66 64 642 9962","","","4.7","87","","","Open","","https://www.google.com/maps/place/Tooth+Club+Dental+Clinic+%2F+%E0%B8%84%E0%B8%A5%E0%B8%B4%E0%B8%99%E0%B8%B4%E0%B8%81%E0%B8%97%E0%B8%B1%E0%B8%99%E0%B8%95%E0%B8%81%E0%B8%A3%E0%B8%A3%E0%B8%A1%E0%B8%97%E0%B8%B9%E0%B8%98%E0%B8%84%E0%B8%A5%E0%B8%B1%E0%B8%9A/data=!4m7!3m6!1s0x311d5fde64e4d3c7:0xdd86117ecde5ba3c!8m2!3d13.6653127!4d100.6513891!16s%2Fg%2F11nmmqjjzp!19sChIJx9PkZN5fHTERPLrlzX4Rht0?authuser=0&hl=en&rclk=1"
"0x311d5f504b5453fd:0x69d6aee8a5e3a303","PLUS Dental Clinic | สาขาบางนา | คลินิกทันตกรรมและจัดฟัน ขูดหินปูน อุดฟัน ถอนฟัน ฟันปลอม ฟันขาว วีเนียร์ รักษารากฟัน","Dental clinic","
84 Mooban Thaisamuth Alley, Bang Kaeo, Bang Phli District, Samut Prakan 10540, Thailand","MM3G+63 Bang Kaeo, Bang Phli District, Samut Prakan, Thailand","","","+66 65 742 7568","https://www.plusdentalclinic.co.th/","","4.9","711","","","Open","","https://www.google.com/maps/place/PLUS+Dental+Clinic+%7C+%E0%B8%AA%E0%B8%B2%E0%B8%82%E0%B8%B2%E0%B8%9A%E0%B8%B2%E0%B8%87%E0%B8%99%E0%B8%B2+%7C+%E0%B8%84%E0%B8%A5%E0%B8%B4%E0%B8%99%E0%B8%B4%E0%B8%81%E0%B8%97%E0%B8%B1%E0%B8%99%E0%B8%95%E0%B8%81%E0%B8%A3%E0%B8%A3%E0%B8%A1%E0%B9%81%E0%B8%A5%E0%B8%B0%E0%B8%88%E0%B8%B1%E0%B8%94%E0%B8%9F%E0%B8%B1%E0%B8%99+%E0%B8%82%E0%B8%B9%E0%B8%94%E0%B8%AB%E0%B8%B4%E0%B8%99%E0%B8%9B%E0%B8%B9%E0%B8%99+%E0%B8%AD%E0%B8%B8%E0%B8%94%E0%B8%9F%E0%B8%B1%E0%B8%99+%E0%B8%96%E0%B8%AD%E0%B8%99%E0%B8%9F%E0%B8%B1%E0%B8%99+%E0%B8%9F%E0%B8%B1%E0%B8%99%E0%B8%9B%E0%B8%A5%E0%B8%AD%E0%B8%A1+%E0%B8%9F%E0%B8%B1%E0%B8%99%E0%B8%82%E0%B8%B2%E0%B8%A7+%E0%B8%A7%E0%B8%B5%E0%B9%80%E0%B8%99%E0%B8%B5%E0%B8%A2%E0%B8%A3%E0%B9%8C+%E0%B8%A3%E0%B8%B1%E0%B8%81%E0%B8%A9%E0%B8%B2%E0%B8%A3%E0%B8%B2%E0%B8%81%E0%B8%9F%E0%B8%B1%E0%B8%99/data=!4m7!3m6!1s0x311d5f504b5453fd:0x69d6aee8a5e3a303!8m2!3d13.6530991!4d100.6751847!16s%2Fg%2F11t0mcytmb!19sChIJ_VNUS1BfHTERA6Pjpeiu1mk?authuser=0&hl=en&rclk=1"
"0x311d62c825643fd7:0x44a4edf8451be915","Dr.Tooth Dental Clinic, BKK, Thailand","Dental clinic","
12, 7 ถ. วัชรพล Tha Raeng, Bang Khen, Bangkok 10230, Thailand","VJ5V+33 Bangkok, Thailand","","","+66 2 347 0711","https://linktr.ee/drtoothdentalclinicofficial","","4.9","34","","","Open","","https://www.google.com/maps/place/Dr.Tooth+Dental+Clinic,+BKK,+Thailand/data=!4m7!3m6!1s0x311d62c825643fd7:0x44a4edf8451be915!8m2!3d13.8576645!4d100.6427167!16s%2Fg%2F12lvk98_q!19sChIJ1z9kJchiHTERFekbRfjtpEQ?authuser=0&hl=en&rclk=1"
"0x30e29d2232bd57d1:0x5e7f79071f1b5a71","Public Health Center 24 Bang Khen","Public health department","
RHXJ+WF3, Phahonyothin Rd, Lat Yao, Chatuchak, Bangkok 10900, Thailand","","","","+66 2 579 1342","http://www.bangkok.go.th/healthcenter24","","4.1","115","","","Open","","https://www.google.com/maps/place/Public+Health+Center+24+Bang+Khen/data=!4m7!3m6!1s0x30e29d2232bd57d1:0x5e7f79071f1b5a71!8m2!3d13.8497509!4d100.5811836!16s%2Fg%2F1wk7n9vw!19sChIJ0Ve9MiKd4jARcVobHwd5f14?authuser=0&hl=en&rclk=1"
"0x30e2833d34de55cd:0xe3415a3ed68de2be","LDC Dental แจ้งวัฒนะ","Dental clinic","
เลขที่ 99/28 Chang Watthana 13 Alley, Thung Song Hong, Lak Si, Bangkok 10210, Thailand","VHR7+Q6 Bangkok, Thailand","","","+66 2 030 4354","https://www.ldcdental.com/","","4.8","103","","","Open","","https://www.google.com/maps/place/LDC+Dental+%E0%B9%81%E0%B8%88%E0%B9%89%E0%B8%87%E0%B8%A7%E0%B8%B1%E0%B8%92%E0%B8%99%E0%B8%B0/data=!4m7!3m6!1s0x30e2833d34de55cd:0xe3415a3ed68de2be!8m2!3d13.8919728!4d100.5630846!16s%2Fg%2F1pv60r1zk!19sChIJzVXeND2D4jARvuKN1j5aQeM?authuser=0&hl=en&rclk=1"
"0x30e29702d5e8a509:0x476524b6614f9f73","ดิออเร้นจ์ คลินิกทันตกรรม ( สาขาบางใหญ่ - เวสเกต )","Dental clinic","
89 เสาธงหิน 12 Soi Mu Ban Rom Mai Bang Yai, Tambon Sao Thong Hin, Amphoe Bang Yai, Nonthaburi 11140, Thailand","VCH5+C7 Sao Thong Hin, Bang Yai District, Nonthaburi, Thailand","","","+66 64 954 5666","","","4.8","436","","","Open","","https://www.google.com/maps/place/%E0%B8%94%E0%B8%B4%E0%B8%AD%E0%B8%AD%E0%B9%80%E0%B8%A3%E0%B9%89%E0%B8%99%E0%B8%88%E0%B9%8C+%E0%B8%84%E0%B8%A5%E0%B8%B4%E0%B8%99%E0%B8%B4%E0%B8%81%E0%B8%97%E0%B8%B1%E0%B8%99%E0%B8%95%E0%B8%81%E0%B8%A3%E0%B8%A3%E0%B8%A1+%28+%E0%B8%AA%E0%B8%B2%E0%B8%82%E0%B8%B2%E0%B8%9A%E0%B8%B2%E0%B8%87%E0%B9%83%E0%B8%AB%E0%B8%8D%E0%B9%88+-+%E0%B9%80%E0%B8%A7%E0%B8%AA%E0%B9%80%E0%B8%81%E0%B8%95+%29/data=!4m7!3m6!1s0x30e29702d5e8a509:0x476524b6614f9f73!8m2!3d13.878557!4d100.4081904!16s%2Fg%2F11h465jk91!19sChIJCaXo1QKX4jARc59PYbYkZUc?authuser=0&hl=en&rclk=1"
"0x30e2974182aff467:0xc8abef77a3390131","คลินิกทันตกรรม เดนทัล ฮับ บางแค : Dental hub clinic Bang Khae","Dental clinic","
880 ปาก Soi Phet Kasem 98/1, Bang Khae Nuea, Bang Khae, Bangkok 10160, Thailand","P95J+GX Bangkok, Thailand","","","+66 65 693 6922","http://www.dentalhubclinic.com/","","4.9","470","","","Open","","https://www.google.com/maps/place/%E0%B8%84%E0%B8%A5%E0%B8%B4%E0%B8%99%E0%B8%B4%E0%B8%81%E0%B8%97%E0%B8%B1%E0%B8%99%E0%B8%95%E0%B8%81%E0%B8%A3%E0%B8%A3%E0%B8%A1+%E0%B9%80%E0%B8%94%E0%B8%99%E0%B8%97%E0%B8%B1%E0%B8%A5+%E0%B8%AE%E0%B8%B1%E0%B8%9A+%E0%B8%9A%E0%B8%B2%E0%B8%87%E0%B9%81%E0%B8%84+:+Dental+hub+clinic+Bang+Khae/data=!4m7!3m6!1s0x30e2974182aff467:0xc8abef77a3390131!8m2!3d13.7087905!4d100.3824758!16s%2Fg%2F11t7bwphny!19sChIJZ_SvgkGX4jARMQE5o3fvq8g?authuser=0&hl=en&rclk=1"
"0x30e2bc4902b38229:0x73492d18510d9af1","ฉัตรชนัญทันตกรรม คลินิก","Dental clinic","
127 Ekkachai Rd, Bang Bon Nuea, Bang Bon, Bangkok 10150, Thailand","J9RG+G7 Bangkok, Thailand","","","+66 2 894 8665","","","4.6","107","","","Open","","https://www.google.com/maps/place/%E0%B8%89%E0%B8%B1%E0%B8%95%E0%B8%A3%E0%B8%8A%E0%B8%99%E0%B8%B1%E0%B8%8D%E0%B8%97%E0%B8%B1%E0%B8%99%E0%B8%95%E0%B8%81%E0%B8%A3%E0%B8%A3%E0%B8%A1+%E0%B8%84%E0%B8%A5%E0%B8%B4%E0%B8%99%E0%B8%B4%E0%B8%81/data=!4m7!3m6!1s0x30e2bc4902b38229:0x73492d18510d9af1!8m2!3d13.6412508!4d100.3757293!16s%2Fg%2F113jf72qj!19sChIJKYKzAkm84jAR8ZoNURgtSXM?authuser=0&hl=en&rclk=1"
"0x30e2a3ca4f625661:0x5901237565db9ff3","คลินิกทันตกรรมแฮปปี้สไมล์","Dental clinic","
179/11 ปากซอยท่าข้าม19 ถ.ท่าข้าม แสมดำ Bangkok 10150, Thailand","JCVV+5R Bangkok, Thailand","","","+66 62 631 1332","http://www.facebook.com/happysmile.dc","","4.0","8","","","Open","","https://www.google.com/maps/place/%E0%B8%84%E0%B8%A5%E0%B8%B4%E0%B8%99%E0%B8%B4%E0%B8%81%E0%B8%97%E0%B8%B1%E0%B8%99%E0%B8%95%E0%B8%81%E0%B8%A3%E0%B8%A3%E0%B8%A1%E0%B9%81%E0%B8%AE%E0%B8%9B%E0%B8%9B%E0%B8%B5%E0%B9%89%E0%B8%AA%E0%B9%84%E0%B8%A1%E0%B8%A5%E0%B9%8C/data=!4m7!3m6!1s0x30e2a3ca4f625661:0x5901237565db9ff3!8m2!3d13.6429649!4d100.4445616!16s%2Fg%2F11gk5c11g7!19sChIJYVZiT8qj4jAR85_bZXUjAVk?authuser=0&hl=en&rclk=1"
"0x311d5f0905081fdb:0x993bcdde561c99dc","Haus Dental Clinic คลินิกทันตกรรมเฮ้าส์ ทำฟัน จัดฟัน เทพารักษ์","Dental clinic","
17 4 Thepharak Rd, Thepharak, Mueang Samut Prakan District, Samut Prakan 10270, Thailand","JJGH+H9 Thepharak, Mueang Samut Prakan District, Samut Prakan, Thailand","","","+66 91 117 7726","","","4.9","265","","","Open","","https://www.google.com/maps/place/Haus+Dental+Clinic+%E0%B8%84%E0%B8%A5%E0%B8%B4%E0%B8%99%E0%B8%B4%E0%B8%81%E0%B8%97%E0%B8%B1%E0%B8%99%E0%B8%95%E0%B8%81%E0%B8%A3%E0%B8%A3%E0%B8%A1%E0%B9%80%E0%B8%AE%E0%B9%89%E0%B8%B2%E0%B8%AA%E0%B9%8C+%E0%B8%97%E0%B8%B3%E0%B8%9F%E0%B8%B1%E0%B8%99+%E0%B8%88%E0%B8%B1%E0%B8%94%E0%B8%9F%E0%B8%B1%E0%B8%99+%E0%B9%80%E0%B8%97%E0%B8%9E%E0%B8%B2%E0%B8%A3%E0%B8%B1%E0%B8%81%E0%B8%A9%E0%B9%8C/data=!4m7!3m6!1s0x311d5f0905081fdb:0x993bcdde561c99dc!8m2!3d13.626416!4d100.6284907!16s%2Fg%2F11rncxbrll!19sChIJ2x8IBQlfHTER3JkcVt7NO5k?authuser=0&hl=en&rclk=1"
"0x30e2a08555555555:0x8357032cb823c794","สำโรงสหคลินิก","Medical clinic","
269/1-2 Sukhumvit 111, สำโรงเหนือ เมือง Samut Prakan 10270, Thailand","MH2X+G9 Samrong Nuea, Mueang Samut Prakan District, Samut Prakan, Thailand","","","+66 2 394 4907","","","2.6","5","","","Open","","https://www.google.com/maps/place/%E0%B8%AA%E0%B8%B3%E0%B9%82%E0%B8%A3%E0%B8%87%E0%B8%AA%E0%B8%AB%E0%B8%84%E0%B8%A5%E0%B8%B4%E0%B8%99%E0%B8%B4%E0%B8%81/data=!4m7!3m6!1s0x30e2a08555555555:0x8357032cb823c794!8m2!3d13.651373!4d100.598438!16s%2Fg%2F1pzt293df!19sChIJVVVVVYWg4jARlMcjuCwDV4M?authuser=0&hl=en&rclk=1"
"0x311d6075c6d34f07:0x81ee2f22df1241c7","ศูนย์ทันตกรรมบ้านฟันสวยBFCdental","Orthodontist","
57 Suphaphong 1 Alley, Lane 1, Nong Bon, Prawet, Bangkok 10250, Thailand","MJRR+8X Bangkok, Thailand","","","+66 2 748 0178","http://www.bfcdental.com/","","3.6","15","","","","","https://www.google.com/maps/place/%E0%B8%A8%E0%B8%B9%E0%B8%99%E0%B8%A2%E0%B9%8C%E0%B8%97%E0%B8%B1%E0%B8%99%E0%B8%95%E0%B8%81%E0%B8%A3%E0%B8%A3%E0%B8%A1%E0%B8%9A%E0%B9%89%E0%B8%B2%E0%B8%99%E0%B8%9F%E0%B8%B1%E0%B8%99%E0%B8%AA%E0%B8%A7%E0%B8%A2BFCdental/data=!4m7!3m6!1s0x311d6075c6d34f07:0x81ee2f22df1241c7!8m2!3d13.690788!4d100.642431!16s%2Fg%2F1tctj7bs!19sChIJB0_TxnVgHTERx0ES3yIv7oE?authuser=0&hl=en&rclk=1"
"0x30e2988dd014481b:0x4ee55ad19f6b65e7","Saeng Chaturanon Dental Clinic","Dentist","
76 Charoen Nakhon Rd, Samrae, Thon Buri, Bangkok 10600, Thailand","PF5V+8F Bangkok, Thailand","","","+66 2 468 1159","","","4.7","6","","","","","https://www.google.com/maps/place/Saeng+Chaturanon+Dental+Clinic/data=!4m7!3m6!1s0x30e2988dd014481b:0x4ee55ad19f6b65e7!8m2!3d13.7082838!4d100.4936487!16s%2Fg%2F1vqzfp7p!19sChIJG0gU0I2Y4jAR52Vrn9Fa5U4?authuser=0&hl=en&rclk=1"
"0x30e29e189e4a7abb:0x9bcdcbdc26df9cd","Somkiat Dental Clinic","Dental clinic","
460 Soi Ramkhamhaeng 39, Wang Thonglang, เขตบางกะปิ, Bangkok 10310, Thailand","QJ83+M7 Bangkok, Thailand","","","+66 97 081 2048","https://linktr.ee/somkiatdental","","5.0","11","","","Open","","https://www.google.com/maps/place/Somkiat+Dental+Clinic/data=!4m7!3m6!1s0x30e29e189e4a7abb:0x9bcdcbdc26df9cd!8m2!3d13.7666783!4d100.6031752!16s%2Fg%2F12lrv_f9w!19sChIJu3pKnhie4jARzfltwr3cvAk?authuser=0&hl=en&rclk=1"
"0x30e29e5511e0a255:0xa9f4f72fa8144b75","Samitivej Sukhumvit Hospital","Private hospital","
133 Sukhumvit 49, Khlong Tan Nuea, Watthana, Bangkok 10110, Thailand","PHMG+WJ Bangkok, Thailand","","","+66 2 022 2222","http://www.samitivejhospitals.com/","","4.8","8354","Moderately priced","€€","Open","","https://www.google.com/maps/place/Samitivej+Sukhumvit+Hospital/data=!4m7!3m6!1s0x30e29e5511e0a255:0xa9f4f72fa8144b75!8m2!3d13.7348727!4d100.5765805!16s%2Fg%2F1hc580rlq!19sChIJVaLgEVWe4jARdUsUqC_39Kk?authuser=0&hl=en&rclk=1"
"0x30e29db52ff0ce63:0x4e20ad15c4c7aa72","ศูนย์ทันตกรรมรัชดา - Ratchada Dental Center","Dental clinic","
541 Ratchadaphisek Rd, Chan Kasem, Chatuchak, Bangkok 10900, Thailand","RH3G+C3 Bangkok, Thailand","","","+66 2 938 3015","https://ratchadadentalcenter.com/","","4.4","73","","","Open","","https://www.google.com/maps/place/%E0%B8%A8%E0%B8%B9%E0%B8%99%E0%B8%A2%E0%B9%8C%E0%B8%97%E0%B8%B1%E0%B8%99%E0%B8%95%E0%B8%81%E0%B8%A3%E0%B8%A3%E0%B8%A1%E0%B8%A3%E0%B8%B1%E0%B8%8A%E0%B8%94%E0%B8%B2+-+Ratchada+Dental+Center/data=!4m7!3m6!1s0x30e29db52ff0ce63:0x4e20ad15c4c7aa72!8m2!3d13.8036103!4d100.5752078!16s%2Fg%2F1hc95y1tj!19sChIJY87wL7Wd4jARcqrHxBWtIE4?authuser=0&hl=en&rclk=1"
"0x30e2981b16ffefad:0xe548c12de57570b0","D.dentist clinic คลินิกทันตกรรมดีเดนทิส","Dental clinic","
55/14 โครงการCity connect ถนน กัลปพฤกษ์ Bang Khun Thian, Chom Thong, Bangkok 10150, Thailand","PC4W+6V Bangkok, Thailand","","","","","","4.2","13","","","Open","","https://www.google.com/maps/place/D.dentist+clinic+%E0%B8%84%E0%B8%A5%E0%B8%B4%E0%B8%99%E0%B8%B4%E0%B8%81%E0%B8%97%E0%B8%B1%E0%B8%99%E0%B8%95%E0%B8%81%E0%B8%A3%E0%B8%A3%E0%B8%A1%E0%B8%94%E0%B8%B5%E0%B9%80%E0%B8%94%E0%B8%99%E0%B8%97%E0%B8%B4%E0%B8%AA/data=!4m7!3m6!1s0x30e2981b16ffefad:0xe548c12de57570b0!8m2!3d13.7055246!4d100.4472041!16s%2Fg%2F11c5s_c0s_!19sChIJre__FhuY4jARsHB15S3BSOU?authuser=0&hl=en&rclk=1"
"0x30e299962990571f:0x38d55098ba0cdf1b","คลินิกทันตกรรมสุขภาพฟัน แมคโครจรัญสนิทวงศ์","Dentist","
Lotus mall Charan Sanit Wong Rd, Bang Khun Si, Bangkok Noi, Krung Thep Maha Nakhon 10700, Thailand","QF5C+X2 Bangkok, Thailand","","","+66 63 313 5570","http://www.facebook.com/DentalCenterMakro","","5.0","5","","","Open","","https://www.google.com/maps/place/%E0%B8%84%E0%B8%A5%E0%B8%B4%E0%B8%99%E0%B8%B4%E0%B8%81%E0%B8%97%E0%B8%B1%E0%B8%99%E0%B8%95%E0%B8%81%E0%B8%A3%E0%B8%A3%E0%B8%A1%E0%B8%AA%E0%B8%B8%E0%B8%82%E0%B8%A0%E0%B8%B2%E0%B8%9E%E0%B8%9F%E0%B8%B1%E0%B8%99+%E0%B9%81%E0%B8%A1%E0%B8%84%E0%B9%82%E0%B8%84%E0%B8%A3%E0%B8%88%E0%B8%A3%E0%B8%B1%E0%B8%8D%E0%B8%AA%E0%B8%99%E0%B8%B4%E0%B8%97%E0%B8%A7%E0%B8%87%E0%B8%A8%E0%B9%8C/data=!4m7!3m6!1s0x30e299962990571f:0x38d55098ba0cdf1b!8m2!3d13.7599834!4d100.4700672!16s%2Fg%2F1tctp31w!19sChIJH1eQKZaZ4jARG98MuphQ1Tg?authuser=0&hl=en&rclk=1"
"0x311d63e801500b5b:0xddaa679bcaa1b54","MOS Dental Clinic Happyland","Dental clinic","
71 73 Happy Land Sai 1 Rd, Khlong Chan, Bang Kapi, Bangkok 10240, Thailand","QJ9R+RM Bangkok, Thailand","","","+66 99 970 7806","http://www.mosdentalclinic.com/","","5.0","247","","","Open","","https://www.google.com/maps/place/MOS+Dental+Clinic+Happyland/data=!4m7!3m6!1s0x311d63e801500b5b:0xddaa679bcaa1b54!8m2!3d13.7696168!4d100.6416854!16s%2Fg%2F11sk0w8jg4!19sChIJWwtQAehjHTERVBuqvHmm2g0?authuser=0&hl=en&rclk=1"
"0x30e29dfbaa808077:0x733cb07e6947e276","Family Dental Care Center","Dental clinic","
Lat Phrao Rd, Khlong Chaokhun Sing, Wang Thonglang, Bangkok 10310, Thailand","QJP6+3G Bangkok, Thailand","","","+66 85 214 2626","","","4.2","15","","","Open","","https://www.google.com/maps/place/Family+Dental+Care+Center/data=!4m7!3m6!1s0x30e29dfbaa808077:0x733cb07e6947e276!8m2!3d13.7852282!4d100.6113101!16s%2Fg%2F1pp2twsd6!19sChIJd4CAqvud4jARduJHaX6wPHM?authuser=0&hl=en&rclk=1"
"0x30e29feea867ddb5:0xb79e6a148fa29317","Kiatipan Dental Clinic","Dental clinic","
2159 Sukhumvit Rd, Bang Chak, Phra Khanong, Bangkok 10260, Thailand","PJ23+W4 Bangkok, Thailand","","","+66 2 730 0404","","","4.9","9","","","Open","","https://www.google.com/maps/place/Kiatipan+Dental+Clinic/data=!4m7!3m6!1s0x30e29feea867ddb5:0xb79e6a148fa29317!8m2!3d13.7023273!4d100.6028695!16s%2Fg%2F1hm6j45mm!19sChIJtd1nqO6f4jARF5OijxRqnrc?authuser=0&hl=en&rclk=1"
"0x30e2a272d3115ee9:0x3f8e888fe86cfd08","Public Health Center 39 Rat Burana","Public health department","
46 Rat Burana Road, Rat Burana, Bangkok 10140, Thailand","MGJ4+9M Bangkok, Thailand","","","+66 2 427 7949","https://webportal.bangkok.go.th/healthcenter39","","4.3","25","","","","","https://www.google.com/maps/place/Public+Health+Center+39+Rat+Burana/data=!4m7!3m6!1s0x30e2a272d3115ee9:0x3f8e888fe86cfd08!8m2!3d13.6809319!4d100.5067041!16s%2Fg%2F1vnrn1td!19sChIJ6V4R03Ki4jARCP1s6I-Ijj8?authuser=0&hl=en&rclk=1"
"0x311d61975dc4a72d:0xcca4d3bb4241c497","MSDC Dental Onnut (อ่อนนุช)","Dental clinic","
The Pocket Park, 1762/3 ,ห้อง P12-12A, On Nut Rd, Suan Luang, Bangkok 10250, Thailand","PJ6P+9V Bangkok, Thailand","","","+66 95 928 2441","http://www.msdc-dental.com/","","5.0","144","","","Open","","https://www.google.com/maps/place/MSDC+Dental+Onnut+%28%E0%B8%AD%E0%B9%88%E0%B8%AD%E0%B8%99%E0%B8%99%E0%B8%B8%E0%B8%8A%29/data=!4m7!3m6!1s0x311d61975dc4a72d:0xcca4d3bb4241c497!8m2!3d13.710948!4d100.6371441!16s%2Fg%2F11vlgptn42!19sChIJLafEXZdhHTERl8RBQrvTpMw?authuser=0&hl=en&rclk=1"
"0x30e29b85cdd81331:0x784879df37f6f169","Homey Dental Clinic - The Crystal SB Ratchapruek","Dental clinic","
555 9 Ratchaphruek Rd, Tambon Maha Sawat, Bang Kruai District, Nonthaburi 11130, Thailand","RC5X+C3 Maha Sawat, Bang Kruai District, Nonthaburi, Thailand","","","+66 82 939 9499","https://homeydentalclinic.com/","","5.0","608","","","Open","","https://www.google.com/maps/place/Homey+Dental+Clinic+-+The+Crystal+SB+Ratchapruek/data=!4m7!3m6!1s0x30e29b85cdd81331:0x784879df37f6f169!8m2!3d13.8085789!4d100.4476896!16s%2Fg%2F11vj6lg59k!19sChIJMRPYzYWb4jARafH2N995SHg?authuser=0&hl=en&rclk=1"
"0x30e29e06277c7b9f:0x4adce154cf7b02d9","Town in Town Hotel","","
300/1 Srivara Rd, Phlabphla, Wang Thonglang, Bangkok 10310, Thailand","QJF5+88 Bangkok, Thailand","","","+66 2 559 2222","https://www.townintownhotelbangkok.com/","","4.1","1607","","","Open","","https://www.google.com/maps/place/Town+in+Town+Hotel/data=!4m10!3m9!1s0x30e29e06277c7b9f:0x4adce154cf7b02d9!5m2!4m1!1i2!8m2!3d13.773274!4d100.608351!16s%2Fg%2F1v27rygg!19sChIJn3t8Jwae4jAR2QJ7z1Th3Eo?authuser=0&hl=en&rclk=1"
"0x311d61f34afbbd59:0x51d9f466e840c9dc","Happy Dental Clinic","Dental clinic","
28 Happy Land Sai 1 Rd, Khlong Chan, Bang Kapi, Bangkok 10240, Thailand","QJ9R+CQ Bangkok, Thailand","","","+66 2 704 7279","","","4.8","19","","","Open","","https://www.google.com/maps/place/Happy+Dental+Clinic/data=!4m7!3m6!1s0x311d61f34afbbd59:0x51d9f466e840c9dc!8m2!3d13.7685441!4d100.6419679!16s%2Fg%2F1ptyjvtzb!19sChIJWb37SvNhHTER3MlA6Gb02VE?authuser=0&hl=en&rclk=1"
"0x311d611b961d6985:0xd3da7c692db8a38b","The grand dental clinic","Dental clinic","
2 Thanon Happy Land Sai 2, Khlong Chan, Bang Kapi, Bangkok 10240, Thailand","QJ8V+X7 Bangkok, Thailand","","","+66 2 734 0422","http://www.faebok.com/TheGrandDnaCinic","","5.0","8","","","Open","","https://www.google.com/maps/place/The+grand+dental+clinic/data=!4m7!3m6!1s0x311d611b961d6985:0xd3da7c692db8a38b!8m2!3d13.7674138!4d100.6432443!16s%2Fg%2F11h4lml1fv!19sChIJhWkdlhthHTERi6O4LWl82tM?authuser=0&hl=en&rclk=1"
"0x30e2a17bdcd26d5f:0xbce332bfb5f5b0a2","Teeth Talk Dental Clinic สาขา สำโรง จัดฟัน ดัดฟัน ทำฟัน","Dental clinic","
158 Samrong Nuea, Mueang Samut Prakan District, Samut Prakan 10270, Thailand","JHXW+RV Samrong Nuea, Mueang Samut Prakan District, Samut Prakan, Thailand","","","+66 64 701 4117","https://www.teethtalk-clinic.com/","","4.9","390","","","Open","","https://www.google.com/maps/place/Teeth+Talk+Dental+Clinic+%E0%B8%AA%E0%B8%B2%E0%B8%82%E0%B8%B2+%E0%B8%AA%E0%B8%B3%E0%B9%82%E0%B8%A3%E0%B8%87+%E0%B8%88%E0%B8%B1%E0%B8%94%E0%B8%9F%E0%B8%B1%E0%B8%99+%E0%B8%94%E0%B8%B1%E0%B8%94%E0%B8%9F%E0%B8%B1%E0%B8%99+%E0%B8%97%E0%B8%B3%E0%B8%9F%E0%B8%B1%E0%B8%99/data=!4m7!3m6!1s0x30e2a17bdcd26d5f:0xbce332bfb5f5b0a2!8m2!3d13.6495007!4d100.5972329!16s%2Fg%2F11y51dv9n0!19sChIJX23S3Huh4jARorD1tb8y47w?authuser=0&hl=en&rclk=1"
"0x311d6178c5184407:0x553ee19f937d97dc","คลินิกทันตกรรมพระจันทร์ยิ้ม - To The Moon Dental Clinic","Dental clinic","
718 Happy Land Sai 1 Rd, Khlong Chan, Bang Kapi, Bangkok 10240, Thailand","QJFR+QH Bangkok, Thailand","","","+66 65 955 9551","https://www.facebook.com/tothemoon.dental","","5.0","411","","","Open","","https://www.google.com/maps/place/%E0%B8%84%E0%B8%A5%E0%B8%B4%E0%B8%99%E0%B8%B4%E0%B8%81%E0%B8%97%E0%B8%B1%E0%B8%99%E0%B8%95%E0%B8%81%E0%B8%A3%E0%B8%A3%E0%B8%A1%E0%B8%9E%E0%B8%A3%E0%B8%B0%E0%B8%88%E0%B8%B1%E0%B8%99%E0%B8%97%E0%B8%A3%E0%B9%8C%E0%B8%A2%E0%B8%B4%E0%B9%89%E0%B8%A1+-+To+The+Moon+Dental+Clinic/data=!4m7!3m6!1s0x311d6178c5184407:0x553ee19f937d97dc!8m2!3d13.7744425!4d100.6414709!16s%2Fg%2F11l6x09185!19sChIJB0QYxXhhHTER3Jd9k5_hPlU?authuser=0&hl=en&rclk=1"
"0x30e29d0020cae057:0x6aa7763c69c70209","MOS Dental Clinic Bon Marche","Dental clinic","
บองมาร์เช่ 105/1 Thetsaban Songkhro Rd, Lat Yao, Chatuchak, Bangkok 10900, Thailand","RHQ2+V3 Bangkok, Thailand","","","+66 95 964 0057","https://www.mosdentalclinic.com/","","4.9","176","","","Open","","https://www.google.com/maps/place/MOS+Dental+Clinic+Bon+Marche/data=!4m7!3m6!1s0x30e29d0020cae057:0x6aa7763c69c70209!8m2!3d13.8396819!4d100.5501634!16s%2Fg%2F11lnmt3fs8!19sChIJV-DKIACd4jARCQLHaTx2p2o?authuser=0&hl=en&rclk=1"
"0x30e29b55921900b7:0x889d7b389f92c4db","Panda Smile dental สาขาบางศรีเมือง","Dental clinic","
34/62 หมู่ 1 คลินิกทันตกรรมแพนด้าสไมล์ Bangsrimuang Rd, Bang Si Muang, เมือง Chang Wat Nonthaburi 11000, Thailand","RFVJ+G6 Bang Si Muang, Mueang Nonthaburi District, Nonthaburi, Thailand","","","+66 62 542 9851","","","5.0","221","","","Open","","https://www.google.com/maps/place/Panda+Smile+dental+%E0%B8%AA%E0%B8%B2%E0%B8%82%E0%B8%B2%E0%B8%9A%E0%B8%B2%E0%B8%87%E0%B8%A8%E0%B8%A3%E0%B8%B5%E0%B9%80%E0%B8%A1%E0%B8%B7%E0%B8%AD%E0%B8%87/data=!4m7!3m6!1s0x30e29b55921900b7:0x889d7b389f92c4db!8m2!3d13.8438559!4d100.4805181!16s%2Fg%2F11s3vt7fsf!19sChIJtwAZklWb4jAR28SSnzh7nYg?authuser=0&hl=en&rclk=1"
"0x30e299e13ca0eda5:0x9a81af58f887abb3","Food Villa Ratchaphruek","Fresh food market","
77 Ratchaphruek Rd, Bang Ramat, Taling Chan, Bangkok 10170, Thailand","QC7V+WM Bangkok, Thailand","","","+66 2 432 2888","https://www.facebook.com/foodvillath","","4.4","10257","Moderately priced","€€","Open","Open-air market offering vendor stalls with produce, seafood & other groceries, plus street eats.","https://www.google.com/maps/place/Food+Villa+Ratchaphruek/data=!4m7!3m6!1s0x30e299e13ca0eda5:0x9a81af58f887abb3!8m2!3d13.7647732!4d100.4442104!16s%2Fg%2F11b6r6fbf1!19sChIJpe2gPOGZ4jARs6uH-FivgZo?authuser=0&hl=en&rclk=1"
"0x30e29cfd314577f9:0x21631e822ee44118","A plus dental clinic","Prosthodontist","
100/432 Yeak 10, Lat Phrao, Bangkok 10230, Thailand","RHHX+92 Bangkok, Thailand","","","+66 2 005 2867","","","5.0","5","","","Open","","https://www.google.com/maps/place/A+plus+dental+clinic/data=!4m7!3m6!1s0x30e29cfd314577f9:0x21631e822ee44118!8m2!3d13.828463!4d100.5976141!16s%2Fg%2F12m9hbmx2!19sChIJ-XdFMf2c4jARGEHkLoIeYyE?authuser=0&hl=en&rclk=1"
"0x30e29d5ddf294f7d:0x5108073eabf042ef","คลินิกทันตกรรมกิฟสไมล์","Dental clinic","
88 6 Thetsaban Songkhro Rd, แขวง จตุจักร Chatuchak, Bangkok 10900, Thailand","RGRR+2V Bangkok, Thailand","","","+66 91 153 6492","","","4.9","40","","","Open","","https://www.google.com/maps/place/%E0%B8%84%E0%B8%A5%E0%B8%B4%E0%B8%99%E0%B8%B4%E0%B8%81%E0%B8%97%E0%B8%B1%E0%B8%99%E0%B8%95%E0%B8%81%E0%B8%A3%E0%B8%A3%E0%B8%A1%E0%B8%81%E0%B8%B4%E0%B8%9F%E0%B8%AA%E0%B9%84%E0%B8%A1%E0%B8%A5%E0%B9%8C/data=!4m7!3m6!1s0x30e29d5ddf294f7d:0x5108073eabf042ef!8m2!3d13.8400878!4d100.5421676!16s%2Fg%2F11t6nnhv0b!19sChIJfU8p312d4jAR70Lwqz4HCFE?authuser=0&hl=en&rclk=1"
"0x30e29d83a419e117:0x60157472a7ba0511","Siam Smile Dental Clinic","Dental clinic","
31, 98-100 หมู่ 6, Thung Song Hong, Lak Si, Bangkok 10210, Thailand","VH74+FF Bangkok, Thailand","","","+66 95 236 4294","https://www.facebook.com/share/14FR1SqjUDC/?mibextid=wwXIfr","","5.0","119","","","Open","","https://www.google.com/maps/place/Siam+Smile+Dental+Clinic/data=!4m7!3m6!1s0x30e29d83a419e117:0x60157472a7ba0511!8m2!3d13.8637103!4d100.5561303!16s%2Fg%2F11y57gxrqx!19sChIJF-EZpIOd4jAREQW6p3J0FWA?authuser=0&hl=en&rclk=1"
"0x30e29b587f49bf35:0x1f393e13e6c3186b","Ngamdental Clinic","Dental clinic","
164, 166 Ngamwongwan 4 Alley, Tambon Bang Khen, Mueang Nonthaburi District, Nonthaburi 11000","VG5H+5R Nonthaburi, Mueang Nonthaburi District, Nonthaburi","","","089 797 6310","https://www.facebook.com/ngamdentalclinic","","4.9","103","","","Open","","https://www.google.com/maps/place/Ngamdental+Clinic/data=!4m7!3m6!1s0x30e29b587f49bf35:0x1f393e13e6c3186b!8m2!3d13.8578859!4d100.5295403!16s%2Fg%2F1hc5xc24b!19sChIJNb9Jf1ib4jARaxjD5hM-OR8?authuser=0&hl=en&rclk=1"
"0x30e29b079bf5da7f:0xe34091c340229cd1","Sure Smile First Dental Clinic คลินิกทันตกรรมชัวร์สไมล์เฟิร์ส รัตนาธิเบศร์","Dental clinic","
อาคาร C ห้อง 022A 371/2 โครงการ The Little Walk รัตนาธิเบศร์ Rattanathibet Rd, Bang Krasaw, Mueang Nonthaburi District, Nonthaburi 11000, Thailand","VF7V+GP Nonthaburi, Mueang Nonthaburi District, Nonthaburi, Thailand","","","+66 94 664 5455","","","5.0","12","","","Open","","https://www.google.com/maps/place/Sure+Smile+First+Dental+Clinic+%E0%B8%84%E0%B8%A5%E0%B8%B4%E0%B8%99%E0%B8%B4%E0%B8%81%E0%B8%97%E0%B8%B1%E0%B8%99%E0%B8%95%E0%B8%81%E0%B8%A3%E0%B8%A3%E0%B8%A1%E0%B8%8A%E0%B8%B1%E0%B8%A7%E0%B8%A3%E0%B9%8C%E0%B8%AA%E0%B9%84%E0%B8%A1%E0%B8%A5%E0%B9%8C%E0%B9%80%E0%B8%9F%E0%B8%B4%E0%B8%A3%E0%B9%8C%E0%B8%AA+%E0%B8%A3%E0%B8%B1%E0%B8%95%E0%B8%99%E0%B8%B2%E0%B8%98%E0%B8%B4%E0%B9%80%E0%B8%9A%E0%B8%A8%E0%B8%A3%E0%B9%8C/data=!4m7!3m6!1s0x30e29b079bf5da7f:0xe34091c340229cd1!8m2!3d13.8637596!4d100.4943318!16s%2Fg%2F11x0qjvnbw!19sChIJf9r1mweb4jAR0ZwiQMORQOM?authuser=0&hl=en&rclk=1"
"0x30e29b5aac751ff9:0x1e0e91c57d046c7","Smile Delight Dental Clinic","Dental clinic","
374 Rattanathibech Rd, Bang Krasaw, Muang, Nonthaburi 11000, Thailand","VG72+85 Nonthaburi, Mueang Nonthaburi District, Nonthaburi, Thailand","","","+66 94 965 2642","http://www.smiledelightclinic.com/","","4.8","137","","","Open","","https://www.google.com/maps/place/Smile+Delight+Dental+Clinic/data=!4m7!3m6!1s0x30e29b5aac751ff9:0x1e0e91c57d046c7!8m2!3d13.8632979!4d100.5003934!16s%2Fg%2F11gff35tr_!19sChIJ-R91rFqb4jARx0bQVxzp4AE?authuser=0&hl=en&rclk=1"
"0x30e29afac1cf7437:0xef2c52d6f72a31f2","มายเดนทิส คลินิกทันตกรรม","Dental clinic","
112 122, Bang Si Muang, Mueang Nonthaburi District, Nonthaburi 11000, Thailand","RFQF+CX Bang Si Muang, Mueang Nonthaburi District, Nonthaburi, Thailand","","","+66 2 449 1415","","","4.4","21","","","Open","","https://www.google.com/maps/place/%E0%B8%A1%E0%B8%B2%E0%B8%A2%E0%B9%80%E0%B8%94%E0%B8%99%E0%B8%97%E0%B8%B4%E0%B8%AA+%E0%B8%84%E0%B8%A5%E0%B8%B4%E0%B8%99%E0%B8%B4%E0%B8%81%E0%B8%97%E0%B8%B1%E0%B8%99%E0%B8%95%E0%B8%81%E0%B8%A3%E0%B8%A3%E0%B8%A1/data=!4m7!3m6!1s0x30e29afac1cf7437:0xef2c52d6f72a31f2!8m2!3d13.8385325!4d100.4749527!16s%2Fg%2F11dxkdkv6q!19sChIJN3TPwfqa4jAR8jEq99ZSLO8?authuser=0&hl=en&rclk=1"
"0x30e29ab57cefd1b1:0x3c3d27204ba0c7cc","เด็นทัลดี คลินิก (Dental-D clinic)","Dental clinic","
110 16 Rattanathibet Rd, Sai Ma, Mueang Nonthaburi District, Nonthaburi 11000","VFF6+2Q Sai Ma, Mueang Nonthaburi District, Nonthaburi","","","089 789 4146","https://facebook.com/dentaldclinicofficial","","5.0","457","","","Open","","https://www.google.com/maps/place/%E0%B9%80%E0%B8%94%E0%B9%87%E0%B8%99%E0%B8%97%E0%B8%B1%E0%B8%A5%E0%B8%94%E0%B8%B5+%E0%B8%84%E0%B8%A5%E0%B8%B4%E0%B8%99%E0%B8%B4%E0%B8%81+%28Dental-D+clinic%29/data=!4m7!3m6!1s0x30e29ab57cefd1b1:0x3c3d27204ba0c7cc!8m2!3d13.8726061!4d100.4619199!16s%2Fg%2F11c2md88rw!19sChIJsdHvfLWa4jARzMegSyAnPTw?authuser=0&hl=en&rclk=1"
"0x30e299e44c227cd9:0xa770f8cdfc8eb334","Pet Mall","Pet supply store","
515 1 Phran Nok Phutthamonthon Sai 4 Rd, Bang Phrom, Taling Chan, Bangkok 10170, Thailand","QC2Q+JV Bangkok, Thailand","","","+66 97 264 4560","","","4.6","1093","","","Open","","https://www.google.com/maps/place/Pet+Mall/data=!4m7!3m6!1s0x30e299e44c227cd9:0xa770f8cdfc8eb334!8m2!3d13.7515772!4d100.4397061!16s%2Fg%2F11h38sns_n!19sChIJ2XwiTOSZ4jARNLOO_M34cKc?authuser=0&hl=en&rclk=1"
"0x311d616eb76eca09:0x6ee7dedbe1d49070","คลินิกทันตกรรมลาซาล สาขาสุขุมวิท101/1","Dental clinic","
บางจาก ระหว่างซอยวชิรธรรมสาธิต44 กับ46 Bangkok 10260, Thailand","MJPH+29 Bangkok, Thailand","","","+66 2 399 4429","https://www.lasalledentalclinic.com/","","4.2","39","","","Open","","https://www.google.com/maps/place/%E0%B8%84%E0%B8%A5%E0%B8%B4%E0%B8%99%E0%B8%B4%E0%B8%81%E0%B8%97%E0%B8%B1%E0%B8%99%E0%B8%95%E0%B8%81%E0%B8%A3%E0%B8%A3%E0%B8%A1%E0%B8%A5%E0%B8%B2%E0%B8%8B%E0%B8%B2%E0%B8%A5+%E0%B8%AA%E0%B8%B2%E0%B8%82%E0%B8%B2%E0%B8%AA%E0%B8%B8%E0%B8%82%E0%B8%B8%E0%B8%A1%E0%B8%A7%E0%B8%B4%E0%B8%97101%2F1/data=!4m7!3m6!1s0x311d616eb76eca09:0x6ee7dedbe1d49070!8m2!3d13.685079!4d100.6284571!16s%2Fg%2F11y447d394!19sChIJCcput25hHTERcJDU4dve524?authuser=0&hl=en&rclk=1"
"0x30e29c39f0206371:0x991850bef70a5258","Ruammit Dental Clinic","Dental clinic","
3, 9 Soi Chok Chai Ruam Mit, Khwaeng Chom Phon, Chatuchak, Bangkok 10900, Thailand","QHW6+PX Bangkok, Thailand","","","+66 84 095 0002","","","3.3","7","","","Open","","https://www.google.com/maps/place/Ruammit+Dental+Clinic/data=!4m7!3m6!1s0x30e29c39f0206371:0x991850bef70a5258!8m2!3d13.7968004!4d100.5623898!16s%2Fg%2F1hc23nglj!19sChIJcWMg8Dmc4jARWFIK975QGJk?authuser=0&hl=en&rclk=1"
"0x30e299bde938a889:0xddd56f4d90deba8d","คลินิกทันตกรรมเดนทอลแคร์ (Dental Care Dental Clinic)","Dental clinic","
453, 39 Charan Sanitwong 35 Alley, Lane 3, Bang Khun Si, Bangkok Noi, Bangkok 10700, Thailand","QF59+HF Bangkok, Thailand","","","+66 2 864 7661","","","4.8","9","","","Open","","https://www.google.com/maps/place/%E0%B8%84%E0%B8%A5%E0%B8%B4%E0%B8%99%E0%B8%B4%E0%B8%81%E0%B8%97%E0%B8%B1%E0%B8%99%E0%B8%95%E0%B8%81%E0%B8%A3%E0%B8%A3%E0%B8%A1%E0%B9%80%E0%B8%94%E0%B8%99%E0%B8%97%E0%B8%AD%E0%B8%A5%E0%B9%81%E0%B8%84%E0%B8%A3%E0%B9%8C+%28Dental+Care+Dental+Clinic%29/data=!4m7!3m6!1s0x30e299bde938a889:0xddd56f4d90deba8d!8m2!3d13.7589431!4d100.4687026!16s%2Fg%2F1vwlll87!19sChIJiag46b2Z4jARjbrekE1v1d0?authuser=0&hl=en&rclk=1"
"0x30e29b6fb0278009:0xb238cc449ba75f0e","Tooth Matter Dental Clinic","Dentist","
1 97, Maha Sawat, Bang Kruai District, Nonthaburi 11130, Thailand","RC2W+6V Maha Sawat, Bang Kruai District, Nonthaburi, Thailand","","","+66 92 888 9952","http://toothmatterclinic.com/","","5.0","37","","","Open","","https://www.google.com/maps/place/Tooth+Matter+Dental+Clinic/data=!4m7!3m6!1s0x30e29b6fb0278009:0xb238cc449ba75f0e!8m2!3d13.8005086!4d100.4471514!16s%2Fg%2F11xg0916q6!19sChIJCYAnsG-b4jARDl-nm0TMOLI?authuser=0&hl=en&rclk=1"
"0x30e29991f01b6971:0x8e23494e6fb4ef99","คลินิกทันตกรรมสุรชัย","Dental clinic","
15/3 ถนนบางขุนนนท์ ปาก 5 Bang Khun Non Alley 3, Bang Khun Non, Bangkok Noi, Bangkok 10700, Thailand","QF8F+24 Bangkok, Thailand","","","+66 95 552 5733","","","4.6","14","","","Open","","https://www.google.com/maps/place/%E0%B8%84%E0%B8%A5%E0%B8%B4%E0%B8%99%E0%B8%B4%E0%B8%81%E0%B8%97%E0%B8%B1%E0%B8%99%E0%B8%95%E0%B8%81%E0%B8%A3%E0%B8%A3%E0%B8%A1%E0%B8%AA%E0%B8%B8%E0%B8%A3%E0%B8%8A%E0%B8%B1%E0%B8%A2/data=!4m7!3m6!1s0x30e29991f01b6971:0x8e23494e6fb4ef99!8m2!3d13.7650163!4d100.4728034!16s%2Fg%2F1hc7xx60s!19sChIJcWkb8JGZ4jARme-0b05JI44?authuser=0&hl=en&rclk=1"
"0x311d616ca4a08d63:0x2aefe66ba5032b5b","Aestha Dental Clinic รามคำแหง ทำฟัน จัดฟัน วีเนียร์ รากฟันเทียม","Dental clinic","
826, 828 Ramkhamhaeng Rd, Hua Mak, Bang Kapi, Bangkok 10240, Thailand","QM72+84 Bangkok, Thailand","","","+66 96 252 3665","https://aesthaclinic.com/","","5.0","120","","","Open","","https://www.google.com/maps/place/Aestha+Dental+Clinic+%E0%B8%A3%E0%B8%B2%E0%B8%A1%E0%B8%84%E0%B8%B3%E0%B9%81%E0%B8%AB%E0%B8%87+%E0%B8%97%E0%B8%B3%E0%B8%9F%E0%B8%B1%E0%B8%99+%E0%B8%88%E0%B8%B1%E0%B8%94%E0%B8%9F%E0%B8%B1%E0%B8%99+%E0%B8%A7%E0%B8%B5%E0%B9%80%E0%B8%99%E0%B8%B5%E0%B8%A2%E0%B8%A3%E0%B9%8C+%E0%B8%A3%E0%B8%B2%E0%B8%81%E0%B8%9F%E0%B8%B1%E0%B8%99%E0%B9%80%E0%B8%97%E0%B8%B5%E0%B8%A2%E0%B8%A1/data=!4m7!3m6!1s0x311d616ca4a08d63:0x2aefe66ba5032b5b!8m2!3d13.7632568!4d100.6503146!16s%2Fg%2F11mkkvsgc9!19sChIJY42gpGxhHTERWysDpWvm7yo?authuser=0&hl=en&rclk=1"
"0x30e2984158f1ea23:0xf7ac49e1b5a6e651","คลินิกผิวหนัง ศิริยศ","Skin care clinic","
23, 27 Thoet Thai 43 Alley, Pak Khlong Phasi Charoen, Phasi Charoen, Bangkok 10160, Thailand","PF99+9C Bangkok, Thailand","","","+66 2 869 0822","","","4.6","9","","","Open","","https://www.google.com/maps/place/%E0%B8%84%E0%B8%A5%E0%B8%B4%E0%B8%99%E0%B8%B4%E0%B8%81%E0%B8%9C%E0%B8%B4%E0%B8%A7%E0%B8%AB%E0%B8%99%E0%B8%B1%E0%B8%87+%E0%B8%A8%E0%B8%B4%E0%B8%A3%E0%B8%B4%E0%B8%A2%E0%B8%A8/data=!4m7!3m6!1s0x30e2984158f1ea23:0xf7ac49e1b5a6e651!8m2!3d13.7184385!4d100.4685609!16s%2Fg%2F1hc5wxfbv!19sChIJI-rxWEGY4jARUeamteFJrPc?authuser=0&hl=en&rclk=1"
"0x30e299aa6de7991b:0x17559c426d4a4fb6","Dent-Mate Co.,LTD.","Corporate office","
679 17 Itsaraphap Rd, Wat Arun, Bangkok Yai, Bangkok 10600, Thailand","PFVJ+M8 Bangkok, Thailand","","","+66 2 472 8111","","","3.7","9","","","Open","","https://www.google.com/maps/place/Dent-Mate+Co.,LTD./data=!4m7!3m6!1s0x30e299aa6de7991b:0x17559c426d4a4fb6!8m2!3d13.7442078!4d100.4807641!16s%2Fg%2F1tlw6j2_!19sChIJG5nnbaqZ4jARtk9KbUKcVRc?authuser=0&hl=en&rclk=1"
"0x30e2919d6c925a47:0xae452fdedce8ecd8","Dentamon Dental Clinic คลินิกทันตกรรมเด๊นท์ทาม่อน","Dental clinic","
19, 18 ม.2, Maha Sawat, Bang Kruai District, Nonthaburi 11130, Thailand","RC2Q+C7 Maha Sawat, Bang Kruai District, Nonthaburi, Thailand","","","+66 96 196 5162","https://line.me/ti/p/Rkg8CLCAhI","","4.5","35","","","Open","","https://www.google.com/maps/place/Dentamon+Dental+Clinic+%E0%B8%84%E0%B8%A5%E0%B8%B4%E0%B8%99%E0%B8%B4%E0%B8%81%E0%B8%97%E0%B8%B1%E0%B8%99%E0%B8%95%E0%B8%81%E0%B8%A3%E0%B8%A3%E0%B8%A1%E0%B9%80%E0%B8%94%E0%B9%8A%E0%B8%99%E0%B8%97%E0%B9%8C%E0%B8%97%E0%B8%B2%E0%B8%A1%E0%B9%88%E0%B8%AD%E0%B8%99/data=!4m7!3m6!1s0x30e2919d6c925a47:0xae452fdedce8ecd8!8m2!3d13.801057!4d100.4382123!16s%2Fg%2F11s57ddz4t!19sChIJR1qSbJ2R4jAR2Ozo3N4vRa4?authuser=0&hl=en&rclk=1"
"0x30e29a3514919cdb:0x38e890fee2e731c3","เอ็น ดี ซี คลินิกทันตกรรม","Dental clinic","
89 1 Bang Kruai - Sai Noi Rd, Wat Chalo, Bang Kruai District, Nonthaburi 11130, Thailand","RF3M+G5 Bang Kruai, Bang Kruai District, Nonthaburi, Thailand","","","+66 2 883 6499","","","5.0","9","","","Open","","https://www.google.com/maps/place/%E0%B9%80%E0%B8%AD%E0%B9%87%E0%B8%99+%E0%B8%94%E0%B8%B5+%E0%B8%8B%E0%B8%B5+%E0%B8%84%E0%B8%A5%E0%B8%B4%E0%B8%99%E0%B8%B4%E0%B8%81%E0%B8%97%E0%B8%B1%E0%B8%99%E0%B8%95%E0%B8%81%E0%B8%A3%E0%B8%A3%E0%B8%A1/data=!4m7!3m6!1s0x30e29a3514919cdb:0x38e890fee2e731c3!8m2!3d13.8037503!4d100.4829287!16s%2Fg%2F11ddydr086!19sChIJ25yRFDWa4jARwzHn4v6Q6Dg?authuser=0&hl=en&rclk=1"
"0x30e29791eeb23d59:0xae8bb59c432426c9","Add Friend Dental Clinic สาขาราชพฤกษ์ พรานนก","Dental clinic","
KIP Complex, 222 Phran Nok Phutthamonthon Sai 4 Rd, Bang Phrom, Taling Chan, Bangkok 10170, Thailand","QC3Q+2H Bangkok, Thailand","","","+66 81 953 5097","https://www.facebook.com/profile.php?id=100077602848388","","5.0","294","","","Open","","https://www.google.com/maps/place/Add+Friend+Dental+Clinic+%E0%B8%AA%E0%B8%B2%E0%B8%82%E0%B8%B2%E0%B8%A3%E0%B8%B2%E0%B8%8A%E0%B8%9E%E0%B8%A4%E0%B8%81%E0%B8%A9%E0%B9%8C+%E0%B8%9E%E0%B8%A3%E0%B8%B2%E0%B8%99%E0%B8%99%E0%B8%81/data=!4m7!3m6!1s0x30e29791eeb23d59:0xae8bb59c432426c9!8m2!3d13.752609!4d100.4389755!16s%2Fg%2F11vwzr1453!19sChIJWT2y7pGX4jARySYkQ5y1i64?authuser=0&hl=en&rclk=1"
"0x30e2990d6f6fd079:0xb74c8516533d453f","𝗩𝗧𝗛 𝗕𝗶𝗼𝗱𝗲𝗻𝘁 𝗖𝗹𝗶𝗻𝗶𝗰 - 𝙆𝙄𝙉𝙂𝙎𝙌𝙐𝘼𝙍𝙀 𝘾𝙤𝙢𝙢𝙪𝙣𝙞𝙩𝙮 𝙈𝙖𝙡𝙡 𝘙𝘢𝘮𝘢 3","Dental clinic","
King Square Community Mall 775 ยูนิตเลขที่ A209- A210 Ratchadaphisek Rd, บางโพงพาง Yan Nawa, Bangkok 10120, Thailand","MGRG+QW Bangkok, Thailand","","","+66 2 109 9920","https://vthbiodent.com/","","5.0","8","","","Open","","https://www.google.com/maps/place/%F0%9D%97%A9%F0%9D%97%A7%F0%9D%97%9B+%F0%9D%97%95%F0%9D%97%B6%F0%9D%97%BC%F0%9D%97%B1%F0%9D%97%B2%F0%9D%97%BB%F0%9D%98%81+%F0%9D%97%96%F0%9D%97%B9%F0%9D%97%B6%F0%9D%97%BB%F0%9D%97%B6%F0%9D%97%B0+-+%F0%9D%99%86%F0%9D%99%84%F0%9D%99%89%F0%9D%99%82%F0%9D%99%8E%F0%9D%99%8C%F0%9D%99%90%F0%9D%98%BC%F0%9D%99%8D%F0%9D%99%80+%F0%9D%98%BE%F0%9D%99%A4%F0%9D%99%A2%F0%9D%99%A2%F0%9D%99%AA%F0%9D%99%A3%F0%9D%99%9E%F0%9D%99%A9%F0%9D%99%AE+%F0%9D%99%88%F0%9D%99%96%F0%9D%99%A1%F0%9D%99%A1+%F0%9D%98%99%F0%9D%98%A2%F0%9D%98%AE%F0%9D%98%A2+3/data=!4m7!3m6!1s0x30e2990d6f6fd079:0xb74c8516533d453f!8m2!3d13.6919305!4d100.5272671!16s%2Fg%2F11z3b44tf0!19sChIJedBvbw2Z4jARP0U9UxaFTLc?authuser=0&hl=en&rclk=1"
"0x30e29f00e1bf5b47:0x7047b56c2ea56a74","Smile World Dental Clinic","Dental clinic","
1770 สุขุมวิท54 ถนน สุขุมวิท บางจาก พระโขนง กรุงเทพ 10260 Phra Khanong, Bangkok 10260, Thailand","PJ32+2M Bangkok, Thailand","","","+66 2 136 3715","http://www.implantfirst.com/","","5.0","14","","","Open","","https://www.google.com/maps/place/Smile+World+Dental+Clinic/data=!4m7!3m6!1s0x30e29f00e1bf5b47:0x7047b56c2ea56a74!8m2!3d13.7025617!4d100.6016338!16s%2Fg%2F1hc1jf736!19sChIJR1u_4QCf4jARdGqlLmy1R3A?authuser=0&hl=en&rclk=1"
"0x30e29db90ac93b0b:0x3c20aa9dcfa20a4d","Chew Chew Dental Clinic ชิว ชิว เดนทัลคลินิกทันตกรรม","Dental clinic","
187/1 ซ 58 Ngamwongwan Rd, Lat Yao, Chatuchak, Bangkok 10900, Thailand","RHQF+X2 Bangkok, Thailand","","","+66 97 037 8474","","","5.0","39","","","Open","","https://www.google.com/maps/place/Chew+Chew+Dental+Clinic+%E0%B8%8A%E0%B8%B4%E0%B8%A7+%E0%B8%8A%E0%B8%B4%E0%B8%A7+%E0%B9%80%E0%B8%94%E0%B8%99%E0%B8%97%E0%B8%B1%E0%B8%A5%E0%B8%84%E0%B8%A5%E0%B8%B4%E0%B8%99%E0%B8%B4%E0%B8%81%E0%B8%97%E0%B8%B1%E0%B8%99%E0%B8%95%E0%B8%81%E0%B8%A3%E0%B8%A3%E0%B8%A1/data=!4m7!3m6!1s0x30e29db90ac93b0b:0x3c20aa9dcfa20a4d!8m2!3d13.8399589!4d100.5726248!16s%2Fg%2F11lfqyxkpv!19sChIJCzvJCrmd4jARTQqiz52qIDw?authuser=0&hl=en&rclk=1"
"0x311d61006528ad33:0x69d88b97a287e59d","Healthy teeth dental clinic","Specialized clinic","
652 Ramkhamhaeng Rd, Hua Mak, Bang Kapi, Bangkok 10240, Thailand","QJ6V+XQ Bangkok, Thailand","","","+66 92 966 2353","","","4.7","13","","","Open","","https://www.google.com/maps/place/Healthy+teeth+dental+clinic/data=!4m7!3m6!1s0x311d61006528ad33:0x69d88b97a287e59d!8m2!3d13.7623853!4d100.6443834!16s%2Fg%2F11qnsw1j1v!19sChIJM60oZQBhHTERneWHopeL2Gk?authuser=0&hl=en&rclk=1"
"0x311d6220e90d3c33:0x434e905a7057ae7a","Family Dental Clinic Bangkapi","Dental clinic","
543, 12 Soi Nawamin 10, Khlong Chan, Bang Kapi, Bangkok 10240, Thailand","QJHW+6W Bangkok, Thailand","","","+66 89 668 7283","https://www.familydentalclinicbangkapi.com/","","4.9","110","","","Open","","https://www.google.com/maps/place/Family+Dental+Clinic+Bangkapi/data=!4m7!3m6!1s0x311d6220e90d3c33:0x434e905a7057ae7a!8m2!3d13.7780342!4d100.647312!16s%2Fg%2F1jgm1gf0d!19sChIJMzwN6SBiHTEReq5XcFqQTkM?authuser=0&hl=en&rclk=1"
"0x311d61c42c56eb01:0xe0af12b62c795830","We Smile Plus Dental Clinic สวนหลวง ร.9","Dental clinic","
321, 323 Chalerm Prakiat Road, Nong Bon, Prawet, Bangkok 10250, Thailand","MMRC+H6 Bangkok, Thailand","","","+66 94 984 4678","","","4.9","28","","","Open","","https://www.google.com/maps/place/We+Smile+Plus+Dental+Clinic+%E0%B8%AA%E0%B8%A7%E0%B8%99%E0%B8%AB%E0%B8%A5%E0%B8%A7%E0%B8%87+%E0%B8%A3.9/data=!4m7!3m6!1s0x311d61c42c56eb01:0xe0af12b62c795830!8m2!3d13.6914616!4d100.6705443!16s%2Fg%2F11s28xtgb3!19sChIJAetWLMRhHTERMFh5LLYSr-A?authuser=0&hl=en&rclk=1"
"0x30e299fd10f2dec5:0x35aab0d82f8f025b","PetigeBKK","Pet Shop","
4 Ratchaphruek Rd, Bang Phrom, Taling Chan, Bangkok 10170, Thailand","Plus Code: PCWX+79 Bangkok, Thailand","","","+66 80 642 5145","","","5.0","126","","","Open","","https://www.google.com/maps/place/PetigeBKK/data=!4m7!3m6!1s0x30e299fd10f2dec5:0x35aab0d82f8f025b!8m2!3d13.7457205!4d100.4484487!16s%2Fg%2F11jylp9vqs!19sChIJxd7yEP2Z4jARWwKPL9iwqjU?authuser=0&hl=en&rclk=1"
"0x30e29f4b4cb1d931:0xf288878652908875","DS ALL Co., Ltd.","Dental supply store","
615 อาคารจิตต์อุทัย ชั้น 11, Ramkhamhaeng Rd, Hua Mak, Bang Kapi, Bangkok 10240, Thailand","QJ6H+GM Bangkok, Thailand","","","+66 2 375 1516","https://ds-all.co.th/","","4.2","11","","","Open","","https://www.google.com/maps/place/DS+ALL+Co.,+Ltd./data=!4m7!3m6!1s0x30e29f4b4cb1d931:0xf288878652908875!8m2!3d13.7613578!4d100.62917!16s%2Fg%2F11h6s211mx!19sChIJMdmxTEuf4jARdYiQUoaHiPI?authuser=0&hl=en&rclk=1"
"0x311d5fcba6365823:0x712aac85224f9e1c","Dentajoy Bangna (เดนต้าจอย สาขาบางนา) จัดฟันใส Invisalign จัดฟัน Brava BRIUS ฟอกสีฟัน รากเทียม Implant Veneer","Dental clinic","
เลขที่ 1011, ห้องบี 3, ชั้นบี 1, คลินิกทันตกรรมเดนต้าจอย สาขาบางนา Index Living Mall, Debaratna Rd, Bang Na Nuea, Bang Na, Bangkok 10260, Thailand","MM82+37 Bangkok, Thailand","","","+66 93 826 6497","https://www.dentajoy.com/","","5.0","584","","","Open","","https://www.google.com/maps/place/Dentajoy+Bangna+%28%E0%B9%80%E0%B8%94%E0%B8%99%E0%B8%95%E0%B9%89%E0%B8%B2%E0%B8%88%E0%B8%AD%E0%B8%A2+%E0%B8%AA%E0%B8%B2%E0%B8%82%E0%B8%B2%E0%B8%9A%E0%B8%B2%E0%B8%87%E0%B8%99%E0%B8%B2%29+%E0%B8%88%E0%B8%B1%E0%B8%94%E0%B8%9F%E0%B8%B1%E0%B8%99%E0%B9%83%E0%B8%AA+Invisalign+%E0%B8%88%E0%B8%B1%E0%B8%94%E0%B8%9F%E0%B8%B1%E0%B8%99+Brava+BRIUS+%E0%B8%9F%E0%B8%AD%E0%B8%81%E0%B8%AA%E0%B8%B5%E0%B8%9F%E0%B8%B1%E0%B8%99+%E0%B8%A3%E0%B8%B2%E0%B8%81%E0%B9%80%E0%B8%97%E0%B8%B5%E0%B8%A2%E0%B8%A1+Implant+Veneer/data=!4m7!3m6!1s0x311d5fcba6365823:0x712aac85224f9e1c!8m2!3d13.6651776!4d100.6507443!16s%2Fg%2F11jzjwx350!19sChIJI1g2pstfHTERHJ5PIoWsKnE?authuser=0&hl=en&rclk=1"
"0x311d5f9caaff522f:0xbc0a15a0fca652ab","SOL dental clinic","Dental clinic","
56 4 Soi Bang Na-Trat 23, Bang Na Nuea, Bang Na, Bangkok 10260, Thailand","MJCP+MF Bangkok, Thailand","","","+66 97 947 7134","https://soldentalth.com/","","5.0","127","","","Open","","https://www.google.com/maps/place/SOL+dental+clinic/data=!4m7!3m6!1s0x311d5f9caaff522f:0xbc0a15a0fca652ab!8m2!3d13.6716579!4d100.6361901!16s%2Fg%2F11svj14nf9!19sChIJL1L_qpxfHTERq1Km_KAVCrw?authuser=0&hl=en&rclk=1"
"0x311d6040c5c3936b:0x94f18c297755f85d","Seksan Dental Clinic","Dental clinic","
1204 On Nut 60 Alley, Suan Luang, Bangkok 10250, Thailand","PJ6V+RC Bangkok, Thailand","","","+66 2 322 4304","","","4.7","9","","","","","https://www.google.com/maps/place/Seksan+Dental+Clinic/data=!4m7!3m6!1s0x311d6040c5c3936b:0x94f18c297755f85d!8m2!3d13.7120268!4d100.643528!16s%2Fg%2F1vm_vbzq!19sChIJa5PDxUBgHTERXfhVdymM8ZQ?authuser=0&hl=en&rclk=1"
"0x311d61673b8a7139:0x4fc397b6435a7bbe","คลินิกทันตกรรมพีพีเค","Dentist","
2045 Phatthanakan Rd, Khwaeng Suan Luang, Suan Luang, Bangkok 10250, Thailand","PJPJ+MV Bangkok, Thailand","","","+66 66 116 6681","","","4.5","17","","","Open","","https://www.google.com/maps/place/%E0%B8%84%E0%B8%A5%E0%B8%B4%E0%B8%99%E0%B8%B4%E0%B8%81%E0%B8%97%E0%B8%B1%E0%B8%99%E0%B8%95%E0%B8%81%E0%B8%A3%E0%B8%A3%E0%B8%A1%E0%B8%9E%E0%B8%B5%E0%B8%9E%E0%B8%B5%E0%B9%80%E0%B8%84/data=!4m7!3m6!1s0x311d61673b8a7139:0x4fc397b6435a7bbe!8m2!3d13.7367337!4d100.6321565!16s%2Fg%2F11j7hzdw82!19sChIJOXGKO2dhHTERvntaQ7aXw08?authuser=0&hl=en&rclk=1"
"0x30e2bd33365cbf05:0x64bd36d3bfbb8f6e","LDC Dental พระราม 2","Dental clinic","
59/456 ถนนพระรามที่ 2 อยู่หน้าห้างเซ็นทัลพระราม2 ติดถนนฝั่งตรงข้ามบิ้กซีก่อนถึงสะพานลอย, Samae Dam, Bang Khun Thian, Bangkok 10150, Thailand","MC7Q+3M Bangkok, Thailand","","","+66 2 030 4360","https://www.ldcdental.com/","","4.8","49","","","Open","","https://www.google.com/maps/place/LDC+Dental+%E0%B8%9E%E0%B8%A3%E0%B8%B0%E0%B8%A3%E0%B8%B2%E0%B8%A1+2/data=!4m7!3m6!1s0x30e2bd33365cbf05:0x64bd36d3bfbb8f6e!8m2!3d13.662748!4d100.4392023!16s%2Fg%2F1tcw11cp!19sChIJBb9cNjO94jARbo-7v9M2vWQ?authuser=0&hl=en&rclk=1"
"0x30e28f0ae7a50671:0x55ee51a7600902cf","LEMON Dental Clinic (สาขาบางใหญ่ซิตี้) จัดฟัน ทำฟัน - เลมอน คลินิกทันตกรรม","Dental clinic","
61/43 ถนน หมู่บ้านบางใหญ่ซิตี้, Bangyai, Sao Thong Hin, Bang Yai District, Nonthaburi 11140, Thailand","VCH4+JJ Sao Thong Hin, Bang Yai District, Nonthaburi, Thailand","","","+66 98 065 7711","","","5.0","188","","","Open","","https://www.google.com/maps/place/LEMON+Dental+Clinic+%28%E0%B8%AA%E0%B8%B2%E0%B8%82%E0%B8%B2%E0%B8%9A%E0%B8%B2%E0%B8%87%E0%B9%83%E0%B8%AB%E0%B8%8D%E0%B9%88%E0%B8%8B%E0%B8%B4%E0%B8%95%E0%B8%B5%E0%B9%89%29+%E0%B8%88%E0%B8%B1%E0%B8%94%E0%B8%9F%E0%B8%B1%E0%B8%99+%E0%B8%97%E0%B8%B3%E0%B8%9F%E0%B8%B1%E0%B8%99+-+%E0%B9%80%E0%B8%A5%E0%B8%A1%E0%B8%AD%E0%B8%99+%E0%B8%84%E0%B8%A5%E0%B8%B4%E0%B8%99%E0%B8%B4%E0%B8%81%E0%B8%97%E0%B8%B1%E0%B8%99%E0%B8%95%E0%B8%81%E0%B8%A3%E0%B8%A3%E0%B8%A1/data=!4m7!3m6!1s0x30e28f0ae7a50671:0x55ee51a7600902cf!8m2!3d13.8790821!4d100.4065621!16s%2Fg%2F11vyk3rqhg!19sChIJcQal5wqP4jARzwIJYKdR7lU?authuser=0&hl=en&rclk=1"
"0x311d6191f42453fb:0xab11934d671635b9","Nuvo Dental Home Clinic","Dental clinic","
768 ปาก Ramkhamhaeng 58/4 Alley, Hua Mak, Bang Kapi, Bangkok 10240, Thailand","QJ7X+45 Bangkok, Thailand","","","+66 2 379 4996","https://www.facebook.com/profile.php?id=61571639856382","","3.5","10","","","Open","","https://www.google.com/maps/place/Nuvo+Dental+Home+Clinic/data=!4m7!3m6!1s0x311d6191f42453fb:0xab11934d671635b9!8m2!3d13.7627718!4d100.6479541!16s%2Fg%2F1hm4j694k!19sChIJ-1Mk9JFhHTERuTUWZ02TEas?authuser=0&hl=en&rclk=1"
"0x30e29d72c4cef53d:0xc0f9529c6f143a4","Dental Dee Clinic","Dental clinic","
350, 53 Lat Phrao Rd, Saphan Song, Khet Wang Thonglang, Krung Thep Maha Nakhon 10240, Thailand","QHXW+C8 Bangkok, Thailand","","","+66 64 165 6555","https://www.facebook.com/Dental-Dee-Clinic-934218879977432/","","4.8","25","","","Open","","https://www.google.com/maps/place/Dental+Dee+Clinic/data=!4m7!3m6!1s0x30e29d72c4cef53d:0xc0f9529c6f143a4!8m2!3d13.7985798!4d100.595854!16s%2Fg%2F11fm7b04gb!19sChIJPfXOxHKd4jARpEPxximVDww?authuser=0&hl=en&rclk=1"
"0x30e29fb3835b9b9b:0xdc18370dcc58dd27","TEETH TALK Dental Clinic สาขา สาขารามคำแหง22 จัดฟัน ดัดฟัน ทำฟัน","Dental clinic","
เลขที่ 2080/3-4 Ramkhamhaeng Rd, Hua Mak, Bang Kapi, Bangkok 10240, Thailand","QJ37+X9 Bangkok, Thailand","","","","","","4.9","7","","","Open","","https://www.google.com/maps/place/TEETH+TALK+Dental+Clinic+%E0%B8%AA%E0%B8%B2%E0%B8%82%E0%B8%B2+%E0%B8%AA%E0%B8%B2%E0%B8%82%E0%B8%B2%E0%B8%A3%E0%B8%B2%E0%B8%A1%E0%B8%84%E0%B8%B3%E0%B9%81%E0%B8%AB%E0%B8%8722+%E0%B8%88%E0%B8%B1%E0%B8%94%E0%B8%9F%E0%B8%B1%E0%B8%99+%E0%B8%94%E0%B8%B1%E0%B8%94%E0%B8%9F%E0%B8%B1%E0%B8%99+%E0%B8%97%E0%B8%B3%E0%B8%9F%E0%B8%B1%E0%B8%99/data=!4m7!3m6!1s0x30e29fb3835b9b9b:0xdc18370dcc58dd27!8m2!3d13.7549931!4d100.6134548!16s%2Fg%2F11nbzvvfs1!19sChIJm5tbg7Of4jARJ91YzA03GNw?authuser=0&hl=en&rclk=1"
"0x30e29fb59bad6deb:0x653e81619df24bbd","คลินิกทันตกรรมเดียร์เด็นทิสต์","Dental clinic","
804 Pridi Banomyong 32 Alley, Khlong Tan Nuea, Watthana, Bangkok 10110, Thailand","PHHW+7F Bangkok, Thailand","","","+66 2 711 1159","","","3.4","5","","","Open","","https://www.google.com/maps/place/%E0%B8%84%E0%B8%A5%E0%B8%B4%E0%B8%99%E0%B8%B4%E0%B8%81%E0%B8%97%E0%B8%B1%E0%B8%99%E0%B8%95%E0%B8%81%E0%B8%A3%E0%B8%A3%E0%B8%A1%E0%B9%80%E0%B8%94%E0%B8%B5%E0%B8%A2%E0%B8%A3%E0%B9%8C%E0%B9%80%E0%B8%94%E0%B9%87%E0%B8%99%E0%B8%97%E0%B8%B4%E0%B8%AA%E0%B8%95%E0%B9%8C/data=!4m7!3m6!1s0x30e29fb59bad6deb:0x653e81619df24bbd!8m2!3d13.7281496!4d100.5961382!16s%2Fg%2F1pp2x7wdb!19sChIJ622tm7Wf4jARvUvynWGBPmU?authuser=0&hl=en&rclk=1"
"0x311d619238985d79:0xd2a5b82d94e9fbf8","Orthodontics Center Ramkhamhaeng 39 - ศูนย์ จัดฟัน รากเทียม รามคำแหง39","Orthodontist","
2105 ชั้นที่ 2 Soi Ramkhamhaeng 39, Hua Mak, Bang Kapi, Bangkok 10240, Thailand","QJ58+34 Bangkok, Thailand","","","+66 80 293 8988","","","4.7","57","","","Open","","https://www.google.com/maps/place/Orthodontics+Center+Ramkhamhaeng+39+-+%E0%B8%A8%E0%B8%B9%E0%B8%99%E0%B8%A2%E0%B9%8C+%E0%B8%88%E0%B8%B1%E0%B8%94%E0%B8%9F%E0%B8%B1%E0%B8%99+%E0%B8%A3%E0%B8%B2%E0%B8%81%E0%B9%80%E0%B8%97%E0%B8%B5%E0%B8%A2%E0%B8%A1+%E0%B8%A3%E0%B8%B2%E0%B8%A1%E0%B8%84%E0%B8%B3%E0%B9%81%E0%B8%AB%E0%B8%8739/data=!4m7!3m6!1s0x311d619238985d79:0xd2a5b82d94e9fbf8!8m2!3d13.7576978!4d100.615274!16s%2Fg%2F1hc3c078w!19sChIJeV2YOJJhHTER-PvplC24pdI?authuser=0&hl=en&rclk=1"
"0x311d636033482553:0xa783ac69fd42a51c","AllGood Dental Clinic ออกู๊ด คลินิกทันตกรรม | ลาดพร้าว101 | คลองจั่น | บางกะปิ | ทำฟัน จัดฟัน รากฟันเทียม วีเนียร์","Dental clinic","
288 Thanon Lat Phrao 101, Khlong Chan, Bang Kapi, Bangkok 10240, Thailand","QJRH+FC Bangkok, Thailand","","","+66 80 264 2656","https://www.facebook.com/profile.php?id=61556654069332&mibextid=JRoKGi","","5.0","302","","","Open","","https://www.google.com/maps/place/AllGood+Dental+Clinic+%E0%B8%AD%E0%B8%AD%E0%B8%81%E0%B8%B9%E0%B9%8A%E0%B8%94+%E0%B8%84%E0%B8%A5%E0%B8%B4%E0%B8%99%E0%B8%B4%E0%B8%81%E0%B8%97%E0%B8%B1%E0%B8%99%E0%B8%95%E0%B8%81%E0%B8%A3%E0%B8%A3%E0%B8%A1+%7C+%E0%B8%A5%E0%B8%B2%E0%B8%94%E0%B8%9E%E0%B8%A3%E0%B9%89%E0%B8%B2%E0%B8%A7101+%7C+%E0%B8%84%E0%B8%A5%E0%B8%AD%E0%B8%87%E0%B8%88%E0%B8%B1%E0%B9%88%E0%B8%99+%7C+%E0%B8%9A%E0%B8%B2%E0%B8%87%E0%B8%81%E0%B8%B0%E0%B8%9B%E0%B8%B4+%7C+%E0%B8%97%E0%B8%B3%E0%B8%9F%E0%B8%B1%E0%B8%99+%E0%B8%88%E0%B8%B1%E0%B8%94%E0%B8%9F%E0%B8%B1%E0%B8%99+%E0%B8%A3%E0%B8%B2%E0%B8%81%E0%B8%9F%E0%B8%B1%E0%B8%99%E0%B9%80%E0%B8%97%E0%B8%B5%E0%B8%A2%E0%B8%A1+%E0%B8%A7%E0%B8%B5%E0%B9%80%E0%B8%99%E0%B8%B5%E0%B8%A2%E0%B8%A3%E0%B9%8C/data=!4m7!3m6!1s0x311d636033482553:0xa783ac69fd42a51c!8m2!3d13.7912123!4d100.6285209!16s%2Fg%2F11y41fpbcy!19sChIJUyVIM2BjHTERHKVC_Wmsg6c?authuser=0&hl=en&rclk=1"
"0x30e29e066694dc67:0xe2ebff50bb03b083","โรงพยาบาลศัลยกรรมตกแต่งกมล","Hospital","
1223 Lat Phrao 94 Alley, Khwaeng Phlabphla, Khet Wang Thonglang, Bangkok 10310, Thailand","QJF6+7Q Bangkok, Thailand","13.7732098","100.6119584","+66 2 559 0155","https://www.kamolhospital.com/","","4.4","540","","","","","https://www.google.com/maps/place/%E0%B9%82%E0%B8%A3%E0%B8%87%E0%B8%9E%E0%B8%A2%E0%B8%B2%E0%B8%9A%E0%B8%B2%E0%B8%A5%E0%B8%A8%E0%B8%B1%E0%B8%A5%E0%B8%A2%E0%B8%81%E0%B8%A3%E0%B8%A3%E0%B8%A1%E0%B8%95%E0%B8%81%E0%B9%81%E0%B8%95%E0%B9%88%E0%B8%87%E0%B8%81%E0%B8%A1%E0%B8%A5/@13.7732098,100.6119584,17z/data=!3m1!4b1!4m6!3m5!1s0x30e29e066694dc67:0xe2ebff50bb03b083!8m2!3d13.7732098!4d100.6119584!16s%2Fg%2F11b6rtl437?authuser=0&hl=en&entry=ttu&g_ep=EgoyMDI2MDYyMS4wIKXMDSoASAFQAw%3D%3D"
"0x30e29d291fcb04d5:0x713af5d3aed4a3a8","Lotus's Ramindra","Hypermarket","
59 Pradit Manutham Rd, Lat Phrao, Bangkok 10230","RJ27+PG Bangkok","13.8018507","100.6138694","02 935 9800","https://www.lotuss.com/","","4.3","4366","Moderately priced","$$","Open","","https://www.google.com/maps/place/Lotus's+Ramindra/@13.8018507,100.6138694,17z/data=!3m1!4b1!4m6!3m5!1s0x30e29d291fcb04d5:0x713af5d3aed4a3a8!8m2!3d13.8018507!4d100.6138694!16s%2Fg%2F1tjclxp3?authuser=0&hl=en&entry=ttu&g_ep=EgoyMDI2MDYyMS4wIKXMDSoASAFQAw%3D%3D"
"0x30e29d0a28dc12bb:0x1b504abbfa4d1a33","คลินิกทันตกรรมเดนท์ อาร์ อัส จัดฟัน รากเทียม ทำฟัน ลาดพร้าว เสนา โชคชัย 4 (Dent R'Us Dental Clinic)","Dental clinic","
800 ถนนลาดพร้าววังหิน ปากซอยลาดพร้าววังหิน 66 800 Lad Prao Wanghin Rd, Lat Phrao, Bangkok 10230, Thailand","RHGR+8P Bangkok, Thailand","13.8257648","100.5918693","+66 94 573 3888","https://www.dentrusclinic.com/","","4.3","87","","","Open","","https://www.google.com/maps/place/%E0%B8%84%E0%B8%A5%E0%B8%B4%E0%B8%99%E0%B8%B4%E0%B8%81%E0%B8%97%E0%B8%B1%E0%B8%99%E0%B8%95%E0%B8%81%E0%B8%A3%E0%B8%A3%E0%B8%A1%E0%B9%80%E0%B8%94%E0%B8%99%E0%B8%97%E0%B9%8C+%E0%B8%AD%E0%B8%B2%E0%B8%A3%E0%B9%8C+%E0%B8%AD%E0%B8%B1%E0%B8%AA+%E0%B8%88%E0%B8%B1%E0%B8%94%E0%B8%9F%E0%B8%B1%E0%B8%99+%E0%B8%A3%E0%B8%B2%E0%B8%81%E0%B9%80%E0%B8%97%E0%B8%B5%E0%B8%A2%E0%B8%A1+%E0%B8%97%E0%B8%B3%E0%B8%9F%E0%B8%B1%E0%B8%99+%E0%B8%A5%E0%B8%B2%E0%B8%94%E0%B8%9E%E0%B8%A3%E0%B9%89%E0%B8%B2%E0%B8%A7+%E0%B9%80%E0%B8%AA%E0%B8%99%E0%B8%B2+%E0%B9%82%E0%B8%8A%E0%B8%84%E0%B8%8A%E0%B8%B1%E0%B8%A2+4+(Dent+R'Us+Dental+Clinic)/@13.8257648,100.5918693,17z/data=!3m1!4b1!4m6!3m5!1s0x30e29d0a28dc12bb:0x1b504abbfa4d1a33!8m2!3d13.8257648!4d100.5918693!16s%2Fg%2F11dxbkj1zr?authuser=0&hl=en&entry=ttu&g_ep=EgoyMDI2MDYyMS4wIKXMDSoASAFQAw%3D%3D"
"0x311d618c9b911eef:0x78f00c7c2c2522ac","The Dentalist","Dental clinic","
L1, The Mall Bangkapi, 3522 Lat Phrao Rd, Khlong Chan, Klong Chan, Bangkok 10240, Thailand","QJ8R+5R Bangkok, Thailand","","","+66 2 734 0404","http://facebook.com/thedentalisdentalclinic","","1.3","19","","","Open","","https://www.google.com/maps/place/The+Dentalist/data=!4m7!3m6!1s0x311d618c9b911eef:0x78f00c7c2c2522ac!8m2!3d13.7654009!4d100.642046!16s%2Fg%2F11h1ktzjf!19sChIJ7x6Rm4xhHTERrCIlLHwM8Hg?authuser=0&hl=en&rclk=1"
"0x311d61f4b6088b25:0xb2e95d01c988c646","Vanarom Dental Clinic","Dental clinic","
138 Happy Land Sai 1 Rd, Khlong Chan, Bang Kapi, Bangkok 10240","QJCR+FP Bangkok","","","095 251 9590","https://www.vanaromdental.com/","","4.7","12","","","Open","","https://www.google.com/maps/place/Vanarom+Dental+Clinic/data=!4m7!3m6!1s0x311d61f4b6088b25:0xb2e95d01c988c646!8m2!3d13.7712381!4d100.6418161!16s%2Fg%2F11g86mmnxr!19sChIJJYsItvRhHTERRsaIyQFd6bI?authuser=0&hl=en&rclk=1"
"0x30e29e523ed0402f:0x69335d9bc6eb80a1","Thai Medical Vacation","Medical clinic","
808 8 Thong Lo, Khwaeng Khlong Tan Nuea, Watthana, Bangkok 10110","PHPM+PM Bangkok","","","091 430 7560","https://www.thaimedicalvacation.com/","","4.4","5","","","Open","","https://www.google.com/maps/place/Thai+Medical+Vacation/data=!4m7!3m6!1s0x30e29e523ed0402f:0x69335d9bc6eb80a1!8m2!3d13.7367948!4d100.5841454!16s%2Fg%2F1pzsvntrf!19sChIJL0DQPlKe4jARoYDrxptdM2k?authuser=0&hl=en&rclk=1"
"0x30e29b0bd509c46b:0xabc9bc3332861bd8","Thawatchai Dental Clinic","Health","
หมู่ที่ 7 130/86-87 Phibul Songkhram Rd, อำเภอ เมือง Nonthaburi 11000, Thailand","RGJ2+4J Nonthaburi, Mueang Nonthaburi District, Nonthaburi, Thailand","","","+66 83 892 1654","","","4.9","25","","","Open","","https://www.google.com/maps/place/Thawatchai+Dental+Clinic/data=!4m7!3m6!1s0x30e29b0bd509c46b:0xabc9bc3332861bd8!8m2!3d13.8303138!4d100.5015708!16s%2Fg%2F1hm34l330!19sChIJa8QJ1Qub4jAR2BuGMjO8yas?authuser=0&hl=en&rclk=1"
"0x30e29f543faaeadf:0x9b1bf79d36bfaeee","คลินิกรุ่งเจริญทันตแพทย์","Medical clinic","
537 4 Sathu Pradit Rd, Chong Nonsi, Yan Nawa, Bangkok 10120, Thailand","MGVM+4H Bangkok, Thailand","13.692849","100.533986","+66 2 295 2359","","","2.8","9","","","Open","","https://www.google.com/maps/place/%E0%B8%84%E0%B8%A5%E0%B8%B4%E0%B8%99%E0%B8%B4%E0%B8%81%E0%B8%A3%E0%B8%B8%E0%B9%88%E0%B8%87%E0%B9%80%E0%B8%88%E0%B8%A3%E0%B8%B4%E0%B8%8D%E0%B8%97%E0%B8%B1%E0%B8%99%E0%B8%95%E0%B9%81%E0%B8%9E%E0%B8%97%E0%B8%A2%E0%B9%8C/@13.692849,100.533986,17z/data=!3m1!4b1!4m6!3m5!1s0x30e29f543faaeadf:0x9b1bf79d36bfaeee!8m2!3d13.692849!4d100.533986!16s%2Fg%2F1vm77xfd?authuser=0&hl=en&entry=ttu&g_ep=EgoyMDI2MDYyMS4wIKXMDSoASAFQAw%3D%3D"
"0x30e29ddacd769fe9:0x665bc0fe92ac3da3","Pure'n Bright Clinic MedDent","Medical clinic","
283/1 Sutthisan Winitchai Rd, Samsen Nok, Huai Khwang, Bangkok 10310, Thailand","QHQQ+P4 Bangkok, Thailand","","","+66 89 171 8100","http://www.pureandbright.com/","","4.9","173","","","Open","","https://www.google.com/maps/place/Pure%27n+Bright+Clinic+MedDent/data=!4m7!3m6!1s0x30e29ddacd769fe9:0x665bc0fe92ac3da3!8m2!3d13.7892569!4d100.5878594!16s%2Fg%2F1pt_822k6!19sChIJ6Z92zdqd4jARoz2skv7AW2Y?authuser=0&hl=en&rclk=1"
"0x30e29c4fff092537:0x38df74535b6a19dc","Mit Sampan Dental","Dental clinic","
243 23 Lat Phrao 1, Chom Phon, Chatuchak, Bangkok 10900, Thailand","RH77+59 Bangkok, Thailand","","","+66 89 129 6322","","","4.5","15","","","Open","","https://www.google.com/maps/place/Mit+Sampan+Dental/data=!4m7!3m6!1s0x30e29c4fff092537:0x38df74535b6a19dc!8m2!3d13.8129686!4d100.5634743!16s%2Fg%2F11j2y_7gp8!19sChIJNyUJ_0-c4jAR3BlqW1N03zg?authuser=0&hl=en&rclk=1"
"0x30e2a3bc4f5c29f5:0xebebc2752973aa13","Smile dental studio clinic 2 คลินิกทันตกรรม สไมล์เดนทัลสตูดิโอ 2","Dental clinic","
105/8 หมู่10, Suk Sawat Rd, บางครุ, Phra Pradaeng District, Samut Prakan 10130, Thailand","JGQG+4Q Lat Luang, Phra Pradaeng District, Samut Prakan, Thailand","","","+66 62 662 4465","https://www.facebook.com/smiledentalstudioclinic","","4.1","29","","","Open","","https://www.google.com/maps/place/Smile+dental+studio+clinic+2+%E0%B8%84%E0%B8%A5%E0%B8%B4%E0%B8%99%E0%B8%B4%E0%B8%81%E0%B8%97%E0%B8%B1%E0%B8%99%E0%B8%95%E0%B8%81%E0%B8%A3%E0%B8%A3%E0%B8%A1+%E0%B8%AA%E0%B9%84%E0%B8%A1%E0%B8%A5%E0%B9%8C%E0%B9%80%E0%B8%94%E0%B8%99%E0%B8%97%E0%B8%B1%E0%B8%A5%E0%B8%AA%E0%B8%95%E0%B8%B9%E0%B8%94%E0%B8%B4%E0%B9%82%E0%B8%AD+2/data=!4m7!3m6!1s0x30e2a3bc4f5c29f5:0xebebc2752973aa13!8m2!3d13.6378185!4d100.526983!16s%2Fg%2F11ghshlwjw!19sChIJ9SlcT7yj4jARE6pzKXXC6-s?authuser=0&hl=en&rclk=1"
"0x30e2a00aadbe1e7b:0x20d6d600f5a66a3","คลินิกทันตกรรมลาซาล (Lasalle Dental Clinic)","Dental clinic","
33 ซอย สุขุมวิท 105 Bang Na Tai, Bang Na, Bangkok 10260, Thailand","MJ79+2J Bangkok, Thailand","","","+66 86 311 6916","","","4.5","254","","","Open","","https://www.google.com/maps/place/%E0%B8%84%E0%B8%A5%E0%B8%B4%E0%B8%99%E0%B8%B4%E0%B8%81%E0%B8%97%E0%B8%B1%E0%B8%99%E0%B8%95%E0%B8%81%E0%B8%A3%E0%B8%A3%E0%B8%A1%E0%B8%A5%E0%B8%B2%E0%B8%8B%E0%B8%B2%E0%B8%A5+%28Lasalle+Dental+Clinic%29/data=!4m7!3m6!1s0x30e2a00aadbe1e7b:0x20d6d600f5a66a3!8m2!3d13.6625847!4d100.6190626!16s%2Fg%2F1pp2vj1d8!19sChIJex6-rQqg4jARo2ZaD2BtDQI?authuser=0&hl=en&rclk=1"
"0x30e2bd2d243f0671:0x389e263c6bd654ce","PLUS Dental Clinic | สาขาพระราม 2 | คลินิกทันตกรรมและจัดฟัน ขูดหินปูน อุดฟัน ถอนฟัน ฟันปลอม ฟันขาว วีเนียร์ รักษารากฟัน","Dental clinic","
122/1 A-1,A-2 Samae Dam, Bang Khun Thian, Bangkok 10150, Thailand","MC7V+W2 Bangkok, Thailand","","","+66 62 893 7019","https://www.plusdentalclinic.com/","","4.9","875","","","Open","","https://www.google.com/maps/place/PLUS+Dental+Clinic+%7C+%E0%B8%AA%E0%B8%B2%E0%B8%82%E0%B8%B2%E0%B8%9E%E0%B8%A3%E0%B8%B0%E0%B8%A3%E0%B8%B2%E0%B8%A1+2+%7C+%E0%B8%84%E0%B8%A5%E0%B8%B4%E0%B8%99%E0%B8%B4%E0%B8%81%E0%B8%97%E0%B8%B1%E0%B8%99%E0%B8%95%E0%B8%81%E0%B8%A3%E0%B8%A3%E0%B8%A1%E0%B9%81%E0%B8%A5%E0%B8%B0%E0%B8%88%E0%B8%B1%E0%B8%94%E0%B8%9F%E0%B8%B1%E0%B8%99+%E0%B8%82%E0%B8%B9%E0%B8%94%E0%B8%AB%E0%B8%B4%E0%B8%99%E0%B8%9B%E0%B8%B9%E0%B8%99+%E0%B8%AD%E0%B8%B8%E0%B8%94%E0%B8%9F%E0%B8%B1%E0%B8%99+%E0%B8%96%E0%B8%AD%E0%B8%99%E0%B8%9F%E0%B8%B1%E0%B8%99+%E0%B8%9F%E0%B8%B1%E0%B8%99%E0%B8%9B%E0%B8%A5%E0%B8%AD%E0%B8%A1+%E0%B8%9F%E0%B8%B1%E0%B8%99%E0%B8%82%E0%B8%B2%E0%B8%A7+%E0%B8%A7%E0%B8%B5%E0%B9%80%E0%B8%99%E0%B8%B5%E0%B8%A2%E0%B8%A3%E0%B9%8C+%E0%B8%A3%E0%B8%B1%E0%B8%81%E0%B8%A9%E0%B8%B2%E0%B8%A3%E0%B8%B2%E0%B8%81%E0%B8%9F%E0%B8%B1%E0%B8%99/data=!4m7!3m6!1s0x30e2bd2d243f0671:0x389e263c6bd654ce!8m2!3d13.6647792!4d100.4425193!16s%2Fg%2F11r7ky8fsl!19sChIJcQY_JC294jARzlTWazwmnjg?authuser=0&hl=en&rclk=1"
"0x30e29d5c50f67aa1:0x31833cb531535972","Tooth Story สาขา เกษตร (ทำฟัน จัดฟัน วีเนียร์ รากเทียม)","Dental clinic","
85 Ngamwongwan Rd, Lat Yao, Chatuchak, Bangkok 10900, Thailand","RHRC+V7 Bangkok, Thailand","","","+66 65 096 3254","http://www.toothstorydentalclinic.com/","","5.0","33","","","Open","","https://www.google.com/maps/place/Tooth+Story+%E0%B8%AA%E0%B8%B2%E0%B8%82%E0%B8%B2+%E0%B9%80%E0%B8%81%E0%B8%A9%E0%B8%95%E0%B8%A3+%28%E0%B8%97%E0%B8%B3%E0%B8%9F%E0%B8%B1%E0%B8%99+%E0%B8%88%E0%B8%B1%E0%B8%94%E0%B8%9F%E0%B8%B1%E0%B8%99+%E0%B8%A7%E0%B8%B5%E0%B9%80%E0%B8%99%E0%B8%B5%E0%B8%A2%E0%B8%A3%E0%B9%8C+%E0%B8%A3%E0%B8%B2%E0%B8%81%E0%B9%80%E0%B8%97%E0%B8%B5%E0%B8%A2%E0%B8%A1%29/data=!4m7!3m6!1s0x30e29d5c50f67aa1:0x31833cb531535972!8m2!3d13.8421839!4d100.5707275!16s%2Fg%2F11jz84pq0q!19sChIJoXr2UFyd4jARcllTMbU8gzE?authuser=0&hl=en&rclk=1"
"0x30e29e7863047e55:0x476273a5d2728b7d","คลินิกทันตกรรม เดนทิส ฟอร์ ยู","Dental clinic","
428/4-5 ถนนประชาราษฎร์บำเพ็ญ 20-22 แขวงห้วยขวาง เขตห้วยขวาง Bangkok 10310, Thailand","QHGM+W8 Bangkok, Thailand","","","+66 2 277 7320","","","4.2","16","","","Open","","https://www.google.com/maps/place/%E0%B8%84%E0%B8%A5%E0%B8%B4%E0%B8%99%E0%B8%B4%E0%B8%81%E0%B8%97%E0%B8%B1%E0%B8%99%E0%B8%95%E0%B8%81%E0%B8%A3%E0%B8%A3%E0%B8%A1+%E0%B9%80%E0%B8%94%E0%B8%99%E0%B8%97%E0%B8%B4%E0%B8%AA+%E0%B8%9F%E0%B8%AD%E0%B8%A3%E0%B9%8C+%E0%B8%A2%E0%B8%B9/data=!4m7!3m6!1s0x30e29e7863047e55:0x476273a5d2728b7d!8m2!3d13.777252!4d100.583263!16s%2Fg%2F12ll9vspm!19sChIJVX4EY3ie4jARfYty0qVzYkc?authuser=0&hl=en&rclk=1"
"0x30e2910ec574a8bd:0xa0d539bc207ecb86","Gentle Peach Dental Clinic คลินิกทันตกรรมเจนเทิลพีช","Dental clinic","
12 1-2 ม.4 Nakhon In Rd, Tambon Bang Khun Kong, Bang Kruai District, Nonthaburi 11130, Thailand","RCFM+79 Bang Khun Kong, Bang Kruai District, Nonthaburi, Thailand","","","+66 61 226 9622","http://www.gentlepeachdental.com/","","4.9","54","","","Open","","https://www.google.com/maps/place/Gentle+Peach+Dental+Clinic+%E0%B8%84%E0%B8%A5%E0%B8%B4%E0%B8%99%E0%B8%B4%E0%B8%81%E0%B8%97%E0%B8%B1%E0%B8%99%E0%B8%95%E0%B8%81%E0%B8%A3%E0%B8%A3%E0%B8%A1%E0%B9%80%E0%B8%88%E0%B8%99%E0%B9%80%E0%B8%97%E0%B8%B4%E0%B8%A5%E0%B8%9E%E0%B8%B5%E0%B8%8A/data=!4m7!3m6!1s0x30e2910ec574a8bd:0xa0d539bc207ecb86!8m2!3d13.8231936!4d100.4334862!16s%2Fg%2F11sf9ywgd7!19sChIJvah0xQ6R4jARhst-ILw51aA?authuser=0&hl=en&rclk=1"
"0x30e29c5ae40cd3a3:0xf5a5c1a82e8cee34","Central Dentalist Dental Clinic","Dental clinic","
RH86+493, Phahonyothin Rd, Chatuchak, Bangkok 10900, Thailand","","","","+66 2 513 5411","","","2.6","9","","","Open","","https://www.google.com/maps/place/Central+Dentalist+Dental+Clinic/data=!4m7!3m6!1s0x30e29c5ae40cd3a3:0xf5a5c1a82e8cee34!8m2!3d13.815254!4d100.5609196!16s%2Fg%2F1pp2vchwc!19sChIJo9MM5Fqc4jARNO6MLqjBpfU?authuser=0&hl=en&rclk=1"
"0x30e29d0005577543:0x624caea146611931","สหคลินิกเปาโล (บริการทันตกรรมและการแพทย์แผนไทย)","Dentist","
เลขที่ 3000 Phahonyothin Rd, Chom Phon, Chatuchak, Bangkok 10900, Thailand","RH55+82 Bangkok, Thailand","","","+66 2 023 0001","https://www.paolohospital.com/th-TH/kaset/Clinic/Details/%E0%B8%84%E0%B8%A5%E0%B8%B4%E0%B8%99%E0%B8%B4%E0%B8%81%E0%B9%80%E0%B8%A7%E0%B8%8A%E0%B8%81%E0%B8%A3%E0%B8%A3%E0%B8%A1%E0%B9%80%E0%B8%9B%E0%B8%B2%E0%B9%82%E0%B8%A5","","5.0","13","","","Open","","https://www.google.com/maps/place/%E0%B8%AA%E0%B8%AB%E0%B8%84%E0%B8%A5%E0%B8%B4%E0%B8%99%E0%B8%B4%E0%B8%81%E0%B9%80%E0%B8%9B%E0%B8%B2%E0%B9%82%E0%B8%A5+%28%E0%B8%9A%E0%B8%A3%E0%B8%B4%E0%B8%81%E0%B8%B2%E0%B8%A3%E0%B8%97%E0%B8%B1%E0%B8%99%E0%B8%95%E0%B8%81%E0%B8%A3%E0%B8%A3%E0%B8%A1%E0%B9%81%E0%B8%A5%E0%B8%B0%E0%B8%81%E0%B8%B2%E0%B8%A3%E0%B9%81%E0%B8%9E%E0%B8%97%E0%B8%A2%E0%B9%8C%E0%B9%81%E0%B8%9C%E0%B8%99%E0%B9%84%E0%B8%97%E0%B8%A2%29/data=!4m7!3m6!1s0x30e29d0005577543:0x624caea146611931!8m2!3d13.8083525!4d100.5575267!16s%2Fg%2F11vrzcdczr!19sChIJQ3VXBQCd4jARMRlhRqGuTGI?authuser=0&hl=en&rclk=1"
"0x30e2a10225c4d00b:0xe71722f7935aae0a","Say Cheese Dental Clinic","Dental clinic","
151/2 ซ.สวนส้ม, ถ.ปู่เจ้าสมิงพราย, ต.สำโรงใต้ อ.พระประแดง Phra Pradaeng District, Samut Prakan 10130, Thailand","JHVH+XQ Samrong Tai, Phra Pradaeng District, Samut Prakan, Thailand","13.6449355","100.5794335","+66 88 554 2038","","","4.6","14","","","Open","","https://www.google.com/maps/place/Say+Cheese+Dental+Clinic/@13.6449355,100.5794335,17z/data=!3m1!4b1!4m6!3m5!1s0x30e2a10225c4d00b:0xe71722f7935aae0a!8m2!3d13.6449355!4d100.5794335!16s%2Fg%2F1hc3j11mk?authuser=0&hl=en&entry=ttu&g_ep=EgoyMDI2MDYyMS4wIKXMDSoASAFQAw%3D%3D"
"0x30e29a0a0406aacb:0xb84a63f1f1573df5","Smile Land Dental Clinic สวนผัก32","Dental clinic","
RC2R+Q22 ถนน อัจฉริยะประสิทธิ์ Maha Sawat, Bang Kruai District, Nonthaburi 11130, Thailand","","","","+66 91 742 2658","https://www.facebook.com/SmileLandSuanphak32/","","4.5","38","","","Open","","https://www.google.com/maps/place/Smile+Land+Dental+Clinic+%E0%B8%AA%E0%B8%A7%E0%B8%99%E0%B8%9C%E0%B8%B1%E0%B8%8132/data=!4m7!3m6!1s0x30e29a0a0406aacb:0xb84a63f1f1573df5!8m2!3d13.8018875!4d100.4400161!16s%2Fg%2F11dfkl1k0x!19sChIJy6oGBAqa4jAR9T1X8fFjSrg?authuser=0&hl=en&rclk=1"
"0x30e29e2bf756652f:0x989b75cd1fe5055b","คลินิกทันตกรรมพัฒนาการ","Dental clinic","
962 Phatthanakan Rd, Suan Luang, Bangkok 10250, Thailand","PJP7+CQ Bangkok, Thailand","","","+66 2 717 6622","","","4.5","25","","","Open","","https://www.google.com/maps/place/%E0%B8%84%E0%B8%A5%E0%B8%B4%E0%B8%99%E0%B8%B4%E0%B8%81%E0%B8%97%E0%B8%B1%E0%B8%99%E0%B8%95%E0%B8%81%E0%B8%A3%E0%B8%A3%E0%B8%A1%E0%B8%9E%E0%B8%B1%E0%B8%92%E0%B8%99%E0%B8%B2%E0%B8%81%E0%B8%B2%E0%B8%A3/data=!4m7!3m6!1s0x30e29e2bf756652f:0x989b75cd1fe5055b!8m2!3d13.7360474!4d100.6144874!16s%2Fg%2F1pp2vclc4!19sChIJL2VW9yue4jARWwXlH811m5g?authuser=0&hl=en&rclk=1"
"0x30e2bd4e90a2bd7b:0x11e8753d85a6d2cd","Smile Care Dental Clinic","Dental clinic","
26, 514-515 Ekkachai Rd, Khlong Bang Bon, Bang Bon, Bangkok 10150, Thailand","MCHM+47 Bangkok, Thailand","","","+66 2 415 1994","","","4.7","20","","","Open","","https://www.google.com/maps/place/Smile+Care+Dental+Clinic/data=!4m7!3m6!1s0x30e2bd4e90a2bd7b:0x11e8753d85a6d2cd!8m2!3d13.677792!4d100.4332381!16s%2Fg%2F1hm4b8gqx!19sChIJe72ikE694jARzdKmhT116BE?authuser=0&hl=en&rclk=1"
"0x30e29b5e901376e5:0x7010b8b3ba4b4172","Institute of Dentistry","Dental clinic","
สถาบันทันตกรรม 41 Soi Tiwanon 14, Talat Kwan, Mueang Nonthaburi District, Nonthaburi 11000, Thailand","VG3F+JR Nonthaburi, Mueang Nonthaburi District, Nonthaburi, Thailand","13.8540311","100.5245292","+66 2 150 5787","http://www.dentistry.go.th/","","3.9","89","","","Open","","https://www.google.com/maps/place/Institute+of+Dentistry/@13.8540311,100.5245292,17z/data=!3m1!4b1!4m6!3m5!1s0x30e29b5e901376e5:0x7010b8b3ba4b4172!8m2!3d13.8540311!4d100.5245292!16s%2Fg%2F1hm3sqn42?authuser=0&hl=en&entry=ttu&g_ep=EgoyMDI2MDYyMS4wIKXMDSoASAFQAw%3D%3D"
"0x30e29b6dbe28f489:0xab87d16af58a2541","Nineteen smile dental clinic","Dental clinic","
210/5 Tiwanon 24 Alley, Tambon Bang Kraso, Mueang Nonthaburi District, Nonthaburi 11000, Thailand","VG8C+85 Nonthaburi, Mueang Nonthaburi District, Nonthaburi, Thailand","","","+66 95 176 2852","https://www.facebook.com/NineteenSmile/","","1.6","7","","","Open","","https://www.google.com/maps/place/Nineteen+smile+dental+clinic/data=!4m7!3m6!1s0x30e29b6dbe28f489:0xab87d16af58a2541!8m2!3d13.8657675!4d100.5204932!16s%2Fg%2F11mvmh7tt8!19sChIJifQovm2b4jARQSWK9WrRh6s?authuser=0&hl=en&rclk=1"
"0x30e29e6cd59e6233:0x1bf7b2d7a665e0ec","อาคาร บวรเวชรักษ์ ศูนย์แพทย์พัฒนา","Hospital","
315 ประดิษฐมนูญธรรม Wang Thonglang, Bangkok 10310, Thailand","QH7W+7Q Bangkok, Thailand","","","","","","4.8","12","","","Open","","https://www.google.com/maps/place/%E0%B8%AD%E0%B8%B2%E0%B8%84%E0%B8%B2%E0%B8%A3+%E0%B8%9A%E0%B8%A7%E0%B8%A3%E0%B9%80%E0%B8%A7%E0%B8%8A%E0%B8%A3%E0%B8%B1%E0%B8%81%E0%B8%A9%E0%B9%8C+%E0%B8%A8%E0%B8%B9%E0%B8%99%E0%B8%A2%E0%B9%8C%E0%B9%81%E0%B8%9E%E0%B8%97%E0%B8%A2%E0%B9%8C%E0%B8%9E%E0%B8%B1%E0%B8%92%E0%B8%99%E0%B8%B2/data=!4m7!3m6!1s0x30e29e6cd59e6233:0x1bf7b2d7a665e0ec!8m2!3d13.763159!4d100.5969498!16s%2Fg%2F11g8w9sk5l!19sChIJM2Ke1Wye4jAR7OBlptey9xs?authuser=0&hl=en&rclk=1"
"0x311d61844401bd29:0xf010ece20053ebaf","รักฟันทันตคลีนิค","Dental clinic","
2020 180 Ramkhamhaeng 16 Alley, Hua Mak, Bang Kapi, Bangkok 10240, Thailand","QJ36+9P Bangkok, Thailand","13.7534938","100.6118631","+66 2 718 7222","","","5.0","9","","","Open","","https://www.google.com/maps/place/%E0%B8%A3%E0%B8%B1%E0%B8%81%E0%B8%9F%E0%B8%B1%E0%B8%99%E0%B8%97%E0%B8%B1%E0%B8%99%E0%B8%95%E0%B8%84%E0%B8%A5%E0%B8%B5%E0%B8%99%E0%B8%B4%E0%B8%84/@13.7534938,100.6118631,17z/data=!3m1!4b1!4m6!3m5!1s0x311d61844401bd29:0xf010ece20053ebaf!8m2!3d13.7534938!4d100.6118631!16s%2Fg%2F1vl9nyls?authuser=0&hl=en&entry=ttu&g_ep=EgoyMDI2MDYyMi4wIKXMDSoASAFQAw%3D%3D"
"0x30e2973cb48e6211:0xdf226fa0b1e84783","Deezy dental home บางแค | ทำฟัน จัดฟัน วีเนียร์ รากฟันเทียม","Dental clinic","
385 หมู่ที่ 4 Phet Kasem Rd, Bang Khae, Bangkok 10160, Thailand","PC6C+MP Bangkok, Thailand","","","+66 99 449 9913","http://www.deezydental.com/","","4.8","297","","","Open","","https://www.google.com/maps/place/Deezy+dental+home+%E0%B8%9A%E0%B8%B2%E0%B8%87%E0%B9%81%E0%B8%84+%7C+%E0%B8%97%E0%B8%B3%E0%B8%9F%E0%B8%B1%E0%B8%99+%E0%B8%88%E0%B8%B1%E0%B8%94%E0%B8%9F%E0%B8%B1%E0%B8%99+%E0%B8%A7%E0%B8%B5%E0%B9%80%E0%B8%99%E0%B8%B5%E0%B8%A2%E0%B8%A3%E0%B9%8C+%E0%B8%A3%E0%B8%B2%E0%B8%81%E0%B8%9F%E0%B8%B1%E0%B8%99%E0%B9%80%E0%B8%97%E0%B8%B5%E0%B8%A2%E0%B8%A1/data=!4m7!3m6!1s0x30e2973cb48e6211:0xdf226fa0b1e84783!8m2!3d13.7116858!4d100.4218349!16s%2Fg%2F11j7jpkpwd!19sChIJEWKOtDyX4jARg0fosaBvIt8?authuser=0&hl=en&rclk=1"
"0x30e29df94a5a16d7:0x6d378892636b6297","คลินิกทันตกรรมบ้านรักฟัน","Dental clinic","
2264 Lat Phrao 108 Alley, Wang Thonglang, Bangkok 10310, Thailand","QJM8+24 Bangkok, Thailand","","","+66 94 224 6595","","","5.0","5","","","Open","","https://www.google.com/maps/place/%E0%B8%84%E0%B8%A5%E0%B8%B4%E0%B8%99%E0%B8%B4%E0%B8%81%E0%B8%97%E0%B8%B1%E0%B8%99%E0%B8%95%E0%B8%81%E0%B8%A3%E0%B8%A3%E0%B8%A1%E0%B8%9A%E0%B9%89%E0%B8%B2%E0%B8%99%E0%B8%A3%E0%B8%B1%E0%B8%81%E0%B8%9F%E0%B8%B1%E0%B8%99/data=!4m7!3m6!1s0x30e29df94a5a16d7:0x6d378892636b6297!8m2!3d13.7825949!4d100.6152986!16s%2Fg%2F1pp2w_s4b!19sChIJ1xZaSvmd4jARl2JrY5KIN20?authuser=0&hl=en&rclk=1"
"0x30e2a343ee4fe90b:0xaa76257a4b9054f5","Hola dental home คลินิกทันตกรรมโอล่าเดนโฮม ทำฟัน จัดฟัน ประชาอุทิศ ทุ่งครุ","Dental clinic","
356 Pracha Uthit 57, Bang Mot, Thung Khru, Bangkok 10140, Thailand","JFVX+HH Bangkok, Thailand","","","+66 81 669 9294","","","4.9","49","","","Open","","https://www.google.com/maps/place/Hola+dental+home+%E0%B8%84%E0%B8%A5%E0%B8%B4%E0%B8%99%E0%B8%B4%E0%B8%81%E0%B8%97%E0%B8%B1%E0%B8%99%E0%B8%95%E0%B8%81%E0%B8%A3%E0%B8%A3%E0%B8%A1%E0%B9%82%E0%B8%AD%E0%B8%A5%E0%B9%88%E0%B8%B2%E0%B9%80%E0%B8%94%E0%B8%99%E0%B9%82%E0%B8%AE%E0%B8%A1+%E0%B8%97%E0%B8%B3%E0%B8%9F%E0%B8%B1%E0%B8%99+%E0%B8%88%E0%B8%B1%E0%B8%94%E0%B8%9F%E0%B8%B1%E0%B8%99+%E0%B8%9B%E0%B8%A3%E0%B8%B0%E0%B8%8A%E0%B8%B2%E0%B8%AD%E0%B8%B8%E0%B8%97%E0%B8%B4%E0%B8%A8+%E0%B8%97%E0%B8%B8%E0%B9%88%E0%B8%87%E0%B8%84%E0%B8%A3%E0%B8%B8/data=!4m7!3m6!1s0x30e2a343ee4fe90b:0xaa76257a4b9054f5!8m2!3d13.6439416!4d100.4988822!16s%2Fg%2F11w8vbn96z!19sChIJC-lP7kOj4jAR9VSQS3oldqo?authuser=0&hl=en&rclk=1"
"0x30e2a50045b86719:0x3dd198b19a7ebdb4","คลินิกทันตกรรมแอทประชาอุทิศ - At Prachauthit Dental Clinic","Dental clinic","
Banklongsuan, 988/38-39, Phra Samut Chedi District, Samut Prakan 10290, Thailand","HGR4+W5 Ban Khlong Suan, Phra Samut Chedi District, Samut Prakan, Thailand","","","+66 86 555 7955","https://linktr.ee/Atpdc","","5.0","122","","","Open","","https://www.google.com/maps/place/%E0%B8%84%E0%B8%A5%E0%B8%B4%E0%B8%99%E0%B8%B4%E0%B8%81%E0%B8%97%E0%B8%B1%E0%B8%99%E0%B8%95%E0%B8%81%E0%B8%A3%E0%B8%A3%E0%B8%A1%E0%B9%81%E0%B8%AD%E0%B8%97%E0%B8%9B%E0%B8%A3%E0%B8%B0%E0%B8%8A%E0%B8%B2%E0%B8%AD%E0%B8%B8%E0%B8%97%E0%B8%B4%E0%B8%A8+-+At+Prachauthit+Dental+Clinic/data=!4m7!3m6!1s0x30e2a50045b86719:0x3dd198b19a7ebdb4!8m2!3d13.5922758!4d100.5054566!16s%2Fg%2F11y4szvcp8!19sChIJGWe4RQCl4jARtL1-mrGY0T0?authuser=0&hl=en&rclk=1"
"0x30e297c663946945:0x90d3409e0935e99d","PBS dental clinic","Dental clinic","
275 หมู่ 1 Phet Kasem Rd, Bang Khae Nuea, Phasi Charoen, Bangkok 10600, Thailand","PC65+V9 Bangkok, Thailand","","","+66 61 726 4466","","","4.7","141","","","Open","","https://www.google.com/maps/place/PBS+dental+clinic/data=!4m7!3m6!1s0x30e297c663946945:0x90d3409e0935e99d!8m2!3d13.7122186!4d100.4084787!16s%2Fg%2F11b6cb6snc!19sChIJRWmUY8aX4jARnek1CZ5A05A?authuser=0&hl=en&rclk=1"
"0x30e2a14645b8d4b1:0x8bcdb869a1ec587d","IDEAL SMILE Sathu ไอดีลสไมล์ สาธุประดิษฐ์","Orthodontist","
616/20-21 Sathu Pradit Rd, Bang Phong Phang, Yan Nawa, Bangkok 10120, Thailand","MGJJ+73 Bangkok, Thailand","","","+66 63 642 1615","https://www.idealsmile.dental/","","4.6","19","","","Open","","https://www.google.com/maps/place/IDEAL+SMILE+Sathu+%E0%B9%84%E0%B8%AD%E0%B8%94%E0%B8%B5%E0%B8%A5%E0%B8%AA%E0%B9%84%E0%B8%A1%E0%B8%A5%E0%B9%8C+%E0%B8%AA%E0%B8%B2%E0%B8%98%E0%B8%B8%E0%B8%9B%E0%B8%A3%E0%B8%B0%E0%B8%94%E0%B8%B4%E0%B8%A9%E0%B8%90%E0%B9%8C/data=!4m7!3m6!1s0x30e2a14645b8d4b1:0x8bcdb869a1ec587d!8m2!3d13.6807069!4d100.5302282!16s%2Fg%2F11hlkknjy6!19sChIJsdS4RUah4jARfVjsoWm4zYs?authuser=0&hl=en&rclk=1"
"0x311d602a91edfac5:0x567a79420483016a","คลินิกอรจิราทันตแพทย์","Dental clinic","
342/2 Phatthanakan 30, Khwaeng Suan Luang, Suan Luang, Bangkok 10250, Thailand","PJHC+F7 Bangkok, Thailand","","","+66 2 087 5022","","","4.3","8","","","Open","","https://www.google.com/maps/place/%E0%B8%84%E0%B8%A5%E0%B8%B4%E0%B8%99%E0%B8%B4%E0%B8%81%E0%B8%AD%E0%B8%A3%E0%B8%88%E0%B8%B4%E0%B8%A3%E0%B8%B2%E0%B8%97%E0%B8%B1%E0%B8%99%E0%B8%95%E0%B9%81%E0%B8%9E%E0%B8%97%E0%B8%A2%E0%B9%8C/data=!4m7!3m6!1s0x311d602a91edfac5:0x567a79420483016a!8m2!3d13.7286296!4d100.6206556!16s%2Fg%2F1yg93pw4j!19sChIJxfrtkSpgHTERagGDBEJ5elY?authuser=0&hl=en&rclk=1"
"0x30e29d007e220c05:0x44d2c9f9d180140a","Smile ally Dental Clinic","Dental clinic","
โครงการย่านเกษตร, 29/2, Prasert-Manukit Rd, Sena Nikhom, Chatuchak, Bangkok 10900, Thailand","RHRM+98 Bangkok, Thailand","","","+66 62 352 8694","","","5.0","133","","","Open","","https://www.google.com/maps/place/Smile+ally+Dental+Clinic/data=!4m7!3m6!1s0x30e29d007e220c05:0x44d2c9f9d180140a!8m2!3d13.8409639!4d100.5833551!16s%2Fg%2F11zjvxdr_m!19sChIJBQwifgCd4jARChSA0fnJ0kQ?authuser=0&hl=en&rclk=1"
"0x311d615f96490927:0xc4eec8f4b1ba340","YDC Dental Clinic (กรุงเทพกรีฑา)","Dental clinic","
23 1 Krungthep Kritha 8 Alley, Lane 8, Hua Mak, Bang Kapi, Bangkok 10240, Thailand","PMR3+5V Bangkok, Thailand","","","+66 2 101 1905","https://www.ydcdental.com/","","5.0","91","","","Open","","https://www.google.com/maps/place/YDC+Dental+Clinic+%28%E0%B8%81%E0%B8%A3%E0%B8%B8%E0%B8%87%E0%B9%80%E0%B8%97%E0%B8%9E%E0%B8%81%E0%B8%A3%E0%B8%B5%E0%B8%91%E0%B8%B2%29/data=!4m7!3m6!1s0x311d615f96490927:0xc4eec8f4b1ba340!8m2!3d13.7404837!4d100.6547208!16s%2Fg%2F11w4wjllp_!19sChIJJwlJll9hHTERQKMbS4_sTgw?authuser=0&hl=en&rclk=1"
"0x30e29f0280257831:0x612aaea4502f007f","INTERMEDISOL","Plastic surgeon","","","","","+66 81 691 0128","","","4.6","9","","","Open","","https://www.google.com/maps/place/INTERMEDISOL/data=!4m7!3m6!1s0x30e29f0280257831:0x612aaea4502f007f!8m2!3d13.7245995!4d100.6331108!16s%2Fg%2F1pv5tkld8!19sChIJMXglgAKf4jARfwAvUKSuKmE?authuser=0&hl=en&rclk=1"
"0x30e29d0037b3fc4f:0x2a5e4b877cbd05fe","Wayla Dental Clinic เวลา คลินิกทันตกรรม","Dental clinic","
Ngamwongwan 18 Alley, บางเขน Mueang Nonthaburi District, Nonthaburi 11000, Thailand","VG4R+J7 Nonthaburi, Mueang Nonthaburi District, Nonthaburi, Thailand","","","+66 94 934 9972","","","5.0","94","","","Open","","https://www.google.com/maps/place/Wayla+Dental+Clinic+%E0%B9%80%E0%B8%A7%E0%B8%A5%E0%B8%B2+%E0%B8%84%E0%B8%A5%E0%B8%B4%E0%B8%99%E0%B8%B4%E0%B8%81%E0%B8%97%E0%B8%B1%E0%B8%99%E0%B8%95%E0%B8%81%E0%B8%A3%E0%B8%A3%E0%B8%A1/data=!4m7!3m6!1s0x30e29d0037b3fc4f:0x2a5e4b877cbd05fe!8m2!3d13.8565468!4d100.5406555!16s%2Fg%2F11ltspy18m!19sChIJT_yzNwCd4jAR_gW9fIdLXio?authuser=0&hl=en&rclk=1"
"0x311d61d26c3b46dd:0xe1149853059fbe5f","Seri dental care","Dentist","
Paradise park, Srinagarindra Rd, Khwaeng Nong Bon, Khet Prawet, Bangkok 10250, Thailand","MJPW+GX Bangkok, Thailand","","","+66 86 339 0031","","","5.0","5","","","Open","","https://www.google.com/maps/place/Seri+dental+care/data=!4m7!3m6!1s0x311d61d26c3b46dd:0xe1149853059fbe5f!8m2!3d13.6863506!4d100.6474077!16s%2Fg%2F11tc1h901f!19sChIJ3UY7bNJhHTERX76fBVOYFOE?authuser=0&hl=en&rclk=1"
"0x311d610df97fdaf9:0xf4c0da27624159fa","Kelly","Dental clinic","
Unit #B1R08, 3105 Lat Phrao Rd, Khlong Chan, Bang Kapi, Bangkok 10240, Thailand","QJ9V+73 Bangkok, Thailand","","","+66 82 709 6291","","","4.6","426","","","Open","","https://www.google.com/maps/place/Kelly/data=!4m7!3m6!1s0x311d610df97fdaf9:0xf4c0da27624159fa!8m2!3d13.7682004!4d100.6426682!16s%2Fg%2F11rypx2_y0!19sChIJ-dp_-Q1hHTER-llBYifawPQ?authuser=0&hl=en&rclk=1"
"0x311d61f357b5271f:0xcfe7d5d8dfa4bf6e","คลินิกกฤษณะทันตแพทย์","Dental clinic","
79 Happy Land Sai 1 Rd, Khlong Chan, Bang Kapi, Bangkok 10240, Thailand","QJ9R+VJ Bangkok, Thailand","","","+66 2 377 8835","","","4.8","9","","","Open","","https://www.google.com/maps/place/%E0%B8%84%E0%B8%A5%E0%B8%B4%E0%B8%99%E0%B8%B4%E0%B8%81%E0%B8%81%E0%B8%A4%E0%B8%A9%E0%B8%93%E0%B8%B0%E0%B8%97%E0%B8%B1%E0%B8%99%E0%B8%95%E0%B9%81%E0%B8%9E%E0%B8%97%E0%B8%A2%E0%B9%8C/data=!4m7!3m6!1s0x311d61f357b5271f:0xcfe7d5d8dfa4bf6e!8m2!3d13.7696945!4d100.6416225!16s%2Fg%2F1ts3hnyd!19sChIJHye1V_NhHTERbr-k39jV588?authuser=0&hl=en&rclk=1"
"0x30e2859cc6503f03:0x552d759ad2a5e4a","คลินิกทันตกรรมชูก้าฟิค SugarFix Dental Clinic","Dental clinic","
64 12 หมู่ที่ 3 ถ. เลี่ยงเมืองปากเกร็ด Tambon Bang Talat, Pak Kret District, Nonthaburi 11120, Thailand","VGQ8+V5 Pakkret, Pak Kret District, Nonthaburi, Thailand","","","+66 93 559 2524","","","5.0","5","","","Open","","https://www.google.com/maps/place/%E0%B8%84%E0%B8%A5%E0%B8%B4%E0%B8%99%E0%B8%B4%E0%B8%81%E0%B8%97%E0%B8%B1%E0%B8%99%E0%B8%95%E0%B8%81%E0%B8%A3%E0%B8%A3%E0%B8%A1%E0%B8%8A%E0%B8%B9%E0%B8%81%E0%B9%89%E0%B8%B2%E0%B8%9F%E0%B8%B4%E0%B8%84+SugarFix+Dental+Clinic/data=!4m7!3m6!1s0x30e2859cc6503f03:0x552d759ad2a5e4a!8m2!3d13.889653!4d100.515423!16s%2Fg%2F11mt727g6d!19sChIJAz9QxpyF4jARSl4qrVnXUgU?authuser=0&hl=en&rclk=1"
"0x30e297c5cfc3e753:0x58ccc7de930d0124","Smile Gallery Dental Clinic Bangkae","Dental clinic","
1127 Phet Kasem Rd, Bang Khae, Bangkok 10160, Thailand","PC65+67 Bangkok, Thailand","","","+66 2 821 5821","https://www.facebook.com/SmileGalleryDental/","","4.8","280","","","Open","","https://www.google.com/maps/place/Smile+Gallery+Dental+Clinic+Bangkae/data=!4m7!3m6!1s0x30e297c5cfc3e753:0x58ccc7de930d0124!8m2!3d13.7105041!4d100.4081553!16s%2Fg%2F11c2pkzwg9!19sChIJU-fDz8WX4jARJAENk97HzFg?authuser=0&hl=en&rclk=1"
"0x30e29d83722187c9:0xd34132d2de7958b8","Dr. Tt’s Smile Studio เกษตร | จัดฟัน ทำฟัน โดยทันตแพทย์ปริญญาโทสาขาทันตกรรมจัดฟัน","Dental clinic","
RHQG+V2Q ลาดยาว 2115 Phahonyothin Rd, Khwaeng Lat Yao, Khet Chatuchak, Bangkok 10900, Thailand","","13.8397437","100.5750747","+66 65 596 9928","","","5.0","45","","","Open","","https://www.google.com/maps/place/Dr.+Tt%E2%80%99s+Smile+Studio+%E0%B9%80%E0%B8%81%E0%B8%A9%E0%B8%95%E0%B8%A3+%7C+%E0%B8%88%E0%B8%B1%E0%B8%94%E0%B8%9F%E0%B8%B1%E0%B8%99+%E0%B8%97%E0%B8%B3%E0%B8%9F%E0%B8%B1%E0%B8%99+%E0%B9%82%E0%B8%94%E0%B8%A2%E0%B8%97%E0%B8%B1%E0%B8%99%E0%B8%95%E0%B9%81%E0%B8%9E%E0%B8%97%E0%B8%A2%E0%B9%8C%E0%B8%9B%E0%B8%A3%E0%B8%B4%E0%B8%8D%E0%B8%8D%E0%B8%B2%E0%B9%82%E0%B8%97%E0%B8%AA%E0%B8%B2%E0%B8%82%E0%B8%B2%E0%B8%97%E0%B8%B1%E0%B8%99%E0%B8%95%E0%B8%81%E0%B8%A3%E0%B8%A3%E0%B8%A1%E0%B8%88%E0%B8%B1%E0%B8%94%E0%B8%9F%E0%B8%B1%E0%B8%99/@13.8397437,100.5750747,17z/data=!3m1!4b1!4m6!3m5!1s0x30e29d83722187c9:0xd34132d2de7958b8!8m2!3d13.8397437!4d100.5750747!16s%2Fg%2F11ymywnf79?authuser=0&hl=en&entry=ttu&g_ep=EgoyMDI2MDYyMS4wIKXMDSoASAFQAw%3D%3D"
"0x311d61cecc1cda2b:0x9ff92a2bd245f7ea","Lotus's Phatthanakarn","Hypermarket","
2279 Phatthanakan Rd, Suan Luang, Bangkok 10250, Thailand","PJPP+W8 Bangkok, Thailand","","","+66 2 722 8100","http://www.lotuss.com/","","4.3","3756","Moderately priced","€€","Open","","https://www.google.com/maps/place/Lotus%27s+Phatthanakarn/data=!4m7!3m6!1s0x311d61cecc1cda2b:0x9ff92a2bd245f7ea!8m2!3d13.7373019!4d100.6357817!16s%2Fg%2F1pp2vjnn8!19sChIJK9oczM5hHTER6vdF0isq-Z8?authuser=0&hl=en&rclk=1"
"0x30e29e1d9491a87b:0xd049ac536484bd23","คลินิก ทีซี ทันตแพทย์","Dentist","
2221, หัวหมาก 11 Soi Ramkhamhaeng 51/2, Hua Mak, Bang Kapi, Bangkok 10240, Thailand","QJ69+3G Bangkok, Thailand","","","+66 82 642 0110","","","4.8","12","","","Open","","https://www.google.com/maps/place/%E0%B8%84%E0%B8%A5%E0%B8%B4%E0%B8%99%E0%B8%B4%E0%B8%81+%E0%B8%97%E0%B8%B5%E0%B8%8B%E0%B8%B5+%E0%B8%97%E0%B8%B1%E0%B8%99%E0%B8%95%E0%B9%81%E0%B8%9E%E0%B8%97%E0%B8%A2%E0%B9%8C/data=!4m7!3m6!1s0x30e29e1d9491a87b:0xd049ac536484bd23!8m2!3d13.7601623!4d100.6188309!16s%2Fg%2F1pzrd76tk!19sChIJe6iRlB2e4jARI72EZFOsSdA?authuser=0&hl=en&rclk=1"
"0x43361f271b228ecf:0x417690b6b9ffd654","คลินิกทันตกรรมคลาสซี่สไมล์ สาขา2 ประชาอุทิศ-พระประแดง : ตึกหัวมุมปากซอยประชาอุทิศ4 ใกล้พณิชยการเชตุพน,มจธ.,สามแยกประชาอุทิศ","Dental clinic","","","","","+66 92 402 9990","https://lin.ee/LNYJEJq","","5.0","7","","","Open","","https://www.google.com/maps/place/%E0%B8%84%E0%B8%A5%E0%B8%B4%E0%B8%99%E0%B8%B4%E0%B8%81%E0%B8%97%E0%B8%B1%E0%B8%99%E0%B8%95%E0%B8%81%E0%B8%A3%E0%B8%A3%E0%B8%A1%E0%B8%84%E0%B8%A5%E0%B8%B2%E0%B8%AA%E0%B8%8B%E0%B8%B5%E0%B9%88%E0%B8%AA%E0%B9%84%E0%B8%A1%E0%B8%A5%E0%B9%8C+%E0%B8%AA%E0%B8%B2%E0%B8%82%E0%B8%B22+%E0%B8%9B%E0%B8%A3%E0%B8%B0%E0%B8%8A%E0%B8%B2%E0%B8%AD%E0%B8%B8%E0%B8%97%E0%B8%B4%E0%B8%A8-%E0%B8%9E%E0%B8%A3%E0%B8%B0%E0%B8%9B%E0%B8%A3%E0%B8%B0%E0%B9%81%E0%B8%94%E0%B8%87+:+%E0%B8%95%E0%B8%B6%E0%B8%81%E0%B8%AB%E0%B8%B1%E0%B8%A7%E0%B8%A1%E0%B8%B8%E0%B8%A1%E0%B8%9B%E0%B8%B2%E0%B8%81%E0%B8%8B%E0%B8%AD%E0%B8%A2%E0%B8%9B%E0%B8%A3%E0%B8%B0%E0%B8%8A%E0%B8%B2%E0%B8%AD%E0%B8%B8%E0%B8%97%E0%B8%B4%E0%B8%A84+%E0%B9%83%E0%B8%81%E0%B8%A5%E0%B9%89%E0%B8%9E%E0%B8%93%E0%B8%B4%E0%B8%8A%E0%B8%A2%E0%B8%81%E0%B8%B2%E0%B8%A3%E0%B9%80%E0%B8%8A%E0%B8%95%E0%B8%B8%E0%B8%9E%E0%B8%99,%E0%B8%A1%E0%B8%88%E0%B8%98.,%E0%B8%AA%E0%B8%B2%E0%B8%A1%E0%B9%81%E0%B8%A2%E0%B8%81%E0%B8%9B%E0%B8%A3%E0%B8%B0%E0%B8%8A%E0%B8%B2%E0%B8%AD%E0%B8%B8%E0%B8%97%E0%B8%B4%E0%B8%A8/data=!4m7!3m6!1s0x43361f271b228ecf:0x417690b6b9ffd654!8m2!3d13.7245995!4d100.6331108!16s%2Fg%2F11s2rvxdrx!19sChIJz44iGycfNkMRVNb_ubaQdkE?authuser=0&hl=en&rclk=1"
"0x30e29862408d780d:0x7dcdbe7b0fa2ab4e","Niyom Dental","Health","
Garden River Home, ถ. พระราม ๒ Bang Mot, Chom Thong, Bangkok 10150, Thailand","MFC8+RF Bangkok, Thailand","","","+66 81 438 7975","","","5.0","5","","","Open","","https://www.google.com/maps/place/Niyom+Dental/data=!4m7!3m6!1s0x30e29862408d780d:0x7dcdbe7b0fa2ab4e!8m2!3d13.6721025!4d100.4661596!16s%2Fg%2F1tz7qyr5!19sChIJDXiNQGKY4jARTquiD3u-zX0?authuser=0&hl=en&rclk=1"
"0x30e29f8bd4107e0b:0x45458aed3fae74f7","The One Dental Studio สาขาอ่อนนุช","Dental clinic","
ชั้น1 คอนโด ideo mobi sukhumvit81 Bang Chak, Phra Khanong, Bangkok 10260, Thailand","PJ32+QR Bangkok, Thailand","","","+66 82 824 7463","https://theonedentalstudio.com/","","4.9","217","","","Open","","https://www.google.com/maps/place/The+One+Dental+Studio+%E0%B8%AA%E0%B8%B2%E0%B8%82%E0%B8%B2%E0%B8%AD%E0%B9%88%E0%B8%AD%E0%B8%99%E0%B8%99%E0%B8%B8%E0%B8%8A/data=!4m7!3m6!1s0x30e29f8bd4107e0b:0x45458aed3fae74f7!8m2!3d13.7044138!4d100.6020248!16s%2Fg%2F11n0km_3y2!19sChIJC34Q1Iuf4jAR93SuP-2KRUU?authuser=0&hl=en&rclk=1"
"0x311d599f3dae8117:0x7ea9d04fe2749203","Dento Dental Clinic","Dental clinic","
Thanon Phraeksa, Thai Ban Mai, Mueang Samut Prakan District, Samut Prakan 10280, Thailand","HJHG+P5 Thai Ban Mai, Mueang Samut Prakan District, Samut Prakan, Thailand","","","+66 99 941 5641","","","4.9","300","","","Open","","https://www.google.com/maps/place/Dento+Dental+Clinic/data=!4m7!3m6!1s0x311d599f3dae8117:0x7ea9d04fe2749203!8m2!3d13.5792776!4d100.6253804!16s%2Fg%2F11s7c5z_wj!19sChIJF4GuPZ9ZHTERA5J04k_QqX4?authuser=0&hl=en&rclk=1"
"0x30e29df8d1d326b1:0x227516bebf149ac3","Ban Fan","Dental clinic","
QJM9+522, Lat Phrao Rd, Khlong Chaokhun Sing, Wang Thonglang, Bangkok 10310, Thailand","","","","+66 86 508 9760","https://www.facebook.com/Dr.MattaPal?mibextid=LQQJ4d","","4.8","5","","","Open","","https://www.google.com/maps/place/Ban+Fan/data=!4m7!3m6!1s0x30e29df8d1d326b1:0x227516bebf149ac3!8m2!3d13.782878!4d100.617512!16s%2Fg%2F11r9bm1cq!19sChIJsSbT0fid4jARw5oUv74WdSI?authuser=0&hl=en&rclk=1"
"0x30e29a2027fa0bfb:0x1dac9e997580d4f1","Dental for You","Dentist","
24, 13 หมู่ 6 Borommaratchachonnani Rd, Taling Chan, Bangkok 10170, Thailand","QFP6+5V Bangkok, Thailand","","","+66 2 880 7121","","","4.5","34","","","Open","","https://www.google.com/maps/place/Dental+for+You/data=!4m7!3m6!1s0x30e29a2027fa0bfb:0x1dac9e997580d4f1!8m2!3d13.7854842!4d100.4621289!16s%2Fg%2F1q67ddnt9!19sChIJ-wv6JyCa4jAR8dSAdZmerB0?authuser=0&hl=en&rclk=1"
"0x30e299fb2594ffab:0x33e805f3020fe87","Pet Med Plus @ Pet Mall","Veterinary pharmacy","
515 1 Phran Nok Phutthamonthon Sai 4 Rd, Bang Phrom, Taling Chan, Bangkok 10170, Thailand","QC2Q+JV Bangkok, Thailand","","","+66 94 269 4914","https://www.petmed-plus.com/","","4.7","111","","","Open","","https://www.google.com/maps/place/Pet+Med+Plus+@+Pet+Mall/data=!4m7!3m6!1s0x30e299fb2594ffab:0x33e805f3020fe87!8m2!3d13.7515812!4d100.4397364!16s%2Fg%2F11fn_244wx!19sChIJq_-UJfuZ4jARh_4gMF-APgM?authuser=0&hl=en&rclk=1"
"0x30e29b003d6b298d:0xeadce18a41ca45dd","White House Dental Clinic - คลินิกทันตกรรมบ้านสีขาว - สาขา แคราย","Prosthodontist","
เทสโก้โลตัส เลขที่ 37/112 ล็อก PG050 ชั้น 1 หมู่ 8 Rattanathibet Rd, Bang Krasaw, Mueang Nonthaburi District, Nonthaburi 11000, Thailand","VG69+QH Nonthaburi, Mueang Nonthaburi District, Nonthaburi, Thailand","","","+66 65 538 9881","https://www.facebook.com/profile.php?id=61568768193100","","4.9","35","","","Open","","https://www.google.com/maps/place/White+House+Dental+Clinic+-+%E0%B8%84%E0%B8%A5%E0%B8%B4%E0%B8%99%E0%B8%B4%E0%B8%81%E0%B8%97%E0%B8%B1%E0%B8%99%E0%B8%95%E0%B8%81%E0%B8%A3%E0%B8%A3%E0%B8%A1%E0%B8%9A%E0%B9%89%E0%B8%B2%E0%B8%99%E0%B8%AA%E0%B8%B5%E0%B8%82%E0%B8%B2%E0%B8%A7+-+%E0%B8%AA%E0%B8%B2%E0%B8%82%E0%B8%B2+%E0%B9%81%E0%B8%84%E0%B8%A3%E0%B8%B2%E0%B8%A2/data=!4m7!3m6!1s0x30e29b003d6b298d:0xeadce18a41ca45dd!8m2!3d13.8619167!4d100.518981!16s%2Fg%2F11wn0q1q2m!19sChIJjSlrPQCb4jAR3UXKQYrh3Oo?authuser=0&hl=en&rclk=1"
"0x30e2bda83fdb0365:0x2702a871e5b2516d","Teeth Talk Dental Clinic สาขาพระราม2 จัดฟัน ดัดฟัน ทำฟัน","Dental clinic","
5 ซอย Rama 2 Soi 60/2, Samae Dam, Bang Khun Thian, Bangkok 10150, Thailand","MC29+4V Bangkok, Thailand","","","+66 94 666 9342","https://www.teethtalk-clinic.com/","","4.9","364","","","Open","","https://www.google.com/maps/place/Teeth+Talk+Dental+Clinic+%E0%B8%AA%E0%B8%B2%E0%B8%82%E0%B8%B2%E0%B8%9E%E0%B8%A3%E0%B8%B0%E0%B8%A3%E0%B8%B2%E0%B8%A12+%E0%B8%88%E0%B8%B1%E0%B8%94%E0%B8%9F%E0%B8%B1%E0%B8%99+%E0%B8%94%E0%B8%B1%E0%B8%94%E0%B8%9F%E0%B8%B1%E0%B8%99+%E0%B8%97%E0%B8%B3%E0%B8%9F%E0%B8%B1%E0%B8%99/data=!4m7!3m6!1s0x30e2bda83fdb0365:0x2702a871e5b2516d!8m2!3d13.6503741!4d100.4197198!16s%2Fg%2F11zjx61j0y!19sChIJZQPbP6i94jARbVGy5XGoAic?authuser=0&hl=en&rclk=1"
"0x30e29e522fb6ab3f:0x744b76d9e53d43f9","คลินิกทันตกรรม แอ๊บโซลูท Absolute Dental Clinic","Dental clinic","
MJ4F+X99 โครงการลาซาลอเวนิว, ถนน แบริ่ง - ลาซาล, Bang Na Tai, Bang Na, Bangkok 10260, Thailand","","","","+66 86 495 4991","","","5.0","8","","","Open","","https://www.google.com/maps/place/%E0%B8%84%E0%B8%A5%E0%B8%B4%E0%B8%99%E0%B8%B4%E0%B8%81%E0%B8%97%E0%B8%B1%E0%B8%99%E0%B8%95%E0%B8%81%E0%B8%A3%E0%B8%A3%E0%B8%A1+%E0%B9%81%E0%B8%AD%E0%B9%8A%E0%B8%9A%E0%B9%82%E0%B8%8B%E0%B8%A5%E0%B8%B9%E0%B8%97+Absolute+Dental+Clinic/data=!4m7!3m6!1s0x30e29e522fb6ab3f:0x744b76d9e53d43f9!8m2!3d13.6574099!4d100.6234975!16s%2Fg%2F1jkw9cvr5!19sChIJP6u2L1Ke4jAR-UM95dl2S3Q?authuser=0&hl=en&rclk=1"
"0x311d637dbc250711:0x7c804f92275e0d55","คลินิกทันตกรรมเนโกะ Neko Dental Clinic","Dental clinic","
ตั้งอยู่ในโครงการ The Alley รามอินทรา กม. 9 ฝั่งตรงข้าม รพ สินแพทย์ ข้างหน้าทางเข้ามีศูนย์ Toyota และ ปั้มบางจาก, Ram Inthra, Khan Na Yao, Bangkok 10230, Thailand","RMMC+F5 Bangkok, Thailand","","","+66 94 494 9364","","","4.9","131","","","Open","","https://www.google.com/maps/place/%E0%B8%84%E0%B8%A5%E0%B8%B4%E0%B8%99%E0%B8%B4%E0%B8%81%E0%B8%97%E0%B8%B1%E0%B8%99%E0%B8%95%E0%B8%81%E0%B8%A3%E0%B8%A3%E0%B8%A1%E0%B9%80%E0%B8%99%E0%B9%82%E0%B8%81%E0%B8%B0+Neko+Dental+Clinic/data=!4m7!3m6!1s0x311d637dbc250711:0x7c804f92275e0d55!8m2!3d13.8336347!4d100.6704176!16s%2Fg%2F11sdd6zmdg!19sChIJEQclvH1jHTERVQ1eJ5JPgHw?authuser=0&hl=en&rclk=1"
"0x30e291883def550f:0xeb17078727cb55b2","Dental District ราชพฤกษ์","Dental clinic","
88 2 Nakhon In Rd, Tambon Bang Khun Kong, Bang Kruai District, Nonthaburi 11130, Thailand","RFF3+P5 Bang Khun Kong, Bang Kruai District, Nonthaburi, Thailand","","","+66 93 991 9395","","","5.0","263","","","Open","","https://www.google.com/maps/place/Dental+District+%E0%B8%A3%E0%B8%B2%E0%B8%8A%E0%B8%9E%E0%B8%A4%E0%B8%81%E0%B8%A9%E0%B9%8C/data=!4m7!3m6!1s0x30e291883def550f:0xeb17078727cb55b2!8m2!3d13.8242538!4d100.452956!16s%2Fg%2F11ybxbrzvr!19sChIJD1XvPYiR4jARslXLJ4cHF-s?authuser=0&hl=en&rclk=1"
"0x30e29a9af925211f:0xeef895e668dc1f6f","LDC Dental พระราม 5","Dental clinic","
ต, 103/18-22 ม .4 ถ ราชพฤกษ์ ติด ถ.ราชพฤกษ์ ช่วง ถ.ท่าน้ำนนท์-วัดโบสถ์ และ Bang Kruai - Sai Noi Rd, Bang Krang, อ.เมือง Nonthaburi 11000, Thailand","RCVX+69 Bang Krang, Mueang Nonthaburi District, Nonthaburi, Thailand","","","+66 2 030 4361","https://www.ldcdental.com/","","4.8","62","","","Open","","https://www.google.com/maps/place/LDC+Dental+%E0%B8%9E%E0%B8%A3%E0%B8%B0%E0%B8%A3%E0%B8%B2%E0%B8%A1+5/data=!4m7!3m6!1s0x30e29a9af925211f:0xeef895e668dc1f6f!8m2!3d13.8430905!4d100.4484564!16s%2Fg%2F1td102k2!19sChIJHyEl-Zqa4jARbx_caOaV-O4?authuser=0&hl=en&rclk=1"
"0x30e29ec63692a97b:0x22a9c5591b9929ce","ศูนย์ทันตกรรมเบ็ตตี้สไมล์","Dental clinic","
425, 13-14 Soi Ratchaprarop 8, Makkasan, Ratchathewi, Bangkok 10400, Thailand","QG3R+FR Bangkok, Thailand","","","+66 2 253 2391","","","5.0","7","","","Open","","https://www.google.com/maps/place/%E0%B8%A8%E0%B8%B9%E0%B8%99%E0%B8%A2%E0%B9%8C%E0%B8%97%E0%B8%B1%E0%B8%99%E0%B8%95%E0%B8%81%E0%B8%A3%E0%B8%A3%E0%B8%A1%E0%B9%80%E0%B8%9A%E0%B9%87%E0%B8%95%E0%B8%95%E0%B8%B5%E0%B9%89%E0%B8%AA%E0%B9%84%E0%B8%A1%E0%B8%A5%E0%B9%8C/data=!4m7!3m6!1s0x30e29ec63692a97b:0x22a9c5591b9929ce!8m2!3d13.7537192!4d100.542048!16s%2Fg%2F1td5tls_!19sChIJe6mSNsae4jARzimZG1nFqSI?authuser=0&hl=en&rclk=1"
"0x30e29f00035920a1:0x1051fdd454159a82","PSDC DENTAL CLINIC","Prosthodontist","
1199 Phetchaburi Rd, Makkasan, Ratchathewi, Bangkok 10400, Thailand","PGXV+XP Bangkok, Thailand","","","+66 84 228 0909","","","4.9","11","","","Open","","https://www.google.com/maps/place/PSDC+DENTAL+CLINIC/data=!4m7!3m6!1s0x30e29f00035920a1:0x1051fdd454159a82!8m2!3d13.7499194!4d100.5442609!16s%2Fg%2F11xs34n03d!19sChIJoSBZAwCf4jARgpoVVNT9URA?authuser=0&hl=en&rclk=1"
"0x30e29f2cbf728e87:0x82a2f0423e869039","Verizon dental clinic","Dental clinic","
Silom Road, Si Lom, Bang Rak, Bangkok 10500, Thailand","PGHJ+29 Bangkok, Thailand","","","+66 2 233 5515","","","4.6","9","","","Open","","https://www.google.com/maps/place/Verizon+dental+clinic/data=!4m7!3m6!1s0x30e29f2cbf728e87:0x82a2f0423e869039!8m2!3d13.7276155!4d100.5308838!16s%2Fg%2F1hm33p3bw!19sChIJh45yvyyf4jAROZCGPkLwooI?authuser=0&hl=en&rclk=1"
"0x30e29eb0a13b825d:0x86863a4777da841e","Psmile Dental Clinic","Dental clinic","
45, 8 Soi Langsuan, Lumphini, Pathum Wan, Bangkok 10330, Thailand","PGRV+99 Bangkok, Thailand","","","+66 61 415 6561","http://www.facebook.com/psmiledental","","4.7","14","","","Open","","https://www.google.com/maps/place/Psmile+Dental+Clinic/data=!4m7!3m6!1s0x30e29eb0a13b825d:0x86863a4777da841e!8m2!3d13.7408835!4d100.5434525!16s%2Fg%2F11bwh597j7!19sChIJXYI7obCe4jARHoTad0c6hoY?authuser=0&hl=en&rclk=1"
"0x30e29ed3d240916d:0x1d67204c0af796a","Dept. of Surgery, Chulalongkorn U., Faculty of Dentistry","Academic department","
PGVM+4V6, Pathum Wan, Bangkok 10330, Thailand","","13.7427863","100.534636","+66 2 218 8581","http://www.dent.chula.ac.th/index.php/department/oral-and-maxillofacial-surgery","","5.0","5","","","","","https://www.google.com/maps/place/Dept.+of+Surgery,+Chulalongkorn+U.,+Faculty+of+Dentistry/@13.7427863,100.534636,17z/data=!3m1!4b1!4m6!3m5!1s0x30e29ed3d240916d:0x1d67204c0af796a!8m2!3d13.7427863!4d100.534636!16s%2Fg%2F11c1wzzl7h?authuser=0&hl=en&entry=ttu&g_ep=EgoyMDI2MDYyMS4wIKXMDSoASAFQAw%3D%3D"
"0x30e29f2c1da62ab3:0x135ce9a6eac08323","Bangkok Smile Dental Clinic Silom","Dental clinic","
ตรงข้ามศาลาแดง เพลส 30/8 Sala Daeng Rd, Si Lom, Bang Rak, Bangkok 10500","PGHP+6C Bangkok","","","02 105 4288","https://www.bangkoksmiledental.com/","","4.9","292","","","Open","","https://www.google.com/maps/place/Bangkok+Smile+Dental+Clinic+Silom/data=!4m7!3m6!1s0x30e29f2c1da62ab3:0x135ce9a6eac08323!8m2!3d13.7280576!4d100.5360525!16s%2Fg%2F1thxhj3h!19sChIJsyqmHSyf4jARI4PA6qbpXBM?authuser=0&hl=en&rclk=1"
"0x30e29ff4b8dee849:0xe49ac9f1316a6813","TANN Dental Clinic (Dental Wellness and Aesthetics)","Dental clinic","
3rd Floor, Edge Building, 2 Si Lom Rd, Suriya Wong, Bang Rak, Bangkok 10500, Thailand","PGHP+M7 Bangkok, Thailand","13.7291721","100.5357006","+66 62 292 9925","https://www.tanndental.com/","","5.0","20","","","Open","","https://www.google.com/maps/place/TANN+Dental+Clinic+(Dental+Wellness+and+Aesthetics)/@13.7291721,100.5357006,17z/data=!3m1!4b1!4m6!3m5!1s0x30e29ff4b8dee849:0xe49ac9f1316a6813!8m2!3d13.7291721!4d100.5357006!16s%2Fg%2F11sc_n6v66?authuser=0&hl=en&entry=ttu&g_ep=EgoyMDI2MDYyMS4wIKXMDSoASAFQAw%3D%3D"
"0x30e29fc83149961d:0x66375e099d44296b","Maison dental clinic - เมซอง เดนทัล คลินิก","Dental clinic","
Ground floor, 888/65, Mahatun plaza, Phloen Chit Rd, Lumphini, Pathum Wan, Bangkok 10330, Thailand","PGRX+WC Bangkok, Thailand","","","+66 2 108 9996","","","4.9","337","","","Open","","https://www.google.com/maps/place/Maison+dental+clinic+-+%E0%B9%80%E0%B8%A1%E0%B8%8B%E0%B8%AD%E0%B8%87+%E0%B9%80%E0%B8%94%E0%B8%99%E0%B8%97%E0%B8%B1%E0%B8%A5+%E0%B8%84%E0%B8%A5%E0%B8%B4%E0%B8%99%E0%B8%B4%E0%B8%81/data=!4m7!3m6!1s0x30e29fc83149961d:0x66375e099d44296b!8m2!3d13.7423389!4d100.5486245!16s%2Fg%2F11vc56zk9t!19sChIJHZZJMcif4jARaylEnQleN2Y?authuser=0&hl=en&rclk=1"
"0x30e29fab4419b623:0x56f76de0d2b3db47","Betty Smile Dental Clinic","Dental clinic","
13 Ratchaprarop Rd, Makkasan, Ratchathewi, Bangkok 10400, Thailand","QG3R+GR Bangkok, Thailand","","","+66 93 525 6365","https://m.facebook.com/BettySmileDental/","","5.0","7","","","Open","","https://www.google.com/maps/place/Betty+Smile+Dental+Clinic/data=!4m7!3m6!1s0x30e29fab4419b623:0x56f76de0d2b3db47!8m2!3d13.7537691!4d100.542012!16s%2Fg%2F11rd8720sn!19sChIJI7YZRKuf4jARR9uz0uBt91Y?authuser=0&hl=en&rclk=1"
"0x30e29eb120b8d9d5:0x14151193c4086ccf","The Wisdom Tooth dental clinic","Dental clinic","
1,3/1-4 ชั้น3 อาคารวิคตอรี่คอนเนอร์ Phaya Thai Rd, Thanon Phaya Thai, Ratchathewi, Bangkok 10400, Thailand","QG7Q+F5 Bangkok, Thailand","","","+66 62 447 4159","https://m.facebook.com/wisdomtoothdentist","","4.9","8","","","Open","","https://www.google.com/maps/place/The+Wisdom+Tooth+dental+clinic/data=!4m7!3m6!1s0x30e29eb120b8d9d5:0x14151193c4086ccf!8m2!3d13.7637133!4d100.5379007!16s%2Fg%2F11gdr_p960!19sChIJ1dm4ILGe4jARz2wIxJMRFRQ?authuser=0&hl=en&rclk=1"
"0x30e2994c8ade31d9:0x7e44a9d0e0165399","Phetchaburi Dental Care Clinic","Dental clinic","
125/1 ถนนเพชรบุรี แขวงทุ่งพญาไท เขตราชเทวี ทุ่งพญาไท ราชเทวี Bangkok 10400, Thailand","QG4G+4P Bangkok, Thailand","","","+66 87 356 7776","https://www.facebook.com/pdccdent","","4.3","18","","","Open","","https://www.google.com/maps/place/Phetchaburi+Dental+Care+Clinic/data=!4m7!3m6!1s0x30e2994c8ade31d9:0x7e44a9d0e0165399!8m2!3d13.755269!4d100.5267562!16s%2Fg%2F1hc3h8bmt!19sChIJ2THeikyZ4jARmVMW4NCpRH4?authuser=0&hl=en&rclk=1"
"0x30e29f0bfa33a897:0x95329a015ce39721","Smile Center Dental Clinic (Sukhumvit 39)","Dental clinic","
1/6 Sukhumvit 39, Khlong Tan Nuea, Watthana, Bangkok 10110, Thailand","PHJC+76 Bangkok, Thailand","","","+66 2 010 5353","http://smilecenterdentalclinic.com/","","4.9","264","","","Open","","https://www.google.com/maps/place/Smile+Center+Dental+Clinic+%28Sukhumvit+39%29/data=!4m7!3m6!1s0x30e29f0bfa33a897:0x95329a015ce39721!8m2!3d13.7306609!4d100.5705515!16s%2Fg%2F11lgzn_7cz!19sChIJl6gz-guf4jARIZfjXAGaMpU?authuser=0&hl=en&rclk=1"
"0x30e2994c5238008f:0xa2d30f79ce6a4220","Digital Dental Center","Private hospital","
611 Bamrung Mueang Rd, Khlong Maha Nak, Pom Prap Sattru Phai, Bangkok 10100, Thailand","QG27+5Q Bangkok, Thailand","13.7504297","100.5143764","+66 94 213 0726","","","5.0","75","","","Open","","https://www.google.com/maps/place/Digital+Dental+Center/@13.7504297,100.5143764,17z/data=!3m1!4b1!4m6!3m5!1s0x30e2994c5238008f:0xa2d30f79ce6a4220!8m2!3d13.7504297!4d100.5143764!16s%2Fg%2F11fl098ykx?authuser=0&hl=en&entry=ttu&g_ep=EgoyMDI2MDYyMS4wIKXMDSoASAFQAw%3D%3D"
"0x30e29ef6f7a79945:0x15b0c644fc631423","Thantakit International Dental Center in Bangkok, Thailand","Dental clinic","
1939 New, Bangkapi, Huai Khwang, Bangkok 10310, Thailand","PHXC+7H Bangkok, Thailand","13.7481541","100.5714874","+66 2 718 0777","https://www.thantakit.com/","","4.9","3006","","","Open","","https://www.google.com/maps/place/Thantakit+International+Dental+Center+in+Bangkok,+Thailand/@13.7481541,100.5714874,17z/data=!3m1!4b1!4m6!3m5!1s0x30e29ef6f7a79945:0x15b0c644fc631423!8m2!3d13.7481541!4d100.5714874!16s%2Fg%2F1td7qm__?authuser=0&hl=en&entry=ttu&g_ep=EgoyMDI2MDYyMS4wIKXMDSoASAFQAw%3D%3D"
"0x30e29f4637c1b683:0xb71a9acab1bf5f4a","MDK@Silom Dental Clinic","Dental clinic","
1 คอนโดสีลมแกรนด์เทอเรส 230 Sala Daeng 2 Alley, Si Lom, Bang Rak, Bangkok 10500, Thailand","PGHP+38 Bangkok, Thailand","","","+66 88 639 4477","https://mdk.dental/","","4.9","184","","","Open","","https://www.google.com/maps/place/MDK@Silom+Dental+Clinic/data=!4m7!3m6!1s0x30e29f4637c1b683:0xb71a9acab1bf5f4a!8m2!3d13.7277475!4d100.5358725!16s%2Fg%2F11kq8_9hsf!19sChIJg7bBN0af4jARSl-_scqaGrc?authuser=0&hl=en&rclk=1"
"0x30e2a36bef75885b:0x65da8e8ac5430022","ID Dental Clinic ไอดีเด็นทัล คลินิกทันตกรรม ประชาอุทิศ-บางมด","Dental clinic","
81 83 Pracha Uthit Rd, Bang Mot, Thung Khru, Bangkok 10140, Thailand","MF2W+VR Bangkok, Thailand","","","+66 82 282 2556","","","4.8","10","","","Open","","https://www.google.com/maps/place/ID+Dental+Clinic+%E0%B9%84%E0%B8%AD%E0%B8%94%E0%B8%B5%E0%B9%80%E0%B8%94%E0%B9%87%E0%B8%99%E0%B8%97%E0%B8%B1%E0%B8%A5+%E0%B8%84%E0%B8%A5%E0%B8%B4%E0%B8%99%E0%B8%B4%E0%B8%81%E0%B8%97%E0%B8%B1%E0%B8%99%E0%B8%95%E0%B8%81%E0%B8%A3%E0%B8%A3%E0%B8%A1+%E0%B8%9B%E0%B8%A3%E0%B8%B0%E0%B8%8A%E0%B8%B2%E0%B8%AD%E0%B8%B8%E0%B8%97%E0%B8%B4%E0%B8%A8-%E0%B8%9A%E0%B8%B2%E0%B8%87%E0%B8%A1%E0%B8%94/data=!4m7!3m6!1s0x30e2a36bef75885b:0x65da8e8ac5430022!8m2!3d13.6521482!4d100.4970739!16s%2Fg%2F11hdq42ftx!19sChIJW4h172uj4jARIgBDxYqO2mU?authuser=0&hl=en&rclk=1"
"0x30e29fea5260419f:0xf7537415589cac6b","Lotus's Sukhumvit 50","Hypermarket","
1710 Sukhumvit 50 Aly, Phra Khanong, Khlong Toei, Bangkok 10110, Thailand","PJ42+36 Bangkok, Thailand","","","+66 2 741 4444","https://www.lotuss.com/","","4.3","9803","Moderately priced","€€","Open","","https://www.google.com/maps/place/Lotus%27s+Sukhumvit+50/data=!4m7!3m6!1s0x30e29fea5260419f:0xf7537415589cac6b!8m2!3d13.7051849!4d100.6006083!16s%2Fg%2F11c5s6fx6q!19sChIJn0FgUuqf4jARa6ycWBV0U_c?authuser=0&hl=en&rclk=1"
"0x30e29d2742aa81af:0x33d7d6621bc28ae6","Awikaclinic","Wellness center","
92 Nak Niwat 6 Alley, Khwaeng Lat Phrao, Lat Phrao, Bangkok 10230, Thailand","RJ36+5M Bangkok, Thailand","","","+66 87 377 6688","","","4.2","6","","","Open","","https://www.google.com/maps/place/Awikaclinic/data=!4m7!3m6!1s0x30e29d2742aa81af:0x33d7d6621bc28ae6!8m2!3d13.8029347!4d100.6117239!16s%2Fg%2F11jymtnkqk!19sChIJr4GqQied4jAR5orCG2LW1zM?authuser=0&hl=en&rclk=1"
"0x30e2a39be4b9980f:0xd21b46745003b5bf","Dentoro Dental Clinic คลินิกทันตกรรม เด็นโทโร่ สาขาพระราม 2 ทำฟัน จัดฟัน","Dental clinic","
M Park เซ็นทรัลพระราม2 ตรงข้าม Rama II Rd, Samae Dam, Bang Khun Thian, Bangkok 10150, Thailand","MC7R+7M Bangkok, Thailand","","","+66 94 686 6868","https://dentorodental.com/","","5.0","138","","","Open","","https://www.google.com/maps/place/Dentoro+Dental+Clinic+%E0%B8%84%E0%B8%A5%E0%B8%B4%E0%B8%99%E0%B8%B4%E0%B8%81%E0%B8%97%E0%B8%B1%E0%B8%99%E0%B8%95%E0%B8%81%E0%B8%A3%E0%B8%A3%E0%B8%A1+%E0%B9%80%E0%B8%94%E0%B9%87%E0%B8%99%E0%B9%82%E0%B8%97%E0%B9%82%E0%B8%A3%E0%B9%88+%E0%B8%AA%E0%B8%B2%E0%B8%82%E0%B8%B2%E0%B8%9E%E0%B8%A3%E0%B8%B0%E0%B8%A3%E0%B8%B2%E0%B8%A1+2+%E0%B8%97%E0%B8%B3%E0%B8%9F%E0%B8%B1%E0%B8%99+%E0%B8%88%E0%B8%B1%E0%B8%94%E0%B8%9F%E0%B8%B1%E0%B8%99/data=!4m7!3m6!1s0x30e2a39be4b9980f:0xd21b46745003b5bf!8m2!3d13.6632101!4d100.4417156!16s%2Fg%2F11z51sjwv6!19sChIJD5i55Juj4jARv7UDUHRGG9I?authuser=0&hl=en&rclk=1"
"0x30e2a3b3c24de721:0x170c96f16590ccf9","U-Smile Dental Clinic","Dental clinic","
32/406-407 Pracha Uthit Rd, Thung Khru, Bangkok 10140, Thailand","JGQ2+R5 Bangkok, Thailand","","","+66 96 727 7295","https://m.facebook.com/pg/Usmileclinic/about/","","4.8","239","","","Open","","https://www.google.com/maps/place/U-Smile+Dental+Clinic/data=!4m7!3m6!1s0x30e2a3b3c24de721:0x170c96f16590ccf9!8m2!3d13.6395678!4d100.5004254!16s%2Fg%2F1hc66q5w6!19sChIJIedNwrOj4jAR-cyQZfGWDBc?authuser=0&hl=en&rclk=1"
"0x311d61f698551ce3:0x4ee7a325d27f42b0","Dentalis Implant Center by Vejthani","Dental clinic","
1, 111 Lat Phrao Rd, Khlong Chan, Bang Kapi, Bangkok 10210, Thailand","QJCP+MC Bangkok, Thailand","","","+66 2 734 0000","https://dentalisthailand.com/","","5.0","47","","","Open","","https://www.google.com/maps/place/Dentalis+Implant+Center+by+Vejthani/data=!4m7!3m6!1s0x311d61f698551ce3:0x4ee7a325d27f42b0!8m2!3d13.771711!4d100.63601!16s%2Fg%2F1tgw7cjz!19sChIJ4xxVmPZhHTERsEJ_0iWj504?authuser=0&hl=en&rclk=1"
"0x30e29d086356f10d:0xbdd3d571be4b3b6c","Zenti Star Dental Clinic","Dental clinic","
406 Ramkhamhaeng 30/1 Alley, Hua Mak, Bang Kapi, Bangkok 10240, Thailand","QJ6M+GQ Bangkok, Thailand","","","+66 65 869 8000","https://www.facebook.com/profile.php?id=100093034135668&mibextid=ZbWKwL","","4.0","8","","","Open","","https://www.google.com/maps/place/Zenti+Star+Dental+Clinic/data=!4m7!3m6!1s0x30e29d086356f10d:0xbdd3d571be4b3b6c!8m2!3d13.7612652!4d100.6344074!16s%2Fg%2F11ts379mkr!19sChIJDfFWYwid4jARbDtLvnHV070?authuser=0&hl=en&rclk=1"
"0x30e29ca4d85ef89b:0xa54929473e9dbe87","Dental Zone Clinic : เดนทัลโซน","Dental clinic","
363 Thanon Ngam Wong Wan, Tambon Bang Khen, Mueang Nonthaburi District, Nonthaburi 11000, Thailand","VG4Q+RX Nonthaburi, Mueang Nonthaburi District, Nonthaburi, Thailand","","","+66 82 653 4004","https://www.facebook.com/share/12MHVUN5PRf/","","4.3","11","","","Open","","https://www.google.com/maps/place/Dental+Zone+Clinic+:+%E0%B9%80%E0%B8%94%E0%B8%99%E0%B8%97%E0%B8%B1%E0%B8%A5%E0%B9%82%E0%B8%8B%E0%B8%99/data=!4m7!3m6!1s0x30e29ca4d85ef89b:0xa54929473e9dbe87!8m2!3d13.8570451!4d100.5398875!16s%2Fg%2F11cly7vpz1!19sChIJm_he2KSc4jARh76dPkcpSaU?authuser=0&hl=en&rclk=1"
"0x311d61d3333483e3:0x48b05712ad23c821","ปรมาภรณ์ คลินิกทันตกรรม Paramaporn Dental Clinic","Dental clinic","
377, 3 On Nut 57, Prawet, Bangkok 10250, Thailand","PM9C+P8 Bangkok, Thailand","","","+66 81 257 1744","","","5.0","11","","","Open","","https://www.google.com/maps/place/%E0%B8%9B%E0%B8%A3%E0%B8%A1%E0%B8%B2%E0%B8%A0%E0%B8%A3%E0%B8%93%E0%B9%8C+%E0%B8%84%E0%B8%A5%E0%B8%B4%E0%B8%99%E0%B8%B4%E0%B8%81%E0%B8%97%E0%B8%B1%E0%B8%99%E0%B8%95%E0%B8%81%E0%B8%A3%E0%B8%A3%E0%B8%A1+Paramaporn+Dental+Clinic/data=!4m7!3m6!1s0x311d61d3333483e3:0x48b05712ad23c821!8m2!3d13.7193748!4d100.6708157!16s%2Fg%2F11ymp3x1k1!19sChIJ44M0M9NhHTERIcgjrRJXsEg?authuser=0&hl=en&rclk=1"
"0x30e29a7c9406fd0b:0xad04d2547e09a85a","ศูนย์ทันตกรรมแนวใหม่ ราชพฤกษ์","Dental clinic","
80 2-3 Ratchaphruek Rd, Bang Khun Kong, Bang Kruai District, Nonthaburi 11130","RCCX+3Q Bang Khun Kong, Bang Kruai District, Nonthaburi","","","02 489 4511","https://www.newtrenddental.com/","","4.1","39","","","Open","","https://www.google.com/maps/place/%E0%B8%A8%E0%B8%B9%E0%B8%99%E0%B8%A2%E0%B9%8C%E0%B8%97%E0%B8%B1%E0%B8%99%E0%B8%95%E0%B8%81%E0%B8%A3%E0%B8%A3%E0%B8%A1%E0%B9%81%E0%B8%99%E0%B8%A7%E0%B9%83%E0%B8%AB%E0%B8%A1%E0%B9%88+%E0%B8%A3%E0%B8%B2%E0%B8%8A%E0%B8%9E%E0%B8%A4%E0%B8%81%E0%B8%A9%E0%B9%8C/data=!4m7!3m6!1s0x30e29a7c9406fd0b:0xad04d2547e09a85a!8m2!3d13.8201881!4d100.4494782!16s%2Fg%2F1hc3qb535!19sChIJC_0GlHya4jARWqgJflTSBK0?authuser=0&hl=en&rclk=1"
"0x30e29d004818c037:0xd2d62d3d51c86e9b","คลินิกทันตกรรม กู๊ดเดย์ (Good Day Dental Clinic) สาขางามวงศ์วาน","Dental clinic","
345 Ngamwongwan Rd, Bang Khen, Mueang Nonthaburi District, Nonthaburi 11000, Thailand","VG4Q+WQ Nonthaburi, Mueang Nonthaburi District, Nonthaburi, Thailand","","","+66 95 163 3435","https://www.facebook.com/Gooddaydentclinic","","4.8","164","","","Open","","https://www.google.com/maps/place/%E0%B8%84%E0%B8%A5%E0%B8%B4%E0%B8%99%E0%B8%B4%E0%B8%81%E0%B8%97%E0%B8%B1%E0%B8%99%E0%B8%95%E0%B8%81%E0%B8%A3%E0%B8%A3%E0%B8%A1+%E0%B8%81%E0%B8%B9%E0%B9%8A%E0%B8%94%E0%B9%80%E0%B8%94%E0%B8%A2%E0%B9%8C+%28Good+Day+Dental+Clinic%29+%E0%B8%AA%E0%B8%B2%E0%B8%82%E0%B8%B2%E0%B8%87%E0%B8%B2%E0%B8%A1%E0%B8%A7%E0%B8%87%E0%B8%A8%E0%B9%8C%E0%B8%A7%E0%B8%B2%E0%B8%99/data=!4m7!3m6!1s0x30e29d004818c037:0xd2d62d3d51c86e9b!8m2!3d13.8572656!4d100.5394655!16s%2Fg%2F11x2srvmtm!19sChIJN8AYSACd4jARm27IUT0t1tI?authuser=0&hl=en&rclk=1"
"0x30e29c43f574a8f3:0x974b3cfe8ae83cae","นครชัยทันตแพทย์","Dentist","
2308/11 Phahonyothin Rd, Sena Nikhom, Chatuchak, Bangkok 10900, Thailand","RHRG+CJ Bangkok, Thailand","","","+66 2 579 8928","","","4.4","11","","","Open","","https://www.google.com/maps/place/%E0%B8%99%E0%B8%84%E0%B8%A3%E0%B8%8A%E0%B8%B1%E0%B8%A2%E0%B8%97%E0%B8%B1%E0%B8%99%E0%B8%95%E0%B9%81%E0%B8%9E%E0%B8%97%E0%B8%A2%E0%B9%8C/data=!4m7!3m6!1s0x30e29c43f574a8f3:0x974b3cfe8ae83cae!8m2!3d13.8410456!4d100.5765811!16s%2Fg%2F1hc12vc3y!19sChIJ86h09UOc4jARrjzoiv48S5c?authuser=0&hl=en&rclk=1"
"0x30e290a7be0dc75b:0x4848e9a161a5317f","Krungnon Market","Market","
543 ถนน สวนผัก Taling Chan, Bangkok 10170, Thailand","QCXQ+57 Bangkok, Thailand","","","","","","4.2","1561","","","Open","","https://www.google.com/maps/place/Krungnon+Market/data=!4m7!3m6!1s0x30e290a7be0dc75b:0x4848e9a161a5317f!8m2!3d13.7979143!4d100.4381728!16s%2Fg%2F11l3s6l3vv!19sChIJW8cNvqeQ4jARfzGlYaHpSEg?authuser=0&hl=en&rclk=1"
"0x30e29b664461e717:0x9135751c850207f","คลินิกทันตกรรม Smile Seasons Central Westville","Dental clinic","
999 อาคารเซ็นทรัล เวสต์วิลล์ ชั้นที่ 2 ห้องเลขที่ 253 Maha Sawat, Bang Kruai District, Nonthaburi 11130, Thailand","RC4X+28 Maha Sawat, Bang Kruai District, Nonthaburi, Thailand","","","+66 2 114 3274","https://www.smileseasons.com/","","4.9","574","","","Open","","https://www.google.com/maps/place/%E0%B8%84%E0%B8%A5%E0%B8%B4%E0%B8%99%E0%B8%B4%E0%B8%81%E0%B8%97%E0%B8%B1%E0%B8%99%E0%B8%95%E0%B8%81%E0%B8%A3%E0%B8%A3%E0%B8%A1+Smile+Seasons+Central+Westville/data=!4m7!3m6!1s0x30e29b664461e717:0x9135751c850207f!8m2!3d13.8050362!4d100.4482601!16s%2Fg%2F11vhz67krl!19sChIJF-dhRGab4jARfyBQyFFXEwk?authuser=0&hl=en&rclk=1"
"0x30e2bd6b8e2bfda3:0x745f831962c0ccaf","Prestigedentistry dental clinic","Dental clinic","
9, 152 Sakae Ngam Rd, Samae Dam, Bang Khun Thian, Bangkok 10150, Thailand","JCMG+G9 Bangkok, Thailand","","","+66 98 991 9099","https://www.facebook.com/PrestigeDentistry-%E0%B8%84%E0%B8%A5%E0%B8%B4%E0%B8%99%E0%B8%B4%E0%B8%81%E0%B8%97%E0%B8%B1%E0%B8%99%E0%B8%95%E0%B8%81%E0%B8%A3%E0%B8%A3%E0%B8%A1%E0%B9%80%E0%B8%9E%E0%B8%A3%E0%B8%AA%E0%B8%97%E0%B8%B5%E0%B8%AA-%E0%B9%80%E0%B8%94%E0%B8%99%E0%B8%97%E0%B8%B4%E0%B8%AA%E0%B8%97%E0%B8%A3%E0%B8%B5-%E0%B8%88%E0%B8%B1%E0%B8%94%E0%B8%9F%E0%B8%B1%E0%B8%99-%E0%B8%A3%E0%B8%B2%E0%B8%81%E0%B9%80%E0%B8%97%E0%B8%B5%E0%B8%A2%E0%B8%A1-%E0%B8%A7%E0%B8%B5%E0%B9%80%E0%B8%99%E0%B8%B5%E0%B8%A2%E0%B8%A3%E0%B9%8C-104547930970930/","","5.0","148","","","Open","","https://www.google.com/maps/place/Prestigedentistry+dental+clinic/data=!4m7!3m6!1s0x30e2bd6b8e2bfda3:0x745f831962c0ccaf!8m2!3d13.6338065!4d100.4259567!16s%2Fg%2F11j0tw4sgx!19sChIJo_0rjmu94jARr8zAYhmDX3Q?authuser=0&hl=en&rclk=1"
"0x30e297f40bafe17d:0x645aa0d259a372e7","Seacon Bang Khae Post Office","Post office","
ชั้น 3 ศูนย์การค้าซีคอนบางแค 607 Phetkasem Sai Kao Rd, Bang Wa, Phasi Charoen, Bangkok 10160, Thailand","PC6M+JR Bangkok, Thailand","","","+66 2 458 2500","https://www.thailandpost.co.th/th/index/","","3.4","66","","","Open","","https://www.google.com/maps/place/Seacon+Bang+Khae+Post+Office/data=!4m7!3m6!1s0x30e297f40bafe17d:0x645aa0d259a372e7!8m2!3d13.7115173!4d100.4345072!16s%2Fg%2F11cn2vtq_8!19sChIJfeGvC_SX4jAR53KjWdKgWmQ?authuser=0&hl=en&rclk=1"
"0x30e2a18ee7487211:0x6f610b8acc77a72a","คลินิกทันตกรรมID Dental Clinic อิมพิเรียลสำโรง","Dental clinic","
อิมพีเรียลเวิลด์สำโรง(ห้องSH-1-2-055/1)ชั้น 2 ตำบล สำโรงเหนือ สำโรงเหนือ Mueang Samut Prakan District, Samut Prakan 10270, Thailand","JJX8+7P Samrong Nuea, Mueang Samut Prakan District, Samut Prakan, Thailand","","","+66 82 826 6298","","","4.5","10","","","","","https://www.google.com/maps/place/%E0%B8%84%E0%B8%A5%E0%B8%B4%E0%B8%99%E0%B8%B4%E0%B8%81%E0%B8%97%E0%B8%B1%E0%B8%99%E0%B8%95%E0%B8%81%E0%B8%A3%E0%B8%A3%E0%B8%A1ID+Dental+Clinic+%E0%B8%AD%E0%B8%B4%E0%B8%A1%E0%B8%9E%E0%B8%B4%E0%B9%80%E0%B8%A3%E0%B8%B5%E0%B8%A2%E0%B8%A5%E0%B8%AA%E0%B8%B3%E0%B9%82%E0%B8%A3%E0%B8%87/data=!4m7!3m6!1s0x30e2a18ee7487211:0x6f610b8acc77a72a!8m2!3d13.6481298!4d100.6168549!16s%2Fg%2F11kppsn0pp!19sChIJEXJI546h4jARKqd3zIoLYW8?authuser=0&hl=en&rclk=1"
"0x30e2a06b7106e98b:0x47c46306301b15bf","คลีนิกทันตกรรม B@S (BTSแบริ่ง)","Dental clinic","
4507 Sukhumvit Rd, Khwaeng Bang Na, Bang Na, Bangkok 10260, Thailand","MJ62+5M Bangkok, Thailand","","","+66 84 123 1762","","","4.8","8","","","Open","","https://www.google.com/maps/place/%E0%B8%84%E0%B8%A5%E0%B8%B5%E0%B8%99%E0%B8%B4%E0%B8%81%E0%B8%97%E0%B8%B1%E0%B8%99%E0%B8%95%E0%B8%81%E0%B8%A3%E0%B8%A3%E0%B8%A1+B@S+%28BTS%E0%B9%81%E0%B8%9A%E0%B8%A3%E0%B8%B4%E0%B9%88%E0%B8%87%29/data=!4m7!3m6!1s0x30e2a06b7106e98b:0x47c46306301b15bf!8m2!3d13.660436!4d100.6017476!16s%2Fg%2F1hm4krf62!19sChIJi-kGcWug4jARvxUbMAZjxEc?authuser=0&hl=en&rclk=1"
"0x311d628dee56a6e3:0x175d52ae7d9159db","Dental For U","Dental clinic","
RJJP+RXG ถ.นวลจันทร์ Nuan Chan, Bueng Kum, Bangkok 10230, Thailand","","","","+66 2 944 6497","","","3.3","6","","","Open","","https://www.google.com/maps/place/Dental+For+U/data=!4m7!3m6!1s0x311d628dee56a6e3:0x175d52ae7d9159db!8m2!3d13.8320501!4d100.6374431!16s%2Fg%2F1tczsd6k!19sChIJ46ZW7o1iHTER21mRfa5SXRc?authuser=0&hl=en&rclk=1"
"0x30e29d7fa120f29d:0x33e2faebc4f6a0e6","1 2 smile clinic","Dentist","
306 Sukhonthasawat Rd, Lat Phrao, Bangkok 10230, Thailand","RJF8+JR Bangkok, Thailand","","","+66 96 769 7879","https://www.facebook.com/12smileclinic","","5.0","13","","","Open","","https://www.google.com/maps/place/1+2+smile+clinic/data=!4m7!3m6!1s0x30e29d7fa120f29d:0x33e2faebc4f6a0e6!8m2!3d13.8240988!4d100.6170853!16s%2Fg%2F11bw7_73yn!19sChIJnfIgoX-d4jAR5qD2xOv64jM?authuser=0&hl=en&rclk=1"
"0x30e2a727de4d3b73:0x9e8336412fc85350","AM SMILES Dental Clinic แอมป์สไมล์คลินิกทันตกรรม ทำฟัน จัดฟัน","Dental clinic","
Thanon Phraeksa, Tambon Thai Ban Mai, Mueang Samut Prakan District, Samut Prakan 10280, Thailand","HJP7+2C Thai Ban Mai, Mueang Samut Prakan District, Samut Prakan, Thailand","","","+66 63 159 1695","https://www.facebook.com/AmSmilesDent","","5.0","72","","","Open","","https://www.google.com/maps/place/AM+SMILES+Dental+Clinic+%E0%B9%81%E0%B8%AD%E0%B8%A1%E0%B8%9B%E0%B9%8C%E0%B8%AA%E0%B9%84%E0%B8%A1%E0%B8%A5%E0%B9%8C%E0%B8%84%E0%B8%A5%E0%B8%B4%E0%B8%99%E0%B8%B4%E0%B8%81%E0%B8%97%E0%B8%B1%E0%B8%99%E0%B8%95%E0%B8%81%E0%B8%A3%E0%B8%A3%E0%B8%A1+%E0%B8%97%E0%B8%B3%E0%B8%9F%E0%B8%B1%E0%B8%99+%E0%B8%88%E0%B8%B1%E0%B8%94%E0%B8%9F%E0%B8%B1%E0%B8%99/data=!4m7!3m6!1s0x30e2a727de4d3b73:0x9e8336412fc85350!8m2!3d13.5850049!4d100.6135589!16s%2Fg%2F11wtlz7ps8!19sChIJcztN3ien4jARUFPIL0E2g54?authuser=0&hl=en&rclk=1"
"0x30e29b25006d30dd:0x676589bdd9d5295c","คลินิกทันตกรรม สมฤทัย สไมล์ลิ่ง","Dental clinic","
12/132 หมู่ 1 Liang Muang Nonthaburi Rd, Tambon Talat Kwan, อำเภอเมือง Nonthaburi 11000, Thailand","VF5V+Q6 Nonthaburi, Mueang Nonthaburi District, Nonthaburi, Thailand","","","+66 2 969 2292","","","4.3","6","","","Open","","https://www.google.com/maps/place/%E0%B8%84%E0%B8%A5%E0%B8%B4%E0%B8%99%E0%B8%B4%E0%B8%81%E0%B8%97%E0%B8%B1%E0%B8%99%E0%B8%95%E0%B8%81%E0%B8%A3%E0%B8%A3%E0%B8%A1+%E0%B8%AA%E0%B8%A1%E0%B8%A4%E0%B8%97%E0%B8%B1%E0%B8%A2+%E0%B8%AA%E0%B9%84%E0%B8%A1%E0%B8%A5%E0%B9%8C%E0%B8%A5%E0%B8%B4%E0%B9%88%E0%B8%87/data=!4m7!3m6!1s0x30e29b25006d30dd:0x676589bdd9d5295c!8m2!3d13.8594827!4d100.4930903!16s%2Fg%2F1hm3f3k2_!19sChIJ3TBtACWb4jARXCnV2b2JZWc?authuser=0&hl=en&rclk=1"
"0x311d5f9788dd6553:0xf9ecd94a8f47e187","The ORA Center ดิโอร่า คลินิกทันตกรรมและความงามครบวงจร","Medical Center","
1 Baring 60 Alley, Samrong Nuea mueang, Mueang Samut Prakan District, Samut Prakan 10270, Thailand","JJXG+HC Samrong Nuea, Mueang Samut Prakan District, Samut Prakan, Thailand","","","+66 80 186 2168","https://openlink.co/theoracenter","","5.0","79","","","Open","","https://www.google.com/maps/place/The+ORA+Center+%E0%B8%94%E0%B8%B4%E0%B9%82%E0%B8%AD%E0%B8%A3%E0%B9%88%E0%B8%B2+%E0%B8%84%E0%B8%A5%E0%B8%B4%E0%B8%99%E0%B8%B4%E0%B8%81%E0%B8%97%E0%B8%B1%E0%B8%99%E0%B8%95%E0%B8%81%E0%B8%A3%E0%B8%A3%E0%B8%A1%E0%B9%81%E0%B8%A5%E0%B8%B0%E0%B8%84%E0%B8%A7%E0%B8%B2%E0%B8%A1%E0%B8%87%E0%B8%B2%E0%B8%A1%E0%B8%84%E0%B8%A3%E0%B8%9A%E0%B8%A7%E0%B8%87%E0%B8%88%E0%B8%A3/data=!4m7!3m6!1s0x311d5f9788dd6553:0xf9ecd94a8f47e187!8m2!3d13.6488769!4d100.6260465!16s%2Fg%2F11yz7t_x2w!19sChIJU2XdiJdfHTERh-FHj0rZ7Pk?authuser=0&hl=en&rclk=1"
"0x30e2a00acea3865f:0xded68b894c75cfcd","Dadfa Lasalle","Shopping mall","
Sukhumvit 105 Alley, Bang Na Tai, Bang Na, Bangkok 10260, Thailand","MJ79+86 Bangkok, Thailand","","","+66 96 885 8303","https://www.facebook.com/DadfaBangkok?mibextid=ZbWKwL","","4.4","1132","","","Open","","https://www.google.com/maps/place/Dadfa+Lasalle/data=!4m7!3m6!1s0x30e2a00acea3865f:0xded68b894c75cfcd!8m2!3d13.6633485!4d100.6181046!16s%2Fg%2F11f2wlb4b8!19sChIJX4ajzgqg4jARzc91TImL1t4?authuser=0&hl=en&rclk=1"
"0x311d6255efae7acb:0x4a75e6d9cb58f20b","Dental Heart Clinic","Dental clinic","
Rachada-Ramintra Rd, Khlong Kum, Bueng Kum, Bangkok 10230, Thailand","RM95+VX Bangkok, Thailand","","","+66 95 661 5362","","","4.9","13","","","Open","","https://www.google.com/maps/place/Dental+Heart+Clinic/data=!4m7!3m6!1s0x311d6255efae7acb:0x4a75e6d9cb58f20b!8m2!3d13.8196612!4d100.6599325!16s%2Fg%2F11c3tscr1t!19sChIJy3qu71ViHTERC_JYy9nmdUo?authuser=0&hl=en&rclk=1"
"0x311d625783772b69:0xdf842fe0066588aa","Prompt","Dental clinic","
RM93+8H2, Soi Nawamin 74, Khlong Kum, Bueng Kum, Bangkok 10230, Thailand","","","","+66 2 944 7844","","","4.2","5","","","Open","","https://www.google.com/maps/place/Prompt/data=!4m7!3m6!1s0x311d625783772b69:0xdf842fe0066588aa!8m2!3d13.8182596!4d100.6538995!16s%2Fg%2F11c6md_z91!19sChIJaSt3g1diHTERqohlBuAvhN8?authuser=0&hl=en&rclk=1"
"0x30e2835043f03b3b:0x3b5c479935432c49","Banana dental clinic","Dentist","
649 651 Samakkee 59 Alley, Ta Sai, Mueang Nonthaburi District, Nonthaburi 11000, Thailand","VGJQ+GG Nonthaburi, Mueang Nonthaburi District, Nonthaburi, Thailand","","","+66 94 626 2446","https://www.facebook.com/Bananadentist/?rf=1009869665805219","","5.0","13","","","Open","","https://www.google.com/maps/place/Banana+dental+clinic/data=!4m7!3m6!1s0x30e2835043f03b3b:0x3b5c479935432c49!8m2!3d13.8812559!4d100.5388331!16s%2Fg%2F11d_7grnlk!19sChIJOzvwQ1CD4jARSSxDNZlHXDs?authuser=0&hl=en&rclk=1"
"0x311d5ffff8c1628f:0x6618850b4b93c4c","คลินิกทันตกรรมบ้านฟันฟ้าใส","Dentist","
339 162 Wachiratham Sathit 19 Alley, Bang Chak, Phra Khanong, Bangkok 10260, Thailand","MJM9+VW Bangkok, Thailand","","","+66 2 747 5563","","","4.7","11","","","Open","","https://www.google.com/maps/place/%E0%B8%84%E0%B8%A5%E0%B8%B4%E0%B8%99%E0%B8%B4%E0%B8%81%E0%B8%97%E0%B8%B1%E0%B8%99%E0%B8%95%E0%B8%81%E0%B8%A3%E0%B8%A3%E0%B8%A1%E0%B8%9A%E0%B9%89%E0%B8%B2%E0%B8%99%E0%B8%9F%E0%B8%B1%E0%B8%99%E0%B8%9F%E0%B9%89%E0%B8%B2%E0%B9%83%E0%B8%AA/data=!4m7!3m6!1s0x311d5ffff8c1628f:0x6618850b4b93c4c!8m2!3d13.6846659!4d100.6197717!16s%2Fg%2F1pzrm3l21!19sChIJj2LB-P9fHTERTDy5tFCIYQY?authuser=0&hl=en&rclk=1"
"0x311d605adc5980f1:0x9224b707d86c03d8","Seri family dental by saranya clinic","Dental clinic","
ซอย อ่อนนุช 70/1 On Nut Rd, Prawet, Bangkok 10250, Thailand","PM83+6V Bangkok, Thailand","","","+66 86 420 7115","","","4.1","9","","","Open","","https://www.google.com/maps/place/Seri+family+dental+by+saranya+clinic/data=!4m7!3m6!1s0x311d605adc5980f1:0x9224b707d86c03d8!8m2!3d13.7155261!4d100.6546294!16s%2Fg%2F1ptwh8flk!19sChIJ8YBZ3FpgHTER2ANs2Ae3JJI?authuser=0&hl=en&rclk=1"
"0x311d61a26425cc2f:0x1852b69132a6d5f8","คลินิกทันตกรรม เดอะเบส สไมล์ (The Best Smile Clinic)","Dental clinic","
QM24+CM5 ซอย กรุงเทพกรีฑา 7 Hua Mak, Bang Kapi, Bangkok 10240, Thailand","","","","+66 87 795 0567","","","3.6","9","","","","","https://www.google.com/maps/place/%E0%B8%84%E0%B8%A5%E0%B8%B4%E0%B8%99%E0%B8%B4%E0%B8%81%E0%B8%97%E0%B8%B1%E0%B8%99%E0%B8%95%E0%B8%81%E0%B8%A3%E0%B8%A3%E0%B8%A1+%E0%B9%80%E0%B8%94%E0%B8%AD%E0%B8%B0%E0%B9%80%E0%B8%9A%E0%B8%AA+%E0%B8%AA%E0%B9%84%E0%B8%A1%E0%B8%A5%E0%B9%8C+%28The+Best+Smile+Clinic%29/data=!4m7!3m6!1s0x311d61a26425cc2f:0x1852b69132a6d5f8!8m2!3d13.7510205!4d100.6567349!16s%2Fg%2F11qsfvzwmk!19sChIJL8wlZKJhHTER-NWmMpG2Uhg?authuser=0&hl=en&rclk=1"
"0x30e2bd381b82c83b:0x64f823c168eb8185","บ้านฟอฟันคลินิกทันตกรรม","Dental clinic","
139 Bang Bon, Bangkok 10150, Thailand","MC9H+Q4 Bangkok, Thailand","","","+66 2 899 7867","","","4.9","15","","","Open","","https://www.google.com/maps/place/%E0%B8%9A%E0%B9%89%E0%B8%B2%E0%B8%99%E0%B8%9F%E0%B8%AD%E0%B8%9F%E0%B8%B1%E0%B8%99%E0%B8%84%E0%B8%A5%E0%B8%B4%E0%B8%99%E0%B8%B4%E0%B8%81%E0%B8%97%E0%B8%B1%E0%B8%99%E0%B8%95%E0%B8%81%E0%B8%A3%E0%B8%A3%E0%B8%A1/data=!4m7!3m6!1s0x30e2bd381b82c83b:0x64f823c168eb8185!8m2!3d13.6694383!4d100.4278675!16s%2Fg%2F1pzt98vss!19sChIJO8iCGzi94jARhYHraMEj-GQ?authuser=0&hl=en&rclk=1"
"0x311d618d1f2ad625:0x3f2a917f49799218","เด็นทัลเฮาส์","Dental clinic","
144 Lat Phrao Rd, Khlong Chan, Bang Kapi, Bangkok 10240, Thailand","QJ8V+MG Bangkok, Thailand","","","+66 81 205 3123","","","3.3","7","","","Open","","https://www.google.com/maps/place/%E0%B9%80%E0%B8%94%E0%B9%87%E0%B8%99%E0%B8%97%E0%B8%B1%E0%B8%A5%E0%B9%80%E0%B8%AE%E0%B8%B2%E0%B8%AA%E0%B9%8C/data=!4m7!3m6!1s0x311d618d1f2ad625:0x3f2a917f49799218!8m2!3d13.7666251!4d100.6437895!16s%2Fg%2F1pp2xb4_p!19sChIJJdYqH41hHTERGJJ5SX-RKj8?authuser=0&hl=en&rclk=1"
"0x30e2834e99853e45:0xa168a09df0122f11","Mesmile dental clinic","Dental clinic","
688/8 Chaeng Watthana Rd, Anusawari, Bang Khen, Bangkok 10220, Thailand","VHHR+Q8 Bangkok, Thailand","","","+66 64 516 9996","","","5.0","159","","","Open","","https://www.google.com/maps/place/Mesmile+dental+clinic/data=!4m7!3m6!1s0x30e2834e99853e45:0xa168a09df0122f11!8m2!3d13.8793945!4d100.5908349!16s%2Fg%2F11rc6lxnrk!19sChIJRT6FmU6D4jARES8S8J2gaKE?authuser=0&hl=en&rclk=1"
"0x311d632a3b295dcb:0x7f837eab438c89d2","Smile Together Clinic ทำฟัน จัดฟัน รากเทียม สาขาเพลินนารี่มอลล์","Dental clinic","
242 Plearnary mall Fl.2, Wat Siriphong Rd Tha Raeng, Bang Khen, Bangkok 10230, Thailand","VJ5V+6X Bangkok, Thailand","","","+66 91 786 2992","http://www.smiletogetherclinic.com/","","4.9","185","","","Open","","https://www.google.com/maps/place/Smile+Together+Clinic+%E0%B8%97%E0%B8%B3%E0%B8%9F%E0%B8%B1%E0%B8%99+%E0%B8%88%E0%B8%B1%E0%B8%94%E0%B8%9F%E0%B8%B1%E0%B8%99+%E0%B8%A3%E0%B8%B2%E0%B8%81%E0%B9%80%E0%B8%97%E0%B8%B5%E0%B8%A2%E0%B8%A1+%E0%B8%AA%E0%B8%B2%E0%B8%82%E0%B8%B2%E0%B9%80%E0%B8%9E%E0%B8%A5%E0%B8%B4%E0%B8%99%E0%B8%99%E0%B8%B2%E0%B8%A3%E0%B8%B5%E0%B9%88%E0%B8%A1%E0%B8%AD%E0%B8%A5%E0%B8%A5%E0%B9%8C/data=!4m7!3m6!1s0x311d632a3b295dcb:0x7f837eab438c89d2!8m2!3d13.8580486!4d100.6449808!16s%2Fg%2F11t18dz6pk!19sChIJy10pOypjHTER0omMQ6t-g38?authuser=0&hl=en&rclk=1"
"0x311d61bee54e102b:0xcb170b2a35cabc58","The PRIDE Pattanakarn 30 Home Office","Real estate developer","
477- 18/19, Phatthanakan 32, Khwaeng Suan Luang, Suan Luang, Bangkok 10250, Thailand","PJHC+8R Bangkok, Thailand","","","+66 86 329 2149","http://www.arindevelopment.com/","","4.3","22","","","Open","","https://www.google.com/maps/place/The+PRIDE+Pattanakarn+30+Home+Office/data=!4m7!3m6!1s0x311d61bee54e102b:0xcb170b2a35cabc58!8m2!3d13.7282583!4d100.6220333!16s%2Fg%2F11h8jr7htd!19sChIJKxBO5b5hHTERWLzKNSoLF8s?authuser=0&hl=en&rclk=1"
"0x30e29d898fd32627:0x504d2ea938846219","Crystal Design Center (CDC)","Shopping mall","
888 Pradit Manutham Rd, Khlong Chan, Bang Kapi, Bangkok 10240, Thailand","RJ38+MX Bangkok, Thailand","13.8041364","100.6174927","+66 2 101 5899","https://crystaldesigncenter.allyglobal.com/","","4.4","8794","","","Open","Contemporary-chic shopping hub with fountains, offering stores with design & construction items.","https://www.google.com/maps/place/Crystal+Design+Center+(CDC)/@13.8041364,100.6174927,17z/data=!3m1!4b1!4m6!3m5!1s0x30e29d898fd32627:0x504d2ea938846219!8m2!3d13.8041364!4d100.6174927!16s%2Fg%2F1thmbvrb?authuser=0&hl=en&entry=ttu&g_ep=EgoyMDI2MDYyMS4wIKXMDSoASAFQAw%3D%3D"
"0x311d621e924347a7:0x170afb5034e9f36a","ฟัน ไอ เลิฟ ยู","Dental clinic","
Khlong Chan, Bang Kapi, Bangkok 10240, Thailand","QJHQ+P4 Bangkok, Thailand","","","+66 91 915 4777","http://www.funiloveuclinic.com/","","4.8","135","","","Open","","https://www.google.com/maps/place/%E0%B8%9F%E0%B8%B1%E0%B8%99+%E0%B9%84%E0%B8%AD+%E0%B9%80%E0%B8%A5%E0%B8%B4%E0%B8%9F+%E0%B8%A2%E0%B8%B9/data=!4m7!3m6!1s0x311d621e924347a7:0x170afb5034e9f36a!8m2!3d13.7793697!4d100.6377557!16s%2Fg%2F11c2r3n280!19sChIJp0dDkh5iHTERavPpNFD7Chc?authuser=0&hl=en&rclk=1"
"0x311d617185df581f:0xa9c1a3bdd03bae2c","the unique smile dental clinic & cafe คลินิกทันตกรรม เดอะ ยูนีค สไมล์","Dental clinic","
22, H-cape biz sector, 22 Sukhaphiban 2 Rd, ประเวศ, Prawet, Bangkok 10250, Thailand","PP93+64 Bangkok, Thailand","","","+66 96 101 2989","https://www.facebook.com/USDCC2022/","","4.9","89","","","Open","","https://www.google.com/maps/place/the+unique+smile+dental+clinic+%26+cafe+%E0%B8%84%E0%B8%A5%E0%B8%B4%E0%B8%99%E0%B8%B4%E0%B8%81%E0%B8%97%E0%B8%B1%E0%B8%99%E0%B8%95%E0%B8%81%E0%B8%A3%E0%B8%A3%E0%B8%A1+%E0%B9%80%E0%B8%94%E0%B8%AD%E0%B8%B0+%E0%B8%A2%E0%B8%B9%E0%B8%99%E0%B8%B5%E0%B8%84+%E0%B8%AA%E0%B9%84%E0%B8%A1%E0%B8%A5%E0%B9%8C/data=!4m7!3m6!1s0x311d617185df581f:0xa9c1a3bdd03bae2c!8m2!3d13.7180609!4d100.7027977!16s%2Fg%2F11t9q2l2tw!19sChIJH1jfhXFhHTERLK470L2jwak?authuser=0&hl=en&rclk=1"
"0x30e2bd28446ea5bb:0x8e618445a56e642a","คลินิกทันตกรรมทูธแมกซ์ Toothmax Dental Clinic เทียนทะเล พระราม2","Dental clinic","
เลขที่ 549 2 Bang Khun Thian-Chai Thalae Rd, Samae Dam, Bang Khun Thian, Bangkok 10150, Thailand","JCMM+R8 Bangkok, Thailand","","","+66 84 139 6769","https://toothmaxdentalclinic.business.site/?m=true","","5.0","150","","","Open","","https://www.google.com/maps/place/%E0%B8%84%E0%B8%A5%E0%B8%B4%E0%B8%99%E0%B8%B4%E0%B8%81%E0%B8%97%E0%B8%B1%E0%B8%99%E0%B8%95%E0%B8%81%E0%B8%A3%E0%B8%A3%E0%B8%A1%E0%B8%97%E0%B8%B9%E0%B8%98%E0%B9%81%E0%B8%A1%E0%B8%81%E0%B8%8B%E0%B9%8C+Toothmax+Dental+Clinic+%E0%B9%80%E0%B8%97%E0%B8%B5%E0%B8%A2%E0%B8%99%E0%B8%97%E0%B8%B0%E0%B9%80%E0%B8%A5+%E0%B8%9E%E0%B8%A3%E0%B8%B0%E0%B8%A3%E0%B8%B2%E0%B8%A12/data=!4m7!3m6!1s0x30e2bd28446ea5bb:0x8e618445a56e642a!8m2!3d13.6345857!4d100.4333523!16s%2Fg%2F11h5660rs4!19sChIJu6VuRCi94jARKmRupUWEYY4?authuser=0&hl=en&rclk=1"
"0x311d61e2802de227:0xeefccab89d6994ed","คลินิกทันตกรรมออลสไมล์ All​ Smile​ Dental​ อ่อนนุช","Dental clinic","
เลขที่​ 44 ปาก ซอย อ่อนนุช 70/1 ประเวศ Prawet, Bangkok 10250, Thailand","PM83+CJ Bangkok, Thailand","","","+66 97 426 3592","https://www.facebook.com/allsmiledentalonnut","","5.0","417","","","Open","","https://www.google.com/maps/place/%E0%B8%84%E0%B8%A5%E0%B8%B4%E0%B8%99%E0%B8%B4%E0%B8%81%E0%B8%97%E0%B8%B1%E0%B8%99%E0%B8%95%E0%B8%81%E0%B8%A3%E0%B8%A3%E0%B8%A1%E0%B8%AD%E0%B8%AD%E0%B8%A5%E0%B8%AA%E0%B9%84%E0%B8%A1%E0%B8%A5%E0%B9%8C+All%E2%80%8B+Smile%E2%80%8B+Dental%E2%80%8B+%E0%B8%AD%E0%B9%88%E0%B8%AD%E0%B8%99%E0%B8%99%E0%B8%B8%E0%B8%8A/data=!4m7!3m6!1s0x311d61e2802de227:0xeefccab89d6994ed!8m2!3d13.7161191!4d100.6541184!16s%2Fg%2F11pgryf1n9!19sChIJJ-ItgOJhHTER7ZRpnbjK_O4?authuser=0&hl=en&rclk=1"
"0x30e29d0015c1633f:0x9791be2d0dcd6544","เพิร์ลคลินิกทันตกรรม","Dental clinic","
23 หมู่ 2 ซอยงามวงศ์วาน 25 Soi 7, Bang Khen, Mueang Nonthaburi District, Nonthaburi, Thailand","VG5Q+V7 Nonthaburi, Mueang Nonthaburi District, Nonthaburi, Thailand","","","","","","5.0","5","","","","","https://www.google.com/maps/place/%E0%B9%80%E0%B8%9E%E0%B8%B4%E0%B8%A3%E0%B9%8C%E0%B8%A5%E0%B8%84%E0%B8%A5%E0%B8%B4%E0%B8%99%E0%B8%B4%E0%B8%81%E0%B8%97%E0%B8%B1%E0%B8%99%E0%B8%95%E0%B8%81%E0%B8%A3%E0%B8%A3%E0%B8%A1/data=!4m7!3m6!1s0x30e29d0015c1633f:0x9791be2d0dcd6544!8m2!3d13.8596639!4d100.538241!16s%2Fg%2F11wtmcxwx4!19sChIJP2PBFQCd4jARRGXNDS2-kZc?authuser=0&hl=en&rclk=1"
"0x30e29acdf1348661:0xd1b283c573490da1","Maneeya Dental Clinic","Dental clinic","
92/8 Tha It Alley, Sai Ma, Mueang Nonthaburi District, Chang Wat Nonthaburi 11000, Thailand","VFH5+VM Bang Rak Noi, Mueang Nonthaburi District, Nonthaburi, Thailand","","","+66 82 970 9311","","","4.9","11","","","Open","","https://www.google.com/maps/place/Maneeya+Dental+Clinic/data=!4m7!3m6!1s0x30e29acdf1348661:0xd1b283c573490da1!8m2!3d13.8797279!4d100.4591975!16s%2Fg%2F1hc11xrw7!19sChIJYYY08c2a4jARoQ1Jc8WDstE?authuser=0&hl=en&rclk=1"
"0x30e2855b31b82b47:0x59359c409cffef4f","D&C DENTAL CLINIC","Dental clinic","
98/6 หมู่ 1 Ratchaphruek Rd, ตำบลท่าอิฐ Pak Kret District, Nonthaburi 11120, Thailand","VFR2+58 Tha It, Pak Kret District, Nonthaburi, Thailand","13.890377","100.450758","+66 2 194 8986","https://www.facebook.com/DC-Dental-Clinic-300865156748385/?ref=hl","","4.4","7","","","Open","","https://www.google.com/maps/place/D%26C+DENTAL+CLINIC/@13.890377,100.450758,17z/data=!3m1!4b1!4m6!3m5!1s0x30e2855b31b82b47:0x59359c409cffef4f!8m2!3d13.890377!4d100.450758!16s%2Fg%2F11bxf9v2q7?authuser=0&hl=en&entry=ttu&g_ep=EgoyMDI2MDYyMi4wIKXMDSoASAFQAw%3D%3D"
"0x311d60dbd41f181b:0x2e9221f00ae20f4","Suchada Dental","Dentist","
107 Phatthanakan Rd, Khwaeng Prawet, Prawet, Bangkok 10250, Thailand","PMH4+W2 Bangkok, Thailand","","","+66 2 321 5582","http://www.facebook.com/SuchadaDental","","4.6","9","","","Open","","https://www.google.com/maps/place/Suchada+Dental/data=!4m7!3m6!1s0x311d60dbd41f181b:0x2e9221f00ae20f4!8m2!3d13.7298059!4d100.6551078!16s%2Fg%2F1hc1gfg96!19sChIJGxgf1NtgHTER9CCuAB8i6QI?authuser=0&hl=en&rclk=1"
"0x311d63d65d3db7b1:0xa7d49e0f2029cd82","Tooth Melody","Dental clinic","
79 Ramkhamhaeng Rd, Saphan Sung, Bangkok 10240, Thailand","QMGC+HQ Bangkok, Thailand","","","+66 2 729 6748","","","4.9","12","","","","","https://www.google.com/maps/place/Tooth+Melody/data=!4m7!3m6!1s0x311d63d65d3db7b1:0xa7d49e0f2029cd82!8m2!3d13.7764959!4d100.6718792!16s%2Fg%2F1ygvsws8d!19sChIJsbc9XdZjHTERgs0pIA-e1Kc?authuser=0&hl=en&rclk=1"
"0x311d63c3bbe02745:0x5ab96333782361b3","คลินิกทันตกรรมโซเด้นท์ สาขาสัมมากร (รามคำแหง112) Sodent Dental Clinic - Sammakorn","Dental clinic","
215/8 Ramkhamhaeng 112 Alley, Saphan Sung, Bangkok 10240, Thailand","QMGG+6F Bangkok, Thailand","","","+66 61 953 9924","https://www.facebook.com/Sodentclinic","","4.9","54","","","Open","","https://www.google.com/maps/place/%E0%B8%84%E0%B8%A5%E0%B8%B4%E0%B8%99%E0%B8%B4%E0%B8%81%E0%B8%97%E0%B8%B1%E0%B8%99%E0%B8%95%E0%B8%81%E0%B8%A3%E0%B8%A3%E0%B8%A1%E0%B9%82%E0%B8%8B%E0%B9%80%E0%B8%94%E0%B9%89%E0%B8%99%E0%B8%97%E0%B9%8C+%E0%B8%AA%E0%B8%B2%E0%B8%82%E0%B8%B2%E0%B8%AA%E0%B8%B1%E0%B8%A1%E0%B8%A1%E0%B8%B2%E0%B8%81%E0%B8%A3+%28%E0%B8%A3%E0%B8%B2%E0%B8%A1%E0%B8%84%E0%B8%B3%E0%B9%81%E0%B8%AB%E0%B8%87112%29+Sodent+Dental+Clinic+-+Sammakorn/data=!4m7!3m6!1s0x311d63c3bbe02745:0x5ab96333782361b3!8m2!3d13.7755846!4d100.6761427!16s%2Fg%2F11t52bg95d!19sChIJRSfgu8NjHTERs2EjeDNjuVo?authuser=0&hl=en&rclk=1"
"0x311d6713f65fa129:0xd50c646a26a27e19","คลินิกทันตกรรมไพรด์สไมล์ Pride Smile Dental Clinic","Dental clinic","
Kheha Rom Klao Alley, Khlong Song Ton Nun, Lat Krabang, Bangkok 10520, Thailand","QP5H+M9 Bangkok, Thailand","","","+66 84 595 6494","https://www.pridesmiledentalclinic.com/","","5.0","42","","","Open","","https://www.google.com/maps/place/%E0%B8%84%E0%B8%A5%E0%B8%B4%E0%B8%99%E0%B8%B4%E0%B8%81%E0%B8%97%E0%B8%B1%E0%B8%99%E0%B8%95%E0%B8%81%E0%B8%A3%E0%B8%A3%E0%B8%A1%E0%B9%84%E0%B8%9E%E0%B8%A3%E0%B8%94%E0%B9%8C%E0%B8%AA%E0%B9%84%E0%B8%A1%E0%B8%A5%E0%B9%8C+Pride+Smile+Dental+Clinic/data=!4m7!3m6!1s0x311d6713f65fa129:0xd50c646a26a27e19!8m2!3d13.7591899!4d100.7284316!16s%2Fg%2F11ymz1fqmc!19sChIJKaFf9hNnHTERGX6iJmpkDNU?authuser=0&hl=en&rclk=1"
"0x311d5fd3a40c3b5d:0x24dcccfa4d39f409","Apple Dental สาขาสวนหลวง","Doctor","
24 2 Chaloem Phrakiat Ratchakan Thi 9 Soi 14 Yaek 2, Nong Bon, Prawet, Bangkok 10250, Thailand","MMG6+7H Bangkok, Thailand","","","+66 2 747 1900","","","5.0","108","","","Open","","https://www.google.com/maps/place/Apple+Dental+%E0%B8%AA%E0%B8%B2%E0%B8%82%E0%B8%B2%E0%B8%AA%E0%B8%A7%E0%B8%99%E0%B8%AB%E0%B8%A5%E0%B8%A7%E0%B8%87/data=!4m7!3m6!1s0x311d5fd3a40c3b5d:0x24dcccfa4d39f409!8m2!3d13.6757191!4d100.6614705!16s%2Fg%2F11c6zws3z7!19sChIJXTsMpNNfHTERCfQ5TfrM3CQ?authuser=0&hl=en&rclk=1"
"0x30e29ff2b8f3c27b:0x3cb7721422c6ba29","ศูนย์บริการสาธารณสุข 34 โพธิ์ศรี","Local medical services","
151 Soi Sukhumvit 56, Phra Khanong Tai, Phra Khanong, Bangkok 10260, Thailand","MHWX+H4 Bangkok, Thailand","","","+66 2 331 9873","https://webportal.bangkok.go.th/healthcenter34/page/main/1459/%E0%B8%95%E0%B8%B4%E0%B8%94%E0%B8%95%E0%B9%88%E0%B8%AD%E0%B9%80%E0%B8%A3%E0%B8%B2","","4.4","55","","","Open","","https://www.google.com/maps/place/%E0%B8%A8%E0%B8%B9%E0%B8%99%E0%B8%A2%E0%B9%8C%E0%B8%9A%E0%B8%A3%E0%B8%B4%E0%B8%81%E0%B8%B2%E0%B8%A3%E0%B8%AA%E0%B8%B2%E0%B8%98%E0%B8%B2%E0%B8%A3%E0%B8%93%E0%B8%AA%E0%B8%B8%E0%B8%82+34+%E0%B9%82%E0%B8%9E%E0%B8%98%E0%B8%B4%E0%B9%8C%E0%B8%A8%E0%B8%A3%E0%B8%B5/data=!4m7!3m6!1s0x30e29ff2b8f3c27b:0x3cb7721422c6ba29!8m2!3d13.6964631!4d100.5978355!16s%2Fg%2F11ggs_xk20!19sChIJe8LzuPKf4jARKbrGIhRytzw?authuser=0&hl=en&rclk=1"
"0x30e2984634badc79:0xd5f0e330080118f4","Phyathai 3 Hospital","Private hospital","
111 Phet Kasem Rd, Pak Khlong Phasi Charoen, Phasi Charoen, Bangkok 10160, Thailand","PFF7+5J Bangkok, Thailand","","","+66 2 467 1111","https://www.phyathai.com/th/pyt3","","4.6","2416","Moderately priced","$$","Open","","https://www.google.com/maps/place/Phyathai+3+Hospital/data=!4m7!3m6!1s0x30e2984634badc79:0xd5f0e330080118f4!8m2!3d13.722973!4d100.4640754!16s%2Fm%2F027n4hq!19sChIJedy6NEaY4jAR9BgBCDDj8NU?authuser=0&hl=en&rclk=1"
"0x30e29623342fae6b:0xb88fdb825585ef23","Neodent Victoria Dental Clinic by Neodent","Dental clinic","
ห้อง เลข ที่ G201-202 ชั้น 2 อาคาร G, 1869/6 Phet Kasem Rd, Lak Song, Bang Khae, Bangkok 10160, Thailand","P94G+V4 Bangkok, Thailand","","","+66 2 021 6717","https://www.neodentdentalgroup.com/links-vg","","5.0","42","","","Open","","https://www.google.com/maps/place/Neodent+Victoria+Dental+Clinic+by+Neodent/data=!4m7!3m6!1s0x30e29623342fae6b:0xb88fdb825585ef23!8m2!3d13.7071943!4d100.3753028!16s%2Fg%2F11gcmy3pj7!19sChIJa64vNCOW4jARI--FVYLbj7g?authuser=0&hl=en&rclk=1"
"0x30e284b234d15c71:0x29f92ffd687afbe6","ศูนย์บริการสาธารณสุขที่ 6 สนามบินน้ำ","Local medical services","
VGG8+X5R, Tambon Tha Sai, Mueang Nonthaburi District, Nonthaburi 11000, Thailand","","","","+66 85 546 2830","https://www.facebook.com/OPD06?mibextid=ZbWKwL","","4.4","29","","","Open","","https://www.google.com/maps/place/%E0%B8%A8%E0%B8%B9%E0%B8%99%E0%B8%A2%E0%B9%8C%E0%B8%9A%E0%B8%A3%E0%B8%B4%E0%B8%81%E0%B8%B2%E0%B8%A3%E0%B8%AA%E0%B8%B2%E0%B8%98%E0%B8%B2%E0%B8%A3%E0%B8%93%E0%B8%AA%E0%B8%B8%E0%B8%82%E0%B8%97%E0%B8%B5%E0%B9%88+6+%E0%B8%AA%E0%B8%99%E0%B8%B2%E0%B8%A1%E0%B8%9A%E0%B8%B4%E0%B8%99%E0%B8%99%E0%B9%89%E0%B8%B3/data=!4m7!3m6!1s0x30e284b234d15c71:0x29f92ffd687afbe6!8m2!3d13.8774903!4d100.5153859!16s%2Fg%2F11c1pqxf19!19sChIJcVzRNLKE4jAR5vt6aP0v-Sk?authuser=0&hl=en&rclk=1"
"0x30e2953efa60f6fb:0xfa802a83419a185f","Amile dental clinic","Dental clinic","
175 Phutthamonthon Sai 4 Rd, Tambon Om Noi, Sam Phran District, Nakhon Pathom 73220, Thailand","P8CJ+65 Om Noi, Krathum Baen District, Samut Sakhon, Thailand","","","+66 83 996 6553","","","5.0","834","","","Open","","https://www.google.com/maps/place/Amile+dental+clinic/data=!4m7!3m6!1s0x30e2953efa60f6fb:0xfa802a83419a185f!8m2!3d13.7205026!4d100.3303845!16s%2Fg%2F11y4_qzz7v!19sChIJ-_Zg-j6V4jARXxiaQYMqgPo?authuser=0&hl=en&rclk=1"
"0x30e293d0325bed55:0xc7517b51922dde5e","Smile Again Dental Clinic คลินิกทันตกรรมสไมล์อะเกน จัดฟัน รากเทียม ศาลายา","Dental clinic","
139 29 Salaya, Phutthamonthon District, Nakhon Pathom 73170, Thailand","R82G+GP Salaya, Phutthamonthon District, Nakhon Pathom, Thailand","","","+66 81 383 9199","https://page.line.me/smileagain","","5.0","364","","","Open","","https://www.google.com/maps/place/Smile+Again+Dental+Clinic+%E0%B8%84%E0%B8%A5%E0%B8%B4%E0%B8%99%E0%B8%B4%E0%B8%81%E0%B8%97%E0%B8%B1%E0%B8%99%E0%B8%95%E0%B8%81%E0%B8%A3%E0%B8%A3%E0%B8%A1%E0%B8%AA%E0%B9%84%E0%B8%A1%E0%B8%A5%E0%B9%8C%E0%B8%AD%E0%B8%B0%E0%B9%80%E0%B8%81%E0%B8%99+%E0%B8%88%E0%B8%B1%E0%B8%94%E0%B8%9F%E0%B8%B1%E0%B8%99+%E0%B8%A3%E0%B8%B2%E0%B8%81%E0%B9%80%E0%B8%97%E0%B8%B5%E0%B8%A2%E0%B8%A1+%E0%B8%A8%E0%B8%B2%E0%B8%A5%E0%B8%B2%E0%B8%A2%E0%B8%B2/data=!4m7!3m6!1s0x30e293d0325bed55:0xc7517b51922dde5e!8m2!3d13.8012555!4d100.3268046!16s%2Fg%2F11tnxnrdbt!19sChIJVe1bMtCT4jARXt4tklF7Ucc?authuser=0&hl=en&rclk=1"
"0x30e29d146c5bc339:0xad4e1d3d758929ca","Smart Smile Dental Place","Dental clinic","
92 Prasert-Manukit Rd, Chorakhe Bua, Lat Phrao, Bangkok 10230, Thailand","RHRV+J6 Bangkok, Thailand","","","+66 2 940 2629","http://smartsmiledentalplace.com/contactus-1.html","","4.0","20","","","Open","","https://www.google.com/maps/place/Smart+Smile+Dental+Place/data=!4m7!3m6!1s0x30e29d146c5bc339:0xad4e1d3d758929ca!8m2!3d13.8415378!4d100.5931152!16s%2Fg%2F1q62bkb9g!19sChIJOcNbbBSd4jARyimJdT0dTq0?authuser=0&hl=en&rclk=1"
"0x30e29cfd24bf9681:0x3abe8635896588ed","คลินิกทันตกรรมบางเขน","Dental clinic","
1905/3-4 ถนนพหลโยธิน แขวงลาดยาว Chatuchak, Bangkok 10900, Thailand","RHMC+WX Bangkok, Thailand","","","+66 81 300 6512","","","3.9","15","","","Open","","https://www.google.com/maps/place/%E0%B8%84%E0%B8%A5%E0%B8%B4%E0%B8%99%E0%B8%B4%E0%B8%81%E0%B8%97%E0%B8%B1%E0%B8%99%E0%B8%95%E0%B8%81%E0%B8%A3%E0%B8%A3%E0%B8%A1%E0%B8%9A%E0%B8%B2%E0%B8%87%E0%B9%80%E0%B8%82%E0%B8%99/data=!4m7!3m6!1s0x30e29cfd24bf9681:0x3abe8635896588ed!8m2!3d13.834774!4d100.572431!16s%2Fg%2F12m96xkkm!19sChIJgZa_JP2c4jAR7YhliTWGvjo?authuser=0&hl=en&rclk=1"
"0x30e290d5f90ffddb:0x74dfc6f553416689","Greenwill sai2 dental clinic","Dental clinic","
272 Thanon PhutthaMonthon Sai 2, Sala Thammasop, Thawi Watthana, Bangkok 10170, Thailand","Q9RV+HX Bangkok, Thailand","","","+66 2 885 0455","http://www.facebook.com/gwdental","","4.8","28","","","Open","","https://www.google.com/maps/place/Greenwill+sai2+dental+clinic/data=!4m7!3m6!1s0x30e290d5f90ffddb:0x74dfc6f553416689!8m2!3d13.7914075!4d100.3949225!16s%2Fg%2F11fmyjb037!19sChIJ2_0P-dWQ4jARiWZBU_XG33Q?authuser=0&hl=en&rclk=1"
"0x311d5fef52f14ebb:0x4205ca1116a8f538","Beyond Smile Dental Clinic Bangna","Dental clinic","
58 โครงการ Bizzo bangna 1 Soi Bang Na-Trat 23, Bang Na Nuea, บางนา Bangkok 10260, Thailand","MJCP+FC Bangkok, Thailand","","","+66 97 229 1097","","","4.5","39","","","Open","","https://www.google.com/maps/place/Beyond+Smile+Dental+Clinic+Bangna/data=!4m7!3m6!1s0x311d5fef52f14ebb:0x4205ca1116a8f538!8m2!3d13.6711349!4d100.6361062!16s%2Fg%2F11sy73by_w!19sChIJu07xUu9fHTEROPWoFhHKBUI?authuser=0&hl=en&rclk=1"
"0x30e29cc91c46ac0f:0x169224c3b0ed1f87","Pavida Dental Clinic.","Dental clinic","
24/21, Soi Chin Khet 1/47, Ngamwongwan Road, Thung Song Hong, Khet Lak Si, Bangkok, 10210, Thailand","VH64+59 Bangkok, Thailand","","","+66 2 589 1518","","","5.0","5","","","","","https://www.google.com/maps/place/Pavida+Dental+Clinic./data=!4m7!3m6!1s0x30e29cc91c46ac0f:0x169224c3b0ed1f87!8m2!3d13.8603885!4d100.5559549!16s%2Fg%2F1pzrtv346!19sChIJD6xGHMmc4jARhx_tsMMkkhY?authuser=0&hl=en&rclk=1"
"0x30e29cb948222a4f:0x1cb76816c15ea311","ลูกหมีเด็นทัลคลินิค","Dental clinic","
55 37-38 Ngamwongwan Rd, Thung Song Hong, Lak Si, Bangkok 10210, Thailand","VG3X+PG Bangkok, Thailand","","","+66 2 953 3301","","","3.8","13","","","Open","","https://www.google.com/maps/place/%E0%B8%A5%E0%B8%B9%E0%B8%81%E0%B8%AB%E0%B8%A1%E0%B8%B5%E0%B9%80%E0%B8%94%E0%B9%87%E0%B8%99%E0%B8%97%E0%B8%B1%E0%B8%A5%E0%B8%84%E0%B8%A5%E0%B8%B4%E0%B8%99%E0%B8%B4%E0%B8%84/data=!4m7!3m6!1s0x30e29cb948222a4f:0x1cb76816c15ea311!8m2!3d13.8542804!4d100.5487783!16s%2Fg%2F12lkctbnt!19sChIJTyoiSLmc4jAREaNewRZotxw?authuser=0&hl=en&rclk=1"
"0x311d638d00241e63:0xd61b66f9198ee7e6","คลินิกทันตกรรมเซเว่นเดย์ 7 DAYS Dental clinic","Dental clinic","
989 2 ถ.นวลจันทร์ Nuan Chan, Bueng Kum, Bangkok 10230, Thailand","RJCV+Q4 Bangkok, Thailand","13.8218984","100.6428346","+66 80 149 9191","","","4.5","30","","","Open","","https://www.google.com/maps/place/%E0%B8%84%E0%B8%A5%E0%B8%B4%E0%B8%99%E0%B8%B4%E0%B8%81%E0%B8%97%E0%B8%B1%E0%B8%99%E0%B8%95%E0%B8%81%E0%B8%A3%E0%B8%A3%E0%B8%A1%E0%B9%80%E0%B8%8B%E0%B9%80%E0%B8%A7%E0%B9%88%E0%B8%99%E0%B9%80%E0%B8%94%E0%B8%A2%E0%B9%8C+7+DAYS+Dental+clinic/@13.8218984,100.6428346,17z/data=!3m1!4b1!4m6!3m5!1s0x311d638d00241e63:0xd61b66f9198ee7e6!8m2!3d13.8218984!4d100.6428346!16s%2Fg%2F11l5y6g7pg?authuser=0&hl=en&entry=ttu&g_ep=EgoyMDI2MDYyMi4wIKXMDSoASAFQAw%3D%3D"
"0x311d61816254db17:0x25152361f8a8e6fb","Surachai Dental Clinic (สุรชัยทันตคลินิก)","Dental clinic","
1034 Ramkhamhaeng Rd, Hua Mak, Bang Kapi, Bangkok 10240, Thailand","QM96+M7 Bangkok, Thailand","","","+66 2 370 1048","","","4.5","8","","","","","https://www.google.com/maps/place/Surachai+Dental+Clinic+%28%E0%B8%AA%E0%B8%B8%E0%B8%A3%E0%B8%8A%E0%B8%B1%E0%B8%A2%E0%B8%97%E0%B8%B1%E0%B8%99%E0%B8%95%E0%B8%84%E0%B8%A5%E0%B8%B4%E0%B8%99%E0%B8%B4%E0%B8%81%29/data=!4m7!3m6!1s0x311d61816254db17:0x25152361f8a8e6fb!8m2!3d13.7692381!4d100.6606683!16s%2Fg%2F1tcvr9hs!19sChIJF9tUYoFhHTER--ao-GEjFSU?authuser=0&hl=en&rclk=1"
"0x30e2838422316d91:0xad0cb3d8e7ad76bb","DentEase dental clinic เดนท์อีส ทำฟัน จัดฟัน รากฟันเทียม อุด ขูด รักษาราก ทำฟันเด็ก สายไหม สะพานใหม่","Dental clinic","
ชั้น 2, Time residence, 226 Thep Rak Rd, Khlong Thanon, Sai Mai, Bangkok 10220, Thailand","VJQ5+FR Bangkok, Thailand","13.8886821","100.6095882","+66 94 159 2425","https://www.denteasedentalclinic.com/","","5.0","49","","","Open","","https://www.google.com/maps/place/DentEase+dental+clinic+%E0%B9%80%E0%B8%94%E0%B8%99%E0%B8%97%E0%B9%8C%E0%B8%AD%E0%B8%B5%E0%B8%AA+%E0%B8%97%E0%B8%B3%E0%B8%9F%E0%B8%B1%E0%B8%99+%E0%B8%88%E0%B8%B1%E0%B8%94%E0%B8%9F%E0%B8%B1%E0%B8%99+%E0%B8%A3%E0%B8%B2%E0%B8%81%E0%B8%9F%E0%B8%B1%E0%B8%99%E0%B9%80%E0%B8%97%E0%B8%B5%E0%B8%A2%E0%B8%A1+%E0%B8%AD%E0%B8%B8%E0%B8%94+%E0%B8%82%E0%B8%B9%E0%B8%94+%E0%B8%A3%E0%B8%B1%E0%B8%81%E0%B8%A9%E0%B8%B2%E0%B8%A3%E0%B8%B2%E0%B8%81+%E0%B8%97%E0%B8%B3%E0%B8%9F%E0%B8%B1%E0%B8%99%E0%B9%80%E0%B8%94%E0%B9%87%E0%B8%81+%E0%B8%AA%E0%B8%B2%E0%B8%A2%E0%B9%84%E0%B8%AB%E0%B8%A1+%E0%B8%AA%E0%B8%B0%E0%B8%9E%E0%B8%B2%E0%B8%99%E0%B9%83%E0%B8%AB%E0%B8%A1%E0%B9%88/@13.8886821,100.6095882,17z/data=!3m1!4b1!4m6!3m5!1s0x30e2838422316d91:0xad0cb3d8e7ad76bb!8m2!3d13.8886821!4d100.6095882!16s%2Fg%2F11kskvr_7z?authuser=0&hl=en&entry=ttu&g_ep=EgoyMDI2MDYyMi4wIKXMDSoASAFQAw%3D%3D"
"0x311d630061a6ae01:0x6fccc88f1abbc45a","ฟันดี คลีนิกทันตกรรม","Dental clinic","
729 Happy Land Sai 1 Rd, Khlong Chan, Bang Kapi, Bangkok 10240, Thailand","QJHV+X6 Bangkok, Thailand","13.7799795","100.6430386","+66 83 905 1122","","","3.3","9","","","Open","","https://www.google.com/maps/place/%E0%B8%9F%E0%B8%B1%E0%B8%99%E0%B8%94%E0%B8%B5+%E0%B8%84%E0%B8%A5%E0%B8%B5%E0%B8%99%E0%B8%B4%E0%B8%81%E0%B8%97%E0%B8%B1%E0%B8%99%E0%B8%95%E0%B8%81%E0%B8%A3%E0%B8%A3%E0%B8%A1/@13.7799795,100.6430386,17z/data=!3m1!4b1!4m6!3m5!1s0x311d630061a6ae01:0x6fccc88f1abbc45a!8m2!3d13.7799795!4d100.6430386!16s%2Fg%2F11vm8tx468?authuser=0&hl=en&entry=ttu&g_ep=EgoyMDI2MDYyMi4wIKXMDSoASAFQAw%3D%3D"
"0x311d6071fb565375:0xd4fd8e30e369f920","Trust Clinic","Dental clinic","
55 ถนน ศรีนครินทร์ Nong Bon, Prawet, Bangkok 10250, Thailand","MJVX+X9 Bangkok, Thailand","","","","","","3.3","57","","","Open","","https://www.google.com/maps/place/Trust+Clinic/data=!4m7!3m6!1s0x311d6071fb565375:0xd4fd8e30e369f920!8m2!3d13.6949103!4d100.648494!16s%2Fg%2F11hcxb3xvm!19sChIJdVNW-3FgHTERIPlp4zCO_dQ?authuser=0&hl=en&rclk=1"
"0x30e28320417e36c7:0xece4cbbd6a5a7f79","iDentist สาขา พลัมคอนโด แจ้งวัฒนะ ( ทำฟัน จัดฟัน ทำรีเทนเนอร์ )","Dental clinic","
349, VHHP+FJJ ไอเดนทิส คลินิกทันตกรรม 10 Chaeng Watthana Rd, Talat Bang Khen, Lak Si, Bangkok 10210, Thailand","","","","+66 92 671 4666","https://www.identistclinic.com/","","5.0","752","","","Open","","https://www.google.com/maps/place/iDentist+%E0%B8%AA%E0%B8%B2%E0%B8%82%E0%B8%B2+%E0%B8%9E%E0%B8%A5%E0%B8%B1%E0%B8%A1%E0%B8%84%E0%B8%AD%E0%B8%99%E0%B9%82%E0%B8%94+%E0%B9%81%E0%B8%88%E0%B9%89%E0%B8%87%E0%B8%A7%E0%B8%B1%E0%B8%92%E0%B8%99%E0%B8%B0+%28+%E0%B8%97%E0%B8%B3%E0%B8%9F%E0%B8%B1%E0%B8%99+%E0%B8%88%E0%B8%B1%E0%B8%94%E0%B8%9F%E0%B8%B1%E0%B8%99+%E0%B8%97%E0%B8%B3%E0%B8%A3%E0%B8%B5%E0%B9%80%E0%B8%97%E0%B8%99%E0%B9%80%E0%B8%99%E0%B8%AD%E0%B8%A3%E0%B9%8C+%29/data=!4m7!3m6!1s0x30e28320417e36c7:0xece4cbbd6a5a7f79!8m2!3d13.8810118!4d100.5867754!16s%2Fg%2F11qn4zsq8w!19sChIJxzZ-QSCD4jAReX9aar3L5Ow?authuser=0&hl=en&rclk=1"
"0x30e28370fbe701d1:0xc5e41b598acbeb2c","Melody dental clinic","Dental clinic","
58/79 คลองเกลือ Pak Kret District, Nonthaburi 11120, Thailand","WG4Q+Q6 Pakkret, Pak Kret District, Nonthaburi, Thailand","","","+66 63 556 6639","","","4.9","84","","","Open","","https://www.google.com/maps/place/Melody+dental+clinic/data=!4m7!3m6!1s0x30e28370fbe701d1:0xc5e41b598acbeb2c!8m2!3d13.9069006!4d100.5380107!16s%2Fg%2F11n91lp3k8!19sChIJ0QHn-3CD4jARLOvLilkb5MU?authuser=0&hl=en&rclk=1"
"0x311d60474d0e21a3:0xd1d88d4fca5b3a21","For. Fan Clinic","Dental","
2275 Soi Srinagarindara 26, Suan Luang, Bangkok 10250, Thailand","PJ7V+47 Bangkok, Thailand","","","+66 63 745 6793","","","4.5","10","","","Open","","https://www.google.com/maps/place/For.+Fan+Clinic/data=!4m7!3m6!1s0x311d60474d0e21a3:0xd1d88d4fca5b3a21!8m2!3d13.7127677!4d100.6431729!16s%2Fg%2F1v7pvy94!19sChIJoyEOTUdgHTERITpbyk-N2NE?authuser=0&hl=en&rclk=1"
"0x311d61b3d3c789d7:0xe13293f964ef17f7","Pimsmile dental clinic - Prawet (คลินิกทันตกรรมพิมสไมล์ สาขาสวนหลวง-ประเวศ)","Dental clinic","
59, 1 Chaloem Phrakiat Rama 9 Soi 28, หนองบอน, Prawet, Bangkok 10250, Thailand","MMM9+CX Bangkok, Thailand","","","+66 95 423 2444","https://www.facebook.com/Pimsmileprawet","","4.9","93","","","Open","","https://www.google.com/maps/place/Pimsmile+dental+clinic+-+Prawet+%28%E0%B8%84%E0%B8%A5%E0%B8%B4%E0%B8%99%E0%B8%B4%E0%B8%81%E0%B8%97%E0%B8%B1%E0%B8%99%E0%B8%95%E0%B8%81%E0%B8%A3%E0%B8%A3%E0%B8%A1%E0%B8%9E%E0%B8%B4%E0%B8%A1%E0%B8%AA%E0%B9%84%E0%B8%A1%E0%B8%A5%E0%B9%8C+%E0%B8%AA%E0%B8%B2%E0%B8%82%E0%B8%B2%E0%B8%AA%E0%B8%A7%E0%B8%99%E0%B8%AB%E0%B8%A5%E0%B8%A7%E0%B8%87-%E0%B8%9B%E0%B8%A3%E0%B8%B0%E0%B9%80%E0%B8%A7%E0%B8%A8%29/data=!4m7!3m6!1s0x311d61b3d3c789d7:0xe13293f964ef17f7!8m2!3d13.6835757!4d100.6698811!16s%2Fg%2F11k565vdk3!19sChIJ14nH07NhHTER9xfvZPmTMuE?authuser=0&hl=en&rclk=1"
"0x311d6172fb5ec44f:0xb08ba61863a4928a","Life Dental Clinic คลินิคทันตกรรมไลฟ์","Dental clinic","
Vida Gemopolis, Chamchuri front 1, 4 01 Kanchanaphisek 39, Dok Mai, Prawet, Bangkok 10250, Thailand","MPM2+G9 Bangkok, Thailand","","","+66 99 571 9781","","","5.0","22","","","Open","","https://www.google.com/maps/place/Life+Dental+Clinic+%E0%B8%84%E0%B8%A5%E0%B8%B4%E0%B8%99%E0%B8%B4%E0%B8%84%E0%B8%97%E0%B8%B1%E0%B8%99%E0%B8%95%E0%B8%81%E0%B8%A3%E0%B8%A3%E0%B8%A1%E0%B9%84%E0%B8%A5%E0%B8%9F%E0%B9%8C/data=!4m7!3m6!1s0x311d6172fb5ec44f:0xb08ba61863a4928a!8m2!3d13.6838442!4d100.7008949!16s%2Fg%2F11stts347q!19sChIJT8Re-3JhHTERipKkYximi7A?authuser=0&hl=en&rclk=1"
"0x311d61946667842b:0x2bac9072a2f93809","Smiley U Dental Clinic คลินิกทันตกรรมสมายลี่ยู สาขาอ่อนนุช-ศรีนครินทร์","Dental clinic","
2269 On Nut Rd, Khwaeng Suan Luang, Suan Luang, Bangkok 10250, Thailand","PJ7V+47 Bangkok, Thailand","","","+66 65 462 6282","http://www.smiley-u.com/","","4.9","58","","","Open","","https://www.google.com/maps/place/Smiley+U+Dental+Clinic+%E0%B8%84%E0%B8%A5%E0%B8%B4%E0%B8%99%E0%B8%B4%E0%B8%81%E0%B8%97%E0%B8%B1%E0%B8%99%E0%B8%95%E0%B8%81%E0%B8%A3%E0%B8%A3%E0%B8%A1%E0%B8%AA%E0%B8%A1%E0%B8%B2%E0%B8%A2%E0%B8%A5%E0%B8%B5%E0%B9%88%E0%B8%A2%E0%B8%B9+%E0%B8%AA%E0%B8%B2%E0%B8%82%E0%B8%B2%E0%B8%AD%E0%B9%88%E0%B8%AD%E0%B8%99%E0%B8%99%E0%B8%B8%E0%B8%8A-%E0%B8%A8%E0%B8%A3%E0%B8%B5%E0%B8%99%E0%B8%84%E0%B8%A3%E0%B8%B4%E0%B8%99%E0%B8%97%E0%B8%A3%E0%B9%8C/data=!4m7!3m6!1s0x311d61946667842b:0x2bac9072a2f93809!8m2!3d13.7127626!4d100.6431438!16s%2Fg%2F11v_8y1l_z!19sChIJK4RnZpRhHTERCTj5onKQrCs?authuser=0&hl=en&rclk=1"
"0x30e2a3eddd6e40f1:0xd75688fb2678b693","Smile@town plus","Dental clinic","
525/20 โครงการทาวน์พลัส Pracha Uthit Rd, Thung Khru, Bangkok 10140, Thailand","JG66+FV Bangkok, Thailand","","","+66 94 545 2152","https://www.facebook.com/SmileAtTownplus/","","5.0","11","","","Open","","https://www.google.com/maps/place/Smile@town+plus/data=!4m7!3m6!1s0x30e2a3eddd6e40f1:0xd75688fb2678b693!8m2!3d13.611238!4d100.512161!16s%2Fg%2F11b64mbcmf!19sChIJ8UBu3e2j4jARk7Z4JvuIVtc?authuser=0&hl=en&rclk=1"
"0x30e2a2ee88448b1f:0x1a11f26eed8e7f1f","รักฟัน","Dental clinic","
354/14 หมู่บ้านสวนริมคลองบางมด ถนน พุทธบูชา Bang Mot, Chom Thong, Bangkok 10150, Thailand","MF6C+R5 Bangkok, Thailand","","","+66 2 874 8102","","","4.3","11","","","Open","","https://www.google.com/maps/place/%E0%B8%A3%E0%B8%B1%E0%B8%81%E0%B8%9F%E0%B8%B1%E0%B8%99/data=!4m7!3m6!1s0x30e2a2ee88448b1f:0x1a11f26eed8e7f1f!8m2!3d13.6620773!4d100.4704503!16s%2Fg%2F11ddwgg2h0!19sChIJH4tEiO6i4jARH3-O7W7yERo?authuser=0&hl=en&rclk=1"
"0x30e297cec5cb41e9:0x71e98ba5684bcb59","คลินิกรักฟัน 2","Dental clinic","
80, 27-28 Phet Kasem Rd, Bang Khae, Bangkok 10160, Thailand","PC69+GP Bangkok, Thailand","","","+66 97 006 2104","","","4.2","40","","","Open","","https://www.google.com/maps/place/%E0%B8%84%E0%B8%A5%E0%B8%B4%E0%B8%99%E0%B8%B4%E0%B8%81%E0%B8%A3%E0%B8%B1%E0%B8%81%E0%B8%9F%E0%B8%B1%E0%B8%99+2/data=!4m7!3m6!1s0x30e297cec5cb41e9:0x71e98ba5684bcb59!8m2!3d13.7112833!4d100.4193141!16s%2Fg%2F1hd_hjmp3!19sChIJ6UHLxc6X4jARWctLaKWL6XE?authuser=0&hl=en&rclk=1"
"0x311d6221eb7618b1:0xca3010fef116957b","คลินิกทันตกรรมยิ้มหวาน สาขา บางกะปิ แฮปปี้แลนด์ นวมินทร์ ทำฟัน รากเทียม วีเนียร์ ฟันปลอม ทันตกรรมครบวงจร","Dental clinic","
711 ซอยศูนย์การค้า Happyland Rd, Khlong Chan, Bang Kapi, Bangkok 10240, Thailand","QJJV+2C Bangkok, Thailand","","","+66 84 239 4503","https://www.facebook.com/profile.php?id=100089496343728&mibextid=eQY6cl","","4.8","30","","","Open","","https://www.google.com/maps/place/%E0%B8%84%E0%B8%A5%E0%B8%B4%E0%B8%99%E0%B8%B4%E0%B8%81%E0%B8%97%E0%B8%B1%E0%B8%99%E0%B8%95%E0%B8%81%E0%B8%A3%E0%B8%A3%E0%B8%A1%E0%B8%A2%E0%B8%B4%E0%B9%89%E0%B8%A1%E0%B8%AB%E0%B8%A7%E0%B8%B2%E0%B8%99+%E0%B8%AA%E0%B8%B2%E0%B8%82%E0%B8%B2+%E0%B8%9A%E0%B8%B2%E0%B8%87%E0%B8%81%E0%B8%B0%E0%B8%9B%E0%B8%B4+%E0%B9%81%E0%B8%AE%E0%B8%9B%E0%B8%9B%E0%B8%B5%E0%B9%89%E0%B9%81%E0%B8%A5%E0%B8%99%E0%B8%94%E0%B9%8C+%E0%B8%99%E0%B8%A7%E0%B8%A1%E0%B8%B4%E0%B8%99%E0%B8%97%E0%B8%A3%E0%B9%8C+%E0%B8%97%E0%B8%B3%E0%B8%9F%E0%B8%B1%E0%B8%99+%E0%B8%A3%E0%B8%B2%E0%B8%81%E0%B9%80%E0%B8%97%E0%B8%B5%E0%B8%A2%E0%B8%A1+%E0%B8%A7%E0%B8%B5%E0%B9%80%E0%B8%99%E0%B8%B5%E0%B8%A2%E0%B8%A3%E0%B9%8C+%E0%B8%9F%E0%B8%B1%E0%B8%99%E0%B8%9B%E0%B8%A5%E0%B8%AD%E0%B8%A1+%E0%B8%97%E0%B8%B1%E0%B8%99%E0%B8%95%E0%B8%81%E0%B8%A3%E0%B8%A3%E0%B8%A1%E0%B8%84%E0%B8%A3%E0%B8%9A%E0%B8%A7%E0%B8%87%E0%B8%88%E0%B8%A3/data=!4m7!3m6!1s0x311d6221eb7618b1:0xca3010fef116957b!8m2!3d13.7801124!4d100.6435002!16s%2Fg%2F1yfprtywr!19sChIJsRh26yFiHTERe5UW8f4QMMo?authuser=0&hl=en&rclk=1"
"0x30e283dca7067247:0x24c26c9a57aa0fc8","Nice Dental Clinicสาขาไอทีสแควร์หลักสี่ ทำฟัน จัดฟัน สิทธิ ประกันสังคม ไม่ต้องสำรองจ่าย","Dental clinic","
ไอทีสแควร์ชั้นG Talat Bang Khen, Lak Si, Bangkok 10210, Thailand","VHPJ+69 Bangkok, Thailand","","","+66 62 119 7668","https://lin.ee/35cMpr5","","4.8","136","","","Open","","https://www.google.com/maps/place/Nice+Dental+Clinic%E0%B8%AA%E0%B8%B2%E0%B8%82%E0%B8%B2%E0%B9%84%E0%B8%AD%E0%B8%97%E0%B8%B5%E0%B8%AA%E0%B9%81%E0%B8%84%E0%B8%A7%E0%B8%A3%E0%B9%8C%E0%B8%AB%E0%B8%A5%E0%B8%B1%E0%B8%81%E0%B8%AA%E0%B8%B5%E0%B9%88+%E0%B8%97%E0%B8%B3%E0%B8%9F%E0%B8%B1%E0%B8%99+%E0%B8%88%E0%B8%B1%E0%B8%94%E0%B8%9F%E0%B8%B1%E0%B8%99+%E0%B8%AA%E0%B8%B4%E0%B8%97%E0%B8%98%E0%B8%B4+%E0%B8%9B%E0%B8%A3%E0%B8%B0%E0%B8%81%E0%B8%B1%E0%B8%99%E0%B8%AA%E0%B8%B1%E0%B8%87%E0%B8%84%E0%B8%A1+%E0%B9%84%E0%B8%A1%E0%B9%88%E0%B8%95%E0%B9%89%E0%B8%AD%E0%B8%87%E0%B8%AA%E0%B8%B3%E0%B8%A3%E0%B8%AD%E0%B8%87%E0%B8%88%E0%B9%88%E0%B8%B2%E0%B8%A2/data=!4m7!3m6!1s0x30e283dca7067247:0x24c26c9a57aa0fc8!8m2!3d13.8855227!4d100.5809155!16s%2Fg%2F11s2rpjbvy!19sChIJR3IGp9yD4jARyA-qV5pswiQ?authuser=0&hl=en&rclk=1"
"0x30e29132f63966c9:0x62682625af303834","พรีม คลินิกทันตกรรม Preme Dental Clinic","Dental clinic","
Bang Muang, Bang Yai District, Nonthaburi 11140, Thailand","RCW4+28 Bang Muang, Bang Yai District, Nonthaburi, Thailand","","","+66 97 204 5694","","","3.9","13","","","Open","","https://www.google.com/maps/place/%E0%B8%9E%E0%B8%A3%E0%B8%B5%E0%B8%A1+%E0%B8%84%E0%B8%A5%E0%B8%B4%E0%B8%99%E0%B8%B4%E0%B8%81%E0%B8%97%E0%B8%B1%E0%B8%99%E0%B8%95%E0%B8%81%E0%B8%A3%E0%B8%A3%E0%B8%A1+Preme+Dental+Clinic/data=!4m7!3m6!1s0x30e29132f63966c9:0x62682625af303834!8m2!3d13.8450318!4d100.4058742!16s%2Fg%2F11h2q1qjmv!19sChIJyWY59jKR4jARNDgwryUmaGI?authuser=0&hl=en&rclk=1"
"0x30e29610ba9fe6c5:0x2f2083da584b5cb3","PBS Dental Clinic (พีบีเอส เดนทัล คลินิก ) สาขา โฮมโปรเพชรเกษม ชั้น 2","Dentist","
224 Homeproสาย3 แขวง หนองแขม Nong Khaem, Bangkok 10160, Thailand","P958+69 Bangkok, Thailand","","","+66 86 314 3828","","","5.0","72","","","Open","","https://www.google.com/maps/place/PBS+Dental+Clinic+%28%E0%B8%9E%E0%B8%B5%E0%B8%9A%E0%B8%B5%E0%B9%80%E0%B8%AD%E0%B8%AA+%E0%B9%80%E0%B8%94%E0%B8%99%E0%B8%97%E0%B8%B1%E0%B8%A5+%E0%B8%84%E0%B8%A5%E0%B8%B4%E0%B8%99%E0%B8%B4%E0%B8%81+%29+%E0%B8%AA%E0%B8%B2%E0%B8%82%E0%B8%B2+%E0%B9%82%E0%B8%AE%E0%B8%A1%E0%B9%82%E0%B8%9B%E0%B8%A3%E0%B9%80%E0%B8%9E%E0%B8%8A%E0%B8%A3%E0%B9%80%E0%B8%81%E0%B8%A9%E0%B8%A1+%E0%B8%8A%E0%B8%B1%E0%B9%89%E0%B8%99+2/data=!4m7!3m6!1s0x30e29610ba9fe6c5:0x2f2083da584b5cb3!8m2!3d13.7080945!4d100.3659283!16s%2Fg%2F11hd1vhtql!19sChIJxeafuhCW4jARs1xLWNqDIC8?authuser=0&hl=en&rclk=1"
"0x311d635105b30e4b:0xd45dabe7682c14ce","Good Tooth Good Teeth Dental Clinic (คลินิกทันตกรรม กู๊ดทูธ กู๊ดทีธ)","Dental clinic","
เลขที่ 157/57 Khu Bon 27 Yaek 11, Tha Raeng, Bang Khen, Bangkok 10220, Thailand","VM53+8C Bangkok, Thailand","","","+66 81 567 8920","https://lin.ee/lCOthUIt","","5.0","48","","","Open","","https://www.google.com/maps/place/Good+Tooth+Good+Teeth+Dental+Clinic+%28%E0%B8%84%E0%B8%A5%E0%B8%B4%E0%B8%99%E0%B8%B4%E0%B8%81%E0%B8%97%E0%B8%B1%E0%B8%99%E0%B8%95%E0%B8%81%E0%B8%A3%E0%B8%A3%E0%B8%A1+%E0%B8%81%E0%B8%B9%E0%B9%8A%E0%B8%94%E0%B8%97%E0%B8%B9%E0%B8%98+%E0%B8%81%E0%B8%B9%E0%B9%8A%E0%B8%94%E0%B8%97%E0%B8%B5%E0%B8%98%29/data=!4m7!3m6!1s0x311d635105b30e4b:0xd45dabe7682c14ce!8m2!3d13.8583168!4d100.6535209!16s%2Fg%2F11lcb11_j4!19sChIJSw6zBVFjHTERzhQsaOerXdQ?authuser=0&hl=en&rclk=1"
"0x30e2a29f463b098d:0xdfbf37b96d51e74b","คลินิกสุขภาพฟันพระราม 2 ทันตกรรม","Dentist","
104 2-3 Rama II Soi 69, Samae Dam, Bang Khun Thian, Bangkok 10150, Thailand","JCWC+2V Bangkok, Thailand","","","+66 2 416 0096","","","4.6","15","","","Open","","https://www.google.com/maps/place/%E0%B8%84%E0%B8%A5%E0%B8%B4%E0%B8%99%E0%B8%B4%E0%B8%81%E0%B8%AA%E0%B8%B8%E0%B8%82%E0%B8%A0%E0%B8%B2%E0%B8%9E%E0%B8%9F%E0%B8%B1%E0%B8%99%E0%B8%9E%E0%B8%A3%E0%B8%B0%E0%B8%A3%E0%B8%B2%E0%B8%A1+2+%E0%B8%97%E0%B8%B1%E0%B8%99%E0%B8%95%E0%B8%81%E0%B8%A3%E0%B8%A3%E0%B8%A1/data=!4m7!3m6!1s0x30e2a29f463b098d:0xdfbf37b96d51e74b!8m2!3d13.6451037!4d100.4221704!16s%2Fg%2F1tsr0nfp!19sChIJjQk7Rp-i4jARS-dRbbk3v98?authuser=0&hl=en&rclk=1"
"0x30e29d5745b99a9b:0x807d179789856d11","คลินิกทันตกรรมบ้านฟันยิ้ม","Dental clinic","
1/163 Ngamwongwan Rd, Thung Song Hong, Lak Si, Bangkok 10210, Thailand","VG6X+3C Bangkok, Thailand","","","+66 80 994 6596","","","5.0","7","","","Open","","https://www.google.com/maps/place/%E0%B8%84%E0%B8%A5%E0%B8%B4%E0%B8%99%E0%B8%B4%E0%B8%81%E0%B8%97%E0%B8%B1%E0%B8%99%E0%B8%95%E0%B8%81%E0%B8%A3%E0%B8%A3%E0%B8%A1%E0%B8%9A%E0%B9%89%E0%B8%B2%E0%B8%99%E0%B8%9F%E0%B8%B1%E0%B8%99%E0%B8%A2%E0%B8%B4%E0%B9%89%E0%B8%A1/data=!4m7!3m6!1s0x30e29d5745b99a9b:0x807d179789856d11!8m2!3d13.860146!4d100.5486131!16s%2Fg%2F113jfvmqf!19sChIJm5q5RVed4jAREW2FiZcXfYA?authuser=0&hl=en&rclk=1"
"0x30e290a7b1d389ef:0xba338231c1ca68a0","คลินิกทันตกรรมจตุรพร","Dental clinic","
105/1 ถนน สวนผัก Taling Chan, Bangkok 10170, Thailand","QCXP+5W Bangkok, Thailand","","","+66 2 884 4337","","","3.3","7","","","Open","","https://www.google.com/maps/place/%E0%B8%84%E0%B8%A5%E0%B8%B4%E0%B8%99%E0%B8%B4%E0%B8%81%E0%B8%97%E0%B8%B1%E0%B8%99%E0%B8%95%E0%B8%81%E0%B8%A3%E0%B8%A3%E0%B8%A1%E0%B8%88%E0%B8%95%E0%B8%B8%E0%B8%A3%E0%B8%9E%E0%B8%A3/data=!4m7!3m6!1s0x30e290a7b1d389ef:0xba338231c1ca68a0!8m2!3d13.7979862!4d100.4373583!16s%2Fg%2F1pv2l2qzy!19sChIJ74nTsaeQ4jARoGjKwTGCM7o?authuser=0&hl=en&rclk=1"
"0x30e29b1dc542301b:0xc82d70534d3ff06b","Phoomjit : OPD Clinic Pranangklao Hospital","Hospital department","
VG2H+C3, Tambon Bang Khen, Mueang Nonthaburi District, Nonthaburi 11000, Thailand","","","","+66 2 589 3389","","","4.3","15","","","Open","","https://www.google.com/maps/place/Phoomjit+:+OPD+Clinic+Pranangklao+Hospital/data=!4m7!3m6!1s0x30e29b1dc542301b:0xc82d70534d3ff06b!8m2!3d13.8510533!4d100.52775!16s%2Fg%2F11srj_vbxj!19sChIJGzBCxR2b4jARa_A_TVNwLcg?authuser=0&hl=en&rclk=1"
"0x30e2a0eed70dabfd:0x3680ae9da5dc6023","MOS Dental Clinic Pak Nam","Orthodontist","
32 17 Sukhumvit Rd, Tambon Pak Nam, Mueang Samut Prakan District, Samut Prakan 10270, Thailand","JHFQ+MF Samut Prakan, Pak Nam, Mueang Samut Prakan District, Samut Prakan, Thailand","","","+66 80 276 3100","http://www.facebook.com/mosdentalclinic","","5.0","1103","","","Open","","https://www.google.com/maps/place/MOS+Dental+Clinic+Pak+Nam/data=!4m7!3m6!1s0x30e2a0eed70dabfd:0x3680ae9da5dc6023!8m2!3d13.6242286!4d100.5887324!16s%2Fg%2F1ptzvn2y8!19sChIJ_asN1-6g4jARI2DcpZ2ugDY?authuser=0&hl=en&rclk=1"
"0x30e29d8315592da5:0x3ef7eb0f7617b923","คลินิกนาคนิวาสทันตกรรม","Dental clinic","
20/8 ซอย ลาดพร้าว 71 Nak Niwat Rd, Lat Phrao, Bangkok 10230, Thailand","RJ95+9W Bangkok, Thailand","","","+66 2 538 4283","","","4.6","8","","","Open","","https://www.google.com/maps/place/%E0%B8%84%E0%B8%A5%E0%B8%B4%E0%B8%99%E0%B8%B4%E0%B8%81%E0%B8%99%E0%B8%B2%E0%B8%84%E0%B8%99%E0%B8%B4%E0%B8%A7%E0%B8%B2%E0%B8%AA%E0%B8%97%E0%B8%B1%E0%B8%99%E0%B8%95%E0%B8%81%E0%B8%A3%E0%B8%A3%E0%B8%A1/data=!4m7!3m6!1s0x30e29d8315592da5:0x3ef7eb0f7617b923!8m2!3d13.8184793!4d100.6098157!16s%2Fg%2F1pt_3hm1w!19sChIJpS1ZFYOd4jARI7kXdg_r9z4?authuser=0&hl=en&rclk=1"
"0x30e297d0ff365b41:0xe50c97967ae34b","บางมดทันตกรรม สาขาบางแค","Dental clinic","
7 9 Phet Kasem 84 Alley, Bang Khae Nuea, Bang Khae, Bangkok 10160, Thailand","PC65+JH Bangkok, Thailand","","","+66 61 019 9216","http://www.bangmoddental.com/","","4.9","371","","","Open","","https://www.google.com/maps/place/%E0%B8%9A%E0%B8%B2%E0%B8%87%E0%B8%A1%E0%B8%94%E0%B8%97%E0%B8%B1%E0%B8%99%E0%B8%95%E0%B8%81%E0%B8%A3%E0%B8%A3%E0%B8%A1+%E0%B8%AA%E0%B8%B2%E0%B8%82%E0%B8%B2%E0%B8%9A%E0%B8%B2%E0%B8%87%E0%B9%81%E0%B8%84/data=!4m7!3m6!1s0x30e297d0ff365b41:0xe50c97967ae34b!8m2!3d13.7115796!4d100.4089087!16s%2Fg%2F11k56nzzsv!19sChIJQVs2_9CX4jARS-N6lpcM5QA?authuser=0&hl=en&rclk=1"
"0x311d63863244f36d:0x272fa4ab4c214bbe","Smileconnect Dental clinic","Dental clinic","
Lotus สาขา, Liap Khlong Song Rd, Bang Chan, Khlong Sam Wa, Bangkok 10510, Thailand","VP62+75 Bangkok, Thailand","","","+66 61 985 8998","","","5.0","103","","","Open","","https://www.google.com/maps/place/Smileconnect+Dental+clinic/data=!4m7!3m6!1s0x311d63863244f36d:0x272fa4ab4c214bbe!8m2!3d13.8606376!4d100.7004186!16s%2Fg%2F11pz4sx37c!19sChIJbfNEMoZjHTERvkshTKukLyc?authuser=0&hl=en&rclk=1"
"0x30e285997d0e6681:0xec256cb9a84dcad0","คลินิกทันตกรรมสนามบินน้ำ","Dental clinic","
138/3, Ta Sai, Mueang Nonthaburi District, Nonthaburi 11000, Thailand","VFJX+F8 Nonthaburi, Mueang Nonthaburi District, Nonthaburi, Thailand","","","+66 86 405 3592","https://m.facebook.com/%E0%B8%84%E0%B8%A5%E0%B8%B4%E0%B8%99%E0%B8%B4%E0%B8%81%E0%B8%97%E0%B8%B1%E0%B8%99%E0%B8%95%E0%B8%81%E0%B8%A3%E0%B8%A3%E0%B8%A1%E0%B8%AA%E0%B8%99%E0%B8%B2%E0%B8%A1%E0%B8%9A%E0%B8%B4%E0%B8%99%E0%B8%99%E0%B9%89%E0%B8%B3-229660247164249/","","5.0","347","","","Open","","https://www.google.com/maps/place/%E0%B8%84%E0%B8%A5%E0%B8%B4%E0%B8%99%E0%B8%B4%E0%B8%81%E0%B8%97%E0%B8%B1%E0%B8%99%E0%B8%95%E0%B8%81%E0%B8%A3%E0%B8%A3%E0%B8%A1%E0%B8%AA%E0%B8%99%E0%B8%B2%E0%B8%A1%E0%B8%9A%E0%B8%B4%E0%B8%99%E0%B8%99%E0%B9%89%E0%B8%B3/data=!4m7!3m6!1s0x30e285997d0e6681:0xec256cb9a84dcad0!8m2!3d13.8812048!4d100.4982891!16s%2Fg%2F11g0lkf845!19sChIJgWYOfZmF4jAR0MpNqLlsJew?authuser=0&hl=en&rclk=1"
"0x311d6009bdd40be1:0x4c14a839e48b5252","มาย เด้นท์","Dental clinic","
696 698 ถนน สุขุมวิท 101/1 Bang Chak, Phra Khanong, Bangkok 10260, Thailand","MJPM+FX Bangkok, Thailand","","","+66 2 397 0334","","","4.0","24","","","Open","","https://www.google.com/maps/place/%E0%B8%A1%E0%B8%B2%E0%B8%A2+%E0%B9%80%E0%B8%94%E0%B9%89%E0%B8%99%E0%B8%97%E0%B9%8C/data=!4m7!3m6!1s0x311d6009bdd40be1:0x4c14a839e48b5252!8m2!3d13.6862197!4d100.6349887!16s%2Fg%2F1ptx9vzf7!19sChIJ4QvUvQlgHTERUlKL5DmoFEw?authuser=0&hl=en&rclk=1"
"0x30e29de1a1347f45:0xf3f75656dd68000c","PETA PET SHOP พีต้า เพ็ทช็อป, กรูมมิ่ง และ คลินิก เดอะมอลล์ งามวงศ์วาน ชั้น4 ฝั่งลานจอดรถ โซนA","Pet store","
ชั้น 4 เดอะมอลล์ งามวงศ์วาน Tambon Bang Khen, เมือง Nonthaburi 11000, Thailand","VG4R+3P Nonthaburi, Mueang Nonthaburi District, Nonthaburi, Thailand","","","+66 97 925 4944","https://fb.com/petaofficial","","4.9","122","","","Open","","https://www.google.com/maps/place/PETA+PET+SHOP+%E0%B8%9E%E0%B8%B5%E0%B8%95%E0%B9%89%E0%B8%B2+%E0%B9%80%E0%B8%9E%E0%B9%87%E0%B8%97%E0%B8%8A%E0%B9%87%E0%B8%AD%E0%B8%9B,+%E0%B8%81%E0%B8%A3%E0%B8%B9%E0%B8%A1%E0%B8%A1%E0%B8%B4%E0%B9%88%E0%B8%87+%E0%B9%81%E0%B8%A5%E0%B8%B0+%E0%B8%84%E0%B8%A5%E0%B8%B4%E0%B8%99%E0%B8%B4%E0%B8%81+%E0%B9%80%E0%B8%94%E0%B8%AD%E0%B8%B0%E0%B8%A1%E0%B8%AD%E0%B8%A5%E0%B8%A5%E0%B9%8C+%E0%B8%87%E0%B8%B2%E0%B8%A1%E0%B8%A7%E0%B8%87%E0%B8%A8%E0%B9%8C%E0%B8%A7%E0%B8%B2%E0%B8%99+%E0%B8%8A%E0%B8%B1%E0%B9%89%E0%B8%994+%E0%B8%9D%E0%B8%B1%E0%B9%88%E0%B8%87%E0%B8%A5%E0%B8%B2%E0%B8%99%E0%B8%88%E0%B8%AD%E0%B8%94%E0%B8%A3%E0%B8%96+%E0%B9%82%E0%B8%8B%E0%B8%99A/data=!4m7!3m6!1s0x30e29de1a1347f45:0xf3f75656dd68000c!8m2!3d13.8551758!4d100.5418591!16s%2Fg%2F11p43k41s_!19sChIJRX80oeGd4jARDABo3VZW9_M?authuser=0&hl=en&rclk=1"
"0x311d6115d3dc0d2d:0x4f0db5057313cce","คลินิกทันตกรรมมิสเตอร์เด็นทิสต์ สาขาอ่อนนุช","Dental clinic","
652 ตลาดปิงมาร์เช่ปาร์ค 1 Soi On Nut 46, Khwaeng Suan Luang, Khet Suan Luang, Bangkok 10250, Thailand","PJ3P+R7 Bangkok, Thailand","","","+66 63 245 3545","","","4.9","30","","","","","https://www.google.com/maps/place/%E0%B8%84%E0%B8%A5%E0%B8%B4%E0%B8%99%E0%B8%B4%E0%B8%81%E0%B8%97%E0%B8%B1%E0%B8%99%E0%B8%95%E0%B8%81%E0%B8%A3%E0%B8%A3%E0%B8%A1%E0%B8%A1%E0%B8%B4%E0%B8%AA%E0%B9%80%E0%B8%95%E0%B8%AD%E0%B8%A3%E0%B9%8C%E0%B9%80%E0%B8%94%E0%B9%87%E0%B8%99%E0%B8%97%E0%B8%B4%E0%B8%AA%E0%B8%95%E0%B9%8C+%E0%B8%AA%E0%B8%B2%E0%B8%82%E0%B8%B2%E0%B8%AD%E0%B9%88%E0%B8%AD%E0%B8%99%E0%B8%99%E0%B8%B8%E0%B8%8A/data=!4m7!3m6!1s0x311d6115d3dc0d2d:0x4f0db5057313cce!8m2!3d13.7046063!4d100.6356493!16s%2Fg%2F11w830ptyk!19sChIJLQ3c0xVhHTERzjwxV1Db8AQ?authuser=0&hl=en&rclk=1"
"0x30e2bd247bd0b7dd:0x49602c64f7f7c795","คลินิกทันตกรรมสไมล์โฟกัส Smile Focus","Dental clinic","
872/13ห้องC3-C4 โครงการเดอะริชพลาซ่า Ekkachai Rd, Bang Bon Nuea, Bang Bon, Bangkok 10150, Thailand","M95X+H8 Bangkok, Thailand","","","+66 94 492 6964","http://www.smilefocus.co.th/","","5.0","152","","","Open","","https://www.google.com/maps/place/%E0%B8%84%E0%B8%A5%E0%B8%B4%E0%B8%99%E0%B8%B4%E0%B8%81%E0%B8%97%E0%B8%B1%E0%B8%99%E0%B8%95%E0%B8%81%E0%B8%A3%E0%B8%A3%E0%B8%A1%E0%B8%AA%E0%B9%84%E0%B8%A1%E0%B8%A5%E0%B9%8C%E0%B9%82%E0%B8%9F%E0%B8%81%E0%B8%B1%E0%B8%AA+Smile+Focus/data=!4m7!3m6!1s0x30e2bd247bd0b7dd:0x49602c64f7f7c795!8m2!3d13.6589945!4d100.3983504!16s%2Fg%2F11q9hpx0yb!19sChIJ3bfQeyS94jARlcf392QsYEk?authuser=0&hl=en&rclk=1"
"0x311d5f35f1f91461:0xe0ee36499573981c","FastTooth dental clinic","Dental clinic","
ห้องที่ 12 โครงการ เดอะ คอนเน็กซ์ มอลล์ อาคารเลขที่ 968 1 หมู่ 5 Srinagarindra Rd, Tambon Sam Rong Nua, Mueang Samut Prakan District, Samut Prakan 10270, Thailand","JJRP+M8 Samrong Nuea, Mueang Samut Prakan District, Samut Prakan, Thailand","","","+66 97 313 1777","https://linktr.ee/fasttooth","","5.0","87","","","Open","","https://www.google.com/maps/place/FastTooth+dental+clinic/data=!4m7!3m6!1s0x311d5f35f1f91461:0xe0ee36499573981c!8m2!3d13.641684!4d100.6358312!16s%2Fg%2F11m5qhv1h1!19sChIJYRT58TVfHTERHJhzlUk27uA?authuser=0&hl=en&rclk=1"
"0x311d63da2977ce4f:0x52a50a49015e77e7","LDC Dental รามคำแหง","Dental clinic","
เลขที่ 20/2 ถนน รามคำแหง(สุขาภิบาล3 ติด ถ.รามคำแหง ปากซอย135 เยื้อง, Min Buri, Bangkok 10240, Thailand","QMHH+X9 Bangkok, Thailand","","","+66 2 030 4352","https://www.ldcdental.com/","","4.8","177","Photo of reviewer who wrote ""Thanks for the bad and overpriced reviews ..will not come here""","","Open","","https://www.google.com/maps/place/LDC+Dental+%E0%B8%A3%E0%B8%B2%E0%B8%A1%E0%B8%84%E0%B8%B3%E0%B9%81%E0%B8%AB%E0%B8%87/data=!4m7!3m6!1s0x311d63da2977ce4f:0x52a50a49015e77e7!8m2!3d13.779881!4d100.678376!16s%2Fg%2F1tfrd6r0!19sChIJT853KdpjHTER53deAUkKpVI?authuser=0&hl=en&rclk=1"
"0x311d615b1c9a73fd:0xb54013920c523a6c","Smile Dental Clinic","Pediatric dentist","
โครงการดิไอเฟล 59/58 Kanchanaphisek Rd, Rat Phatthana, Saphan Sung, Bangkok 10240, Thailand","QM7W+H5 Bangkok, Thailand","","","+66 96 942 0057","https://smiledc-th.com/","","4.9","438","","","Open","","https://www.google.com/maps/place/Smile+Dental+Clinic/data=!4m7!3m6!1s0x311d615b1c9a73fd:0xb54013920c523a6c!8m2!3d13.7638855!4d100.695493!16s%2Fg%2F11gbxf9dc6!19sChIJ_XOaHFthHTERbDpSDJITQLU?authuser=0&hl=en&rclk=1"
"0x30e29ad8ede00a7b:0x15266e9ea9c8a1e8","Firstdent","Dental clinic","
VF5M+G3P, เลี่ยงเมืองนนทบุรี 8, Talat Kwan, Mueang Nonthaburi District, Nonthaburi 11000, Thailand","","","","+66 2 969 0881","","","4.8","5","","","Open","","https://www.google.com/maps/place/Firstdent/data=!4m7!3m6!1s0x30e29ad8ede00a7b:0x15266e9ea9c8a1e8!8m2!3d13.858849!4d100.482708!16s%2Fg%2F11bw4dl1xm!19sChIJewrg7dia4jAR6KHIqZ5uJhU?authuser=0&hl=en&rclk=1"
"0x30e2850004776385:0x88fdbe8573f5bda8","Welldent dental clinic","Dental clinic","
VFH5+XJR, Tha it-Saima, Bang Rak Noi, Mueang Nonthaburi District, Nonthaburi 11000, Thailand","","","","+66 61 421 8892","","","5.0","403","","","Open","","https://www.google.com/maps/place/Welldent+dental+clinic/data=!4m7!3m6!1s0x30e2850004776385:0x88fdbe8573f5bda8!8m2!3d13.8799909!4d100.458981!16s%2Fg%2F11x071m4hw!19sChIJhWN3BACF4jARqL31c4W-_Yg?authuser=0&hl=en&rclk=1"
"0x311d5f0017f6c51b:0x7073b5f4741e7f2d","คลินิกทันตกรรมแบริ่ง 48 - Bearing 48 Dental Clinic","Dental clinic","
154/4-5 ปาก ซอย แบริ่ง 48 Samrong Nuea, Mueang Samut Prakan District, Chang Wat Samut Prakan 10270, Thailand","MJ2C+97 Samrong Nuea, Mueang Samut Prakan District, Samut Prakan, Thailand","","","+66 95 898 1312","","","5.0","6","","","Open","","https://www.google.com/maps/place/%E0%B8%84%E0%B8%A5%E0%B8%B4%E0%B8%99%E0%B8%B4%E0%B8%81%E0%B8%97%E0%B8%B1%E0%B8%99%E0%B8%95%E0%B8%81%E0%B8%A3%E0%B8%A3%E0%B8%A1%E0%B9%81%E0%B8%9A%E0%B8%A3%E0%B8%B4%E0%B9%88%E0%B8%87+48+-+Bearing+48+Dental+Clinic/data=!4m7!3m6!1s0x311d5f0017f6c51b:0x7073b5f4741e7f2d!8m2!3d13.6508841!4d100.6207106!16s%2Fg%2F11yvx1104w!19sChIJG8X2FwBfHTERLX8edPS1c3A?authuser=0&hl=en&rclk=1"
"0x30e29d2c661286e7:0x68110a8faa15e4da","ซีรีน คลินิกทันตกรรม สาขาสุทธิสาร","Prosthodontist","
1232 Sutthisan Winitchai Rd, Ratchadaphisek, Din Daeng, Bangkok 10400, Thailand","QHQC+WV Bangkok, Thailand","","","+66 94 469 4636","","","4.2","44","","","Open","","https://www.google.com/maps/place/%E0%B8%8B%E0%B8%B5%E0%B8%A3%E0%B8%B5%E0%B8%99+%E0%B8%84%E0%B8%A5%E0%B8%B4%E0%B8%99%E0%B8%B4%E0%B8%81%E0%B8%97%E0%B8%B1%E0%B8%99%E0%B8%95%E0%B8%81%E0%B8%A3%E0%B8%A3%E0%B8%A1+%E0%B8%AA%E0%B8%B2%E0%B8%82%E0%B8%B2%E0%B8%AA%E0%B8%B8%E0%B8%97%E0%B8%98%E0%B8%B4%E0%B8%AA%E0%B8%B2%E0%B8%A3/data=!4m7!3m6!1s0x30e29d2c661286e7:0x68110a8faa15e4da!8m2!3d13.7897546!4d100.5721267!16s%2Fg%2F11rn7vbcnw!19sChIJ54YSZiyd4jAR2uQVqo8KEWg?authuser=0&hl=en&rclk=1"
"0x311d6040b3b7f779:0x8bbd72d1467cb401","คลินิกทันตกรรม ฉัตรชเนตร์ทันตแพทย์","Dental clinic","
1952 On Nut Rd, Suan Luang, Bangkok 10250, Thailand","PJ6V+W6 Bangkok, Thailand","","","","","","4.0","9","","","Open","","https://www.google.com/maps/place/%E0%B8%84%E0%B8%A5%E0%B8%B4%E0%B8%99%E0%B8%B4%E0%B8%81%E0%B8%97%E0%B8%B1%E0%B8%99%E0%B8%95%E0%B8%81%E0%B8%A3%E0%B8%A3%E0%B8%A1+%E0%B8%89%E0%B8%B1%E0%B8%95%E0%B8%A3%E0%B8%8A%E0%B9%80%E0%B8%99%E0%B8%95%E0%B8%A3%E0%B9%8C%E0%B8%97%E0%B8%B1%E0%B8%99%E0%B8%95%E0%B9%81%E0%B8%9E%E0%B8%97%E0%B8%A2%E0%B9%8C/data=!4m7!3m6!1s0x311d6040b3b7f779:0x8bbd72d1467cb401!8m2!3d13.7123142!4d100.6430739!16s%2Fg%2F1q2wddd1z!19sChIJefe3s0BgHTERAbR8RtFyvYs?authuser=0&hl=en&rclk=1"
"0x311d67e07f26de63:0xfe62a3a0b0983563","Soft&Smile dental clinic สาขา ลาดกระบัง ทำฟัน l จัดฟัน l จัดฟันใส l รากฟันเทียม l วีเนียร์ l Ladkrabang","Dental clinic","
Robinson Radkrabang 2nd floor Room 223 Zone clinic, Radkrabang, Bangkok 10520, Thailand","PPCG+43 Bangkok, Thailand","","","+66 99 406 7775","https://softandsmiledental.com/","","4.9","250","","","Open","","https://www.google.com/maps/place/Soft%26Smile+dental+clinic+%E0%B8%AA%E0%B8%B2%E0%B8%82%E0%B8%B2+%E0%B8%A5%E0%B8%B2%E0%B8%94%E0%B8%81%E0%B8%A3%E0%B8%B0%E0%B8%9A%E0%B8%B1%E0%B8%87+%E0%B8%97%E0%B8%B3%E0%B8%9F%E0%B8%B1%E0%B8%99+l+%E0%B8%88%E0%B8%B1%E0%B8%94%E0%B8%9F%E0%B8%B1%E0%B8%99+l+%E0%B8%88%E0%B8%B1%E0%B8%94%E0%B8%9F%E0%B8%B1%E0%B8%99%E0%B9%83%E0%B8%AA+l+%E0%B8%A3%E0%B8%B2%E0%B8%81%E0%B8%9F%E0%B8%B1%E0%B8%99%E0%B9%80%E0%B8%97%E0%B8%B5%E0%B8%A2%E0%B8%A1+l+%E0%B8%A7%E0%B8%B5%E0%B9%80%E0%B8%99%E0%B8%B5%E0%B8%A2%E0%B8%A3%E0%B9%8C+l+Ladkrabang/data=!4m7!3m6!1s0x311d67e07f26de63:0xfe62a3a0b0983563!8m2!3d13.7202977!4d100.7252469!16s%2Fg%2F11fsnw41r5!19sChIJY94mf-BnHTERYzWYsKCjYv4?authuser=0&hl=en&rclk=1"
"0x311d65d582390d53:0xab4bce264d80931c","Tooth Smile Family Dental Clinic","Dental clinic","
ถ. หทัยราษฎร์ Khwaeng Bang Chan, Khlong Sam Wa, Bangkok 10510, Thailand","RPM9+HV Bangkok, Thailand","","","+66 97 964 6254","","","5.0","66","","","Open","","https://www.google.com/maps/place/Tooth+Smile+Family+Dental+Clinic/data=!4m7!3m6!1s0x311d65d582390d53:0xab4bce264d80931c!8m2!3d13.8339444!4d100.7197406!16s%2Fg%2F11shcstgyd!19sChIJUw05gtVlHTERHJOATSbOS6s?authuser=0&hl=en&rclk=1"
"0x311d63a1e31845df:0x4d3e6ad465a3d70a","M-smile Dental Clinic (สวนสยาม)","Dental clinic","
12 ถนน แยกสวนสยาม Khan Na Yao, Bangkok 10230, Thailand","RM7P+QR Bangkok, Thailand","","","+66 82 669 6696","http://m.facebook.com/msmiledent","","4.5","78","","","Open","","https://www.google.com/maps/place/M-smile+Dental+Clinic+%28%E0%B8%AA%E0%B8%A7%E0%B8%99%E0%B8%AA%E0%B8%A2%E0%B8%B2%E0%B8%A1%29/data=!4m7!3m6!1s0x311d63a1e31845df:0x4d3e6ad465a3d70a!8m2!3d13.8144197!4d100.6871063!16s%2Fg%2F11c1q87h6f!19sChIJ30UY46FjHTERCtejZdRqPk0?authuser=0&hl=en&rclk=1"
"0x30e29f00693c9349:0x412a219dc82c0a0","ดีโอ้ เดนทัล คลินิก ปุณณวิถี ทำฟัน จัดฟัน ฟันปลอม รากเทียม รากฟันเทียม วีเนียร์","Dental clinic","
3079 2 Ban Suan Maha Wong Soi 3, Bang Chak, Phra Khanong, Bangkok 10260, Thailand","MJP6+86 Bangkok, Thailand","13.6857682","100.6105719","+66 82 931 5652","http://www.diodental.com/","","5.0","17","","","Open","","https://www.google.com/maps/place/%E0%B8%94%E0%B8%B5%E0%B9%82%E0%B8%AD%E0%B9%89+%E0%B9%80%E0%B8%94%E0%B8%99%E0%B8%97%E0%B8%B1%E0%B8%A5+%E0%B8%84%E0%B8%A5%E0%B8%B4%E0%B8%99%E0%B8%B4%E0%B8%81+%E0%B8%9B%E0%B8%B8%E0%B8%93%E0%B8%93%E0%B8%A7%E0%B8%B4%E0%B8%96%E0%B8%B5+%E0%B8%97%E0%B8%B3%E0%B8%9F%E0%B8%B1%E0%B8%99+%E0%B8%88%E0%B8%B1%E0%B8%94%E0%B8%9F%E0%B8%B1%E0%B8%99+%E0%B8%9F%E0%B8%B1%E0%B8%99%E0%B8%9B%E0%B8%A5%E0%B8%AD%E0%B8%A1+%E0%B8%A3%E0%B8%B2%E0%B8%81%E0%B9%80%E0%B8%97%E0%B8%B5%E0%B8%A2%E0%B8%A1+%E0%B8%A3%E0%B8%B2%E0%B8%81%E0%B8%9F%E0%B8%B1%E0%B8%99%E0%B9%80%E0%B8%97%E0%B8%B5%E0%B8%A2%E0%B8%A1+%E0%B8%A7%E0%B8%B5%E0%B9%80%E0%B8%99%E0%B8%B5%E0%B8%A2%E0%B8%A3%E0%B9%8C/@13.6857682,100.6105719,17z/data=!3m1!4b1!4m6!3m5!1s0x30e29f00693c9349:0x412a219dc82c0a0!8m2!3d13.6857682!4d100.6105719!16s%2Fg%2F11x0hqbgdd?authuser=0&hl=en&entry=ttu&g_ep=EgoyMDI2MDYyMi4wIKXMDSoASAFQAw%3D%3D"
"0x311d7dc5bbc42473:0x6bdea5173b63bfbc","Tooth Boutique Dental Clinic ทำฟัน จัดฟัน รากเทียม","Dental clinic","
Venice Di Iris, 2/8 Vacharapol Road, 246 Soi 1, Tha Raeng, Bang Khen, Bangkok 10220, Thailand","VJJV+5Q Bangkok, Thailand","","","+66 98 831 0246","https://www.toothboutiquedental.com/","","5.0","376","","","Open","","https://www.google.com/maps/place/Tooth+Boutique+Dental+Clinic+%E0%B8%97%E0%B8%B3%E0%B8%9F%E0%B8%B1%E0%B8%99+%E0%B8%88%E0%B8%B1%E0%B8%94%E0%B8%9F%E0%B8%B1%E0%B8%99+%E0%B8%A3%E0%B8%B2%E0%B8%81%E0%B9%80%E0%B8%97%E0%B8%B5%E0%B8%A2%E0%B8%A1/data=!4m7!3m6!1s0x311d7dc5bbc42473:0x6bdea5173b63bfbc!8m2!3d13.8804456!4d100.6444644!16s%2Fg%2F11tk1hf_qr!19sChIJcyTEu8V9HTERvL9jOxel3ms?authuser=0&hl=en&rclk=1"
"0x30e29701ddb92a33:0xb1acc5251708aa69","คลินิกทันตแพทย์ธงชัย 2","Dental clinic","
361 Thanon PhutthaMonthon Sai 2, Bang Phai, Bang Khae, Bangkok 10160, Thailand","P9VW+83 Bangkok, Thailand","","","+66 2 887 2373","https://www.thongchaidentalclinic.com/","","4.7","159","","","Open","","https://www.google.com/maps/place/%E0%B8%84%E0%B8%A5%E0%B8%B4%E0%B8%99%E0%B8%B4%E0%B8%81%E0%B8%97%E0%B8%B1%E0%B8%99%E0%B8%95%E0%B9%81%E0%B8%9E%E0%B8%97%E0%B8%A2%E0%B9%8C%E0%B8%98%E0%B8%87%E0%B8%8A%E0%B8%B1%E0%B8%A2+2/data=!4m7!3m6!1s0x30e29701ddb92a33:0xb1acc5251708aa69!8m2!3d13.7432948!4d100.3951464!16s%2Fg%2F1hd_y8prg!19sChIJMyq53QGX4jARaaoIFyXFrLE?authuser=0&hl=en&rclk=1"
"0x30e2973534a344e7:0xec337c49f0cf902f","The Loaf ザ・ローフ","Bakery","
5/55 บ้านธนาวัลย์ สุขาภิบาลบางระมาด พุทธมณฑสาย 2 Sala Thammasop, Thawi Watthana, Bangkok 10170, Thailand","QC83+62 Bangkok, Thailand","","","+66 81 646 6641","https://www.facebook.com/share/zRFJcnNpy7JnExCG/?mibextid=LQQJ4d","","4.8","30","","","Open","","https://www.google.com/maps/place/The+Loaf+%E3%82%B6%E3%83%BB%E3%83%AD%E3%83%BC%E3%83%95/data=!4m7!3m6!1s0x30e2973534a344e7:0xec337c49f0cf902f!8m2!3d13.7655708!4d100.4026139!16s%2Fg%2F11p075rl0t!19sChIJ50SjNDWX4jARL5DP8El8M-w?authuser=0&hl=en&rclk=1"
"0x30e29377c34649a9:0x88e91e8d8fb109d","Smile Square Dental Clinic คลินิกทันตกรรมเฉพาะทางจัดฟันสมายสแควร์","Dental clinic","
24, 87/23, Salaya, Phutthamonthon District, Nakhon Pathom 73170, Thailand","R833+8M Salaya, Phutthamonthon District, Nakhon Pathom, Thailand","","","+66 61 591 0888","","","3.9","13","","","Open","","https://www.google.com/maps/place/Smile+Square+Dental+Clinic+%E0%B8%84%E0%B8%A5%E0%B8%B4%E0%B8%99%E0%B8%B4%E0%B8%81%E0%B8%97%E0%B8%B1%E0%B8%99%E0%B8%95%E0%B8%81%E0%B8%A3%E0%B8%A3%E0%B8%A1%E0%B9%80%E0%B8%89%E0%B8%9E%E0%B8%B2%E0%B8%B0%E0%B8%97%E0%B8%B2%E0%B8%87%E0%B8%88%E0%B8%B1%E0%B8%94%E0%B8%9F%E0%B8%B1%E0%B8%99%E0%B8%AA%E0%B8%A1%E0%B8%B2%E0%B8%A2%E0%B8%AA%E0%B9%81%E0%B8%84%E0%B8%A7%E0%B8%A3%E0%B9%8C/data=!4m7!3m6!1s0x30e29377c34649a9:0x88e91e8d8fb109d!8m2!3d13.8033326!4d100.3041947!16s%2Fg%2F11hbg85bcv!19sChIJqUlGw3eT4jARnRD72OiRjgg?authuser=0&hl=en&rclk=1"
"0x311d5e44ca62c347:0xcf319c7da0c90e8b","Make A Smile Dental Clinic (MSDC)","Orthodontist","
Megabangna ชั้น 1 Bang Kaeo, Bang Phli District, Samut Prakan 10540, Thailand","JMXJ+93 Bang Kaeo, Bang Phli District, Samut Prakan, Thailand","","","+66 89 000 6616","http://www.msdc-dental.com/","","4.9","519","","","Open","","https://www.google.com/maps/place/Make+A+Smile+Dental+Clinic+%28MSDC%29/data=!4m7!3m6!1s0x311d5e44ca62c347:0xcf319c7da0c90e8b!8m2!3d13.6484168!4d100.6801485!16s%2Fg%2F11c491lffp!19sChIJR8NiykReHTERiw7JoH2cMc8?authuser=0&hl=en&rclk=1"
"0x30e2a0b5536308c7:0xf8cee41c78a8995c","Saitawan Dental Clinic","Dental clinic","
80 Prakhon Chai Rd, Tambon Pak Nam, Mueang Samut Prakan District, Samut Prakan 10270, Thailand","HHVW+VX Samut Prakan, Pak Nam, Mueang Samut Prakan District, Samut Prakan, Thailand","","","+66 86 306 9231","http://www.saitawandental.com/","","3.8","10","","","Open","","https://www.google.com/maps/place/Saitawan+Dental+Clinic/data=!4m7!3m6!1s0x30e2a0b5536308c7:0xf8cee41c78a8995c!8m2!3d13.5946529!4d100.5974526!16s%2Fg%2F1ptxqn5_5!19sChIJxwhjU7Wg4jARXJmoeBzkzvg?authuser=0&hl=en&rclk=1"
"0x30e29f63ebe3934b:0xc8a43062bcf64b5f","OHM clinic Sukhumvit 101","Skin care clinic","
2nd floor, OWNDAYS True Digital Park 101 Sukhumvit Rd, Bang Chak, Phra Khanong, Bangkok 10260, Thailand","MJP6+79 Bangkok, Thailand","","","+66 85 188 8855","http://ohm-clinic.com/","","4.9","105","","","Open","","https://www.google.com/maps/place/OHM+clinic+Sukhumvit+101/data=!4m7!3m6!1s0x30e29f63ebe3934b:0xc8a43062bcf64b5f!8m2!3d13.68573!4d100.610957!16s%2Fg%2F11j10vdp2f!19sChIJS5Pj62Of4jARX0v2vGIwpMg?authuser=0&hl=en&rclk=1"
"0x311d6309a1f61235:0x955332cec18510d8","LDC Dental รามอินทรา กม. 10","Dental clinic","
10 อยู่ใกล้ Fashion lsland ระหว่าง ธ.กรุงไทยและ Toyota buzz Ram Inthra Rd, Khan Na Yao, Bangkok 10230, Thailand","RMCJ+W4 Bangkok, Thailand","13.8223357","100.6803451","+66 2 030 4364","https://www.ldcdental.com/","","4.9","231","","","Open","","https://www.google.com/maps/place/LDC+Dental+%E0%B8%A3%E0%B8%B2%E0%B8%A1%E0%B8%AD%E0%B8%B4%E0%B8%99%E0%B8%97%E0%B8%A3%E0%B8%B2+%E0%B8%81%E0%B8%A1.+10/@13.8223357,100.6803451,17z/data=!3m1!4b1!4m6!3m5!1s0x311d6309a1f61235:0x955332cec18510d8!8m2!3d13.8223357!4d100.6803451!16s%2Fg%2F11crzk3f_n?authuser=0&hl=en&entry=ttu&g_ep=EgoyMDI2MDYyMi4wIKXMDSoASAFQAw%3D%3D"
"0x311d5f07801c12ab:0x4ade694735580ffb","FAMILY DENT DENTAL CLINIC","Dentist","
ระหว่าง 818/6 โครงการเดอะมาสเตอร์ ถนนสุขุมวิท 103, 36 Udom Suk 34 Alley, Bang Na, Bangkok 10260, Thailand","MJHG+5F Bangkok, Thailand","","","+66 81 356 3290","","","4.1","7","","","Open","","https://www.google.com/maps/place/FAMILY+DENT+DENTAL+CLINIC/data=!4m7!3m6!1s0x311d5f07801c12ab:0x4ade694735580ffb!8m2!3d13.6779888!4d100.6261675!16s%2Fg%2F11fhv9ybdf!19sChIJqxIcgAdfHTER-w9YNUdp3ko?authuser=0&hl=en&rclk=1"
"0x30e2a7a2ce84203b:0xd08a8a0fdd071f12","Smile Icon สมุทรปราการ","Dental clinic","
353, Thai Ban Mai, Mueang Samut Prakan District, Samut Prakan 10280, Thailand","HJP5+8V Thai Ban Mai, Mueang Samut Prakan District, Samut Prakan, Thailand","","","+66 95 550 8680","https://www.facebook.com/profile.php?id=100093992630886","","4.8","83","","","Open","","https://www.google.com/maps/place/Smile+Icon+%E0%B8%AA%E0%B8%A1%E0%B8%B8%E0%B8%97%E0%B8%A3%E0%B8%9B%E0%B8%A3%E0%B8%B2%E0%B8%81%E0%B8%B2%E0%B8%A3/data=!4m7!3m6!1s0x30e2a7a2ce84203b:0xd08a8a0fdd071f12!8m2!3d13.5857769!4d100.609655!16s%2Fg%2F11svwxt2nx!19sChIJOyCEzqKn4jAREh8H3Q-KitA?authuser=0&hl=en&rclk=1"
"0x30e2a07d252d80df:0x498cdb53fd2d4364","คลินิกทันตกรรม ที่นี่ทำฟัน","Dental clinic","
903-904 หมู่10 903 ตำบล สำโรงเหนือ Tambon Sam Rong Nua, Mueang Samut Prakan District, Samut Prakan 10270, Thailand","JJR5+RM Samrong Nuea, Mueang Samut Prakan District, Samut Prakan, Thailand","","","+66 2 759 0400","https://www.facebook.com/tumfun","","5.0","81","","","Open","","https://www.google.com/maps/place/%E0%B8%84%E0%B8%A5%E0%B8%B4%E0%B8%99%E0%B8%B4%E0%B8%81%E0%B8%97%E0%B8%B1%E0%B8%99%E0%B8%95%E0%B8%81%E0%B8%A3%E0%B8%A3%E0%B8%A1+%E0%B8%97%E0%B8%B5%E0%B9%88%E0%B8%99%E0%B8%B5%E0%B9%88%E0%B8%97%E0%B8%B3%E0%B8%9F%E0%B8%B1%E0%B8%99/data=!4m7!3m6!1s0x30e2a07d252d80df:0x498cdb53fd2d4364!8m2!3d13.6420226!4d100.6092313!16s%2Fg%2F11csrz7m5m!19sChIJ34AtJX2g4jARZEMt_VPbjEk?authuser=0&hl=en&rclk=1"
"0x311d5ffbbc4ab6ed:0xb9deacad9370c9b1","La Posh Dental Clinic คลินิกทำฟัน จัดฟัน รากเทียม วีเนียร์ บางนา ศรีนครินทร์","Dental clinic","
14, 36 Cascade Bangna, Bang Kaeo, Bang Phli District, Samut Prakan 10540, Thailand","MM63+PW Bang Kaeo, Bang Phli District, Samut Prakan, Thailand","","","+66 65 293 6115","https://laposhclinic.com/","","5.0","598","","","Open","","https://www.google.com/maps/place/La+Posh+Dental+Clinic+%E0%B8%84%E0%B8%A5%E0%B8%B4%E0%B8%99%E0%B8%B4%E0%B8%81%E0%B8%97%E0%B8%B3%E0%B8%9F%E0%B8%B1%E0%B8%99+%E0%B8%88%E0%B8%B1%E0%B8%94%E0%B8%9F%E0%B8%B1%E0%B8%99+%E0%B8%A3%E0%B8%B2%E0%B8%81%E0%B9%80%E0%B8%97%E0%B8%B5%E0%B8%A2%E0%B8%A1+%E0%B8%A7%E0%B8%B5%E0%B9%80%E0%B8%99%E0%B8%B5%E0%B8%A2%E0%B8%A3%E0%B9%8C+%E0%B8%9A%E0%B8%B2%E0%B8%87%E0%B8%99%E0%B8%B2+%E0%B8%A8%E0%B8%A3%E0%B8%B5%E0%B8%99%E0%B8%84%E0%B8%A3%E0%B8%B4%E0%B8%99%E0%B8%97%E0%B8%A3%E0%B9%8C/data=!4m7!3m6!1s0x311d5ffbbc4ab6ed:0xb9deacad9370c9b1!8m2!3d13.6618305!4d100.6548598!16s%2Fg%2F11vpwdcb24!19sChIJ7bZKvPtfHTERsclwk62s3rk?authuser=0&hl=en&rclk=1"
"0x311d62babb8fb599:0x59aa6dd4d455a570","Modern Dental Center ศูนย์ทันตกรรมโมเดิร์น @ สถานีมัยลาภ","Dental clinic","
312, 314 Ram Inthra Rd, Tha Raeng, Bang Khen, Bangkok 10220, Thailand","VJ3J+WR Bangkok, Thailand","","","+66 80 542 4646","http://www.facebook.com/Modern-Dental-Center-107058567527236/","","5.0","39","","","Open","","https://www.google.com/maps/place/Modern+Dental+Center+%E0%B8%A8%E0%B8%B9%E0%B8%99%E0%B8%A2%E0%B9%8C%E0%B8%97%E0%B8%B1%E0%B8%99%E0%B8%95%E0%B8%81%E0%B8%A3%E0%B8%A3%E0%B8%A1%E0%B9%82%E0%B8%A1%E0%B9%80%E0%B8%94%E0%B8%B4%E0%B8%A3%E0%B9%8C%E0%B8%99+@+%E0%B8%AA%E0%B8%96%E0%B8%B2%E0%B8%99%E0%B8%B5%E0%B8%A1%E0%B8%B1%E0%B8%A2%E0%B8%A5%E0%B8%B2%E0%B8%A0/data=!4m7!3m6!1s0x311d62babb8fb599:0x59aa6dd4d455a570!8m2!3d13.854795!4d100.6321186!16s%2Fg%2F11c3w5_tlm!19sChIJmbWPu7piHTERcKVV1NRtqlk?authuser=0&hl=en&rclk=1"
"0x30e29d870b99abb5:0x13c697dea18d0999","Daytime smile clinic สาขางามวงศ์วาน - นนทบุรี","Dentist","
250 Ngamwongwan Rd, บางเขน Mueang Nonthaburi District, Nonthaburi 11000, Thailand","VG4P+QR Nonthaburi, Mueang Nonthaburi District, Nonthaburi, Thailand","","","+66 63 453 6964","https://www.daytimesmile.com/","","4.7","369","","","Open","","https://www.google.com/maps/place/Daytime+smile+clinic+%E0%B8%AA%E0%B8%B2%E0%B8%82%E0%B8%B2%E0%B8%87%E0%B8%B2%E0%B8%A1%E0%B8%A7%E0%B8%87%E0%B8%A8%E0%B9%8C%E0%B8%A7%E0%B8%B2%E0%B8%99+-+%E0%B8%99%E0%B8%99%E0%B8%97%E0%B8%9A%E0%B8%B8%E0%B8%A3%E0%B8%B5/data=!4m7!3m6!1s0x30e29d870b99abb5:0x13c697dea18d0999!8m2!3d13.8569985!4d100.5370608!16s%2Fg%2F11kc20wn3m!19sChIJtauZC4ed4jARmQmNod6XxhM?authuser=0&hl=en&rclk=1"
"0x30e283107f4db845:0x889031907578b946","Masterdent Dental Clinic-ดอนเมือง | คลินิกทันตกรรม จัดฟัน ฟันปลอม ฟันขาว วีเนียร์ รักษารากฟัน","Dental clinic","
312/25-26, MasterDent Dental Clinic - ดอนเมือง, Kosumruamjai Rd, Khwaeng Don Mueang, Don Mueang, Bangkok 10210, Thailand","WH6H+G6 Bangkok, Thailand","","","+66 95 595 1187","","","4.9","233","","","Open","","https://www.google.com/maps/place/Masterdent+Dental+Clinic-%E0%B8%94%E0%B8%AD%E0%B8%99%E0%B9%80%E0%B8%A1%E0%B8%B7%E0%B8%AD%E0%B8%87+%7C+%E0%B8%84%E0%B8%A5%E0%B8%B4%E0%B8%99%E0%B8%B4%E0%B8%81%E0%B8%97%E0%B8%B1%E0%B8%99%E0%B8%95%E0%B8%81%E0%B8%A3%E0%B8%A3%E0%B8%A1+%E0%B8%88%E0%B8%B1%E0%B8%94%E0%B8%9F%E0%B8%B1%E0%B8%99+%E0%B8%9F%E0%B8%B1%E0%B8%99%E0%B8%9B%E0%B8%A5%E0%B8%AD%E0%B8%A1+%E0%B8%9F%E0%B8%B1%E0%B8%99%E0%B8%82%E0%B8%B2%E0%B8%A7+%E0%B8%A7%E0%B8%B5%E0%B9%80%E0%B8%99%E0%B8%B5%E0%B8%A2%E0%B8%A3%E0%B9%8C+%E0%B8%A3%E0%B8%B1%E0%B8%81%E0%B8%A9%E0%B8%B2%E0%B8%A3%E0%B8%B2%E0%B8%81%E0%B8%9F%E0%B8%B1%E0%B8%99/data=!4m7!3m6!1s0x30e283107f4db845:0x889031907578b946!8m2!3d13.9113243!4d100.5780466!16s%2Fg%2F11y76r3m_8!19sChIJRbhNfxCD4jARRrl4dZAxkIg?authuser=0&hl=en&rclk=1"
"0x30e28f680c1fb0ad:0x7feb2f88b823d9e5","Dental Magic Dental Clinic","Dental clinic","
Bang Kruai - Sai Noi Rd, Tambon Bang Rak Pattana, Bang Bua Thong District, Nonthaburi 11110, Thailand","VCPM+6G Bang Rak Phatthana, Bang Bua Thong District, Nonthaburi, Thailand","","","+66 62 513 7955","https://m.facebook.com/dentalmagicdentalclinic/","","4.9","145","","","Open","","https://www.google.com/maps/place/Dental+Magic+Dental+Clinic/data=!4m7!3m6!1s0x30e28f680c1fb0ad:0x7feb2f88b823d9e5!8m2!3d13.8856133!4d100.4337786!16s%2Fg%2F11g4gmcwk6!19sChIJrbAfDGiP4jAR5dkjuIgv638?authuser=0&hl=en&rclk=1"
"0x30e28f7ee596ec03:0x91a03322df50a849","Cozy dental clinic","Dental clinic","
40/78,Bang rak phatthana, Nonthaburi, Bang Bua Thong District, Nonthaburi 11110, Thailand","VCPJ+RW Bang Rak Phatthana, Bang Bua Thong District, Nonthaburi, Thailand","","","+66 65 524 1955","https://www.facebook.com/cozydentalclinic/","","5.0","106","","","Open","","https://www.google.com/maps/place/Cozy+dental+clinic/data=!4m7!3m6!1s0x30e28f7ee596ec03:0x91a03322df50a849!8m2!3d13.8870735!4d100.4322856!16s%2Fg%2F11t59grkqq!19sChIJA-yW5X6P4jARSahQ3yIzoJE?authuser=0&hl=en&rclk=1"
"0x311d6306aaaaaaab:0xe8271260cc5f7294","คลินิกทันตกรรมวัชรพล สาขาวัชรพล - VDC Dental Clinic (ศูนย์ทันตกรรม วัชรพล เดิม)","Dental clinic","
73 ถ. วัชรพล ท่าแร้ง บางเขน Bangkok 10220, Thailand","VJ5V+FH Bangkok, Thailand","","","+66 2 945 4995","","","4.7","62","","","Open","","https://www.google.com/maps/place/%E0%B8%84%E0%B8%A5%E0%B8%B4%E0%B8%99%E0%B8%B4%E0%B8%81%E0%B8%97%E0%B8%B1%E0%B8%99%E0%B8%95%E0%B8%81%E0%B8%A3%E0%B8%A3%E0%B8%A1%E0%B8%A7%E0%B8%B1%E0%B8%8A%E0%B8%A3%E0%B8%9E%E0%B8%A5+%E0%B8%AA%E0%B8%B2%E0%B8%82%E0%B8%B2%E0%B8%A7%E0%B8%B1%E0%B8%8A%E0%B8%A3%E0%B8%9E%E0%B8%A5+-+VDC+Dental+Clinic+%28%E0%B8%A8%E0%B8%B9%E0%B8%99%E0%B8%A2%E0%B9%8C%E0%B8%97%E0%B8%B1%E0%B8%99%E0%B8%95%E0%B8%81%E0%B8%A3%E0%B8%A3%E0%B8%A1+%E0%B8%A7%E0%B8%B1%E0%B8%8A%E0%B8%A3%E0%B8%9E%E0%B8%A5+%E0%B9%80%E0%B8%94%E0%B8%B4%E0%B8%A1%29/data=!4m7!3m6!1s0x311d6306aaaaaaab:0xe8271260cc5f7294!8m2!3d13.8587461!4d100.6439421!16s%2Fg%2F1hc1tfb3l!19sChIJq6qqqgZjHTERlHJfzGASJ-g?authuser=0&hl=en&rclk=1"
"0x30e281b095bce29b:0xcee44b33d8d8fc12","Dental Club Clinic","Dental clinic","
52 ชั้น 2 ห้อง P2054 บริษัท เดนทัล คลับ จำกัด Phahonyothin Rd, Anusawari, Bang Khen, Bangkok 10220, Thailand","VJH2+Q7 Bangkok, Thailand","","","+66 65 953 5629","","","4.8","13","","","Open","","https://www.google.com/maps/place/Dental+Club+Clinic/data=!4m7!3m6!1s0x30e281b095bce29b:0xcee44b33d8d8fc12!8m2!3d13.8794431!4d100.6006856!16s%2Fg%2F11vf7vz3s4!19sChIJm-K8lbCB4jAREvzY2DNL5M4?authuser=0&hl=en&rclk=1"
"0x30e29ab2cba107a5:0x83fa84f3962f42b8","Dental Planet Central Westgate คลินิกทันตกรรม เดนทัล แพลนเน็ต เซ็นทรัล เวสต์เกต","Dental clinic","
Central Westgate Level 2 (Room 248/1, Bang Yai District, Nonthaburi 11140, Thailand","VCG6+JP Sao Thong Hin, Bang Yai District, Nonthaburi, Thailand","","","+66 91 889 3818","https://dentalplanetclinic.com/","","5.0","1312","","","Open","","https://www.google.com/maps/place/Dental+Planet+Central+Westgate+%E0%B8%84%E0%B8%A5%E0%B8%B4%E0%B8%99%E0%B8%B4%E0%B8%81%E0%B8%97%E0%B8%B1%E0%B8%99%E0%B8%95%E0%B8%81%E0%B8%A3%E0%B8%A3%E0%B8%A1+%E0%B9%80%E0%B8%94%E0%B8%99%E0%B8%97%E0%B8%B1%E0%B8%A5+%E0%B9%81%E0%B8%9E%E0%B8%A5%E0%B8%99%E0%B9%80%E0%B8%99%E0%B9%87%E0%B8%95+%E0%B9%80%E0%B8%8B%E0%B9%87%E0%B8%99%E0%B8%97%E0%B8%A3%E0%B8%B1%E0%B8%A5+%E0%B9%80%E0%B8%A7%E0%B8%AA%E0%B8%95%E0%B9%8C%E0%B9%80%E0%B8%81%E0%B8%95/data=!4m7!3m6!1s0x30e29ab2cba107a5:0x83fa84f3962f42b8!8m2!3d13.8766143!4d100.4118441!16s%2Fg%2F11bxg0rk6y!19sChIJpQehy7Ka4jARuEIvlvOE-oM?authuser=0&hl=en&rclk=1"
"0x311d5fe9173fb217:0xa1e1db7367d20760","Have Fun Dental Clinic คลินิกทันตกรรมแฮฟฟัน","Dentist","
36 234 Srinagarindra Rd, Bang Kaeo, Bang Phli District, Samut Prakan 10540, Thailand","JJVX+FM Bang Kaeo, Bang Phli District, Samut Prakan, Thailand","","","+66 63 445 5249","https://www.facebook.com/havefunsridan22","","4.9","99","","","Open","","https://www.google.com/maps/place/Have+Fun+Dental+Clinic+%E0%B8%84%E0%B8%A5%E0%B8%B4%E0%B8%99%E0%B8%B4%E0%B8%81%E0%B8%97%E0%B8%B1%E0%B8%99%E0%B8%95%E0%B8%81%E0%B8%A3%E0%B8%A3%E0%B8%A1%E0%B9%81%E0%B8%AE%E0%B8%9F%E0%B8%9F%E0%B8%B1%E0%B8%99/data=!4m7!3m6!1s0x311d5fe9173fb217:0xa1e1db7367d20760!8m2!3d13.6436397!4d100.6491687!16s%2Fg%2F11vj_72g3g!19sChIJF7I_F-lfHTERYAfSZ3Pb4aE?authuser=0&hl=en&rclk=1"
"0x311d5fef28a1eb3b:0x909a2bb9e96e13f3","คลินิกทันตกรรมพร้อมท์ PROMPT DENTAL COTTAGE จัดฟัน รากเทียม ทันตกรรมเด็ก","Dental clinic","
52 Srinagarindra Rd, Bang Na Tai, Bang Na, Bangkok 10260, Thailand","MJ5R+9X Bangkok, Thailand","","","+66 84 134 3640","","","5.0","70","","","Open","","https://www.google.com/maps/place/%E0%B8%84%E0%B8%A5%E0%B8%B4%E0%B8%99%E0%B8%B4%E0%B8%81%E0%B8%97%E0%B8%B1%E0%B8%99%E0%B8%95%E0%B8%81%E0%B8%A3%E0%B8%A3%E0%B8%A1%E0%B8%9E%E0%B8%A3%E0%B9%89%E0%B8%AD%E0%B8%A1%E0%B8%97%E0%B9%8C+PROMPT+DENTAL+COTTAGE+%E0%B8%88%E0%B8%B1%E0%B8%94%E0%B8%9F%E0%B8%B1%E0%B8%99+%E0%B8%A3%E0%B8%B2%E0%B8%81%E0%B9%80%E0%B8%97%E0%B8%B5%E0%B8%A2%E0%B8%A1+%E0%B8%97%E0%B8%B1%E0%B8%99%E0%B8%95%E0%B8%81%E0%B8%A3%E0%B8%A3%E0%B8%A1%E0%B9%80%E0%B8%94%E0%B9%87%E0%B8%81/data=!4m7!3m6!1s0x311d5fef28a1eb3b:0x909a2bb9e96e13f3!8m2!3d13.6584054!4d100.6424219!16s%2Fg%2F11lnwrcpj7!19sChIJO-uhKO9fHTER8xNu6bkrmpA?authuser=0&hl=en&rclk=1"
"0x30e2bd3820f94891:0xf0cc2d678a84f460","คลินิกทันตกรรม สไมล์โฟกัส สาขาพระราม 2","Dental clinic","
155/7-8 ปาก Soi Bang Khun Thian 3, Khlong Bang Bon, Bang Bon, Bangkok 10150, Thailand","MC9H+G8 Bangkok, Thailand","","","+66 96 293 9293","http://www.smilefocus.co.th/","","5.0","146","","","Open","","https://www.google.com/maps/place/%E0%B8%84%E0%B8%A5%E0%B8%B4%E0%B8%99%E0%B8%B4%E0%B8%81%E0%B8%97%E0%B8%B1%E0%B8%99%E0%B8%95%E0%B8%81%E0%B8%A3%E0%B8%A3%E0%B8%A1+%E0%B8%AA%E0%B9%84%E0%B8%A1%E0%B8%A5%E0%B9%8C%E0%B9%82%E0%B8%9F%E0%B8%81%E0%B8%B1%E0%B8%AA+%E0%B8%AA%E0%B8%B2%E0%B8%82%E0%B8%B2%E0%B8%9E%E0%B8%A3%E0%B8%B0%E0%B8%A3%E0%B8%B2%E0%B8%A1+2/data=!4m7!3m6!1s0x30e2bd3820f94891:0xf0cc2d678a84f460!8m2!3d13.6688016!4d100.4282667!16s%2Fg%2F11c744vb49!19sChIJkUj5IDi94jARYPSEimctzPA?authuser=0&hl=en&rclk=1"
"0x311d67906cd54a03:0x50c20d545601537b","Pop Dental Clinic","Dental clinic","
36 Lat Krabang, Bangkok 10520, Thailand","PPC6+PV Bangkok, Thailand","","","+66 94 995 4695","http://www.facebook.com/popdental","","4.7","36","","","Open","","https://www.google.com/maps/place/Pop+Dental+Clinic/data=!4m7!3m6!1s0x311d67906cd54a03:0x50c20d545601537b!8m2!3d13.7218611!4d100.7121484!16s%2Fg%2F11fkq1qg_m!19sChIJA0rVbJBnHTERe1MBVlQNwlA?authuser=0&hl=en&rclk=1"
"0x311d6257838c68f5:0xc90b3de12a167075","พร้อม คลีนิคทันตกรรม","Doctor","
46 261 Soi Nawamin 74, Khlong Kum, Bueng Kum, Bangkok 10230, Thailand","RM93+7J Bangkok, Thailand","","","+66 2 944 7844","","","4.2","9","","","","","https://www.google.com/maps/place/%E0%B8%9E%E0%B8%A3%E0%B9%89%E0%B8%AD%E0%B8%A1+%E0%B8%84%E0%B8%A5%E0%B8%B5%E0%B8%99%E0%B8%B4%E0%B8%84%E0%B8%97%E0%B8%B1%E0%B8%99%E0%B8%95%E0%B8%81%E0%B8%A3%E0%B8%A3%E0%B8%A1/data=!4m7!3m6!1s0x311d6257838c68f5:0xc90b3de12a167075!8m2!3d13.8181732!4d100.654091!16s%2Fg%2F11c72m7n_n!19sChIJ9WiMg1diHTERdXAWKuE9C8k?authuser=0&hl=en&rclk=1"
"0x311d62e0557cd3c1:0x10bd52bbd6de07dd","ศูนย์ทันตกรรมคู้บอน Kuborn Dental Center","Dental clinic","
152 154 Khu Bon Rd, Ram Inthra, Khan Na Yao, Bangkok 10230, Thailand","RMW7+RJ Bangkok, Thailand","","","+66 2 509 1490","https://www.facebook.com/kuborndentalcenter16/","","4.7","113","","","Open","","https://www.google.com/maps/place/%E0%B8%A8%E0%B8%B9%E0%B8%99%E0%B8%A2%E0%B9%8C%E0%B8%97%E0%B8%B1%E0%B8%99%E0%B8%95%E0%B8%81%E0%B8%A3%E0%B8%A3%E0%B8%A1%E0%B8%84%E0%B8%B9%E0%B9%89%E0%B8%9A%E0%B8%AD%E0%B8%99+Kuborn+Dental+Center/data=!4m7!3m6!1s0x311d62e0557cd3c1:0x10bd52bbd6de07dd!8m2!3d13.8471043!4d100.6641017!16s%2Fg%2F1pzqp01w3!19sChIJwdN8VeBiHTER3Qfe1rtSvRA?authuser=0&hl=en&rclk=1"
"0x311d5f7bb314dff9:0x926857912fecdffe","Apple Dental สาขาด่านสำโรง","Doctor","
146/4 Sukhumvit 113, Samrong Nuea, Mueang Samut Prakan District, Samut Prakan 10270, Thailand","JJJH+G6 Samrong Nuea, Mueang Samut Prakan District, Samut Prakan, Thailand","","","+66 2 108 4244","","","4.9","185","","","Open","","https://www.google.com/maps/place/Apple+Dental+%E0%B8%AA%E0%B8%B2%E0%B8%82%E0%B8%B2%E0%B8%94%E0%B9%88%E0%B8%B2%E0%B8%99%E0%B8%AA%E0%B8%B3%E0%B9%82%E0%B8%A3%E0%B8%87/data=!4m7!3m6!1s0x311d5f7bb314dff9:0x926857912fecdffe!8m2!3d13.6313605!4d100.6280693!16s%2Fg%2F11dxlbhch8!19sChIJ-d8Us3tfHTER_t_sL5FXaJI?authuser=0&hl=en&rclk=1"
"0x311d5ff192d2cc3b:0x626cb7237f9fba7d","MD Tower","Commercial real estate agency","
1 Bang Na-Trat 25 Alley, Bang Na Nuea, Bang Na, Bangkok 10260, Thailand","MJ9P+7F Bangkok, Thailand","","","+66 2 361 8351","http://www.mdtowerbangna.com/","","4.0","219","","","Open","","https://www.google.com/maps/place/MD+Tower/data=!4m7!3m6!1s0x311d5ff192d2cc3b:0x626cb7237f9fba7d!8m2!3d13.6682019!4d100.6361677!16s%2Fg%2F1td_83t9!19sChIJO8zSkvFfHTERfbqffyO3bGI?authuser=0&hl=en&rclk=1"
"0x30e2837d5524206d:0x1b3858848e70c9b5","Ice Dental","Dental clinic","
103/4-5 Chaeng Wattana-Parkkred 19 Alley, Tambon Khlong Klua, Pak Kret District, Nonthaburi 11120, Thailand","WG4H+HV Pakkret, Pak Kret District, Nonthaburi, Thailand","","","+66 88 282 2288","","","4.2","15","","","Open","","https://www.google.com/maps/place/Ice+Dental/data=!4m7!3m6!1s0x30e2837d5524206d:0x1b3858848e70c9b5!8m2!3d13.9064788!4d100.5296783!16s%2Fg%2F11c5szdgwy!19sChIJbSAkVX2D4jARtclwjoRYOBs?authuser=0&hl=en&rclk=1"
"0x311d65b44cd6c3f9:0x97d819124b8fe86a","Orange smile dental clinic สาขาร่มเกล้า","Dental clinic","
เลขที่ 320 Kheha Rom Klao Alley 46, Khlong Song Ton Nun, Lat Krabang, Bangkok 10520, Thailand","QP6H+XM Bangkok, Thailand","","","+66 94 420 9555","https://www.facebook.com/orangesmileromklao","","4.5","73","","","Open","","https://www.google.com/maps/place/Orange+smile+dental+clinic+%E0%B8%AA%E0%B8%B2%E0%B8%82%E0%B8%B2%E0%B8%A3%E0%B9%88%E0%B8%A1%E0%B9%80%E0%B8%81%E0%B8%A5%E0%B9%89%E0%B8%B2/data=!4m7!3m6!1s0x311d65b44cd6c3f9:0x97d819124b8fe86a!8m2!3d13.7624012!4d100.7291678!16s%2Fg%2F11p77zdnbg!19sChIJ-cPWTLRlHTERauiPSxIZ2Jc?authuser=0&hl=en&rclk=1"
"0x311d6306a767eccd:0x93fba466571e59e","ALIVE Dental clinic คลินิกทันตกรรม อะไลฟ์ - จัดฟัน ดัดฟัน รากเทียม ทำฟัน","Dental clinic","
2 6 Khu Bon 38 Alley, บางชัน Khlong Sam Wa, Bangkok 10510, Thailand","VM4M+R5 Bangkok, Thailand","","","+66 65 936 5245","https://www.facebook.com/profile.php?id=61556576704459&mibextid=ZbWKwL","","5.0","302","","","Open","","https://www.google.com/maps/place/ALIVE+Dental+clinic+%E0%B8%84%E0%B8%A5%E0%B8%B4%E0%B8%99%E0%B8%B4%E0%B8%81%E0%B8%97%E0%B8%B1%E0%B8%99%E0%B8%95%E0%B8%81%E0%B8%A3%E0%B8%A3%E0%B8%A1+%E0%B8%AD%E0%B8%B0%E0%B9%84%E0%B8%A5%E0%B8%9F%E0%B9%8C+-+%E0%B8%88%E0%B8%B1%E0%B8%94%E0%B8%9F%E0%B8%B1%E0%B8%99+%E0%B8%94%E0%B8%B1%E0%B8%94%E0%B8%9F%E0%B8%B1%E0%B8%99+%E0%B8%A3%E0%B8%B2%E0%B8%81%E0%B9%80%E0%B8%97%E0%B8%B5%E0%B8%A2%E0%B8%A1+%E0%B8%97%E0%B8%B3%E0%B8%9F%E0%B8%B1%E0%B8%99/data=!4m7!3m6!1s0x311d6306a767eccd:0x93fba466571e59e!8m2!3d13.8570112!4d100.6829127!16s%2Fg%2F11ldhtb0k1!19sChIJzexnpwZjHTERnuVxZUa6Pwk?authuser=0&hl=en&rclk=1"
"0x30e282b319df7a89:0xc8e2568cc811769c","Truetrust Clinic","Skin care clinic","
ทูทัสคลินิก โครงการแกรนด์, ซอย รามอินทรา 5 อนุสาวรีย์, Bang Khen, Bangkok 10220, Thailand","VJC3+5V Bangkok, Thailand","","","+66 94 924 4593","http://www.truetrustclinic.com/","","4.9","133","","","Open","","https://www.google.com/maps/place/Truetrust+Clinic/data=!4m7!3m6!1s0x30e282b319df7a89:0xc8e2568cc811769c!8m2!3d13.8704547!4d100.6047449!16s%2Fg%2F11bzscn5gr!19sChIJiXrfGbOC4jARnHYRyIxW4sg?authuser=0&hl=en&rclk=1"
"0x30e285a7f5778f2b:0xfa70a1a86638a1e4","Planet Dental Clinic คลินิกทันตกรรมแพลนเนท ( ทำฟัน - จัดฟัน - จัดฟันใสinvisalign - รากเทียม - วีเนียร์ )","Dental clinic","
70 7, Tambon Khlong Phra Udom, Pak Kret District, Nonthaburi 11120, Thailand","WFJJ+WP Khlong Phra Udom, Pak Kret District, Nonthaburi, Thailand","","","+66 99 225 8388","https://www.facebook.com/profile.php?id=61553672352062&mibextid=9R9pXO","","5.0","41","","","Open","","https://www.google.com/maps/place/Planet+Dental+Clinic+%E0%B8%84%E0%B8%A5%E0%B8%B4%E0%B8%99%E0%B8%B4%E0%B8%81%E0%B8%97%E0%B8%B1%E0%B8%99%E0%B8%95%E0%B8%81%E0%B8%A3%E0%B8%A3%E0%B8%A1%E0%B9%81%E0%B8%9E%E0%B8%A5%E0%B8%99%E0%B9%80%E0%B8%99%E0%B8%97+%28+%E0%B8%97%E0%B8%B3%E0%B8%9F%E0%B8%B1%E0%B8%99+-+%E0%B8%88%E0%B8%B1%E0%B8%94%E0%B8%9F%E0%B8%B1%E0%B8%99+-+%E0%B8%88%E0%B8%B1%E0%B8%94%E0%B8%9F%E0%B8%B1%E0%B8%99%E0%B9%83%E0%B8%AAinvisalign+-+%E0%B8%A3%E0%B8%B2%E0%B8%81%E0%B9%80%E0%B8%97%E0%B8%B5%E0%B8%A2%E0%B8%A1+-+%E0%B8%A7%E0%B8%B5%E0%B9%80%E0%B8%99%E0%B8%B5%E0%B8%A2%E0%B8%A3%E0%B9%8C+%29/data=!4m7!3m6!1s0x30e285a7f5778f2b:0xfa70a1a86638a1e4!8m2!3d13.9323243!4d100.4818314!16s%2Fg%2F11vjfmxgsx!19sChIJK4939aeF4jAR5KE4ZqihcPo?authuser=0&hl=en&rclk=1"
"0x30e28fba5bbe432d:0xd685d4a5654f4cd1","LDC Dental บางใหญ่","Dental clinic","
14, 50 ม.6 Kanchanaphisek Rd, Bang Rak Phatthana, Bang Bua Thong District, Nonthaburi 11100, Thailand","WC55+63 Phimon Rat, Bang Bua Thong District, Nonthaburi, Thailand","","","+66 2 030 4362","https://www.ldcdental.com/","","4.9","163","","","Open","","https://www.google.com/maps/place/LDC+Dental+%E0%B8%9A%E0%B8%B2%E0%B8%87%E0%B9%83%E0%B8%AB%E0%B8%8D%E0%B9%88/data=!4m7!3m6!1s0x30e28fba5bbe432d:0xd685d4a5654f4cd1!8m2!3d13.9080116!4d100.4076804!16s%2Fg%2F119w47rhz!19sChIJLUO-W7qP4jAR0UxPZaXUhdY?authuser=0&hl=en&rclk=1"
"0x311d63d68d51387b:0xe97f8e6ff496f809","ทันตรักษ์ คลินิกทันตกรรม","Dental clinic","
519/1 Nawamin 43 Alley, Khlong Chan, Bang Kapi, Bangkok 10240, Thailand","QJHV+WQ Bangkok, Thailand","","","+66 2 375 3115","http://www.facebook.com/DentaRux","","5.0","16","","","Open","","https://www.google.com/maps/place/%E0%B8%97%E0%B8%B1%E0%B8%99%E0%B8%95%E0%B8%A3%E0%B8%B1%E0%B8%81%E0%B8%A9%E0%B9%8C+%E0%B8%84%E0%B8%A5%E0%B8%B4%E0%B8%99%E0%B8%B4%E0%B8%81%E0%B8%97%E0%B8%B1%E0%B8%99%E0%B8%95%E0%B8%81%E0%B8%A3%E0%B8%A3%E0%B8%A1/data=!4m7!3m6!1s0x311d63d68d51387b:0xe97f8e6ff496f809!8m2!3d13.779826!4d100.6444349!16s%2Fg%2F1tghm1nc!19sChIJezhRjdZjHTERCfiW9G-Of-k?authuser=0&hl=en&rclk=1"
"0x311d614d20c21cd5:0x62c18c2070363de0","Perfect Dent เพอร์เฟคเดนท์ (ฟันปลอมใกล้ฉัน)","Denture care center","
เลขที่ 764/282 Villete lite ซอยที่ 11 สามารถเข้าทาง ศรีนครินทร์ 24 พัฒนาการ38 Suan Luang, Bangkok 10250, Thailand","PJCJ+W8 Bangkok, Thailand","","","+66 64 559 9962","https://lin.ee/N0WuGGN","","5.0","188","","","Open","","https://www.google.com/maps/place/Perfect+Dent+%E0%B9%80%E0%B8%9E%E0%B8%AD%E0%B8%A3%E0%B9%8C%E0%B9%80%E0%B8%9F%E0%B8%84%E0%B9%80%E0%B8%94%E0%B8%99%E0%B8%97%E0%B9%8C+%28%E0%B8%9F%E0%B8%B1%E0%B8%99%E0%B8%9B%E0%B8%A5%E0%B8%AD%E0%B8%A1%E0%B9%83%E0%B8%81%E0%B8%A5%E0%B9%89%E0%B8%89%E0%B8%B1%E0%B8%99%29/data=!4m7!3m6!1s0x311d614d20c21cd5:0x62c18c2070363de0!8m2!3d13.7222734!4d100.6308705!16s%2Fg%2F11pybz96fc!19sChIJ1RzCIE1hHTER4D02cCCMwWI?authuser=0&hl=en&rclk=1"
"0x311d603c30a0eb9b:0x3bf7d305b40507e","LDC Dental Srinakarin","Dental clinic","
395, 395 Srinagarindra Rd, Samrong Nuea, อำเภอเมือง Samut Prakan 10270, Thailand","JJQM+J8 Samrong Nuea, Mueang Samut Prakan District, Samut Prakan, Thailand","","","+66 2 030 4355","https://www.ldcdental.com/","","4.9","495","Moderately priced","€€","Open","","https://www.google.com/maps/place/LDC+Dental+Srinakarin/data=!4m7!3m6!1s0x311d603c30a0eb9b:0x3bf7d305b40507e!8m2!3d13.6390975!4d100.6333486!16s%2Fg%2F1ths6tds!19sChIJm-ugMDxgHTERflBAWzB9vwM?authuser=0&hl=en&rclk=1"
"0x311d598413c68795:0x7e11c506a1d6d2c6","MOS Dental Clinic Theparak","Dental clinic","
999/2-3 หมู่ 5 ซอยมังกร RO Pho Cho Samut Prakan 3023 Rd, Phraeksa, เมือง Samut Prakan 10270, Thailand","HMR5+3J Phraeksa, Mueang Samut Prakan District, Samut Prakan, Thailand","","","+66 95 598 5656","https://www.facebook.com/mosdentalclinic/","","5.0","357","","","Open","","https://www.google.com/maps/place/MOS+Dental+Clinic+Theparak/data=!4m7!3m6!1s0x311d598413c68795:0x7e11c506a1d6d2c6!8m2!3d13.5902201!4d100.6590068!16s%2Fg%2F11rjn_dym9!19sChIJlYfGE4RZHTERxtLWoQbFEX4?authuser=0&hl=en&rclk=1"
"0x311d63b8c2648869:0x93b4c8f8892292a2","คลินิกทันตกรรมไอสยาม รามอินทรา 34","Dental clinic","
510 ปากซอยรามอินทรา 34, ริม, Tha Raeng, Bang Khen, Bangkok 10230, Thailand","VJ2Q+J6 Bangkok, Thailand","","","+66 98 001 4935","https://www.isiamdental.com/","","4.9","152","","","Open","","https://www.google.com/maps/place/%E0%B8%84%E0%B8%A5%E0%B8%B4%E0%B8%99%E0%B8%B4%E0%B8%81%E0%B8%97%E0%B8%B1%E0%B8%99%E0%B8%95%E0%B8%81%E0%B8%A3%E0%B8%A3%E0%B8%A1%E0%B9%84%E0%B8%AD%E0%B8%AA%E0%B8%A2%E0%B8%B2%E0%B8%A1+%E0%B8%A3%E0%B8%B2%E0%B8%A1%E0%B8%AD%E0%B8%B4%E0%B8%99%E0%B8%97%E0%B8%A3%E0%B8%B2+34/data=!4m7!3m6!1s0x311d63b8c2648869:0x93b4c8f8892292a2!8m2!3d13.8515828!4d100.6380906!16s%2Fg%2F11wmv2q_rn!19sChIJaYhkwrhjHTERopIiifjItJM?authuser=0&hl=en&rclk=1"
"0x311d6347bfa5475d:0x229981b46e7e7e50","JC MALL Nawamin","Shopping mall","
10240 Nawamin Rd, Khlong Kum, Bueng Kum, Bangkok 10230, Thailand","RM72+2P Bangkok, Thailand","","","+66 91 725 2552","https://www.facebook.com/JCMallNawamin/","","4.3","691","Moderately priced","€€","Open","","https://www.google.com/maps/place/JC+MALL+Nawamin/data=!4m7!3m6!1s0x311d6347bfa5475d:0x229981b46e7e7e50!8m2!3d13.8125977!4d100.6518483!16s%2Fg%2F11hf7hr2k3!19sChIJXUelv0djHTERUH5-brSBmSI?authuser=0&hl=en&rclk=1"
"0x30e295820563d971:0x36e26a5b099c54c0","คลินิกทันตกรรมกู๊ดเดย์ หนองแขม จัดฟัน รากฟันเทียม : Good Day Dental Clinic","Dental clinic","
คลินิก ทันตกรรม จัดฟัน รากฟันเทียม กู๊ดเดย์, เลขที่ 694 Phet Kasem Rd, Nong Khang Phlu, Nong Khaem, Bangkok 10160, Thailand","P84W+97 Bangkok, Thailand","","","+66 85 576 9939","https://www.facebook.com/GooddayDC","","4.9","575","","","Open","","https://www.google.com/maps/place/%E0%B8%84%E0%B8%A5%E0%B8%B4%E0%B8%99%E0%B8%B4%E0%B8%81%E0%B8%97%E0%B8%B1%E0%B8%99%E0%B8%95%E0%B8%81%E0%B8%A3%E0%B8%A3%E0%B8%A1%E0%B8%81%E0%B8%B9%E0%B9%8A%E0%B8%94%E0%B9%80%E0%B8%94%E0%B8%A2%E0%B9%8C+%E0%B8%AB%E0%B8%99%E0%B8%AD%E0%B8%87%E0%B9%81%E0%B8%82%E0%B8%A1+%E0%B8%88%E0%B8%B1%E0%B8%94%E0%B8%9F%E0%B8%B1%E0%B8%99+%E0%B8%A3%E0%B8%B2%E0%B8%81%E0%B8%9F%E0%B8%B1%E0%B8%99%E0%B9%80%E0%B8%97%E0%B8%B5%E0%B8%A2%E0%B8%A1+:+Good+Day+Dental+Clinic/data=!4m7!3m6!1s0x30e295820563d971:0x36e26a5b099c54c0!8m2!3d13.705888!4d100.3457289!16s%2Fg%2F11pvr_mxw3!19sChIJcdljBYKV4jARwFScCVtq4jY?authuser=0&hl=en&rclk=1"
"0x30e295e476fe5ab5:0xbe767a92b157c5ba","ยิ้มกว้างทันตกรรม เพชรเกษม110 หนองแขม SmileY Dental Clinic ทำฟัน จัดฟัน รักษารากฟัน ครอบฟัน ฟันปลอม รากเทียม บัตรทอง","Dental clinic","
เลขที่ 135/14-15 Soi Phet Kasem 110, Nong Khang Phlu, Nong Khaem, Bangkok 10160, Thailand","P87W+45 Bangkok, Thailand","","","+66 97 080 2569","https://www.facebook.com/Smileydentalclinic21","","5.0","195","","","Open","","https://www.google.com/maps/place/%E0%B8%A2%E0%B8%B4%E0%B9%89%E0%B8%A1%E0%B8%81%E0%B8%A7%E0%B9%89%E0%B8%B2%E0%B8%87%E0%B8%97%E0%B8%B1%E0%B8%99%E0%B8%95%E0%B8%81%E0%B8%A3%E0%B8%A3%E0%B8%A1+%E0%B9%80%E0%B8%9E%E0%B8%8A%E0%B8%A3%E0%B9%80%E0%B8%81%E0%B8%A9%E0%B8%A1110+%E0%B8%AB%E0%B8%99%E0%B8%AD%E0%B8%87%E0%B9%81%E0%B8%82%E0%B8%A1+SmileY+Dental+Clinic+%E0%B8%97%E0%B8%B3%E0%B8%9F%E0%B8%B1%E0%B8%99+%E0%B8%88%E0%B8%B1%E0%B8%94%E0%B8%9F%E0%B8%B1%E0%B8%99+%E0%B8%A3%E0%B8%B1%E0%B8%81%E0%B8%A9%E0%B8%B2%E0%B8%A3%E0%B8%B2%E0%B8%81%E0%B8%9F%E0%B8%B1%E0%B8%99+%E0%B8%84%E0%B8%A3%E0%B8%AD%E0%B8%9A%E0%B8%9F%E0%B8%B1%E0%B8%99+%E0%B8%9F%E0%B8%B1%E0%B8%99%E0%B8%9B%E0%B8%A5%E0%B8%AD%E0%B8%A1+%E0%B8%A3%E0%B8%B2%E0%B8%81%E0%B9%80%E0%B8%97%E0%B8%B5%E0%B8%A2%E0%B8%A1+%E0%B8%9A%E0%B8%B1%E0%B8%95%E0%B8%A3%E0%B8%97%E0%B8%AD%E0%B8%87/data=!4m7!3m6!1s0x30e295e476fe5ab5:0xbe767a92b157c5ba!8m2!3d13.7128426!4d100.3454757!16s%2Fg%2F11c1r67cc4!19sChIJtVr-duSV4jARusVXsZJ6dr4?authuser=0&hl=en&rclk=1"
"0x30e2bd29098944b5:0x837945adb6ddb8a7","อมตะ คลินิกทำฟัน สามแยกบางบอน จัดฟัน รากฟันเทียม ฟันวีเนียร์ invisalign","Dental clinic","
759 Ekkachai Rd, Khlong Bang Bon, Bang Bon, Bangkok 10150, Thailand","MCFG+H9 Bangkok, Thailand","","","+66 83 618 6554","","","5.0","746","","","Open","","https://www.google.com/maps/place/%E0%B8%AD%E0%B8%A1%E0%B8%95%E0%B8%B0+%E0%B8%84%E0%B8%A5%E0%B8%B4%E0%B8%99%E0%B8%B4%E0%B8%81%E0%B8%97%E0%B8%B3%E0%B8%9F%E0%B8%B1%E0%B8%99+%E0%B8%AA%E0%B8%B2%E0%B8%A1%E0%B9%81%E0%B8%A2%E0%B8%81%E0%B8%9A%E0%B8%B2%E0%B8%87%E0%B8%9A%E0%B8%AD%E0%B8%99+%E0%B8%88%E0%B8%B1%E0%B8%94%E0%B8%9F%E0%B8%B1%E0%B8%99+%E0%B8%A3%E0%B8%B2%E0%B8%81%E0%B8%9F%E0%B8%B1%E0%B8%99%E0%B9%80%E0%B8%97%E0%B8%B5%E0%B8%A2%E0%B8%A1+%E0%B8%9F%E0%B8%B1%E0%B8%99%E0%B8%A7%E0%B8%B5%E0%B9%80%E0%B8%99%E0%B8%B5%E0%B8%A2%E0%B8%A3%E0%B9%8C+invisalign/data=!4m7!3m6!1s0x30e2bd29098944b5:0x837945adb6ddb8a7!8m2!3d13.6738919!4d100.4259641!16s%2Fg%2F11v0ljqp98!19sChIJtUSJCSm94jARp7jdtq1FeYM?authuser=0&hl=en&rclk=1"
"0x30e2a3e25149dec5:0xef5572fb697bf88a","Classy Smile ทำฟัน จัดฟัน | สาขาในห้างบิ๊กซีพระราม2-ท่าข้าม (ฝั่งตรงข้ามเซ็นทรัลพระราม2) ชั้น1 ตรงข้ามธนาคารกสิกรไทย","Dentist","
สาขา บิ๊ ก ซี Rama II Rd, Samae Dam, Bang Khun Thian, Bangkok 10150, Thailand","MC6R+98 Bangkok, Thailand","","","+66 97 999 5658","https://lin.ee/1cVQs5i","","4.7","404","","","Open","","https://www.google.com/maps/place/Classy+Smile+%E0%B8%97%E0%B8%B3%E0%B8%9F%E0%B8%B1%E0%B8%99+%E0%B8%88%E0%B8%B1%E0%B8%94%E0%B8%9F%E0%B8%B1%E0%B8%99+%7C+%E0%B8%AA%E0%B8%B2%E0%B8%82%E0%B8%B2%E0%B9%83%E0%B8%99%E0%B8%AB%E0%B9%89%E0%B8%B2%E0%B8%87%E0%B8%9A%E0%B8%B4%E0%B9%8A%E0%B8%81%E0%B8%8B%E0%B8%B5%E0%B8%9E%E0%B8%A3%E0%B8%B0%E0%B8%A3%E0%B8%B2%E0%B8%A12-%E0%B8%97%E0%B9%88%E0%B8%B2%E0%B8%82%E0%B9%89%E0%B8%B2%E0%B8%A1+%28%E0%B8%9D%E0%B8%B1%E0%B9%88%E0%B8%87%E0%B8%95%E0%B8%A3%E0%B8%87%E0%B8%82%E0%B9%89%E0%B8%B2%E0%B8%A1%E0%B9%80%E0%B8%8B%E0%B9%87%E0%B8%99%E0%B8%97%E0%B8%A3%E0%B8%B1%E0%B8%A5%E0%B8%9E%E0%B8%A3%E0%B8%B0%E0%B8%A3%E0%B8%B2%E0%B8%A12%29+%E0%B8%8A%E0%B8%B1%E0%B9%89%E0%B8%991+%E0%B8%95%E0%B8%A3%E0%B8%87%E0%B8%82%E0%B9%89%E0%B8%B2%E0%B8%A1%E0%B8%98%E0%B8%99%E0%B8%B2%E0%B8%84%E0%B8%B2%E0%B8%A3%E0%B8%81%E0%B8%AA%E0%B8%B4%E0%B8%81%E0%B8%A3%E0%B9%84%E0%B8%97%E0%B8%A2/data=!4m7!3m6!1s0x30e2a3e25149dec5:0xef5572fb697bf88a!8m2!3d13.6609784!4d100.440778!16s%2Fg%2F11nz0wvxk4!19sChIJxd5JUeKj4jARivh7aftyVe8?authuser=0&hl=en&rclk=1"
"0x30e29708941dd397:0xdfdfc04e05f1a25f","คลินิกทันตกรรมสไมล์สาย 3","Dental clinic","
203, P9X7+QCF, ถนน พุทธทณฑล, Bang Phai, Bang Khae, Bangkok 10160, Thailand","","","","+66 66 108 6663","https://www.facebook.com/smilesai3dentalclinic/","","5.0","470","","","Open","","https://www.google.com/maps/place/%E0%B8%84%E0%B8%A5%E0%B8%B4%E0%B8%99%E0%B8%B4%E0%B8%81%E0%B8%97%E0%B8%B1%E0%B8%99%E0%B8%95%E0%B8%81%E0%B8%A3%E0%B8%A3%E0%B8%A1%E0%B8%AA%E0%B9%84%E0%B8%A1%E0%B8%A5%E0%B9%8C%E0%B8%AA%E0%B8%B2%E0%B8%A2+3/data=!4m7!3m6!1s0x30e29708941dd397:0xdfdfc04e05f1a25f!8m2!3d13.7494459!4d100.3634612!16s%2Fg%2F11fkn0by2j!19sChIJl9MdlAiX4jARX6LxBU7A398?authuser=0&hl=en&rclk=1"
"0x30e28772265a1819:0x5d31c25a4bcb6c64","Have A Good Tooth Dental Clinic (คลินิกทันตกรรมแฮฟ อะ กู๊ดทูธ)","Dental clinic","
200, Bang Khu Wat, Mueang Pathum Thani District, Pathum Thani 12000, Thailand","XGF4+R3 Bang Khu Wat, Mueang Pathum Thani District, Pathum Thani, Thailand","","","+66 64 567 8920","https://line.me/R/ti/p/@425ghwfj","","5.0","19","","","Open","","https://www.google.com/maps/place/Have+A+Good+Tooth+Dental+Clinic+%28%E0%B8%84%E0%B8%A5%E0%B8%B4%E0%B8%99%E0%B8%B4%E0%B8%81%E0%B8%97%E0%B8%B1%E0%B8%99%E0%B8%95%E0%B8%81%E0%B8%A3%E0%B8%A3%E0%B8%A1%E0%B9%81%E0%B8%AE%E0%B8%9F+%E0%B8%AD%E0%B8%B0+%E0%B8%81%E0%B8%B9%E0%B9%8A%E0%B8%94%E0%B8%97%E0%B8%B9%E0%B8%98%29/data=!4m7!3m6!1s0x30e28772265a1819:0x5d31c25a4bcb6c64!8m2!3d13.9745047!4d100.5051642!16s%2Fg%2F11x361wgj2!19sChIJGRhaJnKH4jARZGzLS1rCMV0?authuser=0&hl=en&rclk=1"
"0x30e285005990f139:0xaeaa0e8759e65151","คลินิกจัดฟันกรุงเทพ BMOC (ราชพฤกษ์)","Dental clinic","
88/2,88/3, 88 4, Bang Rak Noi, Mueang Nonthaburi District, Nonthaburi 11000, Thailand","VFP2+58 Bang Rak Noi, Mueang Nonthaburi District, Nonthaburi, Thailand","","","+66 97 997 1643","https://www.facebook.com/bmocclinic","","5.0","285","","","Open","","https://www.google.com/maps/place/%E0%B8%84%E0%B8%A5%E0%B8%B4%E0%B8%99%E0%B8%B4%E0%B8%81%E0%B8%88%E0%B8%B1%E0%B8%94%E0%B8%9F%E0%B8%B1%E0%B8%99%E0%B8%81%E0%B8%A3%E0%B8%B8%E0%B8%87%E0%B9%80%E0%B8%97%E0%B8%9E+BMOC+%28%E0%B8%A3%E0%B8%B2%E0%B8%8A%E0%B8%9E%E0%B8%A4%E0%B8%81%E0%B8%A9%E0%B9%8C%29/data=!4m7!3m6!1s0x30e285005990f139:0xaeaa0e8759e65151!8m2!3d13.8854653!4d100.45081!16s%2Fg%2F11x7p896gz!19sChIJOfGQWQCF4jARUVHmWYcOqq4?authuser=0&hl=en&rclk=1"
"0x30e28f003b0390bf:0x337fc247a17e0ea8","คลินิกทันตกรรมไอแคร์ iCare dental clinic","Dental clinic","
80 121-122 ถ.กาญจนา​ภิ​เษก Bang Yai, Bang Yai District, Nonthaburi 11140, Thailand","VCH5+3F Sao Thong Hin, Bang Yai District, Nonthaburi, Thailand","","","+66 85 505 7022","","","5.0","55","","","Open","","https://www.google.com/maps/place/%E0%B8%84%E0%B8%A5%E0%B8%B4%E0%B8%99%E0%B8%B4%E0%B8%81%E0%B8%97%E0%B8%B1%E0%B8%99%E0%B8%95%E0%B8%81%E0%B8%A3%E0%B8%A3%E0%B8%A1%E0%B9%84%E0%B8%AD%E0%B9%81%E0%B8%84%E0%B8%A3%E0%B9%8C+iCare+dental+clinic/data=!4m7!3m6!1s0x30e28f003b0390bf:0x337fc247a17e0ea8!8m2!3d13.8777009!4d100.4087479!16s%2Fg%2F11xrnnhtby!19sChIJv5ADOwCP4jARqA5-oUfCfzM?authuser=0&hl=en&rclk=1"
"0x311d5f61b45ac3f5:0x1dd87deedf464b8e","ศูนย์ทันตกรรมปากน้ำ(สาขาโลตัสพลัส ศรีนครินทร์)","Dental clinic","
9 หมู่6 ห้างโลตัสพลัส ศรีนครินทร์ Srinagarindra Rd, ตำบลบางเมือง อำเภอเมือง Samut Prakan 10280, Thailand","JJ9C+RG Thepharak, Mueang Samut Prakan District, Samut Prakan, Thailand","","","+66 2 759 7883","http://www.paknamdent.com/","","3.4","9","","","Open","","https://www.google.com/maps/place/%E0%B8%A8%E0%B8%B9%E0%B8%99%E0%B8%A2%E0%B9%8C%E0%B8%97%E0%B8%B1%E0%B8%99%E0%B8%95%E0%B8%81%E0%B8%A3%E0%B8%A3%E0%B8%A1%E0%B8%9B%E0%B8%B2%E0%B8%81%E0%B8%99%E0%B9%89%E0%B8%B3%28%E0%B8%AA%E0%B8%B2%E0%B8%82%E0%B8%B2%E0%B9%82%E0%B8%A5%E0%B8%95%E0%B8%B1%E0%B8%AA%E0%B8%9E%E0%B8%A5%E0%B8%B1%E0%B8%AA+%E0%B8%A8%E0%B8%A3%E0%B8%B5%E0%B8%99%E0%B8%84%E0%B8%A3%E0%B8%B4%E0%B8%99%E0%B8%97%E0%B8%A3%E0%B9%8C%29/data=!4m7!3m6!1s0x311d5f61b45ac3f5:0x1dd87deedf464b8e!8m2!3d13.6195607!4d100.6212778!16s%2Fg%2F1ptwh8r83!19sChIJ9cNatGFfHTERjktG3-592B0?authuser=0&hl=en&rclk=1"
"0x311d5fe7690742cd:0x3395d7a5c8c6bd52","Apple Dental สาขาอุดมสุข 60","Doctor","
1/1 โครงการ Udom Suk 60 Alley, Nong Bon, Prawet, Bangkok 10250, Thailand","MJGR+QG Bangkok, Thailand","","","+66 2 748 8898","","","5.0","106","","","Open","","https://www.google.com/maps/place/Apple+Dental+%E0%B8%AA%E0%B8%B2%E0%B8%82%E0%B8%B2%E0%B8%AD%E0%B8%B8%E0%B8%94%E0%B8%A1%E0%B8%AA%E0%B8%B8%E0%B8%82+60/data=!4m7!3m6!1s0x311d5fe7690742cd:0x3395d7a5c8c6bd52!8m2!3d13.6768884!4d100.6413605!16s%2Fg%2F11c503h4jq!19sChIJzUIHaedfHTERUr3GyKXXlTM?authuser=0&hl=en&rclk=1"
"0x311d594fd2bd1fa1:0x6e7c0cdad753c63a","Dental Land Clinic คลินิกทันตกรรมเดนทัลแลนด์","Dental clinic","
18/8 M.6 T, Thanon Phraeksa, Mueang Samut Prakan District, Samut Prakan 10280, Thailand","HM7C+3H Phraeksa, Mueang Samut Prakan District, Samut Prakan, Thailand","","","+66 84 651 3300","https://m.facebook.com/dentallandclinic","","4.7","201","","","Open","","https://www.google.com/maps/place/Dental+Land+Clinic+%E0%B8%84%E0%B8%A5%E0%B8%B4%E0%B8%99%E0%B8%B4%E0%B8%81%E0%B8%97%E0%B8%B1%E0%B8%99%E0%B8%95%E0%B8%81%E0%B8%A3%E0%B8%A3%E0%B8%A1%E0%B9%80%E0%B8%94%E0%B8%99%E0%B8%97%E0%B8%B1%E0%B8%A5%E0%B9%81%E0%B8%A5%E0%B8%99%E0%B8%94%E0%B9%8C/data=!4m7!3m6!1s0x311d594fd2bd1fa1:0x6e7c0cdad753c63a!8m2!3d13.5627227!4d100.6714474!16s%2Fg%2F11h2d7np1f!19sChIJoR-90k9ZHTEROsZT19oMfG4?authuser=0&hl=en&rclk=1"
"0x30e283c55f2a3e3d:0x611a7e40c2be2382","Klaire Dental Clinic คลินิกทันตกรรมแคลร์ ทำฟัน ทันตกรรมเด็ก จัดฟัน รากเทียม","Dental clinic","
คลินิกทันตกรรมแคลร์ 45/2 Thep Rak Rd, Khwaeng Khlong Thanon, Khet Sai Mai, Bangkok 10220, Thailand","VJM9+XF Bangkok, Thailand","","","+66 84 245 5545","https://www.facebook.com/share/16W1LoQpWJ/?mibextid=wwXIfr","","5.0","522","","","Open","","https://www.google.com/maps/place/Klaire+Dental+Clinic+%E0%B8%84%E0%B8%A5%E0%B8%B4%E0%B8%99%E0%B8%B4%E0%B8%81%E0%B8%97%E0%B8%B1%E0%B8%99%E0%B8%95%E0%B8%81%E0%B8%A3%E0%B8%A3%E0%B8%A1%E0%B9%81%E0%B8%84%E0%B8%A5%E0%B8%A3%E0%B9%8C+%E0%B8%97%E0%B8%B3%E0%B8%9F%E0%B8%B1%E0%B8%99+%E0%B8%97%E0%B8%B1%E0%B8%99%E0%B8%95%E0%B8%81%E0%B8%A3%E0%B8%A3%E0%B8%A1%E0%B9%80%E0%B8%94%E0%B9%87%E0%B8%81+%E0%B8%88%E0%B8%B1%E0%B8%94%E0%B8%9F%E0%B8%B1%E0%B8%99+%E0%B8%A3%E0%B8%B2%E0%B8%81%E0%B9%80%E0%B8%97%E0%B8%B5%E0%B8%A2%E0%B8%A1/data=!4m7!3m6!1s0x30e283c55f2a3e3d:0x611a7e40c2be2382!8m2!3d13.8849846!4d100.6186473!16s%2Fg%2F11xmdhwq19!19sChIJPT4qX8WD4jARgiO-wkB-GmE?authuser=0&hl=en&rclk=1"
"0x30e2854edcda9751:0xddbc4643b0d2a3cc","คลินิกทันตกรรมเลอทูธ - LeTooth","Dentist","
35/12-13 Soi Chaeng Watthana - Pak Kret 28, Chaeng Watthana - Pak Kret Road, Pak Kret District, Nonthaburi 11120, Thailand","WG3H+7P Pakkret, Pak Kret District, Nonthaburi, Thailand","","","+66 96 164 4197","https://www.facebook.com/letoothdentalclinic","","4.8","114","","","Open","","https://www.google.com/maps/place/%E0%B8%84%E0%B8%A5%E0%B8%B4%E0%B8%99%E0%B8%B4%E0%B8%81%E0%B8%97%E0%B8%B1%E0%B8%99%E0%B8%95%E0%B8%81%E0%B8%A3%E0%B8%A3%E0%B8%A1%E0%B9%80%E0%B8%A5%E0%B8%AD%E0%B8%97%E0%B8%B9%E0%B8%98+-+LeTooth/data=!4m7!3m6!1s0x30e2854edcda9751:0xddbc4643b0d2a3cc!8m2!3d13.9031389!4d100.5292897!16s%2Fg%2F11lm2rcb_g!19sChIJUZfa3E6F4jARzKPSsENGvN0?authuser=0&hl=en&rclk=1"
"0x30e28386b0489923:0xebebafc3011be73f","คลินิกทันตกรรมเดนทัลเฮาส์ Dental Haus แจ้งวัฒนะ","Dental clinic","
53 1 Chaeng Watthana Rd, Bang Talat, Pak Kret District, Nonthaburi 11120, Thailand","VGWX+R4 Pakkret, Pak Kret District, Nonthaburi, Thailand","","","+66 61 356 5887","https://dentalhausclinic.com/","","5.0","182","","","Open","","https://www.google.com/maps/place/%E0%B8%84%E0%B8%A5%E0%B8%B4%E0%B8%99%E0%B8%B4%E0%B8%81%E0%B8%97%E0%B8%B1%E0%B8%99%E0%B8%95%E0%B8%81%E0%B8%A3%E0%B8%A3%E0%B8%A1%E0%B9%80%E0%B8%94%E0%B8%99%E0%B8%97%E0%B8%B1%E0%B8%A5%E0%B9%80%E0%B8%AE%E0%B8%B2%E0%B8%AA%E0%B9%8C+Dental+Haus+%E0%B9%81%E0%B8%88%E0%B9%89%E0%B8%87%E0%B8%A7%E0%B8%B1%E0%B8%92%E0%B8%99%E0%B8%B0/data=!4m7!3m6!1s0x30e28386b0489923:0xebebafc3011be73f!8m2!3d13.8970555!4d100.547775!16s%2Fg%2F11x6xp3xyv!19sChIJI5lIsIaD4jARP-cbAcOv6-s?authuser=0&hl=en&rclk=1"
"0x30e2837f2bc4e4d7:0x630ab8a4d6c4b85d","คลินิกทันตกรรมแอทดอนเมือง (at donmuang dental clinic)","Dental clinic","
570/375 Thanon Song Prapha, Don Mueang, Bangkok 10210, Thailand","WHGR+4Q Bangkok, Thailand","","","+66 86 381 3694","","","4.9","287","","","Open","","https://www.google.com/maps/place/%E0%B8%84%E0%B8%A5%E0%B8%B4%E0%B8%99%E0%B8%B4%E0%B8%81%E0%B8%97%E0%B8%B1%E0%B8%99%E0%B8%95%E0%B8%81%E0%B8%A3%E0%B8%A3%E0%B8%A1%E0%B9%81%E0%B8%AD%E0%B8%97%E0%B8%94%E0%B8%AD%E0%B8%99%E0%B9%80%E0%B8%A1%E0%B8%B7%E0%B8%AD%E0%B8%87+%28at+donmuang+dental+clinic%29/data=!4m7!3m6!1s0x30e2837f2bc4e4d7:0x630ab8a4d6c4b85d!8m2!3d13.9253154!4d100.5919167!16s%2Fg%2F11fkmbv3xb!19sChIJ1-TEK3-D4jARXbjE1qS4CmM?authuser=0&hl=en&rclk=1"
"0x30e283002925225b:0xc0296532b40accd2","คลินิกทันตกรรมบ้านเธียรสวน","Dental clinic","
289 20 ซอย รามอินทรา 5 แยก 3 Anusawari, Bang Khen, Bangkok 10220, Thailand","VJG4+5M Bangkok, Thailand","","","+66 98 103 6988","","","5.0","11","","","Open","","https://www.google.com/maps/place/%E0%B8%84%E0%B8%A5%E0%B8%B4%E0%B8%99%E0%B8%B4%E0%B8%81%E0%B8%97%E0%B8%B1%E0%B8%99%E0%B8%95%E0%B8%81%E0%B8%A3%E0%B8%A3%E0%B8%A1%E0%B8%9A%E0%B9%89%E0%B8%B2%E0%B8%99%E0%B9%80%E0%B8%98%E0%B8%B5%E0%B8%A2%E0%B8%A3%E0%B8%AA%E0%B8%A7%E0%B8%99/data=!4m7!3m6!1s0x30e283002925225b:0xc0296532b40accd2!8m2!3d13.8754104!4d100.6067335!16s%2Fg%2F11wwbgdgb1!19sChIJWyIlKQCD4jAR0swKtDJlKcA?authuser=0&hl=en&rclk=1"
"0x30e283bbc835f5eb:0xb19a02f1385ddd91","Manhattan Dental Clinic คลินิกทันตกรรมแมนฮัตตัน","Dental clinic","
33 12 หมู่ 8 Chaeng Watthana Rd, Bang Talat, Pak Kret District, Nonthaburi 11120, Thailand","VHW3+72 Pakkret, Pak Kret District, Nonthaburi, Thailand","","","+66 65 696 3945","https://manhattandental.clinic/","","5.0","203","","","Open","","https://www.google.com/maps/place/Manhattan+Dental+Clinic+%E0%B8%84%E0%B8%A5%E0%B8%B4%E0%B8%99%E0%B8%B4%E0%B8%81%E0%B8%97%E0%B8%B1%E0%B8%99%E0%B8%95%E0%B8%81%E0%B8%A3%E0%B8%A3%E0%B8%A1%E0%B9%81%E0%B8%A1%E0%B8%99%E0%B8%AE%E0%B8%B1%E0%B8%95%E0%B8%95%E0%B8%B1%E0%B8%99/data=!4m7!3m6!1s0x30e283bbc835f5eb:0xb19a02f1385ddd91!8m2!3d13.8956783!4d100.5526139!16s%2Fg%2F11j_2_xs14!19sChIJ6_U1yLuD4jARkd1dOPECmrE?authuser=0&hl=en&rclk=1"
"0x311d6147755da50d:0x39d0b01c645499d0","Suvarnabhumi Inter Health Med","Dialysis center","
15 On Nut Rd, On Nut, Suan Luang, Bangkok 10250, Thailand","PJ5M+GR Bangkok, Thailand","","","+66 2 125 2521","https://www.facebook.com/suvarnabhuminterhealthmed/?modal=admin_todo_tour","","3.6","72","","","Open","","https://www.google.com/maps/place/Suvarnabhumi+Inter+Health+Med/data=!4m7!3m6!1s0x311d6147755da50d:0x39d0b01c645499d0!8m2!3d13.7087679!4d100.6345675!16s%2Fg%2F11j94glg7w!19sChIJDaVddUdhHTER0JlUZByw0Dk?authuser=0&hl=en&rclk=1"
"0x30e29701d99377bb:0x7b09233900deac89","Dent Care 5 Dental Center","Dental clinic","
140 516-7 Thanon PhutthaMonthon Sai 2, Bang Phai, Bang Khae, Bangkok 10160, Thailand","P9VW+J2 Bangkok, Thailand","","","+66 84 677 5739","","","4.3","9","","","Open","","https://www.google.com/maps/place/Dent+Care+5+Dental+Center/data=!4m7!3m6!1s0x30e29701d99377bb:0x7b09233900deac89!8m2!3d13.7440755!4d100.3950942!16s%2Fg%2F1w6r5qjh!19sChIJu3eT2QGX4jARiazeADkjCXs?authuser=0&hl=en&rclk=1"
"0x311d635e0239ac01:0xb012ce1face2d9e2","Dentalimage Clinic Ramintha","Dental clinic","
หมู่ที่ 12, เลขที่ 55/10, Ram Inthra Rd, Khlong Kum, Bueng Kum, Bangkok 10230, Thailand","RJWX+6G Bangkok, Thailand","","","+66 2 550 7486","http://www.dentalimageclinic.com/","","4.9","361","","","Open","","https://www.google.com/maps/place/Dentalimage+Clinic+Ramintha/data=!4m7!3m6!1s0x311d635e0239ac01:0xb012ce1face2d9e2!8m2!3d13.8456032!4d100.6488022!16s%2Fg%2F11hdq7sl5k!19sChIJAaw5Al5jHTER4tnirB_OErA?authuser=0&hl=en&rclk=1"
"0x311d61e91c4c3e15:0x606a3cc68097a434","Dental Whizz Clinic - เดนทัลวิศ","Dental clinic","
26 14 ปาก ซอย96 Saphan Sung, Bangkok 10240, Thailand","QMF9+JF Bangkok, Thailand","","","+66 93 951 9168","https://line.me/ti/p/6YTWhPa-eo","","4.9","57","","","Open","","https://www.google.com/maps/place/Dental+Whizz+Clinic+-+%E0%B9%80%E0%B8%94%E0%B8%99%E0%B8%97%E0%B8%B1%E0%B8%A5%E0%B8%A7%E0%B8%B4%E0%B8%A8/data=!4m7!3m6!1s0x311d61e91c4c3e15:0x606a3cc68097a434!8m2!3d13.774039!4d100.6686477!16s%2Fg%2F11v5d1zgrn!19sChIJFT5MHOlhHTERNKSXgMY8amA?authuser=0&hl=en&rclk=1"
"0x30e28315e3815743:0x5dc1b502c754893f","Dentajoy Chaeng Wattana (เดนต้าจอย สาขาแจ้งวัฒนะ) จัดฟันใส Invisalign จัดฟัน Brava วีเนียร์ รากเทียม","Dental clinic","
Charn At The Avenue Chaengwattana 14, Chaeng Watthana Rd, Thung Song Hong, Lak Si, Bangkok 10210, Thailand","VHV5+W3 Bangkok, Thailand","","","+66 86 320 5604","http://www.dentajoy.com/","","4.9","264","","","Open","","https://www.google.com/maps/place/Dentajoy+Chaeng+Wattana+%28%E0%B9%80%E0%B8%94%E0%B8%99%E0%B8%95%E0%B9%89%E0%B8%B2%E0%B8%88%E0%B8%AD%E0%B8%A2+%E0%B8%AA%E0%B8%B2%E0%B8%82%E0%B8%B2%E0%B9%81%E0%B8%88%E0%B9%89%E0%B8%87%E0%B8%A7%E0%B8%B1%E0%B8%92%E0%B8%99%E0%B8%B0%29+%E0%B8%88%E0%B8%B1%E0%B8%94%E0%B8%9F%E0%B8%B1%E0%B8%99%E0%B9%83%E0%B8%AA+Invisalign+%E0%B8%88%E0%B8%B1%E0%B8%94%E0%B8%9F%E0%B8%B1%E0%B8%99+Brava+%E0%B8%A7%E0%B8%B5%E0%B9%80%E0%B8%99%E0%B8%B5%E0%B8%A2%E0%B8%A3%E0%B9%8C+%E0%B8%A3%E0%B8%B2%E0%B8%81%E0%B9%80%E0%B8%97%E0%B8%B5%E0%B8%A2%E0%B8%A1/data=!4m7!3m6!1s0x30e28315e3815743:0x5dc1b502c754893f!8m2!3d13.8947569!4d100.5577227!16s%2Fg%2F1tnmp4pf!19sChIJQ1eB4xWD4jARP4lUxwK1wV0?authuser=0&hl=en&rclk=1"
"0x30e291dcf1b9f2f1:0xf9be8460894718e9","TEETH TALK Dental Clinic สาขา เซ็นทรัล เวสต์เกต ทำฟัน จัดฟัน บางใหญ่ นนทบุรี","Dental clinic","
ชั้น 2 ตรงข้าม ร้าน Adidas ศูนย์การค้าเซ็นทรัล เวสต์เกต บางใหญ่ Bang Yai District, Nonthaburi 11140, Thailand","Plus Code: VCG6+PG Sao Thong Hin, Bang Yai District, Nonthaburi, Thailand","","","+66 99 124 3609","https://www.teethtalk-clinic.com/","","5.0","19","","","Open","","https://www.google.com/maps/place/TEETH+TALK+Dental+Clinic+%E0%B8%AA%E0%B8%B2%E0%B8%82%E0%B8%B2+%E0%B9%80%E0%B8%8B%E0%B9%87%E0%B8%99%E0%B8%97%E0%B8%A3%E0%B8%B1%E0%B8%A5+%E0%B9%80%E0%B8%A7%E0%B8%AA%E0%B8%95%E0%B9%8C%E0%B9%80%E0%B8%81%E0%B8%95+%E0%B8%97%E0%B8%B3%E0%B8%9F%E0%B8%B1%E0%B8%99+%E0%B8%88%E0%B8%B1%E0%B8%94%E0%B8%9F%E0%B8%B1%E0%B8%99+%E0%B8%9A%E0%B8%B2%E0%B8%87%E0%B9%83%E0%B8%AB%E0%B8%8D%E0%B9%88+%E0%B8%99%E0%B8%99%E0%B8%97%E0%B8%9A%E0%B8%B8%E0%B8%A3%E0%B8%B5/data=!4m7!3m6!1s0x30e291dcf1b9f2f1:0xf9be8460894718e9!8m2!3d13.8768749!4d100.4113618!16s%2Fg%2F11l2456smv!19sChIJ8fK58dyR4jAR6RhHiWCEvvk?authuser=0&hl=en&rclk=1"
"0x311d63a8c2eb27f3:0x9abfee15aaf480a5","PLUS Dental Clinic | แฟชั่นไอส์แลนด์ | คลินิกทันตกรรมและจัดฟัน ขูดหินปูน อุดฟัน ถอนฟัน ฟันปลอม ฟันขาว วีเนียร์ รักษารากฟัน","Dental clinic","
587 ศูนย์การค้าแฟชั่นไอส์แลนด์ ห้องเลขที่ 2046 ชั้น 2 589 Ram Inthra Rd, Khan Na Yao, Bangkok 10230, Thailand","Plus Code: RMGH+5M Bangkok, Thailand","","","+66 81 583 1919","https://www.plusdentalclinic.co.th/","","4.7","377","","","Open","","https://www.google.com/maps/place/PLUS+Dental+Clinic+%7C+%E0%B9%81%E0%B8%9F%E0%B8%8A%E0%B8%B1%E0%B9%88%E0%B8%99%E0%B9%84%E0%B8%AD%E0%B8%AA%E0%B9%8C%E0%B9%81%E0%B8%A5%E0%B8%99%E0%B8%94%E0%B9%8C+%7C+%E0%B8%84%E0%B8%A5%E0%B8%B4%E0%B8%99%E0%B8%B4%E0%B8%81%E0%B8%97%E0%B8%B1%E0%B8%99%E0%B8%95%E0%B8%81%E0%B8%A3%E0%B8%A3%E0%B8%A1%E0%B9%81%E0%B8%A5%E0%B8%B0%E0%B8%88%E0%B8%B1%E0%B8%94%E0%B8%9F%E0%B8%B1%E0%B8%99+%E0%B8%82%E0%B8%B9%E0%B8%94%E0%B8%AB%E0%B8%B4%E0%B8%99%E0%B8%9B%E0%B8%B9%E0%B8%99+%E0%B8%AD%E0%B8%B8%E0%B8%94%E0%B8%9F%E0%B8%B1%E0%B8%99+%E0%B8%96%E0%B8%AD%E0%B8%99%E0%B8%9F%E0%B8%B1%E0%B8%99+%E0%B8%9F%E0%B8%B1%E0%B8%99%E0%B8%9B%E0%B8%A5%E0%B8%AD%E0%B8%A1+%E0%B8%9F%E0%B8%B1%E0%B8%99%E0%B8%82%E0%B8%B2%E0%B8%A7+%E0%B8%A7%E0%B8%B5%E0%B9%80%E0%B8%99%E0%B8%B5%E0%B8%A2%E0%B8%A3%E0%B9%8C+%E0%B8%A3%E0%B8%B1%E0%B8%81%E0%B8%A9%E0%B8%B2%E0%B8%A3%E0%B8%B2%E0%B8%81%E0%B8%9F%E0%B8%B1%E0%B8%99/data=!4m7!3m6!1s0x311d63a8c2eb27f3:0x9abfee15aaf480a5!8m2!3d13.8253817!4d100.6791784!16s%2Fg%2F11vplkpt4n!19sChIJ8yfrwqhjHTERpYD0qhXuv5o?authuser=0&hl=en&rclk=1"
"0x311d62e10ea59f8b:0xcbcbd36fec8a5d7","MeeeMouth Dental Clinic","Dental clinic","
311/22 โครงการ กม.8 เพลส (ปากซอยคู้บอน, Ram Inthra Rd, รามอินทรา, Khan Na Yao, Bangkok 10230, Thailand","RMQ6+QH Bangkok, Thailand","","","+66 2 943 1688","https://www.facebook.com/MeeeMouth/","","3.0","65","","","Open","","https://www.google.com/maps/place/MeeeMouth+Dental+Clinic/data=!4m7!3m6!1s0x311d62e10ea59f8b:0xcbcbd36fec8a5d7!8m2!3d13.8393846!4d100.6614753!16s%2Fg%2F11bwkg9hsy!19sChIJi5-lDuFiHTER16XI_ja9vAw?authuser=0&hl=en&rclk=1"
"0x30e295af6219d48b:0xc594e4a92298e460","Tooth Tone Dental clinic คลินิกทันตกรรม ทูธโทน","Dental clinic","
99/14 คลินิกทันตกรรมทูธโทน โลตัสศาลายา ชั้น 1 Borommaratchachonnani Rd, Bang Toei, Sam Phran District, Nakhon Pathom 73210, Thailand","Q7PX+98 Bang Toei, Sam Phran District, Nakhon Pathom, Thailand","","","+66 61 019 9924","https://www.facebook.com/ttonedent","","4.9","169","","","Open","","https://www.google.com/maps/place/Tooth+Tone+Dental+clinic+%E0%B8%84%E0%B8%A5%E0%B8%B4%E0%B8%99%E0%B8%B4%E0%B8%81%E0%B8%97%E0%B8%B1%E0%B8%99%E0%B8%95%E0%B8%81%E0%B8%A3%E0%B8%A3%E0%B8%A1+%E0%B8%97%E0%B8%B9%E0%B8%98%E0%B9%82%E0%B8%97%E0%B8%99/data=!4m7!3m6!1s0x30e295af6219d48b:0xc594e4a92298e460!8m2!3d13.7858877!4d100.2983102!16s%2Fg%2F11s9y178kx!19sChIJi9QZYq-V4jARYOSYIqnklMU?authuser=0&hl=en&rclk=1"
"0x30e2963c9d8f74e7:0xb6eea48880caf594","คลินิกทันตกรรมเดนทอล สไมล์ พลัส","Dental clinic","
30 Mooban Setthakit Road, Khwaeng Bang Khae Nuea, Bang Khae, Bangkok 10160, Thailand","P95H+V7 Bangkok, Thailand","","","+66 86 700 0525","https://www.facebook.com/DentalSmilePlus/","","5.0","5","","","Open","","https://www.google.com/maps/place/%E0%B8%84%E0%B8%A5%E0%B8%B4%E0%B8%99%E0%B8%B4%E0%B8%81%E0%B8%97%E0%B8%B1%E0%B8%99%E0%B8%95%E0%B8%81%E0%B8%A3%E0%B8%A3%E0%B8%A1%E0%B9%80%E0%B8%94%E0%B8%99%E0%B8%97%E0%B8%AD%E0%B8%A5+%E0%B8%AA%E0%B9%84%E0%B8%A1%E0%B8%A5%E0%B9%8C+%E0%B8%9E%E0%B8%A5%E0%B8%B1%E0%B8%AA/data=!4m7!3m6!1s0x30e2963c9d8f74e7:0xb6eea48880caf594!8m2!3d13.7096763!4d100.3781381!16s%2Fg%2F1pzw39ybv!19sChIJ53SPnTyW4jARlPXKgIik7rY?authuser=0&hl=en&rclk=1"
"0x311d62b87f619e99:0xedfe5ff7b902ecd6","Tooth Fairy Dental Clinic","Dental clinic","
91 28 ถ. วัชรพล Tha Raeng, Bang Khen, Bangkok 10220, Thailand","VJ8W+5W Bangkok, Thailand","","","+66 2 949 8988","https://m.facebook.com/fairydental","","4.9","92","","","Open","","https://www.google.com/maps/place/Tooth+Fairy+Dental+Clinic/data=!4m7!3m6!1s0x311d62b87f619e99:0xedfe5ff7b902ecd6!8m2!3d13.8654362!4d100.6472945!16s%2Fg%2F1pzqrsn48!19sChIJmZ5hf7hiHTER1uwCufdf_u0?authuser=0&hl=en&rclk=1"
"0x311d637677f6248d:0xb1d409a0fc6616ca","Dr.Ming Dental หมอหมิงเดนทัล","Dental clinic","
714 716 Ram Inthra Rd, คันนายาว Khan Na Yao, Bangkok 10230, Thailand","RMCJ+69 Bangkok, Thailand","","","+66 94 446 6623","","","4.9","64","","","Open","","https://www.google.com/maps/place/Dr.Ming+Dental+%E0%B8%AB%E0%B8%A1%E0%B8%AD%E0%B8%AB%E0%B8%A1%E0%B8%B4%E0%B8%87%E0%B9%80%E0%B8%94%E0%B8%99%E0%B8%97%E0%B8%B1%E0%B8%A5/data=!4m7!3m6!1s0x311d637677f6248d:0xb1d409a0fc6616ca!8m2!3d13.820572!4d100.68094!16s%2Fg%2F11ts00_vsz!19sChIJjST2d3ZjHTERyhZm_KAJ1LE?authuser=0&hl=en&rclk=1"
"0x30e29522f6c60951:0x3fd42d38f6e5cd52","คลินิกทันตกรรมจัสท์สมายล์ JUST smiles Dental clinic","Dental clinic","
299 123 เพชรเกษม 110 Khwaeng Nong Khang Phlu, Khet Nong Khaem, Bangkok 10160, Thailand","P89W+92 Bangkok, Thailand","","","+66 64 425 2415","","","4.9","75","","","Open","","https://www.google.com/maps/place/%E0%B8%84%E0%B8%A5%E0%B8%B4%E0%B8%99%E0%B8%B4%E0%B8%81%E0%B8%97%E0%B8%B1%E0%B8%99%E0%B8%95%E0%B8%81%E0%B8%A3%E0%B8%A3%E0%B8%A1%E0%B8%88%E0%B8%B1%E0%B8%AA%E0%B8%97%E0%B9%8C%E0%B8%AA%E0%B8%A1%E0%B8%B2%E0%B8%A2%E0%B8%A5%E0%B9%8C+JUST+smiles+Dental+clinic/data=!4m7!3m6!1s0x30e29522f6c60951:0x3fd42d38f6e5cd52!8m2!3d13.7184982!4d100.3450105!16s%2Fg%2F11vywbjwwj!19sChIJUQnG9iKV4jARUs3l9jgt1D8?authuser=0&hl=en&rclk=1"
"0x311d5f6f9be2480f:0x27a928e220d19bbf","คลินิกมังกรทันตกรรม","Dental clinic","
111/53-54 ซอยมังกร นาคดี Phraek Sa Mai, Mueang Samut Prakan District, Samut Prakan 10270, Thailand","JM35+3W Phraek Sa Mai, Mueang Samut Prakan District, Samut Prakan, Thailand","","","+66 2 174 4610","","","4.7","57","","","Open","","https://www.google.com/maps/place/%E0%B8%84%E0%B8%A5%E0%B8%B4%E0%B8%99%E0%B8%B4%E0%B8%81%E0%B8%A1%E0%B8%B1%E0%B8%87%E0%B8%81%E0%B8%A3%E0%B8%97%E0%B8%B1%E0%B8%99%E0%B8%95%E0%B8%81%E0%B8%A3%E0%B8%A3%E0%B8%A1/data=!4m7!3m6!1s0x311d5f6f9be2480f:0x27a928e220d19bbf!8m2!3d13.6026592!4d100.6597976!16s%2Fg%2F1hf2qjw6k!19sChIJD0jim29fHTERv5vRIOIoqSc?authuser=0&hl=en&rclk=1"
"0x311d6598738c6eef:0x2132ee47d3529de5","Deezy dental home ตลาดมีนบุรี | ทำฟัน จัดฟัน วีเนียร์ รากฟันเทียม","Dental clinic","
187 Sihaburanukit Rd, Min Buri, Bangkok 10510, Thailand","RP7G+3P Bangkok, Thailand","","","+66 92 643 3313","http://www.deezydental.com/","","4.7","230","","","Open","","https://www.google.com/maps/place/Deezy+dental+home+%E0%B8%95%E0%B8%A5%E0%B8%B2%E0%B8%94%E0%B8%A1%E0%B8%B5%E0%B8%99%E0%B8%9A%E0%B8%B8%E0%B8%A3%E0%B8%B5+%7C+%E0%B8%97%E0%B8%B3%E0%B8%9F%E0%B8%B1%E0%B8%99+%E0%B8%88%E0%B8%B1%E0%B8%94%E0%B8%9F%E0%B8%B1%E0%B8%99+%E0%B8%A7%E0%B8%B5%E0%B9%80%E0%B8%99%E0%B8%B5%E0%B8%A2%E0%B8%A3%E0%B9%8C+%E0%B8%A3%E0%B8%B2%E0%B8%81%E0%B8%9F%E0%B8%B1%E0%B8%99%E0%B9%80%E0%B8%97%E0%B8%B5%E0%B8%A2%E0%B8%A1/data=!4m7!3m6!1s0x311d6598738c6eef:0x2132ee47d3529de5!8m2!3d13.8126842!4d100.7267825!16s%2Fg%2F11tbvbybb0!19sChIJ726Mc5hlHTER5Z1S00fuMiE?authuser=0&hl=en&rclk=1"
"0x30e2a133492c31f9:0xa41d2e4ce7fee008","หมอรักษ์ฟันคลินิกทันตกรรม","Orthodontist","
98 หมู่บ้านธนาภิรมย์ ศรีนครินทร์-วงแหวน 6, Bang Mueang Mai, Mueang Samut Prakan District, Samut Prakan 10270, Thailand","JJ9C+6G Bang Mueang Mai, Mueang Samut Prakan District, Samut Prakan, Thailand","","","+66 66 110 8608","","","4.9","62","","","Open","","https://www.google.com/maps/place/%E0%B8%AB%E0%B8%A1%E0%B8%AD%E0%B8%A3%E0%B8%B1%E0%B8%81%E0%B8%A9%E0%B9%8C%E0%B8%9F%E0%B8%B1%E0%B8%99%E0%B8%84%E0%B8%A5%E0%B8%B4%E0%B8%99%E0%B8%B4%E0%B8%81%E0%B8%97%E0%B8%B1%E0%B8%99%E0%B8%95%E0%B8%81%E0%B8%A3%E0%B8%A3%E0%B8%A1/data=!4m7!3m6!1s0x30e2a133492c31f9:0xa41d2e4ce7fee008!8m2!3d13.6180975!4d100.6213281!16s%2Fg%2F11k9j81d35!19sChIJ-TEsSTOh4jARCOD-50wuHaQ?authuser=0&hl=en&rclk=1"
"0x30e284f272fb914b:0xf3d3e03a6cfbd5c4","คลินิคทันตกรรมสมเกียรติ จัดฟัน รากเทียม วีเนียร์","Dental clinic","
58 43 ซอย เมืองทองธานี Khlong Kluea, Amphoe Pak Kret, Nonthaburi 11120, Thailand","WG2Q+X8 Pakkret, Pak Kret District, Nonthaburi, Thailand","","","+66 83 918 8863","https://linktr.ee/somkiatdental","","4.4","34","","","Open","","https://www.google.com/maps/place/%E0%B8%84%E0%B8%A5%E0%B8%B4%E0%B8%99%E0%B8%B4%E0%B8%84%E0%B8%97%E0%B8%B1%E0%B8%99%E0%B8%95%E0%B8%81%E0%B8%A3%E0%B8%A3%E0%B8%A1%E0%B8%AA%E0%B8%A1%E0%B9%80%E0%B8%81%E0%B8%B5%E0%B8%A2%E0%B8%A3%E0%B8%95%E0%B8%B4+%E0%B8%88%E0%B8%B1%E0%B8%94%E0%B8%9F%E0%B8%B1%E0%B8%99+%E0%B8%A3%E0%B8%B2%E0%B8%81%E0%B9%80%E0%B8%97%E0%B8%B5%E0%B8%A2%E0%B8%A1+%E0%B8%A7%E0%B8%B5%E0%B9%80%E0%B8%99%E0%B8%B5%E0%B8%A2%E0%B8%A3%E0%B9%8C/data=!4m7!3m6!1s0x30e284f272fb914b:0xf3d3e03a6cfbd5c4!8m2!3d13.9024594!4d100.5382632!16s%2Fg%2F1hc1y25_m!19sChIJS5H7cvKE4jARxNX7bDrg0_M?authuser=0&hl=en&rclk=1"
"0x30e29dd0f6805f5f:0x1cb3e965f7a2193f","MOS Dental Clinic Airport Suwannabhumi","Dental clinic","
68 13-14 หมู่ 5 King Kaeo Rd, Racha Thewa, Bang Phli District, Samut Prakan 10540, Thailand","MPHF+68 Racha Thewa, Bang Phli District, Samut Prakan, Thailand","","","+66 63 234 5072","http://www.facebook.com/mosdentalclinic","","4.9","422","","","Open","","https://www.google.com/maps/place/MOS+Dental+Clinic+Airport+Suwannabhumi/data=!4m7!3m6!1s0x30e29dd0f6805f5f:0x1cb3e965f7a2193f!8m2!3d13.678031!4d100.7233461!16s%2Fg%2F11jgtr3q13!19sChIJX1-A9tCd4jARPxmi92Xpsxw?authuser=0&hl=en&rclk=1"
"0x311d646172859ca7:0x858696ab79281000","Chatchanan Dental","Dental clinic","
573 Sihaburanukit 15, Min Buri, Bangkok 10510, Thailand","RP7H+H6 Bangkok, Thailand","","","+66 86 301 0923","","","5.0","110","","","Open","","https://www.google.com/maps/place/Chatchanan+Dental/data=!4m7!3m6!1s0x311d646172859ca7:0x858696ab79281000!8m2!3d13.8139909!4d100.7280176!16s%2Fg%2F1hm67gh5r!19sChIJp5yFcmFkHTERABAoeauWhoU?authuser=0&hl=en&rclk=1"
"0x30e293f2cb002c7d:0xf95c32007e141711","Forfun dental clinic (salaya)","Dental clinic","
200 ศาลายา 38-39 Phutthamonthon Sai 4 Rd, Salaya, Phutthamonthon District, Nakhon Pathom 73170, Thailand","Q8XH+H2 Salaya, Phutthamonthon District, Nakhon Pathom, Thailand","","","+66 86 323 8246","https://www.facebook.com/forfun.dentalclinic.salaya?mibextid=LQQJ4d","","4.7","164","","","Open","","https://www.google.com/maps/place/Forfun+dental+clinic+%28salaya%29/data=!4m7!3m6!1s0x30e293f2cb002c7d:0xf95c32007e141711!8m2!3d13.7989802!4d100.3275952!16s%2Fg%2F1tf09_26!19sChIJfSwAy_KT4jARERcUfgAyXPk?authuser=0&hl=en&rclk=1"
"0x30e29373731a03e5:0x70a274e23902d1a7","DENTE VITA สาขา The Fourth คลินิกทันตกรรม","Dental clinic","
111, 31 ม.8 Phutthamonthon Sai 4 Rd, Tambon Krathum Lom, Sam Phran District, Nakhon Pathom 73220, Thailand","Q85H+HV Krathum Lom, Sam Phran District, Nakhon Pathom, Thailand","","","+66 62 587 8555","https://m.me/dentevita","","4.9","32","","","Open","","https://www.google.com/maps/place/DENTE+VITA+%E0%B8%AA%E0%B8%B2%E0%B8%82%E0%B8%B2+The+Fourth+%E0%B8%84%E0%B8%A5%E0%B8%B4%E0%B8%99%E0%B8%B4%E0%B8%81%E0%B8%97%E0%B8%B1%E0%B8%99%E0%B8%95%E0%B8%81%E0%B8%A3%E0%B8%A3%E0%B8%A1/data=!4m7!3m6!1s0x30e29373731a03e5:0x70a274e23902d1a7!8m2!3d13.7589928!4d100.3296903!16s%2Fg%2F11p0bkdyd0!19sChIJ5QMac3OT4jARp9ECOeJ0onA?authuser=0&hl=en&rclk=1"
"0x30e2a750dbe8a173:0x69e191e83edaae78","คลินิกทันตกรรม เอส.บี.","Dental clinic","
7, 112 Thanon Phraeksa, Thai Ban, Mueang Samut Prakan District, Samut Prakan 10280, Thailand","HJP7+36 Thai Ban Mai, Mueang Samut Prakan District, Samut Prakan, Thailand","","","+66 2 702 5760","","","4.2","20","","","Open","","https://www.google.com/maps/place/%E0%B8%84%E0%B8%A5%E0%B8%B4%E0%B8%99%E0%B8%B4%E0%B8%81%E0%B8%97%E0%B8%B1%E0%B8%99%E0%B8%95%E0%B8%81%E0%B8%A3%E0%B8%A3%E0%B8%A1+%E0%B9%80%E0%B8%AD%E0%B8%AA.%E0%B8%9A%E0%B8%B5./data=!4m7!3m6!1s0x30e2a750dbe8a173:0x69e191e83edaae78!8m2!3d13.5851549!4d100.6131225!16s%2Fg%2F11bccfm4vh!19sChIJc6Ho21Cn4jAReK7aPuiR4Wk?authuser=0&hl=en&rclk=1"
"0x311d7d517e814345:0xf9a1d1e917a9e89c","Toothtales Dental Clinic Soi Phaholyothin 62/1","Dental clinic","
26, 505 Phahon Yothin 62/1 Alley, Sai Mai, Bangkok 10220, Thailand","WJVF+QR Bangkok, Thailand","","","+66 94 242 3991","https://www.facebook.com/profile.php?id=61552016617473","","5.0","157","","","Open","","https://www.google.com/maps/place/Toothtales+Dental+Clinic+Soi+Phaholyothin+62%2F1/data=!4m7!3m6!1s0x311d7d517e814345:0xf9a1d1e917a9e89c!8m2!3d13.9444701!4d100.6245503!16s%2Fg%2F11l2dwk3wd!19sChIJRUOBflF9HTERnOipF-nRofk?authuser=0&hl=en&rclk=1"
"0x30e2833a9cd1ba7d:0x62d40bf47d2b6b5b","Advance Smile Orthodontic Clinic","Dental clinic","
15, 9 Thanon Song Prapha, ดอนเมือง, Don Mueang, Bangkok 10210, Thailand","WHFW+HV Bangkok, Thailand","","","+66 82 445 5530","https://www.facebook.com/advancesmile17","","5.0","14","","","Open","","https://www.google.com/maps/place/Advance+Smile+Orthodontic+Clinic/data=!4m7!3m6!1s0x30e2833a9cd1ba7d:0x62d40bf47d2b6b5b!8m2!3d13.9239762!4d100.5972323!16s%2Fg%2F11gl38sxsq!19sChIJfbrRnDqD4jARW2srffQL1GI?authuser=0&hl=en&rclk=1"
"0x311d62af695aa209:0xa9f0efcea0f96996","Wimol Dental Clinic","Dental clinic","
200 Ram Inthra Rd, Anusawari, Bang Khen, Bangkok 10220, Thailand","VJ4G+WW Bangkok, Thailand","","","+66 2 551 0401","","","5.0","12","","","Open","","https://www.google.com/maps/place/Wimol+Dental+Clinic/data=!4m7!3m6!1s0x311d62af695aa209:0xa9f0efcea0f96996!8m2!3d13.8572957!4d100.6273037!16s%2Fg%2F1tcwzz_w!19sChIJCaJaaa9iHTERlmn5oM7v8Kk?authuser=0&hl=en&rclk=1"
"0x311d5f002da5be41:0x25277e1cbcf73585","คลินิกทันตกรรมโอมายทีช (OH MY TEETH dental clinic)","Dental clinic","
88 หมู่บ้านศุภาลัยวิวล์ ศรีนครินทร์-กิ่งแก้ว, 2, Bang Kaeo, Bang Phli District, Samut Prakan 10540, Thailand","JJGQ+HP Bang Kaeo, Bang Phli District, Samut Prakan, Thailand","","","+66 91 499 5362","","","5.0","36","","","Open","","https://www.google.com/maps/place/%E0%B8%84%E0%B8%A5%E0%B8%B4%E0%B8%99%E0%B8%B4%E0%B8%81%E0%B8%97%E0%B8%B1%E0%B8%99%E0%B8%95%E0%B8%81%E0%B8%A3%E0%B8%A3%E0%B8%A1%E0%B9%82%E0%B8%AD%E0%B8%A1%E0%B8%B2%E0%B8%A2%E0%B8%97%E0%B8%B5%E0%B8%8A+%28OH+MY+TEETH+dental+clinic%29/data=!4m7!3m6!1s0x311d5f002da5be41:0x25277e1cbcf73585!8m2!3d13.6264761!4d100.6393712!16s%2Fg%2F11xzrr848v!19sChIJQb6lLQBfHTERhTX3vBx-JyU?authuser=0&hl=en&rclk=1"
"0x30e28ffc26e16343:0x9654b292e2ee3673","Smileline Dental Clinic","Dental clinic","
โทร 029204040 78/45 ถ. บางกรวย - ไทรน้อย ตำบล บางรักพัฒนา อำเภอบางบัวทอง นนทบุรี 11110 020073020, Thailand","VCHM+XG Bang Rak Yai, Bang Bua Thong District, Nonthaburi, Thailand","","","+66 2 920 4040","","","3.8","16","","","Open","","https://www.google.com/maps/place/Smileline+Dental+Clinic/data=!4m7!3m6!1s0x30e28ffc26e16343:0x9654b292e2ee3673!8m2!3d13.8798875!4d100.433847!16s%2Fg%2F1hm42bkk0!19sChIJQ2PhJvyP4jARczbu4pKyVJY?authuser=0&hl=en&rclk=1"
"0x30e2f39cc56a832f:0xdd5a9c5960e643d3","หมอแพรพลอยใจดี By Playground Dental Clinic","Dental clinic","
99/9 Nakhon Chai Si District, Nakhon Pathom 73120, Thailand","V6V4+GH Bang Phra, Nakhon Chai Si District, Nakhon Pathom, Thailand","","","+66 96 186 6886","","","5.0","246","","","Open","","https://www.google.com/maps/place/%E0%B8%AB%E0%B8%A1%E0%B8%AD%E0%B9%81%E0%B8%9E%E0%B8%A3%E0%B8%9E%E0%B8%A5%E0%B8%AD%E0%B8%A2%E0%B9%83%E0%B8%88%E0%B8%94%E0%B8%B5+By+Playground+Dental+Clinic/data=!4m7!3m6!1s0x30e2f39cc56a832f:0xdd5a9c5960e643d3!8m2!3d13.8937618!4d100.2064113!16s%2Fg%2F11ml9f00jj!19sChIJL4NqxZzz4jAR00PmYFmcWt0?authuser=0&hl=en&rclk=1"
"0x30e29605c2163775:0x270df9b1978ebe3b","Smileline Dental Clinic","Dental clinic","
333 Phet Kasem 77/5 Alley, Nong Khang Phlu, Nong Khaem, Bangkok 10160, Thailand","P944+GH Bangkok, Thailand","","","+66 92 338 9417","","","4.9","597","","","Open","","https://www.google.com/maps/place/Smileline+Dental+Clinic/data=!4m7!3m6!1s0x30e29605c2163775:0x270df9b1978ebe3b!8m2!3d13.706311!4d100.3564153!16s%2Fg%2F11g6wvqv4z!19sChIJdTcWwgWW4jARO76Ol7H5DSc?authuser=0&hl=en&rclk=1"
"0x30e2a11a12dd8cc7:0x65c7fb536561b6ce","เด็นต้าแคร์ปากน้ำ","Dental clinic","
26 Prakhon Chai Rd, Tambon Pak Nam, Mueang Samut Prakan District, Samut Prakan 10270, Thailand","HHWW+PX Samut Prakan, Pak Nam, Mueang Samut Prakan District, Samut Prakan, Thailand","","","+66 89 783 0199","","","4.1","17","","","Open","","https://www.google.com/maps/place/%E0%B9%80%E0%B8%94%E0%B9%87%E0%B8%99%E0%B8%95%E0%B9%89%E0%B8%B2%E0%B9%81%E0%B8%84%E0%B8%A3%E0%B9%8C%E0%B8%9B%E0%B8%B2%E0%B8%81%E0%B8%99%E0%B9%89%E0%B8%B3/data=!4m7!3m6!1s0x30e2a11a12dd8cc7:0x65c7fb536561b6ce!8m2!3d13.5968341!4d100.5974497!16s%2Fg%2F11fmthmgx5!19sChIJx4zdEhqh4jARzrZhZVP7x2U?authuser=0&hl=en&rclk=1"
"0x311d639c0097d2ef:0xdd79aee6eded9d73","คลินิกทันตกรรมพาสุข สาขาคู้บอน Pasook dental clinic kubon","Dental clinic","
Khu Bon Rd, Bang Chan, Khlong Sam Wa, Bangkok 10510, Thailand","VM4J+76 Bangkok, Thailand","","","+66 84 348 5520","https://www.facebook.com/profile.php?id=100077345430176","","4.9","481","","","Open","","https://www.google.com/maps/place/%E0%B8%84%E0%B8%A5%E0%B8%B4%E0%B8%99%E0%B8%B4%E0%B8%81%E0%B8%97%E0%B8%B1%E0%B8%99%E0%B8%95%E0%B8%81%E0%B8%A3%E0%B8%A3%E0%B8%A1%E0%B8%9E%E0%B8%B2%E0%B8%AA%E0%B8%B8%E0%B8%82+%E0%B8%AA%E0%B8%B2%E0%B8%82%E0%B8%B2%E0%B8%84%E0%B8%B9%E0%B9%89%E0%B8%9A%E0%B8%AD%E0%B8%99+Pasook+dental+clinic+kubon/data=!4m7!3m6!1s0x311d639c0097d2ef:0xdd79aee6eded9d73!8m2!3d13.8556446!4d100.680611!16s%2Fg%2F11pzfjb5ct!19sChIJ79KXAJxjHTERc53t7eaued0?authuser=0&hl=en&rclk=1"
"0x311d638483acc44b:0xf4b8b1fcddab5fff","IU DENTAL สาขา รามอินทรา กม.6","Dental clinic","
91 93 Ram Inthra Rd, Khwaeng Ram Inthra, Khan Na Yao, Bangkok 10230, Thailand","RMV2+VM Bangkok, Thailand","","","+66 82 504 1658","","","5.0","24","","","Open","","https://www.google.com/maps/place/IU+DENTAL+%E0%B8%AA%E0%B8%B2%E0%B8%82%E0%B8%B2+%E0%B8%A3%E0%B8%B2%E0%B8%A1%E0%B8%AD%E0%B8%B4%E0%B8%99%E0%B8%97%E0%B8%A3%E0%B8%B2+%E0%B8%81%E0%B8%A1.6/data=!4m7!3m6!1s0x311d638483acc44b:0xf4b8b1fcddab5fff!8m2!3d13.8447438!4d100.6517325!16s%2Fg%2F11vxphkdc4!19sChIJS8Ssg4RjHTER_1-r3fyxuPQ?authuser=0&hl=en&rclk=1"
"0x30e2a234c8590415:0x766441ed32fde8fd","Big C Foodplace Pracha Uthit","Supermarket","
523/3 Pracha Uthit Rd, Thung Khru, Bangkok 10140, Thailand","JG66+R8 Bangkok, Thailand","","","+66 80 060 2367","http://www.bigc.co.th/","","4.1","1976","Moderately priced","$$","Open","","https://www.google.com/maps/place/Big+C+Foodplace+Pracha+Uthit/data=!4m7!3m6!1s0x30e2a234c8590415:0x766441ed32fde8fd!8m2!3d13.6120612!4d100.5107694!16s%2Fg%2F119vjvs4r!19sChIJFQRZyDSi4jAR_ej9Mu1BZHY?authuser=0&hl=en&rclk=1"
"0x30e28fd78ef133b9:0xce218a903696de83","Chic Smile Dental Clinic by Dr.PinTz","Dental clinic","
46 11 ม.4 Bang Kruai - Sai Noi Rd, Sano Loi, Bang Bua Thong District, Nonthaburi 11110, Thailand","WC8C+5W Sano Loi, Bang Bua Thong District, Nonthaburi, Thailand","","","+66 61 996 6966","https://www.chicsmiledentalclinic.com/","","4.9","595","","","Open","","https://www.google.com/maps/place/Chic+Smile+Dental+Clinic+by+Dr.PinTz/data=!4m7!3m6!1s0x30e28fd78ef133b9:0xce218a903696de83!8m2!3d13.9154461!4d100.422282!16s%2Fg%2F11tdnfx34l!19sChIJuTPxjteP4jARg96WNpCKIc4?authuser=0&hl=en&rclk=1"
"0x311d67ef9fa32021:0xb122fbf0764ec029","We Smile Dental Clinic สาขาลาดกระบัง","Dental clinic","
v market เลขที่ 127 Thanon Chalong Krung, Lam Pla Thio, Lat Krabang, Bangkok 10520, Thailand","QQ4W+PX Bangkok, Thailand","","","+66 63 879 8448","","","4.9","1559","","","Open","","https://www.google.com/maps/place/We+Smile+Dental+Clinic+%E0%B8%AA%E0%B8%B2%E0%B8%82%E0%B8%B2%E0%B8%A5%E0%B8%B2%E0%B8%94%E0%B8%81%E0%B8%A3%E0%B8%B0%E0%B8%9A%E0%B8%B1%E0%B8%87/data=!4m7!3m6!1s0x311d67ef9fa32021:0xb122fbf0764ec029!8m2!3d13.756872!4d100.7974743!16s%2Fg%2F11fjwzkjgh!19sChIJISCjn-9nHTERKcBOdvD7IrE?authuser=0&hl=en&rclk=1"
"0x30e29d2b6aaa1923:0x160f5ce6f5ed0462","คลินิกทันตกรรมรักษ์ยิ้ม หลักสี่","Dental clinic","
108/1 อาคารพาร์ควิว วิภาวดี4 ตลาดบางเขน Lak Si, Bangkok 10210, Thailand","VHRM+39 Bangkok, Thailand","","","+66 91 049 1076","","","4.3","6","","","Open","","https://www.google.com/maps/place/%E0%B8%84%E0%B8%A5%E0%B8%B4%E0%B8%99%E0%B8%B4%E0%B8%81%E0%B8%97%E0%B8%B1%E0%B8%99%E0%B8%95%E0%B8%81%E0%B8%A3%E0%B8%A3%E0%B8%A1%E0%B8%A3%E0%B8%B1%E0%B8%81%E0%B8%A9%E0%B9%8C%E0%B8%A2%E0%B8%B4%E0%B9%89%E0%B8%A1+%E0%B8%AB%E0%B8%A5%E0%B8%B1%E0%B8%81%E0%B8%AA%E0%B8%B5%E0%B9%88/data=!4m7!3m6!1s0x30e29d2b6aaa1923:0x160f5ce6f5ed0462!8m2!3d13.8901866!4d100.583397!16s%2Fg%2F1ptwc63hg!19sChIJIxmqaiud4jARYgTt9eZcDxY?authuser=0&hl=en&rclk=1"
"0x30e28fac23b40e77:0xe766283643428565","คลินิกทันตกรรมเดนท์แอนด์สไมล์","Dental clinic","
15/34 ม.วิดาภาพาร์ค ซอย Baan Kluay - Sai Noi Rd, Phimon Rat, Bang Bua Thong District, Nonthaburi 11110, Thailand","W99W+5P Phimon Rat, Bang Bua Thong District, Nonthaburi, Thailand","","","+66 2 592 6201","https://www.facebook.com/%E0%B8%84%E0%B8%A5%E0%B8%B5%E0%B8%99%E0%B8%B4%E0%B8%81%E0%B8%97%E0%B8%B1%E0%B8%99%E0%B8%95%E0%B8%81%E0%B8%A3%E0%B8%A3%E0%B8%A1%E0%B9%80%E0%B8%94%E0%B8%99%E0%B8%97%E0%B9%8C%E0%B9%81%E0%B8%AD%E0%B8%99%E0%B8%94%E0%B9%8C%E0%B8%AA%E0%B9%84%E0%B8%A1%E0%B8%A5%E0%B9%8C-%E0%B8%8B%E0%B8%AD%E0%B8%A2%E0%B8%9A%E0%B9%89%E0%B8%B2%E0%B8%99%E0%B8%81%E0%B8%A5%E0%B9%89%E0%B8%A7%E0%B8%A2-%E0%B9%84%E0%B8%97%E0%B8%A3%E0%B8%99%E0%B9%89%E0%B8%AD%E0%B8%A2-2124812927811504/","","4.3","9","","","Open","","https://www.google.com/maps/place/%E0%B8%84%E0%B8%A5%E0%B8%B4%E0%B8%99%E0%B8%B4%E0%B8%81%E0%B8%97%E0%B8%B1%E0%B8%99%E0%B8%95%E0%B8%81%E0%B8%A3%E0%B8%A3%E0%B8%A1%E0%B9%80%E0%B8%94%E0%B8%99%E0%B8%97%E0%B9%8C%E0%B9%81%E0%B8%AD%E0%B8%99%E0%B8%94%E0%B9%8C%E0%B8%AA%E0%B9%84%E0%B8%A1%E0%B8%A5%E0%B9%8C/data=!4m7!3m6!1s0x30e28fac23b40e77:0xe766283643428565!8m2!3d13.9179183!4d100.3967717!16s%2Fg%2F1hc7wtdt6!19sChIJdw60I6yP4jARZYVCQzYoZuc?authuser=0&hl=en&rclk=1"
"0x311d5f073ca23e65:0xe5d627ab6af842bd","The Tree Dental Clinic บางพลี","Dental clinic","
คลินิกทันตกรรมเดอะทรี สาขาบางพลี (อยู่ฝั่งเดียวกับบิ๊กซีบางพลี, 64/5-6 หมู่ 9 Thepharak Rd, Bang Phli Yai, Bang Phli District, Samut Prakan 10540, Thailand","JP25+RG Bang Phli Yai, Bang Phli District, Samut Prakan, Thailand","","","+66 64 936 1459","https://www.thetreedentalclinic.com/","","5.0","2372","","","Open","","https://www.google.com/maps/place/The+Tree+Dental+Clinic+%E0%B8%9A%E0%B8%B2%E0%B8%87%E0%B8%9E%E0%B8%A5%E0%B8%B5/data=!4m7!3m6!1s0x311d5f073ca23e65:0xe5d627ab6af842bd!8m2!3d13.6020722!4d100.708851!16s%2Fg%2F11flzlb67w!19sChIJZT6iPAdfHTERvUL4aqsn1uU?authuser=0&hl=en&rclk=1"
"0x30e2bdff3a407cd5:0xd01ce579db1ffeb4","K-Dent Dental Clinic เคเด๊นท์ ทำฟัน จัดฟัน เอกชัย105","Dental clinic","
1185 1187 Ekkachai Rd, Bang Bon Tai, Bang Bon, Bangkok 10150, Thailand","M93R+JP Bangkok, Thailand","","","+66 90 594 9964","https://www.facebook.com/kdentclinic/","","4.9","210","","","Open","","https://www.google.com/maps/place/K-Dent+Dental+Clinic+%E0%B9%80%E0%B8%84%E0%B9%80%E0%B8%94%E0%B9%8A%E0%B8%99%E0%B8%97%E0%B9%8C+%E0%B8%97%E0%B8%B3%E0%B8%9F%E0%B8%B1%E0%B8%99+%E0%B8%88%E0%B8%B1%E0%B8%94%E0%B8%9F%E0%B8%B1%E0%B8%99+%E0%B9%80%E0%B8%AD%E0%B8%81%E0%B8%8A%E0%B8%B1%E0%B8%A2105/data=!4m7!3m6!1s0x30e2bdff3a407cd5:0xd01ce579db1ffeb4!8m2!3d13.6540192!4d100.3917948!16s%2Fg%2F11gjr_yhdd!19sChIJ1XxAOv-94jARtP4f23nlHNA?authuser=0&hl=en&rclk=1"
"0x30e2a3b8dcf2a54d:0x712cde17c0b8c828","ทรัพย์สมบูรณ์สหคลินิก","Dental clinic","
122/76-77 ถ.ประชาอุทิศ แขวงทุ่งครุ Bangkok 10140, Thailand","JGH3+8W Bangkok, Thailand","","","+66 2 426 0096","","","4.4","7","","","Open","","https://www.google.com/maps/place/%E0%B8%97%E0%B8%A3%E0%B8%B1%E0%B8%9E%E0%B8%A2%E0%B9%8C%E0%B8%AA%E0%B8%A1%E0%B8%9A%E0%B8%B9%E0%B8%A3%E0%B8%93%E0%B9%8C%E0%B8%AA%E0%B8%AB%E0%B8%84%E0%B8%A5%E0%B8%B4%E0%B8%99%E0%B8%B4%E0%B8%81/data=!4m7!3m6!1s0x30e2a3b8dcf2a54d:0x712cde17c0b8c828!8m2!3d13.6283545!4d100.5048706!16s%2Fg%2F1hc22fdlh!19sChIJTaXy3Lij4jARKMi4wBfeLHE?authuser=0&hl=en&rclk=1"
"0x311d61e2f92c5123:0xaf9d4a462395ec5","T Plus Dental Clinic","Dental clinic","
QM2P+Q9, Thap Chang, Saphan Sung, Bangkok 10250, Thailand","","","","+66 93 095 9988","https://web.facebook.com/profile.php?id=100093635675519&sk=about","","5.0","18","","","Open","","https://www.google.com/maps/place/T+Plus+Dental+Clinic/data=!4m7!3m6!1s0x311d61e2f92c5123:0xaf9d4a462395ec5!8m2!3d13.7526055!4d100.6861041!16s%2Fg%2F11vc45flb6!19sChIJI1Es-eJhHTERxV45YqTU-Qo?authuser=0&hl=en&rclk=1"
"0x30e2a7510e9ebb9f:0x5c1e1a4a5cc02bf1","คลินิกทันตกรรมลาซาล สมุทรปราการ","Dental clinic","
498/1 บิ๊กซี สมุทรปราการ Pak Nam, เมือง Samut Prakan 10270, Thailand","HJM5+Q2 Samut Prakan, Pak Nam, Mueang Samut Prakan District, Samut Prakan, Thailand","","","+66 82 993 9994","https://www.lasalledentalclinic.com/","","4.6","123","","","Open","","https://www.google.com/maps/place/%E0%B8%84%E0%B8%A5%E0%B8%B4%E0%B8%99%E0%B8%B4%E0%B8%81%E0%B8%97%E0%B8%B1%E0%B8%99%E0%B8%95%E0%B8%81%E0%B8%A3%E0%B8%A3%E0%B8%A1%E0%B8%A5%E0%B8%B2%E0%B8%8B%E0%B8%B2%E0%B8%A5+%E0%B8%AA%E0%B8%A1%E0%B8%B8%E0%B8%97%E0%B8%A3%E0%B8%9B%E0%B8%A3%E0%B8%B2%E0%B8%81%E0%B8%B2%E0%B8%A3/data=!4m7!3m6!1s0x30e2a7510e9ebb9f:0x5c1e1a4a5cc02bf1!8m2!3d13.5844081!4d100.6075233!16s%2Fg%2F11t30kp8f3!19sChIJn7ueDlGn4jAR8SvAXEoaHlw?authuser=0&hl=en&rclk=1"
"0x311d6336dbd707f5:0x48ba99b082eade1e","Dentajoy Ramintra (เดนต้าจอย สาขารามอินทรา) จัดฟันใส Invisalign จัดฟัน Brava วีเนียร์ รากเทียม","Dental clinic","
ห้างสรรพสินค้าพรอมานาด รามอินทรา ชั้น 3 587,589,589 7-9 Ram Inthra Rd, Khan Na Yao, Bangkok 10230, Thailand","RMGG+RJ Bangkok, Thailand","","","+66 83 820 9246","https://www.dentajoy.com/news/dentajoy-ramintra/","","5.0","330","","","Open","","https://www.google.com/maps/place/Dentajoy+Ramintra+%28%E0%B9%80%E0%B8%94%E0%B8%99%E0%B8%95%E0%B9%89%E0%B8%B2%E0%B8%88%E0%B8%AD%E0%B8%A2+%E0%B8%AA%E0%B8%B2%E0%B8%82%E0%B8%B2%E0%B8%A3%E0%B8%B2%E0%B8%A1%E0%B8%AD%E0%B8%B4%E0%B8%99%E0%B8%97%E0%B8%A3%E0%B8%B2%29+%E0%B8%88%E0%B8%B1%E0%B8%94%E0%B8%9F%E0%B8%B1%E0%B8%99%E0%B9%83%E0%B8%AA+Invisalign+%E0%B8%88%E0%B8%B1%E0%B8%94%E0%B8%9F%E0%B8%B1%E0%B8%99+Brava+%E0%B8%A7%E0%B8%B5%E0%B9%80%E0%B8%99%E0%B8%B5%E0%B8%A2%E0%B8%A3%E0%B9%8C+%E0%B8%A3%E0%B8%B2%E0%B8%81%E0%B9%80%E0%B8%97%E0%B8%B5%E0%B8%A2%E0%B8%A1/data=!4m7!3m6!1s0x311d6336dbd707f5:0x48ba99b082eade1e!8m2!3d13.8270426!4d100.6766006!16s%2Fg%2F11h_ts1xdw!19sChIJ9QfX2zZjHTERHt7qgrCZukg?authuser=0&hl=en&rclk=1"
"0x30e2831bd1aa7dad:0x30e289d31b2028e5","คลินิกทันตกรรมรวมใจ ทะเลสาบเมืองทองธานี Ruamjai Dental Clinic Lake Muang Thong Thani","Dental clinic","
55/5 หมู่ที่ 5 หมู่บ้านพนาลี 20 (โครงการเดอะคอนเนค 2 บ้านใหม่ Pak Kret District, Nonthaburi 11120, Thailand","WGCW+FH Pakkret, Pak Kret District, Nonthaburi, Thailand","","","+66 96 982 4916","https://www.facebook.com/Ruamjaidentalclinic/","","4.9","17","","","Open","","https://www.google.com/maps/place/%E0%B8%84%E0%B8%A5%E0%B8%B4%E0%B8%99%E0%B8%B4%E0%B8%81%E0%B8%97%E0%B8%B1%E0%B8%99%E0%B8%95%E0%B8%81%E0%B8%A3%E0%B8%A3%E0%B8%A1%E0%B8%A3%E0%B8%A7%E0%B8%A1%E0%B9%83%E0%B8%88+%E0%B8%97%E0%B8%B0%E0%B9%80%E0%B8%A5%E0%B8%AA%E0%B8%B2%E0%B8%9A%E0%B9%80%E0%B8%A1%E0%B8%B7%E0%B8%AD%E0%B8%87%E0%B8%97%E0%B8%AD%E0%B8%87%E0%B8%98%E0%B8%B2%E0%B8%99%E0%B8%B5+Ruamjai+Dental+Clinic+Lake+Muang+Thong+Thani/data=!4m7!3m6!1s0x30e2831bd1aa7dad:0x30e289d31b2028e5!8m2!3d13.921212!4d100.5463818!16s%2Fg%2F11nn0bdh1r!19sChIJrX2q0RuD4jAR5SggG9OJ4jA?authuser=0&hl=en&rclk=1"
"0x311d63d97fcc877f:0xc2aef1c30075d1ad","คลินิกทันตกรรมพฤกษชาติ","Dental clinic","
152 Ramkhamhaeng 118 Alley, Saphan Sung, Bangkok 10240, Thailand","QMHH+VH Bangkok, Thailand","","","+66 2 373 5213","","","4.3","6","","","Open","","https://www.google.com/maps/place/%E0%B8%84%E0%B8%A5%E0%B8%B4%E0%B8%99%E0%B8%B4%E0%B8%81%E0%B8%97%E0%B8%B1%E0%B8%99%E0%B8%95%E0%B8%81%E0%B8%A3%E0%B8%A3%E0%B8%A1%E0%B8%9E%E0%B8%A4%E0%B8%81%E0%B8%A9%E0%B8%8A%E0%B8%B2%E0%B8%95%E0%B8%B4/data=!4m7!3m6!1s0x311d63d97fcc877f:0xc2aef1c30075d1ad!8m2!3d13.7796803!4d100.6789394!16s%2Fg%2F1yh802hp8!19sChIJf4fMf9ljHTERrdF1AMPxrsI?authuser=0&hl=en&rclk=1"
"0x311d5f2b559500b1:0xed80dcb2ad272897","TDH Dental (พริ้นซ์ สุวรรณภูมิ) จัดฟันใส Invisalign | Veneer | รากเทียม | ฟอกสีฟัน Zoom","Hospital","
35/2 ชั้น 2, Princ Hospital Suvarnabhumi, Bang Na-Trat Frontage Rd, Bang Kaeo, Bang Phli District, Samut Prakan 10540, Thailand","MM48+RH Bang Kaeo, Bang Phli District, Samut Prakan, Thailand","","","+66 82 954 9469","https://www.thonglordentalhospital.com/","","5.0","278","","","Temporarily closed","","https://www.google.com/maps/place/TDH+Dental+%28%E0%B8%9E%E0%B8%A3%E0%B8%B4%E0%B9%89%E0%B8%99%E0%B8%8B%E0%B9%8C+%E0%B8%AA%E0%B8%B8%E0%B8%A7%E0%B8%A3%E0%B8%A3%E0%B8%93%E0%B8%A0%E0%B8%B9%E0%B8%A1%E0%B8%B4%29+%E0%B8%88%E0%B8%B1%E0%B8%94%E0%B8%9F%E0%B8%B1%E0%B8%99%E0%B9%83%E0%B8%AA+Invisalign+%7C+Veneer+%7C+%E0%B8%A3%E0%B8%B2%E0%B8%81%E0%B9%80%E0%B8%97%E0%B8%B5%E0%B8%A2%E0%B8%A1+%7C+%E0%B8%9F%E0%B8%AD%E0%B8%81%E0%B8%AA%E0%B8%B5%E0%B8%9F%E0%B8%B1%E0%B8%99+Zoom/data=!4m7!3m6!1s0x311d5f2b559500b1:0xed80dcb2ad272897!8m2!3d13.6570291!4d100.6664497!16s%2Fg%2F11v0786f93!19sChIJsQCVVStfHTERlygnrbLcgO0?authuser=0&hl=en&rclk=1"
"0x311d635fe539fad3:0x983d192702e435e6","คลินิกทันตกรรมทูธแคร์ สาขา รามอินทรา (ติด MRT วัชรพล)","Dental clinic","
ท่าเเร้ง 224/4-5 Ram Inthra Rd, Khwaeng Tha Raeng, Khet Bang Khen, Bangkok 10220, Thailand","RJXV+P7 Bangkok, Thailand","","","+66 91 599 9182","","","5.0","11","","","Open","","https://www.google.com/maps/place/%E0%B8%84%E0%B8%A5%E0%B8%B4%E0%B8%99%E0%B8%B4%E0%B8%81%E0%B8%97%E0%B8%B1%E0%B8%99%E0%B8%95%E0%B8%81%E0%B8%A3%E0%B8%A3%E0%B8%A1%E0%B8%97%E0%B8%B9%E0%B8%98%E0%B9%81%E0%B8%84%E0%B8%A3%E0%B9%8C+%E0%B8%AA%E0%B8%B2%E0%B8%82%E0%B8%B2+%E0%B8%A3%E0%B8%B2%E0%B8%A1%E0%B8%AD%E0%B8%B4%E0%B8%99%E0%B8%97%E0%B8%A3%E0%B8%B2+%28%E0%B8%95%E0%B8%B4%E0%B8%94+MRT+%E0%B8%A7%E0%B8%B1%E0%B8%8A%E0%B8%A3%E0%B8%9E%E0%B8%A5%29/data=!4m7!3m6!1s0x311d635fe539fad3:0x983d192702e435e6!8m2!3d13.8493279!4d100.6431317!16s%2Fg%2F11w_p9kkyp!19sChIJ0_o55V9jHTER5jXkAicZPZg?authuser=0&hl=en&rclk=1"
"0x311d7d7a08dd9c99:0x5d287dc587410d3c","Prosmiles Dental Clinic Saphan Mai | คลินิคทันตกรรม โปรสไมล์ส์ ทำฟัน จัดฟัน รักษาฟัน สะพานใหม่","Dental clinic","
201, 39-40 Phahonyothin 54/1, Khlong Thanon, Sai Mai, Bangkok 10220, Thailand","WJ4J+P7 Bangkok, Thailand","","","+66 2 974 3998","","","5.0","5","","","","","https://www.google.com/maps/place/Prosmiles+Dental+Clinic+Saphan+Mai+%7C+%E0%B8%84%E0%B8%A5%E0%B8%B4%E0%B8%99%E0%B8%B4%E0%B8%84%E0%B8%97%E0%B8%B1%E0%B8%99%E0%B8%95%E0%B8%81%E0%B8%A3%E0%B8%A3%E0%B8%A1+%E0%B9%82%E0%B8%9B%E0%B8%A3%E0%B8%AA%E0%B9%84%E0%B8%A1%E0%B8%A5%E0%B9%8C%E0%B8%AA%E0%B9%8C+%E0%B8%97%E0%B8%B3%E0%B8%9F%E0%B8%B1%E0%B8%99+%E0%B8%88%E0%B8%B1%E0%B8%94%E0%B8%9F%E0%B8%B1%E0%B8%99+%E0%B8%A3%E0%B8%B1%E0%B8%81%E0%B8%A9%E0%B8%B2%E0%B8%9F%E0%B8%B1%E0%B8%99+%E0%B8%AA%E0%B8%B0%E0%B8%9E%E0%B8%B2%E0%B8%99%E0%B9%83%E0%B8%AB%E0%B8%A1%E0%B9%88/data=!4m7!3m6!1s0x311d7d7a08dd9c99:0x5d287dc587410d3c!8m2!3d13.9067669!4d100.6306377!16s%2Fg%2F11bz0nmyw2!19sChIJmZzdCHp9HTERPA1Bh8V9KF0?authuser=0&hl=en&rclk=1"
"0x311d62e0517f6adb:0xcd1f2c82e5e438e","Fah Sai Dental Clinic","Orthodontist","
51 25-26 ซอยคู้บอน Ram Inthra, Khet Khan Na Yao, Bangkok 10230, Thailand","RMR6+8W Bangkok, Thailand","","","+66 2 946 4240","","","4.6","12","","","Open","","https://www.google.com/maps/place/Fah+Sai+Dental+Clinic/data=!4m7!3m6!1s0x311d62e0517f6adb:0xcd1f2c82e5e438e!8m2!3d13.8407645!4d100.6622882!16s%2Fg%2F1hm1_n56r!19sChIJ22p_UeBiHTERjkNeLsjy0Qw?authuser=0&hl=en&rclk=1"
"0x311d7d66070583d7:0x43d78d2af8c248fb","Bluebird Dental Clinic คลินิกทำฟันบลูเบิร์ด","Dental clinic","
15/32 ถ.เพิ่มสิน ตรงข้าม Ao Ngoen, Sai Mai, Bangkok 10220, Thailand","WM35+X5 Bangkok, Thailand","","","+66 97 087 9888","https://www.facebook.com/bluebirddentalclinic","","5.0","229","","","Open","","https://www.google.com/maps/place/Bluebird+Dental+Clinic+%E0%B8%84%E0%B8%A5%E0%B8%B4%E0%B8%99%E0%B8%B4%E0%B8%81%E0%B8%97%E0%B8%B3%E0%B8%9F%E0%B8%B1%E0%B8%99%E0%B8%9A%E0%B8%A5%E0%B8%B9%E0%B9%80%E0%B8%9A%E0%B8%B4%E0%B8%A3%E0%B9%8C%E0%B8%94/data=!4m7!3m6!1s0x311d7d66070583d7:0x43d78d2af8c248fb!8m2!3d13.9049102!4d100.6579114!16s%2Fg%2F11srz0vvvs!19sChIJ14MFB2Z9HTER-0jC-CqN10M?authuser=0&hl=en&rclk=1"
"0x30e2a75cc7cb3459:0xbe37bf431b196456","คลินิกทันตกรรมบ้านฟันฟ้า สาขาพระสมุทรเจดีย์","Dentist","
2287 Suk Sawat Rd, Pak Khlong Bang Pla Kot, Phra Samut Chedi District, Samut Prakan 10290, Thailand","HHVF+FV Pak Khlong Bang Pla Kot, Phra Samut Chedi District, Samut Prakan, Thailand","","","+66 62 824 5592","","","4.3","54","","","Open","","https://www.google.com/maps/place/%E0%B8%84%E0%B8%A5%E0%B8%B4%E0%B8%99%E0%B8%B4%E0%B8%81%E0%B8%97%E0%B8%B1%E0%B8%99%E0%B8%95%E0%B8%81%E0%B8%A3%E0%B8%A3%E0%B8%A1%E0%B8%9A%E0%B9%89%E0%B8%B2%E0%B8%99%E0%B8%9F%E0%B8%B1%E0%B8%99%E0%B8%9F%E0%B9%89%E0%B8%B2+%E0%B8%AA%E0%B8%B2%E0%B8%82%E0%B8%B2%E0%B8%9E%E0%B8%A3%E0%B8%B0%E0%B8%AA%E0%B8%A1%E0%B8%B8%E0%B8%97%E0%B8%A3%E0%B9%80%E0%B8%88%E0%B8%94%E0%B8%B5%E0%B8%A2%E0%B9%8C/data=!4m7!3m6!1s0x30e2a75cc7cb3459:0xbe37bf431b196456!8m2!3d13.593706!4d100.5747068!16s%2Fg%2F11lgp46gxc!19sChIJWTTLx1yn4jARVmQZG0O_N74?authuser=0&hl=en&rclk=1"
"0x311d63c836c81413:0x7e16a2231f015fb4","SM Dental Ramintra (คลินิกทันตกรรมสไมล์เมโลดี้ สาขา รามอินทรา)","Dental clinic","
1263 2 คันนายาว, Khwaeng Bang Chan, Khlong Sam Wa, Bangkok 10310, Thailand","VM2V+2M Bangkok, Thailand","","","+66 97 057 1771","","","4.8","60","","","Open","","https://www.google.com/maps/place/SM+Dental+Ramintra+%28%E0%B8%84%E0%B8%A5%E0%B8%B4%E0%B8%99%E0%B8%B4%E0%B8%81%E0%B8%97%E0%B8%B1%E0%B8%99%E0%B8%95%E0%B8%81%E0%B8%A3%E0%B8%A3%E0%B8%A1%E0%B8%AA%E0%B9%84%E0%B8%A1%E0%B8%A5%E0%B9%8C%E0%B9%80%E0%B8%A1%E0%B9%82%E0%B8%A5%E0%B8%94%E0%B8%B5%E0%B9%89+%E0%B8%AA%E0%B8%B2%E0%B8%82%E0%B8%B2+%E0%B8%A3%E0%B8%B2%E0%B8%A1%E0%B8%AD%E0%B8%B4%E0%B8%99%E0%B8%97%E0%B8%A3%E0%B8%B2%29/data=!4m7!3m6!1s0x311d63c836c81413:0x7e16a2231f015fb4!8m2!3d13.850073!4d100.6941289!16s%2Fg%2F11g_z282gv!19sChIJExTINshjHTERtF8BHyOiFn4?authuser=0&hl=en&rclk=1"
"0x311d639cccd8657b:0x8adf744558b2f1f2","ศูนย์ทันตกรรม โรงพยาบาลอินทรารัตน์","Dental implants provider","
555 5 Ram Inthra Rd, Ram Inthra, Khan Na Yao, Bangkok 10230, Thailand","RMHC+XQ Bangkok, Thailand","","","+66 2 481 5508","https://www.facebook.com/intraratdental","","4.9","109","","","Open","","https://www.google.com/maps/place/%E0%B8%A8%E0%B8%B9%E0%B8%99%E0%B8%A2%E0%B9%8C%E0%B8%97%E0%B8%B1%E0%B8%99%E0%B8%95%E0%B8%81%E0%B8%A3%E0%B8%A3%E0%B8%A1+%E0%B9%82%E0%B8%A3%E0%B8%87%E0%B8%9E%E0%B8%A2%E0%B8%B2%E0%B8%9A%E0%B8%B2%E0%B8%A5%E0%B8%AD%E0%B8%B4%E0%B8%99%E0%B8%97%E0%B8%A3%E0%B8%B2%E0%B8%A3%E0%B8%B1%E0%B8%95%E0%B8%99%E0%B9%8C/data=!4m7!3m6!1s0x311d639cccd8657b:0x8adf744558b2f1f2!8m2!3d13.8299609!4d100.6719795!16s%2Fg%2F11sr_ygm63!19sChIJe2XYzJxjHTER8vGyWEV034o?authuser=0&hl=en&rclk=1"
"0x311d590020586613:0xa0f2950935b47487","iCare dental clinic","Dental clinic","
998 ห้อง 112,114,115 ตลาดเจเอสพี Tambon Phraeksa, Mueang Samut Prakan District, Samut Prakan 10280, Thailand","HM89+MV Phraeksa, Mueang Samut Prakan District, Samut Prakan, Thailand","","","+66 65 516 8588","https://www.facebook.com/profile.php?id=61572559899383","","5.0","361","","","Open","","https://www.google.com/maps/place/iCare+dental+clinic/data=!4m7!3m6!1s0x311d590020586613:0xa0f2950935b47487!8m2!3d13.5666546!4d100.6696847!16s%2Fg%2F11wqnzrb1q!19sChIJE2ZYIABZHTERh3S0NQmV8qA?authuser=0&hl=en&rclk=1"
"0x311d5dd554545423:0x55f082c9c592a2d9","คลินิกทันตกรรมบางพลี","Dental clinic","
60/9-10 หมู่ที่ 12 King Kaeo Rd, Racha Thewa, Bang Phli District, Samut Prakan 10540","JPP5+8W Bang Phli Yai, Bang Phli District, Samut Prakan","","","086 303 3999","https://www.facebook.com/%E0%B8%84%E0%B8%A5%E0%B8%B4%E0%B8%99%E0%B8%B4%E0%B8%81%E0%B8%97%E0%B8%B1%E0%B8%99%E0%B8%95%E0%B8%81%E0%B8%A3%E0%B8%A3%E0%B8%A1%E0%B8%9A%E0%B8%B2%E0%B8%87%E0%B8%9E%E0%B8%A5%E0%B8%B5-244494318898422","","4.9","338","","","Open","","https://www.google.com/maps/place/%E0%B8%84%E0%B8%A5%E0%B8%B4%E0%B8%99%E0%B8%B4%E0%B8%81%E0%B8%97%E0%B8%B1%E0%B8%99%E0%B8%95%E0%B8%81%E0%B8%A3%E0%B8%A3%E0%B8%A1%E0%B8%9A%E0%B8%B2%E0%B8%87%E0%B8%9E%E0%B8%A5%E0%B8%B5/data=!4m7!3m6!1s0x311d5dd554545423:0x55f082c9c592a2d9!8m2!3d13.635818!4d100.7097995!16s%2Fg%2F1tkbvpfk!19sChIJI1RUVNVdHTER2aKSxcmC8FU?authuser=0&hl=en&rclk=1"
"0x30e28505fca312fd:0x916c8d9e9c280dbe","JY place","Apartment building","
VGXG+HM4 Akhan Chaengwattana Soi 1 Bang Talat, Pak Kret District, Nonthaburi 11120","","","","095 797 1581","","","5.0","6","","","Open","","https://www.google.com/maps/place/JY+place/data=!4m7!3m6!1s0x30e28505fca312fd:0x916c8d9e9c280dbe!8m2!3d13.898875!4d100.5266967!16s%2Fg%2F11hdj57pc1!19sChIJ_RKj_AWF4jARvg0onJ6NbJE?authuser=0&hl=en&rclk=1"
"0x311d5f17b7949065:0x65fedf9f1306329","คลินิกล้วนพฤกษาทันตแพทย์ (Luanpruksa Dental Clinic)","Dental clinic","
JM82+PG2, Thepharak, Mueang Samut Prakan District, Samut Prakan 10270, Thailand","","","","+66 2 754 7586","","","5.0","5","","","Open","","https://www.google.com/maps/place/%E0%B8%84%E0%B8%A5%E0%B8%B4%E0%B8%99%E0%B8%B4%E0%B8%81%E0%B8%A5%E0%B9%89%E0%B8%A7%E0%B8%99%E0%B8%9E%E0%B8%A4%E0%B8%81%E0%B8%A9%E0%B8%B2%E0%B8%97%E0%B8%B1%E0%B8%99%E0%B8%95%E0%B9%81%E0%B8%9E%E0%B8%97%E0%B8%A2%E0%B9%8C+%28Luanpruksa+Dental+Clinic%29/data=!4m7!3m6!1s0x311d5f17b7949065:0x65fedf9f1306329!8m2!3d13.6167506!4d100.6512635!16s%2Fg%2F11c387vx9h!19sChIJZZCUtxdfHTERKWMw8fntXwY?authuser=0&hl=en&rclk=1"
"0x30e2832e49492d99:0xa82a82653bef08a2","คลินิกเด็นทัลสกาย","Dental clinic","
เลย 557/165 ถ. พหลโยธิน ซอย พหลโยธิน 69/5 Anusawari, Bang Khen, Bangkok 10220, Thailand","VJV4+5P Bangkok, Thailand","","","+66 2 552 5462","","","5.0","16","","","Open","","https://www.google.com/maps/place/%E0%B8%84%E0%B8%A5%E0%B8%B4%E0%B8%99%E0%B8%B4%E0%B8%81%E0%B9%80%E0%B8%94%E0%B9%87%E0%B8%99%E0%B8%97%E0%B8%B1%E0%B8%A5%E0%B8%AA%E0%B8%81%E0%B8%B2%E0%B8%A2/data=!4m7!3m6!1s0x30e2832e49492d99:0xa82a82653bef08a2!8m2!3d13.8929349!4d100.6067805!16s%2Fg%2F11vxpvg217!19sChIJmS1JSS6D4jARogjvO2WCKqg?authuser=0&hl=en&rclk=1"
"0x30e283440b2041e5:0x547392c9c5b07412","Deezy Dental Home สะพานใหม่ | ทำฟัน จัดฟัน วีเนียร์ รากฟันเทียม","Dental clinic","
554 Phahonyothin Rd, Anusawari, Bang Khen, Bangkok 10900, Thailand","VJW5+5F Bangkok, Thailand","","","+66 86 447 7713","http://www.deezydental.com/","","4.7","54","","","Open","","https://www.google.com/maps/place/Deezy+Dental+Home+%E0%B8%AA%E0%B8%B0%E0%B8%9E%E0%B8%B2%E0%B8%99%E0%B9%83%E0%B8%AB%E0%B8%A1%E0%B9%88+%7C+%E0%B8%97%E0%B8%B3%E0%B8%9F%E0%B8%B1%E0%B8%99+%E0%B8%88%E0%B8%B1%E0%B8%94%E0%B8%9F%E0%B8%B1%E0%B8%99+%E0%B8%A7%E0%B8%B5%E0%B9%80%E0%B8%99%E0%B8%B5%E0%B8%A2%E0%B8%A3%E0%B9%8C+%E0%B8%A3%E0%B8%B2%E0%B8%81%E0%B8%9F%E0%B8%B1%E0%B8%99%E0%B9%80%E0%B8%97%E0%B8%B5%E0%B8%A2%E0%B8%A1/data=!4m7!3m6!1s0x30e283440b2041e5:0x547392c9c5b07412!8m2!3d13.895494!4d100.6086337!16s%2Fg%2F11zj1r6cfw!19sChIJ5UEgC0SD4jAREnSwxcmSc1Q?authuser=0&hl=en&rclk=1"
"0x30e2833654388535:0xa62c99795926cc7","เอส.เด็นทัลแคร์คลินิก","Dental clinic","
261 Chang Akat Uthit Rd, Don Mueang, Bangkok 10210, Thailand","WH7R+39 Bangkok, Thailand","","","+66 2 565 9138","","","5.0","77","","","Open","","https://www.google.com/maps/place/%E0%B9%80%E0%B8%AD%E0%B8%AA.%E0%B9%80%E0%B8%94%E0%B9%87%E0%B8%99%E0%B8%97%E0%B8%B1%E0%B8%A5%E0%B9%81%E0%B8%84%E0%B8%A3%E0%B9%8C%E0%B8%84%E0%B8%A5%E0%B8%B4%E0%B8%99%E0%B8%B4%E0%B8%81/data=!4m7!3m6!1s0x30e2833654388535:0xa62c99795926cc7!8m2!3d13.912686!4d100.590922!16s%2Fg%2F1ptz78x8p!19sChIJNYU4VDaD4jARx2ySlZfJYgo?authuser=0&hl=en&rclk=1"
"0x30e28fbcd0f791bd:0xd543a3b53f795a87","คลินิกทันตกรรม พีสไมล์ บางใหญ่","Dental clinic","
89 15 Tambon Sao Thong Hin, Amphoe Bang Yai, Nonthaburi 11110, Thailand","VCH5+8F Sao Thong Hin, Bang Yai District, Nonthaburi, Thailand","","","+66 64 995 5666","","","4.9","484","","","Open","","https://www.google.com/maps/place/%E0%B8%84%E0%B8%A5%E0%B8%B4%E0%B8%99%E0%B8%B4%E0%B8%81%E0%B8%97%E0%B8%B1%E0%B8%99%E0%B8%95%E0%B8%81%E0%B8%A3%E0%B8%A3%E0%B8%A1+%E0%B8%9E%E0%B8%B5%E0%B8%AA%E0%B9%84%E0%B8%A1%E0%B8%A5%E0%B9%8C+%E0%B8%9A%E0%B8%B2%E0%B8%87%E0%B9%83%E0%B8%AB%E0%B8%8D%E0%B9%88/data=!4m7!3m6!1s0x30e28fbcd0f791bd:0xd543a3b53f795a87!8m2!3d13.878323!4d100.4087419!16s%2Fg%2F11fp3s8m38!19sChIJvZH30LyP4jARh1p5P7WjQ9U?authuser=0&hl=en&rclk=1"
"0x30e295fba6b169d7:0x8436f0a0b6732a74","คลินิกทันตกรรมสุกัญญา สาขาหนองแขม","Dental clinic","
723725 Phet Kasem 81/1 Alley, Nong Khang Phlu, Nong Khaem, Bangkok 10160, Thailand","P84R+3X Bangkok, Thailand","","","+66 2 065 0183","","","4.9","174","","","Open","","https://www.google.com/maps/place/%E0%B8%84%E0%B8%A5%E0%B8%B4%E0%B8%99%E0%B8%B4%E0%B8%81%E0%B8%97%E0%B8%B1%E0%B8%99%E0%B8%95%E0%B8%81%E0%B8%A3%E0%B8%A3%E0%B8%A1%E0%B8%AA%E0%B8%B8%E0%B8%81%E0%B8%B1%E0%B8%8D%E0%B8%8D%E0%B8%B2+%E0%B8%AA%E0%B8%B2%E0%B8%82%E0%B8%B2%E0%B8%AB%E0%B8%99%E0%B8%AD%E0%B8%87%E0%B9%81%E0%B8%82%E0%B8%A1/data=!4m7!3m6!1s0x30e295fba6b169d7:0x8436f0a0b6732a74!8m2!3d13.7051536!4d100.3424475!16s%2Fg%2F11g6bgjh12!19sChIJ12mxpvuV4jARdCpztqDwNoQ?authuser=0&hl=en&rclk=1"
"0x311d7da2bda8ff61:0x78c2a68a597ecc01","เอซี สายไหม เดนทัลโฮม","Dental clinic","
ซอย 3 Sai Mai, Bangkok 10220, Thailand","WJFV+58 Bangkok, Thailand","","","+66 2 019 5022","","","4.9","479","","","Open","","https://www.google.com/maps/place/%E0%B9%80%E0%B8%AD%E0%B8%8B%E0%B8%B5+%E0%B8%AA%E0%B8%B2%E0%B8%A2%E0%B9%84%E0%B8%AB%E0%B8%A1+%E0%B9%80%E0%B8%94%E0%B8%99%E0%B8%97%E0%B8%B1%E0%B8%A5%E0%B9%82%E0%B8%AE%E0%B8%A1/data=!4m7!3m6!1s0x311d7da2bda8ff61:0x78c2a68a597ecc01!8m2!3d13.9229898!4d100.6432809!16s%2Fg%2F11bwkdmryl!19sChIJYf-ovaJ9HTERAcx-WYqmwng?authuser=0&hl=en&rclk=1"
"0x311d63f73f288911:0x8f34940834ff9544","ครอบครัวฟันดี","Dental clinic","
195/2 Thanon Rat Phatthana, Rat Phatthana, Saphan Sung, Bangkok 10240, Thailand","QPP4+84 Bangkok, Thailand","","","+66 2 540 2907","","","4.2","24","","","Open","","https://www.google.com/maps/place/%E0%B8%84%E0%B8%A3%E0%B8%AD%E0%B8%9A%E0%B8%84%E0%B8%A3%E0%B8%B1%E0%B8%A7%E0%B8%9F%E0%B8%B1%E0%B8%99%E0%B8%94%E0%B8%B5/data=!4m7!3m6!1s0x311d63f73f288911:0x8f34940834ff9544!8m2!3d13.7858268!4d100.7052507!16s%2Fg%2F1ptw3d5mn!19sChIJEYkoP_djHTERRJX_NAiUNI8?authuser=0&hl=en&rclk=1"
"0x311d59c3383633eb:0x329c77aaef5d8d94","คลินิกทันตกรรมแนททิส (NATTIST DENTAL CLINIC)","Dental clinic","
93/12 Tamru - Bang Phli Rd, Bang Phli Yai, Bang Phli District, Samut Prakan 10540, Thailand","HMPX+46 Phraek Sa Mai, Mueang Samut Prakan District, Samut Prakan, Thailand","","","+66 2 334 0774","https://www.facebook.com/Nattistdent/","","4.9","126","","","Open","","https://www.google.com/maps/place/%E0%B8%84%E0%B8%A5%E0%B8%B4%E0%B8%99%E0%B8%B4%E0%B8%81%E0%B8%97%E0%B8%B1%E0%B8%99%E0%B8%95%E0%B8%81%E0%B8%A3%E0%B8%A3%E0%B8%A1%E0%B9%81%E0%B8%99%E0%B8%97%E0%B8%97%E0%B8%B4%E0%B8%AA+%28NATTIST+DENTAL+CLINIC%29/data=!4m7!3m6!1s0x311d59c3383633eb:0x329c77aaef5d8d94!8m2!3d13.5853383!4d100.6980098!16s%2Fg%2F11p4jc_md9!19sChIJ6zM2OMNZHTERlI1d76p3nDI?authuser=0&hl=en&rclk=1"
"0x311d59003d180af1:0x237d1401d26275ff","คลินิกทันตกรรม ฟลอร่าเดนทอลโฮม Flora dental home","Dental clinic","
988 คลินิกทันตกรรมฟลอร่าเดนทอลโฮม, 1 Thanon Phraeksa, Tambon Phraeksa, สมุทรปราการ, Samut Prakan 10280, Thailand","HM94+V4 Phraeksa, Mueang Samut Prakan District, Samut Prakan, Thailand","","","+66 61 571 2298","https://line.me/R/ti/p/@872xmajg","","5.0","41","","","Open","","https://www.google.com/maps/place/%E0%B8%84%E0%B8%A5%E0%B8%B4%E0%B8%99%E0%B8%B4%E0%B8%81%E0%B8%97%E0%B8%B1%E0%B8%99%E0%B8%95%E0%B8%81%E0%B8%A3%E0%B8%A3%E0%B8%A1+%E0%B8%9F%E0%B8%A5%E0%B8%AD%E0%B8%A3%E0%B9%88%E0%B8%B2%E0%B9%80%E0%B8%94%E0%B8%99%E0%B8%97%E0%B8%AD%E0%B8%A5%E0%B9%82%E0%B8%AE%E0%B8%A1+Flora+dental+home/data=!4m7!3m6!1s0x311d59003d180af1:0x237d1401d26275ff!8m2!3d13.5697121!4d100.6553599!16s%2Fg%2F11w25tvz58!19sChIJ8QoYPQBZHTER_3Vi0gEUfSM?authuser=0&hl=en&rclk=1"
"0x311d63e875fdccc5:0xdabf8c3e3602c40e","Home Dental Clinic","Dental clinic","
52 54 ปาก Ramkhamhaeng 140 Alley, Saphan Sung, Bangkok 10240, Thailand","QMPQ+3M Bangkok, Thailand","","","+66 2 728 2288","","","4.6","28","","","Open","","https://www.google.com/maps/place/Home+Dental+Clinic/data=!4m7!3m6!1s0x311d63e875fdccc5:0xdabf8c3e3602c40e!8m2!3d13.7851648!4d100.6891533!16s%2Fg%2F1tp0b3zb!19sChIJxcz9dehjHTERDsQCNj6Mv9o?authuser=0&hl=en&rclk=1"
"0x30e282b62e4dd9e1:0xee4cee88c299123b","DENTALCARE ศูนย์ทันตกรรมเด็นทัล แคร์","Dental clinic","
228 230 232/1- 3 Phahonyothin Rd, Anusawari, Bang Khen, Bangkok 10220, Thailand","VJP3+QC Bangkok, Thailand","","","+66 98 895 5000","https://dentalcare-bangkok.org/","","4.9","450","","","Open","","https://www.google.com/maps/place/DENTALCARE+%E0%B8%A8%E0%B8%B9%E0%B8%99%E0%B8%A2%E0%B9%8C%E0%B8%97%E0%B8%B1%E0%B8%99%E0%B8%95%E0%B8%81%E0%B8%A3%E0%B8%A3%E0%B8%A1%E0%B9%80%E0%B8%94%E0%B9%87%E0%B8%99%E0%B8%97%E0%B8%B1%E0%B8%A5+%E0%B9%81%E0%B8%84%E0%B8%A3%E0%B9%8C/data=!4m7!3m6!1s0x30e282b62e4dd9e1:0xee4cee88c299123b!8m2!3d13.8868952!4d100.6036133!16s%2Fg%2F1hc1wxc3g!19sChIJ4dlNLraC4jAROxKZwojuTO4?authuser=0&hl=en&rclk=1"
"0x30e28e76c75fa0c9:0xe4ef9035c9338608","ODH Dental Clinic คลินิกทันตกรรมสุขภาพช่องปากและฟัน","Dental clinic","
15/10 หมู่ 8 ซอย วัด ลาด ปลา ดุก, บางคูรัด, Bang Bua Thong District, Nonthaburi 11110, Thailand","W953+RP Bang Khu Rat, Bang Bua Thong District, Nonthaburi, Thailand","","","+66 82 685 1940","http://www.odhdentalclinic.com/","","4.9","15","","","Open","","https://www.google.com/maps/place/ODH+Dental+Clinic+%E0%B8%84%E0%B8%A5%E0%B8%B4%E0%B8%99%E0%B8%B4%E0%B8%81%E0%B8%97%E0%B8%B1%E0%B8%99%E0%B8%95%E0%B8%81%E0%B8%A3%E0%B8%A3%E0%B8%A1%E0%B8%AA%E0%B8%B8%E0%B8%82%E0%B8%A0%E0%B8%B2%E0%B8%9E%E0%B8%8A%E0%B9%88%E0%B8%AD%E0%B8%87%E0%B8%9B%E0%B8%B2%E0%B8%81%E0%B9%81%E0%B8%A5%E0%B8%B0%E0%B8%9F%E0%B8%B1%E0%B8%99/data=!4m7!3m6!1s0x30e28e76c75fa0c9:0xe4ef9035c9338608!8m2!3d13.90951!4d100.354341!16s%2Fg%2F11cm6bzvxg!19sChIJyaBfx3aO4jARCIYzyTWQ7-Q?authuser=0&hl=en&rclk=1"
"0x311d5f8616390c59:0x989109b3d5edf5b2","Homey Dental Clinic - Mega Bangna","Dental clinic","
ชั้น2 38, 38/1-3 บางแก้ว ห้องเลขที่ 2334 ร้าน homey dental clinic 39 หมู่ที่ 6 Bang Na-Trat Frontage Rd, Bang Phli District, Samut Prakan 10540, Thailand","JMWH+8Q Bang Kaeo, Bang Phli District, Samut Prakan, Thailand","","","+66 82 939 9499","https://homeydentalclinic.com/","","5.0","369","","","Open","","https://www.google.com/maps/place/Homey+Dental+Clinic+-+Mega+Bangna/data=!4m7!3m6!1s0x311d5f8616390c59:0x989109b3d5edf5b2!8m2!3d13.645756!4d100.679485!16s%2Fg%2F11ww0hj6_y!19sChIJWQw5FoZfHTERsvXt1bMJkZg?authuser=0&hl=en&rclk=1"
"0x30e282d68045ba87:0xbcc74b316bc12e01","คลินิกทันตกรรมเดนเต้พลัส (สาขาหลักสี่) ทำฟัน จัดฟัน","Dental clinic","
10, 11 หมู่ 3 Vibhavadi Rangsit 64 Alley, Talat Bang Khen, Lak Si, Bangkok 10210, Thailand","VHGH+53 Bangkok, Thailand","","","+66 2 973 2282","","","4.7","47","","","Open","","https://www.google.com/maps/place/%E0%B8%84%E0%B8%A5%E0%B8%B4%E0%B8%99%E0%B8%B4%E0%B8%81%E0%B8%97%E0%B8%B1%E0%B8%99%E0%B8%95%E0%B8%81%E0%B8%A3%E0%B8%A3%E0%B8%A1%E0%B9%80%E0%B8%94%E0%B8%99%E0%B9%80%E0%B8%95%E0%B9%89%E0%B8%9E%E0%B8%A5%E0%B8%B1%E0%B8%AA+%28%E0%B8%AA%E0%B8%B2%E0%B8%82%E0%B8%B2%E0%B8%AB%E0%B8%A5%E0%B8%B1%E0%B8%81%E0%B8%AA%E0%B8%B5%E0%B9%88%29+%E0%B8%97%E0%B8%B3%E0%B8%9F%E0%B8%B1%E0%B8%99+%E0%B8%88%E0%B8%B1%E0%B8%94%E0%B8%9F%E0%B8%B1%E0%B8%99/data=!4m7!3m6!1s0x30e282d68045ba87:0xbcc74b316bc12e01!8m2!3d13.875431!4d100.577635!16s%2Fg%2F1pzrxny8j!19sChIJh7pFgNaC4jARAS7BazFLx7w?authuser=0&hl=en&rclk=1"
"0x30e2832f8af3ef99:0x81b3b1fe41431603","BDEX Dental Clinic, Banphaeo General Hospital","Dental clinic","
ศูนย์ ราชการ อาคาร บี ชั้น 1 ถนน แจ้งวัฒนะ Thung Song Hong, Lak Si, Bangkok, Thailand","VHJ7+MX Bangkok, Thailand","","","+66 2 143 8778","","","2.8","20","","","Open","","https://www.google.com/maps/place/BDEX+Dental+Clinic,+Banphaeo+General+Hospital/data=!4m7!3m6!1s0x30e2832f8af3ef99:0x81b3b1fe41431603!8m2!3d13.8817425!4d100.5649249!16s%2Fg%2F11cm0kfqt3!19sChIJme_zii-D4jARAxZDQf6xs4E?authuser=0&hl=en&rclk=1"
"0x311d656c0829fd7b:0xdd6c7ec7d751f976","Tooth Ville Dental Clinic ทำฟัน-จัดฟัน","Dental clinic","
RPFC+Q44, Hathai Rat 15, Min Buri, Bangkok 10510, Thailand","","","","+66 94 912 5155","","","5.0","30","","","Open","","https://www.google.com/maps/place/Tooth+Ville+Dental+Clinic+%E0%B8%97%E0%B8%B3%E0%B8%9F%E0%B8%B1%E0%B8%99-%E0%B8%88%E0%B8%B1%E0%B8%94%E0%B8%9F%E0%B8%B1%E0%B8%99/data=!4m7!3m6!1s0x311d656c0829fd7b:0xdd6c7ec7d751f976!8m2!3d13.8244375!4d100.7203125!16s%2Fg%2F11s3b85ypk!19sChIJe_0pCGxlHTERdvlR18d-bN0?authuser=0&hl=en&rclk=1"
"0x30e29a9d97aa8079:0xdd15d06a4e57c1a7","คลินิกทันตกรรมบ้านรักยิ้ม","Dental clinic","
85, 183 Bang Kruai - Sai Noi Rd, Bang Len, Bang Yai District, Nonthaburi 11140, Thailand","RCWR+3C Bang Krang, Mueang Nonthaburi District, Nonthaburi, Thailand","","","+66 2 595 4117","","","4.5","10","","","Open","","https://www.google.com/maps/place/%E0%B8%84%E0%B8%A5%E0%B8%B4%E0%B8%99%E0%B8%B4%E0%B8%81%E0%B8%97%E0%B8%B1%E0%B8%99%E0%B8%95%E0%B8%81%E0%B8%A3%E0%B8%A3%E0%B8%A1%E0%B8%9A%E0%B9%89%E0%B8%B2%E0%B8%99%E0%B8%A3%E0%B8%B1%E0%B8%81%E0%B8%A2%E0%B8%B4%E0%B9%89%E0%B8%A1/data=!4m7!3m6!1s0x30e29a9d97aa8079:0xdd15d06a4e57c1a7!8m2!3d13.8451809!4d100.4410219!16s%2Fg%2F11c5_vyz0x!19sChIJeYCql52a4jARp8FXTmrQFd0?authuser=0&hl=en&rclk=1"
"0x30e28317a5bd049f:0xb1a93f605762441f","คลินิกทันตกรรมเด็นทัลสตาร์","Dental clinic","
34 58-59 ถนนเเจ้งวัฒนะ Thung Song Hong, ทุ่งสองห้อง Bangkok 10210, Thailand","VHV6+CF Bangkok, Thailand","","","+66 80 591 0909","","","4.4","45","","","Open","","https://www.google.com/maps/place/%E0%B8%84%E0%B8%A5%E0%B8%B4%E0%B8%99%E0%B8%B4%E0%B8%81%E0%B8%97%E0%B8%B1%E0%B8%99%E0%B8%95%E0%B8%81%E0%B8%A3%E0%B8%A3%E0%B8%A1%E0%B9%80%E0%B8%94%E0%B9%87%E0%B8%99%E0%B8%97%E0%B8%B1%E0%B8%A5%E0%B8%AA%E0%B8%95%E0%B8%B2%E0%B8%A3%E0%B9%8C/data=!4m7!3m6!1s0x30e28317a5bd049f:0xb1a93f605762441f!8m2!3d13.8936179!4d100.5612146!16s%2Fg%2F1tdk7hwt!19sChIJnwS9pReD4jARH0RiV2A_qbE?authuser=0&hl=en&rclk=1"
"0x311d6392edacb1d9:0x7a3c7444d45547c6","Double Smile Dental Clinic รามอินทรา จัดฟัน วีเนียร์ รากเทียม รักษารากฟัน ฟอกสีฟัน ทำฟันเด็ก ฟันปลอม ทำฟัน ขูดหินปูน ฟันคุด","Dental clinic","
Caltex Station 72 Soi 5/1, Khwaeng Min Buri, Min Buri, Bangkok 10510, Thailand","RP65+QQ Bangkok, Thailand","","","+66 87 650 9999","https://doublesmiledentalclinic.com/","","5.0","960","","","Open","","https://www.google.com/maps/place/Double+Smile+Dental+Clinic+%E0%B8%A3%E0%B8%B2%E0%B8%A1%E0%B8%AD%E0%B8%B4%E0%B8%99%E0%B8%97%E0%B8%A3%E0%B8%B2+%E0%B8%88%E0%B8%B1%E0%B8%94%E0%B8%9F%E0%B8%B1%E0%B8%99+%E0%B8%A7%E0%B8%B5%E0%B9%80%E0%B8%99%E0%B8%B5%E0%B8%A2%E0%B8%A3%E0%B9%8C+%E0%B8%A3%E0%B8%B2%E0%B8%81%E0%B9%80%E0%B8%97%E0%B8%B5%E0%B8%A2%E0%B8%A1+%E0%B8%A3%E0%B8%B1%E0%B8%81%E0%B8%A9%E0%B8%B2%E0%B8%A3%E0%B8%B2%E0%B8%81%E0%B8%9F%E0%B8%B1%E0%B8%99+%E0%B8%9F%E0%B8%AD%E0%B8%81%E0%B8%AA%E0%B8%B5%E0%B8%9F%E0%B8%B1%E0%B8%99+%E0%B8%97%E0%B8%B3%E0%B8%9F%E0%B8%B1%E0%B8%99%E0%B9%80%E0%B8%94%E0%B9%87%E0%B8%81+%E0%B8%9F%E0%B8%B1%E0%B8%99%E0%B8%9B%E0%B8%A5%E0%B8%AD%E0%B8%A1+%E0%B8%97%E0%B8%B3%E0%B8%9F%E0%B8%B1%E0%B8%99+%E0%B8%82%E0%B8%B9%E0%B8%94%E0%B8%AB%E0%B8%B4%E0%B8%99%E0%B8%9B%E0%B8%B9%E0%B8%99+%E0%B8%9F%E0%B8%B1%E0%B8%99%E0%B8%84%E0%B8%B8%E0%B8%94/data=!4m7!3m6!1s0x311d6392edacb1d9:0x7a3c7444d45547c6!8m2!3d13.8119336!4d100.7094024!16s%2Fg%2F11rzww1sf9!19sChIJ2bGs7ZJjHTERxkdV1ER0PHo?authuser=0&hl=en&rclk=1"
"0x311d7ff92e08379f:0x68aff9fc8b16bbdc","Glow Dental Clinic คลินิกทันตกรรมโกลว์ ลำลูกกา คลอง 2 ทำฟัน จัดฟัน","Dental clinic","
ตึกปลื้มอเวนิว เลขที่ 222/79 - 81 ชั้น2, Khu Khot, Lam Luk Ka District, Pathum Thani 12130, Thailand","XJ9V+H9 Khu Khot, Lam Luk Ka District, Pathum Thani, Thailand","","","+66 94 885 4885","https://glowdentalclinic.co/","","4.9","27","","","Open","","https://www.google.com/maps/place/Glow+Dental+Clinic+%E0%B8%84%E0%B8%A5%E0%B8%B4%E0%B8%99%E0%B8%B4%E0%B8%81%E0%B8%97%E0%B8%B1%E0%B8%99%E0%B8%95%E0%B8%81%E0%B8%A3%E0%B8%A3%E0%B8%A1%E0%B9%82%E0%B8%81%E0%B8%A5%E0%B8%A7%E0%B9%8C+%E0%B8%A5%E0%B8%B3%E0%B8%A5%E0%B8%B9%E0%B8%81%E0%B8%81%E0%B8%B2+%E0%B8%84%E0%B8%A5%E0%B8%AD%E0%B8%87+2+%E0%B8%97%E0%B8%B3%E0%B8%9F%E0%B8%B1%E0%B8%99+%E0%B8%88%E0%B8%B1%E0%B8%94%E0%B8%9F%E0%B8%B1%E0%B8%99/data=!4m7!3m6!1s0x311d7ff92e08379f:0x68aff9fc8b16bbdc!8m2!3d13.9689017!4d100.6433941!16s%2Fg%2F11szjt80ns!19sChIJnzcILvl_HTER3LsWi_z5r2g?authuser=0&hl=en&rclk=1"
"0x311d60d9f6f0d99f:0xec186c88ea95d119","Prawet Dental Clinic คลินิกทันตกรรมประเวศ","Dental clinic","
309 Chaloem Phrakiat Ratchakan Thi 9 Rd, Prawet, Bangkok 10250, Thailand","PMCX+Q3 Bangkok, Thailand","","","+66 2 328 7484","","","3.1","13","","","Open","","https://www.google.com/maps/place/Prawet+Dental+Clinic+%E0%B8%84%E0%B8%A5%E0%B8%B4%E0%B8%99%E0%B8%B4%E0%B8%81%E0%B8%97%E0%B8%B1%E0%B8%99%E0%B8%95%E0%B8%81%E0%B8%A3%E0%B8%A3%E0%B8%A1%E0%B8%9B%E0%B8%A3%E0%B8%B0%E0%B9%80%E0%B8%A7%E0%B8%A8/data=!4m7!3m6!1s0x311d60d9f6f0d99f:0xec186c88ea95d119!8m2!3d13.7219857!4d100.6977424!16s%2Fg%2F1hdzxb0q1!19sChIJn9nw9tlgHTERGdGV6ohsGOw?authuser=0&hl=en&rclk=1"
"0x30e284f19aa591c7:0xac9b06f96261828d","ชวิส เด็นทอลคลินิก ทันตกรรม","Dental clinic","
100 18 หมู่3 Chaeng Watthana Rd, Pak Kret, Pak Kret District, Nonthaburi 11120, Thailand","WF6X+J3 Pakkret, Pak Kret District, Nonthaburi, Thailand","","","+66 90 224 9296","https://www.facebook.com/profile.php?id=61563656815198","","4.9","132","","","Open","","https://www.google.com/maps/place/%E0%B8%8A%E0%B8%A7%E0%B8%B4%E0%B8%AA+%E0%B9%80%E0%B8%94%E0%B9%87%E0%B8%99%E0%B8%97%E0%B8%AD%E0%B8%A5%E0%B8%84%E0%B8%A5%E0%B8%B4%E0%B8%99%E0%B8%B4%E0%B8%81+%E0%B8%97%E0%B8%B1%E0%B8%99%E0%B8%95%E0%B8%81%E0%B8%A3%E0%B8%A3%E0%B8%A1/data=!4m7!3m6!1s0x30e284f19aa591c7:0xac9b06f96261828d!8m2!3d13.9115424!4d100.4976525!16s%2Fg%2F1hc12vc1k!19sChIJx5GlmvGE4jARjYJhYvkGm6w?authuser=0&hl=en&rclk=1"
"0x311d62e18defbcdd:0xa06e6334bb697cf7","คลินิกทันตกรรม บีแคร์ จัดฟันโดยทันตแพทย์เฉพาะทาง (สวัสดิ์-บุหงา เดิม)","Dental clinic","
รานอินทรา, 401 Ram Inthra Rd, Khwaeng Ram Inthra, Khet Khan Na Yao, Bangkok 10230, Thailand","RMQ7+79 Bangkok, Thailand","","","+66 2 510 1361","","","4.8","6","","","Open","","https://www.google.com/maps/place/%E0%B8%84%E0%B8%A5%E0%B8%B4%E0%B8%99%E0%B8%B4%E0%B8%81%E0%B8%97%E0%B8%B1%E0%B8%99%E0%B8%95%E0%B8%81%E0%B8%A3%E0%B8%A3%E0%B8%A1+%E0%B8%9A%E0%B8%B5%E0%B9%81%E0%B8%84%E0%B8%A3%E0%B9%8C+%E0%B8%88%E0%B8%B1%E0%B8%94%E0%B8%9F%E0%B8%B1%E0%B8%99%E0%B9%82%E0%B8%94%E0%B8%A2%E0%B8%97%E0%B8%B1%E0%B8%99%E0%B8%95%E0%B9%81%E0%B8%9E%E0%B8%97%E0%B8%A2%E0%B9%8C%E0%B9%80%E0%B8%89%E0%B8%9E%E0%B8%B2%E0%B8%B0%E0%B8%97%E0%B8%B2%E0%B8%87+%28%E0%B8%AA%E0%B8%A7%E0%B8%B1%E0%B8%AA%E0%B8%94%E0%B8%B4%E0%B9%8C-%E0%B8%9A%E0%B8%B8%E0%B8%AB%E0%B8%87%E0%B8%B2+%E0%B9%80%E0%B8%94%E0%B8%B4%E0%B8%A1%29/data=!4m7!3m6!1s0x311d62e18defbcdd:0xa06e6334bb697cf7!8m2!3d13.8381715!4d100.6634364!16s%2Fg%2F1w0hy29n!19sChIJ3bzvjeFiHTER93xpuzRjbqA?authuser=0&hl=en&rclk=1"
"0x30e2bfda876a1507:0xd9c07d00b5edde90","คลินิกทันตกรรม ไอดี 81 ID 81 DENTAL CLINIC","Dental clinic","
28/17-18 สิริอเวนิว ซอย Phet Kasem 81 Rd, Nong Khang Phlu, Nong Khaem, Bangkok 10160, Thailand","M8MV+X9 Bangkok, Thailand","","","+66 2 116 2865","http://www.id81dentalclinic.com/","","5.0","17","","","Open","","https://www.google.com/maps/place/%E0%B8%84%E0%B8%A5%E0%B8%B4%E0%B8%99%E0%B8%B4%E0%B8%81%E0%B8%97%E0%B8%B1%E0%B8%99%E0%B8%95%E0%B8%81%E0%B8%A3%E0%B8%A3%E0%B8%A1+%E0%B9%84%E0%B8%AD%E0%B8%94%E0%B8%B5+81+ID+81+DENTAL+CLINIC/data=!4m7!3m6!1s0x30e2bfda876a1507:0xd9c07d00b5edde90!8m2!3d13.6849456!4d100.3434169!16s%2Fg%2F11g1q0cqvl!19sChIJBxVqh9q_4jARkN7ttQB9wNk?authuser=0&hl=en&rclk=1"
"0x30e2a0bd6eb183e9:0xe6775d1cf7a17519","Lotus's Srinagarindra","Hypermarket","
9 ม 6 Srinagarindra Rd, Bang Mueang Mai, อ.เมือง Samut Prakan 10270, Thailand","JJCC+67 Thepharak, Mueang Samut Prakan District, Samut Prakan, Thailand","","","+66 2 759 8404","https://www.lotuss.com/","","4.3","7451","","","Open","","https://www.google.com/maps/place/Lotus%27s+Srinagarindra/data=!4m7!3m6!1s0x30e2a0bd6eb183e9:0xe6775d1cf7a17519!8m2!3d13.6205744!4d100.6207105!16s%2Fg%2F1tflvbf0!19sChIJ6YOxbr2g4jARGXWh9xxdd-Y?authuser=0&hl=en&rclk=1"
"0x30e2829a22335b7f:0x7a821f6eb8f91a15","ลิษา คลินิกทันตกรรม สาขาสะพานใหม่","Dental clinic","
2 111 Soi Phahon Yothin 52, Khlong Thanon, Sai Mai, Bangkok 10220, Thailand","VJW6+R4 Bangkok, Thailand","","","+66 86 422 1881","","","4.5","22","","","Open","","https://www.google.com/maps/place/%E0%B8%A5%E0%B8%B4%E0%B8%A9%E0%B8%B2+%E0%B8%84%E0%B8%A5%E0%B8%B4%E0%B8%99%E0%B8%B4%E0%B8%81%E0%B8%97%E0%B8%B1%E0%B8%99%E0%B8%95%E0%B8%81%E0%B8%A3%E0%B8%A3%E0%B8%A1+%E0%B8%AA%E0%B8%B2%E0%B8%82%E0%B8%B2%E0%B8%AA%E0%B8%B0%E0%B8%9E%E0%B8%B2%E0%B8%99%E0%B9%83%E0%B8%AB%E0%B8%A1%E0%B9%88/data=!4m7!3m6!1s0x30e2829a22335b7f:0x7a821f6eb8f91a15!8m2!3d13.8971124!4d100.6103297!16s%2Fg%2F1ptw3cwm6!19sChIJf1szIpqC4jARFRr5uG4fgno?authuser=0&hl=en&rclk=1"
"0x311d7e38f45f4f5b:0x7ea55f34ddca74ef","Smile Gallery Dental Clinic Rangsit คลินิกทันตกรรม สไมล์แกลอรี่ รังสิต","Dental clinic","
XJQR+X33, Tambon Prachathipat, Thanyaburi District, Pathum Thani 12130, Thailand","","","","+66 2 821 5821","https://www.smilegallery.clinic/home-page/%E0%B8%82%E0%B9%89%E0%B8%AD%E0%B8%A1%E0%B8%B9%E0%B8%A5%E0%B8%AA%E0%B8%B2%E0%B8%82%E0%B8%B2/","","4.7","258","","","Open","","https://www.google.com/maps/place/Smile+Gallery+Dental+Clinic+Rangsit+%E0%B8%84%E0%B8%A5%E0%B8%B4%E0%B8%99%E0%B8%B4%E0%B8%81%E0%B8%97%E0%B8%B1%E0%B8%99%E0%B8%95%E0%B8%81%E0%B8%A3%E0%B8%A3%E0%B8%A1+%E0%B8%AA%E0%B9%84%E0%B8%A1%E0%B8%A5%E0%B9%8C%E0%B9%81%E0%B8%81%E0%B8%A5%E0%B8%AD%E0%B8%A3%E0%B8%B5%E0%B9%88+%E0%B8%A3%E0%B8%B1%E0%B8%87%E0%B8%AA%E0%B8%B4%E0%B8%95/data=!4m7!3m6!1s0x311d7e38f45f4f5b:0x7ea55f34ddca74ef!8m2!3d13.9898925!4d100.6401612!16s%2Fg%2F11c6s24j00!19sChIJW09f9Dh-HTER73TK3TRfpX4?authuser=0&hl=en&rclk=1"
"0x30e283cc4342ede3:0x476f7abe0377d8d4","V-Dent at Nawong Dental Clinic","Dental clinic","
179 91 Soi Chuthapha-serani Park, Si Kan, Don Mueang, Bangkok 10210, Thailand","WHWC+GC Bangkok, Thailand","","","+66 2 565 5741","","","4.9","85","","","Open","","https://www.google.com/maps/place/V-Dent+at+Nawong+Dental+Clinic/data=!4m7!3m6!1s0x30e283cc4342ede3:0x476f7abe0377d8d4!8m2!3d13.9463059!4d100.57107!16s%2Fg%2F1pp2w_5l2!19sChIJ4-1CQ8yD4jAR1Nh3A756b0c?authuser=0&hl=en&rclk=1"
"0x30e283f9b2d7879f:0x49e124fb3bcf2311","JibJib Dental Clinic","Dental clinic","
235 1 Thoet Rachan Rd, Khwaeng Si Kan, Khet Don Mueang, Bangkok 10210, Thailand","WHVP+MF Bangkok, Thailand","","","+66 65 363 9699","","","4.9","119","","","Open","","https://www.google.com/maps/place/JibJib+Dental+Clinic/data=!4m7!3m6!1s0x30e283f9b2d7879f:0x49e124fb3bcf2311!8m2!3d13.9442358!4d100.586232!16s%2Fg%2F11y3mxp_yn!19sChIJn4fXsvmD4jARESPPO_sk4Uk?authuser=0&hl=en&rclk=1"
"0x30e2878b4e3937fd:0x67ba8670fb173a2","คลินิกทันตกรรมเมลโลสไมล์ ปทุมธานี Mellow Smile Dental Clinic","Dental clinic","
198 เดอะคอนเนค บิซทาว์น @ กรุงเทพ-ปทุมธานี 8 ถนน กรุงเทพฯ-ปทุมธานี Bang Khayaeng, Mueang Pathum Thani District, Pathum Thani 12000, Thailand","XG97+XP Bang Khayaeng, Mueang Pathum Thani District, Pathum Thani, Thailand","","","+66 62 247 4428","","","4.9","111","","","Open","","https://www.google.com/maps/place/%E0%B8%84%E0%B8%A5%E0%B8%B4%E0%B8%99%E0%B8%B4%E0%B8%81%E0%B8%97%E0%B8%B1%E0%B8%99%E0%B8%95%E0%B8%81%E0%B8%A3%E0%B8%A3%E0%B8%A1%E0%B9%80%E0%B8%A1%E0%B8%A5%E0%B9%82%E0%B8%A5%E0%B8%AA%E0%B9%84%E0%B8%A1%E0%B8%A5%E0%B9%8C+%E0%B8%9B%E0%B8%97%E0%B8%B8%E0%B8%A1%E0%B8%98%E0%B8%B2%E0%B8%99%E0%B8%B5+Mellow+Smile+Dental+Clinic/data=!4m7!3m6!1s0x30e2878b4e3937fd:0x67ba8670fb173a2!8m2!3d13.9699265!4d100.5142691!16s%2Fg%2F11s5zgfqwt!19sChIJ_Tc5TouH4jARonOxD2eoewY?authuser=0&hl=en&rclk=1"
"0x30e2a78017c0fbcb:0x802ed9277ba69a29","Ban Fun Yim Dental Clinic","Dental clinic","
234/12 Sukhumvit Rd, Thai Ban Mai, Mueang Samut Prakan District, Samut Prakan 10280, Thailand","GJW9+W8 Thai Ban Mai, Mueang Samut Prakan District, Samut Prakan, Thailand","","","+66 2 186 3625","","","4.3","13","","","Open","","https://www.google.com/maps/place/Ban+Fun+Yim+Dental+Clinic/data=!4m7!3m6!1s0x30e2a78017c0fbcb:0x802ed9277ba69a29!8m2!3d13.5473366!4d100.6183347!16s%2Fg%2F11c30_ptct!19sChIJy_vAF4Cn4jARKZqmeyfZLoA?authuser=0&hl=en&rclk=1"
"0x30e2ebcd41c235ad:0x42fd3e8a6520e266","Dr.Pang Dental Clinic คลินิกทันตกรรมหมอแป้ง","Dental clinic","
99 หมู่ 5 ต.ยายชา อ.สามพราน จ.นครปฐม 73110 Yaicha, Sampran, Nakhon Pathom 73110, Thailand","P6Q8+R5 Yai Cha, Sam Phran District, Nakhon Pathom, Thailand","","","+66 83 171 4243","http://www.drpangdental.com/","","5.0","358","","","Open","","https://www.google.com/maps/place/Dr.Pang+Dental+Clinic+%E0%B8%84%E0%B8%A5%E0%B8%B4%E0%B8%99%E0%B8%B4%E0%B8%81%E0%B8%97%E0%B8%B1%E0%B8%99%E0%B8%95%E0%B8%81%E0%B8%A3%E0%B8%A3%E0%B8%A1%E0%B8%AB%E0%B8%A1%E0%B8%AD%E0%B9%81%E0%B8%9B%E0%B9%89%E0%B8%87/data=!4m7!3m6!1s0x30e2ebcd41c235ad:0x42fd3e8a6520e266!8m2!3d13.7395072!4d100.215386!16s%2Fg%2F11y3kkwdfv!19sChIJrTXCQc3r4jARZuIgZYo-_UI?authuser=0&hl=en&rclk=1"
"0x311d7d1635e859b9:0xe513e08fc78a7082","G1 Dental Clinic คลินิกทันตกรรมจีวัน","Dental clinic","
3 Lam Luk Ka Rd, Khu Khot, Lam Luk Ka District, Pathum Thani 12130, Thailand","WMJ5+WM Khu Khot, Lam Luk Ka District, Pathum Thani, Thailand","","","+66 90 949 1119","","","4.9","28","","","","","https://www.google.com/maps/place/G1+Dental+Clinic+%E0%B8%84%E0%B8%A5%E0%B8%B4%E0%B8%99%E0%B8%B4%E0%B8%81%E0%B8%97%E0%B8%B1%E0%B8%99%E0%B8%95%E0%B8%81%E0%B8%A3%E0%B8%A3%E0%B8%A1%E0%B8%88%E0%B8%B5%E0%B8%A7%E0%B8%B1%E0%B8%99/data=!4m7!3m6!1s0x311d7d1635e859b9:0xe513e08fc78a7082!8m2!3d13.9322708!4d100.6592394!16s%2Fg%2F11trnn2h61!19sChIJuVnoNRZ9HTERgnCKx4_gE-U?authuser=0&hl=en&rclk=1"
"0x311d7d0a98ef2555:0xe11bb637b1dac3aa","คลินิกทันตกรรมใจดี","Dental clinic","
แยกปากทางลำลูกกา) ริม คลินิกทันตกรรมใจดี เลขที่ 1/82 Phahonyothin Rd, สายไหม Sai Mai, Bangkok 10220, Thailand","WJXF+R5 Bangkok, Thailand","","","+66 2 115 1949","https://www.tiktok.com/@jaideedentalclinic?is_from_webapp=1&sender_device=pc","","4.8","196","","","Open","","https://www.google.com/maps/place/%E0%B8%84%E0%B8%A5%E0%B8%B4%E0%B8%99%E0%B8%B4%E0%B8%81%E0%B8%97%E0%B8%B1%E0%B8%99%E0%B8%95%E0%B8%81%E0%B8%A3%E0%B8%A3%E0%B8%A1%E0%B9%83%E0%B8%88%E0%B8%94%E0%B8%B5/data=!4m7!3m6!1s0x311d7d0a98ef2555:0xe11bb637b1dac3aa!8m2!3d13.9495148!4d100.6229211!16s%2Fg%2F11l1bf70g_!19sChIJVSXvmAp9HTERqsPasTe2G-E?authuser=0&hl=en&rclk=1"
"0x30e2829a274d3d79:0x2ac6e1248dfdd7b2","52 ทันตกรรม","Dental","
2/150 ซอย พหลโยธิน 52 Phahonyothin Rd, Khlong Thanon, Sai Mai, Bangkok 10220, Thailand","VJW6+R3 Bangkok, Thailand","","","+66 2 005 8801","","","2.8","5","","","Open","","https://www.google.com/maps/place/52+%E0%B8%97%E0%B8%B1%E0%B8%99%E0%B8%95%E0%B8%81%E0%B8%A3%E0%B8%A3%E0%B8%A1/data=!4m7!3m6!1s0x30e2829a274d3d79:0x2ac6e1248dfdd7b2!8m2!3d13.8970976!4d100.6101597!16s%2Fg%2F1ptvyw59_!19sChIJeT1NJ5qC4jARstf9jSThxio?authuser=0&hl=en&rclk=1"
"0x30e281b678ffed13:0x4d91ed13628c1691","KidD Dental Clinic คลินิกทันตกรรมคิดดี ทำฟันเด็กและครอบครัว","Pediatric dentist","
2, 105 Rangsit-Nakhonnayok 34/1, Prachathipat, Thanyaburi District, Pathum Thani 12130, Thailand","XJMQ+44 Rangsit, Prachathipat, Thanyaburi District, Pathum Thani, Thailand","","","+66 82 906 5166","https://www.facebook.com/kidddentalclinic","","5.0","68","","","Open","","https://www.google.com/maps/place/KidD+Dental+Clinic+%E0%B8%84%E0%B8%A5%E0%B8%B4%E0%B8%99%E0%B8%B4%E0%B8%81%E0%B8%97%E0%B8%B1%E0%B8%99%E0%B8%95%E0%B8%81%E0%B8%A3%E0%B8%A3%E0%B8%A1%E0%B8%84%E0%B8%B4%E0%B8%94%E0%B8%94%E0%B8%B5+%E0%B8%97%E0%B8%B3%E0%B8%9F%E0%B8%B1%E0%B8%99%E0%B9%80%E0%B8%94%E0%B9%87%E0%B8%81%E0%B9%81%E0%B8%A5%E0%B8%B0%E0%B8%84%E0%B8%A3%E0%B8%AD%E0%B8%9A%E0%B8%84%E0%B8%A3%E0%B8%B1%E0%B8%A7/data=!4m7!3m6!1s0x30e281b678ffed13:0x4d91ed13628c1691!8m2!3d13.9828434!4d100.6378532!16s%2Fg%2F11t8b43ph_!19sChIJE-3_eLaB4jARkRaMYhPtkU0?authuser=0&hl=en&rclk=1"
"0x30e28104bb8374d9:0x93a0c7475f5ee98a","Melon dental clinic สาขารังสิต-จัดฟัน ทำฟัน","Dental clinic","
249,251, 23 Rangsit-Pathum Thani Rd, Prachathipat, Thanyaburi District, Pathum Thani 12130, Thailand","XJP4+JV Rangsit, Prachathipat, Thanyaburi District, Pathum Thani, Thailand","","","+66 2 096 2719","https://www.melondental.com/","","4.9","65","","","Open","","https://www.google.com/maps/place/Melon+dental+clinic+%E0%B8%AA%E0%B8%B2%E0%B8%82%E0%B8%B2%E0%B8%A3%E0%B8%B1%E0%B8%87%E0%B8%AA%E0%B8%B4%E0%B8%95-%E0%B8%88%E0%B8%B1%E0%B8%94%E0%B8%9F%E0%B8%B1%E0%B8%99+%E0%B8%97%E0%B8%B3%E0%B8%9F%E0%B8%B1%E0%B8%99/data=!4m7!3m6!1s0x30e28104bb8374d9:0x93a0c7475f5ee98a!8m2!3d13.9866162!4d100.6071281!16s%2Fg%2F11xtz3nx0w!19sChIJ2XSDuwSB4jARiuleX0fHoJM?authuser=0&hl=en&rclk=1"
"0x30e283e063a49223:0x3c175124358c6639","Clinic Green Dental (คลินิกทันตกรรม กรีนเด็นทัล)","Dental clinic","
888/14 Moo 1 Tiwanon Road Banmai ปทุมธานี Pathum Thani 12000, Thailand","XH52+XF Ban Mai, Mueang Pathum Thani District, Pathum Thani, Thailand","","","+66 94 168 0899","http://greendentalclinic.blogspot.com/2015/07/88814-1-12000.html","","5.0","24","","","Open","","https://www.google.com/maps/place/Clinic+Green+Dental+%28%E0%B8%84%E0%B8%A5%E0%B8%B4%E0%B8%99%E0%B8%B4%E0%B8%81%E0%B8%97%E0%B8%B1%E0%B8%99%E0%B8%95%E0%B8%81%E0%B8%A3%E0%B8%A3%E0%B8%A1+%E0%B8%81%E0%B8%A3%E0%B8%B5%E0%B8%99%E0%B9%80%E0%B8%94%E0%B9%87%E0%B8%99%E0%B8%97%E0%B8%B1%E0%B8%A5%29/data=!4m7!3m6!1s0x30e283e063a49223:0x3c175124358c6639!8m2!3d13.9599566!4d100.5512362!16s%2Fg%2F11b7q863dv!19sChIJI5KkY-CD4jAROWaMNSRRFzw?authuser=0&hl=en&rclk=1"
"0x30e2836e763c73a3:0x8b75fc3473749c0a","คลินิกทันตกรรมพาสุข สาขาเมืองทองธานี","Doctor","
101 101, Tambon Ban Mai, Pak Kret District, Nonthaburi 11120, Thailand","WH72+7W Pakkret, Pak Kret District, Nonthaburi, Thailand","","","+66 90 975 1285","https://www.facebook.com/Pasookdentalclinic","","4.8","138","","","Open","","https://www.google.com/maps/place/%E0%B8%84%E0%B8%A5%E0%B8%B4%E0%B8%99%E0%B8%B4%E0%B8%81%E0%B8%97%E0%B8%B1%E0%B8%99%E0%B8%95%E0%B8%81%E0%B8%A3%E0%B8%A3%E0%B8%A1%E0%B8%9E%E0%B8%B2%E0%B8%AA%E0%B8%B8%E0%B8%82+%E0%B8%AA%E0%B8%B2%E0%B8%82%E0%B8%B2%E0%B9%80%E0%B8%A1%E0%B8%B7%E0%B8%AD%E0%B8%87%E0%B8%97%E0%B8%AD%E0%B8%87%E0%B8%98%E0%B8%B2%E0%B8%99%E0%B8%B5/data=!4m7!3m6!1s0x30e2836e763c73a3:0x8b75fc3473749c0a!8m2!3d13.9132263!4d100.5523078!16s%2Fg%2F11hz8ld0pr!19sChIJo3M8dm6D4jARCpx0czT8dYs?authuser=0&hl=en&rclk=1"
"0x30e29e8ddea010af:0x33845c48a68f6e08","Buddhist Tzu Chi Charity Foundation, Thailand","Foundation","
316 Chaloem Phrakiat Ratchakan Thi 9 Rd, Nong Bon, Prawet, Bangkok 10250, Thailand","MMP9+WH Bangkok, Thailand","","","+66 2 328 1161","https://www.tzuchithailand.org/","","4.7","156","","","Open","","https://www.google.com/maps/place/Buddhist+Tzu+Chi+Charity+Foundation,+Thailand/data=!4m7!3m6!1s0x30e29e8ddea010af:0x33845c48a68f6e08!8m2!3d13.6873251!4d100.6688836!16s%2Fg%2F1ttdkfgr!19sChIJrxCg3o2e4jARCG6PpkhchDM?authuser=0&hl=en&rclk=1"
"0x30e29641a3af3e4b:0x415139a663dbdeda","Public Health Service Center 48 (Nakwatchara Uthit)","Local medical services","
104 Liap Khlong Phasi Charoen Fang Nuea Rd., Nong Khaem, Bangkok 10160, Thailand","M9QC+X3 Bangkok, Thailand","","","+66 2 421 2147","https://webportal.bangkok.go.th/healthcenter48/page/top/1053/%E0%B8%95%E0%B8%B4%E0%B8%94%E0%B8%95%E0%B9%88%E0%B8%AD%E0%B9%80%E0%B8%A3%E0%B8%B2","","4.0","163","","","","","https://www.google.com/maps/place/Public+Health+Service+Center+48+%28Nakwatchara+Uthit%29/data=!4m7!3m6!1s0x30e29641a3af3e4b:0x415139a663dbdeda!8m2!3d13.6898807!4d100.3702351!16s%2Fg%2F1pzprzhxk!19sChIJSz6vo0GW4jAR2t7bY6Y5UUE?authuser=0&hl=en&rclk=1"
"0x311d7d6795a76fe3:0xf2cfc33cfb53bd2d","คลินิกทันตกรรมพาสุข สาขาสายไหม Pasook dental clinic Saimai","Dental clinic","
80/1 Sai Mai Rd, Sai Mai, Bangkok 10220, Thailand","WMCM+M7 Bangkok, Thailand","","","+66 97 298 2664","https://th-th.facebook.com/pasookclinicsaimai/","","4.6","84","","","Open","","https://www.google.com/maps/place/%E0%B8%84%E0%B8%A5%E0%B8%B4%E0%B8%99%E0%B8%B4%E0%B8%81%E0%B8%97%E0%B8%B1%E0%B8%99%E0%B8%95%E0%B8%81%E0%B8%A3%E0%B8%A3%E0%B8%A1%E0%B8%9E%E0%B8%B2%E0%B8%AA%E0%B8%B8%E0%B8%82+%E0%B8%AA%E0%B8%B2%E0%B8%82%E0%B8%B2%E0%B8%AA%E0%B8%B2%E0%B8%A2%E0%B9%84%E0%B8%AB%E0%B8%A1+Pasook+dental+clinic+Saimai/data=!4m7!3m6!1s0x311d7d6795a76fe3:0xf2cfc33cfb53bd2d!8m2!3d13.921671!4d100.6832228!16s%2Fg%2F11g10gskgg!19sChIJ42-nlWd9HTERLb1T-zzDz_I?authuser=0&hl=en&rclk=1"
"0x30e29513682c01df:0x44bf1c5a2c4c435","คลินิกทันตกรรมสตาร์ไลท์ (Starlight Dental Clinic)","Dental clinic","
99 24 Rai Khing 42, Tambon Rai Khing, Sam Phran District, Nakhon Pathom 73210, Thailand","Q73W+2X Rai Khing, Sam Phran District, Nakhon Pathom, Thailand","","","+66 82 841 2888","","","5.0","113","","","Open","","https://www.google.com/maps/place/%E0%B8%84%E0%B8%A5%E0%B8%B4%E0%B8%99%E0%B8%B4%E0%B8%81%E0%B8%97%E0%B8%B1%E0%B8%99%E0%B8%95%E0%B8%81%E0%B8%A3%E0%B8%A3%E0%B8%A1%E0%B8%AA%E0%B8%95%E0%B8%B2%E0%B8%A3%E0%B9%8C%E0%B9%84%E0%B8%A5%E0%B8%97%E0%B9%8C+%28Starlight+Dental+Clinic%29/data=!4m7!3m6!1s0x30e29513682c01df:0x44bf1c5a2c4c435!8m2!3d13.7525917!4d100.2974217!16s%2Fg%2F11x965jn2r!19sChIJ3wEsaBOV4jARNcTEosXxSwQ?authuser=0&hl=en&rclk=1"
"0x30e2bd282574d45f:0x6c585c82386a2584","คลินิกทันตกรรม ฟ.ฟัน สะอาดจัง","Dental clinic","
203/3 ปาก Bang Kradi 39 Alley, Samae Dam, Bang Khun Thian, Bangkok 10150, Thailand","JC53+8F Bangkok, Thailand","","","+66 80 203 6939","https://www.facebook.com/forfun.bangkradi/","","4.8","43","","","Open","","https://www.google.com/maps/place/%E0%B8%84%E0%B8%A5%E0%B8%B4%E0%B8%99%E0%B8%B4%E0%B8%81%E0%B8%97%E0%B8%B1%E0%B8%99%E0%B8%95%E0%B8%81%E0%B8%A3%E0%B8%A3%E0%B8%A1+%E0%B8%9F.%E0%B8%9F%E0%B8%B1%E0%B8%99+%E0%B8%AA%E0%B8%B0%E0%B8%AD%E0%B8%B2%E0%B8%94%E0%B8%88%E0%B8%B1%E0%B8%87/data=!4m7!3m6!1s0x30e2bd282574d45f:0x6c585c82386a2584!8m2!3d13.6083208!4d100.403659!16s%2Fg%2F11ktxn7s4d!19sChIJX9R0JSi94jARhCVqOIJcWGw?authuser=0&hl=en&rclk=1"
"0x311d67782136fb4b:0xa9c4836141197cec","Pop Smile Dental Clinic","Dental clinic","
1891, 1 Lat Krabang Rd, Khwaeng Lat Krabang, Lat Krabang, Bangkok 10520, Thailand","PQCM+R6 Bangkok, Thailand","","","+66 2 054 7465","https://www.facebook.com/popsmiledental/","","4.8","43","","","Open","","https://www.google.com/maps/place/Pop+Smile+Dental+Clinic/data=!4m7!3m6!1s0x311d67782136fb4b:0xa9c4836141197cec!8m2!3d13.722107!4d100.7830804!16s%2Fg%2F11ghpn9hsk!19sChIJS_s2IXhnHTER7HwZQWGDxKk?authuser=0&hl=en&rclk=1"
"0x30e2bdd54edaec81:0xee3cd389ac7985c1","คลินิกทันตกรรมอะโลฮ่า (Aloha Dental Clinic)","Dental clinic","
12 2 Thanon Liap Khlong Phasi Charoen Fang Tai, หนองแขม Nong Khaem, Bangkok 10160, Thailand","M9QH+55 Bangkok, Thailand","","","+66 61 442 6492","","","4.7","24","","","Open","","https://www.google.com/maps/place/%E0%B8%84%E0%B8%A5%E0%B8%B4%E0%B8%99%E0%B8%B4%E0%B8%81%E0%B8%97%E0%B8%B1%E0%B8%99%E0%B8%95%E0%B8%81%E0%B8%A3%E0%B8%A3%E0%B8%A1%E0%B8%AD%E0%B8%B0%E0%B9%82%E0%B8%A5%E0%B8%AE%E0%B9%88%E0%B8%B2+%28Aloha+Dental+Clinic%29/data=!4m7!3m6!1s0x30e2bdd54edaec81:0xee3cd389ac7985c1!8m2!3d13.6878847!4d100.3779553!16s%2Fg%2F11s3zkvr2z!19sChIJgezaTtW94jARwYV5rInTPO4?authuser=0&hl=en&rclk=1"
"0x30e2a06093384179:0x349dce576245774f","The Dentist","Health","
1375/11 Thepharak Rd, Thepharak, Mueang Samut Prakan District, Samut Prakan 10270, Thailand","JHVX+M9 Thepharak, Mueang Samut Prakan District, Samut Prakan, Thailand","","","+66 2 758 4388","","","4.4","7","","","Open","","https://www.google.com/maps/place/The+Dentist/data=!4m7!3m6!1s0x30e2a06093384179:0x349dce576245774f!8m2!3d13.644149!4d100.598478!16s%2Fg%2F1hm6f_v4v!19sChIJeUE4k2Cg4jART3dFYlfOnTQ?authuser=0&hl=en&rclk=1"
"0x311d6326c978c82b:0xeb73aab5e2fa184d","คลินิกทันตกรรม เดอะ ปริญ The Prin Dental Clinic","Orthodontist","
Ease Park, 248 Ram Intra, Tha Raeng, Bang Khen, Bangkok 10220, Thailand","VJ4H+GP Bangkok, Thailand","","","+66 95 878 1550","https://www.facebook.com/villadscandtheprin/","","5.0","5","","","Open","","https://www.google.com/maps/place/%E0%B8%84%E0%B8%A5%E0%B8%B4%E0%B8%99%E0%B8%B4%E0%B8%81%E0%B8%97%E0%B8%B1%E0%B8%99%E0%B8%95%E0%B8%81%E0%B8%A3%E0%B8%A3%E0%B8%A1+%E0%B9%80%E0%B8%94%E0%B8%AD%E0%B8%B0+%E0%B8%9B%E0%B8%A3%E0%B8%B4%E0%B8%8D+The+Prin+Dental+Clinic/data=!4m7!3m6!1s0x311d6326c978c82b:0xeb73aab5e2fa184d!8m2!3d13.856271!4d100.6293727!16s%2Fg%2F11h1rldffn!19sChIJK8h4ySZjHTERTRj64rWqc-s?authuser=0&hl=en&rclk=1"
"0x30e283c63cbde87f:0x2156b703c295823d","TABs DENTAL CLINIC","Dental clinic","
Chaeng Watthana Rd, Thung Song Hong, Lak Si, Bangkok 10210, Thailand","VHV6+78 Bangkok, Thailand","","","+66 95 452 5651","https://www.tabsdental.com/","","4.6","21","","","Open","","https://www.google.com/maps/place/TABs+DENTAL+CLINIC/data=!4m7!3m6!1s0x30e283c63cbde87f:0x2156b703c295823d!8m2!3d13.8932174!4d100.5608464!16s%2Fg%2F11h5w7rl71!19sChIJf-i9PMaD4jARPYKVwgO3ViE?authuser=0&hl=en&rclk=1"
"0x30e285690dde6bc5:0xde9eedfcd9c11df7","Apatsara Dental Clinic","Dental clinic","
70/55 Pak Kret District, Nonthaburi 11120, Thailand","WF7W+2W Pakkret, Pak Kret District, Nonthaburi, Thailand","","","+66 2 960 6099","http://www.facebook.com/Apatsaradentalclinic","","5.0","337","","","Open","","https://www.google.com/maps/place/Apatsara+Dental+Clinic/data=!4m7!3m6!1s0x30e285690dde6bc5:0xde9eedfcd9c11df7!8m2!3d13.9126029!4d100.4972512!16s%2Fg%2F11h37ryrqs!19sChIJxWveDWmF4jAR9x3B2fztnt4?authuser=0&hl=en&rclk=1"
"0x30e283c02817011d:0xff441d84a4c07d21","Smile Gallery Dental Clinic Changwattana","Dental clinic","
83, 1-3 Chaeng Watthana Rd, Thung Song Hong, Lak Si, Bangkok 10210, Thailand","VHV5+P7 Bangkok, Thailand","","","+66 2 821 5821","https://www.facebook.com/SmileGalleryDental/","","4.9","214","","","Open","","https://www.google.com/maps/place/Smile+Gallery+Dental+Clinic+Changwattana/data=!4m7!3m6!1s0x30e283c02817011d:0xff441d84a4c07d21!8m2!3d13.8943728!4d100.5582015!16s%2Fg%2F11ghlvg3m7!19sChIJHQEXKMCD4jARIX3ApIQdRP8?authuser=0&hl=en&rclk=1"
"0x30e291c1f72a76a5:0x1e37f683ec591046","Tooth Republic Dental Clinic ศาลายา | คลินิกทันตกรรมทูธรีพับบลิค ศาลายา","Dental clinic","
108 9 Salaya, Phutthamonthon District, Nakhon Pathom 73170, Thailand","R82F+G5 Salaya, Phutthamonthon District, Nakhon Pathom, Thailand","","","+66 98 969 4494","https://lin.ee/6dqJPxI","","5.0","287","","","Open","","https://www.google.com/maps/place/Tooth+Republic+Dental+Clinic+%E0%B8%A8%E0%B8%B2%E0%B8%A5%E0%B8%B2%E0%B8%A2%E0%B8%B2+%7C+%E0%B8%84%E0%B8%A5%E0%B8%B4%E0%B8%99%E0%B8%B4%E0%B8%81%E0%B8%97%E0%B8%B1%E0%B8%99%E0%B8%95%E0%B8%81%E0%B8%A3%E0%B8%A3%E0%B8%A1%E0%B8%97%E0%B8%B9%E0%B8%98%E0%B8%A3%E0%B8%B5%E0%B8%9E%E0%B8%B1%E0%B8%9A%E0%B8%9A%E0%B8%A5%E0%B8%B4%E0%B8%84+%E0%B8%A8%E0%B8%B2%E0%B8%A5%E0%B8%B2%E0%B8%A2%E0%B8%B2/data=!4m7!3m6!1s0x30e291c1f72a76a5:0x1e37f683ec591046!8m2!3d13.8013349!4d100.3229234!16s%2Fg%2F11twg6g2zc!19sChIJpXYq98GR4jARRhBZ7IP2Nx4?authuser=0&hl=en&rclk=1"
"0x30e2950002b8661d:0xa8edc3f921347358","Better tooth dental clinic สาขา หนองแขม คลินิกทันตกรรม ทำฟัน จัดฟัน","Dental clinic","
เลขที่ 1000 Phet Kasem Rd, Nong Khang Phlu, Nong Khaem, Bangkok 10160, Thailand","P83M+XJ Bangkok, Thailand","","","+66 98 939 5414","https://www.facebook.com/bettertoothdc","","5.0","464","","","Open","","https://www.google.com/maps/place/Better+tooth+dental+clinic+%E0%B8%AA%E0%B8%B2%E0%B8%82%E0%B8%B2+%E0%B8%AB%E0%B8%99%E0%B8%AD%E0%B8%87%E0%B9%81%E0%B8%82%E0%B8%A1+%E0%B8%84%E0%B8%A5%E0%B8%B4%E0%B8%99%E0%B8%B4%E0%B8%81%E0%B8%97%E0%B8%B1%E0%B8%99%E0%B8%95%E0%B8%81%E0%B8%A3%E0%B8%A3%E0%B8%A1+%E0%B8%97%E0%B8%B3%E0%B8%9F%E0%B8%B1%E0%B8%99+%E0%B8%88%E0%B8%B1%E0%B8%94%E0%B8%9F%E0%B8%B1%E0%B8%99/data=!4m7!3m6!1s0x30e2950002b8661d:0xa8edc3f921347358!8m2!3d13.7049709!4d100.3340021!16s%2Fg%2F11wntvj983!19sChIJHWa4AgCV4jARWHM0IfnD7ag?authuser=0&hl=en&rclk=1"
"0x30e2a32fa5e22f7d:0xe97fae944ea43fe9","คลินิกเวชกรรมงามเจริญ","Medical clinic","
JCQX+3HM, Soi Mu Ban Sinthawi Tha Kham 2, Tha Kham, Bang Khun Thian, Bangkok 10150, Thailand","","","","+66 2 405 7713","","","1.7","31","","","Open","","https://www.google.com/maps/place/%E0%B8%84%E0%B8%A5%E0%B8%B4%E0%B8%99%E0%B8%B4%E0%B8%81%E0%B9%80%E0%B8%A7%E0%B8%8A%E0%B8%81%E0%B8%A3%E0%B8%A3%E0%B8%A1%E0%B8%87%E0%B8%B2%E0%B8%A1%E0%B9%80%E0%B8%88%E0%B8%A3%E0%B8%B4%E0%B8%8D/data=!4m7!3m6!1s0x30e2a32fa5e22f7d:0xe97fae944ea43fe9!8m2!3d13.6377062!4d100.448911!16s%2Fg%2F11b6bpm5p6!19sChIJfS_ipS-j4jAR6T-kTpSuf-k?authuser=0&hl=en&rclk=1"
"0x30e2be00262f749f:0x3d64f99f601f3111","คลินิกทันตกรรมโปรเด็นท์ สาขาเพชรเกษม 79 หนองแขม Prodent Dental Clinic","Dental clinic","
236 Phet Kasem Rd, Nong Khang Phlu, Nong Khaem, Bangkok 10160, Thailand","P942+89 Bangkok, Thailand","","","+66 2 808 9822","https://www.facebook.com/ProdentDentalClinic.petchkasem79","","4.9","288","","","Open","","https://www.google.com/maps/place/%E0%B8%84%E0%B8%A5%E0%B8%B4%E0%B8%99%E0%B8%B4%E0%B8%81%E0%B8%97%E0%B8%B1%E0%B8%99%E0%B8%95%E0%B8%81%E0%B8%A3%E0%B8%A3%E0%B8%A1%E0%B9%82%E0%B8%9B%E0%B8%A3%E0%B9%80%E0%B8%94%E0%B9%87%E0%B8%99%E0%B8%97%E0%B9%8C+%E0%B8%AA%E0%B8%B2%E0%B8%82%E0%B8%B2%E0%B9%80%E0%B8%9E%E0%B8%8A%E0%B8%A3%E0%B9%80%E0%B8%81%E0%B8%A9%E0%B8%A1+79+%E0%B8%AB%E0%B8%99%E0%B8%AD%E0%B8%87%E0%B9%81%E0%B8%82%E0%B8%A1+Prodent+Dental+Clinic/data=!4m7!3m6!1s0x30e2be00262f749f:0x3d64f99f601f3111!8m2!3d13.7058276!4d100.3509945!16s%2Fg%2F1hc0vr818!19sChIJn3QvJgC-4jARETEfYJ_5ZD0?authuser=0&hl=en&rclk=1"
"0x30e28f56eacc630d:0x1686bebb167462de","เรดดี้ คลินิกทันตกรรม (REDDY Dental Clinic)","Dental clinic","
89 Bangyai City Soi 2, Sao Thong Hin, Bang Yai District, Nonthaburi 11140, Thailand","VCH5+9G Sao Thong Hin, Bang Yai District, Nonthaburi, Thailand","","","+66 62 979 5456","","","4.9","195","","","","","https://www.google.com/maps/place/%E0%B9%80%E0%B8%A3%E0%B8%94%E0%B8%94%E0%B8%B5%E0%B9%89+%E0%B8%84%E0%B8%A5%E0%B8%B4%E0%B8%99%E0%B8%B4%E0%B8%81%E0%B8%97%E0%B8%B1%E0%B8%99%E0%B8%95%E0%B8%81%E0%B8%A3%E0%B8%A3%E0%B8%A1+%28REDDY+Dental+Clinic%29/data=!4m7!3m6!1s0x30e28f56eacc630d:0x1686bebb167462de!8m2!3d13.8784189!4d100.4087542!16s%2Fg%2F11h9gx1phf!19sChIJDWPM6laP4jAR3mJ0Fru-hhY?authuser=0&hl=en&rclk=1"
"0x311d5faa31105405:0x848b0de86682c347","คลินิกทันตกรรมไอชิ Aichi Dental Clinic","Dentist","
42/31, 42/30 หมู่ 14 ตําบลบางแก้ว Tambon Bang Kaeo, Bang Phli District, Samut Prakan 10540, Thailand","MM4H+R3 Bang Kaeo, Bang Phli District, Samut Prakan, Thailand","","","+66 64 190 6226","https://www.facebook.com/profile.php?id=100095035163270&mibextid=LQQJ4d","","5.0","463","","","Open","","https://www.google.com/maps/place/%E0%B8%84%E0%B8%A5%E0%B8%B4%E0%B8%99%E0%B8%B4%E0%B8%81%E0%B8%97%E0%B8%B1%E0%B8%99%E0%B8%95%E0%B8%81%E0%B8%A3%E0%B8%A3%E0%B8%A1%E0%B9%84%E0%B8%AD%E0%B8%8A%E0%B8%B4+Aichi+Dental+Clinic/data=!4m7!3m6!1s0x311d5faa31105405:0x848b0de86682c347!8m2!3d13.6570785!4d100.6776965!16s%2Fg%2F11vd656gb1!19sChIJBVQQMapfHTERR8OCZugNi4Q?authuser=0&hl=en&rclk=1"
"0x311d67214c32c023:0xebe19d700857ab12","Dr.Mod Dental Clinic","Dental clinic","
318 Lat Krabang Rd, Lat Krabang, Bangkok 10520, Thailand","PPCG+GQ Bangkok, Thailand","","","+66 84 546 6592","http://www.facebook.com/drmod4165","","4.7","310","","","Open","","https://www.google.com/maps/place/Dr.Mod+Dental+Clinic/data=!4m7!3m6!1s0x311d67214c32c023:0xebe19d700857ab12!8m2!3d13.7213373!4d100.7269984!16s%2Fg%2F11gb3jq0xs!19sChIJI8AyTCFnHTEREqtXCHCd4es?authuser=0&hl=en&rclk=1"
"0x2f3b5241c37ea029:0x7be9a8c9698d582e","Smile a lot Dental Clinic ปตท.เทพรักษ์","Dental clinic","
Thep Rak Rd, ท่าแร้ง, Bang Khen, Bangkok 10220, Thailand","VJHM+P8 Bangkok, Thailand","","","+66 99 905 7688","https://smilealotdental.com/","","5.0","224","","","Open","","https://www.google.com/maps/place/Smile+a+lot+Dental+Clinic+%E0%B8%9B%E0%B8%95%E0%B8%97.%E0%B9%80%E0%B8%97%E0%B8%9E%E0%B8%A3%E0%B8%B1%E0%B8%81%E0%B8%A9%E0%B9%8C/data=!4m7!3m6!1s0x2f3b5241c37ea029:0x7be9a8c9698d582e!8m2!3d13.879257!4d100.6333202!16s%2Fg%2F11tx2xb2x1!19sChIJKaB-w0FSOy8RLliNacmo6Xs?authuser=0&hl=en&rclk=1"
"0x311d62af3c83cbdb:0x9f03893b23611621","LDC Dental รามอินทรา กม.4","Dental clinic","
ติด อยู่ระหว่าง Food land และ ตลาด กม. 4, 32/31, ปาก Ram Inthra Rd, Anusawari, Bang Khen, Bangkok 10220, Thailand","VJ5G+8G Bangkok, Thailand","","","+66 2 030 4353","https://www.ldcdental.com/","","4.9","55","","","Open","","https://www.google.com/maps/place/LDC+Dental+%E0%B8%A3%E0%B8%B2%E0%B8%A1%E0%B8%AD%E0%B8%B4%E0%B8%99%E0%B8%97%E0%B8%A3%E0%B8%B2+%E0%B8%81%E0%B8%A1.4/data=!4m7!3m6!1s0x311d62af3c83cbdb:0x9f03893b23611621!8m2!3d13.858367!4d100.6263737!16s%2Fg%2F1tz936d0!19sChIJ28uDPK9iHTERIRZhIzuJA58?authuser=0&hl=en&rclk=1"
"0x30e283c85f1e9847:0xadb0fb41088afd28","วัตสัน มาร์เก็ตทูเดย์ 64 : WATSONS Market Today 64 : Click & Collect","Health and beauty shop","
เลขที่ 10/36 Vibhavadi Rangsit 64 Alley, Talat Bang Khen, Lak Si, Bangkok 10210, Thailand","VHGH+4C Bangkok, Thailand","","","+66 65 513 0517","https://www.watsons.co.th/","","3.8","6","","","Open","","https://www.google.com/maps/place/%E0%B8%A7%E0%B8%B1%E0%B8%95%E0%B8%AA%E0%B8%B1%E0%B8%99+%E0%B8%A1%E0%B8%B2%E0%B8%A3%E0%B9%8C%E0%B9%80%E0%B8%81%E0%B9%87%E0%B8%95%E0%B8%97%E0%B8%B9%E0%B9%80%E0%B8%94%E0%B8%A2%E0%B9%8C+64+:+WATSONS+Market+Today+64+:+Click+%26+Collect/data=!4m7!3m6!1s0x30e283c85f1e9847:0xadb0fb41088afd28!8m2!3d13.8752667!4d100.5785016!16s%2Fg%2F11w8pg66f6!19sChIJR5geX8iD4jARKP2KCEH7sK0?authuser=0&hl=en&rclk=1"
"0x311d5f667fe865a1:0x262b60a51d18cf6d","Kidsmile Dental Clinic","Pediatric dentist","
424/3 ม.เอชทูโอทู ดอกไม้ Prawet, Bangkok 10250, Thailand","MM7V+5P Bangkok, Thailand","","","+66 61 324 6995","","","4.5","19","","","Open","","https://www.google.com/maps/place/Kidsmile+Dental+Clinic/data=!4m7!3m6!1s0x311d5f667fe865a1:0x262b60a51d18cf6d!8m2!3d13.6629127!4d100.6943639!16s%2Fg%2F11n07pksgb!19sChIJoWXof2ZfHTERbc8YHaVgKyY?authuser=0&hl=en&rclk=1"
"0x30e28550272f50d9:0x905bfaea67625656","LDC Dental ราชพฤกษ์","Dental clinic","
เลขที่ 101/7, 8, Bang Rak Noi, อำเภอเมือง, Nonthaburi 11000, Thailand","VFM2+W9 Bang Rak Noi, Mueang Nonthaburi District, Nonthaburi, Thailand","","","+66 2 030 4357","https://www.ldcdental.com/","","4.9","261","","","Open","","https://www.google.com/maps/place/LDC+Dental+%E0%B8%A3%E0%B8%B2%E0%B8%8A%E0%B8%9E%E0%B8%A4%E0%B8%81%E0%B8%A9%E0%B9%8C/data=!4m7!3m6!1s0x30e28550272f50d9:0x905bfaea67625656!8m2!3d13.8848016!4d100.4509357!16s%2Fg%2F1ptwb7xm_!19sChIJ2VAvJ1CF4jARVlZiZ-r6W5A?authuser=0&hl=en&rclk=1"
"0x30e296972c7a0753:0x668709d7fbebdf8e","คลินิกทันตกรรมโปรเด็นท์ สาขาสาย 3 ทวีวัฒนา Prodent Dental Clinic","Dental clinic","
10, 10 15 Phutta Monthon Sai 3 Rd, Thawi Watthana, Bangkok 10170, Thailand","Q957+JC Bangkok, Thailand","","","+66 2 431 5510","http://www.facebook.com/prodent.sai3","","4.8","294","","","Open","","https://www.google.com/maps/place/%E0%B8%84%E0%B8%A5%E0%B8%B4%E0%B8%99%E0%B8%B4%E0%B8%81%E0%B8%97%E0%B8%B1%E0%B8%99%E0%B8%95%E0%B8%81%E0%B8%A3%E0%B8%A3%E0%B8%A1%E0%B9%82%E0%B8%9B%E0%B8%A3%E0%B9%80%E0%B8%94%E0%B9%87%E0%B8%99%E0%B8%97%E0%B9%8C+%E0%B8%AA%E0%B8%B2%E0%B8%82%E0%B8%B2%E0%B8%AA%E0%B8%B2%E0%B8%A2+3+%E0%B8%97%E0%B8%A7%E0%B8%B5%E0%B8%A7%E0%B8%B1%E0%B8%92%E0%B8%99%E0%B8%B2+Prodent+Dental+Clinic/data=!4m7!3m6!1s0x30e296972c7a0753:0x668709d7fbebdf8e!8m2!3d13.7590747!4d100.3635304!16s%2Fg%2F11cmgh6vsy!19sChIJUwd6LJeW4jARjt_r-9cJh2Y?authuser=0&hl=en&rclk=1"
"0x30e2a09b921563f1:0x968e98e0a8bbc3f2","ดี. เอส. คลินิกทันตกรรม","Dental clinic","
28 146 ม.6 ถนนประดิษฐ์สโมสร Bang Mueang Mai, Mueang Samut Prakan District, Samut Prakan 10270, Thailand","JJF7+M8 Bang Mueang Mai, Mueang Samut Prakan District, Samut Prakan, Thailand","","","+66 2 758 2630","","","3.9","10","","","Open","","https://www.google.com/maps/place/%E0%B8%94%E0%B8%B5.+%E0%B9%80%E0%B8%AD%E0%B8%AA.+%E0%B8%84%E0%B8%A5%E0%B8%B4%E0%B8%99%E0%B8%B4%E0%B8%81%E0%B8%97%E0%B8%B1%E0%B8%99%E0%B8%95%E0%B8%81%E0%B8%A3%E0%B8%A3%E0%B8%A1/data=!4m7!3m6!1s0x30e2a09b921563f1:0x968e98e0a8bbc3f2!8m2!3d13.6241848!4d100.6133225!16s%2Fg%2F11c60rv8kr!19sChIJ8WMVkpug4jAR8sO7qOCYjpY?authuser=0&hl=en&rclk=1"
"0x30e28fb371e3cf03:0x7199b2c22ceffe26","Baibua Dental Home คลินิกทันตกรรมใบบัว บางบัวทอง นนทบุรี ทำฟันเด็ก จัดฟัน ฟันปลอม","Dental clinic","
T, 324/11 M. 6 SENA Avenue (Rattanathibet-Bangbuathong, Sano Loi, Bang Bua Thong District, Nonthaburi 11110, Thailand","WC9C+F3 Sano Loi, Bang Bua Thong District, Nonthaburi, Thailand","","","+66 65 194 1942","","","5.0","412","","","Open","","https://www.google.com/maps/place/Baibua+Dental+Home+%E0%B8%84%E0%B8%A5%E0%B8%B4%E0%B8%99%E0%B8%B4%E0%B8%81%E0%B8%97%E0%B8%B1%E0%B8%99%E0%B8%95%E0%B8%81%E0%B8%A3%E0%B8%A3%E0%B8%A1%E0%B9%83%E0%B8%9A%E0%B8%9A%E0%B8%B1%E0%B8%A7+%E0%B8%9A%E0%B8%B2%E0%B8%87%E0%B8%9A%E0%B8%B1%E0%B8%A7%E0%B8%97%E0%B8%AD%E0%B8%87+%E0%B8%99%E0%B8%99%E0%B8%97%E0%B8%9A%E0%B8%B8%E0%B8%A3%E0%B8%B5+%E0%B8%97%E0%B8%B3%E0%B8%9F%E0%B8%B1%E0%B8%99%E0%B9%80%E0%B8%94%E0%B9%87%E0%B8%81+%E0%B8%88%E0%B8%B1%E0%B8%94%E0%B8%9F%E0%B8%B1%E0%B8%99+%E0%B8%9F%E0%B8%B1%E0%B8%99%E0%B8%9B%E0%B8%A5%E0%B8%AD%E0%B8%A1/data=!4m7!3m6!1s0x30e28fb371e3cf03:0x7199b2c22ceffe26!8m2!3d13.9186369!4d100.4202125!16s%2Fg%2F11vwk5329s!19sChIJA8_jcbOP4jARJv7vLMKymXE?authuser=0&hl=en&rclk=1"
"0x311d5d3f320ca1ff:0xd74b0097ecd030b3","Trust Dental Clinic Market Village Suvarnabhumi คลินิกทันตกรรม ทรัสต์ มาร์เก็ตวิลเลจ สุวรรณภูมิ","Dental clinic","
99/27 หมู่ 1, เทสโก้โลตัสบางพลี, ถนนกิ่งแก้ว, ตำบลราชาเทวะ Bang Phli Yai, Bang Phli District, Samut Prakan 10540, Thailand","JPJ6+X9 Bang Phli Yai, Bang Phli District, Samut Prakan, Thailand","","","+66 65 204 7386","","","4.7","824","","","Open","","https://www.google.com/maps/place/Trust+Dental+Clinic+Market+Village+Suvarnabhumi+%E0%B8%84%E0%B8%A5%E0%B8%B4%E0%B8%99%E0%B8%B4%E0%B8%81%E0%B8%97%E0%B8%B1%E0%B8%99%E0%B8%95%E0%B8%81%E0%B8%A3%E0%B8%A3%E0%B8%A1+%E0%B8%97%E0%B8%A3%E0%B8%B1%E0%B8%AA%E0%B8%95%E0%B9%8C+%E0%B8%A1%E0%B8%B2%E0%B8%A3%E0%B9%8C%E0%B9%80%E0%B8%81%E0%B9%87%E0%B8%95%E0%B8%A7%E0%B8%B4%E0%B8%A5%E0%B9%80%E0%B8%A5%E0%B8%88+%E0%B8%AA%E0%B8%B8%E0%B8%A7%E0%B8%A3%E0%B8%A3%E0%B8%93%E0%B8%A0%E0%B8%B9%E0%B8%A1%E0%B8%B4/data=!4m7!3m6!1s0x311d5d3f320ca1ff:0xd74b0097ecd030b3!8m2!3d13.6324301!4d100.7109264!16s%2Fg%2F11q9qkn_s8!19sChIJ_6EMMj9dHTERszDQ7JcAS9c?authuser=0&hl=en&rclk=1"
"0x311d5f726caf7bbd:0x66bd10ece75a7d40","Artistry Clinic by Khempitak","Medical clinic","
29/33-34 หมู่ 13 ซอยโรงเรียนราชวินิตบางแก้ว ทางคู่ขนาน ถนนบางนา-ตราด Bang Kaeo, Bang Phli District, Samut Prakan 10540, Thailand","JMWF+49 Bang Kaeo, Bang Phli District, Samut Prakan, Thailand","","","+66 65 959 7215","https://artistry-clinic.com/","","4.9","62","","","Open","","https://www.google.com/maps/place/Artistry+Clinic+by+Khempitak/data=!4m7!3m6!1s0x311d5f726caf7bbd:0x66bd10ece75a7d40!8m2!3d13.6453436!4d100.6734172!16s%2Fg%2F11k6r1fz8k!19sChIJvXuvbHJfHTERQH1a5-wQvWY?authuser=0&hl=en&rclk=1"
"0x311d5f168efbd03d:0x86247dbf52270265","คลินิกเพียงยิ้ม ทันตกรรม สาขาเทพารักษ์","Dental clinic","
1054 ติดไปรษณีย์ไทย 8 Thepharak Rd, Tambon Thepharak, เมือง Samut Prakan 10270, Thailand","JJ9X+FF Thepharak, Mueang Samut Prakan District, Samut Prakan, Thailand","","","+66 98 378 1179","https://www.just-smiledentalclinic.com/","","4.9","67","","","Open","","https://www.google.com/maps/place/%E0%B8%84%E0%B8%A5%E0%B8%B4%E0%B8%99%E0%B8%B4%E0%B8%81%E0%B9%80%E0%B8%9E%E0%B8%B5%E0%B8%A2%E0%B8%87%E0%B8%A2%E0%B8%B4%E0%B9%89%E0%B8%A1+%E0%B8%97%E0%B8%B1%E0%B8%99%E0%B8%95%E0%B8%81%E0%B8%A3%E0%B8%A3%E0%B8%A1+%E0%B8%AA%E0%B8%B2%E0%B8%82%E0%B8%B2%E0%B9%80%E0%B8%97%E0%B8%9E%E0%B8%B2%E0%B8%A3%E0%B8%B1%E0%B8%81%E0%B8%A9%E0%B9%8C/data=!4m7!3m6!1s0x311d5f168efbd03d:0x86247dbf52270265!8m2!3d13.6186716!4d100.6486905!16s%2Fg%2F11gbl39hxh!19sChIJPdD7jhZfHTERZQInUr99JIY?authuser=0&hl=en&rclk=1"
"0x30e28f63d8d531f3:0xc59651595016ac25","Cheeze dental clinic","Doctor","
888 Kanchanaphisek Rd, Bang Bua Thong, Bang Bua Thong District, Nonthaburi 11110, Thailand","WCF6+JJ Bang Bua Thong, Bang Bua Thong District, Nonthaburi, Thailand","","","","","","1.4","7","","","Open","","https://www.google.com/maps/place/Cheeze+dental+clinic/data=!4m7!3m6!1s0x30e28f63d8d531f3:0xc59651595016ac25!8m2!3d13.9240521!4d100.4115234!16s%2Fg%2F11h_sgcnp1!19sChIJ8zHV2GOP4jARJawWUFlRlsU?authuser=0&hl=en&rclk=1"
"0x30e2bdfbadbb0ffb:0x25a9d9d01eeef7eb","คลินิกทันตกรรมพีสไมล์","Dental clinic","
35/549 Liap Khlong Phasi Charoen Fang Nuea Rd., Nong Khaem, Bangkok 10160, Thailand","M9P7+R3 Bangkok, Thailand","","","+66 2 421 3045","","","4.8","33","","","","","https://www.google.com/maps/place/%E0%B8%84%E0%B8%A5%E0%B8%B4%E0%B8%99%E0%B8%B4%E0%B8%81%E0%B8%97%E0%B8%B1%E0%B8%99%E0%B8%95%E0%B8%81%E0%B8%A3%E0%B8%A3%E0%B8%A1%E0%B8%9E%E0%B8%B5%E0%B8%AA%E0%B9%84%E0%B8%A1%E0%B8%A5%E0%B9%8C/data=!4m7!3m6!1s0x30e2bdfbadbb0ffb:0x25a9d9d01eeef7eb!8m2!3d13.6870284!4d100.3627112!16s%2Fg%2F1hc22x1ds!19sChIJ-w-7rfu94jAR6_fuHtDZqSU?authuser=0&hl=en&rclk=1"
"0x30e293f34bf274c1:0x50fdca43bbb4827e","คลินิกทันตกรรมไอสไมล์ I Smile Clinic","Dental clinic","
Phutthamonthon Sai 4 Rd, Salaya, Phutthamonthon District, Nakhon Pathom 73170, Thailand","Q8WH+43 Salaya, Phutthamonthon District, Nakhon Pathom, Thailand","","","+66 2 800 3598","http://www.facebook.com/pg/ISMILEclinical/about/?ref=page_internal","","4.9","530","","","Open","","https://www.google.com/maps/place/%E0%B8%84%E0%B8%A5%E0%B8%B4%E0%B8%99%E0%B8%B4%E0%B8%81%E0%B8%97%E0%B8%B1%E0%B8%99%E0%B8%95%E0%B8%81%E0%B8%A3%E0%B8%A3%E0%B8%A1%E0%B9%84%E0%B8%AD%E0%B8%AA%E0%B9%84%E0%B8%A1%E0%B8%A5%E0%B9%8C+I+Smile+Clinic/data=!4m7!3m6!1s0x30e293f34bf274c1:0x50fdca43bbb4827e!8m2!3d13.7953175!4d100.3276776!16s%2Fg%2F1ptvtfwy1!19sChIJwXTyS_OT4jARfoK0u0PK_VA?authuser=0&hl=en&rclk=1"
"0x311d5fda2fd97db5:0x65530cdae1429742","PTT Park Mall","Shopping mall","
25 88 ม.2, Bang Kaeo, Bang Phli District, Samut Prakan 10540, Thailand","JJGR+5H Bang Kaeo, Bang Phli District, Samut Prakan, Thailand","","","+66 94 955 8896","https://www.facebook.com/KGpttPark/","","4.5","464","","","Open","","https://www.google.com/maps/place/PTT+Park+Mall/data=!4m7!3m6!1s0x311d5fda2fd97db5:0x65530cdae1429742!8m2!3d13.6254816!4d100.6414008!16s%2Fg%2F11lh306r8d!19sChIJtX3ZL9pfHTERQpdC4doMU2U?authuser=0&hl=en&rclk=1"
"0x311d63ce42cd6247:0x68781ee404b605f8","SMDC รามคำแหง","Cosmetic dentist","
96 ชั้น 2 ตึกหน้า แม็คโคร ฟู้ดเซอร์วิส สัมมากร ระหว่าง Ramkhamhaeng 110 Alley, Khwaeng Saphan Sung, Saphan Sung, Bangkok 10240, Thailand","QMG9+77 Bangkok, Thailand","","","+66 99 228 8965","http://www.facebook.com/smdcram","","5.0","35","","","Open","","https://www.google.com/maps/place/SMDC+%E0%B8%A3%E0%B8%B2%E0%B8%A1%E0%B8%84%E0%B8%B3%E0%B9%81%E0%B8%AB%E0%B8%87/data=!4m7!3m6!1s0x311d63ce42cd6247:0x68781ee404b605f8!8m2!3d13.7759636!4d100.6680367!16s%2Fg%2F11txrw0cn8!19sChIJR2LNQs5jHTER-AW2BOQeeGg?authuser=0&hl=en&rclk=1"
"0x30e283497ba464f5:0xeba53e39bcce6485","คลินิก สุขภาพฟันดี","Medical clinic","
Ta Sai, Mueang Nonthaburi District, Nonthaburi 11000, Thailand","VGHJ+68 Nonthaburi, Mueang Nonthaburi District, Nonthaburi, Thailand","","","+66 83 404 2875","","","4.2","6","","","Open","","https://www.google.com/maps/place/%E0%B8%84%E0%B8%A5%E0%B8%B4%E0%B8%99%E0%B8%B4%E0%B8%81+%E0%B8%AA%E0%B8%B8%E0%B8%82%E0%B8%A0%E0%B8%B2%E0%B8%9E%E0%B8%9F%E0%B8%B1%E0%B8%99%E0%B8%94%E0%B8%B5/data=!4m7!3m6!1s0x30e283497ba464f5:0xeba53e39bcce6485!8m2!3d13.8781248!4d100.5307787!16s%2Fg%2F1hc3jvpsw!19sChIJ9WSke0mD4jARhWTOvDk-pes?authuser=0&hl=en&rclk=1"
"0x30e29ef6f0ae5703:0x9726de27e26ec3a","TADI - Thai Association of Dental Implantology","Association / Organization","
โครงการ Nirvana@WORK (Zone G) เลขที่ 165/23 ถนน รามอินทรา แขวง อนุสาวรรีย์ Bang Khen, Bangkok 10220, Thailand","VJ95+RM Bangkok, Thailand","","","","http://www.tadi.or.th/","","4.4","7","","","Open","","https://www.google.com/maps/place/TADI+-+Thai+Association+of+Dental+Implantology/data=!4m7!3m6!1s0x30e29ef6f0ae5703:0x9726de27e26ec3a!8m2!3d13.8695661!4d100.6092407!16s%2Fg%2F11rdcqbs7!19sChIJA1eu8Pae4jAROuwmfuJtcgk?authuser=0&hl=en&rclk=1"
"0x311d7d34b568a199:0xd50d57ae894164af","คลินิกทันตกรรม BIG SMILE","Dental clinic","
97/1 หมู่ที่ 6 ถ. วัชรพล Tha Raeng, Bang Khen, Bangkok 10230, Thailand","VJ8W+XH Bangkok, Thailand","","","+66 2 948 0748","https://www.facebook.com/bigsmiledentalclinic","","4.0","20","","","Open","","https://www.google.com/maps/place/%E0%B8%84%E0%B8%A5%E0%B8%B4%E0%B8%99%E0%B8%B4%E0%B8%81%E0%B8%97%E0%B8%B1%E0%B8%99%E0%B8%95%E0%B8%81%E0%B8%A3%E0%B8%A3%E0%B8%A1+BIG+SMILE/data=!4m7!3m6!1s0x311d7d34b568a199:0xd50d57ae894164af!8m2!3d13.8674894!4d100.6464533!16s%2Fg%2F1jkwgqf31!19sChIJmaFotTR9HTERr2RBia5XDdU?authuser=0&hl=en&rclk=1"
"0x30e28ffc21b5012d:0x24e47608cefea1ea","Yes! Dentist","Dentist","
Bang Rak Yai, Bang Bua Thong District, Nonthaburi 11110, Thailand","VCJM+3G Bang Rak Yai, Bang Bua Thong District, Nonthaburi, Thailand","","","+66 81 307 1361","https://www.facebook.com/profile.php?id=61569773061778","","4.8","15","","","Open","","https://www.google.com/maps/place/Yes!+Dentist/data=!4m7!3m6!1s0x30e28ffc21b5012d:0x24e47608cefea1ea!8m2!3d13.8802444!4d100.4338392!16s%2Fg%2F11b6dx6gd0!19sChIJLQG1IfyP4jAR6qH-zgh25CQ?authuser=0&hl=en&rclk=1"
"0x30e283170ea881fb:0x7a438ba53c3255db","เมืองทองทันตแพทย์","Dentist","
29/220 ซอย แจ้งวัฒนะ 14 ถนน แจ้งวัฒนะ Thung Song Hong, Lak Si, Bangkok 10210, Thailand","VHW6+MJ Bangkok, Thailand","","","+66 2 982 4941","","","4.5","16","","","Open","","https://www.google.com/maps/place/%E0%B9%80%E0%B8%A1%E0%B8%B7%E0%B8%AD%E0%B8%87%E0%B8%97%E0%B8%AD%E0%B8%87%E0%B8%97%E0%B8%B1%E0%B8%99%E0%B8%95%E0%B9%81%E0%B8%9E%E0%B8%97%E0%B8%A2%E0%B9%8C/data=!4m7!3m6!1s0x30e283170ea881fb:0x7a438ba53c3255db!8m2!3d13.8966781!4d100.561539!16s%2Fg%2F1ptz6nrvf!19sChIJ-4GoDheD4jAR21UyPKWLQ3o?authuser=0&hl=en&rclk=1"
"0x311d6300101863dd:0xfac4f5d75e497105","คลินิกทันตกรรมศิริ Siri dental clinic","Dental clinic","
104 หมู่บ้านไอดีไซน์ 7 Liap Khlong Song Rd, Bang Chan, Khlong Sam Wa, Bangkok 10510, Thailand","VP53+V3 Bangkok, Thailand","","","+66 64 248 4545","","","4.9","125","","","Open","","https://www.google.com/maps/place/%E0%B8%84%E0%B8%A5%E0%B8%B4%E0%B8%99%E0%B8%B4%E0%B8%81%E0%B8%97%E0%B8%B1%E0%B8%99%E0%B8%95%E0%B8%81%E0%B8%A3%E0%B8%A3%E0%B8%A1%E0%B8%A8%E0%B8%B4%E0%B8%A3%E0%B8%B4+Siri+dental+clinic/data=!4m7!3m6!1s0x311d6300101863dd:0xfac4f5d75e497105!8m2!3d13.8597368!4d100.7026362!16s%2Fg%2F11lf1_htx9!19sChIJ3WMYEABjHTERBXFJXtf1xPo?authuser=0&hl=en&rclk=1"
"0x30e282455187c5c3:0x4aeb034c5b205814","คลินิกทันตกรรม Smile World ดอนเมือง","Dental clinic","
เลขที่1 ตึก RCN house ตรงข้ามตลาดนัด บุญอนันต์ 20 Thanon Song Prapha, Don Mueang, Bangkok 10210, Thailand","WHGP+WH Bangkok, Thailand","","","+66 63 665 1959","https://www.facebook.com/smileworlddc/","","4.4","63","","","Open","","https://www.google.com/maps/place/%E0%B8%84%E0%B8%A5%E0%B8%B4%E0%B8%99%E0%B8%B4%E0%B8%81%E0%B8%97%E0%B8%B1%E0%B8%99%E0%B8%95%E0%B8%81%E0%B8%A3%E0%B8%A3%E0%B8%A1+Smile+World+%E0%B8%94%E0%B8%AD%E0%B8%99%E0%B9%80%E0%B8%A1%E0%B8%B7%E0%B8%AD%E0%B8%87/data=!4m7!3m6!1s0x30e282455187c5c3:0x4aeb034c5b205814!8m2!3d13.9273311!4d100.5864007!16s%2Fg%2F11cspkwd4c!19sChIJw8WHUUWC4jARFFggW0wD60o?authuser=0&hl=en&rclk=1"
"0x30e283b735098a8b:0x21e29862f618cff4","สไมล์เวิล์ดเดนทัลแคร์ดอนเมือง สรงประภา15","Dental clinic","
7 Thanon Song Prapha, Don Mueang, Bangkok 10210, Thailand","WHM7+9W Bangkok, Thailand","","","+66 94 509 6698","","","5.0","15","","","Open","","https://www.google.com/maps/place/%E0%B8%AA%E0%B9%84%E0%B8%A1%E0%B8%A5%E0%B9%8C%E0%B9%80%E0%B8%A7%E0%B8%B4%E0%B8%A5%E0%B9%8C%E0%B8%94%E0%B9%80%E0%B8%94%E0%B8%99%E0%B8%97%E0%B8%B1%E0%B8%A5%E0%B9%81%E0%B8%84%E0%B8%A3%E0%B9%8C%E0%B8%94%E0%B8%AD%E0%B8%99%E0%B9%80%E0%B8%A1%E0%B8%B7%E0%B8%AD%E0%B8%87+%E0%B8%AA%E0%B8%A3%E0%B8%87%E0%B8%9B%E0%B8%A3%E0%B8%B0%E0%B8%A0%E0%B8%B215/data=!4m7!3m6!1s0x30e283b735098a8b:0x21e29862f618cff4!8m2!3d13.9334677!4d100.5648207!16s%2Fg%2F11qgzn_q3k!19sChIJi4oJNbeD4jAR9M8Y9mKY4iE?authuser=0&hl=en&rclk=1"
"0x30e283f78694f441:0x48a14476a3083a1f","คลินิกทันตกรรม Smile Stories (ดอนเมือง)","Dental clinic","
437 ตลาดโอโซนวัน, 9 Thanon Song Prapha, Khwaeng Don Mueang, Khet Don Mueang, Bangkok 10210, Thailand","WHHG+G7 Bangkok, Thailand","","","+66 97 050 9991","https://smilestories.dental/","","5.0","251","","","Open","","https://www.google.com/maps/place/%E0%B8%84%E0%B8%A5%E0%B8%B4%E0%B8%99%E0%B8%B4%E0%B8%81%E0%B8%97%E0%B8%B1%E0%B8%99%E0%B8%95%E0%B8%81%E0%B8%A3%E0%B8%A3%E0%B8%A1+Smile+Stories+%28%E0%B8%94%E0%B8%AD%E0%B8%99%E0%B9%80%E0%B8%A1%E0%B8%B7%E0%B8%AD%E0%B8%87%29/data=!4m7!3m6!1s0x30e283f78694f441:0x48a14476a3083a1f!8m2!3d13.9287633!4d100.5756572!16s%2Fg%2F11w8xmk3w5!19sChIJQfSUhveD4jARHzoIo3ZEoUg?authuser=0&hl=en&rclk=1"
"0x311d7dc11a5200bb:0x38f73ab5873fe8b0","เดนทัลสไมล์ สายไหม คลินิกทันตกรรม","Dental clinic","
49 1 Sai Mai Rd, Sai Mai, Bangkok 10220, Thailand","WJCM+XX Bangkok, Thailand","","","+66 86 437 0040","","","4.2","20","","","Open","","https://www.google.com/maps/place/%E0%B9%80%E0%B8%94%E0%B8%99%E0%B8%97%E0%B8%B1%E0%B8%A5%E0%B8%AA%E0%B9%84%E0%B8%A1%E0%B8%A5%E0%B9%8C+%E0%B8%AA%E0%B8%B2%E0%B8%A2%E0%B9%84%E0%B8%AB%E0%B8%A1+%E0%B8%84%E0%B8%A5%E0%B8%B4%E0%B8%99%E0%B8%B4%E0%B8%81%E0%B8%97%E0%B8%B1%E0%B8%99%E0%B8%95%E0%B8%81%E0%B8%A3%E0%B8%A3%E0%B8%A1/data=!4m7!3m6!1s0x311d7dc11a5200bb:0x38f73ab5873fe8b0!8m2!3d13.9224445!4d100.6349299!16s%2Fg%2F11n86l7n3x!19sChIJuwBSGsF9HTERsOg_h7U69zg?authuser=0&hl=en&rclk=1"
"0x311d7d5da6936e85:0x4b9ab76d4038621","TonCare Dental Clinic คลินิกทันตกรรมต้นแค","Dental clinic","
5 18 Soi Phahon Yothin 73, Khwaeng Sanambin, Khet Don Mueang, Bangkok 10210, Thailand","WJPF+GQ Bangkok, Thailand","","","+66 64 179 1971","","","4.9","23","","","Open","","https://www.google.com/maps/place/TonCare+Dental+Clinic+%E0%B8%84%E0%B8%A5%E0%B8%B4%E0%B8%99%E0%B8%B4%E0%B8%81%E0%B8%97%E0%B8%B1%E0%B8%99%E0%B8%95%E0%B8%81%E0%B8%A3%E0%B8%A3%E0%B8%A1%E0%B8%95%E0%B9%89%E0%B8%99%E0%B9%81%E0%B8%84/data=!4m7!3m6!1s0x311d7d5da6936e85:0x4b9ab76d4038621!8m2!3d13.9363495!4d100.6243872!16s%2Fg%2F11sk8vbpb2!19sChIJhW6Tpl19HTERIYYD1HaruQQ?authuser=0&hl=en&rclk=1"
"0x311d7c5dacda8b8f:0x80ba13afe65291ff","คลินิกทันตกรรมแมกไม้ Makmai Dental Clinic","Dental clinic","
1/50 Sukhaphiban 5 Road, Sai Mai, Bangkok 10220, Thailand","WM9M+JR Bangkok, Thailand","","","+66 2 991 8971","http://www.makmaidental.com/","","4.9","159","","","Open","","https://www.google.com/maps/place/%E0%B8%84%E0%B8%A5%E0%B8%B4%E0%B8%99%E0%B8%B4%E0%B8%81%E0%B8%97%E0%B8%B1%E0%B8%99%E0%B8%95%E0%B8%81%E0%B8%A3%E0%B8%A3%E0%B8%A1%E0%B9%81%E0%B8%A1%E0%B8%81%E0%B9%84%E0%B8%A1%E0%B9%89+Makmai+Dental+Clinic/data=!4m7!3m6!1s0x311d7c5dacda8b8f:0x80ba13afe65291ff!8m2!3d13.9190319!4d100.6845497!16s%2Fg%2F1td7qngp!19sChIJj4varF18HTER_5FS5q8TuoA?authuser=0&hl=en&rclk=1"
"0x30e287005e14a82f:0x1b20086c6e7d72fd","THEIS Dental Clinic - Samkhok (ธีส เดนทัล คลินิกทันตกรรม สาขา สามโคก)","Dental clinic","
PTT Station ปตท 8, 88, 8, Sam Khok, Sam Khok District, Pathum Thani 12160, Thailand","2GWG+F8 Sam Khok, Sam Khok District, Pathum Thani, Thailand","","","+66 62 994 6249","https://www.facebook.com/share/1FuLkHFyCm/?mibextid=wwXIfr","","5.0","392","","","Open","","https://www.google.com/maps/place/THEIS+Dental+Clinic+-+Samkhok+%28%E0%B8%98%E0%B8%B5%E0%B8%AA+%E0%B9%80%E0%B8%94%E0%B8%99%E0%B8%97%E0%B8%B1%E0%B8%A5+%E0%B8%84%E0%B8%A5%E0%B8%B4%E0%B8%99%E0%B8%B4%E0%B8%81%E0%B8%97%E0%B8%B1%E0%B8%99%E0%B8%95%E0%B8%81%E0%B8%A3%E0%B8%A3%E0%B8%A1+%E0%B8%AA%E0%B8%B2%E0%B8%82%E0%B8%B2+%E0%B8%AA%E0%B8%B2%E0%B8%A1%E0%B9%82%E0%B8%84%E0%B8%81%29/data=!4m7!3m6!1s0x30e287005e14a82f:0x1b20086c6e7d72fd!8m2!3d14.0462457!4d100.5258238!16s%2Fg%2F11yfkm47f3!19sChIJL6gUXgCH4jAR_XJ9bmwIIBs?authuser=0&hl=en&rclk=1"
"0x30e2a3afffffffff:0x6b24a924468be8b8","วัตสันบางปะกอก : WATSONS BANGPAKOK : Click & Collect","Health and beauty shop","
No. 534, 2-3 Rama II Soi 3, Bang Pakok, Rat Burana, Bangkok 10140, Thailand","MFHX+2V Bangkok, Thailand","","","+66 92 246 3347","http://www.watsons.co.th/","","4.2","37","","","Open","","https://www.google.com/maps/place/%E0%B8%A7%E0%B8%B1%E0%B8%95%E0%B8%AA%E0%B8%B1%E0%B8%99%E0%B8%9A%E0%B8%B2%E0%B8%87%E0%B8%9B%E0%B8%B0%E0%B8%81%E0%B8%AD%E0%B8%81+:+WATSONS+BANGPAKOK+:+Click+%26+Collect/data=!4m7!3m6!1s0x30e2a3afffffffff:0x6b24a924468be8b8!8m2!3d13.6775027!4d100.4997402!16s%2Fg%2F1tlcymvl!19sChIJ_____6-j4jARuOiLRiSpJGs?authuser=0&hl=en&rclk=1"
"0x311d60717fea4327:0x57fc9de4465ea68d","Seacon Square Post Office","Post office","
ชั้น B1 ลานจอดรถชั้นใต้ดิน เสาที่ 48 55 Srinagarindra Rd, Nong Bon, Prawet, Bangkok 10250, Thailand","MJRX+V8 Bangkok, Thailand","","","+66 2 721 8510","http://www.thailandpost.com/","","2.9","37","","","Open","","https://www.google.com/maps/place/Seacon+Square+Post+Office/data=!4m7!3m6!1s0x311d60717fea4327:0x57fc9de4465ea68d!8m2!3d13.6921831!4d100.6483563!16s%2Fg%2F1tgcjrpl!19sChIJJ0Pqf3FgHTERjaZeRuSd_Fc?authuser=0&hl=en&rclk=1"
"0x30e282bbf635feb7:0x23069ae37b3f91c2","พหลโยธิน48 คลินิคทันตกรรม","Dental clinic","
9/28 อนุเสาวรีย์ Bang Khen, Bangkok 10220, Thailand","VJP3+8F Bangkok, Thailand","","","+66 95 703 4554","","","4.9","10","","","Open","","https://www.google.com/maps/place/%E0%B8%9E%E0%B8%AB%E0%B8%A5%E0%B9%82%E0%B8%A2%E0%B8%98%E0%B8%B4%E0%B8%9948+%E0%B8%84%E0%B8%A5%E0%B8%B4%E0%B8%99%E0%B8%B4%E0%B8%84%E0%B8%97%E0%B8%B1%E0%B8%99%E0%B8%95%E0%B8%81%E0%B8%A3%E0%B8%A3%E0%B8%A1/data=!4m7!3m6!1s0x30e282bbf635feb7:0x23069ae37b3f91c2!8m2!3d13.8857814!4d100.6036571!16s%2Fg%2F11hcq65_xj!19sChIJt_419ruC4jARwpE_e-OaBiM?authuser=0&hl=en&rclk=1"
"0x311d7d001e536a69:0xf943ead8ecd6ce68","Loft studio dental clinic (ออเงิน)","Dental clinic","
555, 147 Soi B Ave., Ao Ngoen, Sai Mai, Bangkok 10220, Thailand","VMW5+7X Bangkok, Thailand","","","+66 83 523 5282","https://www.facebook.com/profile.php?id=61563139633104&mibextid=LQQJ4d","","5.0","108","","","Open","","https://www.google.com/maps/place/Loft+studio+dental+clinic+%28%E0%B8%AD%E0%B8%AD%E0%B9%80%E0%B8%87%E0%B8%B4%E0%B8%99%29/data=!4m7!3m6!1s0x311d7d001e536a69:0xf943ead8ecd6ce68!8m2!3d13.8956775!4d100.6598856!16s%2Fg%2F11lm9m6qsb!19sChIJaWpTHgB9HTERaM7W7NjqQ_k?authuser=0&hl=en&rclk=1"
"0x311d63cddd0984af:0xcc1e523326e040c6","คลินิกทันตกรรมเดอะ โมลาร์แบร์","Dental clinic","
889/43 Seri Thai 43 Alley, Khlong Kum, Bueng Kum, Bangkok 10230, Thailand","Plus Code: QMP9+VW Bangkok, Thailand","","","+66 91 707 7870","","","3.4","5","","","Open","","https://www.google.com/maps/place/%E0%B8%84%E0%B8%A5%E0%B8%B4%E0%B8%99%E0%B8%B4%E0%B8%81%E0%B8%97%E0%B8%B1%E0%B8%99%E0%B8%95%E0%B8%81%E0%B8%A3%E0%B8%A3%E0%B8%A1%E0%B9%80%E0%B8%94%E0%B8%AD%E0%B8%B0+%E0%B9%82%E0%B8%A1%E0%B8%A5%E0%B8%B2%E0%B8%A3%E0%B9%8C%E0%B9%81%E0%B8%9A%E0%B8%A3%E0%B9%8C/data=!4m7!3m6!1s0x311d63cddd0984af:0xcc1e523326e040c6!8m2!3d13.7871536!4d100.6698184!16s%2Fg%2F11hc31mkwr!19sChIJr4QJ3c1jHTERxkDgJjNSHsw?authuser=0&hl=en&rclk=1"
"0x30e28f2c5ccb6785:0x1de348e51ac70fd5","คลินิกทันตกรรมRSM (RSM Dental Care)","Dental clinic","
9, 999 Kanchanaphisek Rd, Bang Rak Phatthana, Bang Bua Thong District, Nonthaburi 11110, Thailand","VCP5+39 Bang Rak Phatthana, Bang Bua Thong District, Nonthaburi, Thailand","","","+66 97 363 6532","https://linktr.ee/rsmdentalcare","","4.9","56","","","Open","","https://www.google.com/maps/place/%E0%B8%84%E0%B8%A5%E0%B8%B4%E0%B8%99%E0%B8%B4%E0%B8%81%E0%B8%97%E0%B8%B1%E0%B8%99%E0%B8%95%E0%B8%81%E0%B8%A3%E0%B8%A3%E0%B8%A1RSM+%28RSM+Dental+Care%29/data=!4m7!3m6!1s0x30e28f2c5ccb6785:0x1de348e51ac70fd5!8m2!3d13.8851808!4d100.4084809!16s%2Fg%2F11w9xmpxvv!19sChIJhWfLXCyP4jAR1Q_HGuVI4x0?authuser=0&hl=en&rclk=1"
"0x30e2930efdeaf22d:0xd97f3e22658c3c06","Add Friend Dental Clinic สาขา ศาลายา","Dental clinic","
200 6, Tambon Salaya, Phutthamonthon District, Nakhon Pathom 73170, Thailand","Q8XH+32 Salaya, Phutthamonthon District, Nakhon Pathom, Thailand","","","+66 2 889 3844","https://www.facebook.com/profile.php?id=100077602848388&mibextid=LQQJ4d","","4.9","466","","","Open","","https://www.google.com/maps/place/Add+Friend+Dental+Clinic+%E0%B8%AA%E0%B8%B2%E0%B8%82%E0%B8%B2+%E0%B8%A8%E0%B8%B2%E0%B8%A5%E0%B8%B2%E0%B8%A2%E0%B8%B2/data=!4m7!3m6!1s0x30e2930efdeaf22d:0xd97f3e22658c3c06!8m2!3d13.797702!4d100.3276208!16s%2Fg%2F11y53z7lgs!19sChIJLfLq_Q6T4jARBjyMZSI-f9k?authuser=0&hl=en&rclk=1"
"0x30e29facb7e28c31:0xbcb78e5cd1454ce2","DR. AUBONRUTT DENTAL OFFICE","Dental clinic","
290/1 Chalermprakiate, Chaloem Phrakiat Ratchakan Thi 9 Rd, Prawet, Bangkok 10250, Thailand","PMFX+F4 Bangkok, Thailand","","","+66 2 288 0339","http://www.bangkokperiodontist.com/","","4.8","25","","","Open","","https://www.google.com/maps/place/DR.+AUBONRUTT+DENTAL+OFFICE/data=!4m7!3m6!1s0x30e29facb7e28c31:0xbcb78e5cd1454ce2!8m2!3d13.723661!4d100.6978641!16s%2Fg%2F1hm44scwg!19sChIJMYzit6yf4jAR4kxF0VyOt7w?authuser=0&hl=en&rclk=1"
"0x311d6174a671b09f:0xc9c75b4cceb7aeef","คลินิกทันตกรรมบ้านหมอฟัน เจมโมโปลิส","Dental clinic","
14 01 Kanchanaphisek 39, ดอกไม้ Prawet, Bangkok 10250, Thailand","MPM4+24 Bangkok, Thailand","","","+66 83 029 5204","","","4.6","59","","","Open","","https://www.google.com/maps/place/%E0%B8%84%E0%B8%A5%E0%B8%B4%E0%B8%99%E0%B8%B4%E0%B8%81%E0%B8%97%E0%B8%B1%E0%B8%99%E0%B8%95%E0%B8%81%E0%B8%A3%E0%B8%A3%E0%B8%A1%E0%B8%9A%E0%B9%89%E0%B8%B2%E0%B8%99%E0%B8%AB%E0%B8%A1%E0%B8%AD%E0%B8%9F%E0%B8%B1%E0%B8%99+%E0%B9%80%E0%B8%88%E0%B8%A1%E0%B9%82%E0%B8%A1%E0%B9%82%E0%B8%9B%E0%B8%A5%E0%B8%B4%E0%B8%AA/data=!4m7!3m6!1s0x311d6174a671b09f:0xc9c75b4cceb7aeef!8m2!3d13.6825824!4d100.7053707!16s%2Fg%2F11fp3r0ntm!19sChIJn7BxpnRhHTER7663zkxbx8k?authuser=0&hl=en&rclk=1"
"0x30e282dbf1150a41:0x3b5f15016a28673b","IT Square Lak Si","Shopping mall","
333 Kamphaeng Phet 6 Rd, Talat Bang Khen, Lak Si, Bangkok 10210, Thailand","VHPJ+GH Bangkok, Thailand","","","+66 2 576 0333","https://th-th.facebook.com/itsquarelaksi/","","4.1","6389","","","Open","Low-key mall with local vendors selling computer, electronics & IT equipment, plus a food court.","https://www.google.com/maps/place/IT+Square+Lak+Si/data=!4m7!3m6!1s0x30e282dbf1150a41:0x3b5f15016a28673b!8m2!3d13.8863623!4d100.5813991!16s%2Fg%2F120wxb4h!19sChIJQQoV8duC4jARO2coagEVXzs?authuser=0&hl=en&rclk=1"
"0x311d672b908cdebf:0xfc162773ffbd0f69","คลินิกทันตกรรม ยูสไมล์ ลาดกระบัง 12","Dental clinic","
58 Lat Krabang 12 Alley, Lat Krabang, Bangkok 10520, Thailand","PPC7+Q8 Bangkok, Thailand","","","+66 2 328 8790","http://www.usmiledental12.com/","","4.3","45","","","Open","","https://www.google.com/maps/place/%E0%B8%84%E0%B8%A5%E0%B8%B4%E0%B8%99%E0%B8%B4%E0%B8%81%E0%B8%97%E0%B8%B1%E0%B8%99%E0%B8%95%E0%B8%81%E0%B8%A3%E0%B8%A3%E0%B8%A1+%E0%B8%A2%E0%B8%B9%E0%B8%AA%E0%B9%84%E0%B8%A1%E0%B8%A5%E0%B9%8C+%E0%B8%A5%E0%B8%B2%E0%B8%94%E0%B8%81%E0%B8%A3%E0%B8%B0%E0%B8%9A%E0%B8%B1%E0%B8%87+12/data=!4m7!3m6!1s0x311d672b908cdebf:0xfc162773ffbd0f69!8m2!3d13.7219917!4d100.7133651!16s%2Fg%2F1yh9vgwc8!19sChIJv96MkCtnHTERaQ-9_3MnFvw?authuser=0&hl=en&rclk=1"
"0x30e2835eb6d150ad:0x1f1e22789fc0e11d","คลินิกทันตกรรม ไดมอนด์","Dental clinic","
352 อนุสาวรีย์ Bang Khen, Bangkok 10220, Thailand","VJV4+4R Bangkok, Thailand","","","+66 64 064 4597","","","5.0","21","","","Open","","https://www.google.com/maps/place/%E0%B8%84%E0%B8%A5%E0%B8%B4%E0%B8%99%E0%B8%B4%E0%B8%81%E0%B8%97%E0%B8%B1%E0%B8%99%E0%B8%95%E0%B8%81%E0%B8%A3%E0%B8%A3%E0%B8%A1+%E0%B9%84%E0%B8%94%E0%B8%A1%E0%B8%AD%E0%B8%99%E0%B8%94%E0%B9%8C/data=!4m7!3m6!1s0x30e2835eb6d150ad:0x1f1e22789fc0e11d!8m2!3d13.8928657!4d100.6070531!16s%2Fg%2F11n5zqn_14!19sChIJrVDRtl6D4jARHeHAn3giHh8?authuser=0&hl=en&rclk=1"
"0x311d7f41fac88a87:0x590bad57263302d3","Rangsit Smile Dental Clinic สาขารังสิตคลอง1","Dental clinic","
360 Leab Klong Rangsit Road Prachathipat, Thanyaburi District, Pathum Thani 12130, Thailand","XJPH+GM Rangsit, Prachathipat, Thanyaburi District, Pathum Thani, Thailand","","","+66 80 098 8998","","","5.0","51","","","Open","","https://www.google.com/maps/place/Rangsit+Smile+Dental+Clinic+%E0%B8%AA%E0%B8%B2%E0%B8%82%E0%B8%B2%E0%B8%A3%E0%B8%B1%E0%B8%87%E0%B8%AA%E0%B8%B4%E0%B8%95%E0%B8%84%E0%B8%A5%E0%B8%AD%E0%B8%871/data=!4m7!3m6!1s0x311d7f41fac88a87:0x590bad57263302d3!8m2!3d13.9863117!4d100.6291682!16s%2Fg%2F11y6b5cmlr!19sChIJh4rI-kF_HTER0wIzJletC1k?authuser=0&hl=en&rclk=1"
"0x311d63fb94d67be9:0x53bf94540ac83206","The Thames Dental Clinic","Dental clinic","
428/9 The Regent Street Prayasuren, Prayasuren Road Ramintra 109, Klongsamwa, Bangkok 10510, Thailand","RMHX+QM Bangkok, Thailand","","","+66 92 469 4616","","","5.0","8","","","","","https://www.google.com/maps/place/The+Thames+Dental+Clinic/data=!4m7!3m6!1s0x311d63fb94d67be9:0x53bf94540ac83206!8m2!3d13.8294642!4d100.6992497!16s%2Fg%2F11kxmykphp!19sChIJ6XvWlPtjHTERBjLIClSUv1M?authuser=0&hl=en&rclk=1"
"0x30e28f17f42e46ed:0xf4d1c7c6ca34faf7","Gentle Dental Clinic","Dental clinic","
61 12, Sao Thong Hin, Bang Yai District, Nonthaburi 11140, Thailand","VCH4+V2 Sao Thong Hin, Bang Yai District, Nonthaburi, Thailand","","","+66 90 887 4863","https://www.facebook.com/GentleDentalClinic/","","4.8","244","","","Open","","https://www.google.com/maps/place/Gentle+Dental+Clinic/data=!4m7!3m6!1s0x30e28f17f42e46ed:0xf4d1c7c6ca34faf7!8m2!3d13.8796557!4d100.4051212!16s%2Fg%2F11gy86gj3g!19sChIJ7UYu9BeP4jAR9_o0ysbH0fQ?authuser=0&hl=en&rclk=1"
"0x30e28fd83ba14bc5:0xfe0601c3da19a086","The orange dental clinic ( ดิออเร้นจ์ สาขาบางใหญ่ )","Dental clinic","
89 11 12 Sao Thong Hin, Bang Yai District, Nonthaburi 11140, Thailand","VCH5+C7 Sao Thong Hin, Bang Yai District, Nonthaburi, Thailand","","","+66 98 971 2999","","","4.8","419","","","Open","","https://www.google.com/maps/place/The+orange+dental+clinic+%28+%E0%B8%94%E0%B8%B4%E0%B8%AD%E0%B8%AD%E0%B9%80%E0%B8%A3%E0%B9%89%E0%B8%99%E0%B8%88%E0%B9%8C+%E0%B8%AA%E0%B8%B2%E0%B8%82%E0%B8%B2%E0%B8%9A%E0%B8%B2%E0%B8%87%E0%B9%83%E0%B8%AB%E0%B8%8D%E0%B9%88+%29/data=!4m7!3m6!1s0x30e28fd83ba14bc5:0xfe0601c3da19a086!8m2!3d13.8785732!4d100.408133!16s%2Fg%2F11f3dds90t!19sChIJxUuhO9iP4jARhqAZ2sMBBv4?authuser=0&hl=en&rclk=1"
"0x4519ad7694618a8d:0x7ff8a3adddff55d7","Cosmetic Tour Asia","Cosmetic surgeon","","","","","+66 97 265 1926","http://www.cosmetictourasia.com/","","5.0","12","","","Open","","https://www.google.com/maps/place/Cosmetic+Tour+Asia/data=!4m7!3m6!1s0x4519ad7694618a8d:0x7ff8a3adddff55d7!8m2!3d13.7245995!4d100.6331108!16s%2Fg%2F11kb0x5s0x!19sChIJjYphlHatGUUR11X_3a2j-H8?authuser=0&hl=en&rclk=1"
"0x30e29027aaaaaaab:0xf91f83eb6e09210c","ศูนย์ทันตกรรมบางใหญ่","Dental clinic","
61/108, ถนนตลิ่งชัน-สุพรรณบุรี, ตำบลเสาธงหิน อำเภอบางใหญ่ นนทบุรี, 11140 Thailand","VCH4+PJ Sao Thong Hin, Bang Yai District, Nonthaburi, Thailand","","","+66 2 926 3718","","","4.5","25","","","Open","","https://www.google.com/maps/place/%E0%B8%A8%E0%B8%B9%E0%B8%99%E0%B8%A2%E0%B9%8C%E0%B8%97%E0%B8%B1%E0%B8%99%E0%B8%95%E0%B8%81%E0%B8%A3%E0%B8%A3%E0%B8%A1%E0%B8%9A%E0%B8%B2%E0%B8%87%E0%B9%83%E0%B8%AB%E0%B8%8D%E0%B9%88/data=!4m7!3m6!1s0x30e29027aaaaaaab:0xf91f83eb6e09210c!8m2!3d13.8792819!4d100.4065107!16s%2Fg%2F1hc6vd21f!19sChIJq6qqqieQ4jARDCEJbuuDH_k?authuser=0&hl=en&rclk=1"
"0x30e283c363bd84c7:0xceb81d07bb46884c","คลินิกทันตกรรมแอทโฮม (At Home Dental Clinic)","Dental clinic","
361 363 Thanon Wat Weru Wanaram, Don Mueang, Bangkok 10210, Thailand","WH99+76 Bangkok, Thailand","","","+66 85 870 3000","","","4.3","16","","","Open","","https://www.google.com/maps/place/%E0%B8%84%E0%B8%A5%E0%B8%B4%E0%B8%99%E0%B8%B4%E0%B8%81%E0%B8%97%E0%B8%B1%E0%B8%99%E0%B8%95%E0%B8%81%E0%B8%A3%E0%B8%A3%E0%B8%A1%E0%B9%81%E0%B8%AD%E0%B8%97%E0%B9%82%E0%B8%AE%E0%B8%A1+%28At+Home+Dental+Clinic%29/data=!4m7!3m6!1s0x30e283c363bd84c7:0xceb81d07bb46884c!8m2!3d13.9182062!4d100.5680049!16s%2Fg%2F11h48j568v!19sChIJx4S9Y8OD4jARTIhGuwcduM4?authuser=0&hl=en&rclk=1"
"0x30e2bc4ee796ca0d:0x5a35c728895df56f","สุขุมทันตคลีนิก โดยทันตแพทย์สุขุม กัมทรทิพย์","Dental clinic","
145 Bang Bon 1 Rd, Khlong Bang Phran, Bang Bon, Bangkok 10150, Thailand","MCJF+2F Bangkok, Thailand","","","+66 2 416 5364","","","4.4","7","","","Open","","https://www.google.com/maps/place/%E0%B8%AA%E0%B8%B8%E0%B8%82%E0%B8%B8%E0%B8%A1%E0%B8%97%E0%B8%B1%E0%B8%99%E0%B8%95%E0%B8%84%E0%B8%A5%E0%B8%B5%E0%B8%99%E0%B8%B4%E0%B8%81+%E0%B9%82%E0%B8%94%E0%B8%A2%E0%B8%97%E0%B8%B1%E0%B8%99%E0%B8%95%E0%B9%81%E0%B8%9E%E0%B8%97%E0%B8%A2%E0%B9%8C%E0%B8%AA%E0%B8%B8%E0%B8%82%E0%B8%B8%E0%B8%A1+%E0%B8%81%E0%B8%B1%E0%B8%A1%E0%B8%97%E0%B8%A3%E0%B8%97%E0%B8%B4%E0%B8%9E%E0%B8%A2%E0%B9%8C/data=!4m7!3m6!1s0x30e2bc4ee796ca0d:0x5a35c728895df56f!8m2!3d13.6800941!4d100.4236427!16s%2Fg%2F1hc7fgr55!19sChIJDcqW50684jARb_VdiSjHNVo?authuser=0&hl=en&rclk=1"
"0x311d5e3cd123b59f:0x809e91fcb143d300","P. A. Dental Clinic","Prosthodontist","
6/722 ม.8 ม.รามคำ​แหง​2 ซ.19 ถนน บางนา-ตราด ดอกไม้ Prawet, Bangkok 10250, Thailand","MMCM+6F Bangkok, Thailand","","","+66 90 568 3245","","","4.6","125","","","Open","","https://www.google.com/maps/place/P.+A.+Dental+Clinic/data=!4m7!3m6!1s0x311d5e3cd123b59f:0x809e91fcb143d300!8m2!3d13.6705601!4d100.683652!16s%2Fg%2F1tdjz1gq!19sChIJn7Uj0TxeHTERANNDsfyRnoA?authuser=0&hl=en&rclk=1"
"0x30e2838b60e7faeb:0x147d44c5f2b8bc29","คลินิกทำฟันทันตกรรมเด็นทัลฟิต","Dental clinic","
37/4 Samakkee 58/10 Alley, Ta Sai, Mueang Nonthaburi District, Nonthaburi 11000, Thailand","VGHP+MW Nonthaburi, Mueang Nonthaburi District, Nonthaburi, Thailand","","","+66 2 076 2779","https://www.facebook.com/DentalFitDentalClinicSamakkee/","","5.0","5","","","Open","","https://www.google.com/maps/place/%E0%B8%84%E0%B8%A5%E0%B8%B4%E0%B8%99%E0%B8%B4%E0%B8%81%E0%B8%97%E0%B8%B3%E0%B8%9F%E0%B8%B1%E0%B8%99%E0%B8%97%E0%B8%B1%E0%B8%99%E0%B8%95%E0%B8%81%E0%B8%A3%E0%B8%A3%E0%B8%A1%E0%B9%80%E0%B8%94%E0%B9%87%E0%B8%99%E0%B8%97%E0%B8%B1%E0%B8%A5%E0%B8%9F%E0%B8%B4%E0%B8%95/data=!4m7!3m6!1s0x30e2838b60e7faeb:0x147d44c5f2b8bc29!8m2!3d13.8792469!4d100.5372515!16s%2Fg%2F11xcjpl741!19sChIJ6_rnYIuD4jARKby48sVEfRQ?authuser=0&hl=en&rclk=1"
"0x30e29057f9dcf869:0x4bd3a0d6b81ee275","อรนุชทันตแพทย์คลินิกทันตกรรม","Dental clinic","
99 5 Soi Wat Pra Nguen, Bang Muang, Bang Yai District, Nonthaburi 11140, Thailand","RCJ4+R6 Bang Muang, Bang Yai District, Nonthaburi, Thailand","","","+66 2 903 9149","","","5.0","9","","","Open","","https://www.google.com/maps/place/%E0%B8%AD%E0%B8%A3%E0%B8%99%E0%B8%B8%E0%B8%8A%E0%B8%97%E0%B8%B1%E0%B8%99%E0%B8%95%E0%B9%81%E0%B8%9E%E0%B8%97%E0%B8%A2%E0%B9%8C%E0%B8%84%E0%B8%A5%E0%B8%B4%E0%B8%99%E0%B8%B4%E0%B8%81%E0%B8%97%E0%B8%B1%E0%B8%99%E0%B8%95%E0%B8%81%E0%B8%A3%E0%B8%A3%E0%B8%A1/data=!4m7!3m6!1s0x30e29057f9dcf869:0x4bd3a0d6b81ee275!8m2!3d13.8320755!4d100.4056185!16s%2Fg%2F11dxb2vd_2!19sChIJafjc-VeQ4jARdeIeuNag00s?authuser=0&hl=en&rclk=1"
"0x30e28315b9f825ab:0x32a77dbbd12de2ed","Smiles R Us (คลีนิคทำฟัน)","Dental clinic","
ชั้น1 เทสโก้โลตัส แจ้งวัฒนะ เขตหลักสี่, แขวง ตลาดบางเขน, หลักสี่, Bangkok 10210, Thailand","VHW4+9C Bangkok, Thailand","","","+66 84 555 1888","https://www.facebook.com/share/19un7RZGDs/?mibextid=wwXIfr","","4.3","23","","","Open","","https://www.google.com/maps/place/Smiles+R+Us+%28%E0%B8%84%E0%B8%A5%E0%B8%B5%E0%B8%99%E0%B8%B4%E0%B8%84%E0%B8%97%E0%B8%B3%E0%B8%9F%E0%B8%B1%E0%B8%99%29/data=!4m7!3m6!1s0x30e28315b9f825ab:0x32a77dbbd12de2ed!8m2!3d13.895911!4d100.5560329!16s%2Fg%2F11f355smfk!19sChIJqyX4uRWD4jAR7eIt0bt9pzI?authuser=0&hl=en&rclk=1"
"0x30e295f3dc450b25:0xba7a1498958afd0","คลินิกทันตกรรม ยู้ฮู (UHU dental clinic)","Dental clinic","
Trio, 88/107 Phutthamonthon Sai 4 Rd, Tambon Om Noi, Katumban, Samut Sakhon 74130, Thailand","P85H+WX Om Noi, Krathum Baen District, Samut Sakhon, Thailand","","","+66 95 492 2355","","","5.0","9","","","Open","","https://www.google.com/maps/place/%E0%B8%84%E0%B8%A5%E0%B8%B4%E0%B8%99%E0%B8%B4%E0%B8%81%E0%B8%97%E0%B8%B1%E0%B8%99%E0%B8%95%E0%B8%81%E0%B8%A3%E0%B8%A3%E0%B8%A1+%E0%B8%A2%E0%B8%B9%E0%B9%89%E0%B8%AE%E0%B8%B9+%28UHU+dental+clinic%29/data=!4m7!3m6!1s0x30e295f3dc450b25:0xba7a1498958afd0!8m2!3d13.7098367!4d100.3298803!16s%2Fg%2F11y3_3___2!19sChIJJQtF3POV4jAR0K9YiUmhpws?authuser=0&hl=en&rclk=1"
"0x30e284920630d403:0xf5150683f253a5aa","Jamjuree Dental Clinic by Dr.Suchit","Health","
116/7 Chaeng Watthana Rd, Pak Kret, Pak Kret District, Nonthaburi 11120, Thailand","WF7W+6G Pakkret, Pak Kret District, Nonthaburi, Thailand","","","+66 2 583 6510","","","4.9","7","","","Open","","https://www.google.com/maps/place/Jamjuree+Dental+Clinic+by+Dr.Suchit/data=!4m7!3m6!1s0x30e284920630d403:0xf5150683f253a5aa!8m2!3d13.9130191!4d100.4962996!16s%2Fg%2F1hc3jvd0b!19sChIJA9QwBpKE4jARqqVT8oMGFfU?authuser=0&hl=en&rclk=1"
"0x311d63f41e891511:0xaf61754ad833051","คลินิกทันตกรรมรักยิ้ม","Dental clinic","
เลขที่ 2/10 1 ซอยวัชรพล ถนนวัชรพล 2 Tha Raeng, Bang Khen, Bangkok 10230, Thailand","Plus Code: VJ5V+69 Bangkok, Thailand","","","+66 95 251 5579","","","4.1","38","","","Open","","https://www.google.com/maps/place/%E0%B8%84%E0%B8%A5%E0%B8%B4%E0%B8%99%E0%B8%B4%E0%B8%81%E0%B8%97%E0%B8%B1%E0%B8%99%E0%B8%95%E0%B8%81%E0%B8%A3%E0%B8%A3%E0%B8%A1%E0%B8%A3%E0%B8%B1%E0%B8%81%E0%B8%A2%E0%B8%B4%E0%B9%89%E0%B8%A1/data=!4m7!3m6!1s0x311d63f41e891511:0xaf61754ad833051!8m2!3d13.8580242!4d100.6434113!16s%2Fg%2F11gxth49yt!19sChIJERWJHvRjHTERUTCDrVQX9go?authuser=0&hl=en&rclk=1"
"0x30e283ece6a6d0df:0x71113252db62f49","PasoOk Dental clinic","Dental clinic","
50/4 Thanon Song Prapha, Don Mueang, Bangkok 10210, Thailand","Plus Code: WHHJ+3R Bangkok, Thailand","","","+66 63 907 7171","https://www.facebook.com/Pasookdentalclinic","","4.9","202","","","Open","","https://www.google.com/maps/place/PasoOk+Dental+clinic/data=!4m7!3m6!1s0x30e283ece6a6d0df:0x71113252db62f49!8m2!3d13.9276514!4d100.5820727!16s%2Fg%2F11jgk89qfd!19sChIJ39Cm5uyD4jARSS-2LSUTEQc?authuser=0&hl=en&rclk=1"
"0x30e2bda66b71f39b:0xc4ac90b699aca767","เดอะริช พลาซ่า","Shopping Centre","
Ekkachai Frontage Rd, Bang Bon Nuea, Bang Bon, Bangkok 10150, Thailand","Plus Code: M95X+H8 Bangkok, Thailand","","","+66 88 018 4888","http://www.tnrproperty.com/16841483/%E0%B9%80%E0%B8%94%E0%B8%AD%E0%B8%B0%E0%B8%A3%E0%B8%B4%E0%B8%8A-%E0%B9%80%E0%B8%AD%E0%B8%81%E0%B8%8A%E0%B8%B1%E0%B8%A2-1023","","4.4","370","","","Open","","https://www.google.com/maps/place/%E0%B9%80%E0%B8%94%E0%B8%AD%E0%B8%B0%E0%B8%A3%E0%B8%B4%E0%B8%8A+%E0%B8%9E%E0%B8%A5%E0%B8%B2%E0%B8%8B%E0%B9%88%E0%B8%B2/data=!4m7!3m6!1s0x30e2bda66b71f39b:0xc4ac90b699aca767!8m2!3d13.6589945!4d100.3983504!16s%2Fg%2F11glwmvxlh!19sChIJm_Nxa6a94jARZ6esmbaQrMQ?authuser=0&hl=en&rclk=1"
"0x30e296177dfc597b:0xd18cd664db67d9e5","คลินิก ทันตกรรมยิ้มสุขใจ","Dental clinic","
37 ปาก ซอย เพชรเกษม 71 Nong Khang Phlu, Nong Khaem, Bangkok 10160, Thailand","P949+RJ Bangkok, Thailand","","","+66 99 286 8229","https://yimsookjaidentalclinic.com/","","5.0","20","","","Open","","https://www.google.com/maps/place/%E0%B8%84%E0%B8%A5%E0%B8%B4%E0%B8%99%E0%B8%B4%E0%B8%81+%E0%B8%97%E0%B8%B1%E0%B8%99%E0%B8%95%E0%B8%81%E0%B8%A3%E0%B8%A3%E0%B8%A1%E0%B8%A2%E0%B8%B4%E0%B9%89%E0%B8%A1%E0%B8%AA%E0%B8%B8%E0%B8%82%E0%B9%83%E0%B8%88/data=!4m7!3m6!1s0x30e296177dfc597b:0xd18cd664db67d9e5!8m2!3d13.707117!4d100.3690287!16s%2Fg%2F11c70hj30r!19sChIJe1n8fReW4jAR5dln22TWjNE?authuser=0&hl=en&rclk=1"
"0x30e284702fdfbaed:0x33e39f92d3c96e62","Ice Dental","Dental clinic","
219/63 หมู่3 ถนนติวานนท์ Tambon Bang Phut, Pak Kret District, Nonthaburi 11120, Thailand","WGJ9+PJ Pakkret, Pak Kret District, Nonthaburi, Thailand","","","+66 83 670 2288","","","3.2","6","","","Open","","https://www.google.com/maps/place/Ice+Dental/data=!4m7!3m6!1s0x30e284702fdfbaed:0x33e39f92d3c96e62!8m2!3d13.931869!4d100.5190574!16s%2Fg%2F11c5s8311s!19sChIJ7brfL3CE4jARYm7J05Kf4zM?authuser=0&hl=en&rclk=1"
"0x30e28371eb5c2c77:0x11f967c314752e78","คลินิกทันตกรรมเมืองประชา- สาขาเมืองทองธานี","Dental clinic","
หมู่บ้าน คอนโดป็อปปูล่า, บธานี, เลขที่ 5/37 ซี 3 เมืองทองธานี Tambon Ban Mai, Pak Kret District, Nonthaburi 11120, Thailand","WH53+R3 Pakkret, Pak Kret District, Nonthaburi, Thailand","","","+66 86 969 5192","https://www.muangprachadentalclinic.com/","","4.8","33","","","Open","","https://www.google.com/maps/place/%E0%B8%84%E0%B8%A5%E0%B8%B4%E0%B8%99%E0%B8%B4%E0%B8%81%E0%B8%97%E0%B8%B1%E0%B8%99%E0%B8%95%E0%B8%81%E0%B8%A3%E0%B8%A3%E0%B8%A1%E0%B9%80%E0%B8%A1%E0%B8%B7%E0%B8%AD%E0%B8%87%E0%B8%9B%E0%B8%A3%E0%B8%B0%E0%B8%8A%E0%B8%B2-+%E0%B8%AA%E0%B8%B2%E0%B8%82%E0%B8%B2%E0%B9%80%E0%B8%A1%E0%B8%B7%E0%B8%AD%E0%B8%87%E0%B8%97%E0%B8%AD%E0%B8%87%E0%B8%98%E0%B8%B2%E0%B8%99%E0%B8%B5/data=!4m7!3m6!1s0x30e28371eb5c2c77:0x11f967c314752e78!8m2!3d13.9095008!4d100.552697!16s%2Fg%2F11y46xn3c1!19sChIJdyxc63GD4jAReC51FMNn-RE?authuser=0&hl=en&rclk=1"
"0x30e2838e787794c3:0x5d4143e0f0542411","คลินิกทันตกรรมเชิงสะพานปากเกร็ด","Dentist","
เลขที่ 70/95 Chaeng Watthana Rd, Tambon Pak Kret, Pak Kret District, Nonthaburi 11120, Thailand","WF6X+J9 Pakkret, Pak Kret District, Nonthaburi, Thailand","","","+66 2 960 6069","","","5.0","6","","","","","https://www.google.com/maps/place/%E0%B8%84%E0%B8%A5%E0%B8%B4%E0%B8%99%E0%B8%B4%E0%B8%81%E0%B8%97%E0%B8%B1%E0%B8%99%E0%B8%95%E0%B8%81%E0%B8%A3%E0%B8%A3%E0%B8%A1%E0%B9%80%E0%B8%8A%E0%B8%B4%E0%B8%87%E0%B8%AA%E0%B8%B0%E0%B8%9E%E0%B8%B2%E0%B8%99%E0%B8%9B%E0%B8%B2%E0%B8%81%E0%B9%80%E0%B8%81%E0%B8%A3%E0%B9%87%E0%B8%94/data=!4m7!3m6!1s0x30e2838e787794c3:0x5d4143e0f0542411!8m2!3d13.9115147!4d100.4984977!16s%2Fg%2F11c5b148_c!19sChIJw5R3eI6D4jARESRU8OBDQV0?authuser=0&hl=en&rclk=1"
"0x311d63d1a33afced:0x7c23b00e2ffe42a5","The Alley Ramindra","Shopping mall","
589 Ram Inthra Rd, Ram Inthra, Khan Na Yao, Bangkok 10230, Thailand","RMM9+2P Bangkok, Thailand","","","+66 98 507 8000","https://thealleyramintra.com/","","4.5","479","Moderately priced","€€","Open","","https://www.google.com/maps/place/The+Alley+Ramindra/data=!4m7!3m6!1s0x311d63d1a33afced:0x7c23b00e2ffe42a5!8m2!3d13.8325983!4d100.6692676!16s%2Fg%2F11nmsn8g0j!19sChIJ7fw6o9FjHTERpUL-Lw6wI3w?authuser=0&hl=en&rclk=1"
"0x311d64899db414fb:0x68c551b1bd8bd78e","คลินิกทันตกรรมฟอร์จูนเดนทัลโฮม","Dental clinic","
1 132 ถนน หมู่บ้านพาทาโกเนีย 2 Min Buri, Bangkok 10510, Thailand","RPCG+47 Bangkok, Thailand","","","+66 95 010 7171","https://m.facebook.com/fortunedentalhome/?locale2=th_TH","","4.8","140","","","Open","","https://www.google.com/maps/place/%E0%B8%84%E0%B8%A5%E0%B8%B4%E0%B8%99%E0%B8%B4%E0%B8%81%E0%B8%97%E0%B8%B1%E0%B8%99%E0%B8%95%E0%B8%81%E0%B8%A3%E0%B8%A3%E0%B8%A1%E0%B8%9F%E0%B8%AD%E0%B8%A3%E0%B9%8C%E0%B8%88%E0%B8%B9%E0%B8%99%E0%B9%80%E0%B8%94%E0%B8%99%E0%B8%97%E0%B8%B1%E0%B8%A5%E0%B9%82%E0%B8%AE%E0%B8%A1/data=!4m7!3m6!1s0x311d64899db414fb:0x68c551b1bd8bd78e!8m2!3d13.8203451!4d100.7256977!16s%2Fg%2F11f0kvlgyz!19sChIJ-xS0nYlkHTERjteLvbFRxWg?authuser=0&hl=en&rclk=1"
"0x30e2834ea0a7202b:0x8e62b5252387c51f","คลินิกทันตกรรมการ์เด้น เดนเต้ Garden Dente Clinic","Dental clinic","
15 ซอย ถ. นาวงประชาพัฒนา 5 Si Kan, Don Mueang, Bangkok 10210, Thailand","WHP8+CH Bangkok, Thailand","","","+66 61 546 2626","","","5.0","10","","","Open","","https://www.google.com/maps/place/%E0%B8%84%E0%B8%A5%E0%B8%B4%E0%B8%99%E0%B8%B4%E0%B8%81%E0%B8%97%E0%B8%B1%E0%B8%99%E0%B8%95%E0%B8%81%E0%B8%A3%E0%B8%A3%E0%B8%A1%E0%B8%81%E0%B8%B2%E0%B8%A3%E0%B9%8C%E0%B9%80%E0%B8%94%E0%B9%89%E0%B8%99+%E0%B9%80%E0%B8%94%E0%B8%99%E0%B9%80%E0%B8%95%E0%B9%89+Garden+Dente+Clinic/data=!4m7!3m6!1s0x30e2834ea0a7202b:0x8e62b5252387c51f!8m2!3d13.9360265!4d100.5664559!16s%2Fg%2F11t59z5jpl!19sChIJKyCnoE6D4jARH8WHIyW1Yo4?authuser=0&hl=en&rclk=1"
"0x311d646123a10683:0xace4ca69b97ea9f3","MeeeMouth Dental Clinic คลินิก มีเมาธ ทำฟัน จัดฟัน บัตรทอง ประกันสังคม ตลาดมีนบุรี หนองจอก ลาดกระบัง นิมิตรใหม่ ลำลูกกา","Dental clinic","
487 Sihaburanukit Rd, Min Buri, Bangkok 10510, Thailand","RP7H+5J Bangkok, Thailand","","","+66 2 540 6330","http://www.facebook.com/MinburiDental","","3.8","32","","","Open","","https://www.google.com/maps/place/MeeeMouth+Dental+Clinic+%E0%B8%84%E0%B8%A5%E0%B8%B4%E0%B8%99%E0%B8%B4%E0%B8%81+%E0%B8%A1%E0%B8%B5%E0%B9%80%E0%B8%A1%E0%B8%B2%E0%B8%98+%E0%B8%97%E0%B8%B3%E0%B8%9F%E0%B8%B1%E0%B8%99+%E0%B8%88%E0%B8%B1%E0%B8%94%E0%B8%9F%E0%B8%B1%E0%B8%99+%E0%B8%9A%E0%B8%B1%E0%B8%95%E0%B8%A3%E0%B8%97%E0%B8%AD%E0%B8%87+%E0%B8%9B%E0%B8%A3%E0%B8%B0%E0%B8%81%E0%B8%B1%E0%B8%99%E0%B8%AA%E0%B8%B1%E0%B8%87%E0%B8%84%E0%B8%A1+%E0%B8%95%E0%B8%A5%E0%B8%B2%E0%B8%94%E0%B8%A1%E0%B8%B5%E0%B8%99%E0%B8%9A%E0%B8%B8%E0%B8%A3%E0%B8%B5+%E0%B8%AB%E0%B8%99%E0%B8%AD%E0%B8%87%E0%B8%88%E0%B8%AD%E0%B8%81+%E0%B8%A5%E0%B8%B2%E0%B8%94%E0%B8%81%E0%B8%A3%E0%B8%B0%E0%B8%9A%E0%B8%B1%E0%B8%87+%E0%B8%99%E0%B8%B4%E0%B8%A1%E0%B8%B4%E0%B8%95%E0%B8%A3%E0%B9%83%E0%B8%AB%E0%B8%A1%E0%B9%88+%E0%B8%A5%E0%B8%B3%E0%B8%A5%E0%B8%B9%E0%B8%81%E0%B8%81%E0%B8%B2/data=!4m7!3m6!1s0x311d646123a10683:0xace4ca69b97ea9f3!8m2!3d13.8128951!4d100.7290385!16s%2Fg%2F1ptwxjykn!19sChIJgwahI2FkHTER86l-uWnK5Kw?authuser=0&hl=en&rclk=1"
"0x311d7ddd883001a3:0x5b543e54c716c557","คลินิกทันตกรรมพอส POSS Dental Clinic สาขาลำลูกกาคลองสอง","Dental clinic","
22 16 ถนนฟ้าคราม Khu Khot, Lam Luk Ka District, Pathum Thani 12130, Thailand","XJ2R+8V Khu Khot, Lam Luk Ka District, Pathum Thani, Thailand","","","+66 99 393 3924","","","3.7","18","","","Open","","https://www.google.com/maps/place/%E0%B8%84%E0%B8%A5%E0%B8%B4%E0%B8%99%E0%B8%B4%E0%B8%81%E0%B8%97%E0%B8%B1%E0%B8%99%E0%B8%95%E0%B8%81%E0%B8%A3%E0%B8%A3%E0%B8%A1%E0%B8%9E%E0%B8%AD%E0%B8%AA+POSS+Dental+Clinic+%E0%B8%AA%E0%B8%B2%E0%B8%82%E0%B8%B2%E0%B8%A5%E0%B8%B3%E0%B8%A5%E0%B8%B9%E0%B8%81%E0%B8%81%E0%B8%B2%E0%B8%84%E0%B8%A5%E0%B8%AD%E0%B8%87%E0%B8%AA%E0%B8%AD%E0%B8%87/data=!4m7!3m6!1s0x311d7ddd883001a3:0x5b543e54c716c557!8m2!3d13.9508531!4d100.6422245!16s%2Fg%2F11c2pg51q_!19sChIJowEwiN19HTERV8UWx1Q-VFs?authuser=0&hl=en&rclk=1"
"0x311d672bc00d460b:0x4adca45cd5a6632c","Lotus’s go fresh","Grocery store","
48 Lat Krabang, Bangkok 10520, Thailand","PPF7+2J Bangkok, Thailand","","","+66 62 605 7495","http://www.lotuss.com/","","4.0","298","","","Open","","https://www.google.com/maps/place/Lotus%E2%80%99s+go+fresh/data=!4m7!3m6!1s0x311d672bc00d460b:0x4adca45cd5a6632c!8m2!3d13.7225154!4d100.7140038!16s%2Fg%2F1hm2fcyj2!19sChIJC0YNwCtnHTERLGOm1Vyk3Eo?authuser=0&hl=en&rclk=1"
"0x30e28400e5c26509:0x64b7f18b814135dc","บจ.เอ-อาเธอร์ แอดวานซ์ จำกัด","Dental clinic","
109 36 - 37 Pathum Thani-Sai Nai Alley, Bang Khayaeng, Mueang Pathum Thani District, Pathum Thani 12000, Thailand","XG5G+VW Bang Khayaeng, Mueang Pathum Thani District, Pathum Thani, Thailand","","","+66 95 094 5154","https://openlink.co/thedentalhaus","","5.0","596","","","Open","","https://www.google.com/maps/place/%E0%B8%9A%E0%B8%88.%E0%B9%80%E0%B8%AD-%E0%B8%AD%E0%B8%B2%E0%B9%80%E0%B8%98%E0%B8%AD%E0%B8%A3%E0%B9%8C+%E0%B9%81%E0%B8%AD%E0%B8%94%E0%B8%A7%E0%B8%B2%E0%B8%99%E0%B8%8B%E0%B9%8C+%E0%B8%88%E0%B8%B3%E0%B8%81%E0%B8%B1%E0%B8%94/data=!4m7!3m6!1s0x30e28400e5c26509:0x64b7f18b814135dc!8m2!3d13.9597444!4d100.5273663!16s%2Fg%2F11f4lct1zy!19sChIJCWXC5QCE4jAR3DVBgYvxt2Q?authuser=0&hl=en&rclk=1"
"0x311d6477b9bb623f:0x380b01836c66b071","Dr. Puen Clinic","Medical clinic","
2 22 Seri Thai 89 Alley, Min Buri, Bangkok 10510, Thailand","RP35+CM Bangkok, Thailand","","","+66 86 310 3151","","","5.0","13","","","Open","","https://www.google.com/maps/place/Dr.+Puen+Clinic/data=!4m7!3m6!1s0x311d6477b9bb623f:0x380b01836c66b071!8m2!3d13.8035693!4d100.7092424!16s%2Fg%2F1hc2sdvnf!19sChIJP2K7uXdkHTERcbBmbIMBCzg?authuser=0&hl=en&rclk=1"
"0x311d5d5e645d8bfb:0x8ff3ad61c04369d8","Pro Smile Dental Care (Bang Phli)","Dental clinic","
456/8 Thepharak Rd, Bang Pla, Bang Phli District, Samut Prakan 10540, Thailand","HPWR+FP Bang Pla, Bang Phli District, Samut Prakan, Thailand","","","+66 95 624 9664","https://www.facebook.com/prosmiledentalcareofficial","","4.8","66","","","Open","","https://www.google.com/maps/place/Pro+Smile+Dental+Care+%28Bang+Phli%29/data=!4m7!3m6!1s0x311d5d5e645d8bfb:0x8ff3ad61c04369d8!8m2!3d13.5961994!4d100.7418749!16s%2Fg%2F11sj75k92p!19sChIJ-4tdZF5dHTER2GlDwGGt848?authuser=0&hl=en&rclk=1"
"0x30e28fd99860fe0f:0x9505188fa96a6987","Big C Extra Bangyai","Hypermarket","
9 9 ถนน ตลิ่งชัน - สุพรรณบุรี, Bang Rak Phatthana, Bang Bua Thong District, Nonthaburi 11110, Thailand","VCM5+54 Bang Rak Phatthana, Bang Bua Thong District, Nonthaburi, Thailand","","","+66 2 903 1115","http://www.bigc.co.th/","","4.2","4343","Moderately priced","€€","Open","","https://www.google.com/maps/place/Big+C+Extra+Bangyai/data=!4m7!3m6!1s0x30e28fd99860fe0f:0x9505188fa96a6987!8m2!3d13.8829839!4d100.4078357!16s%2Fg%2F119w0df6y!19sChIJD_5gmNmP4jARh2lqqY8YBZU?authuser=0&hl=en&rclk=1"
"0x311d669f62866429:0xa6f807500febbcfe","Big C Foodplace Kheha Romklao","Supermarket","
8/1-3 Thanon Kheha Rom Klao, Khlong Song Ton Nun, Lat Krabang, Bangkok 10520, Thailand","QP8F+4X Bangkok, Thailand","","","+66 2 329 9123","http://www.bigc.co.th/","","4.2","2023","Moderately priced","$$","Open","","https://www.google.com/maps/place/Big+C+Foodplace+Kheha+Romklao/data=!4m7!3m6!1s0x311d669f62866429:0xa6f807500febbcfe!8m2!3d13.7653541!4d100.72498!16s%2Fg%2F1hc7xr089!19sChIJKWSGYp9mHTER_rzrD1AH-KY?authuser=0&hl=en&rclk=1"
"0x30e2824e358157ff:0x5359936fe5b29ff2","วิชัยคลินิกทันตกรรม","Dentist","
310, 383 Thanon Song Prapha, Si Kan, Don Mueang, Bangkok 10210, Thailand","WHGR+C7 Bangkok, Thailand","","","+66 2 566 1405","","","3.2","5","","","Open","","https://www.google.com/maps/place/%E0%B8%A7%E0%B8%B4%E0%B8%8A%E0%B8%B1%E0%B8%A2%E0%B8%84%E0%B8%A5%E0%B8%B4%E0%B8%99%E0%B8%B4%E0%B8%81%E0%B8%97%E0%B8%B1%E0%B8%99%E0%B8%95%E0%B8%81%E0%B8%A3%E0%B8%A3%E0%B8%A1/data=!4m7!3m6!1s0x30e2824e358157ff:0x5359936fe5b29ff2!8m2!3d13.9261097!4d100.5906701!16s%2Fg%2F1hc1934sj!19sChIJ_1eBNU6C4jAR8p-y5W-TWVM?authuser=0&hl=en&rclk=1"
"0x30e2941ed662063f:0x1f531c7dba9111af","Bangkok Thonburi University","Private university","
16, 10 Thawi Watthana, Bangkok 10170, Thailand","Q89W+C2 Bangkok, Thailand","","","+66 2 800 6800","http://www.bkkthon.ac.th/","","4.4","582","","","Open","","https://www.google.com/maps/place/Bangkok+Thonburi+University/data=!4m7!3m6!1s0x30e2941ed662063f:0x1f531c7dba9111af!8m2!3d13.7685608!4d100.34508!16s%2Fm%2F027p870!19sChIJPwZi1h6U4jARrxGRun0cUx8?authuser=0&hl=en&rclk=1"
"0x30e2937093cbd675:0x7c781eabb9ee6d9f","คลินิกทันตกรรมออร่าสไมล์","Dental clinic","
ศาลายา-นครชัยศรี Salaya, Phutthamonthon District, Nakhon Pathom 73170, Thailand","R73W+4W Salaya, Phutthamonthon District, Nakhon Pathom, Thailand","","","+66 85 599 6151","","","4.3","32","","","Open","","https://www.google.com/maps/place/%E0%B8%84%E0%B8%A5%E0%B8%B4%E0%B8%99%E0%B8%B4%E0%B8%81%E0%B8%97%E0%B8%B1%E0%B8%99%E0%B8%95%E0%B8%81%E0%B8%A3%E0%B8%A3%E0%B8%A1%E0%B8%AD%E0%B8%AD%E0%B8%A3%E0%B9%88%E0%B8%B2%E0%B8%AA%E0%B9%84%E0%B8%A1%E0%B8%A5%E0%B9%8C/data=!4m7!3m6!1s0x30e2937093cbd675:0x7c781eabb9ee6d9f!8m2!3d13.8028484!4d100.2973256!16s%2Fg%2F11c2lyf7td!19sChIJddbLk3CT4jARn23uuaseeHw?authuser=0&hl=en&rclk=1"
"0x30e283cc1c1fbb99:0xb85f4a96393e994c","Good Up Specialty Coffee","Coffee shop","
555 Jw Urban Home Office, 555/7 Songpapra, 7 Thanon Song Prapha, ดอนเมือง Don Mueang, Bangkok 10210, Thailand","WHHJ+4Q Bangkok, Thailand","","","+66 82 965 6661","","","4.8","207","","","Open","","https://www.google.com/maps/place/Good+Up+Specialty+Coffee/data=!4m7!3m6!1s0x30e283cc1c1fbb99:0xb85f4a96393e994c!8m2!3d13.9278688!4d100.5819435!16s%2Fg%2F11svngbqf4!19sChIJmbsfHMyD4jARTJk-OZZKX7g?authuser=0&hl=en&rclk=1"
"0x311d5e3c5cf26cdd:0x1b3658f3e32e42f5","เอ็ม สไมล์ คลินิกทันตกรรม","Dental clinic","
159 Soi Ramkhamhaeng 2, Dok Mai, Prawet, Bangkok 10250, Thailand","MM9M+37 Bangkok, Thailand","","","+66 89 633 0965","https://www.facebook.com/MSmileDentalClinic","","4.3","38","","","Open","","https://www.google.com/maps/place/%E0%B9%80%E0%B8%AD%E0%B9%87%E0%B8%A1+%E0%B8%AA%E0%B9%84%E0%B8%A1%E0%B8%A5%E0%B9%8C+%E0%B8%84%E0%B8%A5%E0%B8%B4%E0%B8%99%E0%B8%B4%E0%B8%81%E0%B8%97%E0%B8%B1%E0%B8%99%E0%B8%95%E0%B8%81%E0%B8%A3%E0%B8%A3%E0%B8%A1/data=!4m7!3m6!1s0x311d5e3c5cf26cdd:0x1b3658f3e32e42f5!8m2!3d13.6676419!4d100.6831718!16s%2Fg%2F11g87js6lg!19sChIJ3WzyXDxeHTER9UIu4_NYNhs?authuser=0&hl=en&rclk=1"
"0x30e28548f9f30a3f:0x96d62cd264934fbf","คลินิกทันตกรรม ฟัน ฟัน","Dental clinic","
91 4 Tha It Alley, ตำบล บางไทร Mueang Nonthaburi District, Nonthaburi 11000, Thailand","VFM5+9C Bang Rak Noi, Mueang Nonthaburi District, Nonthaburi, Thailand","","","+66 2 924 5445","","","5.0","9","","","Open","","https://www.google.com/maps/place/%E0%B8%84%E0%B8%A5%E0%B8%B4%E0%B8%99%E0%B8%B4%E0%B8%81%E0%B8%97%E0%B8%B1%E0%B8%99%E0%B8%95%E0%B8%81%E0%B8%A3%E0%B8%A3%E0%B8%A1+%E0%B8%9F%E0%B8%B1%E0%B8%99+%E0%B8%9F%E0%B8%B1%E0%B8%99/data=!4m7!3m6!1s0x30e28548f9f30a3f:0x96d62cd264934fbf!8m2!3d13.8834513!4d100.4585791!16s%2Fg%2F11c5t1mpfr!19sChIJPwrz-UiF4jARv0-TZNIs1pY?authuser=0&hl=en&rclk=1"
"0x30e2a749c0bc1857:0x4dff10fad94eb4b","DearOfSmile เดียร์ออฟสไมล์ คลินิกทันตกรรม","Dental clinic","
189 9 ในคลองบางปลากด Phra Samut Chedi District, Samut Prakan 10290, Thailand","HHM3+92 Nai Khlong Bang Pla Kot, Phra Samut Chedi District, Samut Prakan, Thailand","","","+66 2 165 0659","https://www.facebook.com/DearOfSmileClinic/","","4.6","10","","","Open","","https://www.google.com/maps/place/DearOfSmile+%E0%B9%80%E0%B8%94%E0%B8%B5%E0%B8%A2%E0%B8%A3%E0%B9%8C%E0%B8%AD%E0%B8%AD%E0%B8%9F%E0%B8%AA%E0%B9%84%E0%B8%A1%E0%B8%A5%E0%B9%8C+%E0%B8%84%E0%B8%A5%E0%B8%B4%E0%B8%99%E0%B8%B4%E0%B8%81%E0%B8%97%E0%B8%B1%E0%B8%99%E0%B8%95%E0%B8%81%E0%B8%A3%E0%B8%A3%E0%B8%A1/data=!4m7!3m6!1s0x30e2a749c0bc1857:0x4dff10fad94eb4b!8m2!3d13.5834948!4d100.5525342!16s%2Fg%2F11h3mjz4m2!19sChIJVxi8wEmn4jARS-uUrQ_x3wQ?authuser=0&hl=en&rclk=1"
"0x311d675d2d5d3825:0x2122d9d5c1bb7919","คลินิกทันตกรรมไอทีธ iTeeth Dental Clinic","Dental clinic","
เคหะร่มเกล้า 24 Khwaeng Khlong Song Ton Nun, Khet Lat Krabang, Bangkok 10520, Thailand","QP9J+QW Bangkok, Thailand","","","+66 81 396 5956","http://www.facebook.com/iteethdent","","4.8","63","","","Open","","https://www.google.com/maps/place/%E0%B8%84%E0%B8%A5%E0%B8%B4%E0%B8%99%E0%B8%B4%E0%B8%81%E0%B8%97%E0%B8%B1%E0%B8%99%E0%B8%95%E0%B8%81%E0%B8%A3%E0%B8%A3%E0%B8%A1%E0%B9%84%E0%B8%AD%E0%B8%97%E0%B8%B5%E0%B8%98+iTeeth+Dental+Clinic/data=!4m7!3m6!1s0x311d675d2d5d3825:0x2122d9d5c1bb7919!8m2!3d13.7694146!4d100.7322641!16s%2Fg%2F11t_tpdt_p!19sChIJJThdLV1nHTERGXm7wdXZIiE?authuser=0&hl=en&rclk=1"
"0x30e282452d7f9d43:0x9da859016316d63c","Songprapa Dental Clinic","Dental clinic","
314/4 Thanon Song Prapha, Si Kan, Don Mueang, Bangkok 10210, Thailand","WHGQ+M8 Bangkok, Thailand","","","+66 2 928 9129","","","3.5","8","","","Open","","https://www.google.com/maps/place/Songprapa+Dental+Clinic/data=!4m7!3m6!1s0x30e282452d7f9d43:0x9da859016316d63c!8m2!3d13.9267472!4d100.5883117!16s%2Fg%2F1tf4hblp!19sChIJQ51_LUWC4jARPNYWYwFZqJ0?authuser=0&hl=en&rclk=1"
"0x30e296ca49e740e7:0xc326698d18364936","คลินิกทันตกรรมสไมล์สาย 5","Dental clinic","
100, 51 วิลล์ ถนน Rai Khing, Sam Phran District, Nakhon Pathom 73220, Thailand","P79X+P7 Rai Khing, Sam Phran District, Nakhon Pathom, Thailand","","","+66 83 012 1083","https://www.facebook.com/smilesai5dentalclinic/","","5.0","1121","","","Open","","https://www.google.com/maps/place/%E0%B8%84%E0%B8%A5%E0%B8%B4%E0%B8%99%E0%B8%B4%E0%B8%81%E0%B8%97%E0%B8%B1%E0%B8%99%E0%B8%95%E0%B8%81%E0%B8%A3%E0%B8%A3%E0%B8%A1%E0%B8%AA%E0%B9%84%E0%B8%A1%E0%B8%A5%E0%B9%8C%E0%B8%AA%E0%B8%B2%E0%B8%A2+5/data=!4m7!3m6!1s0x30e296ca49e740e7:0xc326698d18364936!8m2!3d13.7192779!4d100.2982475!16s%2Fg%2F11cnct9dy3!19sChIJ50DnScqW4jARNkk2GI1pJsM?authuser=0&hl=en&rclk=1"
"0x311d5da77585155d:0x867c81d845a14da5","คลินิกทันตกรรมไดโนเดนท์ (Dinodent Dental Clinic)","Dental clinic","
หอพักเตียกุ่ยฮวด, ห้อง 1115-1116 บ้านเลขที่ 22/8, Soi Manthana, Bang Chalong, Bang Phli District, Samut Prakan 10540, Thailand","JQ84+H7 Bang Chalong, Bang Phli District, Samut Prakan, Thailand","","","+66 95 155 0059","https://www.facebook.com/dinodent.clinic","","5.0","29","","","Open","","https://www.google.com/maps/place/%E0%B8%84%E0%B8%A5%E0%B8%B4%E0%B8%99%E0%B8%B4%E0%B8%81%E0%B8%97%E0%B8%B1%E0%B8%99%E0%B8%95%E0%B8%81%E0%B8%A3%E0%B8%A3%E0%B8%A1%E0%B9%84%E0%B8%94%E0%B9%82%E0%B8%99%E0%B9%80%E0%B8%94%E0%B8%99%E0%B8%97%E0%B9%8C+%28Dinodent+Dental+Clinic%29/data=!4m7!3m6!1s0x311d5da77585155d:0x867c81d845a14da5!8m2!3d13.6164778!4d100.7556871!16s%2Fg%2F11sc2d743v!19sChIJXRWFdaddHTERpU2hRdiBfIY?authuser=0&hl=en&rclk=1"
"0x30e284f272fb914b:0xd2956ad5025d8f27","คลีนิคทันตแพทย์ชวลิต นิตยา","Dental clinic","
131, 144 Moo2 Sukkhaprachasan 2, Tambon Pak Kret, Pak Kret District, Nonthaburi 11120, Thailand","WF7W+RR Pakkret, Pak Kret District, Nonthaburi, Thailand","","","+66 63 958 5588","","","5.0","5","","","Open","","https://www.google.com/maps/place/%E0%B8%84%E0%B8%A5%E0%B8%B5%E0%B8%99%E0%B8%B4%E0%B8%84%E0%B8%97%E0%B8%B1%E0%B8%99%E0%B8%95%E0%B9%81%E0%B8%9E%E0%B8%97%E0%B8%A2%E0%B9%8C%E0%B8%8A%E0%B8%A7%E0%B8%A5%E0%B8%B4%E0%B8%95+%E0%B8%99%E0%B8%B4%E0%B8%95%E0%B8%A2%E0%B8%B2/data=!4m7!3m6!1s0x30e284f272fb914b:0xd2956ad5025d8f27!8m2!3d13.9145966!4d100.4970129!16s%2Fg%2F1hc3zqf2x!19sChIJS5H7cvKE4jARJ49dAtVqldI?authuser=0&hl=en&rclk=1"
"0x30e281c60ba29e09:0x2abc7eff8bf05da1","คลินิกทันตกรรมบ้านฟันปทุม - Baan Fun Pathum Dental Clinic","Dental clinic","
238 12, Bang Khayaeng, Mueang Pathum Thani District, Pathum Thani 12000, Thailand","XG5G+5M Bang Khayaeng, Mueang Pathum Thani District, Pathum Thani, Thailand","","","+66 80 981 4111","https://www.facebook.com/profile.php?id=61557033159812","","5.0","92","","","Open","","https://www.google.com/maps/place/%E0%B8%84%E0%B8%A5%E0%B8%B4%E0%B8%99%E0%B8%B4%E0%B8%81%E0%B8%97%E0%B8%B1%E0%B8%99%E0%B8%95%E0%B8%81%E0%B8%A3%E0%B8%A3%E0%B8%A1%E0%B8%9A%E0%B9%89%E0%B8%B2%E0%B8%99%E0%B8%9F%E0%B8%B1%E0%B8%99%E0%B8%9B%E0%B8%97%E0%B8%B8%E0%B8%A1+-+Baan+Fun+Pathum+Dental+Clinic/data=!4m7!3m6!1s0x30e281c60ba29e09:0x2abc7eff8bf05da1!8m2!3d13.9579764!4d100.5267246!16s%2Fg%2F11vxg7vl0z!19sChIJCZ6iC8aB4jARoV3wi_9-vCo?authuser=0&hl=en&rclk=1"
"0x30e285006c0b6eb7:0x2bc88327c091a494","Everyday Dental Clinic","Dental clinic","
Amor Village at Ratchaphruek ตั้งอยู่ในโครงการ อะมอร์ วิลเลส ณ เลขที่ 108/15 ถนน ราชพฤกษ์ Bang Phlap, Pak Kret District, Nonthaburi 11120, Thailand","WFC3+X4 Bang Phlap, Pak Kret District, Nonthaburi, Thailand","","","+66 97 942 3997","https://www.facebook.com/profile.php?id=61567785333844","","5.0","70","","","Open","","https://www.google.com/maps/place/Everyday+Dental+Clinic/data=!4m7!3m6!1s0x30e285006c0b6eb7:0x2bc88327c091a494!8m2!3d13.9224413!4d100.4527814!16s%2Fg%2F11w2r8d5fm!19sChIJt24LbACF4jARlKSRwCeDyCs?authuser=0&hl=en&rclk=1"
"0x30e28515fd1dc1c1:0x3b739f26fec6984e","คลินิกทันตกรรมพาสุข สาขาโรบินสันไลฟ์สไตล์ ราชพฤกษ์ Pasook dental clinic Robinson Ratchaphruek","Dental clinic","
19 11 Thanon Khlongkol Mu 4, Khlong Khoi, Pak Kret District, Nonthaburi 11120, Thailand","WFP5+75 Bang Phlap, Pak Kret District, Nonthaburi, Thailand","","","+66 95 249 3878","https://www.facebook.com/Pasookdentalclinic/?mibextid=LQQJ4d","","4.8","167","","","Open","","https://www.google.com/maps/place/%E0%B8%84%E0%B8%A5%E0%B8%B4%E0%B8%99%E0%B8%B4%E0%B8%81%E0%B8%97%E0%B8%B1%E0%B8%99%E0%B8%95%E0%B8%81%E0%B8%A3%E0%B8%A3%E0%B8%A1%E0%B8%9E%E0%B8%B2%E0%B8%AA%E0%B8%B8%E0%B8%82+%E0%B8%AA%E0%B8%B2%E0%B8%82%E0%B8%B2%E0%B9%82%E0%B8%A3%E0%B8%9A%E0%B8%B4%E0%B8%99%E0%B8%AA%E0%B8%B1%E0%B8%99%E0%B9%84%E0%B8%A5%E0%B8%9F%E0%B9%8C%E0%B8%AA%E0%B9%84%E0%B8%95%E0%B8%A5%E0%B9%8C+%E0%B8%A3%E0%B8%B2%E0%B8%8A%E0%B8%9E%E0%B8%A4%E0%B8%81%E0%B8%A9%E0%B9%8C+Pasook+dental+clinic+Robinson+Ratchaphruek/data=!4m7!3m6!1s0x30e28515fd1dc1c1:0x3b739f26fec6984e!8m2!3d13.9356914!4d100.4579437!16s%2Fg%2F11sc0blvcf!19sChIJwcEd_RWF4jARTpjG_iafczs?authuser=0&hl=en&rclk=1"
"0x311d5dd6fc349a7b:0x8af4ca6e1fbaecc5","Kingkaew Dental Clinic","Dental clinic","
253, ปาก King Kaew 5 Alley, Racha Thewa, Bang Phli District, Samut Prakan 10540, Thailand","JPV7+H6 Racha Thewa, Bang Phli District, Samut Prakan, Thailand","","","+66 92 779 1576","https://www.facebook.com/supremeclinic","","4.0","33","","","Open","","https://www.google.com/maps/place/Kingkaew+Dental+Clinic/data=!4m7!3m6!1s0x311d5dd6fc349a7b:0x8af4ca6e1fbaecc5!8m2!3d13.6439224!4d100.7130599!16s%2Fg%2F11c30vx0s0!19sChIJe5o0_NZdHTERxey6H27K9Io?authuser=0&hl=en&rclk=1"
"0x311d5c23d640fcc5:0x99876103eab7b389","ใกล้บ้าน คลินิคทันตกรรม","Dental clinic","
180/2 หมู่ 12 ซอย สุขาภิบาล 6 ซอย วัดหลวง พ่อ โต ถนน บางนา ตราด กม .13 บางพลีใหญ่ Bang Phli District, Samut Prakan 10540, Thailand","JP88+85 Bang Phli Yai, Bang Phli District, Samut Prakan, Thailand","","","+66 92 619 0099","https://www.facebook.com/dentnextdoor","","3.9","20","","","Open","","https://www.google.com/maps/place/%E0%B9%83%E0%B8%81%E0%B8%A5%E0%B9%89%E0%B8%9A%E0%B9%89%E0%B8%B2%E0%B8%99+%E0%B8%84%E0%B8%A5%E0%B8%B4%E0%B8%99%E0%B8%B4%E0%B8%84%E0%B8%97%E0%B8%B1%E0%B8%99%E0%B8%95%E0%B8%81%E0%B8%A3%E0%B8%A3%E0%B8%A1/data=!4m7!3m6!1s0x311d5c23d640fcc5:0x99876103eab7b389!8m2!3d13.6157536!4d100.7154724!16s%2Fg%2F11clms9_f6!19sChIJxfxA1iNcHTERibO36gNhh5k?authuser=0&hl=en&rclk=1"
"0x311d7d87dce94f79:0x64c5e46e2fdef7ea","ทันตกรรมบ้านฟันดีเพิ่มสิน 17","Dental clinic","
VJXM+W2G โทร 0922834588 เยื้องตรงข้าม ปั๊มน้ำมันบางจาก Khlong Thanon, Sai Mai, Bangkok 10220, Thailand","","","","+66 92 283 4588","https://www.wongnai.com/businesses/240328RV-%E0%B8%84%E0%B8%A5%E0%B8%B4%E0%B8%99%E0%B8%B4%E0%B8%81%E0%B8%9A%E0%B9%89%E0%B8%B2%E0%B8%99%E0%B8%9F%E0%B8%B1%E0%B8%99%E0%B8%94%E0%B8%B5","","4.1","43","","","Open","","https://www.google.com/maps/place/%E0%B8%97%E0%B8%B1%E0%B8%99%E0%B8%95%E0%B8%81%E0%B8%A3%E0%B8%A3%E0%B8%A1%E0%B8%9A%E0%B9%89%E0%B8%B2%E0%B8%99%E0%B8%9F%E0%B8%B1%E0%B8%99%E0%B8%94%E0%B8%B5%E0%B9%80%E0%B8%9E%E0%B8%B4%E0%B9%88%E0%B8%A1%E0%B8%AA%E0%B8%B4%E0%B8%99+17/data=!4m7!3m6!1s0x311d7d87dce94f79:0x64c5e46e2fdef7ea!8m2!3d13.8998184!4d100.6325635!16s%2Fg%2F11fmrq93g2!19sChIJeU_p3Id9HTER6vfeL27kxWQ?authuser=0&hl=en&rclk=1"
"0x30e2957bd611ad49:0x10a8c0bfa246faf4","Kao Saen Dental Clinic","Dental clinic","
280-281 หมู่6 ตลาดเก้าแสน Phetkasem Frontage Rd, Tambon Om Noi, Krathum Baen District, Samut Sakhon 74130, Thailand","P74X+QP Om Noi, Krathum Baen District, Samut Sakhon, Thailand","","","+66 2 420 8191","http://www.facebook.com/9sandDentalClinic","","3.8","32","","","Open","","https://www.google.com/maps/place/Kao+Saen+Dental+Clinic/data=!4m7!3m6!1s0x30e2957bd611ad49:0x10a8c0bfa246faf4!8m2!3d13.7068862!4d100.2992685!16s%2Fg%2F11c6rbm4vx!19sChIJSa0R1nuV4jAR9PpGor_AqBA?authuser=0&hl=en&rclk=1"
"0x311d655926d6490d:0x18e79262dc0ac8aa","บ้านฟันมีนบุรี","Dental clinic","
563 soi Sihaburanukid 15, Khwaeng Min Buri, Min Buri, Bangkok 10510, Thailand","RP7H+F4 Bangkok, Thailand","","","+66 99 009 8209","","","2.3","9","","","Open","","https://www.google.com/maps/place/%E0%B8%9A%E0%B9%89%E0%B8%B2%E0%B8%99%E0%B8%9F%E0%B8%B1%E0%B8%99%E0%B8%A1%E0%B8%B5%E0%B8%99%E0%B8%9A%E0%B8%B8%E0%B8%A3%E0%B8%B5/data=!4m7!3m6!1s0x311d655926d6490d:0x18e79262dc0ac8aa!8m2!3d13.8137478!4d100.7277756!16s%2Fg%2F11gtblhz7g!19sChIJDUnWJlllHTERqsgK3GKS5xg?authuser=0&hl=en&rclk=1"
"0x311d65b449f5fa19:0x3917a2e4b7f4828d","DentAll (คลินิกทันตกรรมเดนท์ออล)","Dental clinic","
262/3 โครงการ Trio Rom Klao Rd, Min Buri, Bangkok 10510, Thailand","QPRW+38 Bangkok, Thailand","","","+66 62 662 6233","http://www.facebook.com/DentAlldentalclinic","","5.0","7","","","Open","","https://www.google.com/maps/place/DentAll+%28%E0%B8%84%E0%B8%A5%E0%B8%B4%E0%B8%99%E0%B8%B4%E0%B8%81%E0%B8%97%E0%B8%B1%E0%B8%99%E0%B8%95%E0%B8%81%E0%B8%A3%E0%B8%A3%E0%B8%A1%E0%B9%80%E0%B8%94%E0%B8%99%E0%B8%97%E0%B9%8C%E0%B8%AD%E0%B8%AD%E0%B8%A5%29/data=!4m7!3m6!1s0x311d65b449f5fa19:0x3917a2e4b7f4828d!8m2!3d13.7901838!4d100.7458336!16s%2Fg%2F11flzq76c8!19sChIJGfr1SbRlHTERjYL0t-SiFzk?authuser=0&hl=en&rclk=1"
"0x30e2a76819fe8b23:0x50d7dfe44354e88b","คลินิกทันตกรรม สินสมบูรณ์","Dental clinic","
111 ห้อง107 ตำบลท้ายบ้านใหม่ อำเภอเมือง Samut Prakan 10280, Thailand","HJC4+7W Thai Ban Mai, Mueang Samut Prakan District, Samut Prakan, Thailand","","","+66 89 784 2139","","","4.8","15","","","Open","","https://www.google.com/maps/place/%E0%B8%84%E0%B8%A5%E0%B8%B4%E0%B8%99%E0%B8%B4%E0%B8%81%E0%B8%97%E0%B8%B1%E0%B8%99%E0%B8%95%E0%B8%81%E0%B8%A3%E0%B8%A3%E0%B8%A1+%E0%B8%AA%E0%B8%B4%E0%B8%99%E0%B8%AA%E0%B8%A1%E0%B8%9A%E0%B8%B9%E0%B8%A3%E0%B8%93%E0%B9%8C/data=!4m7!3m6!1s0x30e2a76819fe8b23:0x50d7dfe44354e88b!8m2!3d13.5707435!4d100.6073226!16s%2Fg%2F11csr1g6k3!19sChIJI4v-GWin4jARi-hUQ-Tf11A?authuser=0&hl=en&rclk=1"
"0x30e2b970a1f094c1:0xf1e61b083c3f2db6","คลินิกทันตกรรมสารินสไมล์ Sarin Smile Dental Clinic","Dental clinic","
41/5-6 ถ.เจษฎาวิถี, โคกขาม, เมือง, Samut Sakhon 74000, Thailand","H88Q+Q2 Khok Kham, Mueang Samut Sakhon District, Samut Sakhon, Thailand","","","+66 95 620 6755","http://www.facebook.com/sarinsmiledentalclinic","","4.9","130","","","Open","","https://www.google.com/maps/place/%E0%B8%84%E0%B8%A5%E0%B8%B4%E0%B8%99%E0%B8%B4%E0%B8%81%E0%B8%97%E0%B8%B1%E0%B8%99%E0%B8%95%E0%B8%81%E0%B8%A3%E0%B8%A3%E0%B8%A1%E0%B8%AA%E0%B8%B2%E0%B8%A3%E0%B8%B4%E0%B8%99%E0%B8%AA%E0%B9%84%E0%B8%A1%E0%B8%A5%E0%B9%8C+Sarin+Smile+Dental+Clinic/data=!4m7!3m6!1s0x30e2b970a1f094c1:0xf1e61b083c3f2db6!8m2!3d13.5669828!4d100.3375755!16s%2Fg%2F11f01spqjl!19sChIJwZTwoXC54jARti0_PAgb5vE?authuser=0&hl=en&rclk=1"
"0x30e28bbd914a0323:0xd6838d7b492b11bc","จัดฟันไทรน้อย นนทบุรี จัดฟันใส รากเทียม คลินิกทันตกรรมสวีททูธ Sweet tooth Dental Clinic","Dental clinic","
ไทรน้อย, 123/5, Sai Noi District, Nonthaburi 11150, Thailand","X88W+PH Sai Noi, Sai Noi District, Nonthaburi, Thailand","","","+66 97 003 4793","http://www.sweettoothsainoi.com/","","5.0","678","","","Open","","https://www.google.com/maps/place/%E0%B8%88%E0%B8%B1%E0%B8%94%E0%B8%9F%E0%B8%B1%E0%B8%99%E0%B9%84%E0%B8%97%E0%B8%A3%E0%B8%99%E0%B9%89%E0%B8%AD%E0%B8%A2+%E0%B8%99%E0%B8%99%E0%B8%97%E0%B8%9A%E0%B8%B8%E0%B8%A3%E0%B8%B5+%E0%B8%88%E0%B8%B1%E0%B8%94%E0%B8%9F%E0%B8%B1%E0%B8%99%E0%B9%83%E0%B8%AA+%E0%B8%A3%E0%B8%B2%E0%B8%81%E0%B9%80%E0%B8%97%E0%B8%B5%E0%B8%A2%E0%B8%A1+%E0%B8%84%E0%B8%A5%E0%B8%B4%E0%B8%99%E0%B8%B4%E0%B8%81%E0%B8%97%E0%B8%B1%E0%B8%99%E0%B8%95%E0%B8%81%E0%B8%A3%E0%B8%A3%E0%B8%A1%E0%B8%AA%E0%B8%A7%E0%B8%B5%E0%B8%97%E0%B8%97%E0%B8%B9%E0%B8%98+Sweet+tooth+Dental+Clinic/data=!4m7!3m6!1s0x30e28bbd914a0323:0xd6838d7b492b11bc!8m2!3d13.9668324!4d100.3464903!16s%2Fg%2F11tjnr5s09!19sChIJIwNKkb2L4jARvBErSXuNg9Y?authuser=0&hl=en&rclk=1"
"0x311d5f000b9c066d:0xea9e2d433870a371","ทันตกรรมอมยิ้ม บิ๊กซีบางพลี","Dental clinic","
ตึกหัวมุมติดบิกซีบางพลีและพิซซ่าฮัท 64 Thepharak Rd, Tambon Bang Phli Yai, Bang Phli District, Samut Prakan 10540, Thailand","JP25+VG Bang Phli Yai, Bang Phli District, Samut Prakan, Thailand","","","+66 96 919 1954","https://www.facebook.com/omyim.dental","","5.0","823","","","Open","","https://www.google.com/maps/place/%E0%B8%97%E0%B8%B1%E0%B8%99%E0%B8%95%E0%B8%81%E0%B8%A3%E0%B8%A3%E0%B8%A1%E0%B8%AD%E0%B8%A1%E0%B8%A2%E0%B8%B4%E0%B9%89%E0%B8%A1+%E0%B8%9A%E0%B8%B4%E0%B9%8A%E0%B8%81%E0%B8%8B%E0%B8%B5%E0%B8%9A%E0%B8%B2%E0%B8%87%E0%B8%9E%E0%B8%A5%E0%B8%B5/data=!4m7!3m6!1s0x311d5f000b9c066d:0xea9e2d433870a371!8m2!3d13.6021333!4d100.7087787!16s%2Fg%2F11x1xx6cf1!19sChIJbQacCwBfHTERcaNwOEMtnuo?authuser=0&hl=en&rclk=1"
"0x311d7d001824f661:0x9e4c35ec26149c79","คลินิกทันตกรรมโอเค","Dental clinic","
88 6 Soi Phahon Yothin 54/1 Yaek 4-21, Sai Mai, Bangkok 10220, Thailand","WJ5P+7G Bangkok, Thailand","","","+66 92 555 1638","https://lin.ee/qYFroMt","","4.9","71","","","Open","","https://www.google.com/maps/place/%E0%B8%84%E0%B8%A5%E0%B8%B4%E0%B8%99%E0%B8%B4%E0%B8%81%E0%B8%97%E0%B8%B1%E0%B8%99%E0%B8%95%E0%B8%81%E0%B8%A3%E0%B8%A3%E0%B8%A1%E0%B9%82%E0%B8%AD%E0%B9%80%E0%B8%84/data=!4m7!3m6!1s0x311d7d001824f661:0x9e4c35ec26149c79!8m2!3d13.9081644!4d100.6362975!16s%2Fg%2F11vqryp1bz!19sChIJYfYkGAB9HTEReZwUJuw1TJ4?authuser=0&hl=en&rclk=1"
"0x30e28250000332e9:0xc3141872206464a","คลินิกบ้านหมอเม","Dental clinic","
7 Thanon Pracha Uthit, Don Mueang, Bangkok 10210, Thailand","WHGP+M9 Bangkok, Thailand","","","+66 82 339 1358","","","5.0","19","","","Open","","https://www.google.com/maps/place/%E0%B8%84%E0%B8%A5%E0%B8%B4%E0%B8%99%E0%B8%B4%E0%B8%81%E0%B8%9A%E0%B9%89%E0%B8%B2%E0%B8%99%E0%B8%AB%E0%B8%A1%E0%B8%AD%E0%B9%80%E0%B8%A1/data=!4m7!3m6!1s0x30e28250000332e9:0xc3141872206464a!8m2!3d13.926717!4d100.5858786!16s%2Fg%2F1pv1bwvqc!19sChIJ6TIDAFCC4jARSkYGIodBMQw?authuser=0&hl=en&rclk=1"
"0x30e2953240f7d3b9:0xbc16f532dae24e97","Blue House Dental Clinic - คลินิกทันตกรรม บลูเฮ้าส์ จัดฟัน รากเทียม พุทธมณฑลสาย 4","Dental clinic","
18/4 - 5 Phutthamonthon Sai 4 Rd, Krathum Lom, Sam Phran District, Nakhon Pathom 73220, Thailand","P8XH+8P Krathum Lom, Sam Phran District, Nakhon Pathom, Thailand","","","+66 62 504 9555","https://bluehousedentalclinic.com/","","5.0","1171","","","Open","","https://www.google.com/maps/place/Blue+House+Dental+Clinic+-+%E0%B8%84%E0%B8%A5%E0%B8%B4%E0%B8%99%E0%B8%B4%E0%B8%81%E0%B8%97%E0%B8%B1%E0%B8%99%E0%B8%95%E0%B8%81%E0%B8%A3%E0%B8%A3%E0%B8%A1+%E0%B8%9A%E0%B8%A5%E0%B8%B9%E0%B9%80%E0%B8%AE%E0%B9%89%E0%B8%B2%E0%B8%AA%E0%B9%8C+%E0%B8%88%E0%B8%B1%E0%B8%94%E0%B8%9F%E0%B8%B1%E0%B8%99+%E0%B8%A3%E0%B8%B2%E0%B8%81%E0%B9%80%E0%B8%97%E0%B8%B5%E0%B8%A2%E0%B8%A1+%E0%B8%9E%E0%B8%B8%E0%B8%97%E0%B8%98%E0%B8%A1%E0%B8%93%E0%B8%91%E0%B8%A5%E0%B8%AA%E0%B8%B2%E0%B8%A2+4/data=!4m7!3m6!1s0x30e2953240f7d3b9:0xbc16f532dae24e97!8m2!3d13.7482624!4d100.3293666!16s%2Fg%2F11nz0mtj7f!19sChIJudP3QDKV4jARl07i2jL1Frw?authuser=0&hl=en&rclk=1"
"0x311d61900102174d:0xd25c4f8e031efd62","คลินิกทันตกรรมแฮปปี้ทูธ ประเวศ อ่อนนุช","Dental clinic","
206 Chaloem Phrakiat Ratchakan Thi 9 Rd, Prawet, Bangkok 10250, Thailand","PMCX+67 Bangkok, Thailand","","","+66 65 196 6995","","","4.9","31","","","Open","","https://www.google.com/maps/place/%E0%B8%84%E0%B8%A5%E0%B8%B4%E0%B8%99%E0%B8%B4%E0%B8%81%E0%B8%97%E0%B8%B1%E0%B8%99%E0%B8%95%E0%B8%81%E0%B8%A3%E0%B8%A3%E0%B8%A1%E0%B9%81%E0%B8%AE%E0%B8%9B%E0%B8%9B%E0%B8%B5%E0%B9%89%E0%B8%97%E0%B8%B9%E0%B8%98+%E0%B8%9B%E0%B8%A3%E0%B8%B0%E0%B9%80%E0%B8%A7%E0%B8%A8+%E0%B8%AD%E0%B9%88%E0%B8%AD%E0%B8%99%E0%B8%99%E0%B8%B8%E0%B8%8A/data=!4m7!3m6!1s0x311d61900102174d:0xd25c4f8e031efd62!8m2!3d13.7205714!4d100.6982418!16s%2Fg%2F11wxm6k98r!19sChIJTRcCAZBhHTERYv0eA45PXNI?authuser=0&hl=en&rclk=1"
"0x30e295f0fcebcd9d:0x947d1d4cd464306b","Tanta Siri Dental Clinic","Dental clinic","
70/3 ปาก Phet Kasem Rd, Nong Khang Phlu, Nong Khaem, Bangkok 10160, Thailand","P84M+2V Bangkok, Thailand","","","+66 2 810 8084","http://www.facebook.com/TantaSiri","","4.8","331","","","Open","","https://www.google.com/maps/place/Tanta+Siri+Dental+Clinic/data=!4m7!3m6!1s0x30e295f0fcebcd9d:0x947d1d4cd464306b!8m2!3d13.7050237!4d100.3346919!16s%2Fg%2F1pzsld5xn!19sChIJnc3r_PCV4jARazBk1EwdfZQ?authuser=0&hl=en&rclk=1"
"0x311d63585eeabf17:0x99068cb16c57a54b","Dental Paradise Clinic คลินิกทันตกรรมเดนทัลพาราไดซ์","Dental clinic","
ริมถนนรามอินทรา, ปาก Rarm Intra 111 Alley, Min Buri, Bangkok 10510, Thailand","RP72+56 Bangkok, Thailand","","","+66 2 042 9688","","","5.0","5","","","Open","","https://www.google.com/maps/place/Dental+Paradise+Clinic+%E0%B8%84%E0%B8%A5%E0%B8%B4%E0%B8%99%E0%B8%B4%E0%B8%81%E0%B8%97%E0%B8%B1%E0%B8%99%E0%B8%95%E0%B8%81%E0%B8%A3%E0%B8%A3%E0%B8%A1%E0%B9%80%E0%B8%94%E0%B8%99%E0%B8%97%E0%B8%B1%E0%B8%A5%E0%B8%9E%E0%B8%B2%E0%B8%A3%E0%B8%B2%E0%B9%84%E0%B8%94%E0%B8%8B%E0%B9%8C/data=!4m7!3m6!1s0x311d63585eeabf17:0x99068cb16c57a54b!8m2!3d13.8129574!4d100.7005845!16s%2Fg%2F11h3lcy29x!19sChIJF7_qXlhjHTERS6VXbLGMBpk?authuser=0&hl=en&rclk=1"
"0x30e297bdbd0436e3:0xa6ea64cb43a9f536","Summer Smile Dental Clinic: คลินิกทันตกรรม ทำฟัน จัดฟัน วีเนียร์ รากเทียม ฟันปลอม หนองแขม","Dental clinic","
852-854 Bangkok 10160, Thailand","P84Q+46 Bangkok, Thailand","","","+66 96 225 4442","https://summersmiledentalclinic.com/","","5.0","296","","","Open","","https://www.google.com/maps/place/Summer+Smile+Dental+Clinic:+%E0%B8%84%E0%B8%A5%E0%B8%B4%E0%B8%99%E0%B8%B4%E0%B8%81%E0%B8%97%E0%B8%B1%E0%B8%99%E0%B8%95%E0%B8%81%E0%B8%A3%E0%B8%A3%E0%B8%A1+%E0%B8%97%E0%B8%B3%E0%B8%9F%E0%B8%B1%E0%B8%99+%E0%B8%88%E0%B8%B1%E0%B8%94%E0%B8%9F%E0%B8%B1%E0%B8%99+%E0%B8%A7%E0%B8%B5%E0%B9%80%E0%B8%99%E0%B8%B5%E0%B8%A2%E0%B8%A3%E0%B9%8C+%E0%B8%A3%E0%B8%B2%E0%B8%81%E0%B9%80%E0%B8%97%E0%B8%B5%E0%B8%A2%E0%B8%A1+%E0%B8%9F%E0%B8%B1%E0%B8%99%E0%B8%9B%E0%B8%A5%E0%B8%AD%E0%B8%A1+%E0%B8%AB%E0%B8%99%E0%B8%AD%E0%B8%87%E0%B9%81%E0%B8%82%E0%B8%A1/data=!4m7!3m6!1s0x30e297bdbd0436e3:0xa6ea64cb43a9f536!8m2!3d13.7052602!4d100.3380609!16s%2Fg%2F11l2gj0_8v!19sChIJ4zYEvb2X4jARNvWpQ8tk6qY?authuser=0&hl=en&rclk=1"
"0x30e283f6b61cb143:0x117ddb8d7b4cb90b","Panda Smile dental สาขาปากเกร็ด","Dental clinic","
128 10-11 Chaeng Watthana Rd, Tambon Pak Kret, Pak Kret District, Nonthaburi 11120, Thailand","WF6W+QV Pakkret, Pak Kret District, Nonthaburi, Thailand","","","+66 98 393 8899","","","4.9","124","","","Open","","https://www.google.com/maps/place/Panda+Smile+dental+%E0%B8%AA%E0%B8%B2%E0%B8%82%E0%B8%B2%E0%B8%9B%E0%B8%B2%E0%B8%81%E0%B9%80%E0%B8%81%E0%B8%A3%E0%B9%87%E0%B8%94/data=!4m7!3m6!1s0x30e283f6b61cb143:0x117ddb8d7b4cb90b!8m2!3d13.9119854!4d100.4972406!16s%2Fg%2F11lp8ht6g_!19sChIJQ7EctvaD4jARC7lMe43bfRE?authuser=0&hl=en&rclk=1"
"0x311d67a246ab3433:0x5032e33899c4a91b","Buddy Smile dental clinic - สาขาร่มเกล้า","Dentist","
320/37 Thanon Kheha Rom Klao, Khlong Song Ton Nun, Lat Krabang, Bangkok 10520, Thailand","QP7H+2H Bangkok, Thailand","","","+66 96 245 9222","","","5.0","10","","","Open","","https://www.google.com/maps/place/Buddy+Smile+dental+clinic+-+%E0%B8%AA%E0%B8%B2%E0%B8%82%E0%B8%B2%E0%B8%A3%E0%B9%88%E0%B8%A1%E0%B9%80%E0%B8%81%E0%B8%A5%E0%B9%89%E0%B8%B2/data=!4m7!3m6!1s0x311d67a246ab3433:0x5032e33899c4a91b!8m2!3d13.7625607!4d100.7289246!16s%2Fg%2F11vz2n5hv2!19sChIJMzSrRqJnHTERG6nEmTjjMlA?authuser=0&hl=en&rclk=1"
"0x30e285ddf1b93997:0x57d0e4ac8197004c","Deezy dental home ปากเกร็ด | ทำฟัน จัดฟัน วีเนียร์ รากฟันเทียม","Dental clinic","
110 25-26 Chaeng Watthana Rd, Pak Kret, Pak Kret District, Nonthaburi 11120, Thailand","WF7W+89 Pakkret, Pak Kret District, Nonthaburi, Thailand","","","+66 94 007 7713","http://www.deezydental.com/","","5.0","248","","","Open","","https://www.google.com/maps/place/Deezy+dental+home+%E0%B8%9B%E0%B8%B2%E0%B8%81%E0%B9%80%E0%B8%81%E0%B8%A3%E0%B9%87%E0%B8%94+%7C+%E0%B8%97%E0%B8%B3%E0%B8%9F%E0%B8%B1%E0%B8%99+%E0%B8%88%E0%B8%B1%E0%B8%94%E0%B8%9F%E0%B8%B1%E0%B8%99+%E0%B8%A7%E0%B8%B5%E0%B9%80%E0%B8%99%E0%B8%B5%E0%B8%A2%E0%B8%A3%E0%B9%8C+%E0%B8%A3%E0%B8%B2%E0%B8%81%E0%B8%9F%E0%B8%B1%E0%B8%99%E0%B9%80%E0%B8%97%E0%B8%B5%E0%B8%A2%E0%B8%A1/data=!4m7!3m6!1s0x30e285ddf1b93997:0x57d0e4ac8197004c!8m2!3d13.9133585!4d100.4959727!16s%2Fg%2F11s3b_fdh5!19sChIJlzm58d2F4jARTACXgazk0Fc?authuser=0&hl=en&rclk=1"
"0x311d631a54a92a95:0x26927c6e69f764f1","บางเขนการแพทย์ สหคลินิก","Medical clinic","
153 ถ. วัชรพล ท่าแร้ง บางเขน Bangkok 10220, Thailand","VJ5W+G5 Bangkok, Thailand","","","+66 98 362 5222","https://www.facebook.com/%E0%B8%9A%E0%B8%B2%E0%B8%87%E0%B9%80%E0%B8%82%E0%B8%99%E0%B8%81%E0%B8%B2%E0%B8%A3%E0%B9%81%E0%B8%9E%E0%B8%97%E0%B8%A2%E0%B9%8C-%E0%B8%AA%E0%B8%AB%E0%B8%84%E0%B8%A5%E0%B8%B4%E0%B8%99%E0%B8%B4%E0%B8%81-103518365823413/","","3.6","48","","","Open","","https://www.google.com/maps/place/%E0%B8%9A%E0%B8%B2%E0%B8%87%E0%B9%80%E0%B8%82%E0%B8%99%E0%B8%81%E0%B8%B2%E0%B8%A3%E0%B9%81%E0%B8%9E%E0%B8%97%E0%B8%A2%E0%B9%8C+%E0%B8%AA%E0%B8%AB%E0%B8%84%E0%B8%A5%E0%B8%B4%E0%B8%99%E0%B8%B4%E0%B8%81/data=!4m7!3m6!1s0x311d631a54a92a95:0x26927c6e69f764f1!8m2!3d13.8588357!4d100.645479!16s%2Fg%2F11t8371w36!19sChIJlSqpVBpjHTER8WT3aW58kiY?authuser=0&hl=en&rclk=1"
"0x30e28570e0142c87:0xacbd88444280644a","KEERA TEETH Clinic - กีราทีชคลินิก (ทำฟัน - จัดฟัน)","Dental clinic","
65 7 Sai Kaset Phatthana Mu 3, Khlong Phra Udom, Pak Kret District, Nonthaburi 11120, Thailand","WFGM+X2 Khlong Phra Udom, Pak Kret District, Nonthaburi, Thailand","","","+66 61 179 5536","","","5.0","43","","","Open","","https://www.google.com/maps/place/KEERA+TEETH+Clinic+-+%E0%B8%81%E0%B8%B5%E0%B8%A3%E0%B8%B2%E0%B8%97%E0%B8%B5%E0%B8%8A%E0%B8%84%E0%B8%A5%E0%B8%B4%E0%B8%99%E0%B8%B4%E0%B8%81+%28%E0%B8%97%E0%B8%B3%E0%B8%9F%E0%B8%B1%E0%B8%99+-+%E0%B8%88%E0%B8%B1%E0%B8%94%E0%B8%9F%E0%B8%B1%E0%B8%99%29/data=!4m7!3m6!1s0x30e28570e0142c87:0xacbd88444280644a!8m2!3d13.9274831!4d100.4825419!16s%2Fg%2F11sf6lgplk!19sChIJhywU4HCF4jARSmSAQkSIvaw?authuser=0&hl=en&rclk=1"
"0x311d677dc7b84051:0xe619566b843e8870","คลินิกทันตกรรม เอซ ACE Dental Clinic","Dental clinic","
58 24 หมู่ 7 King Kaeo Rd, Racha Thewa, Bang Phli District, Samut Prakan 10540, Thailand","MPXM+Q6 Racha Thewa, Bang Phli District, Samut Prakan, Thailand","","","+66 83 499 1991","https://www.facebook.com/Acedentalclinicofficial","","4.7","68","","","Open","","https://www.google.com/maps/place/%E0%B8%84%E0%B8%A5%E0%B8%B4%E0%B8%99%E0%B8%B4%E0%B8%81%E0%B8%97%E0%B8%B1%E0%B8%99%E0%B8%95%E0%B8%81%E0%B8%A3%E0%B8%A3%E0%B8%A1+%E0%B9%80%E0%B8%AD%E0%B8%8B+ACE+Dental+Clinic/data=!4m7!3m6!1s0x311d677dc7b84051:0xe619566b843e8870!8m2!3d13.6994939!4d100.7330223!16s%2Fg%2F11tg6c86lk!19sChIJUUC4x31nHTERcIg-hGtWGeY?authuser=0&hl=en&rclk=1"
"0x311d6500335298a9:0xbea3f419e7dd9fa9","คลินิกทันตกรรมไลท์สมาย Light smile Dental Clinic มีนบุรี รามอินทรา จัดฟัน ฟอกสีฟัน ขูดหินปูน ผ่าฟันคุด รากฟันเทียม วีเนียร์","Dental clinic","
คลินิกทันตกรรมไลท์สมาย 150 Sihaburanukit Rd, Khwaeng Min Buri, Min Buri, Bangkok 10510, Thailand","RP6G+W7 Bangkok, Thailand","","","+66 62 924 2262","https://www.lightsmiledental.com/?","","5.0","112","","","Open","","https://www.google.com/maps/place/%E0%B8%84%E0%B8%A5%E0%B8%B4%E0%B8%99%E0%B8%B4%E0%B8%81%E0%B8%97%E0%B8%B1%E0%B8%99%E0%B8%95%E0%B8%81%E0%B8%A3%E0%B8%A3%E0%B8%A1%E0%B9%84%E0%B8%A5%E0%B8%97%E0%B9%8C%E0%B8%AA%E0%B8%A1%E0%B8%B2%E0%B8%A2+Light+smile+Dental+Clinic+%E0%B8%A1%E0%B8%B5%E0%B8%99%E0%B8%9A%E0%B8%B8%E0%B8%A3%E0%B8%B5+%E0%B8%A3%E0%B8%B2%E0%B8%A1%E0%B8%AD%E0%B8%B4%E0%B8%99%E0%B8%97%E0%B8%A3%E0%B8%B2+%E0%B8%88%E0%B8%B1%E0%B8%94%E0%B8%9F%E0%B8%B1%E0%B8%99+%E0%B8%9F%E0%B8%AD%E0%B8%81%E0%B8%AA%E0%B8%B5%E0%B8%9F%E0%B8%B1%E0%B8%99+%E0%B8%82%E0%B8%B9%E0%B8%94%E0%B8%AB%E0%B8%B4%E0%B8%99%E0%B8%9B%E0%B8%B9%E0%B8%99+%E0%B8%9C%E0%B9%88%E0%B8%B2%E0%B8%9F%E0%B8%B1%E0%B8%99%E0%B8%84%E0%B8%B8%E0%B8%94+%E0%B8%A3%E0%B8%B2%E0%B8%81%E0%B8%9F%E0%B8%B1%E0%B8%99%E0%B9%80%E0%B8%97%E0%B8%B5%E0%B8%A2%E0%B8%A1+%E0%B8%A7%E0%B8%B5%E0%B9%80%E0%B8%99%E0%B8%B5%E0%B8%A2%E0%B8%A3%E0%B9%8C/data=!4m7!3m6!1s0x311d6500335298a9:0xbea3f419e7dd9fa9!8m2!3d13.8123035!4d100.7257124!16s%2Fg%2F11v_4fxly_!19sChIJqZhSMwBlHTERqZ_d5xn0o74?authuser=0&hl=en&rclk=1"
"0x311d6500692b1081:0x186d66a6647e9c3a","คลินิกทันตกรรมมอร์นิ่ง รามอินทรา 117 Morning Dental Clinic","Dental clinic","
112 252 Soi Charoen Phatthana 7, บางชัน Khlong Sam Wa, Bangkok 10510, Thailand","RPG6+WX Bangkok, Thailand","","","+66 85 556 4965","https://lin.ee/ygNFBDS5","","5.0","143","","","Open","","https://www.google.com/maps/place/%E0%B8%84%E0%B8%A5%E0%B8%B4%E0%B8%99%E0%B8%B4%E0%B8%81%E0%B8%97%E0%B8%B1%E0%B8%99%E0%B8%95%E0%B8%81%E0%B8%A3%E0%B8%A3%E0%B8%A1%E0%B8%A1%E0%B8%AD%E0%B8%A3%E0%B9%8C%E0%B8%99%E0%B8%B4%E0%B9%88%E0%B8%87+%E0%B8%A3%E0%B8%B2%E0%B8%A1%E0%B8%AD%E0%B8%B4%E0%B8%99%E0%B8%97%E0%B8%A3%E0%B8%B2+117+Morning+Dental+Clinic/data=!4m7!3m6!1s0x311d6500692b1081:0x186d66a6647e9c3a!8m2!3d13.8273006!4d100.7124453!16s%2Fg%2F11x2k_sfdm!19sChIJgRAraQBlHTEROpx-ZKZmbRg?authuser=0&hl=en&rclk=1"
"0x30e2a75eea24967f:0x9d825e472b186771","หมอเอ คลินิกทันตกรรม ทำฟันจัดฟัน","Dental clinic","
Sukhumvit Rd, Tambon Pak Nam, Mueang Samut Prakan District, Samut Prakan 10270, Thailand","HJJ4+QP Samut Prakan, Pak Nam, Mueang Samut Prakan District, Samut Prakan, Thailand","","","+66 82 695 1514","https://www.facebook.com/share/1BKNcRcVNm/?mibextid=wwXIfr","","3.2","11","","","Open","","https://www.google.com/maps/place/%E0%B8%AB%E0%B8%A1%E0%B8%AD%E0%B9%80%E0%B8%AD+%E0%B8%84%E0%B8%A5%E0%B8%B4%E0%B8%99%E0%B8%B4%E0%B8%81%E0%B8%97%E0%B8%B1%E0%B8%99%E0%B8%95%E0%B8%81%E0%B8%A3%E0%B8%A3%E0%B8%A1+%E0%B8%97%E0%B8%B3%E0%B8%9F%E0%B8%B1%E0%B8%99%E0%B8%88%E0%B8%B1%E0%B8%94%E0%B8%9F%E0%B8%B1%E0%B8%99/data=!4m7!3m6!1s0x30e2a75eea24967f:0x9d825e472b186771!8m2!3d13.5819909!4d100.6068227!16s%2Fg%2F11x1nr4lfp!19sChIJf5Yk6l6n4jARcWcYK0degp0?authuser=0&hl=en&rclk=1"
"0x30e2a0b55c16e393:0xc877eeaea2a084d2","คลินิกฟัน หมอประสม","Dental clinic","
41 Prakhon Chai Rd, Tambon Pak Nam, Mueang Samut Prakan District, Samut Prakan 10270, Thailand","HHWX+43 Samut Prakan, Pak Nam, Mueang Samut Prakan District, Samut Prakan, Thailand","","","+66 2 173 7904","","","5.0","9","","","Open","","https://www.google.com/maps/place/%E0%B8%84%E0%B8%A5%E0%B8%B4%E0%B8%99%E0%B8%B4%E0%B8%81%E0%B8%9F%E0%B8%B1%E0%B8%99+%E0%B8%AB%E0%B8%A1%E0%B8%AD%E0%B8%9B%E0%B8%A3%E0%B8%B0%E0%B8%AA%E0%B8%A1/data=!4m7!3m6!1s0x30e2a0b55c16e393:0xc877eeaea2a084d2!8m2!3d13.5952649!4d100.5976454!16s%2Fg%2F1hc68241v!19sChIJk-MWXLWg4jAR0oSgoq7ud8g?authuser=0&hl=en&rclk=1"
"0x311d659faa2b6353:0xa669f536323815d9","Firstsmile DentalClinic Mingle Hill มีนบุรี","Dental clinic","
Sihaburanukit Rd, Khwaeng Min Buri, Min Buri, Bangkok 10510, Thailand","RP6C+RV Bangkok, Thailand","","","+66 65 915 9553","https://firstsmiledentalclinic.com/","","4.7","201","","","Open","","https://www.google.com/maps/place/Firstsmile+DentalClinic+Mingle+Hill+%E0%B8%A1%E0%B8%B5%E0%B8%99%E0%B8%9A%E0%B8%B8%E0%B8%A3%E0%B8%B5/data=!4m7!3m6!1s0x311d659faa2b6353:0xa669f536323815d9!8m2!3d13.8120077!4d100.7221633!16s%2Fg%2F11ldk6g3l4!19sChIJU2Mrqp9lHTER2RU4Mjb1aaY?authuser=0&hl=en&rclk=1"
"0x30e282e35da0f8df:0xedaf8e0cc88a1fa5","Public Health Service Center 53","","
Kamphaeng Phet 6 Soi 7, Thung Song Hong, Lak Si, Bangkok 10210, Thailand","WH2J+X2 Bangkok, Thailand","","","+66 2 575 2650","https://webportal.bangkok.go.th/healthcenter53/page/sub/10673/%E0%B8%95%E0%B8%B2%E0%B8%A3%E0%B8%B2%E0%B8%87%E0%B9%83%E0%B8%AB%E0%B9%89%E0%B8%9A%E0%B8%A3%E0%B8%B4%E0%B8%81%E0%B8%B2%E0%B8%A3","","4.4","69","","","","","https://www.google.com/maps/place/Public+Health+Service+Center+53/data=!4m7!3m6!1s0x30e282e35da0f8df:0xedaf8e0cc88a1fa5!8m2!3d13.9024487!4d100.580086!16s%2Fg%2F1hd_7g47p!19sChIJ3_igXeOC4jARpR-KyAyOr-0?authuser=0&hl=en&rclk=1"
"0x30e28299ff1149af:0x2929331072f42f58","Ying Charoen Market","Fresh food market","
651 Phahonyothin Rd, Anusawari, Bang Khen, Bangkok 10220, Thailand","VJW5+W8 Bangkok, Thailand","","","+66 2 972 3405","https://www.facebook.com/yingcharoen.market/","","4.3","8706","Moderately priced","€€","Open","Spacious, indoor venue with stalls selling fruits, vegetables & local food specialties.","https://www.google.com/maps/place/Ying+Charoen+Market/data=!4m7!3m6!1s0x30e28299ff1149af:0x2929331072f42f58!8m2!3d13.897336!4d100.6083246!16s%2Fg%2F11h1sxqgb!19sChIJr0kR_5mC4jARWC_0chAzKSk?authuser=0&hl=en&rclk=1"
"0x311d65a8fbfde89b:0x4f18bb31f7824958","MeeeMouth Dental Clinic คลินิก มีเมาธ ทำฟัน จัดฟัน เลียบคลองสอง คลองสามวา หทัยราษฏร์ สายไหม บัตรทอง ประกันสังคม","Dental clinic","
222/5 Liap Khlong Song Rd, bangchan, Khlong Sam Wa, Bangkok 10510, Thailand","VP65+5P Bangkok, Thailand","","","+66 2 914 4679","https://www.facebook.com/SukkhapapfanLeabKlong2/","","3.5","24","","","Open","","https://www.google.com/maps/place/MeeeMouth+Dental+Clinic+%E0%B8%84%E0%B8%A5%E0%B8%B4%E0%B8%99%E0%B8%B4%E0%B8%81+%E0%B8%A1%E0%B8%B5%E0%B9%80%E0%B8%A1%E0%B8%B2%E0%B8%98+%E0%B8%97%E0%B8%B3%E0%B8%9F%E0%B8%B1%E0%B8%99+%E0%B8%88%E0%B8%B1%E0%B8%94%E0%B8%9F%E0%B8%B1%E0%B8%99+%E0%B9%80%E0%B8%A5%E0%B8%B5%E0%B8%A2%E0%B8%9A%E0%B8%84%E0%B8%A5%E0%B8%AD%E0%B8%87%E0%B8%AA%E0%B8%AD%E0%B8%87+%E0%B8%84%E0%B8%A5%E0%B8%AD%E0%B8%87%E0%B8%AA%E0%B8%B2%E0%B8%A1%E0%B8%A7%E0%B8%B2+%E0%B8%AB%E0%B8%97%E0%B8%B1%E0%B8%A2%E0%B8%A3%E0%B8%B2%E0%B8%A9%E0%B8%8F%E0%B8%A3%E0%B9%8C+%E0%B8%AA%E0%B8%B2%E0%B8%A2%E0%B9%84%E0%B8%AB%E0%B8%A1+%E0%B8%9A%E0%B8%B1%E0%B8%95%E0%B8%A3%E0%B8%97%E0%B8%AD%E0%B8%87+%E0%B8%9B%E0%B8%A3%E0%B8%B0%E0%B8%81%E0%B8%B1%E0%B8%99%E0%B8%AA%E0%B8%B1%E0%B8%87%E0%B8%84%E0%B8%A1/data=!4m7!3m6!1s0x311d65a8fbfde89b:0x4f18bb31f7824958!8m2!3d13.8604749!4d100.7093111!16s%2Fg%2F11ghlwnjg5!19sChIJm-j9-6hlHTERWEmC9zG7GE8?authuser=0&hl=en&rclk=1"
"0x311d649ab4c2da75:0xf4eee7cbe62bc66b","Hataiwut Dental Clinic","Dental clinic","
133, 11 ถ. หทัยราษฎร์ Min Buri, Bangkok 10510, Thailand","RPH9+PX Bangkok, Thailand","","","+66 2 171 5213","","","5.0","9","","","Open","","https://www.google.com/maps/place/Hataiwut+Dental+Clinic/data=!4m7!3m6!1s0x311d649ab4c2da75:0xf4eee7cbe62bc66b!8m2!3d13.8293304!4d100.7199053!16s%2Fg%2F1q2vzrr8m!19sChIJddrCtJpkHTERa8Yr5svn7vQ?authuser=0&hl=en&rclk=1"
"0x30e2bf2eee296bd5:0xc7a3e412bfdb24","ทีสไมล์ คลินิกทันตกรรม","Dental clinic","
366, 1 Liap Khlong Phasi Charoen Fang Nuea Rd., เเขวงหนองแขม, Nong Khaem, Bangkok 10160, Thailand","M8JW+H4 Bangkok, Thailand","","","+66 99 953 3340","","","4.6","9","","","Open","","https://www.google.com/maps/place/%E0%B8%97%E0%B8%B5%E0%B8%AA%E0%B9%84%E0%B8%A1%E0%B8%A5%E0%B9%8C+%E0%B8%84%E0%B8%A5%E0%B8%B4%E0%B8%99%E0%B8%B4%E0%B8%81%E0%B8%97%E0%B8%B1%E0%B8%99%E0%B8%95%E0%B8%81%E0%B8%A3%E0%B8%A3%E0%B8%A1/data=!4m7!3m6!1s0x30e2bf2eee296bd5:0xc7a3e412bfdb24!8m2!3d13.6814943!4d100.3452712!16s%2Fg%2F11vw_7mz_f!19sChIJ1Wsp7i6_4jARJNu_EuSjxwA?authuser=0&hl=en&rclk=1"
"0x311d5908ef35ce5b:0x6076f34f515d7ee3","DISTRICT เทพารักษ์ | ดิสทริค เทพารักษ์","Housing development","
459 Phraek Sa Mai, อำเภอเมือง Samut Prakan 10280, Thailand","HMP4+MW Phraeksa, Mueang Samut Prakan District, Samut Prakan, Thailand","","","+66 2 018 9999","https://www.apthai.com/th/homeoffice/district-thepharak?utm_source=google.maps_apthai&utm_medium=ap_Traffic_Google-Maps_non-paid&utm_campaign=none_0638A01_NonDefine","","4.5","21","","","Open","","https://www.google.com/maps/place/DISTRICT+%E0%B9%80%E0%B8%97%E0%B8%9E%E0%B8%B2%E0%B8%A3%E0%B8%B1%E0%B8%81%E0%B8%A9%E0%B9%8C+%7C+%E0%B8%94%E0%B8%B4%E0%B8%AA%E0%B8%97%E0%B8%A3%E0%B8%B4%E0%B8%84+%E0%B9%80%E0%B8%97%E0%B8%9E%E0%B8%B2%E0%B8%A3%E0%B8%B1%E0%B8%81%E0%B8%A9%E0%B9%8C/data=!4m7!3m6!1s0x311d5908ef35ce5b:0x6076f34f515d7ee3!8m2!3d13.5866422!4d100.6573663!16s%2Fg%2F11jb63ksh3!19sChIJW8417whZHTER435dUU_zdmA?authuser=0&hl=en&rclk=1"
"0x311d65692e566581:0x5166920fdd851391","คลินิกทันตกรรมบ้านทันตแพทย์ ตลาดมีนบุรี","Dental clinic","
557 Sihaburanukit 15, Min Buri, Bangkok 10510, Thailand","RP7H+94 Bangkok, Thailand","","","+66 92 494 4599","https://web.facebook.com/baantanta","","5.0","35","","","Open","","https://www.google.com/maps/place/%E0%B8%84%E0%B8%A5%E0%B8%B4%E0%B8%99%E0%B8%B4%E0%B8%81%E0%B8%97%E0%B8%B1%E0%B8%99%E0%B8%95%E0%B8%81%E0%B8%A3%E0%B8%A3%E0%B8%A1%E0%B8%9A%E0%B9%89%E0%B8%B2%E0%B8%99%E0%B8%97%E0%B8%B1%E0%B8%99%E0%B8%95%E0%B9%81%E0%B8%9E%E0%B8%97%E0%B8%A2%E0%B9%8C+%E0%B8%95%E0%B8%A5%E0%B8%B2%E0%B8%94%E0%B8%A1%E0%B8%B5%E0%B8%99%E0%B8%9A%E0%B8%B8%E0%B8%A3%E0%B8%B5/data=!4m7!3m6!1s0x311d65692e566581:0x5166920fdd851391!8m2!3d13.8134935!4d100.7277694!16s%2Fg%2F11gt_zwgcd!19sChIJgWVWLmllHTERkROF3Q-SZlE?authuser=0&hl=en&rclk=1"
"0x311d65b38d0fcb79:0xf518d41f86a929c7","Delight Denta lClinic","Dental clinic","
Liap Khlong Song Rd, Bang Chan, Khlong Sam Wa, Bangkok 10510, Thailand","VP66+8X Bangkok, Thailand","","","+66 96 664 4935","https://www.facebook.com/delightdtc","","5.0","100","","","Open","","https://www.google.com/maps/place/Delight+Denta+lClinic/data=!4m7!3m6!1s0x311d65b38d0fcb79:0xf518d41f86a929c7!8m2!3d13.8607932!4d100.7124959!16s%2Fg%2F11vwzf4s7c!19sChIJecsPjbNlHTERxymphh_UGPU?authuser=0&hl=en&rclk=1"
"0x311d5fb11eb6ce2b:0x36a2e3b1c11c816","มารีน่าคลีนิค","Cosmetic dentist","
MM92+67J, Bang Na Nuea, Bang Na, Bangkok 10260, Thailand","","","","+66 62 329 7998","","","4.2","5","","","Open","","https://www.google.com/maps/place/%E0%B8%A1%E0%B8%B2%E0%B8%A3%E0%B8%B5%E0%B8%99%E0%B9%88%E0%B8%B2%E0%B8%84%E0%B8%A5%E0%B8%B5%E0%B8%99%E0%B8%B4%E0%B8%84/data=!4m7!3m6!1s0x311d5fb11eb6ce2b:0x36a2e3b1c11c816!8m2!3d13.6680876!4d100.650648!16s%2Fg%2F11qq43zfdd!19sChIJK862HrFfHTERFsgRHDsuagM?authuser=0&hl=en&rclk=1"
"0x311d5e232e2cb9d7:0xe46b2531822896a4","คลินิก ทันตกรรมตลาดรามสอง / จัดฟัน ราม2 ทำฟันราม2 )","Dental clinic","
6/705 รามคำแหง2ซอย 21อาคารนัมเบอร์วัน 4 Soi Bang Na-Trat, Dok Mai, Prawet, Bangkok 10250, Thailand","MMCM+HG Bangkok, Thailand","","","+66 2 740 9255","","","5.0","29","","","Open","","https://www.google.com/maps/place/%E0%B8%84%E0%B8%A5%E0%B8%B4%E0%B8%99%E0%B8%B4%E0%B8%81+%E0%B8%97%E0%B8%B1%E0%B8%99%E0%B8%95%E0%B8%81%E0%B8%A3%E0%B8%A3%E0%B8%A1%E0%B8%95%E0%B8%A5%E0%B8%B2%E0%B8%94%E0%B8%A3%E0%B8%B2%E0%B8%A1%E0%B8%AA%E0%B8%AD%E0%B8%87+%2F+%E0%B8%88%E0%B8%B1%E0%B8%94%E0%B8%9F%E0%B8%B1%E0%B8%99+%E0%B8%A3%E0%B8%B2%E0%B8%A12+%E0%B8%97%E0%B8%B3%E0%B8%9F%E0%B8%B1%E0%B8%99%E0%B8%A3%E0%B8%B2%E0%B8%A12+%29/data=!4m7!3m6!1s0x311d5e232e2cb9d7:0xe46b2531822896a4!8m2!3d13.6714457!4d100.6838339!16s%2Fg%2F1ygvswqpq!19sChIJ17ksLiNeHTERpJYogjEla-Q?authuser=0&hl=en&rclk=1"
"0x30e290c5e8bce733:0xa5d4a4516b55818a","Lotus's Bangyai","Hypermarket","
90 หมู่ที่ 5 Thanon Kanchanaphisek, Bang Khu Wiang, Bang Kruai District, Nonthaburi 11130, Thailand","RCF5+9X Bang Khu Wiang, Bang Kruai District, Nonthaburi, Thailand","","","+66 2 832 5000","http://www.lotuss.com/","","4.3","6953","","","Open","Expansive retail complex featuring a variety of stores, a grocery market & a food court.","https://www.google.com/maps/place/Lotus%27s+Bangyai/data=!4m7!3m6!1s0x30e290c5e8bce733:0xa5d4a4516b55818a!8m2!3d13.8234881!4d100.4099064!16s%2Fg%2F11b6dr6j84!19sChIJM-e86MWQ4jARioFVa1Gk1KU?authuser=0&hl=en&rclk=1"
"0x30e2a15924c17799:0x730c45240cfe7f05","ยิ้มหวาน คลินิกทันตกรรม สาขาทรัพย์บุญชัย","Dental clinic","
Sap Bun Chai Soi 4, Bang Muang, Mueang Samut Prakan District, Samut Prakan 10270, Thailand","HJX9+RF Bang Muang, Mueang Samut Prakan District, Samut Prakan, Thailand","","","+66 64 564 9098","https://www.facebook.com/yimwan113","","4.8","167","","","Open","","https://www.google.com/maps/place/%E0%B8%A2%E0%B8%B4%E0%B9%89%E0%B8%A1%E0%B8%AB%E0%B8%A7%E0%B8%B2%E0%B8%99+%E0%B8%84%E0%B8%A5%E0%B8%B4%E0%B8%99%E0%B8%B4%E0%B8%81%E0%B8%97%E0%B8%B1%E0%B8%99%E0%B8%95%E0%B8%81%E0%B8%A3%E0%B8%A3%E0%B8%A1+%E0%B8%AA%E0%B8%B2%E0%B8%82%E0%B8%B2%E0%B8%97%E0%B8%A3%E0%B8%B1%E0%B8%9E%E0%B8%A2%E0%B9%8C%E0%B8%9A%E0%B8%B8%E0%B8%8D%E0%B8%8A%E0%B8%B1%E0%B8%A2/data=!4m7!3m6!1s0x30e2a15924c17799:0x730c45240cfe7f05!8m2!3d13.599515!4d100.6186922!16s%2Fg%2F11rxsr72f8!19sChIJmXfBJFmh4jARBX_-DCRFDHM?authuser=0&hl=en&rclk=1"
"0x311d656176c9997b:0xc0cb2d03f4d8243","คลินิกทันตกรรม เอดีซี (ADC Dental Clinic)","Dental clinic","
126/8 Thanon Kheha Rom Klao, Khlong Song Ton Nun, Lat Krabang, Bangkok 10520, Thailand","QPFP+8H Bangkok, Thailand","","","+66 96 419 6959","https://lin.ee/zlwejvtv","","5.0","13","","","Open","","https://www.google.com/maps/place/%E0%B8%84%E0%B8%A5%E0%B8%B4%E0%B8%99%E0%B8%B4%E0%B8%81%E0%B8%97%E0%B8%B1%E0%B8%99%E0%B8%95%E0%B8%81%E0%B8%A3%E0%B8%A3%E0%B8%A1+%E0%B9%80%E0%B8%AD%E0%B8%94%E0%B8%B5%E0%B8%8B%E0%B8%B5+%28ADC+Dental+Clinic%29/data=!4m7!3m6!1s0x311d656176c9997b:0xc0cb2d03f4d8243!8m2!3d13.7733341!4d100.7364746!16s%2Fg%2F11msl44xfx!19sChIJe5nJdmFlHTERQ4JNP9CyDAw?authuser=0&hl=en&rclk=1"
"0x30e2a0b530976ae1:0x76ba981ecd5dbfdf","ทันตแพทย์สุรีย์คลินิก (ไชยาสุรีย์คลินิก)","Dental clinic","
19, 29 Narai Prap Suek Rd, Pak Nam, Mueang Samut Prakan District, Samut Prakan 10270, Thailand","HHWX+4H Samut Prakan, Pak Nam, Mueang Samut Prakan District, Samut Prakan, Thailand","","","+66 2 173 7815","","","5.0","6","","","Open","","https://www.google.com/maps/place/%E0%B8%97%E0%B8%B1%E0%B8%99%E0%B8%95%E0%B9%81%E0%B8%9E%E0%B8%97%E0%B8%A2%E0%B9%8C%E0%B8%AA%E0%B8%B8%E0%B8%A3%E0%B8%B5%E0%B8%A2%E0%B9%8C%E0%B8%84%E0%B8%A5%E0%B8%B4%E0%B8%99%E0%B8%B4%E0%B8%81+%28%E0%B9%84%E0%B8%8A%E0%B8%A2%E0%B8%B2%E0%B8%AA%E0%B8%B8%E0%B8%A3%E0%B8%B5%E0%B8%A2%E0%B9%8C%E0%B8%84%E0%B8%A5%E0%B8%B4%E0%B8%99%E0%B8%B4%E0%B8%81%29/data=!4m7!3m6!1s0x30e2a0b530976ae1:0x76ba981ecd5dbfdf!8m2!3d13.5953736!4d100.5989853!16s%2Fg%2F1ptvx15z6!19sChIJ4WqXMLWg4jAR379dzR6YunY?authuser=0&hl=en&rclk=1"
"0x311d6707f79f4169:0xd1cfd15d7f26fa76","คลินิกทันตกรรมบีไบร์ท สาขาเคหะร่มเกล้า","Dental clinic","
358 45 หมู่ที่ 4 Kheha Rom Klao 20 Alley, Khlong Song Ton Nun, Lat Krabang, Bangkok 10520, Thailand","QPCJ+3X Bangkok, Thailand","","","+66 62 814 1917","","","5.0","5","","","Open","","https://www.google.com/maps/place/%E0%B8%84%E0%B8%A5%E0%B8%B4%E0%B8%99%E0%B8%B4%E0%B8%81%E0%B8%97%E0%B8%B1%E0%B8%99%E0%B8%95%E0%B8%81%E0%B8%A3%E0%B8%A3%E0%B8%A1%E0%B8%9A%E0%B8%B5%E0%B9%84%E0%B8%9A%E0%B8%A3%E0%B9%8C%E0%B8%97+%E0%B8%AA%E0%B8%B2%E0%B8%82%E0%B8%B2%E0%B9%80%E0%B8%84%E0%B8%AB%E0%B8%B0%E0%B8%A3%E0%B9%88%E0%B8%A1%E0%B9%80%E0%B8%81%E0%B8%A5%E0%B9%89%E0%B8%B2/data=!4m7!3m6!1s0x311d6707f79f4169:0xd1cfd15d7f26fa76!8m2!3d13.7701377!4d100.7323837!16s%2Fg%2F11j1j6fyyz!19sChIJaUGf9wdnHTERdvomf13Rz9E?authuser=0&hl=en&rclk=1"
"0x311d647c85438af1:0xbb6b025eecc2031","RAK YIM DENTALCLINIC","Dental clinic","
5 Sihaburanukit Rd, Min Buri, Bangkok 10510, Thailand","RP79+4G Bangkok, Thailand","","","+66 2 918 5942","","","4.6","13","","","Open","","https://www.google.com/maps/place/RAK+YIM+DENTALCLINIC/data=!4m7!3m6!1s0x311d647c85438af1:0xbb6b025eecc2031!8m2!3d13.8128645!4d100.718857!16s%2Fg%2F1ptyz30bn!19sChIJ8YpDhXxkHTERMSDM7iWwtgs?authuser=0&hl=en&rclk=1"
"0x30e283c842c472c5:0x17e1c23d7bc1d86","Le Grande Dental Clinic สาขาสรงประภา","Dental clinic","
213 Thanon Song Prapha, Khwaeng Don Mueang, Don Mueang, Bangkok 10210, Thailand","WHFV+XC Bangkok, Thailand","","","+66 98 050 9000","http://www.facebook.com/legrande.th","","5.0","19","","","Open","","https://www.google.com/maps/place/Le+Grande+Dental+Clinic+%E0%B8%AA%E0%B8%B2%E0%B8%82%E0%B8%B2%E0%B8%AA%E0%B8%A3%E0%B8%87%E0%B8%9B%E0%B8%A3%E0%B8%B0%E0%B8%A0%E0%B8%B2/data=!4m7!3m6!1s0x30e283c842c472c5:0x17e1c23d7bc1d86!8m2!3d13.9249589!4d100.5935296!16s%2Fg%2F11tw_wc9w3!19sChIJxXLEQsiD4jARhh281yMcfgE?authuser=0&hl=en&rclk=1"
"0x30e28250baf0e3e3:0x34ad1a5fb3d4ef76","คลินิกทันตกรรม ND (ที่ใหม่)","Dental clinic","
25 1 Pracha Uthit 4 Alley, Don Mueang, Bangkok 10210, Thailand","WHFP+C2 Bangkok, Thailand","","","+66 94 448 3022","https://www.facebook.com/NDdental?fref=photo","","3.2","18","","","Open","","https://www.google.com/maps/place/%E0%B8%84%E0%B8%A5%E0%B8%B4%E0%B8%99%E0%B8%B4%E0%B8%81%E0%B8%97%E0%B8%B1%E0%B8%99%E0%B8%95%E0%B8%81%E0%B8%A3%E0%B8%A3%E0%B8%A1+ND+%28%E0%B8%97%E0%B8%B5%E0%B9%88%E0%B9%83%E0%B8%AB%E0%B8%A1%E0%B9%88%29/data=!4m7!3m6!1s0x30e28250baf0e3e3:0x34ad1a5fb3d4ef76!8m2!3d13.9235802!4d100.5850668!16s%2Fg%2F11b7hdxkwg!19sChIJ4-PwulCC4jARdu_Us18arTQ?authuser=0&hl=en&rclk=1"
"0x30e285006258d2ed:0xe10511637c063a23","The Dent Clinic","Dental clinic","
24 หมู่ 2 ถนน ราชพฤกษ์ Om Kret, Pak Kret District, Nonthaburi 11120, Thailand","WF52+85 Bang Phlap, Pak Kret District, Nonthaburi, Thailand","","","+66 84 267 6868","https://thedent.co.th/","","5.0","112","","","Open","","https://www.google.com/maps/place/The+Dent+Clinic/data=!4m7!3m6!1s0x30e285006258d2ed:0xe10511637c063a23!8m2!3d13.9083691!4d100.4503939!16s%2Fg%2F11yhdfhk18!19sChIJ7dJYYgCF4jARIzoGfGMRBeE?authuser=0&hl=en&rclk=1"
"0x311d65c2c7903c2b:0x35474c17ecf00698","Stardent Plus Dental Clinic - คลินิกทันตกรรมสตาร์เด็นท์พลัส สาขา 2 (ซ.สีหบุรานุกิจ 13 / ซ.วนาทิพย์)","Dental clinic","
399/21 ซ สีหบุรานุกิจ 13 Khwaeng Min Buri, Min Buri, Bangkok 10510, Thailand","RP7G+CQ Bangkok, Thailand","","","+66 2 918 8201","http://facebook.com/StardentPlus","","4.9","208","","","Open","","https://www.google.com/maps/place/Stardent+Plus+Dental+Clinic+-+%E0%B8%84%E0%B8%A5%E0%B8%B4%E0%B8%99%E0%B8%B4%E0%B8%81%E0%B8%97%E0%B8%B1%E0%B8%99%E0%B8%95%E0%B8%81%E0%B8%A3%E0%B8%A3%E0%B8%A1%E0%B8%AA%E0%B8%95%E0%B8%B2%E0%B8%A3%E0%B9%8C%E0%B9%80%E0%B8%94%E0%B9%87%E0%B8%99%E0%B8%97%E0%B9%8C%E0%B8%9E%E0%B8%A5%E0%B8%B1%E0%B8%AA+%E0%B8%AA%E0%B8%B2%E0%B8%82%E0%B8%B2+2+%28%E0%B8%8B.%E0%B8%AA%E0%B8%B5%E0%B8%AB%E0%B8%9A%E0%B8%B8%E0%B8%A3%E0%B8%B2%E0%B8%99%E0%B8%B8%E0%B8%81%E0%B8%B4%E0%B8%88+13+%2F+%E0%B8%8B.%E0%B8%A7%E0%B8%99%E0%B8%B2%E0%B8%97%E0%B8%B4%E0%B8%9E%E0%B8%A2%E0%B9%8C%29/data=!4m7!3m6!1s0x311d65c2c7903c2b:0x35474c17ecf00698!8m2!3d13.8135368!4d100.7269173!16s%2Fg%2F11rggnhrd6!19sChIJKzyQx8JlHTERmAbw7BdMRzU?authuser=0&hl=en&rclk=1"
"0x30e28ff18147ae2b:0x14dcf9e72e343942","ดวงใจทันตแพทย์","Dental clinic","
222/205 Bang Kruai - Sai Noi Rd, Bang Rak Phatthana, Bang Bua Thong District, Nonthaburi 11110, Thailand","VCWH+MX Bang Rak Phatthana, Bang Bua Thong District, Nonthaburi, Thailand","","","+66 2 920 7918","","","3.3","8","","","Open","","https://www.google.com/maps/place/%E0%B8%94%E0%B8%A7%E0%B8%87%E0%B9%83%E0%B8%88%E0%B8%97%E0%B8%B1%E0%B8%99%E0%B8%95%E0%B9%81%E0%B8%9E%E0%B8%97%E0%B8%A2%E0%B9%8C/data=!4m7!3m6!1s0x30e28ff18147ae2b:0x14dcf9e72e343942!8m2!3d13.8967214!4d100.4299275!16s%2Fg%2F1hc1934t8!19sChIJK65HgfGP4jARQjk0Luf53BQ?authuser=0&hl=en&rclk=1"
"0x30e2bbda5a022c7b:0xfe17306cda1b25ae","คลินิกพันท้ายทันตแพทย์","Dental clinic","
189 757 Phanthai Norasing, เมือง Samut Sakhon 74000, Thailand","H9W7+4M Bang Nam Chuet, Mueang Samut Sakhon District, Samut Sakhon, Thailand","","","+66 95 730 9964","https://www.facebook.com/PantaiDC","","4.8","158","","","Open","","https://www.google.com/maps/place/%E0%B8%84%E0%B8%A5%E0%B8%B4%E0%B8%99%E0%B8%B4%E0%B8%81%E0%B8%9E%E0%B8%B1%E0%B8%99%E0%B8%97%E0%B9%89%E0%B8%B2%E0%B8%A2%E0%B8%97%E0%B8%B1%E0%B8%99%E0%B8%95%E0%B9%81%E0%B8%9E%E0%B8%97%E0%B8%A2%E0%B9%8C/data=!4m7!3m6!1s0x30e2bbda5a022c7b:0xfe17306cda1b25ae!8m2!3d13.5953695!4d100.3641716!16s%2Fg%2F11q1gqg23j!19sChIJeywCWtq74jARriUb2mwwF_4?authuser=0&hl=en&rclk=1"
"0x311d646143c78b99:0xf485900a426716f7","Ban Rak Yim Dental","Dental clinic","
553 Sihaburanukit Rd, Min Buri, Bangkok 10510, Thailand","RP7H+94 Bangkok, Thailand","","","+66 2 540 7179","http://www.banrakyim.com/","","3.8","14","","","Open","","https://www.google.com/maps/place/Ban+Rak+Yim+Dental/data=!4m7!3m6!1s0x311d646143c78b99:0xf485900a426716f7!8m2!3d13.8133847!4d100.7277678!16s%2Fg%2F1hc2kcycp!19sChIJmYvHQ2FkHTER9xZnQgqQhfQ?authuser=0&hl=en&rclk=1"
"0x311d7f08454ec98b:0x4b9e12b6f6f7be40","Hello Smile Dental Clinic คลินิกทันตกรรมฮัลโหลสไมล์","Dental clinic","
355, 63 Phahonyothin Rd, Khu Khot, Lam Luk Ka District, Pathum Thani 12130, Thailand","XJ79+8Q Khu Khot, Lam Luk Ka District, Pathum Thani, Thailand","","","+66 90 949 9605","https://hellosmiledent.com/","","5.0","61","","","Open","","https://www.google.com/maps/place/Hello+Smile+Dental+Clinic+%E0%B8%84%E0%B8%A5%E0%B8%B4%E0%B8%99%E0%B8%B4%E0%B8%81%E0%B8%97%E0%B8%B1%E0%B8%99%E0%B8%95%E0%B8%81%E0%B8%A3%E0%B8%A3%E0%B8%A1%E0%B8%AE%E0%B8%B1%E0%B8%A5%E0%B9%82%E0%B8%AB%E0%B8%A5%E0%B8%AA%E0%B9%84%E0%B8%A1%E0%B8%A5%E0%B9%8C/data=!4m7!3m6!1s0x311d7f08454ec98b:0x4b9e12b6f6f7be40!8m2!3d13.9633401!4d100.6194755!16s%2Fg%2F11lsqryn03!19sChIJi8lORQh_HTERQL739rYSnks?authuser=0&hl=en&rclk=1"
"0x311d66a5d17255d1:0x76490d8dc35201b0","คลินิกทันตกรรม นลินเด็นทัลแคร์ เคหะร่มเกล้า","Dental clinic","
78 17 Thanon Kheha Rom Klao, Khlong Song Ton Nun, Lat Krabang, Bangkok 10520, Thailand","QP8F+89 Bangkok, Thailand","","","","","","4.9","37","","","Open","","https://www.google.com/maps/place/%E0%B8%84%E0%B8%A5%E0%B8%B4%E0%B8%99%E0%B8%B4%E0%B8%81%E0%B8%97%E0%B8%B1%E0%B8%99%E0%B8%95%E0%B8%81%E0%B8%A3%E0%B8%A3%E0%B8%A1+%E0%B8%99%E0%B8%A5%E0%B8%B4%E0%B8%99%E0%B9%80%E0%B8%94%E0%B9%87%E0%B8%99%E0%B8%97%E0%B8%B1%E0%B8%A5%E0%B9%81%E0%B8%84%E0%B8%A3%E0%B9%8C+%E0%B9%80%E0%B8%84%E0%B8%AB%E0%B8%B0%E0%B8%A3%E0%B9%88%E0%B8%A1%E0%B9%80%E0%B8%81%E0%B8%A5%E0%B9%89%E0%B8%B2/data=!4m7!3m6!1s0x311d66a5d17255d1:0x76490d8dc35201b0!8m2!3d13.765763!4d100.7234654!16s%2Fg%2F1q2w5q80f!19sChIJ0VVy0aVmHTERsAFSw40NSXY?authuser=0&hl=en&rclk=1"
"0x311d59b83940f65f:0x3570c2b2d8f233a2","Smile Home Dental Clinic (สมายโฮมเดนทันคลินิก)","Dental clinic","
Phraeksa 14, Phraeksa, Mueang Samut Prakan District, Samut Prakan 10280, Thailand","HM6C+G9 Phraeksa, Mueang Samut Prakan District, Samut Prakan, Thailand","","","+66 90 678 0090","https://www.facebook.com/SmilehomeDentalclinic","","5.0","43","","","Open","","https://www.google.com/maps/place/Smile+Home+Dental+Clinic+%28%E0%B8%AA%E0%B8%A1%E0%B8%B2%E0%B8%A2%E0%B9%82%E0%B8%AE%E0%B8%A1%E0%B9%80%E0%B8%94%E0%B8%99%E0%B8%97%E0%B8%B1%E0%B8%99%E0%B8%84%E0%B8%A5%E0%B8%B4%E0%B8%99%E0%B8%B4%E0%B8%81%29/data=!4m7!3m6!1s0x311d59b83940f65f:0x3570c2b2d8f233a2!8m2!3d13.5612746!4d100.6709228!16s%2Fg%2F11fply1_db!19sChIJX_ZAObhZHTERojPy2LLCcDU?authuser=0&hl=en&rclk=1"
"0x30e28423247ea2d9:0x8cd4e89024e2d7d","คลินิกทันตกรรม ท.345","Dental clinic","
82 Soi 9, Bang Khu Wat, อำเภอเมือง, Pathum Thani 12000, Thailand","XG59+77 Bang Khu Wat, Mueang Pathum Thani District, Pathum Thani, Thailand","","","+66 97 123 0285","https://www.facebook.com/345dentalclinic?mibextid=ZbWKwL","","4.5","6","","","Open","","https://www.google.com/maps/place/%E0%B8%84%E0%B8%A5%E0%B8%B4%E0%B8%99%E0%B8%B4%E0%B8%81%E0%B8%97%E0%B8%B1%E0%B8%99%E0%B8%95%E0%B8%81%E0%B8%A3%E0%B8%A3%E0%B8%A1+%E0%B8%97.345/data=!4m7!3m6!1s0x30e28423247ea2d9:0x8cd4e89024e2d7d!8m2!3d13.958194!4d100.5181999!16s%2Fg%2F1hc2fqfb0!19sChIJ2aJ-JCOE4jARfS1OAolOzQg?authuser=0&hl=en&rclk=1"
"0x30e295555a252da7:0x36847b59b4046f59","คลินิกทันตกรรมทูธดี Tooth-D สาย5","Dental clinic","
50 176 หมู่ 13 Phutthamonthon Sai 5 Road, Tambon Rai Khing, Sam Phran District, Nakhon Pathom 73210, Thailand","P7HX+XQ Rai Khing, Sam Phran District, Nakhon Pathom, Thailand","","","+66 65 725 4555","https://sites.google.com/view/toothd-drnaam","","5.0","181","","","Open","","https://www.google.com/maps/place/%E0%B8%84%E0%B8%A5%E0%B8%B4%E0%B8%99%E0%B8%B4%E0%B8%81%E0%B8%97%E0%B8%B1%E0%B8%99%E0%B8%95%E0%B8%81%E0%B8%A3%E0%B8%A3%E0%B8%A1%E0%B8%97%E0%B8%B9%E0%B8%98%E0%B8%94%E0%B8%B5+Tooth-D+%E0%B8%AA%E0%B8%B2%E0%B8%A25/data=!4m7!3m6!1s0x30e295555a252da7:0x36847b59b4046f59!8m2!3d13.7299418!4d100.2994097!16s%2Fg%2F11kj6jh0sc!19sChIJpy0lWlWV4jARWW8EtFl7hDY?authuser=0&hl=en&rclk=1"
"0x30e2bf7996d20669:0xd598ffa92d67a480","เดนทัล ฮัก คลินิกทันตกรรม | Dental Hug","Dental clinic","
179, ข้างธนาคารไทยพาณิชย์, 35 Sukhontawit Road, Talad Krathum Baen, Krathum Baen District, Samut Sakhon 74110, Thailand","M738+MF Tha Mai, Krathum Baen District, Samut Sakhon, Thailand","","","+66 96 356 3356","https://www.facebook.com/dentalhug","","5.0","422","","","Open","","https://www.google.com/maps/place/%E0%B9%80%E0%B8%94%E0%B8%99%E0%B8%97%E0%B8%B1%E0%B8%A5+%E0%B8%AE%E0%B8%B1%E0%B8%81+%E0%B8%84%E0%B8%A5%E0%B8%B4%E0%B8%99%E0%B8%B4%E0%B8%81%E0%B8%97%E0%B8%B1%E0%B8%99%E0%B8%95%E0%B8%81%E0%B8%A3%E0%B8%A3%E0%B8%A1+%7C+Dental+Hug/data=!4m7!3m6!1s0x30e2bf7996d20669:0xd598ffa92d67a480!8m2!3d13.6541447!4d100.2662062!16s%2Fg%2F11r9q6j5s2!19sChIJaQbSlnm_4jARgKRnLan_mNU?authuser=0&hl=en&rclk=1"
"0x30e2bbd5b9dd306d:0xdc20823094c5f56a","OHO Dental Clinic สินสาคร","Dental clinic","
22 8, Tambon Khok Kham, เมือง Samut Sakhon 74000, Thailand","H89R+CF Khok Kham, Mueang Samut Sakhon District, Samut Sakhon, Thailand","","","+66 94 715 6628","","","5.0","153","","","Open","","https://www.google.com/maps/place/OHO+Dental+Clinic+%E0%B8%AA%E0%B8%B4%E0%B8%99%E0%B8%AA%E0%B8%B2%E0%B8%84%E0%B8%A3/data=!4m7!3m6!1s0x30e2bbd5b9dd306d:0xdc20823094c5f56a!8m2!3d13.5685297!4d100.3412032!16s%2Fg%2F11x8jjmdtt!19sChIJbTDdudW74jARavXFlDCCINw?authuser=0&hl=en&rclk=1"
"0x30e2b900019dd8e3:0x5010a16f3059fe7b","คลินิกทันตกรรม โอ๊ต มารุสไมล์","Dental clinic","
ต, โครงการ สินสาคร วิลเลจ ชั้น2 (ห้อง13-14, Phanthai Norasing, อ.เมือง, Samut Sakhon 74000, Thailand","H8CX+FG Phanthai Norasing, Mueang Samut Sakhon District, Samut Sakhon, Thailand","","","+66 63 459 3619","http://www.facebook.com/oat.marusmile","","5.0","27","","","Open","","https://www.google.com/maps/place/%E0%B8%84%E0%B8%A5%E0%B8%B4%E0%B8%99%E0%B8%B4%E0%B8%81%E0%B8%97%E0%B8%B1%E0%B8%99%E0%B8%95%E0%B8%81%E0%B8%A3%E0%B8%A3%E0%B8%A1+%E0%B9%82%E0%B8%AD%E0%B9%8A%E0%B8%95+%E0%B8%A1%E0%B8%B2%E0%B8%A3%E0%B8%B8%E0%B8%AA%E0%B9%84%E0%B8%A1%E0%B8%A5%E0%B9%8C/data=!4m7!3m6!1s0x30e2b900019dd8e3:0x5010a16f3059fe7b!8m2!3d13.5712008!4d100.3487844!16s%2Fg%2F11ycbf84rd!19sChIJ49idAQC54jARe_5ZMG-hEFA?authuser=0&hl=en&rclk=1"
"0x311d67aaf620c035:0x81c01dc3db15739a","ท๊อปทันตกรรมลาดกระบัง","Dental clinic","
1979 Lat Krabang Rd, Khwaeng Lat Krabang, Lat Krabang, Bangkok 10520, Thailand","PQCM+VQ Bangkok, Thailand","","","+66 2 326 9300","","","4.8","232","","","Open","","https://www.google.com/maps/place/%E0%B8%97%E0%B9%8A%E0%B8%AD%E0%B8%9B%E0%B8%97%E0%B8%B1%E0%B8%99%E0%B8%95%E0%B8%81%E0%B8%A3%E0%B8%A3%E0%B8%A1%E0%B8%A5%E0%B8%B2%E0%B8%94%E0%B8%81%E0%B8%A3%E0%B8%B0%E0%B8%9A%E0%B8%B1%E0%B8%87/data=!4m7!3m6!1s0x311d67aaf620c035:0x81c01dc3db15739a!8m2!3d13.7221654!4d100.7844934!16s%2Fg%2F1pzxw6sb9!19sChIJNcAg9qpnHTERmnMV28MdwIE?authuser=0&hl=en&rclk=1"
"0x30e281e7bc374a63:0x9c93fc5813044bda","The Color Smile Dental Clinic ปทุมธานี","Dental clinic","
29 Pathum Samphan, Bang Prok, Mueang Pathum Thani District, Pathum Thani 12000, Thailand","2G9J+CV Bang Prok, Mueang Pathum Thani District, Pathum Thani, Thailand","","","+66 88 800 0088","https://www.facebook.com/THECOLORSMILE/","","4.9","131","","","Open","","https://www.google.com/maps/place/The+Color+Smile+Dental+Clinic+%E0%B8%9B%E0%B8%97%E0%B8%B8%E0%B8%A1%E0%B8%98%E0%B8%B2%E0%B8%99%E0%B8%B5/data=!4m7!3m6!1s0x30e281e7bc374a63:0x9c93fc5813044bda!8m2!3d14.0185354!4d100.5322109!16s%2Fg%2F11j0frv52l!19sChIJY0o3vOeB4jAR2ksEE1j8k5w?authuser=0&hl=en&rclk=1"
"0x311d7bd03187f7bb:0x35a9f34a6ebdbdbb","คลินิกทันตกรรมมอร์นิ่ง ลำลูกกาคลอง 5 - หทัยราษฏร์ Morning Dental Clinic","Dental clinic","
46 Bueng Kham Phroi, Lam Luk Ka District, Chang Wat Pathum Thani 12150, Thailand","WPH6+3W Bueng Kham Phroi, Lam Luk Ka District, Pathum Thani, Thailand","","","+66 82 271 6112","https://www.facebook.com/MorningDenta","","5.0","303","","","Open","","https://www.google.com/maps/place/%E0%B8%84%E0%B8%A5%E0%B8%B4%E0%B8%99%E0%B8%B4%E0%B8%81%E0%B8%97%E0%B8%B1%E0%B8%99%E0%B8%95%E0%B8%81%E0%B8%A3%E0%B8%A3%E0%B8%A1%E0%B8%A1%E0%B8%AD%E0%B8%A3%E0%B9%8C%E0%B8%99%E0%B8%B4%E0%B9%88%E0%B8%87+%E0%B8%A5%E0%B8%B3%E0%B8%A5%E0%B8%B9%E0%B8%81%E0%B8%81%E0%B8%B2%E0%B8%84%E0%B8%A5%E0%B8%AD%E0%B8%87+5+-+%E0%B8%AB%E0%B8%97%E0%B8%B1%E0%B8%A2%E0%B8%A3%E0%B8%B2%E0%B8%A9%E0%B8%8F%E0%B8%A3%E0%B9%8C+Morning+Dental+Clinic/data=!4m7!3m6!1s0x311d7bd03187f7bb:0x35a9f34a6ebdbdbb!8m2!3d13.9277205!4d100.7122533!16s%2Fg%2F11l6jb5tsc!19sChIJu_eHMdB7HTERu729bkrzqTU?authuser=0&hl=en&rclk=1"
"0x311d7f07fd4a0277:0x3f9304235e92f159","Little Joys Dental Clinic (คลินิกทันตกรรม ลิทเทิลจอย)","Dental clinic","
98/108 หมู่5 ถนน Lam Luk Ka District, Pathum Thani 12150, Thailand","XM6J+76 Lat Sawai, Lam Luk Ka District, Pathum Thani, Thailand","","","+66 92 929 8894","https://www.facebook.com/LittleJoysDentalClinic?mibextid=LQQJ4d","","4.7","24","","","Open","","https://www.google.com/maps/place/Little+Joys+Dental+Clinic+%28%E0%B8%84%E0%B8%A5%E0%B8%B4%E0%B8%99%E0%B8%B4%E0%B8%81%E0%B8%97%E0%B8%B1%E0%B8%99%E0%B8%95%E0%B8%81%E0%B8%A3%E0%B8%A3%E0%B8%A1+%E0%B8%A5%E0%B8%B4%E0%B8%97%E0%B9%80%E0%B8%97%E0%B8%B4%E0%B8%A5%E0%B8%88%E0%B8%AD%E0%B8%A2%29/data=!4m7!3m6!1s0x311d7f07fd4a0277:0x3f9304235e92f159!8m2!3d13.9606981!4d100.6805396!16s%2Fg%2F11t_jswqwx!19sChIJdwJK_Qd_HTERWfGSXiMEkz8?authuser=0&hl=en&rclk=1"
"0x30e281de62796c13:0xa0ef8280f6cbb3ed","Kelly dental clinic ทันตกรรมเคลลี่เมเจอร์รังสิต","Dental clinic","
439 Phahonyothin Rd, Tambon Prachathipat, Thanyaburi District, Pathum Thani 12130, Thailand","XJP8+PG Rangsit, Prachathipat, Thanyaburi District, Pathum Thani, Thailand","","","+66 92 571 1627","","","4.6","352","","","Open","","https://www.google.com/maps/place/Kelly+dental+clinic+%E0%B8%97%E0%B8%B1%E0%B8%99%E0%B8%95%E0%B8%81%E0%B8%A3%E0%B8%A3%E0%B8%A1%E0%B9%80%E0%B8%84%E0%B8%A5%E0%B8%A5%E0%B8%B5%E0%B9%88%E0%B9%80%E0%B8%A1%E0%B9%80%E0%B8%88%E0%B8%AD%E0%B8%A3%E0%B9%8C%E0%B8%A3%E0%B8%B1%E0%B8%87%E0%B8%AA%E0%B8%B4%E0%B8%95/data=!4m7!3m6!1s0x30e281de62796c13:0xa0ef8280f6cbb3ed!8m2!3d13.9868672!4d100.6162659!16s%2Fg%2F11q9ql_z3s!19sChIJE2x5Yt6B4jAR7bPL9oCC76A?authuser=0&hl=en&rclk=1"
"0x30e285e8a543b225:0x3456d2f8b6061535","PET 'N ME Ratchaphruek (เพ็ทแอนด์มี ราชพฤกษ์) โซนคอมมอน เพลย์กราว","Pet supply store","
Robinson Lifestyle ถนน ราชพฤกษ์ Bang Phlap, Pak Kret District, Nonthaburi 11120, Thailand","WFP5+H2 Bang Phlap, Pak Kret District, Nonthaburi, Thailand","","","+66 63 951 5690","https://www.petnme.co.th/","","4.8","95","","","Open","","https://www.google.com/maps/place/PET+%27N+ME+Ratchaphruek+%28%E0%B9%80%E0%B8%9E%E0%B9%87%E0%B8%97%E0%B9%81%E0%B8%AD%E0%B8%99%E0%B8%94%E0%B9%8C%E0%B8%A1%E0%B8%B5+%E0%B8%A3%E0%B8%B2%E0%B8%8A%E0%B8%9E%E0%B8%A4%E0%B8%81%E0%B8%A9%E0%B9%8C%29+%E0%B9%82%E0%B8%8B%E0%B8%99%E0%B8%84%E0%B8%AD%E0%B8%A1%E0%B8%A1%E0%B8%AD%E0%B8%99+%E0%B9%80%E0%B8%9E%E0%B8%A5%E0%B8%A2%E0%B9%8C%E0%B8%81%E0%B8%A3%E0%B8%B2%E0%B8%A7/data=!4m7!3m6!1s0x30e285e8a543b225:0x3456d2f8b6061535!8m2!3d13.9364499!4d100.4576005!16s%2Fg%2F11thn7fmr0!19sChIJJbJDpeiF4jARNRUGtvjSVjQ?authuser=0&hl=en&rclk=1"
"0x2f0bdf3e82d5d71d:0x9e3aa6e251d411c4","คลินิกทันตกรรม ดีไลค์ | D-Like Dental Clinic","Dental clinic","
49/7-8 หมู่ 9 ถนน สีวาพาสวัสดิ์, Na Di, Mueang Samut Sakhon District, Samut Sakhon 74000, Thailand","H8X5+F8 Na Di, Mueang Samut Sakhon District, Samut Sakhon, Thailand","","","+66 81 929 4755","https://dlike-dentalclinic.com/","","5.0","5","","","Open","","https://www.google.com/maps/place/%E0%B8%84%E0%B8%A5%E0%B8%B4%E0%B8%99%E0%B8%B4%E0%B8%81%E0%B8%97%E0%B8%B1%E0%B8%99%E0%B8%95%E0%B8%81%E0%B8%A3%E0%B8%A3%E0%B8%A1+%E0%B8%94%E0%B8%B5%E0%B9%84%E0%B8%A5%E0%B8%84%E0%B9%8C+%7C+D-Like+Dental+Clinic/data=!4m7!3m6!1s0x2f0bdf3e82d5d71d:0x9e3aa6e251d411c4!8m2!3d13.5986507!4d100.3082542!16s%2Fg%2F11y3sszs6z!19sChIJHdfVgj7fCy8RxBHUUeKmOp4?authuser=0&hl=en&rclk=1"
"0x30e2b91c3d8144b1:0xec75ee02dee8cdc5","SmileLand Dental Clinic มหาชัย","Cosmetic dentist","
95 6 Na Di, Mueang Samut Sakhon District, Samut Sakhon 74000, Thailand","H7FV+42 Na Di, Mueang Samut Sakhon District, Samut Sakhon, Thailand","","","+66 99 356 4496","https://www.facebook.com/profile.php?id=100040057162844&mibextid=ZbWKwL","","5.0","5","","","Open","","https://www.google.com/maps/place/SmileLand+Dental+Clinic+%E0%B8%A1%E0%B8%AB%E0%B8%B2%E0%B8%8A%E0%B8%B1%E0%B8%A2/data=!4m7!3m6!1s0x30e2b91c3d8144b1:0xec75ee02dee8cdc5!8m2!3d13.5727684!4d100.2925593!16s%2Fg%2F11s5zfxdsx!19sChIJsUSBPRy54jARxc3o3gLudew?authuser=0&hl=en&rclk=1"
"0x30e2b94e5da50a29:0xa833b3d386823a1e","The EIGHT Dental Clinic","Dental clinic","
1601 ถ.นรราชอุทิศ มหาชัย Mueang Samut Sakhon District, Samut Sakhon 74000, Thailand","H74H+VH Samut Sakhon, Mueang Samut Sakhon District, Samut Sakhon, Thailand","","","+66 64 936 3698","","","5.0","7","","","Open","","https://www.google.com/maps/place/The+EIGHT+Dental+Clinic/data=!4m7!3m6!1s0x30e2b94e5da50a29:0xa833b3d386823a1e!8m2!3d13.5572374!4d100.2789339!16s%2Fg%2F11g0ybm72c!19sChIJKQqlXU654jARHjqChtOzM6g?authuser=0&hl=en&rclk=1"
"0x311d5d93f2be82cb:0x6bc727fa4471bfb4","สไมล์ เอ็กซ์เพรส เด็นทัล คลินิก สาขาบางนา","Dental clinic","
PTT Station ปตท.บางนา-ตราด กม.14 ขาเข้า ) 168 Bang Kaeo, Bang Phli District, Samut Prakan 10540, Thailand","JPGG+67 Bang Chalong, Bang Phli District, Samut Prakan, Thailand","","","+66 2 105 4288","https://www.bangkoksmiledental.co.th/smile-express","","5.0","9","","","Open","","https://www.google.com/maps/place/%E0%B8%AA%E0%B9%84%E0%B8%A1%E0%B8%A5%E0%B9%8C+%E0%B9%80%E0%B8%AD%E0%B9%87%E0%B8%81%E0%B8%8B%E0%B9%8C%E0%B9%80%E0%B8%9E%E0%B8%A3%E0%B8%AA+%E0%B9%80%E0%B8%94%E0%B9%87%E0%B8%99%E0%B8%97%E0%B8%B1%E0%B8%A5+%E0%B8%84%E0%B8%A5%E0%B8%B4%E0%B8%99%E0%B8%B4%E0%B8%81+%E0%B8%AA%E0%B8%B2%E0%B8%82%E0%B8%B2%E0%B8%9A%E0%B8%B2%E0%B8%87%E0%B8%99%E0%B8%B2/data=!4m7!3m6!1s0x311d5d93f2be82cb:0x6bc727fa4471bfb4!8m2!3d13.6255166!4d100.7256583!16s%2Fg%2F11y45k27fm!19sChIJy4K-8pNdHTERtL9xRPonx2s?authuser=0&hl=en&rclk=1"
"0x311d7b7db614729d:0xd1247155b9c28680","Cleo Dent Dental Clinic","Dental clinic","
7/51 Lam Luk Ka, Lam Luk Ka District, Pathum Thani 12150, Thailand","WQVF+92 Lam Luk Ka, Lam Luk Ka District, Pathum Thani, Thailand","","","+66 94 934 8888","","","4.9","191","","","Open","","https://www.google.com/maps/place/Cleo+Dent+Dental+Clinic/data=!4m7!3m6!1s0x311d7b7db614729d:0xd1247155b9c28680!8m2!3d13.9434939!4d100.7725402!16s%2Fg%2F11gj0zs1jx!19sChIJnXIUtn17HTERgIbCuVVxJNE?authuser=0&hl=en&rclk=1"
"0x30e28f17a0a51dc3:0xb60ac45d37f89ab0","Jas Green Village Bang Bua Thong","Shopping mall","
JAS green village-Bangbuathong ตำบล พิมลราช อำเภอบางบัวทอง นนทบุรี 11110, Nonthaburi, Thailand, 11110 Bang Bua Thong District, Nonthaburi 11110, Thailand","W95W+95 Phimon Rat, Bang Bua Thong District, Nonthaburi, Thailand","","","+66 61 417 7937","https://www.facebook.com/profile.php?id=100085358634814&mibextid=ZbWKwL","","4.5","648","Moderately priced","€€","Open","","https://www.google.com/maps/place/Jas+Green+Village+Bang+Bua+Thong/data=!4m7!3m6!1s0x30e28f17a0a51dc3:0xb60ac45d37f89ab0!8m2!3d13.9084072!4d100.3954345!16s%2Fg%2F11tdgfngw7!19sChIJwx2loBeP4jARsJr4N13ECrY?authuser=0&hl=en&rclk=1"
"0x30e2bf6d1f6b9073:0x1a03e94fc286b81d","คลินิกทันตกรรม ฟ.ฟันสะอาดจัง 2","Dental clinic","
168/20 Mueang Samut Sakhon District, Samut Sakhon 74000, Thailand","J8GF+VP Bang Nam Chuet, Mueang Samut Sakhon District, Samut Sakhon, Thailand","","","+66 65 953 9900","","","5.0","28","","","Open","","https://www.google.com/maps/place/%E0%B8%84%E0%B8%A5%E0%B8%B4%E0%B8%99%E0%B8%B4%E0%B8%81%E0%B8%97%E0%B8%B1%E0%B8%99%E0%B8%95%E0%B8%81%E0%B8%A3%E0%B8%A3%E0%B8%A1+%E0%B8%9F.%E0%B8%9F%E0%B8%B1%E0%B8%99%E0%B8%AA%E0%B8%B0%E0%B8%AD%E0%B8%B2%E0%B8%94%E0%B8%88%E0%B8%B1%E0%B8%87+2/data=!4m7!3m6!1s0x30e2bf6d1f6b9073:0x1a03e94fc286b81d!8m2!3d13.6271503!4d100.3242602!16s%2Fg%2F11w8ghxdb9!19sChIJc5BrH22_4jARHbiGwk_pAxo?authuser=0&hl=en&rclk=1"
"0x30e28f9eec7b5d57:0x7de548dec39e7382","แจ่มใสรักษาสัตว์","Veterinarian","
11, 16 ม.3 Baan Kluay - Sai Noi Rd, Tambon Phimonrat, Bang Bua Thong District, Nonthaburi 11110, Thailand","WC82+9Q Phimon Rat, Bang Bua Thong District, Nonthaburi, Thailand","","","+66 63 269 9488","https://www.jamsaipet.com/","","4.9","182","","","Open","","https://www.google.com/maps/place/%E0%B9%81%E0%B8%88%E0%B9%88%E0%B8%A1%E0%B9%83%E0%B8%AA%E0%B8%A3%E0%B8%B1%E0%B8%81%E0%B8%A9%E0%B8%B2%E0%B8%AA%E0%B8%B1%E0%B8%95%E0%B8%A7%E0%B9%8C/data=!4m7!3m6!1s0x30e28f9eec7b5d57:0x7de548dec39e7382!8m2!3d13.9159229!4d100.4019027!16s%2Fg%2F11lmdds218!19sChIJV1177J6P4jARgnOew95I5X0?authuser=0&hl=en&rclk=1"
"0x30e2b9b306fb5b97:0x618827341b1055b2","ทีสไมล์ คลินิกทันตกรรม สาขาสินสาคร","Dental clinic","
47/18 47/19 สมุทรสาคร-โคกขาม Mueang Samut Sakhon District, 74000, Thailand","H89R+C3 Khok Kham, Mueang Samut Sakhon District, Samut Sakhon, Thailand","","","+66 88 296 3340","https://m.facebook.com/T.smile.dental.clinic1","","4.6","40","","","Open","","https://www.google.com/maps/place/%E0%B8%97%E0%B8%B5%E0%B8%AA%E0%B9%84%E0%B8%A1%E0%B8%A5%E0%B9%8C+%E0%B8%84%E0%B8%A5%E0%B8%B4%E0%B8%99%E0%B8%B4%E0%B8%81%E0%B8%97%E0%B8%B1%E0%B8%99%E0%B8%95%E0%B8%81%E0%B8%A3%E0%B8%A3%E0%B8%A1+%E0%B8%AA%E0%B8%B2%E0%B8%82%E0%B8%B2%E0%B8%AA%E0%B8%B4%E0%B8%99%E0%B8%AA%E0%B8%B2%E0%B8%84%E0%B8%A3/data=!4m7!3m6!1s0x30e2b9b306fb5b97:0x618827341b1055b2!8m2!3d13.5685983!4d100.3401719!16s%2Fg%2F11hdrr1q4m!19sChIJl1v7BrO54jARslUQGzQniGE?authuser=0&hl=en&rclk=1"
"0x311d6713a162104f:0x4d7810046ccad536","Pet Dental Center","Animal hospital","
1646 57 Lat Krabang Rd, ลาดกระบัง Lat Krabang, Bangkok 10520, Thailand","PQCF+CP Bangkok, Thailand","","","+66 83 882 8631","https://www.facebook.com/Pet.Dental.Center.Thailand/","","4.8","55","","","Open","","https://www.google.com/maps/place/Pet+Dental+Center/data=!4m7!3m6!1s0x311d6713a162104f:0x4d7810046ccad536!8m2!3d13.7210184!4d100.7743374!16s%2Fg%2F11s9xp2yjm!19sChIJTxBioRNnHTERNtXKbAQQeE0?authuser=0&hl=en&rclk=1"
"0x311d6e2537f4b2cf:0xbb9dfb7717af0405","Love Smile Clinic เลิฟ สไมล์ คลินิก สาขา หนองจอก","Dental clinic","
102/2 Chueam Samphan Rd, Krathum Rai, Nong Chok, Bangkok 10530, Thailand","RVW5+M5 Nong Chok, Bangkok, Thailand","","","+66 81 422 5822","https://www.facebook.com/lovesmilenongchok/","","4.9","515","","","Open","","https://www.google.com/maps/place/Love+Smile+Clinic+%E0%B9%80%E0%B8%A5%E0%B8%B4%E0%B8%9F+%E0%B8%AA%E0%B9%84%E0%B8%A1%E0%B8%A5%E0%B9%8C+%E0%B8%84%E0%B8%A5%E0%B8%B4%E0%B8%99%E0%B8%B4%E0%B8%81+%E0%B8%AA%E0%B8%B2%E0%B8%82%E0%B8%B2+%E0%B8%AB%E0%B8%99%E0%B8%AD%E0%B8%87%E0%B8%88%E0%B8%AD%E0%B8%81/data=!4m7!3m6!1s0x311d6e2537f4b2cf:0xbb9dfb7717af0405!8m2!3d13.8467026!4d100.8579465!16s%2Fg%2F11ddwhr52w!19sChIJz7L0NyVuHTERBQSvF3f7nbs?authuser=0&hl=en&rclk=1"
"0x311d7fb125c17687:0xd5f461d5b8404ece","Dental One Clinic Klong 3 เด็นทัลวัน คลินิกทันตกรรม คลอง3 ทำฟัน จัดฟัน รักษารากฟัน วีเนียร์ รากฟันเทียม ฟันปลอม","Dental clinic","
13 5 Bueng Yitho, Thanyaburi District, Pathum Thani 12130, Thailand","XMW8+C8 Bueng Yitho, Thanyaburi District, Pathum Thani, Thailand","","","+66 93 996 4539","https://smileone-dentalone.com/services/","","4.9","285","","","Open","","https://www.google.com/maps/place/Dental+One+Clinic+Klong+3+%E0%B9%80%E0%B8%94%E0%B9%87%E0%B8%99%E0%B8%97%E0%B8%B1%E0%B8%A5%E0%B8%A7%E0%B8%B1%E0%B8%99+%E0%B8%84%E0%B8%A5%E0%B8%B4%E0%B8%99%E0%B8%B4%E0%B8%81%E0%B8%97%E0%B8%B1%E0%B8%99%E0%B8%95%E0%B8%81%E0%B8%A3%E0%B8%A3%E0%B8%A1+%E0%B8%84%E0%B8%A5%E0%B8%AD%E0%B8%873+%E0%B8%97%E0%B8%B3%E0%B8%9F%E0%B8%B1%E0%B8%99+%E0%B8%88%E0%B8%B1%E0%B8%94%E0%B8%9F%E0%B8%B1%E0%B8%99+%E0%B8%A3%E0%B8%B1%E0%B8%81%E0%B8%A9%E0%B8%B2%E0%B8%A3%E0%B8%B2%E0%B8%81%E0%B8%9F%E0%B8%B1%E0%B8%99+%E0%B8%A7%E0%B8%B5%E0%B9%80%E0%B8%99%E0%B8%B5%E0%B8%A2%E0%B8%A3%E0%B9%8C+%E0%B8%A3%E0%B8%B2%E0%B8%81%E0%B8%9F%E0%B8%B1%E0%B8%99%E0%B9%80%E0%B8%97%E0%B8%B5%E0%B8%A2%E0%B8%A1+%E0%B8%9F%E0%B8%B1%E0%B8%99%E0%B8%9B%E0%B8%A5%E0%B8%AD%E0%B8%A1/data=!4m7!3m6!1s0x311d7fb125c17687:0xd5f461d5b8404ece!8m2!3d13.9961043!4d100.665796!16s%2Fg%2F11gk09mty8!19sChIJh3bBJbF_HTERzk5AuNVh9NU?authuser=0&hl=en&rclk=1"
"0x30e281dee7419343:0xf5fa61c0e870efa7","Dental Planet Clinic Rangsit คลินิกทันตกรรม เดนทัล แพลนเน็ต รังสิต","Dental clinic","
281 Rangsit - Nakhon Nayok Rd, ประชาธิปัตย์ Thanyaburi District, Pathum Thani 12130, Thailand","XJQP+H5 Rangsit, Prachathipat, Thanyaburi District, Pathum Thani, Thailand","","","+66 80 880 1900","https://dentalplanetclinic.com/","","4.9","1414","","","Open","","https://www.google.com/maps/place/Dental+Planet+Clinic+Rangsit+%E0%B8%84%E0%B8%A5%E0%B8%B4%E0%B8%99%E0%B8%B4%E0%B8%81%E0%B8%97%E0%B8%B1%E0%B8%99%E0%B8%95%E0%B8%81%E0%B8%A3%E0%B8%A3%E0%B8%A1+%E0%B9%80%E0%B8%94%E0%B8%99%E0%B8%97%E0%B8%B1%E0%B8%A5+%E0%B9%81%E0%B8%9E%E0%B8%A5%E0%B8%99%E0%B9%80%E0%B8%99%E0%B9%87%E0%B8%95+%E0%B8%A3%E0%B8%B1%E0%B8%87%E0%B8%AA%E0%B8%B4%E0%B8%95/data=!4m7!3m6!1s0x30e281dee7419343:0xf5fa61c0e870efa7!8m2!3d13.988876!4d100.6353907!16s%2Fg%2F1ptx7k2vz!19sChIJQ5NB596B4jARp-9w6MBh-vU?authuser=0&hl=en&rclk=1"
"0x311d7c224f6152c1:0x182e3cc2f992643c","Jaruwan Dental Clinic","Dental clinic","
XM8P+X26 ปท.3017 Lam Luk Ka, Lam Luk Ka District, Pathum Thani 12150, Thailand","","","","+66 86 309 7411","https://www.facebook.com/%E0%B8%84%E0%B8%A5%E0%B8%B4%E0%B8%99%E0%B8%B4%E0%B8%81%E0%B8%88%E0%B8%B2%E0%B8%A3%E0%B8%B8%E0%B8%A7%E0%B8%A3%E0%B8%A3%E0%B8%93%E0%B8%97%E0%B8%B1%E0%B8%99%E0%B8%95%E0%B9%81%E0%B8%9E%E0%B8%97%E0%B8%A2%E0%B9%8C-%E0%B8%84%E0%B8%A5%E0%B8%AD%E0%B8%87%E0%B8%AA%E0%B8%B5%E0%B9%88%E0%B8%A5%E0%B8%B3%E0%B8%A5%E0%B8%B9%E0%B8%81%E0%B8%81%E0%B8%B2-434272580253396/","","4.0","11","","","Open","","https://www.google.com/maps/place/Jaruwan+Dental+Clinic/data=!4m7!3m6!1s0x311d7c224f6152c1:0x182e3cc2f992643c!8m2!3d13.9674135!4d100.6850097!16s%2Fg%2F1hd_fq1qs!19sChIJwVJhTyJ8HTERPGSS-cI8Lhg?authuser=0&hl=en&rclk=1"
"0x30e2816c80f0b3c9:0xa3844dff54e480bc","NICE TOOTH DENTAL CLINIC : คลินิกทันตกรรมไนซ์ทูธ","Dental clinic","
1 ซอย คลองหลวง 13 Khlong Nueng, Khlong Luang District, Pathum Thani 12120, Thailand","2J57+CW Khlong Nueng, Khlong Luang District, Pathum Thani, Thailand","","","","","","4.7","68","","","Open","","https://www.google.com/maps/place/NICE+TOOTH+DENTAL+CLINIC+:+%E0%B8%84%E0%B8%A5%E0%B8%B4%E0%B8%99%E0%B8%B4%E0%B8%81%E0%B8%97%E0%B8%B1%E0%B8%99%E0%B8%95%E0%B8%81%E0%B8%A3%E0%B8%A3%E0%B8%A1%E0%B9%84%E0%B8%99%E0%B8%8B%E0%B9%8C%E0%B8%97%E0%B8%B9%E0%B8%98/data=!4m7!3m6!1s0x30e2816c80f0b3c9:0xa3844dff54e480bc!8m2!3d14.0086043!4d100.6148274!16s%2Fg%2F11rndrzxdf!19sChIJybPwgGyB4jARvIDkVP9NhKM?authuser=0&hl=en&rclk=1"
"0x30e2eaf5ebc79a11:0x945062ba61a5f8a7","คลินิกทันตแพทย์วิสาขา","Pediatric dentist","
79/22, Sam Phran District, Nakhon Pathom 73110, Thailand","P6H8+RG Sam Phran, Sam Phran District, Nakhon Pathom, Thailand","","","+66 86 364 6642","","","4.3","7","","","Open","","https://www.google.com/maps/place/%E0%B8%84%E0%B8%A5%E0%B8%B4%E0%B8%99%E0%B8%B4%E0%B8%81%E0%B8%97%E0%B8%B1%E0%B8%99%E0%B8%95%E0%B9%81%E0%B8%9E%E0%B8%97%E0%B8%A2%E0%B9%8C%E0%B8%A7%E0%B8%B4%E0%B8%AA%E0%B8%B2%E0%B8%82%E0%B8%B2/data=!4m7!3m6!1s0x30e2eaf5ebc79a11:0x945062ba61a5f8a7!8m2!3d13.7295704!4d100.21637!16s%2Fg%2F11dxbn0w2f!19sChIJEZrH6_Xq4jARp_ilYbpiUJQ?authuser=0&hl=en&rclk=1"
"0x30e2b9e441c49671:0x6d60378c26f755fa","Ruamdental Clinic2","Dental clinic","
923/8ก Ekkachai Rd, Mahachai, Mueang Samut Sakhon District, Samut Sakhon 74000, Thailand","H72G+5P Samut Sakhon, Mueang Samut Sakhon District, Samut Sakhon, Thailand","","","+66 94 734 0349","https://www.facebook.com/profile.php?id=100009352481237","","4.9","2366","","","Open","","https://www.google.com/maps/place/Ruamdental+Clinic2/data=!4m7!3m6!1s0x30e2b9e441c49671:0x6d60378c26f755fa!8m2!3d13.5504891!4d100.2767702!16s%2Fg%2F11fd7jlgl4!19sChIJcZbEQeS54jAR-lX3Jow3YG0?authuser=0&hl=en&rclk=1"
"0x311d6f5449ecd3d1:0x4235f5112a928a29","The Cottage Dental Clinic","Dental clinic","
Krathum Rai, Nong Chok, Bangkok 10530, Thailand","VV2H+FH Nong Chok, Bangkok, Thailand","","","+66 88 290 4451","https://www.facebook.com/TheCottageDC","","4.7","29","","","Open","","https://www.google.com/maps/place/The+Cottage+Dental+Clinic/data=!4m7!3m6!1s0x311d6f5449ecd3d1:0x4235f5112a928a29!8m2!3d13.8511543!4d100.8789796!16s%2Fg%2F11n14y_kc0!19sChIJ0dPsSVRvHTERKYqSKhH1NUI?authuser=0&hl=en&rclk=1"
"0x311d7e3965c8d833:0x5537b77d2d4552a4","Suwan Dental Clinic","Dental clinic","
โครงการเสนาอเวนิว1 33 ถนน รังสิต-นครนายก 34/1 ประชาธิปัตย์ Thanyaburi District, Pathum Thani 12130, Thailand","XJPQ+C6 Rangsit, Prachathipat, Thanyaburi District, Pathum Thani, Thailand","","","+66 95 847 8294","","","3.1","7","","","Open","","https://www.google.com/maps/place/Suwan+Dental+Clinic/data=!4m7!3m6!1s0x311d7e3965c8d833:0x5537b77d2d4552a4!8m2!3d13.9860954!4d100.6380807!16s%2Fg%2F1hm1xfmxd!19sChIJM9jIZTl-HTERpFJFLX23N1U?authuser=0&hl=en&rclk=1"
"0x311d7c3d02f94313:0xff20e4462e4e990d","คลินิกทันตกรรม เอส พี","Dental clinic","
WMVM+5RP, Sawai Kliang Khao Alley, Lat Sawai, Lam Luk Ka District, Pathum Thani 12150, Thailand","","","","+66 2 569 3439","https://www.facebook.com/%E0%B8%84%E0%B8%A5%E0%B8%B4%E0%B8%99%E0%B8%B4%E0%B8%81%E0%B8%97%E0%B8%B1%E0%B8%99%E0%B8%95%E0%B8%81%E0%B8%A3%E0%B8%A3%E0%B8%A1-%E0%B9%80%E0%B8%AD%E0%B8%AA-%E0%B8%9E%E0%B8%B5-SP-Dental-Clinic-101261212002534","","4.1","11","","","Open","","https://www.google.com/maps/place/%E0%B8%84%E0%B8%A5%E0%B8%B4%E0%B8%99%E0%B8%B4%E0%B8%81%E0%B8%97%E0%B8%B1%E0%B8%99%E0%B8%95%E0%B8%81%E0%B8%A3%E0%B8%A3%E0%B8%A1+%E0%B9%80%E0%B8%AD%E0%B8%AA+%E0%B8%9E%E0%B8%B5/data=!4m7!3m6!1s0x311d7c3d02f94313:0xff20e4462e4e990d!8m2!3d13.94297!4d100.684578!16s%2Fg%2F1ptxn6_g3!19sChIJE0P5Aj18HTERDZlOLkbkIP8?authuser=0&hl=en&rclk=1"
"0x30e2810a3c33f1d3:0x633ad8642c0a2c8e","The grand dentist สาขา ฟิวเจอร์พาร์ครังสิต","Dental clinic","
The Popsination โซนเหนือโรบินสัน ฟิวเจอร์พาร์ค รังสิต ชั้น 2, 94 Phahonyothin Rd, Prachathipat, Thanyaburi District, Pathum Thani 12130, Thailand","XJQ8+WP Rangsit, Prachathipat, Thanyaburi District, Pathum Thani, Thailand","","","+66 97 942 2256","https://www.thegranddentistfuturepark.com/","","5.0","10","","","Open","","https://www.google.com/maps/place/The+grand+dentist+%E0%B8%AA%E0%B8%B2%E0%B8%82%E0%B8%B2+%E0%B8%9F%E0%B8%B4%E0%B8%A7%E0%B9%80%E0%B8%88%E0%B8%AD%E0%B8%A3%E0%B9%8C%E0%B8%9E%E0%B8%B2%E0%B8%A3%E0%B9%8C%E0%B8%84%E0%B8%A3%E0%B8%B1%E0%B8%87%E0%B8%AA%E0%B8%B4%E0%B8%95/data=!4m7!3m6!1s0x30e2810a3c33f1d3:0x633ad8642c0a2c8e!8m2!3d13.9897726!4d100.6168042!16s%2Fg%2F11trx06dx0!19sChIJ0_EzPAqB4jARjiwKLGTYOmM?authuser=0&hl=en&rclk=1"
"0x30e2819bb0dc75df:0x29185ed3a8917a50","FDC Clinic สาขาตลาดรังสิต","Dental clinic","
2, รังสิตอพาร์ทเม้นท์, 9/3 Soi Rangsit-Pathum Thani 7, Tambon Prachathipat, Thanyaburi District, Pathum Thani 12130, Thailand","XJP7+R5 Rangsit, Prachathipat, Thanyaburi District, Pathum Thani, Thailand","","","+66 95 239 9296","https://www.facebook.com/share/1BeNeSrW14/?mibextid=wwXIfr","","5.0","26","","","Open","","https://www.google.com/maps/place/FDC+Clinic+%E0%B8%AA%E0%B8%B2%E0%B8%82%E0%B8%B2%E0%B8%95%E0%B8%A5%E0%B8%B2%E0%B8%94%E0%B8%A3%E0%B8%B1%E0%B8%87%E0%B8%AA%E0%B8%B4%E0%B8%95/data=!4m7!3m6!1s0x30e2819bb0dc75df:0x29185ed3a8917a50!8m2!3d13.9870119!4d100.6129742!16s%2Fg%2F11spt4skxj!19sChIJ33XcsJuB4jARUHqRqNNeGCk?authuser=0&hl=en&rclk=1"
"0x311d43eec04a1dd3:0xd95d6a55bfc5696e","SOS (Sign of Smile) Dental Clinic","Dental clinic","
888 5, Bang Sao Thong, Bang Sao Thong District, Samut Prakan 10540, Thailand","HRWM+26 Bang Sao Thong, Bang Sao Thong District, Samut Prakan, Thailand","","","+66 88 665 5253","https://www.facebook.com/SOSdentalclinic","","4.9","156","","","Open","","https://www.google.com/maps/place/SOS+%28Sign+of+Smile%29+Dental+Clinic/data=!4m7!3m6!1s0x311d43eec04a1dd3:0xd95d6a55bfc5696e!8m2!3d13.5950765!4d100.8330764!16s%2Fg%2F11mb0ndf07!19sChIJ0x1KwO5DHTERbmnFv1VqXdk?authuser=0&hl=en&rclk=1"
"0x311d613fddb9cb4b:0x89b39305112f43ae","Art dental clinic","Dental clinic","
QM7W+H62 3901 Rat Phatthana, Saphan Sung, Bangkok 10240, Thailand","QM7W+H5 Bangkok, Thailand","","","+66 61 835 5272","https://m.facebook.com/Art-Dental-Clinic-%E0%B8%88%E0%B8%B1%E0%B8%94%E0%B8%9F%E0%B8%B1%E0%B8%99%E0%B9%80%E0%B8%A3%E0%B8%B4%E0%B9%88%E0%B8%A1%E0%B8%95%E0%B9%89%E0%B8%99-999-%E0%B8%9A%E0%B8%B2%E0%B8%97%E0%B9%80%E0%B8%94%E0%B8%B7%E0%B8%AD%E0%B8%99-981361398922137/","","5.0","12","","","Open","","https://www.google.com/maps/place/Art+dental+clinic/data=!4m7!3m6!1s0x311d613fddb9cb4b:0x89b39305112f43ae!8m2!3d13.7639781!4d100.6954383!16s%2Fg%2F11h4lnv2g6!19sChIJS8u53T9hHTERrkMvEQWTs4k?authuser=0&hl=en&rclk=1"
"0x30e291de9c2f13c1:0x889341be194fc666","คลินิกทันตกรรม บ้านรักยิ้ม 2","Dental clinic","
87/3-4 อาคารราชพัสดุ, Bang Kruai - Sai Noi Rd, Bang Len, Bang Yai District, Nonthaburi 11140, Thailand","VC4Q+PP Bang Len, Bang Yai District, Nonthaburi, Thailand","","","+66 93 092 3355","","","4.0","12","","","Open","","https://www.google.com/maps/place/%E0%B8%84%E0%B8%A5%E0%B8%B4%E0%B8%99%E0%B8%B4%E0%B8%81%E0%B8%97%E0%B8%B1%E0%B8%99%E0%B8%95%E0%B8%81%E0%B8%A3%E0%B8%A3%E0%B8%A1+%E0%B8%9A%E0%B9%89%E0%B8%B2%E0%B8%99%E0%B8%A3%E0%B8%B1%E0%B8%81%E0%B8%A2%E0%B8%B4%E0%B9%89%E0%B8%A1+2/data=!4m7!3m6!1s0x30e291de9c2f13c1:0x889341be194fc666!8m2!3d13.8568348!4d100.4392986!16s%2Fg%2F11pww5mj62!19sChIJwRMvnN6R4jARZsZPGb5Bk4g?authuser=0&hl=en&rclk=1"
"0x30e284f0d987e0a7:0x3e96656739fa7b72","Jaipetch Dental Clinic","Dentist","
164 4 ถนน ซอย เมืองทองธานี เขต Amphoe Pak Kret, Nonthaburi 11120, Thailand","WG5Q+66 Pakkret, Pak Kret District, Nonthaburi, Thailand","","","+66 64 713 5329","","","5.0","10","","","Open","","https://www.google.com/maps/place/Jaipetch+Dental+Clinic/data=!4m7!3m6!1s0x30e284f0d987e0a7:0x3e96656739fa7b72!8m2!3d13.9080069!4d100.5380331!16s%2Fg%2F1pztwwb07!19sChIJp-CH2fCE4jARcnv6OWdllj4?authuser=0&hl=en&rclk=1"
"0x30e283696aabe5dd:0x640bc81310dd0da3","Orthodontic & TMD Center","Dental clinic","
28, 111 ปาก Chaeng Watthana-Pak Kret 34, Khlong Kluea, Pak Kret District, Nonthaburi 11120, Thailand","VGXW+82 Pakkret, Pak Kret District, Nonthaburi, Thailand","","","+66 2 574 0555","https://www.orthotmd.com/","","4.3","32","","","Open","","https://www.google.com/maps/place/Orthodontic+%26+TMD+Center/data=!4m7!3m6!1s0x30e283696aabe5dd:0x640bc81310dd0da3!8m2!3d13.8982865!4d100.5451105!16s%2Fg%2F11bc8d3499!19sChIJ3eWrammD4jARow3dEBPIC2Q?authuser=0&hl=en&rclk=1"
"0x311d5fd368a648fd:0x44a2d22a9f4beede","Public Health Center 57","Hospital","
226 ซอย เฉลิมพระเกียรติ ร. 9 Nong Bon, Prawet, Bangkok 10250, Thailand","MMG6+MX Bangkok, Thailand","","","+66 96 330 6395","https://webportal.bangkok.go.th/healthcenter57","","3.9","70","","","Open","","https://www.google.com/maps/place/Public+Health+Center+57/data=!4m7!3m6!1s0x311d5fd368a648fd:0x44a2d22a9f4beede!8m2!3d13.6766831!4d100.6624286!16s%2Fg%2F1tfqhvkn!19sChIJ_UimaNNfHTER3u5LnyrSokQ?authuser=0&hl=en&rclk=1"
"0x311d62e175dcc24f:0x97d2c903559861fd","ลักษ์ฟัน​ รามอินทรากม.8","Dental clinic","
420 รามอินทร์​กม.8 Chorakhe Bua, Khan Na Yao, Bangkok 10230, Thailand","RMQ6+CR Bangkok, Thailand","","","+66 2 519 4155","https://www.facebook.com/ID025194155/","","4.1","11","","","Open","","https://www.google.com/maps/place/%E0%B8%A5%E0%B8%B1%E0%B8%81%E0%B8%A9%E0%B9%8C%E0%B8%9F%E0%B8%B1%E0%B8%99%E2%80%8B+%E0%B8%A3%E0%B8%B2%E0%B8%A1%E0%B8%AD%E0%B8%B4%E0%B8%99%E0%B8%97%E0%B8%A3%E0%B8%B2%E0%B8%81%E0%B8%A1.8/data=!4m7!3m6!1s0x311d62e175dcc24f:0x97d2c903559861fd!8m2!3d13.8385889!4d100.6620229!16s%2Fg%2F1q2w1z3v0!19sChIJT8LcdeFiHTER_WGYVQPJ0pc?authuser=0&hl=en&rclk=1"
"0x30e29155cab69d6f:0x3e4e7569429d6da6","คลินิกทันตกรรมสโนว์เดนทัลคลินิก สาขา แจส กรีน วิลเลจ","Dental clinic","
W95W+Q75 บางรัก, พัฒนา, Phimon Rat, Bang Bua Thong District, Nonthaburi 11140, Thailand","","","","+66 99 006 9075","","","4.0","32","","","Open","","https://www.google.com/maps/place/%E0%B8%84%E0%B8%A5%E0%B8%B4%E0%B8%99%E0%B8%B4%E0%B8%81%E0%B8%97%E0%B8%B1%E0%B8%99%E0%B8%95%E0%B8%81%E0%B8%A3%E0%B8%A3%E0%B8%A1%E0%B8%AA%E0%B9%82%E0%B8%99%E0%B8%A7%E0%B9%8C%E0%B9%80%E0%B8%94%E0%B8%99%E0%B8%97%E0%B8%B1%E0%B8%A5%E0%B8%84%E0%B8%A5%E0%B8%B4%E0%B8%99%E0%B8%B4%E0%B8%81+%E0%B8%AA%E0%B8%B2%E0%B8%82%E0%B8%B2+%E0%B9%81%E0%B8%88%E0%B8%AA+%E0%B8%81%E0%B8%A3%E0%B8%B5%E0%B8%99+%E0%B8%A7%E0%B8%B4%E0%B8%A5%E0%B9%80%E0%B8%A5%E0%B8%88/data=!4m7!3m6!1s0x30e29155cab69d6f:0x3e4e7569429d6da6!8m2!3d13.9095934!4d100.3958123!16s%2Fg%2F11ldh_ts1c!19sChIJb522ylWR4jARpm2dQml1Tj4?authuser=0&hl=en&rclk=1"
"0x30e290446038e513:0x5dd7cba239f415ad","Bang Yai Hospital","Government hospital","
111 หมู่ที่ 3 Kanchanaphisek Rd, Bang Muang, Bang Yai District, Nonthaburi 11140, Thailand","RCW6+78 Bang Muang, Bang Yai District, Nonthaburi, Thailand","","","+66 2 403 3352","https://bangyaihospital.moph.go.th/","","2.4","492","","","Open","","https://www.google.com/maps/place/Bang+Yai+Hospital/data=!4m7!3m6!1s0x30e290446038e513:0x5dd7cba239f415ad!8m2!3d13.8456482!4d100.4108545!16s%2Fg%2F1tdsmq56!19sChIJE-U4YESQ4jARrRX0OaLL110?authuser=0&hl=en&rclk=1"
"0x30e29475d4b91737:0xee46d1b5083c117b","Maha Chakri Sirindhorn Dental Hospital","Dental clinic","
888 Borommaratchachonnani Rd, Salaya, Phutthamonthon District, Nakhon Pathom 73170, Thailand","Q8PC+JP Salaya, Phutthamonthon District, Nakhon Pathom, Thailand","","","+66 2 180 8759","https://dt.mahidol.ac.th/hospital-msdh/","","3.5","59","","","Open","","https://www.google.com/maps/place/Maha+Chakri+Sirindhorn+Dental+Hospital/data=!4m7!3m6!1s0x30e29475d4b91737:0xee46d1b5083c117b!8m2!3d13.7865159!4d100.3217922!16s%2Fg%2F12hr005yv!19sChIJNxe51HWU4jARexE8CLXRRu4?authuser=0&hl=en&rclk=1"
"0x311d5cfb60b21e27:0xf6ede00b10861bbb","คลีนิคทันตกรรมไอสไมล์","Dental clinic","
วัดศรีวารี Bang Chalong, Bang Phli District, Samut Prakan 10540, Thailand","JQG7+RV Bang Chalong, Bang Phli District, Samut Prakan, Thailand","","","+66 94 969 9246","","","4.1","19","","","Open","","https://www.google.com/maps/place/%E0%B8%84%E0%B8%A5%E0%B8%B5%E0%B8%99%E0%B8%B4%E0%B8%84%E0%B8%97%E0%B8%B1%E0%B8%99%E0%B8%95%E0%B8%81%E0%B8%A3%E0%B8%A3%E0%B8%A1%E0%B9%84%E0%B8%AD%E0%B8%AA%E0%B9%84%E0%B8%A1%E0%B8%A5%E0%B9%8C/data=!4m7!3m6!1s0x311d5cfb60b21e27:0xf6ede00b10861bbb!8m2!3d13.6271177!4d100.7646945!16s%2Fg%2F11g9f8sg7l!19sChIJJx6yYPtcHTERuxuGEAvg7fY?authuser=0&hl=en&rclk=1"
"0x311d7bf050509f9f:0x1997bf8319be6465","คลินิกทันตกรรมเมืองประชา ( Muang Pracha Dental Clinic) สาขาหทัยราษฎร์","Dental clinic","
48 Soi Hathai Rat 37, ตะวันตก, Khlong Sam Wa, Bangkok 10510, Thailand","VPGC+M3 Bangkok, Thailand","","","+66 96 385 1724","http://www.muangprachadentalclinic.com/","","4.1","13","","","Open","","https://www.google.com/maps/place/%E0%B8%84%E0%B8%A5%E0%B8%B4%E0%B8%99%E0%B8%B4%E0%B8%81%E0%B8%97%E0%B8%B1%E0%B8%99%E0%B8%95%E0%B8%81%E0%B8%A3%E0%B8%A3%E0%B8%A1%E0%B9%80%E0%B8%A1%E0%B8%B7%E0%B8%AD%E0%B8%87%E0%B8%9B%E0%B8%A3%E0%B8%B0%E0%B8%8A%E0%B8%B2+%28+Muang+Pracha+Dental+Clinic%29+%E0%B8%AA%E0%B8%B2%E0%B8%82%E0%B8%B2%E0%B8%AB%E0%B8%97%E0%B8%B1%E0%B8%A2%E0%B8%A3%E0%B8%B2%E0%B8%A9%E0%B8%8E%E0%B8%A3%E0%B9%8C/data=!4m7!3m6!1s0x311d7bf050509f9f:0x1997bf8319be6465!8m2!3d13.8767427!4d100.7201349!16s%2Fg%2F11hz_wws8f!19sChIJn59QUPB7HTERZWS-GYO_lxk?authuser=0&hl=en&rclk=1"
"0x311d7dddb6e26b35:0x64b201d4323543d","DermaPride Clinics","Skin care clinic","
1/188 Venice Shopping Plaza, Tha Raeng, Bang Khen, Bangkok 10200, Thailand","VJHV+MJ Bangkok, Thailand","","","+66 65 859 8599","https://dermaprideclinics.com/","","4.8","156","","","Open","","https://www.google.com/maps/place/DermaPride+Clinics/data=!4m7!3m6!1s0x311d7dddb6e26b35:0x64b201d4323543d!8m2!3d13.8792187!4d100.6440928!16s%2Fg%2F11gk37lx5z!19sChIJNWvitt19HTERPVQjQx0gSwY?authuser=0&hl=en&rclk=1"
"0x311d7d086e897b11:0x41d897de6d3875b5","คลินิกออเงินทันตแพทย์","Dental clinic","
165 7 ม.3 Sukhaphiban 5 Road, Khwaeng Ao Ngoen, Sai Mai, Bangkok 10220, Thailand","VMW6+88 Bangkok, Thailand","","","+66 62 775 8883","https://www.facebook.com/AoNgoenDentalClinic","","4.9","169","","","Open","","https://www.google.com/maps/place/%E0%B8%84%E0%B8%A5%E0%B8%B4%E0%B8%99%E0%B8%B4%E0%B8%81%E0%B8%AD%E0%B8%AD%E0%B9%80%E0%B8%87%E0%B8%B4%E0%B8%99%E0%B8%97%E0%B8%B1%E0%B8%99%E0%B8%95%E0%B9%81%E0%B8%9E%E0%B8%97%E0%B8%A2%E0%B9%8C/data=!4m7!3m6!1s0x311d7d086e897b11:0x41d897de6d3875b5!8m2!3d13.8957979!4d100.6607965!16s%2Fg%2F11fky_4t_0!19sChIJEXuJbgh9HTERtXU4bd6X2EE?authuser=0&hl=en&rclk=1"
"0x30e281d10a956a0d:0x946fa2c41257b209","คลินิกทันตกรรม สไมล์สเปซ (Smile Space Dental Clinic)","Dental clinic","
85, 1 ถนน ซ่อมสร้าง Bang Phun, เมือง Pathum Thani 12000, Thailand","XHFF+J9 Bang Phun, Mueang Pathum Thani District, Pathum Thani, Thailand","","","+66 93 649 6322","https://smilespacedentalclinic.com/","","5.0","89","","","Open","","https://www.google.com/maps/place/%E0%B8%84%E0%B8%A5%E0%B8%B4%E0%B8%99%E0%B8%B4%E0%B8%81%E0%B8%97%E0%B8%B1%E0%B8%99%E0%B8%95%E0%B8%81%E0%B8%A3%E0%B8%A3%E0%B8%A1+%E0%B8%AA%E0%B9%84%E0%B8%A1%E0%B8%A5%E0%B9%8C%E0%B8%AA%E0%B9%80%E0%B8%9B%E0%B8%8B+%28Smile+Space+Dental+Clinic%29/data=!4m7!3m6!1s0x30e281d10a956a0d:0x946fa2c41257b209!8m2!3d13.974068!4d100.5734623!16s%2Fg%2F11t1r85_95!19sChIJDWqVCtGB4jARCbJXEsSib5Q?authuser=0&hl=en&rclk=1"
"0x311d5f0f293742f7:0xcf9bd2a112b961c0","PETClub Mega","Animal feed store","
Unit #0902, 38, 38 / 1-3, 39 Bang Na-Trat Frontage Rd, Bang Kaeo, Bang Phli District, Samut Prakan 10540, Thailand","JMWH+6G Bang Kaeo, Bang Phli District, Samut Prakan, Thailand","","","+66 84 387 2669","http://www.petclub.co.th/","","4.5","256","","","Open","","https://www.google.com/maps/place/PETClub+Mega/data=!4m7!3m6!1s0x311d5f0f293742f7:0xcf9bd2a112b961c0!8m2!3d13.6455647!4d100.6787991!16s%2Fg%2F11h4lc8ls1!19sChIJ90I3KQ9fHTERwGG5EqHSm88?authuser=0&hl=en&rclk=1"
"0x311d7d0a810183ef:0xadc037882eac0a7e","TWO P Dental Clinic (คลินิกทันตกรรมทูพี)","Dental clinic","
169 22 โครงการอาคาร เอ็ม.ที.คูคต Tambon Khu Khot, Lam Luk Ka District, Pathum Thani 12130, Thailand","WMJ3+XM Khu Khot, Lam Luk Ka District, Pathum Thani, Thailand","","","+66 99 282 6396","","","5.0","21","","","Open","","https://www.google.com/maps/place/TWO+P+Dental+Clinic+%28%E0%B8%84%E0%B8%A5%E0%B8%B4%E0%B8%99%E0%B8%B4%E0%B8%81%E0%B8%97%E0%B8%B1%E0%B8%99%E0%B8%95%E0%B8%81%E0%B8%A3%E0%B8%A3%E0%B8%A1%E0%B8%97%E0%B8%B9%E0%B8%9E%E0%B8%B5%29/data=!4m7!3m6!1s0x311d7d0a810183ef:0xadc037882eac0a7e!8m2!3d13.9324403!4d100.6541971!16s%2Fg%2F11xmv30ry5!19sChIJ74MBgQp9HTERfgqsLog3wK0?authuser=0&hl=en&rclk=1"
"0x311d650039b64cf3:0x3ca442d8843a6dba","Angpaodental Clinic","Dental clinic","
79 3 ์Nimit Mai Rd, มีนบุรี Min Buri, Bangkok 10510, Thailand","RPMP+MG Bangkok, Thailand","","","+66 61 225 8099","https://web.facebook.com/profile.php?id=61561232270476","","5.0","25","","","Open","","https://www.google.com/maps/place/Angpaodental+Clinic/data=!4m7!3m6!1s0x311d650039b64cf3:0x3ca442d8843a6dba!8m2!3d13.8342209!4d100.736306!16s%2Fg%2F11w3bqbhv_!19sChIJ80y2OQBlHTERum06hNhCpDw?authuser=0&hl=en&rclk=1"
"0x311d7fe7b2e1d09d:0xc44a90517f1c3635","พบพลอย คลินิกทันตกรรม POBPLOI DENTAL CLINIC","Dental clinic","
28, หมู่บ้านเลคการ์เดนท์, 29 ซ. รังสิต-นครนายก 68 Bueng Yitho, Thanyaburi District, Pathum Thani 12130, Thailand","XMJ8+XP Bueng Yitho, Thanyaburi District, Pathum Thani, Thailand","","","+66 93 162 6459","https://www.facebook.com/profile.php?id=100091645903469","","5.0","39","","","Open","","https://www.google.com/maps/place/%E0%B8%9E%E0%B8%9A%E0%B8%9E%E0%B8%A5%E0%B8%AD%E0%B8%A2+%E0%B8%84%E0%B8%A5%E0%B8%B4%E0%B8%99%E0%B8%B4%E0%B8%81%E0%B8%97%E0%B8%B1%E0%B8%99%E0%B8%95%E0%B8%81%E0%B8%A3%E0%B8%A3%E0%B8%A1+POBPLOI+DENTAL+CLINIC/data=!4m7!3m6!1s0x311d7fe7b2e1d09d:0xc44a90517f1c3635!8m2!3d13.9824934!4d100.6668085!16s%2Fg%2F11ty46fbdx!19sChIJndDhsud_HTERNTYcf1GQSsQ?authuser=0&hl=en&rclk=1"
"0x311d65c1d16ee1bb:0x32a06b94ddcf183b","คลินิกทันตกรรม มิสเตอร์ทูธ ตลาดมีนบุรี","Dentist","
เลขที่ 526 หมู่ 18 ซอย Sihaburanukit Rd, Min Buri, Bangkok 10510, Thailand","RP7H+8F Bangkok, Thailand","","","+66 95 551 4546","https://www.facebook.com/Mrtooth-Dental","","4.8","48","","","Open","","https://www.google.com/maps/place/%E0%B8%84%E0%B8%A5%E0%B8%B4%E0%B8%99%E0%B8%B4%E0%B8%81%E0%B8%97%E0%B8%B1%E0%B8%99%E0%B8%95%E0%B8%81%E0%B8%A3%E0%B8%A3%E0%B8%A1+%E0%B8%A1%E0%B8%B4%E0%B8%AA%E0%B9%80%E0%B8%95%E0%B8%AD%E0%B8%A3%E0%B9%8C%E0%B8%97%E0%B8%B9%E0%B8%98+%E0%B8%95%E0%B8%A5%E0%B8%B2%E0%B8%94%E0%B8%A1%E0%B8%B5%E0%B8%99%E0%B8%9A%E0%B8%B8%E0%B8%A3%E0%B8%B5/data=!4m7!3m6!1s0x311d65c1d16ee1bb:0x32a06b94ddcf183b!8m2!3d13.8133035!4d100.7287155!16s%2Fg%2F11gyc0qzlc!19sChIJu-Fu0cFlHTEROxjP3ZRroDI?authuser=0&hl=en&rclk=1"
"0x311d6500331b5a33:0x386b1fdee0f64de","เดนทัลไพรซ์","Dental clinic","
1681, 2 Nimit Mai 21 Alley, Sai Kong Din, Khlong Sam Wa, Bangkok 10510, Thailand","VP5J+MJ Bangkok, Thailand","","","+66 92 942 4998","","","5.0","12","","","Open","","https://www.google.com/maps/place/%E0%B9%80%E0%B8%94%E0%B8%99%E0%B8%97%E0%B8%B1%E0%B8%A5%E0%B9%84%E0%B8%9E%E0%B8%A3%E0%B8%8B%E0%B9%8C/data=!4m7!3m6!1s0x311d6500331b5a33:0x386b1fdee0f64de!8m2!3d13.8591411!4d100.7316031!16s%2Fg%2F11wfxtnmxg!19sChIJM1obMwBlHTER3mQP7v2xhgM?authuser=0&hl=en&rclk=1"
"0x311d654e3c6c7765:0x434822fd53d73796","มีนสิริสหคลินิก","Medical clinic","
66/2 Ramkhamhaeng Rd, Min Buri, Bangkok 10510, Thailand","QPX9+FG Bangkok, Thailand","","","+66 2 165 0667","","","4.0","37","","","Open","","https://www.google.com/maps/place/%E0%B8%A1%E0%B8%B5%E0%B8%99%E0%B8%AA%E0%B8%B4%E0%B8%A3%E0%B8%B4%E0%B8%AA%E0%B8%AB%E0%B8%84%E0%B8%A5%E0%B8%B4%E0%B8%99%E0%B8%B4%E0%B8%81/data=!4m7!3m6!1s0x311d654e3c6c7765:0x434822fd53d73796!8m2!3d13.7986549!4d100.7188015!16s%2Fg%2F11h5dv_ywg!19sChIJZXdsPE5lHTERljfXU_0iSEM?authuser=0&hl=en&rclk=1"
"0x311d7d001ace624f:0x59710827ba9a29c3","เด็นเต้ สเตชั่น สถานีฟัน ร้านค้า ทอ. ชั้น 2คุฯหมอใจดี น่ารัก ร้านสบายตา อาคารธูปะเตมีย์","Dental clinic","
ร้านสวัสดิการทหารอากาศดอนเมือง อาคารธูปะเตมีย์ ชั้น 2 171 10220, Thailand","WJ6C+QX Bangkok, Thailand","","","+66 95 945 3614","","","4.9","99","","","","","https://www.google.com/maps/place/%E0%B9%80%E0%B8%94%E0%B9%87%E0%B8%99%E0%B9%80%E0%B8%95%E0%B9%89+%E0%B8%AA%E0%B9%80%E0%B8%95%E0%B8%8A%E0%B8%B1%E0%B9%88%E0%B8%99+%E0%B8%AA%E0%B8%96%E0%B8%B2%E0%B8%99%E0%B8%B5%E0%B8%9F%E0%B8%B1%E0%B8%99+%E0%B8%A3%E0%B9%89%E0%B8%B2%E0%B8%99%E0%B8%84%E0%B9%89%E0%B8%B2+%E0%B8%97%E0%B8%AD.+%E0%B8%8A%E0%B8%B1%E0%B9%89%E0%B8%99+2%E0%B8%84%E0%B8%B8%E0%B8%AF%E0%B8%AB%E0%B8%A1%E0%B8%AD%E0%B9%83%E0%B8%88%E0%B8%94%E0%B8%B5+%E0%B8%99%E0%B9%88%E0%B8%B2%E0%B8%A3%E0%B8%B1%E0%B8%81+%E0%B8%A3%E0%B9%89%E0%B8%B2%E0%B8%99%E0%B8%AA%E0%B8%9A%E0%B8%B2%E0%B8%A2%E0%B8%95%E0%B8%B2+%E0%B8%AD%E0%B8%B2%E0%B8%84%E0%B8%B2%E0%B8%A3%E0%B8%98%E0%B8%B9%E0%B8%9B%E0%B8%B0%E0%B9%80%E0%B8%95%E0%B8%A1%E0%B8%B5%E0%B8%A2%E0%B9%8C/data=!4m7!3m6!1s0x311d7d001ace624f:0x59710827ba9a29c3!8m2!3d13.9118775!4d100.6223924!16s%2Fg%2F11vz8f4f9r!19sChIJT2LOGgB9HTERwymauicIcVk?authuser=0&hl=en&rclk=1"
"0x30e285cfed14e261:0x395ab50151fe658f","สไมล์เมท สาขาเดอะทรี","Dental clinic","
99 /99 หมู่ 7 ถนน ปทุมธานี- กทม Bang Khu Wat, Mueang Pathum Thani District, Pathum Thani 12000, Thailand","XG67+QQ Bang Khu Wat, Mueang Pathum Thani District, Pathum Thani, Thailand","","","+66 99 336 6007","https://www.facebook.com/SmileMateDentalClinic/","","4.7","48","","","Open","","https://www.google.com/maps/place/%E0%B8%AA%E0%B9%84%E0%B8%A1%E0%B8%A5%E0%B9%8C%E0%B9%80%E0%B8%A1%E0%B8%97+%E0%B8%AA%E0%B8%B2%E0%B8%82%E0%B8%B2%E0%B9%80%E0%B8%94%E0%B8%AD%E0%B8%B0%E0%B8%97%E0%B8%A3%E0%B8%B5/data=!4m7!3m6!1s0x30e285cfed14e261:0x395ab50151fe658f!8m2!3d13.9619506!4d100.5144494!16s%2Fg%2F11h5rl4d_3!19sChIJYeIU7c-F4jARj2X-UQG1Wjk?authuser=0&hl=en&rclk=1"
"0x30e28f1d927735d7:0xfdf94b8a7a73fe7a","PET 'N ME Central Westgate (เพ็ทแอนด์มี เซ็นทรัลเวสต์เกต) ชั้น1 โซนแฟชั่นพลัส","Pet supply store","
Kanchanaphisek Rd, Tambon Sao Thong Hin, Bang Yai District, Nonthaburi 11140, Thailand","VCG6+J7 Sao Thong Hin, Bang Yai District, Nonthaburi, Thailand","","","+66 63 635 4290","https://www.petnme.co.th/","","4.5","55","","","Open","","https://www.google.com/maps/place/PET+%27N+ME+Central+Westgate+%28%E0%B9%80%E0%B8%9E%E0%B9%87%E0%B8%97%E0%B9%81%E0%B8%AD%E0%B8%99%E0%B8%94%E0%B9%8C%E0%B8%A1%E0%B8%B5+%E0%B9%80%E0%B8%8B%E0%B9%87%E0%B8%99%E0%B8%97%E0%B8%A3%E0%B8%B1%E0%B8%A5%E0%B9%80%E0%B8%A7%E0%B8%AA%E0%B8%95%E0%B9%8C%E0%B9%80%E0%B8%81%E0%B8%95%29+%E0%B8%8A%E0%B8%B1%E0%B9%89%E0%B8%991+%E0%B9%82%E0%B8%8B%E0%B8%99%E0%B9%81%E0%B8%9F%E0%B8%8A%E0%B8%B1%E0%B9%88%E0%B8%99%E0%B8%9E%E0%B8%A5%E0%B8%B1%E0%B8%AA/data=!4m7!3m6!1s0x30e28f1d927735d7:0xfdf94b8a7a73fe7a!8m2!3d13.8765444!4d100.4106563!16s%2Fg%2F11rcmkdcgx!19sChIJ1zV3kh2P4jARev5zeopL-f0?authuser=0&hl=en&rclk=1"
"0x311d59740470811f:0x511e42176cbb402f","หมอฟันคู่ใจ สาขาซอยมังกร","Dental clinic","
753/1-2 Mueang Samut Prakan District, Samut Prakan 10280, Thailand","HMX5+P9 Phraek Sa Mai, Mueang Samut Prakan District, Samut Prakan, Thailand","","","+66 82 219 7466","https://morfunkoojai.com/","","4.9","47","","","Open","","https://www.google.com/maps/place/%E0%B8%AB%E0%B8%A1%E0%B8%AD%E0%B8%9F%E0%B8%B1%E0%B8%99%E0%B8%84%E0%B8%B9%E0%B9%88%E0%B9%83%E0%B8%88+%E0%B8%AA%E0%B8%B2%E0%B8%82%E0%B8%B2%E0%B8%8B%E0%B8%AD%E0%B8%A2%E0%B8%A1%E0%B8%B1%E0%B8%87%E0%B8%81%E0%B8%A3/data=!4m7!3m6!1s0x311d59740470811f:0x511e42176cbb402f!8m2!3d13.5993159!4d100.658391!16s%2Fg%2F11yf3syg6y!19sChIJH4FwBHRZHTERL0C7bBdCHlE?authuser=0&hl=en&rclk=1"
"0x311d66a0272c18f5:0x62d167c056446c9e","คลินิกทันตกรรมบ้านหมอฟัน","Dental clinic","
0839730464 129/11 Thanon Kheha Rom Klao, Khlong Song Ton Nun, Lat Krabang, Bangkok 10520, Thailand","QP9M+V2 Bangkok, Thailand","","","+66 2 116 0518","","","4.9","99","","","Open","","https://www.google.com/maps/place/%E0%B8%84%E0%B8%A5%E0%B8%B4%E0%B8%99%E0%B8%B4%E0%B8%81%E0%B8%97%E0%B8%B1%E0%B8%99%E0%B8%95%E0%B8%81%E0%B8%A3%E0%B8%A3%E0%B8%A1%E0%B8%9A%E0%B9%89%E0%B8%B2%E0%B8%99%E0%B8%AB%E0%B8%A1%E0%B8%AD%E0%B8%9F%E0%B8%B1%E0%B8%99/data=!4m7!3m6!1s0x311d66a0272c18f5:0x62d167c056446c9e!8m2!3d13.769734!4d100.732501!16s%2Fg%2F1vhq153s!19sChIJ9RgsJ6BmHTERnmxEVsBn0WI?authuser=0&hl=en&rclk=1"
"0x311d7c51b8e0430d:0xd701935546d33a58","คลินิกทันตกรรมยิ้มสดใส สายไหม","Dental clinic","
1/5 ปาก Sai Mai 55 Alley, Khwaeng Sai Mai, Sai Mai, Bangkok 10220, Thailand","WMCC+HV Bangkok, Thailand","","","+66 2 992 8335","https://www.facebook.com/Yimsodsaisaimai/","","4.2","6","","","Open","","https://www.google.com/maps/place/%E0%B8%84%E0%B8%A5%E0%B8%B4%E0%B8%99%E0%B8%B4%E0%B8%81%E0%B8%97%E0%B8%B1%E0%B8%99%E0%B8%95%E0%B8%81%E0%B8%A3%E0%B8%A3%E0%B8%A1%E0%B8%A2%E0%B8%B4%E0%B9%89%E0%B8%A1%E0%B8%AA%E0%B8%94%E0%B9%83%E0%B8%AA+%E0%B8%AA%E0%B8%B2%E0%B8%A2%E0%B9%84%E0%B8%AB%E0%B8%A1/data=!4m7!3m6!1s0x311d7c51b8e0430d:0xd701935546d33a58!8m2!3d13.9214359!4d100.6722422!16s%2Fg%2F12jlt57_j!19sChIJDUPguFF8HTERWDrTRlWTAdc?authuser=0&hl=en&rclk=1"
"0x30e2b93f9f56ccb9:0x8ab3f24724c6b1a","Sinsakhon Dental clinic","Dental clinic","
เยื้องทางเข้า Sinsakhon Packaging and Printing Industrial Estate, 19/23 (ตรงข้ามร้านกาแฟอเมซอนสาขา โคกขาม Mueang Samut Sakhon District, Samut Sakhon 74000, Thailand","H88Q+VC Khok Kham, Mueang Samut Sakhon District, Samut Sakhon, Thailand","","","+66 97 057 0523","http://www.facebook.com/sinsakhondentalclinic","","4.9","56","","","Open","","https://www.google.com/maps/place/Sinsakhon+Dental+clinic/data=!4m7!3m6!1s0x30e2b93f9f56ccb9:0x8ab3f24724c6b1a!8m2!3d13.5671899!4d100.3385973!16s%2Fg%2F11hf825_40!19sChIJucxWnz-54jARGmtMciQ_qwg?authuser=0&hl=en&rclk=1"
"0x311d676da07b88c3:0x7402f8b9e4212f2d","The Fun Room Dental Clinic","Dental clinic","
123, 39 Soi Fifth Ave, Lam Pla Thio, Lamplatio Latkrabung, Bangkok 10520, Thailand","QQ4W+PC Bangkok, Thailand","","","+66 99 154 5263","http://facebook.com/thefunroomdc","","4.7","192","","","Open","","https://www.google.com/maps/place/The+Fun+Room+Dental+Clinic/data=!4m7!3m6!1s0x311d676da07b88c3:0x7402f8b9e4212f2d!8m2!3d13.7567619!4d100.7961141!16s%2Fg%2F11jgcq2q64!19sChIJw4h7oG1nHTERLS8h5Ln4AnQ?authuser=0&hl=en&rclk=1"
"0x311d64614146e4a5:0x35b8b94e12d477b9","คลินิกทันตแพทย์ประเทือง มีนบุรี","Dental clinic","
513 Sihaburanukit Rd, มีนบุรี Min Buri, Bangkok 10510, Thailand","RP7H+54 Bangkok, Thailand","","","+66 2 060 5008","https://www.facebook.com/profile.php?id=100054634681356&mibextid=ZbWKwL","","3.6","43","","","Open","","https://www.google.com/maps/place/%E0%B8%84%E0%B8%A5%E0%B8%B4%E0%B8%99%E0%B8%B4%E0%B8%81%E0%B8%97%E0%B8%B1%E0%B8%99%E0%B8%95%E0%B9%81%E0%B8%9E%E0%B8%97%E0%B8%A2%E0%B9%8C%E0%B8%9B%E0%B8%A3%E0%B8%B0%E0%B9%80%E0%B8%97%E0%B8%B7%E0%B8%AD%E0%B8%87+%E0%B8%A1%E0%B8%B5%E0%B8%99%E0%B8%9A%E0%B8%B8%E0%B8%A3%E0%B8%B5/data=!4m7!3m6!1s0x311d64614146e4a5:0x35b8b94e12d477b9!8m2!3d13.8129592!4d100.7278285!16s%2Fg%2F1q2w628y8!19sChIJpeRGQWFkHTERuXfUEk65uDU?authuser=0&hl=en&rclk=1"
"0x311d63dbf1932077:0xcc6a39bea337fa3c","บ้านรักยิ้ม (รามคำแหง124)","Dental clinic","
224 ซอย รามคำแหง 124 Saphan Sung, Bangkok 10240, Thailand","QMJJ+79 Bangkok, Thailand","","","+66 2 373 5381","https://www.facebook.com/baanrakyim/","","4.5","11","","","Open","","https://www.google.com/maps/place/%E0%B8%9A%E0%B9%89%E0%B8%B2%E0%B8%99%E0%B8%A3%E0%B8%B1%E0%B8%81%E0%B8%A2%E0%B8%B4%E0%B9%89%E0%B8%A1+%28%E0%B8%A3%E0%B8%B2%E0%B8%A1%E0%B8%84%E0%B8%B3%E0%B9%81%E0%B8%AB%E0%B8%87124%29/data=!4m7!3m6!1s0x311d63dbf1932077:0xcc6a39bea337fa3c!8m2!3d13.7806808!4d100.6809177!16s%2Fg%2F1tnhvt5d!19sChIJdyCT8dtjHTERPPo3o745asw?authuser=0&hl=en&rclk=1"
"0x311d63f940263785:0x96962b7a46a94f92","คลินิกทันตกรรม วี-เลิฟ-เดนทีส","Dental","
62/5 Thanon Rat Phatthana, Rat Phatthana, Saphan Sung, Bangkok 10240, Thailand","QPH4+X5 Bangkok, Thailand","","","+66 2 108 9507","","","4.6","19","","","Open","","https://www.google.com/maps/place/%E0%B8%84%E0%B8%A5%E0%B8%B4%E0%B8%99%E0%B8%B4%E0%B8%81%E0%B8%97%E0%B8%B1%E0%B8%99%E0%B8%95%E0%B8%81%E0%B8%A3%E0%B8%A3%E0%B8%A1+%E0%B8%A7%E0%B8%B5-%E0%B9%80%E0%B8%A5%E0%B8%B4%E0%B8%9F-%E0%B9%80%E0%B8%94%E0%B8%99%E0%B8%97%E0%B8%B5%E0%B8%AA/data=!4m7!3m6!1s0x311d63f940263785:0x96962b7a46a94f92!8m2!3d13.7799256!4d100.7054879!16s%2Fg%2F1ptw68zcc!19sChIJhTcmQPljHTERkk-pRnorlpY?authuser=0&hl=en&rclk=1"
"0x311d6300550af8dd:0x9ea49074c3734fd","Beaudental Smile Clinic คลินิกทันตกรรมโบเดนทัลสไมล์","Dental clinic","
9 โครงการซีบีเอ็น 34 Soi Mu Ban Arena Garden Seri Thai, Ram Inthra, Khan Na Yao, Bangkok 10230, Thailand","QMRH+8X Bangkok, Thailand","","","+66 82 212 8338","http://facebook.com/BeaudentalSmileClinic","","5.0","7","","","Open","","https://www.google.com/maps/place/Beaudental+Smile+Clinic+%E0%B8%84%E0%B8%A5%E0%B8%B4%E0%B8%99%E0%B8%B4%E0%B8%81%E0%B8%97%E0%B8%B1%E0%B8%99%E0%B8%95%E0%B8%81%E0%B8%A3%E0%B8%A3%E0%B8%A1%E0%B9%82%E0%B8%9A%E0%B9%80%E0%B8%94%E0%B8%99%E0%B8%97%E0%B8%B1%E0%B8%A5%E0%B8%AA%E0%B9%84%E0%B8%A1%E0%B8%A5%E0%B9%8C/data=!4m7!3m6!1s0x311d6300550af8dd:0x9ea49074c3734fd!8m2!3d13.7907829!4d100.6798904!16s%2Fg%2F11xg5rrdf6!19sChIJ3fgKVQBjHTER_TQ3TAdJ6gk?authuser=0&hl=en&rclk=1"
"0x30e284d093fdfd73:0x7c07a9441e0cdcad","คลินิกทันตกรรม มั่งมี","Dental clinic","
Ta Sai, Mueang Nonthaburi District, Nonthaburi 11000, Thailand","VFMR+HR Nonthaburi, Mueang Nonthaburi District, Nonthaburi, Thailand","","","+66 92 999 5676","https://m.facebook.com/%E0%B8%84%E0%B8%A5%E0%B8%B4%E0%B8%99%E0%B8%B4%E0%B8%81%E0%B8%97%E0%B8%B1%E0%B8%99%E0%B8%95%E0%B8%81%E0%B8%A3%E0%B8%A3%E0%B8%A1%E0%B8%A1%E0%B8%B1%E0%B9%88%E0%B8%87%E0%B8%A1%E0%B8%B5-108427144952732/?ref=bookmarks","","4.2","13","","","Open","","https://www.google.com/maps/place/%E0%B8%84%E0%B8%A5%E0%B8%B4%E0%B8%99%E0%B8%B4%E0%B8%81%E0%B8%97%E0%B8%B1%E0%B8%99%E0%B8%95%E0%B8%81%E0%B8%A3%E0%B8%A3%E0%B8%A1+%E0%B8%A1%E0%B8%B1%E0%B9%88%E0%B8%87%E0%B8%A1%E0%B8%B5/data=!4m7!3m6!1s0x30e284d093fdfd73:0x7c07a9441e0cdcad!8m2!3d13.8839319!4d100.4920244!16s%2Fg%2F11p65qsvjt!19sChIJc_39k9CE4jARrdwMHkSpB3w?authuser=0&hl=en&rclk=1"
"0x30e2bdb895c3dbd9:0x5cdafdfc8cf628c4","คลินิกทันตกรรมเด้นท์แคร์พลัส dentcare plus clinic","Dental implants provider","
1425/2 ถนนเอกชัย แขวงบางบอนใต้ Bang Bon Tai, Bang Bon, Bangkok 10150, Thailand","J9M8+MR Bangkok, Thailand","","","+66 97 961 6196","","","5.0","5","","","Open","","https://www.google.com/maps/place/%E0%B8%84%E0%B8%A5%E0%B8%B4%E0%B8%99%E0%B8%B4%E0%B8%81%E0%B8%97%E0%B8%B1%E0%B8%99%E0%B8%95%E0%B8%81%E0%B8%A3%E0%B8%A3%E0%B8%A1%E0%B9%80%E0%B8%94%E0%B9%89%E0%B8%99%E0%B8%97%E0%B9%8C%E0%B9%81%E0%B8%84%E0%B8%A3%E0%B9%8C%E0%B8%9E%E0%B8%A5%E0%B8%B1%E0%B8%AA+dentcare+plus+clinic/data=!4m7!3m6!1s0x30e2bdb895c3dbd9:0x5cdafdfc8cf628c4!8m2!3d13.6342016!4d100.3670451!16s%2Fg%2F11kq5ngdtp!19sChIJ2dvDlbi94jARxCj2jPz92lw?authuser=0&hl=en&rclk=1"
"0x30e296408892af91:0xc345605412be185c","สมสิริ คลินิกทันตกรรม","Dental clinic","
481 Thanon Mu Ban Setthakit, Bang Khae Nuea, Bang Khae, Bangkok 10160, Thailand","P99G+Q4 Bangkok, Thailand","","","+66 2 808 1743","https://www.somsiridental.com/","","4.5","11","","","Open","","https://www.google.com/maps/place/%E0%B8%AA%E0%B8%A1%E0%B8%AA%E0%B8%B4%E0%B8%A3%E0%B8%B4+%E0%B8%84%E0%B8%A5%E0%B8%B4%E0%B8%99%E0%B8%B4%E0%B8%81%E0%B8%97%E0%B8%B1%E0%B8%99%E0%B8%95%E0%B8%81%E0%B8%A3%E0%B8%A3%E0%B8%A1/data=!4m7!3m6!1s0x30e296408892af91:0xc345605412be185c!8m2!3d13.7194202!4d100.3752914!16s%2Fg%2F1tzhzm7w!19sChIJka-SiECW4jARXBi-ElRgRcM?authuser=0&hl=en&rclk=1"
"0x311d5f1424d4d3bb:0x44db98d4227f527f","คลินิกทันตกรรมเทพารักษ์ TDC","Dental clinic","
1541 2-3 Thepharak Rd, Tambon Thepharak, เมือง Samut Prakan 10270, Thailand","JJ9W+MV Thepharak, Mueang Samut Prakan District, Samut Prakan, Thailand","","","+66 2 736 4434","","","4.4","14","","","Open","","https://www.google.com/maps/place/%E0%B8%84%E0%B8%A5%E0%B8%B4%E0%B8%99%E0%B8%B4%E0%B8%81%E0%B8%97%E0%B8%B1%E0%B8%99%E0%B8%95%E0%B8%81%E0%B8%A3%E0%B8%A3%E0%B8%A1%E0%B9%80%E0%B8%97%E0%B8%9E%E0%B8%B2%E0%B8%A3%E0%B8%B1%E0%B8%81%E0%B8%A9%E0%B9%8C+TDC/data=!4m7!3m6!1s0x311d5f1424d4d3bb:0x44db98d4227f527f!8m2!3d13.6192055!4d100.6471276!16s%2Fg%2F11fxb2zk2b!19sChIJu9PUJBRfHTERf1J_ItSY20Q?authuser=0&hl=en&rclk=1"
"0x311d5dffb77b5639:0x6a6ae43a308b3d1d","AT U DENTAL CLINIC Bang-na (คลินิกทันตกรรมแอท ยู เดนทัล สาขาบางนามาร์เก็ต)","Dental clinic","
99, 24 Bang Na-Trat Frontage Rd, Bang Phli Yai, Bang Phli District, Samut Prakan 10540, Thailand","JPM6+53 Bang Phli Yai, Bang Phli District, Samut Prakan, Thailand","","","+66 98 453 6869","https://www.atudental.co.th/","","4.9","115","","","Open","","https://www.google.com/maps/place/AT+U+DENTAL+CLINIC+Bang-na+%28%E0%B8%84%E0%B8%A5%E0%B8%B4%E0%B8%99%E0%B8%B4%E0%B8%81%E0%B8%97%E0%B8%B1%E0%B8%99%E0%B8%95%E0%B8%81%E0%B8%A3%E0%B8%A3%E0%B8%A1%E0%B9%81%E0%B8%AD%E0%B8%97+%E0%B8%A2%E0%B8%B9+%E0%B9%80%E0%B8%94%E0%B8%99%E0%B8%97%E0%B8%B1%E0%B8%A5+%E0%B8%AA%E0%B8%B2%E0%B8%82%E0%B8%B2%E0%B8%9A%E0%B8%B2%E0%B8%87%E0%B8%99%E0%B8%B2%E0%B8%A1%E0%B8%B2%E0%B8%A3%E0%B9%8C%E0%B9%80%E0%B8%81%E0%B9%87%E0%B8%95%29/data=!4m7!3m6!1s0x311d5dffb77b5639:0x6a6ae43a308b3d1d!8m2!3d13.6329914!4d100.7101668!16s%2Fg%2F11tm_1dtf8!19sChIJOVZ7t_9dHTERHT2LMDrkamo?authuser=0&hl=en&rclk=1"
"0x311d671e8aeb3773:0x9978a86844f9df3f","คลินิกหมอฟัน","Dental clinic","
78/2 Lat Krabang Rd, Lat Krabang, Bangkok 10520, Thailand","PPC6+XW Bangkok, Thailand","","","+66 2 727 7200","","","3.9","17","","","Open","","https://www.google.com/maps/place/%E0%B8%84%E0%B8%A5%E0%B8%B4%E0%B8%99%E0%B8%B4%E0%B8%81%E0%B8%AB%E0%B8%A1%E0%B8%AD%E0%B8%9F%E0%B8%B1%E0%B8%99/data=!4m7!3m6!1s0x311d671e8aeb3773:0x9978a86844f9df3f!8m2!3d13.7223792!4d100.7123065!16s%2Fg%2F1hcb5zgj8!19sChIJczfrih5nHTERP9_5RGioeJk?authuser=0&hl=en&rclk=1"
"0x311d5db708360187:0x904c6e3256377a4b","Aura White Dental Clinic-บางพลี ทำฟัน จัดฟัน รับประกันสังคม/บริษัท","Dental clinic","
59 13, Racha Thewa, Bang Phli District, Samut Prakan 10540, Thailand","JPM6+V5 Bang Phli Yai, Bang Phli District, Samut Prakan, Thailand","","","+66 80 515 9551","http://www.aurawhitedc.com/","","4.9","797","","","Open","","https://www.google.com/maps/place/Aura+White+Dental+Clinic-%E0%B8%9A%E0%B8%B2%E0%B8%87%E0%B8%9E%E0%B8%A5%E0%B8%B5+%E0%B8%97%E0%B8%B3%E0%B8%9F%E0%B8%B1%E0%B8%99+%E0%B8%88%E0%B8%B1%E0%B8%94%E0%B8%9F%E0%B8%B1%E0%B8%99+%E0%B8%A3%E0%B8%B1%E0%B8%9A%E0%B8%9B%E0%B8%A3%E0%B8%B0%E0%B8%81%E0%B8%B1%E0%B8%99%E0%B8%AA%E0%B8%B1%E0%B8%87%E0%B8%84%E0%B8%A1%2F%E0%B8%9A%E0%B8%A3%E0%B8%B4%E0%B8%A9%E0%B8%B1%E0%B8%97/data=!4m7!3m6!1s0x311d5db708360187:0x904c6e3256377a4b!8m2!3d13.6347087!4d100.7104154!16s%2Fg%2F11hzmrsdz9!19sChIJhwE2CLddHTERS3o3VjJuTJA?authuser=0&hl=en&rclk=1"
"0x30e282990d278aa1:0xbd22abc2a0544436","นิต้าเดนทัลคลินิก","Dental clinic","
27 ซอย พหลโยธิน 52 Phahonyothin Rd, Khlong Thanon, Sai Mai, Bangkok 10220, Thailand","VJW6+6M Bangkok, Thailand","","","+66 2 552 6820","http://nitadentalclinic.siam2web.com/?cid=283510","","4.0","13","","","Open","","https://www.google.com/maps/place/%E0%B8%99%E0%B8%B4%E0%B8%95%E0%B9%89%E0%B8%B2%E0%B9%80%E0%B8%94%E0%B8%99%E0%B8%97%E0%B8%B1%E0%B8%A5%E0%B8%84%E0%B8%A5%E0%B8%B4%E0%B8%99%E0%B8%B4%E0%B8%81/data=!4m7!3m6!1s0x30e282990d278aa1:0xbd22abc2a0544436!8m2!3d13.8955033!4d100.6117476!16s%2Fg%2F1pv1_n6hp!19sChIJoYonDZmC4jARNkRUoMKrIr0?authuser=0&hl=en&rclk=1"
"0x30e2825b29a521e7:0x5bccd69e3851c38","Deezy dental home ดอนเมือง | ทำฟัน จัดฟัน วีเนียร์ รากฟันเทียม","Dental clinic","
49 Thanon Song Prapha, Don Mueang, Bangkok 10210, Thailand","WHGQ+9P Bangkok, Thailand","","","+66 91 118 8813","http://www.deezydental.com/","","4.9","307","","","Open","","https://www.google.com/maps/place/Deezy+dental+home+%E0%B8%94%E0%B8%AD%E0%B8%99%E0%B9%80%E0%B8%A1%E0%B8%B7%E0%B8%AD%E0%B8%87+%7C+%E0%B8%97%E0%B8%B3%E0%B8%9F%E0%B8%B1%E0%B8%99+%E0%B8%88%E0%B8%B1%E0%B8%94%E0%B8%9F%E0%B8%B1%E0%B8%99+%E0%B8%A7%E0%B8%B5%E0%B9%80%E0%B8%99%E0%B8%B5%E0%B8%A2%E0%B8%A3%E0%B9%8C+%E0%B8%A3%E0%B8%B2%E0%B8%81%E0%B8%9F%E0%B8%B1%E0%B8%99%E0%B9%80%E0%B8%97%E0%B8%B5%E0%B8%A2%E0%B8%A1/data=!4m7!3m6!1s0x30e2825b29a521e7:0x5bccd69e3851c38!8m2!3d13.9259779!4d100.5893111!16s%2Fg%2F11f3nglx12!19sChIJ5yGlKVuC4jAROByF42nNvAU?authuser=0&hl=en&rclk=1"
"0x30e282f43490a0a9:0x3451db0ecb76a08","Ban Rak Fan Dental Clinic","Dental clinic","
83 Chang Akat Uthit Rd, Don Mueang, Bangkok 10210, Thailand","WH6V+R2 Bangkok, Thailand","","","+66 96 032 7636","https://www.facebook.com/banrakfundonmuang/","","4.8","13","","","Open","","https://www.google.com/maps/place/Ban+Rak+Fan+Dental+Clinic/data=!4m7!3m6!1s0x30e282f43490a0a9:0x3451db0ecb76a08!8m2!3d13.9120171!4d100.5926173!16s%2Fg%2F1hm316pjt!19sChIJqaCQNPSC4jARCGq37LAdRQM?authuser=0&hl=en&rclk=1"
"0x30e283006ad9047f:0x367279e9d280bdcd","คลินิกทันตกรรมดอนเมือง","Dentist","
310/65 Thanon Song Prapha, Si Kan, Don Mueang, Bangkok 10210, Thailand","WHGW+22 Bangkok, Thailand","","","","","","4.3","6","","","","","https://www.google.com/maps/place/%E0%B8%84%E0%B8%A5%E0%B8%B4%E0%B8%99%E0%B8%B4%E0%B8%81%E0%B8%97%E0%B8%B1%E0%B8%99%E0%B8%95%E0%B8%81%E0%B8%A3%E0%B8%A3%E0%B8%A1%E0%B8%94%E0%B8%AD%E0%B8%99%E0%B9%80%E0%B8%A1%E0%B8%B7%E0%B8%AD%E0%B8%87/data=!4m7!3m6!1s0x30e283006ad9047f:0x367279e9d280bdcd!8m2!3d13.9250138!4d100.5950598!16s%2Fg%2F11wnn9_nn5!19sChIJfwTZagCD4jARzb2A0ul5cjY?authuser=0&hl=en&rclk=1"
"0x30e2824fe9885217:0x647a9aa2621879e2","Dental Home (คลินิกทำฟัน สรงประภา - ดอนเมือง)","Dental clinic","
394 Thanon Song Prapha, Si Kan, Don Mueang, Bangkok 10210, Thailand","WHHM+4R Bangkok, Thailand","","","+66 2 566 1638","https://www.facebook.com/dentalhome.donmueang","","5.0","125","","","Open","","https://www.google.com/maps/place/Dental+Home+%28%E0%B8%84%E0%B8%A5%E0%B8%B4%E0%B8%99%E0%B8%B4%E0%B8%81%E0%B8%97%E0%B8%B3%E0%B8%9F%E0%B8%B1%E0%B8%99+%E0%B8%AA%E0%B8%A3%E0%B8%87%E0%B8%9B%E0%B8%A3%E0%B8%B0%E0%B8%A0%E0%B8%B2+-+%E0%B8%94%E0%B8%AD%E0%B8%99%E0%B9%80%E0%B8%A1%E0%B8%B7%E0%B8%AD%E0%B8%87%29/data=!4m7!3m6!1s0x30e2824fe9885217:0x647a9aa2621879e2!8m2!3d13.9278574!4d100.5846002!16s%2Fg%2F1q2vy85f3!19sChIJF1KI6U-C4jAR4nkYYqKaemQ?authuser=0&hl=en&rclk=1"
"0x30e284f0fab35597:0x33aeab498a52475","ศุภวรรณทันตแพทย์คลินิก","Dental clinic","
100 5 Chaeng Watthana Rd, Pak Kret, Pak Kret District, Nonthaburi 11120, Thailand","WF6X+F5 Pakkret, Pak Kret District, Nonthaburi, Thailand","","","+66 2 583 7997","https://www.facebook.com/supawandentalclinic/","","4.9","61","","","Open","","https://www.google.com/maps/place/%E0%B8%A8%E0%B8%B8%E0%B8%A0%E0%B8%A7%E0%B8%A3%E0%B8%A3%E0%B8%93%E0%B8%97%E0%B8%B1%E0%B8%99%E0%B8%95%E0%B9%81%E0%B8%9E%E0%B8%97%E0%B8%A2%E0%B9%8C%E0%B8%84%E0%B8%A5%E0%B8%B4%E0%B8%99%E0%B8%B4%E0%B8%81/data=!4m7!3m6!1s0x30e284f0fab35597:0x33aeab498a52475!8m2!3d13.9111434!4d100.4979825!16s%2Fg%2F1hc1zydn0!19sChIJl1Wz-vCE4jARdSSlmLTqOgM?authuser=0&hl=en&rclk=1"
"0x30e2a78b16d4c6f7:0xe411152077fca225","Lisa Dental clinic Bangpu","Dental clinic","
โครงการไมอามี่บางปูพลาซ่า 858/15 Bang Pu Mai, Mueang Samut Prakan District, Samut Prakan 10280, Thailand","GJR9+HQ Thai Ban, Mueang Samut Prakan District, Samut Prakan, Thailand","","","+66 86 422 1010","","","4.8","40","","","Open","","https://www.google.com/maps/place/Lisa+Dental+clinic+Bangpu/data=!4m7!3m6!1s0x30e2a78b16d4c6f7:0xe411152077fca225!8m2!3d13.5414719!4d100.6194871!16s%2Fg%2F11v13xrxw_!19sChIJ98bUFoun4jARJaL8dyAVEeQ?authuser=0&hl=en&rclk=1"
"0x30e297c637e0b41f:0x9b06ce4b8e83de9f","ด้วยรักทันตกรรม","Dentist","
2 ถ ซอย เพชรเกษม 77 แยก 2 Khwaeng Nong Khang Phlu, Khet Nong Khaem, Bangkok 10160, Thailand","P936+J5 Bangkok, Thailand","","","+66 85 561 5989","https://www.duayrukclinic.com/","","5.0","26","","","Open","","https://www.google.com/maps/place/%E0%B8%94%E0%B9%89%E0%B8%A7%E0%B8%A2%E0%B8%A3%E0%B8%B1%E0%B8%81%E0%B8%97%E0%B8%B1%E0%B8%99%E0%B8%95%E0%B8%81%E0%B8%A3%E0%B8%A3%E0%B8%A1/data=!4m7!3m6!1s0x30e297c637e0b41f:0x9b06ce4b8e83de9f!8m2!3d13.7040918!4d100.3604879!16s%2Fg%2F11fhvfgcck!19sChIJH7TgN8aX4jARn96DjkvOBps?authuser=0&hl=en&rclk=1"
"0x311d59692c66fb91:0x1007f805424c9a20","คีย์สไมล์ เดนทัลคลินิก","Dental clinic","
358 27 28 Phraeksa, Mueang Samut Prakan District, Samut Prakan 10280, Thailand","Plus Code: HMP5+G8 Phraeksa, Mueang Samut Prakan District, Samut Prakan, Thailand","","","+66 87 463 6156","https://www.keysmiledental.com/","","5.0","51","","","Open","","https://www.google.com/maps/place/%E0%B8%84%E0%B8%B5%E0%B8%A2%E0%B9%8C%E0%B8%AA%E0%B9%84%E0%B8%A1%E0%B8%A5%E0%B9%8C+%E0%B9%80%E0%B8%94%E0%B8%99%E0%B8%97%E0%B8%B1%E0%B8%A5%E0%B8%84%E0%B8%A5%E0%B8%B4%E0%B8%99%E0%B8%B4%E0%B8%81/data=!4m7!3m6!1s0x311d59692c66fb91:0x1007f805424c9a20!8m2!3d13.5863341!4d100.6582697!16s%2Fg%2F11sdwgvtq9!19sChIJkftmLGlZHTERIJpMQgX4BxA?authuser=0&hl=en&rclk=1"
"0x30e281569150d283:0xf28f40ef9ca5b54","คลินิกทันตกรรมพาสุข สาขา ติวานนท์ Pasook dental clinic The nine center Tiwanon","Dental clinic","
99 99, Bang Kadi, Mueang Pathum Thani District, Pathum Thani 12000, Thailand","XHH2+W3 Bang Kadi, Mueang Pathum Thani District, Pathum Thani, Thailand","","","+66 93 576 2306","https://web.facebook.com/Pasookdentalclinic?_rdc=1&_rdr","","5.0","232","","","Open","","https://www.google.com/maps/place/%E0%B8%84%E0%B8%A5%E0%B8%B4%E0%B8%99%E0%B8%B4%E0%B8%81%E0%B8%97%E0%B8%B1%E0%B8%99%E0%B8%95%E0%B8%81%E0%B8%A3%E0%B8%A3%E0%B8%A1%E0%B8%9E%E0%B8%B2%E0%B8%AA%E0%B8%B8%E0%B8%82+%E0%B8%AA%E0%B8%B2%E0%B8%82%E0%B8%B2+%E0%B8%95%E0%B8%B4%E0%B8%A7%E0%B8%B2%E0%B8%99%E0%B8%99%E0%B8%97%E0%B9%8C+Pasook+dental+clinic+The+nine+center+Tiwanon/data=!4m7!3m6!1s0x30e281569150d283:0xf28f40ef9ca5b54!8m2!3d13.9798138!4d100.5502395!16s%2Fg%2F11sffl0g8q!19sChIJg9JQkVaB4jARVFvK-Q70KA8?authuser=0&hl=en&rclk=1"
"0x30e297a7603cd7df:0xcf66f64dd36cd036","ศูนย์บริการสาธารณสุข​ 67​ ทวีวัฒนา​ ศูนย์หลัก","Local medical services","
3 Thanon Utthayan, Thawi Watthana, Bangkok 10170, Thailand","Q9F3+7Q Bangkok, Thailand","","","+66 2 441 4680","https://webportal.bangkok.go.th/healthcenter67","","3.2","53","","","Open","","https://www.google.com/maps/place/%E0%B8%A8%E0%B8%B9%E0%B8%99%E0%B8%A2%E0%B9%8C%E0%B8%9A%E0%B8%A3%E0%B8%B4%E0%B8%81%E0%B8%B2%E0%B8%A3%E0%B8%AA%E0%B8%B2%E0%B8%98%E0%B8%B2%E0%B8%A3%E0%B8%93%E0%B8%AA%E0%B8%B8%E0%B8%82%E2%80%8B+67%E2%80%8B+%E0%B8%97%E0%B8%A7%E0%B8%B5%E0%B8%A7%E0%B8%B1%E0%B8%92%E0%B8%99%E0%B8%B2%E2%80%8B+%E0%B8%A8%E0%B8%B9%E0%B8%99%E0%B8%A2%E0%B9%8C%E0%B8%AB%E0%B8%A5%E0%B8%B1%E0%B8%81/data=!4m7!3m6!1s0x30e297a7603cd7df:0xcf66f64dd36cd036!8m2!3d13.7731475!4d100.3544087!16s%2Fg%2F11ftbg4_dn!19sChIJ39c8YKeX4jARNtBs0032Zs8?authuser=0&hl=en&rclk=1"
"0x311d7d98649b1b87:0x3ce88b91fb6c0143","คลินิกทันตแพทย์สายไหม (คลินิกฟันสวย)","Dental clinic","
36/13 Sai Mai Rd, Sai Mai, Bangkok 10220, Thailand","WJCR+PG Bangkok, Thailand","","","+66 2 990 3614","","","4.8","18","","","Open","","https://www.google.com/maps/place/%E0%B8%84%E0%B8%A5%E0%B8%B4%E0%B8%99%E0%B8%B4%E0%B8%81%E0%B8%97%E0%B8%B1%E0%B8%99%E0%B8%95%E0%B9%81%E0%B8%9E%E0%B8%97%E0%B8%A2%E0%B9%8C%E0%B8%AA%E0%B8%B2%E0%B8%A2%E0%B9%84%E0%B8%AB%E0%B8%A1+%28%E0%B8%84%E0%B8%A5%E0%B8%B4%E0%B8%99%E0%B8%B4%E0%B8%81%E0%B8%9F%E0%B8%B1%E0%B8%99%E0%B8%AA%E0%B8%A7%E0%B8%A2%29/data=!4m7!3m6!1s0x311d7d98649b1b87:0x3ce88b91fb6c0143!8m2!3d13.9218026!4d100.6413537!16s%2Fg%2F1hc4ssslg!19sChIJhxubZJh9HTERQwFs-5GL6Dw?authuser=0&hl=en&rclk=1"
"0x30e2950459b0320f:0x1584937fc7cbde54","OHO Dental Clinic","Dental clinic","
293 294 ม.6, Tambon Om Noi, Krathum Baen District, Samut Sakhon 74130, Thailand","P74X+Q9 Om Noi, Krathum Baen District, Samut Sakhon, Thailand","","","+66 94 690 5655","","","4.9","141","","","Open","","https://www.google.com/maps/place/OHO+Dental+Clinic/data=!4m7!3m6!1s0x30e2950459b0320f:0x1584937fc7cbde54!8m2!3d13.7068836!4d100.2984721!16s%2Fg%2F11vb45mbdr!19sChIJDzKwWQSV4jARVN7Lx3-ThBU?authuser=0&hl=en&rclk=1"
"0x30e2960596188113:0xaea65c0413cdff86","คลินิกทันตกรรมเอเชีย","Medical clinic","
33/51 หมู่7 Phet Kasem Rd, เเขวงหนองค้างพลู เขตหนองเเขม Bangkok 10160, Thailand","P944+GV Bangkok, Thailand","","","+66 2 809 8853","","","2.7","9","","","Open","","https://www.google.com/maps/place/%E0%B8%84%E0%B8%A5%E0%B8%B4%E0%B8%99%E0%B8%B4%E0%B8%81%E0%B8%97%E0%B8%B1%E0%B8%99%E0%B8%95%E0%B8%81%E0%B8%A3%E0%B8%A3%E0%B8%A1%E0%B9%80%E0%B8%AD%E0%B9%80%E0%B8%8A%E0%B8%B5%E0%B8%A2/data=!4m7!3m6!1s0x30e2960596188113:0xaea65c0413cdff86!8m2!3d13.7063184!4d100.3572448!16s%2Fg%2F11g6wvfm7t!19sChIJE4EYlgWW4jARhv_NEwRcpq4?authuser=0&hl=en&rclk=1"
"0x30e2902418940a83:0xf391ac0ffd0de3a5","คลินิกทันตกรรม สไมล์แคร์","Dental clinic","
61 91 ถนน หมู่บ้านบางใหญ่ซิตี้ Sao Thong Hin, Bang Yai District, Chang Wat Nonthaburi 11140, Thailand","VCH4+HX Sao Thong Hin, Bang Yai District, Nonthaburi, Thailand","","","+66 86 344 1595","","","4.0","16","","","Open","","https://www.google.com/maps/place/%E0%B8%84%E0%B8%A5%E0%B8%B4%E0%B8%99%E0%B8%B4%E0%B8%81%E0%B8%97%E0%B8%B1%E0%B8%99%E0%B8%95%E0%B8%81%E0%B8%A3%E0%B8%A3%E0%B8%A1+%E0%B8%AA%E0%B9%84%E0%B8%A1%E0%B8%A5%E0%B9%8C%E0%B9%81%E0%B8%84%E0%B8%A3%E0%B9%8C/data=!4m7!3m6!1s0x30e2902418940a83:0xf391ac0ffd0de3a5!8m2!3d13.8789078!4d100.4073974!16s%2Fg%2F1pztyx5gv!19sChIJgwqUGCSQ4jARpeMN_Q-skfM?authuser=0&hl=en&rclk=1"
"0x30e291b395ac62f7:0x67111ea7def70d03","ครอบครัวฟันดี บางใหญ่","Dental clinic","
RCV6+QH7, Bang Muang, Bang Yai District, Nonthaburi 11140, Thailand","","","","+66 80 054 0464","","","4.3","6","","","Open","","https://www.google.com/maps/place/%E0%B8%84%E0%B8%A3%E0%B8%AD%E0%B8%9A%E0%B8%84%E0%B8%A3%E0%B8%B1%E0%B8%A7%E0%B8%9F%E0%B8%B1%E0%B8%99%E0%B8%94%E0%B8%B5+%E0%B8%9A%E0%B8%B2%E0%B8%87%E0%B9%83%E0%B8%AB%E0%B8%8D%E0%B9%88/data=!4m7!3m6!1s0x30e291b395ac62f7:0x67111ea7def70d03!8m2!3d13.8444047!4d100.4114333!16s%2Fg%2F11g0jcq0nm!19sChIJ92KslbOR4jARAw333qceEWc?authuser=0&hl=en&rclk=1"
"0x30e29acbf9887045:0x1afaaf648d7a1c04","Grand Master","Plastic surgery clinic","
Sai Ma, Mueang Nonthaburi District, Nonthaburi 11000, Thailand","VF98+RX Sai Ma, Mueang Nonthaburi District, Nonthaburi, Thailand","","","+66 2 101 6818","http://www.grandmasterclinic.com/","","5.0","31","","","Open","","https://www.google.com/maps/place/Grand+Master/data=!4m7!3m6!1s0x30e29acbf9887045:0x1afaaf648d7a1c04!8m2!3d13.8695762!4d100.4674531!16s%2Fg%2F11b5pkpsh0!19sChIJRXCI-cua4jARBBx6jWSv-ho?authuser=0&hl=en&rclk=1"
"0x30e284f3aa0baa8d:0xe712d7a8bfa1bf30","คลินิกทันตกรรมยิ้มแย้ม","Dental clinic","
70 110 หมู่5 Chaeng Watthana Rd, Tambon Pak Kret, Pak Kret District, Nonthaburi 11120, Thailand","WF6X+9G Pakkret, Pak Kret District, Nonthaburi, Thailand","","","+66 2 960 9972","","","3.8","16","","","Open","","https://www.google.com/maps/place/%E0%B8%84%E0%B8%A5%E0%B8%B4%E0%B8%99%E0%B8%B4%E0%B8%81%E0%B8%97%E0%B8%B1%E0%B8%99%E0%B8%95%E0%B8%81%E0%B8%A3%E0%B8%A3%E0%B8%A1%E0%B8%A2%E0%B8%B4%E0%B9%89%E0%B8%A1%E0%B9%81%E0%B8%A2%E0%B9%89%E0%B8%A1/data=!4m7!3m6!1s0x30e284f3aa0baa8d:0xe712d7a8bfa1bf30!8m2!3d13.9108915!4d100.4988654!16s%2Fg%2F1pztf42g8!19sChIJjaoLqvOE4jARML-hv6jXEuc?authuser=0&hl=en&rclk=1"
"0x30e281809e731249:0xd5053bca1b149fbc","เมืองเอกเดนทัลโฮม","Dental clinic","
เลขที่ 52/501 ซอย ตำบล หลักหก Lak Hok, Mueang Pathum Thani District, Pathum Thani 12000, Thailand","XH6H+HF Lak Hok, Mueang Pathum Thani District, Pathum Thani, Thailand","","","+66 92 265 6959","https://m.facebook.com/MADHclinic/","","4.7","13","","","Open","","https://www.google.com/maps/place/%E0%B9%80%E0%B8%A1%E0%B8%B7%E0%B8%AD%E0%B8%87%E0%B9%80%E0%B8%AD%E0%B8%81%E0%B9%80%E0%B8%94%E0%B8%99%E0%B8%97%E0%B8%B1%E0%B8%A5%E0%B9%82%E0%B8%AE%E0%B8%A1/data=!4m7!3m6!1s0x30e281809e731249:0xd5053bca1b149fbc!8m2!3d13.9614488!4d100.5786541!16s%2Fg%2F1ydddkm61!19sChIJSRJznoCB4jARvJ8UG8o7BdU?authuser=0&hl=en&rclk=1"
"0x311d5fc08a02e46d:0x89912852fba5bdbe","Bao Bao Dental Clinic (คลินิกทันตกรรมเบาเบา)","Dental clinic","
คลินิกทันตกรรมเบาเบา(ตรงข้ามบิ๊กซีบางพลี 61/23 Thepharak Rd, Tambon Bang Phli Yai, Bang Phli District, Samut Prakan 10540, Thailand","JP25+M9 Bang Phli Yai, Bang Phli District, Samut Prakan, Thailand","","","+66 98 237 3579","http://www.facebook.com/baobaodentalclinic","","5.0","49","","","Open","","https://www.google.com/maps/place/Bao+Bao+Dental+Clinic+%28%E0%B8%84%E0%B8%A5%E0%B8%B4%E0%B8%99%E0%B8%B4%E0%B8%81%E0%B8%97%E0%B8%B1%E0%B8%99%E0%B8%95%E0%B8%81%E0%B8%A3%E0%B8%A3%E0%B8%A1%E0%B9%80%E0%B8%9A%E0%B8%B2%E0%B9%80%E0%B8%9A%E0%B8%B2%29/data=!4m7!3m6!1s0x311d5fc08a02e46d:0x89912852fba5bdbe!8m2!3d13.6017166!4d100.7084202!16s%2Fg%2F11v3ll3n44!19sChIJbeQCisBfHTERvr2l-1IokYk?authuser=0&hl=en&rclk=1"
"0x311d67ccb30a6f9b:0x38c36746567c769a","Ban For Fun Dental Clinic.","Dental clinic","
320 13-14 ถนนร่มเกล้า Khlong Song Ton Nun, Lat Krabang, Bangkok 10520, Thailand","QP7H+75 Bangkok, Thailand","","","+66 2 543 9099","","","4.2","5","","","Open","","https://www.google.com/maps/place/Ban+For+Fun+Dental+Clinic./data=!4m7!3m6!1s0x311d67ccb30a6f9b:0x38c36746567c769a!8m2!3d13.7632375!4d100.7279841!16s%2Fg%2F1pzsn75d6!19sChIJm28Ks8xnHTERmnZ8VkZnwzg?authuser=0&hl=en&rclk=1"
"0x311d7dec449bdda5:0xf6cafbe32d056068","P-Dent Dental Clinic","Dentist","
199, 17-18 Thanon Phoem Sin, Khlong Thanon, Sai Mai, Bangkok 10220, Thailand","WJ2Q+47 Bangkok, Thailand","","","+66 63 382 0169","","","4.3","9","","","","","https://www.google.com/maps/place/P-Dent+Dental+Clinic/data=!4m7!3m6!1s0x311d7dec449bdda5:0xf6cafbe32d056068!8m2!3d13.9003166!4d100.6382176!16s%2Fg%2F11gjwg2cq1!19sChIJpd2bROx9HTERaGAFLeP7yvY?authuser=0&hl=en&rclk=1"
"0x30e2854cd3b16f6d:0x370427e18b1c0ea5","คลินิกทันตกรรมสวนนนท์เดนทัล","Dental clinic","
199, 183 Soi Mu Ban Suan Non Ville, Bang Rak Noi, เมือง Nonthaburi 11000, Thailand","VFJ5+58 Bang Rak Noi, Mueang Nonthaburi District, Nonthaburi, Thailand","","","+66 2 525 7054","","","3.9","11","","","Open","","https://www.google.com/maps/place/%E0%B8%84%E0%B8%A5%E0%B8%B4%E0%B8%99%E0%B8%B4%E0%B8%81%E0%B8%97%E0%B8%B1%E0%B8%99%E0%B8%95%E0%B8%81%E0%B8%A3%E0%B8%A3%E0%B8%A1%E0%B8%AA%E0%B8%A7%E0%B8%99%E0%B8%99%E0%B8%99%E0%B8%97%E0%B9%8C%E0%B9%80%E0%B8%94%E0%B8%99%E0%B8%97%E0%B8%B1%E0%B8%A5/data=!4m7!3m6!1s0x30e2854cd3b16f6d:0x370427e18b1c0ea5!8m2!3d13.8804803!4d100.4583302!16s%2Fg%2F1hc24_t7w!19sChIJbW-x00yF4jARpQ4ci-EnBDc?authuser=0&hl=en&rclk=1"
"0x30e2a5f66cc91af3:0x1e7df30c748439d1","คลินิกทันตแพทย์พรเอก","Dental clinic","
350 ม.10 ในคลองบางปลากด Phra Samut Chedi District, Samut Prakan 10290, Thailand","HGMC+MG Nai Khlong Bang Pla Kot, Phra Samut Chedi District, Samut Prakan, Thailand","","","+66 84 226 2493","","","5.0","8","","","Open","","https://www.google.com/maps/place/%E0%B8%84%E0%B8%A5%E0%B8%B4%E0%B8%99%E0%B8%B4%E0%B8%81%E0%B8%97%E0%B8%B1%E0%B8%99%E0%B8%95%E0%B9%81%E0%B8%9E%E0%B8%97%E0%B8%A2%E0%B9%8C%E0%B8%9E%E0%B8%A3%E0%B9%80%E0%B8%AD%E0%B8%81/data=!4m7!3m6!1s0x30e2a5f66cc91af3:0x1e7df30c748439d1!8m2!3d13.5841271!4d100.5213087!16s%2Fg%2F1hc4wjny1!19sChIJ8xrJbPal4jAR0TmEdAzzfR4?authuser=0&hl=en&rclk=1"
"0x311d630033b74681:0xac482a7a7ac64ee6","คลินิกทันตกรรมเซตสไมล์ Set smile dental clinic สาขา คู้บอนเลียบคลอง 2","Dental clinic","
82 6 หมู่บ้าน ฮาบิเทีย ถนนเลียบคลองสอง Bang Chan, Khlong Sam Wa, Bangkok 10510, Thailand","VM5W+MM Bangkok, Thailand","","","+66 84 392 7168","https://www.facebook.com/share/18EFfwqsKT/","","5.0","21","","","Open","","https://www.google.com/maps/place/%E0%B8%84%E0%B8%A5%E0%B8%B4%E0%B8%99%E0%B8%B4%E0%B8%81%E0%B8%97%E0%B8%B1%E0%B8%99%E0%B8%95%E0%B8%81%E0%B8%A3%E0%B8%A3%E0%B8%A1%E0%B9%80%E0%B8%8B%E0%B8%95%E0%B8%AA%E0%B9%84%E0%B8%A1%E0%B8%A5%E0%B9%8C+Set+smile+dental+clinic+%E0%B8%AA%E0%B8%B2%E0%B8%82%E0%B8%B2+%E0%B8%84%E0%B8%B9%E0%B9%89%E0%B8%9A%E0%B8%AD%E0%B8%99%E0%B9%80%E0%B8%A5%E0%B8%B5%E0%B8%A2%E0%B8%9A%E0%B8%84%E0%B8%A5%E0%B8%AD%E0%B8%87+2/data=!4m7!3m6!1s0x311d630033b74681:0xac482a7a7ac64ee6!8m2!3d13.8592013!4d100.6966472!16s%2Fg%2F11z60gmgk6!19sChIJgUa3MwBjHTER5k7GenoqSKw?authuser=0&hl=en&rclk=1"
"0x311d5f453f0faa39:0x5ddf2e2ed2aef6a1","คลินิกมังกรทันตกรรม สาขา 2","Dental clinic","
195, Mangkon-Khandi, Phraeksa, เมือง, Samut Prakan 10270, Thailand","HMW5+3C Phraek Sa Mai, Mueang Samut Prakan District, Samut Prakan, Thailand","","","+66 61 659 5974","","","4.8","32","","","Open","","https://www.google.com/maps/place/%E0%B8%84%E0%B8%A5%E0%B8%B4%E0%B8%99%E0%B8%B4%E0%B8%81%E0%B8%A1%E0%B8%B1%E0%B8%87%E0%B8%81%E0%B8%A3%E0%B8%97%E0%B8%B1%E0%B8%99%E0%B8%95%E0%B8%81%E0%B8%A3%E0%B8%A3%E0%B8%A1+%E0%B8%AA%E0%B8%B2%E0%B8%82%E0%B8%B2+2/data=!4m7!3m6!1s0x311d5f453f0faa39:0x5ddf2e2ed2aef6a1!8m2!3d13.5951358!4d100.6586017!16s%2Fg%2F11vwkll6tf!19sChIJOaoPP0VfHTERofau0i4u310?authuser=0&hl=en&rclk=1"
"0x30e2937093c1b20b:0x504d5d5a2f03b254","Ora Smile Dental Clinic","Dental clinic","
139/20-21 หมู่ 1 ถ.ศาลายา-นครชัยศรี Salaya, Phutthamonthon District, Nakhon Pathom 73170, Thailand","R73W+5W Salaya, Phutthamonthon District, Nakhon Pathom, Thailand","","","+66 85 599 6151","","","4.7","15","","","Open","","https://www.google.com/maps/place/Ora+Smile+Dental+Clinic/data=!4m7!3m6!1s0x30e2937093c1b20b:0x504d5d5a2f03b254!8m2!3d13.8028909!4d100.2972674!16s%2Fg%2F11c5sjsw4q!19sChIJC7LBk3CT4jARVLIDL1pdTVA?authuser=0&hl=en&rclk=1"
"0x311d63544c827dd3:0xd8aad998724d2aaf","Fresh Smile เฟรชสไมล์ คลินิกทันตกรรม สาขาซาฟารีเวิลด์","Dental clinic","
218/2 Liap Khlong Song Rd, Bang Chan, Khlong Sam Wa, Bangkok 10510, Thailand","VP64+3P Bangkok, Thailand","","","+66 84 149 4555","","","4.7","117","","","Open","","https://www.google.com/maps/place/Fresh+Smile+%E0%B9%80%E0%B8%9F%E0%B8%A3%E0%B8%8A%E0%B8%AA%E0%B9%84%E0%B8%A1%E0%B8%A5%E0%B9%8C+%E0%B8%84%E0%B8%A5%E0%B8%B4%E0%B8%99%E0%B8%B4%E0%B8%81%E0%B8%97%E0%B8%B1%E0%B8%99%E0%B8%95%E0%B8%81%E0%B8%A3%E0%B8%A3%E0%B8%A1+%E0%B8%AA%E0%B8%B2%E0%B8%82%E0%B8%B2%E0%B8%8B%E0%B8%B2%E0%B8%9F%E0%B8%B2%E0%B8%A3%E0%B8%B5%E0%B9%80%E0%B8%A7%E0%B8%B4%E0%B8%A5%E0%B8%94%E0%B9%8C/data=!4m7!3m6!1s0x311d63544c827dd3:0xd8aad998724d2aaf!8m2!3d13.8601531!4d100.7067866!16s%2Fg%2F12lkc41k5!19sChIJ032CTFRjHTERrypNcpjZqtg?authuser=0&hl=en&rclk=1"
"0x30e28257e7f469fd:0x177f63fad6cba163","Smile Theory Dental Clinic","Dental clinic","
256 chang akat uthit, Donmueang, Bangkok 10210, Thailand","WH8P+3C Bangkok, Thailand","","","+66 81 555 3566","http://www.facebook.com/smiletheory","","4.9","114","","","Open","","https://www.google.com/maps/place/Smile+Theory+Dental+Clinic/data=!4m7!3m6!1s0x30e28257e7f469fd:0x177f63fad6cba163!8m2!3d13.9152042!4d100.5860358!16s%2Fg%2F11b_22nzjt!19sChIJ_Wn051eC4jARY6HL1vpjfxc?authuser=0&hl=en&rclk=1"
"0x311d5f61c3746f5b:0x1332a8c9b76263a8","คลินิกศูนย์ทันตกรรมบ้านฟันดี","Dental clinic","
ตั้งอยู่เลขที่ 2107/17หมู่7ถ.เทพารักษ์ เทพารักษ์ เมือง Samut Prakan 10270, Thailand","JJGJ+47 Thepharak, Mueang Samut Prakan District, Samut Prakan, Thailand","13.6253425","100.6307239","+66 2 759 6645","","","3.9","17","","","Open","","https://www.google.com/maps/place/%E0%B8%84%E0%B8%A5%E0%B8%B4%E0%B8%99%E0%B8%B4%E0%B8%81%E0%B8%A8%E0%B8%B9%E0%B8%99%E0%B8%A2%E0%B9%8C%E0%B8%97%E0%B8%B1%E0%B8%99%E0%B8%95%E0%B8%81%E0%B8%A3%E0%B8%A3%E0%B8%A1%E0%B8%9A%E0%B9%89%E0%B8%B2%E0%B8%99%E0%B8%9F%E0%B8%B1%E0%B8%99%E0%B8%94%E0%B8%B5/@13.6253425,100.6307239,17z/data=!3m1!4b1!4m6!3m5!1s0x311d5f61c3746f5b:0x1332a8c9b76263a8!8m2!3d13.6253425!4d100.6307239!16s%2Fg%2F1hc22xcdb?authuser=0&hl=en&entry=ttu&g_ep=EgoyMDI2MDYyNC4wIKXMDSoASAFQAw%3D%3D"
"0x311d5ebc2a683695:0xd9ab0d0262b94acb","คลินิกทันตกรรม เก็ท สไมล์","Dental clinic","
188, 75-76 Namdang-Bangplee Rd, Bang Phli Yai, Bang Phli District, Samut Prakan 10540, Thailand","JM6V+45 Bang Phli Yai, Bang Phli District, Samut Prakan, Thailand","","","+66 91 885 0698","","","4.8","60","","","Open","","https://www.google.com/maps/place/%E0%B8%84%E0%B8%A5%E0%B8%B4%E0%B8%99%E0%B8%B4%E0%B8%81%E0%B8%97%E0%B8%B1%E0%B8%99%E0%B8%95%E0%B8%81%E0%B8%A3%E0%B8%A3%E0%B8%A1+%E0%B9%80%E0%B8%81%E0%B9%87%E0%B8%97+%E0%B8%AA%E0%B9%84%E0%B8%A1%E0%B8%A5%E0%B9%8C/data=!4m7!3m6!1s0x311d5ebc2a683695:0xd9ab0d0262b94acb!8m2!3d13.6103093!4d100.6929051!16s%2Fg%2F11b7l19rk8!19sChIJlTZoKrxeHTERy0q5YgINq9k?authuser=0&hl=en&rclk=1"
"0x30e29179bff897b3:0x56b6a3cdf1f1b550","เเล๊บทำฟันปลอมสาย3","Denture care center","
11 ซอย Thanon Sala Thammasop, Sala Thammasop, Thawi Watthana, Bangkok 10170, Thailand","Q9X6+V2 Bangkok, Thailand","","","+66 86 783 3459","","","4.8","6","","","Open","","https://www.google.com/maps/place/%E0%B9%80%E0%B9%80%E0%B8%A5%E0%B9%8A%E0%B8%9A%E0%B8%97%E0%B8%B3%E0%B8%9F%E0%B8%B1%E0%B8%99%E0%B8%9B%E0%B8%A5%E0%B8%AD%E0%B8%A1%E0%B8%AA%E0%B8%B2%E0%B8%A23/data=!4m7!3m6!1s0x30e29179bff897b3:0x56b6a3cdf1f1b550!8m2!3d13.7996597!4d100.3600949!16s%2Fg%2F11n705hhql!19sChIJs5f4v3mR4jARULXx8c2jtlY?authuser=0&hl=en&rclk=1"
"0x311d7f2fbc00ec8d:0xc707a77a22c9cc16","ismile dental clinic คลินิกทันตกรรมไอสมาย","Dental clinic","
14, 8 หมู่5 Lam Luk Ka Rd, Khu Khot, Lam Luk Ka District, Pathum Thani 12130, Thailand","WJXR+5W Khu Khot, Lam Luk Ka District, Pathum Thani, Thailand","","","+66 2 531 2687","","","4.3","37","","","Open","","https://www.google.com/maps/place/ismile+dental+clinic+%E0%B8%84%E0%B8%A5%E0%B8%B4%E0%B8%99%E0%B8%B4%E0%B8%81%E0%B8%97%E0%B8%B1%E0%B8%99%E0%B8%95%E0%B8%81%E0%B8%A3%E0%B8%A3%E0%B8%A1%E0%B9%84%E0%B8%AD%E0%B8%AA%E0%B8%A1%E0%B8%B2%E0%B8%A2/data=!4m7!3m6!1s0x311d7f2fbc00ec8d:0xc707a77a22c9cc16!8m2!3d13.9479128!4d100.6423265!16s%2Fg%2F11b6gddy8c!19sChIJjewAvC9_HTERFszJInqnB8c?authuser=0&hl=en&rclk=1"
"0x311d7ddcce73fa07:0xf5271aa9e21337b3","เด็นเต้ สเตชั่น สถานีฟัน แยก คปอ.(สาขา1)","Dental clinic","
119 18-19 Phahonyothin Rd, Sanam Bin, Don Mueang, Bangkok 10210, Thailand","WJFF+VW Bangkok, Thailand","","","+66 81 495 3614","","","4.9","74","","","Open","","https://www.google.com/maps/place/%E0%B9%80%E0%B8%94%E0%B9%87%E0%B8%99%E0%B9%80%E0%B8%95%E0%B9%89+%E0%B8%AA%E0%B9%80%E0%B8%95%E0%B8%8A%E0%B8%B1%E0%B9%88%E0%B8%99+%E0%B8%AA%E0%B8%96%E0%B8%B2%E0%B8%99%E0%B8%B5%E0%B8%9F%E0%B8%B1%E0%B8%99+%E0%B9%81%E0%B8%A2%E0%B8%81+%E0%B8%84%E0%B8%9B%E0%B8%AD.%28%E0%B8%AA%E0%B8%B2%E0%B8%82%E0%B8%B21%29/data=!4m7!3m6!1s0x311d7ddcce73fa07:0xf5271aa9e21337b3!8m2!3d13.9246636!4d100.6248455!16s%2Fg%2F11sv7bwffw!19sChIJB_pzztx9HTERszcT4qkaJ_U?authuser=0&hl=en&rclk=1"
"0x311d676851836809:0x8cd588611ee23be3","คลินิกทันตกรรมครอบครัวฟันดีร่มเกล้า","Dental clinic","
ซอย เคหะร่มเกล้า Khlong Song Ton Nun, Lat Krabang, Bangkok 10520, Thailand","QP7G+HC Bangkok, Thailand","","","+66 2 327 5274","","","4.3","14","","","Open","","https://www.google.com/maps/place/%E0%B8%84%E0%B8%A5%E0%B8%B4%E0%B8%99%E0%B8%B4%E0%B8%81%E0%B8%97%E0%B8%B1%E0%B8%99%E0%B8%95%E0%B8%81%E0%B8%A3%E0%B8%A3%E0%B8%A1%E0%B8%84%E0%B8%A3%E0%B8%AD%E0%B8%9A%E0%B8%84%E0%B8%A3%E0%B8%B1%E0%B8%A7%E0%B8%9F%E0%B8%B1%E0%B8%99%E0%B8%94%E0%B8%B5%E0%B8%A3%E0%B9%88%E0%B8%A1%E0%B9%80%E0%B8%81%E0%B8%A5%E0%B9%89%E0%B8%B2/data=!4m7!3m6!1s0x311d676851836809:0x8cd588611ee23be3!8m2!3d13.7639669!4d100.7260743!16s%2Fg%2F11ffv32snw!19sChIJCWiDUWhnHTER4zviHmGI1Yw?authuser=0&hl=en&rclk=1"
"0x311d59a50f94dab9:0xe1177500217ab722","คลินิกทันตกรรมดราก้อนสไมล์","Dental clinic","
152/1 หมู่ 5 ซ.มังกร-นาคดี, หน้าตลาดแสงทอง, Phraeksa, เมือง, Samut Prakan 10280, Thailand","HMM4+8P Phraeksa, Mueang Samut Prakan District, Samut Prakan, Thailand","","","+66 97 002 9151","","","4.5","45","","","Open","","https://www.google.com/maps/place/%E0%B8%84%E0%B8%A5%E0%B8%B4%E0%B8%99%E0%B8%B4%E0%B8%81%E0%B8%97%E0%B8%B1%E0%B8%99%E0%B8%95%E0%B8%81%E0%B8%A3%E0%B8%A3%E0%B8%A1%E0%B8%94%E0%B8%A3%E0%B8%B2%E0%B8%81%E0%B9%89%E0%B8%AD%E0%B8%99%E0%B8%AA%E0%B9%84%E0%B8%A1%E0%B8%A5%E0%B9%8C/data=!4m7!3m6!1s0x311d59a50f94dab9:0xe1177500217ab722!8m2!3d13.5833463!4d100.6567687!16s%2Fg%2F11gygz4x8x!19sChIJudqUD6VZHTERIrd6IQB1F-E?authuser=0&hl=en&rclk=1"
"0x2929c30dfea0e91b:0xfb224ad21bc9912e","First Wellness Clinic","Medical office","
299/57 Thung Song Hong, Lak Si, Bangkok 10210, Thailand","VHV5+F6 Bangkok, Thailand","","","+66 82 065 1651","","","5.0","15","","","Temporarily closed","","https://www.google.com/maps/place/First+Wellness+Clinic/data=!4m7!3m6!1s0x2929c30dfea0e91b:0xfb224ad21bc9912e!8m2!3d13.8936588!4d100.5580422!16s%2Fg%2F11vdcwk28j!19sChIJG-mg_g3DKSkRLpHJG9JKIvs?authuser=0&hl=en&rclk=1"
"0x311d6725c4ec51b3:0x7a9f47b4f409e308","คุณหมอฟัน Dental House","Dental clinic","
อาคารนลินซิตี้ 78/12 10 Thanon Kheha Rom Klao, Khlong Song Ton Nun, Lat Krabang, Bangkok 10520, Thailand","QP8F+6C Bangkok, Thailand","","","+66 97 925 4888","","","5.0","18","","","Open","","https://www.google.com/maps/place/%E0%B8%84%E0%B8%B8%E0%B8%93%E0%B8%AB%E0%B8%A1%E0%B8%AD%E0%B8%9F%E0%B8%B1%E0%B8%99+Dental+House/data=!4m7!3m6!1s0x311d6725c4ec51b3:0x7a9f47b4f409e308!8m2!3d13.7655431!4d100.7235632!16s%2Fg%2F11vd9qzkmf!19sChIJs1HsxCVnHTERCOMJ9LRHn3o?authuser=0&hl=en&rclk=1"
"0x30e2b867aaf4ed67:0x7dfadc1daeea417c","Better tooth dental clinic คลินิกทันตกรรม ทำฟัน จัดฟัน สาขามหาชัย","Dental clinic","
อาคาร 1300/386, 387 ถนนนรราชอุทิศ, Mahachai, อำเภอเมือง, Samut Sakhon 74000, Thailand","H73H+FW Samut Sakhon, Mueang Samut Sakhon District, Samut Sakhon, Thailand","","","+66 93 498 9414","http://www.facebook.com/bettertoothdc","","5.0","2052","","","Open","","https://www.google.com/maps/place/Better+tooth+dental+clinic+%E0%B8%84%E0%B8%A5%E0%B8%B4%E0%B8%99%E0%B8%B4%E0%B8%81%E0%B8%97%E0%B8%B1%E0%B8%99%E0%B8%95%E0%B8%81%E0%B8%A3%E0%B8%A3%E0%B8%A1+%E0%B8%97%E0%B8%B3%E0%B8%9F%E0%B8%B1%E0%B8%99+%E0%B8%88%E0%B8%B1%E0%B8%94%E0%B8%9F%E0%B8%B1%E0%B8%99+%E0%B8%AA%E0%B8%B2%E0%B8%82%E0%B8%B2%E0%B8%A1%E0%B8%AB%E0%B8%B2%E0%B8%8A%E0%B8%B1%E0%B8%A2/data=!4m7!3m6!1s0x30e2b867aaf4ed67:0x7dfadc1daeea417c!8m2!3d13.5537089!4d100.2798231!16s%2Fg%2F11fsw6zfq4!19sChIJZ-30qme44jARfEHqrh3c-n0?authuser=0&hl=en&rclk=1"
"0x30e2824cdef05df1:0x594f4ddc3b6b374b",":D Dentist Dental Clinic","Dentist","
377 Thanon Song Prapha, Don Mueang, Bangkok 10210, Thailand","WHGR+83 Bangkok, Thailand","","","+66 99 738 9765","","","4.4","13","","","Open","","https://www.google.com/maps/place/:D+Dentist+Dental+Clinic/data=!4m7!3m6!1s0x30e2824cdef05df1:0x594f4ddc3b6b374b!8m2!3d13.9258501!4d100.5901891!16s%2Fg%2F11fy9wh26l!19sChIJ8V3w3kyC4jARSzdrO9xNT1k?authuser=0&hl=en&rclk=1"
"0x311d6488097c2f85:0x835c3802654dd41c","คลีนิคทันตกรรม หทัยราษฎร์","Dental clinic","
6/52 ซอย หทัยราษฎร์ 1 Thanon Hathai Rat, Min Buri, Bangkok 10510, Thailand","RP9C+GF Bangkok, Thailand","","","+66 2 906 4446","","","4.6","11","","","Open","","https://www.google.com/maps/place/%E0%B8%84%E0%B8%A5%E0%B8%B5%E0%B8%99%E0%B8%B4%E0%B8%84%E0%B8%97%E0%B8%B1%E0%B8%99%E0%B8%95%E0%B8%81%E0%B8%A3%E0%B8%A3%E0%B8%A1+%E0%B8%AB%E0%B8%97%E0%B8%B1%E0%B8%A2%E0%B8%A3%E0%B8%B2%E0%B8%A9%E0%B8%8E%E0%B8%A3%E0%B9%8C/data=!4m7!3m6!1s0x311d6488097c2f85:0x835c3802654dd41c!8m2!3d13.8188259!4d100.7211347!16s%2Fg%2F1hm6kp0fc!19sChIJhS98CYhkHTERHNRNZQI4XIM?authuser=0&hl=en&rclk=1"
"0x30e28348aa78026f:0x1a7b44f4684b932d","สไมล์เมท สาขาโรบินสันศรีสมาน","Dental clinic","
หมู่ 1 ชั้น2 ห้างโรบินสันศรีสมาน เลขที่99 Prachachuen-Parkkred Rd, Ban Mai, Pak Kret District, Nonthaburi 11120, Thailand","WHQ3+X9 Pakkret, Pak Kret District, Nonthaburi, Thailand","","","+66 96 817 5766","https://www.facebook.com/SmileMateDentalClinic/","","4.6","54","","","Open","","https://www.google.com/maps/place/%E0%B8%AA%E0%B9%84%E0%B8%A1%E0%B8%A5%E0%B9%8C%E0%B9%80%E0%B8%A1%E0%B8%97+%E0%B8%AA%E0%B8%B2%E0%B8%82%E0%B8%B2%E0%B9%82%E0%B8%A3%E0%B8%9A%E0%B8%B4%E0%B8%99%E0%B8%AA%E0%B8%B1%E0%B8%99%E0%B8%A8%E0%B8%A3%E0%B8%B5%E0%B8%AA%E0%B8%A1%E0%B8%B2%E0%B8%99/data=!4m7!3m6!1s0x30e28348aa78026f:0x1a7b44f4684b932d!8m2!3d13.9399471!4d100.5534451!16s%2Fg%2F11fktmjzqr!19sChIJbwJ4qkiD4jARLZNLaPREexo?authuser=0&hl=en&rclk=1"
"0x311d675ae8e88b9f:0x911a99792c73c42f","คลินิกทันตกรรม สไมล์ แอท ร่มเกล้า","Dental clinic","
78 32-33 Thanon Kheha Rom Klao, Khwaeng Khlong Song Ton Nun, Khet Lat Krabang, Bangkok 10520, Thailand","QP8F+C5 Bangkok, Thailand","","","+66 2 329 9897","https://www.facebook.com/profile.php?id=100094049180966&mibextid=ZbWKwL","","3.9","11","","","Open","","https://www.google.com/maps/place/%E0%B8%84%E0%B8%A5%E0%B8%B4%E0%B8%99%E0%B8%B4%E0%B8%81%E0%B8%97%E0%B8%B1%E0%B8%99%E0%B8%95%E0%B8%81%E0%B8%A3%E0%B8%A3%E0%B8%A1+%E0%B8%AA%E0%B9%84%E0%B8%A1%E0%B8%A5%E0%B9%8C+%E0%B9%81%E0%B8%AD%E0%B8%97+%E0%B8%A3%E0%B9%88%E0%B8%A1%E0%B9%80%E0%B8%81%E0%B8%A5%E0%B9%89%E0%B8%B2/data=!4m7!3m6!1s0x311d675ae8e88b9f:0x911a99792c73c42f!8m2!3d13.7660518!4d100.7229251!16s%2Fg%2F11kq575jf7!19sChIJn4vo6FpnHTERL8RzLHmZGpE?authuser=0&hl=en&rclk=1"
"0x30e283f8c6c6c6d1:0xa876aaa512390c73","Itooth Dental Clinic รังสิต","Dental clinic","
355 42-43 หมู่ 15 Vibhavadi Rangsit Rd, Khu Khot, Lam Luk Ka District, Pathum Thani 12130, Thailand","XJ79+2V Khu Khot, Lam Luk Ka District, Pathum Thani, Thailand","","","+66 99 424 4166","","","4.8","85","","","Open","","https://www.google.com/maps/place/Itooth+Dental+Clinic+%E0%B8%A3%E0%B8%B1%E0%B8%87%E0%B8%AA%E0%B8%B4%E0%B8%95/data=!4m7!3m6!1s0x30e283f8c6c6c6d1:0xa876aaa512390c73!8m2!3d13.9625047!4d100.6197255!16s%2Fg%2F11sqx5ghvy!19sChIJ0cbGxviD4jARcww5EqWqdqg?authuser=0&hl=en&rclk=1"
"0x311d6122a026956f:0x8d2a1bbbb5baf6d0","ปิติพล คลินิกทันตกรรม","Dental clinic","
22 เฉลิมพระเกียรติ ร.9 Dok Mai, Prawet, Bangkok 10250, Thailand","MMQG+MF Bangkok, Thailand","","","+66 82 543 0441","https://www.facebook.com/pitipondentalclinic/","","5.0","5","","","Open","","https://www.google.com/maps/place/%E0%B8%9B%E0%B8%B4%E0%B8%95%E0%B8%B4%E0%B8%9E%E0%B8%A5+%E0%B8%84%E0%B8%A5%E0%B8%B4%E0%B8%99%E0%B8%B4%E0%B8%81%E0%B8%97%E0%B8%B1%E0%B8%99%E0%B8%95%E0%B8%81%E0%B8%A3%E0%B8%A3%E0%B8%A1/data=!4m7!3m6!1s0x311d6122a026956f:0x8d2a1bbbb5baf6d0!8m2!3d13.6892324!4d100.676219!16s%2Fg%2F11h3ns880g!19sChIJb5UmoCJhHTER0Pa6tbsbKo0?authuser=0&hl=en&rclk=1"
"0x311d5f57288489d3:0x68a85d39e2cc1cd4","Smile Up Dental Clinic สาขาบางพลี","Dentist","
73 21 หมู่ 4 Thepharak Rd, Bang Phli Yai, Bang Phli District, Samut Prakan 10540, Thailand","JM4R+GM Bang Phli Yai, Bang Phli District, Samut Prakan, Thailand","","","+66 98 899 0555","http://www.smileupclinic.com/","","5.0","18","","","Open","","https://www.google.com/maps/place/Smile+Up+Dental+Clinic+%E0%B8%AA%E0%B8%B2%E0%B8%82%E0%B8%B2%E0%B8%9A%E0%B8%B2%E0%B8%87%E0%B8%9E%E0%B8%A5%E0%B8%B5/data=!4m7!3m6!1s0x311d5f57288489d3:0x68a85d39e2cc1cd4!8m2!3d13.6063474!4d100.691737!16s%2Fg%2F11sf7l5gm2!19sChIJ04mEKFdfHTER1BzM4jldqGg?authuser=0&hl=en&rclk=1"
"0x30e295002f7f78cf:0x5dc93f2b8b795d10","คลินิกทันตกรรม ดี.ดี.เดนทัล สาขาอ้อมน้อยด่านชั่ง : D.D. dental clinic Omnoi","Dental clinic","
ต 74/137-138 Krathum Baen District, Samut Sakhon, Thailand","P838+V3 Om Noi, Krathum Baen District, Samut Sakhon, Thailand","","","+66 98 454 2298","","","5.0","6","","","Open","","https://www.google.com/maps/place/%E0%B8%84%E0%B8%A5%E0%B8%B4%E0%B8%99%E0%B8%B4%E0%B8%81%E0%B8%97%E0%B8%B1%E0%B8%99%E0%B8%95%E0%B8%81%E0%B8%A3%E0%B8%A3%E0%B8%A1+%E0%B8%94%E0%B8%B5.%E0%B8%94%E0%B8%B5.%E0%B9%80%E0%B8%94%E0%B8%99%E0%B8%97%E0%B8%B1%E0%B8%A5+%E0%B8%AA%E0%B8%B2%E0%B8%82%E0%B8%B2%E0%B8%AD%E0%B9%89%E0%B8%AD%E0%B8%A1%E0%B8%99%E0%B9%89%E0%B8%AD%E0%B8%A2%E0%B8%94%E0%B9%88%E0%B8%B2%E0%B8%99%E0%B8%8A%E0%B8%B1%E0%B9%88%E0%B8%87+:+D.D.+dental+clinic+Omnoi/data=!4m7!3m6!1s0x30e295002f7f78cf:0x5dc93f2b8b795d10!8m2!3d13.7046374!4d100.3151536!16s%2Fg%2F11m5hjt8fn!19sChIJz3h_LwCV4jAREF15iys_yV0?authuser=0&hl=en&rclk=1"
"0x311d7f011d0153af:0xd9bfecf3027a3310","Dental arch clinic คลินิกทันตกรรมเดนทัลอาร์ค","Dental clinic","
2, 137 ถนน รังสิต-นครนายก 34/1 Tambon Prachathipat, Thanyaburi District, Pathum Thani 12130, Thailand","XJJQ+J4 Rangsit, Prachathipat, Thanyaburi District, Pathum Thani, Thailand","","","+66 97 449 4247","","","5.0","14","","","Open","","https://www.google.com/maps/place/Dental+arch+clinic+%E0%B8%84%E0%B8%A5%E0%B8%B4%E0%B8%99%E0%B8%B4%E0%B8%81%E0%B8%97%E0%B8%B1%E0%B8%99%E0%B8%95%E0%B8%81%E0%B8%A3%E0%B8%A3%E0%B8%A1%E0%B9%80%E0%B8%94%E0%B8%99%E0%B8%97%E0%B8%B1%E0%B8%A5%E0%B8%AD%E0%B8%B2%E0%B8%A3%E0%B9%8C%E0%B8%84/data=!4m7!3m6!1s0x311d7f011d0153af:0xd9bfecf3027a3310!8m2!3d13.9815245!4d100.6377914!16s%2Fg%2F11tjmrtjvh!19sChIJr1MBHQF_HTEREDN6AvPsv9k?authuser=0&hl=en&rclk=1"
"0x311d7d49ce36cf93:0x65e0b216803b7fc5","คลินิกทันตกรรมแฮฟฟัน","Dental clinic","
6, 60-61 ถ.ลำลูกกา, Khu Khot, Lam Luk Ka District, Pathum Thani 12130, Thailand","WMP6+73 Khu Khot, Lam Luk Ka District, Pathum Thani, Thailand","","","+66 95 539 1148","","","4.8","24","","","Open","","https://www.google.com/maps/place/%E0%B8%84%E0%B8%A5%E0%B8%B4%E0%B8%99%E0%B8%B4%E0%B8%81%E0%B8%97%E0%B8%B1%E0%B8%99%E0%B8%95%E0%B8%81%E0%B8%A3%E0%B8%A3%E0%B8%A1%E0%B9%81%E0%B8%AE%E0%B8%9F%E0%B8%9F%E0%B8%B1%E0%B8%99/data=!4m7!3m6!1s0x311d7d49ce36cf93:0x65e0b216803b7fc5!8m2!3d13.9356325!4d100.660215!16s%2Fg%2F11gvrxngkt!19sChIJk882zkl9HTERxX87gBay4GU?authuser=0&hl=en&rclk=1"
"0x30e29f2db941e02f:0x3ad874041f9c4c5c","โอ","Health counselor","
2041/1 Sukhumvit 77/1 Alley, Phra Khanong Nuea, Watthana, Bangkok 10110, Thailand","PJ52+69 Bangkok, Thailand","13.7080539","100.6009273","","","","4.6","10","","","Temporarily closed","","https://www.google.com/maps/place/%E0%B9%82%E0%B8%AD/@13.7080539,100.6009273,17z/data=!3m1!4b1!4m6!3m5!1s0x30e29f2db941e02f:0x3ad874041f9c4c5c!8m2!3d13.7080539!4d100.6009273!16s%2Fg%2F11qvcd9gdz?authuser=0&hl=en&entry=ttu&g_ep=EgoyMDI2MDYyMy4wIKXMDSoASAFQAw%3D%3D"
"0x311d60a805ab2af9:0xabf612be9dee2d51","Clinic Ram 2","Medical clinic","
158 Bang Na-Trat Alley, Dok Mai, Prawet, Bangkok 10250, Thailand","MM9M+28 Bangkok, Thailand","","","+66 2 751 8672","","","3.9","7","","","Open","","https://www.google.com/maps/place/Clinic+Ram+2/data=!4m7!3m6!1s0x311d60a805ab2af9:0xabf612be9dee2d51!8m2!3d13.667548!4d100.683276!16s%2Fg%2F1hc27xx2f!19sChIJ-SqrBahgHTERUS3unb4S9qs?authuser=0&hl=en&rclk=1"
"0x311d7da189e79a6d:0xe66c6df9bae2612a","Dental Clinic 33 Ban Rak Fun","Dental clinic","
WMCM+8CV, Khwaeng Sai Mai, Sai Mai, Bangkok 10220, Thailand","","","","+66 2 992 8343","","","4.3","6","","","","","https://www.google.com/maps/place/Dental+Clinic+33+Ban+Rak+Fun/data=!4m7!3m6!1s0x311d7da189e79a6d:0xe66c6df9bae2612a!8m2!3d13.9208512!4d100.6835372!16s%2Fg%2F1hc3d2f2j!19sChIJbZrniaF9HTERKmHiuvltbOY?authuser=0&hl=en&rclk=1"
"0x30e2bc4ea4ea50cd:0xc4a5fcd6549d1e06","Public Health Center 65","Local medical services","
เลขที่ 3 Ekkachai 121 Alley, Bang Bon Tai, Bang Bon, Bangkok 10150, Thailand","J9VH+27 Bangkok, Thailand","","","+66 2 453 0526","https://webportal.bangkok.go.th/healthcenter65","","3.9","49","","","Open","","https://www.google.com/maps/place/Public+Health+Center+65/data=!4m7!3m6!1s0x30e2bc4ea4ea50cd:0xc4a5fcd6549d1e06!8m2!3d13.6425922!4d100.3782363!16s%2Fg%2F1hd_2d32b!19sChIJzVDqpE684jARBh6dVNb8pcQ?authuser=0&hl=en&rclk=1"
"0x30e2950079824883:0x260a8d3b5e99e214","หรรษาคลินิกทันตกรรม","Dental clinic","
79/38 Phet Kasem Rd, Khwaeng Nong Khang Phlu, Tambon Om Noi, Bangkok 10160, Thailand","P83P+H2 Bangkok, Thailand","","","+66 62 171 9782","","","5.0","10","","","Open","","https://www.google.com/maps/place/%E0%B8%AB%E0%B8%A3%E0%B8%A3%E0%B8%A9%E0%B8%B2%E0%B8%84%E0%B8%A5%E0%B8%B4%E0%B8%99%E0%B8%B4%E0%B8%81%E0%B8%97%E0%B8%B1%E0%B8%99%E0%B8%95%E0%B8%81%E0%B8%A3%E0%B8%A3%E0%B8%A1/data=!4m7!3m6!1s0x30e2950079824883:0x260a8d3b5e99e214!8m2!3d13.7039643!4d100.3350316!16s%2Fg%2F11yjmb5q0y!19sChIJg0iCeQCV4jARFOKZXjuNCiY?authuser=0&hl=en&rclk=1"
"0x30e295caf602b759:0x94653e6aeb75f2f9","อาโดนายคลินิกทันตกรรม","Dental clinic","
156 19 หมู่ 7 Phutthamonthon Sai 4 Rd, Krathum Lom, Sam Phran District, Nakhon Pathom 73220, Thailand","P8RH+4J Krathum Lom, Sam Phran District, Nakhon Pathom, Thailand","","","+66 2 429 2724","https://www.facebook.com/adonaidentalclinic/","","3.8","6","","","Open","","https://www.google.com/maps/place/%E0%B8%AD%E0%B8%B2%E0%B9%82%E0%B8%94%E0%B8%99%E0%B8%B2%E0%B8%A2%E0%B8%84%E0%B8%A5%E0%B8%B4%E0%B8%99%E0%B8%B4%E0%B8%81%E0%B8%97%E0%B8%B1%E0%B8%99%E0%B8%95%E0%B8%81%E0%B8%A3%E0%B8%A3%E0%B8%A1/data=!4m7!3m6!1s0x30e295caf602b759:0x94653e6aeb75f2f9!8m2!3d13.7403548!4d100.3290735!16s%2Fg%2F11b6d5jdh6!19sChIJWbcC9sqV4jAR-fJ162o-ZZQ?authuser=0&hl=en&rclk=1"
"0x311d59c940abf6a5:0xcac80c90bdc677e8","identcity Dental Clinic คลินิกทันตกรรมไอเดนท์ซิตี้","Dental clinic","
998/5 Thanon Phraeksa, Phraeksa, Mueang Samut Prakan District, Samut Prakan 10280","HM8C+M6 Phraeksa, Mueang Samut Prakan District, Samut Prakan","","","061 850 0088","https://m.facebook.com/IdentcityDentalClinic/","","4.6","33","","","Open","","https://www.google.com/maps/place/identcity+Dental+Clinic+%E0%B8%84%E0%B8%A5%E0%B8%B4%E0%B8%99%E0%B8%B4%E0%B8%81%E0%B8%97%E0%B8%B1%E0%B8%99%E0%B8%95%E0%B8%81%E0%B8%A3%E0%B8%A3%E0%B8%A1%E0%B9%84%E0%B8%AD%E0%B9%80%E0%B8%94%E0%B8%99%E0%B8%97%E0%B9%8C%E0%B8%8B%E0%B8%B4%E0%B8%95%E0%B8%B5%E0%B9%89/data=!4m7!3m6!1s0x311d59c940abf6a5:0xcac80c90bdc677e8!8m2!3d13.5666724!4d100.6705268!16s%2Fg%2F11h803_p9d!19sChIJpfarQMlZHTER6HfGvZAMyMo?authuser=0&hl=en&rclk=1"
"0x30e2be0477008d23:0x5a7d3d5b68d57ca0","คลินิก ชาติชายทันตแพทย์","Dental clinic","
21/10 Workplace เพชรเกษม 81 ซอย เพชรเกษม 81 Nong Khaem, Bangkok 10160, Thailand","M8RR+CW Bangkok, Thailand","","","+66 2 420 9272","","","4.9","8","","","Open","","https://www.google.com/maps/place/%E0%B8%84%E0%B8%A5%E0%B8%B4%E0%B8%99%E0%B8%B4%E0%B8%81+%E0%B8%8A%E0%B8%B2%E0%B8%95%E0%B8%B4%E0%B8%8A%E0%B8%B2%E0%B8%A2%E0%B8%97%E0%B8%B1%E0%B8%99%E0%B8%95%E0%B9%81%E0%B8%9E%E0%B8%97%E0%B8%A2%E0%B9%8C/data=!4m7!3m6!1s0x30e2be0477008d23:0x5a7d3d5b68d57ca0!8m2!3d13.6910506!4d100.3423074!16s%2Fg%2F1pzrwlrng!19sChIJI40AdwS-4jARoHzVaFs9fVo?authuser=0&hl=en&rclk=1"
"0x30e2bf78a0feb7db:0x1e1c7ba51a1feaa1","คลินิกทันตกรรมเดนทัลดี กระทุ่มแบน","Dental clinic","
ทางหลวงแผ่นดินหมายเลข. 3190 Tha Mai, Krathum Baen District, Samut Sakhon 74110, Thailand","M738+MP Tha Mai, Krathum Baen District, Samut Sakhon, Thailand","","","+66 80 450 0280","https://www.facebook.com/dentalddentalclinic/","","5.0","1293","","","Open","","https://www.google.com/maps/place/%E0%B8%84%E0%B8%A5%E0%B8%B4%E0%B8%99%E0%B8%B4%E0%B8%81%E0%B8%97%E0%B8%B1%E0%B8%99%E0%B8%95%E0%B8%81%E0%B8%A3%E0%B8%A3%E0%B8%A1%E0%B9%80%E0%B8%94%E0%B8%99%E0%B8%97%E0%B8%B1%E0%B8%A5%E0%B8%94%E0%B8%B5+%E0%B8%81%E0%B8%A3%E0%B8%B0%E0%B8%97%E0%B8%B8%E0%B9%88%E0%B8%A1%E0%B9%81%E0%B8%9A%E0%B8%99/data=!4m7!3m6!1s0x30e2bf78a0feb7db:0x1e1c7ba51a1feaa1!8m2!3d13.6541727!4d100.2668313!16s%2Fg%2F11bwyq6gd8!19sChIJ27f-oHi_4jARoeofGqV7HB4?authuser=0&hl=en&rclk=1"
"0x30e28112bb77f09d:0x65b6d45d05477bce","Aimer Dental Clinic เอย์เมย์ คลินิกทันตกรรม","Dental clinic","
1 5 Tiwanon Rd, บ้านกลาง Mueang Pathum Thani District, Pathum Thani 12000","2H34+M3 Ban Klang, Mueang Pathum Thani District, Pathum Thani","","","082 535 4554","","","4.9","346","","","Open","","https://www.google.com/maps/place/Aimer+Dental+Clinic+%E0%B9%80%E0%B8%AD%E0%B8%A2%E0%B9%8C%E0%B9%80%E0%B8%A1%E0%B8%A2%E0%B9%8C+%E0%B8%84%E0%B8%A5%E0%B8%B4%E0%B8%99%E0%B8%B4%E0%B8%81%E0%B8%97%E0%B8%B1%E0%B8%99%E0%B8%95%E0%B8%81%E0%B8%A3%E0%B8%A3%E0%B8%A1/data=!4m7!3m6!1s0x30e28112bb77f09d:0x65b6d45d05477bce!8m2!3d14.0042109!4d100.5551717!16s%2Fg%2F11v58xqn3j!19sChIJnfB3uxKB4jARzntHBV3UtmU?authuser=0&hl=en&rclk=1"
"0x311d59999f2de749:0xc31b63e3340d384e","Yimwang Dental Clinic (Soi Mangkorn Branch)","Dental clinic","
88 หมู่ที่5 ซอยมังกร-นาคคี Phraeksa, อำเภอเมือง Samut Prakan 10280","HMQ5+86 Phraeksa, Mueang Samut Prakan District, Samut Prakan","","","081 355 7386","https://www.facebook.com/yimwan113/","","4.8","168","","","Open","","https://www.google.com/maps/place/Yimwang+Dental+Clinic+%28Soi+Mangkorn+Branch%29/data=!4m7!3m6!1s0x311d59999f2de749:0xc31b63e3340d384e!8m2!3d13.5883384!4d100.6580383!16s%2Fg%2F11h6s233hr!19sChIJSectn5lZHTERTjgNNONjG8M?authuser=0&hl=en&rclk=1"
"0x30e282678e174063:0x639d4239e2ef40c0","คลินิกทันตกรรมยิ้มแฉ่ง","Dental clinic","
307/69 Thanon Song Prapha, Si Kan, Don Mueang, Bangkok 10210","WHFX+P4 Bangkok","","","02 101 4489","","","5.0","13","","","Open","","https://www.google.com/maps/place/%E0%B8%84%E0%B8%A5%E0%B8%B4%E0%B8%99%E0%B8%B4%E0%B8%81%E0%B8%97%E0%B8%B1%E0%B8%99%E0%B8%95%E0%B8%81%E0%B8%A3%E0%B8%A3%E0%B8%A1%E0%B8%A2%E0%B8%B4%E0%B9%89%E0%B8%A1%E0%B9%81%E0%B8%89%E0%B9%88%E0%B8%87/data=!4m7!3m6!1s0x30e282678e174063:0x639d4239e2ef40c0!8m2!3d13.9243361!4d100.5977905!16s%2Fg%2F11dxlg40b0!19sChIJY0AXjmeC4jARwEDv4jlCnWM?authuser=0&hl=en&rclk=1"
"0x311d66a3395b2149:0x145349b7b3e0da70","Public Health Center Rom Klao","Local medical services","
361 ศูนย์บริการสาธารณสุข 45 ร่มเกล้า ลาดกระบัง Khlong Song Ton Nun, Lat Krabang, Bangkok 10520","QP6H+F7 Bangkok","","","02 543 0393","https://webportal.bangkok.go.th/healthcenter45","","4.1","77","","","Open","","https://www.google.com/maps/place/Public+Health+Center+Rom+Klao/data=!4m7!3m6!1s0x311d66a3395b2149:0x145349b7b3e0da70!8m2!3d13.7611524!4d100.728213!16s%2Fg%2F1hm54bv4g!19sChIJSSFbOaNmHTERcNrgs7dJUxQ?authuser=0&hl=en&rclk=1"
"0x30e29667f52984e3:0x6c70e4f2c8b929bf","Ban Rak Fan Dental Clinic","Prosthodontist","
82 Assumption Rd, Bang Phai, Bang Khae, Bangkok 10160, Thailand","P9JC+MW Bangkok, Thailand","","","+66 86 330 8027","https://www.facebook.com/#!/DentistHome","","4.4",8,"","","Open","","https://www.google.com/maps/place/Ban+Rak+Fan+Dental+Clinic/data=!4m7!3m6!1s0x30e29667f52984e3:0x6c70e4f2c8b929bf!8m2!3d13.7317337!4d100.3722838!16s%2Fg%2F12lkjltfh!19sChIJ44Qp9WeW4jARvym5yPLkcGw?authuser=0&hl=en&rclk=1"
"0x311d5f3287922d55:0x1e7cc228e2b80cb7","Momos Smile Dental Clinic ทำฟันจัดฟัน","Dental clinic","
25 125 Bang Kaeo, Bang Phli District, Samut Prakan 10540, Thailand","JJFR+VG Bang Kaeo, Bang Phli District, Samut Prakan, Thailand","","","+66 92 396 4987","https://www.facebook.com/momosmileclinic","","5.0",126,"","","Open","","https://www.google.com/maps/place/Momos+Smile+Dental+Clinic+%E0%B8%97%E0%B8%B3%E0%B8%9F%E0%B8%B1%E0%B8%99%E0%B8%88%E0%B8%B1%E0%B8%94%E0%B8%9F%E0%B8%B1%E0%B8%99/data=!4m7!3m6!1s0x311d5f3287922d55:0x1e7cc228e2b80cb7!8m2!3d13.624695!4d100.6412645!16s%2Fg%2F11sz9prnn6!19sChIJVS2ShzJfHTERtwy44ijCfB4?authuser=0&hl=en&rclk=1"
"0x311d7dd283f688e3:0x504cdcbb592c54dc","PP dental clinic ทำฟัน จัดฟัน ลำลูกกา คลองสอง","Dental clinic","
12 8, Khu Khot, Lam Luk Ka District, Pathum Thani 12130, Thailand","WMW6+MX Khu Khot, Lam Luk Ka District, Pathum Thani, Thailand","","","+66 2 995 8981","http://facebook.com/ppdentclinic","","3.9",10,"","","Open","","https://www.google.com/maps/place/PP+dental+clinic+%E0%B8%97%E0%B8%B3%E0%B8%9F%E0%B8%B1%E0%B8%99+%E0%B8%88%E0%B8%B1%E0%B8%94%E0%B8%9F%E0%B8%B1%E0%B8%99+%E0%B8%A5%E0%B8%B3%E0%B8%A5%E0%B8%B9%E0%B8%81%E0%B8%81%E0%B8%B2+%E0%B8%84%E0%B8%A5%E0%B8%AD%E0%B8%87%E0%B8%AA%E0%B8%AD%E0%B8%87/data=!4m7!3m6!1s0x311d7dd283f688e3:0x504cdcbb592c54dc!8m2!3d13.9466448!4d100.662395!16s%2Fg%2F11cmyxfwbk!19sChIJ44j2g9J9HTER3FQsWbvcTFA?authuser=0&hl=en&rclk=1"
"0x30e2825b2ecd38d5:0xfb0718a9eda907e8","Happy Avenue Don Mueang","Shopping mall","
395 Thanon Song Prapha, Khwaeng Don Mueang, Khet Don Mueang, Bangkok 10210, Thailand","WHGQ+CP Bangkok, Thailand","","","+66 2 101 5118","https://www.facebook.com/happyavenuedonmuang/","","4.1",1075,"Moderately priced","€€","Open","Modern, mid-size mall offering casual eateries, a supermarket, shops & a fitness center.","https://www.google.com/maps/place/Happy+Avenue+Don+Mueang/data=!4m7!3m6!1s0x30e2825b2ecd38d5:0xfb0718a9eda907e8!8m2!3d13.9260066!4d100.5892921!16s%2Fg%2F11c6sc1frp!19sChIJ1TjNLluC4jAR6Aep7akYB_s?authuser=0&hl=en&rclk=1"
"0x30e2846bd6960a5f:0xb437d44621f46000","คลินิกทันตกรรมเสริมสุข","Dental clinic","
39/3-4 ถนนประชาสรรค์ 2 Tambon Bang Phut, Pak Kret District, Nonthaburi 11120, Thailand","WGQ8+7C Pakkret, Pak Kret District, Nonthaburi, Thailand","","","+66 2 963 1513","","","4.5",10,"","","Open","","https://www.google.com/maps/place/%E0%B8%84%E0%B8%A5%E0%B8%B4%E0%B8%99%E0%B8%B4%E0%B8%81%E0%B8%97%E0%B8%B1%E0%B8%99%E0%B8%95%E0%B8%81%E0%B8%A3%E0%B8%A3%E0%B8%A1%E0%B9%80%E0%B8%AA%E0%B8%A3%E0%B8%B4%E0%B8%A1%E0%B8%AA%E0%B8%B8%E0%B8%82/data=!4m7!3m6!1s0x30e2846bd6960a5f:0xb437d44621f46000!8m2!3d13.9381253!4d100.5161247!16s%2Fg%2F1hc3057k2!19sChIJXwqW1muE4jARAGD0IUbUN7Q?authuser=0&hl=en&rclk=1"
"0x30e2954afee93dc7:0x271f1e3a13e539e0","ทันตกรรมอ้อมใหญ่รวมแพทย์","Dental clinic","
13 15-17 Phet Kasem Rd, Tambon Om Yai, Sam Phran District, Nakhon Pathom 73160, Thailand","P75H+G3 Om Yai, Sam Phran District, Nakhon Pathom, Thailand","","","+66 61 501 5670","https://www.facebook.com/Aomyaidental","","4.9",65,"","","Open","","https://www.google.com/maps/place/%E0%B8%97%E0%B8%B1%E0%B8%99%E0%B8%95%E0%B8%81%E0%B8%A3%E0%B8%A3%E0%B8%A1%E0%B8%AD%E0%B9%89%E0%B8%AD%E0%B8%A1%E0%B9%83%E0%B8%AB%E0%B8%8D%E0%B9%88%E0%B8%A3%E0%B8%A7%E0%B8%A1%E0%B9%81%E0%B8%9E%E0%B8%97%E0%B8%A2%E0%B9%8C/data=!4m7!3m6!1s0x30e2954afee93dc7:0x271f1e3a13e539e0!8m2!3d13.7088139!4d100.2776825!16s%2Fg%2F11s5jxlfm3!19sChIJxz3p_kqV4jAR4DnlEzoeHyc?authuser=0&hl=en&rclk=1"
