"place_id","section","feature","present"
"0x30e29ecdf9a9017d:0x6ae1c956b3af6f91","Accessibility","Wheelchair-accessible car park","1"
"0x30e29ecdf9a9017d:0x6ae1c956b3af6f91","Accessibility","Wheelchair-accessible entrance","1"
"0x30e29ecdf9a9017d:0x6ae1c956b3af6f91","Accessibility","Wheelchair-accessible seating","1"
"0x30e29ecdf9a9017d:0x6ae1c956b3af6f91","Accessibility","Wheelchair-accessible toilet","1"
"0x30e29ecdf9a9017d:0x6ae1c956b3af6f91","Service options","On-site services","1"
"0x30e29ecdf9a9017d:0x6ae1c956b3af6f91","Amenities","Gender-neutral toilets","1"
"0x30e29ecdf9a9017d:0x6ae1c956b3af6f91","Amenities","Toilet","1"
"0x30e29ecdf9a9017d:0x6ae1c956b3af6f91","Planning","Appointment required","1"
"0x30e29ecdf9a9017d:0x6ae1c956b3af6f91","Planning","Appointments recommended","1"
"0x30e29ecdf9a9017d:0x6ae1c956b3af6f91","Payments","Credit cards","1"
"0x30e29ecdf9a9017d:0x6ae1c956b3af6f91","Payments","Debit cards","1"
"0x30e29ecdf9a9017d:0x6ae1c956b3af6f91","Payments","NFC mobile payments","1"
"0x30e29f46682a2015:0xf3a3841789d66c75","Accessibility","Wheelchair-accessible toilet","1"
"0x30e29f46682a2015:0xf3a3841789d66c75","Amenities","Toilet","1"
"0x30e29f46682a2015:0xf3a3841789d66c75","Planning","Appointment required","1"
"0x30e29f46682a2015:0xf3a3841789d66c75","Planning","Appointments recommended","1"
"0x30e29f46682a2015:0xf3a3841789d66c75","Payments","Credit cards","1"
"0x30e29f46682a2015:0xf3a3841789d66c75","Payments","Debit cards","1"
"0x30e29f46682a2015:0xf3a3841789d66c75","Payments","NFC mobile payments","1"
"0x30e29edb6c9a1703:0x464dd5d6269cafec","Accessibility","Wheelchair-accessible car park","1"
"0x30e29edb6c9a1703:0x464dd5d6269cafec","Accessibility","Wheelchair-accessible entrance","1"
"0x30e29edb6c9a1703:0x464dd5d6269cafec","Amenities","Toilet","1"
"0x30e29edb6c9a1703:0x464dd5d6269cafec","Planning","Appointments recommended","1"
"0x30e29edb6c9a1703:0x464dd5d6269cafec","Payments","Debit cards","1"
"0x30e29edb6c9a1703:0x464dd5d6269cafec","Payments","NFC mobile payments","1"
"0x30e29edb6c9a1703:0x464dd5d6269cafec","Payments","Credit cards","1"
"0x30e29f4d1720ed8f:0x4ad780aff5b73300","Service options","Onsite services","1"
"0x30e29f4d1720ed8f:0x4ad780aff5b73300","Amenities","Restroom","1"
"0x30e29f4d1720ed8f:0x4ad780aff5b73300","Crowd","LGBTQ+ friendly","1"
"0x30e29f4d1720ed8f:0x4ad780aff5b73300","Crowd","Transgender safespace","1"
"0x30e29f4d1720ed8f:0x4ad780aff5b73300","Planning","Appointments recommended","1"
"0x30e29f4d1720ed8f:0x4ad780aff5b73300","Payments","Credit cards","1"
"0x30e29f4d1720ed8f:0x4ad780aff5b73300","Payments","Debit cards","1"
"0x30e29f4d1720ed8f:0x4ad780aff5b73300","Payments","NFC mobile payments","1"
"0x30e29f43865abc87:0x191346c42e38d53c","Amenities","Restroom","1"
"0x30e29f43865abc87:0x191346c42e38d53c","Planning","Appointments recommended","1"
"0x30e29f43865abc87:0x191346c42e38d53c","Payments","Credit cards","1"
"0x30e29f43865abc87:0x191346c42e38d53c","Payments","Debit cards","1"
"0x30e29f43865abc87:0x191346c42e38d53c","Payments","NFC mobile payments","1"
"0x30e29fda9acae28b:0x7f885c72fc1ee8c3","Service options","On-site services","1"
"0x30e29fda9acae28b:0x7f885c72fc1ee8c3","Offerings","Cosmetic dentistry","1"
"0x30e29fda9acae28b:0x7f885c72fc1ee8c3","Amenities","Toilet","1"
"0x30e29fda9acae28b:0x7f885c72fc1ee8c3","Crowd","LGBTQ+ friendly","1"
"0x30e29fda9acae28b:0x7f885c72fc1ee8c3","Crowd","Transgender safe space","1"
"0x30e29fda9acae28b:0x7f885c72fc1ee8c3","Planning","Appointment required","1"
"0x30e29fda9acae28b:0x7f885c72fc1ee8c3","Planning","Appointments recommended","1"
"0x30e29fda9acae28b:0x7f885c72fc1ee8c3","Payments","Credit cards","1"
"0x30e29fda9acae28b:0x7f885c72fc1ee8c3","Payments","Debit cards","1"
"0x30e29fda9acae28b:0x7f885c72fc1ee8c3","Payments","NFC mobile payments","1"
"0x30e29fda9acae28b:0x7f885c72fc1ee8c3","Payments","Credit cards","1"
"0x30e29fda9acae28b:0x7f885c72fc1ee8c3","Parking","On-site parking","1"
"0x30e29e518b9c7673:0x1ccc26fbb21f0d37","Accessibility","Wheelchair-accessible entrance","1"
"0x30e29e518b9c7673:0x1ccc26fbb21f0d37","Accessibility","Wheelchair-accessible seating","1"
"0x30e29e518b9c7673:0x1ccc26fbb21f0d37","Accessibility","Wheelchair-accessible toilet","1"
"0x30e29e518b9c7673:0x1ccc26fbb21f0d37","Amenities","Gender-neutral toilets","1"
"0x30e29e518b9c7673:0x1ccc26fbb21f0d37","Amenities","Toilet","1"
"0x30e29e518b9c7673:0x1ccc26fbb21f0d37","Crowd","Transgender safe space","1"
"0x30e29e518b9c7673:0x1ccc26fbb21f0d37","Planning","Appointment required","1"
"0x30e29e518b9c7673:0x1ccc26fbb21f0d37","Planning","Appointments recommended","1"
"0x30e29e518b9c7673:0x1ccc26fbb21f0d37","Parking","On-site parking","1"
"0x30e29eb5e4b8deef:0x7ed6f4b8a49d3e5a","Accessibility","Wheelchair-accessible car park","1"
"0x30e29eb5e4b8deef:0x7ed6f4b8a49d3e5a","Accessibility","Wheelchair-accessible entrance","1"
"0x30e29eb5e4b8deef:0x7ed6f4b8a49d3e5a","Amenities","Toilet","1"
"0x30e29eb5e4b8deef:0x7ed6f4b8a49d3e5a","Planning","Appointments recommended","1"
"0x30e29eb5e4b8deef:0x7ed6f4b8a49d3e5a","Payments","Credit cards","1"
"0x30e29eb5e4b8deef:0x7ed6f4b8a49d3e5a","Payments","Debit cards","1"
"0x30e29eb5e4b8deef:0x7ed6f4b8a49d3e5a","Payments","NFC mobile payments","1"
"0x30e29eb5e4b8deef:0x7ed6f4b8a49d3e5a","Payments","Credit cards","1"
"0x30e29eb5e4b8deef:0x7ed6f4b8a49d3e5a","Parking","Free parking lot","1"
"0x30e29faa3ba38cf7:0xfb8170b1c7a0a3a5","Accessibility","Wheelchair-accessible entrance","1"
"0x30e29faa3ba38cf7:0xfb8170b1c7a0a3a5","Accessibility","Wheelchair-accessible toilet","1"
"0x30e29faa3ba38cf7:0xfb8170b1c7a0a3a5","Amenities","Toilet","1"
"0x30e29faa3ba38cf7:0xfb8170b1c7a0a3a5","Crowd","Transgender safe space","1"
"0x30e29faa3ba38cf7:0xfb8170b1c7a0a3a5","Planning","Appointment required","1"
"0x30e29faa3ba38cf7:0xfb8170b1c7a0a3a5","Planning","Appointments recommended","1"
"0x30e29faa3ba38cf7:0xfb8170b1c7a0a3a5","Payments","Credit cards","1"
"0x30e29faa3ba38cf7:0xfb8170b1c7a0a3a5","Payments","Debit cards","1"
"0x30e29faa3ba38cf7:0xfb8170b1c7a0a3a5","Payments","NFC mobile payments","1"
"0x30e29edc953d2431:0xf79aee45324b2d6e","Accessibility","Wheelchair-accessible car park","1"
"0x30e29edc953d2431:0xf79aee45324b2d6e","Accessibility","Wheelchair-accessible entrance","1"
"0x30e29edc953d2431:0xf79aee45324b2d6e","Accessibility","Wheelchair-accessible toilet","1"
"0x30e29edc953d2431:0xf79aee45324b2d6e","Amenities","Toilet","1"
"0x30e29edc953d2431:0xf79aee45324b2d6e","Planning","Appointments recommended","1"
"0x30e29edc953d2431:0xf79aee45324b2d6e","Payments","Credit cards","1"
"0x30e29edc953d2431:0xf79aee45324b2d6e","Payments","Debit cards","1"
"0x30e29edc953d2431:0xf79aee45324b2d6e","Payments","NFC mobile payments","1"
"0x30e299873d6699cb:0x23879a38a762e594","Accessibility","Wheelchair-accessible car park","1"
"0x30e299873d6699cb:0x23879a38a762e594","Accessibility","Wheelchair-accessible entrance","1"
"0x30e299873d6699cb:0x23879a38a762e594","Offerings","Pediatric care","1"
"0x30e299873d6699cb:0x23879a38a762e594","Amenities","Toilet","1"
"0x30e299873d6699cb:0x23879a38a762e594","Planning","Appointments recommended","1"
"0x30e299873d6699cb:0x23879a38a762e594","Payments","Credit cards","1"
"0x30e299873d6699cb:0x23879a38a762e594","Payments","Debit cards","1"
"0x30e299873d6699cb:0x23879a38a762e594","Payments","NFC mobile payments","1"
"0x30e299873d6699cb:0x23879a38a762e594","Payments","Credit cards","1"
"0x30e299cdf1295d95:0x1a102078e61ef61a","Accessibility","Wheelchair-accessible car park","1"
"0x30e299cdf1295d95:0x1a102078e61ef61a","Accessibility","Wheelchair-accessible entrance","1"
"0x30e299cdf1295d95:0x1a102078e61ef61a","Amenities","Toilet","1"
"0x30e299cdf1295d95:0x1a102078e61ef61a","Planning","Appointments recommended","1"
"0x30e299cdf1295d95:0x1a102078e61ef61a","Payments","Credit cards","1"
"0x30e299cdf1295d95:0x1a102078e61ef61a","Payments","Debit cards","1"
"0x30e299cdf1295d95:0x1a102078e61ef61a","Payments","NFC mobile payments","1"
"0x30e299cdf1295d95:0x1a102078e61ef61a","Payments","Credit cards","1"
"0x30e29ee7cbc72ab5:0x102d0ec0bc20f26e","Accessibility","Wheelchair-accessible car park","1"
"0x30e29ee7cbc72ab5:0x102d0ec0bc20f26e","Accessibility","Wheelchair-accessible entrance","1"
"0x30e29ee7cbc72ab5:0x102d0ec0bc20f26e","Accessibility","Wheelchair-accessible toilet","1"
"0x30e29ee7cbc72ab5:0x102d0ec0bc20f26e","Service options","On-site services","1"
"0x30e29ee7cbc72ab5:0x102d0ec0bc20f26e","Amenities","Gender-neutral toilets","1"
"0x30e29ee7cbc72ab5:0x102d0ec0bc20f26e","Amenities","Toilet","1"
"0x30e29ee7cbc72ab5:0x102d0ec0bc20f26e","Crowd","LGBTQ+ friendly","1"
"0x30e29ee7cbc72ab5:0x102d0ec0bc20f26e","Crowd","Transgender safe space","1"
"0x30e29ee7cbc72ab5:0x102d0ec0bc20f26e","Planning","Appointment required","1"
"0x30e29ee7cbc72ab5:0x102d0ec0bc20f26e","Planning","Appointments recommended","1"
"0x30e29ee7cbc72ab5:0x102d0ec0bc20f26e","Payments","Credit cards","1"
"0x30e29ee7cbc72ab5:0x102d0ec0bc20f26e","Payments","Debit cards","1"
"0x30e29ee7cbc72ab5:0x102d0ec0bc20f26e","Payments","NFC mobile payments","1"
"0x30e29ee7cbc72ab5:0x102d0ec0bc20f26e","Parking","On-site parking","1"
"0x30e29fd2ecad0965:0x8b6f9d8b6964df36","Amenities","Toilet","1"
"0x30e29ee3fcde0d4f:0x53bdc29addeb68f8","Accessibility","Wheelchair-accessible car park","1"
"0x30e29ee3fcde0d4f:0x53bdc29addeb68f8","Accessibility","Wheelchair-accessible entrance","1"
"0x30e29ee3fcde0d4f:0x53bdc29addeb68f8","Amenities","Toilet","1"
"0x30e29ee3fcde0d4f:0x53bdc29addeb68f8","Planning","Appointments recommended","1"
"0x30e29ee3fcde0d4f:0x53bdc29addeb68f8","Payments","Credit cards","1"
"0x30e29ee3fcde0d4f:0x53bdc29addeb68f8","Payments","Debit cards","1"
"0x30e29ee3fcde0d4f:0x53bdc29addeb68f8","Payments","NFC mobile payments","1"
"0x30e29ee3fcde0d4f:0x53bdc29addeb68f8","Payments","Credit cards","1"
"0x30e29eba0bd98991:0xff406a3fd4ecfbfd","Amenities","Gender-neutral toilets","1"
"0x30e29eba0bd98991:0xff406a3fd4ecfbfd","Amenities","Toilet","1"
"0x30e29eba0bd98991:0xff406a3fd4ecfbfd","Crowd","LGBTQ+ friendly","1"
"0x30e29eba0bd98991:0xff406a3fd4ecfbfd","Crowd","Transgender safe space","1"
"0x30e29eba0bd98991:0xff406a3fd4ecfbfd","Planning","Appointments recommended","1"
"0x30e29eba0bd98991:0xff406a3fd4ecfbfd","Payments","Credit cards","1"
"0x30e29eba0bd98991:0xff406a3fd4ecfbfd","Payments","Debit cards","1"
"0x30e29eba0bd98991:0xff406a3fd4ecfbfd","Payments","NFC mobile payments","1"
"0x30e29eba0bd98991:0xff406a3fd4ecfbfd","Parking","Free parking lot","1"
"0x30e29eba0bd98991:0xff406a3fd4ecfbfd","Parking","On-site parking","1"
"0x30e29f1d06306cd7:0xe27cd8aefcedc63f","Amenities","Toilet","1"
"0x30e29f1d06306cd7:0xe27cd8aefcedc63f","Planning","Appointments recommended","1"
"0x30e29f1d06306cd7:0xe27cd8aefcedc63f","Payments","Credit cards","1"
"0x30e29f1d06306cd7:0xe27cd8aefcedc63f","Payments","Debit cards","1"
"0x30e29f1d06306cd7:0xe27cd8aefcedc63f","Payments","NFC mobile payments","1"
"0x30e29ee3c28c5107:0x1557ff5f4d15a0f8","Accessibility","Wheelchair-accessible toilet","1"
"0x30e29ee3c28c5107:0x1557ff5f4d15a0f8","Amenities","Toilet","1"
"0x30e29ee3c28c5107:0x1557ff5f4d15a0f8","Planning","Appointment required","1"
"0x30e29ee3c28c5107:0x1557ff5f4d15a0f8","Planning","Appointments recommended","1"
"0x30e29ee3c28c5107:0x1557ff5f4d15a0f8","Payments","Credit cards","1"
"0x30e29ee3c28c5107:0x1557ff5f4d15a0f8","Payments","Debit cards","1"
"0x30e29ee3c28c5107:0x1557ff5f4d15a0f8","Payments","NFC mobile payments","1"
"0x30e299f87099204d:0xc851366660138176","Amenities","Toilet","1"
"0x30e299f87099204d:0xc851366660138176","Planning","Appointment required","1"
"0x30e299f87099204d:0xc851366660138176","Planning","Appointments recommended","1"
"0x30e29ed2ed14dbef:0xc0a5c2c088071136","Amenities","Toilet","1"
"0x30e29ed2ed14dbef:0xc0a5c2c088071136","Planning","Appointments recommended","1"
"0x30e29ed2ed14dbef:0xc0a5c2c088071136","Payments","Credit cards","1"
"0x30e29ed2ed14dbef:0xc0a5c2c088071136","Payments","Debit cards","1"
"0x30e29ed2ed14dbef:0xc0a5c2c088071136","Payments","NFC mobile payments","1"
"0x30e29f0036d696d5:0x1526128f060e08d1","Parking","Free parking lot","1"
"0x30e29949edb406d5:0x3a3b050d1c14890a","Service options","On-site services","1"
"0x30e29949edb406d5:0x3a3b050d1c14890a","Offerings","Cosmetic dentistry","1"
"0x30e29949edb406d5:0x3a3b050d1c14890a","Offerings","Emergency services","1"
"0x30e29949edb406d5:0x3a3b050d1c14890a","Offerings","Pediatric care","1"
"0x30e29949edb406d5:0x3a3b050d1c14890a","Amenities","Gender-neutral toilets","1"
"0x30e29949edb406d5:0x3a3b050d1c14890a","Amenities","Toilet","1"
"0x30e29949edb406d5:0x3a3b050d1c14890a","Planning","Appointment required","1"
"0x30e29949edb406d5:0x3a3b050d1c14890a","Planning","Appointments recommended","1"
"0x30e29949edb406d5:0x3a3b050d1c14890a","Payments","Credit cards","1"
"0x30e29949edb406d5:0x3a3b050d1c14890a","Payments","Debit cards","1"
"0x30e29949edb406d5:0x3a3b050d1c14890a","Payments","NFC mobile payments","1"
"0x30e29949edb406d5:0x3a3b050d1c14890a","Payments","Credit cards","1"
"0x30e29962af3feac1:0x9de7e26a25e1d712","Offerings","Beverages","1"
"0x30e29962af3feac1:0x9de7e26a25e1d712","Amenities","Gender-neutral toilets","1"
"0x30e29962af3feac1:0x9de7e26a25e1d712","Amenities","Toilet","1"
"0x30e29962af3feac1:0x9de7e26a25e1d712","Planning","Appointment required","1"
"0x30e29962af3feac1:0x9de7e26a25e1d712","Planning","Appointments recommended","1"
"0x30e29962af3feac1:0x9de7e26a25e1d712","Payments","Credit cards","1"
"0x30e29962af3feac1:0x9de7e26a25e1d712","Payments","Debit cards","1"
"0x30e29962af3feac1:0x9de7e26a25e1d712","Payments","NFC mobile payments","1"
"0x30e29f6887af12b7:0xd5595bb2d33af2ed","Amenities","Toilet","1"
"0x30e29f6887af12b7:0xd5595bb2d33af2ed","Planning","Appointments recommended","1"
"0x30e29f6887af12b7:0xd5595bb2d33af2ed","Payments","Credit cards","1"
"0x30e29f6887af12b7:0xd5595bb2d33af2ed","Payments","Debit cards","1"
"0x30e29f6887af12b7:0xd5595bb2d33af2ed","Payments","NFC mobile payments","1"
"0x30e29ed23dcfbdf5:0xbacf077cc7c09b29","Payments","Credit cards","1"
"0x30e29ed23dcfbdf5:0xbacf077cc7c09b29","Payments","Debit cards","1"
"0x30e29ed23dcfbdf5:0xbacf077cc7c09b29","Payments","NFC mobile payments","1"
"0x30e29ed34ddddc3b:0xe681ea5d40b10889","Accessibility","Wheelchair-accessible entrance","1"
"0x30e29ed34ddddc3b:0xe681ea5d40b10889","Amenities","Toilet","1"
"0x30e29ed34ddddc3b:0xe681ea5d40b10889","Planning","Appointment required","1"
"0x30e29ed34ddddc3b:0xe681ea5d40b10889","Planning","Appointments recommended","1"
"0x30e29ed34ddddc3b:0xe681ea5d40b10889","Payments","Credit cards","1"
"0x30e29ed34ddddc3b:0xe681ea5d40b10889","Payments","Debit cards","1"
"0x30e29ed34ddddc3b:0xe681ea5d40b10889","Payments","NFC mobile payments","1"
"0x30e29ecde8e29203:0xf461befafc37af4d","Accessibility","Wheelchair-accessible toilet","1"
"0x30e29ecde8e29203:0xf461befafc37af4d","Amenities","Toilet","1"
"0x30e29ecde8e29203:0xf461befafc37af4d","Planning","Appointment required","1"
"0x30e29ecde8e29203:0xf461befafc37af4d","Planning","Appointments recommended","1"
"0x30e29ecde8e29203:0xf461befafc37af4d","Payments","Debit cards","1"
"0x30e29ecde8e29203:0xf461befafc37af4d","Payments","NFC mobile payments","1"
"0x30e29ed2bcea3789:0xd4e225517ed3d12a","Amenities","Gender-neutral toilets","1"
"0x30e29ed2bcea3789:0xd4e225517ed3d12a","Amenities","Toilet","1"
"0x30e29ed2bcea3789:0xd4e225517ed3d12a","Crowd","LGBTQ+ friendly","1"
"0x30e29ed2bcea3789:0xd4e225517ed3d12a","Crowd","Transgender safe space","1"
"0x30e29ed2bcea3789:0xd4e225517ed3d12a","Planning","Appointment required","1"
"0x30e29ed2bcea3789:0xd4e225517ed3d12a","Planning","Appointments recommended","1"
"0x30e29ed2bcea3789:0xd4e225517ed3d12a","Payments","Credit cards","1"
"0x30e29ed2bcea3789:0xd4e225517ed3d12a","Payments","Debit cards","1"
"0x30e29ed2bcea3789:0xd4e225517ed3d12a","Payments","NFC mobile payments","1"
"0x30e29ec4c05ab863:0x2ee4097c48c0cdb4","Accessibility","Wheelchair-accessible car park","1"
"0x30e29ec4c05ab863:0x2ee4097c48c0cdb4","Amenities","Toilet","1"
"0x30e29ec4c05ab863:0x2ee4097c48c0cdb4","Planning","Appointment required","1"
"0x30e29ec4c05ab863:0x2ee4097c48c0cdb4","Planning","Appointments recommended","1"
"0x30e29ec4c05ab863:0x2ee4097c48c0cdb4","Payments","Credit cards","1"
"0x30e29ec4c05ab863:0x2ee4097c48c0cdb4","Payments","NFC mobile payments","1"
"0x30e29eb58a6d7063:0xf4b40a96ede5eea","Amenities","Toilet","1"
"0x30e29eb58a6d7063:0xf4b40a96ede5eea","Planning","Appointment required","1"
"0x30e29eb58a6d7063:0xf4b40a96ede5eea","Planning","Appointments recommended","1"
"0x30e29eb58a6d7063:0xf4b40a96ede5eea","Payments","Credit cards","1"
"0x30e29eb58a6d7063:0xf4b40a96ede5eea","Payments","Debit cards","1"
"0x30e29eb58a6d7063:0xf4b40a96ede5eea","Payments","NFC mobile payments","1"
"0x30e29eb58a6d7063:0xf4b40a96ede5eea","Payments","Credit cards","1"
"0x30e29ed2ca6bf789:0x3107fc33d144ad9c","Amenities","Toilet","1"
"0x30e29ed2ca6bf789:0x3107fc33d144ad9c","Planning","Appointments recommended","1"
"0x30e29ed2ca6bf789:0x3107fc33d144ad9c","Payments","Credit cards","1"
"0x30e29ed2ca6bf789:0x3107fc33d144ad9c","Payments","NFC mobile payments","1"
"0x30e29ed001aacf57:0xad8f448f8bb2e7f6","Accessibility","Wheelchair-accessible entrance","1"
"0x30e29ed001aacf57:0xad8f448f8bb2e7f6","From the business","Identifies as women-owned","1"
"0x30e29ed001aacf57:0xad8f448f8bb2e7f6","Amenities","Toilet","1"
"0x30e29ed001aacf57:0xad8f448f8bb2e7f6","Planning","Appointment required","1"
"0x30e29ed001aacf57:0xad8f448f8bb2e7f6","Planning","Appointments recommended","1"
"0x30e29ed001aacf57:0xad8f448f8bb2e7f6","Payments","Credit cards","1"
"0x30e29ed001aacf57:0xad8f448f8bb2e7f6","Payments","Debit cards","1"
"0x30e29ed001aacf57:0xad8f448f8bb2e7f6","Payments","NFC mobile payments","1"
"0x30e29ed001aacf57:0xad8f448f8bb2e7f6","Payments","Credit cards","1"
"0x30e29ec61123f127:0xe49522daea9e8d4e","Amenities","Restroom","1"
"0x30e29ec61123f127:0xe49522daea9e8d4e","Planning","Appointments recommended","1"
"0x30e29ec61123f127:0xe49522daea9e8d4e","Payments","Credit cards","1"
"0x30e29ec61123f127:0xe49522daea9e8d4e","Payments","NFC mobile payments","1"
"0x30e29ed241db44db:0xb522c91301671424","Accessibility","Wheelchair-accessible car park","1"
"0x30e29ed241db44db:0xb522c91301671424","Accessibility","Wheelchair-accessible entrance","1"
"0x30e29ed241db44db:0xb522c91301671424","Accessibility","Wheelchair-accessible toilet","1"
"0x30e29ed241db44db:0xb522c91301671424","Amenities","Toilet","1"
"0x30e29ed241db44db:0xb522c91301671424","Planning","Appointments recommended","1"
"0x30e29ed241db44db:0xb522c91301671424","Payments","Credit cards","1"
"0x30e29ed241db44db:0xb522c91301671424","Payments","Debit cards","1"
"0x30e29ed241db44db:0xb522c91301671424","Payments","Payment plans","1"
"0x30e29ed241db44db:0xb522c91301671424","Payments","Credit cards","1"
"0x30e29fa8536ac9e9:0xc8f9071312f6f9ad","Payments","Debit cards","1"
"0x30e29fa8536ac9e9:0xc8f9071312f6f9ad","Payments","NFC mobile payments","1"
"0x30e2999eb6624d8b:0x8b0e65debb530195","Amenities","Restroom","1"
"0x30e2999eb6624d8b:0x8b0e65debb530195","Planning","Appointment required","1"
"0x30e2999eb6624d8b:0x8b0e65debb530195","Planning","Appointments recommended","1"
"0x30e2999eb6624d8b:0x8b0e65debb530195","Payments","Credit cards","1"
"0x30e2999eb6624d8b:0x8b0e65debb530195","Payments","Debit cards","1"
"0x30e2999eb6624d8b:0x8b0e65debb530195","Payments","NFC mobile payments","1"
"0x30e2999eb6624d8b:0x8b0e65debb530195","Payments","Credit cards","1"
"0x30e29f8a9963837f:0x58914cb0003971ff","Amenities","Restroom","1"
"0x30e29f8a9963837f:0x58914cb0003971ff","Planning","Appointments recommended","1"
"0x30e29f8a9963837f:0x58914cb0003971ff","Payments","Credit cards","1"
"0x30e29f8a9963837f:0x58914cb0003971ff","Payments","Debit cards","1"
"0x30e29f8a9963837f:0x58914cb0003971ff","Payments","NFC mobile payments","1"
"0x30e29ec43e3f3933:0x87ba3912013e86df","Amenities","Restroom","1"
"0x30e29ec43e3f3933:0x87ba3912013e86df","Planning","Appointments recommended","1"
"0x30e29edea2810a4f:0x22ec63e7da186646","Accessibility","Wheelchair-accessible car park","1"
"0x30e29edea2810a4f:0x22ec63e7da186646","Accessibility","Wheelchair-accessible entrance","1"
"0x30e29edea2810a4f:0x22ec63e7da186646","Service options","On-site services","1"
"0x30e29edea2810a4f:0x22ec63e7da186646","Amenities","Toilet","1"
"0x30e29edea2810a4f:0x22ec63e7da186646","Planning","Appointment required","1"
"0x30e29edea2810a4f:0x22ec63e7da186646","Planning","Appointments recommended","1"
"0x30e29edea2810a4f:0x22ec63e7da186646","Payments","Credit cards","1"
"0x30e29edea2810a4f:0x22ec63e7da186646","Payments","Debit cards","1"
"0x30e29edea2810a4f:0x22ec63e7da186646","Payments","NFC mobile payments","1"
"0x30e29edea2810a4f:0x22ec63e7da186646","Parking","On-site parking","1"
"0x30e29f289a310035:0x6f9b89002536a197","Amenities","Toilet","1"
"0x30e29f289a310035:0x6f9b89002536a197","Payments","Debit cards","1"
"0x30e29f289a310035:0x6f9b89002536a197","Payments","NFC mobile payments","1"
"0x30e29f289a310035:0x6f9b89002536a197","Payments","Credit cards","1"
"0x30e29fc78d60ac4f:0x57ce612020fbe29d","Amenities","Toilet","1"
"0x30e29fc78d60ac4f:0x57ce612020fbe29d","Planning","Appointment required","1"
"0x30e29fc78d60ac4f:0x57ce612020fbe29d","Planning","Appointments recommended","1"
"0x30e29fc78d60ac4f:0x57ce612020fbe29d","Payments","NFC mobile payments","1"
"0x30e29ed18065364f:0xf9a209e977231e40","Accessibility","Wheelchair-accessible car park","1"
"0x30e29ed18065364f:0xf9a209e977231e40","Accessibility","Wheelchair-accessible entrance","1"
"0x30e29ed18065364f:0xf9a209e977231e40","Accessibility","Wheelchair-accessible toilet","1"
"0x30e29ed18065364f:0xf9a209e977231e40","Amenities","Toilet","1"
"0x30e29ed18065364f:0xf9a209e977231e40","Planning","Appointments recommended","1"
"0x30e29ed18065364f:0xf9a209e977231e40","Payments","Credit cards","1"
"0x30e29ed18065364f:0xf9a209e977231e40","Payments","Debit cards","1"
"0x30e29ed18065364f:0xf9a209e977231e40","Payments","NFC mobile payments","1"
"0x30e29f2b95ea37b5:0x3e47e1c6327e6556","Amenities","Toilet","1"
"0x30e29f2b95ea37b5:0x3e47e1c6327e6556","Planning","Appointment required","1"
"0x30e29f2b95ea37b5:0x3e47e1c6327e6556","Planning","Appointments recommended","1"
"0x30e29f2b95ea37b5:0x3e47e1c6327e6556","Payments","Debit cards","1"
"0x30e29f2b95ea37b5:0x3e47e1c6327e6556","Payments","NFC mobile payments","1"
"0x30e29f2b95ea37b5:0x3e47e1c6327e6556","Payments","Credit cards","1"
"0x30e29f01f4b67823:0x69f26ed6e28201eb","Accessibility","Wheelchair-accessible entrance","1"
"0x30e29f01f4b67823:0x69f26ed6e28201eb","Accessibility","Wheelchair-accessible toilet","1"
"0x30e29f01f4b67823:0x69f26ed6e28201eb","Service options","On-site services","1"
"0x30e29f01f4b67823:0x69f26ed6e28201eb","Amenities","Gender-neutral toilets","1"
"0x30e29f01f4b67823:0x69f26ed6e28201eb","Amenities","Toilet","1"
"0x30e29f01f4b67823:0x69f26ed6e28201eb","Planning","Appointment required","1"
"0x30e29f01f4b67823:0x69f26ed6e28201eb","Planning","Appointments recommended","1"
"0x30e29f01f4b67823:0x69f26ed6e28201eb","Payments","Credit cards","1"
"0x30e29f01f4b67823:0x69f26ed6e28201eb","Payments","Debit cards","1"
"0x30e29f01f4b67823:0x69f26ed6e28201eb","Payments","NFC mobile payments","1"
"0x30e29f01f4b67823:0x69f26ed6e28201eb","Payments","Credit cards","1"
"0x30e29f01f4b67823:0x69f26ed6e28201eb","Parking","Free multi-storey car park","1"
"0x30e29f01f4b67823:0x69f26ed6e28201eb","Parking","On-site parking","1"
"0x30e29f01f4b67823:0x69f26ed6e28201eb","Parking","Paid multi-storey car park","1"
"0x30e29eb0c0e42053:0xc5acce1bccf4df37","Service options","On-site services","1"
"0x30e29eb0c0e42053:0xc5acce1bccf4df37","Amenities","Toilet","1"
"0x30e29eb0c0e42053:0xc5acce1bccf4df37","Planning","Appointments recommended","1"
"0x30e29eb0c0e42053:0xc5acce1bccf4df37","Payments","NFC mobile payments","1"
"0x30e29fd326d61c2f:0x22087df82018c815","Amenities","Toilet","1"
"0x30e29fd326d61c2f:0x22087df82018c815","Planning","Appointment required","1"
"0x30e29fd326d61c2f:0x22087df82018c815","Planning","Appointments recommended","1"
"0x30e29fd326d61c2f:0x22087df82018c815","Payments","Credit cards","1"
"0x30e29fd326d61c2f:0x22087df82018c815","Payments","Debit cards","1"
"0x30e29fd326d61c2f:0x22087df82018c815","Payments","NFC mobile payments","1"
"0x30e2999defe2a623:0xa3f223725a7b3bc6","Accessibility","Wheelchair-accessible car park","1"
"0x30e2999defe2a623:0xa3f223725a7b3bc6","Accessibility","Wheelchair-accessible entrance","1"
"0x30e2999defe2a623:0xa3f223725a7b3bc6","Amenities","Toilet","1"
"0x30e2999defe2a623:0xa3f223725a7b3bc6","Planning","Appointment required","1"
"0x30e2999defe2a623:0xa3f223725a7b3bc6","Planning","Appointments recommended","1"
"0x30e2999defe2a623:0xa3f223725a7b3bc6","Payments","Credit cards","1"
"0x30e2999defe2a623:0xa3f223725a7b3bc6","Payments","Debit cards","1"
"0x30e2999defe2a623:0xa3f223725a7b3bc6","Payments","NFC mobile payments","1"
"0x30e29fd9a8ab8b7d:0xcbdbd059cb8450b1","Amenities","Toilet","1"
"0x30e29fd9a8ab8b7d:0xcbdbd059cb8450b1","Crowd","LGBTQ+ friendly","1"
"0x30e29fd9a8ab8b7d:0xcbdbd059cb8450b1","Crowd","Transgender safe space","1"
"0x30e29fd9a8ab8b7d:0xcbdbd059cb8450b1","Planning","Appointment required","1"
"0x30e29fd9a8ab8b7d:0xcbdbd059cb8450b1","Planning","Appointments recommended","1"
"0x30e29fd9a8ab8b7d:0xcbdbd059cb8450b1","Payments","Credit cards","1"
"0x30e29fd9a8ab8b7d:0xcbdbd059cb8450b1","Payments","Debit cards","1"
"0x30e29fd9a8ab8b7d:0xcbdbd059cb8450b1","Payments","NFC mobile payments","1"
"0x30e29fd9a8ab8b7d:0xcbdbd059cb8450b1","Payments","Credit cards","1"
"0x30e29fd9a8ab8b7d:0xcbdbd059cb8450b1","Parking","On-site parking","1"
"0x30e29f24f86ca655:0xdb03b13431684ec2","Accessibility","Wheelchair-accessible entrance","1"
"0x30e29f24f86ca655:0xdb03b13431684ec2","Accessibility","Wheelchair-accessible seating","1"
"0x30e29f24f86ca655:0xdb03b13431684ec2","Accessibility","Wheelchair-accessible toilet","1"
"0x30e29f24f86ca655:0xdb03b13431684ec2","From the business","Identifies as women-owned","1"
"0x30e29f24f86ca655:0xdb03b13431684ec2","Service options","On-site services","1"
"0x30e29f24f86ca655:0xdb03b13431684ec2","Amenities","Gender-neutral toilets","1"
"0x30e29f24f86ca655:0xdb03b13431684ec2","Amenities","Toilet","1"
"0x30e29f24f86ca655:0xdb03b13431684ec2","Crowd","LGBTQ+ friendly","1"
"0x30e29f24f86ca655:0xdb03b13431684ec2","Crowd","Transgender safe space","1"
"0x30e29f24f86ca655:0xdb03b13431684ec2","Planning","Appointments recommended","1"
"0x30e29f24f86ca655:0xdb03b13431684ec2","Payments","Credit cards","1"
"0x30e29f24f86ca655:0xdb03b13431684ec2","Payments","Debit cards","1"
"0x30e29f24f86ca655:0xdb03b13431684ec2","Payments","NFC mobile payments","1"
"0x30e29f24f86ca655:0xdb03b13431684ec2","Parking","On-site parking","1"
"0x30e29f2dcf8383c9:0x8ef09490136fe049","From the business","Identifies as women-owned","1"
"0x30e29f2dcf8383c9:0x8ef09490136fe049","Amenities","Gender-neutral toilets","1"
"0x30e29f2dcf8383c9:0x8ef09490136fe049","Amenities","Toilet","1"
"0x30e29f2dcf8383c9:0x8ef09490136fe049","Planning","Appointments recommended","1"
"0x30e29f2dcf8383c9:0x8ef09490136fe049","Payments","Credit cards","1"
"0x30e29f2dcf8383c9:0x8ef09490136fe049","Payments","Debit cards","1"
"0x30e29f2dcf8383c9:0x8ef09490136fe049","Payments","NFC mobile payments","1"
"0x30e29f2dcf8383c9:0x8ef09490136fe049","Parking","Free of charge street parking","1"
"0x30e29f2dcf8383c9:0x8ef09490136fe049","Parking","Free parking lot","1"
"0x30e29ed24b6b739f:0xe8e6cb613d8e09ea","Accessibility","Wheelchair-accessible car park","1"
"0x30e29ed24b6b739f:0xe8e6cb613d8e09ea","Accessibility","Wheelchair-accessible entrance","1"
"0x30e29f2c7b61a7af:0xc15f614f8434cca6","Amenities","Toilet","1"
"0x30e29f2c7b61a7af:0xc15f614f8434cca6","Planning","Appointments recommended","1"
"0x30e29f2c7b61a7af:0xc15f614f8434cca6","Payments","Credit cards","1"
"0x30e29f2c7b61a7af:0xc15f614f8434cca6","Payments","Debit cards","1"
"0x30e29f2c7b61a7af:0xc15f614f8434cca6","Payments","NFC mobile payments","1"
"0x30e29f2c7b61a7af:0xc15f614f8434cca6","Payments","Credit cards","1"
"0x30e29f243ae13b4f:0x7e54ec519cfcf628","From the business","Identifies as women-owned","1"
"0x30e29f243ae13b4f:0x7e54ec519cfcf628","Amenities","Toilet","1"
"0x30e29f243ae13b4f:0x7e54ec519cfcf628","Planning","Appointment required","1"
"0x30e29f243ae13b4f:0x7e54ec519cfcf628","Planning","Appointments recommended","1"
"0x30e29f243ae13b4f:0x7e54ec519cfcf628","Payments","NFC mobile payments","1"
"0x30e29edecba1a1dd:0x1063bee26f916ded","Accessibility","Wheelchair-accessible entrance","1"
"0x30e29edecba1a1dd:0x1063bee26f916ded","Accessibility","Wheelchair-accessible seating","1"
"0x30e29edecba1a1dd:0x1063bee26f916ded","Accessibility","Wheelchair-accessible toilet","1"
"0x30e29edecba1a1dd:0x1063bee26f916ded","Service options","On-site services","1"
"0x30e29edecba1a1dd:0x1063bee26f916ded","Amenities","Toilet","1"
"0x30e29edecba1a1dd:0x1063bee26f916ded","Planning","Appointments recommended","1"
"0x30e29edecba1a1dd:0x1063bee26f916ded","Payments","Credit cards","1"
"0x30e29edecba1a1dd:0x1063bee26f916ded","Payments","Debit cards","1"
"0x30e29edecba1a1dd:0x1063bee26f916ded","Payments","NFC mobile payments","1"
"0x30e29edecba1a1dd:0x1063bee26f916ded","Payments","Credit cards","1"
"0x30e29edecba1a1dd:0x1063bee26f916ded","Parking","On-site parking","1"
"0x30e29ee4c0294415:0x944c71cc443ded1e","Accessibility","Wheelchair-accessible entrance","1"
"0x30e29ee4c0294415:0x944c71cc443ded1e","Accessibility","Wheelchair-accessible toilet","1"
"0x30e29ee4c0294415:0x944c71cc443ded1e","Service options","On-site services","1"
"0x30e29ee4c0294415:0x944c71cc443ded1e","Amenities","Gender-neutral toilets","1"
"0x30e29ee4c0294415:0x944c71cc443ded1e","Amenities","Toilet","1"
"0x30e29ee4c0294415:0x944c71cc443ded1e","Crowd","LGBTQ+ friendly","1"
"0x30e29ee4c0294415:0x944c71cc443ded1e","Crowd","Transgender safe space","1"
"0x30e29ee4c0294415:0x944c71cc443ded1e","Planning","Appointment required","1"
"0x30e29ee4c0294415:0x944c71cc443ded1e","Planning","Appointments recommended","1"
"0x30e29ee4c0294415:0x944c71cc443ded1e","Payments","Credit cards","1"
"0x30e29ee4c0294415:0x944c71cc443ded1e","Payments","Debit cards","1"
"0x30e29ee4c0294415:0x944c71cc443ded1e","Payments","NFC mobile payments","1"
"0x30e29f9fb0005643:0x1f6708694f99c424","From the business","Identifies as women-owned","1"
"0x30e29f9fb0005643:0x1f6708694f99c424","Amenities","Toilet","1"
"0x30e29f9fb0005643:0x1f6708694f99c424","Crowd","Transgender safe space","1"
"0x30e29f9fb0005643:0x1f6708694f99c424","Planning","Appointment required","1"
"0x30e29f9fb0005643:0x1f6708694f99c424","Planning","Appointments recommended","1"
"0x30e29f9fb0005643:0x1f6708694f99c424","Payments","Credit cards","1"
"0x30e29f9fb0005643:0x1f6708694f99c424","Payments","Debit cards","1"
"0x30e29f9fb0005643:0x1f6708694f99c424","Payments","NFC mobile payments","1"
"0x30e29f58c59e1f2f:0xd814b8f64c475ef4","Accessibility","Wheelchair-accessible entrance","1"
"0x30e29f58c59e1f2f:0xd814b8f64c475ef4","Amenities","Gender-neutral toilets","1"
"0x30e29f58c59e1f2f:0xd814b8f64c475ef4","Amenities","Toilet","1"
"0x30e29f58c59e1f2f:0xd814b8f64c475ef4","Planning","Appointments recommended","1"
"0x30e29f58c59e1f2f:0xd814b8f64c475ef4","Payments","Debit cards","1"
"0x30e29f58c59e1f2f:0xd814b8f64c475ef4","Payments","Credit cards","1"
"0x30e29fa56988e451:0x1f9f6d23854c88c5","Amenities","Toilet","1"
"0x30e29fa56988e451:0x1f9f6d23854c88c5","Planning","Appointments recommended","1"
"0x30e29f1caeb48c61:0xd1616e6b63838b69","Service options","On-site services","1"
"0x30e29f1caeb48c61:0xd1616e6b63838b69","Amenities","Toilet","1"
"0x30e29f1caeb48c61:0xd1616e6b63838b69","Planning","Appointment required","1"
"0x30e29f1caeb48c61:0xd1616e6b63838b69","Planning","Appointments recommended","1"
"0x30e29f1caeb48c61:0xd1616e6b63838b69","Payments","NFC mobile payments","1"
"0x30e29ee2f6d57d05:0xc9576020f5d00a2b","Accessibility","Wheelchair-accessible car park","1"
"0x30e29ee2f6d57d05:0xc9576020f5d00a2b","Amenities","Toilet","1"
"0x30e29ee2f6d57d05:0xc9576020f5d00a2b","Planning","Appointments recommended","1"
"0x30e29ee2f6d57d05:0xc9576020f5d00a2b","Payments","Credit cards","1"
"0x30e29ee2f6d57d05:0xc9576020f5d00a2b","Payments","Debit cards","1"
"0x30e29ee2f6d57d05:0xc9576020f5d00a2b","Payments","NFC mobile payments","1"
"0x30e29ee2f6d57d05:0xc9576020f5d00a2b","Payments","Credit cards","1"
"0x30e298d1e613d659:0xa8a2abcfbbf0cdc","Accessibility","Wheelchair-accessible entrance","1"
"0x30e298d1e613d659:0xa8a2abcfbbf0cdc","Accessibility","Wheelchair-accessible toilet","1"
"0x30e298d1e613d659:0xa8a2abcfbbf0cdc","Amenities","Toilet","1"
"0x30e298d1e613d659:0xa8a2abcfbbf0cdc","Planning","Appointments recommended","1"
"0x30e298d1e613d659:0xa8a2abcfbbf0cdc","Payments","Credit cards","1"
"0x30e298d1e613d659:0xa8a2abcfbbf0cdc","Payments","Debit cards","1"
"0x30e298d1e613d659:0xa8a2abcfbbf0cdc","Payments","NFC mobile payments","1"
"0x30e298d1e613d659:0xa8a2abcfbbf0cdc","Payments","Credit cards","1"
"0x4cb2d2948331faa3:0xfb1a5a0111f39d8f","Amenities","Toilet","1"
"0x4cb2d2948331faa3:0xfb1a5a0111f39d8f","Planning","Appointment required","1"
"0x4cb2d2948331faa3:0xfb1a5a0111f39d8f","Planning","Appointments recommended","1"
"0x4cb2d2948331faa3:0xfb1a5a0111f39d8f","Payments","Credit cards","1"
"0x4cb2d2948331faa3:0xfb1a5a0111f39d8f","Payments","Debit cards","1"
"0x4cb2d2948331faa3:0xfb1a5a0111f39d8f","Payments","NFC mobile payments","1"
"0x30e29929369b8533:0x824fdbfe40a1fab9","Accessibility","Wheelchair-accessible seating","1"
"0x30e29929369b8533:0x824fdbfe40a1fab9","Accessibility","Wheelchair-accessible toilet","1"
"0x30e29929369b8533:0x824fdbfe40a1fab9","Amenities","Toilet","1"
"0x30e29929369b8533:0x824fdbfe40a1fab9","Planning","Appointments recommended","1"
"0x30e29f47ede318f7:0x20198be3316332fe","Accessibility","Wheelchair-accessible car park","1"
"0x30e29f47ede318f7:0x20198be3316332fe","Accessibility","Wheelchair-accessible entrance","1"
"0x30e29f47ede318f7:0x20198be3316332fe","Accessibility","Wheelchair-accessible seating","1"
"0x30e29f47ede318f7:0x20198be3316332fe","Accessibility","Wheelchair-accessible toilet","1"
"0x30e29f47ede318f7:0x20198be3316332fe","Accessibility","Assistive hearing loop","1"
"0x30e29f47ede318f7:0x20198be3316332fe","Service options","On-site services","1"
"0x30e29f47ede318f7:0x20198be3316332fe","Offerings","Cosmetic dentistry","1"
"0x30e29f47ede318f7:0x20198be3316332fe","Offerings","Emergency services","1"
"0x30e29f47ede318f7:0x20198be3316332fe","Offerings","Pediatric care","1"
"0x30e29f47ede318f7:0x20198be3316332fe","Amenities","Toilet","1"
"0x30e29f47ede318f7:0x20198be3316332fe","Crowd","LGBTQ+ friendly","1"
"0x30e29f47ede318f7:0x20198be3316332fe","Crowd","Transgender safe space","1"
"0x30e29f47ede318f7:0x20198be3316332fe","Planning","Appointment required","1"
"0x30e29f47ede318f7:0x20198be3316332fe","Planning","Appointments recommended","1"
"0x30e29f47ede318f7:0x20198be3316332fe","Payments","Credit cards","1"
"0x30e29f47ede318f7:0x20198be3316332fe","Payments","Debit cards","1"
"0x30e29f47ede318f7:0x20198be3316332fe","Payments","NFC mobile payments","1"
"0x30e29f47ede318f7:0x20198be3316332fe","Payments","Payment plans","1"
"0x30e29f47ede318f7:0x20198be3316332fe","Payments","Credit cards","1"
"0x30e29f47ede318f7:0x20198be3316332fe","Children","Nursing room","1"
"0x30e29f47ede318f7:0x20198be3316332fe","Parking","On-site parking","1"
"0x30e29f47ede318f7:0x20198be3316332fe","Parking","Paid multi-storey car park","1"
"0x30e29f47ede318f7:0x20198be3316332fe","Parking","Paid parking lot","1"
"0x30e29fb73001eab7:0x85a22bf90d3efcb6","Accessibility","Wheelchair-accessible car park","1"
"0x30e29fb73001eab7:0x85a22bf90d3efcb6","Accessibility","Wheelchair-accessible entrance","1"
"0x30e29fb73001eab7:0x85a22bf90d3efcb6","Amenities","Gender-neutral toilets","1"
"0x30e29fb73001eab7:0x85a22bf90d3efcb6","Amenities","Toilet","1"
"0x30e29fb73001eab7:0x85a22bf90d3efcb6","Planning","Appointment required","1"
"0x30e29fb73001eab7:0x85a22bf90d3efcb6","Planning","Appointments recommended","1"
"0x30e29fb73001eab7:0x85a22bf90d3efcb6","Payments","Credit cards","1"
"0x30e29fb73001eab7:0x85a22bf90d3efcb6","Payments","Debit cards","1"
"0x30e29fb73001eab7:0x85a22bf90d3efcb6","Payments","NFC mobile payments","1"
"0x30e29fa924638eaf:0x14175f8245f0ae6b","Amenities","Toilet","1"
"0x30e29fa924638eaf:0x14175f8245f0ae6b","Planning","Appointment required","1"
"0x30e29fa924638eaf:0x14175f8245f0ae6b","Planning","Appointments recommended","1"
"0x30e29fa924638eaf:0x14175f8245f0ae6b","Payments","Credit cards","1"
"0x30e29fa924638eaf:0x14175f8245f0ae6b","Payments","Debit cards","1"
"0x30e29fa924638eaf:0x14175f8245f0ae6b","Payments","NFC mobile payments","1"
"0x30e29f5eb06bada1:0x3fd47d807db80e33","From the business","Identifies as women-owned","1"
"0x30e29f5eb06bada1:0x3fd47d807db80e33","Amenities","Toilet","1"
"0x30e29f5eb06bada1:0x3fd47d807db80e33","Crowd","LGBTQ+ friendly","1"
"0x30e29f5eb06bada1:0x3fd47d807db80e33","Crowd","Transgender safe space","1"
"0x30e29f5eb06bada1:0x3fd47d807db80e33","Planning","Appointment required","1"
"0x30e29f5eb06bada1:0x3fd47d807db80e33","Planning","Appointments recommended","1"
"0x30e29f5eb06bada1:0x3fd47d807db80e33","Payments","Credit cards","1"
"0x30e29f5eb06bada1:0x3fd47d807db80e33","Payments","Debit cards","1"
"0x30e29f5eb06bada1:0x3fd47d807db80e33","Payments","NFC mobile payments","1"
"0x30e29f5eb06bada1:0x3fd47d807db80e33","Payments","Credit cards","1"
"0x30e29f5eb06bada1:0x3fd47d807db80e33","Parking","Free parking lot","1"
"0x30e29f5eb06bada1:0x3fd47d807db80e33","Parking","Paid parking lot","1"
"0x30e29ece000c3855:0xb9b976312e9a04d3","Accessibility","Wheelchair-accessible car park","1"
"0x30e29ece000c3855:0xb9b976312e9a04d3","Accessibility","Wheelchair-accessible entrance","1"
"0x30e29eefeca37c9b:0xadb2c5837629bed5","Amenities","Toilet","1"
"0x30e29eefeca37c9b:0xadb2c5837629bed5","Planning","Appointment required","1"
"0x30e29eefeca37c9b:0xadb2c5837629bed5","Planning","Appointments recommended","1"
"0x30e29eefeca37c9b:0xadb2c5837629bed5","Payments","Credit cards","1"
"0x30e29eefeca37c9b:0xadb2c5837629bed5","Payments","Debit cards","1"
"0x30e29eefeca37c9b:0xadb2c5837629bed5","Payments","NFC mobile payments","1"
"0xaea388ba133c3a83:0x8c94254216211c0e","Amenities","Toilet","1"
"0xaea388ba133c3a83:0x8c94254216211c0e","Crowd","LGBTQ+ friendly","1"
"0xaea388ba133c3a83:0x8c94254216211c0e","Crowd","Transgender safe space","1"
"0xaea388ba133c3a83:0x8c94254216211c0e","Planning","Appointment required","1"
"0xaea388ba133c3a83:0x8c94254216211c0e","Planning","Appointments recommended","1"
"0xaea388ba133c3a83:0x8c94254216211c0e","Payments","Credit cards","1"
"0xaea388ba133c3a83:0x8c94254216211c0e","Payments","Debit cards","1"
"0xaea388ba133c3a83:0x8c94254216211c0e","Payments","NFC mobile payments","1"
"0xaea388ba133c3a83:0x8c94254216211c0e","Payments","Credit cards","1"
"0xaea388ba133c3a83:0x8c94254216211c0e","Parking","On-site parking","1"
"0x30e29ee2e3c1f065:0x1c56d06936898526","Planning","Appointment required","1"
"0x30e29ee2e3c1f065:0x1c56d06936898526","Planning","Appointments recommended","1"
"0x30e29ee2e3c1f065:0x1c56d06936898526","Payments","Credit cards","1"
"0x30e29ee2e3c1f065:0x1c56d06936898526","Payments","Debit cards","1"
"0x30e29ee2e3c1f065:0x1c56d06936898526","Payments","NFC mobile payments","1"
"0x30e29ee2e3c1f065:0x1c56d06936898526","Payments","Credit cards","1"
"0x30e29f1cedcfee17:0x7bf0b32fde5d54e","Accessibility","Wheelchair-accessible entrance","1"
"0x30e29f1cedcfee17:0x7bf0b32fde5d54e","Amenities","Toilet","1"
"0x30e29f1cedcfee17:0x7bf0b32fde5d54e","Planning","Appointment required","1"
"0x30e29f1cedcfee17:0x7bf0b32fde5d54e","Planning","Appointments recommended","1"
"0x30e29f1cedcfee17:0x7bf0b32fde5d54e","Payments","Credit cards","1"
"0x30e29f1cedcfee17:0x7bf0b32fde5d54e","Payments","Debit cards","1"
"0x30e29f1cedcfee17:0x7bf0b32fde5d54e","Payments","NFC mobile payments","1"
"0x30e29f1cedcfee17:0x7bf0b32fde5d54e","Payments","Credit cards","1"
"0x30e29ef9b553df39:0x3aaad92e642ee793","Amenities","Gender-neutral toilets","1"
"0x30e29ef9b553df39:0x3aaad92e642ee793","Amenities","Toilet","1"
"0x30e29ef9b553df39:0x3aaad92e642ee793","Planning","Appointment required","1"
"0x30e29ef9b553df39:0x3aaad92e642ee793","Planning","Appointments recommended","1"
"0x30e29ef9b553df39:0x3aaad92e642ee793","Payments","Credit cards","1"
"0x30e29ef9b553df39:0x3aaad92e642ee793","Payments","Debit cards","1"
"0x30e29ef9b553df39:0x3aaad92e642ee793","Payments","Credit cards","1"
"0x30e29f9c9a01c193:0x1fc177af344b11bf","Accessibility","Wheelchair-accessible car park","1"
"0x30e29f9c9a01c193:0x1fc177af344b11bf","From the business","Identifies as women-owned","1"
"0x30e29f9c9a01c193:0x1fc177af344b11bf","Service options","On-site services","1"
"0x30e29f9c9a01c193:0x1fc177af344b11bf","Amenities","Toilet","1"
"0x30e29f9c9a01c193:0x1fc177af344b11bf","Planning","Appointment required","1"
"0x30e29f9c9a01c193:0x1fc177af344b11bf","Planning","Appointments recommended","1"
"0x30e29f9c9a01c193:0x1fc177af344b11bf","Payments","Credit cards","1"
"0x30e29f9c9a01c193:0x1fc177af344b11bf","Payments","Debit cards","1"
"0x30e29f9c9a01c193:0x1fc177af344b11bf","Payments","NFC mobile payments","1"
"0x30e29f9c9a01c193:0x1fc177af344b11bf","Payments","Credit cards","1"
"0x30e29f9c9a01c193:0x1fc177af344b11bf","Parking","Free parking lot","1"
"0x30e29f9c9a01c193:0x1fc177af344b11bf","Parking","Paid parking lot","1"
"0x30e29f059ee1cce9:0x9dd9b2fabeb93697","Amenities","Toilet","1"
"0x30e29f059ee1cce9:0x9dd9b2fabeb93697","Planning","Appointment required","1"
"0x30e29f059ee1cce9:0x9dd9b2fabeb93697","Planning","Appointments recommended","1"
"0x30e29f059ee1cce9:0x9dd9b2fabeb93697","Payments","Debit cards","1"
"0x30e29f059ee1cce9:0x9dd9b2fabeb93697","Payments","NFC mobile payments","1"
"0x30e29f059ee1cce9:0x9dd9b2fabeb93697","Payments","Credit cards","1"
"0x30e29fbb3ed53d2f:0x6f23a049cb88dcd7","Amenities","Toilet","1"
"0x30e29fbb3ed53d2f:0x6f23a049cb88dcd7","Planning","Appointments recommended","1"
"0x30e29eba0be27d7f:0xc1a8250d9029c50d","Accessibility","Wheelchair-accessible entrance","1"
"0x30e29eba0be27d7f:0xc1a8250d9029c50d","Accessibility","Wheelchair-accessible toilet","1"
"0x30e29eba0be27d7f:0xc1a8250d9029c50d","Amenities","Toilet","1"
"0x30de11417dbd9b85:0x546ed15de521fcac","Accessibility","Wheelchair-accessible car park","1"
"0x30de11417dbd9b85:0x546ed15de521fcac","Accessibility","Wheelchair-accessible entrance","1"
"0x30de11417dbd9b85:0x546ed15de521fcac","Accessibility","Wheelchair-accessible toilet","1"
"0x30de11417dbd9b85:0x546ed15de521fcac","Amenities","Toilet","1"
"0x30de11417dbd9b85:0x546ed15de521fcac","Payments","Credit cards","1"
"0x30de11417dbd9b85:0x546ed15de521fcac","Payments","Debit cards","1"
"0x30de11417dbd9b85:0x546ed15de521fcac","Payments","NFC mobile payments","1"
"0x30e29eb391ba86c3:0x78a53785700b5b36","Accessibility","Wheelchair-accessible car park","1"
"0x30e29eb391ba86c3:0x78a53785700b5b36","Accessibility","Wheelchair-accessible entrance","1"
"0x30e29eb391ba86c3:0x78a53785700b5b36","Accessibility","Wheelchair-accessible toilet","1"
"0x30e29eb391ba86c3:0x78a53785700b5b36","Amenities","Toilet","1"
"0x30e29eb391ba86c3:0x78a53785700b5b36","Planning","Appointments recommended","1"
"0x30e29eb391ba86c3:0x78a53785700b5b36","Payments","Credit cards","1"
"0x30e29eb391ba86c3:0x78a53785700b5b36","Payments","Debit cards","1"
"0x30e29eb391ba86c3:0x78a53785700b5b36","Payments","NFC mobile payments","1"
"0x30e29937fac6d307:0x76b273c7dbdf2d9","Accessibility","Wheelchair-accessible car park","1"
"0x30e29937fac6d307:0x76b273c7dbdf2d9","Accessibility","Wheelchair-accessible entrance","1"
"0x30e29937fac6d307:0x76b273c7dbdf2d9","Service options","On-site services","1"
"0x30e29937fac6d307:0x76b273c7dbdf2d9","Offerings","Medication disposal","1"
"0x30e29937fac6d307:0x76b273c7dbdf2d9","Payments","Credit cards","1"
"0x30e29937fac6d307:0x76b273c7dbdf2d9","Payments","Debit cards","1"
"0x30e29937fac6d307:0x76b273c7dbdf2d9","Payments","NFC mobile payments","1"
"0x30e29937fac6d307:0x76b273c7dbdf2d9","Payments","Credit cards","1"
"0x30e2993c78106feb:0xdf88b20ad537e8aa","Amenities","Toilet","1"
"0x30e2993c78106feb:0xdf88b20ad537e8aa","Planning","Appointment required","1"
"0x30e2993c78106feb:0xdf88b20ad537e8aa","Planning","Appointments recommended","1"
"0x30e2993c78106feb:0xdf88b20ad537e8aa","Payments","Debit cards","1"
"0x30e2993c78106feb:0xdf88b20ad537e8aa","Payments","Credit cards","1"
"0x30e29929b71e719b:0x4d091f829bff0b55","Amenities","Toilet","1"
"0x30e29929b71e719b:0x4d091f829bff0b55","Planning","Appointments recommended","1"
"0x30e29f1aefe75ccb:0x67117238da2e1af5","Offerings","Cosmetic dentistry","1"
"0x30e29f1aefe75ccb:0x67117238da2e1af5","Amenities","Toilet","1"
"0x30e29f1aefe75ccb:0x67117238da2e1af5","Planning","Appointment required","1"
"0x30e29f1aefe75ccb:0x67117238da2e1af5","Planning","Appointments recommended","1"
"0x30e29f1aefe75ccb:0x67117238da2e1af5","Payments","Debit cards","1"
"0x30e29f1aefe75ccb:0x67117238da2e1af5","Payments","NFC mobile payments","1"
"0x30e29f1aefe75ccb:0x67117238da2e1af5","Payments","Credit cards","1"
"0x30e29ff87d5c3c31:0x96e61010e15cab30","Amenities","Toilet","1"
"0x30e29ff87d5c3c31:0x96e61010e15cab30","Planning","Appointments recommended","1"
"0x30e29ff87d5c3c31:0x96e61010e15cab30","Payments","Credit cards","1"
"0x30e29ff87d5c3c31:0x96e61010e15cab30","Payments","Debit cards","1"
"0x30e29ff87d5c3c31:0x96e61010e15cab30","Payments","NFC mobile payments","1"
"0x30e29ff87d5c3c31:0x96e61010e15cab30","Payments","Credit cards","1"
"0x30e29ff87d5c3c31:0x96e61010e15cab30","Parking","Free parking lot","1"
"0x30e29fd0ab1794f9:0xc62352c8206c53ae","From the business","Identifies as women-owned","1"
"0x30e29fd0ab1794f9:0xc62352c8206c53ae","Offerings","Cosmetic dentistry","1"
"0x30e29fd0ab1794f9:0xc62352c8206c53ae","Offerings","Pediatric care","1"
"0x30e29fd0ab1794f9:0xc62352c8206c53ae","Amenities","Toilet","1"
"0x30e29fd0ab1794f9:0xc62352c8206c53ae","Planning","Appointment required","1"
"0x30e29fd0ab1794f9:0xc62352c8206c53ae","Planning","Appointments recommended","1"
"0x30e29fd0ab1794f9:0xc62352c8206c53ae","Payments","NFC mobile payments","1"
"0x30e29fd0ab1794f9:0xc62352c8206c53ae","Parking","Free parking lot","1"
"0x30e29fd0ab1794f9:0xc62352c8206c53ae","Parking","On-site parking","1"
"0x311d61990123685d:0x4076d8e0de2d567b","Accessibility","Wheelchair-accessible car park","1"
"0x311d61990123685d:0x4076d8e0de2d567b","Accessibility","Wheelchair-accessible seating","1"
"0x311d61990123685d:0x4076d8e0de2d567b","Amenities","Toilet","1"
"0x311d61990123685d:0x4076d8e0de2d567b","Planning","Appointments recommended","1"
"0x311d61990123685d:0x4076d8e0de2d567b","Payments","Debit cards","1"
"0x311d61990123685d:0x4076d8e0de2d567b","Payments","NFC mobile payments","1"
"0x30e29fc44701a80b:0xff7a81fafd2aa16","Amenities","Toilet","1"
"0x30e29fc44701a80b:0xff7a81fafd2aa16","Planning","Appointment required","1"
"0x30e29fc44701a80b:0xff7a81fafd2aa16","Planning","Appointments recommended","1"
"0x30e29fc44701a80b:0xff7a81fafd2aa16","Payments","Credit cards","1"
"0x30e29fc44701a80b:0xff7a81fafd2aa16","Payments","Debit cards","1"
"0x30e29fc44701a80b:0xff7a81fafd2aa16","Payments","NFC mobile payments","1"
"0x30e29fc44701a80b:0xff7a81fafd2aa16","Payments","Credit cards","1"
"0x30e299192c607195:0xd4bd26d1b79ae900","Amenities","Toilet","1"
"0x30e299192c607195:0xd4bd26d1b79ae900","Planning","Appointments recommended","1"
"0x30e299192c607195:0xd4bd26d1b79ae900","Payments","Debit cards","1"
"0x30e299192c607195:0xd4bd26d1b79ae900","Payments","NFC mobile payments","1"
"0x30e299192c607195:0xd4bd26d1b79ae900","Payments","Credit cards","1"
"0x30e29f3f1eecb53b:0x60e45896c5155392","Amenities","Toilet","1"
"0x30e29f3f1eecb53b:0x60e45896c5155392","Planning","Appointment required","1"
"0x30e29f3f1eecb53b:0x60e45896c5155392","Planning","Appointments recommended","1"
"0x30e29f3f1eecb53b:0x60e45896c5155392","Payments","Credit cards","1"
"0x30e29f3f1eecb53b:0x60e45896c5155392","Payments","Debit cards","1"
"0x30e29f3f1eecb53b:0x60e45896c5155392","Payments","NFC mobile payments","1"
"0x30e299e9798a606f:0x630cb43cc77b8caa","Amenities","Toilet","1"
"0x30e299e9798a606f:0x630cb43cc77b8caa","Planning","Appointments recommended","1"
"0x30e29c2abcfd8773:0xe0a55146fcbbbdbf","Accessibility","Wheelchair-accessible car park","1"
"0x30e29c2abcfd8773:0xe0a55146fcbbbdbf","Accessibility","Wheelchair-accessible entrance","1"
"0x30e29c2abcfd8773:0xe0a55146fcbbbdbf","Accessibility","Wheelchair-accessible toilet","1"
"0x30e29c2abcfd8773:0xe0a55146fcbbbdbf","Amenities","Toilet","1"
"0x30e29c2abcfd8773:0xe0a55146fcbbbdbf","Planning","Appointment required","1"
"0x30e29c2abcfd8773:0xe0a55146fcbbbdbf","Planning","Appointments recommended","1"
"0x30e29c2abcfd8773:0xe0a55146fcbbbdbf","Payments","Credit cards","1"
"0x30e29c2abcfd8773:0xe0a55146fcbbbdbf","Payments","Debit cards","1"
"0x30e29c2abcfd8773:0xe0a55146fcbbbdbf","Payments","NFC mobile payments","1"
"0x30e29c2abcfd8773:0xe0a55146fcbbbdbf","Payments","Credit cards","1"
"0x30e29c2abcfd8773:0xe0a55146fcbbbdbf","Parking","Free parking lot","1"
"0x30e29c2abcfd8773:0xe0a55146fcbbbdbf","Parking","On-site parking","1"
"0x30e29ea5e77f2989:0x9d9d610cbf85cec0","Accessibility","Wheelchair-accessible entrance","1"
"0x30e29ea5e77f2989:0x9d9d610cbf85cec0","Accessibility","Wheelchair-accessible toilet","1"
"0x30e29ea5e77f2989:0x9d9d610cbf85cec0","Amenities","Toilet","1"
"0x30e29ea5e77f2989:0x9d9d610cbf85cec0","Crowd","LGBTQ+ friendly","1"
"0x30e29ea5e77f2989:0x9d9d610cbf85cec0","Crowd","Transgender safe space","1"
"0x30e29ea5e77f2989:0x9d9d610cbf85cec0","Planning","Appointment required","1"
"0x30e29ea5e77f2989:0x9d9d610cbf85cec0","Planning","Appointments recommended","1"
"0x30e29ea5e77f2989:0x9d9d610cbf85cec0","Payments","Credit cards","1"
"0x30e29ea5e77f2989:0x9d9d610cbf85cec0","Payments","Debit cards","1"
"0x30e29ea5e77f2989:0x9d9d610cbf85cec0","Payments","NFC mobile payments","1"
"0x30e29ea5e77f2989:0x9d9d610cbf85cec0","Payments","Credit cards","1"
"0x30e29ea5e77f2989:0x9d9d610cbf85cec0","Parking","Free parking lot","1"
"0x30e2992400000000:0x756bab1d340316f8","Payments","Credit cards","1"
"0x30e2992400000000:0x756bab1d340316f8","Payments","Debit cards","1"
"0x30e2992400000000:0x756bab1d340316f8","Payments","Credit cards","1"
"0x30e2992400000000:0x756bab1d340316f8","Parking","Free of charge street parking","1"
"0x30e2992d5098fb0d:0xb0a94f3bd4d29e51","Amenities","Toilet","1"
"0x30e2992d5098fb0d:0xb0a94f3bd4d29e51","Crowd","LGBTQ+ friendly","1"
"0x30e2992d5098fb0d:0xb0a94f3bd4d29e51","Crowd","Transgender safe space","1"
"0x30e2992d5098fb0d:0xb0a94f3bd4d29e51","Planning","Appointment required","1"
"0x30e2992d5098fb0d:0xb0a94f3bd4d29e51","Planning","Appointments recommended","1"
"0x30e29fe63cd2f3a1:0x7253a9f43b644738","Amenities","Toilet","1"
"0x30e29fe63cd2f3a1:0x7253a9f43b644738","Planning","Appointments recommended","1"
"0x30e29fe63cd2f3a1:0x7253a9f43b644738","Payments","Credit cards","1"
"0x30e29fe63cd2f3a1:0x7253a9f43b644738","Payments","Debit cards","1"
"0x30e29fe63cd2f3a1:0x7253a9f43b644738","Payments","NFC mobile payments","1"
"0x30e29f1811b9821f:0xd67e6f09f61bed95","Accessibility","Wheelchair-accessible entrance","1"
"0x30e29f1811b9821f:0xd67e6f09f61bed95","Amenities","Toilet","1"
"0x30e29f1811b9821f:0xd67e6f09f61bed95","Planning","Appointments recommended","1"
"0x30e29f1811b9821f:0xd67e6f09f61bed95","Payments","NFC mobile payments","1"
"0x30e29ee76f70e957:0xc3ffbb26a87e7ddf","Amenities","Toilet","1"
"0x30e29ee76f70e957:0xc3ffbb26a87e7ddf","Planning","Appointments recommended","1"
"0x30e29ee76f70e957:0xc3ffbb26a87e7ddf","Payments","Debit cards","1"
"0x30e29ee76f70e957:0xc3ffbb26a87e7ddf","Payments","NFC mobile payments","1"
"0x30e29ee76f70e957:0xc3ffbb26a87e7ddf","Payments","Credit cards","1"
"0x30e29febcbc4d22b:0xd949c671bb64645d","Accessibility","Wheelchair-accessible car park","1"
"0x30e29febcbc4d22b:0xd949c671bb64645d","Accessibility","Wheelchair-accessible entrance","1"
"0x30e29febcbc4d22b:0xd949c671bb64645d","Accessibility","Wheelchair-accessible toilet","1"
"0x30e29febcbc4d22b:0xd949c671bb64645d","Amenities","Toilet","1"
"0x30e29febcbc4d22b:0xd949c671bb64645d","Planning","Appointment required","1"
"0x30e29febcbc4d22b:0xd949c671bb64645d","Planning","Appointments recommended","1"
"0x30e29febcbc4d22b:0xd949c671bb64645d","Payments","Debit cards","1"
"0x30e29febcbc4d22b:0xd949c671bb64645d","Payments","NFC mobile payments","1"
"0x30e29ee80e4a360b:0x7f98837ca7d18381","Accessibility","Wheelchair-accessible car park","1"
"0x30e29ee80e4a360b:0x7f98837ca7d18381","Accessibility","Wheelchair-accessible entrance","1"
"0x30e29ee80e4a360b:0x7f98837ca7d18381","Payments","Credit cards","1"
"0x30e29ee80e4a360b:0x7f98837ca7d18381","Payments","Debit cards","1"
"0x30e29ee80e4a360b:0x7f98837ca7d18381","Payments","NFC mobile payments","1"
"0x30e29ee319511537:0xacbbfa9df50c3bcd","Accessibility","Wheelchair-accessible car park","1"
"0x30e29ee319511537:0xacbbfa9df50c3bcd","Accessibility","Wheelchair-accessible entrance","1"
"0x30e29ee319511537:0xacbbfa9df50c3bcd","Accessibility","Wheelchair-accessible toilet","1"
"0x30e29ee319511537:0xacbbfa9df50c3bcd","Service options","On-site services","1"
"0x30e29ee319511537:0xacbbfa9df50c3bcd","Amenities","Toilet","1"
"0x30e29ee319511537:0xacbbfa9df50c3bcd","Planning","Appointment required","1"
"0x30e29ee319511537:0xacbbfa9df50c3bcd","Planning","Appointments recommended","1"
"0x30e29ee319511537:0xacbbfa9df50c3bcd","Payments","Credit cards","1"
"0x30e29ee319511537:0xacbbfa9df50c3bcd","Payments","Debit cards","1"
"0x30e29ee319511537:0xacbbfa9df50c3bcd","Payments","NFC mobile payments","1"
"0x30e29eb0d733dc9d:0x63c42ce3858b0a76","Accessibility","Wheelchair-accessible car park","1"
"0x30e29eb0d733dc9d:0x63c42ce3858b0a76","Accessibility","Wheelchair-accessible entrance","1"
"0x30e29eb0d733dc9d:0x63c42ce3858b0a76","Accessibility","Wheelchair-accessible seating","1"
"0x30e29eb0d733dc9d:0x63c42ce3858b0a76","Service options","On-site services","1"
"0x30e29eb0d733dc9d:0x63c42ce3858b0a76","Amenities","Toilet","1"
"0x30e29eb0d733dc9d:0x63c42ce3858b0a76","Crowd","LGBTQ+ friendly","1"
"0x30e29eb0d733dc9d:0x63c42ce3858b0a76","Crowd","Transgender safe space","1"
"0x30e29eb0d733dc9d:0x63c42ce3858b0a76","Planning","Appointment required","1"
"0x30e29eb0d733dc9d:0x63c42ce3858b0a76","Planning","Appointments recommended","1"
"0x30e29eb0d733dc9d:0x63c42ce3858b0a76","Payments","Credit cards","1"
"0x30e29eb0d733dc9d:0x63c42ce3858b0a76","Parking","Free multi-storey car park","1"
"0x30e29eb0d733dc9d:0x63c42ce3858b0a76","Parking","Free parking lot","1"
"0x30e29eb0d733dc9d:0x63c42ce3858b0a76","Parking","On-site parking","1"
"0x30e29d52bc5862c5:0x4e988d4f96e51343","Amenities","Toilet","1"
"0x30e29d52bc5862c5:0x4e988d4f96e51343","Planning","Appointments recommended","1"
"0x30e29d52bc5862c5:0x4e988d4f96e51343","Payments","Credit cards","1"
"0x30e29d52bc5862c5:0x4e988d4f96e51343","Payments","Debit cards","1"
"0x30e29d52bc5862c5:0x4e988d4f96e51343","Payments","NFC mobile payments","1"
"0x30e29eb17fe294ef:0x3d35c7c48223a0f4","Accessibility","Wheelchair-accessible car park","1"
"0x30e29eb17fe294ef:0x3d35c7c48223a0f4","Accessibility","Wheelchair-accessible entrance","1"
"0x30e29eb17fe294ef:0x3d35c7c48223a0f4","Offerings","Medication disposal","1"
"0x30e29eb17fe294ef:0x3d35c7c48223a0f4","Payments","Credit cards","1"
"0x30e29eb17fe294ef:0x3d35c7c48223a0f4","Payments","Debit cards","1"
"0x30e29eb17fe294ef:0x3d35c7c48223a0f4","Payments","NFC mobile payments","1"
"0x30e2996c3a9dd6a1:0x21cf920295f3764e","Amenities","Toilet","1"
"0x30e2996c3a9dd6a1:0x21cf920295f3764e","Planning","Appointment required","1"
"0x30e2996c3a9dd6a1:0x21cf920295f3764e","Planning","Appointments recommended","1"
"0x30e2996c3a9dd6a1:0x21cf920295f3764e","Payments","NFC mobile payments","1"
"0x30e299689a6f0281:0xbb7169a84cedfdd5","Amenities","Toilet","1"
"0x30e299689a6f0281:0xbb7169a84cedfdd5","Planning","Appointments recommended","1"
"0x30e299689a6f0281:0xbb7169a84cedfdd5","Payments","Credit cards","1"
"0x30e299689a6f0281:0xbb7169a84cedfdd5","Payments","Debit cards","1"
"0x30e299689a6f0281:0xbb7169a84cedfdd5","Payments","NFC mobile payments","1"
"0x30e299689a6f0281:0xbb7169a84cedfdd5","Payments","Credit cards","1"
"0x30e29be2b2e7b7f9:0x901a9abb99f55e44","Accessibility","Wheelchair-accessible toilet","1"
"0x30e29be2b2e7b7f9:0x901a9abb99f55e44","Amenities","Toilet","1"
"0x30e29be2b2e7b7f9:0x901a9abb99f55e44","Planning","Appointments recommended","1"
"0x30e29be2b2e7b7f9:0x901a9abb99f55e44","Payments","NFC mobile payments","1"
"0x30e299a8d23ab7c1:0xfb9d208c08bbe4b9","Amenities","Toilet","1"
"0x30e299a8d23ab7c1:0xfb9d208c08bbe4b9","Planning","Appointments recommended","1"
"0x30e29efe51d7c06f:0x10020a891148306e","Accessibility","Wheelchair-accessible car park","1"
"0x30e29efe51d7c06f:0x10020a891148306e","Amenities","Toilet","1"
"0x30e29efe51d7c06f:0x10020a891148306e","Planning","Appointments recommended","1"
"0x30e29eca66c24e73:0xe100aa3fb22630ba","Accessibility","Wheelchair-accessible toilet","1"
"0x30e29eca66c24e73:0xe100aa3fb22630ba","Service options","On-site services","1"
"0x30e29eca66c24e73:0xe100aa3fb22630ba","Amenities","Toilet","1"
"0x30e29eca66c24e73:0xe100aa3fb22630ba","Planning","Appointment required","1"
"0x30e29eca66c24e73:0xe100aa3fb22630ba","Planning","Appointments recommended","1"
"0x30e29eca66c24e73:0xe100aa3fb22630ba","Payments","Credit cards","1"
"0x30e29eca66c24e73:0xe100aa3fb22630ba","Payments","Debit cards","1"
"0x30e29eca66c24e73:0xe100aa3fb22630ba","Payments","NFC mobile payments","1"
"0x30e29968ac31e06b:0x2da945c932b2492d","Amenities","Toilet","1"
"0x30e29968ac31e06b:0x2da945c932b2492d","Planning","Appointment required","1"
"0x30e29968ac31e06b:0x2da945c932b2492d","Planning","Appointments recommended","1"
"0x30e29968ac31e06b:0x2da945c932b2492d","Payments","Debit cards","1"
"0x30e29968ac31e06b:0x2da945c932b2492d","Payments","NFC mobile payments","1"
"0x30e29968ac31e06b:0x2da945c932b2492d","Payments","Credit cards","1"
"0x30e29f3ad9823fdf:0xc26324bb23396a5c","Accessibility","Wheelchair-accessible car park","1"
"0x30e29f3ad9823fdf:0xc26324bb23396a5c","Accessibility","Wheelchair-accessible entrance","1"
"0x30e29f3ad9823fdf:0xc26324bb23396a5c","Accessibility","Wheelchair-accessible seating","1"
"0x30e29f3ad9823fdf:0xc26324bb23396a5c","Accessibility","Wheelchair-accessible toilet","1"
"0x30e29f3ad9823fdf:0xc26324bb23396a5c","Service options","On-site services","1"
"0x30e29f3ad9823fdf:0xc26324bb23396a5c","Amenities","Gender-neutral toilets","1"
"0x30e29f3ad9823fdf:0xc26324bb23396a5c","Amenities","Toilet","1"
"0x30e29f3ad9823fdf:0xc26324bb23396a5c","Crowd","LGBTQ+ friendly","1"
"0x30e29f3ad9823fdf:0xc26324bb23396a5c","Crowd","Transgender safe space","1"
"0x30e29f3ad9823fdf:0xc26324bb23396a5c","Planning","Appointment required","1"
"0x30e29f3ad9823fdf:0xc26324bb23396a5c","Planning","Appointments recommended","1"
"0x30e29f3ad9823fdf:0xc26324bb23396a5c","Payments","Credit cards","1"
"0x30e29f3ad9823fdf:0xc26324bb23396a5c","Payments","Debit cards","1"
"0x30e29f3ad9823fdf:0xc26324bb23396a5c","Payments","NFC mobile payments","1"
"0x30e29f6123e5c6b5:0x9b106c9037386ca7","Amenities","Toilet","1"
"0x30e29ede1812d819:0xf005dbbe6c8b255","Accessibility","Wheelchair-accessible car park","1"
"0x30e29ede1812d819:0xf005dbbe6c8b255","Accessibility","Wheelchair-accessible entrance","1"
"0x30e29ede1812d819:0xf005dbbe6c8b255","Accessibility","Wheelchair-accessible seating","1"
"0x30e29ede1812d819:0xf005dbbe6c8b255","Accessibility","Wheelchair-accessible toilet","1"
"0x30e29ede1812d819:0xf005dbbe6c8b255","From the business","Identifies as women-owned","1"
"0x30e29ede1812d819:0xf005dbbe6c8b255","Service options","On-site services","1"
"0x30e29ede1812d819:0xf005dbbe6c8b255","Amenities","Toilet","1"
"0x30e29ede1812d819:0xf005dbbe6c8b255","Crowd","LGBTQ+ friendly","1"
"0x30e29ede1812d819:0xf005dbbe6c8b255","Crowd","Transgender safe space","1"
"0x30e29ede1812d819:0xf005dbbe6c8b255","Planning","Appointment required","1"
"0x30e29ede1812d819:0xf005dbbe6c8b255","Planning","Appointments recommended","1"
"0x30e29ede1812d819:0xf005dbbe6c8b255","Payments","Credit cards","1"
"0x30e29ede1812d819:0xf005dbbe6c8b255","Payments","Debit cards","1"
"0x30e29ede1812d819:0xf005dbbe6c8b255","Payments","NFC mobile payments","1"
"0x30e29ede1812d819:0xf005dbbe6c8b255","Payments","Credit cards","1"
"0x30e29ede1812d819:0xf005dbbe6c8b255","Parking","On-site parking","1"
"0x30e29f00242a5f3b:0x7578d77a45fcf09f","Amenities","Toilet","1"
"0x6fe335a9933f3423:0x581f8a606c9c4a14","Amenities","Toilet","1"
"0x6fe335a9933f3423:0x581f8a606c9c4a14","Planning","Appointment required","1"
"0x6fe335a9933f3423:0x581f8a606c9c4a14","Planning","Appointments recommended","1"
"0x6fe335a9933f3423:0x581f8a606c9c4a14","Payments","NFC mobile payments","1"
"0x30e29e8734d33061:0x7a5bb80e48470737","Accessibility","Wheelchair-accessible car park","1"
"0x30e29e8734d33061:0x7a5bb80e48470737","Accessibility","Wheelchair-accessible entrance","1"
"0x30e29e8734d33061:0x7a5bb80e48470737","Accessibility","Wheelchair-accessible toilet","1"
"0x30e29e8734d33061:0x7a5bb80e48470737","Service options","On-site services","1"
"0x30e29e8734d33061:0x7a5bb80e48470737","Amenities","Gender-neutral toilets","1"
"0x30e29e8734d33061:0x7a5bb80e48470737","Amenities","Toilet","1"
"0x30e29e8734d33061:0x7a5bb80e48470737","Planning","Appointment required","1"
"0x30e29e8734d33061:0x7a5bb80e48470737","Planning","Appointments recommended","1"
"0x30e29e8734d33061:0x7a5bb80e48470737","Payments","Credit cards","1"
"0x30e29e8734d33061:0x7a5bb80e48470737","Payments","Debit cards","1"
"0x30e29e8734d33061:0x7a5bb80e48470737","Payments","NFC mobile payments","1"
"0x30e29e8734d33061:0x7a5bb80e48470737","Parking","Free parking lot","1"
"0x30e29e8734d33061:0x7a5bb80e48470737","Parking","On-site parking","1"
"0x30e29e8734d33061:0x7a5bb80e48470737","Parking","Paid parking lot","1"
"0x30e29e87011c6d89:0x2a5199dc64566af4","Accessibility","Wheelchair-accessible car park","1"
"0x30e29e87011c6d89:0x2a5199dc64566af4","Accessibility","Wheelchair-accessible entrance","1"
"0x30e29e87011c6d89:0x2a5199dc64566af4","Amenities","Toilet","1"
"0x30e29e87011c6d89:0x2a5199dc64566af4","Planning","Appointments recommended","1"
"0x30e29e87011c6d89:0x2a5199dc64566af4","Payments","Credit cards","1"
"0x30e29e87011c6d89:0x2a5199dc64566af4","Payments","Debit cards","1"
"0x30e29e87011c6d89:0x2a5199dc64566af4","Payments","NFC mobile payments","1"
"0x30e29e87011c6d89:0x2a5199dc64566af4","Payments","Credit cards","1"
"0x30e29f924a98ab37:0x5fd7a5c89c29541c","Amenities","Toilet","1"
"0x30e29f924a98ab37:0x5fd7a5c89c29541c","Planning","Appointments recommended","1"
"0x30e29f924a98ab37:0x5fd7a5c89c29541c","Payments","NFC mobile payments","1"
"0x30e2993228a4fb4f:0xecc4cba94b71b25","Accessibility","Wheelchair-accessible car park","1"
"0x30e2993228a4fb4f:0xecc4cba94b71b25","Accessibility","Wheelchair-accessible entrance","1"
"0x30e2993228a4fb4f:0xecc4cba94b71b25","Accessibility","Wheelchair-accessible toilet","1"
"0x30e2993228a4fb4f:0xecc4cba94b71b25","Service options","No-contact delivery","1"
"0x30e2993228a4fb4f:0xecc4cba94b71b25","Service options","Delivery","1"
"0x30e2993228a4fb4f:0xecc4cba94b71b25","Service options","On-site services","1"
"0x30e2993228a4fb4f:0xecc4cba94b71b25","Highlights","Great produce","1"
"0x30e2993228a4fb4f:0xecc4cba94b71b25","Offerings","Food","1"
"0x30e2993228a4fb4f:0xecc4cba94b71b25","Amenities","Toilet","1"
"0x30e2993228a4fb4f:0xecc4cba94b71b25","Planning","Appointment required","1"
"0x30e2993228a4fb4f:0xecc4cba94b71b25","Planning","Quick visit","1"
"0x30e2993228a4fb4f:0xecc4cba94b71b25","Recycling","Glass bottles","1"
"0x30e2993228a4fb4f:0xecc4cba94b71b25","Recycling","Metal cans","1"
"0x30e2993228a4fb4f:0xecc4cba94b71b25","Recycling","Plastic bags","1"
"0x30e2993228a4fb4f:0xecc4cba94b71b25","Payments","Cheques","1"
"0x30e2993228a4fb4f:0xecc4cba94b71b25","Payments","Credit cards","1"
"0x30e2993228a4fb4f:0xecc4cba94b71b25","Payments","Debit cards","1"
"0x30e2993228a4fb4f:0xecc4cba94b71b25","Payments","NFC mobile payments","1"
"0x30e2993228a4fb4f:0xecc4cba94b71b25","Payments","Credit cards","1"
"0x30e2993228a4fb4f:0xecc4cba94b71b25","Parking","Free multi-storey car park","1"
"0x30e2993228a4fb4f:0xecc4cba94b71b25","Parking","Free of charge street parking","1"
"0x30e2993228a4fb4f:0xecc4cba94b71b25","Parking","Free parking lot","1"
"0x30e2993228a4fb4f:0xecc4cba94b71b25","Parking","On-site parking","1"
"0x30e2993228a4fb4f:0xecc4cba94b71b25","Parking","Paid multi-storey car park","1"
"0x30e2993228a4fb4f:0xecc4cba94b71b25","Parking","Paid parking lot","1"
"0x30e2993228a4fb4f:0xecc4cba94b71b25","Parking","Paid street parking","1"
"0x30e29ecce1ca39b7:0x7a4556536da1999e","Accessibility","Wheelchair-accessible car park","1"
"0x30e29ecce1ca39b7:0x7a4556536da1999e","Accessibility","Wheelchair-accessible entrance","1"
"0x30e29ecce1ca39b7:0x7a4556536da1999e","Amenities","Toilet","1"
"0x30e29ecce1ca39b7:0x7a4556536da1999e","Planning","Appointments recommended","1"
"0x30e29ecce1ca39b7:0x7a4556536da1999e","Payments","Credit cards","1"
"0x30e29ecce1ca39b7:0x7a4556536da1999e","Payments","Debit cards","1"
"0x30e29ecce1ca39b7:0x7a4556536da1999e","Payments","NFC mobile payments","1"
"0x30e29eb9c1960a89:0x5458f012f6970f6c","Amenities","Toilet","1"
"0x30e29eb9c1960a89:0x5458f012f6970f6c","Planning","Appointments recommended","1"
"0x30e2993bbc8caf2d:0x11700c1696619f98","Accessibility","Wheelchair-accessible car park","1"
"0x30e2993bbc8caf2d:0x11700c1696619f98","Accessibility","Wheelchair-accessible entrance","1"
"0x30e2993bbc8caf2d:0x11700c1696619f98","Service options","On-site services","1"
"0x30e2993bbc8caf2d:0x11700c1696619f98","Crowd","LGBTQ+ friendly","1"
"0x30e2993bbc8caf2d:0x11700c1696619f98","Crowd","Transgender safe space","1"
"0x30e2993bbc8caf2d:0x11700c1696619f98","Payments","Credit cards","1"
"0x30e2993bbc8caf2d:0x11700c1696619f98","Payments","Debit cards","1"
"0x30e2993bbc8caf2d:0x11700c1696619f98","Payments","NFC mobile payments","1"
"0x30e2993bbc8caf2d:0x11700c1696619f98","Payments","Credit cards","1"
"0x30e2993bbc8caf2d:0x11700c1696619f98","Children","Nursing room","1"
"0x30e2993bbc8caf2d:0x11700c1696619f98","Parking","Free parking lot","1"
"0x30e2993bbc8caf2d:0x11700c1696619f98","Parking","On-site parking","1"
"0x30e29f45c3a09f61:0x6f975cd224b3fa5f","Accessibility","Wheelchair-accessible seating","1"
"0x30e29f45c3a09f61:0x6f975cd224b3fa5f","Accessibility","Wheelchair-accessible toilet","1"
"0x30e29f45c3a09f61:0x6f975cd224b3fa5f","From the business","Identifies as women-owned","1"
"0x30e29f45c3a09f61:0x6f975cd224b3fa5f","Offerings","Pediatric care","1"
"0x30e29f45c3a09f61:0x6f975cd224b3fa5f","Amenities","Toilet","1"
"0x30e29f45c3a09f61:0x6f975cd224b3fa5f","Crowd","LGBTQ+ friendly","1"
"0x30e29f45c3a09f61:0x6f975cd224b3fa5f","Crowd","Transgender safe space","1"
"0x30e29f45c3a09f61:0x6f975cd224b3fa5f","Planning","Appointments recommended","1"
"0x30e29f45c3a09f61:0x6f975cd224b3fa5f","Payments","Credit cards","1"
"0x30e29f45c3a09f61:0x6f975cd224b3fa5f","Payments","Debit cards","1"
"0x30e29f45c3a09f61:0x6f975cd224b3fa5f","Payments","NFC mobile payments","1"
"0x30e29f003f8ba4fb:0xa57986c76b58a648","Accessibility","Wheelchair-accessible seating","1"
"0x30e29f003f8ba4fb:0xa57986c76b58a648","Service options","On-site services","1"
"0x30e29f003f8ba4fb:0xa57986c76b58a648","Offerings","Cosmetic dentistry","1"
"0x30e29f003f8ba4fb:0xa57986c76b58a648","Offerings","Emergency services","1"
"0x30e29f003f8ba4fb:0xa57986c76b58a648","Amenities","Gender-neutral toilets","1"
"0x30e29f003f8ba4fb:0xa57986c76b58a648","Amenities","Toilet","1"
"0x30e29f003f8ba4fb:0xa57986c76b58a648","Crowd","Transgender safe space","1"
"0x30e29f003f8ba4fb:0xa57986c76b58a648","Planning","Appointments recommended","1"
"0x30e29ea763d9cc0b:0x1e31be4726df9fba","Amenities","Toilet","1"
"0x30e29ea763d9cc0b:0x1e31be4726df9fba","Planning","Appointments recommended","1"
"0x30e29ea763d9cc0b:0x1e31be4726df9fba","Payments","Credit cards","1"
"0x30e29ea763d9cc0b:0x1e31be4726df9fba","Payments","Debit cards","1"
"0x30e29ea763d9cc0b:0x1e31be4726df9fba","Payments","NFC mobile payments","1"
"0x30e29f2baa0d02a9:0xc3c2121f65ae1643","Accessibility","Wheelchair-accessible car park","1"
"0x30e29f2baa0d02a9:0xc3c2121f65ae1643","Accessibility","Wheelchair-accessible entrance","1"
"0x30e29f2baa0d02a9:0xc3c2121f65ae1643","Amenities","Toilet","1"
"0x30e29f2baa0d02a9:0xc3c2121f65ae1643","Planning","Appointments recommended","1"
"0x30e29f2baa0d02a9:0xc3c2121f65ae1643","Payments","Debit cards","1"
"0x30e29f2baa0d02a9:0xc3c2121f65ae1643","Payments","Credit cards","1"
"0x30e299ac66e0e709:0xf8e18808d95d2a1a","Amenities","Gender-neutral toilets","1"
"0x30e299ac66e0e709:0xf8e18808d95d2a1a","Amenities","Toilet","1"
"0x30e299ac66e0e709:0xf8e18808d95d2a1a","Planning","Appointments recommended","1"
"0x30e299ac66e0e709:0xf8e18808d95d2a1a","Payments","Debit cards","1"
"0x30e299ac66e0e709:0xf8e18808d95d2a1a","Payments","NFC mobile payments","1"
"0x30e299ac66e0e709:0xf8e18808d95d2a1a","Payments","Credit cards","1"
"0x30e2996c45b17601:0x687c8ca945e75d6f","Accessibility","Wheelchair-accessible toilet","1"
"0x30e2996c45b17601:0x687c8ca945e75d6f","Amenities","Gender-neutral toilets","1"
"0x30e2996c45b17601:0x687c8ca945e75d6f","Amenities","Toilet","1"
"0x30e2996c45b17601:0x687c8ca945e75d6f","Planning","Appointments recommended","1"
"0x30e2996c45b17601:0x687c8ca945e75d6f","Payments","Credit cards","1"
"0x30e2996c45b17601:0x687c8ca945e75d6f","Payments","Debit cards","1"
"0x30e2996c45b17601:0x687c8ca945e75d6f","Payments","NFC mobile payments","1"
"0x30e29926ae2b9da3:0xcb799077eca6ac9a","Amenities","Toilet","1"
"0x30e29926ae2b9da3:0xcb799077eca6ac9a","Planning","Appointments recommended","1"
"0x30e29926ae2b9da3:0xcb799077eca6ac9a","Payments","Debit cards","1"
"0x30e29926ae2b9da3:0xcb799077eca6ac9a","Payments","NFC mobile payments","1"
"0x30e2998eeb4d758d:0x1fe7360c80daaf69","Offerings","Pediatric care","1"
"0x30e2998eeb4d758d:0x1fe7360c80daaf69","Amenities","Toilet","1"
"0x30e2998eeb4d758d:0x1fe7360c80daaf69","Planning","Appointments recommended","1"
"0x30e2998eeb4d758d:0x1fe7360c80daaf69","Payments","Credit cards","1"
"0x30e2998eeb4d758d:0x1fe7360c80daaf69","Payments","Debit cards","1"
"0x30e2998eeb4d758d:0x1fe7360c80daaf69","Payments","NFC mobile payments","1"
"0x30e2987d76e9d67f:0x1a39eb2f420bd989","Accessibility","Wheelchair-accessible toilet","1"
"0x30e2987d76e9d67f:0x1a39eb2f420bd989","Amenities","Toilet","1"
"0x30e2987d76e9d67f:0x1a39eb2f420bd989","Crowd","LGBTQ+ friendly","1"
"0x30e2987d76e9d67f:0x1a39eb2f420bd989","Crowd","Transgender safe space","1"
"0x30e2987d76e9d67f:0x1a39eb2f420bd989","Planning","Appointments recommended","1"
"0x30e2987d76e9d67f:0x1a39eb2f420bd989","Payments","Debit cards","1"
"0x30e2987d76e9d67f:0x1a39eb2f420bd989","Payments","NFC mobile payments","1"
"0x30e2987d76e9d67f:0x1a39eb2f420bd989","Payments","Credit cards","1"
"0x30e299b60d4b1dc3:0xfe0442831da4a4b2","From the business","Identifies as women-owned","1"
"0x30e299b60d4b1dc3:0xfe0442831da4a4b2","Amenities","Toilet","1"
"0x30e299b60d4b1dc3:0xfe0442831da4a4b2","Planning","Appointments recommended","1"
"0x30e299b60d4b1dc3:0xfe0442831da4a4b2","Payments","NFC mobile payments","1"
"0x30e29900576661f9:0xa250b059650fde6b","Amenities","Toilet","1"
"0x30e29900576661f9:0xa250b059650fde6b","Planning","Appointments recommended","1"
"0x30e29900576661f9:0xa250b059650fde6b","Payments","Credit cards","1"
"0x30e29900576661f9:0xa250b059650fde6b","Payments","Debit cards","1"
"0x30e29900576661f9:0xa250b059650fde6b","Payments","NFC mobile payments","1"
"0x30e29900576661f9:0xa250b059650fde6b","Parking","Free multi-storey car park","1"
"0x30e29900576661f9:0xa250b059650fde6b","Parking","On-site parking","1"
"0x30e298c5a940627f:0x8c6d62247d805794","Amenities","Toilet","1"
"0x30e298c5a940627f:0x8c6d62247d805794","Payments","NFC mobile payments","1"
"0x30e298d2c9bc3593:0x85741145d19dd87","Accessibility","Wheelchair-accessible car park","1"
"0x30e298d2c9bc3593:0x85741145d19dd87","Accessibility","Wheelchair-accessible entrance","1"
"0x30e298d2c9bc3593:0x85741145d19dd87","Amenities","Toilet","1"
"0x30e298d2c9bc3593:0x85741145d19dd87","Planning","Appointment required","1"
"0x30e298d2c9bc3593:0x85741145d19dd87","Planning","Appointments recommended","1"
"0x30e298d2c9bc3593:0x85741145d19dd87","Payments","Debit cards","1"
"0x30e298d2c9bc3593:0x85741145d19dd87","Payments","NFC mobile payments","1"
"0x30e29f5f6450b3b7:0x628f01f21d564c90","Accessibility","Wheelchair-accessible entrance","1"
"0x30e29f5f6450b3b7:0x628f01f21d564c90","From the business","Identifies as women-owned","1"
"0x30e29f5f6450b3b7:0x628f01f21d564c90","Service options","On-site services","1"
"0x30e29f5f6450b3b7:0x628f01f21d564c90","Amenities","Gender-neutral toilets","1"
"0x30e29f5f6450b3b7:0x628f01f21d564c90","Crowd","LGBTQ+ friendly","1"
"0x30e29f5f6450b3b7:0x628f01f21d564c90","Crowd","Transgender safe space","1"
"0x30e29f5f6450b3b7:0x628f01f21d564c90","Payments","Credit cards","1"
"0x30e29f5f6450b3b7:0x628f01f21d564c90","Payments","Debit cards","1"
"0x30e29f5f6450b3b7:0x628f01f21d564c90","Payments","NFC mobile payments","1"
"0x30e29f5f6450b3b7:0x628f01f21d564c90","Payments","Credit cards","1"
"0x30e29f5f6450b3b7:0x628f01f21d564c90","Parking","On-site parking","1"
"0x30e298cb16844463:0xb62f0a0045034cd0","Amenities","Toilet","1"
"0x30e298cb16844463:0xb62f0a0045034cd0","Planning","Appointments recommended","1"
"0x30e29e944e40c79f:0x3c4ad299a1b908d7","Amenities","Toilet","1"
"0x30e29e944e40c79f:0x3c4ad299a1b908d7","Planning","Appointments recommended","1"
"0x30e29ea65869e699:0x8e52e996da4f5bd1","Amenities","Toilet","1"
"0x30e29ea65869e699:0x8e52e996da4f5bd1","Planning","Appointments recommended","1"
"0x30e29e9dea78dec5:0xa8086644d4132ae7","Amenities","Toilet","1"
"0x30e29c015e8b1a8b:0x6114be55af46128","Amenities","Toilet","1"
"0x30e29c015e8b1a8b:0x6114be55af46128","Planning","Appointments recommended","1"
"0x30e29daddaf18e47:0xc6fd91e439be1efb","Service options","On-site services","1"
"0x30e29daddaf18e47:0xc6fd91e439be1efb","Amenities","Toilet","1"
"0x30e29daddaf18e47:0xc6fd91e439be1efb","Crowd","LGBTQ+ friendly","1"
"0x30e29daddaf18e47:0xc6fd91e439be1efb","Planning","Appointments recommended","1"
"0x30e29daddaf18e47:0xc6fd91e439be1efb","Payments","Credit cards","1"
"0x30e29daddaf18e47:0xc6fd91e439be1efb","Payments","Debit cards","1"
"0x30e29daddaf18e47:0xc6fd91e439be1efb","Payments","NFC mobile payments","1"
"0x30e29daddaf18e47:0xc6fd91e439be1efb","Parking","Free parking lot","1"
"0x30e29daddaf18e47:0xc6fd91e439be1efb","Parking","On-site parking","1"
"0x30e29dd4be5a9459:0xc0b2b9f79114995a","Service options","On-site services","1"
"0x30e29dd4be5a9459:0xc0b2b9f79114995a","Amenities","Toilet","1"
"0x30e29dd4be5a9459:0xc0b2b9f79114995a","Crowd","LGBTQ+ friendly","1"
"0x30e29dd4be5a9459:0xc0b2b9f79114995a","Crowd","Transgender safe space","1"
"0x30e29dd4be5a9459:0xc0b2b9f79114995a","Planning","Appointments recommended","1"
"0x30e29dd4be5a9459:0xc0b2b9f79114995a","Payments","Credit cards","1"
"0x30e29dd4be5a9459:0xc0b2b9f79114995a","Payments","NFC mobile payments","1"
"0x30e29dd4be5a9459:0xc0b2b9f79114995a","Parking","Free of charge street parking","1"
"0x30e29dd4be5a9459:0xc0b2b9f79114995a","Parking","Free parking lot","1"
"0x30e29dd4be5a9459:0xc0b2b9f79114995a","Parking","On-site parking","1"
"0x30e29d1fd6142ee5:0xbd27013b5274382f","Amenities","Toilet","1"
"0x30e29d1fd6142ee5:0xbd27013b5274382f","Planning","Appointments recommended","1"
"0x30e29d1fd6142ee5:0xbd27013b5274382f","Payments","Credit cards","1"
"0x30e29d1fd6142ee5:0xbd27013b5274382f","Payments","Debit cards","1"
"0x30e29d1fd6142ee5:0xbd27013b5274382f","Payments","Credit cards","1"
"0x30e29d1fd6142ee5:0xbd27013b5274382f","Parking","Free of charge street parking","1"
"0x30e29d1fd6142ee5:0xbd27013b5274382f","Parking","On-site parking","1"
"0x30e29d1fd6142ee5:0xbd27013b5274382f","Parking","Paid multi-storey car park","1"
"0x30e29d1fd6142ee5:0xbd27013b5274382f","Parking","Paid parking lot","1"
"0x30e29d282f9e84d7:0x906024b3abea54aa","Amenities","Toilet","1"
"0x30e29d282f9e84d7:0x906024b3abea54aa","Planning","Appointments recommended","1"
"0x30e29d282f9e84d7:0x906024b3abea54aa","Payments","NFC mobile payments","1"
"0x30e29bc9c6449d9d:0xb66be882578b7640","Accessibility","Wheelchair-accessible car park","1"
"0x30e29bc9c6449d9d:0xb66be882578b7640","Accessibility","Wheelchair-accessible entrance","1"
"0x30e29bc9c6449d9d:0xb66be882578b7640","Service options","On-site services","1"
"0x30e29bc9c6449d9d:0xb66be882578b7640","Offerings","Cosmetic dentistry","1"
"0x30e29bc9c6449d9d:0xb66be882578b7640","Offerings","Emergency services","1"
"0x30e29bc9c6449d9d:0xb66be882578b7640","Amenities","Gender-neutral toilets","1"
"0x30e29bc9c6449d9d:0xb66be882578b7640","Amenities","Toilet","1"
"0x30e29bc9c6449d9d:0xb66be882578b7640","Crowd","LGBTQ+ friendly","1"
"0x30e29bc9c6449d9d:0xb66be882578b7640","Crowd","Transgender safe space","1"
"0x30e29bc9c6449d9d:0xb66be882578b7640","Planning","Appointment required","1"
"0x30e29bc9c6449d9d:0xb66be882578b7640","Planning","Appointments recommended","1"
"0x30e29bc9c6449d9d:0xb66be882578b7640","Payments","Credit cards","1"
"0x30e29bc9c6449d9d:0xb66be882578b7640","Payments","Debit cards","1"
"0x30e29bc9c6449d9d:0xb66be882578b7640","Payments","NFC mobile payments","1"
"0x30e29bc9c6449d9d:0xb66be882578b7640","Payments","Credit cards","1"
"0x30e29bc9c6449d9d:0xb66be882578b7640","Parking","Free parking lot","1"
"0x30e2998148e13c6f:0xa07d9f9b995fb08b","Amenities","Toilet","1"
"0x30e2998148e13c6f:0xa07d9f9b995fb08b","Planning","Appointments recommended","1"
"0x30e2998148e13c6f:0xa07d9f9b995fb08b","Payments","NFC mobile payments","1"
"0x30e29915e608d13d:0x53d22a6507eaf063","Amenities","Toilet","1"
"0x30e29915e608d13d:0x53d22a6507eaf063","Planning","Appointments recommended","1"
"0x30e299c3dc78faf3:0x5f5dfbcbf948383","Accessibility","Wheelchair-accessible car park","1"
"0x30e299c3dc78faf3:0x5f5dfbcbf948383","Accessibility","Wheelchair-accessible entrance","1"
"0x30e299c3dc78faf3:0x5f5dfbcbf948383","Amenities","Toilet","1"
"0x30e299c3dc78faf3:0x5f5dfbcbf948383","Crowd","LGBTQ+ friendly","1"
"0x30e299c3dc78faf3:0x5f5dfbcbf948383","Crowd","Transgender safe space","1"
"0x30e299c3dc78faf3:0x5f5dfbcbf948383","Planning","Appointment required","1"
"0x30e299c3dc78faf3:0x5f5dfbcbf948383","Planning","Appointments recommended","1"
"0x30e299c3dc78faf3:0x5f5dfbcbf948383","Payments","Credit cards","1"
"0x30e299c3dc78faf3:0x5f5dfbcbf948383","Payments","NFC mobile payments","1"
"0x30e29919f279ba77:0x71657472a6167df","Amenities","Toilet","1"
"0x30e29919f279ba77:0x71657472a6167df","Planning","Appointments recommended","1"
"0x30e299fb618b0e01:0xdb09fe437d924d59","Amenities","Toilet","1"
"0x30e299fb618b0e01:0xdb09fe437d924d59","Planning","Appointments recommended","1"
"0x30e299fb618b0e01:0xdb09fe437d924d59","Payments","Credit cards","1"
"0x30e299fb618b0e01:0xdb09fe437d924d59","Payments","Debit cards","1"
"0x30e299fb618b0e01:0xdb09fe437d924d59","Payments","NFC mobile payments","1"
"0x30e299a495184027:0xf78cf96e6f5d3859","Amenities","Toilet","1"
"0x30e299a495184027:0xf78cf96e6f5d3859","Planning","Appointments recommended","1"
"0x30e299a495184027:0xf78cf96e6f5d3859","Payments","Credit cards","1"
"0x30e299a495184027:0xf78cf96e6f5d3859","Payments","Debit cards","1"
"0x30e299a495184027:0xf78cf96e6f5d3859","Payments","NFC mobile payments","1"
"0x30e29f38b3fe737d:0x196ac00c15ca07c4","Amenities","Toilet","1"
"0x30e29f38b3fe737d:0x196ac00c15ca07c4","Crowd","LGBTQ+ friendly","1"
"0x30e29f38b3fe737d:0x196ac00c15ca07c4","Crowd","Transgender safe space","1"
"0x30e29f38b3fe737d:0x196ac00c15ca07c4","Payments","Credit cards","1"
"0x30e29f38b3fe737d:0x196ac00c15ca07c4","Payments","Debit cards","1"
"0x30e29f38b3fe737d:0x196ac00c15ca07c4","Payments","NFC mobile payments","1"
"0x30e29f38b3fe737d:0x196ac00c15ca07c4","Payments","Credit cards","1"
"0x30e29fd206e19ee5:0x6b7fbff70733c7b0","Accessibility","Wheelchair-accessible car park","1"
"0x30e29fd206e19ee5:0x6b7fbff70733c7b0","Accessibility","Wheelchair-accessible entrance","1"
"0x30e29fd206e19ee5:0x6b7fbff70733c7b0","Accessibility","Wheelchair-accessible toilet","1"
"0x30e29fd206e19ee5:0x6b7fbff70733c7b0","Service options","On-site services","1"
"0x30e29fd206e19ee5:0x6b7fbff70733c7b0","Amenities","Toilet","1"
"0x30e29fd206e19ee5:0x6b7fbff70733c7b0","Planning","Appointment required","1"
"0x30e29fd206e19ee5:0x6b7fbff70733c7b0","Planning","Appointments recommended","1"
"0x30e29fd206e19ee5:0x6b7fbff70733c7b0","Payments","Credit cards","1"
"0x30e29fd206e19ee5:0x6b7fbff70733c7b0","Payments","Debit cards","1"
"0x30e29fd206e19ee5:0x6b7fbff70733c7b0","Payments","NFC mobile payments","1"
"0x30e29fd206e19ee5:0x6b7fbff70733c7b0","Parking","On-site parking","1"
"0x30e29c166db23063:0x9cfb5abbe4cc001d","Accessibility","Wheelchair-accessible car park","1"
"0x30e29c166db23063:0x9cfb5abbe4cc001d","Accessibility","Wheelchair-accessible entrance","1"
"0x30e29c166db23063:0x9cfb5abbe4cc001d","Service options","On-site services","1"
"0x30e29c166db23063:0x9cfb5abbe4cc001d","Amenities","Toilet","1"
"0x30e29c166db23063:0x9cfb5abbe4cc001d","Crowd","LGBTQ+ friendly","1"
"0x30e29c166db23063:0x9cfb5abbe4cc001d","Crowd","Transgender safe space","1"
"0x30e29c166db23063:0x9cfb5abbe4cc001d","Planning","Appointments recommended","1"
"0x30e29c166db23063:0x9cfb5abbe4cc001d","Payments","Debit cards","1"
"0x30e29c166db23063:0x9cfb5abbe4cc001d","Payments","NFC mobile payments","1"
"0x30e29f85e58776eb:0x8d8aa84fa0afc3d4","Amenities","Toilet","1"
"0x30e29f85e58776eb:0x8d8aa84fa0afc3d4","Planning","Appointments recommended","1"
"0x30e29f85e58776eb:0x8d8aa84fa0afc3d4","Payments","Credit cards","1"
"0x30e29f85e58776eb:0x8d8aa84fa0afc3d4","Payments","Debit cards","1"
"0x30e29f85e58776eb:0x8d8aa84fa0afc3d4","Payments","NFC mobile payments","1"
"0x30e298c2f24698d7:0xfde87652f8f225f6","Accessibility","Wheelchair-accessible car park","1"
"0x30e298c2f24698d7:0xfde87652f8f225f6","Accessibility","Wheelchair-accessible entrance","1"
"0x30e298c2f24698d7:0xfde87652f8f225f6","Amenities","Gender-neutral toilets","1"
"0x30e298c2f24698d7:0xfde87652f8f225f6","Amenities","Toilet","1"
"0x30e298c2f24698d7:0xfde87652f8f225f6","Crowd","LGBTQ+ friendly","1"
"0x30e298c2f24698d7:0xfde87652f8f225f6","Crowd","Transgender safe space","1"
"0x30e298c2f24698d7:0xfde87652f8f225f6","Planning","Appointment required","1"
"0x30e298c2f24698d7:0xfde87652f8f225f6","Planning","Appointments recommended","1"
"0x30e298c2f24698d7:0xfde87652f8f225f6","Payments","Debit cards","1"
"0x30e298c2f24698d7:0xfde87652f8f225f6","Payments","NFC mobile payments","1"
"0x30e298cad4e25ce7:0xcc9922b4ece66d4d","Accessibility","Wheelchair-accessible seating","1"
"0x30e298cad4e25ce7:0xcc9922b4ece66d4d","Accessibility","Wheelchair-accessible entrance","1"
"0x30e298cad4e25ce7:0xcc9922b4ece66d4d","Amenities","Toilet","1"
"0x30e298cad4e25ce7:0xcc9922b4ece66d4d","Planning","Appointment required","1"
"0x30e298cad4e25ce7:0xcc9922b4ece66d4d","Planning","Appointments recommended","1"
"0x30e298cad4e25ce7:0xcc9922b4ece66d4d","Payments","Credit cards","1"
"0x30e298cad4e25ce7:0xcc9922b4ece66d4d","Payments","NFC mobile payments","1"
"0x30e298d8ea84c159:0xae34204410a2efb0","Amenities","Toilet","1"
"0x30e298d8ea84c159:0xae34204410a2efb0","Planning","Appointments recommended","1"
"0x30e29927a3869d3f:0xc15db1680f94481b","Amenities","Toilet","1"
"0x30e29927a3869d3f:0xc15db1680f94481b","Planning","Appointments recommended","1"
"0x30e29927a3869d3f:0xc15db1680f94481b","Payments","Debit cards","1"
"0x30e29927a3869d3f:0xc15db1680f94481b","Payments","Credit cards","1"
"0x30e29f24163b6223:0xebf6fbceeb68203f","Accessibility","Wheelchair-accessible toilet","1"
"0x30e29f24163b6223:0xebf6fbceeb68203f","Accessibility","Wheelchair-accessible car park","1"
"0x30e29f24163b6223:0xebf6fbceeb68203f","Amenities","Toilet","1"
"0x30e29f24163b6223:0xebf6fbceeb68203f","Planning","Appointments recommended","1"
"0x30e29fa8c69ee9d1:0x8db164af8584fdd3","Amenities","Toilet","1"
"0x30e29fa8c69ee9d1:0x8db164af8584fdd3","Planning","Appointment required","1"
"0x30e29fa8c69ee9d1:0x8db164af8584fdd3","Planning","Appointments recommended","1"
"0x30e29fa8c69ee9d1:0x8db164af8584fdd3","Payments","Credit cards","1"
"0x30e29fa8c69ee9d1:0x8db164af8584fdd3","Payments","Debit cards","1"
"0x30e29fa8c69ee9d1:0x8db164af8584fdd3","Payments","NFC mobile payments","1"
"0x30e29fa8c69ee9d1:0x8db164af8584fdd3","Payments","Credit cards","1"
"0x30e2995f04fdd817:0x121779bf25d855e4","Accessibility","Wheelchair-accessible entrance","1"
"0x30e2995f04fdd817:0x121779bf25d855e4","Amenities","Toilet","1"
"0x30e2995f04fdd817:0x121779bf25d855e4","Planning","Appointments recommended","1"
"0x30e299c0eb3e10c3:0xf98cb309f8a610e","Accessibility","Wheelchair-accessible entrance","1"
"0x30e299c0eb3e10c3:0xf98cb309f8a610e","Amenities","Toilet","1"
"0x30e299c0eb3e10c3:0xf98cb309f8a610e","Planning","Appointment required","1"
"0x30e299c0eb3e10c3:0xf98cb309f8a610e","Planning","Appointments recommended","1"
"0x30e299c0eb3e10c3:0xf98cb309f8a610e","Payments","Credit cards","1"
"0x30e299c0eb3e10c3:0xf98cb309f8a610e","Payments","NFC mobile payments","1"
"0x30e299f6fa133599:0x9e1ccf2346838aea","Amenities","Toilet","1"
"0x30e299f6fa133599:0x9e1ccf2346838aea","Planning","Appointments recommended","1"
"0x30e299f6fa133599:0x9e1ccf2346838aea","Payments","Debit cards","1"
"0x30e299f6fa133599:0x9e1ccf2346838aea","Payments","Credit cards","1"
"0x30e298dd30968801:0xf7f2b420bf24b126","Accessibility","Wheelchair-accessible seating","1"
"0x30e298dd30968801:0xf7f2b420bf24b126","Accessibility","Wheelchair-accessible toilet","1"
"0x30e298dd30968801:0xf7f2b420bf24b126","Service options","On-site services","1"
"0x30e298dd30968801:0xf7f2b420bf24b126","Offerings","Cosmetic dentistry","1"
"0x30e298dd30968801:0xf7f2b420bf24b126","Offerings","Emergency services","1"
"0x30e298dd30968801:0xf7f2b420bf24b126","Offerings","Pediatric care","1"
"0x30e298dd30968801:0xf7f2b420bf24b126","Offerings","Sedation dentistry","1"
"0x30e298dd30968801:0xf7f2b420bf24b126","Amenities","Gender-neutral toilets","1"
"0x30e298dd30968801:0xf7f2b420bf24b126","Amenities","Toilet","1"
"0x30e298dd30968801:0xf7f2b420bf24b126","Crowd","Transgender safe space","1"
"0x30e298dd30968801:0xf7f2b420bf24b126","Planning","Appointments recommended","1"
"0x30e298dd30968801:0xf7f2b420bf24b126","Payments","Credit cards","1"
"0x30e298dd30968801:0xf7f2b420bf24b126","Payments","Debit cards","1"
"0x30e298dd30968801:0xf7f2b420bf24b126","Payments","NFC mobile payments","1"
"0x30e298dd30968801:0xf7f2b420bf24b126","Payments","Payment plans","1"
"0x30e298dd30968801:0xf7f2b420bf24b126","Children","Nursing room","1"
"0x30e298dd30968801:0xf7f2b420bf24b126","Parking","Free multi-storey car park","1"
"0x30e298dd30968801:0xf7f2b420bf24b126","Parking","Free of charge street parking","1"
"0x30e298dd30968801:0xf7f2b420bf24b126","Parking","Free parking lot","1"
"0x30e29f32da9842ff:0x89092795cad6fdc5","Amenities","Toilet","1"
"0x30e29f32da9842ff:0x89092795cad6fdc5","Planning","Appointments recommended","1"
"0x30e29f32da9842ff:0x89092795cad6fdc5","Payments","Credit cards","1"
"0x30e29f32da9842ff:0x89092795cad6fdc5","Payments","Debit cards","1"
"0x30e29f32da9842ff:0x89092795cad6fdc5","Payments","NFC mobile payments","1"
"0x30e298d2ded84aed:0x4ae0a75bebfd825a","Accessibility","Wheelchair-accessible toilet","1"
"0x30e298d2ded84aed:0x4ae0a75bebfd825a","Amenities","Toilet","1"
"0x30e298d2ded84aed:0x4ae0a75bebfd825a","Planning","Appointments recommended","1"
"0x30e298d2ded84aed:0x4ae0a75bebfd825a","Payments","Credit cards","1"
"0x30e298d2ded84aed:0x4ae0a75bebfd825a","Payments","Debit cards","1"
"0x30e298d2ded84aed:0x4ae0a75bebfd825a","Payments","NFC mobile payments","1"
"0x30e299b8dee6d30d:0x56dde32469e8e798","Amenities","Toilet","1"
"0x30e299b8dee6d30d:0x56dde32469e8e798","Planning","Appointments recommended","1"
"0x30e299b8dee6d30d:0x56dde32469e8e798","Payments","Credit cards","1"
"0x30e299b8dee6d30d:0x56dde32469e8e798","Payments","Debit cards","1"
"0x30e299b8dee6d30d:0x56dde32469e8e798","Payments","NFC mobile payments","1"
"0x30e299b8dee6d30d:0x56dde32469e8e798","Payments","Credit cards","1"
"0x30e29fcf67f3199f:0x9c5befcd85e8ebf6","Amenities","Toilet","1"
"0x30e29fcf67f3199f:0x9c5befcd85e8ebf6","Planning","Appointment required","1"
"0x30e29fcf67f3199f:0x9c5befcd85e8ebf6","Planning","Appointments recommended","1"
"0x30e29fcf67f3199f:0x9c5befcd85e8ebf6","Payments","Debit cards","1"
"0x30e29fcf67f3199f:0x9c5befcd85e8ebf6","Payments","NFC mobile payments","1"
"0x30e29fcf67f3199f:0x9c5befcd85e8ebf6","Payments","Credit cards","1"
"0x30e298cc5a47f369:0xc34b2e76152c4cc5","Service options","On-site services","1"
"0x30e298cc5a47f369:0xc34b2e76152c4cc5","Amenities","Toilet","1"
"0x30e298cc5a47f369:0xc34b2e76152c4cc5","Planning","Appointments recommended","1"
"0x30e298cc5a47f369:0xc34b2e76152c4cc5","Payments","NFC mobile payments","1"
"0x30e298cc5a47f369:0xc34b2e76152c4cc5","Parking","Free of charge street parking","1"
"0x30e298cc5a47f369:0xc34b2e76152c4cc5","Parking","Paid parking lot","1"
"0x30e29fcbd0150803:0xba9a27533561589e","Amenities","Toilet","1"
"0x30e29fcbd0150803:0xba9a27533561589e","Payments","Credit cards","1"
"0x30e29fcbd0150803:0xba9a27533561589e","Payments","Debit cards","1"
"0x30e29fcbd0150803:0xba9a27533561589e","Parking","Free multi-storey car park","1"
"0x30e29fcbd0150803:0xba9a27533561589e","Parking","Free parking lot","1"
"0x30e29fcbd0150803:0xba9a27533561589e","Parking","On-site parking","1"
"0x30e29f30c867bedd:0xacd8161c81029b8f","Amenities","Toilet","1"
"0x30e29f30c867bedd:0xacd8161c81029b8f","Planning","Appointments recommended","1"
"0x30e29f1785e66569:0x93d924b5b7b1fc1","Amenities","Toilet","1"
"0x30e29f1785e66569:0x93d924b5b7b1fc1","Planning","Appointments recommended","1"
"0x30e29f1785e66569:0x93d924b5b7b1fc1","Payments","Credit cards","1"
"0x30e29f1785e66569:0x93d924b5b7b1fc1","Payments","Debit cards","1"
"0x30e29f1785e66569:0x93d924b5b7b1fc1","Payments","NFC mobile payments","1"
"0x30e29f1785e66569:0x93d924b5b7b1fc1","Payments","Credit cards","1"
"0x30e29ef0890113d9:0xc9811908d3d94466","Accessibility","Wheelchair-accessible car park","1"
"0x30e29ef0890113d9:0xc9811908d3d94466","Accessibility","Wheelchair-accessible entrance","1"
"0x30e29ef0890113d9:0xc9811908d3d94466","Payments","Credit cards","1"
"0x30e29ef0890113d9:0xc9811908d3d94466","Payments","Debit cards","1"
"0x30e29ef0890113d9:0xc9811908d3d94466","Payments","NFC mobile payments","1"
"0x30e29fea2bb4a815:0x20b6201fb36324b6","Amenities","Toilet","1"
"0x30e29fb38973cb57:0x8a6002b87d4a2dde","From the business","Identifies as women-owned","1"
"0x30e29fb38973cb57:0x8a6002b87d4a2dde","Service options","On-site services","1"
"0x30e29fb38973cb57:0x8a6002b87d4a2dde","Amenities","Toilet","1"
"0x30e29fb38973cb57:0x8a6002b87d4a2dde","Planning","Appointment required","1"
"0x30e29fb38973cb57:0x8a6002b87d4a2dde","Payments","Cash only","1"
"0x30e29e942133c14d:0x470e0152555bfef6","Accessibility","Wheelchair-accessible car park","1"
"0x30e29e942133c14d:0x470e0152555bfef6","Accessibility","Wheelchair-accessible entrance","1"
"0x30e29e9a5030c14d:0x225f81c3ea53a9ee","Accessibility","Wheelchair-accessible car park","1"
"0x30e29e9a5030c14d:0x225f81c3ea53a9ee","Amenities","Toilet","1"
"0x30e29e9a5030c14d:0x225f81c3ea53a9ee","Planning","Appointments recommended","1"
"0x30e29f295233ef5d:0xfb6062ce4f50e68d","From the business","Identifies as women-owned","1"
"0x30e2993c772474cf:0x9eebf1bb8f4720aa","Amenities","Toilet","1"
"0x30e2993c772474cf:0x9eebf1bb8f4720aa","Planning","Appointments recommended","1"
"0x30e29e95b4ea734b:0xf888ac7a009ee632","Accessibility","Wheelchair-accessible seating","1"
"0x30e29e95b4ea734b:0xf888ac7a009ee632","Accessibility","Wheelchair-accessible toilet","1"
"0x30e29e95b4ea734b:0xf888ac7a009ee632","Accessibility","Assistive hearing loop","1"
"0x30e29e95b4ea734b:0xf888ac7a009ee632","Accessibility","Wheelchair-accessible car park","1"
"0x30e29e95b4ea734b:0xf888ac7a009ee632","Accessibility","Wheelchair-accessible entrance","1"
"0x30e29e95b4ea734b:0xf888ac7a009ee632","Amenities","Gender-neutral toilets","1"
"0x30e29e95b4ea734b:0xf888ac7a009ee632","Amenities","Toilet","1"
"0x30e29e95b4ea734b:0xf888ac7a009ee632","Planning","Appointments recommended","1"
"0x30e29e95b4ea734b:0xf888ac7a009ee632","Payments","Debit cards","1"
"0x30e29e95b4ea734b:0xf888ac7a009ee632","Payments","Credit cards","1"
"0x30e29e95b4ea734b:0xf888ac7a009ee632","Parking","Free of charge street parking","1"
"0x30e29e95b4ea734b:0xf888ac7a009ee632","Parking","Free parking lot","1"
"0x30e29fd24e0bf1ef:0xad9c1fc63d8f9b17","Accessibility","Wheelchair-accessible car park","1"
"0x30e29fd24e0bf1ef:0xad9c1fc63d8f9b17","Accessibility","Wheelchair-accessible entrance","1"
"0x30e29fd24e0bf1ef:0xad9c1fc63d8f9b17","Amenities","Toilet","1"
"0x30e29fd24e0bf1ef:0xad9c1fc63d8f9b17","Planning","Appointment required","1"
"0x30e29fd24e0bf1ef:0xad9c1fc63d8f9b17","Planning","Appointments recommended","1"
"0x30e29fd24e0bf1ef:0xad9c1fc63d8f9b17","Payments","Credit cards","1"
"0x30e29fd24e0bf1ef:0xad9c1fc63d8f9b17","Payments","Debit cards","1"
"0x30e29fd24e0bf1ef:0xad9c1fc63d8f9b17","Payments","NFC mobile payments","1"
"0x30e29922f117ec29:0x5ce821708eddfd7a","Amenities","Toilet","1"
"0x30e29922f117ec29:0x5ce821708eddfd7a","Planning","Appointments recommended","1"
"0x30e29922f117ec29:0x5ce821708eddfd7a","Payments","Credit cards","1"
"0x30e29922f117ec29:0x5ce821708eddfd7a","Payments","Debit cards","1"
"0x30e29922f117ec29:0x5ce821708eddfd7a","Payments","Credit cards","1"
"0x30e29f1266506879:0xac1f3bc1e0b3377a","Amenities","Toilet","1"
"0x30e29f1266506879:0xac1f3bc1e0b3377a","Planning","Appointments recommended","1"
"0x30e29f1266506879:0xac1f3bc1e0b3377a","Payments","Credit cards","1"
"0x30e29f1266506879:0xac1f3bc1e0b3377a","Payments","Debit cards","1"
"0x30e29f1266506879:0xac1f3bc1e0b3377a","Payments","NFC mobile payments","1"
"0x30e29f243bdb43c7:0xd7b61a10108ae8c4","Amenities","Toilet","1"
"0x30e29f243bdb43c7:0xd7b61a10108ae8c4","Planning","Appointment required","1"
"0x30e29f243bdb43c7:0xd7b61a10108ae8c4","Planning","Appointments recommended","1"
"0x30e29f243bdb43c7:0xd7b61a10108ae8c4","Payments","Credit cards","1"
"0x30e29f243bdb43c7:0xd7b61a10108ae8c4","Payments","NFC mobile payments","1"
"0x30e29f420b889515:0x248226e53349d225","Amenities","Toilet","1"
"0x30e29f420b889515:0x248226e53349d225","Planning","Appointments recommended","1"
"0x30e29f420b889515:0x248226e53349d225","Payments","NFC mobile payments","1"
"0x30e29d696e79b043:0x917e9d02c8ba0877","From the business","Identifies as women-owned","1"
"0x30e29d696e79b043:0x917e9d02c8ba0877","Amenities","Toilet","1"
"0x30e29d696e79b043:0x917e9d02c8ba0877","Crowd","LGBTQ+ friendly","1"
"0x30e29d696e79b043:0x917e9d02c8ba0877","Crowd","Transgender safe space","1"
"0x30e29d696e79b043:0x917e9d02c8ba0877","Planning","Appointments recommended","1"
"0x30e29d696e79b043:0x917e9d02c8ba0877","Payments","Debit cards","1"
"0x30e29d696e79b043:0x917e9d02c8ba0877","Payments","NFC mobile payments","1"
"0x30e29d696e79b043:0x917e9d02c8ba0877","Payments","Credit cards","1"
"0x30e29c1c2eb96787:0x88228b16516c1d72","Amenities","Toilet","1"
"0x30e29c1c2eb96787:0x88228b16516c1d72","Planning","Appointments recommended","1"
"0x30e29deb0278b7e5:0x7125296b0983b9b9","Amenities","Toilet","1"
"0x30e29deb0278b7e5:0x7125296b0983b9b9","Planning","Appointment required","1"
"0x30e29deb0278b7e5:0x7125296b0983b9b9","Planning","Appointments recommended","1"
"0x30e29deb0278b7e5:0x7125296b0983b9b9","Payments","Credit cards","1"
"0x30e29deb0278b7e5:0x7125296b0983b9b9","Payments","Debit cards","1"
"0x30e29deb0278b7e5:0x7125296b0983b9b9","Payments","NFC mobile payments","1"
"0x30e29deb0278b7e5:0x7125296b0983b9b9","Payments","Credit cards","1"
"0x30e29deb0278b7e5:0x7125296b0983b9b9","Parking","Paid parking lot","1"
"0x30e29c16683de89b:0x93958987e43b887c","Accessibility","Wheelchair-accessible car park","1"
"0x30e29c16683de89b:0x93958987e43b887c","Accessibility","Wheelchair-accessible entrance","1"
"0x30e29c16683de89b:0x93958987e43b887c","Accessibility","Wheelchair-accessible toilet","1"
"0x30e29c16683de89b:0x93958987e43b887c","Service options","On-site services","1"
"0x30e29c16683de89b:0x93958987e43b887c","Offerings","Cosmetic dentistry","1"
"0x30e29c16683de89b:0x93958987e43b887c","Offerings","Pediatric care","1"
"0x30e29c16683de89b:0x93958987e43b887c","Amenities","Toilet","1"
"0x30e29c16683de89b:0x93958987e43b887c","Crowd","LGBTQ+ friendly","1"
"0x30e29c16683de89b:0x93958987e43b887c","Crowd","Transgender safe space","1"
"0x30e29c16683de89b:0x93958987e43b887c","Planning","Appointments recommended","1"
"0x30e29c16683de89b:0x93958987e43b887c","Payments","Credit cards","1"
"0x30e29c16683de89b:0x93958987e43b887c","Payments","Debit cards","1"
"0x30e29c16683de89b:0x93958987e43b887c","Payments","NFC mobile payments","1"
"0x30e29c16683de89b:0x93958987e43b887c","Payments","Credit cards","1"
"0x30e29c16683de89b:0x93958987e43b887c","Parking","Free parking lot","1"
"0x30e29c16683de89b:0x93958987e43b887c","Parking","On-site parking","1"
"0x30e29bdf3395979d:0xa9042b7f3ad64737","Planning","Appointment required","1"
"0x30e29bdf3395979d:0xa9042b7f3ad64737","Planning","Appointments recommended","1"
"0x30e29bdf3395979d:0xa9042b7f3ad64737","Payments","Credit cards","1"
"0x30e29bdf3395979d:0xa9042b7f3ad64737","Payments","Debit cards","1"
"0x30e29bdf3395979d:0xa9042b7f3ad64737","Payments","NFC mobile payments","1"
"0x30e299232c4470d7:0xe2bab828a6b68008","Amenities","Toilet","1"
"0x30e299232c4470d7:0xe2bab828a6b68008","Planning","Appointments recommended","1"
"0x30e29b4d055a3771:0x25c837d329214aa6","Accessibility","Wheelchair-accessible car park","1"
"0x30e29b4d055a3771:0x25c837d329214aa6","Accessibility","Wheelchair-accessible entrance","1"
"0x30e29b4d055a3771:0x25c837d329214aa6","Amenities","Gender-neutral toilets","1"
"0x30e29b4d055a3771:0x25c837d329214aa6","Amenities","Toilet","1"
"0x30e29b4d055a3771:0x25c837d329214aa6","Planning","Appointments recommended","1"
"0x30e29b4d055a3771:0x25c837d329214aa6","Payments","Credit cards","1"
"0x30e29b4d055a3771:0x25c837d329214aa6","Payments","NFC mobile payments","1"
"0x30e29b1cacb21e1b:0x37c5a309bd4e6992","Amenities","Toilet","1"
"0x30e29b1cacb21e1b:0x37c5a309bd4e6992","Planning","Appointments recommended","1"
"0x30e29b1cacb21e1b:0x37c5a309bd4e6992","Payments","Credit cards","1"
"0x30e29b1cacb21e1b:0x37c5a309bd4e6992","Payments","NFC mobile payments","1"
"0x30e29b1cacb21e1b:0x37c5a309bd4e6992","Payments","Credit cards","1"
"0x30e29b1cacb21e1b:0x37c5a309bd4e6992","Parking","Free parking lot","1"
"0x30e29f4e03abd8ad:0x656400bc197a7fda","Amenities","Toilet","1"
"0x30e29f4e03abd8ad:0x656400bc197a7fda","Planning","Appointments recommended","1"
"0x30e29f4e03abd8ad:0x656400bc197a7fda","Payments","Credit cards","1"
"0x30e29f4e03abd8ad:0x656400bc197a7fda","Payments","Debit cards","1"
"0x30e29f4e03abd8ad:0x656400bc197a7fda","Payments","NFC mobile payments","1"
"0x30e29f4e03abd8ad:0x656400bc197a7fda","Parking","Free of charge street parking","1"
"0x30e29ff1de2f3583:0x3b831b3f66f7354c","Amenities","Toilet","1"
"0x30e29ff1de2f3583:0x3b831b3f66f7354c","Planning","Appointments recommended","1"
"0x30e29ff1de2f3583:0x3b831b3f66f7354c","Payments","Credit cards","1"
"0x30e29ff1de2f3583:0x3b831b3f66f7354c","Payments","Debit cards","1"
"0x30e29ff1de2f3583:0x3b831b3f66f7354c","Payments","NFC mobile payments","1"
"0x30e29ff1de2f3583:0x3b831b3f66f7354c","Payments","Credit cards","1"
"0x30e29ff1de2f3583:0x3b831b3f66f7354c","Parking","Free parking lot","1"
"0x30e29fac08c782a1:0x50a2558ecc627260","Accessibility","Wheelchair-accessible entrance","1"
"0x30e29fac08c782a1:0x50a2558ecc627260","Accessibility","Wheelchair-accessible toilet","1"
"0x30e29fac08c782a1:0x50a2558ecc627260","Service options","On-site services","1"
"0x30e29fac08c782a1:0x50a2558ecc627260","Offerings","Cosmetic dentistry","1"
"0x30e29fac08c782a1:0x50a2558ecc627260","Offerings","Emergency services","1"
"0x30e29fac08c782a1:0x50a2558ecc627260","Offerings","Pediatric care","1"
"0x30e29fac08c782a1:0x50a2558ecc627260","Amenities","Gender-neutral toilets","1"
"0x30e29fac08c782a1:0x50a2558ecc627260","Amenities","Toilet","1"
"0x30e29fac08c782a1:0x50a2558ecc627260","Planning","Appointment required","1"
"0x30e29fac08c782a1:0x50a2558ecc627260","Planning","Appointments recommended","1"
"0x30e29fac08c782a1:0x50a2558ecc627260","Payments","Credit cards","1"
"0x30e29fac08c782a1:0x50a2558ecc627260","Payments","Debit cards","1"
"0x30e29fac08c782a1:0x50a2558ecc627260","Payments","Credit cards","1"
"0x30e29fac08c782a1:0x50a2558ecc627260","Parking","Free parking lot","1"
"0x30e29fac08c782a1:0x50a2558ecc627260","Parking","On-site parking","1"
"0x30e29efedfd385f7:0x52bc66670d513b9d","Accessibility","Wheelchair accessible entrance","1"
"0x30e29efedfd385f7:0x52bc66670d513b9d","Accessibility","Wheelchair accessible restroom","1"
"0x30e29efedfd385f7:0x52bc66670d513b9d","Amenities","Restroom","1"
"0x30e29efedfd385f7:0x52bc66670d513b9d","Planning","Appointment required","1"
"0x30e29efedfd385f7:0x52bc66670d513b9d","Planning","Appointments recommended","1"
"0x30e29efedfd385f7:0x52bc66670d513b9d","Payments","NFC mobile payments","1"
"0x30e29fe43ab00b17:0x195eab4a55f6bc89","Amenities","Toilet","1"
"0x30e29fe43ab00b17:0x195eab4a55f6bc89","Crowd","LGBTQ+ friendly","1"
"0x30e29fe43ab00b17:0x195eab4a55f6bc89","Crowd","Transgender safe space","1"
"0x30e29fe43ab00b17:0x195eab4a55f6bc89","Planning","Appointments recommended","1"
"0x30e29fe43ab00b17:0x195eab4a55f6bc89","Payments","Credit cards","1"
"0x30e29fe43ab00b17:0x195eab4a55f6bc89","Payments","Debit cards","1"
"0x30e29fe43ab00b17:0x195eab4a55f6bc89","Payments","NFC mobile payments","1"
"0x30e29fe43ab00b17:0x195eab4a55f6bc89","Payments","Credit cards","1"
"0x30e29ef49111928d:0x8110678d64a6c4b0","Accessibility","Wheelchair-accessible car park","1"
"0x30e29ef49111928d:0x8110678d64a6c4b0","Amenities","Toilet","1"
"0x30e29ef49111928d:0x8110678d64a6c4b0","Planning","Appointment required","1"
"0x30e29ef49111928d:0x8110678d64a6c4b0","Planning","Appointments recommended","1"
"0x30e29e92adfc3ad5:0x70d1b1f27e586311","Accessibility","Wheelchair-accessible car park","1"
"0x30e29e92adfc3ad5:0x70d1b1f27e586311","Accessibility","Wheelchair-accessible entrance","1"
"0x30e29e92adfc3ad5:0x70d1b1f27e586311","Amenities","Toilet","1"
"0x30e29e92adfc3ad5:0x70d1b1f27e586311","Planning","Appointments recommended","1"
"0x30e29e92adfc3ad5:0x70d1b1f27e586311","Payments","Credit cards","1"
"0x30e29e92adfc3ad5:0x70d1b1f27e586311","Payments","Debit cards","1"
"0x30e29e92adfc3ad5:0x70d1b1f27e586311","Payments","NFC mobile payments","1"
"0x30e29e92adfc3ad5:0x70d1b1f27e586311","Payments","Credit cards","1"
"0x30e29e81e73b4539:0x91178d8f23af0a0","Amenities","Toilet","1"
"0x30e29e81e73b4539:0x91178d8f23af0a0","Crowd","LGBTQ+ friendly","1"
"0x30e29e81e73b4539:0x91178d8f23af0a0","Crowd","Transgender safe space","1"
"0x30e29e81e73b4539:0x91178d8f23af0a0","Planning","Appointment required","1"
"0x30e29e81e73b4539:0x91178d8f23af0a0","Planning","Appointments recommended","1"
"0x30e29e81e73b4539:0x91178d8f23af0a0","Payments","Debit cards","1"
"0x30e29e81e73b4539:0x91178d8f23af0a0","Payments","NFC mobile payments","1"
"0x30e29c1998155553:0xed631f396719b198","Amenities","Gender-neutral toilets","1"
"0x30e29c1998155553:0xed631f396719b198","Amenities","Toilet","1"
"0x30e29c1998155553:0xed631f396719b198","Planning","Appointment required","1"
"0x30e29c1998155553:0xed631f396719b198","Planning","Appointments recommended","1"
"0x30e29c1998155553:0xed631f396719b198","Payments","NFC mobile payments","1"
"0x30e29914a5634c6d:0x2b6843941313d57d","Accessibility","Wheelchair-accessible car park","1"
"0x30e29914a5634c6d:0x2b6843941313d57d","Accessibility","Wheelchair-accessible entrance","1"
"0x30e29914a5634c6d:0x2b6843941313d57d","Amenities","Toilet","1"
"0x30e29914a5634c6d:0x2b6843941313d57d","Planning","Appointments recommended","1"
"0x30e29914a5634c6d:0x2b6843941313d57d","Payments","Debit cards","1"
"0x30e29914a5634c6d:0x2b6843941313d57d","Payments","NFC mobile payments","1"
"0x30e29914a5634c6d:0x2b6843941313d57d","Payments","Credit cards","1"
"0x30e29d158d798377:0x1e7c50e1b3ba8560","Offerings","Pediatric care","1"
"0x30e29d158d798377:0x1e7c50e1b3ba8560","Amenities","Toilet","1"
"0x30e29d158d798377:0x1e7c50e1b3ba8560","Planning","Appointment required","1"
"0x30e29d158d798377:0x1e7c50e1b3ba8560","Planning","Appointments recommended","1"
"0x30e29d158d798377:0x1e7c50e1b3ba8560","Payments","Credit cards","1"
"0x30e29d158d798377:0x1e7c50e1b3ba8560","Payments","Debit cards","1"
"0x30e29d158d798377:0x1e7c50e1b3ba8560","Payments","NFC mobile payments","1"
"0x30e29d158d798377:0x1e7c50e1b3ba8560","Payments","Credit cards","1"
"0x30e29d158d798377:0x1e7c50e1b3ba8560","Parking","Free of charge street parking","1"
"0x30e29d158d798377:0x1e7c50e1b3ba8560","Parking","Free parking lot","1"
"0x30e29d158d798377:0x1e7c50e1b3ba8560","Parking","Paid parking lot","1"
"0x30e299f6b6645c8b:0xaa44eb8ef8387eb9","Amenities","Toilet","1"
"0x30e299f6b6645c8b:0xaa44eb8ef8387eb9","Crowd","LGBTQ+ friendly","1"
"0x30e299f6b6645c8b:0xaa44eb8ef8387eb9","Crowd","Transgender safe space","1"
"0x30e299f6b6645c8b:0xaa44eb8ef8387eb9","Planning","Appointments recommended","1"
"0x30e299f6b6645c8b:0xaa44eb8ef8387eb9","Payments","Credit cards","1"
"0x30e299f6b6645c8b:0xaa44eb8ef8387eb9","Payments","NFC mobile payments","1"
"0x30e29d8960f5fd69:0x55ec17b17784aada","Amenities","Restroom","1"
"0x30e29d8960f5fd69:0x55ec17b17784aada","Planning","Appointments recommended","1"
"0x30e29d8960f5fd69:0x55ec17b17784aada","Payments","NFC mobile payments","1"
"0x30e299147fcbe023:0x605bdf615ec86891","Accessibility","Wheelchair accessible entrance","1"
"0x30e299147fcbe023:0x605bdf615ec86891","Accessibility","Wheelchair accessible parking lot","1"
"0x30e299147fcbe023:0x605bdf615ec86891","Amenities","Restroom","1"
"0x30e299147fcbe023:0x605bdf615ec86891","Planning","Appointments recommended","1"
"0x30e298e454870e67:0x78a7e9329e9d5edc","Amenities","Toilet","1"
"0x30e298e454870e67:0x78a7e9329e9d5edc","Planning","Appointments recommended","1"
"0x30e298e1bfbef3cb:0xffc191beda075677","Accessibility","Wheelchair accessible restroom","1"
"0x30e298e1bfbef3cb:0xffc191beda075677","Amenities","Gender-neutral restroom","1"
"0x30e298e1bfbef3cb:0xffc191beda075677","Amenities","Restroom","1"
"0x30e298dde39d098d:0x3999ec1ff147ad43","Accessibility","Wheelchair-accessible car park","1"
"0x30e29e5ab96bd301:0x198e636f2e2c9317","Accessibility","Wheelchair-accessible car park","1"
"0x30e29e5ab96bd301:0x198e636f2e2c9317","Accessibility","Wheelchair-accessible entrance","1"
"0x30e29e5ab96bd301:0x198e636f2e2c9317","Accessibility","Wheelchair-accessible seating","1"
"0x30e29e5ab96bd301:0x198e636f2e2c9317","Accessibility","Wheelchair-accessible toilet","1"
"0x30e29e5ab96bd301:0x198e636f2e2c9317","From the business","Identifies as women-owned","1"
"0x30e29e5ab96bd301:0x198e636f2e2c9317","Service options","On-site services","1"
"0x30e29e5ab96bd301:0x198e636f2e2c9317","Offerings","Cosmetic dentistry","1"
"0x30e29e5ab96bd301:0x198e636f2e2c9317","Offerings","Pediatric care","1"
"0x30e29e5ab96bd301:0x198e636f2e2c9317","Amenities","Toilet","1"
"0x30e29e5ab96bd301:0x198e636f2e2c9317","Crowd","LGBTQ+ friendly","1"
"0x30e29e5ab96bd301:0x198e636f2e2c9317","Crowd","Transgender safe space","1"
"0x30e29e5ab96bd301:0x198e636f2e2c9317","Planning","Appointment required","1"
"0x30e29e5ab96bd301:0x198e636f2e2c9317","Planning","Appointments recommended","1"
"0x30e29e5ab96bd301:0x198e636f2e2c9317","Payments","Credit cards","1"
"0x30e29e5ab96bd301:0x198e636f2e2c9317","Payments","Debit cards","1"
"0x30e29e5ab96bd301:0x198e636f2e2c9317","Payments","NFC mobile payments","1"
"0x30e29e5ab96bd301:0x198e636f2e2c9317","Payments","Credit cards","1"
"0x30e29e5ab96bd301:0x198e636f2e2c9317","Parking","Free parking lot","1"
"0x30e29e5ab96bd301:0x198e636f2e2c9317","Parking","On-site parking","1"
"0x30e29da8905d24f9:0xe8baad0f6191a8e5","Accessibility","Wheelchair-accessible car park","1"
"0x30e29da8905d24f9:0xe8baad0f6191a8e5","Accessibility","Wheelchair-accessible entrance","1"
"0x30e29da8905d24f9:0xe8baad0f6191a8e5","Payments","Credit cards","1"
"0x30e29da8905d24f9:0xe8baad0f6191a8e5","Payments","Debit cards","1"
"0x30e29da8905d24f9:0xe8baad0f6191a8e5","Payments","NFC mobile payments","1"
"0x30e2999dcb194883:0x344955967cf663dc","From the business","Identifies as women-owned","1"
"0x30e2999dcb194883:0x344955967cf663dc","Amenities","Toilet","1"
"0x30e2999dcb194883:0x344955967cf663dc","Crowd","LGBTQ+ friendly","1"
"0x30e2999dcb194883:0x344955967cf663dc","Crowd","Transgender safe space","1"
"0x30e2999dcb194883:0x344955967cf663dc","Planning","Appointments recommended","1"
"0x30e2999dcb194883:0x344955967cf663dc","Payments","Credit cards","1"
"0x30e2999dcb194883:0x344955967cf663dc","Payments","Debit cards","1"
"0x30e2999dcb194883:0x344955967cf663dc","Payments","NFC mobile payments","1"
"0x30e299a059911f47:0x10dd670e3d0270f7","Accessibility","Wheelchair-accessible toilet","1"
"0x30e299a059911f47:0x10dd670e3d0270f7","Amenities","Toilet","1"
"0x30e299a059911f47:0x10dd670e3d0270f7","Planning","Appointment required","1"
"0x30e299a059911f47:0x10dd670e3d0270f7","Planning","Appointments recommended","1"
"0x30e299a059911f47:0x10dd670e3d0270f7","Payments","Credit cards","1"
"0x30e299a059911f47:0x10dd670e3d0270f7","Payments","Debit cards","1"
"0x30e299a059911f47:0x10dd670e3d0270f7","Payments","NFC mobile payments","1"
"0x30e299a3465c8875:0xaf06e748e002ec7","Amenities","Toilet","1"
"0x30e299a3465c8875:0xaf06e748e002ec7","Planning","Appointments recommended","1"
"0x30e299a3465c8875:0xaf06e748e002ec7","Payments","NFC mobile payments","1"
"0x30e298c293370fdd:0xeff3004e6a602141","Accessibility","Wheelchair-accessible car park","1"
"0x30e298c293370fdd:0xeff3004e6a602141","Accessibility","Wheelchair-accessible entrance","1"
"0x30e298c293370fdd:0xeff3004e6a602141","Accessibility","Wheelchair-accessible toilet","1"
"0x30e298c293370fdd:0xeff3004e6a602141","Service options","On-site services","1"
"0x30e298c293370fdd:0xeff3004e6a602141","Amenities","Gender-neutral toilets","1"
"0x30e298c293370fdd:0xeff3004e6a602141","Amenities","Toilet","1"
"0x30e298c293370fdd:0xeff3004e6a602141","Amenities","Free Wi-Fi","1"
"0x30e298c293370fdd:0xeff3004e6a602141","Crowd","LGBTQ+ friendly","1"
"0x30e298c293370fdd:0xeff3004e6a602141","Crowd","Transgender safe space","1"
"0x30e298c293370fdd:0xeff3004e6a602141","Payments","Credit cards","1"
"0x30e298c293370fdd:0xeff3004e6a602141","Payments","Debit cards","1"
"0x30e298c293370fdd:0xeff3004e6a602141","Payments","NFC mobile payments","1"
"0x30e298c293370fdd:0xeff3004e6a602141","Children","Has changing table(s)","1"
"0x30e298c293370fdd:0xeff3004e6a602141","Children","Playground","1"
"0x30e298c293370fdd:0xeff3004e6a602141","Parking","Free parking lot","1"
"0x30e298c293370fdd:0xeff3004e6a602141","Parking","On-site parking","1"
"0x30e298c293370fdd:0xeff3004e6a602141","Parking","Paid parking lot","1"
"0x30e298c293370fdd:0xeff3004e6a602141","Parking","Valet parking","1"
"0x30e299e3afad6d41:0x3013df95688f18ab","Accessibility","Wheelchair-accessible entrance","1"
"0x30e299e3afad6d41:0x3013df95688f18ab","Amenities","Toilet","1"
"0x30e299e3afad6d41:0x3013df95688f18ab","Planning","Appointment required","1"
"0x30e299e3afad6d41:0x3013df95688f18ab","Planning","Appointments recommended","1"
"0x30e299e3afad6d41:0x3013df95688f18ab","Payments","Credit cards","1"
"0x30e299e3afad6d41:0x3013df95688f18ab","Payments","Debit cards","1"
"0x30e299e3afad6d41:0x3013df95688f18ab","Payments","NFC mobile payments","1"
"0x30e299e3afad6d41:0x3013df95688f18ab","Payments","Credit cards","1"
"0x30e298ea61fba079:0x508db7419ac2acd9","Accessibility","Wheelchair-accessible seating","1"
"0x30e298ea61fba079:0x508db7419ac2acd9","Accessibility","Wheelchair-accessible toilet","1"
"0x30e298ea61fba079:0x508db7419ac2acd9","Accessibility","Wheelchair-accessible car park","1"
"0x30e298ea61fba079:0x508db7419ac2acd9","Accessibility","Wheelchair-accessible entrance","1"
"0x30e298ea61fba079:0x508db7419ac2acd9","Service options","On-site services","1"
"0x30e298ea61fba079:0x508db7419ac2acd9","Offerings","Pediatric care","1"
"0x30e298ea61fba079:0x508db7419ac2acd9","Amenities","Gender-neutral toilets","1"
"0x30e298ea61fba079:0x508db7419ac2acd9","Amenities","Toilet","1"
"0x30e298ea61fba079:0x508db7419ac2acd9","Crowd","LGBTQ+ friendly","1"
"0x30e298ea61fba079:0x508db7419ac2acd9","Crowd","Transgender safe space","1"
"0x30e298ea61fba079:0x508db7419ac2acd9","Planning","Appointments recommended","1"
"0x30e298ea61fba079:0x508db7419ac2acd9","Payments","NFC mobile payments","1"
"0x30e298ea61fba079:0x508db7419ac2acd9","Children","Nursing room","1"
"0x30e298ea61fba079:0x508db7419ac2acd9","Parking","Free of charge street parking","1"
"0x30e298c73d04fca9:0xecd43276029f34e0","Amenities","Toilet","1"
"0x30e298c73d04fca9:0xecd43276029f34e0","Planning","Appointments recommended","1"
"0x30e298ea0acc6967:0x2ac4f94453589cf7","Accessibility","Wheelchair-accessible car park","1"
"0x30e298ea0acc6967:0x2ac4f94453589cf7","Accessibility","Wheelchair-accessible entrance","1"
"0x30e298ea0acc6967:0x2ac4f94453589cf7","Amenities","Toilet","1"
"0x30e298ea0acc6967:0x2ac4f94453589cf7","Planning","Appointments recommended","1"
"0x30e29f50d553b555:0x82e51ed3bf45f65c","Amenities","Toilet","1"
"0x30e29f50d553b555:0x82e51ed3bf45f65c","Planning","Appointments recommended","1"
"0x30e29f50d553b555:0x82e51ed3bf45f65c","Payments","Credit cards","1"
"0x30e29f50d553b555:0x82e51ed3bf45f65c","Payments","NFC mobile payments","1"
"0x30e29f43327a8fc5:0xb9466a9f6ba36e11","Accessibility","Wheelchair-accessible car park","1"
"0x30e29f43327a8fc5:0xb9466a9f6ba36e11","Accessibility","Wheelchair-accessible entrance","1"
"0x30e29f43327a8fc5:0xb9466a9f6ba36e11","Accessibility","Wheelchair-accessible toilet","1"
"0x30e29f43327a8fc5:0xb9466a9f6ba36e11","Amenities","Toilet","1"
"0x30e29f43327a8fc5:0xb9466a9f6ba36e11","Planning","Appointments recommended","1"
"0x30e29f43327a8fc5:0xb9466a9f6ba36e11","Payments","Credit cards","1"
"0x30e29f43327a8fc5:0xb9466a9f6ba36e11","Payments","Debit cards","1"
"0x30e29f43327a8fc5:0xb9466a9f6ba36e11","Payments","NFC mobile payments","1"
"0x30e299a555338139:0x7a3deda6b8b4a0e8","Amenities","Toilet","1"
"0x30e299a555338139:0x7a3deda6b8b4a0e8","Planning","Appointments recommended","1"
"0x30e299a555338139:0x7a3deda6b8b4a0e8","Payments","Credit cards","1"
"0x30e299a555338139:0x7a3deda6b8b4a0e8","Payments","NFC mobile payments","1"
"0x30e299cdf41b73db:0x82bc5882d4764d32","Accessibility","Wheelchair-accessible seating","1"
"0x30e299cdf41b73db:0x82bc5882d4764d32","Amenities","Toilet","1"
"0x30e299cdf41b73db:0x82bc5882d4764d32","Crowd","LGBTQ+ friendly","1"
"0x30e299cdf41b73db:0x82bc5882d4764d32","Crowd","Transgender safe space","1"
"0x30e299cdf41b73db:0x82bc5882d4764d32","Planning","Appointments recommended","1"
"0x30e299cdf41b73db:0x82bc5882d4764d32","Payments","Credit cards","1"
"0x30e299cdf41b73db:0x82bc5882d4764d32","Payments","Debit cards","1"
"0x30e299cdf41b73db:0x82bc5882d4764d32","Payments","NFC mobile payments","1"
"0x30e299cdf41b73db:0x82bc5882d4764d32","Payments","Credit cards","1"
"0x30e299cdf41b73db:0x82bc5882d4764d32","Parking","On-site parking","1"
"0x30e29f09709a1bb7:0xfa165aa2d4749522","Amenities","Toilet","1"
"0x30e29f09709a1bb7:0xfa165aa2d4749522","Planning","Appointments recommended","1"
"0x30e29f09709a1bb7:0xfa165aa2d4749522","Payments","Credit cards","1"
"0x30e29f09709a1bb7:0xfa165aa2d4749522","Payments","Debit cards","1"
"0x30e29f09709a1bb7:0xfa165aa2d4749522","Payments","NFC mobile payments","1"
"0x30e29f09709a1bb7:0xfa165aa2d4749522","Payments","Credit cards","1"
"0x30e29f4f67bf1ef7:0x923a3f87699645d2","Service options","On-site services","1"
"0x30e29f4f67bf1ef7:0x923a3f87699645d2","Amenities","Gender-neutral toilets","1"
"0x30e29f4f67bf1ef7:0x923a3f87699645d2","Amenities","Toilet","1"
"0x30e29f4f67bf1ef7:0x923a3f87699645d2","Planning","Appointments recommended","1"
"0x30e29f4f67bf1ef7:0x923a3f87699645d2","Payments","Credit cards","1"
"0x30e29f4f67bf1ef7:0x923a3f87699645d2","Payments","Debit cards","1"
"0x30e29f4f67bf1ef7:0x923a3f87699645d2","Payments","NFC mobile payments","1"
"0x30e298cf76fb7613:0x434ec7af275c2252","Amenities","Toilet","1"
"0x30e298cf76fb7613:0x434ec7af275c2252","Planning","Appointments recommended","1"
"0x30e298cf76fb7613:0x434ec7af275c2252","Payments","Debit cards","1"
"0x30e298cf76fb7613:0x434ec7af275c2252","Payments","NFC mobile payments","1"
"0x30e298cf76fb7613:0x434ec7af275c2252","Payments","Credit cards","1"
"0x30e29f3eb3b5da07:0xa56d1aaa5a9711ce","Accessibility","Wheelchair-accessible car park","1"
"0x30e29f3eb3b5da07:0xa56d1aaa5a9711ce","Accessibility","Wheelchair-accessible entrance","1"
"0x30e29f3eb3b5da07:0xa56d1aaa5a9711ce","Accessibility","Wheelchair-accessible toilet","1"
"0x30e29f3eb3b5da07:0xa56d1aaa5a9711ce","Amenities","Toilet","1"
"0x30e29f3eb3b5da07:0xa56d1aaa5a9711ce","Planning","Appointments recommended","1"
"0x30e29f3eb3b5da07:0xa56d1aaa5a9711ce","Payments","Credit cards","1"
"0x30e29f3eb3b5da07:0xa56d1aaa5a9711ce","Payments","Debit cards","1"
"0x30e29f3eb3b5da07:0xa56d1aaa5a9711ce","Payments","NFC mobile payments","1"
"0x30e29f3eb3b5da07:0xa56d1aaa5a9711ce","Payments","Credit cards","1"
"0x30e29be3a7ba320f:0x3a49662e1ab22a62","Accessibility","Assistive hearing loop","1"
"0x30e29be3a7ba320f:0x3a49662e1ab22a62","Accessibility","Wheelchair-accessible car park","1"
"0x30e29be3a7ba320f:0x3a49662e1ab22a62","Accessibility","Wheelchair-accessible entrance","1"
"0x30e29be3a7ba320f:0x3a49662e1ab22a62","Accessibility","Wheelchair-accessible seating","1"
"0x30e29be3a7ba320f:0x3a49662e1ab22a62","Accessibility","Wheelchair-accessible toilet","1"
"0x30e29be3a7ba320f:0x3a49662e1ab22a62","Service options","On-site services","1"
"0x30e29be3a7ba320f:0x3a49662e1ab22a62","Payments","Credit cards","1"
"0x30e29be3a7ba320f:0x3a49662e1ab22a62","Payments","Debit cards","1"
"0x30e29be3a7ba320f:0x3a49662e1ab22a62","Payments","NFC mobile payments","1"
"0x30e29be3a7ba320f:0x3a49662e1ab22a62","Parking","Free multi-storey car park","1"
"0x30e29e8d0c705d9f:0x5448833050277340","Service options","No-contact delivery","1"
"0x30e29e8d0c705d9f:0x5448833050277340","Service options","Delivery","1"
"0x30e29e8d0c705d9f:0x5448833050277340","Service options","On-site services","1"
"0x30e29e8d0c705d9f:0x5448833050277340","Highlights","Great produce","1"
"0x30e29e8d0c705d9f:0x5448833050277340","Offerings","Food","1"
"0x30e29e8d0c705d9f:0x5448833050277340","Amenities","Toilet","1"
"0x30e29e8d0c705d9f:0x5448833050277340","Planning","Quick visit","1"
"0x30e29e8d0c705d9f:0x5448833050277340","Recycling","Glass bottles","1"
"0x30e29e8d0c705d9f:0x5448833050277340","Recycling","Metal cans","1"
"0x30e29e8d0c705d9f:0x5448833050277340","Recycling","Plastic bags","1"
"0x30e29e8d0c705d9f:0x5448833050277340","Payments","Credit cards","1"
"0x30e29e8d0c705d9f:0x5448833050277340","Payments","Debit cards","1"
"0x30e29e8d0c705d9f:0x5448833050277340","Payments","NFC mobile payments","1"
"0x30e29d686198d17f:0xdd5b79ad906e7db3","Amenities","Toilet","1"
"0x30e29d686198d17f:0xdd5b79ad906e7db3","Planning","Appointments recommended","1"
"0x30e29d686198d17f:0xdd5b79ad906e7db3","Payments","Debit cards","1"
"0x30e29d686198d17f:0xdd5b79ad906e7db3","Payments","NFC mobile payments","1"
"0x30e29d686198d17f:0xdd5b79ad906e7db3","Payments","Credit cards","1"
"0x30e29c5ad6020419:0xb67fc8afd72155f2","Amenities","Toilet","1"
"0x30e29c5ad6020419:0xb67fc8afd72155f2","Planning","Appointments recommended","1"
"0x30e29c5ad6020419:0xb67fc8afd72155f2","Payments","Credit cards","1"
"0x30e29c5ad6020419:0xb67fc8afd72155f2","Payments","Debit cards","1"
"0x30e29c5ad6020419:0xb67fc8afd72155f2","Payments","NFC mobile payments","1"
"0x30e29b82d0b47495:0x42e00834b1ca2ad5","Amenities","Toilet","1"
"0x30e29b82d0b47495:0x42e00834b1ca2ad5","Planning","Appointments recommended","1"
"0x30e29b82d0b47495:0x42e00834b1ca2ad5","Payments","Credit cards","1"
"0x30e29b82d0b47495:0x42e00834b1ca2ad5","Payments","NFC mobile payments","1"
"0x30e298b9dffe0173:0x131f4a9398eaa49b","Amenities","Toilet","1"
"0x30e298b9dffe0173:0x131f4a9398eaa49b","Payments","Credit cards","1"
"0x30e298b9dffe0173:0x131f4a9398eaa49b","Payments","NFC mobile payments","1"
"0x30e298b47736432f:0xd45681663a258d2","Accessibility","Wheelchair-accessible car park","1"
"0x30e298b47736432f:0xd45681663a258d2","Amenities","Toilet","1"
"0x30e298b47736432f:0xd45681663a258d2","Planning","Appointments recommended","1"
"0x30e298b47736432f:0xd45681663a258d2","Payments","Debit cards","1"
"0x30e298b47736432f:0xd45681663a258d2","Payments","Credit cards","1"
"0x30e29f05424b5eff:0xadd5a0099f205b8a","Accessibility","Wheelchair-accessible entrance","1"
"0x30e29f05424b5eff:0xadd5a0099f205b8a","Amenities","Toilet","1"
"0x30e29f05424b5eff:0xadd5a0099f205b8a","Planning","Appointments recommended","1"
"0x30e2996d69b279f9:0x15bb4da0b7127667","Amenities","Toilet","1"
"0x30e2996d69b279f9:0x15bb4da0b7127667","Planning","Appointments recommended","1"
"0x30e2996d69b279f9:0x15bb4da0b7127667","Payments","Debit cards","1"
"0x30e2996d69b279f9:0x15bb4da0b7127667","Payments","Credit cards","1"
"0x30e29f3b4403aa4f:0xf0b458ffa7296e36","Amenities","Toilet","1"
"0x30e29f3b4403aa4f:0xf0b458ffa7296e36","Planning","Appointments recommended","1"
"0x30e29f181b68631f:0xef6ed064591df77e","Accessibility","Wheelchair-accessible car park","1"
"0x30e29f181b68631f:0xef6ed064591df77e","Amenities","Toilet","1"
"0x30e29f181b68631f:0xef6ed064591df77e","Planning","Appointments recommended","1"
"0x30e29e5fe52d0ee3:0xeb499f5e0fa8028d","Amenities","Gender-neutral toilets","1"
"0x30e29e5fe52d0ee3:0xeb499f5e0fa8028d","Amenities","Toilet","1"
"0x30e29e5fe52d0ee3:0xeb499f5e0fa8028d","Planning","Appointments recommended","1"
"0x30e29e5fe52d0ee3:0xeb499f5e0fa8028d","Payments","Credit cards","1"
"0x30e29e5fe52d0ee3:0xeb499f5e0fa8028d","Payments","Debit cards","1"
"0x30e29e5fe52d0ee3:0xeb499f5e0fa8028d","Payments","NFC mobile payments","1"
"0x30e29d1977f8bea7:0x30475a4ea8504bbf","Amenities","Toilet","1"
"0x30e299566aa11b19:0xdf4e1208c47a2f11","Amenities","Toilet","1"
"0x30e299566aa11b19:0xdf4e1208c47a2f11","Planning","Appointments recommended","1"
"0x30e299e77bd9d003:0xb24cffcd33192cf3","Accessibility","Wheelchair-accessible car park","1"
"0x30e299e77bd9d003:0xb24cffcd33192cf3","Amenities","Toilet","1"
"0x30e299e77bd9d003:0xb24cffcd33192cf3","Planning","Appointments recommended","1"
"0x30e299e77bd9d003:0xb24cffcd33192cf3","Payments","Credit cards","1"
"0x30e299e77bd9d003:0xb24cffcd33192cf3","Payments","NFC mobile payments","1"
"0x30e29b550bd562f7:0xb669e98e86e70098","Service options","On-site services","1"
"0x30e29b550bd562f7:0xb669e98e86e70098","Amenities","Toilet","1"
"0x30e29b550bd562f7:0xb669e98e86e70098","Planning","Appointments recommended","1"
"0x30e299bb02d4e66d:0xfee68dbd2836b77d","Amenities","Toilet","1"
"0x30e299bb02d4e66d:0xfee68dbd2836b77d","Payments","NFC mobile payments","1"
"0x30e29f12aaa363f1:0xcefcbb1eecaef925","Accessibility","Assistive hearing loop","1"
"0x30e29f12aaa363f1:0xcefcbb1eecaef925","Accessibility","Wheelchair-accessible car park","1"
"0x30e29f12aaa363f1:0xcefcbb1eecaef925","Accessibility","Wheelchair-accessible entrance","1"
"0x30e29f12aaa363f1:0xcefcbb1eecaef925","Accessibility","Wheelchair-accessible seating","1"
"0x30e29f12aaa363f1:0xcefcbb1eecaef925","Accessibility","Wheelchair-accessible toilet","1"
"0x30e29f12aaa363f1:0xcefcbb1eecaef925","Service options","On-site services","1"
"0x30e29f12aaa363f1:0xcefcbb1eecaef925","Payments","Credit cards","1"
"0x30e29f12aaa363f1:0xcefcbb1eecaef925","Payments","Debit cards","1"
"0x30e29f12aaa363f1:0xcefcbb1eecaef925","Payments","NFC mobile payments","1"
"0x30e29f12aaa363f1:0xcefcbb1eecaef925","Payments","Credit cards","1"
"0x30e29f12aaa363f1:0xcefcbb1eecaef925","Parking","Free of charge street parking","1"
"0x30e29f12aaa363f1:0xcefcbb1eecaef925","Parking","Free parking lot","1"
"0x30e29f12aaa363f1:0xcefcbb1eecaef925","Parking","On-site parking","1"
"0x30e29f12aaa363f1:0xcefcbb1eecaef925","Parking","Paid parking lot","1"
"0x30e29f74f476402f:0x735daeaed111864b","Amenities","Toilet","1"
"0x30e29f74f476402f:0x735daeaed111864b","Planning","Appointments recommended","1"
"0x30e29c1771245b43:0x990a9cdb21c76e2e","Amenities","Toilet","1"
"0x30e29c1771245b43:0x990a9cdb21c76e2e","Planning","Appointments recommended","1"
"0x30e29d28079f41d7:0xbcb01bc2f8f8ac81","Amenities","Toilet","1"
"0x30e29d28079f41d7:0xbcb01bc2f8f8ac81","Planning","Appointments recommended","1"
"0x30e29d28079f41d7:0xbcb01bc2f8f8ac81","Payments","NFC mobile payments","1"
"0x30e29bd039113387:0x4e654fb3df00a042","Amenities","Toilet","1"
"0x30e29bd039113387:0x4e654fb3df00a042","Planning","Appointments recommended","1"
"0x30e29b2fafe38aeb:0xbc69159a78d1c6db","Offerings","Cosmetic dentistry","1"
"0x30e29b2fafe38aeb:0xbc69159a78d1c6db","Offerings","Emergency services","1"
"0x30e29b2fafe38aeb:0xbc69159a78d1c6db","Offerings","Pediatric care","1"
"0x30e29b2fafe38aeb:0xbc69159a78d1c6db","Amenities","Toilet","1"
"0x30e29b2fafe38aeb:0xbc69159a78d1c6db","Planning","Appointments recommended","1"
"0x30e29b2fafe38aeb:0xbc69159a78d1c6db","Payments","Credit cards","1"
"0x30e29b2fafe38aeb:0xbc69159a78d1c6db","Payments","Debit cards","1"
"0x30e29b2fafe38aeb:0xbc69159a78d1c6db","Payments","NFC mobile payments","1"
"0x30e29b2fafe38aeb:0xbc69159a78d1c6db","Parking","Free parking lot","1"
"0x30e29b2fafe38aeb:0xbc69159a78d1c6db","Parking","On-site parking","1"
"0x30e2993d0f6d0679:0xd4847769ae9d2ae8","Accessibility","Wheelchair-accessible car park","1"
"0x30e2993d0f6d0679:0xd4847769ae9d2ae8","Accessibility","Wheelchair-accessible entrance","1"
"0x30e2993d0f6d0679:0xd4847769ae9d2ae8","Amenities","Toilet","1"
"0x30e2993d0f6d0679:0xd4847769ae9d2ae8","Planning","Appointments recommended","1"
"0x30e2993d0f6d0679:0xd4847769ae9d2ae8","Payments","Credit cards","1"
"0x30e2993d0f6d0679:0xd4847769ae9d2ae8","Payments","NFC mobile payments","1"
"0x30e2995a6788c8f7:0xbe72af91f4dece1f","Amenities","Toilet","1"
"0x30e2995a6788c8f7:0xbe72af91f4dece1f","Planning","Appointments recommended","1"
"0x30e2995a6788c8f7:0xbe72af91f4dece1f","Payments","Credit cards","1"
"0x30e2995a6788c8f7:0xbe72af91f4dece1f","Payments","NFC mobile payments","1"
"0x30e2988b33e1be73:0x570db15168b91ad8","Accessibility","Wheelchair-accessible car park","1"
"0x30e2988b33e1be73:0x570db15168b91ad8","Accessibility","Wheelchair-accessible entrance","1"
"0x30e29fcbb45cbc21:0xe69c19181e057d35","Amenities","Toilet","1"
"0x30e29fcbb45cbc21:0xe69c19181e057d35","Planning","Appointments recommended","1"
"0x30e29fcbb45cbc21:0xe69c19181e057d35","Payments","Credit cards","1"
"0x30e29fcbb45cbc21:0xe69c19181e057d35","Payments","Debit cards","1"
"0x30e29fcbb45cbc21:0xe69c19181e057d35","Payments","NFC mobile payments","1"
"0x30e29fcbb45cbc21:0xe69c19181e057d35","Payments","Credit cards","1"
"0x30e29bcddfd72035:0xf2bd9ccd637cc063","Accessibility","Wheelchair-accessible toilet","1"
"0x30e29bcddfd72035:0xf2bd9ccd637cc063","From the business","Identifies as women-owned","1"
"0x30e29bcddfd72035:0xf2bd9ccd637cc063","Service options","On-site services","1"
"0x30e29bcddfd72035:0xf2bd9ccd637cc063","Offerings","Pediatric care","1"
"0x30e29bcddfd72035:0xf2bd9ccd637cc063","Amenities","Gender-neutral toilets","1"
"0x30e29bcddfd72035:0xf2bd9ccd637cc063","Amenities","Toilet","1"
"0x30e29bcddfd72035:0xf2bd9ccd637cc063","Crowd","LGBTQ+ friendly","1"
"0x30e29bcddfd72035:0xf2bd9ccd637cc063","Planning","Appointment required","1"
"0x30e29bcddfd72035:0xf2bd9ccd637cc063","Planning","Appointments recommended","1"
"0x30e29bcddfd72035:0xf2bd9ccd637cc063","Payments","Cash only","1"
"0x30e29bcddfd72035:0xf2bd9ccd637cc063","Parking","Free parking lot","1"
"0x30e29bcddfd72035:0xf2bd9ccd637cc063","Parking","Paid parking lot","1"
"0x30e2990d7b99b585:0x369bdc63bca57085","Accessibility","Wheelchair-accessible seating","1"
"0x30e2990d7b99b585:0x369bdc63bca57085","Accessibility","Wheelchair-accessible toilet","1"
"0x30e2990d7b99b585:0x369bdc63bca57085","From the business","Identifies as women-owned","1"
"0x30e2990d7b99b585:0x369bdc63bca57085","Service options","On-site services","1"
"0x30e2990d7b99b585:0x369bdc63bca57085","Amenities","Gender-neutral toilets","1"
"0x30e2990d7b99b585:0x369bdc63bca57085","Amenities","Toilet","1"
"0x30e2990d7b99b585:0x369bdc63bca57085","Crowd","LGBTQ+ friendly","1"
"0x30e2990d7b99b585:0x369bdc63bca57085","Crowd","Transgender safe space","1"
"0x30e2990d7b99b585:0x369bdc63bca57085","Planning","Appointments recommended","1"
"0x30e2990d7b99b585:0x369bdc63bca57085","Payments","NFC mobile payments","1"
"0x30e29857ccc4cde3:0xb88f61a4ff02860","Amenities","Toilet","1"
"0x30e29857ccc4cde3:0xb88f61a4ff02860","Planning","Appointments recommended","1"
"0x30e29f005d67ea7f:0x905f9f5e6211bebf","Offerings","Beverages","1"
"0x30e29f005d67ea7f:0x905f9f5e6211bebf","Amenities","Toilet","1"
"0x30e29f005d67ea7f:0x905f9f5e6211bebf","Amenities","Free Wi-Fi","1"
"0x30e29f005d67ea7f:0x905f9f5e6211bebf","Crowd","LGBTQ+ friendly","1"
"0x30e29f005d67ea7f:0x905f9f5e6211bebf","Crowd","Transgender safe space","1"
"0x30e29f005d67ea7f:0x905f9f5e6211bebf","Planning","Appointment required","1"
"0x30e29f005d67ea7f:0x905f9f5e6211bebf","Planning","Appointments recommended","1"
"0x30e29ffe4e4524a1:0x900cade21ac6c422","Accessibility","Wheelchair-accessible entrance","1"
"0x30e29ffe4e4524a1:0x900cade21ac6c422","Amenities","Gender-neutral toilets","1"
"0x30e29ffe4e4524a1:0x900cade21ac6c422","Amenities","Toilet","1"
"0x30e29ffe4e4524a1:0x900cade21ac6c422","Crowd","LGBTQ+ friendly","1"
"0x30e29ffe4e4524a1:0x900cade21ac6c422","Planning","Appointment required","1"
"0x30e29ffe4e4524a1:0x900cade21ac6c422","Planning","Appointments recommended","1"
"0x30e29da9afcd3e4b:0xa65dcbb44beb6cec","Service options","On-site services","1"
"0x30e29da9afcd3e4b:0xa65dcbb44beb6cec","Amenities","Toilet","1"
"0x30e29da9afcd3e4b:0xa65dcbb44beb6cec","Crowd","LGBTQ+ friendly","1"
"0x30e29da9afcd3e4b:0xa65dcbb44beb6cec","Crowd","Transgender safe space","1"
"0x30e29da9afcd3e4b:0xa65dcbb44beb6cec","Planning","Appointments recommended","1"
"0x30e29da9afcd3e4b:0xa65dcbb44beb6cec","Payments","Credit cards","1"
"0x30e29da9afcd3e4b:0xa65dcbb44beb6cec","Payments","Debit cards","1"
"0x30e29da9afcd3e4b:0xa65dcbb44beb6cec","Payments","NFC mobile payments","1"
"0x30e29da9afcd3e4b:0xa65dcbb44beb6cec","Payments","Credit cards","1"
"0x30e29da9afcd3e4b:0xa65dcbb44beb6cec","Children","Nursing room","1"
"0x30e29dd56963d70d:0x3db943634df00b8a","Amenities","Toilet","1"
"0x30e29dd56963d70d:0x3db943634df00b8a","Payments","NFC mobile payments","1"
"0x30e29bafb19a0615:0xa3dda20141b1e2e0","Amenities","Toilet","1"
"0x30e29bafb19a0615:0xa3dda20141b1e2e0","Planning","Appointments recommended","1"
"0x30e29bafb19a0615:0xa3dda20141b1e2e0","Payments","NFC mobile payments","1"
"0x30e29fae8a2a70d7:0xa06fadbb84d6efb6","Accessibility","Assistive hearing loop","1"
"0x30e29fae8a2a70d7:0xa06fadbb84d6efb6","Accessibility","Wheelchair-accessible seating","1"
"0x30e29fae8a2a70d7:0xa06fadbb84d6efb6","Accessibility","Wheelchair-accessible toilet","1"
"0x30e29fae8a2a70d7:0xa06fadbb84d6efb6","Service options","On-site services","1"
"0x30e29fae8a2a70d7:0xa06fadbb84d6efb6","Amenities","Gender-neutral toilets","1"
"0x30e29fae8a2a70d7:0xa06fadbb84d6efb6","Crowd","LGBTQ+ friendly","1"
"0x30e29fae8a2a70d7:0xa06fadbb84d6efb6","Crowd","Transgender safe space","1"
"0x30e29fae8a2a70d7:0xa06fadbb84d6efb6","Payments","Credit cards","1"
"0x30e29fae8a2a70d7:0xa06fadbb84d6efb6","Payments","NFC mobile payments","1"
"0x30e29fae8a2a70d7:0xa06fadbb84d6efb6","Parking","Free multi-storey car park","1"
"0x30e29fae8a2a70d7:0xa06fadbb84d6efb6","Parking","Free of charge street parking","1"
"0x30e29fae8a2a70d7:0xa06fadbb84d6efb6","Parking","Free parking lot","1"
"0x30e29fae8a2a70d7:0xa06fadbb84d6efb6","Parking","On-site parking","1"
"0x30e29c2291a8db29:0x14dff4a5f8c18981","Accessibility","Wheelchair-accessible toilet","1"
"0x30e29c2291a8db29:0x14dff4a5f8c18981","Amenities","Toilet","1"
"0x30e29c2291a8db29:0x14dff4a5f8c18981","Planning","Appointments recommended","1"
"0x30e29c5ab5f008a1:0xb1acc8c0c571fcae","Accessibility","Wheelchair-accessible car park","1"
"0x30e29c5ab5f008a1:0xb1acc8c0c571fcae","Accessibility","Wheelchair-accessible entrance","1"
"0x30e29c5ab5f008a1:0xb1acc8c0c571fcae","Accessibility","Wheelchair-accessible toilet","1"
"0x30e29c5ab5f008a1:0xb1acc8c0c571fcae","Amenities","Toilet","1"
"0x30e29c5ab5f008a1:0xb1acc8c0c571fcae","Planning","Appointments recommended","1"
"0x30e29c5ab5f008a1:0xb1acc8c0c571fcae","Payments","Credit cards","1"
"0x30e29c5ab5f008a1:0xb1acc8c0c571fcae","Payments","Debit cards","1"
"0x30e29c5ab5f008a1:0xb1acc8c0c571fcae","Payments","NFC mobile payments","1"
"0x30e29d018d198813:0x81291dc46868239","Accessibility","Assistive hearing loop","1"
"0x30e29d018d198813:0x81291dc46868239","Accessibility","Wheelchair-accessible car park","1"
"0x30e29d018d198813:0x81291dc46868239","Accessibility","Wheelchair-accessible entrance","1"
"0x30e29d018d198813:0x81291dc46868239","Accessibility","Wheelchair-accessible seating","1"
"0x30e29d018d198813:0x81291dc46868239","Accessibility","Wheelchair-accessible toilet","1"
"0x30e29d018d198813:0x81291dc46868239","Service options","On-site services","1"
"0x30e29d018d198813:0x81291dc46868239","Amenities","Gender-neutral toilets","1"
"0x30e29d018d198813:0x81291dc46868239","Crowd","LGBTQ+ friendly","1"
"0x30e29d018d198813:0x81291dc46868239","Crowd","Transgender safe space","1"
"0x30e29d018d198813:0x81291dc46868239","Payments","Credit cards","1"
"0x30e29d018d198813:0x81291dc46868239","Payments","Debit cards","1"
"0x30e29d018d198813:0x81291dc46868239","Payments","NFC mobile payments","1"
"0x30e29d018d198813:0x81291dc46868239","Payments","Credit cards","1"
"0x30e29d018d198813:0x81291dc46868239","Children","Nursing room","1"
"0x30e29d018d198813:0x81291dc46868239","Parking","Free of charge street parking","1"
"0x30e29d018d198813:0x81291dc46868239","Parking","Free parking lot","1"
"0x30e29d018d198813:0x81291dc46868239","Parking","On-site parking","1"
"0x30e29d66b73d4fdd:0x8fbe85e19011b9ac","Service options","On-site services","1"
"0x30e29d66b73d4fdd:0x8fbe85e19011b9ac","Amenities","Toilet","1"
"0x30e29d66b73d4fdd:0x8fbe85e19011b9ac","Planning","Appointment required","1"
"0x30e29d66b73d4fdd:0x8fbe85e19011b9ac","Planning","Appointments recommended","1"
"0x30e29d66b73d4fdd:0x8fbe85e19011b9ac","Payments","Credit cards","1"
"0x30e29d66b73d4fdd:0x8fbe85e19011b9ac","Payments","Debit cards","1"
"0x30e29d66b73d4fdd:0x8fbe85e19011b9ac","Payments","NFC mobile payments","1"
"0x30e29f4bfee5c989:0x9273555a77eeebaf","Amenities","Toilet","1"
"0x30e29f514e4255df:0xb0c0fad80afcc926","Amenities","Gender-neutral toilets","1"
"0x30e29f514e4255df:0xb0c0fad80afcc926","Amenities","Toilet","1"
"0x30e29f514e4255df:0xb0c0fad80afcc926","Planning","Appointments recommended","1"
"0x30e29f514e4255df:0xb0c0fad80afcc926","Payments","Debit cards","1"
"0x30e29f514e4255df:0xb0c0fad80afcc926","Payments","NFC mobile payments","1"
"0x30e29f514e4255df:0xb0c0fad80afcc926","Payments","Credit cards","1"
"0x30e29f11815fd233:0x6883fef98929bb28","Amenities","Toilet","1"
"0x30e29f11815fd233:0x6883fef98929bb28","Planning","Appointment required","1"
"0x30e29f11815fd233:0x6883fef98929bb28","Planning","Appointments recommended","1"
"0x30e29d007a882e4b:0xe817d9220b24e201","Offerings","Cosmetic dentistry","1"
"0x30e29d007a882e4b:0xe817d9220b24e201","Amenities","Toilet","1"
"0x30e29d007a882e4b:0xe817d9220b24e201","Planning","Appointments recommended","1"
"0x30e29d007a882e4b:0xe817d9220b24e201","Payments","Credit cards","1"
"0x30e29d007a882e4b:0xe817d9220b24e201","Payments","Debit cards","1"
"0x30e29d007a882e4b:0xe817d9220b24e201","Payments","Credit cards","1"
"0x30e29d007a882e4b:0xe817d9220b24e201","Parking","Free parking lot","1"
"0x30e2993f238aedff:0x388000f833b22e35","Accessibility","Wheelchair-accessible toilet","1"
"0x30e2993f238aedff:0x388000f833b22e35","Amenities","Toilet","1"
"0x30e2993f238aedff:0x388000f833b22e35","Planning","Appointments recommended","1"
"0x30e2993f238aedff:0x388000f833b22e35","Payments","Credit cards","1"
"0x30e2993f238aedff:0x388000f833b22e35","Payments","Debit cards","1"
"0x30e2993f238aedff:0x388000f833b22e35","Payments","NFC mobile payments","1"
"0x30e29f48e298a655:0xabefb8d60176126f","Accessibility","Wheelchair-accessible car park","1"
"0x30e29f48e298a655:0xabefb8d60176126f","Accessibility","Wheelchair-accessible entrance","1"
"0x30e29f48e298a655:0xabefb8d60176126f","Payments","Credit cards","1"
"0x30e29f48e298a655:0xabefb8d60176126f","Payments","Debit cards","1"
"0x30e29f48e298a655:0xabefb8d60176126f","Payments","NFC mobile payments","1"
"0x30e29f48e298a655:0xabefb8d60176126f","Payments","Credit cards","1"
"0x30e29c455f2436b7:0xc7c5489001e249e9","Amenities","Toilet","1"
"0x30e29c455f2436b7:0xc7c5489001e249e9","Planning","Appointments recommended","1"
"0x30e29c455f2436b7:0xc7c5489001e249e9","Payments","NFC mobile payments","1"
"0x30e29e9a5030c14d:0x7286e5b640947313","Amenities","Toilet","1"
"0x30e29e9a5030c14d:0x7286e5b640947313","Planning","Appointments recommended","1"
"0x30e29c1956f2dfb1:0xb9cff716c477fc93","Amenities","Toilet","1"
"0x30e29c1956f2dfb1:0xb9cff716c477fc93","Planning","Appointments recommended","1"
"0x30e29b94b21ebc91:0x54ff3f98db900250","Accessibility","Wheelchair-accessible car park","1"
"0x30e29b94b21ebc91:0x54ff3f98db900250","Accessibility","Wheelchair-accessible entrance","1"
"0x30e29b94b21ebc91:0x54ff3f98db900250","Amenities","Toilet","1"
"0x30e29b94b21ebc91:0x54ff3f98db900250","Crowd","LGBTQ+ friendly","1"
"0x30e29b94b21ebc91:0x54ff3f98db900250","Crowd","Transgender safe space","1"
"0x30e29b94b21ebc91:0x54ff3f98db900250","Planning","Appointments recommended","1"
"0x30e29b94b21ebc91:0x54ff3f98db900250","Parking","Free parking lot","1"
"0x30e29b94b21ebc91:0x54ff3f98db900250","Parking","On-site parking","1"
"0x30e299a50faf8211:0x561cb03e9510b482","Offerings","Pediatric care","1"
"0x30e299a50faf8211:0x561cb03e9510b482","Amenities","Toilet","1"
"0x30e299a50faf8211:0x561cb03e9510b482","Planning","Appointments recommended","1"
"0x30e299a50faf8211:0x561cb03e9510b482","Payments","Credit cards","1"
"0x30e299a50faf8211:0x561cb03e9510b482","Payments","Debit cards","1"
"0x30e299a50faf8211:0x561cb03e9510b482","Payments","NFC mobile payments","1"
"0x30e299a50faf8211:0x561cb03e9510b482","Payments","Credit cards","1"
"0x30e2998a923000a5:0x6462bd26e59715bd","Accessibility","Wheelchair-accessible car park","1"
"0x30e2998a923000a5:0x6462bd26e59715bd","Accessibility","Wheelchair-accessible seating","1"
"0x30e2998a923000a5:0x6462bd26e59715bd","Accessibility","Assistive hearing loop","1"
"0x30e2998a923000a5:0x6462bd26e59715bd","Accessibility","Wheelchair-accessible toilet","1"
"0x30e2998a923000a5:0x6462bd26e59715bd","Service options","On-site services","1"
"0x30e2998a923000a5:0x6462bd26e59715bd","Offerings","Cosmetic dentistry","1"
"0x30e2998a923000a5:0x6462bd26e59715bd","Offerings","Emergency services","1"
"0x30e2998a923000a5:0x6462bd26e59715bd","Offerings","Pediatric care","1"
"0x30e2998a923000a5:0x6462bd26e59715bd","Amenities","Toilet","1"
"0x30e2998a923000a5:0x6462bd26e59715bd","Crowd","LGBTQ+ friendly","1"
"0x30e2998a923000a5:0x6462bd26e59715bd","Crowd","Transgender safe space","1"
"0x30e2998a923000a5:0x6462bd26e59715bd","Planning","Appointments recommended","1"
"0x30e2998a923000a5:0x6462bd26e59715bd","Parking","Free parking lot","1"
"0x30e2998a923000a5:0x6462bd26e59715bd","Parking","On-site parking","1"
"0x30e29ff904498c07:0x9344ed07dfdf5ce0","Amenities","Toilet","1"
"0x30e29ff904498c07:0x9344ed07dfdf5ce0","Planning","Appointments recommended","1"
"0x30e29ff904498c07:0x9344ed07dfdf5ce0","Payments","Credit cards","1"
"0x30e29ff904498c07:0x9344ed07dfdf5ce0","Payments","Debit cards","1"
"0x30e29ff904498c07:0x9344ed07dfdf5ce0","Payments","NFC mobile payments","1"
"0x30e29fdc8dd2c099:0xd5e410b02b2d9890","Service options","On-site services","1"
"0x30e29fdc8dd2c099:0xd5e410b02b2d9890","Amenities","Toilet","1"
"0x30e29fdc8dd2c099:0xd5e410b02b2d9890","Planning","Appointments recommended","1"
"0x30e29fdc8dd2c099:0xd5e410b02b2d9890","Payments","NFC mobile payments","1"
"0x30e29fdc8dd2c099:0xd5e410b02b2d9890","Parking","On-site parking","1"
"0x30e29fdc8dd2c099:0xd5e410b02b2d9890","Parking","Paid parking lot","1"
"0x30e29e2e0f2ca54b:0x48c8ffb56df89fc8","Accessibility","Wheelchair-accessible car park","1"
"0x30e29e2e0f2ca54b:0x48c8ffb56df89fc8","Accessibility","Wheelchair-accessible entrance","1"
"0x30e29e2e0f2ca54b:0x48c8ffb56df89fc8","Amenities","Toilet","1"
"0x30e29e2e0f2ca54b:0x48c8ffb56df89fc8","Planning","Appointments recommended","1"
"0x30e29e2e0f2ca54b:0x48c8ffb56df89fc8","Payments","Credit cards","1"
"0x30e29e2e0f2ca54b:0x48c8ffb56df89fc8","Payments","Debit cards","1"
"0x30e29e2e0f2ca54b:0x48c8ffb56df89fc8","Payments","NFC mobile payments","1"
"0x30e29f9a93cce355:0x2e36e515c273299a","Accessibility","Wheelchair-accessible toilet","1"
"0x30e29f9a93cce355:0x2e36e515c273299a","Amenities","Toilet","1"
"0x30e29f9a93cce355:0x2e36e515c273299a","Planning","Appointments recommended","1"
"0x30e29f9a93cce355:0x2e36e515c273299a","Payments","Credit cards","1"
"0x30e29f9a93cce355:0x2e36e515c273299a","Payments","Debit cards","1"
"0x30e29f9a93cce355:0x2e36e515c273299a","Payments","NFC mobile payments","1"
"0x30e299764abab7db:0x3d22aaefc94f6865","Accessibility","Wheelchair-accessible toilet","1"
"0x30e299764abab7db:0x3d22aaefc94f6865","Amenities","Toilet","1"
"0x30e299764abab7db:0x3d22aaefc94f6865","Planning","Appointments recommended","1"
"0x30e299764abab7db:0x3d22aaefc94f6865","Payments","Credit cards","1"
"0x30e299764abab7db:0x3d22aaefc94f6865","Payments","Debit cards","1"
"0x30e299764abab7db:0x3d22aaefc94f6865","Payments","NFC mobile payments","1"
"0x30e29856d5170811:0x6388585415b05d2a","Amenities","Toilet","1"
"0x30e29856d5170811:0x6388585415b05d2a","Planning","Appointments recommended","1"
"0x30e29856d5170811:0x6388585415b05d2a","Payments","Credit cards","1"
"0x30e29856d5170811:0x6388585415b05d2a","Payments","NFC mobile payments","1"
"0x30e297c49b3d7001:0xc7628dd14c32b859","Amenities","Toilet","1"
"0x30e297c49b3d7001:0xc7628dd14c32b859","Parking","Free parking lot","1"
"0x30e29dfddc3a1817:0x3bd53cd8abc52f13","Amenities","Toilet","1"
"0x30e29dfddc3a1817:0x3bd53cd8abc52f13","Planning","Appointments recommended","1"
"0x30e29dfddc3a1817:0x3bd53cd8abc52f13","Payments","Credit cards","1"
"0x30e29dfddc3a1817:0x3bd53cd8abc52f13","Payments","Debit cards","1"
"0x30e29dfddc3a1817:0x3bd53cd8abc52f13","Payments","NFC mobile payments","1"
"0x30e29dfddc3a1817:0x3bd53cd8abc52f13","Parking","Free parking lot","1"
"0x30e29dfddc3a1817:0x3bd53cd8abc52f13","Parking","On-site parking","1"
"0x30e29d8a2b142cf9:0x55b0277e80e04af3","Accessibility","Wheelchair-accessible car park","1"
"0x30e29d8a2b142cf9:0x55b0277e80e04af3","Accessibility","Wheelchair-accessible entrance","1"
"0x30e29d8a2b142cf9:0x55b0277e80e04af3","Accessibility","Wheelchair-accessible toilet","1"
"0x30e29d8a2b142cf9:0x55b0277e80e04af3","From the business","Identifies as women-owned","1"
"0x30e29d8a2b142cf9:0x55b0277e80e04af3","Amenities","Toilet","1"
"0x30e29d8a2b142cf9:0x55b0277e80e04af3","Crowd","LGBTQ+ friendly","1"
"0x30e29d8a2b142cf9:0x55b0277e80e04af3","Crowd","Transgender safe space","1"
"0x30e29d8a2b142cf9:0x55b0277e80e04af3","Planning","Appointments recommended","1"
"0x30e29d8a2b142cf9:0x55b0277e80e04af3","Payments","Credit cards","1"
"0x30e29d8a2b142cf9:0x55b0277e80e04af3","Payments","Debit cards","1"
"0x30e29d8a2b142cf9:0x55b0277e80e04af3","Payments","NFC mobile payments","1"
"0x30e29d8a2b142cf9:0x55b0277e80e04af3","Payments","Credit cards","1"
"0x30e29d8a2b142cf9:0x55b0277e80e04af3","Parking","Free parking lot","1"
"0x30e29d8a2b142cf9:0x55b0277e80e04af3","Parking","Paid parking lot","1"
"0x30e29da2bdcbffe3:0xa13fbfc530545434","Accessibility","Wheelchair-accessible car park","1"
"0x30e29da2bdcbffe3:0xa13fbfc530545434","Accessibility","Wheelchair-accessible entrance","1"
"0x30e29da2bdcbffe3:0xa13fbfc530545434","Amenities","Toilet","1"
"0x30e29da2bdcbffe3:0xa13fbfc530545434","Planning","Appointments recommended","1"
"0x30e29da2bdcbffe3:0xa13fbfc530545434","Payments","Debit cards","1"
"0x30e29da2bdcbffe3:0xa13fbfc530545434","Parking","Free of charge street parking","1"
"0x30e29b3357bec819:0x799e1e3f5c3f9b46","Amenities","Toilet","1"
"0x30e29b3357bec819:0x799e1e3f5c3f9b46","Planning","Appointments recommended","1"
"0x30e29dea8f081e05:0x232fb52adf83c048","Amenities","Toilet","1"
"0x30e29dea8f081e05:0x232fb52adf83c048","Planning","Appointments recommended","1"
"0x30e29dea8f081e05:0x232fb52adf83c048","Payments","Debit cards","1"
"0x30e29dea8f081e05:0x232fb52adf83c048","Payments","NFC mobile payments","1"
"0x30e29dea8f081e05:0x232fb52adf83c048","Payments","Credit cards","1"
"0x30e29cfd0101df13:0xdfe1ddc8ff466622","Amenities","Toilet","1"
"0x30e29cfd0101df13:0xdfe1ddc8ff466622","Planning","Appointments recommended","1"
"0x30e29cfd0101df13:0xdfe1ddc8ff466622","Payments","Debit cards","1"
"0x30e29cfd0101df13:0xdfe1ddc8ff466622","Payments","Credit cards","1"
"0x30e29b16a1437dd9:0x75cb0f41e96cba11","Amenities","Toilet","1"
"0x30e29b16a1437dd9:0x75cb0f41e96cba11","Planning","Appointments recommended","1"
"0x30e29b16a1437dd9:0x75cb0f41e96cba11","Payments","NFC mobile payments","1"
"0x30e29bd3e5ae0beb:0x23afc7ec2e768a79","Accessibility","Wheelchair-accessible toilet","1"
"0x30e29bd3e5ae0beb:0x23afc7ec2e768a79","Amenities","Toilet","1"
"0x30e29bd3e5ae0beb:0x23afc7ec2e768a79","Planning","Appointments recommended","1"
"0x30e29bd3e5ae0beb:0x23afc7ec2e768a79","Payments","Credit cards","1"
"0x30e29bd3e5ae0beb:0x23afc7ec2e768a79","Payments","Debit cards","1"
"0x30e29bd3e5ae0beb:0x23afc7ec2e768a79","Payments","NFC mobile payments","1"
"0x30e29b3fed38fba1:0x7a89312babd9d273","Amenities","Toilet","1"
"0x30e29a725958efff:0x2ba9d4c0c411d52e","From the business","Identifies as women-owned","1"
"0x30e29a725958efff:0x2ba9d4c0c411d52e","Offerings","Pediatric care","1"
"0x30e29a725958efff:0x2ba9d4c0c411d52e","Amenities","Toilet","1"
"0x30e29a725958efff:0x2ba9d4c0c411d52e","Crowd","LGBTQ+ friendly","1"
"0x30e29a725958efff:0x2ba9d4c0c411d52e","Crowd","Transgender safe space","1"
"0x30e29a725958efff:0x2ba9d4c0c411d52e","Planning","Appointment required","1"
"0x30e29a725958efff:0x2ba9d4c0c411d52e","Planning","Appointments recommended","1"
"0x30e29a725958efff:0x2ba9d4c0c411d52e","Payments","Debit cards","1"
"0x30e29a725958efff:0x2ba9d4c0c411d52e","Payments","NFC mobile payments","1"
"0x30e29a725958efff:0x2ba9d4c0c411d52e","Payments","Credit cards","1"
"0x30e29a725958efff:0x2ba9d4c0c411d52e","Parking","Free parking lot","1"
"0x30e29a725958efff:0x2ba9d4c0c411d52e","Parking","On-site parking","1"
"0x30e2995e56d381f3:0xfb6312525787e4d9","Accessibility","Wheelchair-accessible toilet","1"
"0x30e2995e56d381f3:0xfb6312525787e4d9","Amenities","Toilet","1"
"0x30e2995e56d381f3:0xfb6312525787e4d9","Planning","Appointments recommended","1"
"0x30e2995e56d381f3:0xfb6312525787e4d9","Payments","Credit cards","1"
"0x30e2995e56d381f3:0xfb6312525787e4d9","Payments","Debit cards","1"
"0x30e2995e56d381f3:0xfb6312525787e4d9","Payments","NFC mobile payments","1"
"0x30e29782154a212d:0xb81555a46c41dbd2","Amenities","Toilet","1"
"0x30e29782154a212d:0xb81555a46c41dbd2","Planning","Appointments recommended","1"
"0x30e29782154a212d:0xb81555a46c41dbd2","Payments","NFC mobile payments","1"
"0x30e2bd52a6503d2f:0x81b114de87647fc","Amenities","Toilet","1"
"0x30e2bd52a6503d2f:0x81b114de87647fc","Planning","Appointments recommended","1"
"0x30e2bd52a6503d2f:0x81b114de87647fc","Payments","Debit cards","1"
"0x30e2bd52a6503d2f:0x81b114de87647fc","Payments","NFC mobile payments","1"
"0x30e2bd52a6503d2f:0x81b114de87647fc","Payments","Credit cards","1"
"0x30e2977cafc85db9:0x96aeb55d748000a4","Amenities","Toilet","1"
"0x30e2977cafc85db9:0x96aeb55d748000a4","Planning","Appointments recommended","1"
"0x30e2977cafc85db9:0x96aeb55d748000a4","Payments","Credit cards","1"
"0x30e2977cafc85db9:0x96aeb55d748000a4","Payments","Debit cards","1"
"0x30e2977cafc85db9:0x96aeb55d748000a4","Payments","NFC mobile payments","1"
"0x30e29be9cf7a7f19:0x7f8dd0e5bc3a4466","Accessibility","Wheelchair-accessible car park","1"
"0x30e29be9cf7a7f19:0x7f8dd0e5bc3a4466","Accessibility","Wheelchair-accessible entrance","1"
"0x30e29be9cf7a7f19:0x7f8dd0e5bc3a4466","Amenities","Toilet","1"
"0x30e29f81891b5f77:0x8f5fd4128fa707b6","Accessibility","Wheelchair-accessible car park","1"
"0x30e29f81891b5f77:0x8f5fd4128fa707b6","Accessibility","Wheelchair-accessible entrance","1"
"0x30e29f81891b5f77:0x8f5fd4128fa707b6","Accessibility","Wheelchair-accessible toilet","1"
"0x30e29f81891b5f77:0x8f5fd4128fa707b6","Payments","Credit cards","1"
"0x30e29f81891b5f77:0x8f5fd4128fa707b6","Payments","Debit cards","1"
"0x30e29f81891b5f77:0x8f5fd4128fa707b6","Payments","NFC mobile payments","1"
"0x30e29f2baa0d02a9:0x90cf32b172dfc46c","Accessibility","Wheelchair-accessible car park","1"
"0x30e29f2baa0d02a9:0x90cf32b172dfc46c","Accessibility","Wheelchair-accessible entrance","1"
"0x30e29f2baa0d02a9:0x90cf32b172dfc46c","Accessibility","Wheelchair-accessible seating","1"
"0x30e29f2baa0d02a9:0x90cf32b172dfc46c","Accessibility","Wheelchair-accessible toilet","1"
"0x30e29f2baa0d02a9:0x90cf32b172dfc46c","Service options","On-site services","1"
"0x30e29f2baa0d02a9:0x90cf32b172dfc46c","Amenities","Toilet","1"
"0x30e29f2baa0d02a9:0x90cf32b172dfc46c","Crowd","LGBTQ+ friendly","1"
"0x30e29f2baa0d02a9:0x90cf32b172dfc46c","Crowd","Transgender safe space","1"
"0x30e29f2baa0d02a9:0x90cf32b172dfc46c","Planning","Appointments recommended","1"
"0x30e29f2baa0d02a9:0x90cf32b172dfc46c","Parking","Free multi-storey car park","1"
"0x30e29f2baa0d02a9:0x90cf32b172dfc46c","Parking","Free parking lot","1"
"0x311d61ec73bc01c3:0x1fb0433e75db6787","Amenities","Toilet","1"
"0x311d61ec73bc01c3:0x1fb0433e75db6787","Planning","Appointments recommended","1"
"0x311d61ec73bc01c3:0x1fb0433e75db6787","Payments","Debit cards","1"
"0x311d61ec73bc01c3:0x1fb0433e75db6787","Payments","Payment plans","1"
"0x311d61ec73bc01c3:0x1fb0433e75db6787","Parking","Free of charge street parking","1"
"0x311d61ec73bc01c3:0x1fb0433e75db6787","Parking","Free parking lot","1"
"0x311d61ec73bc01c3:0x1fb0433e75db6787","Parking","On-site parking","1"
"0x30e29f0f29675cdd:0xb632a1f6bad32527","Accessibility","Wheelchair-accessible toilet","1"
"0x30e29f0f29675cdd:0xb632a1f6bad32527","Amenities","Toilet","1"
"0x30e29f0f29675cdd:0xb632a1f6bad32527","Planning","Appointments recommended","1"
"0x30e29f0f29675cdd:0xb632a1f6bad32527","Payments","Credit cards","1"
"0x30e29f0f29675cdd:0xb632a1f6bad32527","Payments","Debit cards","1"
"0x30e29f0f29675cdd:0xb632a1f6bad32527","Payments","NFC mobile payments","1"
"0x30e29f0f29675cdd:0xb632a1f6bad32527","Payments","Credit cards","1"
"0x30e29f068d9e2ba5:0xcea06b642226baac","Amenities","Toilet","1"
"0x30e29f068d9e2ba5:0xcea06b642226baac","Planning","Appointments recommended","1"
"0x30e29f027ff95dcb:0x3787d7f8189d2ebd","Accessibility","Wheelchair-accessible car park","1"
"0x30e29f027ff95dcb:0x3787d7f8189d2ebd","Accessibility","Wheelchair-accessible entrance","1"
"0x30e29f027ff95dcb:0x3787d7f8189d2ebd","Accessibility","Wheelchair-accessible toilet","1"
"0x30e29f027ff95dcb:0x3787d7f8189d2ebd","Amenities","Toilet","1"
"0x30e29f027ff95dcb:0x3787d7f8189d2ebd","Planning","Appointment required","1"
"0x30e29f027ff95dcb:0x3787d7f8189d2ebd","Planning","Appointments recommended","1"
"0x30e29f027ff95dcb:0x3787d7f8189d2ebd","Payments","Credit cards","1"
"0x30e29f027ff95dcb:0x3787d7f8189d2ebd","Payments","Debit cards","1"
"0x30e29f027ff95dcb:0x3787d7f8189d2ebd","Payments","NFC mobile payments","1"
"0x30e29934c2287ebf:0x454a117828fb5d67","Amenities","Toilet","1"
"0x30e29934c2287ebf:0x454a117828fb5d67","Planning","Appointments recommended","1"
"0x30e29934c2287ebf:0x454a117828fb5d67","Payments","Credit cards","1"
"0x30e29934c2287ebf:0x454a117828fb5d67","Payments","Debit cards","1"
"0x30e29934c2287ebf:0x454a117828fb5d67","Payments","NFC mobile payments","1"
"0x30e29934c2287ebf:0x454a117828fb5d67","Payments","Credit cards","1"
"0x30e29f2c3ac8d56d:0x2d7faa2bdddb4bd2","Amenities","Restroom","1"
"0x30e29f2c3ac8d56d:0x2d7faa2bdddb4bd2","Planning","Appointments recommended","1"
"0x30e29f2c3ac8d56d:0x2d7faa2bdddb4bd2","Payments","Debit cards","1"
"0x30e29f2c3ac8d56d:0x2d7faa2bdddb4bd2","Payments","NFC mobile payments","1"
"0x30e29f2c3ac8d56d:0x2d7faa2bdddb4bd2","Payments","Credit cards","1"
"0x30e29e55aa2480ef:0x2b07c0a2084d2630","Amenities","Restroom","1"
"0x30e29e55aa2480ef:0x2b07c0a2084d2630","Crowd","Transgender safespace","1"
"0x30e29e55aa2480ef:0x2b07c0a2084d2630","Planning","Appointment required","1"
"0x30e29e55aa2480ef:0x2b07c0a2084d2630","Planning","Appointments recommended","1"
"0x30e29e55aa2480ef:0x2b07c0a2084d2630","Parking","Free parking lot","1"
"0x30e29e55aa2480ef:0x2b07c0a2084d2630","Parking","On-site parking","1"
"0x30e29f021845bc29:0x32f79a0d287b39cc","Accessibility","Wheelchair-accessible car park","1"
"0x30e29f021845bc29:0x32f79a0d287b39cc","Offerings","Pediatric care","1"
"0x30e29f021845bc29:0x32f79a0d287b39cc","Amenities","Toilet","1"
"0x30e29f021845bc29:0x32f79a0d287b39cc","Planning","Appointment required","1"
"0x30e29f021845bc29:0x32f79a0d287b39cc","Planning","Appointments recommended","1"
"0x30e29f021845bc29:0x32f79a0d287b39cc","Payments","Debit cards","1"
"0x30e29f021845bc29:0x32f79a0d287b39cc","Payments","NFC mobile payments","1"
"0x30e29f005cb1ff4d:0x1eef80b9e1bf9bbf","Amenities","Restroom","1"
"0x30e29f005cb1ff4d:0x1eef80b9e1bf9bbf","Planning","Appointments recommended","1"
"0x30e29f005cb1ff4d:0x1eef80b9e1bf9bbf","Payments","NFC mobile payments","1"
"0x30e29c352bbeb27b:0x9474c6e9a6d4e87","Accessibility","Wheelchair accessible entrance","1"
"0x30e29c352bbeb27b:0x9474c6e9a6d4e87","Service options","Onsite services","1"
"0x30e29c352bbeb27b:0x9474c6e9a6d4e87","Offerings","Cosmetic dentistry","1"
"0x30e29c352bbeb27b:0x9474c6e9a6d4e87","Offerings","Emergency services","1"
"0x30e29c352bbeb27b:0x9474c6e9a6d4e87","Offerings","Pediatric care","1"
"0x30e29c352bbeb27b:0x9474c6e9a6d4e87","Offerings","Sedation dentistry","1"
"0x30e29c352bbeb27b:0x9474c6e9a6d4e87","Amenities","Restroom","1"
"0x30e29c352bbeb27b:0x9474c6e9a6d4e87","Planning","Appointments recommended","1"
"0x30e29c352bbeb27b:0x9474c6e9a6d4e87","Payments","Credit cards","1"
"0x30e29c352bbeb27b:0x9474c6e9a6d4e87","Payments","Debit cards","1"
"0x30e29c352bbeb27b:0x9474c6e9a6d4e87","Payments","NFC mobile payments","1"
"0x30e29c352bbeb27b:0x9474c6e9a6d4e87","Payments","Credit cards","1"
"0x30e29c352bbeb27b:0x9474c6e9a6d4e87","Parking","Free parking lot","1"
"0x30e29c352bbeb27b:0x9474c6e9a6d4e87","Parking","Free street parking","1"
"0x30e29c352bbeb27b:0x9474c6e9a6d4e87","Parking","On-site parking","1"
"0x30e2994ee56332f3:0x85144cefc3e32ae5","Amenities","Toilet","1"
"0x30e2994ee56332f3:0x85144cefc3e32ae5","Planning","Appointments recommended","1"
"0x30e2994ee56332f3:0x85144cefc3e32ae5","Payments","Debit cards","1"
"0x30e2994ee56332f3:0x85144cefc3e32ae5","Payments","NFC mobile payments","1"
"0x30e2994ee56332f3:0x85144cefc3e32ae5","Payments","Credit cards","1"
"0x30e2994ad04f5897:0x9b5efe99070727f5","Accessibility","Wheelchair accessible entrance","1"
"0x30e2994ad04f5897:0x9b5efe99070727f5","Accessibility","Wheelchair accessible parking lot","1"
"0x30e2994ad04f5897:0x9b5efe99070727f5","Accessibility","Wheelchair accessible restroom","1"
"0x30e2994ad04f5897:0x9b5efe99070727f5","Accessibility","Wheelchair accessible seating","1"
"0x30e2994ad04f5897:0x9b5efe99070727f5","Amenities","Restroom","1"
"0x30e2994ad04f5897:0x9b5efe99070727f5","Planning","Appointments recommended","1"
"0x30e29f912d54ed85:0x1e86066451694962","Accessibility","Wheelchair-accessible car park","1"
"0x30e29f912d54ed85:0x1e86066451694962","Accessibility","Wheelchair-accessible entrance","1"
"0x30e29f912d54ed85:0x1e86066451694962","Service options","On-site services","1"
"0x30e29f912d54ed85:0x1e86066451694962","Amenities","Toilet","1"
"0x30e29f912d54ed85:0x1e86066451694962","Planning","Appointments recommended","1"
"0x30e29f912d54ed85:0x1e86066451694962","Parking","Free parking lot","1"
"0x30e29f912d54ed85:0x1e86066451694962","Parking","Paid parking lot","1"
"0x30e299276bcced59:0xd8b943ddc172f556","Offerings","Cosmetic dentistry","1"
"0x30e299276bcced59:0xd8b943ddc172f556","Amenities","Restroom","1"
"0x30e299276bcced59:0xd8b943ddc172f556","Crowd","LGBTQ+ friendly","1"
"0x30e299276bcced59:0xd8b943ddc172f556","Crowd","Transgender safespace","1"
"0x30e299276bcced59:0xd8b943ddc172f556","Planning","Appointments recommended","1"
"0x30e299276bcced59:0xd8b943ddc172f556","Payments","NFC mobile payments","1"
"0x30e299276bcced59:0xd8b943ddc172f556","Parking","Free parking lot","1"
"0x30e2991c70aadca7:0x8b3d16f6e7ba1da9","Accessibility","Wheelchair accessible entrance","1"
"0x30e2991c70aadca7:0x8b3d16f6e7ba1da9","Accessibility","Wheelchair accessible parking lot","1"
"0x30e2991c70aadca7:0x8b3d16f6e7ba1da9","Amenities","Restroom","1"
"0x30e2991c70aadca7:0x8b3d16f6e7ba1da9","Planning","Appointments recommended","1"
"0x30e29c179fbd2907:0x58a4dc3db39d514d","Accessibility","Wheelchair-accessible car park","1"
"0x30e29c179fbd2907:0x58a4dc3db39d514d","Accessibility","Wheelchair-accessible entrance","1"
"0x30e29c179fbd2907:0x58a4dc3db39d514d","Offerings","Medication disposal","1"
"0x30e29c179fbd2907:0x58a4dc3db39d514d","Payments","Credit cards","1"
"0x30e29c179fbd2907:0x58a4dc3db39d514d","Payments","Debit cards","1"
"0x30e29c179fbd2907:0x58a4dc3db39d514d","Payments","NFC mobile payments","1"
"0x30e29c179fbd2907:0x58a4dc3db39d514d","Payments","Credit cards","1"
"0x30e29c179fbd2907:0x58a4dc3db39d514d","Parking","Paid parking lot","1"
"0x30e29d503dd6c947:0x64530a4542f7717","Amenities","Toilet","1"
"0x30e29d503dd6c947:0x64530a4542f7717","Planning","Appointments recommended","1"
"0x30e2a1dc4fd3315b:0x9316cfee3667b798","Amenities","Gender-neutral toilets","1"
"0x30e2a1dc4fd3315b:0x9316cfee3667b798","Payments","Credit cards","1"
"0x30e2a1dc4fd3315b:0x9316cfee3667b798","Payments","Debit cards","1"
"0x30e2a1dc4fd3315b:0x9316cfee3667b798","Payments","NFC mobile payments","1"
"0x30e2a1dc4fd3315b:0x9316cfee3667b798","Payments","Credit cards","1"
"0x30e2a1dc4fd3315b:0x9316cfee3667b798","Parking","Free parking lot","1"
"0x30e29961ce65a5c9:0x15bcd269acd68ae","Amenities","Toilet","1"
"0x30e29961ce65a5c9:0x15bcd269acd68ae","Planning","Appointments recommended","1"
"0x30e29ff6efd84e3b:0x5d4a65a39e7ebc85","Amenities","Toilet","1"
"0x30e29ff6efd84e3b:0x5d4a65a39e7ebc85","Planning","Appointments recommended","1"
"0x30e29ff6efd84e3b:0x5d4a65a39e7ebc85","Payments","Credit cards","1"
"0x30e29ff6efd84e3b:0x5d4a65a39e7ebc85","Payments","Debit cards","1"
"0x30e29ff6efd84e3b:0x5d4a65a39e7ebc85","Payments","NFC mobile payments","1"
"0x30e29babd8a5b4f7:0xa0a61a74c644eb25","Accessibility","Wheelchair-accessible entrance","1"
"0x30e29babd8a5b4f7:0xa0a61a74c644eb25","Service options","On-site services","1"
"0x30e29babd8a5b4f7:0xa0a61a74c644eb25","Amenities","Toilet","1"
"0x30e29babd8a5b4f7:0xa0a61a74c644eb25","Crowd","LGBTQ+ friendly","1"
"0x30e29babd8a5b4f7:0xa0a61a74c644eb25","Crowd","Transgender safe space","1"
"0x30e29babd8a5b4f7:0xa0a61a74c644eb25","Planning","Appointments recommended","1"
"0x30e29babd8a5b4f7:0xa0a61a74c644eb25","Payments","Credit cards","1"
"0x30e29babd8a5b4f7:0xa0a61a74c644eb25","Payments","Debit cards","1"
"0x30e29babd8a5b4f7:0xa0a61a74c644eb25","Payments","Credit cards","1"
"0x30e29babd8a5b4f7:0xa0a61a74c644eb25","Parking","Free multi-storey car park","1"
"0x30e29babd8a5b4f7:0xa0a61a74c644eb25","Parking","Free of charge street parking","1"
"0x30e29babd8a5b4f7:0xa0a61a74c644eb25","Parking","Free parking lot","1"
"0x30e29fbbf1dac89d:0x1c6e36d3156af4fb","Amenities","Toilet","1"
"0x30e29fbbf1dac89d:0x1c6e36d3156af4fb","Planning","Appointments recommended","1"
"0x30e29fbbf1dac89d:0x1c6e36d3156af4fb","Payments","Credit cards","1"
"0x30e29fbbf1dac89d:0x1c6e36d3156af4fb","Payments","Debit cards","1"
"0x30e29fbbf1dac89d:0x1c6e36d3156af4fb","Payments","NFC mobile payments","1"
"0x30e29fbbf1dac89d:0x1c6e36d3156af4fb","Payments","Credit cards","1"
"0x30e29e81fcff16df:0xfcf6b1addb5f9b7e","Accessibility","Wheelchair-accessible entrance","1"
"0x30e29e81fcff16df:0xfcf6b1addb5f9b7e","Accessibility","Wheelchair-accessible seating","1"
"0x30e29e81fcff16df:0xfcf6b1addb5f9b7e","From the business","Identifies as women-owned","1"
"0x30e29e81fcff16df:0xfcf6b1addb5f9b7e","Offerings","Cosmetic dentistry","1"
"0x30e29e81fcff16df:0xfcf6b1addb5f9b7e","Amenities","Toilet","1"
"0x30e29e81fcff16df:0xfcf6b1addb5f9b7e","Planning","Appointments recommended","1"
"0x30e29e81fcff16df:0xfcf6b1addb5f9b7e","Payments","Cash only","1"
"0x30e29e81fcff16df:0xfcf6b1addb5f9b7e","Parking","Paid parking lot","1"
"0x30e299e71e58439f:0xf693accc2b69b0d0","Amenities","Toilet","1"
"0x30e299e71e58439f:0xf693accc2b69b0d0","Planning","Appointments recommended","1"
"0x30e299e71e58439f:0xf693accc2b69b0d0","Payments","Credit cards","1"
"0x30e299e71e58439f:0xf693accc2b69b0d0","Payments","NFC mobile payments","1"
"0x30e299e71e58439f:0xf693accc2b69b0d0","Parking","Free parking lot","1"
"0x30e29d199a03811d:0xf3fd4c0119c8bc79","Accessibility","Wheelchair-accessible entrance","1"
"0x30e29d199a03811d:0xf3fd4c0119c8bc79","Accessibility","Wheelchair-accessible seating","1"
"0x30e29d199a03811d:0xf3fd4c0119c8bc79","Service options","On-site services","1"
"0x30e29d199a03811d:0xf3fd4c0119c8bc79","Amenities","Gender-neutral toilets","1"
"0x30e29d199a03811d:0xf3fd4c0119c8bc79","Amenities","Toilet","1"
"0x30e29d199a03811d:0xf3fd4c0119c8bc79","Crowd","LGBTQ+ friendly","1"
"0x30e29d199a03811d:0xf3fd4c0119c8bc79","Crowd","Transgender safe space","1"
"0x30e29d199a03811d:0xf3fd4c0119c8bc79","Planning","Appointment required","1"
"0x30e29d199a03811d:0xf3fd4c0119c8bc79","Planning","Appointments recommended","1"
"0x30e29d199a03811d:0xf3fd4c0119c8bc79","Payments","Credit cards","1"
"0x30e29d199a03811d:0xf3fd4c0119c8bc79","Payments","Debit cards","1"
"0x30e29d199a03811d:0xf3fd4c0119c8bc79","Payments","NFC mobile payments","1"
"0x30e29d199a03811d:0xf3fd4c0119c8bc79","Children","Nursing room","1"
"0x30e29d199a03811d:0xf3fd4c0119c8bc79","Parking","Free multi-storey car park","1"
"0x30e29d199a03811d:0xf3fd4c0119c8bc79","Parking","Free parking lot","1"
"0x30e29d199a03811d:0xf3fd4c0119c8bc79","Parking","On-site parking","1"
"0x30e29d39e4e42b75:0xc602237e4d8d1dbd","Amenities","Toilet","1"
"0x30e29d39e4e42b75:0xc602237e4d8d1dbd","Planning","Appointments recommended","1"
"0x30e29d39e4e42b75:0xc602237e4d8d1dbd","Payments","NFC mobile payments","1"
"0x30e299863607ed89:0xb262ad4e02c74ff3","Accessibility","Wheelchair-accessible car park","1"
"0x30e299863607ed89:0xb262ad4e02c74ff3","Accessibility","Wheelchair-accessible entrance","1"
"0x30e299863607ed89:0xb262ad4e02c74ff3","Accessibility","Wheelchair-accessible toilet","1"
"0x30e299863607ed89:0xb262ad4e02c74ff3","Service options","On-site services","1"
"0x30e299863607ed89:0xb262ad4e02c74ff3","Offerings","Pediatric care","1"
"0x30e299863607ed89:0xb262ad4e02c74ff3","Amenities","Toilet","1"
"0x30e299863607ed89:0xb262ad4e02c74ff3","Crowd","LGBTQ+ friendly","1"
"0x30e299863607ed89:0xb262ad4e02c74ff3","Planning","Appointment required","1"
"0x30e299863607ed89:0xb262ad4e02c74ff3","Planning","Appointments recommended","1"
"0x30e299863607ed89:0xb262ad4e02c74ff3","Payments","Credit cards","1"
"0x30e299863607ed89:0xb262ad4e02c74ff3","Payments","Debit cards","1"
"0x30e299863607ed89:0xb262ad4e02c74ff3","Payments","NFC mobile payments","1"
"0x30e299863607ed89:0xb262ad4e02c74ff3","Payments","Credit cards","1"
"0x30e299863607ed89:0xb262ad4e02c74ff3","Parking","Free parking lot","1"
"0x30e299863607ed89:0xb262ad4e02c74ff3","Parking","On-site parking","1"
"0x30e29b007a1b7c57:0x2c4619eee86730d4","Service options","On-site services","1"
"0x30e29b007a1b7c57:0x2c4619eee86730d4","Amenities","Toilet","1"
"0x30e29b007a1b7c57:0x2c4619eee86730d4","Planning","Appointments recommended","1"
"0x30e29b007a1b7c57:0x2c4619eee86730d4","Payments","Credit cards","1"
"0x30e29b007a1b7c57:0x2c4619eee86730d4","Payments","Debit cards","1"
"0x30e29b007a1b7c57:0x2c4619eee86730d4","Payments","NFC mobile payments","1"
"0x30e29b007a1b7c57:0x2c4619eee86730d4","Parking","Free parking lot","1"
"0x30e29b007a1b7c57:0x2c4619eee86730d4","Parking","On-site parking","1"
"0x30e29f03dd1994bb:0x6f14aacfeb50cf","Amenities","Toilet","1"
"0x30e29f03dd1994bb:0x6f14aacfeb50cf","Crowd","LGBTQ+ friendly","1"
"0x30e29f03dd1994bb:0x6f14aacfeb50cf","Crowd","Transgender safe space","1"
"0x30e29f03dd1994bb:0x6f14aacfeb50cf","Planning","Appointments recommended","1"
"0x30e29f03dd1994bb:0x6f14aacfeb50cf","Payments","Credit cards","1"
"0x30e29f03dd1994bb:0x6f14aacfeb50cf","Payments","Debit cards","1"
"0x30e29f03dd1994bb:0x6f14aacfeb50cf","Payments","NFC mobile payments","1"
"0x30e29f03dd1994bb:0x6f14aacfeb50cf","Payments","Credit cards","1"
"0x30e29f03dd1994bb:0x6f14aacfeb50cf","Parking","Free parking lot","1"
"0x30e29f03dd1994bb:0x6f14aacfeb50cf","Parking","Paid parking lot","1"
"0x30e29f46baa12c39:0xe1a221ac6187cfcf","Amenities","Toilet","1"
"0x30e29f46baa12c39:0xe1a221ac6187cfcf","Crowd","Transgender safe space","1"
"0x30e29f46baa12c39:0xe1a221ac6187cfcf","Planning","Appointment required","1"
"0x30e29f46baa12c39:0xe1a221ac6187cfcf","Planning","Appointments recommended","1"
"0x30e29f46baa12c39:0xe1a221ac6187cfcf","Payments","NFC mobile payments","1"
"0x30e29d9a25897307:0xe3f3e935ab79a74e","Amenities","Toilet","1"
"0x30e29d9a25897307:0xe3f3e935ab79a74e","Payments","NFC mobile payments","1"
"0x30e299bc91983e1f:0x3693128f0884db4d","Amenities","Toilet","1"
"0x30e299bc91983e1f:0x3693128f0884db4d","Planning","Appointments recommended","1"
"0x30e299bc91983e1f:0x3693128f0884db4d","Payments","Debit cards","1"
"0x30e299bc91983e1f:0x3693128f0884db4d","Payments","NFC mobile payments","1"
"0x30e2990eec7ffebf:0xe4383c525c6ea2a2","Amenities","Toilet","1"
"0x30e2990eec7ffebf:0xe4383c525c6ea2a2","Planning","Appointments recommended","1"
"0x30e2999d4ca32a3f:0xf98c3338c336c292","Amenities","Toilet","1"
"0x30e2999d4ca32a3f:0xf98c3338c336c292","Planning","Appointments recommended","1"
"0x30e2999d4ca32a3f:0xf98c3338c336c292","Payments","Credit cards","1"
"0x30e2999d4ca32a3f:0xf98c3338c336c292","Payments","Debit cards","1"
"0x30e2999d4ca32a3f:0xf98c3338c336c292","Payments","NFC mobile payments","1"
"0x30e29d3c7167f1c5:0x1000a438f1c6a66d","Amenities","Toilet","1"
"0x30e29d3c7167f1c5:0x1000a438f1c6a66d","Planning","Appointments recommended","1"
"0x30e29d3c7167f1c5:0x1000a438f1c6a66d","Payments","Credit cards","1"
"0x30e29d3c7167f1c5:0x1000a438f1c6a66d","Payments","Debit cards","1"
"0x30e29d3c7167f1c5:0x1000a438f1c6a66d","Payments","NFC mobile payments","1"
"0x30e29c18382db789:0x3969ea464b329a3d","Accessibility","Wheelchair-accessible car park","1"
"0x30e29c18382db789:0x3969ea464b329a3d","Accessibility","Wheelchair-accessible entrance","1"
"0x30e29c18382db789:0x3969ea464b329a3d","Amenities","Toilet","1"
"0x30e29c18382db789:0x3969ea464b329a3d","Planning","Appointments recommended","1"
"0x30e2993a0aeeedbf:0xad49cdf22b2b0510","Amenities","Toilet","1"
"0x30e2993a0aeeedbf:0xad49cdf22b2b0510","Planning","Appointments recommended","1"
"0x30e29f4c876bf9db:0x883760fa5f734e67","Accessibility","Wheelchair-accessible seating","1"
"0x30e29f4c876bf9db:0x883760fa5f734e67","From the business","Identifies as women-owned","1"
"0x30e29f4c876bf9db:0x883760fa5f734e67","Amenities","Toilet","1"
"0x30e29f4c876bf9db:0x883760fa5f734e67","Crowd","LGBTQ+ friendly","1"
"0x30e29f4c876bf9db:0x883760fa5f734e67","Crowd","Transgender safe space","1"
"0x30e29f4c876bf9db:0x883760fa5f734e67","Planning","Appointment required","1"
"0x30e29f4c876bf9db:0x883760fa5f734e67","Planning","Appointments recommended","1"
"0x30e29f4c876bf9db:0x883760fa5f734e67","Payments","Debit cards","1"
"0x30e29f4c876bf9db:0x883760fa5f734e67","Payments","Credit cards","1"
"0x30e299b92fa795c7:0x8d414d8ae6567435","Amenities","Toilet","1"
"0x30e299b92fa795c7:0x8d414d8ae6567435","Planning","Appointments recommended","1"
"0x30e29fa6caa33077:0xec1f2f263cebdf68","Amenities","Toilet","1"
"0x30e29fa6caa33077:0xec1f2f263cebdf68","Planning","Appointment required","1"
"0x30e29fa6caa33077:0xec1f2f263cebdf68","Planning","Appointments recommended","1"
"0x30e29fa6caa33077:0xec1f2f263cebdf68","Payments","Credit cards","1"
"0x30e29fa6caa33077:0xec1f2f263cebdf68","Payments","Debit cards","1"
"0x30e29fa6caa33077:0xec1f2f263cebdf68","Payments","NFC mobile payments","1"
"0x30e2a3b90c2a4ec3:0x8f46f6f91ddb3f93","Accessibility","Wheelchair-accessible toilet","1"
"0x30e2a3b90c2a4ec3:0x8f46f6f91ddb3f93","Amenities","Toilet","1"
"0x30e2a3b90c2a4ec3:0x8f46f6f91ddb3f93","Planning","Appointments recommended","1"
"0x30e29faeb32d6c1d:0xb3aa0ed31e324fad","Accessibility","Wheelchair-accessible car park","1"
"0x30e29faeb32d6c1d:0xb3aa0ed31e324fad","Accessibility","Wheelchair-accessible entrance","1"
"0x30e29faeb32d6c1d:0xb3aa0ed31e324fad","Accessibility","Wheelchair-accessible toilet","1"
"0x30e29faeb32d6c1d:0xb3aa0ed31e324fad","Service options","On-site services","1"
"0x30e29faeb32d6c1d:0xb3aa0ed31e324fad","Amenities","Toilet","1"
"0x30e29faeb32d6c1d:0xb3aa0ed31e324fad","Payments","Credit cards","1"
"0x30e29faeb32d6c1d:0xb3aa0ed31e324fad","Payments","Debit cards","1"
"0x30e29faeb32d6c1d:0xb3aa0ed31e324fad","Payments","NFC mobile payments","1"
"0x30e29faeb32d6c1d:0xb3aa0ed31e324fad","Parking","Paid parking lot","1"
"0x30e29faeb32d6c1d:0xb3aa0ed31e324fad","Parking","Paid street parking","1"
"0x311d61fcef3d3e25:0x5925229562cf9e24","Amenities","Toilet","1"
"0x311d61fcef3d3e25:0x5925229562cf9e24","Planning","Appointment required","1"
"0x311d61fcef3d3e25:0x5925229562cf9e24","Planning","Appointments recommended","1"
"0x311d61fcef3d3e25:0x5925229562cf9e24","Payments","Credit cards","1"
"0x311d61fcef3d3e25:0x5925229562cf9e24","Payments","Debit cards","1"
"0x311d61fcef3d3e25:0x5925229562cf9e24","Payments","NFC mobile payments","1"
"0x311d619d0c132f9d:0x30b262b3f352a41e","Service options","On-site services","1"
"0x311d619d0c132f9d:0x30b262b3f352a41e","Offerings","Cosmetic dentistry","1"
"0x311d619d0c132f9d:0x30b262b3f352a41e","Amenities","Toilet","1"
"0x311d619d0c132f9d:0x30b262b3f352a41e","Crowd","LGBTQ+ friendly","1"
"0x311d619d0c132f9d:0x30b262b3f352a41e","Crowd","Transgender safe space","1"
"0x311d619d0c132f9d:0x30b262b3f352a41e","Planning","Appointments recommended","1"
"0x311d619d0c132f9d:0x30b262b3f352a41e","Payments","Credit cards","1"
"0x311d619d0c132f9d:0x30b262b3f352a41e","Payments","Debit cards","1"
"0x311d619d0c132f9d:0x30b262b3f352a41e","Payments","NFC mobile payments","1"
"0x30e29d0058033a13:0xba52e4f2c9c714d1","From the business","Identifies as women-owned","1"
"0x30e29d0058033a13:0xba52e4f2c9c714d1","Amenities","Gender-neutral toilets","1"
"0x30e29d0058033a13:0xba52e4f2c9c714d1","Amenities","Toilet","1"
"0x30e29d0058033a13:0xba52e4f2c9c714d1","Crowd","LGBTQ+ friendly","1"
"0x30e29d0058033a13:0xba52e4f2c9c714d1","Crowd","Transgender safe space","1"
"0x30e29d0058033a13:0xba52e4f2c9c714d1","Planning","Appointments recommended","1"
"0x30e29d0058033a13:0xba52e4f2c9c714d1","Payments","Credit cards","1"
"0x30e29d0058033a13:0xba52e4f2c9c714d1","Payments","Debit cards","1"
"0x30e29d0058033a13:0xba52e4f2c9c714d1","Payments","NFC mobile payments","1"
"0x30e29d0058033a13:0xba52e4f2c9c714d1","Parking","Free parking lot","1"
"0x30e29d0058033a13:0xba52e4f2c9c714d1","Parking","On-site parking","1"
"0x30e298e4304193e1:0x3d452aad845aeec3","Amenities","Toilet","1"
"0x30e298e4304193e1:0x3d452aad845aeec3","Planning","Appointments recommended","1"
"0x30e298e4304193e1:0x3d452aad845aeec3","Payments","NFC mobile payments","1"
"0x30e29f170a6a1f57:0x9922edb53207b128","Accessibility","Wheelchair-accessible car park","1"
"0x30e29f170a6a1f57:0x9922edb53207b128","Accessibility","Wheelchair-accessible entrance","1"
"0x30e29f170a6a1f57:0x9922edb53207b128","Accessibility","Wheelchair-accessible toilet","1"
"0x30e29f170a6a1f57:0x9922edb53207b128","Amenities","Toilet","1"
"0x30e29f170a6a1f57:0x9922edb53207b128","Planning","Appointment required","1"
"0x30e29f170a6a1f57:0x9922edb53207b128","Planning","Appointments recommended","1"
"0x30e29f170a6a1f57:0x9922edb53207b128","Payments","Credit cards","1"
"0x30e29f170a6a1f57:0x9922edb53207b128","Payments","Debit cards","1"
"0x30e29f170a6a1f57:0x9922edb53207b128","Payments","NFC mobile payments","1"
"0x30e29f170a6a1f57:0x9922edb53207b128","Payments","Credit cards","1"
"0x30e29f170a6a1f57:0x9922edb53207b128","Parking","Free parking lot","1"
"0x30e29f559b4d1833:0x3d395b9efa9fad5d","Accessibility","Wheelchair-accessible car park","1"
"0x30e29f559b4d1833:0x3d395b9efa9fad5d","Accessibility","Wheelchair-accessible entrance","1"
"0x30e29f559b4d1833:0x3d395b9efa9fad5d","Amenities","Toilet","1"
"0x30e29f559b4d1833:0x3d395b9efa9fad5d","Planning","Appointments recommended","1"
"0x311d611bc5be4c4d:0x571e01ec533f054a","Amenities","Toilet","1"
"0x311d611bc5be4c4d:0x571e01ec533f054a","Crowd","LGBTQ+ friendly","1"
"0x311d611bc5be4c4d:0x571e01ec533f054a","Crowd","Transgender safe space","1"
"0x311d611bc5be4c4d:0x571e01ec533f054a","Planning","Appointment required","1"
"0x311d611bc5be4c4d:0x571e01ec533f054a","Planning","Appointments recommended","1"
"0x311d611bc5be4c4d:0x571e01ec533f054a","Payments","Credit cards","1"
"0x311d611bc5be4c4d:0x571e01ec533f054a","Payments","NFC mobile payments","1"
"0x30e29facc86411bf:0x42dc01010e12c4e9","Offerings","Pediatric care","1"
"0x30e29facc86411bf:0x42dc01010e12c4e9","Amenities","Toilet","1"
"0x30e29facc86411bf:0x42dc01010e12c4e9","Planning","Appointments recommended","1"
"0x30e29facc86411bf:0x42dc01010e12c4e9","Payments","NFC mobile payments","1"
"0x30e29facc86411bf:0x42dc01010e12c4e9","Parking","Free multi-storey car park","1"
"0x30e29986f00200e1:0x6bb3c98c57716ea8","Amenities","Toilet","1"
"0x30e29986f00200e1:0x6bb3c98c57716ea8","Planning","Appointments recommended","1"
"0x30e29986f00200e1:0x6bb3c98c57716ea8","Payments","Credit cards","1"
"0x30e29986f00200e1:0x6bb3c98c57716ea8","Payments","NFC mobile payments","1"
"0x30e2996387daa62b:0xe91929d6fde95c60","Offerings","Cosmetic dentistry","1"
"0x30e2996387daa62b:0xe91929d6fde95c60","Amenities","Toilet","1"
"0x30e2996387daa62b:0xe91929d6fde95c60","Planning","Appointments recommended","1"
"0x30e29dc2510079ef:0xf3f3ad917538d04a","Amenities","Toilet","1"
"0x30e29dc2510079ef:0xf3f3ad917538d04a","Planning","Appointment required","1"
"0x30e29dc2510079ef:0xf3f3ad917538d04a","Planning","Appointments recommended","1"
"0x30e29dc2510079ef:0xf3f3ad917538d04a","Payments","Credit cards","1"
"0x30e29dc2510079ef:0xf3f3ad917538d04a","Payments","Debit cards","1"
"0x30e29dc2510079ef:0xf3f3ad917538d04a","Payments","NFC mobile payments","1"
"0x30e29b51f47f654d:0x574580a1ff6db169","Amenities","Toilet","1"
"0x30e29b51f47f654d:0x574580a1ff6db169","Planning","Appointments recommended","1"
"0x30e29b51f47f654d:0x574580a1ff6db169","Parking","Free parking lot","1"
"0x30e29d22368b18e7:0xa9653ee21c7d16f7","Amenities","Toilet","1"
"0x30e29d22368b18e7:0xa9653ee21c7d16f7","Planning","Appointments recommended","1"
"0x30e29d22368b18e7:0xa9653ee21c7d16f7","Payments","Credit cards","1"
"0x30e29d22368b18e7:0xa9653ee21c7d16f7","Payments","Debit cards","1"
"0x30e29d22368b18e7:0xa9653ee21c7d16f7","Payments","NFC mobile payments","1"
"0x30e29d22368b18e7:0xa9653ee21c7d16f7","Payments","Credit cards","1"
"0x30e299e7b400dd09:0x7ccdbe3ea0405fc5","Service options","On-site services","1"
"0x30e299e7b400dd09:0x7ccdbe3ea0405fc5","Amenities","Toilet","1"
"0x30e299e7b400dd09:0x7ccdbe3ea0405fc5","Planning","Appointments recommended","1"
"0x30e299e7b400dd09:0x7ccdbe3ea0405fc5","Payments","Debit cards","1"
"0x30e299e7b400dd09:0x7ccdbe3ea0405fc5","Payments","NFC mobile payments","1"
"0x30e29face73d9a83:0xcb3a32c504f258ee","Accessibility","Wheelchair-accessible car park","1"
"0x30e29face73d9a83:0xcb3a32c504f258ee","From the business","Identifies as women-owned","1"
"0x30e29face73d9a83:0xcb3a32c504f258ee","Amenities","Toilet","1"
"0x30e29face73d9a83:0xcb3a32c504f258ee","Crowd","LGBTQ+ friendly","1"
"0x30e29face73d9a83:0xcb3a32c504f258ee","Crowd","Transgender safe space","1"
"0x30e29face73d9a83:0xcb3a32c504f258ee","Planning","Appointment required","1"
"0x30e29face73d9a83:0xcb3a32c504f258ee","Planning","Appointments recommended","1"
"0x30e29face73d9a83:0xcb3a32c504f258ee","Payments","Credit cards","1"
"0x30e29face73d9a83:0xcb3a32c504f258ee","Payments","Debit cards","1"
"0x30e29face73d9a83:0xcb3a32c504f258ee","Payments","NFC mobile payments","1"
"0x30e29face73d9a83:0xcb3a32c504f258ee","Payments","Credit cards","1"
"0x30e29face73d9a83:0xcb3a32c504f258ee","Parking","On-site parking","1"
"0x30e29e18b327524b:0xc4501b87cb72a27d","Amenities","Toilet","1"
"0x30e29e18b327524b:0xc4501b87cb72a27d","Planning","Appointment required","1"
"0x30e29e18b327524b:0xc4501b87cb72a27d","Planning","Appointments recommended","1"
"0x30e29e18b327524b:0xc4501b87cb72a27d","Payments","Credit cards","1"
"0x30e29e18b327524b:0xc4501b87cb72a27d","Payments","Debit cards","1"
"0x30e29e18b327524b:0xc4501b87cb72a27d","Payments","NFC mobile payments","1"
"0x30e29fe11e8801c3:0x7f0d8716183ad25e","Amenities","Toilet","1"
"0x30e29fe11e8801c3:0x7f0d8716183ad25e","Planning","Appointments recommended","1"
"0x30e29fe11e8801c3:0x7f0d8716183ad25e","Payments","NFC mobile payments","1"
"0x30e29dca3654b0b1:0x29dd7686761826b2","Amenities","Toilet","1"
"0x30e29dca3654b0b1:0x29dd7686761826b2","Planning","Appointments recommended","1"
"0x30e29dca3654b0b1:0x29dd7686761826b2","Payments","NFC mobile payments","1"
"0x30e29df34cc4174f:0xb55c61cfc165f998","Amenities","Toilet","1"
"0x30e29df34cc4174f:0xb55c61cfc165f998","Planning","Appointments recommended","1"
"0x30e29df34cc4174f:0xb55c61cfc165f998","Payments","Debit cards","1"
"0x30e29df34cc4174f:0xb55c61cfc165f998","Payments","NFC mobile payments","1"
"0x30e29df34cc4174f:0xb55c61cfc165f998","Payments","Credit cards","1"
"0x30e29df628423e11:0xfdd407b84deaef86","Amenities","Toilet","1"
"0x30e29df628423e11:0xfdd407b84deaef86","Planning","Appointments recommended","1"
"0x30e29df628423e11:0xfdd407b84deaef86","Payments","NFC mobile payments","1"
"0x30e29bf18c513a23:0xdd3103c8c6c7584","From the business","Identifies as women-owned","1"
"0x30e29bf18c513a23:0xdd3103c8c6c7584","Amenities","Toilet","1"
"0x30e29bf18c513a23:0xdd3103c8c6c7584","Planning","Appointments recommended","1"
"0x30e29bf18c513a23:0xdd3103c8c6c7584","Payments","NFC mobile payments","1"
"0x30e29f81c182ac23:0x722a410561402f51","Amenities","Toilet","1"
"0x30e29f81c182ac23:0x722a410561402f51","Planning","Appointments recommended","1"
"0x30e29f81c182ac23:0x722a410561402f51","Payments","Credit cards","1"
"0x30e29f81c182ac23:0x722a410561402f51","Payments","Debit cards","1"
"0x30e29f81c182ac23:0x722a410561402f51","Payments","NFC mobile payments","1"
"0x30e29ddc37283d9d:0x3b240fc2f6f591fb","Amenities","Toilet","1"
"0x30e29ddc37283d9d:0x3b240fc2f6f591fb","Planning","Appointments recommended","1"
"0x30e29ddc37283d9d:0x3b240fc2f6f591fb","Payments","Credit cards","1"
"0x30e29ddc37283d9d:0x3b240fc2f6f591fb","Payments","Debit cards","1"
"0x30e29ddc37283d9d:0x3b240fc2f6f591fb","Payments","NFC mobile payments","1"
"0x30e29b78ac466057:0x85602a788e7f4e4e","Amenities","Toilet","1"
"0x30e29b78ac466057:0x85602a788e7f4e4e","Crowd","LGBTQ+ friendly","1"
"0x30e29b78ac466057:0x85602a788e7f4e4e","Crowd","Transgender safe space","1"
"0x30e29b78ac466057:0x85602a788e7f4e4e","Planning","Appointments recommended","1"
"0x30e29b78ac466057:0x85602a788e7f4e4e","Payments","Credit cards","1"
"0x30e29b78ac466057:0x85602a788e7f4e4e","Payments","Debit cards","1"
"0x30e29b78ac466057:0x85602a788e7f4e4e","Payments","NFC mobile payments","1"
"0x30e29b78ac466057:0x85602a788e7f4e4e","Payments","Credit cards","1"
"0x30e2a3826d544345:0x30cc398636f3ed23","Accessibility","Wheelchair-accessible entrance","1"
"0x30e2a3826d544345:0x30cc398636f3ed23","Accessibility","Wheelchair-accessible seating","1"
"0x30e2a3826d544345:0x30cc398636f3ed23","Accessibility","Wheelchair-accessible toilet","1"
"0x30e2a3826d544345:0x30cc398636f3ed23","Service options","On-site services","1"
"0x30e2a3826d544345:0x30cc398636f3ed23","Amenities","Gender-neutral toilets","1"
"0x30e2a3826d544345:0x30cc398636f3ed23","Amenities","Toilet","1"
"0x30e2a3826d544345:0x30cc398636f3ed23","Crowd","LGBTQ+ friendly","1"
"0x30e2a3826d544345:0x30cc398636f3ed23","Crowd","Transgender safe space","1"
"0x30e2a3826d544345:0x30cc398636f3ed23","Planning","Appointments recommended","1"
"0x30e2a3826d544345:0x30cc398636f3ed23","Payments","Credit cards","1"
"0x30e2a3826d544345:0x30cc398636f3ed23","Payments","Debit cards","1"
"0x30e2a3826d544345:0x30cc398636f3ed23","Payments","NFC mobile payments","1"
"0x30e2a3826d544345:0x30cc398636f3ed23","Children","Nursing room","1"
"0x30e2a3826d544345:0x30cc398636f3ed23","Parking","Free parking lot","1"
"0x30e2a3826d544345:0x30cc398636f3ed23","Parking","On-site parking","1"
"0x30e2a35fcd4dcd45:0x6dabbed9c1b98375","Service options","On-site services","1"
"0x30e2a35fcd4dcd45:0x6dabbed9c1b98375","Amenities","Gender-neutral toilets","1"
"0x30e2a35fcd4dcd45:0x6dabbed9c1b98375","Amenities","Toilet","1"
"0x30e2a35fcd4dcd45:0x6dabbed9c1b98375","Crowd","LGBTQ+ friendly","1"
"0x30e2a35fcd4dcd45:0x6dabbed9c1b98375","Crowd","Transgender safe space","1"
"0x30e2a35fcd4dcd45:0x6dabbed9c1b98375","Planning","Appointments recommended","1"
"0x30e2a35fcd4dcd45:0x6dabbed9c1b98375","Payments","Credit cards","1"
"0x30e2a35fcd4dcd45:0x6dabbed9c1b98375","Payments","Debit cards","1"
"0x30e2a35fcd4dcd45:0x6dabbed9c1b98375","Payments","NFC mobile payments","1"
"0x30e2a35fcd4dcd45:0x6dabbed9c1b98375","Payments","Credit cards","1"
"0x30e2a35fcd4dcd45:0x6dabbed9c1b98375","Parking","Free parking lot","1"
"0x30e2a35fcd4dcd45:0x6dabbed9c1b98375","Parking","On-site parking","1"
"0x30e2a31db9df81cf:0x57745e6dc16dd623","From the business","Identifies as women-owned","1"
"0x30e2a31db9df81cf:0x57745e6dc16dd623","Offerings","Cosmetic dentistry","1"
"0x30e2a31db9df81cf:0x57745e6dc16dd623","Offerings","Emergency services","1"
"0x30e2a31db9df81cf:0x57745e6dc16dd623","Offerings","Pediatric care","1"
"0x30e2a31db9df81cf:0x57745e6dc16dd623","Amenities","Toilet","1"
"0x30e2a31db9df81cf:0x57745e6dc16dd623","Crowd","LGBTQ+ friendly","1"
"0x30e2a31db9df81cf:0x57745e6dc16dd623","Crowd","Transgender safe space","1"
"0x30e2a31db9df81cf:0x57745e6dc16dd623","Planning","Appointments recommended","1"
"0x30e2a31db9df81cf:0x57745e6dc16dd623","Payments","Credit cards","1"
"0x30e2a31db9df81cf:0x57745e6dc16dd623","Payments","NFC mobile payments","1"
"0x30e2a31db9df81cf:0x57745e6dc16dd623","Payments","Credit cards","1"
"0x30e2a31db9df81cf:0x57745e6dc16dd623","Parking","Free of charge street parking","1"
"0x30e2a31db9df81cf:0x57745e6dc16dd623","Parking","Free parking lot","1"
"0x30e29909061f0847:0xd8e1350ebd465321","Accessibility","Wheelchair-accessible toilet","1"
"0x30e29909061f0847:0xd8e1350ebd465321","Amenities","Toilet","1"
"0x30e29909061f0847:0xd8e1350ebd465321","Planning","Appointments recommended","1"
"0x30e29909061f0847:0xd8e1350ebd465321","Payments","Credit cards","1"
"0x30e29909061f0847:0xd8e1350ebd465321","Payments","Debit cards","1"
"0x30e29909061f0847:0xd8e1350ebd465321","Payments","NFC mobile payments","1"
"0x30e29909061f0847:0xd8e1350ebd465321","Payments","Credit cards","1"
"0x30e29b8c64d5fe77:0x160fcd8d81add07d","Accessibility","Wheelchair-accessible car park","1"
"0x30e29b8c64d5fe77:0x160fcd8d81add07d","Accessibility","Wheelchair-accessible entrance","1"
"0x30e29b8c64d5fe77:0x160fcd8d81add07d","Crowd","LGBTQ+ friendly","1"
"0x30e29b8c64d5fe77:0x160fcd8d81add07d","Crowd","Transgender safe space","1"
"0x30e29b8c64d5fe77:0x160fcd8d81add07d","Payments","Credit cards","1"
"0x30e29b8c64d5fe77:0x160fcd8d81add07d","Payments","Debit cards","1"
"0x30e29b8c64d5fe77:0x160fcd8d81add07d","Payments","NFC mobile payments","1"
"0x30e29b8c64d5fe77:0x160fcd8d81add07d","Payments","Credit cards","1"
"0x30e29b8c64d5fe77:0x160fcd8d81add07d","Children","Nursing room","1"
"0x30e29b8c64d5fe77:0x160fcd8d81add07d","Parking","Free parking lot","1"
"0x30e29b8c64d5fe77:0x160fcd8d81add07d","Parking","On-site parking","1"
"0x30e299cdc0d9c3bd:0xb8b543069b35a5ff","Accessibility","Wheelchair-accessible toilet","1"
"0x30e299cdc0d9c3bd:0xb8b543069b35a5ff","Service options","On-site services","1"
"0x30e299cdc0d9c3bd:0xb8b543069b35a5ff","Amenities","Toilet","1"
"0x30e299cdc0d9c3bd:0xb8b543069b35a5ff","Crowd","LGBTQ+ friendly","1"
"0x30e299cdc0d9c3bd:0xb8b543069b35a5ff","Crowd","Transgender safe space","1"
"0x30e299cdc0d9c3bd:0xb8b543069b35a5ff","Planning","Appointments recommended","1"
"0x30e299cdc0d9c3bd:0xb8b543069b35a5ff","Payments","NFC mobile payments","1"
"0x30e299cdc0d9c3bd:0xb8b543069b35a5ff","Parking","On-site parking","1"
"0x30e2a169e713b991:0x8bd6e2fe73ef8936","From the business","Identifies as women-owned","1"
"0x30e2a169e713b991:0x8bd6e2fe73ef8936","Amenities","Gender-neutral toilets","1"
"0x30e2a169e713b991:0x8bd6e2fe73ef8936","Amenities","Toilet","1"
"0x30e2a169e713b991:0x8bd6e2fe73ef8936","Crowd","LGBTQ+ friendly","1"
"0x30e2a169e713b991:0x8bd6e2fe73ef8936","Crowd","Transgender safe space","1"
"0x30e2a169e713b991:0x8bd6e2fe73ef8936","Planning","Appointments recommended","1"
"0x30e2a169e713b991:0x8bd6e2fe73ef8936","Payments","NFC mobile payments","1"
"0x30e29e4aaa18cb33:0xdb114d40666fa967","Accessibility","Wheelchair-accessible car park","1"
"0x30e29e4aaa18cb33:0xdb114d40666fa967","Accessibility","Wheelchair-accessible entrance","1"
"0x30e29e4aaa18cb33:0xdb114d40666fa967","Amenities","Toilet","1"
"0x30e29e4aaa18cb33:0xdb114d40666fa967","Planning","Appointments recommended","1"
"0x30e29e4aaa18cb33:0xdb114d40666fa967","Payments","Credit cards","1"
"0x30e29e4aaa18cb33:0xdb114d40666fa967","Payments","Debit cards","1"
"0x30e29e4aaa18cb33:0xdb114d40666fa967","Payments","NFC mobile payments","1"
"0x30e29e4aaa18cb33:0xdb114d40666fa967","Parking","Free parking lot","1"
"0x30e29fff2b8f70fd:0x5f881d8a023cafda","Amenities","Toilet","1"
"0x30e29fff2b8f70fd:0x5f881d8a023cafda","Planning","Appointments recommended","1"
"0x30e29fff2b8f70fd:0x5f881d8a023cafda","Payments","Credit cards","1"
"0x30e29fff2b8f70fd:0x5f881d8a023cafda","Payments","Debit cards","1"
"0x30e29fff2b8f70fd:0x5f881d8a023cafda","Payments","NFC mobile payments","1"
"0x30e29fff2b8f70fd:0x5f881d8a023cafda","Parking","Free parking lot","1"
"0x30e29bd71d3ea83b:0x2db2dd0dbf5aa2e9","Offerings","Pediatric care","1"
"0x30e29bd71d3ea83b:0x2db2dd0dbf5aa2e9","Amenities","Toilet","1"
"0x30e29bd71d3ea83b:0x2db2dd0dbf5aa2e9","Planning","Appointments recommended","1"
"0x30e2985bea8bda7f:0xa01fe855692022d7","Amenities","Toilet","1"
"0x30e2985bea8bda7f:0xa01fe855692022d7","Planning","Appointments recommended","1"
"0x30e2985bea8bda7f:0xa01fe855692022d7","Payments","Credit cards","1"
"0x30e2985bea8bda7f:0xa01fe855692022d7","Payments","NFC mobile payments","1"
"0x30e29e9d75399b41:0xa3904095249c632e","Amenities","Toilet","1"
"0x30e29e9d75399b41:0xa3904095249c632e","Planning","Appointments recommended","1"
"0x30e2992ff7e08d49:0xe93055befbfc8cf0","Accessibility","Wheelchair-accessible car park","1"
"0x30e2992ff7e08d49:0xe93055befbfc8cf0","Accessibility","Wheelchair-accessible entrance","1"
"0x30e2992ff7e08d49:0xe93055befbfc8cf0","Offerings","Cosmetic dentistry","1"
"0x30e2992ff7e08d49:0xe93055befbfc8cf0","Offerings","Pediatric care","1"
"0x30e2992ff7e08d49:0xe93055befbfc8cf0","Amenities","Toilet","1"
"0x30e2992ff7e08d49:0xe93055befbfc8cf0","Crowd","LGBTQ+ friendly","1"
"0x30e2992ff7e08d49:0xe93055befbfc8cf0","Crowd","Transgender safe space","1"
"0x30e2992ff7e08d49:0xe93055befbfc8cf0","Planning","Appointment required","1"
"0x30e2992ff7e08d49:0xe93055befbfc8cf0","Planning","Appointments recommended","1"
"0x30e2992ff7e08d49:0xe93055befbfc8cf0","Payments","Credit cards","1"
"0x30e2992ff7e08d49:0xe93055befbfc8cf0","Payments","Debit cards","1"
"0x30e2992ff7e08d49:0xe93055befbfc8cf0","Payments","NFC mobile payments","1"
"0x30e2992ff7e08d49:0xe93055befbfc8cf0","Payments","Credit cards","1"
"0x30e298facd9a24a9:0x535e9da4d94b38d","Amenities","Toilet","1"
"0x30e298facd9a24a9:0x535e9da4d94b38d","Planning","Appointments recommended","1"
"0x30e298facd9a24a9:0x535e9da4d94b38d","Payments","Credit cards","1"
"0x30e298facd9a24a9:0x535e9da4d94b38d","Payments","Debit cards","1"
"0x30e298facd9a24a9:0x535e9da4d94b38d","Payments","NFC mobile payments","1"
"0x30e298facd9a24a9:0x535e9da4d94b38d","Payments","Credit cards","1"
"0x30e29c165c01c11d:0xfe60859d85ccf074","Amenities","Toilet","1"
"0x30e29c165c01c11d:0xfe60859d85ccf074","Planning","Appointments recommended","1"
"0x30e29be8297715e1:0xba49bd16f387ab3e","Amenities","Toilet","1"
"0x30e29be8297715e1:0xba49bd16f387ab3e","Planning","Appointments recommended","1"
"0x30e2985966610609:0x5930f58823c1b939","Accessibility","Wheelchair-accessible toilet","1"
"0x30e2985966610609:0x5930f58823c1b939","Accessibility","Wheelchair-accessible car park","1"
"0x30e2985966610609:0x5930f58823c1b939","Accessibility","Wheelchair-accessible entrance","1"
"0x30e2985966610609:0x5930f58823c1b939","Amenities","Toilet","1"
"0x30e2985966610609:0x5930f58823c1b939","Planning","Appointments recommended","1"
"0x30e2985966610609:0x5930f58823c1b939","Payments","NFC mobile payments","1"
"0x30e298a3b7683f0b:0x8b9972bd0c50c4e1","Amenities","Toilet","1"
"0x30e298a3b7683f0b:0x8b9972bd0c50c4e1","Planning","Appointments recommended","1"
"0x30e29fac8fbaa90b:0x3abafe072b953806","From the business","Identifies as women-owned","1"
"0x30e29fac8fbaa90b:0x3abafe072b953806","Service options","On-site services","1"
"0x30e29fac8fbaa90b:0x3abafe072b953806","Amenities","Toilet","1"
"0x30e29fac8fbaa90b:0x3abafe072b953806","Planning","Appointment required","1"
"0x30e29fac8fbaa90b:0x3abafe072b953806","Planning","Appointments recommended","1"
"0x30e29fac8fbaa90b:0x3abafe072b953806","Payments","Credit cards","1"
"0x30e29fac8fbaa90b:0x3abafe072b953806","Payments","Debit cards","1"
"0x30e29fac8fbaa90b:0x3abafe072b953806","Payments","NFC mobile payments","1"
"0x30e29fac8fbaa90b:0x3abafe072b953806","Payments","Credit cards","1"
"0x30e29fac8fbaa90b:0x3abafe072b953806","Parking","Free of charge street parking","1"
"0x30e29fac8fbaa90b:0x3abafe072b953806","Parking","Paid parking lot","1"
"0x30e29e5b7989ef8b:0xc3da9a922b9e237","Accessibility","Assisted listening devices","1"
"0x30e29e5b7989ef8b:0xc3da9a922b9e237","Accessibility","Assistive hearing loop","1"
"0x30e29e5b7989ef8b:0xc3da9a922b9e237","Accessibility","Wheelchair-accessible car park","1"
"0x30e29e5b7989ef8b:0xc3da9a922b9e237","Accessibility","Wheelchair-accessible entrance","1"
"0x30e29e5b7989ef8b:0xc3da9a922b9e237","Accessibility","Wheelchair-accessible seating","1"
"0x30e29e5b7989ef8b:0xc3da9a922b9e237","Accessibility","Wheelchair-accessible toilet","1"
"0x30e29e5b7989ef8b:0xc3da9a922b9e237","From the business","Identifies as women-owned","1"
"0x30e29e5b7989ef8b:0xc3da9a922b9e237","Service options","On-site services","1"
"0x30e29e5b7989ef8b:0xc3da9a922b9e237","Amenities","Gender-neutral toilets","1"
"0x30e29e5b7989ef8b:0xc3da9a922b9e237","Crowd","LGBTQ+ friendly","1"
"0x30e29e5b7989ef8b:0xc3da9a922b9e237","Crowd","Transgender safe space","1"
"0x30e29e5b7989ef8b:0xc3da9a922b9e237","Payments","Credit cards","1"
"0x30e29e5b7989ef8b:0xc3da9a922b9e237","Payments","Debit cards","1"
"0x30e29e5b7989ef8b:0xc3da9a922b9e237","Payments","NFC mobile payments","1"
"0x30e29e5b7989ef8b:0xc3da9a922b9e237","Payments","Credit cards","1"
"0x30e29e5b7989ef8b:0xc3da9a922b9e237","Children","Nursing room","1"
"0x30e29e5b7989ef8b:0xc3da9a922b9e237","Parking","Free parking lot","1"
"0x30e29e5b7989ef8b:0xc3da9a922b9e237","Parking","On-site parking","1"
"0x30e29e5b7989ef8b:0xc3da9a922b9e237","Parking","Paid parking lot","1"
"0x30e29fcfe54058c1:0xe95515f1d6237c17","Amenities","Toilet","1"
"0x30e29fcfe54058c1:0xe95515f1d6237c17","Planning","Appointments recommended","1"
"0x30e29fcfe54058c1:0xe95515f1d6237c17","Payments","Credit cards","1"
"0x30e29fcfe54058c1:0xe95515f1d6237c17","Payments","Debit cards","1"
"0x30e29fcfe54058c1:0xe95515f1d6237c17","Payments","NFC mobile payments","1"
"0x30e29fcfe54058c1:0xe95515f1d6237c17","Payments","Credit cards","1"
"0x30e29fec0202049d:0xe4899956978775c0","Accessibility","Wheelchair-accessible car park","1"
"0x30e29fec0202049d:0xe4899956978775c0","Accessibility","Wheelchair-accessible entrance","1"
"0x30e29fec0202049d:0xe4899956978775c0","Accessibility","Wheelchair-accessible toilet","1"
"0x30e29fec0202049d:0xe4899956978775c0","Service options","On-site services","1"
"0x30e29fec0202049d:0xe4899956978775c0","Crowd","LGBTQ+ friendly","1"
"0x30e29fec0202049d:0xe4899956978775c0","Crowd","Transgender safe space","1"
"0x30e29fec0202049d:0xe4899956978775c0","Payments","Credit cards","1"
"0x30e29fec0202049d:0xe4899956978775c0","Payments","Debit cards","1"
"0x30e29fec0202049d:0xe4899956978775c0","Payments","NFC mobile payments","1"
"0x30e29fec0202049d:0xe4899956978775c0","Children","Nursing room","1"
"0x30e29fec0202049d:0xe4899956978775c0","Parking","Free parking lot","1"
"0x30e2992b06d2e027:0x787bf930f8e7bf1","Amenities","Toilet","1"
"0x30e2992b06d2e027:0x787bf930f8e7bf1","Payments","NFC mobile payments","1"
"0x30e29fbea3b3ea79:0xeb1f49b1022bd6ca","Accessibility","Wheelchair-accessible car park","1"
"0x30e29fbea3b3ea79:0xeb1f49b1022bd6ca","Accessibility","Wheelchair-accessible entrance","1"
"0x30e29fbea3b3ea79:0xeb1f49b1022bd6ca","Accessibility","Wheelchair-accessible toilet","1"
"0x30e29fbea3b3ea79:0xeb1f49b1022bd6ca","Service options","On-site services","1"
"0x30e29fbea3b3ea79:0xeb1f49b1022bd6ca","Offerings","Cosmetic dentistry","1"
"0x30e29fbea3b3ea79:0xeb1f49b1022bd6ca","Offerings","Emergency services","1"
"0x30e29fbea3b3ea79:0xeb1f49b1022bd6ca","Amenities","Toilet","1"
"0x30e29fbea3b3ea79:0xeb1f49b1022bd6ca","Crowd","LGBTQ+ friendly","1"
"0x30e29fbea3b3ea79:0xeb1f49b1022bd6ca","Crowd","Transgender safe space","1"
"0x30e29fbea3b3ea79:0xeb1f49b1022bd6ca","Planning","Appointment required","1"
"0x30e29fbea3b3ea79:0xeb1f49b1022bd6ca","Planning","Appointments recommended","1"
"0x30e29fbea3b3ea79:0xeb1f49b1022bd6ca","Payments","Credit cards","1"
"0x30e29fbea3b3ea79:0xeb1f49b1022bd6ca","Payments","Debit cards","1"
"0x30e29fbea3b3ea79:0xeb1f49b1022bd6ca","Payments","NFC mobile payments","1"
"0x30e29fbea3b3ea79:0xeb1f49b1022bd6ca","Children","Nursing room","1"
"0x30e29fbea3b3ea79:0xeb1f49b1022bd6ca","Parking","Free parking lot","1"
"0x30e29fbea3b3ea79:0xeb1f49b1022bd6ca","Parking","On-site parking","1"
"0x30e29dbf2a371b43:0x6ff6c615aad89826","Amenities","Gender-neutral toilets","1"
"0x30e29dbf2a371b43:0x6ff6c615aad89826","Amenities","Toilet","1"
"0x30e29dbf2a371b43:0x6ff6c615aad89826","Crowd","LGBTQ+ friendly","1"
"0x30e29dbf2a371b43:0x6ff6c615aad89826","Crowd","Transgender safe space","1"
"0x30e29dbf2a371b43:0x6ff6c615aad89826","Planning","Appointments recommended","1"
"0x30e29dbf2a371b43:0x6ff6c615aad89826","Payments","Debit cards","1"
"0x30e29dbf2a371b43:0x6ff6c615aad89826","Payments","NFC mobile payments","1"
"0x30e29dbf2a371b43:0x6ff6c615aad89826","Payments","Credit cards","1"
"0x30e29dbf2a371b43:0x6ff6c615aad89826","Children","Nursing room","1"
"0x30e29d671bc984db:0x455ce43b11cd3c09","Accessibility","Wheelchair-accessible car park","1"
"0x30e29d671bc984db:0x455ce43b11cd3c09","Accessibility","Wheelchair-accessible entrance","1"
"0x30e29d671bc984db:0x455ce43b11cd3c09","Accessibility","Wheelchair-accessible toilet","1"
"0x30e29d671bc984db:0x455ce43b11cd3c09","Amenities","Toilet","1"
"0x30e29d671bc984db:0x455ce43b11cd3c09","Planning","Appointments recommended","1"
"0x30e29d671bc984db:0x455ce43b11cd3c09","Payments","Credit cards","1"
"0x30e29d671bc984db:0x455ce43b11cd3c09","Payments","Debit cards","1"
"0x30e29d671bc984db:0x455ce43b11cd3c09","Payments","NFC mobile payments","1"
"0x30e29d671bc984db:0x455ce43b11cd3c09","Payments","Credit cards","1"
"0x30e29d5d6c7c77f3:0xb7a6109fa7ad5a8d","Amenities","Toilet","1"
"0x30e29d5d6c7c77f3:0xb7a6109fa7ad5a8d","Planning","Appointment required","1"
"0x30e29d5d6c7c77f3:0xb7a6109fa7ad5a8d","Planning","Appointments recommended","1"
"0x30e29d5d6c7c77f3:0xb7a6109fa7ad5a8d","Payments","Credit cards","1"
"0x30e29d5d6c7c77f3:0xb7a6109fa7ad5a8d","Payments","Debit cards","1"
"0x30e29d5d6c7c77f3:0xb7a6109fa7ad5a8d","Payments","NFC mobile payments","1"
"0x30e29d5d6c7c77f3:0xb7a6109fa7ad5a8d","Parking","Free of charge street parking","1"
"0x30e29d5d6c7c77f3:0xb7a6109fa7ad5a8d","Parking","Free parking lot","1"
"0x30e29d5d6c7c77f3:0xb7a6109fa7ad5a8d","Parking","Paid parking lot","1"
"0x30e29d71227c9ebb:0xd6b0ea6279a5debf","Accessibility","Wheelchair-accessible car park","1"
"0x30e29d71227c9ebb:0xd6b0ea6279a5debf","Accessibility","Wheelchair-accessible entrance","1"
"0x30e29d71227c9ebb:0xd6b0ea6279a5debf","Amenities","Gender-neutral toilets","1"
"0x30e29d71227c9ebb:0xd6b0ea6279a5debf","Amenities","Toilet","1"
"0x30e29d71227c9ebb:0xd6b0ea6279a5debf","Planning","Appointment required","1"
"0x30e29d71227c9ebb:0xd6b0ea6279a5debf","Planning","Appointments recommended","1"
"0x30e29d71227c9ebb:0xd6b0ea6279a5debf","Payments","Credit cards","1"
"0x30e29d71227c9ebb:0xd6b0ea6279a5debf","Payments","Debit cards","1"
"0x30e29d71227c9ebb:0xd6b0ea6279a5debf","Payments","NFC mobile payments","1"
"0x30e29d71227c9ebb:0xd6b0ea6279a5debf","Payments","Credit cards","1"
"0x30e29d71227c9ebb:0xd6b0ea6279a5debf","Parking","Free parking lot","1"
"0x30e29d9ac5e627e9:0x63d692450486188","Amenities","Toilet","1"
"0x30e29d9ac5e627e9:0x63d692450486188","Planning","Appointments recommended","1"
"0x30e29d105a352831:0x5c3e20fd339a7e99","Amenities","Toilet","1"
"0x30e29d105a352831:0x5c3e20fd339a7e99","Planning","Appointments recommended","1"
"0x30e29d105a352831:0x5c3e20fd339a7e99","Payments","Credit cards","1"
"0x30e29d105a352831:0x5c3e20fd339a7e99","Payments","Debit cards","1"
"0x30e29d105a352831:0x5c3e20fd339a7e99","Payments","NFC mobile payments","1"
"0x30e29df00ee12947:0x309c176a26e6562","Accessibility","Wheelchair-accessible toilet","1"
"0x30e29df00ee12947:0x309c176a26e6562","Amenities","Toilet","1"
"0x30e29df00ee12947:0x309c176a26e6562","Planning","Appointments recommended","1"
"0x30e29df00ee12947:0x309c176a26e6562","Payments","Credit cards","1"
"0x30e29df00ee12947:0x309c176a26e6562","Payments","Debit cards","1"
"0x30e29df00ee12947:0x309c176a26e6562","Payments","NFC mobile payments","1"
"0x30e29df00ee12947:0x309c176a26e6562","Payments","Credit cards","1"
"0x30e29b00543aa863:0xf2bf0b0679d6ce1d","Amenities","Toilet","1"
"0x30e29b00543aa863:0xf2bf0b0679d6ce1d","Planning","Appointments recommended","1"
"0x30e29b00543aa863:0xf2bf0b0679d6ce1d","Payments","Credit cards","1"
"0x30e29b00543aa863:0xf2bf0b0679d6ce1d","Payments","Debit cards","1"
"0x30e29b00543aa863:0xf2bf0b0679d6ce1d","Payments","NFC mobile payments","1"
"0x30e283f03aac1447:0x952204b394c25aa5","Accessibility","Assistive hearing loop","1"
"0x30e283f03aac1447:0x952204b394c25aa5","Accessibility","Wheelchair-accessible seating","1"
"0x30e283f03aac1447:0x952204b394c25aa5","Accessibility","Wheelchair-accessible toilet","1"
"0x30e283f03aac1447:0x952204b394c25aa5","Service options","On-site services","1"
"0x30e283f03aac1447:0x952204b394c25aa5","Offerings","Cosmetic dentistry","1"
"0x30e283f03aac1447:0x952204b394c25aa5","Offerings","Pediatric care","1"
"0x30e283f03aac1447:0x952204b394c25aa5","Amenities","Gender-neutral toilets","1"
"0x30e283f03aac1447:0x952204b394c25aa5","Amenities","Toilet","1"
"0x30e283f03aac1447:0x952204b394c25aa5","Crowd","LGBTQ+ friendly","1"
"0x30e283f03aac1447:0x952204b394c25aa5","Crowd","Transgender safe space","1"
"0x30e283f03aac1447:0x952204b394c25aa5","Planning","Appointment required","1"
"0x30e283f03aac1447:0x952204b394c25aa5","Planning","Appointments recommended","1"
"0x30e283f03aac1447:0x952204b394c25aa5","Payments","NFC mobile payments","1"
"0x30e283f03aac1447:0x952204b394c25aa5","Parking","Free of charge street parking","1"
"0x30e29a03f448e001:0xfa6a9fb02206935","Accessibility","Wheelchair-accessible car park","1"
"0x30e29a03f448e001:0xfa6a9fb02206935","Amenities","Toilet","1"
"0x30e29a03f448e001:0xfa6a9fb02206935","Planning","Appointments recommended","1"
"0x30e29a03f448e001:0xfa6a9fb02206935","Payments","Credit cards","1"
"0x30e29a03f448e001:0xfa6a9fb02206935","Payments","Debit cards","1"
"0x30e29a03f448e001:0xfa6a9fb02206935","Payments","NFC mobile payments","1"
"0x30e29822609167a1:0x1c853d161eb1a2ef","Accessibility","Wheelchair-accessible car park","1"
"0x30e29822609167a1:0x1c853d161eb1a2ef","Accessibility","Wheelchair-accessible entrance","1"
"0x30e29822609167a1:0x1c853d161eb1a2ef","From the business","Identifies as women-owned","1"
"0x30e29822609167a1:0x1c853d161eb1a2ef","Service options","On-site services","1"
"0x30e29822609167a1:0x1c853d161eb1a2ef","Offerings","Cosmetic dentistry","1"
"0x30e29822609167a1:0x1c853d161eb1a2ef","Offerings","Emergency services","1"
"0x30e29822609167a1:0x1c853d161eb1a2ef","Offerings","Pediatric care","1"
"0x30e29822609167a1:0x1c853d161eb1a2ef","Amenities","Gender-neutral toilets","1"
"0x30e29822609167a1:0x1c853d161eb1a2ef","Amenities","Toilet","1"
"0x30e29822609167a1:0x1c853d161eb1a2ef","Crowd","LGBTQ+ friendly","1"
"0x30e29822609167a1:0x1c853d161eb1a2ef","Crowd","Transgender safe space","1"
"0x30e29822609167a1:0x1c853d161eb1a2ef","Planning","Appointment required","1"
"0x30e29822609167a1:0x1c853d161eb1a2ef","Planning","Appointments recommended","1"
"0x30e29822609167a1:0x1c853d161eb1a2ef","Payments","Credit cards","1"
"0x30e29822609167a1:0x1c853d161eb1a2ef","Payments","Debit cards","1"
"0x30e29822609167a1:0x1c853d161eb1a2ef","Parking","Free multi-storey car park","1"
"0x30e29822609167a1:0x1c853d161eb1a2ef","Parking","Free parking lot","1"
"0x30e29822609167a1:0x1c853d161eb1a2ef","Parking","On-site parking","1"
"0x30e2981f517139c3:0xd8651e425a6cc12e","Accessibility","Wheelchair-accessible car park","1"
"0x30e2981f517139c3:0xd8651e425a6cc12e","Accessibility","Assistive hearing loop","1"
"0x30e2981f517139c3:0xd8651e425a6cc12e","Accessibility","Wheelchair-accessible entrance","1"
"0x30e2981f517139c3:0xd8651e425a6cc12e","Accessibility","Wheelchair-accessible seating","1"
"0x30e2981f517139c3:0xd8651e425a6cc12e","Accessibility","Wheelchair-accessible toilet","1"
"0x30e2981f517139c3:0xd8651e425a6cc12e","From the business","Identifies as women-owned","1"
"0x30e2981f517139c3:0xd8651e425a6cc12e","Service options","On-site services","1"
"0x30e2981f517139c3:0xd8651e425a6cc12e","Offerings","Cosmetic dentistry","1"
"0x30e2981f517139c3:0xd8651e425a6cc12e","Offerings","Pediatric care","1"
"0x30e2981f517139c3:0xd8651e425a6cc12e","Amenities","Gender-neutral toilets","1"
"0x30e2981f517139c3:0xd8651e425a6cc12e","Amenities","Toilet","1"
"0x30e2981f517139c3:0xd8651e425a6cc12e","Crowd","LGBTQ+ friendly","1"
"0x30e2981f517139c3:0xd8651e425a6cc12e","Crowd","Transgender safe space","1"
"0x30e2981f517139c3:0xd8651e425a6cc12e","Planning","Appointment required","1"
"0x30e2981f517139c3:0xd8651e425a6cc12e","Planning","Appointments recommended","1"
"0x30e2981f517139c3:0xd8651e425a6cc12e","Payments","Credit cards","1"
"0x30e2981f517139c3:0xd8651e425a6cc12e","Payments","Debit cards","1"
"0x30e2981f517139c3:0xd8651e425a6cc12e","Payments","NFC mobile payments","1"
"0x30e2981f517139c3:0xd8651e425a6cc12e","Payments","Payment plans","1"
"0x30e2981f517139c3:0xd8651e425a6cc12e","Payments","Credit cards","1"
"0x30e2981f517139c3:0xd8651e425a6cc12e","Parking","On-site parking","1"
"0x30e2981f517139c3:0xd8651e425a6cc12e","Parking","Paid parking lot","1"
"0x30e2a31c9faf50bb:0x72986f67988426b5","Service options","On-site services","1"
"0x30e2a31c9faf50bb:0x72986f67988426b5","Amenities","Gender-neutral toilets","1"
"0x30e2a31c9faf50bb:0x72986f67988426b5","Amenities","Toilet","1"
"0x30e2a31c9faf50bb:0x72986f67988426b5","Crowd","LGBTQ+ friendly","1"
"0x30e2a31c9faf50bb:0x72986f67988426b5","Crowd","Transgender safe space","1"
"0x30e2a31c9faf50bb:0x72986f67988426b5","Planning","Appointment required","1"
"0x30e2a31c9faf50bb:0x72986f67988426b5","Parking","Free of charge street parking","1"
"0x30e2a31c9faf50bb:0x72986f67988426b5","Parking","Paid parking lot","1"
"0x30e29fb8da546ab5:0xc183259f9ae46ab8","Accessibility","Wheelchair-accessible entrance","1"
"0x30e29fb8da546ab5:0xc183259f9ae46ab8","Amenities","Toilet","1"
"0x30e29fb8da546ab5:0xc183259f9ae46ab8","Planning","Appointments recommended","1"
"0x30e29f9ad910f94b:0x7b4824a87dacb343","From the business","Identifies as women-owned","1"
"0x30e29f9ad910f94b:0x7b4824a87dacb343","Service options","On-site services","1"
"0x30e29f9ad910f94b:0x7b4824a87dacb343","Amenities","Gender-neutral toilets","1"
"0x30e29f9ad910f94b:0x7b4824a87dacb343","Amenities","Toilet","1"
"0x30e29f9ad910f94b:0x7b4824a87dacb343","Crowd","LGBTQ+ friendly","1"
"0x30e29f9ad910f94b:0x7b4824a87dacb343","Crowd","Transgender safe space","1"
"0x30e29f9ad910f94b:0x7b4824a87dacb343","Planning","Appointments recommended","1"
"0x30e29f9ad910f94b:0x7b4824a87dacb343","Payments","NFC mobile payments","1"
"0x30e29c3751cbd391:0x4698877170c6f2f4","Amenities","Toilet","1"
"0x30e29c3751cbd391:0x4698877170c6f2f4","Planning","Appointments recommended","1"
"0x30e29c3751cbd391:0x4698877170c6f2f4","Payments","Debit cards","1"
"0x30e29c3751cbd391:0x4698877170c6f2f4","Payments","Credit cards","1"
"0x30e29e4e870f1a39:0xe4437edad85767fc","Amenities","Toilet","1"
"0x30e29e4e870f1a39:0xe4437edad85767fc","Planning","Appointments recommended","1"
"0x30e29e4e870f1a39:0xe4437edad85767fc","Payments","Credit cards","1"
"0x30e29e4e870f1a39:0xe4437edad85767fc","Payments","Debit cards","1"
"0x30e29e4e870f1a39:0xe4437edad85767fc","Payments","NFC mobile payments","1"
"0x30e29e4e870f1a39:0xe4437edad85767fc","Payments","Credit cards","1"
"0x30e29c77b4a91919:0x9293767af02254f3","Accessibility","Wheelchair-accessible car park","1"
"0x30e29c77b4a91919:0x9293767af02254f3","Accessibility","Wheelchair-accessible entrance","1"
"0x30e29c77b4a91919:0x9293767af02254f3","Amenities","Toilet","1"
"0x30e29c77b4a91919:0x9293767af02254f3","Crowd","LGBTQ+ friendly","1"
"0x30e29c77b4a91919:0x9293767af02254f3","Crowd","Transgender safe space","1"
"0x30e29c77b4a91919:0x9293767af02254f3","Planning","Appointments recommended","1"
"0x30e29c77b4a91919:0x9293767af02254f3","Payments","NFC mobile payments","1"
"0x30e29c77b4a91919:0x9293767af02254f3","Parking","On-site parking","1"
"0x30e2a3734c150fd3:0xf865a83d0ea9033f","Amenities","Toilet","1"
"0x30e2a3734c150fd3:0xf865a83d0ea9033f","Planning","Appointments recommended","1"
"0x30e2a3734c150fd3:0xf865a83d0ea9033f","Payments","NFC mobile payments","1"
"0x30e2a1e190777de3:0x3e84ed7b10185cb0","Accessibility","Wheelchair-accessible car park","1"
"0x30e2a1e190777de3:0x3e84ed7b10185cb0","Accessibility","Wheelchair-accessible entrance","1"
"0x30e2a1e190777de3:0x3e84ed7b10185cb0","Accessibility","Wheelchair-accessible toilet","1"
"0x30e2a1e190777de3:0x3e84ed7b10185cb0","Service options","On-site services","1"
"0x30e2a1e190777de3:0x3e84ed7b10185cb0","Service options","Online appointments","1"
"0x30e2a1e190777de3:0x3e84ed7b10185cb0","Parking","Paid parking lot","1"
"0x30e2a22fa29ee93b:0xffc601cdb1892dfd","Amenities","Toilet","1"
"0x30e2a22fa29ee93b:0xffc601cdb1892dfd","Planning","Appointments recommended","1"
"0x30e2a22fa29ee93b:0xffc601cdb1892dfd","Payments","Debit cards","1"
"0x30e2a22fa29ee93b:0xffc601cdb1892dfd","Payments","Credit cards","1"
"0x30e29fec06484cef:0xe9d9d5c680eaeeea","Amenities","Toilet","1"
"0x30e29fec06484cef:0xe9d9d5c680eaeeea","Planning","Appointment required","1"
"0x30e29fec06484cef:0xe9d9d5c680eaeeea","Planning","Appointments recommended","1"
"0x30e29fec06484cef:0xe9d9d5c680eaeeea","Payments","Credit cards","1"
"0x30e29fec06484cef:0xe9d9d5c680eaeeea","Payments","Debit cards","1"
"0x30e29fec06484cef:0xe9d9d5c680eaeeea","Payments","NFC mobile payments","1"
"0xa7dd7805f127647:0xe605169aed900e53","Amenities","Gender-neutral restroom","1"
"0xa7dd7805f127647:0xe605169aed900e53","Amenities","Restroom","1"
"0xa7dd7805f127647:0xe605169aed900e53","Planning","Appointments recommended","1"
"0xa7dd7805f127647:0xe605169aed900e53","Payments","Credit cards","1"
"0xa7dd7805f127647:0xe605169aed900e53","Payments","Debit cards","1"
"0xa7dd7805f127647:0xe605169aed900e53","Payments","NFC mobile payments","1"
"0xa7dd7805f127647:0xe605169aed900e53","Parking","Free parking lot","1"
"0x30e29980eb6f3c0d:0xa51f90c28d674050","Amenities","Toilet","1"
"0x30e29980eb6f3c0d:0xa51f90c28d674050","Planning","Appointments recommended","1"
"0x30e29fee6609f95d:0xb6e6ffe89dc456b2","Accessibility","Wheelchair-accessible seating","1"
"0x30e29fee6609f95d:0xb6e6ffe89dc456b2","Accessibility","Wheelchair-accessible toilet","1"
"0x30e29fee6609f95d:0xb6e6ffe89dc456b2","Amenities","Gender-neutral toilets","1"
"0x30e29fee6609f95d:0xb6e6ffe89dc456b2","Amenities","Toilet","1"
"0x30e29fee6609f95d:0xb6e6ffe89dc456b2","Crowd","LGBTQ+ friendly","1"
"0x30e29fee6609f95d:0xb6e6ffe89dc456b2","Crowd","Transgender safe space","1"
"0x30e29fee6609f95d:0xb6e6ffe89dc456b2","Planning","Appointment required","1"
"0x30e29fee6609f95d:0xb6e6ffe89dc456b2","Planning","Appointments recommended","1"
"0x30e29fee6609f95d:0xb6e6ffe89dc456b2","Payments","Credit cards","1"
"0x30e29fee6609f95d:0xb6e6ffe89dc456b2","Payments","Debit cards","1"
"0x30e29fee6609f95d:0xb6e6ffe89dc456b2","Payments","NFC mobile payments","1"
"0x30e29fee6609f95d:0xb6e6ffe89dc456b2","Payments","Credit cards","1"
"0x30e29fee6609f95d:0xb6e6ffe89dc456b2","Children","Nursing room","1"
"0x30e2a1dcee6100d1:0x729f560bea649eeb","Accessibility","Wheelchair accessible seating","1"
"0x30e2a1dcee6100d1:0x729f560bea649eeb","Amenities","Restroom","1"
"0x30e2a1dcee6100d1:0x729f560bea649eeb","Planning","Appointment required","1"
"0x30e2a1dcee6100d1:0x729f560bea649eeb","Planning","Appointments recommended","1"
"0x30e2a1dcee6100d1:0x729f560bea649eeb","Payments","Credit cards","1"
"0x30e2a1dcee6100d1:0x729f560bea649eeb","Payments","Debit cards","1"
"0x30e2a1dcee6100d1:0x729f560bea649eeb","Payments","NFC mobile payments","1"
"0x311d5f3f7e482b7b:0xe45def4edc743912","Accessibility","Assistive hearing loop","1"
"0x311d5f3f7e482b7b:0xe45def4edc743912","Accessibility","Wheelchair-accessible car park","1"
"0x311d5f3f7e482b7b:0xe45def4edc743912","Accessibility","Wheelchair-accessible seating","1"
"0x311d5f3f7e482b7b:0xe45def4edc743912","Accessibility","Wheelchair-accessible toilet","1"
"0x311d5f3f7e482b7b:0xe45def4edc743912","From the business","Identifies as women-owned","1"
"0x311d5f3f7e482b7b:0xe45def4edc743912","Service options","On-site services","1"
"0x311d5f3f7e482b7b:0xe45def4edc743912","Offerings","Cosmetic dentistry","1"
"0x311d5f3f7e482b7b:0xe45def4edc743912","Amenities","Gender-neutral toilets","1"
"0x311d5f3f7e482b7b:0xe45def4edc743912","Amenities","Toilet","1"
"0x311d5f3f7e482b7b:0xe45def4edc743912","Planning","Appointment required","1"
"0x311d5f3f7e482b7b:0xe45def4edc743912","Planning","Appointments recommended","1"
"0x311d5f3f7e482b7b:0xe45def4edc743912","Payments","Credit cards","1"
"0x311d5f3f7e482b7b:0xe45def4edc743912","Payments","Debit cards","1"
"0x311d5f3f7e482b7b:0xe45def4edc743912","Payments","NFC mobile payments","1"
"0x311d5f3f7e482b7b:0xe45def4edc743912","Payments","Payment plans","1"
"0x311d5f3f7e482b7b:0xe45def4edc743912","Payments","Credit cards","1"
"0x311d5f3f7e482b7b:0xe45def4edc743912","Parking","Free parking lot","1"
"0x311d5f3f7e482b7b:0xe45def4edc743912","Parking","On-site parking","1"
"0x311d61000b1b9157:0x1a42df63af9ca4cd","Amenities","Toilet","1"
"0x311d61000b1b9157:0x1a42df63af9ca4cd","Crowd","Transgender safe space","1"
"0x311d61000b1b9157:0x1a42df63af9ca4cd","Planning","Appointments recommended","1"
"0x311d61000b1b9157:0x1a42df63af9ca4cd","Payments","NFC mobile payments","1"
"0x311d6200630cf2fb:0x1219390b0b2e9801","Accessibility","Wheelchair-accessible car park","1"
"0x311d6200630cf2fb:0x1219390b0b2e9801","Accessibility","Wheelchair-accessible entrance","1"
"0x311d6200630cf2fb:0x1219390b0b2e9801","Accessibility","Wheelchair-accessible toilet","1"
"0x311d6200630cf2fb:0x1219390b0b2e9801","Offerings","Cosmetic dentistry","1"
"0x311d6200630cf2fb:0x1219390b0b2e9801","Amenities","Gender-neutral toilets","1"
"0x311d6200630cf2fb:0x1219390b0b2e9801","Amenities","Toilet","1"
"0x311d6200630cf2fb:0x1219390b0b2e9801","Planning","Appointment required","1"
"0x311d6200630cf2fb:0x1219390b0b2e9801","Planning","Appointments recommended","1"
"0x311d6200630cf2fb:0x1219390b0b2e9801","Payments","Credit cards","1"
"0x311d6200630cf2fb:0x1219390b0b2e9801","Payments","Debit cards","1"
"0x311d6200630cf2fb:0x1219390b0b2e9801","Payments","NFC mobile payments","1"
"0x311d6200630cf2fb:0x1219390b0b2e9801","Payments","Credit cards","1"
"0x30e29f7cbdd5627d:0x8786648fc50efcc","Accessibility","Wheelchair-accessible toilet","1"
"0x30e29f7cbdd5627d:0x8786648fc50efcc","From the business","Identifies as women-owned","1"
"0x30e29f7cbdd5627d:0x8786648fc50efcc","Amenities","Toilet","1"
"0x30e29f7cbdd5627d:0x8786648fc50efcc","Planning","Appointment required","1"
"0x30e29f7cbdd5627d:0x8786648fc50efcc","Planning","Appointments recommended","1"
"0x30e29f7cbdd5627d:0x8786648fc50efcc","Payments","NFC mobile payments","1"
"0x311d61e52a3ed9d9:0xe2ad9899410eb78b","Accessibility","Wheelchair-accessible entrance","1"
"0x311d61e52a3ed9d9:0xe2ad9899410eb78b","Amenities","Toilet","1"
"0x311d61e52a3ed9d9:0xe2ad9899410eb78b","Planning","Appointments recommended","1"
"0x311d61e52a3ed9d9:0xe2ad9899410eb78b","Payments","Credit cards","1"
"0x311d61e52a3ed9d9:0xe2ad9899410eb78b","Payments","NFC mobile payments","1"
"0x30e29fbae9862607:0xff379403c4480522","Accessibility","Wheelchair-accessible car park","1"
"0x30e29fbae9862607:0xff379403c4480522","Accessibility","Wheelchair-accessible entrance","1"
"0x30e29fbae9862607:0xff379403c4480522","Service options","On-site services","1"
"0x30e29fbae9862607:0xff379403c4480522","Crowd","LGBTQ+ friendly","1"
"0x30e29fbae9862607:0xff379403c4480522","Crowd","Transgender safe space","1"
"0x30e29fbae9862607:0xff379403c4480522","Payments","Credit cards","1"
"0x30e29fbae9862607:0xff379403c4480522","Payments","Debit cards","1"
"0x30e29fbae9862607:0xff379403c4480522","Payments","NFC mobile payments","1"
"0x30e29fbae9862607:0xff379403c4480522","Payments","Credit cards","1"
"0x30e29fbae9862607:0xff379403c4480522","Children","Nursing room","1"
"0x30e29fbae9862607:0xff379403c4480522","Parking","Paid parking lot","1"
"0x30e2a35c4cd39c67:0xeaf4441484b66061","Amenities","Toilet","1"
"0x30e2a35c4cd39c67:0xeaf4441484b66061","Planning","Appointments recommended","1"
"0x30e2a35c4cd39c67:0xeaf4441484b66061","Payments","Credit cards","1"
"0x30e2a35c4cd39c67:0xeaf4441484b66061","Payments","Debit cards","1"
"0x30e2a35c4cd39c67:0xeaf4441484b66061","Payments","NFC mobile payments","1"
"0x30e29dc8b2532bb3:0x9f026f751a96bae9","Accessibility","Wheelchair-accessible car park","1"
"0x30e29dc8b2532bb3:0x9f026f751a96bae9","Accessibility","Wheelchair-accessible entrance","1"
"0x30e29dc8b2532bb3:0x9f026f751a96bae9","Payments","Credit cards","1"
"0x30e29dc8b2532bb3:0x9f026f751a96bae9","Payments","Debit cards","1"
"0x30e29dc8b2532bb3:0x9f026f751a96bae9","Payments","NFC mobile payments","1"
"0x30e29dc8b2532bb3:0x9f026f751a96bae9","Parking","Free parking lot","1"
"0x30e2a3928a8429fb:0x9fd66543be46689c","Amenities","Toilet","1"
"0x30e2a3928a8429fb:0x9fd66543be46689c","Planning","Appointments recommended","1"
"0x30e2a3928a8429fb:0x9fd66543be46689c","Payments","Debit cards","1"
"0x30e2a3928a8429fb:0x9fd66543be46689c","Payments","NFC mobile payments","1"
"0x30e2a3928a8429fb:0x9fd66543be46689c","Payments","Credit cards","1"
"0x311d5ff0ae107675:0x82cfbf5e01d8e4b0","Amenities","Toilet","1"
"0x311d5ff0ae107675:0x82cfbf5e01d8e4b0","Planning","Appointment required","1"
"0x311d5ff0ae107675:0x82cfbf5e01d8e4b0","Planning","Appointments recommended","1"
"0x311d5ff0ae107675:0x82cfbf5e01d8e4b0","Payments","Debit cards","1"
"0x311d5ff0ae107675:0x82cfbf5e01d8e4b0","Payments","NFC mobile payments","1"
"0x311d5ff0ae107675:0x82cfbf5e01d8e4b0","Payments","Credit cards","1"
"0x30e29dd6b6ca08fb:0x5bbcc49bda217adc","Amenities","Toilet","1"
"0x30e29f5292f90f69:0x28c852a0c9467106","Accessibility","Wheelchair-accessible car park","1"
"0x30e29f5292f90f69:0x28c852a0c9467106","Accessibility","Wheelchair-accessible entrance","1"
"0x30e29f5292f90f69:0x28c852a0c9467106","Amenities","Toilet","1"
"0x30e29f5292f90f69:0x28c852a0c9467106","Planning","Appointments recommended","1"
"0x30e29f5292f90f69:0x28c852a0c9467106","Payments","Debit cards","1"
"0x30e29f5292f90f69:0x28c852a0c9467106","Payments","Credit cards","1"
"0x30e2a3b2b7e23305:0x971063a0d4a92164","Amenities","Toilet","1"
"0x30e2a3b2b7e23305:0x971063a0d4a92164","Planning","Appointments recommended","1"
"0x30e2a3b2b7e23305:0x971063a0d4a92164","Payments","Credit cards","1"
"0x30e2a3b2b7e23305:0x971063a0d4a92164","Payments","Debit cards","1"
"0x30e2a3b2b7e23305:0x971063a0d4a92164","Payments","NFC mobile payments","1"
"0x30e29fb1680d72f1:0x6b635f206704b79d","Amenities","Toilet","1"
"0x30e29fb1680d72f1:0x6b635f206704b79d","Planning","Appointments recommended","1"
"0x30e29c759ab8e971:0xbb9d54fb4b24d9c9","Accessibility","Wheelchair-accessible car park","1"
"0x30e29c759ab8e971:0xbb9d54fb4b24d9c9","Accessibility","Wheelchair-accessible entrance","1"
"0x30e29c759ab8e971:0xbb9d54fb4b24d9c9","Amenities","Toilet","1"
"0x30e29c759ab8e971:0xbb9d54fb4b24d9c9","Planning","Appointment required","1"
"0x30e29c759ab8e971:0xbb9d54fb4b24d9c9","Payments","Debit cards","1"
"0x30e29c759ab8e971:0xbb9d54fb4b24d9c9","Payments","NFC mobile payments","1"
"0x30e29c759ab8e971:0xbb9d54fb4b24d9c9","Payments","Credit cards","1"
"0x30e29eaff0eda0fb:0x70d31d2b225724e4","Accessibility","Wheelchair-accessible car park","1"
"0x30e29eaff0eda0fb:0x70d31d2b225724e4","Accessibility","Wheelchair-accessible entrance","1"
"0x30e29eaff0eda0fb:0x70d31d2b225724e4","Accessibility","Wheelchair-accessible toilet","1"
"0x30e29eaff0eda0fb:0x70d31d2b225724e4","Service options","On-site services","1"
"0x30e29eaff0eda0fb:0x70d31d2b225724e4","Amenities","Toilet","1"
"0x30e29eaff0eda0fb:0x70d31d2b225724e4","Crowd","LGBTQ+ friendly","1"
"0x30e29eaff0eda0fb:0x70d31d2b225724e4","Crowd","Transgender safe space","1"
"0x30e29eaff0eda0fb:0x70d31d2b225724e4","Payments","Credit cards","1"
"0x30e29eaff0eda0fb:0x70d31d2b225724e4","Payments","Debit cards","1"
"0x30e29eaff0eda0fb:0x70d31d2b225724e4","Payments","NFC mobile payments","1"
"0x30e29eaff0eda0fb:0x70d31d2b225724e4","Parking","Paid parking lot","1"
"0x30e29bd5467fec27:0x2c69d5606a7b9212","Amenities","Toilet","1"
"0x30e29bd5467fec27:0x2c69d5606a7b9212","Planning","Appointment required","1"
"0x30e29bd5467fec27:0x2c69d5606a7b9212","Planning","Appointments recommended","1"
"0x30e29bd5467fec27:0x2c69d5606a7b9212","Payments","Debit cards","1"
"0x30e29bd5467fec27:0x2c69d5606a7b9212","Payments","NFC mobile payments","1"
"0x30e29986a1817875:0xf97be242234ce222","Amenities","Toilet","1"
"0x30e29986a1817875:0xf97be242234ce222","Planning","Appointments recommended","1"
"0x30e29986a1817875:0xf97be242234ce222","Payments","NFC mobile payments","1"
"0x30e29987e3cd3c6b:0xbb63135d72a9e3f6","Accessibility","Wheelchair-accessible toilet","1"
"0x30e29987e3cd3c6b:0xbb63135d72a9e3f6","Amenities","Toilet","1"
"0x30e29987e3cd3c6b:0xbb63135d72a9e3f6","Planning","Appointments recommended","1"
"0x30e29987e3cd3c6b:0xbb63135d72a9e3f6","Payments","Debit cards","1"
"0x30e29987e3cd3c6b:0xbb63135d72a9e3f6","Payments","Credit cards","1"
"0x30e299000f6dec39:0xd194de0c5e0c87a3","Service options","On-site services","1"
"0x30e299000f6dec39:0xd194de0c5e0c87a3","Offerings","Cosmetic dentistry","1"
"0x30e299000f6dec39:0xd194de0c5e0c87a3","Offerings","Sedation dentistry","1"
"0x30e299000f6dec39:0xd194de0c5e0c87a3","Amenities","Gender-neutral toilets","1"
"0x30e299000f6dec39:0xd194de0c5e0c87a3","Amenities","Toilet","1"
"0x30e299000f6dec39:0xd194de0c5e0c87a3","Planning","Appointments recommended","1"
"0x30e299000f6dec39:0xd194de0c5e0c87a3","Payments","Credit cards","1"
"0x30e299000f6dec39:0xd194de0c5e0c87a3","Payments","NFC mobile payments","1"
"0x30e299000f6dec39:0xd194de0c5e0c87a3","Parking","Free parking lot","1"
"0x30e299000f6dec39:0xd194de0c5e0c87a3","Parking","On-site parking","1"
"0x30e29fbbbb58438f:0xa8caf871db3aed0e","Accessibility","Wheelchair-accessible car park","1"
"0x30e29fbbbb58438f:0xa8caf871db3aed0e","Accessibility","Wheelchair-accessible entrance","1"
"0x30e29fbbbb58438f:0xa8caf871db3aed0e","Accessibility","Wheelchair-accessible toilet","1"
"0x30e29fbbbb58438f:0xa8caf871db3aed0e","Amenities","Toilet","1"
"0x30e29fbbbb58438f:0xa8caf871db3aed0e","Crowd","LGBTQ+ friendly","1"
"0x30e29fbbbb58438f:0xa8caf871db3aed0e","Crowd","Transgender safe space","1"
"0x30e29fbbbb58438f:0xa8caf871db3aed0e","Planning","Appointments recommended","1"
"0x30e29fbbbb58438f:0xa8caf871db3aed0e","Payments","Credit cards","1"
"0x30e29fbbbb58438f:0xa8caf871db3aed0e","Payments","Debit cards","1"
"0x30e29fbbbb58438f:0xa8caf871db3aed0e","Payments","NFC mobile payments","1"
"0x30e29fbbbb58438f:0xa8caf871db3aed0e","Children","Nursing room","1"
"0x30e29d0061d24c67:0x7c351057accb9b9f","Service options","On-site services","1"
"0x30e29d0061d24c67:0x7c351057accb9b9f","Amenities","Toilet","1"
"0x30e29d0061d24c67:0x7c351057accb9b9f","Crowd","LGBTQ+ friendly","1"
"0x30e29d0061d24c67:0x7c351057accb9b9f","Crowd","Transgender safe space","1"
"0x30e29d0061d24c67:0x7c351057accb9b9f","Planning","Appointments recommended","1"
"0x30e29d0061d24c67:0x7c351057accb9b9f","Payments","Credit cards","1"
"0x30e29d0061d24c67:0x7c351057accb9b9f","Payments","Debit cards","1"
"0x30e29d0061d24c67:0x7c351057accb9b9f","Payments","NFC mobile payments","1"
"0x30e2997f056535bb:0xca373a778eed275f","Accessibility","Wheelchair-accessible car park","1"
"0x30e2997f056535bb:0xca373a778eed275f","Accessibility","Wheelchair-accessible entrance","1"
"0x30e2997f056535bb:0xca373a778eed275f","Amenities","Toilet","1"
"0x30e2997f056535bb:0xca373a778eed275f","Planning","Appointments recommended","1"
"0x30e29f7bccfc030b:0xcd91c15f015bf660","Amenities","Toilet","1"
"0x30e29f7bccfc030b:0xcd91c15f015bf660","Planning","Appointments recommended","1"
"0x30e29f7bccfc030b:0xcd91c15f015bf660","Payments","Credit cards","1"
"0x30e29f7bccfc030b:0xcd91c15f015bf660","Payments","Debit cards","1"
"0x30e29f7bccfc030b:0xcd91c15f015bf660","Payments","NFC mobile payments","1"
"0x30e29dc81123dbad:0x6ca9de3bbf894c7f","Amenities","Toilet","1"
"0x30e29dc81123dbad:0x6ca9de3bbf894c7f","Payments","NFC mobile payments","1"
"0x311d60d0ea812a43:0xc4bdda86014d5d6d","Amenities","Toilet","1"
"0x311d60d0ea812a43:0xc4bdda86014d5d6d","Planning","Appointment required","1"
"0x311d60d0ea812a43:0xc4bdda86014d5d6d","Planning","Appointments recommended","1"
"0x311d60d0ea812a43:0xc4bdda86014d5d6d","Payments","Credit cards","1"
"0x311d60d0ea812a43:0xc4bdda86014d5d6d","Payments","Debit cards","1"
"0x311d60d0ea812a43:0xc4bdda86014d5d6d","Payments","NFC mobile payments","1"
"0x30e2994c710ab4bd:0x65b266565f9abd01","Accessibility","Wheelchair-accessible toilet","1"
"0x30e2994c710ab4bd:0x65b266565f9abd01","Amenities","Toilet","1"
"0x30e2994c710ab4bd:0x65b266565f9abd01","Planning","Appointments recommended","1"
"0x30e2994c710ab4bd:0x65b266565f9abd01","Payments","Credit cards","1"
"0x30e2994c710ab4bd:0x65b266565f9abd01","Payments","Debit cards","1"
"0x30e2994c710ab4bd:0x65b266565f9abd01","Payments","NFC mobile payments","1"
"0x30e2994c710ab4bd:0x65b266565f9abd01","Payments","Credit cards","1"
"0x30e29f1385a0cf5b:0x8f7c1a54367d2b53","Amenities","Toilet","1"
"0x30e29f1385a0cf5b:0x8f7c1a54367d2b53","Crowd","Transgender safe space","1"
"0x30e29f1385a0cf5b:0x8f7c1a54367d2b53","Planning","Appointment required","1"
"0x30e29f1385a0cf5b:0x8f7c1a54367d2b53","Planning","Appointments recommended","1"
"0x30e29f1385a0cf5b:0x8f7c1a54367d2b53","Payments","Credit cards","1"
"0x30e29f1385a0cf5b:0x8f7c1a54367d2b53","Payments","Debit cards","1"
"0x30e29f1385a0cf5b:0x8f7c1a54367d2b53","Payments","NFC mobile payments","1"
"0x30e29f1385a0cf5b:0x8f7c1a54367d2b53","Payments","Credit cards","1"
"0x30e299b8ee359fab:0x8c32da60bf23e8f4","Accessibility","Wheelchair-accessible car park","1"
"0x30e299b8ee359fab:0x8c32da60bf23e8f4","Service options","On-site services","1"
"0x30e299b8ee359fab:0x8c32da60bf23e8f4","Amenities","Toilet","1"
"0x30e299b8ee359fab:0x8c32da60bf23e8f4","Crowd","LGBTQ+ friendly","1"
"0x30e299b8ee359fab:0x8c32da60bf23e8f4","Crowd","Transgender safe space","1"
"0x30e299b8ee359fab:0x8c32da60bf23e8f4","Planning","Appointments recommended","1"
"0x30e299b8ee359fab:0x8c32da60bf23e8f4","Payments","Credit cards","1"
"0x30e299b8ee359fab:0x8c32da60bf23e8f4","Payments","Debit cards","1"
"0x30e299b8ee359fab:0x8c32da60bf23e8f4","Payments","NFC mobile payments","1"
"0x30e298eec655b869:0x19f2eb67cdcdc887","Accessibility","Wheelchair-accessible car park","1"
"0x30e298eec655b869:0x19f2eb67cdcdc887","Accessibility","Wheelchair-accessible entrance","1"
"0x30e298eec655b869:0x19f2eb67cdcdc887","Accessibility","Wheelchair-accessible toilet","1"
"0x30e298eec655b869:0x19f2eb67cdcdc887","Amenities","Toilet","1"
"0x30e29f72a8978927:0x2c73905bdd987c80","Amenities","Toilet","1"
"0x30e29f72a8978927:0x2c73905bdd987c80","Planning","Appointments recommended","1"
"0x30e29f72a8978927:0x2c73905bdd987c80","Payments","NFC mobile payments","1"
"0x311d61bae6b2aa05:0xc7aac9f037c4890d","Accessibility","Wheelchair-accessible seating","1"
"0x311d61bae6b2aa05:0xc7aac9f037c4890d","Accessibility","Wheelchair-accessible toilet","1"
"0x311d61bae6b2aa05:0xc7aac9f037c4890d","Amenities","Toilet","1"
"0x311d61bae6b2aa05:0xc7aac9f037c4890d","Crowd","LGBTQ+ friendly","1"
"0x311d61bae6b2aa05:0xc7aac9f037c4890d","Crowd","Transgender safe space","1"
"0x311d61bae6b2aa05:0xc7aac9f037c4890d","Planning","Appointments recommended","1"
"0x311d61bae6b2aa05:0xc7aac9f037c4890d","Payments","Credit cards","1"
"0x311d61bae6b2aa05:0xc7aac9f037c4890d","Payments","NFC mobile payments","1"
"0x30e29e0702183123:0x3d06f4a1b93e043b","Amenities","Toilet","1"
"0x30e29e0702183123:0x3d06f4a1b93e043b","Planning","Appointments recommended","1"
"0x30e29e0702183123:0x3d06f4a1b93e043b","Payments","Credit cards","1"
"0x30e29e0702183123:0x3d06f4a1b93e043b","Payments","Debit cards","1"
"0x30e29e0702183123:0x3d06f4a1b93e043b","Payments","NFC mobile payments","1"
"0x30e29e0702183123:0x3d06f4a1b93e043b","Payments","Credit cards","1"
"0x30e29c5aff63bbe3:0x90a95d7b227277a3","Amenities","Toilet","1"
"0x30e29c5aff63bbe3:0x90a95d7b227277a3","Planning","Appointments recommended","1"
"0x30e29c5aff63bbe3:0x90a95d7b227277a3","Payments","Credit cards","1"
"0x30e29c5aff63bbe3:0x90a95d7b227277a3","Payments","Debit cards","1"
"0x30e29c5aff63bbe3:0x90a95d7b227277a3","Payments","NFC mobile payments","1"
"0x30e29c5aff63bbe3:0x90a95d7b227277a3","Payments","Credit cards","1"
"0x30e29d2535a56637:0xee835e0c242f48ec","Amenities","Toilet","1"
"0x30e29d2535a56637:0xee835e0c242f48ec","Planning","Appointments recommended","1"
"0x30e29d2535a56637:0xee835e0c242f48ec","Payments","Credit cards","1"
"0x30e29d2535a56637:0xee835e0c242f48ec","Payments","Debit cards","1"
"0x30e29d2535a56637:0xee835e0c242f48ec","Payments","NFC mobile payments","1"
"0x30e29d2535a56637:0xee835e0c242f48ec","Payments","Credit cards","1"
"0x30e29cdd8e0d1393:0xa465f6bf2cf3fb85","Payments","NFC mobile payments","1"
"0x30e29d907fdd72fb:0x376f8f37dd862624","Amenities","Gender-neutral toilets","1"
"0x30e29d907fdd72fb:0x376f8f37dd862624","Amenities","Toilet","1"
"0x30e29d907fdd72fb:0x376f8f37dd862624","Crowd","LGBTQ+ friendly","1"
"0x30e29d907fdd72fb:0x376f8f37dd862624","Crowd","Transgender safe space","1"
"0x30e29d907fdd72fb:0x376f8f37dd862624","Planning","Appointment required","1"
"0x30e29d907fdd72fb:0x376f8f37dd862624","Planning","Appointments recommended","1"
"0x30e29d907fdd72fb:0x376f8f37dd862624","Payments","Credit cards","1"
"0x30e29d907fdd72fb:0x376f8f37dd862624","Payments","Debit cards","1"
"0x30e29d907fdd72fb:0x376f8f37dd862624","Payments","NFC mobile payments","1"
"0x30e29d8fe880e74f:0xc9bfcd6ead03ad1e","Amenities","Toilet","1"
"0x30e29d8fe880e74f:0xc9bfcd6ead03ad1e","Planning","Appointments recommended","1"
"0x30e29d8fe880e74f:0xc9bfcd6ead03ad1e","Payments","NFC mobile payments","1"
"0x30e29b001a3bacad:0x2a7087bac1ca13e7","Amenities","Toilet","1"
"0x30e29b001a3bacad:0x2a7087bac1ca13e7","Planning","Appointments recommended","1"
"0x30e29b001a3bacad:0x2a7087bac1ca13e7","Payments","NFC mobile payments","1"
"0x30e2995162e27fb9:0x10ce157b6a05f399","Accessibility","Wheelchair-accessible seating","1"
"0x30e2995162e27fb9:0x10ce157b6a05f399","Accessibility","Wheelchair-accessible toilet","1"
"0x30e2995162e27fb9:0x10ce157b6a05f399","From the business","Identifies as women-owned","1"
"0x30e2995162e27fb9:0x10ce157b6a05f399","Amenities","Toilet","1"
"0x30e2995162e27fb9:0x10ce157b6a05f399","Planning","Appointment required","1"
"0x30e2995162e27fb9:0x10ce157b6a05f399","Planning","Appointments recommended","1"
"0x30e2995162e27fb9:0x10ce157b6a05f399","Payments","Credit cards","1"
"0x30e2995162e27fb9:0x10ce157b6a05f399","Payments","Debit cards","1"
"0x30e2995162e27fb9:0x10ce157b6a05f399","Payments","NFC mobile payments","1"
"0x30e2995162e27fb9:0x10ce157b6a05f399","Parking","On-site parking","1"
"0x30e29870fb050a25:0xea31a38ab87fcc67","Amenities","Toilet","1"
"0x30e29870fb050a25:0xea31a38ab87fcc67","Planning","Appointments recommended","1"
"0x30e29870fb050a25:0xea31a38ab87fcc67","Payments","Debit cards","1"
"0x30e29870fb050a25:0xea31a38ab87fcc67","Payments","Credit cards","1"
"0x30e2a2b80a22cc97:0x114a3e201b8e33df","Amenities","Toilet","1"
"0x30e2a2b80a22cc97:0x114a3e201b8e33df","Planning","Appointments recommended","1"
"0x30e2a2b80a22cc97:0x114a3e201b8e33df","Payments","NFC mobile payments","1"
"0x30e2a3fa98019235:0x8010f5628656c9f9","Amenities","Toilet","1"
"0x30e2a3fa98019235:0x8010f5628656c9f9","Planning","Appointments recommended","1"
"0x30e2a3fa98019235:0x8010f5628656c9f9","Payments","Credit cards","1"
"0x30e2a3fa98019235:0x8010f5628656c9f9","Payments","Debit cards","1"
"0x30e2a3fa98019235:0x8010f5628656c9f9","Payments","NFC mobile payments","1"
"0x30e29fee2ee4eeab:0x99e056660553f86b","Accessibility","Wheelchair-accessible toilet","1"
"0x30e29fee2ee4eeab:0x99e056660553f86b","Amenities","Toilet","1"
"0x30e29fee2ee4eeab:0x99e056660553f86b","Planning","Appointments recommended","1"
"0x30e29fee2ee4eeab:0x99e056660553f86b","Payments","Credit cards","1"
"0x30e29fee2ee4eeab:0x99e056660553f86b","Payments","Debit cards","1"
"0x30e29fee2ee4eeab:0x99e056660553f86b","Payments","NFC mobile payments","1"
"0x30e29fee2ee4eeab:0x99e056660553f86b","Payments","Credit cards","1"
"0x311d61e2336d14ff:0x1cde2f8f2de709c1","Accessibility","Wheelchair-accessible car park","1"
"0x311d61e2336d14ff:0x1cde2f8f2de709c1","Accessibility","Wheelchair-accessible entrance","1"
"0x311d61e2336d14ff:0x1cde2f8f2de709c1","Amenities","Toilet","1"
"0x311d61e2336d14ff:0x1cde2f8f2de709c1","Planning","Appointments recommended","1"
"0x311d61844401bd29:0x3377602c6a1b220","Accessibility","Wheelchair-accessible car park","1"
"0x311d61844401bd29:0x3377602c6a1b220","Accessibility","Wheelchair-accessible entrance","1"
"0x311d61844401bd29:0x3377602c6a1b220","Amenities","Toilet","1"
"0x311d61844401bd29:0x3377602c6a1b220","Planning","Appointments recommended","1"
"0x311d61844401bd29:0x3377602c6a1b220","Payments","NFC mobile payments","1"
"0x30e29945110c8677:0x10f41f1ddeedc0ab","Amenities","Toilet","1"
"0x30e29945110c8677:0x10f41f1ddeedc0ab","Planning","Appointments recommended","1"
"0x30e29fc194e0e9bd:0x7e119a53aeae57f8","Amenities","Toilet","1"
"0x30e29fc194e0e9bd:0x7e119a53aeae57f8","Planning","Appointments recommended","1"
"0x30e29ff499b641af:0xbf26dfe9fcfc6bb","Amenities","Toilet","1"
"0x30e29ff499b641af:0xbf26dfe9fcfc6bb","Planning","Appointments recommended","1"
"0x30e29ff499b641af:0xbf26dfe9fcfc6bb","Payments","NFC mobile payments","1"
"0x30e2a0029d937373:0xd3f369cc234e950b","Accessibility","Wheelchair-accessible car park","1"
"0x30e2a0029d937373:0xd3f369cc234e950b","Accessibility","Wheelchair-accessible entrance","1"
"0x30e2a0029d937373:0xd3f369cc234e950b","Accessibility","Wheelchair-accessible toilet","1"
"0x30e2a0029d937373:0xd3f369cc234e950b","Amenities","Toilet","1"
"0x30e2a0029d937373:0xd3f369cc234e950b","Planning","Appointment required","1"
"0x30e2a0029d937373:0xd3f369cc234e950b","Planning","Appointments recommended","1"
"0x30e2a0029d937373:0xd3f369cc234e950b","Payments","Credit cards","1"
"0x30e2a0029d937373:0xd3f369cc234e950b","Payments","Debit cards","1"
"0x30e2a0029d937373:0xd3f369cc234e950b","Payments","NFC mobile payments","1"
"0x30e2a0029d937373:0xd3f369cc234e950b","Payments","Credit cards","1"
"0x30e29e1e8992de09:0x6dd4088af331c6dd","Accessibility","Wheelchair-accessible entrance","1"
"0x30e29e1e8992de09:0x6dd4088af331c6dd","From the business","Identifies as women-owned","1"
"0x30e29e1e8992de09:0x6dd4088af331c6dd","Service options","On-site services","1"
"0x30e29e1e8992de09:0x6dd4088af331c6dd","Amenities","Toilet","1"
"0x30e29e1e8992de09:0x6dd4088af331c6dd","Crowd","LGBTQ+ friendly","1"
"0x30e29e1e8992de09:0x6dd4088af331c6dd","Crowd","Transgender safe space","1"
"0x30e29e1e8992de09:0x6dd4088af331c6dd","Planning","Appointment required","1"
"0x30e29e1e8992de09:0x6dd4088af331c6dd","Planning","Appointments recommended","1"
"0x30e29e1e8992de09:0x6dd4088af331c6dd","Payments","Credit cards","1"
"0x30e29e1e8992de09:0x6dd4088af331c6dd","Payments","Debit cards","1"
"0x30e29e1e8992de09:0x6dd4088af331c6dd","Payments","NFC mobile payments","1"
"0x30e29dd6dfbe28db:0xa5aba9d03549e7c1","Accessibility","Wheelchair-accessible car park","1"
"0x30e29dd6dfbe28db:0xa5aba9d03549e7c1","Amenities","Toilet","1"
"0x30e29dd6dfbe28db:0xa5aba9d03549e7c1","Planning","Appointments recommended","1"
"0x30e29dd6dfbe28db:0xa5aba9d03549e7c1","Payments","Credit cards","1"
"0x30e29dd6dfbe28db:0xa5aba9d03549e7c1","Payments","Debit cards","1"
"0x30e29dd6dfbe28db:0xa5aba9d03549e7c1","Payments","NFC mobile payments","1"
"0x30e29dd6dfbe28db:0xa5aba9d03549e7c1","Payments","Credit cards","1"
"0x30e29eb58aaf2429:0x6e6e2d3ae0e8aad6","Accessibility","Wheelchair-accessible car park","1"
"0x30e29eb58aaf2429:0x6e6e2d3ae0e8aad6","Accessibility","Wheelchair-accessible entrance","1"
"0x30e29eb58aaf2429:0x6e6e2d3ae0e8aad6","Accessibility","Wheelchair-accessible toilet","1"
"0x30e29eb58aaf2429:0x6e6e2d3ae0e8aad6","Amenities","Toilet","1"
"0x30e29e18bc11c373:0x82f4b05c0099396c","Accessibility","Wheelchair-accessible seating","1"
"0x30e29e18bc11c373:0x82f4b05c0099396c","Accessibility","Wheelchair-accessible toilet","1"
"0x30e29e18bc11c373:0x82f4b05c0099396c","Amenities","Toilet","1"
"0x30e29e18bc11c373:0x82f4b05c0099396c","Payments","Credit cards","1"
"0x30e29e18bc11c373:0x82f4b05c0099396c","Payments","Credit cards","1"
"0x30e29e18bc11c373:0x82f4b05c0099396c","Parking","Free multi-storey car park","1"
"0x30e29e18bc11c373:0x82f4b05c0099396c","Parking","Free parking lot","1"
"0x30e29e02acebc6f1:0x4cc86f4d30543a2c","Amenities","Toilet","1"
"0x30e29e02acebc6f1:0x4cc86f4d30543a2c","Planning","Appointments recommended","1"
"0x30e2a27b92125829:0x6ccbf8ea0ff4965f","Accessibility","Wheelchair-accessible entrance","1"
"0x30e2a27b92125829:0x6ccbf8ea0ff4965f","Accessibility","Wheelchair-accessible seating","1"
"0x30e2a27b92125829:0x6ccbf8ea0ff4965f","From the business","Identifies as women-owned","1"
"0x30e2a27b92125829:0x6ccbf8ea0ff4965f","Offerings","Pediatric care","1"
"0x30e2a27b92125829:0x6ccbf8ea0ff4965f","Amenities","Toilet","1"
"0x30e2a27b92125829:0x6ccbf8ea0ff4965f","Crowd","LGBTQ+ friendly","1"
"0x30e2a27b92125829:0x6ccbf8ea0ff4965f","Crowd","Transgender safe space","1"
"0x30e2a27b92125829:0x6ccbf8ea0ff4965f","Planning","Appointment required","1"
"0x30e2a27b92125829:0x6ccbf8ea0ff4965f","Planning","Appointments recommended","1"
"0x30e2a27b92125829:0x6ccbf8ea0ff4965f","Payments","Credit cards","1"
"0x30e2a27b92125829:0x6ccbf8ea0ff4965f","Children","Nursing room","1"
"0x30e2a011a97a72c1:0x6b4e32c4f171934b","From the business","Identifies as women-owned","1"
"0x30e2a011a97a72c1:0x6b4e32c4f171934b","Amenities","Toilet","1"
"0x30e2a011a97a72c1:0x6b4e32c4f171934b","Crowd","LGBTQ+ friendly","1"
"0x30e2a011a97a72c1:0x6b4e32c4f171934b","Crowd","Transgender safe space","1"
"0x30e2a011a97a72c1:0x6b4e32c4f171934b","Planning","Appointment required","1"
"0x30e2a011a97a72c1:0x6b4e32c4f171934b","Planning","Appointments recommended","1"
"0x30e29f9845e08bcf:0x6aba818ad5111003","Accessibility","Wheelchair-accessible entrance","1"
"0x30e29f9845e08bcf:0x6aba818ad5111003","Accessibility","Wheelchair-accessible toilet","1"
"0x30e29f9845e08bcf:0x6aba818ad5111003","Amenities","Toilet","1"
"0x30e297581b0634d5:0x6fa5c66ad367ac53","Accessibility","Wheelchair-accessible seating","1"
"0x30e297581b0634d5:0x6fa5c66ad367ac53","Amenities","Toilet","1"
"0x30e297581b0634d5:0x6fa5c66ad367ac53","Crowd","LGBTQ+ friendly","1"
"0x30e297581b0634d5:0x6fa5c66ad367ac53","Crowd","Transgender safe space","1"
"0x30e297581b0634d5:0x6fa5c66ad367ac53","Planning","Appointments recommended","1"
"0x30e297581b0634d5:0x6fa5c66ad367ac53","Payments","NFC mobile payments","1"
"0x30e297581b0634d5:0x6fa5c66ad367ac53","Parking","Free of charge street parking","1"
"0x30e297581b0634d5:0x6fa5c66ad367ac53","Parking","Free parking lot","1"
"0x30e297581b0634d5:0x6fa5c66ad367ac53","Parking","On-site parking","1"
"0x311d61cc629e7ac3:0x82fce45cae5c66b1","Amenities","Toilet","1"
"0x311d61cc629e7ac3:0x82fce45cae5c66b1","Planning","Appointments recommended","1"
"0x311d618ccfa73d23:0xf9581f6c3bcb4985","Amenities","Toilet","1"
"0x311d618ccfa73d23:0xf9581f6c3bcb4985","Planning","Appointments recommended","1"
"0x311d618ccfa73d23:0xf9581f6c3bcb4985","Payments","Credit cards","1"
"0x311d618ccfa73d23:0xf9581f6c3bcb4985","Payments","Debit cards","1"
"0x311d618ccfa73d23:0xf9581f6c3bcb4985","Payments","NFC mobile payments","1"
"0x30e291c3edcd47c9:0x168e612160e71ca5","Service options","On-site services","1"
"0x30e291c3edcd47c9:0x168e612160e71ca5","Offerings","Cosmetic dentistry","1"
"0x30e291c3edcd47c9:0x168e612160e71ca5","Offerings","Emergency services","1"
"0x30e291c3edcd47c9:0x168e612160e71ca5","Amenities","Gender-neutral toilets","1"
"0x30e291c3edcd47c9:0x168e612160e71ca5","Amenities","Toilet","1"
"0x30e291c3edcd47c9:0x168e612160e71ca5","Crowd","LGBTQ+ friendly","1"
"0x30e291c3edcd47c9:0x168e612160e71ca5","Crowd","Transgender safe space","1"
"0x30e291c3edcd47c9:0x168e612160e71ca5","Planning","Appointment required","1"
"0x30e291c3edcd47c9:0x168e612160e71ca5","Planning","Appointments recommended","1"
"0x30e291c3edcd47c9:0x168e612160e71ca5","Payments","Credit cards","1"
"0x30e291c3edcd47c9:0x168e612160e71ca5","Payments","Debit cards","1"
"0x30e291c3edcd47c9:0x168e612160e71ca5","Payments","NFC mobile payments","1"
"0x30e291c3edcd47c9:0x168e612160e71ca5","Payments","Credit cards","1"
"0x30e291c3edcd47c9:0x168e612160e71ca5","Parking","Free multi-storey car park","1"
"0x30e291c3edcd47c9:0x168e612160e71ca5","Parking","Free of charge street parking","1"
"0x30e291c3edcd47c9:0x168e612160e71ca5","Parking","Free parking lot","1"
"0x30e291c3edcd47c9:0x168e612160e71ca5","Parking","On-site parking","1"
"0x30e29b2e11a24d61:0xdaead6c3f948bbd9","Amenities","Toilet","1"
"0x30e29b2e11a24d61:0xdaead6c3f948bbd9","Planning","Appointments recommended","1"
"0x30e29b2e11a24d61:0xdaead6c3f948bbd9","Payments","Credit cards","1"
"0x30e29b2e11a24d61:0xdaead6c3f948bbd9","Payments","Debit cards","1"
"0x30e29b2e11a24d61:0xdaead6c3f948bbd9","Payments","NFC mobile payments","1"
"0x30e29a3b52048c9d:0xbfabe2d72fd032b0","Accessibility","Wheelchair-accessible car park","1"
"0x30e29a3b52048c9d:0xbfabe2d72fd032b0","Accessibility","Wheelchair-accessible entrance","1"
"0x30e29a3b52048c9d:0xbfabe2d72fd032b0","Amenities","Toilet","1"
"0x30e29a3b52048c9d:0xbfabe2d72fd032b0","Parking","Free parking lot","1"
"0x30e29773ba7f28db:0x21e8318535ab81f5","Amenities","Gender-neutral toilets","1"
"0x30e29773ba7f28db:0x21e8318535ab81f5","Amenities","Toilet","1"
"0x30e29773ba7f28db:0x21e8318535ab81f5","Planning","Appointment required","1"
"0x30e29773ba7f28db:0x21e8318535ab81f5","Planning","Appointments recommended","1"
"0x30e29773ba7f28db:0x21e8318535ab81f5","Payments","Credit cards","1"
"0x30e29773ba7f28db:0x21e8318535ab81f5","Payments","Debit cards","1"
"0x30e29773ba7f28db:0x21e8318535ab81f5","Payments","NFC mobile payments","1"
"0x30e29773ba7f28db:0x21e8318535ab81f5","Payments","Credit cards","1"
"0x30e29773ba7f28db:0x21e8318535ab81f5","Parking","Free parking lot","1"
"0x30e2a3d71c86f57b:0xd2105a0626422d8","Accessibility","Wheelchair-accessible car park","1"
"0x30e2a3d71c86f57b:0xd2105a0626422d8","Accessibility","Wheelchair-accessible entrance","1"
"0x30e2a3d71c86f57b:0xd2105a0626422d8","Accessibility","Wheelchair-accessible seating","1"
"0x30e2a3d71c86f57b:0xd2105a0626422d8","Amenities","Toilet","1"
"0x30e2a3d71c86f57b:0xd2105a0626422d8","Crowd","Transgender safe space","1"
"0x30e2a3d71c86f57b:0xd2105a0626422d8","Planning","Appointments recommended","1"
"0x30e2a3d71c86f57b:0xd2105a0626422d8","Payments","Credit cards","1"
"0x30e2a3d71c86f57b:0xd2105a0626422d8","Payments","Debit cards","1"
"0x30e2a3d71c86f57b:0xd2105a0626422d8","Payments","NFC mobile payments","1"
"0xacea788991e2ed3d:0xfafd0342113e3a0d","Amenities","Toilet","1"
"0xacea788991e2ed3d:0xfafd0342113e3a0d","Payments","NFC mobile payments","1"
"0x311d5f65626df1b7:0x806dfe7348fb107","From the business","Identifies as women-owned","1"
"0x311d5f65626df1b7:0x806dfe7348fb107","Offerings","Cosmetic dentistry","1"
"0x311d5f65626df1b7:0x806dfe7348fb107","Offerings","Emergency services","1"
"0x311d5f65626df1b7:0x806dfe7348fb107","Offerings","Pediatric care","1"
"0x311d5f65626df1b7:0x806dfe7348fb107","Amenities","Gender-neutral toilets","1"
"0x311d5f65626df1b7:0x806dfe7348fb107","Amenities","Toilet","1"
"0x311d5f65626df1b7:0x806dfe7348fb107","Planning","Appointments recommended","1"
"0x311d5f65626df1b7:0x806dfe7348fb107","Payments","Credit cards","1"
"0x311d5f65626df1b7:0x806dfe7348fb107","Payments","Debit cards","1"
"0x311d5f65626df1b7:0x806dfe7348fb107","Payments","Credit cards","1"
"0x311d5f65626df1b7:0x806dfe7348fb107","Parking","Free multi-storey car park","1"
"0x311d5f65626df1b7:0x806dfe7348fb107","Parking","Free of charge street parking","1"
"0x311d5f65626df1b7:0x806dfe7348fb107","Parking","Free parking lot","1"
"0x311d5f65626df1b7:0x806dfe7348fb107","Parking","On-site parking","1"
"0x311d61812e6d114d:0xbf165039d307ee07","Accessibility","Wheelchair-accessible entrance","1"
"0x311d61812e6d114d:0xbf165039d307ee07","Accessibility","Wheelchair-accessible seating","1"
"0x311d61812e6d114d:0xbf165039d307ee07","Accessibility","Wheelchair-accessible toilet","1"
"0x311d61812e6d114d:0xbf165039d307ee07","From the business","Identifies as women-owned","1"
"0x311d61812e6d114d:0xbf165039d307ee07","Amenities","Gender-neutral toilets","1"
"0x311d61812e6d114d:0xbf165039d307ee07","Amenities","Toilet","1"
"0x311d61812e6d114d:0xbf165039d307ee07","Crowd","LGBTQ+ friendly","1"
"0x311d61812e6d114d:0xbf165039d307ee07","Crowd","Transgender safe space","1"
"0x311d61812e6d114d:0xbf165039d307ee07","Planning","Appointment required","1"
"0x311d61812e6d114d:0xbf165039d307ee07","Planning","Appointments recommended","1"
"0x311d61812e6d114d:0xbf165039d307ee07","Payments","Credit cards","1"
"0x311d61812e6d114d:0xbf165039d307ee07","Payments","Debit cards","1"
"0x311d61812e6d114d:0xbf165039d307ee07","Payments","NFC mobile payments","1"
"0x311d5fdf116b3d61:0x1ea96250fd209a2","Accessibility","Wheelchair-accessible seating","1"
"0x311d5fdf116b3d61:0x1ea96250fd209a2","Service options","On-site services","1"
"0x311d5fdf116b3d61:0x1ea96250fd209a2","Offerings","Cosmetic dentistry","1"
"0x311d5fdf116b3d61:0x1ea96250fd209a2","Offerings","Emergency services","1"
"0x311d5fdf116b3d61:0x1ea96250fd209a2","Offerings","Pediatric care","1"
"0x311d5fdf116b3d61:0x1ea96250fd209a2","Amenities","Toilet","1"
"0x311d5fdf116b3d61:0x1ea96250fd209a2","Crowd","LGBTQ+ friendly","1"
"0x311d5fdf116b3d61:0x1ea96250fd209a2","Crowd","Transgender safe space","1"
"0x311d5fdf116b3d61:0x1ea96250fd209a2","Planning","Appointment required","1"
"0x311d5fdf116b3d61:0x1ea96250fd209a2","Planning","Appointments recommended","1"
"0x311d5fdf116b3d61:0x1ea96250fd209a2","Payments","Credit cards","1"
"0x311d5fdf116b3d61:0x1ea96250fd209a2","Payments","Debit cards","1"
"0x311d5fdf116b3d61:0x1ea96250fd209a2","Payments","NFC mobile payments","1"
"0x311d5fdf116b3d61:0x1ea96250fd209a2","Payments","Payment plans","1"
"0x311d5fdf116b3d61:0x1ea96250fd209a2","Payments","Credit cards","1"
"0x311d5fdf116b3d61:0x1ea96250fd209a2","Parking","Free multi-storey car park","1"
"0x311d5fdf116b3d61:0x1ea96250fd209a2","Parking","Free of charge street parking","1"
"0x311d5fdf116b3d61:0x1ea96250fd209a2","Parking","Free parking lot","1"
"0x311d5fdf116b3d61:0x1ea96250fd209a2","Parking","On-site parking","1"
"0x311d618ccc90805d:0x5ef411e6df182329","Accessibility","Wheelchair-accessible toilet","1"
"0x311d618ccc90805d:0x5ef411e6df182329","Amenities","Toilet","1"
"0x311d618ccc90805d:0x5ef411e6df182329","Planning","Appointments recommended","1"
"0x311d618ccc90805d:0x5ef411e6df182329","Payments","Credit cards","1"
"0x311d618ccc90805d:0x5ef411e6df182329","Payments","Debit cards","1"
"0x311d618ccc90805d:0x5ef411e6df182329","Payments","NFC mobile payments","1"
"0x311d6359bfccb357:0xfd32bc50737aba22","Amenities","Toilet","1"
"0x311d6359bfccb357:0xfd32bc50737aba22","Planning","Appointments recommended","1"
"0x311d6359bfccb357:0xfd32bc50737aba22","Payments","Credit cards","1"
"0x311d6359bfccb357:0xfd32bc50737aba22","Payments","Debit cards","1"
"0x311d6359bfccb357:0xfd32bc50737aba22","Payments","NFC mobile payments","1"
"0x311d6359bfccb357:0xfd32bc50737aba22","Payments","Credit cards","1"
"0x30e29dfa3a4d042d:0xbdb34af42c60fa61","Accessibility","Wheelchair-accessible car park","1"
"0x30e29dfa3a4d042d:0xbdb34af42c60fa61","Accessibility","Wheelchair-accessible entrance","1"
"0x30e29dfa3a4d042d:0xbdb34af42c60fa61","Accessibility","Wheelchair-accessible toilet","1"
"0x30e29dfa3a4d042d:0xbdb34af42c60fa61","Service options","No-contact delivery","1"
"0x30e29dfa3a4d042d:0xbdb34af42c60fa61","Service options","Delivery","1"
"0x30e29dfa3a4d042d:0xbdb34af42c60fa61","Service options","On-site services","1"
"0x30e29dfa3a4d042d:0xbdb34af42c60fa61","Highlights","Great produce","1"
"0x30e29dfa3a4d042d:0xbdb34af42c60fa61","Offerings","Food","1"
"0x30e29dfa3a4d042d:0xbdb34af42c60fa61","Amenities","Toilet","1"
"0x30e29dfa3a4d042d:0xbdb34af42c60fa61","Planning","Quick visit","1"
"0x30e29dfa3a4d042d:0xbdb34af42c60fa61","Recycling","Glass bottles","1"
"0x30e29dfa3a4d042d:0xbdb34af42c60fa61","Recycling","Metal cans","1"
"0x30e29dfa3a4d042d:0xbdb34af42c60fa61","Recycling","Plastic bags","1"
"0x30e29dfa3a4d042d:0xbdb34af42c60fa61","Payments","Credit cards","1"
"0x30e29dfa3a4d042d:0xbdb34af42c60fa61","Payments","Debit cards","1"
"0x30e29dfa3a4d042d:0xbdb34af42c60fa61","Payments","NFC mobile payments","1"
"0x30e29dfa3a4d042d:0xbdb34af42c60fa61","Payments","Credit cards","1"
"0x30e2a2ccd73ee02b:0x82bb471aa4dd3185","Amenities","Toilet","1"
"0x30e2a2ccd73ee02b:0x82bb471aa4dd3185","Planning","Appointments recommended","1"
"0x30e2a2ccd73ee02b:0x82bb471aa4dd3185","Payments","Credit cards","1"
"0x30e2a2ccd73ee02b:0x82bb471aa4dd3185","Payments","Debit cards","1"
"0x30e2a2ccd73ee02b:0x82bb471aa4dd3185","Payments","NFC mobile payments","1"
"0x30e2a06b9e490c8d:0x2da66f9e5eef8119","Accessibility","Wheelchair-accessible car park","1"
"0x30e2a06b9e490c8d:0x2da66f9e5eef8119","Accessibility","Wheelchair-accessible toilet","1"
"0x30e2a06b9e490c8d:0x2da66f9e5eef8119","Amenities","Toilet","1"
"0x30e2a06b9e490c8d:0x2da66f9e5eef8119","Planning","Appointment required","1"
"0x30e2a06b9e490c8d:0x2da66f9e5eef8119","Planning","Appointments recommended","1"
"0x30e2a06b9e490c8d:0x2da66f9e5eef8119","Payments","Credit cards","1"
"0x30e2a06b9e490c8d:0x2da66f9e5eef8119","Payments","Debit cards","1"
"0x30e2a06b9e490c8d:0x2da66f9e5eef8119","Payments","NFC mobile payments","1"
"0x30e2a1329103e755:0xa76ec7e523ba32e","Service options","On-site services","1"
"0x30e2a1329103e755:0xa76ec7e523ba32e","Offerings","Cosmetic dentistry","1"
"0x30e2a1329103e755:0xa76ec7e523ba32e","Offerings","Pediatric care","1"
"0x30e2a1329103e755:0xa76ec7e523ba32e","Amenities","Gender-neutral toilets","1"
"0x30e2a1329103e755:0xa76ec7e523ba32e","Amenities","Toilet","1"
"0x30e2a1329103e755:0xa76ec7e523ba32e","Crowd","LGBTQ+ friendly","1"
"0x30e2a1329103e755:0xa76ec7e523ba32e","Crowd","Transgender safe space","1"
"0x30e2a1329103e755:0xa76ec7e523ba32e","Planning","Appointment required","1"
"0x30e2a1329103e755:0xa76ec7e523ba32e","Planning","Appointments recommended","1"
"0x30e2a1329103e755:0xa76ec7e523ba32e","Payments","Credit cards","1"
"0x30e2a1329103e755:0xa76ec7e523ba32e","Payments","Debit cards","1"
"0x30e2a1329103e755:0xa76ec7e523ba32e","Payments","NFC mobile payments","1"
"0x30e2a1329103e755:0xa76ec7e523ba32e","Payments","Credit cards","1"
"0x30e2a1329103e755:0xa76ec7e523ba32e","Parking","Paid parking lot","1"
"0x311d60474ed03e67:0x7eec29c4f519270b","Amenities","Toilet","1"
"0x311d61e0ba7d9dd5:0xfab5dd76d91f40b5","Amenities","Toilet","1"
"0x311d61c80387610b:0x4d5f7ea595cf57e4","Accessibility","Wheelchair-accessible car park","1"
"0x311d61c80387610b:0x4d5f7ea595cf57e4","Accessibility","Wheelchair-accessible entrance","1"
"0x311d61c80387610b:0x4d5f7ea595cf57e4","Amenities","Toilet","1"
"0x311d61c80387610b:0x4d5f7ea595cf57e4","Planning","Appointments recommended","1"
"0x311d61b2a4a90aa7:0x6400acc7b3ad29a","Amenities","Toilet","1"
"0x311d61b2a4a90aa7:0x6400acc7b3ad29a","Planning","Appointments recommended","1"
"0x311d61b2a4a90aa7:0x6400acc7b3ad29a","Payments","NFC mobile payments","1"
"0x30e298b467074931:0x5c6b87aad7eafd0a","Accessibility","Wheelchair-accessible entrance","1"
"0x30e298b467074931:0x5c6b87aad7eafd0a","Accessibility","Wheelchair-accessible seating","1"
"0x30e298b467074931:0x5c6b87aad7eafd0a","Amenities","Toilet","1"
"0x30e298b467074931:0x5c6b87aad7eafd0a","Planning","Appointment required","1"
"0x30e298b467074931:0x5c6b87aad7eafd0a","Planning","Appointments recommended","1"
"0x30e29f916ebcf359:0x4dbfc96a2ca5866a","Service options","On-site services","1"
"0x30e29f916ebcf359:0x4dbfc96a2ca5866a","Amenities","Toilet","1"
"0x30e29f916ebcf359:0x4dbfc96a2ca5866a","Planning","Appointments recommended","1"
"0x30e29f916ebcf359:0x4dbfc96a2ca5866a","Payments","Credit cards","1"
"0x30e29f916ebcf359:0x4dbfc96a2ca5866a","Payments","NFC mobile payments","1"
"0x30e29f916ebcf359:0x4dbfc96a2ca5866a","Parking","Free parking lot","1"
"0x30e29f916ebcf359:0x4dbfc96a2ca5866a","Parking","On-site parking","1"
"0x30e29f916ebcf359:0x4dbfc96a2ca5866a","Parking","Paid parking lot","1"
"0x30e29838828cd869:0xc47a4fba08ca8469","Accessibility","Wheelchair-accessible seating","1"
"0x30e29838828cd869:0xc47a4fba08ca8469","Accessibility","Wheelchair-accessible toilet","1"
"0x30e29838828cd869:0xc47a4fba08ca8469","Amenities","Toilet","1"
"0x30e29838828cd869:0xc47a4fba08ca8469","Planning","Appointment required","1"
"0x30e29838828cd869:0xc47a4fba08ca8469","Planning","Appointments recommended","1"
"0x30e29838828cd869:0xc47a4fba08ca8469","Payments","Credit cards","1"
"0x30e29838828cd869:0xc47a4fba08ca8469","Payments","Debit cards","1"
"0x30e29838828cd869:0xc47a4fba08ca8469","Payments","NFC mobile payments","1"
"0x30e29838828cd869:0xc47a4fba08ca8469","Parking","Free multi-storey car park","1"
"0x30e29838828cd869:0xc47a4fba08ca8469","Parking","On-site parking","1"
"0x30e29838828cd869:0xc47a4fba08ca8469","Parking","Paid multi-storey car park","1"
"0x30e29faacfbf2beb:0x79c82f5d89716ac7","Accessibility","Wheelchair-accessible car park","1"
"0x30e29faacfbf2beb:0x79c82f5d89716ac7","Amenities","Toilet","1"
"0x30e29faacfbf2beb:0x79c82f5d89716ac7","Planning","Appointments recommended","1"
"0x30e29faacfbf2beb:0x79c82f5d89716ac7","Payments","Debit cards","1"
"0x30e29faacfbf2beb:0x79c82f5d89716ac7","Payments","NFC mobile payments","1"
"0x30e29faacfbf2beb:0x79c82f5d89716ac7","Payments","Credit cards","1"
"0x30e29f097c1d74d9:0x145e1ea9e98c450a","Accessibility","Assistive hearing loop","1"
"0x30e29f097c1d74d9:0x145e1ea9e98c450a","Accessibility","Wheelchair-accessible car park","1"
"0x30e29f097c1d74d9:0x145e1ea9e98c450a","Accessibility","Wheelchair-accessible entrance","1"
"0x30e29f097c1d74d9:0x145e1ea9e98c450a","Accessibility","Wheelchair-accessible seating","1"
"0x30e29f097c1d74d9:0x145e1ea9e98c450a","Service options","On-site services","1"
"0x30e29f097c1d74d9:0x145e1ea9e98c450a","Amenities","Toilet","1"
"0x30e29f097c1d74d9:0x145e1ea9e98c450a","Planning","Appointment required","1"
"0x30e29f097c1d74d9:0x145e1ea9e98c450a","Planning","Appointments recommended","1"
"0x30e29f097c1d74d9:0x145e1ea9e98c450a","Parking","Free parking lot","1"
"0x30e29f097c1d74d9:0x145e1ea9e98c450a","Parking","On-site parking","1"
"0x30e29e705658b941:0x9400486e984e5b48","Accessibility","Wheelchair-accessible entrance","1"
"0x30e29e705658b941:0x9400486e984e5b48","Amenities","Toilet","1"
"0x30e29e705658b941:0x9400486e984e5b48","Planning","Appointment required","1"
"0x30e29e705658b941:0x9400486e984e5b48","Planning","Appointments recommended","1"
"0x30e29e705658b941:0x9400486e984e5b48","Payments","Debit cards","1"
"0x30e29e705658b941:0x9400486e984e5b48","Payments","NFC mobile payments","1"
"0x30e29e705658b941:0x9400486e984e5b48","Payments","Credit cards","1"
"0x30e29f2c010aa10f:0x62027b6d83836ce2","Accessibility","Wheelchair-accessible car park","1"
"0x30e29f2c010aa10f:0x62027b6d83836ce2","Accessibility","Wheelchair-accessible entrance","1"
"0x30e29f2c010aa10f:0x62027b6d83836ce2","Accessibility","Wheelchair-accessible toilet","1"
"0x30e29f2c010aa10f:0x62027b6d83836ce2","Service options","Delivery","1"
"0x30e29f2c010aa10f:0x62027b6d83836ce2","Service options","On-site services","1"
"0x30e29f2c010aa10f:0x62027b6d83836ce2","Offerings","Men's clothing","1"
"0x30e29f2c010aa10f:0x62027b6d83836ce2","Amenities","Toilet","1"
"0x30e29f2c010aa10f:0x62027b6d83836ce2","Planning","Quick visit","1"
"0x30e29f2c010aa10f:0x62027b6d83836ce2","Recycling","Glass bottles","1"
"0x30e29f2c010aa10f:0x62027b6d83836ce2","Recycling","Metal cans","1"
"0x30e29f2c010aa10f:0x62027b6d83836ce2","Recycling","Plastic bags","1"
"0x30e29f2c010aa10f:0x62027b6d83836ce2","Recycling","Plastic bottles","1"
"0x30e29f2c010aa10f:0x62027b6d83836ce2","Payments","Credit cards","1"
"0x30e29f2c010aa10f:0x62027b6d83836ce2","Payments","Debit cards","1"
"0x30e29f2c010aa10f:0x62027b6d83836ce2","Payments","NFC mobile payments","1"
"0x30e29f2c010aa10f:0x62027b6d83836ce2","Parking","Free of charge street parking","1"
"0x30e29f2c010aa10f:0x62027b6d83836ce2","Parking","On-site parking","1"
"0x30e29f2c010aa10f:0x62027b6d83836ce2","Parking","Paid parking lot","1"
"0x30e29da4cf50c3ab:0xdb3308627d4cf978","Amenities","Toilet","1"
"0x30e29da4cf50c3ab:0xdb3308627d4cf978","Planning","Appointments recommended","1"
"0x30e2a3967e4cd7d7:0xa7f466d43d683ab1","Amenities","Toilet","1"
"0x30e2a3967e4cd7d7:0xa7f466d43d683ab1","Planning","Appointments recommended","1"
"0x30e29f0049550e89:0x5eb67b5592daee90","From the business","Identifies as women-owned","1"
"0x30e29f0049550e89:0x5eb67b5592daee90","Amenities","Toilet","1"
"0x30e29f0049550e89:0x5eb67b5592daee90","Planning","Appointment required","1"
"0x30e29f0049550e89:0x5eb67b5592daee90","Planning","Appointments recommended","1"
"0x30e29f0049550e89:0x5eb67b5592daee90","Payments","Credit cards","1"
"0x30e29f0049550e89:0x5eb67b5592daee90","Payments","NFC mobile payments","1"
"0x30e29f0049550e89:0x5eb67b5592daee90","Parking","On-site parking","1"
"0x30e29e0f015a7c93:0x6818d805ed5ac5fd","Amenities","Toilet","1"
"0x30e29e0f015a7c93:0x6818d805ed5ac5fd","Planning","Appointment required","1"
"0x30e29e0f015a7c93:0x6818d805ed5ac5fd","Planning","Appointments recommended","1"
"0x30e29e0f015a7c93:0x6818d805ed5ac5fd","Payments","Credit cards","1"
"0x30e29e0f015a7c93:0x6818d805ed5ac5fd","Payments","Debit cards","1"
"0x30e29e0f015a7c93:0x6818d805ed5ac5fd","Payments","NFC mobile payments","1"
"0x30e29e0f015a7c93:0x6818d805ed5ac5fd","Payments","Credit cards","1"
"0x311d61f7993a862b:0x11a976b525767797","Amenities","Toilet","1"
"0x311d61f7993a862b:0x11a976b525767797","Planning","Appointments recommended","1"
"0x311d61f7993a862b:0x11a976b525767797","Payments","Credit cards","1"
"0x311d61f7993a862b:0x11a976b525767797","Payments","Debit cards","1"
"0x311d61f7993a862b:0x11a976b525767797","Payments","NFC mobile payments","1"
"0x311d61f7993a862b:0x11a976b525767797","Payments","Credit cards","1"
"0x30e29a53c1ec9f5b:0x998ef4bb5cf1c3df","Accessibility","Wheelchair-accessible car park","1"
"0x30e29a53c1ec9f5b:0x998ef4bb5cf1c3df","Accessibility","Wheelchair-accessible entrance","1"
"0x30e29a53c1ec9f5b:0x998ef4bb5cf1c3df","Accessibility","Wheelchair-accessible toilet","1"
"0x30e29a53c1ec9f5b:0x998ef4bb5cf1c3df","Amenities","Toilet","1"
"0x30e29a53c1ec9f5b:0x998ef4bb5cf1c3df","Planning","Appointments recommended","1"
"0x30e29a53c1ec9f5b:0x998ef4bb5cf1c3df","Payments","Debit cards","1"
"0x30e29a53c1ec9f5b:0x998ef4bb5cf1c3df","Payments","Credit cards","1"
"0x30e299869afbd86f:0x28355139c5abacba","Accessibility","Wheelchair-accessible entrance","1"
"0x30e299869afbd86f:0x28355139c5abacba","Amenities","Toilet","1"
"0x30e299869afbd86f:0x28355139c5abacba","Planning","Appointments recommended","1"
"0x30e299869afbd86f:0x28355139c5abacba","Payments","Debit cards","1"
"0x30e299869afbd86f:0x28355139c5abacba","Payments","NFC mobile payments","1"
"0x30e299869afbd86f:0x28355139c5abacba","Payments","Credit cards","1"
"0x30e29d09ef16d469:0x1be4fb6a6fea7c41","Offerings","Pediatric care","1"
"0x30e29d09ef16d469:0x1be4fb6a6fea7c41","Amenities","Toilet","1"
"0x30e29d09ef16d469:0x1be4fb6a6fea7c41","Planning","Appointments recommended","1"
"0x30e29d09ef16d469:0x1be4fb6a6fea7c41","Payments","Credit cards","1"
"0x30e29d09ef16d469:0x1be4fb6a6fea7c41","Payments","Debit cards","1"
"0x30e29d09ef16d469:0x1be4fb6a6fea7c41","Payments","NFC mobile payments","1"
"0x30e29b649e373405:0x50055108ad28ff11","Accessibility","Wheelchair-accessible car park","1"
"0x30e29b649e373405:0x50055108ad28ff11","Accessibility","Wheelchair-accessible entrance","1"
"0x30e29b649e373405:0x50055108ad28ff11","Amenities","Toilet","1"
"0x30e29b649e373405:0x50055108ad28ff11","Planning","Appointments recommended","1"
"0x30e29b649e373405:0x50055108ad28ff11","Payments","NFC mobile payments","1"
"0x30e29dc036180423:0xd9d084d2022efae6","Amenities","Toilet","1"
"0x30e29dc036180423:0xd9d084d2022efae6","Planning","Appointments recommended","1"
"0x30e29de85c6c59a5:0xf9f5eab9b80a97c2","Amenities","Toilet","1"
"0x30e29de85c6c59a5:0xf9f5eab9b80a97c2","Planning","Appointments recommended","1"
"0x30e29de85c6c59a5:0xf9f5eab9b80a97c2","Payments","Credit cards","1"
"0x30e29de85c6c59a5:0xf9f5eab9b80a97c2","Payments","Debit cards","1"
"0x30e29de85c6c59a5:0xf9f5eab9b80a97c2","Payments","NFC mobile payments","1"
"0x30e29de85c6c59a5:0xf9f5eab9b80a97c2","Payments","Credit cards","1"
"0x30e29de85c6c59a5:0xf9f5eab9b80a97c2","Parking","On-site parking","1"
"0x30e29c9301057693:0x17788e4cbf0d8b0c","Amenities","Toilet","1"
"0x30e29166864cc8ad:0x509632079997caa","Accessibility","Wheelchair-accessible car park","1"
"0x30e29166864cc8ad:0x509632079997caa","Accessibility","Wheelchair-accessible entrance","1"
"0x30e29166864cc8ad:0x509632079997caa","Accessibility","Wheelchair-accessible seating","1"
"0x30e29166864cc8ad:0x509632079997caa","Accessibility","Wheelchair-accessible toilet","1"
"0x30e29166864cc8ad:0x509632079997caa","From the business","Identifies as women-owned","1"
"0x30e29166864cc8ad:0x509632079997caa","Amenities","Gender-neutral toilets","1"
"0x30e29166864cc8ad:0x509632079997caa","Amenities","Toilet","1"
"0x30e29166864cc8ad:0x509632079997caa","Crowd","LGBTQ+ friendly","1"
"0x30e29166864cc8ad:0x509632079997caa","Crowd","Transgender safe space","1"
"0x30e29166864cc8ad:0x509632079997caa","Planning","Appointments recommended","1"
"0x30e29166864cc8ad:0x509632079997caa","Payments","NFC mobile payments","1"
"0x30e29166864cc8ad:0x509632079997caa","Children","Nursing room","1"
"0x30e298382ff2b5a1:0x3439d62990d40175","Amenities","Toilet","1"
"0x30e298382ff2b5a1:0x3439d62990d40175","Crowd","LGBTQ+ friendly","1"
"0x30e298382ff2b5a1:0x3439d62990d40175","Crowd","Transgender safe space","1"
"0x30e298382ff2b5a1:0x3439d62990d40175","Planning","Appointment required","1"
"0x30e298382ff2b5a1:0x3439d62990d40175","Planning","Appointments recommended","1"
"0x30e2999b9824f751:0xc2bd2e38b2fdc576","Service options","On-site services","1"
"0x30e2999b9824f751:0xc2bd2e38b2fdc576","Amenities","Toilet","1"
"0x30e2999b9824f751:0xc2bd2e38b2fdc576","Planning","Appointment required","1"
"0x30e2999b9824f751:0xc2bd2e38b2fdc576","Parking","Free parking lot","1"
"0x30e2999b9824f751:0xc2bd2e38b2fdc576","Parking","On-site parking","1"
"0x30e2a3db916e8551:0xc67d49b31cc9bddc","Amenities","Toilet","1"
"0x30e2a3db916e8551:0xc67d49b31cc9bddc","Planning","Appointments recommended","1"
"0x30e2a3db916e8551:0xc67d49b31cc9bddc","Payments","Credit cards","1"
"0x30e2a3db916e8551:0xc67d49b31cc9bddc","Payments","NFC mobile payments","1"
"0x30e2a3b81b8db56b:0xcffc8b7268aa6ced","Amenities","Toilet","1"
"0x30e2a3b81b8db56b:0xcffc8b7268aa6ced","Planning","Appointments recommended","1"
"0x30e2a3b81b8db56b:0xcffc8b7268aa6ced","Payments","Credit cards","1"
"0x30e2a3b81b8db56b:0xcffc8b7268aa6ced","Payments","NFC mobile payments","1"
"0x30e2a26e7c2e65c1:0xbcf8eb7f88b2ad91","Accessibility","Wheelchair-accessible car park","1"
"0x30e2a26e7c2e65c1:0xbcf8eb7f88b2ad91","Accessibility","Wheelchair-accessible entrance","1"
"0x30e2a26e7c2e65c1:0xbcf8eb7f88b2ad91","Payments","Credit cards","1"
"0x30e2a26e7c2e65c1:0xbcf8eb7f88b2ad91","Payments","Debit cards","1"
"0x30e2a26e7c2e65c1:0xbcf8eb7f88b2ad91","Payments","NFC mobile payments","1"
"0x30e2a26e7c2e65c1:0xbcf8eb7f88b2ad91","Parking","On-site parking","1"
"0x30e2a26e74b6924f:0xc72b10c4d76375a6","Accessibility","Wheelchair-accessible car park","1"
"0x30e2a26e74b6924f:0xc72b10c4d76375a6","Accessibility","Wheelchair-accessible entrance","1"
"0x30e2a26e74b6924f:0xc72b10c4d76375a6","Accessibility","Wheelchair-accessible toilet","1"
"0x30e2a26e74b6924f:0xc72b10c4d76375a6","Service options","No-contact delivery","1"
"0x30e2a26e74b6924f:0xc72b10c4d76375a6","Service options","Delivery","1"
"0x30e2a26e74b6924f:0xc72b10c4d76375a6","Service options","On-site services","1"
"0x30e2a26e74b6924f:0xc72b10c4d76375a6","Highlights","Great produce","1"
"0x30e2a26e74b6924f:0xc72b10c4d76375a6","Offerings","Food","1"
"0x30e2a26e74b6924f:0xc72b10c4d76375a6","Amenities","Toilet","1"
"0x30e2a26e74b6924f:0xc72b10c4d76375a6","Amenities","Wi-Fi","1"
"0x30e2a26e74b6924f:0xc72b10c4d76375a6","Planning","Quick visit","1"
"0x30e2a26e74b6924f:0xc72b10c4d76375a6","Recycling","Glass bottles","1"
"0x30e2a26e74b6924f:0xc72b10c4d76375a6","Recycling","Metal cans","1"
"0x30e2a26e74b6924f:0xc72b10c4d76375a6","Recycling","Plastic bags","1"
"0x30e2a26e74b6924f:0xc72b10c4d76375a6","Payments","Credit cards","1"
"0x30e2a26e74b6924f:0xc72b10c4d76375a6","Payments","Debit cards","1"
"0x30e2a26e74b6924f:0xc72b10c4d76375a6","Payments","NFC mobile payments","1"
"0x30e29e7f222a175f:0x82dc3d1151077c02","Accessibility","Wheelchair-accessible car park","1"
"0x30e29e7f222a175f:0x82dc3d1151077c02","Accessibility","Wheelchair-accessible entrance","1"
"0x30e2a1002ba49655:0x561792cdbe406991","From the business","Identifies as women-owned","1"
"0x30e2a1002ba49655:0x561792cdbe406991","Amenities","Toilet","1"
"0x30e2a1002ba49655:0x561792cdbe406991","Planning","Appointment required","1"
"0x30e2a1002ba49655:0x561792cdbe406991","Planning","Appointments recommended","1"
"0x30e2a1002ba49655:0x561792cdbe406991","Payments","Debit cards","1"
"0x30e2a1002ba49655:0x561792cdbe406991","Payments","NFC mobile payments","1"
"0x30e2a1002ba49655:0x561792cdbe406991","Payments","Credit cards","1"
"0x30e2989b852d026d:0xad2a06c7a703ecfe","Amenities","Toilet","1"
"0x30e2989b852d026d:0xad2a06c7a703ecfe","Planning","Appointments recommended","1"
"0x30e298a72ac6039f:0xb14146f7875a08b0","Amenities","Toilet","1"
"0x30e298a72ac6039f:0xb14146f7875a08b0","Planning","Appointments recommended","1"
"0x30e29f9c9351cbaf:0xed02c356c7453d14","Amenities","Toilet","1"
"0x30e29f9c9351cbaf:0xed02c356c7453d14","Planning","Appointments recommended","1"
"0x30e29f9c9351cbaf:0xed02c356c7453d14","Payments","Credit cards","1"
"0x30e29f9c9351cbaf:0xed02c356c7453d14","Payments","Debit cards","1"
"0x30e29f9c9351cbaf:0xed02c356c7453d14","Payments","NFC mobile payments","1"
"0x30e29e553294ea33:0xf7ebe332f7b3d967","Accessibility","Wheelchair-accessible car park","1"
"0x30e29e553294ea33:0xf7ebe332f7b3d967","Accessibility","Wheelchair-accessible entrance","1"
"0x30e29e553294ea33:0xf7ebe332f7b3d967","Accessibility","Wheelchair-accessible toilet","1"
"0x30e29e553294ea33:0xf7ebe332f7b3d967","Service options","On-site services","1"
"0x30e29e553294ea33:0xf7ebe332f7b3d967","Amenities","Toilet","1"
"0x30e29e553294ea33:0xf7ebe332f7b3d967","Planning","Appointment required","1"
"0x30e29e553294ea33:0xf7ebe332f7b3d967","Planning","Appointments recommended","1"
"0x30e29e553294ea33:0xf7ebe332f7b3d967","Payments","Credit cards","1"
"0x30e29e553294ea33:0xf7ebe332f7b3d967","Payments","Debit cards","1"
"0x30e29e553294ea33:0xf7ebe332f7b3d967","Payments","NFC mobile payments","1"
"0x30e29b8c4ec964ed:0xfaa91fc8132dc294","Amenities","Toilet","1"
"0x30e29b8c4ec964ed:0xfaa91fc8132dc294","Planning","Appointments recommended","1"
"0x30e2a13cc872be0d:0xfff66932c75bfcc1","Amenities","Toilet","1"
"0x30e2a13cc872be0d:0xfff66932c75bfcc1","Crowd","LGBTQ+ friendly","1"
"0x30e2a13cc872be0d:0xfff66932c75bfcc1","Crowd","Transgender safe space","1"
"0x30e2a13cc872be0d:0xfff66932c75bfcc1","Planning","Appointment required","1"
"0x30e2a13cc872be0d:0xfff66932c75bfcc1","Planning","Appointments recommended","1"
"0x30e2a13cc872be0d:0xfff66932c75bfcc1","Payments","NFC mobile payments","1"
"0x30e2a004a49c470d:0x32b78f08a8360ae6","Accessibility","Wheelchair-accessible car park","1"
"0x30e2a004a49c470d:0x32b78f08a8360ae6","Accessibility","Wheelchair-accessible entrance","1"
"0x30e2a004a49c470d:0x32b78f08a8360ae6","Amenities","Toilet","1"
"0x30e2a004a49c470d:0x32b78f08a8360ae6","Payments","Debit cards","1"
"0x30e2a004a49c470d:0x32b78f08a8360ae6","Payments","Credit cards","1"
"0x30e2a1b8bd6e6f29:0x718173a2753a75a1","Accessibility","Wheelchair-accessible toilet","1"
"0x30e2a1b8bd6e6f29:0x718173a2753a75a1","Accessibility","Wheelchair-accessible car park","1"
"0x30e2a1b8bd6e6f29:0x718173a2753a75a1","Accessibility","Wheelchair-accessible entrance","1"
"0x30e2a1b8bd6e6f29:0x718173a2753a75a1","Amenities","Toilet","1"
"0x30e2a1b8bd6e6f29:0x718173a2753a75a1","Planning","Appointments recommended","1"
"0x30e2a1b8bd6e6f29:0x718173a2753a75a1","Payments","Credit cards","1"
"0x30e29fa67009320f:0x5b48063300c23f4","Accessibility","Assistive hearing loop","1"
"0x30e29fa67009320f:0x5b48063300c23f4","Accessibility","Wheelchair-accessible seating","1"
"0x30e29fa67009320f:0x5b48063300c23f4","Accessibility","Wheelchair-accessible toilet","1"
"0x30e29fa67009320f:0x5b48063300c23f4","From the business","Identifies as women-owned","1"
"0x30e29fa67009320f:0x5b48063300c23f4","Service options","On-site services","1"
"0x30e29fa67009320f:0x5b48063300c23f4","Amenities","Gender-neutral toilets","1"
"0x30e29fa67009320f:0x5b48063300c23f4","Amenities","Toilet","1"
"0x30e29fa67009320f:0x5b48063300c23f4","Amenities","Free Wi-Fi","1"
"0x30e29fa67009320f:0x5b48063300c23f4","Crowd","LGBTQ+ friendly","1"
"0x30e29fa67009320f:0x5b48063300c23f4","Planning","Appointment required","1"
"0x30e29fa67009320f:0x5b48063300c23f4","Planning","Appointments recommended","1"
"0x30e29fa67009320f:0x5b48063300c23f4","Payments","Credit cards","1"
"0x30e29fa67009320f:0x5b48063300c23f4","Payments","Credit cards","1"
"0x30e299b358a6c949:0x6b1dade5be2f6cbb","Amenities","Toilet","1"
"0x30e299b358a6c949:0x6b1dade5be2f6cbb","Planning","Appointments recommended","1"
"0x30e29fa952bc97a9:0x141ae6860fbf6f9a","Accessibility","Wheelchair-accessible car park","1"
"0x30e29fa952bc97a9:0x141ae6860fbf6f9a","Accessibility","Wheelchair-accessible entrance","1"
"0x30e29fa952bc97a9:0x141ae6860fbf6f9a","Accessibility","Wheelchair-accessible toilet","1"
"0x30e29fa952bc97a9:0x141ae6860fbf6f9a","Service options","On-site services","1"
"0x30e29fa952bc97a9:0x141ae6860fbf6f9a","Offerings","Pediatric care","1"
"0x30e29fa952bc97a9:0x141ae6860fbf6f9a","Amenities","Toilet","1"
"0x30e29fa952bc97a9:0x141ae6860fbf6f9a","Crowd","LGBTQ+ friendly","1"
"0x30e29fa952bc97a9:0x141ae6860fbf6f9a","Crowd","Transgender safe space","1"
"0x30e29fa952bc97a9:0x141ae6860fbf6f9a","Planning","Appointment required","1"
"0x30e29fa952bc97a9:0x141ae6860fbf6f9a","Planning","Appointments recommended","1"
"0x30e29fa952bc97a9:0x141ae6860fbf6f9a","Payments","Credit cards","1"
"0x30e29fa952bc97a9:0x141ae6860fbf6f9a","Payments","Debit cards","1"
"0x30e29fa952bc97a9:0x141ae6860fbf6f9a","Payments","NFC mobile payments","1"
"0x30e29fa952bc97a9:0x141ae6860fbf6f9a","Payments","Credit cards","1"
"0x30e29fa952bc97a9:0x141ae6860fbf6f9a","Parking","Free parking lot","1"
"0x30e29fa952bc97a9:0x141ae6860fbf6f9a","Parking","On-site parking","1"
"0x311d6347e5679051:0x5d429be1f7ff54e6","From the business","Identifies as women-owned","1"
"0x311d6347e5679051:0x5d429be1f7ff54e6","Offerings","Pediatric care","1"
"0x311d6347e5679051:0x5d429be1f7ff54e6","Amenities","Toilet","1"
"0x311d6347e5679051:0x5d429be1f7ff54e6","Crowd","LGBTQ+ friendly","1"
"0x311d6347e5679051:0x5d429be1f7ff54e6","Crowd","Transgender safe space","1"
"0x311d6347e5679051:0x5d429be1f7ff54e6","Planning","Appointments recommended","1"
"0x311d6347e5679051:0x5d429be1f7ff54e6","Payments","NFC mobile payments","1"
"0x30e29901baabae6f:0x9a7704e3c108397f","Amenities","Toilet","1"
"0x30e29901baabae6f:0x9a7704e3c108397f","Planning","Appointments recommended","1"
"0x30e2988b239f4a7d:0x1bd4be257ec8a37a","Amenities","Toilet","1"
"0x30e2988b239f4a7d:0x1bd4be257ec8a37a","Planning","Appointments recommended","1"
"0x30e29d71dedb1607:0xde54f438b62cfbef","Amenities","Toilet","1"
"0x30e29d00594bc6bf:0x9aeb0219341a68a9","Service options","On-site services","1"
"0x30e29d00594bc6bf:0x9aeb0219341a68a9","Offerings","Cosmetic dentistry","1"
"0x30e29d00594bc6bf:0x9aeb0219341a68a9","Offerings","Emergency services","1"
"0x30e29d00594bc6bf:0x9aeb0219341a68a9","Amenities","Gender-neutral toilets","1"
"0x30e29d00594bc6bf:0x9aeb0219341a68a9","Amenities","Toilet","1"
"0x30e29d00594bc6bf:0x9aeb0219341a68a9","Crowd","LGBTQ+ friendly","1"
"0x30e29d00594bc6bf:0x9aeb0219341a68a9","Crowd","Transgender safe space","1"
"0x30e29d00594bc6bf:0x9aeb0219341a68a9","Planning","Appointments recommended","1"
"0x30e29d00594bc6bf:0x9aeb0219341a68a9","Payments","Credit cards","1"
"0x30e29d00594bc6bf:0x9aeb0219341a68a9","Payments","Debit cards","1"
"0x30e29d00594bc6bf:0x9aeb0219341a68a9","Payments","Credit cards","1"
"0x30e29d00594bc6bf:0x9aeb0219341a68a9","Parking","Free of charge street parking","1"
"0x30e29d00594bc6bf:0x9aeb0219341a68a9","Parking","Free parking lot","1"
"0x30e29d00594bc6bf:0x9aeb0219341a68a9","Parking","On-site parking","1"
"0x30e29d7ebebcf275:0x67b77ff4ea9dc1d4","Amenities","Toilet","1"
"0x30e29d7ebebcf275:0x67b77ff4ea9dc1d4","Planning","Appointments recommended","1"
"0x30e29d7ebebcf275:0x67b77ff4ea9dc1d4","Payments","Credit cards","1"
"0x30e29d7ebebcf275:0x67b77ff4ea9dc1d4","Payments","Debit cards","1"
"0x30e29d7ebebcf275:0x67b77ff4ea9dc1d4","Payments","NFC mobile payments","1"
"0x30e2a31c155deca5:0x67a347af244db557","Amenities","Toilet","1"
"0x30e2a31c155deca5:0x67a347af244db557","Crowd","LGBTQ+ friendly","1"
"0x30e2a31c155deca5:0x67a347af244db557","Crowd","Transgender safe space","1"
"0x30e2a31c155deca5:0x67a347af244db557","Planning","Appointment required","1"
"0x30e2a31c155deca5:0x67a347af244db557","Children","Nursing room","1"
"0x30e2a31c155deca5:0x67a347af244db557","Parking","Free parking lot","1"
"0x30e2a246bd459633:0xbc3b963b23e141f0","Amenities","Gender-neutral toilets","1"
"0x30e2a246bd459633:0xbc3b963b23e141f0","Amenities","Toilet","1"
"0x30e2a246bd459633:0xbc3b963b23e141f0","Planning","Appointments recommended","1"
"0x30e2a246bd459633:0xbc3b963b23e141f0","Payments","Credit cards","1"
"0x30e2a246bd459633:0xbc3b963b23e141f0","Payments","Debit cards","1"
"0x30e2a246bd459633:0xbc3b963b23e141f0","Payments","NFC mobile payments","1"
"0x30e2a246bd459633:0xbc3b963b23e141f0","Payments","Credit cards","1"
"0x30e2a246bd459633:0xbc3b963b23e141f0","Parking","Free multi-storey car park","1"
"0x30e2a246bd459633:0xbc3b963b23e141f0","Parking","Free parking lot","1"
"0x30e299919314a8f5:0xf163adaa7b54cb1e","Amenities","Toilet","1"
"0x30e299919314a8f5:0xf163adaa7b54cb1e","Planning","Appointments recommended","1"
"0x30e29fdce17896fd:0xfef06c7aaa07e010","Amenities","Toilet","1"
"0x30e29fdce17896fd:0xfef06c7aaa07e010","Planning","Appointments recommended","1"
"0x30e29fdce17896fd:0xfef06c7aaa07e010","Payments","Debit cards","1"
"0x30e29fdce17896fd:0xfef06c7aaa07e010","Payments","Credit cards","1"
"0x30e2a00285823a23:0x39b7b937cabd5021","Accessibility","Wheelchair-accessible toilet","1"
"0x30e2a00285823a23:0x39b7b937cabd5021","Amenities","Toilet","1"
"0x30e2a00285823a23:0x39b7b937cabd5021","Payments","Credit cards","1"
"0x30e2a00285823a23:0x39b7b937cabd5021","Payments","Debit cards","1"
"0x30e2a00285823a23:0x39b7b937cabd5021","Payments","NFC mobile payments","1"
"0x30e2a24e1558d541:0x7869a7981c045f0f","Amenities","Toilet","1"
"0x30e2a24e1558d541:0x7869a7981c045f0f","Planning","Appointments recommended","1"
"0x30e2a24e1558d541:0x7869a7981c045f0f","Payments","Credit cards","1"
"0x30e2a24e1558d541:0x7869a7981c045f0f","Payments","Debit cards","1"
"0x30e2a24e1558d541:0x7869a7981c045f0f","Payments","NFC mobile payments","1"
"0x30e2979947f01313:0x31226823fad3079","Accessibility","Assistive hearing loop","1"
"0x30e2979947f01313:0x31226823fad3079","Accessibility","Wheelchair-accessible entrance","1"
"0x30e2979947f01313:0x31226823fad3079","Accessibility","Wheelchair-accessible seating","1"
"0x30e2979947f01313:0x31226823fad3079","Service options","On-site services","1"
"0x30e2979947f01313:0x31226823fad3079","Offerings","Cosmetic dentistry","1"
"0x30e2979947f01313:0x31226823fad3079","Offerings","Pediatric care","1"
"0x30e2979947f01313:0x31226823fad3079","Offerings","Sedation dentistry","1"
"0x30e2979947f01313:0x31226823fad3079","Amenities","Toilet","1"
"0x30e2979947f01313:0x31226823fad3079","Planning","Appointment required","1"
"0x30e2979947f01313:0x31226823fad3079","Planning","Appointments recommended","1"
"0x30e2979947f01313:0x31226823fad3079","Payments","Credit cards","1"
"0x30e2979947f01313:0x31226823fad3079","Payments","Debit cards","1"
"0x30e2979947f01313:0x31226823fad3079","Payments","Credit cards","1"
"0x30e2979947f01313:0x31226823fad3079","Parking","Free parking lot","1"
"0x30e2979947f01313:0x31226823fad3079","Parking","On-site parking","1"
"0x30e2979947f01313:0x31226823fad3079","Parking","Paid parking lot","1"
"0x311d5f89ae397c5f:0xcea0f9a6fbd82539","Amenities","Toilet","1"
"0x311d5f89ae397c5f:0xcea0f9a6fbd82539","Planning","Appointments recommended","1"
"0x30e29dff67646c71:0xd06aa21e9cb4c70","Accessibility","Wheelchair-accessible car park","1"
"0x30e29dff67646c71:0xd06aa21e9cb4c70","Accessibility","Wheelchair-accessible entrance","1"
"0x30e29dff67646c71:0xd06aa21e9cb4c70","Accessibility","Wheelchair-accessible toilet","1"
"0x30e29dff67646c71:0xd06aa21e9cb4c70","Offerings","Pediatric care","1"
"0x30e29dff67646c71:0xd06aa21e9cb4c70","Amenities","Toilet","1"
"0x30e29dff67646c71:0xd06aa21e9cb4c70","Planning","Appointments recommended","1"
"0x30e29dff67646c71:0xd06aa21e9cb4c70","Payments","Credit cards","1"
"0x30e29dff67646c71:0xd06aa21e9cb4c70","Payments","Debit cards","1"
"0x30e29dff67646c71:0xd06aa21e9cb4c70","Payments","NFC mobile payments","1"
"0x30e29dff67646c71:0xd06aa21e9cb4c70","Payments","Credit cards","1"
"0x311d63fd5d204f5f:0x6e20ab55fb8e5c09","From the business","Identifies as women-owned","1"
"0x311d63fd5d204f5f:0x6e20ab55fb8e5c09","Service options","On-site services","1"
"0x311d63fd5d204f5f:0x6e20ab55fb8e5c09","Amenities","Gender-neutral toilets","1"
"0x311d63fd5d204f5f:0x6e20ab55fb8e5c09","Amenities","Toilet","1"
"0x311d63fd5d204f5f:0x6e20ab55fb8e5c09","Crowd","LGBTQ+ friendly","1"
"0x311d63fd5d204f5f:0x6e20ab55fb8e5c09","Crowd","Transgender safe space","1"
"0x311d63fd5d204f5f:0x6e20ab55fb8e5c09","Planning","Appointments recommended","1"
"0x30e29df94e6b37fd:0x217e505ef484cf4d","Accessibility","Wheelchair-accessible toilet","1"
"0x30e29df94e6b37fd:0x217e505ef484cf4d","Amenities","Toilet","1"
"0x30e29df94e6b37fd:0x217e505ef484cf4d","Planning","Appointments recommended","1"
"0x30e29df94e6b37fd:0x217e505ef484cf4d","Payments","Credit cards","1"
"0x30e29df94e6b37fd:0x217e505ef484cf4d","Payments","NFC mobile payments","1"
"0x30e29d92cf3bc879:0x556120268b974373","Amenities","Toilet","1"
"0x30e29d92cf3bc879:0x556120268b974373","Planning","Appointments recommended","1"
"0x30e29d92cf3bc879:0x556120268b974373","Payments","Credit cards","1"
"0x30e29d92cf3bc879:0x556120268b974373","Payments","NFC mobile payments","1"
"0x30e2a1a5bbb68d87:0xf7d92e5a31085743","Accessibility","Wheelchair-accessible car park","1"
"0x30e2a1a5bbb68d87:0xf7d92e5a31085743","Accessibility","Wheelchair-accessible entrance","1"
"0x30e2a1a5bbb68d87:0xf7d92e5a31085743","Amenities","Toilet","1"
"0x30e2a1a5bbb68d87:0xf7d92e5a31085743","Planning","Appointment required","1"
"0x30e2a1a5bbb68d87:0xf7d92e5a31085743","Planning","Appointments recommended","1"
"0x30e2a1a5bbb68d87:0xf7d92e5a31085743","Payments","Debit cards","1"
"0x30e2a1a5bbb68d87:0xf7d92e5a31085743","Payments","NFC mobile payments","1"
"0x30e29ff86fb87b8d:0x132ab07059249b0","Accessibility","Wheelchair-accessible car park","1"
"0x30e29ff86fb87b8d:0x132ab07059249b0","Accessibility","Wheelchair-accessible entrance","1"
"0x30e29ff86fb87b8d:0x132ab07059249b0","Accessibility","Wheelchair-accessible toilet","1"
"0x30e29ff86fb87b8d:0x132ab07059249b0","Amenities","Toilet","1"
"0x30e29ff86fb87b8d:0x132ab07059249b0","Planning","Appointments recommended","1"
"0x30e29ff86fb87b8d:0x132ab07059249b0","Payments","Credit cards","1"
"0x30e29ff86fb87b8d:0x132ab07059249b0","Payments","Debit cards","1"
"0x30e29ff86fb87b8d:0x132ab07059249b0","Payments","NFC mobile payments","1"
"0x30e2977f4a1637ff:0xb272e6d646c9423","From the business","Identifies as women-owned","1"
"0x30e2977f4a1637ff:0xb272e6d646c9423","Amenities","Gender-neutral toilets","1"
"0x30e2977f4a1637ff:0xb272e6d646c9423","Amenities","Toilet","1"
"0x30e2977f4a1637ff:0xb272e6d646c9423","Crowd","LGBTQ+ friendly","1"
"0x30e2977f4a1637ff:0xb272e6d646c9423","Crowd","Transgender safe space","1"
"0x30e2977f4a1637ff:0xb272e6d646c9423","Planning","Appointments recommended","1"
"0x30e2977f4a1637ff:0xb272e6d646c9423","Payments","Debit cards","1"
"0x30e2977f4a1637ff:0xb272e6d646c9423","Payments","NFC mobile payments","1"
"0x30e2977f4a1637ff:0xb272e6d646c9423","Payments","Credit cards","1"
"0x311d603c39c88ad1:0x861505f2321cdeeb","Accessibility","Wheelchair-accessible toilet","1"
"0x311d603c39c88ad1:0x861505f2321cdeeb","Offerings","Pediatric care","1"
"0x311d603c39c88ad1:0x861505f2321cdeeb","Amenities","Toilet","1"
"0x311d603c39c88ad1:0x861505f2321cdeeb","Planning","Appointments recommended","1"
"0x311d603c39c88ad1:0x861505f2321cdeeb","Payments","Credit cards","1"
"0x311d603c39c88ad1:0x861505f2321cdeeb","Payments","Debit cards","1"
"0x311d603c39c88ad1:0x861505f2321cdeeb","Payments","NFC mobile payments","1"
"0x311d603c39c88ad1:0x861505f2321cdeeb","Payments","Credit cards","1"
"0x30e29dabcfb41caf:0xf5601cfc4ffcc518","Amenities","Toilet","1"
"0x30e29dabcfb41caf:0xf5601cfc4ffcc518","Planning","Appointments recommended","1"
"0x30e29dabcfb41caf:0xf5601cfc4ffcc518","Payments","Credit cards","1"
"0x30e29dabcfb41caf:0xf5601cfc4ffcc518","Payments","Debit cards","1"
"0x311d61c9fc0429e3:0x20cf5ed3e3fc0679","Amenities","Toilet","1"
"0x311d61c9fc0429e3:0x20cf5ed3e3fc0679","Planning","Appointments recommended","1"
"0x311d61c9fc0429e3:0x20cf5ed3e3fc0679","Payments","Debit cards","1"
"0x311d61c9fc0429e3:0x20cf5ed3e3fc0679","Payments","Credit cards","1"
"0x30e29d87effed37d:0xdc07c366f42c1026","Amenities","Restroom","1"
"0x30e29d87effed37d:0xdc07c366f42c1026","Planning","Appointments recommended","1"
"0x30e29d87effed37d:0xdc07c366f42c1026","Payments","Credit cards","1"
"0x30e29d87effed37d:0xdc07c366f42c1026","Payments","Debit cards","1"
"0x30e29d87effed37d:0xdc07c366f42c1026","Payments","NFC mobile payments","1"
"0x30e29d87effed37d:0xdc07c366f42c1026","Payments","Credit cards","1"
"0x30e29b7b38497f49:0x2040e1f643f81bd7","Amenities","Restroom","1"
"0x30e29b7b38497f49:0x2040e1f643f81bd7","Planning","Appointment required","1"
"0x30e29b7b38497f49:0x2040e1f643f81bd7","Planning","Appointments recommended","1"
"0x30e29b7b38497f49:0x2040e1f643f81bd7","Payments","Credit cards","1"
"0x30e29b7b38497f49:0x2040e1f643f81bd7","Payments","NFC mobile payments","1"
"0x30e29b7b38497f49:0x2040e1f643f81bd7","Parking","Paid parking garage","1"
"0x30e29b7b38497f49:0x2040e1f643f81bd7","Parking","Paid parking lot","1"
"0x30e29d281f171f37:0xf60090a108740fee","Accessibility","Wheelchair-accessible car park","1"
"0x30e29d281f171f37:0xf60090a108740fee","Accessibility","Wheelchair-accessible entrance","1"
"0x30e2976f33e5a389:0x533400fddd159f8e","Accessibility","Wheelchair-accessible car park","1"
"0x30e2976f33e5a389:0x533400fddd159f8e","Accessibility","Wheelchair-accessible entrance","1"
"0x30e2976f33e5a389:0x533400fddd159f8e","Accessibility","Wheelchair-accessible seating","1"
"0x30e2976f33e5a389:0x533400fddd159f8e","Accessibility","Wheelchair-accessible toilet","1"
"0x30e2976f33e5a389:0x533400fddd159f8e","Accessibility","Assistive hearing loop","1"
"0x30e2976f33e5a389:0x533400fddd159f8e","From the business","Identifies as women-owned","1"
"0x30e2976f33e5a389:0x533400fddd159f8e","Service options","On-site services","1"
"0x30e2976f33e5a389:0x533400fddd159f8e","Offerings","Cosmetic dentistry","1"
"0x30e2976f33e5a389:0x533400fddd159f8e","Offerings","Emergency services","1"
"0x30e2976f33e5a389:0x533400fddd159f8e","Offerings","Pediatric care","1"
"0x30e2976f33e5a389:0x533400fddd159f8e","Offerings","Sedation dentistry","1"
"0x30e2976f33e5a389:0x533400fddd159f8e","Amenities","Gender-neutral toilets","1"
"0x30e2976f33e5a389:0x533400fddd159f8e","Amenities","Toilet","1"
"0x30e2976f33e5a389:0x533400fddd159f8e","Crowd","LGBTQ+ friendly","1"
"0x30e2976f33e5a389:0x533400fddd159f8e","Planning","Appointment required","1"
"0x30e2976f33e5a389:0x533400fddd159f8e","Planning","Appointments recommended","1"
"0x30e2976f33e5a389:0x533400fddd159f8e","Payments","Credit cards","1"
"0x30e2976f33e5a389:0x533400fddd159f8e","Payments","Debit cards","1"
"0x30e2976f33e5a389:0x533400fddd159f8e","Payments","NFC mobile payments","1"
"0x30e2976f33e5a389:0x533400fddd159f8e","Payments","Credit cards","1"
"0x30e2976f33e5a389:0x533400fddd159f8e","Children","Nursing room","1"
"0x30e2976f33e5a389:0x533400fddd159f8e","Parking","Free multi-storey car park","1"
"0x30e2976f33e5a389:0x533400fddd159f8e","Parking","Free of charge street parking","1"
"0x30e2976f33e5a389:0x533400fddd159f8e","Parking","Free parking lot","1"
"0x30e2976f33e5a389:0x533400fddd159f8e","Parking","On-site parking","1"
"0x30e2a24420a8e031:0x722fcc6f1f5dcadf","Accessibility","Wheelchair-accessible car park","1"
"0x30e2a24420a8e031:0x722fcc6f1f5dcadf","Accessibility","Wheelchair-accessible entrance","1"
"0x30e2a24420a8e031:0x722fcc6f1f5dcadf","Amenities","Toilet","1"
"0x30e2a24420a8e031:0x722fcc6f1f5dcadf","Planning","Appointments recommended","1"
"0x30e2a216e7c71683:0x4615ba8e67d41c62","Amenities","Toilet","1"
"0x30e2a216e7c71683:0x4615ba8e67d41c62","Planning","Appointments recommended","1"
"0x30e29f7d7db3c555:0x661f7643e1875df6","Accessibility","Wheelchair-accessible car park","1"
"0x30e29f7d7db3c555:0x661f7643e1875df6","Accessibility","Wheelchair-accessible entrance","1"
"0x30e29f7d7db3c555:0x661f7643e1875df6","Amenities","Toilet","1"
"0x30e29f7d7db3c555:0x661f7643e1875df6","Planning","Appointments recommended","1"
"0x30e29f7d7db3c555:0x661f7643e1875df6","Payments","Credit cards","1"
"0x30e29f7d7db3c555:0x661f7643e1875df6","Payments","Debit cards","1"
"0x30e29f7d7db3c555:0x661f7643e1875df6","Payments","NFC mobile payments","1"
"0x30e29f3061809727:0xb01b3e7e7db39481","Accessibility","Wheelchair-accessible car park","1"
"0x30e29f3061809727:0xb01b3e7e7db39481","Accessibility","Wheelchair-accessible entrance","1"
"0x30e29f3061809727:0xb01b3e7e7db39481","Accessibility","Wheelchair-accessible toilet","1"
"0x30e29f3061809727:0xb01b3e7e7db39481","Amenities","Toilet","1"
"0x30e29f3061809727:0xb01b3e7e7db39481","Planning","Appointments recommended","1"
"0x30e29f3061809727:0xb01b3e7e7db39481","Payments","Credit cards","1"
"0x30e29f3061809727:0xb01b3e7e7db39481","Payments","Debit cards","1"
"0x30e29f3061809727:0xb01b3e7e7db39481","Payments","NFC mobile payments","1"
"0x30e29fc1d1e2410b:0x63ece8c11ce24120","Service options","On-site services","1"
"0x30e29fc1d1e2410b:0x63ece8c11ce24120","Offerings","Cosmetic dentistry","1"
"0x30e29fc1d1e2410b:0x63ece8c11ce24120","Offerings","Pediatric care","1"
"0x30e29fc1d1e2410b:0x63ece8c11ce24120","Offerings","Sedation dentistry","1"
"0x30e29fc1d1e2410b:0x63ece8c11ce24120","Amenities","Toilet","1"
"0x30e29fc1d1e2410b:0x63ece8c11ce24120","Planning","Appointment required","1"
"0x30e29fc1d1e2410b:0x63ece8c11ce24120","Planning","Appointments recommended","1"
"0x30e29fc1d1e2410b:0x63ece8c11ce24120","Payments","Credit cards","1"
"0x30e29fc1d1e2410b:0x63ece8c11ce24120","Payments","Debit cards","1"
"0x30e29fc1d1e2410b:0x63ece8c11ce24120","Payments","NFC mobile payments","1"
"0x30e29fc1d1e2410b:0x63ece8c11ce24120","Payments","Credit cards","1"
"0x30e29dbbe7796549:0x292bedca5933bf54","Accessibility","Wheelchair-accessible car park","1"
"0x30e29dbbe7796549:0x292bedca5933bf54","Accessibility","Wheelchair-accessible entrance","1"
"0x30e29dbbe7796549:0x292bedca5933bf54","Amenities","Toilet","1"
"0x30e29dbbe7796549:0x292bedca5933bf54","Planning","Appointment required","1"
"0x30e29dbbe7796549:0x292bedca5933bf54","Planning","Appointments recommended","1"
"0x30e29dbbe7796549:0x292bedca5933bf54","Payments","Debit cards","1"
"0x30e29dbbe7796549:0x292bedca5933bf54","Payments","NFC mobile payments","1"
"0x30e29dbbe7796549:0x292bedca5933bf54","Payments","Credit cards","1"
"0x30e29cf93d7ba737:0x72b6e76948f07e9","Accessibility","Wheelchair-accessible car park","1"
"0x30e29cf93d7ba737:0x72b6e76948f07e9","Accessibility","Wheelchair-accessible entrance","1"
"0x30e29cf93d7ba737:0x72b6e76948f07e9","Accessibility","Wheelchair-accessible toilet","1"
"0x30e29cf93d7ba737:0x72b6e76948f07e9","Service options","On-site services","1"
"0x30e29cf93d7ba737:0x72b6e76948f07e9","Amenities","Toilet","1"
"0x30e29cf93d7ba737:0x72b6e76948f07e9","Crowd","LGBTQ+ friendly","1"
"0x30e29cf93d7ba737:0x72b6e76948f07e9","Crowd","Transgender safe space","1"
"0x30e29cf93d7ba737:0x72b6e76948f07e9","Planning","Appointment required","1"
"0x30e29cf93d7ba737:0x72b6e76948f07e9","Planning","Appointments recommended","1"
"0x30e29cf93d7ba737:0x72b6e76948f07e9","Payments","Credit cards","1"
"0x30e29cf93d7ba737:0x72b6e76948f07e9","Payments","Debit cards","1"
"0x30e29cf93d7ba737:0x72b6e76948f07e9","Payments","NFC mobile payments","1"
"0x30e29cf93d7ba737:0x72b6e76948f07e9","Payments","Credit cards","1"
"0x30e29cf93d7ba737:0x72b6e76948f07e9","Parking","On-site parking","1"
"0x30e29d794aa17347:0x1a447b2e6d82796d","Accessibility","Wheelchair-accessible car park","1"
"0x30e29d794aa17347:0x1a447b2e6d82796d","Accessibility","Wheelchair-accessible entrance","1"
"0x30e29d794aa17347:0x1a447b2e6d82796d","Service options","On-site services","1"
"0x30e29d794aa17347:0x1a447b2e6d82796d","Amenities","Toilet","1"
"0x30e29d794aa17347:0x1a447b2e6d82796d","Planning","Appointments recommended","1"
"0x30e29d794aa17347:0x1a447b2e6d82796d","Payments","Credit cards","1"
"0x30e29d794aa17347:0x1a447b2e6d82796d","Payments","Debit cards","1"
"0x30e29d794aa17347:0x1a447b2e6d82796d","Payments","NFC mobile payments","1"
"0x30e29cfea544f921:0xacc3137b7c340e4c","Amenities","Toilet","1"
"0x30e29cfea544f921:0xacc3137b7c340e4c","Planning","Appointments recommended","1"
"0x30e29cfea544f921:0xacc3137b7c340e4c","Payments","Credit cards","1"
"0x30e29cfea544f921:0xacc3137b7c340e4c","Payments","Debit cards","1"
"0x30e29cfea544f921:0xacc3137b7c340e4c","Payments","NFC mobile payments","1"
"0x30e29dbe04687d49:0xaabd9ea991600a1c","Amenities","Toilet","1"
"0x30e29dbe04687d49:0xaabd9ea991600a1c","Planning","Appointment required","1"
"0x30e29dbe04687d49:0xaabd9ea991600a1c","Planning","Appointments recommended","1"
"0x30e29dbe04687d49:0xaabd9ea991600a1c","Payments","Credit cards","1"
"0x30e29dbe04687d49:0xaabd9ea991600a1c","Payments","Debit cards","1"
"0x30e29dbe04687d49:0xaabd9ea991600a1c","Payments","Credit cards","1"
"0x30e29d89416e45c5:0x93c618bbe3876567","Amenities","Toilet","1"
"0x30e29d89416e45c5:0x93c618bbe3876567","Planning","Appointments recommended","1"
"0x30e29d89416e45c5:0x93c618bbe3876567","Payments","Credit cards","1"
"0x30e29d89416e45c5:0x93c618bbe3876567","Payments","Debit cards","1"
"0x30e29d89416e45c5:0x93c618bbe3876567","Payments","NFC mobile payments","1"
"0x30e29d0035882a3b:0x50c86e77b4f34e7d","Accessibility","Wheelchair-accessible car park","1"
"0x30e29d0035882a3b:0x50c86e77b4f34e7d","Accessibility","Wheelchair-accessible entrance","1"
"0x30e29d0035882a3b:0x50c86e77b4f34e7d","Accessibility","Wheelchair-accessible toilet","1"
"0x30e29d0035882a3b:0x50c86e77b4f34e7d","Amenities","Toilet","1"
"0x30e29d0035882a3b:0x50c86e77b4f34e7d","Planning","Appointments recommended","1"
"0x30e29d0035882a3b:0x50c86e77b4f34e7d","Payments","NFC mobile payments","1"
"0x30e29de1473aa607:0xfd82c47ff7102ef7","From the business","Identifies as women-owned","1"
"0x30e29de1473aa607:0xfd82c47ff7102ef7","Offerings","Pediatric care","1"
"0x30e29de1473aa607:0xfd82c47ff7102ef7","Amenities","Gender-neutral toilets","1"
"0x30e29de1473aa607:0xfd82c47ff7102ef7","Amenities","Toilet","1"
"0x30e29de1473aa607:0xfd82c47ff7102ef7","Crowd","LGBTQ+ friendly","1"
"0x30e29de1473aa607:0xfd82c47ff7102ef7","Crowd","Transgender safe space","1"
"0x30e29de1473aa607:0xfd82c47ff7102ef7","Planning","Appointment required","1"
"0x30e29de1473aa607:0xfd82c47ff7102ef7","Planning","Appointments recommended","1"
"0x30e29de1473aa607:0xfd82c47ff7102ef7","Payments","Credit cards","1"
"0x30e29de1473aa607:0xfd82c47ff7102ef7","Payments","Debit cards","1"
"0x30e29de1473aa607:0xfd82c47ff7102ef7","Payments","NFC mobile payments","1"
"0x30e29de1473aa607:0xfd82c47ff7102ef7","Payments","Credit cards","1"
"0x30e28376e31f1669:0x2ae08365f6f4028d","Amenities","Toilet","1"
"0x30e28376e31f1669:0x2ae08365f6f4028d","Planning","Appointments recommended","1"
"0x30e29bba2489399b:0x9f71f9715bc25126","Amenities","Toilet","1"
"0x30e29bba2489399b:0x9f71f9715bc25126","Planning","Appointments recommended","1"
"0x30e29b2b82c68acd:0x119dc9027f2a3701","Accessibility","Wheelchair-accessible seating","1"
"0x30e29b2b82c68acd:0x119dc9027f2a3701","Accessibility","Wheelchair-accessible toilet","1"
"0x30e29b2b82c68acd:0x119dc9027f2a3701","Amenities","Gender-neutral toilets","1"
"0x30e29b2b82c68acd:0x119dc9027f2a3701","Amenities","Toilet","1"
"0x30e29b2b82c68acd:0x119dc9027f2a3701","Crowd","LGBTQ+ friendly","1"
"0x30e29b2b82c68acd:0x119dc9027f2a3701","Crowd","Transgender safe space","1"
"0x30e29b2b82c68acd:0x119dc9027f2a3701","Planning","Appointment required","1"
"0x30e29b2b82c68acd:0x119dc9027f2a3701","Planning","Appointments recommended","1"
"0x30e29b2b82c68acd:0x119dc9027f2a3701","Payments","Debit cards","1"
"0x30e29b2b82c68acd:0x119dc9027f2a3701","Payments","NFC mobile payments","1"
"0x30e29ccb3ba08c35:0x70128ae7c0f8f28e","Amenities","Toilet","1"
"0x30e29ccb3ba08c35:0x70128ae7c0f8f28e","Planning","Appointments recommended","1"
"0x30e29ccb3ba08c35:0x70128ae7c0f8f28e","Payments","NFC mobile payments","1"
"0x30e297fb9139b087:0xcb1bc90379268711","Service options","On-site services","1"
"0x30e297fb9139b087:0xcb1bc90379268711","Amenities","Toilet","1"
"0x30e297fb9139b087:0xcb1bc90379268711","Planning","Appointments recommended","1"
"0x30e297fb9139b087:0xcb1bc90379268711","Payments","Credit cards","1"
"0x30e297fb9139b087:0xcb1bc90379268711","Payments","NFC mobile payments","1"
"0x30e297fb9139b087:0xcb1bc90379268711","Parking","Free parking lot","1"
"0x30e297fb9139b087:0xcb1bc90379268711","Parking","On-site parking","1"
"0x30e29870aed1bfd1:0x4248aa319bc5565a","Accessibility","Wheelchair-accessible car park","1"
"0x30e29870aed1bfd1:0x4248aa319bc5565a","Accessibility","Wheelchair-accessible entrance","1"
"0x30e29870aed1bfd1:0x4248aa319bc5565a","Amenities","Toilet","1"
"0x30e29870aed1bfd1:0x4248aa319bc5565a","Planning","Appointments recommended","1"
"0x30e29dd206d344b3:0x34cc2adbf2a5f7bf","Accessibility","Wheelchair-accessible car park","1"
"0x30e29dd206d344b3:0x34cc2adbf2a5f7bf","Accessibility","Wheelchair-accessible entrance","1"
"0x30e29dd206d344b3:0x34cc2adbf2a5f7bf","Amenities","Toilet","1"
"0x30e29dd206d344b3:0x34cc2adbf2a5f7bf","Planning","Appointments recommended","1"
"0x30e29dd206d344b3:0x34cc2adbf2a5f7bf","Payments","Debit cards","1"
"0x30e29dd206d344b3:0x34cc2adbf2a5f7bf","Payments","Credit cards","1"
"0x30e2a3935959459f:0x1b413699523f070e","Amenities","Toilet","1"
"0x30e2a3935959459f:0x1b413699523f070e","Planning","Appointment required","1"
"0x30e2a3935959459f:0x1b413699523f070e","Planning","Appointments recommended","1"
"0x30e2a3935959459f:0x1b413699523f070e","Payments","NFC mobile payments","1"
"0x30e29f87e3725a15:0xcb4863f7d6eb3a96","Amenities","Toilet","1"
"0x30e29f87e3725a15:0xcb4863f7d6eb3a96","Planning","Appointment required","1"
"0x30e29f87e3725a15:0xcb4863f7d6eb3a96","Planning","Appointments recommended","1"
"0x30e29f87e3725a15:0xcb4863f7d6eb3a96","Payments","Credit cards","1"
"0x30e29f87e3725a15:0xcb4863f7d6eb3a96","Payments","Debit cards","1"
"0x30e29f87e3725a15:0xcb4863f7d6eb3a96","Payments","NFC mobile payments","1"
"0x30e29e1f4cda3db7:0x4caa0b9689c1feee","Accessibility","Wheelchair-accessible car park","1"
"0x30e29e1f4cda3db7:0x4caa0b9689c1feee","Accessibility","Wheelchair-accessible entrance","1"
"0x30e29e1f4cda3db7:0x4caa0b9689c1feee","Amenities","Toilet","1"
"0x30e29e1f4cda3db7:0x4caa0b9689c1feee","Planning","Appointments recommended","1"
"0x311d61dc6cccd757:0xf247c35572039b56","Amenities","Toilet","1"
"0x311d61dc6cccd757:0xf247c35572039b56","Crowd","Transgender safe space","1"
"0x311d61dc6cccd757:0xf247c35572039b56","Planning","Appointments recommended","1"
"0x311d61dc6cccd757:0xf247c35572039b56","Payments","NFC mobile payments","1"
"0x30e2a1c951565c05:0x42baa3b39a2f9f0","From the business","Identifies as women-owned","1"
"0x30e2a1c951565c05:0x42baa3b39a2f9f0","Service options","On-site services","1"
"0x30e2a1c951565c05:0x42baa3b39a2f9f0","Offerings","Pediatric care","1"
"0x30e2a1c951565c05:0x42baa3b39a2f9f0","Amenities","Toilet","1"
"0x30e2a1c951565c05:0x42baa3b39a2f9f0","Crowd","LGBTQ+ friendly","1"
"0x30e2a1c951565c05:0x42baa3b39a2f9f0","Crowd","Transgender safe space","1"
"0x30e2a1c951565c05:0x42baa3b39a2f9f0","Planning","Appointment required","1"
"0x30e2a1c951565c05:0x42baa3b39a2f9f0","Planning","Appointments recommended","1"
"0x30e2a1c951565c05:0x42baa3b39a2f9f0","Payments","Credit cards","1"
"0x30e2a1c951565c05:0x42baa3b39a2f9f0","Payments","Debit cards","1"
"0x30e2a1c951565c05:0x42baa3b39a2f9f0","Parking","Free parking lot","1"
"0x30e2a1c951565c05:0x42baa3b39a2f9f0","Parking","On-site parking","1"
"0x30e29fc192c05ca5:0x37179c5289f9f123","Amenities","Toilet","1"
"0x30e29fc192c05ca5:0x37179c5289f9f123","Planning","Appointments recommended","1"
"0x30e29fc92742c219:0xe353023b745025a","Accessibility","Wheelchair-accessible toilet","1"
"0x30e29fc92742c219:0xe353023b745025a","Amenities","Toilet","1"
"0x30e29fc92742c219:0xe353023b745025a","Planning","Appointments recommended","1"
"0x30e29fc92742c219:0xe353023b745025a","Payments","NFC mobile payments","1"
"0x30e29fc1dc6213d5:0x9c1293a1277077dc","Amenities","Toilet","1"
"0x30e29fc1dc6213d5:0x9c1293a1277077dc","Planning","Appointments recommended","1"
"0x311d61d75a8d9663:0x47737cae429c7afa","Accessibility","Wheelchair-accessible toilet","1"
"0x311d61d75a8d9663:0x47737cae429c7afa","Amenities","Toilet","1"
"0x311d61d75a8d9663:0x47737cae429c7afa","Planning","Appointments recommended","1"
"0x311d61d75a8d9663:0x47737cae429c7afa","Payments","NFC mobile payments","1"
"0x30e29e187e4639e9:0xcc8bd075022fd073","Amenities","Toilet","1"
"0x30e2a006a3c28125:0x7c62b49b81b4cab9","Amenities","Toilet","1"
"0x30e2a006a3c28125:0x7c62b49b81b4cab9","Planning","Appointments recommended","1"
"0x30e2a006a3c28125:0x7c62b49b81b4cab9","Payments","NFC mobile payments","1"
"0x30e29ca44b8ee37d:0xd219875ee6b5e9ee","Accessibility","Wheelchair-accessible toilet","1"
"0x30e29ca44b8ee37d:0xd219875ee6b5e9ee","Offerings","Pediatric care","1"
"0x30e29ca44b8ee37d:0xd219875ee6b5e9ee","Amenities","Toilet","1"
"0x30e29ca44b8ee37d:0xd219875ee6b5e9ee","Planning","Appointments recommended","1"
"0x30e29ca44b8ee37d:0xd219875ee6b5e9ee","Payments","Credit cards","1"
"0x30e29ca44b8ee37d:0xd219875ee6b5e9ee","Payments","Debit cards","1"
"0x30e29ca44b8ee37d:0xd219875ee6b5e9ee","Payments","NFC mobile payments","1"
"0x30e2a156b3418f0f:0x72aa716b546a11db","Accessibility","Wheelchair-accessible toilet","1"
"0x30e2a156b3418f0f:0x72aa716b546a11db","Amenities","Toilet","1"
"0x30e2a156b3418f0f:0x72aa716b546a11db","Planning","Appointments recommended","1"
"0x30e2a156b3418f0f:0x72aa716b546a11db","Payments","Credit cards","1"
"0x30e2a156b3418f0f:0x72aa716b546a11db","Payments","Debit cards","1"
"0x30e2a156b3418f0f:0x72aa716b546a11db","Payments","NFC mobile payments","1"
"0x30e2977c2fc09b6d:0x3f5c1e9b390f96c5","Amenities","Toilet","1"
"0x30e2977c2fc09b6d:0x3f5c1e9b390f96c5","Planning","Appointments recommended","1"
"0x30e2977c2fc09b6d:0x3f5c1e9b390f96c5","Payments","Debit cards","1"
"0x30e2977c2fc09b6d:0x3f5c1e9b390f96c5","Payments","NFC mobile payments","1"
"0x30e2977c2fc09b6d:0x3f5c1e9b390f96c5","Payments","Credit cards","1"
"0x30e29b3052eba9a9:0x30f25e074530e4bb","Amenities","Toilet","1"
"0x30e29b3052eba9a9:0x30f25e074530e4bb","Planning","Appointments recommended","1"
"0x30e29b3052eba9a9:0x30f25e074530e4bb","Payments","Debit cards","1"
"0x30e29b3052eba9a9:0x30f25e074530e4bb","Payments","NFC mobile payments","1"
"0x30e29b3052eba9a9:0x30f25e074530e4bb","Payments","Credit cards","1"
"0x30e29a3626afae35:0x9afeaedd6dd8e6d6","Amenities","Toilet","1"
"0x30e29a3626afae35:0x9afeaedd6dd8e6d6","Planning","Appointments recommended","1"
"0x30e2973b3e1167e3:0x7359eeb268c3e794","Amenities","Toilet","1"
"0x30e2973b3e1167e3:0x7359eeb268c3e794","Planning","Appointments recommended","1"
"0x30e2973b3e1167e3:0x7359eeb268c3e794","Payments","NFC mobile payments","1"
"0x30e299fc0395b317:0xf8165089edd6d7b7","Accessibility","Wheelchair-accessible seating","1"
"0x30e299fc0395b317:0xf8165089edd6d7b7","Accessibility","Wheelchair-accessible toilet","1"
"0x30e299fc0395b317:0xf8165089edd6d7b7","Service options","On-site services","1"
"0x30e299fc0395b317:0xf8165089edd6d7b7","Amenities","Gender-neutral toilets","1"
"0x30e299fc0395b317:0xf8165089edd6d7b7","Amenities","Toilet","1"
"0x30e299fc0395b317:0xf8165089edd6d7b7","Crowd","LGBTQ+ friendly","1"
"0x30e299fc0395b317:0xf8165089edd6d7b7","Crowd","Transgender safe space","1"
"0x30e299fc0395b317:0xf8165089edd6d7b7","Planning","Appointment required","1"
"0x30e299fc0395b317:0xf8165089edd6d7b7","Planning","Appointments recommended","1"
"0x30e299fc0395b317:0xf8165089edd6d7b7","Payments","Credit cards","1"
"0x30e299fc0395b317:0xf8165089edd6d7b7","Payments","Debit cards","1"
"0x30e299fc0395b317:0xf8165089edd6d7b7","Payments","NFC mobile payments","1"
"0x30e299fc0395b317:0xf8165089edd6d7b7","Payments","Payment plans","1"
"0x30e299fc0395b317:0xf8165089edd6d7b7","Payments","Credit cards","1"
"0x30e299fc0395b317:0xf8165089edd6d7b7","Parking","Free of charge street parking","1"
"0x30e299fc0395b317:0xf8165089edd6d7b7","Parking","Free parking lot","1"
"0x30e299fc0395b317:0xf8165089edd6d7b7","Parking","On-site parking","1"
"0x30e2a3425bd59979:0x7719c58d99abd861","Accessibility","Assistive hearing loop","1"
"0x30e2a3425bd59979:0x7719c58d99abd861","Accessibility","Wheelchair-accessible entrance","1"
"0x30e2a3425bd59979:0x7719c58d99abd861","Accessibility","Wheelchair-accessible seating","1"
"0x30e2a3425bd59979:0x7719c58d99abd861","Accessibility","Wheelchair-accessible toilet","1"
"0x30e2a3425bd59979:0x7719c58d99abd861","Service options","On-site services","1"
"0x30e2a3425bd59979:0x7719c58d99abd861","Offerings","Cosmetic dentistry","1"
"0x30e2a3425bd59979:0x7719c58d99abd861","Offerings","Emergency services","1"
"0x30e2a3425bd59979:0x7719c58d99abd861","Offerings","Pediatric care","1"
"0x30e2a3425bd59979:0x7719c58d99abd861","Offerings","Sedation dentistry","1"
"0x30e2a3425bd59979:0x7719c58d99abd861","Amenities","Toilet","1"
"0x30e2a3425bd59979:0x7719c58d99abd861","Crowd","Transgender safe space","1"
"0x30e2a3425bd59979:0x7719c58d99abd861","Planning","Appointment required","1"
"0x30e2a3425bd59979:0x7719c58d99abd861","Planning","Appointments recommended","1"
"0x30e2a3425bd59979:0x7719c58d99abd861","Payments","Credit cards","1"
"0x30e2a3425bd59979:0x7719c58d99abd861","Payments","Debit cards","1"
"0x30e2a3425bd59979:0x7719c58d99abd861","Payments","Payment plans","1"
"0x30e2a3425bd59979:0x7719c58d99abd861","Payments","Credit cards","1"
"0x30e2a3425bd59979:0x7719c58d99abd861","Children","Nursing room","1"
"0x30e2a3425bd59979:0x7719c58d99abd861","Parking","Free multi-storey car park","1"
"0x30e2a3425bd59979:0x7719c58d99abd861","Parking","Free parking lot","1"
"0x30e297d163683efd:0xd13cddbeb419b81e","Accessibility","Wheelchair-accessible seating","1"
"0x30e297d163683efd:0xd13cddbeb419b81e","Accessibility","Wheelchair-accessible toilet","1"
"0x30e297d163683efd:0xd13cddbeb419b81e","Amenities","Gender-neutral toilets","1"
"0x30e297d163683efd:0xd13cddbeb419b81e","Amenities","Toilet","1"
"0x30e297d163683efd:0xd13cddbeb419b81e","Crowd","LGBTQ+ friendly","1"
"0x30e297d163683efd:0xd13cddbeb419b81e","Crowd","Transgender safe space","1"
"0x30e297d163683efd:0xd13cddbeb419b81e","Planning","Appointment required","1"
"0x30e297d163683efd:0xd13cddbeb419b81e","Planning","Appointments recommended","1"
"0x30e297d163683efd:0xd13cddbeb419b81e","Payments","Credit cards","1"
"0x30e297d163683efd:0xd13cddbeb419b81e","Payments","NFC mobile payments","1"
"0x30e297d163683efd:0xd13cddbeb419b81e","Parking","Free parking lot","1"
"0x30e297d163683efd:0xd13cddbeb419b81e","Parking","On-site parking","1"
"0x30e2a06b702e7527:0x7144c4ac5a91ab0d","Amenities","Toilet","1"
"0x30e2a06b702e7527:0x7144c4ac5a91ab0d","Planning","Appointments recommended","1"
"0x30e2a06b702e7527:0x7144c4ac5a91ab0d","Payments","Credit cards","1"
"0x30e2a06b702e7527:0x7144c4ac5a91ab0d","Payments","Debit cards","1"
"0x30e2a06b702e7527:0x7144c4ac5a91ab0d","Payments","NFC mobile payments","1"
"0x311d5f7ec1ddf9c7:0x2c90833b13c47e95","Accessibility","Wheelchair-accessible entrance","1"
"0x311d5f7ec1ddf9c7:0x2c90833b13c47e95","Service options","On-site services","1"
"0x311d5f7ec1ddf9c7:0x2c90833b13c47e95","Amenities","Toilet","1"
"0x311d5f7ec1ddf9c7:0x2c90833b13c47e95","Planning","Appointment required","1"
"0x311d5f7ec1ddf9c7:0x2c90833b13c47e95","Planning","Appointments recommended","1"
"0x311d5f7ec1ddf9c7:0x2c90833b13c47e95","Payments","Credit cards","1"
"0x311d5f7ec1ddf9c7:0x2c90833b13c47e95","Payments","NFC mobile payments","1"
"0x311d5f7ec1ddf9c7:0x2c90833b13c47e95","Parking","Free parking lot","1"
"0x311d61f882aab5cb:0x9296942973cb834c","Accessibility","Wheelchair-accessible entrance","1"
"0x311d61f882aab5cb:0x9296942973cb834c","Accessibility","Wheelchair-accessible toilet","1"
"0x311d61f882aab5cb:0x9296942973cb834c","Amenities","Toilet","1"
"0x311d61f882aab5cb:0x9296942973cb834c","Planning","Appointments recommended","1"
"0x311d61f882aab5cb:0x9296942973cb834c","Payments","Credit cards","1"
"0x311d61f882aab5cb:0x9296942973cb834c","Payments","Debit cards","1"
"0x311d61f882aab5cb:0x9296942973cb834c","Payments","NFC mobile payments","1"
"0x311d61f882aab5cb:0x9296942973cb834c","Payments","Credit cards","1"
"0x311d61c9fb68bca3:0xc3367651a61bfffc","Amenities","Toilet","1"
"0x311d61c9fb68bca3:0xc3367651a61bfffc","Planning","Appointments recommended","1"
"0x311d61c9fb68bca3:0xc3367651a61bfffc","Payments","Credit cards","1"
"0x311d61c9fb68bca3:0xc3367651a61bfffc","Payments","Debit cards","1"
"0x311d61c9fb68bca3:0xc3367651a61bfffc","Payments","NFC mobile payments","1"
"0x30e29bd7339e2905:0x5595b60612ca2f67","Accessibility","Wheelchair-accessible toilet","1"
"0x30e29bd7339e2905:0x5595b60612ca2f67","Offerings","Cosmetic dentistry","1"
"0x30e29bd7339e2905:0x5595b60612ca2f67","Amenities","Toilet","1"
"0x30e29bd7339e2905:0x5595b60612ca2f67","Planning","Appointments recommended","1"
"0x30e29bd7339e2905:0x5595b60612ca2f67","Payments","Credit cards","1"
"0x30e29bd7339e2905:0x5595b60612ca2f67","Payments","NFC mobile payments","1"
"0x30e2bcd976746967:0x8f6fd922dfd1e330","Amenities","Toilet","1"
"0x30e2bcd976746967:0x8f6fd922dfd1e330","Planning","Appointments recommended","1"
"0x30e2bcd976746967:0x8f6fd922dfd1e330","Payments","Debit cards","1"
"0x30e2bcd976746967:0x8f6fd922dfd1e330","Payments","NFC mobile payments","1"
"0x30e2a32b07e70743:0x4b04caaf284a3278","Amenities","Toilet","1"
"0x30e2a0046607efc7:0x350dccf36b2880c0","Amenities","Toilet","1"
"0x30e2a0046607efc7:0x350dccf36b2880c0","Planning","Appointments recommended","1"
"0x30e2908467578217:0x5ca2789ab611a969","Accessibility","Wheelchair-accessible toilet","1"
"0x30e2908467578217:0x5ca2789ab611a969","Amenities","Toilet","1"
"0x30e2908467578217:0x5ca2789ab611a969","Planning","Appointments recommended","1"
"0x30e2a3b3ebac222f:0xc5713b8283c0c079","Accessibility","Wheelchair-accessible entrance","1"
"0x30e2a3b3ebac222f:0xc5713b8283c0c079","Accessibility","Wheelchair-accessible toilet","1"
"0x30e2a3b3ebac222f:0xc5713b8283c0c079","Amenities","Toilet","1"
"0x30e2a3b3ebac222f:0xc5713b8283c0c079","Planning","Appointments recommended","1"
"0x30e2a3b3ebac222f:0xc5713b8283c0c079","Payments","Credit cards","1"
"0x30e2a3b3ebac222f:0xc5713b8283c0c079","Payments","Debit cards","1"
"0x30e2a3b3ebac222f:0xc5713b8283c0c079","Payments","NFC mobile payments","1"
"0x311d5f8f572967a5:0x627a3766ef04b1f5","Amenities","Toilet","1"
"0x311d5f8f572967a5:0x627a3766ef04b1f5","Payments","Credit cards","1"
"0x311d5f8f572967a5:0x627a3766ef04b1f5","Parking","Free of charge street parking","1"
"0x311d5f8f572967a5:0x627a3766ef04b1f5","Parking","Free parking lot","1"
"0x311d5f8f572967a5:0x627a3766ef04b1f5","Parking","On-site parking","1"
"0x311d5fe53bce6aab:0x55f9eee4ddf3f830","Amenities","Toilet","1"
"0x311d5fd61ab57b13:0x9a0312019155d285","Accessibility","Wheelchair-accessible car park","1"
"0x311d5fd61ab57b13:0x9a0312019155d285","Accessibility","Wheelchair-accessible entrance","1"
"0x311d5fd61ab57b13:0x9a0312019155d285","Accessibility","Wheelchair-accessible seating","1"
"0x311d5fd61ab57b13:0x9a0312019155d285","Offerings","Cosmetic dentistry","1"
"0x311d5fd61ab57b13:0x9a0312019155d285","Offerings","Emergency services","1"
"0x311d5fd61ab57b13:0x9a0312019155d285","Offerings","Pediatric care","1"
"0x311d5fd61ab57b13:0x9a0312019155d285","Offerings","Sedation dentistry","1"
"0x311d5fd61ab57b13:0x9a0312019155d285","Amenities","Gender-neutral toilets","1"
"0x311d5fd61ab57b13:0x9a0312019155d285","Amenities","Toilet","1"
"0x311d5fd61ab57b13:0x9a0312019155d285","Crowd","LGBTQ+ friendly","1"
"0x311d5fd61ab57b13:0x9a0312019155d285","Crowd","Transgender safe space","1"
"0x311d5fd61ab57b13:0x9a0312019155d285","Planning","Appointments recommended","1"
"0x311d5fd61ab57b13:0x9a0312019155d285","Payments","Credit cards","1"
"0x311d5fd61ab57b13:0x9a0312019155d285","Payments","Debit cards","1"
"0x311d5fd61ab57b13:0x9a0312019155d285","Payments","NFC mobile payments","1"
"0x311d5fd61ab57b13:0x9a0312019155d285","Payments","Credit cards","1"
"0x311d5fd61ab57b13:0x9a0312019155d285","Parking","Free of charge street parking","1"
"0x311d5fef2917a39b:0xce0031a50d2c4bf9","Accessibility","Wheelchair-accessible car park","1"
"0x311d5fef2917a39b:0xce0031a50d2c4bf9","Accessibility","Wheelchair-accessible entrance","1"
"0x311d5fef2917a39b:0xce0031a50d2c4bf9","Amenities","Toilet","1"
"0x311d5fef2917a39b:0xce0031a50d2c4bf9","Planning","Appointments recommended","1"
"0x311d5fef2917a39b:0xce0031a50d2c4bf9","Payments","Debit cards","1"
"0x311d5fef2917a39b:0xce0031a50d2c4bf9","Payments","NFC mobile payments","1"
"0x311d5fef2917a39b:0xce0031a50d2c4bf9","Payments","Credit cards","1"
"0x311d5fef4e7a99f1:0x5aa3ac3999d4f88","Accessibility","Wheelchair-accessible car park","1"
"0x311d5fef4e7a99f1:0x5aa3ac3999d4f88","Accessibility","Wheelchair-accessible entrance","1"
"0x311d5fef4e7a99f1:0x5aa3ac3999d4f88","Amenities","Toilet","1"
"0x311d5fef4e7a99f1:0x5aa3ac3999d4f88","Planning","Appointments recommended","1"
"0x311d5fef4e7a99f1:0x5aa3ac3999d4f88","Payments","Debit cards","1"
"0x311d5fef4e7a99f1:0x5aa3ac3999d4f88","Payments","NFC mobile payments","1"
"0x311d5fef4e7a99f1:0x5aa3ac3999d4f88","Payments","Credit cards","1"
"0x311d5fef4e7a99f1:0x5aa3ac3999d4f88","Parking","On-site parking","1"
"0x311d60734bf0002d:0xbfeb18716f86b4","Accessibility","Wheelchair-accessible car park","1"
"0x311d60734bf0002d:0xbfeb18716f86b4","Accessibility","Wheelchair-accessible entrance","1"
"0x311d60734bf0002d:0xbfeb18716f86b4","Accessibility","Wheelchair-accessible toilet","1"
"0x311d60734bf0002d:0xbfeb18716f86b4","Amenities","Gender-neutral toilets","1"
"0x311d60734bf0002d:0xbfeb18716f86b4","Amenities","Toilet","1"
"0x311d60734bf0002d:0xbfeb18716f86b4","Crowd","LGBTQ+ friendly","1"
"0x311d60734bf0002d:0xbfeb18716f86b4","Crowd","Transgender safe space","1"
"0x311d60734bf0002d:0xbfeb18716f86b4","Planning","Appointment required","1"
"0x311d60734bf0002d:0xbfeb18716f86b4","Planning","Appointments recommended","1"
"0x311d60734bf0002d:0xbfeb18716f86b4","Payments","Credit cards","1"
"0x311d60734bf0002d:0xbfeb18716f86b4","Payments","Debit cards","1"
"0x311d60734bf0002d:0xbfeb18716f86b4","Payments","Credit cards","1"
"0x311d60734bf0002d:0xbfeb18716f86b4","Parking","Free multi-storey car park","1"
"0x311d60734bf0002d:0xbfeb18716f86b4","Parking","Free parking lot","1"
"0x311d60734bf0002d:0xbfeb18716f86b4","Parking","On-site parking","1"
"0x311d5f8f46918435:0xfed0a0727c2b178d","Amenities","Toilet","1"
"0x311d5f8f46918435:0xfed0a0727c2b178d","Planning","Appointment required","1"
"0x311d5f8f46918435:0xfed0a0727c2b178d","Planning","Appointments recommended","1"
"0x311d5f8f46918435:0xfed0a0727c2b178d","Payments","Credit cards","1"
"0x311d5f8f46918435:0xfed0a0727c2b178d","Payments","Debit cards","1"
"0x311d5f8f46918435:0xfed0a0727c2b178d","Payments","NFC mobile payments","1"
"0x311d5f8f46918435:0xfed0a0727c2b178d","Parking","Free multi-storey car park","1"
"0x30e299b3ad6a2773:0x24bea4c2648939ca","Accessibility","Wheelchair-accessible toilet","1"
"0x30e299b3ad6a2773:0x24bea4c2648939ca","From the business","Identifies as women-owned","1"
"0x30e299b3ad6a2773:0x24bea4c2648939ca","Amenities","Gender-neutral toilets","1"
"0x30e299b3ad6a2773:0x24bea4c2648939ca","Amenities","Toilet","1"
"0x30e299b3ad6a2773:0x24bea4c2648939ca","Crowd","LGBTQ+ friendly","1"
"0x30e299b3ad6a2773:0x24bea4c2648939ca","Crowd","Transgender safe space","1"
"0x30e299b3ad6a2773:0x24bea4c2648939ca","Planning","Appointment required","1"
"0x30e299b3ad6a2773:0x24bea4c2648939ca","Planning","Appointments recommended","1"
"0x30e2a305f71a289f:0xad274229c3e6fd61","Accessibility","Wheelchair-accessible car park","1"
"0x30e2a305f71a289f:0xad274229c3e6fd61","Accessibility","Wheelchair-accessible entrance","1"
"0x30e2a305f71a289f:0xad274229c3e6fd61","Amenities","Toilet","1"
"0x30e2a305f71a289f:0xad274229c3e6fd61","Payments","Credit cards","1"
"0x30e2a305f71a289f:0xad274229c3e6fd61","Payments","Debit cards","1"
"0x30e2a305f71a289f:0xad274229c3e6fd61","Payments","NFC mobile payments","1"
"0x30e29dd5b7c80307:0x59911222f20184ab","Amenities","Restroom","1"
"0x30e29dd5b7c80307:0x59911222f20184ab","Planning","Appointments recommended","1"
"0x30e29dd5b7c80307:0x59911222f20184ab","Payments","Credit cards","1"
"0x30e29dd5b7c80307:0x59911222f20184ab","Payments","Debit cards","1"
"0x30e29dd5b7c80307:0x59911222f20184ab","Payments","NFC mobile payments","1"
"0x30e29dd5b7c80307:0x59911222f20184ab","Payments","Credit cards","1"
"0x30e29c2dfd99a209:0x65e0f3c5e4c621d","Amenities","Toilet","1"
"0x30e29c2dfd99a209:0x65e0f3c5e4c621d","Planning","Appointments recommended","1"
"0x30e29ee712ef5879:0xe59ae56d02d854f0","Amenities","Toilet","1"
"0x30e29ee712ef5879:0xe59ae56d02d854f0","Planning","Appointments recommended","1"
"0x30e29ee712ef5879:0xe59ae56d02d854f0","Payments","Credit cards","1"
"0x30e29ee712ef5879:0xe59ae56d02d854f0","Payments","Debit cards","1"
"0x30e29ee712ef5879:0xe59ae56d02d854f0","Payments","NFC mobile payments","1"
"0x30e29e18b511cfa1:0x6f62dd8822ed89fe","Amenities","Toilet","1"
"0x30e29e18b511cfa1:0x6f62dd8822ed89fe","Planning","Appointments recommended","1"
"0x30e29e18b511cfa1:0x6f62dd8822ed89fe","Payments","Credit cards","1"
"0x30e29e18b511cfa1:0x6f62dd8822ed89fe","Payments","Debit cards","1"
"0x311d618d8ab606b1:0x44f69f47aa949313","Amenities","Toilet","1"
"0x311d618d8ab606b1:0x44f69f47aa949313","Planning","Appointment required","1"
"0x311d618d8ab606b1:0x44f69f47aa949313","Planning","Appointments recommended","1"
"0x311d618d8ab606b1:0x44f69f47aa949313","Payments","Debit cards","1"
"0x311d618d8ab606b1:0x44f69f47aa949313","Payments","NFC mobile payments","1"
"0x311d618d8ab606b1:0x44f69f47aa949313","Payments","Credit cards","1"
"0x30e29da74cb4417d:0xa138c73b775dc393","Accessibility","Wheelchair-accessible toilet","1"
"0x30e29da74cb4417d:0xa138c73b775dc393","Amenities","Toilet","1"
"0x30e29ced286124bf:0xa2fc46358482f24e","Accessibility","Wheelchair-accessible car park","1"
"0x30e29ced286124bf:0xa2fc46358482f24e","Accessibility","Wheelchair-accessible entrance","1"
"0x30e29ced286124bf:0xa2fc46358482f24e","Amenities","Toilet","1"
"0x30e29ced286124bf:0xa2fc46358482f24e","Planning","Appointments recommended","1"
"0x30e299931141e05b:0xe97f86d10f8ebc58","Accessibility","Wheelchair-accessible car park","1"
"0x30e299931141e05b:0xe97f86d10f8ebc58","Accessibility","Wheelchair-accessible entrance","1"
"0x30e299931141e05b:0xe97f86d10f8ebc58","Service options","Delivery","1"
"0x30e299931141e05b:0xe97f86d10f8ebc58","Planning","Quick visit","1"
"0x30e299931141e05b:0xe97f86d10f8ebc58","Payments","Credit cards","1"
"0x30e299931141e05b:0xe97f86d10f8ebc58","Payments","Debit cards","1"
"0x30e299931141e05b:0xe97f86d10f8ebc58","Payments","NFC mobile payments","1"
"0x30e297f4877eaf2f:0xea997db482bf186d","Accessibility","Wheelchair-accessible toilet","1"
"0x30e297f4877eaf2f:0xea997db482bf186d","Amenities","Toilet","1"
"0x30e297f4877eaf2f:0xea997db482bf186d","Planning","Appointments recommended","1"
"0x30e297f4877eaf2f:0xea997db482bf186d","Payments","Credit cards","1"
"0x30e297f4877eaf2f:0xea997db482bf186d","Payments","Debit cards","1"
"0x30e297f4877eaf2f:0xea997db482bf186d","Payments","NFC mobile payments","1"
"0x30e2996303dde8ab:0xd978a07f8bbea8cb","Amenities","Restroom","1"
"0x30e2996303dde8ab:0xd978a07f8bbea8cb","Planning","Appointments recommended","1"
"0x30e29fea61583ba5:0xa61747ae35a83232","Accessibility","Wheelchair-accessible car park","1"
"0x30e29fea61583ba5:0xa61747ae35a83232","Accessibility","Wheelchair-accessible entrance","1"
"0x30e29fea61583ba5:0xa61747ae35a83232","Amenities","Toilet","1"
"0x30e29fea61583ba5:0xa61747ae35a83232","Planning","Appointments recommended","1"
"0x30e29fea61583ba5:0xa61747ae35a83232","Payments","Credit cards","1"
"0x30e29fea61583ba5:0xa61747ae35a83232","Payments","Debit cards","1"
"0x30e29fea61583ba5:0xa61747ae35a83232","Payments","NFC mobile payments","1"
"0x311d61aa01906b51:0x177a2adc669fd01e","Amenities","Restroom","1"
"0x311d61aa01906b51:0x177a2adc669fd01e","Crowd","LGBTQ+ friendly","1"
"0x311d61aa01906b51:0x177a2adc669fd01e","Crowd","Transgender safespace","1"
"0x311d61aa01906b51:0x177a2adc669fd01e","Planning","Appointment required","1"
"0x311d61aa01906b51:0x177a2adc669fd01e","Planning","Appointments recommended","1"
"0x311d61aa01906b51:0x177a2adc669fd01e","Payments","Credit cards","1"
"0x311d61aa01906b51:0x177a2adc669fd01e","Payments","Debit cards","1"
"0x311d61aa01906b51:0x177a2adc669fd01e","Payments","NFC mobile payments","1"
"0x311d61aa01906b51:0x177a2adc669fd01e","Children","Nursing room","1"
"0x30e29b0069ee2737:0x50bf30835c086cd2","Amenities","Restroom","1"
"0x30e29b0069ee2737:0x50bf30835c086cd2","Planning","Appointments recommended","1"
"0x30e29f4c1102a0f7:0x6d3e444c6c37133","From the business","Identifies as women-owned","1"
"0x30e29f4c1102a0f7:0x6d3e444c6c37133","Service options","On-site services","1"
"0x30e29f4c1102a0f7:0x6d3e444c6c37133","Amenities","Toilet","1"
"0x30e29f4c1102a0f7:0x6d3e444c6c37133","Planning","Appointment required","1"
"0x30e29f4c1102a0f7:0x6d3e444c6c37133","Planning","Appointments recommended","1"
"0x30e29f4c1102a0f7:0x6d3e444c6c37133","Payments","Credit cards","1"
"0x30e29f4c1102a0f7:0x6d3e444c6c37133","Payments","Debit cards","1"
"0x30e29f4c1102a0f7:0x6d3e444c6c37133","Payments","NFC mobile payments","1"
"0x30e29fb615b910c5:0xae3a06441174b7ca","Service options","On-site services","1"
"0x30e29fb615b910c5:0xae3a06441174b7ca","Amenities","Toilet","1"
"0x30e29fb615b910c5:0xae3a06441174b7ca","Planning","Appointments recommended","1"
"0x30e29fb615b910c5:0xae3a06441174b7ca","Parking","Free parking lot","1"
"0x30e29fb615b910c5:0xae3a06441174b7ca","Parking","On-site parking","1"
"0x311d63d71259ea7d:0x787b7e11b5f0f71a","Accessibility","Wheelchair-accessible car park","1"
"0x311d63d71259ea7d:0x787b7e11b5f0f71a","Accessibility","Wheelchair-accessible entrance","1"
"0x311d63d71259ea7d:0x787b7e11b5f0f71a","Accessibility","Wheelchair-accessible toilet","1"
"0x311d63d71259ea7d:0x787b7e11b5f0f71a","Service options","On-site services","1"
"0x311d63d71259ea7d:0x787b7e11b5f0f71a","Highlights","Great produce","1"
"0x311d63d71259ea7d:0x787b7e11b5f0f71a","Offerings","Food","1"
"0x311d63d71259ea7d:0x787b7e11b5f0f71a","Amenities","Toilet","1"
"0x311d63d71259ea7d:0x787b7e11b5f0f71a","Planning","Quick visit","1"
"0x311d63d71259ea7d:0x787b7e11b5f0f71a","Payments","Debit cards","1"
"0x311d63d71259ea7d:0x787b7e11b5f0f71a","Payments","NFC mobile payments","1"
"0x311d63d71259ea7d:0x787b7e11b5f0f71a","Payments","Credit cards","1"
"0x311d63d71259ea7d:0x787b7e11b5f0f71a","Parking","Free parking lot","1"
"0x311d63d71259ea7d:0x787b7e11b5f0f71a","Parking","On-site parking","1"
"0x311d63d71259ea7d:0x787b7e11b5f0f71a","Parking","Paid parking lot","1"
"0x30e29fd7669a97eb:0x459b33fc12f3d82","Accessibility","Wheelchair-accessible car park","1"
"0x30e29fd7669a97eb:0x459b33fc12f3d82","Accessibility","Wheelchair-accessible entrance","1"
"0x30e29fd7669a97eb:0x459b33fc12f3d82","Accessibility","Wheelchair-accessible toilet","1"
"0x30e29fd7669a97eb:0x459b33fc12f3d82","Amenities","Toilet","1"
"0x30e29fd7669a97eb:0x459b33fc12f3d82","Payments","Credit cards","1"
"0x30e29fd7669a97eb:0x459b33fc12f3d82","Payments","Debit cards","1"
"0x311d602fade66b87:0xdc5264d52793f2eb","Amenities","Toilet","1"
"0x311d602fade66b87:0xdc5264d52793f2eb","Planning","Appointment required","1"
"0x311d602fade66b87:0xdc5264d52793f2eb","Planning","Appointments recommended","1"
"0x311d602fade66b87:0xdc5264d52793f2eb","Payments","Credit cards","1"
"0x311d602fade66b87:0xdc5264d52793f2eb","Payments","Debit cards","1"
"0x311d602fade66b87:0xdc5264d52793f2eb","Payments","NFC mobile payments","1"
"0x30e29d8a8a294a25:0xa456de84474304f8","Accessibility","Wheelchair-accessible entrance","1"
"0x30e29d8a8a294a25:0xa456de84474304f8","Amenities","Toilet","1"
"0x30e29d8a8a294a25:0xa456de84474304f8","Crowd","LGBTQ+ friendly","1"
"0x30e29d8a8a294a25:0xa456de84474304f8","Crowd","Transgender safe space","1"
"0x30e29d8a8a294a25:0xa456de84474304f8","Planning","Appointments recommended","1"
"0x30e29d8a8a294a25:0xa456de84474304f8","Payments","Credit cards","1"
"0x30e29d8a8a294a25:0xa456de84474304f8","Payments","Debit cards","1"
"0x30e29d8a8a294a25:0xa456de84474304f8","Payments","NFC mobile payments","1"
"0x30e29d8a8a294a25:0xa456de84474304f8","Payments","Credit cards","1"
"0x311d618da4b349b7:0xd3fb2800f710c6f5","Accessibility","Wheelchair-accessible entrance","1"
"0x311d618da4b349b7:0xd3fb2800f710c6f5","Accessibility","Wheelchair-accessible toilet","1"
"0x311d618da4b349b7:0xd3fb2800f710c6f5","Amenities","Toilet","1"
"0x311d618da4b349b7:0xd3fb2800f710c6f5","Planning","Appointments recommended","1"
"0x311d618da4b349b7:0xd3fb2800f710c6f5","Payments","Debit cards","1"
"0x311d618da4b349b7:0xd3fb2800f710c6f5","Payments","NFC mobile payments","1"
"0x311d618da4b349b7:0xd3fb2800f710c6f5","Payments","Credit cards","1"
"0x30e29c7509ee82e9:0x326b4da8a79ff021","Amenities","Toilet","1"
"0x30e29c7509ee82e9:0x326b4da8a79ff021","Planning","Appointments recommended","1"
"0x30e29c7509ee82e9:0x326b4da8a79ff021","Payments","Debit cards","1"
"0x30e29c7509ee82e9:0x326b4da8a79ff021","Payments","Credit cards","1"
"0x30e29c1a1124ccd5:0x628bcee0c57650c8","Amenities","Toilet","1"
"0x30e29c1a1124ccd5:0x628bcee0c57650c8","Planning","Appointments recommended","1"
"0x30e29c1a1124ccd5:0x628bcee0c57650c8","Payments","Debit cards","1"
"0x30e29c1a1124ccd5:0x628bcee0c57650c8","Payments","NFC mobile payments","1"
"0x30e29c1a1124ccd5:0x628bcee0c57650c8","Payments","Credit cards","1"
"0x30e299ba5a834f55:0x32615f186c4b242b","Amenities","Toilet","1"
"0x30e299ba5a834f55:0x32615f186c4b242b","Planning","Appointments recommended","1"
"0x30e29f51335614d5:0xd3144b3198990989","Amenities","Toilet","1"
"0x30e29f51335614d5:0xd3144b3198990989","Planning","Appointments recommended","1"
"0x30e29a0387fd213d:0x5dc8f27bcf0d27fb","Service options","On-site services","1"
"0x30e29a0387fd213d:0x5dc8f27bcf0d27fb","Amenities","Toilet","1"
"0x30e29a0387fd213d:0x5dc8f27bcf0d27fb","Planning","Appointments recommended","1"
"0x30e29a0387fd213d:0x5dc8f27bcf0d27fb","Payments","Credit cards","1"
"0x30e29a0387fd213d:0x5dc8f27bcf0d27fb","Payments","Debit cards","1"
"0x30e29a0387fd213d:0x5dc8f27bcf0d27fb","Payments","NFC mobile payments","1"
"0x30e29a0387fd213d:0x5dc8f27bcf0d27fb","Payments","Credit cards","1"
"0x30e29a0387fd213d:0x5dc8f27bcf0d27fb","Parking","Free parking lot","1"
"0x30e29a0387fd213d:0x5dc8f27bcf0d27fb","Parking","On-site parking","1"
"0x30e2999615ded907:0x99c17dd505da6aa3","Amenities","Toilet","1"
"0x30e2999615ded907:0x99c17dd505da6aa3","Planning","Appointment required","1"
"0x30e2999615ded907:0x99c17dd505da6aa3","Planning","Appointments recommended","1"
"0x30e2999615ded907:0x99c17dd505da6aa3","Payments","NFC mobile payments","1"
"0x30e29dc1b8379271:0xb81147f33a6c5b30","Amenities","Toilet","1"
"0x30e29dc1b8379271:0xb81147f33a6c5b30","Planning","Appointment required","1"
"0x30e29dc1b8379271:0xb81147f33a6c5b30","Planning","Appointments recommended","1"
"0x30e29dc1b8379271:0xb81147f33a6c5b30","Payments","Credit cards","1"
"0x30e29dc1b8379271:0xb81147f33a6c5b30","Payments","Debit cards","1"
"0x30e29dc1b8379271:0xb81147f33a6c5b30","Payments","NFC mobile payments","1"
"0x30e29dc1b8379271:0xb81147f33a6c5b30","Payments","Credit cards","1"
"0x30e29dc1b8379271:0xb81147f33a6c5b30","Parking","Free parking lot","1"
"0x30e29d4c18c21121:0xdb2e46e0242ec397","Amenities","Toilet","1"
"0x30e29d4c18c21121:0xdb2e46e0242ec397","Planning","Appointments recommended","1"
"0x30e29d4c18c21121:0xdb2e46e0242ec397","Payments","NFC mobile payments","1"
"0x311d61704ce717a7:0x1a24db9977e7dc37","Amenities","Toilet","1"
"0x311d61704ce717a7:0x1a24db9977e7dc37","Planning","Appointments recommended","1"
"0x311d61704ce717a7:0x1a24db9977e7dc37","Payments","NFC mobile payments","1"
"0x311d63397c753a35:0x5bf24a307a48d354","Accessibility","Assistive hearing loop","1"
"0x311d63397c753a35:0x5bf24a307a48d354","Accessibility","Wheelchair-accessible seating","1"
"0x311d63397c753a35:0x5bf24a307a48d354","Accessibility","Wheelchair-accessible toilet","1"
"0x311d63397c753a35:0x5bf24a307a48d354","From the business","Identifies as women-owned","1"
"0x311d63397c753a35:0x5bf24a307a48d354","Service options","On-site services","1"
"0x311d63397c753a35:0x5bf24a307a48d354","Offerings","Cosmetic dentistry","1"
"0x311d63397c753a35:0x5bf24a307a48d354","Offerings","Emergency services","1"
"0x311d63397c753a35:0x5bf24a307a48d354","Offerings","Pediatric care","1"
"0x311d63397c753a35:0x5bf24a307a48d354","Offerings","Sedation dentistry","1"
"0x311d63397c753a35:0x5bf24a307a48d354","Amenities","Toilet","1"
"0x311d63397c753a35:0x5bf24a307a48d354","Crowd","LGBTQ+ friendly","1"
"0x311d63397c753a35:0x5bf24a307a48d354","Crowd","Transgender safe space","1"
"0x311d63397c753a35:0x5bf24a307a48d354","Planning","Appointment required","1"
"0x311d63397c753a35:0x5bf24a307a48d354","Planning","Appointments recommended","1"
"0x311d63397c753a35:0x5bf24a307a48d354","Payments","Credit cards","1"
"0x311d63397c753a35:0x5bf24a307a48d354","Payments","Debit cards","1"
"0x311d63397c753a35:0x5bf24a307a48d354","Payments","NFC mobile payments","1"
"0x311d63397c753a35:0x5bf24a307a48d354","Payments","Payment plans","1"
"0x311d63397c753a35:0x5bf24a307a48d354","Payments","Credit cards","1"
"0x311d63397c753a35:0x5bf24a307a48d354","Parking","Free of charge street parking","1"
"0x311d63397c753a35:0x5bf24a307a48d354","Parking","On-site parking","1"
"0x30e2914a56032f35:0x2d9abec06f0d65bd","Amenities","Toilet","1"
"0x30e2914a56032f35:0x2d9abec06f0d65bd","Crowd","Transgender safe space","1"
"0x30e2914a56032f35:0x2d9abec06f0d65bd","Planning","Appointments recommended","1"
"0x30e2914a56032f35:0x2d9abec06f0d65bd","Parking","Free of charge street parking","1"
"0x30e2914a56032f35:0x2d9abec06f0d65bd","Parking","Free parking lot","1"
"0x30e29982b857de01:0x809d60932ea07763","Amenities","Toilet","1"
"0x30e29982b857de01:0x809d60932ea07763","Planning","Appointments recommended","1"
"0x30e29fa53fa0bbb5:0x3cb6ae96e750e492","Accessibility","Wheelchair-accessible car park","1"
"0x30e29fa53fa0bbb5:0x3cb6ae96e750e492","Accessibility","Wheelchair-accessible entrance","1"
"0x30e29fa53fa0bbb5:0x3cb6ae96e750e492","Amenities","Toilet","1"
"0x30e29fa53fa0bbb5:0x3cb6ae96e750e492","Planning","Appointments recommended","1"
"0x30e29fa53fa0bbb5:0x3cb6ae96e750e492","Payments","Credit cards","1"
"0x30e29fa53fa0bbb5:0x3cb6ae96e750e492","Payments","NFC mobile payments","1"
"0x30e29973f21edb13:0x51d583f75541bc6f","Accessibility","Wheelchair-accessible toilet","1"
"0x30e29973f21edb13:0x51d583f75541bc6f","Amenities","Toilet","1"
"0x30e29973f21edb13:0x51d583f75541bc6f","Planning","Appointments recommended","1"
"0x30e29973f21edb13:0x51d583f75541bc6f","Payments","NFC mobile payments","1"
"0x30e29861485dffcf:0x592c1eb951db49f2","Amenities","Toilet","1"
"0x30e29861485dffcf:0x592c1eb951db49f2","Planning","Appointments recommended","1"
"0x30e29861485dffcf:0x592c1eb951db49f2","Payments","Debit cards","1"
"0x30e29861485dffcf:0x592c1eb951db49f2","Payments","Credit cards","1"
"0x30e29982c5bdcf49:0x7c9c5e93943b127","Amenities","Toilet","1"
"0x30e29982c5bdcf49:0x7c9c5e93943b127","Planning","Appointments recommended","1"
"0x30e29d070d83742d:0x5102ebf03028369a","Amenities","Toilet","1"
"0x30e2a30059aa5cf5:0x249ac33cfd50d086","Amenities","Toilet","1"
"0x30e2a27b1008d833:0xdcf5abdd5b0a4ce3","Amenities","Toilet","1"
"0x30e2a27b1008d833:0xdcf5abdd5b0a4ce3","Planning","Appointments recommended","1"
"0x30e2a3b7f8584859:0x89861430955013ed","Amenities","Toilet","1"
"0x30e2a3b7f8584859:0x89861430955013ed","Planning","Appointments recommended","1"
"0x30e2a3b7f8584859:0x89861430955013ed","Payments","NFC mobile payments","1"
"0x30e29fbf29830013:0x236fe3c27f121fa2","Amenities","Toilet","1"
"0x30e29fbf29830013:0x236fe3c27f121fa2","Planning","Appointments recommended","1"
"0x30e29fbf29830013:0x236fe3c27f121fa2","Payments","NFC mobile payments","1"
"0x30e29c57ba6e65cf:0xc0182fbb2c2479b6","Accessibility","Wheelchair-accessible car park","1"
"0x30e29c57ba6e65cf:0xc0182fbb2c2479b6","Accessibility","Wheelchair-accessible entrance","1"
"0x30e29c57ba6e65cf:0xc0182fbb2c2479b6","Accessibility","Wheelchair-accessible toilet","1"
"0x30e29c57ba6e65cf:0xc0182fbb2c2479b6","Service options","On-site services","1"
"0x30e29c57ba6e65cf:0xc0182fbb2c2479b6","Amenities","Toilet","1"
"0x30e29c57ba6e65cf:0xc0182fbb2c2479b6","Planning","Appointment required","1"
"0x30e29c57ba6e65cf:0xc0182fbb2c2479b6","Planning","Appointments recommended","1"
"0x30e29c57ba6e65cf:0xc0182fbb2c2479b6","Payments","Credit cards","1"
"0x30e29c57ba6e65cf:0xc0182fbb2c2479b6","Payments","Debit cards","1"
"0x30e29c57ba6e65cf:0xc0182fbb2c2479b6","Payments","NFC mobile payments","1"
"0x30e29fa4ae2f574f:0xcc341752087446f2","Accessibility","Wheelchair-accessible car park","1"
"0x30e29fa4ae2f574f:0xcc341752087446f2","Accessibility","Wheelchair-accessible entrance","1"
"0x30e29fa4ae2f574f:0xcc341752087446f2","Amenities","Toilet","1"
"0x30e29fa4ae2f574f:0xcc341752087446f2","Planning","Appointments recommended","1"
"0x30e29fa4ae2f574f:0xcc341752087446f2","Payments","Credit cards","1"
"0x30e29fa4ae2f574f:0xcc341752087446f2","Payments","Debit cards","1"
"0x30e29fa4ae2f574f:0xcc341752087446f2","Payments","NFC mobile payments","1"
"0x30e29fa4ae2f574f:0xcc341752087446f2","Payments","Credit cards","1"
"0x30e290823b7b106d:0x4e13ece81606c14e","Accessibility","Wheelchair-accessible car park","1"
"0x30e290823b7b106d:0x4e13ece81606c14e","Accessibility","Wheelchair-accessible entrance","1"
"0x30e290823b7b106d:0x4e13ece81606c14e","From the business","Identifies as women-owned","1"
"0x30e290823b7b106d:0x4e13ece81606c14e","Service options","On-site services","1"
"0x30e290823b7b106d:0x4e13ece81606c14e","Amenities","Toilet","1"
"0x30e290823b7b106d:0x4e13ece81606c14e","Planning","Appointments recommended","1"
"0x30e290823b7b106d:0x4e13ece81606c14e","Payments","Credit cards","1"
"0x30e290823b7b106d:0x4e13ece81606c14e","Payments","Debit cards","1"
"0x30e290823b7b106d:0x4e13ece81606c14e","Payments","NFC mobile payments","1"
"0x30e290823b7b106d:0x4e13ece81606c14e","Payments","Credit cards","1"
"0x30e290823b7b106d:0x4e13ece81606c14e","Parking","Free of charge street parking","1"
"0x30e290823b7b106d:0x4e13ece81606c14e","Parking","Free parking lot","1"
"0x30e290823b7b106d:0x4e13ece81606c14e","Parking","On-site parking","1"
"0x30e29f4c058e6d95:0x8d3f1b1f7c61b18c","Amenities","Toilet","1"
"0x30e29f4c058e6d95:0x8d3f1b1f7c61b18c","Planning","Appointment required","1"
"0x30e29f4c058e6d95:0x8d3f1b1f7c61b18c","Planning","Appointments recommended","1"
"0x30e29b1d90b02509:0x9d3428f8c2436ce8","Accessibility","Wheelchair-accessible seating","1"
"0x30e29b1d90b02509:0x9d3428f8c2436ce8","Accessibility","Wheelchair-accessible toilet","1"
"0x30e29b1d90b02509:0x9d3428f8c2436ce8","Accessibility","Wheelchair-accessible car park","1"
"0x30e29b1d90b02509:0x9d3428f8c2436ce8","Accessibility","Wheelchair-accessible entrance","1"
"0x30e29b1d90b02509:0x9d3428f8c2436ce8","From the business","Identifies as women-owned","1"
"0x30e29b1d90b02509:0x9d3428f8c2436ce8","Amenities","Gender-neutral toilets","1"
"0x30e29b1d90b02509:0x9d3428f8c2436ce8","Amenities","Toilet","1"
"0x30e29b1d90b02509:0x9d3428f8c2436ce8","Crowd","LGBTQ+ friendly","1"
"0x30e29b1d90b02509:0x9d3428f8c2436ce8","Crowd","Transgender safe space","1"
"0x30e29b1d90b02509:0x9d3428f8c2436ce8","Planning","Appointment required","1"
"0x30e29b1d90b02509:0x9d3428f8c2436ce8","Planning","Appointments recommended","1"
"0x30e29b1d90b02509:0x9d3428f8c2436ce8","Payments","Credit cards","1"
"0x30e29b1d90b02509:0x9d3428f8c2436ce8","Payments","NFC mobile payments","1"
"0x30e29b1d90b02509:0x9d3428f8c2436ce8","Children","Nursing room","1"
"0x30e2a27e40bb84cd:0xb81782132a7a6430","Amenities","Toilet","1"
"0x30e2a27e40bb84cd:0xb81782132a7a6430","Planning","Appointments recommended","1"
"0x30e2a142bd4a68bf:0x843d105b8e005126","Amenities","Toilet","1"
"0x30e2a142bd4a68bf:0x843d105b8e005126","Planning","Appointments recommended","1"
"0x30e2a142bd4a68bf:0x843d105b8e005126","Payments","NFC mobile payments","1"
"0x30e29e6cefff3bdd:0x4d56a1521e64c3c9","Accessibility","Wheelchair-accessible car park","1"
"0x30e29e6cefff3bdd:0x4d56a1521e64c3c9","Accessibility","Wheelchair-accessible entrance","1"
"0x311d61eefbcb5d59:0x58bcd603dc334ef1","Accessibility","Wheelchair-accessible seating","1"
"0x311d61eefbcb5d59:0x58bcd603dc334ef1","Accessibility","Wheelchair-accessible toilet","1"
"0x311d61eefbcb5d59:0x58bcd603dc334ef1","From the business","Identifies as women-owned","1"
"0x311d61eefbcb5d59:0x58bcd603dc334ef1","Amenities","Toilet","1"
"0x311d61eefbcb5d59:0x58bcd603dc334ef1","Crowd","LGBTQ+ friendly","1"
"0x311d61eefbcb5d59:0x58bcd603dc334ef1","Crowd","Transgender safe space","1"
"0x311d61eefbcb5d59:0x58bcd603dc334ef1","Planning","Appointments recommended","1"
"0x311d61eefbcb5d59:0x58bcd603dc334ef1","Payments","Credit cards","1"
"0x311d61eefbcb5d59:0x58bcd603dc334ef1","Payments","Debit cards","1"
"0x311d61eefbcb5d59:0x58bcd603dc334ef1","Payments","NFC mobile payments","1"
"0x311d61f6ec90c9a9:0x8b10b3e724bf563d","Accessibility","Wheelchair-accessible seating","1"
"0x311d61f6ec90c9a9:0x8b10b3e724bf563d","Accessibility","Wheelchair-accessible toilet","1"
"0x311d61f6ec90c9a9:0x8b10b3e724bf563d","Service options","On-site services","1"
"0x311d61f6ec90c9a9:0x8b10b3e724bf563d","Offerings","Cosmetic dentistry","1"
"0x311d61f6ec90c9a9:0x8b10b3e724bf563d","Offerings","Pediatric care","1"
"0x311d61f6ec90c9a9:0x8b10b3e724bf563d","Amenities","Gender-neutral toilets","1"
"0x311d61f6ec90c9a9:0x8b10b3e724bf563d","Amenities","Toilet","1"
"0x311d61f6ec90c9a9:0x8b10b3e724bf563d","Crowd","LGBTQ+ friendly","1"
"0x311d61f6ec90c9a9:0x8b10b3e724bf563d","Crowd","Transgender safe space","1"
"0x311d61f6ec90c9a9:0x8b10b3e724bf563d","Planning","Appointments recommended","1"
"0x311d61f6ec90c9a9:0x8b10b3e724bf563d","Payments","Credit cards","1"
"0x311d61f6ec90c9a9:0x8b10b3e724bf563d","Payments","Debit cards","1"
"0x311d61f6ec90c9a9:0x8b10b3e724bf563d","Payments","NFC mobile payments","1"
"0x311d61f6ec90c9a9:0x8b10b3e724bf563d","Payments","Payment plans","1"
"0x311d61f6ec90c9a9:0x8b10b3e724bf563d","Payments","Credit cards","1"
"0x311d61f6ec90c9a9:0x8b10b3e724bf563d","Parking","Free of charge street parking","1"
"0x30e29dfc8c80671f:0xbea35ddb9b1f1113","Accessibility","Wheelchair-accessible toilet","1"
"0x30e29dfc8c80671f:0xbea35ddb9b1f1113","Service options","On-site services","1"
"0x30e29dfc8c80671f:0xbea35ddb9b1f1113","Amenities","Toilet","1"
"0x30e29dfc8c80671f:0xbea35ddb9b1f1113","Crowd","LGBTQ+ friendly","1"
"0x30e29dfc8c80671f:0xbea35ddb9b1f1113","Crowd","Transgender safe space","1"
"0x30e29dfc8c80671f:0xbea35ddb9b1f1113","Payments","Credit cards","1"
"0x30e29dfc8c80671f:0xbea35ddb9b1f1113","Parking","On-site parking","1"
"0x30e29f5477630fbb:0xb0dee926e4c5169c","Amenities","Toilet","1"
"0x30e29f5477630fbb:0xb0dee926e4c5169c","Planning","Appointments recommended","1"
"0x30e29f5477630fbb:0xb0dee926e4c5169c","Payments","NFC mobile payments","1"
"0x30e2a3a273d5196f:0xd763794775bca72e","Amenities","Toilet","1"
"0x30e2a3a273d5196f:0xd763794775bca72e","Planning","Appointments recommended","1"
"0x30e2a3a273d5196f:0xd763794775bca72e","Payments","Credit cards","1"
"0x30e2a3a273d5196f:0xd763794775bca72e","Payments","Debit cards","1"
"0x30e2a3a273d5196f:0xd763794775bca72e","Payments","NFC mobile payments","1"
"0x30e2a3a273d5196f:0xd763794775bca72e","Payments","Credit cards","1"
"0x311d61775c3c6093:0xac2d27efe5f24e21","Accessibility","Wheelchair-accessible toilet","1"
"0x311d61775c3c6093:0xac2d27efe5f24e21","Service options","On-site services","1"
"0x311d61775c3c6093:0xac2d27efe5f24e21","Amenities","Toilet","1"
"0x311d61775c3c6093:0xac2d27efe5f24e21","Crowd","LGBTQ+ friendly","1"
"0x311d61775c3c6093:0xac2d27efe5f24e21","Crowd","Transgender safe space","1"
"0x311d61775c3c6093:0xac2d27efe5f24e21","Planning","Appointments recommended","1"
"0x311d61775c3c6093:0xac2d27efe5f24e21","Payments","Credit cards","1"
"0x311d61775c3c6093:0xac2d27efe5f24e21","Payments","Debit cards","1"
"0x311d61775c3c6093:0xac2d27efe5f24e21","Payments","Payment plans","1"
"0x311d61775c3c6093:0xac2d27efe5f24e21","Payments","Credit cards","1"
"0x311d61775c3c6093:0xac2d27efe5f24e21","Children","Nursing room","1"
"0x311d61775c3c6093:0xac2d27efe5f24e21","Parking","Free multi-storey car park","1"
"0x311d61775c3c6093:0xac2d27efe5f24e21","Parking","Free parking lot","1"
"0x311d61775c3c6093:0xac2d27efe5f24e21","Parking","On-site parking","1"
"0x30e29b7ef407715f:0x1d7a96d2a735d014","Amenities","Toilet","1"
"0x30e29b7ef407715f:0x1d7a96d2a735d014","Planning","Appointments recommended","1"
"0x30e29b7ef407715f:0x1d7a96d2a735d014","Payments","Debit cards","1"
"0x30e29b7ef407715f:0x1d7a96d2a735d014","Payments","Credit cards","1"
"0x30e29987b2c141ad:0x7311ac4b1447495d","Accessibility","Wheelchair-accessible car park","1"
"0x30e29987b2c141ad:0x7311ac4b1447495d","Accessibility","Wheelchair-accessible entrance","1"
"0x30e29987b2c141ad:0x7311ac4b1447495d","Accessibility","Wheelchair-accessible toilet","1"
"0x30e29987b2c141ad:0x7311ac4b1447495d","Service options","On-site services","1"
"0x30e29987b2c141ad:0x7311ac4b1447495d","Offerings","Arcade games","1"
"0x30e29987b2c141ad:0x7311ac4b1447495d","Amenities","Toilet","1"
"0x30e29987b2c141ad:0x7311ac4b1447495d","Payments","Credit cards","1"
"0x30e29987b2c141ad:0x7311ac4b1447495d","Payments","Debit cards","1"
"0x30e29987b2c141ad:0x7311ac4b1447495d","Payments","NFC mobile payments","1"
"0x30e29987b2c141ad:0x7311ac4b1447495d","Payments","Credit cards","1"
"0x30e29987b2c141ad:0x7311ac4b1447495d","Parking","Free parking lot","1"
"0x30e29987b2c141ad:0x7311ac4b1447495d","Parking","Paid parking lot","1"
"0x30e297f4e0e0d7cb:0xf4241f8e8ae72ed6","Accessibility","Wheelchair-accessible seating","1"
"0x30e297f4e0e0d7cb:0xf4241f8e8ae72ed6","Accessibility","Wheelchair-accessible toilet","1"
"0x30e297f4e0e0d7cb:0xf4241f8e8ae72ed6","Amenities","Toilet","1"
"0x30e297f4e0e0d7cb:0xf4241f8e8ae72ed6","Planning","Appointment required","1"
"0x30e297f4e0e0d7cb:0xf4241f8e8ae72ed6","Planning","Appointments recommended","1"
"0x30e297f4e0e0d7cb:0xf4241f8e8ae72ed6","Payments","Credit cards","1"
"0x30e297f4e0e0d7cb:0xf4241f8e8ae72ed6","Payments","Debit cards","1"
"0x30e297f4e0e0d7cb:0xf4241f8e8ae72ed6","Payments","NFC mobile payments","1"
"0x30e2a024b07552bf:0x176e9baf91aaf90a","Amenities","Toilet","1"
"0x30e2a024b07552bf:0x176e9baf91aaf90a","Planning","Appointments recommended","1"
"0x311d636f9db0b1bd:0x48003f16d02f817a","Amenities","Toilet","1"
"0x311d636f9db0b1bd:0x48003f16d02f817a","Planning","Appointments recommended","1"
"0x311d636f9db0b1bd:0x48003f16d02f817a","Payments","Credit cards","1"
"0x311d636f9db0b1bd:0x48003f16d02f817a","Payments","NFC mobile payments","1"
"0x30e29d8d3b113549:0xb6a340b4dd85bf03","Accessibility","Wheelchair-accessible toilet","1"
"0x30e29d8d3b113549:0xb6a340b4dd85bf03","Amenities","Gender-neutral toilets","1"
"0x30e29d8d3b113549:0xb6a340b4dd85bf03","Amenities","Toilet","1"
"0x30e29d8d3b113549:0xb6a340b4dd85bf03","Crowd","LGBTQ+ friendly","1"
"0x30e29d8d3b113549:0xb6a340b4dd85bf03","Crowd","Transgender safe space","1"
"0x30e29d8d3b113549:0xb6a340b4dd85bf03","Planning","Appointment required","1"
"0x30e29d8d3b113549:0xb6a340b4dd85bf03","Planning","Appointments recommended","1"
"0x30e29d8d3b113549:0xb6a340b4dd85bf03","Payments","Debit cards","1"
"0x30e29d8d3b113549:0xb6a340b4dd85bf03","Payments","NFC mobile payments","1"
"0x30e29b7ba15ed4c1:0x32a0255e4b8534d5","Amenities","Toilet","1"
"0x30e29b7ba15ed4c1:0x32a0255e4b8534d5","Planning","Appointments recommended","1"
"0x30e29b7ba15ed4c1:0x32a0255e4b8534d5","Payments","NFC mobile payments","1"
"0x30e29b10bd53765f:0xb09af80693d35acb","Accessibility","Wheelchair-accessible seating","1"
"0x30e29b10bd53765f:0xb09af80693d35acb","From the business","Identifies as women-owned","1"
"0x30e29b10bd53765f:0xb09af80693d35acb","Service options","On-site services","1"
"0x30e29b10bd53765f:0xb09af80693d35acb","Amenities","Gender-neutral toilets","1"
"0x30e29b10bd53765f:0xb09af80693d35acb","Amenities","Toilet","1"
"0x30e29b10bd53765f:0xb09af80693d35acb","Crowd","LGBTQ+ friendly","1"
"0x30e29b10bd53765f:0xb09af80693d35acb","Crowd","Transgender safe space","1"
"0x30e29b10bd53765f:0xb09af80693d35acb","Planning","Appointments recommended","1"
"0x30e29b10bd53765f:0xb09af80693d35acb","Payments","Credit cards","1"
"0x30e29b10bd53765f:0xb09af80693d35acb","Payments","Debit cards","1"
"0x30e29b10bd53765f:0xb09af80693d35acb","Payments","Credit cards","1"
"0x30e29b10bd53765f:0xb09af80693d35acb","Parking","Free of charge street parking","1"
"0x30e29b10bd53765f:0xb09af80693d35acb","Parking","Paid parking lot","1"
"0x30e29b2275efdf4d:0x84a0c09becc089d6","Amenities","Toilet","1"
"0x30e29b2275efdf4d:0x84a0c09becc089d6","Planning","Appointments recommended","1"
"0x30e29b2275efdf4d:0x84a0c09becc089d6","Payments","Credit cards","1"
"0x30e29b2275efdf4d:0x84a0c09becc089d6","Payments","Debit cards","1"
"0x30e29b2275efdf4d:0x84a0c09becc089d6","Payments","NFC mobile payments","1"
"0x30e299a08ce58af3:0x5d1362ae459427ba","Amenities","Toilet","1"
"0x30e299a08ce58af3:0x5d1362ae459427ba","Payments","Credit cards","1"
"0x30e299a08ce58af3:0x5d1362ae459427ba","Payments","Debit cards","1"
"0x30e299a08ce58af3:0x5d1362ae459427ba","Payments","NFC mobile payments","1"
"0x311d6261f5d0a971:0xd694e45ac1d1d685","Accessibility","Wheelchair-accessible entrance","1"
"0x311d6261f5d0a971:0xd694e45ac1d1d685","Accessibility","Wheelchair-accessible seating","1"
"0x311d6261f5d0a971:0xd694e45ac1d1d685","Amenities","Toilet","1"
"0x311d6261f5d0a971:0xd694e45ac1d1d685","Planning","Appointment required","1"
"0x311d6261f5d0a971:0xd694e45ac1d1d685","Planning","Appointments recommended","1"
"0x30e2bd6ad298fec1:0xd8a472eb7aa0f46b","Accessibility","Wheelchair-accessible toilet","1"
"0x30e2bd6ad298fec1:0xd8a472eb7aa0f46b","Amenities","Toilet","1"
"0x30e2bd6ad298fec1:0xd8a472eb7aa0f46b","Crowd","LGBTQ+ friendly","1"
"0x30e2bd6ad298fec1:0xd8a472eb7aa0f46b","Crowd","Transgender safe space","1"
"0x30e2bd6ad298fec1:0xd8a472eb7aa0f46b","Payments","Debit cards","1"
"0x30e2bd6ad298fec1:0xd8a472eb7aa0f46b","Payments","NFC mobile payments","1"
"0x30e2bd6ad298fec1:0xd8a472eb7aa0f46b","Payments","Credit cards","1"
"0x30e29fe0670200a7:0x4788093067bd1583","Amenities","Toilet","1"
"0x30e29fe0670200a7:0x4788093067bd1583","Planning","Appointments recommended","1"
"0x30e29fe0670200a7:0x4788093067bd1583","Payments","Credit cards","1"
"0x30e29fe0670200a7:0x4788093067bd1583","Payments","Debit cards","1"
"0x30e29fe0670200a7:0x4788093067bd1583","Payments","NFC mobile payments","1"
"0x30e29fc116c016dd:0xe07a44a71ab326be","Amenities","Toilet","1"
"0x30e29fc116c016dd:0xe07a44a71ab326be","Planning","Appointment required","1"
"0x30e29fc116c016dd:0xe07a44a71ab326be","Planning","Appointments recommended","1"
"0x30e29fc116c016dd:0xe07a44a71ab326be","Payments","Credit cards","1"
"0x30e29fc116c016dd:0xe07a44a71ab326be","Payments","Debit cards","1"
"0x30e29fc116c016dd:0xe07a44a71ab326be","Payments","NFC mobile payments","1"
"0x30e29fc116c016dd:0xe07a44a71ab326be","Payments","Credit cards","1"
"0x30e299bfc4836f23:0x66b9966c6650e5a5","Amenities","Toilet","1"
"0x30e299bfc4836f23:0x66b9966c6650e5a5","Planning","Appointments recommended","1"
"0x30e299bfc4836f23:0x66b9966c6650e5a5","Payments","NFC mobile payments","1"
"0x30e29d61c8a81fd3:0x4161878916261b1d","Accessibility","Wheelchair-accessible car park","1"
"0x30e29d61c8a81fd3:0x4161878916261b1d","Accessibility","Wheelchair-accessible entrance","1"
"0x30e29d61c8a81fd3:0x4161878916261b1d","Amenities","Toilet","1"
"0x30e29d61c8a81fd3:0x4161878916261b1d","Planning","Appointments recommended","1"
"0x30e29d61c8a81fd3:0x4161878916261b1d","Payments","Credit cards","1"
"0x30e29d61c8a81fd3:0x4161878916261b1d","Payments","Debit cards","1"
"0x30e29d61c8a81fd3:0x4161878916261b1d","Payments","NFC mobile payments","1"
"0x30e2bdb45c560c0f:0x13906955044affc4","Service options","On-site services","1"
"0x30e2bdb45c560c0f:0x13906955044affc4","Amenities","Toilet","1"
"0x30e2bdb45c560c0f:0x13906955044affc4","Payments","NFC mobile payments","1"
"0x30e2bdb45c560c0f:0x13906955044affc4","Parking","Free parking lot","1"
"0x30e2bdb45c560c0f:0x13906955044affc4","Parking","On-site parking","1"
"0x30e2a067821bb807:0xbbb4189aaa5a9d08","Amenities","Toilet","1"
"0x30e2a067821bb807:0xbbb4189aaa5a9d08","Planning","Appointments recommended","1"
"0x311d61fd781d73ab:0x5f03836ce8147267","Amenities","Toilet","1"
"0x30e29b92f45f7b55:0x53e5e497fda4d10b","Amenities","Toilet","1"
"0x30e29b92f45f7b55:0x53e5e497fda4d10b","Planning","Appointments recommended","1"
"0x30e29b92f45f7b55:0x53e5e497fda4d10b","Payments","Debit cards","1"
"0x30e29b92f45f7b55:0x53e5e497fda4d10b","Payments","NFC mobile payments","1"
"0x30e29c8550f43159:0xb84e9ab9631831bb","Amenities","Toilet","1"
"0x30e29c8550f43159:0xb84e9ab9631831bb","Planning","Appointment required","1"
"0x30e29c8550f43159:0xb84e9ab9631831bb","Planning","Appointments recommended","1"
"0x30e29c8550f43159:0xb84e9ab9631831bb","Payments","NFC mobile payments","1"
"0x30e2a2bf2ba39447:0xad23b6da338313f8","Amenities","Toilet","1"
"0x30e2a2bf2ba39447:0xad23b6da338313f8","Planning","Appointments recommended","1"
"0x30e2a2bf2ba39447:0xad23b6da338313f8","Payments","Credit cards","1"
"0x30e2a2bf2ba39447:0xad23b6da338313f8","Payments","Debit cards","1"
"0x30e2a2bf2ba39447:0xad23b6da338313f8","Payments","NFC mobile payments","1"
"0x30e2a23ca9cb61f3:0x73803a41d9374833","Amenities","Toilet","1"
"0x30e2a23ca9cb61f3:0x73803a41d9374833","Planning","Appointments recommended","1"
"0x311d6281c7b03c95:0x6760156a1dd0f53","Amenities","Toilet","1"
"0x311d6281c7b03c95:0x6760156a1dd0f53","Planning","Appointments recommended","1"
"0x311d6281c7b03c95:0x6760156a1dd0f53","Payments","Debit cards","1"
"0x311d6281c7b03c95:0x6760156a1dd0f53","Payments","NFC mobile payments","1"
"0x30e29ca4d6f5847b:0xdca9faa182ab2118","Amenities","Toilet","1"
"0x30e29ca4d6f5847b:0xdca9faa182ab2118","Planning","Appointments recommended","1"
"0x30e29ca4d6f5847b:0xdca9faa182ab2118","Payments","Debit cards","1"
"0x30e29ca4d6f5847b:0xdca9faa182ab2118","Payments","NFC mobile payments","1"
"0x30e29ca4d6f5847b:0xdca9faa182ab2118","Payments","Credit cards","1"
"0x30e29ddb51b04f71:0xca759f89d1826d1d","Accessibility","Wheelchair-accessible seating","1"
"0x30e29ddb51b04f71:0xca759f89d1826d1d","Accessibility","Wheelchair-accessible toilet","1"
"0x30e29ddb51b04f71:0xca759f89d1826d1d","From the business","Identifies as women-owned","1"
"0x30e29ddb51b04f71:0xca759f89d1826d1d","Amenities","Toilet","1"
"0x30e29ddb51b04f71:0xca759f89d1826d1d","Crowd","LGBTQ+ friendly","1"
"0x30e29ddb51b04f71:0xca759f89d1826d1d","Crowd","Transgender safe space","1"
"0x30e29ddb51b04f71:0xca759f89d1826d1d","Planning","Appointment required","1"
"0x30e29ddb51b04f71:0xca759f89d1826d1d","Planning","Appointments recommended","1"
"0x30e29ddb51b04f71:0xca759f89d1826d1d","Payments","Credit cards","1"
"0x30e29ddb51b04f71:0xca759f89d1826d1d","Payments","Debit cards","1"
"0x30e29ddb51b04f71:0xca759f89d1826d1d","Payments","NFC mobile payments","1"
"0x30e29d8103b1c7b7:0x54d38db63dbee05e","Accessibility","Wheelchair-accessible seating","1"
"0x30e29d8103b1c7b7:0x54d38db63dbee05e","Amenities","Gender-neutral toilets","1"
"0x30e29d8103b1c7b7:0x54d38db63dbee05e","Amenities","Toilet","1"
"0x30e29d8103b1c7b7:0x54d38db63dbee05e","Planning","Appointment required","1"
"0x30e29d8103b1c7b7:0x54d38db63dbee05e","Planning","Appointments recommended","1"
"0x30e29d8103b1c7b7:0x54d38db63dbee05e","Payments","Credit cards","1"
"0x30e29d8103b1c7b7:0x54d38db63dbee05e","Payments","Debit cards","1"
"0x30e29d8103b1c7b7:0x54d38db63dbee05e","Payments","NFC mobile payments","1"
"0x30e29af6a2852b6d:0x21521fc18ad825de","Accessibility","Wheelchair-accessible car park","1"
"0x30e29af6a2852b6d:0x21521fc18ad825de","Accessibility","Wheelchair-accessible entrance","1"
"0x30e29af6a2852b6d:0x21521fc18ad825de","Amenities","Toilet","1"
"0x30e29af6a2852b6d:0x21521fc18ad825de","Crowd","LGBTQ+ friendly","1"
"0x30e29af6a2852b6d:0x21521fc18ad825de","Crowd","Transgender safe space","1"
"0x30e29af6a2852b6d:0x21521fc18ad825de","Planning","Appointments recommended","1"
"0x30e29af6a2852b6d:0x21521fc18ad825de","Payments","Credit cards","1"
"0x30e29af6a2852b6d:0x21521fc18ad825de","Payments","Debit cards","1"
"0x30e29af6a2852b6d:0x21521fc18ad825de","Payments","NFC mobile payments","1"
"0x30e297276917ee55:0x25d5031bb62a748b","Accessibility","Assistive hearing loop","1"
"0x30e297276917ee55:0x25d5031bb62a748b","Accessibility","Wheelchair-accessible seating","1"
"0x30e297276917ee55:0x25d5031bb62a748b","Accessibility","Wheelchair-accessible toilet","1"
"0x30e297276917ee55:0x25d5031bb62a748b","Service options","On-site services","1"
"0x30e297276917ee55:0x25d5031bb62a748b","Amenities","Toilet","1"
"0x30e297276917ee55:0x25d5031bb62a748b","Crowd","LGBTQ+ friendly","1"
"0x30e297276917ee55:0x25d5031bb62a748b","Crowd","Transgender safe space","1"
"0x30e297276917ee55:0x25d5031bb62a748b","Planning","Appointment required","1"
"0x30e297276917ee55:0x25d5031bb62a748b","Planning","Appointments recommended","1"
"0x30e297276917ee55:0x25d5031bb62a748b","Payments","NFC mobile payments","1"
"0x30e297276917ee55:0x25d5031bb62a748b","Parking","Free multi-storey car park","1"
"0x30e297276917ee55:0x25d5031bb62a748b","Parking","Free of charge street parking","1"
"0x30e297276917ee55:0x25d5031bb62a748b","Parking","Free parking lot","1"
"0x30e297276917ee55:0x25d5031bb62a748b","Parking","On-site parking","1"
"0x30e2a004becc1f31:0x557293f07b790889","Amenities","Toilet","1"
"0x30e2a004becc1f31:0x557293f07b790889","Planning","Appointments recommended","1"
"0x30e2a004becc1f31:0x557293f07b790889","Payments","NFC mobile payments","1"
"0x311d5fc855021aef:0x6457a8995b0b4916","Amenities","Toilet","1"
"0x311d5fc855021aef:0x6457a8995b0b4916","Planning","Appointments recommended","1"
"0x311d5fc855021aef:0x6457a8995b0b4916","Payments","NFC mobile payments","1"
"0x30e29d26946f9901:0xfbcc4452ba693f7c","Amenities","Toilet","1"
"0x30e29d26946f9901:0xfbcc4452ba693f7c","Payments","Credit cards","1"
"0x30e29d26946f9901:0xfbcc4452ba693f7c","Payments","Debit cards","1"
"0x30e29d26946f9901:0xfbcc4452ba693f7c","Payments","NFC mobile payments","1"
"0x30e29d26946f9901:0xfbcc4452ba693f7c","Parking","On-site parking","1"
"0x311d61ea8480d3df:0xefd32e449f570e95","Accessibility","Wheelchair-accessible car park","1"
"0x311d61ea8480d3df:0xefd32e449f570e95","Accessibility","Wheelchair-accessible entrance","1"
"0x311d61ea8480d3df:0xefd32e449f570e95","Amenities","Toilet","1"
"0x311d61ea8480d3df:0xefd32e449f570e95","Planning","Appointments recommended","1"
"0x30e29d73a6799ebd:0x33d9870817ecb2b8","Amenities","Toilet","1"
"0x30e29d73a6799ebd:0x33d9870817ecb2b8","Planning","Appointments recommended","1"
"0x30e2970318d1ff0f:0x767aff252336a3e4","Accessibility","Wheelchair-accessible toilet","1"
"0x30e2970318d1ff0f:0x767aff252336a3e4","From the business","Identifies as women-owned","1"
"0x30e2970318d1ff0f:0x767aff252336a3e4","Offerings","Pediatric care","1"
"0x30e2970318d1ff0f:0x767aff252336a3e4","Amenities","Toilet","1"
"0x30e2970318d1ff0f:0x767aff252336a3e4","Planning","Appointments recommended","1"
"0x30e2970318d1ff0f:0x767aff252336a3e4","Payments","Debit cards","1"
"0x30e2970318d1ff0f:0x767aff252336a3e4","Payments","NFC mobile payments","1"
"0x30e2970318d1ff0f:0x767aff252336a3e4","Parking","Free of charge street parking","1"
"0x30e2970318d1ff0f:0x767aff252336a3e4","Parking","Free parking lot","1"
"0x30e2970318d1ff0f:0x767aff252336a3e4","Parking","On-site parking","1"
"0x311d612894efb829:0x2799b97b2e9429c","Amenities","Toilet","1"
"0x311d612894efb829:0x2799b97b2e9429c","Planning","Appointments recommended","1"
"0x311d612894efb829:0x2799b97b2e9429c","Parking","Free parking lot","1"
"0x311d612894efb829:0x2799b97b2e9429c","Parking","On-site parking","1"
"0x311d63e5b6636ccf:0x7365338158d6ffb","Amenities","Toilet","1"
"0x311d63e5b6636ccf:0x7365338158d6ffb","Payments","Credit cards","1"
"0x311d63e5b6636ccf:0x7365338158d6ffb","Parking","Free parking lot","1"
"0x311d63e5b6636ccf:0x7365338158d6ffb","Parking","On-site parking","1"
"0x311d619cd3a50ae1:0x2825ee7f5d6db04","Accessibility","Wheelchair-accessible seating","1"
"0x311d619cd3a50ae1:0x2825ee7f5d6db04","Accessibility","Wheelchair-accessible toilet","1"
"0x311d619cd3a50ae1:0x2825ee7f5d6db04","Service options","On-site services","1"
"0x311d619cd3a50ae1:0x2825ee7f5d6db04","Offerings","Cosmetic dentistry","1"
"0x311d619cd3a50ae1:0x2825ee7f5d6db04","Amenities","Gender-neutral toilets","1"
"0x311d619cd3a50ae1:0x2825ee7f5d6db04","Amenities","Toilet","1"
"0x311d619cd3a50ae1:0x2825ee7f5d6db04","Crowd","LGBTQ+ friendly","1"
"0x311d619cd3a50ae1:0x2825ee7f5d6db04","Crowd","Transgender safe space","1"
"0x311d619cd3a50ae1:0x2825ee7f5d6db04","Planning","Appointments recommended","1"
"0x311d619cd3a50ae1:0x2825ee7f5d6db04","Payments","Credit cards","1"
"0x311d619cd3a50ae1:0x2825ee7f5d6db04","Payments","Debit cards","1"
"0x311d619cd3a50ae1:0x2825ee7f5d6db04","Payments","Payment plans","1"
"0x311d619cd3a50ae1:0x2825ee7f5d6db04","Payments","Credit cards","1"
"0x311d619cd3a50ae1:0x2825ee7f5d6db04","Parking","Free of charge street parking","1"
"0x311d61925fe99ccf:0x12a96cc0e276a1ff","Amenities","Toilet","1"
"0x311d61925fe99ccf:0x12a96cc0e276a1ff","Planning","Appointments recommended","1"
"0x311d61925fe99ccf:0x12a96cc0e276a1ff","Payments","Credit cards","1"
"0x311d61925fe99ccf:0x12a96cc0e276a1ff","Payments","NFC mobile payments","1"
"0x311d61992ed624b5:0x21f442678c353d5","Accessibility","Wheelchair-accessible car park","1"
"0x311d61992ed624b5:0x21f442678c353d5","Payments","Credit cards","1"
"0x311d61992ed624b5:0x21f442678c353d5","Payments","Debit cards","1"
"0x311d61992ed624b5:0x21f442678c353d5","Payments","NFC mobile payments","1"
"0x311d61992ed624b5:0x21f442678c353d5","Parking","Free multi-storey car park","1"
"0x311d61992ed624b5:0x21f442678c353d5","Parking","Free parking lot","1"
"0x311d61992ed624b5:0x21f442678c353d5","Parking","On-site parking","1"
"0x311d618fbd715bad:0xb23d11cc02b95b3a","Amenities","Toilet","1"
"0x311d618fbd715bad:0xb23d11cc02b95b3a","Planning","Appointments recommended","1"
"0x311d618fbd715bad:0xb23d11cc02b95b3a","Payments","Credit cards","1"
"0x311d618fbd715bad:0xb23d11cc02b95b3a","Payments","Debit cards","1"
"0x311d618fbd715bad:0xb23d11cc02b95b3a","Payments","NFC mobile payments","1"
"0x311d618fbd715bad:0xb23d11cc02b95b3a","Parking","Free multi-storey car park","1"
"0x311d618fbd715bad:0xb23d11cc02b95b3a","Parking","Free parking lot","1"
"0x311d618fbd715bad:0xb23d11cc02b95b3a","Parking","On-site parking","1"
"0x311d603ca87c0453:0xf05f8e7b06a066d0","Accessibility","Wheelchair-accessible car park","1"
"0x311d603ca87c0453:0xf05f8e7b06a066d0","Accessibility","Wheelchair-accessible entrance","1"
"0x311d6100146a7ec3:0xc5103dde0eafc2d","Amenities","Toilet","1"
"0x311d6100146a7ec3:0xc5103dde0eafc2d","Planning","Appointments recommended","1"
"0x311d6193f344b14d:0x7d725964a5bdbfc0","Amenities","Toilet","1"
"0x311d6193f344b14d:0x7d725964a5bdbfc0","Planning","Appointments recommended","1"
"0x311d6193f344b14d:0x7d725964a5bdbfc0","Payments","Credit cards","1"
"0x311d6193f344b14d:0x7d725964a5bdbfc0","Payments","Debit cards","1"
"0x311d6193f344b14d:0x7d725964a5bdbfc0","Payments","NFC mobile payments","1"
"0x311d61ec5dd9036b:0x68f1e7d22a744c22","Accessibility","Wheelchair-accessible car park","1"
"0x311d61ec5dd9036b:0x68f1e7d22a744c22","Accessibility","Wheelchair-accessible entrance","1"
"0x311d63205b3ceb79:0xf3602eea4f7584ca","Amenities","Toilet","1"
"0x311d63205b3ceb79:0xf3602eea4f7584ca","Parking","Free parking lot","1"
"0x311d63205b3ceb79:0xf3602eea4f7584ca","Parking","On-site parking","1"
"0x30e29ba3bbbac9fb:0x7f868175a9a127ac","Amenities","Toilet","1"
"0x30e29ba3bbbac9fb:0x7f868175a9a127ac","Planning","Appointments recommended","1"
"0x30e29bb3e5ab0859:0x4c124803a9958f69","From the business","Identifies as women-owned","1"
"0x30e29bb3e5ab0859:0x4c124803a9958f69","Service options","On-site services","1"
"0x30e29bb3e5ab0859:0x4c124803a9958f69","Offerings","Pediatric care","1"
"0x30e29bb3e5ab0859:0x4c124803a9958f69","Amenities","Gender-neutral toilets","1"
"0x30e29bb3e5ab0859:0x4c124803a9958f69","Amenities","Toilet","1"
"0x30e29bb3e5ab0859:0x4c124803a9958f69","Crowd","LGBTQ+ friendly","1"
"0x30e29bb3e5ab0859:0x4c124803a9958f69","Crowd","Transgender safe space","1"
"0x30e29bb3e5ab0859:0x4c124803a9958f69","Planning","Appointment required","1"
"0x30e29bb3e5ab0859:0x4c124803a9958f69","Planning","Appointments recommended","1"
"0x30e29bb3e5ab0859:0x4c124803a9958f69","Payments","Credit cards","1"
"0x30e29bb3e5ab0859:0x4c124803a9958f69","Payments","Debit cards","1"
"0x30e29bb3e5ab0859:0x4c124803a9958f69","Payments","NFC mobile payments","1"
"0x30e2a3f2bb441221:0xa2884bae65d46017","Accessibility","Wheelchair-accessible car park","1"
"0x30e2a3f2bb441221:0xa2884bae65d46017","Amenities","Toilet","1"
"0x30e2a3f2bb441221:0xa2884bae65d46017","Planning","Appointments recommended","1"
"0x311d5fbcbe5bdc67:0xe123545777aa2361","Amenities","Toilet","1"
"0x311d5fbcbe5bdc67:0xe123545777aa2361","Planning","Appointments recommended","1"
"0x311d5fbcbe5bdc67:0xe123545777aa2361","Payments","Credit cards","1"
"0x311d5fbcbe5bdc67:0xe123545777aa2361","Payments","Debit cards","1"
"0x311d5fbcbe5bdc67:0xe123545777aa2361","Payments","NFC mobile payments","1"
"0x30e29b5c212e831d:0x22c61935d3d2d86c","Accessibility","Wheelchair-accessible car park","1"
"0x30e29b5c212e831d:0x22c61935d3d2d86c","Accessibility","Wheelchair-accessible entrance","1"
"0x30e29b5c212e831d:0x22c61935d3d2d86c","Accessibility","Wheelchair-accessible toilet","1"
"0x30e29b5c212e831d:0x22c61935d3d2d86c","Amenities","Toilet","1"
"0x30e29b5c212e831d:0x22c61935d3d2d86c","Planning","Appointments recommended","1"
"0x30e29b5c212e831d:0x22c61935d3d2d86c","Payments","NFC mobile payments","1"
"0x30e285006e0f7053:0x568fcc1d92bc4254","Amenities","Toilet","1"
"0x30e285006e0f7053:0x568fcc1d92bc4254","Planning","Appointments recommended","1"
"0x30e29b21fd604257:0xbcf90c35ebde81e5","Offerings","Cosmetic dentistry","1"
"0x30e29b21fd604257:0xbcf90c35ebde81e5","Amenities","Toilet","1"
"0x30e29b21fd604257:0xbcf90c35ebde81e5","Crowd","LGBTQ+ friendly","1"
"0x30e29b21fd604257:0xbcf90c35ebde81e5","Crowd","Transgender safe space","1"
"0x30e29b21fd604257:0xbcf90c35ebde81e5","Planning","Appointment required","1"
"0x30e29b21fd604257:0xbcf90c35ebde81e5","Planning","Appointments recommended","1"
"0x30e29b21fd604257:0xbcf90c35ebde81e5","Payments","Credit cards","1"
"0x30e29b21fd604257:0xbcf90c35ebde81e5","Payments","Debit cards","1"
"0x30e29b21fd604257:0xbcf90c35ebde81e5","Payments","NFC mobile payments","1"
"0x30e29b21fd604257:0xbcf90c35ebde81e5","Payments","Credit cards","1"
"0x30e29b21fd604257:0xbcf90c35ebde81e5","Parking","Free of charge street parking","1"
"0x30e29b21fd604257:0xbcf90c35ebde81e5","Parking","Free parking lot","1"
"0x30e29b21fd604257:0xbcf90c35ebde81e5","Parking","On-site parking","1"
"0x311d59445e605cd9:0x3359502196963058","Amenities","Toilet","1"
"0x311d59445e605cd9:0x3359502196963058","Crowd","LGBTQ+ friendly","1"
"0x311d59445e605cd9:0x3359502196963058","Crowd","Transgender safe space","1"
"0x311d59445e605cd9:0x3359502196963058","Planning","Appointments recommended","1"
"0x311d59445e605cd9:0x3359502196963058","Parking","Free multi-storey car park","1"
"0x311d59445e605cd9:0x3359502196963058","Parking","Free parking lot","1"
"0x311d59445e605cd9:0x3359502196963058","Parking","On-site parking","1"
"0x311d5f0026088699:0xef0f0b8bef66816f","Amenities","Toilet","1"
"0x311d5f0026088699:0xef0f0b8bef66816f","Planning","Appointments recommended","1"
"0x311d5f0026088699:0xef0f0b8bef66816f","Payments","Credit cards","1"
"0x311d5f0026088699:0xef0f0b8bef66816f","Payments","Debit cards","1"
"0x311d5f0026088699:0xef0f0b8bef66816f","Payments","NFC mobile payments","1"
"0x311d5f0026088699:0xef0f0b8bef66816f","Children","Nursing room","1"
"0x311d5f0026088699:0xef0f0b8bef66816f","Parking","Free multi-storey car park","1"
"0x311d5f0026088699:0xef0f0b8bef66816f","Parking","Free parking lot","1"
"0x311d5f0026088699:0xef0f0b8bef66816f","Parking","On-site parking","1"
"0x311d61228071f74b:0x5a1ca6a21f65e0e1","Amenities","Toilet","1"
"0x311d61228071f74b:0x5a1ca6a21f65e0e1","Planning","Appointments recommended","1"
"0x311d61228071f74b:0x5a1ca6a21f65e0e1","Payments","Credit cards","1"
"0x311d61228071f74b:0x5a1ca6a21f65e0e1","Payments","Debit cards","1"
"0x311d61228071f74b:0x5a1ca6a21f65e0e1","Payments","NFC mobile payments","1"
"0x311d61393bfb3e07:0x172d4b06a6e1f866","Accessibility","Wheelchair-accessible car park","1"
"0x311d61393bfb3e07:0x172d4b06a6e1f866","Accessibility","Wheelchair-accessible entrance","1"
"0x311d61393bfb3e07:0x172d4b06a6e1f866","Amenities","Toilet","1"
"0x311d61393bfb3e07:0x172d4b06a6e1f866","Planning","Appointments recommended","1"
"0x311d61393bfb3e07:0x172d4b06a6e1f866","Payments","Credit cards","1"
"0x311d61393bfb3e07:0x172d4b06a6e1f866","Payments","Debit cards","1"
"0x311d61393bfb3e07:0x172d4b06a6e1f866","Payments","NFC mobile payments","1"
"0x311d6186d0b86c9f:0xa229f3d327aa9f4b","Accessibility","Wheelchair-accessible entrance","1"
"0x311d6186d0b86c9f:0xa229f3d327aa9f4b","Service options","On-site services","1"
"0x311d6186d0b86c9f:0xa229f3d327aa9f4b","Offerings","Cosmetic dentistry","1"
"0x311d6186d0b86c9f:0xa229f3d327aa9f4b","Amenities","Toilet","1"
"0x311d6186d0b86c9f:0xa229f3d327aa9f4b","Planning","Appointments recommended","1"
"0x311d6186d0b86c9f:0xa229f3d327aa9f4b","Parking","Free parking lot","1"
"0x311d6186d0b86c9f:0xa229f3d327aa9f4b","Parking","On-site parking","1"
"0x30e283a611acd111:0x78df58f65bde42a3","Amenities","Toilet","1"
"0x30e283a611acd111:0x78df58f65bde42a3","Planning","Appointments recommended","1"
"0x30e283a611acd111:0x78df58f65bde42a3","Payments","NFC mobile payments","1"
"0x30e2a32c054b6f43:0x4ae6440d46a2abae","Amenities","Toilet","1"
"0x30e2a32c054b6f43:0x4ae6440d46a2abae","Planning","Appointments recommended","1"
"0x30e2a32c054b6f43:0x4ae6440d46a2abae","Parking","Free parking lot","1"
"0x30e2a3ed97859e83:0x2bfd926a70993051","Accessibility","Wheelchair-accessible toilet","1"
"0x30e2a3ed97859e83:0x2bfd926a70993051","Service options","On-site services","1"
"0x30e2a3ed97859e83:0x2bfd926a70993051","Amenities","Gender-neutral toilets","1"
"0x30e2a3ed97859e83:0x2bfd926a70993051","Amenities","Toilet","1"
"0x30e2a3ed97859e83:0x2bfd926a70993051","Planning","Appointment required","1"
"0x30e2a3ed97859e83:0x2bfd926a70993051","Planning","Appointments recommended","1"
"0x30e2a3ed97859e83:0x2bfd926a70993051","Payments","Credit cards","1"
"0x30e2a3ed97859e83:0x2bfd926a70993051","Payments","Debit cards","1"
"0x30e2a3ed97859e83:0x2bfd926a70993051","Payments","NFC mobile payments","1"
"0x30e2a3ed97859e83:0x2bfd926a70993051","Parking","Free parking lot","1"
"0x30e2a3ed97859e83:0x2bfd926a70993051","Parking","On-site parking","1"
"0x311d5f0f642119b5:0xb403c810e96f95ce","Accessibility","Wheelchair-accessible entrance","1"
"0x311d5f0f642119b5:0xb403c810e96f95ce","From the business","Identifies as women-owned","1"
"0x311d5f0f642119b5:0xb403c810e96f95ce","Amenities","Toilet","1"
"0x311d5f0f642119b5:0xb403c810e96f95ce","Crowd","LGBTQ+ friendly","1"
"0x311d5f0f642119b5:0xb403c810e96f95ce","Crowd","Transgender safe space","1"
"0x311d5f0f642119b5:0xb403c810e96f95ce","Planning","Appointments recommended","1"
"0x311d5f0f642119b5:0xb403c810e96f95ce","Payments","Credit cards","1"
"0x311d5f0f642119b5:0xb403c810e96f95ce","Payments","Debit cards","1"
"0x311d5f0f642119b5:0xb403c810e96f95ce","Payments","NFC mobile payments","1"
"0x311d5fde64e4d3c7:0xdd86117ecde5ba3c","Accessibility","Wheelchair-accessible car park","1"
"0x311d5fde64e4d3c7:0xdd86117ecde5ba3c","Accessibility","Wheelchair-accessible entrance","1"
"0x311d5fde64e4d3c7:0xdd86117ecde5ba3c","Service options","On-site services","1"
"0x311d5fde64e4d3c7:0xdd86117ecde5ba3c","Amenities","Toilet","1"
"0x311d5fde64e4d3c7:0xdd86117ecde5ba3c","Planning","Appointments recommended","1"
"0x311d5fde64e4d3c7:0xdd86117ecde5ba3c","Payments","Credit cards","1"
"0x311d5fde64e4d3c7:0xdd86117ecde5ba3c","Payments","Debit cards","1"
"0x311d5fde64e4d3c7:0xdd86117ecde5ba3c","Payments","NFC mobile payments","1"
"0x311d5f504b5453fd:0x69d6aee8a5e3a303","Accessibility","Wheelchair-accessible seating","1"
"0x311d5f504b5453fd:0x69d6aee8a5e3a303","Amenities","Gender-neutral toilets","1"
"0x311d5f504b5453fd:0x69d6aee8a5e3a303","Amenities","Toilet","1"
"0x311d5f504b5453fd:0x69d6aee8a5e3a303","Crowd","LGBTQ+ friendly","1"
"0x311d5f504b5453fd:0x69d6aee8a5e3a303","Crowd","Transgender safe space","1"
"0x311d5f504b5453fd:0x69d6aee8a5e3a303","Planning","Appointment required","1"
"0x311d5f504b5453fd:0x69d6aee8a5e3a303","Planning","Appointments recommended","1"
"0x311d5f504b5453fd:0x69d6aee8a5e3a303","Payments","Credit cards","1"
"0x311d5f504b5453fd:0x69d6aee8a5e3a303","Payments","Debit cards","1"
"0x311d5f504b5453fd:0x69d6aee8a5e3a303","Payments","NFC mobile payments","1"
"0x311d62c825643fd7:0x44a4edf8451be915","Accessibility","Assistive hearing loop","1"
"0x311d62c825643fd7:0x44a4edf8451be915","Accessibility","Wheelchair-accessible car park","1"
"0x311d62c825643fd7:0x44a4edf8451be915","Accessibility","Wheelchair-accessible entrance","1"
"0x311d62c825643fd7:0x44a4edf8451be915","Accessibility","Wheelchair-accessible seating","1"
"0x311d62c825643fd7:0x44a4edf8451be915","Service options","On-site services","1"
"0x311d62c825643fd7:0x44a4edf8451be915","Amenities","Gender-neutral toilets","1"
"0x311d62c825643fd7:0x44a4edf8451be915","Amenities","Toilet","1"
"0x311d62c825643fd7:0x44a4edf8451be915","Crowd","LGBTQ+ friendly","1"
"0x311d62c825643fd7:0x44a4edf8451be915","Crowd","Transgender safe space","1"
"0x311d62c825643fd7:0x44a4edf8451be915","Planning","Appointment required","1"
"0x311d62c825643fd7:0x44a4edf8451be915","Planning","Appointments recommended","1"
"0x311d62c825643fd7:0x44a4edf8451be915","Payments","Debit cards","1"
"0x311d62c825643fd7:0x44a4edf8451be915","Payments","NFC mobile payments","1"
"0x311d62c825643fd7:0x44a4edf8451be915","Parking","Free parking lot","1"
"0x311d62c825643fd7:0x44a4edf8451be915","Parking","On-site parking","1"
"0x30e29d2232bd57d1:0x5e7f79071f1b5a71","Accessibility","Wheelchair-accessible car park","1"
"0x30e29d2232bd57d1:0x5e7f79071f1b5a71","Accessibility","Wheelchair-accessible entrance","1"
"0x30e29d2232bd57d1:0x5e7f79071f1b5a71","Amenities","Toilet","1"
"0x30e2833d34de55cd:0xe3415a3ed68de2be","Accessibility","Wheelchair-accessible car park","1"
"0x30e2833d34de55cd:0xe3415a3ed68de2be","Accessibility","Wheelchair-accessible entrance","1"
"0x30e2833d34de55cd:0xe3415a3ed68de2be","Accessibility","Wheelchair-accessible toilet","1"
"0x30e2833d34de55cd:0xe3415a3ed68de2be","Offerings","Pediatric care","1"
"0x30e2833d34de55cd:0xe3415a3ed68de2be","Amenities","Toilet","1"
"0x30e2833d34de55cd:0xe3415a3ed68de2be","Planning","Appointments recommended","1"
"0x30e2833d34de55cd:0xe3415a3ed68de2be","Payments","Credit cards","1"
"0x30e2833d34de55cd:0xe3415a3ed68de2be","Payments","Debit cards","1"
"0x30e2833d34de55cd:0xe3415a3ed68de2be","Payments","NFC mobile payments","1"
"0x30e2833d34de55cd:0xe3415a3ed68de2be","Payments","Credit cards","1"
"0x30e29702d5e8a509:0x476524b6614f9f73","Amenities","Toilet","1"
"0x30e29702d5e8a509:0x476524b6614f9f73","Planning","Appointments recommended","1"
"0x30e29702d5e8a509:0x476524b6614f9f73","Payments","NFC mobile payments","1"
"0x30e2974182aff467:0xc8abef77a3390131","Accessibility","Wheelchair-accessible entrance","1"
"0x30e2974182aff467:0xc8abef77a3390131","Amenities","Toilet","1"
"0x30e2974182aff467:0xc8abef77a3390131","Planning","Appointments recommended","1"
"0x30e2974182aff467:0xc8abef77a3390131","Payments","Credit cards","1"
"0x30e2974182aff467:0xc8abef77a3390131","Payments","NFC mobile payments","1"
"0x30e2bc4902b38229:0x73492d18510d9af1","Amenities","Toilet","1"
"0x30e2bc4902b38229:0x73492d18510d9af1","Planning","Appointments recommended","1"
"0x30e2a3ca4f625661:0x5901237565db9ff3","Amenities","Toilet","1"
"0x30e2a3ca4f625661:0x5901237565db9ff3","Planning","Appointment required","1"
"0x30e2a3ca4f625661:0x5901237565db9ff3","Planning","Appointments recommended","1"
"0x311d5f0905081fdb:0x993bcdde561c99dc","Amenities","Toilet","1"
"0x311d5f0905081fdb:0x993bcdde561c99dc","Planning","Appointments recommended","1"
"0x311d5f0905081fdb:0x993bcdde561c99dc","Payments","NFC mobile payments","1"
"0x311d5f0905081fdb:0x993bcdde561c99dc","Parking","Free parking lot","1"
"0x30e2a08555555555:0x8357032cb823c794","Amenities","Toilet","1"
"0x311d6075c6d34f07:0x81ee2f22df1241c7","Accessibility","Wheelchair-accessible car park","1"
"0x311d6075c6d34f07:0x81ee2f22df1241c7","Accessibility","Wheelchair-accessible entrance","1"
"0x311d6075c6d34f07:0x81ee2f22df1241c7","Amenities","Toilet","1"
"0x311d6075c6d34f07:0x81ee2f22df1241c7","Planning","Appointments recommended","1"
"0x30e2988dd014481b:0x4ee55ad19f6b65e7","Accessibility","Wheelchair-accessible car park","1"
"0x30e2988dd014481b:0x4ee55ad19f6b65e7","Accessibility","Wheelchair-accessible entrance","1"
"0x30e2988dd014481b:0x4ee55ad19f6b65e7","Amenities","Toilet","1"
"0x30e2988dd014481b:0x4ee55ad19f6b65e7","Planning","Appointments recommended","1"
"0x30e29e189e4a7abb:0x9bcdcbdc26df9cd","Accessibility","Wheelchair-accessible seating","1"
"0x30e29e189e4a7abb:0x9bcdcbdc26df9cd","Accessibility","Wheelchair-accessible toilet","1"
"0x30e29e189e4a7abb:0x9bcdcbdc26df9cd","Amenities","Gender-neutral toilets","1"
"0x30e29e189e4a7abb:0x9bcdcbdc26df9cd","Amenities","Toilet","1"
"0x30e29e189e4a7abb:0x9bcdcbdc26df9cd","Crowd","LGBTQ+ friendly","1"
"0x30e29e189e4a7abb:0x9bcdcbdc26df9cd","Crowd","Transgender safe space","1"
"0x30e29e189e4a7abb:0x9bcdcbdc26df9cd","Planning","Appointment required","1"
"0x30e29e189e4a7abb:0x9bcdcbdc26df9cd","Planning","Appointments recommended","1"
"0x30e29e189e4a7abb:0x9bcdcbdc26df9cd","Payments","Credit cards","1"
"0x30e29e189e4a7abb:0x9bcdcbdc26df9cd","Payments","Debit cards","1"
"0x30e29e189e4a7abb:0x9bcdcbdc26df9cd","Payments","Credit cards","1"
"0x30e29e5511e0a255:0xa9f4f72fa8144b75","Accessibility","Wheelchair-accessible car park","1"
"0x30e29e5511e0a255:0xa9f4f72fa8144b75","Accessibility","Wheelchair-accessible entrance","1"
"0x30e29e5511e0a255:0xa9f4f72fa8144b75","Accessibility","Wheelchair-accessible seating","1"
"0x30e29e5511e0a255:0xa9f4f72fa8144b75","Service options","On-site services","1"
"0x30e29e5511e0a255:0xa9f4f72fa8144b75","Offerings","Medication disposal","1"
"0x30e29e5511e0a255:0xa9f4f72fa8144b75","Payments","Credit cards","1"
"0x30e29e5511e0a255:0xa9f4f72fa8144b75","Payments","Debit cards","1"
"0x30e29e5511e0a255:0xa9f4f72fa8144b75","Payments","NFC mobile payments","1"
"0x30e29e5511e0a255:0xa9f4f72fa8144b75","Payments","Credit cards","1"
"0x30e29e5511e0a255:0xa9f4f72fa8144b75","Parking","Free parking lot","1"
"0x30e29e5511e0a255:0xa9f4f72fa8144b75","Parking","Paid parking lot","1"
"0x30e29db52ff0ce63:0x4e20ad15c4c7aa72","Accessibility","Wheelchair-accessible entrance","1"
"0x30e29db52ff0ce63:0x4e20ad15c4c7aa72","Accessibility","Wheelchair-accessible toilet","1"
"0x30e29db52ff0ce63:0x4e20ad15c4c7aa72","Amenities","Toilet","1"
"0x30e29db52ff0ce63:0x4e20ad15c4c7aa72","Crowd","LGBTQ+ friendly","1"
"0x30e29db52ff0ce63:0x4e20ad15c4c7aa72","Planning","Appointments recommended","1"
"0x30e29db52ff0ce63:0x4e20ad15c4c7aa72","Payments","Credit cards","1"
"0x30e29db52ff0ce63:0x4e20ad15c4c7aa72","Payments","Debit cards","1"
"0x30e29db52ff0ce63:0x4e20ad15c4c7aa72","Payments","NFC mobile payments","1"
"0x30e29db52ff0ce63:0x4e20ad15c4c7aa72","Payments","Credit cards","1"
"0x30e29db52ff0ce63:0x4e20ad15c4c7aa72","Parking","Paid parking lot","1"
"0x30e2981b16ffefad:0xe548c12de57570b0","Amenities","Toilet","1"
"0x30e2981b16ffefad:0xe548c12de57570b0","Planning","Appointments recommended","1"
"0x30e299962990571f:0x38d55098ba0cdf1b","Accessibility","Wheelchair-accessible car park","1"
"0x30e299962990571f:0x38d55098ba0cdf1b","Service options","On-site services","1"
"0x30e299962990571f:0x38d55098ba0cdf1b","Offerings","Cosmetic dentistry","1"
"0x30e299962990571f:0x38d55098ba0cdf1b","Amenities","Toilet","1"
"0x30e299962990571f:0x38d55098ba0cdf1b","Planning","Appointment required","1"
"0x30e299962990571f:0x38d55098ba0cdf1b","Planning","Appointments recommended","1"
"0x30e299962990571f:0x38d55098ba0cdf1b","Payments","Credit cards","1"
"0x30e299962990571f:0x38d55098ba0cdf1b","Payments","Debit cards","1"
"0x30e299962990571f:0x38d55098ba0cdf1b","Payments","NFC mobile payments","1"
"0x30e299962990571f:0x38d55098ba0cdf1b","Payments","Credit cards","1"
"0x30e299962990571f:0x38d55098ba0cdf1b","Parking","Free parking lot","1"
"0x311d63e801500b5b:0xddaa679bcaa1b54","Offerings","Pediatric care","1"
"0x311d63e801500b5b:0xddaa679bcaa1b54","Amenities","Toilet","1"
"0x311d63e801500b5b:0xddaa679bcaa1b54","Planning","Appointments recommended","1"
"0x311d63e801500b5b:0xddaa679bcaa1b54","Payments","NFC mobile payments","1"
"0x30e29dfbaa808077:0x733cb07e6947e276","Amenities","Toilet","1"
"0x30e29dfbaa808077:0x733cb07e6947e276","Planning","Appointments recommended","1"
"0x30e29dfbaa808077:0x733cb07e6947e276","Parking","Free multi-storey car park","1"
"0x30e29dfbaa808077:0x733cb07e6947e276","Parking","Free parking lot","1"
"0x30e29dfbaa808077:0x733cb07e6947e276","Parking","On-site parking","1"
"0x30e29dfbaa808077:0x733cb07e6947e276","Parking","Paid parking lot","1"
"0x30e29feea867ddb5:0xb79e6a148fa29317","Amenities","Toilet","1"
"0x30e29feea867ddb5:0xb79e6a148fa29317","Planning","Appointments recommended","1"
"0x30e29feea867ddb5:0xb79e6a148fa29317","Payments","Debit cards","1"
"0x30e29feea867ddb5:0xb79e6a148fa29317","Payments","Credit cards","1"
"0x30e29feea867ddb5:0xb79e6a148fa29317","Parking","Paid multi-storey car park","1"
"0x30e29feea867ddb5:0xb79e6a148fa29317","Parking","Paid parking lot","1"
"0x30e2a272d3115ee9:0x3f8e888fe86cfd08","Accessibility","Wheelchair-accessible car park","1"
"0x30e2a272d3115ee9:0x3f8e888fe86cfd08","Accessibility","Wheelchair-accessible entrance","1"
"0x30e2a272d3115ee9:0x3f8e888fe86cfd08","Amenities","Toilet","1"
"0x311d61975dc4a72d:0xcca4d3bb4241c497","Amenities","Toilet","1"
"0x311d61975dc4a72d:0xcca4d3bb4241c497","Planning","Appointments recommended","1"
"0x311d61975dc4a72d:0xcca4d3bb4241c497","Payments","NFC mobile payments","1"
"0x30e29b85cdd81331:0x784879df37f6f169","Amenities","Toilet","1"
"0x30e29b85cdd81331:0x784879df37f6f169","Planning","Appointments recommended","1"
"0x30e29b85cdd81331:0x784879df37f6f169","Payments","Credit cards","1"
"0x30e29b85cdd81331:0x784879df37f6f169","Payments","Debit cards","1"
"0x30e29b85cdd81331:0x784879df37f6f169","Payments","NFC mobile payments","1"
"0x311d61f34afbbd59:0x51d9f466e840c9dc","Amenities","Toilet","1"
"0x311d61f34afbbd59:0x51d9f466e840c9dc","Planning","Appointments recommended","1"
"0x311d611b961d6985:0xd3da7c692db8a38b","Accessibility","Wheelchair-accessible toilet","1"
"0x311d611b961d6985:0xd3da7c692db8a38b","Amenities","Toilet","1"
"0x311d611b961d6985:0xd3da7c692db8a38b","Planning","Appointments recommended","1"
"0x311d611b961d6985:0xd3da7c692db8a38b","Payments","Credit cards","1"
"0x311d611b961d6985:0xd3da7c692db8a38b","Payments","NFC mobile payments","1"
"0x30e2a17bdcd26d5f:0xbce332bfb5f5b0a2","Service options","On-site services","1"
"0x30e2a17bdcd26d5f:0xbce332bfb5f5b0a2","Amenities","Toilet","1"
"0x30e2a17bdcd26d5f:0xbce332bfb5f5b0a2","Crowd","LGBTQ+ friendly","1"
"0x30e2a17bdcd26d5f:0xbce332bfb5f5b0a2","Crowd","Transgender safe space","1"
"0x30e2a17bdcd26d5f:0xbce332bfb5f5b0a2","Planning","Appointment required","1"
"0x30e2a17bdcd26d5f:0xbce332bfb5f5b0a2","Planning","Appointments recommended","1"
"0x30e2a17bdcd26d5f:0xbce332bfb5f5b0a2","Payments","Credit cards","1"
"0x30e2a17bdcd26d5f:0xbce332bfb5f5b0a2","Payments","Debit cards","1"
"0x30e2a17bdcd26d5f:0xbce332bfb5f5b0a2","Payments","NFC mobile payments","1"
"0x311d6178c5184407:0x553ee19f937d97dc","From the business","Identifies as women-owned","1"
"0x311d6178c5184407:0x553ee19f937d97dc","Service options","On-site services","1"
"0x311d6178c5184407:0x553ee19f937d97dc","Amenities","Gender-neutral toilets","1"
"0x311d6178c5184407:0x553ee19f937d97dc","Amenities","Toilet","1"
"0x311d6178c5184407:0x553ee19f937d97dc","Crowd","LGBTQ+ friendly","1"
"0x311d6178c5184407:0x553ee19f937d97dc","Crowd","Transgender safe space","1"
"0x311d6178c5184407:0x553ee19f937d97dc","Planning","Appointments recommended","1"
"0x311d6178c5184407:0x553ee19f937d97dc","Payments","Credit cards","1"
"0x311d6178c5184407:0x553ee19f937d97dc","Payments","Debit cards","1"
"0x311d6178c5184407:0x553ee19f937d97dc","Payments","NFC mobile payments","1"
"0x311d6178c5184407:0x553ee19f937d97dc","Children","Nursing room","1"
"0x311d6178c5184407:0x553ee19f937d97dc","Parking","Free multi-storey car park","1"
"0x311d6178c5184407:0x553ee19f937d97dc","Parking","Free of charge street parking","1"
"0x311d6178c5184407:0x553ee19f937d97dc","Parking","Free parking lot","1"
"0x311d6178c5184407:0x553ee19f937d97dc","Parking","On-site parking","1"
"0x30e29d0020cae057:0x6aa7763c69c70209","Amenities","Toilet","1"
"0x30e29d0020cae057:0x6aa7763c69c70209","Planning","Appointments recommended","1"
"0x30e29d0020cae057:0x6aa7763c69c70209","Payments","Credit cards","1"
"0x30e29d0020cae057:0x6aa7763c69c70209","Payments","Debit cards","1"
"0x30e29d0020cae057:0x6aa7763c69c70209","Payments","NFC mobile payments","1"
"0x30e29b55921900b7:0x889d7b389f92c4db","Amenities","Toilet","1"
"0x30e29b55921900b7:0x889d7b389f92c4db","Planning","Appointments recommended","1"
"0x30e29b55921900b7:0x889d7b389f92c4db","Payments","Credit cards","1"
"0x30e29b55921900b7:0x889d7b389f92c4db","Payments","Debit cards","1"
"0x30e29b55921900b7:0x889d7b389f92c4db","Payments","NFC mobile payments","1"
"0x30e299e13ca0eda5:0x9a81af58f887abb3","Accessibility","Wheelchair-accessible car park","1"
"0x30e299e13ca0eda5:0x9a81af58f887abb3","Accessibility","Wheelchair-accessible entrance","1"
"0x30e299e13ca0eda5:0x9a81af58f887abb3","Accessibility","Wheelchair-accessible toilet","1"
"0x30e299e13ca0eda5:0x9a81af58f887abb3","Service options","In-store shopping","1"
"0x30e299e13ca0eda5:0x9a81af58f887abb3","Service options","On-site services","1"
"0x30e299e13ca0eda5:0x9a81af58f887abb3","Amenities","Toilet","1"
"0x30e299e13ca0eda5:0x9a81af58f887abb3","Payments","Credit cards","1"
"0x30e299e13ca0eda5:0x9a81af58f887abb3","Payments","Debit cards","1"
"0x30e299e13ca0eda5:0x9a81af58f887abb3","Payments","NFC mobile payments","1"
"0x30e299e13ca0eda5:0x9a81af58f887abb3","Parking","Free of charge street parking","1"
"0x30e299e13ca0eda5:0x9a81af58f887abb3","Parking","Free parking lot","1"
"0x30e299e13ca0eda5:0x9a81af58f887abb3","Parking","Paid parking lot","1"
"0x30e29cfd314577f9:0x21631e822ee44118","Amenities","Restroom","1"
"0x30e29cfd314577f9:0x21631e822ee44118","Planning","Appointments recommended","1"
"0x30e29cfd314577f9:0x21631e822ee44118","Payments","NFC mobile payments","1"
"0x30e29d5ddf294f7d:0x5108073eabf042ef","Amenities","Toilet","1"
"0x30e29d5ddf294f7d:0x5108073eabf042ef","Planning","Appointments recommended","1"
"0x30e29d83a419e117:0x60157472a7ba0511","Amenities","Restroom","1"
"0x30e29d83a419e117:0x60157472a7ba0511","Planning","Appointments recommended","1"
"0x30e29d83a419e117:0x60157472a7ba0511","Payments","Credit cards","1"
"0x30e29d83a419e117:0x60157472a7ba0511","Payments","Debit cards","1"
"0x30e29d83a419e117:0x60157472a7ba0511","Payments","NFC mobile payments","1"
"0x30e29b587f49bf35:0x1f393e13e6c3186b","Accessibility","Wheelchair-accessible entrance","1"
"0x30e29b587f49bf35:0x1f393e13e6c3186b","Accessibility","Wheelchair-accessible toilet","1"
"0x30e29b587f49bf35:0x1f393e13e6c3186b","Amenities","Toilet","1"
"0x30e29b587f49bf35:0x1f393e13e6c3186b","Planning","Appointments recommended","1"
"0x30e29b587f49bf35:0x1f393e13e6c3186b","Payments","Credit cards","1"
"0x30e29b587f49bf35:0x1f393e13e6c3186b","Payments","Debit cards","1"
"0x30e29b587f49bf35:0x1f393e13e6c3186b","Payments","NFC mobile payments","1"
"0x30e29b079bf5da7f:0xe34091c340229cd1","Accessibility","Wheelchair-accessible car park","1"
"0x30e29b079bf5da7f:0xe34091c340229cd1","Accessibility","Wheelchair-accessible seating","1"
"0x30e29b079bf5da7f:0xe34091c340229cd1","Accessibility","Wheelchair-accessible toilet","1"
"0x30e29b079bf5da7f:0xe34091c340229cd1","Service options","On-site services","1"
"0x30e29b079bf5da7f:0xe34091c340229cd1","Offerings","Cosmetic dentistry","1"
"0x30e29b079bf5da7f:0xe34091c340229cd1","Amenities","Toilet","1"
"0x30e29b079bf5da7f:0xe34091c340229cd1","Planning","Appointment required","1"
"0x30e29b079bf5da7f:0xe34091c340229cd1","Planning","Appointments recommended","1"
"0x30e29b079bf5da7f:0xe34091c340229cd1","Payments","Credit cards","1"
"0x30e29b079bf5da7f:0xe34091c340229cd1","Payments","Debit cards","1"
"0x30e29b079bf5da7f:0xe34091c340229cd1","Payments","NFC mobile payments","1"
"0x30e29b079bf5da7f:0xe34091c340229cd1","Payments","Credit cards","1"
"0x30e29b079bf5da7f:0xe34091c340229cd1","Parking","On-site parking","1"
"0x30e29b079bf5da7f:0xe34091c340229cd1","Parking","Paid parking lot","1"
"0x30e29b5aac751ff9:0x1e0e91c57d046c7","Accessibility","Wheelchair accessible entrance","1"
"0x30e29b5aac751ff9:0x1e0e91c57d046c7","Accessibility","Wheelchair accessible parking lot","1"
"0x30e29b5aac751ff9:0x1e0e91c57d046c7","Accessibility","Wheelchair accessible seating","1"
"0x30e29b5aac751ff9:0x1e0e91c57d046c7","Amenities","Gender-neutral restroom","1"
"0x30e29b5aac751ff9:0x1e0e91c57d046c7","Amenities","Restroom","1"
"0x30e29b5aac751ff9:0x1e0e91c57d046c7","Crowd","LGBTQ+ friendly","1"
"0x30e29b5aac751ff9:0x1e0e91c57d046c7","Crowd","Transgender safespace","1"
"0x30e29b5aac751ff9:0x1e0e91c57d046c7","Planning","Appointment required","1"
"0x30e29b5aac751ff9:0x1e0e91c57d046c7","Planning","Appointments recommended","1"
"0x30e29b5aac751ff9:0x1e0e91c57d046c7","Payments","Credit cards","1"
"0x30e29b5aac751ff9:0x1e0e91c57d046c7","Payments","Debit cards","1"
"0x30e29b5aac751ff9:0x1e0e91c57d046c7","Payments","NFC mobile payments","1"
"0x30e29b5aac751ff9:0x1e0e91c57d046c7","Payments","Credit cards","1"
"0x30e29b5aac751ff9:0x1e0e91c57d046c7","Parking","Free parking lot","1"
"0x30e29b5aac751ff9:0x1e0e91c57d046c7","Parking","On-site parking","1"
"0x30e29afac1cf7437:0xef2c52d6f72a31f2","Amenities","Toilet","1"
"0x30e29afac1cf7437:0xef2c52d6f72a31f2","Planning","Appointments recommended","1"
"0x30e29afac1cf7437:0xef2c52d6f72a31f2","Payments","NFC mobile payments","1"
"0x30e29ab57cefd1b1:0x3c3d27204ba0c7cc","Accessibility","Wheelchair-accessible car park","1"
"0x30e29ab57cefd1b1:0x3c3d27204ba0c7cc","Amenities","Toilet","1"
"0x30e29ab57cefd1b1:0x3c3d27204ba0c7cc","Planning","Appointments recommended","1"
"0x30e29ab57cefd1b1:0x3c3d27204ba0c7cc","Payments","NFC mobile payments","1"
"0x30e29ab57cefd1b1:0x3c3d27204ba0c7cc","Parking","On-site parking","1"
"0x30e299e44c227cd9:0xa770f8cdfc8eb334","Accessibility","Wheelchair-accessible car park","1"
"0x30e299e44c227cd9:0xa770f8cdfc8eb334","Accessibility","Wheelchair-accessible entrance","1"
"0x30e299e44c227cd9:0xa770f8cdfc8eb334","Service options","Delivery","1"
"0x30e299e44c227cd9:0xa770f8cdfc8eb334","Service options","In-store pick-up","1"
"0x30e299e44c227cd9:0xa770f8cdfc8eb334","Service options","In-store shopping","1"
"0x30e299e44c227cd9:0xa770f8cdfc8eb334","Service options","On-site services","1"
"0x30e299e44c227cd9:0xa770f8cdfc8eb334","Planning","Quick visit","1"
"0x30e299e44c227cd9:0xa770f8cdfc8eb334","Payments","Credit cards","1"
"0x30e299e44c227cd9:0xa770f8cdfc8eb334","Payments","Debit cards","1"
"0x30e299e44c227cd9:0xa770f8cdfc8eb334","Payments","NFC mobile payments","1"
"0x311d616eb76eca09:0x6ee7dedbe1d49070","Amenities","Toilet","1"
"0x311d616eb76eca09:0x6ee7dedbe1d49070","Planning","Appointments recommended","1"
"0x311d616eb76eca09:0x6ee7dedbe1d49070","Payments","Credit cards","1"
"0x311d616eb76eca09:0x6ee7dedbe1d49070","Payments","Debit cards","1"
"0x311d616eb76eca09:0x6ee7dedbe1d49070","Payments","NFC mobile payments","1"
"0x30e29c39f0206371:0x991850bef70a5258","Amenities","Toilet","1"
"0x30e29c39f0206371:0x991850bef70a5258","Planning","Appointments recommended","1"
"0x30e29b6fb0278009:0xb238cc449ba75f0e","Amenities","Toilet","1"
"0x30e29b6fb0278009:0xb238cc449ba75f0e","Planning","Appointments recommended","1"
"0x30e29b6fb0278009:0xb238cc449ba75f0e","Payments","NFC mobile payments","1"
"0x30e29b6fb0278009:0xb238cc449ba75f0e","Parking","Free parking lot","1"
"0x30e29b6fb0278009:0xb238cc449ba75f0e","Parking","On-site parking","1"
"0x30e29991f01b6971:0x8e23494e6fb4ef99","Accessibility","Wheelchair-accessible entrance","1"
"0x30e29991f01b6971:0x8e23494e6fb4ef99","Amenities","Toilet","1"
"0x30e29991f01b6971:0x8e23494e6fb4ef99","Planning","Appointment required","1"
"0x30e29991f01b6971:0x8e23494e6fb4ef99","Planning","Appointments recommended","1"
"0x311d616ca4a08d63:0x2aefe66ba5032b5b","Service options","On-site services","1"
"0x311d616ca4a08d63:0x2aefe66ba5032b5b","Offerings","Cosmetic dentistry","1"
"0x311d616ca4a08d63:0x2aefe66ba5032b5b","Amenities","Toilet","1"
"0x311d616ca4a08d63:0x2aefe66ba5032b5b","Crowd","LGBTQ+ friendly","1"
"0x311d616ca4a08d63:0x2aefe66ba5032b5b","Crowd","Transgender safe space","1"
"0x311d616ca4a08d63:0x2aefe66ba5032b5b","Planning","Appointment required","1"
"0x311d616ca4a08d63:0x2aefe66ba5032b5b","Planning","Appointments recommended","1"
"0x311d616ca4a08d63:0x2aefe66ba5032b5b","Payments","Credit cards","1"
"0x311d616ca4a08d63:0x2aefe66ba5032b5b","Parking","Free parking lot","1"
"0x311d616ca4a08d63:0x2aefe66ba5032b5b","Parking","On-site parking","1"
"0x30e2984158f1ea23:0xf7ac49e1b5a6e651","Amenities","Toilet","1"
"0x30e299aa6de7991b:0x17559c426d4a4fb6","Amenities","Toilet","1"
"0x30e2919d6c925a47:0xae452fdedce8ecd8","Amenities","Toilet","1"
"0x30e2919d6c925a47:0xae452fdedce8ecd8","Planning","Appointments recommended","1"
"0x30e2919d6c925a47:0xae452fdedce8ecd8","Payments","NFC mobile payments","1"
"0x30e29a3514919cdb:0x38e890fee2e731c3","Amenities","Toilet","1"
"0x30e29a3514919cdb:0x38e890fee2e731c3","Planning","Appointments recommended","1"
"0x30e29791eeb23d59:0xae8bb59c432426c9","Amenities","Toilet","1"
"0x30e29791eeb23d59:0xae8bb59c432426c9","Planning","Appointments recommended","1"
"0x30e29791eeb23d59:0xae8bb59c432426c9","Payments","Credit cards","1"
"0x30e29791eeb23d59:0xae8bb59c432426c9","Payments","Debit cards","1"
"0x30e29791eeb23d59:0xae8bb59c432426c9","Payments","NFC mobile payments","1"
"0x30e2990d6f6fd079:0xb74c8516533d453f","Offerings","Cosmetic dentistry","1"
"0x30e2990d6f6fd079:0xb74c8516533d453f","Offerings","Emergency services","1"
"0x30e2990d6f6fd079:0xb74c8516533d453f","Offerings","Pediatric care","1"
"0x30e2990d6f6fd079:0xb74c8516533d453f","Offerings","Sedation dentistry","1"
"0x30e2990d6f6fd079:0xb74c8516533d453f","Amenities","Toilet","1"
"0x30e2990d6f6fd079:0xb74c8516533d453f","Crowd","LGBTQ+ friendly","1"
"0x30e2990d6f6fd079:0xb74c8516533d453f","Crowd","Transgender safe space","1"
"0x30e2990d6f6fd079:0xb74c8516533d453f","Parking","Free multi-storey car park","1"
"0x30e2990d6f6fd079:0xb74c8516533d453f","Parking","Free of charge street parking","1"
"0x30e2990d6f6fd079:0xb74c8516533d453f","Parking","Free parking lot","1"
"0x30e2990d6f6fd079:0xb74c8516533d453f","Parking","On-site parking","1"
"0x30e2990d6f6fd079:0xb74c8516533d453f","Parking","Paid multi-storey car park","1"
"0x30e2990d6f6fd079:0xb74c8516533d453f","Parking","Paid parking lot","1"
"0x30e29f00e1bf5b47:0x7047b56c2ea56a74","Amenities","Toilet","1"
"0x30e29f00e1bf5b47:0x7047b56c2ea56a74","Planning","Appointments recommended","1"
"0x30e29f00e1bf5b47:0x7047b56c2ea56a74","Payments","Credit cards","1"
"0x30e29f00e1bf5b47:0x7047b56c2ea56a74","Payments","Debit cards","1"
"0x30e29f00e1bf5b47:0x7047b56c2ea56a74","Payments","NFC mobile payments","1"
"0x30e29f00e1bf5b47:0x7047b56c2ea56a74","Payments","Credit cards","1"
"0x30e29db90ac93b0b:0x3c20aa9dcfa20a4d","Accessibility","Wheelchair-accessible toilet","1"
"0x30e29db90ac93b0b:0x3c20aa9dcfa20a4d","Amenities","Gender-neutral toilets","1"
"0x30e29db90ac93b0b:0x3c20aa9dcfa20a4d","Amenities","Toilet","1"
"0x30e29db90ac93b0b:0x3c20aa9dcfa20a4d","Crowd","LGBTQ+ friendly","1"
"0x30e29db90ac93b0b:0x3c20aa9dcfa20a4d","Crowd","Transgender safe space","1"
"0x30e29db90ac93b0b:0x3c20aa9dcfa20a4d","Planning","Appointment required","1"
"0x30e29db90ac93b0b:0x3c20aa9dcfa20a4d","Planning","Appointments recommended","1"
"0x30e29db90ac93b0b:0x3c20aa9dcfa20a4d","Payments","Credit cards","1"
"0x30e29db90ac93b0b:0x3c20aa9dcfa20a4d","Payments","NFC mobile payments","1"
"0x311d61006528ad33:0x69d88b97a287e59d","Amenities","Toilet","1"
"0x311d61006528ad33:0x69d88b97a287e59d","Planning","Appointments recommended","1"
"0x311d6220e90d3c33:0x434e905a7057ae7a","Amenities","Gender-neutral toilets","1"
"0x311d6220e90d3c33:0x434e905a7057ae7a","Amenities","Toilet","1"
"0x311d6220e90d3c33:0x434e905a7057ae7a","Crowd","Transgender safe space","1"
"0x311d6220e90d3c33:0x434e905a7057ae7a","Planning","Appointment required","1"
"0x311d6220e90d3c33:0x434e905a7057ae7a","Planning","Appointments recommended","1"
"0x311d6220e90d3c33:0x434e905a7057ae7a","Payments","Credit cards","1"
"0x311d61c42c56eb01:0xe0af12b62c795830","Amenities","Toilet","1"
"0x311d61c42c56eb01:0xe0af12b62c795830","Planning","Appointments recommended","1"
"0x311d61c42c56eb01:0xe0af12b62c795830","Payments","Credit cards","1"
"0x311d61c42c56eb01:0xe0af12b62c795830","Payments","NFC mobile payments","1"
"0x30e299fd10f2dec5:0x35aab0d82f8f025b","Service options","Delivery","1"
"0x30e299fd10f2dec5:0x35aab0d82f8f025b","Service options","On-site services","1"
"0x30e299fd10f2dec5:0x35aab0d82f8f025b","Planning","Quick visit","1"
"0x30e299fd10f2dec5:0x35aab0d82f8f025b","Payments","Debit cards","1"
"0x30e299fd10f2dec5:0x35aab0d82f8f025b","Payments","NFC mobile payments","1"
"0x30e29f4b4cb1d931:0xf288878652908875","Accessibility","Wheelchair-accessible car park","1"
"0x30e29f4b4cb1d931:0xf288878652908875","Accessibility","Wheelchair-accessible entrance","1"
"0x30e29f4b4cb1d931:0xf288878652908875","Service options","Delivery","1"
"0x30e29f4b4cb1d931:0xf288878652908875","Amenities","Wi-Fi","1"
"0x30e29f4b4cb1d931:0xf288878652908875","Amenities","Free Wi-Fi","1"
"0x30e29f4b4cb1d931:0xf288878652908875","Payments","Cheques","1"
"0x30e29f4b4cb1d931:0xf288878652908875","Payments","Debit cards","1"
"0x311d5fcba6365823:0x712aac85224f9e1c","Accessibility","Wheelchair-accessible car park","1"
"0x311d5fcba6365823:0x712aac85224f9e1c","Accessibility","Wheelchair-accessible seating","1"
"0x311d5fcba6365823:0x712aac85224f9e1c","Accessibility","Wheelchair-accessible toilet","1"
"0x311d5fcba6365823:0x712aac85224f9e1c","Service options","On-site services","1"
"0x311d5fcba6365823:0x712aac85224f9e1c","Offerings","Cosmetic dentistry","1"
"0x311d5fcba6365823:0x712aac85224f9e1c","Offerings","Emergency services","1"
"0x311d5fcba6365823:0x712aac85224f9e1c","Offerings","Pediatric care","1"
"0x311d5fcba6365823:0x712aac85224f9e1c","Offerings","Sedation dentistry","1"
"0x311d5fcba6365823:0x712aac85224f9e1c","Amenities","Toilet","1"
"0x311d5fcba6365823:0x712aac85224f9e1c","Crowd","LGBTQ+ friendly","1"
"0x311d5fcba6365823:0x712aac85224f9e1c","Crowd","Transgender safe space","1"
"0x311d5fcba6365823:0x712aac85224f9e1c","Planning","Appointment required","1"
"0x311d5fcba6365823:0x712aac85224f9e1c","Planning","Appointments recommended","1"
"0x311d5fcba6365823:0x712aac85224f9e1c","Payments","Credit cards","1"
"0x311d5fcba6365823:0x712aac85224f9e1c","Payments","Debit cards","1"
"0x311d5fcba6365823:0x712aac85224f9e1c","Payments","NFC mobile payments","1"
"0x311d5fcba6365823:0x712aac85224f9e1c","Payments","Credit cards","1"
"0x311d5fcba6365823:0x712aac85224f9e1c","Parking","Free parking lot","1"
"0x311d5fcba6365823:0x712aac85224f9e1c","Parking","On-site parking","1"
"0x311d6040c5c3936b:0x94f18c297755f85d","Amenities","Toilet","1"
"0x311d61673b8a7139:0x4fc397b6435a7bbe","Amenities","Toilet","1"
"0x311d61673b8a7139:0x4fc397b6435a7bbe","Planning","Appointments recommended","1"
"0x30e2bd33365cbf05:0x64bd36d3bfbb8f6e","Accessibility","Wheelchair-accessible toilet","1"
"0x30e2bd33365cbf05:0x64bd36d3bfbb8f6e","Offerings","Pediatric care","1"
"0x30e2bd33365cbf05:0x64bd36d3bfbb8f6e","Amenities","Toilet","1"
"0x30e2bd33365cbf05:0x64bd36d3bfbb8f6e","Planning","Appointments recommended","1"
"0x30e2bd33365cbf05:0x64bd36d3bfbb8f6e","Payments","Credit cards","1"
"0x30e2bd33365cbf05:0x64bd36d3bfbb8f6e","Payments","Debit cards","1"
"0x30e2bd33365cbf05:0x64bd36d3bfbb8f6e","Payments","NFC mobile payments","1"
"0x30e2bd33365cbf05:0x64bd36d3bfbb8f6e","Payments","Credit cards","1"
"0x30e28f0ae7a50671:0x55ee51a7600902cf","Amenities","Toilet","1"
"0x30e28f0ae7a50671:0x55ee51a7600902cf","Planning","Appointments recommended","1"
"0x30e28f0ae7a50671:0x55ee51a7600902cf","Payments","NFC mobile payments","1"
"0x311d6191f42453fb:0xab11934d671635b9","Amenities","Toilet","1"
"0x311d6191f42453fb:0xab11934d671635b9","Planning","Appointments recommended","1"
"0x30e29d72c4cef53d:0xc0f9529c6f143a4","Amenities","Toilet","1"
"0x30e29d72c4cef53d:0xc0f9529c6f143a4","Planning","Appointments recommended","1"
"0x30e29d72c4cef53d:0xc0f9529c6f143a4","Payments","NFC mobile payments","1"
"0x30e29fb59bad6deb:0x653e81619df24bbd","Amenities","Toilet","1"
"0x30e29fb59bad6deb:0x653e81619df24bbd","Planning","Appointments recommended","1"
"0x311d619238985d79:0xd2a5b82d94e9fbf8","Amenities","Toilet","1"
"0x311d619238985d79:0xd2a5b82d94e9fbf8","Planning","Appointments recommended","1"
"0x311d636033482553:0xa783ac69fd42a51c","From the business","Identifies as women-owned","1"
"0x311d636033482553:0xa783ac69fd42a51c","Amenities","Gender-neutral toilets","1"
"0x311d636033482553:0xa783ac69fd42a51c","Amenities","Toilet","1"
"0x311d636033482553:0xa783ac69fd42a51c","Planning","Appointments recommended","1"
"0x311d636033482553:0xa783ac69fd42a51c","Payments","Credit cards","1"
"0x311d636033482553:0xa783ac69fd42a51c","Payments","NFC mobile payments","1"
"0x30e29e066694dc67:0xe2ebff50bb03b083","Accessibility","Wheelchair-accessible car park","1"
"0x30e29e066694dc67:0xe2ebff50bb03b083","Accessibility","Wheelchair-accessible entrance","1"
"0x30e29e066694dc67:0xe2ebff50bb03b083","From the business","Identifies as women-owned","1"
"0x30e29e066694dc67:0xe2ebff50bb03b083","Service options","On-site services","1"
"0x30e29e066694dc67:0xe2ebff50bb03b083","Crowd","LGBTQ+ friendly","1"
"0x30e29e066694dc67:0xe2ebff50bb03b083","Crowd","Transgender safe space","1"
"0x30e29e066694dc67:0xe2ebff50bb03b083","Payments","Credit cards","1"
"0x30e29e066694dc67:0xe2ebff50bb03b083","Payments","Debit cards","1"
"0x30e29e066694dc67:0xe2ebff50bb03b083","Payments","NFC mobile payments","1"
"0x30e29e066694dc67:0xe2ebff50bb03b083","Children","Nursing room","1"
"0x30e29e066694dc67:0xe2ebff50bb03b083","Parking","Free parking lot","1"
"0x30e29e066694dc67:0xe2ebff50bb03b083","Parking","On-site parking","1"
"0x30e29d291fcb04d5:0x713af5d3aed4a3a8","Accessibility","Wheelchair-accessible car park","1"
"0x30e29d291fcb04d5:0x713af5d3aed4a3a8","Accessibility","Wheelchair-accessible entrance","1"
"0x30e29d291fcb04d5:0x713af5d3aed4a3a8","Accessibility","Wheelchair-accessible toilet","1"
"0x30e29d291fcb04d5:0x713af5d3aed4a3a8","Service options","No-contact delivery","1"
"0x30e29d291fcb04d5:0x713af5d3aed4a3a8","Service options","Delivery","1"
"0x30e29d291fcb04d5:0x713af5d3aed4a3a8","Service options","On-site services","1"
"0x30e29d291fcb04d5:0x713af5d3aed4a3a8","Highlights","Great produce","1"
"0x30e29d291fcb04d5:0x713af5d3aed4a3a8","Offerings","Food","1"
"0x30e29d291fcb04d5:0x713af5d3aed4a3a8","Amenities","Toilet","1"
"0x30e29d291fcb04d5:0x713af5d3aed4a3a8","Planning","Quick visit","1"
"0x30e29d291fcb04d5:0x713af5d3aed4a3a8","Recycling","Glass bottles","1"
"0x30e29d291fcb04d5:0x713af5d3aed4a3a8","Recycling","Metal cans","1"
"0x30e29d291fcb04d5:0x713af5d3aed4a3a8","Recycling","Plastic bags","1"
"0x30e29d291fcb04d5:0x713af5d3aed4a3a8","Payments","Credit cards","1"
"0x30e29d291fcb04d5:0x713af5d3aed4a3a8","Payments","Debit cards","1"
"0x30e29d291fcb04d5:0x713af5d3aed4a3a8","Payments","NFC mobile payments","1"
"0x30e29d291fcb04d5:0x713af5d3aed4a3a8","Parking","Free parking lot","1"
"0x30e29d291fcb04d5:0x713af5d3aed4a3a8","Parking","Paid parking lot","1"
"0x30e29d0a28dc12bb:0x1b504abbfa4d1a33","Accessibility","Wheelchair-accessible toilet","1"
"0x30e29d0a28dc12bb:0x1b504abbfa4d1a33","Amenities","Toilet","1"
"0x30e29d0a28dc12bb:0x1b504abbfa4d1a33","Planning","Appointments recommended","1"
"0x30e29d0a28dc12bb:0x1b504abbfa4d1a33","Payments","Credit cards","1"
"0x30e29d0a28dc12bb:0x1b504abbfa4d1a33","Payments","Debit cards","1"
"0x30e29d0a28dc12bb:0x1b504abbfa4d1a33","Payments","NFC mobile payments","1"
"0x311d618c9b911eef:0x78f00c7c2c2522ac","Amenities","Toilet","1"
"0x311d618c9b911eef:0x78f00c7c2c2522ac","Payments","Credit cards","1"
"0x311d618c9b911eef:0x78f00c7c2c2522ac","Payments","Debit cards","1"
"0x311d618c9b911eef:0x78f00c7c2c2522ac","Payments","NFC mobile payments","1"
"0x311d61f4b6088b25:0xb2e95d01c988c646","Amenities","Toilet","1"
"0x311d61f4b6088b25:0xb2e95d01c988c646","Planning","Appointments recommended","1"
"0x311d61f4b6088b25:0xb2e95d01c988c646","Payments","Credit cards","1"
"0x311d61f4b6088b25:0xb2e95d01c988c646","Payments","Debit cards","1"
"0x311d61f4b6088b25:0xb2e95d01c988c646","Payments","NFC mobile payments","1"
"0x311d61f4b6088b25:0xb2e95d01c988c646","Payments","Credit cards","1"
"0x30e29e523ed0402f:0x69335d9bc6eb80a1","Amenities","Toilet","1"
"0x30e29e523ed0402f:0x69335d9bc6eb80a1","Payments","Credit cards","1"
"0x30e29e523ed0402f:0x69335d9bc6eb80a1","Payments","Debit cards","1"
"0x30e29e523ed0402f:0x69335d9bc6eb80a1","Payments","NFC mobile payments","1"
"0x30e29f543faaeadf:0x9b1bf79d36bfaeee","Amenities","Toilet","1"
"0x30e29f543faaeadf:0x9b1bf79d36bfaeee","Planning","Appointments recommended","1"
"0x30e29ddacd769fe9:0x665bc0fe92ac3da3","Accessibility","Wheelchair-accessible toilet","1"
"0x30e29ddacd769fe9:0x665bc0fe92ac3da3","Service options","On-site services","1"
"0x30e29ddacd769fe9:0x665bc0fe92ac3da3","Amenities","Toilet","1"
"0x30e29ddacd769fe9:0x665bc0fe92ac3da3","Planning","Appointment required","1"
"0x30e29ddacd769fe9:0x665bc0fe92ac3da3","Planning","Appointments recommended","1"
"0x30e29ddacd769fe9:0x665bc0fe92ac3da3","Payments","Credit cards","1"
"0x30e29ddacd769fe9:0x665bc0fe92ac3da3","Payments","Debit cards","1"
"0x30e29ddacd769fe9:0x665bc0fe92ac3da3","Payments","NFC mobile payments","1"
"0x30e29c4fff092537:0x38df74535b6a19dc","Amenities","Toilet","1"
"0x30e29c4fff092537:0x38df74535b6a19dc","Planning","Appointment required","1"
"0x30e29c4fff092537:0x38df74535b6a19dc","Planning","Appointments recommended","1"
"0x30e29c4fff092537:0x38df74535b6a19dc","Payments","Credit cards","1"
"0x30e29c4fff092537:0x38df74535b6a19dc","Payments","NFC mobile payments","1"
"0x30e29c4fff092537:0x38df74535b6a19dc","Payments","Credit cards","1"
"0x30e2a3bc4f5c29f5:0xebebc2752973aa13","Amenities","Toilet","1"
"0x30e2a3bc4f5c29f5:0xebebc2752973aa13","Planning","Appointments recommended","1"
"0x30e2a3bc4f5c29f5:0xebebc2752973aa13","Payments","Credit cards","1"
"0x30e2a3bc4f5c29f5:0xebebc2752973aa13","Payments","Debit cards","1"
"0x30e2a3bc4f5c29f5:0xebebc2752973aa13","Payments","NFC mobile payments","1"
"0x30e2a00aadbe1e7b:0x20d6d600f5a66a3","Accessibility","Wheelchair-accessible entrance","1"
"0x30e2a00aadbe1e7b:0x20d6d600f5a66a3","Amenities","Toilet","1"
"0x30e2a00aadbe1e7b:0x20d6d600f5a66a3","Planning","Appointments recommended","1"
"0x30e2a00aadbe1e7b:0x20d6d600f5a66a3","Payments","Credit cards","1"
"0x30e2a00aadbe1e7b:0x20d6d600f5a66a3","Payments","Debit cards","1"
"0x30e2a00aadbe1e7b:0x20d6d600f5a66a3","Payments","NFC mobile payments","1"
"0x30e2bd2d243f0671:0x389e263c6bd654ce","Accessibility","Wheelchair-accessible seating","1"
"0x30e2bd2d243f0671:0x389e263c6bd654ce","Amenities","Toilet","1"
"0x30e2bd2d243f0671:0x389e263c6bd654ce","Crowd","LGBTQ+ friendly","1"
"0x30e2bd2d243f0671:0x389e263c6bd654ce","Crowd","Transgender safe space","1"
"0x30e2bd2d243f0671:0x389e263c6bd654ce","Planning","Appointment required","1"
"0x30e2bd2d243f0671:0x389e263c6bd654ce","Planning","Appointments recommended","1"
"0x30e2bd2d243f0671:0x389e263c6bd654ce","Payments","Credit cards","1"
"0x30e2bd2d243f0671:0x389e263c6bd654ce","Payments","Debit cards","1"
"0x30e2bd2d243f0671:0x389e263c6bd654ce","Payments","NFC mobile payments","1"
"0x30e29d5c50f67aa1:0x31833cb531535972","From the business","Identifies as women-owned","1"
"0x30e29d5c50f67aa1:0x31833cb531535972","Amenities","Toilet","1"
"0x30e29d5c50f67aa1:0x31833cb531535972","Crowd","LGBTQ+ friendly","1"
"0x30e29d5c50f67aa1:0x31833cb531535972","Crowd","Transgender safe space","1"
"0x30e29d5c50f67aa1:0x31833cb531535972","Planning","Appointment required","1"
"0x30e29d5c50f67aa1:0x31833cb531535972","Planning","Appointments recommended","1"
"0x30e29d5c50f67aa1:0x31833cb531535972","Payments","NFC mobile payments","1"
"0x30e29e7863047e55:0x476273a5d2728b7d","Amenities","Toilet","1"
"0x30e29e7863047e55:0x476273a5d2728b7d","Planning","Appointments recommended","1"
"0x30e29e7863047e55:0x476273a5d2728b7d","Payments","Credit cards","1"
"0x30e29e7863047e55:0x476273a5d2728b7d","Payments","Debit cards","1"
"0x30e29e7863047e55:0x476273a5d2728b7d","Payments","NFC mobile payments","1"
"0x30e2910ec574a8bd:0xa0d539bc207ecb86","Offerings","Cosmetic dentistry","1"
"0x30e2910ec574a8bd:0xa0d539bc207ecb86","Offerings","Emergency services","1"
"0x30e2910ec574a8bd:0xa0d539bc207ecb86","Offerings","Pediatric care","1"
"0x30e2910ec574a8bd:0xa0d539bc207ecb86","Amenities","Toilet","1"
"0x30e2910ec574a8bd:0xa0d539bc207ecb86","Crowd","Transgender safe space","1"
"0x30e2910ec574a8bd:0xa0d539bc207ecb86","Planning","Appointment required","1"
"0x30e2910ec574a8bd:0xa0d539bc207ecb86","Planning","Appointments recommended","1"
"0x30e2910ec574a8bd:0xa0d539bc207ecb86","Payments","Credit cards","1"
"0x30e2910ec574a8bd:0xa0d539bc207ecb86","Payments","Debit cards","1"
"0x30e2910ec574a8bd:0xa0d539bc207ecb86","Parking","Free parking lot","1"
"0x30e2910ec574a8bd:0xa0d539bc207ecb86","Parking","On-site parking","1"
"0x30e29c5ae40cd3a3:0xf5a5c1a82e8cee34","Amenities","Toilet","1"
"0x30e29c5ae40cd3a3:0xf5a5c1a82e8cee34","Planning","Appointments recommended","1"
"0x30e29d0005577543:0x624caea146611931","Amenities","Toilet","1"
"0x30e29d0005577543:0x624caea146611931","Planning","Appointments recommended","1"
"0x30e29d0005577543:0x624caea146611931","Payments","Credit cards","1"
"0x30e29d0005577543:0x624caea146611931","Payments","Debit cards","1"
"0x30e29d0005577543:0x624caea146611931","Payments","NFC mobile payments","1"
"0x30e2a10225c4d00b:0xe71722f7935aae0a","Amenities","Toilet","1"
"0x30e2a10225c4d00b:0xe71722f7935aae0a","Planning","Appointments recommended","1"
"0x30e2a10225c4d00b:0xe71722f7935aae0a","Payments","NFC mobile payments","1"
"0x30e29a0a0406aacb:0xb84a63f1f1573df5","Amenities","Toilet","1"
"0x30e29a0a0406aacb:0xb84a63f1f1573df5","Planning","Appointments recommended","1"
"0x30e29a0a0406aacb:0xb84a63f1f1573df5","Payments","Credit cards","1"
"0x30e29a0a0406aacb:0xb84a63f1f1573df5","Payments","Debit cards","1"
"0x30e29a0a0406aacb:0xb84a63f1f1573df5","Payments","NFC mobile payments","1"
"0x30e29e2bf756652f:0x989b75cd1fe5055b","Amenities","Toilet","1"
"0x30e29e2bf756652f:0x989b75cd1fe5055b","Planning","Appointments recommended","1"
"0x30e29e2bf756652f:0x989b75cd1fe5055b","Payments","Credit cards","1"
"0x30e29e2bf756652f:0x989b75cd1fe5055b","Payments","NFC mobile payments","1"
"0x30e2bd4e90a2bd7b:0x11e8753d85a6d2cd","Amenities","Toilet","1"
"0x30e2bd4e90a2bd7b:0x11e8753d85a6d2cd","Planning","Appointments recommended","1"
"0x30e2bd4e90a2bd7b:0x11e8753d85a6d2cd","Payments","NFC mobile payments","1"
"0x30e29b5e901376e5:0x7010b8b3ba4b4172","Accessibility","Wheelchair-accessible car park","1"
"0x30e29b5e901376e5:0x7010b8b3ba4b4172","Accessibility","Wheelchair-accessible entrance","1"
"0x30e29b5e901376e5:0x7010b8b3ba4b4172","Accessibility","Wheelchair-accessible toilet","1"
"0x30e29b5e901376e5:0x7010b8b3ba4b4172","Amenities","Toilet","1"
"0x30e29b5e901376e5:0x7010b8b3ba4b4172","Crowd","Transgender safe space","1"
"0x30e29b5e901376e5:0x7010b8b3ba4b4172","Planning","Appointments recommended","1"
"0x30e29b5e901376e5:0x7010b8b3ba4b4172","Payments","Credit cards","1"
"0x30e29b5e901376e5:0x7010b8b3ba4b4172","Payments","Debit cards","1"
"0x30e29b5e901376e5:0x7010b8b3ba4b4172","Payments","NFC mobile payments","1"
"0x30e29b6dbe28f489:0xab87d16af58a2541","Amenities","Toilet","1"
"0x30e29b6dbe28f489:0xab87d16af58a2541","Planning","Appointments recommended","1"
"0x30e29b6dbe28f489:0xab87d16af58a2541","Payments","NFC mobile payments","1"
"0x30e29e6cd59e6233:0x1bf7b2d7a665e0ec","Accessibility","Wheelchair-accessible car park","1"
"0x30e29e6cd59e6233:0x1bf7b2d7a665e0ec","Accessibility","Wheelchair-accessible entrance","1"
"0x30e29e6cd59e6233:0x1bf7b2d7a665e0ec","Payments","Credit cards","1"
"0x311d61844401bd29:0xf010ece20053ebaf","Accessibility","Wheelchair-accessible entrance","1"
"0x311d61844401bd29:0xf010ece20053ebaf","Amenities","Toilet","1"
"0x30e2973cb48e6211:0xdf226fa0b1e84783","Accessibility","Wheelchair-accessible car park","1"
"0x30e2973cb48e6211:0xdf226fa0b1e84783","Accessibility","Wheelchair-accessible entrance","1"
"0x30e2973cb48e6211:0xdf226fa0b1e84783","Amenities","Toilet","1"
"0x30e2973cb48e6211:0xdf226fa0b1e84783","Planning","Appointments recommended","1"
"0x30e2973cb48e6211:0xdf226fa0b1e84783","Payments","Credit cards","1"
"0x30e2973cb48e6211:0xdf226fa0b1e84783","Payments","Debit cards","1"
"0x30e2973cb48e6211:0xdf226fa0b1e84783","Payments","NFC mobile payments","1"
"0x30e2973cb48e6211:0xdf226fa0b1e84783","Payments","Credit cards","1"
"0x30e29df94a5a16d7:0x6d378892636b6297","Amenities","Toilet","1"
"0x30e29df94a5a16d7:0x6d378892636b6297","Planning","Appointment required","1"
"0x30e2a343ee4fe90b:0xaa76257a4b9054f5","Amenities","Toilet","1"
"0x30e2a343ee4fe90b:0xaa76257a4b9054f5","Payments","NFC mobile payments","1"
"0x30e2a50045b86719:0x3dd198b19a7ebdb4","Amenities","Toilet","1"
"0x30e2a50045b86719:0x3dd198b19a7ebdb4","Planning","Appointments recommended","1"
"0x30e2a50045b86719:0x3dd198b19a7ebdb4","Parking","On-site parking","1"
"0x30e297c663946945:0x90d3409e0935e99d","Accessibility","Wheelchair-accessible entrance","1"
"0x30e297c663946945:0x90d3409e0935e99d","Accessibility","Wheelchair-accessible toilet","1"
"0x30e297c663946945:0x90d3409e0935e99d","Amenities","Gender-neutral toilets","1"
"0x30e297c663946945:0x90d3409e0935e99d","Amenities","Toilet","1"
"0x30e297c663946945:0x90d3409e0935e99d","Crowd","LGBTQ+ friendly","1"
"0x30e297c663946945:0x90d3409e0935e99d","Crowd","Transgender safe space","1"
"0x30e297c663946945:0x90d3409e0935e99d","Planning","Appointments recommended","1"
"0x30e297c663946945:0x90d3409e0935e99d","Payments","Credit cards","1"
"0x30e297c663946945:0x90d3409e0935e99d","Payments","Debit cards","1"
"0x30e297c663946945:0x90d3409e0935e99d","Payments","NFC mobile payments","1"
"0x30e297c663946945:0x90d3409e0935e99d","Parking","On-site parking","1"
"0x30e2a14645b8d4b1:0x8bcdb869a1ec587d","Amenities","Toilet","1"
"0x30e2a14645b8d4b1:0x8bcdb869a1ec587d","Planning","Appointments recommended","1"
"0x30e2a14645b8d4b1:0x8bcdb869a1ec587d","Payments","Credit cards","1"
"0x30e2a14645b8d4b1:0x8bcdb869a1ec587d","Payments","Debit cards","1"
"0x30e2a14645b8d4b1:0x8bcdb869a1ec587d","Payments","NFC mobile payments","1"
"0x30e2a14645b8d4b1:0x8bcdb869a1ec587d","Payments","Credit cards","1"
"0x311d602a91edfac5:0x567a79420483016a","Amenities","Toilet","1"
"0x311d602a91edfac5:0x567a79420483016a","Planning","Appointment required","1"
"0x311d602a91edfac5:0x567a79420483016a","Planning","Appointments recommended","1"
"0x30e29d007e220c05:0x44d2c9f9d180140a","Accessibility","Wheelchair-accessible car park","1"
"0x30e29d007e220c05:0x44d2c9f9d180140a","Accessibility","Wheelchair-accessible entrance","1"
"0x30e29d007e220c05:0x44d2c9f9d180140a","Accessibility","Wheelchair-accessible toilet","1"
"0x30e29d007e220c05:0x44d2c9f9d180140a","Amenities","Toilet","1"
"0x30e29d007e220c05:0x44d2c9f9d180140a","Planning","Appointments recommended","1"
"0x30e29d007e220c05:0x44d2c9f9d180140a","Payments","NFC mobile payments","1"
"0x30e29d007e220c05:0x44d2c9f9d180140a","Parking","On-site parking","1"
"0x311d615f96490927:0xc4eec8f4b1ba340","Accessibility","Wheelchair-accessible entrance","1"
"0x311d615f96490927:0xc4eec8f4b1ba340","Accessibility","Wheelchair-accessible seating","1"
"0x311d615f96490927:0xc4eec8f4b1ba340","Amenities","Toilet","1"
"0x311d615f96490927:0xc4eec8f4b1ba340","Crowd","LGBTQ+ friendly","1"
"0x311d615f96490927:0xc4eec8f4b1ba340","Crowd","Transgender safe space","1"
"0x311d615f96490927:0xc4eec8f4b1ba340","Planning","Appointment required","1"
"0x311d615f96490927:0xc4eec8f4b1ba340","Planning","Appointments recommended","1"
"0x311d615f96490927:0xc4eec8f4b1ba340","Payments","Credit cards","1"
"0x311d615f96490927:0xc4eec8f4b1ba340","Payments","Debit cards","1"
"0x311d615f96490927:0xc4eec8f4b1ba340","Payments","NFC mobile payments","1"
"0x311d615f96490927:0xc4eec8f4b1ba340","Parking","Free multi-storey car park","1"
"0x311d615f96490927:0xc4eec8f4b1ba340","Parking","Free parking lot","1"
"0x30e29d0037b3fc4f:0x2a5e4b877cbd05fe","Amenities","Toilet","1"
"0x311d61d26c3b46dd:0xe1149853059fbe5f","Amenities","Toilet","1"
"0x311d61d26c3b46dd:0xe1149853059fbe5f","Planning","Appointments recommended","1"
"0x311d61d26c3b46dd:0xe1149853059fbe5f","Payments","NFC mobile payments","1"
"0x311d610df97fdaf9:0xf4c0da27624159fa","Service options","On-site services","1"
"0x311d610df97fdaf9:0xf4c0da27624159fa","Amenities","Toilet","1"
"0x311d610df97fdaf9:0xf4c0da27624159fa","Planning","Appointments recommended","1"
"0x311d610df97fdaf9:0xf4c0da27624159fa","Payments","Debit cards","1"
"0x311d610df97fdaf9:0xf4c0da27624159fa","Payments","NFC mobile payments","1"
"0x311d610df97fdaf9:0xf4c0da27624159fa","Payments","Credit cards","1"
"0x311d61f357b5271f:0xcfe7d5d8dfa4bf6e","Amenities","Toilet","1"
"0x311d61f357b5271f:0xcfe7d5d8dfa4bf6e","Planning","Appointments recommended","1"
"0x30e2859cc6503f03:0x552d759ad2a5e4a","From the business","Identifies as women-owned","1"
"0x30e2859cc6503f03:0x552d759ad2a5e4a","Amenities","Toilet","1"
"0x30e2859cc6503f03:0x552d759ad2a5e4a","Planning","Appointments recommended","1"
"0x30e2859cc6503f03:0x552d759ad2a5e4a","Payments","Credit cards","1"
"0x30e2859cc6503f03:0x552d759ad2a5e4a","Payments","Debit cards","1"
"0x30e2859cc6503f03:0x552d759ad2a5e4a","Payments","NFC mobile payments","1"
"0x30e2859cc6503f03:0x552d759ad2a5e4a","Payments","Credit cards","1"
"0x30e2859cc6503f03:0x552d759ad2a5e4a","Parking","Free of charge street parking","1"
"0x30e2859cc6503f03:0x552d759ad2a5e4a","Parking","Free parking lot","1"
"0x30e2859cc6503f03:0x552d759ad2a5e4a","Parking","On-site parking","1"
"0x30e297c5cfc3e753:0x58ccc7de930d0124","Accessibility","Wheelchair-accessible car park","1"
"0x30e297c5cfc3e753:0x58ccc7de930d0124","Accessibility","Wheelchair-accessible entrance","1"
"0x30e297c5cfc3e753:0x58ccc7de930d0124","Amenities","Toilet","1"
"0x30e297c5cfc3e753:0x58ccc7de930d0124","Planning","Appointments recommended","1"
"0x30e297c5cfc3e753:0x58ccc7de930d0124","Payments","Credit cards","1"
"0x30e297c5cfc3e753:0x58ccc7de930d0124","Payments","Debit cards","1"
"0x30e297c5cfc3e753:0x58ccc7de930d0124","Payments","NFC mobile payments","1"
"0x30e29d83722187c9:0xd34132d2de7958b8","Amenities","Toilet","1"
"0x30e29d83722187c9:0xd34132d2de7958b8","Planning","Appointments recommended","1"
"0x311d61cecc1cda2b:0x9ff92a2bd245f7ea","Accessibility","Wheelchair-accessible car park","1"
"0x311d61cecc1cda2b:0x9ff92a2bd245f7ea","Accessibility","Wheelchair-accessible entrance","1"
"0x311d61cecc1cda2b:0x9ff92a2bd245f7ea","Accessibility","Wheelchair-accessible toilet","1"
"0x311d61cecc1cda2b:0x9ff92a2bd245f7ea","Service options","No-contact delivery","1"
"0x311d61cecc1cda2b:0x9ff92a2bd245f7ea","Service options","Delivery","1"
"0x311d61cecc1cda2b:0x9ff92a2bd245f7ea","Service options","On-site services","1"
"0x311d61cecc1cda2b:0x9ff92a2bd245f7ea","Highlights","Great produce","1"
"0x311d61cecc1cda2b:0x9ff92a2bd245f7ea","Offerings","Food","1"
"0x311d61cecc1cda2b:0x9ff92a2bd245f7ea","Amenities","Toilet","1"
"0x311d61cecc1cda2b:0x9ff92a2bd245f7ea","Planning","Quick visit","1"
"0x311d61cecc1cda2b:0x9ff92a2bd245f7ea","Recycling","Glass bottles","1"
"0x311d61cecc1cda2b:0x9ff92a2bd245f7ea","Recycling","Metal cans","1"
"0x311d61cecc1cda2b:0x9ff92a2bd245f7ea","Recycling","Plastic bags","1"
"0x311d61cecc1cda2b:0x9ff92a2bd245f7ea","Payments","Credit cards","1"
"0x311d61cecc1cda2b:0x9ff92a2bd245f7ea","Payments","Debit cards","1"
"0x311d61cecc1cda2b:0x9ff92a2bd245f7ea","Payments","NFC mobile payments","1"
"0x311d61cecc1cda2b:0x9ff92a2bd245f7ea","Payments","Credit cards","1"
"0x311d61cecc1cda2b:0x9ff92a2bd245f7ea","Parking","Free parking lot","1"
"0x311d61cecc1cda2b:0x9ff92a2bd245f7ea","Parking","Paid parking lot","1"
"0x30e29e1d9491a87b:0xd049ac536484bd23","Amenities","Toilet","1"
"0x30e29862408d780d:0x7dcdbe7b0fa2ab4e","Accessibility","Wheelchair-accessible entrance","1"
"0x30e29f8bd4107e0b:0x45458aed3fae74f7","Amenities","Toilet","1"
"0x30e29f8bd4107e0b:0x45458aed3fae74f7","Planning","Appointment required","1"
"0x30e29f8bd4107e0b:0x45458aed3fae74f7","Planning","Appointments recommended","1"
"0x30e29f8bd4107e0b:0x45458aed3fae74f7","Payments","Credit cards","1"
"0x30e29f8bd4107e0b:0x45458aed3fae74f7","Payments","Debit cards","1"
"0x30e29f8bd4107e0b:0x45458aed3fae74f7","Payments","NFC mobile payments","1"
"0x30e29f8bd4107e0b:0x45458aed3fae74f7","Parking","On-site parking","1"
"0x311d599f3dae8117:0x7ea9d04fe2749203","Amenities","Toilet","1"
"0x311d599f3dae8117:0x7ea9d04fe2749203","Planning","Appointments recommended","1"
"0x30e29df8d1d326b1:0x227516bebf149ac3","Amenities","Toilet","1"
"0x30e29df8d1d326b1:0x227516bebf149ac3","Planning","Appointments recommended","1"
"0x30e29a2027fa0bfb:0x1dac9e997580d4f1","Amenities","Toilet","1"
"0x30e29a2027fa0bfb:0x1dac9e997580d4f1","Planning","Appointments recommended","1"
"0x30e299fb2594ffab:0x33e805f3020fe87","Accessibility","Wheelchair-accessible car park","1"
"0x30e299fb2594ffab:0x33e805f3020fe87","Accessibility","Wheelchair-accessible entrance","1"
"0x30e299fb2594ffab:0x33e805f3020fe87","Service options","Delivery","1"
"0x30e299fb2594ffab:0x33e805f3020fe87","Service options","In-store shopping","1"
"0x30e299fb2594ffab:0x33e805f3020fe87","Planning","Quick visit","1"
"0x30e299fb2594ffab:0x33e805f3020fe87","Payments","Debit cards","1"
"0x30e299fb2594ffab:0x33e805f3020fe87","Payments","NFC mobile payments","1"
"0x30e29b003d6b298d:0xeadce18a41ca45dd","Amenities","Toilet","1"
"0x30e29b003d6b298d:0xeadce18a41ca45dd","Planning","Appointments recommended","1"
"0x30e29b003d6b298d:0xeadce18a41ca45dd","Payments","Debit cards","1"
"0x30e29b003d6b298d:0xeadce18a41ca45dd","Payments","NFC mobile payments","1"
"0x30e2bda83fdb0365:0x2702a871e5b2516d","Amenities","Toilet","1"
"0x30e2bda83fdb0365:0x2702a871e5b2516d","Planning","Appointments recommended","1"
"0x30e29e522fb6ab3f:0x744b76d9e53d43f9","Amenities","Toilet","1"
"0x30e29e522fb6ab3f:0x744b76d9e53d43f9","Planning","Appointments recommended","1"
"0x30e29e522fb6ab3f:0x744b76d9e53d43f9","Payments","Debit cards","1"
"0x30e29e522fb6ab3f:0x744b76d9e53d43f9","Payments","NFC mobile payments","1"
"0x30e29e522fb6ab3f:0x744b76d9e53d43f9","Payments","Credit cards","1"
"0x311d637dbc250711:0x7c804f92275e0d55","From the business","Identifies as women-owned","1"
"0x311d637dbc250711:0x7c804f92275e0d55","Amenities","Toilet","1"
"0x311d637dbc250711:0x7c804f92275e0d55","Crowd","LGBTQ+ friendly","1"
"0x311d637dbc250711:0x7c804f92275e0d55","Crowd","Transgender safe space","1"
"0x311d637dbc250711:0x7c804f92275e0d55","Planning","Appointments recommended","1"
"0x311d637dbc250711:0x7c804f92275e0d55","Payments","NFC mobile payments","1"
"0x30e291883def550f:0xeb17078727cb55b2","Accessibility","Wheelchair-accessible car park","1"
"0x30e291883def550f:0xeb17078727cb55b2","Amenities","Toilet","1"
"0x30e291883def550f:0xeb17078727cb55b2","Planning","Appointments recommended","1"
"0x30e291883def550f:0xeb17078727cb55b2","Payments","Credit cards","1"
"0x30e291883def550f:0xeb17078727cb55b2","Payments","Debit cards","1"
"0x30e291883def550f:0xeb17078727cb55b2","Payments","NFC mobile payments","1"
"0x30e29a9af925211f:0xeef895e668dc1f6f","Accessibility","Wheelchair-accessible car park","1"
"0x30e29a9af925211f:0xeef895e668dc1f6f","Accessibility","Wheelchair-accessible entrance","1"
"0x30e29a9af925211f:0xeef895e668dc1f6f","Accessibility","Wheelchair-accessible toilet","1"
"0x30e29a9af925211f:0xeef895e668dc1f6f","Offerings","Pediatric care","1"
"0x30e29a9af925211f:0xeef895e668dc1f6f","Amenities","Toilet","1"
"0x30e29a9af925211f:0xeef895e668dc1f6f","Planning","Appointments recommended","1"
"0x30e29a9af925211f:0xeef895e668dc1f6f","Payments","Credit cards","1"
"0x30e29a9af925211f:0xeef895e668dc1f6f","Payments","Debit cards","1"
"0x30e29a9af925211f:0xeef895e668dc1f6f","Payments","NFC mobile payments","1"
"0x30e29ec63692a97b:0x22a9c5591b9929ce","Amenities","Toilet","1"
"0x30e29ec63692a97b:0x22a9c5591b9929ce","Planning","Appointments recommended","1"
"0x30e29f00035920a1:0x1051fdd454159a82","Accessibility","Assistive hearing loop","1"
"0x30e29f00035920a1:0x1051fdd454159a82","Accessibility","Auracast broadcast audio","1"
"0x30e29f00035920a1:0x1051fdd454159a82","Accessibility","Wheelchair-accessible car park","1"
"0x30e29f00035920a1:0x1051fdd454159a82","Accessibility","Wheelchair-accessible seating","1"
"0x30e29f00035920a1:0x1051fdd454159a82","Accessibility","Wheelchair-accessible toilet","1"
"0x30e29f00035920a1:0x1051fdd454159a82","From the business","Identifies as women-owned","1"
"0x30e29f00035920a1:0x1051fdd454159a82","Service options","On-site services","1"
"0x30e29f00035920a1:0x1051fdd454159a82","Offerings","Cosmetic dentistry","1"
"0x30e29f00035920a1:0x1051fdd454159a82","Offerings","Emergency services","1"
"0x30e29f00035920a1:0x1051fdd454159a82","Offerings","Pediatric care","1"
"0x30e29f00035920a1:0x1051fdd454159a82","Offerings","Sedation dentistry","1"
"0x30e29f00035920a1:0x1051fdd454159a82","Amenities","Toilet","1"
"0x30e29f00035920a1:0x1051fdd454159a82","Crowd","LGBTQ+ friendly","1"
"0x30e29f00035920a1:0x1051fdd454159a82","Crowd","Transgender safe space","1"
"0x30e29f00035920a1:0x1051fdd454159a82","Planning","Appointment required","1"
"0x30e29f00035920a1:0x1051fdd454159a82","Payments","Debit cards","1"
"0x30e29f00035920a1:0x1051fdd454159a82","Payments","Payment plans","1"
"0x30e29f00035920a1:0x1051fdd454159a82","Payments","Credit cards","1"
"0x30e29f00035920a1:0x1051fdd454159a82","Parking","Free parking lot","1"
"0x30e29f00035920a1:0x1051fdd454159a82","Parking","On-site parking","1"
"0x30e29f2cbf728e87:0x82a2f0423e869039","Amenities","Toilet","1"
"0x30e29f2cbf728e87:0x82a2f0423e869039","Planning","Appointments recommended","1"
"0x30e29f2cbf728e87:0x82a2f0423e869039","Payments","Debit cards","1"
"0x30e29f2cbf728e87:0x82a2f0423e869039","Payments","Credit cards","1"
"0x30e29eb0a13b825d:0x86863a4777da841e","Amenities","Restroom","1"
"0x30e29eb0a13b825d:0x86863a4777da841e","Planning","Appointment required","1"
"0x30e29eb0a13b825d:0x86863a4777da841e","Planning","Appointments recommended","1"
"0x30e29eb0a13b825d:0x86863a4777da841e","Payments","NFC mobile payments","1"
"0x30e29ed3d240916d:0x1d67204c0af796a","Accessibility","Wheelchair-accessible car park","1"
"0x30e29ed3d240916d:0x1d67204c0af796a","Accessibility","Wheelchair-accessible entrance","1"
"0x30e29f2c1da62ab3:0x135ce9a6eac08323","Amenities","Toilet","1"
"0x30e29f2c1da62ab3:0x135ce9a6eac08323","Planning","Appointments recommended","1"
"0x30e29f2c1da62ab3:0x135ce9a6eac08323","Payments","Credit cards","1"
"0x30e29f2c1da62ab3:0x135ce9a6eac08323","Payments","Debit cards","1"
"0x30e29f2c1da62ab3:0x135ce9a6eac08323","Payments","NFC mobile payments","1"
"0x30e29ff4b8dee849:0xe49ac9f1316a6813","Amenities","Toilet","1"
"0x30e29ff4b8dee849:0xe49ac9f1316a6813","Crowd","LGBTQ+ friendly","1"
"0x30e29ff4b8dee849:0xe49ac9f1316a6813","Planning","Appointments recommended","1"
"0x30e29ff4b8dee849:0xe49ac9f1316a6813","Payments","Credit cards","1"
"0x30e29ff4b8dee849:0xe49ac9f1316a6813","Payments","Debit cards","1"
"0x30e29ff4b8dee849:0xe49ac9f1316a6813","Payments","NFC mobile payments","1"
"0x30e29fc83149961d:0x66375e099d44296b","Amenities","Toilet","1"
"0x30e29fc83149961d:0x66375e099d44296b","Planning","Appointment required","1"
"0x30e29fc83149961d:0x66375e099d44296b","Planning","Appointments recommended","1"
"0x30e29fc83149961d:0x66375e099d44296b","Payments","Credit cards","1"
"0x30e29fc83149961d:0x66375e099d44296b","Payments","Debit cards","1"
"0x30e29fc83149961d:0x66375e099d44296b","Payments","NFC mobile payments","1"
"0x30e29fab4419b623:0x56f76de0d2b3db47","Amenities","Toilet","1"
"0x30e29fab4419b623:0x56f76de0d2b3db47","Planning","Appointments recommended","1"
"0x30e29fab4419b623:0x56f76de0d2b3db47","Payments","NFC mobile payments","1"
"0x30e29eb120b8d9d5:0x14151193c4086ccf","Amenities","Toilet","1"
"0x30e29eb120b8d9d5:0x14151193c4086ccf","Planning","Appointments recommended","1"
"0x30e29eb120b8d9d5:0x14151193c4086ccf","Payments","Debit cards","1"
"0x30e29eb120b8d9d5:0x14151193c4086ccf","Payments","NFC mobile payments","1"
"0x30e29eb120b8d9d5:0x14151193c4086ccf","Payments","Credit cards","1"
"0x30e2994c8ade31d9:0x7e44a9d0e0165399","Amenities","Toilet","1"
"0x30e2994c8ade31d9:0x7e44a9d0e0165399","Planning","Appointments recommended","1"
"0x30e2994c8ade31d9:0x7e44a9d0e0165399","Payments","Credit cards","1"
"0x30e2994c8ade31d9:0x7e44a9d0e0165399","Payments","Debit cards","1"
"0x30e2994c8ade31d9:0x7e44a9d0e0165399","Payments","NFC mobile payments","1"
"0x30e2994c8ade31d9:0x7e44a9d0e0165399","Parking","Free multi-storey car park","1"
"0x30e29f0bfa33a897:0x95329a015ce39721","Accessibility","Wheelchair-accessible entrance","1"
"0x30e29f0bfa33a897:0x95329a015ce39721","Service options","On-site services","1"
"0x30e29f0bfa33a897:0x95329a015ce39721","Amenities","Toilet","1"
"0x30e29f0bfa33a897:0x95329a015ce39721","Planning","Appointment required","1"
"0x30e29f0bfa33a897:0x95329a015ce39721","Planning","Appointments recommended","1"
"0x30e29f0bfa33a897:0x95329a015ce39721","Payments","Credit cards","1"
"0x30e29f0bfa33a897:0x95329a015ce39721","Payments","Debit cards","1"
"0x30e29f0bfa33a897:0x95329a015ce39721","Payments","NFC mobile payments","1"
"0x30e29f0bfa33a897:0x95329a015ce39721","Payments","Credit cards","1"
"0x30e2994c5238008f:0xa2d30f79ce6a4220","Accessibility","Wheelchair-accessible car park","1"
"0x30e2994c5238008f:0xa2d30f79ce6a4220","Accessibility","Wheelchair-accessible entrance","1"
"0x30e2994c5238008f:0xa2d30f79ce6a4220","Payments","Credit cards","1"
"0x30e2994c5238008f:0xa2d30f79ce6a4220","Payments","Debit cards","1"
"0x30e2994c5238008f:0xa2d30f79ce6a4220","Payments","NFC mobile payments","1"
"0x30e29ef6f7a79945:0x15b0c644fc631423","Accessibility","Wheelchair-accessible car park","1"
"0x30e29ef6f7a79945:0x15b0c644fc631423","Accessibility","Wheelchair-accessible entrance","1"
"0x30e29ef6f7a79945:0x15b0c644fc631423","Accessibility","Wheelchair-accessible toilet","1"
"0x30e29ef6f7a79945:0x15b0c644fc631423","Service options","On-site services","1"
"0x30e29ef6f7a79945:0x15b0c644fc631423","Offerings","Cosmetic dentistry","1"
"0x30e29ef6f7a79945:0x15b0c644fc631423","Offerings","Emergency services","1"
"0x30e29ef6f7a79945:0x15b0c644fc631423","Offerings","Pediatric care","1"
"0x30e29ef6f7a79945:0x15b0c644fc631423","Offerings","Sedation dentistry","1"
"0x30e29ef6f7a79945:0x15b0c644fc631423","Amenities","Toilet","1"
"0x30e29ef6f7a79945:0x15b0c644fc631423","Crowd","LGBTQ+ friendly","1"
"0x30e29ef6f7a79945:0x15b0c644fc631423","Crowd","Transgender safe space","1"
"0x30e29ef6f7a79945:0x15b0c644fc631423","Planning","Appointment required","1"
"0x30e29ef6f7a79945:0x15b0c644fc631423","Planning","Appointments recommended","1"
"0x30e29ef6f7a79945:0x15b0c644fc631423","Payments","Credit cards","1"
"0x30e29ef6f7a79945:0x15b0c644fc631423","Payments","Debit cards","1"
"0x30e29ef6f7a79945:0x15b0c644fc631423","Payments","NFC mobile payments","1"
"0x30e29ef6f7a79945:0x15b0c644fc631423","Payments","Payment plans","1"
"0x30e29ef6f7a79945:0x15b0c644fc631423","Payments","Credit cards","1"
"0x30e29ef6f7a79945:0x15b0c644fc631423","Parking","Free multi-storey car park","1"
"0x30e29ef6f7a79945:0x15b0c644fc631423","Parking","On-site parking","1"
"0x30e29f4637c1b683:0xb71a9acab1bf5f4a","Amenities","Toilet","1"
"0x30e29f4637c1b683:0xb71a9acab1bf5f4a","Planning","Appointments recommended","1"
"0x30e29f4637c1b683:0xb71a9acab1bf5f4a","Payments","Credit cards","1"
"0x30e29f4637c1b683:0xb71a9acab1bf5f4a","Payments","Debit cards","1"
"0x30e29f4637c1b683:0xb71a9acab1bf5f4a","Payments","NFC mobile payments","1"
"0x30e2a36bef75885b:0x65da8e8ac5430022","Amenities","Toilet","1"
"0x30e2a36bef75885b:0x65da8e8ac5430022","Planning","Appointments recommended","1"
"0x30e2a36bef75885b:0x65da8e8ac5430022","Payments","NFC mobile payments","1"
"0x30e29fea5260419f:0xf7537415589cac6b","Accessibility","Wheelchair-accessible car park","1"
"0x30e29fea5260419f:0xf7537415589cac6b","Accessibility","Wheelchair-accessible entrance","1"
"0x30e29fea5260419f:0xf7537415589cac6b","Accessibility","Wheelchair-accessible toilet","1"
"0x30e29fea5260419f:0xf7537415589cac6b","Service options","No-contact delivery","1"
"0x30e29fea5260419f:0xf7537415589cac6b","Service options","Delivery","1"
"0x30e29fea5260419f:0xf7537415589cac6b","Service options","On-site services","1"
"0x30e29fea5260419f:0xf7537415589cac6b","Highlights","Great produce","1"
"0x30e29fea5260419f:0xf7537415589cac6b","Offerings","Food","1"
"0x30e29fea5260419f:0xf7537415589cac6b","Amenities","Toilet","1"
"0x30e29fea5260419f:0xf7537415589cac6b","Planning","Quick visit","1"
"0x30e29fea5260419f:0xf7537415589cac6b","Recycling","Glass bottles","1"
"0x30e29fea5260419f:0xf7537415589cac6b","Recycling","Metal cans","1"
"0x30e29fea5260419f:0xf7537415589cac6b","Recycling","Plastic bags","1"
"0x30e29fea5260419f:0xf7537415589cac6b","Payments","Credit cards","1"
"0x30e29fea5260419f:0xf7537415589cac6b","Payments","Debit cards","1"
"0x30e29fea5260419f:0xf7537415589cac6b","Payments","NFC mobile payments","1"
"0x30e29fea5260419f:0xf7537415589cac6b","Parking","Free multi-storey car park","1"
"0x30e29fea5260419f:0xf7537415589cac6b","Parking","Free of charge street parking","1"
"0x30e29fea5260419f:0xf7537415589cac6b","Parking","Free parking lot","1"
"0x30e29fea5260419f:0xf7537415589cac6b","Parking","Paid parking lot","1"
"0x30e29d2742aa81af:0x33d7d6621bc28ae6","Accessibility","Wheelchair-accessible entrance","1"
"0x30e29d2742aa81af:0x33d7d6621bc28ae6","Payments","NFC mobile payments","1"
"0x30e29d2742aa81af:0x33d7d6621bc28ae6","Parking","Free parking lot","1"
"0x30e29d2742aa81af:0x33d7d6621bc28ae6","Parking","On-site parking","1"
"0x30e2a39be4b9980f:0xd21b46745003b5bf","Parking","On-site parking","1"
"0x30e2a3b3c24de721:0x170c96f16590ccf9","Accessibility","Wheelchair-accessible entrance","1"
"0x30e2a3b3c24de721:0x170c96f16590ccf9","Accessibility","Wheelchair-accessible seating","1"
"0x30e2a3b3c24de721:0x170c96f16590ccf9","Accessibility","Wheelchair-accessible toilet","1"
"0x30e2a3b3c24de721:0x170c96f16590ccf9","Offerings","Pediatric care","1"
"0x30e2a3b3c24de721:0x170c96f16590ccf9","Amenities","Toilet","1"
"0x30e2a3b3c24de721:0x170c96f16590ccf9","Crowd","Transgender safe space","1"
"0x30e2a3b3c24de721:0x170c96f16590ccf9","Planning","Appointment required","1"
"0x30e2a3b3c24de721:0x170c96f16590ccf9","Planning","Appointments recommended","1"
"0x30e2a3b3c24de721:0x170c96f16590ccf9","Payments","Credit cards","1"
"0x30e2a3b3c24de721:0x170c96f16590ccf9","Payments","Debit cards","1"
"0x30e2a3b3c24de721:0x170c96f16590ccf9","Payments","NFC mobile payments","1"
"0x30e2a3b3c24de721:0x170c96f16590ccf9","Children","Nursing room","1"
"0x311d61f698551ce3:0x4ee7a325d27f42b0","Amenities","Toilet","1"
"0x311d61f698551ce3:0x4ee7a325d27f42b0","Planning","Appointments recommended","1"
"0x311d61f698551ce3:0x4ee7a325d27f42b0","Payments","Credit cards","1"
"0x311d61f698551ce3:0x4ee7a325d27f42b0","Payments","Debit cards","1"
"0x311d61f698551ce3:0x4ee7a325d27f42b0","Payments","NFC mobile payments","1"
"0x30e29d086356f10d:0xbdd3d571be4b3b6c","Amenities","Toilet","1"
"0x30e29d086356f10d:0xbdd3d571be4b3b6c","Planning","Appointments recommended","1"
"0x30e29d086356f10d:0xbdd3d571be4b3b6c","Payments","NFC mobile payments","1"
"0x30e29ca4d85ef89b:0xa54929473e9dbe87","Accessibility","Wheelchair-accessible toilet","1"
"0x30e29ca4d85ef89b:0xa54929473e9dbe87","Amenities","Toilet","1"
"0x30e29ca4d85ef89b:0xa54929473e9dbe87","Planning","Appointments recommended","1"
"0x30e29ca4d85ef89b:0xa54929473e9dbe87","Payments","Debit cards","1"
"0x30e29ca4d85ef89b:0xa54929473e9dbe87","Payments","Credit cards","1"
"0x311d61d3333483e3:0x48b05712ad23c821","Amenities","Toilet","1"
"0x311d61d3333483e3:0x48b05712ad23c821","Planning","Appointments recommended","1"
"0x30e29a7c9406fd0b:0xad04d2547e09a85a","Accessibility","Wheelchair-accessible toilet","1"
"0x30e29a7c9406fd0b:0xad04d2547e09a85a","Amenities","Toilet","1"
"0x30e29a7c9406fd0b:0xad04d2547e09a85a","Planning","Appointments recommended","1"
"0x30e29a7c9406fd0b:0xad04d2547e09a85a","Payments","Debit cards","1"
"0x30e29a7c9406fd0b:0xad04d2547e09a85a","Payments","NFC mobile payments","1"
"0x30e29d004818c037:0xd2d62d3d51c86e9b","Amenities","Toilet","1"
"0x30e29d004818c037:0xd2d62d3d51c86e9b","Planning","Appointments recommended","1"
"0x30e29d004818c037:0xd2d62d3d51c86e9b","Payments","Credit cards","1"
"0x30e29d004818c037:0xd2d62d3d51c86e9b","Payments","Debit cards","1"
"0x30e29d004818c037:0xd2d62d3d51c86e9b","Payments","NFC mobile payments","1"
"0x30e29c43f574a8f3:0x974b3cfe8ae83cae","Amenities","Toilet","1"
"0x30e29c43f574a8f3:0x974b3cfe8ae83cae","Planning","Appointments recommended","1"
"0x30e290a7be0dc75b:0x4848e9a161a5317f","Amenities","Toilet","1"
"0x30e290a7be0dc75b:0x4848e9a161a5317f","Payments","NFC mobile payments","1"
"0x30e29b664461e717:0x9135751c850207f","Amenities","Toilet","1"
"0x30e29b664461e717:0x9135751c850207f","Planning","Appointments recommended","1"
"0x30e29b664461e717:0x9135751c850207f","Payments","Credit cards","1"
"0x30e29b664461e717:0x9135751c850207f","Payments","Debit cards","1"
"0x30e29b664461e717:0x9135751c850207f","Payments","NFC mobile payments","1"
"0x30e2bd6b8e2bfda3:0x745f831962c0ccaf","Amenities","Toilet","1"
"0x30e2bd6b8e2bfda3:0x745f831962c0ccaf","Planning","Appointments recommended","1"
"0x30e2bd6b8e2bfda3:0x745f831962c0ccaf","Payments","NFC mobile payments","1"
"0x30e297f40bafe17d:0x645aa0d259a372e7","Accessibility","Wheelchair-accessible car park","1"
"0x30e297f40bafe17d:0x645aa0d259a372e7","Accessibility","Wheelchair-accessible entrance","1"
"0x30e297f40bafe17d:0x645aa0d259a372e7","Service options","In-store pick-up","1"
"0x30e297f40bafe17d:0x645aa0d259a372e7","Payments","NFC mobile payments","1"
"0x30e2a18ee7487211:0x6f610b8acc77a72a","Amenities","Toilet","1"
"0x30e2a18ee7487211:0x6f610b8acc77a72a","Planning","Appointments recommended","1"
"0x30e2a18ee7487211:0x6f610b8acc77a72a","Payments","Credit cards","1"
"0x30e2a18ee7487211:0x6f610b8acc77a72a","Payments","Debit cards","1"
"0x30e2a18ee7487211:0x6f610b8acc77a72a","Payments","NFC mobile payments","1"
"0x30e2a06b7106e98b:0x47c46306301b15bf","Accessibility","Wheelchair-accessible entrance","1"
"0x30e2a06b7106e98b:0x47c46306301b15bf","Amenities","Toilet","1"
"0x311d628dee56a6e3:0x175d52ae7d9159db","Amenities","Toilet","1"
"0x311d628dee56a6e3:0x175d52ae7d9159db","Planning","Appointments recommended","1"
"0x30e29d7fa120f29d:0x33e2faebc4f6a0e6","Amenities","Toilet","1"
"0x30e29d7fa120f29d:0x33e2faebc4f6a0e6","Planning","Appointments recommended","1"
"0x30e29d7fa120f29d:0x33e2faebc4f6a0e6","Payments","Debit cards","1"
"0x30e29d7fa120f29d:0x33e2faebc4f6a0e6","Payments","Credit cards","1"
"0x30e2a727de4d3b73:0x9e8336412fc85350","From the business","Identifies as women-owned","1"
"0x30e2a727de4d3b73:0x9e8336412fc85350","Amenities","Toilet","1"
"0x30e2a727de4d3b73:0x9e8336412fc85350","Crowd","LGBTQ+ friendly","1"
"0x30e2a727de4d3b73:0x9e8336412fc85350","Crowd","Transgender safe space","1"
"0x30e2a727de4d3b73:0x9e8336412fc85350","Planning","Appointment required","1"
"0x30e2a727de4d3b73:0x9e8336412fc85350","Planning","Appointments recommended","1"
"0x30e2a727de4d3b73:0x9e8336412fc85350","Payments","Credit cards","1"
"0x30e2a727de4d3b73:0x9e8336412fc85350","Payments","Debit cards","1"
"0x30e2a727de4d3b73:0x9e8336412fc85350","Payments","NFC mobile payments","1"
"0x30e2a727de4d3b73:0x9e8336412fc85350","Payments","Credit cards","1"
"0x30e29b25006d30dd:0x676589bdd9d5295c","Amenities","Toilet","1"
"0x30e29b25006d30dd:0x676589bdd9d5295c","Planning","Appointments recommended","1"
"0x311d5f9788dd6553:0xf9ecd94a8f47e187","Service options","On-site services","1"
"0x311d5f9788dd6553:0xf9ecd94a8f47e187","Parking","On-site parking","1"
"0x30e2a00acea3865f:0xded68b894c75cfcd","Accessibility","Wheelchair accessible entrance","1"
"0x30e2a00acea3865f:0xded68b894c75cfcd","Accessibility","Wheelchair accessible parking lot","1"
"0x30e2a00acea3865f:0xded68b894c75cfcd","Accessibility","Wheelchair accessible restroom","1"
"0x30e2a00acea3865f:0xded68b894c75cfcd","Service options","Onsite services","1"
"0x30e2a00acea3865f:0xded68b894c75cfcd","Amenities","Restroom","1"
"0x30e2a00acea3865f:0xded68b894c75cfcd","Payments","Credit cards","1"
"0x30e2a00acea3865f:0xded68b894c75cfcd","Payments","Debit cards","1"
"0x30e2a00acea3865f:0xded68b894c75cfcd","Payments","NFC mobile payments","1"
"0x30e2a00acea3865f:0xded68b894c75cfcd","Children","Playground","1"
"0x30e2a00acea3865f:0xded68b894c75cfcd","Parking","Free parking lot","1"
"0x30e2a00acea3865f:0xded68b894c75cfcd","Parking","Free street parking","1"
"0x30e2a00acea3865f:0xded68b894c75cfcd","Parking","Paid parking lot","1"
"0x311d6255efae7acb:0x4a75e6d9cb58f20b","Accessibility","Wheelchair-accessible toilet","1"
"0x311d6255efae7acb:0x4a75e6d9cb58f20b","Amenities","Toilet","1"
"0x311d6255efae7acb:0x4a75e6d9cb58f20b","Planning","Appointments recommended","1"
"0x311d6255efae7acb:0x4a75e6d9cb58f20b","Payments","Credit cards","1"
"0x311d6255efae7acb:0x4a75e6d9cb58f20b","Payments","NFC mobile payments","1"
"0x311d6255efae7acb:0x4a75e6d9cb58f20b","Parking","Free parking lot","1"
"0x311d6255efae7acb:0x4a75e6d9cb58f20b","Parking","On-site parking","1"
"0x311d625783772b69:0xdf842fe0066588aa","Amenities","Toilet","1"
"0x311d625783772b69:0xdf842fe0066588aa","Planning","Appointments recommended","1"
"0x311d625783772b69:0xdf842fe0066588aa","Payments","Debit cards","1"
"0x311d625783772b69:0xdf842fe0066588aa","Payments","NFC mobile payments","1"
"0x311d625783772b69:0xdf842fe0066588aa","Payments","Credit cards","1"
"0x30e2835043f03b3b:0x3b5c479935432c49","Amenities","Toilet","1"
"0x30e2835043f03b3b:0x3b5c479935432c49","Planning","Appointments recommended","1"
"0x30e2835043f03b3b:0x3b5c479935432c49","Payments","NFC mobile payments","1"
"0x311d5ffff8c1628f:0x6618850b4b93c4c","Amenities","Restroom","1"
"0x311d5ffff8c1628f:0x6618850b4b93c4c","Planning","Appointments recommended","1"
"0x311d605adc5980f1:0x9224b707d86c03d8","Amenities","Toilet","1"
"0x311d605adc5980f1:0x9224b707d86c03d8","Planning","Appointments recommended","1"
"0x311d61a26425cc2f:0x1852b69132a6d5f8","Amenities","Toilet","1"
"0x311d61a26425cc2f:0x1852b69132a6d5f8","Planning","Appointments recommended","1"
"0x311d61a26425cc2f:0x1852b69132a6d5f8","Payments","Credit cards","1"
"0x311d61a26425cc2f:0x1852b69132a6d5f8","Payments","Debit cards","1"
"0x311d61a26425cc2f:0x1852b69132a6d5f8","Payments","NFC mobile payments","1"
"0x30e2bd381b82c83b:0x64f823c168eb8185","Accessibility","Wheelchair-accessible car park","1"
"0x30e2bd381b82c83b:0x64f823c168eb8185","Amenities","Toilet","1"
"0x30e2bd381b82c83b:0x64f823c168eb8185","Planning","Appointments recommended","1"
"0x311d618d1f2ad625:0x3f2a917f49799218","Amenities","Toilet","1"
"0x311d618d1f2ad625:0x3f2a917f49799218","Planning","Appointments recommended","1"
"0x30e29de1a1347f45:0xf3f75656dd68000c","Accessibility","Wheelchair-accessible car park","1"
"0x30e29de1a1347f45:0xf3f75656dd68000c","Accessibility","Wheelchair-accessible entrance","1"
"0x30e29de1a1347f45:0xf3f75656dd68000c","Service options","In-store pick-up","1"
"0x30e29de1a1347f45:0xf3f75656dd68000c","Service options","In-store shopping","1"
"0x30e29de1a1347f45:0xf3f75656dd68000c","Service options","On-site services","1"
"0x30e29de1a1347f45:0xf3f75656dd68000c","Crowd","LGBTQ+ friendly","1"
"0x30e29de1a1347f45:0xf3f75656dd68000c","Crowd","Transgender safe space","1"
"0x30e29de1a1347f45:0xf3f75656dd68000c","Planning","Quick visit","1"
"0x30e29de1a1347f45:0xf3f75656dd68000c","Payments","Credit cards","1"
"0x30e29de1a1347f45:0xf3f75656dd68000c","Payments","Debit cards","1"
"0x30e29de1a1347f45:0xf3f75656dd68000c","Payments","NFC mobile payments","1"
"0x30e29de1a1347f45:0xf3f75656dd68000c","Payments","Credit cards","1"
"0x30e2834e99853e45:0xa168a09df0122f11","Amenities","Toilet","1"
"0x30e2834e99853e45:0xa168a09df0122f11","Planning","Appointments recommended","1"
"0x30e2834e99853e45:0xa168a09df0122f11","Payments","Credit cards","1"
"0x30e2834e99853e45:0xa168a09df0122f11","Payments","NFC mobile payments","1"
"0x311d632a3b295dcb:0x7f837eab438c89d2","Amenities","Toilet","1"
"0x311d632a3b295dcb:0x7f837eab438c89d2","Planning","Appointments recommended","1"
"0x311d632a3b295dcb:0x7f837eab438c89d2","Payments","NFC mobile payments","1"
"0x311d632a3b295dcb:0x7f837eab438c89d2","Parking","Free parking lot","1"
"0x311d632a3b295dcb:0x7f837eab438c89d2","Parking","On-site parking","1"
"0x311d61bee54e102b:0xcb170b2a35cabc58","Accessibility","Wheelchair-accessible car park","1"
"0x311d61bee54e102b:0xcb170b2a35cabc58","Accessibility","Wheelchair-accessible entrance","1"
"0x311d61bee54e102b:0xcb170b2a35cabc58","Service options","On-site services","1"
"0x30e29d898fd32627:0x504d2ea938846219","Accessibility","Wheelchair-accessible car park","1"
"0x30e29d898fd32627:0x504d2ea938846219","Accessibility","Wheelchair-accessible entrance","1"
"0x30e29d898fd32627:0x504d2ea938846219","Accessibility","Wheelchair-accessible toilet","1"
"0x30e29d898fd32627:0x504d2ea938846219","Service options","On-site services","1"
"0x30e29d898fd32627:0x504d2ea938846219","Amenities","Toilet","1"
"0x30e29d898fd32627:0x504d2ea938846219","Payments","Credit cards","1"
"0x30e29d898fd32627:0x504d2ea938846219","Payments","Debit cards","1"
"0x30e29d898fd32627:0x504d2ea938846219","Payments","NFC mobile payments","1"
"0x30e29d898fd32627:0x504d2ea938846219","Children","Playground","1"
"0x30e29d898fd32627:0x504d2ea938846219","Parking","Free of charge street parking","1"
"0x30e29d898fd32627:0x504d2ea938846219","Parking","Free parking lot","1"
"0x30e29d898fd32627:0x504d2ea938846219","Parking","Paid parking lot","1"
"0x311d621e924347a7:0x170afb5034e9f36a","Amenities","Toilet","1"
"0x311d621e924347a7:0x170afb5034e9f36a","Planning","Appointments recommended","1"
"0x311d621e924347a7:0x170afb5034e9f36a","Payments","Credit cards","1"
"0x311d621e924347a7:0x170afb5034e9f36a","Payments","Debit cards","1"
"0x311d621e924347a7:0x170afb5034e9f36a","Payments","NFC mobile payments","1"
"0x311d617185df581f:0xa9c1a3bdd03bae2c","Amenities","Toilet","1"
"0x311d617185df581f:0xa9c1a3bdd03bae2c","Planning","Appointments recommended","1"
"0x311d617185df581f:0xa9c1a3bdd03bae2c","Payments","Credit cards","1"
"0x311d617185df581f:0xa9c1a3bdd03bae2c","Payments","Debit cards","1"
"0x311d617185df581f:0xa9c1a3bdd03bae2c","Payments","NFC mobile payments","1"
"0x30e2bd28446ea5bb:0x8e618445a56e642a","Amenities","Toilet","1"
"0x30e2bd28446ea5bb:0x8e618445a56e642a","Planning","Appointments recommended","1"
"0x30e2bd28446ea5bb:0x8e618445a56e642a","Payments","Credit cards","1"
"0x30e2bd28446ea5bb:0x8e618445a56e642a","Payments","NFC mobile payments","1"
"0x311d61e2802de227:0xeefccab89d6994ed","Amenities","Toilet","1"
"0x311d61e2802de227:0xeefccab89d6994ed","Planning","Appointment required","1"
"0x311d61e2802de227:0xeefccab89d6994ed","Planning","Appointments recommended","1"
"0x311d61e2802de227:0xeefccab89d6994ed","Payments","Debit cards","1"
"0x30e29d0015c1633f:0x9791be2d0dcd6544","Amenities","Toilet","1"
"0x30e29acdf1348661:0xd1b283c573490da1","Planning","Appointments recommended","1"
"0x30e2855b31b82b47:0x59359c409cffef4f","Accessibility","Wheelchair-accessible toilet","1"
"0x30e2855b31b82b47:0x59359c409cffef4f","Amenities","Toilet","1"
"0x30e2855b31b82b47:0x59359c409cffef4f","Planning","Appointments recommended","1"
"0x30e2855b31b82b47:0x59359c409cffef4f","Payments","NFC mobile payments","1"
"0x311d60dbd41f181b:0x2e9221f00ae20f4","Amenities","Toilet","1"
"0x311d60dbd41f181b:0x2e9221f00ae20f4","Planning","Appointments recommended","1"
"0x311d60dbd41f181b:0x2e9221f00ae20f4","Payments","Debit cards","1"
"0x311d60dbd41f181b:0x2e9221f00ae20f4","Payments","Credit cards","1"
"0x311d63d65d3db7b1:0xa7d49e0f2029cd82","Amenities","Toilet","1"
"0x311d63d65d3db7b1:0xa7d49e0f2029cd82","Planning","Appointments recommended","1"
"0x311d63d65d3db7b1:0xa7d49e0f2029cd82","Payments","Debit cards","1"
"0x311d63d65d3db7b1:0xa7d49e0f2029cd82","Payments","NFC mobile payments","1"
"0x311d63d65d3db7b1:0xa7d49e0f2029cd82","Payments","Credit cards","1"
"0x311d63c3bbe02745:0x5ab96333782361b3","Accessibility","Wheelchair-accessible toilet","1"
"0x311d63c3bbe02745:0x5ab96333782361b3","Amenities","Gender-neutral toilets","1"
"0x311d63c3bbe02745:0x5ab96333782361b3","Amenities","Toilet","1"
"0x311d63c3bbe02745:0x5ab96333782361b3","Crowd","LGBTQ+ friendly","1"
"0x311d63c3bbe02745:0x5ab96333782361b3","Crowd","Transgender safe space","1"
"0x311d63c3bbe02745:0x5ab96333782361b3","Planning","Appointments recommended","1"
"0x311d63c3bbe02745:0x5ab96333782361b3","Payments","Debit cards","1"
"0x311d63c3bbe02745:0x5ab96333782361b3","Payments","NFC mobile payments","1"
"0x311d6713f65fa129:0xd50c646a26a27e19","Offerings","Cosmetic dentistry","1"
"0x311d6713f65fa129:0xd50c646a26a27e19","Amenities","Toilet","1"
"0x311d6713f65fa129:0xd50c646a26a27e19","Planning","Appointments recommended","1"
"0x311d6713f65fa129:0xd50c646a26a27e19","Payments","NFC mobile payments","1"
"0x311d6713f65fa129:0xd50c646a26a27e19","Parking","Free of charge street parking","1"
"0x311d5fd3a40c3b5d:0x24dcccfa4d39f409","Amenities","Toilet","1"
"0x311d5fd3a40c3b5d:0x24dcccfa4d39f409","Planning","Appointments recommended","1"
"0x30e29ff2b8f3c27b:0x3cb7721422c6ba29","Accessibility","Wheelchair-accessible car park","1"
"0x30e29ff2b8f3c27b:0x3cb7721422c6ba29","Accessibility","Wheelchair-accessible entrance","1"
"0x30e2984634badc79:0xd5f0e330080118f4","Accessibility","Wheelchair-accessible car park","1"
"0x30e2984634badc79:0xd5f0e330080118f4","Accessibility","Wheelchair-accessible entrance","1"
"0x30e2984634badc79:0xd5f0e330080118f4","Offerings","Medication disposal","1"
"0x30e2984634badc79:0xd5f0e330080118f4","Crowd","LGBTQ+ friendly","1"
"0x30e2984634badc79:0xd5f0e330080118f4","Crowd","Transgender safe space","1"
"0x30e2984634badc79:0xd5f0e330080118f4","Payments","Cheques","1"
"0x30e2984634badc79:0xd5f0e330080118f4","Payments","Credit cards","1"
"0x30e2984634badc79:0xd5f0e330080118f4","Payments","Debit cards","1"
"0x30e2984634badc79:0xd5f0e330080118f4","Payments","NFC mobile payments","1"
"0x30e2984634badc79:0xd5f0e330080118f4","Payments","Credit cards","1"
"0x30e2984634badc79:0xd5f0e330080118f4","Children","Nursing room","1"
"0x30e2984634badc79:0xd5f0e330080118f4","Parking","On-site parking","1"
"0x30e29623342fae6b:0xb88fdb825585ef23","Offerings","Cosmetic dentistry","1"
"0x30e29623342fae6b:0xb88fdb825585ef23","Amenities","Toilet","1"
"0x30e29623342fae6b:0xb88fdb825585ef23","Planning","Appointment required","1"
"0x30e29623342fae6b:0xb88fdb825585ef23","Planning","Appointments recommended","1"
"0x30e29623342fae6b:0xb88fdb825585ef23","Payments","Credit cards","1"
"0x30e29623342fae6b:0xb88fdb825585ef23","Payments","Debit cards","1"
"0x30e29623342fae6b:0xb88fdb825585ef23","Payments","NFC mobile payments","1"
"0x30e29623342fae6b:0xb88fdb825585ef23","Payments","Credit cards","1"
"0x30e284b234d15c71:0x29f92ffd687afbe6","Accessibility","Wheelchair-accessible car park","1"
"0x30e284b234d15c71:0x29f92ffd687afbe6","Accessibility","Wheelchair-accessible entrance","1"
"0x30e2953efa60f6fb:0xfa802a83419a185f","Accessibility","Wheelchair-accessible seating","1"
"0x30e2953efa60f6fb:0xfa802a83419a185f","Accessibility","Wheelchair-accessible toilet","1"
"0x30e2953efa60f6fb:0xfa802a83419a185f","Accessibility","Assistive hearing loop","1"
"0x30e2953efa60f6fb:0xfa802a83419a185f","Service options","On-site services","1"
"0x30e2953efa60f6fb:0xfa802a83419a185f","Amenities","Toilet","1"
"0x30e2953efa60f6fb:0xfa802a83419a185f","Planning","Appointments recommended","1"
"0x30e2953efa60f6fb:0xfa802a83419a185f","Payments","NFC mobile payments","1"
"0x30e2953efa60f6fb:0xfa802a83419a185f","Children","Nursing room","1"
"0x30e2953efa60f6fb:0xfa802a83419a185f","Parking","Free multi-storey car park","1"
"0x30e2953efa60f6fb:0xfa802a83419a185f","Parking","Free of charge street parking","1"
"0x30e2953efa60f6fb:0xfa802a83419a185f","Parking","Free parking lot","1"
"0x30e2953efa60f6fb:0xfa802a83419a185f","Parking","On-site parking","1"
"0x30e293d0325bed55:0xc7517b51922dde5e","Accessibility","Wheelchair-accessible car park","1"
"0x30e293d0325bed55:0xc7517b51922dde5e","Accessibility","Wheelchair-accessible entrance","1"
"0x30e293d0325bed55:0xc7517b51922dde5e","Accessibility","Wheelchair-accessible seating","1"
"0x30e293d0325bed55:0xc7517b51922dde5e","Amenities","Toilet","1"
"0x30e293d0325bed55:0xc7517b51922dde5e","Planning","Appointments recommended","1"
"0x30e293d0325bed55:0xc7517b51922dde5e","Payments","Debit cards","1"
"0x30e293d0325bed55:0xc7517b51922dde5e","Payments","NFC mobile payments","1"
"0x30e293d0325bed55:0xc7517b51922dde5e","Payments","Credit cards","1"
"0x30e29d146c5bc339:0xad4e1d3d758929ca","Accessibility","Wheelchair-accessible car park","1"
"0x30e29d146c5bc339:0xad4e1d3d758929ca","Accessibility","Wheelchair-accessible entrance","1"
"0x30e29d146c5bc339:0xad4e1d3d758929ca","Amenities","Toilet","1"
"0x30e29d146c5bc339:0xad4e1d3d758929ca","Planning","Appointments recommended","1"
"0x30e29d146c5bc339:0xad4e1d3d758929ca","Payments","Credit cards","1"
"0x30e29d146c5bc339:0xad4e1d3d758929ca","Payments","Debit cards","1"
"0x30e29d146c5bc339:0xad4e1d3d758929ca","Payments","NFC mobile payments","1"
"0x30e29cfd24bf9681:0x3abe8635896588ed","Accessibility","Wheelchair-accessible entrance","1"
"0x30e29cfd24bf9681:0x3abe8635896588ed","Amenities","Toilet","1"
"0x30e29cfd24bf9681:0x3abe8635896588ed","Planning","Appointments recommended","1"
"0x30e290d5f90ffddb:0x74dfc6f553416689","Accessibility","Wheelchair-accessible toilet","1"
"0x30e290d5f90ffddb:0x74dfc6f553416689","Amenities","Toilet","1"
"0x30e290d5f90ffddb:0x74dfc6f553416689","Planning","Appointments recommended","1"
"0x30e290d5f90ffddb:0x74dfc6f553416689","Payments","NFC mobile payments","1"
"0x311d5fef52f14ebb:0x4205ca1116a8f538","Amenities","Toilet","1"
"0x311d5fef52f14ebb:0x4205ca1116a8f538","Planning","Appointments recommended","1"
"0x311d5fef52f14ebb:0x4205ca1116a8f538","Payments","Credit cards","1"
"0x311d5fef52f14ebb:0x4205ca1116a8f538","Payments","Debit cards","1"
"0x311d5fef52f14ebb:0x4205ca1116a8f538","Payments","NFC mobile payments","1"
"0x30e29cc91c46ac0f:0x169224c3b0ed1f87","Amenities","Toilet","1"
"0x30e29cc91c46ac0f:0x169224c3b0ed1f87","Planning","Appointments recommended","1"
"0x30e29cb948222a4f:0x1cb76816c15ea311","Accessibility","Wheelchair-accessible car park","1"
"0x30e29cb948222a4f:0x1cb76816c15ea311","Accessibility","Wheelchair-accessible entrance","1"
"0x30e29cb948222a4f:0x1cb76816c15ea311","Amenities","Toilet","1"
"0x30e29cb948222a4f:0x1cb76816c15ea311","Planning","Appointments recommended","1"
"0x30e29cb948222a4f:0x1cb76816c15ea311","Payments","Debit cards","1"
"0x30e29cb948222a4f:0x1cb76816c15ea311","Payments","Credit cards","1"
"0x311d638d00241e63:0xd61b66f9198ee7e6","Accessibility","Wheelchair-accessible seating","1"
"0x311d638d00241e63:0xd61b66f9198ee7e6","From the business","Identifies as women-owned","1"
"0x311d638d00241e63:0xd61b66f9198ee7e6","Amenities","Gender-neutral toilets","1"
"0x311d638d00241e63:0xd61b66f9198ee7e6","Amenities","Toilet","1"
"0x311d638d00241e63:0xd61b66f9198ee7e6","Crowd","LGBTQ+ friendly","1"
"0x311d638d00241e63:0xd61b66f9198ee7e6","Crowd","Transgender safe space","1"
"0x311d638d00241e63:0xd61b66f9198ee7e6","Planning","Appointment required","1"
"0x311d638d00241e63:0xd61b66f9198ee7e6","Planning","Appointments recommended","1"
"0x311d638d00241e63:0xd61b66f9198ee7e6","Payments","Credit cards","1"
"0x311d638d00241e63:0xd61b66f9198ee7e6","Payments","Debit cards","1"
"0x311d638d00241e63:0xd61b66f9198ee7e6","Payments","NFC mobile payments","1"
"0x311d638d00241e63:0xd61b66f9198ee7e6","Children","Nursing room","1"
"0x311d61816254db17:0x25152361f8a8e6fb","Amenities","Toilet","1"
"0x311d61816254db17:0x25152361f8a8e6fb","Planning","Appointments recommended","1"
"0x30e2838422316d91:0xad0cb3d8e7ad76bb","Amenities","Toilet","1"
"0x30e2838422316d91:0xad0cb3d8e7ad76bb","Planning","Appointments recommended","1"
"0x30e2838422316d91:0xad0cb3d8e7ad76bb","Payments","NFC mobile payments","1"
"0x30e2838422316d91:0xad0cb3d8e7ad76bb","Children","Nursing room","1"
"0x30e2838422316d91:0xad0cb3d8e7ad76bb","Parking","On-site parking","1"
"0x311d630061a6ae01:0x6fccc88f1abbc45a","Amenities","Toilet","1"
"0x311d630061a6ae01:0x6fccc88f1abbc45a","Planning","Appointments recommended","1"
"0x311d6071fb565375:0xd4fd8e30e369f920","Amenities","Toilet","1"
"0x311d6071fb565375:0xd4fd8e30e369f920","Planning","Appointments recommended","1"
"0x311d6071fb565375:0xd4fd8e30e369f920","Payments","Credit cards","1"
"0x311d6071fb565375:0xd4fd8e30e369f920","Payments","Debit cards","1"
"0x311d6071fb565375:0xd4fd8e30e369f920","Payments","NFC mobile payments","1"
"0x311d6071fb565375:0xd4fd8e30e369f920","Payments","Credit cards","1"
"0x30e28320417e36c7:0xece4cbbd6a5a7f79","Accessibility","Wheelchair-accessible seating","1"
"0x30e28320417e36c7:0xece4cbbd6a5a7f79","Accessibility","Wheelchair-accessible toilet","1"
"0x30e28320417e36c7:0xece4cbbd6a5a7f79","Amenities","Toilet","1"
"0x30e28320417e36c7:0xece4cbbd6a5a7f79","Planning","Appointment required","1"
"0x30e28320417e36c7:0xece4cbbd6a5a7f79","Planning","Appointments recommended","1"
"0x30e28320417e36c7:0xece4cbbd6a5a7f79","Payments","NFC mobile payments","1"
"0x30e28370fbe701d1:0xc5e41b598acbeb2c","Accessibility","Wheelchair-accessible toilet","1"
"0x30e28370fbe701d1:0xc5e41b598acbeb2c","Amenities","Toilet","1"
"0x30e28370fbe701d1:0xc5e41b598acbeb2c","Planning","Appointments recommended","1"
"0x30e28370fbe701d1:0xc5e41b598acbeb2c","Payments","Debit cards","1"
"0x30e28370fbe701d1:0xc5e41b598acbeb2c","Payments","NFC mobile payments","1"
"0x311d60474d0e21a3:0xd1d88d4fca5b3a21","Accessibility","Wheelchair-accessible car park","1"
"0x311d60474d0e21a3:0xd1d88d4fca5b3a21","Accessibility","Wheelchair-accessible entrance","1"
"0x311d61b3d3c789d7:0xe13293f964ef17f7","Accessibility","Wheelchair-accessible seating","1"
"0x311d61b3d3c789d7:0xe13293f964ef17f7","From the business","Identifies as women-owned","1"
"0x311d61b3d3c789d7:0xe13293f964ef17f7","Amenities","Toilet","1"
"0x311d61b3d3c789d7:0xe13293f964ef17f7","Crowd","LGBTQ+ friendly","1"
"0x311d61b3d3c789d7:0xe13293f964ef17f7","Crowd","Transgender safe space","1"
"0x311d61b3d3c789d7:0xe13293f964ef17f7","Planning","Appointment required","1"
"0x311d61b3d3c789d7:0xe13293f964ef17f7","Planning","Appointments recommended","1"
"0x311d61b3d3c789d7:0xe13293f964ef17f7","Payments","Credit cards","1"
"0x311d61b3d3c789d7:0xe13293f964ef17f7","Payments","Debit cards","1"
"0x311d61b3d3c789d7:0xe13293f964ef17f7","Payments","NFC mobile payments","1"
"0x311d61b3d3c789d7:0xe13293f964ef17f7","Children","Nursing room","1"
"0x311d6172fb5ec44f:0xb08ba61863a4928a","Amenities","Toilet","1"
"0x311d6172fb5ec44f:0xb08ba61863a4928a","Planning","Appointments recommended","1"
"0x311d6172fb5ec44f:0xb08ba61863a4928a","Payments","NFC mobile payments","1"
"0x311d61946667842b:0x2bac9072a2f93809","Amenities","Toilet","1"
"0x311d61946667842b:0x2bac9072a2f93809","Planning","Appointment required","1"
"0x311d61946667842b:0x2bac9072a2f93809","Planning","Appointments recommended","1"
"0x311d61946667842b:0x2bac9072a2f93809","Payments","Credit cards","1"
"0x311d61946667842b:0x2bac9072a2f93809","Payments","Debit cards","1"
"0x311d61946667842b:0x2bac9072a2f93809","Payments","NFC mobile payments","1"
"0x30e2a3eddd6e40f1:0xd75688fb2678b693","Amenities","Toilet","1"
"0x30e2a3eddd6e40f1:0xd75688fb2678b693","Planning","Appointments recommended","1"
"0x30e2a3eddd6e40f1:0xd75688fb2678b693","Payments","NFC mobile payments","1"
"0x30e2a2ee88448b1f:0x1a11f26eed8e7f1f","Amenities","Toilet","1"
"0x30e2a2ee88448b1f:0x1a11f26eed8e7f1f","Planning","Appointments recommended","1"
"0x30e2a2ee88448b1f:0x1a11f26eed8e7f1f","Payments","NFC mobile payments","1"
"0x30e297cec5cb41e9:0x71e98ba5684bcb59","Accessibility","Wheelchair-accessible toilet","1"
"0x30e297cec5cb41e9:0x71e98ba5684bcb59","Amenities","Toilet","1"
"0x30e297cec5cb41e9:0x71e98ba5684bcb59","Planning","Appointments recommended","1"
"0x30e297cec5cb41e9:0x71e98ba5684bcb59","Payments","Debit cards","1"
"0x30e297cec5cb41e9:0x71e98ba5684bcb59","Payments","NFC mobile payments","1"
"0x30e297cec5cb41e9:0x71e98ba5684bcb59","Payments","Credit cards","1"
"0x311d6221eb7618b1:0xca3010fef116957b","Accessibility","Assistive hearing loop","1"
"0x311d6221eb7618b1:0xca3010fef116957b","Accessibility","Wheelchair-accessible seating","1"
"0x311d6221eb7618b1:0xca3010fef116957b","Accessibility","Wheelchair-accessible toilet","1"
"0x311d6221eb7618b1:0xca3010fef116957b","Service options","On-site services","1"
"0x311d6221eb7618b1:0xca3010fef116957b","Amenities","Toilet","1"
"0x311d6221eb7618b1:0xca3010fef116957b","Crowd","LGBTQ+ friendly","1"
"0x311d6221eb7618b1:0xca3010fef116957b","Crowd","Transgender safe space","1"
"0x311d6221eb7618b1:0xca3010fef116957b","Planning","Appointment required","1"
"0x311d6221eb7618b1:0xca3010fef116957b","Planning","Appointments recommended","1"
"0x311d6221eb7618b1:0xca3010fef116957b","Parking","On-site parking","1"
"0x30e283dca7067247:0x24c26c9a57aa0fc8","Accessibility","Wheelchair-accessible toilet","1"
"0x30e283dca7067247:0x24c26c9a57aa0fc8","Service options","On-site services","1"
"0x30e283dca7067247:0x24c26c9a57aa0fc8","Amenities","Toilet","1"
"0x30e283dca7067247:0x24c26c9a57aa0fc8","Planning","Appointments recommended","1"
"0x30e283dca7067247:0x24c26c9a57aa0fc8","Payments","Credit cards","1"
"0x30e283dca7067247:0x24c26c9a57aa0fc8","Payments","Debit cards","1"
"0x30e283dca7067247:0x24c26c9a57aa0fc8","Payments","NFC mobile payments","1"
"0x30e283dca7067247:0x24c26c9a57aa0fc8","Parking","On-site parking","1"
"0x30e29132f63966c9:0x62682625af303834","Accessibility","Wheelchair-accessible toilet","1"
"0x30e29132f63966c9:0x62682625af303834","Amenities","Toilet","1"
"0x30e29132f63966c9:0x62682625af303834","Planning","Appointments recommended","1"
"0x30e29132f63966c9:0x62682625af303834","Payments","NFC mobile payments","1"
"0x30e29610ba9fe6c5:0x2f2083da584b5cb3","Amenities","Toilet","1"
"0x30e29610ba9fe6c5:0x2f2083da584b5cb3","Planning","Appointments recommended","1"
"0x30e29610ba9fe6c5:0x2f2083da584b5cb3","Payments","Credit cards","1"
"0x30e29610ba9fe6c5:0x2f2083da584b5cb3","Payments","Debit cards","1"
"0x30e29610ba9fe6c5:0x2f2083da584b5cb3","Payments","NFC mobile payments","1"
"0x311d635105b30e4b:0xd45dabe7682c14ce","Amenities","Toilet","1"
"0x311d635105b30e4b:0xd45dabe7682c14ce","Planning","Appointments recommended","1"
"0x311d635105b30e4b:0xd45dabe7682c14ce","Payments","NFC mobile payments","1"
"0x311d635105b30e4b:0xd45dabe7682c14ce","Parking","Free parking lot","1"
"0x30e2a29f463b098d:0xdfbf37b96d51e74b","Amenities","Toilet","1"
"0x30e2a29f463b098d:0xdfbf37b96d51e74b","Planning","Appointments recommended","1"
"0x30e29d5745b99a9b:0x807d179789856d11","Accessibility","Wheelchair-accessible entrance","1"
"0x30e29d5745b99a9b:0x807d179789856d11","Amenities","Toilet","1"
"0x30e29d5745b99a9b:0x807d179789856d11","Planning","Appointment required","1"
"0x30e29d5745b99a9b:0x807d179789856d11","Planning","Appointments recommended","1"
"0x30e290a7b1d389ef:0xba338231c1ca68a0","Amenities","Toilet","1"
"0x30e290a7b1d389ef:0xba338231c1ca68a0","Planning","Appointments recommended","1"
"0x30e29b1dc542301b:0xc82d70534d3ff06b","Accessibility","Wheelchair-accessible car park","1"
"0x30e29b1dc542301b:0xc82d70534d3ff06b","Accessibility","Wheelchair-accessible entrance","1"
"0x30e2a0eed70dabfd:0x3680ae9da5dc6023","Accessibility","Wheelchair-accessible entrance","1"
"0x30e2a0eed70dabfd:0x3680ae9da5dc6023","Accessibility","Wheelchair-accessible toilet","1"
"0x30e2a0eed70dabfd:0x3680ae9da5dc6023","Amenities","Toilet","1"
"0x30e2a0eed70dabfd:0x3680ae9da5dc6023","Planning","Appointments recommended","1"
"0x30e2a0eed70dabfd:0x3680ae9da5dc6023","Payments","Credit cards","1"
"0x30e2a0eed70dabfd:0x3680ae9da5dc6023","Payments","NFC mobile payments","1"
"0x30e29d8315592da5:0x3ef7eb0f7617b923","Amenities","Toilet","1"
"0x30e29d8315592da5:0x3ef7eb0f7617b923","Planning","Appointments recommended","1"
"0x30e297d0ff365b41:0xe50c97967ae34b","Amenities","Toilet","1"
"0x30e297d0ff365b41:0xe50c97967ae34b","Planning","Appointments recommended","1"
"0x30e297d0ff365b41:0xe50c97967ae34b","Payments","Credit cards","1"
"0x30e297d0ff365b41:0xe50c97967ae34b","Payments","Debit cards","1"
"0x30e297d0ff365b41:0xe50c97967ae34b","Payments","NFC mobile payments","1"
"0x30e297d0ff365b41:0xe50c97967ae34b","Payments","Credit cards","1"
"0x311d63863244f36d:0x272fa4ab4c214bbe","Accessibility","Wheelchair-accessible seating","1"
"0x311d63863244f36d:0x272fa4ab4c214bbe","Amenities","Toilet","1"
"0x311d63863244f36d:0x272fa4ab4c214bbe","Planning","Appointment required","1"
"0x311d63863244f36d:0x272fa4ab4c214bbe","Parking","Free parking lot","1"
"0x30e285997d0e6681:0xec256cb9a84dcad0","Accessibility","Wheelchair-accessible entrance","1"
"0x30e285997d0e6681:0xec256cb9a84dcad0","Accessibility","Wheelchair-accessible car park","1"
"0x30e285997d0e6681:0xec256cb9a84dcad0","Service options","On-site services","1"
"0x30e285997d0e6681:0xec256cb9a84dcad0","Offerings","Cosmetic dentistry","1"
"0x30e285997d0e6681:0xec256cb9a84dcad0","Offerings","Pediatric care","1"
"0x30e285997d0e6681:0xec256cb9a84dcad0","Amenities","Toilet","1"
"0x30e285997d0e6681:0xec256cb9a84dcad0","Crowd","LGBTQ+ friendly","1"
"0x30e285997d0e6681:0xec256cb9a84dcad0","Crowd","Transgender safe space","1"
"0x30e285997d0e6681:0xec256cb9a84dcad0","Planning","Appointment required","1"
"0x30e285997d0e6681:0xec256cb9a84dcad0","Planning","Appointments recommended","1"
"0x30e285997d0e6681:0xec256cb9a84dcad0","Payments","Credit cards","1"
"0x30e285997d0e6681:0xec256cb9a84dcad0","Payments","Debit cards","1"
"0x30e285997d0e6681:0xec256cb9a84dcad0","Payments","NFC mobile payments","1"
"0x30e285997d0e6681:0xec256cb9a84dcad0","Parking","Free of charge street parking","1"
"0x30e285997d0e6681:0xec256cb9a84dcad0","Parking","Free parking lot","1"
"0x30e285997d0e6681:0xec256cb9a84dcad0","Parking","On-site parking","1"
"0x311d6009bdd40be1:0x4c14a839e48b5252","Amenities","Toilet","1"
"0x311d6009bdd40be1:0x4c14a839e48b5252","Planning","Appointments recommended","1"
"0x311d6115d3dc0d2d:0x4f0db5057313cce","Service options","On-site services","1"
"0x311d6115d3dc0d2d:0x4f0db5057313cce","Amenities","Toilet","1"
"0x311d6115d3dc0d2d:0x4f0db5057313cce","Planning","Appointments recommended","1"
"0x311d6115d3dc0d2d:0x4f0db5057313cce","Payments","NFC mobile payments","1"
"0x311d6115d3dc0d2d:0x4f0db5057313cce","Parking","Free parking lot","1"
"0x311d6115d3dc0d2d:0x4f0db5057313cce","Parking","On-site parking","1"
"0x30e2bd247bd0b7dd:0x49602c64f7f7c795","Service options","On-site services","1"
"0x30e2bd247bd0b7dd:0x49602c64f7f7c795","Amenities","Toilet","1"
"0x30e2bd247bd0b7dd:0x49602c64f7f7c795","Planning","Appointments recommended","1"
"0x30e2bd247bd0b7dd:0x49602c64f7f7c795","Parking","Free parking lot","1"
"0x30e2bd247bd0b7dd:0x49602c64f7f7c795","Parking","On-site parking","1"
"0x311d5f35f1f91461:0xe0ee36499573981c","Amenities","Toilet","1"
"0x311d5f35f1f91461:0xe0ee36499573981c","Planning","Appointments recommended","1"
"0x311d5f35f1f91461:0xe0ee36499573981c","Payments","Credit cards","1"
"0x311d5f35f1f91461:0xe0ee36499573981c","Payments","NFC mobile payments","1"
"0x311d5f35f1f91461:0xe0ee36499573981c","Payments","Credit cards","1"
"0x311d5f35f1f91461:0xe0ee36499573981c","Parking","Free parking lot","1"
"0x311d5f35f1f91461:0xe0ee36499573981c","Parking","On-site parking","1"
"0x311d63da2977ce4f:0x52a50a49015e77e7","Accessibility","Wheelchair-accessible car park","1"
"0x311d63da2977ce4f:0x52a50a49015e77e7","Accessibility","Wheelchair-accessible entrance","1"
"0x311d63da2977ce4f:0x52a50a49015e77e7","Accessibility","Wheelchair-accessible toilet","1"
"0x311d63da2977ce4f:0x52a50a49015e77e7","Offerings","Pediatric care","1"
"0x311d63da2977ce4f:0x52a50a49015e77e7","Amenities","Toilet","1"
"0x311d63da2977ce4f:0x52a50a49015e77e7","Planning","Appointments recommended","1"
"0x311d63da2977ce4f:0x52a50a49015e77e7","Payments","Credit cards","1"
"0x311d63da2977ce4f:0x52a50a49015e77e7","Payments","Debit cards","1"
"0x311d63da2977ce4f:0x52a50a49015e77e7","Payments","NFC mobile payments","1"
"0x311d63da2977ce4f:0x52a50a49015e77e7","Payments","Credit cards","1"
"0x311d615b1c9a73fd:0xb54013920c523a6c","Accessibility","Wheelchair-accessible entrance","1"
"0x311d615b1c9a73fd:0xb54013920c523a6c","From the business","Identifies as women-owned","1"
"0x311d615b1c9a73fd:0xb54013920c523a6c","Service options","On-site services","1"
"0x311d615b1c9a73fd:0xb54013920c523a6c","Offerings","Pediatric care","1"
"0x311d615b1c9a73fd:0xb54013920c523a6c","Amenities","Gender-neutral toilets","1"
"0x311d615b1c9a73fd:0xb54013920c523a6c","Amenities","Toilet","1"
"0x311d615b1c9a73fd:0xb54013920c523a6c","Crowd","LGBTQ+ friendly","1"
"0x311d615b1c9a73fd:0xb54013920c523a6c","Crowd","Transgender safe space","1"
"0x311d615b1c9a73fd:0xb54013920c523a6c","Planning","Appointment required","1"
"0x311d615b1c9a73fd:0xb54013920c523a6c","Planning","Appointments recommended","1"
"0x311d615b1c9a73fd:0xb54013920c523a6c","Payments","Credit cards","1"
"0x311d615b1c9a73fd:0xb54013920c523a6c","Payments","Debit cards","1"
"0x311d615b1c9a73fd:0xb54013920c523a6c","Payments","NFC mobile payments","1"
"0x311d615b1c9a73fd:0xb54013920c523a6c","Payments","Credit cards","1"
"0x311d615b1c9a73fd:0xb54013920c523a6c","Children","Nursing room","1"
"0x30e29ad8ede00a7b:0x15266e9ea9c8a1e8","Amenities","Toilet","1"
"0x30e29ad8ede00a7b:0x15266e9ea9c8a1e8","Planning","Appointments recommended","1"
"0x30e2850004776385:0x88fdbe8573f5bda8","Service options","On-site services","1"
"0x30e2850004776385:0x88fdbe8573f5bda8","Amenities","Toilet","1"
"0x30e2850004776385:0x88fdbe8573f5bda8","Planning","Appointments recommended","1"
"0x30e2850004776385:0x88fdbe8573f5bda8","Payments","NFC mobile payments","1"
"0x30e2850004776385:0x88fdbe8573f5bda8","Parking","Free parking lot","1"
"0x30e2850004776385:0x88fdbe8573f5bda8","Parking","On-site parking","1"
"0x311d5f0017f6c51b:0x7073b5f4741e7f2d","Amenities","Toilet","1"
"0x311d5f0017f6c51b:0x7073b5f4741e7f2d","Payments","Credit cards","1"
"0x311d5f0017f6c51b:0x7073b5f4741e7f2d","Payments","Credit cards","1"
"0x30e29d2c661286e7:0x68110a8faa15e4da","Amenities","Toilet","1"
"0x30e29d2c661286e7:0x68110a8faa15e4da","Planning","Appointments recommended","1"
"0x30e29d2c661286e7:0x68110a8faa15e4da","Payments","Credit cards","1"
"0x30e29d2c661286e7:0x68110a8faa15e4da","Payments","Debit cards","1"
"0x30e29d2c661286e7:0x68110a8faa15e4da","Payments","NFC mobile payments","1"
"0x311d6040b3b7f779:0x8bbd72d1467cb401","Accessibility","Wheelchair-accessible entrance","1"
"0x311d6040b3b7f779:0x8bbd72d1467cb401","Amenities","Toilet","1"
"0x311d6040b3b7f779:0x8bbd72d1467cb401","Planning","Appointments recommended","1"
"0x311d67e07f26de63:0xfe62a3a0b0983563","Accessibility","Wheelchair-accessible car park","1"
"0x311d67e07f26de63:0xfe62a3a0b0983563","Accessibility","Wheelchair-accessible entrance","1"
"0x311d67e07f26de63:0xfe62a3a0b0983563","Accessibility","Wheelchair-accessible seating","1"
"0x311d67e07f26de63:0xfe62a3a0b0983563","Accessibility","Wheelchair-accessible toilet","1"
"0x311d67e07f26de63:0xfe62a3a0b0983563","Amenities","Toilet","1"
"0x311d67e07f26de63:0xfe62a3a0b0983563","Crowd","LGBTQ+ friendly","1"
"0x311d67e07f26de63:0xfe62a3a0b0983563","Crowd","Transgender safe space","1"
"0x311d67e07f26de63:0xfe62a3a0b0983563","Planning","Appointment required","1"
"0x311d67e07f26de63:0xfe62a3a0b0983563","Planning","Appointments recommended","1"
"0x311d67e07f26de63:0xfe62a3a0b0983563","Payments","NFC mobile payments","1"
"0x311d67e07f26de63:0xfe62a3a0b0983563","Parking","Free multi-storey car park","1"
"0x311d67e07f26de63:0xfe62a3a0b0983563","Parking","Free parking lot","1"
"0x311d67e07f26de63:0xfe62a3a0b0983563","Parking","On-site parking","1"
"0x311d65d582390d53:0xab4bce264d80931c","Accessibility","Wheelchair-accessible seating","1"
"0x311d65d582390d53:0xab4bce264d80931c","Accessibility","Wheelchair-accessible toilet","1"
"0x311d65d582390d53:0xab4bce264d80931c","Amenities","Gender-neutral toilets","1"
"0x311d65d582390d53:0xab4bce264d80931c","Amenities","Toilet","1"
"0x311d65d582390d53:0xab4bce264d80931c","Crowd","LGBTQ+ friendly","1"
"0x311d65d582390d53:0xab4bce264d80931c","Crowd","Transgender safe space","1"
"0x311d65d582390d53:0xab4bce264d80931c","Planning","Appointment required","1"
"0x311d65d582390d53:0xab4bce264d80931c","Planning","Appointments recommended","1"
"0x311d65d582390d53:0xab4bce264d80931c","Payments","NFC mobile payments","1"
"0x311d63a1e31845df:0x4d3e6ad465a3d70a","Amenities","Toilet","1"
"0x311d63a1e31845df:0x4d3e6ad465a3d70a","Planning","Appointments recommended","1"
"0x311d63a1e31845df:0x4d3e6ad465a3d70a","Payments","Credit cards","1"
"0x311d63a1e31845df:0x4d3e6ad465a3d70a","Payments","Debit cards","1"
"0x311d63a1e31845df:0x4d3e6ad465a3d70a","Payments","NFC mobile payments","1"
"0x311d63a1e31845df:0x4d3e6ad465a3d70a","Payments","Credit cards","1"
"0x30e29f00693c9349:0x412a219dc82c0a0","Amenities","Toilet","1"
"0x30e29f00693c9349:0x412a219dc82c0a0","Planning","Appointments recommended","1"
"0x30e29f00693c9349:0x412a219dc82c0a0","Payments","NFC mobile payments","1"
"0x311d7dc5bbc42473:0x6bdea5173b63bfbc","Accessibility","Wheelchair-accessible car park","1"
"0x311d7dc5bbc42473:0x6bdea5173b63bfbc","Accessibility","Wheelchair-accessible entrance","1"
"0x311d7dc5bbc42473:0x6bdea5173b63bfbc","Accessibility","Wheelchair-accessible seating","1"
"0x311d7dc5bbc42473:0x6bdea5173b63bfbc","Accessibility","Wheelchair-accessible toilet","1"
"0x311d7dc5bbc42473:0x6bdea5173b63bfbc","Service options","On-site services","1"
"0x311d7dc5bbc42473:0x6bdea5173b63bfbc","Offerings","Cosmetic dentistry","1"
"0x311d7dc5bbc42473:0x6bdea5173b63bfbc","Offerings","Pediatric care","1"
"0x311d7dc5bbc42473:0x6bdea5173b63bfbc","Amenities","Toilet","1"
"0x311d7dc5bbc42473:0x6bdea5173b63bfbc","Planning","Appointments recommended","1"
"0x311d7dc5bbc42473:0x6bdea5173b63bfbc","Payments","Credit cards","1"
"0x311d7dc5bbc42473:0x6bdea5173b63bfbc","Payments","Debit cards","1"
"0x311d7dc5bbc42473:0x6bdea5173b63bfbc","Payments","NFC mobile payments","1"
"0x311d7dc5bbc42473:0x6bdea5173b63bfbc","Parking","Free of charge street parking","1"
"0x311d7dc5bbc42473:0x6bdea5173b63bfbc","Parking","Free parking lot","1"
"0x311d7dc5bbc42473:0x6bdea5173b63bfbc","Parking","On-site parking","1"
"0x30e29701ddb92a33:0xb1acc5251708aa69","Amenities","Toilet","1"
"0x30e29701ddb92a33:0xb1acc5251708aa69","Planning","Appointments recommended","1"
"0x30e29701ddb92a33:0xb1acc5251708aa69","Payments","Debit cards","1"
"0x30e29701ddb92a33:0xb1acc5251708aa69","Payments","Credit cards","1"
"0x30e2973534a344e7:0xec337c49f0cf902f","Service options","On-site services","1"
"0x30e2973534a344e7:0xec337c49f0cf902f","Service options","Takeaway","1"
"0x30e2973534a344e7:0xec337c49f0cf902f","Payments","NFC mobile payments","1"
"0x30e2973534a344e7:0xec337c49f0cf902f","Parking","Free parking lot","1"
"0x311d5e44ca62c347:0xcf319c7da0c90e8b","Accessibility","Wheelchair-accessible car park","1"
"0x311d5e44ca62c347:0xcf319c7da0c90e8b","Accessibility","Wheelchair-accessible entrance","1"
"0x311d5e44ca62c347:0xcf319c7da0c90e8b","Service options","On-site services","1"
"0x311d5e44ca62c347:0xcf319c7da0c90e8b","Amenities","Toilet","1"
"0x311d5e44ca62c347:0xcf319c7da0c90e8b","Planning","Appointments recommended","1"
"0x311d5e44ca62c347:0xcf319c7da0c90e8b","Payments","Credit cards","1"
"0x311d5e44ca62c347:0xcf319c7da0c90e8b","Payments","Debit cards","1"
"0x311d5e44ca62c347:0xcf319c7da0c90e8b","Payments","NFC mobile payments","1"
"0x311d5e44ca62c347:0xcf319c7da0c90e8b","Payments","Payment plans","1"
"0x311d5e44ca62c347:0xcf319c7da0c90e8b","Payments","Credit cards","1"
"0x311d5e44ca62c347:0xcf319c7da0c90e8b","Parking","Free multi-storey car park","1"
"0x311d5e44ca62c347:0xcf319c7da0c90e8b","Parking","Free parking lot","1"
"0x30e2a0b5536308c7:0xf8cee41c78a8995c","Accessibility","Wheelchair-accessible toilet","1"
"0x30e2a0b5536308c7:0xf8cee41c78a8995c","Amenities","Toilet","1"
"0x30e2a0b5536308c7:0xf8cee41c78a8995c","Planning","Appointments recommended","1"
"0x30e2a0b5536308c7:0xf8cee41c78a8995c","Payments","Credit cards","1"
"0x30e2a0b5536308c7:0xf8cee41c78a8995c","Payments","Debit cards","1"
"0x30e2a0b5536308c7:0xf8cee41c78a8995c","Payments","NFC mobile payments","1"
"0x30e2a0b5536308c7:0xf8cee41c78a8995c","Payments","Credit cards","1"
"0x30e29f63ebe3934b:0xc8a43062bcf64b5f","Amenities","Toilet","1"
"0x30e29f63ebe3934b:0xc8a43062bcf64b5f","Planning","Appointments recommended","1"
"0x30e29f63ebe3934b:0xc8a43062bcf64b5f","Payments","Credit cards","1"
"0x30e29f63ebe3934b:0xc8a43062bcf64b5f","Payments","Debit cards","1"
"0x30e29f63ebe3934b:0xc8a43062bcf64b5f","Payments","NFC mobile payments","1"
"0x30e29f63ebe3934b:0xc8a43062bcf64b5f","Payments","Credit cards","1"
"0x311d6309a1f61235:0x955332cec18510d8","Accessibility","Wheelchair-accessible car park","1"
"0x311d6309a1f61235:0x955332cec18510d8","Accessibility","Wheelchair-accessible entrance","1"
"0x311d6309a1f61235:0x955332cec18510d8","Accessibility","Wheelchair-accessible toilet","1"
"0x311d6309a1f61235:0x955332cec18510d8","Offerings","Pediatric care","1"
"0x311d6309a1f61235:0x955332cec18510d8","Amenities","Toilet","1"
"0x311d6309a1f61235:0x955332cec18510d8","Planning","Appointments recommended","1"
"0x311d6309a1f61235:0x955332cec18510d8","Payments","Credit cards","1"
"0x311d6309a1f61235:0x955332cec18510d8","Payments","Debit cards","1"
"0x311d6309a1f61235:0x955332cec18510d8","Payments","NFC mobile payments","1"
"0x311d5f07801c12ab:0x4ade694735580ffb","Amenities","Toilet","1"
"0x311d5f07801c12ab:0x4ade694735580ffb","Crowd","LGBTQ+ friendly","1"
"0x311d5f07801c12ab:0x4ade694735580ffb","Crowd","Transgender safe space","1"
"0x311d5f07801c12ab:0x4ade694735580ffb","Planning","Appointment required","1"
"0x311d5f07801c12ab:0x4ade694735580ffb","Planning","Appointments recommended","1"
"0x311d5f07801c12ab:0x4ade694735580ffb","Payments","NFC mobile payments","1"
"0x30e2a7a2ce84203b:0xd08a8a0fdd071f12","From the business","Identifies as women-owned","1"
"0x30e2a7a2ce84203b:0xd08a8a0fdd071f12","Amenities","Toilet","1"
"0x30e2a07d252d80df:0x498cdb53fd2d4364","Amenities","Toilet","1"
"0x30e2a07d252d80df:0x498cdb53fd2d4364","Planning","Appointments recommended","1"
"0x30e2a07d252d80df:0x498cdb53fd2d4364","Payments","Credit cards","1"
"0x30e2a07d252d80df:0x498cdb53fd2d4364","Payments","Debit cards","1"
"0x311d5ffbbc4ab6ed:0xb9deacad9370c9b1","Amenities","Toilet","1"
"0x311d5ffbbc4ab6ed:0xb9deacad9370c9b1","Crowd","LGBTQ+ friendly","1"
"0x311d5ffbbc4ab6ed:0xb9deacad9370c9b1","Crowd","Transgender safe space","1"
"0x311d5ffbbc4ab6ed:0xb9deacad9370c9b1","Planning","Appointments recommended","1"
"0x311d5ffbbc4ab6ed:0xb9deacad9370c9b1","Payments","Credit cards","1"
"0x311d5ffbbc4ab6ed:0xb9deacad9370c9b1","Payments","Debit cards","1"
"0x311d5ffbbc4ab6ed:0xb9deacad9370c9b1","Payments","NFC mobile payments","1"
"0x311d5ffbbc4ab6ed:0xb9deacad9370c9b1","Parking","Free parking lot","1"
"0x311d5ffbbc4ab6ed:0xb9deacad9370c9b1","Parking","On-site parking","1"
"0x311d62babb8fb599:0x59aa6dd4d455a570","Accessibility","Wheelchair-accessible toilet","1"
"0x311d62babb8fb599:0x59aa6dd4d455a570","Amenities","Toilet","1"
"0x311d62babb8fb599:0x59aa6dd4d455a570","Planning","Appointment required","1"
"0x311d62babb8fb599:0x59aa6dd4d455a570","Planning","Appointments recommended","1"
"0x311d62babb8fb599:0x59aa6dd4d455a570","Payments","NFC mobile payments","1"
"0x30e29d870b99abb5:0x13c697dea18d0999","Amenities","Toilet","1"
"0x30e29d870b99abb5:0x13c697dea18d0999","Planning","Appointments recommended","1"
"0x30e29d870b99abb5:0x13c697dea18d0999","Payments","Credit cards","1"
"0x30e29d870b99abb5:0x13c697dea18d0999","Payments","Debit cards","1"
"0x30e29d870b99abb5:0x13c697dea18d0999","Payments","NFC mobile payments","1"
"0x30e283107f4db845:0x889031907578b946","Amenities","Toilet","1"
"0x30e283107f4db845:0x889031907578b946","Planning","Appointments recommended","1"
"0x30e283107f4db845:0x889031907578b946","Payments","Credit cards","1"
"0x30e283107f4db845:0x889031907578b946","Payments","NFC mobile payments","1"
"0x30e28f680c1fb0ad:0x7feb2f88b823d9e5","Amenities","Toilet","1"
"0x30e28f680c1fb0ad:0x7feb2f88b823d9e5","Planning","Appointments recommended","1"
"0x30e28f680c1fb0ad:0x7feb2f88b823d9e5","Payments","NFC mobile payments","1"
"0x30e28f7ee596ec03:0x91a03322df50a849","Accessibility","Wheelchair-accessible car park","1"
"0x30e28f7ee596ec03:0x91a03322df50a849","Accessibility","Wheelchair-accessible entrance","1"
"0x30e28f7ee596ec03:0x91a03322df50a849","Accessibility","Wheelchair-accessible toilet","1"
"0x30e28f7ee596ec03:0x91a03322df50a849","Amenities","Toilet","1"
"0x30e28f7ee596ec03:0x91a03322df50a849","Planning","Appointments recommended","1"
"0x30e28f7ee596ec03:0x91a03322df50a849","Payments","Credit cards","1"
"0x30e28f7ee596ec03:0x91a03322df50a849","Payments","Debit cards","1"
"0x30e28f7ee596ec03:0x91a03322df50a849","Payments","NFC mobile payments","1"
"0x311d6306aaaaaaab:0xe8271260cc5f7294","Amenities","Toilet","1"
"0x311d6306aaaaaaab:0xe8271260cc5f7294","Payments","NFC mobile payments","1"
"0x30e281b095bce29b:0xcee44b33d8d8fc12","Amenities","Toilet","1"
"0x30e281b095bce29b:0xcee44b33d8d8fc12","Planning","Appointments recommended","1"
"0x30e281b095bce29b:0xcee44b33d8d8fc12","Payments","Credit cards","1"
"0x30e281b095bce29b:0xcee44b33d8d8fc12","Payments","Debit cards","1"
"0x30e281b095bce29b:0xcee44b33d8d8fc12","Payments","NFC mobile payments","1"
"0x30e29ab2cba107a5:0x83fa84f3962f42b8","Accessibility","Wheelchair-accessible car park","1"
"0x30e29ab2cba107a5:0x83fa84f3962f42b8","Accessibility","Wheelchair-accessible entrance","1"
"0x30e29ab2cba107a5:0x83fa84f3962f42b8","Accessibility","Wheelchair-accessible toilet","1"
"0x30e29ab2cba107a5:0x83fa84f3962f42b8","Service options","On-site services","1"
"0x30e29ab2cba107a5:0x83fa84f3962f42b8","Amenities","Gender-neutral toilets","1"
"0x30e29ab2cba107a5:0x83fa84f3962f42b8","Amenities","Toilet","1"
"0x30e29ab2cba107a5:0x83fa84f3962f42b8","Planning","Appointments recommended","1"
"0x30e29ab2cba107a5:0x83fa84f3962f42b8","Payments","Credit cards","1"
"0x30e29ab2cba107a5:0x83fa84f3962f42b8","Payments","Debit cards","1"
"0x30e29ab2cba107a5:0x83fa84f3962f42b8","Payments","NFC mobile payments","1"
"0x311d5fe9173fb217:0xa1e1db7367d20760","Amenities","Toilet","1"
"0x311d5fe9173fb217:0xa1e1db7367d20760","Planning","Appointments recommended","1"
"0x311d5fe9173fb217:0xa1e1db7367d20760","Payments","Debit cards","1"
"0x311d5fef28a1eb3b:0x909a2bb9e96e13f3","Amenities","Toilet","1"
"0x311d5fef28a1eb3b:0x909a2bb9e96e13f3","Planning","Appointment required","1"
"0x311d5fef28a1eb3b:0x909a2bb9e96e13f3","Planning","Appointments recommended","1"
"0x311d5fef28a1eb3b:0x909a2bb9e96e13f3","Payments","NFC mobile payments","1"
"0x30e2bd3820f94891:0xf0cc2d678a84f460","Amenities","Toilet","1"
"0x30e2bd3820f94891:0xf0cc2d678a84f460","Planning","Appointments recommended","1"
"0x30e2bd3820f94891:0xf0cc2d678a84f460","Payments","Credit cards","1"
"0x30e2bd3820f94891:0xf0cc2d678a84f460","Payments","Debit cards","1"
"0x30e2bd3820f94891:0xf0cc2d678a84f460","Payments","NFC mobile payments","1"
"0x311d67906cd54a03:0x50c20d545601537b","Amenities","Toilet","1"
"0x311d67906cd54a03:0x50c20d545601537b","Planning","Appointments recommended","1"
"0x311d67906cd54a03:0x50c20d545601537b","Payments","NFC mobile payments","1"
"0x311d6257838c68f5:0xc90b3de12a167075","Accessibility","Wheelchair-accessible toilet","1"
"0x311d6257838c68f5:0xc90b3de12a167075","Amenities","Toilet","1"
"0x311d6257838c68f5:0xc90b3de12a167075","Planning","Appointments recommended","1"
"0x311d62e0557cd3c1:0x10bd52bbd6de07dd","Amenities","Toilet","1"
"0x311d62e0557cd3c1:0x10bd52bbd6de07dd","Planning","Appointments recommended","1"
"0x311d62e0557cd3c1:0x10bd52bbd6de07dd","Payments","Credit cards","1"
"0x311d62e0557cd3c1:0x10bd52bbd6de07dd","Payments","Debit cards","1"
"0x311d5f7bb314dff9:0x926857912fecdffe","Amenities","Toilet","1"
"0x311d5f7bb314dff9:0x926857912fecdffe","Planning","Appointments recommended","1"
"0x311d5ff192d2cc3b:0x626cb7237f9fba7d","Accessibility","Wheelchair-accessible car park","1"
"0x311d5ff192d2cc3b:0x626cb7237f9fba7d","Accessibility","Wheelchair-accessible entrance","1"
"0x30e2837d5524206d:0x1b3858848e70c9b5","Amenities","Toilet","1"
"0x30e2837d5524206d:0x1b3858848e70c9b5","Planning","Appointments recommended","1"
"0x311d65b44cd6c3f9:0x97d819124b8fe86a","Amenities","Toilet","1"
"0x311d65b44cd6c3f9:0x97d819124b8fe86a","Crowd","LGBTQ+ friendly","1"
"0x311d65b44cd6c3f9:0x97d819124b8fe86a","Crowd","Transgender safe space","1"
"0x311d65b44cd6c3f9:0x97d819124b8fe86a","Planning","Appointments recommended","1"
"0x311d65b44cd6c3f9:0x97d819124b8fe86a","Payments","Credit cards","1"
"0x311d65b44cd6c3f9:0x97d819124b8fe86a","Payments","Debit cards","1"
"0x311d65b44cd6c3f9:0x97d819124b8fe86a","Payments","NFC mobile payments","1"
"0x311d65b44cd6c3f9:0x97d819124b8fe86a","Payments","Credit cards","1"
"0x311d6306a767eccd:0x93fba466571e59e","Accessibility","Wheelchair-accessible seating","1"
"0x311d6306a767eccd:0x93fba466571e59e","Accessibility","Wheelchair-accessible toilet","1"
"0x311d6306a767eccd:0x93fba466571e59e","Amenities","Toilet","1"
"0x311d6306a767eccd:0x93fba466571e59e","Crowd","LGBTQ+ friendly","1"
"0x311d6306a767eccd:0x93fba466571e59e","Crowd","Transgender safe space","1"
"0x311d6306a767eccd:0x93fba466571e59e","Planning","Appointments recommended","1"
"0x311d6306a767eccd:0x93fba466571e59e","Payments","Credit cards","1"
"0x311d6306a767eccd:0x93fba466571e59e","Payments","Debit cards","1"
"0x311d6306a767eccd:0x93fba466571e59e","Payments","NFC mobile payments","1"
"0x30e282b319df7a89:0xc8e2568cc811769c","Accessibility","Wheelchair-accessible car park","1"
"0x30e282b319df7a89:0xc8e2568cc811769c","Accessibility","Wheelchair-accessible entrance","1"
"0x30e282b319df7a89:0xc8e2568cc811769c","Service options","On-site services","1"
"0x30e282b319df7a89:0xc8e2568cc811769c","Amenities","Toilet","1"
"0x30e282b319df7a89:0xc8e2568cc811769c","Crowd","LGBTQ+ friendly","1"
"0x30e282b319df7a89:0xc8e2568cc811769c","Crowd","Transgender safe space","1"
"0x30e282b319df7a89:0xc8e2568cc811769c","Planning","Appointment required","1"
"0x30e282b319df7a89:0xc8e2568cc811769c","Planning","Appointments recommended","1"
"0x30e282b319df7a89:0xc8e2568cc811769c","Payments","Credit cards","1"
"0x30e282b319df7a89:0xc8e2568cc811769c","Payments","Debit cards","1"
"0x30e282b319df7a89:0xc8e2568cc811769c","Payments","NFC mobile payments","1"
"0x30e282b319df7a89:0xc8e2568cc811769c","Parking","Free parking lot","1"
"0x30e282b319df7a89:0xc8e2568cc811769c","Parking","On-site parking","1"
"0x30e285a7f5778f2b:0xfa70a1a86638a1e4","Amenities","Toilet","1"
"0x30e285a7f5778f2b:0xfa70a1a86638a1e4","Planning","Appointments recommended","1"
"0x30e285a7f5778f2b:0xfa70a1a86638a1e4","Payments","NFC mobile payments","1"
"0x30e28fba5bbe432d:0xd685d4a5654f4cd1","Accessibility","Wheelchair-accessible car park","1"
"0x30e28fba5bbe432d:0xd685d4a5654f4cd1","Accessibility","Wheelchair-accessible entrance","1"
"0x30e28fba5bbe432d:0xd685d4a5654f4cd1","Accessibility","Wheelchair-accessible toilet","1"
"0x30e28fba5bbe432d:0xd685d4a5654f4cd1","Offerings","Pediatric care","1"
"0x30e28fba5bbe432d:0xd685d4a5654f4cd1","Amenities","Toilet","1"
"0x30e28fba5bbe432d:0xd685d4a5654f4cd1","Planning","Appointments recommended","1"
"0x30e28fba5bbe432d:0xd685d4a5654f4cd1","Payments","Credit cards","1"
"0x30e28fba5bbe432d:0xd685d4a5654f4cd1","Payments","Debit cards","1"
"0x30e28fba5bbe432d:0xd685d4a5654f4cd1","Payments","NFC mobile payments","1"
"0x30e28fba5bbe432d:0xd685d4a5654f4cd1","Payments","Credit cards","1"
"0x311d63d68d51387b:0xe97f8e6ff496f809","Accessibility","Wheelchair-accessible entrance","1"
"0x311d63d68d51387b:0xe97f8e6ff496f809","Accessibility","Wheelchair-accessible toilet","1"
"0x311d63d68d51387b:0xe97f8e6ff496f809","Amenities","Toilet","1"
"0x311d63d68d51387b:0xe97f8e6ff496f809","Planning","Appointment required","1"
"0x311d63d68d51387b:0xe97f8e6ff496f809","Planning","Appointments recommended","1"
"0x311d614d20c21cd5:0x62c18c2070363de0","Service options","On-site services","1"
"0x311d614d20c21cd5:0x62c18c2070363de0","Amenities","Gender-neutral toilets","1"
"0x311d614d20c21cd5:0x62c18c2070363de0","Payments","NFC mobile payments","1"
"0x311d614d20c21cd5:0x62c18c2070363de0","Parking","Free parking lot","1"
"0x311d614d20c21cd5:0x62c18c2070363de0","Parking","On-site parking","1"
"0x311d603c30a0eb9b:0x3bf7d305b40507e","Accessibility","Wheelchair-accessible car park","1"
"0x311d603c30a0eb9b:0x3bf7d305b40507e","Accessibility","Wheelchair-accessible entrance","1"
"0x311d603c30a0eb9b:0x3bf7d305b40507e","Accessibility","Wheelchair-accessible toilet","1"
"0x311d603c30a0eb9b:0x3bf7d305b40507e","Offerings","Pediatric care","1"
"0x311d603c30a0eb9b:0x3bf7d305b40507e","Amenities","Toilet","1"
"0x311d603c30a0eb9b:0x3bf7d305b40507e","Planning","Appointments recommended","1"
"0x311d603c30a0eb9b:0x3bf7d305b40507e","Payments","Credit cards","1"
"0x311d603c30a0eb9b:0x3bf7d305b40507e","Payments","Debit cards","1"
"0x311d603c30a0eb9b:0x3bf7d305b40507e","Payments","NFC mobile payments","1"
"0x311d603c30a0eb9b:0x3bf7d305b40507e","Payments","Credit cards","1"
"0x311d598413c68795:0x7e11c506a1d6d2c6","Offerings","Pediatric care","1"
"0x311d598413c68795:0x7e11c506a1d6d2c6","Amenities","Toilet","1"
"0x311d598413c68795:0x7e11c506a1d6d2c6","Planning","Appointments recommended","1"
"0x311d598413c68795:0x7e11c506a1d6d2c6","Payments","Credit cards","1"
"0x311d598413c68795:0x7e11c506a1d6d2c6","Payments","Debit cards","1"
"0x311d598413c68795:0x7e11c506a1d6d2c6","Payments","NFC mobile payments","1"
"0x311d63b8c2648869:0x93b4c8f8892292a2","Amenities","Toilet","1"
"0x311d63b8c2648869:0x93b4c8f8892292a2","Planning","Appointments recommended","1"
"0x311d63b8c2648869:0x93b4c8f8892292a2","Payments","NFC mobile payments","1"
"0x311d6347bfa5475d:0x229981b46e7e7e50","Accessibility","Wheelchair-accessible car park","1"
"0x311d6347bfa5475d:0x229981b46e7e7e50","Accessibility","Wheelchair-accessible entrance","1"
"0x311d6347bfa5475d:0x229981b46e7e7e50","Accessibility","Wheelchair-accessible toilet","1"
"0x311d6347bfa5475d:0x229981b46e7e7e50","Service options","On-site services","1"
"0x311d6347bfa5475d:0x229981b46e7e7e50","Offerings","Arcade games","1"
"0x311d6347bfa5475d:0x229981b46e7e7e50","Amenities","Toilet","1"
"0x311d6347bfa5475d:0x229981b46e7e7e50","Payments","Credit cards","1"
"0x311d6347bfa5475d:0x229981b46e7e7e50","Payments","Debit cards","1"
"0x311d6347bfa5475d:0x229981b46e7e7e50","Payments","NFC mobile payments","1"
"0x30e295820563d971:0x36e26a5b099c54c0","Service options","On-site services","1"
"0x30e295820563d971:0x36e26a5b099c54c0","Amenities","Toilet","1"
"0x30e295820563d971:0x36e26a5b099c54c0","Planning","Appointments recommended","1"
"0x30e295820563d971:0x36e26a5b099c54c0","Payments","NFC mobile payments","1"
"0x30e295820563d971:0x36e26a5b099c54c0","Children","Nursing room","1"
"0x30e295820563d971:0x36e26a5b099c54c0","Parking","Free multi-storey car park","1"
"0x30e295820563d971:0x36e26a5b099c54c0","Parking","Free of charge street parking","1"
"0x30e295820563d971:0x36e26a5b099c54c0","Parking","Free parking lot","1"
"0x30e295820563d971:0x36e26a5b099c54c0","Parking","On-site parking","1"
"0x30e295e476fe5ab5:0xbe767a92b157c5ba","Accessibility","Wheelchair-accessible seating","1"
"0x30e295e476fe5ab5:0xbe767a92b157c5ba","Accessibility","Wheelchair-accessible toilet","1"
"0x30e295e476fe5ab5:0xbe767a92b157c5ba","Service options","On-site services","1"
"0x30e295e476fe5ab5:0xbe767a92b157c5ba","Amenities","Toilet","1"
"0x30e295e476fe5ab5:0xbe767a92b157c5ba","Planning","Appointments recommended","1"
"0x30e295e476fe5ab5:0xbe767a92b157c5ba","Payments","NFC mobile payments","1"
"0x30e295e476fe5ab5:0xbe767a92b157c5ba","Parking","Free parking lot","1"
"0x30e295e476fe5ab5:0xbe767a92b157c5ba","Parking","On-site parking","1"
"0x30e2bd29098944b5:0x837945adb6ddb8a7","Amenities","Toilet","1"
"0x30e2bd29098944b5:0x837945adb6ddb8a7","Planning","Appointments recommended","1"
"0x30e2bd29098944b5:0x837945adb6ddb8a7","Payments","Credit cards","1"
"0x30e2bd29098944b5:0x837945adb6ddb8a7","Payments","NFC mobile payments","1"
"0x30e2a3e25149dec5:0xef5572fb697bf88a","Accessibility","Wheelchair-accessible car park","1"
"0x30e2a3e25149dec5:0xef5572fb697bf88a","Accessibility","Wheelchair-accessible entrance","1"
"0x30e2a3e25149dec5:0xef5572fb697bf88a","Amenities","Toilet","1"
"0x30e2a3e25149dec5:0xef5572fb697bf88a","Planning","Appointments recommended","1"
"0x30e2a3e25149dec5:0xef5572fb697bf88a","Payments","Credit cards","1"
"0x30e2a3e25149dec5:0xef5572fb697bf88a","Payments","Debit cards","1"
"0x30e2a3e25149dec5:0xef5572fb697bf88a","Payments","NFC mobile payments","1"
"0x30e2a3e25149dec5:0xef5572fb697bf88a","Parking","Free parking lot","1"
"0x30e29708941dd397:0xdfdfc04e05f1a25f","Amenities","Toilet","1"
"0x30e29708941dd397:0xdfdfc04e05f1a25f","Planning","Appointments recommended","1"
"0x30e29708941dd397:0xdfdfc04e05f1a25f","Payments","NFC mobile payments","1"
"0x30e28772265a1819:0x5d31c25a4bcb6c64","Amenities","Toilet","1"
"0x30e28772265a1819:0x5d31c25a4bcb6c64","Parking","Free parking lot","1"
"0x30e285005990f139:0xaeaa0e8759e65151","Amenities","Toilet","1"
"0x30e285005990f139:0xaeaa0e8759e65151","Planning","Appointments recommended","1"
"0x30e285005990f139:0xaeaa0e8759e65151","Payments","Credit cards","1"
"0x30e285005990f139:0xaeaa0e8759e65151","Parking","Free parking lot","1"
"0x30e285005990f139:0xaeaa0e8759e65151","Parking","On-site parking","1"
"0x30e28f003b0390bf:0x337fc247a17e0ea8","Amenities","Toilet","1"
"0x30e28f003b0390bf:0x337fc247a17e0ea8","Planning","Appointments recommended","1"
"0x311d5f61b45ac3f5:0x1dd87deedf464b8e","Accessibility","Wheelchair-accessible car park","1"
"0x311d5f61b45ac3f5:0x1dd87deedf464b8e","Accessibility","Wheelchair-accessible entrance","1"
"0x311d5f61b45ac3f5:0x1dd87deedf464b8e","Accessibility","Wheelchair-accessible toilet","1"
"0x311d5f61b45ac3f5:0x1dd87deedf464b8e","Amenities","Toilet","1"
"0x311d5f61b45ac3f5:0x1dd87deedf464b8e","Planning","Appointments recommended","1"
"0x311d5f61b45ac3f5:0x1dd87deedf464b8e","Payments","Credit cards","1"
"0x311d5f61b45ac3f5:0x1dd87deedf464b8e","Payments","Debit cards","1"
"0x311d5f61b45ac3f5:0x1dd87deedf464b8e","Payments","NFC mobile payments","1"
"0x311d5fe7690742cd:0x3395d7a5c8c6bd52","Accessibility","Wheelchair-accessible toilet","1"
"0x311d5fe7690742cd:0x3395d7a5c8c6bd52","Amenities","Toilet","1"
"0x311d5fe7690742cd:0x3395d7a5c8c6bd52","Planning","Appointments recommended","1"
"0x311d594fd2bd1fa1:0x6e7c0cdad753c63a","Accessibility","Wheelchair-accessible entrance","1"
"0x311d594fd2bd1fa1:0x6e7c0cdad753c63a","Accessibility","Wheelchair-accessible seating","1"
"0x311d594fd2bd1fa1:0x6e7c0cdad753c63a","Accessibility","Wheelchair-accessible toilet","1"
"0x311d594fd2bd1fa1:0x6e7c0cdad753c63a","Accessibility","Assistive hearing loop","1"
"0x311d594fd2bd1fa1:0x6e7c0cdad753c63a","Accessibility","Wheelchair-accessible car park","1"
"0x311d594fd2bd1fa1:0x6e7c0cdad753c63a","Service options","On-site services","1"
"0x311d594fd2bd1fa1:0x6e7c0cdad753c63a","Offerings","Cosmetic dentistry","1"
"0x311d594fd2bd1fa1:0x6e7c0cdad753c63a","Offerings","Emergency services","1"
"0x311d594fd2bd1fa1:0x6e7c0cdad753c63a","Offerings","Pediatric care","1"
"0x311d594fd2bd1fa1:0x6e7c0cdad753c63a","Amenities","Toilet","1"
"0x311d594fd2bd1fa1:0x6e7c0cdad753c63a","Crowd","LGBTQ+ friendly","1"
"0x311d594fd2bd1fa1:0x6e7c0cdad753c63a","Crowd","Transgender safe space","1"
"0x311d594fd2bd1fa1:0x6e7c0cdad753c63a","Planning","Appointment required","1"
"0x311d594fd2bd1fa1:0x6e7c0cdad753c63a","Planning","Appointments recommended","1"
"0x311d594fd2bd1fa1:0x6e7c0cdad753c63a","Payments","Credit cards","1"
"0x311d594fd2bd1fa1:0x6e7c0cdad753c63a","Payments","Debit cards","1"
"0x311d594fd2bd1fa1:0x6e7c0cdad753c63a","Payments","NFC mobile payments","1"
"0x311d594fd2bd1fa1:0x6e7c0cdad753c63a","Parking","Free of charge street parking","1"
"0x311d594fd2bd1fa1:0x6e7c0cdad753c63a","Parking","Free parking lot","1"
"0x311d594fd2bd1fa1:0x6e7c0cdad753c63a","Parking","On-site parking","1"
"0x30e283c55f2a3e3d:0x611a7e40c2be2382","Amenities","Toilet","1"
"0x30e283c55f2a3e3d:0x611a7e40c2be2382","Planning","Appointment required","1"
"0x30e283c55f2a3e3d:0x611a7e40c2be2382","Planning","Appointments recommended","1"
"0x30e283c55f2a3e3d:0x611a7e40c2be2382","Payments","Credit cards","1"
"0x30e283c55f2a3e3d:0x611a7e40c2be2382","Payments","Debit cards","1"
"0x30e283c55f2a3e3d:0x611a7e40c2be2382","Payments","NFC mobile payments","1"
"0x30e283c55f2a3e3d:0x611a7e40c2be2382","Children","Nursing room","1"
"0x30e283c55f2a3e3d:0x611a7e40c2be2382","Parking","Free of charge street parking","1"
"0x30e283c55f2a3e3d:0x611a7e40c2be2382","Parking","Free parking lot","1"
"0x30e283c55f2a3e3d:0x611a7e40c2be2382","Parking","On-site parking","1"
"0x30e2854edcda9751:0xddbc4643b0d2a3cc","Amenities","Toilet","1"
"0x30e2854edcda9751:0xddbc4643b0d2a3cc","Planning","Appointment required","1"
"0x30e2854edcda9751:0xddbc4643b0d2a3cc","Planning","Appointments recommended","1"
"0x30e28386b0489923:0xebebafc3011be73f","Offerings","Cosmetic dentistry","1"
"0x30e28386b0489923:0xebebafc3011be73f","Amenities","Toilet","1"
"0x30e28386b0489923:0xebebafc3011be73f","Crowd","LGBTQ+ friendly","1"
"0x30e28386b0489923:0xebebafc3011be73f","Crowd","Transgender safe space","1"
"0x30e28386b0489923:0xebebafc3011be73f","Planning","Appointments recommended","1"
"0x30e28386b0489923:0xebebafc3011be73f","Payments","Credit cards","1"
"0x30e28386b0489923:0xebebafc3011be73f","Payments","Debit cards","1"
"0x30e28386b0489923:0xebebafc3011be73f","Payments","NFC mobile payments","1"
"0x30e28386b0489923:0xebebafc3011be73f","Parking","Free parking lot","1"
"0x30e28386b0489923:0xebebafc3011be73f","Parking","On-site parking","1"
"0x30e2837f2bc4e4d7:0x630ab8a4d6c4b85d","Accessibility","Wheelchair-accessible toilet","1"
"0x30e2837f2bc4e4d7:0x630ab8a4d6c4b85d","Amenities","Toilet","1"
"0x30e2837f2bc4e4d7:0x630ab8a4d6c4b85d","Planning","Appointments recommended","1"
"0x30e2837f2bc4e4d7:0x630ab8a4d6c4b85d","Payments","Credit cards","1"
"0x30e2837f2bc4e4d7:0x630ab8a4d6c4b85d","Payments","Debit cards","1"
"0x30e2837f2bc4e4d7:0x630ab8a4d6c4b85d","Payments","NFC mobile payments","1"
"0x30e283002925225b:0xc0296532b40accd2","Amenities","Toilet","1"
"0x30e283002925225b:0xc0296532b40accd2","Planning","Appointments recommended","1"
"0x30e283bbc835f5eb:0xb19a02f1385ddd91","Accessibility","Wheelchair-accessible toilet","1"
"0x30e283bbc835f5eb:0xb19a02f1385ddd91","Amenities","Toilet","1"
"0x30e283bbc835f5eb:0xb19a02f1385ddd91","Planning","Appointments recommended","1"
"0x30e283bbc835f5eb:0xb19a02f1385ddd91","Payments","Credit cards","1"
"0x30e283bbc835f5eb:0xb19a02f1385ddd91","Payments","Debit cards","1"
"0x30e283bbc835f5eb:0xb19a02f1385ddd91","Payments","NFC mobile payments","1"
"0x311d6147755da50d:0x39d0b01c645499d0","Accessibility","Wheelchair-accessible car park","1"
"0x311d6147755da50d:0x39d0b01c645499d0","Accessibility","Wheelchair-accessible entrance","1"
"0x311d6147755da50d:0x39d0b01c645499d0","Accessibility","Wheelchair-accessible seating","1"
"0x311d6147755da50d:0x39d0b01c645499d0","Accessibility","Wheelchair-accessible toilet","1"
"0x311d6147755da50d:0x39d0b01c645499d0","Amenities","Gender-neutral toilets","1"
"0x311d6147755da50d:0x39d0b01c645499d0","Crowd","LGBTQ+ friendly","1"
"0x311d6147755da50d:0x39d0b01c645499d0","Crowd","Transgender safe space","1"
"0x311d6147755da50d:0x39d0b01c645499d0","Payments","NFC mobile payments","1"
"0x30e29701d99377bb:0x7b09233900deac89","Amenities","Toilet","1"
"0x30e29701d99377bb:0x7b09233900deac89","Planning","Appointments recommended","1"
"0x30e29701d99377bb:0x7b09233900deac89","Payments","Debit cards","1"
"0x30e29701d99377bb:0x7b09233900deac89","Payments","Credit cards","1"
"0x311d635e0239ac01:0xb012ce1face2d9e2","Accessibility","Wheelchair-accessible car park","1"
"0x311d635e0239ac01:0xb012ce1face2d9e2","Accessibility","Wheelchair-accessible toilet","1"
"0x311d635e0239ac01:0xb012ce1face2d9e2","Amenities","Toilet","1"
"0x311d635e0239ac01:0xb012ce1face2d9e2","Planning","Appointments recommended","1"
"0x311d635e0239ac01:0xb012ce1face2d9e2","Payments","Credit cards","1"
"0x311d635e0239ac01:0xb012ce1face2d9e2","Payments","Debit cards","1"
"0x311d635e0239ac01:0xb012ce1face2d9e2","Payments","NFC mobile payments","1"
"0x311d635e0239ac01:0xb012ce1face2d9e2","Parking","Free parking lot","1"
"0x311d635e0239ac01:0xb012ce1face2d9e2","Parking","On-site parking","1"
"0x311d61e91c4c3e15:0x606a3cc68097a434","Amenities","Toilet","1"
"0x311d61e91c4c3e15:0x606a3cc68097a434","Planning","Appointments recommended","1"
"0x311d61e91c4c3e15:0x606a3cc68097a434","Payments","Credit cards","1"
"0x311d61e91c4c3e15:0x606a3cc68097a434","Payments","Debit cards","1"
"0x311d61e91c4c3e15:0x606a3cc68097a434","Payments","NFC mobile payments","1"
"0x30e28315e3815743:0x5dc1b502c754893f","Accessibility","Wheelchair-accessible car park","1"
"0x30e28315e3815743:0x5dc1b502c754893f","Accessibility","Wheelchair-accessible entrance","1"
"0x30e28315e3815743:0x5dc1b502c754893f","Accessibility","Wheelchair-accessible toilet","1"
"0x30e28315e3815743:0x5dc1b502c754893f","Service options","On-site services","1"
"0x30e28315e3815743:0x5dc1b502c754893f","Offerings","Pediatric care","1"
"0x30e28315e3815743:0x5dc1b502c754893f","Amenities","Toilet","1"
"0x30e28315e3815743:0x5dc1b502c754893f","Crowd","LGBTQ+ friendly","1"
"0x30e28315e3815743:0x5dc1b502c754893f","Crowd","Transgender safe space","1"
"0x30e28315e3815743:0x5dc1b502c754893f","Planning","Appointment required","1"
"0x30e28315e3815743:0x5dc1b502c754893f","Planning","Appointments recommended","1"
"0x30e28315e3815743:0x5dc1b502c754893f","Payments","NFC mobile payments","1"
"0x30e28315e3815743:0x5dc1b502c754893f","Parking","Free multi-storey car park","1"
"0x30e28315e3815743:0x5dc1b502c754893f","Parking","Free parking lot","1"
"0x30e28315e3815743:0x5dc1b502c754893f","Parking","On-site parking","1"
"0x30e291dcf1b9f2f1:0xf9be8460894718e9","Amenities","Toilet","1"
"0x30e291dcf1b9f2f1:0xf9be8460894718e9","Crowd","LGBTQ+ friendly","1"
"0x30e291dcf1b9f2f1:0xf9be8460894718e9","Crowd","Transgender safe space","1"
"0x30e291dcf1b9f2f1:0xf9be8460894718e9","Planning","Appointments recommended","1"
"0x30e291dcf1b9f2f1:0xf9be8460894718e9","Payments","Credit cards","1"
"0x30e291dcf1b9f2f1:0xf9be8460894718e9","Payments","Debit cards","1"
"0x30e291dcf1b9f2f1:0xf9be8460894718e9","Payments","NFC mobile payments","1"
"0x30e291dcf1b9f2f1:0xf9be8460894718e9","Payments","Credit cards","1"
"0x311d63a8c2eb27f3:0x9abfee15aaf480a5","Amenities","Toilet","1"
"0x311d63a8c2eb27f3:0x9abfee15aaf480a5","Planning","Appointments recommended","1"
"0x311d63a8c2eb27f3:0x9abfee15aaf480a5","Payments","Credit cards","1"
"0x311d63a8c2eb27f3:0x9abfee15aaf480a5","Payments","Debit cards","1"
"0x311d63a8c2eb27f3:0x9abfee15aaf480a5","Payments","NFC mobile payments","1"
"0x30e295af6219d48b:0xc594e4a92298e460","Accessibility","Wheelchair-accessible car park","1"
"0x30e295af6219d48b:0xc594e4a92298e460","From the business","Identifies as women-owned","1"
"0x30e295af6219d48b:0xc594e4a92298e460","Amenities","Toilet","1"
"0x30e295af6219d48b:0xc594e4a92298e460","Crowd","LGBTQ+ friendly","1"
"0x30e295af6219d48b:0xc594e4a92298e460","Crowd","Transgender safe space","1"
"0x30e295af6219d48b:0xc594e4a92298e460","Planning","Appointment required","1"
"0x30e295af6219d48b:0xc594e4a92298e460","Planning","Appointments recommended","1"
"0x30e295af6219d48b:0xc594e4a92298e460","Payments","NFC mobile payments","1"
"0x30e2963c9d8f74e7:0xb6eea48880caf594","Amenities","Toilet","1"
"0x30e2963c9d8f74e7:0xb6eea48880caf594","Planning","Appointments recommended","1"
"0x311d62b87f619e99:0xedfe5ff7b902ecd6","Accessibility","Wheelchair-accessible car park","1"
"0x311d62b87f619e99:0xedfe5ff7b902ecd6","Accessibility","Wheelchair-accessible entrance","1"
"0x311d62b87f619e99:0xedfe5ff7b902ecd6","Accessibility","Wheelchair-accessible toilet","1"
"0x311d62b87f619e99:0xedfe5ff7b902ecd6","Service options","On-site services","1"
"0x311d62b87f619e99:0xedfe5ff7b902ecd6","Offerings","Cosmetic dentistry","1"
"0x311d62b87f619e99:0xedfe5ff7b902ecd6","Offerings","Emergency services","1"
"0x311d62b87f619e99:0xedfe5ff7b902ecd6","Offerings","Pediatric care","1"
"0x311d62b87f619e99:0xedfe5ff7b902ecd6","Offerings","Sedation dentistry","1"
"0x311d62b87f619e99:0xedfe5ff7b902ecd6","Amenities","Gender-neutral toilets","1"
"0x311d62b87f619e99:0xedfe5ff7b902ecd6","Amenities","Toilet","1"
"0x311d62b87f619e99:0xedfe5ff7b902ecd6","Crowd","LGBTQ+ friendly","1"
"0x311d62b87f619e99:0xedfe5ff7b902ecd6","Crowd","Transgender safe space","1"
"0x311d62b87f619e99:0xedfe5ff7b902ecd6","Planning","Appointments recommended","1"
"0x311d62b87f619e99:0xedfe5ff7b902ecd6","Payments","Credit cards","1"
"0x311d62b87f619e99:0xedfe5ff7b902ecd6","Payments","Debit cards","1"
"0x311d62b87f619e99:0xedfe5ff7b902ecd6","Payments","NFC mobile payments","1"
"0x311d62b87f619e99:0xedfe5ff7b902ecd6","Payments","Credit cards","1"
"0x311d62b87f619e99:0xedfe5ff7b902ecd6","Parking","Free parking lot","1"
"0x311d62b87f619e99:0xedfe5ff7b902ecd6","Parking","On-site parking","1"
"0x311d637677f6248d:0xb1d409a0fc6616ca","Amenities","Toilet","1"
"0x311d637677f6248d:0xb1d409a0fc6616ca","Planning","Appointments recommended","1"
"0x311d637677f6248d:0xb1d409a0fc6616ca","Parking","Free parking lot","1"
"0x311d637677f6248d:0xb1d409a0fc6616ca","Parking","On-site parking","1"
"0x30e29522f6c60951:0x3fd42d38f6e5cd52","Amenities","Toilet","1"
"0x30e29522f6c60951:0x3fd42d38f6e5cd52","Planning","Appointments recommended","1"
"0x30e29522f6c60951:0x3fd42d38f6e5cd52","Payments","NFC mobile payments","1"
"0x30e29522f6c60951:0x3fd42d38f6e5cd52","Parking","On-site parking","1"
"0x311d5f6f9be2480f:0x27a928e220d19bbf","Accessibility","Wheelchair-accessible entrance","1"
"0x311d5f6f9be2480f:0x27a928e220d19bbf","Amenities","Toilet","1"
"0x311d5f6f9be2480f:0x27a928e220d19bbf","Planning","Appointments recommended","1"
"0x311d6598738c6eef:0x2132ee47d3529de5","Amenities","Toilet","1"
"0x311d6598738c6eef:0x2132ee47d3529de5","Planning","Appointments recommended","1"
"0x311d6598738c6eef:0x2132ee47d3529de5","Payments","NFC mobile payments","1"
"0x30e2a133492c31f9:0xa41d2e4ce7fee008","Accessibility","Wheelchair accessible seating","1"
"0x30e2a133492c31f9:0xa41d2e4ce7fee008","Amenities","Gender-neutral restroom","1"
"0x30e2a133492c31f9:0xa41d2e4ce7fee008","Amenities","Restroom","1"
"0x30e2a133492c31f9:0xa41d2e4ce7fee008","Planning","Appointment required","1"
"0x30e2a133492c31f9:0xa41d2e4ce7fee008","Planning","Appointments recommended","1"
"0x30e284f272fb914b:0xf3d3e03a6cfbd5c4","Accessibility","Wheelchair accessible entrance","1"
"0x30e284f272fb914b:0xf3d3e03a6cfbd5c4","Accessibility","Wheelchair accessible parking lot","1"
"0x30e284f272fb914b:0xf3d3e03a6cfbd5c4","Accessibility","Wheelchair accessible restroom","1"
"0x30e284f272fb914b:0xf3d3e03a6cfbd5c4","Accessibility","Wheelchair accessible seating","1"
"0x30e284f272fb914b:0xf3d3e03a6cfbd5c4","Amenities","Gender-neutral restroom","1"
"0x30e284f272fb914b:0xf3d3e03a6cfbd5c4","Amenities","Restroom","1"
"0x30e284f272fb914b:0xf3d3e03a6cfbd5c4","Crowd","LGBTQ+ friendly","1"
"0x30e284f272fb914b:0xf3d3e03a6cfbd5c4","Crowd","Transgender safespace","1"
"0x30e284f272fb914b:0xf3d3e03a6cfbd5c4","Planning","Appointment required","1"
"0x30e284f272fb914b:0xf3d3e03a6cfbd5c4","Planning","Appointments recommended","1"
"0x30e29dd0f6805f5f:0x1cb3e965f7a2193f","Accessibility","Wheelchair accessible parking lot","1"
"0x30e29dd0f6805f5f:0x1cb3e965f7a2193f","Offerings","Pediatric care","1"
"0x30e29dd0f6805f5f:0x1cb3e965f7a2193f","Amenities","Restroom","1"
"0x30e29dd0f6805f5f:0x1cb3e965f7a2193f","Planning","Appointments recommended","1"
"0x30e29dd0f6805f5f:0x1cb3e965f7a2193f","Payments","Credit cards","1"
"0x30e29dd0f6805f5f:0x1cb3e965f7a2193f","Payments","Debit cards","1"
"0x30e29dd0f6805f5f:0x1cb3e965f7a2193f","Payments","NFC mobile payments","1"
"0x311d646172859ca7:0x858696ab79281000","From the business","Identifies as women-owned","1"
"0x311d646172859ca7:0x858696ab79281000","Service options","Onsite services","1"
"0x311d646172859ca7:0x858696ab79281000","Offerings","Pediatric care","1"
"0x311d646172859ca7:0x858696ab79281000","Amenities","Gender-neutral restroom","1"
"0x311d646172859ca7:0x858696ab79281000","Amenities","Restroom","1"
"0x311d646172859ca7:0x858696ab79281000","Crowd","LGBTQ+ friendly","1"
"0x311d646172859ca7:0x858696ab79281000","Crowd","Transgender safespace","1"
"0x311d646172859ca7:0x858696ab79281000","Planning","Appointment required","1"
"0x311d646172859ca7:0x858696ab79281000","Planning","Appointments recommended","1"
"0x311d646172859ca7:0x858696ab79281000","Payments","Debit cards","1"
"0x311d646172859ca7:0x858696ab79281000","Payments","NFC mobile payments","1"
"0x311d646172859ca7:0x858696ab79281000","Payments","Credit cards","1"
"0x311d646172859ca7:0x858696ab79281000","Children","Nursing room","1"
"0x30e293f2cb002c7d:0xf95c32007e141711","Service options","Onsite services","1"
"0x30e293f2cb002c7d:0xf95c32007e141711","Amenities","Restroom","1"
"0x30e293f2cb002c7d:0xf95c32007e141711","Planning","Appointments recommended","1"
"0x30e293f2cb002c7d:0xf95c32007e141711","Payments","Credit cards","1"
"0x30e293f2cb002c7d:0xf95c32007e141711","Payments","Debit cards","1"
"0x30e293f2cb002c7d:0xf95c32007e141711","Payments","NFC mobile payments","1"
"0x30e29373731a03e5:0x70a274e23902d1a7","Accessibility","Wheelchair accessible parking lot","1"
"0x30e29373731a03e5:0x70a274e23902d1a7","Service options","Onsite services","1"
"0x30e29373731a03e5:0x70a274e23902d1a7","Amenities","Restroom","1"
"0x30e29373731a03e5:0x70a274e23902d1a7","Parking","Free parking garage","1"
"0x30e29373731a03e5:0x70a274e23902d1a7","Parking","Free parking lot","1"
"0x30e29373731a03e5:0x70a274e23902d1a7","Parking","On-site parking","1"
"0x30e2a750dbe8a173:0x69e191e83edaae78","Accessibility","Wheelchair-accessible car park","1"
"0x30e2a750dbe8a173:0x69e191e83edaae78","Accessibility","Wheelchair-accessible entrance","1"
"0x30e2a750dbe8a173:0x69e191e83edaae78","Amenities","Toilet","1"
"0x30e2a750dbe8a173:0x69e191e83edaae78","Planning","Appointments recommended","1"
"0x311d7d517e814345:0xf9a1d1e917a9e89c","Amenities","Toilet","1"
"0x311d7d517e814345:0xf9a1d1e917a9e89c","Planning","Appointments recommended","1"
"0x311d7d517e814345:0xf9a1d1e917a9e89c","Payments","NFC mobile payments","1"
"0x30e2833a9cd1ba7d:0x62d40bf47d2b6b5b","Amenities","Toilet","1"
"0x30e2833a9cd1ba7d:0x62d40bf47d2b6b5b","Planning","Appointments recommended","1"
"0x30e2833a9cd1ba7d:0x62d40bf47d2b6b5b","Payments","Credit cards","1"
"0x30e2833a9cd1ba7d:0x62d40bf47d2b6b5b","Payments","NFC mobile payments","1"
"0x311d62af695aa209:0xa9f0efcea0f96996","Amenities","Toilet","1"
"0x311d62af695aa209:0xa9f0efcea0f96996","Planning","Appointments recommended","1"
"0x311d5f002da5be41:0x25277e1cbcf73585","Payments","Credit cards","1"
"0x311d5f002da5be41:0x25277e1cbcf73585","Payments","Credit cards","1"
"0x30e28ffc26e16343:0x9654b292e2ee3673","Accessibility","Wheelchair-accessible car park","1"
"0x30e28ffc26e16343:0x9654b292e2ee3673","Accessibility","Wheelchair-accessible entrance","1"
"0x30e28ffc26e16343:0x9654b292e2ee3673","Service options","On-site services","1"
"0x30e28ffc26e16343:0x9654b292e2ee3673","Amenities","Gender-neutral toilets","1"
"0x30e28ffc26e16343:0x9654b292e2ee3673","Amenities","Toilet","1"
"0x30e28ffc26e16343:0x9654b292e2ee3673","Crowd","LGBTQ+ friendly","1"
"0x30e28ffc26e16343:0x9654b292e2ee3673","Crowd","Transgender safe space","1"
"0x30e28ffc26e16343:0x9654b292e2ee3673","Planning","Appointment required","1"
"0x30e28ffc26e16343:0x9654b292e2ee3673","Planning","Appointments recommended","1"
"0x30e28ffc26e16343:0x9654b292e2ee3673","Payments","Credit cards","1"
"0x30e28ffc26e16343:0x9654b292e2ee3673","Payments","NFC mobile payments","1"
"0x30e28ffc26e16343:0x9654b292e2ee3673","Payments","Credit cards","1"
"0x30e28ffc26e16343:0x9654b292e2ee3673","Parking","Free parking lot","1"
"0x30e28ffc26e16343:0x9654b292e2ee3673","Parking","On-site parking","1"
"0x30e2f39cc56a832f:0xdd5a9c5960e643d3","Amenities","Toilet","1"
"0x30e2f39cc56a832f:0xdd5a9c5960e643d3","Planning","Appointments recommended","1"
"0x30e29605c2163775:0x270df9b1978ebe3b","Amenities","Toilet","1"
"0x30e29605c2163775:0x270df9b1978ebe3b","Planning","Appointments recommended","1"
"0x30e29605c2163775:0x270df9b1978ebe3b","Payments","NFC mobile payments","1"
"0x30e2a11a12dd8cc7:0x65c7fb536561b6ce","Amenities","Toilet","1"
"0x30e2a11a12dd8cc7:0x65c7fb536561b6ce","Planning","Appointments recommended","1"
"0x311d639c0097d2ef:0xdd79aee6eded9d73","Amenities","Toilet","1"
"0x311d639c0097d2ef:0xdd79aee6eded9d73","Planning","Appointments recommended","1"
"0x311d639c0097d2ef:0xdd79aee6eded9d73","Payments","Credit cards","1"
"0x311d639c0097d2ef:0xdd79aee6eded9d73","Payments","Debit cards","1"
"0x311d639c0097d2ef:0xdd79aee6eded9d73","Payments","NFC mobile payments","1"
"0x311d639c0097d2ef:0xdd79aee6eded9d73","Payments","Credit cards","1"
"0x311d638483acc44b:0xf4b8b1fcddab5fff","Amenities","Toilet","1"
"0x311d638483acc44b:0xf4b8b1fcddab5fff","Planning","Appointments recommended","1"
"0x311d638483acc44b:0xf4b8b1fcddab5fff","Payments","Credit cards","1"
"0x311d638483acc44b:0xf4b8b1fcddab5fff","Payments","Debit cards","1"
"0x311d638483acc44b:0xf4b8b1fcddab5fff","Payments","NFC mobile payments","1"
"0x30e2a234c8590415:0x766441ed32fde8fd","Accessibility","Wheelchair-accessible car park","1"
"0x30e2a234c8590415:0x766441ed32fde8fd","Accessibility","Wheelchair-accessible entrance","1"
"0x30e2a234c8590415:0x766441ed32fde8fd","Accessibility","Wheelchair-accessible toilet","1"
"0x30e2a234c8590415:0x766441ed32fde8fd","Service options","No-contact delivery","1"
"0x30e2a234c8590415:0x766441ed32fde8fd","Service options","Delivery","1"
"0x30e2a234c8590415:0x766441ed32fde8fd","Service options","On-site services","1"
"0x30e2a234c8590415:0x766441ed32fde8fd","Highlights","Great produce","1"
"0x30e2a234c8590415:0x766441ed32fde8fd","Offerings","Food","1"
"0x30e2a234c8590415:0x766441ed32fde8fd","Amenities","Toilet","1"
"0x30e2a234c8590415:0x766441ed32fde8fd","Planning","Quick visit","1"
"0x30e2a234c8590415:0x766441ed32fde8fd","Recycling","Glass bottles","1"
"0x30e2a234c8590415:0x766441ed32fde8fd","Recycling","Metal cans","1"
"0x30e2a234c8590415:0x766441ed32fde8fd","Recycling","Plastic bags","1"
"0x30e2a234c8590415:0x766441ed32fde8fd","Payments","Credit cards","1"
"0x30e2a234c8590415:0x766441ed32fde8fd","Payments","Debit cards","1"
"0x30e2a234c8590415:0x766441ed32fde8fd","Payments","NFC mobile payments","1"
"0x30e2a234c8590415:0x766441ed32fde8fd","Parking","Free of charge street parking","1"
"0x30e2a234c8590415:0x766441ed32fde8fd","Parking","On-site parking","1"
"0x30e2a32fa5e22f7d:0xe97fae944ea43fe9","Accessibility","Wheelchair-accessible entrance","1"
"0x30e2a32fa5e22f7d:0xe97fae944ea43fe9","Accessibility","Wheelchair-accessible toilet","1"
"0x30e2a32fa5e22f7d:0xe97fae944ea43fe9","Amenities","Toilet","1"
"0x30e2a32fa5e22f7d:0xe97fae944ea43fe9","Planning","Appointments recommended","1"
"0x30e28fd78ef133b9:0xce218a903696de83","Amenities","Gender-neutral toilets","1"
"0x30e28fd78ef133b9:0xce218a903696de83","Amenities","Toilet","1"
"0x30e28fd78ef133b9:0xce218a903696de83","Crowd","LGBTQ+ friendly","1"
"0x30e28fd78ef133b9:0xce218a903696de83","Crowd","Transgender safe space","1"
"0x30e28fd78ef133b9:0xce218a903696de83","Planning","Appointment required","1"
"0x30e28fd78ef133b9:0xce218a903696de83","Planning","Appointments recommended","1"
"0x30e28fd78ef133b9:0xce218a903696de83","Payments","Credit cards","1"
"0x30e28fd78ef133b9:0xce218a903696de83","Payments","Debit cards","1"
"0x30e28fd78ef133b9:0xce218a903696de83","Payments","NFC mobile payments","1"
"0x311d67ef9fa32021:0xb122fbf0764ec029","Amenities","Toilet","1"
"0x311d67ef9fa32021:0xb122fbf0764ec029","Crowd","LGBTQ+ friendly","1"
"0x311d67ef9fa32021:0xb122fbf0764ec029","Planning","Appointments recommended","1"
"0x311d67ef9fa32021:0xb122fbf0764ec029","Payments","Credit cards","1"
"0x311d67ef9fa32021:0xb122fbf0764ec029","Payments","Debit cards","1"
"0x311d67ef9fa32021:0xb122fbf0764ec029","Payments","NFC mobile payments","1"
"0x311d67ef9fa32021:0xb122fbf0764ec029","Payments","Credit cards","1"
"0x30e29d2b6aaa1923:0x160f5ce6f5ed0462","Amenities","Toilet","1"
"0x30e29d2b6aaa1923:0x160f5ce6f5ed0462","Planning","Appointments recommended","1"
"0x30e28fac23b40e77:0xe766283643428565","Amenities","Toilet","1"
"0x30e28fac23b40e77:0xe766283643428565","Planning","Appointments recommended","1"
"0x311d5f073ca23e65:0xe5d627ab6af842bd","Amenities","Toilet","1"
"0x311d5f073ca23e65:0xe5d627ab6af842bd","Planning","Appointment required","1"
"0x311d5f073ca23e65:0xe5d627ab6af842bd","Planning","Appointments recommended","1"
"0x311d5f073ca23e65:0xe5d627ab6af842bd","Payments","Credit cards","1"
"0x311d5f073ca23e65:0xe5d627ab6af842bd","Payments","NFC mobile payments","1"
"0x30e2bdff3a407cd5:0xd01ce579db1ffeb4","Accessibility","Wheelchair-accessible toilet","1"
"0x30e2bdff3a407cd5:0xd01ce579db1ffeb4","Amenities","Toilet","1"
"0x30e2bdff3a407cd5:0xd01ce579db1ffeb4","Planning","Appointments recommended","1"
"0x30e2bdff3a407cd5:0xd01ce579db1ffeb4","Payments","Credit cards","1"
"0x30e2bdff3a407cd5:0xd01ce579db1ffeb4","Payments","Debit cards","1"
"0x30e2bdff3a407cd5:0xd01ce579db1ffeb4","Payments","NFC mobile payments","1"
"0x30e2a3b8dcf2a54d:0x712cde17c0b8c828","Amenities","Toilet","1"
"0x30e2a3b8dcf2a54d:0x712cde17c0b8c828","Payments","NFC mobile payments","1"
"0x311d61e2f92c5123:0xaf9d4a462395ec5","Amenities","Toilet","1"
"0x311d61e2f92c5123:0xaf9d4a462395ec5","Planning","Appointments recommended","1"
"0x311d61e2f92c5123:0xaf9d4a462395ec5","Payments","Credit cards","1"
"0x311d61e2f92c5123:0xaf9d4a462395ec5","Payments","Debit cards","1"
"0x311d61e2f92c5123:0xaf9d4a462395ec5","Payments","NFC mobile payments","1"
"0x30e2a7510e9ebb9f:0x5c1e1a4a5cc02bf1","Amenities","Toilet","1"
"0x30e2a7510e9ebb9f:0x5c1e1a4a5cc02bf1","Planning","Appointments recommended","1"
"0x30e2a7510e9ebb9f:0x5c1e1a4a5cc02bf1","Payments","Credit cards","1"
"0x311d6336dbd707f5:0x48ba99b082eade1e","Accessibility","Wheelchair-accessible car park","1"
"0x311d6336dbd707f5:0x48ba99b082eade1e","Accessibility","Wheelchair-accessible entrance","1"
"0x311d6336dbd707f5:0x48ba99b082eade1e","Accessibility","Wheelchair-accessible seating","1"
"0x311d6336dbd707f5:0x48ba99b082eade1e","Accessibility","Wheelchair-accessible toilet","1"
"0x311d6336dbd707f5:0x48ba99b082eade1e","Service options","On-site services","1"
"0x311d6336dbd707f5:0x48ba99b082eade1e","Offerings","Pediatric care","1"
"0x311d6336dbd707f5:0x48ba99b082eade1e","Amenities","Toilet","1"
"0x311d6336dbd707f5:0x48ba99b082eade1e","Crowd","LGBTQ+ friendly","1"
"0x311d6336dbd707f5:0x48ba99b082eade1e","Planning","Appointments recommended","1"
"0x311d6336dbd707f5:0x48ba99b082eade1e","Payments","Credit cards","1"
"0x311d6336dbd707f5:0x48ba99b082eade1e","Payments","Debit cards","1"
"0x311d6336dbd707f5:0x48ba99b082eade1e","Payments","NFC mobile payments","1"
"0x311d6336dbd707f5:0x48ba99b082eade1e","Payments","Credit cards","1"
"0x311d6336dbd707f5:0x48ba99b082eade1e","Parking","Free multi-storey car park","1"
"0x311d6336dbd707f5:0x48ba99b082eade1e","Parking","Free parking lot","1"
"0x311d6336dbd707f5:0x48ba99b082eade1e","Parking","On-site parking","1"
"0x30e2831bd1aa7dad:0x30e289d31b2028e5","Amenities","Toilet","1"
"0x30e2831bd1aa7dad:0x30e289d31b2028e5","Planning","Appointments recommended","1"
"0x30e2831bd1aa7dad:0x30e289d31b2028e5","Payments","Credit cards","1"
"0x30e2831bd1aa7dad:0x30e289d31b2028e5","Payments","Debit cards","1"
"0x30e2831bd1aa7dad:0x30e289d31b2028e5","Payments","NFC mobile payments","1"
"0x30e2831bd1aa7dad:0x30e289d31b2028e5","Payments","Credit cards","1"
"0x30e2831bd1aa7dad:0x30e289d31b2028e5","Parking","Free parking lot","1"
"0x311d63d97fcc877f:0xc2aef1c30075d1ad","Accessibility","Wheelchair-accessible entrance","1"
"0x311d63d97fcc877f:0xc2aef1c30075d1ad","Amenities","Gender-neutral toilets","1"
"0x311d63d97fcc877f:0xc2aef1c30075d1ad","Amenities","Toilet","1"
"0x311d63d97fcc877f:0xc2aef1c30075d1ad","Crowd","LGBTQ+ friendly","1"
"0x311d63d97fcc877f:0xc2aef1c30075d1ad","Crowd","Transgender safe space","1"
"0x311d63d97fcc877f:0xc2aef1c30075d1ad","Planning","Appointments recommended","1"
"0x311d5f2b559500b1:0xed80dcb2ad272897","Accessibility","Wheelchair-accessible car park","1"
"0x311d5f2b559500b1:0xed80dcb2ad272897","Accessibility","Wheelchair-accessible entrance","1"
"0x311d5f2b559500b1:0xed80dcb2ad272897","Payments","Credit cards","1"
"0x311d5f2b559500b1:0xed80dcb2ad272897","Payments","Debit cards","1"
"0x311d5f2b559500b1:0xed80dcb2ad272897","Payments","NFC mobile payments","1"
"0x311d635fe539fad3:0x983d192702e435e6","From the business","Identifies as women-owned","1"
"0x311d635fe539fad3:0x983d192702e435e6","Service options","On-site services","1"
"0x311d635fe539fad3:0x983d192702e435e6","Amenities","Gender-neutral toilets","1"
"0x311d635fe539fad3:0x983d192702e435e6","Amenities","Toilet","1"
"0x311d635fe539fad3:0x983d192702e435e6","Crowd","LGBTQ+ friendly","1"
"0x311d635fe539fad3:0x983d192702e435e6","Crowd","Transgender safe space","1"
"0x311d635fe539fad3:0x983d192702e435e6","Planning","Appointment required","1"
"0x311d635fe539fad3:0x983d192702e435e6","Planning","Appointments recommended","1"
"0x311d635fe539fad3:0x983d192702e435e6","Payments","Credit cards","1"
"0x311d635fe539fad3:0x983d192702e435e6","Payments","Debit cards","1"
"0x311d635fe539fad3:0x983d192702e435e6","Payments","NFC mobile payments","1"
"0x311d635fe539fad3:0x983d192702e435e6","Parking","Free of charge street parking","1"
"0x311d635fe539fad3:0x983d192702e435e6","Parking","Free parking lot","1"
"0x311d635fe539fad3:0x983d192702e435e6","Parking","On-site parking","1"
"0x311d7d7a08dd9c99:0x5d287dc587410d3c","Accessibility","Wheelchair-accessible toilet","1"
"0x311d7d7a08dd9c99:0x5d287dc587410d3c","Amenities","Toilet","1"
"0x311d7d7a08dd9c99:0x5d287dc587410d3c","Crowd","LGBTQ+ friendly","1"
"0x311d7d7a08dd9c99:0x5d287dc587410d3c","Crowd","Transgender safe space","1"
"0x311d7d7a08dd9c99:0x5d287dc587410d3c","Planning","Appointments recommended","1"
"0x311d7d7a08dd9c99:0x5d287dc587410d3c","Payments","Credit cards","1"
"0x311d7d7a08dd9c99:0x5d287dc587410d3c","Payments","Debit cards","1"
"0x311d7d7a08dd9c99:0x5d287dc587410d3c","Payments","NFC mobile payments","1"
"0x311d62e0517f6adb:0xcd1f2c82e5e438e","Amenities","Toilet","1"
"0x311d62e0517f6adb:0xcd1f2c82e5e438e","Planning","Appointments recommended","1"
"0x311d62e0517f6adb:0xcd1f2c82e5e438e","Payments","Debit cards","1"
"0x311d62e0517f6adb:0xcd1f2c82e5e438e","Payments","Credit cards","1"
"0x311d7d66070583d7:0x43d78d2af8c248fb","Amenities","Toilet","1"
"0x311d7d66070583d7:0x43d78d2af8c248fb","Planning","Appointments recommended","1"
"0x311d7d66070583d7:0x43d78d2af8c248fb","Payments","Credit cards","1"
"0x311d7d66070583d7:0x43d78d2af8c248fb","Payments","Debit cards","1"
"0x311d7d66070583d7:0x43d78d2af8c248fb","Payments","NFC mobile payments","1"
"0x30e2a75cc7cb3459:0xbe37bf431b196456","Amenities","Toilet","1"
"0x30e2a75cc7cb3459:0xbe37bf431b196456","Planning","Appointments recommended","1"
"0x311d63c836c81413:0x7e16a2231f015fb4","Amenities","Toilet","1"
"0x311d63c836c81413:0x7e16a2231f015fb4","Planning","Appointments recommended","1"
"0x311d63c836c81413:0x7e16a2231f015fb4","Payments","Credit cards","1"
"0x311d63c836c81413:0x7e16a2231f015fb4","Payments","Debit cards","1"
"0x311d63c836c81413:0x7e16a2231f015fb4","Payments","NFC mobile payments","1"
"0x311d639cccd8657b:0x8adf744558b2f1f2","Accessibility","Wheelchair-accessible car park","1"
"0x311d639cccd8657b:0x8adf744558b2f1f2","Accessibility","Wheelchair-accessible entrance","1"
"0x311d639cccd8657b:0x8adf744558b2f1f2","Payments","Credit cards","1"
"0x311d639cccd8657b:0x8adf744558b2f1f2","Payments","Debit cards","1"
"0x311d639cccd8657b:0x8adf744558b2f1f2","Payments","NFC mobile payments","1"
"0x311d590020586613:0xa0f2950935b47487","Service options","On-site services","1"
"0x311d590020586613:0xa0f2950935b47487","Amenities","Toilet","1"
"0x311d590020586613:0xa0f2950935b47487","Crowd","LGBTQ+ friendly","1"
"0x311d590020586613:0xa0f2950935b47487","Crowd","Transgender safe space","1"
"0x311d590020586613:0xa0f2950935b47487","Planning","Appointments recommended","1"
"0x311d590020586613:0xa0f2950935b47487","Payments","NFC mobile payments","1"
"0x311d590020586613:0xa0f2950935b47487","Parking","On-site parking","1"
"0x311d5dd554545423:0x55f082c9c592a2d9","Amenities","Toilet","1"
"0x311d5dd554545423:0x55f082c9c592a2d9","Planning","Appointments recommended","1"
"0x311d5dd554545423:0x55f082c9c592a2d9","Parking","Free parking lot","1"
"0x311d5f17b7949065:0x65fedf9f1306329","Amenities","Toilet","1"
"0x311d5f17b7949065:0x65fedf9f1306329","Payments","Debit cards","1"
"0x311d5f17b7949065:0x65fedf9f1306329","Payments","Credit cards","1"
"0x30e2832e49492d99:0xa82a82653bef08a2","Amenities","Toilet","1"
"0x30e2832e49492d99:0xa82a82653bef08a2","Planning","Appointments recommended","1"
"0x30e283440b2041e5:0x547392c9c5b07412","Amenities","Toilet","1"
"0x30e283440b2041e5:0x547392c9c5b07412","Planning","Appointments recommended","1"
"0x30e283440b2041e5:0x547392c9c5b07412","Payments","Credit cards","1"
"0x30e283440b2041e5:0x547392c9c5b07412","Payments","NFC mobile payments","1"
"0x30e2833654388535:0xa62c99795926cc7","Accessibility","Wheelchair-accessible seating","1"
"0x30e2833654388535:0xa62c99795926cc7","Accessibility","Wheelchair-accessible toilet","1"
"0x30e2833654388535:0xa62c99795926cc7","From the business","Identifies as women-owned","1"
"0x30e2833654388535:0xa62c99795926cc7","Offerings","Cosmetic dentistry","1"
"0x30e2833654388535:0xa62c99795926cc7","Amenities","Gender-neutral toilets","1"
"0x30e2833654388535:0xa62c99795926cc7","Amenities","Toilet","1"
"0x30e2833654388535:0xa62c99795926cc7","Crowd","LGBTQ+ friendly","1"
"0x30e2833654388535:0xa62c99795926cc7","Crowd","Transgender safe space","1"
"0x30e2833654388535:0xa62c99795926cc7","Planning","Appointment required","1"
"0x30e2833654388535:0xa62c99795926cc7","Planning","Appointments recommended","1"
"0x30e2833654388535:0xa62c99795926cc7","Payments","Debit cards","1"
"0x30e2833654388535:0xa62c99795926cc7","Payments","Credit cards","1"
"0x30e2833654388535:0xa62c99795926cc7","Children","Nursing room","1"
"0x30e2833654388535:0xa62c99795926cc7","Parking","Free of charge street parking","1"
"0x30e2833654388535:0xa62c99795926cc7","Parking","Free parking lot","1"
"0x30e2833654388535:0xa62c99795926cc7","Parking","On-site parking","1"
"0x30e28fbcd0f791bd:0xd543a3b53f795a87","Amenities","Toilet","1"
"0x30e28fbcd0f791bd:0xd543a3b53f795a87","Planning","Appointments recommended","1"
"0x30e28fbcd0f791bd:0xd543a3b53f795a87","Payments","NFC mobile payments","1"
"0x30e295fba6b169d7:0x8436f0a0b6732a74","Amenities","Toilet","1"
"0x30e295fba6b169d7:0x8436f0a0b6732a74","Planning","Appointments recommended","1"
"0x311d7da2bda8ff61:0x78c2a68a597ecc01","Accessibility","Wheelchair-accessible toilet","1"
"0x311d7da2bda8ff61:0x78c2a68a597ecc01","Amenities","Toilet","1"
"0x311d7da2bda8ff61:0x78c2a68a597ecc01","Planning","Appointments recommended","1"
"0x311d7da2bda8ff61:0x78c2a68a597ecc01","Payments","Credit cards","1"
"0x311d7da2bda8ff61:0x78c2a68a597ecc01","Payments","Debit cards","1"
"0x311d7da2bda8ff61:0x78c2a68a597ecc01","Payments","NFC mobile payments","1"
"0x311d63f73f288911:0x8f34940834ff9544","Accessibility","Wheelchair-accessible car park","1"
"0x311d63f73f288911:0x8f34940834ff9544","Accessibility","Wheelchair-accessible entrance","1"
"0x311d63f73f288911:0x8f34940834ff9544","Service options","On-site services","1"
"0x311d63f73f288911:0x8f34940834ff9544","Offerings","Cosmetic dentistry","1"
"0x311d63f73f288911:0x8f34940834ff9544","Offerings","Pediatric care","1"
"0x311d63f73f288911:0x8f34940834ff9544","Amenities","Toilet","1"
"0x311d63f73f288911:0x8f34940834ff9544","Crowd","LGBTQ+ friendly","1"
"0x311d63f73f288911:0x8f34940834ff9544","Crowd","Transgender safe space","1"
"0x311d63f73f288911:0x8f34940834ff9544","Planning","Appointments recommended","1"
"0x311d63f73f288911:0x8f34940834ff9544","Payments","Credit cards","1"
"0x311d63f73f288911:0x8f34940834ff9544","Payments","Debit cards","1"
"0x311d63f73f288911:0x8f34940834ff9544","Payments","Credit cards","1"
"0x311d63f73f288911:0x8f34940834ff9544","Parking","Free of charge street parking","1"
"0x311d63f73f288911:0x8f34940834ff9544","Parking","Free parking lot","1"
"0x311d63f73f288911:0x8f34940834ff9544","Parking","On-site parking","1"
"0x311d59c3383633eb:0x329c77aaef5d8d94","Amenities","Toilet","1"
"0x311d59c3383633eb:0x329c77aaef5d8d94","Planning","Appointments recommended","1"
"0x311d59c3383633eb:0x329c77aaef5d8d94","Payments","Debit cards","1"
"0x311d59c3383633eb:0x329c77aaef5d8d94","Payments","NFC mobile payments","1"
"0x311d59c3383633eb:0x329c77aaef5d8d94","Payments","Credit cards","1"
"0x311d59003d180af1:0x237d1401d26275ff","Amenities","Toilet","1"
"0x311d59003d180af1:0x237d1401d26275ff","Crowd","LGBTQ+ friendly","1"
"0x311d59003d180af1:0x237d1401d26275ff","Crowd","Transgender safe space","1"
"0x311d59003d180af1:0x237d1401d26275ff","Planning","Appointments recommended","1"
"0x311d59003d180af1:0x237d1401d26275ff","Payments","Credit cards","1"
"0x311d59003d180af1:0x237d1401d26275ff","Payments","Credit cards","1"
"0x311d63e875fdccc5:0xdabf8c3e3602c40e","Amenities","Toilet","1"
"0x311d63e875fdccc5:0xdabf8c3e3602c40e","Planning","Appointment required","1"
"0x311d63e875fdccc5:0xdabf8c3e3602c40e","Planning","Appointments recommended","1"
"0x311d63e875fdccc5:0xdabf8c3e3602c40e","Payments","NFC mobile payments","1"
"0x30e282b62e4dd9e1:0xee4cee88c299123b","Accessibility","Wheelchair-accessible toilet","1"
"0x30e282b62e4dd9e1:0xee4cee88c299123b","Offerings","Pediatric care","1"
"0x30e282b62e4dd9e1:0xee4cee88c299123b","Amenities","Toilet","1"
"0x30e282b62e4dd9e1:0xee4cee88c299123b","Planning","Appointments recommended","1"
"0x30e282b62e4dd9e1:0xee4cee88c299123b","Payments","Credit cards","1"
"0x30e282b62e4dd9e1:0xee4cee88c299123b","Payments","Debit cards","1"
"0x30e282b62e4dd9e1:0xee4cee88c299123b","Payments","NFC mobile payments","1"
"0x30e282b62e4dd9e1:0xee4cee88c299123b","Parking","Free parking lot","1"
"0x30e282b62e4dd9e1:0xee4cee88c299123b","Parking","On-site parking","1"
"0x30e28e76c75fa0c9:0xe4ef9035c9338608","Amenities","Toilet","1"
"0x30e28e76c75fa0c9:0xe4ef9035c9338608","Planning","Appointments recommended","1"
"0x30e28e76c75fa0c9:0xe4ef9035c9338608","Payments","NFC mobile payments","1"
"0x311d5f8616390c59:0x989109b3d5edf5b2","Amenities","Toilet","1"
"0x311d5f8616390c59:0x989109b3d5edf5b2","Planning","Appointments recommended","1"
"0x311d5f8616390c59:0x989109b3d5edf5b2","Payments","Credit cards","1"
"0x311d5f8616390c59:0x989109b3d5edf5b2","Payments","Debit cards","1"
"0x311d5f8616390c59:0x989109b3d5edf5b2","Payments","NFC mobile payments","1"
"0x30e282d68045ba87:0xbcc74b316bc12e01","Accessibility","Wheelchair-accessible entrance","1"
"0x30e282d68045ba87:0xbcc74b316bc12e01","Accessibility","Wheelchair-accessible toilet","1"
"0x30e282d68045ba87:0xbcc74b316bc12e01","Amenities","Toilet","1"
"0x30e282d68045ba87:0xbcc74b316bc12e01","Crowd","LGBTQ+ friendly","1"
"0x30e282d68045ba87:0xbcc74b316bc12e01","Crowd","Transgender safe space","1"
"0x30e282d68045ba87:0xbcc74b316bc12e01","Planning","Appointments recommended","1"
"0x30e282d68045ba87:0xbcc74b316bc12e01","Payments","Credit cards","1"
"0x30e282d68045ba87:0xbcc74b316bc12e01","Payments","Debit cards","1"
"0x30e282d68045ba87:0xbcc74b316bc12e01","Payments","NFC mobile payments","1"
"0x30e2832f8af3ef99:0x81b3b1fe41431603","Accessibility","Wheelchair-accessible car park","1"
"0x30e2832f8af3ef99:0x81b3b1fe41431603","Accessibility","Wheelchair-accessible entrance","1"
"0x30e2832f8af3ef99:0x81b3b1fe41431603","Accessibility","Wheelchair-accessible toilet","1"
"0x30e2832f8af3ef99:0x81b3b1fe41431603","Amenities","Toilet","1"
"0x30e2832f8af3ef99:0x81b3b1fe41431603","Planning","Appointments recommended","1"
"0x30e2832f8af3ef99:0x81b3b1fe41431603","Payments","Credit cards","1"
"0x30e2832f8af3ef99:0x81b3b1fe41431603","Payments","Debit cards","1"
"0x30e2832f8af3ef99:0x81b3b1fe41431603","Payments","NFC mobile payments","1"
"0x311d656c0829fd7b:0xdd6c7ec7d751f976","Amenities","Toilet","1"
"0x311d656c0829fd7b:0xdd6c7ec7d751f976","Planning","Appointment required","1"
"0x311d656c0829fd7b:0xdd6c7ec7d751f976","Planning","Appointments recommended","1"
"0x30e29a9d97aa8079:0xdd15d06a4e57c1a7","Amenities","Toilet","1"
"0x30e29a9d97aa8079:0xdd15d06a4e57c1a7","Planning","Appointments recommended","1"
"0x30e28317a5bd049f:0xb1a93f605762441f","Amenities","Toilet","1"
"0x30e28317a5bd049f:0xb1a93f605762441f","Planning","Appointments recommended","1"
"0x30e28317a5bd049f:0xb1a93f605762441f","Payments","Credit cards","1"
"0x30e28317a5bd049f:0xb1a93f605762441f","Payments","Debit cards","1"
"0x30e28317a5bd049f:0xb1a93f605762441f","Payments","Credit cards","1"
"0x30e28317a5bd049f:0xb1a93f605762441f","Parking","Free parking lot","1"
"0x30e28317a5bd049f:0xb1a93f605762441f","Parking","On-site parking","1"
"0x311d6392edacb1d9:0x7a3c7444d45547c6","Accessibility","Wheelchair-accessible car park","1"
"0x311d6392edacb1d9:0x7a3c7444d45547c6","Accessibility","Wheelchair-accessible entrance","1"
"0x311d6392edacb1d9:0x7a3c7444d45547c6","Amenities","Gender-neutral toilets","1"
"0x311d6392edacb1d9:0x7a3c7444d45547c6","Amenities","Toilet","1"
"0x311d6392edacb1d9:0x7a3c7444d45547c6","Crowd","LGBTQ+ friendly","1"
"0x311d6392edacb1d9:0x7a3c7444d45547c6","Crowd","Transgender safe space","1"
"0x311d6392edacb1d9:0x7a3c7444d45547c6","Planning","Appointments recommended","1"
"0x311d6392edacb1d9:0x7a3c7444d45547c6","Payments","Credit cards","1"
"0x311d6392edacb1d9:0x7a3c7444d45547c6","Payments","Debit cards","1"
"0x311d6392edacb1d9:0x7a3c7444d45547c6","Payments","NFC mobile payments","1"
"0x311d6392edacb1d9:0x7a3c7444d45547c6","Parking","Free parking lot","1"
"0x311d6392edacb1d9:0x7a3c7444d45547c6","Parking","On-site parking","1"
"0x311d7ff92e08379f:0x68aff9fc8b16bbdc","Amenities","Toilet","1"
"0x311d7ff92e08379f:0x68aff9fc8b16bbdc","Planning","Appointments recommended","1"
"0x311d60d9f6f0d99f:0xec186c88ea95d119","Amenities","Toilet","1"
"0x311d60d9f6f0d99f:0xec186c88ea95d119","Planning","Appointments recommended","1"
"0x30e284f19aa591c7:0xac9b06f96261828d","Amenities","Toilet","1"
"0x30e284f19aa591c7:0xac9b06f96261828d","Planning","Appointment required","1"
"0x30e284f19aa591c7:0xac9b06f96261828d","Planning","Appointments recommended","1"
"0x30e284f19aa591c7:0xac9b06f96261828d","Payments","Credit cards","1"
"0x30e284f19aa591c7:0xac9b06f96261828d","Payments","Debit cards","1"
"0x30e284f19aa591c7:0xac9b06f96261828d","Payments","NFC mobile payments","1"
"0x311d62e18defbcdd:0xa06e6334bb697cf7","Accessibility","Wheelchair-accessible entrance","1"
"0x311d62e18defbcdd:0xa06e6334bb697cf7","Amenities","Toilet","1"
"0x311d62e18defbcdd:0xa06e6334bb697cf7","Planning","Appointments recommended","1"
"0x311d62e18defbcdd:0xa06e6334bb697cf7","Parking","Free of charge street parking","1"
"0x311d62e18defbcdd:0xa06e6334bb697cf7","Parking","On-site parking","1"
"0x311d62e18defbcdd:0xa06e6334bb697cf7","Parking","Paid street parking","1"
"0x30e2bfda876a1507:0xd9c07d00b5edde90","Accessibility","Wheelchair-accessible entrance","1"
"0x30e2bfda876a1507:0xd9c07d00b5edde90","From the business","Identifies as women-owned","1"
"0x30e2bfda876a1507:0xd9c07d00b5edde90","Amenities","Toilet","1"
"0x30e2bfda876a1507:0xd9c07d00b5edde90","Planning","Appointments recommended","1"
"0x30e2bfda876a1507:0xd9c07d00b5edde90","Payments","Credit cards","1"
"0x30e2bfda876a1507:0xd9c07d00b5edde90","Payments","Debit cards","1"
"0x30e2bfda876a1507:0xd9c07d00b5edde90","Payments","NFC mobile payments","1"
"0x30e2a0bd6eb183e9:0xe6775d1cf7a17519","Accessibility","Wheelchair-accessible car park","1"
"0x30e2a0bd6eb183e9:0xe6775d1cf7a17519","Accessibility","Wheelchair-accessible entrance","1"
"0x30e2a0bd6eb183e9:0xe6775d1cf7a17519","Accessibility","Wheelchair-accessible toilet","1"
"0x30e2a0bd6eb183e9:0xe6775d1cf7a17519","Service options","No-contact delivery","1"
"0x30e2a0bd6eb183e9:0xe6775d1cf7a17519","Service options","Delivery","1"
"0x30e2a0bd6eb183e9:0xe6775d1cf7a17519","Service options","On-site services","1"
"0x30e2a0bd6eb183e9:0xe6775d1cf7a17519","Highlights","Great produce","1"
"0x30e2a0bd6eb183e9:0xe6775d1cf7a17519","Offerings","Food","1"
"0x30e2a0bd6eb183e9:0xe6775d1cf7a17519","Amenities","Toilet","1"
"0x30e2a0bd6eb183e9:0xe6775d1cf7a17519","Planning","Quick visit","1"
"0x30e2a0bd6eb183e9:0xe6775d1cf7a17519","Recycling","Glass bottles","1"
"0x30e2a0bd6eb183e9:0xe6775d1cf7a17519","Recycling","Metal cans","1"
"0x30e2a0bd6eb183e9:0xe6775d1cf7a17519","Recycling","Plastic bags","1"
"0x30e2a0bd6eb183e9:0xe6775d1cf7a17519","Payments","Credit cards","1"
"0x30e2a0bd6eb183e9:0xe6775d1cf7a17519","Payments","Debit cards","1"
"0x30e2a0bd6eb183e9:0xe6775d1cf7a17519","Payments","NFC mobile payments","1"
"0x30e2a0bd6eb183e9:0xe6775d1cf7a17519","Parking","Free parking lot","1"
"0x30e2a0bd6eb183e9:0xe6775d1cf7a17519","Parking","Paid parking lot","1"
"0x30e2829a22335b7f:0x7a821f6eb8f91a15","Amenities","Toilet","1"
"0x30e2829a22335b7f:0x7a821f6eb8f91a15","Planning","Appointments recommended","1"
"0x30e2829a22335b7f:0x7a821f6eb8f91a15","Payments","Credit cards","1"
"0x30e2829a22335b7f:0x7a821f6eb8f91a15","Payments","Debit cards","1"
"0x30e2829a22335b7f:0x7a821f6eb8f91a15","Payments","NFC mobile payments","1"
"0x311d7e38f45f4f5b:0x7ea55f34ddca74ef","Accessibility","Wheelchair-accessible entrance","1"
"0x311d7e38f45f4f5b:0x7ea55f34ddca74ef","Amenities","Toilet","1"
"0x311d7e38f45f4f5b:0x7ea55f34ddca74ef","Planning","Appointments recommended","1"
"0x311d7e38f45f4f5b:0x7ea55f34ddca74ef","Payments","Credit cards","1"
"0x311d7e38f45f4f5b:0x7ea55f34ddca74ef","Payments","Debit cards","1"
"0x311d7e38f45f4f5b:0x7ea55f34ddca74ef","Payments","NFC mobile payments","1"
"0x30e283cc4342ede3:0x476f7abe0377d8d4","Accessibility","Wheelchair-accessible entrance","1"
"0x30e283cc4342ede3:0x476f7abe0377d8d4","Amenities","Toilet","1"
"0x30e283cc4342ede3:0x476f7abe0377d8d4","Planning","Appointments recommended","1"
"0x30e283cc4342ede3:0x476f7abe0377d8d4","Payments","Debit cards","1"
"0x30e283cc4342ede3:0x476f7abe0377d8d4","Payments","NFC mobile payments","1"
"0x30e283cc4342ede3:0x476f7abe0377d8d4","Payments","Credit cards","1"
"0x30e283f9b2d7879f:0x49e124fb3bcf2311","Amenities","Toilet","1"
"0x30e283f9b2d7879f:0x49e124fb3bcf2311","Planning","Appointments recommended","1"
"0x30e283f9b2d7879f:0x49e124fb3bcf2311","Payments","NFC mobile payments","1"
"0x30e283f9b2d7879f:0x49e124fb3bcf2311","Parking","Free parking lot","1"
"0x30e2878b4e3937fd:0x67ba8670fb173a2","Amenities","Toilet","1"
"0x30e2878b4e3937fd:0x67ba8670fb173a2","Planning","Appointments recommended","1"
"0x30e2878b4e3937fd:0x67ba8670fb173a2","Payments","NFC mobile payments","1"
"0x30e2a78017c0fbcb:0x802ed9277ba69a29","Amenities","Toilet","1"
"0x30e2a78017c0fbcb:0x802ed9277ba69a29","Planning","Appointments recommended","1"
"0x30e2a78017c0fbcb:0x802ed9277ba69a29","Payments","Debit cards","1"
"0x30e2a78017c0fbcb:0x802ed9277ba69a29","Payments","Credit cards","1"
"0x30e2ebcd41c235ad:0x42fd3e8a6520e266","Accessibility","Wheelchair-accessible seating","1"
"0x30e2ebcd41c235ad:0x42fd3e8a6520e266","Accessibility","Wheelchair-accessible toilet","1"
"0x30e2ebcd41c235ad:0x42fd3e8a6520e266","From the business","Identifies as women-owned","1"
"0x30e2ebcd41c235ad:0x42fd3e8a6520e266","Service options","On-site services","1"
"0x30e2ebcd41c235ad:0x42fd3e8a6520e266","Offerings","Cosmetic dentistry","1"
"0x30e2ebcd41c235ad:0x42fd3e8a6520e266","Offerings","Emergency services","1"
"0x30e2ebcd41c235ad:0x42fd3e8a6520e266","Offerings","Pediatric care","1"
"0x30e2ebcd41c235ad:0x42fd3e8a6520e266","Amenities","Gender-neutral toilets","1"
"0x30e2ebcd41c235ad:0x42fd3e8a6520e266","Amenities","Toilet","1"
"0x30e2ebcd41c235ad:0x42fd3e8a6520e266","Crowd","LGBTQ+ friendly","1"
"0x30e2ebcd41c235ad:0x42fd3e8a6520e266","Crowd","Transgender safe space","1"
"0x30e2ebcd41c235ad:0x42fd3e8a6520e266","Planning","Appointment required","1"
"0x30e2ebcd41c235ad:0x42fd3e8a6520e266","Planning","Appointments recommended","1"
"0x30e2ebcd41c235ad:0x42fd3e8a6520e266","Payments","Credit cards","1"
"0x30e2ebcd41c235ad:0x42fd3e8a6520e266","Payments","NFC mobile payments","1"
"0x30e2ebcd41c235ad:0x42fd3e8a6520e266","Payments","Payment plans","1"
"0x30e2ebcd41c235ad:0x42fd3e8a6520e266","Payments","Credit cards","1"
"0x30e2ebcd41c235ad:0x42fd3e8a6520e266","Parking","Free multi-storey car park","1"
"0x30e2ebcd41c235ad:0x42fd3e8a6520e266","Parking","Free of charge street parking","1"
"0x30e2ebcd41c235ad:0x42fd3e8a6520e266","Parking","Free parking lot","1"
"0x30e2ebcd41c235ad:0x42fd3e8a6520e266","Parking","On-site parking","1"
"0x311d7d1635e859b9:0xe513e08fc78a7082","Amenities","Toilet","1"
"0x311d7d1635e859b9:0xe513e08fc78a7082","Planning","Appointments recommended","1"
"0x311d7d1635e859b9:0xe513e08fc78a7082","Payments","Credit cards","1"
"0x311d7d1635e859b9:0xe513e08fc78a7082","Payments","NFC mobile payments","1"
"0x311d7d0a98ef2555:0xe11bb637b1dac3aa","Amenities","Toilet","1"
"0x311d7d0a98ef2555:0xe11bb637b1dac3aa","Planning","Appointments recommended","1"
"0x30e281b678ffed13:0x4d91ed13628c1691","Accessibility","Wheelchair-accessible seating","1"
"0x30e281b678ffed13:0x4d91ed13628c1691","From the business","Identifies as women-owned","1"
"0x30e281b678ffed13:0x4d91ed13628c1691","Service options","On-site services","1"
"0x30e281b678ffed13:0x4d91ed13628c1691","Offerings","Pediatric care","1"
"0x30e281b678ffed13:0x4d91ed13628c1691","Amenities","Toilet","1"
"0x30e281b678ffed13:0x4d91ed13628c1691","Planning","Appointments recommended","1"
"0x30e281b678ffed13:0x4d91ed13628c1691","Payments","Credit cards","1"
"0x30e281b678ffed13:0x4d91ed13628c1691","Payments","Credit cards","1"
"0x30e281b678ffed13:0x4d91ed13628c1691","Children","Nursing room","1"
"0x30e281b678ffed13:0x4d91ed13628c1691","Parking","Free of charge street parking","1"
"0x30e281b678ffed13:0x4d91ed13628c1691","Parking","Free parking lot","1"
"0x30e281b678ffed13:0x4d91ed13628c1691","Parking","On-site parking","1"
"0x30e28104bb8374d9:0x93a0c7475f5ee98a","Accessibility","Wheelchair accessible restroom","1"
"0x30e28104bb8374d9:0x93a0c7475f5ee98a","Accessibility","Wheelchair accessible seating","1"
"0x30e28104bb8374d9:0x93a0c7475f5ee98a","Offerings","Cosmetic dentistry","1"
"0x30e28104bb8374d9:0x93a0c7475f5ee98a","Amenities","Restroom","1"
"0x30e28104bb8374d9:0x93a0c7475f5ee98a","Payments","Credit cards","1"
"0x30e28104bb8374d9:0x93a0c7475f5ee98a","Payments","Debit cards","1"
"0x30e28104bb8374d9:0x93a0c7475f5ee98a","Parking","Free parking lot","1"
"0x30e283e063a49223:0x3c175124358c6639","Accessibility","Wheelchair-accessible entrance","1"
"0x30e283e063a49223:0x3c175124358c6639","Amenities","Toilet","1"
"0x30e283e063a49223:0x3c175124358c6639","Planning","Appointments recommended","1"
"0x30e283e063a49223:0x3c175124358c6639","Payments","Debit cards","1"
"0x30e283e063a49223:0x3c175124358c6639","Payments","NFC mobile payments","1"
"0x30e283e063a49223:0x3c175124358c6639","Payments","Credit cards","1"
"0x30e2836e763c73a3:0x8b75fc3473749c0a","Amenities","Toilet","1"
"0x30e2836e763c73a3:0x8b75fc3473749c0a","Planning","Appointments recommended","1"
"0x30e2836e763c73a3:0x8b75fc3473749c0a","Payments","Credit cards","1"
"0x30e2836e763c73a3:0x8b75fc3473749c0a","Payments","Debit cards","1"
"0x30e2836e763c73a3:0x8b75fc3473749c0a","Payments","NFC mobile payments","1"
"0x30e29e8ddea010af:0x33845c48a68f6e08","Accessibility","Wheelchair accessible entrance","1"
"0x30e29e8ddea010af:0x33845c48a68f6e08","Accessibility","Wheelchair accessible parking lot","1"
"0x30e29e8ddea010af:0x33845c48a68f6e08","Accessibility","Wheelchair accessible restroom","1"
"0x30e29e8ddea010af:0x33845c48a68f6e08","Accessibility","Wheelchair accessible seating","1"
"0x30e29e8ddea010af:0x33845c48a68f6e08","Recycling","Clothing","1"
"0x30e29e8ddea010af:0x33845c48a68f6e08","Parking","Free parking garage","1"
"0x30e29e8ddea010af:0x33845c48a68f6e08","Parking","Free parking lot","1"
"0x30e29e8ddea010af:0x33845c48a68f6e08","Parking","On-site parking","1"
"0x30e29641a3af3e4b:0x415139a663dbdeda","Accessibility","Wheelchair-accessible car park","1"
"0x30e29641a3af3e4b:0x415139a663dbdeda","Accessibility","Wheelchair-accessible entrance","1"
"0x311d7d6795a76fe3:0xf2cfc33cfb53bd2d","Amenities","Toilet","1"
"0x311d7d6795a76fe3:0xf2cfc33cfb53bd2d","Planning","Appointments recommended","1"
"0x311d7d6795a76fe3:0xf2cfc33cfb53bd2d","Payments","Credit cards","1"
"0x311d7d6795a76fe3:0xf2cfc33cfb53bd2d","Payments","Debit cards","1"
"0x311d7d6795a76fe3:0xf2cfc33cfb53bd2d","Payments","NFC mobile payments","1"
"0x30e29513682c01df:0x44bf1c5a2c4c435","Offerings","Cosmetic dentistry","1"
"0x30e29513682c01df:0x44bf1c5a2c4c435","Amenities","Gender-neutral toilets","1"
"0x30e29513682c01df:0x44bf1c5a2c4c435","Amenities","Toilet","1"
"0x30e29513682c01df:0x44bf1c5a2c4c435","Crowd","Transgender safe space","1"
"0x30e29513682c01df:0x44bf1c5a2c4c435","Payments","Credit cards","1"
"0x30e29513682c01df:0x44bf1c5a2c4c435","Payments","Debit cards","1"
"0x30e29513682c01df:0x44bf1c5a2c4c435","Payments","Credit cards","1"
"0x30e29513682c01df:0x44bf1c5a2c4c435","Parking","Free of charge street parking","1"
"0x30e29513682c01df:0x44bf1c5a2c4c435","Parking","Free parking lot","1"
"0x30e29513682c01df:0x44bf1c5a2c4c435","Parking","On-site parking","1"
"0x30e2bd282574d45f:0x6c585c82386a2584","Accessibility","Wheelchair-accessible entrance","1"
"0x30e2bd282574d45f:0x6c585c82386a2584","Accessibility","Wheelchair-accessible toilet","1"
"0x30e2bd282574d45f:0x6c585c82386a2584","Amenities","Toilet","1"
"0x30e2bd282574d45f:0x6c585c82386a2584","Planning","Appointments recommended","1"
"0x30e2bd282574d45f:0x6c585c82386a2584","Payments","Credit cards","1"
"0x30e2bd282574d45f:0x6c585c82386a2584","Payments","NFC mobile payments","1"
"0x311d67782136fb4b:0xa9c4836141197cec","Amenities","Toilet","1"
"0x311d67782136fb4b:0xa9c4836141197cec","Planning","Appointments recommended","1"
"0x311d67782136fb4b:0xa9c4836141197cec","Payments","Credit cards","1"
"0x311d67782136fb4b:0xa9c4836141197cec","Payments","Debit cards","1"
"0x311d67782136fb4b:0xa9c4836141197cec","Payments","NFC mobile payments","1"
"0x311d67782136fb4b:0xa9c4836141197cec","Payments","Credit cards","1"
"0x30e2bdd54edaec81:0xee3cd389ac7985c1","Amenities","Toilet","1"
"0x30e2bdd54edaec81:0xee3cd389ac7985c1","Planning","Appointments recommended","1"
"0x30e2bdd54edaec81:0xee3cd389ac7985c1","Payments","Credit cards","1"
"0x30e2bdd54edaec81:0xee3cd389ac7985c1","Payments","NFC mobile payments","1"
"0x311d6326c978c82b:0xeb73aab5e2fa184d","Amenities","Toilet","1"
"0x311d6326c978c82b:0xeb73aab5e2fa184d","Planning","Appointments recommended","1"
"0x311d6326c978c82b:0xeb73aab5e2fa184d","Payments","Credit cards","1"
"0x30e283c63cbde87f:0x2156b703c295823d","Accessibility","Wheelchair-accessible toilet","1"
"0x30e283c63cbde87f:0x2156b703c295823d","Service options","On-site services","1"
"0x30e283c63cbde87f:0x2156b703c295823d","Offerings","Cosmetic dentistry","1"
"0x30e283c63cbde87f:0x2156b703c295823d","Amenities","Toilet","1"
"0x30e283c63cbde87f:0x2156b703c295823d","Crowd","LGBTQ+ friendly","1"
"0x30e283c63cbde87f:0x2156b703c295823d","Crowd","Transgender safe space","1"
"0x30e283c63cbde87f:0x2156b703c295823d","Planning","Appointment required","1"
"0x30e283c63cbde87f:0x2156b703c295823d","Planning","Appointments recommended","1"
"0x30e283c63cbde87f:0x2156b703c295823d","Payments","Credit cards","1"
"0x30e283c63cbde87f:0x2156b703c295823d","Payments","Debit cards","1"
"0x30e283c63cbde87f:0x2156b703c295823d","Payments","NFC mobile payments","1"
"0x30e283c63cbde87f:0x2156b703c295823d","Parking","Free of charge street parking","1"
"0x30e283c63cbde87f:0x2156b703c295823d","Parking","Paid parking lot","1"
"0x30e285690dde6bc5:0xde9eedfcd9c11df7","Amenities","Toilet","1"
"0x30e285690dde6bc5:0xde9eedfcd9c11df7","Planning","Appointments recommended","1"
"0x30e285690dde6bc5:0xde9eedfcd9c11df7","Payments","Credit cards","1"
"0x30e285690dde6bc5:0xde9eedfcd9c11df7","Payments","Debit cards","1"
"0x30e285690dde6bc5:0xde9eedfcd9c11df7","Payments","NFC mobile payments","1"
"0x30e283c02817011d:0xff441d84a4c07d21","Accessibility","Wheelchair-accessible car park","1"
"0x30e283c02817011d:0xff441d84a4c07d21","Accessibility","Wheelchair-accessible entrance","1"
"0x30e283c02817011d:0xff441d84a4c07d21","Amenities","Toilet","1"
"0x30e283c02817011d:0xff441d84a4c07d21","Planning","Appointments recommended","1"
"0x30e283c02817011d:0xff441d84a4c07d21","Payments","Credit cards","1"
"0x30e283c02817011d:0xff441d84a4c07d21","Payments","Debit cards","1"
"0x30e283c02817011d:0xff441d84a4c07d21","Payments","NFC mobile payments","1"
"0x30e283c02817011d:0xff441d84a4c07d21","Payments","Credit cards","1"
"0x30e291c1f72a76a5:0x1e37f683ec591046","Accessibility","Wheelchair-accessible car park","1"
"0x30e291c1f72a76a5:0x1e37f683ec591046","Accessibility","Wheelchair-accessible toilet","1"
"0x30e291c1f72a76a5:0x1e37f683ec591046","Amenities","Gender-neutral toilets","1"
"0x30e291c1f72a76a5:0x1e37f683ec591046","Amenities","Toilet","1"
"0x30e291c1f72a76a5:0x1e37f683ec591046","Crowd","LGBTQ+ friendly","1"
"0x30e291c1f72a76a5:0x1e37f683ec591046","Crowd","Transgender safe space","1"
"0x30e291c1f72a76a5:0x1e37f683ec591046","Planning","Appointments recommended","1"
"0x30e291c1f72a76a5:0x1e37f683ec591046","Payments","NFC mobile payments","1"
"0x30e2950002b8661d:0xa8edc3f921347358","Amenities","Gender-neutral toilets","1"
"0x30e2950002b8661d:0xa8edc3f921347358","Amenities","Toilet","1"
"0x30e2950002b8661d:0xa8edc3f921347358","Planning","Appointments recommended","1"
"0x30e2950002b8661d:0xa8edc3f921347358","Payments","Credit cards","1"
"0x30e2950002b8661d:0xa8edc3f921347358","Payments","Debit cards","1"
"0x30e2950002b8661d:0xa8edc3f921347358","Payments","NFC mobile payments","1"
"0x30e2950002b8661d:0xa8edc3f921347358","Parking","Free parking lot","1"
"0x30e2950002b8661d:0xa8edc3f921347358","Parking","On-site parking","1"
"0x30e2be00262f749f:0x3d64f99f601f3111","Accessibility","Wheelchair-accessible entrance","1"
"0x30e2be00262f749f:0x3d64f99f601f3111","Accessibility","Wheelchair-accessible seating","1"
"0x30e2be00262f749f:0x3d64f99f601f3111","Accessibility","Wheelchair-accessible toilet","1"
"0x30e2be00262f749f:0x3d64f99f601f3111","Amenities","Gender-neutral toilets","1"
"0x30e2be00262f749f:0x3d64f99f601f3111","Amenities","Toilet","1"
"0x30e2be00262f749f:0x3d64f99f601f3111","Crowd","LGBTQ+ friendly","1"
"0x30e2be00262f749f:0x3d64f99f601f3111","Crowd","Transgender safe space","1"
"0x30e2be00262f749f:0x3d64f99f601f3111","Planning","Appointments recommended","1"
"0x30e2be00262f749f:0x3d64f99f601f3111","Payments","Credit cards","1"
"0x30e2be00262f749f:0x3d64f99f601f3111","Payments","Debit cards","1"
"0x30e2be00262f749f:0x3d64f99f601f3111","Payments","NFC mobile payments","1"
"0x30e2be00262f749f:0x3d64f99f601f3111","Children","Nursing room","1"
"0x30e28f56eacc630d:0x1686bebb167462de","Accessibility","Wheelchair-accessible toilet","1"
"0x30e28f56eacc630d:0x1686bebb167462de","Amenities","Toilet","1"
"0x30e28f56eacc630d:0x1686bebb167462de","Planning","Appointments recommended","1"
"0x30e28f56eacc630d:0x1686bebb167462de","Payments","NFC mobile payments","1"
"0x311d5faa31105405:0x848b0de86682c347","Accessibility","Wheelchair-accessible toilet","1"
"0x311d5faa31105405:0x848b0de86682c347","Amenities","Toilet","1"
"0x311d5faa31105405:0x848b0de86682c347","Crowd","LGBTQ+ friendly","1"
"0x311d5faa31105405:0x848b0de86682c347","Crowd","Transgender safe space","1"
"0x311d5faa31105405:0x848b0de86682c347","Planning","Appointments recommended","1"
"0x311d5faa31105405:0x848b0de86682c347","Payments","NFC mobile payments","1"
"0x311d67214c32c023:0xebe19d700857ab12","Accessibility","Wheelchair-accessible car park","1"
"0x311d67214c32c023:0xebe19d700857ab12","Amenities","Toilet","1"
"0x311d67214c32c023:0xebe19d700857ab12","Planning","Appointments recommended","1"
"0x311d67214c32c023:0xebe19d700857ab12","Payments","Credit cards","1"
"0x311d67214c32c023:0xebe19d700857ab12","Payments","Debit cards","1"
"0x311d67214c32c023:0xebe19d700857ab12","Payments","NFC mobile payments","1"
"0x311d67214c32c023:0xebe19d700857ab12","Payments","Credit cards","1"
"0x2f3b5241c37ea029:0x7be9a8c9698d582e","Accessibility","Wheelchair-accessible toilet","1"
"0x2f3b5241c37ea029:0x7be9a8c9698d582e","From the business","Identifies as women-owned","1"
"0x2f3b5241c37ea029:0x7be9a8c9698d582e","Offerings","Cosmetic dentistry","1"
"0x2f3b5241c37ea029:0x7be9a8c9698d582e","Offerings","Pediatric care","1"
"0x2f3b5241c37ea029:0x7be9a8c9698d582e","Amenities","Toilet","1"
"0x2f3b5241c37ea029:0x7be9a8c9698d582e","Crowd","LGBTQ+ friendly","1"
"0x2f3b5241c37ea029:0x7be9a8c9698d582e","Crowd","Transgender safe space","1"
"0x2f3b5241c37ea029:0x7be9a8c9698d582e","Planning","Appointments recommended","1"
"0x2f3b5241c37ea029:0x7be9a8c9698d582e","Payments","Credit cards","1"
"0x2f3b5241c37ea029:0x7be9a8c9698d582e","Payments","NFC mobile payments","1"
"0x2f3b5241c37ea029:0x7be9a8c9698d582e","Parking","Free of charge street parking","1"
"0x2f3b5241c37ea029:0x7be9a8c9698d582e","Parking","Free parking lot","1"
"0x311d62af3c83cbdb:0x9f03893b23611621","Accessibility","Wheelchair-accessible car park","1"
"0x311d62af3c83cbdb:0x9f03893b23611621","Accessibility","Wheelchair-accessible entrance","1"
"0x311d62af3c83cbdb:0x9f03893b23611621","Accessibility","Wheelchair-accessible toilet","1"
"0x311d62af3c83cbdb:0x9f03893b23611621","Offerings","Pediatric care","1"
"0x311d62af3c83cbdb:0x9f03893b23611621","Amenities","Toilet","1"
"0x311d62af3c83cbdb:0x9f03893b23611621","Planning","Appointments recommended","1"
"0x311d62af3c83cbdb:0x9f03893b23611621","Payments","Credit cards","1"
"0x311d62af3c83cbdb:0x9f03893b23611621","Payments","Debit cards","1"
"0x311d62af3c83cbdb:0x9f03893b23611621","Payments","NFC mobile payments","1"
"0x30e283c85f1e9847:0xadb0fb41088afd28","Service options","Delivery","1"
"0x30e283c85f1e9847:0xadb0fb41088afd28","Service options","In-store pick-up","1"
"0x30e283c85f1e9847:0xadb0fb41088afd28","Service options","In-store shopping","1"
"0x30e283c85f1e9847:0xadb0fb41088afd28","Service options","On-site services","1"
"0x30e283c85f1e9847:0xadb0fb41088afd28","Amenities","Wi-Fi","1"
"0x30e283c85f1e9847:0xadb0fb41088afd28","Amenities","Free Wi-Fi","1"
"0x30e283c85f1e9847:0xadb0fb41088afd28","Planning","Quick visit","1"
"0x30e283c85f1e9847:0xadb0fb41088afd28","Payments","Credit cards","1"
"0x30e283c85f1e9847:0xadb0fb41088afd28","Payments","Debit cards","1"
"0x30e283c85f1e9847:0xadb0fb41088afd28","Payments","NFC mobile payments","1"
"0x30e283c85f1e9847:0xadb0fb41088afd28","Payments","Credit cards","1"
"0x311d5f667fe865a1:0x262b60a51d18cf6d","Accessibility","Wheelchair-accessible car park","1"
"0x311d5f667fe865a1:0x262b60a51d18cf6d","Accessibility","Wheelchair-accessible entrance","1"
"0x311d5f667fe865a1:0x262b60a51d18cf6d","Offerings","Pediatric care","1"
"0x311d5f667fe865a1:0x262b60a51d18cf6d","Amenities","Toilet","1"
"0x311d5f667fe865a1:0x262b60a51d18cf6d","Planning","Appointment required","1"
"0x311d5f667fe865a1:0x262b60a51d18cf6d","Planning","Appointments recommended","1"
"0x311d5f667fe865a1:0x262b60a51d18cf6d","Payments","Credit cards","1"
"0x311d5f667fe865a1:0x262b60a51d18cf6d","Payments","Debit cards","1"
"0x311d5f667fe865a1:0x262b60a51d18cf6d","Payments","NFC mobile payments","1"
"0x30e28550272f50d9:0x905bfaea67625656","Accessibility","Wheelchair-accessible toilet","1"
"0x30e28550272f50d9:0x905bfaea67625656","Offerings","Pediatric care","1"
"0x30e28550272f50d9:0x905bfaea67625656","Amenities","Toilet","1"
"0x30e28550272f50d9:0x905bfaea67625656","Planning","Appointments recommended","1"
"0x30e28550272f50d9:0x905bfaea67625656","Payments","Credit cards","1"
"0x30e28550272f50d9:0x905bfaea67625656","Payments","Debit cards","1"
"0x30e28550272f50d9:0x905bfaea67625656","Payments","NFC mobile payments","1"
"0x30e28550272f50d9:0x905bfaea67625656","Payments","Credit cards","1"
"0x30e296972c7a0753:0x668709d7fbebdf8e","Accessibility","Wheelchair-accessible seating","1"
"0x30e296972c7a0753:0x668709d7fbebdf8e","Accessibility","Wheelchair-accessible car park","1"
"0x30e296972c7a0753:0x668709d7fbebdf8e","Service options","On-site services","1"
"0x30e296972c7a0753:0x668709d7fbebdf8e","Amenities","Gender-neutral toilets","1"
"0x30e296972c7a0753:0x668709d7fbebdf8e","Amenities","Toilet","1"
"0x30e296972c7a0753:0x668709d7fbebdf8e","Crowd","LGBTQ+ friendly","1"
"0x30e296972c7a0753:0x668709d7fbebdf8e","Crowd","Transgender safe space","1"
"0x30e296972c7a0753:0x668709d7fbebdf8e","Planning","Appointments recommended","1"
"0x30e296972c7a0753:0x668709d7fbebdf8e","Payments","Cash only","1"
"0x30e296972c7a0753:0x668709d7fbebdf8e","Parking","Free of charge street parking","1"
"0x30e2a09b921563f1:0x968e98e0a8bbc3f2","Amenities","Toilet","1"
"0x30e2a09b921563f1:0x968e98e0a8bbc3f2","Planning","Appointments recommended","1"
"0x30e28fb371e3cf03:0x7199b2c22ceffe26","Amenities","Toilet","1"
"0x30e28fb371e3cf03:0x7199b2c22ceffe26","Planning","Appointments recommended","1"
"0x311d5d3f320ca1ff:0xd74b0097ecd030b3","Accessibility","Wheelchair-accessible car park","1"
"0x311d5d3f320ca1ff:0xd74b0097ecd030b3","Accessibility","Wheelchair-accessible entrance","1"
"0x311d5d3f320ca1ff:0xd74b0097ecd030b3","Accessibility","Wheelchair-accessible toilet","1"
"0x311d5d3f320ca1ff:0xd74b0097ecd030b3","Amenities","Toilet","1"
"0x311d5d3f320ca1ff:0xd74b0097ecd030b3","Planning","Appointments recommended","1"
"0x311d5d3f320ca1ff:0xd74b0097ecd030b3","Payments","Credit cards","1"
"0x311d5d3f320ca1ff:0xd74b0097ecd030b3","Payments","Debit cards","1"
"0x311d5d3f320ca1ff:0xd74b0097ecd030b3","Payments","NFC mobile payments","1"
"0x311d5f726caf7bbd:0x66bd10ece75a7d40","From the business","Identifies as women-owned","1"
"0x311d5f726caf7bbd:0x66bd10ece75a7d40","Amenities","Toilet","1"
"0x311d5f726caf7bbd:0x66bd10ece75a7d40","Planning","Appointment required","1"
"0x311d5f726caf7bbd:0x66bd10ece75a7d40","Planning","Appointments recommended","1"
"0x311d5f726caf7bbd:0x66bd10ece75a7d40","Payments","Credit cards","1"
"0x311d5f726caf7bbd:0x66bd10ece75a7d40","Payments","Debit cards","1"
"0x311d5f726caf7bbd:0x66bd10ece75a7d40","Payments","NFC mobile payments","1"
"0x311d5f726caf7bbd:0x66bd10ece75a7d40","Payments","Credit cards","1"
"0x311d5f168efbd03d:0x86247dbf52270265","Accessibility","Wheelchair-accessible seating","1"
"0x311d5f168efbd03d:0x86247dbf52270265","Accessibility","Wheelchair-accessible toilet","1"
"0x311d5f168efbd03d:0x86247dbf52270265","Amenities","Toilet","1"
"0x311d5f168efbd03d:0x86247dbf52270265","Planning","Appointments recommended","1"
"0x311d5f168efbd03d:0x86247dbf52270265","Payments","Credit cards","1"
"0x30e28f63d8d531f3:0xc59651595016ac25","Accessibility","Wheelchair-accessible car park","1"
"0x30e28f63d8d531f3:0xc59651595016ac25","Accessibility","Wheelchair-accessible toilet","1"
"0x30e28f63d8d531f3:0xc59651595016ac25","Amenities","Toilet","1"
"0x30e28f63d8d531f3:0xc59651595016ac25","Payments","NFC mobile payments","1"
"0x30e2bdfbadbb0ffb:0x25a9d9d01eeef7eb","Amenities","Toilet","1"
"0x30e2bdfbadbb0ffb:0x25a9d9d01eeef7eb","Planning","Appointments recommended","1"
"0x30e2bdfbadbb0ffb:0x25a9d9d01eeef7eb","Payments","NFC mobile payments","1"
"0x311d5fda2fd97db5:0x65530cdae1429742","Accessibility","Wheelchair-accessible car park","1"
"0x311d5fda2fd97db5:0x65530cdae1429742","Accessibility","Wheelchair-accessible entrance","1"
"0x311d5fda2fd97db5:0x65530cdae1429742","Accessibility","Wheelchair-accessible toilet","1"
"0x311d5fda2fd97db5:0x65530cdae1429742","Service options","On-site services","1"
"0x311d5fda2fd97db5:0x65530cdae1429742","Amenities","Toilet","1"
"0x311d5fda2fd97db5:0x65530cdae1429742","Crowd","LGBTQ+ friendly","1"
"0x311d5fda2fd97db5:0x65530cdae1429742","Crowd","Transgender safe space","1"
"0x311d5fda2fd97db5:0x65530cdae1429742","Payments","Credit cards","1"
"0x311d5fda2fd97db5:0x65530cdae1429742","Payments","Debit cards","1"
"0x311d5fda2fd97db5:0x65530cdae1429742","Payments","NFC mobile payments","1"
"0x311d5fda2fd97db5:0x65530cdae1429742","Children","Playground","1"
"0x311d63ce42cd6247:0x68781ee404b605f8","Offerings","Cosmetic dentistry","1"
"0x311d63ce42cd6247:0x68781ee404b605f8","Amenities","Toilet","1"
"0x311d63ce42cd6247:0x68781ee404b605f8","Planning","Appointments recommended","1"
"0x311d63ce42cd6247:0x68781ee404b605f8","Payments","Credit cards","1"
"0x311d63ce42cd6247:0x68781ee404b605f8","Payments","Debit cards","1"
"0x311d63ce42cd6247:0x68781ee404b605f8","Payments","NFC mobile payments","1"
"0x311d63ce42cd6247:0x68781ee404b605f8","Parking","Free parking lot","1"
"0x311d63ce42cd6247:0x68781ee404b605f8","Parking","On-site parking","1"
"0x30e283497ba464f5:0xeba53e39bcce6485","Amenities","Toilet","1"
"0x311d7d34b568a199:0xd50d57ae894164af","Accessibility","Wheelchair-accessible toilet","1"
"0x311d7d34b568a199:0xd50d57ae894164af","Amenities","Toilet","1"
"0x311d7d34b568a199:0xd50d57ae894164af","Planning","Appointments recommended","1"
"0x311d7d34b568a199:0xd50d57ae894164af","Payments","Credit cards","1"
"0x311d7d34b568a199:0xd50d57ae894164af","Payments","Debit cards","1"
"0x311d7d34b568a199:0xd50d57ae894164af","Payments","NFC mobile payments","1"
"0x311d7d34b568a199:0xd50d57ae894164af","Payments","Credit cards","1"
"0x30e28ffc21b5012d:0x24e47608cefea1ea","Accessibility","Wheelchair-accessible entrance","1"
"0x30e28ffc21b5012d:0x24e47608cefea1ea","Amenities","Toilet","1"
"0x30e28ffc21b5012d:0x24e47608cefea1ea","Planning","Appointments recommended","1"
"0x30e28ffc21b5012d:0x24e47608cefea1ea","Payments","NFC mobile payments","1"
"0x30e283170ea881fb:0x7a438ba53c3255db","Accessibility","Wheelchair-accessible car park","1"
"0x30e283170ea881fb:0x7a438ba53c3255db","Accessibility","Wheelchair-accessible entrance","1"
"0x30e283170ea881fb:0x7a438ba53c3255db","Amenities","Toilet","1"
"0x30e283170ea881fb:0x7a438ba53c3255db","Planning","Appointments recommended","1"
"0x30e283170ea881fb:0x7a438ba53c3255db","Payments","Debit cards","1"
"0x30e283170ea881fb:0x7a438ba53c3255db","Payments","NFC mobile payments","1"
"0x30e283170ea881fb:0x7a438ba53c3255db","Payments","Credit cards","1"
"0x311d6300101863dd:0xfac4f5d75e497105","Amenities","Toilet","1"
"0x311d6300101863dd:0xfac4f5d75e497105","Crowd","LGBTQ+ friendly","1"
"0x311d6300101863dd:0xfac4f5d75e497105","Crowd","Transgender safe space","1"
"0x311d6300101863dd:0xfac4f5d75e497105","Planning","Appointments recommended","1"
"0x311d6300101863dd:0xfac4f5d75e497105","Payments","Credit cards","1"
"0x311d6300101863dd:0xfac4f5d75e497105","Payments","Debit cards","1"
"0x311d6300101863dd:0xfac4f5d75e497105","Payments","NFC mobile payments","1"
"0x30e282455187c5c3:0x4aeb034c5b205814","Accessibility","Wheelchair-accessible car park","1"
"0x30e282455187c5c3:0x4aeb034c5b205814","Accessibility","Wheelchair-accessible entrance","1"
"0x30e282455187c5c3:0x4aeb034c5b205814","Amenities","Toilet","1"
"0x30e282455187c5c3:0x4aeb034c5b205814","Planning","Appointments recommended","1"
"0x30e282455187c5c3:0x4aeb034c5b205814","Payments","Credit cards","1"
"0x30e282455187c5c3:0x4aeb034c5b205814","Payments","Debit cards","1"
"0x30e282455187c5c3:0x4aeb034c5b205814","Payments","NFC mobile payments","1"
"0x30e283b735098a8b:0x21e29862f618cff4","Amenities","Toilet","1"
"0x30e283b735098a8b:0x21e29862f618cff4","Planning","Appointments recommended","1"
"0x30e283b735098a8b:0x21e29862f618cff4","Payments","NFC mobile payments","1"
"0x30e283f78694f441:0x48a14476a3083a1f","From the business","Identifies as women-owned","1"
"0x30e283f78694f441:0x48a14476a3083a1f","Service options","On-site services","1"
"0x30e283f78694f441:0x48a14476a3083a1f","Amenities","Gender-neutral toilets","1"
"0x30e283f78694f441:0x48a14476a3083a1f","Amenities","Toilet","1"
"0x30e283f78694f441:0x48a14476a3083a1f","Crowd","LGBTQ+ friendly","1"
"0x30e283f78694f441:0x48a14476a3083a1f","Crowd","Transgender safe space","1"
"0x30e283f78694f441:0x48a14476a3083a1f","Planning","Appointments recommended","1"
"0x30e283f78694f441:0x48a14476a3083a1f","Payments","Credit cards","1"
"0x30e283f78694f441:0x48a14476a3083a1f","Payments","NFC mobile payments","1"
"0x30e283f78694f441:0x48a14476a3083a1f","Parking","Free parking lot","1"
"0x30e283f78694f441:0x48a14476a3083a1f","Parking","On-site parking","1"
"0x311d7dc11a5200bb:0x38f73ab5873fe8b0","Amenities","Toilet","1"
"0x311d7dc11a5200bb:0x38f73ab5873fe8b0","Planning","Appointment required","1"
"0x311d7dc11a5200bb:0x38f73ab5873fe8b0","Planning","Appointments recommended","1"
"0x311d7d5da6936e85:0x4b9ab76d4038621","Accessibility","Wheelchair-accessible car park","1"
"0x311d7d5da6936e85:0x4b9ab76d4038621","Accessibility","Wheelchair-accessible seating","1"
"0x311d7d5da6936e85:0x4b9ab76d4038621","Accessibility","Assistive hearing loop","1"
"0x311d7d5da6936e85:0x4b9ab76d4038621","Accessibility","Wheelchair-accessible entrance","1"
"0x311d7d5da6936e85:0x4b9ab76d4038621","Accessibility","Wheelchair-accessible toilet","1"
"0x311d7d5da6936e85:0x4b9ab76d4038621","Offerings","Cosmetic dentistry","1"
"0x311d7d5da6936e85:0x4b9ab76d4038621","Offerings","Emergency services","1"
"0x311d7d5da6936e85:0x4b9ab76d4038621","Offerings","Pediatric care","1"
"0x311d7d5da6936e85:0x4b9ab76d4038621","Amenities","Toilet","1"
"0x311d7d5da6936e85:0x4b9ab76d4038621","Crowd","LGBTQ+ friendly","1"
"0x311d7d5da6936e85:0x4b9ab76d4038621","Crowd","Transgender safe space","1"
"0x311d7d5da6936e85:0x4b9ab76d4038621","Planning","Appointments recommended","1"
"0x311d7d5da6936e85:0x4b9ab76d4038621","Payments","Credit cards","1"
"0x311d7d5da6936e85:0x4b9ab76d4038621","Payments","NFC mobile payments","1"
"0x311d7d5da6936e85:0x4b9ab76d4038621","Parking","Free parking lot","1"
"0x311d7d5da6936e85:0x4b9ab76d4038621","Parking","On-site parking","1"
"0x311d7c5dacda8b8f:0x80ba13afe65291ff","Offerings","Pediatric care","1"
"0x311d7c5dacda8b8f:0x80ba13afe65291ff","Amenities","Toilet","1"
"0x311d7c5dacda8b8f:0x80ba13afe65291ff","Planning","Appointment required","1"
"0x311d7c5dacda8b8f:0x80ba13afe65291ff","Planning","Appointments recommended","1"
"0x311d7c5dacda8b8f:0x80ba13afe65291ff","Payments","Credit cards","1"
"0x311d7c5dacda8b8f:0x80ba13afe65291ff","Payments","Debit cards","1"
"0x311d7c5dacda8b8f:0x80ba13afe65291ff","Payments","NFC mobile payments","1"
"0x30e287005e14a82f:0x1b20086c6e7d72fd","Accessibility","Wheelchair-accessible car park","1"
"0x30e287005e14a82f:0x1b20086c6e7d72fd","Accessibility","Wheelchair-accessible toilet","1"
"0x30e287005e14a82f:0x1b20086c6e7d72fd","Service options","On-site services","1"
"0x30e287005e14a82f:0x1b20086c6e7d72fd","Offerings","Cosmetic dentistry","1"
"0x30e287005e14a82f:0x1b20086c6e7d72fd","Offerings","Pediatric care","1"
"0x30e287005e14a82f:0x1b20086c6e7d72fd","Offerings","Sedation dentistry","1"
"0x30e287005e14a82f:0x1b20086c6e7d72fd","Amenities","Gender-neutral toilets","1"
"0x30e287005e14a82f:0x1b20086c6e7d72fd","Amenities","Toilet","1"
"0x30e287005e14a82f:0x1b20086c6e7d72fd","Crowd","LGBTQ+ friendly","1"
"0x30e287005e14a82f:0x1b20086c6e7d72fd","Crowd","Transgender safe space","1"
"0x30e287005e14a82f:0x1b20086c6e7d72fd","Planning","Appointment required","1"
"0x30e287005e14a82f:0x1b20086c6e7d72fd","Payments","Credit cards","1"
"0x30e287005e14a82f:0x1b20086c6e7d72fd","Payments","Debit cards","1"
"0x30e287005e14a82f:0x1b20086c6e7d72fd","Payments","NFC mobile payments","1"
"0x30e287005e14a82f:0x1b20086c6e7d72fd","Payments","Payment plans","1"
"0x30e287005e14a82f:0x1b20086c6e7d72fd","Parking","Free multi-storey car park","1"
"0x30e287005e14a82f:0x1b20086c6e7d72fd","Parking","Free of charge street parking","1"
"0x30e287005e14a82f:0x1b20086c6e7d72fd","Parking","Free parking lot","1"
"0x30e287005e14a82f:0x1b20086c6e7d72fd","Parking","On-site parking","1"
"0x30e2a3afffffffff:0x6b24a924468be8b8","Service options","Delivery","1"
"0x30e2a3afffffffff:0x6b24a924468be8b8","Service options","In-store pick-up","1"
"0x30e2a3afffffffff:0x6b24a924468be8b8","Service options","In-store shopping","1"
"0x30e2a3afffffffff:0x6b24a924468be8b8","Planning","Quick visit","1"
"0x30e2a3afffffffff:0x6b24a924468be8b8","Payments","Credit cards","1"
"0x30e2a3afffffffff:0x6b24a924468be8b8","Payments","Debit cards","1"
"0x30e2a3afffffffff:0x6b24a924468be8b8","Payments","NFC mobile payments","1"
"0x311d60717fea4327:0x57fc9de4465ea68d","Accessibility","Wheelchair-accessible car park","1"
"0x311d60717fea4327:0x57fc9de4465ea68d","Accessibility","Wheelchair-accessible entrance","1"
"0x30e282bbf635feb7:0x23069ae37b3f91c2","Amenities","Toilet","1"
"0x30e282bbf635feb7:0x23069ae37b3f91c2","Planning","Appointments recommended","1"
"0x311d7d001e536a69:0xf943ead8ecd6ce68","Offerings","Cosmetic dentistry","1"
"0x311d7d001e536a69:0xf943ead8ecd6ce68","Amenities","Toilet","1"
"0x311d7d001e536a69:0xf943ead8ecd6ce68","Planning","Appointment required","1"
"0x311d7d001e536a69:0xf943ead8ecd6ce68","Planning","Appointments recommended","1"
"0x311d7d001e536a69:0xf943ead8ecd6ce68","Payments","Credit cards","1"
"0x311d7d001e536a69:0xf943ead8ecd6ce68","Payments","Debit cards","1"
"0x311d7d001e536a69:0xf943ead8ecd6ce68","Payments","NFC mobile payments","1"
"0x311d7d001e536a69:0xf943ead8ecd6ce68","Payments","Credit cards","1"
"0x311d7d001e536a69:0xf943ead8ecd6ce68","Parking","Free parking lot","1"
"0x311d7d001e536a69:0xf943ead8ecd6ce68","Parking","On-site parking","1"
"0x311d63cddd0984af:0xcc1e523326e040c6","Accessibility","Wheelchair-accessible car park","1"
"0x311d63cddd0984af:0xcc1e523326e040c6","Accessibility","Wheelchair-accessible entrance","1"
"0x311d63cddd0984af:0xcc1e523326e040c6","Amenities","Toilet","1"
"0x311d63cddd0984af:0xcc1e523326e040c6","Planning","Appointments recommended","1"
"0x311d63cddd0984af:0xcc1e523326e040c6","Payments","Credit cards","1"
"0x30e28f2c5ccb6785:0x1de348e51ac70fd5","Service options","On-site services","1"
"0x30e28f2c5ccb6785:0x1de348e51ac70fd5","Amenities","Toilet","1"
"0x30e28f2c5ccb6785:0x1de348e51ac70fd5","Crowd","Transgender safe space","1"
"0x30e28f2c5ccb6785:0x1de348e51ac70fd5","Planning","Appointments recommended","1"
"0x30e28f2c5ccb6785:0x1de348e51ac70fd5","Payments","Credit cards","1"
"0x30e28f2c5ccb6785:0x1de348e51ac70fd5","Payments","Debit cards","1"
"0x30e28f2c5ccb6785:0x1de348e51ac70fd5","Payments","NFC mobile payments","1"
"0x30e28f2c5ccb6785:0x1de348e51ac70fd5","Payments","Credit cards","1"
"0x30e28f2c5ccb6785:0x1de348e51ac70fd5","Parking","Free of charge street parking","1"
"0x30e28f2c5ccb6785:0x1de348e51ac70fd5","Parking","On-site parking","1"
"0x30e2930efdeaf22d:0xd97f3e22658c3c06","Amenities","Toilet","1"
"0x30e2930efdeaf22d:0xd97f3e22658c3c06","Planning","Appointments recommended","1"
"0x30e2930efdeaf22d:0xd97f3e22658c3c06","Payments","NFC mobile payments","1"
"0x30e29facb7e28c31:0xbcb78e5cd1454ce2","Accessibility","Wheelchair-accessible seating","1"
"0x30e29facb7e28c31:0xbcb78e5cd1454ce2","Accessibility","Wheelchair-accessible toilet","1"
"0x30e29facb7e28c31:0xbcb78e5cd1454ce2","Accessibility","Assistive hearing loop","1"
"0x30e29facb7e28c31:0xbcb78e5cd1454ce2","From the business","Identifies as women-owned","1"
"0x30e29facb7e28c31:0xbcb78e5cd1454ce2","Service options","On-site services","1"
"0x30e29facb7e28c31:0xbcb78e5cd1454ce2","Offerings","Cosmetic dentistry","1"
"0x30e29facb7e28c31:0xbcb78e5cd1454ce2","Offerings","Emergency services","1"
"0x30e29facb7e28c31:0xbcb78e5cd1454ce2","Offerings","Sedation dentistry","1"
"0x30e29facb7e28c31:0xbcb78e5cd1454ce2","Amenities","Gender-neutral toilets","1"
"0x30e29facb7e28c31:0xbcb78e5cd1454ce2","Amenities","Toilet","1"
"0x30e29facb7e28c31:0xbcb78e5cd1454ce2","Crowd","LGBTQ+ friendly","1"
"0x30e29facb7e28c31:0xbcb78e5cd1454ce2","Crowd","Transgender safe space","1"
"0x30e29facb7e28c31:0xbcb78e5cd1454ce2","Planning","Appointment required","1"
"0x30e29facb7e28c31:0xbcb78e5cd1454ce2","Planning","Appointments recommended","1"
"0x30e29facb7e28c31:0xbcb78e5cd1454ce2","Payments","Credit cards","1"
"0x30e29facb7e28c31:0xbcb78e5cd1454ce2","Payments","Debit cards","1"
"0x30e29facb7e28c31:0xbcb78e5cd1454ce2","Payments","NFC mobile payments","1"
"0x30e29facb7e28c31:0xbcb78e5cd1454ce2","Payments","Credit cards","1"
"0x30e29facb7e28c31:0xbcb78e5cd1454ce2","Children","Nursing room","1"
"0x30e29facb7e28c31:0xbcb78e5cd1454ce2","Parking","Free multi-storey car park","1"
"0x30e29facb7e28c31:0xbcb78e5cd1454ce2","Parking","Free of charge street parking","1"
"0x30e29facb7e28c31:0xbcb78e5cd1454ce2","Parking","Free parking lot","1"
"0x30e29facb7e28c31:0xbcb78e5cd1454ce2","Parking","On-site parking","1"
"0x311d6174a671b09f:0xc9c75b4cceb7aeef","Amenities","Toilet","1"
"0x311d6174a671b09f:0xc9c75b4cceb7aeef","Planning","Appointments recommended","1"
"0x30e282dbf1150a41:0x3b5f15016a28673b","Accessibility","Wheelchair-accessible car park","1"
"0x30e282dbf1150a41:0x3b5f15016a28673b","Accessibility","Wheelchair-accessible entrance","1"
"0x30e282dbf1150a41:0x3b5f15016a28673b","Accessibility","Wheelchair-accessible toilet","1"
"0x30e282dbf1150a41:0x3b5f15016a28673b","Service options","On-site services","1"
"0x30e282dbf1150a41:0x3b5f15016a28673b","Offerings","Arcade games","1"
"0x30e282dbf1150a41:0x3b5f15016a28673b","Amenities","Toilet","1"
"0x30e282dbf1150a41:0x3b5f15016a28673b","Payments","Credit cards","1"
"0x30e282dbf1150a41:0x3b5f15016a28673b","Payments","Debit cards","1"
"0x30e282dbf1150a41:0x3b5f15016a28673b","Payments","NFC mobile payments","1"
"0x30e282dbf1150a41:0x3b5f15016a28673b","Children","Has changing table(s)","1"
"0x30e282dbf1150a41:0x3b5f15016a28673b","Children","Playground","1"
"0x30e282dbf1150a41:0x3b5f15016a28673b","Parking","Free multi-storey car park","1"
"0x30e282dbf1150a41:0x3b5f15016a28673b","Parking","Free parking lot","1"
"0x30e282dbf1150a41:0x3b5f15016a28673b","Parking","Paid parking lot","1"
"0x311d672b908cdebf:0xfc162773ffbd0f69","Accessibility","Wheelchair-accessible entrance","1"
"0x311d672b908cdebf:0xfc162773ffbd0f69","Amenities","Toilet","1"
"0x311d672b908cdebf:0xfc162773ffbd0f69","Planning","Appointments recommended","1"
"0x311d672b908cdebf:0xfc162773ffbd0f69","Payments","Credit cards","1"
"0x311d672b908cdebf:0xfc162773ffbd0f69","Payments","Debit cards","1"
"0x311d672b908cdebf:0xfc162773ffbd0f69","Payments","NFC mobile payments","1"
"0x30e2835eb6d150ad:0x1f1e22789fc0e11d","Amenities","Toilet","1"
"0x311d7f41fac88a87:0x590bad57263302d3","Amenities","Toilet","1"
"0x311d7f41fac88a87:0x590bad57263302d3","Planning","Appointments recommended","1"
"0x311d7f41fac88a87:0x590bad57263302d3","Payments","NFC mobile payments","1"
"0x311d63fb94d67be9:0x53bf94540ac83206","Amenities","Toilet","1"
"0x30e28f17f42e46ed:0xf4d1c7c6ca34faf7","Accessibility","Wheelchair-accessible entrance","1"
"0x30e28f17f42e46ed:0xf4d1c7c6ca34faf7","Amenities","Toilet","1"
"0x30e28f17f42e46ed:0xf4d1c7c6ca34faf7","Planning","Appointments recommended","1"
"0x30e28f17f42e46ed:0xf4d1c7c6ca34faf7","Payments","Credit cards","1"
"0x30e28f17f42e46ed:0xf4d1c7c6ca34faf7","Payments","Debit cards","1"
"0x30e28f17f42e46ed:0xf4d1c7c6ca34faf7","Payments","NFC mobile payments","1"
"0x30e28f17f42e46ed:0xf4d1c7c6ca34faf7","Payments","Credit cards","1"
"0x30e28fd83ba14bc5:0xfe0601c3da19a086","Amenities","Toilet","1"
"0x30e28fd83ba14bc5:0xfe0601c3da19a086","Planning","Appointments recommended","1"
"0x30e28fd83ba14bc5:0xfe0601c3da19a086","Payments","Debit cards","1"
"0x30e28fd83ba14bc5:0xfe0601c3da19a086","Payments","NFC mobile payments","1"
"0x30e29027aaaaaaab:0xf91f83eb6e09210c","Accessibility","Wheelchair-accessible car park","1"
"0x30e29027aaaaaaab:0xf91f83eb6e09210c","Accessibility","Wheelchair-accessible entrance","1"
"0x30e29027aaaaaaab:0xf91f83eb6e09210c","Amenities","Toilet","1"
"0x30e29027aaaaaaab:0xf91f83eb6e09210c","Planning","Appointments recommended","1"
"0x30e29027aaaaaaab:0xf91f83eb6e09210c","Payments","NFC mobile payments","1"
"0x30e283c363bd84c7:0xceb81d07bb46884c","Amenities","Toilet","1"
"0x30e283c363bd84c7:0xceb81d07bb46884c","Planning","Appointments recommended","1"
"0x30e283c363bd84c7:0xceb81d07bb46884c","Payments","Credit cards","1"
"0x30e283c363bd84c7:0xceb81d07bb46884c","Payments","Debit cards","1"
"0x30e283c363bd84c7:0xceb81d07bb46884c","Payments","NFC mobile payments","1"
"0x30e2bc4ee796ca0d:0x5a35c728895df56f","Amenities","Toilet","1"
"0x30e2bc4ee796ca0d:0x5a35c728895df56f","Planning","Appointments recommended","1"
"0x311d5e3cd123b59f:0x809e91fcb143d300","Accessibility","Wheelchair-accessible car park","1"
"0x311d5e3cd123b59f:0x809e91fcb143d300","Accessibility","Wheelchair-accessible entrance","1"
"0x311d5e3cd123b59f:0x809e91fcb143d300","Amenities","Toilet","1"
"0x311d5e3cd123b59f:0x809e91fcb143d300","Planning","Appointment required","1"
"0x311d5e3cd123b59f:0x809e91fcb143d300","Planning","Appointments recommended","1"
"0x311d5e3cd123b59f:0x809e91fcb143d300","Payments","Credit cards","1"
"0x311d5e3cd123b59f:0x809e91fcb143d300","Payments","Credit cards","1"
"0x30e2838b60e7faeb:0x147d44c5f2b8bc29","Amenities","Toilet","1"
"0x30e2838b60e7faeb:0x147d44c5f2b8bc29","Planning","Appointments recommended","1"
"0x30e29057f9dcf869:0x4bd3a0d6b81ee275","Accessibility","Wheelchair-accessible entrance","1"
"0x30e29057f9dcf869:0x4bd3a0d6b81ee275","From the business","Identifies as women-owned","1"
"0x30e29057f9dcf869:0x4bd3a0d6b81ee275","Amenities","Toilet","1"
"0x30e29057f9dcf869:0x4bd3a0d6b81ee275","Planning","Appointment required","1"
"0x30e29057f9dcf869:0x4bd3a0d6b81ee275","Planning","Appointments recommended","1"
"0x30e28315b9f825ab:0x32a77dbbd12de2ed","Accessibility","Assistive hearing loop","1"
"0x30e28315b9f825ab:0x32a77dbbd12de2ed","Accessibility","Wheelchair-accessible seating","1"
"0x30e28315b9f825ab:0x32a77dbbd12de2ed","Accessibility","Wheelchair-accessible toilet","1"
"0x30e28315b9f825ab:0x32a77dbbd12de2ed","Service options","On-site services","1"
"0x30e28315b9f825ab:0x32a77dbbd12de2ed","Amenities","Toilet","1"
"0x30e28315b9f825ab:0x32a77dbbd12de2ed","Crowd","LGBTQ+ friendly","1"
"0x30e28315b9f825ab:0x32a77dbbd12de2ed","Crowd","Transgender safe space","1"
"0x30e28315b9f825ab:0x32a77dbbd12de2ed","Planning","Appointments recommended","1"
"0x30e28315b9f825ab:0x32a77dbbd12de2ed","Payments","Debit cards","1"
"0x30e28315b9f825ab:0x32a77dbbd12de2ed","Payments","NFC mobile payments","1"
"0x30e28315b9f825ab:0x32a77dbbd12de2ed","Children","Nursing room","1"
"0x30e28315b9f825ab:0x32a77dbbd12de2ed","Parking","Free multi-storey car park","1"
"0x30e28315b9f825ab:0x32a77dbbd12de2ed","Parking","Free parking lot","1"
"0x30e28315b9f825ab:0x32a77dbbd12de2ed","Parking","On-site parking","1"
"0x30e295f3dc450b25:0xba7a1498958afd0","Accessibility","Assistive hearing loop","1"
"0x30e295f3dc450b25:0xba7a1498958afd0","Accessibility","Wheelchair-accessible seating","1"
"0x30e295f3dc450b25:0xba7a1498958afd0","Accessibility","Wheelchair-accessible toilet","1"
"0x30e295f3dc450b25:0xba7a1498958afd0","From the business","Identifies as women-owned","1"
"0x30e295f3dc450b25:0xba7a1498958afd0","Service options","On-site services","1"
"0x30e295f3dc450b25:0xba7a1498958afd0","Amenities","Toilet","1"
"0x30e295f3dc450b25:0xba7a1498958afd0","Crowd","LGBTQ+ friendly","1"
"0x30e295f3dc450b25:0xba7a1498958afd0","Crowd","Transgender safe space","1"
"0x30e295f3dc450b25:0xba7a1498958afd0","Planning","Appointments recommended","1"
"0x30e295f3dc450b25:0xba7a1498958afd0","Children","Nursing room","1"
"0x30e295f3dc450b25:0xba7a1498958afd0","Parking","Free multi-storey car park","1"
"0x30e295f3dc450b25:0xba7a1498958afd0","Parking","Free of charge street parking","1"
"0x30e295f3dc450b25:0xba7a1498958afd0","Parking","Free parking lot","1"
"0x30e295f3dc450b25:0xba7a1498958afd0","Parking","On-site parking","1"
"0x311d63f41e891511:0xaf61754ad833051","Amenities","Toilet","1"
"0x311d63f41e891511:0xaf61754ad833051","Planning","Appointments recommended","1"
"0x30e283ece6a6d0df:0x71113252db62f49","Accessibility","Wheelchair-accessible toilet","1"
"0x30e283ece6a6d0df:0x71113252db62f49","Amenities","Toilet","1"
"0x30e283ece6a6d0df:0x71113252db62f49","Planning","Appointment required","1"
"0x30e283ece6a6d0df:0x71113252db62f49","Planning","Appointments recommended","1"
"0x30e283ece6a6d0df:0x71113252db62f49","Payments","Credit cards","1"
"0x30e283ece6a6d0df:0x71113252db62f49","Payments","Debit cards","1"
"0x30e283ece6a6d0df:0x71113252db62f49","Payments","NFC mobile payments","1"
"0x30e2bda66b71f39b:0xc4ac90b699aca767","Accessibility","Wheelchair-accessible car park","1"
"0x30e2bda66b71f39b:0xc4ac90b699aca767","Accessibility","Wheelchair-accessible entrance","1"
"0x30e2bda66b71f39b:0xc4ac90b699aca767","Accessibility","Wheelchair-accessible toilet","1"
"0x30e2bda66b71f39b:0xc4ac90b699aca767","Amenities","Toilet","1"
"0x30e2bda66b71f39b:0xc4ac90b699aca767","Payments","NFC mobile payments","1"
"0x30e296177dfc597b:0xd18cd664db67d9e5","Accessibility","Wheelchair-accessible entrance","1"
"0x30e296177dfc597b:0xd18cd664db67d9e5","Accessibility","Wheelchair-accessible seating","1"
"0x30e296177dfc597b:0xd18cd664db67d9e5","Accessibility","Wheelchair-accessible toilet","1"
"0x30e296177dfc597b:0xd18cd664db67d9e5","From the business","Identifies as women-owned","1"
"0x30e296177dfc597b:0xd18cd664db67d9e5","Amenities","Toilet","1"
"0x30e296177dfc597b:0xd18cd664db67d9e5","Crowd","LGBTQ+ friendly","1"
"0x30e296177dfc597b:0xd18cd664db67d9e5","Crowd","Transgender safe space","1"
"0x30e296177dfc597b:0xd18cd664db67d9e5","Planning","Appointment required","1"
"0x30e296177dfc597b:0xd18cd664db67d9e5","Planning","Appointments recommended","1"
"0x30e284702fdfbaed:0x33e39f92d3c96e62","Amenities","Toilet","1"
"0x30e284702fdfbaed:0x33e39f92d3c96e62","Planning","Appointments recommended","1"
"0x30e28371eb5c2c77:0x11f967c314752e78","Service options","On-site services","1"
"0x30e28371eb5c2c77:0x11f967c314752e78","Amenities","Toilet","1"
"0x30e28371eb5c2c77:0x11f967c314752e78","Planning","Appointment required","1"
"0x30e28371eb5c2c77:0x11f967c314752e78","Planning","Appointments recommended","1"
"0x30e28371eb5c2c77:0x11f967c314752e78","Payments","Credit cards","1"
"0x30e28371eb5c2c77:0x11f967c314752e78","Payments","Debit cards","1"
"0x30e28371eb5c2c77:0x11f967c314752e78","Payments","NFC mobile payments","1"
"0x30e2838e787794c3:0x5d4143e0f0542411","Amenities","Toilet","1"
"0x30e2838e787794c3:0x5d4143e0f0542411","Planning","Appointments recommended","1"
"0x311d63d1a33afced:0x7c23b00e2ffe42a5","Accessibility","Wheelchair-accessible car park","1"
"0x311d63d1a33afced:0x7c23b00e2ffe42a5","Accessibility","Wheelchair-accessible entrance","1"
"0x311d63d1a33afced:0x7c23b00e2ffe42a5","Accessibility","Wheelchair-accessible toilet","1"
"0x311d63d1a33afced:0x7c23b00e2ffe42a5","Service options","In-store shopping","1"
"0x311d63d1a33afced:0x7c23b00e2ffe42a5","Amenities","Toilet","1"
"0x311d63d1a33afced:0x7c23b00e2ffe42a5","Amenities","Free Wi-Fi","1"
"0x311d63d1a33afced:0x7c23b00e2ffe42a5","Crowd","LGBTQ+ friendly","1"
"0x311d63d1a33afced:0x7c23b00e2ffe42a5","Crowd","Transgender safe space","1"
"0x311d63d1a33afced:0x7c23b00e2ffe42a5","Payments","Credit cards","1"
"0x311d63d1a33afced:0x7c23b00e2ffe42a5","Payments","Debit cards","1"
"0x311d63d1a33afced:0x7c23b00e2ffe42a5","Payments","NFC mobile payments","1"
"0x311d64899db414fb:0x68c551b1bd8bd78e","Service options","On-site services","1"
"0x311d64899db414fb:0x68c551b1bd8bd78e","Amenities","Gender-neutral toilets","1"
"0x311d64899db414fb:0x68c551b1bd8bd78e","Amenities","Toilet","1"
"0x311d64899db414fb:0x68c551b1bd8bd78e","Crowd","LGBTQ+ friendly","1"
"0x311d64899db414fb:0x68c551b1bd8bd78e","Crowd","Transgender safe space","1"
"0x311d64899db414fb:0x68c551b1bd8bd78e","Planning","Appointments recommended","1"
"0x311d64899db414fb:0x68c551b1bd8bd78e","Payments","Credit cards","1"
"0x311d64899db414fb:0x68c551b1bd8bd78e","Payments","Debit cards","1"
"0x311d64899db414fb:0x68c551b1bd8bd78e","Payments","NFC mobile payments","1"
"0x30e2834ea0a7202b:0x8e62b5252387c51f","Accessibility","Wheelchair-accessible seating","1"
"0x30e2834ea0a7202b:0x8e62b5252387c51f","Accessibility","Wheelchair-accessible toilet","1"
"0x30e2834ea0a7202b:0x8e62b5252387c51f","Amenities","Gender-neutral toilets","1"
"0x30e2834ea0a7202b:0x8e62b5252387c51f","Amenities","Toilet","1"
"0x30e2834ea0a7202b:0x8e62b5252387c51f","Crowd","Transgender safe space","1"
"0x30e2834ea0a7202b:0x8e62b5252387c51f","Planning","Appointments recommended","1"
"0x30e2834ea0a7202b:0x8e62b5252387c51f","Payments","NFC mobile payments","1"
"0x311d646123a10683:0xace4ca69b97ea9f3","Amenities","Toilet","1"
"0x311d646123a10683:0xace4ca69b97ea9f3","Planning","Appointments recommended","1"
"0x311d646123a10683:0xace4ca69b97ea9f3","Payments","Credit cards","1"
"0x311d646123a10683:0xace4ca69b97ea9f3","Payments","NFC mobile payments","1"
"0x311d7ddd883001a3:0x5b543e54c716c557","Accessibility","Wheelchair-accessible car park","1"
"0x311d7ddd883001a3:0x5b543e54c716c557","Amenities","Toilet","1"
"0x311d7ddd883001a3:0x5b543e54c716c557","Planning","Appointments recommended","1"
"0x311d7ddd883001a3:0x5b543e54c716c557","Payments","Credit cards","1"
"0x311d7ddd883001a3:0x5b543e54c716c557","Payments","Debit cards","1"
"0x311d7ddd883001a3:0x5b543e54c716c557","Payments","NFC mobile payments","1"
"0x311d672bc00d460b:0x4adca45cd5a6632c","Accessibility","Wheelchair-accessible car park","1"
"0x311d672bc00d460b:0x4adca45cd5a6632c","Accessibility","Wheelchair-accessible entrance","1"
"0x311d672bc00d460b:0x4adca45cd5a6632c","Accessibility","Wheelchair-accessible toilet","1"
"0x311d672bc00d460b:0x4adca45cd5a6632c","Service options","No-contact delivery","1"
"0x311d672bc00d460b:0x4adca45cd5a6632c","Service options","Delivery","1"
"0x311d672bc00d460b:0x4adca45cd5a6632c","Highlights","Great produce","1"
"0x311d672bc00d460b:0x4adca45cd5a6632c","Offerings","Food","1"
"0x311d672bc00d460b:0x4adca45cd5a6632c","Amenities","Toilet","1"
"0x311d672bc00d460b:0x4adca45cd5a6632c","Planning","Quick visit","1"
"0x311d672bc00d460b:0x4adca45cd5a6632c","Recycling","Metal cans","1"
"0x311d672bc00d460b:0x4adca45cd5a6632c","Recycling","Plastic bags","1"
"0x311d672bc00d460b:0x4adca45cd5a6632c","Payments","Credit cards","1"
"0x311d672bc00d460b:0x4adca45cd5a6632c","Payments","Debit cards","1"
"0x311d672bc00d460b:0x4adca45cd5a6632c","Payments","NFC mobile payments","1"
"0x30e28400e5c26509:0x64b7f18b814135dc","Accessibility","Wheelchair-accessible car park","1"
"0x30e28400e5c26509:0x64b7f18b814135dc","Accessibility","Wheelchair-accessible entrance","1"
"0x30e28400e5c26509:0x64b7f18b814135dc","Accessibility","Wheelchair-accessible seating","1"
"0x30e28400e5c26509:0x64b7f18b814135dc","From the business","Identifies as women-owned","1"
"0x30e28400e5c26509:0x64b7f18b814135dc","Service options","On-site services","1"
"0x30e28400e5c26509:0x64b7f18b814135dc","Offerings","Cosmetic dentistry","1"
"0x30e28400e5c26509:0x64b7f18b814135dc","Amenities","Toilet","1"
"0x30e28400e5c26509:0x64b7f18b814135dc","Planning","Appointments recommended","1"
"0x30e28400e5c26509:0x64b7f18b814135dc","Payments","Credit cards","1"
"0x30e28400e5c26509:0x64b7f18b814135dc","Payments","Debit cards","1"
"0x30e28400e5c26509:0x64b7f18b814135dc","Payments","NFC mobile payments","1"
"0x30e28400e5c26509:0x64b7f18b814135dc","Parking","Free of charge street parking","1"
"0x30e28400e5c26509:0x64b7f18b814135dc","Parking","Free parking lot","1"
"0x30e28400e5c26509:0x64b7f18b814135dc","Parking","On-site parking","1"
"0x311d6477b9bb623f:0x380b01836c66b071","Accessibility","Wheelchair-accessible car park","1"
"0x311d6477b9bb623f:0x380b01836c66b071","Amenities","Toilet","1"
"0x311d6477b9bb623f:0x380b01836c66b071","Planning","Appointment required","1"
"0x311d6477b9bb623f:0x380b01836c66b071","Planning","Appointments recommended","1"
"0x311d5d5e645d8bfb:0x8ff3ad61c04369d8","Amenities","Toilet","1"
"0x311d5d5e645d8bfb:0x8ff3ad61c04369d8","Planning","Appointments recommended","1"
"0x311d5d5e645d8bfb:0x8ff3ad61c04369d8","Payments","NFC mobile payments","1"
"0x30e28fd99860fe0f:0x9505188fa96a6987","Accessibility","Wheelchair-accessible car park","1"
"0x30e28fd99860fe0f:0x9505188fa96a6987","Accessibility","Wheelchair-accessible entrance","1"
"0x30e28fd99860fe0f:0x9505188fa96a6987","Accessibility","Wheelchair-accessible toilet","1"
"0x30e28fd99860fe0f:0x9505188fa96a6987","Service options","No-contact delivery","1"
"0x30e28fd99860fe0f:0x9505188fa96a6987","Service options","Delivery","1"
"0x30e28fd99860fe0f:0x9505188fa96a6987","Service options","On-site services","1"
"0x30e28fd99860fe0f:0x9505188fa96a6987","Highlights","Great produce","1"
"0x30e28fd99860fe0f:0x9505188fa96a6987","Offerings","Food","1"
"0x30e28fd99860fe0f:0x9505188fa96a6987","Amenities","Toilet","1"
"0x30e28fd99860fe0f:0x9505188fa96a6987","Planning","Quick visit","1"
"0x30e28fd99860fe0f:0x9505188fa96a6987","Recycling","Glass bottles","1"
"0x30e28fd99860fe0f:0x9505188fa96a6987","Recycling","Metal cans","1"
"0x30e28fd99860fe0f:0x9505188fa96a6987","Recycling","Plastic bags","1"
"0x30e28fd99860fe0f:0x9505188fa96a6987","Payments","Credit cards","1"
"0x30e28fd99860fe0f:0x9505188fa96a6987","Payments","Debit cards","1"
"0x30e28fd99860fe0f:0x9505188fa96a6987","Payments","NFC mobile payments","1"
"0x30e28fd99860fe0f:0x9505188fa96a6987","Parking","Paid parking lot","1"
"0x311d669f62866429:0xa6f807500febbcfe","Accessibility","Wheelchair-accessible car park","1"
"0x311d669f62866429:0xa6f807500febbcfe","Accessibility","Wheelchair-accessible entrance","1"
"0x311d669f62866429:0xa6f807500febbcfe","Accessibility","Wheelchair-accessible toilet","1"
"0x311d669f62866429:0xa6f807500febbcfe","Service options","No-contact delivery","1"
"0x311d669f62866429:0xa6f807500febbcfe","Service options","Delivery","1"
"0x311d669f62866429:0xa6f807500febbcfe","Service options","On-site services","1"
"0x311d669f62866429:0xa6f807500febbcfe","Highlights","Great produce","1"
"0x311d669f62866429:0xa6f807500febbcfe","Offerings","Bakery","1"
"0x311d669f62866429:0xa6f807500febbcfe","Offerings","Food","1"
"0x311d669f62866429:0xa6f807500febbcfe","Offerings","Pharmacy","1"
"0x311d669f62866429:0xa6f807500febbcfe","Amenities","Toilet","1"
"0x311d669f62866429:0xa6f807500febbcfe","Planning","Quick visit","1"
"0x311d669f62866429:0xa6f807500febbcfe","Recycling","Glass bottles","1"
"0x311d669f62866429:0xa6f807500febbcfe","Recycling","Metal cans","1"
"0x311d669f62866429:0xa6f807500febbcfe","Recycling","Plastic bags","1"
"0x311d669f62866429:0xa6f807500febbcfe","Payments","Credit cards","1"
"0x311d669f62866429:0xa6f807500febbcfe","Payments","Debit cards","1"
"0x311d669f62866429:0xa6f807500febbcfe","Payments","NFC mobile payments","1"
"0x311d669f62866429:0xa6f807500febbcfe","Payments","Credit cards","1"
"0x311d669f62866429:0xa6f807500febbcfe","Parking","On-site parking","1"
"0x311d669f62866429:0xa6f807500febbcfe","Parking","Paid parking lot","1"
"0x30e2824e358157ff:0x5359936fe5b29ff2","Amenities","Toilet","1"
"0x30e2824e358157ff:0x5359936fe5b29ff2","Planning","Appointments recommended","1"
"0x30e2941ed662063f:0x1f531c7dba9111af","Accessibility","Wheelchair-accessible car park","1"
"0x30e2941ed662063f:0x1f531c7dba9111af","Accessibility","Wheelchair-accessible entrance","1"
"0x30e2937093cbd675:0x7c781eabb9ee6d9f","Accessibility","Wheelchair-accessible car park","1"
"0x30e2937093cbd675:0x7c781eabb9ee6d9f","Accessibility","Wheelchair-accessible toilet","1"
"0x30e2937093cbd675:0x7c781eabb9ee6d9f","Amenities","Toilet","1"
"0x30e2937093cbd675:0x7c781eabb9ee6d9f","Planning","Appointments recommended","1"
"0x30e2937093cbd675:0x7c781eabb9ee6d9f","Payments","NFC mobile payments","1"
"0x30e283cc1c1fbb99:0xb85f4a96393e994c","Service options","Outdoor seating","1"
"0x30e283cc1c1fbb99:0xb85f4a96393e994c","Service options","Delivery","1"
"0x30e283cc1c1fbb99:0xb85f4a96393e994c","Service options","On-site services","1"
"0x30e283cc1c1fbb99:0xb85f4a96393e994c","Service options","Takeaway","1"
"0x30e283cc1c1fbb99:0xb85f4a96393e994c","Service options","Dine-in","1"
"0x30e283cc1c1fbb99:0xb85f4a96393e994c","Highlights","Great coffee","1"
"0x30e283cc1c1fbb99:0xb85f4a96393e994c","Highlights","Great dessert","1"
"0x30e283cc1c1fbb99:0xb85f4a96393e994c","Highlights","Great tea selection","1"
"0x30e283cc1c1fbb99:0xb85f4a96393e994c","Popular for","Good for working on laptop","1"
"0x30e283cc1c1fbb99:0xb85f4a96393e994c","Offerings","Coffee","1"
"0x30e283cc1c1fbb99:0xb85f4a96393e994c","Offerings","Happy-hour drinks","1"
"0x30e283cc1c1fbb99:0xb85f4a96393e994c","Dining options","Breakfast","1"
"0x30e283cc1c1fbb99:0xb85f4a96393e994c","Dining options","Brunch","1"
"0x30e283cc1c1fbb99:0xb85f4a96393e994c","Dining options","Lunch","1"
"0x30e283cc1c1fbb99:0xb85f4a96393e994c","Dining options","Dessert","1"
"0x30e283cc1c1fbb99:0xb85f4a96393e994c","Dining options","Seating","1"
"0x30e283cc1c1fbb99:0xb85f4a96393e994c","Amenities","Toilet","1"
"0x30e283cc1c1fbb99:0xb85f4a96393e994c","Amenities","Wi-Fi","1"
"0x30e283cc1c1fbb99:0xb85f4a96393e994c","Amenities","Free Wi-Fi","1"
"0x30e283cc1c1fbb99:0xb85f4a96393e994c","Atmosphere","Casual","1"
"0x30e283cc1c1fbb99:0xb85f4a96393e994c","Atmosphere","Cosy","1"
"0x30e283cc1c1fbb99:0xb85f4a96393e994c","Atmosphere","Trendy","1"
"0x30e283cc1c1fbb99:0xb85f4a96393e994c","Crowd","Family friendly","1"
"0x30e283cc1c1fbb99:0xb85f4a96393e994c","Crowd","LGBTQ+ friendly","1"
"0x30e283cc1c1fbb99:0xb85f4a96393e994c","Crowd","Transgender safe space","1"
"0x30e283cc1c1fbb99:0xb85f4a96393e994c","Payments","NFC mobile payments","1"
"0x30e283cc1c1fbb99:0xb85f4a96393e994c","Parking","Free parking lot","1"
"0x30e283cc1c1fbb99:0xb85f4a96393e994c","Parking","Plenty of parking","1"
"0x311d5e3c5cf26cdd:0x1b3658f3e32e42f5","Accessibility","Wheelchair-accessible toilet","1"
"0x311d5e3c5cf26cdd:0x1b3658f3e32e42f5","Offerings","Pediatric care","1"
"0x311d5e3c5cf26cdd:0x1b3658f3e32e42f5","Amenities","Toilet","1"
"0x311d5e3c5cf26cdd:0x1b3658f3e32e42f5","Planning","Appointments recommended","1"
"0x311d5e3c5cf26cdd:0x1b3658f3e32e42f5","Payments","Credit cards","1"
"0x311d5e3c5cf26cdd:0x1b3658f3e32e42f5","Payments","Debit cards","1"
"0x311d5e3c5cf26cdd:0x1b3658f3e32e42f5","Payments","NFC mobile payments","1"
"0x30e28548f9f30a3f:0x96d62cd264934fbf","Amenities","Toilet","1"
"0x30e28548f9f30a3f:0x96d62cd264934fbf","Planning","Appointments recommended","1"
"0x30e2a749c0bc1857:0x4dff10fad94eb4b","Amenities","Toilet","1"
"0x30e2a749c0bc1857:0x4dff10fad94eb4b","Planning","Appointments recommended","1"
"0x30e2a749c0bc1857:0x4dff10fad94eb4b","Payments","Credit cards","1"
"0x311d675d2d5d3825:0x2122d9d5c1bb7919","Amenities","Toilet","1"
"0x311d675d2d5d3825:0x2122d9d5c1bb7919","Planning","Appointments recommended","1"
"0x311d675d2d5d3825:0x2122d9d5c1bb7919","Payments","Credit cards","1"
"0x311d675d2d5d3825:0x2122d9d5c1bb7919","Payments","Debit cards","1"
"0x311d675d2d5d3825:0x2122d9d5c1bb7919","Payments","NFC mobile payments","1"
"0x30e282452d7f9d43:0x9da859016316d63c","Accessibility","Wheelchair-accessible entrance","1"
"0x30e282452d7f9d43:0x9da859016316d63c","Amenities","Toilet","1"
"0x30e282452d7f9d43:0x9da859016316d63c","Planning","Appointments recommended","1"
"0x30e296ca49e740e7:0xc326698d18364936","Accessibility","Wheelchair-accessible car park","1"
"0x30e296ca49e740e7:0xc326698d18364936","Accessibility","Wheelchair-accessible toilet","1"
"0x30e296ca49e740e7:0xc326698d18364936","Amenities","Toilet","1"
"0x30e296ca49e740e7:0xc326698d18364936","Planning","Appointments recommended","1"
"0x30e296ca49e740e7:0xc326698d18364936","Payments","NFC mobile payments","1"
"0x311d5da77585155d:0x867c81d845a14da5","Amenities","Toilet","1"
"0x30e284f272fb914b:0xd2956ad5025d8f27","Accessibility","Wheelchair-accessible car park","1"
"0x30e284f272fb914b:0xd2956ad5025d8f27","Accessibility","Wheelchair-accessible entrance","1"
"0x30e284f272fb914b:0xd2956ad5025d8f27","Amenities","Toilet","1"
"0x30e284f272fb914b:0xd2956ad5025d8f27","Planning","Appointments recommended","1"
"0x30e281c60ba29e09:0x2abc7eff8bf05da1","Amenities","Toilet","1"
"0x30e281c60ba29e09:0x2abc7eff8bf05da1","Planning","Appointments recommended","1"
"0x30e281c60ba29e09:0x2abc7eff8bf05da1","Payments","Credit cards","1"
"0x30e281c60ba29e09:0x2abc7eff8bf05da1","Payments","NFC mobile payments","1"
"0x30e285006c0b6eb7:0x2bc88327c091a494","Accessibility","Wheelchair-accessible entrance","1"
"0x30e285006c0b6eb7:0x2bc88327c091a494","Accessibility","Assistive hearing loop","1"
"0x30e285006c0b6eb7:0x2bc88327c091a494","Accessibility","Wheelchair-accessible car park","1"
"0x30e285006c0b6eb7:0x2bc88327c091a494","Accessibility","Wheelchair-accessible seating","1"
"0x30e285006c0b6eb7:0x2bc88327c091a494","Accessibility","Wheelchair-accessible toilet","1"
"0x30e285006c0b6eb7:0x2bc88327c091a494","From the business","Identifies as women-owned","1"
"0x30e285006c0b6eb7:0x2bc88327c091a494","Service options","On-site services","1"
"0x30e285006c0b6eb7:0x2bc88327c091a494","Offerings","Cosmetic dentistry","1"
"0x30e285006c0b6eb7:0x2bc88327c091a494","Offerings","Emergency services","1"
"0x30e285006c0b6eb7:0x2bc88327c091a494","Amenities","Gender-neutral toilets","1"
"0x30e285006c0b6eb7:0x2bc88327c091a494","Amenities","Toilet","1"
"0x30e285006c0b6eb7:0x2bc88327c091a494","Crowd","LGBTQ+ friendly","1"
"0x30e285006c0b6eb7:0x2bc88327c091a494","Crowd","Transgender safe space","1"
"0x30e285006c0b6eb7:0x2bc88327c091a494","Planning","Appointments recommended","1"
"0x30e285006c0b6eb7:0x2bc88327c091a494","Payments","Debit cards","1"
"0x30e285006c0b6eb7:0x2bc88327c091a494","Payments","NFC mobile payments","1"
"0x30e285006c0b6eb7:0x2bc88327c091a494","Parking","Free multi-storey car park","1"
"0x30e285006c0b6eb7:0x2bc88327c091a494","Parking","Free parking lot","1"
"0x30e285006c0b6eb7:0x2bc88327c091a494","Parking","On-site parking","1"
"0x30e28515fd1dc1c1:0x3b739f26fec6984e","Accessibility","Wheelchair-accessible car park","1"
"0x30e28515fd1dc1c1:0x3b739f26fec6984e","Accessibility","Wheelchair-accessible entrance","1"
"0x30e28515fd1dc1c1:0x3b739f26fec6984e","Accessibility","Wheelchair-accessible toilet","1"
"0x30e28515fd1dc1c1:0x3b739f26fec6984e","Amenities","Toilet","1"
"0x30e28515fd1dc1c1:0x3b739f26fec6984e","Planning","Appointment required","1"
"0x30e28515fd1dc1c1:0x3b739f26fec6984e","Planning","Appointments recommended","1"
"0x30e28515fd1dc1c1:0x3b739f26fec6984e","Payments","Credit cards","1"
"0x30e28515fd1dc1c1:0x3b739f26fec6984e","Payments","Debit cards","1"
"0x30e28515fd1dc1c1:0x3b739f26fec6984e","Payments","NFC mobile payments","1"
"0x311d5dd6fc349a7b:0x8af4ca6e1fbaecc5","Accessibility","Wheelchair-accessible entrance","1"
"0x311d5dd6fc349a7b:0x8af4ca6e1fbaecc5","Accessibility","Wheelchair-accessible toilet","1"
"0x311d5dd6fc349a7b:0x8af4ca6e1fbaecc5","Amenities","Toilet","1"
"0x311d5dd6fc349a7b:0x8af4ca6e1fbaecc5","Planning","Appointments recommended","1"
"0x311d5dd6fc349a7b:0x8af4ca6e1fbaecc5","Payments","NFC mobile payments","1"
"0x311d5dd6fc349a7b:0x8af4ca6e1fbaecc5","Parking","Free multi-storey car park","1"
"0x311d5dd6fc349a7b:0x8af4ca6e1fbaecc5","Parking","Free of charge street parking","1"
"0x311d5dd6fc349a7b:0x8af4ca6e1fbaecc5","Parking","Free parking lot","1"
"0x311d5dd6fc349a7b:0x8af4ca6e1fbaecc5","Parking","On-site parking","1"
"0x311d5dd6fc349a7b:0x8af4ca6e1fbaecc5","Parking","Paid multi-storey car park","1"
"0x311d5c23d640fcc5:0x99876103eab7b389","Accessibility","Wheelchair-accessible car park","1"
"0x311d5c23d640fcc5:0x99876103eab7b389","Accessibility","Wheelchair-accessible toilet","1"
"0x311d5c23d640fcc5:0x99876103eab7b389","Amenities","Toilet","1"
"0x311d5c23d640fcc5:0x99876103eab7b389","Planning","Appointments recommended","1"
"0x311d5c23d640fcc5:0x99876103eab7b389","Payments","NFC mobile payments","1"
"0x311d7d87dce94f79:0x64c5e46e2fdef7ea","Amenities","Toilet","1"
"0x311d7d87dce94f79:0x64c5e46e2fdef7ea","Planning","Appointments recommended","1"
"0x30e2957bd611ad49:0x10a8c0bfa246faf4","Accessibility","Wheelchair-accessible toilet","1"
"0x30e2957bd611ad49:0x10a8c0bfa246faf4","Amenities","Toilet","1"
"0x30e2957bd611ad49:0x10a8c0bfa246faf4","Planning","Appointments recommended","1"
"0x30e2957bd611ad49:0x10a8c0bfa246faf4","Payments","NFC mobile payments","1"
"0x311d655926d6490d:0x18e79262dc0ac8aa","Amenities","Toilet","1"
"0x311d65b449f5fa19:0x3917a2e4b7f4828d","Amenities","Toilet","1"
"0x311d65b449f5fa19:0x3917a2e4b7f4828d","Planning","Appointments recommended","1"
"0x30e2a76819fe8b23:0x50d7dfe44354e88b","Amenities","Toilet","1"
"0x30e2a76819fe8b23:0x50d7dfe44354e88b","Planning","Appointments recommended","1"
"0x30e2b970a1f094c1:0xf1e61b083c3f2db6","Amenities","Toilet","1"
"0x30e2b970a1f094c1:0xf1e61b083c3f2db6","Planning","Appointments recommended","1"
"0x30e2b970a1f094c1:0xf1e61b083c3f2db6","Payments","NFC mobile payments","1"
"0x30e28bbd914a0323:0xd6838d7b492b11bc","Accessibility","Wheelchair-accessible car park","1"
"0x30e28bbd914a0323:0xd6838d7b492b11bc","Accessibility","Wheelchair-accessible toilet","1"
"0x30e28bbd914a0323:0xd6838d7b492b11bc","From the business","Identifies as women-owned","1"
"0x30e28bbd914a0323:0xd6838d7b492b11bc","Amenities","Toilet","1"
"0x30e28bbd914a0323:0xd6838d7b492b11bc","Crowd","LGBTQ+ friendly","1"
"0x30e28bbd914a0323:0xd6838d7b492b11bc","Crowd","Transgender safe space","1"
"0x30e28bbd914a0323:0xd6838d7b492b11bc","Planning","Appointments recommended","1"
"0x30e28bbd914a0323:0xd6838d7b492b11bc","Payments","NFC mobile payments","1"
"0x311d5f000b9c066d:0xea9e2d433870a371","Service options","On-site services","1"
"0x311d5f000b9c066d:0xea9e2d433870a371","Amenities","Toilet","1"
"0x311d5f000b9c066d:0xea9e2d433870a371","Crowd","LGBTQ+ friendly","1"
"0x311d5f000b9c066d:0xea9e2d433870a371","Crowd","Transgender safe space","1"
"0x311d5f000b9c066d:0xea9e2d433870a371","Planning","Appointments recommended","1"
"0x311d5f000b9c066d:0xea9e2d433870a371","Payments","Credit cards","1"
"0x311d5f000b9c066d:0xea9e2d433870a371","Payments","Debit cards","1"
"0x311d5f000b9c066d:0xea9e2d433870a371","Payments","NFC mobile payments","1"
"0x311d5f000b9c066d:0xea9e2d433870a371","Parking","On-site parking","1"
"0x311d7d001824f661:0x9e4c35ec26149c79","From the business","Identifies as women-owned","1"
"0x311d7d001824f661:0x9e4c35ec26149c79","Amenities","Gender-neutral toilets","1"
"0x311d7d001824f661:0x9e4c35ec26149c79","Amenities","Toilet","1"
"0x311d7d001824f661:0x9e4c35ec26149c79","Crowd","LGBTQ+ friendly","1"
"0x311d7d001824f661:0x9e4c35ec26149c79","Crowd","Transgender safe space","1"
"0x311d7d001824f661:0x9e4c35ec26149c79","Planning","Appointments recommended","1"
"0x311d7d001824f661:0x9e4c35ec26149c79","Payments","Credit cards","1"
"0x311d7d001824f661:0x9e4c35ec26149c79","Children","Nursing room","1"
"0x311d7d001824f661:0x9e4c35ec26149c79","Parking","Free of charge street parking","1"
"0x311d7d001824f661:0x9e4c35ec26149c79","Parking","Free parking lot","1"
"0x311d7d001824f661:0x9e4c35ec26149c79","Parking","On-site parking","1"
"0x30e28250000332e9:0xc3141872206464a","Amenities","Toilet","1"
"0x30e28250000332e9:0xc3141872206464a","Planning","Appointments recommended","1"
"0x30e28250000332e9:0xc3141872206464a","Parking","Free of charge street parking","1"
"0x30e28250000332e9:0xc3141872206464a","Parking","Free parking lot","1"
"0x30e28250000332e9:0xc3141872206464a","Parking","On-site parking","1"
"0x30e2953240f7d3b9:0xbc16f532dae24e97","Accessibility","Wheelchair-accessible car park","1"
"0x30e2953240f7d3b9:0xbc16f532dae24e97","Accessibility","Wheelchair-accessible entrance","1"
"0x30e2953240f7d3b9:0xbc16f532dae24e97","Accessibility","Wheelchair-accessible seating","1"
"0x30e2953240f7d3b9:0xbc16f532dae24e97","Accessibility","Wheelchair-accessible toilet","1"
"0x30e2953240f7d3b9:0xbc16f532dae24e97","Service options","On-site services","1"
"0x30e2953240f7d3b9:0xbc16f532dae24e97","Amenities","Toilet","1"
"0x30e2953240f7d3b9:0xbc16f532dae24e97","Crowd","LGBTQ+ friendly","1"
"0x30e2953240f7d3b9:0xbc16f532dae24e97","Crowd","Transgender safe space","1"
"0x30e2953240f7d3b9:0xbc16f532dae24e97","Planning","Appointment required","1"
"0x30e2953240f7d3b9:0xbc16f532dae24e97","Planning","Appointments recommended","1"
"0x30e2953240f7d3b9:0xbc16f532dae24e97","Payments","Credit cards","1"
"0x30e2953240f7d3b9:0xbc16f532dae24e97","Payments","Debit cards","1"
"0x30e2953240f7d3b9:0xbc16f532dae24e97","Payments","NFC mobile payments","1"
"0x30e2953240f7d3b9:0xbc16f532dae24e97","Parking","Free of charge street parking","1"
"0x30e2953240f7d3b9:0xbc16f532dae24e97","Parking","Free parking lot","1"
"0x311d61900102174d:0xd25c4f8e031efd62","Amenities","Toilet","1"
"0x311d61900102174d:0xd25c4f8e031efd62","Planning","Appointments recommended","1"
"0x30e295f0fcebcd9d:0x947d1d4cd464306b","Amenities","Toilet","1"
"0x30e295f0fcebcd9d:0x947d1d4cd464306b","Planning","Appointments recommended","1"
"0x30e295f0fcebcd9d:0x947d1d4cd464306b","Payments","Credit cards","1"
"0x30e295f0fcebcd9d:0x947d1d4cd464306b","Payments","Debit cards","1"
"0x30e295f0fcebcd9d:0x947d1d4cd464306b","Payments","NFC mobile payments","1"
"0x30e295f0fcebcd9d:0x947d1d4cd464306b","Parking","Free of charge street parking","1"
"0x30e295f0fcebcd9d:0x947d1d4cd464306b","Parking","Free parking lot","1"
"0x30e295f0fcebcd9d:0x947d1d4cd464306b","Parking","On-site parking","1"
"0x311d63585eeabf17:0x99068cb16c57a54b","Amenities","Toilet","1"
"0x311d63585eeabf17:0x99068cb16c57a54b","Planning","Appointments recommended","1"
"0x30e297bdbd0436e3:0xa6ea64cb43a9f536","Amenities","Gender-neutral toilets","1"
"0x30e297bdbd0436e3:0xa6ea64cb43a9f536","Amenities","Toilet","1"
"0x30e297bdbd0436e3:0xa6ea64cb43a9f536","Planning","Appointments recommended","1"
"0x30e297bdbd0436e3:0xa6ea64cb43a9f536","Payments","Credit cards","1"
"0x30e297bdbd0436e3:0xa6ea64cb43a9f536","Payments","NFC mobile payments","1"
"0x30e283f6b61cb143:0x117ddb8d7b4cb90b","Amenities","Toilet","1"
"0x30e283f6b61cb143:0x117ddb8d7b4cb90b","Planning","Appointments recommended","1"
"0x30e283f6b61cb143:0x117ddb8d7b4cb90b","Payments","Credit cards","1"
"0x30e283f6b61cb143:0x117ddb8d7b4cb90b","Payments","Debit cards","1"
"0x30e283f6b61cb143:0x117ddb8d7b4cb90b","Payments","NFC mobile payments","1"
"0x311d67a246ab3433:0x5032e33899c4a91b","Amenities","Toilet","1"
"0x311d67a246ab3433:0x5032e33899c4a91b","Planning","Appointments recommended","1"
"0x311d67a246ab3433:0x5032e33899c4a91b","Payments","Credit cards","1"
"0x311d67a246ab3433:0x5032e33899c4a91b","Payments","Debit cards","1"
"0x311d67a246ab3433:0x5032e33899c4a91b","Payments","NFC mobile payments","1"
"0x30e285ddf1b93997:0x57d0e4ac8197004c","Amenities","Toilet","1"
"0x30e285ddf1b93997:0x57d0e4ac8197004c","Planning","Appointments recommended","1"
"0x30e285ddf1b93997:0x57d0e4ac8197004c","Payments","Credit cards","1"
"0x30e285ddf1b93997:0x57d0e4ac8197004c","Payments","Debit cards","1"
"0x30e285ddf1b93997:0x57d0e4ac8197004c","Payments","NFC mobile payments","1"
"0x311d631a54a92a95:0x26927c6e69f764f1","Accessibility","Wheelchair-accessible car park","1"
"0x311d631a54a92a95:0x26927c6e69f764f1","Accessibility","Wheelchair-accessible entrance","1"
"0x311d631a54a92a95:0x26927c6e69f764f1","Accessibility","Wheelchair-accessible seating","1"
"0x311d631a54a92a95:0x26927c6e69f764f1","Accessibility","Wheelchair-accessible toilet","1"
"0x311d631a54a92a95:0x26927c6e69f764f1","Amenities","Toilet","1"
"0x311d631a54a92a95:0x26927c6e69f764f1","Planning","Appointments recommended","1"
"0x30e28570e0142c87:0xacbd88444280644a","Amenities","Toilet","1"
"0x30e28570e0142c87:0xacbd88444280644a","Planning","Appointments recommended","1"
"0x30e28570e0142c87:0xacbd88444280644a","Payments","NFC mobile payments","1"
"0x30e28570e0142c87:0xacbd88444280644a","Parking","On-site parking","1"
"0x311d677dc7b84051:0xe619566b843e8870","Amenities","Toilet","1"
"0x311d677dc7b84051:0xe619566b843e8870","Planning","Appointments recommended","1"
"0x311d677dc7b84051:0xe619566b843e8870","Payments","NFC mobile payments","1"
"0x311d677dc7b84051:0xe619566b843e8870","Children","Nursing room","1"
"0x311d6500335298a9:0xbea3f419e7dd9fa9","From the business","Identifies as women-owned","1"
"0x311d6500335298a9:0xbea3f419e7dd9fa9","Service options","On-site services","1"
"0x311d6500335298a9:0xbea3f419e7dd9fa9","Offerings","Cosmetic dentistry","1"
"0x311d6500335298a9:0xbea3f419e7dd9fa9","Offerings","Emergency services","1"
"0x311d6500335298a9:0xbea3f419e7dd9fa9","Offerings","Pediatric care","1"
"0x311d6500335298a9:0xbea3f419e7dd9fa9","Amenities","Toilet","1"
"0x311d6500335298a9:0xbea3f419e7dd9fa9","Crowd","LGBTQ+ friendly","1"
"0x311d6500335298a9:0xbea3f419e7dd9fa9","Crowd","Transgender safe space","1"
"0x311d6500335298a9:0xbea3f419e7dd9fa9","Planning","Appointment required","1"
"0x311d6500335298a9:0xbea3f419e7dd9fa9","Planning","Appointments recommended","1"
"0x311d6500335298a9:0xbea3f419e7dd9fa9","Payments","Credit cards","1"
"0x311d6500335298a9:0xbea3f419e7dd9fa9","Payments","Debit cards","1"
"0x311d6500335298a9:0xbea3f419e7dd9fa9","Payments","NFC mobile payments","1"
"0x311d6500335298a9:0xbea3f419e7dd9fa9","Parking","Free parking lot","1"
"0x311d6500335298a9:0xbea3f419e7dd9fa9","Parking","On-site parking","1"
"0x311d6500692b1081:0x186d66a6647e9c3a","Amenities","Toilet","1"
"0x311d6500692b1081:0x186d66a6647e9c3a","Planning","Appointments recommended","1"
"0x311d6500692b1081:0x186d66a6647e9c3a","Payments","Credit cards","1"
"0x311d6500692b1081:0x186d66a6647e9c3a","Payments","Debit cards","1"
"0x311d6500692b1081:0x186d66a6647e9c3a","Payments","NFC mobile payments","1"
"0x30e2a75eea24967f:0x9d825e472b186771","Amenities","Toilet","1"
"0x30e2a0b55c16e393:0xc877eeaea2a084d2","Amenities","Toilet","1"
"0x30e2a0b55c16e393:0xc877eeaea2a084d2","Planning","Appointments recommended","1"
"0x311d659faa2b6353:0xa669f536323815d9","Amenities","Toilet","1"
"0x311d659faa2b6353:0xa669f536323815d9","Planning","Appointments recommended","1"
"0x311d659faa2b6353:0xa669f536323815d9","Payments","Credit cards","1"
"0x311d659faa2b6353:0xa669f536323815d9","Payments","Debit cards","1"
"0x311d659faa2b6353:0xa669f536323815d9","Payments","NFC mobile payments","1"
"0x30e28299ff1149af:0x2929331072f42f58","Accessibility","Wheelchair-accessible car park","1"
"0x30e28299ff1149af:0x2929331072f42f58","Accessibility","Wheelchair-accessible entrance","1"
"0x30e28299ff1149af:0x2929331072f42f58","Accessibility","Wheelchair-accessible toilet","1"
"0x30e28299ff1149af:0x2929331072f42f58","Service options","On-site services","1"
"0x30e28299ff1149af:0x2929331072f42f58","Amenities","Toilet","1"
"0x30e28299ff1149af:0x2929331072f42f58","Payments","Credit cards","1"
"0x30e28299ff1149af:0x2929331072f42f58","Payments","Debit cards","1"
"0x30e28299ff1149af:0x2929331072f42f58","Payments","NFC mobile payments","1"
"0x30e28299ff1149af:0x2929331072f42f58","Parking","Free parking lot","1"
"0x30e28299ff1149af:0x2929331072f42f58","Parking","Paid parking lot","1"
"0x311d65a8fbfde89b:0x4f18bb31f7824958","Amenities","Toilet","1"
"0x311d65a8fbfde89b:0x4f18bb31f7824958","Planning","Appointments recommended","1"
"0x311d65a8fbfde89b:0x4f18bb31f7824958","Payments","NFC mobile payments","1"
"0x311d649ab4c2da75:0xf4eee7cbe62bc66b","Amenities","Toilet","1"
"0x311d649ab4c2da75:0xf4eee7cbe62bc66b","Planning","Appointments recommended","1"
"0x30e2bf2eee296bd5:0xc7a3e412bfdb24","Amenities","Toilet","1"
"0x311d5908ef35ce5b:0x6076f34f515d7ee3","Accessibility","Wheelchair-accessible car park","1"
"0x311d5908ef35ce5b:0x6076f34f515d7ee3","Accessibility","Wheelchair-accessible entrance","1"
"0x311d5908ef35ce5b:0x6076f34f515d7ee3","Accessibility","Wheelchair-accessible seating","1"
"0x311d5908ef35ce5b:0x6076f34f515d7ee3","Accessibility","Wheelchair-accessible toilet","1"
"0x311d5908ef35ce5b:0x6076f34f515d7ee3","Service options","On-site services","1"
"0x311d65692e566581:0x5166920fdd851391","Accessibility","Wheelchair-accessible seating","1"
"0x311d65692e566581:0x5166920fdd851391","From the business","Identifies as women-owned","1"
"0x311d65692e566581:0x5166920fdd851391","Amenities","Toilet","1"
"0x311d65692e566581:0x5166920fdd851391","Crowd","LGBTQ+ friendly","1"
"0x311d65692e566581:0x5166920fdd851391","Crowd","Transgender safe space","1"
"0x311d65692e566581:0x5166920fdd851391","Planning","Appointments recommended","1"
"0x311d65b38d0fcb79:0xf518d41f86a929c7","Amenities","Toilet","1"
"0x311d65b38d0fcb79:0xf518d41f86a929c7","Planning","Appointments recommended","1"
"0x311d65b38d0fcb79:0xf518d41f86a929c7","Payments","NFC mobile payments","1"
"0x311d5fb11eb6ce2b:0x36a2e3b1c11c816","Offerings","Cosmetic dentistry","1"
"0x311d5fb11eb6ce2b:0x36a2e3b1c11c816","Amenities","Toilet","1"
"0x311d5fb11eb6ce2b:0x36a2e3b1c11c816","Planning","Appointments recommended","1"
"0x311d5fb11eb6ce2b:0x36a2e3b1c11c816","Payments","Credit cards","1"
"0x311d5fb11eb6ce2b:0x36a2e3b1c11c816","Payments","Debit cards","1"
"0x311d5fb11eb6ce2b:0x36a2e3b1c11c816","Payments","NFC mobile payments","1"
"0x311d5e232e2cb9d7:0xe46b2531822896a4","Amenities","Toilet","1"
"0x311d5e232e2cb9d7:0xe46b2531822896a4","Planning","Appointments recommended","1"
"0x311d5e232e2cb9d7:0xe46b2531822896a4","Payments","Credit cards","1"
"0x30e290c5e8bce733:0xa5d4a4516b55818a","Accessibility","Wheelchair-accessible car park","1"
"0x30e290c5e8bce733:0xa5d4a4516b55818a","Accessibility","Wheelchair-accessible entrance","1"
"0x30e290c5e8bce733:0xa5d4a4516b55818a","Accessibility","Wheelchair-accessible toilet","1"
"0x30e290c5e8bce733:0xa5d4a4516b55818a","Service options","No-contact delivery","1"
"0x30e290c5e8bce733:0xa5d4a4516b55818a","Service options","Delivery","1"
"0x30e290c5e8bce733:0xa5d4a4516b55818a","Service options","On-site services","1"
"0x30e290c5e8bce733:0xa5d4a4516b55818a","Highlights","Great produce","1"
"0x30e290c5e8bce733:0xa5d4a4516b55818a","Offerings","Food","1"
"0x30e290c5e8bce733:0xa5d4a4516b55818a","Amenities","Toilet","1"
"0x30e290c5e8bce733:0xa5d4a4516b55818a","Planning","Quick visit","1"
"0x30e290c5e8bce733:0xa5d4a4516b55818a","Recycling","Glass bottles","1"
"0x30e290c5e8bce733:0xa5d4a4516b55818a","Recycling","Metal cans","1"
"0x30e290c5e8bce733:0xa5d4a4516b55818a","Recycling","Plastic bags","1"
"0x30e290c5e8bce733:0xa5d4a4516b55818a","Payments","Credit cards","1"
"0x30e290c5e8bce733:0xa5d4a4516b55818a","Payments","Debit cards","1"
"0x30e290c5e8bce733:0xa5d4a4516b55818a","Payments","NFC mobile payments","1"
"0x30e290c5e8bce733:0xa5d4a4516b55818a","Parking","Free parking lot","1"
"0x30e290c5e8bce733:0xa5d4a4516b55818a","Parking","Paid parking lot","1"
"0x30e2a15924c17799:0x730c45240cfe7f05","Accessibility","Wheelchair-accessible seating","1"
"0x30e2a15924c17799:0x730c45240cfe7f05","Accessibility","Wheelchair-accessible toilet","1"
"0x30e2a15924c17799:0x730c45240cfe7f05","Offerings","Pediatric care","1"
"0x30e2a15924c17799:0x730c45240cfe7f05","Amenities","Toilet","1"
"0x30e2a15924c17799:0x730c45240cfe7f05","Crowd","LGBTQ+ friendly","1"
"0x30e2a15924c17799:0x730c45240cfe7f05","Crowd","Transgender safe space","1"
"0x30e2a15924c17799:0x730c45240cfe7f05","Planning","Appointment required","1"
"0x30e2a15924c17799:0x730c45240cfe7f05","Planning","Appointments recommended","1"
"0x30e2a15924c17799:0x730c45240cfe7f05","Children","Nursing room","1"
"0x311d656176c9997b:0xc0cb2d03f4d8243","Amenities","Toilet","1"
"0x311d656176c9997b:0xc0cb2d03f4d8243","Planning","Appointments recommended","1"
"0x311d656176c9997b:0xc0cb2d03f4d8243","Payments","NFC mobile payments","1"
"0x311d656176c9997b:0xc0cb2d03f4d8243","Parking","Free of charge street parking","1"
"0x311d656176c9997b:0xc0cb2d03f4d8243","Parking","Free parking lot","1"
"0x30e2a0b530976ae1:0x76ba981ecd5dbfdf","Amenities","Toilet","1"
"0x311d6707f79f4169:0xd1cfd15d7f26fa76","Amenities","Toilet","1"
"0x311d6707f79f4169:0xd1cfd15d7f26fa76","Planning","Appointments recommended","1"
"0x311d6707f79f4169:0xd1cfd15d7f26fa76","Payments","Credit cards","1"
"0x311d6707f79f4169:0xd1cfd15d7f26fa76","Payments","Debit cards","1"
"0x311d6707f79f4169:0xd1cfd15d7f26fa76","Payments","NFC mobile payments","1"
"0x311d647c85438af1:0xbb6b025eecc2031","Amenities","Toilet","1"
"0x311d647c85438af1:0xbb6b025eecc2031","Planning","Appointments recommended","1"
"0x311d647c85438af1:0xbb6b025eecc2031","Payments","Credit cards","1"
"0x311d647c85438af1:0xbb6b025eecc2031","Payments","NFC mobile payments","1"
"0x30e283c842c472c5:0x17e1c23d7bc1d86","Accessibility","Wheelchair-accessible toilet","1"
"0x30e283c842c472c5:0x17e1c23d7bc1d86","Amenities","Gender-neutral toilets","1"
"0x30e283c842c472c5:0x17e1c23d7bc1d86","Amenities","Toilet","1"
"0x30e283c842c472c5:0x17e1c23d7bc1d86","Crowd","LGBTQ+ friendly","1"
"0x30e283c842c472c5:0x17e1c23d7bc1d86","Crowd","Transgender safe space","1"
"0x30e283c842c472c5:0x17e1c23d7bc1d86","Planning","Appointments recommended","1"
"0x30e283c842c472c5:0x17e1c23d7bc1d86","Payments","Debit cards","1"
"0x30e283c842c472c5:0x17e1c23d7bc1d86","Payments","NFC mobile payments","1"
"0x30e283c842c472c5:0x17e1c23d7bc1d86","Payments","Credit cards","1"
"0x30e28250baf0e3e3:0x34ad1a5fb3d4ef76","Accessibility","Wheelchair-accessible car park","1"
"0x30e28250baf0e3e3:0x34ad1a5fb3d4ef76","Accessibility","Wheelchair-accessible entrance","1"
"0x30e28250baf0e3e3:0x34ad1a5fb3d4ef76","Offerings","Pediatric care","1"
"0x30e28250baf0e3e3:0x34ad1a5fb3d4ef76","Amenities","Toilet","1"
"0x30e28250baf0e3e3:0x34ad1a5fb3d4ef76","Payments","Credit cards","1"
"0x30e285006258d2ed:0xe10511637c063a23","Accessibility","Wheelchair-accessible car park","1"
"0x30e285006258d2ed:0xe10511637c063a23","Accessibility","Wheelchair-accessible entrance","1"
"0x30e285006258d2ed:0xe10511637c063a23","Amenities","Toilet","1"
"0x30e285006258d2ed:0xe10511637c063a23","Planning","Appointments recommended","1"
"0x30e285006258d2ed:0xe10511637c063a23","Payments","Credit cards","1"
"0x30e285006258d2ed:0xe10511637c063a23","Payments","Debit cards","1"
"0x30e285006258d2ed:0xe10511637c063a23","Payments","NFC mobile payments","1"
"0x30e285006258d2ed:0xe10511637c063a23","Parking","Free parking lot","1"
"0x30e285006258d2ed:0xe10511637c063a23","Parking","On-site parking","1"
"0x311d65c2c7903c2b:0x35474c17ecf00698","Amenities","Toilet","1"
"0x311d65c2c7903c2b:0x35474c17ecf00698","Planning","Appointments recommended","1"
"0x311d65c2c7903c2b:0x35474c17ecf00698","Payments","Credit cards","1"
"0x311d65c2c7903c2b:0x35474c17ecf00698","Payments","Debit cards","1"
"0x311d65c2c7903c2b:0x35474c17ecf00698","Payments","NFC mobile payments","1"
"0x30e28ff18147ae2b:0x14dcf9e72e343942","Amenities","Toilet","1"
"0x30e2bbda5a022c7b:0xfe17306cda1b25ae","Amenities","Toilet","1"
"0x30e2bbda5a022c7b:0xfe17306cda1b25ae","Planning","Appointment required","1"
"0x30e2bbda5a022c7b:0xfe17306cda1b25ae","Planning","Appointments recommended","1"
"0x311d646143c78b99:0xf485900a426716f7","Amenities","Toilet","1"
"0x311d646143c78b99:0xf485900a426716f7","Planning","Appointments recommended","1"
"0x311d7f08454ec98b:0x4b9e12b6f6f7be40","From the business","Identifies as women-owned","1"
"0x311d7f08454ec98b:0x4b9e12b6f6f7be40","Amenities","Toilet","1"
"0x311d7f08454ec98b:0x4b9e12b6f6f7be40","Crowd","Transgender safe space","1"
"0x311d7f08454ec98b:0x4b9e12b6f6f7be40","Planning","Appointment required","1"
"0x311d7f08454ec98b:0x4b9e12b6f6f7be40","Planning","Appointments recommended","1"
"0x311d7f08454ec98b:0x4b9e12b6f6f7be40","Payments","Debit cards","1"
"0x311d7f08454ec98b:0x4b9e12b6f6f7be40","Payments","NFC mobile payments","1"
"0x311d7f08454ec98b:0x4b9e12b6f6f7be40","Payments","Credit cards","1"
"0x311d66a5d17255d1:0x76490d8dc35201b0","From the business","Identifies as women-owned","1"
"0x311d66a5d17255d1:0x76490d8dc35201b0","Amenities","Toilet","1"
"0x311d66a5d17255d1:0x76490d8dc35201b0","Planning","Appointments recommended","1"
"0x311d59b83940f65f:0x3570c2b2d8f233a2","Amenities","Toilet","1"
"0x311d59b83940f65f:0x3570c2b2d8f233a2","Crowd","LGBTQ+ friendly","1"
"0x311d59b83940f65f:0x3570c2b2d8f233a2","Crowd","Transgender safe space","1"
"0x311d59b83940f65f:0x3570c2b2d8f233a2","Planning","Appointments recommended","1"
"0x311d59b83940f65f:0x3570c2b2d8f233a2","Payments","Credit cards","1"
"0x311d59b83940f65f:0x3570c2b2d8f233a2","Payments","Debit cards","1"
"0x311d59b83940f65f:0x3570c2b2d8f233a2","Payments","NFC mobile payments","1"
"0x30e28423247ea2d9:0x8cd4e89024e2d7d","Amenities","Toilet","1"
"0x30e28423247ea2d9:0x8cd4e89024e2d7d","Planning","Appointments recommended","1"
"0x30e295555a252da7:0x36847b59b4046f59","Accessibility","Wheelchair-accessible car park","1"
"0x30e295555a252da7:0x36847b59b4046f59","Accessibility","Wheelchair-accessible seating","1"
"0x30e295555a252da7:0x36847b59b4046f59","From the business","Identifies as women-owned","1"
"0x30e295555a252da7:0x36847b59b4046f59","Amenities","Toilet","1"
"0x30e295555a252da7:0x36847b59b4046f59","Planning","Appointments recommended","1"
"0x311d66a3395b2149:0x145349b7b3e0da70","Accessibility","Wheelchair-accessible car park","1"
"0x311d66a3395b2149:0x145349b7b3e0da70","Accessibility","Wheelchair-accessible entrance","1"
"0x311d66a3395b2149:0x145349b7b3e0da70","Payments","NFC mobile payments","1"
"0x30e2bf7996d20669:0xd598ffa92d67a480","Amenities","Toilet","1"
"0x30e2bbd5b9dd306d:0xdc20823094c5f56a","Amenities","Toilet","1"
"0x30e2bbd5b9dd306d:0xdc20823094c5f56a","Planning","Appointments recommended","1"
"0x30e2bbd5b9dd306d:0xdc20823094c5f56a","Payments","NFC mobile payments","1"
"0x30e2b900019dd8e3:0x5010a16f3059fe7b","Service options","On-site services","1"
"0x30e2b900019dd8e3:0x5010a16f3059fe7b","Offerings","Cosmetic dentistry","1"
"0x30e2b900019dd8e3:0x5010a16f3059fe7b","Offerings","Pediatric care","1"
"0x30e2b900019dd8e3:0x5010a16f3059fe7b","Amenities","Toilet","1"
"0x30e2b900019dd8e3:0x5010a16f3059fe7b","Crowd","LGBTQ+ friendly","1"
"0x30e2b900019dd8e3:0x5010a16f3059fe7b","Planning","Appointment required","1"
"0x30e2b900019dd8e3:0x5010a16f3059fe7b","Parking","Free multi-storey car park","1"
"0x30e2b900019dd8e3:0x5010a16f3059fe7b","Parking","Free parking lot","1"
"0x311d67aaf620c035:0x81c01dc3db15739a","Amenities","Toilet","1"
"0x311d67aaf620c035:0x81c01dc3db15739a","Planning","Appointments recommended","1"
"0x311d67aaf620c035:0x81c01dc3db15739a","Payments","NFC mobile payments","1"
"0x30e281e7bc374a63:0x9c93fc5813044bda","Accessibility","Wheelchair-accessible car park","1"
"0x30e281e7bc374a63:0x9c93fc5813044bda","Accessibility","Wheelchair-accessible entrance","1"
"0x30e281e7bc374a63:0x9c93fc5813044bda","Accessibility","Wheelchair-accessible toilet","1"
"0x30e281e7bc374a63:0x9c93fc5813044bda","Amenities","Gender-neutral toilets","1"
"0x30e281e7bc374a63:0x9c93fc5813044bda","Amenities","Toilet","1"
"0x30e281e7bc374a63:0x9c93fc5813044bda","Crowd","Transgender safe space","1"
"0x30e281e7bc374a63:0x9c93fc5813044bda","Planning","Appointment required","1"
"0x30e281e7bc374a63:0x9c93fc5813044bda","Planning","Appointments recommended","1"
"0x30e281e7bc374a63:0x9c93fc5813044bda","Payments","Credit cards","1"
"0x30e281e7bc374a63:0x9c93fc5813044bda","Payments","Debit cards","1"
"0x30e281e7bc374a63:0x9c93fc5813044bda","Payments","NFC mobile payments","1"
"0x311d7bd03187f7bb:0x35a9f34a6ebdbdbb","Accessibility","Wheelchair-accessible car park","1"
"0x311d7bd03187f7bb:0x35a9f34a6ebdbdbb","Accessibility","Wheelchair-accessible entrance","1"
"0x311d7bd03187f7bb:0x35a9f34a6ebdbdbb","From the business","Identifies as women-owned","1"
"0x311d7bd03187f7bb:0x35a9f34a6ebdbdbb","Amenities","Toilet","1"
"0x311d7bd03187f7bb:0x35a9f34a6ebdbdbb","Crowd","Transgender safe space","1"
"0x311d7bd03187f7bb:0x35a9f34a6ebdbdbb","Planning","Appointment required","1"
"0x311d7bd03187f7bb:0x35a9f34a6ebdbdbb","Planning","Appointments recommended","1"
"0x311d7bd03187f7bb:0x35a9f34a6ebdbdbb","Payments","Credit cards","1"
"0x311d7bd03187f7bb:0x35a9f34a6ebdbdbb","Payments","Debit cards","1"
"0x311d7bd03187f7bb:0x35a9f34a6ebdbdbb","Payments","NFC mobile payments","1"
"0x311d7bd03187f7bb:0x35a9f34a6ebdbdbb","Parking","Free parking lot","1"
"0x311d7bd03187f7bb:0x35a9f34a6ebdbdbb","Parking","On-site parking","1"
"0x311d7f07fd4a0277:0x3f9304235e92f159","From the business","Identifies as women-owned","1"
"0x311d7f07fd4a0277:0x3f9304235e92f159","Amenities","Toilet","1"
"0x311d7f07fd4a0277:0x3f9304235e92f159","Crowd","LGBTQ+ friendly","1"
"0x311d7f07fd4a0277:0x3f9304235e92f159","Crowd","Transgender safe space","1"
"0x311d7f07fd4a0277:0x3f9304235e92f159","Planning","Appointments recommended","1"
"0x311d7f07fd4a0277:0x3f9304235e92f159","Payments","Credit cards","1"
"0x311d7f07fd4a0277:0x3f9304235e92f159","Payments","Debit cards","1"
"0x311d7f07fd4a0277:0x3f9304235e92f159","Payments","NFC mobile payments","1"
"0x30e281de62796c13:0xa0ef8280f6cbb3ed","Amenities","Toilet","1"
"0x30e281de62796c13:0xa0ef8280f6cbb3ed","Planning","Appointments recommended","1"
"0x30e281de62796c13:0xa0ef8280f6cbb3ed","Payments","Debit cards","1"
"0x30e281de62796c13:0xa0ef8280f6cbb3ed","Payments","NFC mobile payments","1"
"0x30e285e8a543b225:0x3456d2f8b6061535","Accessibility","Wheelchair-accessible car park","1"
"0x30e285e8a543b225:0x3456d2f8b6061535","Service options","Delivery","1"
"0x30e285e8a543b225:0x3456d2f8b6061535","Service options","In-store pick-up","1"
"0x30e285e8a543b225:0x3456d2f8b6061535","Service options","In-store shopping","1"
"0x30e285e8a543b225:0x3456d2f8b6061535","Service options","On-site services","1"
"0x30e285e8a543b225:0x3456d2f8b6061535","Planning","Quick visit","1"
"0x30e285e8a543b225:0x3456d2f8b6061535","Payments","Credit cards","1"
"0x30e285e8a543b225:0x3456d2f8b6061535","Payments","Debit cards","1"
"0x30e285e8a543b225:0x3456d2f8b6061535","Payments","NFC mobile payments","1"
"0x30e285e8a543b225:0x3456d2f8b6061535","Payments","Credit cards","1"
"0x2f0bdf3e82d5d71d:0x9e3aa6e251d411c4","Accessibility","Wheelchair-accessible seating","1"
"0x2f0bdf3e82d5d71d:0x9e3aa6e251d411c4","Accessibility","Wheelchair-accessible toilet","1"
"0x2f0bdf3e82d5d71d:0x9e3aa6e251d411c4","From the business","Identifies as women-owned","1"
"0x2f0bdf3e82d5d71d:0x9e3aa6e251d411c4","Service options","On-site services","1"
"0x2f0bdf3e82d5d71d:0x9e3aa6e251d411c4","Amenities","Toilet","1"
"0x2f0bdf3e82d5d71d:0x9e3aa6e251d411c4","Crowd","Transgender safe space","1"
"0x2f0bdf3e82d5d71d:0x9e3aa6e251d411c4","Planning","Appointment required","1"
"0x2f0bdf3e82d5d71d:0x9e3aa6e251d411c4","Planning","Appointments recommended","1"
"0x2f0bdf3e82d5d71d:0x9e3aa6e251d411c4","Payments","NFC mobile payments","1"
"0x2f0bdf3e82d5d71d:0x9e3aa6e251d411c4","Children","Nursing room","1"
"0x30e2b91c3d8144b1:0xec75ee02dee8cdc5","Accessibility","Wheelchair-accessible car park","1"
"0x30e2b91c3d8144b1:0xec75ee02dee8cdc5","Offerings","Cosmetic dentistry","1"
"0x30e2b91c3d8144b1:0xec75ee02dee8cdc5","Amenities","Gender-neutral toilets","1"
"0x30e2b91c3d8144b1:0xec75ee02dee8cdc5","Amenities","Toilet","1"
"0x30e2b91c3d8144b1:0xec75ee02dee8cdc5","Planning","Appointments recommended","1"
"0x30e2b94e5da50a29:0xa833b3d386823a1e","Amenities","Toilet","1"
"0x30e2b94e5da50a29:0xa833b3d386823a1e","Planning","Appointments recommended","1"
"0x30e2b94e5da50a29:0xa833b3d386823a1e","Payments","NFC mobile payments","1"
"0x311d5d93f2be82cb:0x6bc727fa4471bfb4","Amenities","Toilet","1"
"0x311d5d93f2be82cb:0x6bc727fa4471bfb4","Planning","Appointments recommended","1"
"0x311d5d93f2be82cb:0x6bc727fa4471bfb4","Payments","Credit cards","1"
"0x311d5d93f2be82cb:0x6bc727fa4471bfb4","Payments","NFC mobile payments","1"
"0x311d7b7db614729d:0xd1247155b9c28680","Accessibility","Wheelchair-accessible entrance","1"
"0x311d7b7db614729d:0xd1247155b9c28680","Accessibility","Wheelchair-accessible toilet","1"
"0x311d7b7db614729d:0xd1247155b9c28680","Amenities","Gender-neutral toilets","1"
"0x311d7b7db614729d:0xd1247155b9c28680","Amenities","Toilet","1"
"0x311d7b7db614729d:0xd1247155b9c28680","Crowd","LGBTQ+ friendly","1"
"0x311d7b7db614729d:0xd1247155b9c28680","Crowd","Transgender safe space","1"
"0x311d7b7db614729d:0xd1247155b9c28680","Planning","Appointment required","1"
"0x311d7b7db614729d:0xd1247155b9c28680","Planning","Appointments recommended","1"
"0x311d7b7db614729d:0xd1247155b9c28680","Payments","Debit cards","1"
"0x311d7b7db614729d:0xd1247155b9c28680","Payments","NFC mobile payments","1"
"0x311d7b7db614729d:0xd1247155b9c28680","Payments","Credit cards","1"
"0x30e28f17a0a51dc3:0xb60ac45d37f89ab0","Accessibility","Wheelchair-accessible car park","1"
"0x30e28f17a0a51dc3:0xb60ac45d37f89ab0","Accessibility","Wheelchair-accessible entrance","1"
"0x30e28f17a0a51dc3:0xb60ac45d37f89ab0","Accessibility","Wheelchair-accessible toilet","1"
"0x30e28f17a0a51dc3:0xb60ac45d37f89ab0","Offerings","Arcade games","1"
"0x30e28f17a0a51dc3:0xb60ac45d37f89ab0","Amenities","Toilet","1"
"0x30e28f17a0a51dc3:0xb60ac45d37f89ab0","Payments","Credit cards","1"
"0x30e28f17a0a51dc3:0xb60ac45d37f89ab0","Payments","Debit cards","1"
"0x30e28f17a0a51dc3:0xb60ac45d37f89ab0","Payments","NFC mobile payments","1"
"0x30e28f17a0a51dc3:0xb60ac45d37f89ab0","Children","Has changing table(s)","1"
"0x30e28f17a0a51dc3:0xb60ac45d37f89ab0","Children","Playground","1"
"0x30e2bf6d1f6b9073:0x1a03e94fc286b81d","Accessibility","Wheelchair-accessible seating","1"
"0x30e2bf6d1f6b9073:0x1a03e94fc286b81d","Amenities","Gender-neutral toilets","1"
"0x30e2bf6d1f6b9073:0x1a03e94fc286b81d","Amenities","Toilet","1"
"0x30e2bf6d1f6b9073:0x1a03e94fc286b81d","Planning","Appointments recommended","1"
"0x30e2bf6d1f6b9073:0x1a03e94fc286b81d","Payments","NFC mobile payments","1"
"0x30e28f9eec7b5d57:0x7de548dec39e7382","Accessibility","Wheelchair-accessible seating","1"
"0x30e28f9eec7b5d57:0x7de548dec39e7382","Accessibility","Wheelchair-accessible toilet","1"
"0x30e28f9eec7b5d57:0x7de548dec39e7382","From the business","Identifies as women-owned","1"
"0x30e28f9eec7b5d57:0x7de548dec39e7382","Service options","On-site services","1"
"0x30e28f9eec7b5d57:0x7de548dec39e7382","Amenities","Gender-neutral toilets","1"
"0x30e28f9eec7b5d57:0x7de548dec39e7382","Amenities","Toilet","1"
"0x30e28f9eec7b5d57:0x7de548dec39e7382","Crowd","LGBTQ+ friendly","1"
"0x30e28f9eec7b5d57:0x7de548dec39e7382","Crowd","Transgender safe space","1"
"0x30e28f9eec7b5d57:0x7de548dec39e7382","Planning","Appointments recommended","1"
"0x30e28f9eec7b5d57:0x7de548dec39e7382","Parking","Free of charge street parking","1"
"0x30e28f9eec7b5d57:0x7de548dec39e7382","Parking","Free parking lot","1"
"0x30e28f9eec7b5d57:0x7de548dec39e7382","Parking","On-site parking","1"
"0x30e2b9b306fb5b97:0x618827341b1055b2","Accessibility","Wheelchair-accessible toilet","1"
"0x30e2b9b306fb5b97:0x618827341b1055b2","Amenities","Toilet","1"
"0x30e2b9b306fb5b97:0x618827341b1055b2","Planning","Appointments recommended","1"
"0x30e2b9b306fb5b97:0x618827341b1055b2","Payments","Credit cards","1"
"0x30e2b9b306fb5b97:0x618827341b1055b2","Payments","NFC mobile payments","1"
"0x311d6713a162104f:0x4d7810046ccad536","Accessibility","Wheelchair-accessible seating","1"
"0x311d6713a162104f:0x4d7810046ccad536","Accessibility","Wheelchair-accessible toilet","1"
"0x311d6713a162104f:0x4d7810046ccad536","From the business","Identifies as women-owned","1"
"0x311d6713a162104f:0x4d7810046ccad536","Amenities","Toilet","1"
"0x311d6713a162104f:0x4d7810046ccad536","Planning","Appointments recommended","1"
"0x311d6e2537f4b2cf:0xbb9dfb7717af0405","Accessibility","Wheelchair-accessible car park","1"
"0x311d6e2537f4b2cf:0xbb9dfb7717af0405","Accessibility","Wheelchair-accessible entrance","1"
"0x311d6e2537f4b2cf:0xbb9dfb7717af0405","Amenities","Toilet","1"
"0x311d6e2537f4b2cf:0xbb9dfb7717af0405","Planning","Appointments recommended","1"
"0x311d6e2537f4b2cf:0xbb9dfb7717af0405","Payments","Debit cards","1"
"0x311d6e2537f4b2cf:0xbb9dfb7717af0405","Payments","NFC mobile payments","1"
"0x311d6e2537f4b2cf:0xbb9dfb7717af0405","Payments","Credit cards","1"
"0x311d7fb125c17687:0xd5f461d5b8404ece","Accessibility","Wheelchair-accessible car park","1"
"0x311d7fb125c17687:0xd5f461d5b8404ece","Accessibility","Wheelchair-accessible entrance","1"
"0x311d7fb125c17687:0xd5f461d5b8404ece","Accessibility","Wheelchair-accessible seating","1"
"0x311d7fb125c17687:0xd5f461d5b8404ece","Accessibility","Wheelchair-accessible toilet","1"
"0x311d7fb125c17687:0xd5f461d5b8404ece","From the business","Identifies as women-owned","1"
"0x311d7fb125c17687:0xd5f461d5b8404ece","Offerings","Pediatric care","1"
"0x311d7fb125c17687:0xd5f461d5b8404ece","Amenities","Gender-neutral toilets","1"
"0x311d7fb125c17687:0xd5f461d5b8404ece","Amenities","Toilet","1"
"0x311d7fb125c17687:0xd5f461d5b8404ece","Crowd","LGBTQ+ friendly","1"
"0x311d7fb125c17687:0xd5f461d5b8404ece","Planning","Appointments recommended","1"
"0x311d7fb125c17687:0xd5f461d5b8404ece","Payments","Credit cards","1"
"0x311d7fb125c17687:0xd5f461d5b8404ece","Payments","Debit cards","1"
"0x311d7fb125c17687:0xd5f461d5b8404ece","Payments","NFC mobile payments","1"
"0x30e281dee7419343:0xf5fa61c0e870efa7","Accessibility","Wheelchair-accessible car park","1"
"0x30e281dee7419343:0xf5fa61c0e870efa7","Accessibility","Wheelchair-accessible entrance","1"
"0x30e281dee7419343:0xf5fa61c0e870efa7","Service options","On-site services","1"
"0x30e281dee7419343:0xf5fa61c0e870efa7","Amenities","Toilet","1"
"0x30e281dee7419343:0xf5fa61c0e870efa7","Crowd","LGBTQ+ friendly","1"
"0x30e281dee7419343:0xf5fa61c0e870efa7","Crowd","Transgender safe space","1"
"0x30e281dee7419343:0xf5fa61c0e870efa7","Planning","Appointment required","1"
"0x30e281dee7419343:0xf5fa61c0e870efa7","Planning","Appointments recommended","1"
"0x30e281dee7419343:0xf5fa61c0e870efa7","Payments","Credit cards","1"
"0x30e281dee7419343:0xf5fa61c0e870efa7","Payments","Debit cards","1"
"0x30e281dee7419343:0xf5fa61c0e870efa7","Payments","NFC mobile payments","1"
"0x30e281dee7419343:0xf5fa61c0e870efa7","Parking","Free parking lot","1"
"0x311d7c224f6152c1:0x182e3cc2f992643c","Accessibility","Wheelchair-accessible car park","1"
"0x311d7c224f6152c1:0x182e3cc2f992643c","Accessibility","Wheelchair-accessible entrance","1"
"0x311d7c224f6152c1:0x182e3cc2f992643c","Amenities","Toilet","1"
"0x311d7c224f6152c1:0x182e3cc2f992643c","Planning","Appointments recommended","1"
"0x30e2eaf5ebc79a11:0x945062ba61a5f8a7","Offerings","Pediatric care","1"
"0x30e2eaf5ebc79a11:0x945062ba61a5f8a7","Amenities","Toilet","1"
"0x30e2eaf5ebc79a11:0x945062ba61a5f8a7","Planning","Appointment required","1"
"0x30e2eaf5ebc79a11:0x945062ba61a5f8a7","Planning","Appointments recommended","1"
"0x30e2b9e441c49671:0x6d60378c26f755fa","Accessibility","Wheelchair-accessible toilet","1"
"0x30e2b9e441c49671:0x6d60378c26f755fa","Amenities","Toilet","1"
"0x30e2b9e441c49671:0x6d60378c26f755fa","Planning","Appointments recommended","1"
"0x311d6f5449ecd3d1:0x4235f5112a928a29","Amenities","Toilet","1"
"0x311d6f5449ecd3d1:0x4235f5112a928a29","Planning","Appointments recommended","1"
"0x311d7e3965c8d833:0x5537b77d2d4552a4","Amenities","Toilet","1"
"0x311d7e3965c8d833:0x5537b77d2d4552a4","Planning","Appointments recommended","1"
"0x311d7c3d02f94313:0xff20e4462e4e990d","Amenities","Toilet","1"
"0x311d7c3d02f94313:0xff20e4462e4e990d","Planning","Appointments recommended","1"
"0x311d7c3d02f94313:0xff20e4462e4e990d","Payments","NFC mobile payments","1"
"0x30e2810a3c33f1d3:0x633ad8642c0a2c8e","Accessibility","Wheelchair-accessible car park","1"
"0x30e2810a3c33f1d3:0x633ad8642c0a2c8e","Amenities","Toilet","1"
"0x30e2810a3c33f1d3:0x633ad8642c0a2c8e","Planning","Appointments recommended","1"
"0x30e2810a3c33f1d3:0x633ad8642c0a2c8e","Payments","Credit cards","1"
"0x30e2810a3c33f1d3:0x633ad8642c0a2c8e","Payments","Debit cards","1"
"0x30e2810a3c33f1d3:0x633ad8642c0a2c8e","Payments","NFC mobile payments","1"
"0x30e2810a3c33f1d3:0x633ad8642c0a2c8e","Payments","Credit cards","1"
"0x30e2819bb0dc75df:0x29185ed3a8917a50","Accessibility","Wheelchair-accessible toilet","1"
"0x30e2819bb0dc75df:0x29185ed3a8917a50","Amenities","Toilet","1"
"0x30e2819bb0dc75df:0x29185ed3a8917a50","Planning","Appointments recommended","1"
"0x30e2819bb0dc75df:0x29185ed3a8917a50","Payments","Credit cards","1"
"0x30e2819bb0dc75df:0x29185ed3a8917a50","Payments","NFC mobile payments","1"
"0x311d43eec04a1dd3:0xd95d6a55bfc5696e","Amenities","Toilet","1"
"0x311d43eec04a1dd3:0xd95d6a55bfc5696e","Planning","Appointments recommended","1"
"0x311d43eec04a1dd3:0xd95d6a55bfc5696e","Payments","Credit cards","1"
"0x311d43eec04a1dd3:0xd95d6a55bfc5696e","Payments","Debit cards","1"
"0x311d43eec04a1dd3:0xd95d6a55bfc5696e","Payments","NFC mobile payments","1"
"0x311d613fddb9cb4b:0x89b39305112f43ae","Amenities","Toilet","1"
"0x311d613fddb9cb4b:0x89b39305112f43ae","Planning","Appointments recommended","1"
"0x311d613fddb9cb4b:0x89b39305112f43ae","Payments","NFC mobile payments","1"
"0x30e291de9c2f13c1:0x889341be194fc666","Amenities","Toilet","1"
"0x30e291de9c2f13c1:0x889341be194fc666","Planning","Appointment required","1"
"0x30e291de9c2f13c1:0x889341be194fc666","Planning","Appointments recommended","1"
"0x30e284f0d987e0a7:0x3e96656739fa7b72","Amenities","Toilet","1"
"0x30e284f0d987e0a7:0x3e96656739fa7b72","Planning","Appointments recommended","1"
"0x30e283696aabe5dd:0x640bc81310dd0da3","Service options","On-site services","1"
"0x30e283696aabe5dd:0x640bc81310dd0da3","Amenities","Gender-neutral toilets","1"
"0x30e283696aabe5dd:0x640bc81310dd0da3","Amenities","Toilet","1"
"0x30e283696aabe5dd:0x640bc81310dd0da3","Planning","Appointment required","1"
"0x30e283696aabe5dd:0x640bc81310dd0da3","Planning","Appointments recommended","1"
"0x30e283696aabe5dd:0x640bc81310dd0da3","Children","Nursing room","1"
"0x30e283696aabe5dd:0x640bc81310dd0da3","Parking","Free parking lot","1"
"0x30e283696aabe5dd:0x640bc81310dd0da3","Parking","On-site parking","1"
"0x311d5fd368a648fd:0x44a2d22a9f4beede","Accessibility","Wheelchair-accessible car park","1"
"0x311d5fd368a648fd:0x44a2d22a9f4beede","Accessibility","Wheelchair-accessible entrance","1"
"0x311d62e175dcc24f:0x97d2c903559861fd","Amenities","Toilet","1"
"0x311d62e175dcc24f:0x97d2c903559861fd","Planning","Appointment required","1"
"0x311d62e175dcc24f:0x97d2c903559861fd","Planning","Appointments recommended","1"
"0x30e29155cab69d6f:0x3e4e7569429d6da6","Amenities","Toilet","1"
"0x30e29155cab69d6f:0x3e4e7569429d6da6","Planning","Appointments recommended","1"
"0x30e29155cab69d6f:0x3e4e7569429d6da6","Payments","Credit cards","1"
"0x30e29155cab69d6f:0x3e4e7569429d6da6","Payments","Debit cards","1"
"0x30e29155cab69d6f:0x3e4e7569429d6da6","Payments","NFC mobile payments","1"
"0x30e290446038e513:0x5dd7cba239f415ad","Accessibility","Wheelchair-accessible car park","1"
"0x30e290446038e513:0x5dd7cba239f415ad","Accessibility","Wheelchair-accessible entrance","1"
"0x30e290446038e513:0x5dd7cba239f415ad","Accessibility","Wheelchair-accessible toilet","1"
"0x30e290446038e513:0x5dd7cba239f415ad","Offerings","Medication disposal","1"
"0x30e290446038e513:0x5dd7cba239f415ad","Amenities","Toilet","1"
"0x30e290446038e513:0x5dd7cba239f415ad","Payments","Credit cards","1"
"0x30e290446038e513:0x5dd7cba239f415ad","Payments","Debit cards","1"
"0x30e290446038e513:0x5dd7cba239f415ad","Payments","NFC mobile payments","1"
"0x30e29475d4b91737:0xee46d1b5083c117b","Accessibility","Wheelchair-accessible car park","1"
"0x30e29475d4b91737:0xee46d1b5083c117b","Accessibility","Wheelchair-accessible entrance","1"
"0x30e29475d4b91737:0xee46d1b5083c117b","Accessibility","Wheelchair-accessible toilet","1"
"0x30e29475d4b91737:0xee46d1b5083c117b","Amenities","Toilet","1"
"0x30e29475d4b91737:0xee46d1b5083c117b","Planning","Appointments recommended","1"
"0x30e29475d4b91737:0xee46d1b5083c117b","Payments","Credit cards","1"
"0x30e29475d4b91737:0xee46d1b5083c117b","Payments","Debit cards","1"
"0x30e29475d4b91737:0xee46d1b5083c117b","Payments","NFC mobile payments","1"
"0x311d5cfb60b21e27:0xf6ede00b10861bbb","Service options","On-site services","1"
"0x311d5cfb60b21e27:0xf6ede00b10861bbb","Amenities","Toilet","1"
"0x311d5cfb60b21e27:0xf6ede00b10861bbb","Planning","Appointment required","1"
"0x311d5cfb60b21e27:0xf6ede00b10861bbb","Planning","Appointments recommended","1"
"0x311d5cfb60b21e27:0xf6ede00b10861bbb","Payments","NFC mobile payments","1"
"0x311d7bf050509f9f:0x1997bf8319be6465","Accessibility","Wheelchair-accessible seating","1"
"0x311d7bf050509f9f:0x1997bf8319be6465","Accessibility","Wheelchair-accessible toilet","1"
"0x311d7bf050509f9f:0x1997bf8319be6465","From the business","Identifies as women-owned","1"
"0x311d7bf050509f9f:0x1997bf8319be6465","Amenities","Gender-neutral toilets","1"
"0x311d7bf050509f9f:0x1997bf8319be6465","Amenities","Toilet","1"
"0x311d7bf050509f9f:0x1997bf8319be6465","Crowd","LGBTQ+ friendly","1"
"0x311d7bf050509f9f:0x1997bf8319be6465","Crowd","Transgender safe space","1"
"0x311d7bf050509f9f:0x1997bf8319be6465","Planning","Appointment required","1"
"0x311d7bf050509f9f:0x1997bf8319be6465","Planning","Appointments recommended","1"
"0x311d7bf050509f9f:0x1997bf8319be6465","Payments","Credit cards","1"
"0x311d7bf050509f9f:0x1997bf8319be6465","Payments","Debit cards","1"
"0x311d7bf050509f9f:0x1997bf8319be6465","Payments","NFC mobile payments","1"
"0x311d7bf050509f9f:0x1997bf8319be6465","Children","Nursing room","1"
"0x311d7bf050509f9f:0x1997bf8319be6465","Parking","Free of charge street parking","1"
"0x311d7bf050509f9f:0x1997bf8319be6465","Parking","Free parking lot","1"
"0x311d7bf050509f9f:0x1997bf8319be6465","Parking","On-site parking","1"
"0x311d7dddb6e26b35:0x64b201d4323543d","Amenities","Toilet","1"
"0x311d7dddb6e26b35:0x64b201d4323543d","Planning","Appointments recommended","1"
"0x311d7dddb6e26b35:0x64b201d4323543d","Payments","Credit cards","1"
"0x311d7dddb6e26b35:0x64b201d4323543d","Payments","Debit cards","1"
"0x311d7dddb6e26b35:0x64b201d4323543d","Payments","NFC mobile payments","1"
"0x311d7d086e897b11:0x41d897de6d3875b5","Amenities","Toilet","1"
"0x311d7d086e897b11:0x41d897de6d3875b5","Planning","Appointments recommended","1"
"0x30e281d10a956a0d:0x946fa2c41257b209","Accessibility","Wheelchair-accessible toilet","1"
"0x30e281d10a956a0d:0x946fa2c41257b209","Offerings","Pediatric care","1"
"0x30e281d10a956a0d:0x946fa2c41257b209","Amenities","Toilet","1"
"0x30e281d10a956a0d:0x946fa2c41257b209","Planning","Appointments recommended","1"
"0x30e281d10a956a0d:0x946fa2c41257b209","Payments","Credit cards","1"
"0x30e281d10a956a0d:0x946fa2c41257b209","Payments","Debit cards","1"
"0x30e281d10a956a0d:0x946fa2c41257b209","Payments","NFC mobile payments","1"
"0x311d5f0f293742f7:0xcf9bd2a112b961c0","Accessibility","Wheelchair-accessible car park","1"
"0x311d5f0f293742f7:0xcf9bd2a112b961c0","Accessibility","Wheelchair-accessible entrance","1"
"0x311d5f0f293742f7:0xcf9bd2a112b961c0","Service options","Delivery","1"
"0x311d5f0f293742f7:0xcf9bd2a112b961c0","Service options","On-site services","1"
"0x311d5f0f293742f7:0xcf9bd2a112b961c0","Planning","Quick visit","1"
"0x311d5f0f293742f7:0xcf9bd2a112b961c0","Payments","Credit cards","1"
"0x311d5f0f293742f7:0xcf9bd2a112b961c0","Payments","Debit cards","1"
"0x311d5f0f293742f7:0xcf9bd2a112b961c0","Payments","NFC mobile payments","1"
"0x311d5f0f293742f7:0xcf9bd2a112b961c0","Payments","Credit cards","1"
"0x311d7d0a810183ef:0xadc037882eac0a7e","Accessibility","Wheelchair-accessible seating","1"
"0x311d7d0a810183ef:0xadc037882eac0a7e","Service options","On-site services","1"
"0x311d7d0a810183ef:0xadc037882eac0a7e","Offerings","Cosmetic dentistry","1"
"0x311d7d0a810183ef:0xadc037882eac0a7e","Offerings","Emergency services","1"
"0x311d7d0a810183ef:0xadc037882eac0a7e","Offerings","Pediatric care","1"
"0x311d7d0a810183ef:0xadc037882eac0a7e","Offerings","Sedation dentistry","1"
"0x311d7d0a810183ef:0xadc037882eac0a7e","Amenities","Gender-neutral toilets","1"
"0x311d7d0a810183ef:0xadc037882eac0a7e","Amenities","Toilet","1"
"0x311d7d0a810183ef:0xadc037882eac0a7e","Crowd","LGBTQ+ friendly","1"
"0x311d7d0a810183ef:0xadc037882eac0a7e","Crowd","Transgender safe space","1"
"0x311d7d0a810183ef:0xadc037882eac0a7e","Payments","Credit cards","1"
"0x311d7d0a810183ef:0xadc037882eac0a7e","Payments","Debit cards","1"
"0x311d7d0a810183ef:0xadc037882eac0a7e","Payments","NFC mobile payments","1"
"0x311d7d0a810183ef:0xadc037882eac0a7e","Payments","Payment plans","1"
"0x311d7d0a810183ef:0xadc037882eac0a7e","Payments","Credit cards","1"
"0x311d7d0a810183ef:0xadc037882eac0a7e","Children","Nursing room","1"
"0x311d7d0a810183ef:0xadc037882eac0a7e","Parking","Free multi-storey car park","1"
"0x311d7d0a810183ef:0xadc037882eac0a7e","Parking","Free parking lot","1"
"0x311d7d0a810183ef:0xadc037882eac0a7e","Parking","On-site parking","1"
"0x311d650039b64cf3:0x3ca442d8843a6dba","From the business","Identifies as women-owned","1"
"0x311d650039b64cf3:0x3ca442d8843a6dba","Amenities","Toilet","1"
"0x311d650039b64cf3:0x3ca442d8843a6dba","Crowd","LGBTQ+ friendly","1"
"0x311d650039b64cf3:0x3ca442d8843a6dba","Crowd","Transgender safe space","1"
"0x311d650039b64cf3:0x3ca442d8843a6dba","Planning","Appointment required","1"
"0x311d650039b64cf3:0x3ca442d8843a6dba","Planning","Appointments recommended","1"
"0x311d650039b64cf3:0x3ca442d8843a6dba","Payments","NFC mobile payments","1"
"0x311d650039b64cf3:0x3ca442d8843a6dba","Parking","Free parking lot","1"
"0x311d650039b64cf3:0x3ca442d8843a6dba","Parking","On-site parking","1"
"0x311d7fe7b2e1d09d:0xc44a90517f1c3635","From the business","Identifies as women-owned","1"
"0x311d7fe7b2e1d09d:0xc44a90517f1c3635","Amenities","Gender-neutral toilets","1"
"0x311d7fe7b2e1d09d:0xc44a90517f1c3635","Amenities","Toilet","1"
"0x311d7fe7b2e1d09d:0xc44a90517f1c3635","Planning","Appointments recommended","1"
"0x311d7fe7b2e1d09d:0xc44a90517f1c3635","Payments","Debit cards","1"
"0x311d7fe7b2e1d09d:0xc44a90517f1c3635","Payments","NFC mobile payments","1"
"0x311d7fe7b2e1d09d:0xc44a90517f1c3635","Payments","Credit cards","1"
"0x311d65c1d16ee1bb:0x32a06b94ddcf183b","Amenities","Toilet","1"
"0x311d65c1d16ee1bb:0x32a06b94ddcf183b","Planning","Appointment required","1"
"0x311d65c1d16ee1bb:0x32a06b94ddcf183b","Planning","Appointments recommended","1"
"0x311d6500331b5a33:0x386b1fdee0f64de","Amenities","Toilet","1"
"0x311d654e3c6c7765:0x434822fd53d73796","Accessibility","Wheelchair-accessible car park","1"
"0x311d654e3c6c7765:0x434822fd53d73796","Accessibility","Wheelchair-accessible entrance","1"
"0x311d654e3c6c7765:0x434822fd53d73796","Accessibility","Wheelchair-accessible toilet","1"
"0x311d654e3c6c7765:0x434822fd53d73796","Amenities","Toilet","1"
"0x311d654e3c6c7765:0x434822fd53d73796","Planning","Appointments recommended","1"
"0x311d7d001ace624f:0x59710827ba9a29c3","Amenities","Toilet","1"
"0x311d7d001ace624f:0x59710827ba9a29c3","Planning","Appointments recommended","1"
"0x311d7d001ace624f:0x59710827ba9a29c3","Payments","Debit cards","1"
"0x311d7d001ace624f:0x59710827ba9a29c3","Payments","NFC mobile payments","1"
"0x30e285cfed14e261:0x395ab50151fe658f","Amenities","Toilet","1"
"0x30e285cfed14e261:0x395ab50151fe658f","Planning","Appointment required","1"
"0x30e285cfed14e261:0x395ab50151fe658f","Planning","Appointments recommended","1"
"0x30e285cfed14e261:0x395ab50151fe658f","Payments","Credit cards","1"
"0x30e285cfed14e261:0x395ab50151fe658f","Payments","Debit cards","1"
"0x30e285cfed14e261:0x395ab50151fe658f","Payments","NFC mobile payments","1"
"0x30e28f1d927735d7:0xfdf94b8a7a73fe7a","Accessibility","Wheelchair-accessible car park","1"
"0x30e28f1d927735d7:0xfdf94b8a7a73fe7a","Accessibility","Wheelchair-accessible entrance","1"
"0x30e28f1d927735d7:0xfdf94b8a7a73fe7a","Service options","Delivery","1"
"0x30e28f1d927735d7:0xfdf94b8a7a73fe7a","Service options","In-store pick-up","1"
"0x30e28f1d927735d7:0xfdf94b8a7a73fe7a","Service options","In-store shopping","1"
"0x30e28f1d927735d7:0xfdf94b8a7a73fe7a","Planning","Quick visit","1"
"0x30e28f1d927735d7:0xfdf94b8a7a73fe7a","Payments","Credit cards","1"
"0x30e28f1d927735d7:0xfdf94b8a7a73fe7a","Payments","Debit cards","1"
"0x30e28f1d927735d7:0xfdf94b8a7a73fe7a","Payments","NFC mobile payments","1"
"0x30e28f1d927735d7:0xfdf94b8a7a73fe7a","Payments","Credit cards","1"
"0x311d59740470811f:0x511e42176cbb402f","Amenities","Toilet","1"
"0x311d59740470811f:0x511e42176cbb402f","Payments","Credit cards","1"
"0x311d59740470811f:0x511e42176cbb402f","Payments","NFC mobile payments","1"
"0x311d66a0272c18f5:0x62d167c056446c9e","Amenities","Toilet","1"
"0x311d66a0272c18f5:0x62d167c056446c9e","Planning","Appointments recommended","1"
"0x311d66a0272c18f5:0x62d167c056446c9e","Payments","NFC mobile payments","1"
"0x311d7c51b8e0430d:0xd701935546d33a58","Amenities","Toilet","1"
"0x311d7c51b8e0430d:0xd701935546d33a58","Planning","Appointments recommended","1"
"0x30e2b93f9f56ccb9:0x8ab3f24724c6b1a","Amenities","Toilet","1"
"0x30e2b93f9f56ccb9:0x8ab3f24724c6b1a","Planning","Appointments recommended","1"
"0x311d676da07b88c3:0x7402f8b9e4212f2d","Amenities","Gender-neutral toilets","1"
"0x311d676da07b88c3:0x7402f8b9e4212f2d","Amenities","Toilet","1"
"0x311d676da07b88c3:0x7402f8b9e4212f2d","Crowd","LGBTQ+ friendly","1"
"0x311d676da07b88c3:0x7402f8b9e4212f2d","Crowd","Transgender safe space","1"
"0x311d676da07b88c3:0x7402f8b9e4212f2d","Planning","Appointments recommended","1"
"0x311d676da07b88c3:0x7402f8b9e4212f2d","Payments","NFC mobile payments","1"
"0x311d64614146e4a5:0x35b8b94e12d477b9","Accessibility","Wheelchair-accessible car park","1"
"0x311d64614146e4a5:0x35b8b94e12d477b9","Amenities","Toilet","1"
"0x311d64614146e4a5:0x35b8b94e12d477b9","Planning","Appointments recommended","1"
"0x311d63dbf1932077:0xcc6a39bea337fa3c","Amenities","Toilet","1"
"0x311d63dbf1932077:0xcc6a39bea337fa3c","Planning","Appointments recommended","1"
"0x311d63dbf1932077:0xcc6a39bea337fa3c","Payments","Debit cards","1"
"0x311d63dbf1932077:0xcc6a39bea337fa3c","Payments","Credit cards","1"
"0x311d63dbf1932077:0xcc6a39bea337fa3c","Parking","On-site parking","1"
"0x311d63f940263785:0x96962b7a46a94f92","Accessibility","Wheelchair-accessible entrance","1"
"0x311d6300550af8dd:0x9ea49074c3734fd","Amenities","Toilet","1"
"0x311d6300550af8dd:0x9ea49074c3734fd","Planning","Appointments recommended","1"
"0x30e284d093fdfd73:0x7c07a9441e0cdcad","Amenities","Toilet","1"
"0x30e284d093fdfd73:0x7c07a9441e0cdcad","Planning","Appointments recommended","1"
"0x30e296408892af91:0xc345605412be185c","Amenities","Toilet","1"
"0x30e296408892af91:0xc345605412be185c","Planning","Appointments recommended","1"
"0x30e296408892af91:0xc345605412be185c","Payments","Credit cards","1"
"0x30e296408892af91:0xc345605412be185c","Payments","Debit cards","1"
"0x30e296408892af91:0xc345605412be185c","Payments","NFC mobile payments","1"
"0x311d5f1424d4d3bb:0x44db98d4227f527f","Amenities","Toilet","1"
"0x311d5f1424d4d3bb:0x44db98d4227f527f","Planning","Appointments recommended","1"
"0x311d5dffb77b5639:0x6a6ae43a308b3d1d","Accessibility","Wheelchair-accessible car park","1"
"0x311d5dffb77b5639:0x6a6ae43a308b3d1d","Accessibility","Wheelchair-accessible toilet","1"
"0x311d5dffb77b5639:0x6a6ae43a308b3d1d","Amenities","Toilet","1"
"0x311d5dffb77b5639:0x6a6ae43a308b3d1d","Crowd","LGBTQ+ friendly","1"
"0x311d5dffb77b5639:0x6a6ae43a308b3d1d","Crowd","Transgender safe space","1"
"0x311d5dffb77b5639:0x6a6ae43a308b3d1d","Planning","Appointment required","1"
"0x311d5dffb77b5639:0x6a6ae43a308b3d1d","Planning","Appointments recommended","1"
"0x311d5dffb77b5639:0x6a6ae43a308b3d1d","Payments","Debit cards","1"
"0x311d5dffb77b5639:0x6a6ae43a308b3d1d","Payments","NFC mobile payments","1"
"0x311d671e8aeb3773:0x9978a86844f9df3f","Amenities","Toilet","1"
"0x311d671e8aeb3773:0x9978a86844f9df3f","Planning","Appointments recommended","1"
"0x311d5db708360187:0x904c6e3256377a4b","Accessibility","Wheelchair-accessible toilet","1"
"0x311d5db708360187:0x904c6e3256377a4b","Amenities","Toilet","1"
"0x311d5db708360187:0x904c6e3256377a4b","Planning","Appointments recommended","1"
"0x311d5db708360187:0x904c6e3256377a4b","Payments","Credit cards","1"
"0x311d5db708360187:0x904c6e3256377a4b","Payments","Debit cards","1"
"0x311d5db708360187:0x904c6e3256377a4b","Payments","NFC mobile payments","1"
"0x311d5db708360187:0x904c6e3256377a4b","Payments","Credit cards","1"
"0x30e282990d278aa1:0xbd22abc2a0544436","Amenities","Toilet","1"
"0x30e282990d278aa1:0xbd22abc2a0544436","Payments","Debit cards","1"
"0x30e282990d278aa1:0xbd22abc2a0544436","Payments","Credit cards","1"
"0x30e2825b29a521e7:0x5bccd69e3851c38","Accessibility","Wheelchair-accessible entrance","1"
"0x30e2825b29a521e7:0x5bccd69e3851c38","Accessibility","Wheelchair-accessible toilet","1"
"0x30e2825b29a521e7:0x5bccd69e3851c38","Amenities","Toilet","1"
"0x30e2825b29a521e7:0x5bccd69e3851c38","Planning","Appointments recommended","1"
"0x30e2825b29a521e7:0x5bccd69e3851c38","Payments","Credit cards","1"
"0x30e2825b29a521e7:0x5bccd69e3851c38","Payments","Debit cards","1"
"0x30e2825b29a521e7:0x5bccd69e3851c38","Payments","NFC mobile payments","1"
"0x30e282f43490a0a9:0x3451db0ecb76a08","Amenities","Toilet","1"
"0x30e283006ad9047f:0x367279e9d280bdcd","Amenities","Toilet","1"
"0x30e283006ad9047f:0x367279e9d280bdcd","Planning","Appointments recommended","1"
"0x30e2824fe9885217:0x647a9aa2621879e2","Accessibility","Wheelchair-accessible car park","1"
"0x30e2824fe9885217:0x647a9aa2621879e2","Amenities","Toilet","1"
"0x30e2824fe9885217:0x647a9aa2621879e2","Planning","Appointments recommended","1"
"0x30e2824fe9885217:0x647a9aa2621879e2","Payments","Credit cards","1"
"0x30e2824fe9885217:0x647a9aa2621879e2","Payments","Debit cards","1"
"0x30e2824fe9885217:0x647a9aa2621879e2","Payments","NFC mobile payments","1"
"0x30e2824fe9885217:0x647a9aa2621879e2","Payments","Credit cards","1"
"0x30e284f0fab35597:0x33aeab498a52475","Accessibility","Wheelchair-accessible entrance","1"
"0x30e284f0fab35597:0x33aeab498a52475","Accessibility","Assistive hearing loop","1"
"0x30e284f0fab35597:0x33aeab498a52475","Accessibility","Wheelchair-accessible car park","1"
"0x30e284f0fab35597:0x33aeab498a52475","Accessibility","Wheelchair-accessible seating","1"
"0x30e284f0fab35597:0x33aeab498a52475","Accessibility","Wheelchair-accessible toilet","1"
"0x30e284f0fab35597:0x33aeab498a52475","Service options","On-site services","1"
"0x30e284f0fab35597:0x33aeab498a52475","Offerings","Cosmetic dentistry","1"
"0x30e284f0fab35597:0x33aeab498a52475","Offerings","Emergency services","1"
"0x30e284f0fab35597:0x33aeab498a52475","Amenities","Gender-neutral toilets","1"
"0x30e284f0fab35597:0x33aeab498a52475","Amenities","Toilet","1"
"0x30e284f0fab35597:0x33aeab498a52475","Crowd","LGBTQ+ friendly","1"
"0x30e284f0fab35597:0x33aeab498a52475","Crowd","Transgender safe space","1"
"0x30e284f0fab35597:0x33aeab498a52475","Planning","Appointment required","1"
"0x30e284f0fab35597:0x33aeab498a52475","Planning","Appointments recommended","1"
"0x30e284f0fab35597:0x33aeab498a52475","Payments","NFC mobile payments","1"
"0x30e284f0fab35597:0x33aeab498a52475","Parking","Paid parking lot","1"
"0x30e2a78b16d4c6f7:0xe411152077fca225","Amenities","Toilet","1"
"0x30e2a78b16d4c6f7:0xe411152077fca225","Planning","Appointments recommended","1"
"0x30e2a78b16d4c6f7:0xe411152077fca225","Payments","NFC mobile payments","1"
"0x30e297c637e0b41f:0x9b06ce4b8e83de9f","Accessibility","Wheelchair-accessible car park","1"
"0x30e297c637e0b41f:0x9b06ce4b8e83de9f","Accessibility","Wheelchair-accessible entrance","1"
"0x30e297c637e0b41f:0x9b06ce4b8e83de9f","Amenities","Toilet","1"
"0x30e297c637e0b41f:0x9b06ce4b8e83de9f","Planning","Appointments recommended","1"
"0x311d59692c66fb91:0x1007f805424c9a20","From the business","Identifies as women-owned","1"
"0x311d59692c66fb91:0x1007f805424c9a20","Amenities","Gender-neutral toilets","1"
"0x311d59692c66fb91:0x1007f805424c9a20","Amenities","Toilet","1"
"0x311d59692c66fb91:0x1007f805424c9a20","Crowd","LGBTQ+ friendly","1"
"0x311d59692c66fb91:0x1007f805424c9a20","Crowd","Transgender safe space","1"
"0x311d59692c66fb91:0x1007f805424c9a20","Planning","Appointment required","1"
"0x311d59692c66fb91:0x1007f805424c9a20","Planning","Appointments recommended","1"
"0x311d59692c66fb91:0x1007f805424c9a20","Payments","Credit cards","1"
"0x311d59692c66fb91:0x1007f805424c9a20","Payments","Debit cards","1"
"0x311d59692c66fb91:0x1007f805424c9a20","Payments","NFC mobile payments","1"
"0x311d59692c66fb91:0x1007f805424c9a20","Parking","Free parking lot","1"
"0x311d59692c66fb91:0x1007f805424c9a20","Parking","On-site parking","1"
"0x30e281569150d283:0xf28f40ef9ca5b54","Amenities","Toilet","1"
"0x30e281569150d283:0xf28f40ef9ca5b54","Crowd","LGBTQ+ friendly","1"
"0x30e281569150d283:0xf28f40ef9ca5b54","Crowd","Transgender safe space","1"
"0x30e281569150d283:0xf28f40ef9ca5b54","Planning","Appointments recommended","1"
"0x30e281569150d283:0xf28f40ef9ca5b54","Payments","Credit cards","1"
"0x30e281569150d283:0xf28f40ef9ca5b54","Payments","Debit cards","1"
"0x30e281569150d283:0xf28f40ef9ca5b54","Payments","NFC mobile payments","1"
"0x30e297a7603cd7df:0xcf66f64dd36cd036","Accessibility","Wheelchair-accessible car park","1"
"0x30e297a7603cd7df:0xcf66f64dd36cd036","Accessibility","Wheelchair-accessible entrance","1"
"0x311d7d98649b1b87:0x3ce88b91fb6c0143","Accessibility","Wheelchair-accessible car park","1"
"0x311d7d98649b1b87:0x3ce88b91fb6c0143","Amenities","Toilet","1"
"0x311d7d98649b1b87:0x3ce88b91fb6c0143","Planning","Appointments recommended","1"
"0x30e2950459b0320f:0x1584937fc7cbde54","Amenities","Toilet","1"
"0x30e2950459b0320f:0x1584937fc7cbde54","Planning","Appointments recommended","1"
"0x30e2950459b0320f:0x1584937fc7cbde54","Payments","NFC mobile payments","1"
"0x30e2960596188113:0xaea65c0413cdff86","Amenities","Toilet","1"
"0x30e2902418940a83:0xf391ac0ffd0de3a5","Amenities","Toilet","1"
"0x30e2902418940a83:0xf391ac0ffd0de3a5","Planning","Appointments recommended","1"
"0x30e2902418940a83:0xf391ac0ffd0de3a5","Payments","NFC mobile payments","1"
"0x30e291b395ac62f7:0x67111ea7def70d03","Accessibility","Wheelchair-accessible car park","1"
"0x30e291b395ac62f7:0x67111ea7def70d03","Accessibility","Wheelchair-accessible toilet","1"
"0x30e291b395ac62f7:0x67111ea7def70d03","Amenities","Toilet","1"
"0x30e291b395ac62f7:0x67111ea7def70d03","Planning","Appointments recommended","1"
"0x30e291b395ac62f7:0x67111ea7def70d03","Payments","NFC mobile payments","1"
"0x30e29acbf9887045:0x1afaaf648d7a1c04","Payments","Credit cards","1"
"0x30e29acbf9887045:0x1afaaf648d7a1c04","Payments","Debit cards","1"
"0x30e29acbf9887045:0x1afaaf648d7a1c04","Payments","NFC mobile payments","1"
"0x30e29acbf9887045:0x1afaaf648d7a1c04","Payments","Credit cards","1"
"0x30e29acbf9887045:0x1afaaf648d7a1c04","Parking","Free parking garage","1"
"0x30e284f3aa0baa8d:0xe712d7a8bfa1bf30","Amenities","Toilet","1"
"0x30e284f3aa0baa8d:0xe712d7a8bfa1bf30","Planning","Appointments recommended","1"
"0x30e281809e731249:0xd5053bca1b149fbc","Amenities","Toilet","1"
"0x30e281809e731249:0xd5053bca1b149fbc","Payments","NFC mobile payments","1"
"0x311d5fc08a02e46d:0x89912852fba5bdbe","Amenities","Restroom","1"
"0x311d5fc08a02e46d:0x89912852fba5bdbe","Planning","Appointments recommended","1"
"0x311d5fc08a02e46d:0x89912852fba5bdbe","Payments","Credit cards","1"
"0x311d5fc08a02e46d:0x89912852fba5bdbe","Payments","NFC mobile payments","1"
"0x311d67ccb30a6f9b:0x38c36746567c769a","From the business","Identifies as women-owned","1"
"0x311d67ccb30a6f9b:0x38c36746567c769a","Amenities","Gender-neutral toilets","1"
"0x311d67ccb30a6f9b:0x38c36746567c769a","Amenities","Toilet","1"
"0x311d67ccb30a6f9b:0x38c36746567c769a","Planning","Appointments recommended","1"
"0x311d67ccb30a6f9b:0x38c36746567c769a","Payments","Debit cards","1"
"0x311d67ccb30a6f9b:0x38c36746567c769a","Payments","Credit cards","1"
"0x311d7dec449bdda5:0xf6cafbe32d056068","Amenities","Toilet","1"
"0x311d7dec449bdda5:0xf6cafbe32d056068","Planning","Appointments recommended","1"
"0x311d7dec449bdda5:0xf6cafbe32d056068","Payments","NFC mobile payments","1"
"0x30e2854cd3b16f6d:0x370427e18b1c0ea5","Amenities","Toilet","1"
"0x30e2854cd3b16f6d:0x370427e18b1c0ea5","Planning","Appointment required","1"
"0x30e2a5f66cc91af3:0x1e7df30c748439d1","Amenities","Toilet","1"
"0x30e2a5f66cc91af3:0x1e7df30c748439d1","Planning","Appointment required","1"
"0x30e2a5f66cc91af3:0x1e7df30c748439d1","Planning","Appointments recommended","1"
"0x311d5f453f0faa39:0x5ddf2e2ed2aef6a1","Accessibility","Wheelchair-accessible seating","1"
"0x311d5f453f0faa39:0x5ddf2e2ed2aef6a1","Accessibility","Wheelchair-accessible toilet","1"
"0x311d5f453f0faa39:0x5ddf2e2ed2aef6a1","Amenities","Toilet","1"
"0x311d5f453f0faa39:0x5ddf2e2ed2aef6a1","Children","Nursing room","1"
"0x30e2937093c1b20b:0x504d5d5a2f03b254","Amenities","Toilet","1"
"0x30e2937093c1b20b:0x504d5d5a2f03b254","Planning","Appointments recommended","1"
"0x30e2937093c1b20b:0x504d5d5a2f03b254","Payments","NFC mobile payments","1"
"0x30e2937093c1b20b:0x504d5d5a2f03b254","Parking","Free parking lot","1"
"0x30e2937093c1b20b:0x504d5d5a2f03b254","Parking","On-site parking","1"
"0x311d63544c827dd3:0xd8aad998724d2aaf","Amenities","Toilet","1"
"0x311d63544c827dd3:0xd8aad998724d2aaf","Planning","Appointments recommended","1"
"0x311d63544c827dd3:0xd8aad998724d2aaf","Payments","Credit cards","1"
"0x311d63544c827dd3:0xd8aad998724d2aaf","Payments","Debit cards","1"
"0x311d63544c827dd3:0xd8aad998724d2aaf","Payments","NFC mobile payments","1"
"0x30e28257e7f469fd:0x177f63fad6cba163","Accessibility","Wheelchair-accessible car park","1"
"0x30e28257e7f469fd:0x177f63fad6cba163","Accessibility","Wheelchair-accessible entrance","1"
"0x30e28257e7f469fd:0x177f63fad6cba163","Amenities","Toilet","1"
"0x30e28257e7f469fd:0x177f63fad6cba163","Planning","Appointments recommended","1"
"0x30e28257e7f469fd:0x177f63fad6cba163","Payments","Debit cards","1"
"0x30e28257e7f469fd:0x177f63fad6cba163","Payments","NFC mobile payments","1"
"0x30e28257e7f469fd:0x177f63fad6cba163","Payments","Credit cards","1"
"0x30e28257e7f469fd:0x177f63fad6cba163","Parking","Free parking lot","1"
"0x30e28257e7f469fd:0x177f63fad6cba163","Parking","On-site parking","1"
"0x311d5f61c3746f5b:0x1332a8c9b76263a8","Amenities","Toilet","1"
"0x311d5f61c3746f5b:0x1332a8c9b76263a8","Planning","Appointments recommended","1"
"0x311d5ebc2a683695:0xd9ab0d0262b94acb","Amenities","Toilet","1"
"0x311d5ebc2a683695:0xd9ab0d0262b94acb","Planning","Appointments recommended","1"
"0x311d5ebc2a683695:0xd9ab0d0262b94acb","Payments","Credit cards","1"
"0x311d5ebc2a683695:0xd9ab0d0262b94acb","Payments","Debit cards","1"
"0x311d5ebc2a683695:0xd9ab0d0262b94acb","Payments","NFC mobile payments","1"
"0x311d5ebc2a683695:0xd9ab0d0262b94acb","Payments","Credit cards","1"
"0x30e29179bff897b3:0x56b6a3cdf1f1b550","Parking","Free of charge street parking","1"
"0x30e29179bff897b3:0x56b6a3cdf1f1b550","Parking","Free parking lot","1"
"0x30e29179bff897b3:0x56b6a3cdf1f1b550","Parking","On-site parking","1"
"0x311d7f2fbc00ec8d:0xc707a77a22c9cc16","Accessibility","Wheelchair-accessible car park","1"
"0x311d7f2fbc00ec8d:0xc707a77a22c9cc16","Accessibility","Wheelchair-accessible entrance","1"
"0x311d7f2fbc00ec8d:0xc707a77a22c9cc16","Accessibility","Wheelchair-accessible toilet","1"
"0x311d7f2fbc00ec8d:0xc707a77a22c9cc16","Planning","Appointments recommended","1"
"0x311d7f2fbc00ec8d:0xc707a77a22c9cc16","Payments","Credit cards","1"
"0x311d7f2fbc00ec8d:0xc707a77a22c9cc16","Payments","Debit cards","1"
"0x311d7f2fbc00ec8d:0xc707a77a22c9cc16","Payments","NFC mobile payments","1"
"0x311d7ddcce73fa07:0xf5271aa9e21337b3","Amenities","Toilet","1"
"0x311d7ddcce73fa07:0xf5271aa9e21337b3","Planning","Appointments recommended","1"
"0x311d7ddcce73fa07:0xf5271aa9e21337b3","Payments","Credit cards","1"
"0x311d7ddcce73fa07:0xf5271aa9e21337b3","Payments","Debit cards","1"
"0x311d7ddcce73fa07:0xf5271aa9e21337b3","Payments","NFC mobile payments","1"
"0x311d676851836809:0x8cd588611ee23be3","Amenities","Toilet","1"
"0x311d676851836809:0x8cd588611ee23be3","Planning","Appointments recommended","1"
"0x311d676851836809:0x8cd588611ee23be3","Payments","NFC mobile payments","1"
"0x311d59a50f94dab9:0xe1177500217ab722","From the business","Identifies as women-owned","1"
"0x311d59a50f94dab9:0xe1177500217ab722","Amenities","Toilet","1"
"0x311d59a50f94dab9:0xe1177500217ab722","Planning","Appointments recommended","1"
"0x2929c30dfea0e91b:0xfb224ad21bc9912e","Accessibility","Wheelchair-accessible seating","1"
"0x2929c30dfea0e91b:0xfb224ad21bc9912e","Amenities","Gender-neutral toilets","1"
"0x2929c30dfea0e91b:0xfb224ad21bc9912e","Payments","Debit cards","1"
"0x311d6725c4ec51b3:0x7a9f47b4f409e308","Amenities","Toilet","1"
"0x311d6725c4ec51b3:0x7a9f47b4f409e308","Planning","Appointments recommended","1"
"0x30e2b867aaf4ed67:0x7dfadc1daeea417c","Amenities","Gender-neutral toilets","1"
"0x30e2b867aaf4ed67:0x7dfadc1daeea417c","Amenities","Toilet","1"
"0x30e2b867aaf4ed67:0x7dfadc1daeea417c","Planning","Appointments recommended","1"
"0x30e2b867aaf4ed67:0x7dfadc1daeea417c","Payments","NFC mobile payments","1"
"0x30e2824cdef05df1:0x594f4ddc3b6b374b","From the business","Identifies as women-owned","1"
"0x30e2824cdef05df1:0x594f4ddc3b6b374b","Amenities","Gender-neutral toilets","1"
"0x30e2824cdef05df1:0x594f4ddc3b6b374b","Amenities","Toilet","1"
"0x30e2824cdef05df1:0x594f4ddc3b6b374b","Planning","Appointments recommended","1"
"0x30e2824cdef05df1:0x594f4ddc3b6b374b","Payments","Debit cards","1"
"0x30e2824cdef05df1:0x594f4ddc3b6b374b","Payments","NFC mobile payments","1"
"0x30e2824cdef05df1:0x594f4ddc3b6b374b","Payments","Credit cards","1"
"0x30e2824cdef05df1:0x594f4ddc3b6b374b","Parking","Free multi-storey car park","1"
"0x30e2824cdef05df1:0x594f4ddc3b6b374b","Parking","Free of charge street parking","1"
"0x311d6488097c2f85:0x835c3802654dd41c","Amenities","Toilet","1"
"0x311d6488097c2f85:0x835c3802654dd41c","Planning","Appointments recommended","1"
"0x311d6488097c2f85:0x835c3802654dd41c","Payments","NFC mobile payments","1"
"0x30e28348aa78026f:0x1a7b44f4684b932d","Accessibility","Wheelchair-accessible toilet","1"
"0x30e28348aa78026f:0x1a7b44f4684b932d","Amenities","Toilet","1"
"0x30e28348aa78026f:0x1a7b44f4684b932d","Planning","Appointments recommended","1"
"0x30e28348aa78026f:0x1a7b44f4684b932d","Payments","Credit cards","1"
"0x30e28348aa78026f:0x1a7b44f4684b932d","Payments","Debit cards","1"
"0x30e28348aa78026f:0x1a7b44f4684b932d","Payments","NFC mobile payments","1"
"0x311d675ae8e88b9f:0x911a99792c73c42f","Amenities","Toilet","1"
"0x311d675ae8e88b9f:0x911a99792c73c42f","Crowd","Transgender safe space","1"
"0x311d675ae8e88b9f:0x911a99792c73c42f","Planning","Appointments recommended","1"
"0x311d675ae8e88b9f:0x911a99792c73c42f","Parking","Free parking lot","1"
"0x311d675ae8e88b9f:0x911a99792c73c42f","Parking","On-site parking","1"
"0x311d7dd283f688e3:0x504cdcbb592c54dc","Accessibility","Wheelchair-accessible toilet","1"
"0x311d7dd283f688e3:0x504cdcbb592c54dc","Amenities","Toilet","1"
"0x311d7dd283f688e3:0x504cdcbb592c54dc","Planning","Appointments recommended","1"
"0x311d7dd283f688e3:0x504cdcbb592c54dc","Payments","NFC mobile payments","1"
"0x30e283f8c6c6c6d1:0xa876aaa512390c73","Amenities","Toilet","1"
"0x30e283f8c6c6c6d1:0xa876aaa512390c73","Planning","Appointments recommended","1"
"0x30e283f8c6c6c6d1:0xa876aaa512390c73","Payments","NFC mobile payments","1"
"0x311d6122a026956f:0x8d2a1bbbb5baf6d0","Amenities","Toilet","1"
"0x311d6122a026956f:0x8d2a1bbbb5baf6d0","Planning","Appointments recommended","1"
"0x311d5f57288489d3:0x68a85d39e2cc1cd4","Amenities","Toilet","1"
"0x311d5f57288489d3:0x68a85d39e2cc1cd4","Planning","Appointments recommended","1"
"0x311d5f57288489d3:0x68a85d39e2cc1cd4","Payments","NFC mobile payments","1"
"0x30e295002f7f78cf:0x5dc93f2b8b795d10","Amenities","Restroom","1"
"0x30e295002f7f78cf:0x5dc93f2b8b795d10","Planning","Appointments recommended","1"
"0x30e295002f7f78cf:0x5dc93f2b8b795d10","Payments","NFC mobile payments","1"
"0x311d7f011d0153af:0xd9bfecf3027a3310","Accessibility","Wheelchair accessible parking lot","1"
"0x311d7f011d0153af:0xd9bfecf3027a3310","Amenities","Restroom","1"
"0x311d7f011d0153af:0xd9bfecf3027a3310","Planning","Appointments recommended","1"
"0x311d7f011d0153af:0xd9bfecf3027a3310","Payments","NFC mobile payments","1"
"0x311d7d49ce36cf93:0x65e0b216803b7fc5","Amenities","Restroom","1"
"0x311d7d49ce36cf93:0x65e0b216803b7fc5","Planning","Appointments recommended","1"
"0x30e29f2db941e02f:0x3ad874041f9c4c5c","From the business","Identifies as women-owned","1"
"0x30e29f2db941e02f:0x3ad874041f9c4c5c","Amenities","Gender-neutral restroom","1"
"0x30e29f2db941e02f:0x3ad874041f9c4c5c","Planning","Appointment required","1"
"0x311d60a805ab2af9:0xabf612be9dee2d51","Amenities","Restroom","1"
"0x311d60a805ab2af9:0xabf612be9dee2d51","Planning","Appointments recommended","1"
"0x311d7da189e79a6d:0xe66c6df9bae2612a","Amenities","Restroom","1"
"0x311d7da189e79a6d:0xe66c6df9bae2612a","Planning","Appointments recommended","1"
"0x30e2bc4ea4ea50cd:0xc4a5fcd6549d1e06","Accessibility","Wheelchair accessible entrance","1"
"0x30e2bc4ea4ea50cd:0xc4a5fcd6549d1e06","Accessibility","Wheelchair accessible parking lot","1"
"0x30e2bc4ea4ea50cd:0xc4a5fcd6549d1e06","Accessibility","Wheelchair accessible restroom","1"
"0x30e2bc4ea4ea50cd:0xc4a5fcd6549d1e06","Accessibility","Wheelchair accessible seating","1"
"0x30e2bc4ea4ea50cd:0xc4a5fcd6549d1e06","Crowd","Transgender safespace","1"
"0x30e2bc4ea4ea50cd:0xc4a5fcd6549d1e06","Children","Nursing room","1"
"0x30e2950079824883:0x260a8d3b5e99e214","Amenities","Toilet","1"
"0x30e2950079824883:0x260a8d3b5e99e214","Planning","Appointments recommended","1"
"0x30e295caf602b759:0x94653e6aeb75f2f9","Amenities","Toilet","1"
"0x30e295caf602b759:0x94653e6aeb75f2f9","Planning","Appointments recommended","1"
"0x311d59c940abf6a5:0xcac80c90bdc677e8","Offerings","Cosmetic dentistry","1"
"0x311d59c940abf6a5:0xcac80c90bdc677e8","Amenities","Toilet","1"
"0x311d59c940abf6a5:0xcac80c90bdc677e8","Planning","Appointments recommended","1"
"0x311d59c940abf6a5:0xcac80c90bdc677e8","Payments","Credit cards","1"
"0x311d59c940abf6a5:0xcac80c90bdc677e8","Payments","Debit cards","1"
"0x311d59c940abf6a5:0xcac80c90bdc677e8","Payments","NFC mobile payments","1"
"0x311d59c940abf6a5:0xcac80c90bdc677e8","Parking","Free parking lot","1"
"0x311d59c940abf6a5:0xcac80c90bdc677e8","Parking","On-site parking","1"
"0x30e2be0477008d23:0x5a7d3d5b68d57ca0","Accessibility","Wheelchair-accessible car park","1"
"0x30e2be0477008d23:0x5a7d3d5b68d57ca0","Accessibility","Wheelchair-accessible entrance","1"
"0x30e2be0477008d23:0x5a7d3d5b68d57ca0","Amenities","Toilet","1"
"0x30e2be0477008d23:0x5a7d3d5b68d57ca0","Planning","Appointments recommended","1"
"0x30e2bf78a0feb7db:0x1e1c7ba51a1feaa1","Amenities","Toilet","1"
"0x30e2bf78a0feb7db:0x1e1c7ba51a1feaa1","Planning","Appointment required","1"
"0x30e2bf78a0feb7db:0x1e1c7ba51a1feaa1","Planning","Appointments recommended","1"
"0x30e2bf78a0feb7db:0x1e1c7ba51a1feaa1","Payments","NFC mobile payments","1"
"0x30e2bf78a0feb7db:0x1e1c7ba51a1feaa1","Parking","Free parking lot","1"
"0x30e2bf78a0feb7db:0x1e1c7ba51a1feaa1","Parking","On-site parking","1"
"0x311d59999f2de749:0xc31b63e3340d384e","Offerings","Pediatric care","1"
"0x311d59999f2de749:0xc31b63e3340d384e","Amenities","Toilet","1"
"0x311d59999f2de749:0xc31b63e3340d384e","Planning","Appointments recommended","1"
"0x311d59999f2de749:0xc31b63e3340d384e","Payments","Credit cards","1"
"0x311d59999f2de749:0xc31b63e3340d384e","Payments","Debit cards","1"
"0x311d59999f2de749:0xc31b63e3340d384e","Payments","NFC mobile payments","1"
"0x311d59999f2de749:0xc31b63e3340d384e","Children","Nursing room","1"
"0x30e282678e174063:0x639d4239e2ef40c0","Amenities","Toilet","1"
"0x30e282678e174063:0x639d4239e2ef40c0","Planning","Appointments recommended","1"
"0x30e282678e174063:0x639d4239e2ef40c0","Payments","Credit cards","1"
"0x30e282678e174063:0x639d4239e2ef40c0","Payments","Debit cards","1"
"0x30e282678e174063:0x639d4239e2ef40c0","Payments","NFC mobile payments","1"
"0x30e29667f52984e3:0x6c70e4f2c8b929bf","Accessibility","Wheelchair-accessible car park",1
"0x30e29667f52984e3:0x6c70e4f2c8b929bf","Accessibility","Wheelchair-accessible entrance",1
"0x30e29667f52984e3:0x6c70e4f2c8b929bf","Amenities","Toilet",1
"0x30e29667f52984e3:0x6c70e4f2c8b929bf","Planning","Appointments recommended",1
"0x311d5f3287922d55:0x1e7cc228e2b80cb7","Accessibility","Wheelchair-accessible toilet",1
"0x311d5f3287922d55:0x1e7cc228e2b80cb7","Amenities","Toilet",1
"0x311d5f3287922d55:0x1e7cc228e2b80cb7","Crowd","LGBTQ+ friendly",1
"0x311d5f3287922d55:0x1e7cc228e2b80cb7","Crowd","Transgender safe space",1
"0x311d5f3287922d55:0x1e7cc228e2b80cb7","Planning","Appointment required",1
"0x311d5f3287922d55:0x1e7cc228e2b80cb7","Planning","Appointments recommended",1
"0x311d5f3287922d55:0x1e7cc228e2b80cb7","Payments","Credit cards",1
"0x311d5f3287922d55:0x1e7cc228e2b80cb7","Payments","NFC mobile payments",1
"0x30e2825b2ecd38d5:0xfb0718a9eda907e8","Accessibility","Wheelchair-accessible car park",1
"0x30e2825b2ecd38d5:0xfb0718a9eda907e8","Accessibility","Wheelchair-accessible entrance",1
"0x30e2825b2ecd38d5:0xfb0718a9eda907e8","Accessibility","Wheelchair-accessible toilet",1
"0x30e2825b2ecd38d5:0xfb0718a9eda907e8","Service options","On-site services",1
"0x30e2825b2ecd38d5:0xfb0718a9eda907e8","Amenities","Toilet",1
"0x30e2825b2ecd38d5:0xfb0718a9eda907e8","Amenities","Free Wi-Fi",1
"0x30e2825b2ecd38d5:0xfb0718a9eda907e8","Payments","Credit cards",1
"0x30e2825b2ecd38d5:0xfb0718a9eda907e8","Payments","Debit cards",1
"0x30e2825b2ecd38d5:0xfb0718a9eda907e8","Payments","NFC mobile payments",1
"0x30e2846bd6960a5f:0xb437d44621f46000","Amenities","Toilet",1
"0x30e2846bd6960a5f:0xb437d44621f46000","Planning","Appointments recommended",1
"0x30e2954afee93dc7:0x271f1e3a13e539e0","Accessibility","Wheelchair-accessible toilet",1
"0x30e2954afee93dc7:0x271f1e3a13e539e0","Amenities","Toilet",1
