"review_id","place_id","restaurant_name","rating","text","author_name","author_id","author_uri","author_photo_uri","author_is_local_guide","author_review_count","author_photo_count","relative_date","spent_amount","sort_source"
"Ci9DQUlRQUNvZENodHljRjlvT2tjeGNIbGpRMmRVYW1wMVNFSmlkMWhNUkhSV1ZVRRAB","0x30da255ae7380ae7:0x3bfcce7acc45cfac","Bangkok Hospital Chiang Mai",5,"I walked in without a prior appointment and I got my registration done for first time, met the doctor, got my blood extracted for testing and done my ECG in less than 2 hours for everything. Service is tip top throughout and although the price is more premium than local hospitals and clinics, you're assured of quality and a wide range of services. They have a Bangkok Plaza beside too for customers to have their meals or family members to get food while visiting in-patients. Thumbs up!👍🏻","Big Roy [eatwithroy]","114399014237804415281","https://www.google.com/maps/contrib/114399014237804415281/reviews?hl=en","https://lh3.googleusercontent.com/a-/ALV-UjXtu-Zaor8Y3nHP-HaLtJwVCIicyAwlMEPZbBiaCj3kLBn-Rdj5zg=w36-h36-p-rp-mo-ba12-br100",1,360,2006,"6 months ago","","relevant"
"Ci9DQUlRQUNvZENodHljRjlvT2s1blJtcDBPR1JOTUdoUVNGSlVXakp6YXpSNFQyYxAB","0x30da255ae7380ae7:0x3bfcce7acc45cfac","Bangkok Hospital Chiang Mai",5,"Today went to this hospital to get treatment.  Using por ror bor insurance.
Excellent service, hospital handled insurance claim anf were very efficient.
Had 3 nurses and doctor tteating me.
Took about one hour and another hour  to wait fof processing and medications.
Highly recomment.

And the bill was good too. Not overcharged so can get more appointment under max claim cost with por ror bor insurance.","Peter Blunt","113279089738077515032","https://www.google.com/maps/contrib/113279089738077515032/reviews?hl=en","https://lh3.googleusercontent.com/a-/ALV-UjVOrOcuHvFXB2zCCqznTw3pr9gPaOhbPj1jn0DQavQXghfJpHpS=w36-h36-p-rp-mo-br100",0,9,0,"5 days ago","","relevant"
"Ci9DQUlRQUNvZENodHljRjlvT25oeVJWaGpjWGxHUkVaMk9UZG1UMUU0YzFFdFFtYxAB","0x30da255ae7380ae7:0x3bfcce7acc45cfac","Bangkok Hospital Chiang Mai",5,"My experience at Bangkok Hospital Chiang Mai was nothing short of exceptional.

While traveling in Thailand, I unexpectedly needed emergency medical care — always a stressful situation, especially in a foreign country. From the moment I arrived, the professionalism and efficiency of the hospital staff immediately put me at ease.

The level of care I received was truly impressive. I underwent a comprehensive evaluation that included an ultrasound, a cardiogram (ECG), and a chest X-ray. I was examined by three different doctors, each thorough, attentive, and reassuring. Communication was clear, and the staff spoke excellent English, which made the entire process smooth and comfortable.

What stood out even more was the cost. Without any insurance, the total for this extensive emergency workup came to approximately 200 US dollars. Considering the quality of care, modern facilities, and speed of service, the value was remarkable.

The hospital itself is modern, clean, and extremely well organized — comparable to high-end private medical centers anywhere in the world. There was no sense of chaos or delay, just calm efficiency and genuine patient care.

Travelers often worry about healthcare abroad, but my experience here completely changed that perspective. The combination of high-level medical expertise, excellent service, and reasonable pricing was extraordinary.

I would not hesitate to recommend Bangkok Hospital Chiang Mai to anyone traveling in Thailand. It provided peace of mind in a moment when it mattered most.","Joe Pazzo","117471084838674314215","https://www.google.com/maps/contrib/117471084838674314215/reviews?hl=en","https://lh3.googleusercontent.com/a-/ALV-UjXlMh4zuE21o27iLRUZNXIe8ThfOx3cVdqokfm9t6uywgZlp9xyRA=w36-h36-p-rp-mo-ba12-br100",1,40,142,"4 months ago","","relevant"
"Ci9DQUlRQUNvZENodHljRjlvT25CNldqRlZUVWhvYmpObmREWnlOWFZOU1d4R01YYxAB","0x30da255ae7380ae7:0x3bfcce7acc45cfac","Bangkok Hospital Chiang Mai",2,"I had two visits at Bangkok hospital in Chiang Mai.. first outpatient service where I have to get a CT with dye. It went smooth, however the image that I need it is impossible open on Mac computer and they couldn’t give me hard copy. I just waisted 22K for the visit without able to have the CT’s can image that I could send to my physician back home! My second visit to the ER pretty much related to the first visit.I requested MRI, but they were saying “ let’s do other CT scan and ultrasound for abdominal which didn’t show anything. Half day passed in ER they did a few other testing that all come back negative. I asked again for MRI. Finally they told me that the MRI is completely booked for the day. Basically I paid another 15k for unnecessary testing that I know will not helping to find the cause of my severe pain. They should be honest from the begin that the MRI device is booked instead charging me not necessary testing that not related to my pain.The staff is very kind but they are focusing more on making money on patient instead determinate a diagnosis. I also had a cancer bloodwork testing that includes a final consultation with oncologist. However my blood test didn’t come back at time as I was told.I was waiting two months for the test result. I have to leave due the smoke that covered the city. I got my test result finally in email but I couldn’t discuss with the oncologist that was included in the price that I paid.Too much focusing on how they can get more money out of patents pocket without significant care and resolution.This is my opinion as a former healthcare worker from OR department.","Anna M.","106829626034771439111","https://www.google.com/maps/contrib/106829626034771439111/reviews?hl=en","https://lh3.googleusercontent.com/a/ACg8ocKXgosSM2MipaXoI2wCkvOagR-HUJx8eEcZj-IZTC5MXr_7tA=w36-h36-p-rp-mo-ba12-br100",1,91,89,"Edited a month ago","","relevant"
"ChdDSUhNMG9nS0VJQ0FnSUMxemUyOW9BRRAB","0x30da255ae7380ae7:0x3bfcce7acc45cfac","Bangkok Hospital Chiang Mai",5,"We just come here to see a doctor for health advice. So the experience is quite simple.

The hospital has a perfect environment like a 5 -star hotel. Staff, nurse speaks good English. Quick registration procedure, the time to wait for the doctor is not long. Consulting costs are not too expensive.

However, when viewing the price list of CT scans, blood tests, the price is very expensive, our insurance cannot be paid in this hospital. So we returned to the public hospital where insurance paid for testing expenses.","Khue Ho","104610659850867986961","https://www.google.com/maps/contrib/104610659850867986961/reviews?hl=en","https://lh3.googleusercontent.com/a/ACg8ocKKVSS0kRMeVEWVXdb9-SZq_jzm9OIGHyFBEFEtcQWlwj45p9_S=w36-h36-p-rp-mo-ba12-br100",1,498,9762,"2 years ago","","relevant"
"Ci9DQUlRQUNvZENodHljRjlvT2pONWNGSlJibmRxYlVaaE5UbE5ha1ZLZDJGS1psRRAB","0x30da255ae7380ae7:0x3bfcce7acc45cfac","Bangkok Hospital Chiang Mai",5,"Broken Nose Surgery
I’m sharing this because reviews here are mixed, and my experience was very positive.
After a head injury that caused heavy bleeding and a cut near my eye, I was assessed quickly and given both an X-ray and CT scan. I initially wondered if this was excessive, but the CT revealed multiple fractures — so I’m glad it was done.
I was then seen by a plastic surgeon who clearly explained the results and my options, without pressure. Based on the extent of the damage, she recommended immediate surgery under general anaesthetic. Naturally this was worrying (it’s your face), but everything was explained thoroughly, including risks, which I also independently verified with UK doctors in my family.
The surgery went very well. My nose was realigned with minimal visible scarring once the stitches were removed. Aftercare was excellent, and the room and facilities were very comfortable.
When you’re injured and anxious it’s easy to question timing, tests, or communication — I did at first. But with hindsight, the care was professional, thorough, and genuinely reassuring.
If you have insurance, I wouldn’t hesitate to recommend this hospital.","Andrew Digby-North","110665679493769024133","https://www.google.com/maps/contrib/110665679493769024133/reviews?hl=en","https://lh3.googleusercontent.com/a/ACg8ocIy7eEJz-uxf4wPhv2rKCZ7voiX7lr59uJw8Ex7kF7JPTie8g=w36-h36-p-rp-mo-ba12-br100",1,15,1,"4 months ago","","relevant"
"Ci9DQUlRQUNvZENodHljRjlvT201bllrWnFaSGRKVVVKdFZVeFdjVVE1YldGcGIyYxAB","0x30da255ae7380ae7:0x3bfcce7acc45cfac","Bangkok Hospital Chiang Mai",5,"I had an emergency injury and was weary of coming here because of the bad reviews; it's the only hospital in my insurance network. So far my experience has been great.

The staff at the ENT center are very good and sweet. I had surgery in a state of the art facility which went very well. The cost is pretty steep, but the hospital departments worked fairly quickly with my insurance to get everything paid for.

I can't speak for the hospital as a whole, but if you have ear, nose and throat issues (and travel insurance) or are in need of emergency surgery, then you should be in good hands.","Kyle","101025857091173581393","https://www.google.com/maps/contrib/101025857091173581393/reviews?hl=en","https://lh3.googleusercontent.com/a/ACg8ocJsGGPGuQ4UqBRBJdFHsFgq36jgk-84-IgKVuf7moSivQ1Z4g=w36-h36-p-rp-mo-br100",0,8,1,"4 months ago","","relevant"
"Ci9DQUlRQUNvZENodHljRjlvT2tJMGNreHpUekowYlRabGRVaG1VakpZU2tZMkxYYxAB","0x30da255ae7380ae7:0x3bfcce7acc45cfac","Bangkok Hospital Chiang Mai",5,"This was by far the best healthcare I’ve ever received! I rushed my son to the ER because while jumping on the trampoline, he fell and his tooth punctured his tongue. The care was out of this world, nothing like I’d experienced in America! …","Anastasia Price","100668868662831626512","https://www.google.com/maps/contrib/100668868662831626512/reviews?hl=en","https://lh3.googleusercontent.com/a-/ALV-UjWtn2JAEHrxkw2A36NCMk_eyu6gV_oZL79DAdetKNbClVjx1gye=w36-h36-p-rp-mo-ba12-br100",1,26,10,"5 months ago","","relevant"
"ChdDSUhNMG9nS0VJSE92dktFOXB5dm1BRRAB","0x30da255ae7380ae7:0x3bfcce7acc45cfac","Bangkok Hospital Chiang Mai",3,"The environment is very nice, but the customer service and waiting time is super long. If a patient rush not recommended to come. If have more time would be ok.
My appointment time is 9:30 am, I came before that time, and waiting in the waiting room, I just realized that a lot of patients who coming after me they’ve already checked, so I went to the counter and ask them, just answered me “please queue” with inpatient sound, then I wait another 10 minutes not calling me. So I just ask them I cannot wait, I will cancel it. Then they did it for me check up right away. I’d apologized them not because I’m angry, just because I’m on time and  feeling discriminating among the other patients, even I’d made the appointment and arrived on time.","Win Naung","108954033808034390806","https://www.google.com/maps/contrib/108954033808034390806/reviews?hl=en","https://lh3.googleusercontent.com/a-/ALV-UjXWGLumSisI5ZcQAUCidXq1PJx-tENGG2rE1kMq6WMQ0Lewcrk=w36-h36-p-rp-mo-ba12-br100",1,11,20,"a year ago","","relevant"
"Ci9DQUlRQUNvZENodHljRjlvT2s5Vk0wTXpjbTQ0TURGUU5HRjNhemRWV0RoVU9YYxAB","0x30da255ae7380ae7:0x3bfcce7acc45cfac","Bangkok Hospital Chiang Mai",1,"I visited this hospital through insurance. And still feel like I was scammed.
I had a toothache. I had medical examination and x-ray. In ordinary clinic the cost of it is about 500 THB, I checked. They gave me invoice for 1800 THB. Ok, it’s the price of this clinic. But for my insurance they converted this invoice with their own rate and 1800 THB became $100! It’s 40% fee, insane. Never recommend this clinic, only if you have unlimited budget.","Маргарита Логошина","102170914288905435594","https://www.google.com/maps/contrib/102170914288905435594/reviews?hl=en","https://lh3.googleusercontent.com/a-/ALV-UjU92AcNiNsuGzvJoApLpP52XSkwDXiyaprsZ0LaOLE1jIGP-vRE=w36-h36-p-rp-mo-ba12-br100",1,24,17,"4 months ago","I visited this hospital through insurance. And still feel like I was scammed.
I had a toothache. I had medical examination and x-ray. In ordinary clinic the cost of it is about 500 THB, I checked. They gave me invoice for 1800 THB. Ok, it’s the price of this clinic. But for my insurance they converted this invoice with their own rate and 1800 THB became $100! It’s 40% fee, insane. Never recommend this clinic, only if you have unlimited budget.","relevant"
"Ci9DQUlRQUNvZENodHljRjlvT25KMFVGb3hVbmxpZGpWTFJVNVNWa3N6VEdJMVZFRRAB","0x30da255ae7380ae7:0x3bfcce7acc45cfac","Bangkok Hospital Chiang Mai",1,"I would like to share my experience at the Hematology-Oncology department. Unfortunately, the nurse wearing red glasses was very rude and did not treat me with respect. I felt very uncomfortable and disappointed with her attitude.

However, I would like to mention that the service in other departments met the standard and was professional. I hope the hospital takes this feedback seriously and improves the behavior of staff to ensure all patients are treated with kindness and respect.","Alysa Boonkun","109996857084217047501","https://www.google.com/maps/contrib/109996857084217047501/reviews?hl=en","https://lh3.googleusercontent.com/a/ACg8ocLJPg8HZPNBRrIb7Lo7Lm4wPQc2uLe5xO2U3DfkahunmvH9HA=w36-h36-p-rp-mo-br100",0,3,2,"11 months ago","","relevant"
"Ci9DQUlRQUNvZENodHljRjlvT21RdGMxQTJNM0ZSVkVaR1lrbDNNRWN6U1VWUlEyYxAB","0x30da255ae7380ae7:0x3bfcce7acc45cfac","Bangkok Hospital Chiang Mai",5,"After a fall, we needed hospital care and contacted two hospitals. One was unhelpful, but this hospital immediately told us to come in with no issues.

Zero waiting time my father was seen straight away. Following the consultation, he was given pain relief before undergoing an X-ray, which confirmed broken ribs. The doctors recommended 24-hour observation as a precaution for any underlying issues. Everything was clearly explained and he was admitted immediately. The entire process took under two hours.

We were extremely impressed with the hospital’s standards, cleanliness, and the professionalism of the staff. The room was excellent, complete with Netflix and room service. Every nurse knew my father by name and had a clear treatment and pain-management plan in place, including medications prepared and ready for discharge. The level of organisation was outstanding.

Pricing was also very reasonable. Easily the best hospital experience we’ve had anywhere in the world, and we’ve been to more than a few. Would definitely recommend.","Hannah Redmond","108886369826697280428","https://www.google.com/maps/contrib/108886369826697280428/reviews?hl=en","https://lh3.googleusercontent.com/a/ACg8ocKWQnEbGISOtlbv7O3ztU1WQHpjlMgIpO_-jLJAblfxpz6F3g=w36-h36-p-rp-mo-ba12-br100",1,26,7,"5 months ago","","relevant"
"Ci9DQUlRQUNvZENodHljRjlvT21SUVowRXpjR2RXUTFCTVNtMTFORmxGVmxGdWMyYxAB","0x30da255ae7380ae7:0x3bfcce7acc45cfac","Bangkok Hospital Chiang Mai",1,"Once, never again. The service is nice and the staffs are kind definitely but the attitude of the 1 specific doctor. Im in distress already because of pain and got laughed at when i’m trying to explain how i feel. Instead of her helping me diagnose and recommend what should be the next step since she can’t diagnose shit for me. Just tell me to go home and rest and find another doctor??","Siracha Suetrakul","102236273006634383572","https://www.google.com/maps/contrib/102236273006634383572/reviews?hl=en","https://lh3.googleusercontent.com/a-/ALV-UjWljZonjbrLbPQY0DKpRxbJk7A8tsSMjWyAxsCjeTkupt2W4WTGJA=w36-h36-p-rp-mo-ba12-br100",1,126,234,"a month ago","","relevant"
"Ci9DQUlRQUNvZENodHljRjlvT25rdGJVSmlhSEJDTTE5dlRGSlhOSEpEYldkZmRsRRAB","0x30da255ae7380ae7:0x3bfcce7acc45cfac","Bangkok Hospital Chiang Mai",2,"Reception and medical counter services were excellent, and the facilities are very luxurious. However, my consultation experience was disappointing. While explaining my medical history, the assistant repeatedly interrupted me, which felt rude and uncomfortable. More concerning was the physician’s examination practice. The doctor did not wear gloves and had long fingernails, which caused significant pain during the physical examination. Even after I mentioned the pain, the examination continued. Later, when the swelling reduced, I noticed clear nail marks left on my skin.
As a paying patient, I expect professional communication and proper hygiene standards. This experience was upsetting and needs improvement.","Hailey","112912448849794152464","https://www.google.com/maps/contrib/112912448849794152464/reviews?hl=en","https://lh3.googleusercontent.com/a/ACg8ocLSgZMvCQhQOI97mApdjJwl8HgvB6eVAYGV6N4vjT9ohF_6Ng=w36-h36-p-rp-mo-br100",0,1,0,"3 months ago","","relevant"
"Ci9DQUlRQUNvZENodHljRjlvT2tjM1lubHFUVVJ4YlZSaFR6WTNRMkZXZGxveFIxRRAB","0x30da255ae7380ae7:0x3bfcce7acc45cfac","Bangkok Hospital Chiang Mai",5,"After 33 hours of traveling from California I ended up having to go to the hospital in the middle of the night.  Im from america so, you know, we have slow medical service.   I was very happy to get seen right away here.  I mean as soon as …","Charlene Ashlock","100646577472301509329","https://www.google.com/maps/contrib/100646577472301509329/reviews?hl=en","https://lh3.googleusercontent.com/a-/ALV-UjX_BhD4wsJdn9D6P3aG-nUyVzQx1Qt0CADwbwffBrRisNbClV1v=w36-h36-p-rp-mo-ba12-br100",1,38,123,"5 months ago","","relevant"
"Ci9DQUlRQUNvZENodHljRjlvT2twdFowNVdRMlpGVUhoMFNrWm1UbmRLUlROV1oyYxAB","0x30da255ae7380ae7:0x3bfcce7acc45cfac","Bangkok Hospital Chiang Mai",2,"Highly overpriced and lacking transparency. If you’re paying out of pocket, please be cautious. The staff kind but were not always upfront about the total costs, and I didn’t realize how quickly the bill was adding up until I reached the cashier. I ended up paying roughly $300 USD for consultation and exams, but what upset me the most was the $300 USD for a medication that I later found at a local pharmacy for only $45 USD. I wish they had discussed cost-effective options with me -- they didn’t. I came in for a check on my heart condition, but the price tag for their service and medication alone could have given me a heart attack. Absolutely regret coming here. If you don't have insurance, do not buy medication from here and just get the prescription and buy somewhere else.","A N","107382249171214059560","https://www.google.com/maps/contrib/107382249171214059560/reviews?hl=en","https://lh3.googleusercontent.com/a-/ALV-UjWdtI1fZKPxIjIEbR-ymW3dKQ-xUCiksimddrWUlmpmo0aK9aTd=w36-h36-p-rp-mo-ba12-br100",1,144,506,"7 months ago","Highly overpriced and lacking transparency. If you’re paying out of pocket, please be cautious. The staff kind but were not always upfront about the total costs, and I didn’t realize how quickly the bill was adding up until I reached the cashier. I ended up paying roughly $300 USD for consultation and exams, but what upset me the most was the $300 USD for a medication that I later found at a local pharmacy for only $45 USD. I wish they had discussed cost-effective options with me -- they didn’t. I came in for a check on my heart condition, but the price tag for their service and medication alone could have given me a heart attack. Absolutely regret coming here. If you don't have insurance, do not buy medication from here and just get the prescription and buy somewhere else.","relevant"
"Ci9DQUlRQUNvZENodHljRjlvT21oaVNXeGxjamM1V1daU1dVaEtaa1V3YTNCNExVRRAB","0x30da255ae7380ae7:0x3bfcce7acc45cfac","Bangkok Hospital Chiang Mai",2,"I used the services at the psychiatric department. The doctor recommended a psychotherapist. I changed to a third one. It was because the psychotherapist kept changing. The psychiatrist has to follow the psychotherapist who come to work at the hospital. The patient had to keep starting over which is not proper for the treatment. The treatment cost was not cheap. I have to change hospital and doctor.  Very disappointed as the atmosphere was nice.","Chanya P Depaul","112519178737000822995","https://www.google.com/maps/contrib/112519178737000822995/reviews?hl=en","https://lh3.googleusercontent.com/a-/ALV-UjVW8SgajnMCiO-7dEYZdGOzAOkSlmQ6ithF-qXNdB3ZszuryNMK=w36-h36-p-rp-mo-ba12-br100",1,50,21,"6 months ago","","relevant"
"Ci9DQUlRQUNvZENodHljRjlvT25sMWJFeGZWazVvZDFvMVJHMWxNM3BWWmt0NFRYYxAB","0x30da255ae7380ae7:0x3bfcce7acc45cfac","Bangkok Hospital Chiang Mai",3,"Clean facility and polite staff, but the ER communication was frustrating. I waited a long time for a doctor to explain my situation. My Thai friend was communicating with staff in Thai, and I can speak English, but it seemed they were trying to arrange a translator without checking with me first. This caused avoidable delays and stress.","Joyce T","108899903975734229750","https://www.google.com/maps/contrib/108899903975734229750/reviews?hl=en","https://lh3.googleusercontent.com/a-/ALV-UjWmT-UQklym_d17cbeHk6lL2PXtlGfDaOD8XwrW-A-BmDWV3kak=w36-h36-p-rp-mo-ba12-br100",1,63,2494,"a month ago","","relevant"
"Ci9DQUlRQUNvZENodHljRjlvT2tKdFN6SmhXVkJYY0haU1JFaHFVMHgyVTJzelJVRRAB","0x30da255ae7380ae7:0x3bfcce7acc45cfac","Bangkok Hospital Chiang Mai",2,"My bf and I came here for a check-up and was disappointed with the experience. Despite confirming via Line beforehand, they forgot to register me entirely. We had a 10am appointment but ended up waiting over an hour with no clear communication.

The biggest issue was the disorganization. Unlike other hospitals, there was no single assigned nurse - we were just constantly told to ""go wait there"". After fasting for 4+ hours as required, we finally went to grab food, only to be urgently called back because ""the doctor is waiting."" We rushed back without eating, then waited again anyway.

When we finally saw the doctor, they had us both in the room at the same time instead of seeing us separately. I also expected to see specialists for a comprehensive check-up, not just one general doctor. The staff and doctor were friendly and nice, but the service quality simply doesn't match the cost. Would not recommend.","Seren Yenikent","111713926989928663144","https://www.google.com/maps/contrib/111713926989928663144/reviews?hl=en","https://lh3.googleusercontent.com/a-/ALV-UjUGLg9pqXf9dJn9wbSJq4w649rwKQiq68zqBeVTnUUcdXaxIeAW=w36-h36-p-rp-mo-ba12-br100",1,26,5,"5 months ago","","relevant"
"Ci9DQUlRQUNvZENodHljRjlvT21OZlgxcHdaQzFHY0ZGUlIwOHRha1Y2YmxsVU5IYxAB","0x30da255ae7380ae7:0x3bfcce7acc45cfac","Bangkok Hospital Chiang Mai",1,"I really thought this would be a better hospital as compared to the public ones. Considering the price you pay, you would expect a premium systematic process. I came in and was told that the doctor is ready to see me right away. I waited two hours until I was actually seen by her. Apparently, the nurses have overseen my files. I had to come up repeatedly to ask for an update only to know that they forgot I was waiting.

The worst here is that you would get random nurses attend to you who doesn’t seem to connect with each other. I had submitted my result to one nurse who didn’t tell the others so my turn kept getting pushed back.

Now on my 4th hour waiting.

Honestly, not worth the extra fee for a fake “premium”. There are better hospitals in Chiang Mai.","Kent","101375310265478897403","https://www.google.com/maps/contrib/101375310265478897403/reviews?hl=en","https://lh3.googleusercontent.com/a-/ALV-UjXI-iyR3kbGNMatb09_4ZHkJy-titMApQQ0frrLB4GXt2EWA-M=w36-h36-p-rp-mo-ba12-br100",1,25,5,"5 months ago","","relevant"
"Ci9DQUlRQUNvZENodHljRjlvT21Ga1VsRlJXakpQY1d4elZtUnZjRzl5TUhOQmNWRRAB","0x30da255ae7380ae7:0x3bfcce7acc45cfac","Bangkok Hospital Chiang Mai",5,"Due an accident on my bicycle I had to go to the hospital. Hip replacement and also operation on shoulder. Doctor very high skill and caring. All nurses excellent help and always with a smile. People responsible for food also great and food great taste every day.
A chrash like this can make you start thinking and  get sad and depressed but the way how every member of this hospital acting, the care they show and always close to laugh and big smile make me feel so much better during my 3 weeks stay.
Thank you all for you caring about me.
Farang at room 502","Anders Björk","113659206356364621795","https://www.google.com/maps/contrib/113659206356364621795/reviews?hl=en","https://lh3.googleusercontent.com/a-/ALV-UjUIBL6DuzDC-5x48WNV16BlWNN5VMH1RE-OtdNyFiVmqRUc7znO=w36-h36-p-rp-mo-ba12-br100",1,17,34,"5 months ago","","relevant"
"Ci9DQUlRQUNvZENodHljRjlvT2twa1FVSllYMUJ4VERGM01XUkpNbWRIWkdFek4xRRAB","0x30da255ae7380ae7:0x3bfcce7acc45cfac","Bangkok Hospital Chiang Mai",1,"Very unsatisfactory medical experience！
We went to the emergency room yesterday and were given an appointment with a dentist for today. …","麦糯","109268288698647199742","https://www.google.com/maps/contrib/109268288698647199742/reviews?hl=en","https://lh3.googleusercontent.com/a/ACg8ocJ9DWTWoPlachFbFzDCMcgETB8OotCKwTVraGORPaiu9pwHdQ=w36-h36-p-rp-mo-br100",0,1,1,"8 months ago","","relevant"
"ChdDSUhNMG9nS0VJQ0FnSUNJZzVqRmxRRRAB","0x30da255ae7380ae7:0x3bfcce7acc45cfac","Bangkok Hospital Chiang Mai",4,"Very clean hospital. Good for tourists. Doctors speak English. If you have direct billing they can charge to your insurance. If you don’t it may get expensive.

X-Ray, doctor, IV, medicine, 2 hours there was about 4000 baht. $160 CAD in 2018. Pricing depends on what the specialist says, tests and time of day.

Nicest hospital I’ve been to. It’s private, so you’re paying for better care.","James","100372397883549899147","https://www.google.com/maps/contrib/100372397883549899147/reviews?hl=en","https://lh3.googleusercontent.com/a-/ALV-UjXyWTGPQ4KOFuY6a2TbzTx0-7sZKLOENjPCAd4ZISAIm7vjeuLo=w36-h36-p-rp-mo-ba12-br100",1,294,1056,"Edited 4 years ago","Very clean hospital. Good for tourists. Doctors speak English. If you have direct billing they can charge to your insurance. If you don’t it may get expensive.

X-Ray, doctor, IV, medicine, 2 hours there was about 4000 baht. $160 CAD in 2018. Pricing depends on what the specialist says, tests and time of day.

Nicest hospital I’ve been to. It’s private, so you’re paying for better care.","relevant"
"Ci9DQUlRQUNvZENodHljRjlvT21GYVJHVkRORE0xU0ZOZk9WZHVXRkUxVDNwWlpIYxAB","0x30da255ae7380ae7:0x3bfcce7acc45cfac","Bangkok Hospital Chiang Mai",5,"The process here was very quick, my appointment was at 10 o clock, I showed up at 9:40 and was guided at every step by staff members, I then got my medication by 10:30. I booked the appointment online and emailing the hospital has been very efficient, their response times have been quick and they have been very helpful. I came here early on a Wednesday morning, so perhaps waiting times will vary depending on time and date, but I personally have had a very lovely experience. I had gone to Sriphat Hospital previously and had a bad experience there, it is safe to say I will be sticking to this hospital from now on.","August Lynn","108718838993170584729","https://www.google.com/maps/contrib/108718838993170584729/reviews?hl=en","https://lh3.googleusercontent.com/a/ACg8ocIwTLgWE6_hAaWujtij1RKCfYDz6Wkf6V-pJhze_QKW49WGBg=w36-h36-p-rp-mo-br100",0,1,0,"5 months ago","","relevant"
"Ci9DQUlRQUNvZENodHljRjlvT2pscVdsVXpaMDB6WTNRdGNuQm1iMDF4VkZsYWJuYxAB","0x30da255ae7380ae7:0x3bfcce7acc45cfac","Bangkok Hospital Chiang Mai",5,"If you are foreigner and have medical emergency I would definitely recommend coming to this hospital.

I walked into emergency with bad chest pains possible heart attack and within minutes of hearing my description of the pain they took me into emergency room. Started testing and verified I was having acute heart attacks need the surgery right away.
Because I did not have insurance I did need to verify I had means to pay for the full operation. Luckily it was fraction of cost compared to US hospital, which I paid with credit cards.
After the surgery I was relocated to patient room for 2 nights observation which was very nice single room for myself.
Doctors spoke excellent English and most of staff was very friendly/ helpful. The hospital seemed to cater to foreigners.","Harry Kim","101660387574897303343","https://www.google.com/maps/contrib/101660387574897303343/reviews?hl=en","https://lh3.googleusercontent.com/a-/ALV-UjVYpK00hOsz8ES6ERj4roCG2_x4r1fbDUml_EHIQNB_YY8al1-w=w36-h36-p-rp-mo-ba12-br100",1,46,8,"Edited 4 months ago","","relevant"
"ChZDSUhNMG9nS0VJQ0FnTUNnNUxQekZ3EAE","0x30da255ae7380ae7:0x3bfcce7acc45cfac","Bangkok Hospital Chiang Mai",1,"Bewildering incompetence.

Waited for more than an hour for a simple, routine yearly flu vaccine (which …","Rob Agle","103835018370666784293","https://www.google.com/maps/contrib/103835018370666784293/reviews?hl=en","https://lh3.googleusercontent.com/a-/ALV-UjVK_JeeYf60HMXIvMhuWltzbzD-75BarC6FX7NPe2X3_fS5gUE5=w36-h36-p-rp-mo-ba12-br100",1,38,77,"a year ago","","relevant"
"Ci9DQUlRQUNvZENodHljRjlvT25sTVMzVXRZVGxPV25remRFbElaV2hOVlRKRmFVRRAB","0x30da255ae7380ae7:0x3bfcce7acc45cfac","Bangkok Hospital Chiang Mai",2,"The hospital appears modern but is also very inefficient. We had an appointment with a clear purpose but were sent between various unnecessary doctors and had to wait way more than 4 hours. I'd rather have an efficient treatment than a piano in the lobby...","patrick Schultz","117525503006609174143","https://www.google.com/maps/contrib/117525503006609174143/reviews?hl=en","https://lh3.googleusercontent.com/a/ACg8ocLjwxPKP_ypqjneBS9Ar7gK9wYfaYab4tyQnqC_ljouncK9_w=w36-h36-p-rp-mo-ba12-br100",1,17,0,"6 months ago","","relevant"
"Ci9DQUlRQUNvZENodHljRjlvT2t0eVRIaHFWV1pITjJ0Sk5EUlhjVGg0ZDJSMmJGRRAB","0x30da255ae7380ae7:0x3bfcce7acc45cfac","Bangkok Hospital Chiang Mai",1,"I accompanied a breast cancer patient through treatment at this hospital.
Despite its “international” image, our experience was deeply disappointing.

Key decisions were made with poor communication between surgeons, oncologists, and radiotherapy teams. Important risks (including surgical margin issues) were not clearly explained, and responsibility was shifted between departments.

Treatment followed a very aggressive, one-size-fits-all approach, even for an elderly ER/PR-positive patient. When chemotherapy had to stop due to toxicity, the patient was strongly pressured to take extremely expensive medication instead. Multiple oncologists later consulted overseas did not support this recommendation.

Follow-up testing and add-on investigations felt excessive, costly, and poorly justified. Explanations were mostly verbal, with little written information, leaving patients anxious and confused.

Modern facilities alone do not equal ethical, patient-centred care.
I strongly recommend seeking independent second opinions before starting treatment here.","P L","102046908817750918137","https://www.google.com/maps/contrib/102046908817750918137/reviews?hl=en","https://lh3.googleusercontent.com/a/ACg8ocJ6eN7Cxsle5LA33FBaSQE8ZB8aj1Eys0A45c_MqrWu9Wsgvg=w36-h36-p-rp-mo-ba12-br100",1,33,22,"6 months ago","","relevant"
"Ci9DQUlRQUNvZENodHljRjlvT2toek1GRkZZVkF6WlhKR0xUSmhjVkYzZG5abFRWRRAB","0x30da255ae7380ae7:0x3bfcce7acc45cfac","Bangkok Hospital Chiang Mai",5,"First class treatment from the orthopedic team.
Thank you very much for your professionalism.
Definitely recommend.","Ken Co","114965348705562971836","https://www.google.com/maps/contrib/114965348705562971836/reviews?hl=en","https://lh3.googleusercontent.com/a/ACg8ocKYNf2ERIf1ZHeYeFVZRyVOU45XiY963rZk25XBK_psCc7cDQ=w36-h36-p-rp-mo-ba12-br100",1,159,34,"3 months ago","","relevant"
"ChZDSUhNMG9nS0VJQ0FnSUNnMUtDUllBEAE","0x30da255ae7380ae7:0x3bfcce7acc45cfac","Bangkok Hospital Chiang Mai",4,"This is the best international in Chiang Mai , this hospital take care with good service mild and high medical technology , doctor and all staff was so nice , smile , polite , the price of this hospital reasonable with the good service good medicine. This hospital also have translator in all languages by phone and have many staff can speak other language , so you don’t worry about communication.","bado kawaii","110858196152268437610","https://www.google.com/maps/contrib/110858196152268437610/reviews?hl=en","https://lh3.googleusercontent.com/a-/ALV-UjUaCBAv5j1CRv2DRKOsgEHNsvkWNmWNk9XEDdi1iwt95IzBsl_wgA=w36-h36-p-rp-mo-ba12-br100",1,105,1075,"8 years ago","","relevant"
"Ci9DQUlRQUNvZENodHljRjlvT21keWRsTnNZVU5pYjBKNVVrOVJjVWd4WW1GRllXYxAB","0x30da255ae7380ae7:0x3bfcce7acc45cfac","Bangkok Hospital Chiang Mai",5,"Had a wonderful experience with the lactation nurse in the OBGYN clinic. Would recommend to other breast feeding moms who need help when visiting chiang mai. Also is a very nice facility and food court is awesome.","Olivia M","100628875081397554109","https://www.google.com/maps/contrib/100628875081397554109/reviews?hl=en","https://lh3.googleusercontent.com/a/ACg8ocJvpfFVU2IgIUxZzHTg7n51OdijvUNb87Nr5oetK8E7IOjLNQ=w36-h36-p-rp-mo-br100",0,3,1,"4 months ago","","relevant"
"Ci9DQUlRQUNvZENodHljRjlvT2pJeFZWcDRYeTFCUzJSWVQxbzVVVWgxZW5sTVJHYxAB","0x30da255ae7380ae7:0x3bfcce7acc45cfac","Bangkok Hospital Chiang Mai",1,"It’s worse than a general hospital. Waiting 2h just because doctor only comes at 5 pm. They told me to see plastic surgeon for a small wound instead of general surgeon. What kind of scam is this? Nurse to whom I talked showed high disrespect and anxiety after I said I need a general surgeon. Feels like you’re getting paid, not them.","Kirill O'nayd","103385296343735012789","https://www.google.com/maps/contrib/103385296343735012789/reviews?hl=en","https://lh3.googleusercontent.com/a-/ALV-UjUTQ1rQ9z-uqfSFdXKKaG2GCivpeInOyb1qJd8FhvPa3s02n9n2=w36-h36-p-rp-mo-ba12-br100",1,34,2,"6 months ago","","relevant"
"Ci9DQUlRQUNvZENodHljRjlvT25Wc00wY3pNVWRDZFZWQk0zTTBObWh0VnpjelYzYxAB","0x30da255ae7380ae7:0x3bfcce7acc45cfac","Bangkok Hospital Chiang Mai",2,"The hospital has expanded the space and has nice atmosphere with a free coffee machine. They have good doctors but the waiting time is too long. I made appointment at 11.15 am but I met a doctor at 12.15. then the doctor assigned for x-ray. It was quick but then we had to wait for the doctor again until 1.15 pm. Every process had at least 30 mins waiting time. We left the hospital at 2 pm.  it was too long for waiting at this hospital.","Sumadee Chaipanich","112198451912027373512","https://www.google.com/maps/contrib/112198451912027373512/reviews?hl=en","https://lh3.googleusercontent.com/a-/ALV-UjVQ8Lf-iE07ixOOq4YjPkXrgfxzwNHWoF6nY0NbAWjcq83Nfnp5=w36-h36-p-rp-mo-ba12-br100",1,85,176,"7 months ago","","relevant"
"Ci9DQUlRQUNvZENodHljRjlvT2tGTmFGcFlVVWcyUlhwWWQwUk5SRTlJTUVKemMxRRAB","0x30da255ae7380ae7:0x3bfcce7acc45cfac","Bangkok Hospital Chiang Mai",5,"Unreal experience, first thai hospital experience 10/10. In and out in 2 hours for a procedure I’ve needed done for 4-5 years that Australian medical system beat around the bush trying to avoid to do other things that don’t work!","zakk wanstall-burns","105191664899130495849","https://www.google.com/maps/contrib/105191664899130495849/reviews?hl=en","https://lh3.googleusercontent.com/a/ACg8ocJGUyR3RXMZjjM-J0zZT-f2heyfDRb_S2z1uEMdTGkm1oXCLQ=w36-h36-p-rp-mo-br100",0,2,1,"4 months ago","","relevant"
"ChdDSUhNMG9nS0VJQ0FnSURybEttRGpRRRAB","0x30da255ae7380ae7:0x3bfcce7acc45cfac","Bangkok Hospital Chiang Mai",3,"Pretty good hospital. Nice and clean. Doctors here are similar to doctors at other local hospitals.  Nice clean rooms.  Prices  at bangkok hospital continue to rise and and this hospital is no longer a good deal.  Doctors can speak good english.  The staff can speak some english.","Ploy Wang","117060414528276389553","https://www.google.com/maps/contrib/117060414528276389553/reviews?hl=en","https://lh3.googleusercontent.com/a-/ALV-UjXQE47NZeouH0hmWC4bYoPYaOMbMGqokKmAMaJiEyj-kL43kqSBZw=w36-h36-p-rp-mo-ba12-br100",1,670,12762,"Edited a year ago","","relevant"
"ChdDSUhNMG9nS0VJQ0FnSUNSeDg2RWxnRRAB","0x30da255ae7380ae7:0x3bfcce7acc45cfac","Bangkok Hospital Chiang Mai",1,"I called Bangkok Hospital Chiang Mai for some information and was told the nurse would call me back because she was busy. The call never came. Very unprofessional. Most of the comments speak for themselves. Had even a bad messed up surgery at Bangkok Hospital Pattaya many years ago. The doctor cut my nerve. No sensation in that part ever since.","Y66ll Huaweu","110815149456195620758","https://www.google.com/maps/contrib/110815149456195620758/reviews?hl=en","https://lh3.googleusercontent.com/a/ACg8ocJegVdpeA1veurCu5-1Q0iISRgJoGbgOOCve3fzUTmKHb-4bA=w36-h36-p-rp-mo-ba12-br100",1,102,348,"Edited a month ago","","relevant"
"ChdDSUhNMG9nS0VJQ0FnSURBeFpIc3hnRRAB","0x30da255ae7380ae7:0x3bfcce7acc45cfac","Bangkok Hospital Chiang Mai",2,"It most certainly depends on for what you come here. These are the departments I can judge from my personal experience so far: …","S. S.","113205927014343515340","https://www.google.com/maps/contrib/113205927014343515340/reviews?hl=en","https://lh3.googleusercontent.com/a-/ALV-UjUOCSDXfRLvECi-x4lLh9hPEwu8hufh7l89gSdfTI5o5AgXuvlH=w36-h36-p-rp-mo-ba12-br100",1,286,790,"Edited 2 years ago","","relevant"
"Ci9DQUlRQUNvZENodHljRjlvT21Zd04xaHpTVXh1UTJ4T1p6bDBabGx0UTBkRU1YYxAB","0x30da255ae7380ae7:0x3bfcce7acc45cfac","Bangkok Hospital Chiang Mai",5,"I went to this hospital due to poisoning, as later revealed, caused by rotavirus and e. coli. Medical staff took care of me immedietaly.

During my 5 day stay at the hospital, I  received great care from highly professional and engaged team of nurses.

The building is very modern and tidy. My room was cleaned and supplied with different amenities daily.","Jakub","101741923443917602165","https://www.google.com/maps/contrib/101741923443917602165/reviews?hl=en","https://lh3.googleusercontent.com/a/ACg8ocIGSWmF-IL8tjX_5W0sJG1A0_SL_ZlQ_4KJNGknr8Dd7vBMIw=w36-h36-p-rp-mo-br100",0,9,0,"7 months ago","","relevant"
"Ci9DQUlRQUNvZENodHljRjlvT2pkNmJGRlJiVkZXWjBaU1YwRmpaVnBHZG1aT2VtYxAB","0x30da255ae7380ae7:0x3bfcce7acc45cfac","Bangkok Hospital Chiang Mai",5,"Went for cardiac assessment — not emergency care. I was able to easily book an appointment online and receive confirmation for a visit for the following day. I selected the assessment that I wanted but was able to review my request with a cardiologist before the testing. She reviewed my symptoms and agreed for the need for testing. I completed an extensive amount of test (blood test, UA, stress test, ECG) within a few hours and had the results. The cardiologist reviewed the findings with me. I am very grateful and impressed with the care received here.","Abigail Miss","106158777855386425343","https://www.google.com/maps/contrib/106158777855386425343/reviews?hl=en","https://lh3.googleusercontent.com/a-/ALV-UjUW-vNdX-1VKgs2n7XZo2CNoMcGulxGlFyrYoAnZehxVURNVMKw=w36-h36-p-rp-mo-ba12-br100",1,51,72,"7 months ago","","relevant"
"Ci9DQUlRQUNvZENodHljRjlvT205UE5rcDZSRVpMTWw4Mk5tSndPV2RaYTJsRlkzYxAB","0x30da255ae7380ae7:0x3bfcce7acc45cfac","Bangkok Hospital Chiang Mai",5,"The dermatologist was very patient, professional and I felt well looked after throughout!","Christina","107520550443958882072","https://www.google.com/maps/contrib/107520550443958882072/reviews?hl=en","https://lh3.googleusercontent.com/a/ACg8ocJYzPTAG8e00ziAlQlfIA14RAPoXt9eaRPX0r1rudT7DTOv-w=w36-h36-p-rp-mo-ba12-br100",1,21,0,"3 months ago","","relevant"
"ChdDSUhNMG9nS0VJQ0FnTUNBallYVG1BRRAB","0x30da255ae7380ae7:0x3bfcce7acc45cfac","Bangkok Hospital Chiang Mai",5,"I came here because we expected a tropical infection .. The way they take care of you kinda blowed my mind … Everything was coordinated and fast . They took care that all of my doctors and nurses are speaking English . The treatment was …","Pepe Kaufmann","105896113767857133510","https://www.google.com/maps/contrib/105896113767857133510/reviews?hl=en","https://lh3.googleusercontent.com/a-/ALV-UjVVj8kY5vUXQ2NRaqlIjiSd4cMfTnK_uqCYtZwdklLFc3fNdMW7=w36-h36-p-rp-mo-ba12-br100",1,65,31,"a year ago","","relevant"
"ChdDSUhNMG9nS0VJQ0FnSUNXckliM21RRRAB","0x30da255ae7380ae7:0x3bfcce7acc45cfac","Bangkok Hospital Chiang Mai",5,"1.)Easy to find the location it’s on the superhighway Chiangmai-Lampang near Makro.
2.) They really care to service you.
3.)The doctors can speak English pretty well.
4.)Inside of building it has many ATMs , the coffee shop the drug store.
5.) It’s clean place and  nice looking.
6.) The price it’s same as other private hospitals in Chiangmai same range.
I think it’s a great choice for hospital.","Gun Lewis","109645963903979293551","https://www.google.com/maps/contrib/109645963903979293551/reviews?hl=en","https://lh3.googleusercontent.com/a-/ALV-UjXveqFt6Q3yjBMJC5qfwJ9aSaPwJh0r2yUWQwhNYa80jwybuGA=w36-h36-p-rp-mo-ba12-br100",1,216,1285,"4 years ago","","relevant"
"Ci9DQUlRQUNvZENodHljRjlvT2xCU05IWkdZMDlSYWw5TWVHUkxURXRHU2xFMGRuYxAB","0x30da255ae7380ae7:0x3bfcce7acc45cfac","Bangkok Hospital Chiang Mai",2,"I visited this hospital today to get some bloodwork done. The blood needed to be taken before 10am for the results to be accurate. I arrived before the department opened at 8am. Despite knowing that my blood needed to be taken before 10am, …","James Lord","117172437387706657036","https://www.google.com/maps/contrib/117172437387706657036/reviews?hl=en","https://lh3.googleusercontent.com/a/ACg8ocJEc9b2kBCh8-_M6E1DyTK3sCW4bDRXlIszo8CvaYnwnND0JYk=w36-h36-p-rp-mo-ba12-br100",1,20,0,"7 months ago","","relevant"
"Ci9DQUlRQUNvZENodHljRjlvT2tka1UyNXNjVkJaVm1GcVFVZFNSUzFZUXpndFJXYxAB","0x30da255ae7380ae7:0x3bfcce7acc45cfac","Bangkok Hospital Chiang Mai",5,"I needed emergency care and received excellent service! A consultation, including an exam and medication at the end, cost a little over 1000 Baht. I was admitted immidiately due to food poisoning. All the doctors and nurses were super nice and supportive. All support was provided in English. I highly recommend it to foreigners!","Ewa Dąbrowska","110266333807475489053","https://www.google.com/maps/contrib/110266333807475489053/reviews?hl=en","https://lh3.googleusercontent.com/a-/ALV-UjX5nP0xEPz_EkLyDxm_Ym8xmTz7V5WzgmKhOd6Ae9w9TIz3bcaq=w36-h36-p-rp-mo-ba12-br100",1,40,8,"7 months ago","","relevant"
"Ci9DQUlRQUNvZENodHljRjlvT2tGcFUyVjZXVUY0UWxoSVRtcFNUSFJhUlZaSU5IYxAB","0x30da255ae7380ae7:0x3bfcce7acc45cfac","Bangkok Hospital Chiang Mai",5,"The best (and most expensive) western style hospital in Chiang Mai with English speaking doctors and staff. There may be better specialists or specialty departments at other hospitals,  but this would be a good starting point for diagnostics.","David Kay","102654822625069560169","https://www.google.com/maps/contrib/102654822625069560169/reviews?hl=en","https://lh3.googleusercontent.com/a-/ALV-UjUu6RNY7JaZA9BTrP1W6rEf--_ACq7zF2pH77rUYmTKDKk4GEzH=w36-h36-p-rp-mo-ba12-br100",1,36,153,"3 months ago","","relevant"
"Ci9DQUlRQUNvZENodHljRjlvT2xWTmQyaHFNREpVT1ZaVlJWRnVjVGhmWkdVMU9XYxAB","0x30da255ae7380ae7:0x3bfcce7acc45cfac","Bangkok Hospital Chiang Mai",1,"Dr. was super careless and prescribed my husband cipro for a very common bacterial infection.

We did our own research into the antibiotics that the doctor prescribed just as a precaution and found that cipro has caused many many people irreversible side effects such as depression, nerve damage, and so many more terrible things. Just for a simple infection she prescribed him cipro!

Worst part was we got zero warning about side effects from doctor or pharmacist. So irresponsible I cannot believe it!","Avika Narula","116396355434433609121","https://www.google.com/maps/contrib/116396355434433609121/reviews?hl=en","https://lh3.googleusercontent.com/a-/ALV-UjXMjrnQlNiF-sOnhTeVyA5pPH0BBNRPEaxRJ6ajY4ybmr7WO4j0=w36-h36-p-rp-mo-ba12-br100",1,16,2,"5 months ago","","relevant"
"Ci9DQUlRQUNvZENodHljRjlvT25WamVGVkpXR1JwWWtoc05UUkdUeTFXUVhKbk1HYxAB","0x30da255ae7380ae7:0x3bfcce7acc45cfac","Bangkok Hospital Chiang Mai",1,"Beware of this hospital. I had a bad case of gastroenteritis...with their recommendation to have a CAT scan and blood test...totalling 40000 thb. Although covered by insurance, I questioned why? No valid response was received from the young and inexperienced doctor except I should also stay in overnight for observation (which I assumed would be very expensive). I declined and sort medical advice from HCMC medical practice..who gave me a diagnosis and medication...all for 1320 thb...I was well on the road to recovery the next morning. In short...it's an insurance scam by the hospital to advise you on treatments you probably do not require...just for profit. I will never set foot in this hospital again.","Michael Barclay","104337968776087763280","https://www.google.com/maps/contrib/104337968776087763280/reviews?hl=en","https://lh3.googleusercontent.com/a-/ALV-UjUI2qxCl0xFpZydoBV1nfKo4z1cFHIy21NqiNBK2qYrg4SpJvd2=w36-h36-p-rp-mo-br100",0,11,1,"6 months ago","Beware of this hospital. I had a bad case of gastroenteritis...with their recommendation to have a CAT scan and blood test...totalling 40000 thb. Although covered by insurance, I questioned why? No valid response was received from the young and inexperienced doctor except I should also stay in overnight for observation (which I assumed would be very expensive). I declined and sort medical advice from HCMC medical practice..who gave me a diagnosis and medication...all for 1320 thb...I was well on the road to recovery the next morning. In short...it's an insurance scam by the hospital to advise you on treatments you probably do not require...just for profit. I will never set foot in this hospital again.","relevant"
"ChZDSUhNMG9nS0VJQ0FnSUNKcVkzdlFnEAE","0x30da255ae7380ae7:0x3bfcce7acc45cfac","Bangkok Hospital Chiang Mai",1,"Disappointing Experience with Bangkok Hospital Chiang Mai

I recently had an unfortunate experience at Bangkok Hospital in Chiang Mai, and …","Kay Kaesler","107419769829965187734","https://www.google.com/maps/contrib/107419769829965187734/reviews?hl=en","https://lh3.googleusercontent.com/a/ACg8ocL7CAaUgPEVikIK5fRqnTibrkrZLbfP3gS8aYWOeEriX7ia974=w36-h36-p-rp-mo-ba12-br100",1,21,36,"2 years ago","","relevant"
"Ci9DQUlRQUNvZENodHljRjlvT210SmRXMXZabDlFWVZoV1ZsaFFNbmhYVkMxd1JGRRAB","0x30da255ae7380ae7:0x3bfcce7acc45cfac","Bangkok Hospital Chiang Mai",1,"This place has zero customer support. Can't even book an appointment because they don't respond to any emails or inquiries on their website. Chiang Mai Ram at least responds pretty fast.","Josh","116301775520614082166","https://www.google.com/maps/contrib/116301775520614082166/reviews?hl=en","https://lh3.googleusercontent.com/a-/ALV-UjXQWFrRVdgLJ_vlOaYChiEyTUO6cvyytzNWbsVrnyJ7u3TTRhI=w36-h36-p-rp-mo-br100",0,15,0,"a month ago","","relevant"
"Ci9DQUlRQUNvZENodHljRjlvT2xwMWVEaHJTbUZSVFZZeVMzQm9SM2xHV2xSaWVXYxAB","0x30da255ae7380ae7:0x3bfcce7acc45cfac","Bangkok Hospital Chiang Mai",1,"I have never felt so ripped off in my entire life across nine countries. Bangkok Hospital Chiang Mai is, in my opinion, the last hospital a foreigner should consider in Chiang Mai. You will be charged exorbitantly for mediocre service.

They charged 3,500 THB for medicine worth around 900 THB, leveraging my distress to extract a 160% overcharge. The bill even included a 200 THB fee just for putting my medicine in a bag... I am not joking.

The nurse barely spoke English and tried to push unnecessary extra appointments and tests.

The doctor was 25 minutes late, despite his department being empty, gave me 4 minutes of consultation, went back to doing nothing, and charged 950 THB. Completely useless and predatory. He cares so much about his patients than in spite of this being my third visit he still didn't know my name and I doubt he recognizes me.

The second floor had litter around, and I tripped on sticky Starbucks coffee. They can’t even keep their premises clean.

Staff are rude, obsessed by getting as much possible money as they can from you, and clearly don’t care about patient health. Cashier straight asked me "" How much cash do you have on you""'?. I was bewildered. Last time I I heard that sentence I was getting mugged, not in an institution that is supposedly reputable.

But hey, there’s a guy playing piano in the lobby, so I guess that makes their circus “classy” and “high-end”?

This is the worst hospital experience I have ever had. Avoid at all costs.","Tristan BILI","102209580915221550909","https://www.google.com/maps/contrib/102209580915221550909/reviews?hl=en","https://lh3.googleusercontent.com/a/ACg8ocKsuI-b7eOE5qITw0wpDq1DyJ0OuqvZeWCud_vbZTm2w6NUPA=w36-h36-p-rp-mo-br100",0,3,0,"Edited 9 months ago","I have never felt so ripped off in my entire life across nine countries. Bangkok Hospital Chiang Mai is, in my opinion, the last hospital a foreigner should consider in Chiang Mai. You will be charged exorbitantly for mediocre service.

They charged 3,500 THB for medicine worth around 900 THB, leveraging my distress to extract a 160% overcharge. The bill even included a 200 THB fee just for putting my medicine in a bag... I am not joking.

The nurse barely spoke English and tried to push unnecessary extra appointments and tests.

The doctor was 25 minutes late, despite his department being empty, gave me 4 minutes of consultation, went back to doing nothing, and charged 950 THB. Completely useless and predatory. He cares so much about his patients than in spite of this being my third visit he still didn't know my name and I doubt he recognizes me.

The second floor had litter around, and I tripped on sticky Starbucks coffee. They can’t even keep their premises clean.

Staff are rude, obsessed by getting as much possible money as they can from you, and clearly don’t care about patient health. Cashier straight asked me "" How much cash do you have on you""'?. I was bewildered. Last time I I heard that sentence I was getting mugged, not in an institution that is supposedly reputable.

But hey, there’s a guy playing piano in the lobby, so I guess that makes their circus “classy” and “high-end”?

This is the worst hospital experience I have ever had. Avoid at all costs.","relevant"
"Ci9DQUlRQUNvZENodHljRjlvT2xadVIzUTRZbXRDUVRWalRVcDNkMUJIWVV4Vk5VRRAB","0x30da255ae7380ae7:0x3bfcce7acc45cfac","Bangkok Hospital Chiang Mai",2,"I've had both good and bad experiences here. The place has luxurious decor and staff was friendly and most of them spoke English. On the other hand, I felt they sold me a lot of medications that I barely needed. The worst part was that the …","Rafi แก้ว Metz","115812311367401703566","https://www.google.com/maps/contrib/115812311367401703566/reviews?hl=en","https://lh3.googleusercontent.com/a-/ALV-UjVb1ZnTs7tDVMxz7CyMzraC04Foadpbx3jqOSRHO2P7j0bNJS7s=w36-h36-p-rp-mo-ba12-br100",1,61,633,"7 months ago","","relevant"
"Ci9DQUlRQUNvZENodHljRjlvT2tKWFVtOU5ibVpSYUZZelNYWndZMHR4VTE5bmNXYxAB","0x30da255ae7380ae7:0x3bfcce7acc45cfac","Bangkok Hospital Chiang Mai",2,"My wife had a mosquito virus with a long name. The doctor and nurses were nice. We paid around $150 usd, seemed like a lot. But that’s not why I’m giving it a low rating. The feminine guy that was collecting payment was extremely moody and impatient, expecting us to know what we had to do in his section of the hospital. Typical bad customer service where the employee takes out their anger from the previous customer and applies to the next customer. They think in terms of “I told you customers this a million times!” But don’t care that it’s the first time we’re hearing it because it was our first time at the hospital. Extremely unprofessional attitude and behavior.","G F","118160110840814647321","https://www.google.com/maps/contrib/118160110840814647321/reviews?hl=en","https://lh3.googleusercontent.com/a/ACg8ocLBm7pJhK_oreLWIwEdzgEoOuxIO6u2br5xHZEZybzsLn9vVQ=w36-h36-p-rp-mo-ba12-br100",1,42,17,"11 months ago","My wife had a mosquito virus with a long name. The doctor and nurses were nice. We paid around $150 usd, seemed like a lot. But that’s not why I’m giving it a low rating. The feminine guy that was collecting payment was extremely moody and impatient, expecting us to know what we had to do in his section of the hospital. Typical bad customer service where the employee takes out their anger from the previous customer and applies to the next customer. They think in terms of “I told you customers this a million times!” But don’t care that it’s the first time we’re hearing it because it was our first time at the hospital. Extremely unprofessional attitude and behavior.","relevant"
"Ci9DQUlRQUNvZENodHljRjlvT2tGRk9GVkZhVUp3YjFGdE4zQTFUSGhvZWtoVlNtYxAB","0x30da255ae7380ae7:0x3bfcce7acc45cfac","Bangkok Hospital Chiang Mai",5,"Check in @Emergency and stayed overnight for surgery.
Bangkok Hospital Chiang mai has impressed us with their excellent service and attention to details.","Listener 2016","109680705446074243137","https://www.google.com/maps/contrib/109680705446074243137/reviews?hl=en","https://lh3.googleusercontent.com/a-/ALV-UjXAgDPK9ZMRsw0Z80vli8cQs5fibJsTzuqemmmb2vcQ5nD0hTKN=w36-h36-p-rp-mo-ba12-br100",1,50,0,"Edited 3 months ago","","relevant"
"Ci9DQUlRQUNvZENodHljRjlvT2pWRlJFSldPRGd6V0UxUGQwbElkamxsWDFZNGIzYxAB","0x30da255ae7380ae7:0x3bfcce7acc45cfac","Bangkok Hospital Chiang Mai",2,"I think the hospital is slipping or they are understaffed. I came in for an ultrasound to see my stomach muscles, the radiologist did not do an ultrasound for that, the doctor took a week to get back to me to tell me that I needed to come …","Janna Hanover","104674636203248698672","https://www.google.com/maps/contrib/104674636203248698672/reviews?hl=en","https://lh3.googleusercontent.com/a-/ALV-UjWEhrdJs8goUM41ZHtOLUI9jUpWEqprTj159P0evRIEaKsyzmY3=w36-h36-p-rp-mo-ba12-br100",1,23,1,"4 months ago","","relevant"
"ChZDSUhNMG9nS0VJQ0FnSURlM3VHRllREAE","0x30da255ae7380ae7:0x3bfcce7acc45cfac","Bangkok Hospital Chiang Mai",5,"First class hospital if you’re willing to spend a little more.
Spotless, modern with a very competent and helpful staff. They had all the newest equipment including a GE CT scanner, Hill-Rom transport gurneys and beds and modern laparoscopic diagnosis and surgical equipment. A shout out to Dr. Worawit K. who came to the emergency room in the middle of the night and was a thorough professional throughout!
The initial estimate scared me a bit but at the end, they actually came in well below estimate.","Traveler","111177886987298403269","https://www.google.com/maps/contrib/111177886987298403269/reviews?hl=en","https://lh3.googleusercontent.com/a/ACg8ocIUk_zAFy6gdShQenlwwjtdEfSlpkH8DMMzsMcVIIjI6W_oGA=w36-h36-p-rp-mo-ba12-br100",1,101,38,"3 years ago","","relevant"
"Ci9DQUlRQUNvZENodHljRjlvT25BNVVIVnFVMFJ6VWpGalNYVTRTMUpFUW1kZlRuYxAB","0x30da255ae7380ae7:0x3bfcce7acc45cfac","Bangkok Hospital Chiang Mai",1,"Patients -BEWARE- This has to be the worst hospital in Chaingmai. Yes the rooms are beautiful,  they even have battery operated trash cans.
However if your sick Do Not …","D. Stabile","100450041285973576195","https://www.google.com/maps/contrib/100450041285973576195/reviews?hl=en","https://lh3.googleusercontent.com/a/ACg8ocLrIZPde6Du19LJM8ChzOCqRK-U-9vifa8vmtSFkRQR1YkoFg=w36-h36-p-rp-mo-br100",0,2,0,"8 months ago","","relevant"
"ChdDSUhNMG9nS0VJQ0FnTUNJLUwtNHhRRRAB","0x30da255ae7380ae7:0x3bfcce7acc45cfac","Bangkok Hospital Chiang Mai",5,"I went to the gynecology department for an ultrasound and other checkups. The hospital itself is clean, organized and comfortable. Most of the staff we interacted with could speak English. The service was quite good, and the doctor was very friendly and helpful! It made us feel at ease. An ultrasound by itself costed 2900 baht. If you drive and park at the parking there is even a shuttle service that will take you to the entrance of the hospital and back when you’re done.","Ash Kuo","114739569840104840170","https://www.google.com/maps/contrib/114739569840104840170/reviews?hl=en","https://lh3.googleusercontent.com/a/ACg8ocLZ2sFLlGVoSOBOQaiNfAIVQuVYJtqagtegA7IsOAn5LiT1Sg=w36-h36-p-rp-mo-br100",0,1,0,"a year ago","","relevant"
"ChZDSUhNMG9nS0VJQ0FnSURCM3FXMFdnEAE","0x30da255ae7380ae7:0x3bfcce7acc45cfac","Bangkok Hospital Chiang Mai",5,"Fantastic service and very good quality, with everyone speaking English.

The doctor was excellent, very courteous and professional. Explaining everything …","AR","115973562635767002233","https://www.google.com/maps/contrib/115973562635767002233/reviews?hl=en","https://lh3.googleusercontent.com/a-/ALV-UjWcmxjIP9UgWCeSpKU_l5xGNZ8iHqzjv_qLsL6l3NHNxKlWS1xa=w36-h36-p-rp-mo-ba12-br100",1,302,1719,"3 years ago","","relevant"
"ChZDSUhNMG9nS0VJQ0FnSUQwek5ldk1REAE","0x30da255ae7380ae7:0x3bfcce7acc45cfac","Bangkok Hospital Chiang Mai",5,"Efficient and friendly service, from welcome to accompaniment between paperwork and medical procedures. Prices are reasonable. My doctor was very understanding not only of my medical situation but also my financial concerns regarding treatment. Bangkok Hospital even provides free shuttle to help with transportation accessibility!","Gabriel Lim","117454316519738370394","https://www.google.com/maps/contrib/117454316519738370394/reviews?hl=en","https://lh3.googleusercontent.com/a-/ALV-UjWS8DUOxrdpx78m4hXV3pj-u1YUEeQYD3S7WWfnUrbo0Ds5lowg=w36-h36-p-rp-mo-ba12-br100",1,28,53,"6 years ago","","relevant"
"ChZDSUhNMG9nS0VQNy1zN1c5MVBfdE1BEAE","0x30da255ae7380ae7:0x3bfcce7acc45cfac","Bangkok Hospital Chiang Mai",2,"I visited the hospital specifically to see a particular doctor with whom I had scheduled an appointment. However, at the last moment, it turned out that a different doctor was assigned to me. No one informed me about this change in advance. I was simply led into the office, where I found out that the specialist was someone else.
Additionally, when I clarified the cost of services before my visit, I explicitly asked whether the doctor’s consultation was included in the package with the ultrasound, and I was told “yes.” In reality, it was not included. This is misleading information. Had I known that the package only covered the ultrasound and not the consultation, I would have chosen not to proceed with the ultrasound.
Furthermore, I don’t understand why medications were added to my bill without my consent. When I refused to pay for them, I wasn’t even given a proper prescription. I was only allowed to take a photo of it. If I am paying for a consultation, I believe I have the right to receive a proper prescription.","Masha Kuzo","113190838476544608052","https://www.google.com/maps/contrib/113190838476544608052/reviews?hl=en","https://lh3.googleusercontent.com/a-/ALV-UjVXgqK-Wh9f-bMmACbV2O9EWk7RGCY9xFgK9IXIE9wcpJNX_zEO=w36-h36-p-rp-mo-ba12-br100",1,27,17,"a year ago","","relevant"
"Ci9DQUlRQUNvZENodHljRjlvT2s1b1VtVlBkbFp3WWtGaWVXOVpWMVI0UXpseE9IYxAB","0x30da255ae7380ae7:0x3bfcce7acc45cfac","Bangkok Hospital Chiang Mai",1,"My partner and I went to get a consultation with the skin clinic. We rang first and were told there was no fee for this but after the consultation we were told we had to pay 800 baht each. I asked if this would come off the fee for the …","Alex Bortoli","112766052647509279172","https://www.google.com/maps/contrib/112766052647509279172/reviews?hl=en","https://lh3.googleusercontent.com/a-/ALV-UjUfPOeQ0LappOC-glnXEBEdWlQhMH87YvliRxApo-nvOt2t71vv=w36-h36-p-rp-mo-ba12-br100",1,11,4,"10 months ago","","relevant"
"ChdDSUhNMG9nS0VJQ0FnSUNlcE1tbDlRRRAB","0x30da255ae7380ae7:0x3bfcce7acc45cfac","Bangkok Hospital Chiang Mai",5,"The hospital looks modern and advanced. The staff was courteous and helpful. Wait time was not too long and the doctor was knowledgeable. Most importantly, the price for foreigners (consultation only) was affordable.","Warren Woo","107174023041074711088","https://www.google.com/maps/contrib/107174023041074711088/reviews?hl=en","https://lh3.googleusercontent.com/a-/ALV-UjVSnJ_vbh3ldBzHWt3Un5pRl1YtUesoL0rLHxkOwS9FLyDPqcfW=w36-h36-p-rp-mo-ba12-br100",1,51,318,"3 years ago","","relevant"
"ChZDSUhNMG9nS0VJQ0FnSUNMb2N5S0NREAE","0x30da255ae7380ae7:0x3bfcce7acc45cfac","Bangkok Hospital Chiang Mai",5,"The hospital is great ! I didn’t feel good at night and went for the check up. The nurse, the doctor and other staff were very friendly and explained to me everything in details in friendly manner. I paid around 1100 baht. Thanks for your help 🙏 …","Simeonov S","110719536780232331848","https://www.google.com/maps/contrib/110719536780232331848/reviews?hl=en","https://lh3.googleusercontent.com/a-/ALV-UjUbX9LPS6v_ElTtfX8IbDsXhcZkJxLr1iS2JfmN2nUmZUteU5NY=w36-h36-p-rp-mo-ba12-br100",1,145,72,"a year ago","","relevant"
"ChZDSUhNMG9nS0VJQ0FnTUNJeDRhUlF3EAE","0x30da255ae7380ae7:0x3bfcce7acc45cfac","Bangkok Hospital Chiang Mai",5,"My daughter came here for abdominal pains on a Monday. They did a complete exam including an ultrasound, a CT scan and bloodwork. They discovered she had a tumor on her ovary. The doctor wanted to do surgery right away. She scheduled the surgery for Wednesday. I flew here from America so I could be with her. The surgery went great and she spent two days in the hospital recovering. Obviously coming from America I was nervous about the whole situation. But from start to finish, I couldn’t have asked for better care. From the Doctors to the nurses I couldn’t be more happy.","Steve Rich","101078937744020088594","https://www.google.com/maps/contrib/101078937744020088594/reviews?hl=en","https://lh3.googleusercontent.com/a/ACg8ocIjggv_VXgU9BqrYq7pecCM49QrkKnuTcI_Ov5wZ7xF4STgjQ=w36-h36-p-rp-mo-br100",0,5,2,"a year ago","My daughter came here for abdominal pains on a Monday. They did a complete exam including an ultrasound, a CT scan and bloodwork. They discovered she had a tumor on her ovary. The doctor wanted to do surgery right away. She scheduled the surgery for Wednesday. I flew here from America so I could be with her. The surgery went great and she spent two days in the hospital recovering. Obviously coming from America I was nervous about the whole situation. But from start to finish, I couldn’t have asked for better care. From the Doctors to the nurses I couldn’t be more happy.","relevant"
"ChZDSUhNMG9nS0VOcmd3dkxXamJ6WVh3EAE","0x30da255ae7380ae7:0x3bfcce7acc45cfac","Bangkok Hospital Chiang Mai",1,"What it was supposed to be a new carpark with proper shade . Turned out  the roof is leaking . Not only that , it was flooded that it was hard to get into the car.   Bad engineering from 5 star hospital.","157makeawish","108888470310881764136","https://www.google.com/maps/contrib/108888470310881764136/reviews?hl=en","https://lh3.googleusercontent.com/a/ACg8ocKnv_tDBxW-t15cL77yahfDCMFoypGE3k4yjwP_q8o9RzLqAA=w36-h36-p-rp-mo-br100",0,3,1,"a year ago","","relevant"
"Ci9DQUlRQUNvZENodHljRjlvT2pNeE9VZzFjV2x6YTAxQmNIUk1SekJhTVZWbU9VRRAB","0x30da255ae7380ae7:0x3bfcce7acc45cfac","Bangkok Hospital Chiang Mai",1,"My experience with Bangkok Hospital Chiang Mai was beyond disappointing; it was genuinely distressing and felt like a calculated attempt to make money by scaring patients. I would strongly advise anyone, especially foreigners or students …","Ye Naing","105782187206157899992","https://www.google.com/maps/contrib/105782187206157899992/reviews?hl=en","https://lh3.googleusercontent.com/a-/ALV-UjWTmTSTYZZPvBZRZz85-OVhRakqaVFKhlujieLjQi3pP9SvsEvv=w36-h36-p-rp-mo-ba12-br100",1,8,8,"11 months ago","","relevant"
"ChZDSUhNMG9nS0VJQ0FnTURBLWJhSENBEAE","0x30da255ae7380ae7:0x3bfcce7acc45cfac","Bangkok Hospital Chiang Mai",5,"My experience as a walk-in with minor injuries (road rash wounds & knee ligament damage from a bike accident), was top class 🙏 from the moment I got out of the taxi a porter was coming with a wheelchair to assist me. I was quickly assessed and then wheeled to the correct department where I was triaged and didn't have to wait long to see a doctor. It wasn't long again before I had an x-ray and again, a short wait until the results. Nothing was too much as they wheeled me and waited for two toilet visits and a cafe run (a very minimalist coffee/snack cafe in the hospital).
The most note-worthy was my experience with a young female doctor and her assistant nurse. They were both so friendly and kindly spoke great English. They could see that gauze was stuck in my wounds from a previous treatment at a lesser establishment, and they were so delicate and gentle when removing them, constantly apologising and making sure I was ok! I'm from the UK and have never had a doctor spend time doing something like this, usually a nurse who is overworked and has to rush through. Their follow-up care and attention to detail with little gift-style hospital bags for prescriptions is a really nice touch. They have free water cups everywhere; high, wing-back comfy chairs; relaxing grand piano playing; high ceilings; large windows; plenty of light; modern interior and very friendly, relaxed atmosphere. Not very busy, just a nice steady pace. A very redemptive experience for me after some traumas in hospitals before.","Miriam Marshall","102103667651583186332","https://www.google.com/maps/contrib/102103667651583186332/reviews?hl=en","https://lh3.googleusercontent.com/a-/ALV-UjWEFfl-JEC0hlRxrZXgIhwfikGp93iPwMMjNRVeyoCgIq11lsn3zA=w36-h36-p-rp-mo-ba12-br100",1,19,17,"a year ago","","relevant"
"ChZDSUhNMG9nS0VJQ0FnSUNRZ05Mbll3EAE","0x30da255ae7380ae7:0x3bfcce7acc45cfac","Bangkok Hospital Chiang Mai",5,"I am Indian living at San kamphaeng in Chiang Mai. I   went there for annual health check-up and it was great experience. …","Mahesvara Ramaraj","115100360122418286931","https://www.google.com/maps/contrib/115100360122418286931/reviews?hl=en","https://lh3.googleusercontent.com/a-/ALV-UjUqGE25SeL0QNm-ZEaqQKXcgZM-uX7HKnGZE2Bq8UWKKW0dSLl_xw=w36-h36-p-rp-mo-ba12-br100",1,11,39,"9 years ago","","relevant"
"Ci9DQUlRQUNvZENodHljRjlvT2pkamEweDZjVWRSWTJsQ1luVTJUM0kxVjFONlpuYxAB","0x30da255ae7380ae7:0x3bfcce7acc45cfac","Bangkok Hospital Chiang Mai",3,"good and friendly service at a high cost. it cost the same as places like Singapore. cost is very high for simple infections and running tests on a few machines will cost you a few hundred dollars. it is a luxury healthcare hospital for specific cliente. I went there as I was sick and it was the nearest. i don't think the high cost justifies the value of the treatments. Some surgeries may be quoted at a price of a car. Doctors' service vary as well, some friendly and some not so much. Nurses are always friendly.","John Shepard","101440656245201407435","https://www.google.com/maps/contrib/101440656245201407435/reviews?hl=en","https://lh3.googleusercontent.com/a-/ALV-UjUvxIJ8ErvJfHhjjhdUwhNSM3grXBJACZO9qg4xegptvGpJn5Ll=w36-h36-p-rp-mo-br100",0,5,1,"11 months ago","","relevant"
"Ci9DQUlRQUNvZENodHljRjlvT25oUFFVeHhYemwwWkdOQlQwTmthbVI1Y1VrMWVFRRAB","0x30da255ae7380ae7:0x3bfcce7acc45cfac","Bangkok Hospital Chiang Mai",5,"I’ve been coming to Chiang Mai for many years. From my (fortunately small) local hospital experience, I find this to be the best hospital for a foreign traveler in need. The costs are quite high, but generally not higher than in other …","Valerio Bellone","104967585937892961610","https://www.google.com/maps/contrib/104967585937892961610/reviews?hl=en","https://lh3.googleusercontent.com/a/ACg8ocKyxDQSWN7dkVB3jqR2eYYgR-5RE0PugauxwmsgJ9WeZhWphjw=w36-h36-p-rp-mo-ba12-br100",1,44,1,"9 months ago","","relevant"
"Ci9DQUlRQUNvZENodHljRjlvT25wU1VIY3dSMXBPV2toU1RXazVSVFpXT1ZGQ2FHYxAB","0x30da255ae7380ae7:0x3bfcce7acc45cfac","Bangkok Hospital Chiang Mai",5,"Excellent experience.

Very professional. Fast. Organized.

I hope you never need to go to the hospital and stay healthy, but if you have a health concern, then yes, without hesitation. The patient journey is streamlined and the doctor is very professional.","Philip L","117541933374642669878","https://www.google.com/maps/contrib/117541933374642669878/reviews?hl=en","https://lh3.googleusercontent.com/a/ACg8ocKJYOE8uNSaQcWVnM2jKQ1Uc0CeWk2FgjWEvzpBM5a-wUGPSUvZ=w36-h36-p-rp-mo-ba12-br100",1,62,48,"a day ago","","newest"
"Ci9DQUlRQUNvZENodHljRjlvT2xFNVkwcG5Uekl5VlVkcVUwMUZUWGRKYnpaYWFVRRAB","0x30da255ae7380ae7:0x3bfcce7acc45cfac","Bangkok Hospital Chiang Mai",5,"","Sahawat Sainoi","106085896336980546643","https://www.google.com/maps/contrib/106085896336980546643/reviews?hl=en","https://lh3.googleusercontent.com/a-/ALV-UjX8W4gWU4OWvWUmPQZpnXY2BXVicfWcTYYfoaaTrwG4ms6_YWIq=w36-h36-p-rp-mo-br100",0,4,0,"4 days ago","","newest"
"Ci9DQUlRQUNvZENodHljRjlvT20xNVZrbGlRV2d4WW1KM1RHWjFZVXhLT0ZneFVVRRAB","0x30da255ae7380ae7:0x3bfcce7acc45cfac","Bangkok Hospital Chiang Mai",5,"","Prin Pinmanee","101553387130433890086","https://www.google.com/maps/contrib/101553387130433890086/reviews?hl=en","https://lh3.googleusercontent.com/a-/ALV-UjVrI3DllhX7EYNUqVpbVtyS5mpuucvpWCHKH9CkOw7aYZ_oUz75=w36-h36-p-rp-mo-ba12-br100",1,122,1219,"5 days ago","","newest"
"ChdDSUhNMG9nS0VJQ0FnSURSMF9hQW9nRRAB","0x30da255ae7380ae7:0x3bfcce7acc45cfac","Bangkok Hospital Chiang Mai",5,"It's a hospital with good service.","TAWAT LAOWONGKOT (BECHITA)","100276673541962724232","https://www.google.com/maps/contrib/100276673541962724232/reviews?hl=en","https://lh3.googleusercontent.com/a-/ALV-UjWf01WEEemHlMvORc2fAPb0jqZNHt--a0Y6a2ZVELWlxMsfTKQkzQ=w36-h36-p-rp-mo-ba12-br100",1,3,60,"Edited a week ago","","newest"
"Ci9DQUlRQUNvZENodHljRjlvT2w5NlZWbEtVakJ2ZUVNMlFXZGpUMDVsUm1OZlZIYxAB","0x30da255ae7380ae7:0x3bfcce7acc45cfac","Bangkok Hospital Chiang Mai",5,"Absolutely great experience, very professional and nice english speaking staff.
quick service as well.","Ori Kozakov","100204015481224518303","https://www.google.com/maps/contrib/100204015481224518303/reviews?hl=en","https://lh3.googleusercontent.com/a-/ALV-UjVK0ETN1TFGeHWPGea70qDaxfREG-Jx5ok-OpCaLIYt4ZhP70KY=w36-h36-p-rp-mo-ba12-br100",1,13,0,"a week ago","","newest"
"Ci9DQUlRQUNvZENodHljRjlvT25wek1rNTNTVGt6TVZORmVXWnJaM0pQVlZCeVNGRRAB","0x30da255ae7380ae7:0x3bfcce7acc45cfac","Bangkok Hospital Chiang Mai",1,"A horrific, shameful, and deeply unethical experience!

My husband was brought to Bangkok Hospital Chiang Mai with a high fever of 38.7°C, severe weakness, and chronic asthma. We spent more than TWO HOURS in this hospital, and they did ABSOLUTELY NOTHING to help a vulnerable, suffering patient. They didn't even bother to take a basic blood test to check his infection markers or hydration levels!

Instead, the staff spent the entire time aggressively pressuring us to sign overnight inpatient admission papers and demanding a massive 30,000 THB deposit upfront. They literally refused to provide emergency medical care without this cash payment, completely ignoring my husband’s deteriorating state and high-risk respiratory condition. This is pure financial extortion, not healthcare. Even the doctor eventually admitted that the insurance department was blocking everything and suggested we leave for another hospital.

To make this nightmare even worse, after failing to provide any medical assistance, they forced us to stand in a long queue at the 'Hospital Pharmacy' for absolutely no reason, and then sent us to wait in another terrible, slow queue just to pay the basic doctor's fee before we could leave! Total chaos, bureaucracy, and absolute disrespect for human life.

If you are a tourist or an expat with international insurance, avoid this place at all costs. They only care about your wallet, not your health. A total disgrace to the medical profession.","Анастасия Сударикова","108214897466739120813","https://www.google.com/maps/contrib/108214897466739120813/reviews?hl=en","https://lh3.googleusercontent.com/a/ACg8ocJJrD1wkaPrf6Ja7lJQDC2tmwUFbOm07ctjDnIVry61q32x8g=w36-h36-p-rp-mo-br100",0,7,5,"a week ago","A horrific, shameful, and deeply unethical experience!

My husband was brought to Bangkok Hospital Chiang Mai with a high fever of 38.7°C, severe weakness, and chronic asthma. We spent more than TWO HOURS in this hospital, and they did ABSOLUTELY NOTHING to help a vulnerable, suffering patient. They didn't even bother to take a basic blood test to check his infection markers or hydration levels!

Instead, the staff spent the entire time aggressively pressuring us to sign overnight inpatient admission papers and demanding a massive 30,000 THB deposit upfront. They literally refused to provide emergency medical care without this cash payment, completely ignoring my husband’s deteriorating state and high-risk respiratory condition. This is pure financial extortion, not healthcare. Even the doctor eventually admitted that the insurance department was blocking everything and suggested we leave for another hospital.

To make this nightmare even worse, after failing to provide any medical assistance, they forced us to stand in a long queue at the 'Hospital Pharmacy' for absolutely no reason, and then sent us to wait in another terrible, slow queue just to pay the basic doctor's fee before we could leave! Total chaos, bureaucracy, and absolute disrespect for human life.

If you are a tourist or an expat with international insurance, avoid this place at all costs. They only care about your wallet, not your health. A total disgrace to the medical profession.","newest"
"Ci9DQUlRQUNvZENodHljRjlvT21ZeWFDMTVYemQyYUdoM0xXaGlhR0Y0VEhZMVFrRRAB","0x30da255ae7380ae7:0x3bfcce7acc45cfac","Bangkok Hospital Chiang Mai",3,"My experience at Bangkok Hospital Chiang Mai is:

1. The doctors are very childish. When giving advice, they don't offer reasonable recommendations. If they see you can afford it, they'll recommend extreme packages, making you spend more than necessary. It felt more like a cosmetic clinic selling hard-sell courses than genuine sincerity and the doctors' genuine concern for your health.

2. The hospital emphasizes comprehensive and modern equipment, and offers coffee and water, which is presumably included in the fee.

3. The follow-up system is terrible. Despite paying a high price, test results are slow to come out. The hospital tells you to check your email, with no notification system via Line or WhatsApp. Patients living abroad need to be prepared for this.","Amy K","103591765681741009153","https://www.google.com/maps/contrib/103591765681741009153/reviews?hl=en","https://lh3.googleusercontent.com/a-/ALV-UjULaCfVQ4xvbJT9Q3sDr1rZ-2NSG7v1rDKIINEjfqmAx83bMhAaCw=w36-h36-p-rp-mo-ba12-br100",1,32,18,"a week ago","","newest"
"Ci9DQUlRQUNvZENodHljRjlvT2xNNFlXMWZRWFF5YWpsdFEyNVBTVkZhWTJZMlJXYxAB","0x30da255ae7380ae7:0x3bfcce7acc45cfac","Bangkok Hospital Chiang Mai",5,"","Mark Nipit","113812313776700311031","https://www.google.com/maps/contrib/113812313776700311031/reviews?hl=en","https://lh3.googleusercontent.com/a-/ALV-UjUyrU29dL9XPtS-M3SRfwZqh0dwgNROaavlKWy11T87rDzRSkFk=w36-h36-p-rp-mo-br100",0,2,4,"a week ago","","newest"
"Ci9DQUlRQUNvZENodHljRjlvT21Vd1dIRXRRMDB3U1c5Tk9WSkRTRGQ0Tm1oeWVFRRAB","0x30da255ae7380ae7:0x3bfcce7acc45cfac","Bangkok Hospital Chiang Mai",1,"I've never waited in line this long before, and it's truly disappointing. I arrived at 12:30 PM, and now it's 2:30 PM, and I still haven't seen a doctor. The nurses just keep coming in and apologizing for the wait and asking if I could wait another 15 minutes. I waited another 30 minutes, and still no one called me.
In the end, I had to leave. In summary, I gained absolutely nothing today; I wasted 2.5 hours of my life.
For others, 2.5 hours of waiting might be normal, but for me, every moment in life has a price. I feel terrible.","Babe","101894735662781775102","https://www.google.com/maps/contrib/101894735662781775102/reviews?hl=en","https://lh3.googleusercontent.com/a/ACg8ocIbOdoWbsv4JVSYXNYoKRc25p1hVDnWMgVfDfYS-mokWSVKzmE=w36-h36-p-rp-mo-ba12-br100",1,45,169,"Edited a week ago","","newest"
"Ci9DQUlRQUNvZENodHljRjlvT21ObWNqWXpTVGxLVUU5NlVYQTRTSEJUVGpFNFIyYxAB","0x30da255ae7380ae7:0x3bfcce7acc45cfac","Bangkok Hospital Chiang Mai",1,"Cannot detail our experience here due to defamation laws.  I cannot recommend enough Chiang Mai RAM hospital which I've only had A+ experience with for more than ten years.  I visited Bangkok Hospital in CM two times and that was more than enough.  I'll drive the extra distance to RAM for quality service.  Even if bleeding out, I'll go to RAM instead of this place.","Chad “Logan” Edwards","107818822113855751297","https://www.google.com/maps/contrib/107818822113855751297/reviews?hl=en","https://lh3.googleusercontent.com/a-/ALV-UjWTpGD8dqhYaCSauE9PWUfwubo-9vkjI1n5qntL5Vr18ox4o-k=w36-h36-p-rp-mo-ba12-br100",1,144,39,"2 weeks ago","","newest"
"Ci9DQUlRQUNvZENodHljRjlvT2xWNVpWaFJVMUJWZGtSM2NtWk1TRWd6V0VWWk5sRRAB","0x30da255ae7380ae7:0x3bfcce7acc45cfac","Bangkok Hospital Chiang Mai",1,"Giving it one star is a tough decision. I've been receiving treatment for a while and only just had time to write a review… The wait was incredibly long. My mother had an abscess on her back. We waited 40 minutes for the doctor to examine her, then almost an hour for a price assessment. After agreeing to the procedure, they took her to a minor surgery room and made her wait for almost another hour until she was freezing. She couldn't bear the wait any longer because the doctor was examining other patients! What kind of service is this?! We paid almost 17,000 baht. The service was terrible. My mother is 76 years old, and they made her wait that long. I will never come back here again. Terrible, terrible service!","Jiab Walker","109353029892146720296","https://www.google.com/maps/contrib/109353029892146720296/reviews?hl=en","https://lh3.googleusercontent.com/a-/ALV-UjVugHf_aVy6Mn78GH3rhKSyZZl5jSOpPRQV4TVn8S_tdYvcotNOHg=w36-h36-p-rp-mo-ba12-br100",1,15,77,"3 weeks ago","","newest"
"Ci9DQUlRQUNvZENodHljRjlvT25kUlNuQlVlalZLWms1WGJWRjZjMGh1Wm5OWGVVRRAB","0x30da255ae7380ae7:0x3bfcce7acc45cfac","Bangkok Hospital Chiang Mai",5,"I had an emergency appendix surgery here. All processes, surgery, treatment, insurance consultation etc have been flawless and professional. The staff is kind, understanding and cheerful. Had a great time (for the circumstance of being in a hospital...)","Wanya Tauber","109479422636744726687","https://www.google.com/maps/contrib/109479422636744726687/reviews?hl=en","https://lh3.googleusercontent.com/a/ACg8ocLROSOoVA21fi69pms2ctoIftTb4R5XXDP7sYt2Ftv1QPMpRQ=w36-h36-p-rp-mo-br100",0,10,5,"3 weeks ago","","newest"
"Ci9DQUlRQUNvZENodHljRjlvT2s1TFMzUjBNakJUZDJKd1QyeFlaVTV2ZFcxcExYYxAB","0x30da255ae7380ae7:0x3bfcce7acc45cfac","Bangkok Hospital Chiang Mai",2,"The wait in line was very long.","ธัญวรัตน์ นามะเสน","100068682340441268158","https://www.google.com/maps/contrib/100068682340441268158/reviews?hl=en","https://lh3.googleusercontent.com/a-/ALV-UjXbiZrWL3wIFdW_jAvU1vq-sDmjGNjEHoIl2WqfEd2Loc9McDs=w36-h36-p-rp-mo-br100",0,1,0,"3 weeks ago","","newest"
"Ci9DQUlRQUNvZENodHljRjlvT25nMmVqZHhjVlJsV2tsRk5Fd3hUazF3WlhCa1JXYxAB","0x30da255ae7380ae7:0x3bfcce7acc45cfac","Bangkok Hospital Chiang Mai",5,"","l,m Namnan","117779328631773594932","https://www.google.com/maps/contrib/117779328631773594932/reviews?hl=en","https://lh3.googleusercontent.com/a/ACg8ocJf7zz1gFKxXqtlM_cgxmYkkpqUcmTF-etg3FuwKqzNJUyY=w36-h36-p-rp-mo-br100",0,2,4,"3 weeks ago","","newest"
"Ci9DQUlRQUNvZENodHljRjlvT21kUlVHbGlkemxFZUdWakxVdFljVXRvV1ZKeE5GRRAB","0x30da255ae7380ae7:0x3bfcce7acc45cfac","Bangkok Hospital Chiang Mai",1,"The doctors here will find all sorts of ways to increase your spending; a small problem can be blown out of proportion, like a rabies vaccination and immunoglobulin injection costing 10,356 Thai Baht.","西索","116995164365053163180","https://www.google.com/maps/contrib/116995164365053163180/reviews?hl=en","https://lh3.googleusercontent.com/a/ACg8ocIrfmB6nW9KJM6sNH-CEdcxTINQnT5hq4waL9b0pBsbgO4wwQ=w36-h36-p-rp-mo-br100",0,5,1,"Edited 3 weeks ago","","newest"
"Ci9DQUlRQUNvZENodHljRjlvT213NWJWQlJSemhmYVVvME5ITnBUVUZRVTJWSWFuYxAB","0x30da255ae7380ae7:0x3bfcce7acc45cfac","Bangkok Hospital Chiang Mai",5,"I brought my child for vaccination on time for the appointment. The vaccines were prepared quickly, and we saw the doctor promptly.","ddearie dearie","112363429198495271007","https://www.google.com/maps/contrib/112363429198495271007/reviews?hl=en","https://lh3.googleusercontent.com/a/ACg8ocJ-LwoNATBh32yNv44a_bgImg886GpuRcBZSoC5E9vzbZ6K_Q=w36-h36-p-rp-mo-ba12-br100",1,82,1205,"3 weeks ago","","newest"
"Ci9DQUlRQUNvZENodHljRjlvT2pOM1dsRTVXa0kzZW1KRWJVRm9TRE5wU3poak1uYxAB","0x30da255ae7380ae7:0x3bfcce7acc45cfac","Bangkok Hospital Chiang Mai",5,"The nurses at the outpatient clinic are very nice.","Montakan Aeawsuwan","116662783458401544507","https://www.google.com/maps/contrib/116662783458401544507/reviews?hl=en","https://lh3.googleusercontent.com/a-/ALV-UjUBKlY4cCgOqgeeeqyIjphGuUfIxcbrEPFs1SiI3tNHklH97kY=w36-h36-p-rp-mo-ba12-br100",1,5,10,"4 weeks ago","","newest"
"Ci9DQUlRQUNvZENodHljRjlvT201TFNIbHFXVUY0VVhkUlFUaElUR05OT0hSV1VHYxAB","0x30da255ae7380ae7:0x3bfcce7acc45cfac","Bangkok Hospital Chiang Mai",5,"","kannika kaewket","104283703965512779751","https://www.google.com/maps/contrib/104283703965512779751/reviews?hl=en","https://lh3.googleusercontent.com/a-/ALV-UjUKroWtYIVhD-TK4ZqoBZ0ytgXwIXdZ2yKchsb_tyezgXjtEtFU=w36-h36-p-rp-mo-br100",0,0,0,"4 weeks ago","","newest"
"Ci9DQUlRQUNvZENodHljRjlvT2t0RGRYcFpjVVZNYlRsME9FTlZOMlkyV214SGQzYxAB","0x30da255ae7380ae7:0x3bfcce7acc45cfac","Bangkok Hospital Chiang Mai",5,"","Nisarat Sirimaharaj","112604114701593182519","https://www.google.com/maps/contrib/112604114701593182519/reviews?hl=en","https://lh3.googleusercontent.com/a/ACg8ocLXFbbENQvMblbgbTN5Rds1BxjpNNk2GCZcd-FiK35Rn8PNNQ=w36-h36-p-rp-mo-br100",0,2,3,"4 weeks ago","","newest"
"Ci9DQUlRQUNvZENodHljRjlvT2xGeU9XMTFWSHB6VHpCZlZGOVZjRlZOVkdwVE4xRRAB","0x30da255ae7380ae7:0x3bfcce7acc45cfac","Bangkok Hospital Chiang Mai",5,"The hospital is clean and the service is very good.","Lumi Doll","108815240242722586023","https://www.google.com/maps/contrib/108815240242722586023/reviews?hl=en","https://lh3.googleusercontent.com/a-/ALV-UjXc7eXjmLpZGTZXe9uewp67VD4Gvq2GR20wFH7dG082VhHfhdQ=w36-h36-p-rp-mo-br100",0,2,0,"4 weeks ago","","newest"
"Ci9DQUlRQUNvZENodHljRjlvT25wSlZ6RlNkbTVRT0VGMlVHcFZTbkJ4UldkamQzYxAB","0x30da255ae7380ae7:0x3bfcce7acc45cfac","Bangkok Hospital Chiang Mai",5,"Very competent and friendly staff.","Louis","111985613911018883057","https://www.google.com/maps/contrib/111985613911018883057/reviews?hl=en","https://lh3.googleusercontent.com/a/ACg8ocJ555Jy9eDnQBeZ0kZ7WDqMkOsq68Rg7x6bFP6sD63LXf1-eQ=w36-h36-p-rp-mo-br100",0,4,1,"a month ago","","newest"
"Ci9DQUlRQUNvZENodHljRjlvT21KSGFrSlFWMU0xTW1sUlVFSk5iMWswV0RGblIxRRAB","0x30da255ae7380ae7:0x3bfcce7acc45cfac","Bangkok Hospital Chiang Mai",1,"I came in with abdominal pain and was hospitalized overnight. I filed an insurance claim and was told it would be ready around 4 PM, but it's past that time now and I still haven't been discharged. I don't know how they work; it's incredibly slow and I've wasted the whole day.","Mini Heartt","115212457018443227642","https://www.google.com/maps/contrib/115212457018443227642/reviews?hl=en","https://lh3.googleusercontent.com/a-/ALV-UjW4LN9zi3dBIdgwezRSwSxHBRImmgSRAgjSsxJVs-ue1KzYT1_g=w36-h36-p-rp-mo-br100",0,7,1,"a month ago","","newest"
"Ci9DQUlRQUNvZENodHljRjlvT25aSmVXd3dUVWxUYTA5Rk4ydGZhRzVPUkZsV01WRRAB","0x30da255ae7380ae7:0x3bfcce7acc45cfac","Bangkok Hospital Chiang Mai",5,"I received treatment there. The staff were friendly and efficient. The doctor provided excellent care and followed up on my condition regularly.","Chanatip T.","103206355168754478377","https://www.google.com/maps/contrib/103206355168754478377/reviews?hl=en","https://lh3.googleusercontent.com/a-/ALV-UjUNlVQzsyA6Dq5REyAUB766_DsE_hveI6aPnwDTW384D1EQmZ3J=w36-h36-p-rp-mo-ba12-br100",1,64,145,"a month ago","","newest"
"Ci9DQUlRQUNvZENodHljRjlvT2kxelprMVlhbk5aUVdkZlNWSTFZMEZVUjNsWE0xRRAB","0x30da255ae7380ae7:0x3bfcce7acc45cfac","Bangkok Hospital Chiang Mai",2,"Every time I come to the pediatrics department, the wait time to see a doctor is extremely long, even though there aren't many sick children. I wish the hospital would improve this. Today I've been waiting for almost an hour and still haven't seen a doctor, and I don't know when I will.","BeamBerry BB","104799896709250158578","https://www.google.com/maps/contrib/104799896709250158578/reviews?hl=en","https://lh3.googleusercontent.com/a-/ALV-UjXugpViIpCmAIhqH38gHGTzRiIGtD4x5O7BOakbNfkqmsm6z4rI=w36-h36-p-rp-mo-ba12-br100",1,23,62,"a month ago","","newest"
"Ci9DQUlRQUNvZENodHljRjlvT2tkd1ptMUNaaTF1U0VkdVZWVTBaRk5TU2xkb1YwRRAB","0x30da255ae7380ae7:0x3bfcce7acc45cfac","Bangkok Hospital Chiang Mai",5,"","Aorair Jakrawan","101833865769709788602","https://www.google.com/maps/contrib/101833865769709788602/reviews?hl=en","https://lh3.googleusercontent.com/a-/ALV-UjXN6iUOLF3S8b-hZ2PUugfZgVSwx0GSXy99gqHVTwbIk1WBGTFQ=w36-h36-p-rp-mo-br100",0,3,6,"a month ago","","newest"
"Ci9DQUlRQUNvZENodHljRjlvT25KUlJrRmhhMlZ0U21GSVVsWnBkV2N6TVdSbFozYxAB","0x30da255ae7380ae7:0x3bfcce7acc45cfac","Bangkok Hospital Chiang Mai",5,"For the past 2 years I've gone to the Bangkok Hospital in Bangkok for my annual checkup.  This year I noticed that the package I would normally get was just a bit different at the Chiang Mai location, and those differences made it more suitable for me.  Chiang Mai is also closer to where I live.

I was totally impressed with the facilities.  With a new building added and the original site renovated, this is a super modern facility.  Some of the equipment were things I've never seen before.

Staff are excellent.  There's an obvious high degree of training, and they're also nice people.  The hospital also has a ""plaza"" as in Bangkok, but it was not all fast food.  There is a food court with Thai offerings, a sit down Japanese, and a Starbucks.

I did have to wait a bit longer than previously for my final consultation with Doctor Vatanapunpituk, but in the end I had a much longer and more in depth consultation than in either of my earlier checkups.  The doctor not only reviewed everything, but spent time explaining what it all meant and what I needed to do next.","Allan P","113464424100568007063","https://www.google.com/maps/contrib/113464424100568007063/reviews?hl=en","https://lh3.googleusercontent.com/a/ACg8ocLdd--uELOu3MDKc4uppUcsYhWD6ufrp0sjoBWfxd3IktE5oQ=w36-h36-p-rp-mo-br100",0,1,0,"a month ago","For the past 2 years I've gone to the Bangkok Hospital in Bangkok for my annual checkup.  This year I noticed that the package I would normally get was just a bit different at the Chiang Mai location, and those differences made it more suitable for me.  Chiang Mai is also closer to where I live.

I was totally impressed with the facilities.  With a new building added and the original site renovated, this is a super modern facility.  Some of the equipment were things I've never seen before.

Staff are excellent.  There's an obvious high degree of training, and they're also nice people.  The hospital also has a ""plaza"" as in Bangkok, but it was not all fast food.  There is a food court with Thai offerings, a sit down Japanese, and a Starbucks.

I did have to wait a bit longer than previously for my final consultation with Doctor Vatanapunpituk, but in the end I had a much longer and more in depth consultation than in either of my earlier checkups.  The doctor not only reviewed everything, but spent time explaining what it all meant and what I needed to do next.","newest"
"Ci9DQUlRQUNvZENodHljRjlvT2xoRldHbFlaR2hsZVZCS1JrSkRPWE5zYzBWTlpuYxAB","0x30da255ae7380ae7:0x3bfcce7acc45cfac","Bangkok Hospital Chiang Mai",5,"The doctors and nurses were very professional. I was impressed with the service, from reception to the moment I was discharged. I was able to consult with the doctor very quickly, and the examination was thorough. I felt reassured receiving treatment here.","KANYANAT T. WENLI","110232081381694721078","https://www.google.com/maps/contrib/110232081381694721078/reviews?hl=en","https://lh3.googleusercontent.com/a-/ALV-UjV_tBePGQcadRvJBY8e5gAc4Bbfk_JZeCb0mZovpj3GSmYWVLwiYA=w36-h36-p-rp-mo-br100",0,1,0,"a month ago","","newest"
"Ci9DQUlRQUNvZENodHljRjlvT214SmFHTkViVVZxZEU1YVRtNVNOMHhUVHpsV01FRRAB","0x30da255ae7380ae7:0x3bfcce7acc45cfac","Bangkok Hospital Chiang Mai",1,"I don’t think they have any service and the price is free unreasonable.
So I want to check the pregnancy is normal or not normal, when you hear didn’t even talk to the doctor for 3 minutes.
They charge doctor fee and order the thing you use for the blood test which means only one test totally they charge you ฿2100.
I know this is private hospital, but to be honest this price is very unreasonable. I don’t recommend you come here for check your body.  But if you’re $1 million people then go ahead.","Mmm Zzz","109002928605021591289","https://www.google.com/maps/contrib/109002928605021591289/reviews?hl=en","https://lh3.googleusercontent.com/a/ACg8ocKCGA7bO7rXlddqvuTtft4p1tR4v6jrJ7TXjA8MoCPCNgf-oQ=w36-h36-p-rp-mo-br100",0,9,9,"a month ago","I don’t think they have any service and the price is free unreasonable.
So I want to check the pregnancy is normal or not normal, when you hear didn’t even talk to the doctor for 3 minutes.
They charge doctor fee and order the thing you use for the blood test which means only one test totally they charge you ฿2100.
I know this is private hospital, but to be honest this price is very unreasonable. I don’t recommend you come here for check your body.  But if you’re $1 million people then go ahead.","newest"
"Ci9DQUlRQUNvZENodHljRjlvT2xoSFdURTNjMDVtUTFwcU5qQnNOVU0xTVZGcWNtYxAB","0x30da255ae7380ae7:0x3bfcce7acc45cfac","Bangkok Hospital Chiang Mai",5,"I had my treatment at the Skin and Aesthetic Clinic at Bangkok Hospital with Dr. Kulwadee, and I’m truly so grateful for the care I received.

Dr. Kulwadee is incredibly professional, gentle, and genuinely kind. You can truly feel that she cares about her patients and treats people with heart. She made me feel comfortable, safe, and well taken care of throughout the entire process.
The staff and nurses were also amazing and super friendly, attentive, and very welcoming. The overall service was excellent from start to finish.

I highly recommend this clinic to anyone looking for high-quality treatments with truly compassionate care.","Natalie Nitjapan","112165235338837762345","https://www.google.com/maps/contrib/112165235338837762345/reviews?hl=en","https://lh3.googleusercontent.com/a-/ALV-UjW5rsARdGkLK3WLoFhmMw_UMp4S7lomcDohxGY_Smy4wRVb8tm8Rg=w36-h36-p-rp-mo-ba12-br100",1,12,5,"a month ago","","newest"
"Ci9DQUlRQUNvZENodHljRjlvT2t4WWRXOTVWV1pIYkdSUGFHOTFTVFZqV1d4SVdGRRAB","0x30da255ae7380ae7:0x3bfcce7acc45cfac","Bangkok Hospital Chiang Mai",2,"I can accept a higher price, but I can't accept being tricked.

I commend the doctors and nurses; their skills and attitudes were excellent.

However, the customer service representatives who spoke Chinese and the cashier were clearly trying to scam me, which made me feel uncomfortable.

I've heard that Bangkok Hospital is one of the top hospitals in Thailand, and this kind of tricky pricing is somewhat damaging to its image.","Songqi88","109137461960111182512","https://www.google.com/maps/contrib/109137461960111182512/reviews?hl=en","https://lh3.googleusercontent.com/a-/ALV-UjUS5CaxziXBnuR_6L0v0fnYPqBeP8F2knDvRkmG8CkxGCpB7-E=w36-h36-p-rp-mo-ba12-br100",1,17,8,"a month ago","","newest"
"Ci9DQUlRQUNvZENodHljRjlvT25kZk56a3pjWEo2T1UxWmNHRkhjMnhtTVV3ME9FRRAB","0x30da255ae7380ae7:0x3bfcce7acc45cfac","Bangkok Hospital Chiang Mai",3,"They charge you for many things, you did not ask for, so the bill gets a lot higher than you expect. Refuse to pay for those items, that seem ridiculous. Also, buy the medication outside the hospital. They have good facilities, and quality seems ok otherwise.","lucky hans","117169488569416181617","https://www.google.com/maps/contrib/117169488569416181617/reviews?hl=en","https://lh3.googleusercontent.com/a/ACg8ocJqcv2G-lrHXzrjCXjOqlAz4A64JK_IarAw-2Q8QZ8BYlnPwA=w36-h36-p-rp-mo-br100",0,5,11,"a month ago","","newest"
"Ci9DQUlRQUNvZENodHljRjlvT2xnME9YbFBOM0IxVmtkbVdtb3dOV1ZXYjNWMGNHYxAB","0x30da255ae7380ae7:0x3bfcce7acc45cfac","Bangkok Hospital Chiang Mai",2,"If you want to experience the service, feel free to try it. But if you want to see a doctor, forget it. My stomach was killing me. In other hospitals, an ultrasound was enough to check for appendicitis or something similar. But here, they insisted on a CT scan. Fine, I have medical insurance. I'm not afraid of you charging me around 39,500 yuan for a CT scan. What angered me the most was that I was the only one getting the CT scan, and they made me wait for three hours. That was while I was writhing in pain. What good is having a nurse push me around during that time? And what's even more absurd is that after my test results came back, the doctor was still asking me questions that had nothing to do with my condition. Then he told me to wait until the specialist was on duty the next day to see me. I was stunned. The test results were already out: lymphadenitis, something that can be treated with antibiotics. I've been in pain here for four or five hours, and you're telling me the doctor is off duty and I have to wait until the doctor is on duty the next day. At first, he said he wasn't a specialist and couldn't prescribe any medication, but after I got angry, he was able to prescribe the right medication. Fine, you charge ten times more than other hospitals, but I need the quality of service I receive. Later, I went to another hospital for a CT scan. Even with a long queue, the results came out in twenty minutes. Compared to the Bangkok hospital where I was the only one getting a CT scan, it took three hours to get the results, which made me even more dissatisfied. For the same CT scan, you charge ten times more and are ten times slower. What's the point of coming here for treatment?","feng yileng","103231815241186465260","https://www.google.com/maps/contrib/103231815241186465260/reviews?hl=en","https://lh3.googleusercontent.com/a/ACg8ocJuwzWTDvtPPp_A5lzqdpO5RRur8nLU0KKefegjIAioEbqxDg=w36-h36-p-rp-mo-ba12-br100",1,65,42,"2 months ago","","newest"
"Ci9DQUlRQUNvZENodHljRjlvT25abVRDMVVYMWRWTlhVd1dtVnJjM3BTUzNwNldrRRAB","0x30da255ae7380ae7:0x3bfcce7acc45cfac","Bangkok Hospital Chiang Mai",4,"There are in generally very good doctors in the hospital, especially Dr. Thachawud, Dr. Plach, Dr. Teerechat and Dr. Atikun deserve 5 Stars. They are very, very competent and i trust them 100%, also the nurses in the ICU I rate with 5 stars. But the nurses upstairs in the bedroom, especially the ward nurses i must rate with 3 stars. They don't like to hear anything about suffering or pain. The soft blue dressed nurses i can rate with 4 stars. For the Physiotherapists 3 stars except khun Bier 5 stars. The meal is okay but often I get it first when it was cold.","Martin Hohl","106178933219578226474","https://www.google.com/maps/contrib/106178933219578226474/reviews?hl=en","https://lh3.googleusercontent.com/a-/ALV-UjVENxL18EkMLPqO0s-LkIExU8sd-p34Be2X5XvfjMuc2uk7tLo=w36-h36-p-rp-mo-br100",0,7,2,"Edited 2 months ago","","newest"
"Ci9DQUlRQUNvZENodHljRjlvT2kwMGExQlhSakk1UzB0eU4yMTRlbkJqZEUxTFNGRRAB","0x30da255ae7380ae7:0x3bfcce7acc45cfac","Bangkok Hospital Chiang Mai",5,"I was a little worried because the hospital's rating on Google Maps was somewhat low, but the doctors and hospital staff were wonderful, and I was very satisfied with the hospital's medical facilities. …","M.L H.S","100413277888019472457","https://www.google.com/maps/contrib/100413277888019472457/reviews?hl=en","https://lh3.googleusercontent.com/a-/ALV-UjVJcQ0is4XOcD0-QviX_aVi5qXKRqkelHcYqgX4rUQfEuDccUgT=w36-h36-p-rp-mo-ba12-br100",1,109,4,"2 months ago","","newest"
"Ci9DQUlRQUNvZENodHljRjlvT2t0WVdGSk5hVlpJUTFkc1lUVjJUSHBNVmxreExXYxAB","0x30da255ae7380ae7:0x3bfcce7acc45cfac","Bangkok Hospital Chiang Mai",3,"I feel like this hospital is all about getting your money.

They will tell you that specialist doctors are available, and then send a nurse to check on you, tell you that they don't have enough experience and tell you to come back when the specialist is there, and then still charge you money.

During COVID they would place people who were suspected of having COVID among people who did not have COVID. Even when told that is wasn't a good idea.

However, when you do get to see their real specialists, they are good, I just don't think I can recommend it with so many other good hospitals around with much better pricing.","Johnny Rose Carlsen","106438559239392222075","https://www.google.com/maps/contrib/106438559239392222075/reviews?hl=en","https://lh3.googleusercontent.com/a-/ALV-UjWMWyPukMYxK4VXlktWFqqLAhYn-5LPoMOgCfKxNNO7GGTw1VcmoQ=w36-h36-p-rp-mo-ba12-br100",1,53,623,"2 months ago","","newest"
"Ci9DQUlRQUNvZENodHljRjlvT25oVlVqbHdNM0ZmUWxCUFVWOTVWME0yZW1oTWNrRRAB","0x30da255ae7380ae7:0x3bfcce7acc45cfac","Bangkok Hospital Chiang Mai",1,"I came for an outpatient check-up and waited for my medication at the pharmacy for an extremely long time. I understand that the medication preparation process causes delays, but the wait was far longer than the time stated. This is …","สุรยุทธ์ บุณยเวทย์","107271788101107584191","https://www.google.com/maps/contrib/107271788101107584191/reviews?hl=en","https://lh3.googleusercontent.com/a/ACg8ocLMlNz6bDBNGQE56SxLiyrn1Tv9dmXfJu8zjUJpBLe5fKg4Qg=w36-h36-p-rp-mo-br100",0,2,0,"2 months ago","","newest"
"Ci9DQUlRQUNvZENodHljRjlvT2tScGJsVlpkMFpmVDBaelpYVlVkRll4VDBkU2RGRRAB","0x30da255ae7380ae7:0x3bfcce7acc45cfac","Bangkok Hospital Chiang Mai",5,"The service was excellent, but the price was correspondingly high. I probably wouldn't have come here for treatment if I didn't have insurance.","挽赵","110858052219376093682","https://www.google.com/maps/contrib/110858052219376093682/reviews?hl=en","https://lh3.googleusercontent.com/a/ACg8ocJO3uSX-0xW_sOP0oAV1LwsNyAl36inxI8r8FeKNBthqs-8-A=w36-h36-p-rp-mo-ba12-br100",1,13,16,"2 months ago","","newest"
"Ci9DQUlRQUNvZENodHljRjlvT25kd1RITmZjbk0yTFhsVFJWSjNja1ZmVldkeGRXYxAB","0x30da255ae7380ae7:0x3bfcce7acc45cfac","Bangkok Hospital Chiang Mai",1,"Absolutely terrible. It's incomparable to government hospitals in terms of both service and treatment. The slowness is tolerable, but the doctors rush cases excessively. Don't even think about going here. The Bangkok branches aren't like this at all. This damages the hospital's image, and I will never go back to any branch again. The manager should come and oversee the situation firsthand.","0307พีรัชชัย แซโพ","117591983419330839948","https://www.google.com/maps/contrib/117591983419330839948/reviews?hl=en","https://lh3.googleusercontent.com/a-/ALV-UjVpYK7RdqCI0PTQIzTzx2epGihSOxbzDq1kCvZUAnCtdBvLf0s=w36-h36-p-rp-mo-ba12-br100",1,12,10,"2 months ago","","newest"
"Ci9DQUlRQUNvZENodHljRjlvT21sRlQyVTNTazluT0ZVemRWbzBNMGhIWlVsRWVrRRAB","0x30da255ae7380ae7:0x3bfcce7acc45cfac","Bangkok Hospital Chiang Mai",2,"Very slow. Giving stars because it's clean and new.","Chatpisit Fongsarun","105678485209537734294","https://www.google.com/maps/contrib/105678485209537734294/reviews?hl=en","https://lh3.googleusercontent.com/a-/ALV-UjXkv__ChfrvHIDNNA-RIT9M7KppkRAJic_wd3Rg724rATHqbVf2=w36-h36-p-rp-mo-ba12-br100",1,14,27,"2 months ago","","newest"
"Ci9DQUlRQUNvZENodHljRjlvT2pJdFUwZE9lV2cyUTAxUGJ6SmhRMUpNUW5ocVZWRRAB","0x30da255ae7380ae7:0x3bfcce7acc45cfac","Bangkok Hospital Chiang Mai",4,"I got vaccinated and I feel much better now.","Pathummas Atsadawalee","115451619487324100027","https://www.google.com/maps/contrib/115451619487324100027/reviews?hl=en","https://lh3.googleusercontent.com/a-/ALV-UjVtU9EWq_g2QvD33Jrm2Mgf-EyntCmYT6rDga3wRR1BlHR8eFU=w36-h36-p-rp-mo-br100",0,13,0,"2 months ago","","newest"
"Ci9DQUlRQUNvZENodHljRjlvT2taTWIyb3dSV1J0U2s5UlZHeDBhbFpTVGtkM2RWRRAB","0x30da255ae7380ae7:0x3bfcce7acc45cfac","Bangkok Hospital Chiang Mai",1,"I’ve been trying to get a quote for surgery price here for over two weeks. They just keep sending me back to my surgeon, and then telling me I need to talk to their orthopedic specialist etc etc with multiple days between responses. …","Daniel Haley","109268999954070895813","https://www.google.com/maps/contrib/109268999954070895813/reviews?hl=en","https://lh3.googleusercontent.com/a/ACg8ocIl0ycsvyxhmhlaeksLsTo9lmjGXk-Hd0yc_qZVn-eZO20mGA=w36-h36-p-rp-mo-ba12-br100",1,34,3,"2 months ago","","newest"
"Ci9DQUlRQUNvZENodHljRjlvT25saGRXRlFPSFE0Y21sekxUSlVaalJRYWs1UGIwRRAB","0x30da255ae7380ae7:0x3bfcce7acc45cfac","Bangkok Hospital Chiang Mai",5,"I came for dental treatment, and the doctor and nurses took very good care of me.","Rangsun Rojpradit","116090274007841150600","https://www.google.com/maps/contrib/116090274007841150600/reviews?hl=en","https://lh3.googleusercontent.com/a-/ALV-UjUnbPyYc0XrlAhva_3Ph7grzWzZrtRocLUCA8Usql_kNNgFM-Ut=w36-h36-p-rp-mo-ba12-br100",1,54,47,"3 months ago","","newest"
"Ci9DQUlRQUNvZENodHljRjlvT25GVlJYSkZka2xHWkY5QlZ6TjBNMGw1Y0U5WldWRRAB","0x30da255ae7380ae7:0x3bfcce7acc45cfac","Bangkok Hospital Chiang Mai",5,"My deepest gratitude to Dr. Malai Muttarak and Dr. Janyarath Thongprom from Bangkok Hospital Chiang Mai.

Thank you for your professionalism, care, and the swift and accurate diagnosis of my breast lump. Your rapid diagnosis allowed me to undergo surgery on time, which has been incredibly important for my health and peace of mind.

I am deeply grateful for your care, expertise, and support during this stressful time.

Thank you for your dedication and kindness.","Ekaterina Abibok","111815880608597141445","https://www.google.com/maps/contrib/111815880608597141445/reviews?hl=en","https://lh3.googleusercontent.com/a-/ALV-UjWWedy55BbHchMb7tL2x2ZQmWiue34HQiLEzjjIB8fI8sx-dMIS=w36-h36-p-rp-mo-ba12-br100",1,36,40,"3 months ago","","newest"
"Ci9DQUlRQUNvZENodHljRjlvT214QlYzaFdVMVY2WkhSbFprdDBZalV6VEZOMllWRRAB","0x30da255ae7380ae7:0x3bfcce7acc45cfac","Bangkok Hospital Chiang Mai",5,"","อรทัย ชูใหม่","114581178762165981614","https://www.google.com/maps/contrib/114581178762165981614/reviews?hl=en","https://lh3.googleusercontent.com/a-/ALV-UjWQX-vlizJmI4IU5hTe6lU66PeWiJPPC5iXY7ow7snSknhZw54=w36-h36-p-rp-mo-br100",0,0,0,"3 months ago","","newest"
"Ci9DQUlRQUNvZENodHljRjlvT25SaGFHWTVjbXcyZFhKRFVXaElVMHgwUzB0UFVsRRAB","0x30da255ae7380ae7:0x3bfcce7acc45cfac","Bangkok Hospital Chiang Mai",1,"My father experienced severe eye irritation, making it impossible to open his eyes or see clearly, after welding. During the work, he may have been exposed to smoke, chemicals, or the welding light, clearly indicating an unintentional …","Palmy Ly","110027429330436808506","https://www.google.com/maps/contrib/110027429330436808506/reviews?hl=en","https://lh3.googleusercontent.com/a-/ALV-UjUbPQkBfkNjYkwh6GgSgabcvqYAmMSrK2EIFocvFP2Wh7S7kKtX5w=w36-h36-p-rp-mo-ba12-br100",1,14,70,"3 months ago","","newest"
"Ci9DQUlRQUNvZENodHljRjlvT2twNGJWOVBaWGRsVTNSSmFrOTJWM2d0U0RCWmEzYxAB","0x30da255ae7380ae7:0x3bfcce7acc45cfac","Bangkok Hospital Chiang Mai",5,"","Chuan Jichuan Han","115373537133887777209","https://www.google.com/maps/contrib/115373537133887777209/reviews?hl=en","https://lh3.googleusercontent.com/a/ACg8ocIZAr-KHBeN_hA_enSkUOg05O9TEt7aYw9hYQgJRCn5j_5hvSo=w36-h36-p-rp-mo-ba12-br100",1,18,0,"3 months ago","","newest"
"ChZDSUhNMG9nS0VJQ0FnSURxajVDMWFREAE","0x30da255ae7380ae7:0x3bfcce7acc45cfac","Bangkok Hospital Chiang Mai",1,"I had a medical accident.
I asked to show the original medical records, but they refused.
They even manipulated my medical records after accident.
Never let them keep your important medical records.
It was very difficult for me to get medical records after medical accident.
If you had a medical accident, never negotiate with them. They will lie to you constantly (hospital director, supervisor, doctor).
If they recommend re-treatment, never allow it.  And run away from there.
And keep in mind.  Your accident and information are already shared with many outside hospitals.
I'm preparing a lawsuit.
I read google reviews. and I was able to find the medical accident reviews of other patients.
I hope my review will be helpful, too.
You protect by yourself..","Noah","104658998836962013625","https://www.google.com/maps/contrib/104658998836962013625/reviews?hl=en","https://lh3.googleusercontent.com/a/ACg8ocKvWGxISRYpB05gTOfUFgCa8RAAUkiVQzeB7tGzvevV77-8Tw=w36-h36-p-rp-mo-br100",0,3,1,"Edited 3 months ago","","newest"
"Ci9DQUlRQUNvZENodHljRjlvT2xOWGNtMXRjV0pEWlVGTmNGWXpiV2RDYmw5VWNFRRAB","0x30da255ae7380ae7:0x3bfcce7acc45cfac","Bangkok Hospital Chiang Mai",5,"While traveling in Chiang Mai, I accidentally fell, resulting in pain on the inside of my left knee, the front of my right calf, and muscles near my right sternum. I went to the hospital for treatment. The whole process was very quick; …","hoi yan maggie wong","101378412268814212280","https://www.google.com/maps/contrib/101378412268814212280/reviews?hl=en","https://lh3.googleusercontent.com/a-/ALV-UjVl8Ye_EAjeP_VURYtYHSrP6Rj1msgM-hvnOQSKW4gEoqaz40K7=w36-h36-p-rp-mo-br100",0,5,9,"4 months ago","","newest"
